Set parameter WLSAccessID
Set parameter WLSSecret
Set parameter LicenseID to value 2661775
Academic license 2661775 - for non-commercial use only - registered to me___@dcc.ufba.br
Parameter 'method_type' with value 'form' successfully set as form of type <class 'str'>
Parameter 'method_code' with value 'melo_hx' successfully set as melo_hx of type <class 'str'>
Parameter 'seed' with value '0' successfully set as 0 of type <class 'int'>
Parameter 'hx_max_time' with value '3600' successfully set as 3600 of type <class 'int'>
Parameter 'elevator' with value '1' successfully set as 1 of type <class 'int'>
Parameter 'threads' with value '8' successfully set as 8 of type <class 'int'>
Parameter 'print_sol' with value '1' successfully set as 1 of type <class 'int'>
Parameter 'constraints_used_melo_mip_str' with value '1-29' successfully set as 1-29 of type <class 'str'>
Instance: lr103_t1_12R_12V_02F_03M
ParameterData(inst_path='/dados/rmelo/PDPTW-SE/benchmark_multi_floor_v3/official_experiments/mip_hexaly/set_02_pt_01/../../../instances/orig_ams_fg/12R_12V_02F_04M/t1/lr103/', name='lr103', type='t1', group='12R_12V_02F_03M', full_name='lr103_t1_12R_12V_02F_03M', method_type='form', method_code='melo_hx', gen_config_file='/dados/rmelo/PDPTW-SE/benchmark_multi_floor_v3/official_experiments/mip_hexaly/set_02_pt_01/configs/genconfig_melo_hx.conf', gen_config_filename='genconfig_melo_hx', greedy_service_order='tightest_tw', cutoff=0, cutoff_machs=3, solver='Gurobi', max_time=7200, gurobi_cuts=1, type_user_cut=0, mip_presolve=-1, print_sol=1, max_nodes=-1, elevator=1, make_instance_feasible=False, output='/dados/rmelo/PDPTW-SE/benchmark_multi_floor_v3/official_experiments/mip_hexaly/set_02_pt_01/logs', epsilon=0.005, epsilon_cap=0.5, warm_start=False, seed=0, rng=<random.Random object at 0x564c52afcb90>, alpha=0.2, max_iter=1000000, output_flag_grb_mip=0, output_flag_grb_mslp=0, output_flag_grb_lmns=0, mslp_r='M', mslp_a='60', lmns_r='M', lmns_a='60', lmns_repair_time=30.0, lmns_mip_focus=0, lmns_gap_to_bigger_destruction=50, lmns_gap_to_smaller_destruction=95, lmns_weight_shaw_dist_prox=1.0, lmns_weight_shaw_earl_prox=1.0, lmns_weight_shaw_same_route=1.0, lmns_weight_shaw_demand_sim=1.0, lmns_req_r_apply_mip_start=True, lmns_acceptance_criteria='H', lmns_metropolis_temp=100.0, lmns_simulated_annealing_temp=100.0, lmns_simulated_annealing_cool=0.95, mip_max_time=3600, hx_max_time=3600, csv_file_name='', sol_file_name='', timeline_file_name='', grb_file_name='', validate_synchronization=True, constraints_used_melo_mip_str='1-29', constraints_used_melo_mip=None, run_callback_melo_mip=False, mip_heuristics=0.05, threads=8)
Constraints active in melo MIP
1 2 3 4 5 6 7 8 9 10 11 12 13 14 15 16 17 18 19 20 21 22 23 24 25 26 27 28 29 
[Reading Data] Using files at /dados/rmelo/PDPTW-SE/benchmark_multi_floor_v3/official_experiments/mip_hexaly/set_02_pt_01/../../../instances/orig_ams_fg/12R_12V_02F_04M/t1/lr103/
vehicles: [Vehicle(id=0, cap=38), Vehicle(id=1, cap=48), Vehicle(id=2, cap=58), Vehicle(id=3, cap=58), Vehicle(id=4, cap=38), Vehicle(id=5, cap=48), Vehicle(id=6, cap=38), Vehicle(id=7, cap=38), Vehicle(id=8, cap=38), Vehicle(id=9, cap=48), Vehicle(id=10, cap=48), Vehicle(id=11, cap=58)]
vehicle_types: [Vehicle(id=8, cap=38), Vehicle(id=10, cap=48), Vehicle(id=11, cap=58)]
machines: [Machine(id=0, points=[Point(x=33, y=39, z=0), Point(x=33, y=39, z=1)], spd=0.2), Machine(id=1, points=[Point(x=35, y=39, z=0), Point(x=35, y=39, z=1)], spd=0.2), Machine(id=2, points=[Point(x=31, y=39, z=0), Point(x=31, y=39, z=1)], spd=0.2)]
refs: [0, 1, 4, 5, 6, 8, 9, 10, 11, 12, 13, 14, 15, 3, 18, 17, 21, 23, 20, 24, 7, 19, 22, 16, 2, 0]
V: [0, 1, 2, 3, 4, 5, 6, 7, 8, 9, 10, 11, 12, 13, 14, 15, 16, 17, 18, 19, 20, 21, 22, 23, 24]
V_p: [1, 2, 3, 4, 5, 6, 7, 8, 9, 10, 11, 12]
V_d: [13, 14, 15, 16, 17, 18, 19, 20, 21, 22, 23, 24]
V_p_d: [1, 2, 3, 4, 5, 6, 7, 8, 9, 10, 11, 12, 13, 14, 15, 16, 17, 18, 19, 20, 21, 22, 23, 24]
Vprime: [0, 1, 2, 3, 4, 5, 6, 7, 8, 9, 10, 11, 12, 13, 14, 15, 16, 17, 18, 19, 20, 21, 22, 23, 24, 25]
q: [0, 7, 5, 9, 16, 19, 19, 12, 17, 9, 18, 29, 17, -7, -5, -9, -16, -19, -19, -12, -17, -9, -18, -29, -17, 0]
H: [0, 1, 2]
Machine points:
# Machine 0
	Point(x=33, y=39, z=0)
	Point(x=33, y=39, z=1)

# Machine 1
	Point(x=35, y=39, z=0)
	Point(x=35, y=39, z=1)

# Machine 2
	Point(x=31, y=39, z=0)
	Point(x=31, y=39, z=1)

f: [[0 0 0]
 [1 1 1]
 [0 0 0]
 [1 1 1]
 [1 1 1]
 [0 0 0]
 [0 0 0]
 [0 0 0]
 [1 1 1]
 [1 1 1]
 [0 0 0]
 [0 0 0]
 [0 0 0]
 [1 1 1]
 [0 0 0]
 [0 0 0]
 [1 1 1]
 [1 1 1]
 [0 0 0]
 [1 1 1]
 [0 0 0]
 [0 0 0]
 [0 0 0]
 [1 1 1]
 [1 1 1]
 [0 0 0]]
(0, 0, 0) 0.0
(0, 1, 0) 5.0
(1, 0, 0) 5.0
(1, 1, 0) 0.0
(0, 0, 1) 0.0
(0, 1, 1) 5.0
(1, 0, 1) 5.0
(1, 1, 1) 0.0
(0, 0, 2) 0.0
(0, 1, 2) 5.0
(1, 0, 2) 5.0
(1, 1, 2) 0.0
Number of arcs: 201
M:  (0, np.int64(0)) (1, np.int64(88)) (2, np.int64(315)) (3, np.int64(305)) (4, np.int64(283)) (5, np.int64(273)) (6, np.int64(278)) (7, np.int64(241)) (8, np.int64(6))
JOBS in the order of refs (Vprime)
Node 0: Job(id=0, point=Point(x=35, y=35, z=0), dem=0, earl=0, lat=230, servt=0, pid=0, did=0)
Node 1: Job(id=2, point=Point(x=35, y=17, z=1), dem=7, earl=0, lat=202, servt=10, pid=0, did=4)
Node 2: Job(id=7, point=Point(x=20, y=50, z=0), dem=5, earl=0, lat=198, servt=10, pid=0, did=47)
Node 3: Job(id=8, point=Point(x=10, y=43, z=1), dem=9, earl=95, lat=105, servt=10, pid=0, did=46)
Node 4: Job(id=9, point=Point(x=55, y=60, z=1), dem=16, earl=97, lat=107, servt=10, pid=0, did=66)
Node 5: Job(id=12, point=Point(x=50, y=35, z=0), dem=19, earl=0, lat=205, servt=10, pid=0, did=80)
Node 6: Job(id=16, point=Point(x=10, y=20, z=0), dem=19, earl=0, lat=190, servt=10, pid=0, did=61)
Node 7: Job(id=18, point=Point(x=20, y=40, z=0), dem=12, earl=0, lat=204, servt=10, pid=0, did=89)
Node 8: Job(id=19, point=Point(x=15, y=60, z=1), dem=17, earl=0, lat=187, servt=10, pid=0, did=11)
Node 9: Job(id=20, point=Point(x=45, y=65, z=1), dem=9, earl=0, lat=188, servt=10, pid=0, did=51)
Node 10: Job(id=22, point=Point(x=45, y=10, z=0), dem=18, earl=97, lat=107, servt=10, pid=0, did=75)
Node 11: Job(id=23, point=Point(x=55, y=5, z=0), dem=29, earl=68, lat=78, servt=10, pid=0, did=29)
Node 12: Job(id=26, point=Point(x=45, y=30, z=0), dem=17, earl=0, lat=208, servt=10, pid=0, did=3)
Node 13: Job(id=4, point=Point(x=55, y=20, z=1), dem=-7, earl=149, lat=159, servt=10, pid=2, did=0)
Node 14: Job(id=47, point=Point(x=8, y=56, z=0), dem=-5, earl=0, lat=185, servt=10, pid=7, did=0)
Node 15: Job(id=46, point=Point(x=2, y=48, z=0), dem=-9, earl=0, lat=184, servt=10, pid=8, did=0)
Node 16: Job(id=66, point=Point(x=49, y=73, z=1), dem=-16, earl=127, lat=137, servt=10, pid=9, did=0)
Node 17: Job(id=80, point=Point(x=56, y=37, z=1), dem=-19, earl=182, lat=192, servt=10, pid=12, did=0)
Node 18: Job(id=61, point=Point(x=12, y=24, z=0), dem=-19, earl=0, lat=194, servt=10, pid=16, did=0)
Node 19: Job(id=89, point=Point(x=26, y=35, z=1), dem=-12, earl=0, lat=211, servt=10, pid=18, did=0)
Node 20: Job(id=11, point=Point(x=20, y=65, z=0), dem=-17, earl=97, lat=107, servt=10, pid=19, did=0)
Node 21: Job(id=51, point=Point(x=49, y=58, z=0), dem=-9, earl=0, lat=193, servt=10, pid=20, did=0)
Node 22: Job(id=75, point=Point(x=49, y=11, z=0), dem=-18, earl=0, lat=192, servt=10, pid=22, did=0)
Node 23: Job(id=29, point=Point(x=64, y=42, z=1), dem=-29, earl=0, lat=190, servt=10, pid=23, did=0)
Node 24: Job(id=3, point=Point(x=55, y=45, z=1), dem=-17, earl=0, lat=197, servt=10, pid=26, did=0)
Node 25: Job(id=0, point=Point(x=35, y=35, z=0), dem=0, earl=0, lat=230, servt=0, pid=0, did=0)

### Preprocessing Data ###
	-> arcs: 676 (100.0%)
	-> arc_removals: 475 (70.27%)
	-> arc_removals_is_loop: 26 (3.85%)
	-> arc_removals_is_delivery_to_pickup: 14 (2.07%)
	-> arc_removals_is_depot_begin_to_delivery: 12 (1.78%)
	-> arc_removals_is_pickup_to_depot_end: 12 (1.78%)
	-> arc_removals_is_dest_depot_begin: 24 (3.55%)
	-> arc_removals_is_orig_depot_end: 23 (3.4%)
	-> arc_removals_is_capacity_violated: 0 (0.0%)
	-> arc_removals_is_time_window_limited: 185 (27.37%)
	-> arc_removals_is_time_window_pairing_limited: 176 (26.04%)
	-> arc_removals_is_indirect_request_service_impossible: 3 (0.44%)
	-> gamma_vars: 20669 (100.0%)
	-> feas_gamma_vars: 17718 (85.72%)
	-> infeas_gamma_vars_is_next_mtrv_unreachable: 2702 (13.07%)
	-> infeas_gamma_vars_is_iprime_jprime_eq_i_j: 249 (1.2%)
	-> machine_removal_for_an_arc: 3 (0.44%)
##########################

### Model variables summary ###
	-> Total number of variables: 20988
		- x: 2412
		- z: 312
		- t: 24
		- tstart: 12
		- tfinal: 12
		- phi: 249
		- alpha: 249
		- gamma: 17718
	-> Number of binary variables: 20691


[08:03:58] Adding routing constraints
[08:03:58] Adding scheduling constraints
[08:03:59] Adding objective function

Model:  expressions = 291744, decisions = 21000, constraints = 77904, objectives = 1
Param:  time limit = 3600 sec, no iteration limit, nb threads = 8
        seed = 0

[objective direction ]:     minimize

[  0 sec,       0 itr]: No feasible solution found (infeas = 84)
[  1 sec,    3729 itr]: No feasible solution found (infeas = 84)
[  2 sec,   10669 itr]: No feasible solution found (infeas = 84)
[  3 sec,   10669 itr]: No feasible solution found (infeas = 84)
[  4 sec,   16215 itr]: No feasible solution found (infeas = 18)
[  5 sec,   21827 itr]: No feasible solution found (infeas = 18)
[  6 sec,   33009 itr]: No feasible solution found (infeas = 14)
[  7 sec,   33009 itr]: No feasible solution found (infeas = 14)
[  8 sec,   45333 itr]: No feasible solution found (infeas = 14)
[  9 sec,   45333 itr]: No feasible solution found (infeas = 14)
[ 10 sec,   58536 itr]: No feasible solution found (infeas = 14)
[ 11 sec,   64460 itr]: No feasible solution found (infeas = 14)
[ 12 sec,   70619 itr]: No feasible solution found (infeas = 14)
[ 13 sec,   76838 itr]: No feasible solution found (infeas = 14)
[ 14 sec,   82958 itr]: No feasible solution found (infeas = 14)
[ 15 sec,   88390 itr]: No feasible solution found (infeas = 14)
[ 16 sec,   88390 itr]: No feasible solution found (infeas = 14)
[ 17 sec,   94570 itr]: No feasible solution found (infeas = 14)
[ 18 sec,  107194 itr]: No feasible solution found (infeas = 14)
[ 19 sec,  107194 itr]: No feasible solution found (infeas = 14)
[ 20 sec,  119643 itr]: No feasible solution found (infeas = 14)
[ 21 sec,  119643 itr]: No feasible solution found (infeas = 14)
[ 22 sec,  125080 itr]: No feasible solution found (infeas = 14)
[ 23 sec,  130073 itr]: No feasible solution found (infeas = 14)
[ 24 sec,  136179 itr]: No feasible solution found (infeas = 14)
[ 25 sec,  149184 itr]: No feasible solution found (infeas = 14)
[ 26 sec,  149184 itr]: No feasible solution found (infeas = 14)
[ 27 sec,  162058 itr]: No feasible solution found (infeas = 14)
[ 28 sec,  162058 itr]: No feasible solution found (infeas = 14)
[ 29 sec,  174917 itr]: No feasible solution found (infeas = 14)
[ 30 sec,  181790 itr]: No feasible solution found (infeas = 14)
[ 31 sec,  181790 itr]: No feasible solution found (infeas = 14)
[ 32 sec,  187130 itr]: No feasible solution found (infeas = 14)
[ 33 sec,  199393 itr]: No feasible solution found (infeas = 14)
[ 34 sec,  205303 itr]: No feasible solution found (infeas = 14)
[ 35 sec,  211121 itr]: No feasible solution found (infeas = 14)
[ 36 sec,  211121 itr]: No feasible solution found (infeas = 14)
[ 37 sec,  216957 itr]: No feasible solution found (infeas = 14)
[ 38 sec,  229058 itr]: No feasible solution found (infeas = 14)
[ 39 sec,  235380 itr]: No feasible solution found (infeas = 14)
[ 40 sec,  241512 itr]: No feasible solution found (infeas = 14)
[ 41 sec,  247852 itr]: No feasible solution found (infeas = 14)
[ 42 sec,  253536 itr]: No feasible solution found (infeas = 14)
[ 43 sec,  253536 itr]: No feasible solution found (infeas = 14)
[ 44 sec,  259415 itr]: No feasible solution found (infeas = 14)
[ 45 sec,  265334 itr]: No feasible solution found (infeas = 14)
[ 46 sec,  271382 itr]: No feasible solution found (infeas = 14)
[ 47 sec,  276343 itr]: No feasible solution found (infeas = 14)
[ 48 sec,  287369 itr]: No feasible solution found (infeas = 14)
[ 49 sec,  293244 itr]: No feasible solution found (infeas = 14)
[ 50 sec,  299319 itr]: No feasible solution found (infeas = 14)
[ 51 sec,  304788 itr]: No feasible solution found (infeas = 14)
[ 52 sec,  304788 itr]: No feasible solution found (infeas = 14)
[ 53 sec,  310693 itr]: No feasible solution found (infeas = 12)
[ 54 sec,  315511 itr]: No feasible solution found (infeas = 11)
[ 55 sec,  321176 itr]: No feasible solution found (infeas = 11)
[ 56 sec,  327043 itr]: No feasible solution found (infeas = 11)
[ 57 sec,  332487 itr]: No feasible solution found (infeas = 11)
[ 58 sec,  343998 itr]: No feasible solution found (infeas = 11)
[ 59 sec,  349750 itr]: No feasible solution found (infeas = 11)
[ 60 sec,  349750 itr]: No feasible solution found (infeas = 11)
[ 61 sec,  361102 itr]: No feasible solution found (infeas = 11)
[ 62 sec,  366665 itr]: No feasible solution found (infeas = 11)
[ 63 sec,  366665 itr]: No feasible solution found (infeas = 11)
[ 64 sec,  377861 itr]: No feasible solution found (infeas = 11)
[ 65 sec,  383372 itr]: No feasible solution found (infeas = 11)
[ 66 sec,  388612 itr]: No feasible solution found (infeas = 11)
[ 67 sec,  394427 itr]: No feasible solution found (infeas = 11)
[ 68 sec,  394427 itr]: No feasible solution found (infeas = 11)
[ 69 sec,  405915 itr]: No feasible solution found (infeas = 11)
[ 70 sec,  405915 itr]: No feasible solution found (infeas = 11)
[ 71 sec,  410990 itr]: No feasible solution found (infeas = 11)
[ 72 sec,  415816 itr]: No feasible solution found (infeas = 11)
[ 73 sec,  424693 itr]: No feasible solution found (infeas = 11)
[ 74 sec,  429028 itr]: No feasible solution found (infeas = 11)
[ 75 sec,  433624 itr]: No feasible solution found (infeas = 11)
[ 76 sec,  438102 itr]: No feasible solution found (infeas = 11)
[ 77 sec,  442518 itr]: No feasible solution found (infeas = 11)
[ 78 sec,  446795 itr]: No feasible solution found (infeas = 10)
[ 79 sec,  446795 itr]: No feasible solution found (infeas = 10)
[ 80 sec,  455709 itr]: No feasible solution found (infeas = 10)
[ 81 sec,  460151 itr]: No feasible solution found (infeas = 10)
[ 82 sec,  460151 itr]: No feasible solution found (infeas = 10)
[ 83 sec,  469504 itr]: No feasible solution found (infeas = 10)
[ 84 sec,  474264 itr]: No feasible solution found (infeas = 10)
[ 85 sec,  474264 itr]: No feasible solution found (infeas = 10)
[ 86 sec,  483517 itr]: No feasible solution found (infeas = 10)
[ 87 sec,  483517 itr]: No feasible solution found (infeas = 10)
[ 88 sec,  488060 itr]: No feasible solution found (infeas = 10)
[ 89 sec,  497396 itr]: No feasible solution found (infeas = 10)
[ 90 sec,  502191 itr]: No feasible solution found (infeas = 10)
[ 91 sec,  502191 itr]: No feasible solution found (infeas = 10)
[ 92 sec,  511942 itr]: No feasible solution found (infeas = 10)
[ 93 sec,  516973 itr]: No feasible solution found (infeas = 10)
[ 94 sec,  521973 itr]: No feasible solution found (infeas = 10)
[ 95 sec,  521973 itr]: No feasible solution found (infeas = 10)
[ 96 sec,  531618 itr]: No feasible solution found (infeas = 10)
[ 97 sec,  536155 itr]: No feasible solution found (infeas = 10)
[ 98 sec,  540371 itr]: No feasible solution found (infeas = 10)
[ 99 sec,  544875 itr]: No feasible solution found (infeas = 10)
[100 sec,  549820 itr]: No feasible solution found (infeas = 10)
[101 sec,  554790 itr]: No feasible solution found (infeas = 10)
[102 sec,  559763 itr]: No feasible solution found (infeas = 10)
[103 sec,  564613 itr]: No feasible solution found (infeas = 10)
[104 sec,  569157 itr]: No feasible solution found (infeas = 10)
[105 sec,  573680 itr]: No feasible solution found (infeas = 10)
[106 sec,  578002 itr]: No feasible solution found (infeas = 10)
[107 sec,  581968 itr]: No feasible solution found (infeas = 10)
[108 sec,  585764 itr]: No feasible solution found (infeas = 10)
[109 sec,  585764 itr]: No feasible solution found (infeas = 10)
[110 sec,  593368 itr]: No feasible solution found (infeas = 10)
[111 sec,  593368 itr]: No feasible solution found (infeas = 10)
[112 sec,  600882 itr]: No feasible solution found (infeas = 10)
[113 sec,  604455 itr]: No feasible solution found (infeas = 10)
[114 sec,  608075 itr]: No feasible solution found (infeas = 10)
[115 sec,  608075 itr]: No feasible solution found (infeas = 10)
[116 sec,  615140 itr]: No feasible solution found (infeas = 10)
[117 sec,  615140 itr]: No feasible solution found (infeas = 10)
[118 sec,  618662 itr]: No feasible solution found (infeas = 10)
[119 sec,  622191 itr]: No feasible solution found (infeas = 10)
[120 sec,  629294 itr]: No feasible solution found (infeas = 10)
[121 sec,  632954 itr]: No feasible solution found (infeas = 10)
[122 sec,  632954 itr]: No feasible solution found (infeas = 10)
[123 sec,  640335 itr]: No feasible solution found (infeas = 10)
[124 sec,  640335 itr]: No feasible solution found (infeas = 10)
[125 sec,  647419 itr]: No feasible solution found (infeas = 10)
[126 sec,  651482 itr]: No feasible solution found (infeas = 10)
[127 sec,  651482 itr]: No feasible solution found (infeas = 10)
[128 sec,  655356 itr]: No feasible solution found (infeas = 10)
[129 sec,  663234 itr]: No feasible solution found (infeas = 10)
[130 sec,  667030 itr]: No feasible solution found (infeas = 10)
[131 sec,  670901 itr]: No feasible solution found (infeas = 10)
[132 sec,  674507 itr]: No feasible solution found (infeas = 10)
[133 sec,  678107 itr]: No feasible solution found (infeas = 10)
[134 sec,  681616 itr]: No feasible solution found (infeas = 10)
[135 sec,  681616 itr]: No feasible solution found (infeas = 10)
[136 sec,  688536 itr]: No feasible solution found (infeas = 10)
[137 sec,  688536 itr]: No feasible solution found (infeas = 10)
[138 sec,  695362 itr]: No feasible solution found (infeas = 10)
[139 sec,  695362 itr]: No feasible solution found (infeas = 10)
[140 sec,  698834 itr]: No feasible solution found (infeas = 10)
[141 sec,  702174 itr]: No feasible solution found (infeas = 10)
[142 sec,  709113 itr]: No feasible solution found (infeas = 10)
[143 sec,  712556 itr]: No feasible solution found (infeas = 10)
[144 sec,  715981 itr]: No feasible solution found (infeas = 10)
[145 sec,  715981 itr]: No feasible solution found (infeas = 10)
[146 sec,  722881 itr]: No feasible solution found (infeas = 10)
[147 sec,  722881 itr]: No feasible solution found (infeas = 10)
[148 sec,  729898 itr]: No feasible solution found (infeas = 10)
[149 sec,  733767 itr]: No feasible solution found (infeas = 10)
[150 sec,  733767 itr]: No feasible solution found (infeas = 10)
[151 sec,  741106 itr]: No feasible solution found (infeas = 10)
[152 sec,  741106 itr]: No feasible solution found (infeas = 10)
[153 sec,  748160 itr]: No feasible solution found (infeas = 10)
[154 sec,  751723 itr]: No feasible solution found (infeas = 10)
[155 sec,  755441 itr]: No feasible solution found (infeas = 10)
[156 sec,  758958 itr]: No feasible solution found (infeas = 10)
[157 sec,  762435 itr]: No feasible solution found (infeas = 10)
[158 sec,  762435 itr]: No feasible solution found (infeas = 10)
[159 sec,  765922 itr]: No feasible solution found (infeas = 10)
[160 sec,  772942 itr]: No feasible solution found (infeas = 10)
[161 sec,  772942 itr]: No feasible solution found (infeas = 10)
[162 sec,  779929 itr]: No feasible solution found (infeas = 10)
[163 sec,  779929 itr]: No feasible solution found (infeas = 10)
[164 sec,  786791 itr]: No feasible solution found (infeas = 10)
[165 sec,  790184 itr]: No feasible solution found (infeas = 10)
[166 sec,  790184 itr]: No feasible solution found (infeas = 10)
[167 sec,  793568 itr]: No feasible solution found (infeas = 10)
[168 sec,  797075 itr]: No feasible solution found (infeas = 10)
[169 sec,  804090 itr]: No feasible solution found (infeas = 10)
[170 sec,  807532 itr]: No feasible solution found (infeas = 10)
[171 sec,  807532 itr]: No feasible solution found (infeas = 10)
[172 sec,  811000 itr]: No feasible solution found (infeas = 10)
[173 sec,  818101 itr]: No feasible solution found (infeas = 10)
[174 sec,  821567 itr]: No feasible solution found (infeas = 10)
[175 sec,  825088 itr]: No feasible solution found (infeas = 10)
[176 sec,  825088 itr]: No feasible solution found (infeas = 10)
[177 sec,  828573 itr]: No feasible solution found (infeas = 10)
[178 sec,  835726 itr]: No feasible solution found (infeas = 10)
[179 sec,  839001 itr]: No feasible solution found (infeas = 10)
[180 sec,  842228 itr]: No feasible solution found (infeas = 10)
[181 sec,  845473 itr]: No feasible solution found (infeas = 10)
[182 sec,  848699 itr]: No feasible solution found (infeas = 10)
[183 sec,  852101 itr]: No feasible solution found (infeas = 10)
[184 sec,  852101 itr]: No feasible solution found (infeas = 10)
[185 sec,  858750 itr]: No feasible solution found (infeas = 10)
[186 sec,  858750 itr]: No feasible solution found (infeas = 10)
[187 sec,  865247 itr]: No feasible solution found (infeas = 10)
[188 sec,  868636 itr]: No feasible solution found (infeas = 10)
[189 sec,  872119 itr]: No feasible solution found (infeas = 10)
[190 sec,  875509 itr]: No feasible solution found (infeas = 10)
[191 sec,  879022 itr]: No feasible solution found (infeas = 10)
[192 sec,  882536 itr]: No feasible solution found (infeas = 10)
[193 sec,  882536 itr]: No feasible solution found (infeas = 10)
[194 sec,  889373 itr]: No feasible solution found (infeas = 10)
[195 sec,  892843 itr]: No feasible solution found (infeas = 10)
[196 sec,  896108 itr]: No feasible solution found (infeas = 10)
[197 sec,  896108 itr]: No feasible solution found (infeas = 10)
[198 sec,  899271 itr]: No feasible solution found (infeas = 10)
[199 sec,  906388 itr]: No feasible solution found (infeas = 10)
[200 sec,  909851 itr]: No feasible solution found (infeas = 10)
[201 sec,  909851 itr]: No feasible solution found (infeas = 10)
[202 sec,  916681 itr]: No feasible solution found (infeas = 10)
[203 sec,  920125 itr]: No feasible solution found (infeas = 10)
[204 sec,  920125 itr]: No feasible solution found (infeas = 10)
[205 sec,  927422 itr]: No feasible solution found (infeas = 10)
[206 sec,  930966 itr]: No feasible solution found (infeas = 10)
[207 sec,  930966 itr]: No feasible solution found (infeas = 10)
[208 sec,  934550 itr]: No feasible solution found (infeas = 10)
[209 sec,  938405 itr]: No feasible solution found (infeas = 10)
[210 sec,  945983 itr]: No feasible solution found (infeas = 10)
[211 sec,  949746 itr]: No feasible solution found (infeas = 10)
[212 sec,  953420 itr]: No feasible solution found (infeas = 10)
[213 sec,  957034 itr]: No feasible solution found (infeas = 10)
[214 sec,  960678 itr]: No feasible solution found (infeas = 10)
[215 sec,  964170 itr]: No feasible solution found (infeas = 10)
[216 sec,  967804 itr]: No feasible solution found (infeas = 10)
[217 sec,  967804 itr]: No feasible solution found (infeas = 10)
[218 sec,  974963 itr]: No feasible solution found (infeas = 10)
[219 sec,  974963 itr]: No feasible solution found (infeas = 10)
[220 sec,  982410 itr]: No feasible solution found (infeas = 10)
[221 sec,  982410 itr]: No feasible solution found (infeas = 10)
[222 sec,  990163 itr]: No feasible solution found (infeas = 10)
[223 sec,  994212 itr]: No feasible solution found (infeas = 10)
[224 sec,  994212 itr]: No feasible solution found (infeas = 10)
[225 sec, 1002045 itr]: No feasible solution found (infeas = 10)
[226 sec, 1005899 itr]: No feasible solution found (infeas = 10)
[227 sec, 1009676 itr]: No feasible solution found (infeas = 10)
[228 sec, 1013610 itr]: No feasible solution found (infeas = 10)
[229 sec, 1017501 itr]: No feasible solution found (infeas = 10)
[230 sec, 1021306 itr]: No feasible solution found (infeas = 10)
[231 sec, 1021306 itr]: No feasible solution found (infeas = 10)
[232 sec, 1024929 itr]: No feasible solution found (infeas = 10)
[233 sec, 1028707 itr]: No feasible solution found (infeas = 10)
[234 sec, 1032597 itr]: No feasible solution found (infeas = 10)
[235 sec, 1036360 itr]: No feasible solution found (infeas = 10)
[236 sec, 1039873 itr]: No feasible solution found (infeas = 10)
[237 sec, 1043436 itr]: No feasible solution found (infeas = 10)
[238 sec, 1050479 itr]: No feasible solution found (infeas = 10)
[239 sec, 1050479 itr]: No feasible solution found (infeas = 10)
[240 sec, 1057700 itr]: No feasible solution found (infeas = 10)
[241 sec, 1061337 itr]: No feasible solution found (infeas = 10)
[242 sec, 1065014 itr]: No feasible solution found (infeas = 10)
[243 sec, 1068583 itr]: No feasible solution found (infeas = 10)
[244 sec, 1068583 itr]: No feasible solution found (infeas = 10)
[245 sec, 1072193 itr]: No feasible solution found (infeas = 10)
[246 sec, 1075997 itr]: No feasible solution found (infeas = 10)
[247 sec, 1083303 itr]: No feasible solution found (infeas = 10)
[248 sec, 1083303 itr]: No feasible solution found (infeas = 10)
[249 sec, 1090414 itr]: No feasible solution found (infeas = 10)
[250 sec, 1094077 itr]: No feasible solution found (infeas = 10)
[251 sec, 1094077 itr]: No feasible solution found (infeas = 10)
[252 sec, 1097484 itr]: No feasible solution found (infeas = 10)
[253 sec, 1101028 itr]: No feasible solution found (infeas = 10)
[254 sec, 1108459 itr]: No feasible solution found (infeas = 10)
[255 sec, 1112179 itr]: No feasible solution found (infeas = 10)
[256 sec, 1112179 itr]: No feasible solution found (infeas = 10)
[257 sec, 1115870 itr]: No feasible solution found (infeas = 10)
[258 sec, 1119554 itr]: No feasible solution found (infeas = 10)
[259 sec, 1123265 itr]: No feasible solution found (infeas = 10)
[260 sec, 1130807 itr]: No feasible solution found (infeas = 10)
[261 sec, 1134406 itr]: No feasible solution found (infeas = 10)
[262 sec, 1134406 itr]: No feasible solution found (infeas = 10)
[263 sec, 1141369 itr]: No feasible solution found (infeas = 10)
[264 sec, 1144840 itr]: No feasible solution found (infeas = 10)
[265 sec, 1144840 itr]: No feasible solution found (infeas = 10)
[266 sec, 1151904 itr]: No feasible solution found (infeas = 10)
[267 sec, 1155556 itr]: No feasible solution found (infeas = 10)
[268 sec, 1155556 itr]: No feasible solution found (infeas = 10)
[269 sec, 1162481 itr]: No feasible solution found (infeas = 10)
[270 sec, 1162481 itr]: No feasible solution found (infeas = 10)
[271 sec, 1169772 itr]: No feasible solution found (infeas = 10)
[272 sec, 1169772 itr]: No feasible solution found (infeas = 10)
[273 sec, 1177474 itr]: No feasible solution found (infeas = 10)
[274 sec, 1181434 itr]: No feasible solution found (infeas = 10)
[275 sec, 1181434 itr]: No feasible solution found (infeas = 10)
[276 sec, 1185509 itr]: No feasible solution found (infeas = 10)
[277 sec, 1189041 itr]: No feasible solution found (infeas = 10)
[278 sec, 1196425 itr]: No feasible solution found (infeas = 10)
[279 sec, 1200453 itr]: No feasible solution found (infeas = 10)
[280 sec, 1204288 itr]: No feasible solution found (infeas = 10)
[281 sec, 1208296 itr]: No feasible solution found (infeas = 10)
[282 sec, 1212199 itr]: No feasible solution found (infeas = 10)
[283 sec, 1212199 itr]: No feasible solution found (infeas = 10)
[284 sec, 1215979 itr]: No feasible solution found (infeas = 10)
[285 sec, 1223407 itr]: No feasible solution found (infeas = 10)
[286 sec, 1226896 itr]: No feasible solution found (infeas = 10)
[287 sec, 1230522 itr]: No feasible solution found (infeas = 10)
[288 sec, 1234151 itr]: No feasible solution found (infeas = 10)
[289 sec, 1238112 itr]: No feasible solution found (infeas = 10)
[290 sec, 1238112 itr]: No feasible solution found (infeas = 10)
[291 sec, 1242159 itr]: No feasible solution found (infeas = 10)
[292 sec, 1249483 itr]: No feasible solution found (infeas = 10)
[293 sec, 1253226 itr]: No feasible solution found (infeas = 10)
[294 sec, 1256781 itr]: No feasible solution found (infeas = 10)
[295 sec, 1256781 itr]: No feasible solution found (infeas = 10)
[296 sec, 1260405 itr]: No feasible solution found (infeas = 10)
[297 sec, 1263901 itr]: No feasible solution found (infeas = 10)
[298 sec, 1267414 itr]: No feasible solution found (infeas = 10)
[299 sec, 1274295 itr]: No feasible solution found (infeas = 10)
[300 sec, 1277769 itr]: No feasible solution found (infeas = 10)
[301 sec, 1277769 itr]: No feasible solution found (infeas = 10)
[302 sec, 1281383 itr]: No feasible solution found (infeas = 10)
[303 sec, 1285154 itr]: No feasible solution found (infeas = 10)
[304 sec, 1292506 itr]: No feasible solution found (infeas = 10)
[305 sec, 1295837 itr]: No feasible solution found (infeas = 10)
[306 sec, 1299309 itr]: No feasible solution found (infeas = 10)
[307 sec, 1302747 itr]: No feasible solution found (infeas = 10)
[308 sec, 1306406 itr]: No feasible solution found (infeas = 10)
[309 sec, 1309997 itr]: No feasible solution found (infeas = 10)
[310 sec, 1309997 itr]: No feasible solution found (infeas = 10)
[311 sec, 1317690 itr]: No feasible solution found (infeas = 10)
[312 sec, 1321699 itr]: No feasible solution found (infeas = 10)
[313 sec, 1325266 itr]: No feasible solution found (infeas = 10)
[314 sec, 1329005 itr]: No feasible solution found (infeas = 10)
[315 sec, 1332671 itr]: No feasible solution found (infeas = 10)
[316 sec, 1336194 itr]: No feasible solution found (infeas = 10)
[317 sec, 1336194 itr]: No feasible solution found (infeas = 10)
[318 sec, 1339675 itr]: No feasible solution found (infeas = 10)
[319 sec, 1343095 itr]: No feasible solution found (infeas = 10)
[320 sec, 1349786 itr]: No feasible solution found (infeas = 10)
[321 sec, 1353054 itr]: No feasible solution found (infeas = 10)
[322 sec, 1356233 itr]: No feasible solution found (infeas = 10)
[323 sec, 1356233 itr]: No feasible solution found (infeas = 10)
[324 sec, 1363226 itr]: No feasible solution found (infeas = 10)
[325 sec, 1363226 itr]: No feasible solution found (infeas = 10)
[326 sec, 1369686 itr]: No feasible solution found (infeas = 10)
[327 sec, 1373221 itr]: No feasible solution found (infeas = 10)
[328 sec, 1376872 itr]: No feasible solution found (infeas = 10)
[329 sec, 1380364 itr]: No feasible solution found (infeas = 10)
[330 sec, 1380364 itr]: No feasible solution found (infeas = 10)
[331 sec, 1383765 itr]: No feasible solution found (infeas = 10)
[332 sec, 1387263 itr]: No feasible solution found (infeas = 10)
[333 sec, 1394245 itr]: No feasible solution found (infeas = 10)
[334 sec, 1394245 itr]: No feasible solution found (infeas = 10)
[335 sec, 1397654 itr]: No feasible solution found (infeas = 10)
[336 sec, 1404621 itr]: No feasible solution found (infeas = 10)
[337 sec, 1408057 itr]: No feasible solution found (infeas = 10)
[338 sec, 1408057 itr]: No feasible solution found (infeas = 10)
[339 sec, 1415129 itr]: No feasible solution found (infeas = 10)
[340 sec, 1415129 itr]: No feasible solution found (infeas = 10)
[341 sec, 1422574 itr]: No feasible solution found (infeas = 10)
[342 sec, 1426003 itr]: No feasible solution found (infeas = 10)
[343 sec, 1429389 itr]: No feasible solution found (infeas = 10)
[344 sec, 1433011 itr]: No feasible solution found (infeas = 10)
[345 sec, 1436544 itr]: No feasible solution found (infeas = 10)
[346 sec, 1440181 itr]: No feasible solution found (infeas = 10)
[347 sec, 1443809 itr]: No feasible solution found (infeas = 10)
[348 sec, 1447212 itr]: No feasible solution found (infeas = 10)
[349 sec, 1450690 itr]: No feasible solution found (infeas = 10)
[350 sec, 1450690 itr]: No feasible solution found (infeas = 10)
[351 sec, 1457591 itr]: No feasible solution found (infeas = 10)
[352 sec, 1457591 itr]: No feasible solution found (infeas = 10)
[353 sec, 1464585 itr]: No feasible solution found (infeas = 10)
[354 sec, 1468248 itr]: No feasible solution found (infeas = 10)
[355 sec, 1471474 itr]: No feasible solution found (infeas = 10)
[356 sec, 1471474 itr]: No feasible solution found (infeas = 10)
[357 sec, 1478833 itr]: No feasible solution found (infeas = 10)
[358 sec, 1482643 itr]: No feasible solution found (infeas = 10)
[359 sec, 1482643 itr]: No feasible solution found (infeas = 10)
[360 sec, 1486306 itr]: No feasible solution found (infeas = 10)
[361 sec, 1490003 itr]: No feasible solution found (infeas = 10)
[362 sec, 1497341 itr]: No feasible solution found (infeas = 10)
[363 sec, 1500965 itr]: No feasible solution found (infeas = 10)
[364 sec, 1500965 itr]: No feasible solution found (infeas = 10)
[365 sec, 1508509 itr]: No feasible solution found (infeas = 10)
[366 sec, 1508509 itr]: No feasible solution found (infeas = 10)
[367 sec, 1512135 itr]: No feasible solution found (infeas = 10)
[368 sec, 1515755 itr]: No feasible solution found (infeas = 10)
[369 sec, 1519334 itr]: No feasible solution found (infeas = 10)
[370 sec, 1522953 itr]: No feasible solution found (infeas = 10)
[371 sec, 1526573 itr]: No feasible solution found (infeas = 10)
[372 sec, 1530293 itr]: No feasible solution found (infeas = 10)
[373 sec, 1537599 itr]: No feasible solution found (infeas = 10)
[374 sec, 1537599 itr]: No feasible solution found (infeas = 10)
[375 sec, 1541047 itr]: No feasible solution found (infeas = 10)
[376 sec, 1544370 itr]: No feasible solution found (infeas = 10)
[377 sec, 1547645 itr]: No feasible solution found (infeas = 10)
[378 sec, 1554104 itr]: No feasible solution found (infeas = 10)
[379 sec, 1554104 itr]: No feasible solution found (infeas = 10)
[380 sec, 1557266 itr]: No feasible solution found (infeas = 10)
[381 sec, 1560668 itr]: No feasible solution found (infeas = 10)
[382 sec, 1567391 itr]: No feasible solution found (infeas = 10)
[383 sec, 1570688 itr]: No feasible solution found (infeas = 10)
[384 sec, 1573882 itr]: No feasible solution found (infeas = 10)
[385 sec, 1573882 itr]: No feasible solution found (infeas = 10)
[386 sec, 1577256 itr]: No feasible solution found (infeas = 10)
[387 sec, 1580550 itr]: No feasible solution found (infeas = 10)
[388 sec, 1583743 itr]: No feasible solution found (infeas = 10)
[389 sec, 1587072 itr]: No feasible solution found (infeas = 10)
[390 sec, 1590494 itr]: No feasible solution found (infeas = 10)
[391 sec, 1593773 itr]: No feasible solution found (infeas = 10)
[392 sec, 1597183 itr]: No feasible solution found (infeas = 10)
[393 sec, 1600429 itr]: No feasible solution found (infeas = 10)
[394 sec, 1603704 itr]: No feasible solution found (infeas = 10)
[395 sec, 1610267 itr]: No feasible solution found (infeas = 10)
[396 sec, 1613559 itr]: No feasible solution found (infeas = 10)
[397 sec, 1613559 itr]: No feasible solution found (infeas = 10)
[398 sec, 1620281 itr]: No feasible solution found (infeas = 10)
[399 sec, 1620281 itr]: No feasible solution found (infeas = 10)
[400 sec, 1623594 itr]: No feasible solution found (infeas = 10)
[401 sec, 1627004 itr]: No feasible solution found (infeas = 10)
[402 sec, 1630388 itr]: No feasible solution found (infeas = 10)
[403 sec, 1633780 itr]: No feasible solution found (infeas = 10)
[404 sec, 1637169 itr]: No feasible solution found (infeas = 10)
[405 sec, 1640418 itr]: No feasible solution found (infeas = 10)
[406 sec, 1647030 itr]: No feasible solution found (infeas = 10)
[407 sec, 1647030 itr]: No feasible solution found (infeas = 10)
[408 sec, 1650512 itr]: No feasible solution found (infeas = 10)
[409 sec, 1657353 itr]: No feasible solution found (infeas = 10)
[410 sec, 1660777 itr]: No feasible solution found (infeas = 10)
[411 sec, 1660777 itr]: No feasible solution found (infeas = 10)
[412 sec, 1664151 itr]: No feasible solution found (infeas = 10)
[413 sec, 1667654 itr]: No feasible solution found (infeas = 10)
[414 sec, 1674975 itr]: No feasible solution found (infeas = 10)
[415 sec, 1674975 itr]: No feasible solution found (infeas = 10)
[416 sec, 1678676 itr]: No feasible solution found (infeas = 10)
[417 sec, 1682221 itr]: No feasible solution found (infeas = 10)
[418 sec, 1685638 itr]: No feasible solution found (infeas = 10)
[419 sec, 1689180 itr]: No feasible solution found (infeas = 10)
[420 sec, 1696194 itr]: No feasible solution found (infeas = 10)
[421 sec, 1696194 itr]: No feasible solution found (infeas = 10)
[422 sec, 1703277 itr]: No feasible solution found (infeas = 10)
[423 sec, 1703277 itr]: No feasible solution found (infeas = 10)
[424 sec, 1706955 itr]: No feasible solution found (infeas = 10)
[425 sec, 1710509 itr]: No feasible solution found (infeas = 10)
[426 sec, 1717595 itr]: No feasible solution found (infeas = 10)
[427 sec, 1717595 itr]: No feasible solution found (infeas = 10)
[428 sec, 1721207 itr]: No feasible solution found (infeas = 10)
[429 sec, 1724688 itr]: No feasible solution found (infeas = 10)
[430 sec, 1728186 itr]: No feasible solution found (infeas = 10)
[431 sec, 1731736 itr]: No feasible solution found (infeas = 10)
[432 sec, 1735264 itr]: No feasible solution found (infeas = 10)
[433 sec, 1738872 itr]: No feasible solution found (infeas = 10)
[434 sec, 1742395 itr]: No feasible solution found (infeas = 10)
[435 sec, 1749501 itr]: No feasible solution found (infeas = 10)
[436 sec, 1749501 itr]: No feasible solution found (infeas = 10)
[437 sec, 1756450 itr]: No feasible solution found (infeas = 10)
[438 sec, 1759881 itr]: No feasible solution found (infeas = 10)
[439 sec, 1759881 itr]: No feasible solution found (infeas = 10)
[440 sec, 1763324 itr]: No feasible solution found (infeas = 10)
[441 sec, 1766999 itr]: No feasible solution found (infeas = 10)
[442 sec, 1774264 itr]: No feasible solution found (infeas = 10)
[443 sec, 1774264 itr]: No feasible solution found (infeas = 10)
[444 sec, 1777847 itr]: No feasible solution found (infeas = 10)
[445 sec, 1781433 itr]: No feasible solution found (infeas = 10)
[446 sec, 1788529 itr]: No feasible solution found (infeas = 10)
[447 sec, 1792104 itr]: No feasible solution found (infeas = 10)
[448 sec, 1795597 itr]: No feasible solution found (infeas = 10)
[449 sec, 1795597 itr]: No feasible solution found (infeas = 10)
[450 sec, 1799142 itr]: No feasible solution found (infeas = 10)
[451 sec, 1802696 itr]: No feasible solution found (infeas = 10)
[452 sec, 1806326 itr]: No feasible solution found (infeas = 10)
[453 sec, 1809742 itr]: No feasible solution found (infeas = 10)
[454 sec, 1813163 itr]: No feasible solution found (infeas = 9)
[455 sec, 1816602 itr]: No feasible solution found (infeas = 9)
[456 sec, 1823424 itr]: No feasible solution found (infeas = 9)
[457 sec, 1823424 itr]: No feasible solution found (infeas = 9)
[458 sec, 1827103 itr]: No feasible solution found (infeas = 9)
[459 sec, 1833510 itr]: No feasible solution found (infeas = 9)
[460 sec, 1833510 itr]: No feasible solution found (infeas = 9)
[461 sec, 1840214 itr]: No feasible solution found (infeas = 6)
[462 sec, 1840214 itr]: No feasible solution found (infeas = 6)
[463 sec, 1844750 itr]: No feasible solution found (infeas = 6)
[464 sec, 1853844 itr]: No feasible solution found (infeas = 6)
[465 sec, 1853844 itr]: No feasible solution found (infeas = 6)
[466 sec, 1858280 itr]: No feasible solution found (infeas = 6)
[467 sec, 1866897 itr]: No feasible solution found (infeas = 6)
[468 sec, 1870891 itr]: No feasible solution found (infeas = 6)
[469 sec, 1870891 itr]: No feasible solution found (infeas = 6)
[470 sec, 1878558 itr]: No feasible solution found (infeas = 6)
[471 sec, 1882706 itr]: No feasible solution found (infeas = 6)
[472 sec, 1882706 itr]: No feasible solution found (infeas = 6)
[473 sec, 1891059 itr]: No feasible solution found (infeas = 6)
[474 sec, 1891059 itr]: No feasible solution found (infeas = 6)
[475 sec, 1895443 itr]: No feasible solution found (infeas = 6)
[476 sec, 1899757 itr]: No feasible solution found (infeas = 6)
[477 sec, 1904203 itr]: No feasible solution found (infeas = 6)
[478 sec, 1908823 itr]: No feasible solution found (infeas = 6)
[479 sec, 1913171 itr]: No feasible solution found (infeas = 6)
[480 sec, 1917307 itr]: No feasible solution found (infeas = 6)
[481 sec, 1921818 itr]: No feasible solution found (infeas = 6)
[482 sec, 1930724 itr]: No feasible solution found (infeas = 6)
[483 sec, 1930724 itr]: No feasible solution found (infeas = 6)
[484 sec, 1935025 itr]: No feasible solution found (infeas = 6)
[485 sec, 1939329 itr]: No feasible solution found (infeas = 6)
[486 sec, 1943676 itr]: No feasible solution found (infeas = 6)
[487 sec, 1947755 itr]: No feasible solution found (infeas = 6)
[488 sec, 1951916 itr]: No feasible solution found (infeas = 6)
[489 sec, 1956108 itr]: No feasible solution found (infeas = 6)
[490 sec, 1960031 itr]: No feasible solution found (infeas = 6)
[491 sec, 1968318 itr]: No feasible solution found (infeas = 6)
[492 sec, 1968318 itr]: No feasible solution found (infeas = 6)
[493 sec, 1972681 itr]: No feasible solution found (infeas = 6)
[494 sec, 1980607 itr]: No feasible solution found (infeas = 6)
[495 sec, 1980607 itr]: No feasible solution found (infeas = 6)
[496 sec, 1984584 itr]: No feasible solution found (infeas = 6)
[497 sec, 1988811 itr]: No feasible solution found (infeas = 6)
[498 sec, 1992980 itr]: No feasible solution found (infeas = 6)
[499 sec, 1997026 itr]: No feasible solution found (infeas = 6)
[500 sec, 2004976 itr]: No feasible solution found (infeas = 6)
[501 sec, 2004976 itr]: No feasible solution found (infeas = 6)
[502 sec, 2008844 itr]: No feasible solution found (infeas = 6)
[503 sec, 2012887 itr]: No feasible solution found (infeas = 6)
[504 sec, 2016796 itr]: No feasible solution found (infeas = 6)
[505 sec, 2020839 itr]: No feasible solution found (infeas = 6)
[506 sec, 2025016 itr]: No feasible solution found (infeas = 6)
[507 sec, 2029095 itr]:      1225.74
[ optimality gap     ]:      100.00%
[508 sec, 2033134 itr]:      1225.74
[509 sec, 2035614 itr]:      1225.74
[510 sec, 2037771 itr]:      1225.74
[511 sec, 2040003 itr]:      1225.74
[512 sec, 2042653 itr]:      1225.74
[513 sec, 2045798 itr]:      1225.67
[514 sec, 2050558 itr]:      1223.77
[515 sec, 2050558 itr]:      1223.77
[516 sec, 2053329 itr]:      1223.77
[517 sec, 2056690 itr]:      1223.77
[ optimality gap     ]:      100.00%
[518 sec, 2058687 itr]:      1223.77
[519 sec, 2061298 itr]:      1223.77
[520 sec, 2064119 itr]:      1223.77
[521 sec, 2066826 itr]:      1223.77
[522 sec, 2069069 itr]:      1223.77
[523 sec, 2072110 itr]:      1223.77
[524 sec, 2074527 itr]:      1223.77
[525 sec, 2077971 itr]:      1223.77
[526 sec, 2080940 itr]:      1221.84
[527 sec, 2087369 itr]:      1221.84
[ optimality gap     ]:      100.00%
[528 sec, 2087369 itr]:      1221.84
[529 sec, 2090398 itr]:      1221.79
[530 sec, 2094085 itr]:      1221.78
[531 sec, 2097076 itr]:      1221.78
[532 sec, 2099767 itr]:      1221.78
[533 sec, 2101065 itr]:      1221.78
[534 sec, 2101065 itr]:      1221.78
[535 sec, 2103901 itr]:      1221.77
[536 sec, 2105786 itr]:      1221.77
[537 sec, 2110095 itr]:      1221.77
[ optimality gap     ]:      100.00%
[538 sec, 2112347 itr]:      1221.77
[539 sec, 2115458 itr]:      1221.77
[540 sec, 2118072 itr]:      1221.77
[541 sec, 2120428 itr]:      1221.77
[542 sec, 2122804 itr]:      1221.77
[543 sec, 2125186 itr]:      1221.77
[544 sec, 2128052 itr]:      1221.77
[545 sec, 2133247 itr]:      1221.77
[546 sec, 2133247 itr]:      1221.77
[547 sec, 2139030 itr]:      1221.77
[ optimality gap     ]:      100.00%
[548 sec, 2139030 itr]:      1221.77
[549 sec, 2141144 itr]:      1221.77
[550 sec, 2143066 itr]:      1221.77
[551 sec, 2147509 itr]:      1221.77
[552 sec, 2151123 itr]:      1221.77
[553 sec, 2153382 itr]:      1221.77
[554 sec, 2156746 itr]:      1221.77
[555 sec, 2160289 itr]:      1221.77
[556 sec, 2163187 itr]:      1221.77
[557 sec, 2165872 itr]:      1221.77
[ optimality gap     ]:      100.00%
[558 sec, 2168526 itr]:      1221.77
[559 sec, 2171255 itr]:      1221.77
[560 sec, 2174072 itr]:      1221.77
[561 sec, 2174815 itr]:      1221.77
[562 sec, 2176934 itr]:      1221.77
[563 sec, 2180785 itr]:      1221.77
[564 sec, 2184051 itr]:      1221.77
[565 sec, 2186484 itr]:      1221.77
[566 sec, 2189402 itr]:      1221.77
[567 sec, 2190982 itr]:      1221.77
[ optimality gap     ]:      100.00%
[568 sec, 2194480 itr]:      1221.77
[569 sec, 2196786 itr]:      1221.77
[570 sec, 2198795 itr]:      1221.77
[571 sec, 2202153 itr]:      1221.77
[572 sec, 2205199 itr]:      1221.77
[573 sec, 2207481 itr]:      1221.77
[574 sec, 2210707 itr]:      1221.77
[575 sec, 2214362 itr]:      1221.77
[576 sec, 2217455 itr]:      1221.77
[577 sec, 2219835 itr]:      1221.77
[ optimality gap     ]:      100.00%
[578 sec, 2222006 itr]:      1221.77
[579 sec, 2223024 itr]:      1221.77
[580 sec, 2224647 itr]:      1221.77
[581 sec, 2226779 itr]:      1221.77
[582 sec, 2227327 itr]:      1221.77
[583 sec, 2229854 itr]:      1221.77
[584 sec, 2232092 itr]:      1221.77
[585 sec, 2234013 itr]:      1221.77
[586 sec, 2237861 itr]:      1221.77
[587 sec, 2239494 itr]:      1221.77
[ optimality gap     ]:      100.00%
[588 sec, 2243325 itr]:      1221.77
[589 sec, 2246562 itr]:      1221.77
[590 sec, 2248925 itr]:      1221.77
[591 sec, 2250760 itr]:      1221.77
[592 sec, 2253501 itr]:      1221.77
[593 sec, 2256549 itr]:      1221.77
[594 sec, 2259022 itr]:      1221.77
[595 sec, 2261099 itr]:      1221.77
[596 sec, 2263976 itr]:      1221.77
[597 sec, 2267000 itr]:      1221.77
[ optimality gap     ]:      100.00%
[598 sec, 2269597 itr]:      1221.77
[599 sec, 2271072 itr]:      1221.77
[600 sec, 2272580 itr]:      1221.77
[601 sec, 2275395 itr]:      1221.77
[602 sec, 2276891 itr]:      1221.77
[603 sec, 2281213 itr]:      1217.16
[604 sec, 2285191 itr]:      1217.16
[605 sec, 2285191 itr]:      1217.16
[606 sec, 2291985 itr]:      1217.16
[607 sec, 2295230 itr]:      1217.16
[ optimality gap     ]:      100.00%
[608 sec, 2295230 itr]:      1217.16
[609 sec, 2299774 itr]:      1217.16
[610 sec, 2302771 itr]:      1217.16
[611 sec, 2305663 itr]:      1217.16
[612 sec, 2308469 itr]:      1217.16
[613 sec, 2313881 itr]:      1217.16
[614 sec, 2313881 itr]:      1217.16
[615 sec, 2320705 itr]:      1217.16
[616 sec, 2324072 itr]:      1217.16
[617 sec, 2324072 itr]:      1217.16
[ optimality gap     ]:      100.00%
[618 sec, 2327400 itr]:      1217.16
[619 sec, 2333625 itr]:      1217.16
[620 sec, 2337442 itr]:      1217.16
[621 sec, 2341984 itr]:      1217.16
[622 sec, 2341984 itr]:      1217.16
[623 sec, 2349600 itr]:      1217.16
[624 sec, 2349600 itr]:      1217.16
[625 sec, 2357690 itr]:      1217.16
[626 sec, 2357690 itr]:      1217.16
[627 sec, 2360873 itr]:      1217.16
[ optimality gap     ]:      100.00%
[628 sec, 2364803 itr]:      1217.16
[629 sec, 2372135 itr]:      1217.16
[630 sec, 2372135 itr]:      1217.16
[631 sec, 2379658 itr]:      1217.16
[632 sec, 2379658 itr]:      1217.16
[633 sec, 2386896 itr]:      1217.16
[634 sec, 2386896 itr]:      1217.16
[635 sec, 2389643 itr]:      1217.16
[636 sec, 2392823 itr]:      1217.16
[637 sec, 2399864 itr]:      1217.16
[ optimality gap     ]:      100.00%
[638 sec, 2403482 itr]:      1217.16
[639 sec, 2403482 itr]:      1217.16
[640 sec, 2407063 itr]:      1217.16
[641 sec, 2409688 itr]:      1217.16
[642 sec, 2413723 itr]:      1217.16
[643 sec, 2416508 itr]:      1217.16
[644 sec, 2420379 itr]:      1217.16
[645 sec, 2424176 itr]:      1217.16
[646 sec, 2427354 itr]:      1217.16
[647 sec, 2430089 itr]:      1217.16
[ optimality gap     ]:      100.00%
[648 sec, 2433401 itr]:      1217.16
[649 sec, 2436572 itr]:      1217.16
[650 sec, 2439788 itr]:      1217.16
[651 sec, 2443916 itr]:      1217.16
[652 sec, 2448584 itr]:      1217.16
[653 sec, 2452006 itr]:      1217.16
[654 sec, 2455196 itr]:      1217.16
[655 sec, 2458632 itr]:      1217.16
[656 sec, 2461244 itr]:      1217.16
[657 sec, 2464189 itr]:      1217.16
[ optimality gap     ]:      100.00%
[658 sec, 2467778 itr]:      1217.16
[659 sec, 2472098 itr]:      1217.16
[660 sec, 2475260 itr]:      1217.16
[661 sec, 2478581 itr]:      1217.16
[662 sec, 2482770 itr]:      1217.16
[663 sec, 2487382 itr]:      1217.16
[664 sec, 2492740 itr]:      1217.16
[665 sec, 2492740 itr]:      1217.16
[666 sec, 2496589 itr]:      1217.16
[667 sec, 2499862 itr]:      1217.16
[ optimality gap     ]:      100.00%
[668 sec, 2506669 itr]:      1217.16
[669 sec, 2506669 itr]:      1217.16
[670 sec, 2510437 itr]:      1217.16
[671 sec, 2518918 itr]:      1217.16
[672 sec, 2523757 itr]:      1217.16
[673 sec, 2523757 itr]:      1217.16
[674 sec, 2531988 itr]:      1217.16
[675 sec, 2531988 itr]:      1217.16
[676 sec, 2539521 itr]:      1217.16
[677 sec, 2539521 itr]:      1217.16
[ optimality gap     ]:      100.00%
[678 sec, 2548935 itr]:      1217.16
[679 sec, 2552209 itr]:      1217.16
[680 sec, 2552209 itr]:      1217.16
[681 sec, 2560935 itr]:      1217.16
[682 sec, 2560935 itr]:      1217.16
[683 sec, 2565126 itr]:      1217.16
[684 sec, 2569506 itr]:      1217.16
[685 sec, 2573413 itr]:      1217.16
[686 sec, 2580938 itr]:      1217.16
[687 sec, 2580938 itr]:      1217.16
[ optimality gap     ]:      100.00%
[688 sec, 2585025 itr]:      1217.16
[689 sec, 2589030 itr]:      1217.16
[690 sec, 2592507 itr]:      1217.16
[691 sec, 2596666 itr]:      1217.16
[692 sec, 2603443 itr]:      1217.16
[693 sec, 2606398 itr]:      1217.16
[694 sec, 2609571 itr]:      1217.16
[695 sec, 2613686 itr]:      1217.16
[696 sec, 2613686 itr]:      1217.16
[697 sec, 2618343 itr]:      1217.16
[ optimality gap     ]:      100.00%
[698 sec, 2627704 itr]:      1217.16
[699 sec, 2627704 itr]:      1217.16
[700 sec, 2631663 itr]:      1217.16
[701 sec, 2638743 itr]:      1217.16
[702 sec, 2643162 itr]:      1217.16
[703 sec, 2643162 itr]:      1217.16
[704 sec, 2646508 itr]:      1217.16
[705 sec, 2649705 itr]:      1217.16
[706 sec, 2653634 itr]:      1217.16
[707 sec, 2657629 itr]:      1217.16
[ optimality gap     ]:      100.00%
[708 sec, 2664971 itr]:      1217.16
[709 sec, 2664971 itr]:      1217.16
[710 sec, 2671462 itr]:      1217.16
[711 sec, 2671462 itr]:      1217.16
[712 sec, 2680231 itr]:      1217.16
[713 sec, 2680231 itr]:      1217.16
[714 sec, 2684806 itr]:      1217.16
[715 sec, 2688222 itr]:      1217.16
[716 sec, 2691410 itr]:      1217.16
[717 sec, 2698860 itr]:      1217.16
[ optimality gap     ]:      100.00%
[718 sec, 2698860 itr]:      1217.16
[719 sec, 2703000 itr]:      1217.16
[720 sec, 2706533 itr]:      1217.16
[721 sec, 2713865 itr]:      1217.16
[722 sec, 2713865 itr]:      1217.16
[723 sec, 2716884 itr]:      1217.16
[724 sec, 2720456 itr]:      1217.16
[725 sec, 2722876 itr]:      1217.16
[726 sec, 2726555 itr]:      1217.16
[727 sec, 2729446 itr]:      1204.49
[ optimality gap     ]:      100.00%
[728 sec, 2732958 itr]:      1204.49
[729 sec, 2735055 itr]:      1204.49
[730 sec, 2738672 itr]:      1204.49
[731 sec, 2744990 itr]:      1204.49
[732 sec, 2744990 itr]:      1204.49
[733 sec, 2748589 itr]:      1204.49
[734 sec, 2752442 itr]:      1204.49
[735 sec, 2754791 itr]:      1204.49
[736 sec, 2756652 itr]:      1197.34
[737 sec, 2759113 itr]:      1197.27
[ optimality gap     ]:      100.00%
[738 sec, 2762222 itr]:      1197.27
[739 sec, 2764821 itr]:      1197.27
[740 sec, 2767536 itr]:      1197.19
[741 sec, 2770970 itr]:      1197.19
[742 sec, 2774005 itr]:      1197.19
[743 sec, 2776225 itr]:      1197.19
[744 sec, 2778674 itr]:      1197.19
[745 sec, 2782923 itr]:      1197.19
[746 sec, 2785990 itr]:      1197.19
[747 sec, 2788232 itr]:      1197.19
[ optimality gap     ]:      100.00%
[748 sec, 2791399 itr]:      1197.19
[749 sec, 2797687 itr]:      1197.19
[750 sec, 2797687 itr]:      1197.19
[751 sec, 2800579 itr]:      1197.19
[752 sec, 2803604 itr]:      1197.19
[753 sec, 2807627 itr]:      1197.19
[754 sec, 2807627 itr]:      1197.19
[755 sec, 2810802 itr]:      1197.19
[756 sec, 2814143 itr]:      1197.19
[757 sec, 2817347 itr]:      1197.19
[ optimality gap     ]:      100.00%
[758 sec, 2819334 itr]:      1197.19
[759 sec, 2822645 itr]:      1197.19
[760 sec, 2824227 itr]:      1197.19
[761 sec, 2827936 itr]:      1197.19
[762 sec, 2830788 itr]:      1197.19
[763 sec, 2833035 itr]:      1197.19
[764 sec, 2835063 itr]:      1197.19
[765 sec, 2838310 itr]:      1197.19
[766 sec, 2838855 itr]:      1197.19
[767 sec, 2843055 itr]:      1197.19
[ optimality gap     ]:      100.00%
[768 sec, 2846746 itr]:      1197.19
[769 sec, 2848668 itr]:      1197.19
[770 sec, 2853527 itr]:      1197.19
[771 sec, 2853527 itr]:      1197.19
[772 sec, 2857733 itr]:      1197.19
[773 sec, 2859672 itr]:      1197.19
[774 sec, 2862712 itr]:      1197.19
[775 sec, 2866670 itr]:      1197.19
[776 sec, 2869747 itr]:      1197.19
[777 sec, 2871483 itr]:      1197.19
[ optimality gap     ]:      100.00%
[778 sec, 2873999 itr]:      1197.19
[779 sec, 2876681 itr]:      1197.19
[780 sec, 2879228 itr]:      1197.19
[781 sec, 2881808 itr]:      1197.19
[782 sec, 2884863 itr]:      1197.19
[783 sec, 2886623 itr]:      1197.19
[784 sec, 2889433 itr]:      1197.19
[785 sec, 2894611 itr]:      1197.19
[786 sec, 2894611 itr]:      1197.19
[787 sec, 2897942 itr]:      1197.19
[ optimality gap     ]:      100.00%
[788 sec, 2901035 itr]:      1197.19
[789 sec, 2904103 itr]:      1197.19
[790 sec, 2906649 itr]:      1197.19
[791 sec, 2909941 itr]:      1197.19
[792 sec, 2916530 itr]:      1197.19
[793 sec, 2916530 itr]:      1197.19
[794 sec, 2919996 itr]:      1197.19
[795 sec, 2923732 itr]:      1197.19
[796 sec, 2927208 itr]:      1197.19
[797 sec, 2928861 itr]:      1197.19
[ optimality gap     ]:      100.00%
[798 sec, 2932504 itr]:      1197.19
[799 sec, 2935005 itr]:      1197.19
[800 sec, 2937451 itr]:      1197.19
[801 sec, 2939514 itr]:      1197.19
[802 sec, 2942294 itr]:      1197.19
[803 sec, 2943593 itr]:      1197.19
[804 sec, 2946589 itr]:      1197.19
[805 sec, 2949925 itr]:      1197.19
[806 sec, 2952925 itr]:      1197.19
[807 sec, 2955882 itr]:      1197.19
[ optimality gap     ]:      100.00%
[808 sec, 2959080 itr]:      1197.19
[809 sec, 2962846 itr]:      1197.19
[810 sec, 2966863 itr]:      1197.19
[811 sec, 2969769 itr]:      1197.19
[812 sec, 2972614 itr]:      1197.19
[813 sec, 2975667 itr]:      1197.19
[814 sec, 2977749 itr]:      1197.19
[815 sec, 2981648 itr]:      1197.19
[816 sec, 2985371 itr]:      1197.19
[817 sec, 2986778 itr]:      1197.19
[ optimality gap     ]:      100.00%
[818 sec, 2989498 itr]:      1197.19
[819 sec, 2992719 itr]:      1197.19
[820 sec, 2997488 itr]:      1197.19
[821 sec, 2999414 itr]:      1197.19
[822 sec, 3003182 itr]:      1197.19
[823 sec, 3005641 itr]:      1197.19
[824 sec, 3008751 itr]:      1197.19
[825 sec, 3011356 itr]:      1197.19
[826 sec, 3014156 itr]:      1197.19
[827 sec, 3015458 itr]:      1197.19
[ optimality gap     ]:      100.00%
[828 sec, 3019142 itr]:      1197.19
[829 sec, 3025374 itr]:      1197.19
[830 sec, 3025374 itr]:      1197.19
[831 sec, 3028005 itr]:      1197.19
[832 sec, 3030548 itr]:      1197.19
[833 sec, 3033176 itr]:      1197.19
[834 sec, 3036162 itr]:      1197.19
[835 sec, 3040182 itr]:      1197.19
[836 sec, 3043347 itr]:      1197.19
[837 sec, 3045535 itr]:      1197.19
[ optimality gap     ]:      100.00%
[838 sec, 3051422 itr]:      1197.19
[839 sec, 3051422 itr]:      1197.19
[840 sec, 3053901 itr]:      1197.19
[841 sec, 3057678 itr]:      1197.19
[842 sec, 3059932 itr]:      1197.19
[843 sec, 3063221 itr]:      1197.19
[844 sec, 3065346 itr]:      1197.19
[845 sec, 3067959 itr]:      1197.19
[846 sec, 3071677 itr]:      1197.19
[847 sec, 3075065 itr]:      1197.19
[ optimality gap     ]:      100.00%
[848 sec, 3079903 itr]:      1197.19
[849 sec, 3079903 itr]:      1197.19
[850 sec, 3082747 itr]:      1197.19
[851 sec, 3084780 itr]:      1197.19
[852 sec, 3091380 itr]:      1197.19
[853 sec, 3091380 itr]:      1197.19
[854 sec, 3093058 itr]:      1197.19
[855 sec, 3094978 itr]:      1197.19
[856 sec, 3097438 itr]:      1197.19
[857 sec, 3099798 itr]:      1197.19
[ optimality gap     ]:      100.00%
[858 sec, 3102880 itr]:      1197.19
[859 sec, 3105128 itr]:      1197.19
[860 sec, 3109093 itr]:      1197.19
[861 sec, 3110817 itr]:      1197.19
[862 sec, 3115524 itr]:      1197.19
[863 sec, 3118038 itr]:      1197.19
[864 sec, 3121313 itr]:      1197.19
[865 sec, 3124836 itr]:      1197.19
[866 sec, 3127946 itr]:      1197.19
[867 sec, 3133222 itr]:      1197.19
[ optimality gap     ]:      100.00%
[868 sec, 3133222 itr]:      1197.19
[869 sec, 3136692 itr]:      1197.19
[870 sec, 3139975 itr]:      1197.19
[871 sec, 3145487 itr]:      1197.19
[872 sec, 3145487 itr]:      1197.19
[873 sec, 3149783 itr]:      1197.19
[874 sec, 3152833 itr]:      1197.19
[875 sec, 3155552 itr]:      1197.19
[876 sec, 3158233 itr]:      1197.19
[877 sec, 3161200 itr]:      1197.19
[ optimality gap     ]:      100.00%
[878 sec, 3165135 itr]:      1197.19
[879 sec, 3166987 itr]:      1197.19
[880 sec, 3170182 itr]:      1197.19
[881 sec, 3171589 itr]:      1197.19
[882 sec, 3174621 itr]:      1197.19
[883 sec, 3176978 itr]:      1197.19
[884 sec, 3179465 itr]:      1197.19
[885 sec, 3182331 itr]:      1197.19
[886 sec, 3184581 itr]:      1197.19
[887 sec, 3187589 itr]:      1197.19
[ optimality gap     ]:      100.00%
[888 sec, 3189391 itr]:      1197.19
[889 sec, 3193229 itr]:      1197.19
[890 sec, 3197800 itr]:      1197.19
[891 sec, 3201159 itr]:      1197.19
[892 sec, 3204208 itr]:      1197.19
[893 sec, 3208191 itr]:      1197.19
[894 sec, 3210282 itr]:      1197.19
[895 sec, 3213525 itr]:      1197.19
[896 sec, 3217464 itr]:      1197.19
[897 sec, 3219666 itr]:      1197.19
[ optimality gap     ]:      100.00%
[898 sec, 3222245 itr]:      1197.19
[899 sec, 3225281 itr]:      1197.19
[900 sec, 3228821 itr]:      1197.19
[901 sec, 3231286 itr]:      1197.19
[902 sec, 3233849 itr]:      1197.19
[903 sec, 3235627 itr]:      1197.19
[904 sec, 3240206 itr]:      1197.19
[905 sec, 3244042 itr]:      1197.19
[906 sec, 3247114 itr]:      1197.19
[907 sec, 3250877 itr]:      1197.19
[ optimality gap     ]:      100.00%
[908 sec, 3254624 itr]:      1197.19
[909 sec, 3257582 itr]:      1197.19
[910 sec, 3260498 itr]:      1197.19
[911 sec, 3261919 itr]:      1197.19
[912 sec, 3263161 itr]:      1197.19
[913 sec, 3266910 itr]:      1197.19
[914 sec, 3271746 itr]:      1197.19
[915 sec, 3272269 itr]:      1197.19
[916 sec, 3279704 itr]:      1197.19
[917 sec, 3279704 itr]:      1197.19
[ optimality gap     ]:      100.00%
[918 sec, 3282743 itr]:      1197.19
[919 sec, 3283584 itr]:      1197.19
[920 sec, 3286156 itr]:      1197.19
[921 sec, 3289485 itr]:      1197.19
[922 sec, 3292230 itr]:      1197.19
[923 sec, 3298815 itr]:      1197.19
[924 sec, 3298815 itr]:      1197.19
[925 sec, 3302743 itr]:      1197.19
[926 sec, 3306635 itr]:      1197.19
[927 sec, 3308315 itr]:      1197.19
[ optimality gap     ]:      100.00%
[928 sec, 3311250 itr]:      1197.19
[929 sec, 3312816 itr]:      1197.19
[930 sec, 3316887 itr]:      1197.19
[931 sec, 3318790 itr]:      1197.19
[932 sec, 3320999 itr]:      1197.19
[933 sec, 3324342 itr]:      1197.19
[934 sec, 3325638 itr]:      1197.19
[935 sec, 3332831 itr]:      1197.19
[936 sec, 3332831 itr]:      1197.19
[937 sec, 3338803 itr]:      1197.19
[ optimality gap     ]:      100.00%
[938 sec, 3338803 itr]:      1197.19
[939 sec, 3342109 itr]:      1197.19
[940 sec, 3346300 itr]:      1197.19
[941 sec, 3348614 itr]:      1197.19
[942 sec, 3350894 itr]:      1197.19
[943 sec, 3354449 itr]:      1197.19
[944 sec, 3358178 itr]:      1197.19
[945 sec, 3361659 itr]:      1197.19
[946 sec, 3364903 itr]:      1197.19
[947 sec, 3368014 itr]:      1197.19
[ optimality gap     ]:      100.00%
[948 sec, 3370751 itr]:      1197.19
[949 sec, 3373769 itr]:      1197.19
[950 sec, 3377141 itr]:      1197.19
[951 sec, 3379780 itr]:      1197.19
[952 sec, 3382022 itr]:      1197.19
[953 sec, 3384339 itr]:      1197.19
[954 sec, 3389928 itr]:      1197.19
[955 sec, 3389928 itr]:      1197.19
[956 sec, 3393054 itr]:      1197.19
[957 sec, 3396668 itr]:      1197.19
[ optimality gap     ]:      100.00%
[958 sec, 3398724 itr]:      1197.19
[959 sec, 3400915 itr]:      1197.19
[960 sec, 3403719 itr]:      1197.19
[961 sec, 3404026 itr]:      1197.19
[962 sec, 3410755 itr]:      1197.19
[963 sec, 3410755 itr]:      1197.19
[964 sec, 3414254 itr]:      1197.19
[965 sec, 3419567 itr]:      1197.19
[966 sec, 3419567 itr]:      1197.19
[967 sec, 3423657 itr]:      1197.19
[ optimality gap     ]:      100.00%
[968 sec, 3426469 itr]:      1197.19
[969 sec, 3430606 itr]:      1197.19
[970 sec, 3433821 itr]:      1197.19
[971 sec, 3437505 itr]:      1197.19
[972 sec, 3440416 itr]:      1197.19
[973 sec, 3447241 itr]:      1197.19
[974 sec, 3447241 itr]:      1197.19
[975 sec, 3450511 itr]:      1197.19
[976 sec, 3452897 itr]:      1197.19
[977 sec, 3456096 itr]:      1197.19
[ optimality gap     ]:      100.00%
[978 sec, 3459812 itr]:      1197.19
[979 sec, 3462627 itr]:      1197.19
[980 sec, 3464347 itr]:      1197.19
[981 sec, 3467498 itr]:      1197.19
[982 sec, 3470623 itr]:      1197.19
[983 sec, 3473734 itr]:      1197.19
[984 sec, 3477253 itr]:      1197.19
[985 sec, 3478996 itr]:      1197.19
[986 sec, 3482768 itr]:      1197.19
[987 sec, 3488156 itr]:      1197.19
[ optimality gap     ]:      100.00%
[988 sec, 3488156 itr]:      1197.19
[989 sec, 3490481 itr]:      1197.19
[990 sec, 3492933 itr]:      1197.19
[991 sec, 3496165 itr]:      1197.19
[992 sec, 3498665 itr]:      1197.19
[993 sec, 3501680 itr]:      1197.19
[994 sec, 3504158 itr]:      1197.19
[995 sec, 3506906 itr]:      1197.19
[996 sec, 3509417 itr]:      1197.19
[997 sec, 3515830 itr]:      1197.19
[ optimality gap     ]:      100.00%
[998 sec, 3515830 itr]:      1197.19
[999 sec, 3518360 itr]:      1197.19
[1000 sec, 3520287 itr]:      1197.19
[1001 sec, 3522263 itr]:      1197.19
[1002 sec, 3527524 itr]:      1197.19
[1003 sec, 3527524 itr]:      1197.19
[1004 sec, 3534121 itr]:      1197.19
[1005 sec, 3534121 itr]:      1197.19
[1006 sec, 3536026 itr]:      1197.19
[1007 sec, 3540175 itr]:      1197.19
[ optimality gap      ]:      100.00%
[1008 sec, 3540175 itr]:      1197.19
[1009 sec, 3543293 itr]:      1197.19
[1010 sec, 3545956 itr]:      1197.19
[1011 sec, 3548718 itr]:      1197.19
[1012 sec, 3551101 itr]:      1197.19
[1013 sec, 3553954 itr]:      1197.19
[1014 sec, 3558641 itr]:      1197.19
[1015 sec, 3558641 itr]:      1197.19
[1016 sec, 3562033 itr]:      1197.19
[1017 sec, 3564987 itr]:      1197.19
[ optimality gap      ]:      100.00%
[1018 sec, 3565656 itr]:      1197.19
[1019 sec, 3568846 itr]:      1197.19
[1020 sec, 3571389 itr]:      1197.19
[1021 sec, 3574668 itr]:      1197.19
[1022 sec, 3576480 itr]:      1197.19
[1023 sec, 3580638 itr]:      1197.19
[1024 sec, 3583134 itr]:      1197.19
[1025 sec, 3586165 itr]:      1197.19
[1026 sec, 3588709 itr]:      1197.19
[1027 sec, 3591674 itr]:      1197.19
[ optimality gap      ]:      100.00%
[1028 sec, 3597504 itr]:      1197.19
[1029 sec, 3597504 itr]:      1197.19
[1030 sec, 3600814 itr]:      1197.19
[1031 sec, 3601101 itr]:      1197.19
[1032 sec, 3603951 itr]:      1197.19
[1033 sec, 3606846 itr]:      1197.19
[1034 sec, 3613466 itr]:      1197.19
[1035 sec, 3617356 itr]:      1197.19
[1036 sec, 3617356 itr]:      1197.19
[1037 sec, 3621962 itr]:      1197.19
[ optimality gap      ]:      100.00%
[1038 sec, 3621962 itr]:      1197.19
[1039 sec, 3624918 itr]:      1197.19
[1040 sec, 3628306 itr]:      1197.19
[1041 sec, 3634034 itr]:      1197.19
[1042 sec, 3634034 itr]:      1197.19
[1043 sec, 3635908 itr]:      1197.19
[1044 sec, 3641289 itr]:      1197.19
[1045 sec, 3645075 itr]:      1197.19
[1046 sec, 3645075 itr]:      1197.19
[1047 sec, 3647526 itr]:      1197.19
[ optimality gap      ]:      100.00%
[1048 sec, 3650422 itr]:      1197.19
[1049 sec, 3652953 itr]:      1197.19
[1050 sec, 3656088 itr]:      1197.19
[1051 sec, 3658675 itr]:      1197.19
[1052 sec, 3662399 itr]:      1197.19
[1053 sec, 3665493 itr]:      1197.19
[1054 sec, 3667828 itr]:      1197.19
[1055 sec, 3670870 itr]:      1197.19
[1056 sec, 3673413 itr]:      1197.19
[1057 sec, 3679785 itr]:      1197.19
[ optimality gap      ]:      100.00%
[1058 sec, 3679785 itr]:      1197.19
[1059 sec, 3681844 itr]:      1197.19
[1060 sec, 3683965 itr]:      1197.19
[1061 sec, 3688153 itr]:      1197.19
[1062 sec, 3688153 itr]:      1197.19
[1063 sec, 3689683 itr]:      1197.19
[1064 sec, 3691789 itr]:      1197.19
[1065 sec, 3694501 itr]:      1197.19
[1066 sec, 3697485 itr]:      1197.19
[1067 sec, 3698881 itr]:      1197.19
[ optimality gap      ]:      100.00%
[1068 sec, 3701115 itr]:      1197.19
[1069 sec, 3703066 itr]:      1197.19
[1070 sec, 3705449 itr]:      1197.19
[1071 sec, 3707379 itr]:      1197.19
[1072 sec, 3710485 itr]:      1197.19
[1073 sec, 3717312 itr]:      1197.19
[1074 sec, 3717312 itr]:      1197.19
[1075 sec, 3721066 itr]:      1197.19
[1076 sec, 3723400 itr]:      1197.19
[1077 sec, 3725546 itr]:      1197.19
[ optimality gap      ]:      100.00%
[1078 sec, 3728512 itr]:      1197.19
[1079 sec, 3731439 itr]:      1197.19
[1080 sec, 3733772 itr]:      1197.19
[1081 sec, 3737228 itr]:      1197.19
[1082 sec, 3743487 itr]:      1197.19
[1083 sec, 3743487 itr]:      1197.19
[1084 sec, 3747208 itr]:      1197.19
[1085 sec, 3750788 itr]:      1197.19
[1086 sec, 3754500 itr]:      1197.19
[1087 sec, 3757581 itr]:      1197.19
[ optimality gap      ]:      100.00%
[1088 sec, 3760619 itr]:      1197.19
[1089 sec, 3763313 itr]:      1197.19
[1090 sec, 3768141 itr]:      1197.19
[1091 sec, 3768141 itr]:      1197.19
[1092 sec, 3771855 itr]:      1197.19
[1093 sec, 3773888 itr]:      1197.19
[1094 sec, 3776398 itr]:      1197.19
[1095 sec, 3779302 itr]:      1197.19
[1096 sec, 3782028 itr]:      1197.19
[1097 sec, 3785012 itr]:      1197.19
[ optimality gap      ]:      100.00%
[1098 sec, 3788201 itr]:      1197.19
[1099 sec, 3791038 itr]:      1197.19
[1100 sec, 3792604 itr]:      1197.19
[1101 sec, 3795865 itr]:      1197.19
[1102 sec, 3799405 itr]:      1197.19
[1103 sec, 3803579 itr]:      1197.19
[1104 sec, 3806355 itr]:      1197.19
[1105 sec, 3808295 itr]:      1197.19
[1106 sec, 3810151 itr]:      1197.19
[1107 sec, 3813169 itr]:      1197.19
[ optimality gap      ]:      100.00%
[1108 sec, 3816778 itr]:      1197.19
[1109 sec, 3820234 itr]:      1197.19
[1110 sec, 3823273 itr]:      1197.19
[1111 sec, 3825224 itr]:      1197.19
[1112 sec, 3828487 itr]:      1197.19
[1113 sec, 3829679 itr]:      1197.19
[1114 sec, 3834486 itr]:      1197.19
[1115 sec, 3837865 itr]:      1197.19
[1116 sec, 3837865 itr]:      1197.19
[1117 sec, 3840775 itr]:      1197.19
[ optimality gap      ]:      100.00%
[1118 sec, 3842536 itr]:      1197.19
[1119 sec, 3844749 itr]:      1197.19
[1120 sec, 3846500 itr]:      1197.19
[1121 sec, 3848343 itr]:      1197.19
[1122 sec, 3851202 itr]:      1197.19
[1123 sec, 3853738 itr]:      1197.19
[1124 sec, 3855917 itr]:      1197.19
[1125 sec, 3857889 itr]:      1197.19
[1126 sec, 3860840 itr]:      1197.19
[1127 sec, 3865780 itr]:      1197.19
[ optimality gap      ]:      100.00%
[1128 sec, 3865780 itr]:      1197.19
[1129 sec, 3868555 itr]:      1197.19
[1130 sec, 3870927 itr]:      1197.19
[1131 sec, 3873932 itr]:      1197.19
[1132 sec, 3876780 itr]:      1197.19
[1133 sec, 3876780 itr]:      1197.19
[1134 sec, 3879497 itr]:      1197.19
[1135 sec, 3882057 itr]:      1197.19
[1136 sec, 3885364 itr]:      1197.19
[1137 sec, 3887558 itr]:      1197.19
[ optimality gap      ]:      100.00%
[1138 sec, 3890053 itr]:      1197.19
[1139 sec, 3893558 itr]:      1197.19
[1140 sec, 3895543 itr]:      1197.19
[1141 sec, 3901438 itr]:      1197.19
[1142 sec, 3904097 itr]:      1197.19
[1143 sec, 3904097 itr]:      1197.19
[1144 sec, 3907949 itr]:      1197.19
[1145 sec, 3910708 itr]:      1197.19
[1146 sec, 3913265 itr]:      1197.19
[1147 sec, 3916570 itr]:      1197.19
[ optimality gap      ]:      100.00%
[1148 sec, 3918826 itr]:      1197.19
[1149 sec, 3921827 itr]:      1197.19
[1150 sec, 3924735 itr]:      1197.19
[1151 sec, 3928230 itr]:      1197.19
[1152 sec, 3930632 itr]:      1197.19
[1153 sec, 3934414 itr]:      1197.19
[1154 sec, 3938009 itr]:      1197.19
[1155 sec, 3941758 itr]:      1197.19
[1156 sec, 3945172 itr]:      1197.19
[1157 sec, 3947994 itr]:      1197.19
[ optimality gap      ]:      100.00%
[1158 sec, 3950779 itr]:      1197.19
[1159 sec, 3953770 itr]:      1197.19
[1160 sec, 3958314 itr]:      1197.19
[1161 sec, 3958314 itr]:       1185.1
[1162 sec, 3961154 itr]:       1185.1
[1163 sec, 3963072 itr]:      1185.04
[1164 sec, 3966556 itr]:      1185.03
[1165 sec, 3970176 itr]:      1185.03
[1166 sec, 3973083 itr]:      1185.03
[1167 sec, 3975199 itr]:      1185.03
[ optimality gap      ]:      100.00%
[1168 sec, 3977965 itr]:      1185.03
[1169 sec, 3979939 itr]:      1185.03
[1170 sec, 3980766 itr]:      1185.03
[1171 sec, 3983902 itr]:      1185.03
[1172 sec, 3985940 itr]:      1185.03
[1173 sec, 3988890 itr]:      1185.03
[1174 sec, 3991498 itr]:      1185.03
[1175 sec, 3994767 itr]:      1185.03
[1176 sec, 4000086 itr]:      1185.03
[1177 sec, 4000086 itr]:      1185.03
[ optimality gap      ]:      100.00%
[1178 sec, 4003404 itr]:      1185.03
[1179 sec, 4005846 itr]:      1185.03
[1180 sec, 4008825 itr]:      1185.03
[1181 sec, 4012192 itr]:      1185.03
[1182 sec, 4014333 itr]:      1185.03
[1183 sec, 4019540 itr]:      1185.03
[1184 sec, 4019540 itr]:      1185.03
[1185 sec, 4022463 itr]:      1185.03
[1186 sec, 4025747 itr]:      1185.03
[1187 sec, 4028659 itr]:      1185.03
[ optimality gap      ]:      100.00%
[1188 sec, 4030866 itr]:      1185.03
[1189 sec, 4033135 itr]:      1185.03
[1190 sec, 4035709 itr]:      1185.03
[1191 sec, 4037619 itr]:      1185.03
[1192 sec, 4040355 itr]:      1185.03
[1193 sec, 4043904 itr]:      1185.03
[1194 sec, 4046255 itr]:      1185.03
[1195 sec, 4049562 itr]:      1185.03
[1196 sec, 4051380 itr]:      1185.03
[1197 sec, 4053984 itr]:      1185.03
[ optimality gap      ]:      100.00%
[1198 sec, 4055781 itr]:      1185.03
[1199 sec, 4058340 itr]:      1185.03
[1200 sec, 4061686 itr]:      1185.03
[1201 sec, 4063608 itr]:      1185.03
[1202 sec, 4066775 itr]:      1185.03
[1203 sec, 4069222 itr]:      1185.03
[1204 sec, 4070519 itr]:      1185.03
[1205 sec, 4073697 itr]:      1185.03
[1206 sec, 4076454 itr]:      1185.03
[1207 sec, 4078749 itr]:      1185.03
[ optimality gap      ]:      100.00%
[1208 sec, 4082492 itr]:      1185.03
[1209 sec, 4086071 itr]:      1185.03
[1210 sec, 4087314 itr]:      1185.03
[1211 sec, 4089656 itr]:      1185.03
[1212 sec, 4092314 itr]:      1185.03
[1213 sec, 4094588 itr]:      1185.03
[1214 sec, 4097043 itr]:      1185.03
[1215 sec, 4100467 itr]:      1185.03
[1216 sec, 4101348 itr]:      1185.03
[1217 sec, 4104933 itr]:      1185.03
[ optimality gap      ]:      100.00%
[1218 sec, 4109171 itr]:      1185.03
[1219 sec, 4109171 itr]:      1185.03
[1220 sec, 4111896 itr]:      1185.03
[1221 sec, 4115154 itr]:      1185.03
[1222 sec, 4118349 itr]:      1185.03
[1223 sec, 4124202 itr]:      1185.03
[1224 sec, 4124202 itr]:      1185.03
[1225 sec, 4127141 itr]:      1185.03
[1226 sec, 4129754 itr]:      1185.03
[1227 sec, 4131954 itr]:      1185.03
[ optimality gap      ]:      100.00%
[1228 sec, 4135825 itr]:      1185.03
[1229 sec, 4138702 itr]:      1185.03
[1230 sec, 4144189 itr]:      1185.03
[1231 sec, 4147532 itr]:      1185.03
[1232 sec, 4147532 itr]:      1185.03
[1233 sec, 4150367 itr]:      1185.03
[1234 sec, 4156684 itr]:      1185.03
[1235 sec, 4160448 itr]:      1185.03
[1236 sec, 4160448 itr]:      1185.03
[1237 sec, 4163844 itr]:      1185.03
[ optimality gap      ]:      100.00%
[1238 sec, 4166494 itr]:      1185.03
[1239 sec, 4167763 itr]:      1185.03
[1240 sec, 4170155 itr]:      1185.03
[1241 sec, 4171737 itr]:      1185.03
[1242 sec, 4174134 itr]:      1185.03
[1243 sec, 4176149 itr]:      1185.03
[1244 sec, 4178996 itr]:      1185.03
[1245 sec, 4181798 itr]:      1185.03
[1246 sec, 4185022 itr]:      1185.03
[1247 sec, 4187938 itr]:      1185.03
[ optimality gap      ]:      100.00%
[1248 sec, 4189623 itr]:      1185.03
[1249 sec, 4192209 itr]:      1185.03
[1250 sec, 4195017 itr]:      1185.03
[1251 sec, 4198022 itr]:      1185.03
[1252 sec, 4200674 itr]:      1185.03
[1253 sec, 4206512 itr]:      1185.03
[1254 sec, 4208636 itr]:      1185.03
[1255 sec, 4208636 itr]:      1185.03
[1256 sec, 4211262 itr]:      1185.03
[1257 sec, 4213615 itr]:      1185.03
[ optimality gap      ]:      100.00%
[1258 sec, 4217207 itr]:      1185.03
[1259 sec, 4220486 itr]:      1185.03
[1260 sec, 4226102 itr]:      1185.03
[1261 sec, 4226102 itr]:      1185.03
[1262 sec, 4229169 itr]:      1185.03
[1263 sec, 4232086 itr]:      1185.03
[1264 sec, 4234684 itr]:      1185.03
[1265 sec, 4237476 itr]:      1185.03
[1266 sec, 4239191 itr]:      1185.03
[1267 sec, 4241441 itr]:      1185.03
[ optimality gap      ]:      100.00%
[1268 sec, 4245179 itr]:      1185.03
[1269 sec, 4247660 itr]:      1185.03
[1270 sec, 4249572 itr]:      1185.03
[1271 sec, 4251904 itr]:      1185.03
[1272 sec, 4254951 itr]:      1185.03
[1273 sec, 4257709 itr]:      1185.03
[1274 sec, 4260432 itr]:      1185.03
[1275 sec, 4262686 itr]:      1185.03
[1276 sec, 4265073 itr]:      1185.03
[1277 sec, 4267860 itr]:      1185.03
[ optimality gap      ]:      100.00%
[1278 sec, 4270511 itr]:      1185.03
[1279 sec, 4273351 itr]:      1185.03
[1280 sec, 4276997 itr]:      1185.03
[1281 sec, 4279305 itr]:      1185.03
[1282 sec, 4282426 itr]:      1185.03
[1283 sec, 4284995 itr]:      1185.03
[1284 sec, 4288040 itr]:      1185.03
[1285 sec, 4291961 itr]:      1185.03
[1286 sec, 4291961 itr]:      1185.03
[1287 sec, 4293578 itr]:      1185.03
[ optimality gap      ]:      100.00%
[1288 sec, 4295702 itr]:      1185.03
[1289 sec, 4302790 itr]:      1185.03
[1290 sec, 4302790 itr]:      1185.03
[1291 sec, 4306176 itr]:      1185.03
[1292 sec, 4309706 itr]:      1185.03
[1293 sec, 4309706 itr]:      1185.03
[1294 sec, 4312765 itr]:      1185.03
[1295 sec, 4315874 itr]:      1185.03
[1296 sec, 4322286 itr]:      1185.03
[1297 sec, 4322286 itr]:      1185.03
[ optimality gap      ]:      100.00%
[1298 sec, 4325143 itr]:      1185.03
[1299 sec, 4326116 itr]:      1185.03
[1300 sec, 4329191 itr]:      1185.03
[1301 sec, 4333088 itr]:      1185.03
[1302 sec, 4337180 itr]:      1185.03
[1303 sec, 4340777 itr]:      1185.03
[1304 sec, 4342937 itr]:      1185.03
[1305 sec, 4345410 itr]:      1185.03
[1306 sec, 4346749 itr]:      1185.03
[1307 sec, 4350101 itr]:      1185.03
[ optimality gap      ]:      100.00%
[1308 sec, 4353358 itr]:      1185.03
[1309 sec, 4355870 itr]:      1185.03
[1310 sec, 4358910 itr]:      1185.03
[1311 sec, 4362495 itr]:      1185.03
[1312 sec, 4365190 itr]:      1185.03
[1313 sec, 4365449 itr]:      1185.03
[1314 sec, 4368841 itr]:      1185.03
[1315 sec, 4371281 itr]:      1185.03
[1316 sec, 4373958 itr]:      1185.03
[1317 sec, 4377270 itr]:      1185.03
[ optimality gap      ]:      100.00%
[1318 sec, 4379903 itr]:      1185.03
[1319 sec, 4382632 itr]:      1185.03
[1320 sec, 4385762 itr]:      1185.03
[1321 sec, 4388278 itr]:      1185.03
[1322 sec, 4391740 itr]:      1185.03
[1323 sec, 4394293 itr]:      1185.03
[1324 sec, 4394293 itr]:      1185.03
[1325 sec, 4396284 itr]:      1185.03
[1326 sec, 4403434 itr]:      1185.03
[1327 sec, 4403434 itr]:      1185.03
[ optimality gap      ]:      100.00%
[1328 sec, 4406314 itr]:      1185.03
[1329 sec, 4409021 itr]:      1185.03
[1330 sec, 4411485 itr]:      1185.03
[1331 sec, 4414870 itr]:      1185.03
[1332 sec, 4418026 itr]:      1185.03
[1333 sec, 4420248 itr]:      1185.03
[1334 sec, 4423950 itr]:      1185.03
[1335 sec, 4428520 itr]:      1185.03
[1336 sec, 4428520 itr]:      1185.03
[1337 sec, 4430670 itr]:      1185.03
[ optimality gap      ]:      100.00%
[1338 sec, 4433887 itr]:      1185.03
[1339 sec, 4436731 itr]:      1185.03
[1340 sec, 4438540 itr]:      1185.03
[1341 sec, 4441397 itr]:      1185.03
[1342 sec, 4443888 itr]:      1185.03
[1343 sec, 4449726 itr]:      1185.03
[1344 sec, 4449726 itr]:      1185.03
[1345 sec, 4452597 itr]:      1185.03
[1346 sec, 4454877 itr]:      1185.03
[1347 sec, 4457463 itr]:      1185.03
[ optimality gap      ]:      100.00%
[1348 sec, 4459766 itr]:      1185.03
[1349 sec, 4462311 itr]:      1185.03
[1350 sec, 4465189 itr]:      1185.03
[1351 sec, 4467692 itr]:      1185.03
[1352 sec, 4472189 itr]:      1185.03
[1353 sec, 4472189 itr]:      1185.03
[1354 sec, 4475637 itr]:      1185.03
[1355 sec, 4478409 itr]:      1185.03
[1356 sec, 4481196 itr]:      1185.03
[1357 sec, 4483000 itr]:      1185.03
[ optimality gap      ]:      100.00%
[1358 sec, 4484265 itr]:      1185.03
[1359 sec, 4486269 itr]:      1185.03
[1360 sec, 4489340 itr]:      1185.03
[1361 sec, 4491881 itr]:      1185.03
[1362 sec, 4493940 itr]:      1185.03
[1363 sec, 4496713 itr]:      1185.03
[1364 sec, 4500519 itr]:      1185.03
[1365 sec, 4501863 itr]:      1185.03
[1366 sec, 4503640 itr]:      1185.03
[1367 sec, 4507221 itr]:      1185.03
[ optimality gap      ]:      100.00%
[1368 sec, 4509213 itr]:      1185.03
[1369 sec, 4512063 itr]:      1185.03
[1370 sec, 4515248 itr]:      1185.03
[1371 sec, 4517320 itr]:      1185.03
[1372 sec, 4520075 itr]:      1185.03
[1373 sec, 4521685 itr]:      1185.03
[1374 sec, 4525065 itr]:      1185.03
[1375 sec, 4528200 itr]:      1185.03
[1376 sec, 4529825 itr]:      1185.03
[1377 sec, 4532392 itr]:      1185.03
[ optimality gap      ]:      100.00%
[1378 sec, 4534799 itr]:      1185.03
[1379 sec, 4537158 itr]:      1185.03
[1380 sec, 4539617 itr]:      1185.03
[1381 sec, 4543081 itr]:      1185.03
[1382 sec, 4548215 itr]:      1185.03
[1383 sec, 4548215 itr]:      1185.03
[1384 sec, 4550489 itr]:      1185.03
[1385 sec, 4553396 itr]:      1185.03
[1386 sec, 4555858 itr]:      1185.03
[1387 sec, 4557831 itr]:      1185.03
[ optimality gap      ]:      100.00%
[1388 sec, 4560956 itr]:      1185.03
[1389 sec, 4566832 itr]:      1185.03
[1390 sec, 4566832 itr]:      1185.03
[1391 sec, 4569391 itr]:      1185.03
[1392 sec, 4572587 itr]:      1185.03
[1393 sec, 4574792 itr]:      1185.03
[1394 sec, 4578112 itr]:      1185.03
[1395 sec, 4580956 itr]:      1185.03
[1396 sec, 4583167 itr]:      1185.03
[1397 sec, 4585486 itr]:      1185.03
[ optimality gap      ]:      100.00%
[1398 sec, 4587728 itr]:      1185.03
[1399 sec, 4593080 itr]:      1185.03
[1400 sec, 4593080 itr]:      1185.03
[1401 sec, 4594778 itr]:      1185.03
[1402 sec, 4600476 itr]:      1185.03
[1403 sec, 4600476 itr]:      1185.03
[1404 sec, 4603507 itr]:      1185.03
[1405 sec, 4606516 itr]:      1185.03
[1406 sec, 4609536 itr]:      1185.03
[1407 sec, 4611814 itr]:      1185.03
[ optimality gap      ]:      100.00%
[1408 sec, 4614200 itr]:      1185.03
[1409 sec, 4618565 itr]:      1185.03
[1410 sec, 4618565 itr]:      1185.03
[1411 sec, 4622177 itr]:      1185.03
[1412 sec, 4624481 itr]:      1185.03
[1413 sec, 4627740 itr]:      1185.03
[1414 sec, 4629876 itr]:      1185.03
[1415 sec, 4633404 itr]:      1185.03
[1416 sec, 4635189 itr]:      1185.03
[1417 sec, 4638170 itr]:      1185.03
[ optimality gap      ]:      100.00%
[1418 sec, 4641898 itr]:      1185.03
[1419 sec, 4644237 itr]:      1185.03
[1420 sec, 4647341 itr]:      1185.03
[1421 sec, 4649851 itr]:      1185.03
[1422 sec, 4652277 itr]:      1185.03
[1423 sec, 4654878 itr]:      1185.03
[1424 sec, 4657000 itr]:      1185.03
[1425 sec, 4660157 itr]:      1185.03
[1426 sec, 4662931 itr]:      1185.03
[1427 sec, 4665217 itr]:      1185.03
[ optimality gap      ]:      100.00%
[1428 sec, 4667909 itr]:      1185.03
[1429 sec, 4670357 itr]:      1185.03
[1430 sec, 4676349 itr]:      1185.03
[1431 sec, 4676349 itr]:      1185.03
[1432 sec, 4680066 itr]:      1185.03
[1433 sec, 4683955 itr]:      1185.03
[1434 sec, 4687668 itr]:      1185.03
[1435 sec, 4690432 itr]:      1185.03
[1436 sec, 4692238 itr]:      1185.03
[1437 sec, 4695687 itr]:      1185.03
[ optimality gap      ]:      100.00%
[1438 sec, 4696632 itr]:      1185.03
[1439 sec, 4698357 itr]:      1185.03
[1440 sec, 4700230 itr]:      1185.03
[1441 sec, 4705946 itr]:      1185.03
[1442 sec, 4705946 itr]:      1185.03
[1443 sec, 4709118 itr]:      1185.03
[1444 sec, 4712306 itr]:      1185.03
[1445 sec, 4715125 itr]:      1185.03
[1446 sec, 4717388 itr]:      1185.03
[1447 sec, 4723060 itr]:      1185.03
[ optimality gap      ]:      100.00%
[1448 sec, 4726623 itr]:      1185.03
[1449 sec, 4726623 itr]:      1185.03
[1450 sec, 4730247 itr]:      1185.03
[1451 sec, 4733243 itr]:      1185.03
[1452 sec, 4736568 itr]:      1185.03
[1453 sec, 4743300 itr]:      1185.03
[1454 sec, 4747163 itr]:      1185.03
[1455 sec, 4747163 itr]:      1185.03
[1456 sec, 4753067 itr]:      1185.03
[1457 sec, 4757106 itr]:      1185.03
[ optimality gap      ]:      100.00%
[1458 sec, 4757106 itr]:      1185.03
[1459 sec, 4759926 itr]:      1185.03
[1460 sec, 4763261 itr]:      1185.03
[1461 sec, 4766162 itr]:      1185.03
[1462 sec, 4768867 itr]:      1185.03
[1463 sec, 4771566 itr]:      1185.03
[1464 sec, 4774669 itr]:      1185.03
[1465 sec, 4776663 itr]:      1185.03
[1466 sec, 4777195 itr]:      1185.03
[1467 sec, 4778676 itr]:      1185.03
[ optimality gap      ]:      100.00%
[1468 sec, 4781360 itr]:      1185.03
[1469 sec, 4785305 itr]:      1185.03
[1470 sec, 4788391 itr]:      1185.03
[1471 sec, 4791656 itr]:      1185.03
[1472 sec, 4794849 itr]:      1185.03
[1473 sec, 4798593 itr]:      1185.03
[1474 sec, 4801392 itr]:      1185.03
[1475 sec, 4803478 itr]:      1185.03
[1476 sec, 4810200 itr]:      1185.03
[1477 sec, 4813783 itr]:      1185.03
[ optimality gap      ]:      100.00%
[1478 sec, 4813783 itr]:      1185.03
[1479 sec, 4816746 itr]:      1185.03
[1480 sec, 4819960 itr]:      1185.03
[1481 sec, 4823247 itr]:      1185.03
[1482 sec, 4829108 itr]:      1185.03
[1483 sec, 4829108 itr]:      1185.03
[1484 sec, 4831992 itr]:      1185.03
[1485 sec, 4835790 itr]:      1185.03
[1486 sec, 4839089 itr]:      1185.03
[1487 sec, 4841595 itr]:      1185.03
[ optimality gap      ]:      100.00%
[1488 sec, 4844498 itr]:      1185.03
[1489 sec, 4848074 itr]:      1185.03
[1490 sec, 4850819 itr]:      1185.03
[1491 sec, 4852369 itr]:      1185.03
[1492 sec, 4855319 itr]:      1185.03
[1493 sec, 4858605 itr]:      1185.03
[1494 sec, 4861969 itr]:      1185.03
[1495 sec, 4864549 itr]:      1185.03
[1496 sec, 4866197 itr]:      1185.03
[1497 sec, 4869620 itr]:      1185.03
[ optimality gap      ]:      100.00%
[1498 sec, 4871552 itr]:      1185.03
[1499 sec, 4877602 itr]:      1185.03
[1500 sec, 4880340 itr]:      1185.03
[1501 sec, 4880340 itr]:      1185.03
[1502 sec, 4883549 itr]:      1185.03
[1503 sec, 4887236 itr]:      1185.03
[1504 sec, 4887656 itr]:      1185.03
[1505 sec, 4889752 itr]:      1185.03
[1506 sec, 4894509 itr]:      1185.03
[1507 sec, 4898094 itr]:      1185.03
[ optimality gap      ]:      100.00%
[1508 sec, 4898094 itr]:      1185.03
[1509 sec, 4901410 itr]:      1185.03
[1510 sec, 4904495 itr]:      1185.03
[1511 sec, 4907461 itr]:      1185.03
[1512 sec, 4909849 itr]:      1185.03
[1513 sec, 4912465 itr]:      1185.03
[1514 sec, 4916652 itr]:      1185.03
[1515 sec, 4920643 itr]:      1185.03
[1516 sec, 4922049 itr]:      1185.03
[1517 sec, 4924837 itr]:      1185.03
[ optimality gap      ]:      100.00%
[1518 sec, 4928648 itr]:      1185.03
[1519 sec, 4933617 itr]:      1185.03
[1520 sec, 4933617 itr]:      1185.03
[1521 sec, 4936920 itr]:      1185.03
[1522 sec, 4942104 itr]:      1185.03
[1523 sec, 4942104 itr]:      1185.03
[1524 sec, 4947762 itr]:      1185.03
[1525 sec, 4947762 itr]:      1185.03
[1526 sec, 4950410 itr]:      1185.03
[1527 sec, 4954039 itr]:      1185.03
[ optimality gap      ]:      100.00%
[1528 sec, 4957603 itr]:      1185.03
[1529 sec, 4960449 itr]:      1185.03
[1530 sec, 4966215 itr]:      1185.03
[1531 sec, 4966215 itr]:      1185.03
[1532 sec, 4969820 itr]:      1185.03
[1533 sec, 4972064 itr]:      1185.03
[1534 sec, 4974009 itr]:      1185.03
[1535 sec, 4976574 itr]:      1185.03
[1536 sec, 4977518 itr]:      1185.03
[1537 sec, 4982660 itr]:      1185.03
[ optimality gap      ]:      100.00%
[1538 sec, 4982660 itr]:      1185.03
[1539 sec, 4985551 itr]:      1185.03
[1540 sec, 4989186 itr]:      1185.03
[1541 sec, 4995284 itr]:      1185.03
[1542 sec, 4995284 itr]:      1185.03
[1543 sec, 4998430 itr]:      1185.03
[1544 sec, 5001361 itr]:      1185.03
[1545 sec, 5004412 itr]:      1185.03
[1546 sec, 5006598 itr]:      1185.03
[1547 sec, 5010350 itr]:      1185.03
[ optimality gap      ]:      100.00%
[1548 sec, 5012941 itr]:      1185.03
[1549 sec, 5014829 itr]:      1185.03
[1550 sec, 5016167 itr]:      1185.03
[1551 sec, 5019228 itr]:      1185.03
[1552 sec, 5021165 itr]:      1185.03
[1553 sec, 5024265 itr]:      1185.03
[1554 sec, 5026429 itr]:      1185.03
[1555 sec, 5028553 itr]:      1185.03
[1556 sec, 5031310 itr]:      1185.03
[1557 sec, 5034875 itr]:      1185.03
[ optimality gap      ]:      100.00%
[1558 sec, 5037301 itr]:      1185.03
[1559 sec, 5040070 itr]:      1185.03
[1560 sec, 5042589 itr]:      1185.03
[1561 sec, 5045710 itr]:      1185.03
[1562 sec, 5049142 itr]:      1185.03
[1563 sec, 5051661 itr]:      1185.03
[1564 sec, 5057927 itr]:      1185.03
[1565 sec, 5057927 itr]:      1185.03
[1566 sec, 5064775 itr]:      1185.03
[1567 sec, 5064775 itr]:      1185.03
[ optimality gap      ]:      100.00%
[1568 sec, 5069111 itr]:      1185.03
[1569 sec, 5071473 itr]:      1185.03
[1570 sec, 5072941 itr]:      1185.03
[1571 sec, 5076146 itr]:      1185.03
[1572 sec, 5080285 itr]:      1185.03
[1573 sec, 5083108 itr]:      1185.03
[1574 sec, 5089071 itr]:      1185.03
[1575 sec, 5089071 itr]:      1185.03
[1576 sec, 5092524 itr]:      1185.03
[1577 sec, 5096229 itr]:      1185.03
[ optimality gap      ]:      100.00%
[1578 sec, 5099170 itr]:      1185.03
[1579 sec, 5103078 itr]:      1185.03
[1580 sec, 5105968 itr]:      1185.03
[1581 sec, 5105968 itr]:      1185.03
[1582 sec, 5109680 itr]:      1185.03
[1583 sec, 5111881 itr]:      1185.03
[1584 sec, 5114624 itr]:      1185.03
[1585 sec, 5118143 itr]:      1185.03
[1586 sec, 5126249 itr]:      1185.03
[1587 sec, 5126249 itr]:      1185.03
[ optimality gap      ]:      100.00%
[1588 sec, 5128685 itr]:      1185.03
[1589 sec, 5131503 itr]:      1185.03
[1590 sec, 5136120 itr]:      1185.03
[1591 sec, 5136120 itr]:      1185.03
[1592 sec, 5139645 itr]:      1185.03
[1593 sec, 5142270 itr]:      1185.03
[1594 sec, 5145219 itr]:      1185.03
[1595 sec, 5148672 itr]:      1185.03
[1596 sec, 5152197 itr]:      1185.03
[1597 sec, 5153861 itr]:      1185.03
[ optimality gap      ]:      100.00%
[1598 sec, 5157467 itr]:      1185.03
[1599 sec, 5161212 itr]:      1185.03
[1600 sec, 5165558 itr]:      1185.03
[1601 sec, 5167346 itr]:      1185.03
[1602 sec, 5172849 itr]:      1185.03
[1603 sec, 5172849 itr]:      1185.03
[1604 sec, 5177225 itr]:      1185.03
[1605 sec, 5179260 itr]:      1185.03
[1606 sec, 5182823 itr]:      1185.03
[1607 sec, 5189242 itr]:      1185.03
[ optimality gap      ]:      100.00%
[1608 sec, 5189242 itr]:      1185.03
[1609 sec, 5191868 itr]:      1185.03
[1610 sec, 5194953 itr]:      1185.03
[1611 sec, 5199894 itr]:      1185.03
[1612 sec, 5203283 itr]:      1185.03
[1613 sec, 5207486 itr]:      1185.03
[1614 sec, 5210047 itr]:      1185.03
[1615 sec, 5213469 itr]:      1185.03
[1616 sec, 5215070 itr]:      1185.03
[1617 sec, 5221537 itr]:      1185.03
[ optimality gap      ]:      100.00%
[1618 sec, 5224459 itr]:      1185.03
[1619 sec, 5224459 itr]:      1185.03
[1620 sec, 5228987 itr]:      1185.03
[1621 sec, 5232854 itr]:      1185.03
[1622 sec, 5234672 itr]:      1185.03
[1623 sec, 5237929 itr]:      1185.03
[1624 sec, 5241470 itr]:      1185.03
[1625 sec, 5244707 itr]:      1185.03
[1626 sec, 5247737 itr]:      1185.03
[1627 sec, 5250953 itr]:      1185.03
[ optimality gap      ]:      100.00%
[1628 sec, 5253782 itr]:      1185.03
[1629 sec, 5260353 itr]:      1185.03
[1630 sec, 5260353 itr]:      1185.03
[1631 sec, 5264442 itr]:      1185.03
[1632 sec, 5268963 itr]:      1185.03
[1633 sec, 5268963 itr]:      1185.03
[1634 sec, 5272124 itr]:      1185.03
[1635 sec, 5274651 itr]:      1185.03
[1636 sec, 5277431 itr]:      1185.03
[1637 sec, 5281092 itr]:      1185.03
[ optimality gap      ]:      100.00%
[1638 sec, 5283697 itr]:      1185.03
[1639 sec, 5287171 itr]:      1185.03
[1640 sec, 5290572 itr]:      1185.03
[1641 sec, 5292715 itr]:      1185.03
[1642 sec, 5296137 itr]:      1185.03
[1643 sec, 5299774 itr]:      1185.03
[1644 sec, 5302821 itr]:      1185.03
[1645 sec, 5306474 itr]:      1185.03
[1646 sec, 5310205 itr]:      1185.03
[1647 sec, 5311354 itr]:      1185.03
[ optimality gap      ]:      100.00%
[1648 sec, 5314461 itr]:      1185.03
[1649 sec, 5317476 itr]:      1185.03
[1650 sec, 5320913 itr]:      1185.03
[1651 sec, 5324349 itr]:      1185.03
[1652 sec, 5326693 itr]:      1185.03
[1653 sec, 5328945 itr]:      1185.03
[1654 sec, 5332428 itr]:      1185.03
[1655 sec, 5339084 itr]:      1185.03
[1656 sec, 5339084 itr]:      1185.03
[1657 sec, 5342351 itr]:      1185.03
[ optimality gap      ]:      100.00%
[1658 sec, 5345165 itr]:      1185.03
[1659 sec, 5348071 itr]:      1185.03
[1660 sec, 5350289 itr]:      1185.03
[1661 sec, 5354617 itr]:      1185.03
[1662 sec, 5358188 itr]:      1185.03
[1663 sec, 5359509 itr]:      1185.03
[1664 sec, 5363170 itr]:      1185.03
[1665 sec, 5365832 itr]:      1185.03
[1666 sec, 5367978 itr]:      1185.03
[1667 sec, 5369632 itr]:      1185.03
[ optimality gap      ]:      100.00%
[1668 sec, 5372790 itr]:      1185.03
[1669 sec, 5375649 itr]:      1185.03
[1670 sec, 5378891 itr]:      1185.03
[1671 sec, 5382273 itr]:      1185.03
[1672 sec, 5383627 itr]:      1185.03
[1673 sec, 5387021 itr]:      1185.03
[1674 sec, 5390315 itr]:      1185.03
[1675 sec, 5393533 itr]:      1185.03
[1676 sec, 5395400 itr]:      1185.03
[1677 sec, 5401728 itr]:      1185.03
[ optimality gap      ]:      100.00%
[1678 sec, 5401728 itr]:      1185.03
[1679 sec, 5405276 itr]:      1185.03
[1680 sec, 5406632 itr]:      1185.03
[1681 sec, 5410183 itr]:      1185.03
[1682 sec, 5413114 itr]:      1185.03
[1683 sec, 5416082 itr]:      1185.03
[1684 sec, 5418752 itr]:      1185.03
[1685 sec, 5421859 itr]:      1185.03
[1686 sec, 5425729 itr]:      1185.03
[1687 sec, 5429657 itr]:      1185.03
[ optimality gap      ]:      100.00%
[1688 sec, 5433330 itr]:      1185.03
[1689 sec, 5436738 itr]:      1185.03
[1690 sec, 5439890 itr]:      1185.03
[1691 sec, 5443242 itr]:      1185.03
[1692 sec, 5446747 itr]:      1185.03
[1693 sec, 5448859 itr]:      1185.03
[1694 sec, 5451055 itr]:      1185.03
[1695 sec, 5454219 itr]:      1185.03
[1696 sec, 5456399 itr]:      1185.03
[1697 sec, 5459207 itr]:      1185.03
[ optimality gap      ]:      100.00%
[1698 sec, 5463266 itr]:      1185.03
[1699 sec, 5466502 itr]:      1185.03
[1700 sec, 5466502 itr]:      1185.03
[1701 sec, 5471679 itr]:      1185.03
[1702 sec, 5471679 itr]:      1185.03
[1703 sec, 5474110 itr]:      1185.03
[1704 sec, 5476543 itr]:      1185.03
[1705 sec, 5482650 itr]:      1185.03
[1706 sec, 5485047 itr]:      1185.03
[1707 sec, 5485047 itr]:      1185.03
[ optimality gap      ]:      100.00%
[1708 sec, 5488018 itr]:      1185.03
[1709 sec, 5491240 itr]:      1185.03
[1710 sec, 5493756 itr]:      1185.03
[1711 sec, 5497224 itr]:      1185.03
[1712 sec, 5500576 itr]:      1185.03
[1713 sec, 5502958 itr]:      1185.03
[1714 sec, 5505546 itr]:      1185.03
[1715 sec, 5509506 itr]:      1185.03
[1716 sec, 5512682 itr]:      1185.03
[1717 sec, 5516106 itr]:      1185.03
[ optimality gap      ]:      100.00%
[1718 sec, 5518829 itr]:      1185.03
[1719 sec, 5521434 itr]:      1185.03
[1720 sec, 5525188 itr]:      1185.03
[1721 sec, 5528130 itr]:      1185.03
[1722 sec, 5531256 itr]:      1185.03
[1723 sec, 5533953 itr]:      1185.03
[1724 sec, 5536447 itr]:      1185.03
[1725 sec, 5539596 itr]:      1185.03
[1726 sec, 5542576 itr]:      1185.03
[1727 sec, 5548393 itr]:      1185.03
[ optimality gap      ]:      100.00%
[1728 sec, 5548393 itr]:      1185.03
[1729 sec, 5551207 itr]:      1185.03
[1730 sec, 5554039 itr]:      1185.03
[1731 sec, 5557187 itr]:      1185.03
[1732 sec, 5559886 itr]:      1185.03
[1733 sec, 5563345 itr]:      1185.03
[1734 sec, 5565505 itr]:      1185.03
[1735 sec, 5568568 itr]:      1185.03
[1736 sec, 5569983 itr]:      1185.03
[1737 sec, 5572048 itr]:      1185.03
[ optimality gap      ]:      100.00%
[1738 sec, 5574069 itr]:      1185.03
[1739 sec, 5577136 itr]:      1185.03
[1740 sec, 5580771 itr]:      1185.03
[1741 sec, 5584237 itr]:      1185.03
[1742 sec, 5587919 itr]:      1185.03
[1743 sec, 5590691 itr]:      1185.03
[1744 sec, 5594050 itr]:      1185.03
[1745 sec, 5596873 itr]:      1185.03
[1746 sec, 5599540 itr]:      1185.03
[1747 sec, 5602338 itr]:      1185.03
[ optimality gap      ]:      100.00%
[1748 sec, 5605269 itr]:      1185.03
[1749 sec, 5609200 itr]:      1185.03
[1750 sec, 5616446 itr]:      1185.03
[1751 sec, 5616446 itr]:      1185.03
[1752 sec, 5619895 itr]:      1185.03
[1753 sec, 5622201 itr]:      1185.03
[1754 sec, 5625824 itr]:      1185.03
[1755 sec, 5628577 itr]:      1185.03
[1756 sec, 5634386 itr]:      1185.03
[1757 sec, 5634386 itr]:      1185.03
[ optimality gap      ]:      100.00%
[1758 sec, 5638429 itr]:      1185.03
[1759 sec, 5640461 itr]:      1185.03
[1760 sec, 5642235 itr]:      1185.03
[1761 sec, 5648141 itr]:      1185.03
[1762 sec, 5648141 itr]:      1185.03
[1763 sec, 5651426 itr]:      1185.03
[1764 sec, 5655171 itr]:      1185.03
[1765 sec, 5658616 itr]:      1185.03
[1766 sec, 5662080 itr]:      1185.03
[1767 sec, 5665286 itr]:      1185.03
[ optimality gap      ]:      100.00%
[1768 sec, 5667320 itr]:      1185.03
[1769 sec, 5670565 itr]:      1185.03
[1770 sec, 5672398 itr]:      1185.03
[1771 sec, 5673710 itr]:      1185.03
[1772 sec, 5677210 itr]:      1185.03
[1773 sec, 5680086 itr]:      1185.03
[1774 sec, 5682397 itr]:      1185.03
[1775 sec, 5685081 itr]:      1185.03
[1776 sec, 5688002 itr]:      1185.03
[1777 sec, 5690607 itr]:      1185.03
[ optimality gap      ]:      100.00%
[1778 sec, 5692993 itr]:      1185.03
[1779 sec, 5697264 itr]:      1185.03
[1780 sec, 5700305 itr]:      1185.03
[1781 sec, 5703560 itr]:      1185.03
[1782 sec, 5708270 itr]:      1185.03
[1783 sec, 5711954 itr]:      1185.03
[1784 sec, 5714913 itr]:      1185.03
[1785 sec, 5718664 itr]:      1185.03
[1786 sec, 5720794 itr]:      1185.03
[1787 sec, 5723867 itr]:      1185.03
[ optimality gap      ]:      100.00%
[1788 sec, 5727090 itr]:      1185.03
[1789 sec, 5731562 itr]:      1185.03
[1790 sec, 5735551 itr]:      1185.03
[1791 sec, 5740158 itr]:      1185.03
[1792 sec, 5743784 itr]:      1185.03
[1793 sec, 5746766 itr]:      1185.03
[1794 sec, 5750144 itr]:      1185.03
[1795 sec, 5753581 itr]:      1185.03
[1796 sec, 5757467 itr]:      1185.03
[1797 sec, 5759576 itr]:      1185.03
[ optimality gap      ]:      100.00%
[1798 sec, 5762237 itr]:      1185.03
[1799 sec, 5766243 itr]:      1185.03
[1800 sec, 5769075 itr]:      1185.03
[1801 sec, 5773103 itr]:      1185.03
[1802 sec, 5777028 itr]:      1185.03
[1803 sec, 5783680 itr]:      1185.03
[1804 sec, 5783680 itr]:      1185.03
[1805 sec, 5785947 itr]:      1185.03
[1806 sec, 5789003 itr]:      1185.03
[1807 sec, 5792949 itr]:      1185.03
[ optimality gap      ]:      100.00%
[1808 sec, 5798479 itr]:      1185.03
[1809 sec, 5798479 itr]:      1185.03
[1810 sec, 5801277 itr]:      1185.03
[1811 sec, 5805000 itr]:      1185.03
[1812 sec, 5807446 itr]:      1185.03
[1813 sec, 5810047 itr]:      1185.03
[1814 sec, 5813171 itr]:      1185.03
[1815 sec, 5816727 itr]:      1185.03
[1816 sec, 5819495 itr]:      1185.03
[1817 sec, 5822337 itr]:      1185.03
[ optimality gap      ]:      100.00%
[1818 sec, 5826429 itr]:      1185.03
[1819 sec, 5829174 itr]:      1185.03
[1820 sec, 5832816 itr]:      1185.03
[1821 sec, 5833258 itr]:      1185.03
[1822 sec, 5833953 itr]:      1185.03
[1823 sec, 5837519 itr]:      1185.03
[1824 sec, 5841176 itr]:      1185.03
[1825 sec, 5843441 itr]:      1185.03
[1826 sec, 5847105 itr]:      1185.03
[1827 sec, 5849716 itr]:      1185.03
[ optimality gap      ]:      100.00%
[1828 sec, 5852452 itr]:      1185.03
[1829 sec, 5854358 itr]:      1185.03
[1830 sec, 5857190 itr]:      1185.03
[1831 sec, 5859155 itr]:      1185.03
[1832 sec, 5862415 itr]:      1185.03
[1833 sec, 5866428 itr]:      1185.03
[1834 sec, 5868903 itr]:      1185.03
[1835 sec, 5872579 itr]:      1185.03
[1836 sec, 5874500 itr]:      1185.03
[1837 sec, 5880565 itr]:      1185.03
[ optimality gap      ]:      100.00%
[1838 sec, 5880565 itr]:      1185.03
[1839 sec, 5884087 itr]:      1185.03
[1840 sec, 5886770 itr]:      1185.03
[1841 sec, 5888305 itr]:      1185.03
[1842 sec, 5891005 itr]:      1185.03
[1843 sec, 5893553 itr]:      1185.03
[1844 sec, 5896150 itr]:      1185.03
[1845 sec, 5900414 itr]:      1185.03
[1846 sec, 5902773 itr]:      1185.03
[1847 sec, 5906385 itr]:      1185.03
[ optimality gap      ]:      100.00%
[1848 sec, 5910519 itr]:      1185.03
[1849 sec, 5913035 itr]:      1185.03
[1850 sec, 5918780 itr]:      1185.03
[1851 sec, 5918780 itr]:      1185.03
[1852 sec, 5922360 itr]:      1185.03
[1853 sec, 5924969 itr]:      1185.03
[1854 sec, 5927193 itr]:      1185.03
[1855 sec, 5933522 itr]:      1185.03
[1856 sec, 5933522 itr]:      1185.03
[1857 sec, 5937547 itr]:      1185.03
[ optimality gap      ]:      100.00%
[1858 sec, 5940491 itr]:      1185.03
[1859 sec, 5944134 itr]:      1185.03
[1860 sec, 5946771 itr]:      1185.03
[1861 sec, 5951339 itr]:      1185.03
[1862 sec, 5954563 itr]:      1185.03
[1863 sec, 5958098 itr]:      1185.03
[1864 sec, 5961826 itr]:      1185.03
[1865 sec, 5964884 itr]:      1185.03
[1866 sec, 5968417 itr]:      1185.03
[1867 sec, 5971254 itr]:      1174.68
[ optimality gap      ]:      100.00%
[1868 sec, 5973715 itr]:      1174.68
[1869 sec, 5975448 itr]:      1174.68
[1870 sec, 5978220 itr]:      1174.68
[1871 sec, 5980706 itr]:      1174.68
[1872 sec, 5982657 itr]:      1174.68
[1873 sec, 5986095 itr]:      1172.68
[1874 sec, 5989634 itr]:      1172.65
[1875 sec, 5989634 itr]:      1172.65
[1876 sec, 5992511 itr]:      1172.65
[1877 sec, 5996496 itr]:      1172.65
[ optimality gap      ]:      100.00%
[1878 sec, 5998901 itr]:      1172.65
[1879 sec, 6001883 itr]:      1172.65
[1880 sec, 6003895 itr]:      1172.65
[1881 sec, 6006572 itr]:      1172.65
[1882 sec, 6010082 itr]:      1172.65
[1883 sec, 6012193 itr]:      1172.65
[1884 sec, 6015582 itr]:      1172.65
[1885 sec, 6018688 itr]:      1172.65
[1886 sec, 6020222 itr]:      1172.65
[1887 sec, 6023117 itr]:      1172.65
[ optimality gap      ]:      100.00%
[1888 sec, 6025264 itr]:      1172.65
[1889 sec, 6027893 itr]:      1172.65
[1890 sec, 6030657 itr]:      1172.65
[1891 sec, 6033259 itr]:      1172.65
[1892 sec, 6036369 itr]:      1172.65
[1893 sec, 6038727 itr]:      1172.65
[1894 sec, 6040728 itr]:      1172.65
[1895 sec, 6042981 itr]:      1172.65
[1896 sec, 6045315 itr]:      1172.65
[1897 sec, 6047749 itr]:      1172.65
[ optimality gap      ]:      100.00%
[1898 sec, 6050597 itr]:      1172.65
[1899 sec, 6053218 itr]:      1172.65
[1900 sec, 6058607 itr]:      1172.65
[1901 sec, 6058607 itr]:      1172.65
[1902 sec, 6060816 itr]:      1172.65
[1903 sec, 6063103 itr]:      1172.65
[1904 sec, 6065154 itr]:      1172.65
[1905 sec, 6066679 itr]:      1172.65
[1906 sec, 6068526 itr]:      1172.65
[1907 sec, 6071814 itr]:      1172.65
[ optimality gap      ]:      100.00%
[1908 sec, 6075005 itr]:      1172.65
[1909 sec, 6076596 itr]:      1172.65
[1910 sec, 6081613 itr]:      1172.65
[1911 sec, 6081613 itr]:      1172.65
[1912 sec, 6084982 itr]:      1172.65
[1913 sec, 6087177 itr]:      1172.65
[1914 sec, 6090303 itr]:      1172.65
[1915 sec, 6093664 itr]:      1172.65
[1916 sec, 6099038 itr]:      1172.65
[1917 sec, 6099038 itr]:      1172.65
[ optimality gap      ]:      100.00%
[1918 sec, 6101207 itr]:      1172.65
[1919 sec, 6103945 itr]:      1172.65
[1920 sec, 6106415 itr]:      1172.65
[1921 sec, 6108622 itr]:      1172.65
[1922 sec, 6110564 itr]:      1172.65
[1923 sec, 6113178 itr]:      1172.65
[1924 sec, 6116522 itr]:      1172.65
[1925 sec, 6118268 itr]:      1172.65
[1926 sec, 6120471 itr]:      1172.65
[1927 sec, 6122739 itr]:      1172.65
[ optimality gap      ]:      100.00%
[1928 sec, 6124413 itr]:      1172.65
[1929 sec, 6126539 itr]:      1172.65
[1930 sec, 6128562 itr]:      1172.65
[1931 sec, 6131259 itr]:      1172.65
[1932 sec, 6134425 itr]:      1172.65
[1933 sec, 6136132 itr]:      1172.65
[1934 sec, 6139052 itr]:      1172.65
[1935 sec, 6140316 itr]:      1172.65
[1936 sec, 6143197 itr]:      1172.65
[1937 sec, 6145386 itr]:      1172.65
[ optimality gap      ]:      100.00%
[1938 sec, 6146980 itr]:      1172.65
[1939 sec, 6153053 itr]:      1172.65
[1940 sec, 6156429 itr]:      1172.65
[1941 sec, 6156429 itr]:      1172.65
[1942 sec, 6158342 itr]:      1172.65
[1943 sec, 6160343 itr]:      1172.65
[1944 sec, 6163764 itr]:      1172.65
[1945 sec, 6166330 itr]:      1172.65
[1946 sec, 6169069 itr]:      1172.65
[1947 sec, 6171280 itr]:      1172.65
[ optimality gap      ]:      100.00%
[1948 sec, 6173935 itr]:      1172.65
[1949 sec, 6176784 itr]:      1172.65
[1950 sec, 6178532 itr]:      1172.65
[1951 sec, 6181124 itr]:      1172.65
[1952 sec, 6183501 itr]:      1172.65
[1953 sec, 6190352 itr]:      1172.65
[1954 sec, 6190352 itr]:      1172.65
[1955 sec, 6193485 itr]:      1172.65
[1956 sec, 6196618 itr]:      1172.65
[1957 sec, 6198906 itr]:      1172.65
[ optimality gap      ]:      100.00%
[1958 sec, 6201547 itr]:      1172.65
[1959 sec, 6204745 itr]:      1172.65
[1960 sec, 6206697 itr]:      1172.65
[1961 sec, 6208698 itr]:      1172.65
[1962 sec, 6211653 itr]:      1172.65
[1963 sec, 6214284 itr]:      1172.65
[1964 sec, 6219820 itr]:      1172.65
[1965 sec, 6219820 itr]:      1172.65
[1966 sec, 6223043 itr]:      1172.65
[1967 sec, 6228763 itr]:      1172.65
[ optimality gap      ]:      100.00%
[1968 sec, 6228763 itr]:      1172.65
[1969 sec, 6232407 itr]:      1172.65
[1970 sec, 6235103 itr]:      1172.65
[1971 sec, 6238022 itr]:      1172.65
[1972 sec, 6240838 itr]:      1172.65
[1973 sec, 6243192 itr]:      1172.65
[1974 sec, 6245630 itr]:      1172.65
[1975 sec, 6248451 itr]:      1172.65
[1976 sec, 6250064 itr]:      1172.65
[1977 sec, 6253565 itr]:      1172.65
[ optimality gap      ]:      100.00%
[1978 sec, 6257301 itr]:      1172.65
[1979 sec, 6260141 itr]:      1172.65
[1980 sec, 6264423 itr]:      1172.65
[1981 sec, 6267032 itr]:      1172.65
[1982 sec, 6270181 itr]:      1172.65
[1983 sec, 6273717 itr]:      1172.65
[1984 sec, 6276662 itr]:      1172.65
[1985 sec, 6279903 itr]:      1172.65
[1986 sec, 6283322 itr]:      1172.65
[1987 sec, 6286220 itr]:      1172.65
[ optimality gap      ]:      100.00%
[1988 sec, 6288404 itr]:      1172.65
[1989 sec, 6292295 itr]:      1172.65
[1990 sec, 6294129 itr]:      1172.65
[1991 sec, 6299581 itr]:      1172.65
[1992 sec, 6299581 itr]:      1172.65
[1993 sec, 6301325 itr]:      1172.65
[1994 sec, 6307281 itr]:      1172.65
[1995 sec, 6307281 itr]:      1172.65
[1996 sec, 6311444 itr]:      1172.65
[1997 sec, 6312972 itr]:      1172.65
[ optimality gap      ]:      100.00%
[1998 sec, 6316034 itr]:      1172.65
[1999 sec, 6319080 itr]:      1172.65
[2000 sec, 6321165 itr]:      1172.65
[2001 sec, 6324150 itr]:      1172.65
[2002 sec, 6326233 itr]:      1172.65
[2003 sec, 6327353 itr]:      1172.65
[2004 sec, 6330143 itr]:      1172.65
[2005 sec, 6335545 itr]:      1172.65
[2006 sec, 6335545 itr]:      1172.65
[2007 sec, 6338101 itr]:      1172.65
[ optimality gap      ]:      100.00%
[2008 sec, 6340565 itr]:      1172.65
[2009 sec, 6343342 itr]:      1172.65
[2010 sec, 6348662 itr]:      1172.65
[2011 sec, 6348662 itr]:      1172.65
[2012 sec, 6351742 itr]:      1172.65
[2013 sec, 6355260 itr]:      1172.65
[2014 sec, 6358524 itr]:      1172.65
[2015 sec, 6361354 itr]:      1172.65
[2016 sec, 6364651 itr]:      1172.65
[2017 sec, 6370417 itr]:      1172.65
[ optimality gap      ]:      100.00%
[2018 sec, 6370417 itr]:      1172.65
[2019 sec, 6373123 itr]:      1172.65
[2020 sec, 6376070 itr]:      1172.65
[2021 sec, 6378477 itr]:      1172.65
[2022 sec, 6383418 itr]:      1172.65
[2023 sec, 6383418 itr]:      1172.65
[2024 sec, 6385888 itr]:      1172.65
[2025 sec, 6388088 itr]:      1172.65
[2026 sec, 6390798 itr]:      1172.65
[2027 sec, 6392699 itr]:      1172.65
[ optimality gap      ]:      100.00%
[2028 sec, 6396253 itr]:      1172.65
[2029 sec, 6399225 itr]:      1172.65
[2030 sec, 6402064 itr]:      1172.65
[2031 sec, 6403671 itr]:      1172.65
[2032 sec, 6408897 itr]:      1172.65
[2033 sec, 6408897 itr]:      1172.65
[2034 sec, 6411873 itr]:      1172.65
[2035 sec, 6414708 itr]:      1172.65
[2036 sec, 6417464 itr]:      1172.65
[2037 sec, 6422540 itr]:      1172.65
[ optimality gap      ]:      100.00%
[2038 sec, 6422540 itr]:      1172.65
[2039 sec, 6425374 itr]:      1172.65
[2040 sec, 6427936 itr]:      1172.65
[2041 sec, 6432994 itr]:      1172.65
[2042 sec, 6432994 itr]:      1172.65
[2043 sec, 6435767 itr]:      1172.65
[2044 sec, 6438580 itr]:      1172.65
[2045 sec, 6440631 itr]:      1172.65
[2046 sec, 6443949 itr]:      1172.65
[2047 sec, 6446122 itr]:      1172.65
[ optimality gap      ]:      100.00%
[2048 sec, 6451682 itr]:      1172.65
[2049 sec, 6451682 itr]:      1172.65
[2050 sec, 6454638 itr]:      1172.65
[2051 sec, 6457601 itr]:      1172.65
[2052 sec, 6460934 itr]:      1172.65
[2053 sec, 6466333 itr]:      1172.65
[2054 sec, 6466333 itr]:      1172.65
[2055 sec, 6468459 itr]:      1172.65
[2056 sec, 6474079 itr]:      1172.65
[2057 sec, 6474079 itr]:      1172.65
[ optimality gap      ]:      100.00%
[2058 sec, 6479945 itr]:      1172.65
[2059 sec, 6479945 itr]:      1172.65
[2060 sec, 6483956 itr]:      1172.65
[2061 sec, 6485499 itr]:      1172.65
[2062 sec, 6487456 itr]:      1172.65
[2063 sec, 6489442 itr]:      1172.65
[2064 sec, 6492185 itr]:      1172.65
[2065 sec, 6494405 itr]:      1172.65
[2066 sec, 6497824 itr]:      1172.65
[2067 sec, 6500848 itr]:      1172.65
[ optimality gap      ]:      100.00%
[2068 sec, 6503384 itr]:      1172.65
[2069 sec, 6506868 itr]:      1172.65
[2070 sec, 6507931 itr]:      1172.65
[2071 sec, 6510893 itr]:      1172.65
[2072 sec, 6513120 itr]:      1172.65
[2073 sec, 6517247 itr]:      1172.65
[2074 sec, 6520131 itr]:      1172.65
[2075 sec, 6520131 itr]:      1172.65
[2076 sec, 6522230 itr]:      1172.65
[2077 sec, 6523928 itr]:      1172.65
[ optimality gap      ]:      100.00%
[2078 sec, 6526793 itr]:      1172.65
[2079 sec, 6529817 itr]:      1172.65
[2080 sec, 6534346 itr]:      1172.65
[2081 sec, 6534346 itr]:      1172.65
[2082 sec, 6537168 itr]:      1172.65
[2083 sec, 6539574 itr]:      1172.65
[2084 sec, 6540027 itr]:      1172.65
[2085 sec, 6542773 itr]:      1172.65
[2086 sec, 6545056 itr]:      1172.65
[2087 sec, 6547408 itr]:      1172.65
[ optimality gap      ]:      100.00%
[2088 sec, 6548971 itr]:      1172.65
[2089 sec, 6549791 itr]:      1172.65
[2090 sec, 6552552 itr]:      1172.65
[2091 sec, 6554080 itr]:      1172.65
[2092 sec, 6556179 itr]:      1172.65
[2093 sec, 6559181 itr]:      1172.65
[2094 sec, 6562318 itr]:      1172.65
[2095 sec, 6564829 itr]:      1172.65
[2096 sec, 6566505 itr]:      1172.65
[2097 sec, 6568488 itr]:      1172.65
[ optimality gap      ]:      100.00%
[2098 sec, 6571194 itr]:      1172.65
[2099 sec, 6572510 itr]:      1172.65
[2100 sec, 6574899 itr]:      1172.65
[2101 sec, 6577092 itr]:      1172.65
[2102 sec, 6579870 itr]:      1172.65
[2103 sec, 6582851 itr]:      1172.65
[2104 sec, 6583757 itr]:      1172.65
[2105 sec, 6587436 itr]:      1172.65
[2106 sec, 6591086 itr]:      1172.65
[2107 sec, 6591689 itr]:      1172.65
[ optimality gap      ]:      100.00%
[2108 sec, 6593775 itr]:      1172.65
[2109 sec, 6600485 itr]:      1172.65
[2110 sec, 6600485 itr]:      1172.65
[2111 sec, 6603233 itr]:      1172.65
[2112 sec, 6605955 itr]:      1172.65
[2113 sec, 6607758 itr]:      1172.65
[2114 sec, 6610281 itr]:      1172.65
[2115 sec, 6612764 itr]:      1172.65
[2116 sec, 6615099 itr]:      1172.65
[2117 sec, 6617826 itr]:      1172.65
[ optimality gap      ]:      100.00%
[2118 sec, 6619769 itr]:      1172.65
[2119 sec, 6621951 itr]:      1172.65
[2120 sec, 6625260 itr]:      1172.65
[2121 sec, 6629640 itr]:      1172.65
[2122 sec, 6631342 itr]:      1172.65
[2123 sec, 6631342 itr]:      1172.65
[2124 sec, 6634742 itr]:      1172.65
[2125 sec, 6637042 itr]:      1172.65
[2126 sec, 6643589 itr]:      1172.65
[2127 sec, 6643589 itr]:      1172.65
[ optimality gap      ]:      100.00%
[2128 sec, 6646738 itr]:      1172.65
[2129 sec, 6649546 itr]:      1172.65
[2130 sec, 6652129 itr]:      1172.65
[2131 sec, 6654640 itr]:      1172.65
[2132 sec, 6655016 itr]:      1172.65
[2133 sec, 6657587 itr]:      1172.65
[2134 sec, 6660660 itr]:      1172.65
[2135 sec, 6663100 itr]:      1172.65
[2136 sec, 6666003 itr]:      1172.65
[2137 sec, 6668949 itr]:      1172.65
[ optimality gap      ]:      100.00%
[2138 sec, 6672093 itr]:      1172.65
[2139 sec, 6675277 itr]:      1172.65
[2140 sec, 6677732 itr]:      1172.65
[2141 sec, 6680154 itr]:      1172.65
[2142 sec, 6682657 itr]:      1172.65
[2143 sec, 6687645 itr]:      1172.65
[2144 sec, 6687645 itr]:      1172.65
[2145 sec, 6690377 itr]:      1172.65
[2146 sec, 6692044 itr]:      1172.65
[2147 sec, 6693681 itr]:      1172.65
[ optimality gap      ]:      100.00%
[2148 sec, 6696625 itr]:      1172.65
[2149 sec, 6699212 itr]:      1172.65
[2150 sec, 6701824 itr]:      1172.65
[2151 sec, 6702876 itr]:      1172.65
[2152 sec, 6704107 itr]:      1172.65
[2153 sec, 6706076 itr]:      1172.65
[2154 sec, 6709165 itr]:      1172.65
[2155 sec, 6711765 itr]:      1172.65
[2156 sec, 6713977 itr]:      1172.65
[2157 sec, 6715033 itr]:      1172.65
[ optimality gap      ]:      100.00%
[2158 sec, 6717217 itr]:      1172.65
[2159 sec, 6719664 itr]:      1172.65
[2160 sec, 6722935 itr]:      1172.65
[2161 sec, 6724898 itr]:      1172.65
[2162 sec, 6728105 itr]:      1172.65
[2163 sec, 6731804 itr]:      1172.65
[2164 sec, 6734692 itr]:      1172.65
[2165 sec, 6737240 itr]:      1172.65
[2166 sec, 6739598 itr]:      1172.65
[2167 sec, 6742129 itr]:      1172.65
[ optimality gap      ]:      100.00%
[2168 sec, 6744752 itr]:      1172.65
[2169 sec, 6747933 itr]:      1172.65
[2170 sec, 6747933 itr]:      1172.65
[2171 sec, 6753693 itr]:      1172.65
[2172 sec, 6753693 itr]:      1172.65
[2173 sec, 6757557 itr]:      1172.65
[2174 sec, 6757557 itr]:      1172.65
[2175 sec, 6760998 itr]:      1172.65
[2176 sec, 6763166 itr]:      1172.65
[2177 sec, 6764885 itr]:      1172.65
[ optimality gap      ]:      100.00%
[2178 sec, 6768055 itr]:      1172.65
[2179 sec, 6774052 itr]:      1172.65
[2180 sec, 6774052 itr]:      1172.65
[2181 sec, 6777091 itr]:      1172.65
[2182 sec, 6780366 itr]:      1172.65
[2183 sec, 6785891 itr]:      1172.65
[2184 sec, 6785891 itr]:      1172.65
[2185 sec, 6788526 itr]:      1172.65
[2186 sec, 6791235 itr]:      1172.65
[2187 sec, 6792671 itr]:      1172.65
[ optimality gap      ]:      100.00%
[2188 sec, 6794377 itr]:      1172.65
[2189 sec, 6797368 itr]:      1172.65
[2190 sec, 6801051 itr]:      1172.65
[2191 sec, 6803072 itr]:      1172.65
[2192 sec, 6805694 itr]:      1172.65
[2193 sec, 6808313 itr]:      1172.65
[2194 sec, 6810100 itr]:      1172.65
[2195 sec, 6812195 itr]:      1172.65
[2196 sec, 6815737 itr]:      1172.65
[2197 sec, 6818740 itr]:      1172.65
[ optimality gap      ]:      100.00%
[2198 sec, 6821217 itr]:      1172.65
[2199 sec, 6822201 itr]:      1172.65
[2200 sec, 6823665 itr]:      1172.65
[2201 sec, 6826045 itr]:      1172.65
[2202 sec, 6831200 itr]:      1172.65
[2203 sec, 6831200 itr]:      1172.65
[2204 sec, 6834147 itr]:      1172.65
[2205 sec, 6836447 itr]:      1172.65
[2206 sec, 6839650 itr]:      1172.65
[2207 sec, 6841733 itr]:      1172.65
[ optimality gap      ]:      100.00%
[2208 sec, 6844764 itr]:      1172.65
[2209 sec, 6851565 itr]:      1172.65
[2210 sec, 6851565 itr]:      1172.65
[2211 sec, 6854416 itr]:      1172.65
[2212 sec, 6856401 itr]:      1172.65
[2213 sec, 6857228 itr]:      1172.65
[2214 sec, 6859682 itr]:      1172.65
[2215 sec, 6861714 itr]:      1172.65
[2216 sec, 6864008 itr]:      1172.65
[2217 sec, 6867261 itr]:      1172.65
[ optimality gap      ]:      100.00%
[2218 sec, 6870717 itr]:      1172.65
[2219 sec, 6872527 itr]:      1172.65
[2220 sec, 6874772 itr]:      1172.65
[2221 sec, 6877379 itr]:      1172.65
[2222 sec, 6879136 itr]:      1172.65
[2223 sec, 6881977 itr]:      1172.65
[2224 sec, 6882574 itr]:      1172.65
[2225 sec, 6885047 itr]:      1172.65
[2226 sec, 6887870 itr]:      1172.65
[2227 sec, 6894128 itr]:      1172.65
[ optimality gap      ]:      100.00%
[2228 sec, 6894128 itr]:      1172.65
[2229 sec, 6900438 itr]:      1172.65
[2230 sec, 6900438 itr]:      1172.65
[2231 sec, 6902755 itr]:      1172.65
[2232 sec, 6905076 itr]:      1172.65
[2233 sec, 6910595 itr]:      1172.65
[2234 sec, 6910595 itr]:      1172.65
[2235 sec, 6913467 itr]:      1172.65
[2236 sec, 6915985 itr]:      1172.65
[2237 sec, 6920257 itr]:      1172.65
[ optimality gap      ]:      100.00%
[2238 sec, 6920257 itr]:      1172.65
[2239 sec, 6922683 itr]:      1172.65
[2240 sec, 6925333 itr]:      1172.65
[2241 sec, 6928086 itr]:      1172.65
[2242 sec, 6930594 itr]:      1172.65
[2243 sec, 6933072 itr]:      1172.65
[2244 sec, 6935944 itr]:      1172.65
[2245 sec, 6937935 itr]:      1172.65
[2246 sec, 6940039 itr]:      1172.65
[2247 sec, 6944943 itr]:      1172.65
[ optimality gap      ]:      100.00%
[2248 sec, 6944943 itr]:      1172.65
[2249 sec, 6948499 itr]:      1172.65
[2250 sec, 6953384 itr]:      1172.65
[2251 sec, 6953384 itr]:      1172.65
[2252 sec, 6956071 itr]:      1172.65
[2253 sec, 6956696 itr]:      1172.65
[2254 sec, 6961893 itr]:      1172.65
[2255 sec, 6961893 itr]:      1172.65
[2256 sec, 6964689 itr]:      1172.65
[2257 sec, 6966152 itr]:      1172.65
[ optimality gap      ]:      100.00%
[2258 sec, 6968580 itr]:      1172.65
[2259 sec, 6971148 itr]:      1172.65
[2260 sec, 6974301 itr]:      1172.65
[2261 sec, 6976659 itr]:      1172.65
[2262 sec, 6980154 itr]:      1172.65
[2263 sec, 6983224 itr]:      1172.65
[2264 sec, 6985637 itr]:      1172.65
[2265 sec, 6988978 itr]:      1172.65
[2266 sec, 6990900 itr]:      1172.65
[2267 sec, 6993927 itr]:      1172.65
[ optimality gap      ]:      100.00%
[2268 sec, 6996234 itr]:      1172.65
[2269 sec, 6999040 itr]:      1172.65
[2270 sec, 7002500 itr]:      1172.65
[2271 sec, 7005221 itr]:      1172.65
[2272 sec, 7007422 itr]:      1172.65
[2273 sec, 7009168 itr]:      1172.65
[2274 sec, 7013723 itr]:      1172.65
[2275 sec, 7013723 itr]:      1172.65
[2276 sec, 7016989 itr]:      1172.65
[2277 sec, 7020485 itr]:      1172.65
[ optimality gap      ]:      100.00%
[2278 sec, 7023059 itr]:      1172.65
[2279 sec, 7023416 itr]:      1172.65
[2280 sec, 7025797 itr]:      1172.65
[2281 sec, 7028408 itr]:      1172.65
[2282 sec, 7030377 itr]:      1172.65
[2283 sec, 7032739 itr]:      1172.65
[2284 sec, 7034373 itr]:      1172.65
[2285 sec, 7036316 itr]:      1172.65
[2286 sec, 7039023 itr]:      1172.65
[2287 sec, 7042573 itr]:      1172.65
[ optimality gap      ]:      100.00%
[2288 sec, 7044903 itr]:      1172.65
[2289 sec, 7047405 itr]:      1172.65
[2290 sec, 7049981 itr]:      1172.65
[2291 sec, 7052258 itr]:      1172.65
[2292 sec, 7055472 itr]:      1172.65
[2293 sec, 7057268 itr]:      1172.65
[2294 sec, 7059430 itr]:      1172.65
[2295 sec, 7061292 itr]:      1172.65
[2296 sec, 7063733 itr]:      1172.65
[2297 sec, 7065591 itr]:      1172.65
[ optimality gap      ]:      100.00%
[2298 sec, 7071239 itr]:      1172.65
[2299 sec, 7074874 itr]:      1172.65
[2300 sec, 7074874 itr]:      1172.65
[2301 sec, 7077356 itr]:      1172.65
[2302 sec, 7080634 itr]:      1172.65
[2303 sec, 7084095 itr]:      1172.65
[2304 sec, 7086003 itr]:      1172.65
[2305 sec, 7089884 itr]:      1172.65
[2306 sec, 7091062 itr]:      1168.52
[2307 sec, 7095241 itr]:      1168.52
[ optimality gap      ]:      100.00%
[2308 sec, 7100725 itr]:      1168.52
[2309 sec, 7100725 itr]:      1168.52
[2310 sec, 7102231 itr]:      1168.52
[2311 sec, 7105449 itr]:      1168.52
[2312 sec, 7106570 itr]:      1168.52
[2313 sec, 7109159 itr]:      1168.52
[2314 sec, 7111677 itr]:      1168.52
[2315 sec, 7114152 itr]:      1168.52
[2316 sec, 7118502 itr]:      1168.52
[2317 sec, 7118502 itr]:      1168.52
[ optimality gap      ]:      100.00%
[2318 sec, 7121151 itr]:      1168.52
[2319 sec, 7124251 itr]:      1168.52
[2320 sec, 7126793 itr]:      1168.52
[2321 sec, 7128931 itr]:      1168.52
[2322 sec, 7130947 itr]:      1168.52
[2323 sec, 7133038 itr]:      1168.52
[2324 sec, 7135882 itr]:      1168.52
[2325 sec, 7139538 itr]:      1168.52
[2326 sec, 7142283 itr]:      1168.52
[2327 sec, 7146558 itr]:      1168.52
[ optimality gap      ]:      100.00%
[2328 sec, 7146558 itr]:      1168.52
[2329 sec, 7151449 itr]:      1168.52
[2330 sec, 7151449 itr]:      1168.52
[2331 sec, 7153237 itr]:      1168.52
[2332 sec, 7154850 itr]:      1168.52
[2333 sec, 7157308 itr]:      1168.52
[2334 sec, 7159530 itr]:      1168.52
[2335 sec, 7163305 itr]:      1168.52
[2336 sec, 7166091 itr]:      1168.52
[2337 sec, 7167978 itr]:      1168.52
[ optimality gap      ]:      100.00%
[2338 sec, 7171515 itr]:      1168.52
[2339 sec, 7173138 itr]:      1168.52
[2340 sec, 7175989 itr]:      1168.52
[2341 sec, 7177957 itr]:      1168.52
[2342 sec, 7180109 itr]:      1168.52
[2343 sec, 7184359 itr]:      1168.52
[2344 sec, 7184359 itr]:      1168.52
[2345 sec, 7189516 itr]:      1168.52
[2346 sec, 7189516 itr]:      1168.52
[2347 sec, 7191248 itr]:      1168.52
[ optimality gap      ]:      100.00%
[2348 sec, 7194588 itr]:      1168.52
[2349 sec, 7197293 itr]:      1168.52
[2350 sec, 7199371 itr]:      1168.52
[2351 sec, 7202302 itr]:      1168.52
[2352 sec, 7204867 itr]:      1168.52
[2353 sec, 7209301 itr]:      1168.52
[2354 sec, 7209301 itr]:      1168.52
[2355 sec, 7212375 itr]:      1168.52
[2356 sec, 7215132 itr]:      1168.52
[2357 sec, 7218306 itr]:      1168.52
[ optimality gap      ]:      100.00%
[2358 sec, 7221248 itr]:      1168.52
[2359 sec, 7223802 itr]:      1168.52
[2360 sec, 7227348 itr]:      1168.52
[2361 sec, 7229961 itr]:      1168.52
[2362 sec, 7233020 itr]:      1168.52
[2363 sec, 7236227 itr]:      1168.52
[2364 sec, 7239388 itr]:      1168.52
[2365 sec, 7242396 itr]:      1168.52
[2366 sec, 7244758 itr]:      1168.52
[2367 sec, 7246901 itr]:      1168.52
[ optimality gap      ]:      100.00%
[2368 sec, 7247257 itr]:      1168.52
[2369 sec, 7250672 itr]:      1168.52
[2370 sec, 7253940 itr]:      1168.52
[2371 sec, 7258388 itr]:      1168.52
[2372 sec, 7258388 itr]:      1168.52
[2373 sec, 7261392 itr]:      1168.52
[2374 sec, 7264555 itr]:      1168.52
[2375 sec, 7267714 itr]:      1168.52
[2376 sec, 7270905 itr]:      1168.52
[2377 sec, 7273340 itr]:      1168.52
[ optimality gap      ]:      100.00%
[2378 sec, 7274697 itr]:      1168.52
[2379 sec, 7275935 itr]:      1168.52
[2380 sec, 7278959 itr]:      1168.52
[2381 sec, 7280733 itr]:      1168.52
[2382 sec, 7282722 itr]:      1168.52
[2383 sec, 7286353 itr]:      1168.52
[2384 sec, 7287679 itr]:      1168.52
[2385 sec, 7289239 itr]:      1168.52
[2386 sec, 7291668 itr]:      1168.52
[2387 sec, 7294823 itr]:      1168.52
[ optimality gap      ]:      100.00%
[2388 sec, 7296098 itr]:      1168.52
[2389 sec, 7298756 itr]:      1168.52
[2390 sec, 7300855 itr]:      1168.52
[2391 sec, 7302294 itr]:      1168.52
[2392 sec, 7304092 itr]:      1168.52
[2393 sec, 7305858 itr]:      1168.52
[2394 sec, 7308185 itr]:      1168.52
[2395 sec, 7309456 itr]:      1168.52
[2396 sec, 7312837 itr]:      1168.52
[2397 sec, 7314684 itr]:      1168.52
[ optimality gap      ]:      100.00%
[2398 sec, 7317145 itr]:      1168.52
[2399 sec, 7319893 itr]:      1168.52
[2400 sec, 7322453 itr]:      1168.52
[2401 sec, 7324789 itr]:      1168.52
[2402 sec, 7327041 itr]:      1168.52
[2403 sec, 7327919 itr]:      1168.52
[2404 sec, 7330524 itr]:      1168.52
[2405 sec, 7332810 itr]:      1168.52
[2406 sec, 7339146 itr]:      1168.52
[2407 sec, 7341722 itr]:      1168.52
[ optimality gap      ]:      100.00%
[2408 sec, 7341722 itr]:      1168.52
[2409 sec, 7344634 itr]:      1168.52
[2410 sec, 7348392 itr]:      1168.52
[2411 sec, 7351002 itr]:      1168.52
[2412 sec, 7351002 itr]:      1168.52
[2413 sec, 7356076 itr]:      1168.52
[2414 sec, 7356076 itr]:      1168.52
[2415 sec, 7358179 itr]:      1168.52
[2416 sec, 7360817 itr]:      1168.52
[2417 sec, 7363096 itr]:      1168.52
[ optimality gap      ]:      100.00%
[2418 sec, 7366109 itr]:      1168.52
[2419 sec, 7368960 itr]:      1168.52
[2420 sec, 7371233 itr]:      1168.52
[2421 sec, 7374192 itr]:      1168.52
[2422 sec, 7379141 itr]:      1168.52
[2423 sec, 7379141 itr]:      1168.52
[2424 sec, 7381419 itr]:      1168.52
[2425 sec, 7384893 itr]:      1168.52
[2426 sec, 7387039 itr]:      1168.52
[2427 sec, 7392322 itr]:      1168.52
[ optimality gap      ]:      100.00%
[2428 sec, 7395837 itr]:      1168.52
[2429 sec, 7395837 itr]:      1168.52
[2430 sec, 7399486 itr]:      1168.52
[2431 sec, 7402349 itr]:      1168.52
[2432 sec, 7402970 itr]:      1168.52
[2433 sec, 7406798 itr]:      1168.52
[2434 sec, 7406798 itr]:      1168.52
[2435 sec, 7409063 itr]:      1168.52
[2436 sec, 7411236 itr]:      1168.52
[2437 sec, 7414060 itr]:      1168.52
[ optimality gap      ]:      100.00%
[2438 sec, 7416102 itr]:      1168.52
[2439 sec, 7418382 itr]:      1168.52
[2440 sec, 7420940 itr]:      1168.52
[2441 sec, 7422600 itr]:      1168.52
[2442 sec, 7424310 itr]:      1168.52
[2443 sec, 7427048 itr]:      1168.52
[2444 sec, 7432240 itr]:      1168.52
[2445 sec, 7432240 itr]:      1168.52
[2446 sec, 7435648 itr]:      1168.52
[2447 sec, 7438190 itr]:      1168.52
[ optimality gap      ]:      100.00%
[2448 sec, 7441001 itr]:      1168.52
[2449 sec, 7443478 itr]:      1168.52
[2450 sec, 7446040 itr]:      1168.52
[2451 sec, 7448584 itr]:      1168.52
[2452 sec, 7450144 itr]:      1168.52
[2453 sec, 7453135 itr]:      1168.52
[2454 sec, 7455607 itr]:      1168.52
[2455 sec, 7457513 itr]:      1168.52
[2456 sec, 7459286 itr]:      1168.52
[2457 sec, 7460692 itr]:      1168.52
[ optimality gap      ]:      100.00%
[2458 sec, 7464103 itr]:      1168.52
[2459 sec, 7465740 itr]:      1168.52
[2460 sec, 7468802 itr]:      1168.52
[2461 sec, 7472725 itr]:      1168.52
[2462 sec, 7475536 itr]:      1168.52
[2463 sec, 7478762 itr]:      1168.52
[2464 sec, 7481903 itr]:      1168.52
[2465 sec, 7487990 itr]:      1168.52
[2466 sec, 7487990 itr]:      1168.52
[2467 sec, 7491012 itr]:      1168.52
[ optimality gap      ]:      100.00%
[2468 sec, 7492800 itr]:      1168.52
[2469 sec, 7495296 itr]:      1168.52
[2470 sec, 7498623 itr]:      1168.52
[2471 sec, 7501927 itr]:      1168.52
[2472 sec, 7504392 itr]:      1168.52
[2473 sec, 7506122 itr]:      1168.52
[2474 sec, 7508192 itr]:      1168.52
[2475 sec, 7511157 itr]:      1168.52
[2476 sec, 7514267 itr]:      1168.52
[2477 sec, 7517446 itr]:      1168.52
[ optimality gap      ]:      100.00%
[2478 sec, 7519683 itr]:      1168.52
[2479 sec, 7522418 itr]:      1168.52
[2480 sec, 7527265 itr]:      1168.52
[2481 sec, 7529550 itr]:      1168.52
[2482 sec, 7529550 itr]:      1168.52
[2483 sec, 7531956 itr]:      1168.52
[2484 sec, 7534552 itr]:      1168.52
[2485 sec, 7540282 itr]:      1168.52
[2486 sec, 7540282 itr]:      1168.52
[2487 sec, 7543248 itr]:      1168.52
[ optimality gap      ]:      100.00%
[2488 sec, 7546451 itr]:      1168.52
[2489 sec, 7549035 itr]:      1168.52
[2490 sec, 7552608 itr]:      1168.52
[2491 sec, 7557744 itr]:      1168.52
[2492 sec, 7557744 itr]:      1168.52
[2493 sec, 7559757 itr]:      1168.52
[2494 sec, 7562386 itr]:      1168.52
[2495 sec, 7564635 itr]:      1168.52
[2496 sec, 7567490 itr]:      1168.52
[2497 sec, 7572757 itr]:      1168.52
[ optimality gap      ]:      100.00%
[2498 sec, 7572757 itr]:      1168.52
[2499 sec, 7575856 itr]:      1168.52
[2500 sec, 7579516 itr]:      1168.52
[2501 sec, 7581751 itr]:      1168.52
[2502 sec, 7587760 itr]:      1168.52
[2503 sec, 7590445 itr]:      1168.52
[2504 sec, 7590445 itr]:      1168.52
[2505 sec, 7594256 itr]:      1168.52
[2506 sec, 7595896 itr]:      1168.52
[2507 sec, 7598879 itr]:      1168.52
[ optimality gap      ]:      100.00%
[2508 sec, 7604651 itr]:      1168.52
[2509 sec, 7604651 itr]:      1168.52
[2510 sec, 7607895 itr]:      1168.52
[2511 sec, 7611656 itr]:      1168.52
[2512 sec, 7617757 itr]:      1168.52
[2513 sec, 7621634 itr]:      1168.52
[2514 sec, 7621634 itr]:      1168.52
[2515 sec, 7625040 itr]:      1168.52
[2516 sec, 7627567 itr]:      1168.52
[2517 sec, 7628827 itr]:      1168.52
[ optimality gap      ]:      100.00%
[2518 sec, 7631579 itr]:      1168.52
[2519 sec, 7634032 itr]:      1168.52
[2520 sec, 7637255 itr]:      1168.52
[2521 sec, 7640238 itr]:      1168.52
[2522 sec, 7643370 itr]:      1168.52
[2523 sec, 7645970 itr]:      1168.52
[2524 sec, 7648831 itr]:      1168.52
[2525 sec, 7650584 itr]:      1168.52
[2526 sec, 7653196 itr]:      1168.52
[2527 sec, 7655149 itr]:      1168.52
[ optimality gap      ]:      100.00%
[2528 sec, 7657971 itr]:      1168.52
[2529 sec, 7660172 itr]:      1168.52
[2530 sec, 7663753 itr]:      1168.52
[2531 sec, 7665987 itr]:      1168.52
[2532 sec, 7670730 itr]:      1168.52
[2533 sec, 7670730 itr]:      1168.52
[2534 sec, 7674529 itr]:      1168.52
[2535 sec, 7676286 itr]:      1168.52
[2536 sec, 7680106 itr]:      1168.52
[2537 sec, 7682222 itr]:      1168.52
[ optimality gap      ]:      100.00%
[2538 sec, 7685055 itr]:      1168.52
[2539 sec, 7688362 itr]:      1168.52
[2540 sec, 7690597 itr]:      1168.52
[2541 sec, 7694038 itr]:      1168.52
[2542 sec, 7696967 itr]:      1168.52
[2543 sec, 7699674 itr]:      1168.52
[2544 sec, 7702457 itr]:      1168.52
[2545 sec, 7705731 itr]:      1168.52
[2546 sec, 7707507 itr]:      1168.52
[2547 sec, 7711449 itr]:      1168.52
[ optimality gap      ]:      100.00%
[2548 sec, 7715027 itr]:      1168.52
[2549 sec, 7721501 itr]:      1168.52
[2550 sec, 7721501 itr]:      1168.52
[2551 sec, 7724912 itr]:      1168.52
[2552 sec, 7728850 itr]:      1168.52
[2553 sec, 7730950 itr]:      1168.52
[2554 sec, 7734328 itr]:      1168.52
[2555 sec, 7736439 itr]:      1168.52
[2556 sec, 7738938 itr]:      1168.52
[2557 sec, 7741124 itr]:      1168.52
[ optimality gap      ]:      100.00%
[2558 sec, 7743985 itr]:      1168.52
[2559 sec, 7747463 itr]:      1168.52
[2560 sec, 7750229 itr]:      1168.52
[2561 sec, 7752350 itr]:      1168.52
[2562 sec, 7754837 itr]:      1168.52
[2563 sec, 7756781 itr]:      1168.52
[2564 sec, 7758870 itr]:      1168.52
[2565 sec, 7761875 itr]:      1168.52
[2566 sec, 7763770 itr]:      1168.52
[2567 sec, 7766506 itr]:      1168.52
[ optimality gap      ]:      100.00%
[2568 sec, 7769062 itr]:      1168.52
[2569 sec, 7771987 itr]:      1168.52
[2570 sec, 7774846 itr]:      1168.52
[2571 sec, 7778638 itr]:      1168.52
[2572 sec, 7783852 itr]:      1168.52
[2573 sec, 7783852 itr]:      1168.52
[2574 sec, 7786172 itr]:      1168.52
[2575 sec, 7789405 itr]:      1168.52
[2576 sec, 7790720 itr]:      1168.52
[2577 sec, 7792774 itr]:      1168.52
[ optimality gap      ]:      100.00%
[2578 sec, 7796312 itr]:      1168.52
[2579 sec, 7802067 itr]:      1168.52
[2580 sec, 7802067 itr]:      1168.52
[2581 sec, 7804269 itr]:      1168.52
[2582 sec, 7805882 itr]:      1168.52
[2583 sec, 7808937 itr]:      1168.52
[2584 sec, 7808937 itr]:      1168.52
[2585 sec, 7812168 itr]:      1168.52
[2586 sec, 7814761 itr]:      1168.52
[2587 sec, 7816640 itr]:      1168.52
[ optimality gap      ]:      100.00%
[2588 sec, 7818221 itr]:      1168.52
[2589 sec, 7820221 itr]:      1168.52
[2590 sec, 7822722 itr]:      1168.52
[2591 sec, 7825883 itr]:      1168.52
[2592 sec, 7832336 itr]:      1168.52
[2593 sec, 7832336 itr]:      1168.52
[2594 sec, 7835199 itr]:      1168.52
[2595 sec, 7837842 itr]:      1168.52
[2596 sec, 7839532 itr]:      1168.52
[2597 sec, 7842041 itr]:      1168.52
[ optimality gap      ]:      100.00%
[2598 sec, 7844165 itr]:      1168.52
[2599 sec, 7845649 itr]:      1168.52
[2600 sec, 7849705 itr]:      1168.52
[2601 sec, 7849705 itr]:      1168.52
[2602 sec, 7852827 itr]:      1168.52
[2603 sec, 7855082 itr]:      1168.52
[2604 sec, 7857501 itr]:      1168.52
[2605 sec, 7860033 itr]:      1168.52
[2606 sec, 7865359 itr]:      1168.52
[2607 sec, 7865359 itr]:      1168.52
[ optimality gap      ]:      100.00%
[2608 sec, 7868320 itr]:      1168.52
[2609 sec, 7871042 itr]:      1168.52
[2610 sec, 7874128 itr]:      1168.52
[2611 sec, 7876360 itr]:      1168.52
[2612 sec, 7879530 itr]:      1168.52
[2613 sec, 7882981 itr]:      1168.52
[2614 sec, 7884518 itr]:      1168.52
[2615 sec, 7888336 itr]:      1168.52
[2616 sec, 7891900 itr]:      1168.52
[2617 sec, 7893405 itr]:      1168.52
[ optimality gap      ]:      100.00%
[2618 sec, 7896942 itr]:      1168.52
[2619 sec, 7899277 itr]:      1168.52
[2620 sec, 7901912 itr]:      1168.52
[2621 sec, 7905221 itr]:      1168.52
[2622 sec, 7907600 itr]:      1168.52
[2623 sec, 7914039 itr]:      1168.52
[2624 sec, 7914039 itr]:      1168.52
[2625 sec, 7920653 itr]:      1168.52
[2626 sec, 7920653 itr]:      1168.52
[2627 sec, 7923580 itr]:      1168.52
[ optimality gap      ]:      100.00%
[2628 sec, 7926736 itr]:      1168.52
[2629 sec, 7929320 itr]:      1168.52
[2630 sec, 7932935 itr]:      1168.52
[2631 sec, 7935121 itr]:      1168.52
[2632 sec, 7936833 itr]:      1168.52
[2633 sec, 7939257 itr]:      1168.52
[2634 sec, 7941657 itr]:      1168.52
[2635 sec, 7943494 itr]:      1168.52
[2636 sec, 7945168 itr]:      1168.52
[2637 sec, 7947710 itr]:      1168.52
[ optimality gap      ]:      100.00%
[2638 sec, 7950069 itr]:      1168.52
[2639 sec, 7953766 itr]:      1168.52
[2640 sec, 7957070 itr]:      1168.52
[2641 sec, 7959144 itr]:      1168.52
[2642 sec, 7961043 itr]:      1168.52
[2643 sec, 7964256 itr]:      1168.52
[2644 sec, 7965063 itr]:      1168.52
[2645 sec, 7967719 itr]:      1168.52
[2646 sec, 7971017 itr]:      1164.46
[2647 sec, 7971748 itr]:      1164.46
[ optimality gap      ]:      100.00%
[2648 sec, 7974932 itr]:      1164.46
[2649 sec, 7977727 itr]:      1164.46
[2650 sec, 7979813 itr]:      1164.46
[2651 sec, 7982147 itr]:      1164.46
[2652 sec, 7983947 itr]:      1164.46
[2653 sec, 7985592 itr]:      1164.46
[2654 sec, 7988014 itr]:      1164.46
[2655 sec, 7990502 itr]:      1164.46
[2656 sec, 7993040 itr]:      1164.46
[2657 sec, 7995021 itr]:      1164.46
[ optimality gap      ]:      100.00%
[2658 sec, 7996855 itr]:      1164.46
[2659 sec, 7999230 itr]:      1164.46
[2660 sec, 8001764 itr]:      1164.46
[2661 sec, 8006177 itr]:      1164.46
[2662 sec, 8008571 itr]:      1164.46
[2663 sec, 8011488 itr]:      1164.46
[2664 sec, 8011488 itr]:      1164.46
[2665 sec, 8014779 itr]:      1164.46
[2666 sec, 8017654 itr]:      1164.46
[2667 sec, 8020595 itr]:      1164.46
[ optimality gap      ]:      100.00%
[2668 sec, 8022980 itr]:      1164.46
[2669 sec, 8025375 itr]:      1164.46
[2670 sec, 8026633 itr]:      1164.46
[2671 sec, 8029574 itr]:      1164.46
[2672 sec, 8034056 itr]:      1164.46
[2673 sec, 8034056 itr]:      1164.46
[2674 sec, 8041388 itr]:      1164.46
[2675 sec, 8044676 itr]:      1164.46
[2676 sec, 8044676 itr]:      1164.46
[2677 sec, 8046747 itr]:      1164.46
[ optimality gap      ]:      100.00%
[2678 sec, 8048934 itr]:      1164.46
[2679 sec, 8051177 itr]:      1164.46
[2680 sec, 8054053 itr]:      1164.46
[2681 sec, 8056839 itr]:      1164.46
[2682 sec, 8060240 itr]:      1164.46
[2683 sec, 8061609 itr]:      1164.46
[2684 sec, 8064056 itr]:      1164.46
[2685 sec, 8066623 itr]:      1164.46
[2686 sec, 8068450 itr]:      1164.46
[2687 sec, 8071717 itr]:      1164.46
[ optimality gap      ]:      100.00%
[2688 sec, 8073684 itr]:      1164.46
[2689 sec, 8076873 itr]:      1164.46
[2690 sec, 8079623 itr]:      1164.46
[2691 sec, 8081028 itr]:      1164.46
[2692 sec, 8084282 itr]:      1164.46
[2693 sec, 8084814 itr]:      1164.46
[2694 sec, 8088209 itr]:      1164.46
[2695 sec, 8090042 itr]:      1164.46
[2696 sec, 8091215 itr]:      1164.46
[2697 sec, 8096800 itr]:      1164.46
[ optimality gap      ]:      100.00%
[2698 sec, 8096800 itr]:      1164.46
[2699 sec, 8099244 itr]:      1164.46
[2700 sec, 8101754 itr]:      1164.46
[2701 sec, 8104047 itr]:      1164.46
[2702 sec, 8107387 itr]:      1164.46
[2703 sec, 8108392 itr]:      1164.46
[2704 sec, 8110335 itr]:      1164.46
[2705 sec, 8115815 itr]:      1164.46
[2706 sec, 8115815 itr]:      1164.46
[2707 sec, 8118605 itr]:      1164.46
[ optimality gap      ]:      100.00%
[2708 sec, 8120811 itr]:      1164.46
[2709 sec, 8123464 itr]:      1164.46
[2710 sec, 8128770 itr]:      1164.46
[2711 sec, 8128770 itr]:      1164.46
[2712 sec, 8132086 itr]:      1164.46
[2713 sec, 8135215 itr]:      1164.46
[2714 sec, 8136956 itr]:      1164.46
[2715 sec, 8139306 itr]:      1164.46
[2716 sec, 8141567 itr]:      1164.46
[2717 sec, 8144416 itr]:      1164.46
[ optimality gap      ]:      100.00%
[2718 sec, 8150587 itr]:      1164.46
[2719 sec, 8150587 itr]:      1164.46
[2720 sec, 8153741 itr]:      1164.46
[2721 sec, 8155823 itr]:      1164.46
[2722 sec, 8158511 itr]:      1164.46
[2723 sec, 8160086 itr]:      1164.46
[2724 sec, 8161866 itr]:      1164.46
[2725 sec, 8164450 itr]:      1164.46
[2726 sec, 8167149 itr]:      1164.46
[2727 sec, 8170001 itr]:      1164.46
[ optimality gap      ]:      100.00%
[2728 sec, 8173662 itr]:      1164.46
[2729 sec, 8176511 itr]:      1164.46
[2730 sec, 8178714 itr]:      1164.46
[2731 sec, 8179957 itr]:      1164.46
[2732 sec, 8182437 itr]:      1164.46
[2733 sec, 8185166 itr]:      1164.46
[2734 sec, 8188142 itr]:      1164.46
[2735 sec, 8189487 itr]:      1164.46
[2736 sec, 8191878 itr]:      1164.46
[2737 sec, 8193256 itr]:      1164.46
[ optimality gap      ]:      100.00%
[2738 sec, 8194425 itr]:      1164.46
[2739 sec, 8196766 itr]:      1164.46
[2740 sec, 8199647 itr]:      1164.46
[2741 sec, 8203056 itr]:      1164.46
[2742 sec, 8206710 itr]:      1164.46
[2743 sec, 8208940 itr]:      1164.46
[2744 sec, 8211137 itr]:      1164.46
[2745 sec, 8214460 itr]:      1164.46
[2746 sec, 8217565 itr]:      1164.46
[2747 sec, 8220273 itr]:      1164.46
[ optimality gap      ]:      100.00%
[2748 sec, 8221747 itr]:      1164.46
[2749 sec, 8225118 itr]:      1164.46
[2750 sec, 8226319 itr]:      1164.46
[2751 sec, 8228998 itr]:      1164.46
[2752 sec, 8230996 itr]:      1164.46
[2753 sec, 8234021 itr]:      1164.46
[2754 sec, 8236441 itr]:      1164.46
[2755 sec, 8238623 itr]:      1164.46
[2756 sec, 8240804 itr]:      1164.46
[2757 sec, 8243000 itr]:      1164.46
[ optimality gap      ]:      100.00%
[2758 sec, 8245426 itr]:      1164.46
[2759 sec, 8247427 itr]:      1164.46
[2760 sec, 8249959 itr]:      1164.46
[2761 sec, 8253358 itr]:      1164.46
[2762 sec, 8256796 itr]:      1164.46
[2763 sec, 8259843 itr]:      1164.46
[2764 sec, 8262441 itr]:      1164.46
[2765 sec, 8265221 itr]:      1163.21
[2766 sec, 8267169 itr]:      1163.21
[2767 sec, 8269519 itr]:      1163.21
[ optimality gap      ]:      100.00%
[2768 sec, 8271863 itr]:      1163.21
[2769 sec, 8273780 itr]:      1163.21
[2770 sec, 8275573 itr]:      1163.21
[2771 sec, 8277795 itr]:      1163.21
[2772 sec, 8279959 itr]:      1163.21
[2773 sec, 8283013 itr]:      1163.21
[2774 sec, 8284675 itr]:      1163.21
[2775 sec, 8286193 itr]:      1163.21
[2776 sec, 8288012 itr]:      1163.21
[2777 sec, 8290207 itr]:      1163.21
[ optimality gap      ]:      100.00%
[2778 sec, 8293513 itr]:      1163.21
[2779 sec, 8296314 itr]:      1163.21
[2780 sec, 8300269 itr]:      1163.21
[2781 sec, 8302436 itr]:      1163.21
[2782 sec, 8305607 itr]:      1163.21
[2783 sec, 8307865 itr]:      1163.21
[2784 sec, 8310812 itr]:      1163.21
[2785 sec, 8313653 itr]:      1163.21
[2786 sec, 8315558 itr]:      1163.21
[2787 sec, 8318052 itr]:      1163.21
[ optimality gap      ]:      100.00%
[2788 sec, 8321230 itr]:      1163.21
[2789 sec, 8324474 itr]:      1163.21
[2790 sec, 8326663 itr]:      1163.21
[2791 sec, 8330121 itr]:      1163.21
[2792 sec, 8333144 itr]:      1163.21
[2793 sec, 8336852 itr]:      1163.21
[2794 sec, 8336852 itr]:      1163.21
[2795 sec, 8339483 itr]:      1163.21
[2796 sec, 8341910 itr]:      1163.21
[2797 sec, 8344279 itr]:      1163.21
[ optimality gap      ]:      100.00%
[2798 sec, 8347223 itr]:      1163.21
[2799 sec, 8350403 itr]:      1163.21
[2800 sec, 8353024 itr]:      1163.21
[2801 sec, 8355971 itr]:      1163.21
[2802 sec, 8359200 itr]:      1163.21
[2803 sec, 8360807 itr]:      1163.21
[2804 sec, 8364079 itr]:      1163.21
[2805 sec, 8366963 itr]:      1163.21
[2806 sec, 8368439 itr]:      1163.21
[2807 sec, 8372554 itr]:      1163.21
[ optimality gap      ]:      100.00%
[2808 sec, 8375920 itr]:      1163.21
[2809 sec, 8379047 itr]:      1163.21
[2810 sec, 8382697 itr]:      1163.21
[2811 sec, 8385629 itr]:      1163.21
[2812 sec, 8387865 itr]:      1163.21
[2813 sec, 8390697 itr]:      1163.21
[2814 sec, 8393724 itr]:      1163.21
[2815 sec, 8396499 itr]:      1163.21
[2816 sec, 8399486 itr]:      1163.21
[2817 sec, 8403040 itr]:      1163.21
[ optimality gap      ]:      100.00%
[2818 sec, 8405783 itr]:      1163.21
[2819 sec, 8409332 itr]:      1163.21
[2820 sec, 8413682 itr]:      1163.21
[2821 sec, 8415681 itr]:      1163.21
[2822 sec, 8418250 itr]:      1163.21
[2823 sec, 8421632 itr]:      1163.21
[2824 sec, 8424717 itr]:      1163.21
[2825 sec, 8427972 itr]:      1163.21
[2826 sec, 8431354 itr]:      1163.21
[2827 sec, 8434174 itr]:      1163.21
[ optimality gap      ]:      100.00%
[2828 sec, 8436866 itr]:      1163.21
[2829 sec, 8440904 itr]:      1163.21
[2830 sec, 8442733 itr]:      1163.21
[2831 sec, 8446002 itr]:      1163.21
[2832 sec, 8448506 itr]:      1163.21
[2833 sec, 8452266 itr]:      1163.21
[2834 sec, 8454910 itr]:      1163.21
[2835 sec, 8458151 itr]:      1163.21
[2836 sec, 8461193 itr]:      1163.21
[2837 sec, 8464010 itr]:      1163.21
[ optimality gap      ]:      100.00%
[2838 sec, 8467018 itr]:      1163.21
[2839 sec, 8470235 itr]:      1163.21
[2840 sec, 8472559 itr]:      1163.21
[2841 sec, 8474029 itr]:      1163.21
[2842 sec, 8476613 itr]:      1163.21
[2843 sec, 8480223 itr]:      1163.21
[2844 sec, 8483046 itr]:      1163.21
[2845 sec, 8485747 itr]:      1163.21
[2846 sec, 8488395 itr]:      1163.21
[2847 sec, 8491530 itr]:      1163.21
[ optimality gap      ]:      100.00%
[2848 sec, 8496580 itr]:      1163.21
[2849 sec, 8496580 itr]:      1163.21
[2850 sec, 8499538 itr]:      1163.21
[2851 sec, 8503079 itr]:      1163.21
[2852 sec, 8505573 itr]:      1163.21
[2853 sec, 8507891 itr]:      1163.21
[2854 sec, 8514448 itr]:      1163.21
[2855 sec, 8514448 itr]:      1163.21
[2856 sec, 8516904 itr]:      1163.21
[2857 sec, 8518991 itr]:      1163.21
[ optimality gap      ]:      100.00%
[2858 sec, 8521997 itr]:      1163.21
[2859 sec, 8524767 itr]:      1163.21
[2860 sec, 8527037 itr]:      1163.21
[2861 sec, 8530320 itr]:      1163.21
[2862 sec, 8532978 itr]:      1163.21
[2863 sec, 8534842 itr]:      1163.21
[2864 sec, 8538042 itr]:      1163.21
[2865 sec, 8540381 itr]:      1163.21
[2866 sec, 8542180 itr]:      1163.21
[2867 sec, 8546070 itr]:      1163.21
[ optimality gap      ]:      100.00%
[2868 sec, 8548499 itr]:      1163.21
[2869 sec, 8551572 itr]:      1163.21
[2870 sec, 8554135 itr]:      1163.21
[2871 sec, 8555062 itr]:      1163.21
[2872 sec, 8557985 itr]:      1163.21
[2873 sec, 8560695 itr]:      1163.21
[2874 sec, 8562549 itr]:      1163.21
[2875 sec, 8562809 itr]:      1163.21
[2876 sec, 8565328 itr]:      1163.21
[2877 sec, 8569245 itr]:      1163.21
[ optimality gap      ]:      100.00%
[2878 sec, 8571558 itr]:      1163.21
[2879 sec, 8574570 itr]:      1163.21
[2880 sec, 8577902 itr]:      1163.21
[2881 sec, 8581851 itr]:      1163.21
[2882 sec, 8584666 itr]:      1163.21
[2883 sec, 8587562 itr]:      1163.21
[2884 sec, 8591528 itr]:      1163.21
[2885 sec, 8594755 itr]:      1163.21
[2886 sec, 8597777 itr]:      1163.21
[2887 sec, 8600424 itr]:      1163.21
[ optimality gap      ]:      100.00%
[2888 sec, 8604018 itr]:      1163.21
[2889 sec, 8606285 itr]:      1163.21
[2890 sec, 8608567 itr]:      1163.21
[2891 sec, 8611879 itr]:      1163.21
[2892 sec, 8615564 itr]:      1163.21
[2893 sec, 8618451 itr]:      1163.21
[2894 sec, 8618451 itr]:      1163.21
[2895 sec, 8621708 itr]:      1163.21
[2896 sec, 8628296 itr]:      1163.21
[2897 sec, 8628296 itr]:      1163.21
[ optimality gap      ]:      100.00%
[2898 sec, 8631390 itr]:      1163.21
[2899 sec, 8636475 itr]:      1163.21
[2900 sec, 8636475 itr]:      1163.21
[2901 sec, 8640269 itr]:      1163.21
[2902 sec, 8643517 itr]:      1163.21
[2903 sec, 8644573 itr]:      1163.21
[2904 sec, 8647427 itr]:      1163.21
[2905 sec, 8649514 itr]:      1163.21
[2906 sec, 8652959 itr]:      1163.21
[2907 sec, 8657645 itr]:      1163.21
[ optimality gap      ]:      100.00%
[2908 sec, 8657645 itr]:      1163.21
[2909 sec, 8660534 itr]:      1163.21
[2910 sec, 8663159 itr]:      1163.21
[2911 sec, 8665911 itr]:      1163.21
[2912 sec, 8668607 itr]:      1163.21
[2913 sec, 8671096 itr]:      1163.21
[2914 sec, 8674379 itr]:      1163.21
[2915 sec, 8677295 itr]:      1163.21
[2916 sec, 8678911 itr]:      1163.21
[2917 sec, 8681982 itr]:      1163.21
[ optimality gap      ]:      100.00%
[2918 sec, 8684196 itr]:      1163.21
[2919 sec, 8688106 itr]:      1163.21
[2920 sec, 8691130 itr]:      1163.21
[2921 sec, 8693384 itr]:      1163.21
[2922 sec, 8694501 itr]:      1163.21
[2923 sec, 8694784 itr]:      1163.21
[2924 sec, 8697048 itr]:      1163.21
[2925 sec, 8699996 itr]:      1163.21
[2926 sec, 8702288 itr]:      1163.21
[2927 sec, 8704002 itr]:      1163.21
[ optimality gap      ]:      100.00%
[2928 sec, 8706889 itr]:      1163.21
[2929 sec, 8709891 itr]:      1163.21
[2930 sec, 8711906 itr]:      1163.21
[2931 sec, 8715191 itr]:      1162.51
[2932 sec, 8717269 itr]:      1162.51
[2933 sec, 8719085 itr]:      1162.51
[2934 sec, 8723606 itr]:      1162.51
[2935 sec, 8723606 itr]:      1162.51
[2936 sec, 8725743 itr]:      1162.51
[2937 sec, 8727601 itr]:      1162.51
[ optimality gap      ]:      100.00%
[2938 sec, 8729793 itr]:      1162.51
[2939 sec, 8731440 itr]:      1162.51
[2940 sec, 8734252 itr]:      1162.51
[2941 sec, 8737418 itr]:      1162.51
[2942 sec, 8739973 itr]:      1162.51
[2943 sec, 8743779 itr]:      1162.51
[2944 sec, 8746429 itr]:      1162.51
[2945 sec, 8748827 itr]:      1162.51
[2946 sec, 8751653 itr]:      1162.51
[2947 sec, 8754353 itr]:      1162.51
[ optimality gap      ]:      100.00%
[2948 sec, 8756197 itr]:      1162.51
[2949 sec, 8758925 itr]:      1162.51
[2950 sec, 8764611 itr]:      1162.51
[2951 sec, 8764611 itr]:      1162.51
[2952 sec, 8769967 itr]:      1162.51
[2953 sec, 8772084 itr]:      1162.51
[2954 sec, 8772084 itr]:      1162.51
[2955 sec, 8773628 itr]:      1162.51
[2956 sec, 8776005 itr]:      1162.51
[2957 sec, 8778801 itr]:      1162.51
[ optimality gap      ]:      100.00%
[2958 sec, 8781607 itr]:      1162.51
[2959 sec, 8783316 itr]:      1162.51
[2960 sec, 8785768 itr]:      1162.51
[2961 sec, 8788766 itr]:      1162.51
[2962 sec, 8790589 itr]:      1162.51
[2963 sec, 8792946 itr]:      1162.51
[2964 sec, 8795151 itr]:      1162.51
[2965 sec, 8797526 itr]:      1162.51
[2966 sec, 8800174 itr]:      1162.51
[2967 sec, 8802316 itr]:      1162.51
[ optimality gap      ]:      100.00%
[2968 sec, 8805425 itr]:      1162.51
[2969 sec, 8809491 itr]:      1162.51
[2970 sec, 8811805 itr]:      1162.51
[2971 sec, 8815149 itr]:      1162.51
[2972 sec, 8817534 itr]:      1162.51
[2973 sec, 8819173 itr]:      1162.51
[2974 sec, 8821411 itr]:      1162.51
[2975 sec, 8824016 itr]:      1162.51
[2976 sec, 8826168 itr]:      1162.51
[2977 sec, 8828819 itr]:      1162.51
[ optimality gap      ]:      100.00%
[2978 sec, 8831955 itr]:      1162.51
[2979 sec, 8835533 itr]:      1162.51
[2980 sec, 8837105 itr]:      1162.51
[2981 sec, 8839516 itr]:      1162.51
[2982 sec, 8841932 itr]:      1162.51
[2983 sec, 8843430 itr]:      1162.51
[2984 sec, 8848822 itr]:      1162.51
[2985 sec, 8848822 itr]:      1162.51
[2986 sec, 8851500 itr]:      1162.51
[2987 sec, 8853428 itr]:      1162.51
[ optimality gap      ]:      100.00%
[2988 sec, 8856245 itr]:      1162.51
[2989 sec, 8859350 itr]:      1162.51
[2990 sec, 8862557 itr]:      1162.51
[2991 sec, 8864886 itr]:      1162.51
[2992 sec, 8866569 itr]:      1162.51
[2993 sec, 8868844 itr]:      1162.51
[2994 sec, 8870170 itr]:      1162.51
[2995 sec, 8873177 itr]:      1162.51
[2996 sec, 8876252 itr]:      1162.51
[2997 sec, 8879413 itr]:      1162.51
[ optimality gap      ]:      100.00%
[2998 sec, 8881589 itr]:      1162.51
[2999 sec, 8885038 itr]:      1162.51
[3000 sec, 8888489 itr]:      1162.51
[3001 sec, 8890943 itr]:      1162.51
[3002 sec, 8895672 itr]:      1162.51
[3003 sec, 8895672 itr]:      1162.51
[3004 sec, 8898787 itr]:      1162.51
[3005 sec, 8900672 itr]:      1162.51
[3006 sec, 8903107 itr]:      1162.51
[3007 sec, 8905015 itr]:      1162.51
[ optimality gap      ]:      100.00%
[3008 sec, 8906933 itr]:      1162.51
[3009 sec, 8909622 itr]:      1162.51
[3010 sec, 8912337 itr]:      1162.51
[3011 sec, 8915002 itr]:      1162.51
[3012 sec, 8921078 itr]:      1162.51
[3013 sec, 8921078 itr]:      1162.51
[3014 sec, 8923532 itr]:      1162.51
[3015 sec, 8925530 itr]:      1162.51
[3016 sec, 8927774 itr]:      1162.51
[3017 sec, 8929330 itr]:      1162.51
[ optimality gap      ]:      100.00%
[3018 sec, 8931616 itr]:      1162.51
[3019 sec, 8935294 itr]:      1162.51
[3020 sec, 8938365 itr]:      1162.51
[3021 sec, 8941576 itr]:      1162.51
[3022 sec, 8944623 itr]:      1162.51
[3023 sec, 8946487 itr]:      1162.51
[3024 sec, 8949955 itr]:      1162.51
[3025 sec, 8952494 itr]:      1162.51
[3026 sec, 8955381 itr]:      1162.51
[3027 sec, 8961116 itr]:      1162.51
[ optimality gap      ]:      100.00%
[3028 sec, 8961116 itr]:      1162.51
[3029 sec, 8963937 itr]:      1162.51
[3030 sec, 8966872 itr]:      1162.51
[3031 sec, 8969637 itr]:      1162.51
[3032 sec, 8971989 itr]:      1162.51
[3033 sec, 8973810 itr]:      1162.51
[3034 sec, 8975938 itr]:      1162.51
[3035 sec, 8978991 itr]:      1162.51
[3036 sec, 8980825 itr]:      1162.51
[3037 sec, 8983103 itr]:      1162.51
[ optimality gap      ]:      100.00%
[3038 sec, 8985338 itr]:      1162.51
[3039 sec, 8987855 itr]:      1162.51
[3040 sec, 8990237 itr]:      1162.51
[3041 sec, 8991364 itr]:      1162.51
[3042 sec, 8995112 itr]:      1162.51
[3043 sec, 8995112 itr]:      1162.51
[3044 sec, 8997787 itr]:      1162.51
[3045 sec, 9000203 itr]:      1162.51
[3046 sec, 9002190 itr]:      1162.51
[3047 sec, 9004636 itr]:      1162.51
[ optimality gap      ]:      100.00%
[3048 sec, 9008146 itr]:      1162.51
[3049 sec, 9010704 itr]:      1162.51
[3050 sec, 9013522 itr]:      1162.51
[3051 sec, 9013522 itr]:      1162.51
[3052 sec, 9017058 itr]:      1162.51
[3053 sec, 9019453 itr]:      1148.96
[3054 sec, 9022021 itr]:      1148.96
[3055 sec, 9024902 itr]:      1148.96
[3056 sec, 9028138 itr]:      1148.96
[3057 sec, 9029939 itr]:      1148.96
[ optimality gap      ]:      100.00%
[3058 sec, 9032546 itr]:      1148.96
[3059 sec, 9034494 itr]:      1148.96
[3060 sec, 9037984 itr]:      1148.96
[3061 sec, 9041456 itr]:      1148.96
[3062 sec, 9047070 itr]:      1148.96
[3063 sec, 9049541 itr]:      1148.96
[3064 sec, 9049541 itr]:      1148.96
[3065 sec, 9051400 itr]:      1148.96
[3066 sec, 9054085 itr]:      1148.96
[3067 sec, 9056554 itr]:      1148.96
[ optimality gap      ]:      100.00%
[3068 sec, 9059441 itr]:      1148.96
[3069 sec, 9062493 itr]:      1148.96
[3070 sec, 9065603 itr]:      1148.96
[3071 sec, 9068684 itr]:      1148.96
[3072 sec, 9071498 itr]:      1148.96
[3073 sec, 9074800 itr]:      1148.96
[3074 sec, 9077218 itr]:      1148.96
[3075 sec, 9080442 itr]:      1148.96
[3076 sec, 9083263 itr]:      1148.96
[3077 sec, 9089138 itr]:      1148.96
[ optimality gap      ]:      100.00%
[3078 sec, 9089138 itr]:      1148.96
[3079 sec, 9091772 itr]:      1148.96
[3080 sec, 9095116 itr]:      1148.96
[3081 sec, 9098531 itr]:      1148.96
[3082 sec, 9102788 itr]:      1148.96
[3083 sec, 9102788 itr]:      1148.96
[3084 sec, 9105923 itr]:      1148.96
[3085 sec, 9108278 itr]:      1148.96
[3086 sec, 9109958 itr]:      1148.96
[3087 sec, 9112964 itr]:      1148.96
[ optimality gap      ]:      100.00%
[3088 sec, 9115385 itr]:      1148.96
[3089 sec, 9117569 itr]:      1148.96
[3090 sec, 9119523 itr]:      1148.96
[3091 sec, 9121633 itr]:      1148.96
[3092 sec, 9122723 itr]:      1148.96
[3093 sec, 9124819 itr]:      1148.96
[3094 sec, 9126727 itr]:      1148.96
[3095 sec, 9129358 itr]:      1148.96
[3096 sec, 9132869 itr]:      1148.96
[3097 sec, 9136992 itr]:      1148.96
[ optimality gap      ]:      100.00%
[3098 sec, 9139023 itr]:      1148.96
[3099 sec, 9141038 itr]:      1148.96
[3100 sec, 9143320 itr]:      1148.96
[3101 sec, 9146295 itr]:      1148.96
[3102 sec, 9150164 itr]:      1148.96
[3103 sec, 9153822 itr]:      1148.96
[3104 sec, 9156317 itr]:      1148.96
[3105 sec, 9160724 itr]:      1148.96
[3106 sec, 9164242 itr]:      1148.96
[3107 sec, 9164242 itr]:      1148.96
[ optimality gap      ]:      100.00%
[3108 sec, 9167309 itr]:      1148.96
[3109 sec, 9169585 itr]:      1148.96
[3110 sec, 9172856 itr]:      1148.96
[3111 sec, 9177867 itr]:      1148.96
[3112 sec, 9177867 itr]:      1148.96
[3113 sec, 9180114 itr]:      1148.96
[3114 sec, 9183130 itr]:      1148.96
[3115 sec, 9185906 itr]:      1148.96
[3116 sec, 9187949 itr]:      1148.96
[3117 sec, 9191017 itr]:      1148.96
[ optimality gap      ]:      100.00%
[3118 sec, 9194273 itr]:      1148.96
[3119 sec, 9196029 itr]:      1148.96
[3120 sec, 9198579 itr]:      1148.96
[3121 sec, 9200035 itr]:      1148.96
[3122 sec, 9203042 itr]:      1148.96
[3123 sec, 9206000 itr]:      1148.96
[3124 sec, 9209164 itr]:      1142.19
[3125 sec, 9211257 itr]:      1142.19
[3126 sec, 9214304 itr]:      1142.19
[3127 sec, 9215953 itr]:      1142.19
[ optimality gap      ]:      100.00%
[3128 sec, 9219731 itr]:      1142.19
[3129 sec, 9222869 itr]:      1142.19
[3130 sec, 9224799 itr]:      1142.19
[3131 sec, 9226860 itr]:      1142.19
[3132 sec, 9230289 itr]:      1142.19
[3133 sec, 9233058 itr]:      1142.19
[3134 sec, 9235238 itr]:      1142.19
[3135 sec, 9237404 itr]:      1142.19
[3136 sec, 9240135 itr]:      1142.19
[3137 sec, 9243222 itr]:      1142.19
[ optimality gap      ]:      100.00%
[3138 sec, 9245970 itr]:      1142.19
[3139 sec, 9247907 itr]:      1142.19
[3140 sec, 9250769 itr]:      1142.19
[3141 sec, 9252865 itr]:      1142.19
[3142 sec, 9255488 itr]:      1142.19
[3143 sec, 9261306 itr]:      1142.19
[3144 sec, 9261306 itr]:      1142.19
[3145 sec, 9264447 itr]:      1142.19
[3146 sec, 9265765 itr]:      1142.19
[3147 sec, 9267903 itr]:      1142.19
[ optimality gap      ]:      100.00%
[3148 sec, 9271106 itr]:      1142.19
[3149 sec, 9276693 itr]:      1142.19
[3150 sec, 9276693 itr]:      1142.19
[3151 sec, 9279052 itr]:      1142.19
[3152 sec, 9280951 itr]:      1142.19
[3153 sec, 9282708 itr]:      1142.19
[3154 sec, 9284336 itr]:      1142.19
[3155 sec, 9289979 itr]:      1142.19
[3156 sec, 9292652 itr]:      1142.19
[3157 sec, 9292652 itr]:      1142.19
[ optimality gap      ]:      100.00%
[3158 sec, 9295825 itr]:      1142.19
[3159 sec, 9301536 itr]:      1142.19
[3160 sec, 9301536 itr]:      1142.19
[3161 sec, 9305167 itr]:      1142.19
[3162 sec, 9311654 itr]:      1142.19
[3163 sec, 9311654 itr]:      1142.19
[3164 sec, 9313974 itr]:      1142.19
[3165 sec, 9315735 itr]:      1142.19
[3166 sec, 9318645 itr]:      1142.19
[3167 sec, 9321285 itr]:      1142.19
[ optimality gap      ]:      100.00%
[3168 sec, 9323724 itr]:      1142.19
[3169 sec, 9326305 itr]:      1142.19
[3170 sec, 9328159 itr]:      1142.19
[3171 sec, 9332183 itr]:      1142.19
[3172 sec, 9334976 itr]:      1142.19
[3173 sec, 9338047 itr]:      1142.19
[3174 sec, 9340179 itr]:      1142.19
[3175 sec, 9343184 itr]:      1142.19
[3176 sec, 9345549 itr]:      1142.19
[3177 sec, 9348398 itr]:      1142.19
[ optimality gap      ]:      100.00%
[3178 sec, 9349906 itr]:      1142.19
[3179 sec, 9352534 itr]:      1142.19
[3180 sec, 9355700 itr]:      1142.19
[3181 sec, 9359217 itr]:      1142.19
[3182 sec, 9360994 itr]:      1142.19
[3183 sec, 9363427 itr]:      1142.19
[3184 sec, 9368926 itr]:      1142.19
[3185 sec, 9368926 itr]:      1142.19
[3186 sec, 9371861 itr]:      1142.19
[3187 sec, 9378283 itr]:      1142.19
[ optimality gap      ]:      100.00%
[3188 sec, 9378283 itr]:      1142.19
[3189 sec, 9380378 itr]:      1142.19
[3190 sec, 9383707 itr]:      1138.61
[3191 sec, 9385233 itr]:      1138.61
[3192 sec, 9387825 itr]:      1138.61
[3193 sec, 9391450 itr]:      1138.61
[3194 sec, 9394653 itr]:      1138.61
[3195 sec, 9398536 itr]:      1138.61
[3196 sec, 9402456 itr]:      1138.61
[3197 sec, 9402456 itr]:      1138.61
[ optimality gap      ]:      100.00%
[3198 sec, 9405414 itr]:      1138.61
[3199 sec, 9409341 itr]:      1138.61
[3200 sec, 9412554 itr]:      1138.61
[3201 sec, 9415621 itr]:      1138.61
[3202 sec, 9418508 itr]:      1138.61
[3203 sec, 9421191 itr]:      1138.61
[3204 sec, 9424204 itr]:      1138.61
[3205 sec, 9426574 itr]:      1138.61
[3206 sec, 9429913 itr]:      1138.61
[3207 sec, 9431988 itr]:      1138.61
[ optimality gap      ]:      100.00%
[3208 sec, 9434146 itr]:      1138.61
[3209 sec, 9440010 itr]:      1138.61
[3210 sec, 9440010 itr]:      1138.61
[3211 sec, 9443660 itr]:      1138.61
[3212 sec, 9445919 itr]:      1138.61
[3213 sec, 9447965 itr]:      1138.61
[3214 sec, 9450623 itr]:      1138.61
[3215 sec, 9452669 itr]:      1138.61
[3216 sec, 9455872 itr]:      1138.61
[3217 sec, 9458573 itr]:      1138.61
[ optimality gap      ]:      100.00%
[3218 sec, 9461147 itr]:      1138.61
[3219 sec, 9466298 itr]:      1138.61
[3220 sec, 9466298 itr]:      1138.61
[3221 sec, 9469269 itr]:      1138.61
[3222 sec, 9472712 itr]:      1138.61
[3223 sec, 9475867 itr]:      1138.61
[3224 sec, 9475867 itr]:      1138.61
[3225 sec, 9478507 itr]:      1138.61
[3226 sec, 9481095 itr]:      1138.61
[3227 sec, 9485624 itr]:      1138.61
[ optimality gap      ]:      100.00%
[3228 sec, 9485624 itr]:      1138.61
[3229 sec, 9489802 itr]:      1138.61
[3230 sec, 9493678 itr]:      1138.61
[3231 sec, 9493678 itr]:      1138.61
[3232 sec, 9495720 itr]:      1138.61
[3233 sec, 9498556 itr]:      1138.61
[3234 sec, 9501412 itr]:      1138.61
[3235 sec, 9505564 itr]:      1138.61
[3236 sec, 9505564 itr]:      1138.61
[3237 sec, 9509044 itr]:      1138.61
[ optimality gap      ]:      100.00%
[3238 sec, 9512144 itr]:      1138.61
[3239 sec, 9515438 itr]:      1138.61
[3240 sec, 9517561 itr]:      1138.61
[3241 sec, 9520381 itr]:      1138.61
[3242 sec, 9523389 itr]:      1138.61
[3243 sec, 9525819 itr]:      1138.61
[3244 sec, 9528661 itr]:      1138.61
[3245 sec, 9531520 itr]:      1138.61
[3246 sec, 9534679 itr]:      1138.61
[3247 sec, 9537288 itr]:      1138.61
[ optimality gap      ]:      100.00%
[3248 sec, 9541253 itr]:      1138.61
[3249 sec, 9543808 itr]:      1138.61
[3250 sec, 9551129 itr]:      1138.61
[3251 sec, 9551129 itr]:      1138.61
[3252 sec, 9554807 itr]:      1138.61
[3253 sec, 9560487 itr]:      1138.61
[3254 sec, 9563494 itr]:      1138.61
[3255 sec, 9563494 itr]:      1138.61
[3256 sec, 9569864 itr]:      1138.61
[3257 sec, 9569864 itr]:      1138.61
[ optimality gap      ]:      100.00%
[3258 sec, 9572085 itr]:      1138.61
[3259 sec, 9573749 itr]:      1138.61
[3260 sec, 9578563 itr]:      1138.61
[3261 sec, 9578563 itr]:      1138.61
[3262 sec, 9582948 itr]:      1138.61
[3263 sec, 9586920 itr]:      1138.61
[3264 sec, 9589950 itr]:      1138.61
[3265 sec, 9589950 itr]:      1138.61
[3266 sec, 9592862 itr]:      1138.61
[3267 sec, 9595933 itr]:      1138.61
[ optimality gap      ]:      100.00%
[3268 sec, 9599176 itr]:      1138.61
[3269 sec, 9602317 itr]:      1138.61
[3270 sec, 9607152 itr]:      1138.61
[3271 sec, 9607152 itr]:      1138.61
[3272 sec, 9609994 itr]:      1138.61
[3273 sec, 9612975 itr]:      1138.61
[3274 sec, 9615162 itr]:      1138.61
[3275 sec, 9618460 itr]:      1138.61
[3276 sec, 9621421 itr]:      1138.61
[3277 sec, 9623267 itr]:      1138.61
[ optimality gap      ]:      100.00%
[3278 sec, 9627091 itr]:      1138.61
[3279 sec, 9630381 itr]:      1138.61
[3280 sec, 9633197 itr]:      1138.61
[3281 sec, 9636465 itr]:      1138.61
[3282 sec, 9639611 itr]:      1138.61
[3283 sec, 9642206 itr]:      1138.61
[3284 sec, 9644768 itr]:      1138.61
[3285 sec, 9647335 itr]:      1138.61
[3286 sec, 9650117 itr]:      1138.61
[3287 sec, 9653142 itr]:      1138.61
[ optimality gap      ]:      100.00%
[3288 sec, 9655211 itr]:      1138.61
[3289 sec, 9657573 itr]:      1138.61
[3290 sec, 9660051 itr]:      1138.61
[3291 sec, 9662255 itr]:      1138.61
[3292 sec, 9664646 itr]:      1138.61
[3293 sec, 9666573 itr]:      1138.61
[3294 sec, 9668986 itr]:      1138.61
[3295 sec, 9672056 itr]:      1138.61
[3296 sec, 9674803 itr]:      1138.61
[3297 sec, 9677984 itr]:      1138.61
[ optimality gap      ]:      100.00%
[3298 sec, 9683268 itr]:      1138.61
[3299 sec, 9683268 itr]:      1138.61
[3300 sec, 9685550 itr]:      1138.61
[3301 sec, 9691243 itr]:      1138.61
[3302 sec, 9691243 itr]:      1138.61
[3303 sec, 9694260 itr]:      1138.61
[3304 sec, 9697577 itr]:      1138.61
[3305 sec, 9702131 itr]:      1138.61
[3306 sec, 9702131 itr]:      1138.61
[3307 sec, 9705392 itr]:      1138.61
[ optimality gap      ]:      100.00%
[3308 sec, 9707144 itr]:      1138.61
[3309 sec, 9710331 itr]:      1138.61
[3310 sec, 9715151 itr]:      1138.61
[3311 sec, 9715151 itr]:      1138.61
[3312 sec, 9718673 itr]:      1138.61
[3313 sec, 9721116 itr]:      1138.61
[3314 sec, 9723391 itr]:      1138.61
[3315 sec, 9727196 itr]:      1138.61
[3316 sec, 9731083 itr]:      1138.61
[3317 sec, 9732118 itr]:      1138.61
[ optimality gap      ]:      100.00%
[3318 sec, 9737343 itr]:      1138.61
[3319 sec, 9737343 itr]:      1138.61
[3320 sec, 9740533 itr]:      1138.61
[3321 sec, 9743163 itr]:      1138.61
[3322 sec, 9746672 itr]:      1138.61
[3323 sec, 9749313 itr]:      1138.61
[3324 sec, 9755958 itr]:      1138.61
[3325 sec, 9755958 itr]:      1138.61
[3326 sec, 9758668 itr]:      1138.61
[3327 sec, 9760281 itr]:      1138.61
[ optimality gap      ]:      100.00%
[3328 sec, 9762722 itr]:      1138.61
[3329 sec, 9767915 itr]:      1138.61
[3330 sec, 9767915 itr]:      1138.61
[3331 sec, 9770621 itr]:      1138.61
[3332 sec, 9773081 itr]:      1138.61
[3333 sec, 9775678 itr]:      1138.61
[3334 sec, 9777593 itr]:      1138.61
[3335 sec, 9779724 itr]:      1138.61
[3336 sec, 9783226 itr]:      1138.61
[3337 sec, 9785884 itr]:      1138.61
[ optimality gap      ]:      100.00%
[3338 sec, 9787264 itr]:      1138.61
[3339 sec, 9793293 itr]:      1138.61
[3340 sec, 9793293 itr]:      1138.61
[3341 sec, 9796979 itr]:      1138.61
[3342 sec, 9800022 itr]:      1138.61
[3343 sec, 9803209 itr]:      1138.61
[3344 sec, 9805352 itr]:      1138.61
[3345 sec, 9807702 itr]:      1138.61
[3346 sec, 9810320 itr]:      1138.61
[3347 sec, 9813579 itr]:      1138.61
[ optimality gap      ]:      100.00%
[3348 sec, 9819562 itr]:      1138.61
[3349 sec, 9819562 itr]:      1138.61
[3350 sec, 9821945 itr]:      1138.61
[3351 sec, 9827258 itr]:      1138.61
[3352 sec, 9827258 itr]:      1138.61
[3353 sec, 9833377 itr]:      1138.61
[3354 sec, 9836862 itr]:      1138.61
[3355 sec, 9836862 itr]:      1138.61
[3356 sec, 9842060 itr]:      1138.61
[3357 sec, 9842060 itr]:      1138.61
[ optimality gap      ]:      100.00%
[3358 sec, 9847550 itr]:      1138.61
[3359 sec, 9847550 itr]:      1138.61
[3360 sec, 9851223 itr]:      1138.61
[3361 sec, 9853924 itr]:      1138.61
[3362 sec, 9856578 itr]:      1138.61
[3363 sec, 9860464 itr]:      1138.61
[3364 sec, 9865439 itr]:      1138.61
[3365 sec, 9865439 itr]:      1138.61
[3366 sec, 9868758 itr]:      1138.61
[3367 sec, 9871463 itr]:      1138.61
[ optimality gap      ]:      100.00%
[3368 sec, 9874813 itr]:      1138.61
[3369 sec, 9877334 itr]:      1138.61
[3370 sec, 9880476 itr]:      1138.61
[3371 sec, 9883311 itr]:      1138.61
[3372 sec, 9885665 itr]:      1138.61
[3373 sec, 9888673 itr]:      1138.61
[3374 sec, 9891502 itr]:      1138.61
[3375 sec, 9894718 itr]:      1138.61
[3376 sec, 9898505 itr]:      1138.61
[3377 sec, 9900372 itr]:      1138.61
[ optimality gap      ]:      100.00%
[3378 sec, 9904464 itr]:      1138.61
[3379 sec, 9907647 itr]:      1138.61
[3380 sec, 9910050 itr]:      1138.61
[3381 sec, 9913453 itr]:      1138.61
[3382 sec, 9914945 itr]:      1138.61
[3383 sec, 9918506 itr]:      1138.61
[3384 sec, 9919977 itr]:      1138.61
[3385 sec, 9923224 itr]:      1138.61
[3386 sec, 9926044 itr]:      1138.61
[3387 sec, 9928137 itr]:      1138.61
[ optimality gap      ]:      100.00%
[3388 sec, 9934431 itr]:      1138.61
[3389 sec, 9934431 itr]:      1138.61
[3390 sec, 9937879 itr]:      1138.61
[3391 sec, 9941167 itr]:      1138.61
[3392 sec, 9943979 itr]:      1138.61
[3393 sec, 9945816 itr]:      1138.61
[3394 sec, 9949359 itr]:      1138.61
[3395 sec, 9952526 itr]:      1138.61
[3396 sec, 9956215 itr]:      1138.61
[3397 sec, 9962214 itr]:      1138.61
[ optimality gap      ]:      100.00%
[3398 sec, 9962214 itr]:      1138.61
[3399 sec, 9965065 itr]:      1138.61
[3400 sec, 9968681 itr]:      1138.61
[3401 sec, 9971083 itr]:      1138.61
[3402 sec, 9973606 itr]:      1138.61
[3403 sec, 9977010 itr]:      1138.61
[3404 sec, 9979827 itr]:      1138.61
[3405 sec, 9984997 itr]:      1138.61
[3406 sec, 9984997 itr]:      1138.61
[3407 sec, 9986758 itr]:      1138.61
[ optimality gap      ]:      100.00%
[3408 sec, 9990416 itr]:      1138.61
[3409 sec, 9991502 itr]:      1138.61
[3410 sec, 9994925 itr]:      1138.61
[3411 sec, 9997154 itr]:      1138.61
[3412 sec, 9997281 itr]:      1138.61
[3413 sec, 10004585 itr]:      1138.61
[3414 sec, 10004585 itr]:      1138.61
[3415 sec, 10008036 itr]:      1138.61
[3416 sec, 10009218 itr]:      1138.61
[3417 sec, 10011661 itr]:      1138.61
[ optimality gap       ]:      100.00%
[3418 sec, 10013678 itr]:      1138.61
[3419 sec, 10016276 itr]:      1138.61
[3420 sec, 10018769 itr]:      1138.61
[3421 sec, 10021170 itr]:      1138.61
[3422 sec, 10024200 itr]:      1138.61
[3423 sec, 10027167 itr]:      1138.61
[3424 sec, 10030490 itr]:      1138.61
[3425 sec, 10033638 itr]:      1138.61
[3426 sec, 10036056 itr]:      1138.61
[3427 sec, 10038726 itr]:      1138.61
[ optimality gap       ]:      100.00%
[3428 sec, 10040884 itr]:      1138.61
[3429 sec, 10044172 itr]:      1138.61
[3430 sec, 10048066 itr]:      1138.61
[3431 sec, 10050595 itr]:      1138.61
[3432 sec, 10051740 itr]:      1138.61
[3433 sec, 10054628 itr]:      1138.61
[3434 sec, 10057753 itr]:      1138.61
[3435 sec, 10059784 itr]:      1138.61
[3436 sec, 10061341 itr]:      1138.61
[3437 sec, 10063137 itr]:      1138.61
[ optimality gap       ]:      100.00%
[3438 sec, 10065651 itr]:      1138.61
[3439 sec, 10068742 itr]:      1138.61
[3440 sec, 10070597 itr]:      1138.61
[3441 sec, 10073729 itr]:      1138.61
[3442 sec, 10075556 itr]:      1138.61
[3443 sec, 10077804 itr]:      1138.61
[3444 sec, 10081102 itr]:      1138.61
[3445 sec, 10083816 itr]:      1138.61
[3446 sec, 10087250 itr]:      1138.61
[3447 sec, 10089898 itr]:      1138.61
[ optimality gap       ]:      100.00%
[3448 sec, 10093173 itr]:      1138.61
[3449 sec, 10096549 itr]:      1138.61
[3450 sec, 10098239 itr]:      1138.61
[3451 sec, 10101116 itr]:      1138.61
[3452 sec, 10103836 itr]:      1138.61
[3453 sec, 10105982 itr]:      1138.61
[3454 sec, 10105982 itr]:      1138.61
[3455 sec, 10111091 itr]:      1138.61
[3456 sec, 10111091 itr]:      1138.61
[3457 sec, 10117217 itr]:      1138.61
[ optimality gap       ]:      100.00%
[3458 sec, 10120005 itr]:      1138.61
[3459 sec, 10120005 itr]:      1138.61
[3460 sec, 10124021 itr]:      1138.61
[3461 sec, 10127609 itr]:      1138.61
[3462 sec, 10130587 itr]:      1138.61
[3463 sec, 10133892 itr]:      1138.61
[3464 sec, 10137282 itr]:      1138.61
[3465 sec, 10141500 itr]:      1138.61
[3466 sec, 10144281 itr]:      1138.61
[3467 sec, 10147668 itr]:      1138.61
[ optimality gap       ]:      100.00%
[3468 sec, 10150830 itr]:      1138.61
[3469 sec, 10153710 itr]:      1138.61
[3470 sec, 10157516 itr]:      1138.61
[3471 sec, 10161036 itr]:      1138.61
[3472 sec, 10164131 itr]:      1138.61
[3473 sec, 10170224 itr]:      1138.61
[3474 sec, 10170224 itr]:      1138.61
[3475 sec, 10172863 itr]:      1138.61
[3476 sec, 10176504 itr]:      1138.61
[3477 sec, 10179336 itr]:      1138.61
[ optimality gap       ]:      100.00%
[3478 sec, 10182286 itr]:      1138.61
[3479 sec, 10184648 itr]:      1138.61
[3480 sec, 10188925 itr]:      1138.61
[3481 sec, 10191500 itr]:      1138.61
[3482 sec, 10194638 itr]:      1138.61
[3483 sec, 10197142 itr]:      1138.61
[3484 sec, 10200027 itr]:      1138.61
[3485 sec, 10203788 itr]:      1138.61
[3486 sec, 10207222 itr]:      1138.61
[3487 sec, 10213477 itr]:      1138.61
[ optimality gap       ]:      100.00%
[3488 sec, 10213477 itr]:      1138.61
[3489 sec, 10216139 itr]:      1138.61
[3490 sec, 10219787 itr]:      1138.61
[3491 sec, 10222580 itr]:      1138.61
[3492 sec, 10226467 itr]:      1138.61
[3493 sec, 10229384 itr]:      1138.61
[3494 sec, 10231511 itr]:      1138.61
[3495 sec, 10238138 itr]:      1138.61
[3496 sec, 10238138 itr]:      1138.61
[3497 sec, 10241107 itr]:      1138.61
[ optimality gap       ]:      100.00%
[3498 sec, 10243571 itr]:      1138.61
[3499 sec, 10246655 itr]:      1138.61
[3500 sec, 10249125 itr]:      1138.61
[3501 sec, 10251721 itr]:      1138.61
[3502 sec, 10254475 itr]:      1138.61
[3503 sec, 10256473 itr]:      1138.61
[3504 sec, 10259857 itr]:      1138.61
[3505 sec, 10262119 itr]:      1138.61
[3506 sec, 10268677 itr]:      1138.61
[3507 sec, 10272147 itr]:      1138.61
[ optimality gap       ]:      100.00%
[3508 sec, 10272147 itr]:      1138.61
[3509 sec, 10277732 itr]:      1138.61
[3510 sec, 10277732 itr]:      1138.61
[3511 sec, 10280509 itr]:      1138.61
[3512 sec, 10285696 itr]:      1138.61
[3513 sec, 10285696 itr]:      1138.61
[3514 sec, 10288989 itr]:      1138.61
[3515 sec, 10290226 itr]:      1138.61
[3516 sec, 10290226 itr]:      1138.61
[3517 sec, 10293301 itr]:      1138.61
[ optimality gap       ]:      100.00%
[3518 sec, 10295272 itr]:      1138.61
[3519 sec, 10301619 itr]:      1138.61
[3520 sec, 10301619 itr]:      1138.61
[3521 sec, 10308393 itr]:      1138.61
[3522 sec, 10308393 itr]:      1138.61
[3523 sec, 10311431 itr]:      1138.61
[3524 sec, 10313872 itr]:      1138.61
[3525 sec, 10317572 itr]:      1138.61
[3526 sec, 10320835 itr]:      1138.61
[3527 sec, 10324889 itr]:      1138.61
[ optimality gap       ]:      100.00%
[3528 sec, 10326724 itr]:      1138.61
[3529 sec, 10329353 itr]:      1138.61
[3530 sec, 10332085 itr]:      1138.61
[3531 sec, 10334946 itr]:      1138.61
[3532 sec, 10338622 itr]:      1138.61
[3533 sec, 10345177 itr]:      1138.61
[3534 sec, 10345177 itr]:      1138.61
[3535 sec, 10347729 itr]:      1138.61
[3536 sec, 10350638 itr]:      1138.61
[3537 sec, 10356500 itr]:      1138.61
[ optimality gap       ]:      100.00%
[3538 sec, 10356500 itr]:      1138.61
[3539 sec, 10360716 itr]:      1138.61
[3540 sec, 10363566 itr]:      1138.61
[3541 sec, 10366764 itr]:      1138.61
[3542 sec, 10373998 itr]:      1138.61
[3543 sec, 10373998 itr]:      1138.61
[3544 sec, 10377024 itr]:      1138.61
[3545 sec, 10379669 itr]:      1138.61
[3546 sec, 10381788 itr]:      1138.61
[3547 sec, 10384953 itr]:      1138.61
[ optimality gap       ]:      100.00%
[3548 sec, 10387441 itr]:      1138.61
[3549 sec, 10389696 itr]:      1138.61
[3550 sec, 10393666 itr]:      1138.61
[3551 sec, 10393666 itr]:      1138.61
[3552 sec, 10396539 itr]:      1138.61
[3553 sec, 10398726 itr]:      1138.61
[3554 sec, 10401440 itr]:      1138.61
[3555 sec, 10405091 itr]:      1138.61
[3556 sec, 10409514 itr]:      1138.61
[3557 sec, 10409514 itr]:      1138.61
[ optimality gap       ]:      100.00%
[3558 sec, 10412643 itr]:      1138.61
[3559 sec, 10416211 itr]:      1138.61
[3560 sec, 10419438 itr]:      1138.61
[3561 sec, 10422680 itr]:      1138.61
[3562 sec, 10426067 itr]:      1138.61
[3563 sec, 10430206 itr]:      1138.61
[3564 sec, 10432978 itr]:      1138.61
[3565 sec, 10434551 itr]:      1138.61
[3566 sec, 10437533 itr]:      1138.61
[3567 sec, 10439541 itr]:      1138.61
[ optimality gap       ]:      100.00%
[3568 sec, 10441746 itr]:      1138.61
[3569 sec, 10443670 itr]:      1138.61
[3570 sec, 10446397 itr]:      1138.61
[3571 sec, 10450300 itr]:      1138.61
[3572 sec, 10453460 itr]:      1138.61
[3573 sec, 10456073 itr]:      1138.61
[3574 sec, 10458827 itr]:      1138.61
[3575 sec, 10461689 itr]:      1138.61
[3576 sec, 10464365 itr]:      1138.61
[3577 sec, 10467384 itr]:      1138.61
[ optimality gap       ]:      100.00%
[3578 sec, 10470269 itr]:      1138.61
[3579 sec, 10473596 itr]:      1138.61
[3580 sec, 10476296 itr]:      1138.61
[3581 sec, 10479752 itr]:      1138.61
[3582 sec, 10481255 itr]:      1138.61
[3583 sec, 10483905 itr]:      1138.61
[3584 sec, 10489409 itr]:      1138.61
[3585 sec, 10489409 itr]:      1138.61
[3586 sec, 10492849 itr]:      1138.61
[3587 sec, 10496553 itr]:      1138.61
[ optimality gap       ]:      100.00%
[3588 sec, 10498451 itr]:      1138.61
[3589 sec, 10501794 itr]:      1138.61
[3590 sec, 10503830 itr]:      1138.61
[3591 sec, 10506691 itr]:      1138.61
[3592 sec, 10509643 itr]:      1138.61
[3593 sec, 10512839 itr]:      1138.61
[3594 sec, 10515552 itr]:      1138.61
[3595 sec, 10518806 itr]:      1138.61
[3596 sec, 10521757 itr]:      1138.61
[3597 sec, 10523619 itr]:      1138.61
[ optimality gap       ]:      100.00%
[3598 sec, 10527094 itr]:      1138.61
[3599 sec, 10529978 itr]:      1138.61
[3600 sec, 10535163 itr]:      1138.61
[3600 sec, 10535163 itr]:      1138.61
[ optimality gap       ]:      100.00%

10535163 iterations performed in 3600 seconds

Feasible solution: 
  obj    =      1138.61
  gap    =      100.00%
  bounds =            0
Time limit reached, but a feasible solution is available
  objective value = 1138.6096051886777
  status = HxSolutionStatus.FEASIBLE, iterations = 10535163, time = 3600.00s, gap = 100.00%

[09:04:00.184547] Saving solution to file: /dados/rmelo/PDPTW-SE/benchmark_multi_floor_v3/official_experiments/mip_hexaly/set_02_pt_01/logs/form_melo_hx/solutions/12R_12V_02F_03M/lr103_sol_genconfig_melo_hx.txt

[09:04:00] Saving solution timeline to file: /dados/rmelo/PDPTW-SE/benchmark_multi_floor_v3/official_experiments/mip_hexaly/set_02_pt_01/logs/form_melo_hx/timelines/12R_12V_02F_03M/lr103_timeline_genconfig_melo_hx.txt

[22/09/2025 09:04:00] Writing results to CSV: /dados/rmelo/PDPTW-SE/benchmark_multi_floor_v3/official_experiments/mip_hexaly/set_02_pt_01/logs/form_melo_hx/outputs/csvresults_form_melo_hx.csv
---------------------| VEHICLES |---------------------

Vehicle 1 :
	id: 0
			node: 0
			(x, y, z): (35, 35, 0)
			dem: 0
			earl: 0
			lat: 230
			servt: 0
			pid: 0
			did: 0
			servST: 34.31227959290351
			(h, h_ind): (-1, -1)
			load: 0.0
			
	Finished service at time: 34.31227959290351
	
	Task 0 -> Task 23: 36.06
	Vehicle arrival at task: 70.37227959290351
	Waiting time until service start time: 0.0
	
	id: 23
			node: 11
			(x, y, z): (55, 5, 0)
			dem: 29
			earl: 68
			lat: 78
			servt: 10
			pid: 0
			did: 29
			servST: 70.37227959290351
			(h, h_ind): (-1, -1)
			load: 29.0
			
	Finished service at time: 80.37227959290351
	
	Task 23 -> Task 12: 30.41
	Vehicle arrival at task: 110.7822795929035
	Waiting time until service start time: 0.0
	
	id: 12
			node: 5
			(x, y, z): (50, 35, 0)
			dem: 19
			earl: 0
			lat: 205
			servt: 10
			pid: 0
			did: 80
			servST: 110.78239075271986
			(h, h_ind): (-1, -1)
			load: 48.0
			
	Finished service at time: 120.78239075271986
	
	Using Machine: 1
			Task 12 -> Machine 1 (Station 0): 15.52
			Vehicle arrival at machine station: 136.30239075271987
			Waiting time until machine travel: 0.0
			Machine travel start time: 136.3023907527199
			Region 0 -> Region 1: 5.0
			Machine arrival at machine station: 141.3023907527199
			
			Machine 1 (Station 1)-> Task 29: 29.15
			Vehicle arrival at task: 170.4523907527199
			Waiting time until service start time: -0.0
			
	id: 29
			node: 23
			(x, y, z): (64, 42, 1)
			dem: -29
			earl: 0
			lat: 190
			servt: 10
			pid: 23
			did: 0
			servST: 170.45239075271988
			(h, h_ind): (1, 3)
			load: 19.0
			
	Finished service at time: 180.45239075271988
	
	Task 29 -> Task 80: 9.43
	Vehicle arrival at task: 189.88239075271989
	Waiting time until service start time: 0.0
	
	id: 80
			node: 17
			(x, y, z): (56, 37, 1)
			dem: -19
			earl: 182
			lat: 192
			servt: 10
			pid: 12
			did: 0
			servST: 189.88239075271989
			(h, h_ind): (-1, -1)
			load: 0.0
			
	Finished service at time: 199.88239075271989
	
	Using Machine: 1
			Task 80 -> Machine 1 (Station 1): 21.1
			Vehicle arrival at machine station: 220.98239075271988
			Waiting time until machine travel: 0.0
			Machine travel start time: 220.98239594216662
			Region 1 -> Region 0: 5.0
			Machine arrival at machine station: 225.98239594216662
			
			Machine 1 (Station 0)-> Task 0: 4.0
			Vehicle arrival at task: 229.98239594216662
			Waiting time until service start time: 0.0
			
	id: 0
			node: 25
			(x, y, z): (35, 35, 0)
			dem: 0
			earl: 0
			lat: 230
			servt: 0
			pid: 0
			did: 0
			servST: 229.98239594216662
			(h, h_ind): (1, 6)
			load: 0.0
			

Vehicle 2 :
	id: 0
			node: 0
			(x, y, z): (35, 35, 0)
			dem: 0
			earl: 0
			lat: 230
			servt: 0
			pid: 0
			did: 0
			servST: 95.65392955331592
			(h, h_ind): (-1, -1)
			load: 0.0
			
	Finished service at time: 95.65392955331592
	
	Using Machine: 0
			Task 0 -> Machine 0 (Station 0): 4.47
			Vehicle arrival at machine station: 100.12392955331592
			Waiting time until machine travel: -0.0
			Machine travel start time: 100.12392955331586
			Region 0 -> Region 1: 5.0
			Machine arrival at machine station: 105.12392955331586
			
			Machine 0 (Station 1)-> Task 2: 22.09
			Vehicle arrival at task: 127.21392955331586
			Waiting time until service start time: 0.0
			
	id: 2
			node: 1
			(x, y, z): (35, 17, 1)
			dem: 7
			earl: 0
			lat: 202
			servt: 10
			pid: 0
			did: 4
			servST: 127.2139295533159
			(h, h_ind): (0, 0)
			load: 7.0
			
	Finished service at time: 137.2139295533159
	
	Task 2 -> Task 4: 20.22
	Vehicle arrival at task: 157.4339295533159
	Waiting time until service start time: 0.0
	
	id: 4
			node: 13
			(x, y, z): (55, 20, 1)
			dem: -7
			earl: 149
			lat: 159
			servt: 10
			pid: 2
			did: 0
			servST: 157.43392955331592
			(h, h_ind): (-1, -1)
			load: 0.0
			
	Finished service at time: 167.43392955331592
	
	Using Machine: 1
			Task 4 -> Machine 1 (Station 1): 27.59
			Vehicle arrival at machine station: 195.02392955331592
			Waiting time until machine travel: 0.0
			Machine travel start time: 195.02392955331595
			Region 1 -> Region 0: 5.0
			Machine arrival at machine station: 200.02392955331595
			
			Machine 1 (Station 0)-> Task 0: 4.0
			Vehicle arrival at task: 204.02392955331595
			Waiting time until service start time: 0.0
			
	id: 0
			node: 25
			(x, y, z): (35, 35, 0)
			dem: 0
			earl: 0
			lat: 230
			servt: 0
			pid: 0
			did: 0
			servST: 204.02392955331595
			(h, h_ind): (1, 5)
			load: 0.0
			

Vehicle 3 :
	id: 0
			node: 0
			(x, y, z): (35, 35, 0)
			dem: 0
			earl: 0
			lat: 230
			servt: 0
			pid: 0
			did: 0
			servST: 70.07025205890884
			(h, h_ind): (-1, -1)
			load: 0.0
			
	Finished service at time: 70.07025205890884
	
	Task 0 -> Task 22: 26.93
	Vehicle arrival at task: 97.00025205890884
	Waiting time until service start time: 0.0
	
	id: 22
			node: 10
			(x, y, z): (45, 10, 0)
			dem: 18
			earl: 97
			lat: 107
			servt: 10
			pid: 0
			did: 75
			servST: 97.00025205890884
			(h, h_ind): (-1, -1)
			load: 18.0
			
	Finished service at time: 107.00025205890884
	
	Task 22 -> Task 75: 4.12
	Vehicle arrival at task: 111.12025205890885
	Waiting time until service start time: 0.0
	
	id: 75
			node: 22
			(x, y, z): (49, 11, 0)
			dem: -18
			earl: 0
			lat: 192
			servt: 10
			pid: 22
			did: 0
			servST: 111.12025205890885
			(h, h_ind): (-1, -1)
			load: 0.0
			
	Finished service at time: 121.12025205890885
	
	Task 75 -> Task 16: 40.02
	Vehicle arrival at task: 161.14025205890886
	Waiting time until service start time: -0.0
	
	id: 16
			node: 6
			(x, y, z): (10, 20, 0)
			dem: 19
			earl: 0
			lat: 190
			servt: 10
			pid: 0
			did: 61
			servST: 161.13995358646616
			(h, h_ind): (-1, -1)
			load: 19.0
			
	Finished service at time: 171.13995358646616
	
	Task 16 -> Task 61: 4.47
	Vehicle arrival at task: 175.60995358646616
	Waiting time until service start time: 0.0
	
	id: 61
			node: 18
			(x, y, z): (12, 24, 0)
			dem: -19
			earl: 0
			lat: 194
			servt: 10
			pid: 16
			did: 0
			servST: 175.6099535864662
			(h, h_ind): (-1, -1)
			load: 0.0
			
	Finished service at time: 185.6099535864662
	
	Task 61 -> Task 0: 25.5
	Vehicle arrival at task: 211.1099535864662
	Waiting time until service start time: 0.0
	
	id: 0
			node: 25
			(x, y, z): (35, 35, 0)
			dem: 0
			earl: 0
			lat: 230
			servt: 0
			pid: 0
			did: 0
			servST: 211.1099535864662
			(h, h_ind): (-1, -1)
			load: 0.0
			

Vehicle 5 :
	id: 0
			node: 0
			(x, y, z): (35, 35, 0)
			dem: 0
			earl: 0
			lat: 230
			servt: 0
			pid: 0
			did: 0
			servST: 21.46920880028598
			(h, h_ind): (-1, -1)
			load: 0.0
			
	Finished service at time: 21.46920880028598
	
	Task 0 -> Task 26: 11.18
	Vehicle arrival at task: 32.649208800285976
	Waiting time until service start time: 0.0
	
	id: 26
			node: 12
			(x, y, z): (45, 30, 0)
			dem: 17
			earl: 0
			lat: 208
			servt: 10
			pid: 0
			did: 3
			servST: 32.64920880028599
			(h, h_ind): (-1, -1)
			load: 17.000013550698757
			
	Finished service at time: 42.64920880028599
	
	Using Machine: 1
			Task 26 -> Machine 1 (Station 0): 13.45
			Vehicle arrival at machine station: 56.09920880028599
			Waiting time until machine travel: 0.0
			Machine travel start time: 56.099208800286036
			Region 0 -> Region 1: 5.0
			Machine arrival at machine station: 61.099208800286036
			
			Machine 1 (Station 1)-> Task 3: 20.88
			Vehicle arrival at task: 81.97920880028603
			Waiting time until service start time: -0.0
			
	id: 3
			node: 24
			(x, y, z): (55, 45, 1)
			dem: -17
			earl: 0
			lat: 197
			servt: 10
			pid: 26
			did: 0
			servST: 81.97920880028597
			(h, h_ind): (1, 1)
			load: 1.3550698756858992e-05
			
	Finished service at time: 91.97920880028597
	
	Task 3 -> Task 9: 15.0
	Vehicle arrival at task: 106.97920880028597
	Waiting time until service start time: 0.0
	
	id: 9
			node: 4
			(x, y, z): (55, 60, 1)
			dem: 16
			earl: 97
			lat: 107
			servt: 10
			pid: 0
			did: 66
			servST: 106.97920880028597
			(h, h_ind): (-1, -1)
			load: 16.000013550698757
			
	Finished service at time: 116.97920880028597
	
	Task 9 -> Task 66: 14.32
	Vehicle arrival at task: 131.29920880028598
	Waiting time until service start time: -0.0
	
	id: 66
			node: 16
			(x, y, z): (49, 73, 1)
			dem: -16
			earl: 127
			lat: 137
			servt: 10
			pid: 9
			did: 0
			servST: 131.29920880028595
			(h, h_ind): (-1, -1)
			load: 1.3550698757171632e-05
			
	Finished service at time: 141.29920880028595
	
	Using Machine: 1
			Task 66 -> Machine 1 (Station 1): 36.77
			Vehicle arrival at machine station: 178.06920880028596
			Waiting time until machine travel: -0.0
			Machine travel start time: 178.06920880028594
			Region 1 -> Region 0: 5.0
			Machine arrival at machine station: 183.06920880028594
			
			Machine 1 (Station 0)-> Task 0: 4.0
			Vehicle arrival at task: 187.06920880028594
			Waiting time until service start time: 0.0
			
	id: 0
			node: 25
			(x, y, z): (35, 35, 0)
			dem: 0
			earl: 0
			lat: 230
			servt: 0
			pid: 0
			did: 0
			servST: 187.06920880028594
			(h, h_ind): (1, 4)
			load: 1.3550698757171632e-05
			

Vehicle 6 :
	id: 0
			node: 0
			(x, y, z): (35, 35, 0)
			dem: 0
			earl: 0
			lat: 230
			servt: 0
			pid: 0
			did: 0
			servST: 0.3100000000000023
			(h, h_ind): (-1, -1)
			load: 0.0
			
	Finished service at time: 0.3100000000000023
	
	Using Machine: 2
			Task 0 -> Machine 2 (Station 0): 5.66
			Vehicle arrival at machine station: 5.970000000000002
			Waiting time until machine travel: 0.0
			Machine travel start time: 5.970000000000027
			Region 0 -> Region 1: 5.0
			Machine arrival at machine station: 10.970000000000027
			
			Machine 2 (Station 1)-> Task 19: 26.4
			Vehicle arrival at task: 37.370000000000026
			Waiting time until service start time: -0.0
			
	id: 19
			node: 8
			(x, y, z): (15, 60, 1)
			dem: 17
			earl: 0
			lat: 187
			servt: 10
			pid: 0
			did: 11
			servST: 37.370000000000005
			(h, h_ind): (2, 0)
			load: 17.0
			
	Finished service at time: 47.370000000000005
	
	Using Machine: 2
			Task 19 -> Machine 2 (Station 1): 26.4
			Vehicle arrival at machine station: 73.77000000000001
			Waiting time until machine travel: -0.0
			Machine travel start time: 73.76999999999998
			Region 1 -> Region 0: 5.0
			Machine arrival at machine station: 78.76999999999998
			
			Machine 2 (Station 0)-> Task 11: 28.23
			Vehicle arrival at task: 106.99999999999999
			Waiting time until service start time: 0.0
			
	id: 11
			node: 20
			(x, y, z): (20, 65, 0)
			dem: -17
			earl: 97
			lat: 107
			servt: 10
			pid: 19
			did: 0
			servST: 107.0
			(h, h_ind): (2, 2)
			load: 0.0
			
	Finished service at time: 117.0
	
	Task 11 -> Task 7: 15.0
	Vehicle arrival at task: 132.0
	Waiting time until service start time: 0.0
	
	id: 7
			node: 2
			(x, y, z): (20, 50, 0)
			dem: 5
			earl: 0
			lat: 198
			servt: 10
			pid: 0
			did: 47
			servST: 132.0
			(h, h_ind): (-1, -1)
			load: 5.0
			
	Finished service at time: 142.0
	
	Task 7 -> Task 47: 13.42
	Vehicle arrival at task: 155.42
	Waiting time until service start time: 0.0
	
	id: 47
			node: 14
			(x, y, z): (8, 56, 0)
			dem: -5
			earl: 0
			lat: 185
			servt: 10
			pid: 7
			did: 0
			servST: 155.42000000000002
			(h, h_ind): (-1, -1)
			load: 0.0
			
	Finished service at time: 165.42000000000002
	
	Task 47 -> Task 0: 34.21
	Vehicle arrival at task: 199.63000000000002
	Waiting time until service start time: -0.0
	
	id: 0
			node: 25
			(x, y, z): (35, 35, 0)
			dem: 0
			earl: 0
			lat: 230
			servt: 0
			pid: 0
			did: 0
			servST: 199.63
			(h, h_ind): (-1, -1)
			load: 0.0
			

Vehicle 7 :
	id: 0
			node: 0
			(x, y, z): (35, 35, 0)
			dem: 0
			earl: 0
			lat: 230
			servt: 0
			pid: 0
			did: 0
			servST: 31.75999999999999
			(h, h_ind): (-1, -1)
			load: 0.0
			
	Finished service at time: 31.75999999999999
	
	Task 0 -> Task 18: 15.81
	Vehicle arrival at task: 47.56999999999999
	Waiting time until service start time: 0.0
	
	id: 18
			node: 7
			(x, y, z): (20, 40, 0)
			dem: 12
			earl: 0
			lat: 204
			servt: 10
			pid: 0
			did: 89
			servST: 47.56999999999999
			(h, h_ind): (-1, -1)
			load: 12.0
			
	Finished service at time: 57.56999999999999
	
	Using Machine: 2
			Task 18 -> Machine 2 (Station 0): 11.05
			Vehicle arrival at machine station: 68.61999999999999
			Waiting time until machine travel: 0.0
			Machine travel start time: 68.62
			Region 0 -> Region 1: 5.0
			Machine arrival at machine station: 73.62
			
			Machine 2 (Station 1)-> Task 8: 21.38
			Vehicle arrival at task: 95.0
			Waiting time until service start time: 0.0
			
	id: 8
			node: 3
			(x, y, z): (10, 43, 1)
			dem: 9
			earl: 95
			lat: 105
			servt: 10
			pid: 0
			did: 46
			servST: 95.0
			(h, h_ind): (2, 1)
			load: 21.0
			
	Finished service at time: 105.0
	
	Task 8 -> Task 89: 17.89
	Vehicle arrival at task: 122.89
	Waiting time until service start time: -0.0
	
	id: 89
			node: 19
			(x, y, z): (26, 35, 1)
			dem: -12
			earl: 0
			lat: 211
			servt: 10
			pid: 18
			did: 0
			servST: 122.88999999999999
			(h, h_ind): (-1, -1)
			load: 9.0
			
	Finished service at time: 132.89
	
	Using Machine: 2
			Task 89 -> Machine 2 (Station 1): 6.4
			Vehicle arrival at machine station: 139.29
			Waiting time until machine travel: -0.0
			Machine travel start time: 139.28999999999996
			Region 1 -> Region 0: 5.0
			Machine arrival at machine station: 144.28999999999996
			
			Machine 2 (Station 0)-> Task 46: 30.36
			Vehicle arrival at task: 174.64999999999998
			Waiting time until service start time: 0.0
			
	id: 46
			node: 15
			(x, y, z): (2, 48, 0)
			dem: -9
			earl: 0
			lat: 184
			servt: 10
			pid: 8
			did: 0
			servST: 174.64999999999998
			(h, h_ind): (2, 3)
			load: 0.0
			
	Finished service at time: 184.64999999999998
	
	Task 46 -> Task 0: 35.47
	Vehicle arrival at task: 220.11999999999998
	Waiting time until service start time: 0.0
	
	id: 0
			node: 25
			(x, y, z): (35, 35, 0)
			dem: 0
			earl: 0
			lat: 230
			servt: 0
			pid: 0
			did: 0
			servST: 220.11999999999998
			(h, h_ind): (-1, -1)
			load: 0.0
			

Vehicle 8 :
	id: 0
			node: 0
			(x, y, z): (35, 35, 0)
			dem: 0
			earl: 0
			lat: 230
			servt: 0
			pid: 0
			did: 0
			servST: 33.98401082090979
			(h, h_ind): (-1, -1)
			load: 0.0
			
	Finished service at time: 33.98401082090979
	
	Using Machine: 1
			Task 0 -> Machine 1 (Station 0): 4.0
			Vehicle arrival at machine station: 37.98401082090979
			Waiting time until machine travel: 0.0
			Machine travel start time: 37.98401082090979
			Region 0 -> Region 1: 5.0
			Machine arrival at machine station: 42.98401082090979
			
			Machine 1 (Station 1)-> Task 20: 27.86
			Vehicle arrival at task: 70.84401082090979
			Waiting time until service start time: 0.0
			
	id: 20
			node: 9
			(x, y, z): (45, 65, 1)
			dem: 9
			earl: 0
			lat: 188
			servt: 10
			pid: 0
			did: 51
			servST: 70.8440108209098
			(h, h_ind): (1, 0)
			load: 9.0
			
	Finished service at time: 80.8440108209098
	
	Using Machine: 1
			Task 20 -> Machine 1 (Station 1): 27.86
			Vehicle arrival at machine station: 108.7040108209098
			Waiting time until machine travel: 0.0
			Machine travel start time: 108.70401082090982
			Region 1 -> Region 0: 5.0
			Machine arrival at machine station: 113.70401082090982
			
			Machine 1 (Station 0)-> Task 51: 23.6
			Vehicle arrival at task: 137.3040108209098
			Waiting time until service start time: 0.0
			
	id: 51
			node: 21
			(x, y, z): (49, 58, 0)
			dem: -9
			earl: 0
			lat: 193
			servt: 10
			pid: 20
			did: 0
			servST: 137.3040108209098
			(h, h_ind): (1, 2)
			load: 0.0
			
	Finished service at time: 147.3040108209098
	
	Task 51 -> Task 0: 26.93
	Vehicle arrival at task: 174.23401082090982
	Waiting time until service start time: -0.0
	
	id: 0
			node: 25
			(x, y, z): (35, 35, 0)
			dem: 0
			earl: 0
			lat: 230
			servt: 0
			pid: 0
			did: 0
			servST: 174.2337981327671
			(h, h_ind): (-1, -1)
			load: 0.0
			

---------------------| MACHINES |---------------------

Machine 0 :
	setup duration: 0.0
	
	vehicle: 2
	vehicleInd: 1
	(orig, dest): (0, 1)
	(origID, destID): (0, 2)
	(origRegion, destRegion): (0, 1)
	st: 100.12392955331586
	duration: 5.0
	

Machine 1 :
	setup duration: 0.0
	
	vehicle: 8
	vehicleInd: 1
	(orig, dest): (0, 9)
	(origID, destID): (0, 20)
	(origRegion, destRegion): (0, 1)
	st: 37.98401082090979
	duration: 5.0
	
	setup duration: 5.0
	
	vehicle: 5
	vehicleInd: 2
	(orig, dest): (12, 24)
	(origID, destID): (26, 3)
	(origRegion, destRegion): (0, 1)
	st: 56.099208800286036
	duration: 5.0
	
	setup duration: 0.0
	
	vehicle: 8
	vehicleInd: 2
	(orig, dest): (9, 21)
	(origID, destID): (20, 51)
	(origRegion, destRegion): (1, 0)
	st: 108.70401082090982
	duration: 5.0
	
	setup duration: 0.0
	
	vehicle: 1
	vehicleInd: 3
	(orig, dest): (5, 23)
	(origID, destID): (12, 29)
	(origRegion, destRegion): (0, 1)
	st: 136.3023907527199
	duration: 5.0
	
	setup duration: 0.0
	
	vehicle: 5
	vehicleInd: 5
	(orig, dest): (16, 25)
	(origID, destID): (66, 0)
	(origRegion, destRegion): (1, 0)
	st: 178.06920880028594
	duration: 5.0
	
	setup duration: 5.0
	
	vehicle: 2
	vehicleInd: 3
	(orig, dest): (13, 25)
	(origID, destID): (4, 0)
	(origRegion, destRegion): (1, 0)
	st: 195.02392955331595
	duration: 5.0
	
	setup duration: 5.0
	
	vehicle: 1
	vehicleInd: 5
	(orig, dest): (17, 25)
	(origID, destID): (80, 0)
	(origRegion, destRegion): (1, 0)
	st: 220.98239594216662
	duration: 5.0
	

Machine 2 :
	setup duration: 0.0
	
	vehicle: 6
	vehicleInd: 1
	(orig, dest): (0, 8)
	(origID, destID): (0, 19)
	(origRegion, destRegion): (0, 1)
	st: 5.970000000000027
	duration: 5.0
	
	setup duration: 5.0
	
	vehicle: 7
	vehicleInd: 2
	(orig, dest): (7, 3)
	(origID, destID): (18, 8)
	(origRegion, destRegion): (0, 1)
	st: 68.62
	duration: 5.0
	
	setup duration: 0.0
	
	vehicle: 6
	vehicleInd: 2
	(orig, dest): (8, 20)
	(origID, destID): (19, 11)
	(origRegion, destRegion): (1, 0)
	st: 73.76999999999998
	duration: 5.0
	
	setup duration: 5.0
	
	vehicle: 7
	vehicleInd: 4
	(orig, dest): (19, 15)
	(origID, destID): (89, 46)
	(origRegion, destRegion): (1, 0)
	st: 139.28999999999996
	duration: 5.0
	

-------------------| COMPL. TIMES |-------------------

Vehicle 0 : -0.0
Vehicle 1 : 195.67012
Vehicle 2 : 108.37
Vehicle 3 : 141.0397
Vehicle 4 : 0.0
Vehicle 5 : 165.6
Vehicle 6 : 199.32
Vehicle 7 : 188.36
Vehicle 8 : 140.24979
Vehicle 9 : 0.0
Vehicle 10 : -0.0
Vehicle 11 : 0.0
-------------------| STATISTICS |-------------------

    Vehicles used                           : 58.3333
    Machines used                           : 100.0
    Max load (vehicles)                     : 100.0
    Min load (vehicles)                     : 12.069
    Mean load (vehicles)                    : 43.4184
    Min completion time                     : 47.1174
    Max completion time                     : 86.6609
    Mean completion time                    : 70.7211
    Avrg travel time (with vehicle)         : 14.4928
    Avrg travel time (only with vehicle)    : 8.6957
    Avrg travel time (no vehicle)           : 5.7971
    Avrg waiting time (machine travel)      : 0.0
    Avrg waiting time (service)             : 0.0
    Machines travel times (with vehicle)    : [4.3478, 23.913, 15.2174]
    Machines travel times (no vehicle)      : [2.1739, 8.6957, 6.5217]
    Max load per vehicle                    : [0.0, 100.0, 12.069, 32.7586, 0.0, 35.4167, 44.7368, 55.2632, 23.6842, 0.0, 0.0, 0.0]
----------------------------------------------------

TOTAL: 1138.60961

Everything is awesome!
