Set parameter WLSAccessID
Set parameter WLSSecret
Set parameter LicenseID to value 2661775
Academic license 2661775 - for non-commercial use only - registered to me___@dcc.ufba.br
Parameter 'method_type' with value 'form' successfully set as form of type <class 'str'>
Parameter 'method_code' with value 'melo_hx' successfully set as melo_hx of type <class 'str'>
Parameter 'seed' with value '0' successfully set as 0 of type <class 'int'>
Parameter 'hx_max_time' with value '3600' successfully set as 3600 of type <class 'int'>
Parameter 'threads' with value '8' successfully set as 8 of type <class 'int'>
Parameter 'print_sol' with value '1' successfully set as 1 of type <class 'int'>
Parameter 'constraints_used_melo_mip_str' with value '1-29' successfully set as 1-29 of type <class 'str'>
Instance: lr104_t1_12R_12V_04I_03M
ParameterData(inst_path='/dados/rmelo/PDPTW-SE/benchmark_multi_island_v5/official_experiments/mip_hexaly/set_02_pt_01/../../../instances/orig_ams_fg/12R_12V_04I_04M/t1/lr104/', name='lr104', type='t1', group='12R_12V_04I_03M', full_name='lr104_t1_12R_12V_04I_03M', method_type='form', method_code='melo_hx', gen_config_file='/dados/rmelo/PDPTW-SE/benchmark_multi_island_v5/official_experiments/mip_hexaly/set_02_pt_01/configs/genconfig_melo_hx.conf', gen_config_filename='genconfig_melo_hx', greedy_service_order='tightest_tw', cutoff=0, cutoff_machs=3, solver='Gurobi', max_time=7200, gurobi_cuts=1, type_user_cut=0, mip_presolve=-1, print_sol=1, max_nodes=-1, elevator=0, make_instance_feasible=False, output='/dados/rmelo/PDPTW-SE/benchmark_multi_island_v5/official_experiments/mip_hexaly/set_02_pt_01/logs', epsilon=0.005, epsilon_cap=0.5, warm_start=False, seed=0, rng=<random.Random object at 0x562f3af16d30>, alpha=0.2, max_iter=1000000, output_flag_grb_mip=0, output_flag_grb_mslp=0, output_flag_grb_lmns=0, mslp_r='M', mslp_a='60', lmns_r='M', lmns_a='60', lmns_repair_time=30.0, lmns_mip_focus=0, lmns_gap_to_bigger_destruction=50, lmns_gap_to_smaller_destruction=95, lmns_weight_shaw_dist_prox=1.0, lmns_weight_shaw_earl_prox=1.0, lmns_weight_shaw_same_route=1.0, lmns_weight_shaw_demand_sim=1.0, lmns_req_r_apply_mip_start=True, lmns_acceptance_criteria='H', lmns_metropolis_temp=100.0, lmns_simulated_annealing_temp=100.0, lmns_simulated_annealing_cool=0.95, mip_max_time=3600, hx_max_time=3600, csv_file_name='', sol_file_name='', timeline_file_name='', grb_file_name='', validate_synchronization=True, constraints_used_melo_mip_str='1-29', constraints_used_melo_mip=None, run_callback_melo_mip=False, mip_heuristics=0.05, threads=8)
Constraints active in melo MIP
1 2 3 4 5 6 7 8 9 10 11 12 13 14 15 16 17 18 19 20 21 22 23 24 25 26 27 28 29 
[Reading Data] Using files at /dados/rmelo/PDPTW-SE/benchmark_multi_island_v5/official_experiments/mip_hexaly/set_02_pt_01/../../../instances/orig_ams_fg/12R_12V_04I_04M/t1/lr104/
vehicles: [Vehicle(id=0, cap=26), Vehicle(id=1, cap=33), Vehicle(id=2, cap=40), Vehicle(id=3, cap=40), Vehicle(id=4, cap=26), Vehicle(id=5, cap=40), Vehicle(id=6, cap=40), Vehicle(id=7, cap=40), Vehicle(id=8, cap=26), Vehicle(id=9, cap=26), Vehicle(id=10, cap=33), Vehicle(id=11, cap=33)]
vehicle_types: [Vehicle(id=9, cap=26), Vehicle(id=11, cap=33), Vehicle(id=7, cap=40)]
machines: [Machine(id=0, points=[Point(x=33, y=36, z=0), Point(x=49, y=33, z=1), Point(x=41, y=40, z=2), Point(x=32, y=54, z=3)], spd=1.0), Machine(id=1, points=[Point(x=32, y=36, z=0), Point(x=49, y=32, z=1), Point(x=41, y=41, z=2), Point(x=33, y=55, z=3)], spd=1.0), Machine(id=2, points=[Point(x=35, y=32, z=0), Point(x=49, y=31, z=1), Point(x=43, y=38, z=2), Point(x=33, y=56, z=3)], spd=1.0)]
refs: [0, 2, 3, 4, 6, 7, 8, 9, 10, 11, 12, 13, 15, 22, 14, 24, 17, 23, 19, 20, 5, 18, 21, 16, 1, 0]
V: [0, 1, 2, 3, 4, 5, 6, 7, 8, 9, 10, 11, 12, 13, 14, 15, 16, 17, 18, 19, 20, 21, 22, 23, 24]
V_p: [1, 2, 3, 4, 5, 6, 7, 8, 9, 10, 11, 12]
V_d: [13, 14, 15, 16, 17, 18, 19, 20, 21, 22, 23, 24]
V_p_d: [1, 2, 3, 4, 5, 6, 7, 8, 9, 10, 11, 12, 13, 14, 15, 16, 17, 18, 19, 20, 21, 22, 23, 24]
Vprime: [0, 1, 2, 3, 4, 5, 6, 7, 8, 9, 10, 11, 12, 13, 14, 15, 16, 17, 18, 19, 20, 21, 22, 23, 24, 25]
q: [0, 7, 19, 3, 12, 19, 20, 2, 12, 9, 11, 3, 16, -7, -19, -3, -12, -19, -20, -2, -12, -9, -11, -3, -16, 0]
H: [0, 1, 2]
Machine points:
# Machine 0
	Point(x=33, y=36, z=0)
	Point(x=49, y=33, z=1)
	Point(x=41, y=40, z=2)
	Point(x=32, y=54, z=3)

# Machine 1
	Point(x=32, y=36, z=0)
	Point(x=49, y=32, z=1)
	Point(x=41, y=41, z=2)
	Point(x=33, y=55, z=3)

# Machine 2
	Point(x=35, y=32, z=0)
	Point(x=49, y=31, z=1)
	Point(x=43, y=38, z=2)
	Point(x=33, y=56, z=3)

f: [[0 0 0]
 [0 0 0]
 [1 1 1]
 [0 0 0]
 [3 3 3]
 [1 1 1]
 [0 0 0]
 [0 0 0]
 [0 0 0]
 [2 2 2]
 [1 1 1]
 [1 1 1]
 [2 2 2]
 [1 1 1]
 [1 1 1]
 [0 0 0]
 [3 3 3]
 [2 2 2]
 [0 0 0]
 [0 0 0]
 [0 0 0]
 [2 2 2]
 [1 1 1]
 [2 2 2]
 [2 2 2]
 [0 0 0]]
(0, 0, 0) 0.0
(0, 1, 0) 16.28
(0, 2, 0) 8.94
(0, 3, 0) 18.03
(1, 0, 0) 16.28
(1, 1, 0) 0.0
(1, 2, 0) 10.63
(1, 3, 0) 27.02
(2, 0, 0) 8.94
(2, 1, 0) 10.63
(2, 2, 0) 0.0
(2, 3, 0) 16.64
(3, 0, 0) 18.03
(3, 1, 0) 27.02
(3, 2, 0) 16.64
(3, 3, 0) 0.0
(0, 0, 1) 0.0
(0, 1, 1) 17.46
(0, 2, 1) 10.3
(0, 3, 1) 19.03
(1, 0, 1) 17.46
(1, 1, 1) 0.0
(1, 2, 1) 12.04
(1, 3, 1) 28.02
(2, 0, 1) 10.3
(2, 1, 1) 12.04
(2, 2, 1) 0.0
(2, 3, 1) 16.12
(3, 0, 1) 19.03
(3, 1, 1) 28.02
(3, 2, 1) 16.12
(3, 3, 1) 0.0
(0, 0, 2) 0.0
(0, 1, 2) 14.04
(0, 2, 2) 10.0
(0, 3, 2) 24.08
(1, 0, 2) 14.04
(1, 1, 2) 0.0
(1, 2, 2) 9.22
(1, 3, 2) 29.68
(2, 0, 2) 10.0
(2, 1, 2) 9.22
(2, 2, 2) 0.0
(2, 3, 2) 20.59
(3, 0, 2) 24.08
(3, 1, 2) 29.68
(3, 2, 2) 20.59
(3, 3, 2) 0.0
Number of arcs: 262
M:  (0, np.int64(0)) (1, np.int64(61)) (2, np.int64(312)) (3, np.int64(302)) (4, np.int64(275)) (5, np.int64(265)) (6, np.int64(295)) (7, np.int64(291)) (8, np.int64(31))
JOBS in the order of refs (Vprime)
Node 0: Job(id=0, point=Point(x=35, y=35, z=0), dem=0, earl=0, lat=230, servt=0, pid=0, did=0)
Node 1: Job(id=2, point=Point(x=35, y=17, z=0), dem=7, earl=0, lat=202, servt=10, pid=0, did=74)
Node 2: Job(id=4, point=Point(x=55, y=20, z=1), dem=19, earl=149, lat=159, servt=10, pid=0, did=25)
Node 3: Job(id=6, point=Point(x=25, y=30, z=0), dem=3, earl=0, lat=208, servt=10, pid=0, did=96)
Node 4: Job(id=11, point=Point(x=20, y=65, z=3), dem=12, earl=67, lat=77, servt=10, pid=0, did=31)
Node 5: Job(id=12, point=Point(x=50, y=35, z=1), dem=19, earl=0, lat=205, servt=10, pid=0, did=79)
Node 6: Job(id=14, point=Point(x=15, y=10, z=0), dem=20, earl=0, lat=187, servt=10, pid=0, did=44)
Node 7: Job(id=17, point=Point(x=5, y=30, z=0), dem=2, earl=0, lat=189, servt=10, pid=0, did=45)
Node 8: Job(id=18, point=Point(x=20, y=40, z=0), dem=12, earl=0, lat=204, servt=10, pid=0, did=8)
Node 9: Job(id=20, point=Point(x=45, y=65, z=2), dem=9, earl=0, lat=188, servt=10, pid=0, did=35)
Node 10: Job(id=21, point=Point(x=45, y=20, z=1), dem=11, earl=0, lat=201, servt=10, pid=0, did=54)
Node 11: Job(id=24, point=Point(x=65, y=35, z=1), dem=3, earl=0, lat=190, servt=10, pid=0, did=29)
Node 12: Job(id=28, point=Point(x=41, y=37, z=2), dem=16, earl=0, lat=213, servt=10, pid=0, did=1)
Node 13: Job(id=74, point=Point(x=46, y=13, z=1), dem=-7, earl=149, lat=159, servt=10, pid=2, did=0)
Node 14: Job(id=25, point=Point(x=65, y=20, z=1), dem=-19, earl=172, lat=182, servt=10, pid=4, did=0)
Node 15: Job(id=96, point=Point(x=22, y=27, z=0), dem=-3, earl=0, lat=204, servt=10, pid=6, did=0)
Node 16: Job(id=31, point=Point(x=31, y=52, z=3), dem=-12, earl=0, lat=202, servt=10, pid=11, did=0)
Node 17: Job(id=79, point=Point(x=57, y=48, z=2), dem=-19, earl=92, lat=102, servt=10, pid=12, did=0)
Node 18: Job(id=44, point=Point(x=11, y=14, z=0), dem=-20, earl=69, lat=79, servt=10, pid=14, did=0)
Node 19: Job(id=45, point=Point(x=6, y=38, z=0), dem=-2, earl=0, lat=190, servt=10, pid=17, did=0)
Node 20: Job(id=8, point=Point(x=10, y=43, z=0), dem=-12, earl=95, lat=105, servt=10, pid=18, did=0)
Node 21: Job(id=35, point=Point(x=63, y=65, z=2), dem=-9, earl=0, lat=178, servt=10, pid=20, did=0)
Node 22: Job(id=54, point=Point(x=57, y=29, z=1), dem=-11, earl=0, lat=197, servt=10, pid=21, did=0)
Node 23: Job(id=29, point=Point(x=64, y=42, z=2), dem=-3, earl=0, lat=190, servt=10, pid=24, did=0)
Node 24: Job(id=1, point=Point(x=41, y=49, z=2), dem=-16, earl=0, lat=204, servt=10, pid=28, did=0)
Node 25: Job(id=0, point=Point(x=35, y=35, z=0), dem=0, earl=0, lat=230, servt=0, pid=0, did=0)

### Preprocessing Data ###
	-> arcs: 676 (100.0%)
	-> arc_removals: 414 (61.24%)
	-> arc_removals_is_loop: 26 (3.85%)
	-> arc_removals_is_delivery_to_pickup: 14 (2.07%)
	-> arc_removals_is_depot_begin_to_delivery: 12 (1.78%)
	-> arc_removals_is_pickup_to_depot_end: 12 (1.78%)
	-> arc_removals_is_dest_depot_begin: 24 (3.55%)
	-> arc_removals_is_orig_depot_end: 23 (3.4%)
	-> arc_removals_is_capacity_violated: 0 (0.0%)
	-> arc_removals_is_time_window_limited: 134 (19.82%)
	-> arc_removals_is_time_window_pairing_limited: 162 (23.96%)
	-> arc_removals_is_indirect_request_service_impossible: 7 (1.04%)
	-> gamma_vars: 79057 (100.0%)
	-> feas_gamma_vars: 64772 (81.93%)
	-> infeas_gamma_vars_is_next_mtrv_unreachable: 13798 (17.45%)
	-> infeas_gamma_vars_is_iprime_jprime_eq_i_j: 487 (0.62%)
	-> machine_removal_for_an_arc: 5 (0.74%)
##########################

### Model variables summary ###
	-> Total number of variables: 69250
		- x: 3144
		- z: 312
		- t: 24
		- tstart: 12
		- tfinal: 12
		- phi: 487
		- alpha: 487
		- gamma: 64772
	-> Number of binary variables: 68715


[03:11:26] Adding routing constraints
[03:11:26] Adding scheduling constraints
[03:11:28] Adding objective function

Model:  expressions = 886319, decisions = 69262, constraints = 256253, objectives = 1
Param:  time limit = 3600 sec, no iteration limit, nb threads = 8
        seed = 0

[objective direction ]:     minimize

[  0 sec,       0 itr]: No feasible solution found (infeas = 84)
[  1 sec,    1564 itr]: No feasible solution found (infeas = 84)
[  2 sec,    4285 itr]: No feasible solution found (infeas = 84)
[  3 sec,    4285 itr]: No feasible solution found (infeas = 84)
[  4 sec,    6920 itr]: No feasible solution found (infeas = 84)
[  5 sec,    9863 itr]: No feasible solution found (infeas = 84)
[  6 sec,   12781 itr]: No feasible solution found (infeas = 84)
[  7 sec,   15680 itr]: No feasible solution found (infeas = 84)
[  8 sec,   18238 itr]: No feasible solution found (infeas = 15)
[  9 sec,   20860 itr]: No feasible solution found (infeas = 9)
[ 10 sec,   23417 itr]: No feasible solution found (infeas = 9)
[ 11 sec,   25878 itr]: No feasible solution found (infeas = 9)
[ 12 sec,   28447 itr]: No feasible solution found (infeas = 9)
[ 13 sec,   31076 itr]: No feasible solution found (infeas = 8)
[ 14 sec,   33624 itr]: No feasible solution found (infeas = 8)
[ 15 sec,   35830 itr]: No feasible solution found (infeas = 8)
[ 16 sec,   38127 itr]: No feasible solution found (infeas = 8)
[ 17 sec,   40439 itr]: No feasible solution found (infeas = 8)
[ 18 sec,   42626 itr]: No feasible solution found (infeas = 8)
[ 19 sec,   44774 itr]: No feasible solution found (infeas = 8)
[ 20 sec,   46761 itr]: No feasible solution found (infeas = 8)
[ 21 sec,   48811 itr]: No feasible solution found (infeas = 8)
[ 22 sec,   50750 itr]: No feasible solution found (infeas = 8)
[ 23 sec,   52673 itr]: No feasible solution found (infeas = 8)
[ 24 sec,   54515 itr]: No feasible solution found (infeas = 8)
[ 25 sec,   56473 itr]: No feasible solution found (infeas = 8)
[ 26 sec,   58214 itr]: No feasible solution found (infeas = 8)
[ 27 sec,   60222 itr]: No feasible solution found (infeas = 8)
[ 28 sec,   62213 itr]: No feasible solution found (infeas = 8)
[ 29 sec,   64184 itr]: No feasible solution found (infeas = 8)
[ 30 sec,   68162 itr]: No feasible solution found (infeas = 8)
[ 31 sec,   68162 itr]: No feasible solution found (infeas = 8)
[ 32 sec,   70241 itr]: No feasible solution found (infeas = 8)
[ 33 sec,   72177 itr]: No feasible solution found (infeas = 8)
[ 34 sec,   74192 itr]: No feasible solution found (infeas = 8)
[ 35 sec,   76116 itr]: No feasible solution found (infeas = 8)
[ 36 sec,   80076 itr]: No feasible solution found (infeas = 8)
[ 37 sec,   80076 itr]: No feasible solution found (infeas = 8)
[ 38 sec,   81977 itr]: No feasible solution found (infeas = 8)
[ 39 sec,   83786 itr]: No feasible solution found (infeas = 8)
[ 40 sec,   85589 itr]: No feasible solution found (infeas = 8)
[ 41 sec,   87394 itr]: No feasible solution found (infeas = 8)
[ 42 sec,   89184 itr]: No feasible solution found (infeas = 8)
[ 43 sec,   90887 itr]: No feasible solution found (infeas = 8)
[ 44 sec,   92703 itr]: No feasible solution found (infeas = 8)
[ 45 sec,   94496 itr]: No feasible solution found (infeas = 8)
[ 46 sec,   98139 itr]: No feasible solution found (infeas = 8)
[ 47 sec,   98139 itr]: No feasible solution found (infeas = 8)
[ 48 sec,   99932 itr]: No feasible solution found (infeas = 8)
[ 49 sec,  101696 itr]: No feasible solution found (infeas = 8)
[ 50 sec,  103359 itr]: No feasible solution found (infeas = 8)
[ 51 sec,  105092 itr]: No feasible solution found (infeas = 8)
[ 52 sec,  106873 itr]: No feasible solution found (infeas = 8)
[ 53 sec,  108548 itr]: No feasible solution found (infeas = 8)
[ 54 sec,  110313 itr]: No feasible solution found (infeas = 8)
[ 55 sec,  111944 itr]: No feasible solution found (infeas = 8)
[ 56 sec,  113614 itr]: No feasible solution found (infeas = 8)
[ 57 sec,  115225 itr]: No feasible solution found (infeas = 8)
[ 58 sec,  116899 itr]: No feasible solution found (infeas = 8)
[ 59 sec,  118589 itr]: No feasible solution found (infeas = 8)
[ 60 sec,  121862 itr]: No feasible solution found (infeas = 8)
[ 61 sec,  121862 itr]: No feasible solution found (infeas = 8)
[ 62 sec,  123540 itr]: No feasible solution found (infeas = 8)
[ 63 sec,  125207 itr]: No feasible solution found (infeas = 8)
[ 64 sec,  126948 itr]: No feasible solution found (infeas = 8)
[ 65 sec,  128610 itr]: No feasible solution found (infeas = 8)
[ 66 sec,  132016 itr]: No feasible solution found (infeas = 8)
[ 67 sec,  132016 itr]: No feasible solution found (infeas = 8)
[ 68 sec,  133690 itr]: No feasible solution found (infeas = 8)
[ 69 sec,  135245 itr]: No feasible solution found (infeas = 8)
[ 70 sec,  136876 itr]: No feasible solution found (infeas = 8)
[ 71 sec,  138513 itr]: No feasible solution found (infeas = 8)
[ 72 sec,  140116 itr]: No feasible solution found (infeas = 8)
[ 73 sec,  141763 itr]: No feasible solution found (infeas = 8)
[ 74 sec,  143551 itr]: No feasible solution found (infeas = 8)
[ 75 sec,  145218 itr]: No feasible solution found (infeas = 8)
[ 76 sec,  146883 itr]: No feasible solution found (infeas = 8)
[ 77 sec,  148501 itr]: No feasible solution found (infeas = 8)
[ 78 sec,  150005 itr]: No feasible solution found (infeas = 8)
[ 79 sec,  151608 itr]: No feasible solution found (infeas = 8)
[ 80 sec,  153198 itr]: No feasible solution found (infeas = 8)
[ 81 sec,  154879 itr]: No feasible solution found (infeas = 8)
[ 82 sec,  156493 itr]: No feasible solution found (infeas = 8)
[ 83 sec,  158119 itr]: No feasible solution found (infeas = 8)
[ 84 sec,  159863 itr]: No feasible solution found (infeas = 8)
[ 85 sec,  161458 itr]: No feasible solution found (infeas = 8)
[ 86 sec,  163137 itr]: No feasible solution found (infeas = 8)
[ 87 sec,  164735 itr]: No feasible solution found (infeas = 8)
[ 88 sec,  166367 itr]: No feasible solution found (infeas = 8)
[ 89 sec,  168061 itr]: No feasible solution found (infeas = 8)
[ 90 sec,  169671 itr]: No feasible solution found (infeas = 8)
[ 91 sec,  171247 itr]: No feasible solution found (infeas = 8)
[ 92 sec,  172684 itr]: No feasible solution found (infeas = 8)
[ 93 sec,  174361 itr]: No feasible solution found (infeas = 8)
[ 94 sec,  176020 itr]: No feasible solution found (infeas = 8)
[ 95 sec,  177770 itr]: No feasible solution found (infeas = 8)
[ 96 sec,  179467 itr]: No feasible solution found (infeas = 8)
[ 97 sec,  181177 itr]: No feasible solution found (infeas = 8)
[ 98 sec,  182745 itr]: No feasible solution found (infeas = 8)
[ 99 sec,  184398 itr]: No feasible solution found (infeas = 8)
[100 sec,  186149 itr]: No feasible solution found (infeas = 8)
[101 sec,  187767 itr]: No feasible solution found (infeas = 8)
[102 sec,  189437 itr]: No feasible solution found (infeas = 8)
[103 sec,  191021 itr]: No feasible solution found (infeas = 8)
[104 sec,  192622 itr]: No feasible solution found (infeas = 8)
[105 sec,  194257 itr]: No feasible solution found (infeas = 8)
[106 sec,  195794 itr]: No feasible solution found (infeas = 8)
[107 sec,  197363 itr]: No feasible solution found (infeas = 8)
[108 sec,  198947 itr]: No feasible solution found (infeas = 8)
[109 sec,  200610 itr]: No feasible solution found (infeas = 8)
[110 sec,  202170 itr]: No feasible solution found (infeas = 8)
[111 sec,  205359 itr]: No feasible solution found (infeas = 8)
[112 sec,  205359 itr]: No feasible solution found (infeas = 8)
[113 sec,  207025 itr]: No feasible solution found (infeas = 8)
[114 sec,  208669 itr]: No feasible solution found (infeas = 8)
[115 sec,  210109 itr]: No feasible solution found (infeas = 8)
[116 sec,  211544 itr]: No feasible solution found (infeas = 8)
[117 sec,  214449 itr]: No feasible solution found (infeas = 8)
[118 sec,  214449 itr]: No feasible solution found (infeas = 8)
[119 sec,  215848 itr]: No feasible solution found (infeas = 8)
[120 sec,  217264 itr]: No feasible solution found (infeas = 8)
[121 sec,  218798 itr]: No feasible solution found (infeas = 8)
[122 sec,  220384 itr]: No feasible solution found (infeas = 8)
[123 sec,  221913 itr]: No feasible solution found (infeas = 8)
[124 sec,  223391 itr]: No feasible solution found (infeas = 8)
[125 sec,  226409 itr]: No feasible solution found (infeas = 8)
[126 sec,  226409 itr]: No feasible solution found (infeas = 8)
[127 sec,  227935 itr]: No feasible solution found (infeas = 8)
[128 sec,  229456 itr]: No feasible solution found (infeas = 8)
[129 sec,  230979 itr]: No feasible solution found (infeas = 8)
[130 sec,  232398 itr]: No feasible solution found (infeas = 8)
[131 sec,  233902 itr]: No feasible solution found (infeas = 8)
[132 sec,  235491 itr]: No feasible solution found (infeas = 8)
[133 sec,  237083 itr]: No feasible solution found (infeas = 8)
[134 sec,  238615 itr]: No feasible solution found (infeas = 8)
[135 sec,  240256 itr]: No feasible solution found (infeas = 8)
[136 sec,  241689 itr]: No feasible solution found (infeas = 8)
[137 sec,  243207 itr]: No feasible solution found (infeas = 8)
[138 sec,  244674 itr]: No feasible solution found (infeas = 8)
[139 sec,  246118 itr]: No feasible solution found (infeas = 8)
[140 sec,  247712 itr]: No feasible solution found (infeas = 8)
[141 sec,  249258 itr]: No feasible solution found (infeas = 8)
[142 sec,  250757 itr]: No feasible solution found (infeas = 8)
[143 sec,  252318 itr]: No feasible solution found (infeas = 8)
[144 sec,  253865 itr]: No feasible solution found (infeas = 8)
[145 sec,  255487 itr]: No feasible solution found (infeas = 8)
[146 sec,  257031 itr]: No feasible solution found (infeas = 8)
[147 sec,  258607 itr]: No feasible solution found (infeas = 8)
[148 sec,  260187 itr]: No feasible solution found (infeas = 8)
[149 sec,  261695 itr]: No feasible solution found (infeas = 8)
[150 sec,  263177 itr]: No feasible solution found (infeas = 8)
[151 sec,  264842 itr]: No feasible solution found (infeas = 8)
[152 sec,  266359 itr]: No feasible solution found (infeas = 8)
[153 sec,  267908 itr]: No feasible solution found (infeas = 8)
[154 sec,  269462 itr]: No feasible solution found (infeas = 8)
[155 sec,  271024 itr]: No feasible solution found (infeas = 8)
[156 sec,  272570 itr]: No feasible solution found (infeas = 8)
[157 sec,  274005 itr]: No feasible solution found (infeas = 8)
[158 sec,  275576 itr]: No feasible solution found (infeas = 8)
[159 sec,  277082 itr]: No feasible solution found (infeas = 8)
[160 sec,  278703 itr]: No feasible solution found (infeas = 8)
[161 sec,  280205 itr]: No feasible solution found (infeas = 8)
[162 sec,  281602 itr]: No feasible solution found (infeas = 8)
[163 sec,  283027 itr]: No feasible solution found (infeas = 8)
[164 sec,  284416 itr]: No feasible solution found (infeas = 8)
[165 sec,  285835 itr]: No feasible solution found (infeas = 8)
[166 sec,  287266 itr]: No feasible solution found (infeas = 8)
[167 sec,  288782 itr]: No feasible solution found (infeas = 8)
[168 sec,  290205 itr]: No feasible solution found (infeas = 8)
[169 sec,  291726 itr]: No feasible solution found (infeas = 8)
[170 sec,  293172 itr]: No feasible solution found (infeas = 8)
[171 sec,  294641 itr]: No feasible solution found (infeas = 8)
[172 sec,  296161 itr]: No feasible solution found (infeas = 8)
[173 sec,  297665 itr]: No feasible solution found (infeas = 8)
[174 sec,  299122 itr]: No feasible solution found (infeas = 8)
[175 sec,  300649 itr]: No feasible solution found (infeas = 8)
[176 sec,  303661 itr]: No feasible solution found (infeas = 8)
[177 sec,  303661 itr]: No feasible solution found (infeas = 8)
[178 sec,  305147 itr]: No feasible solution found (infeas = 8)
[179 sec,  306683 itr]: No feasible solution found (infeas = 8)
[180 sec,  308135 itr]: No feasible solution found (infeas = 8)
[181 sec,  309592 itr]: No feasible solution found (infeas = 8)
[182 sec,  311045 itr]: No feasible solution found (infeas = 8)
[183 sec,  312590 itr]: No feasible solution found (infeas = 8)
[184 sec,  314075 itr]: No feasible solution found (infeas = 8)
[185 sec,  315520 itr]: No feasible solution found (infeas = 8)
[186 sec,  317011 itr]: No feasible solution found (infeas = 8)
[187 sec,  318791 itr]: No feasible solution found (infeas = 8)
[188 sec,  320506 itr]: No feasible solution found (infeas = 8)
[189 sec,  322181 itr]: No feasible solution found (infeas = 8)
[190 sec,  323799 itr]: No feasible solution found (infeas = 8)
[191 sec,  325414 itr]: No feasible solution found (infeas = 8)
[192 sec,  326935 itr]: No feasible solution found (infeas = 8)
[193 sec,  328548 itr]: No feasible solution found (infeas = 8)
[194 sec,  330272 itr]: No feasible solution found (infeas = 8)
[195 sec,  331910 itr]: No feasible solution found (infeas = 8)
[196 sec,  333666 itr]: No feasible solution found (infeas = 8)
[197 sec,  335249 itr]: No feasible solution found (infeas = 8)
[198 sec,  336859 itr]: No feasible solution found (infeas = 8)
[199 sec,  338438 itr]: No feasible solution found (infeas = 8)
[200 sec,  340126 itr]: No feasible solution found (infeas = 8)
[201 sec,  341617 itr]: No feasible solution found (infeas = 8)
[202 sec,  343145 itr]: No feasible solution found (infeas = 8)
[203 sec,  344726 itr]: No feasible solution found (infeas = 8)
[204 sec,  346327 itr]: No feasible solution found (infeas = 8)
[205 sec,  349629 itr]: No feasible solution found (infeas = 8)
[206 sec,  349629 itr]: No feasible solution found (infeas = 8)
[207 sec,  351283 itr]: No feasible solution found (infeas = 8)
[208 sec,  353010 itr]: No feasible solution found (infeas = 8)
[209 sec,  354603 itr]: No feasible solution found (infeas = 8)
[210 sec,  357745 itr]: No feasible solution found (infeas = 8)
[211 sec,  357745 itr]: No feasible solution found (infeas = 8)
[212 sec,  359475 itr]: No feasible solution found (infeas = 8)
[213 sec,  361096 itr]: No feasible solution found (infeas = 8)
[214 sec,  362910 itr]: No feasible solution found (infeas = 8)
[215 sec,  364594 itr]: No feasible solution found (infeas = 8)
[216 sec,  366285 itr]: No feasible solution found (infeas = 8)
[217 sec,  367890 itr]: No feasible solution found (infeas = 8)
[218 sec,  369533 itr]: No feasible solution found (infeas = 8)
[219 sec,  371103 itr]: No feasible solution found (infeas = 8)
[220 sec,  372626 itr]: No feasible solution found (infeas = 8)
[221 sec,  374255 itr]: No feasible solution found (infeas = 8)
[222 sec,  377648 itr]: No feasible solution found (infeas = 8)
[223 sec,  377648 itr]: No feasible solution found (infeas = 8)
[224 sec,  380789 itr]: No feasible solution found (infeas = 8)
[225 sec,  382458 itr]: No feasible solution found (infeas = 8)
[226 sec,  382458 itr]: No feasible solution found (infeas = 8)
[227 sec,  384006 itr]: No feasible solution found (infeas = 8)
[228 sec,  385655 itr]: No feasible solution found (infeas = 8)
[229 sec,  387263 itr]: No feasible solution found (infeas = 8)
[230 sec,  389072 itr]: No feasible solution found (infeas = 8)
[231 sec,  390674 itr]: No feasible solution found (infeas = 8)
[232 sec,  392251 itr]: No feasible solution found (infeas = 8)
[233 sec,  393796 itr]: No feasible solution found (infeas = 8)
[234 sec,  395292 itr]: No feasible solution found (infeas = 8)
[235 sec,  396838 itr]: No feasible solution found (infeas = 8)
[236 sec,  398554 itr]: No feasible solution found (infeas = 8)
[237 sec,  400135 itr]: No feasible solution found (infeas = 8)
[238 sec,  401785 itr]: No feasible solution found (infeas = 8)
[239 sec,  403434 itr]: No feasible solution found (infeas = 8)
[240 sec,  405119 itr]: No feasible solution found (infeas = 8)
[241 sec,  408420 itr]: No feasible solution found (infeas = 8)
[242 sec,  408420 itr]: No feasible solution found (infeas = 8)
[243 sec,  410065 itr]: No feasible solution found (infeas = 8)
[244 sec,  411671 itr]: No feasible solution found (infeas = 8)
[245 sec,  413342 itr]: No feasible solution found (infeas = 8)
[246 sec,  414951 itr]: No feasible solution found (infeas = 8)
[247 sec,  416521 itr]: No feasible solution found (infeas = 8)
[248 sec,  418134 itr]: No feasible solution found (infeas = 8)
[249 sec,  419766 itr]: No feasible solution found (infeas = 8)
[250 sec,  421461 itr]: No feasible solution found (infeas = 8)
[251 sec,  423012 itr]: No feasible solution found (infeas = 8)
[252 sec,  424667 itr]: No feasible solution found (infeas = 8)
[253 sec,  426344 itr]: No feasible solution found (infeas = 8)
[254 sec,  428119 itr]: No feasible solution found (infeas = 8)
[255 sec,  429858 itr]: No feasible solution found (infeas = 8)
[256 sec,  431551 itr]: No feasible solution found (infeas = 8)
[257 sec,  433217 itr]: No feasible solution found (infeas = 8)
[258 sec,  434820 itr]: No feasible solution found (infeas = 8)
[259 sec,  436543 itr]: No feasible solution found (infeas = 8)
[260 sec,  438259 itr]: No feasible solution found (infeas = 8)
[261 sec,  440124 itr]: No feasible solution found (infeas = 8)
[262 sec,  441874 itr]: No feasible solution found (infeas = 8)
[263 sec,  443605 itr]: No feasible solution found (infeas = 8)
[264 sec,  445375 itr]: No feasible solution found (infeas = 8)
[265 sec,  447006 itr]: No feasible solution found (infeas = 8)
[266 sec,  448576 itr]: No feasible solution found (infeas = 8)
[267 sec,  451942 itr]: No feasible solution found (infeas = 8)
[268 sec,  451942 itr]: No feasible solution found (infeas = 8)
[269 sec,  453796 itr]: No feasible solution found (infeas = 8)
[270 sec,  455609 itr]: No feasible solution found (infeas = 8)
[271 sec,  457487 itr]: No feasible solution found (infeas = 8)
[272 sec,  459345 itr]: No feasible solution found (infeas = 8)
[273 sec,  461150 itr]: No feasible solution found (infeas = 8)
[274 sec,  463042 itr]: No feasible solution found (infeas = 8)
[275 sec,  464849 itr]: No feasible solution found (infeas = 8)
[276 sec,  466659 itr]: No feasible solution found (infeas = 8)
[277 sec,  468456 itr]: No feasible solution found (infeas = 8)
[278 sec,  472085 itr]: No feasible solution found (infeas = 8)
[279 sec,  472085 itr]: No feasible solution found (infeas = 8)
[280 sec,  475596 itr]: No feasible solution found (infeas = 8)
[281 sec,  475596 itr]: No feasible solution found (infeas = 8)
[282 sec,  477389 itr]: No feasible solution found (infeas = 8)
[283 sec,  479121 itr]: No feasible solution found (infeas = 8)
[284 sec,  480789 itr]: No feasible solution found (infeas = 8)
[285 sec,  482423 itr]: No feasible solution found (infeas = 8)
[286 sec,  484116 itr]: No feasible solution found (infeas = 8)
[287 sec,  485921 itr]: No feasible solution found (infeas = 8)
[288 sec,  487728 itr]: No feasible solution found (infeas = 8)
[289 sec,  489350 itr]: No feasible solution found (infeas = 8)
[290 sec,  491035 itr]: No feasible solution found (infeas = 8)
[291 sec,  494409 itr]: No feasible solution found (infeas = 7)
[292 sec,  494409 itr]: No feasible solution found (infeas = 7)
[293 sec,  495986 itr]: No feasible solution found (infeas = 7)
[294 sec,  497415 itr]: No feasible solution found (infeas = 7)
[295 sec,  499018 itr]: No feasible solution found (infeas = 7)
[296 sec,  500529 itr]: No feasible solution found (infeas = 7)
[297 sec,  502021 itr]: No feasible solution found (infeas = 7)
[298 sec,  503532 itr]: No feasible solution found (infeas = 7)
[299 sec,  505071 itr]: No feasible solution found (infeas = 7)
[300 sec,  506632 itr]: No feasible solution found (infeas = 7)
[301 sec,  508244 itr]: No feasible solution found (infeas = 7)
[302 sec,  509773 itr]: No feasible solution found (infeas = 7)
[303 sec,  512776 itr]: No feasible solution found (infeas = 7)
[304 sec,  512776 itr]: No feasible solution found (infeas = 7)
[305 sec,  515791 itr]: No feasible solution found (infeas = 7)
[306 sec,  517277 itr]: No feasible solution found (infeas = 7)
[307 sec,  517277 itr]: No feasible solution found (infeas = 7)
[308 sec,  518796 itr]: No feasible solution found (infeas = 7)
[309 sec,  521870 itr]: No feasible solution found (infeas = 7)
[310 sec,  521870 itr]: No feasible solution found (infeas = 7)
[311 sec,  523363 itr]: No feasible solution found (infeas = 7)
[312 sec,  524954 itr]: No feasible solution found (infeas = 7)
[313 sec,  526337 itr]: No feasible solution found (infeas = 7)
[314 sec,  527881 itr]: No feasible solution found (infeas = 7)
[315 sec,  529441 itr]: No feasible solution found (infeas = 7)
[316 sec,  532348 itr]: No feasible solution found (infeas = 7)
[317 sec,  532348 itr]: No feasible solution found (infeas = 7)
[318 sec,  533816 itr]: No feasible solution found (infeas = 7)
[319 sec,  535252 itr]: No feasible solution found (infeas = 7)
[320 sec,  536670 itr]: No feasible solution found (infeas = 7)
[321 sec,  538129 itr]: No feasible solution found (infeas = 7)
[322 sec,  539662 itr]: No feasible solution found (infeas = 7)
[323 sec,  541172 itr]: No feasible solution found (infeas = 7)
[324 sec,  542636 itr]: No feasible solution found (infeas = 7)
[325 sec,  544121 itr]: No feasible solution found (infeas = 7)
[326 sec,  545584 itr]: No feasible solution found (infeas = 7)
[327 sec,  547073 itr]: No feasible solution found (infeas = 7)
[328 sec,  548524 itr]: No feasible solution found (infeas = 7)
[329 sec,  550014 itr]: No feasible solution found (infeas = 7)
[330 sec,  551420 itr]: No feasible solution found (infeas = 7)
[331 sec,  552790 itr]: No feasible solution found (infeas = 7)
[332 sec,  554139 itr]: No feasible solution found (infeas = 7)
[333 sec,  555530 itr]: No feasible solution found (infeas = 7)
[334 sec,  556858 itr]: No feasible solution found (infeas = 7)
[335 sec,  558126 itr]: No feasible solution found (infeas = 7)
[336 sec,  559400 itr]: No feasible solution found (infeas = 7)
[337 sec,  562007 itr]: No feasible solution found (infeas = 7)
[338 sec,  562007 itr]: No feasible solution found (infeas = 7)
[339 sec,  563260 itr]: No feasible solution found (infeas = 7)
[340 sec,  564658 itr]: No feasible solution found (infeas = 7)
[341 sec,  565975 itr]: No feasible solution found (infeas = 7)
[342 sec,  567311 itr]: No feasible solution found (infeas = 7)
[343 sec,  568740 itr]: No feasible solution found (infeas = 7)
[344 sec,  570134 itr]: No feasible solution found (infeas = 7)
[345 sec,  571457 itr]: No feasible solution found (infeas = 7)
[346 sec,  572807 itr]: No feasible solution found (infeas = 7)
[347 sec,  574164 itr]: No feasible solution found (infeas = 7)
[348 sec,  575491 itr]: No feasible solution found (infeas = 7)
[349 sec,  577007 itr]: No feasible solution found (infeas = 7)
[350 sec,  578457 itr]: No feasible solution found (infeas = 7)
[351 sec,  579872 itr]: No feasible solution found (infeas = 7)
[352 sec,  581342 itr]: No feasible solution found (infeas = 7)
[353 sec,  582834 itr]: No feasible solution found (infeas = 7)
[354 sec,  585677 itr]: No feasible solution found (infeas = 7)
[355 sec,  587105 itr]: No feasible solution found (infeas = 7)
[356 sec,  588482 itr]: No feasible solution found (infeas = 7)
[357 sec,  588482 itr]: No feasible solution found (infeas = 7)
[358 sec,  589865 itr]: No feasible solution found (infeas = 7)
[359 sec,  591287 itr]: No feasible solution found (infeas = 7)
[360 sec,  592737 itr]: No feasible solution found (infeas = 7)
[361 sec,  594037 itr]: No feasible solution found (infeas = 7)
[362 sec,  595395 itr]: No feasible solution found (infeas = 7)
[363 sec,  596791 itr]: No feasible solution found (infeas = 7)
[364 sec,  598090 itr]: No feasible solution found (infeas = 7)
[365 sec,  599485 itr]: No feasible solution found (infeas = 7)
[366 sec,  600822 itr]: No feasible solution found (infeas = 7)
[367 sec,  602189 itr]: No feasible solution found (infeas = 7)
[368 sec,  603519 itr]: No feasible solution found (infeas = 7)
[369 sec,  604871 itr]: No feasible solution found (infeas = 7)
[370 sec,  607614 itr]: No feasible solution found (infeas = 7)
[371 sec,  607614 itr]: No feasible solution found (infeas = 7)
[372 sec,  609077 itr]: No feasible solution found (infeas = 7)
[373 sec,  610495 itr]: No feasible solution found (infeas = 7)
[374 sec,  611904 itr]: No feasible solution found (infeas = 7)
[375 sec,  613199 itr]: No feasible solution found (infeas = 7)
[376 sec,  614521 itr]: No feasible solution found (infeas = 7)
[377 sec,  615851 itr]: No feasible solution found (infeas = 7)
[378 sec,  617155 itr]: No feasible solution found (infeas = 7)
[379 sec,  618455 itr]: No feasible solution found (infeas = 7)
[380 sec,  619786 itr]: No feasible solution found (infeas = 7)
[381 sec,  621119 itr]: No feasible solution found (infeas = 7)
[382 sec,  622503 itr]: No feasible solution found (infeas = 7)
[383 sec,  623861 itr]: No feasible solution found (infeas = 7)
[384 sec,  625160 itr]: No feasible solution found (infeas = 7)
[385 sec,  626525 itr]: No feasible solution found (infeas = 7)
[386 sec,  627830 itr]: No feasible solution found (infeas = 7)
[387 sec,  629188 itr]: No feasible solution found (infeas = 7)
[388 sec,  630520 itr]: No feasible solution found (infeas = 7)
[389 sec,  631921 itr]: No feasible solution found (infeas = 7)
[390 sec,  633237 itr]: No feasible solution found (infeas = 7)
[391 sec,  634589 itr]: No feasible solution found (infeas = 7)
[392 sec,  637201 itr]: No feasible solution found (infeas = 7)
[393 sec,  638566 itr]: No feasible solution found (infeas = 7)
[394 sec,  638566 itr]: No feasible solution found (infeas = 7)
[395 sec,  639907 itr]: No feasible solution found (infeas = 7)
[396 sec,  641311 itr]: No feasible solution found (infeas = 7)
[397 sec,  642742 itr]: No feasible solution found (infeas = 7)
[398 sec,  644109 itr]: No feasible solution found (infeas = 7)
[399 sec,  645485 itr]: No feasible solution found (infeas = 7)
[400 sec,  646874 itr]: No feasible solution found (infeas = 7)
[401 sec,  648344 itr]: No feasible solution found (infeas = 7)
[402 sec,  649787 itr]: No feasible solution found (infeas = 7)
[403 sec,  651166 itr]: No feasible solution found (infeas = 7)
[404 sec,  652571 itr]: No feasible solution found (infeas = 7)
[405 sec,  653981 itr]: No feasible solution found (infeas = 7)
[406 sec,  655387 itr]: No feasible solution found (infeas = 7)
[407 sec,  658106 itr]: No feasible solution found (infeas = 7)
[408 sec,  658106 itr]: No feasible solution found (infeas = 7)
[409 sec,  659453 itr]: No feasible solution found (infeas = 7)
[410 sec,  660832 itr]: No feasible solution found (infeas = 7)
[411 sec,  662154 itr]: No feasible solution found (infeas = 7)
[412 sec,  663514 itr]: No feasible solution found (infeas = 7)
[413 sec,  664910 itr]: No feasible solution found (infeas = 7)
[414 sec,  666214 itr]: No feasible solution found (infeas = 7)
[415 sec,  667629 itr]: No feasible solution found (infeas = 7)
[416 sec,  669085 itr]: No feasible solution found (infeas = 7)
[417 sec,  670521 itr]: No feasible solution found (infeas = 7)
[418 sec,  671963 itr]: No feasible solution found (infeas = 7)
[419 sec,  674794 itr]: No feasible solution found (infeas = 7)
[420 sec,  674794 itr]: No feasible solution found (infeas = 7)
[421 sec,  676100 itr]: No feasible solution found (infeas = 7)
[422 sec,  677491 itr]: No feasible solution found (infeas = 7)
[423 sec,  678847 itr]: No feasible solution found (infeas = 7)
[424 sec,  680252 itr]: No feasible solution found (infeas = 7)
[425 sec,  683065 itr]: No feasible solution found (infeas = 7)
[426 sec,  684466 itr]: No feasible solution found (infeas = 7)
[427 sec,  684466 itr]: No feasible solution found (infeas = 7)
[428 sec,  685881 itr]: No feasible solution found (infeas = 7)
[429 sec,  687163 itr]: No feasible solution found (infeas = 7)
[430 sec,  688539 itr]: No feasible solution found (infeas = 7)
[431 sec,  689998 itr]: No feasible solution found (infeas = 7)
[432 sec,  691267 itr]: No feasible solution found (infeas = 7)
[433 sec,  694038 itr]: No feasible solution found (infeas = 7)
[434 sec,  694038 itr]: No feasible solution found (infeas = 7)
[435 sec,  695463 itr]: No feasible solution found (infeas = 7)
[436 sec,  696807 itr]: No feasible solution found (infeas = 7)
[437 sec,  698161 itr]: No feasible solution found (infeas = 7)
[438 sec,  699544 itr]: No feasible solution found (infeas = 7)
[439 sec,  700871 itr]: No feasible solution found (infeas = 7)
[440 sec,  702275 itr]: No feasible solution found (infeas = 7)
[441 sec,  703660 itr]: No feasible solution found (infeas = 7)
[442 sec,  704987 itr]: No feasible solution found (infeas = 7)
[443 sec,  707732 itr]: No feasible solution found (infeas = 7)
[444 sec,  707732 itr]: No feasible solution found (infeas = 7)
[445 sec,  709184 itr]: No feasible solution found (infeas = 7)
[446 sec,  710587 itr]: No feasible solution found (infeas = 7)
[447 sec,  711966 itr]: No feasible solution found (infeas = 7)
[448 sec,  713432 itr]: No feasible solution found (infeas = 7)
[449 sec,  716287 itr]: No feasible solution found (infeas = 7)
[450 sec,  716287 itr]: No feasible solution found (infeas = 7)
[451 sec,  719063 itr]: No feasible solution found (infeas = 7)
[452 sec,  719063 itr]: No feasible solution found (infeas = 7)
[453 sec,  720543 itr]: No feasible solution found (infeas = 7)
[454 sec,  721949 itr]: No feasible solution found (infeas = 7)
[455 sec,  723356 itr]: No feasible solution found (infeas = 7)
[456 sec,  724765 itr]: No feasible solution found (infeas = 7)
[457 sec,  726176 itr]: No feasible solution found (infeas = 7)
[458 sec,  727578 itr]: No feasible solution found (infeas = 7)
[459 sec,  729014 itr]: No feasible solution found (infeas = 7)
[460 sec,  730397 itr]: No feasible solution found (infeas = 7)
[461 sec,  731867 itr]: No feasible solution found (infeas = 7)
[462 sec,  733231 itr]: No feasible solution found (infeas = 7)
[463 sec,  734638 itr]: No feasible solution found (infeas = 7)
[464 sec,  736032 itr]: No feasible solution found (infeas = 7)
[465 sec,  737295 itr]: No feasible solution found (infeas = 7)
[466 sec,  738671 itr]: No feasible solution found (infeas = 7)
[467 sec,  740057 itr]: No feasible solution found (infeas = 7)
[468 sec,  741412 itr]: No feasible solution found (infeas = 7)
[469 sec,  742862 itr]: No feasible solution found (infeas = 7)
[470 sec,  744220 itr]: No feasible solution found (infeas = 7)
[471 sec,  745666 itr]: No feasible solution found (infeas = 7)
[472 sec,  747040 itr]: No feasible solution found (infeas = 7)
[473 sec,  748455 itr]: No feasible solution found (infeas = 7)
[474 sec,  749807 itr]: No feasible solution found (infeas = 7)
[475 sec,  751234 itr]: No feasible solution found (infeas = 7)
[476 sec,  752615 itr]: No feasible solution found (infeas = 7)
[477 sec,  753965 itr]: No feasible solution found (infeas = 7)
[478 sec,  755317 itr]: No feasible solution found (infeas = 7)
[479 sec,  756670 itr]: No feasible solution found (infeas = 7)
[480 sec,  758028 itr]: No feasible solution found (infeas = 7)
[481 sec,  759440 itr]: No feasible solution found (infeas = 7)
[482 sec,  760762 itr]: No feasible solution found (infeas = 7)
[483 sec,  762128 itr]: No feasible solution found (infeas = 7)
[484 sec,  764836 itr]: No feasible solution found (infeas = 7)
[485 sec,  764836 itr]: No feasible solution found (infeas = 7)
[486 sec,  766244 itr]: No feasible solution found (infeas = 7)
[487 sec,  769056 itr]: No feasible solution found (infeas = 7)
[488 sec,  769056 itr]: No feasible solution found (infeas = 7)
[489 sec,  770472 itr]: No feasible solution found (infeas = 7)
[490 sec,  771870 itr]: No feasible solution found (infeas = 7)
[491 sec,  773249 itr]: No feasible solution found (infeas = 7)
[492 sec,  774643 itr]: No feasible solution found (infeas = 7)
[493 sec,  776022 itr]: No feasible solution found (infeas = 7)
[494 sec,  777431 itr]: No feasible solution found (infeas = 7)
[495 sec,  778778 itr]: No feasible solution found (infeas = 7)
[496 sec,  780146 itr]: No feasible solution found (infeas = 7)
[497 sec,  781504 itr]: No feasible solution found (infeas = 7)
[498 sec,  782806 itr]: No feasible solution found (infeas = 7)
[499 sec,  784064 itr]: No feasible solution found (infeas = 7)
[500 sec,  786722 itr]: No feasible solution found (infeas = 7)
[501 sec,  786722 itr]: No feasible solution found (infeas = 7)
[502 sec,  789475 itr]: No feasible solution found (infeas = 7)
[503 sec,  789475 itr]: No feasible solution found (infeas = 7)
[504 sec,  790845 itr]: No feasible solution found (infeas = 7)
[505 sec,  792218 itr]: No feasible solution found (infeas = 7)
[506 sec,  793613 itr]: No feasible solution found (infeas = 7)
[507 sec,  795034 itr]: No feasible solution found (infeas = 7)
[508 sec,  796236 itr]: No feasible solution found (infeas = 7)
[509 sec,  797489 itr]: No feasible solution found (infeas = 7)
[510 sec,  798782 itr]: No feasible solution found (infeas = 7)
[511 sec,  800060 itr]: No feasible solution found (infeas = 7)
[512 sec,  801486 itr]: No feasible solution found (infeas = 7)
[513 sec,  802796 itr]: No feasible solution found (infeas = 7)
[514 sec,  804236 itr]: No feasible solution found (infeas = 7)
[515 sec,  805590 itr]: No feasible solution found (infeas = 7)
[516 sec,  806923 itr]: No feasible solution found (infeas = 7)
[517 sec,  808295 itr]: No feasible solution found (infeas = 7)
[518 sec,  809660 itr]: No feasible solution found (infeas = 7)
[519 sec,  810995 itr]: No feasible solution found (infeas = 7)
[520 sec,  812383 itr]: No feasible solution found (infeas = 7)
[521 sec,  813761 itr]: No feasible solution found (infeas = 7)
[522 sec,  815131 itr]: No feasible solution found (infeas = 7)
[523 sec,  816371 itr]: No feasible solution found (infeas = 7)
[524 sec,  818852 itr]: No feasible solution found (infeas = 7)
[525 sec,  818852 itr]: No feasible solution found (infeas = 7)
[526 sec,  821572 itr]: No feasible solution found (infeas = 7)
[527 sec,  821572 itr]: No feasible solution found (infeas = 7)
[528 sec,  822941 itr]: No feasible solution found (infeas = 7)
[529 sec,  824173 itr]: No feasible solution found (infeas = 7)
[530 sec,  825451 itr]: No feasible solution found (infeas = 7)
[531 sec,  826809 itr]: No feasible solution found (infeas = 7)
[532 sec,  828155 itr]: No feasible solution found (infeas = 7)
[533 sec,  829394 itr]: No feasible solution found (infeas = 7)
[534 sec,  830678 itr]: No feasible solution found (infeas = 7)
[535 sec,  831920 itr]: No feasible solution found (infeas = 7)
[536 sec,  834535 itr]: No feasible solution found (infeas = 7)
[537 sec,  834535 itr]: No feasible solution found (infeas = 7)
[538 sec,  837143 itr]: No feasible solution found (infeas = 7)
[539 sec,  837143 itr]: No feasible solution found (infeas = 7)
[540 sec,  838476 itr]: No feasible solution found (infeas = 7)
[541 sec,  839690 itr]: No feasible solution found (infeas = 7)
[542 sec,  840962 itr]: No feasible solution found (infeas = 7)
[543 sec,  842252 itr]: No feasible solution found (infeas = 7)
[544 sec,  843554 itr]: No feasible solution found (infeas = 7)
[545 sec,  846113 itr]: No feasible solution found (infeas = 7)
[546 sec,  846113 itr]: No feasible solution found (infeas = 7)
[547 sec,  847497 itr]: No feasible solution found (infeas = 7)
[548 sec,  848857 itr]: No feasible solution found (infeas = 7)
[549 sec,  850246 itr]: No feasible solution found (infeas = 7)
[550 sec,  853199 itr]: No feasible solution found (infeas = 7)
[551 sec,  853199 itr]: No feasible solution found (infeas = 7)
[552 sec,  854670 itr]: No feasible solution found (infeas = 7)
[553 sec,  857661 itr]: No feasible solution found (infeas = 7)
[554 sec,  857661 itr]: No feasible solution found (infeas = 7)
[555 sec,  859165 itr]: No feasible solution found (infeas = 7)
[556 sec,  860646 itr]: No feasible solution found (infeas = 7)
[557 sec,  862173 itr]: No feasible solution found (infeas = 7)
[558 sec,  863752 itr]: No feasible solution found (infeas = 7)
[559 sec,  865162 itr]: No feasible solution found (infeas = 7)
[560 sec,  866668 itr]: No feasible solution found (infeas = 7)
[561 sec,  868192 itr]: No feasible solution found (infeas = 7)
[562 sec,  869589 itr]: No feasible solution found (infeas = 7)
[563 sec,  871069 itr]: No feasible solution found (infeas = 7)
[564 sec,  872666 itr]: No feasible solution found (infeas = 7)
[565 sec,  874157 itr]: No feasible solution found (infeas = 7)
[566 sec,  877094 itr]: No feasible solution found (infeas = 7)
[567 sec,  877094 itr]: No feasible solution found (infeas = 7)
[568 sec,  878572 itr]: No feasible solution found (infeas = 7)
[569 sec,  880069 itr]: No feasible solution found (infeas = 7)
[570 sec,  881560 itr]: No feasible solution found (infeas = 7)
[571 sec,  882949 itr]: No feasible solution found (infeas = 7)
[572 sec,  884470 itr]: No feasible solution found (infeas = 7)
[573 sec,  886052 itr]: No feasible solution found (infeas = 7)
[574 sec,  887456 itr]: No feasible solution found (infeas = 7)
[575 sec,  889012 itr]: No feasible solution found (infeas = 7)
[576 sec,  890468 itr]: No feasible solution found (infeas = 7)
[577 sec,  891939 itr]: No feasible solution found (infeas = 7)
[578 sec,  893516 itr]: No feasible solution found (infeas = 7)
[579 sec,  896458 itr]: No feasible solution found (infeas = 7)
[580 sec,  896458 itr]: No feasible solution found (infeas = 7)
[581 sec,  897892 itr]: No feasible solution found (infeas = 7)
[582 sec,  899324 itr]: No feasible solution found (infeas = 7)
[583 sec,  900818 itr]: No feasible solution found (infeas = 7)
[584 sec,  903858 itr]: No feasible solution found (infeas = 7)
[585 sec,  903858 itr]: No feasible solution found (infeas = 7)
[586 sec,  905320 itr]: No feasible solution found (infeas = 7)
[587 sec,  906833 itr]: No feasible solution found (infeas = 7)
[588 sec,  909788 itr]: No feasible solution found (infeas = 7)
[589 sec,  909788 itr]: No feasible solution found (infeas = 7)
[590 sec,  911212 itr]: No feasible solution found (infeas = 7)
[591 sec,  914227 itr]: No feasible solution found (infeas = 7)
[592 sec,  914227 itr]: No feasible solution found (infeas = 7)
[593 sec,  915703 itr]: No feasible solution found (infeas = 7)
[594 sec,  917231 itr]: No feasible solution found (infeas = 7)
[595 sec,  918810 itr]: No feasible solution found (infeas = 7)
[596 sec,  920302 itr]: No feasible solution found (infeas = 7)
[597 sec,  921833 itr]: No feasible solution found (infeas = 7)
[598 sec,  924835 itr]: No feasible solution found (infeas = 7)
[599 sec,  924835 itr]: No feasible solution found (infeas = 7)
[600 sec,  926279 itr]: No feasible solution found (infeas = 7)
[601 sec,  927734 itr]: No feasible solution found (infeas = 7)
[602 sec,  929277 itr]: No feasible solution found (infeas = 7)
[603 sec,  930702 itr]: No feasible solution found (infeas = 7)
[604 sec,  932081 itr]: No feasible solution found (infeas = 7)
[605 sec,  933515 itr]: No feasible solution found (infeas = 7)
[606 sec,  934913 itr]: No feasible solution found (infeas = 7)
[607 sec,  936285 itr]: No feasible solution found (infeas = 7)
[608 sec,  938991 itr]: No feasible solution found (infeas = 7)
[609 sec,  940293 itr]: No feasible solution found (infeas = 7)
[610 sec,  940293 itr]: No feasible solution found (infeas = 7)
[611 sec,  941690 itr]: No feasible solution found (infeas = 7)
[612 sec,  942974 itr]: No feasible solution found (infeas = 7)
[613 sec,  944479 itr]: No feasible solution found (infeas = 7)
[614 sec,  945743 itr]: No feasible solution found (infeas = 7)
[615 sec,  947143 itr]: No feasible solution found (infeas = 7)
[616 sec,  948563 itr]: No feasible solution found (infeas = 7)
[617 sec,  950061 itr]: No feasible solution found (infeas = 7)
[618 sec,  951516 itr]: No feasible solution found (infeas = 7)
[619 sec,  954359 itr]: No feasible solution found (infeas = 7)
[620 sec,  954359 itr]: No feasible solution found (infeas = 7)
[621 sec,  955798 itr]: No feasible solution found (infeas = 7)
[622 sec,  957279 itr]: No feasible solution found (infeas = 7)
[623 sec,  958733 itr]: No feasible solution found (infeas = 7)
[624 sec,  960278 itr]: No feasible solution found (infeas = 7)
[625 sec,  961863 itr]: No feasible solution found (infeas = 7)
[626 sec,  963352 itr]: No feasible solution found (infeas = 7)
[627 sec,  964896 itr]: No feasible solution found (infeas = 7)
[628 sec,  966355 itr]: No feasible solution found (infeas = 7)
[629 sec,  967933 itr]: No feasible solution found (infeas = 7)
[630 sec,  969520 itr]: No feasible solution found (infeas = 7)
[631 sec,  971021 itr]: No feasible solution found (infeas = 7)
[632 sec,  972583 itr]: No feasible solution found (infeas = 7)
[633 sec,  974084 itr]: No feasible solution found (infeas = 7)
[634 sec,  975509 itr]: No feasible solution found (infeas = 7)
[635 sec,  977061 itr]: No feasible solution found (infeas = 7)
[636 sec,  978655 itr]: No feasible solution found (infeas = 7)
[637 sec,  980213 itr]: No feasible solution found (infeas = 7)
[638 sec,  981761 itr]: No feasible solution found (infeas = 7)
[639 sec,  983230 itr]: No feasible solution found (infeas = 7)
[640 sec,  984634 itr]: No feasible solution found (infeas = 7)
[641 sec,  985933 itr]: No feasible solution found (infeas = 7)
[642 sec,  987170 itr]: No feasible solution found (infeas = 7)
[643 sec,  988563 itr]: No feasible solution found (infeas = 7)
[644 sec,  989831 itr]: No feasible solution found (infeas = 7)
[645 sec,  991204 itr]: No feasible solution found (infeas = 7)
[646 sec,  992666 itr]: No feasible solution found (infeas = 7)
[647 sec,  994081 itr]: No feasible solution found (infeas = 7)
[648 sec,  995422 itr]: No feasible solution found (infeas = 7)
[649 sec,  996857 itr]: No feasible solution found (infeas = 7)
[650 sec,  998350 itr]: No feasible solution found (infeas = 7)
[651 sec,  999725 itr]: No feasible solution found (infeas = 7)
[652 sec, 1001181 itr]: No feasible solution found (infeas = 7)
[653 sec, 1002683 itr]: No feasible solution found (infeas = 7)
[654 sec, 1004216 itr]: No feasible solution found (infeas = 7)
[655 sec, 1005785 itr]: No feasible solution found (infeas = 7)
[656 sec, 1007336 itr]: No feasible solution found (infeas = 7)
[657 sec, 1008842 itr]: No feasible solution found (infeas = 7)
[658 sec, 1010353 itr]: No feasible solution found (infeas = 7)
[659 sec, 1011955 itr]: No feasible solution found (infeas = 7)
[660 sec, 1013527 itr]: No feasible solution found (infeas = 7)
[661 sec, 1015149 itr]: No feasible solution found (infeas = 7)
[662 sec, 1016722 itr]: No feasible solution found (infeas = 7)
[663 sec, 1018231 itr]: No feasible solution found (infeas = 7)
[664 sec, 1019725 itr]: No feasible solution found (infeas = 7)
[665 sec, 1021227 itr]: No feasible solution found (infeas = 7)
[666 sec, 1022753 itr]: No feasible solution found (infeas = 7)
[667 sec, 1024274 itr]: No feasible solution found (infeas = 7)
[668 sec, 1025759 itr]: No feasible solution found (infeas = 7)
[669 sec, 1027269 itr]: No feasible solution found (infeas = 7)
[670 sec, 1028706 itr]: No feasible solution found (infeas = 7)
[671 sec, 1030149 itr]: No feasible solution found (infeas = 7)
[672 sec, 1031592 itr]: No feasible solution found (infeas = 7)
[673 sec, 1033100 itr]: No feasible solution found (infeas = 7)
[674 sec, 1035972 itr]: No feasible solution found (infeas = 7)
[675 sec, 1037450 itr]: No feasible solution found (infeas = 7)
[676 sec, 1037450 itr]: No feasible solution found (infeas = 7)
[677 sec, 1040515 itr]: No feasible solution found (infeas = 7)
[678 sec, 1040515 itr]: No feasible solution found (infeas = 7)
[679 sec, 1043633 itr]: No feasible solution found (infeas = 7)
[680 sec, 1043633 itr]: No feasible solution found (infeas = 7)
[681 sec, 1045164 itr]: No feasible solution found (infeas = 7)
[682 sec, 1046701 itr]: No feasible solution found (infeas = 7)
[683 sec, 1048182 itr]: No feasible solution found (infeas = 7)
[684 sec, 1049726 itr]: No feasible solution found (infeas = 7)
[685 sec, 1051296 itr]: No feasible solution found (infeas = 7)
[686 sec, 1052841 itr]: No feasible solution found (infeas = 7)
[687 sec, 1054433 itr]: No feasible solution found (infeas = 7)
[688 sec, 1055961 itr]: No feasible solution found (infeas = 7)
[689 sec, 1057556 itr]: No feasible solution found (infeas = 7)
[690 sec, 1059152 itr]: No feasible solution found (infeas = 7)
[691 sec, 1062122 itr]: No feasible solution found (infeas = 7)
[692 sec, 1062122 itr]: No feasible solution found (infeas = 7)
[693 sec, 1063653 itr]: No feasible solution found (infeas = 7)
[694 sec, 1065100 itr]: No feasible solution found (infeas = 7)
[695 sec, 1066568 itr]: No feasible solution found (infeas = 7)
[696 sec, 1068181 itr]: No feasible solution found (infeas = 7)
[697 sec, 1069672 itr]: No feasible solution found (infeas = 7)
[698 sec, 1071116 itr]: No feasible solution found (infeas = 7)
[699 sec, 1072630 itr]: No feasible solution found (infeas = 7)
[700 sec, 1074158 itr]: No feasible solution found (infeas = 7)
[701 sec, 1077153 itr]: No feasible solution found (infeas = 7)
[702 sec, 1077153 itr]: No feasible solution found (infeas = 7)
[703 sec, 1080036 itr]: No feasible solution found (infeas = 7)
[704 sec, 1080036 itr]: No feasible solution found (infeas = 7)
[705 sec, 1081477 itr]: No feasible solution found (infeas = 7)
[706 sec, 1082949 itr]: No feasible solution found (infeas = 7)
[707 sec, 1084434 itr]: No feasible solution found (infeas = 7)
[708 sec, 1085912 itr]: No feasible solution found (infeas = 7)
[709 sec, 1087532 itr]: No feasible solution found (infeas = 7)
[710 sec, 1089053 itr]: No feasible solution found (infeas = 7)
[711 sec, 1090511 itr]: No feasible solution found (infeas = 7)
[712 sec, 1092001 itr]: No feasible solution found (infeas = 7)
[713 sec, 1093422 itr]: No feasible solution found (infeas = 7)
[714 sec, 1094861 itr]: No feasible solution found (infeas = 7)
[715 sec, 1096291 itr]: No feasible solution found (infeas = 7)
[716 sec, 1097819 itr]: No feasible solution found (infeas = 7)
[717 sec, 1100942 itr]: No feasible solution found (infeas = 7)
[718 sec, 1100942 itr]: No feasible solution found (infeas = 7)
[719 sec, 1102427 itr]: No feasible solution found (infeas = 7)
[720 sec, 1105461 itr]: No feasible solution found (infeas = 7)
[721 sec, 1105461 itr]: No feasible solution found (infeas = 7)
[722 sec, 1106865 itr]: No feasible solution found (infeas = 7)
[723 sec, 1108351 itr]: No feasible solution found (infeas = 7)
[724 sec, 1109833 itr]: No feasible solution found (infeas = 7)
[725 sec, 1111279 itr]: No feasible solution found (infeas = 7)
[726 sec, 1112707 itr]: No feasible solution found (infeas = 7)
[727 sec, 1114153 itr]: No feasible solution found (infeas = 7)
[728 sec, 1115664 itr]: No feasible solution found (infeas = 7)
[729 sec, 1117177 itr]: No feasible solution found (infeas = 7)
[730 sec, 1118704 itr]: No feasible solution found (infeas = 7)
[731 sec, 1120192 itr]: No feasible solution found (infeas = 7)
[732 sec, 1121715 itr]: No feasible solution found (infeas = 7)
[733 sec, 1123150 itr]: No feasible solution found (infeas = 7)
[734 sec, 1124693 itr]: No feasible solution found (infeas = 7)
[735 sec, 1126179 itr]: No feasible solution found (infeas = 7)
[736 sec, 1127587 itr]: No feasible solution found (infeas = 7)
[737 sec, 1129025 itr]: No feasible solution found (infeas = 7)
[738 sec, 1130539 itr]: No feasible solution found (infeas = 7)
[739 sec, 1131958 itr]: No feasible solution found (infeas = 7)
[740 sec, 1133454 itr]: No feasible solution found (infeas = 7)
[741 sec, 1134928 itr]: No feasible solution found (infeas = 7)
[742 sec, 1136540 itr]: No feasible solution found (infeas = 7)
[743 sec, 1139676 itr]: No feasible solution found (infeas = 7)
[744 sec, 1139676 itr]: No feasible solution found (infeas = 7)
[745 sec, 1141124 itr]: No feasible solution found (infeas = 7)
[746 sec, 1142660 itr]: No feasible solution found (infeas = 7)
[747 sec, 1145735 itr]: No feasible solution found (infeas = 7)
[748 sec, 1145735 itr]: No feasible solution found (infeas = 7)
[749 sec, 1147223 itr]: No feasible solution found (infeas = 7)
[750 sec, 1150143 itr]: No feasible solution found (infeas = 7)
[751 sec, 1150143 itr]: No feasible solution found (infeas = 7)
[752 sec, 1151712 itr]: No feasible solution found (infeas = 7)
[753 sec, 1154697 itr]: No feasible solution found (infeas = 7)
[754 sec, 1154697 itr]: No feasible solution found (infeas = 7)
[755 sec, 1156184 itr]: No feasible solution found (infeas = 7)
[756 sec, 1159001 itr]: No feasible solution found (infeas = 7)
[757 sec, 1160481 itr]: No feasible solution found (infeas = 7)
[758 sec, 1160481 itr]: No feasible solution found (infeas = 7)
[759 sec, 1162022 itr]: No feasible solution found (infeas = 7)
[760 sec, 1163623 itr]: No feasible solution found (infeas = 7)
[761 sec, 1165185 itr]: No feasible solution found (infeas = 7)
[762 sec, 1168268 itr]: No feasible solution found (infeas = 7)
[763 sec, 1168268 itr]: No feasible solution found (infeas = 7)
[764 sec, 1169798 itr]: No feasible solution found (infeas = 7)
[765 sec, 1171303 itr]: No feasible solution found (infeas = 7)
[766 sec, 1172845 itr]: No feasible solution found (infeas = 7)
[767 sec, 1174355 itr]: No feasible solution found (infeas = 7)
[768 sec, 1175861 itr]: No feasible solution found (infeas = 7)
[769 sec, 1177423 itr]: No feasible solution found (infeas = 7)
[770 sec, 1178943 itr]: No feasible solution found (infeas = 7)
[771 sec, 1180435 itr]: No feasible solution found (infeas = 7)
[772 sec, 1183519 itr]: No feasible solution found (infeas = 7)
[773 sec, 1183519 itr]: No feasible solution found (infeas = 7)
[774 sec, 1184945 itr]: No feasible solution found (infeas = 7)
[775 sec, 1186435 itr]: No feasible solution found (infeas = 7)
[776 sec, 1187835 itr]: No feasible solution found (infeas = 7)
[777 sec, 1190891 itr]: No feasible solution found (infeas = 7)
[778 sec, 1190891 itr]: No feasible solution found (infeas = 7)
[779 sec, 1192260 itr]: No feasible solution found (infeas = 7)
[780 sec, 1193695 itr]: No feasible solution found (infeas = 7)
[781 sec, 1195135 itr]: No feasible solution found (infeas = 7)
[782 sec, 1198216 itr]: No feasible solution found (infeas = 7)
[783 sec, 1199737 itr]: No feasible solution found (infeas = 7)
[784 sec, 1199737 itr]: No feasible solution found (infeas = 7)
[785 sec, 1201264 itr]: No feasible solution found (infeas = 7)
[786 sec, 1202828 itr]: No feasible solution found (infeas = 7)
[787 sec, 1205914 itr]: No feasible solution found (infeas = 7)
[788 sec, 1205914 itr]: No feasible solution found (infeas = 7)
[789 sec, 1207375 itr]: No feasible solution found (infeas = 7)
[790 sec, 1208899 itr]: No feasible solution found (infeas = 7)
[791 sec, 1212075 itr]: No feasible solution found (infeas = 7)
[792 sec, 1212075 itr]: No feasible solution found (infeas = 7)
[793 sec, 1213644 itr]: No feasible solution found (infeas = 7)
[794 sec, 1215157 itr]: No feasible solution found (infeas = 7)
[795 sec, 1216710 itr]: No feasible solution found (infeas = 7)
[796 sec, 1219759 itr]: No feasible solution found (infeas = 7)
[797 sec, 1219759 itr]: No feasible solution found (infeas = 7)
[798 sec, 1221233 itr]: No feasible solution found (infeas = 7)
[799 sec, 1222758 itr]: No feasible solution found (infeas = 7)
[800 sec, 1224234 itr]: No feasible solution found (infeas = 7)
[801 sec, 1225759 itr]: No feasible solution found (infeas = 7)
[802 sec, 1227173 itr]: No feasible solution found (infeas = 7)
[803 sec, 1228663 itr]: No feasible solution found (infeas = 7)
[804 sec, 1231734 itr]: No feasible solution found (infeas = 7)
[805 sec, 1231734 itr]: No feasible solution found (infeas = 7)
[806 sec, 1233336 itr]: No feasible solution found (infeas = 7)
[807 sec, 1234926 itr]: No feasible solution found (infeas = 7)
[808 sec, 1236517 itr]: No feasible solution found (infeas = 7)
[809 sec, 1238096 itr]: No feasible solution found (infeas = 7)
[810 sec, 1239751 itr]: No feasible solution found (infeas = 7)
[811 sec, 1241266 itr]: No feasible solution found (infeas = 7)
[812 sec, 1242749 itr]: No feasible solution found (infeas = 7)
[813 sec, 1244208 itr]: No feasible solution found (infeas = 7)
[814 sec, 1247356 itr]: No feasible solution found (infeas = 7)
[815 sec, 1247356 itr]: No feasible solution found (infeas = 7)
[816 sec, 1248851 itr]: No feasible solution found (infeas = 7)
[817 sec, 1250470 itr]: No feasible solution found (infeas = 7)
[818 sec, 1252033 itr]: No feasible solution found (infeas = 7)
[819 sec, 1253567 itr]: No feasible solution found (infeas = 7)
[820 sec, 1256797 itr]: No feasible solution found (infeas = 7)
[821 sec, 1258348 itr]: No feasible solution found (infeas = 7)
[822 sec, 1259890 itr]: No feasible solution found (infeas = 7)
[823 sec, 1261453 itr]: No feasible solution found (infeas = 7)
[824 sec, 1261453 itr]: No feasible solution found (infeas = 7)
[825 sec, 1262958 itr]: No feasible solution found (infeas = 7)
[826 sec, 1264443 itr]: No feasible solution found (infeas = 7)
[827 sec, 1265960 itr]: No feasible solution found (infeas = 7)
[828 sec, 1269092 itr]: No feasible solution found (infeas = 7)
[829 sec, 1270514 itr]: No feasible solution found (infeas = 7)
[830 sec, 1271952 itr]: No feasible solution found (infeas = 7)
[831 sec, 1273454 itr]: No feasible solution found (infeas = 7)
[832 sec, 1274912 itr]: No feasible solution found (infeas = 7)
[833 sec, 1276373 itr]: No feasible solution found (infeas = 7)
[834 sec, 1276373 itr]: No feasible solution found (infeas = 7)
[835 sec, 1279404 itr]: No feasible solution found (infeas = 7)
[836 sec, 1280903 itr]: No feasible solution found (infeas = 7)
[837 sec, 1280903 itr]: No feasible solution found (infeas = 7)
[838 sec, 1283905 itr]: No feasible solution found (infeas = 7)
[839 sec, 1285295 itr]: No feasible solution found (infeas = 7)
[840 sec, 1286785 itr]: No feasible solution found (infeas = 7)
[841 sec, 1286785 itr]: No feasible solution found (infeas = 7)
[842 sec, 1289813 itr]: No feasible solution found (infeas = 7)
[843 sec, 1289813 itr]: No feasible solution found (infeas = 7)
[844 sec, 1291507 itr]: No feasible solution found (infeas = 7)
[845 sec, 1293004 itr]: No feasible solution found (infeas = 7)
[846 sec, 1294431 itr]: No feasible solution found (infeas = 7)
[847 sec, 1295834 itr]: No feasible solution found (infeas = 7)
[848 sec, 1297359 itr]: No feasible solution found (infeas = 7)
[849 sec, 1298871 itr]: No feasible solution found (infeas = 7)
[850 sec, 1300493 itr]: No feasible solution found (infeas = 7)
[851 sec, 1301932 itr]: No feasible solution found (infeas = 7)
[852 sec, 1303433 itr]: No feasible solution found (infeas = 7)
[853 sec, 1305002 itr]: No feasible solution found (infeas = 7)
[854 sec, 1308053 itr]: No feasible solution found (infeas = 7)
[855 sec, 1309583 itr]: No feasible solution found (infeas = 7)
[856 sec, 1309583 itr]: No feasible solution found (infeas = 7)
[857 sec, 1311170 itr]: No feasible solution found (infeas = 7)
[858 sec, 1314323 itr]: No feasible solution found (infeas = 7)
[859 sec, 1315860 itr]: No feasible solution found (infeas = 7)
[860 sec, 1315860 itr]: No feasible solution found (infeas = 7)
[861 sec, 1318855 itr]: No feasible solution found (infeas = 7)
[862 sec, 1320399 itr]: No feasible solution found (infeas = 7)
[863 sec, 1320399 itr]: No feasible solution found (infeas = 7)
[864 sec, 1321912 itr]: No feasible solution found (infeas = 7)
[865 sec, 1323418 itr]: No feasible solution found (infeas = 7)
[866 sec, 1324909 itr]: No feasible solution found (infeas = 7)
[867 sec, 1328055 itr]: No feasible solution found (infeas = 7)
[868 sec, 1328055 itr]: No feasible solution found (infeas = 7)
[869 sec, 1329654 itr]: No feasible solution found (infeas = 7)
[870 sec, 1332859 itr]: No feasible solution found (infeas = 7)
[871 sec, 1334406 itr]: No feasible solution found (infeas = 7)
[872 sec, 1335840 itr]: No feasible solution found (infeas = 7)
[873 sec, 1335840 itr]: No feasible solution found (infeas = 7)
[874 sec, 1338910 itr]: No feasible solution found (infeas = 7)
[875 sec, 1338910 itr]: No feasible solution found (infeas = 7)
[876 sec, 1340465 itr]: No feasible solution found (infeas = 7)
[877 sec, 1343326 itr]: No feasible solution found (infeas = 7)
[878 sec, 1343326 itr]: No feasible solution found (infeas = 7)
[879 sec, 1344732 itr]: No feasible solution found (infeas = 7)
[880 sec, 1347649 itr]: No feasible solution found (infeas = 7)
[881 sec, 1348958 itr]: No feasible solution found (infeas = 7)
[882 sec, 1350353 itr]: No feasible solution found (infeas = 7)
[883 sec, 1351802 itr]: No feasible solution found (infeas = 7)
[884 sec, 1353266 itr]: No feasible solution found (infeas = 7)
[885 sec, 1353266 itr]: No feasible solution found (infeas = 7)
[886 sec, 1354647 itr]: No feasible solution found (infeas = 7)
[887 sec, 1356163 itr]: No feasible solution found (infeas = 7)
[888 sec, 1357613 itr]: No feasible solution found (infeas = 7)
[889 sec, 1359079 itr]: No feasible solution found (infeas = 7)
[890 sec, 1362039 itr]: No feasible solution found (infeas = 7)
[891 sec, 1363421 itr]: No feasible solution found (infeas = 7)
[892 sec, 1364751 itr]: No feasible solution found (infeas = 7)
[893 sec, 1364751 itr]: No feasible solution found (infeas = 7)
[894 sec, 1366161 itr]: No feasible solution found (infeas = 7)
[895 sec, 1367622 itr]: No feasible solution found (infeas = 7)
[896 sec, 1370745 itr]: No feasible solution found (infeas = 7)
[897 sec, 1372201 itr]: No feasible solution found (infeas = 7)
[898 sec, 1372201 itr]: No feasible solution found (infeas = 7)
[899 sec, 1375140 itr]: No feasible solution found (infeas = 7)
[900 sec, 1376478 itr]: No feasible solution found (infeas = 7)
[901 sec, 1376478 itr]: No feasible solution found (infeas = 7)
[902 sec, 1379293 itr]: No feasible solution found (infeas = 7)
[903 sec, 1380690 itr]: No feasible solution found (infeas = 7)
[904 sec, 1382116 itr]: No feasible solution found (infeas = 7)
[905 sec, 1383572 itr]: No feasible solution found (infeas = 7)
[906 sec, 1383572 itr]: No feasible solution found (infeas = 7)
[907 sec, 1386530 itr]: No feasible solution found (infeas = 7)
[908 sec, 1386530 itr]: No feasible solution found (infeas = 7)
[909 sec, 1388068 itr]: No feasible solution found (infeas = 7)
[910 sec, 1390973 itr]: No feasible solution found (infeas = 7)
[911 sec, 1390973 itr]: No feasible solution found (infeas = 7)
[912 sec, 1392429 itr]: No feasible solution found (infeas = 7)
[913 sec, 1395324 itr]: No feasible solution found (infeas = 7)
[914 sec, 1395324 itr]: No feasible solution found (infeas = 7)
[915 sec, 1398279 itr]: No feasible solution found (infeas = 7)
[916 sec, 1399737 itr]: No feasible solution found (infeas = 7)
[917 sec, 1399737 itr]: No feasible solution found (infeas = 7)
[918 sec, 1401247 itr]: No feasible solution found (infeas = 7)
[919 sec, 1402730 itr]: No feasible solution found (infeas = 7)
[920 sec, 1404346 itr]: No feasible solution found (infeas = 7)
[921 sec, 1405773 itr]: No feasible solution found (infeas = 7)
[922 sec, 1407183 itr]: No feasible solution found (infeas = 7)
[923 sec, 1410218 itr]: No feasible solution found (infeas = 7)
[924 sec, 1411707 itr]: No feasible solution found (infeas = 7)
[925 sec, 1411707 itr]: No feasible solution found (infeas = 7)
[926 sec, 1414845 itr]: No feasible solution found (infeas = 7)
[927 sec, 1416376 itr]: No feasible solution found (infeas = 7)
[928 sec, 1417860 itr]: No feasible solution found (infeas = 7)
[929 sec, 1417860 itr]: No feasible solution found (infeas = 7)
[930 sec, 1419240 itr]: No feasible solution found (infeas = 7)
[931 sec, 1420729 itr]: No feasible solution found (infeas = 7)
[932 sec, 1423763 itr]: No feasible solution found (infeas = 7)
[933 sec, 1425144 itr]: No feasible solution found (infeas = 7)
[934 sec, 1425144 itr]: No feasible solution found (infeas = 7)
[935 sec, 1427943 itr]: No feasible solution found (infeas = 7)
[936 sec, 1429427 itr]: No feasible solution found (infeas = 7)
[937 sec, 1429427 itr]: No feasible solution found (infeas = 7)
[938 sec, 1430776 itr]: No feasible solution found (infeas = 7)
[939 sec, 1433540 itr]: No feasible solution found (infeas = 7)
[940 sec, 1433540 itr]: No feasible solution found (infeas = 7)
[941 sec, 1434882 itr]: No feasible solution found (infeas = 7)
[942 sec, 1436196 itr]: No feasible solution found (infeas = 7)
[943 sec, 1437586 itr]: No feasible solution found (infeas = 7)
[944 sec, 1438956 itr]: No feasible solution found (infeas = 7)
[945 sec, 1441746 itr]: No feasible solution found (infeas = 7)
[946 sec, 1443150 itr]: No feasible solution found (infeas = 7)
[947 sec, 1444586 itr]: No feasible solution found (infeas = 7)
[948 sec, 1444586 itr]: No feasible solution found (infeas = 7)
[949 sec, 1447392 itr]: No feasible solution found (infeas = 7)
[950 sec, 1447392 itr]: No feasible solution found (infeas = 7)
[951 sec, 1448833 itr]: No feasible solution found (infeas = 7)
[952 sec, 1451860 itr]: No feasible solution found (infeas = 7)
[953 sec, 1453328 itr]: No feasible solution found (infeas = 7)
[954 sec, 1454748 itr]: No feasible solution found (infeas = 7)
[955 sec, 1454748 itr]: No feasible solution found (infeas = 7)
[956 sec, 1456116 itr]: No feasible solution found (infeas = 7)
[957 sec, 1457540 itr]: No feasible solution found (infeas = 7)
[958 sec, 1458947 itr]: No feasible solution found (infeas = 7)
[959 sec, 1460385 itr]: No feasible solution found (infeas = 7)
[960 sec, 1461832 itr]: No feasible solution found (infeas = 7)
[961 sec, 1463297 itr]: No feasible solution found (infeas = 7)
[962 sec, 1464687 itr]: No feasible solution found (infeas = 7)
[963 sec, 1466115 itr]: No feasible solution found (infeas = 7)
[964 sec, 1467517 itr]: No feasible solution found (infeas = 7)
[965 sec, 1469058 itr]: No feasible solution found (infeas = 7)
[966 sec, 1471959 itr]: No feasible solution found (infeas = 7)
[967 sec, 1471959 itr]: No feasible solution found (infeas = 7)
[968 sec, 1474991 itr]: No feasible solution found (infeas = 7)
[969 sec, 1476417 itr]: No feasible solution found (infeas = 7)
[970 sec, 1476417 itr]: No feasible solution found (infeas = 7)
[971 sec, 1479290 itr]: No feasible solution found (infeas = 7)
[972 sec, 1479290 itr]: No feasible solution found (infeas = 7)
[973 sec, 1480713 itr]: No feasible solution found (infeas = 7)
[974 sec, 1482155 itr]: No feasible solution found (infeas = 7)
[975 sec, 1483584 itr]: No feasible solution found (infeas = 7)
[976 sec, 1485012 itr]: No feasible solution found (infeas = 7)
[977 sec, 1487996 itr]: No feasible solution found (infeas = 7)
[978 sec, 1487996 itr]: No feasible solution found (infeas = 7)
[979 sec, 1489477 itr]: No feasible solution found (infeas = 7)
[980 sec, 1492283 itr]: No feasible solution found (infeas = 7)
[981 sec, 1492283 itr]: No feasible solution found (infeas = 7)
[982 sec, 1493746 itr]: No feasible solution found (infeas = 7)
[983 sec, 1495154 itr]: No feasible solution found (infeas = 7)
[984 sec, 1496621 itr]: No feasible solution found (infeas = 7)
[985 sec, 1498060 itr]: No feasible solution found (infeas = 7)
[986 sec, 1499537 itr]: No feasible solution found (infeas = 7)
[987 sec, 1501033 itr]: No feasible solution found (infeas = 7)
[988 sec, 1502502 itr]: No feasible solution found (infeas = 7)
[989 sec, 1503940 itr]: No feasible solution found (infeas = 7)
[990 sec, 1505404 itr]: No feasible solution found (infeas = 7)
[991 sec, 1506858 itr]: No feasible solution found (infeas = 7)
[992 sec, 1508359 itr]: No feasible solution found (infeas = 7)
[993 sec, 1511336 itr]: No feasible solution found (infeas = 7)
[994 sec, 1511336 itr]: No feasible solution found (infeas = 7)
[995 sec, 1514101 itr]: No feasible solution found (infeas = 7)
[996 sec, 1515512 itr]: No feasible solution found (infeas = 7)
[997 sec, 1515512 itr]: No feasible solution found (infeas = 7)
[998 sec, 1516893 itr]: No feasible solution found (infeas = 7)
[999 sec, 1518216 itr]: No feasible solution found (infeas = 7)
[1000 sec, 1520981 itr]: No feasible solution found (infeas = 7)
[1001 sec, 1520981 itr]: No feasible solution found (infeas = 7)
[1002 sec, 1523902 itr]: No feasible solution found (infeas = 7)
[1003 sec, 1523902 itr]: No feasible solution found (infeas = 7)
[1004 sec, 1525295 itr]: No feasible solution found (infeas = 7)
[1005 sec, 1526746 itr]: No feasible solution found (infeas = 7)
[1006 sec, 1528183 itr]: No feasible solution found (infeas = 7)
[1007 sec, 1530982 itr]: No feasible solution found (infeas = 7)
[1008 sec, 1530982 itr]: No feasible solution found (infeas = 7)
[1009 sec, 1532356 itr]: No feasible solution found (infeas = 7)
[1010 sec, 1533773 itr]: No feasible solution found (infeas = 7)
[1011 sec, 1535163 itr]: No feasible solution found (infeas = 7)
[1012 sec, 1537920 itr]: No feasible solution found (infeas = 7)
[1013 sec, 1537920 itr]: No feasible solution found (infeas = 7)
[1014 sec, 1539274 itr]: No feasible solution found (infeas = 7)
[1015 sec, 1540683 itr]: No feasible solution found (infeas = 7)
[1016 sec, 1542096 itr]: No feasible solution found (infeas = 7)
[1017 sec, 1543629 itr]: No feasible solution found (infeas = 7)
[1018 sec, 1546710 itr]: No feasible solution found (infeas = 7)
[1019 sec, 1546710 itr]: No feasible solution found (infeas = 7)
[1020 sec, 1548257 itr]: No feasible solution found (infeas = 7)
[1021 sec, 1549780 itr]: No feasible solution found (infeas = 7)
[1022 sec, 1551172 itr]: No feasible solution found (infeas = 7)
[1023 sec, 1554100 itr]: No feasible solution found (infeas = 7)
[1024 sec, 1554100 itr]: No feasible solution found (infeas = 7)
[1025 sec, 1557083 itr]: No feasible solution found (infeas = 7)
[1026 sec, 1557083 itr]: No feasible solution found (infeas = 7)
[1027 sec, 1558469 itr]: No feasible solution found (infeas = 7)
[1028 sec, 1561351 itr]: No feasible solution found (infeas = 7)
[1029 sec, 1562622 itr]: No feasible solution found (infeas = 7)
[1030 sec, 1562622 itr]: No feasible solution found (infeas = 7)
[1031 sec, 1564143 itr]: No feasible solution found (infeas = 7)
[1032 sec, 1567113 itr]: No feasible solution found (infeas = 7)
[1033 sec, 1567113 itr]: No feasible solution found (infeas = 7)
[1034 sec, 1570102 itr]: No feasible solution found (infeas = 7)
[1035 sec, 1571593 itr]: No feasible solution found (infeas = 7)
[1036 sec, 1571593 itr]: No feasible solution found (infeas = 7)
[1037 sec, 1574519 itr]: No feasible solution found (infeas = 7)
[1038 sec, 1576058 itr]: No feasible solution found (infeas = 7)
[1039 sec, 1577541 itr]: No feasible solution found (infeas = 7)
[1040 sec, 1577541 itr]: No feasible solution found (infeas = 7)
[1041 sec, 1579010 itr]: No feasible solution found (infeas = 7)
[1042 sec, 1580441 itr]: No feasible solution found (infeas = 7)
[1043 sec, 1581955 itr]: No feasible solution found (infeas = 7)
[1044 sec, 1583418 itr]: No feasible solution found (infeas = 7)
[1045 sec, 1584868 itr]: No feasible solution found (infeas = 7)
[1046 sec, 1586326 itr]: No feasible solution found (infeas = 7)
[1047 sec, 1589239 itr]: No feasible solution found (infeas = 7)
[1048 sec, 1589239 itr]: No feasible solution found (infeas = 7)
[1049 sec, 1590720 itr]: No feasible solution found (infeas = 7)
[1050 sec, 1592175 itr]: No feasible solution found (infeas = 7)
[1051 sec, 1593617 itr]: No feasible solution found (infeas = 7)
[1052 sec, 1594977 itr]: No feasible solution found (infeas = 7)
[1053 sec, 1596401 itr]: No feasible solution found (infeas = 7)
[1054 sec, 1597824 itr]: No feasible solution found (infeas = 7)
[1055 sec, 1600681 itr]: No feasible solution found (infeas = 7)
[1056 sec, 1600681 itr]: No feasible solution found (infeas = 7)
[1057 sec, 1602157 itr]: No feasible solution found (infeas = 7)
[1058 sec, 1603676 itr]: No feasible solution found (infeas = 7)
[1059 sec, 1605093 itr]: No feasible solution found (infeas = 7)
[1060 sec, 1606568 itr]: No feasible solution found (infeas = 7)
[1061 sec, 1608085 itr]: No feasible solution found (infeas = 7)
[1062 sec, 1609643 itr]: No feasible solution found (infeas = 7)
[1063 sec, 1612718 itr]: No feasible solution found (infeas = 7)
[1064 sec, 1612718 itr]: No feasible solution found (infeas = 7)
[1065 sec, 1615660 itr]: No feasible solution found (infeas = 7)
[1066 sec, 1617136 itr]: No feasible solution found (infeas = 7)
[1067 sec, 1618566 itr]: No feasible solution found (infeas = 7)
[1068 sec, 1618566 itr]: No feasible solution found (infeas = 7)
[1069 sec, 1619930 itr]: No feasible solution found (infeas = 7)
[1070 sec, 1621420 itr]: No feasible solution found (infeas = 7)
[1071 sec, 1622999 itr]: No feasible solution found (infeas = 7)
[1072 sec, 1624313 itr]: No feasible solution found (infeas = 7)
[1073 sec, 1625872 itr]: No feasible solution found (infeas = 7)
[1074 sec, 1627384 itr]: No feasible solution found (infeas = 7)
[1075 sec, 1630163 itr]: No feasible solution found (infeas = 7)
[1076 sec, 1630163 itr]: No feasible solution found (infeas = 7)
[1077 sec, 1631679 itr]: No feasible solution found (infeas = 7)
[1078 sec, 1634524 itr]: No feasible solution found (infeas = 7)
[1079 sec, 1634524 itr]: No feasible solution found (infeas = 7)
[1080 sec, 1635972 itr]: No feasible solution found (infeas = 7)
[1081 sec, 1638984 itr]: No feasible solution found (infeas = 7)
[1082 sec, 1640460 itr]: No feasible solution found (infeas = 7)
[1083 sec, 1640460 itr]: No feasible solution found (infeas = 7)
[1084 sec, 1643581 itr]: No feasible solution found (infeas = 7)
[1085 sec, 1643581 itr]: No feasible solution found (infeas = 7)
[1086 sec, 1645079 itr]: No feasible solution found (infeas = 7)
[1087 sec, 1646509 itr]: No feasible solution found (infeas = 7)
[1088 sec, 1649424 itr]: No feasible solution found (infeas = 7)
[1089 sec, 1649424 itr]: No feasible solution found (infeas = 7)
[1090 sec, 1650884 itr]: No feasible solution found (infeas = 7)
[1091 sec, 1652275 itr]: No feasible solution found (infeas = 7)
[1092 sec, 1653778 itr]: No feasible solution found (infeas = 7)
[1093 sec, 1656839 itr]: No feasible solution found (infeas = 7)
[1094 sec, 1656839 itr]: No feasible solution found (infeas = 7)
[1095 sec, 1658354 itr]: No feasible solution found (infeas = 7)
[1096 sec, 1659888 itr]: No feasible solution found (infeas = 7)
[1097 sec, 1662892 itr]: No feasible solution found (infeas = 7)
[1098 sec, 1664293 itr]: No feasible solution found (infeas = 7)
[1099 sec, 1664293 itr]: No feasible solution found (infeas = 7)
[1100 sec, 1665752 itr]: No feasible solution found (infeas = 7)
[1101 sec, 1667206 itr]: No feasible solution found (infeas = 7)
[1102 sec, 1668738 itr]: No feasible solution found (infeas = 7)
[1103 sec, 1670214 itr]: No feasible solution found (infeas = 7)
[1104 sec, 1671774 itr]: No feasible solution found (infeas = 7)
[1105 sec, 1673256 itr]: No feasible solution found (infeas = 7)
[1106 sec, 1674747 itr]: No feasible solution found (infeas = 7)
[1107 sec, 1677887 itr]: No feasible solution found (infeas = 7)
[1108 sec, 1679402 itr]: No feasible solution found (infeas = 7)
[1109 sec, 1680855 itr]: No feasible solution found (infeas = 7)
[1110 sec, 1680855 itr]: No feasible solution found (infeas = 7)
[1111 sec, 1682388 itr]: No feasible solution found (infeas = 7)
[1112 sec, 1685480 itr]: No feasible solution found (infeas = 7)
[1113 sec, 1687101 itr]: No feasible solution found (infeas = 7)
[1114 sec, 1687101 itr]: No feasible solution found (infeas = 7)
[1115 sec, 1688597 itr]: No feasible solution found (infeas = 7)
[1116 sec, 1691630 itr]: No feasible solution found (infeas = 7)
[1117 sec, 1691630 itr]: No feasible solution found (infeas = 7)
[1118 sec, 1693187 itr]: No feasible solution found (infeas = 7)
[1119 sec, 1694684 itr]: No feasible solution found (infeas = 7)
[1120 sec, 1696191 itr]: No feasible solution found (infeas = 7)
[1121 sec, 1697596 itr]: No feasible solution found (infeas = 7)
[1122 sec, 1699106 itr]: No feasible solution found (infeas = 7)
[1123 sec, 1700663 itr]: No feasible solution found (infeas = 7)
[1124 sec, 1703626 itr]: No feasible solution found (infeas = 7)
[1125 sec, 1703626 itr]: No feasible solution found (infeas = 7)
[1126 sec, 1705061 itr]: No feasible solution found (infeas = 7)
[1127 sec, 1706431 itr]: No feasible solution found (infeas = 7)
[1128 sec, 1707886 itr]: No feasible solution found (infeas = 7)
[1129 sec, 1709389 itr]: No feasible solution found (infeas = 7)
[1130 sec, 1710900 itr]: No feasible solution found (infeas = 7)
[1131 sec, 1713964 itr]: No feasible solution found (infeas = 7)
[1132 sec, 1713964 itr]: No feasible solution found (infeas = 7)
[1133 sec, 1715476 itr]: No feasible solution found (infeas = 7)
[1134 sec, 1716890 itr]: No feasible solution found (infeas = 7)
[1135 sec, 1718219 itr]: No feasible solution found (infeas = 7)
[1136 sec, 1719533 itr]: No feasible solution found (infeas = 7)
[1137 sec, 1722491 itr]: No feasible solution found (infeas = 7)
[1138 sec, 1722491 itr]: No feasible solution found (infeas = 7)
[1139 sec, 1723980 itr]: No feasible solution found (infeas = 7)
[1140 sec, 1727028 itr]: No feasible solution found (infeas = 7)
[1141 sec, 1727028 itr]: No feasible solution found (infeas = 7)
[1142 sec, 1728606 itr]: No feasible solution found (infeas = 7)
[1143 sec, 1730191 itr]: No feasible solution found (infeas = 7)
[1144 sec, 1731750 itr]: No feasible solution found (infeas = 7)
[1145 sec, 1734814 itr]: No feasible solution found (infeas = 7)
[1146 sec, 1736323 itr]: No feasible solution found (infeas = 7)
[1147 sec, 1736323 itr]: No feasible solution found (infeas = 7)
[1148 sec, 1739462 itr]: No feasible solution found (infeas = 7)
[1149 sec, 1739462 itr]: No feasible solution found (infeas = 7)
[1150 sec, 1740922 itr]: No feasible solution found (infeas = 7)
[1151 sec, 1742559 itr]: No feasible solution found (infeas = 7)
[1152 sec, 1744062 itr]: No feasible solution found (infeas = 7)
[1153 sec, 1745528 itr]: No feasible solution found (infeas = 7)
[1154 sec, 1748551 itr]: No feasible solution found (infeas = 7)
[1155 sec, 1748551 itr]: No feasible solution found (infeas = 7)
[1156 sec, 1749947 itr]: No feasible solution found (infeas = 7)
[1157 sec, 1751455 itr]: No feasible solution found (infeas = 7)
[1158 sec, 1753009 itr]: No feasible solution found (infeas = 7)
[1159 sec, 1754570 itr]: No feasible solution found (infeas = 7)
[1160 sec, 1757644 itr]: No feasible solution found (infeas = 7)
[1161 sec, 1757644 itr]: No feasible solution found (infeas = 7)
[1162 sec, 1759023 itr]: No feasible solution found (infeas = 7)
[1163 sec, 1760578 itr]: No feasible solution found (infeas = 7)
[1164 sec, 1763664 itr]: No feasible solution found (infeas = 7)
[1165 sec, 1763664 itr]: No feasible solution found (infeas = 7)
[1166 sec, 1765097 itr]: No feasible solution found (infeas = 7)
[1167 sec, 1766674 itr]: No feasible solution found (infeas = 7)
[1168 sec, 1768069 itr]: No feasible solution found (infeas = 7)
[1169 sec, 1769496 itr]: No feasible solution found (infeas = 7)
[1170 sec, 1772398 itr]: No feasible solution found (infeas = 7)
[1171 sec, 1772398 itr]: No feasible solution found (infeas = 7)
[1172 sec, 1773733 itr]: No feasible solution found (infeas = 7)
[1173 sec, 1776807 itr]: No feasible solution found (infeas = 7)
[1174 sec, 1776807 itr]: No feasible solution found (infeas = 7)
[1175 sec, 1778445 itr]: No feasible solution found (infeas = 7)
[1176 sec, 1779979 itr]: No feasible solution found (infeas = 7)
[1177 sec, 1783094 itr]: No feasible solution found (infeas = 7)
[1178 sec, 1783094 itr]: No feasible solution found (infeas = 7)
[1179 sec, 1784689 itr]: No feasible solution found (infeas = 7)
[1180 sec, 1786329 itr]: No feasible solution found (infeas = 7)
[1181 sec, 1787878 itr]: No feasible solution found (infeas = 7)
[1182 sec, 1789497 itr]: No feasible solution found (infeas = 7)
[1183 sec, 1791086 itr]: No feasible solution found (infeas = 7)
[1184 sec, 1792683 itr]: No feasible solution found (infeas = 7)
[1185 sec, 1794319 itr]: No feasible solution found (infeas = 7)
[1186 sec, 1795777 itr]: No feasible solution found (infeas = 7)
[1187 sec, 1798867 itr]: No feasible solution found (infeas = 7)
[1188 sec, 1798867 itr]: No feasible solution found (infeas = 7)
[1189 sec, 1800328 itr]: No feasible solution found (infeas = 7)
[1190 sec, 1801692 itr]: No feasible solution found (infeas = 7)
[1191 sec, 1803185 itr]: No feasible solution found (infeas = 7)
[1192 sec, 1804552 itr]: No feasible solution found (infeas = 7)
[1193 sec, 1807559 itr]: No feasible solution found (infeas = 7)
[1194 sec, 1807559 itr]: No feasible solution found (infeas = 7)
[1195 sec, 1809121 itr]: No feasible solution found (infeas = 7)
[1196 sec, 1810654 itr]: No feasible solution found (infeas = 7)
[1197 sec, 1812141 itr]: No feasible solution found (infeas = 7)
[1198 sec, 1815276 itr]: No feasible solution found (infeas = 7)
[1199 sec, 1815276 itr]: No feasible solution found (infeas = 7)
[1200 sec, 1816845 itr]: No feasible solution found (infeas = 7)
[1201 sec, 1818442 itr]: No feasible solution found (infeas = 7)
[1202 sec, 1821444 itr]: No feasible solution found (infeas = 7)
[1203 sec, 1821444 itr]: No feasible solution found (infeas = 7)
[1204 sec, 1822998 itr]: No feasible solution found (infeas = 7)
[1205 sec, 1826015 itr]: No feasible solution found (infeas = 7)
[1206 sec, 1826015 itr]: No feasible solution found (infeas = 7)
[1207 sec, 1827509 itr]: No feasible solution found (infeas = 7)
[1208 sec, 1828978 itr]: No feasible solution found (infeas = 7)
[1209 sec, 1830473 itr]: No feasible solution found (infeas = 7)
[1210 sec, 1831836 itr]: No feasible solution found (infeas = 7)
[1211 sec, 1834840 itr]: No feasible solution found (infeas = 7)
[1212 sec, 1834840 itr]: No feasible solution found (infeas = 7)
[1213 sec, 1836236 itr]: No feasible solution found (infeas = 7)
[1214 sec, 1837718 itr]: No feasible solution found (infeas = 7)
[1215 sec, 1840643 itr]: No feasible solution found (infeas = 7)
[1216 sec, 1840643 itr]: No feasible solution found (infeas = 7)
[1217 sec, 1843491 itr]: No feasible solution found (infeas = 7)
[1218 sec, 1843491 itr]: No feasible solution found (infeas = 7)
[1219 sec, 1844965 itr]: No feasible solution found (infeas = 7)
[1220 sec, 1846257 itr]: No feasible solution found (infeas = 7)
[1221 sec, 1849144 itr]: No feasible solution found (infeas = 7)
[1222 sec, 1849144 itr]: No feasible solution found (infeas = 7)
[1223 sec, 1850646 itr]: No feasible solution found (infeas = 7)
[1224 sec, 1852193 itr]: No feasible solution found (infeas = 7)
[1225 sec, 1853675 itr]: No feasible solution found (infeas = 7)
[1226 sec, 1856588 itr]: No feasible solution found (infeas = 7)
[1227 sec, 1856588 itr]: No feasible solution found (infeas = 7)
[1228 sec, 1858022 itr]: No feasible solution found (infeas = 7)
[1229 sec, 1859557 itr]: No feasible solution found (infeas = 7)
[1230 sec, 1861043 itr]: No feasible solution found (infeas = 7)
[1231 sec, 1862534 itr]: No feasible solution found (infeas = 7)
[1232 sec, 1863965 itr]: No feasible solution found (infeas = 7)
[1233 sec, 1865402 itr]: No feasible solution found (infeas = 7)
[1234 sec, 1866856 itr]: No feasible solution found (infeas = 7)
[1235 sec, 1868321 itr]: No feasible solution found (infeas = 7)
[1236 sec, 1871181 itr]: No feasible solution found (infeas = 7)
[1237 sec, 1871181 itr]: No feasible solution found (infeas = 7)
[1238 sec, 1872547 itr]: No feasible solution found (infeas = 7)
[1239 sec, 1873982 itr]: No feasible solution found (infeas = 7)
[1240 sec, 1875441 itr]: No feasible solution found (infeas = 7)
[1241 sec, 1876898 itr]: No feasible solution found (infeas = 7)
[1242 sec, 1878376 itr]: No feasible solution found (infeas = 7)
[1243 sec, 1881220 itr]: No feasible solution found (infeas = 7)
[1244 sec, 1882725 itr]: No feasible solution found (infeas = 7)
[1245 sec, 1882725 itr]: No feasible solution found (infeas = 7)
[1246 sec, 1884240 itr]: No feasible solution found (infeas = 7)
[1247 sec, 1887343 itr]: No feasible solution found (infeas = 7)
[1248 sec, 1887343 itr]: No feasible solution found (infeas = 7)
[1249 sec, 1888902 itr]: No feasible solution found (infeas = 7)
[1250 sec, 1890406 itr]: No feasible solution found (infeas = 7)
[1251 sec, 1891904 itr]: No feasible solution found (infeas = 7)
[1252 sec, 1893380 itr]: No feasible solution found (infeas = 7)
[1253 sec, 1894852 itr]: No feasible solution found (infeas = 7)
[1254 sec, 1896312 itr]: No feasible solution found (infeas = 7)
[1255 sec, 1897748 itr]: No feasible solution found (infeas = 7)
[1256 sec, 1899247 itr]: No feasible solution found (infeas = 7)
[1257 sec, 1900800 itr]: No feasible solution found (infeas = 7)
[1258 sec, 1903593 itr]: No feasible solution found (infeas = 7)
[1259 sec, 1905001 itr]: No feasible solution found (infeas = 7)
[1260 sec, 1905001 itr]: No feasible solution found (infeas = 7)
[1261 sec, 1906617 itr]: No feasible solution found (infeas = 7)
[1262 sec, 1908005 itr]: No feasible solution found (infeas = 7)
[1263 sec, 1909468 itr]: No feasible solution found (infeas = 7)
[1264 sec, 1911003 itr]: No feasible solution found (infeas = 7)
[1265 sec, 1912558 itr]: No feasible solution found (infeas = 7)
[1266 sec, 1915635 itr]: No feasible solution found (infeas = 7)
[1267 sec, 1917200 itr]: No feasible solution found (infeas = 7)
[1268 sec, 1917200 itr]: No feasible solution found (infeas = 7)
[1269 sec, 1918700 itr]: No feasible solution found (infeas = 7)
[1270 sec, 1920323 itr]: No feasible solution found (infeas = 7)
[1271 sec, 1921839 itr]: No feasible solution found (infeas = 7)
[1272 sec, 1923325 itr]: No feasible solution found (infeas = 7)
[1273 sec, 1926307 itr]: No feasible solution found (infeas = 7)
[1274 sec, 1926307 itr]: No feasible solution found (infeas = 7)
[1275 sec, 1927729 itr]: No feasible solution found (infeas = 7)
[1276 sec, 1929173 itr]: No feasible solution found (infeas = 7)
[1277 sec, 1930719 itr]: No feasible solution found (infeas = 7)
[1278 sec, 1933787 itr]: No feasible solution found (infeas = 7)
[1279 sec, 1933787 itr]: No feasible solution found (infeas = 7)
[1280 sec, 1935324 itr]: No feasible solution found (infeas = 7)
[1281 sec, 1936815 itr]: No feasible solution found (infeas = 7)
[1282 sec, 1938456 itr]: No feasible solution found (infeas = 7)
[1283 sec, 1939983 itr]: No feasible solution found (infeas = 7)
[1284 sec, 1942942 itr]: No feasible solution found (infeas = 7)
[1285 sec, 1942942 itr]: No feasible solution found (infeas = 7)
[1286 sec, 1944435 itr]: No feasible solution found (infeas = 7)
[1287 sec, 1946025 itr]: No feasible solution found (infeas = 7)
[1288 sec, 1947638 itr]: No feasible solution found (infeas = 7)
[1289 sec, 1949124 itr]: No feasible solution found (infeas = 7)
[1290 sec, 1950724 itr]: No feasible solution found (infeas = 7)
[1291 sec, 1952254 itr]: No feasible solution found (infeas = 7)
[1292 sec, 1953798 itr]: No feasible solution found (infeas = 7)
[1293 sec, 1955373 itr]: No feasible solution found (infeas = 7)
[1294 sec, 1956849 itr]: No feasible solution found (infeas = 7)
[1295 sec, 1958263 itr]: No feasible solution found (infeas = 7)
[1296 sec, 1961286 itr]: No feasible solution found (infeas = 7)
[1297 sec, 1961286 itr]: No feasible solution found (infeas = 7)
[1298 sec, 1962816 itr]: No feasible solution found (infeas = 7)
[1299 sec, 1965744 itr]: No feasible solution found (infeas = 7)
[1300 sec, 1965744 itr]: No feasible solution found (infeas = 7)
[1301 sec, 1968781 itr]: No feasible solution found (infeas = 7)
[1302 sec, 1970298 itr]: No feasible solution found (infeas = 7)
[1303 sec, 1970298 itr]: No feasible solution found (infeas = 7)
[1304 sec, 1973149 itr]: No feasible solution found (infeas = 7)
[1305 sec, 1973149 itr]: No feasible solution found (infeas = 7)
[1306 sec, 1974646 itr]: No feasible solution found (infeas = 7)
[1307 sec, 1976262 itr]: No feasible solution found (infeas = 7)
[1308 sec, 1977857 itr]: No feasible solution found (infeas = 7)
[1309 sec, 1979372 itr]: No feasible solution found (infeas = 7)
[1310 sec, 1980803 itr]: No feasible solution found (infeas = 7)
[1311 sec, 1982402 itr]: No feasible solution found (infeas = 7)
[1312 sec, 1985497 itr]: No feasible solution found (infeas = 7)
[1313 sec, 1985497 itr]: No feasible solution found (infeas = 7)
[1314 sec, 1986900 itr]: No feasible solution found (infeas = 7)
[1315 sec, 1988395 itr]: No feasible solution found (infeas = 7)
[1316 sec, 1989936 itr]: No feasible solution found (infeas = 7)
[1317 sec, 1991531 itr]: No feasible solution found (infeas = 7)
[1318 sec, 1994576 itr]: No feasible solution found (infeas = 7)
[1319 sec, 1994576 itr]: No feasible solution found (infeas = 7)
[1320 sec, 1996105 itr]: No feasible solution found (infeas = 7)
[1321 sec, 1997705 itr]: No feasible solution found (infeas = 7)
[1322 sec, 1999199 itr]: No feasible solution found (infeas = 7)
[1323 sec, 2000744 itr]: No feasible solution found (infeas = 7)
[1324 sec, 2002156 itr]: No feasible solution found (infeas = 7)
[1325 sec, 2003691 itr]: No feasible solution found (infeas = 7)
[1326 sec, 2005258 itr]: No feasible solution found (infeas = 7)
[1327 sec, 2006861 itr]: No feasible solution found (infeas = 7)
[1328 sec, 2008549 itr]: No feasible solution found (infeas = 7)
[1329 sec, 2011688 itr]: No feasible solution found (infeas = 7)
[1330 sec, 2013211 itr]: No feasible solution found (infeas = 7)
[1331 sec, 2014819 itr]: No feasible solution found (infeas = 7)
[1332 sec, 2016356 itr]: No feasible solution found (infeas = 7)
[1333 sec, 2016356 itr]: No feasible solution found (infeas = 7)
[1334 sec, 2019434 itr]: No feasible solution found (infeas = 7)
[1335 sec, 2021081 itr]: No feasible solution found (infeas = 7)
[1336 sec, 2021081 itr]: No feasible solution found (infeas = 7)
[1337 sec, 2022713 itr]: No feasible solution found (infeas = 7)
[1338 sec, 2024370 itr]: No feasible solution found (infeas = 7)
[1339 sec, 2027682 itr]: No feasible solution found (infeas = 7)
[1340 sec, 2027682 itr]: No feasible solution found (infeas = 7)
[1341 sec, 2029392 itr]: No feasible solution found (infeas = 7)
[1342 sec, 2032583 itr]: No feasible solution found (infeas = 7)
[1343 sec, 2032583 itr]: No feasible solution found (infeas = 7)
[1344 sec, 2034188 itr]: No feasible solution found (infeas = 7)
[1345 sec, 2035888 itr]: No feasible solution found (infeas = 7)
[1346 sec, 2037346 itr]: No feasible solution found (infeas = 7)
[1347 sec, 2038906 itr]: No feasible solution found (infeas = 7)
[1348 sec, 2040529 itr]: No feasible solution found (infeas = 7)
[1349 sec, 2042117 itr]: No feasible solution found (infeas = 7)
[1350 sec, 2043684 itr]: No feasible solution found (infeas = 7)
[1351 sec, 2045251 itr]: No feasible solution found (infeas = 7)
[1352 sec, 2046818 itr]: No feasible solution found (infeas = 7)
[1353 sec, 2048462 itr]: No feasible solution found (infeas = 7)
[1354 sec, 2050020 itr]: No feasible solution found (infeas = 7)
[1355 sec, 2051536 itr]: No feasible solution found (infeas = 7)
[1356 sec, 2053146 itr]: No feasible solution found (infeas = 7)
[1357 sec, 2054697 itr]: No feasible solution found (infeas = 7)
[1358 sec, 2056289 itr]: No feasible solution found (infeas = 7)
[1359 sec, 2057866 itr]: No feasible solution found (infeas = 7)
[1360 sec, 2059445 itr]: No feasible solution found (infeas = 7)
[1361 sec, 2060958 itr]: No feasible solution found (infeas = 7)
[1362 sec, 2062563 itr]: No feasible solution found (infeas = 7)
[1363 sec, 2064063 itr]: No feasible solution found (infeas = 7)
[1364 sec, 2065603 itr]: No feasible solution found (infeas = 7)
[1365 sec, 2067091 itr]: No feasible solution found (infeas = 7)
[1366 sec, 2068611 itr]: No feasible solution found (infeas = 7)
[1367 sec, 2071577 itr]: No feasible solution found (infeas = 7)
[1368 sec, 2071577 itr]: No feasible solution found (infeas = 7)
[1369 sec, 2073073 itr]: No feasible solution found (infeas = 7)
[1370 sec, 2074572 itr]: No feasible solution found (infeas = 7)
[1371 sec, 2076087 itr]: No feasible solution found (infeas = 7)
[1372 sec, 2079271 itr]: No feasible solution found (infeas = 7)
[1373 sec, 2080827 itr]: No feasible solution found (infeas = 7)
[1374 sec, 2080827 itr]: No feasible solution found (infeas = 7)
[1375 sec, 2082403 itr]: No feasible solution found (infeas = 7)
[1376 sec, 2084045 itr]: No feasible solution found (infeas = 7)
[1377 sec, 2085626 itr]: No feasible solution found (infeas = 7)
[1378 sec, 2088692 itr]: No feasible solution found (infeas = 7)
[1379 sec, 2088692 itr]: No feasible solution found (infeas = 7)
[1380 sec, 2091476 itr]: No feasible solution found (infeas = 7)
[1381 sec, 2092792 itr]: No feasible solution found (infeas = 7)
[1382 sec, 2092792 itr]: No feasible solution found (infeas = 7)
[1383 sec, 2094081 itr]: No feasible solution found (infeas = 7)
[1384 sec, 2095480 itr]: No feasible solution found (infeas = 7)
[1385 sec, 2096876 itr]: No feasible solution found (infeas = 7)
[1386 sec, 2098318 itr]: No feasible solution found (infeas = 7)
[1387 sec, 2099835 itr]: No feasible solution found (infeas = 7)
[1388 sec, 2101220 itr]: No feasible solution found (infeas = 7)
[1389 sec, 2103898 itr]: No feasible solution found (infeas = 7)
[1390 sec, 2103898 itr]: No feasible solution found (infeas = 7)
[1391 sec, 2105261 itr]: No feasible solution found (infeas = 7)
[1392 sec, 2106544 itr]: No feasible solution found (infeas = 7)
[1393 sec, 2107899 itr]: No feasible solution found (infeas = 7)
[1394 sec, 2109273 itr]: No feasible solution found (infeas = 7)
[1395 sec, 2112158 itr]: No feasible solution found (infeas = 7)
[1396 sec, 2112158 itr]: No feasible solution found (infeas = 7)
[1397 sec, 2115062 itr]: No feasible solution found (infeas = 7)
[1398 sec, 2115062 itr]: No feasible solution found (infeas = 7)
[1399 sec, 2117870 itr]: No feasible solution found (infeas = 7)
[1400 sec, 2117870 itr]: No feasible solution found (infeas = 7)
[1401 sec, 2119329 itr]: No feasible solution found (infeas = 7)
[1402 sec, 2120791 itr]: No feasible solution found (infeas = 7)
[1403 sec, 2122177 itr]: No feasible solution found (infeas = 7)
[1404 sec, 2123600 itr]: No feasible solution found (infeas = 7)
[1405 sec, 2125059 itr]: No feasible solution found (infeas = 7)
[1406 sec, 2126542 itr]: No feasible solution found (infeas = 7)
[1407 sec, 2128005 itr]: No feasible solution found (infeas = 7)
[1408 sec, 2129468 itr]: No feasible solution found (infeas = 7)
[1409 sec, 2130852 itr]: No feasible solution found (infeas = 7)
[1410 sec, 2132251 itr]: No feasible solution found (infeas = 7)
[1411 sec, 2133654 itr]: No feasible solution found (infeas = 7)
[1412 sec, 2135090 itr]: No feasible solution found (infeas = 7)
[1413 sec, 2136559 itr]: No feasible solution found (infeas = 7)
[1414 sec, 2137967 itr]: No feasible solution found (infeas = 7)
[1415 sec, 2139375 itr]: No feasible solution found (infeas = 7)
[1416 sec, 2140831 itr]: No feasible solution found (infeas = 7)
[1417 sec, 2142227 itr]: No feasible solution found (infeas = 7)
[1418 sec, 2143621 itr]: No feasible solution found (infeas = 7)
[1419 sec, 2145100 itr]: No feasible solution found (infeas = 7)
[1420 sec, 2146471 itr]: No feasible solution found (infeas = 7)
[1421 sec, 2147790 itr]: No feasible solution found (infeas = 7)
[1422 sec, 2149193 itr]: No feasible solution found (infeas = 7)
[1423 sec, 2150469 itr]: No feasible solution found (infeas = 7)
[1424 sec, 2151944 itr]: No feasible solution found (infeas = 7)
[1425 sec, 2153347 itr]: No feasible solution found (infeas = 7)
[1426 sec, 2154755 itr]: No feasible solution found (infeas = 7)
[1427 sec, 2156121 itr]: No feasible solution found (infeas = 7)
[1428 sec, 2157521 itr]: No feasible solution found (infeas = 7)
[1429 sec, 2160301 itr]: No feasible solution found (infeas = 7)
[1430 sec, 2160301 itr]: No feasible solution found (infeas = 7)
[1431 sec, 2161716 itr]: No feasible solution found (infeas = 7)
[1432 sec, 2163109 itr]: No feasible solution found (infeas = 7)
[1433 sec, 2164527 itr]: No feasible solution found (infeas = 7)
[1434 sec, 2165838 itr]: No feasible solution found (infeas = 7)
[1435 sec, 2167263 itr]: No feasible solution found (infeas = 7)
[1436 sec, 2168649 itr]: No feasible solution found (infeas = 7)
[1437 sec, 2171514 itr]: No feasible solution found (infeas = 7)
[1438 sec, 2172922 itr]: No feasible solution found (infeas = 7)
[1439 sec, 2172922 itr]: No feasible solution found (infeas = 7)
[1440 sec, 2174311 itr]: No feasible solution found (infeas = 7)
[1441 sec, 2177224 itr]: No feasible solution found (infeas = 7)
[1442 sec, 2178642 itr]: No feasible solution found (infeas = 7)
[1443 sec, 2178642 itr]: No feasible solution found (infeas = 7)
[1444 sec, 2180066 itr]: No feasible solution found (infeas = 7)
[1445 sec, 2181542 itr]: No feasible solution found (infeas = 7)
[1446 sec, 2184214 itr]: No feasible solution found (infeas = 7)
[1447 sec, 2185529 itr]: No feasible solution found (infeas = 7)
[1448 sec, 2185529 itr]: No feasible solution found (infeas = 7)
[1449 sec, 2188164 itr]: No feasible solution found (infeas = 7)
[1450 sec, 2188164 itr]: No feasible solution found (infeas = 7)
[1451 sec, 2189431 itr]: No feasible solution found (infeas = 7)
[1452 sec, 2192095 itr]: No feasible solution found (infeas = 7)
[1453 sec, 2193382 itr]: No feasible solution found (infeas = 7)
[1454 sec, 2194670 itr]: No feasible solution found (infeas = 7)
[1455 sec, 2194670 itr]: No feasible solution found (infeas = 7)
[1456 sec, 2195829 itr]: No feasible solution found (infeas = 7)
[1457 sec, 2196868 itr]: No feasible solution found (infeas = 7)
[1458 sec, 2199047 itr]: No feasible solution found (infeas = 7)
[1459 sec, 2199047 itr]: No feasible solution found (infeas = 7)
[1460 sec, 2201641 itr]: No feasible solution found (infeas = 7)
[1461 sec, 2201641 itr]: No feasible solution found (infeas = 7)
[1462 sec, 2204353 itr]: No feasible solution found (infeas = 7)
[1463 sec, 2205705 itr]: No feasible solution found (infeas = 7)
[1464 sec, 2207078 itr]: No feasible solution found (infeas = 7)
[1465 sec, 2208490 itr]: No feasible solution found (infeas = 7)
[1466 sec, 2209821 itr]: No feasible solution found (infeas = 7)
[1467 sec, 2211089 itr]: No feasible solution found (infeas = 7)
[1468 sec, 2212334 itr]: No feasible solution found (infeas = 7)
[1469 sec, 2213671 itr]: No feasible solution found (infeas = 7)
[1470 sec, 2213671 itr]: No feasible solution found (infeas = 7)
[1471 sec, 2216375 itr]: No feasible solution found (infeas = 7)
[1472 sec, 2217739 itr]: No feasible solution found (infeas = 7)
[1473 sec, 2219083 itr]: No feasible solution found (infeas = 7)
[1474 sec, 2220411 itr]: No feasible solution found (infeas = 7)
[1475 sec, 2221754 itr]: No feasible solution found (infeas = 7)
[1476 sec, 2223026 itr]: No feasible solution found (infeas = 7)
[1477 sec, 2224253 itr]: No feasible solution found (infeas = 7)
[1478 sec, 2225440 itr]: No feasible solution found (infeas = 7)
[1479 sec, 2225440 itr]: No feasible solution found (infeas = 7)
[1480 sec, 2227932 itr]: No feasible solution found (infeas = 7)
[1481 sec, 2227932 itr]: No feasible solution found (infeas = 7)
[1482 sec, 2230396 itr]: No feasible solution found (infeas = 7)
[1483 sec, 2231656 itr]: No feasible solution found (infeas = 7)
[1484 sec, 2232932 itr]: No feasible solution found (infeas = 7)
[1485 sec, 2232932 itr]: No feasible solution found (infeas = 7)
[1486 sec, 2235419 itr]: No feasible solution found (infeas = 7)
[1487 sec, 2236661 itr]: No feasible solution found (infeas = 7)
[1488 sec, 2237902 itr]: No feasible solution found (infeas = 7)
[1489 sec, 2239199 itr]: No feasible solution found (infeas = 7)
[1490 sec, 2240413 itr]: No feasible solution found (infeas = 7)
[1491 sec, 2241638 itr]: No feasible solution found (infeas = 7)
[1492 sec, 2242787 itr]: No feasible solution found (infeas = 7)
[1493 sec, 2243983 itr]: No feasible solution found (infeas = 7)
[1494 sec, 2245169 itr]: No feasible solution found (infeas = 7)
[1495 sec, 2246289 itr]: No feasible solution found (infeas = 7)
[1496 sec, 2247463 itr]: No feasible solution found (infeas = 7)
[1497 sec, 2248681 itr]: No feasible solution found (infeas = 7)
[1498 sec, 2249924 itr]: No feasible solution found (infeas = 7)
[1499 sec, 2251223 itr]: No feasible solution found (infeas = 7)
[1500 sec, 2252531 itr]: No feasible solution found (infeas = 7)
[1501 sec, 2253829 itr]: No feasible solution found (infeas = 7)
[1502 sec, 2255076 itr]: No feasible solution found (infeas = 7)
[1503 sec, 2256436 itr]: No feasible solution found (infeas = 7)
[1504 sec, 2257691 itr]: No feasible solution found (infeas = 7)
[1505 sec, 2258960 itr]: No feasible solution found (infeas = 7)
[1506 sec, 2260295 itr]: No feasible solution found (infeas = 7)
[1507 sec, 2261545 itr]: No feasible solution found (infeas = 7)
[1508 sec, 2262829 itr]: No feasible solution found (infeas = 7)
[1509 sec, 2264112 itr]: No feasible solution found (infeas = 7)
[1510 sec, 2265350 itr]: No feasible solution found (infeas = 7)
[1511 sec, 2266667 itr]: No feasible solution found (infeas = 7)
[1512 sec, 2267950 itr]: No feasible solution found (infeas = 7)
[1513 sec, 2269219 itr]: No feasible solution found (infeas = 7)
[1514 sec, 2270553 itr]: No feasible solution found (infeas = 7)
[1515 sec, 2271840 itr]: No feasible solution found (infeas = 7)
[1516 sec, 2273143 itr]: No feasible solution found (infeas = 7)
[1517 sec, 2274488 itr]: No feasible solution found (infeas = 7)
[1518 sec, 2274488 itr]: No feasible solution found (infeas = 7)
[1519 sec, 2275789 itr]: No feasible solution found (infeas = 7)
[1520 sec, 2278304 itr]: No feasible solution found (infeas = 7)
[1521 sec, 2279613 itr]: No feasible solution found (infeas = 7)
[1522 sec, 2280886 itr]: No feasible solution found (infeas = 7)
[1523 sec, 2282141 itr]: No feasible solution found (infeas = 7)
[1524 sec, 2283405 itr]: No feasible solution found (infeas = 7)
[1525 sec, 2284664 itr]: No feasible solution found (infeas = 7)
[1526 sec, 2285918 itr]: No feasible solution found (infeas = 7)
[1527 sec, 2287146 itr]: No feasible solution found (infeas = 7)
[1528 sec, 2288415 itr]: No feasible solution found (infeas = 7)
[1529 sec, 2289656 itr]: No feasible solution found (infeas = 7)
[1530 sec, 2290910 itr]: No feasible solution found (infeas = 7)
[1531 sec, 2292157 itr]: No feasible solution found (infeas = 7)
[1532 sec, 2293523 itr]: No feasible solution found (infeas = 7)
[1533 sec, 2294849 itr]: No feasible solution found (infeas = 7)
[1534 sec, 2296106 itr]: No feasible solution found (infeas = 7)
[1535 sec, 2297377 itr]: No feasible solution found (infeas = 7)
[1536 sec, 2298661 itr]: No feasible solution found (infeas = 7)
[1537 sec, 2299975 itr]: No feasible solution found (infeas = 7)
[1538 sec, 2301317 itr]: No feasible solution found (infeas = 7)
[1539 sec, 2302579 itr]: No feasible solution found (infeas = 7)
[1540 sec, 2303849 itr]: No feasible solution found (infeas = 7)
[1541 sec, 2305200 itr]: No feasible solution found (infeas = 7)
[1542 sec, 2306504 itr]: No feasible solution found (infeas = 7)
[1543 sec, 2306504 itr]: No feasible solution found (infeas = 7)
[1544 sec, 2309089 itr]: No feasible solution found (infeas = 7)
[1545 sec, 2310350 itr]: No feasible solution found (infeas = 7)
[1546 sec, 2311599 itr]: No feasible solution found (infeas = 7)
[1547 sec, 2312889 itr]: No feasible solution found (infeas = 7)
[1548 sec, 2314157 itr]: No feasible solution found (infeas = 7)
[1549 sec, 2315456 itr]: No feasible solution found (infeas = 7)
[1550 sec, 2316823 itr]: No feasible solution found (infeas = 7)
[1551 sec, 2318041 itr]: No feasible solution found (infeas = 7)
[1552 sec, 2319291 itr]: No feasible solution found (infeas = 7)
[1553 sec, 2320534 itr]: No feasible solution found (infeas = 7)
[1554 sec, 2321873 itr]: No feasible solution found (infeas = 7)
[1555 sec, 2321873 itr]: No feasible solution found (infeas = 7)
[1556 sec, 2324496 itr]: No feasible solution found (infeas = 7)
[1557 sec, 2325752 itr]: No feasible solution found (infeas = 7)
[1558 sec, 2327026 itr]: No feasible solution found (infeas = 7)
[1559 sec, 2328398 itr]: No feasible solution found (infeas = 7)
[1560 sec, 2329725 itr]: No feasible solution found (infeas = 7)
[1561 sec, 2331061 itr]: No feasible solution found (infeas = 7)
[1562 sec, 2332334 itr]: No feasible solution found (infeas = 7)
[1563 sec, 2333724 itr]: No feasible solution found (infeas = 7)
[1564 sec, 2335099 itr]: No feasible solution found (infeas = 7)
[1565 sec, 2336407 itr]: No feasible solution found (infeas = 7)
[1566 sec, 2337762 itr]: No feasible solution found (infeas = 7)
[1567 sec, 2339102 itr]: No feasible solution found (infeas = 7)
[1568 sec, 2340480 itr]: No feasible solution found (infeas = 7)
[1569 sec, 2341787 itr]: No feasible solution found (infeas = 7)
[1570 sec, 2343157 itr]: No feasible solution found (infeas = 7)
[1571 sec, 2344537 itr]: No feasible solution found (infeas = 7)
[1572 sec, 2345861 itr]: No feasible solution found (infeas = 7)
[1573 sec, 2347229 itr]: No feasible solution found (infeas = 7)
[1574 sec, 2348620 itr]: No feasible solution found (infeas = 7)
[1575 sec, 2349885 itr]: No feasible solution found (infeas = 7)
[1576 sec, 2351166 itr]: No feasible solution found (infeas = 7)
[1577 sec, 2352594 itr]: No feasible solution found (infeas = 7)
[1578 sec, 2353960 itr]: No feasible solution found (infeas = 7)
[1579 sec, 2355282 itr]: No feasible solution found (infeas = 7)
[1580 sec, 2356645 itr]: No feasible solution found (infeas = 7)
[1581 sec, 2358043 itr]: No feasible solution found (infeas = 7)
[1582 sec, 2359412 itr]: No feasible solution found (infeas = 7)
[1583 sec, 2360827 itr]: No feasible solution found (infeas = 7)
[1584 sec, 2362183 itr]: No feasible solution found (infeas = 7)
[1585 sec, 2363515 itr]: No feasible solution found (infeas = 7)
[1586 sec, 2364895 itr]: No feasible solution found (infeas = 7)
[1587 sec, 2366263 itr]: No feasible solution found (infeas = 7)
[1588 sec, 2367533 itr]: No feasible solution found (infeas = 7)
[1589 sec, 2368857 itr]: No feasible solution found (infeas = 7)
[1590 sec, 2370191 itr]: No feasible solution found (infeas = 7)
[1591 sec, 2371529 itr]: No feasible solution found (infeas = 7)
[1592 sec, 2372854 itr]: No feasible solution found (infeas = 7)
[1593 sec, 2372854 itr]: No feasible solution found (infeas = 7)
[1594 sec, 2375458 itr]: No feasible solution found (infeas = 7)
[1595 sec, 2376862 itr]: No feasible solution found (infeas = 7)
[1596 sec, 2378219 itr]: No feasible solution found (infeas = 7)
[1597 sec, 2379625 itr]: No feasible solution found (infeas = 7)
[1598 sec, 2380983 itr]: No feasible solution found (infeas = 7)
[1599 sec, 2382380 itr]: No feasible solution found (infeas = 7)
[1600 sec, 2383707 itr]: No feasible solution found (infeas = 7)
[1601 sec, 2385025 itr]: No feasible solution found (infeas = 7)
[1602 sec, 2386359 itr]: No feasible solution found (infeas = 7)
[1603 sec, 2387738 itr]: No feasible solution found (infeas = 7)
[1604 sec, 2387738 itr]: No feasible solution found (infeas = 7)
[1605 sec, 2389030 itr]: No feasible solution found (infeas = 7)
[1606 sec, 2391754 itr]: No feasible solution found (infeas = 7)
[1607 sec, 2393055 itr]: No feasible solution found (infeas = 7)
[1608 sec, 2394320 itr]: No feasible solution found (infeas = 7)
[1609 sec, 2395576 itr]: No feasible solution found (infeas = 7)
[1610 sec, 2396866 itr]: No feasible solution found (infeas = 7)
[1611 sec, 2398216 itr]: No feasible solution found (infeas = 7)
[1612 sec, 2399601 itr]: No feasible solution found (infeas = 7)
[1613 sec, 2400894 itr]: No feasible solution found (infeas = 7)
[1614 sec, 2402212 itr]: No feasible solution found (infeas = 7)
[1615 sec, 2402212 itr]: No feasible solution found (infeas = 7)
[1616 sec, 2404802 itr]: No feasible solution found (infeas = 7)
[1617 sec, 2406193 itr]: No feasible solution found (infeas = 7)
[1618 sec, 2406193 itr]: No feasible solution found (infeas = 7)
[1619 sec, 2408883 itr]: No feasible solution found (infeas = 7)
[1620 sec, 2410198 itr]: No feasible solution found (infeas = 7)
[1621 sec, 2410198 itr]: No feasible solution found (infeas = 7)
[1622 sec, 2412917 itr]: No feasible solution found (infeas = 7)
[1623 sec, 2414224 itr]: No feasible solution found (infeas = 7)
[1624 sec, 2414224 itr]: No feasible solution found (infeas = 7)
[1625 sec, 2416840 itr]: No feasible solution found (infeas = 7)
[1626 sec, 2418128 itr]: No feasible solution found (infeas = 7)
[1627 sec, 2419370 itr]: No feasible solution found (infeas = 7)
[1628 sec, 2420632 itr]: No feasible solution found (infeas = 7)
[1629 sec, 2420632 itr]: No feasible solution found (infeas = 7)
[1630 sec, 2423187 itr]: No feasible solution found (infeas = 7)
[1631 sec, 2423187 itr]: No feasible solution found (infeas = 7)
[1632 sec, 2425897 itr]: No feasible solution found (infeas = 7)
[1633 sec, 2427185 itr]: No feasible solution found (infeas = 7)
[1634 sec, 2428560 itr]: No feasible solution found (infeas = 7)
[1635 sec, 2428560 itr]: No feasible solution found (infeas = 7)
[1636 sec, 2431146 itr]: No feasible solution found (infeas = 7)
[1637 sec, 2432445 itr]: No feasible solution found (infeas = 7)
[1638 sec, 2433791 itr]: No feasible solution found (infeas = 7)
[1639 sec, 2435037 itr]: No feasible solution found (infeas = 7)
[1640 sec, 2435037 itr]: No feasible solution found (infeas = 7)
[1641 sec, 2437313 itr]: No feasible solution found (infeas = 7)
[1642 sec, 2438413 itr]: No feasible solution found (infeas = 7)
[1643 sec, 2439492 itr]: No feasible solution found (infeas = 7)
[1644 sec, 2440558 itr]: No feasible solution found (infeas = 7)
[1645 sec, 2441607 itr]: No feasible solution found (infeas = 7)
[1646 sec, 2442761 itr]: No feasible solution found (infeas = 7)
[1647 sec, 2443853 itr]: No feasible solution found (infeas = 7)
[1648 sec, 2445006 itr]: No feasible solution found (infeas = 7)
[1649 sec, 2446148 itr]: No feasible solution found (infeas = 7)
[1650 sec, 2447261 itr]: No feasible solution found (infeas = 7)
[1651 sec, 2448367 itr]: No feasible solution found (infeas = 7)
[1652 sec, 2448367 itr]: No feasible solution found (infeas = 7)
[1653 sec, 2450751 itr]: No feasible solution found (infeas = 7)
[1654 sec, 2451844 itr]: No feasible solution found (infeas = 7)
[1655 sec, 2452973 itr]: No feasible solution found (infeas = 7)
[1656 sec, 2454202 itr]: No feasible solution found (infeas = 7)
[1657 sec, 2455350 itr]: No feasible solution found (infeas = 7)
[1658 sec, 2455350 itr]: No feasible solution found (infeas = 7)
[1659 sec, 2457784 itr]: No feasible solution found (infeas = 7)
[1660 sec, 2458995 itr]: No feasible solution found (infeas = 7)
[1661 sec, 2460276 itr]: No feasible solution found (infeas = 7)
[1662 sec, 2461596 itr]: No feasible solution found (infeas = 7)
[1663 sec, 2462845 itr]: No feasible solution found (infeas = 7)
[1664 sec, 2464074 itr]: No feasible solution found (infeas = 7)
[1665 sec, 2465290 itr]: No feasible solution found (infeas = 7)
[1666 sec, 2466454 itr]: No feasible solution found (infeas = 7)
[1667 sec, 2467679 itr]: No feasible solution found (infeas = 7)
[1668 sec, 2468915 itr]: No feasible solution found (infeas = 7)
[1669 sec, 2470180 itr]: No feasible solution found (infeas = 7)
[1670 sec, 2471437 itr]: No feasible solution found (infeas = 7)
[1671 sec, 2472670 itr]: No feasible solution found (infeas = 7)
[1672 sec, 2473919 itr]: No feasible solution found (infeas = 7)
[1673 sec, 2473919 itr]: No feasible solution found (infeas = 7)
[1674 sec, 2476286 itr]: No feasible solution found (infeas = 7)
[1675 sec, 2477544 itr]: No feasible solution found (infeas = 7)
[1676 sec, 2478794 itr]: No feasible solution found (infeas = 7)
[1677 sec, 2479947 itr]: No feasible solution found (infeas = 7)
[1678 sec, 2481217 itr]: No feasible solution found (infeas = 7)
[1679 sec, 2482308 itr]: No feasible solution found (infeas = 7)
[1680 sec, 2483477 itr]: No feasible solution found (infeas = 7)
[1681 sec, 2484625 itr]: No feasible solution found (infeas = 7)
[1682 sec, 2485608 itr]: No feasible solution found (infeas = 7)
[1683 sec, 2486713 itr]: No feasible solution found (infeas = 7)
[1684 sec, 2487892 itr]: No feasible solution found (infeas = 7)
[1685 sec, 2488987 itr]: No feasible solution found (infeas = 7)
[1686 sec, 2490196 itr]: No feasible solution found (infeas = 7)
[1687 sec, 2491300 itr]: No feasible solution found (infeas = 7)
[1688 sec, 2492451 itr]: No feasible solution found (infeas = 7)
[1689 sec, 2493704 itr]: No feasible solution found (infeas = 7)
[1690 sec, 2494876 itr]: No feasible solution found (infeas = 7)
[1691 sec, 2496096 itr]: No feasible solution found (infeas = 7)
[1692 sec, 2497181 itr]: No feasible solution found (infeas = 7)
[1693 sec, 2498413 itr]: No feasible solution found (infeas = 7)
[1694 sec, 2499604 itr]: No feasible solution found (infeas = 7)
[1695 sec, 2499604 itr]: No feasible solution found (infeas = 7)
[1696 sec, 2502058 itr]: No feasible solution found (infeas = 7)
[1697 sec, 2503248 itr]: No feasible solution found (infeas = 7)
[1698 sec, 2504427 itr]: No feasible solution found (infeas = 7)
[1699 sec, 2505586 itr]: No feasible solution found (infeas = 7)
[1700 sec, 2506837 itr]: No feasible solution found (infeas = 7)
[1701 sec, 2508030 itr]: No feasible solution found (infeas = 7)
[1702 sec, 2509287 itr]: No feasible solution found (infeas = 7)
[1703 sec, 2510515 itr]: No feasible solution found (infeas = 7)
[1704 sec, 2510515 itr]: No feasible solution found (infeas = 7)
[1705 sec, 2512788 itr]: No feasible solution found (infeas = 7)
[1706 sec, 2514092 itr]: No feasible solution found (infeas = 7)
[1707 sec, 2515377 itr]: No feasible solution found (infeas = 7)
[1708 sec, 2515377 itr]: No feasible solution found (infeas = 7)
[1709 sec, 2517823 itr]: No feasible solution found (infeas = 7)
[1710 sec, 2519001 itr]: No feasible solution found (infeas = 7)
[1711 sec, 2520153 itr]: No feasible solution found (infeas = 7)
[1712 sec, 2521390 itr]: No feasible solution found (infeas = 7)
[1713 sec, 2522582 itr]: No feasible solution found (infeas = 7)
[1714 sec, 2523771 itr]: No feasible solution found (infeas = 7)
[1715 sec, 2524981 itr]: No feasible solution found (infeas = 7)
[1716 sec, 2526071 itr]: No feasible solution found (infeas = 7)
[1717 sec, 2527238 itr]: No feasible solution found (infeas = 7)
[1718 sec, 2528384 itr]: No feasible solution found (infeas = 7)
[1719 sec, 2529561 itr]: No feasible solution found (infeas = 7)
[1720 sec, 2530726 itr]: No feasible solution found (infeas = 7)
[1721 sec, 2531948 itr]: No feasible solution found (infeas = 7)
[1722 sec, 2533009 itr]: No feasible solution found (infeas = 7)
[1723 sec, 2534061 itr]: No feasible solution found (infeas = 7)
[1724 sec, 2535197 itr]: No feasible solution found (infeas = 7)
[1725 sec, 2536407 itr]: No feasible solution found (infeas = 7)
[1726 sec, 2537517 itr]: No feasible solution found (infeas = 7)
[1727 sec, 2538656 itr]: No feasible solution found (infeas = 7)
[1728 sec, 2539744 itr]: No feasible solution found (infeas = 7)
[1729 sec, 2540872 itr]: No feasible solution found (infeas = 7)
[1730 sec, 2540872 itr]: No feasible solution found (infeas = 7)
[1731 sec, 2543104 itr]: No feasible solution found (infeas = 7)
[1732 sec, 2544313 itr]: No feasible solution found (infeas = 7)
[1733 sec, 2545340 itr]: No feasible solution found (infeas = 7)
[1734 sec, 2546397 itr]: No feasible solution found (infeas = 7)
[1735 sec, 2547551 itr]: No feasible solution found (infeas = 7)
[1736 sec, 2548696 itr]: No feasible solution found (infeas = 7)
[1737 sec, 2549908 itr]: No feasible solution found (infeas = 7)
[1738 sec, 2551033 itr]: No feasible solution found (infeas = 7)
[1739 sec, 2552108 itr]: No feasible solution found (infeas = 7)
[1740 sec, 2552108 itr]: No feasible solution found (infeas = 7)
[1741 sec, 2554577 itr]: No feasible solution found (infeas = 7)
[1742 sec, 2555784 itr]: No feasible solution found (infeas = 7)
[1743 sec, 2556916 itr]: No feasible solution found (infeas = 7)
[1744 sec, 2556916 itr]: No feasible solution found (infeas = 7)
[1745 sec, 2559059 itr]: No feasible solution found (infeas = 7)
[1746 sec, 2560154 itr]: No feasible solution found (infeas = 7)
[1747 sec, 2561215 itr]: No feasible solution found (infeas = 7)
[1748 sec, 2562367 itr]: No feasible solution found (infeas = 7)
[1749 sec, 2563503 itr]: No feasible solution found (infeas = 7)
[1750 sec, 2564558 itr]: No feasible solution found (infeas = 7)
[1751 sec, 2565654 itr]: No feasible solution found (infeas = 7)
[1752 sec, 2566776 itr]: No feasible solution found (infeas = 7)
[1753 sec, 2567904 itr]: No feasible solution found (infeas = 7)
[1754 sec, 2567904 itr]: No feasible solution found (infeas = 7)
[1755 sec, 2568935 itr]: No feasible solution found (infeas = 7)
[1756 sec, 2571219 itr]: No feasible solution found (infeas = 7)
[1757 sec, 2572330 itr]: No feasible solution found (infeas = 7)
[1758 sec, 2573496 itr]: No feasible solution found (infeas = 7)
[1759 sec, 2574698 itr]: No feasible solution found (infeas = 7)
[1760 sec, 2575870 itr]: No feasible solution found (infeas = 7)
[1761 sec, 2576985 itr]: No feasible solution found (infeas = 7)
[1762 sec, 2576985 itr]: No feasible solution found (infeas = 7)
[1763 sec, 2579249 itr]: No feasible solution found (infeas = 7)
[1764 sec, 2580328 itr]: No feasible solution found (infeas = 7)
[1765 sec, 2581489 itr]: No feasible solution found (infeas = 7)
[1766 sec, 2582519 itr]: No feasible solution found (infeas = 7)
[1767 sec, 2583637 itr]: No feasible solution found (infeas = 7)
[1768 sec, 2584758 itr]: No feasible solution found (infeas = 7)
[1769 sec, 2585767 itr]: No feasible solution found (infeas = 7)
[1770 sec, 2586923 itr]: No feasible solution found (infeas = 7)
[1771 sec, 2588092 itr]: No feasible solution found (infeas = 7)
[1772 sec, 2589264 itr]: No feasible solution found (infeas = 7)
[1773 sec, 2590358 itr]: No feasible solution found (infeas = 7)
[1774 sec, 2591501 itr]: No feasible solution found (infeas = 7)
[1775 sec, 2592732 itr]: No feasible solution found (infeas = 7)
[1776 sec, 2593934 itr]: No feasible solution found (infeas = 7)
[1777 sec, 2595104 itr]: No feasible solution found (infeas = 7)
[1778 sec, 2596209 itr]: No feasible solution found (infeas = 7)
[1779 sec, 2597345 itr]: No feasible solution found (infeas = 7)
[1780 sec, 2598553 itr]: No feasible solution found (infeas = 7)
[1781 sec, 2598553 itr]: No feasible solution found (infeas = 7)
[1782 sec, 2601014 itr]: No feasible solution found (infeas = 7)
[1783 sec, 2602210 itr]: No feasible solution found (infeas = 7)
[1784 sec, 2603367 itr]: No feasible solution found (infeas = 7)
[1785 sec, 2603367 itr]: No feasible solution found (infeas = 7)
[1786 sec, 2605560 itr]: No feasible solution found (infeas = 7)
[1787 sec, 2605560 itr]: No feasible solution found (infeas = 7)
[1788 sec, 2606705 itr]: No feasible solution found (infeas = 7)
[1789 sec, 2608860 itr]: No feasible solution found (infeas = 7)
[1790 sec, 2610084 itr]: No feasible solution found (infeas = 7)
[1791 sec, 2611237 itr]: No feasible solution found (infeas = 7)
[1792 sec, 2612408 itr]: No feasible solution found (infeas = 7)
[1793 sec, 2613625 itr]: No feasible solution found (infeas = 7)
[1794 sec, 2614815 itr]: No feasible solution found (infeas = 7)
[1795 sec, 2616005 itr]: No feasible solution found (infeas = 7)
[1796 sec, 2617110 itr]: No feasible solution found (infeas = 7)
[1797 sec, 2618304 itr]: No feasible solution found (infeas = 7)
[1798 sec, 2619525 itr]: No feasible solution found (infeas = 7)
[1799 sec, 2620717 itr]: No feasible solution found (infeas = 7)
[1800 sec, 2621895 itr]: No feasible solution found (infeas = 7)
[1801 sec, 2622998 itr]: No feasible solution found (infeas = 7)
[1802 sec, 2622998 itr]: No feasible solution found (infeas = 7)
[1803 sec, 2624076 itr]: No feasible solution found (infeas = 7)
[1804 sec, 2626322 itr]: No feasible solution found (infeas = 7)
[1805 sec, 2627423 itr]: No feasible solution found (infeas = 7)
[1806 sec, 2628605 itr]: No feasible solution found (infeas = 7)
[1807 sec, 2629719 itr]: No feasible solution found (infeas = 7)
[1808 sec, 2630855 itr]: No feasible solution found (infeas = 7)
[1809 sec, 2632015 itr]: No feasible solution found (infeas = 7)
[1810 sec, 2633193 itr]: No feasible solution found (infeas = 7)
[1811 sec, 2634398 itr]: No feasible solution found (infeas = 7)
[1812 sec, 2634398 itr]: No feasible solution found (infeas = 7)
[1813 sec, 2636675 itr]: No feasible solution found (infeas = 7)
[1814 sec, 2637752 itr]: No feasible solution found (infeas = 7)
[1815 sec, 2638919 itr]: No feasible solution found (infeas = 7)
[1816 sec, 2639927 itr]: No feasible solution found (infeas = 7)
[1817 sec, 2641111 itr]: No feasible solution found (infeas = 7)
[1818 sec, 2642243 itr]: No feasible solution found (infeas = 7)
[1819 sec, 2643366 itr]: No feasible solution found (infeas = 7)
[1820 sec, 2644488 itr]: No feasible solution found (infeas = 7)
[1821 sec, 2645665 itr]: No feasible solution found (infeas = 7)
[1822 sec, 2646730 itr]: No feasible solution found (infeas = 7)
[1823 sec, 2647899 itr]: No feasible solution found (infeas = 7)
[1824 sec, 2648892 itr]: No feasible solution found (infeas = 7)
[1825 sec, 2649991 itr]: No feasible solution found (infeas = 7)
[1826 sec, 2649991 itr]: No feasible solution found (infeas = 7)
[1827 sec, 2652131 itr]: No feasible solution found (infeas = 7)
[1828 sec, 2653206 itr]: No feasible solution found (infeas = 7)
[1829 sec, 2654385 itr]: No feasible solution found (infeas = 7)
[1830 sec, 2655503 itr]: No feasible solution found (infeas = 7)
[1831 sec, 2656601 itr]: No feasible solution found (infeas = 7)
[1832 sec, 2657673 itr]: No feasible solution found (infeas = 7)
[1833 sec, 2658829 itr]: No feasible solution found (infeas = 7)
[1834 sec, 2660015 itr]: No feasible solution found (infeas = 7)
[1835 sec, 2661243 itr]: No feasible solution found (infeas = 7)
[1836 sec, 2662347 itr]: No feasible solution found (infeas = 7)
[1837 sec, 2662347 itr]: No feasible solution found (infeas = 7)
[1838 sec, 2664696 itr]: No feasible solution found (infeas = 7)
[1839 sec, 2664696 itr]: No feasible solution found (infeas = 7)
[1840 sec, 2667026 itr]: No feasible solution found (infeas = 7)
[1841 sec, 2668185 itr]: No feasible solution found (infeas = 7)
[1842 sec, 2669346 itr]: No feasible solution found (infeas = 7)
[1843 sec, 2670455 itr]: No feasible solution found (infeas = 7)
[1844 sec, 2671691 itr]: No feasible solution found (infeas = 7)
[1845 sec, 2672828 itr]: No feasible solution found (infeas = 7)
[1846 sec, 2674028 itr]: No feasible solution found (infeas = 7)
[1847 sec, 2675142 itr]: No feasible solution found (infeas = 7)
[1848 sec, 2676205 itr]: No feasible solution found (infeas = 7)
[1849 sec, 2677389 itr]: No feasible solution found (infeas = 7)
[1850 sec, 2678516 itr]: No feasible solution found (infeas = 7)
[1851 sec, 2679636 itr]: No feasible solution found (infeas = 7)
[1852 sec, 2680776 itr]: No feasible solution found (infeas = 7)
[1853 sec, 2681865 itr]: No feasible solution found (infeas = 7)
[1854 sec, 2683025 itr]: No feasible solution found (infeas = 7)
[1855 sec, 2684156 itr]: No feasible solution found (infeas = 7)
[1856 sec, 2685391 itr]: No feasible solution found (infeas = 7)
[1857 sec, 2686670 itr]: No feasible solution found (infeas = 7)
[1858 sec, 2687906 itr]: No feasible solution found (infeas = 7)
[1859 sec, 2689136 itr]: No feasible solution found (infeas = 7)
[1860 sec, 2690350 itr]: No feasible solution found (infeas = 7)
[1861 sec, 2691542 itr]: No feasible solution found (infeas = 7)
[1862 sec, 2692764 itr]: No feasible solution found (infeas = 7)
[1863 sec, 2693937 itr]: No feasible solution found (infeas = 7)
[1864 sec, 2695054 itr]: No feasible solution found (infeas = 7)
[1865 sec, 2696161 itr]: No feasible solution found (infeas = 7)
[1866 sec, 2697350 itr]: No feasible solution found (infeas = 7)
[1867 sec, 2698622 itr]: No feasible solution found (infeas = 7)
[1868 sec, 2699843 itr]: No feasible solution found (infeas = 7)
[1869 sec, 2700978 itr]: No feasible solution found (infeas = 7)
[1870 sec, 2702172 itr]: No feasible solution found (infeas = 7)
[1871 sec, 2703394 itr]: No feasible solution found (infeas = 7)
[1872 sec, 2704540 itr]: No feasible solution found (infeas = 7)
[1873 sec, 2705770 itr]: No feasible solution found (infeas = 7)
[1874 sec, 2706872 itr]: No feasible solution found (infeas = 7)
[1875 sec, 2707963 itr]: No feasible solution found (infeas = 7)
[1876 sec, 2709095 itr]: No feasible solution found (infeas = 7)
[1877 sec, 2710237 itr]: No feasible solution found (infeas = 7)
[1878 sec, 2711287 itr]: No feasible solution found (infeas = 7)
[1879 sec, 2712308 itr]: No feasible solution found (infeas = 7)
[1880 sec, 2713497 itr]: No feasible solution found (infeas = 7)
[1881 sec, 2714651 itr]: No feasible solution found (infeas = 7)
[1882 sec, 2714651 itr]: No feasible solution found (infeas = 7)
[1883 sec, 2715759 itr]: No feasible solution found (infeas = 7)
[1884 sec, 2718053 itr]: No feasible solution found (infeas = 7)
[1885 sec, 2719202 itr]: No feasible solution found (infeas = 7)
[1886 sec, 2720350 itr]: No feasible solution found (infeas = 7)
[1887 sec, 2721494 itr]: No feasible solution found (infeas = 7)
[1888 sec, 2722622 itr]: No feasible solution found (infeas = 7)
[1889 sec, 2723744 itr]: No feasible solution found (infeas = 7)
[1890 sec, 2723744 itr]: No feasible solution found (infeas = 7)
[1891 sec, 2725947 itr]: No feasible solution found (infeas = 7)
[1892 sec, 2727102 itr]: No feasible solution found (infeas = 7)
[1893 sec, 2728189 itr]: No feasible solution found (infeas = 7)
[1894 sec, 2729293 itr]: No feasible solution found (infeas = 7)
[1895 sec, 2730410 itr]: No feasible solution found (infeas = 7)
[1896 sec, 2731491 itr]: No feasible solution found (infeas = 7)
[1897 sec, 2731491 itr]: No feasible solution found (infeas = 7)
[1898 sec, 2733737 itr]: No feasible solution found (infeas = 7)
[1899 sec, 2733737 itr]: No feasible solution found (infeas = 7)
[1900 sec, 2736064 itr]: No feasible solution found (infeas = 7)
[1901 sec, 2737215 itr]: No feasible solution found (infeas = 7)
[1902 sec, 2738377 itr]: No feasible solution found (infeas = 7)
[1903 sec, 2738377 itr]: No feasible solution found (infeas = 7)
[1904 sec, 2739483 itr]: No feasible solution found (infeas = 7)
[1905 sec, 2740647 itr]: No feasible solution found (infeas = 7)
[1906 sec, 2742995 itr]: No feasible solution found (infeas = 7)
[1907 sec, 2744186 itr]: No feasible solution found (infeas = 7)
[1908 sec, 2745302 itr]: No feasible solution found (infeas = 7)
[1909 sec, 2746451 itr]: No feasible solution found (infeas = 7)
[1910 sec, 2747661 itr]: No feasible solution found (infeas = 7)
[1911 sec, 2747661 itr]: No feasible solution found (infeas = 7)
[1912 sec, 2749843 itr]: No feasible solution found (infeas = 7)
[1913 sec, 2751038 itr]: No feasible solution found (infeas = 7)
[1914 sec, 2752100 itr]: No feasible solution found (infeas = 7)
[1915 sec, 2753244 itr]: No feasible solution found (infeas = 7)
[1916 sec, 2754283 itr]: No feasible solution found (infeas = 7)
[1917 sec, 2755399 itr]: No feasible solution found (infeas = 7)
[1918 sec, 2755399 itr]: No feasible solution found (infeas = 7)
[1919 sec, 2757518 itr]: No feasible solution found (infeas = 7)
[1920 sec, 2758674 itr]: No feasible solution found (infeas = 7)
[1921 sec, 2759878 itr]: No feasible solution found (infeas = 7)
[1922 sec, 2759878 itr]: No feasible solution found (infeas = 7)
[1923 sec, 2762193 itr]: No feasible solution found (infeas = 7)
[1924 sec, 2763329 itr]: No feasible solution found (infeas = 7)
[1925 sec, 2763329 itr]: No feasible solution found (infeas = 7)
[1926 sec, 2765656 itr]: No feasible solution found (infeas = 7)
[1927 sec, 2766818 itr]: No feasible solution found (infeas = 7)
[1928 sec, 2767952 itr]: No feasible solution found (infeas = 7)
[1929 sec, 2767952 itr]: No feasible solution found (infeas = 7)
[1930 sec, 2770143 itr]: No feasible solution found (infeas = 7)
[1931 sec, 2771265 itr]: No feasible solution found (infeas = 7)
[1932 sec, 2772445 itr]: No feasible solution found (infeas = 7)
[1933 sec, 2773547 itr]: No feasible solution found (infeas = 7)
[1934 sec, 2774623 itr]: No feasible solution found (infeas = 7)
[1935 sec, 2774623 itr]: No feasible solution found (infeas = 7)
[1936 sec, 2776894 itr]: No feasible solution found (infeas = 7)
[1937 sec, 2778070 itr]: No feasible solution found (infeas = 7)
[1938 sec, 2779218 itr]: No feasible solution found (infeas = 7)
[1939 sec, 2780352 itr]: No feasible solution found (infeas = 7)
[1940 sec, 2781431 itr]: No feasible solution found (infeas = 7)
[1941 sec, 2782509 itr]: No feasible solution found (infeas = 7)
[1942 sec, 2783556 itr]: No feasible solution found (infeas = 7)
[1943 sec, 2784629 itr]: No feasible solution found (infeas = 7)
[1944 sec, 2785811 itr]: No feasible solution found (infeas = 7)
[1945 sec, 2786984 itr]: No feasible solution found (infeas = 7)
[1946 sec, 2786984 itr]: No feasible solution found (infeas = 7)
[1947 sec, 2789218 itr]: No feasible solution found (infeas = 7)
[1948 sec, 2790355 itr]: No feasible solution found (infeas = 7)
[1949 sec, 2791428 itr]: No feasible solution found (infeas = 7)
[1950 sec, 2792575 itr]: No feasible solution found (infeas = 7)
[1951 sec, 2793693 itr]: No feasible solution found (infeas = 7)
[1952 sec, 2794787 itr]: No feasible solution found (infeas = 7)
[1953 sec, 2794787 itr]: No feasible solution found (infeas = 7)
[1954 sec, 2796937 itr]: No feasible solution found (infeas = 7)
[1955 sec, 2798054 itr]: No feasible solution found (infeas = 7)
[1956 sec, 2799174 itr]: No feasible solution found (infeas = 7)
[1957 sec, 2800328 itr]: No feasible solution found (infeas = 7)
[1958 sec, 2801397 itr]: No feasible solution found (infeas = 7)
[1959 sec, 2801397 itr]: No feasible solution found (infeas = 7)
[1960 sec, 2803468 itr]: No feasible solution found (infeas = 7)
[1961 sec, 2804602 itr]: No feasible solution found (infeas = 7)
[1962 sec, 2805761 itr]: No feasible solution found (infeas = 7)
[1963 sec, 2806897 itr]: No feasible solution found (infeas = 7)
[1964 sec, 2808012 itr]: No feasible solution found (infeas = 7)
[1965 sec, 2809087 itr]: No feasible solution found (infeas = 7)
[1966 sec, 2810166 itr]: No feasible solution found (infeas = 7)
[1967 sec, 2811277 itr]: No feasible solution found (infeas = 7)
[1968 sec, 2812424 itr]: No feasible solution found (infeas = 7)
[1969 sec, 2813520 itr]: No feasible solution found (infeas = 7)
[1970 sec, 2814667 itr]: No feasible solution found (infeas = 7)
[1971 sec, 2815809 itr]: No feasible solution found (infeas = 7)
[1972 sec, 2816900 itr]: No feasible solution found (infeas = 7)
[1973 sec, 2816900 itr]: No feasible solution found (infeas = 7)
[1974 sec, 2819008 itr]: No feasible solution found (infeas = 7)
[1975 sec, 2820215 itr]: No feasible solution found (infeas = 7)
[1976 sec, 2820215 itr]: No feasible solution found (infeas = 7)
[1977 sec, 2822583 itr]: No feasible solution found (infeas = 7)
[1978 sec, 2823741 itr]: No feasible solution found (infeas = 7)
[1979 sec, 2824952 itr]: No feasible solution found (infeas = 7)
[1980 sec, 2826091 itr]: No feasible solution found (infeas = 7)
[1981 sec, 2827244 itr]: No feasible solution found (infeas = 7)
[1982 sec, 2827244 itr]: No feasible solution found (infeas = 7)
[1983 sec, 2829544 itr]: No feasible solution found (infeas = 7)
[1984 sec, 2830677 itr]: No feasible solution found (infeas = 7)
[1985 sec, 2831818 itr]: No feasible solution found (infeas = 7)
[1986 sec, 2832927 itr]: No feasible solution found (infeas = 7)
[1987 sec, 2833966 itr]: No feasible solution found (infeas = 7)
[1988 sec, 2835102 itr]: No feasible solution found (infeas = 7)
[1989 sec, 2835102 itr]: No feasible solution found (infeas = 7)
[1990 sec, 2837297 itr]: No feasible solution found (infeas = 7)
[1991 sec, 2838411 itr]: No feasible solution found (infeas = 7)
[1992 sec, 2839531 itr]: No feasible solution found (infeas = 7)
[1993 sec, 2840673 itr]: No feasible solution found (infeas = 7)
[1994 sec, 2841830 itr]: No feasible solution found (infeas = 7)
[1995 sec, 2842967 itr]: No feasible solution found (infeas = 7)
[1996 sec, 2844080 itr]: No feasible solution found (infeas = 7)
[1997 sec, 2845178 itr]: No feasible solution found (infeas = 7)
[1998 sec, 2846310 itr]: No feasible solution found (infeas = 7)
[1999 sec, 2847415 itr]: No feasible solution found (infeas = 7)
[2000 sec, 2848483 itr]: No feasible solution found (infeas = 7)
[2001 sec, 2849506 itr]: No feasible solution found (infeas = 7)
[2002 sec, 2850584 itr]: No feasible solution found (infeas = 7)
[2003 sec, 2850584 itr]: No feasible solution found (infeas = 7)
[2004 sec, 2852785 itr]: No feasible solution found (infeas = 7)
[2005 sec, 2853943 itr]: No feasible solution found (infeas = 7)
[2006 sec, 2855068 itr]: No feasible solution found (infeas = 7)
[2007 sec, 2856179 itr]: No feasible solution found (infeas = 7)
[2008 sec, 2857329 itr]: No feasible solution found (infeas = 7)
[2009 sec, 2858416 itr]: No feasible solution found (infeas = 7)
[2010 sec, 2859594 itr]: No feasible solution found (infeas = 7)
[2011 sec, 2860669 itr]: No feasible solution found (infeas = 7)
[2012 sec, 2861859 itr]: No feasible solution found (infeas = 7)
[2013 sec, 2863114 itr]: No feasible solution found (infeas = 7)
[2014 sec, 2863114 itr]: No feasible solution found (infeas = 7)
[2015 sec, 2865402 itr]: No feasible solution found (infeas = 7)
[2016 sec, 2866514 itr]: No feasible solution found (infeas = 7)
[2017 sec, 2867611 itr]: No feasible solution found (infeas = 7)
[2018 sec, 2867611 itr]: No feasible solution found (infeas = 7)
[2019 sec, 2869872 itr]: No feasible solution found (infeas = 7)
[2020 sec, 2870964 itr]: No feasible solution found (infeas = 7)
[2021 sec, 2872001 itr]: No feasible solution found (infeas = 7)
[2022 sec, 2873186 itr]: No feasible solution found (infeas = 7)
[2023 sec, 2874283 itr]: No feasible solution found (infeas = 7)
[2024 sec, 2875514 itr]: No feasible solution found (infeas = 7)
[2025 sec, 2876647 itr]: No feasible solution found (infeas = 7)
[2026 sec, 2877769 itr]: No feasible solution found (infeas = 7)
[2027 sec, 2877769 itr]: No feasible solution found (infeas = 7)
[2028 sec, 2880078 itr]: No feasible solution found (infeas = 7)
[2029 sec, 2881174 itr]: No feasible solution found (infeas = 7)
[2030 sec, 2881174 itr]: No feasible solution found (infeas = 7)
[2031 sec, 2883447 itr]: No feasible solution found (infeas = 7)
[2032 sec, 2884527 itr]: No feasible solution found (infeas = 7)
[2033 sec, 2885689 itr]: No feasible solution found (infeas = 7)
[2034 sec, 2886804 itr]: No feasible solution found (infeas = 7)
[2035 sec, 2887928 itr]: No feasible solution found (infeas = 7)
[2036 sec, 2889052 itr]: No feasible solution found (infeas = 7)
[2037 sec, 2890266 itr]: No feasible solution found (infeas = 7)
[2038 sec, 2890266 itr]: No feasible solution found (infeas = 7)
[2039 sec, 2892557 itr]: No feasible solution found (infeas = 7)
[2040 sec, 2893645 itr]: No feasible solution found (infeas = 7)
[2041 sec, 2894875 itr]: No feasible solution found (infeas = 7)
[2042 sec, 2896008 itr]: No feasible solution found (infeas = 7)
[2043 sec, 2897080 itr]: No feasible solution found (infeas = 7)
[2044 sec, 2898166 itr]: No feasible solution found (infeas = 7)
[2045 sec, 2899272 itr]: No feasible solution found (infeas = 7)
[2046 sec, 2900419 itr]: No feasible solution found (infeas = 7)
[2047 sec, 2900419 itr]: No feasible solution found (infeas = 7)
[2048 sec, 2902556 itr]: No feasible solution found (infeas = 7)
[2049 sec, 2903709 itr]: No feasible solution found (infeas = 7)
[2050 sec, 2904874 itr]: No feasible solution found (infeas = 7)
[2051 sec, 2905920 itr]: No feasible solution found (infeas = 7)
[2052 sec, 2906978 itr]: No feasible solution found (infeas = 7)
[2053 sec, 2908109 itr]: No feasible solution found (infeas = 7)
[2054 sec, 2909215 itr]: No feasible solution found (infeas = 7)
[2055 sec, 2910306 itr]: No feasible solution found (infeas = 7)
[2056 sec, 2911466 itr]: No feasible solution found (infeas = 7)
[2057 sec, 2912656 itr]: No feasible solution found (infeas = 7)
[2058 sec, 2913795 itr]: No feasible solution found (infeas = 7)
[2059 sec, 2914892 itr]: No feasible solution found (infeas = 7)
[2060 sec, 2915970 itr]: No feasible solution found (infeas = 7)
[2061 sec, 2917127 itr]: No feasible solution found (infeas = 7)
[2062 sec, 2918224 itr]: No feasible solution found (infeas = 7)
[2063 sec, 2918224 itr]: No feasible solution found (infeas = 7)
[2064 sec, 2920479 itr]: No feasible solution found (infeas = 7)
[2065 sec, 2921612 itr]: No feasible solution found (infeas = 7)
[2066 sec, 2922745 itr]: No feasible solution found (infeas = 7)
[2067 sec, 2923897 itr]: No feasible solution found (infeas = 7)
[2068 sec, 2924975 itr]: No feasible solution found (infeas = 7)
[2069 sec, 2926079 itr]: No feasible solution found (infeas = 7)
[2070 sec, 2927135 itr]: No feasible solution found (infeas = 7)
[2071 sec, 2928285 itr]: No feasible solution found (infeas = 7)
[2072 sec, 2929419 itr]: No feasible solution found (infeas = 7)
[2073 sec, 2930509 itr]: No feasible solution found (infeas = 7)
[2074 sec, 2931583 itr]: No feasible solution found (infeas = 7)
[2075 sec, 2932697 itr]: No feasible solution found (infeas = 7)
[2076 sec, 2933725 itr]: No feasible solution found (infeas = 7)
[2077 sec, 2934720 itr]: No feasible solution found (infeas = 7)
[2078 sec, 2934720 itr]: No feasible solution found (infeas = 7)
[2079 sec, 2935856 itr]: No feasible solution found (infeas = 7)
[2080 sec, 2938229 itr]: No feasible solution found (infeas = 7)
[2081 sec, 2939380 itr]: No feasible solution found (infeas = 7)
[2082 sec, 2940536 itr]: No feasible solution found (infeas = 7)
[2083 sec, 2941609 itr]: No feasible solution found (infeas = 7)
[2084 sec, 2941609 itr]: No feasible solution found (infeas = 7)
[2085 sec, 2943851 itr]: No feasible solution found (infeas = 7)
[2086 sec, 2943851 itr]: No feasible solution found (infeas = 7)
[2087 sec, 2944878 itr]: No feasible solution found (infeas = 7)
[2088 sec, 2945952 itr]: No feasible solution found (infeas = 7)
[2089 sec, 2947033 itr]: No feasible solution found (infeas = 7)
[2090 sec, 2949238 itr]: No feasible solution found (infeas = 7)
[2091 sec, 2950187 itr]: No feasible solution found (infeas = 7)
[2092 sec, 2951325 itr]: No feasible solution found (infeas = 7)
[2093 sec, 2952378 itr]: No feasible solution found (infeas = 7)
[2094 sec, 2953503 itr]: No feasible solution found (infeas = 7)
[2095 sec, 2953503 itr]: No feasible solution found (infeas = 7)
[2096 sec, 2954622 itr]: No feasible solution found (infeas = 7)
[2097 sec, 2956888 itr]: No feasible solution found (infeas = 7)
[2098 sec, 2958010 itr]: No feasible solution found (infeas = 7)
[2099 sec, 2958010 itr]: No feasible solution found (infeas = 7)
[2100 sec, 2960269 itr]: No feasible solution found (infeas = 7)
[2101 sec, 2961331 itr]: No feasible solution found (infeas = 7)
[2102 sec, 2962448 itr]: No feasible solution found (infeas = 7)
[2103 sec, 2963508 itr]: No feasible solution found (infeas = 7)
[2104 sec, 2964626 itr]: No feasible solution found (infeas = 7)
[2105 sec, 2964626 itr]: No feasible solution found (infeas = 7)
[2106 sec, 2966910 itr]: No feasible solution found (infeas = 7)
[2107 sec, 2967981 itr]: No feasible solution found (infeas = 7)
[2108 sec, 2969050 itr]: No feasible solution found (infeas = 7)
[2109 sec, 2970111 itr]: No feasible solution found (infeas = 7)
[2110 sec, 2970111 itr]: No feasible solution found (infeas = 7)
[2111 sec, 2972130 itr]: No feasible solution found (infeas = 7)
[2112 sec, 2972130 itr]: No feasible solution found (infeas = 7)
[2113 sec, 2974297 itr]: No feasible solution found (infeas = 7)
[2114 sec, 2975417 itr]: No feasible solution found (infeas = 7)
[2115 sec, 2976493 itr]: No feasible solution found (infeas = 7)
[2116 sec, 2977704 itr]: No feasible solution found (infeas = 7)
[2117 sec, 2978792 itr]: No feasible solution found (infeas = 7)
[2118 sec, 2980008 itr]: No feasible solution found (infeas = 7)
[2119 sec, 2981164 itr]: No feasible solution found (infeas = 7)
[2120 sec, 2982347 itr]: No feasible solution found (infeas = 7)
[2121 sec, 2983636 itr]: No feasible solution found (infeas = 7)
[2122 sec, 2984829 itr]: No feasible solution found (infeas = 7)
[2123 sec, 2986053 itr]: No feasible solution found (infeas = 7)
[2124 sec, 2987167 itr]: No feasible solution found (infeas = 7)
[2125 sec, 2988341 itr]: No feasible solution found (infeas = 7)
[2126 sec, 2989445 itr]: No feasible solution found (infeas = 7)
[2127 sec, 2990701 itr]: No feasible solution found (infeas = 7)
[2128 sec, 2991887 itr]: No feasible solution found (infeas = 7)
[2129 sec, 2991887 itr]: No feasible solution found (infeas = 7)
[2130 sec, 2993994 itr]: No feasible solution found (infeas = 7)
[2131 sec, 2993994 itr]: No feasible solution found (infeas = 7)
[2132 sec, 2996019 itr]: No feasible solution found (infeas = 7)
[2133 sec, 2997125 itr]: No feasible solution found (infeas = 7)
[2134 sec, 2998178 itr]: No feasible solution found (infeas = 7)
[2135 sec, 2999242 itr]: No feasible solution found (infeas = 7)
[2136 sec, 2999242 itr]: No feasible solution found (infeas = 7)
[2137 sec, 3001395 itr]: No feasible solution found (infeas = 7)
[2138 sec, 3002521 itr]: No feasible solution found (infeas = 7)
[2139 sec, 3002521 itr]: No feasible solution found (infeas = 7)
[2140 sec, 3004647 itr]: No feasible solution found (infeas = 7)
[2141 sec, 3005785 itr]: No feasible solution found (infeas = 7)
[2142 sec, 3006955 itr]: No feasible solution found (infeas = 7)
[2143 sec, 3008113 itr]: No feasible solution found (infeas = 7)
[2144 sec, 3009226 itr]: No feasible solution found (infeas = 7)
[2145 sec, 3010472 itr]: No feasible solution found (infeas = 7)
[2146 sec, 3011664 itr]: No feasible solution found (infeas = 7)
[2147 sec, 3012855 itr]: No feasible solution found (infeas = 7)
[2148 sec, 3014057 itr]: No feasible solution found (infeas = 7)
[2149 sec, 3015228 itr]: No feasible solution found (infeas = 7)
[2150 sec, 3016483 itr]: No feasible solution found (infeas = 7)
[2151 sec, 3017646 itr]: No feasible solution found (infeas = 7)
[2152 sec, 3018857 itr]: No feasible solution found (infeas = 7)
[2153 sec, 3020046 itr]: No feasible solution found (infeas = 7)
[2154 sec, 3021259 itr]: No feasible solution found (infeas = 7)
[2155 sec, 3022507 itr]: No feasible solution found (infeas = 7)
[2156 sec, 3023655 itr]: No feasible solution found (infeas = 7)
[2157 sec, 3024891 itr]: No feasible solution found (infeas = 7)
[2158 sec, 3026118 itr]: No feasible solution found (infeas = 7)
[2159 sec, 3026118 itr]: No feasible solution found (infeas = 7)
[2160 sec, 3027258 itr]: No feasible solution found (infeas = 7)
[2161 sec, 3029424 itr]: No feasible solution found (infeas = 7)
[2162 sec, 3030457 itr]: No feasible solution found (infeas = 7)
[2163 sec, 3031525 itr]: No feasible solution found (infeas = 7)
[2164 sec, 3032561 itr]: No feasible solution found (infeas = 7)
[2165 sec, 3032561 itr]: No feasible solution found (infeas = 7)
[2166 sec, 3033569 itr]: No feasible solution found (infeas = 7)
[2167 sec, 3035729 itr]: No feasible solution found (infeas = 7)
[2168 sec, 3036676 itr]: No feasible solution found (infeas = 7)
[2169 sec, 3036676 itr]: No feasible solution found (infeas = 7)
[2170 sec, 3037691 itr]: No feasible solution found (infeas = 7)
[2171 sec, 3039748 itr]: No feasible solution found (infeas = 7)
[2172 sec, 3040803 itr]: No feasible solution found (infeas = 7)
[2173 sec, 3041891 itr]: No feasible solution found (infeas = 7)
[2174 sec, 3041891 itr]: No feasible solution found (infeas = 7)
[2175 sec, 3044071 itr]: No feasible solution found (infeas = 7)
[2176 sec, 3045252 itr]: No feasible solution found (infeas = 7)
[2177 sec, 3046454 itr]: No feasible solution found (infeas = 7)
[2178 sec, 3047644 itr]: No feasible solution found (infeas = 7)
[2179 sec, 3048905 itr]: No feasible solution found (infeas = 7)
[2180 sec, 3050121 itr]: No feasible solution found (infeas = 7)
[2181 sec, 3051294 itr]: No feasible solution found (infeas = 7)
[2182 sec, 3052491 itr]: No feasible solution found (infeas = 7)
[2183 sec, 3053611 itr]: No feasible solution found (infeas = 7)
[2184 sec, 3054768 itr]: No feasible solution found (infeas = 7)
[2185 sec, 3055996 itr]: No feasible solution found (infeas = 7)
[2186 sec, 3057153 itr]: No feasible solution found (infeas = 7)
[2187 sec, 3058307 itr]: No feasible solution found (infeas = 7)
[2188 sec, 3059474 itr]: No feasible solution found (infeas = 7)
[2189 sec, 3060692 itr]: No feasible solution found (infeas = 7)
[2190 sec, 3061911 itr]: No feasible solution found (infeas = 7)
[2191 sec, 3063113 itr]: No feasible solution found (infeas = 7)
[2192 sec, 3063113 itr]: No feasible solution found (infeas = 7)
[2193 sec, 3065506 itr]: No feasible solution found (infeas = 7)
[2194 sec, 3066637 itr]: No feasible solution found (infeas = 7)
[2195 sec, 3067666 itr]: No feasible solution found (infeas = 7)
[2196 sec, 3068730 itr]: No feasible solution found (infeas = 7)
[2197 sec, 3069825 itr]: No feasible solution found (infeas = 7)
[2198 sec, 3069825 itr]: No feasible solution found (infeas = 7)
[2199 sec, 3071955 itr]: No feasible solution found (infeas = 7)
[2200 sec, 3071955 itr]: No feasible solution found (infeas = 7)
[2201 sec, 3074084 itr]: No feasible solution found (infeas = 7)
[2202 sec, 3075164 itr]: No feasible solution found (infeas = 7)
[2203 sec, 3076230 itr]: No feasible solution found (infeas = 7)
[2204 sec, 3077204 itr]: No feasible solution found (infeas = 7)
[2205 sec, 3078278 itr]: No feasible solution found (infeas = 7)
[2206 sec, 3079325 itr]: No feasible solution found (infeas = 7)
[2207 sec, 3080472 itr]: No feasible solution found (infeas = 7)
[2208 sec, 3081726 itr]: No feasible solution found (infeas = 7)
[2209 sec, 3082983 itr]: No feasible solution found (infeas = 7)
[2210 sec, 3082983 itr]: No feasible solution found (infeas = 7)
[2211 sec, 3085341 itr]: No feasible solution found (infeas = 7)
[2212 sec, 3086547 itr]: No feasible solution found (infeas = 7)
[2213 sec, 3087775 itr]: No feasible solution found (infeas = 7)
[2214 sec, 3088983 itr]: No feasible solution found (infeas = 7)
[2215 sec, 3090168 itr]: No feasible solution found (infeas = 7)
[2216 sec, 3091332 itr]: No feasible solution found (infeas = 7)
[2217 sec, 3092505 itr]: No feasible solution found (infeas = 7)
[2218 sec, 3093760 itr]: No feasible solution found (infeas = 7)
[2219 sec, 3094921 itr]: No feasible solution found (infeas = 7)
[2220 sec, 3096100 itr]: No feasible solution found (infeas = 7)
[2221 sec, 3096100 itr]: No feasible solution found (infeas = 7)
[2222 sec, 3098306 itr]: No feasible solution found (infeas = 7)
[2223 sec, 3098306 itr]: No feasible solution found (infeas = 7)
[2224 sec, 3099397 itr]: No feasible solution found (infeas = 7)
[2225 sec, 3100528 itr]: No feasible solution found (infeas = 7)
[2226 sec, 3102661 itr]: No feasible solution found (infeas = 7)
[2227 sec, 3103688 itr]: No feasible solution found (infeas = 7)
[2228 sec, 3104716 itr]: No feasible solution found (infeas = 7)
[2229 sec, 3104716 itr]: No feasible solution found (infeas = 7)
[2230 sec, 3106821 itr]: No feasible solution found (infeas = 7)
[2231 sec, 3106821 itr]: No feasible solution found (infeas = 7)
[2232 sec, 3107824 itr]: No feasible solution found (infeas = 7)
[2233 sec, 3110043 itr]: No feasible solution found (infeas = 7)
[2234 sec, 3111149 itr]: No feasible solution found (infeas = 7)
[2235 sec, 3112198 itr]: No feasible solution found (infeas = 7)
[2236 sec, 3112198 itr]: No feasible solution found (infeas = 7)
[2237 sec, 3114219 itr]: No feasible solution found (infeas = 7)
[2238 sec, 3115327 itr]: No feasible solution found (infeas = 7)
[2239 sec, 3116469 itr]: No feasible solution found (infeas = 7)
[2240 sec, 3117607 itr]: No feasible solution found (infeas = 7)
[2241 sec, 3118704 itr]: No feasible solution found (infeas = 7)
[2242 sec, 3119775 itr]: No feasible solution found (infeas = 7)
[2243 sec, 3120894 itr]: No feasible solution found (infeas = 7)
[2244 sec, 3121990 itr]: No feasible solution found (infeas = 7)
[2245 sec, 3123153 itr]: No feasible solution found (infeas = 7)
[2246 sec, 3124201 itr]: No feasible solution found (infeas = 7)
[2247 sec, 3125296 itr]: No feasible solution found (infeas = 7)
[2248 sec, 3126395 itr]: No feasible solution found (infeas = 7)
[2249 sec, 3127553 itr]: No feasible solution found (infeas = 7)
[2250 sec, 3128709 itr]: No feasible solution found (infeas = 7)
[2251 sec, 3128709 itr]: No feasible solution found (infeas = 7)
[2252 sec, 3130933 itr]: No feasible solution found (infeas = 7)
[2253 sec, 3132019 itr]: No feasible solution found (infeas = 7)
[2254 sec, 3133097 itr]: No feasible solution found (infeas = 7)
[2255 sec, 3134168 itr]: No feasible solution found (infeas = 7)
[2256 sec, 3135275 itr]: No feasible solution found (infeas = 7)
[2257 sec, 3136390 itr]: No feasible solution found (infeas = 7)
[2258 sec, 3137514 itr]: No feasible solution found (infeas = 7)
[2259 sec, 3138653 itr]: No feasible solution found (infeas = 7)
[2260 sec, 3139761 itr]: No feasible solution found (infeas = 7)
[2261 sec, 3140844 itr]: No feasible solution found (infeas = 7)
[2262 sec, 3141986 itr]: No feasible solution found (infeas = 7)
[2263 sec, 3143117 itr]: No feasible solution found (infeas = 7)
[2264 sec, 3144256 itr]: No feasible solution found (infeas = 7)
[2265 sec, 3145400 itr]: No feasible solution found (infeas = 7)
[2266 sec, 3146551 itr]: No feasible solution found (infeas = 7)
[2267 sec, 3147700 itr]: No feasible solution found (infeas = 7)
[2268 sec, 3148936 itr]: No feasible solution found (infeas = 7)
[2269 sec, 3150088 itr]: No feasible solution found (infeas = 7)
[2270 sec, 3151233 itr]: No feasible solution found (infeas = 7)
[2271 sec, 3152362 itr]: No feasible solution found (infeas = 7)
[2272 sec, 3152362 itr]: No feasible solution found (infeas = 7)
[2273 sec, 3154625 itr]: No feasible solution found (infeas = 7)
[2274 sec, 3155737 itr]: No feasible solution found (infeas = 7)
[2275 sec, 3156859 itr]: No feasible solution found (infeas = 7)
[2276 sec, 3158064 itr]: No feasible solution found (infeas = 7)
[2277 sec, 3159213 itr]: No feasible solution found (infeas = 7)
[2278 sec, 3160360 itr]: No feasible solution found (infeas = 7)
[2279 sec, 3161599 itr]: No feasible solution found (infeas = 7)
[2280 sec, 3162781 itr]: No feasible solution found (infeas = 7)
[2281 sec, 3163939 itr]: No feasible solution found (infeas = 7)
[2282 sec, 3164959 itr]: No feasible solution found (infeas = 7)
[2283 sec, 3166102 itr]: No feasible solution found (infeas = 7)
[2284 sec, 3167248 itr]: No feasible solution found (infeas = 7)
[2285 sec, 3167248 itr]: No feasible solution found (infeas = 7)
[2286 sec, 3169482 itr]: No feasible solution found (infeas = 7)
[2287 sec, 3170621 itr]: No feasible solution found (infeas = 7)
[2288 sec, 3171746 itr]: No feasible solution found (infeas = 7)
[2289 sec, 3172883 itr]: No feasible solution found (infeas = 7)
[2290 sec, 3173990 itr]: No feasible solution found (infeas = 7)
[2291 sec, 3175037 itr]: No feasible solution found (infeas = 7)
[2292 sec, 3176158 itr]: No feasible solution found (infeas = 7)
[2293 sec, 3177349 itr]: No feasible solution found (infeas = 7)
[2294 sec, 3178517 itr]: No feasible solution found (infeas = 7)
[2295 sec, 3179611 itr]: No feasible solution found (infeas = 7)
[2296 sec, 3180803 itr]: No feasible solution found (infeas = 7)
[2297 sec, 3181906 itr]: No feasible solution found (infeas = 7)
[2298 sec, 3183078 itr]: No feasible solution found (infeas = 7)
[2299 sec, 3184211 itr]: No feasible solution found (infeas = 7)
[2300 sec, 3185365 itr]: No feasible solution found (infeas = 7)
[2301 sec, 3186533 itr]: No feasible solution found (infeas = 7)
[2302 sec, 3187721 itr]: No feasible solution found (infeas = 7)
[2303 sec, 3188910 itr]: No feasible solution found (infeas = 7)
[2304 sec, 3190015 itr]: No feasible solution found (infeas = 7)
[2305 sec, 3190015 itr]: No feasible solution found (infeas = 7)
[2306 sec, 3192303 itr]: No feasible solution found (infeas = 7)
[2307 sec, 3193486 itr]: No feasible solution found (infeas = 7)
[2308 sec, 3194676 itr]: No feasible solution found (infeas = 7)
[2309 sec, 3194676 itr]: No feasible solution found (infeas = 7)
[2310 sec, 3196912 itr]: No feasible solution found (infeas = 7)
[2311 sec, 3196912 itr]: No feasible solution found (infeas = 7)
[2312 sec, 3199146 itr]: No feasible solution found (infeas = 7)
[2313 sec, 3199146 itr]: No feasible solution found (infeas = 7)
[2314 sec, 3201527 itr]: No feasible solution found (infeas = 7)
[2315 sec, 3201527 itr]: No feasible solution found (infeas = 7)
[2316 sec, 3204039 itr]: No feasible solution found (infeas = 7)
[2317 sec, 3205279 itr]: No feasible solution found (infeas = 7)
[2318 sec, 3206496 itr]: No feasible solution found (infeas = 7)
[2319 sec, 3207775 itr]: No feasible solution found (infeas = 7)
[2320 sec, 3208895 itr]: No feasible solution found (infeas = 7)
[2321 sec, 3210074 itr]: No feasible solution found (infeas = 7)
[2322 sec, 3211257 itr]: No feasible solution found (infeas = 7)
[2323 sec, 3212418 itr]: No feasible solution found (infeas = 7)
[2324 sec, 3213636 itr]: No feasible solution found (infeas = 7)
[2325 sec, 3213636 itr]: No feasible solution found (infeas = 7)
[2326 sec, 3216101 itr]: No feasible solution found (infeas = 7)
[2327 sec, 3217349 itr]: No feasible solution found (infeas = 7)
[2328 sec, 3218611 itr]: No feasible solution found (infeas = 7)
[2329 sec, 3219882 itr]: No feasible solution found (infeas = 7)
[2330 sec, 3219882 itr]: No feasible solution found (infeas = 7)
[2331 sec, 3222159 itr]: No feasible solution found (infeas = 7)
[2332 sec, 3223205 itr]: No feasible solution found (infeas = 7)
[2333 sec, 3223205 itr]: No feasible solution found (infeas = 7)
[2334 sec, 3225261 itr]: No feasible solution found (infeas = 7)
[2335 sec, 3225261 itr]: No feasible solution found (infeas = 7)
[2336 sec, 3227391 itr]: No feasible solution found (infeas = 7)
[2337 sec, 3228435 itr]: No feasible solution found (infeas = 7)
[2338 sec, 3228435 itr]: No feasible solution found (infeas = 7)
[2339 sec, 3229537 itr]: No feasible solution found (infeas = 7)
[2340 sec, 3231599 itr]: No feasible solution found (infeas = 7)
[2341 sec, 3232742 itr]: No feasible solution found (infeas = 7)
[2342 sec, 3233937 itr]: No feasible solution found (infeas = 7)
[2343 sec, 3235098 itr]: No feasible solution found (infeas = 7)
[2344 sec, 3236264 itr]: No feasible solution found (infeas = 7)
[2345 sec, 3237475 itr]: No feasible solution found (infeas = 7)
[2346 sec, 3238670 itr]: No feasible solution found (infeas = 7)
[2347 sec, 3239851 itr]: No feasible solution found (infeas = 7)
[2348 sec, 3241045 itr]: No feasible solution found (infeas = 7)
[2349 sec, 3242287 itr]: No feasible solution found (infeas = 7)
[2350 sec, 3243471 itr]: No feasible solution found (infeas = 7)
[2351 sec, 3244705 itr]: No feasible solution found (infeas = 7)
[2352 sec, 3245862 itr]: No feasible solution found (infeas = 7)
[2353 sec, 3247052 itr]: No feasible solution found (infeas = 7)
[2354 sec, 3247052 itr]: No feasible solution found (infeas = 7)
[2355 sec, 3249201 itr]: No feasible solution found (infeas = 7)
[2356 sec, 3250215 itr]: No feasible solution found (infeas = 7)
[2357 sec, 3250215 itr]: No feasible solution found (infeas = 7)
[2358 sec, 3251238 itr]: No feasible solution found (infeas = 7)
[2359 sec, 3253292 itr]: No feasible solution found (infeas = 7)
[2360 sec, 3254349 itr]: No feasible solution found (infeas = 7)
[2361 sec, 3254349 itr]: No feasible solution found (infeas = 7)
[2362 sec, 3256377 itr]: No feasible solution found (infeas = 7)
[2363 sec, 3257432 itr]: No feasible solution found (infeas = 7)
[2364 sec, 3258517 itr]: No feasible solution found (infeas = 7)
[2365 sec, 3259559 itr]: No feasible solution found (infeas = 7)
[2366 sec, 3260637 itr]: No feasible solution found (infeas = 7)
[2367 sec, 3261698 itr]: No feasible solution found (infeas = 7)
[2368 sec, 3262846 itr]: No feasible solution found (infeas = 7)
[2369 sec, 3263993 itr]: No feasible solution found (infeas = 7)
[2370 sec, 3265154 itr]: No feasible solution found (infeas = 7)
[2371 sec, 3266343 itr]: No feasible solution found (infeas = 7)
[2372 sec, 3267484 itr]: No feasible solution found (infeas = 7)
[2373 sec, 3268677 itr]: No feasible solution found (infeas = 7)
[2374 sec, 3269897 itr]: No feasible solution found (infeas = 7)
[2375 sec, 3269897 itr]: No feasible solution found (infeas = 7)
[2376 sec, 3272219 itr]: No feasible solution found (infeas = 7)
[2377 sec, 3273408 itr]: No feasible solution found (infeas = 7)
[2378 sec, 3274652 itr]: No feasible solution found (infeas = 7)
[2379 sec, 3275768 itr]: No feasible solution found (infeas = 7)
[2380 sec, 3276807 itr]: No feasible solution found (infeas = 7)
[2381 sec, 3276807 itr]: No feasible solution found (infeas = 7)
[2382 sec, 3278881 itr]: No feasible solution found (infeas = 7)
[2383 sec, 3279875 itr]: No feasible solution found (infeas = 7)
[2384 sec, 3279875 itr]: No feasible solution found (infeas = 7)
[2385 sec, 3280897 itr]: No feasible solution found (infeas = 7)
[2386 sec, 3282927 itr]: No feasible solution found (infeas = 7)
[2387 sec, 3282927 itr]: No feasible solution found (infeas = 7)
[2388 sec, 3283955 itr]: No feasible solution found (infeas = 7)
[2389 sec, 3286072 itr]: No feasible solution found (infeas = 7)
[2390 sec, 3287245 itr]: No feasible solution found (infeas = 7)
[2391 sec, 3288390 itr]: No feasible solution found (infeas = 7)
[2392 sec, 3289405 itr]: No feasible solution found (infeas = 7)
[2393 sec, 3290416 itr]: No feasible solution found (infeas = 7)
[2394 sec, 3291601 itr]: No feasible solution found (infeas = 7)
[2395 sec, 3292684 itr]: No feasible solution found (infeas = 7)
[2396 sec, 3293842 itr]: No feasible solution found (infeas = 7)
[2397 sec, 3293842 itr]: No feasible solution found (infeas = 7)
[2398 sec, 3296075 itr]: No feasible solution found (infeas = 7)
[2399 sec, 3297116 itr]: No feasible solution found (infeas = 7)
[2400 sec, 3298165 itr]: No feasible solution found (infeas = 7)
[2401 sec, 3299257 itr]: No feasible solution found (infeas = 7)
[2402 sec, 3300341 itr]: No feasible solution found (infeas = 7)
[2403 sec, 3301410 itr]: No feasible solution found (infeas = 7)
[2404 sec, 3301410 itr]: No feasible solution found (infeas = 7)
[2405 sec, 3303659 itr]: No feasible solution found (infeas = 7)
[2406 sec, 3304749 itr]: No feasible solution found (infeas = 7)
[2407 sec, 3305814 itr]: No feasible solution found (infeas = 7)
[2408 sec, 3306975 itr]: No feasible solution found (infeas = 7)
[2409 sec, 3308102 itr]: No feasible solution found (infeas = 7)
[2410 sec, 3309188 itr]: No feasible solution found (infeas = 7)
[2411 sec, 3310306 itr]: No feasible solution found (infeas = 7)
[2412 sec, 3311367 itr]: No feasible solution found (infeas = 7)
[2413 sec, 3312480 itr]: No feasible solution found (infeas = 7)
[2414 sec, 3313676 itr]: No feasible solution found (infeas = 7)
[2415 sec, 3314823 itr]: No feasible solution found (infeas = 7)
[2416 sec, 3316025 itr]: No feasible solution found (infeas = 7)
[2417 sec, 3317122 itr]: No feasible solution found (infeas = 7)
[2418 sec, 3317122 itr]: No feasible solution found (infeas = 7)
[2419 sec, 3318186 itr]: No feasible solution found (infeas = 7)
[2420 sec, 3319295 itr]: No feasible solution found (infeas = 7)
[2421 sec, 3321622 itr]: No feasible solution found (infeas = 7)
[2422 sec, 3321622 itr]: No feasible solution found (infeas = 7)
[2423 sec, 3322783 itr]: No feasible solution found (infeas = 7)
[2424 sec, 3323925 itr]: No feasible solution found (infeas = 7)
[2425 sec, 3325024 itr]: No feasible solution found (infeas = 7)
[2426 sec, 3327145 itr]: No feasible solution found (infeas = 7)
[2427 sec, 3327145 itr]: No feasible solution found (infeas = 7)
[2428 sec, 3329283 itr]: No feasible solution found (infeas = 7)
[2429 sec, 3330392 itr]: No feasible solution found (infeas = 7)
[2430 sec, 3330392 itr]: No feasible solution found (infeas = 7)
[2431 sec, 3332557 itr]: No feasible solution found (infeas = 7)
[2432 sec, 3333613 itr]: No feasible solution found (infeas = 7)
[2433 sec, 3333613 itr]: No feasible solution found (infeas = 7)
[2434 sec, 3335697 itr]: No feasible solution found (infeas = 7)
[2435 sec, 3336782 itr]: No feasible solution found (infeas = 7)
[2436 sec, 3337986 itr]: No feasible solution found (infeas = 7)
[2437 sec, 3339155 itr]: No feasible solution found (infeas = 7)
[2438 sec, 3340165 itr]: No feasible solution found (infeas = 7)
[2439 sec, 3341207 itr]: No feasible solution found (infeas = 7)
[2440 sec, 3341207 itr]: No feasible solution found (infeas = 7)
[2441 sec, 3342257 itr]: No feasible solution found (infeas = 7)
[2442 sec, 3344440 itr]: No feasible solution found (infeas = 7)
[2443 sec, 3345478 itr]: No feasible solution found (infeas = 7)
[2444 sec, 3345478 itr]: No feasible solution found (infeas = 7)
[2445 sec, 3346509 itr]: No feasible solution found (infeas = 7)
[2446 sec, 3348777 itr]: No feasible solution found (infeas = 7)
[2447 sec, 3349988 itr]: No feasible solution found (infeas = 7)
[2448 sec, 3351179 itr]: No feasible solution found (infeas = 7)
[2449 sec, 3351179 itr]: No feasible solution found (infeas = 7)
[2450 sec, 3353621 itr]: No feasible solution found (infeas = 7)
[2451 sec, 3354807 itr]: No feasible solution found (infeas = 7)
[2452 sec, 3355999 itr]: No feasible solution found (infeas = 7)
[2453 sec, 3357206 itr]: No feasible solution found (infeas = 7)
[2454 sec, 3358272 itr]: No feasible solution found (infeas = 7)
[2455 sec, 3359472 itr]: No feasible solution found (infeas = 7)
[2456 sec, 3359472 itr]: No feasible solution found (infeas = 7)
[2457 sec, 3361524 itr]: No feasible solution found (infeas = 7)
[2458 sec, 3362649 itr]: No feasible solution found (infeas = 7)
[2459 sec, 3363758 itr]: No feasible solution found (infeas = 7)
[2460 sec, 3365036 itr]: No feasible solution found (infeas = 7)
[2461 sec, 3365036 itr]: No feasible solution found (infeas = 7)
[2462 sec, 3367187 itr]: No feasible solution found (infeas = 7)
[2463 sec, 3368272 itr]: No feasible solution found (infeas = 7)
[2464 sec, 3368272 itr]: No feasible solution found (infeas = 7)
[2465 sec, 3369330 itr]: No feasible solution found (infeas = 7)
[2466 sec, 3371548 itr]: No feasible solution found (infeas = 7)
[2467 sec, 3371548 itr]: No feasible solution found (infeas = 7)
[2468 sec, 3372634 itr]: No feasible solution found (infeas = 7)
[2469 sec, 3373705 itr]: No feasible solution found (infeas = 7)
[2470 sec, 3375982 itr]: No feasible solution found (infeas = 7)
[2471 sec, 3377191 itr]: No feasible solution found (infeas = 7)
[2472 sec, 3378335 itr]: No feasible solution found (infeas = 7)
[2473 sec, 3379528 itr]: No feasible solution found (infeas = 7)
[2474 sec, 3380736 itr]: No feasible solution found (infeas = 7)
[2475 sec, 3381866 itr]: No feasible solution found (infeas = 7)
[2476 sec, 3383065 itr]: No feasible solution found (infeas = 7)
[2477 sec, 3384339 itr]: No feasible solution found (infeas = 7)
[2478 sec, 3384339 itr]: No feasible solution found (infeas = 7)
[2479 sec, 3386661 itr]: No feasible solution found (infeas = 7)
[2480 sec, 3387813 itr]: No feasible solution found (infeas = 7)
[2481 sec, 3388872 itr]: No feasible solution found (infeas = 7)
[2482 sec, 3389958 itr]: No feasible solution found (infeas = 7)
[2483 sec, 3389958 itr]: No feasible solution found (infeas = 7)
[2484 sec, 3392108 itr]: No feasible solution found (infeas = 7)
[2485 sec, 3392108 itr]: No feasible solution found (infeas = 7)
[2486 sec, 3394293 itr]: No feasible solution found (infeas = 7)
[2487 sec, 3395539 itr]: No feasible solution found (infeas = 7)
[2488 sec, 3396718 itr]: No feasible solution found (infeas = 7)
[2489 sec, 3397969 itr]: No feasible solution found (infeas = 7)
[2490 sec, 3397969 itr]: No feasible solution found (infeas = 7)
[2491 sec, 3400306 itr]: No feasible solution found (infeas = 7)
[2492 sec, 3400306 itr]: No feasible solution found (infeas = 7)
[2493 sec, 3402613 itr]: No feasible solution found (infeas = 7)
[2494 sec, 3403671 itr]: No feasible solution found (infeas = 7)
[2495 sec, 3404685 itr]: No feasible solution found (infeas = 7)
[2496 sec, 3404685 itr]: No feasible solution found (infeas = 7)
[2497 sec, 3405752 itr]: No feasible solution found (infeas = 7)
[2498 sec, 3407965 itr]: No feasible solution found (infeas = 7)
[2499 sec, 3409181 itr]: No feasible solution found (infeas = 7)
[2500 sec, 3410318 itr]: No feasible solution found (infeas = 7)
[2501 sec, 3411453 itr]: No feasible solution found (infeas = 7)
[2502 sec, 3411453 itr]: No feasible solution found (infeas = 7)
[2503 sec, 3412580 itr]: No feasible solution found (infeas = 7)
[2504 sec, 3414823 itr]: No feasible solution found (infeas = 7)
[2505 sec, 3415998 itr]: No feasible solution found (infeas = 7)
[2506 sec, 3417097 itr]: No feasible solution found (infeas = 7)
[2507 sec, 3417097 itr]: No feasible solution found (infeas = 7)
[2508 sec, 3418153 itr]: No feasible solution found (infeas = 7)
[2509 sec, 3420282 itr]: No feasible solution found (infeas = 7)
[2510 sec, 3420282 itr]: No feasible solution found (infeas = 7)
[2511 sec, 3422457 itr]: No feasible solution found (infeas = 7)
[2512 sec, 3422457 itr]: No feasible solution found (infeas = 7)
[2513 sec, 3424613 itr]: No feasible solution found (infeas = 7)
[2514 sec, 3425690 itr]: No feasible solution found (infeas = 7)
[2515 sec, 3426820 itr]: No feasible solution found (infeas = 7)
[2516 sec, 3427867 itr]: No feasible solution found (infeas = 7)
[2517 sec, 3428951 itr]: No feasible solution found (infeas = 7)
[2518 sec, 3428951 itr]: No feasible solution found (infeas = 7)
[2519 sec, 3431102 itr]: No feasible solution found (infeas = 7)
[2520 sec, 3432139 itr]: No feasible solution found (infeas = 7)
[2521 sec, 3433261 itr]: No feasible solution found (infeas = 7)
[2522 sec, 3434376 itr]: No feasible solution found (infeas = 7)
[2523 sec, 3435497 itr]: No feasible solution found (infeas = 7)
[2524 sec, 3436693 itr]: No feasible solution found (infeas = 7)
[2525 sec, 3437811 itr]: No feasible solution found (infeas = 7)
[2526 sec, 3438961 itr]: No feasible solution found (infeas = 7)
[2527 sec, 3440081 itr]: No feasible solution found (infeas = 7)
[2528 sec, 3441222 itr]: No feasible solution found (infeas = 7)
[2529 sec, 3442314 itr]: No feasible solution found (infeas = 7)
[2530 sec, 3442314 itr]: No feasible solution found (infeas = 7)
[2531 sec, 3444697 itr]: No feasible solution found (infeas = 7)
[2532 sec, 3445872 itr]: No feasible solution found (infeas = 7)
[2533 sec, 3445872 itr]: No feasible solution found (infeas = 7)
[2534 sec, 3448166 itr]: No feasible solution found (infeas = 7)
[2535 sec, 3448166 itr]: No feasible solution found (infeas = 7)
[2536 sec, 3450454 itr]: No feasible solution found (infeas = 7)
[2537 sec, 3451554 itr]: No feasible solution found (infeas = 7)
[2538 sec, 3451554 itr]: No feasible solution found (infeas = 7)
[2539 sec, 3453834 itr]: No feasible solution found (infeas = 7)
[2540 sec, 3454974 itr]: No feasible solution found (infeas = 7)
[2541 sec, 3456074 itr]: No feasible solution found (infeas = 7)
[2542 sec, 3457165 itr]: No feasible solution found (infeas = 7)
[2543 sec, 3458380 itr]: No feasible solution found (infeas = 7)
[2544 sec, 3458380 itr]: No feasible solution found (infeas = 7)
[2545 sec, 3459559 itr]: No feasible solution found (infeas = 7)
[2546 sec, 3461876 itr]: No feasible solution found (infeas = 7)
[2547 sec, 3463089 itr]: No feasible solution found (infeas = 7)
[2548 sec, 3463089 itr]: No feasible solution found (infeas = 7)
[2549 sec, 3465532 itr]: No feasible solution found (infeas = 7)
[2550 sec, 3465532 itr]: No feasible solution found (infeas = 7)
[2551 sec, 3467815 itr]: No feasible solution found (infeas = 7)
[2552 sec, 3469034 itr]: No feasible solution found (infeas = 7)
[2553 sec, 3469034 itr]: No feasible solution found (infeas = 7)
[2554 sec, 3470233 itr]: No feasible solution found (infeas = 7)
[2555 sec, 3471360 itr]: No feasible solution found (infeas = 7)
[2556 sec, 3473658 itr]: No feasible solution found (infeas = 7)
[2557 sec, 3474805 itr]: No feasible solution found (infeas = 7)
[2558 sec, 3476095 itr]: No feasible solution found (infeas = 7)
[2559 sec, 3477222 itr]: No feasible solution found (infeas = 7)
[2560 sec, 3477222 itr]: No feasible solution found (infeas = 7)
[2561 sec, 3478372 itr]: No feasible solution found (infeas = 7)
[2562 sec, 3479560 itr]: No feasible solution found (infeas = 7)
[2563 sec, 3480629 itr]: No feasible solution found (infeas = 7)
[2564 sec, 3482877 itr]: No feasible solution found (infeas = 7)
[2565 sec, 3484018 itr]: No feasible solution found (infeas = 7)
[2566 sec, 3485255 itr]: No feasible solution found (infeas = 7)
[2567 sec, 3486557 itr]: No feasible solution found (infeas = 7)
[2568 sec, 3487634 itr]: No feasible solution found (infeas = 7)
[2569 sec, 3488770 itr]: No feasible solution found (infeas = 7)
[2570 sec, 3490000 itr]: No feasible solution found (infeas = 7)
[2571 sec, 3491122 itr]: No feasible solution found (infeas = 7)
[2572 sec, 3492342 itr]: No feasible solution found (infeas = 7)
[2573 sec, 3493450 itr]: No feasible solution found (infeas = 7)
[2574 sec, 3493450 itr]: No feasible solution found (infeas = 7)
[2575 sec, 3494498 itr]: No feasible solution found (infeas = 7)
[2576 sec, 3496819 itr]: No feasible solution found (infeas = 7)
[2577 sec, 3496819 itr]: No feasible solution found (infeas = 7)
[2578 sec, 3499092 itr]: No feasible solution found (infeas = 7)
[2579 sec, 3499092 itr]: No feasible solution found (infeas = 7)
[2580 sec, 3501262 itr]: No feasible solution found (infeas = 7)
[2581 sec, 3502327 itr]: No feasible solution found (infeas = 7)
[2582 sec, 3503470 itr]: No feasible solution found (infeas = 7)
[2583 sec, 3504692 itr]: No feasible solution found (infeas = 7)
[2584 sec, 3505843 itr]: No feasible solution found (infeas = 7)
[2585 sec, 3507081 itr]: No feasible solution found (infeas = 7)
[2586 sec, 3508223 itr]: No feasible solution found (infeas = 7)
[2587 sec, 3509440 itr]: No feasible solution found (infeas = 7)
[2588 sec, 3510629 itr]: No feasible solution found (infeas = 7)
[2589 sec, 3511763 itr]: No feasible solution found (infeas = 7)
[2590 sec, 3512921 itr]: No feasible solution found (infeas = 7)
[2591 sec, 3514023 itr]: No feasible solution found (infeas = 7)
[2592 sec, 3514023 itr]: No feasible solution found (infeas = 7)
[2593 sec, 3515101 itr]: No feasible solution found (infeas = 7)
[2594 sec, 3516244 itr]: No feasible solution found (infeas = 7)
[2595 sec, 3518502 itr]: No feasible solution found (infeas = 7)
[2596 sec, 3518502 itr]: No feasible solution found (infeas = 7)
[2597 sec, 3519739 itr]: No feasible solution found (infeas = 7)
[2598 sec, 3520793 itr]: No feasible solution found (infeas = 7)
[2599 sec, 3523310 itr]: No feasible solution found (infeas = 7)
[2600 sec, 3523310 itr]: No feasible solution found (infeas = 7)
[2601 sec, 3525563 itr]: No feasible solution found (infeas = 7)
[2602 sec, 3525563 itr]: No feasible solution found (infeas = 7)
[2603 sec, 3527974 itr]: No feasible solution found (infeas = 7)
[2604 sec, 3527974 itr]: No feasible solution found (infeas = 7)
[2605 sec, 3529178 itr]: No feasible solution found (infeas = 7)
[2606 sec, 3531678 itr]: No feasible solution found (infeas = 7)
[2607 sec, 3531678 itr]: No feasible solution found (infeas = 7)
[2608 sec, 3534086 itr]: No feasible solution found (infeas = 7)
[2609 sec, 3535134 itr]: No feasible solution found (infeas = 7)
[2610 sec, 3535134 itr]: No feasible solution found (infeas = 7)
[2611 sec, 3536366 itr]: No feasible solution found (infeas = 7)
[2612 sec, 3537573 itr]: No feasible solution found (infeas = 7)
[2613 sec, 3538783 itr]: No feasible solution found (infeas = 7)
[2614 sec, 3539975 itr]: No feasible solution found (infeas = 7)
[2615 sec, 3542284 itr]: No feasible solution found (infeas = 7)
[2616 sec, 3542284 itr]: No feasible solution found (infeas = 7)
[2617 sec, 3543449 itr]: No feasible solution found (infeas = 7)
[2618 sec, 3545679 itr]: No feasible solution found (infeas = 7)
[2619 sec, 3545679 itr]: No feasible solution found (infeas = 7)
[2620 sec, 3547978 itr]: No feasible solution found (infeas = 7)
[2621 sec, 3549133 itr]: No feasible solution found (infeas = 7)
[2622 sec, 3550290 itr]: No feasible solution found (infeas = 7)
[2623 sec, 3551421 itr]: No feasible solution found (infeas = 7)
[2624 sec, 3551421 itr]: No feasible solution found (infeas = 7)
[2625 sec, 3552660 itr]: No feasible solution found (infeas = 7)
[2626 sec, 3553783 itr]: No feasible solution found (infeas = 7)
[2627 sec, 3556018 itr]: No feasible solution found (infeas = 7)
[2628 sec, 3556018 itr]: No feasible solution found (infeas = 7)
[2629 sec, 3558418 itr]: No feasible solution found (infeas = 7)
[2630 sec, 3558418 itr]: No feasible solution found (infeas = 7)
[2631 sec, 3559617 itr]: No feasible solution found (infeas = 7)
[2632 sec, 3560754 itr]: No feasible solution found (infeas = 7)
[2633 sec, 3561952 itr]: No feasible solution found (infeas = 6)
[2634 sec, 3563155 itr]: No feasible solution found (infeas = 6)
[2635 sec, 3564377 itr]: No feasible solution found (infeas = 6)
[2636 sec, 3565618 itr]: No feasible solution found (infeas = 6)
[2637 sec, 3568104 itr]: No feasible solution found (infeas = 6)
[2638 sec, 3569255 itr]: No feasible solution found (infeas = 6)
[2639 sec, 3570494 itr]: No feasible solution found (infeas = 6)
[2640 sec, 3570494 itr]: No feasible solution found (infeas = 6)
[2641 sec, 3571689 itr]: No feasible solution found (infeas = 6)
[2642 sec, 3572881 itr]: No feasible solution found (infeas = 6)
[2643 sec, 3574027 itr]: No feasible solution found (infeas = 6)
[2644 sec, 3576372 itr]: No feasible solution found (infeas = 6)
[2645 sec, 3576372 itr]: No feasible solution found (infeas = 6)
[2646 sec, 3577555 itr]: No feasible solution found (infeas = 6)
[2647 sec, 3578722 itr]: No feasible solution found (infeas = 6)
[2648 sec, 3579924 itr]: No feasible solution found (infeas = 6)
[2649 sec, 3582321 itr]: No feasible solution found (infeas = 6)
[2650 sec, 3582321 itr]: No feasible solution found (infeas = 6)
[2651 sec, 3583457 itr]: No feasible solution found (infeas = 6)
[2652 sec, 3585716 itr]: No feasible solution found (infeas = 6)
[2653 sec, 3585716 itr]: No feasible solution found (infeas = 6)
[2654 sec, 3587805 itr]: No feasible solution found (infeas = 6)
[2655 sec, 3588976 itr]: No feasible solution found (infeas = 6)
[2656 sec, 3588976 itr]: No feasible solution found (infeas = 6)
[2657 sec, 3590172 itr]: No feasible solution found (infeas = 6)
[2658 sec, 3591347 itr]: No feasible solution found (infeas = 6)
[2659 sec, 3592550 itr]: No feasible solution found (infeas = 6)
[2660 sec, 3594983 itr]: No feasible solution found (infeas = 6)
[2661 sec, 3596206 itr]: No feasible solution found (infeas = 6)
[2662 sec, 3596206 itr]: No feasible solution found (infeas = 6)
[2663 sec, 3597409 itr]: No feasible solution found (infeas = 6)
[2664 sec, 3598649 itr]: No feasible solution found (infeas = 6)
[2665 sec, 3599863 itr]: No feasible solution found (infeas = 6)
[2666 sec, 3602267 itr]: No feasible solution found (infeas = 6)
[2667 sec, 3602267 itr]: No feasible solution found (infeas = 6)
[2668 sec, 3603370 itr]: No feasible solution found (infeas = 6)
[2669 sec, 3604528 itr]: No feasible solution found (infeas = 6)
[2670 sec, 3605724 itr]: No feasible solution found (infeas = 6)
[2671 sec, 3606922 itr]: No feasible solution found (infeas = 6)
[2672 sec, 3608121 itr]: No feasible solution found (infeas = 6)
[2673 sec, 3609292 itr]: No feasible solution found (infeas = 6)
[2674 sec, 3610462 itr]: No feasible solution found (infeas = 6)
[2675 sec, 3612842 itr]: No feasible solution found (infeas = 6)
[2676 sec, 3612842 itr]: No feasible solution found (infeas = 6)
[2677 sec, 3614007 itr]: No feasible solution found (infeas = 6)
[2678 sec, 3615154 itr]: No feasible solution found (infeas = 6)
[2679 sec, 3617558 itr]: No feasible solution found (infeas = 6)
[2680 sec, 3618801 itr]: No feasible solution found (infeas = 6)
[2681 sec, 3618801 itr]: No feasible solution found (infeas = 6)
[2682 sec, 3620055 itr]: No feasible solution found (infeas = 6)
[2683 sec, 3621323 itr]: No feasible solution found (infeas = 6)
[2684 sec, 3622552 itr]: No feasible solution found (infeas = 6)
[2685 sec, 3623632 itr]: No feasible solution found (infeas = 6)
[2686 sec, 3624834 itr]: No feasible solution found (infeas = 6)
[2687 sec, 3625970 itr]: No feasible solution found (infeas = 6)
[2688 sec, 3627214 itr]: No feasible solution found (infeas = 6)
[2689 sec, 3629540 itr]: No feasible solution found (infeas = 6)
[2690 sec, 3629540 itr]: No feasible solution found (infeas = 6)
[2691 sec, 3630738 itr]: No feasible solution found (infeas = 6)
[2692 sec, 3633001 itr]: No feasible solution found (infeas = 6)
[2693 sec, 3633001 itr]: No feasible solution found (infeas = 6)
[2694 sec, 3634189 itr]: No feasible solution found (infeas = 6)
[2695 sec, 3635279 itr]: No feasible solution found (infeas = 6)
[2696 sec, 3636477 itr]: No feasible solution found (infeas = 6)
[2697 sec, 3637609 itr]: No feasible solution found (infeas = 6)
[2698 sec, 3638781 itr]: No feasible solution found (infeas = 6)
[2699 sec, 3639891 itr]: No feasible solution found (infeas = 6)
[2700 sec, 3641078 itr]: No feasible solution found (infeas = 6)
[2701 sec, 3642163 itr]: No feasible solution found (infeas = 6)
[2702 sec, 3644469 itr]: No feasible solution found (infeas = 6)
[2703 sec, 3645655 itr]: No feasible solution found (infeas = 6)
[2704 sec, 3645655 itr]: No feasible solution found (infeas = 6)
[2705 sec, 3646767 itr]: No feasible solution found (infeas = 6)
[2706 sec, 3649069 itr]: No feasible solution found (infeas = 6)
[2707 sec, 3649069 itr]: No feasible solution found (infeas = 6)
[2708 sec, 3650260 itr]: No feasible solution found (infeas = 6)
[2709 sec, 3652680 itr]: No feasible solution found (infeas = 6)
[2710 sec, 3652680 itr]: No feasible solution found (infeas = 6)
[2711 sec, 3653840 itr]: No feasible solution found (infeas = 6)
[2712 sec, 3656300 itr]: No feasible solution found (infeas = 6)
[2713 sec, 3656300 itr]: No feasible solution found (infeas = 6)
[2714 sec, 3658602 itr]: No feasible solution found (infeas = 6)
[2715 sec, 3658602 itr]: No feasible solution found (infeas = 6)
[2716 sec, 3660908 itr]: No feasible solution found (infeas = 6)
[2717 sec, 3662064 itr]: No feasible solution found (infeas = 6)
[2718 sec, 3663257 itr]: No feasible solution found (infeas = 6)
[2719 sec, 3663257 itr]: No feasible solution found (infeas = 6)
[2720 sec, 3664402 itr]: No feasible solution found (infeas = 6)
[2721 sec, 3665543 itr]: No feasible solution found (infeas = 6)
[2722 sec, 3666680 itr]: No feasible solution found (infeas = 6)
[2723 sec, 3667859 itr]: No feasible solution found (infeas = 6)
[2724 sec, 3669024 itr]: No feasible solution found (infeas = 6)
[2725 sec, 3670081 itr]: No feasible solution found (infeas = 6)
[2726 sec, 3671264 itr]: No feasible solution found (infeas = 6)
[2727 sec, 3672424 itr]: No feasible solution found (infeas = 6)
[2728 sec, 3673562 itr]: No feasible solution found (infeas = 6)
[2729 sec, 3674749 itr]: No feasible solution found (infeas = 6)
[2730 sec, 3677108 itr]: No feasible solution found (infeas = 6)
[2731 sec, 3677108 itr]: No feasible solution found (infeas = 6)
[2732 sec, 3678342 itr]: No feasible solution found (infeas = 6)
[2733 sec, 3679560 itr]: No feasible solution found (infeas = 6)
[2734 sec, 3680716 itr]: No feasible solution found (infeas = 6)
[2735 sec, 3681916 itr]: No feasible solution found (infeas = 6)
[2736 sec, 3684171 itr]: No feasible solution found (infeas = 6)
[2737 sec, 3684171 itr]: No feasible solution found (infeas = 6)
[2738 sec, 3685288 itr]: No feasible solution found (infeas = 6)
[2739 sec, 3687440 itr]: No feasible solution found (infeas = 6)
[2740 sec, 3687440 itr]: No feasible solution found (infeas = 6)
[2741 sec, 3689610 itr]: No feasible solution found (infeas = 6)
[2742 sec, 3689610 itr]: No feasible solution found (infeas = 6)
[2743 sec, 3690526 itr]: No feasible solution found (infeas = 6)
[2744 sec, 3691582 itr]: No feasible solution found (infeas = 6)
[2745 sec, 3692604 itr]: No feasible solution found (infeas = 6)
[2746 sec, 3693715 itr]: No feasible solution found (infeas = 6)
[2747 sec, 3694742 itr]: No feasible solution found (infeas = 6)
[2748 sec, 3696922 itr]: No feasible solution found (infeas = 6)
[2749 sec, 3698081 itr]: No feasible solution found (infeas = 6)
[2750 sec, 3699146 itr]: No feasible solution found (infeas = 6)
[2751 sec, 3700349 itr]: No feasible solution found (infeas = 6)
[2752 sec, 3701521 itr]: No feasible solution found (infeas = 6)
[2753 sec, 3701521 itr]: No feasible solution found (infeas = 6)
[2754 sec, 3702543 itr]: No feasible solution found (infeas = 6)
[2755 sec, 3703619 itr]: No feasible solution found (infeas = 6)
[2756 sec, 3704717 itr]: No feasible solution found (infeas = 6)
[2757 sec, 3705822 itr]: No feasible solution found (infeas = 6)
[2758 sec, 3706880 itr]: No feasible solution found (infeas = 6)
[2759 sec, 3707962 itr]: No feasible solution found (infeas = 6)
[2760 sec, 3709049 itr]: No feasible solution found (infeas = 6)
[2761 sec, 3710158 itr]: No feasible solution found (infeas = 6)
[2762 sec, 3711271 itr]: No feasible solution found (infeas = 6)
[2763 sec, 3713534 itr]: No feasible solution found (infeas = 6)
[2764 sec, 3713534 itr]: No feasible solution found (infeas = 6)
[2765 sec, 3714602 itr]: No feasible solution found (infeas = 6)
[2766 sec, 3715727 itr]: No feasible solution found (infeas = 6)
[2767 sec, 3717943 itr]: No feasible solution found (infeas = 6)
[2768 sec, 3719146 itr]: No feasible solution found (infeas = 6)
[2769 sec, 3719146 itr]: No feasible solution found (infeas = 6)
[2770 sec, 3720357 itr]: No feasible solution found (infeas = 6)
[2771 sec, 3721501 itr]: No feasible solution found (infeas = 6)
[2772 sec, 3722643 itr]: No feasible solution found (infeas = 6)
[2773 sec, 3723817 itr]: No feasible solution found (infeas = 6)
[2774 sec, 3724886 itr]: No feasible solution found (infeas = 6)
[2775 sec, 3727180 itr]: No feasible solution found (infeas = 6)
[2776 sec, 3727180 itr]: No feasible solution found (infeas = 6)
[2777 sec, 3729467 itr]: No feasible solution found (infeas = 6)
[2778 sec, 3730626 itr]: No feasible solution found (infeas = 6)
[2779 sec, 3730626 itr]: No feasible solution found (infeas = 6)
[2780 sec, 3731747 itr]: No feasible solution found (infeas = 6)
[2781 sec, 3734131 itr]: No feasible solution found (infeas = 6)
[2782 sec, 3734131 itr]: No feasible solution found (infeas = 6)
[2783 sec, 3735208 itr]: No feasible solution found (infeas = 6)
[2784 sec, 3737442 itr]: No feasible solution found (infeas = 6)
[2785 sec, 3738552 itr]: No feasible solution found (infeas = 6)
[2786 sec, 3738552 itr]: No feasible solution found (infeas = 6)
[2787 sec, 3740949 itr]: No feasible solution found (infeas = 6)
[2788 sec, 3740949 itr]: No feasible solution found (infeas = 6)
[2789 sec, 3742015 itr]: No feasible solution found (infeas = 6)
[2790 sec, 3743144 itr]: No feasible solution found (infeas = 6)
[2791 sec, 3745504 itr]: No feasible solution found (infeas = 6)
[2792 sec, 3746647 itr]: No feasible solution found (infeas = 6)
[2793 sec, 3747797 itr]: No feasible solution found (infeas = 6)
[2794 sec, 3749000 itr]: No feasible solution found (infeas = 6)
[2795 sec, 3750151 itr]: No feasible solution found (infeas = 6)
[2796 sec, 3750151 itr]: No feasible solution found (infeas = 6)
[2797 sec, 3751309 itr]: No feasible solution found (infeas = 6)
[2798 sec, 3752445 itr]: No feasible solution found (infeas = 6)
[2799 sec, 3753676 itr]: No feasible solution found (infeas = 6)
[2800 sec, 3754878 itr]: No feasible solution found (infeas = 6)
[2801 sec, 3756066 itr]: No feasible solution found (infeas = 6)
[2802 sec, 3758525 itr]: No feasible solution found (infeas = 6)
[2803 sec, 3758525 itr]: No feasible solution found (infeas = 6)
[2804 sec, 3759725 itr]: No feasible solution found (infeas = 6)
[2805 sec, 3760842 itr]: No feasible solution found (infeas = 6)
[2806 sec, 3762053 itr]: No feasible solution found (infeas = 6)
[2807 sec, 3763316 itr]: No feasible solution found (infeas = 6)
[2808 sec, 3764503 itr]: No feasible solution found (infeas = 6)
[2809 sec, 3765612 itr]: No feasible solution found (infeas = 6)
[2810 sec, 3766738 itr]: No feasible solution found (infeas = 6)
[2811 sec, 3767913 itr]: No feasible solution found (infeas = 6)
[2812 sec, 3770290 itr]: No feasible solution found (infeas = 6)
[2813 sec, 3770290 itr]: No feasible solution found (infeas = 6)
[2814 sec, 3771581 itr]: No feasible solution found (infeas = 6)
[2815 sec, 3773911 itr]: No feasible solution found (infeas = 6)
[2816 sec, 3773911 itr]: No feasible solution found (infeas = 6)
[2817 sec, 3775135 itr]: No feasible solution found (infeas = 6)
[2818 sec, 3776331 itr]: No feasible solution found (infeas = 6)
[2819 sec, 3777466 itr]: No feasible solution found (infeas = 6)
[2820 sec, 3778673 itr]: No feasible solution found (infeas = 6)
[2821 sec, 3781135 itr]: No feasible solution found (infeas = 6)
[2822 sec, 3781135 itr]: No feasible solution found (infeas = 6)
[2823 sec, 3782311 itr]: No feasible solution found (infeas = 6)
[2824 sec, 3784783 itr]: No feasible solution found (infeas = 6)
[2825 sec, 3785982 itr]: No feasible solution found (infeas = 6)
[2826 sec, 3785982 itr]: No feasible solution found (infeas = 6)
[2827 sec, 3787166 itr]: No feasible solution found (infeas = 6)
[2828 sec, 3788414 itr]: No feasible solution found (infeas = 6)
[2829 sec, 3789642 itr]: No feasible solution found (infeas = 6)
[2830 sec, 3792173 itr]: No feasible solution found (infeas = 6)
[2831 sec, 3792173 itr]: No feasible solution found (infeas = 6)
[2832 sec, 3794670 itr]: No feasible solution found (infeas = 6)
[2833 sec, 3794670 itr]: No feasible solution found (infeas = 6)
[2834 sec, 3795876 itr]: No feasible solution found (infeas = 6)
[2835 sec, 3797155 itr]: No feasible solution found (infeas = 6)
[2836 sec, 3799653 itr]: No feasible solution found (infeas = 6)
[2837 sec, 3800886 itr]: No feasible solution found (infeas = 6)
[2838 sec, 3802151 itr]: No feasible solution found (infeas = 6)
[2839 sec, 3802151 itr]: No feasible solution found (infeas = 6)
[2840 sec, 3803390 itr]: No feasible solution found (infeas = 6)
[2841 sec, 3804511 itr]: No feasible solution found (infeas = 6)
[2842 sec, 3805706 itr]: No feasible solution found (infeas = 6)
[2843 sec, 3806971 itr]: No feasible solution found (infeas = 6)
[2844 sec, 3808159 itr]: No feasible solution found (infeas = 6)
[2845 sec, 3809403 itr]: No feasible solution found (infeas = 6)
[2846 sec, 3810632 itr]: No feasible solution found (infeas = 6)
[2847 sec, 3811817 itr]: No feasible solution found (infeas = 6)
[2848 sec, 3813087 itr]: No feasible solution found (infeas = 6)
[2849 sec, 3814235 itr]: No feasible solution found (infeas = 6)
[2850 sec, 3815463 itr]: No feasible solution found (infeas = 6)
[2851 sec, 3816574 itr]: No feasible solution found (infeas = 6)
[2852 sec, 3817837 itr]: No feasible solution found (infeas = 6)
[2853 sec, 3818984 itr]: No feasible solution found (infeas = 6)
[2854 sec, 3820099 itr]: No feasible solution found (infeas = 6)
[2855 sec, 3821304 itr]: No feasible solution found (infeas = 6)
[2856 sec, 3822494 itr]: No feasible solution found (infeas = 6)
[2857 sec, 3823671 itr]: No feasible solution found (infeas = 6)
[2858 sec, 3825996 itr]: No feasible solution found (infeas = 6)
[2859 sec, 3825996 itr]: No feasible solution found (infeas = 6)
[2860 sec, 3827253 itr]: No feasible solution found (infeas = 6)
[2861 sec, 3828410 itr]: No feasible solution found (infeas = 6)
[2862 sec, 3829593 itr]: No feasible solution found (infeas = 6)
[2863 sec, 3830770 itr]: No feasible solution found (infeas = 6)
[2864 sec, 3831954 itr]: No feasible solution found (infeas = 6)
[2865 sec, 3833125 itr]: No feasible solution found (infeas = 6)
[2866 sec, 3834354 itr]: No feasible solution found (infeas = 6)
[2867 sec, 3835509 itr]: No feasible solution found (infeas = 6)
[2868 sec, 3837876 itr]: No feasible solution found (infeas = 6)
[2869 sec, 3837876 itr]: No feasible solution found (infeas = 6)
[2870 sec, 3840246 itr]: No feasible solution found (infeas = 6)
[2871 sec, 3841410 itr]: No feasible solution found (infeas = 6)
[2872 sec, 3841410 itr]: No feasible solution found (infeas = 6)
[2873 sec, 3842613 itr]: No feasible solution found (infeas = 6)
[2874 sec, 3843825 itr]: No feasible solution found (infeas = 6)
[2875 sec, 3845064 itr]: No feasible solution found (infeas = 6)
[2876 sec, 3846291 itr]: No feasible solution found (infeas = 6)
[2877 sec, 3847478 itr]: No feasible solution found (infeas = 6)
[2878 sec, 3848608 itr]: No feasible solution found (infeas = 6)
[2879 sec, 3849774 itr]: No feasible solution found (infeas = 6)
[2880 sec, 3852172 itr]: No feasible solution found (infeas = 6)
[2881 sec, 3852172 itr]: No feasible solution found (infeas = 6)
[2882 sec, 3853353 itr]: No feasible solution found (infeas = 6)
[2883 sec, 3854646 itr]: No feasible solution found (infeas = 6)
[2884 sec, 3855948 itr]: No feasible solution found (infeas = 6)
[2885 sec, 3857162 itr]: No feasible solution found (infeas = 6)
[2886 sec, 3858336 itr]: No feasible solution found (infeas = 6)
[2887 sec, 3859565 itr]: No feasible solution found (infeas = 6)
[2888 sec, 3860766 itr]: No feasible solution found (infeas = 6)
[2889 sec, 3861906 itr]: No feasible solution found (infeas = 6)
[2890 sec, 3864343 itr]: No feasible solution found (infeas = 6)
[2891 sec, 3864343 itr]: No feasible solution found (infeas = 6)
[2892 sec, 3865503 itr]: No feasible solution found (infeas = 6)
[2893 sec, 3866760 itr]: No feasible solution found (infeas = 6)
[2894 sec, 3868005 itr]: No feasible solution found (infeas = 6)
[2895 sec, 3870401 itr]: No feasible solution found (infeas = 6)
[2896 sec, 3870401 itr]: No feasible solution found (infeas = 6)
[2897 sec, 3871617 itr]: No feasible solution found (infeas = 6)
[2898 sec, 3872811 itr]: No feasible solution found (infeas = 6)
[2899 sec, 3874007 itr]: No feasible solution found (infeas = 6)
[2900 sec, 3875164 itr]: No feasible solution found (infeas = 6)
[2901 sec, 3876262 itr]: No feasible solution found (infeas = 6)
[2902 sec, 3877518 itr]: No feasible solution found (infeas = 6)
[2903 sec, 3879836 itr]: No feasible solution found (infeas = 6)
[2904 sec, 3880981 itr]: No feasible solution found (infeas = 6)
[2905 sec, 3880981 itr]: No feasible solution found (infeas = 6)
[2906 sec, 3883422 itr]: No feasible solution found (infeas = 6)
[2907 sec, 3884643 itr]: No feasible solution found (infeas = 6)
[2908 sec, 3885772 itr]: No feasible solution found (infeas = 6)
[2909 sec, 3885772 itr]: No feasible solution found (infeas = 6)
[2910 sec, 3886948 itr]: No feasible solution found (infeas = 6)
[2911 sec, 3889232 itr]: No feasible solution found (infeas = 6)
[2912 sec, 3890464 itr]: No feasible solution found (infeas = 6)
[2913 sec, 3890464 itr]: No feasible solution found (infeas = 6)
[2914 sec, 3892748 itr]: No feasible solution found (infeas = 6)
[2915 sec, 3892748 itr]: No feasible solution found (infeas = 6)
[2916 sec, 3893910 itr]: No feasible solution found (infeas = 6)
[2917 sec, 3896287 itr]: No feasible solution found (infeas = 6)
[2918 sec, 3896287 itr]: No feasible solution found (infeas = 6)
[2919 sec, 3897430 itr]: No feasible solution found (infeas = 6)
[2920 sec, 3899755 itr]: No feasible solution found (infeas = 6)
[2921 sec, 3899755 itr]: No feasible solution found (infeas = 6)
[2922 sec, 3900936 itr]: No feasible solution found (infeas = 6)
[2923 sec, 3902104 itr]: No feasible solution found (infeas = 6)
[2924 sec, 3903331 itr]: No feasible solution found (infeas = 6)
[2925 sec, 3904488 itr]: No feasible solution found (infeas = 6)
[2926 sec, 3905676 itr]: No feasible solution found (infeas = 6)
[2927 sec, 3906867 itr]: No feasible solution found (infeas = 6)
[2928 sec, 3908037 itr]: No feasible solution found (infeas = 6)
[2929 sec, 3909291 itr]: No feasible solution found (infeas = 6)
[2930 sec, 3910468 itr]: No feasible solution found (infeas = 6)
[2931 sec, 3911687 itr]: No feasible solution found (infeas = 6)
[2932 sec, 3912822 itr]: No feasible solution found (infeas = 6)
[2933 sec, 3913939 itr]: No feasible solution found (infeas = 6)
[2934 sec, 3915079 itr]: No feasible solution found (infeas = 6)
[2935 sec, 3916194 itr]: No feasible solution found (infeas = 6)
[2936 sec, 3917326 itr]: No feasible solution found (infeas = 6)
[2937 sec, 3918447 itr]: No feasible solution found (infeas = 6)
[2938 sec, 3919623 itr]: No feasible solution found (infeas = 6)
[2939 sec, 3920854 itr]: No feasible solution found (infeas = 6)
[2940 sec, 3922095 itr]: No feasible solution found (infeas = 6)
[2941 sec, 3923218 itr]: No feasible solution found (infeas = 6)
[2942 sec, 3924427 itr]: No feasible solution found (infeas = 6)
[2943 sec, 3925523 itr]: No feasible solution found (infeas = 6)
[2944 sec, 3926709 itr]: No feasible solution found (infeas = 6)
[2945 sec, 3927875 itr]: No feasible solution found (infeas = 6)
[2946 sec, 3929092 itr]: No feasible solution found (infeas = 6)
[2947 sec, 3930165 itr]: No feasible solution found (infeas = 6)
[2948 sec, 3931354 itr]: No feasible solution found (infeas = 6)
[2949 sec, 3932513 itr]: No feasible solution found (infeas = 6)
[2950 sec, 3933631 itr]: No feasible solution found (infeas = 6)
[2951 sec, 3934812 itr]: No feasible solution found (infeas = 6)
[2952 sec, 3936003 itr]: No feasible solution found (infeas = 6)
[2953 sec, 3938347 itr]: No feasible solution found (infeas = 6)
[2954 sec, 3938347 itr]: No feasible solution found (infeas = 6)
[2955 sec, 3939548 itr]: No feasible solution found (infeas = 6)
[2956 sec, 3940731 itr]: No feasible solution found (infeas = 6)
[2957 sec, 3942990 itr]: No feasible solution found (infeas = 6)
[2958 sec, 3942990 itr]: No feasible solution found (infeas = 6)
[2959 sec, 3945337 itr]: No feasible solution found (infeas = 6)
[2960 sec, 3946415 itr]: No feasible solution found (infeas = 6)
[2961 sec, 3946415 itr]: No feasible solution found (infeas = 6)
[2962 sec, 3947449 itr]: No feasible solution found (infeas = 6)
[2963 sec, 3948432 itr]: No feasible solution found (infeas = 6)
[2964 sec, 3949483 itr]: No feasible solution found (infeas = 6)
[2965 sec, 3950482 itr]: No feasible solution found (infeas = 6)
[2966 sec, 3951461 itr]: No feasible solution found (infeas = 6)
[2967 sec, 3952556 itr]: No feasible solution found (infeas = 6)
[2968 sec, 3953590 itr]: No feasible solution found (infeas = 6)
[2969 sec, 3954610 itr]: No feasible solution found (infeas = 6)
[2970 sec, 3955701 itr]: No feasible solution found (infeas = 6)
[2971 sec, 3956762 itr]: No feasible solution found (infeas = 6)
[2972 sec, 3957826 itr]: No feasible solution found (infeas = 6)
[2973 sec, 3958850 itr]: No feasible solution found (infeas = 6)
[2974 sec, 3959858 itr]: No feasible solution found (infeas = 6)
[2975 sec, 3960854 itr]: No feasible solution found (infeas = 6)
[2976 sec, 3963052 itr]: No feasible solution found (infeas = 6)
[2977 sec, 3964166 itr]: No feasible solution found (infeas = 6)
[2978 sec, 3964166 itr]: No feasible solution found (infeas = 6)
[2979 sec, 3966361 itr]: No feasible solution found (infeas = 6)
[2980 sec, 3967374 itr]: No feasible solution found (infeas = 6)
[2981 sec, 3968439 itr]: No feasible solution found (infeas = 6)
[2982 sec, 3969466 itr]: No feasible solution found (infeas = 6)
[2983 sec, 3969466 itr]: No feasible solution found (infeas = 6)
[2984 sec, 3970524 itr]: No feasible solution found (infeas = 6)
[2985 sec, 3972681 itr]: No feasible solution found (infeas = 6)
[2986 sec, 3973827 itr]: No feasible solution found (infeas = 6)
[2987 sec, 3974895 itr]: No feasible solution found (infeas = 6)
[2988 sec, 3975901 itr]: No feasible solution found (infeas = 6)
[2989 sec, 3976963 itr]: No feasible solution found (infeas = 6)
[2990 sec, 3976963 itr]: No feasible solution found (infeas = 6)
[2991 sec, 3978029 itr]: No feasible solution found (infeas = 6)
[2992 sec, 3980187 itr]: No feasible solution found (infeas = 6)
[2993 sec, 3980187 itr]: No feasible solution found (infeas = 6)
[2994 sec, 3982335 itr]: No feasible solution found (infeas = 6)
[2995 sec, 3982335 itr]: No feasible solution found (infeas = 6)
[2996 sec, 3984533 itr]: No feasible solution found (infeas = 6)
[2997 sec, 3984533 itr]: No feasible solution found (infeas = 6)
[2998 sec, 3985570 itr]: No feasible solution found (infeas = 6)
[2999 sec, 3986626 itr]: No feasible solution found (infeas = 6)
[3000 sec, 3987632 itr]: No feasible solution found (infeas = 6)
[3001 sec, 3988735 itr]: No feasible solution found (infeas = 6)
[3002 sec, 3989783 itr]: No feasible solution found (infeas = 6)
[3003 sec, 3991816 itr]: No feasible solution found (infeas = 6)
[3004 sec, 3992800 itr]: No feasible solution found (infeas = 6)
[3005 sec, 3992800 itr]: No feasible solution found (infeas = 6)
[3006 sec, 3993811 itr]: No feasible solution found (infeas = 6)
[3007 sec, 3994823 itr]: No feasible solution found (infeas = 6)
[3008 sec, 3996975 itr]: No feasible solution found (infeas = 6)
[3009 sec, 3997992 itr]: No feasible solution found (infeas = 6)
[3010 sec, 3999024 itr]: No feasible solution found (infeas = 6)
[3011 sec, 4000029 itr]: No feasible solution found (infeas = 6)
[3012 sec, 4001104 itr]: No feasible solution found (infeas = 6)
[3013 sec, 4001104 itr]: No feasible solution found (infeas = 6)
[3014 sec, 4002142 itr]: No feasible solution found (infeas = 6)
[3015 sec, 4003211 itr]: No feasible solution found (infeas = 6)
[3016 sec, 4004309 itr]: No feasible solution found (infeas = 6)
[3017 sec, 4005362 itr]: No feasible solution found (infeas = 6)
[3018 sec, 4006392 itr]: No feasible solution found (infeas = 6)
[3019 sec, 4007472 itr]: No feasible solution found (infeas = 6)
[3020 sec, 4008510 itr]: No feasible solution found (infeas = 6)
[3021 sec, 4009560 itr]: No feasible solution found (infeas = 6)
[3022 sec, 4011763 itr]: No feasible solution found (infeas = 6)
[3023 sec, 4011763 itr]: No feasible solution found (infeas = 6)
[3024 sec, 4012885 itr]: No feasible solution found (infeas = 6)
[3025 sec, 4013944 itr]: No feasible solution found (infeas = 6)
[3026 sec, 4014948 itr]: No feasible solution found (infeas = 6)
[3027 sec, 4017098 itr]: No feasible solution found (infeas = 6)
[3028 sec, 4018121 itr]: No feasible solution found (infeas = 6)
[3029 sec, 4019128 itr]: No feasible solution found (infeas = 6)
[3030 sec, 4019128 itr]: No feasible solution found (infeas = 6)
[3031 sec, 4020201 itr]: No feasible solution found (infeas = 6)
[3032 sec, 4021232 itr]: No feasible solution found (infeas = 6)
[3033 sec, 4022314 itr]: No feasible solution found (infeas = 6)
[3034 sec, 4024444 itr]: No feasible solution found (infeas = 6)
[3035 sec, 4024444 itr]: No feasible solution found (infeas = 6)
[3036 sec, 4026545 itr]: No feasible solution found (infeas = 6)
[3037 sec, 4026545 itr]: No feasible solution found (infeas = 6)
[3038 sec, 4027554 itr]: No feasible solution found (infeas = 6)
[3039 sec, 4029722 itr]: No feasible solution found (infeas = 6)
[3040 sec, 4030744 itr]: No feasible solution found (infeas = 6)
[3041 sec, 4031833 itr]: No feasible solution found (infeas = 6)
[3042 sec, 4031833 itr]: No feasible solution found (infeas = 6)
[3043 sec, 4032962 itr]: No feasible solution found (infeas = 6)
[3044 sec, 4034120 itr]: No feasible solution found (infeas = 6)
[3045 sec, 4035219 itr]: No feasible solution found (infeas = 6)
[3046 sec, 4036308 itr]: No feasible solution found (infeas = 6)
[3047 sec, 4037325 itr]: No feasible solution found (infeas = 6)
[3048 sec, 4038390 itr]: No feasible solution found (infeas = 6)
[3049 sec, 4040524 itr]: No feasible solution found (infeas = 6)
[3050 sec, 4040524 itr]: No feasible solution found (infeas = 6)
[3051 sec, 4042700 itr]: No feasible solution found (infeas = 6)
[3052 sec, 4043762 itr]: No feasible solution found (infeas = 6)
[3053 sec, 4043762 itr]: No feasible solution found (infeas = 6)
[3054 sec, 4044889 itr]: No feasible solution found (infeas = 6)
[3055 sec, 4045978 itr]: No feasible solution found (infeas = 6)
[3056 sec, 4047999 itr]: No feasible solution found (infeas = 6)
[3057 sec, 4047999 itr]: No feasible solution found (infeas = 6)
[3058 sec, 4050149 itr]: No feasible solution found (infeas = 6)
[3059 sec, 4050149 itr]: No feasible solution found (infeas = 6)
[3060 sec, 4051229 itr]: No feasible solution found (infeas = 6)
[3061 sec, 4052254 itr]: No feasible solution found (infeas = 6)
[3062 sec, 4053270 itr]: No feasible solution found (infeas = 6)
[3063 sec, 4055441 itr]: No feasible solution found (infeas = 6)
[3064 sec, 4055441 itr]: No feasible solution found (infeas = 6)
[3065 sec, 4057536 itr]: No feasible solution found (infeas = 6)
[3066 sec, 4057536 itr]: No feasible solution found (infeas = 6)
[3067 sec, 4059633 itr]: No feasible solution found (infeas = 6)
[3068 sec, 4059633 itr]: No feasible solution found (infeas = 6)
[3069 sec, 4060658 itr]: No feasible solution found (infeas = 6)
[3070 sec, 4061695 itr]: No feasible solution found (infeas = 6)
[3071 sec, 4063807 itr]: No feasible solution found (infeas = 6)
[3072 sec, 4063807 itr]: No feasible solution found (infeas = 6)
[3073 sec, 4065865 itr]: No feasible solution found (infeas = 6)
[3074 sec, 4065865 itr]: No feasible solution found (infeas = 6)
[3075 sec, 4066851 itr]: No feasible solution found (infeas = 6)
[3076 sec, 4068905 itr]: No feasible solution found (infeas = 6)
[3077 sec, 4068905 itr]: No feasible solution found (infeas = 6)
[3078 sec, 4069997 itr]: No feasible solution found (infeas = 6)
[3079 sec, 4071095 itr]: No feasible solution found (infeas = 6)
[3080 sec, 4073202 itr]: No feasible solution found (infeas = 6)
[3081 sec, 4073202 itr]: No feasible solution found (infeas = 6)
[3082 sec, 4075332 itr]: No feasible solution found (infeas = 6)
[3083 sec, 4075332 itr]: No feasible solution found (infeas = 6)
[3084 sec, 4076374 itr]: No feasible solution found (infeas = 6)
[3085 sec, 4078531 itr]: No feasible solution found (infeas = 6)
[3086 sec, 4079592 itr]: No feasible solution found (infeas = 6)
[3087 sec, 4079592 itr]: No feasible solution found (infeas = 6)
[3088 sec, 4080630 itr]: No feasible solution found (infeas = 6)
[3089 sec, 4081689 itr]: No feasible solution found (infeas = 6)
[3090 sec, 4082714 itr]: No feasible solution found (infeas = 6)
[3091 sec, 4084752 itr]: No feasible solution found (infeas = 6)
[3092 sec, 4084752 itr]: No feasible solution found (infeas = 6)
[3093 sec, 4085782 itr]: No feasible solution found (infeas = 6)
[3094 sec, 4087919 itr]: No feasible solution found (infeas = 6)
[3095 sec, 4089023 itr]: No feasible solution found (infeas = 6)
[3096 sec, 4089023 itr]: No feasible solution found (infeas = 6)
[3097 sec, 4091092 itr]: No feasible solution found (infeas = 6)
[3098 sec, 4091092 itr]: No feasible solution found (infeas = 6)
[3099 sec, 4093296 itr]: No feasible solution found (infeas = 6)
[3100 sec, 4093296 itr]: No feasible solution found (infeas = 6)
[3101 sec, 4094382 itr]: No feasible solution found (infeas = 6)
[3102 sec, 4095408 itr]: No feasible solution found (infeas = 6)
[3103 sec, 4096456 itr]: No feasible solution found (infeas = 6)
[3104 sec, 4098500 itr]: No feasible solution found (infeas = 6)
[3105 sec, 4099480 itr]: No feasible solution found (infeas = 6)
[3106 sec, 4100486 itr]: No feasible solution found (infeas = 6)
[3107 sec, 4101497 itr]: No feasible solution found (infeas = 6)
[3108 sec, 4101497 itr]: No feasible solution found (infeas = 6)
[3109 sec, 4102559 itr]: No feasible solution found (infeas = 6)
[3110 sec, 4103556 itr]: No feasible solution found (infeas = 6)
[3111 sec, 4105648 itr]: No feasible solution found (infeas = 6)
[3112 sec, 4106644 itr]: No feasible solution found (infeas = 6)
[3113 sec, 4106644 itr]: No feasible solution found (infeas = 6)
[3114 sec, 4108734 itr]: No feasible solution found (infeas = 6)
[3115 sec, 4109790 itr]: No feasible solution found (infeas = 6)
[3116 sec, 4110829 itr]: No feasible solution found (infeas = 6)
[3117 sec, 4110829 itr]: No feasible solution found (infeas = 6)
[3118 sec, 4112950 itr]: No feasible solution found (infeas = 6)
[3119 sec, 4112950 itr]: No feasible solution found (infeas = 6)
[3120 sec, 4114972 itr]: No feasible solution found (infeas = 6)
[3121 sec, 4116081 itr]: No feasible solution found (infeas = 6)
[3122 sec, 4117124 itr]: No feasible solution found (infeas = 6)
[3123 sec, 4118137 itr]: No feasible solution found (infeas = 6)
[3124 sec, 4119208 itr]: No feasible solution found (infeas = 6)
[3125 sec, 4119208 itr]: No feasible solution found (infeas = 6)
[3126 sec, 4121304 itr]: No feasible solution found (infeas = 6)
[3127 sec, 4121304 itr]: No feasible solution found (infeas = 6)
[3128 sec, 4122363 itr]: No feasible solution found (infeas = 6)
[3129 sec, 4124433 itr]: No feasible solution found (infeas = 6)
[3130 sec, 4124433 itr]: No feasible solution found (infeas = 6)
[3131 sec, 4125489 itr]: No feasible solution found (infeas = 6)
[3132 sec, 4127667 itr]: No feasible solution found (infeas = 6)
[3133 sec, 4128713 itr]: No feasible solution found (infeas = 6)
[3134 sec, 4128713 itr]: No feasible solution found (infeas = 6)
[3135 sec, 4130755 itr]: No feasible solution found (infeas = 6)
[3136 sec, 4131744 itr]: No feasible solution found (infeas = 6)
[3137 sec, 4132832 itr]: No feasible solution found (infeas = 6)
[3138 sec, 4132832 itr]: No feasible solution found (infeas = 6)
[3139 sec, 4135022 itr]: No feasible solution found (infeas = 6)
[3140 sec, 4135022 itr]: No feasible solution found (infeas = 6)
[3141 sec, 4136106 itr]: No feasible solution found (infeas = 6)
[3142 sec, 4138168 itr]: No feasible solution found (infeas = 6)
[3143 sec, 4139213 itr]: No feasible solution found (infeas = 6)
[3144 sec, 4140277 itr]: No feasible solution found (infeas = 6)
[3145 sec, 4141312 itr]: No feasible solution found (infeas = 6)
[3146 sec, 4141312 itr]: No feasible solution found (infeas = 6)
[3147 sec, 4143423 itr]: No feasible solution found (infeas = 6)
[3148 sec, 4144486 itr]: No feasible solution found (infeas = 6)
[3149 sec, 4144486 itr]: No feasible solution found (infeas = 6)
[3150 sec, 4146663 itr]: No feasible solution found (infeas = 6)
[3151 sec, 4146663 itr]: No feasible solution found (infeas = 6)
[3152 sec, 4148831 itr]: No feasible solution found (infeas = 6)
[3153 sec, 4148831 itr]: No feasible solution found (infeas = 6)
[3154 sec, 4150932 itr]: No feasible solution found (infeas = 6)
[3155 sec, 4151982 itr]: No feasible solution found (infeas = 6)
[3156 sec, 4153040 itr]: No feasible solution found (infeas = 6)
[3157 sec, 4154115 itr]: No feasible solution found (infeas = 6)
[3158 sec, 4154115 itr]: No feasible solution found (infeas = 6)
[3159 sec, 4156302 itr]: No feasible solution found (infeas = 6)
[3160 sec, 4157415 itr]: No feasible solution found (infeas = 6)
[3161 sec, 4158590 itr]: No feasible solution found (infeas = 6)
[3162 sec, 4159686 itr]: No feasible solution found (infeas = 6)
[3163 sec, 4159686 itr]: No feasible solution found (infeas = 6)
[3164 sec, 4161850 itr]: No feasible solution found (infeas = 6)
[3165 sec, 4161850 itr]: No feasible solution found (infeas = 6)
[3166 sec, 4162925 itr]: No feasible solution found (infeas = 6)
[3167 sec, 4163979 itr]: No feasible solution found (infeas = 6)
[3168 sec, 4166220 itr]: No feasible solution found (infeas = 6)
[3169 sec, 4167315 itr]: No feasible solution found (infeas = 6)
[3170 sec, 4168381 itr]: No feasible solution found (infeas = 6)
[3171 sec, 4169521 itr]: No feasible solution found (infeas = 6)
[3172 sec, 4170582 itr]: No feasible solution found (infeas = 6)
[3173 sec, 4171701 itr]: No feasible solution found (infeas = 6)
[3174 sec, 4172739 itr]: No feasible solution found (infeas = 6)
[3175 sec, 4173881 itr]: No feasible solution found (infeas = 6)
[3176 sec, 4174938 itr]: No feasible solution found (infeas = 6)
[3177 sec, 4176102 itr]: No feasible solution found (infeas = 6)
[3178 sec, 4176102 itr]: No feasible solution found (infeas = 6)
[3179 sec, 4178252 itr]: No feasible solution found (infeas = 6)
[3180 sec, 4179323 itr]: No feasible solution found (infeas = 6)
[3181 sec, 4180385 itr]: No feasible solution found (infeas = 6)
[3182 sec, 4181481 itr]: No feasible solution found (infeas = 6)
[3183 sec, 4182562 itr]: No feasible solution found (infeas = 6)
[3184 sec, 4183653 itr]: No feasible solution found (infeas = 6)
[3185 sec, 4184701 itr]: No feasible solution found (infeas = 6)
[3186 sec, 4185790 itr]: No feasible solution found (infeas = 6)
[3187 sec, 4186830 itr]: No feasible solution found (infeas = 6)
[3188 sec, 4187936 itr]: No feasible solution found (infeas = 6)
[3189 sec, 4189028 itr]: No feasible solution found (infeas = 6)
[3190 sec, 4190135 itr]: No feasible solution found (infeas = 6)
[3191 sec, 4191227 itr]: No feasible solution found (infeas = 6)
[3192 sec, 4192312 itr]: No feasible solution found (infeas = 6)
[3193 sec, 4192312 itr]: No feasible solution found (infeas = 6)
[3194 sec, 4194507 itr]: No feasible solution found (infeas = 6)
[3195 sec, 4195650 itr]: No feasible solution found (infeas = 6)
[3196 sec, 4196739 itr]: No feasible solution found (infeas = 6)
[3197 sec, 4197832 itr]: No feasible solution found (infeas = 6)
[3198 sec, 4198922 itr]: No feasible solution found (infeas = 6)
[3199 sec, 4200021 itr]: No feasible solution found (infeas = 6)
[3200 sec, 4201093 itr]: No feasible solution found (infeas = 6)
[3201 sec, 4202112 itr]: No feasible solution found (infeas = 6)
[3202 sec, 4203187 itr]: No feasible solution found (infeas = 6)
[3203 sec, 4204261 itr]: No feasible solution found (infeas = 6)
[3204 sec, 4205311 itr]: No feasible solution found (infeas = 6)
[3205 sec, 4206468 itr]: No feasible solution found (infeas = 6)
[3206 sec, 4207586 itr]: No feasible solution found (infeas = 6)
[3207 sec, 4208760 itr]: No feasible solution found (infeas = 6)
[3208 sec, 4209892 itr]: No feasible solution found (infeas = 6)
[3209 sec, 4211015 itr]: No feasible solution found (infeas = 6)
[3210 sec, 4212114 itr]: No feasible solution found (infeas = 6)
[3211 sec, 4213208 itr]: No feasible solution found (infeas = 6)
[3212 sec, 4214374 itr]: No feasible solution found (infeas = 6)
[3213 sec, 4215525 itr]: No feasible solution found (infeas = 6)
[3214 sec, 4216700 itr]: No feasible solution found (infeas = 6)
[3215 sec, 4217850 itr]: No feasible solution found (infeas = 6)
[3216 sec, 4218916 itr]: No feasible solution found (infeas = 6)
[3217 sec, 4220022 itr]: No feasible solution found (infeas = 6)
[3218 sec, 4221149 itr]: No feasible solution found (infeas = 6)
[3219 sec, 4222267 itr]: No feasible solution found (infeas = 6)
[3220 sec, 4223377 itr]: No feasible solution found (infeas = 6)
[3221 sec, 4224468 itr]: No feasible solution found (infeas = 6)
[3222 sec, 4225572 itr]: No feasible solution found (infeas = 6)
[3223 sec, 4226698 itr]: No feasible solution found (infeas = 6)
[3224 sec, 4226698 itr]: No feasible solution found (infeas = 6)
[3225 sec, 4228926 itr]: No feasible solution found (infeas = 6)
[3226 sec, 4230046 itr]: No feasible solution found (infeas = 6)
[3227 sec, 4231129 itr]: No feasible solution found (infeas = 6)
[3228 sec, 4232284 itr]: No feasible solution found (infeas = 6)
[3229 sec, 4233384 itr]: No feasible solution found (infeas = 6)
[3230 sec, 4234529 itr]: No feasible solution found (infeas = 6)
[3231 sec, 4235562 itr]: No feasible solution found (infeas = 6)
[3232 sec, 4236667 itr]: No feasible solution found (infeas = 6)
[3233 sec, 4237790 itr]: No feasible solution found (infeas = 6)
[3234 sec, 4238895 itr]: No feasible solution found (infeas = 6)
[3235 sec, 4240047 itr]: No feasible solution found (infeas = 6)
[3236 sec, 4241146 itr]: No feasible solution found (infeas = 6)
[3237 sec, 4242299 itr]: No feasible solution found (infeas = 6)
[3238 sec, 4243420 itr]: No feasible solution found (infeas = 6)
[3239 sec, 4244521 itr]: No feasible solution found (infeas = 6)
[3240 sec, 4245611 itr]: No feasible solution found (infeas = 6)
[3241 sec, 4246778 itr]: No feasible solution found (infeas = 6)
[3242 sec, 4247854 itr]: No feasible solution found (infeas = 6)
[3243 sec, 4248988 itr]: No feasible solution found (infeas = 6)
[3244 sec, 4250146 itr]: No feasible solution found (infeas = 6)
[3245 sec, 4251277 itr]: No feasible solution found (infeas = 6)
[3246 sec, 4252401 itr]: No feasible solution found (infeas = 6)
[3247 sec, 4253537 itr]: No feasible solution found (infeas = 6)
[3248 sec, 4254613 itr]: No feasible solution found (infeas = 6)
[3249 sec, 4255719 itr]: No feasible solution found (infeas = 6)
[3250 sec, 4256824 itr]: No feasible solution found (infeas = 6)
[3251 sec, 4257887 itr]: No feasible solution found (infeas = 6)
[3252 sec, 4258979 itr]: No feasible solution found (infeas = 6)
[3253 sec, 4260058 itr]: No feasible solution found (infeas = 6)
[3254 sec, 4261107 itr]: No feasible solution found (infeas = 6)
[3255 sec, 4262244 itr]: No feasible solution found (infeas = 6)
[3256 sec, 4263378 itr]: No feasible solution found (infeas = 6)
[3257 sec, 4264502 itr]: No feasible solution found (infeas = 6)
[3258 sec, 4265574 itr]: No feasible solution found (infeas = 6)
[3259 sec, 4266670 itr]: No feasible solution found (infeas = 6)
[3260 sec, 4267756 itr]: No feasible solution found (infeas = 6)
[3261 sec, 4268862 itr]: No feasible solution found (infeas = 6)
[3262 sec, 4269924 itr]: No feasible solution found (infeas = 6)
[3263 sec, 4271024 itr]: No feasible solution found (infeas = 6)
[3264 sec, 4272104 itr]: No feasible solution found (infeas = 6)
[3265 sec, 4273288 itr]: No feasible solution found (infeas = 6)
[3266 sec, 4274438 itr]: No feasible solution found (infeas = 6)
[3267 sec, 4275658 itr]: No feasible solution found (infeas = 6)
[3268 sec, 4276854 itr]: No feasible solution found (infeas = 6)
[3269 sec, 4277964 itr]: No feasible solution found (infeas = 6)
[3270 sec, 4279080 itr]: No feasible solution found (infeas = 6)
[3271 sec, 4280252 itr]: No feasible solution found (infeas = 6)
[3272 sec, 4281362 itr]: No feasible solution found (infeas = 6)
[3273 sec, 4282450 itr]: No feasible solution found (infeas = 6)
[3274 sec, 4283641 itr]: No feasible solution found (infeas = 6)
[3275 sec, 4284808 itr]: No feasible solution found (infeas = 6)
[3276 sec, 4285960 itr]: No feasible solution found (infeas = 6)
[3277 sec, 4287181 itr]: No feasible solution found (infeas = 6)
[3278 sec, 4287181 itr]: No feasible solution found (infeas = 6)
[3279 sec, 4289436 itr]: No feasible solution found (infeas = 6)
[3280 sec, 4290592 itr]: No feasible solution found (infeas = 6)
[3281 sec, 4291795 itr]: No feasible solution found (infeas = 6)
[3282 sec, 4292999 itr]: No feasible solution found (infeas = 6)
[3283 sec, 4294150 itr]: No feasible solution found (infeas = 6)
[3284 sec, 4295305 itr]: No feasible solution found (infeas = 6)
[3285 sec, 4296440 itr]: No feasible solution found (infeas = 6)
[3286 sec, 4297598 itr]: No feasible solution found (infeas = 6)
[3287 sec, 4298795 itr]: No feasible solution found (infeas = 6)
[3288 sec, 4299937 itr]: No feasible solution found (infeas = 6)
[3289 sec, 4301106 itr]: No feasible solution found (infeas = 6)
[3290 sec, 4302198 itr]: No feasible solution found (infeas = 6)
[3291 sec, 4303418 itr]: No feasible solution found (infeas = 6)
[3292 sec, 4304643 itr]: No feasible solution found (infeas = 6)
[3293 sec, 4305765 itr]: No feasible solution found (infeas = 6)
[3294 sec, 4306895 itr]: No feasible solution found (infeas = 6)
[3295 sec, 4308024 itr]: No feasible solution found (infeas = 6)
[3296 sec, 4309145 itr]: No feasible solution found (infeas = 6)
[3297 sec, 4310403 itr]: No feasible solution found (infeas = 6)
[3298 sec, 4311609 itr]: No feasible solution found (infeas = 6)
[3299 sec, 4312754 itr]: No feasible solution found (infeas = 6)
[3300 sec, 4313921 itr]: No feasible solution found (infeas = 6)
[3301 sec, 4315067 itr]: No feasible solution found (infeas = 6)
[3302 sec, 4316277 itr]: No feasible solution found (infeas = 6)
[3303 sec, 4317493 itr]: No feasible solution found (infeas = 6)
[3304 sec, 4318717 itr]: No feasible solution found (infeas = 6)
[3305 sec, 4319902 itr]: No feasible solution found (infeas = 6)
[3306 sec, 4321059 itr]: No feasible solution found (infeas = 6)
[3307 sec, 4322296 itr]: No feasible solution found (infeas = 6)
[3308 sec, 4323471 itr]: No feasible solution found (infeas = 6)
[3309 sec, 4324619 itr]: No feasible solution found (infeas = 6)
[3310 sec, 4325824 itr]: No feasible solution found (infeas = 6)
[3311 sec, 4326987 itr]: No feasible solution found (infeas = 6)
[3312 sec, 4328148 itr]: No feasible solution found (infeas = 6)
[3313 sec, 4329288 itr]: No feasible solution found (infeas = 6)
[3314 sec, 4330464 itr]: No feasible solution found (infeas = 6)
[3315 sec, 4330464 itr]: No feasible solution found (infeas = 6)
[3316 sec, 4332788 itr]: No feasible solution found (infeas = 6)
[3317 sec, 4333951 itr]: No feasible solution found (infeas = 6)
[3318 sec, 4335045 itr]: No feasible solution found (infeas = 6)
[3319 sec, 4336258 itr]: No feasible solution found (infeas = 6)
[3320 sec, 4337505 itr]: No feasible solution found (infeas = 6)
[3321 sec, 4338681 itr]: No feasible solution found (infeas = 6)
[3322 sec, 4339863 itr]: No feasible solution found (infeas = 6)
[3323 sec, 4341020 itr]: No feasible solution found (infeas = 6)
[3324 sec, 4342163 itr]: No feasible solution found (infeas = 6)
[3325 sec, 4343284 itr]: No feasible solution found (infeas = 6)
[3326 sec, 4344437 itr]: No feasible solution found (infeas = 6)
[3327 sec, 4345565 itr]: No feasible solution found (infeas = 6)
[3328 sec, 4346614 itr]: No feasible solution found (infeas = 6)
[3329 sec, 4347754 itr]: No feasible solution found (infeas = 6)
[3330 sec, 4348887 itr]: No feasible solution found (infeas = 6)
[3331 sec, 4350022 itr]: No feasible solution found (infeas = 6)
[3332 sec, 4351067 itr]: No feasible solution found (infeas = 6)
[3333 sec, 4352157 itr]: No feasible solution found (infeas = 6)
[3334 sec, 4353317 itr]: No feasible solution found (infeas = 6)
[3335 sec, 4354449 itr]: No feasible solution found (infeas = 6)
[3336 sec, 4355656 itr]: No feasible solution found (infeas = 6)
[3337 sec, 4356907 itr]: No feasible solution found (infeas = 6)
[3338 sec, 4358130 itr]: No feasible solution found (infeas = 6)
[3339 sec, 4359282 itr]: No feasible solution found (infeas = 6)
[3340 sec, 4360412 itr]: No feasible solution found (infeas = 6)
[3341 sec, 4361540 itr]: No feasible solution found (infeas = 6)
[3342 sec, 4362710 itr]: No feasible solution found (infeas = 6)
[3343 sec, 4363870 itr]: No feasible solution found (infeas = 6)
[3344 sec, 4365020 itr]: No feasible solution found (infeas = 6)
[3345 sec, 4365020 itr]: No feasible solution found (infeas = 6)
[3346 sec, 4367248 itr]: No feasible solution found (infeas = 6)
[3347 sec, 4368321 itr]: No feasible solution found (infeas = 6)
[3348 sec, 4369435 itr]: No feasible solution found (infeas = 6)
[3349 sec, 4370551 itr]: No feasible solution found (infeas = 6)
[3350 sec, 4371675 itr]: No feasible solution found (infeas = 6)
[3351 sec, 4372861 itr]: No feasible solution found (infeas = 6)
[3352 sec, 4374010 itr]: No feasible solution found (infeas = 6)
[3353 sec, 4375076 itr]: No feasible solution found (infeas = 6)
[3354 sec, 4376168 itr]: No feasible solution found (infeas = 6)
[3355 sec, 4377318 itr]: No feasible solution found (infeas = 6)
[3356 sec, 4378469 itr]: No feasible solution found (infeas = 6)
[3357 sec, 4379614 itr]: No feasible solution found (infeas = 6)
[3358 sec, 4380804 itr]: No feasible solution found (infeas = 6)
[3359 sec, 4381944 itr]: No feasible solution found (infeas = 6)
[3360 sec, 4383046 itr]: No feasible solution found (infeas = 6)
[3361 sec, 4384173 itr]: No feasible solution found (infeas = 6)
[3362 sec, 4385214 itr]: No feasible solution found (infeas = 6)
[3363 sec, 4386256 itr]: No feasible solution found (infeas = 6)
[3364 sec, 4387370 itr]: No feasible solution found (infeas = 6)
[3365 sec, 4388527 itr]: No feasible solution found (infeas = 6)
[3366 sec, 4389578 itr]: No feasible solution found (infeas = 6)
[3367 sec, 4390635 itr]: No feasible solution found (infeas = 6)
[3368 sec, 4391731 itr]: No feasible solution found (infeas = 6)
[3369 sec, 4392809 itr]: No feasible solution found (infeas = 6)
[3370 sec, 4393983 itr]: No feasible solution found (infeas = 6)
[3371 sec, 4395146 itr]: No feasible solution found (infeas = 6)
[3372 sec, 4396232 itr]: No feasible solution found (infeas = 6)
[3373 sec, 4397330 itr]: No feasible solution found (infeas = 6)
[3374 sec, 4398438 itr]: No feasible solution found (infeas = 6)
[3375 sec, 4399547 itr]: No feasible solution found (infeas = 6)
[3376 sec, 4400704 itr]: No feasible solution found (infeas = 6)
[3377 sec, 4401780 itr]: No feasible solution found (infeas = 6)
[3378 sec, 4402827 itr]: No feasible solution found (infeas = 6)
[3379 sec, 4403916 itr]: No feasible solution found (infeas = 6)
[3380 sec, 4405057 itr]: No feasible solution found (infeas = 6)
[3381 sec, 4405057 itr]: No feasible solution found (infeas = 6)
[3382 sec, 4407264 itr]: No feasible solution found (infeas = 6)
[3383 sec, 4407264 itr]: No feasible solution found (infeas = 6)
[3384 sec, 4409507 itr]: No feasible solution found (infeas = 6)
[3385 sec, 4410585 itr]: No feasible solution found (infeas = 6)
[3386 sec, 4411642 itr]: No feasible solution found (infeas = 6)
[3387 sec, 4412831 itr]: No feasible solution found (infeas = 6)
[3388 sec, 4413944 itr]: No feasible solution found (infeas = 6)
[3389 sec, 4415127 itr]: No feasible solution found (infeas = 6)
[3390 sec, 4416269 itr]: No feasible solution found (infeas = 6)
[3391 sec, 4416269 itr]: No feasible solution found (infeas = 6)
[3392 sec, 4418449 itr]: No feasible solution found (infeas = 6)
[3393 sec, 4419573 itr]: No feasible solution found (infeas = 6)
[3394 sec, 4420655 itr]: No feasible solution found (infeas = 6)
[3395 sec, 4421793 itr]: No feasible solution found (infeas = 6)
[3396 sec, 4422938 itr]: No feasible solution found (infeas = 6)
[3397 sec, 4424006 itr]: No feasible solution found (infeas = 6)
[3398 sec, 4425125 itr]: No feasible solution found (infeas = 6)
[3399 sec, 4426217 itr]: No feasible solution found (infeas = 6)
[3400 sec, 4427302 itr]: No feasible solution found (infeas = 6)
[3401 sec, 4428363 itr]: No feasible solution found (infeas = 6)
[3402 sec, 4429451 itr]: No feasible solution found (infeas = 6)
[3403 sec, 4430542 itr]: No feasible solution found (infeas = 6)
[3404 sec, 4430542 itr]: No feasible solution found (infeas = 6)
[3405 sec, 4432788 itr]: No feasible solution found (infeas = 6)
[3406 sec, 4433904 itr]: No feasible solution found (infeas = 6)
[3407 sec, 4434989 itr]: No feasible solution found (infeas = 6)
[3408 sec, 4436133 itr]: No feasible solution found (infeas = 6)
[3409 sec, 4437306 itr]: No feasible solution found (infeas = 6)
[3410 sec, 4438397 itr]: No feasible solution found (infeas = 6)
[3411 sec, 4439598 itr]: No feasible solution found (infeas = 6)
[3412 sec, 4440715 itr]: No feasible solution found (infeas = 6)
[3413 sec, 4441872 itr]: No feasible solution found (infeas = 6)
[3414 sec, 4442923 itr]: No feasible solution found (infeas = 6)
[3415 sec, 4444122 itr]: No feasible solution found (infeas = 6)
[3416 sec, 4445219 itr]: No feasible solution found (infeas = 6)
[3417 sec, 4446289 itr]: No feasible solution found (infeas = 6)
[3418 sec, 4447443 itr]: No feasible solution found (infeas = 6)
[3419 sec, 4448494 itr]: No feasible solution found (infeas = 6)
[3420 sec, 4449603 itr]: No feasible solution found (infeas = 6)
[3421 sec, 4450758 itr]: No feasible solution found (infeas = 6)
[3422 sec, 4450758 itr]: No feasible solution found (infeas = 6)
[3423 sec, 4452936 itr]: No feasible solution found (infeas = 6)
[3424 sec, 4454090 itr]: No feasible solution found (infeas = 6)
[3425 sec, 4455188 itr]: No feasible solution found (infeas = 6)
[3426 sec, 4456371 itr]: No feasible solution found (infeas = 6)
[3427 sec, 4457699 itr]: No feasible solution found (infeas = 6)
[3428 sec, 4458911 itr]: No feasible solution found (infeas = 6)
[3429 sec, 4460188 itr]: No feasible solution found (infeas = 6)
[3430 sec, 4461591 itr]: No feasible solution found (infeas = 6)
[3431 sec, 4463001 itr]: No feasible solution found (infeas = 6)
[3432 sec, 4464293 itr]: No feasible solution found (infeas = 6)
[3433 sec, 4465671 itr]: No feasible solution found (infeas = 6)
[3434 sec, 4467011 itr]: No feasible solution found (infeas = 6)
[3435 sec, 4468314 itr]: No feasible solution found (infeas = 6)
[3436 sec, 4469542 itr]: No feasible solution found (infeas = 6)
[3437 sec, 4470781 itr]: No feasible solution found (infeas = 6)
[3438 sec, 4472061 itr]: No feasible solution found (infeas = 6)
[3439 sec, 4473320 itr]: No feasible solution found (infeas = 6)
[3440 sec, 4474559 itr]: No feasible solution found (infeas = 6)
[3441 sec, 4475900 itr]: No feasible solution found (infeas = 6)
[3442 sec, 4477252 itr]: No feasible solution found (infeas = 6)
[3443 sec, 4478466 itr]: No feasible solution found (infeas = 6)
[3444 sec, 4479724 itr]: No feasible solution found (infeas = 6)
[3445 sec, 4480934 itr]: No feasible solution found (infeas = 6)
[3446 sec, 4482203 itr]: No feasible solution found (infeas = 6)
[3447 sec, 4483510 itr]: No feasible solution found (infeas = 6)
[3448 sec, 4484817 itr]: No feasible solution found (infeas = 6)
[3449 sec, 4485982 itr]: No feasible solution found (infeas = 6)
[3450 sec, 4487264 itr]: No feasible solution found (infeas = 6)
[3451 sec, 4488433 itr]: No feasible solution found (infeas = 6)
[3452 sec, 4489658 itr]: No feasible solution found (infeas = 6)
[3453 sec, 4490976 itr]: No feasible solution found (infeas = 6)
[3454 sec, 4492129 itr]: No feasible solution found (infeas = 6)
[3455 sec, 4493394 itr]: No feasible solution found (infeas = 6)
[3456 sec, 4494629 itr]: No feasible solution found (infeas = 6)
[3457 sec, 4495809 itr]: No feasible solution found (infeas = 6)
[3458 sec, 4497000 itr]: No feasible solution found (infeas = 6)
[3459 sec, 4498321 itr]: No feasible solution found (infeas = 6)
[3460 sec, 4499611 itr]: No feasible solution found (infeas = 6)
[3461 sec, 4500874 itr]: No feasible solution found (infeas = 6)
[3462 sec, 4502118 itr]: No feasible solution found (infeas = 6)
[3463 sec, 4503297 itr]: No feasible solution found (infeas = 6)
[3464 sec, 4504454 itr]: No feasible solution found (infeas = 6)
[3465 sec, 4505610 itr]: No feasible solution found (infeas = 6)
[3466 sec, 4506823 itr]: No feasible solution found (infeas = 6)
[3467 sec, 4508056 itr]: No feasible solution found (infeas = 6)
[3468 sec, 4509275 itr]: No feasible solution found (infeas = 6)
[3469 sec, 4510488 itr]: No feasible solution found (infeas = 6)
[3470 sec, 4511728 itr]: No feasible solution found (infeas = 6)
[3471 sec, 4511728 itr]: No feasible solution found (infeas = 6)
[3472 sec, 4514045 itr]: No feasible solution found (infeas = 6)
[3473 sec, 4515260 itr]: No feasible solution found (infeas = 6)
[3474 sec, 4516485 itr]: No feasible solution found (infeas = 6)
[3475 sec, 4517680 itr]: No feasible solution found (infeas = 6)
[3476 sec, 4517680 itr]: No feasible solution found (infeas = 6)
[3477 sec, 4520093 itr]: No feasible solution found (infeas = 6)
[3478 sec, 4521321 itr]: No feasible solution found (infeas = 6)
[3479 sec, 4522482 itr]: No feasible solution found (infeas = 6)
[3480 sec, 4523570 itr]: No feasible solution found (infeas = 6)
[3481 sec, 4524722 itr]: No feasible solution found (infeas = 6)
[3482 sec, 4525938 itr]: No feasible solution found (infeas = 6)
[3483 sec, 4525938 itr]: No feasible solution found (infeas = 6)
[3484 sec, 4528338 itr]: No feasible solution found (infeas = 6)
[3485 sec, 4528338 itr]: No feasible solution found (infeas = 6)
[3486 sec, 4530777 itr]: No feasible solution found (infeas = 6)
[3487 sec, 4532037 itr]: No feasible solution found (infeas = 6)
[3488 sec, 4532037 itr]: No feasible solution found (infeas = 6)
[3489 sec, 4533220 itr]: No feasible solution found (infeas = 6)
[3490 sec, 4535504 itr]: No feasible solution found (infeas = 6)
[3491 sec, 4536626 itr]: No feasible solution found (infeas = 6)
[3492 sec, 4536626 itr]: No feasible solution found (infeas = 6)
[3493 sec, 4537767 itr]: No feasible solution found (infeas = 6)
[3494 sec, 4540107 itr]: No feasible solution found (infeas = 6)
[3495 sec, 4540107 itr]: No feasible solution found (infeas = 6)
[3496 sec, 4541267 itr]: No feasible solution found (infeas = 6)
[3497 sec, 4543608 itr]: No feasible solution found (infeas = 6)
[3498 sec, 4544900 itr]: No feasible solution found (infeas = 6)
[3499 sec, 4544900 itr]: No feasible solution found (infeas = 6)
[3500 sec, 4546105 itr]: No feasible solution found (infeas = 6)
[3501 sec, 4548373 itr]: No feasible solution found (infeas = 6)
[3502 sec, 4549567 itr]: No feasible solution found (infeas = 6)
[3503 sec, 4550732 itr]: No feasible solution found (infeas = 6)
[3504 sec, 4550732 itr]: No feasible solution found (infeas = 6)
[3505 sec, 4553060 itr]: No feasible solution found (infeas = 6)
[3506 sec, 4554242 itr]: No feasible solution found (infeas = 6)
[3507 sec, 4554242 itr]: No feasible solution found (infeas = 6)
[3508 sec, 4555449 itr]: No feasible solution found (infeas = 6)
[3509 sec, 4557759 itr]: No feasible solution found (infeas = 6)
[3510 sec, 4558906 itr]: No feasible solution found (infeas = 6)
[3511 sec, 4560060 itr]: No feasible solution found (infeas = 6)
[3512 sec, 4561263 itr]: No feasible solution found (infeas = 6)
[3513 sec, 4562398 itr]: No feasible solution found (infeas = 6)
[3514 sec, 4563544 itr]: No feasible solution found (infeas = 6)
[3515 sec, 4563544 itr]: No feasible solution found (infeas = 6)
[3516 sec, 4565817 itr]: No feasible solution found (infeas = 6)
[3517 sec, 4566943 itr]: No feasible solution found (infeas = 6)
[3518 sec, 4568096 itr]: No feasible solution found (infeas = 6)
[3519 sec, 4569226 itr]: No feasible solution found (infeas = 6)
[3520 sec, 4570330 itr]: No feasible solution found (infeas = 6)
[3521 sec, 4570330 itr]: No feasible solution found (infeas = 6)
[3522 sec, 4571517 itr]: No feasible solution found (infeas = 6)
[3523 sec, 4573765 itr]: No feasible solution found (infeas = 6)
[3524 sec, 4574909 itr]: No feasible solution found (infeas = 6)
[3525 sec, 4574909 itr]: No feasible solution found (infeas = 6)
[3526 sec, 4577196 itr]: No feasible solution found (infeas = 6)
[3527 sec, 4578354 itr]: No feasible solution found (infeas = 6)
[3528 sec, 4579477 itr]: No feasible solution found (infeas = 6)
[3529 sec, 4580571 itr]: No feasible solution found (infeas = 6)
[3530 sec, 4581682 itr]: No feasible solution found (infeas = 6)
[3531 sec, 4582859 itr]: No feasible solution found (infeas = 6)
[3532 sec, 4583955 itr]: No feasible solution found (infeas = 6)
[3533 sec, 4583955 itr]: No feasible solution found (infeas = 6)
[3534 sec, 4586200 itr]: No feasible solution found (infeas = 6)
[3535 sec, 4587323 itr]: No feasible solution found (infeas = 6)
[3536 sec, 4588450 itr]: No feasible solution found (infeas = 6)
[3537 sec, 4589606 itr]: No feasible solution found (infeas = 6)
[3538 sec, 4589606 itr]: No feasible solution found (infeas = 6)
[3539 sec, 4590752 itr]: No feasible solution found (infeas = 6)
[3540 sec, 4593067 itr]: No feasible solution found (infeas = 6)
[3541 sec, 4594215 itr]: No feasible solution found (infeas = 6)
[3542 sec, 4594215 itr]: No feasible solution found (infeas = 6)
[3543 sec, 4595316 itr]: No feasible solution found (infeas = 6)
[3544 sec, 4597510 itr]: No feasible solution found (infeas = 6)
[3545 sec, 4598686 itr]: No feasible solution found (infeas = 6)
[3546 sec, 4599957 itr]: No feasible solution found (infeas = 6)
[3547 sec, 4601074 itr]: No feasible solution found (infeas = 6)
[3548 sec, 4602260 itr]: No feasible solution found (infeas = 6)
[3549 sec, 4603407 itr]: No feasible solution found (infeas = 6)
[3550 sec, 4604560 itr]: No feasible solution found (infeas = 6)
[3551 sec, 4605730 itr]: No feasible solution found (infeas = 6)
[3552 sec, 4606854 itr]: No feasible solution found (infeas = 6)
[3553 sec, 4608053 itr]: No feasible solution found (infeas = 6)
[3554 sec, 4609222 itr]: No feasible solution found (infeas = 6)
[3555 sec, 4610405 itr]: No feasible solution found (infeas = 6)
[3556 sec, 4610405 itr]: No feasible solution found (infeas = 6)
[3557 sec, 4612639 itr]: No feasible solution found (infeas = 6)
[3558 sec, 4613772 itr]: No feasible solution found (infeas = 6)
[3559 sec, 4614913 itr]: No feasible solution found (infeas = 6)
[3560 sec, 4616032 itr]: No feasible solution found (infeas = 6)
[3561 sec, 4616032 itr]: No feasible solution found (infeas = 6)
[3562 sec, 4618249 itr]: No feasible solution found (infeas = 6)
[3563 sec, 4618249 itr]: No feasible solution found (infeas = 6)
[3564 sec, 4620631 itr]: No feasible solution found (infeas = 6)
[3565 sec, 4620631 itr]: No feasible solution found (infeas = 6)
[3566 sec, 4622973 itr]: No feasible solution found (infeas = 6)
[3567 sec, 4624128 itr]: No feasible solution found (infeas = 6)
[3568 sec, 4625234 itr]: No feasible solution found (infeas = 6)
[3569 sec, 4626419 itr]: No feasible solution found (infeas = 6)
[3570 sec, 4626419 itr]: No feasible solution found (infeas = 6)
[3571 sec, 4628810 itr]: No feasible solution found (infeas = 6)
[3572 sec, 4629993 itr]: No feasible solution found (infeas = 6)
[3573 sec, 4629993 itr]: No feasible solution found (infeas = 6)
[3574 sec, 4632367 itr]: No feasible solution found (infeas = 6)
[3575 sec, 4633448 itr]: No feasible solution found (infeas = 6)
[3576 sec, 4634665 itr]: No feasible solution found (infeas = 6)
[3577 sec, 4635858 itr]: No feasible solution found (infeas = 6)
[3578 sec, 4637037 itr]: No feasible solution found (infeas = 6)
[3579 sec, 4638167 itr]: No feasible solution found (infeas = 6)
[3580 sec, 4639275 itr]: No feasible solution found (infeas = 6)
[3581 sec, 4640509 itr]: No feasible solution found (infeas = 6)
[3582 sec, 4641611 itr]: No feasible solution found (infeas = 6)
[3583 sec, 4642806 itr]: No feasible solution found (infeas = 6)
[3584 sec, 4643987 itr]: No feasible solution found (infeas = 6)
[3585 sec, 4645158 itr]: No feasible solution found (infeas = 6)
[3586 sec, 4646318 itr]: No feasible solution found (infeas = 6)
[3587 sec, 4647460 itr]: No feasible solution found (infeas = 6)
[3588 sec, 4648654 itr]: No feasible solution found (infeas = 6)
[3589 sec, 4649769 itr]: No feasible solution found (infeas = 6)
[3590 sec, 4650964 itr]: No feasible solution found (infeas = 6)
[3591 sec, 4652116 itr]: No feasible solution found (infeas = 6)
[3592 sec, 4653291 itr]: No feasible solution found (infeas = 6)
[3593 sec, 4654481 itr]: No feasible solution found (infeas = 6)
[3594 sec, 4655638 itr]: No feasible solution found (infeas = 6)
[3595 sec, 4656815 itr]: No feasible solution found (infeas = 6)
[3596 sec, 4657978 itr]: No feasible solution found (infeas = 6)
[3597 sec, 4659084 itr]: No feasible solution found (infeas = 6)
[3598 sec, 4660221 itr]: No feasible solution found (infeas = 6)
[3599 sec, 4661333 itr]: No feasible solution found (infeas = 6)
[3600 sec, 4662468 itr]: No feasible solution found (infeas = 6)
[3601 sec, 4662468 itr]: No feasible solution found (infeas = 6)

4662468 iterations performed in 3601 seconds

Infeasible solution: 
No feasible solution found (infeas = 6)


Main violated expressions:
  constraint float#3283(0, 40) >= sum(float#3211(0, 40), 3) - prod(61, 1 - bool#591())
  constraint float#3355(0, 40) <= sum(sum(float#3259(0, 40), -19), prod(61, 1 - bool#867()))
  constraint float#3427(0, 40) <= sum(sum(float#3403(0, 40), -3), prod(61, 1 - bool#2607()))
  constraint float#3471(0, 230) >= sum(sum(float#3465(0, 230), 10), 15) - prod(312, 1 - bool#591())
  constraint float#3469(0, 230) >= sum(sum(float#3477(0, 230), 10), 20.81) - prod(312, 1 - bool#1935())
  constraint float#3483(0, 230) >= sum(sum(float#3481(0, 230), 10), 23.02) - prod(312, 1 - bool#2607())
  ...
Model failed (status HxSolutionStatus.INFEASIBLE)
  objective value = 2641.098851568963
  status = HxSolutionStatus.INFEASIBLE, iterations = 4662468, time = 3601.00s, gap = inf%

[24/09/2025 04:11:34] Writing results to CSV: /dados/rmelo/PDPTW-SE/benchmark_multi_island_v5/official_experiments/mip_hexaly/set_02_pt_01/logs/form_melo_hx/outputs/csvresults_form_melo_hx.csv
