Set parameter WLSAccessID
Set parameter WLSSecret
Set parameter LicenseID to value 2661775
Academic license 2661775 - for non-commercial use only - registered to me___@dcc.ufba.br
Loading line 2: methodType heur
Loading line 3: methodCode mslp
Loading line 4: seed 0
Loading line 5: threads 1
Loading line 6: greedy_service_order random
Loading line 7: outputFlagGrbMSLP 0
Loading line 8: mslpa 60000
Loading line 9: mslpr I
Loading line 10: maxtime 3600
Loading line 11: output ./logs/
Loading line 12: printsol 1
Loading line 13: solverMethod A
Instance: LR1_2_9_t1_60R_60V_04F_06M

[22:25:38.438] Running Data.readData with file /dados/rmelo/PDPTW-SE/benchmark_multi_floor_v3/official_experiments/multistartlp/preliminar/set_01_pt_01/../../../../instances/orig_ams_fg/60R_60V_04F_06M/t1/LR1_2_9/
vehicles: Vehicle[Vehicle(0, 58), Vehicle(1, 72), Vehicle(2, 86), Vehicle(3, 72), Vehicle(4, 72), Vehicle(5, 58), Vehicle(6, 58), Vehicle(7, 72), Vehicle(8, 58), Vehicle(9, 72), Vehicle(10, 72), Vehicle(11, 58), Vehicle(12, 72), Vehicle(13, 72), Vehicle(14, 86), Vehicle(15, 58), Vehicle(16, 72), Vehicle(17, 58), Vehicle(18, 86), Vehicle(19, 58), Vehicle(20, 86), Vehicle(21, 58), Vehicle(22, 58), Vehicle(23, 58), Vehicle(24, 86), Vehicle(25, 58), Vehicle(26, 86), Vehicle(27, 86), Vehicle(28, 72), Vehicle(29, 58), Vehicle(30, 58), Vehicle(31, 86), Vehicle(32, 72), Vehicle(33, 86), Vehicle(34, 72), Vehicle(35, 72), Vehicle(36, 72), Vehicle(37, 72), Vehicle(38, 86), Vehicle(39, 72), Vehicle(40, 58), Vehicle(41, 86), Vehicle(42, 86), Vehicle(43, 86), Vehicle(44, 72), Vehicle(45, 58), Vehicle(46, 72), Vehicle(47, 72), Vehicle(48, 58), Vehicle(49, 86), Vehicle(50, 72), Vehicle(51, 72), Vehicle(52, 86), Vehicle(53, 86), Vehicle(54, 58), Vehicle(55, 58), Vehicle(56, 86), Vehicle(57, 58), Vehicle(58, 72), Vehicle(59, 86)]
vehicle_types: Vehicle[Vehicle(0, 58), Vehicle(1, 72), Vehicle(2, 86)]
Machine[Machine(0, Point[Point(71, 70, 0), Point(71, 70, 1), Point(71, 70, 2), Point(71, 70, 3)], 0.2), Machine(1, Point[Point(73, 70, 0), Point(73, 70, 1), Point(73, 70, 2), Point(73, 70, 3)], 0.2), Machine(2, Point[Point(69, 70, 0), Point(69, 70, 1), Point(69, 70, 2), Point(69, 70, 3)], 0.2), Machine(3, Point[Point(75, 70, 0), Point(75, 70, 1), Point(75, 70, 2), Point(75, 70, 3)], 0.2), Machine(4, Point[Point(67, 70, 0), Point(67, 70, 1), Point(67, 70, 2), Point(67, 70, 3)], 0.2), Machine(5, Point[Point(77, 70, 0), Point(77, 70, 1), Point(77, 70, 2), Point(77, 70, 3)], 0.2)]
refs: [1, 2, 3, 5, 7, 8, 14, 16, 17, 18, 19, 20, 21, 22, 23, 27, 29, 31, 32, 34, 36, 37, 39, 40, 42, 43, 44, 46, 47, 49, 51, 52, 56, 57, 58, 59, 62, 63, 65, 66, 67, 68, 69, 70, 71, 78, 79, 80, 84, 86, 87, 90, 91, 93, 95, 96, 97, 107, 108, 109, 110, 41, 35, 26, 25, 15, 45, 54, 92, 30, 103, 38, 104, 94, 100, 10, 119, 28, 82, 112, 4, 102, 24, 106, 89, 76, 13, 75, 77, 118, 11, 120, 83, 115, 114, 111, 33, 121, 117, 113, 60, 12, 73, 53, 105, 50, 48, 6, 116, 74, 72, 98, 81, 99, 64, 85, 61, 55, 9, 101, 88, 1]
V: [1, 2, 3, 4, 5, 6, 7, 8, 9, 10, 11, 12, 13, 14, 15, 16, 17, 18, 19, 20, 21, 22, 23, 24, 25, 26, 27, 28, 29, 30, 31, 32, 33, 34, 35, 36, 37, 38, 39, 40, 41, 42, 43, 44, 45, 46, 47, 48, 49, 50, 51, 52, 53, 54, 55, 56, 57, 58, 59, 60, 61, 62, 63, 64, 65, 66, 67, 68, 69, 70, 71, 72, 73, 74, 75, 76, 77, 78, 79, 80, 81, 82, 83, 84, 85, 86, 87, 88, 89, 90, 91, 92, 93, 94, 95, 96, 97, 98, 99, 100, 101, 102, 103, 104, 105, 106, 107, 108, 109, 110, 111, 112, 113, 114, 115, 116, 117, 118, 119, 120, 121]
V_p: [2, 3, 4, 5, 6, 7, 8, 9, 10, 11, 12, 13, 14, 15, 16, 17, 18, 19, 20, 21, 22, 23, 24, 25, 26, 27, 28, 29, 30, 31, 32, 33, 34, 35, 36, 37, 38, 39, 40, 41, 42, 43, 44, 45, 46, 47, 48, 49, 50, 51, 52, 53, 54, 55, 56, 57, 58, 59, 60, 61]
V_d: [62, 63, 64, 65, 66, 67, 68, 69, 70, 71, 72, 73, 74, 75, 76, 77, 78, 79, 80, 81, 82, 83, 84, 85, 86, 87, 88, 89, 90, 91, 92, 93, 94, 95, 96, 97, 98, 99, 100, 101, 102, 103, 104, 105, 106, 107, 108, 109, 110, 111, 112, 113, 114, 115, 116, 117, 118, 119, 120, 121]
Vprime: [1, 2, 3, 4, 5, 6, 7, 8, 9, 10, 11, 12, 13, 14, 15, 16, 17, 18, 19, 20, 21, 22, 23, 24, 25, 26, 27, 28, 29, 30, 31, 32, 33, 34, 35, 36, 37, 38, 39, 40, 41, 42, 43, 44, 45, 46, 47, 48, 49, 50, 51, 52, 53, 54, 55, 56, 57, 58, 59, 60, 61, 62, 63, 64, 65, 66, 67, 68, 69, 70, 71, 72, 73, 74, 75, 76, 77, 78, 79, 80, 81, 82, 83, 84, 85, 86, 87, 88, 89, 90, 91, 92, 93, 94, 95, 96, 97, 98, 99, 100, 101, 102, 103, 104, 105, 106, 107, 108, 109, 110, 111, 112, 113, 114, 115, 116, 117, 118, 119, 120, 121, 122]
V: [1, 2, 3, 4, 5, 6, 7, 8, 9, 10, 11, 12, 13, 14, 15, 16, 17, 18, 19, 20, 21, 22, 23, 24, 25, 26, 27, 28, 29, 30, 31, 32, 33, 34, 35, 36, 37, 38, 39, 40, 41, 42, 43, 44, 45, 46, 47, 48, 49, 50, 51, 52, 53, 54, 55, 56, 57, 58, 59, 60, 61, 62, 63, 64, 65, 66, 67, 68, 69, 70, 71, 72, 73, 74, 75, 76, 77, 78, 79, 80, 81, 82, 83, 84, 85, 86, 87, 88, 89, 90, 91, 92, 93, 94, 95, 96, 97, 98, 99, 100, 101, 102, 103, 104, 105, 106, 107, 108, 109, 110, 111, 112, 113, 114, 115, 116, 117, 118, 119, 120, 121]
q: [0, 34, 8, 19, 22, 21, 13, 13, 11, 7, 43, 10, 18, 13, 10, 8, 12, 18, 18, 17, 9, 30, 9, 13, 18, 32, 23, 31, 24, 9, 12, 10, 17, 23, 20, 32, 16, 21, 18, 37, 14, 4, 4, 23, 25, 3, 20, 34, 13, 14, 29, 22, 30, 27, 5, 26, 18, 19, 20, 17, 9, -34, -8, -19, -22, -21, -13, -13, -11, -7, -43, -10, -18, -13, -10, -8, -12, -18, -18, -17, -9, -30, -9, -13, -18, -32, -23, -31, -24, -9, -12, -10, -17, -23, -20, -32, -16, -21, -18, -37, -14, -4, -4, -23, -25, -3, -20, -34, -13, -14, -29, -22, -30, -27, -5, -26, -18, -19, -20, -17, -9, 0]
H: [1, 2, 3, 4, 5, 6]
f: [[1, 1, 1, 1, 1, 1], [1, 1, 1, 1, 1, 1], [3, 3, 3, 3, 3, 3], [1, 1, 1, 1, 1, 1], [2, 2, 2, 2, 2, 2], [3, 3, 3, 3, 3, 3], [3, 3, 3, 3, 3, 3], [1, 1, 1, 1, 1, 1], [1, 1, 1, 1, 1, 1], [2, 2, 2, 2, 2, 2], [1, 1, 1, 1, 1, 1], [4, 4, 4, 4, 4, 4], [1, 1, 1, 1, 1, 1], [1, 1, 1, 1, 1, 1], [3, 3, 3, 3, 3, 3], [1, 1, 1, 1, 1, 1], [2, 2, 2, 2, 2, 2], [4, 4, 4, 4, 4, 4], [2, 2, 2, 2, 2, 2], [3, 3, 3, 3, 3, 3], [3, 3, 3, 3, 3, 3], [3, 3, 3, 3, 3, 3], [1, 1, 1, 1, 1, 1], [1, 1, 1, 1, 1, 1], [1, 1, 1, 1, 1, 1], [3, 3, 3, 3, 3, 3], [3, 3, 3, 3, 3, 3], [2, 2, 2, 2, 2, 2], [4, 4, 4, 4, 4, 4], [1, 1, 1, 1, 1, 1], [2, 2, 2, 2, 2, 2], [2, 2, 2, 2, 2, 2], [2, 2, 2, 2, 2, 2], [1, 1, 1, 1, 1, 1], [2, 2, 2, 2, 2, 2], [2, 2, 2, 2, 2, 2], [3, 3, 3, 3, 3, 3], [4, 4, 4, 4, 4, 4], [2, 2, 2, 2, 2, 2], [1, 1, 1, 1, 1, 1], [1, 1, 1, 1, 1, 1], [3, 3, 3, 3, 3, 3], [1, 1, 1, 1, 1, 1], [3, 3, 3, 3, 3, 3], [4, 4, 4, 4, 4, 4], [3, 3, 3, 3, 3, 3], [1, 1, 1, 1, 1, 1], [3, 3, 3, 3, 3, 3], [2, 2, 2, 2, 2, 2], [2, 2, 2, 2, 2, 2], [3, 3, 3, 3, 3, 3], [3, 3, 3, 3, 3, 3], [2, 2, 2, 2, 2, 2], [1, 1, 1, 1, 1, 1], [1, 1, 1, 1, 1, 1], [4, 4, 4, 4, 4, 4], [2, 2, 2, 2, 2, 2], [4, 4, 4, 4, 4, 4], [3, 3, 3, 3, 3, 3], [4, 4, 4, 4, 4, 4], [4, 4, 4, 4, 4, 4], [1, 1, 1, 1, 1, 1], [2, 2, 2, 2, 2, 2], [3, 3, 3, 3, 3, 3], [3, 3, 3, 3, 3, 3], [1, 1, 1, 1, 1, 1], [2, 2, 2, 2, 2, 2], [2, 2, 2, 2, 2, 2], [2, 2, 2, 2, 2, 2], [1, 1, 1, 1, 1, 1], [3, 3, 3, 3, 3, 3], [4, 4, 4, 4, 4, 4], [3, 3, 3, 3, 3, 3], [1, 1, 1, 1, 1, 1], [1, 1, 1, 1, 1, 1], [4, 4, 4, 4, 4, 4], [2, 2, 2, 2, 2, 2], [4, 4, 4, 4, 4, 4], [1, 1, 1, 1, 1, 1], [3, 3, 3, 3, 3, 3], [4, 4, 4, 4, 4, 4], [3, 3, 3, 3, 3, 3], [1, 1, 1, 1, 1, 1], [3, 3, 3, 3, 3, 3], [3, 3, 3, 3, 3, 3], [2, 2, 2, 2, 2, 2], [1, 1, 1, 1, 1, 1], [3, 3, 3, 3, 3, 3], [2, 2, 2, 2, 2, 2], [1, 1, 1, 1, 1, 1], [1, 1, 1, 1, 1, 1], [2, 2, 2, 2, 2, 2], [2, 2, 2, 2, 2, 2], [2, 2, 2, 2, 2, 2], [3, 3, 3, 3, 3, 3], [4, 4, 4, 4, 4, 4], [3, 3, 3, 3, 3, 3], [2, 2, 2, 2, 2, 2], [4, 4, 4, 4, 4, 4], [3, 3, 3, 3, 3, 3], [2, 2, 2, 2, 2, 2], [2, 2, 2, 2, 2, 2], [4, 4, 4, 4, 4, 4], [4, 4, 4, 4, 4, 4], [1, 1, 1, 1, 1, 1], [3, 3, 3, 3, 3, 3], [1, 1, 1, 1, 1, 1], [4, 4, 4, 4, 4, 4], [3, 3, 3, 3, 3, 3], [2, 2, 2, 2, 2, 2], [4, 4, 4, 4, 4, 4], [2, 2, 2, 2, 2, 2], [2, 2, 2, 2, 2, 2], [1, 1, 1, 1, 1, 1], [4, 4, 4, 4, 4, 4], [1, 1, 1, 1, 1, 1], [1, 1, 1, 1, 1, 1], [3, 3, 3, 3, 3, 3], [4, 4, 4, 4, 4, 4], [1, 1, 1, 1, 1, 1], [1, 1, 1, 1, 1, 1], [1, 1, 1, 1, 1, 1]]
1 1 1 -> 0.0
1 2 1 -> 5.0
1 3 1 -> 10.0
1 4 1 -> 15.0
2 1 1 -> 5.0
2 2 1 -> 0.0
2 3 1 -> 5.0
2 4 1 -> 10.0
3 1 1 -> 10.0
3 2 1 -> 5.0
3 3 1 -> 0.0
3 4 1 -> 5.0
4 1 1 -> 15.0
4 2 1 -> 10.0
4 3 1 -> 5.0
4 4 1 -> 0.0
1 1 2 -> 0.0
1 2 2 -> 5.0
1 3 2 -> 10.0
1 4 2 -> 15.0
2 1 2 -> 5.0
2 2 2 -> 0.0
2 3 2 -> 5.0
2 4 2 -> 10.0
3 1 2 -> 10.0
3 2 2 -> 5.0
3 3 2 -> 0.0
3 4 2 -> 5.0
4 1 2 -> 15.0
4 2 2 -> 10.0
4 3 2 -> 5.0
4 4 2 -> 0.0
1 1 3 -> 0.0
1 2 3 -> 5.0
1 3 3 -> 10.0
1 4 3 -> 15.0
2 1 3 -> 5.0
2 2 3 -> 0.0
2 3 3 -> 5.0
2 4 3 -> 10.0
3 1 3 -> 10.0
3 2 3 -> 5.0
3 3 3 -> 0.0
3 4 3 -> 5.0
4 1 3 -> 15.0
4 2 3 -> 10.0
4 3 3 -> 5.0
4 4 3 -> 0.0
1 1 4 -> 0.0
1 2 4 -> 5.0
1 3 4 -> 10.0
1 4 4 -> 15.0
2 1 4 -> 5.0
2 2 4 -> 0.0
2 3 4 -> 5.0
2 4 4 -> 10.0
3 1 4 -> 10.0
3 2 4 -> 5.0
3 3 4 -> 0.0
3 4 4 -> 5.0
4 1 4 -> 15.0
4 2 4 -> 10.0
4 3 4 -> 5.0
4 4 4 -> 0.0
1 1 5 -> 0.0
1 2 5 -> 5.0
1 3 5 -> 10.0
1 4 5 -> 15.0
2 1 5 -> 5.0
2 2 5 -> 0.0
2 3 5 -> 5.0
2 4 5 -> 10.0
3 1 5 -> 10.0
3 2 5 -> 5.0
3 3 5 -> 0.0
3 4 5 -> 5.0
4 1 5 -> 15.0
4 2 5 -> 10.0
4 3 5 -> 5.0
4 4 5 -> 0.0
1 1 6 -> 0.0
1 2 6 -> 5.0
1 3 6 -> 10.0
1 4 6 -> 15.0
2 1 6 -> 5.0
2 2 6 -> 0.0
2 3 6 -> 5.0
2 4 6 -> 10.0
3 1 6 -> 10.0
3 2 6 -> 5.0
3 3 6 -> 0.0
3 4 6 -> 5.0
4 1 6 -> 15.0
4 2 6 -> 10.0
4 3 6 -> 5.0
4 4 6 -> 0.0
o: (1, 2, 3) => 5.0
o: (3, 1, 3) => 10.0
o: (1, 3, 5) => 10.0
o: (3, 2, 4) => 5.0
o: (1, 4, 5) => 15.0
o: (4, 3, 6) => 5.0
o: (4, 4, 6) => 0.0
o: (3, 2, 3) => 5.0
o: (3, 3, 5) => 0.0
o: (2, 1, 1) => 5.0
o: (3, 4, 5) => 5.0
o: (1, 3, 2) => 10.0
o: (1, 4, 2) => 15.0
o: (4, 3, 4) => 5.0
o: (2, 2, 1) => 0.0
o: (4, 4, 4) => 0.0
o: (3, 3, 2) => 0.0
o: (3, 4, 2) => 5.0
o: (4, 3, 3) => 5.0
o: (4, 4, 3) => 0.0
o: (1, 1, 5) => 0.0
o: (4, 1, 6) => 15.0
o: (1, 2, 5) => 5.0
o: (3, 1, 5) => 10.0
o: (1, 3, 1) => 10.0
o: (4, 2, 6) => 10.0
o: (1, 1, 2) => 0.0
o: (1, 4, 1) => 15.0
o: (2, 3, 6) => 5.0
o: (4, 1, 4) => 15.0
o: (3, 2, 5) => 5.0
o: (2, 4, 6) => 10.0
o: (3, 3, 1) => 0.0
o: (1, 2, 2) => 5.0
o: (3, 1, 2) => 10.0
o: (3, 4, 1) => 5.0
o: (4, 1, 3) => 15.0
o: (4, 2, 4) => 10.0
o: (3, 2, 2) => 5.0
o: (2, 3, 4) => 5.0
o: (4, 2, 3) => 10.0
o: (2, 4, 4) => 10.0
o: (4, 3, 5) => 5.0
o: (4, 4, 5) => 0.0
o: (1, 1, 1) => 0.0
o: (2, 3, 3) => 5.0
o: (2, 4, 3) => 10.0
o: (2, 1, 6) => 5.0
o: (4, 3, 2) => 5.0
o: (1, 2, 1) => 5.0
o: (3, 1, 1) => 10.0
o: (4, 4, 2) => 0.0
o: (2, 2, 6) => 0.0
o: (3, 2, 1) => 5.0
o: (2, 1, 4) => 5.0
o: (4, 1, 5) => 15.0
o: (2, 1, 3) => 5.0
o: (2, 2, 4) => 0.0
o: (4, 2, 5) => 10.0
o: (4, 3, 1) => 5.0
o: (1, 3, 6) => 10.0
o: (4, 1, 2) => 15.0
o: (4, 4, 1) => 0.0
o: (2, 2, 3) => 0.0
o: (2, 3, 5) => 5.0
o: (1, 4, 6) => 15.0
o: (2, 4, 5) => 10.0
o: (3, 3, 6) => 0.0
o: (4, 2, 2) => 10.0
o: (3, 4, 6) => 5.0
o: (1, 3, 4) => 10.0
o: (2, 3, 2) => 5.0
o: (1, 4, 4) => 15.0
o: (2, 4, 2) => 10.0
o: (1, 3, 3) => 10.0
o: (3, 3, 4) => 0.0
o: (1, 4, 3) => 15.0
o: (3, 4, 4) => 5.0
o: (4, 1, 1) => 15.0
o: (1, 1, 6) => 0.0
o: (2, 1, 5) => 5.0
o: (3, 3, 3) => 0.0
o: (3, 4, 3) => 5.0
o: (4, 2, 1) => 10.0
o: (1, 2, 6) => 5.0
o: (3, 1, 6) => 10.0
o: (2, 2, 5) => 0.0
o: (2, 3, 1) => 5.0
o: (1, 1, 4) => 0.0
o: (2, 1, 2) => 5.0
o: (2, 4, 1) => 10.0
o: (3, 2, 6) => 5.0
o: (1, 1, 3) => 0.0
o: (1, 2, 4) => 5.0
o: (2, 2, 2) => 0.0
o: (3, 1, 4) => 10.0

[130, 898, 888, 796, 786, 801, 719, 16]
JOBS in the order of refs (Vprime)
Node 1: Job(0, Point(70, 70, 0), 0, 0, 688, 0, 0, 0)
Node 2: Job(1, Point(107, 77, 0), 34, 37, 124, 10, 0, 51)
Node 3: Job(2, Point(109, 139, 2), 8, 94, 162, 10, 0, 42)
Node 4: Job(4, Point(48, 47, 0), 19, 31, 106, 10, 0, 29)
Node 5: Job(7, Point(86, 40, 1), 22, 34, 54, 10, 0, 28)
Node 6: Job(8, Point(121, 124, 2), 21, 147, 183, 10, 0, 17)
Node 7: Job(15, Point(41, 36, 2), 13, 44, 115, 10, 0, 56)
Node 8: Job(18, Point(104, 54, 0), 13, 41, 94, 10, 0, 66)
Node 9: Job(19, Point(22, 104, 0), 11, 209, 283, 10, 0, 114)
Node 10: Job(20, Point(46, 133, 1), 7, 67, 115, 10, 0, 34)
Node 11: Job(21, Point(138, 78, 0), 43, 176, 259, 10, 0, 126)
Node 12: Job(22, Point(16, 92, 3), 10, 339, 409, 10, 0, 47)
Node 13: Job(23, Point(18, 104, 0), 18, 324, 379, 10, 0, 127)
Node 14: Job(25, Point(107, 25, 0), 13, 249, 329, 10, 0, 116)
Node 15: Job(26, Point(139, 73, 2), 10, 71, 134, 10, 0, 123)
Node 16: Job(30, Point(64, 132, 0), 8, 62, 121, 10, 0, 10)
Node 17: Job(33, Point(30, 21, 1), 12, 304, 371, 10, 0, 191)
Node 18: Job(35, Point(82, 100, 3), 18, 94, 145, 10, 0, 32)
Node 19: Job(38, Point(50, 112, 1), 18, 212, 282, 10, 0, 102)
Node 20: Job(41, Point(81, 36, 2), 17, 43, 111, 10, 0, 137)
Node 21: Job(44, Point(113, 35, 2), 9, 55, 139, 10, 0, 3)
Node 22: Job(46, Point(44, 58, 2), 30, 28, 93, 10, 0, 125)
Node 23: Job(49, Point(117, 4, 0), 9, 407, 459, 10, 0, 27)
Node 24: Job(50, Point(140, 42, 0), 13, 79, 152, 10, 0, 130)
Node 25: Job(53, Point(103, 119, 0), 18, 315, 383, 10, 0, 111)
Node 26: Job(54, Point(32, 52, 2), 32, 142, 190, 10, 0, 96)
Node 27: Job(55, Point(89, 39, 2), 23, 36, 67, 10, 0, 14)
Node 28: Job(57, Point(39, 100, 1), 31, 43, 121, 10, 0, 95)
Node 29: Job(58, Point(5, 99, 3), 24, 319, 359, 10, 0, 97)
Node 30: Job(60, Point(73, 96, 0), 9, 144, 219, 10, 0, 183)
Node 31: Job(63, Point(103, 44, 1), 12, 42, 72, 10, 0, 11)
Node 32: Job(64, Point(97, 12, 1), 10, 183, 260, 10, 0, 195)
Node 33: Job(69, Point(104, 73, 1), 17, 238, 290, 10, 0, 103)
Node 34: Job(71, Point(15, 4, 0), 23, 85, 166, 10, 0, 175)
Node 35: Job(72, Point(54, 33, 1), 20, 40, 117, 10, 0, 167)
Node 36: Job(73, Point(70, 94, 1), 32, 24, 104, 10, 0, 136)
Node 37: Job(76, Point(109, 131, 2), 16, 206, 276, 10, 0, 40)
Node 38: Job(77, Point(10, 111, 3), 21, 465, 551, 10, 0, 198)
Node 39: Job(80, Point(92, 22, 1), 18, 178, 231, 10, 0, 182)
Node 40: Job(81, Point(85, 75, 0), 37, 15, 85, 10, 0, 138)
Node 41: Job(82, Point(10, 86, 0), 14, 375, 477, 10, 0, 74)
Node 42: Job(85, Point(12, 48, 2), 4, 62, 159, 10, 0, 12)
Node 43: Job(87, Point(79, 80, 0), 4, 13, 56, 10, 0, 92)
Node 44: Job(89, Point(28, 62, 2), 23, 182, 241, 10, 0, 65)
Node 45: Job(90, Point(50, 106, 3), 25, 314, 356, 10, 0, 128)
Node 46: Job(98, Point(49, 140, 2), 3, 224, 275, 10, 0, 62)
Node 47: Job(99, Point(69, 115, 0), 20, 214, 246, 10, 0, 59)
Node 48: Job(100, Point(36, 124, 2), 34, 237, 261, 10, 0, 6)
Node 49: Job(104, Point(38, 122, 1), 13, 212, 287, 10, 0, 177)
Node 50: Job(106, Point(29, 60, 1), 14, 42, 126, 10, 0, 94)
Node 51: Job(109, Point(83, 12, 2), 29, 226, 264, 10, 0, 91)
Node 52: Job(112, Point(78, 111, 2), 22, 41, 118, 10, 0, 121)
Node 53: Job(113, Point(116, 83, 1), 30, 157, 231, 10, 0, 101)
Node 54: Job(115, Point(137, 137, 0), 27, 94, 150, 10, 0, 122)
Node 55: Job(117, Point(116, 13, 0), 5, 73, 147, 10, 0, 79)
Node 56: Job(118, Point(59, 115, 3), 26, 289, 368, 10, 0, 105)
Node 57: Job(120, Point(120, 60, 1), 18, 50, 136, 10, 0, 75)
Node 58: Job(132, Point(78, 63, 3), 19, 10, 41, 10, 0, 67)
Node 59: Job(133, Point(98, 4, 2), 20, 165, 220, 10, 0, 9)
Node 60: Job(134, Point(103, 77, 3), 17, 282, 329, 10, 0, 124)
Node 61: Job(135, Point(58, 11, 3), 9, 110, 175, 10, 0, 110)
Node 62: Job(51, Point(139, 68, 0), -34, 69, 139, 10, 1, 0)
Node 63: Job(42, Point(115, 124, 1), -8, 399, 454, 10, 2, 0)
Node 64: Job(29, Point(20, 69, 2), -19, 353, 434, 10, 4, 0)
Node 65: Job(28, Point(90, 14, 2), -22, 461, 496, 10, 7, 0)
Node 66: Job(17, Point(104, 139, 0), -21, 325, 376, 10, 8, 0)
Node 67: Job(56, Point(54, 41, 1), -13, 266, 327, 10, 15, 0)
Node 68: Job(66, Point(140, 36, 1), -13, 162, 220, 10, 18, 0)
Node 69: Job(114, Point(29, 94, 1), -11, 280, 332, 10, 19, 0)
Node 70: Job(34, Point(63, 129, 0), -7, 202, 240, 10, 20, 0)
Node 71: Job(126, Point(139, 72, 2), -43, 333, 371, 10, 21, 0)
Node 72: Job(47, Point(8, 87, 3), -10, 387, 446, 10, 22, 0)
Node 73: Job(127, Point(2, 106, 2), -18, 405, 478, 10, 23, 0)
Node 74: Job(116, Point(110, 28, 0), -13, 291, 349, 10, 25, 0)
Node 75: Job(123, Point(137, 84, 0), -10, 207, 263, 10, 26, 0)
Node 76: Job(10, Point(40, 113, 3), -8, 466, 517, 10, 30, 0)
Node 77: Job(191, Point(4, 44, 1), -12, 414, 447, 10, 33, 0)
Node 78: Job(32, Point(54, 106, 3), -18, 277, 342, 10, 35, 0)
Node 79: Job(102, Point(17, 138, 0), -18, 409, 487, 10, 38, 0)
Node 80: Job(137, Point(104, 32, 2), -17, 120, 179, 10, 41, 0)
Node 81: Job(3, Point(120, 22, 3), -9, 208, 271, 10, 44, 0)
Node 82: Job(125, Point(30, 57, 2), -30, 219, 272, 10, 46, 0)
Node 83: Job(27, Point(101, 0, 0), -9, 483, 543, 10, 49, 0)
Node 84: Job(130, Point(126, 23, 2), -13, 260, 297, 10, 50, 0)
Node 85: Job(111, Point(80, 103, 2), -18, 374, 427, 10, 53, 0)
Node 86: Job(96, Point(18, 70, 1), -32, 378, 433, 10, 54, 0)
Node 87: Job(14, Point(102, 52, 0), -23, 140, 208, 10, 55, 0)
Node 88: Job(95, Point(19, 120, 2), -31, 236, 317, 10, 57, 0)
Node 89: Job(97, Point(58, 80, 1), -24, 441, 509, 10, 58, 0)
Node 90: Job(183, Point(67, 120, 0), -9, 347, 400, 10, 60, 0)
Node 91: Job(11, Point(129, 24, 0), -12, 309, 390, 10, 63, 0)
Node 92: Job(195, Point(105, 2, 1), -10, 208, 269, 10, 64, 0)
Node 93: Job(103, Point(103, 82, 1), -17, 307, 376, 10, 69, 0)
Node 94: Job(175, Point(60, 54, 1), -23, 233, 275, 10, 71, 0)
Node 95: Job(167, Point(39, 13, 2), -20, 369, 413, 10, 72, 0)
Node 96: Job(136, Point(26, 130, 3), -32, 266, 300, 10, 73, 0)
Node 97: Job(40, Point(92, 138, 2), -16, 381, 452, 10, 76, 0)
Node 98: Job(198, Point(27, 104, 1), -21, 544, 618, 10, 77, 0)
Node 99: Job(182, Point(89, 24, 3), -18, 280, 353, 10, 80, 0)
Node 100: Job(138, Point(55, 102, 2), -37, 285, 374, 10, 81, 0)
Node 101: Job(74, Point(35, 90, 1), -14, 423, 499, 10, 82, 0)
Node 102: Job(12, Point(12, 84, 1), -4, 200, 278, 10, 85, 0)
Node 103: Job(92, Point(120, 102, 3), -4, 76, 148, 10, 87, 0)
Node 104: Job(65, Point(16, 62, 3), -23, 355, 467, 10, 89, 0)
Node 105: Job(128, Point(64, 138, 0), -25, 410, 500, 10, 90, 0)
Node 106: Job(62, Point(55, 127, 2), -3, 253, 294, 10, 98, 0)
Node 107: Job(59, Point(67, 96, 0), -20, 491, 523, 10, 99, 0)
Node 108: Job(6, Point(12, 138, 3), -34, 367, 402, 10, 100, 0)
Node 109: Job(177, Point(13, 129, 2), -13, 345, 387, 10, 104, 0)
Node 110: Job(94, Point(4, 71, 1), -14, 131, 219, 10, 106, 0)
Node 111: Job(91, Point(83, 38, 3), -29, 478, 505, 10, 109, 0)
Node 112: Job(121, Point(85, 111, 1), -22, 230, 306, 10, 112, 0)
Node 113: Job(101, Point(84, 88, 1), -30, 329, 414, 10, 113, 0)
Node 114: Job(122, Point(121, 123, 0), -27, 239, 306, 10, 115, 0)
Node 115: Job(79, Point(113, 45, 3), -5, 264, 364, 10, 117, 0)
Node 116: Job(105, Point(70, 83, 0), -26, 479, 521, 10, 118, 0)
Node 117: Job(75, Point(88, 29, 0), -18, 514, 580, 10, 120, 0)
Node 118: Job(67, Point(90, 44, 2), -19, 33, 102, 10, 132, 0)
Node 119: Job(9, Point(61, 57, 3), -20, 368, 411, 10, 133, 0)
Node 120: Job(124, Point(103, 86, 0), -17, 296, 369, 10, 134, 0)
Node 121: Job(110, Point(34, 72, 0), -9, 542, 586, 10, 135, 0)
Node 122: Job(0, Point(70, 70, 0), 0, 0, 688, 0, 0, 0)

### Preprocessing Data ###
	-> arcs: 14884 (100.0%)
	-> arc_removals: 13166 (88.46%)
	-> arc_removals_is_loop: 122 (0.82%)
	-> arc_removals_is_delivery_to_pickup: 62 (0.42%)
	-> arc_removals_is_depot_begin_to_delivery: 60 (0.4%)
	-> arc_removals_is_pickup_to_depot_end: 60 (0.4%)
	-> arc_removals_is_dest_depot_begin: 120 (0.81%)
	-> arc_removals_is_orig_depot_end: 119 (0.8%)
	-> arc_removals_is_capacity_violated: 0 (0.0%)
	-> arc_removals_is_time_window_limited: 8668 (58.24%)
	-> arc_removals_is_time_window_pairing_limited: 3775 (25.36%)
	-> arc_removals_is_indirect_request_service_impossible: 180 (1.21%)
	-> gamma_vars: 0 (0%)
	-> feas_gamma_vars: 0 (0%)
	-> infeas_gamma_vars_is_next_mtrv_unreachable: 0 (0%)
	-> infeas_gamma_vars_is_iprime_jprime_eq_i_j: 0 (0%)
	-> machine_removal_for_an_arc: 0 (0.0%)
##########################

[22:25:48.198] Print configuration
------------------------------------------------------
"
[22:25:48.198] Running Multi Start Heuristic"
> Experiment started at 2025-10-04T22:25:48.198
> Instance: LR1_2_9_t1_60R_60V_04F_06M
> Algorithm Parameters:


	>Stop params:
		>  - rule ITERATIONS
		>  - argument 60000.0
		>  - maximum_time 3600

	>General params:
		>  - instPath /dados/rmelo/PDPTW-SE/benchmark_multi_floor_v3/official_experiments/multistartlp/preliminar/set_01_pt_01/../../../../instances/orig_ams_fg/60R_60V_04F_06M/t1/LR1_2_9/
		>  - name LR1_2_9
		>  - type t1
		>  - group 60R_60V_04F_06M
		>  - fullname LR1_2_9_t1_60R_60V_04F_06M
		>  - methodType heur
		>  - methodCode mslp
		>  - genconfigfile /dados/rmelo/PDPTW-SE/benchmark_multi_floor_v3/official_experiments/multistartlp/preliminar/set_01_pt_01/configs/genconfig_mslp.conf
		>  - genconfigfilename genconfig_mslp
		>  - greedy_service_order random
		>  - cutoff 0
		>  - cutoffmachs 6
		>  - num_machs 0
		>  - solver Gurobi
		>  - maxtime 3600
		>  - gurobiCuts 1
		>  - typeUserCut 0
		>  - mipPresolve -1
		>  - printsol 1
		>  - maxnodes -1
		>  - elevator 1
		>  - make_instance_feasible false
		>  - output /dados/rmelo/PDPTW-SE/benchmark_multi_floor_v3/official_experiments/multistartlp/preliminar/set_01_pt_01/logs
		>  - suff_outputs _seed_52_alpha_05p
		>  - suff_csv _bash_1
		>  - epsilon 0.005
		>  - epsilonCap 0.5
		>  - warmStart false
		>  - seed 52
		>  - rng Random.MersenneTwister(52)
		>  - alpha 0.05
		>  - maxiter 1000000
		>  - outputFlagGrbMIP 0
		>  - outputFlagGrbMSLP 0
		>  - outputFlagGrbLMNS 0
		>  - mslpr I
		>  - mslpa 60000
		>  - lmnsr M
		>  - lmnsa 60
		>  - lmnsRepairTime 30.0
		>  - lmnsMIPFocus 0
		>  - lmnsGapToBiggerDestruction 50
		>  - lmnsGapToSmallerDestruction 95
		>  - lmnsWeightShawDistProx 1.0
		>  - lmnsWeightShawEarlProx 1.0
		>  - lmnsWeightShawSameRoute 1.0
		>  - lmnsWeightShawDemandSim 1.0
		>  - lmnsReqRApplyMIPStart true
		>  - lmnsAcceptanceCriteria H
		>  - lmnsMetropolisTemp 100.0
		>  - lmnsSimulatedAnnealingTemp 100.0
		>  - lmnsSimulatedAnnealingCool 0.95
		>  - mipmaxtime 3600
		>  - csvfilename /dados/rmelo/PDPTW-SE/benchmark_multi_floor_v3/official_experiments/multistartlp/preliminar/set_01_pt_01/logs/heur_mslp/outputs/csvresults_heur_mslp_bash_1.csv
		>  - solfilename /dados/rmelo/PDPTW-SE/benchmark_multi_floor_v3/official_experiments/multistartlp/preliminar/set_01_pt_01/logs/heur_mslp/solutions/60R_60V_04F_06M/LR1_2_9_sol_genconfig_mslp_seed_52_alpha_05p.txt
		>  - timelineFilename /dados/rmelo/PDPTW-SE/benchmark_multi_floor_v3/official_experiments/multistartlp/preliminar/set_01_pt_01/logs/heur_mslp/timelines/60R_60V_04F_06M/LR1_2_9_timeline_genconfig_mslp_seed_52_alpha_05p.txt
		>  - grbFilename /dados/rmelo/PDPTW-SE/benchmark_multi_floor_v3/official_experiments/multistartlp/preliminar/set_01_pt_01/logs/heur_mslp/gurobi/60R_60V_04F_06M/LR1_2_9_grb_genconfig_mslp_seed_52_alpha_05p.log
		>  - threads 1
		>  - solverMethod AUTOMATIC

------------------------------------------------------
objValue;greedysol;iteration;time
13262.79;14363.75;1;0.036123
13094.71;13815.25;23;0.835628
12741.43;13549.21;273;3.900060
12689.75;13884.08;1438;17.168868
12560.95;13458.64;1462;17.450535
12556.64;13656.19;3466;41.236047
12483.48;13225.59;5667;67.371259
12456.31;13370.24;7133;84.122304
12213.24;13180.49;9567;113.036777
11977.59;12794.09;11090;131.103214
11916.32;13119.61;53871;629.178882

[22:37:28.526] Finished running MSLP

[22:37:28.526] Post running MSLP
Best solution value: 11916.32
Total time elapsed: 700.227136
Time to best: 629.178882
Iterations: 60000
Iterations to best: 53871
Improvements: 11
Infeasible solutions percentage: (59187 / 60000) = 98.6450 %
(LP improvements)/(LP runs) = 813/813 = 100.0000 %
Mean LP improvement percentage: 7.2362 %
[22:37:28.845] Writing results to CSV file: /dados/rmelo/PDPTW-SE/benchmark_multi_floor_v3/official_experiments/multistartlp/preliminar/set_01_pt_01/logs/heur_mslp/outputs/csvresults_heur_mslp_bash_1.csv

[22:37:30.81] Saving solution to file:/dados/rmelo/PDPTW-SE/benchmark_multi_floor_v3/official_experiments/multistartlp/preliminar/set_01_pt_01/logs/heur_mslp/solutions/60R_60V_04F_06M/LR1_2_9_sol_genconfig_mslp_seed_52_alpha_05p.txt

[22:37:30.81] Saving solution timeline to file: /dados/rmelo/PDPTW-SE/benchmark_multi_floor_v3/official_experiments/multistartlp/preliminar/set_01_pt_01/logs/heur_mslp/timelines/60R_60V_04F_06M/LR1_2_9_timeline_genconfig_mslp_seed_52_alpha_05p.txt
---------------------| VEHICLES |---------------------

Vehicle 0 :
	id: 0
		node: 1
		(x, y, z): (70, 70, 0)
		dem: 0
		earl: 0
		lat: 688
		servt: 0
		pid: 0
		did: 0
		servST: 142.37
		(h, h_ind): (-1, 0)
		load: 0.0

	Finished service at time: 142.37

	Using Machine: 1
		Task 0 -> Machine 1 (Station 1): 3.0
		Vehicle arrival at machine station: 145.37
		Waiting time until machine travel: 0.0

		Machine travel start time: 145.37
		Region 0 -> Region 1: 5.0
		Machine arrival at machine station: 150.37

		Machine 1 (Station 2)-> Task 113: 44.92
		Vehicle arrival at task: 195.29000000000002
		Waiting time until service start time: -0.0

	id: 113
		node: 53
		(x, y, z): (116, 83, 1)
		dem: 30
		earl: 157
		lat: 231
		servt: 10
		pid: 0
		did: 101
		servST: 195.29
		(h, h_ind): (1, 3)
		load: 30.0

	Finished service at time: 205.29

	Task 113 -> Task 38: 72.09
	Vehicle arrival at task: 277.38
	Waiting time until service start time: 0.0

	id: 38
		node: 19
		(x, y, z): (50, 112, 1)
		dem: 18
		earl: 212
		lat: 282
		servt: 10
		pid: 0
		did: 102
		servST: 277.38
		(h, h_ind): (-1, 0)
		load: 48.0

	Finished service at time: 287.38

	Task 38 -> Task 101: 41.62
	Vehicle arrival at task: 329.0
	Waiting time until service start time: 0.0

	id: 101
		node: 113
		(x, y, z): (84, 88, 1)
		dem: -30
		earl: 329
		lat: 414
		servt: 10
		pid: 113
		did: 0
		servST: 329.0
		(h, h_ind): (-1, 0)
		load: 18.0

	Finished service at time: 339.0

	Using Machine: 2
		Task 101 -> Machine 2 (Station 2): 23.43
		Vehicle arrival at machine station: 362.43
		Waiting time until machine travel: 0.0

		Machine travel start time: 362.43
		Region 1 -> Region 0: 5.0
		Machine arrival at machine station: 367.43

		Machine 2 (Station 1)-> Task 102: 85.6
		Vehicle arrival at task: 453.03
		Waiting time until service start time: 0.0

	id: 102
		node: 79
		(x, y, z): (17, 138, 0)
		dem: -18
		earl: 409
		lat: 487
		servt: 10
		pid: 38
		did: 0
		servST: 453.03
		(h, h_ind): (2, 8)
		load: 0.0

	Finished service at time: 463.03

	Task 102 -> Task 0: 86.21
	Vehicle arrival at task: 549.24
	Waiting time until service start time: 0.0

	id: 0
		node: 122
		(x, y, z): (70, 70, 0)
		dem: 0
		earl: 0
		lat: 688
		servt: 0
		pid: 0
		did: 0
		servST: 549.24
		(h, h_ind): (-1, 0)
		load: 0.0


Vehicle 1 :
	id: 0
		node: 1
		(x, y, z): (70, 70, 0)
		dem: 0
		earl: 0
		lat: 688
		servt: 0
		pid: 0
		did: 0
		servST: 8.76999999999994
		(h, h_ind): (-1, 0)
		load: 0.0

	Finished service at time: 8.76999999999994

	Task 0 -> Task 18: 37.58
	Vehicle arrival at task: 46.34999999999994
	Waiting time until service start time: 0.0

	id: 18
		node: 8
		(x, y, z): (104, 54, 0)
		dem: 13
		earl: 41
		lat: 94
		servt: 10
		pid: 0
		did: 66
		servST: 46.34999999999994
		(h, h_ind): (-1, 0)
		load: 13.0

	Finished service at time: 56.34999999999994

	Using Machine: 5
		Task 18 -> Machine 5 (Station 1): 31.38
		Vehicle arrival at machine station: 87.72999999999993
		Waiting time until machine travel: 0.0

		Machine travel start time: 87.72999999999993
		Region 0 -> Region 1: 5.0
		Machine arrival at machine station: 92.72999999999993

		Machine 5 (Station 2)-> Task 66: 71.59
		Vehicle arrival at task: 164.31999999999994
		Waiting time until service start time: 0.0

	id: 66
		node: 68
		(x, y, z): (140, 36, 1)
		dem: -13
		earl: 162
		lat: 220
		servt: 10
		pid: 18
		did: 0
		servST: 164.31999999999994
		(h, h_ind): (5, 4)
		load: 0.0

	Finished service at time: 174.31999999999994

	Using Machine: 3
		Task 66 -> Machine 3 (Station 2): 73.36
		Vehicle arrival at machine station: 247.67999999999995
		Waiting time until machine travel: 0.0

		Machine travel start time: 247.67999999999995
		Region 1 -> Region 3: 10.0
		Machine arrival at machine station: 257.67999999999995

		Machine 3 (Station 4)-> Task 134: 28.86
		Vehicle arrival at task: 286.53999999999996
		Waiting time until service start time: 0.0

	id: 134
		node: 60
		(x, y, z): (103, 77, 3)
		dem: 17
		earl: 282
		lat: 329
		servt: 10
		pid: 0
		did: 124
		servST: 286.53999999999996
		(h, h_ind): (3, 9)
		load: 17.0

	Finished service at time: 296.53999999999996

	Using Machine: 5
		Task 134 -> Machine 5 (Station 4): 26.93
		Vehicle arrival at machine station: 323.46999999999997
		Waiting time until machine travel: 0.0

		Machine travel start time: 323.46999999999997
		Region 3 -> Region 0: 15.0
		Machine arrival at machine station: 338.46999999999997

		Machine 5 (Station 1)-> Task 124: 30.53
		Vehicle arrival at task: 369.0
		Waiting time until service start time: 0.0

	id: 124
		node: 120
		(x, y, z): (103, 86, 0)
		dem: -17
		earl: 296
		lat: 369
		servt: 10
		pid: 134
		did: 0
		servST: 369.0
		(h, h_ind): (5, 10)
		load: 0.0

	Finished service at time: 379.0

	Task 124 -> Task 0: 36.67
	Vehicle arrival at task: 415.67
	Waiting time until service start time: 0.0

	id: 0
		node: 122
		(x, y, z): (70, 70, 0)
		dem: 0
		earl: 0
		lat: 688
		servt: 0
		pid: 0
		did: 0
		servST: 415.67
		(h, h_ind): (-1, 0)
		load: 0.0


Vehicle 2 :
	id: 0
		node: 1
		(x, y, z): (70, 70, 0)
		dem: 0
		earl: 0
		lat: 688
		servt: 0
		pid: 0
		did: 0
		servST: 55.25
		(h, h_ind): (-1, 0)
		load: 0.0

	Finished service at time: 55.25

	Task 0 -> Task 115: 94.75
	Vehicle arrival at task: 150.0
	Waiting time until service start time: 0.0

	id: 115
		node: 54
		(x, y, z): (137, 137, 0)
		dem: 27
		earl: 94
		lat: 150
		servt: 10
		pid: 0
		did: 122
		servST: 150.0
		(h, h_ind): (-1, 0)
		load: 27.0

	Finished service at time: 160.0

	Task 115 -> Task 122: 21.26
	Vehicle arrival at task: 181.26
	Waiting time until service start time: 57.74

	id: 122
		node: 114
		(x, y, z): (121, 123, 0)
		dem: -27
		earl: 239
		lat: 306
		servt: 10
		pid: 115
		did: 0
		servST: 239.0
		(h, h_ind): (-1, 0)
		load: 0.0

	Finished service at time: 249.0

	Task 122 -> Task 82: 117.0
	Vehicle arrival at task: 366.0
	Waiting time until service start time: 9.0

	id: 82
		node: 41
		(x, y, z): (10, 86, 0)
		dem: 14
		earl: 375
		lat: 477
		servt: 10
		pid: 0
		did: 74
		servST: 375.0
		(h, h_ind): (-1, 0)
		load: 14.0

	Finished service at time: 385.0

	Using Machine: 4
		Task 82 -> Machine 4 (Station 1): 59.2
		Vehicle arrival at machine station: 444.2
		Waiting time until machine travel: 0.0

		Machine travel start time: 444.2
		Region 0 -> Region 1: 5.0
		Machine arrival at machine station: 449.2

		Machine 4 (Station 2)-> Task 74: 37.74
		Vehicle arrival at task: 486.94
		Waiting time until service start time: 0.0

	id: 74
		node: 101
		(x, y, z): (35, 90, 1)
		dem: -14
		earl: 423
		lat: 499
		servt: 10
		pid: 82
		did: 0
		servST: 486.94
		(h, h_ind): (4, 18)
		load: 0.0

	Finished service at time: 496.94

	Using Machine: 4
		Task 74 -> Machine 4 (Station 2): 37.74
		Vehicle arrival at machine station: 534.68
		Waiting time until machine travel: 0.0

		Machine travel start time: 534.68
		Region 1 -> Region 0: 5.0
		Machine arrival at machine station: 539.68

		Machine 4 (Station 1)-> Task 0: 3.0
		Vehicle arrival at task: 542.68
		Waiting time until service start time: 0.0

	id: 0
		node: 122
		(x, y, z): (70, 70, 0)
		dem: 0
		earl: 0
		lat: 688
		servt: 0
		pid: 0
		did: 0
		servST: 542.68
		(h, h_ind): (4, 21)
		load: 0.0


Vehicle 4 :
	id: 0
		node: 1
		(x, y, z): (70, 70, 0)
		dem: 0
		earl: 0
		lat: 688
		servt: 0
		pid: 0
		did: 0
		servST: 0.4199999999999875
		(h, h_ind): (-1, 0)
		load: 0.0

	Finished service at time: 0.4199999999999875

	Task 0 -> Task 87: 13.45
	Vehicle arrival at task: 13.869999999999987
	Waiting time until service start time: 0.0

	id: 87
		node: 43
		(x, y, z): (79, 80, 0)
		dem: 4
		earl: 13
		lat: 56
		servt: 10
		pid: 0
		did: 92
		servST: 13.869999999999987
		(h, h_ind): (-1, 0)
		load: 4.0

	Finished service at time: 23.869999999999987

	Using Machine: 3
		Task 87 -> Machine 3 (Station 1): 10.77
		Vehicle arrival at machine station: 34.639999999999986
		Waiting time until machine travel: 0.0

		Machine travel start time: 34.639999999999986
		Region 0 -> Region 3: 15.0
		Machine arrival at machine station: 49.639999999999986

		Machine 3 (Station 4)-> Task 92: 55.22
		Vehicle arrival at task: 104.85999999999999
		Waiting time until service start time: 0.0

	id: 92
		node: 103
		(x, y, z): (120, 102, 3)
		dem: -4
		earl: 76
		lat: 148
		servt: 10
		pid: 87
		did: 0
		servST: 104.85999999999999
		(h, h_ind): (3, 3)
		load: 0.0

	Finished service at time: 114.85999999999999

	Using Machine: 3
		Task 92 -> Machine 3 (Station 4): 55.22
		Vehicle arrival at machine station: 170.07999999999998
		Waiting time until machine travel: 0.0

		Machine travel start time: 170.07999999999998
		Region 3 -> Region 1: 10.0
		Machine arrival at machine station: 180.07999999999998

		Machine 3 (Station 2)-> Task 80: 50.92
		Vehicle arrival at task: 231.0
		Waiting time until service start time: 0.0

	id: 80
		node: 39
		(x, y, z): (92, 22, 1)
		dem: 18
		earl: 178
		lat: 231
		servt: 10
		pid: 0
		did: 182
		servST: 231.0
		(h, h_ind): (3, 7)
		load: 18.0

	Finished service at time: 241.0

	Using Machine: 3
		Task 80 -> Machine 3 (Station 2): 50.92
		Vehicle arrival at machine station: 291.92
		Waiting time until machine travel: 0.0

		Machine travel start time: 291.92
		Region 1 -> Region 3: 10.0
		Machine arrival at machine station: 301.92

		Machine 3 (Station 4)-> Task 182: 48.08
		Vehicle arrival at task: 350.0
		Waiting time until service start time: 0.0

	id: 182
		node: 99
		(x, y, z): (89, 24, 3)
		dem: -18
		earl: 280
		lat: 353
		servt: 10
		pid: 80
		did: 0
		servST: 350.0
		(h, h_ind): (3, 10)
		load: 0.0

	Finished service at time: 360.0

	Using Machine: 0
		Task 182 -> Machine 0 (Station 4): 49.4
		Vehicle arrival at machine station: 409.4
		Waiting time until machine travel: 0.0

		Machine travel start time: 409.4
		Region 3 -> Region 0: 15.0
		Machine arrival at machine station: 424.4

		Machine 0 (Station 1)-> Task 0: 1.0
		Vehicle arrival at task: 425.4
		Waiting time until service start time: 0.0

	id: 0
		node: 122
		(x, y, z): (70, 70, 0)
		dem: 0
		earl: 0
		lat: 688
		servt: 0
		pid: 0
		did: 0
		servST: 425.4
		(h, h_ind): (0, 7)
		load: 0.0


Vehicle 7 :
	id: 0
		node: 1
		(x, y, z): (70, 70, 0)
		dem: 0
		earl: 0
		lat: 688
		servt: 0
		pid: 0
		did: 0
		servST: 12.890000000000008
		(h, h_ind): (-1, 0)
		load: 0.0

	Finished service at time: 12.890000000000008

	Using Machine: 5
		Task 0 -> Machine 5 (Station 1): 7.0
		Vehicle arrival at machine station: 19.890000000000008
		Waiting time until machine travel: 0.0

		Machine travel start time: 19.890000000000008
		Region 0 -> Region 2: 10.0
		Machine arrival at machine station: 29.890000000000008

		Machine 5 (Station 3)-> Task 44: 50.21
		Vehicle arrival at task: 80.10000000000001
		Waiting time until service start time: 0.0

	id: 44
		node: 21
		(x, y, z): (113, 35, 2)
		dem: 9
		earl: 55
		lat: 139
		servt: 10
		pid: 0
		did: 3
		servST: 80.10000000000001
		(h, h_ind): (5, 1)
		load: 9.0

	Finished service at time: 90.10000000000001

	Using Machine: 5
		Task 44 -> Machine 5 (Station 3): 50.21
		Vehicle arrival at machine station: 140.31
		Waiting time until machine travel: 0.0

		Machine travel start time: 140.31
		Region 2 -> Region 3: 5.0
		Machine arrival at machine station: 145.31

		Machine 5 (Station 4)-> Task 3: 64.44
		Vehicle arrival at task: 209.75
		Waiting time until service start time: 0.0

	id: 3
		node: 81
		(x, y, z): (120, 22, 3)
		dem: -9
		earl: 208
		lat: 271
		servt: 10
		pid: 44
		did: 0
		servST: 209.75
		(h, h_ind): (5, 5)
		load: 0.0

	Finished service at time: 219.75

	Using Machine: 1
		Task 3 -> Machine 1 (Station 4): 67.18
		Vehicle arrival at machine station: 286.93
		Waiting time until machine travel: 0.0

		Machine travel start time: 286.93
		Region 3 -> Region 1: 10.0
		Machine arrival at machine station: 296.93

		Machine 1 (Station 2)-> Task 33: 65.19
		Vehicle arrival at task: 362.12
		Waiting time until service start time: 0.0

	id: 33
		node: 17
		(x, y, z): (30, 21, 1)
		dem: 12
		earl: 304
		lat: 371
		servt: 10
		pid: 0
		did: 191
		servST: 362.12
		(h, h_ind): (1, 5)
		load: 12.0

	Finished service at time: 372.12

	Task 33 -> Task 191: 34.71
	Vehicle arrival at task: 406.83
	Waiting time until service start time: 7.17

	id: 191
		node: 77
		(x, y, z): (4, 44, 1)
		dem: -12
		earl: 414
		lat: 447
		servt: 10
		pid: 33
		did: 0
		servST: 414.0
		(h, h_ind): (-1, 0)
		load: 0.0

	Finished service at time: 424.0

	Using Machine: 2
		Task 191 -> Machine 2 (Station 2): 70.01
		Vehicle arrival at machine station: 494.01
		Waiting time until machine travel: 0.0

		Machine travel start time: 494.01
		Region 1 -> Region 0: 5.0
		Machine arrival at machine station: 499.01

		Machine 2 (Station 1)-> Task 0: 1.0
		Vehicle arrival at task: 500.01
		Waiting time until service start time: 0.0

	id: 0
		node: 122
		(x, y, z): (70, 70, 0)
		dem: 0
		earl: 0
		lat: 688
		servt: 0
		pid: 0
		did: 0
		servST: 500.01
		(h, h_ind): (2, 13)
		load: 0.0


Vehicle 10 :
	id: 0
		node: 1
		(x, y, z): (70, 70, 0)
		dem: 0
		earl: 0
		lat: 688
		servt: 0
		pid: 0
		did: 0
		servST: 120.98000000000002
		(h, h_ind): (-1, 0)
		load: 0.0

	Finished service at time: 120.98000000000002

	Task 0 -> Task 21: 68.47
	Vehicle arrival at task: 189.45000000000002
	Waiting time until service start time: 0.0

	id: 21
		node: 11
		(x, y, z): (138, 78, 0)
		dem: 43
		earl: 176
		lat: 259
		servt: 10
		pid: 0
		did: 126
		servST: 189.45000000000002
		(h, h_ind): (-1, 0)
		load: 43.0

	Finished service at time: 199.45000000000002

	Using Machine: 5
		Task 21 -> Machine 5 (Station 1): 61.52
		Vehicle arrival at machine station: 260.97
		Waiting time until machine travel: 0.0

		Machine travel start time: 260.97
		Region 0 -> Region 2: 10.0
		Machine arrival at machine station: 270.97

		Machine 5 (Station 3)-> Task 126: 62.03
		Vehicle arrival at task: 333.0
		Waiting time until service start time: 0.0

	id: 126
		node: 71
		(x, y, z): (139, 72, 2)
		dem: -43
		earl: 333
		lat: 371
		servt: 10
		pid: 21
		did: 0
		servST: 333.0
		(h, h_ind): (5, 9)
		load: 0.0

	Finished service at time: 343.0

	Using Machine: 3
		Task 126 -> Machine 3 (Station 3): 64.03
		Vehicle arrival at machine station: 407.03
		Waiting time until machine travel: 0.0

		Machine travel start time: 407.03
		Region 2 -> Region 0: 10.0
		Machine arrival at machine station: 417.03

		Machine 3 (Station 1)-> Task 0: 5.0
		Vehicle arrival at task: 422.03
		Waiting time until service start time: 0.0

	id: 0
		node: 122
		(x, y, z): (70, 70, 0)
		dem: 0
		earl: 0
		lat: 688
		servt: 0
		pid: 0
		did: 0
		servST: 422.03
		(h, h_ind): (3, 11)
		load: 0.0


Vehicle 16 :
	id: 0
		node: 1
		(x, y, z): (70, 70, 0)
		dem: 0
		earl: 0
		lat: 688
		servt: 0
		pid: 0
		did: 0
		servST: 0.7099999999999795
		(h, h_ind): (-1, 0)
		load: 0.0

	Finished service at time: 0.7099999999999795

	Using Machine: 4
		Task 0 -> Machine 4 (Station 1): 3.0
		Vehicle arrival at machine station: 3.7099999999999795
		Waiting time until machine travel: 0.0

		Machine travel start time: 3.7099999999999795
		Region 0 -> Region 1: 5.0
		Machine arrival at machine station: 8.70999999999998

		Machine 4 (Station 2)-> Task 7: 35.51
		Vehicle arrival at task: 44.21999999999998
		Waiting time until service start time: 9.78

	id: 7
		node: 5
		(x, y, z): (86, 40, 1)
		dem: 22
		earl: 34
		lat: 54
		servt: 10
		pid: 0
		did: 28
		servST: 54.0
		(h, h_ind): (4, 1)
		load: 22.0

	Finished service at time: 64.0

	Task 7 -> Task 72: 32.76
	Vehicle arrival at task: 96.75999999999999
	Waiting time until service start time: 20.24

	id: 72
		node: 35
		(x, y, z): (54, 33, 1)
		dem: 20
		earl: 40
		lat: 117
		servt: 10
		pid: 0
		did: 167
		servST: 117.0
		(h, h_ind): (-1, 0)
		load: 42.0

	Finished service at time: 127.0

	Task 72 -> Task 64: 47.85
	Vehicle arrival at task: 174.85
	Waiting time until service start time: 8.15

	id: 64
		node: 32
		(x, y, z): (97, 12, 1)
		dem: 10
		earl: 183
		lat: 260
		servt: 10
		pid: 0
		did: 195
		servST: 183.0
		(h, h_ind): (-1, 0)
		load: 52.0

	Finished service at time: 193.0

	Task 64 -> Task 195: 12.81
	Vehicle arrival at task: 205.81
	Waiting time until service start time: 2.19

	id: 195
		node: 92
		(x, y, z): (105, 2, 1)
		dem: -10
		earl: 208
		lat: 269
		servt: 10
		pid: 64
		did: 0
		servST: 208.0
		(h, h_ind): (-1, 0)
		load: 42.0

	Finished service at time: 218.0

	Using Machine: 2
		Task 195 -> Machine 2 (Station 2): 76.94
		Vehicle arrival at machine station: 294.94
		Waiting time until machine travel: 4.65

		Machine travel start time: 299.59000000000003
		Region 1 -> Region 2: 5.0
		Machine arrival at machine station: 304.59000000000003

		Machine 2 (Station 3)-> Task 167: 64.41
		Vehicle arrival at task: 369.0
		Waiting time until service start time: 0.0

	id: 167
		node: 95
		(x, y, z): (39, 13, 2)
		dem: -20
		earl: 369
		lat: 413
		servt: 10
		pid: 72
		did: 0
		servST: 369.0
		(h, h_ind): (2, 7)
		load: 22.0

	Finished service at time: 379.0

	Task 167 -> Task 28: 51.01
	Vehicle arrival at task: 430.01
	Waiting time until service start time: 30.99

	id: 28
		node: 65
		(x, y, z): (90, 14, 2)
		dem: -22
		earl: 461
		lat: 496
		servt: 10
		pid: 7
		did: 0
		servST: 461.0
		(h, h_ind): (-1, 0)
		load: 0.0

	Finished service at time: 471.0

	Using Machine: 1
		Task 28 -> Machine 1 (Station 3): 58.52
		Vehicle arrival at machine station: 529.52
		Waiting time until machine travel: 0.0

		Machine travel start time: 529.52
		Region 2 -> Region 0: 10.0
		Machine arrival at machine station: 539.52

		Machine 1 (Station 1)-> Task 0: 3.0
		Vehicle arrival at task: 542.52
		Waiting time until service start time: 0.0

	id: 0
		node: 122
		(x, y, z): (70, 70, 0)
		dem: 0
		earl: 0
		lat: 688
		servt: 0
		pid: 0
		did: 0
		servST: 542.52
		(h, h_ind): (1, 7)
		load: 0.0


Vehicle 18 :
	id: 0
		node: 1
		(x, y, z): (70, 70, 0)
		dem: 0
		earl: 0
		lat: 688
		servt: 0
		pid: 0
		did: 0
		servST: 2.7400000000000233
		(h, h_ind): (-1, 0)
		load: 0.0

	Finished service at time: 2.7400000000000233

	Task 0 -> Task 71: 85.91
	Vehicle arrival at task: 88.65000000000002
	Waiting time until service start time: 0.0

	id: 71
		node: 34
		(x, y, z): (15, 4, 0)
		dem: 23
		earl: 85
		lat: 166
		servt: 10
		pid: 0
		did: 175
		servST: 88.65000000000002
		(h, h_ind): (-1, 0)
		load: 23.0

	Finished service at time: 98.65000000000002

	Task 71 -> Task 60: 108.76
	Vehicle arrival at task: 207.41000000000003
	Waiting time until service start time: 0.0

	id: 60
		node: 30
		(x, y, z): (73, 96, 0)
		dem: 9
		earl: 144
		lat: 219
		servt: 10
		pid: 0
		did: 183
		servST: 207.41000000000003
		(h, h_ind): (-1, 0)
		load: 32.0

	Finished service at time: 217.41000000000003

	Using Machine: 2
		Task 60 -> Machine 2 (Station 1): 26.31
		Vehicle arrival at machine station: 243.72000000000003
		Waiting time until machine travel: 0.0

		Machine travel start time: 243.72000000000003
		Region 0 -> Region 1: 5.0
		Machine arrival at machine station: 248.72000000000003

		Machine 2 (Station 2)-> Task 175: 18.36
		Vehicle arrival at task: 267.08000000000004
		Waiting time until service start time: 0.0

	id: 175
		node: 94
		(x, y, z): (60, 54, 1)
		dem: -23
		earl: 233
		lat: 275
		servt: 10
		pid: 71
		did: 0
		servST: 267.08000000000004
		(h, h_ind): (2, 5)
		load: 9.0

	Finished service at time: 277.08000000000004

	Using Machine: 4
		Task 175 -> Machine 4 (Station 2): 17.46
		Vehicle arrival at machine station: 294.54
		Waiting time until machine travel: 0.0

		Machine travel start time: 294.54
		Region 1 -> Region 0: 5.0
		Machine arrival at machine station: 299.54

		Machine 4 (Station 1)-> Task 183: 50.0
		Vehicle arrival at task: 349.54
		Waiting time until service start time: 0.0

	id: 183
		node: 90
		(x, y, z): (67, 120, 0)
		dem: -9
		earl: 347
		lat: 400
		servt: 10
		pid: 60
		did: 0
		servST: 349.54
		(h, h_ind): (4, 13)
		load: 0.0

	Finished service at time: 359.54

	Task 183 -> Task 0: 50.09
	Vehicle arrival at task: 409.63
	Waiting time until service start time: 0.0

	id: 0
		node: 122
		(x, y, z): (70, 70, 0)
		dem: 0
		earl: 0
		lat: 688
		servt: 0
		pid: 0
		did: 0
		servST: 409.63
		(h, h_ind): (-1, 0)
		load: 0.0


Vehicle 19 :
	id: 0
		node: 1
		(x, y, z): (70, 70, 0)
		dem: 0
		earl: 0
		lat: 688
		servt: 0
		pid: 0
		did: 0
		servST: 10.70999999999998
		(h, h_ind): (-1, 0)
		load: 0.0

	Finished service at time: 10.70999999999998

	Using Machine: 4
		Task 0 -> Machine 4 (Station 1): 3.0
		Vehicle arrival at machine station: 13.70999999999998
		Waiting time until machine travel: 0.0

		Machine travel start time: 13.70999999999998
		Region 0 -> Region 2: 10.0
		Machine arrival at machine station: 23.70999999999998

		Machine 4 (Station 3)-> Task 15: 42.8
		Vehicle arrival at task: 66.50999999999998
		Waiting time until service start time: 0.0

	id: 15
		node: 7
		(x, y, z): (41, 36, 2)
		dem: 13
		earl: 44
		lat: 115
		servt: 10
		pid: 0
		did: 56
		servST: 66.50999999999998
		(h, h_ind): (4, 2)
		load: 13.0

	Finished service at time: 76.50999999999998

	Task 15 -> Task 85: 31.38
	Vehicle arrival at task: 107.88999999999997
	Waiting time until service start time: 0.0

	id: 85
		node: 42
		(x, y, z): (12, 48, 2)
		dem: 4
		earl: 62
		lat: 159
		servt: 10
		pid: 0
		did: 12
		servST: 107.88999999999997
		(h, h_ind): (-1, 0)
		load: 17.0

	Finished service at time: 117.88999999999997

	Task 85 -> Task 54: 20.4
	Vehicle arrival at task: 138.28999999999996
	Waiting time until service start time: 3.71

	id: 54
		node: 26
		(x, y, z): (32, 52, 2)
		dem: 32
		earl: 142
		lat: 190
		servt: 10
		pid: 0
		did: 96
		servST: 142.0
		(h, h_ind): (-1, 0)
		load: 49.0

	Finished service at time: 152.0

	Using Machine: 4
		Task 54 -> Machine 4 (Station 3): 39.36
		Vehicle arrival at machine station: 191.36
		Waiting time until machine travel: 0.0

		Machine travel start time: 191.36
		Region 2 -> Region 1: 5.0
		Machine arrival at machine station: 196.36

		Machine 4 (Station 2)-> Task 12: 56.75
		Vehicle arrival at task: 253.11
		Waiting time until service start time: 0.0

	id: 12
		node: 102
		(x, y, z): (12, 84, 1)
		dem: -4
		earl: 200
		lat: 278
		servt: 10
		pid: 85
		did: 0
		servST: 253.11
		(h, h_ind): (4, 9)
		load: 45.0

	Finished service at time: 263.11

	Task 12 -> Task 56: 60.11
	Vehicle arrival at task: 323.22
	Waiting time until service start time: 0.0

	id: 56
		node: 67
		(x, y, z): (54, 41, 1)
		dem: -13
		earl: 266
		lat: 327
		servt: 10
		pid: 15
		did: 0
		servST: 323.22
		(h, h_ind): (-1, 0)
		load: 32.0

	Finished service at time: 333.22

	Task 56 -> Task 96: 46.23
	Vehicle arrival at task: 379.45000000000005
	Waiting time until service start time: 0.0

	id: 96
		node: 86
		(x, y, z): (18, 70, 1)
		dem: -32
		earl: 378
		lat: 433
		servt: 10
		pid: 54
		did: 0
		servST: 379.45000000000005
		(h, h_ind): (-1, 0)
		load: 0.0

	Finished service at time: 389.45000000000005

	Using Machine: 2
		Task 96 -> Machine 2 (Station 2): 51.0
		Vehicle arrival at machine station: 440.45000000000005
		Waiting time until machine travel: 0.0

		Machine travel start time: 440.45000000000005
		Region 1 -> Region 0: 5.0
		Machine arrival at machine station: 445.45000000000005

		Machine 2 (Station 1)-> Task 0: 1.0
		Vehicle arrival at task: 446.45000000000005
		Waiting time until service start time: 0.0

	id: 0
		node: 122
		(x, y, z): (70, 70, 0)
		dem: 0
		earl: 0
		lat: 688
		servt: 0
		pid: 0
		did: 0
		servST: 446.45000000000005
		(h, h_ind): (2, 11)
		load: 0.0


Vehicle 22 :
	id: 0
		node: 1
		(x, y, z): (70, 70, 0)
		dem: 0
		earl: 0
		lat: 688
		servt: 0
		pid: 0
		did: 0
		servST: 150.18
		(h, h_ind): (-1, 0)
		load: 0.0

	Finished service at time: 150.18

	Task 0 -> Task 19: 58.82
	Vehicle arrival at task: 209.0
	Waiting time until service start time: 0.0

	id: 19
		node: 9
		(x, y, z): (22, 104, 0)
		dem: 11
		earl: 209
		lat: 283
		servt: 10
		pid: 0
		did: 114
		servST: 209.0
		(h, h_ind): (-1, 0)
		load: 11.0

	Finished service at time: 219.0

	Using Machine: 4
		Task 19 -> Machine 4 (Station 1): 56.4
		Vehicle arrival at machine station: 275.4
		Waiting time until machine travel: 0.0

		Machine travel start time: 275.4
		Region 0 -> Region 1: 5.0
		Machine arrival at machine station: 280.4

		Machine 4 (Station 2)-> Task 114: 44.94
		Vehicle arrival at task: 325.34
		Waiting time until service start time: 0.0

	id: 114
		node: 69
		(x, y, z): (29, 94, 1)
		dem: -11
		earl: 280
		lat: 332
		servt: 10
		pid: 19
		did: 0
		servST: 325.34
		(h, h_ind): (4, 11)
		load: 0.0

	Finished service at time: 335.34

	Using Machine: 2
		Task 114 -> Machine 2 (Station 2): 46.65
		Vehicle arrival at machine station: 381.98999999999995
		Waiting time until machine travel: 0.0

		Machine travel start time: 381.98999999999995
		Region 1 -> Region 0: 5.0
		Machine arrival at machine station: 386.98999999999995

		Machine 2 (Station 1)-> Task 0: 1.0
		Vehicle arrival at task: 387.98999999999995
		Waiting time until service start time: 0.0

	id: 0
		node: 122
		(x, y, z): (70, 70, 0)
		dem: 0
		earl: 0
		lat: 688
		servt: 0
		pid: 0
		did: 0
		servST: 387.98999999999995
		(h, h_ind): (2, 9)
		load: 0.0


Vehicle 26 :
	id: 0
		node: 1
		(x, y, z): (70, 70, 0)
		dem: 0
		earl: 0
		lat: 688
		servt: 0
		pid: 0
		did: 0
		servST: 9.639999999999986
		(h, h_ind): (-1, 0)
		load: 0.0

	Finished service at time: 9.639999999999986

	Using Machine: 3
		Task 0 -> Machine 3 (Station 1): 5.0
		Vehicle arrival at machine station: 14.639999999999986
		Waiting time until machine travel: 0.0

		Machine travel start time: 14.639999999999986
		Region 0 -> Region 1: 5.0
		Machine arrival at machine station: 19.639999999999986

		Machine 3 (Station 2)-> Task 63: 38.21
		Vehicle arrival at task: 57.84999999999999
		Waiting time until service start time: 0.0

	id: 63
		node: 31
		(x, y, z): (103, 44, 1)
		dem: 12
		earl: 42
		lat: 72
		servt: 10
		pid: 0
		did: 11
		servST: 57.84999999999999
		(h, h_ind): (3, 1)
		load: 12.0

	Finished service at time: 67.85

	Task 63 -> Task 120: 23.35
	Vehicle arrival at task: 91.19999999999999
	Waiting time until service start time: 0.0

	id: 120
		node: 57
		(x, y, z): (120, 60, 1)
		dem: 18
		earl: 50
		lat: 136
		servt: 10
		pid: 0
		did: 75
		servST: 91.19999999999999
		(h, h_ind): (-1, 0)
		load: 30.0

	Finished service at time: 101.19999999999999

	Using Machine: 3
		Task 120 -> Machine 3 (Station 2): 46.1
		Vehicle arrival at machine station: 147.29999999999998
		Waiting time until machine travel: 0.0

		Machine travel start time: 147.29999999999998
		Region 1 -> Region 0: 5.0
		Machine arrival at machine station: 152.29999999999998

		Machine 3 (Station 1)-> Task 25: 55.22
		Vehicle arrival at task: 207.51999999999998
		Waiting time until service start time: 41.48

	id: 25
		node: 14
		(x, y, z): (107, 25, 0)
		dem: 13
		earl: 249
		lat: 329
		servt: 10
		pid: 0
		did: 116
		servST: 249.0
		(h, h_ind): (3, 5)
		load: 43.0

	Finished service at time: 259.0

	Task 25 -> Task 116: 4.24
	Vehicle arrival at task: 263.24
	Waiting time until service start time: 85.76

	id: 116
		node: 74
		(x, y, z): (110, 28, 0)
		dem: -13
		earl: 291
		lat: 349
		servt: 10
		pid: 25
		did: 0
		servST: 349.0
		(h, h_ind): (-1, 0)
		load: 30.0

	Finished service at time: 359.0

	Task 116 -> Task 11: 19.42
	Vehicle arrival at task: 378.42
	Waiting time until service start time: 0.0

	id: 11
		node: 91
		(x, y, z): (129, 24, 0)
		dem: -12
		earl: 309
		lat: 390
		servt: 10
		pid: 63
		did: 0
		servST: 378.42
		(h, h_ind): (-1, 0)
		load: 18.0

	Finished service at time: 388.42

	Task 11 -> Task 49: 23.32
	Vehicle arrival at task: 411.74
	Waiting time until service start time: 0.0

	id: 49
		node: 23
		(x, y, z): (117, 4, 0)
		dem: 9
		earl: 407
		lat: 459
		servt: 10
		pid: 0
		did: 27
		servST: 411.74
		(h, h_ind): (-1, 0)
		load: 27.0

	Finished service at time: 421.74

	Task 49 -> Task 27: 16.49
	Vehicle arrival at task: 438.23
	Waiting time until service start time: 44.77

	id: 27
		node: 83
		(x, y, z): (101, 0, 0)
		dem: -9
		earl: 483
		lat: 543
		servt: 10
		pid: 49
		did: 0
		servST: 483.0
		(h, h_ind): (-1, 0)
		load: 18.0

	Finished service at time: 493.0

	Task 27 -> Task 75: 31.78
	Vehicle arrival at task: 524.78
	Waiting time until service start time: 0.0

	id: 75
		node: 117
		(x, y, z): (88, 29, 0)
		dem: -18
		earl: 514
		lat: 580
		servt: 10
		pid: 120
		did: 0
		servST: 524.78
		(h, h_ind): (-1, 0)
		load: 0.0

	Finished service at time: 534.78

	Task 75 -> Task 0: 44.78
	Vehicle arrival at task: 579.56
	Waiting time until service start time: 0.0

	id: 0
		node: 122
		(x, y, z): (70, 70, 0)
		dem: 0
		earl: 0
		lat: 688
		servt: 0
		pid: 0
		did: 0
		servST: 579.56
		(h, h_ind): (-1, 0)
		load: 0.0


Vehicle 27 :
	id: 0
		node: 1
		(x, y, z): (70, 70, 0)
		dem: 0
		earl: 0
		lat: 688
		servt: 0
		pid: 0
		did: 0
		servST: 1.6199999999999903
		(h, h_ind): (-1, 0)
		load: 0.0

	Finished service at time: 1.6199999999999903

	Task 0 -> Task 117: 73.25
	Vehicle arrival at task: 74.86999999999999
	Waiting time until service start time: 0.0

	id: 117
		node: 55
		(x, y, z): (116, 13, 0)
		dem: 5
		earl: 73
		lat: 147
		servt: 10
		pid: 0
		did: 79
		servST: 74.86999999999999
		(h, h_ind): (-1, 0)
		load: 5.0

	Finished service at time: 84.86999999999999

	Using Machine: 3
		Task 117 -> Machine 3 (Station 1): 70.21
		Vehicle arrival at machine station: 155.07999999999998
		Waiting time until machine travel: 0.0

		Machine travel start time: 155.07999999999998
		Region 0 -> Region 3: 15.0
		Machine arrival at machine station: 170.07999999999998

		Machine 3 (Station 4)-> Task 79: 45.49
		Vehicle arrival at task: 215.57
		Waiting time until service start time: 48.43

	id: 79
		node: 115
		(x, y, z): (113, 45, 3)
		dem: -5
		earl: 264
		lat: 364
		servt: 10
		pid: 117
		did: 0
		servST: 264.0
		(h, h_ind): (3, 6)
		load: 0.0

	Finished service at time: 274.0

	Task 79 -> Task 118: 88.41
	Vehicle arrival at task: 362.40999999999997
	Waiting time until service start time: 0.0

	id: 118
		node: 56
		(x, y, z): (59, 115, 3)
		dem: 26
		earl: 289
		lat: 368
		servt: 10
		pid: 0
		did: 105
		servST: 362.40999999999997
		(h, h_ind): (-1, 0)
		load: 26.0

	Finished service at time: 372.40999999999997

	Using Machine: 4
		Task 118 -> Machine 4 (Station 4): 45.71
		Vehicle arrival at machine station: 418.11999999999995
		Waiting time until machine travel: 11.08

		Machine travel start time: 429.2
		Region 3 -> Region 0: 15.0
		Machine arrival at machine station: 444.2

		Machine 4 (Station 1)-> Task 105: 13.34
		Vehicle arrival at task: 457.53999999999996
		Waiting time until service start time: 21.46

	id: 105
		node: 116
		(x, y, z): (70, 83, 0)
		dem: -26
		earl: 479
		lat: 521
		servt: 10
		pid: 118
		did: 0
		servST: 479.0
		(h, h_ind): (4, 17)
		load: 0.0

	Finished service at time: 489.0

	Task 105 -> Task 0: 13.0
	Vehicle arrival at task: 502.0
	Waiting time until service start time: 0.0

	id: 0
		node: 122
		(x, y, z): (70, 70, 0)
		dem: 0
		earl: 0
		lat: 688
		servt: 0
		pid: 0
		did: 0
		servST: 502.0
		(h, h_ind): (-1, 0)
		load: 0.0


Vehicle 28 :
	id: 0
		node: 1
		(x, y, z): (70, 70, 0)
		dem: 0
		earl: 0
		lat: 688
		servt: 0
		pid: 0
		did: 0
		servST: 30.529999999999966
		(h, h_ind): (-1, 0)
		load: 0.0

	Finished service at time: 30.529999999999966

	Using Machine: 2
		Task 0 -> Machine 2 (Station 1): 1.0
		Vehicle arrival at machine station: 31.529999999999966
		Waiting time until machine travel: 0.0

		Machine travel start time: 31.529999999999966
		Region 0 -> Region 2: 10.0
		Machine arrival at machine station: 41.529999999999966

		Machine 2 (Station 3)-> Task 112: 41.98
		Vehicle arrival at task: 83.50999999999996
		Waiting time until service start time: 0.0

	id: 112
		node: 52
		(x, y, z): (78, 111, 2)
		dem: 22
		earl: 41
		lat: 118
		servt: 10
		pid: 0
		did: 121
		servST: 83.50999999999996
		(h, h_ind): (2, 2)
		load: 22.0

	Finished service at time: 93.50999999999996

	Task 112 -> Task 2: 41.77
	Vehicle arrival at task: 135.27999999999997
	Waiting time until service start time: 0.0

	id: 2
		node: 3
		(x, y, z): (109, 139, 2)
		dem: 8
		earl: 94
		lat: 162
		servt: 10
		pid: 0
		did: 42
		servST: 135.27999999999997
		(h, h_ind): (-1, 0)
		load: 30.0

	Finished service at time: 145.27999999999997

	Using Machine: 5
		Task 2 -> Machine 5 (Station 3): 76.06
		Vehicle arrival at machine station: 221.33999999999997
		Waiting time until machine travel: 0.0

		Machine travel start time: 221.33999999999997
		Region 2 -> Region 1: 5.0
		Machine arrival at machine station: 226.33999999999997

		Machine 5 (Station 2)-> Task 69: 27.17
		Vehicle arrival at task: 253.51
		Waiting time until service start time: 0.0

	id: 69
		node: 33
		(x, y, z): (104, 73, 1)
		dem: 17
		earl: 238
		lat: 290
		servt: 10
		pid: 0
		did: 103
		servST: 253.51
		(h, h_ind): (5, 7)
		load: 47.0

	Finished service at time: 263.51

	Task 69 -> Task 121: 42.49
	Vehicle arrival at task: 306.0
	Waiting time until service start time: 0.0

	id: 121
		node: 112
		(x, y, z): (85, 111, 1)
		dem: -22
		earl: 230
		lat: 306
		servt: 10
		pid: 112
		did: 0
		servST: 306.0
		(h, h_ind): (-1, 0)
		load: 25.0

	Finished service at time: 316.0

	Task 121 -> Task 103: 34.13
	Vehicle arrival at task: 350.13
	Waiting time until service start time: 0.0

	id: 103
		node: 93
		(x, y, z): (103, 82, 1)
		dem: -17
		earl: 307
		lat: 376
		servt: 10
		pid: 69
		did: 0
		servST: 350.13
		(h, h_ind): (-1, 0)
		load: 8.0

	Finished service at time: 360.13

	Task 103 -> Task 42: 43.68
	Vehicle arrival at task: 403.81
	Waiting time until service start time: 0.0

	id: 42
		node: 63
		(x, y, z): (115, 124, 1)
		dem: -8
		earl: 399
		lat: 454
		servt: 10
		pid: 2
		did: 0
		servST: 403.81
		(h, h_ind): (-1, 0)
		load: 0.0

	Finished service at time: 413.81

	Using Machine: 0
		Task 42 -> Machine 0 (Station 2): 69.66
		Vehicle arrival at machine station: 483.47
		Waiting time until machine travel: 0.0

		Machine travel start time: 483.47
		Region 1 -> Region 0: 5.0
		Machine arrival at machine station: 488.47

		Machine 0 (Station 1)-> Task 0: 1.0
		Vehicle arrival at task: 489.47
		Waiting time until service start time: 0.0

	id: 0
		node: 122
		(x, y, z): (70, 70, 0)
		dem: 0
		earl: 0
		lat: 688
		servt: 0
		pid: 0
		did: 0
		servST: 489.47
		(h, h_ind): (0, 9)
		load: 0.0


Vehicle 30 :
	id: 0
		node: 1
		(x, y, z): (70, 70, 0)
		dem: 0
		earl: 0
		lat: 688
		servt: 0
		pid: 0
		did: 0
		servST: 28.11999999999999
		(h, h_ind): (-1, 0)
		load: 0.0

	Finished service at time: 28.11999999999999

	Task 0 -> Task 81: 15.81
	Vehicle arrival at task: 43.92999999999999
	Waiting time until service start time: 0.0

	id: 81
		node: 40
		(x, y, z): (85, 75, 0)
		dem: 37
		earl: 15
		lat: 85
		servt: 10
		pid: 0
		did: 138
		servST: 43.92999999999999
		(h, h_ind): (-1, 0)
		load: 37.0

	Finished service at time: 53.92999999999999

	Task 81 -> Task 30: 60.75
	Vehicle arrival at task: 114.67999999999999
	Waiting time until service start time: 0.0

	id: 30
		node: 16
		(x, y, z): (64, 132, 0)
		dem: 8
		earl: 62
		lat: 121
		servt: 10
		pid: 0
		did: 10
		servST: 114.67999999999999
		(h, h_ind): (-1, 0)
		load: 45.0

	Finished service at time: 124.67999999999999

	Using Machine: 2
		Task 30 -> Machine 2 (Station 1): 62.2
		Vehicle arrival at machine station: 186.88
		Waiting time until machine travel: 0.0

		Machine travel start time: 186.88
		Region 0 -> Region 2: 10.0
		Machine arrival at machine station: 196.88

		Machine 2 (Station 3)-> Task 98: 72.8
		Vehicle arrival at task: 269.68
		Waiting time until service start time: 0.0

	id: 98
		node: 46
		(x, y, z): (49, 140, 2)
		dem: 3
		earl: 224
		lat: 275
		servt: 10
		pid: 0
		did: 62
		servST: 269.68
		(h, h_ind): (2, 4)
		load: 48.0

	Finished service at time: 279.68

	Task 98 -> Task 62: 14.32
	Vehicle arrival at task: 294.0
	Waiting time until service start time: 0.0

	id: 62
		node: 106
		(x, y, z): (55, 127, 2)
		dem: -3
		earl: 253
		lat: 294
		servt: 10
		pid: 98
		did: 0
		servST: 294.0
		(h, h_ind): (-1, 0)
		load: 45.0

	Finished service at time: 304.0

	Task 62 -> Task 138: 25.0
	Vehicle arrival at task: 329.0
	Waiting time until service start time: 0.0

	id: 138
		node: 100
		(x, y, z): (55, 102, 2)
		dem: -37
		earl: 285
		lat: 374
		servt: 10
		pid: 81
		did: 0
		servST: 329.0
		(h, h_ind): (-1, 0)
		load: 8.0

	Finished service at time: 339.0

	Using Machine: 4
		Task 138 -> Machine 4 (Station 3): 34.18
		Vehicle arrival at machine station: 373.18
		Waiting time until machine travel: 0.46

		Machine travel start time: 373.64
		Region 2 -> Region 3: 5.0
		Machine arrival at machine station: 378.64

		Machine 4 (Station 4)-> Task 10: 50.77
		Vehicle arrival at task: 429.40999999999997
		Waiting time until service start time: 36.59

	id: 10
		node: 76
		(x, y, z): (40, 113, 3)
		dem: -8
		earl: 466
		lat: 517
		servt: 10
		pid: 30
		did: 0
		servST: 466.0
		(h, h_ind): (4, 15)
		load: 0.0

	Finished service at time: 476.0

	Using Machine: 2
		Task 10 -> Machine 2 (Station 4): 51.87
		Vehicle arrival at machine station: 527.87
		Waiting time until machine travel: 0.0

		Machine travel start time: 527.87
		Region 3 -> Region 0: 15.0
		Machine arrival at machine station: 542.87

		Machine 2 (Station 1)-> Task 0: 1.0
		Vehicle arrival at task: 543.87
		Waiting time until service start time: 0.0

	id: 0
		node: 122
		(x, y, z): (70, 70, 0)
		dem: 0
		earl: 0
		lat: 688
		servt: 0
		pid: 0
		did: 0
		servST: 543.87
		(h, h_ind): (2, 14)
		load: 0.0


Vehicle 31 :
	id: 0
		node: 1
		(x, y, z): (70, 70, 0)
		dem: 0
		earl: 0
		lat: 688
		servt: 0
		pid: 0
		did: 0
		servST: 76.66
		(h, h_ind): (-1, 0)
		load: 0.0

	Finished service at time: 76.66

	Using Machine: 0
		Task 0 -> Machine 0 (Station 1): 1.0
		Vehicle arrival at machine station: 77.66
		Waiting time until machine travel: 0.0

		Machine travel start time: 77.66
		Region 0 -> Region 2: 10.0
		Machine arrival at machine station: 87.66

		Machine 0 (Station 3)-> Task 8: 73.59
		Vehicle arrival at task: 161.25
		Waiting time until service start time: 0.0

	id: 8
		node: 6
		(x, y, z): (121, 124, 2)
		dem: 21
		earl: 147
		lat: 183
		servt: 10
		pid: 0
		did: 17
		servST: 161.25
		(h, h_ind): (0, 2)
		load: 21.0

	Finished service at time: 171.25

	Using Machine: 5
		Task 8 -> Machine 5 (Station 3): 69.66
		Vehicle arrival at machine station: 240.91
		Waiting time until machine travel: 0.0

		Machine travel start time: 240.91
		Region 2 -> Region 0: 10.0
		Machine arrival at machine station: 250.91

		Machine 5 (Station 1)-> Task 17: 74.09
		Vehicle arrival at task: 325.0
		Waiting time until service start time: 0.0

	id: 17
		node: 66
		(x, y, z): (104, 139, 0)
		dem: -21
		earl: 325
		lat: 376
		servt: 10
		pid: 8
		did: 0
		servST: 325.0
		(h, h_ind): (5, 8)
		load: 0.0

	Finished service at time: 335.0

	Task 17 -> Task 0: 76.92
	Vehicle arrival at task: 411.92
	Waiting time until service start time: 0.0

	id: 0
		node: 122
		(x, y, z): (70, 70, 0)
		dem: 0
		earl: 0
		lat: 688
		servt: 0
		pid: 0
		did: 0
		servST: 411.92
		(h, h_ind): (-1, 0)
		load: 0.0


Vehicle 33 :
	id: 0
		node: 1
		(x, y, z): (70, 70, 0)
		dem: 0
		earl: 0
		lat: 688
		servt: 0
		pid: 0
		did: 0
		servST: 19.639999999999986
		(h, h_ind): (-1, 0)
		load: 0.0

	Finished service at time: 19.639999999999986

	Using Machine: 3
		Task 0 -> Machine 3 (Station 1): 5.0
		Vehicle arrival at machine station: 24.639999999999986
		Waiting time until machine travel: 0.0

		Machine travel start time: 24.639999999999986
		Region 0 -> Region 1: 5.0
		Machine arrival at machine station: 29.639999999999986

		Machine 3 (Station 2)-> Task 106: 47.07
		Vehicle arrival at task: 76.70999999999998
		Waiting time until service start time: 0.0

	id: 106
		node: 50
		(x, y, z): (29, 60, 1)
		dem: 14
		earl: 42
		lat: 126
		servt: 10
		pid: 0
		did: 94
		servST: 76.70999999999998
		(h, h_ind): (3, 2)
		load: 14.0

	Finished service at time: 86.70999999999998

	Task 106 -> Task 94: 27.31
	Vehicle arrival at task: 114.01999999999998
	Waiting time until service start time: 26.69

	id: 94
		node: 110
		(x, y, z): (4, 71, 1)
		dem: -14
		earl: 131
		lat: 219
		servt: 10
		pid: 106
		did: 0
		servST: 140.71
		(h, h_ind): (-1, 0)
		load: 0.0

	Finished service at time: 150.71

	Task 94 -> Task 104: 61.29
	Vehicle arrival at task: 212.0
	Waiting time until service start time: 0.0

	id: 104
		node: 49
		(x, y, z): (38, 122, 1)
		dem: 13
		earl: 212
		lat: 287
		servt: 10
		pid: 0
		did: 177
		servST: 212.0
		(h, h_ind): (-1, 0)
		load: 13.0

	Finished service at time: 222.0

	Using Machine: 4
		Task 104 -> Machine 4 (Station 2): 59.54
		Vehicle arrival at machine station: 281.54
		Waiting time until machine travel: -0.0

		Machine travel start time: 281.53999999999996
		Region 1 -> Region 2: 5.0
		Machine arrival at machine station: 286.53999999999996

		Machine 4 (Station 3)-> Task 177: 79.98
		Vehicle arrival at task: 366.52
		Waiting time until service start time: 0.0

	id: 177
		node: 109
		(x, y, z): (13, 129, 2)
		dem: -13
		earl: 345
		lat: 387
		servt: 10
		pid: 104
		did: 0
		servST: 366.52
		(h, h_ind): (4, 12)
		load: 0.0

	Finished service at time: 376.52

	Using Machine: 2
		Task 177 -> Machine 2 (Station 3): 81.34
		Vehicle arrival at machine station: 457.86
		Waiting time until machine travel: 0.0

		Machine travel start time: 457.86
		Region 2 -> Region 0: 10.0
		Machine arrival at machine station: 467.86

		Machine 2 (Station 1)-> Task 0: 1.0
		Vehicle arrival at task: 468.86
		Waiting time until service start time: 0.0

	id: 0
		node: 122
		(x, y, z): (70, 70, 0)
		dem: 0
		earl: 0
		lat: 688
		servt: 0
		pid: 0
		did: 0
		servST: 468.86
		(h, h_ind): (2, 12)
		load: 0.0


Vehicle 37 :
	id: 0
		node: 1
		(x, y, z): (70, 70, 0)
		dem: 0
		earl: 0
		lat: 688
		servt: 0
		pid: 0
		did: 0
		servST: 28.939999999999998
		(h, h_ind): (-1, 0)
		load: 0.0

	Finished service at time: 28.939999999999998

	Using Machine: 1
		Task 0 -> Machine 1 (Station 1): 3.0
		Vehicle arrival at machine station: 31.939999999999998
		Waiting time until machine travel: 0.0

		Machine travel start time: 31.939999999999998
		Region 0 -> Region 2: 10.0
		Machine arrival at machine station: 41.94

		Machine 1 (Station 3)-> Task 26: 66.07
		Vehicle arrival at task: 108.00999999999999
		Waiting time until service start time: 0.0

	id: 26
		node: 15
		(x, y, z): (139, 73, 2)
		dem: 10
		earl: 71
		lat: 134
		servt: 10
		pid: 0
		did: 123
		servST: 108.00999999999999
		(h, h_ind): (1, 2)
		load: 10.0

	Finished service at time: 118.00999999999999

	Using Machine: 1
		Task 26 -> Machine 1 (Station 3): 66.07
		Vehicle arrival at machine station: 184.07999999999998
		Waiting time until machine travel: 0.0

		Machine travel start time: 184.07999999999998
		Region 2 -> Region 0: 10.0
		Machine arrival at machine station: 194.07999999999998

		Machine 1 (Station 1)-> Task 123: 65.51
		Vehicle arrival at task: 259.59
		Waiting time until service start time: 0.0

	id: 123
		node: 75
		(x, y, z): (137, 84, 0)
		dem: -10
		earl: 207
		lat: 263
		servt: 10
		pid: 26
		did: 0
		servST: 259.59
		(h, h_ind): (1, 4)
		load: 0.0

	Finished service at time: 269.59

	Task 123 -> Task 53: 48.8
	Vehicle arrival at task: 318.39
	Waiting time until service start time: 0.0

	id: 53
		node: 25
		(x, y, z): (103, 119, 0)
		dem: 18
		earl: 315
		lat: 383
		servt: 10
		pid: 0
		did: 111
		servST: 318.39
		(h, h_ind): (-1, 0)
		load: 18.0

	Finished service at time: 328.39

	Using Machine: 5
		Task 53 -> Machine 5 (Station 1): 55.47
		Vehicle arrival at machine station: 383.86
		Waiting time until machine travel: 0.0

		Machine travel start time: 383.86
		Region 0 -> Region 2: 10.0
		Machine arrival at machine station: 393.86

		Machine 5 (Station 3)-> Task 111: 33.14
		Vehicle arrival at task: 427.0
		Waiting time until service start time: 0.0

	id: 111
		node: 85
		(x, y, z): (80, 103, 2)
		dem: -18
		earl: 374
		lat: 427
		servt: 10
		pid: 53
		did: 0
		servST: 427.0
		(h, h_ind): (5, 11)
		load: 0.0

	Finished service at time: 437.0

	Using Machine: 1
		Task 111 -> Machine 1 (Station 3): 33.73
		Vehicle arrival at machine station: 470.73
		Waiting time until machine travel: 0.0

		Machine travel start time: 470.73
		Region 2 -> Region 0: 10.0
		Machine arrival at machine station: 480.73

		Machine 1 (Station 1)-> Task 0: 3.0
		Vehicle arrival at task: 483.73
		Waiting time until service start time: 0.0

	id: 0
		node: 122
		(x, y, z): (70, 70, 0)
		dem: 0
		earl: 0
		lat: 688
		servt: 0
		pid: 0
		did: 0
		servST: 483.73
		(h, h_ind): (1, 6)
		load: 0.0


Vehicle 38 :
	id: 0
		node: 1
		(x, y, z): (70, 70, 0)
		dem: 0
		earl: 0
		lat: 688
		servt: 0
		pid: 0
		did: 0
		servST: 51.96000000000001
		(h, h_ind): (-1, 0)
		load: 0.0

	Finished service at time: 51.96000000000001

	Using Machine: 4
		Task 0 -> Machine 4 (Station 1): 3.0
		Vehicle arrival at machine station: 54.96000000000001
		Waiting time until machine travel: 0.0

		Machine travel start time: 54.96000000000001
		Region 0 -> Region 2: 10.0
		Machine arrival at machine station: 64.96000000000001

		Machine 4 (Station 3)-> Task 46: 25.94
		Vehicle arrival at task: 90.9
		Waiting time until service start time: 2.1

	id: 46
		node: 22
		(x, y, z): (44, 58, 2)
		dem: 30
		earl: 28
		lat: 93
		servt: 10
		pid: 0
		did: 125
		servST: 93.0
		(h, h_ind): (4, 4)
		load: 30.0

	Finished service at time: 103.0

	Task 46 -> Task 125: 14.04
	Vehicle arrival at task: 117.03999999999999
	Waiting time until service start time: 101.96

	id: 125
		node: 82
		(x, y, z): (30, 57, 2)
		dem: -30
		earl: 219
		lat: 272
		servt: 10
		pid: 46
		did: 0
		servST: 219.0
		(h, h_ind): (-1, 0)
		load: 0.0

	Finished service at time: 229.0

	Using Machine: 2
		Task 125 -> Machine 2 (Station 3): 41.11
		Vehicle arrival at machine station: 270.11
		Waiting time until machine travel: 0.0

		Machine travel start time: 270.11
		Region 2 -> Region 0: 10.0
		Machine arrival at machine station: 280.11

		Machine 2 (Station 1)-> Task 0: 1.0
		Vehicle arrival at task: 281.11
		Waiting time until service start time: 0.0

	id: 0
		node: 122
		(x, y, z): (70, 70, 0)
		dem: 0
		earl: 0
		lat: 688
		servt: 0
		pid: 0
		did: 0
		servST: 281.11
		(h, h_ind): (2, 6)
		load: 0.0


Vehicle 43 :
	id: 0
		node: 1
		(x, y, z): (70, 70, 0)
		dem: 0
		earl: 0
		lat: 688
		servt: 0
		pid: 0
		did: 0
		servST: 30.70999999999998
		(h, h_ind): (-1, 0)
		load: 0.0

	Finished service at time: 30.70999999999998

	Using Machine: 4
		Task 0 -> Machine 4 (Station 1): 3.0
		Vehicle arrival at machine station: 33.70999999999998
		Waiting time until machine travel: 0.0

		Machine travel start time: 33.70999999999998
		Region 0 -> Region 1: 5.0
		Machine arrival at machine station: 38.70999999999998

		Machine 4 (Station 2)-> Task 73: 24.19
		Vehicle arrival at task: 62.89999999999998
		Waiting time until service start time: 0.0

	id: 73
		node: 36
		(x, y, z): (70, 94, 1)
		dem: 32
		earl: 24
		lat: 104
		servt: 10
		pid: 0
		did: 136
		servST: 62.89999999999998
		(h, h_ind): (4, 3)
		load: 32.0

	Finished service at time: 72.89999999999998

	Using Machine: 4
		Task 73 -> Machine 4 (Station 2): 24.19
		Vehicle arrival at machine station: 97.08999999999997
		Waiting time until machine travel: 0.0

		Machine travel start time: 97.08999999999997
		Region 1 -> Region 3: 10.0
		Machine arrival at machine station: 107.08999999999997

		Machine 4 (Station 4)-> Task 135: 59.68
		Vehicle arrival at task: 166.76999999999998
		Waiting time until service start time: 0.0

	id: 135
		node: 61
		(x, y, z): (58, 11, 3)
		dem: 9
		earl: 110
		lat: 175
		servt: 10
		pid: 0
		did: 110
		servST: 166.76999999999998
		(h, h_ind): (4, 6)
		load: 41.0

	Finished service at time: 176.76999999999998

	Task 135 -> Task 136: 123.23
	Vehicle arrival at task: 300.0
	Waiting time until service start time: 0.0

	id: 136
		node: 96
		(x, y, z): (26, 130, 3)
		dem: -32
		earl: 266
		lat: 300
		servt: 10
		pid: 73
		did: 0
		servST: 300.0
		(h, h_ind): (-1, 0)
		load: 9.0

	Finished service at time: 310.0

	Task 136 -> Task 90: 33.94
	Vehicle arrival at task: 343.94
	Waiting time until service start time: 0.0

	id: 90
		node: 45
		(x, y, z): (50, 106, 3)
		dem: 25
		earl: 314
		lat: 356
		servt: 10
		pid: 0
		did: 128
		servST: 343.94
		(h, h_ind): (-1, 0)
		load: 34.0

	Finished service at time: 353.94

	Using Machine: 5
		Task 90 -> Machine 5 (Station 4): 45.0
		Vehicle arrival at machine station: 398.94
		Waiting time until machine travel: 0.0

		Machine travel start time: 398.94
		Region 3 -> Region 0: 15.0
		Machine arrival at machine station: 413.94

		Machine 5 (Station 1)-> Task 128: 69.23
		Vehicle arrival at task: 483.17
		Waiting time until service start time: 0.0

	id: 128
		node: 105
		(x, y, z): (64, 138, 0)
		dem: -25
		earl: 410
		lat: 500
		servt: 10
		pid: 90
		did: 0
		servST: 483.17
		(h, h_ind): (5, 12)
		load: 9.0

	Finished service at time: 493.17

	Task 128 -> Task 110: 72.5
	Vehicle arrival at task: 565.6700000000001
	Waiting time until service start time: 0.0

	id: 110
		node: 121
		(x, y, z): (34, 72, 0)
		dem: -9
		earl: 542
		lat: 586
		servt: 10
		pid: 135
		did: 0
		servST: 565.6700000000001
		(h, h_ind): (-1, 0)
		load: 0.0

	Finished service at time: 575.6700000000001

	Task 110 -> Task 0: 36.06
	Vehicle arrival at task: 611.73
	Waiting time until service start time: 0.0

	id: 0
		node: 122
		(x, y, z): (70, 70, 0)
		dem: 0
		earl: 0
		lat: 688
		servt: 0
		pid: 0
		did: 0
		servST: 611.73
		(h, h_ind): (-1, 0)
		load: 0.0


Vehicle 44 :
	id: 0
		node: 1
		(x, y, z): (70, 70, 0)
		dem: 0
		earl: 0
		lat: 688
		servt: 0
		pid: 0
		did: 0
		servST: 162.98000000000002
		(h, h_ind): (-1, 0)
		load: 0.0

	Finished service at time: 162.98000000000002

	Using Machine: 2
		Task 0 -> Machine 2 (Station 1): 1.0
		Vehicle arrival at machine station: 163.98000000000002
		Waiting time until machine travel: 0.0

		Machine travel start time: 163.98000000000002
		Region 0 -> Region 2: 10.0
		Machine arrival at machine station: 173.98000000000002

		Machine 2 (Station 3)-> Task 100: 63.29
		Vehicle arrival at task: 237.27
		Waiting time until service start time: 0.0

	id: 100
		node: 48
		(x, y, z): (36, 124, 2)
		dem: 34
		earl: 237
		lat: 261
		servt: 10
		pid: 0
		did: 6
		servST: 237.27
		(h, h_ind): (2, 3)
		load: 34.0

	Finished service at time: 247.27

	Using Machine: 4
		Task 100 -> Machine 4 (Station 3): 62.27
		Vehicle arrival at machine station: 309.54
		Waiting time until machine travel: 0.0

		Machine travel start time: 309.54
		Region 2 -> Region 3: 5.0
		Machine arrival at machine station: 314.54

		Machine 4 (Station 4)-> Task 6: 87.46
		Vehicle arrival at task: 402.0
		Waiting time until service start time: 0.0

	id: 6
		node: 108
		(x, y, z): (12, 138, 3)
		dem: -34
		earl: 367
		lat: 402
		servt: 10
		pid: 100
		did: 0
		servST: 402.0
		(h, h_ind): (4, 14)
		load: 0.0

	Finished service at time: 412.0

	Task 6 -> Task 77: 27.07
	Vehicle arrival at task: 439.07
	Waiting time until service start time: 25.93

	id: 77
		node: 38
		(x, y, z): (10, 111, 3)
		dem: 21
		earl: 465
		lat: 551
		servt: 10
		pid: 0
		did: 198
		servST: 465.0
		(h, h_ind): (-1, 0)
		load: 21.0

	Finished service at time: 475.0

	Using Machine: 4
		Task 77 -> Machine 4 (Station 4): 70.21
		Vehicle arrival at machine station: 545.21
		Waiting time until machine travel: 9.47

		Machine travel start time: 554.68
		Region 3 -> Region 1: 10.0
		Machine arrival at machine station: 564.68

		Machine 4 (Station 2)-> Task 198: 52.5
		Vehicle arrival at task: 617.18
		Waiting time until service start time: 0.0

	id: 198
		node: 98
		(x, y, z): (27, 104, 1)
		dem: -21
		earl: 544
		lat: 618
		servt: 10
		pid: 77
		did: 0
		servST: 617.18
		(h, h_ind): (4, 22)
		load: 0.0

	Finished service at time: 627.18

	Using Machine: 2
		Task 198 -> Machine 2 (Station 2): 54.04
		Vehicle arrival at machine station: 681.2199999999999
		Waiting time until machine travel: 0.0

		Machine travel start time: 681.2199999999999
		Region 1 -> Region 0: 5.0
		Machine arrival at machine station: 686.2199999999999

		Machine 2 (Station 1)-> Task 0: 1.0
		Vehicle arrival at task: 687.2199999999999
		Waiting time until service start time: 0.0

	id: 0
		node: 122
		(x, y, z): (70, 70, 0)
		dem: 0
		earl: 0
		lat: 688
		servt: 0
		pid: 0
		did: 0
		servST: 687.2199999999999
		(h, h_ind): (2, 16)
		load: 0.0


Vehicle 45 :
	id: 0
		node: 1
		(x, y, z): (70, 70, 0)
		dem: 0
		earl: 0
		lat: 688
		servt: 0
		pid: 0
		did: 0
		servST: 11.920000000000009
		(h, h_ind): (-1, 0)
		load: 0.0

	Finished service at time: 11.920000000000009

	Using Machine: 0
		Task 0 -> Machine 0 (Station 1): 1.0
		Vehicle arrival at machine station: 12.920000000000009
		Waiting time until machine travel: 0.0

		Machine travel start time: 12.920000000000009
		Region 0 -> Region 3: 15.0
		Machine arrival at machine station: 27.92000000000001

		Machine 0 (Station 4)-> Task 132: 9.9
		Vehicle arrival at task: 37.82000000000001
		Waiting time until service start time: 0.0

	id: 132
		node: 58
		(x, y, z): (78, 63, 3)
		dem: 19
		earl: 10
		lat: 41
		servt: 10
		pid: 0
		did: 67
		servST: 37.82000000000001
		(h, h_ind): (0, 1)
		load: 19.0

	Finished service at time: 47.82000000000001

	Using Machine: 5
		Task 132 -> Machine 5 (Station 4): 7.07
		Vehicle arrival at machine station: 54.89000000000001
		Waiting time until machine travel: 0.0

		Machine travel start time: 54.89000000000001
		Region 3 -> Region 2: 5.0
		Machine arrival at machine station: 59.89000000000001

		Machine 5 (Station 3)-> Task 67: 29.07
		Vehicle arrival at task: 88.96000000000001
		Waiting time until service start time: 0.0

	id: 67
		node: 118
		(x, y, z): (90, 44, 2)
		dem: -19
		earl: 33
		lat: 102
		servt: 10
		pid: 132
		did: 0
		servST: 88.96000000000001
		(h, h_ind): (5, 3)
		load: 0.0

	Finished service at time: 98.96000000000001

	Task 67 -> Task 41: 12.04
	Vehicle arrival at task: 111.0
	Waiting time until service start time: 0.0

	id: 41
		node: 20
		(x, y, z): (81, 36, 2)
		dem: 17
		earl: 43
		lat: 111
		servt: 10
		pid: 0
		did: 137
		servST: 111.0
		(h, h_ind): (-1, 0)
		load: 17.0

	Finished service at time: 121.0

	Task 41 -> Task 137: 23.35
	Vehicle arrival at task: 144.35
	Waiting time until service start time: 0.0

	id: 137
		node: 80
		(x, y, z): (104, 32, 2)
		dem: -17
		earl: 120
		lat: 179
		servt: 10
		pid: 41
		did: 0
		servST: 144.35
		(h, h_ind): (-1, 0)
		load: 0.0

	Finished service at time: 154.35

	Task 137 -> Task 133: 28.64
	Vehicle arrival at task: 182.99
	Waiting time until service start time: 0.0

	id: 133
		node: 59
		(x, y, z): (98, 4, 2)
		dem: 20
		earl: 165
		lat: 220
		servt: 10
		pid: 0
		did: 9
		servST: 182.99
		(h, h_ind): (-1, 0)
		load: 20.0

	Finished service at time: 192.99

	Task 133 -> Task 109: 17.0
	Vehicle arrival at task: 209.99
	Waiting time until service start time: 16.01

	id: 109
		node: 51
		(x, y, z): (83, 12, 2)
		dem: 29
		earl: 226
		lat: 264
		servt: 10
		pid: 0
		did: 91
		servST: 226.0
		(h, h_ind): (-1, 0)
		load: 49.0

	Finished service at time: 236.0

	Using Machine: 0
		Task 109 -> Machine 0 (Station 3): 59.23
		Vehicle arrival at machine station: 295.23
		Waiting time until machine travel: 54.16

		Machine travel start time: 349.39
		Region 2 -> Region 3: 5.0
		Machine arrival at machine station: 354.39

		Machine 0 (Station 4)-> Task 9: 16.4
		Vehicle arrival at task: 370.78999999999996
		Waiting time until service start time: 40.21

	id: 9
		node: 119
		(x, y, z): (61, 57, 3)
		dem: -20
		earl: 368
		lat: 411
		servt: 10
		pid: 133
		did: 0
		servST: 411.0
		(h, h_ind): (0, 5)
		load: 29.0

	Finished service at time: 421.0

	Task 9 -> Task 91: 29.07
	Vehicle arrival at task: 450.07
	Waiting time until service start time: 27.93

	id: 91
		node: 111
		(x, y, z): (83, 38, 3)
		dem: -29
		earl: 478
		lat: 505
		servt: 10
		pid: 109
		did: 0
		servST: 478.0
		(h, h_ind): (-1, 0)
		load: 0.0

	Finished service at time: 488.0

	Using Machine: 0
		Task 91 -> Machine 0 (Station 4): 34.18
		Vehicle arrival at machine station: 522.18
		Waiting time until machine travel: 0.0

		Machine travel start time: 522.18
		Region 3 -> Region 0: 15.0
		Machine arrival at machine station: 537.18

		Machine 0 (Station 1)-> Task 0: 1.0
		Vehicle arrival at task: 538.18
		Waiting time until service start time: 0.0

	id: 0
		node: 122
		(x, y, z): (70, 70, 0)
		dem: 0
		earl: 0
		lat: 688
		servt: 0
		pid: 0
		did: 0
		servST: 538.18
		(h, h_ind): (0, 10)
		load: 0.0


Vehicle 46 :
	id: 0
		node: 1
		(x, y, z): (70, 70, 0)
		dem: 0
		earl: 0
		lat: 688
		servt: 0
		pid: 0
		did: 0
		servST: 8.939999999999998
		(h, h_ind): (-1, 0)
		load: 0.0

	Finished service at time: 8.939999999999998

	Using Machine: 1
		Task 0 -> Machine 1 (Station 1): 3.0
		Vehicle arrival at machine station: 11.939999999999998
		Waiting time until machine travel: 0.0

		Machine travel start time: 11.939999999999998
		Region 0 -> Region 2: 10.0
		Machine arrival at machine station: 21.939999999999998

		Machine 1 (Station 3)-> Task 55: 34.89
		Vehicle arrival at task: 56.83
		Waiting time until service start time: 0.0

	id: 55
		node: 27
		(x, y, z): (89, 39, 2)
		dem: 23
		earl: 36
		lat: 67
		servt: 10
		pid: 0
		did: 14
		servST: 56.83
		(h, h_ind): (1, 1)
		load: 23.0

	Finished service at time: 66.83

	Using Machine: 3
		Task 55 -> Machine 3 (Station 3): 34.01
		Vehicle arrival at machine station: 100.84
		Waiting time until machine travel: 0.0

		Machine travel start time: 100.84
		Region 2 -> Region 0: 10.0
		Machine arrival at machine station: 110.84

		Machine 3 (Station 1)-> Task 14: 32.45
		Vehicle arrival at task: 143.29000000000002
		Waiting time until service start time: 0.0

	id: 14
		node: 87
		(x, y, z): (102, 52, 0)
		dem: -23
		earl: 140
		lat: 208
		servt: 10
		pid: 55
		did: 0
		servST: 143.29000000000002
		(h, h_ind): (3, 4)
		load: 0.0

	Finished service at time: 153.29000000000002

	Using Machine: 5
		Task 14 -> Machine 5 (Station 1): 30.81
		Vehicle arrival at machine station: 184.10000000000002
		Waiting time until machine travel: 0.0

		Machine travel start time: 184.10000000000002
		Region 0 -> Region 2: 10.0
		Machine arrival at machine station: 194.10000000000002

		Machine 5 (Station 3)-> Task 76: 68.88
		Vehicle arrival at task: 262.98
		Waiting time until service start time: 13.02

	id: 76
		node: 37
		(x, y, z): (109, 131, 2)
		dem: 16
		earl: 206
		lat: 276
		servt: 10
		pid: 0
		did: 40
		servST: 276.0
		(h, h_ind): (5, 6)
		load: 16.0

	Finished service at time: 286.0

	Task 76 -> Task 40: 18.38
	Vehicle arrival at task: 304.38
	Waiting time until service start time: 76.62

	id: 40
		node: 97
		(x, y, z): (92, 138, 2)
		dem: -16
		earl: 381
		lat: 452
		servt: 10
		pid: 76
		did: 0
		servST: 381.0
		(h, h_ind): (-1, 0)
		load: 0.0

	Finished service at time: 391.0

	Using Machine: 0
		Task 40 -> Machine 0 (Station 3): 71.17
		Vehicle arrival at machine station: 462.17
		Waiting time until machine travel: 0.0

		Machine travel start time: 462.17
		Region 2 -> Region 0: 10.0
		Machine arrival at machine station: 472.17

		Machine 0 (Station 1)-> Task 0: 1.0
		Vehicle arrival at task: 473.17
		Waiting time until service start time: 0.0

	id: 0
		node: 122
		(x, y, z): (70, 70, 0)
		dem: 0
		earl: 0
		lat: 688
		servt: 0
		pid: 0
		did: 0
		servST: 473.17
		(h, h_ind): (0, 8)
		load: 0.0


Vehicle 48 :
	id: 0
		node: 1
		(x, y, z): (70, 70, 0)
		dem: 0
		earl: 0
		lat: 688
		servt: 0
		pid: 0
		did: 0
		servST: 3.3000000000000114
		(h, h_ind): (-1, 0)
		load: 0.0

	Finished service at time: 3.3000000000000114

	Task 0 -> Task 4: 31.83
	Vehicle arrival at task: 35.13000000000001
	Waiting time until service start time: 0.0

	id: 4
		node: 4
		(x, y, z): (48, 47, 0)
		dem: 19
		earl: 31
		lat: 106
		servt: 10
		pid: 0
		did: 29
		servST: 35.13000000000001
		(h, h_ind): (-1, 0)
		load: 19.0

	Finished service at time: 45.13000000000001

	Using Machine: 4
		Task 4 -> Machine 4 (Station 1): 29.83
		Vehicle arrival at machine station: 74.96000000000001
		Waiting time until machine travel: 0.0

		Machine travel start time: 74.96000000000001
		Region 0 -> Region 1: 5.0
		Machine arrival at machine station: 79.96000000000001

		Machine 4 (Station 2)-> Task 57: 41.04
		Vehicle arrival at task: 121.0
		Waiting time until service start time: 0.0

	id: 57
		node: 28
		(x, y, z): (39, 100, 1)
		dem: 31
		earl: 43
		lat: 121
		servt: 10
		pid: 0
		did: 95
		servST: 121.0
		(h, h_ind): (4, 5)
		load: 50.0

	Finished service at time: 131.0

	Using Machine: 4
		Task 57 -> Machine 4 (Station 2): 41.04
		Vehicle arrival at machine station: 172.04
		Waiting time until machine travel: 7.97

		Machine travel start time: 180.00999999999996
		Region 1 -> Region 2: 5.0
		Machine arrival at machine station: 185.00999999999996

		Machine 4 (Station 3)-> Task 95: 69.31
		Vehicle arrival at task: 254.31999999999996
		Waiting time until service start time: 0.0

	id: 95
		node: 88
		(x, y, z): (19, 120, 2)
		dem: -31
		earl: 236
		lat: 317
		servt: 10
		pid: 57
		did: 0
		servST: 254.31999999999996
		(h, h_ind): (4, 8)
		load: 19.0

	Finished service at time: 264.31999999999994

	Task 95 -> Task 29: 51.01
	Vehicle arrival at task: 315.3299999999999
	Waiting time until service start time: 37.67

	id: 29
		node: 64
		(x, y, z): (20, 69, 2)
		dem: -19
		earl: 353
		lat: 434
		servt: 10
		pid: 4
		did: 0
		servST: 353.0
		(h, h_ind): (-1, 0)
		load: 0.0

	Finished service at time: 363.0

	Using Machine: 2
		Task 29 -> Machine 2 (Station 3): 49.01
		Vehicle arrival at machine station: 412.01
		Waiting time until machine travel: 0.0

		Machine travel start time: 412.01
		Region 2 -> Region 0: 10.0
		Machine arrival at machine station: 422.01

		Machine 2 (Station 1)-> Task 0: 1.0
		Vehicle arrival at task: 423.01
		Waiting time until service start time: 0.0

	id: 0
		node: 122
		(x, y, z): (70, 70, 0)
		dem: 0
		earl: 0
		lat: 688
		servt: 0
		pid: 0
		did: 0
		servST: 423.01
		(h, h_ind): (2, 10)
		load: 0.0


Vehicle 54 :
	id: 0
		node: 1
		(x, y, z): (70, 70, 0)
		dem: 0
		earl: 0
		lat: 688
		servt: 0
		pid: 0
		did: 0
		servST: 32.89000000000001
		(h, h_ind): (-1, 0)
		load: 0.0

	Finished service at time: 32.89000000000001

	Using Machine: 5
		Task 0 -> Machine 5 (Station 1): 7.0
		Vehicle arrival at machine station: 39.89000000000001
		Waiting time until machine travel: 0.0

		Machine travel start time: 39.89000000000001
		Region 0 -> Region 3: 15.0
		Machine arrival at machine station: 54.89000000000001

		Machine 5 (Station 4)-> Task 35: 30.41
		Vehicle arrival at task: 85.30000000000001
		Waiting time until service start time: 8.7

	id: 35
		node: 18
		(x, y, z): (82, 100, 3)
		dem: 18
		earl: 94
		lat: 145
		servt: 10
		pid: 0
		did: 32
		servST: 94.0
		(h, h_ind): (5, 2)
		load: 18.0

	Finished service at time: 104.0

	Using Machine: 0
		Task 35 -> Machine 0 (Station 4): 31.95
		Vehicle arrival at machine station: 135.95
		Waiting time until machine travel: 0.0

		Machine travel start time: 135.95
		Region 3 -> Region 2: 5.0
		Machine arrival at machine station: 140.95

		Machine 0 (Station 3)-> Task 89: 43.74
		Vehicle arrival at task: 184.69
		Waiting time until service start time: 0.0

	id: 89
		node: 44
		(x, y, z): (28, 62, 2)
		dem: 23
		earl: 182
		lat: 241
		servt: 10
		pid: 0
		did: 65
		servST: 184.69
		(h, h_ind): (0, 3)
		load: 41.0

	Finished service at time: 194.69

	Using Machine: 4
		Task 89 -> Machine 4 (Station 3): 39.81
		Vehicle arrival at machine station: 234.5
		Waiting time until machine travel: 0.0

		Machine travel start time: 234.5
		Region 2 -> Region 3: 5.0
		Machine arrival at machine station: 239.5

		Machine 4 (Station 4)-> Task 32: 38.28
		Vehicle arrival at task: 277.78
		Waiting time until service start time: 0.0

	id: 32
		node: 78
		(x, y, z): (54, 106, 3)
		dem: -18
		earl: 277
		lat: 342
		servt: 10
		pid: 35
		did: 0
		servST: 277.78
		(h, h_ind): (4, 10)
		load: 23.0

	Finished service at time: 287.78

	Task 32 -> Task 58: 49.5
	Vehicle arrival at task: 337.28
	Waiting time until service start time: 0.0

	id: 58
		node: 29
		(x, y, z): (5, 99, 3)
		dem: 24
		earl: 319
		lat: 359
		servt: 10
		pid: 0
		did: 97
		servST: 337.28
		(h, h_ind): (-1, 0)
		load: 47.0

	Finished service at time: 347.28

	Task 58 -> Task 65: 38.6
	Vehicle arrival at task: 385.88
	Waiting time until service start time: 0.0

	id: 65
		node: 104
		(x, y, z): (16, 62, 3)
		dem: -23
		earl: 355
		lat: 467
		servt: 10
		pid: 89
		did: 0
		servST: 385.88
		(h, h_ind): (-1, 0)
		load: 24.0

	Finished service at time: 395.88

	Using Machine: 3
		Task 65 -> Machine 3 (Station 4): 59.54
		Vehicle arrival at machine station: 455.42
		Waiting time until machine travel: -0.0

		Machine travel start time: 455.41999999999996
		Region 3 -> Region 1: 10.0
		Machine arrival at machine station: 465.41999999999996

		Machine 3 (Station 2)-> Task 97: 19.72
		Vehicle arrival at task: 485.14
		Waiting time until service start time: 0.0

	id: 97
		node: 89
		(x, y, z): (58, 80, 1)
		dem: -24
		earl: 441
		lat: 509
		servt: 10
		pid: 58
		did: 0
		servST: 485.14
		(h, h_ind): (3, 12)
		load: 0.0

	Finished service at time: 495.14

	Using Machine: 4
		Task 97 -> Machine 4 (Station 2): 13.45
		Vehicle arrival at machine station: 508.59
		Waiting time until machine travel: 0.0

		Machine travel start time: 508.59
		Region 1 -> Region 0: 5.0
		Machine arrival at machine station: 513.5899999999999

		Machine 4 (Station 1)-> Task 0: 3.0
		Vehicle arrival at task: 516.5899999999999
		Waiting time until service start time: 0.0

	id: 0
		node: 122
		(x, y, z): (70, 70, 0)
		dem: 0
		earl: 0
		lat: 688
		servt: 0
		pid: 0
		did: 0
		servST: 516.5899999999999
		(h, h_ind): (4, 20)
		load: 0.0


Vehicle 55 :
	id: 0
		node: 1
		(x, y, z): (70, 70, 0)
		dem: 0
		earl: 0
		lat: 688
		servt: 0
		pid: 0
		did: 0
		servST: 20.529999999999966
		(h, h_ind): (-1, 0)
		load: 0.0

	Finished service at time: 20.529999999999966

	Using Machine: 2
		Task 0 -> Machine 2 (Station 1): 1.0
		Vehicle arrival at machine station: 21.529999999999966
		Waiting time until machine travel: 0.0

		Machine travel start time: 21.529999999999966
		Region 0 -> Region 1: 5.0
		Machine arrival at machine station: 26.529999999999966

		Machine 2 (Station 2)-> Task 20: 67.07
		Vehicle arrival at task: 93.59999999999997
		Waiting time until service start time: 0.0

	id: 20
		node: 10
		(x, y, z): (46, 133, 1)
		dem: 7
		earl: 67
		lat: 115
		servt: 10
		pid: 0
		did: 34
		servST: 93.59999999999997
		(h, h_ind): (2, 1)
		load: 7.0

	Finished service at time: 103.59999999999997

	Using Machine: 4
		Task 20 -> Machine 4 (Station 2): 66.41
		Vehicle arrival at machine station: 170.00999999999996
		Waiting time until machine travel: 0.0

		Machine travel start time: 170.00999999999996
		Region 1 -> Region 0: 5.0
		Machine arrival at machine station: 175.00999999999996

		Machine 4 (Station 1)-> Task 34: 59.14
		Vehicle arrival at task: 234.14999999999998
		Waiting time until service start time: 5.85

	id: 34
		node: 70
		(x, y, z): (63, 129, 0)
		dem: -7
		earl: 202
		lat: 240
		servt: 10
		pid: 20
		did: 0
		servST: 240.0
		(h, h_ind): (4, 7)
		load: 0.0

	Finished service at time: 250.0

	Task 34 -> Task 23: 51.48
	Vehicle arrival at task: 301.48
	Waiting time until service start time: 22.52

	id: 23
		node: 13
		(x, y, z): (18, 104, 0)
		dem: 18
		earl: 324
		lat: 379
		servt: 10
		pid: 0
		did: 127
		servST: 324.0
		(h, h_ind): (-1, 0)
		load: 18.0

	Finished service at time: 334.0

	Using Machine: 4
		Task 23 -> Machine 4 (Station 1): 59.64
		Vehicle arrival at machine station: 393.64
		Waiting time until machine travel: 0.0

		Machine travel start time: 393.64
		Region 0 -> Region 2: 10.0
		Machine arrival at machine station: 403.64

		Machine 4 (Station 3)-> Task 127: 74.3
		Vehicle arrival at task: 477.94
		Waiting time until service start time: 0.0

	id: 127
		node: 73
		(x, y, z): (2, 106, 2)
		dem: -18
		earl: 405
		lat: 478
		servt: 10
		pid: 23
		did: 0
		servST: 477.94
		(h, h_ind): (4, 16)
		load: 0.0

	Finished service at time: 487.94

	Using Machine: 2
		Task 127 -> Machine 2 (Station 3): 76.06
		Vehicle arrival at machine station: 564.0
		Waiting time until machine travel: 0.0

		Machine travel start time: 564.0
		Region 2 -> Region 0: 10.0
		Machine arrival at machine station: 574.0

		Machine 2 (Station 1)-> Task 0: 1.0
		Vehicle arrival at task: 575.0
		Waiting time until service start time: 0.0

	id: 0
		node: 122
		(x, y, z): (70, 70, 0)
		dem: 0
		earl: 0
		lat: 688
		servt: 0
		pid: 0
		did: 0
		servST: 575.0
		(h, h_ind): (2, 15)
		load: 0.0


Vehicle 56 :
	id: 0
		node: 1
		(x, y, z): (70, 70, 0)
		dem: 0
		earl: 0
		lat: 688
		servt: 0
		pid: 0
		did: 0
		servST: 200.99
		(h, h_ind): (-1, 0)
		load: 0.0

	Finished service at time: 200.99

	Task 0 -> Task 99: 45.01
	Vehicle arrival at task: 246.0
	Waiting time until service start time: 0.0

	id: 99
		node: 47
		(x, y, z): (69, 115, 0)
		dem: 20
		earl: 214
		lat: 246
		servt: 10
		pid: 0
		did: 59
		servST: 246.0
		(h, h_ind): (-1, 0)
		load: 20.0

	Finished service at time: 256.0

	Using Machine: 0
		Task 99 -> Machine 0 (Station 1): 45.04
		Vehicle arrival at machine station: 301.04
		Waiting time until machine travel: 0.0

		Machine travel start time: 301.04
		Region 0 -> Region 3: 15.0
		Machine arrival at machine station: 316.04

		Machine 0 (Station 4)-> Task 22: 59.24
		Vehicle arrival at task: 375.28000000000003
		Waiting time until service start time: 0.0

	id: 22
		node: 12
		(x, y, z): (16, 92, 3)
		dem: 10
		earl: 339
		lat: 409
		servt: 10
		pid: 0
		did: 47
		servST: 375.28000000000003
		(h, h_ind): (0, 4)
		load: 30.0

	Finished service at time: 385.28000000000003

	Task 22 -> Task 47: 9.43
	Vehicle arrival at task: 394.71000000000004
	Waiting time until service start time: 0.0

	id: 47
		node: 72
		(x, y, z): (8, 87, 3)
		dem: -10
		earl: 387
		lat: 446
		servt: 10
		pid: 22
		did: 0
		servST: 394.71000000000004
		(h, h_ind): (-1, 0)
		load: 20.0

	Finished service at time: 404.71000000000004

	Using Machine: 4
		Task 47 -> Machine 4 (Station 4): 61.4
		Vehicle arrival at machine station: 466.11
		Waiting time until machine travel: 0.0

		Machine travel start time: 466.11
		Region 3 -> Region 0: 15.0
		Machine arrival at machine station: 481.11

		Machine 4 (Station 1)-> Task 59: 26.0
		Vehicle arrival at task: 507.11
		Waiting time until service start time: 0.0

	id: 59
		node: 107
		(x, y, z): (67, 96, 0)
		dem: -20
		earl: 491
		lat: 523
		servt: 10
		pid: 99
		did: 0
		servST: 507.11
		(h, h_ind): (4, 19)
		load: 0.0

	Finished service at time: 517.11

	Task 59 -> Task 0: 26.17
	Vehicle arrival at task: 543.28
	Waiting time until service start time: 0.0

	id: 0
		node: 122
		(x, y, z): (70, 70, 0)
		dem: 0
		earl: 0
		lat: 688
		servt: 0
		pid: 0
		did: 0
		servST: 543.28
		(h, h_ind): (-1, 0)
		load: 0.0


Vehicle 59 :
	id: 0
		node: 1
		(x, y, z): (70, 70, 0)
		dem: 0
		earl: 0
		lat: 688
		servt: 0
		pid: 0
		did: 0
		servST: 0.0
		(h, h_ind): (-1, 0)
		load: 0.0

	Finished service at time: 0.0

	Task 0 -> Task 1: 37.66
	Vehicle arrival at task: 37.66
	Waiting time until service start time: 0.0

	id: 1
		node: 2
		(x, y, z): (107, 77, 0)
		dem: 34
		earl: 37
		lat: 124
		servt: 10
		pid: 0
		did: 51
		servST: 37.66
		(h, h_ind): (-1, 0)
		load: 34.0

	Finished service at time: 47.66

	Task 1 -> Task 51: 33.24
	Vehicle arrival at task: 80.9
	Waiting time until service start time: 0.0

	id: 51
		node: 62
		(x, y, z): (139, 68, 0)
		dem: -34
		earl: 69
		lat: 139
		servt: 10
		pid: 1
		did: 0
		servST: 80.9
		(h, h_ind): (-1, 0)
		load: 0.0

	Finished service at time: 90.9

	Task 51 -> Task 50: 26.02
	Vehicle arrival at task: 116.92
	Waiting time until service start time: 0.0

	id: 50
		node: 24
		(x, y, z): (140, 42, 0)
		dem: 13
		earl: 79
		lat: 152
		servt: 10
		pid: 0
		did: 130
		servST: 116.92
		(h, h_ind): (-1, 0)
		load: 13.0

	Finished service at time: 126.92

	Using Machine: 3
		Task 50 -> Machine 3 (Station 1): 70.77
		Vehicle arrival at machine station: 197.69
		Waiting time until machine travel: 0.0

		Machine travel start time: 197.69
		Region 0 -> Region 2: 10.0
		Machine arrival at machine station: 207.69

		Machine 3 (Station 3)-> Task 130: 69.35
		Vehicle arrival at task: 277.03999999999996
		Waiting time until service start time: 0.0

	id: 130
		node: 84
		(x, y, z): (126, 23, 2)
		dem: -13
		earl: 260
		lat: 297
		servt: 10
		pid: 50
		did: 0
		servST: 277.03999999999996
		(h, h_ind): (3, 8)
		load: 0.0

	Finished service at time: 287.03999999999996

	Using Machine: 0
		Task 130 -> Machine 0 (Station 3): 72.35
		Vehicle arrival at machine station: 359.39
		Waiting time until machine travel: 0.0

		Machine travel start time: 359.39
		Region 2 -> Region 0: 10.0
		Machine arrival at machine station: 369.39

		Machine 0 (Station 1)-> Task 0: 1.0
		Vehicle arrival at task: 370.39
		Waiting time until service start time: 0.0

	id: 0
		node: 122
		(x, y, z): (70, 70, 0)
		dem: 0
		earl: 0
		lat: 688
		servt: 0
		pid: 0
		did: 0
		servST: 370.39
		(h, h_ind): (0, 6)
		load: 0.0


---------------------| MACHINES |---------------------

Machine 0 :
	setup duration: 0.0

	vehicle: 45
	vehicleInd: 2
	(orig, dest): (0, 132)
	(origRegion, destRegion): (0, 3)
	st: 12.920000000000009
	duration: 15.0

	setup duration: 15.0

	vehicle: 31
	vehicleInd: 2
	(orig, dest): (0, 8)
	(origRegion, destRegion): (0, 2)
	st: 77.66
	duration: 10.0

	setup duration: 5.0

	vehicle: 54
	vehicleInd: 3
	(orig, dest): (35, 89)
	(origRegion, destRegion): (3, 2)
	st: 135.95
	duration: 5.0

	setup duration: 10.0

	vehicle: 56
	vehicleInd: 3
	(orig, dest): (99, 22)
	(origRegion, destRegion): (0, 3)
	st: 301.04
	duration: 15.0

	setup duration: 5.0

	vehicle: 45
	vehicleInd: 8
	(orig, dest): (109, 9)
	(origRegion, destRegion): (2, 3)
	st: 349.39
	duration: 5.0

	setup duration: 5.0

	vehicle: 59
	vehicleInd: 6
	(orig, dest): (130, 0)
	(origRegion, destRegion): (2, 0)
	st: 359.39
	duration: 10.0

	setup duration: 15.0

	vehicle: 4
	vehicleInd: 6
	(orig, dest): (182, 0)
	(origRegion, destRegion): (3, 0)
	st: 409.4
	duration: 15.0

	setup duration: 10.0

	vehicle: 46
	vehicleInd: 6
	(orig, dest): (40, 0)
	(origRegion, destRegion): (2, 0)
	st: 462.17
	duration: 10.0

	setup duration: 5.0

	vehicle: 28
	vehicleInd: 8
	(orig, dest): (42, 0)
	(origRegion, destRegion): (1, 0)
	st: 483.47
	duration: 5.0

	setup duration: 15.0

	vehicle: 45
	vehicleInd: 10
	(orig, dest): (91, 0)
	(origRegion, destRegion): (3, 0)
	st: 522.18
	duration: 15.0


Machine 1 :
	setup duration: 0.0

	vehicle: 46
	vehicleInd: 2
	(orig, dest): (0, 55)
	(origRegion, destRegion): (0, 2)
	st: 11.939999999999998
	duration: 10.0

	setup duration: 10.0

	vehicle: 37
	vehicleInd: 2
	(orig, dest): (0, 26)
	(origRegion, destRegion): (0, 2)
	st: 31.939999999999998
	duration: 10.0

	setup duration: 10.0

	vehicle: 0
	vehicleInd: 2
	(orig, dest): (0, 113)
	(origRegion, destRegion): (0, 1)
	st: 145.37
	duration: 5.0

	setup duration: 5.0

	vehicle: 37
	vehicleInd: 3
	(orig, dest): (26, 123)
	(origRegion, destRegion): (2, 0)
	st: 184.07999999999998
	duration: 10.0

	setup duration: 15.0

	vehicle: 7
	vehicleInd: 4
	(orig, dest): (3, 33)
	(origRegion, destRegion): (3, 1)
	st: 286.93
	duration: 10.0

	setup duration: 5.0

	vehicle: 37
	vehicleInd: 6
	(orig, dest): (111, 0)
	(origRegion, destRegion): (2, 0)
	st: 470.73
	duration: 10.0

	setup duration: 10.0

	vehicle: 16
	vehicleInd: 8
	(orig, dest): (28, 0)
	(origRegion, destRegion): (2, 0)
	st: 529.52
	duration: 10.0


Machine 2 :
	setup duration: 0.0

	vehicle: 55
	vehicleInd: 2
	(orig, dest): (0, 20)
	(origRegion, destRegion): (0, 1)
	st: 21.529999999999966
	duration: 5.0

	setup duration: 5.0

	vehicle: 28
	vehicleInd: 2
	(orig, dest): (0, 112)
	(origRegion, destRegion): (0, 2)
	st: 31.529999999999966
	duration: 10.0

	setup duration: 10.0

	vehicle: 44
	vehicleInd: 2
	(orig, dest): (0, 100)
	(origRegion, destRegion): (0, 2)
	st: 163.98000000000002
	duration: 10.0

	setup duration: 10.0

	vehicle: 30
	vehicleInd: 4
	(orig, dest): (30, 98)
	(origRegion, destRegion): (0, 2)
	st: 186.88
	duration: 10.0

	setup duration: 10.0

	vehicle: 18
	vehicleInd: 4
	(orig, dest): (60, 175)
	(origRegion, destRegion): (0, 1)
	st: 243.72000000000003
	duration: 5.0

	setup duration: 5.0

	vehicle: 38
	vehicleInd: 4
	(orig, dest): (125, 0)
	(origRegion, destRegion): (2, 0)
	st: 270.11
	duration: 10.0

	setup duration: 5.0

	vehicle: 16
	vehicleInd: 6
	(orig, dest): (195, 167)
	(origRegion, destRegion): (1, 2)
	st: 299.59000000000003
	duration: 5.0

	setup duration: 5.0

	vehicle: 0
	vehicleInd: 5
	(orig, dest): (101, 102)
	(origRegion, destRegion): (1, 0)
	st: 362.43
	duration: 5.0

	setup duration: 5.0

	vehicle: 22
	vehicleInd: 4
	(orig, dest): (114, 0)
	(origRegion, destRegion): (1, 0)
	st: 381.98999999999995
	duration: 5.0

	setup duration: 10.0

	vehicle: 48
	vehicleInd: 6
	(orig, dest): (29, 0)
	(origRegion, destRegion): (2, 0)
	st: 412.01
	duration: 10.0

	setup duration: 5.0

	vehicle: 19
	vehicleInd: 8
	(orig, dest): (96, 0)
	(origRegion, destRegion): (1, 0)
	st: 440.45000000000005
	duration: 5.0

	setup duration: 10.0

	vehicle: 33
	vehicleInd: 6
	(orig, dest): (177, 0)
	(origRegion, destRegion): (2, 0)
	st: 457.86
	duration: 10.0

	setup duration: 5.0

	vehicle: 7
	vehicleInd: 6
	(orig, dest): (191, 0)
	(origRegion, destRegion): (1, 0)
	st: 494.01
	duration: 5.0

	setup duration: 15.0

	vehicle: 30
	vehicleInd: 8
	(orig, dest): (10, 0)
	(origRegion, destRegion): (3, 0)
	st: 527.87
	duration: 15.0

	setup duration: 10.0

	vehicle: 55
	vehicleInd: 6
	(orig, dest): (127, 0)
	(origRegion, destRegion): (2, 0)
	st: 564.0
	duration: 10.0

	setup duration: 5.0

	vehicle: 44
	vehicleInd: 6
	(orig, dest): (198, 0)
	(origRegion, destRegion): (1, 0)
	st: 681.2199999999999
	duration: 5.0


Machine 3 :
	setup duration: 0.0

	vehicle: 26
	vehicleInd: 2
	(orig, dest): (0, 63)
	(origRegion, destRegion): (0, 1)
	st: 14.639999999999986
	duration: 5.0

	setup duration: 5.0

	vehicle: 33
	vehicleInd: 2
	(orig, dest): (0, 106)
	(origRegion, destRegion): (0, 1)
	st: 24.639999999999986
	duration: 5.0

	setup duration: 5.0

	vehicle: 4
	vehicleInd: 3
	(orig, dest): (87, 92)
	(origRegion, destRegion): (0, 3)
	st: 34.639999999999986
	duration: 15.0

	setup duration: 5.0

	vehicle: 46
	vehicleInd: 3
	(orig, dest): (55, 14)
	(origRegion, destRegion): (2, 0)
	st: 100.84
	duration: 10.0

	setup duration: 5.0

	vehicle: 26
	vehicleInd: 4
	(orig, dest): (120, 25)
	(origRegion, destRegion): (1, 0)
	st: 147.29999999999998
	duration: 5.0

	setup duration: 0.0

	vehicle: 27
	vehicleInd: 3
	(orig, dest): (117, 79)
	(origRegion, destRegion): (0, 3)
	st: 155.07999999999998
	duration: 15.0

	setup duration: 0.0

	vehicle: 4
	vehicleInd: 4
	(orig, dest): (92, 80)
	(origRegion, destRegion): (3, 1)
	st: 170.07999999999998
	duration: 10.0

	setup duration: 5.0

	vehicle: 59
	vehicleInd: 5
	(orig, dest): (50, 130)
	(origRegion, destRegion): (0, 2)
	st: 197.69
	duration: 10.0

	setup duration: 5.0

	vehicle: 1
	vehicleInd: 4
	(orig, dest): (66, 134)
	(origRegion, destRegion): (1, 3)
	st: 247.67999999999995
	duration: 10.0

	setup duration: 10.0

	vehicle: 4
	vehicleInd: 5
	(orig, dest): (80, 182)
	(origRegion, destRegion): (1, 3)
	st: 291.92
	duration: 10.0

	setup duration: 5.0

	vehicle: 10
	vehicleInd: 4
	(orig, dest): (126, 0)
	(origRegion, destRegion): (2, 0)
	st: 407.03
	duration: 10.0

	setup duration: 15.0

	vehicle: 54
	vehicleInd: 7
	(orig, dest): (65, 97)
	(origRegion, destRegion): (3, 1)
	st: 455.41999999999996
	duration: 10.0


Machine 4 :
	setup duration: 0.0

	vehicle: 16
	vehicleInd: 2
	(orig, dest): (0, 7)
	(origRegion, destRegion): (0, 1)
	st: 3.7099999999999795
	duration: 5.0

	setup duration: 5.0

	vehicle: 19
	vehicleInd: 2
	(orig, dest): (0, 15)
	(origRegion, destRegion): (0, 2)
	st: 13.70999999999998
	duration: 10.0

	setup duration: 10.0

	vehicle: 43
	vehicleInd: 2
	(orig, dest): (0, 73)
	(origRegion, destRegion): (0, 1)
	st: 33.70999999999998
	duration: 5.0

	setup duration: 5.0

	vehicle: 38
	vehicleInd: 2
	(orig, dest): (0, 46)
	(origRegion, destRegion): (0, 2)
	st: 54.96000000000001
	duration: 10.0

	setup duration: 10.0

	vehicle: 48
	vehicleInd: 3
	(orig, dest): (4, 57)
	(origRegion, destRegion): (0, 1)
	st: 74.96000000000001
	duration: 5.0

	setup duration: 0.0

	vehicle: 43
	vehicleInd: 3
	(orig, dest): (73, 135)
	(origRegion, destRegion): (1, 3)
	st: 97.08999999999997
	duration: 10.0

	setup duration: 10.0

	vehicle: 55
	vehicleInd: 3
	(orig, dest): (20, 34)
	(origRegion, destRegion): (1, 0)
	st: 170.00999999999996
	duration: 5.0

	setup duration: 5.0

	vehicle: 48
	vehicleInd: 4
	(orig, dest): (57, 95)
	(origRegion, destRegion): (1, 2)
	st: 180.00999999999996
	duration: 5.0

	setup duration: 0.0

	vehicle: 19
	vehicleInd: 5
	(orig, dest): (54, 12)
	(origRegion, destRegion): (2, 1)
	st: 191.36
	duration: 5.0

	setup duration: 5.0

	vehicle: 54
	vehicleInd: 4
	(orig, dest): (89, 32)
	(origRegion, destRegion): (2, 3)
	st: 234.5
	duration: 5.0

	setup duration: 15.0

	vehicle: 22
	vehicleInd: 3
	(orig, dest): (19, 114)
	(origRegion, destRegion): (0, 1)
	st: 275.4
	duration: 5.0

	setup duration: 0.0

	vehicle: 33
	vehicleInd: 5
	(orig, dest): (104, 177)
	(origRegion, destRegion): (1, 2)
	st: 281.53999999999996
	duration: 5.0

	setup duration: 5.0

	vehicle: 18
	vehicleInd: 5
	(orig, dest): (175, 183)
	(origRegion, destRegion): (1, 0)
	st: 294.54
	duration: 5.0

	setup duration: 10.0

	vehicle: 44
	vehicleInd: 3
	(orig, dest): (100, 6)
	(origRegion, destRegion): (2, 3)
	st: 309.54
	duration: 5.0

	setup duration: 5.0

	vehicle: 30
	vehicleInd: 7
	(orig, dest): (138, 10)
	(origRegion, destRegion): (2, 3)
	st: 373.64
	duration: 5.0

	setup duration: 15.0

	vehicle: 55
	vehicleInd: 5
	(orig, dest): (23, 127)
	(origRegion, destRegion): (0, 2)
	st: 393.64
	duration: 10.0

	setup duration: 5.0

	vehicle: 27
	vehicleInd: 5
	(orig, dest): (118, 105)
	(origRegion, destRegion): (3, 0)
	st: 429.2
	duration: 15.0

	setup duration: 0.0

	vehicle: 2
	vehicleInd: 5
	(orig, dest): (82, 74)
	(origRegion, destRegion): (0, 1)
	st: 444.2
	duration: 5.0

	setup duration: 10.0

	vehicle: 56
	vehicleInd: 5
	(orig, dest): (47, 59)
	(origRegion, destRegion): (3, 0)
	st: 466.11
	duration: 15.0

	setup duration: 5.0

	vehicle: 54
	vehicleInd: 8
	(orig, dest): (97, 0)
	(origRegion, destRegion): (1, 0)
	st: 508.59
	duration: 5.0

	setup duration: 5.0

	vehicle: 2
	vehicleInd: 6
	(orig, dest): (74, 0)
	(origRegion, destRegion): (1, 0)
	st: 534.68
	duration: 5.0

	setup duration: 15.0

	vehicle: 44
	vehicleInd: 5
	(orig, dest): (77, 198)
	(origRegion, destRegion): (3, 1)
	st: 554.68
	duration: 10.0


Machine 5 :
	setup duration: 0.0

	vehicle: 7
	vehicleInd: 2
	(orig, dest): (0, 44)
	(origRegion, destRegion): (0, 2)
	st: 19.890000000000008
	duration: 10.0

	setup duration: 10.0

	vehicle: 54
	vehicleInd: 2
	(orig, dest): (0, 35)
	(origRegion, destRegion): (0, 3)
	st: 39.89000000000001
	duration: 15.0

	setup duration: 0.0

	vehicle: 45
	vehicleInd: 3
	(orig, dest): (132, 67)
	(origRegion, destRegion): (3, 2)
	st: 54.89000000000001
	duration: 5.0

	setup duration: 10.0

	vehicle: 1
	vehicleInd: 3
	(orig, dest): (18, 66)
	(origRegion, destRegion): (0, 1)
	st: 87.72999999999993
	duration: 5.0

	setup duration: 5.0

	vehicle: 7
	vehicleInd: 3
	(orig, dest): (44, 3)
	(origRegion, destRegion): (2, 3)
	st: 140.31
	duration: 5.0

	setup duration: 15.0

	vehicle: 46
	vehicleInd: 4
	(orig, dest): (14, 76)
	(origRegion, destRegion): (0, 2)
	st: 184.10000000000002
	duration: 10.0

	setup duration: 0.0

	vehicle: 28
	vehicleInd: 4
	(orig, dest): (2, 69)
	(origRegion, destRegion): (2, 1)
	st: 221.33999999999997
	duration: 5.0

	setup duration: 5.0

	vehicle: 31
	vehicleInd: 3
	(orig, dest): (8, 17)
	(origRegion, destRegion): (2, 0)
	st: 240.91
	duration: 10.0

	setup duration: 0.0

	vehicle: 10
	vehicleInd: 3
	(orig, dest): (21, 126)
	(origRegion, destRegion): (0, 2)
	st: 260.97
	duration: 10.0

	setup duration: 5.0

	vehicle: 1
	vehicleInd: 5
	(orig, dest): (134, 124)
	(origRegion, destRegion): (3, 0)
	st: 323.46999999999997
	duration: 15.0

	setup duration: 0.0

	vehicle: 37
	vehicleInd: 5
	(orig, dest): (53, 111)
	(origRegion, destRegion): (0, 2)
	st: 383.86
	duration: 10.0

	setup duration: 5.0

	vehicle: 43
	vehicleInd: 6
	(orig, dest): (90, 128)
	(origRegion, destRegion): (3, 0)
	st: 398.94
	duration: 15.0


-------------------| COMPL. TIMES |-------------------

Vehicle 0 : 406.87
Vehicle 1 : 406.9000000000001
Vehicle 2 : 487.42999999999995
Vehicle 3 : 0.0
Vehicle 4 : 424.98
Vehicle 5 : 0.0
Vehicle 6 : 0.0
Vehicle 7 : 487.12
Vehicle 8 : 0.0
Vehicle 9 : 0.0
Vehicle 10 : 301.04999999999995
Vehicle 11 : 0.0
Vehicle 12 : 0.0
Vehicle 13 : 0.0
Vehicle 14 : 0.0
Vehicle 15 : 0.0
Vehicle 16 : 541.81
Vehicle 17 : 0.0
Vehicle 18 : 406.89
Vehicle 19 : 435.74000000000007
Vehicle 20 : 0.0
Vehicle 21 : 0.0
Vehicle 22 : 237.80999999999995
Vehicle 23 : 0.0
Vehicle 24 : 0.0
Vehicle 25 : 0.0
Vehicle 26 : 569.92
Vehicle 27 : 500.38
Vehicle 28 : 458.94000000000005
Vehicle 29 : 0.0
Vehicle 30 : 515.75
Vehicle 31 : 335.26
Vehicle 32 : 0.0
Vehicle 33 : 449.22
Vehicle 34 : 0.0
Vehicle 35 : 0.0
Vehicle 36 : 0.0
Vehicle 37 : 454.79
Vehicle 38 : 229.15
Vehicle 39 : 0.0
Vehicle 40 : 0.0
Vehicle 41 : 0.0
Vehicle 42 : 0.0
Vehicle 43 : 581.02
Vehicle 44 : 524.2399999999999
Vehicle 45 : 526.26
Vehicle 46 : 464.23
Vehicle 47 : 0.0
Vehicle 48 : 419.71
Vehicle 49 : 0.0
Vehicle 50 : 0.0
Vehicle 51 : 0.0
Vehicle 52 : 0.0
Vehicle 53 : 0.0
Vehicle 54 : 483.69999999999993
Vehicle 55 : 554.47
Vehicle 56 : 342.28999999999996
Vehicle 57 : 0.0
Vehicle 58 : 0.0
Vehicle 59 : 370.39
-------------------| STATISTICS |-------------------

    Vehicles used                           : 45.0
    Machines used                           : 100.0
    Max load (vehicles)                     : 86.2069
    Min load (vehicles)                     : 16.2791
    Mean load (vehicles)                    : 46.8482
    Min completion time                     : 33.3067
    Max completion time                     : 84.4506
    Mean completion time                    : 64.149
    Avrg travel time (with vehicle)         : 28.8275
    Avrg travel time (only with vehicle)    : 16.4729
    Avrg travel time (no vehicle)           : 12.3547
    Avrg waiting time (machine travel)      : 0.6355
    Avrg waiting time (service)             : 6.3994
    Machines travel times (with vehicle)    : [27.6163, 17.4419, 34.8837, 25.436, 42.8779, 24.7093]
    Machines travel times (no vehicle)      : [12.3547, 7.9942, 16.7151, 8.7209, 20.3488, 7.9942]
    Max load per vehicle                    : [82.7586, 23.6111, 31.3953, 0.0, 25.0, 0.0, 0.0, 16.6667, 0.0, 0.0, 59.7222, 0.0, 0.0, 0.0, 0.0, 0.0, 72.2222, 0.0, 37.2093, 84.4828, 0.0, 0.0, 18.9655, 0.0, 0.0, 0.0, 50.0, 30.2326, 65.2778, 0.0, 82.7586, 24.4186, 0.0, 16.2791, 0.0, 0.0, 0.0, 25.0, 34.8837, 0.0, 0.0, 0.0, 0.0, 47.6744, 47.2222, 84.4828, 31.9444, 0.0, 86.2069, 0.0, 0.0, 0.0, 0.0, 0.0, 81.0345, 31.0345, 34.8837, 0.0, 0.0, 39.5349]

----------------------------------------------------

TOTAL: 11916.32

Everything is awesome!
