Set parameter WLSAccessID
Set parameter WLSSecret
Set parameter LicenseID to value 2661775
Academic license 2661775 - for non-commercial use only - registered to me___@dcc.ufba.br
Parameter 'method_type' with value 'form' successfully set as form of type <class 'str'>
Parameter 'method_code' with value 'melo_hx' successfully set as melo_hx of type <class 'str'>
Parameter 'seed' with value '0' successfully set as 0 of type <class 'int'>
Parameter 'hx_max_time' with value '3600' successfully set as 3600 of type <class 'int'>
Parameter 'threads' with value '8' successfully set as 8 of type <class 'int'>
Parameter 'print_sol' with value '1' successfully set as 1 of type <class 'int'>
Parameter 'constraints_used_melo_mip_str' with value '1-29' successfully set as 1-29 of type <class 'str'>
Instance: lr205_t2_10R_10V_04I_04M
ParameterData(inst_path='/dados/rmelo/PDPTW-SE/benchmark_multi_island_v5/official_experiments/mip_hexaly/set_02_pt_04/../../../instances/orig_ams_fg/10R_10V_04I_04M/t2/lr205/', name='lr205', type='t2', group='10R_10V_04I_04M', full_name='lr205_t2_10R_10V_04I_04M', method_type='form', method_code='melo_hx', gen_config_file='/dados/rmelo/PDPTW-SE/benchmark_multi_island_v5/official_experiments/mip_hexaly/set_02_pt_04/configs/genconfig_melo_hx.conf', gen_config_filename='genconfig_melo_hx', greedy_service_order='tightest_tw', cutoff=0, cutoff_machs=4, solver='Gurobi', max_time=7200, gurobi_cuts=1, type_user_cut=0, mip_presolve=-1, print_sol=1, max_nodes=-1, elevator=0, make_instance_feasible=False, output='/dados/rmelo/PDPTW-SE/benchmark_multi_island_v5/official_experiments/mip_hexaly/set_02_pt_04/logs', epsilon=0.005, epsilon_cap=0.5, warm_start=False, seed=0, rng=<random.Random object at 0x55d4284c5390>, alpha=0.2, max_iter=1000000, output_flag_grb_mip=0, output_flag_grb_mslp=0, output_flag_grb_lmns=0, mslp_r='M', mslp_a='60', lmns_r='M', lmns_a='60', lmns_repair_time=30.0, lmns_mip_focus=0, lmns_gap_to_bigger_destruction=50, lmns_gap_to_smaller_destruction=95, lmns_weight_shaw_dist_prox=1.0, lmns_weight_shaw_earl_prox=1.0, lmns_weight_shaw_same_route=1.0, lmns_weight_shaw_demand_sim=1.0, lmns_req_r_apply_mip_start=True, lmns_acceptance_criteria='H', lmns_metropolis_temp=100.0, lmns_simulated_annealing_temp=100.0, lmns_simulated_annealing_cool=0.95, mip_max_time=3600, hx_max_time=3600, csv_file_name='', sol_file_name='', timeline_file_name='', grb_file_name='', validate_synchronization=True, constraints_used_melo_mip_str='1-29', constraints_used_melo_mip=None, run_callback_melo_mip=False, mip_heuristics=0.05, threads=8)
Constraints active in melo MIP
1 2 3 4 5 6 7 8 9 10 11 12 13 14 15 16 17 18 19 20 21 22 23 24 25 26 27 28 29 
[Reading Data] Using files at /dados/rmelo/PDPTW-SE/benchmark_multi_island_v5/official_experiments/mip_hexaly/set_02_pt_04/../../../instances/orig_ams_fg/10R_10V_04I_04M/t2/lr205/
vehicles: [Vehicle(id=0, cap=34), Vehicle(id=1, cap=43), Vehicle(id=2, cap=52), Vehicle(id=3, cap=34), Vehicle(id=4, cap=52), Vehicle(id=5, cap=52), Vehicle(id=6, cap=52), Vehicle(id=7, cap=52), Vehicle(id=8, cap=43), Vehicle(id=9, cap=43)]
vehicle_types: [Vehicle(id=3, cap=34), Vehicle(id=9, cap=43), Vehicle(id=7, cap=52)]
machines: [Machine(id=0, points=[Point(x=36, y=33, z=0), Point(x=29, y=58, z=1), Point(x=48, y=45, z=2), Point(x=47, y=64, z=3)], spd=1.0), Machine(id=1, points=[Point(x=32, y=34, z=0), Point(x=28, y=57, z=1), Point(x=49, y=46, z=2), Point(x=48, y=64, z=3)], spd=1.0), Machine(id=2, points=[Point(x=37, y=32, z=0), Point(x=28, y=56, z=1), Point(x=48, y=44, z=2), Point(x=48, y=63, z=3)], spd=1.0), Machine(id=3, points=[Point(x=30, y=34, z=0), Point(x=27, y=55, z=1), Point(x=48, y=43, z=2), Point(x=49, y=63, z=3)], spd=1.0)]
refs: [0, 1, 2, 3, 4, 6, 7, 8, 9, 12, 13, 16, 17, 14, 20, 11, 15, 18, 10, 19, 5, 0]
V: [0, 1, 2, 3, 4, 5, 6, 7, 8, 9, 10, 11, 12, 13, 14, 15, 16, 17, 18, 19, 20]
V_p: [1, 2, 3, 4, 5, 6, 7, 8, 9, 10]
V_d: [11, 12, 13, 14, 15, 16, 17, 18, 19, 20]
V_p_d: [1, 2, 3, 4, 5, 6, 7, 8, 9, 10, 11, 12, 13, 14, 15, 16, 17, 18, 19, 20]
Vprime: [0, 1, 2, 3, 4, 5, 6, 7, 8, 9, 10, 11, 12, 13, 14, 15, 16, 17, 18, 19, 20, 21]
q: [0, 13, 26, 3, 5, 16, 12, 19, 20, 12, 9, -13, -26, -3, -5, -16, -12, -19, -20, -12, -9, 0]
H: [0, 1, 2, 3]
Machine points:
# Machine 0
	Point(x=36, y=33, z=0)
	Point(x=29, y=58, z=1)
	Point(x=48, y=45, z=2)
	Point(x=47, y=64, z=3)

# Machine 1
	Point(x=32, y=34, z=0)
	Point(x=28, y=57, z=1)
	Point(x=49, y=46, z=2)
	Point(x=48, y=64, z=3)

# Machine 2
	Point(x=37, y=32, z=0)
	Point(x=28, y=56, z=1)
	Point(x=48, y=44, z=2)
	Point(x=48, y=63, z=3)

# Machine 3
	Point(x=30, y=34, z=0)
	Point(x=27, y=55, z=1)
	Point(x=48, y=43, z=2)
	Point(x=49, y=63, z=3)

f: [[0 0 0 0]
 [2 2 2 2]
 [0 0 0 0]
 [0 0 0 0]
 [1 1 1 1]
 [1 1 1 1]
 [1 1 1 1]
 [2 2 2 2]
 [0 0 0 0]
 [1 1 1 1]
 [3 3 3 3]
 [2 2 2 2]
 [0 0 0 0]
 [0 0 0 0]
 [0 0 0 0]
 [0 0 0 0]
 [2 2 2 2]
 [3 3 3 3]
 [0 0 0 0]
 [0 0 0 0]
 [3 3 3 3]
 [0 0 0 0]]
(0, 0, 0) 0.0
(0, 1, 0) 25.96
(0, 2, 0) 16.97
(0, 3, 0) 32.89
(1, 0, 0) 25.96
(1, 1, 0) 0.0
(1, 2, 0) 23.02
(1, 3, 0) 18.97
(2, 0, 0) 16.97
(2, 1, 0) 23.02
(2, 2, 0) 0.0
(2, 3, 0) 19.03
(3, 0, 0) 32.89
(3, 1, 0) 18.97
(3, 2, 0) 19.03
(3, 3, 0) 0.0
(0, 0, 1) 0.0
(0, 1, 1) 23.35
(0, 2, 1) 20.81
(0, 3, 1) 34.0
(1, 0, 1) 23.35
(1, 1, 1) 0.0
(1, 2, 1) 23.71
(1, 3, 1) 21.19
(2, 0, 1) 20.81
(2, 1, 1) 23.71
(2, 2, 1) 0.0
(2, 3, 1) 18.03
(3, 0, 1) 34.0
(3, 1, 1) 21.19
(3, 2, 1) 18.03
(3, 3, 1) 0.0
(0, 0, 2) 0.0
(0, 1, 2) 25.63
(0, 2, 2) 16.28
(0, 3, 2) 32.89
(1, 0, 2) 25.63
(1, 1, 2) 0.0
(1, 2, 2) 23.32
(1, 3, 2) 21.19
(2, 0, 2) 16.28
(2, 1, 2) 23.32
(2, 2, 2) 0.0
(2, 3, 2) 19.0
(3, 0, 2) 32.89
(3, 1, 2) 21.19
(3, 2, 2) 19.0
(3, 3, 2) 0.0
(0, 0, 3) 0.0
(0, 1, 3) 21.21
(0, 2, 3) 20.12
(0, 3, 3) 34.67
(1, 0, 3) 21.21
(1, 1, 3) 0.0
(1, 2, 3) 24.19
(1, 3, 3) 23.41
(2, 0, 3) 20.12
(2, 1, 3) 24.19
(2, 2, 3) 0.0
(2, 3, 3) 20.02
(3, 0, 3) 34.67
(3, 1, 3) 23.41
(3, 2, 3) 20.02
(3, 3, 3) 0.0
Number of arcs: 239
M:  (0, np.int64(0)) (1, np.int64(79)) (2, np.int64(1081)) (3, np.int64(1071)) (4, np.int64(1044)) (5, np.int64(1034)) (6, np.int64(1068)) (7, np.int64(1071)) (8, np.int64(36))
JOBS in the order of refs (Vprime)
Node 0: Job(id=0, point=Point(x=35, y=35, z=0), dem=0, earl=0, lat=1000, servt=0, pid=0, did=0)
Node 1: Job(id=3, point=Point(x=55, y=45, z=2), dem=13, earl=436, lat=676, servt=10, pid=0, did=50)
Node 2: Job(id=5, point=Point(x=15, y=30, z=0), dem=26, earl=20, lat=260, servt=10, pid=0, did=53)
Node 3: Job(id=6, point=Point(x=25, y=30, z=0), dem=3, earl=345, lat=585, servt=10, pid=0, did=22)
Node 4: Job(id=7, point=Point(x=20, y=50, z=1), dem=5, earl=251, lat=491, servt=10, pid=0, did=99)
Node 5: Job(id=10, point=Point(x=30, y=60, z=1), dem=16, earl=485, lat=725, servt=10, pid=0, did=17)
Node 6: Job(id=11, point=Point(x=20, y=65, z=1), dem=12, earl=146, lat=386, servt=10, pid=0, did=24)
Node 7: Job(id=12, point=Point(x=50, y=35, z=2), dem=19, earl=167, lat=407, servt=10, pid=0, did=66)
Node 8: Job(id=14, point=Point(x=15, y=10, z=0), dem=20, earl=32, lat=272, servt=10, pid=0, did=16)
Node 9: Job(id=18, point=Point(x=20, y=40, z=1), dem=12, earl=286, lat=526, servt=10, pid=0, did=74)
Node 10: Job(id=20, point=Point(x=45, y=65, z=3), dem=9, earl=504, lat=744, servt=10, pid=0, did=9)
Node 11: Job(id=50, point=Point(x=47, y=47, z=2), dem=-13, earl=475, lat=715, servt=10, pid=3, did=0)
Node 12: Job(id=53, point=Point(x=37, y=31, z=0), dem=-26, earl=332, lat=572, servt=10, pid=5, did=0)
Node 13: Job(id=22, point=Point(x=45, y=10, z=0), dem=-3, earl=332, lat=572, servt=10, pid=6, did=0)
Node 14: Job(id=99, point=Point(x=20, y=26, z=0), dem=-5, earl=263, lat=503, servt=10, pid=7, did=0)
Node 15: Job(id=17, point=Point(x=5, y=30, z=0), dem=-16, earl=682, lat=922, servt=10, pid=10, did=0)
Node 16: Job(id=24, point=Point(x=65, y=35, z=2), dem=-12, earl=656, lat=896, servt=10, pid=11, did=0)
Node 17: Job(id=66, point=Point(x=49, y=73, z=3), dem=-19, earl=523, lat=763, servt=10, pid=12, did=0)
Node 18: Job(id=16, point=Point(x=10, y=20, z=0), dem=-20, earl=203, lat=443, servt=10, pid=14, did=0)
Node 19: Job(id=74, point=Point(x=46, y=13, z=0), dem=-12, earl=622, lat=862, servt=10, pid=18, did=0)
Node 20: Job(id=9, point=Point(x=55, y=60, z=3), dem=-9, earl=329, lat=569, servt=10, pid=20, did=0)
Node 21: Job(id=0, point=Point(x=35, y=35, z=0), dem=0, earl=0, lat=1000, servt=0, pid=0, did=0)

### Preprocessing Data ###
	-> arcs: 484 (100.0%)
	-> arc_removals: 245 (50.62%)
	-> arc_removals_is_loop: 22 (4.55%)
	-> arc_removals_is_delivery_to_pickup: 12 (2.48%)
	-> arc_removals_is_depot_begin_to_delivery: 10 (2.07%)
	-> arc_removals_is_pickup_to_depot_end: 10 (2.07%)
	-> arc_removals_is_dest_depot_begin: 20 (4.13%)
	-> arc_removals_is_orig_depot_end: 19 (3.93%)
	-> arc_removals_is_capacity_violated: 0 (0.0%)
	-> arc_removals_is_time_window_limited: 108 (22.31%)
	-> arc_removals_is_time_window_pairing_limited: 39 (8.06%)
	-> arc_removals_is_indirect_request_service_impossible: 5 (1.03%)
	-> gamma_vars: 110228 (100.0%)
	-> feas_gamma_vars: 88890 (80.64%)
	-> infeas_gamma_vars_is_next_mtrv_unreachable: 20674 (18.76%)
	-> infeas_gamma_vars_is_iprime_jprime_eq_i_j: 664 (0.6%)
	-> machine_removal_for_an_arc: 4 (0.83%)
##########################

### Model variables summary ###
	-> Total number of variables: 92868
		- x: 2390
		- z: 220
		- t: 20
		- tstart: 10
		- tfinal: 10
		- phi: 664
		- alpha: 664
		- gamma: 88890
	-> Number of binary variables: 92164


[21:11:08] Adding routing constraints
[21:11:08] Adding scheduling constraints
[21:11:10] Adding objective function

Model:  expressions = 1162424, decisions = 92878, constraints = 343257, objectives = 1
Param:  time limit = 3600 sec, no iteration limit, nb threads = 8
        seed = 0

[objective direction ]:     minimize

[  0 sec,       0 itr]: No feasible solution found (infeas = 70)
[  1 sec,    2212 itr]: No feasible solution found (infeas = 70)
[  2 sec,    4902 itr]: No feasible solution found (infeas = 70)
[  3 sec,    4902 itr]: No feasible solution found (infeas = 70)
[  4 sec,    7261 itr]: No feasible solution found (infeas = 70)
[  5 sec,    9382 itr]: No feasible solution found (infeas = 61)
[  6 sec,   11521 itr]: No feasible solution found (infeas = 49)
[  7 sec,   13364 itr]: No feasible solution found (infeas = 49)
[  8 sec,   17078 itr]: No feasible solution found (infeas = 49)
[  9 sec,   17078 itr]: No feasible solution found (infeas = 49)
[ 10 sec,   19003 itr]: No feasible solution found (infeas = 49)
[ 11 sec,   20802 itr]: No feasible solution found (infeas = 49)
[ 12 sec,   25062 itr]: No feasible solution found (infeas = 49)
[ 13 sec,   25062 itr]: No feasible solution found (infeas = 49)
[ 14 sec,   28932 itr]: No feasible solution found (infeas = 49)
[ 15 sec,   28932 itr]: No feasible solution found (infeas = 49)
[ 16 sec,   30890 itr]: No feasible solution found (infeas = 49)
[ 17 sec,   33345 itr]: No feasible solution found (infeas = 49)
[ 18 sec,   35754 itr]: No feasible solution found (infeas = 49)
[ 19 sec,   37918 itr]: No feasible solution found (infeas = 49)
[ 20 sec,   39981 itr]: No feasible solution found (infeas = 49)
[ 21 sec,   42158 itr]: No feasible solution found (infeas = 49)
[ 22 sec,   46520 itr]: No feasible solution found (infeas = 49)
[ 23 sec,   46520 itr]: No feasible solution found (infeas = 49)
[ 24 sec,   48780 itr]: No feasible solution found (infeas = 23)
[ 25 sec,   52542 itr]: No feasible solution found (infeas = 17)
[ 26 sec,   52542 itr]: No feasible solution found (infeas = 17)
[ 27 sec,   54850 itr]: No feasible solution found (infeas = 17)
[ 28 sec,   57357 itr]: No feasible solution found (infeas = 17)
[ 29 sec,   59792 itr]: No feasible solution found (infeas = 16)
[ 30 sec,   62255 itr]: No feasible solution found (infeas = 16)
[ 31 sec,   64478 itr]: No feasible solution found (infeas = 13)
[ 32 sec,   66763 itr]: No feasible solution found (infeas = 13)
[ 33 sec,   69047 itr]: No feasible solution found (infeas = 13)
[ 34 sec,   73299 itr]: No feasible solution found (infeas = 13)
[ 35 sec,   73299 itr]: No feasible solution found (infeas = 13)
[ 36 sec,   75680 itr]: No feasible solution found (infeas = 13)
[ 37 sec,   78266 itr]: No feasible solution found (infeas = 13)
[ 38 sec,   80511 itr]: No feasible solution found (infeas = 13)
[ 39 sec,   82831 itr]: No feasible solution found (infeas = 13)
[ 40 sec,   87372 itr]: No feasible solution found (infeas = 13)
[ 41 sec,   87372 itr]: No feasible solution found (infeas = 13)
[ 42 sec,   91473 itr]: No feasible solution found (infeas = 13)
[ 43 sec,   91473 itr]: No feasible solution found (infeas = 13)
[ 44 sec,   93586 itr]: No feasible solution found (infeas = 13)
[ 45 sec,   95292 itr]: No feasible solution found (infeas = 13)
[ 46 sec,   97199 itr]: No feasible solution found (infeas = 13)
[ 47 sec,  101384 itr]: No feasible solution found (infeas = 10)
[ 48 sec,  101384 itr]: No feasible solution found (infeas = 10)
[ 49 sec,  105611 itr]: No feasible solution found (infeas = 10)
[ 50 sec,  105611 itr]: No feasible solution found (infeas = 10)
[ 51 sec,  107601 itr]: No feasible solution found (infeas = 10)
[ 52 sec,  109574 itr]: No feasible solution found (infeas = 10)
[ 53 sec,  111171 itr]: No feasible solution found (infeas = 10)
[ 54 sec,  112866 itr]: No feasible solution found (infeas = 10)
[ 55 sec,  114414 itr]: No feasible solution found (infeas = 10)
[ 56 sec,  115973 itr]: No feasible solution found (infeas = 10)
[ 57 sec,  117719 itr]: No feasible solution found (infeas = 10)
[ 58 sec,  121151 itr]: No feasible solution found (infeas = 10)
[ 59 sec,  122665 itr]: No feasible solution found (infeas = 10)
[ 60 sec,  124160 itr]: No feasible solution found (infeas = 10)
[ 61 sec,  124160 itr]: No feasible solution found (infeas = 10)
[ 62 sec,  126685 itr]: No feasible solution found (infeas = 10)
[ 63 sec,  126685 itr]: No feasible solution found (infeas = 10)
[ 64 sec,  127955 itr]: No feasible solution found (infeas = 10)
[ 65 sec,  129273 itr]: No feasible solution found (infeas = 10)
[ 66 sec,  131886 itr]: No feasible solution found (infeas = 10)
[ 67 sec,  131886 itr]: No feasible solution found (infeas = 10)
[ 68 sec,  133107 itr]: No feasible solution found (infeas = 10)
[ 69 sec,  134301 itr]: No feasible solution found (infeas = 10)
[ 70 sec,  135463 itr]: No feasible solution found (infeas = 10)
[ 71 sec,  136652 itr]: No feasible solution found (infeas = 9)
[ 72 sec,  138874 itr]: No feasible solution found (infeas = 9)
[ 73 sec,  138874 itr]: No feasible solution found (infeas = 9)
[ 74 sec,  140017 itr]: No feasible solution found (infeas = 9)
[ 75 sec,  141132 itr]: No feasible solution found (infeas = 9)
[ 76 sec,  143414 itr]: No feasible solution found (infeas = 9)
[ 77 sec,  144570 itr]: No feasible solution found (infeas = 9)
[ 78 sec,  145646 itr]: No feasible solution found (infeas = 9)
[ 79 sec,  145646 itr]: No feasible solution found (infeas = 9)
[ 80 sec,  146752 itr]: No feasible solution found (infeas = 9)
[ 81 sec,  149052 itr]: No feasible solution found (infeas = 9)
[ 82 sec,  150142 itr]: No feasible solution found (infeas = 9)
[ 83 sec,  151827 itr]: No feasible solution found (infeas = 9)
[ 84 sec,  151827 itr]: No feasible solution found (infeas = 9)
[ 85 sec,  153478 itr]: No feasible solution found (infeas = 9)
[ 86 sec,  155129 itr]: No feasible solution found (infeas = 9)
[ 87 sec,  158668 itr]: No feasible solution found (infeas = 9)
[ 88 sec,  158668 itr]: No feasible solution found (infeas = 9)
[ 89 sec,  160355 itr]: No feasible solution found (infeas = 9)
[ 90 sec,  162136 itr]: No feasible solution found (infeas = 9)
[ 91 sec,  163826 itr]: No feasible solution found (infeas = 9)
[ 92 sec,  165345 itr]: No feasible solution found (infeas = 9)
[ 93 sec,  168265 itr]: No feasible solution found (infeas = 9)
[ 94 sec,  169799 itr]: No feasible solution found (infeas = 9)
[ 95 sec,  169799 itr]: No feasible solution found (infeas = 9)
[ 96 sec,  172761 itr]: No feasible solution found (infeas = 9)
[ 97 sec,  172761 itr]: No feasible solution found (infeas = 9)
[ 98 sec,  174348 itr]: No feasible solution found (infeas = 9)
[ 99 sec,  177463 itr]: No feasible solution found (infeas = 9)
[100 sec,  177463 itr]: No feasible solution found (infeas = 9)
[101 sec,  179050 itr]: No feasible solution found (infeas = 9)
[102 sec,  182401 itr]: No feasible solution found (infeas = 9)
[103 sec,  182401 itr]: No feasible solution found (infeas = 9)
[104 sec,  185757 itr]: No feasible solution found (infeas = 9)
[105 sec,  187262 itr]: No feasible solution found (infeas = 9)
[106 sec,  187262 itr]: No feasible solution found (infeas = 9)
[107 sec,  190263 itr]: No feasible solution found (infeas = 9)
[108 sec,  191940 itr]: No feasible solution found (infeas = 9)
[109 sec,  193684 itr]: No feasible solution found (infeas = 9)
[110 sec,  195375 itr]: No feasible solution found (infeas = 9)
[111 sec,  197046 itr]: No feasible solution found (infeas = 9)
[112 sec,  197046 itr]: No feasible solution found (infeas = 9)
[113 sec,  198802 itr]: No feasible solution found (infeas = 9)
[114 sec,  202236 itr]: No feasible solution found (infeas = 9)
[115 sec,  203991 itr]: No feasible solution found (infeas = 9)
[116 sec,  203991 itr]: No feasible solution found (infeas = 9)
[117 sec,  205728 itr]: No feasible solution found (infeas = 9)
[118 sec,  208885 itr]: No feasible solution found (infeas = 9)
[119 sec,  210536 itr]: No feasible solution found (infeas = 9)
[120 sec,  210536 itr]: No feasible solution found (infeas = 9)
[121 sec,  213624 itr]: No feasible solution found (infeas = 9)
[122 sec,  215195 itr]: No feasible solution found (infeas = 9)
[123 sec,  216806 itr]: No feasible solution found (infeas = 9)
[124 sec,  216806 itr]: No feasible solution found (infeas = 9)
[125 sec,  218432 itr]: No feasible solution found (infeas = 9)
[126 sec,  221830 itr]: No feasible solution found (infeas = 9)
[127 sec,  223598 itr]: No feasible solution found (infeas = 9)
[128 sec,  223598 itr]: No feasible solution found (infeas = 9)
[129 sec,  225319 itr]: No feasible solution found (infeas = 9)
[130 sec,  227021 itr]: No feasible solution found (infeas = 9)
[131 sec,  230401 itr]: No feasible solution found (infeas = 9)
[132 sec,  232170 itr]: No feasible solution found (infeas = 9)
[133 sec,  232170 itr]: No feasible solution found (infeas = 9)
[134 sec,  235495 itr]: No feasible solution found (infeas = 9)
[135 sec,  237028 itr]: No feasible solution found (infeas = 9)
[136 sec,  238577 itr]: No feasible solution found (infeas = 9)
[137 sec,  240151 itr]: No feasible solution found (infeas = 9)
[138 sec,  241836 itr]: No feasible solution found (infeas = 9)
[139 sec,  243371 itr]: No feasible solution found (infeas = 9)
[140 sec,  244972 itr]: No feasible solution found (infeas = 9)
[141 sec,  244972 itr]: No feasible solution found (infeas = 9)
[142 sec,  248107 itr]: No feasible solution found (infeas = 9)
[143 sec,  248107 itr]: No feasible solution found (infeas = 9)
[144 sec,  249733 itr]: No feasible solution found (infeas = 9)
[145 sec,  251438 itr]: No feasible solution found (infeas = 9)
[146 sec,  253128 itr]: No feasible solution found (infeas = 9)
[147 sec,  254994 itr]: No feasible solution found (infeas = 9)
[148 sec,  258039 itr]: No feasible solution found (infeas = 9)
[149 sec,  258039 itr]: No feasible solution found (infeas = 9)
[150 sec,  260032 itr]: No feasible solution found (infeas = 9)
[151 sec,  261699 itr]: No feasible solution found (infeas = 9)
[152 sec,  263219 itr]: No feasible solution found (infeas = 9)
[153 sec,  264696 itr]: No feasible solution found (infeas = 9)
[154 sec,  266007 itr]: No feasible solution found (infeas = 9)
[155 sec,  267384 itr]: No feasible solution found (infeas = 9)
[156 sec,  268851 itr]: No feasible solution found (infeas = 9)
[157 sec,  270351 itr]: No feasible solution found (infeas = 9)
[158 sec,  271778 itr]: No feasible solution found (infeas = 9)
[159 sec,  273204 itr]: No feasible solution found (infeas = 9)
[160 sec,  274520 itr]: No feasible solution found (infeas = 9)
[161 sec,  275876 itr]: No feasible solution found (infeas = 9)
[162 sec,  277387 itr]: No feasible solution found (infeas = 9)
[163 sec,  278868 itr]: No feasible solution found (infeas = 9)
[164 sec,  280363 itr]: No feasible solution found (infeas = 9)
[165 sec,  281903 itr]: No feasible solution found (infeas = 9)
[166 sec,  283595 itr]: No feasible solution found (infeas = 9)
[167 sec,  286740 itr]: No feasible solution found (infeas = 9)
[168 sec,  286740 itr]: No feasible solution found (infeas = 9)
[169 sec,  289694 itr]: No feasible solution found (infeas = 9)
[170 sec,  289694 itr]: No feasible solution found (infeas = 9)
[171 sec,  291420 itr]: No feasible solution found (infeas = 9)
[172 sec,  294455 itr]: No feasible solution found (infeas = 9)
[173 sec,  294455 itr]: No feasible solution found (infeas = 9)
[174 sec,  295925 itr]: No feasible solution found (infeas = 9)
[175 sec,  297430 itr]: No feasible solution found (infeas = 9)
[176 sec,  300354 itr]: No feasible solution found (infeas = 9)
[177 sec,  300354 itr]: No feasible solution found (infeas = 9)
[178 sec,  303364 itr]: No feasible solution found (infeas = 9)
[179 sec,  303364 itr]: No feasible solution found (infeas = 9)
[180 sec,  306624 itr]: No feasible solution found (infeas = 9)
[181 sec,  308298 itr]: No feasible solution found (infeas = 9)
[182 sec,  308298 itr]: No feasible solution found (infeas = 9)
[183 sec,  311680 itr]: No feasible solution found (infeas = 9)
[184 sec,  313263 itr]: No feasible solution found (infeas = 9)
[185 sec,  314753 itr]: No feasible solution found (infeas = 9)
[186 sec,  314753 itr]: No feasible solution found (infeas = 9)
[187 sec,  317782 itr]: No feasible solution found (infeas = 9)
[188 sec,  319291 itr]: No feasible solution found (infeas = 9)
[189 sec,  319291 itr]: No feasible solution found (infeas = 9)
[190 sec,  322360 itr]: No feasible solution found (infeas = 9)
[191 sec,  323816 itr]: No feasible solution found (infeas = 9)
[192 sec,  325415 itr]: No feasible solution found (infeas = 9)
[193 sec,  325415 itr]: No feasible solution found (infeas = 9)
[194 sec,  327066 itr]: No feasible solution found (infeas = 9)
[195 sec,  330491 itr]: No feasible solution found (infeas = 9)
[196 sec,  330491 itr]: No feasible solution found (infeas = 9)
[197 sec,  333475 itr]: No feasible solution found (infeas = 9)
[198 sec,  334902 itr]: No feasible solution found (infeas = 9)
[199 sec,  336397 itr]: No feasible solution found (infeas = 9)
[200 sec,  337822 itr]: No feasible solution found (infeas = 9)
[201 sec,  339194 itr]: No feasible solution found (infeas = 9)
[202 sec,  340616 itr]: No feasible solution found (infeas = 9)
[203 sec,  340616 itr]: No feasible solution found (infeas = 9)
[204 sec,  342029 itr]: No feasible solution found (infeas = 9)
[205 sec,  343554 itr]: No feasible solution found (infeas = 9)
[206 sec,  345098 itr]: No feasible solution found (infeas = 9)
[207 sec,  348200 itr]: No feasible solution found (infeas = 9)
[208 sec,  349603 itr]: No feasible solution found (infeas = 9)
[209 sec,  349603 itr]: No feasible solution found (infeas = 9)
[210 sec,  352148 itr]: No feasible solution found (infeas = 9)
[211 sec,  353265 itr]: No feasible solution found (infeas = 9)
[212 sec,  353265 itr]: No feasible solution found (infeas = 9)
[213 sec,  354392 itr]: No feasible solution found (infeas = 9)
[214 sec,  356911 itr]: No feasible solution found (infeas = 9)
[215 sec,  356911 itr]: No feasible solution found (infeas = 9)
[216 sec,  359822 itr]: No feasible solution found (infeas = 9)
[217 sec,  361314 itr]: No feasible solution found (infeas = 9)
[218 sec,  362672 itr]: No feasible solution found (infeas = 9)
[219 sec,  364000 itr]: No feasible solution found (infeas = 9)
[220 sec,  365235 itr]: No feasible solution found (infeas = 9)
[221 sec,  365235 itr]: No feasible solution found (infeas = 9)
[222 sec,  366520 itr]: No feasible solution found (infeas = 9)
[223 sec,  367843 itr]: No feasible solution found (infeas = 9)
[224 sec,  369082 itr]: No feasible solution found (infeas = 9)
[225 sec,  370438 itr]: No feasible solution found (infeas = 9)
[226 sec,  371919 itr]: No feasible solution found (infeas = 9)
[227 sec,  373299 itr]: No feasible solution found (infeas = 9)
[228 sec,  376209 itr]: No feasible solution found (infeas = 9)
[229 sec,  376209 itr]: No feasible solution found (infeas = 9)
[230 sec,  378678 itr]: No feasible solution found (infeas = 9)
[231 sec,  379917 itr]: No feasible solution found (infeas = 9)
[232 sec,  381235 itr]: No feasible solution found (infeas = 9)
[233 sec,  381235 itr]: No feasible solution found (infeas = 9)
[234 sec,  383748 itr]: No feasible solution found (infeas = 9)
[235 sec,  385020 itr]: No feasible solution found (infeas = 9)
[236 sec,  386514 itr]: No feasible solution found (infeas = 9)
[237 sec,  388102 itr]: No feasible solution found (infeas = 9)
[238 sec,  388102 itr]: No feasible solution found (infeas = 9)
[239 sec,  391239 itr]: No feasible solution found (infeas = 9)
[240 sec,  392796 itr]: No feasible solution found (infeas = 9)
[241 sec,  392796 itr]: No feasible solution found (infeas = 9)
[242 sec,  394309 itr]: No feasible solution found (infeas = 9)
[243 sec,  396726 itr]: No feasible solution found (infeas = 9)
[244 sec,  396726 itr]: No feasible solution found (infeas = 9)
[245 sec,  399293 itr]: No feasible solution found (infeas = 9)
[246 sec,  399293 itr]: No feasible solution found (infeas = 9)
[247 sec,  400520 itr]: No feasible solution found (infeas = 9)
[248 sec,  403023 itr]: No feasible solution found (infeas = 9)
[249 sec,  404336 itr]: No feasible solution found (infeas = 9)
[250 sec,  405846 itr]: No feasible solution found (infeas = 9)
[251 sec,  407120 itr]: No feasible solution found (infeas = 9)
[252 sec,  407120 itr]: No feasible solution found (infeas = 9)
[253 sec,  410052 itr]: No feasible solution found (infeas = 9)
[254 sec,  411440 itr]: No feasible solution found (infeas = 9)
[255 sec,  412950 itr]: No feasible solution found (infeas = 9)
[256 sec,  414383 itr]: No feasible solution found (infeas = 9)
[257 sec,  415603 itr]: No feasible solution found (infeas = 9)
[258 sec,  416827 itr]: No feasible solution found (infeas = 9)
[259 sec,  417964 itr]: No feasible solution found (infeas = 9)
[260 sec,  419168 itr]: No feasible solution found (infeas = 9)
[261 sec,  419168 itr]: No feasible solution found (infeas = 9)
[262 sec,  420499 itr]: No feasible solution found (infeas = 9)
[263 sec,  421981 itr]: No feasible solution found (infeas = 9)
[264 sec,  423412 itr]: No feasible solution found (infeas = 9)
[265 sec,  424813 itr]: No feasible solution found (infeas = 9)
[266 sec,  426169 itr]: No feasible solution found (infeas = 9)
[267 sec,  427457 itr]: No feasible solution found (infeas = 9)
[268 sec,  428615 itr]: No feasible solution found (infeas = 9)
[269 sec,  430969 itr]: No feasible solution found (infeas = 9)
[270 sec,  432217 itr]: No feasible solution found (infeas = 9)
[271 sec,  433591 itr]: No feasible solution found (infeas = 9)
[272 sec,  434945 itr]: No feasible solution found (infeas = 9)
[273 sec,  436210 itr]: No feasible solution found (infeas = 9)
[274 sec,  436210 itr]: No feasible solution found (infeas = 9)
[275 sec,  437530 itr]: No feasible solution found (infeas = 9)
[276 sec,  438858 itr]: No feasible solution found (infeas = 9)
[277 sec,  440095 itr]: No feasible solution found (infeas = 9)
[278 sec,  441262 itr]: No feasible solution found (infeas = 9)
[279 sec,  442500 itr]: No feasible solution found (infeas = 9)
[280 sec,  443821 itr]: No feasible solution found (infeas = 9)
[281 sec,  446520 itr]: No feasible solution found (infeas = 9)
[282 sec,  447897 itr]: No feasible solution found (infeas = 9)
[283 sec,  449327 itr]: No feasible solution found (infeas = 9)
[284 sec,  450598 itr]: No feasible solution found (infeas = 9)
[285 sec,  451792 itr]: No feasible solution found (infeas = 9)
[286 sec,  451792 itr]: No feasible solution found (infeas = 9)
[287 sec,  453235 itr]: No feasible solution found (infeas = 9)
[288 sec,  455681 itr]: No feasible solution found (infeas = 9)
[289 sec,  456849 itr]: No feasible solution found (infeas = 9)
[290 sec,  458134 itr]: No feasible solution found (infeas = 9)
[291 sec,  458134 itr]: No feasible solution found (infeas = 9)
[292 sec,  460488 itr]: No feasible solution found (infeas = 9)
[293 sec,  460488 itr]: No feasible solution found (infeas = 9)
[294 sec,  461782 itr]: No feasible solution found (infeas = 9)
[295 sec,  464503 itr]: No feasible solution found (infeas = 9)
[296 sec,  464503 itr]: No feasible solution found (infeas = 9)
[297 sec,  467273 itr]: No feasible solution found (infeas = 9)
[298 sec,  468558 itr]: No feasible solution found (infeas = 9)
[299 sec,  469716 itr]: No feasible solution found (infeas = 9)
[300 sec,  470826 itr]: No feasible solution found (infeas = 9)
[301 sec,  470826 itr]: No feasible solution found (infeas = 9)
[302 sec,  471985 itr]: No feasible solution found (infeas = 9)
[303 sec,  474383 itr]: No feasible solution found (infeas = 9)
[304 sec,  475767 itr]: No feasible solution found (infeas = 9)
[305 sec,  475767 itr]: No feasible solution found (infeas = 9)
[306 sec,  478622 itr]: No feasible solution found (infeas = 9)
[307 sec,  480028 itr]: No feasible solution found (infeas = 9)
[308 sec,  480028 itr]: No feasible solution found (infeas = 9)
[309 sec,  482665 itr]: No feasible solution found (infeas = 9)
[310 sec,  482665 itr]: No feasible solution found (infeas = 9)
[311 sec,  483908 itr]: No feasible solution found (infeas = 9)
[312 sec,  486472 itr]: No feasible solution found (infeas = 9)
[313 sec,  487859 itr]: No feasible solution found (infeas = 9)
[314 sec,  487859 itr]: No feasible solution found (infeas = 9)
[315 sec,  489281 itr]: No feasible solution found (infeas = 9)
[316 sec,  492045 itr]: No feasible solution found (infeas = 9)
[317 sec,  492045 itr]: No feasible solution found (infeas = 9)
[318 sec,  493556 itr]: No feasible solution found (infeas = 9)
[319 sec,  494969 itr]: No feasible solution found (infeas = 9)
[320 sec,  496316 itr]: No feasible solution found (infeas = 9)
[321 sec,  497554 itr]: No feasible solution found (infeas = 9)
[322 sec,  500180 itr]: No feasible solution found (infeas = 9)
[323 sec,  501648 itr]: No feasible solution found (infeas = 9)
[324 sec,  503183 itr]: No feasible solution found (infeas = 9)
[325 sec,  503183 itr]: No feasible solution found (infeas = 9)
[326 sec,  504618 itr]: No feasible solution found (infeas = 9)
[327 sec,  506035 itr]: No feasible solution found (infeas = 9)
[328 sec,  507357 itr]: No feasible solution found (infeas = 9)
[329 sec,  509938 itr]: No feasible solution found (infeas = 9)
[330 sec,  511301 itr]: No feasible solution found (infeas = 9)
[331 sec,  512765 itr]: No feasible solution found (infeas = 9)
[332 sec,  513929 itr]: No feasible solution found (infeas = 9)
[333 sec,  514997 itr]: No feasible solution found (infeas = 9)
[334 sec,  516227 itr]: No feasible solution found (infeas = 9)
[335 sec,  516227 itr]: No feasible solution found (infeas = 9)
[336 sec,  518579 itr]: No feasible solution found (infeas = 9)
[337 sec,  519641 itr]: No feasible solution found (infeas = 9)
[338 sec,  519641 itr]: No feasible solution found (infeas = 9)
[339 sec,  522007 itr]: No feasible solution found (infeas = 9)
[340 sec,  522007 itr]: No feasible solution found (infeas = 9)
[341 sec,  523021 itr]: No feasible solution found (infeas = 9)
[342 sec,  524067 itr]: No feasible solution found (infeas = 9)
[343 sec,  526189 itr]: No feasible solution found (infeas = 9)
[344 sec,  527309 itr]: No feasible solution found (infeas = 9)
[345 sec,  528465 itr]: No feasible solution found (infeas = 9)
[346 sec,  529554 itr]: No feasible solution found (infeas = 9)
[347 sec,  529554 itr]: No feasible solution found (infeas = 9)
[348 sec,  531487 itr]: No feasible solution found (infeas = 9)
[349 sec,  532493 itr]: No feasible solution found (infeas = 9)
[350 sec,  533560 itr]: No feasible solution found (infeas = 9)
[351 sec,  533560 itr]: No feasible solution found (infeas = 9)
[352 sec,  535770 itr]: No feasible solution found (infeas = 9)
[353 sec,  535770 itr]: No feasible solution found (infeas = 9)
[354 sec,  537711 itr]: No feasible solution found (infeas = 9)
[355 sec,  537711 itr]: No feasible solution found (infeas = 9)
[356 sec,  539528 itr]: No feasible solution found (infeas = 9)
[357 sec,  539528 itr]: No feasible solution found (infeas = 9)
[358 sec,  540408 itr]: No feasible solution found (infeas = 9)
[359 sec,  542398 itr]: No feasible solution found (infeas = 9)
[360 sec,  543349 itr]: No feasible solution found (infeas = 9)
[361 sec,  544292 itr]: No feasible solution found (infeas = 9)
[362 sec,  544292 itr]: No feasible solution found (infeas = 9)
[363 sec,  545145 itr]: No feasible solution found (infeas = 9)
[364 sec,  546773 itr]: No feasible solution found (infeas = 9)
[365 sec,  547706 itr]: No feasible solution found (infeas = 9)
[366 sec,  548574 itr]: No feasible solution found (infeas = 9)
[367 sec,  549458 itr]: No feasible solution found (infeas = 9)
[368 sec,  550388 itr]: No feasible solution found (infeas = 9)
[369 sec,  551303 itr]: No feasible solution found (infeas = 9)
[370 sec,  552175 itr]: No feasible solution found (infeas = 9)
[371 sec,  552175 itr]: No feasible solution found (infeas = 9)
[372 sec,  554050 itr]: No feasible solution found (infeas = 9)
[373 sec,  554921 itr]: No feasible solution found (infeas = 9)
[374 sec,  555851 itr]: No feasible solution found (infeas = 9)
[375 sec,  556732 itr]: No feasible solution found (infeas = 9)
[376 sec,  557597 itr]: No feasible solution found (infeas = 9)
[377 sec,  557597 itr]: No feasible solution found (infeas = 9)
[378 sec,  558466 itr]: No feasible solution found (infeas = 9)
[379 sec,  559312 itr]: No feasible solution found (infeas = 9)
[380 sec,  560108 itr]: No feasible solution found (infeas = 9)
[381 sec,  560914 itr]: No feasible solution found (infeas = 9)
[382 sec,  561784 itr]: No feasible solution found (infeas = 9)
[383 sec,  563451 itr]: No feasible solution found (infeas = 9)
[384 sec,  563451 itr]: No feasible solution found (infeas = 9)
[385 sec,  564294 itr]: No feasible solution found (infeas = 9)
[386 sec,  565122 itr]: No feasible solution found (infeas = 9)
[387 sec,  565997 itr]: No feasible solution found (infeas = 9)
[388 sec,  567732 itr]: No feasible solution found (infeas = 9)
[389 sec,  567732 itr]: No feasible solution found (infeas = 9)
[390 sec,  568565 itr]: No feasible solution found (infeas = 9)
[391 sec,  569402 itr]: No feasible solution found (infeas = 9)
[392 sec,  571074 itr]: No feasible solution found (infeas = 9)
[393 sec,  571972 itr]: No feasible solution found (infeas = 9)
[394 sec,  571972 itr]: No feasible solution found (infeas = 9)
[395 sec,  572824 itr]: No feasible solution found (infeas = 9)
[396 sec,  573610 itr]: No feasible solution found (infeas = 9)
[397 sec,  575202 itr]: No feasible solution found (infeas = 9)
[398 sec,  575202 itr]: No feasible solution found (infeas = 9)
[399 sec,  576874 itr]: No feasible solution found (infeas = 9)
[400 sec,  576874 itr]: No feasible solution found (infeas = 9)
[401 sec,  578654 itr]: No feasible solution found (infeas = 9)
[402 sec,  579488 itr]: No feasible solution found (infeas = 9)
[403 sec,  579488 itr]: No feasible solution found (infeas = 9)
[404 sec,  580350 itr]: No feasible solution found (infeas = 9)
[405 sec,  582146 itr]: No feasible solution found (infeas = 9)
[406 sec,  583048 itr]: No feasible solution found (infeas = 9)
[407 sec,  583048 itr]: No feasible solution found (infeas = 9)
[408 sec,  583932 itr]: No feasible solution found (infeas = 9)
[409 sec,  584836 itr]: No feasible solution found (infeas = 9)
[410 sec,  586660 itr]: No feasible solution found (infeas = 9)
[411 sec,  586660 itr]: No feasible solution found (infeas = 9)
[412 sec,  587488 itr]: No feasible solution found (infeas = 9)
[413 sec,  588385 itr]: No feasible solution found (infeas = 9)
[414 sec,  589219 itr]: No feasible solution found (infeas = 9)
[415 sec,  590085 itr]: No feasible solution found (infeas = 9)
[416 sec,  590909 itr]: No feasible solution found (infeas = 9)
[417 sec,  591729 itr]: No feasible solution found (infeas = 9)
[418 sec,  592568 itr]: No feasible solution found (infeas = 9)
[419 sec,  593439 itr]: No feasible solution found (infeas = 9)
[420 sec,  594305 itr]: No feasible solution found (infeas = 9)
[421 sec,  595127 itr]: No feasible solution found (infeas = 9)
[422 sec,  595948 itr]: No feasible solution found (infeas = 9)
[423 sec,  597646 itr]: No feasible solution found (infeas = 9)
[424 sec,  597646 itr]: No feasible solution found (infeas = 9)
[425 sec,  598462 itr]: No feasible solution found (infeas = 9)
[426 sec,  600222 itr]: No feasible solution found (infeas = 9)
[427 sec,  600222 itr]: No feasible solution found (infeas = 9)
[428 sec,  601063 itr]: No feasible solution found (infeas = 9)
[429 sec,  601929 itr]: No feasible solution found (infeas = 9)
[430 sec,  602804 itr]: No feasible solution found (infeas = 9)
[431 sec,  603664 itr]: No feasible solution found (infeas = 9)
[432 sec,  604569 itr]: No feasible solution found (infeas = 9)
[433 sec,  605475 itr]: No feasible solution found (infeas = 9)
[434 sec,  606373 itr]: No feasible solution found (infeas = 9)
[435 sec,  608197 itr]: No feasible solution found (infeas = 9)
[436 sec,  608197 itr]: No feasible solution found (infeas = 9)
[437 sec,  609020 itr]: No feasible solution found (infeas = 9)
[438 sec,  610167 itr]: No feasible solution found (infeas = 9)
[439 sec,  611587 itr]: No feasible solution found (infeas = 9)
[440 sec,  612957 itr]: No feasible solution found (infeas = 9)
[441 sec,  614361 itr]: No feasible solution found (infeas = 9)
[442 sec,  615663 itr]: No feasible solution found (infeas = 9)
[443 sec,  617041 itr]: No feasible solution found (infeas = 9)
[444 sec,  618388 itr]: No feasible solution found (infeas = 9)
[445 sec,  619709 itr]: No feasible solution found (infeas = 9)
[446 sec,  621098 itr]: No feasible solution found (infeas = 9)
[447 sec,  622437 itr]: No feasible solution found (infeas = 9)
[448 sec,  625196 itr]: No feasible solution found (infeas = 9)
[449 sec,  625196 itr]: No feasible solution found (infeas = 9)
[450 sec,  626570 itr]: No feasible solution found (infeas = 9)
[451 sec,  629378 itr]: No feasible solution found (infeas = 9)
[452 sec,  630794 itr]: No feasible solution found (infeas = 9)
[453 sec,  630794 itr]: No feasible solution found (infeas = 9)
[454 sec,  632113 itr]: No feasible solution found (infeas = 9)
[455 sec,  633412 itr]: No feasible solution found (infeas = 9)
[456 sec,  634816 itr]: No feasible solution found (infeas = 9)
[457 sec,  636131 itr]: No feasible solution found (infeas = 9)
[458 sec,  637549 itr]: No feasible solution found (infeas = 9)
[459 sec,  638896 itr]: No feasible solution found (infeas = 9)
[460 sec,  641672 itr]: No feasible solution found (infeas = 9)
[461 sec,  641672 itr]: No feasible solution found (infeas = 9)
[462 sec,  644429 itr]: No feasible solution found (infeas = 9)
[463 sec,  644429 itr]: No feasible solution found (infeas = 9)
[464 sec,  647210 itr]: No feasible solution found (infeas = 9)
[465 sec,  648582 itr]: No feasible solution found (infeas = 9)
[466 sec,  649970 itr]: No feasible solution found (infeas = 9)
[467 sec,  649970 itr]: No feasible solution found (infeas = 9)
[468 sec,  651339 itr]: No feasible solution found (infeas = 9)
[469 sec,  652670 itr]: No feasible solution found (infeas = 9)
[470 sec,  654040 itr]: No feasible solution found (infeas = 9)
[471 sec,  656647 itr]: No feasible solution found (infeas = 9)
[472 sec,  656647 itr]: No feasible solution found (infeas = 9)
[473 sec,  659500 itr]: No feasible solution found (infeas = 9)
[474 sec,  660827 itr]: No feasible solution found (infeas = 9)
[475 sec,  660827 itr]: No feasible solution found (infeas = 9)
[476 sec,  663501 itr]: No feasible solution found (infeas = 9)
[477 sec,  663501 itr]: No feasible solution found (infeas = 9)
[478 sec,  664880 itr]: No feasible solution found (infeas = 9)
[479 sec,  666258 itr]: No feasible solution found (infeas = 9)
[480 sec,  667585 itr]: No feasible solution found (infeas = 9)
[481 sec,  670317 itr]: No feasible solution found (infeas = 9)
[482 sec,  670317 itr]: No feasible solution found (infeas = 9)
[483 sec,  671681 itr]: No feasible solution found (infeas = 9)
[484 sec,  672950 itr]: No feasible solution found (infeas = 9)
[485 sec,  675821 itr]: No feasible solution found (infeas = 9)
[486 sec,  675821 itr]: No feasible solution found (infeas = 9)
[487 sec,  677128 itr]: No feasible solution found (infeas = 9)
[488 sec,  679793 itr]: No feasible solution found (infeas = 9)
[489 sec,  679793 itr]: No feasible solution found (infeas = 9)
[490 sec,  681073 itr]: No feasible solution found (infeas = 9)
[491 sec,  682362 itr]: No feasible solution found (infeas = 9)
[492 sec,  684943 itr]: No feasible solution found (infeas = 9)
[493 sec,  686153 itr]: No feasible solution found (infeas = 9)
[494 sec,  686153 itr]: No feasible solution found (infeas = 9)
[495 sec,  687357 itr]: No feasible solution found (infeas = 9)
[496 sec,  688445 itr]: No feasible solution found (infeas = 9)
[497 sec,  689600 itr]: No feasible solution found (infeas = 9)
[498 sec,  690736 itr]: No feasible solution found (infeas = 9)
[499 sec,  691845 itr]: No feasible solution found (infeas = 9)
[500 sec,  693004 itr]: No feasible solution found (infeas = 9)
[501 sec,  695406 itr]: No feasible solution found (infeas = 9)
[502 sec,  695406 itr]: No feasible solution found (infeas = 9)
[503 sec,  696568 itr]: No feasible solution found (infeas = 9)
[504 sec,  697765 itr]: No feasible solution found (infeas = 9)
[505 sec,  698908 itr]: No feasible solution found (infeas = 9)
[506 sec,  700120 itr]: No feasible solution found (infeas = 9)
[507 sec,  701248 itr]: No feasible solution found (infeas = 9)
[508 sec,  702446 itr]: No feasible solution found (infeas = 9)
[509 sec,  703652 itr]: No feasible solution found (infeas = 9)
[510 sec,  704871 itr]: No feasible solution found (infeas = 9)
[511 sec,  706086 itr]: No feasible solution found (infeas = 9)
[512 sec,  707228 itr]: No feasible solution found (infeas = 9)
[513 sec,  708441 itr]: No feasible solution found (infeas = 9)
[514 sec,  711002 itr]: No feasible solution found (infeas = 9)
[515 sec,  711002 itr]: No feasible solution found (infeas = 9)
[516 sec,  713531 itr]: No feasible solution found (infeas = 9)
[517 sec,  713531 itr]: No feasible solution found (infeas = 9)
[518 sec,  714775 itr]: No feasible solution found (infeas = 9)
[519 sec,  716050 itr]: No feasible solution found (infeas = 9)
[520 sec,  717352 itr]: No feasible solution found (infeas = 9)
[521 sec,  719908 itr]: No feasible solution found (infeas = 9)
[522 sec,  721130 itr]: No feasible solution found (infeas = 9)
[523 sec,  722344 itr]: No feasible solution found (infeas = 9)
[524 sec,  722344 itr]: No feasible solution found (infeas = 9)
[525 sec,  723574 itr]: No feasible solution found (infeas = 9)
[526 sec,  724748 itr]: No feasible solution found (infeas = 9)
[527 sec,  727062 itr]: No feasible solution found (infeas = 9)
[528 sec,  728203 itr]: No feasible solution found (infeas = 9)
[529 sec,  729386 itr]: No feasible solution found (infeas = 9)
[530 sec,  729386 itr]: No feasible solution found (infeas = 9)
[531 sec,  730553 itr]: No feasible solution found (infeas = 9)
[532 sec,  732968 itr]: No feasible solution found (infeas = 9)
[533 sec,  734099 itr]: No feasible solution found (infeas = 9)
[534 sec,  735307 itr]: No feasible solution found (infeas = 9)
[535 sec,  735307 itr]: No feasible solution found (infeas = 9)
[536 sec,  736528 itr]: No feasible solution found (infeas = 9)
[537 sec,  737681 itr]: No feasible solution found (infeas = 9)
[538 sec,  738804 itr]: No feasible solution found (infeas = 9)
[539 sec,  739956 itr]: No feasible solution found (infeas = 9)
[540 sec,  741128 itr]: No feasible solution found (infeas = 9)
[541 sec,  743513 itr]: No feasible solution found (infeas = 9)
[542 sec,  744685 itr]: No feasible solution found (infeas = 9)
[543 sec,  745854 itr]: No feasible solution found (infeas = 9)
[544 sec,  745854 itr]: No feasible solution found (infeas = 9)
[545 sec,  747024 itr]: No feasible solution found (infeas = 9)
[546 sec,  749447 itr]: No feasible solution found (infeas = 9)
[547 sec,  750592 itr]: No feasible solution found (infeas = 9)
[548 sec,  751719 itr]: No feasible solution found (infeas = 9)
[549 sec,  751719 itr]: No feasible solution found (infeas = 9)
[550 sec,  754095 itr]: No feasible solution found (infeas = 9)
[551 sec,  755276 itr]: No feasible solution found (infeas = 9)
[552 sec,  756414 itr]: No feasible solution found (infeas = 9)
[553 sec,  756414 itr]: No feasible solution found (infeas = 9)
[554 sec,  758814 itr]: No feasible solution found (infeas = 9)
[555 sec,  759934 itr]: No feasible solution found (infeas = 9)
[556 sec,  761126 itr]: No feasible solution found (infeas = 9)
[557 sec,  761126 itr]: No feasible solution found (infeas = 9)
[558 sec,  762274 itr]: No feasible solution found (infeas = 9)
[559 sec,  764619 itr]: No feasible solution found (infeas = 9)
[560 sec,  764619 itr]: No feasible solution found (infeas = 9)
[561 sec,  766961 itr]: No feasible solution found (infeas = 9)
[562 sec,  768127 itr]: No feasible solution found (infeas = 9)
[563 sec,  769298 itr]: No feasible solution found (infeas = 9)
[564 sec,  770484 itr]: No feasible solution found (infeas = 9)
[565 sec,  770484 itr]: No feasible solution found (infeas = 9)
[566 sec,  771664 itr]: No feasible solution found (infeas = 9)
[567 sec,  772844 itr]: No feasible solution found (infeas = 9)
[568 sec,  773941 itr]: No feasible solution found (infeas = 9)
[569 sec,  776246 itr]: No feasible solution found (infeas = 9)
[570 sec,  776246 itr]: No feasible solution found (infeas = 9)
[571 sec,  777374 itr]: No feasible solution found (infeas = 9)
[572 sec,  779755 itr]: No feasible solution found (infeas = 9)
[573 sec,  780896 itr]: No feasible solution found (infeas = 9)
[574 sec,  780896 itr]: No feasible solution found (infeas = 9)
[575 sec,  782111 itr]: No feasible solution found (infeas = 9)
[576 sec,  784445 itr]: No feasible solution found (infeas = 9)
[577 sec,  784445 itr]: No feasible solution found (infeas = 9)
[578 sec,  785635 itr]: No feasible solution found (infeas = 9)
[579 sec,  786793 itr]: No feasible solution found (infeas = 9)
[580 sec,  787941 itr]: No feasible solution found (infeas = 9)
[581 sec,  789116 itr]: No feasible solution found (infeas = 9)
[582 sec,  791457 itr]: No feasible solution found (infeas = 9)
[583 sec,  791457 itr]: No feasible solution found (infeas = 9)
[584 sec,  793764 itr]: No feasible solution found (infeas = 9)
[585 sec,  793764 itr]: No feasible solution found (infeas = 9)
[586 sec,  796022 itr]: No feasible solution found (infeas = 9)
[587 sec,  796022 itr]: No feasible solution found (infeas = 9)
[588 sec,  798258 itr]: No feasible solution found (infeas = 9)
[589 sec,  799425 itr]: No feasible solution found (infeas = 9)
[590 sec,  800619 itr]: No feasible solution found (infeas = 9)
[591 sec,  801778 itr]: No feasible solution found (infeas = 9)
[592 sec,  801778 itr]: No feasible solution found (infeas = 9)
[593 sec,  802892 itr]: No feasible solution found (infeas = 9)
[594 sec,  805205 itr]: No feasible solution found (infeas = 9)
[595 sec,  805205 itr]: No feasible solution found (infeas = 9)
[596 sec,  807415 itr]: No feasible solution found (infeas = 9)
[597 sec,  807415 itr]: No feasible solution found (infeas = 9)
[598 sec,  809675 itr]: No feasible solution found (infeas = 9)
[599 sec,  809675 itr]: No feasible solution found (infeas = 9)
[600 sec,  810795 itr]: No feasible solution found (infeas = 9)
[601 sec,  813109 itr]: No feasible solution found (infeas = 9)
[602 sec,  814302 itr]: No feasible solution found (infeas = 9)
[603 sec,  815447 itr]: No feasible solution found (infeas = 9)
[604 sec,  815447 itr]: No feasible solution found (infeas = 9)
[605 sec,  817691 itr]: No feasible solution found (infeas = 9)
[606 sec,  818856 itr]: No feasible solution found (infeas = 9)
[607 sec,  819964 itr]: No feasible solution found (infeas = 9)
[608 sec,  819964 itr]: No feasible solution found (infeas = 9)
[609 sec,  821194 itr]: No feasible solution found (infeas = 9)
[610 sec,  822403 itr]: No feasible solution found (infeas = 9)
[611 sec,  824667 itr]: No feasible solution found (infeas = 9)
[612 sec,  824667 itr]: No feasible solution found (infeas = 9)
[613 sec,  825737 itr]: No feasible solution found (infeas = 9)
[614 sec,  828048 itr]: No feasible solution found (infeas = 9)
[615 sec,  829268 itr]: No feasible solution found (infeas = 9)
[616 sec,  830577 itr]: No feasible solution found (infeas = 9)
[617 sec,  831818 itr]: No feasible solution found (infeas = 9)
[618 sec,  831818 itr]: No feasible solution found (infeas = 9)
[619 sec,  834180 itr]: No feasible solution found (infeas = 9)
[620 sec,  835310 itr]: No feasible solution found (infeas = 9)
[621 sec,  835310 itr]: No feasible solution found (infeas = 9)
[622 sec,  837557 itr]: No feasible solution found (infeas = 9)
[623 sec,  838716 itr]: No feasible solution found (infeas = 9)
[624 sec,  839873 itr]: No feasible solution found (infeas = 9)
[625 sec,  840980 itr]: No feasible solution found (infeas = 9)
[626 sec,  840980 itr]: No feasible solution found (infeas = 9)
[627 sec,  842184 itr]: No feasible solution found (infeas = 9)
[628 sec,  844454 itr]: No feasible solution found (infeas = 9)
[629 sec,  844454 itr]: No feasible solution found (infeas = 9)
[630 sec,  845545 itr]: No feasible solution found (infeas = 9)
[631 sec,  846654 itr]: No feasible solution found (infeas = 9)
[632 sec,  847794 itr]: No feasible solution found (infeas = 9)
[633 sec,  849985 itr]: No feasible solution found (infeas = 9)
[634 sec,  851097 itr]: No feasible solution found (infeas = 9)
[635 sec,  852247 itr]: No feasible solution found (infeas = 9)
[636 sec,  853371 itr]: No feasible solution found (infeas = 9)
[637 sec,  853371 itr]: No feasible solution found (infeas = 9)
[638 sec,  854508 itr]: No feasible solution found (infeas = 9)
[639 sec,  856845 itr]: No feasible solution found (infeas = 9)
[640 sec,  856845 itr]: No feasible solution found (infeas = 9)
[641 sec,  859124 itr]: No feasible solution found (infeas = 9)
[642 sec,  860269 itr]: No feasible solution found (infeas = 9)
[643 sec,  861394 itr]: No feasible solution found (infeas = 9)
[644 sec,  861394 itr]: No feasible solution found (infeas = 9)
[645 sec,  862628 itr]: No feasible solution found (infeas = 9)
[646 sec,  863736 itr]: No feasible solution found (infeas = 9)
[647 sec,  866100 itr]: No feasible solution found (infeas = 9)
[648 sec,  866100 itr]: No feasible solution found (infeas = 9)
[649 sec,  867271 itr]: No feasible solution found (infeas = 9)
[650 sec,  869515 itr]: No feasible solution found (infeas = 9)
[651 sec,  870747 itr]: No feasible solution found (infeas = 9)
[652 sec,  870747 itr]: No feasible solution found (infeas = 9)
[653 sec,  871984 itr]: No feasible solution found (infeas = 9)
[654 sec,  874285 itr]: No feasible solution found (infeas = 9)
[655 sec,  874285 itr]: No feasible solution found (infeas = 9)
[656 sec,  875462 itr]: No feasible solution found (infeas = 9)
[657 sec,  877774 itr]: No feasible solution found (infeas = 9)
[658 sec,  877774 itr]: No feasible solution found (infeas = 9)
[659 sec,  880026 itr]: No feasible solution found (infeas = 9)
[660 sec,  881108 itr]: No feasible solution found (infeas = 9)
[661 sec,  882250 itr]: No feasible solution found (infeas = 9)
[662 sec,  883431 itr]: No feasible solution found (infeas = 9)
[663 sec,  884564 itr]: No feasible solution found (infeas = 9)
[664 sec,  885733 itr]: No feasible solution found (infeas = 9)
[665 sec,  886936 itr]: No feasible solution found (infeas = 9)
[666 sec,  888146 itr]: No feasible solution found (infeas = 9)
[667 sec,  889363 itr]: No feasible solution found (infeas = 9)
[668 sec,  889363 itr]: No feasible solution found (infeas = 9)
[669 sec,  890569 itr]: No feasible solution found (infeas = 9)
[670 sec,  891741 itr]: No feasible solution found (infeas = 9)
[671 sec,  893030 itr]: No feasible solution found (infeas = 9)
[672 sec,  895543 itr]: No feasible solution found (infeas = 9)
[673 sec,  895543 itr]: No feasible solution found (infeas = 9)
[674 sec,  898198 itr]: No feasible solution found (infeas = 9)
[675 sec,  898198 itr]: No feasible solution found (infeas = 9)
[676 sec,  900833 itr]: No feasible solution found (infeas = 9)
[677 sec,  902073 itr]: No feasible solution found (infeas = 9)
[678 sec,  902073 itr]: No feasible solution found (infeas = 9)
[679 sec,  903388 itr]: No feasible solution found (infeas = 9)
[680 sec,  905978 itr]: No feasible solution found (infeas = 9)
[681 sec,  905978 itr]: No feasible solution found (infeas = 9)
[682 sec,  907230 itr]: No feasible solution found (infeas = 9)
[683 sec,  908545 itr]: No feasible solution found (infeas = 9)
[684 sec,  909803 itr]: No feasible solution found (infeas = 9)
[685 sec,  911114 itr]: No feasible solution found (infeas = 9)
[686 sec,  912452 itr]: No feasible solution found (infeas = 9)
[687 sec,  913743 itr]: No feasible solution found (infeas = 9)
[688 sec,  916345 itr]: No feasible solution found (infeas = 9)
[689 sec,  917622 itr]: No feasible solution found (infeas = 9)
[690 sec,  918857 itr]: No feasible solution found (infeas = 9)
[691 sec,  918857 itr]: No feasible solution found (infeas = 9)
[692 sec,  921432 itr]: No feasible solution found (infeas = 9)
[693 sec,  922718 itr]: No feasible solution found (infeas = 9)
[694 sec,  922718 itr]: No feasible solution found (infeas = 9)
[695 sec,  924042 itr]: No feasible solution found (infeas = 9)
[696 sec,  925356 itr]: No feasible solution found (infeas = 9)
[697 sec,  926620 itr]: No feasible solution found (infeas = 9)
[698 sec,  929066 itr]: No feasible solution found (infeas = 9)
[699 sec,  929066 itr]: No feasible solution found (infeas = 9)
[700 sec,  931519 itr]: No feasible solution found (infeas = 9)
[701 sec,  931519 itr]: No feasible solution found (infeas = 9)
[702 sec,  932764 itr]: No feasible solution found (infeas = 9)
[703 sec,  935219 itr]: No feasible solution found (infeas = 9)
[704 sec,  936496 itr]: No feasible solution found (infeas = 9)
[705 sec,  936496 itr]: No feasible solution found (infeas = 9)
[706 sec,  938958 itr]: No feasible solution found (infeas = 9)
[707 sec,  938958 itr]: No feasible solution found (infeas = 9)
[708 sec,  940192 itr]: No feasible solution found (infeas = 9)
[709 sec,  942664 itr]: No feasible solution found (infeas = 9)
[710 sec,  942664 itr]: No feasible solution found (infeas = 9)
[711 sec,  943923 itr]: No feasible solution found (infeas = 9)
[712 sec,  945210 itr]: No feasible solution found (infeas = 9)
[713 sec,  946500 itr]: No feasible solution found (infeas = 9)
[714 sec,  947739 itr]: No feasible solution found (infeas = 9)
[715 sec,  948955 itr]: No feasible solution found (infeas = 9)
[716 sec,  950201 itr]: No feasible solution found (infeas = 9)
[717 sec,  952598 itr]: No feasible solution found (infeas = 9)
[718 sec,  952598 itr]: No feasible solution found (infeas = 9)
[719 sec,  953765 itr]: No feasible solution found (infeas = 9)
[720 sec,  956229 itr]: No feasible solution found (infeas = 9)
[721 sec,  956229 itr]: No feasible solution found (infeas = 9)
[722 sec,  957409 itr]: No feasible solution found (infeas = 9)
[723 sec,  958658 itr]: No feasible solution found (infeas = 9)
[724 sec,  959902 itr]: No feasible solution found (infeas = 9)
[725 sec,  962482 itr]: No feasible solution found (infeas = 9)
[726 sec,  962482 itr]: No feasible solution found (infeas = 9)
[727 sec,  963746 itr]: No feasible solution found (infeas = 9)
[728 sec,  966283 itr]: No feasible solution found (infeas = 9)
[729 sec,  966283 itr]: No feasible solution found (infeas = 9)
[730 sec,  967544 itr]: No feasible solution found (infeas = 9)
[731 sec,  968830 itr]: No feasible solution found (infeas = 9)
[732 sec,  971386 itr]: No feasible solution found (infeas = 9)
[733 sec,  972698 itr]: No feasible solution found (infeas = 9)
[734 sec,  972698 itr]: No feasible solution found (infeas = 9)
[735 sec,  973941 itr]: No feasible solution found (infeas = 9)
[736 sec,  975243 itr]: No feasible solution found (infeas = 9)
[737 sec,  976451 itr]: No feasible solution found (infeas = 9)
[738 sec,  977617 itr]: No feasible solution found (infeas = 9)
[739 sec,  980129 itr]: No feasible solution found (infeas = 9)
[740 sec,  980129 itr]: No feasible solution found (infeas = 9)
[741 sec,  982515 itr]: No feasible solution found (infeas = 9)
[742 sec,  983658 itr]: No feasible solution found (infeas = 9)
[743 sec,  983658 itr]: No feasible solution found (infeas = 9)
[744 sec,  985991 itr]: No feasible solution found (infeas = 9)
[745 sec,  985991 itr]: No feasible solution found (infeas = 9)
[746 sec,  987157 itr]: No feasible solution found (infeas = 9)
[747 sec,  988352 itr]: No feasible solution found (infeas = 9)
[748 sec,  989501 itr]: No feasible solution found (infeas = 9)
[749 sec,  990586 itr]: No feasible solution found (infeas = 9)
[750 sec,  992902 itr]: No feasible solution found (infeas = 9)
[751 sec,  994121 itr]: No feasible solution found (infeas = 9)
[752 sec,  994121 itr]: No feasible solution found (infeas = 9)
[753 sec,  995308 itr]: No feasible solution found (infeas = 9)
[754 sec,  996421 itr]: No feasible solution found (infeas = 9)
[755 sec,  997592 itr]: No feasible solution found (infeas = 9)
[756 sec,  999926 itr]: No feasible solution found (infeas = 9)
[757 sec, 1001073 itr]: No feasible solution found (infeas = 9)
[758 sec, 1002289 itr]: No feasible solution found (infeas = 9)
[759 sec, 1002289 itr]: No feasible solution found (infeas = 9)
[760 sec, 1003472 itr]: No feasible solution found (infeas = 9)
[761 sec, 1004657 itr]: No feasible solution found (infeas = 9)
[762 sec, 1005827 itr]: No feasible solution found (infeas = 9)
[763 sec, 1007005 itr]: No feasible solution found (infeas = 9)
[764 sec, 1008220 itr]: No feasible solution found (infeas = 9)
[765 sec, 1009417 itr]: No feasible solution found (infeas = 9)
[766 sec, 1011881 itr]: No feasible solution found (infeas = 9)
[767 sec, 1013069 itr]: No feasible solution found (infeas = 9)
[768 sec, 1014322 itr]: No feasible solution found (infeas = 9)
[769 sec, 1015563 itr]: No feasible solution found (infeas = 9)
[770 sec, 1015563 itr]: No feasible solution found (infeas = 9)
[771 sec, 1016782 itr]: No feasible solution found (infeas = 9)
[772 sec, 1018002 itr]: No feasible solution found (infeas = 9)
[773 sec, 1019226 itr]: No feasible solution found (infeas = 9)
[774 sec, 1020421 itr]: No feasible solution found (infeas = 9)
[775 sec, 1022754 itr]: No feasible solution found (infeas = 9)
[776 sec, 1023967 itr]: No feasible solution found (infeas = 9)
[777 sec, 1023967 itr]: No feasible solution found (infeas = 9)
[778 sec, 1025154 itr]: No feasible solution found (infeas = 9)
[779 sec, 1026321 itr]: No feasible solution found (infeas = 9)
[780 sec, 1027454 itr]: No feasible solution found (infeas = 9)
[781 sec, 1028658 itr]: No feasible solution found (infeas = 9)
[782 sec, 1029776 itr]: No feasible solution found (infeas = 9)
[783 sec, 1030922 itr]: No feasible solution found (infeas = 9)
[784 sec, 1032023 itr]: No feasible solution found (infeas = 9)
[785 sec, 1033146 itr]: No feasible solution found (infeas = 9)
[786 sec, 1034269 itr]: No feasible solution found (infeas = 9)
[787 sec, 1035412 itr]: No feasible solution found (infeas = 9)
[788 sec, 1036621 itr]: No feasible solution found (infeas = 9)
[789 sec, 1037816 itr]: No feasible solution found (infeas = 9)
[790 sec, 1038977 itr]: No feasible solution found (infeas = 9)
[791 sec, 1040250 itr]: No feasible solution found (infeas = 9)
[792 sec, 1041452 itr]: No feasible solution found (infeas = 9)
[793 sec, 1042662 itr]: No feasible solution found (infeas = 9)
[794 sec, 1043890 itr]: No feasible solution found (infeas = 9)
[795 sec, 1045055 itr]: No feasible solution found (infeas = 9)
[796 sec, 1047548 itr]: No feasible solution found (infeas = 9)
[797 sec, 1048855 itr]:      1205.02
[ optimality gap     ]:      100.00%
[798 sec, 1050349 itr]:      1205.02
[799 sec, 1050349 itr]:      1205.02
[800 sec, 1051774 itr]:      1205.02
[801 sec, 1054476 itr]:      1205.02
[802 sec, 1054476 itr]:      1205.02
[803 sec, 1055861 itr]:      1205.02
[804 sec, 1058619 itr]:      1205.02
[805 sec, 1058619 itr]:      1205.02
[806 sec, 1061397 itr]:      1205.02
[807 sec, 1062741 itr]:      1205.02
[ optimality gap     ]:      100.00%
[808 sec, 1064012 itr]:      1205.02
[809 sec, 1064012 itr]:      1205.02
[810 sec, 1065262 itr]:      1205.02
[811 sec, 1066487 itr]:      1205.02
[812 sec, 1067770 itr]:      1205.02
[813 sec, 1070181 itr]:      1205.02
[814 sec, 1071545 itr]:      1205.02
[815 sec, 1072876 itr]:      1205.02
[816 sec, 1072876 itr]:      1205.02
[817 sec, 1075429 itr]:      1205.02
[ optimality gap     ]:      100.00%
[818 sec, 1076751 itr]:      1205.02
[819 sec, 1078094 itr]:      1205.02
[820 sec, 1079422 itr]:      1205.02
[821 sec, 1080747 itr]:      1205.02
[822 sec, 1081999 itr]:      1205.02
[823 sec, 1083325 itr]:      1205.02
[824 sec, 1083325 itr]:      1205.02
[825 sec, 1085812 itr]:      1205.02
[826 sec, 1085812 itr]:      1205.02
[827 sec, 1087132 itr]:      1205.02
[ optimality gap     ]:      100.00%
[828 sec, 1089791 itr]:      1205.02
[829 sec, 1091197 itr]:      1205.02
[830 sec, 1092488 itr]:      1205.02
[831 sec, 1093814 itr]:      1205.02
[832 sec, 1095096 itr]:      1205.02
[833 sec, 1096418 itr]:      1205.02
[834 sec, 1097705 itr]:      1205.02
[835 sec, 1098944 itr]:      1205.02
[836 sec, 1100224 itr]:      1205.02
[837 sec, 1101513 itr]:      1205.02
[ optimality gap     ]:      100.00%
[838 sec, 1102784 itr]:      1205.02
[839 sec, 1102784 itr]:      1205.02
[840 sec, 1104096 itr]:      1205.02
[841 sec, 1106817 itr]:      1205.02
[842 sec, 1108155 itr]:      1205.02
[843 sec, 1108155 itr]:      1205.02
[844 sec, 1109421 itr]:      1205.02
[845 sec, 1111970 itr]:      1205.02
[846 sec, 1111970 itr]:      1205.02
[847 sec, 1114556 itr]:      1205.02
[ optimality gap     ]:      100.00%
[848 sec, 1115868 itr]:      1205.02
[849 sec, 1117298 itr]:      1205.02
[850 sec, 1118677 itr]:      1205.02
[851 sec, 1119937 itr]:      1205.02
[852 sec, 1121174 itr]:      1205.02
[853 sec, 1121174 itr]:      1205.02
[854 sec, 1122430 itr]:      1205.02
[855 sec, 1123758 itr]:      1205.02
[856 sec, 1125078 itr]:      1205.02
[857 sec, 1127803 itr]:      1205.02
[ optimality gap     ]:      100.00%
[858 sec, 1129297 itr]:      1205.02
[859 sec, 1129297 itr]:      1205.02
[860 sec, 1130674 itr]:      1205.02
[861 sec, 1133217 itr]:      1205.02
[862 sec, 1134584 itr]:      1205.02
[863 sec, 1134584 itr]:      1205.02
[864 sec, 1137210 itr]:      1205.02
[865 sec, 1137210 itr]:      1205.02
[866 sec, 1140077 itr]:      1205.02
[867 sec, 1141517 itr]:      1205.02
[ optimality gap     ]:      100.00%
[868 sec, 1142860 itr]:      1205.02
[869 sec, 1144145 itr]:      1205.02
[870 sec, 1145426 itr]:      1205.02
[871 sec, 1145426 itr]:      1205.02
[872 sec, 1146711 itr]:      1205.02
[873 sec, 1147978 itr]:      1205.02
[874 sec, 1150540 itr]:      1205.02
[875 sec, 1151909 itr]:      1205.02
[876 sec, 1153280 itr]:      1205.02
[877 sec, 1154633 itr]:      1205.02
[ optimality gap     ]:      100.00%
[878 sec, 1154633 itr]:      1205.02
[879 sec, 1157214 itr]:      1205.02
[880 sec, 1158473 itr]:      1205.02
[881 sec, 1159755 itr]:      1205.02
[882 sec, 1161008 itr]:      1205.02
[883 sec, 1162231 itr]:      1205.02
[884 sec, 1163543 itr]:      1205.02
[885 sec, 1164917 itr]:      1205.02
[886 sec, 1166277 itr]:      1205.02
[887 sec, 1166277 itr]:      1205.02
[ optimality gap     ]:      100.00%
[888 sec, 1168727 itr]:      1205.02
[889 sec, 1170019 itr]:      1205.02
[890 sec, 1170019 itr]:      1205.02
[891 sec, 1172537 itr]:      1205.02
[892 sec, 1173921 itr]:      1205.02
[893 sec, 1175299 itr]:      1205.02
[894 sec, 1176654 itr]:      1205.02
[895 sec, 1176654 itr]:      1205.02
[896 sec, 1179407 itr]:      1205.02
[897 sec, 1180630 itr]:      1205.02
[ optimality gap     ]:      100.00%
[898 sec, 1180630 itr]:      1205.02
[899 sec, 1183162 itr]:      1205.02
[900 sec, 1184379 itr]:      1205.02
[901 sec, 1185819 itr]:      1205.02
[902 sec, 1187256 itr]:      1205.02
[903 sec, 1188652 itr]:      1205.02
[904 sec, 1189993 itr]:      1205.02
[905 sec, 1191342 itr]:      1205.02
[906 sec, 1191342 itr]:      1205.02
[907 sec, 1193789 itr]:      1205.02
[ optimality gap     ]:      100.00%
[908 sec, 1193789 itr]:      1205.02
[909 sec, 1196462 itr]:      1205.02
[910 sec, 1197916 itr]:      1205.02
[911 sec, 1199311 itr]:      1205.02
[912 sec, 1200506 itr]:      1205.02
[913 sec, 1201765 itr]:      1205.02
[914 sec, 1203064 itr]:      1205.02
[915 sec, 1204498 itr]:      1205.02
[916 sec, 1205944 itr]:      1205.02
[917 sec, 1207378 itr]:      1205.02
[ optimality gap     ]:      100.00%
[918 sec, 1208850 itr]:      1205.02
[919 sec, 1210209 itr]:      1205.02
[920 sec, 1210209 itr]:      1205.02
[921 sec, 1212746 itr]:      1205.02
[922 sec, 1212746 itr]:      1205.02
[923 sec, 1215306 itr]:      1205.02
[924 sec, 1216565 itr]:      1205.02
[925 sec, 1217816 itr]:      1205.02
[926 sec, 1219204 itr]:      1205.02
[927 sec, 1220571 itr]:      1205.02
[ optimality gap     ]:      100.00%
[928 sec, 1222028 itr]:      1205.02
[929 sec, 1223489 itr]:      1205.02
[930 sec, 1224884 itr]:      1205.02
[931 sec, 1226304 itr]:      1205.02
[932 sec, 1227643 itr]:      1205.02
[933 sec, 1227643 itr]:      1205.02
[934 sec, 1230137 itr]:      1205.01
[935 sec, 1231386 itr]:      1205.01
[936 sec, 1232777 itr]:      1205.01
[937 sec, 1234188 itr]:      1205.01
[ optimality gap     ]:      100.00%
[938 sec, 1235648 itr]:      1205.01
[939 sec, 1237007 itr]:      1205.01
[940 sec, 1238243 itr]:      1205.01
[941 sec, 1239444 itr]:      1205.01
[942 sec, 1240707 itr]:      1205.01
[943 sec, 1240707 itr]:      1205.01
[944 sec, 1243176 itr]:      1205.01
[945 sec, 1244392 itr]:      1205.01
[946 sec, 1245638 itr]:      1205.01
[947 sec, 1247056 itr]:      1205.01
[ optimality gap     ]:      100.00%
[948 sec, 1248459 itr]:      1205.01
[949 sec, 1248459 itr]:      1205.01
[950 sec, 1249967 itr]:      1205.01
[951 sec, 1252551 itr]:      1205.01
[952 sec, 1253766 itr]:      1205.01
[953 sec, 1255053 itr]:      1205.01
[954 sec, 1256311 itr]:      1205.01
[955 sec, 1256311 itr]:      1205.01
[956 sec, 1257707 itr]:      1205.01
[957 sec, 1260639 itr]:      1205.01
[ optimality gap     ]:      100.00%
[958 sec, 1262084 itr]:      1205.01
[959 sec, 1263357 itr]:      1205.01
[960 sec, 1264647 itr]:      1205.01
[961 sec, 1265867 itr]:      1205.01
[962 sec, 1267210 itr]:      1205.01
[963 sec, 1268498 itr]:      1205.01
[964 sec, 1269754 itr]:      1205.01
[965 sec, 1271074 itr]:      1205.01
[966 sec, 1272313 itr]:      1205.01
[967 sec, 1273647 itr]:      1205.01
[ optimality gap     ]:      100.00%
[968 sec, 1273647 itr]:      1205.01
[969 sec, 1276186 itr]:      1205.01
[970 sec, 1277504 itr]:      1205.01
[971 sec, 1277504 itr]:      1205.01
[972 sec, 1280060 itr]:      1205.01
[973 sec, 1281400 itr]:      1205.01
[974 sec, 1281400 itr]:      1205.01
[975 sec, 1284002 itr]:      1205.01
[976 sec, 1285293 itr]:      1205.01
[977 sec, 1286561 itr]:      1205.01
[ optimality gap     ]:      100.00%
[978 sec, 1287872 itr]:      1205.01
[979 sec, 1287872 itr]:      1205.01
[980 sec, 1290354 itr]:      1205.01
[981 sec, 1291576 itr]:      1205.01
[982 sec, 1292841 itr]:      1205.01
[983 sec, 1292841 itr]:      1205.01
[984 sec, 1294021 itr]:      1205.01
[985 sec, 1296499 itr]:      1205.01
[986 sec, 1296499 itr]:      1205.01
[987 sec, 1299034 itr]:      1205.01
[ optimality gap     ]:      100.00%
[988 sec, 1299034 itr]:      1205.01
[989 sec, 1300275 itr]:      1205.01
[990 sec, 1301526 itr]:      1205.01
[991 sec, 1304074 itr]:      1205.01
[992 sec, 1305386 itr]:      1205.01
[993 sec, 1306662 itr]:      1205.01
[994 sec, 1307963 itr]:      1205.01
[995 sec, 1307963 itr]:      1205.01
[996 sec, 1310431 itr]:      1205.01
[997 sec, 1310431 itr]:      1205.01
[ optimality gap     ]:      100.00%
[998 sec, 1313050 itr]:      1205.01
[999 sec, 1314313 itr]:      1205.01
[1000 sec, 1314313 itr]:      1205.01
[1001 sec, 1316899 itr]:      1205.01
[1002 sec, 1316899 itr]:      1205.01
[1003 sec, 1318125 itr]:      1205.01
[1004 sec, 1320717 itr]:      1205.01
[1005 sec, 1320717 itr]:      1205.01
[1006 sec, 1323368 itr]:      1205.01
[1007 sec, 1324756 itr]:      1205.01
[ optimality gap      ]:      100.00%
[1008 sec, 1326096 itr]:      1205.01
[1009 sec, 1327360 itr]:      1205.01
[1010 sec, 1328740 itr]:      1205.01
[1011 sec, 1330045 itr]:      1205.01
[1012 sec, 1331346 itr]:      1205.01
[1013 sec, 1332688 itr]:      1205.01
[1014 sec, 1334043 itr]:      1205.01
[1015 sec, 1334043 itr]:      1205.01
[1016 sec, 1336750 itr]:      1205.01
[1017 sec, 1338152 itr]:      1205.01
[ optimality gap      ]:      100.00%
[1018 sec, 1339514 itr]:      1205.01
[1019 sec, 1340969 itr]:      1205.01
[1020 sec, 1342351 itr]:      1205.01
[1021 sec, 1343759 itr]:      1205.01
[1022 sec, 1345186 itr]:      1205.01
[1023 sec, 1346728 itr]:      1205.01
[1024 sec, 1348272 itr]:      1205.01
[1025 sec, 1349783 itr]:      1205.01
[1026 sec, 1351324 itr]:      1205.01
[1027 sec, 1351324 itr]:      1205.01
[ optimality gap      ]:      100.00%
[1028 sec, 1352804 itr]:      1205.01
[1029 sec, 1356019 itr]:      1205.01
[1030 sec, 1357570 itr]:      1205.01
[1031 sec, 1357570 itr]:      1205.01
[1032 sec, 1360610 itr]:      1205.01
[1033 sec, 1362259 itr]:      1205.01
[1034 sec, 1363825 itr]:      1205.01
[1035 sec, 1365389 itr]:      1205.01
[1036 sec, 1366992 itr]:      1205.01
[1037 sec, 1368439 itr]:      1205.01
[ optimality gap      ]:      100.00%
[1038 sec, 1368439 itr]:      1205.01
[1039 sec, 1370000 itr]:      1205.01
[1040 sec, 1371562 itr]:      1205.01
[1041 sec, 1374676 itr]:      1205.01
[1042 sec, 1374676 itr]:      1205.01
[1043 sec, 1377742 itr]:      1205.01
[1044 sec, 1379247 itr]:      1205.01
[1045 sec, 1380711 itr]:      1205.01
[1046 sec, 1382225 itr]:      1205.01
[1047 sec, 1383687 itr]:      1205.01
[ optimality gap      ]:      100.00%
[1048 sec, 1385242 itr]:      1205.01
[1049 sec, 1386848 itr]:      1205.01
[1050 sec, 1388442 itr]:      1205.01
[1051 sec, 1389959 itr]:      1205.01
[1052 sec, 1391515 itr]:      1205.01
[1053 sec, 1393075 itr]:      1205.01
[1054 sec, 1394626 itr]:      1205.01
[1055 sec, 1396153 itr]:      1205.01
[1056 sec, 1396153 itr]:      1205.01
[1057 sec, 1399315 itr]:      1205.01
[ optimality gap      ]:      100.00%
[1058 sec, 1399315 itr]:      1205.01
[1059 sec, 1402273 itr]:      1205.01
[1060 sec, 1402273 itr]:      1205.01
[1061 sec, 1405380 itr]:      1205.01
[1062 sec, 1406860 itr]:      1205.01
[1063 sec, 1408397 itr]:      1205.01
[1064 sec, 1409818 itr]:      1205.01
[1065 sec, 1411344 itr]:      1205.01
[1066 sec, 1412860 itr]:      1205.01
[1067 sec, 1414373 itr]:      1205.01
[ optimality gap      ]:      100.00%
[1068 sec, 1415861 itr]:      1205.01
[1069 sec, 1417373 itr]:      1205.01
[1070 sec, 1417373 itr]:      1205.01
[1071 sec, 1420412 itr]:      1205.01
[1072 sec, 1420412 itr]:      1205.01
[1073 sec, 1423314 itr]:      1205.01
[1074 sec, 1424792 itr]:      1205.01
[1075 sec, 1424792 itr]:      1205.01
[1076 sec, 1427700 itr]:      1205.01
[1077 sec, 1429112 itr]:      1205.01
[ optimality gap      ]:      100.00%
[1078 sec, 1430594 itr]:      1205.01
[1079 sec, 1430594 itr]:      1205.01
[1080 sec, 1432010 itr]:      1205.01
[1081 sec, 1434960 itr]:      1205.01
[1082 sec, 1436454 itr]:      1205.01
[1083 sec, 1437891 itr]:      1205.01
[1084 sec, 1439355 itr]:      1205.01
[1085 sec, 1440796 itr]:      1205.01
[1086 sec, 1442298 itr]:      1205.01
[1087 sec, 1442298 itr]:      1205.01
[ optimality gap      ]:      100.00%
[1088 sec, 1445185 itr]:      1205.01
[1089 sec, 1446592 itr]:      1205.01
[1090 sec, 1447980 itr]:      1205.01
[1091 sec, 1449388 itr]:      1205.01
[1092 sec, 1450806 itr]:      1205.01
[1093 sec, 1452203 itr]:      1205.01
[1094 sec, 1453674 itr]:      1205.01
[1095 sec, 1455193 itr]:      1205.01
[1096 sec, 1455193 itr]:      1205.01
[1097 sec, 1457976 itr]:      1205.01
[ optimality gap      ]:      100.00%
[1098 sec, 1459349 itr]:      1205.01
[1099 sec, 1460748 itr]:      1205.01
[1100 sec, 1462221 itr]:      1205.01
[1101 sec, 1463596 itr]:      1205.01
[1102 sec, 1465028 itr]:      1205.01
[1103 sec, 1466383 itr]:      1205.01
[1104 sec, 1467788 itr]:      1205.01
[1105 sec, 1469242 itr]:      1205.01
[1106 sec, 1469242 itr]:      1205.01
[1107 sec, 1472151 itr]:      1205.01
[ optimality gap      ]:      100.00%
[1108 sec, 1472151 itr]:      1205.01
[1109 sec, 1474902 itr]:      1205.01
[1110 sec, 1476499 itr]:      1205.01
[1111 sec, 1478013 itr]:      1205.01
[1112 sec, 1479441 itr]:      1205.01
[1113 sec, 1480895 itr]:      1205.01
[1114 sec, 1482369 itr]:      1205.01
[1115 sec, 1483885 itr]:      1205.01
[1116 sec, 1485350 itr]:      1205.01
[1117 sec, 1486993 itr]:      1205.01
[ optimality gap      ]:      100.00%
[1118 sec, 1488671 itr]:      1205.01
[1119 sec, 1488671 itr]:      1205.01
[1120 sec, 1490435 itr]:      1205.01
[1121 sec, 1493558 itr]:      1205.01
[1122 sec, 1495068 itr]:      1205.01
[1123 sec, 1496525 itr]:      1205.01
[1124 sec, 1497913 itr]:      1205.01
[1125 sec, 1499343 itr]:      1205.01
[1126 sec, 1500774 itr]:      1205.01
[1127 sec, 1502306 itr]:      1205.01
[ optimality gap      ]:      100.00%
[1128 sec, 1503786 itr]:      1205.01
[1129 sec, 1505239 itr]:      1205.01
[1130 sec, 1506681 itr]:      1205.01
[1131 sec, 1508087 itr]:      1205.01
[1132 sec, 1509564 itr]:      1205.01
[1133 sec, 1510973 itr]:      1205.01
[1134 sec, 1512466 itr]:      1205.01
[1135 sec, 1513946 itr]:      1205.01
[1136 sec, 1515441 itr]:      1205.01
[1137 sec, 1515441 itr]:      1205.01
[ optimality gap      ]:      100.00%
[1138 sec, 1518270 itr]:      1205.01
[1139 sec, 1519698 itr]:      1205.01
[1140 sec, 1521149 itr]:      1205.01
[1141 sec, 1522517 itr]:      1205.01
[1142 sec, 1522517 itr]:      1205.01
[1143 sec, 1525372 itr]:      1205.01
[1144 sec, 1526757 itr]:      1205.01
[1145 sec, 1528259 itr]:      1205.01
[1146 sec, 1528259 itr]:      1205.01
[1147 sec, 1529733 itr]:      1205.01
[ optimality gap      ]:      100.00%
[1148 sec, 1532674 itr]:      1205.01
[1149 sec, 1534160 itr]:      1205.01
[1150 sec, 1535599 itr]:      1205.01
[1151 sec, 1537000 itr]:      1205.01
[1152 sec, 1537000 itr]:      1205.01
[1153 sec, 1538498 itr]:      1205.01
[1154 sec, 1539896 itr]:      1205.01
[1155 sec, 1541331 itr]:      1205.01
[1156 sec, 1544263 itr]:      1205.01
[1157 sec, 1545776 itr]:      1205.01
[ optimality gap      ]:      100.00%
[1158 sec, 1547255 itr]:      1205.01
[1159 sec, 1548687 itr]:      1205.01
[1160 sec, 1550139 itr]:      1205.01
[1161 sec, 1551602 itr]:      1205.01
[1162 sec, 1553068 itr]:      1205.01
[1163 sec, 1554494 itr]:      1205.01
[1164 sec, 1555928 itr]:      1205.01
[1165 sec, 1557351 itr]:      1205.01
[1166 sec, 1558748 itr]:      1205.01
[1167 sec, 1560207 itr]:      1205.01
[ optimality gap      ]:      100.00%
[1168 sec, 1561693 itr]:      1205.01
[1169 sec, 1563205 itr]:      1205.01
[1170 sec, 1564615 itr]:      1205.01
[1171 sec, 1566018 itr]:      1205.01
[1172 sec, 1566018 itr]:      1205.01
[1173 sec, 1568830 itr]:      1205.01
[1174 sec, 1570162 itr]:      1205.01
[1175 sec, 1571594 itr]:      1205.01
[1176 sec, 1573041 itr]:      1205.01
[1177 sec, 1574416 itr]:      1205.01
[ optimality gap      ]:      100.00%
[1178 sec, 1575780 itr]:      1205.01
[1179 sec, 1575780 itr]:      1205.01
[1180 sec, 1578558 itr]:      1205.01
[1181 sec, 1579928 itr]:      1205.01
[1182 sec, 1579928 itr]:      1205.01
[1183 sec, 1582680 itr]:      1205.01
[1184 sec, 1584050 itr]:      1205.01
[1185 sec, 1585458 itr]:      1205.01
[1186 sec, 1585458 itr]:      1205.01
[1187 sec, 1588234 itr]:      1205.01
[ optimality gap      ]:      100.00%
[1188 sec, 1589659 itr]:      1205.01
[1189 sec, 1591072 itr]:      1205.01
[1190 sec, 1592441 itr]:      1205.01
[1191 sec, 1593797 itr]:      1205.01
[1192 sec, 1595118 itr]:      1205.01
[1193 sec, 1595118 itr]:      1205.01
[1194 sec, 1597955 itr]:      1205.01
[1195 sec, 1599344 itr]:      1205.01
[1196 sec, 1600729 itr]:      1205.01
[1197 sec, 1602101 itr]:      1205.01
[ optimality gap      ]:      100.00%
[1198 sec, 1603464 itr]:      1205.01
[1199 sec, 1604987 itr]:      1205.01
[1200 sec, 1606351 itr]:      1205.01
[1201 sec, 1606351 itr]:      1205.01
[1202 sec, 1609055 itr]:      1205.01
[1203 sec, 1609055 itr]:      1205.01
[1204 sec, 1610441 itr]:      1205.01
[1205 sec, 1613210 itr]:      1205.01
[1206 sec, 1614493 itr]:      1205.01
[1207 sec, 1615814 itr]:      1205.01
[ optimality gap      ]:      100.00%
[1208 sec, 1617201 itr]:      1205.01
[1209 sec, 1617201 itr]:      1205.01
[1210 sec, 1619880 itr]:      1205.01
[1211 sec, 1621232 itr]:      1205.01
[1212 sec, 1622617 itr]:      1205.01
[1213 sec, 1624025 itr]:      1205.01
[1214 sec, 1624025 itr]:      1205.01
[1215 sec, 1625412 itr]:      1205.01
[1216 sec, 1628258 itr]:      1205.01
[1217 sec, 1628258 itr]:      1205.01
[ optimality gap      ]:      100.00%
[1218 sec, 1631073 itr]:      1205.01
[1219 sec, 1632395 itr]:      1205.01
[1220 sec, 1633776 itr]:      1205.01
[1221 sec, 1633776 itr]:      1205.01
[1222 sec, 1636569 itr]:      1205.01
[1223 sec, 1636569 itr]:      1205.01
[1224 sec, 1639344 itr]:      1205.01
[1225 sec, 1640698 itr]:      1205.01
[1226 sec, 1642071 itr]:      1205.01
[1227 sec, 1643417 itr]:      1205.01
[ optimality gap      ]:      100.00%
[1228 sec, 1643417 itr]:      1205.01
[1229 sec, 1646245 itr]:      1205.01
[1230 sec, 1646245 itr]:      1205.01
[1231 sec, 1649005 itr]:      1205.01
[1232 sec, 1650382 itr]:      1205.01
[1233 sec, 1651715 itr]:      1205.01
[1234 sec, 1653073 itr]:      1205.01
[1235 sec, 1654456 itr]:      1205.01
[1236 sec, 1655810 itr]:      1205.01
[1237 sec, 1657142 itr]:      1205.01
[ optimality gap      ]:      100.00%
[1238 sec, 1658510 itr]:      1205.01
[1239 sec, 1659930 itr]:      1205.01
[1240 sec, 1661327 itr]:      1205.01
[1241 sec, 1661327 itr]:      1205.01
[1242 sec, 1664396 itr]:      1205.01
[1243 sec, 1664396 itr]:      1205.01
[1244 sec, 1665933 itr]:      1205.01
[1245 sec, 1667420 itr]:      1205.01
[1246 sec, 1670446 itr]:      1205.01
[1247 sec, 1671967 itr]:      1205.01
[ optimality gap      ]:      100.00%
[1248 sec, 1673517 itr]:      1205.01
[1249 sec, 1673517 itr]:      1205.01
[1250 sec, 1676600 itr]:      1205.01
[1251 sec, 1678071 itr]:      1205.01
[1252 sec, 1679508 itr]:      1205.01
[1253 sec, 1679508 itr]:      1205.01
[1254 sec, 1682550 itr]:      1205.01
[1255 sec, 1684072 itr]:      1205.01
[1256 sec, 1685605 itr]:      1205.01
[1257 sec, 1687101 itr]:      1205.01
[ optimality gap      ]:      100.00%
[1258 sec, 1688621 itr]:      1205.01
[1259 sec, 1690085 itr]:      1205.01
[1260 sec, 1690085 itr]:      1205.01
[1261 sec, 1693073 itr]:      1205.01
[1262 sec, 1694538 itr]:      1205.01
[1263 sec, 1696037 itr]:      1205.01
[1264 sec, 1697529 itr]:      1205.01
[1265 sec, 1699000 itr]:      1205.01
[1266 sec, 1700412 itr]:      1205.01
[1267 sec, 1701822 itr]:      1205.01
[ optimality gap      ]:      100.00%
[1268 sec, 1703285 itr]:      1205.01
[1269 sec, 1704754 itr]:      1205.01
[1270 sec, 1706226 itr]:      1205.01
[1271 sec, 1707645 itr]:      1205.01
[1272 sec, 1709090 itr]:      1205.01
[1273 sec, 1710533 itr]:      1205.01
[1274 sec, 1712042 itr]:      1205.01
[1275 sec, 1713523 itr]:      1205.01
[1276 sec, 1713523 itr]:      1205.01
[1277 sec, 1716564 itr]:      1205.01
[ optimality gap      ]:      100.00%
[1278 sec, 1718116 itr]:      1205.01
[1279 sec, 1719654 itr]:      1205.01
[1280 sec, 1721211 itr]:      1205.01
[1281 sec, 1721211 itr]:      1205.01
[1282 sec, 1724338 itr]:      1205.01
[1283 sec, 1725905 itr]:      1205.01
[1284 sec, 1727426 itr]:      1205.01
[1285 sec, 1728962 itr]:      1205.01
[1286 sec, 1730482 itr]:      1205.01
[1287 sec, 1731967 itr]:      1205.01
[ optimality gap      ]:      100.00%
[1288 sec, 1733488 itr]:      1205.01
[1289 sec, 1733488 itr]:      1205.01
[1290 sec, 1736456 itr]:      1205.01
[1291 sec, 1737946 itr]:      1205.01
[1292 sec, 1739571 itr]:      1205.01
[1293 sec, 1741197 itr]:      1205.01
[1294 sec, 1742842 itr]:      1205.01
[1295 sec, 1744362 itr]:      1205.01
[1296 sec, 1745983 itr]:      1205.01
[1297 sec, 1745983 itr]:      1205.01
[ optimality gap      ]:      100.00%
[1298 sec, 1749087 itr]:      1205.01
[1299 sec, 1749087 itr]:      1205.01
[1300 sec, 1752075 itr]:      1205.01
[1301 sec, 1753538 itr]:      1205.01
[1302 sec, 1755076 itr]:      1205.01
[1303 sec, 1756545 itr]:      1205.01
[1304 sec, 1758014 itr]:      1205.01
[1305 sec, 1759568 itr]:      1205.01
[1306 sec, 1761001 itr]:      1205.01
[1307 sec, 1761001 itr]:      1205.01
[ optimality gap      ]:      100.00%
[1308 sec, 1764096 itr]:      1205.01
[1309 sec, 1764096 itr]:      1205.01
[1310 sec, 1765608 itr]:      1205.01
[1311 sec, 1768628 itr]:      1205.01
[1312 sec, 1770150 itr]:      1205.01
[1313 sec, 1771654 itr]:      1205.01
[1314 sec, 1773214 itr]:      1205.01
[1315 sec, 1774677 itr]:      1205.01
[1316 sec, 1776186 itr]:      1205.01
[1317 sec, 1777710 itr]:      1205.01
[ optimality gap      ]:      100.00%
[1318 sec, 1777710 itr]:      1205.01
[1319 sec, 1779214 itr]:      1205.01
[1320 sec, 1780729 itr]:      1205.01
[1321 sec, 1782258 itr]:      1205.01
[1322 sec, 1785242 itr]:      1205.01
[1323 sec, 1785242 itr]:      1205.01
[1324 sec, 1788431 itr]:      1205.01
[1325 sec, 1788431 itr]:      1205.01
[1326 sec, 1791428 itr]:      1205.01
[1327 sec, 1793021 itr]:      1205.01
[ optimality gap      ]:      100.00%
[1328 sec, 1794504 itr]:      1205.01
[1329 sec, 1795975 itr]:      1205.01
[1330 sec, 1797457 itr]:      1205.01
[1331 sec, 1798931 itr]:      1205.01
[1332 sec, 1798931 itr]:      1205.01
[1333 sec, 1801868 itr]:      1205.01
[1334 sec, 1803352 itr]:      1205.01
[1335 sec, 1804822 itr]:      1205.01
[1336 sec, 1806286 itr]:      1205.01
[1337 sec, 1807738 itr]:      1205.01
[ optimality gap      ]:      100.00%
[1338 sec, 1809263 itr]:      1205.01
[1339 sec, 1810769 itr]:      1205.01
[1340 sec, 1812244 itr]:      1205.01
[1341 sec, 1813698 itr]:      1205.01
[1342 sec, 1815204 itr]:      1205.01
[1343 sec, 1815204 itr]:      1205.01
[1344 sec, 1816622 itr]:      1205.01
[1345 sec, 1819654 itr]:      1205.01
[1346 sec, 1819654 itr]:      1205.01
[1347 sec, 1821204 itr]:      1205.01
[ optimality gap      ]:      100.00%
[1348 sec, 1824147 itr]:      1205.01
[1349 sec, 1825713 itr]:      1205.01
[1350 sec, 1827222 itr]:      1205.01
[1351 sec, 1827222 itr]:      1205.01
[1352 sec, 1830172 itr]:      1205.01
[1353 sec, 1831561 itr]:      1205.01
[1354 sec, 1831561 itr]:      1205.01
[1355 sec, 1832995 itr]:      1205.01
[1356 sec, 1834456 itr]:      1205.01
[1357 sec, 1835898 itr]:      1205.01
[ optimality gap      ]:      100.00%
[1358 sec, 1837316 itr]:      1205.01
[1359 sec, 1838831 itr]:      1205.01
[1360 sec, 1841765 itr]:      1205.01
[1361 sec, 1841765 itr]:      1205.01
[1362 sec, 1843204 itr]:      1205.01
[1363 sec, 1846044 itr]:      1205.01
[1364 sec, 1846044 itr]:      1205.01
[1365 sec, 1847525 itr]:      1205.01
[1366 sec, 1850398 itr]:      1205.01
[1367 sec, 1850398 itr]:      1205.01
[ optimality gap      ]:      100.00%
[1368 sec, 1853263 itr]:      1205.01
[1369 sec, 1854629 itr]:      1205.01
[1370 sec, 1856092 itr]:      1205.01
[1371 sec, 1857553 itr]:      1205.01
[1372 sec, 1857553 itr]:      1205.01
[1373 sec, 1858889 itr]:      1205.01
[1374 sec, 1861940 itr]:      1205.01
[1375 sec, 1863498 itr]:      1205.01
[1376 sec, 1864971 itr]:      1205.01
[1377 sec, 1864971 itr]:      1205.01
[ optimality gap      ]:      100.00%
[1378 sec, 1866528 itr]:      1205.01
[1379 sec, 1868039 itr]:      1205.01
[1380 sec, 1871043 itr]:      1205.01
[1381 sec, 1872472 itr]:      1205.01
[1382 sec, 1873856 itr]:      1205.01
[1383 sec, 1873856 itr]:      1205.01
[1384 sec, 1876592 itr]:      1205.01
[1385 sec, 1876592 itr]:      1205.01
[1386 sec, 1878018 itr]:      1205.01
[1387 sec, 1879378 itr]:      1205.01
[ optimality gap      ]:      100.00%
[1388 sec, 1882215 itr]:      1205.01
[1389 sec, 1882215 itr]:      1205.01
[1390 sec, 1885467 itr]:      1205.01
[1391 sec, 1887051 itr]:      1205.01
[1392 sec, 1888601 itr]:      1205.01
[1393 sec, 1888601 itr]:      1205.01
[1394 sec, 1891970 itr]:      1205.01
[1395 sec, 1891970 itr]:      1205.01
[1396 sec, 1893654 itr]:      1205.01
[1397 sec, 1896643 itr]:      1205.01
[ optimality gap      ]:      100.00%
[1398 sec, 1896643 itr]:       1089.7
[1399 sec, 1899493 itr]:       1089.7
[1400 sec, 1900987 itr]:       1089.7
[1401 sec, 1902680 itr]:       1089.7
[1402 sec, 1904195 itr]:       1089.7
[1403 sec, 1905705 itr]:       1089.7
[1404 sec, 1907213 itr]:       1089.7
[1405 sec, 1908797 itr]:       1089.7
[1406 sec, 1910575 itr]:       1089.7
[1407 sec, 1912224 itr]:       1089.7
[ optimality gap      ]:      100.00%
[1408 sec, 1912224 itr]:       1089.7
[1409 sec, 1915388 itr]:       1089.7
[1410 sec, 1917204 itr]:       1089.7
[1411 sec, 1919245 itr]:       1089.7
[1412 sec, 1920803 itr]:       1089.7
[1413 sec, 1922482 itr]:       1089.7
[1414 sec, 1922482 itr]:       1089.7
[1415 sec, 1924335 itr]:       1089.7
[1416 sec, 1926135 itr]:       1089.7
[1417 sec, 1929573 itr]:       1089.7
[ optimality gap      ]:      100.00%
[1418 sec, 1929573 itr]:       1089.7
[1419 sec, 1932789 itr]:       1089.7
[1420 sec, 1934585 itr]:       1089.7
[1421 sec, 1936422 itr]:       1089.7
[1422 sec, 1938269 itr]:       1089.7
[1423 sec, 1940102 itr]:       1089.7
[1424 sec, 1940102 itr]:       1089.7
[1425 sec, 1941950 itr]:       1089.7
[1426 sec, 1943600 itr]:       1089.7
[1427 sec, 1946694 itr]:       1089.7
[ optimality gap      ]:      100.00%
[1428 sec, 1948275 itr]:       1089.7
[1429 sec, 1949931 itr]:       1089.7
[1430 sec, 1949931 itr]:       1089.7
[1431 sec, 1951566 itr]:       1089.7
[1432 sec, 1954710 itr]:       1089.7
[1433 sec, 1956316 itr]:       1089.7
[1434 sec, 1957911 itr]:       1089.7
[1435 sec, 1957911 itr]:       1089.7
[1436 sec, 1961310 itr]:       1089.7
[1437 sec, 1961310 itr]:       1089.7
[ optimality gap      ]:      100.00%
[1438 sec, 1964545 itr]:       1089.7
[1439 sec, 1964545 itr]:       1089.7
[1440 sec, 1967689 itr]:       1089.7
[1441 sec, 1969253 itr]:       1089.7
[1442 sec, 1970884 itr]:       1089.7
[1443 sec, 1970884 itr]:       1089.7
[1444 sec, 1974127 itr]:       1089.7
[1445 sec, 1975714 itr]:       1089.7
[1446 sec, 1975714 itr]:       1089.7
[1447 sec, 1979001 itr]:       1089.7
[ optimality gap      ]:      100.00%
[1448 sec, 1980636 itr]:       1089.7
[1449 sec, 1982291 itr]:       1089.7
[1450 sec, 1983953 itr]:       1089.7
[1451 sec, 1985702 itr]:       1089.7
[1452 sec, 1985702 itr]:       1089.7
[1453 sec, 1988994 itr]:       1089.7
[1454 sec, 1990628 itr]:       1089.7
[1455 sec, 1992352 itr]:       1089.7
[1456 sec, 1993955 itr]:       1089.7
[1457 sec, 1995622 itr]:       1089.7
[ optimality gap      ]:      100.00%
[1458 sec, 1997280 itr]:       1089.7
[1459 sec, 1998917 itr]:       1089.7
[1460 sec, 2000620 itr]:       1089.7
[1461 sec, 2002346 itr]:       1089.7
[1462 sec, 2003955 itr]:       1089.7
[1463 sec, 2005734 itr]:       1089.7
[1464 sec, 2007330 itr]:       1089.7
[1465 sec, 2009215 itr]:       1089.7
[1466 sec, 2011164 itr]:       1089.7
[1467 sec, 2013088 itr]:       1089.7
[ optimality gap      ]:      100.00%
[1468 sec, 2014844 itr]:       1089.7
[1469 sec, 2016641 itr]:       1089.7
[1470 sec, 2018443 itr]:       1089.7
[1471 sec, 2018443 itr]:       1089.7
[1472 sec, 2021723 itr]:       1089.7
[1473 sec, 2023313 itr]:       1089.7
[1474 sec, 2024916 itr]:       1089.7
[1475 sec, 2024916 itr]:       1089.7
[1476 sec, 2028110 itr]:       1089.7
[1477 sec, 2029741 itr]:      1089.69
[ optimality gap      ]:      100.00%
[1478 sec, 2031465 itr]:      1089.69
[1479 sec, 2033168 itr]:      1089.69
[1480 sec, 2034761 itr]:      1089.69
[1481 sec, 2036330 itr]:      1089.69
[1482 sec, 2037932 itr]:      1089.69
[1483 sec, 2039552 itr]:      1089.69
[1484 sec, 2041255 itr]:      1089.69
[1485 sec, 2042925 itr]:      1089.69
[1486 sec, 2044516 itr]:      1089.69
[1487 sec, 2046036 itr]:      1089.69
[ optimality gap      ]:      100.00%
[1488 sec, 2047585 itr]:      1089.69
[1489 sec, 2049199 itr]:      1089.69
[1490 sec, 2050756 itr]:      1089.69
[1491 sec, 2052309 itr]:      1089.69
[1492 sec, 2053847 itr]:      1089.69
[1493 sec, 2055400 itr]:      1089.69
[1494 sec, 2056969 itr]:      1089.69
[1495 sec, 2058567 itr]:      1089.69
[1496 sec, 2060238 itr]:      1089.69
[1497 sec, 2061836 itr]:      1089.69
[ optimality gap      ]:      100.00%
[1498 sec, 2063513 itr]:      1089.69
[1499 sec, 2065061 itr]:      1089.69
[1500 sec, 2066777 itr]:      1089.69
[1501 sec, 2068334 itr]:      1089.69
[1502 sec, 2069957 itr]:      1089.69
[1503 sec, 2071531 itr]:      1089.69
[1504 sec, 2073090 itr]:      1089.69
[1505 sec, 2074709 itr]:      1089.69
[1506 sec, 2076432 itr]:      1089.69
[1507 sec, 2077990 itr]:      1089.69
[ optimality gap      ]:      100.00%
[1508 sec, 2079563 itr]:      1089.69
[1509 sec, 2081137 itr]:      1089.69
[1510 sec, 2082762 itr]:      1089.69
[1511 sec, 2084418 itr]:      1089.69
[1512 sec, 2086003 itr]:      1089.69
[1513 sec, 2086003 itr]:      1089.69
[1514 sec, 2089239 itr]:      1089.69
[1515 sec, 2091059 itr]:      1089.69
[1516 sec, 2092811 itr]:      1089.69
[1517 sec, 2094430 itr]:      1089.69
[ optimality gap      ]:      100.00%
[1518 sec, 2094430 itr]:      1089.69
[1519 sec, 2097921 itr]:      1089.69
[1520 sec, 2099567 itr]:      1089.69
[1521 sec, 2101109 itr]:      1089.69
[1522 sec, 2101109 itr]:      1089.69
[1523 sec, 2102735 itr]:      1089.69
[1524 sec, 2105925 itr]:      1089.69
[1525 sec, 2107619 itr]:      1089.69
[1526 sec, 2109152 itr]:      1089.69
[1527 sec, 2110752 itr]:      1089.69
[ optimality gap      ]:      100.00%
[1528 sec, 2112377 itr]:      1089.69
[1529 sec, 2113991 itr]:      1089.69
[1530 sec, 2115573 itr]:      1089.69
[1531 sec, 2117123 itr]:      1089.69
[1532 sec, 2118663 itr]:      1089.69
[1533 sec, 2120188 itr]:      1089.69
[1534 sec, 2121794 itr]:      1089.69
[1535 sec, 2123295 itr]:      1089.69
[1536 sec, 2124882 itr]:      1089.69
[1537 sec, 2126416 itr]:      1089.69
[ optimality gap      ]:      100.00%
[1538 sec, 2127987 itr]:      1089.69
[1539 sec, 2129491 itr]:      1089.69
[1540 sec, 2131038 itr]:      1089.69
[1541 sec, 2131038 itr]:      1089.69
[1542 sec, 2134110 itr]:      1089.69
[1543 sec, 2135832 itr]:      1089.69
[1544 sec, 2137599 itr]:      1089.69
[1545 sec, 2139221 itr]:      1089.69
[1546 sec, 2140896 itr]:      1089.69
[1547 sec, 2142645 itr]:      1089.69
[ optimality gap      ]:      100.00%
[1548 sec, 2144248 itr]:      1089.69
[1549 sec, 2145948 itr]:      1089.69
[1550 sec, 2147540 itr]:      1089.69
[1551 sec, 2149091 itr]:      1089.69
[1552 sec, 2150683 itr]:      1089.69
[1553 sec, 2152241 itr]:      1089.69
[1554 sec, 2152241 itr]:      1089.69
[1555 sec, 2155329 itr]:      1089.69
[1556 sec, 2156867 itr]:      1089.69
[1557 sec, 2158449 itr]:      1089.69
[ optimality gap      ]:      100.00%
[1558 sec, 2159993 itr]:      1089.69
[1559 sec, 2161556 itr]:      1089.69
[1560 sec, 2163099 itr]:      1089.69
[1561 sec, 2164687 itr]:      1089.69
[1562 sec, 2164687 itr]:      1089.69
[1563 sec, 2167742 itr]:      1089.69
[1564 sec, 2169195 itr]:      1089.11
[1565 sec, 2170623 itr]:      1089.11
[1566 sec, 2170623 itr]:      1089.11
[1567 sec, 2172065 itr]:      1089.11
[ optimality gap      ]:      100.00%
[1568 sec, 2175126 itr]:      1089.11
[1569 sec, 2175126 itr]:      1089.11
[1570 sec, 2176828 itr]:      1089.11
[1571 sec, 2177724 itr]:      1089.11
[1572 sec, 2178432 itr]:      1089.11
[1573 sec, 2179794 itr]:      1089.11
[1574 sec, 2182636 itr]:      1089.11
[1575 sec, 2182636 itr]:      1089.11
[1576 sec, 2184039 itr]:      1089.11
[1577 sec, 2186068 itr]:      1089.11
[ optimality gap      ]:      100.00%
[1578 sec, 2186068 itr]:      1089.11
[1579 sec, 2188942 itr]:      1089.11
[1580 sec, 2188942 itr]:      1089.11
[1581 sec, 2190215 itr]:      1089.11
[1582 sec, 2192994 itr]:      1089.11
[1583 sec, 2194295 itr]:      1089.11
[1584 sec, 2194295 itr]:      1089.11
[1585 sec, 2195651 itr]:      1089.11
[1586 sec, 2197087 itr]:      1089.11
[1587 sec, 2199401 itr]:      1089.11
[ optimality gap      ]:      100.00%
[1588 sec, 2200711 itr]:      1089.11
[1589 sec, 2202155 itr]:      1089.11
[1590 sec, 2203668 itr]:      1089.11
[1591 sec, 2203668 itr]:      1089.11
[1592 sec, 2206464 itr]:      1089.11
[1593 sec, 2206464 itr]:      1089.11
[1594 sec, 2209022 itr]:      1089.11
[1595 sec, 2209022 itr]:      1089.11
[1596 sec, 2210677 itr]:      1089.11
[1597 sec, 2211494 itr]:      1089.11
[ optimality gap      ]:      100.00%
[1598 sec, 2213010 itr]:      1089.11
[1599 sec, 2216165 itr]:      1089.11
[1600 sec, 2216165 itr]:      1089.11
[1601 sec, 2218940 itr]:      1089.11
[1602 sec, 2220576 itr]:      1089.11
[1603 sec, 2221993 itr]:      1089.11
[1604 sec, 2221993 itr]:      1089.11
[1605 sec, 2225020 itr]:      1089.11
[1606 sec, 2226339 itr]:      1089.11
[1607 sec, 2227699 itr]:      1089.11
[ optimality gap      ]:      100.00%
[1608 sec, 2228996 itr]:      1089.11
[1609 sec, 2228996 itr]:      1089.11
[1610 sec, 2230454 itr]:      1089.11
[1611 sec, 2232546 itr]:      1089.11
[1612 sec, 2232546 itr]:      1089.11
[1613 sec, 2235114 itr]:      1089.11
[1614 sec, 2236617 itr]:      1089.11
[1615 sec, 2237819 itr]:      1089.11
[1616 sec, 2237819 itr]:      1089.11
[1617 sec, 2239115 itr]:      1089.11
[ optimality gap      ]:      100.00%
[1618 sec, 2241649 itr]:      1089.11
[1619 sec, 2241649 itr]:      1089.11
[1620 sec, 2244242 itr]:      1089.11
[1621 sec, 2245408 itr]:      1089.11
[1622 sec, 2245408 itr]:      1089.11
[1623 sec, 2247066 itr]:      1089.11
[1624 sec, 2247066 itr]:      1089.11
[1625 sec, 2249760 itr]:      1089.11
[1626 sec, 2251131 itr]:      1089.11
[1627 sec, 2252524 itr]:      1089.11
[ optimality gap      ]:      100.00%
[1628 sec, 2253938 itr]:      1089.11
[1629 sec, 2253938 itr]:      1089.11
[1630 sec, 2255162 itr]:      1089.11
[1631 sec, 2257876 itr]:      1089.11
[1632 sec, 2257876 itr]:      1089.11
[1633 sec, 2259744 itr]:      1089.11
[1634 sec, 2259744 itr]:      1089.11
[1635 sec, 2261076 itr]:      1089.11
[1636 sec, 2263656 itr]:      1089.11
[1637 sec, 2264883 itr]:      1089.11
[ optimality gap      ]:      100.00%
[1638 sec, 2264883 itr]:      1089.11
[1639 sec, 2266899 itr]:      1089.11
[1640 sec, 2268154 itr]:      1089.11
[1641 sec, 2268154 itr]:      1089.11
[1642 sec, 2269452 itr]:      1089.11
[1643 sec, 2270675 itr]:      1089.11
[1644 sec, 2271973 itr]:      1089.11
[1645 sec, 2274647 itr]:      1089.11
[1646 sec, 2274647 itr]:      1089.11
[1647 sec, 2276426 itr]:      1089.11
[ optimality gap      ]:      100.00%
[1648 sec, 2279424 itr]:      1089.11
[1649 sec, 2281059 itr]:      1089.11
[1650 sec, 2282589 itr]:      1089.11
[1651 sec, 2284034 itr]:      1089.11
[1652 sec, 2284034 itr]:      1089.11
[1653 sec, 2286372 itr]:      1089.11
[1654 sec, 2287547 itr]:      1089.11
[1655 sec, 2288827 itr]:      1089.11
[1656 sec, 2288827 itr]:      1089.11
[1657 sec, 2291023 itr]:      1089.11
[ optimality gap      ]:      100.00%
[1658 sec, 2291023 itr]:      1089.11
[1659 sec, 2293310 itr]:      1089.11
[1660 sec, 2293310 itr]:      1089.11
[1661 sec, 2294558 itr]:      1089.11
[1662 sec, 2295879 itr]:      1089.11
[1663 sec, 2296958 itr]:      1089.11
[1664 sec, 2298393 itr]:      1089.11
[1665 sec, 2298393 itr]:      1089.11
[1666 sec, 2301014 itr]:      1089.11
[1667 sec, 2302379 itr]:      1089.11
[ optimality gap      ]:      100.00%
[1668 sec, 2302379 itr]:      1089.11
[1669 sec, 2303862 itr]:      1089.11
[1670 sec, 2306502 itr]:      1089.11
[1671 sec, 2307907 itr]:      1089.11
[1672 sec, 2309167 itr]:      1089.11
[1673 sec, 2310441 itr]:      1089.11
[1674 sec, 2310441 itr]:      1089.11
[1675 sec, 2312684 itr]:      1089.11
[1676 sec, 2312684 itr]:      1089.11
[1677 sec, 2314823 itr]:      1089.11
[ optimality gap      ]:      100.00%
[1678 sec, 2315998 itr]:      1089.11
[1679 sec, 2315998 itr]:      1089.11
[1680 sec, 2317384 itr]:      1089.11
[1681 sec, 2319999 itr]:      1089.11
[1682 sec, 2321278 itr]:      1089.11
[1683 sec, 2321278 itr]:      1089.11
[1684 sec, 2323937 itr]:      1089.11
[1685 sec, 2323937 itr]:      1089.11
[1686 sec, 2325956 itr]:      1089.11
[1687 sec, 2325956 itr]:      1089.11
[ optimality gap      ]:      100.00%
[1688 sec, 2327350 itr]:      1089.11
[1689 sec, 2328226 itr]:      1089.11
[1690 sec, 2329845 itr]:      1089.11
[1691 sec, 2329845 itr]:      1089.11
[1692 sec, 2331234 itr]:      1089.11
[1693 sec, 2332363 itr]:      1089.11
[1694 sec, 2333567 itr]:      1089.11
[1695 sec, 2335783 itr]:      1089.11
[1696 sec, 2337091 itr]:      1089.11
[1697 sec, 2338237 itr]:      1089.11
[ optimality gap      ]:      100.00%
[1698 sec, 2338237 itr]:      1089.11
[1699 sec, 2340641 itr]:      1089.11
[1700 sec, 2340641 itr]:      1089.11
[1701 sec, 2343204 itr]:      1089.11
[1702 sec, 2343204 itr]:      1089.11
[1703 sec, 2344354 itr]:      1089.11
[1704 sec, 2345601 itr]:      1089.11
[1705 sec, 2347108 itr]:      1089.11
[1706 sec, 2347108 itr]:      1089.11
[1707 sec, 2349439 itr]:      1089.11
[ optimality gap      ]:      100.00%
[1708 sec, 2350770 itr]:      1089.11
[1709 sec, 2350770 itr]:      1089.11
[1710 sec, 2352746 itr]:      1089.11
[1711 sec, 2353713 itr]:      1089.11
[1712 sec, 2355003 itr]:      1089.11
[1713 sec, 2356362 itr]:      1089.11
[1714 sec, 2356362 itr]:      1089.11
[1715 sec, 2357627 itr]:      1089.11
[1716 sec, 2360045 itr]:      1089.11
[1717 sec, 2360045 itr]:      1089.11
[ optimality gap      ]:      100.00%
[1718 sec, 2362357 itr]:      1089.11
[1719 sec, 2363574 itr]:      1089.11
[1720 sec, 2363574 itr]:      1089.11
[1721 sec, 2364956 itr]:      1089.11
[1722 sec, 2365976 itr]:      1089.11
[1723 sec, 2367270 itr]:      1089.11
[1724 sec, 2369299 itr]:      1089.11
[1725 sec, 2369299 itr]:      1089.11
[1726 sec, 2371320 itr]:      1089.11
[1727 sec, 2372487 itr]:      1089.11
[ optimality gap      ]:      100.00%
[1728 sec, 2372487 itr]:      1089.11
[1729 sec, 2373843 itr]:      1089.11
[1730 sec, 2374963 itr]:      1089.11
[1731 sec, 2377476 itr]:      1089.11
[1732 sec, 2378835 itr]:      1089.11
[1733 sec, 2380190 itr]:      1089.11
[1734 sec, 2380190 itr]:      1089.11
[1735 sec, 2381416 itr]:      1089.11
[1736 sec, 2382686 itr]:      1089.11
[1737 sec, 2384440 itr]:      1089.11
[ optimality gap      ]:      100.00%
[1738 sec, 2384440 itr]:      1089.11
[1739 sec, 2385967 itr]:      1089.11
[1740 sec, 2385967 itr]:      1089.11
[1741 sec, 2387312 itr]:      1089.11
[1742 sec, 2389222 itr]:      1089.11
[1743 sec, 2390247 itr]:      1089.11
[1744 sec, 2391442 itr]:      1089.11
[1745 sec, 2392662 itr]:      1089.11
[1746 sec, 2392662 itr]:      1089.11
[1747 sec, 2394322 itr]:      1089.11
[ optimality gap      ]:      100.00%
[1748 sec, 2395614 itr]:      1089.11
[1749 sec, 2396886 itr]:      1089.11
[1750 sec, 2398159 itr]:      1089.11
[1751 sec, 2398159 itr]:      1089.11
[1752 sec, 2400071 itr]:      1089.11
[1753 sec, 2400071 itr]:      1089.11
[1754 sec, 2401409 itr]:      1089.11
[1755 sec, 2402596 itr]:      1089.11
[1756 sec, 2403667 itr]:      1089.11
[1757 sec, 2404884 itr]:      1089.11
[ optimality gap      ]:      100.00%
[1758 sec, 2406718 itr]:      1089.11
[1759 sec, 2407617 itr]:      1089.11
[1760 sec, 2408713 itr]:      1089.11
[1761 sec, 2410004 itr]:      1089.11
[1762 sec, 2411258 itr]:      1089.11
[1763 sec, 2412395 itr]:      1089.11
[1764 sec, 2413552 itr]:      1089.11
[1765 sec, 2414724 itr]:      1089.11
[1766 sec, 2414724 itr]:      1089.11
[1767 sec, 2417154 itr]:      1089.11
[ optimality gap      ]:      100.00%
[1768 sec, 2418451 itr]:      1089.11
[1769 sec, 2418451 itr]:      1089.11
[1770 sec, 2419857 itr]:      1089.11
[1771 sec, 2422080 itr]:      1089.11
[1772 sec, 2423275 itr]:      1089.11
[1773 sec, 2423275 itr]:      1089.11
[1774 sec, 2424673 itr]:      1089.11
[1775 sec, 2426688 itr]:      1089.11
[1776 sec, 2426688 itr]:      1089.11
[1777 sec, 2427787 itr]:      1089.11
[ optimality gap      ]:      100.00%
[1778 sec, 2429062 itr]:      1089.11
[1779 sec, 2430358 itr]:      1089.11
[1780 sec, 2432410 itr]:      1089.11
[1781 sec, 2432410 itr]:      1089.11
[1782 sec, 2434881 itr]:      1089.11
[1783 sec, 2434881 itr]:      1089.11
[1784 sec, 2437464 itr]:      1089.11
[1785 sec, 2438999 itr]:      1089.11
[1786 sec, 2440406 itr]:      1089.11
[1787 sec, 2440406 itr]:      1089.11
[ optimality gap      ]:      100.00%
[1788 sec, 2442384 itr]:      1089.11
[1789 sec, 2442384 itr]:      1089.11
[1790 sec, 2444211 itr]:      1089.11
[1791 sec, 2445503 itr]:      1089.11
[1792 sec, 2446766 itr]:      1089.11
[1793 sec, 2446766 itr]:      1089.11
[1794 sec, 2447899 itr]:      1089.11
[1795 sec, 2450325 itr]:      1089.11
[1796 sec, 2450325 itr]:      1089.11
[1797 sec, 2451035 itr]:      1089.11
[ optimality gap      ]:      100.00%
[1798 sec, 2451567 itr]:      1089.11
[1799 sec, 2452541 itr]:      1089.11
[1800 sec, 2453799 itr]:      1089.11
[1801 sec, 2455784 itr]:      1089.11
[1802 sec, 2456987 itr]:      1089.11
[1803 sec, 2456987 itr]:      1089.11
[1804 sec, 2459406 itr]:      1089.11
[1805 sec, 2460678 itr]:      1089.11
[1806 sec, 2460678 itr]:      1089.11
[1807 sec, 2461941 itr]:      1089.11
[ optimality gap      ]:      100.00%
[1808 sec, 2464135 itr]:      1089.11
[1809 sec, 2465301 itr]:      1089.11
[1810 sec, 2466490 itr]:      1089.11
[1811 sec, 2467770 itr]:      1089.11
[1812 sec, 2467770 itr]:      1089.11
[1813 sec, 2470184 itr]:      1089.11
[1814 sec, 2470184 itr]:      1089.11
[1815 sec, 2472682 itr]:      1089.11
[1816 sec, 2472682 itr]:      1089.11
[1817 sec, 2474979 itr]:      1089.11
[ optimality gap      ]:      100.00%
[1818 sec, 2474979 itr]:      1089.11
[1819 sec, 2477482 itr]:      1089.11
[1820 sec, 2477482 itr]:      1089.11
[1821 sec, 2478746 itr]:      1089.11
[1822 sec, 2480178 itr]:      1089.11
[1823 sec, 2481314 itr]:      1089.11
[1824 sec, 2482500 itr]:      1089.11
[1825 sec, 2482500 itr]:      1089.11
[1826 sec, 2483452 itr]:      1089.11
[1827 sec, 2485766 itr]:      1089.11
[ optimality gap      ]:      100.00%
[1828 sec, 2485766 itr]:      1089.11
[1829 sec, 2487012 itr]:      1089.11
[1830 sec, 2487669 itr]:      1089.11
[1831 sec, 2488721 itr]:      1089.11
[1832 sec, 2490852 itr]:      1089.11
[1833 sec, 2492074 itr]:      1089.11
[1834 sec, 2492074 itr]:      1089.11
[1835 sec, 2493168 itr]:      1089.11
[1836 sec, 2494891 itr]:      1089.11
[1837 sec, 2495973 itr]:      1089.11
[ optimality gap      ]:      100.00%
[1838 sec, 2497124 itr]:      1089.11
[1839 sec, 2498128 itr]:      1089.11
[1840 sec, 2499169 itr]:      1089.11
[1841 sec, 2500230 itr]:      1089.11
[1842 sec, 2501366 itr]:      1089.11
[1843 sec, 2502496 itr]:      1089.11
[1844 sec, 2503591 itr]:      1089.11
[1845 sec, 2504645 itr]:      1089.11
[1846 sec, 2505798 itr]:      1089.11
[1847 sec, 2505798 itr]:      1089.11
[ optimality gap      ]:      100.00%
[1848 sec, 2506999 itr]:      1089.11
[1849 sec, 2508072 itr]:      1089.11
[1850 sec, 2508072 itr]:      1089.11
[1851 sec, 2510224 itr]:      1089.11
[1852 sec, 2511365 itr]:      1089.11
[1853 sec, 2511365 itr]:      1089.11
[1854 sec, 2513576 itr]:      1089.11
[1855 sec, 2514725 itr]:      1089.11
[1856 sec, 2515789 itr]:      1089.11
[1857 sec, 2516953 itr]:      1089.11
[ optimality gap      ]:      100.00%
[1858 sec, 2516953 itr]:      1089.11
[1859 sec, 2519149 itr]:      1089.11
[1860 sec, 2520447 itr]:      1089.11
[1861 sec, 2521720 itr]:      1089.11
[1862 sec, 2522934 itr]:      1089.11
[1863 sec, 2524075 itr]:      1089.11
[1864 sec, 2524075 itr]:      1089.11
[1865 sec, 2525224 itr]:      1089.11
[1866 sec, 2525893 itr]:      1089.11
[1867 sec, 2527376 itr]:      1089.11
[ optimality gap      ]:      100.00%
[1868 sec, 2528632 itr]:      1089.11
[1869 sec, 2528632 itr]:      1089.11
[1870 sec, 2529806 itr]:      1089.11
[1871 sec, 2531743 itr]:      1089.11
[1872 sec, 2531743 itr]:      1089.11
[1873 sec, 2533173 itr]:      1089.11
[1874 sec, 2533173 itr]:      1089.11
[1875 sec, 2534324 itr]:      1089.11
[1876 sec, 2536026 itr]:      1089.11
[1877 sec, 2537187 itr]:      1089.11
[ optimality gap      ]:      100.00%
[1878 sec, 2537187 itr]:      1089.11
[1879 sec, 2538980 itr]:      1089.11
[1880 sec, 2539944 itr]:      1033.98
[1881 sec, 2539944 itr]:      1033.98
[1882 sec, 2542902 itr]:      1033.98
[1883 sec, 2544335 itr]:      1033.98
[1884 sec, 2545782 itr]:      1033.98
[1885 sec, 2547168 itr]:      1033.98
[1886 sec, 2548593 itr]:      1029.52
[1887 sec, 2550252 itr]:      1029.52
[ optimality gap      ]:      100.00%
[1888 sec, 2551899 itr]:      1029.52
[1889 sec, 2553358 itr]:      1029.52
[1890 sec, 2554889 itr]:      1029.52
[1891 sec, 2556541 itr]:      1029.52
[1892 sec, 2558207 itr]:      1029.52
[1893 sec, 2559853 itr]:      1029.52
[1894 sec, 2559853 itr]:      1029.52
[1895 sec, 2562938 itr]:      1029.52
[1896 sec, 2564484 itr]:      1029.52
[1897 sec, 2566360 itr]:      1029.52
[ optimality gap      ]:      100.00%
[1898 sec, 2568181 itr]:      1029.52
[1899 sec, 2569994 itr]:      1029.52
[1900 sec, 2571857 itr]:      1029.52
[1901 sec, 2573688 itr]:      1029.52
[1902 sec, 2575466 itr]:      1029.52
[1903 sec, 2577225 itr]:      1029.52
[1904 sec, 2578987 itr]:      1029.52
[1905 sec, 2580810 itr]:      1029.52
[1906 sec, 2582671 itr]:      1029.52
[1907 sec, 2584586 itr]:      1029.52
[ optimality gap      ]:      100.00%
[1908 sec, 2586361 itr]:      1029.52
[1909 sec, 2586361 itr]:      1029.52
[1910 sec, 2589482 itr]:      1029.52
[1911 sec, 2591023 itr]:      1029.52
[1912 sec, 2592682 itr]:      1029.52
[1913 sec, 2594231 itr]:      1029.52
[1914 sec, 2595898 itr]:      1029.52
[1915 sec, 2597497 itr]:      1029.52
[1916 sec, 2598976 itr]:      1029.52
[1917 sec, 2600620 itr]:      1029.52
[ optimality gap      ]:      100.00%
[1918 sec, 2602228 itr]:      1029.52
[1919 sec, 2603843 itr]:      1029.52
[1920 sec, 2605414 itr]:      1029.52
[1921 sec, 2606990 itr]:      1029.52
[1922 sec, 2608631 itr]:      1029.52
[1923 sec, 2610242 itr]:      1029.52
[1924 sec, 2610242 itr]:      1029.52
[1925 sec, 2613459 itr]:      1029.52
[1926 sec, 2615033 itr]:      1029.52
[1927 sec, 2616593 itr]:      1029.52
[ optimality gap      ]:      100.00%
[1928 sec, 2618146 itr]:      1029.52
[1929 sec, 2619757 itr]:      1029.52
[1930 sec, 2621325 itr]:      1029.52
[1931 sec, 2622951 itr]:      1029.52
[1932 sec, 2624459 itr]:      1029.52
[1933 sec, 2626113 itr]:      1029.52
[1934 sec, 2627673 itr]:      1029.52
[1935 sec, 2629240 itr]:      1029.52
[1936 sec, 2630789 itr]:      1029.52
[1937 sec, 2632405 itr]:      1029.52
[ optimality gap      ]:      100.00%
[1938 sec, 2634070 itr]:      1029.52
[1939 sec, 2634070 itr]:      1029.52
[1940 sec, 2637199 itr]:      1029.52
[1941 sec, 2638750 itr]:      1029.52
[1942 sec, 2638750 itr]:      1029.52
[1943 sec, 2641910 itr]:      1029.52
[1944 sec, 2643546 itr]:      1029.52
[1945 sec, 2643546 itr]:      1029.52
[1946 sec, 2646680 itr]:      1029.52
[1947 sec, 2646680 itr]:      1029.52
[ optimality gap      ]:      100.00%
[1948 sec, 2649857 itr]:      1029.52
[1949 sec, 2651355 itr]:      1029.52
[1950 sec, 2652969 itr]:      1029.52
[1951 sec, 2654487 itr]:      1029.52
[1952 sec, 2654487 itr]:      1029.52
[1953 sec, 2657582 itr]:      1029.52
[1954 sec, 2659112 itr]:      1029.52
[1955 sec, 2660634 itr]:      1029.52
[1956 sec, 2662216 itr]:      1029.52
[1957 sec, 2663885 itr]:      1029.52
[ optimality gap      ]:      100.00%
[1958 sec, 2663885 itr]:      1029.52
[1959 sec, 2667025 itr]:      1029.52
[1960 sec, 2668527 itr]:      1029.52
[1961 sec, 2670142 itr]:      1029.52
[1962 sec, 2671545 itr]:      1029.52
[1963 sec, 2671545 itr]:      1029.52
[1964 sec, 2674675 itr]:      1029.52
[1965 sec, 2676156 itr]:      1029.52
[1966 sec, 2677687 itr]:      1029.52
[1967 sec, 2679351 itr]:      1029.52
[ optimality gap      ]:      100.00%
[1968 sec, 2679351 itr]:      1029.52
[1969 sec, 2682531 itr]:      1029.52
[1970 sec, 2684099 itr]:      1029.52
[1971 sec, 2685637 itr]:      1029.52
[1972 sec, 2687196 itr]:      1029.52
[1973 sec, 2688767 itr]:      1029.52
[1974 sec, 2690347 itr]:      1029.52
[1975 sec, 2691900 itr]:      1029.52
[1976 sec, 2693483 itr]:      1029.52
[1977 sec, 2695095 itr]:      1029.52
[ optimality gap      ]:      100.00%
[1978 sec, 2695095 itr]:      1029.52
[1979 sec, 2698209 itr]:      1029.52
[1980 sec, 2699702 itr]:      1029.52
[1981 sec, 2701430 itr]:      1029.52
[1982 sec, 2702987 itr]:      1029.52
[1983 sec, 2704549 itr]:      1029.52
[1984 sec, 2706147 itr]:      1029.52
[1985 sec, 2707722 itr]:      1029.52
[1986 sec, 2709279 itr]:      1029.52
[1987 sec, 2709279 itr]:      1029.52
[ optimality gap      ]:      100.00%
[1988 sec, 2712480 itr]:      1029.52
[1989 sec, 2714134 itr]:      1029.52
[1990 sec, 2715604 itr]:      1029.52
[1991 sec, 2715604 itr]:      1029.52
[1992 sec, 2718742 itr]:      1029.52
[1993 sec, 2720251 itr]:      1029.52
[1994 sec, 2721826 itr]:      1029.52
[1995 sec, 2723368 itr]:      1029.52
[1996 sec, 2724926 itr]:      1029.52
[1997 sec, 2724926 itr]:      1029.52
[ optimality gap      ]:      100.00%
[1998 sec, 2726509 itr]:      1029.52
[1999 sec, 2729576 itr]:      1029.52
[2000 sec, 2731080 itr]:      1029.52
[2001 sec, 2732564 itr]:      1029.52
[2002 sec, 2734093 itr]:      1029.52
[2003 sec, 2735597 itr]:      1029.52
[2004 sec, 2737129 itr]:      1029.52
[2005 sec, 2738665 itr]:      1029.52
[2006 sec, 2740354 itr]:      1029.52
[2007 sec, 2741923 itr]:      1029.52
[ optimality gap      ]:      100.00%
[2008 sec, 2743533 itr]:      1029.52
[2009 sec, 2743533 itr]:      1029.52
[2010 sec, 2745094 itr]:      1029.52
[2011 sec, 2748375 itr]:      1029.52
[2012 sec, 2748375 itr]:      1029.52
[2013 sec, 2751500 itr]:      1029.52
[2014 sec, 2753004 itr]:      1029.52
[2015 sec, 2754546 itr]:      1029.52
[2016 sec, 2756160 itr]:      1029.52
[2017 sec, 2757766 itr]:      1029.52
[ optimality gap      ]:      100.00%
[2018 sec, 2759289 itr]:      1029.52
[2019 sec, 2760813 itr]:      1029.52
[2020 sec, 2762306 itr]:      1029.52
[2021 sec, 2763819 itr]:      1029.52
[2022 sec, 2765341 itr]:      1029.52
[2023 sec, 2766864 itr]:      1029.52
[2024 sec, 2768359 itr]:      1029.52
[2025 sec, 2769802 itr]:      1029.52
[2026 sec, 2771237 itr]:      1029.52
[2027 sec, 2772689 itr]:      1029.52
[ optimality gap      ]:      100.00%
[2028 sec, 2774189 itr]:      1029.52
[2029 sec, 2775567 itr]:      1029.52
[2030 sec, 2777154 itr]:      1029.52
[2031 sec, 2778529 itr]:      1029.52
[2032 sec, 2780043 itr]:      1029.52
[2033 sec, 2781575 itr]:      1029.52
[2034 sec, 2783122 itr]:      1029.52
[2035 sec, 2783122 itr]:      1029.52
[2036 sec, 2784648 itr]:      1029.52
[2037 sec, 2787631 itr]:      1029.52
[ optimality gap      ]:      100.00%
[2038 sec, 2789115 itr]:      1029.52
[2039 sec, 2789115 itr]:      1029.52
[2040 sec, 2792184 itr]:      1029.52
[2041 sec, 2793805 itr]:      1029.52
[2042 sec, 2795350 itr]:      1029.52
[2043 sec, 2796976 itr]:      1029.52
[2044 sec, 2798487 itr]:      1029.52
[2045 sec, 2799987 itr]:      1029.52
[2046 sec, 2801481 itr]:      1029.52
[2047 sec, 2801481 itr]:      1029.52
[ optimality gap      ]:      100.00%
[2048 sec, 2804448 itr]:      1029.52
[2049 sec, 2806090 itr]:      1029.52
[2050 sec, 2807552 itr]:      1029.52
[2051 sec, 2809154 itr]:      1029.52
[2052 sec, 2809154 itr]:      1029.52
[2053 sec, 2812398 itr]:      1029.52
[2054 sec, 2813990 itr]:      1029.52
[2055 sec, 2815586 itr]:      1029.52
[2056 sec, 2817266 itr]:      1029.52
[2057 sec, 2818866 itr]:      1029.52
[ optimality gap      ]:      100.00%
[2058 sec, 2820526 itr]:      1029.52
[2059 sec, 2822111 itr]:      1029.52
[2060 sec, 2823588 itr]:      1029.52
[2061 sec, 2825158 itr]:      1029.52
[2062 sec, 2826665 itr]:      1029.52
[2063 sec, 2826665 itr]:      1029.52
[2064 sec, 2828237 itr]:      1029.52
[2065 sec, 2829808 itr]:      1029.52
[2066 sec, 2833055 itr]:      1029.52
[2067 sec, 2833055 itr]:      1029.52
[ optimality gap      ]:      100.00%
[2068 sec, 2836251 itr]:      1029.52
[2069 sec, 2837783 itr]:      1029.52
[2070 sec, 2839360 itr]:      1029.52
[2071 sec, 2840935 itr]:      1029.52
[2072 sec, 2842520 itr]:      1029.52
[2073 sec, 2844157 itr]:      1029.52
[2074 sec, 2845915 itr]:      1029.52
[2075 sec, 2847550 itr]:      1029.52
[2076 sec, 2847550 itr]:      1029.52
[2077 sec, 2849017 itr]:      1029.52
[ optimality gap      ]:      100.00%
[2078 sec, 2852224 itr]:      1029.52
[2079 sec, 2853694 itr]:      1029.52
[2080 sec, 2855289 itr]:      1029.52
[2081 sec, 2855289 itr]:      1029.52
[2082 sec, 2858435 itr]:      1029.52
[2083 sec, 2860042 itr]:      1029.52
[2084 sec, 2861598 itr]:      1029.52
[2085 sec, 2861598 itr]:      1029.52
[2086 sec, 2864790 itr]:      1029.52
[2087 sec, 2866397 itr]:      1029.52
[ optimality gap      ]:      100.00%
[2088 sec, 2866397 itr]:      1029.52
[2089 sec, 2869402 itr]:      1029.52
[2090 sec, 2871053 itr]:      1029.52
[2091 sec, 2872615 itr]:      1029.52
[2092 sec, 2874106 itr]:      1029.52
[2093 sec, 2875658 itr]:      1029.52
[2094 sec, 2877161 itr]:      1029.52
[2095 sec, 2877161 itr]:      1029.52
[2096 sec, 2878688 itr]:      1029.52
[2097 sec, 2881683 itr]:      1029.52
[ optimality gap      ]:      100.00%
[2098 sec, 2883294 itr]:      1029.52
[2099 sec, 2883294 itr]:      1029.52
[2100 sec, 2884899 itr]:      1029.52
[2101 sec, 2888065 itr]:      1029.52
[2102 sec, 2889618 itr]:      1029.52
[2103 sec, 2891173 itr]:      1029.52
[2104 sec, 2892662 itr]:      1029.52
[2105 sec, 2894106 itr]:      1029.52
[2106 sec, 2895697 itr]:      1029.52
[2107 sec, 2897254 itr]:      1029.52
[ optimality gap      ]:      100.00%
[2108 sec, 2898829 itr]:      1029.52
[2109 sec, 2900284 itr]:      1029.52
[2110 sec, 2900284 itr]:      1029.52
[2111 sec, 2903538 itr]:      1029.52
[2112 sec, 2905103 itr]:      1029.52
[2113 sec, 2905103 itr]:      1029.52
[2114 sec, 2906606 itr]:      1029.52
[2115 sec, 2908129 itr]:      1029.52
[2116 sec, 2911316 itr]:      1029.52
[2117 sec, 2912828 itr]:      1029.52
[ optimality gap      ]:      100.00%
[2118 sec, 2914446 itr]:      1029.52
[2119 sec, 2916004 itr]:      1029.52
[2120 sec, 2917501 itr]:      1029.52
[2121 sec, 2919048 itr]:      1029.52
[2122 sec, 2919048 itr]:      1029.52
[2123 sec, 2922491 itr]:      1029.52
[2124 sec, 2924268 itr]:      1029.52
[2125 sec, 2926030 itr]:      1029.52
[2126 sec, 2927598 itr]:      1029.52
[2127 sec, 2929227 itr]:      1029.52
[ optimality gap      ]:      100.00%
[2128 sec, 2930921 itr]:      1029.52
[2129 sec, 2932456 itr]:      1029.52
[2130 sec, 2933989 itr]:      1029.52
[2131 sec, 2935582 itr]:      1029.52
[2132 sec, 2937353 itr]:      1029.52
[2133 sec, 2939063 itr]:      1029.52
[2134 sec, 2940855 itr]:      1029.52
[2135 sec, 2942559 itr]:      1029.52
[2136 sec, 2944234 itr]:      1029.52
[2137 sec, 2944234 itr]:      1029.52
[ optimality gap      ]:      100.00%
[2138 sec, 2947408 itr]:      1029.52
[2139 sec, 2949139 itr]:      1029.52
[2140 sec, 2950780 itr]:      1029.52
[2141 sec, 2952423 itr]:      1029.52
[2142 sec, 2952423 itr]:      1029.52
[2143 sec, 2955541 itr]:      1029.52
[2144 sec, 2957169 itr]:      1029.52
[2145 sec, 2958815 itr]:      1029.52
[2146 sec, 2960679 itr]:      1029.52
[2147 sec, 2960679 itr]:      1029.52
[ optimality gap      ]:      100.00%
[2148 sec, 2963776 itr]:      1029.52
[2149 sec, 2963776 itr]:      1029.52
[2150 sec, 2967059 itr]:      1029.52
[2151 sec, 2968842 itr]:      1029.52
[2152 sec, 2970405 itr]:      1029.52
[2153 sec, 2972054 itr]:      1029.52
[2154 sec, 2973735 itr]:      1029.52
[2155 sec, 2973735 itr]:      1029.52
[2156 sec, 2976856 itr]:      1029.52
[2157 sec, 2978374 itr]:      1029.52
[ optimality gap      ]:      100.00%
[2158 sec, 2979963 itr]:      1029.52
[2159 sec, 2981621 itr]:      1029.52
[2160 sec, 2983278 itr]:      1029.52
[2161 sec, 2984868 itr]:      1029.52
[2162 sec, 2984868 itr]:      1029.52
[2163 sec, 2988083 itr]:      1029.52
[2164 sec, 2988083 itr]:      1029.52
[2165 sec, 2991420 itr]:      1029.52
[2166 sec, 2992970 itr]:      1029.52
[2167 sec, 2994605 itr]:      1029.52
[ optimality gap      ]:      100.00%
[2168 sec, 2996268 itr]:      1029.52
[2169 sec, 2997836 itr]:      1029.52
[2170 sec, 2999543 itr]:      1029.52
[2171 sec, 3001171 itr]:      1029.52
[2172 sec, 3002728 itr]:      1029.52
[2173 sec, 3004281 itr]:      1029.52
[2174 sec, 3005916 itr]:      1029.52
[2175 sec, 3007507 itr]:      1029.52
[2176 sec, 3007507 itr]:      1029.52
[2177 sec, 3010699 itr]:      1029.52
[ optimality gap      ]:      100.00%
[2178 sec, 3012376 itr]:      1029.52
[2179 sec, 3012376 itr]:      1029.52
[2180 sec, 3015664 itr]:      1029.52
[2181 sec, 3015664 itr]:      1029.52
[2182 sec, 3018882 itr]:      1029.52
[2183 sec, 3020510 itr]:      1029.52
[2184 sec, 3022138 itr]:      1029.52
[2185 sec, 3023695 itr]:      1029.52
[2186 sec, 3025396 itr]:      1029.52
[2187 sec, 3025396 itr]:      1029.52
[ optimality gap      ]:      100.00%
[2188 sec, 3028521 itr]:      1029.52
[2189 sec, 3030175 itr]:      1029.52
[2190 sec, 3031789 itr]:      1029.52
[2191 sec, 3031789 itr]:      1029.52
[2192 sec, 3035039 itr]:      1029.52
[2193 sec, 3036631 itr]:      1029.52
[2194 sec, 3036631 itr]:      1029.52
[2195 sec, 3039839 itr]:      1029.52
[2196 sec, 3041489 itr]:      1029.52
[2197 sec, 3041489 itr]:      1029.52
[ optimality gap      ]:      100.00%
[2198 sec, 3044814 itr]:      1029.52
[2199 sec, 3046387 itr]:      1029.52
[2200 sec, 3046387 itr]:      1029.52
[2201 sec, 3049542 itr]:      1029.52
[2202 sec, 3049542 itr]:      1029.52
[2203 sec, 3051250 itr]:      1029.52
[2204 sec, 3054558 itr]:      1029.52
[2205 sec, 3056227 itr]:      1029.52
[2206 sec, 3057846 itr]:      1029.52
[2207 sec, 3059507 itr]:      1029.52
[ optimality gap      ]:      100.00%
[2208 sec, 3059507 itr]:      1029.52
[2209 sec, 3062749 itr]:      1029.52
[2210 sec, 3064321 itr]:      1029.52
[2211 sec, 3064321 itr]:      1029.52
[2212 sec, 3067483 itr]:      1029.52
[2213 sec, 3069138 itr]:      1029.52
[2214 sec, 3069138 itr]:      1029.52
[2215 sec, 3072250 itr]:      1029.52
[2216 sec, 3073788 itr]:      1029.52
[2217 sec, 3075356 itr]:      1029.52
[ optimality gap      ]:      100.00%
[2218 sec, 3076893 itr]:      1029.52
[2219 sec, 3078529 itr]:      1029.52
[2220 sec, 3080225 itr]:      1029.52
[2221 sec, 3080225 itr]:      1029.52
[2222 sec, 3081754 itr]:      1029.52
[2223 sec, 3085024 itr]:      1029.52
[2224 sec, 3086619 itr]:      1029.52
[2225 sec, 3086619 itr]:      1029.52
[2226 sec, 3089787 itr]:      1029.52
[2227 sec, 3091378 itr]:      1029.52
[ optimality gap      ]:      100.00%
[2228 sec, 3092917 itr]:      1029.52
[2229 sec, 3094698 itr]:      1029.52
[2230 sec, 3096544 itr]:      1029.52
[2231 sec, 3098286 itr]:      1029.52
[2232 sec, 3100001 itr]:      1029.52
[2233 sec, 3101555 itr]:      1029.52
[2234 sec, 3103223 itr]:      1029.52
[2235 sec, 3104755 itr]:      1029.52
[2236 sec, 3106256 itr]:      1029.52
[2237 sec, 3107856 itr]:      1029.52
[ optimality gap      ]:      100.00%
[2238 sec, 3107856 itr]:      1029.52
[2239 sec, 3110914 itr]:      1029.52
[2240 sec, 3110914 itr]:      1029.52
[2241 sec, 3114075 itr]:      1029.52
[2242 sec, 3115733 itr]:      1029.52
[2243 sec, 3117495 itr]:      1029.52
[2244 sec, 3119212 itr]:      1029.52
[2245 sec, 3120718 itr]:      1029.52
[2246 sec, 3120718 itr]:      1029.52
[2247 sec, 3123770 itr]:      1029.52
[ optimality gap      ]:      100.00%
[2248 sec, 3125365 itr]:      1029.52
[2249 sec, 3127008 itr]:      1029.52
[2250 sec, 3128634 itr]:      1029.52
[2251 sec, 3128634 itr]:      1029.52
[2252 sec, 3132005 itr]:      1029.52
[2253 sec, 3132005 itr]:      1029.52
[2254 sec, 3135243 itr]:      1029.52
[2255 sec, 3136866 itr]:      1029.52
[2256 sec, 3136866 itr]:      1029.52
[2257 sec, 3140035 itr]:      1029.52
[ optimality gap      ]:      100.00%
[2258 sec, 3141737 itr]:      1029.52
[2259 sec, 3143366 itr]:      1029.52
[2260 sec, 3143366 itr]:      1029.52
[2261 sec, 3146665 itr]:      1029.52
[2262 sec, 3148276 itr]:      1029.52
[2263 sec, 3149845 itr]:      1029.52
[2264 sec, 3151500 itr]:      1029.52
[2265 sec, 3153198 itr]:      1029.52
[2266 sec, 3154805 itr]:      1029.52
[2267 sec, 3156468 itr]:      1029.52
[ optimality gap      ]:      100.00%
[2268 sec, 3156468 itr]:      1029.52
[2269 sec, 3159769 itr]:      1029.52
[2270 sec, 3159769 itr]:      1029.52
[2271 sec, 3163133 itr]:      1029.52
[2272 sec, 3163133 itr]:      1029.52
[2273 sec, 3166467 itr]:      1029.52
[2274 sec, 3166467 itr]:      1029.52
[2275 sec, 3169805 itr]:      1029.52
[2276 sec, 3171338 itr]:      1029.52
[2277 sec, 3172949 itr]:      1029.52
[ optimality gap      ]:      100.00%
[2278 sec, 3174662 itr]:      1029.52
[2279 sec, 3174662 itr]:      1029.52
[2280 sec, 3177842 itr]:      1029.52
[2281 sec, 3177842 itr]:      1029.52
[2282 sec, 3179454 itr]:      1029.52
[2283 sec, 3182729 itr]:      1029.52
[2284 sec, 3184446 itr]:      1029.52
[2285 sec, 3184446 itr]:      1029.52
[2286 sec, 3187629 itr]:      1029.52
[2287 sec, 3189268 itr]:      1029.52
[ optimality gap      ]:      100.00%
[2288 sec, 3190965 itr]:      1029.52
[2289 sec, 3192713 itr]:      1029.52
[2290 sec, 3194322 itr]:      1029.52
[2291 sec, 3196022 itr]:      1029.52
[2292 sec, 3197591 itr]:      1029.52
[2293 sec, 3199092 itr]:      1029.52
[2294 sec, 3200768 itr]:      1029.52
[2295 sec, 3202341 itr]:      1029.52
[2296 sec, 3204060 itr]:      1029.52
[2297 sec, 3205687 itr]:      1029.52
[ optimality gap      ]:      100.00%
[2298 sec, 3207347 itr]:      1029.52
[2299 sec, 3208934 itr]:      1029.52
[2300 sec, 3208934 itr]:      1029.52
[2301 sec, 3210651 itr]:      1029.52
[2302 sec, 3212329 itr]:      1029.52
[2303 sec, 3215543 itr]:      1029.52
[2304 sec, 3217183 itr]:      1029.52
[2305 sec, 3218847 itr]:      1029.52
[2306 sec, 3220449 itr]:      1029.52
[2307 sec, 3220449 itr]:      1029.52
[ optimality gap      ]:      100.00%
[2308 sec, 3222134 itr]:      1029.52
[2309 sec, 3225550 itr]:      1029.52
[2310 sec, 3225550 itr]:      1029.52
[2311 sec, 3228870 itr]:      1029.52
[2312 sec, 3230467 itr]:      1029.52
[2313 sec, 3230467 itr]:      1029.52
[2314 sec, 3233739 itr]:      1029.52
[2315 sec, 3235399 itr]:      1029.52
[2316 sec, 3237118 itr]:      1029.52
[2317 sec, 3238730 itr]:      1029.52
[ optimality gap      ]:      100.00%
[2318 sec, 3240399 itr]:      1029.52
[2319 sec, 3240399 itr]:      1029.52
[2320 sec, 3241958 itr]:      1029.52
[2321 sec, 3245176 itr]:      1029.52
[2322 sec, 3246788 itr]:      1029.52
[2323 sec, 3246788 itr]:      1029.52
[2324 sec, 3248489 itr]:      1029.52
[2325 sec, 3251786 itr]:      1029.52
[2326 sec, 3253293 itr]:      1029.52
[2327 sec, 3254908 itr]:      1029.52
[ optimality gap      ]:      100.00%
[2328 sec, 3256561 itr]:      1029.52
[2329 sec, 3258235 itr]:      1029.52
[2330 sec, 3259799 itr]:      1029.52
[2331 sec, 3261496 itr]:      1029.52
[2332 sec, 3263191 itr]:      1029.52
[2333 sec, 3264794 itr]:      1029.52
[2334 sec, 3266433 itr]:      1029.52
[2335 sec, 3268127 itr]:      1029.52
[2336 sec, 3268127 itr]:      1029.52
[2337 sec, 3271373 itr]:      1029.52
[ optimality gap      ]:      100.00%
[2338 sec, 3272991 itr]:      1029.52
[2339 sec, 3274637 itr]:      1029.52
[2340 sec, 3276296 itr]:      1029.52
[2341 sec, 3277760 itr]:      1029.52
[2342 sec, 3277760 itr]:      1029.52
[2343 sec, 3279463 itr]:      1029.52
[2344 sec, 3282812 itr]:      1029.52
[2345 sec, 3284416 itr]:      1029.52
[2346 sec, 3286066 itr]:      1029.52
[2347 sec, 3287730 itr]:      1029.52
[ optimality gap      ]:      100.00%
[2348 sec, 3289365 itr]:      1029.52
[2349 sec, 3291001 itr]:      1029.52
[2350 sec, 3292584 itr]:      1029.52
[2351 sec, 3294211 itr]:      1029.52
[2352 sec, 3295926 itr]:      1029.52
[2353 sec, 3297593 itr]:      1029.52
[2354 sec, 3299180 itr]:      1029.52
[2355 sec, 3300787 itr]:      1029.52
[2356 sec, 3302382 itr]:      1029.52
[2357 sec, 3304014 itr]:      1029.52
[ optimality gap      ]:      100.00%
[2358 sec, 3305534 itr]:      1029.52
[2359 sec, 3307112 itr]:      1029.52
[2360 sec, 3308747 itr]:      1029.52
[2361 sec, 3308747 itr]:      1029.52
[2362 sec, 3311992 itr]:      1029.52
[2363 sec, 3313599 itr]:      1029.52
[2364 sec, 3315069 itr]:      1029.52
[2365 sec, 3315069 itr]:      1029.52
[2366 sec, 3318387 itr]:      1029.52
[2367 sec, 3319999 itr]:      1029.52
[ optimality gap      ]:      100.00%
[2368 sec, 3321649 itr]:      1029.52
[2369 sec, 3323231 itr]:      1029.52
[2370 sec, 3324784 itr]:      1029.52
[2371 sec, 3326354 itr]:      1029.52
[2372 sec, 3326354 itr]:      1029.52
[2373 sec, 3327871 itr]:      1029.52
[2374 sec, 3331042 itr]:      1029.52
[2375 sec, 3332606 itr]:      1029.52
[2376 sec, 3334138 itr]:      1029.52
[2377 sec, 3335754 itr]:      1029.52
[ optimality gap      ]:      100.00%
[2378 sec, 3337281 itr]:      1029.52
[2379 sec, 3338887 itr]:      1029.52
[2380 sec, 3340507 itr]:      1029.52
[2381 sec, 3340507 itr]:      1029.52
[2382 sec, 3343637 itr]:      1029.52
[2383 sec, 3345176 itr]:      1029.52
[2384 sec, 3346758 itr]:      1029.52
[2385 sec, 3348289 itr]:      1029.52
[2386 sec, 3349886 itr]:      1029.52
[2387 sec, 3351514 itr]:      1029.52
[ optimality gap      ]:      100.00%
[2388 sec, 3353109 itr]:      1029.52
[2389 sec, 3354699 itr]:      1029.52
[2390 sec, 3356365 itr]:      1029.52
[2391 sec, 3357868 itr]:      1029.52
[2392 sec, 3359404 itr]:      1029.52
[2393 sec, 3360984 itr]:      1029.52
[2394 sec, 3360984 itr]:      1029.52
[2395 sec, 3364189 itr]:      1029.52
[2396 sec, 3365758 itr]:      1029.52
[2397 sec, 3367316 itr]:      1029.52
[ optimality gap      ]:      100.00%
[2398 sec, 3367316 itr]:      1029.52
[2399 sec, 3370293 itr]:      1029.52
[2400 sec, 3370293 itr]:      1029.52
[2401 sec, 3373595 itr]:      1029.52
[2402 sec, 3375230 itr]:      1029.52
[2403 sec, 3376856 itr]:      1029.52
[2404 sec, 3376856 itr]:      1029.52
[2405 sec, 3379907 itr]:      1029.52
[2406 sec, 3381483 itr]:      1029.52
[2407 sec, 3381483 itr]:      1029.52
[ optimality gap      ]:      100.00%
[2408 sec, 3384662 itr]:      1029.52
[2409 sec, 3386231 itr]:      1029.52
[2410 sec, 3387850 itr]:      1029.52
[2411 sec, 3389398 itr]:      1029.52
[2412 sec, 3391040 itr]:      1029.52
[2413 sec, 3392628 itr]:      1029.52
[2414 sec, 3394299 itr]:      1029.52
[2415 sec, 3396065 itr]:      1029.52
[2416 sec, 3397789 itr]:      1029.52
[2417 sec, 3399425 itr]:      1029.52
[ optimality gap      ]:      100.00%
[2418 sec, 3401119 itr]:      1029.52
[2419 sec, 3402808 itr]:      1029.52
[2420 sec, 3404516 itr]:      1029.52
[2421 sec, 3406261 itr]:      1029.52
[2422 sec, 3408011 itr]:      1029.52
[2423 sec, 3409654 itr]:      1029.52
[2424 sec, 3411309 itr]:      1029.52
[2425 sec, 3413042 itr]:      1029.52
[2426 sec, 3414814 itr]:      1029.52
[2427 sec, 3416502 itr]:      1029.52
[ optimality gap      ]:      100.00%
[2428 sec, 3418266 itr]:      1029.52
[2429 sec, 3419970 itr]:      1029.52
[2430 sec, 3421588 itr]:      1029.52
[2431 sec, 3423196 itr]:      1029.52
[2432 sec, 3424924 itr]:      1029.52
[2433 sec, 3426661 itr]:      1029.52
[2434 sec, 3428401 itr]:      1029.52
[2435 sec, 3430309 itr]:      1029.52
[2436 sec, 3432116 itr]:      1029.52
[2437 sec, 3433905 itr]:      1029.52
[ optimality gap      ]:      100.00%
[2438 sec, 3435643 itr]:      1029.52
[2439 sec, 3437425 itr]:      1029.52
[2440 sec, 3439206 itr]:      1029.52
[2441 sec, 3440985 itr]:      1029.52
[2442 sec, 3442748 itr]:      1029.52
[2443 sec, 3444604 itr]:      1029.52
[2444 sec, 3446363 itr]:      1029.52
[2445 sec, 3448185 itr]:      1029.52
[2446 sec, 3449935 itr]:      1029.52
[2447 sec, 3451684 itr]:      1029.52
[ optimality gap      ]:      100.00%
[2448 sec, 3453428 itr]:      1029.52
[2449 sec, 3455158 itr]:      1029.52
[2450 sec, 3456981 itr]:      1029.52
[2451 sec, 3458704 itr]:      1029.52
[2452 sec, 3458704 itr]:      1029.52
[2453 sec, 3461929 itr]:      1029.52
[2454 sec, 3461929 itr]:      1029.52
[2455 sec, 3463522 itr]:      1029.52
[2456 sec, 3465033 itr]:      1029.52
[2457 sec, 3468277 itr]:      1029.52
[ optimality gap      ]:      100.00%
[2458 sec, 3469760 itr]:      1029.52
[2459 sec, 3471378 itr]:      1029.52
[2460 sec, 3472969 itr]:      1029.52
[2461 sec, 3474476 itr]:      1029.52
[2462 sec, 3475999 itr]:      1029.52
[2463 sec, 3475999 itr]:      1029.52
[2464 sec, 3477592 itr]:      1029.52
[2465 sec, 3480696 itr]:      1029.52
[2466 sec, 3480696 itr]:      1029.52
[2467 sec, 3483794 itr]:      1029.52
[ optimality gap      ]:      100.00%
[2468 sec, 3485398 itr]:      1029.52
[2469 sec, 3486926 itr]:      1029.52
[2470 sec, 3488532 itr]:      1029.52
[2471 sec, 3489996 itr]:      1029.52
[2472 sec, 3491521 itr]:      1029.52
[2473 sec, 3493094 itr]:      1029.52
[2474 sec, 3493094 itr]:      1029.52
[2475 sec, 3496125 itr]:      1029.52
[2476 sec, 3497669 itr]:      1029.52
[2477 sec, 3497669 itr]:      1029.52
[ optimality gap      ]:      100.00%
[2478 sec, 3499146 itr]:      1029.52
[2479 sec, 3502381 itr]:      1029.52
[2480 sec, 3502381 itr]:      1029.52
[2481 sec, 3505655 itr]:      1029.52
[2482 sec, 3507595 itr]:      1029.52
[2483 sec, 3507595 itr]:      1029.52
[2484 sec, 3511199 itr]:      1029.52
[2485 sec, 3512768 itr]:      1029.52
[2486 sec, 3514406 itr]:      1029.52
[2487 sec, 3516024 itr]:      1029.52
[ optimality gap      ]:      100.00%
[2488 sec, 3517624 itr]:      1029.52
[2489 sec, 3517624 itr]:      1029.52
[2490 sec, 3520815 itr]:      1029.52
[2491 sec, 3522357 itr]:      1029.52
[2492 sec, 3522357 itr]:      1029.52
[2493 sec, 3525570 itr]:      1029.52
[2494 sec, 3527253 itr]:      1029.52
[2495 sec, 3528814 itr]:      1029.52
[2496 sec, 3530413 itr]:      1029.52
[2497 sec, 3530413 itr]:      1029.52
[ optimality gap      ]:      100.00%
[2498 sec, 3533578 itr]:      1029.52
[2499 sec, 3533578 itr]:      1029.52
[2500 sec, 3536835 itr]:      1029.52
[2501 sec, 3538603 itr]:      1029.52
[2502 sec, 3538603 itr]:      1029.52
[2503 sec, 3542034 itr]:      1029.52
[2504 sec, 3543638 itr]:      1029.52
[2505 sec, 3545303 itr]:      1029.52
[2506 sec, 3546766 itr]:      1029.52
[2507 sec, 3548179 itr]:      1029.52
[ optimality gap      ]:      100.00%
[2508 sec, 3549653 itr]:      1029.52
[2509 sec, 3549653 itr]:      1029.52
[2510 sec, 3551340 itr]:      1029.52
[2511 sec, 3552978 itr]:      1029.52
[2512 sec, 3556043 itr]:      1029.52
[2513 sec, 3557583 itr]:      1029.52
[2514 sec, 3559213 itr]:      1029.52
[2515 sec, 3561025 itr]:      1029.52
[2516 sec, 3562853 itr]:      1029.52
[2517 sec, 3564529 itr]:      1029.52
[ optimality gap      ]:      100.00%
[2518 sec, 3564529 itr]:      1029.52
[2519 sec, 3567936 itr]:      1029.52
[2520 sec, 3567936 itr]:      1029.52
[2521 sec, 3569551 itr]:      1029.52
[2522 sec, 3572803 itr]:      1029.52
[2523 sec, 3572803 itr]:      1029.52
[2524 sec, 3575979 itr]:      1029.52
[2525 sec, 3577508 itr]:      1029.52
[2526 sec, 3579053 itr]:      1029.52
[2527 sec, 3579053 itr]:      1029.52
[ optimality gap      ]:      100.00%
[2528 sec, 3582128 itr]:      1029.52
[2529 sec, 3583596 itr]:      1029.52
[2530 sec, 3585092 itr]:      1029.52
[2531 sec, 3586701 itr]:      1029.52
[2532 sec, 3586701 itr]:      1029.52
[2533 sec, 3589882 itr]:      1029.52
[2534 sec, 3591421 itr]:      1029.52
[2535 sec, 3593063 itr]:      1029.52
[2536 sec, 3594680 itr]:      1029.52
[2537 sec, 3594680 itr]:      1029.52
[ optimality gap      ]:      100.00%
[2538 sec, 3597920 itr]:      1029.52
[2539 sec, 3599578 itr]:      1029.52
[2540 sec, 3601232 itr]:      1029.52
[2541 sec, 3602819 itr]:      1029.52
[2542 sec, 3604482 itr]:      1029.52
[2543 sec, 3604482 itr]:      1029.52
[2544 sec, 3607627 itr]:      1029.52
[2545 sec, 3609232 itr]:      1029.52
[2546 sec, 3610775 itr]:      1029.52
[2547 sec, 3612398 itr]:      1029.52
[ optimality gap      ]:      100.00%
[2548 sec, 3614027 itr]:      1029.52
[2549 sec, 3614027 itr]:      1029.52
[2550 sec, 3617139 itr]:      1029.52
[2551 sec, 3618700 itr]:      1029.52
[2552 sec, 3620293 itr]:      1029.52
[2553 sec, 3621819 itr]:      1029.52
[2554 sec, 3623296 itr]:      1029.52
[2555 sec, 3624857 itr]:      1029.52
[2556 sec, 3626446 itr]:      1029.52
[2557 sec, 3628105 itr]:      1029.52
[ optimality gap      ]:      100.00%
[2558 sec, 3629676 itr]:      1029.52
[2559 sec, 3631279 itr]:      1029.52
[2560 sec, 3633003 itr]:      1029.52
[2561 sec, 3633003 itr]:      1029.52
[2562 sec, 3636508 itr]:      1029.52
[2563 sec, 3636508 itr]:      1029.52
[2564 sec, 3639719 itr]:      1029.52
[2565 sec, 3641261 itr]:      1029.52
[2566 sec, 3641261 itr]:      1029.52
[2567 sec, 3644404 itr]:      1029.52
[ optimality gap      ]:      100.00%
[2568 sec, 3644404 itr]:      1029.52
[2569 sec, 3647611 itr]:      1029.52
[2570 sec, 3649205 itr]:      1029.52
[2571 sec, 3650821 itr]:      1029.52
[2572 sec, 3652336 itr]:      1029.52
[2573 sec, 3653858 itr]:      1029.52
[2574 sec, 3655414 itr]:      1029.52
[2575 sec, 3657058 itr]:      1029.52
[2576 sec, 3658581 itr]:      1029.52
[2577 sec, 3658581 itr]:      1029.52
[ optimality gap      ]:      100.00%
[2578 sec, 3661817 itr]:      1029.52
[2579 sec, 3663427 itr]:      1029.52
[2580 sec, 3663427 itr]:      1029.52
[2581 sec, 3664970 itr]:      1029.52
[2582 sec, 3668147 itr]:      1029.52
[2583 sec, 3668147 itr]:      1029.52
[2584 sec, 3671314 itr]:      1029.52
[2585 sec, 3671314 itr]:      1029.52
[2586 sec, 3674411 itr]:      1029.52
[2587 sec, 3676043 itr]:      1029.52
[ optimality gap      ]:      100.00%
[2588 sec, 3677626 itr]:      1029.52
[2589 sec, 3679206 itr]:      1029.52
[2590 sec, 3680840 itr]:      1029.52
[2591 sec, 3682439 itr]:      1029.52
[2592 sec, 3684003 itr]:      1029.52
[2593 sec, 3685689 itr]:      1029.52
[2594 sec, 3685689 itr]:      1029.52
[2595 sec, 3688852 itr]:      1029.52
[2596 sec, 3690417 itr]:      1029.52
[2597 sec, 3692008 itr]:      1029.52
[ optimality gap      ]:      100.00%
[2598 sec, 3693545 itr]:      1029.52
[2599 sec, 3693545 itr]:      1029.52
[2600 sec, 3696703 itr]:      1029.52
[2601 sec, 3698392 itr]:      1029.52
[2602 sec, 3700042 itr]:      1029.52
[2603 sec, 3701728 itr]:      1029.52
[2604 sec, 3703280 itr]:      1029.52
[2605 sec, 3704901 itr]:      1029.52
[2606 sec, 3706486 itr]:      1029.52
[2607 sec, 3706486 itr]:      1029.52
[ optimality gap      ]:      100.00%
[2608 sec, 3708090 itr]:      1029.52
[2609 sec, 3709624 itr]:      1029.52
[2610 sec, 3712849 itr]:      1029.52
[2611 sec, 3714430 itr]:      1029.52
[2612 sec, 3715914 itr]:      1029.52
[2613 sec, 3717649 itr]:      1029.52
[2614 sec, 3717649 itr]:      1029.52
[2615 sec, 3720862 itr]:      1029.52
[2616 sec, 3722410 itr]:      1029.52
[2617 sec, 3722410 itr]:      1029.52
[ optimality gap      ]:      100.00%
[2618 sec, 3725608 itr]:      1029.52
[2619 sec, 3727221 itr]:      1029.52
[2620 sec, 3727221 itr]:      1029.52
[2621 sec, 3730435 itr]:      1029.52
[2622 sec, 3732050 itr]:      1029.52
[2623 sec, 3733661 itr]:      1029.52
[2624 sec, 3733661 itr]:      1029.52
[2625 sec, 3736920 itr]:      1029.52
[2626 sec, 3738566 itr]:      1029.52
[2627 sec, 3740190 itr]:      1029.52
[ optimality gap      ]:      100.00%
[2628 sec, 3741830 itr]:      1029.52
[2629 sec, 3743348 itr]:      1029.52
[2630 sec, 3743348 itr]:      1029.52
[2631 sec, 3746457 itr]:      1029.52
[2632 sec, 3748100 itr]:      1029.52
[2633 sec, 3749642 itr]:      1029.52
[2634 sec, 3749642 itr]:      1029.52
[2635 sec, 3752876 itr]:      1029.52
[2636 sec, 3754412 itr]:      1029.52
[2637 sec, 3755945 itr]:      1029.52
[ optimality gap      ]:      100.00%
[2638 sec, 3757477 itr]:      1029.52
[2639 sec, 3758969 itr]:      1029.52
[2640 sec, 3758969 itr]:      1029.52
[2641 sec, 3760522 itr]:      1029.52
[2642 sec, 3763715 itr]:      1029.52
[2643 sec, 3763715 itr]:      1029.52
[2644 sec, 3766874 itr]:      1029.52
[2645 sec, 3768572 itr]:      1029.52
[2646 sec, 3770112 itr]:      1029.52
[2647 sec, 3771737 itr]:      1029.52
[ optimality gap      ]:      100.00%
[2648 sec, 3773292 itr]:      1029.52
[2649 sec, 3774809 itr]:      1029.52
[2650 sec, 3774809 itr]:      1029.52
[2651 sec, 3778106 itr]:      1029.52
[2652 sec, 3779615 itr]:      1029.52
[2653 sec, 3781272 itr]:      1029.52
[2654 sec, 3782893 itr]:      1029.52
[2655 sec, 3782893 itr]:      1029.52
[2656 sec, 3786121 itr]:      1029.52
[2657 sec, 3787779 itr]:      1029.52
[ optimality gap      ]:      100.00%
[2658 sec, 3789414 itr]:      1029.52
[2659 sec, 3789414 itr]:      1029.52
[2660 sec, 3792631 itr]:      1029.52
[2661 sec, 3792631 itr]:      1029.52
[2662 sec, 3795883 itr]:      1029.52
[2663 sec, 3797390 itr]:      1029.52
[2664 sec, 3798983 itr]:      1029.52
[2665 sec, 3800611 itr]:      1029.52
[2666 sec, 3802271 itr]:      1029.52
[2667 sec, 3803891 itr]:      1029.52
[ optimality gap      ]:      100.00%
[2668 sec, 3805562 itr]:      1029.52
[2669 sec, 3807028 itr]:      1029.52
[2670 sec, 3808628 itr]:      1029.52
[2671 sec, 3808628 itr]:      1029.52
[2672 sec, 3811764 itr]:      1029.52
[2673 sec, 3813321 itr]:      1029.52
[2674 sec, 3814924 itr]:      1029.52
[2675 sec, 3814924 itr]:      1029.52
[2676 sec, 3818114 itr]:      1029.52
[2677 sec, 3819695 itr]:      1029.52
[ optimality gap      ]:      100.00%
[2678 sec, 3821295 itr]:      1029.52
[2679 sec, 3822816 itr]:      1029.52
[2680 sec, 3824420 itr]:      1029.52
[2681 sec, 3825950 itr]:      1029.52
[2682 sec, 3827499 itr]:      1029.52
[2683 sec, 3827499 itr]:      1029.52
[2684 sec, 3830729 itr]:      1029.52
[2685 sec, 3832308 itr]:      1029.52
[2686 sec, 3833885 itr]:      1029.52
[2687 sec, 3835511 itr]:      1029.52
[ optimality gap      ]:      100.00%
[2688 sec, 3837156 itr]:      1029.52
[2689 sec, 3838726 itr]:      1029.52
[2690 sec, 3840258 itr]:      1029.52
[2691 sec, 3840258 itr]:      1029.52
[2692 sec, 3843414 itr]:      1029.52
[2693 sec, 3845087 itr]:      1029.52
[2694 sec, 3845087 itr]:      1029.52
[2695 sec, 3848195 itr]:      1029.52
[2696 sec, 3849760 itr]:      1029.52
[2697 sec, 3851439 itr]:      1029.52
[ optimality gap      ]:      100.00%
[2698 sec, 3852927 itr]:      1029.52
[2699 sec, 3854546 itr]:      1029.52
[2700 sec, 3854546 itr]:      1029.52
[2701 sec, 3856054 itr]:      1029.52
[2702 sec, 3857728 itr]:      1029.52
[2703 sec, 3861039 itr]:      1029.52
[2704 sec, 3862549 itr]:      1029.52
[2705 sec, 3864001 itr]:      1029.52
[2706 sec, 3865528 itr]:      1029.52
[2707 sec, 3867093 itr]:      1029.52
[ optimality gap      ]:      100.00%
[2708 sec, 3868717 itr]:      1029.52
[2709 sec, 3870296 itr]:      1029.52
[2710 sec, 3871876 itr]:      1029.52
[2711 sec, 3871876 itr]:      1029.52
[2712 sec, 3873460 itr]:      1029.52
[2713 sec, 3876573 itr]:      1029.52
[2714 sec, 3878211 itr]:      1029.52
[2715 sec, 3879737 itr]:      1029.52
[2716 sec, 3881334 itr]:      1029.52
[2717 sec, 3882954 itr]:      1029.52
[ optimality gap      ]:      100.00%
[2718 sec, 3884571 itr]:      1029.52
[2719 sec, 3886246 itr]:      1029.52
[2720 sec, 3887914 itr]:      1029.52
[2721 sec, 3889521 itr]:      1029.52
[2722 sec, 3891099 itr]:      1029.52
[2723 sec, 3892657 itr]:      1029.52
[2724 sec, 3894211 itr]:      1029.52
[2725 sec, 3895935 itr]:      1029.52
[2726 sec, 3897446 itr]:      1029.52
[2727 sec, 3898993 itr]:      1029.52
[ optimality gap      ]:      100.00%
[2728 sec, 3900583 itr]:      1029.52
[2729 sec, 3902240 itr]:      1029.52
[2730 sec, 3903821 itr]:      1029.52
[2731 sec, 3905352 itr]:      1029.52
[2732 sec, 3906985 itr]:      1029.52
[2733 sec, 3906985 itr]:      1029.52
[2734 sec, 3910188 itr]:      1029.52
[2735 sec, 3911776 itr]:      1029.52
[2736 sec, 3911776 itr]:      1029.52
[2737 sec, 3914973 itr]:      1029.52
[ optimality gap      ]:      100.00%
[2738 sec, 3916550 itr]:      1029.52
[2739 sec, 3916550 itr]:      1029.52
[2740 sec, 3919755 itr]:      1029.52
[2741 sec, 3921374 itr]:      1029.52
[2742 sec, 3922876 itr]:      1029.52
[2743 sec, 3924423 itr]:      1029.52
[2744 sec, 3925950 itr]:      1029.52
[2745 sec, 3927580 itr]:      1029.52
[2746 sec, 3929286 itr]:      1029.52
[2747 sec, 3930807 itr]:      1029.52
[ optimality gap      ]:      100.00%
[2748 sec, 3932319 itr]:      1029.52
[2749 sec, 3933845 itr]:      1029.52
[2750 sec, 3935354 itr]:      1029.52
[2751 sec, 3935354 itr]:      1029.52
[2752 sec, 3938338 itr]:      1029.52
[2753 sec, 3939906 itr]:      1029.52
[2754 sec, 3939906 itr]:      1029.52
[2755 sec, 3943037 itr]:      1029.52
[2756 sec, 3944558 itr]:      1029.52
[2757 sec, 3946078 itr]:      1029.52
[ optimality gap      ]:      100.00%
[2758 sec, 3947658 itr]:      1029.52
[2759 sec, 3949235 itr]:      1029.52
[2760 sec, 3949235 itr]:      1029.52
[2761 sec, 3952418 itr]:      1029.52
[2762 sec, 3953987 itr]:      1029.52
[2763 sec, 3955681 itr]:      1029.52
[2764 sec, 3957337 itr]:      1029.52
[2765 sec, 3958854 itr]:      1029.52
[2766 sec, 3960456 itr]:      1029.52
[2767 sec, 3962027 itr]:      1029.52
[ optimality gap      ]:      100.00%
[2768 sec, 3962027 itr]:      1029.52
[2769 sec, 3965231 itr]:      1029.52
[2770 sec, 3967051 itr]:      1029.52
[2771 sec, 3968908 itr]:      1029.52
[2772 sec, 3970718 itr]:      1029.52
[2773 sec, 3972428 itr]:      1029.52
[2774 sec, 3974044 itr]:      1029.52
[2775 sec, 3974044 itr]:      1029.52
[2776 sec, 3975635 itr]:      1029.52
[2777 sec, 3978829 itr]:      1029.52
[ optimality gap      ]:      100.00%
[2778 sec, 3980464 itr]:      1029.52
[2779 sec, 3982140 itr]:      1029.52
[2780 sec, 3983774 itr]:      1029.52
[2781 sec, 3985387 itr]:      1029.52
[2782 sec, 3986884 itr]:      1029.52
[2783 sec, 3986884 itr]:      1029.52
[2784 sec, 3990325 itr]:      1029.52
[2785 sec, 3991854 itr]:      1029.52
[2786 sec, 3993437 itr]:      1029.52
[2787 sec, 3995068 itr]:      1029.52
[ optimality gap      ]:      100.00%
[2788 sec, 3995068 itr]:      1029.52
[2789 sec, 3996694 itr]:      1029.52
[2790 sec, 3999884 itr]:      1029.52
[2791 sec, 3999884 itr]:      1029.52
[2792 sec, 4002982 itr]:      1029.52
[2793 sec, 4004478 itr]:      1029.52
[2794 sec, 4006091 itr]:      1029.52
[2795 sec, 4007707 itr]:      1029.52
[2796 sec, 4007707 itr]:      1029.52
[2797 sec, 4010772 itr]:      1029.52
[ optimality gap      ]:      100.00%
[2798 sec, 4012355 itr]:      1029.52
[2799 sec, 4012355 itr]:      1029.52
[2800 sec, 4015483 itr]:      1029.52
[2801 sec, 4017146 itr]:      1029.52
[2802 sec, 4018716 itr]:      1029.52
[2803 sec, 4020513 itr]:      1029.52
[2804 sec, 4022218 itr]:      1029.52
[2805 sec, 4023792 itr]:      1029.52
[2806 sec, 4023792 itr]:      1029.52
[2807 sec, 4026957 itr]:      1029.52
[ optimality gap      ]:      100.00%
[2808 sec, 4026957 itr]:      1029.52
[2809 sec, 4030085 itr]:      1029.52
[2810 sec, 4030085 itr]:      1029.52
[2811 sec, 4031677 itr]:      1029.52
[2812 sec, 4034826 itr]:      1029.52
[2813 sec, 4036386 itr]:      1029.52
[2814 sec, 4036386 itr]:      1029.52
[2815 sec, 4039469 itr]:      1029.52
[2816 sec, 4040990 itr]:      1029.52
[2817 sec, 4042552 itr]:      1029.52
[ optimality gap      ]:      100.00%
[2818 sec, 4044128 itr]:      1029.52
[2819 sec, 4045756 itr]:      1029.52
[2820 sec, 4047407 itr]:      1029.52
[2821 sec, 4049031 itr]:      1029.52
[2822 sec, 4050569 itr]:      1029.52
[2823 sec, 4050569 itr]:      1029.52
[2824 sec, 4053673 itr]:      1029.52
[2825 sec, 4055305 itr]:      1029.52
[2826 sec, 4056851 itr]:      1029.52
[2827 sec, 4058402 itr]:      1029.52
[ optimality gap      ]:      100.00%
[2828 sec, 4059979 itr]:      1029.52
[2829 sec, 4061617 itr]:      1029.52
[2830 sec, 4063246 itr]:      1029.52
[2831 sec, 4063246 itr]:      1029.52
[2832 sec, 4064775 itr]:      1029.52
[2833 sec, 4067876 itr]:      1029.52
[2834 sec, 4069528 itr]:      1029.52
[2835 sec, 4071133 itr]:      1029.52
[2836 sec, 4072763 itr]:      1029.52
[2837 sec, 4074386 itr]:      1029.52
[ optimality gap      ]:      100.00%
[2838 sec, 4075876 itr]:      1029.52
[2839 sec, 4075876 itr]:      1029.52
[2840 sec, 4077355 itr]:      1029.52
[2841 sec, 4080451 itr]:      1029.52
[2842 sec, 4080451 itr]:      1029.52
[2843 sec, 4083582 itr]:      1029.52
[2844 sec, 4083582 itr]:      1029.52
[2845 sec, 4086876 itr]:      1029.52
[2846 sec, 4088433 itr]:      1029.52
[2847 sec, 4089901 itr]:      1029.52
[ optimality gap      ]:      100.00%
[2848 sec, 4091616 itr]:      1029.52
[2849 sec, 4093187 itr]:      1029.52
[2850 sec, 4094687 itr]:      1029.52
[2851 sec, 4096222 itr]:      1029.52
[2852 sec, 4097715 itr]:      1029.52
[2853 sec, 4097715 itr]:      1029.52
[2854 sec, 4100863 itr]:      1029.52
[2855 sec, 4100863 itr]:      1029.52
[2856 sec, 4103929 itr]:      1029.52
[2857 sec, 4105484 itr]:      1029.52
[ optimality gap      ]:      100.00%
[2858 sec, 4105484 itr]:      1029.52
[2859 sec, 4108568 itr]:      1029.52
[2860 sec, 4110120 itr]:      1029.52
[2861 sec, 4111673 itr]:      1029.52
[2862 sec, 4111673 itr]:      1029.52
[2863 sec, 4114920 itr]:      1029.52
[2864 sec, 4116489 itr]:      1029.52
[2865 sec, 4116489 itr]:      1029.52
[2866 sec, 4118001 itr]:      1029.52
[2867 sec, 4119462 itr]:      1029.52
[ optimality gap      ]:      100.00%
[2868 sec, 4122561 itr]:      1029.52
[2869 sec, 4124119 itr]:      1029.52
[2870 sec, 4124119 itr]:      1029.52
[2871 sec, 4127085 itr]:      1029.52
[2872 sec, 4128707 itr]:      1029.52
[2873 sec, 4130240 itr]:      1029.52
[2874 sec, 4131828 itr]:      1029.52
[2875 sec, 4133439 itr]:      1029.52
[2876 sec, 4134961 itr]:      1029.52
[2877 sec, 4136463 itr]:      1029.52
[ optimality gap      ]:      100.00%
[2878 sec, 4138133 itr]:      1029.52
[2879 sec, 4139637 itr]:      1029.52
[2880 sec, 4139637 itr]:      1029.52
[2881 sec, 4142850 itr]:      1029.52
[2882 sec, 4144407 itr]:      1029.52
[2883 sec, 4145947 itr]:      1029.52
[2884 sec, 4147483 itr]:      1029.52
[2885 sec, 4149039 itr]:      1029.52
[2886 sec, 4149039 itr]:      1029.52
[2887 sec, 4150645 itr]:      1029.52
[ optimality gap      ]:      100.00%
[2888 sec, 4152182 itr]:      1029.52
[2889 sec, 4155368 itr]:      1029.52
[2890 sec, 4156826 itr]:      1029.52
[2891 sec, 4156826 itr]:      1029.52
[2892 sec, 4159917 itr]:      1029.52
[2893 sec, 4159917 itr]:      1029.52
[2894 sec, 4162871 itr]:      1029.52
[2895 sec, 4164478 itr]:      1029.52
[2896 sec, 4165979 itr]:      1029.52
[2897 sec, 4165979 itr]:      1029.52
[ optimality gap      ]:      100.00%
[2898 sec, 4167495 itr]:      1029.52
[2899 sec, 4168977 itr]:      1029.52
[2900 sec, 4172112 itr]:      1029.52
[2901 sec, 4173566 itr]:      1029.52
[2902 sec, 4174992 itr]:      1029.52
[2903 sec, 4176404 itr]:      1029.52
[2904 sec, 4178002 itr]:      1029.52
[2905 sec, 4179447 itr]:      1029.52
[2906 sec, 4180984 itr]:      1029.52
[2907 sec, 4182607 itr]:      1029.52
[ optimality gap      ]:      100.00%
[2908 sec, 4184102 itr]:      1029.52
[2909 sec, 4185759 itr]:      1029.52
[2910 sec, 4187285 itr]:      1029.52
[2911 sec, 4188868 itr]:      1029.52
[2912 sec, 4190463 itr]:      1029.52
[2913 sec, 4191980 itr]:      1029.52
[2914 sec, 4193470 itr]:      1029.52
[2915 sec, 4195027 itr]:      1029.52
[2916 sec, 4196431 itr]:      1029.52
[2917 sec, 4197887 itr]:      1029.52
[ optimality gap      ]:      100.00%
[2918 sec, 4199425 itr]:      1029.52
[2919 sec, 4199425 itr]:      1029.52
[2920 sec, 4200932 itr]:      1029.52
[2921 sec, 4202337 itr]:      1029.52
[2922 sec, 4205235 itr]:      1029.52
[2923 sec, 4206848 itr]:      1029.52
[2924 sec, 4208361 itr]:      1029.52
[2925 sec, 4209989 itr]:      1029.52
[2926 sec, 4211480 itr]:      1029.52
[2927 sec, 4212949 itr]:      1029.52
[ optimality gap      ]:      100.00%
[2928 sec, 4214466 itr]:      1029.52
[2929 sec, 4216083 itr]:      1029.52
[2930 sec, 4217639 itr]:      1029.52
[2931 sec, 4219257 itr]:      1029.52
[2932 sec, 4220887 itr]:      1029.52
[2933 sec, 4222489 itr]:      1029.52
[2934 sec, 4224249 itr]:      1029.52
[2935 sec, 4225953 itr]:      1029.52
[2936 sec, 4225953 itr]:      1029.52
[2937 sec, 4229117 itr]:      1029.52
[ optimality gap      ]:      100.00%
[2938 sec, 4230656 itr]:      1029.52
[2939 sec, 4232131 itr]:      1029.52
[2940 sec, 4233670 itr]:      1029.52
[2941 sec, 4235223 itr]:      1029.52
[2942 sec, 4235223 itr]:      1029.52
[2943 sec, 4238398 itr]:      1029.52
[2944 sec, 4239968 itr]:      1029.52
[2945 sec, 4241548 itr]:      1029.52
[2946 sec, 4241548 itr]:      1029.52
[2947 sec, 4244988 itr]:      1029.52
[ optimality gap      ]:      100.00%
[2948 sec, 4246683 itr]:      1029.52
[2949 sec, 4248280 itr]:      1029.52
[2950 sec, 4249746 itr]:      1029.52
[2951 sec, 4251307 itr]:      1029.52
[2952 sec, 4252833 itr]:      1029.52
[2953 sec, 4254272 itr]:      1029.52
[2954 sec, 4255822 itr]:      1029.52
[2955 sec, 4257268 itr]:      1029.52
[2956 sec, 4258809 itr]:      1029.52
[2957 sec, 4260263 itr]:      1029.52
[ optimality gap      ]:      100.00%
[2958 sec, 4261743 itr]:      1029.52
[2959 sec, 4263408 itr]:      1029.52
[2960 sec, 4263408 itr]:      1029.52
[2961 sec, 4266433 itr]:      1029.52
[2962 sec, 4268017 itr]:      1029.52
[2963 sec, 4268017 itr]:      1029.52
[2964 sec, 4271116 itr]:      1029.52
[2965 sec, 4272783 itr]:      1029.52
[2966 sec, 4274359 itr]:      1029.52
[2967 sec, 4274359 itr]:      1029.52
[ optimality gap      ]:      100.00%
[2968 sec, 4277742 itr]:      1029.52
[2969 sec, 4279211 itr]:      1029.52
[2970 sec, 4280790 itr]:      1029.52
[2971 sec, 4282321 itr]:      1029.52
[2972 sec, 4283801 itr]:      1029.52
[2973 sec, 4285222 itr]:      1029.52
[2974 sec, 4286848 itr]:      1029.52
[2975 sec, 4288455 itr]:      1029.52
[2976 sec, 4289936 itr]:      1029.52
[2977 sec, 4291637 itr]:      1029.52
[ optimality gap      ]:      100.00%
[2978 sec, 4291637 itr]:      1029.52
[2979 sec, 4294606 itr]:      1029.52
[2980 sec, 4296111 itr]:      1029.52
[2981 sec, 4297537 itr]:      1029.52
[2982 sec, 4297537 itr]:      1029.52
[2983 sec, 4300599 itr]:      1029.52
[2984 sec, 4300599 itr]:      1029.52
[2985 sec, 4303582 itr]:      1029.52
[2986 sec, 4303582 itr]:      1029.52
[2987 sec, 4305083 itr]:      1029.52
[ optimality gap      ]:      100.00%
[2988 sec, 4307984 itr]:      1029.52
[2989 sec, 4309443 itr]:      1029.52
[2990 sec, 4310937 itr]:      1029.52
[2991 sec, 4312404 itr]:      1029.52
[2992 sec, 4313857 itr]:      1029.52
[2993 sec, 4313857 itr]:      1029.52
[2994 sec, 4315348 itr]:      1029.52
[2995 sec, 4318376 itr]:      1029.52
[2996 sec, 4319855 itr]:      1029.52
[2997 sec, 4321352 itr]:      1029.52
[ optimality gap      ]:      100.00%
[2998 sec, 4321352 itr]:      1029.52
[2999 sec, 4324266 itr]:      1029.52
[3000 sec, 4325761 itr]:      1029.52
[3001 sec, 4327292 itr]:      1029.52
[3002 sec, 4328838 itr]:      1029.52
[3003 sec, 4330276 itr]:      1029.52
[3004 sec, 4330276 itr]:      1029.52
[3005 sec, 4333356 itr]:      1029.52
[3006 sec, 4334955 itr]:      1029.52
[3007 sec, 4336566 itr]:      1029.52
[ optimality gap      ]:      100.00%
[3008 sec, 4338039 itr]:      1029.52
[3009 sec, 4339646 itr]:      1029.52
[3010 sec, 4341132 itr]:      1029.52
[3011 sec, 4342671 itr]:      1029.52
[3012 sec, 4344272 itr]:      1029.52
[3013 sec, 4345881 itr]:      1029.52
[3014 sec, 4345881 itr]:      1029.52
[3015 sec, 4349063 itr]:      1029.52
[3016 sec, 4350623 itr]:      1029.52
[3017 sec, 4352210 itr]:      1029.52
[ optimality gap      ]:      100.00%
[3018 sec, 4353752 itr]:      1029.52
[3019 sec, 4355356 itr]:      1029.52
[3020 sec, 4356920 itr]:      1029.52
[3021 sec, 4358452 itr]:      1029.52
[3022 sec, 4360134 itr]:      1029.52
[3023 sec, 4361714 itr]:      1029.52
[3024 sec, 4363254 itr]:      1029.52
[3025 sec, 4364842 itr]:      1029.52
[3026 sec, 4366364 itr]:      1029.52
[3027 sec, 4367952 itr]:      1029.52
[ optimality gap      ]:      100.00%
[3028 sec, 4369596 itr]:      1029.52
[3029 sec, 4371209 itr]:      1029.52
[3030 sec, 4372664 itr]:      1029.52
[3031 sec, 4374262 itr]:      1029.52
[3032 sec, 4375724 itr]:      1029.52
[3033 sec, 4377330 itr]:      1029.52
[3034 sec, 4378857 itr]:      1029.52
[3035 sec, 4380458 itr]:      1029.52
[3036 sec, 4380458 itr]:      1029.52
[3037 sec, 4382008 itr]:      1029.52
[ optimality gap      ]:      100.00%
[3038 sec, 4385186 itr]:      1029.52
[3039 sec, 4386788 itr]:      1029.52
[3040 sec, 4388342 itr]:      1029.52
[3041 sec, 4388342 itr]:      1029.52
[3042 sec, 4391416 itr]:      1029.52
[3043 sec, 4392974 itr]:      1029.52
[3044 sec, 4394512 itr]:      1029.52
[3045 sec, 4396162 itr]:      1029.52
[3046 sec, 4397644 itr]:      1029.52
[3047 sec, 4399268 itr]:      1029.52
[ optimality gap      ]:      100.00%
[3048 sec, 4400769 itr]:      1029.52
[3049 sec, 4402332 itr]:      1029.52
[3050 sec, 4402332 itr]:      1029.52
[3051 sec, 4405436 itr]:      1029.52
[3052 sec, 4407046 itr]:      1029.52
[3053 sec, 4408520 itr]:      1029.52
[3054 sec, 4408520 itr]:      1029.52
[3055 sec, 4411638 itr]:      1029.52
[3056 sec, 4413131 itr]:      1029.52
[3057 sec, 4414754 itr]:      1029.52
[ optimality gap      ]:      100.00%
[3058 sec, 4416362 itr]:      1029.52
[3059 sec, 4417876 itr]:      1029.52
[3060 sec, 4419308 itr]:      1029.52
[3061 sec, 4420930 itr]:      1029.52
[3062 sec, 4420930 itr]:      1029.52
[3063 sec, 4424105 itr]:      1029.52
[3064 sec, 4424105 itr]:      1029.52
[3065 sec, 4427240 itr]:      1029.52
[3066 sec, 4428759 itr]:      1029.52
[3067 sec, 4430219 itr]:      1029.52
[ optimality gap      ]:      100.00%
[3068 sec, 4430219 itr]:      1029.52
[3069 sec, 4433315 itr]:      1029.52
[3070 sec, 4434774 itr]:      1029.52
[3071 sec, 4436307 itr]:      1029.52
[3072 sec, 4436307 itr]:      1029.52
[3073 sec, 4439469 itr]:      1029.52
[3074 sec, 4440959 itr]:      1029.52
[3075 sec, 4442569 itr]:      1029.52
[3076 sec, 4442569 itr]:      1029.52
[3077 sec, 4445548 itr]:      1029.52
[ optimality gap      ]:      100.00%
[3078 sec, 4447102 itr]:      1029.52
[3079 sec, 4448683 itr]:      1029.52
[3080 sec, 4450217 itr]:      1029.52
[3081 sec, 4451840 itr]:      1029.52
[3082 sec, 4453340 itr]:      1029.52
[3083 sec, 4454984 itr]:      1029.52
[3084 sec, 4456511 itr]:      1029.52
[3085 sec, 4456511 itr]:      1029.52
[3086 sec, 4458070 itr]:      1029.52
[3087 sec, 4459569 itr]:      1029.52
[ optimality gap      ]:      100.00%
[3088 sec, 4462673 itr]:      1029.52
[3089 sec, 4464206 itr]:      1029.52
[3090 sec, 4464206 itr]:      1029.52
[3091 sec, 4467308 itr]:      1029.52
[3092 sec, 4468907 itr]:      1029.52
[3093 sec, 4470353 itr]:      1029.52
[3094 sec, 4471948 itr]:      1029.52
[3095 sec, 4471948 itr]:      1029.52
[3096 sec, 4475020 itr]:      1029.52
[3097 sec, 4476556 itr]:      1029.52
[ optimality gap      ]:      100.00%
[3098 sec, 4478075 itr]:      1029.52
[3099 sec, 4479633 itr]:      1029.52
[3100 sec, 4481113 itr]:      1029.52
[3101 sec, 4482569 itr]:      1029.52
[3102 sec, 4482569 itr]:      1029.52
[3103 sec, 4485680 itr]:      1029.52
[3104 sec, 4487165 itr]:      1029.52
[3105 sec, 4488684 itr]:      1029.52
[3106 sec, 4490232 itr]:      1029.52
[3107 sec, 4491818 itr]:      1029.52
[ optimality gap      ]:      100.00%
[3108 sec, 4493363 itr]:      1029.52
[3109 sec, 4494873 itr]:      1029.52
[3110 sec, 4496334 itr]:      1029.52
[3111 sec, 4497817 itr]:      1029.52
[3112 sec, 4499353 itr]:      1029.52
[3113 sec, 4500812 itr]:      1029.52
[3114 sec, 4502364 itr]:      1029.52
[3115 sec, 4503991 itr]:      1029.52
[3116 sec, 4505605 itr]:      1029.52
[3117 sec, 4505605 itr]:      1029.52
[ optimality gap      ]:      100.00%
[3118 sec, 4508634 itr]:      1029.52
[3119 sec, 4510175 itr]:      1029.52
[3120 sec, 4511652 itr]:      1029.52
[3121 sec, 4511652 itr]:      1029.52
[3122 sec, 4513212 itr]:      1029.52
[3123 sec, 4516253 itr]:      1029.52
[3124 sec, 4516253 itr]:      1029.52
[3125 sec, 4517868 itr]:      1029.52
[3126 sec, 4520818 itr]:      1029.52
[3127 sec, 4522350 itr]:      1029.52
[ optimality gap      ]:      100.00%
[3128 sec, 4523979 itr]:      1029.52
[3129 sec, 4523979 itr]:      1029.52
[3130 sec, 4526882 itr]:      1029.52
[3131 sec, 4528422 itr]:      1029.52
[3132 sec, 4529959 itr]:      1029.52
[3133 sec, 4529959 itr]:      1029.52
[3134 sec, 4533040 itr]:      1029.52
[3135 sec, 4534661 itr]:      1029.52
[3136 sec, 4536113 itr]:      1029.52
[3137 sec, 4537590 itr]:      1029.52
[ optimality gap      ]:      100.00%
[3138 sec, 4539173 itr]:      1029.52
[3139 sec, 4540654 itr]:      1029.52
[3140 sec, 4542097 itr]:      1029.52
[3141 sec, 4543670 itr]:      1029.52
[3142 sec, 4545191 itr]:      1029.52
[3143 sec, 4545191 itr]:      1029.52
[3144 sec, 4548144 itr]:      1029.52
[3145 sec, 4549719 itr]:      1029.52
[3146 sec, 4551250 itr]:      1029.52
[3147 sec, 4552746 itr]:      1029.52
[ optimality gap      ]:      100.00%
[3148 sec, 4554291 itr]:      1029.52
[3149 sec, 4555824 itr]:      1029.52
[3150 sec, 4557306 itr]:      1029.52
[3151 sec, 4558822 itr]:      1029.52
[3152 sec, 4558822 itr]:      1029.52
[3153 sec, 4561764 itr]:      1029.52
[3154 sec, 4561764 itr]:      1029.52
[3155 sec, 4564868 itr]:      1029.52
[3156 sec, 4566561 itr]:      1029.52
[3157 sec, 4568077 itr]:      1029.52
[ optimality gap      ]:      100.00%
[3158 sec, 4569586 itr]:      1029.52
[3159 sec, 4571198 itr]:      1029.52
[3160 sec, 4572736 itr]:      1029.52
[3161 sec, 4574339 itr]:      1029.52
[3162 sec, 4575927 itr]:      1029.52
[3163 sec, 4577570 itr]:      1029.52
[3164 sec, 4579213 itr]:      1029.52
[3165 sec, 4580897 itr]:      1029.52
[3166 sec, 4582512 itr]:      1029.52
[3167 sec, 4584084 itr]:      1029.52
[ optimality gap      ]:      100.00%
[3168 sec, 4585739 itr]:      1029.52
[3169 sec, 4587362 itr]:      1029.52
[3170 sec, 4588862 itr]:      1029.52
[3171 sec, 4590415 itr]:      1029.52
[3172 sec, 4592026 itr]:      1029.52
[3173 sec, 4593622 itr]:      1029.52
[3174 sec, 4595254 itr]:      1029.52
[3175 sec, 4596828 itr]:      1029.52
[3176 sec, 4598502 itr]:      1029.52
[3177 sec, 4600124 itr]:      1029.52
[ optimality gap      ]:      100.00%
[3178 sec, 4601743 itr]:      1029.52
[3179 sec, 4601743 itr]:      1029.52
[3180 sec, 4605044 itr]:      1029.52
[3181 sec, 4606726 itr]:      1029.52
[3182 sec, 4608350 itr]:      1029.52
[3183 sec, 4608350 itr]:      1029.52
[3184 sec, 4611536 itr]:      1029.52
[3185 sec, 4613263 itr]:      1029.52
[3186 sec, 4614982 itr]:      1029.52
[3187 sec, 4616673 itr]:      1029.52
[ optimality gap      ]:      100.00%
[3188 sec, 4618380 itr]:      1029.52
[3189 sec, 4619980 itr]:      1029.52
[3190 sec, 4621619 itr]:      1029.52
[3191 sec, 4623292 itr]:      1029.52
[3192 sec, 4624934 itr]:      1029.52
[3193 sec, 4626581 itr]:      1029.52
[3194 sec, 4628217 itr]:      1029.52
[3195 sec, 4629907 itr]:      1029.52
[3196 sec, 4631673 itr]:      1029.52
[3197 sec, 4633389 itr]:      1029.52
[ optimality gap      ]:      100.00%
[3198 sec, 4635134 itr]:      1029.52
[3199 sec, 4636922 itr]:      1029.52
[3200 sec, 4638677 itr]:      1029.52
[3201 sec, 4640356 itr]:      1029.52
[3202 sec, 4640356 itr]:      1029.52
[3203 sec, 4643876 itr]:      1029.52
[3204 sec, 4645634 itr]:      1029.52
[3205 sec, 4647393 itr]:      1029.52
[3206 sec, 4649135 itr]:      1029.52
[3207 sec, 4650916 itr]:      1029.52
[ optimality gap      ]:      100.00%
[3208 sec, 4652630 itr]:      1029.52
[3209 sec, 4654389 itr]:      1029.52
[3210 sec, 4656149 itr]:      1029.52
[3211 sec, 4657931 itr]:      1029.52
[3212 sec, 4659747 itr]:      1029.52
[3213 sec, 4661549 itr]:      1029.52
[3214 sec, 4663215 itr]:      1029.52
[3215 sec, 4665075 itr]:      1029.52
[3216 sec, 4666882 itr]:      1029.52
[3217 sec, 4668666 itr]:      1029.52
[ optimality gap      ]:      100.00%
[3218 sec, 4670379 itr]:      1029.52
[3219 sec, 4672117 itr]:      1029.52
[3220 sec, 4673787 itr]:      1029.52
[3221 sec, 4675570 itr]:      1029.52
[3222 sec, 4677345 itr]:      1029.52
[3223 sec, 4679121 itr]:      1029.52
[3224 sec, 4680910 itr]:      1029.52
[3225 sec, 4682663 itr]:      1029.52
[3226 sec, 4684434 itr]:      1029.52
[3227 sec, 4686245 itr]:      1029.52
[ optimality gap      ]:      100.00%
[3228 sec, 4688013 itr]:      1029.52
[3229 sec, 4689748 itr]:      1029.52
[3230 sec, 4691461 itr]:      1029.52
[3231 sec, 4693214 itr]:      1029.52
[3232 sec, 4694885 itr]:      1029.52
[3233 sec, 4696660 itr]:      1029.52
[3234 sec, 4698370 itr]:      1029.52
[3235 sec, 4700115 itr]:      1029.52
[3236 sec, 4701807 itr]:      1029.52
[3237 sec, 4703493 itr]:      1029.52
[ optimality gap      ]:      100.00%
[3238 sec, 4705337 itr]:      1029.52
[3239 sec, 4707021 itr]:      1029.52
[3240 sec, 4708780 itr]:      1029.52
[3241 sec, 4710547 itr]:      1029.52
[3242 sec, 4712381 itr]:      1029.52
[3243 sec, 4714243 itr]:      1029.52
[3244 sec, 4716098 itr]:      1029.52
[3245 sec, 4717769 itr]:      1029.52
[3246 sec, 4719548 itr]:      1029.52
[3247 sec, 4721341 itr]:      1029.52
[ optimality gap      ]:      100.00%
[3248 sec, 4721341 itr]:      1029.52
[3249 sec, 4725113 itr]:      1029.52
[3250 sec, 4727093 itr]:      1029.52
[3251 sec, 4729042 itr]:      1029.52
[3252 sec, 4731060 itr]:      1029.52
[3253 sec, 4733211 itr]:      1029.52
[3254 sec, 4735201 itr]:      1029.52
[3255 sec, 4737128 itr]:      1029.52
[3256 sec, 4739093 itr]:      1029.52
[3257 sec, 4741117 itr]:      1029.52
[ optimality gap      ]:      100.00%
[3258 sec, 4743142 itr]:      1029.52
[3259 sec, 4745181 itr]:      1029.52
[3260 sec, 4747228 itr]:      1029.52
[3261 sec, 4749390 itr]:      1029.52
[3262 sec, 4751512 itr]:      1029.52
[3263 sec, 4753543 itr]:      1029.52
[3264 sec, 4755568 itr]:      1029.52
[3265 sec, 4757668 itr]:      1029.52
[3266 sec, 4759723 itr]:      1029.52
[3267 sec, 4761798 itr]:      1029.52
[ optimality gap      ]:      100.00%
[3268 sec, 4763890 itr]:      1029.52
[3269 sec, 4766303 itr]:      1029.52
[3270 sec, 4768595 itr]:      1029.52
[3271 sec, 4770889 itr]:      1029.52
[3272 sec, 4773015 itr]:      1029.52
[3273 sec, 4775257 itr]:      1029.52
[3274 sec, 4777608 itr]:      1029.52
[3275 sec, 4779852 itr]:      1029.52
[3276 sec, 4782051 itr]:      1029.52
[3277 sec, 4782051 itr]:      1029.52
[ optimality gap      ]:      100.00%
[3278 sec, 4786670 itr]:      1029.52
[3279 sec, 4788959 itr]:      1029.52
[3280 sec, 4791356 itr]:      1029.52
[3281 sec, 4793631 itr]:      1029.52
[3282 sec, 4796057 itr]:      1029.52
[3283 sec, 4798288 itr]:      1029.52
[3284 sec, 4800530 itr]:      1029.52
[3285 sec, 4802814 itr]:      1029.52
[3286 sec, 4804726 itr]:      1029.52
[3287 sec, 4806642 itr]:      1029.52
[ optimality gap      ]:      100.00%
[3288 sec, 4806642 itr]:      1029.52
[3289 sec, 4810736 itr]:      1029.52
[3290 sec, 4810736 itr]:      1029.52
[3291 sec, 4814678 itr]:      1029.52
[3292 sec, 4816804 itr]:      1029.52
[3293 sec, 4816804 itr]:      1029.52
[3294 sec, 4818836 itr]:      1029.52
[3295 sec, 4822991 itr]:      1029.52
[3296 sec, 4822991 itr]:      1029.52
[3297 sec, 4827227 itr]:      1029.52
[ optimality gap      ]:      100.00%
[3298 sec, 4829284 itr]:      1029.52
[3299 sec, 4831543 itr]:      1029.52
[3300 sec, 4833719 itr]:      1029.52
[3301 sec, 4835813 itr]:      1029.52
[3302 sec, 4837784 itr]:      1029.52
[3303 sec, 4839783 itr]:      1029.52
[3304 sec, 4841810 itr]:      1029.52
[3305 sec, 4843895 itr]:      1029.52
[3306 sec, 4846092 itr]:      1029.52
[3307 sec, 4848117 itr]:      1029.52
[ optimality gap      ]:      100.00%
[3308 sec, 4848117 itr]:      1029.52
[3309 sec, 4850140 itr]:      1029.52
[3310 sec, 4852180 itr]:      1029.52
[3311 sec, 4854218 itr]:      1029.52
[3312 sec, 4858267 itr]:      1029.52
[3313 sec, 4858267 itr]:      1029.52
[3314 sec, 4862466 itr]:      1029.52
[3315 sec, 4864396 itr]:      1029.52
[3316 sec, 4866372 itr]:      1029.52
[3317 sec, 4868318 itr]:      1029.52
[ optimality gap      ]:      100.00%
[3318 sec, 4870352 itr]:      1029.52
[3319 sec, 4872436 itr]:      1029.52
[3320 sec, 4872436 itr]:      1029.52
[3321 sec, 4876559 itr]:      1029.52
[3322 sec, 4878643 itr]:      1029.52
[3323 sec, 4880561 itr]:      1029.52
[3324 sec, 4880561 itr]:      1029.52
[3325 sec, 4884510 itr]:      1029.52
[3326 sec, 4886510 itr]:      1029.52
[3327 sec, 4888514 itr]:      1029.52
[ optimality gap      ]:      100.00%
[3328 sec, 4888514 itr]:      1029.52
[3329 sec, 4892412 itr]:      1029.52
[3330 sec, 4894296 itr]:      1029.52
[3331 sec, 4894296 itr]:      1029.52
[3332 sec, 4898240 itr]:      1029.52
[3333 sec, 4898240 itr]:      1029.52
[3334 sec, 4901981 itr]:      1029.52
[3335 sec, 4903948 itr]:      1029.52
[3336 sec, 4905786 itr]:      1029.52
[3337 sec, 4907745 itr]:      1029.52
[ optimality gap      ]:      100.00%
[3338 sec, 4907745 itr]:      1029.52
[3339 sec, 4911556 itr]:      1029.52
[3340 sec, 4913564 itr]:      1029.52
[3341 sec, 4915535 itr]:      1029.52
[3342 sec, 4915535 itr]:      1029.52
[3343 sec, 4919549 itr]:      1029.52
[3344 sec, 4919549 itr]:      1029.52
[3345 sec, 4921395 itr]:      1029.52
[3346 sec, 4925348 itr]:      1029.52
[3347 sec, 4925348 itr]:      1029.52
[ optimality gap      ]:      100.00%
[3348 sec, 4927385 itr]:      1029.52
[3349 sec, 4931269 itr]:      1029.52
[3350 sec, 4933162 itr]:      1029.52
[3351 sec, 4935122 itr]:      1029.52
[3352 sec, 4936998 itr]:      1029.52
[3353 sec, 4938910 itr]:      1029.52
[3354 sec, 4940951 itr]:      1029.52
[3355 sec, 4942874 itr]:      1029.52
[3356 sec, 4944835 itr]:      1029.52
[3357 sec, 4946744 itr]:      1029.52
[ optimality gap      ]:      100.00%
[3358 sec, 4948795 itr]:      1029.52
[3359 sec, 4950613 itr]:      1029.52
[3360 sec, 4952553 itr]:      1029.52
[3361 sec, 4954474 itr]:      1029.52
[3362 sec, 4956442 itr]:      1029.52
[3363 sec, 4958397 itr]:      1029.52
[3364 sec, 4960345 itr]:      1029.52
[3365 sec, 4962354 itr]:      1029.52
[3366 sec, 4964287 itr]:      1029.52
[3367 sec, 4966281 itr]:      1029.52
[ optimality gap      ]:      100.00%
[3368 sec, 4968332 itr]:      1029.52
[3369 sec, 4968332 itr]:      1029.52
[3370 sec, 4972472 itr]:      1029.52
[3371 sec, 4974490 itr]:      1029.52
[3372 sec, 4976428 itr]:      1029.52
[3373 sec, 4978327 itr]:      1029.52
[3374 sec, 4980397 itr]:      1029.52
[3375 sec, 4982304 itr]:      1029.52
[3376 sec, 4984210 itr]:      1029.52
[3377 sec, 4984210 itr]:      1029.52
[ optimality gap      ]:      100.00%
[3378 sec, 4988205 itr]:      1029.52
[3379 sec, 4990132 itr]:      1029.52
[3380 sec, 4992153 itr]:      1029.52
[3381 sec, 4994068 itr]:      1029.52
[3382 sec, 4994068 itr]:      1029.52
[3383 sec, 4997668 itr]:      1029.52
[3384 sec, 4999599 itr]:      1029.52
[3385 sec, 5001676 itr]:      1029.52
[3386 sec, 5003714 itr]:      1029.52
[3387 sec, 5005591 itr]:      1029.52
[ optimality gap      ]:      100.00%
[3388 sec, 5007600 itr]:      1029.52
[3389 sec, 5009430 itr]:      1029.52
[3390 sec, 5011350 itr]:      1029.52
[3391 sec, 5013093 itr]:      1029.52
[3392 sec, 5013093 itr]:      1029.52
[3393 sec, 5017016 itr]:      1029.52
[3394 sec, 5018980 itr]:      1029.52
[3395 sec, 5018980 itr]:      1029.52
[3396 sec, 5020885 itr]:      1029.52
[3397 sec, 5024917 itr]:      1029.52
[ optimality gap      ]:      100.00%
[3398 sec, 5024917 itr]:      1029.52
[3399 sec, 5028482 itr]:      1029.52
[3400 sec, 5028482 itr]:      1029.52
[3401 sec, 5032358 itr]:      1029.52
[3402 sec, 5034350 itr]:      1029.52
[3403 sec, 5036213 itr]:      1029.52
[3404 sec, 5036213 itr]:      1029.52
[3405 sec, 5040036 itr]:      1029.52
[3406 sec, 5042058 itr]:      1029.52
[3407 sec, 5043967 itr]:      1029.52
[ optimality gap      ]:      100.00%
[3408 sec, 5045966 itr]:      1029.52
[3409 sec, 5047886 itr]:      1029.52
[3410 sec, 5049894 itr]:      1029.52
[3411 sec, 5051813 itr]:      1029.52
[3412 sec, 5053889 itr]:      1029.52
[3413 sec, 5053889 itr]:      1029.52
[3414 sec, 5057935 itr]:      1029.52
[3415 sec, 5059916 itr]:      1029.52
[3416 sec, 5059916 itr]:      1029.52
[3417 sec, 5061755 itr]:      1029.52
[ optimality gap      ]:      100.00%
[3418 sec, 5065549 itr]:      1029.52
[3419 sec, 5067507 itr]:      1029.52
[3420 sec, 5069400 itr]:      1029.52
[3421 sec, 5071242 itr]:      1029.52
[3422 sec, 5071242 itr]:      1029.52
[3423 sec, 5073112 itr]:      1029.52
[3424 sec, 5075033 itr]:      1029.52
[3425 sec, 5078948 itr]:      1029.52
[3426 sec, 5078948 itr]:      1029.52
[3427 sec, 5082804 itr]:      1029.52
[ optimality gap      ]:      100.00%
[3428 sec, 5084782 itr]:      1029.52
[3429 sec, 5086734 itr]:      1029.52
[3430 sec, 5088640 itr]:      1029.52
[3431 sec, 5088640 itr]:      1029.52
[3432 sec, 5092500 itr]:      1029.52
[3433 sec, 5092500 itr]:      1029.52
[3434 sec, 5096331 itr]:      1029.52
[3435 sec, 5096331 itr]:      1029.52
[3436 sec, 5100349 itr]:      1029.52
[3437 sec, 5102304 itr]:      1029.52
[ optimality gap      ]:      100.00%
[3438 sec, 5104198 itr]:      1029.52
[3439 sec, 5106207 itr]:      1029.52
[3440 sec, 5106207 itr]:      1029.52
[3441 sec, 5110306 itr]:      1029.52
[3442 sec, 5112378 itr]:      1029.52
[3443 sec, 5114345 itr]:      1029.52
[3444 sec, 5116359 itr]:      1029.52
[3445 sec, 5118330 itr]:      1029.52
[3446 sec, 5118330 itr]:      1029.52
[3447 sec, 5122264 itr]:      1029.52
[ optimality gap      ]:      100.00%
[3448 sec, 5124195 itr]:      1029.52
[3449 sec, 5126286 itr]:      1029.52
[3450 sec, 5128218 itr]:      1029.52
[3451 sec, 5130277 itr]:      1029.52
[3452 sec, 5130277 itr]:      1029.52
[3453 sec, 5134467 itr]:      1029.52
[3454 sec, 5136402 itr]:      1029.52
[3455 sec, 5138241 itr]:      1029.52
[3456 sec, 5140185 itr]:      1029.52
[3457 sec, 5142045 itr]:      1029.52
[ optimality gap      ]:      100.00%
[3458 sec, 5143989 itr]:      1029.52
[3459 sec, 5145992 itr]:      1029.52
[3460 sec, 5147887 itr]:      1029.52
[3461 sec, 5149780 itr]:      1029.52
[3462 sec, 5151810 itr]:      1029.52
[3463 sec, 5153802 itr]:      1029.52
[3464 sec, 5155782 itr]:      1029.52
[3465 sec, 5155782 itr]:      1029.52
[3466 sec, 5159831 itr]:      1029.52
[3467 sec, 5161782 itr]:      1029.52
[ optimality gap      ]:      100.00%
[3468 sec, 5163688 itr]:      1029.52
[3469 sec, 5163688 itr]:      1029.52
[3470 sec, 5167599 itr]:      1029.52
[3471 sec, 5167599 itr]:      1029.52
[3472 sec, 5171635 itr]:      1029.52
[3473 sec, 5173862 itr]:      1029.52
[3474 sec, 5175898 itr]:      1029.52
[3475 sec, 5177964 itr]:      1029.52
[3476 sec, 5179922 itr]:      1029.52
[3477 sec, 5179922 itr]:      1029.52
[ optimality gap      ]:      100.00%
[3478 sec, 5183895 itr]:      1029.52
[3479 sec, 5185998 itr]:      1029.52
[3480 sec, 5185998 itr]:      1029.52
[3481 sec, 5190111 itr]:      1029.52
[3482 sec, 5190111 itr]:      1029.52
[3483 sec, 5192165 itr]:      1029.52
[3484 sec, 5196189 itr]:      1029.52
[3485 sec, 5198197 itr]:      1029.52
[3486 sec, 5200320 itr]:      1029.52
[3487 sec, 5202578 itr]:      1029.52
[ optimality gap      ]:      100.00%
[3488 sec, 5204815 itr]:      1029.52
[3489 sec, 5207204 itr]:      1029.52
[3490 sec, 5209491 itr]:      1029.52
[3491 sec, 5211370 itr]:      1029.52
[3492 sec, 5213529 itr]:      1029.52
[3493 sec, 5215470 itr]:      1029.52
[3494 sec, 5217513 itr]:      1029.52
[3495 sec, 5219455 itr]:      1029.52
[3496 sec, 5221447 itr]:      1029.52
[3497 sec, 5221447 itr]:      1029.52
[ optimality gap      ]:      100.00%
[3498 sec, 5225350 itr]:      1029.52
[3499 sec, 5227308 itr]:      1029.52
[3500 sec, 5229286 itr]:      1029.52
[3501 sec, 5231319 itr]:      1029.52
[3502 sec, 5233263 itr]:      1029.52
[3503 sec, 5235198 itr]:      1029.52
[3504 sec, 5235198 itr]:      1029.52
[3505 sec, 5237012 itr]:      1029.52
[3506 sec, 5240959 itr]:      1029.52
[3507 sec, 5240959 itr]:      1029.52
[ optimality gap      ]:      100.00%
[3508 sec, 5244879 itr]:      1029.52
[3509 sec, 5246950 itr]:      1029.52
[3510 sec, 5248978 itr]:      1029.52
[3511 sec, 5248978 itr]:      1029.52
[3512 sec, 5250846 itr]:      1029.52
[3513 sec, 5254576 itr]:      1029.52
[3514 sec, 5254576 itr]:      1029.52
[3515 sec, 5258438 itr]:      1029.52
[3516 sec, 5260393 itr]:      1029.52
[3517 sec, 5262385 itr]:      1029.52
[ optimality gap      ]:      100.00%
[3518 sec, 5264361 itr]:      1029.52
[3519 sec, 5266295 itr]:      1029.52
[3520 sec, 5268120 itr]:      1029.52
[3521 sec, 5268120 itr]:      1029.52
[3522 sec, 5272085 itr]:      1029.52
[3523 sec, 5274066 itr]:      1029.52
[3524 sec, 5275983 itr]:      1029.52
[3525 sec, 5277944 itr]:      1029.52
[3526 sec, 5277944 itr]:      1029.52
[3527 sec, 5281815 itr]:      1029.52
[ optimality gap      ]:      100.00%
[3528 sec, 5283843 itr]:      1029.52
[3529 sec, 5285763 itr]:      1029.52
[3530 sec, 5287757 itr]:      1029.52
[3531 sec, 5289677 itr]:      1029.52
[3532 sec, 5291549 itr]:      1029.52
[3533 sec, 5293452 itr]:      1029.52
[3534 sec, 5295537 itr]:      1029.52
[3535 sec, 5295537 itr]:      1029.52
[3536 sec, 5299492 itr]:      1029.52
[3537 sec, 5301549 itr]:      1029.52
[ optimality gap      ]:      100.00%
[3538 sec, 5303614 itr]:      1029.52
[3539 sec, 5305627 itr]:      1029.52
[3540 sec, 5307611 itr]:      1029.52
[3541 sec, 5307611 itr]:      1029.52
[3542 sec, 5311573 itr]:      1029.52
[3543 sec, 5313586 itr]:      1029.52
[3544 sec, 5315634 itr]:      1029.52
[3545 sec, 5315634 itr]:      1029.52
[3546 sec, 5319496 itr]:      1029.52
[3547 sec, 5321450 itr]:      1029.52
[ optimality gap      ]:      100.00%
[3548 sec, 5323553 itr]:      1029.52
[3549 sec, 5323553 itr]:      1029.52
[3550 sec, 5327760 itr]:      1029.52
[3551 sec, 5329826 itr]:      1029.52
[3552 sec, 5331835 itr]:      1029.52
[3553 sec, 5333876 itr]:      1029.52
[3554 sec, 5335908 itr]:      1029.52
[3555 sec, 5337797 itr]:      1029.52
[3556 sec, 5339690 itr]:      1029.52
[3557 sec, 5341699 itr]:      1029.52
[ optimality gap      ]:      100.00%
[3558 sec, 5341699 itr]:      1029.52
[3559 sec, 5345734 itr]:      1029.52
[3560 sec, 5347623 itr]:      1029.52
[3561 sec, 5349419 itr]:      1029.52
[3562 sec, 5351343 itr]:      1029.52
[3563 sec, 5353210 itr]:      1029.52
[3564 sec, 5353210 itr]:      1029.52
[3565 sec, 5357180 itr]:      1029.52
[3566 sec, 5359086 itr]:      1029.52
[3567 sec, 5361023 itr]:      1029.52
[ optimality gap      ]:      100.00%
[3568 sec, 5363299 itr]:      1029.52
[3569 sec, 5365424 itr]:      1029.52
[3570 sec, 5367583 itr]:      1029.52
[3571 sec, 5369528 itr]:      1029.52
[3572 sec, 5371427 itr]:      1029.52
[3573 sec, 5373238 itr]:      1029.52
[3574 sec, 5375136 itr]:      1029.52
[3575 sec, 5376949 itr]:      1029.52
[3576 sec, 5378876 itr]:      1029.52
[3577 sec, 5380796 itr]:      1029.52
[ optimality gap      ]:      100.00%
[3578 sec, 5382762 itr]:      1029.52
[3579 sec, 5384661 itr]:      1029.52
[3580 sec, 5386522 itr]:      1029.52
[3581 sec, 5388473 itr]:      1029.52
[3582 sec, 5390405 itr]:      1029.52
[3583 sec, 5392267 itr]:      1029.52
[3584 sec, 5394059 itr]:      1029.52
[3585 sec, 5396136 itr]:      1029.52
[3586 sec, 5396136 itr]:      1029.52
[3587 sec, 5399961 itr]:      1029.52
[ optimality gap      ]:      100.00%
[3588 sec, 5399961 itr]:      1029.52
[3589 sec, 5403812 itr]:      1029.52
[3590 sec, 5403812 itr]:      1029.52
[3591 sec, 5407716 itr]:      1029.52
[3592 sec, 5409555 itr]:      1029.52
[3593 sec, 5411519 itr]:      1029.52
[3594 sec, 5413475 itr]:      1029.52
[3595 sec, 5413475 itr]:      1029.52
[3596 sec, 5417400 itr]:      1029.52
[3597 sec, 5417400 itr]:      1029.52
[ optimality gap      ]:      100.00%
[3598 sec, 5421209 itr]:      1029.52
[3599 sec, 5423149 itr]:      1029.52
[3600 sec, 5425128 itr]:      1029.52
[3600 sec, 5425128 itr]:      1029.52
[ optimality gap      ]:      100.00%

5425128 iterations performed in 3600 seconds

Feasible solution: 
  obj    =      1029.52
  gap    =      100.00%
  bounds =            0
Time limit reached, but a feasible solution is available
  objective value = 1029.515569539406
  status = HxSolutionStatus.FEASIBLE, iterations = 5425128, time = 3600.00s, gap = 100.00%

[22:11:18.360577] Saving solution to file: /dados/rmelo/PDPTW-SE/benchmark_multi_island_v5/official_experiments/mip_hexaly/set_02_pt_04/logs/form_melo_hx/solutions/10R_10V_04I_04M/lr205_sol_genconfig_melo_hx.txt

[22:11:18] Saving solution timeline to file: /dados/rmelo/PDPTW-SE/benchmark_multi_island_v5/official_experiments/mip_hexaly/set_02_pt_04/logs/form_melo_hx/timelines/10R_10V_04I_04M/lr205_timeline_genconfig_melo_hx.txt

[23/09/2025 22:11:18] Writing results to CSV: /dados/rmelo/PDPTW-SE/benchmark_multi_island_v5/official_experiments/mip_hexaly/set_02_pt_04/logs/form_melo_hx/outputs/csvresults_form_melo_hx.csv
---------------------| VEHICLES |---------------------

Vehicle 4 :
	id: 0
			node: 0
			(x, y, z): (35, 35, 0)
			dem: 0
			earl: 0
			lat: 1000
			servt: 0
			pid: 0
			did: 0
			servST: 260.7711176709745
			(h, h_ind): (-1, -1)
			load: 0.0
			
	Finished service at time: 260.7711176709745
	
	Using Machine: 1
			Task 0 -> Machine 1 (Station 0): 3.16
			Vehicle arrival at machine station: 263.9311176709745
			Waiting time until machine travel: -0.0
			Machine travel start time: 263.930737441399
			Region 0 -> Region 1: 23.35
			Machine arrival at machine station: 287.280737441399
			
			Machine 1 (Station 1)-> Task 11: 11.31
			Vehicle arrival at task: 298.590737441399
			Waiting time until service start time: -0.0
			
	id: 11
			node: 6
			(x, y, z): (20, 65, 1)
			dem: 12
			earl: 146
			lat: 386
			servt: 10
			pid: 0
			did: 24
			servST: 298.59073744139886
			(h, h_ind): (1, 0)
			load: 12.0
			
	Finished service at time: 308.59073744139886
	
	Using Machine: 2
			Task 11 -> Machine 2 (Station 1): 12.04
			Vehicle arrival at machine station: 320.6307374413989
			Waiting time until machine travel: -0.0
			Machine travel start time: 320.6307374413988
			Region 1 -> Region 0: 25.63
			Machine arrival at machine station: 346.2607374413988
			
			Machine 2 (Station 0)-> Task 6: 12.17
			Vehicle arrival at task: 358.43073744139883
			Waiting time until service start time: 0.0
			
	id: 6
			node: 3
			(x, y, z): (25, 30, 0)
			dem: 3
			earl: 345
			lat: 585
			servt: 10
			pid: 0
			did: 22
			servST: 358.430737441399
			(h, h_ind): (2, 0)
			load: 15.0
			
	Finished service at time: 368.430737441399
	
	Using Machine: 0
			Task 6 -> Machine 0 (Station 0): 11.4
			Vehicle arrival at machine station: 379.830737441399
			Waiting time until machine travel: 0.0
			Machine travel start time: 379.83079952875136
			Region 0 -> Region 2: 16.97
			Machine arrival at machine station: 396.8007995287513
			
			Machine 0 (Station 2)-> Task 12: 10.2
			Vehicle arrival at task: 407.0007995287513
			Waiting time until service start time: -0.0
			
	id: 12
			node: 7
			(x, y, z): (50, 35, 2)
			dem: 19
			earl: 167
			lat: 407
			servt: 10
			pid: 0
			did: 66
			servST: 407.0
			(h, h_ind): (0, 0)
			load: 34.0
			
	Finished service at time: 417.0
	
	Using Machine: 0
			Task 12 -> Machine 0 (Station 2): 10.2
			Vehicle arrival at machine station: 427.2
			Waiting time until machine travel: 2.37
			Machine travel start time: 429.56919393702026
			Region 2 -> Region 0: 16.97
			Machine arrival at machine station: 446.5391939370203
			
			Machine 0 (Station 0)-> Task 22: 24.7
			Vehicle arrival at task: 471.2391939370203
			Waiting time until service start time: 28.43
			
	id: 22
			node: 13
			(x, y, z): (45, 10, 0)
			dem: -3
			earl: 332
			lat: 572
			servt: 10
			pid: 6
			did: 0
			servST: 499.6710518749127
			(h, h_ind): (0, 1)
			load: 31.0
			
	Finished service at time: 509.6710518749127
	
	Using Machine: 0
			Task 22 -> Machine 0 (Station 0): 24.7
			Vehicle arrival at machine station: 534.3710518749127
			Waiting time until machine travel: -0.0
			Machine travel start time: 534.3710518749125
			Region 0 -> Region 3: 32.89
			Machine arrival at machine station: 567.2610518749125
			
			Machine 0 (Station 3)-> Task 66: 9.22
			Vehicle arrival at task: 576.4810518749125
			Waiting time until service start time: 0.0
			
	id: 66
			node: 17
			(x, y, z): (49, 73, 3)
			dem: -19
			earl: 523
			lat: 763
			servt: 10
			pid: 12
			did: 0
			servST: 576.4810518749126
			(h, h_ind): (0, 2)
			load: 12.0
			
	Finished service at time: 586.4810518749126
	
	Using Machine: 0
			Task 66 -> Machine 0 (Station 3): 9.22
			Vehicle arrival at machine station: 595.7010518749127
			Waiting time until machine travel: 18.5
			Machine travel start time: 614.2055170972711
			Region 3 -> Region 2: 19.03
			Machine arrival at machine station: 633.2355170972711
			
			Machine 0 (Station 2)-> Task 24: 19.72
			Vehicle arrival at task: 652.9555170972711
			Waiting time until service start time: 3.04
			
	id: 24
			node: 16
			(x, y, z): (65, 35, 2)
			dem: -12
			earl: 656
			lat: 896
			servt: 10
			pid: 11
			did: 0
			servST: 656.0
			(h, h_ind): (0, 3)
			load: 0.0
			
	Finished service at time: 666.0
	
	Using Machine: 0
			Task 24 -> Machine 0 (Station 2): 19.72
			Vehicle arrival at machine station: 685.72
			Waiting time until machine travel: -0.0
			Machine travel start time: 685.7186346315724
			Region 2 -> Region 0: 16.97
			Machine arrival at machine station: 702.6886346315724
			
			Machine 0 (Station 0)-> Task 0: 2.24
			Vehicle arrival at task: 704.9286346315724
			Waiting time until service start time: 0.0
			
	id: 0
			node: 21
			(x, y, z): (35, 35, 0)
			dem: 0
			earl: 0
			lat: 1000
			servt: 0
			pid: 0
			did: 0
			servST: 704.9286346315724
			(h, h_ind): (0, 4)
			load: 0.0
			

Vehicle 9 :
	id: 0
			node: 0
			(x, y, z): (35, 35, 0)
			dem: 0
			earl: 0
			lat: 1000
			servt: 0
			pid: 0
			did: 0
			servST: 185.62048512471875
			(h, h_ind): (-1, -1)
			load: 0.0
			
	Finished service at time: 185.62048512471875
	
	Task 0 -> Task 14: 32.02
	Vehicle arrival at task: 217.64048512471877
	Waiting time until service start time: 0.0
	
	id: 14
			node: 8
			(x, y, z): (15, 10, 0)
			dem: 20
			earl: 32
			lat: 272
			servt: 10
			pid: 0
			did: 16
			servST: 217.64048512471877
			(h, h_ind): (-1, -1)
			load: 20.0
			
	Finished service at time: 227.64048512471877
	
	Task 14 -> Task 16: 11.18
	Vehicle arrival at task: 238.82048512471877
	Waiting time until service start time: 0.0
	
	id: 16
			node: 18
			(x, y, z): (10, 20, 0)
			dem: -20
			earl: 203
			lat: 443
			servt: 10
			pid: 14
			did: 0
			servST: 238.8205196413486
			(h, h_ind): (-1, -1)
			load: 0.0
			
	Finished service at time: 248.8205196413486
	
	Task 16 -> Task 5: 11.18
	Vehicle arrival at task: 260.0005196413486
	Waiting time until service start time: -0.0
	
	id: 5
			node: 2
			(x, y, z): (15, 30, 0)
			dem: 26
			earl: 20
			lat: 260
			servt: 10
			pid: 0
			did: 53
			servST: 260.0
			(h, h_ind): (-1, -1)
			load: 26.0
			
	Finished service at time: 270.0
	
	Using Machine: 1
			Task 5 -> Machine 1 (Station 0): 17.46
			Vehicle arrival at machine station: 287.46
			Waiting time until machine travel: 23.26
			Machine travel start time: 310.7233830187272
			Region 0 -> Region 1: 23.35
			Machine arrival at machine station: 334.0733830187272
			
			Machine 1 (Station 1)-> Task 18: 18.79
			Vehicle arrival at task: 352.86338301872723
			Waiting time until service start time: 0.11
			
	id: 18
			node: 9
			(x, y, z): (20, 40, 1)
			dem: 12
			earl: 286
			lat: 526
			servt: 10
			pid: 0
			did: 74
			servST: 352.9727858415347
			(h, h_ind): (1, 1)
			load: 38.0
			
	Finished service at time: 362.9727858415347
	
	Task 18 -> Task 7: 10.0
	Vehicle arrival at task: 372.9727858415347
	Waiting time until service start time: 0.86
	
	id: 7
			node: 4
			(x, y, z): (20, 50, 1)
			dem: 5
			earl: 251
			lat: 491
			servt: 10
			pid: 0
			did: 99
			servST: 373.83514412412603
			(h, h_ind): (-1, -1)
			load: 43.0
			
	Finished service at time: 383.83514412412603
	
	Using Machine: 3
			Task 7 -> Machine 3 (Station 1): 8.6
			Vehicle arrival at machine station: 392.43514412412605
			Waiting time until machine travel: -0.0
			Machine travel start time: 392.43514412412594
			Region 1 -> Region 0: 21.21
			Machine arrival at machine station: 413.6451441241259
			
			Machine 3 (Station 0)-> Task 99: 12.81
			Vehicle arrival at task: 426.4551441241259
			Waiting time until service start time: 0.01
			
	id: 99
			node: 14
			(x, y, z): (20, 26, 0)
			dem: -5
			earl: 263
			lat: 503
			servt: 10
			pid: 7
			did: 0
			servST: 426.46767063836137
			(h, h_ind): (3, 0)
			load: 38.0
			
	Finished service at time: 436.46767063836137
	
	Task 99 -> Task 53: 17.72
	Vehicle arrival at task: 454.1876706383614
	Waiting time until service start time: 0.0
	
	id: 53
			node: 12
			(x, y, z): (37, 31, 0)
			dem: -26
			earl: 332
			lat: 572
			servt: 10
			pid: 5
			did: 0
			servST: 454.1876706383614
			(h, h_ind): (-1, -1)
			load: 12.0
			
	Finished service at time: 464.1876706383614
	
	Using Machine: 2
			Task 53 -> Machine 2 (Station 0): 1.0
			Vehicle arrival at machine station: 465.1876706383614
			Waiting time until machine travel: 0.0
			Machine travel start time: 465.1876706383614
			Region 0 -> Region 1: 25.63
			Machine arrival at machine station: 490.8176706383614
			
			Machine 2 (Station 1)-> Task 10: 4.47
			Vehicle arrival at task: 495.2876706383614
			Waiting time until service start time: 0.05
			
	id: 10
			node: 5
			(x, y, z): (30, 60, 1)
			dem: 16
			earl: 485
			lat: 725
			servt: 10
			pid: 0
			did: 17
			servST: 495.3373551524145
			(h, h_ind): (2, 1)
			load: 28.0
			
	Finished service at time: 505.3373551524145
	
	Using Machine: 2
			Task 10 -> Machine 2 (Station 1): 4.47
			Vehicle arrival at machine station: 509.8073551524145
			Waiting time until machine travel: 0.01
			Machine travel start time: 509.8165061834316
			Region 1 -> Region 3: 21.19
			Machine arrival at machine station: 531.0065061834316
			
			Machine 2 (Station 3)-> Task 20: 3.61
			Vehicle arrival at task: 534.6165061834316
			Waiting time until service start time: 0.02
			
	id: 20
			node: 10
			(x, y, z): (45, 65, 3)
			dem: 9
			earl: 504
			lat: 744
			servt: 10
			pid: 0
			did: 9
			servST: 534.640923015225
			(h, h_ind): (2, 2)
			load: 37.0
			
	Finished service at time: 544.640923015225
	
	Task 20 -> Task 9: 11.18
	Vehicle arrival at task: 555.8209230152249
	Waiting time until service start time: 0.0
	
	id: 9
			node: 20
			(x, y, z): (55, 60, 3)
			dem: -9
			earl: 329
			lat: 569
			servt: 10
			pid: 20
			did: 0
			servST: 555.8233022532255
			(h, h_ind): (-1, -1)
			load: 28.0
			
	Finished service at time: 565.8233022532255
	
	Using Machine: 3
			Task 9 -> Machine 3 (Station 3): 6.71
			Vehicle arrival at machine station: 572.5333022532255
			Waiting time until machine travel: 3.42
			Machine travel start time: 575.9530302713604
			Region 3 -> Region 2: 20.02
			Machine arrival at machine station: 595.9730302713604
			
			Machine 3 (Station 2)-> Task 3: 7.28
			Vehicle arrival at task: 603.2530302713603
			Waiting time until service start time: 0.06
			
	id: 3
			node: 1
			(x, y, z): (55, 45, 2)
			dem: 13
			earl: 436
			lat: 676
			servt: 10
			pid: 0
			did: 50
			servST: 603.3149183774086
			(h, h_ind): (3, 1)
			load: 41.0
			
	Finished service at time: 613.3149183774086
	
	Task 3 -> Task 50: 8.25
	Vehicle arrival at task: 621.5649183774086
	Waiting time until service start time: 0.03
	
	id: 50
			node: 11
			(x, y, z): (47, 47, 2)
			dem: -13
			earl: 475
			lat: 715
			servt: 10
			pid: 3
			did: 0
			servST: 621.5978947181795
			(h, h_ind): (-1, -1)
			load: 28.0
			
	Finished service at time: 631.5978947181795
	
	Using Machine: 1
			Task 50 -> Machine 1 (Station 2): 2.24
			Vehicle arrival at machine station: 633.8378947181795
			Waiting time until machine travel: 0.04
			Machine travel start time: 633.8815851030851
			Region 2 -> Region 0: 20.81
			Machine arrival at machine station: 654.691585103085
			
			Machine 1 (Station 0)-> Task 17: 27.29
			Vehicle arrival at task: 681.981585103085
			Waiting time until service start time: 0.02
			
	id: 17
			node: 15
			(x, y, z): (5, 30, 0)
			dem: -16
			earl: 682
			lat: 922
			servt: 10
			pid: 10
			did: 0
			servST: 682.0
			(h, h_ind): (1, 2)
			load: 12.0
			
	Finished service at time: 692.0
	
	Task 17 -> Task 74: 44.38
	Vehicle arrival at task: 736.38
	Waiting time until service start time: -0.0
	
	id: 74
			node: 19
			(x, y, z): (46, 13, 0)
			dem: -12
			earl: 622
			lat: 862
			servt: 10
			pid: 18
			did: 0
			servST: 736.3785377035266
			(h, h_ind): (-1, -1)
			load: 0.0
			
	Finished service at time: 746.3785377035266
	
	Task 74 -> Task 0: 24.6
	Vehicle arrival at task: 770.9785377035266
	Waiting time until service start time: 0.0
	
	id: 0
			node: 21
			(x, y, z): (35, 35, 0)
			dem: 0
			earl: 0
			lat: 1000
			servt: 0
			pid: 0
			did: 0
			servST: 770.9785377035266
			(h, h_ind): (-1, -1)
			load: 0.0
			

---------------------| MACHINES |---------------------

Machine 0 :
	setup duration: 0.0
	
	vehicle: 4
	vehicleInd: 3
	(orig, dest): (3, 7)
	(origID, destID): (6, 12)
	(origRegion, destRegion): (0, 2)
	st: 379.83079952875136
	duration: 16.97
	
	setup duration: 0.0
	
	vehicle: 4
	vehicleInd: 4
	(orig, dest): (7, 13)
	(origID, destID): (12, 22)
	(origRegion, destRegion): (2, 0)
	st: 429.56919393702026
	duration: 16.97
	
	setup duration: 0.0
	
	vehicle: 4
	vehicleInd: 5
	(orig, dest): (13, 17)
	(origID, destID): (22, 66)
	(origRegion, destRegion): (0, 3)
	st: 534.3710518749125
	duration: 32.89
	
	setup duration: 0.0
	
	vehicle: 4
	vehicleInd: 6
	(orig, dest): (17, 16)
	(origID, destID): (66, 24)
	(origRegion, destRegion): (3, 2)
	st: 614.2055170972711
	duration: 19.03
	
	setup duration: 0.0
	
	vehicle: 4
	vehicleInd: 7
	(orig, dest): (16, 21)
	(origID, destID): (24, 0)
	(origRegion, destRegion): (2, 0)
	st: 685.7186346315724
	duration: 16.97
	

Machine 1 :
	setup duration: 0.0
	
	vehicle: 4
	vehicleInd: 1
	(orig, dest): (0, 6)
	(origID, destID): (0, 11)
	(origRegion, destRegion): (0, 1)
	st: 263.930737441399
	duration: 23.35
	
	setup duration: 23.35
	
	vehicle: 9
	vehicleInd: 4
	(orig, dest): (2, 9)
	(origID, destID): (5, 18)
	(origRegion, destRegion): (0, 1)
	st: 310.7233830187272
	duration: 23.35
	
	setup duration: 23.71
	
	vehicle: 9
	vehicleInd: 13
	(orig, dest): (11, 15)
	(origID, destID): (50, 17)
	(origRegion, destRegion): (2, 0)
	st: 633.8815851030851
	duration: 20.81
	

Machine 2 :
	setup duration: 25.63
	
	vehicle: 4
	vehicleInd: 2
	(orig, dest): (6, 3)
	(origID, destID): (11, 6)
	(origRegion, destRegion): (1, 0)
	st: 320.6307374413988
	duration: 25.63
	
	setup duration: 0.0
	
	vehicle: 9
	vehicleInd: 8
	(orig, dest): (12, 5)
	(origID, destID): (53, 10)
	(origRegion, destRegion): (0, 1)
	st: 465.1876706383614
	duration: 25.63
	
	setup duration: 0.0
	
	vehicle: 9
	vehicleInd: 9
	(orig, dest): (5, 10)
	(origID, destID): (10, 20)
	(origRegion, destRegion): (1, 3)
	st: 509.8165061834316
	duration: 21.19
	

Machine 3 :
	setup duration: 21.21
	
	vehicle: 9
	vehicleInd: 6
	(orig, dest): (4, 14)
	(origID, destID): (7, 99)
	(origRegion, destRegion): (1, 0)
	st: 392.43514412412594
	duration: 21.21
	
	setup duration: 34.67
	
	vehicle: 9
	vehicleInd: 11
	(orig, dest): (20, 1)
	(origID, destID): (9, 3)
	(origRegion, destRegion): (3, 2)
	st: 575.9530302713604
	duration: 20.02
	

-------------------| COMPL. TIMES |-------------------

Vehicle 0 : -0.0
Vehicle 1 : 0.0
Vehicle 2 : 0.0
Vehicle 3 : 0.0
Vehicle 4 : 444.15752
Vehicle 5 : 0.0
Vehicle 6 : 0.0
Vehicle 7 : 0.0
Vehicle 8 : 0.0
Vehicle 9 : 585.35805
-------------------| STATISTICS |-------------------

    Vehicles used                           : 20.0
    Machines used                           : 100.0
    Max load (vehicles)                     : 100.0
    Min load (vehicles)                     : 65.3846
    Mean load (vehicles)                    : 82.6923
    Min completion time                     : 44.4158
    Max completion time                     : 58.5358
    Mean completion time                    : 51.4758
    Avrg travel time (with vehicle)         : 10.3765
    Avrg travel time (only with vehicle)    : 7.1005
    Avrg travel time (no vehicle)           : 3.276
    Avrg waiting time (machine travel)      : 4.6335
    Avrg waiting time (service)             : 2.6621
    Machines travel times (with vehicle)    : [12.879, 13.792, 7.245, 7.59]
    Machines travel times (no vehicle)      : [2.596, 7.041, 0.0, 3.467]
    Max load per vehicle                    : [0.0, 0.0, 0.0, 0.0, 65.3846, 0.0, 0.0, 0.0, 0.0, 100.0]
----------------------------------------------------

TOTAL: 1029.51557

Everything is awesome!
