alpha;avrg_machines_travel_time_no_vehicle;avrg_machines_travel_time_only_with_vehicle;avrg_machines_travel_time_with_vehicle;avrg_vehicles_waiting_time_for_a_machine_travel;avrg_vehicles_waiting_time_for_a_service;countImprovements;csvfilename;cutoff;cutoffmachs;depot_begin;depot_end;elevator;epsilon;epsilonCap;feasible;first_delivery;first_pickup;fullname;genconfigfile;genconfigfilename;grbFilename;greedy_service_order;group;gurobiCuts;infeasibleSol;initial_station;instPath;iteration;iterationToBest;largestUpdateOffset;lastSGreedySolValue;last_delivery;last_pickup;lmnsAcceptanceCriteria;lmnsGapToBiggerDestruction;lmnsGapToSmallerDestruction;lmnsMIPFocus;lmnsMetropolisTemp;lmnsRepairTime;lmnsReqRApplyMIPStart;lmnsSimulatedAnnealingCool;lmnsSimulatedAnnealingTemp;lmnsWeightShawDemandSim;lmnsWeightShawDistProx;lmnsWeightShawEarlProx;lmnsWeightShawSameRoute;lmnsa;lmnsr;lpImpr;lpRuns;make_instance_feasible;max_Q;max_completion_time;max_d;max_max_load_all_vehicles;max_q;max_s;maxiter;maxnodes;maxtime;meanLPImprPercentage;mean_completion_time;mean_max_load_all_vehicles;methodCode;methodType;min_completion_time;min_max_load_all_vehicles;mipPresolve;mipmaxtime;mslpa;mslpr;n;n_machines_used;n_vehicles_used;name;num_machs;output;outputFlagGrbLMNS;outputFlagGrbMIP;outputFlagGrbMSLP;percentageInfeasibleSol;percentageLPImpr;printsol;seed;solfilename;solver;solverMethod;startTime;suff_csv;suff_outputs;sumLPImprPercentage;threads;timeToBest;timelineFilename;totalTimeElapsed;type;typeUserCut;value;warmStart
0.1;0.0;0.12;0.12;0.0;0.0;4;/dados/rmelo/PDPTW-SE/benchmark_multi_island_v5/official_experiments/multistartlp/preliminar/set_01_pt_03/logs/heur_mslp/outputs/csvresults_heur_mslp_bash_2.csv;0;3;1;18;0;0.0;0.5;true;10;2;lr109_t1_08R_08V_02I_03M;/dados/rmelo/PDPTW-SE/benchmark_multi_island_v5/official_experiments/multistartlp/preliminar/set_01_pt_03/configs/genconfig_mslp.conf;genconfig_mslp;/dados/rmelo/PDPTW-SE/benchmark_multi_island_v5/official_experiments/multistartlp/preliminar/set_01_pt_03/logs/heur_mslp/gurobi/08R_08V_02I_03M/lr109_grb_genconfig_mslp_seed_24_alpha_10p.log;random;08R_08V_02I_03M;1;0;1;/dados/rmelo/PDPTW-SE/benchmark_multi_island_v5/official_experiments/multistartlp/preliminar/set_01_pt_03/../../../../instances/orig_ams_fg/08R_08V_02I_04M/t1/lr109/;60000;14;0;697.42;17;9;H;50;95;0;100.0;30.0;true;0.95;100.0;1.0;1.0;1.0;1.0;60;M;60000;60000;false;52;0.91;79.5;0.6;26;10;1000000;-1;3600;8.81;0.77;0.46;mslp;heur;0.59;0.28;-1;3600;60000;I;8;0.67;0.38;lr109;0;/dados/rmelo/PDPTW-SE/benchmark_multi_island_v5/official_experiments/multistartlp/preliminar/set_01_pt_03/logs;0;0;0;0.0;100.0;1;24;/dados/rmelo/PDPTW-SE/benchmark_multi_island_v5/official_experiments/multistartlp/preliminar/set_01_pt_03/logs/heur_mslp/solutions/08R_08V_02I_03M/lr109_sol_genconfig_mslp_seed_24_alpha_10p.txt;Gurobi;AUTOMATIC;17.48;_bash_2;_seed_24_alpha_10p;5283.25;1;0.31;/dados/rmelo/PDPTW-SE/benchmark_multi_island_v5/official_experiments/multistartlp/preliminar/set_01_pt_03/logs/heur_mslp/timelines/08R_08V_02I_03M/lr109_timeline_genconfig_mslp_seed_24_alpha_10p.txt;98.44;t1;0;533.17;false
0.1;0.0;0.03;0.03;0.0;0.0;8;/dados/rmelo/PDPTW-SE/benchmark_multi_island_v5/official_experiments/multistartlp/preliminar/set_01_pt_03/logs/heur_mslp/outputs/csvresults_heur_mslp_bash_2.csv;0;3;1;18;0;0.0;0.5;true;10;2;lr209_t2_08R_08V_02I_03M;/dados/rmelo/PDPTW-SE/benchmark_multi_island_v5/official_experiments/multistartlp/preliminar/set_01_pt_03/configs/genconfig_mslp.conf;genconfig_mslp;/dados/rmelo/PDPTW-SE/benchmark_multi_island_v5/official_experiments/multistartlp/preliminar/set_01_pt_03/logs/heur_mslp/gurobi/08R_08V_02I_03M/lr209_grb_genconfig_mslp_seed_24_alpha_10p.log;random;08R_08V_02I_03M;1;0;1;/dados/rmelo/PDPTW-SE/benchmark_multi_island_v5/official_experiments/multistartlp/preliminar/set_01_pt_03/../../../../instances/orig_ams_fg/08R_08V_02I_04M/t2/lr209/;60000;2651;0;804.46;17;9;H;50;95;0;100.0;30.0;true;0.95;100.0;1.0;1.0;1.0;1.0;60;M;58760;60000;false;46;0.57;79.13;0.82;23;10;1000000;-1;3600;20.62;0.57;0.82;mslp;heur;0.57;0.82;-1;3600;60000;I;8;0.67;0.12;lr209;0;/dados/rmelo/PDPTW-SE/benchmark_multi_island_v5/official_experiments/multistartlp/preliminar/set_01_pt_03/logs;0;0;0;0.0;97.93;1;24;/dados/rmelo/PDPTW-SE/benchmark_multi_island_v5/official_experiments/multistartlp/preliminar/set_01_pt_03/logs/heur_mslp/solutions/08R_08V_02I_03M/lr209_sol_genconfig_mslp_seed_24_alpha_10p.txt;Gurobi;AUTOMATIC;17.58;_bash_2;_seed_24_alpha_10p;12370.11;1;5.6;/dados/rmelo/PDPTW-SE/benchmark_multi_island_v5/official_experiments/multistartlp/preliminar/set_01_pt_03/logs/heur_mslp/timelines/08R_08V_02I_03M/lr209_timeline_genconfig_mslp_seed_24_alpha_10p.txt;117.63;t2;0;565.91;false
0.1;0.1;0.28;0.38;0.0;0.0;7;/dados/rmelo/PDPTW-SE/benchmark_multi_island_v5/official_experiments/multistartlp/preliminar/set_01_pt_03/logs/heur_mslp/outputs/csvresults_heur_mslp_bash_2.csv;0;3;1;18;0;0.0;0.5;true;10;2;lr110_t1_08R_08V_04I_03M;/dados/rmelo/PDPTW-SE/benchmark_multi_island_v5/official_experiments/multistartlp/preliminar/set_01_pt_03/configs/genconfig_mslp.conf;genconfig_mslp;/dados/rmelo/PDPTW-SE/benchmark_multi_island_v5/official_experiments/multistartlp/preliminar/set_01_pt_03/logs/heur_mslp/gurobi/08R_08V_04I_03M/lr110_grb_genconfig_mslp_seed_24_alpha_10p.log;random;08R_08V_04I_03M;1;24451;1;/dados/rmelo/PDPTW-SE/benchmark_multi_island_v5/official_experiments/multistartlp/preliminar/set_01_pt_03/../../../../instances/orig_ams_fg/08R_08V_04I_04M/t1/lr110/;60000;126;0;802.71;17;9;H;50;95;0;100.0;30.0;true;0.95;100.0;1.0;1.0;1.0;1.0;60;M;35549;35549;false;52;0.89;73.43;0.84;26;10;1000000;-1;3600;11.7;0.58;0.53;mslp;heur;0.35;0.15;-1;3600;60000;I;8;1.0;0.62;lr110;0;/dados/rmelo/PDPTW-SE/benchmark_multi_island_v5/official_experiments/multistartlp/preliminar/set_01_pt_03/logs;0;0;0;40.75;100.0;1;24;/dados/rmelo/PDPTW-SE/benchmark_multi_island_v5/official_experiments/multistartlp/preliminar/set_01_pt_03/logs/heur_mslp/solutions/08R_08V_04I_03M/lr110_sol_genconfig_mslp_seed_24_alpha_10p.txt;Gurobi;AUTOMATIC;17.53;_bash_2;_seed_24_alpha_10p;4157.6;1;0.44;/dados/rmelo/PDPTW-SE/benchmark_multi_island_v5/official_experiments/multistartlp/preliminar/set_01_pt_03/logs/heur_mslp/timelines/08R_08V_04I_03M/lr110_timeline_genconfig_mslp_seed_24_alpha_10p.txt;75.98;t1;0;672.2;false
0.1;0.01;0.05;0.07;0.0;0.0;11;/dados/rmelo/PDPTW-SE/benchmark_multi_island_v5/official_experiments/multistartlp/preliminar/set_01_pt_03/logs/heur_mslp/outputs/csvresults_heur_mslp_bash_2.csv;0;3;1;18;0;0.0;0.5;true;10;2;lr209_t2_08R_08V_04I_03M;/dados/rmelo/PDPTW-SE/benchmark_multi_island_v5/official_experiments/multistartlp/preliminar/set_01_pt_03/configs/genconfig_mslp.conf;genconfig_mslp;/dados/rmelo/PDPTW-SE/benchmark_multi_island_v5/official_experiments/multistartlp/preliminar/set_01_pt_03/logs/heur_mslp/gurobi/08R_08V_04I_03M/lr209_grb_genconfig_mslp_seed_24_alpha_10p.log;random;08R_08V_04I_03M;1;0;1;/dados/rmelo/PDPTW-SE/benchmark_multi_island_v5/official_experiments/multistartlp/preliminar/set_01_pt_03/../../../../instances/orig_ams_fg/08R_08V_04I_04M/t2/lr209/;60000;9828;0;832.01;17;9;H;50;95;0;100.0;30.0;true;0.95;100.0;1.0;1.0;1.0;1.0;60;M;59493;60000;false;46;0.56;81.38;0.93;23;10;1000000;-1;3600;21.61;0.31;0.77;mslp;heur;0.07;0.61;-1;3600;60000;I;8;1.0;0.25;lr209;0;/dados/rmelo/PDPTW-SE/benchmark_multi_island_v5/official_experiments/multistartlp/preliminar/set_01_pt_03/logs;0;0;0;0.0;99.16;1;24;/dados/rmelo/PDPTW-SE/benchmark_multi_island_v5/official_experiments/multistartlp/preliminar/set_01_pt_03/logs/heur_mslp/solutions/08R_08V_04I_03M/lr209_sol_genconfig_mslp_seed_24_alpha_10p.txt;Gurobi;AUTOMATIC;17.4;_bash_2;_seed_24_alpha_10p;12964.03;1;26.52;/dados/rmelo/PDPTW-SE/benchmark_multi_island_v5/official_experiments/multistartlp/preliminar/set_01_pt_03/logs/heur_mslp/timelines/08R_08V_04I_03M/lr209_timeline_genconfig_mslp_seed_24_alpha_10p.txt;158.31;t2;0;626.42;false
0.1;0.0;0.07;0.07;0.0;0.0;12;/dados/rmelo/PDPTW-SE/benchmark_multi_island_v5/official_experiments/multistartlp/preliminar/set_01_pt_03/logs/heur_mslp/outputs/csvresults_heur_mslp_bash_2.csv;0;3;1;26;0;0.0;0.5;true;14;2;lr109_t1_12R_12V_02I_03M;/dados/rmelo/PDPTW-SE/benchmark_multi_island_v5/official_experiments/multistartlp/preliminar/set_01_pt_03/configs/genconfig_mslp.conf;genconfig_mslp;/dados/rmelo/PDPTW-SE/benchmark_multi_island_v5/official_experiments/multistartlp/preliminar/set_01_pt_03/logs/heur_mslp/gurobi/12R_12V_02I_03M/lr109_grb_genconfig_mslp_seed_24_alpha_10p.log;random;12R_12V_02I_03M;1;0;1;/dados/rmelo/PDPTW-SE/benchmark_multi_island_v5/official_experiments/multistartlp/preliminar/set_01_pt_03/../../../../instances/orig_ams_fg/12R_12V_02I_04M/t1/lr109/;60000;1204;0;772.2;25;13;H;50;95;0;100.0;30.0;true;0.95;100.0;1.0;1.0;1.0;1.0;60;M;60000;60000;false;58;0.83;96.56;0.98;29;10;1000000;-1;3600;8.2;0.79;0.67;mslp;heur;0.73;0.25;-1;3600;60000;I;12;0.67;0.33;lr109;0;/dados/rmelo/PDPTW-SE/benchmark_multi_island_v5/official_experiments/multistartlp/preliminar/set_01_pt_03/logs;0;0;0;0.0;100.0;1;24;/dados/rmelo/PDPTW-SE/benchmark_multi_island_v5/official_experiments/multistartlp/preliminar/set_01_pt_03/logs/heur_mslp/solutions/12R_12V_02I_03M/lr109_sol_genconfig_mslp_seed_24_alpha_10p.txt;Gurobi;AUTOMATIC;17.53;_bash_2;_seed_24_alpha_10p;4917.31;1;2.94;/dados/rmelo/PDPTW-SE/benchmark_multi_island_v5/official_experiments/multistartlp/preliminar/set_01_pt_03/logs/heur_mslp/timelines/12R_12V_02I_03M/lr109_timeline_genconfig_mslp_seed_24_alpha_10p.txt;124.22;t1;0;722.63;false
0.1;0.01;0.02;0.02;0.0;0.0;7;/dados/rmelo/PDPTW-SE/benchmark_multi_island_v5/official_experiments/multistartlp/preliminar/set_01_pt_03/logs/heur_mslp/outputs/csvresults_heur_mslp_bash_2.csv;0;3;1;26;0;0.0;0.5;true;14;2;lr208_t2_12R_12V_02I_03M;/dados/rmelo/PDPTW-SE/benchmark_multi_island_v5/official_experiments/multistartlp/preliminar/set_01_pt_03/configs/genconfig_mslp.conf;genconfig_mslp;/dados/rmelo/PDPTW-SE/benchmark_multi_island_v5/official_experiments/multistartlp/preliminar/set_01_pt_03/logs/heur_mslp/gurobi/12R_12V_02I_03M/lr208_grb_genconfig_mslp_seed_24_alpha_10p.log;random;12R_12V_02I_03M;1;0;1;/dados/rmelo/PDPTW-SE/benchmark_multi_island_v5/official_experiments/multistartlp/preliminar/set_01_pt_03/../../../../instances/orig_ams_fg/12R_12V_02I_04M/t2/lr208/;60000;3512;0;1230.09;25;13;H;50;95;0;100.0;30.0;true;0.95;100.0;1.0;1.0;1.0;1.0;60;M;50387;60000;false;58;0.77;114.02;1.0;29;10;1000000;-1;3600;5.85;0.77;1.0;mslp;heur;0.77;1.0;-1;3600;60000;I;12;0.67;0.08;lr208;0;/dados/rmelo/PDPTW-SE/benchmark_multi_island_v5/official_experiments/multistartlp/preliminar/set_01_pt_03/logs;0;0;0;0.0;83.98;1;24;/dados/rmelo/PDPTW-SE/benchmark_multi_island_v5/official_experiments/multistartlp/preliminar/set_01_pt_03/logs/heur_mslp/solutions/12R_12V_02I_03M/lr208_sol_genconfig_mslp_seed_24_alpha_10p.txt;Gurobi;AUTOMATIC;17.54;_bash_2;_seed_24_alpha_10p;3511.87;1;15.03;/dados/rmelo/PDPTW-SE/benchmark_multi_island_v5/official_experiments/multistartlp/preliminar/set_01_pt_03/logs/heur_mslp/timelines/12R_12V_02I_03M/lr208_timeline_genconfig_mslp_seed_24_alpha_10p.txt;242.9;t2;0;769.96;false
0.1;0.14;0.26;0.4;0.0;0.0;9;/dados/rmelo/PDPTW-SE/benchmark_multi_island_v5/official_experiments/multistartlp/preliminar/set_01_pt_03/logs/heur_mslp/outputs/csvresults_heur_mslp_bash_2.csv;0;3;1;26;0;0.0;0.5;true;14;2;lr110_t1_12R_12V_04I_03M;/dados/rmelo/PDPTW-SE/benchmark_multi_island_v5/official_experiments/multistartlp/preliminar/set_01_pt_03/configs/genconfig_mslp.conf;genconfig_mslp;/dados/rmelo/PDPTW-SE/benchmark_multi_island_v5/official_experiments/multistartlp/preliminar/set_01_pt_03/logs/heur_mslp/gurobi/12R_12V_04I_03M/lr110_grb_genconfig_mslp_seed_24_alpha_10p.log;random;12R_12V_04I_03M;1;12904;1;/dados/rmelo/PDPTW-SE/benchmark_multi_island_v5/official_experiments/multistartlp/preliminar/set_01_pt_03/../../../../instances/orig_ams_fg/12R_12V_04I_04M/t1/lr110/;60000;7469;0;997.59;25;13;H;50;95;0;100.0;30.0;true;0.95;100.0;1.0;1.0;1.0;1.0;60;M;47096;47096;false;52;0.72;75.02;0.85;26;10;1000000;-1;3600;13.46;0.57;0.48;mslp;heur;0.37;0.15;-1;3600;60000;I;12;1.0;0.5;lr110;0;/dados/rmelo/PDPTW-SE/benchmark_multi_island_v5/official_experiments/multistartlp/preliminar/set_01_pt_03/logs;0;0;0;21.51;100.0;1;24;/dados/rmelo/PDPTW-SE/benchmark_multi_island_v5/official_experiments/multistartlp/preliminar/set_01_pt_03/logs/heur_mslp/solutions/12R_12V_04I_03M/lr110_sol_genconfig_mslp_seed_24_alpha_10p.txt;Gurobi;AUTOMATIC;17.48;_bash_2;_seed_24_alpha_10p;6341.39;1;16.15;/dados/rmelo/PDPTW-SE/benchmark_multi_island_v5/official_experiments/multistartlp/preliminar/set_01_pt_03/logs/heur_mslp/timelines/12R_12V_04I_03M/lr110_timeline_genconfig_mslp_seed_24_alpha_10p.txt;123.78;t1;0;786.88;false
0.1;0.01;0.06;0.07;0.0;0.0;19;/dados/rmelo/PDPTW-SE/benchmark_multi_island_v5/official_experiments/multistartlp/preliminar/set_01_pt_03/logs/heur_mslp/outputs/csvresults_heur_mslp_bash_2.csv;0;3;1;26;0;0.0;0.5;true;14;2;lr207_t2_12R_12V_04I_03M;/dados/rmelo/PDPTW-SE/benchmark_multi_island_v5/official_experiments/multistartlp/preliminar/set_01_pt_03/configs/genconfig_mslp.conf;genconfig_mslp;/dados/rmelo/PDPTW-SE/benchmark_multi_island_v5/official_experiments/multistartlp/preliminar/set_01_pt_03/logs/heur_mslp/gurobi/12R_12V_04I_03M/lr207_grb_genconfig_mslp_seed_24_alpha_10p.log;random;12R_12V_04I_03M;1;0;1;/dados/rmelo/PDPTW-SE/benchmark_multi_island_v5/official_experiments/multistartlp/preliminar/set_01_pt_03/../../../../instances/orig_ams_fg/12R_12V_04I_04M/t2/lr207/;60000;36113;0;1462.53;25;13;H;50;95;0;100.0;30.0;true;0.95;100.0;1.0;1.0;1.0;1.0;60;M;59945;60000;false;40;0.77;90.05;0.98;20;10;1000000;-1;3600;13.82;0.44;0.53;mslp;heur;0.11;0.09;-1;3600;60000;I;12;1.0;0.17;lr207;0;/dados/rmelo/PDPTW-SE/benchmark_multi_island_v5/official_experiments/multistartlp/preliminar/set_01_pt_03/logs;0;0;0;0.0;99.91;1;24;/dados/rmelo/PDPTW-SE/benchmark_multi_island_v5/official_experiments/multistartlp/preliminar/set_01_pt_03/logs/heur_mslp/solutions/12R_12V_04I_03M/lr207_sol_genconfig_mslp_seed_24_alpha_10p.txt;Gurobi;AUTOMATIC;17.49;_bash_2;_seed_24_alpha_10p;8290.71;1;173.97;/dados/rmelo/PDPTW-SE/benchmark_multi_island_v5/official_experiments/multistartlp/preliminar/set_01_pt_03/logs/heur_mslp/timelines/12R_12V_04I_03M/lr207_timeline_genconfig_mslp_seed_24_alpha_10p.txt;288.18;t2;0;888.26;false
0.1;0.06;0.11;0.16;0.0;0.04;1;/dados/rmelo/PDPTW-SE/benchmark_multi_island_v5/official_experiments/multistartlp/preliminar/set_01_pt_03/logs/heur_mslp/outputs/csvresults_heur_mslp_bash_2.csv;0;5;1;82;0;0.0;0.5;true;42;2;LR1_2_6_t1_40R_40V_02I_05M;/dados/rmelo/PDPTW-SE/benchmark_multi_island_v5/official_experiments/multistartlp/preliminar/set_01_pt_03/configs/genconfig_mslp.conf;genconfig_mslp;/dados/rmelo/PDPTW-SE/benchmark_multi_island_v5/official_experiments/multistartlp/preliminar/set_01_pt_03/logs/heur_mslp/gurobi/40R_40V_02I_05M/LR1_2_6_grb_genconfig_mslp_seed_24_alpha_10p.log;random;40R_40V_02I_05M;1;59994;1;/dados/rmelo/PDPTW-SE/benchmark_multi_island_v5/official_experiments/multistartlp/preliminar/set_01_pt_03/../../../../instances/orig_ams_fg/40R_40V_02I_06M/t1/LR1_2_6/;60000;1;0;6907.71;81;41;H;50;95;0;100.0;30.0;true;0.95;100.0;1.0;1.0;1.0;1.0;60;M;6;6;false;72;0.93;213.59;1.0;36;10;1000000;-1;3600;5.13;0.68;0.58;mslp;heur;0.3;0.12;-1;3600;60000;I;40;1.0;0.35;LR1_2_6;0;/dados/rmelo/PDPTW-SE/benchmark_multi_island_v5/official_experiments/multistartlp/preliminar/set_01_pt_03/logs;0;0;0;99.99;100.0;1;24;/dados/rmelo/PDPTW-SE/benchmark_multi_island_v5/official_experiments/multistartlp/preliminar/set_01_pt_03/logs/heur_mslp/solutions/40R_40V_02I_05M/LR1_2_6_sol_genconfig_mslp_seed_24_alpha_10p.txt;Gurobi;AUTOMATIC;17.61;_bash_2;_seed_24_alpha_10p;0.31;1;0.01;/dados/rmelo/PDPTW-SE/benchmark_multi_island_v5/official_experiments/multistartlp/preliminar/set_01_pt_03/logs/heur_mslp/timelines/40R_40V_02I_05M/LR1_2_6_timeline_genconfig_mslp_seed_24_alpha_10p.txt;183.44;t1;0;6037.52;false
0.1;0.01;0.02;0.03;0.0;0.01;9;/dados/rmelo/PDPTW-SE/benchmark_multi_island_v5/official_experiments/multistartlp/preliminar/set_01_pt_03/logs/heur_mslp/outputs/csvresults_heur_mslp_bash_2.csv;0;5;1;82;0;0.0;0.5;true;42;2;LR2_2_10_t2_40R_40V_02I_05M;/dados/rmelo/PDPTW-SE/benchmark_multi_island_v5/official_experiments/multistartlp/preliminar/set_01_pt_03/configs/genconfig_mslp.conf;genconfig_mslp;/dados/rmelo/PDPTW-SE/benchmark_multi_island_v5/official_experiments/multistartlp/preliminar/set_01_pt_03/logs/heur_mslp/gurobi/40R_40V_02I_05M/LR2_2_10_grb_genconfig_mslp_seed_24_alpha_10p.log;random;40R_40V_02I_05M;1;0;1;/dados/rmelo/PDPTW-SE/benchmark_multi_island_v5/official_experiments/multistartlp/preliminar/set_01_pt_03/../../../../instances/orig_ams_fg/40R_40V_02I_06M/t2/LR2_2_10/;60000;2457;0;8949.19;81;41;H;50;95;0;100.0;30.0;true;0.95;100.0;1.0;1.0;1.0;1.0;60;M;60000;60000;false;80;0.97;269.32;1.0;40;10;1000000;-1;3600;6.35;0.64;0.98;mslp;heur;0.46;0.9;-1;3600;60000;I;40;0.8;0.1;LR2_2_10;0;/dados/rmelo/PDPTW-SE/benchmark_multi_island_v5/official_experiments/multistartlp/preliminar/set_01_pt_03/logs;0;0;0;0.0;100.0;1;24;/dados/rmelo/PDPTW-SE/benchmark_multi_island_v5/official_experiments/multistartlp/preliminar/set_01_pt_03/logs/heur_mslp/solutions/40R_40V_02I_05M/LR2_2_10_sol_genconfig_mslp_seed_24_alpha_10p.txt;Gurobi;AUTOMATIC;17.6;_bash_2;_seed_24_alpha_10p;3808.48;1;53.54;/dados/rmelo/PDPTW-SE/benchmark_multi_island_v5/official_experiments/multistartlp/preliminar/set_01_pt_03/logs/heur_mslp/timelines/40R_40V_02I_05M/LR2_2_10_timeline_genconfig_mslp_seed_24_alpha_10p.txt;1300.18;t2;0;6523.69;false
0.1;0.07;0.15;0.23;0.0;0.01;11;/dados/rmelo/PDPTW-SE/benchmark_multi_island_v5/official_experiments/multistartlp/preliminar/set_01_pt_03/logs/heur_mslp/outputs/csvresults_heur_mslp_bash_2.csv;0;5;1;82;0;0.0;0.5;true;42;2;LR1_2_10_t1_40R_40V_04I_05M;/dados/rmelo/PDPTW-SE/benchmark_multi_island_v5/official_experiments/multistartlp/preliminar/set_01_pt_03/configs/genconfig_mslp.conf;genconfig_mslp;/dados/rmelo/PDPTW-SE/benchmark_multi_island_v5/official_experiments/multistartlp/preliminar/set_01_pt_03/logs/heur_mslp/gurobi/40R_40V_04I_05M/LR1_2_10_grb_genconfig_mslp_seed_24_alpha_10p.log;random;40R_40V_04I_05M;1;35979;1;/dados/rmelo/PDPTW-SE/benchmark_multi_island_v5/official_experiments/multistartlp/preliminar/set_01_pt_03/../../../../instances/orig_ams_fg/40R_40V_04I_06M/t1/LR1_2_10/;60000;45609;0;5744.42;81;41;H;50;95;0;100.0;30.0;true;0.95;100.0;1.0;1.0;1.0;1.0;60;M;24021;24021;false;72;0.94;175.77;0.96;36;10;1000000;-1;3600;7.19;0.67;0.81;mslp;heur;0.23;0.32;-1;3600;60000;I;40;1.0;0.25;LR1_2_10;0;/dados/rmelo/PDPTW-SE/benchmark_multi_island_v5/official_experiments/multistartlp/preliminar/set_01_pt_03/logs;0;0;0;59.96;100.0;1;24;/dados/rmelo/PDPTW-SE/benchmark_multi_island_v5/official_experiments/multistartlp/preliminar/set_01_pt_03/logs/heur_mslp/solutions/40R_40V_04I_05M/LR1_2_10_sol_genconfig_mslp_seed_24_alpha_10p.txt;Gurobi;AUTOMATIC;17.43;_bash_2;_seed_24_alpha_10p;1727.13;1;529.92;/dados/rmelo/PDPTW-SE/benchmark_multi_island_v5/official_experiments/multistartlp/preliminar/set_01_pt_03/logs/heur_mslp/timelines/40R_40V_04I_05M/LR1_2_10_timeline_genconfig_mslp_seed_24_alpha_10p.txt;696.51;t1;0;4247.13;false
0.1;0.04;0.1;0.14;0.0;0.0;6;/dados/rmelo/PDPTW-SE/benchmark_multi_island_v5/official_experiments/multistartlp/preliminar/set_01_pt_03/logs/heur_mslp/outputs/csvresults_heur_mslp_bash_2.csv;0;5;1;82;0;0.0;0.5;true;42;2;LR2_2_7_t2_40R_40V_04I_05M;/dados/rmelo/PDPTW-SE/benchmark_multi_island_v5/official_experiments/multistartlp/preliminar/set_01_pt_03/configs/genconfig_mslp.conf;genconfig_mslp;/dados/rmelo/PDPTW-SE/benchmark_multi_island_v5/official_experiments/multistartlp/preliminar/set_01_pt_03/logs/heur_mslp/gurobi/40R_40V_04I_05M/LR2_2_7_grb_genconfig_mslp_seed_24_alpha_10p.log;random;40R_40V_04I_05M;1;0;1;/dados/rmelo/PDPTW-SE/benchmark_multi_island_v5/official_experiments/multistartlp/preliminar/set_01_pt_03/../../../../instances/orig_ams_fg/40R_40V_04I_06M/t2/LR2_2_7/;60000;17350;0;6896.59;81;41;H;50;95;0;100.0;30.0;true;0.95;100.0;1.0;1.0;1.0;1.0;60;M;59991;60000;false;78;0.85;188.0;1.0;39;10;1000000;-1;3600;2.37;0.74;0.98;mslp;heur;0.67;0.95;-1;3600;60000;I;40;1.0;0.08;LR2_2_7;0;/dados/rmelo/PDPTW-SE/benchmark_multi_island_v5/official_experiments/multistartlp/preliminar/set_01_pt_03/logs;0;0;0;0.0;99.98;1;24;/dados/rmelo/PDPTW-SE/benchmark_multi_island_v5/official_experiments/multistartlp/preliminar/set_01_pt_03/logs/heur_mslp/solutions/40R_40V_04I_05M/LR2_2_7_sol_genconfig_mslp_seed_24_alpha_10p.txt;Gurobi;AUTOMATIC;17.34;_bash_2;_seed_24_alpha_10p;1422.78;1;1031.39;/dados/rmelo/PDPTW-SE/benchmark_multi_island_v5/official_experiments/multistartlp/preliminar/set_01_pt_03/logs/heur_mslp/timelines/40R_40V_04I_05M/LR2_2_7_timeline_genconfig_mslp_seed_24_alpha_10p.txt;3570.38;t2;0;5601.24;false
0.1;0.03;0.06;0.09;0.01;0.19;0;/dados/rmelo/PDPTW-SE/benchmark_multi_island_v5/official_experiments/multistartlp/preliminar/set_01_pt_03/logs/heur_mslp/outputs/csvresults_heur_mslp_bash_2.csv;0;5;1;122;0;0.0;0.5;false;62;2;LR1_2_6_t1_60R_60V_02I_05M;/dados/rmelo/PDPTW-SE/benchmark_multi_island_v5/official_experiments/multistartlp/preliminar/set_01_pt_03/configs/genconfig_mslp.conf;genconfig_mslp;/dados/rmelo/PDPTW-SE/benchmark_multi_island_v5/official_experiments/multistartlp/preliminar/set_01_pt_03/logs/heur_mslp/gurobi/60R_60V_02I_05M/LR1_2_6_grb_genconfig_mslp_seed_24_alpha_10p.log;random;60R_60V_02I_05M;1;60000;1;/dados/rmelo/PDPTW-SE/benchmark_multi_island_v5/official_experiments/multistartlp/preliminar/set_01_pt_03/../../../../instances/orig_ams_fg/60R_60V_02I_06M/t1/LR1_2_6/;60000;0;0;0.0;121;61;H;50;95;0;100.0;30.0;true;0.95;100.0;1.0;1.0;1.0;1.0;60;M;0;0;false;82;0.96;277.16;0.61;41;10;1000000;-1;3600;0.0;0.63;0.32;mslp;heur;0.45;0.01;-1;3600;60000;I;60;1.0;0.22;LR1_2_6;0;/dados/rmelo/PDPTW-SE/benchmark_multi_island_v5/official_experiments/multistartlp/preliminar/set_01_pt_03/logs;0;0;0;100.0;0.0;1;24;/dados/rmelo/PDPTW-SE/benchmark_multi_island_v5/official_experiments/multistartlp/preliminar/set_01_pt_03/logs/heur_mslp/solutions/60R_60V_02I_05M/LR1_2_6_sol_genconfig_mslp_seed_24_alpha_10p.txt;Gurobi;AUTOMATIC;17.45;_bash_2;_seed_24_alpha_10p;0.0;1;0.0;/dados/rmelo/PDPTW-SE/benchmark_multi_island_v5/official_experiments/multistartlp/preliminar/set_01_pt_03/logs/heur_mslp/timelines/60R_60V_02I_05M/LR1_2_6_timeline_genconfig_mslp_seed_24_alpha_10p.txt;198.46;t1;0;Inf;false
0.1;0.0;0.01;0.02;0.0;0.0;6;/dados/rmelo/PDPTW-SE/benchmark_multi_island_v5/official_experiments/multistartlp/preliminar/set_01_pt_03/logs/heur_mslp/outputs/csvresults_heur_mslp_bash_2.csv;0;5;1;122;0;0.0;0.5;true;62;2;LR2_2_8_t2_60R_60V_02I_05M;/dados/rmelo/PDPTW-SE/benchmark_multi_island_v5/official_experiments/multistartlp/preliminar/set_01_pt_03/configs/genconfig_mslp.conf;genconfig_mslp;/dados/rmelo/PDPTW-SE/benchmark_multi_island_v5/official_experiments/multistartlp/preliminar/set_01_pt_03/logs/heur_mslp/gurobi/60R_60V_02I_05M/LR2_2_8_grb_genconfig_mslp_seed_24_alpha_10p.log;random;60R_60V_02I_05M;1;0;1;/dados/rmelo/PDPTW-SE/benchmark_multi_island_v5/official_experiments/multistartlp/preliminar/set_01_pt_03/../../../../instances/orig_ams_fg/60R_60V_02I_06M/t2/LR2_2_8/;35162;13897;0;9095.8;121;61;H;50;95;0;100.0;30.0;true;0.95;100.0;1.0;1.0;1.0;1.0;60;M;34822;35162;false;80;0.89;227.5;1.0;40;10;1000000;-1;3600;1.3;0.66;0.93;mslp;heur;0.19;0.76;-1;3600;60000;I;60;0.6;0.07;LR2_2_8;0;/dados/rmelo/PDPTW-SE/benchmark_multi_island_v5/official_experiments/multistartlp/preliminar/set_01_pt_03/logs;0;0;0;0.0;99.03;1;24;/dados/rmelo/PDPTW-SE/benchmark_multi_island_v5/official_experiments/multistartlp/preliminar/set_01_pt_03/logs/heur_mslp/solutions/60R_60V_02I_05M/LR2_2_8_sol_genconfig_mslp_seed_24_alpha_10p.txt;Gurobi;AUTOMATIC;18.06;_bash_2;_seed_24_alpha_10p;458.05;1;1420.71;/dados/rmelo/PDPTW-SE/benchmark_multi_island_v5/official_experiments/multistartlp/preliminar/set_01_pt_03/logs/heur_mslp/timelines/60R_60V_02I_05M/LR2_2_8_timeline_genconfig_mslp_seed_24_alpha_10p.txt;3600.01;t2;0;6700.66;false
0.1;0.12;0.17;0.29;0.01;0.09;1;/dados/rmelo/PDPTW-SE/benchmark_multi_island_v5/official_experiments/multistartlp/preliminar/set_01_pt_03/logs/heur_mslp/outputs/csvresults_heur_mslp_bash_2.csv;0;5;1;122;0;0.0;0.5;true;62;2;LR1_2_6_t1_60R_60V_04I_05M;/dados/rmelo/PDPTW-SE/benchmark_multi_island_v5/official_experiments/multistartlp/preliminar/set_01_pt_03/configs/genconfig_mslp.conf;genconfig_mslp;/dados/rmelo/PDPTW-SE/benchmark_multi_island_v5/official_experiments/multistartlp/preliminar/set_01_pt_03/logs/heur_mslp/gurobi/60R_60V_04I_05M/LR1_2_6_grb_genconfig_mslp_seed_24_alpha_10p.log;random;60R_60V_04I_05M;1;59999;1;/dados/rmelo/PDPTW-SE/benchmark_multi_island_v5/official_experiments/multistartlp/preliminar/set_01_pt_03/../../../../instances/orig_ams_fg/60R_60V_04I_06M/t1/LR1_2_6/;60000;1;0;8335.07;121;61;H;50;95;0;100.0;30.0;true;0.95;100.0;1.0;1.0;1.0;1.0;60;M;1;1;false;82;0.93;184.15;0.96;41;10;1000000;-1;3600;5.47;0.57;0.63;mslp;heur;0.25;0.13;-1;3600;60000;I;60;1.0;0.28;LR1_2_6;0;/dados/rmelo/PDPTW-SE/benchmark_multi_island_v5/official_experiments/multistartlp/preliminar/set_01_pt_03/logs;0;0;0;100.0;100.0;1;24;/dados/rmelo/PDPTW-SE/benchmark_multi_island_v5/official_experiments/multistartlp/preliminar/set_01_pt_03/logs/heur_mslp/solutions/60R_60V_04I_05M/LR1_2_6_sol_genconfig_mslp_seed_24_alpha_10p.txt;Gurobi;AUTOMATIC;17.82;_bash_2;_seed_24_alpha_10p;0.05;1;0.03;/dados/rmelo/PDPTW-SE/benchmark_multi_island_v5/official_experiments/multistartlp/preliminar/set_01_pt_03/logs/heur_mslp/timelines/60R_60V_04I_05M/LR1_2_6_timeline_genconfig_mslp_seed_24_alpha_10p.txt;400.56;t1;0;7879.32;false
0.1;0.03;0.05;0.08;0.0;0.0;3;/dados/rmelo/PDPTW-SE/benchmark_multi_island_v5/official_experiments/multistartlp/preliminar/set_01_pt_03/logs/heur_mslp/outputs/csvresults_heur_mslp_bash_2.csv;0;5;1;122;0;0.0;0.5;true;62;2;LR2_2_8_t2_60R_60V_04I_05M;/dados/rmelo/PDPTW-SE/benchmark_multi_island_v5/official_experiments/multistartlp/preliminar/set_01_pt_03/configs/genconfig_mslp.conf;genconfig_mslp;/dados/rmelo/PDPTW-SE/benchmark_multi_island_v5/official_experiments/multistartlp/preliminar/set_01_pt_03/logs/heur_mslp/gurobi/60R_60V_04I_05M/LR2_2_8_grb_genconfig_mslp_seed_24_alpha_10p.log;random;60R_60V_04I_05M;1;0;1;/dados/rmelo/PDPTW-SE/benchmark_multi_island_v5/official_experiments/multistartlp/preliminar/set_01_pt_03/../../../../instances/orig_ams_fg/60R_60V_04I_06M/t2/LR2_2_8/;19674;2454;0;8827.26;121;61;H;50;95;0;100.0;30.0;true;0.95;100.0;1.0;1.0;1.0;1.0;60;M;19536;19674;false;80;0.81;181.1;1.0;40;10;1000000;-1;3600;0.88;0.57;0.8;mslp;heur;0.07;0.28;-1;3600;60000;I;60;1.0;0.08;LR2_2_8;0;/dados/rmelo/PDPTW-SE/benchmark_multi_island_v5/official_experiments/multistartlp/preliminar/set_01_pt_03/logs;0;0;0;0.0;99.3;1;24;/dados/rmelo/PDPTW-SE/benchmark_multi_island_v5/official_experiments/multistartlp/preliminar/set_01_pt_03/logs/heur_mslp/solutions/60R_60V_04I_05M/LR2_2_8_sol_genconfig_mslp_seed_24_alpha_10p.txt;Gurobi;AUTOMATIC;17.72;_bash_2;_seed_24_alpha_10p;173.64;1;448.57;/dados/rmelo/PDPTW-SE/benchmark_multi_island_v5/official_experiments/multistartlp/preliminar/set_01_pt_03/logs/heur_mslp/timelines/60R_60V_04I_05M/LR2_2_8_timeline_genconfig_mslp_seed_24_alpha_10p.txt;3600.15;t2;0;7233.87;false
0.1;0.0;0.12;0.12;0.0;0.0;6;/dados/rmelo/PDPTW-SE/benchmark_multi_island_v5/official_experiments/multistartlp/preliminar/set_01_pt_03/logs/heur_mslp/outputs/csvresults_heur_mslp_bash_2.csv;0;3;1;18;0;0.0;0.5;true;10;2;lr109_t1_08R_08V_02I_03M;/dados/rmelo/PDPTW-SE/benchmark_multi_island_v5/official_experiments/multistartlp/preliminar/set_01_pt_03/configs/genconfig_mslp.conf;genconfig_mslp;/dados/rmelo/PDPTW-SE/benchmark_multi_island_v5/official_experiments/multistartlp/preliminar/set_01_pt_03/logs/heur_mslp/gurobi/08R_08V_02I_03M/lr109_grb_genconfig_mslp_seed_31_alpha_10p.log;random;08R_08V_02I_03M;1;0;1;/dados/rmelo/PDPTW-SE/benchmark_multi_island_v5/official_experiments/multistartlp/preliminar/set_01_pt_03/../../../../instances/orig_ams_fg/08R_08V_02I_04M/t1/lr109/;60000;22;0;588.89;17;9;H;50;95;0;100.0;30.0;true;0.95;100.0;1.0;1.0;1.0;1.0;60;M;60000;60000;false;52;0.91;79.5;0.6;26;10;1000000;-1;3600;8.76;0.77;0.46;mslp;heur;0.59;0.28;-1;3600;60000;I;8;0.67;0.38;lr109;0;/dados/rmelo/PDPTW-SE/benchmark_multi_island_v5/official_experiments/multistartlp/preliminar/set_01_pt_03/logs;0;0;0;0.0;100.0;1;31;/dados/rmelo/PDPTW-SE/benchmark_multi_island_v5/official_experiments/multistartlp/preliminar/set_01_pt_03/logs/heur_mslp/solutions/08R_08V_02I_03M/lr109_sol_genconfig_mslp_seed_31_alpha_10p.txt;Gurobi;AUTOMATIC;17.87;_bash_2;_seed_31_alpha_10p;5253.64;1;0.32;/dados/rmelo/PDPTW-SE/benchmark_multi_island_v5/official_experiments/multistartlp/preliminar/set_01_pt_03/logs/heur_mslp/timelines/08R_08V_02I_03M/lr109_timeline_genconfig_mslp_seed_31_alpha_10p.txt;98.6;t1;0;533.17;false
0.1;0.0;0.03;0.03;0.0;0.0;9;/dados/rmelo/PDPTW-SE/benchmark_multi_island_v5/official_experiments/multistartlp/preliminar/set_01_pt_03/logs/heur_mslp/outputs/csvresults_heur_mslp_bash_2.csv;0;3;1;18;0;0.0;0.5;true;10;2;lr209_t2_08R_08V_02I_03M;/dados/rmelo/PDPTW-SE/benchmark_multi_island_v5/official_experiments/multistartlp/preliminar/set_01_pt_03/configs/genconfig_mslp.conf;genconfig_mslp;/dados/rmelo/PDPTW-SE/benchmark_multi_island_v5/official_experiments/multistartlp/preliminar/set_01_pt_03/logs/heur_mslp/gurobi/08R_08V_02I_03M/lr209_grb_genconfig_mslp_seed_31_alpha_10p.log;random;08R_08V_02I_03M;1;0;1;/dados/rmelo/PDPTW-SE/benchmark_multi_island_v5/official_experiments/multistartlp/preliminar/set_01_pt_03/../../../../instances/orig_ams_fg/08R_08V_02I_04M/t2/lr209/;60000;2723;0;790.9;17;9;H;50;95;0;100.0;30.0;true;0.95;100.0;1.0;1.0;1.0;1.0;60;M;58731;60000;false;46;0.57;79.13;0.67;23;10;1000000;-1;3600;20.5;0.57;0.67;mslp;heur;0.57;0.67;-1;3600;60000;I;8;0.67;0.12;lr209;0;/dados/rmelo/PDPTW-SE/benchmark_multi_island_v5/official_experiments/multistartlp/preliminar/set_01_pt_03/logs;0;0;0;0.0;97.88;1;31;/dados/rmelo/PDPTW-SE/benchmark_multi_island_v5/official_experiments/multistartlp/preliminar/set_01_pt_03/logs/heur_mslp/solutions/08R_08V_02I_03M/lr209_sol_genconfig_mslp_seed_31_alpha_10p.txt;Gurobi;AUTOMATIC;17.96;_bash_2;_seed_31_alpha_10p;12302.16;1;5.56;/dados/rmelo/PDPTW-SE/benchmark_multi_island_v5/official_experiments/multistartlp/preliminar/set_01_pt_03/logs/heur_mslp/timelines/08R_08V_02I_03M/lr209_timeline_genconfig_mslp_seed_31_alpha_10p.txt;119.6;t2;0;565.91;false
0.1;0.1;0.28;0.38;0.0;0.0;5;/dados/rmelo/PDPTW-SE/benchmark_multi_island_v5/official_experiments/multistartlp/preliminar/set_01_pt_03/logs/heur_mslp/outputs/csvresults_heur_mslp_bash_2.csv;0;3;1;18;0;0.0;0.5;true;10;2;lr110_t1_08R_08V_04I_03M;/dados/rmelo/PDPTW-SE/benchmark_multi_island_v5/official_experiments/multistartlp/preliminar/set_01_pt_03/configs/genconfig_mslp.conf;genconfig_mslp;/dados/rmelo/PDPTW-SE/benchmark_multi_island_v5/official_experiments/multistartlp/preliminar/set_01_pt_03/logs/heur_mslp/gurobi/08R_08V_04I_03M/lr110_grb_genconfig_mslp_seed_31_alpha_10p.log;random;08R_08V_04I_03M;1;24490;1;/dados/rmelo/PDPTW-SE/benchmark_multi_island_v5/official_experiments/multistartlp/preliminar/set_01_pt_03/../../../../instances/orig_ams_fg/08R_08V_04I_04M/t1/lr110/;60000;538;0;832.47;17;9;H;50;95;0;100.0;30.0;true;0.95;100.0;1.0;1.0;1.0;1.0;60;M;35510;35510;false;52;0.89;73.43;0.69;26;10;1000000;-1;3600;11.69;0.58;0.48;mslp;heur;0.35;0.12;-1;3600;60000;I;8;1.0;0.62;lr110;0;/dados/rmelo/PDPTW-SE/benchmark_multi_island_v5/official_experiments/multistartlp/preliminar/set_01_pt_03/logs;0;0;0;40.82;100.0;1;31;/dados/rmelo/PDPTW-SE/benchmark_multi_island_v5/official_experiments/multistartlp/preliminar/set_01_pt_03/logs/heur_mslp/solutions/08R_08V_04I_03M/lr110_sol_genconfig_mslp_seed_31_alpha_10p.txt;Gurobi;AUTOMATIC;17.91;_bash_2;_seed_31_alpha_10p;4149.7;1;0.92;/dados/rmelo/PDPTW-SE/benchmark_multi_island_v5/official_experiments/multistartlp/preliminar/set_01_pt_03/logs/heur_mslp/timelines/08R_08V_04I_03M/lr110_timeline_genconfig_mslp_seed_31_alpha_10p.txt;74.33;t1;0;672.2;false
0.1;0.01;0.05;0.07;0.0;0.0;12;/dados/rmelo/PDPTW-SE/benchmark_multi_island_v5/official_experiments/multistartlp/preliminar/set_01_pt_03/logs/heur_mslp/outputs/csvresults_heur_mslp_bash_2.csv;0;3;1;18;0;0.0;0.5;true;10;2;lr209_t2_08R_08V_04I_03M;/dados/rmelo/PDPTW-SE/benchmark_multi_island_v5/official_experiments/multistartlp/preliminar/set_01_pt_03/configs/genconfig_mslp.conf;genconfig_mslp;/dados/rmelo/PDPTW-SE/benchmark_multi_island_v5/official_experiments/multistartlp/preliminar/set_01_pt_03/logs/heur_mslp/gurobi/08R_08V_04I_03M/lr209_grb_genconfig_mslp_seed_31_alpha_10p.log;random;08R_08V_04I_03M;1;0;1;/dados/rmelo/PDPTW-SE/benchmark_multi_island_v5/official_experiments/multistartlp/preliminar/set_01_pt_03/../../../../instances/orig_ams_fg/08R_08V_04I_04M/t2/lr209/;60000;14058;0;871.81;17;9;H;50;95;0;100.0;30.0;true;0.95;100.0;1.0;1.0;1.0;1.0;60;M;59475;60000;false;46;0.56;81.38;0.93;23;10;1000000;-1;3600;21.58;0.31;0.77;mslp;heur;0.07;0.61;-1;3600;60000;I;8;1.0;0.25;lr209;0;/dados/rmelo/PDPTW-SE/benchmark_multi_island_v5/official_experiments/multistartlp/preliminar/set_01_pt_03/logs;0;0;0;0.0;99.12;1;31;/dados/rmelo/PDPTW-SE/benchmark_multi_island_v5/official_experiments/multistartlp/preliminar/set_01_pt_03/logs/heur_mslp/solutions/08R_08V_04I_03M/lr209_sol_genconfig_mslp_seed_31_alpha_10p.txt;Gurobi;AUTOMATIC;17.95;_bash_2;_seed_31_alpha_10p;12947.98;1;37.47;/dados/rmelo/PDPTW-SE/benchmark_multi_island_v5/official_experiments/multistartlp/preliminar/set_01_pt_03/logs/heur_mslp/timelines/08R_08V_04I_03M/lr209_timeline_genconfig_mslp_seed_31_alpha_10p.txt;161.29;t2;0;626.42;false
0.1;0.0;0.07;0.07;0.0;0.0;7;/dados/rmelo/PDPTW-SE/benchmark_multi_island_v5/official_experiments/multistartlp/preliminar/set_01_pt_03/logs/heur_mslp/outputs/csvresults_heur_mslp_bash_2.csv;0;3;1;26;0;0.0;0.5;true;14;2;lr109_t1_12R_12V_02I_03M;/dados/rmelo/PDPTW-SE/benchmark_multi_island_v5/official_experiments/multistartlp/preliminar/set_01_pt_03/configs/genconfig_mslp.conf;genconfig_mslp;/dados/rmelo/PDPTW-SE/benchmark_multi_island_v5/official_experiments/multistartlp/preliminar/set_01_pt_03/logs/heur_mslp/gurobi/12R_12V_02I_03M/lr109_grb_genconfig_mslp_seed_31_alpha_10p.log;random;12R_12V_02I_03M;1;0;1;/dados/rmelo/PDPTW-SE/benchmark_multi_island_v5/official_experiments/multistartlp/preliminar/set_01_pt_03/../../../../instances/orig_ams_fg/12R_12V_02I_04M/t1/lr109/;60000;2987;0;930.85;25;13;H;50;95;0;100.0;30.0;true;0.95;100.0;1.0;1.0;1.0;1.0;60;M;60000;60000;false;58;0.83;96.56;0.98;29;10;1000000;-1;3600;8.16;0.79;0.62;mslp;heur;0.73;0.25;-1;3600;60000;I;12;0.67;0.33;lr109;0;/dados/rmelo/PDPTW-SE/benchmark_multi_island_v5/official_experiments/multistartlp/preliminar/set_01_pt_03/logs;0;0;0;0.0;100.0;1;31;/dados/rmelo/PDPTW-SE/benchmark_multi_island_v5/official_experiments/multistartlp/preliminar/set_01_pt_03/logs/heur_mslp/solutions/12R_12V_02I_03M/lr109_sol_genconfig_mslp_seed_31_alpha_10p.txt;Gurobi;AUTOMATIC;18.0;_bash_2;_seed_31_alpha_10p;4898.93;1;6.71;/dados/rmelo/PDPTW-SE/benchmark_multi_island_v5/official_experiments/multistartlp/preliminar/set_01_pt_03/logs/heur_mslp/timelines/12R_12V_02I_03M/lr109_timeline_genconfig_mslp_seed_31_alpha_10p.txt;124.15;t1;0;722.63;false
0.1;0.01;0.02;0.02;0.0;0.0;7;/dados/rmelo/PDPTW-SE/benchmark_multi_island_v5/official_experiments/multistartlp/preliminar/set_01_pt_03/logs/heur_mslp/outputs/csvresults_heur_mslp_bash_2.csv;0;3;1;26;0;0.0;0.5;true;14;2;lr208_t2_12R_12V_02I_03M;/dados/rmelo/PDPTW-SE/benchmark_multi_island_v5/official_experiments/multistartlp/preliminar/set_01_pt_03/configs/genconfig_mslp.conf;genconfig_mslp;/dados/rmelo/PDPTW-SE/benchmark_multi_island_v5/official_experiments/multistartlp/preliminar/set_01_pt_03/logs/heur_mslp/gurobi/12R_12V_02I_03M/lr208_grb_genconfig_mslp_seed_31_alpha_10p.log;random;12R_12V_02I_03M;1;0;1;/dados/rmelo/PDPTW-SE/benchmark_multi_island_v5/official_experiments/multistartlp/preliminar/set_01_pt_03/../../../../instances/orig_ams_fg/12R_12V_02I_04M/t2/lr208/;60000;7259;0;1024.04;25;13;H;50;95;0;100.0;30.0;true;0.95;100.0;1.0;1.0;1.0;1.0;60;M;50279;60000;false;58;0.78;114.02;1.0;29;10;1000000;-1;3600;5.81;0.78;1.0;mslp;heur;0.78;1.0;-1;3600;60000;I;12;0.67;0.08;lr208;0;/dados/rmelo/PDPTW-SE/benchmark_multi_island_v5/official_experiments/multistartlp/preliminar/set_01_pt_03/logs;0;0;0;0.0;83.8;1;31;/dados/rmelo/PDPTW-SE/benchmark_multi_island_v5/official_experiments/multistartlp/preliminar/set_01_pt_03/logs/heur_mslp/solutions/12R_12V_02I_03M/lr208_sol_genconfig_mslp_seed_31_alpha_10p.txt;Gurobi;AUTOMATIC;17.78;_bash_2;_seed_31_alpha_10p;3486.42;1;29.85;/dados/rmelo/PDPTW-SE/benchmark_multi_island_v5/official_experiments/multistartlp/preliminar/set_01_pt_03/logs/heur_mslp/timelines/12R_12V_02I_03M/lr208_timeline_genconfig_mslp_seed_31_alpha_10p.txt;247.29;t2;0;781.85;false
0.1;0.14;0.26;0.4;0.0;0.0;10;/dados/rmelo/PDPTW-SE/benchmark_multi_island_v5/official_experiments/multistartlp/preliminar/set_01_pt_03/logs/heur_mslp/outputs/csvresults_heur_mslp_bash_2.csv;0;3;1;26;0;0.0;0.5;true;14;2;lr110_t1_12R_12V_04I_03M;/dados/rmelo/PDPTW-SE/benchmark_multi_island_v5/official_experiments/multistartlp/preliminar/set_01_pt_03/configs/genconfig_mslp.conf;genconfig_mslp;/dados/rmelo/PDPTW-SE/benchmark_multi_island_v5/official_experiments/multistartlp/preliminar/set_01_pt_03/logs/heur_mslp/gurobi/12R_12V_04I_03M/lr110_grb_genconfig_mslp_seed_31_alpha_10p.log;random;12R_12V_04I_03M;1;12974;1;/dados/rmelo/PDPTW-SE/benchmark_multi_island_v5/official_experiments/multistartlp/preliminar/set_01_pt_03/../../../../instances/orig_ams_fg/12R_12V_04I_04M/t1/lr110/;60000;19224;0;1067.55;25;13;H;50;95;0;100.0;30.0;true;0.95;100.0;1.0;1.0;1.0;1.0;60;M;47026;47026;false;52;0.72;75.02;0.67;26;10;1000000;-1;3600;13.44;0.57;0.43;mslp;heur;0.37;0.1;-1;3600;60000;I;12;1.0;0.5;lr110;0;/dados/rmelo/PDPTW-SE/benchmark_multi_island_v5/official_experiments/multistartlp/preliminar/set_01_pt_03/logs;0;0;0;21.62;100.0;1;31;/dados/rmelo/PDPTW-SE/benchmark_multi_island_v5/official_experiments/multistartlp/preliminar/set_01_pt_03/logs/heur_mslp/solutions/12R_12V_04I_03M/lr110_sol_genconfig_mslp_seed_31_alpha_10p.txt;Gurobi;AUTOMATIC;17.79;_bash_2;_seed_31_alpha_10p;6320.09;1;41.01;/dados/rmelo/PDPTW-SE/benchmark_multi_island_v5/official_experiments/multistartlp/preliminar/set_01_pt_03/logs/heur_mslp/timelines/12R_12V_04I_03M/lr110_timeline_genconfig_mslp_seed_31_alpha_10p.txt;123.3;t1;0;786.88;false
0.1;0.01;0.06;0.08;0.0;0.0;16;/dados/rmelo/PDPTW-SE/benchmark_multi_island_v5/official_experiments/multistartlp/preliminar/set_01_pt_03/logs/heur_mslp/outputs/csvresults_heur_mslp_bash_2.csv;0;3;1;26;0;0.0;0.5;true;14;2;lr207_t2_12R_12V_04I_03M;/dados/rmelo/PDPTW-SE/benchmark_multi_island_v5/official_experiments/multistartlp/preliminar/set_01_pt_03/configs/genconfig_mslp.conf;genconfig_mslp;/dados/rmelo/PDPTW-SE/benchmark_multi_island_v5/official_experiments/multistartlp/preliminar/set_01_pt_03/logs/heur_mslp/gurobi/12R_12V_04I_03M/lr207_grb_genconfig_mslp_seed_31_alpha_10p.log;random;12R_12V_04I_03M;1;0;1;/dados/rmelo/PDPTW-SE/benchmark_multi_island_v5/official_experiments/multistartlp/preliminar/set_01_pt_03/../../../../instances/orig_ams_fg/12R_12V_04I_04M/t2/lr207/;60000;6859;0;1515.14;25;13;H;50;95;0;100.0;30.0;true;0.95;100.0;1.0;1.0;1.0;1.0;60;M;59944;60000;false;40;0.88;90.05;0.97;20;10;1000000;-1;3600;13.83;0.88;0.97;mslp;heur;0.88;0.97;-1;3600;60000;I;12;1.0;0.08;lr207;0;/dados/rmelo/PDPTW-SE/benchmark_multi_island_v5/official_experiments/multistartlp/preliminar/set_01_pt_03/logs;0;0;0;0.0;99.91;1;31;/dados/rmelo/PDPTW-SE/benchmark_multi_island_v5/official_experiments/multistartlp/preliminar/set_01_pt_03/logs/heur_mslp/solutions/12R_12V_04I_03M/lr207_sol_genconfig_mslp_seed_31_alpha_10p.txt;Gurobi;AUTOMATIC;17.84;_bash_2;_seed_31_alpha_10p;8300.88;1;33.42;/dados/rmelo/PDPTW-SE/benchmark_multi_island_v5/official_experiments/multistartlp/preliminar/set_01_pt_03/logs/heur_mslp/timelines/12R_12V_04I_03M/lr207_timeline_genconfig_mslp_seed_31_alpha_10p.txt;289.98;t2;0;881.17;false
0.1;0.06;0.11;0.16;0.0;0.04;1;/dados/rmelo/PDPTW-SE/benchmark_multi_island_v5/official_experiments/multistartlp/preliminar/set_01_pt_03/logs/heur_mslp/outputs/csvresults_heur_mslp_bash_2.csv;0;5;1;82;0;0.0;0.5;true;42;2;LR1_2_6_t1_40R_40V_02I_05M;/dados/rmelo/PDPTW-SE/benchmark_multi_island_v5/official_experiments/multistartlp/preliminar/set_01_pt_03/configs/genconfig_mslp.conf;genconfig_mslp;/dados/rmelo/PDPTW-SE/benchmark_multi_island_v5/official_experiments/multistartlp/preliminar/set_01_pt_03/logs/heur_mslp/gurobi/40R_40V_02I_05M/LR1_2_6_grb_genconfig_mslp_seed_31_alpha_10p.log;random;40R_40V_02I_05M;1;59999;1;/dados/rmelo/PDPTW-SE/benchmark_multi_island_v5/official_experiments/multistartlp/preliminar/set_01_pt_03/../../../../instances/orig_ams_fg/40R_40V_02I_06M/t1/LR1_2_6/;60000;1;0;6335.36;81;41;H;50;95;0;100.0;30.0;true;0.95;100.0;1.0;1.0;1.0;1.0;60;M;1;1;false;72;0.93;213.59;1.0;36;10;1000000;-1;3600;4.7;0.68;0.58;mslp;heur;0.3;0.12;-1;3600;60000;I;40;1.0;0.35;LR1_2_6;0;/dados/rmelo/PDPTW-SE/benchmark_multi_island_v5/official_experiments/multistartlp/preliminar/set_01_pt_03/logs;0;0;0;100.0;100.0;1;31;/dados/rmelo/PDPTW-SE/benchmark_multi_island_v5/official_experiments/multistartlp/preliminar/set_01_pt_03/logs/heur_mslp/solutions/40R_40V_02I_05M/LR1_2_6_sol_genconfig_mslp_seed_31_alpha_10p.txt;Gurobi;AUTOMATIC;17.86;_bash_2;_seed_31_alpha_10p;0.05;1;0.01;/dados/rmelo/PDPTW-SE/benchmark_multi_island_v5/official_experiments/multistartlp/preliminar/set_01_pt_03/logs/heur_mslp/timelines/40R_40V_02I_05M/LR1_2_6_timeline_genconfig_mslp_seed_31_alpha_10p.txt;182.63;t1;0;6037.52;false
0.1;0.01;0.02;0.03;0.03;0.02;10;/dados/rmelo/PDPTW-SE/benchmark_multi_island_v5/official_experiments/multistartlp/preliminar/set_01_pt_03/logs/heur_mslp/outputs/csvresults_heur_mslp_bash_2.csv;0;5;1;82;0;0.0;0.5;true;42;2;LR2_2_10_t2_40R_40V_02I_05M;/dados/rmelo/PDPTW-SE/benchmark_multi_island_v5/official_experiments/multistartlp/preliminar/set_01_pt_03/configs/genconfig_mslp.conf;genconfig_mslp;/dados/rmelo/PDPTW-SE/benchmark_multi_island_v5/official_experiments/multistartlp/preliminar/set_01_pt_03/logs/heur_mslp/gurobi/40R_40V_02I_05M/LR2_2_10_grb_genconfig_mslp_seed_31_alpha_10p.log;random;40R_40V_02I_05M;1;0;1;/dados/rmelo/PDPTW-SE/benchmark_multi_island_v5/official_experiments/multistartlp/preliminar/set_01_pt_03/../../../../instances/orig_ams_fg/40R_40V_02I_06M/t2/LR2_2_10/;60000;16548;0;8574.12;81;41;H;50;95;0;100.0;30.0;true;0.95;100.0;1.0;1.0;1.0;1.0;60;M;60000;60000;false;80;0.95;269.32;0.98;40;10;1000000;-1;3600;6.35;0.5;0.92;mslp;heur;0.17;0.79;-1;3600;60000;I;40;1.0;0.12;LR2_2_10;0;/dados/rmelo/PDPTW-SE/benchmark_multi_island_v5/official_experiments/multistartlp/preliminar/set_01_pt_03/logs;0;0;0;0.0;100.0;1;31;/dados/rmelo/PDPTW-SE/benchmark_multi_island_v5/official_experiments/multistartlp/preliminar/set_01_pt_03/logs/heur_mslp/solutions/40R_40V_02I_05M/LR2_2_10_sol_genconfig_mslp_seed_31_alpha_10p.txt;Gurobi;AUTOMATIC;17.91;_bash_2;_seed_31_alpha_10p;3808.06;1;360.18;/dados/rmelo/PDPTW-SE/benchmark_multi_island_v5/official_experiments/multistartlp/preliminar/set_01_pt_03/logs/heur_mslp/timelines/40R_40V_02I_05M/LR2_2_10_timeline_genconfig_mslp_seed_31_alpha_10p.txt;1296.83;t2;0;6336.63;false
0.1;0.09;0.16;0.24;0.0;0.05;11;/dados/rmelo/PDPTW-SE/benchmark_multi_island_v5/official_experiments/multistartlp/preliminar/set_01_pt_03/logs/heur_mslp/outputs/csvresults_heur_mslp_bash_2.csv;0;5;1;82;0;0.0;0.5;true;42;2;LR1_2_10_t1_40R_40V_04I_05M;/dados/rmelo/PDPTW-SE/benchmark_multi_island_v5/official_experiments/multistartlp/preliminar/set_01_pt_03/configs/genconfig_mslp.conf;genconfig_mslp;/dados/rmelo/PDPTW-SE/benchmark_multi_island_v5/official_experiments/multistartlp/preliminar/set_01_pt_03/logs/heur_mslp/gurobi/40R_40V_04I_05M/LR1_2_10_grb_genconfig_mslp_seed_31_alpha_10p.log;random;40R_40V_04I_05M;1;35804;1;/dados/rmelo/PDPTW-SE/benchmark_multi_island_v5/official_experiments/multistartlp/preliminar/set_01_pt_03/../../../../instances/orig_ams_fg/40R_40V_04I_06M/t1/LR1_2_10/;60000;48166;0;5960.07;81;41;H;50;95;0;100.0;30.0;true;0.95;100.0;1.0;1.0;1.0;1.0;60;M;24196;24196;false;72;0.96;175.77;0.98;36;10;1000000;-1;3600;7.19;0.73;0.76;mslp;heur;0.56;0.28;-1;3600;60000;I;40;1.0;0.22;LR1_2_10;0;/dados/rmelo/PDPTW-SE/benchmark_multi_island_v5/official_experiments/multistartlp/preliminar/set_01_pt_03/logs;0;0;0;59.67;100.0;1;31;/dados/rmelo/PDPTW-SE/benchmark_multi_island_v5/official_experiments/multistartlp/preliminar/set_01_pt_03/logs/heur_mslp/solutions/40R_40V_04I_05M/LR1_2_10_sol_genconfig_mslp_seed_31_alpha_10p.txt;Gurobi;AUTOMATIC;17.56;_bash_2;_seed_31_alpha_10p;1740.88;1;547.83;/dados/rmelo/PDPTW-SE/benchmark_multi_island_v5/official_experiments/multistartlp/preliminar/set_01_pt_03/logs/heur_mslp/timelines/40R_40V_04I_05M/LR1_2_10_timeline_genconfig_mslp_seed_31_alpha_10p.txt;681.53;t1;0;4152.08;false
0.1;0.05;0.09;0.14;0.0;0.0;4;/dados/rmelo/PDPTW-SE/benchmark_multi_island_v5/official_experiments/multistartlp/preliminar/set_01_pt_03/logs/heur_mslp/outputs/csvresults_heur_mslp_bash_2.csv;0;5;1;82;0;0.0;0.5;true;42;2;LR2_2_7_t2_40R_40V_04I_05M;/dados/rmelo/PDPTW-SE/benchmark_multi_island_v5/official_experiments/multistartlp/preliminar/set_01_pt_03/configs/genconfig_mslp.conf;genconfig_mslp;/dados/rmelo/PDPTW-SE/benchmark_multi_island_v5/official_experiments/multistartlp/preliminar/set_01_pt_03/logs/heur_mslp/gurobi/40R_40V_04I_05M/LR2_2_7_grb_genconfig_mslp_seed_31_alpha_10p.log;random;40R_40V_04I_05M;1;0;1;/dados/rmelo/PDPTW-SE/benchmark_multi_island_v5/official_experiments/multistartlp/preliminar/set_01_pt_03/../../../../instances/orig_ams_fg/40R_40V_04I_06M/t2/LR2_2_7/;60000;4637;0;8096.37;81;41;H;50;95;0;100.0;30.0;true;0.95;100.0;1.0;1.0;1.0;1.0;60;M;59993;60000;false;78;0.77;188.0;1.0;39;10;1000000;-1;3600;2.37;0.73;0.96;mslp;heur;0.66;0.92;-1;3600;60000;I;40;1.0;0.08;LR2_2_7;0;/dados/rmelo/PDPTW-SE/benchmark_multi_island_v5/official_experiments/multistartlp/preliminar/set_01_pt_03/logs;0;0;0;0.0;99.99;1;31;/dados/rmelo/PDPTW-SE/benchmark_multi_island_v5/official_experiments/multistartlp/preliminar/set_01_pt_03/logs/heur_mslp/solutions/40R_40V_04I_05M/LR2_2_7_sol_genconfig_mslp_seed_31_alpha_10p.txt;Gurobi;AUTOMATIC;17.73;_bash_2;_seed_31_alpha_10p;1421.67;1;276.92;/dados/rmelo/PDPTW-SE/benchmark_multi_island_v5/official_experiments/multistartlp/preliminar/set_01_pt_03/logs/heur_mslp/timelines/40R_40V_04I_05M/LR2_2_7_timeline_genconfig_mslp_seed_31_alpha_10p.txt;3580.74;t2;0;5514.1;false
0.1;0.03;0.06;0.09;0.01;0.19;0;/dados/rmelo/PDPTW-SE/benchmark_multi_island_v5/official_experiments/multistartlp/preliminar/set_01_pt_03/logs/heur_mslp/outputs/csvresults_heur_mslp_bash_2.csv;0;5;1;122;0;0.0;0.5;false;62;2;LR1_2_6_t1_60R_60V_02I_05M;/dados/rmelo/PDPTW-SE/benchmark_multi_island_v5/official_experiments/multistartlp/preliminar/set_01_pt_03/configs/genconfig_mslp.conf;genconfig_mslp;/dados/rmelo/PDPTW-SE/benchmark_multi_island_v5/official_experiments/multistartlp/preliminar/set_01_pt_03/logs/heur_mslp/gurobi/60R_60V_02I_05M/LR1_2_6_grb_genconfig_mslp_seed_31_alpha_10p.log;random;60R_60V_02I_05M;1;60000;1;/dados/rmelo/PDPTW-SE/benchmark_multi_island_v5/official_experiments/multistartlp/preliminar/set_01_pt_03/../../../../instances/orig_ams_fg/60R_60V_02I_06M/t1/LR1_2_6/;60000;0;0;0.0;121;61;H;50;95;0;100.0;30.0;true;0.95;100.0;1.0;1.0;1.0;1.0;60;M;0;0;false;82;0.96;277.16;0.61;41;10;1000000;-1;3600;0.0;0.63;0.32;mslp;heur;0.45;0.01;-1;3600;60000;I;60;1.0;0.22;LR1_2_6;0;/dados/rmelo/PDPTW-SE/benchmark_multi_island_v5/official_experiments/multistartlp/preliminar/set_01_pt_03/logs;0;0;0;100.0;0.0;1;31;/dados/rmelo/PDPTW-SE/benchmark_multi_island_v5/official_experiments/multistartlp/preliminar/set_01_pt_03/logs/heur_mslp/solutions/60R_60V_02I_05M/LR1_2_6_sol_genconfig_mslp_seed_31_alpha_10p.txt;Gurobi;AUTOMATIC;18.06;_bash_2;_seed_31_alpha_10p;0.0;1;0.0;/dados/rmelo/PDPTW-SE/benchmark_multi_island_v5/official_experiments/multistartlp/preliminar/set_01_pt_03/logs/heur_mslp/timelines/60R_60V_02I_05M/LR1_2_6_timeline_genconfig_mslp_seed_31_alpha_10p.txt;197.19;t1;0;Inf;false
0.1;0.01;0.01;0.02;0.0;0.0;8;/dados/rmelo/PDPTW-SE/benchmark_multi_island_v5/official_experiments/multistartlp/preliminar/set_01_pt_03/logs/heur_mslp/outputs/csvresults_heur_mslp_bash_2.csv;0;5;1;122;0;0.0;0.5;true;62;2;LR2_2_8_t2_60R_60V_02I_05M;/dados/rmelo/PDPTW-SE/benchmark_multi_island_v5/official_experiments/multistartlp/preliminar/set_01_pt_03/configs/genconfig_mslp.conf;genconfig_mslp;/dados/rmelo/PDPTW-SE/benchmark_multi_island_v5/official_experiments/multistartlp/preliminar/set_01_pt_03/logs/heur_mslp/gurobi/60R_60V_02I_05M/LR2_2_8_grb_genconfig_mslp_seed_31_alpha_10p.log;random;60R_60V_02I_05M;1;0;1;/dados/rmelo/PDPTW-SE/benchmark_multi_island_v5/official_experiments/multistartlp/preliminar/set_01_pt_03/../../../../instances/orig_ams_fg/60R_60V_02I_06M/t2/LR2_2_8/;35999;25867;0;8492.21;121;61;H;50;95;0;100.0;30.0;true;0.95;100.0;1.0;1.0;1.0;1.0;60;M;35676;35999;false;80;0.96;227.5;1.0;40;10;1000000;-1;3600;1.31;0.67;0.83;mslp;heur;0.13;0.38;-1;3600;60000;I;60;0.6;0.07;LR2_2_8;0;/dados/rmelo/PDPTW-SE/benchmark_multi_island_v5/official_experiments/multistartlp/preliminar/set_01_pt_03/logs;0;0;0;0.0;99.1;1;31;/dados/rmelo/PDPTW-SE/benchmark_multi_island_v5/official_experiments/multistartlp/preliminar/set_01_pt_03/logs/heur_mslp/solutions/60R_60V_02I_05M/LR2_2_8_sol_genconfig_mslp_seed_31_alpha_10p.txt;Gurobi;AUTOMATIC;17.85;_bash_2;_seed_31_alpha_10p;470.99;1;2586.28;/dados/rmelo/PDPTW-SE/benchmark_multi_island_v5/official_experiments/multistartlp/preliminar/set_01_pt_03/logs/heur_mslp/timelines/60R_60V_02I_05M/LR2_2_8_timeline_genconfig_mslp_seed_31_alpha_10p.txt;3600.01;t2;0;6749.29;false
0.1;0.12;0.17;0.29;0.01;0.09;1;/dados/rmelo/PDPTW-SE/benchmark_multi_island_v5/official_experiments/multistartlp/preliminar/set_01_pt_03/logs/heur_mslp/outputs/csvresults_heur_mslp_bash_2.csv;0;5;1;122;0;0.0;0.5;true;62;2;LR1_2_6_t1_60R_60V_04I_05M;/dados/rmelo/PDPTW-SE/benchmark_multi_island_v5/official_experiments/multistartlp/preliminar/set_01_pt_03/configs/genconfig_mslp.conf;genconfig_mslp;/dados/rmelo/PDPTW-SE/benchmark_multi_island_v5/official_experiments/multistartlp/preliminar/set_01_pt_03/logs/heur_mslp/gurobi/60R_60V_04I_05M/LR1_2_6_grb_genconfig_mslp_seed_31_alpha_10p.log;random;60R_60V_04I_05M;1;59999;1;/dados/rmelo/PDPTW-SE/benchmark_multi_island_v5/official_experiments/multistartlp/preliminar/set_01_pt_03/../../../../instances/orig_ams_fg/60R_60V_04I_06M/t1/LR1_2_6/;60000;1;0;8335.07;121;61;H;50;95;0;100.0;30.0;true;0.95;100.0;1.0;1.0;1.0;1.0;60;M;1;1;false;82;0.93;184.15;0.96;41;10;1000000;-1;3600;5.47;0.57;0.63;mslp;heur;0.25;0.13;-1;3600;60000;I;60;1.0;0.28;LR1_2_6;0;/dados/rmelo/PDPTW-SE/benchmark_multi_island_v5/official_experiments/multistartlp/preliminar/set_01_pt_03/logs;0;0;0;100.0;100.0;1;31;/dados/rmelo/PDPTW-SE/benchmark_multi_island_v5/official_experiments/multistartlp/preliminar/set_01_pt_03/logs/heur_mslp/solutions/60R_60V_04I_05M/LR1_2_6_sol_genconfig_mslp_seed_31_alpha_10p.txt;Gurobi;AUTOMATIC;17.89;_bash_2;_seed_31_alpha_10p;0.05;1;0.05;/dados/rmelo/PDPTW-SE/benchmark_multi_island_v5/official_experiments/multistartlp/preliminar/set_01_pt_03/logs/heur_mslp/timelines/60R_60V_04I_05M/LR1_2_6_timeline_genconfig_mslp_seed_31_alpha_10p.txt;394.46;t1;0;7879.32;false
0.1;0.02;0.04;0.06;0.0;0.0;4;/dados/rmelo/PDPTW-SE/benchmark_multi_island_v5/official_experiments/multistartlp/preliminar/set_01_pt_03/logs/heur_mslp/outputs/csvresults_heur_mslp_bash_2.csv;0;5;1;122;0;0.0;0.5;true;62;2;LR2_2_8_t2_60R_60V_04I_05M;/dados/rmelo/PDPTW-SE/benchmark_multi_island_v5/official_experiments/multistartlp/preliminar/set_01_pt_03/configs/genconfig_mslp.conf;genconfig_mslp;/dados/rmelo/PDPTW-SE/benchmark_multi_island_v5/official_experiments/multistartlp/preliminar/set_01_pt_03/logs/heur_mslp/gurobi/60R_60V_04I_05M/LR2_2_8_grb_genconfig_mslp_seed_31_alpha_10p.log;random;60R_60V_04I_05M;1;0;1;/dados/rmelo/PDPTW-SE/benchmark_multi_island_v5/official_experiments/multistartlp/preliminar/set_01_pt_03/../../../../instances/orig_ams_fg/60R_60V_04I_06M/t2/LR2_2_8/;19751;12904;0;9570.91;121;61;H;50;95;0;100.0;30.0;true;0.95;100.0;1.0;1.0;1.0;1.0;60;M;19598;19751;false;80;0.9;181.1;1.0;40;10;1000000;-1;3600;0.88;0.71;0.97;mslp;heur;0.42;0.94;-1;3600;60000;I;60;1.0;0.07;LR2_2_8;0;/dados/rmelo/PDPTW-SE/benchmark_multi_island_v5/official_experiments/multistartlp/preliminar/set_01_pt_03/logs;0;0;0;0.0;99.23;1;31;/dados/rmelo/PDPTW-SE/benchmark_multi_island_v5/official_experiments/multistartlp/preliminar/set_01_pt_03/logs/heur_mslp/solutions/60R_60V_04I_05M/LR2_2_8_sol_genconfig_mslp_seed_31_alpha_10p.txt;Gurobi;AUTOMATIC;17.67;_bash_2;_seed_31_alpha_10p;174.1;1;2352.19;/dados/rmelo/PDPTW-SE/benchmark_multi_island_v5/official_experiments/multistartlp/preliminar/set_01_pt_03/logs/heur_mslp/timelines/60R_60V_04I_05M/LR2_2_8_timeline_genconfig_mslp_seed_31_alpha_10p.txt;3600.05;t2;0;7233.43;false
0.1;0.0;0.12;0.12;0.0;0.0;5;/dados/rmelo/PDPTW-SE/benchmark_multi_island_v5/official_experiments/multistartlp/preliminar/set_01_pt_03/logs/heur_mslp/outputs/csvresults_heur_mslp_bash_2.csv;0;3;1;18;0;0.0;0.5;true;10;2;lr109_t1_08R_08V_02I_03M;/dados/rmelo/PDPTW-SE/benchmark_multi_island_v5/official_experiments/multistartlp/preliminar/set_01_pt_03/configs/genconfig_mslp.conf;genconfig_mslp;/dados/rmelo/PDPTW-SE/benchmark_multi_island_v5/official_experiments/multistartlp/preliminar/set_01_pt_03/logs/heur_mslp/gurobi/08R_08V_02I_03M/lr109_grb_genconfig_mslp_seed_38_alpha_10p.log;random;08R_08V_02I_03M;1;0;1;/dados/rmelo/PDPTW-SE/benchmark_multi_island_v5/official_experiments/multistartlp/preliminar/set_01_pt_03/../../../../instances/orig_ams_fg/08R_08V_02I_04M/t1/lr109/;60000;95;0;704.81;17;9;H;50;95;0;100.0;30.0;true;0.95;100.0;1.0;1.0;1.0;1.0;60;M;60000;60000;false;52;0.91;79.5;0.6;26;10;1000000;-1;3600;8.79;0.77;0.52;mslp;heur;0.59;0.35;-1;3600;60000;I;8;0.67;0.38;lr109;0;/dados/rmelo/PDPTW-SE/benchmark_multi_island_v5/official_experiments/multistartlp/preliminar/set_01_pt_03/logs;0;0;0;0.0;100.0;1;38;/dados/rmelo/PDPTW-SE/benchmark_multi_island_v5/official_experiments/multistartlp/preliminar/set_01_pt_03/logs/heur_mslp/solutions/08R_08V_02I_03M/lr109_sol_genconfig_mslp_seed_38_alpha_10p.txt;Gurobi;AUTOMATIC;17.7;_bash_2;_seed_38_alpha_10p;5274.13;1;0.43;/dados/rmelo/PDPTW-SE/benchmark_multi_island_v5/official_experiments/multistartlp/preliminar/set_01_pt_03/logs/heur_mslp/timelines/08R_08V_02I_03M/lr109_timeline_genconfig_mslp_seed_38_alpha_10p.txt;98.19;t1;0;533.17;false
0.1;0.0;0.03;0.03;0.0;0.0;4;/dados/rmelo/PDPTW-SE/benchmark_multi_island_v5/official_experiments/multistartlp/preliminar/set_01_pt_03/logs/heur_mslp/outputs/csvresults_heur_mslp_bash_2.csv;0;3;1;18;0;0.0;0.5;true;10;2;lr209_t2_08R_08V_02I_03M;/dados/rmelo/PDPTW-SE/benchmark_multi_island_v5/official_experiments/multistartlp/preliminar/set_01_pt_03/configs/genconfig_mslp.conf;genconfig_mslp;/dados/rmelo/PDPTW-SE/benchmark_multi_island_v5/official_experiments/multistartlp/preliminar/set_01_pt_03/logs/heur_mslp/gurobi/08R_08V_02I_03M/lr209_grb_genconfig_mslp_seed_38_alpha_10p.log;random;08R_08V_02I_03M;1;0;1;/dados/rmelo/PDPTW-SE/benchmark_multi_island_v5/official_experiments/multistartlp/preliminar/set_01_pt_03/../../../../instances/orig_ams_fg/08R_08V_02I_04M/t2/lr209/;60000;189;0;1286.11;17;9;H;50;95;0;100.0;30.0;true;0.95;100.0;1.0;1.0;1.0;1.0;60;M;58845;60000;false;46;0.57;79.13;0.82;23;10;1000000;-1;3600;20.62;0.57;0.82;mslp;heur;0.57;0.82;-1;3600;60000;I;8;0.67;0.12;lr209;0;/dados/rmelo/PDPTW-SE/benchmark_multi_island_v5/official_experiments/multistartlp/preliminar/set_01_pt_03/logs;0;0;0;0.0;98.08;1;38;/dados/rmelo/PDPTW-SE/benchmark_multi_island_v5/official_experiments/multistartlp/preliminar/set_01_pt_03/logs/heur_mslp/solutions/08R_08V_02I_03M/lr209_sol_genconfig_mslp_seed_38_alpha_10p.txt;Gurobi;AUTOMATIC;17.74;_bash_2;_seed_38_alpha_10p;12373.92;1;0.68;/dados/rmelo/PDPTW-SE/benchmark_multi_island_v5/official_experiments/multistartlp/preliminar/set_01_pt_03/logs/heur_mslp/timelines/08R_08V_02I_03M/lr209_timeline_genconfig_mslp_seed_38_alpha_10p.txt;118.21;t2;0;565.91;false
0.1;0.1;0.28;0.38;0.0;0.0;9;/dados/rmelo/PDPTW-SE/benchmark_multi_island_v5/official_experiments/multistartlp/preliminar/set_01_pt_03/logs/heur_mslp/outputs/csvresults_heur_mslp_bash_2.csv;0;3;1;18;0;0.0;0.5;true;10;2;lr110_t1_08R_08V_04I_03M;/dados/rmelo/PDPTW-SE/benchmark_multi_island_v5/official_experiments/multistartlp/preliminar/set_01_pt_03/configs/genconfig_mslp.conf;genconfig_mslp;/dados/rmelo/PDPTW-SE/benchmark_multi_island_v5/official_experiments/multistartlp/preliminar/set_01_pt_03/logs/heur_mslp/gurobi/08R_08V_04I_03M/lr110_grb_genconfig_mslp_seed_38_alpha_10p.log;random;08R_08V_04I_03M;1;24720;1;/dados/rmelo/PDPTW-SE/benchmark_multi_island_v5/official_experiments/multistartlp/preliminar/set_01_pt_03/../../../../instances/orig_ams_fg/08R_08V_04I_04M/t1/lr110/;60000;382;0;802.28;17;9;H;50;95;0;100.0;30.0;true;0.95;100.0;1.0;1.0;1.0;1.0;60;M;35280;35280;false;52;0.89;73.43;0.69;26;10;1000000;-1;3600;11.69;0.58;0.46;mslp;heur;0.35;0.15;-1;3600;60000;I;8;1.0;0.62;lr110;0;/dados/rmelo/PDPTW-SE/benchmark_multi_island_v5/official_experiments/multistartlp/preliminar/set_01_pt_03/logs;0;0;0;41.2;100.0;1;38;/dados/rmelo/PDPTW-SE/benchmark_multi_island_v5/official_experiments/multistartlp/preliminar/set_01_pt_03/logs/heur_mslp/solutions/08R_08V_04I_03M/lr110_sol_genconfig_mslp_seed_38_alpha_10p.txt;Gurobi;AUTOMATIC;17.93;_bash_2;_seed_38_alpha_10p;4125.53;1;0.76;/dados/rmelo/PDPTW-SE/benchmark_multi_island_v5/official_experiments/multistartlp/preliminar/set_01_pt_03/logs/heur_mslp/timelines/08R_08V_04I_03M/lr110_timeline_genconfig_mslp_seed_38_alpha_10p.txt;74.46;t1;0;672.2;false
0.1;0.01;0.05;0.07;0.0;0.0;8;/dados/rmelo/PDPTW-SE/benchmark_multi_island_v5/official_experiments/multistartlp/preliminar/set_01_pt_03/logs/heur_mslp/outputs/csvresults_heur_mslp_bash_2.csv;0;3;1;18;0;0.0;0.5;true;10;2;lr209_t2_08R_08V_04I_03M;/dados/rmelo/PDPTW-SE/benchmark_multi_island_v5/official_experiments/multistartlp/preliminar/set_01_pt_03/configs/genconfig_mslp.conf;genconfig_mslp;/dados/rmelo/PDPTW-SE/benchmark_multi_island_v5/official_experiments/multistartlp/preliminar/set_01_pt_03/logs/heur_mslp/gurobi/08R_08V_04I_03M/lr209_grb_genconfig_mslp_seed_38_alpha_10p.log;random;08R_08V_04I_03M;1;0;1;/dados/rmelo/PDPTW-SE/benchmark_multi_island_v5/official_experiments/multistartlp/preliminar/set_01_pt_03/../../../../instances/orig_ams_fg/08R_08V_04I_04M/t2/lr209/;60000;10648;0;788.43;17;9;H;50;95;0;100.0;30.0;true;0.95;100.0;1.0;1.0;1.0;1.0;60;M;59518;60000;false;46;0.56;81.38;0.93;23;10;1000000;-1;3600;21.61;0.31;0.77;mslp;heur;0.07;0.61;-1;3600;60000;I;8;1.0;0.25;lr209;0;/dados/rmelo/PDPTW-SE/benchmark_multi_island_v5/official_experiments/multistartlp/preliminar/set_01_pt_03/logs;0;0;0;0.0;99.2;1;38;/dados/rmelo/PDPTW-SE/benchmark_multi_island_v5/official_experiments/multistartlp/preliminar/set_01_pt_03/logs/heur_mslp/solutions/08R_08V_04I_03M/lr209_sol_genconfig_mslp_seed_38_alpha_10p.txt;Gurobi;AUTOMATIC;17.83;_bash_2;_seed_38_alpha_10p;12963.66;1;29.25;/dados/rmelo/PDPTW-SE/benchmark_multi_island_v5/official_experiments/multistartlp/preliminar/set_01_pt_03/logs/heur_mslp/timelines/08R_08V_04I_03M/lr209_timeline_genconfig_mslp_seed_38_alpha_10p.txt;161.94;t2;0;626.42;false
0.1;0.0;0.07;0.07;0.0;0.0;7;/dados/rmelo/PDPTW-SE/benchmark_multi_island_v5/official_experiments/multistartlp/preliminar/set_01_pt_03/logs/heur_mslp/outputs/csvresults_heur_mslp_bash_2.csv;0;3;1;26;0;0.0;0.5;true;14;2;lr109_t1_12R_12V_02I_03M;/dados/rmelo/PDPTW-SE/benchmark_multi_island_v5/official_experiments/multistartlp/preliminar/set_01_pt_03/configs/genconfig_mslp.conf;genconfig_mslp;/dados/rmelo/PDPTW-SE/benchmark_multi_island_v5/official_experiments/multistartlp/preliminar/set_01_pt_03/logs/heur_mslp/gurobi/12R_12V_02I_03M/lr109_grb_genconfig_mslp_seed_38_alpha_10p.log;random;12R_12V_02I_03M;1;0;1;/dados/rmelo/PDPTW-SE/benchmark_multi_island_v5/official_experiments/multistartlp/preliminar/set_01_pt_03/../../../../instances/orig_ams_fg/12R_12V_02I_04M/t1/lr109/;60000;496;0;918.65;25;13;H;50;95;0;100.0;30.0;true;0.95;100.0;1.0;1.0;1.0;1.0;60;M;60000;60000;false;58;0.83;96.56;0.98;29;10;1000000;-1;3600;8.19;0.79;0.71;mslp;heur;0.73;0.25;-1;3600;60000;I;12;0.67;0.33;lr109;0;/dados/rmelo/PDPTW-SE/benchmark_multi_island_v5/official_experiments/multistartlp/preliminar/set_01_pt_03/logs;0;0;0;0.0;100.0;1;38;/dados/rmelo/PDPTW-SE/benchmark_multi_island_v5/official_experiments/multistartlp/preliminar/set_01_pt_03/logs/heur_mslp/solutions/12R_12V_02I_03M/lr109_sol_genconfig_mslp_seed_38_alpha_10p.txt;Gurobi;AUTOMATIC;17.86;_bash_2;_seed_38_alpha_10p;4916.03;1;1.4;/dados/rmelo/PDPTW-SE/benchmark_multi_island_v5/official_experiments/multistartlp/preliminar/set_01_pt_03/logs/heur_mslp/timelines/12R_12V_02I_03M/lr109_timeline_genconfig_mslp_seed_38_alpha_10p.txt;122.68;t1;0;722.63;false
0.1;0.01;0.02;0.02;0.0;0.0;7;/dados/rmelo/PDPTW-SE/benchmark_multi_island_v5/official_experiments/multistartlp/preliminar/set_01_pt_03/logs/heur_mslp/outputs/csvresults_heur_mslp_bash_2.csv;0;3;1;26;0;0.0;0.5;true;14;2;lr208_t2_12R_12V_02I_03M;/dados/rmelo/PDPTW-SE/benchmark_multi_island_v5/official_experiments/multistartlp/preliminar/set_01_pt_03/configs/genconfig_mslp.conf;genconfig_mslp;/dados/rmelo/PDPTW-SE/benchmark_multi_island_v5/official_experiments/multistartlp/preliminar/set_01_pt_03/logs/heur_mslp/gurobi/12R_12V_02I_03M/lr208_grb_genconfig_mslp_seed_38_alpha_10p.log;random;12R_12V_02I_03M;1;0;1;/dados/rmelo/PDPTW-SE/benchmark_multi_island_v5/official_experiments/multistartlp/preliminar/set_01_pt_03/../../../../instances/orig_ams_fg/12R_12V_02I_04M/t2/lr208/;60000;11027;0;983.25;25;13;H;50;95;0;100.0;30.0;true;0.95;100.0;1.0;1.0;1.0;1.0;60;M;50290;60000;false;58;0.78;114.02;0.91;29;10;1000000;-1;3600;5.8;0.78;0.91;mslp;heur;0.78;0.91;-1;3600;60000;I;12;0.67;0.08;lr208;0;/dados/rmelo/PDPTW-SE/benchmark_multi_island_v5/official_experiments/multistartlp/preliminar/set_01_pt_03/logs;0;0;0;0.0;83.82;1;38;/dados/rmelo/PDPTW-SE/benchmark_multi_island_v5/official_experiments/multistartlp/preliminar/set_01_pt_03/logs/heur_mslp/solutions/12R_12V_02I_03M/lr208_sol_genconfig_mslp_seed_38_alpha_10p.txt;Gurobi;AUTOMATIC;17.82;_bash_2;_seed_38_alpha_10p;3481.43;1;44.92;/dados/rmelo/PDPTW-SE/benchmark_multi_island_v5/official_experiments/multistartlp/preliminar/set_01_pt_03/logs/heur_mslp/timelines/12R_12V_02I_03M/lr208_timeline_genconfig_mslp_seed_38_alpha_10p.txt;245.2;t2;0;775.58;false
0.1;0.14;0.26;0.4;0.0;0.0;7;/dados/rmelo/PDPTW-SE/benchmark_multi_island_v5/official_experiments/multistartlp/preliminar/set_01_pt_03/logs/heur_mslp/outputs/csvresults_heur_mslp_bash_2.csv;0;3;1;26;0;0.0;0.5;true;14;2;lr110_t1_12R_12V_04I_03M;/dados/rmelo/PDPTW-SE/benchmark_multi_island_v5/official_experiments/multistartlp/preliminar/set_01_pt_03/configs/genconfig_mslp.conf;genconfig_mslp;/dados/rmelo/PDPTW-SE/benchmark_multi_island_v5/official_experiments/multistartlp/preliminar/set_01_pt_03/logs/heur_mslp/gurobi/12R_12V_04I_03M/lr110_grb_genconfig_mslp_seed_38_alpha_10p.log;random;12R_12V_04I_03M;1;12992;1;/dados/rmelo/PDPTW-SE/benchmark_multi_island_v5/official_experiments/multistartlp/preliminar/set_01_pt_03/../../../../instances/orig_ams_fg/12R_12V_04I_04M/t1/lr110/;60000;8713;0;1115.69;25;13;H;50;95;0;100.0;30.0;true;0.95;100.0;1.0;1.0;1.0;1.0;60;M;47008;47008;false;52;0.72;75.02;0.85;26;10;1000000;-1;3600;13.45;0.57;0.48;mslp;heur;0.37;0.1;-1;3600;60000;I;12;1.0;0.5;lr110;0;/dados/rmelo/PDPTW-SE/benchmark_multi_island_v5/official_experiments/multistartlp/preliminar/set_01_pt_03/logs;0;0;0;21.65;100.0;1;38;/dados/rmelo/PDPTW-SE/benchmark_multi_island_v5/official_experiments/multistartlp/preliminar/set_01_pt_03/logs/heur_mslp/solutions/12R_12V_04I_03M/lr110_sol_genconfig_mslp_seed_38_alpha_10p.txt;Gurobi;AUTOMATIC;17.75;_bash_2;_seed_38_alpha_10p;6320.46;1;18.16;/dados/rmelo/PDPTW-SE/benchmark_multi_island_v5/official_experiments/multistartlp/preliminar/set_01_pt_03/logs/heur_mslp/timelines/12R_12V_04I_03M/lr110_timeline_genconfig_mslp_seed_38_alpha_10p.txt;122.22;t1;0;786.88;false
0.1;0.02;0.06;0.08;0.0;0.0;7;/dados/rmelo/PDPTW-SE/benchmark_multi_island_v5/official_experiments/multistartlp/preliminar/set_01_pt_03/logs/heur_mslp/outputs/csvresults_heur_mslp_bash_2.csv;0;3;1;26;0;0.0;0.5;true;14;2;lr207_t2_12R_12V_04I_03M;/dados/rmelo/PDPTW-SE/benchmark_multi_island_v5/official_experiments/multistartlp/preliminar/set_01_pt_03/configs/genconfig_mslp.conf;genconfig_mslp;/dados/rmelo/PDPTW-SE/benchmark_multi_island_v5/official_experiments/multistartlp/preliminar/set_01_pt_03/logs/heur_mslp/gurobi/12R_12V_04I_03M/lr207_grb_genconfig_mslp_seed_38_alpha_10p.log;random;12R_12V_04I_03M;1;0;1;/dados/rmelo/PDPTW-SE/benchmark_multi_island_v5/official_experiments/multistartlp/preliminar/set_01_pt_03/../../../../instances/orig_ams_fg/12R_12V_04I_04M/t2/lr207/;60000;7509;0;1612.72;25;13;H;50;95;0;100.0;30.0;true;0.95;100.0;1.0;1.0;1.0;1.0;60;M;59954;60000;false;40;0.7;90.05;0.98;20;10;1000000;-1;3600;13.8;0.44;0.78;mslp;heur;0.18;0.58;-1;3600;60000;I;12;1.0;0.17;lr207;0;/dados/rmelo/PDPTW-SE/benchmark_multi_island_v5/official_experiments/multistartlp/preliminar/set_01_pt_03/logs;0;0;0;0.0;99.92;1;38;/dados/rmelo/PDPTW-SE/benchmark_multi_island_v5/official_experiments/multistartlp/preliminar/set_01_pt_03/logs/heur_mslp/solutions/12R_12V_04I_03M/lr207_sol_genconfig_mslp_seed_38_alpha_10p.txt;Gurobi;AUTOMATIC;17.75;_bash_2;_seed_38_alpha_10p;8280.36;1;36.42;/dados/rmelo/PDPTW-SE/benchmark_multi_island_v5/official_experiments/multistartlp/preliminar/set_01_pt_03/logs/heur_mslp/timelines/12R_12V_04I_03M/lr207_timeline_genconfig_mslp_seed_38_alpha_10p.txt;291.47;t2;0;875.15;false
0.1;0.06;0.11;0.16;0.0;0.04;1;/dados/rmelo/PDPTW-SE/benchmark_multi_island_v5/official_experiments/multistartlp/preliminar/set_01_pt_03/logs/heur_mslp/outputs/csvresults_heur_mslp_bash_2.csv;0;5;1;82;0;0.0;0.5;true;42;2;LR1_2_6_t1_40R_40V_02I_05M;/dados/rmelo/PDPTW-SE/benchmark_multi_island_v5/official_experiments/multistartlp/preliminar/set_01_pt_03/configs/genconfig_mslp.conf;genconfig_mslp;/dados/rmelo/PDPTW-SE/benchmark_multi_island_v5/official_experiments/multistartlp/preliminar/set_01_pt_03/logs/heur_mslp/gurobi/40R_40V_02I_05M/LR1_2_6_grb_genconfig_mslp_seed_38_alpha_10p.log;random;40R_40V_02I_05M;1;59998;1;/dados/rmelo/PDPTW-SE/benchmark_multi_island_v5/official_experiments/multistartlp/preliminar/set_01_pt_03/../../../../instances/orig_ams_fg/40R_40V_02I_06M/t1/LR1_2_6/;60000;1;0;6598.14;81;41;H;50;95;0;100.0;30.0;true;0.95;100.0;1.0;1.0;1.0;1.0;60;M;2;2;false;72;0.93;213.59;1.0;36;10;1000000;-1;3600;4.61;0.68;0.58;mslp;heur;0.3;0.12;-1;3600;60000;I;40;1.0;0.35;LR1_2_6;0;/dados/rmelo/PDPTW-SE/benchmark_multi_island_v5/official_experiments/multistartlp/preliminar/set_01_pt_03/logs;0;0;0;100.0;100.0;1;38;/dados/rmelo/PDPTW-SE/benchmark_multi_island_v5/official_experiments/multistartlp/preliminar/set_01_pt_03/logs/heur_mslp/solutions/40R_40V_02I_05M/LR1_2_6_sol_genconfig_mslp_seed_38_alpha_10p.txt;Gurobi;AUTOMATIC;17.7;_bash_2;_seed_38_alpha_10p;0.09;1;0.01;/dados/rmelo/PDPTW-SE/benchmark_multi_island_v5/official_experiments/multistartlp/preliminar/set_01_pt_03/logs/heur_mslp/timelines/40R_40V_02I_05M/LR1_2_6_timeline_genconfig_mslp_seed_38_alpha_10p.txt;184.29;t1;0;6037.52;false
0.1;0.01;0.02;0.03;0.0;0.08;14;/dados/rmelo/PDPTW-SE/benchmark_multi_island_v5/official_experiments/multistartlp/preliminar/set_01_pt_03/logs/heur_mslp/outputs/csvresults_heur_mslp_bash_2.csv;0;5;1;82;0;0.0;0.5;true;42;2;LR2_2_10_t2_40R_40V_02I_05M;/dados/rmelo/PDPTW-SE/benchmark_multi_island_v5/official_experiments/multistartlp/preliminar/set_01_pt_03/configs/genconfig_mslp.conf;genconfig_mslp;/dados/rmelo/PDPTW-SE/benchmark_multi_island_v5/official_experiments/multistartlp/preliminar/set_01_pt_03/logs/heur_mslp/gurobi/40R_40V_02I_05M/LR2_2_10_grb_genconfig_mslp_seed_38_alpha_10p.log;random;40R_40V_02I_05M;1;0;1;/dados/rmelo/PDPTW-SE/benchmark_multi_island_v5/official_experiments/multistartlp/preliminar/set_01_pt_03/../../../../instances/orig_ams_fg/40R_40V_02I_06M/t2/LR2_2_10/;60000;18404;0;7828.99;81;41;H;50;95;0;100.0;30.0;true;0.95;100.0;1.0;1.0;1.0;1.0;60;M;60000;60000;false;80;0.9;269.32;1.0;40;10;1000000;-1;3600;6.35;0.63;0.98;mslp;heur;0.44;0.94;-1;3600;60000;I;40;1.0;0.1;LR2_2_10;0;/dados/rmelo/PDPTW-SE/benchmark_multi_island_v5/official_experiments/multistartlp/preliminar/set_01_pt_03/logs;0;0;0;0.0;100.0;1;38;/dados/rmelo/PDPTW-SE/benchmark_multi_island_v5/official_experiments/multistartlp/preliminar/set_01_pt_03/logs/heur_mslp/solutions/40R_40V_02I_05M/LR2_2_10_sol_genconfig_mslp_seed_38_alpha_10p.txt;Gurobi;AUTOMATIC;17.7;_bash_2;_seed_38_alpha_10p;3808.79;1;404.39;/dados/rmelo/PDPTW-SE/benchmark_multi_island_v5/official_experiments/multistartlp/preliminar/set_01_pt_03/logs/heur_mslp/timelines/40R_40V_02I_05M/LR2_2_10_timeline_genconfig_mslp_seed_38_alpha_10p.txt;1314.22;t2;0;6426.51;false
0.1;0.08;0.14;0.22;0.0;0.03;11;/dados/rmelo/PDPTW-SE/benchmark_multi_island_v5/official_experiments/multistartlp/preliminar/set_01_pt_03/logs/heur_mslp/outputs/csvresults_heur_mslp_bash_2.csv;0;5;1;82;0;0.0;0.5;true;42;2;LR1_2_10_t1_40R_40V_04I_05M;/dados/rmelo/PDPTW-SE/benchmark_multi_island_v5/official_experiments/multistartlp/preliminar/set_01_pt_03/configs/genconfig_mslp.conf;genconfig_mslp;/dados/rmelo/PDPTW-SE/benchmark_multi_island_v5/official_experiments/multistartlp/preliminar/set_01_pt_03/logs/heur_mslp/gurobi/40R_40V_04I_05M/LR1_2_10_grb_genconfig_mslp_seed_38_alpha_10p.log;random;40R_40V_04I_05M;1;36003;1;/dados/rmelo/PDPTW-SE/benchmark_multi_island_v5/official_experiments/multistartlp/preliminar/set_01_pt_03/../../../../instances/orig_ams_fg/40R_40V_04I_06M/t1/LR1_2_10/;60000;46896;0;5180.36;81;41;H;50;95;0;100.0;30.0;true;0.95;100.0;1.0;1.0;1.0;1.0;60;M;23997;23997;false;72;0.9;175.77;1.0;36;10;1000000;-1;3600;7.16;0.66;0.79;mslp;heur;0.23;0.26;-1;3600;60000;I;40;1.0;0.25;LR1_2_10;0;/dados/rmelo/PDPTW-SE/benchmark_multi_island_v5/official_experiments/multistartlp/preliminar/set_01_pt_03/logs;0;0;0;60.0;100.0;1;38;/dados/rmelo/PDPTW-SE/benchmark_multi_island_v5/official_experiments/multistartlp/preliminar/set_01_pt_03/logs/heur_mslp/solutions/40R_40V_04I_05M/LR1_2_10_sol_genconfig_mslp_seed_38_alpha_10p.txt;Gurobi;AUTOMATIC;17.81;_bash_2;_seed_38_alpha_10p;1718.26;1;533.31;/dados/rmelo/PDPTW-SE/benchmark_multi_island_v5/official_experiments/multistartlp/preliminar/set_01_pt_03/logs/heur_mslp/timelines/40R_40V_04I_05M/LR1_2_10_timeline_genconfig_mslp_seed_38_alpha_10p.txt;682.14;t1;0;4199.89;false
0.1;0.05;0.09;0.13;0.0;0.02;4;/dados/rmelo/PDPTW-SE/benchmark_multi_island_v5/official_experiments/multistartlp/preliminar/set_01_pt_03/logs/heur_mslp/outputs/csvresults_heur_mslp_bash_2.csv;0;5;1;82;0;0.0;0.5;true;42;2;LR2_2_7_t2_40R_40V_04I_05M;/dados/rmelo/PDPTW-SE/benchmark_multi_island_v5/official_experiments/multistartlp/preliminar/set_01_pt_03/configs/genconfig_mslp.conf;genconfig_mslp;/dados/rmelo/PDPTW-SE/benchmark_multi_island_v5/official_experiments/multistartlp/preliminar/set_01_pt_03/logs/heur_mslp/gurobi/40R_40V_04I_05M/LR2_2_7_grb_genconfig_mslp_seed_38_alpha_10p.log;random;40R_40V_04I_05M;1;0;1;/dados/rmelo/PDPTW-SE/benchmark_multi_island_v5/official_experiments/multistartlp/preliminar/set_01_pt_03/../../../../instances/orig_ams_fg/40R_40V_04I_06M/t2/LR2_2_7/;60000;22026;0;8676.79;81;41;H;50;95;0;100.0;30.0;true;0.95;100.0;1.0;1.0;1.0;1.0;60;M;59996;60000;false;78;0.77;188.0;1.0;39;10;1000000;-1;3600;2.36;0.54;0.88;mslp;heur;0.18;0.6;-1;3600;60000;I;40;1.0;0.1;LR2_2_7;0;/dados/rmelo/PDPTW-SE/benchmark_multi_island_v5/official_experiments/multistartlp/preliminar/set_01_pt_03/logs;0;0;0;0.0;99.99;1;38;/dados/rmelo/PDPTW-SE/benchmark_multi_island_v5/official_experiments/multistartlp/preliminar/set_01_pt_03/logs/heur_mslp/solutions/40R_40V_04I_05M/LR2_2_7_sol_genconfig_mslp_seed_38_alpha_10p.txt;Gurobi;AUTOMATIC;17.34;_bash_2;_seed_38_alpha_10p;1418.84;1;1318.55;/dados/rmelo/PDPTW-SE/benchmark_multi_island_v5/official_experiments/multistartlp/preliminar/set_01_pt_03/logs/heur_mslp/timelines/40R_40V_04I_05M/LR2_2_7_timeline_genconfig_mslp_seed_38_alpha_10p.txt;3591.2;t2;0;5437.72;false
0.1;0.03;0.06;0.09;0.01;0.19;0;/dados/rmelo/PDPTW-SE/benchmark_multi_island_v5/official_experiments/multistartlp/preliminar/set_01_pt_03/logs/heur_mslp/outputs/csvresults_heur_mslp_bash_2.csv;0;5;1;122;0;0.0;0.5;false;62;2;LR1_2_6_t1_60R_60V_02I_05M;/dados/rmelo/PDPTW-SE/benchmark_multi_island_v5/official_experiments/multistartlp/preliminar/set_01_pt_03/configs/genconfig_mslp.conf;genconfig_mslp;/dados/rmelo/PDPTW-SE/benchmark_multi_island_v5/official_experiments/multistartlp/preliminar/set_01_pt_03/logs/heur_mslp/gurobi/60R_60V_02I_05M/LR1_2_6_grb_genconfig_mslp_seed_38_alpha_10p.log;random;60R_60V_02I_05M;1;60000;1;/dados/rmelo/PDPTW-SE/benchmark_multi_island_v5/official_experiments/multistartlp/preliminar/set_01_pt_03/../../../../instances/orig_ams_fg/60R_60V_02I_06M/t1/LR1_2_6/;60000;0;0;0.0;121;61;H;50;95;0;100.0;30.0;true;0.95;100.0;1.0;1.0;1.0;1.0;60;M;0;0;false;82;0.96;277.16;0.61;41;10;1000000;-1;3600;0.0;0.63;0.32;mslp;heur;0.45;0.01;-1;3600;60000;I;60;1.0;0.22;LR1_2_6;0;/dados/rmelo/PDPTW-SE/benchmark_multi_island_v5/official_experiments/multistartlp/preliminar/set_01_pt_03/logs;0;0;0;100.0;0.0;1;38;/dados/rmelo/PDPTW-SE/benchmark_multi_island_v5/official_experiments/multistartlp/preliminar/set_01_pt_03/logs/heur_mslp/solutions/60R_60V_02I_05M/LR1_2_6_sol_genconfig_mslp_seed_38_alpha_10p.txt;Gurobi;AUTOMATIC;17.95;_bash_2;_seed_38_alpha_10p;0.0;1;0.0;/dados/rmelo/PDPTW-SE/benchmark_multi_island_v5/official_experiments/multistartlp/preliminar/set_01_pt_03/logs/heur_mslp/timelines/60R_60V_02I_05M/LR1_2_6_timeline_genconfig_mslp_seed_38_alpha_10p.txt;198.14;t1;0;Inf;false
0.1;0.01;0.01;0.02;0.0;0.0;5;/dados/rmelo/PDPTW-SE/benchmark_multi_island_v5/official_experiments/multistartlp/preliminar/set_01_pt_03/logs/heur_mslp/outputs/csvresults_heur_mslp_bash_2.csv;0;5;1;122;0;0.0;0.5;true;62;2;LR2_2_8_t2_60R_60V_02I_05M;/dados/rmelo/PDPTW-SE/benchmark_multi_island_v5/official_experiments/multistartlp/preliminar/set_01_pt_03/configs/genconfig_mslp.conf;genconfig_mslp;/dados/rmelo/PDPTW-SE/benchmark_multi_island_v5/official_experiments/multistartlp/preliminar/set_01_pt_03/logs/heur_mslp/gurobi/60R_60V_02I_05M/LR2_2_8_grb_genconfig_mslp_seed_38_alpha_10p.log;random;60R_60V_02I_05M;1;0;1;/dados/rmelo/PDPTW-SE/benchmark_multi_island_v5/official_experiments/multistartlp/preliminar/set_01_pt_03/../../../../instances/orig_ams_fg/60R_60V_02I_06M/t2/LR2_2_8/;34795;32151;0;9554.94;121;61;H;50;95;0;100.0;30.0;true;0.95;100.0;1.0;1.0;1.0;1.0;60;M;34464;34795;false;80;1.0;227.5;1.0;40;10;1000000;-1;3600;1.32;0.67;0.81;mslp;heur;0.12;0.3;-1;3600;60000;I;60;0.6;0.07;LR2_2_8;0;/dados/rmelo/PDPTW-SE/benchmark_multi_island_v5/official_experiments/multistartlp/preliminar/set_01_pt_03/logs;0;0;0;0.0;99.05;1;38;/dados/rmelo/PDPTW-SE/benchmark_multi_island_v5/official_experiments/multistartlp/preliminar/set_01_pt_03/logs/heur_mslp/solutions/60R_60V_02I_05M/LR2_2_8_sol_genconfig_mslp_seed_38_alpha_10p.txt;Gurobi;AUTOMATIC;17.99;_bash_2;_seed_38_alpha_10p;457.68;1;3326.2;/dados/rmelo/PDPTW-SE/benchmark_multi_island_v5/official_experiments/multistartlp/preliminar/set_01_pt_03/logs/heur_mslp/timelines/60R_60V_02I_05M/LR2_2_8_timeline_genconfig_mslp_seed_38_alpha_10p.txt;3600.05;t2;0;6818.34;false
0.1;0.12;0.17;0.29;0.01;0.09;1;/dados/rmelo/PDPTW-SE/benchmark_multi_island_v5/official_experiments/multistartlp/preliminar/set_01_pt_03/logs/heur_mslp/outputs/csvresults_heur_mslp_bash_2.csv;0;5;1;122;0;0.0;0.5;true;62;2;LR1_2_6_t1_60R_60V_04I_05M;/dados/rmelo/PDPTW-SE/benchmark_multi_island_v5/official_experiments/multistartlp/preliminar/set_01_pt_03/configs/genconfig_mslp.conf;genconfig_mslp;/dados/rmelo/PDPTW-SE/benchmark_multi_island_v5/official_experiments/multistartlp/preliminar/set_01_pt_03/logs/heur_mslp/gurobi/60R_60V_04I_05M/LR1_2_6_grb_genconfig_mslp_seed_38_alpha_10p.log;random;60R_60V_04I_05M;1;59999;1;/dados/rmelo/PDPTW-SE/benchmark_multi_island_v5/official_experiments/multistartlp/preliminar/set_01_pt_03/../../../../instances/orig_ams_fg/60R_60V_04I_06M/t1/LR1_2_6/;60000;1;0;8335.07;121;61;H;50;95;0;100.0;30.0;true;0.95;100.0;1.0;1.0;1.0;1.0;60;M;1;1;false;82;0.93;184.15;0.96;41;10;1000000;-1;3600;5.47;0.57;0.63;mslp;heur;0.25;0.13;-1;3600;60000;I;60;1.0;0.28;LR1_2_6;0;/dados/rmelo/PDPTW-SE/benchmark_multi_island_v5/official_experiments/multistartlp/preliminar/set_01_pt_03/logs;0;0;0;100.0;100.0;1;38;/dados/rmelo/PDPTW-SE/benchmark_multi_island_v5/official_experiments/multistartlp/preliminar/set_01_pt_03/logs/heur_mslp/solutions/60R_60V_04I_05M/LR1_2_6_sol_genconfig_mslp_seed_38_alpha_10p.txt;Gurobi;AUTOMATIC;17.72;_bash_2;_seed_38_alpha_10p;0.05;1;0.06;/dados/rmelo/PDPTW-SE/benchmark_multi_island_v5/official_experiments/multistartlp/preliminar/set_01_pt_03/logs/heur_mslp/timelines/60R_60V_04I_05M/LR1_2_6_timeline_genconfig_mslp_seed_38_alpha_10p.txt;391.38;t1;0;7879.32;false
0.1;0.02;0.05;0.08;0.0;0.0;4;/dados/rmelo/PDPTW-SE/benchmark_multi_island_v5/official_experiments/multistartlp/preliminar/set_01_pt_03/logs/heur_mslp/outputs/csvresults_heur_mslp_bash_2.csv;0;5;1;122;0;0.0;0.5;true;62;2;LR2_2_8_t2_60R_60V_04I_05M;/dados/rmelo/PDPTW-SE/benchmark_multi_island_v5/official_experiments/multistartlp/preliminar/set_01_pt_03/configs/genconfig_mslp.conf;genconfig_mslp;/dados/rmelo/PDPTW-SE/benchmark_multi_island_v5/official_experiments/multistartlp/preliminar/set_01_pt_03/logs/heur_mslp/gurobi/60R_60V_04I_05M/LR2_2_8_grb_genconfig_mslp_seed_38_alpha_10p.log;random;60R_60V_04I_05M;1;0;1;/dados/rmelo/PDPTW-SE/benchmark_multi_island_v5/official_experiments/multistartlp/preliminar/set_01_pt_03/../../../../instances/orig_ams_fg/60R_60V_04I_06M/t2/LR2_2_8/;19692;4747;0;8352.14;121;61;H;50;95;0;100.0;30.0;true;0.95;100.0;1.0;1.0;1.0;1.0;60;M;19536;19692;false;80;0.89;181.1;0.99;40;10;1000000;-1;3600;0.89;0.72;0.91;mslp;heur;0.56;0.81;-1;3600;60000;I;60;1.0;0.07;LR2_2_8;0;/dados/rmelo/PDPTW-SE/benchmark_multi_island_v5/official_experiments/multistartlp/preliminar/set_01_pt_03/logs;0;0;0;0.0;99.21;1;38;/dados/rmelo/PDPTW-SE/benchmark_multi_island_v5/official_experiments/multistartlp/preliminar/set_01_pt_03/logs/heur_mslp/solutions/60R_60V_04I_05M/LR2_2_8_sol_genconfig_mslp_seed_38_alpha_10p.txt;Gurobi;AUTOMATIC;17.49;_bash_2;_seed_38_alpha_10p;175.51;1;864.91;/dados/rmelo/PDPTW-SE/benchmark_multi_island_v5/official_experiments/multistartlp/preliminar/set_01_pt_03/logs/heur_mslp/timelines/60R_60V_04I_05M/LR2_2_8_timeline_genconfig_mslp_seed_38_alpha_10p.txt;3600.04;t2;0;7302.21;false
0.1;0.0;0.12;0.12;0.0;0.0;7;/dados/rmelo/PDPTW-SE/benchmark_multi_island_v5/official_experiments/multistartlp/preliminar/set_01_pt_03/logs/heur_mslp/outputs/csvresults_heur_mslp_bash_2.csv;0;3;1;18;0;0.0;0.5;true;10;2;lr109_t1_08R_08V_02I_03M;/dados/rmelo/PDPTW-SE/benchmark_multi_island_v5/official_experiments/multistartlp/preliminar/set_01_pt_03/configs/genconfig_mslp.conf;genconfig_mslp;/dados/rmelo/PDPTW-SE/benchmark_multi_island_v5/official_experiments/multistartlp/preliminar/set_01_pt_03/logs/heur_mslp/gurobi/08R_08V_02I_03M/lr109_grb_genconfig_mslp_seed_45_alpha_10p.log;random;08R_08V_02I_03M;1;0;1;/dados/rmelo/PDPTW-SE/benchmark_multi_island_v5/official_experiments/multistartlp/preliminar/set_01_pt_03/../../../../instances/orig_ams_fg/08R_08V_02I_04M/t1/lr109/;60000;27;0;725.84;17;9;H;50;95;0;100.0;30.0;true;0.95;100.0;1.0;1.0;1.0;1.0;60;M;60000;60000;false;52;0.91;79.5;0.6;26;10;1000000;-1;3600;8.76;0.77;0.5;mslp;heur;0.59;0.28;-1;3600;60000;I;8;0.67;0.38;lr109;0;/dados/rmelo/PDPTW-SE/benchmark_multi_island_v5/official_experiments/multistartlp/preliminar/set_01_pt_03/logs;0;0;0;0.0;100.0;1;45;/dados/rmelo/PDPTW-SE/benchmark_multi_island_v5/official_experiments/multistartlp/preliminar/set_01_pt_03/logs/heur_mslp/solutions/08R_08V_02I_03M/lr109_sol_genconfig_mslp_seed_45_alpha_10p.txt;Gurobi;AUTOMATIC;17.86;_bash_2;_seed_45_alpha_10p;5256.79;1;0.33;/dados/rmelo/PDPTW-SE/benchmark_multi_island_v5/official_experiments/multistartlp/preliminar/set_01_pt_03/logs/heur_mslp/timelines/08R_08V_02I_03M/lr109_timeline_genconfig_mslp_seed_45_alpha_10p.txt;97.84;t1;0;533.17;false
0.1;0.01;0.03;0.04;0.0;0.0;7;/dados/rmelo/PDPTW-SE/benchmark_multi_island_v5/official_experiments/multistartlp/preliminar/set_01_pt_03/logs/heur_mslp/outputs/csvresults_heur_mslp_bash_2.csv;0;3;1;18;0;0.0;0.5;true;10;2;lr209_t2_08R_08V_02I_03M;/dados/rmelo/PDPTW-SE/benchmark_multi_island_v5/official_experiments/multistartlp/preliminar/set_01_pt_03/configs/genconfig_mslp.conf;genconfig_mslp;/dados/rmelo/PDPTW-SE/benchmark_multi_island_v5/official_experiments/multistartlp/preliminar/set_01_pt_03/logs/heur_mslp/gurobi/08R_08V_02I_03M/lr209_grb_genconfig_mslp_seed_45_alpha_10p.log;random;08R_08V_02I_03M;1;0;1;/dados/rmelo/PDPTW-SE/benchmark_multi_island_v5/official_experiments/multistartlp/preliminar/set_01_pt_03/../../../../instances/orig_ams_fg/08R_08V_02I_04M/t2/lr209/;60000;5095;0;773.21;17;9;H;50;95;0;100.0;30.0;true;0.95;100.0;1.0;1.0;1.0;1.0;60;M;58745;60000;false;46;0.57;79.13;0.82;23;10;1000000;-1;3600;20.64;0.57;0.82;mslp;heur;0.57;0.82;-1;3600;60000;I;8;0.67;0.12;lr209;0;/dados/rmelo/PDPTW-SE/benchmark_multi_island_v5/official_experiments/multistartlp/preliminar/set_01_pt_03/logs;0;0;0;0.0;97.91;1;45;/dados/rmelo/PDPTW-SE/benchmark_multi_island_v5/official_experiments/multistartlp/preliminar/set_01_pt_03/logs/heur_mslp/solutions/08R_08V_02I_03M/lr209_sol_genconfig_mslp_seed_45_alpha_10p.txt;Gurobi;AUTOMATIC;17.84;_bash_2;_seed_45_alpha_10p;12384.06;1;10.05;/dados/rmelo/PDPTW-SE/benchmark_multi_island_v5/official_experiments/multistartlp/preliminar/set_01_pt_03/logs/heur_mslp/timelines/08R_08V_02I_03M/lr209_timeline_genconfig_mslp_seed_45_alpha_10p.txt;117.28;t2;0;573.85;false
0.1;0.1;0.28;0.38;0.0;0.0;6;/dados/rmelo/PDPTW-SE/benchmark_multi_island_v5/official_experiments/multistartlp/preliminar/set_01_pt_03/logs/heur_mslp/outputs/csvresults_heur_mslp_bash_2.csv;0;3;1;18;0;0.0;0.5;true;10;2;lr110_t1_08R_08V_04I_03M;/dados/rmelo/PDPTW-SE/benchmark_multi_island_v5/official_experiments/multistartlp/preliminar/set_01_pt_03/configs/genconfig_mslp.conf;genconfig_mslp;/dados/rmelo/PDPTW-SE/benchmark_multi_island_v5/official_experiments/multistartlp/preliminar/set_01_pt_03/logs/heur_mslp/gurobi/08R_08V_04I_03M/lr110_grb_genconfig_mslp_seed_45_alpha_10p.log;random;08R_08V_04I_03M;1;24426;1;/dados/rmelo/PDPTW-SE/benchmark_multi_island_v5/official_experiments/multistartlp/preliminar/set_01_pt_03/../../../../instances/orig_ams_fg/08R_08V_04I_04M/t1/lr110/;60000;640;0;802.28;17;9;H;50;95;0;100.0;30.0;true;0.95;100.0;1.0;1.0;1.0;1.0;60;M;35574;35574;false;52;0.89;73.43;0.69;26;10;1000000;-1;3600;11.68;0.58;0.46;mslp;heur;0.35;0.15;-1;3600;60000;I;8;1.0;0.62;lr110;0;/dados/rmelo/PDPTW-SE/benchmark_multi_island_v5/official_experiments/multistartlp/preliminar/set_01_pt_03/logs;0;0;0;40.71;100.0;1;45;/dados/rmelo/PDPTW-SE/benchmark_multi_island_v5/official_experiments/multistartlp/preliminar/set_01_pt_03/logs/heur_mslp/solutions/08R_08V_04I_03M/lr110_sol_genconfig_mslp_seed_45_alpha_10p.txt;Gurobi;AUTOMATIC;17.99;_bash_2;_seed_45_alpha_10p;4155.71;1;1.16;/dados/rmelo/PDPTW-SE/benchmark_multi_island_v5/official_experiments/multistartlp/preliminar/set_01_pt_03/logs/heur_mslp/timelines/08R_08V_04I_03M/lr110_timeline_genconfig_mslp_seed_45_alpha_10p.txt;75.44;t1;0;672.2;false
0.1;0.01;0.05;0.07;0.0;0.0;15;/dados/rmelo/PDPTW-SE/benchmark_multi_island_v5/official_experiments/multistartlp/preliminar/set_01_pt_03/logs/heur_mslp/outputs/csvresults_heur_mslp_bash_2.csv;0;3;1;18;0;0.0;0.5;true;10;2;lr209_t2_08R_08V_04I_03M;/dados/rmelo/PDPTW-SE/benchmark_multi_island_v5/official_experiments/multistartlp/preliminar/set_01_pt_03/configs/genconfig_mslp.conf;genconfig_mslp;/dados/rmelo/PDPTW-SE/benchmark_multi_island_v5/official_experiments/multistartlp/preliminar/set_01_pt_03/logs/heur_mslp/gurobi/08R_08V_04I_03M/lr209_grb_genconfig_mslp_seed_45_alpha_10p.log;random;08R_08V_04I_03M;1;0;1;/dados/rmelo/PDPTW-SE/benchmark_multi_island_v5/official_experiments/multistartlp/preliminar/set_01_pt_03/../../../../instances/orig_ams_fg/08R_08V_04I_04M/t2/lr209/;60000;17302;0;1423.7;17;9;H;50;95;0;100.0;30.0;true;0.95;100.0;1.0;1.0;1.0;1.0;60;M;59494;60000;false;46;0.56;81.38;0.93;23;10;1000000;-1;3600;21.64;0.31;0.85;mslp;heur;0.07;0.77;-1;3600;60000;I;8;1.0;0.25;lr209;0;/dados/rmelo/PDPTW-SE/benchmark_multi_island_v5/official_experiments/multistartlp/preliminar/set_01_pt_03/logs;0;0;0;0.0;99.16;1;45;/dados/rmelo/PDPTW-SE/benchmark_multi_island_v5/official_experiments/multistartlp/preliminar/set_01_pt_03/logs/heur_mslp/solutions/08R_08V_04I_03M/lr209_sol_genconfig_mslp_seed_45_alpha_10p.txt;Gurobi;AUTOMATIC;18.18;_bash_2;_seed_45_alpha_10p;12981.9;1;47.23;/dados/rmelo/PDPTW-SE/benchmark_multi_island_v5/official_experiments/multistartlp/preliminar/set_01_pt_03/logs/heur_mslp/timelines/08R_08V_04I_03M/lr209_timeline_genconfig_mslp_seed_45_alpha_10p.txt;162.29;t2;0;626.42;false
0.1;0.0;0.07;0.07;0.0;0.0;9;/dados/rmelo/PDPTW-SE/benchmark_multi_island_v5/official_experiments/multistartlp/preliminar/set_01_pt_03/logs/heur_mslp/outputs/csvresults_heur_mslp_bash_2.csv;0;3;1;26;0;0.0;0.5;true;14;2;lr109_t1_12R_12V_02I_03M;/dados/rmelo/PDPTW-SE/benchmark_multi_island_v5/official_experiments/multistartlp/preliminar/set_01_pt_03/configs/genconfig_mslp.conf;genconfig_mslp;/dados/rmelo/PDPTW-SE/benchmark_multi_island_v5/official_experiments/multistartlp/preliminar/set_01_pt_03/logs/heur_mslp/gurobi/12R_12V_02I_03M/lr109_grb_genconfig_mslp_seed_45_alpha_10p.log;random;12R_12V_02I_03M;1;0;1;/dados/rmelo/PDPTW-SE/benchmark_multi_island_v5/official_experiments/multistartlp/preliminar/set_01_pt_03/../../../../instances/orig_ams_fg/12R_12V_02I_04M/t1/lr109/;60000;249;0;998.68;25;13;H;50;95;0;100.0;30.0;true;0.95;100.0;1.0;1.0;1.0;1.0;60;M;60000;60000;false;58;0.83;96.56;0.98;29;10;1000000;-1;3600;8.19;0.79;0.63;mslp;heur;0.73;0.25;-1;3600;60000;I;12;0.67;0.33;lr109;0;/dados/rmelo/PDPTW-SE/benchmark_multi_island_v5/official_experiments/multistartlp/preliminar/set_01_pt_03/logs;0;0;0;0.0;100.0;1;45;/dados/rmelo/PDPTW-SE/benchmark_multi_island_v5/official_experiments/multistartlp/preliminar/set_01_pt_03/logs/heur_mslp/solutions/12R_12V_02I_03M/lr109_sol_genconfig_mslp_seed_45_alpha_10p.txt;Gurobi;AUTOMATIC;17.68;_bash_2;_seed_45_alpha_10p;4911.4;1;0.81;/dados/rmelo/PDPTW-SE/benchmark_multi_island_v5/official_experiments/multistartlp/preliminar/set_01_pt_03/logs/heur_mslp/timelines/12R_12V_02I_03M/lr109_timeline_genconfig_mslp_seed_45_alpha_10p.txt;121.19;t1;0;722.63;false
0.1;0.01;0.01;0.02;0.0;0.0;5;/dados/rmelo/PDPTW-SE/benchmark_multi_island_v5/official_experiments/multistartlp/preliminar/set_01_pt_03/logs/heur_mslp/outputs/csvresults_heur_mslp_bash_2.csv;0;3;1;26;0;0.0;0.5;true;14;2;lr208_t2_12R_12V_02I_03M;/dados/rmelo/PDPTW-SE/benchmark_multi_island_v5/official_experiments/multistartlp/preliminar/set_01_pt_03/configs/genconfig_mslp.conf;genconfig_mslp;/dados/rmelo/PDPTW-SE/benchmark_multi_island_v5/official_experiments/multistartlp/preliminar/set_01_pt_03/logs/heur_mslp/gurobi/12R_12V_02I_03M/lr208_grb_genconfig_mslp_seed_45_alpha_10p.log;random;12R_12V_02I_03M;1;0;1;/dados/rmelo/PDPTW-SE/benchmark_multi_island_v5/official_experiments/multistartlp/preliminar/set_01_pt_03/../../../../instances/orig_ams_fg/12R_12V_02I_04M/t2/lr208/;60000;11964;0;1008.84;25;13;H;50;95;0;100.0;30.0;true;0.95;100.0;1.0;1.0;1.0;1.0;60;M;50201;60000;false;58;0.77;114.02;1.0;29;10;1000000;-1;3600;5.83;0.77;1.0;mslp;heur;0.77;1.0;-1;3600;60000;I;12;1.0;0.08;lr208;0;/dados/rmelo/PDPTW-SE/benchmark_multi_island_v5/official_experiments/multistartlp/preliminar/set_01_pt_03/logs;0;0;0;0.0;83.67;1;45;/dados/rmelo/PDPTW-SE/benchmark_multi_island_v5/official_experiments/multistartlp/preliminar/set_01_pt_03/logs/heur_mslp/solutions/12R_12V_02I_03M/lr208_sol_genconfig_mslp_seed_45_alpha_10p.txt;Gurobi;AUTOMATIC;17.68;_bash_2;_seed_45_alpha_10p;3499.35;1;48.8;/dados/rmelo/PDPTW-SE/benchmark_multi_island_v5/official_experiments/multistartlp/preliminar/set_01_pt_03/logs/heur_mslp/timelines/12R_12V_02I_03M/lr208_timeline_genconfig_mslp_seed_45_alpha_10p.txt;245.45;t2;0;773.29;false
0.1;0.14;0.26;0.4;0.0;0.0;11;/dados/rmelo/PDPTW-SE/benchmark_multi_island_v5/official_experiments/multistartlp/preliminar/set_01_pt_03/logs/heur_mslp/outputs/csvresults_heur_mslp_bash_2.csv;0;3;1;26;0;0.0;0.5;true;14;2;lr110_t1_12R_12V_04I_03M;/dados/rmelo/PDPTW-SE/benchmark_multi_island_v5/official_experiments/multistartlp/preliminar/set_01_pt_03/configs/genconfig_mslp.conf;genconfig_mslp;/dados/rmelo/PDPTW-SE/benchmark_multi_island_v5/official_experiments/multistartlp/preliminar/set_01_pt_03/logs/heur_mslp/gurobi/12R_12V_04I_03M/lr110_grb_genconfig_mslp_seed_45_alpha_10p.log;random;12R_12V_04I_03M;1;12867;1;/dados/rmelo/PDPTW-SE/benchmark_multi_island_v5/official_experiments/multistartlp/preliminar/set_01_pt_03/../../../../instances/orig_ams_fg/12R_12V_04I_04M/t1/lr110/;60000;8550;0;1105.93;25;13;H;50;95;0;100.0;30.0;true;0.95;100.0;1.0;1.0;1.0;1.0;60;M;47133;47133;false;52;0.72;75.02;0.76;26;10;1000000;-1;3600;13.46;0.57;0.43;mslp;heur;0.37;0.15;-1;3600;60000;I;12;1.0;0.5;lr110;0;/dados/rmelo/PDPTW-SE/benchmark_multi_island_v5/official_experiments/multistartlp/preliminar/set_01_pt_03/logs;0;0;0;21.44;100.0;1;45;/dados/rmelo/PDPTW-SE/benchmark_multi_island_v5/official_experiments/multistartlp/preliminar/set_01_pt_03/logs/heur_mslp/solutions/12R_12V_04I_03M/lr110_sol_genconfig_mslp_seed_45_alpha_10p.txt;Gurobi;AUTOMATIC;17.71;_bash_2;_seed_45_alpha_10p;6346.23;1;17.57;/dados/rmelo/PDPTW-SE/benchmark_multi_island_v5/official_experiments/multistartlp/preliminar/set_01_pt_03/logs/heur_mslp/timelines/12R_12V_04I_03M/lr110_timeline_genconfig_mslp_seed_45_alpha_10p.txt;121.18;t1;0;786.88;false
0.1;0.01;0.06;0.08;0.0;0.0;6;/dados/rmelo/PDPTW-SE/benchmark_multi_island_v5/official_experiments/multistartlp/preliminar/set_01_pt_03/logs/heur_mslp/outputs/csvresults_heur_mslp_bash_2.csv;0;3;1;26;0;0.0;0.5;true;14;2;lr207_t2_12R_12V_04I_03M;/dados/rmelo/PDPTW-SE/benchmark_multi_island_v5/official_experiments/multistartlp/preliminar/set_01_pt_03/configs/genconfig_mslp.conf;genconfig_mslp;/dados/rmelo/PDPTW-SE/benchmark_multi_island_v5/official_experiments/multistartlp/preliminar/set_01_pt_03/logs/heur_mslp/gurobi/12R_12V_04I_03M/lr207_grb_genconfig_mslp_seed_45_alpha_10p.log;random;12R_12V_04I_03M;1;0;1;/dados/rmelo/PDPTW-SE/benchmark_multi_island_v5/official_experiments/multistartlp/preliminar/set_01_pt_03/../../../../instances/orig_ams_fg/12R_12V_04I_04M/t2/lr207/;60000;14887;0;1362.13;25;13;H;50;95;0;100.0;30.0;true;0.95;100.0;1.0;1.0;1.0;1.0;60;M;59941;60000;false;40;0.88;90.05;0.97;20;10;1000000;-1;3600;13.83;0.88;0.97;mslp;heur;0.88;0.97;-1;3600;60000;I;12;1.0;0.08;lr207;0;/dados/rmelo/PDPTW-SE/benchmark_multi_island_v5/official_experiments/multistartlp/preliminar/set_01_pt_03/logs;0;0;0;0.0;99.9;1;45;/dados/rmelo/PDPTW-SE/benchmark_multi_island_v5/official_experiments/multistartlp/preliminar/set_01_pt_03/logs/heur_mslp/solutions/12R_12V_04I_03M/lr207_sol_genconfig_mslp_seed_45_alpha_10p.txt;Gurobi;AUTOMATIC;17.7;_bash_2;_seed_45_alpha_10p;8296.67;1;70.87;/dados/rmelo/PDPTW-SE/benchmark_multi_island_v5/official_experiments/multistartlp/preliminar/set_01_pt_03/logs/heur_mslp/timelines/12R_12V_04I_03M/lr207_timeline_genconfig_mslp_seed_45_alpha_10p.txt;288.41;t2;0;876.38;false
0.1;0.03;0.08;0.11;0.01;0.12;2;/dados/rmelo/PDPTW-SE/benchmark_multi_island_v5/official_experiments/multistartlp/preliminar/set_01_pt_03/logs/heur_mslp/outputs/csvresults_heur_mslp_bash_2.csv;0;5;1;82;0;0.0;0.5;true;42;2;LR1_2_6_t1_40R_40V_02I_05M;/dados/rmelo/PDPTW-SE/benchmark_multi_island_v5/official_experiments/multistartlp/preliminar/set_01_pt_03/configs/genconfig_mslp.conf;genconfig_mslp;/dados/rmelo/PDPTW-SE/benchmark_multi_island_v5/official_experiments/multistartlp/preliminar/set_01_pt_03/logs/heur_mslp/gurobi/40R_40V_02I_05M/LR1_2_6_grb_genconfig_mslp_seed_45_alpha_10p.log;random;40R_40V_02I_05M;1;59994;1;/dados/rmelo/PDPTW-SE/benchmark_multi_island_v5/official_experiments/multistartlp/preliminar/set_01_pt_03/../../../../instances/orig_ams_fg/40R_40V_02I_06M/t1/LR1_2_6/;60000;38945;0;7270.05;81;41;H;50;95;0;100.0;30.0;true;0.95;100.0;1.0;1.0;1.0;1.0;60;M;6;6;false;72;0.97;213.59;0.96;36;10;1000000;-1;3600;5.2;0.71;0.66;mslp;heur;0.3;0.12;-1;3600;60000;I;40;1.0;0.32;LR1_2_6;0;/dados/rmelo/PDPTW-SE/benchmark_multi_island_v5/official_experiments/multistartlp/preliminar/set_01_pt_03/logs;0;0;0;99.99;100.0;1;45;/dados/rmelo/PDPTW-SE/benchmark_multi_island_v5/official_experiments/multistartlp/preliminar/set_01_pt_03/logs/heur_mslp/solutions/40R_40V_02I_05M/LR1_2_6_sol_genconfig_mslp_seed_45_alpha_10p.txt;Gurobi;AUTOMATIC;17.81;_bash_2;_seed_45_alpha_10p;0.31;1;121.64;/dados/rmelo/PDPTW-SE/benchmark_multi_island_v5/official_experiments/multistartlp/preliminar/set_01_pt_03/logs/heur_mslp/timelines/40R_40V_02I_05M/LR1_2_6_timeline_genconfig_mslp_seed_45_alpha_10p.txt;186.34;t1;0;5837.54;false
0.1;0.01;0.02;0.03;0.0;0.09;12;/dados/rmelo/PDPTW-SE/benchmark_multi_island_v5/official_experiments/multistartlp/preliminar/set_01_pt_03/logs/heur_mslp/outputs/csvresults_heur_mslp_bash_2.csv;0;5;1;82;0;0.0;0.5;true;42;2;LR2_2_10_t2_40R_40V_02I_05M;/dados/rmelo/PDPTW-SE/benchmark_multi_island_v5/official_experiments/multistartlp/preliminar/set_01_pt_03/configs/genconfig_mslp.conf;genconfig_mslp;/dados/rmelo/PDPTW-SE/benchmark_multi_island_v5/official_experiments/multistartlp/preliminar/set_01_pt_03/logs/heur_mslp/gurobi/40R_40V_02I_05M/LR2_2_10_grb_genconfig_mslp_seed_45_alpha_10p.log;random;40R_40V_02I_05M;1;0;1;/dados/rmelo/PDPTW-SE/benchmark_multi_island_v5/official_experiments/multistartlp/preliminar/set_01_pt_03/../../../../instances/orig_ams_fg/40R_40V_02I_06M/t2/LR2_2_10/;60000;11648;0;8863.82;81;41;H;50;95;0;100.0;30.0;true;0.95;100.0;1.0;1.0;1.0;1.0;60;M;60000;60000;false;80;0.94;269.32;1.0;40;10;1000000;-1;3600;6.35;0.5;0.84;mslp;heur;0.05;0.56;-1;3600;60000;I;40;0.8;0.12;LR2_2_10;0;/dados/rmelo/PDPTW-SE/benchmark_multi_island_v5/official_experiments/multistartlp/preliminar/set_01_pt_03/logs;0;0;0;0.0;100.0;1;45;/dados/rmelo/PDPTW-SE/benchmark_multi_island_v5/official_experiments/multistartlp/preliminar/set_01_pt_03/logs/heur_mslp/solutions/40R_40V_02I_05M/LR2_2_10_sol_genconfig_mslp_seed_45_alpha_10p.txt;Gurobi;AUTOMATIC;17.77;_bash_2;_seed_45_alpha_10p;3809.17;1;252.67;/dados/rmelo/PDPTW-SE/benchmark_multi_island_v5/official_experiments/multistartlp/preliminar/set_01_pt_03/logs/heur_mslp/timelines/40R_40V_02I_05M/LR2_2_10_timeline_genconfig_mslp_seed_45_alpha_10p.txt;1293.19;t2;0;6275.54;false
0.1;0.08;0.14;0.22;0.0;0.02;14;/dados/rmelo/PDPTW-SE/benchmark_multi_island_v5/official_experiments/multistartlp/preliminar/set_01_pt_03/logs/heur_mslp/outputs/csvresults_heur_mslp_bash_2.csv;0;5;1;82;0;0.0;0.5;true;42;2;LR1_2_10_t1_40R_40V_04I_05M;/dados/rmelo/PDPTW-SE/benchmark_multi_island_v5/official_experiments/multistartlp/preliminar/set_01_pt_03/configs/genconfig_mslp.conf;genconfig_mslp;/dados/rmelo/PDPTW-SE/benchmark_multi_island_v5/official_experiments/multistartlp/preliminar/set_01_pt_03/logs/heur_mslp/gurobi/40R_40V_04I_05M/LR1_2_10_grb_genconfig_mslp_seed_45_alpha_10p.log;random;40R_40V_04I_05M;1;35838;1;/dados/rmelo/PDPTW-SE/benchmark_multi_island_v5/official_experiments/multistartlp/preliminar/set_01_pt_03/../../../../instances/orig_ams_fg/40R_40V_04I_06M/t1/LR1_2_10/;60000;32210;0;5082.14;81;41;H;50;95;0;100.0;30.0;true;0.95;100.0;1.0;1.0;1.0;1.0;60;M;24162;24162;false;72;0.88;175.77;1.0;36;10;1000000;-1;3600;7.18;0.72;0.73;mslp;heur;0.51;0.38;-1;3600;60000;I;40;1.0;0.22;LR1_2_10;0;/dados/rmelo/PDPTW-SE/benchmark_multi_island_v5/official_experiments/multistartlp/preliminar/set_01_pt_03/logs;0;0;0;59.73;100.0;1;45;/dados/rmelo/PDPTW-SE/benchmark_multi_island_v5/official_experiments/multistartlp/preliminar/set_01_pt_03/logs/heur_mslp/solutions/40R_40V_04I_05M/LR1_2_10_sol_genconfig_mslp_seed_45_alpha_10p.txt;Gurobi;AUTOMATIC;17.57;_bash_2;_seed_45_alpha_10p;1734.95;1;369.83;/dados/rmelo/PDPTW-SE/benchmark_multi_island_v5/official_experiments/multistartlp/preliminar/set_01_pt_03/logs/heur_mslp/timelines/40R_40V_04I_05M/LR1_2_10_timeline_genconfig_mslp_seed_45_alpha_10p.txt;686.8;t1;0;4095.1;false
0.1;0.05;0.09;0.14;0.0;0.0;10;/dados/rmelo/PDPTW-SE/benchmark_multi_island_v5/official_experiments/multistartlp/preliminar/set_01_pt_03/logs/heur_mslp/outputs/csvresults_heur_mslp_bash_2.csv;0;5;1;82;0;0.0;0.5;true;42;2;LR2_2_7_t2_40R_40V_04I_05M;/dados/rmelo/PDPTW-SE/benchmark_multi_island_v5/official_experiments/multistartlp/preliminar/set_01_pt_03/configs/genconfig_mslp.conf;genconfig_mslp;/dados/rmelo/PDPTW-SE/benchmark_multi_island_v5/official_experiments/multistartlp/preliminar/set_01_pt_03/logs/heur_mslp/gurobi/40R_40V_04I_05M/LR2_2_7_grb_genconfig_mslp_seed_45_alpha_10p.log;random;40R_40V_04I_05M;1;0;1;/dados/rmelo/PDPTW-SE/benchmark_multi_island_v5/official_experiments/multistartlp/preliminar/set_01_pt_03/../../../../instances/orig_ams_fg/40R_40V_04I_06M/t2/LR2_2_7/;59515;43342;0;8151.02;81;41;H;50;95;0;100.0;30.0;true;0.95;100.0;1.0;1.0;1.0;1.0;60;M;59511;59515;false;78;0.77;188.0;1.0;39;10;1000000;-1;3600;2.37;0.72;0.95;mslp;heur;0.65;0.88;-1;3600;60000;I;40;1.0;0.08;LR2_2_7;0;/dados/rmelo/PDPTW-SE/benchmark_multi_island_v5/official_experiments/multistartlp/preliminar/set_01_pt_03/logs;0;0;0;0.0;99.99;1;45;/dados/rmelo/PDPTW-SE/benchmark_multi_island_v5/official_experiments/multistartlp/preliminar/set_01_pt_03/logs/heur_mslp/solutions/40R_40V_04I_05M/LR2_2_7_sol_genconfig_mslp_seed_45_alpha_10p.txt;Gurobi;AUTOMATIC;17.56;_bash_2;_seed_45_alpha_10p;1411.06;1;2582.45;/dados/rmelo/PDPTW-SE/benchmark_multi_island_v5/official_experiments/multistartlp/preliminar/set_01_pt_03/logs/heur_mslp/timelines/40R_40V_04I_05M/LR2_2_7_timeline_genconfig_mslp_seed_45_alpha_10p.txt;3600.05;t2;0;5466.04;false
0.1;0.03;0.06;0.09;0.01;0.19;0;/dados/rmelo/PDPTW-SE/benchmark_multi_island_v5/official_experiments/multistartlp/preliminar/set_01_pt_03/logs/heur_mslp/outputs/csvresults_heur_mslp_bash_2.csv;0;5;1;122;0;0.0;0.5;false;62;2;LR1_2_6_t1_60R_60V_02I_05M;/dados/rmelo/PDPTW-SE/benchmark_multi_island_v5/official_experiments/multistartlp/preliminar/set_01_pt_03/configs/genconfig_mslp.conf;genconfig_mslp;/dados/rmelo/PDPTW-SE/benchmark_multi_island_v5/official_experiments/multistartlp/preliminar/set_01_pt_03/logs/heur_mslp/gurobi/60R_60V_02I_05M/LR1_2_6_grb_genconfig_mslp_seed_45_alpha_10p.log;random;60R_60V_02I_05M;1;60000;1;/dados/rmelo/PDPTW-SE/benchmark_multi_island_v5/official_experiments/multistartlp/preliminar/set_01_pt_03/../../../../instances/orig_ams_fg/60R_60V_02I_06M/t1/LR1_2_6/;60000;0;0;0.0;121;61;H;50;95;0;100.0;30.0;true;0.95;100.0;1.0;1.0;1.0;1.0;60;M;0;0;false;82;0.96;277.16;0.61;41;10;1000000;-1;3600;0.0;0.63;0.32;mslp;heur;0.45;0.01;-1;3600;60000;I;60;1.0;0.22;LR1_2_6;0;/dados/rmelo/PDPTW-SE/benchmark_multi_island_v5/official_experiments/multistartlp/preliminar/set_01_pt_03/logs;0;0;0;100.0;0.0;1;45;/dados/rmelo/PDPTW-SE/benchmark_multi_island_v5/official_experiments/multistartlp/preliminar/set_01_pt_03/logs/heur_mslp/solutions/60R_60V_02I_05M/LR1_2_6_sol_genconfig_mslp_seed_45_alpha_10p.txt;Gurobi;AUTOMATIC;20.52;_bash_2;_seed_45_alpha_10p;0.0;1;0.0;/dados/rmelo/PDPTW-SE/benchmark_multi_island_v5/official_experiments/multistartlp/preliminar/set_01_pt_03/logs/heur_mslp/timelines/60R_60V_02I_05M/LR1_2_6_timeline_genconfig_mslp_seed_45_alpha_10p.txt;233.51;t1;0;Inf;false
0.1;0.0;0.01;0.02;0.0;0.01;5;/dados/rmelo/PDPTW-SE/benchmark_multi_island_v5/official_experiments/multistartlp/preliminar/set_01_pt_03/logs/heur_mslp/outputs/csvresults_heur_mslp_bash_2.csv;0;5;1;122;0;0.0;0.5;true;62;2;LR2_2_8_t2_60R_60V_02I_05M;/dados/rmelo/PDPTW-SE/benchmark_multi_island_v5/official_experiments/multistartlp/preliminar/set_01_pt_03/configs/genconfig_mslp.conf;genconfig_mslp;/dados/rmelo/PDPTW-SE/benchmark_multi_island_v5/official_experiments/multistartlp/preliminar/set_01_pt_03/logs/heur_mslp/gurobi/60R_60V_02I_05M/LR2_2_8_grb_genconfig_mslp_seed_45_alpha_10p.log;random;60R_60V_02I_05M;1;0;1;/dados/rmelo/PDPTW-SE/benchmark_multi_island_v5/official_experiments/multistartlp/preliminar/set_01_pt_03/../../../../instances/orig_ams_fg/60R_60V_02I_06M/t2/LR2_2_8/;29722;1934;0;8528.23;121;61;H;50;95;0;100.0;30.0;true;0.95;100.0;1.0;1.0;1.0;1.0;60;M;29439;29722;false;80;0.99;227.5;1.0;40;10;1000000;-1;3600;1.3;0.68;0.78;mslp;heur;0.06;0.24;-1;3600;60000;I;60;0.6;0.07;LR2_2_8;0;/dados/rmelo/PDPTW-SE/benchmark_multi_island_v5/official_experiments/multistartlp/preliminar/set_01_pt_03/logs;0;0;0;0.0;99.05;1;45;/dados/rmelo/PDPTW-SE/benchmark_multi_island_v5/official_experiments/multistartlp/preliminar/set_01_pt_03/logs/heur_mslp/solutions/60R_60V_02I_05M/LR2_2_8_sol_genconfig_mslp_seed_45_alpha_10p.txt;Gurobi;AUTOMATIC;19.06;_bash_2;_seed_45_alpha_10p;385.29;1;205.99;/dados/rmelo/PDPTW-SE/benchmark_multi_island_v5/official_experiments/multistartlp/preliminar/set_01_pt_03/logs/heur_mslp/timelines/60R_60V_02I_05M/LR2_2_8_timeline_genconfig_mslp_seed_45_alpha_10p.txt;3600.07;t2;0;6916.43;false
0.1;0.12;0.17;0.29;0.01;0.09;1;/dados/rmelo/PDPTW-SE/benchmark_multi_island_v5/official_experiments/multistartlp/preliminar/set_01_pt_03/logs/heur_mslp/outputs/csvresults_heur_mslp_bash_2.csv;0;5;1;122;0;0.0;0.5;true;62;2;LR1_2_6_t1_60R_60V_04I_05M;/dados/rmelo/PDPTW-SE/benchmark_multi_island_v5/official_experiments/multistartlp/preliminar/set_01_pt_03/configs/genconfig_mslp.conf;genconfig_mslp;/dados/rmelo/PDPTW-SE/benchmark_multi_island_v5/official_experiments/multistartlp/preliminar/set_01_pt_03/logs/heur_mslp/gurobi/60R_60V_04I_05M/LR1_2_6_grb_genconfig_mslp_seed_45_alpha_10p.log;random;60R_60V_04I_05M;1;59999;1;/dados/rmelo/PDPTW-SE/benchmark_multi_island_v5/official_experiments/multistartlp/preliminar/set_01_pt_03/../../../../instances/orig_ams_fg/60R_60V_04I_06M/t1/LR1_2_6/;60000;1;0;8335.07;121;61;H;50;95;0;100.0;30.0;true;0.95;100.0;1.0;1.0;1.0;1.0;60;M;1;1;false;82;0.93;184.15;0.96;41;10;1000000;-1;3600;5.47;0.57;0.63;mslp;heur;0.25;0.13;-1;3600;60000;I;60;1.0;0.28;LR1_2_6;0;/dados/rmelo/PDPTW-SE/benchmark_multi_island_v5/official_experiments/multistartlp/preliminar/set_01_pt_03/logs;0;0;0;100.0;100.0;1;45;/dados/rmelo/PDPTW-SE/benchmark_multi_island_v5/official_experiments/multistartlp/preliminar/set_01_pt_03/logs/heur_mslp/solutions/60R_60V_04I_05M/LR1_2_6_sol_genconfig_mslp_seed_45_alpha_10p.txt;Gurobi;AUTOMATIC;20.78;_bash_2;_seed_45_alpha_10p;0.05;1;0.04;/dados/rmelo/PDPTW-SE/benchmark_multi_island_v5/official_experiments/multistartlp/preliminar/set_01_pt_03/logs/heur_mslp/timelines/60R_60V_04I_05M/LR1_2_6_timeline_genconfig_mslp_seed_45_alpha_10p.txt;452.21;t1;0;7879.32;false
0.1;0.03;0.04;0.08;0.0;0.0;3;/dados/rmelo/PDPTW-SE/benchmark_multi_island_v5/official_experiments/multistartlp/preliminar/set_01_pt_03/logs/heur_mslp/outputs/csvresults_heur_mslp_bash_2.csv;0;5;1;122;0;0.0;0.5;true;62;2;LR2_2_8_t2_60R_60V_04I_05M;/dados/rmelo/PDPTW-SE/benchmark_multi_island_v5/official_experiments/multistartlp/preliminar/set_01_pt_03/configs/genconfig_mslp.conf;genconfig_mslp;/dados/rmelo/PDPTW-SE/benchmark_multi_island_v5/official_experiments/multistartlp/preliminar/set_01_pt_03/logs/heur_mslp/gurobi/60R_60V_04I_05M/LR2_2_8_grb_genconfig_mslp_seed_45_alpha_10p.log;random;60R_60V_04I_05M;1;0;1;/dados/rmelo/PDPTW-SE/benchmark_multi_island_v5/official_experiments/multistartlp/preliminar/set_01_pt_03/../../../../instances/orig_ams_fg/60R_60V_04I_06M/t2/LR2_2_8/;16803;5309;0;9472.69;121;61;H;50;95;0;100.0;30.0;true;0.95;100.0;1.0;1.0;1.0;1.0;60;M;16690;16803;false;80;0.9;181.1;1.0;40;10;1000000;-1;3600;0.9;0.56;0.81;mslp;heur;0.08;0.49;-1;3600;60000;I;60;1.0;0.08;LR2_2_8;0;/dados/rmelo/PDPTW-SE/benchmark_multi_island_v5/official_experiments/multistartlp/preliminar/set_01_pt_03/logs;0;0;0;0.0;99.33;1;45;/dados/rmelo/PDPTW-SE/benchmark_multi_island_v5/official_experiments/multistartlp/preliminar/set_01_pt_03/logs/heur_mslp/solutions/60R_60V_04I_05M/LR2_2_8_sol_genconfig_mslp_seed_45_alpha_10p.txt;Gurobi;AUTOMATIC;20.03;_bash_2;_seed_45_alpha_10p;151.19;1;1134.88;/dados/rmelo/PDPTW-SE/benchmark_multi_island_v5/official_experiments/multistartlp/preliminar/set_01_pt_03/logs/heur_mslp/timelines/60R_60V_04I_05M/LR2_2_8_timeline_genconfig_mslp_seed_45_alpha_10p.txt;3600.11;t2;0;7057.73;false
0.1;0.0;0.12;0.12;0.0;0.0;5;/dados/rmelo/PDPTW-SE/benchmark_multi_island_v5/official_experiments/multistartlp/preliminar/set_01_pt_03/logs/heur_mslp/outputs/csvresults_heur_mslp_bash_2.csv;0;3;1;18;0;0.0;0.5;true;10;2;lr109_t1_08R_08V_02I_03M;/dados/rmelo/PDPTW-SE/benchmark_multi_island_v5/official_experiments/multistartlp/preliminar/set_01_pt_03/configs/genconfig_mslp.conf;genconfig_mslp;/dados/rmelo/PDPTW-SE/benchmark_multi_island_v5/official_experiments/multistartlp/preliminar/set_01_pt_03/logs/heur_mslp/gurobi/08R_08V_02I_03M/lr109_grb_genconfig_mslp_seed_52_alpha_10p.log;random;08R_08V_02I_03M;1;0;1;/dados/rmelo/PDPTW-SE/benchmark_multi_island_v5/official_experiments/multistartlp/preliminar/set_01_pt_03/../../../../instances/orig_ams_fg/08R_08V_02I_04M/t1/lr109/;60000;61;0;672.53;17;9;H;50;95;0;100.0;30.0;true;0.95;100.0;1.0;1.0;1.0;1.0;60;M;60000;60000;false;52;0.91;79.5;0.76;26;10;1000000;-1;3600;8.78;0.77;0.53;mslp;heur;0.59;0.23;-1;3600;60000;I;8;0.67;0.38;lr109;0;/dados/rmelo/PDPTW-SE/benchmark_multi_island_v5/official_experiments/multistartlp/preliminar/set_01_pt_03/logs;0;0;0;0.0;100.0;1;52;/dados/rmelo/PDPTW-SE/benchmark_multi_island_v5/official_experiments/multistartlp/preliminar/set_01_pt_03/logs/heur_mslp/solutions/08R_08V_02I_03M/lr109_sol_genconfig_mslp_seed_52_alpha_10p.txt;Gurobi;AUTOMATIC;20.08;_bash_2;_seed_52_alpha_10p;5266.0;1;0.44;/dados/rmelo/PDPTW-SE/benchmark_multi_island_v5/official_experiments/multistartlp/preliminar/set_01_pt_03/logs/heur_mslp/timelines/08R_08V_02I_03M/lr109_timeline_genconfig_mslp_seed_52_alpha_10p.txt;112.09;t1;0;533.17;false
0.1;0.0;0.03;0.03;0.0;0.0;16;/dados/rmelo/PDPTW-SE/benchmark_multi_island_v5/official_experiments/multistartlp/preliminar/set_01_pt_03/logs/heur_mslp/outputs/csvresults_heur_mslp_bash_2.csv;0;3;1;18;0;0.0;0.5;true;10;2;lr209_t2_08R_08V_02I_03M;/dados/rmelo/PDPTW-SE/benchmark_multi_island_v5/official_experiments/multistartlp/preliminar/set_01_pt_03/configs/genconfig_mslp.conf;genconfig_mslp;/dados/rmelo/PDPTW-SE/benchmark_multi_island_v5/official_experiments/multistartlp/preliminar/set_01_pt_03/logs/heur_mslp/gurobi/08R_08V_02I_03M/lr209_grb_genconfig_mslp_seed_52_alpha_10p.log;random;08R_08V_02I_03M;1;0;1;/dados/rmelo/PDPTW-SE/benchmark_multi_island_v5/official_experiments/multistartlp/preliminar/set_01_pt_03/../../../../instances/orig_ams_fg/08R_08V_02I_04M/t2/lr209/;60000;18994;0;1447.67;17;9;H;50;95;0;100.0;30.0;true;0.95;100.0;1.0;1.0;1.0;1.0;60;M;58754;60000;false;46;0.57;79.13;0.67;23;10;1000000;-1;3600;20.63;0.57;0.67;mslp;heur;0.57;0.67;-1;3600;60000;I;8;0.67;0.12;lr209;0;/dados/rmelo/PDPTW-SE/benchmark_multi_island_v5/official_experiments/multistartlp/preliminar/set_01_pt_03/logs;0;0;0;0.0;97.92;1;52;/dados/rmelo/PDPTW-SE/benchmark_multi_island_v5/official_experiments/multistartlp/preliminar/set_01_pt_03/logs/heur_mslp/solutions/08R_08V_02I_03M/lr209_sol_genconfig_mslp_seed_52_alpha_10p.txt;Gurobi;AUTOMATIC;19.31;_bash_2;_seed_52_alpha_10p;12375.57;1;42.97;/dados/rmelo/PDPTW-SE/benchmark_multi_island_v5/official_experiments/multistartlp/preliminar/set_01_pt_03/logs/heur_mslp/timelines/08R_08V_02I_03M/lr209_timeline_genconfig_mslp_seed_52_alpha_10p.txt;134.46;t2;0;565.91;false
0.1;0.1;0.28;0.38;0.0;0.0;7;/dados/rmelo/PDPTW-SE/benchmark_multi_island_v5/official_experiments/multistartlp/preliminar/set_01_pt_03/logs/heur_mslp/outputs/csvresults_heur_mslp_bash_2.csv;0;3;1;18;0;0.0;0.5;true;10;2;lr110_t1_08R_08V_04I_03M;/dados/rmelo/PDPTW-SE/benchmark_multi_island_v5/official_experiments/multistartlp/preliminar/set_01_pt_03/configs/genconfig_mslp.conf;genconfig_mslp;/dados/rmelo/PDPTW-SE/benchmark_multi_island_v5/official_experiments/multistartlp/preliminar/set_01_pt_03/logs/heur_mslp/gurobi/08R_08V_04I_03M/lr110_grb_genconfig_mslp_seed_52_alpha_10p.log;random;08R_08V_04I_03M;1;24490;1;/dados/rmelo/PDPTW-SE/benchmark_multi_island_v5/official_experiments/multistartlp/preliminar/set_01_pt_03/../../../../instances/orig_ams_fg/08R_08V_04I_04M/t1/lr110/;60000;590;0;867.15;17;9;H;50;95;0;100.0;30.0;true;0.95;100.0;1.0;1.0;1.0;1.0;60;M;35510;35510;false;52;0.89;73.43;0.82;26;10;1000000;-1;3600;11.71;0.58;0.53;mslp;heur;0.35;0.1;-1;3600;60000;I;8;1.0;0.62;lr110;0;/dados/rmelo/PDPTW-SE/benchmark_multi_island_v5/official_experiments/multistartlp/preliminar/set_01_pt_03/logs;0;0;0;40.82;100.0;1;52;/dados/rmelo/PDPTW-SE/benchmark_multi_island_v5/official_experiments/multistartlp/preliminar/set_01_pt_03/logs/heur_mslp/solutions/08R_08V_04I_03M/lr110_sol_genconfig_mslp_seed_52_alpha_10p.txt;Gurobi;AUTOMATIC;19.83;_bash_2;_seed_52_alpha_10p;4159.86;1;1.11;/dados/rmelo/PDPTW-SE/benchmark_multi_island_v5/official_experiments/multistartlp/preliminar/set_01_pt_03/logs/heur_mslp/timelines/08R_08V_04I_03M/lr110_timeline_genconfig_mslp_seed_52_alpha_10p.txt;85.27;t1;0;672.2;false
0.1;0.01;0.05;0.07;0.0;0.0;9;/dados/rmelo/PDPTW-SE/benchmark_multi_island_v5/official_experiments/multistartlp/preliminar/set_01_pt_03/logs/heur_mslp/outputs/csvresults_heur_mslp_bash_2.csv;0;3;1;18;0;0.0;0.5;true;10;2;lr209_t2_08R_08V_04I_03M;/dados/rmelo/PDPTW-SE/benchmark_multi_island_v5/official_experiments/multistartlp/preliminar/set_01_pt_03/configs/genconfig_mslp.conf;genconfig_mslp;/dados/rmelo/PDPTW-SE/benchmark_multi_island_v5/official_experiments/multistartlp/preliminar/set_01_pt_03/logs/heur_mslp/gurobi/08R_08V_04I_03M/lr209_grb_genconfig_mslp_seed_52_alpha_10p.log;random;08R_08V_04I_03M;1;0;1;/dados/rmelo/PDPTW-SE/benchmark_multi_island_v5/official_experiments/multistartlp/preliminar/set_01_pt_03/../../../../instances/orig_ams_fg/08R_08V_04I_04M/t2/lr209/;60000;10683;0;1457.63;17;9;H;50;95;0;100.0;30.0;true;0.95;100.0;1.0;1.0;1.0;1.0;60;M;59451;60000;false;46;0.56;81.38;0.93;23;10;1000000;-1;3600;21.7;0.31;0.77;mslp;heur;0.07;0.61;-1;3600;60000;I;8;1.0;0.25;lr209;0;/dados/rmelo/PDPTW-SE/benchmark_multi_island_v5/official_experiments/multistartlp/preliminar/set_01_pt_03/logs;0;0;0;0.0;99.08;1;52;/dados/rmelo/PDPTW-SE/benchmark_multi_island_v5/official_experiments/multistartlp/preliminar/set_01_pt_03/logs/heur_mslp/solutions/08R_08V_04I_03M/lr209_sol_genconfig_mslp_seed_52_alpha_10p.txt;Gurobi;AUTOMATIC;19.58;_bash_2;_seed_52_alpha_10p;13017.28;1;32.66;/dados/rmelo/PDPTW-SE/benchmark_multi_island_v5/official_experiments/multistartlp/preliminar/set_01_pt_03/logs/heur_mslp/timelines/08R_08V_04I_03M/lr209_timeline_genconfig_mslp_seed_52_alpha_10p.txt;180.6;t2;0;626.42;false
0.1;0.0;0.07;0.07;0.0;0.0;6;/dados/rmelo/PDPTW-SE/benchmark_multi_island_v5/official_experiments/multistartlp/preliminar/set_01_pt_03/logs/heur_mslp/outputs/csvresults_heur_mslp_bash_2.csv;0;3;1;26;0;0.0;0.5;true;14;2;lr109_t1_12R_12V_02I_03M;/dados/rmelo/PDPTW-SE/benchmark_multi_island_v5/official_experiments/multistartlp/preliminar/set_01_pt_03/configs/genconfig_mslp.conf;genconfig_mslp;/dados/rmelo/PDPTW-SE/benchmark_multi_island_v5/official_experiments/multistartlp/preliminar/set_01_pt_03/logs/heur_mslp/gurobi/12R_12V_02I_03M/lr109_grb_genconfig_mslp_seed_52_alpha_10p.log;random;12R_12V_02I_03M;1;0;1;/dados/rmelo/PDPTW-SE/benchmark_multi_island_v5/official_experiments/multistartlp/preliminar/set_01_pt_03/../../../../instances/orig_ams_fg/12R_12V_02I_04M/t1/lr109/;60000;191;0;938.13;25;13;H;50;95;0;100.0;30.0;true;0.95;100.0;1.0;1.0;1.0;1.0;60;M;60000;60000;false;58;0.83;96.56;0.98;29;10;1000000;-1;3600;8.17;0.79;0.62;mslp;heur;0.73;0.21;-1;3600;60000;I;12;0.67;0.33;lr109;0;/dados/rmelo/PDPTW-SE/benchmark_multi_island_v5/official_experiments/multistartlp/preliminar/set_01_pt_03/logs;0;0;0;0.0;100.0;1;52;/dados/rmelo/PDPTW-SE/benchmark_multi_island_v5/official_experiments/multistartlp/preliminar/set_01_pt_03/logs/heur_mslp/solutions/12R_12V_02I_03M/lr109_sol_genconfig_mslp_seed_52_alpha_10p.txt;Gurobi;AUTOMATIC;19.52;_bash_2;_seed_52_alpha_10p;4904.65;1;0.8;/dados/rmelo/PDPTW-SE/benchmark_multi_island_v5/official_experiments/multistartlp/preliminar/set_01_pt_03/logs/heur_mslp/timelines/12R_12V_02I_03M/lr109_timeline_genconfig_mslp_seed_52_alpha_10p.txt;136.61;t1;0;722.63;false
0.1;0.0;0.02;0.02;0.0;0.0;8;/dados/rmelo/PDPTW-SE/benchmark_multi_island_v5/official_experiments/multistartlp/preliminar/set_01_pt_03/logs/heur_mslp/outputs/csvresults_heur_mslp_bash_2.csv;0;3;1;26;0;0.0;0.5;true;14;2;lr208_t2_12R_12V_02I_03M;/dados/rmelo/PDPTW-SE/benchmark_multi_island_v5/official_experiments/multistartlp/preliminar/set_01_pt_03/configs/genconfig_mslp.conf;genconfig_mslp;/dados/rmelo/PDPTW-SE/benchmark_multi_island_v5/official_experiments/multistartlp/preliminar/set_01_pt_03/logs/heur_mslp/gurobi/12R_12V_02I_03M/lr208_grb_genconfig_mslp_seed_52_alpha_10p.log;random;12R_12V_02I_03M;1;0;1;/dados/rmelo/PDPTW-SE/benchmark_multi_island_v5/official_experiments/multistartlp/preliminar/set_01_pt_03/../../../../instances/orig_ams_fg/12R_12V_02I_04M/t2/lr208/;60000;43618;0;1125.06;25;13;H;50;95;0;100.0;30.0;true;0.95;100.0;1.0;1.0;1.0;1.0;60;M;50174;60000;false;58;0.79;114.02;0.93;29;10;1000000;-1;3600;5.81;0.79;0.93;mslp;heur;0.79;0.93;-1;3600;60000;I;12;0.67;0.08;lr208;0;/dados/rmelo/PDPTW-SE/benchmark_multi_island_v5/official_experiments/multistartlp/preliminar/set_01_pt_03/logs;0;0;0;0.0;83.62;1;52;/dados/rmelo/PDPTW-SE/benchmark_multi_island_v5/official_experiments/multistartlp/preliminar/set_01_pt_03/logs/heur_mslp/solutions/12R_12V_02I_03M/lr208_sol_genconfig_mslp_seed_52_alpha_10p.txt;Gurobi;AUTOMATIC;19.2;_bash_2;_seed_52_alpha_10p;3483.74;1;199.7;/dados/rmelo/PDPTW-SE/benchmark_multi_island_v5/official_experiments/multistartlp/preliminar/set_01_pt_03/logs/heur_mslp/timelines/12R_12V_02I_03M/lr208_timeline_genconfig_mslp_seed_52_alpha_10p.txt;272.9;t2;0;787.93;false
0.1;0.14;0.26;0.4;0.0;0.0;9;/dados/rmelo/PDPTW-SE/benchmark_multi_island_v5/official_experiments/multistartlp/preliminar/set_01_pt_03/logs/heur_mslp/outputs/csvresults_heur_mslp_bash_2.csv;0;3;1;26;0;0.0;0.5;true;14;2;lr110_t1_12R_12V_04I_03M;/dados/rmelo/PDPTW-SE/benchmark_multi_island_v5/official_experiments/multistartlp/preliminar/set_01_pt_03/configs/genconfig_mslp.conf;genconfig_mslp;/dados/rmelo/PDPTW-SE/benchmark_multi_island_v5/official_experiments/multistartlp/preliminar/set_01_pt_03/logs/heur_mslp/gurobi/12R_12V_04I_03M/lr110_grb_genconfig_mslp_seed_52_alpha_10p.log;random;12R_12V_04I_03M;1;12817;1;/dados/rmelo/PDPTW-SE/benchmark_multi_island_v5/official_experiments/multistartlp/preliminar/set_01_pt_03/../../../../instances/orig_ams_fg/12R_12V_04I_04M/t1/lr110/;60000;3221;0;1042.95;25;13;H;50;95;0;100.0;30.0;true;0.95;100.0;1.0;1.0;1.0;1.0;60;M;47183;47183;false;52;0.72;75.02;0.85;26;10;1000000;-1;3600;13.45;0.57;0.46;mslp;heur;0.37;0.1;-1;3600;60000;I;12;1.0;0.5;lr110;0;/dados/rmelo/PDPTW-SE/benchmark_multi_island_v5/official_experiments/multistartlp/preliminar/set_01_pt_03/logs;0;0;0;21.36;100.0;1;52;/dados/rmelo/PDPTW-SE/benchmark_multi_island_v5/official_experiments/multistartlp/preliminar/set_01_pt_03/logs/heur_mslp/solutions/12R_12V_04I_03M/lr110_sol_genconfig_mslp_seed_52_alpha_10p.txt;Gurobi;AUTOMATIC;19.81;_bash_2;_seed_52_alpha_10p;6344.92;1;8.07;/dados/rmelo/PDPTW-SE/benchmark_multi_island_v5/official_experiments/multistartlp/preliminar/set_01_pt_03/logs/heur_mslp/timelines/12R_12V_04I_03M/lr110_timeline_genconfig_mslp_seed_52_alpha_10p.txt;142.04;t1;0;786.88;false
0.1;0.03;0.06;0.09;0.0;0.0;17;/dados/rmelo/PDPTW-SE/benchmark_multi_island_v5/official_experiments/multistartlp/preliminar/set_01_pt_03/logs/heur_mslp/outputs/csvresults_heur_mslp_bash_2.csv;0;3;1;26;0;0.0;0.5;true;14;2;lr207_t2_12R_12V_04I_03M;/dados/rmelo/PDPTW-SE/benchmark_multi_island_v5/official_experiments/multistartlp/preliminar/set_01_pt_03/configs/genconfig_mslp.conf;genconfig_mslp;/dados/rmelo/PDPTW-SE/benchmark_multi_island_v5/official_experiments/multistartlp/preliminar/set_01_pt_03/logs/heur_mslp/gurobi/12R_12V_04I_03M/lr207_grb_genconfig_mslp_seed_52_alpha_10p.log;random;12R_12V_04I_03M;1;0;1;/dados/rmelo/PDPTW-SE/benchmark_multi_island_v5/official_experiments/multistartlp/preliminar/set_01_pt_03/../../../../instances/orig_ams_fg/12R_12V_04I_04M/t2/lr207/;60000;46506;0;1470.62;25;13;H;50;95;0;100.0;30.0;true;0.95;100.0;1.0;1.0;1.0;1.0;60;M;59946;60000;false;40;0.88;90.05;0.97;20;10;1000000;-1;3600;13.86;0.88;0.97;mslp;heur;0.88;0.97;-1;3600;60000;I;12;1.0;0.08;lr207;0;/dados/rmelo/PDPTW-SE/benchmark_multi_island_v5/official_experiments/multistartlp/preliminar/set_01_pt_03/logs;0;0;0;0.0;99.91;1;52;/dados/rmelo/PDPTW-SE/benchmark_multi_island_v5/official_experiments/multistartlp/preliminar/set_01_pt_03/logs/heur_mslp/solutions/12R_12V_04I_03M/lr207_sol_genconfig_mslp_seed_52_alpha_10p.txt;Gurobi;AUTOMATIC;20.62;_bash_2;_seed_52_alpha_10p;8317.54;1;258.31;/dados/rmelo/PDPTW-SE/benchmark_multi_island_v5/official_experiments/multistartlp/preliminar/set_01_pt_03/logs/heur_mslp/timelines/12R_12V_04I_03M/lr207_timeline_genconfig_mslp_seed_52_alpha_10p.txt;336.31;t2;0;876.56;false
0.1;0.06;0.11;0.16;0.0;0.04;1;/dados/rmelo/PDPTW-SE/benchmark_multi_island_v5/official_experiments/multistartlp/preliminar/set_01_pt_03/logs/heur_mslp/outputs/csvresults_heur_mslp_bash_2.csv;0;5;1;82;0;0.0;0.5;true;42;2;LR1_2_6_t1_40R_40V_02I_05M;/dados/rmelo/PDPTW-SE/benchmark_multi_island_v5/official_experiments/multistartlp/preliminar/set_01_pt_03/configs/genconfig_mslp.conf;genconfig_mslp;/dados/rmelo/PDPTW-SE/benchmark_multi_island_v5/official_experiments/multistartlp/preliminar/set_01_pt_03/logs/heur_mslp/gurobi/40R_40V_02I_05M/LR1_2_6_grb_genconfig_mslp_seed_52_alpha_10p.log;random;40R_40V_02I_05M;1;59998;1;/dados/rmelo/PDPTW-SE/benchmark_multi_island_v5/official_experiments/multistartlp/preliminar/set_01_pt_03/../../../../instances/orig_ams_fg/40R_40V_02I_06M/t1/LR1_2_6/;60000;1;0;6956.0;81;41;H;50;95;0;100.0;30.0;true;0.95;100.0;1.0;1.0;1.0;1.0;60;M;2;2;false;72;0.93;213.59;1.0;36;10;1000000;-1;3600;5.09;0.68;0.58;mslp;heur;0.3;0.12;-1;3600;60000;I;40;1.0;0.35;LR1_2_6;0;/dados/rmelo/PDPTW-SE/benchmark_multi_island_v5/official_experiments/multistartlp/preliminar/set_01_pt_03/logs;0;0;0;100.0;100.0;1;52;/dados/rmelo/PDPTW-SE/benchmark_multi_island_v5/official_experiments/multistartlp/preliminar/set_01_pt_03/logs/heur_mslp/solutions/40R_40V_02I_05M/LR1_2_6_sol_genconfig_mslp_seed_52_alpha_10p.txt;Gurobi;AUTOMATIC;20.3;_bash_2;_seed_52_alpha_10p;0.1;1;0.01;/dados/rmelo/PDPTW-SE/benchmark_multi_island_v5/official_experiments/multistartlp/preliminar/set_01_pt_03/logs/heur_mslp/timelines/40R_40V_02I_05M/LR1_2_6_timeline_genconfig_mslp_seed_52_alpha_10p.txt;210.52;t1;0;6037.52;false
0.1;0.0;0.03;0.03;0.02;0.04;9;/dados/rmelo/PDPTW-SE/benchmark_multi_island_v5/official_experiments/multistartlp/preliminar/set_01_pt_03/logs/heur_mslp/outputs/csvresults_heur_mslp_bash_2.csv;0;5;1;82;0;0.0;0.5;true;42;2;LR2_2_10_t2_40R_40V_02I_05M;/dados/rmelo/PDPTW-SE/benchmark_multi_island_v5/official_experiments/multistartlp/preliminar/set_01_pt_03/configs/genconfig_mslp.conf;genconfig_mslp;/dados/rmelo/PDPTW-SE/benchmark_multi_island_v5/official_experiments/multistartlp/preliminar/set_01_pt_03/logs/heur_mslp/gurobi/40R_40V_02I_05M/LR2_2_10_grb_genconfig_mslp_seed_52_alpha_10p.log;random;40R_40V_02I_05M;1;0;1;/dados/rmelo/PDPTW-SE/benchmark_multi_island_v5/official_experiments/multistartlp/preliminar/set_01_pt_03/../../../../instances/orig_ams_fg/40R_40V_02I_06M/t2/LR2_2_10/;60000;11207;0;8477.54;81;41;H;50;95;0;100.0;30.0;true;0.95;100.0;1.0;1.0;1.0;1.0;60;M;60000;60000;false;80;0.85;269.32;1.0;40;10;1000000;-1;3600;6.35;0.49;0.93;mslp;heur;0.16;0.74;-1;3600;60000;I;40;0.6;0.12;LR2_2_10;0;/dados/rmelo/PDPTW-SE/benchmark_multi_island_v5/official_experiments/multistartlp/preliminar/set_01_pt_03/logs;0;0;0;0.0;100.0;1;52;/dados/rmelo/PDPTW-SE/benchmark_multi_island_v5/official_experiments/multistartlp/preliminar/set_01_pt_03/logs/heur_mslp/solutions/40R_40V_02I_05M/LR2_2_10_sol_genconfig_mslp_seed_52_alpha_10p.txt;Gurobi;AUTOMATIC;20.49;_bash_2;_seed_52_alpha_10p;3810.4;1;289.55;/dados/rmelo/PDPTW-SE/benchmark_multi_island_v5/official_experiments/multistartlp/preliminar/set_01_pt_03/logs/heur_mslp/timelines/40R_40V_02I_05M/LR2_2_10_timeline_genconfig_mslp_seed_52_alpha_10p.txt;1394.11;t2;0;6272.45;false
0.1;0.1;0.17;0.27;0.0;0.01;13;/dados/rmelo/PDPTW-SE/benchmark_multi_island_v5/official_experiments/multistartlp/preliminar/set_01_pt_03/logs/heur_mslp/outputs/csvresults_heur_mslp_bash_2.csv;0;5;1;82;0;0.0;0.5;true;42;2;LR1_2_10_t1_40R_40V_04I_05M;/dados/rmelo/PDPTW-SE/benchmark_multi_island_v5/official_experiments/multistartlp/preliminar/set_01_pt_03/configs/genconfig_mslp.conf;genconfig_mslp;/dados/rmelo/PDPTW-SE/benchmark_multi_island_v5/official_experiments/multistartlp/preliminar/set_01_pt_03/logs/heur_mslp/gurobi/40R_40V_04I_05M/LR1_2_10_grb_genconfig_mslp_seed_52_alpha_10p.log;random;40R_40V_04I_05M;1;35963;1;/dados/rmelo/PDPTW-SE/benchmark_multi_island_v5/official_experiments/multistartlp/preliminar/set_01_pt_03/../../../../instances/orig_ams_fg/40R_40V_04I_06M/t1/LR1_2_10/;60000;51064;0;4903.12;81;41;H;50;95;0;100.0;30.0;true;0.95;100.0;1.0;1.0;1.0;1.0;60;M;24037;24037;false;72;0.93;175.77;0.97;36;10;1000000;-1;3600;7.17;0.67;0.74;mslp;heur;0.23;0.51;-1;3600;60000;I;40;1.0;0.25;LR1_2_10;0;/dados/rmelo/PDPTW-SE/benchmark_multi_island_v5/official_experiments/multistartlp/preliminar/set_01_pt_03/logs;0;0;0;59.94;100.0;1;52;/dados/rmelo/PDPTW-SE/benchmark_multi_island_v5/official_experiments/multistartlp/preliminar/set_01_pt_03/logs/heur_mslp/solutions/40R_40V_04I_05M/LR1_2_10_sol_genconfig_mslp_seed_52_alpha_10p.txt;Gurobi;AUTOMATIC;17.83;_bash_2;_seed_52_alpha_10p;1723.81;1;590.29;/dados/rmelo/PDPTW-SE/benchmark_multi_island_v5/official_experiments/multistartlp/preliminar/set_01_pt_03/logs/heur_mslp/timelines/40R_40V_04I_05M/LR1_2_10_timeline_genconfig_mslp_seed_52_alpha_10p.txt;692.83;t1;0;4229.13;false
0.1;0.06;0.09;0.14;0.0;0.0;6;/dados/rmelo/PDPTW-SE/benchmark_multi_island_v5/official_experiments/multistartlp/preliminar/set_01_pt_03/logs/heur_mslp/outputs/csvresults_heur_mslp_bash_2.csv;0;5;1;82;0;0.0;0.5;true;42;2;LR2_2_7_t2_40R_40V_04I_05M;/dados/rmelo/PDPTW-SE/benchmark_multi_island_v5/official_experiments/multistartlp/preliminar/set_01_pt_03/configs/genconfig_mslp.conf;genconfig_mslp;/dados/rmelo/PDPTW-SE/benchmark_multi_island_v5/official_experiments/multistartlp/preliminar/set_01_pt_03/logs/heur_mslp/gurobi/40R_40V_04I_05M/LR2_2_7_grb_genconfig_mslp_seed_52_alpha_10p.log;random;40R_40V_04I_05M;1;0;1;/dados/rmelo/PDPTW-SE/benchmark_multi_island_v5/official_experiments/multistartlp/preliminar/set_01_pt_03/../../../../instances/orig_ams_fg/40R_40V_04I_06M/t2/LR2_2_7/;60000;8425;0;7541.65;81;41;H;50;95;0;100.0;30.0;true;0.95;100.0;1.0;1.0;1.0;1.0;60;M;59996;60000;false;78;0.88;188.0;0.98;39;10;1000000;-1;3600;2.37;0.56;0.87;mslp;heur;0.18;0.71;-1;3600;60000;I;40;1.0;0.1;LR2_2_7;0;/dados/rmelo/PDPTW-SE/benchmark_multi_island_v5/official_experiments/multistartlp/preliminar/set_01_pt_03/logs;0;0;0;0.0;99.99;1;52;/dados/rmelo/PDPTW-SE/benchmark_multi_island_v5/official_experiments/multistartlp/preliminar/set_01_pt_03/logs/heur_mslp/solutions/40R_40V_04I_05M/LR2_2_7_sol_genconfig_mslp_seed_52_alpha_10p.txt;Gurobi;AUTOMATIC;17.53;_bash_2;_seed_52_alpha_10p;1421.25;1;504.14;/dados/rmelo/PDPTW-SE/benchmark_multi_island_v5/official_experiments/multistartlp/preliminar/set_01_pt_03/logs/heur_mslp/timelines/40R_40V_04I_05M/LR2_2_7_timeline_genconfig_mslp_seed_52_alpha_10p.txt;3594.93;t2;0;5632.65;false
0.1;0.03;0.06;0.09;0.01;0.19;0;/dados/rmelo/PDPTW-SE/benchmark_multi_island_v5/official_experiments/multistartlp/preliminar/set_01_pt_03/logs/heur_mslp/outputs/csvresults_heur_mslp_bash_2.csv;0;5;1;122;0;0.0;0.5;false;62;2;LR1_2_6_t1_60R_60V_02I_05M;/dados/rmelo/PDPTW-SE/benchmark_multi_island_v5/official_experiments/multistartlp/preliminar/set_01_pt_03/configs/genconfig_mslp.conf;genconfig_mslp;/dados/rmelo/PDPTW-SE/benchmark_multi_island_v5/official_experiments/multistartlp/preliminar/set_01_pt_03/logs/heur_mslp/gurobi/60R_60V_02I_05M/LR1_2_6_grb_genconfig_mslp_seed_52_alpha_10p.log;random;60R_60V_02I_05M;1;60000;1;/dados/rmelo/PDPTW-SE/benchmark_multi_island_v5/official_experiments/multistartlp/preliminar/set_01_pt_03/../../../../instances/orig_ams_fg/60R_60V_02I_06M/t1/LR1_2_6/;60000;0;0;0.0;121;61;H;50;95;0;100.0;30.0;true;0.95;100.0;1.0;1.0;1.0;1.0;60;M;0;0;false;82;0.96;277.16;0.61;41;10;1000000;-1;3600;0.0;0.63;0.32;mslp;heur;0.45;0.01;-1;3600;60000;I;60;1.0;0.22;LR1_2_6;0;/dados/rmelo/PDPTW-SE/benchmark_multi_island_v5/official_experiments/multistartlp/preliminar/set_01_pt_03/logs;0;0;0;100.0;0.0;1;52;/dados/rmelo/PDPTW-SE/benchmark_multi_island_v5/official_experiments/multistartlp/preliminar/set_01_pt_03/logs/heur_mslp/solutions/60R_60V_02I_05M/LR1_2_6_sol_genconfig_mslp_seed_52_alpha_10p.txt;Gurobi;AUTOMATIC;17.94;_bash_2;_seed_52_alpha_10p;0.0;1;0.0;/dados/rmelo/PDPTW-SE/benchmark_multi_island_v5/official_experiments/multistartlp/preliminar/set_01_pt_03/logs/heur_mslp/timelines/60R_60V_02I_05M/LR1_2_6_timeline_genconfig_mslp_seed_52_alpha_10p.txt;197.86;t1;0;Inf;false
0.1;0.0;0.01;0.01;0.0;0.0;9;/dados/rmelo/PDPTW-SE/benchmark_multi_island_v5/official_experiments/multistartlp/preliminar/set_01_pt_03/logs/heur_mslp/outputs/csvresults_heur_mslp_bash_2.csv;0;5;1;122;0;0.0;0.5;true;62;2;LR2_2_8_t2_60R_60V_02I_05M;/dados/rmelo/PDPTW-SE/benchmark_multi_island_v5/official_experiments/multistartlp/preliminar/set_01_pt_03/configs/genconfig_mslp.conf;genconfig_mslp;/dados/rmelo/PDPTW-SE/benchmark_multi_island_v5/official_experiments/multistartlp/preliminar/set_01_pt_03/logs/heur_mslp/gurobi/60R_60V_02I_05M/LR2_2_8_grb_genconfig_mslp_seed_52_alpha_10p.log;random;60R_60V_02I_05M;1;0;1;/dados/rmelo/PDPTW-SE/benchmark_multi_island_v5/official_experiments/multistartlp/preliminar/set_01_pt_03/../../../../instances/orig_ams_fg/60R_60V_02I_06M/t2/LR2_2_8/;36069;20763;0;9140.91;121;61;H;50;95;0;100.0;30.0;true;0.95;100.0;1.0;1.0;1.0;1.0;60;M;35723;36069;false;80;0.89;227.5;1.0;40;10;1000000;-1;3600;1.28;0.68;0.91;mslp;heur;0.22;0.69;-1;3600;60000;I;60;0.8;0.07;LR2_2_8;0;/dados/rmelo/PDPTW-SE/benchmark_multi_island_v5/official_experiments/multistartlp/preliminar/set_01_pt_03/logs;0;0;0;0.0;99.04;1;52;/dados/rmelo/PDPTW-SE/benchmark_multi_island_v5/official_experiments/multistartlp/preliminar/set_01_pt_03/logs/heur_mslp/solutions/60R_60V_02I_05M/LR2_2_8_sol_genconfig_mslp_seed_52_alpha_10p.txt;Gurobi;AUTOMATIC;17.76;_bash_2;_seed_52_alpha_10p;462.36;1;2075.4;/dados/rmelo/PDPTW-SE/benchmark_multi_island_v5/official_experiments/multistartlp/preliminar/set_01_pt_03/logs/heur_mslp/timelines/60R_60V_02I_05M/LR2_2_8_timeline_genconfig_mslp_seed_52_alpha_10p.txt;3600.04;t2;0;6847.07;false
0.1;0.12;0.17;0.29;0.01;0.09;1;/dados/rmelo/PDPTW-SE/benchmark_multi_island_v5/official_experiments/multistartlp/preliminar/set_01_pt_03/logs/heur_mslp/outputs/csvresults_heur_mslp_bash_2.csv;0;5;1;122;0;0.0;0.5;true;62;2;LR1_2_6_t1_60R_60V_04I_05M;/dados/rmelo/PDPTW-SE/benchmark_multi_island_v5/official_experiments/multistartlp/preliminar/set_01_pt_03/configs/genconfig_mslp.conf;genconfig_mslp;/dados/rmelo/PDPTW-SE/benchmark_multi_island_v5/official_experiments/multistartlp/preliminar/set_01_pt_03/logs/heur_mslp/gurobi/60R_60V_04I_05M/LR1_2_6_grb_genconfig_mslp_seed_52_alpha_10p.log;random;60R_60V_04I_05M;1;59999;1;/dados/rmelo/PDPTW-SE/benchmark_multi_island_v5/official_experiments/multistartlp/preliminar/set_01_pt_03/../../../../instances/orig_ams_fg/60R_60V_04I_06M/t1/LR1_2_6/;60000;1;0;8335.07;121;61;H;50;95;0;100.0;30.0;true;0.95;100.0;1.0;1.0;1.0;1.0;60;M;1;1;false;82;0.93;184.15;0.96;41;10;1000000;-1;3600;5.47;0.57;0.63;mslp;heur;0.25;0.13;-1;3600;60000;I;60;1.0;0.28;LR1_2_6;0;/dados/rmelo/PDPTW-SE/benchmark_multi_island_v5/official_experiments/multistartlp/preliminar/set_01_pt_03/logs;0;0;0;100.0;100.0;1;52;/dados/rmelo/PDPTW-SE/benchmark_multi_island_v5/official_experiments/multistartlp/preliminar/set_01_pt_03/logs/heur_mslp/solutions/60R_60V_04I_05M/LR1_2_6_sol_genconfig_mslp_seed_52_alpha_10p.txt;Gurobi;AUTOMATIC;17.62;_bash_2;_seed_52_alpha_10p;0.05;1;0.06;/dados/rmelo/PDPTW-SE/benchmark_multi_island_v5/official_experiments/multistartlp/preliminar/set_01_pt_03/logs/heur_mslp/timelines/60R_60V_04I_05M/LR1_2_6_timeline_genconfig_mslp_seed_52_alpha_10p.txt;393.2;t1;0;7879.32;false
0.1;0.03;0.06;0.09;0.0;0.0;4;/dados/rmelo/PDPTW-SE/benchmark_multi_island_v5/official_experiments/multistartlp/preliminar/set_01_pt_03/logs/heur_mslp/outputs/csvresults_heur_mslp_bash_2.csv;0;5;1;122;0;0.0;0.5;true;62;2;LR2_2_8_t2_60R_60V_04I_05M;/dados/rmelo/PDPTW-SE/benchmark_multi_island_v5/official_experiments/multistartlp/preliminar/set_01_pt_03/configs/genconfig_mslp.conf;genconfig_mslp;/dados/rmelo/PDPTW-SE/benchmark_multi_island_v5/official_experiments/multistartlp/preliminar/set_01_pt_03/logs/heur_mslp/gurobi/60R_60V_04I_05M/LR2_2_8_grb_genconfig_mslp_seed_52_alpha_10p.log;random;60R_60V_04I_05M;1;0;1;/dados/rmelo/PDPTW-SE/benchmark_multi_island_v5/official_experiments/multistartlp/preliminar/set_01_pt_03/../../../../instances/orig_ams_fg/60R_60V_04I_06M/t2/LR2_2_8/;19136;6634;0;9105.55;121;61;H;50;95;0;100.0;30.0;true;0.95;100.0;1.0;1.0;1.0;1.0;60;M;18998;19136;false;80;0.89;181.1;0.99;40;10;1000000;-1;3600;0.89;0.57;0.85;mslp;heur;0.14;0.46;-1;3600;60000;I;60;1.0;0.08;LR2_2_8;0;/dados/rmelo/PDPTW-SE/benchmark_multi_island_v5/official_experiments/multistartlp/preliminar/set_01_pt_03/logs;0;0;0;0.0;99.28;1;52;/dados/rmelo/PDPTW-SE/benchmark_multi_island_v5/official_experiments/multistartlp/preliminar/set_01_pt_03/logs/heur_mslp/solutions/60R_60V_04I_05M/LR2_2_8_sol_genconfig_mslp_seed_52_alpha_10p.txt;Gurobi;AUTOMATIC;17.78;_bash_2;_seed_52_alpha_10p;170.29;1;1250.25;/dados/rmelo/PDPTW-SE/benchmark_multi_island_v5/official_experiments/multistartlp/preliminar/set_01_pt_03/logs/heur_mslp/timelines/60R_60V_04I_05M/LR2_2_8_timeline_genconfig_mslp_seed_52_alpha_10p.txt;3600.02;t2;0;7273.02;false
0.1;0.0;0.12;0.12;0.0;0.0;3;/dados/rmelo/PDPTW-SE/benchmark_multi_island_v5/official_experiments/multistartlp/preliminar/set_01_pt_03/logs/heur_mslp/outputs/csvresults_heur_mslp_bash_2.csv;0;3;1;18;0;0.0;0.5;true;10;2;lr109_t1_08R_08V_02I_03M;/dados/rmelo/PDPTW-SE/benchmark_multi_island_v5/official_experiments/multistartlp/preliminar/set_01_pt_03/configs/genconfig_mslp.conf;genconfig_mslp;/dados/rmelo/PDPTW-SE/benchmark_multi_island_v5/official_experiments/multistartlp/preliminar/set_01_pt_03/logs/heur_mslp/gurobi/08R_08V_02I_03M/lr109_grb_genconfig_mslp_seed_59_alpha_10p.log;random;08R_08V_02I_03M;1;0;1;/dados/rmelo/PDPTW-SE/benchmark_multi_island_v5/official_experiments/multistartlp/preliminar/set_01_pt_03/../../../../instances/orig_ams_fg/08R_08V_02I_04M/t1/lr109/;60000;9;0;703.71;17;9;H;50;95;0;100.0;30.0;true;0.95;100.0;1.0;1.0;1.0;1.0;60;M;60000;60000;false;52;0.91;79.5;0.76;26;10;1000000;-1;3600;8.77;0.77;0.53;mslp;heur;0.59;0.23;-1;3600;60000;I;8;0.67;0.38;lr109;0;/dados/rmelo/PDPTW-SE/benchmark_multi_island_v5/official_experiments/multistartlp/preliminar/set_01_pt_03/logs;0;0;0;0.0;100.0;1;59;/dados/rmelo/PDPTW-SE/benchmark_multi_island_v5/official_experiments/multistartlp/preliminar/set_01_pt_03/logs/heur_mslp/solutions/08R_08V_02I_03M/lr109_sol_genconfig_mslp_seed_59_alpha_10p.txt;Gurobi;AUTOMATIC;17.89;_bash_2;_seed_59_alpha_10p;5260.34;1;0.3;/dados/rmelo/PDPTW-SE/benchmark_multi_island_v5/official_experiments/multistartlp/preliminar/set_01_pt_03/logs/heur_mslp/timelines/08R_08V_02I_03M/lr109_timeline_genconfig_mslp_seed_59_alpha_10p.txt;98.49;t1;0;533.17;false
0.1;0.0;0.03;0.03;0.0;0.0;12;/dados/rmelo/PDPTW-SE/benchmark_multi_island_v5/official_experiments/multistartlp/preliminar/set_01_pt_03/logs/heur_mslp/outputs/csvresults_heur_mslp_bash_2.csv;0;3;1;18;0;0.0;0.5;true;10;2;lr209_t2_08R_08V_02I_03M;/dados/rmelo/PDPTW-SE/benchmark_multi_island_v5/official_experiments/multistartlp/preliminar/set_01_pt_03/configs/genconfig_mslp.conf;genconfig_mslp;/dados/rmelo/PDPTW-SE/benchmark_multi_island_v5/official_experiments/multistartlp/preliminar/set_01_pt_03/logs/heur_mslp/gurobi/08R_08V_02I_03M/lr209_grb_genconfig_mslp_seed_59_alpha_10p.log;random;08R_08V_02I_03M;1;0;1;/dados/rmelo/PDPTW-SE/benchmark_multi_island_v5/official_experiments/multistartlp/preliminar/set_01_pt_03/../../../../instances/orig_ams_fg/08R_08V_02I_04M/t2/lr209/;60000;32792;0;806.17;17;9;H;50;95;0;100.0;30.0;true;0.95;100.0;1.0;1.0;1.0;1.0;60;M;58779;60000;false;46;0.57;79.13;0.82;23;10;1000000;-1;3600;20.52;0.57;0.82;mslp;heur;0.57;0.82;-1;3600;60000;I;8;0.67;0.12;lr209;0;/dados/rmelo/PDPTW-SE/benchmark_multi_island_v5/official_experiments/multistartlp/preliminar/set_01_pt_03/logs;0;0;0;0.0;97.96;1;59;/dados/rmelo/PDPTW-SE/benchmark_multi_island_v5/official_experiments/multistartlp/preliminar/set_01_pt_03/logs/heur_mslp/solutions/08R_08V_02I_03M/lr209_sol_genconfig_mslp_seed_59_alpha_10p.txt;Gurobi;AUTOMATIC;17.79;_bash_2;_seed_59_alpha_10p;12311.58;1;65.52;/dados/rmelo/PDPTW-SE/benchmark_multi_island_v5/official_experiments/multistartlp/preliminar/set_01_pt_03/logs/heur_mslp/timelines/08R_08V_02I_03M/lr209_timeline_genconfig_mslp_seed_59_alpha_10p.txt;118.67;t2;0;565.91;false
0.1;0.1;0.28;0.38;0.0;0.0;6;/dados/rmelo/PDPTW-SE/benchmark_multi_island_v5/official_experiments/multistartlp/preliminar/set_01_pt_03/logs/heur_mslp/outputs/csvresults_heur_mslp_bash_2.csv;0;3;1;18;0;0.0;0.5;true;10;2;lr110_t1_08R_08V_04I_03M;/dados/rmelo/PDPTW-SE/benchmark_multi_island_v5/official_experiments/multistartlp/preliminar/set_01_pt_03/configs/genconfig_mslp.conf;genconfig_mslp;/dados/rmelo/PDPTW-SE/benchmark_multi_island_v5/official_experiments/multistartlp/preliminar/set_01_pt_03/logs/heur_mslp/gurobi/08R_08V_04I_03M/lr110_grb_genconfig_mslp_seed_59_alpha_10p.log;random;08R_08V_04I_03M;1;24530;1;/dados/rmelo/PDPTW-SE/benchmark_multi_island_v5/official_experiments/multistartlp/preliminar/set_01_pt_03/../../../../instances/orig_ams_fg/08R_08V_04I_04M/t1/lr110/;60000;72;0;834.07;17;9;H;50;95;0;100.0;30.0;true;0.95;100.0;1.0;1.0;1.0;1.0;60;M;35470;35470;false;52;0.89;73.43;0.84;26;10;1000000;-1;3600;11.72;0.58;0.53;mslp;heur;0.35;0.15;-1;3600;60000;I;8;1.0;0.62;lr110;0;/dados/rmelo/PDPTW-SE/benchmark_multi_island_v5/official_experiments/multistartlp/preliminar/set_01_pt_03/logs;0;0;0;40.88;100.0;1;59;/dados/rmelo/PDPTW-SE/benchmark_multi_island_v5/official_experiments/multistartlp/preliminar/set_01_pt_03/logs/heur_mslp/solutions/08R_08V_04I_03M/lr110_sol_genconfig_mslp_seed_59_alpha_10p.txt;Gurobi;AUTOMATIC;17.65;_bash_2;_seed_59_alpha_10p;4156.21;1;0.34;/dados/rmelo/PDPTW-SE/benchmark_multi_island_v5/official_experiments/multistartlp/preliminar/set_01_pt_03/logs/heur_mslp/timelines/08R_08V_04I_03M/lr110_timeline_genconfig_mslp_seed_59_alpha_10p.txt;74.19;t1;0;672.2;false
0.1;0.01;0.05;0.07;0.0;0.0;13;/dados/rmelo/PDPTW-SE/benchmark_multi_island_v5/official_experiments/multistartlp/preliminar/set_01_pt_03/logs/heur_mslp/outputs/csvresults_heur_mslp_bash_2.csv;0;3;1;18;0;0.0;0.5;true;10;2;lr209_t2_08R_08V_04I_03M;/dados/rmelo/PDPTW-SE/benchmark_multi_island_v5/official_experiments/multistartlp/preliminar/set_01_pt_03/configs/genconfig_mslp.conf;genconfig_mslp;/dados/rmelo/PDPTW-SE/benchmark_multi_island_v5/official_experiments/multistartlp/preliminar/set_01_pt_03/logs/heur_mslp/gurobi/08R_08V_04I_03M/lr209_grb_genconfig_mslp_seed_59_alpha_10p.log;random;08R_08V_04I_03M;1;0;1;/dados/rmelo/PDPTW-SE/benchmark_multi_island_v5/official_experiments/multistartlp/preliminar/set_01_pt_03/../../../../instances/orig_ams_fg/08R_08V_04I_04M/t2/lr209/;60000;16043;0;1381.07;17;9;H;50;95;0;100.0;30.0;true;0.95;100.0;1.0;1.0;1.0;1.0;60;M;59485;60000;false;46;0.56;81.38;0.93;23;10;1000000;-1;3600;21.6;0.31;0.85;mslp;heur;0.07;0.77;-1;3600;60000;I;8;1.0;0.25;lr209;0;/dados/rmelo/PDPTW-SE/benchmark_multi_island_v5/official_experiments/multistartlp/preliminar/set_01_pt_03/logs;0;0;0;0.0;99.14;1;59;/dados/rmelo/PDPTW-SE/benchmark_multi_island_v5/official_experiments/multistartlp/preliminar/set_01_pt_03/logs/heur_mslp/solutions/08R_08V_04I_03M/lr209_sol_genconfig_mslp_seed_59_alpha_10p.txt;Gurobi;AUTOMATIC;17.77;_bash_2;_seed_59_alpha_10p;12958.29;1;42.35;/dados/rmelo/PDPTW-SE/benchmark_multi_island_v5/official_experiments/multistartlp/preliminar/set_01_pt_03/logs/heur_mslp/timelines/08R_08V_04I_03M/lr209_timeline_genconfig_mslp_seed_59_alpha_10p.txt;160.29;t2;0;626.42;false
0.1;0.0;0.07;0.07;0.0;0.0;10;/dados/rmelo/PDPTW-SE/benchmark_multi_island_v5/official_experiments/multistartlp/preliminar/set_01_pt_03/logs/heur_mslp/outputs/csvresults_heur_mslp_bash_2.csv;0;3;1;26;0;0.0;0.5;true;14;2;lr109_t1_12R_12V_02I_03M;/dados/rmelo/PDPTW-SE/benchmark_multi_island_v5/official_experiments/multistartlp/preliminar/set_01_pt_03/configs/genconfig_mslp.conf;genconfig_mslp;/dados/rmelo/PDPTW-SE/benchmark_multi_island_v5/official_experiments/multistartlp/preliminar/set_01_pt_03/logs/heur_mslp/gurobi/12R_12V_02I_03M/lr109_grb_genconfig_mslp_seed_59_alpha_10p.log;random;12R_12V_02I_03M;1;0;1;/dados/rmelo/PDPTW-SE/benchmark_multi_island_v5/official_experiments/multistartlp/preliminar/set_01_pt_03/../../../../instances/orig_ams_fg/12R_12V_02I_04M/t1/lr109/;60000;2254;0;974.21;25;13;H;50;95;0;100.0;30.0;true;0.95;100.0;1.0;1.0;1.0;1.0;60;M;60000;60000;false;58;0.83;96.56;0.81;29;10;1000000;-1;3600;8.17;0.79;0.58;mslp;heur;0.73;0.25;-1;3600;60000;I;12;0.67;0.33;lr109;0;/dados/rmelo/PDPTW-SE/benchmark_multi_island_v5/official_experiments/multistartlp/preliminar/set_01_pt_03/logs;0;0;0;0.0;100.0;1;59;/dados/rmelo/PDPTW-SE/benchmark_multi_island_v5/official_experiments/multistartlp/preliminar/set_01_pt_03/logs/heur_mslp/solutions/12R_12V_02I_03M/lr109_sol_genconfig_mslp_seed_59_alpha_10p.txt;Gurobi;AUTOMATIC;18.13;_bash_2;_seed_59_alpha_10p;4899.59;1;5.12;/dados/rmelo/PDPTW-SE/benchmark_multi_island_v5/official_experiments/multistartlp/preliminar/set_01_pt_03/logs/heur_mslp/timelines/12R_12V_02I_03M/lr109_timeline_genconfig_mslp_seed_59_alpha_10p.txt;125.04;t1;0;722.63;false
0.1;0.01;0.02;0.02;0.0;0.0;8;/dados/rmelo/PDPTW-SE/benchmark_multi_island_v5/official_experiments/multistartlp/preliminar/set_01_pt_03/logs/heur_mslp/outputs/csvresults_heur_mslp_bash_2.csv;0;3;1;26;0;0.0;0.5;true;14;2;lr208_t2_12R_12V_02I_03M;/dados/rmelo/PDPTW-SE/benchmark_multi_island_v5/official_experiments/multistartlp/preliminar/set_01_pt_03/configs/genconfig_mslp.conf;genconfig_mslp;/dados/rmelo/PDPTW-SE/benchmark_multi_island_v5/official_experiments/multistartlp/preliminar/set_01_pt_03/logs/heur_mslp/gurobi/12R_12V_02I_03M/lr208_grb_genconfig_mslp_seed_59_alpha_10p.log;random;12R_12V_02I_03M;1;0;1;/dados/rmelo/PDPTW-SE/benchmark_multi_island_v5/official_experiments/multistartlp/preliminar/set_01_pt_03/../../../../instances/orig_ams_fg/12R_12V_02I_04M/t2/lr208/;60000;42445;0;894.66;25;13;H;50;95;0;100.0;30.0;true;0.95;100.0;1.0;1.0;1.0;1.0;60;M;50404;60000;false;58;0.77;114.02;1.0;29;10;1000000;-1;3600;5.86;0.77;1.0;mslp;heur;0.77;1.0;-1;3600;60000;I;12;0.67;0.08;lr208;0;/dados/rmelo/PDPTW-SE/benchmark_multi_island_v5/official_experiments/multistartlp/preliminar/set_01_pt_03/logs;0;0;0;0.0;84.01;1;59;/dados/rmelo/PDPTW-SE/benchmark_multi_island_v5/official_experiments/multistartlp/preliminar/set_01_pt_03/logs/heur_mslp/solutions/12R_12V_02I_03M/lr208_sol_genconfig_mslp_seed_59_alpha_10p.txt;Gurobi;AUTOMATIC;17.89;_bash_2;_seed_59_alpha_10p;3517.36;1;174.51;/dados/rmelo/PDPTW-SE/benchmark_multi_island_v5/official_experiments/multistartlp/preliminar/set_01_pt_03/logs/heur_mslp/timelines/12R_12V_02I_03M/lr208_timeline_genconfig_mslp_seed_59_alpha_10p.txt;245.58;t2;0;766.57;false
0.1;0.14;0.26;0.4;0.0;0.0;11;/dados/rmelo/PDPTW-SE/benchmark_multi_island_v5/official_experiments/multistartlp/preliminar/set_01_pt_03/logs/heur_mslp/outputs/csvresults_heur_mslp_bash_2.csv;0;3;1;26;0;0.0;0.5;true;14;2;lr110_t1_12R_12V_04I_03M;/dados/rmelo/PDPTW-SE/benchmark_multi_island_v5/official_experiments/multistartlp/preliminar/set_01_pt_03/configs/genconfig_mslp.conf;genconfig_mslp;/dados/rmelo/PDPTW-SE/benchmark_multi_island_v5/official_experiments/multistartlp/preliminar/set_01_pt_03/logs/heur_mslp/gurobi/12R_12V_04I_03M/lr110_grb_genconfig_mslp_seed_59_alpha_10p.log;random;12R_12V_04I_03M;1;12992;1;/dados/rmelo/PDPTW-SE/benchmark_multi_island_v5/official_experiments/multistartlp/preliminar/set_01_pt_03/../../../../instances/orig_ams_fg/12R_12V_04I_04M/t1/lr110/;60000;7067;0;1009.15;25;13;H;50;95;0;100.0;30.0;true;0.95;100.0;1.0;1.0;1.0;1.0;60;M;47008;47008;false;52;0.72;75.02;0.76;26;10;1000000;-1;3600;13.46;0.57;0.41;mslp;heur;0.37;0.15;-1;3600;60000;I;12;1.0;0.5;lr110;0;/dados/rmelo/PDPTW-SE/benchmark_multi_island_v5/official_experiments/multistartlp/preliminar/set_01_pt_03/logs;0;0;0;21.65;100.0;1;59;/dados/rmelo/PDPTW-SE/benchmark_multi_island_v5/official_experiments/multistartlp/preliminar/set_01_pt_03/logs/heur_mslp/solutions/12R_12V_04I_03M/lr110_sol_genconfig_mslp_seed_59_alpha_10p.txt;Gurobi;AUTOMATIC;17.92;_bash_2;_seed_59_alpha_10p;6328.58;1;15.05;/dados/rmelo/PDPTW-SE/benchmark_multi_island_v5/official_experiments/multistartlp/preliminar/set_01_pt_03/logs/heur_mslp/timelines/12R_12V_04I_03M/lr110_timeline_genconfig_mslp_seed_59_alpha_10p.txt;122.63;t1;0;786.88;false
0.1;0.02;0.06;0.09;0.0;0.0;9;/dados/rmelo/PDPTW-SE/benchmark_multi_island_v5/official_experiments/multistartlp/preliminar/set_01_pt_03/logs/heur_mslp/outputs/csvresults_heur_mslp_bash_2.csv;0;3;1;26;0;0.0;0.5;true;14;2;lr207_t2_12R_12V_04I_03M;/dados/rmelo/PDPTW-SE/benchmark_multi_island_v5/official_experiments/multistartlp/preliminar/set_01_pt_03/configs/genconfig_mslp.conf;genconfig_mslp;/dados/rmelo/PDPTW-SE/benchmark_multi_island_v5/official_experiments/multistartlp/preliminar/set_01_pt_03/logs/heur_mslp/gurobi/12R_12V_04I_03M/lr207_grb_genconfig_mslp_seed_59_alpha_10p.log;random;12R_12V_04I_03M;1;0;1;/dados/rmelo/PDPTW-SE/benchmark_multi_island_v5/official_experiments/multistartlp/preliminar/set_01_pt_03/../../../../instances/orig_ams_fg/12R_12V_04I_04M/t2/lr207/;60000;51687;0;1437.17;25;13;H;50;95;0;100.0;30.0;true;0.95;100.0;1.0;1.0;1.0;1.0;60;M;59917;60000;false;40;0.89;90.05;0.98;20;10;1000000;-1;3600;13.78;0.89;0.98;mslp;heur;0.89;0.98;-1;3600;60000;I;12;1.0;0.08;lr207;0;/dados/rmelo/PDPTW-SE/benchmark_multi_island_v5/official_experiments/multistartlp/preliminar/set_01_pt_03/logs;0;0;0;0.0;99.86;1;59;/dados/rmelo/PDPTW-SE/benchmark_multi_island_v5/official_experiments/multistartlp/preliminar/set_01_pt_03/logs/heur_mslp/solutions/12R_12V_04I_03M/lr207_sol_genconfig_mslp_seed_59_alpha_10p.txt;Gurobi;AUTOMATIC;17.8;_bash_2;_seed_59_alpha_10p;8265.45;1;252.29;/dados/rmelo/PDPTW-SE/benchmark_multi_island_v5/official_experiments/multistartlp/preliminar/set_01_pt_03/logs/heur_mslp/timelines/12R_12V_04I_03M/lr207_timeline_genconfig_mslp_seed_59_alpha_10p.txt;292.67;t2;0;889.26;false
0.1;0.06;0.11;0.16;0.0;0.04;1;/dados/rmelo/PDPTW-SE/benchmark_multi_island_v5/official_experiments/multistartlp/preliminar/set_01_pt_03/logs/heur_mslp/outputs/csvresults_heur_mslp_bash_2.csv;0;5;1;82;0;0.0;0.5;true;42;2;LR1_2_6_t1_40R_40V_02I_05M;/dados/rmelo/PDPTW-SE/benchmark_multi_island_v5/official_experiments/multistartlp/preliminar/set_01_pt_03/configs/genconfig_mslp.conf;genconfig_mslp;/dados/rmelo/PDPTW-SE/benchmark_multi_island_v5/official_experiments/multistartlp/preliminar/set_01_pt_03/logs/heur_mslp/gurobi/40R_40V_02I_05M/LR1_2_6_grb_genconfig_mslp_seed_59_alpha_10p.log;random;40R_40V_02I_05M;1;59998;1;/dados/rmelo/PDPTW-SE/benchmark_multi_island_v5/official_experiments/multistartlp/preliminar/set_01_pt_03/../../../../instances/orig_ams_fg/40R_40V_02I_06M/t1/LR1_2_6/;60000;1;0;6704.12;81;41;H;50;95;0;100.0;30.0;true;0.95;100.0;1.0;1.0;1.0;1.0;60;M;2;2;false;72;0.93;213.59;1.0;36;10;1000000;-1;3600;5.22;0.68;0.58;mslp;heur;0.3;0.12;-1;3600;60000;I;40;1.0;0.35;LR1_2_6;0;/dados/rmelo/PDPTW-SE/benchmark_multi_island_v5/official_experiments/multistartlp/preliminar/set_01_pt_03/logs;0;0;0;100.0;100.0;1;59;/dados/rmelo/PDPTW-SE/benchmark_multi_island_v5/official_experiments/multistartlp/preliminar/set_01_pt_03/logs/heur_mslp/solutions/40R_40V_02I_05M/LR1_2_6_sol_genconfig_mslp_seed_59_alpha_10p.txt;Gurobi;AUTOMATIC;17.79;_bash_2;_seed_59_alpha_10p;0.1;1;0.01;/dados/rmelo/PDPTW-SE/benchmark_multi_island_v5/official_experiments/multistartlp/preliminar/set_01_pt_03/logs/heur_mslp/timelines/40R_40V_02I_05M/LR1_2_6_timeline_genconfig_mslp_seed_59_alpha_10p.txt;185.17;t1;0;6037.52;false
0.1;0.01;0.02;0.03;0.0;0.17;9;/dados/rmelo/PDPTW-SE/benchmark_multi_island_v5/official_experiments/multistartlp/preliminar/set_01_pt_03/logs/heur_mslp/outputs/csvresults_heur_mslp_bash_2.csv;0;5;1;82;0;0.0;0.5;true;42;2;LR2_2_10_t2_40R_40V_02I_05M;/dados/rmelo/PDPTW-SE/benchmark_multi_island_v5/official_experiments/multistartlp/preliminar/set_01_pt_03/configs/genconfig_mslp.conf;genconfig_mslp;/dados/rmelo/PDPTW-SE/benchmark_multi_island_v5/official_experiments/multistartlp/preliminar/set_01_pt_03/logs/heur_mslp/gurobi/40R_40V_02I_05M/LR2_2_10_grb_genconfig_mslp_seed_59_alpha_10p.log;random;40R_40V_02I_05M;1;0;1;/dados/rmelo/PDPTW-SE/benchmark_multi_island_v5/official_experiments/multistartlp/preliminar/set_01_pt_03/../../../../instances/orig_ams_fg/40R_40V_02I_06M/t2/LR2_2_10/;60000;53768;0;8765.06;81;41;H;50;95;0;100.0;30.0;true;0.95;100.0;1.0;1.0;1.0;1.0;60;M;60000;60000;false;80;0.91;269.32;1.0;40;10;1000000;-1;3600;6.35;0.62;0.97;mslp;heur;0.29;0.94;-1;3600;60000;I;40;0.8;0.1;LR2_2_10;0;/dados/rmelo/PDPTW-SE/benchmark_multi_island_v5/official_experiments/multistartlp/preliminar/set_01_pt_03/logs;0;0;0;0.0;100.0;1;59;/dados/rmelo/PDPTW-SE/benchmark_multi_island_v5/official_experiments/multistartlp/preliminar/set_01_pt_03/logs/heur_mslp/solutions/40R_40V_02I_05M/LR2_2_10_sol_genconfig_mslp_seed_59_alpha_10p.txt;Gurobi;AUTOMATIC;17.71;_bash_2;_seed_59_alpha_10p;3811.3;1;1168.0;/dados/rmelo/PDPTW-SE/benchmark_multi_island_v5/official_experiments/multistartlp/preliminar/set_01_pt_03/logs/heur_mslp/timelines/40R_40V_02I_05M/LR2_2_10_timeline_genconfig_mslp_seed_59_alpha_10p.txt;1302.94;t2;0;6259.86;false
0.1;0.08;0.16;0.24;0.0;0.03;10;/dados/rmelo/PDPTW-SE/benchmark_multi_island_v5/official_experiments/multistartlp/preliminar/set_01_pt_03/logs/heur_mslp/outputs/csvresults_heur_mslp_bash_2.csv;0;5;1;82;0;0.0;0.5;true;42;2;LR1_2_10_t1_40R_40V_04I_05M;/dados/rmelo/PDPTW-SE/benchmark_multi_island_v5/official_experiments/multistartlp/preliminar/set_01_pt_03/configs/genconfig_mslp.conf;genconfig_mslp;/dados/rmelo/PDPTW-SE/benchmark_multi_island_v5/official_experiments/multistartlp/preliminar/set_01_pt_03/logs/heur_mslp/gurobi/40R_40V_04I_05M/LR1_2_10_grb_genconfig_mslp_seed_59_alpha_10p.log;random;40R_40V_04I_05M;1;35991;1;/dados/rmelo/PDPTW-SE/benchmark_multi_island_v5/official_experiments/multistartlp/preliminar/set_01_pt_03/../../../../instances/orig_ams_fg/40R_40V_04I_06M/t1/LR1_2_10/;60000;59489;0;6024.18;81;41;H;50;95;0;100.0;30.0;true;0.95;100.0;1.0;1.0;1.0;1.0;60;M;24009;24009;false;72;0.96;175.77;1.0;36;10;1000000;-1;3600;7.18;0.61;0.69;mslp;heur;0.26;0.32;-1;3600;60000;I;40;1.0;0.28;LR1_2_10;0;/dados/rmelo/PDPTW-SE/benchmark_multi_island_v5/official_experiments/multistartlp/preliminar/set_01_pt_03/logs;0;0;0;59.98;100.0;1;59;/dados/rmelo/PDPTW-SE/benchmark_multi_island_v5/official_experiments/multistartlp/preliminar/set_01_pt_03/logs/heur_mslp/solutions/40R_40V_04I_05M/LR1_2_10_sol_genconfig_mslp_seed_59_alpha_10p.txt;Gurobi;AUTOMATIC;17.72;_bash_2;_seed_59_alpha_10p;1724.45;1;676.22;/dados/rmelo/PDPTW-SE/benchmark_multi_island_v5/official_experiments/multistartlp/preliminar/set_01_pt_03/logs/heur_mslp/timelines/40R_40V_04I_05M/LR1_2_10_timeline_genconfig_mslp_seed_59_alpha_10p.txt;681.93;t1;0;4283.67;false
0.1;0.05;0.08;0.13;0.0;0.0;9;/dados/rmelo/PDPTW-SE/benchmark_multi_island_v5/official_experiments/multistartlp/preliminar/set_01_pt_03/logs/heur_mslp/outputs/csvresults_heur_mslp_bash_2.csv;0;5;1;82;0;0.0;0.5;true;42;2;LR2_2_7_t2_40R_40V_04I_05M;/dados/rmelo/PDPTW-SE/benchmark_multi_island_v5/official_experiments/multistartlp/preliminar/set_01_pt_03/configs/genconfig_mslp.conf;genconfig_mslp;/dados/rmelo/PDPTW-SE/benchmark_multi_island_v5/official_experiments/multistartlp/preliminar/set_01_pt_03/logs/heur_mslp/gurobi/40R_40V_04I_05M/LR2_2_7_grb_genconfig_mslp_seed_59_alpha_10p.log;random;40R_40V_04I_05M;1;0;1;/dados/rmelo/PDPTW-SE/benchmark_multi_island_v5/official_experiments/multistartlp/preliminar/set_01_pt_03/../../../../instances/orig_ams_fg/40R_40V_04I_06M/t2/LR2_2_7/;60000;34372;0;7434.49;81;41;H;50;95;0;100.0;30.0;true;0.95;100.0;1.0;1.0;1.0;1.0;60;M;59998;60000;false;78;0.84;188.0;0.94;39;10;1000000;-1;3600;2.36;0.55;0.73;mslp;heur;0.06;0.17;-1;3600;60000;I;40;1.0;0.1;LR2_2_7;0;/dados/rmelo/PDPTW-SE/benchmark_multi_island_v5/official_experiments/multistartlp/preliminar/set_01_pt_03/logs;0;0;0;0.0;100.0;1;59;/dados/rmelo/PDPTW-SE/benchmark_multi_island_v5/official_experiments/multistartlp/preliminar/set_01_pt_03/logs/heur_mslp/solutions/40R_40V_04I_05M/LR2_2_7_sol_genconfig_mslp_seed_59_alpha_10p.txt;Gurobi;AUTOMATIC;17.71;_bash_2;_seed_59_alpha_10p;1418.3;1;2042.02;/dados/rmelo/PDPTW-SE/benchmark_multi_island_v5/official_experiments/multistartlp/preliminar/set_01_pt_03/logs/heur_mslp/timelines/40R_40V_04I_05M/LR2_2_7_timeline_genconfig_mslp_seed_59_alpha_10p.txt;3561.65;t2;0;5532.38;false
0.1;0.03;0.06;0.09;0.01;0.19;0;/dados/rmelo/PDPTW-SE/benchmark_multi_island_v5/official_experiments/multistartlp/preliminar/set_01_pt_03/logs/heur_mslp/outputs/csvresults_heur_mslp_bash_2.csv;0;5;1;122;0;0.0;0.5;false;62;2;LR1_2_6_t1_60R_60V_02I_05M;/dados/rmelo/PDPTW-SE/benchmark_multi_island_v5/official_experiments/multistartlp/preliminar/set_01_pt_03/configs/genconfig_mslp.conf;genconfig_mslp;/dados/rmelo/PDPTW-SE/benchmark_multi_island_v5/official_experiments/multistartlp/preliminar/set_01_pt_03/logs/heur_mslp/gurobi/60R_60V_02I_05M/LR1_2_6_grb_genconfig_mslp_seed_59_alpha_10p.log;random;60R_60V_02I_05M;1;60000;1;/dados/rmelo/PDPTW-SE/benchmark_multi_island_v5/official_experiments/multistartlp/preliminar/set_01_pt_03/../../../../instances/orig_ams_fg/60R_60V_02I_06M/t1/LR1_2_6/;60000;0;0;0.0;121;61;H;50;95;0;100.0;30.0;true;0.95;100.0;1.0;1.0;1.0;1.0;60;M;0;0;false;82;0.96;277.16;0.61;41;10;1000000;-1;3600;0.0;0.63;0.32;mslp;heur;0.45;0.01;-1;3600;60000;I;60;1.0;0.22;LR1_2_6;0;/dados/rmelo/PDPTW-SE/benchmark_multi_island_v5/official_experiments/multistartlp/preliminar/set_01_pt_03/logs;0;0;0;100.0;0.0;1;59;/dados/rmelo/PDPTW-SE/benchmark_multi_island_v5/official_experiments/multistartlp/preliminar/set_01_pt_03/logs/heur_mslp/solutions/60R_60V_02I_05M/LR1_2_6_sol_genconfig_mslp_seed_59_alpha_10p.txt;Gurobi;AUTOMATIC;17.94;_bash_2;_seed_59_alpha_10p;0.0;1;0.0;/dados/rmelo/PDPTW-SE/benchmark_multi_island_v5/official_experiments/multistartlp/preliminar/set_01_pt_03/logs/heur_mslp/timelines/60R_60V_02I_05M/LR1_2_6_timeline_genconfig_mslp_seed_59_alpha_10p.txt;197.86;t1;0;Inf;false
0.1;0.01;0.01;0.02;0.0;0.0;7;/dados/rmelo/PDPTW-SE/benchmark_multi_island_v5/official_experiments/multistartlp/preliminar/set_01_pt_03/logs/heur_mslp/outputs/csvresults_heur_mslp_bash_2.csv;0;5;1;122;0;0.0;0.5;true;62;2;LR2_2_8_t2_60R_60V_02I_05M;/dados/rmelo/PDPTW-SE/benchmark_multi_island_v5/official_experiments/multistartlp/preliminar/set_01_pt_03/configs/genconfig_mslp.conf;genconfig_mslp;/dados/rmelo/PDPTW-SE/benchmark_multi_island_v5/official_experiments/multistartlp/preliminar/set_01_pt_03/logs/heur_mslp/gurobi/60R_60V_02I_05M/LR2_2_8_grb_genconfig_mslp_seed_59_alpha_10p.log;random;60R_60V_02I_05M;1;0;1;/dados/rmelo/PDPTW-SE/benchmark_multi_island_v5/official_experiments/multistartlp/preliminar/set_01_pt_03/../../../../instances/orig_ams_fg/60R_60V_02I_06M/t2/LR2_2_8/;35884;19730;0;9706.44;121;61;H;50;95;0;100.0;30.0;true;0.95;100.0;1.0;1.0;1.0;1.0;60;M;35572;35884;false;80;0.85;227.5;1.0;40;10;1000000;-1;3600;1.31;0.63;0.85;mslp;heur;0.09;0.48;-1;3600;60000;I;60;0.6;0.07;LR2_2_8;0;/dados/rmelo/PDPTW-SE/benchmark_multi_island_v5/official_experiments/multistartlp/preliminar/set_01_pt_03/logs;0;0;0;0.0;99.13;1;59;/dados/rmelo/PDPTW-SE/benchmark_multi_island_v5/official_experiments/multistartlp/preliminar/set_01_pt_03/logs/heur_mslp/solutions/60R_60V_02I_05M/LR2_2_8_sol_genconfig_mslp_seed_59_alpha_10p.txt;Gurobi;AUTOMATIC;17.59;_bash_2;_seed_59_alpha_10p;470.78;1;1979.3;/dados/rmelo/PDPTW-SE/benchmark_multi_island_v5/official_experiments/multistartlp/preliminar/set_01_pt_03/logs/heur_mslp/timelines/60R_60V_02I_05M/LR2_2_8_timeline_genconfig_mslp_seed_59_alpha_10p.txt;3600.04;t2;0;6375.41;false
0.1;0.12;0.17;0.29;0.01;0.09;1;/dados/rmelo/PDPTW-SE/benchmark_multi_island_v5/official_experiments/multistartlp/preliminar/set_01_pt_03/logs/heur_mslp/outputs/csvresults_heur_mslp_bash_2.csv;0;5;1;122;0;0.0;0.5;true;62;2;LR1_2_6_t1_60R_60V_04I_05M;/dados/rmelo/PDPTW-SE/benchmark_multi_island_v5/official_experiments/multistartlp/preliminar/set_01_pt_03/configs/genconfig_mslp.conf;genconfig_mslp;/dados/rmelo/PDPTW-SE/benchmark_multi_island_v5/official_experiments/multistartlp/preliminar/set_01_pt_03/logs/heur_mslp/gurobi/60R_60V_04I_05M/LR1_2_6_grb_genconfig_mslp_seed_59_alpha_10p.log;random;60R_60V_04I_05M;1;59999;1;/dados/rmelo/PDPTW-SE/benchmark_multi_island_v5/official_experiments/multistartlp/preliminar/set_01_pt_03/../../../../instances/orig_ams_fg/60R_60V_04I_06M/t1/LR1_2_6/;60000;1;0;8335.07;121;61;H;50;95;0;100.0;30.0;true;0.95;100.0;1.0;1.0;1.0;1.0;60;M;1;1;false;82;0.93;184.15;0.96;41;10;1000000;-1;3600;5.47;0.57;0.63;mslp;heur;0.25;0.13;-1;3600;60000;I;60;1.0;0.28;LR1_2_6;0;/dados/rmelo/PDPTW-SE/benchmark_multi_island_v5/official_experiments/multistartlp/preliminar/set_01_pt_03/logs;0;0;0;100.0;100.0;1;59;/dados/rmelo/PDPTW-SE/benchmark_multi_island_v5/official_experiments/multistartlp/preliminar/set_01_pt_03/logs/heur_mslp/solutions/60R_60V_04I_05M/LR1_2_6_sol_genconfig_mslp_seed_59_alpha_10p.txt;Gurobi;AUTOMATIC;17.64;_bash_2;_seed_59_alpha_10p;0.05;1;0.05;/dados/rmelo/PDPTW-SE/benchmark_multi_island_v5/official_experiments/multistartlp/preliminar/set_01_pt_03/logs/heur_mslp/timelines/60R_60V_04I_05M/LR1_2_6_timeline_genconfig_mslp_seed_59_alpha_10p.txt;396.64;t1;0;7879.32;false
0.1;0.02;0.05;0.07;0.0;0.0;3;/dados/rmelo/PDPTW-SE/benchmark_multi_island_v5/official_experiments/multistartlp/preliminar/set_01_pt_03/logs/heur_mslp/outputs/csvresults_heur_mslp_bash_2.csv;0;5;1;122;0;0.0;0.5;true;62;2;LR2_2_8_t2_60R_60V_04I_05M;/dados/rmelo/PDPTW-SE/benchmark_multi_island_v5/official_experiments/multistartlp/preliminar/set_01_pt_03/configs/genconfig_mslp.conf;genconfig_mslp;/dados/rmelo/PDPTW-SE/benchmark_multi_island_v5/official_experiments/multistartlp/preliminar/set_01_pt_03/logs/heur_mslp/gurobi/60R_60V_04I_05M/LR2_2_8_grb_genconfig_mslp_seed_59_alpha_10p.log;random;60R_60V_04I_05M;1;0;1;/dados/rmelo/PDPTW-SE/benchmark_multi_island_v5/official_experiments/multistartlp/preliminar/set_01_pt_03/../../../../instances/orig_ams_fg/60R_60V_04I_06M/t2/LR2_2_8/;18976;2805;0;9944.74;121;61;H;50;95;0;100.0;30.0;true;0.95;100.0;1.0;1.0;1.0;1.0;60;M;18832;18976;false;80;0.95;181.1;1.0;40;10;1000000;-1;3600;0.9;0.72;0.95;mslp;heur;0.27;0.85;-1;3600;60000;I;60;1.0;0.07;LR2_2_8;0;/dados/rmelo/PDPTW-SE/benchmark_multi_island_v5/official_experiments/multistartlp/preliminar/set_01_pt_03/logs;0;0;0;0.0;99.24;1;59;/dados/rmelo/PDPTW-SE/benchmark_multi_island_v5/official_experiments/multistartlp/preliminar/set_01_pt_03/logs/heur_mslp/solutions/60R_60V_04I_05M/LR2_2_8_sol_genconfig_mslp_seed_59_alpha_10p.txt;Gurobi;AUTOMATIC;17.78;_bash_2;_seed_59_alpha_10p;171.58;1;536.8;/dados/rmelo/PDPTW-SE/benchmark_multi_island_v5/official_experiments/multistartlp/preliminar/set_01_pt_03/logs/heur_mslp/timelines/60R_60V_04I_05M/LR2_2_8_timeline_genconfig_mslp_seed_59_alpha_10p.txt;3600.07;t2;0;7341.48;false
0.1;0.0;0.12;0.12;0.0;0.0;5;/dados/rmelo/PDPTW-SE/benchmark_multi_island_v5/official_experiments/multistartlp/preliminar/set_01_pt_03/logs/heur_mslp/outputs/csvresults_heur_mslp_bash_2.csv;0;3;1;18;0;0.0;0.5;true;10;2;lr109_t1_08R_08V_02I_03M;/dados/rmelo/PDPTW-SE/benchmark_multi_island_v5/official_experiments/multistartlp/preliminar/set_01_pt_03/configs/genconfig_mslp.conf;genconfig_mslp;/dados/rmelo/PDPTW-SE/benchmark_multi_island_v5/official_experiments/multistartlp/preliminar/set_01_pt_03/logs/heur_mslp/gurobi/08R_08V_02I_03M/lr109_grb_genconfig_mslp_seed_66_alpha_10p.log;random;08R_08V_02I_03M;1;0;1;/dados/rmelo/PDPTW-SE/benchmark_multi_island_v5/official_experiments/multistartlp/preliminar/set_01_pt_03/../../../../instances/orig_ams_fg/08R_08V_02I_04M/t1/lr109/;60000;56;0;583.46;17;9;H;50;95;0;100.0;30.0;true;0.95;100.0;1.0;1.0;1.0;1.0;60;M;60000;60000;false;52;0.91;79.5;0.6;26;10;1000000;-1;3600;8.75;0.77;0.46;mslp;heur;0.59;0.28;-1;3600;60000;I;8;0.67;0.38;lr109;0;/dados/rmelo/PDPTW-SE/benchmark_multi_island_v5/official_experiments/multistartlp/preliminar/set_01_pt_03/logs;0;0;0;0.0;100.0;1;66;/dados/rmelo/PDPTW-SE/benchmark_multi_island_v5/official_experiments/multistartlp/preliminar/set_01_pt_03/logs/heur_mslp/solutions/08R_08V_02I_03M/lr109_sol_genconfig_mslp_seed_66_alpha_10p.txt;Gurobi;AUTOMATIC;17.87;_bash_2;_seed_66_alpha_10p;5252.77;1;0.41;/dados/rmelo/PDPTW-SE/benchmark_multi_island_v5/official_experiments/multistartlp/preliminar/set_01_pt_03/logs/heur_mslp/timelines/08R_08V_02I_03M/lr109_timeline_genconfig_mslp_seed_66_alpha_10p.txt;98.55;t1;0;533.17;false
0.1;0.0;0.03;0.03;0.0;0.0;12;/dados/rmelo/PDPTW-SE/benchmark_multi_island_v5/official_experiments/multistartlp/preliminar/set_01_pt_03/logs/heur_mslp/outputs/csvresults_heur_mslp_bash_2.csv;0;3;1;18;0;0.0;0.5;true;10;2;lr209_t2_08R_08V_02I_03M;/dados/rmelo/PDPTW-SE/benchmark_multi_island_v5/official_experiments/multistartlp/preliminar/set_01_pt_03/configs/genconfig_mslp.conf;genconfig_mslp;/dados/rmelo/PDPTW-SE/benchmark_multi_island_v5/official_experiments/multistartlp/preliminar/set_01_pt_03/logs/heur_mslp/gurobi/08R_08V_02I_03M/lr209_grb_genconfig_mslp_seed_66_alpha_10p.log;random;08R_08V_02I_03M;1;0;1;/dados/rmelo/PDPTW-SE/benchmark_multi_island_v5/official_experiments/multistartlp/preliminar/set_01_pt_03/../../../../instances/orig_ams_fg/08R_08V_02I_04M/t2/lr209/;60000;1595;0;1400.7;17;9;H;50;95;0;100.0;30.0;true;0.95;100.0;1.0;1.0;1.0;1.0;60;M;58785;60000;false;46;0.57;79.13;0.82;23;10;1000000;-1;3600;20.59;0.57;0.82;mslp;heur;0.57;0.82;-1;3600;60000;I;8;0.67;0.12;lr209;0;/dados/rmelo/PDPTW-SE/benchmark_multi_island_v5/official_experiments/multistartlp/preliminar/set_01_pt_03/logs;0;0;0;0.0;97.98;1;66;/dados/rmelo/PDPTW-SE/benchmark_multi_island_v5/official_experiments/multistartlp/preliminar/set_01_pt_03/logs/heur_mslp/solutions/08R_08V_02I_03M/lr209_sol_genconfig_mslp_seed_66_alpha_10p.txt;Gurobi;AUTOMATIC;17.75;_bash_2;_seed_66_alpha_10p;12356.8;1;3.46;/dados/rmelo/PDPTW-SE/benchmark_multi_island_v5/official_experiments/multistartlp/preliminar/set_01_pt_03/logs/heur_mslp/timelines/08R_08V_02I_03M/lr209_timeline_genconfig_mslp_seed_66_alpha_10p.txt;120.11;t2;0;565.91;false
0.1;0.1;0.28;0.38;0.0;0.0;5;/dados/rmelo/PDPTW-SE/benchmark_multi_island_v5/official_experiments/multistartlp/preliminar/set_01_pt_03/logs/heur_mslp/outputs/csvresults_heur_mslp_bash_2.csv;0;3;1;18;0;0.0;0.5;true;10;2;lr110_t1_08R_08V_04I_03M;/dados/rmelo/PDPTW-SE/benchmark_multi_island_v5/official_experiments/multistartlp/preliminar/set_01_pt_03/configs/genconfig_mslp.conf;genconfig_mslp;/dados/rmelo/PDPTW-SE/benchmark_multi_island_v5/official_experiments/multistartlp/preliminar/set_01_pt_03/logs/heur_mslp/gurobi/08R_08V_04I_03M/lr110_grb_genconfig_mslp_seed_66_alpha_10p.log;random;08R_08V_04I_03M;1;24500;1;/dados/rmelo/PDPTW-SE/benchmark_multi_island_v5/official_experiments/multistartlp/preliminar/set_01_pt_03/../../../../instances/orig_ams_fg/08R_08V_04I_04M/t1/lr110/;60000;143;0;872.03;17;9;H;50;95;0;100.0;30.0;true;0.95;100.0;1.0;1.0;1.0;1.0;60;M;35500;35500;false;52;0.89;73.43;0.84;26;10;1000000;-1;3600;11.69;0.58;0.53;mslp;heur;0.35;0.15;-1;3600;60000;I;8;1.0;0.62;lr110;0;/dados/rmelo/PDPTW-SE/benchmark_multi_island_v5/official_experiments/multistartlp/preliminar/set_01_pt_03/logs;0;0;0;40.83;100.0;1;66;/dados/rmelo/PDPTW-SE/benchmark_multi_island_v5/official_experiments/multistartlp/preliminar/set_01_pt_03/logs/heur_mslp/solutions/08R_08V_04I_03M/lr110_sol_genconfig_mslp_seed_66_alpha_10p.txt;Gurobi;AUTOMATIC;17.67;_bash_2;_seed_66_alpha_10p;4150.68;1;0.46;/dados/rmelo/PDPTW-SE/benchmark_multi_island_v5/official_experiments/multistartlp/preliminar/set_01_pt_03/logs/heur_mslp/timelines/08R_08V_04I_03M/lr110_timeline_genconfig_mslp_seed_66_alpha_10p.txt;74.49;t1;0;672.2;false
0.1;0.01;0.05;0.07;0.0;0.0;10;/dados/rmelo/PDPTW-SE/benchmark_multi_island_v5/official_experiments/multistartlp/preliminar/set_01_pt_03/logs/heur_mslp/outputs/csvresults_heur_mslp_bash_2.csv;0;3;1;18;0;0.0;0.5;true;10;2;lr209_t2_08R_08V_04I_03M;/dados/rmelo/PDPTW-SE/benchmark_multi_island_v5/official_experiments/multistartlp/preliminar/set_01_pt_03/configs/genconfig_mslp.conf;genconfig_mslp;/dados/rmelo/PDPTW-SE/benchmark_multi_island_v5/official_experiments/multistartlp/preliminar/set_01_pt_03/logs/heur_mslp/gurobi/08R_08V_04I_03M/lr209_grb_genconfig_mslp_seed_66_alpha_10p.log;random;08R_08V_04I_03M;1;0;1;/dados/rmelo/PDPTW-SE/benchmark_multi_island_v5/official_experiments/multistartlp/preliminar/set_01_pt_03/../../../../instances/orig_ams_fg/08R_08V_04I_04M/t2/lr209/;60000;15048;0;1398.19;17;9;H;50;95;0;100.0;30.0;true;0.95;100.0;1.0;1.0;1.0;1.0;60;M;59470;60000;false;46;0.56;81.38;0.93;23;10;1000000;-1;3600;21.66;0.31;0.72;mslp;heur;0.07;0.5;-1;3600;60000;I;8;1.0;0.25;lr209;0;/dados/rmelo/PDPTW-SE/benchmark_multi_island_v5/official_experiments/multistartlp/preliminar/set_01_pt_03/logs;0;0;0;0.0;99.12;1;66;/dados/rmelo/PDPTW-SE/benchmark_multi_island_v5/official_experiments/multistartlp/preliminar/set_01_pt_03/logs/heur_mslp/solutions/08R_08V_04I_03M/lr209_sol_genconfig_mslp_seed_66_alpha_10p.txt;Gurobi;AUTOMATIC;17.9;_bash_2;_seed_66_alpha_10p;12996.23;1;40.17;/dados/rmelo/PDPTW-SE/benchmark_multi_island_v5/official_experiments/multistartlp/preliminar/set_01_pt_03/logs/heur_mslp/timelines/08R_08V_04I_03M/lr209_timeline_genconfig_mslp_seed_66_alpha_10p.txt;160.4;t2;0;626.42;false
0.1;0.0;0.07;0.07;0.0;0.0;12;/dados/rmelo/PDPTW-SE/benchmark_multi_island_v5/official_experiments/multistartlp/preliminar/set_01_pt_03/logs/heur_mslp/outputs/csvresults_heur_mslp_bash_2.csv;0;3;1;26;0;0.0;0.5;true;14;2;lr109_t1_12R_12V_02I_03M;/dados/rmelo/PDPTW-SE/benchmark_multi_island_v5/official_experiments/multistartlp/preliminar/set_01_pt_03/configs/genconfig_mslp.conf;genconfig_mslp;/dados/rmelo/PDPTW-SE/benchmark_multi_island_v5/official_experiments/multistartlp/preliminar/set_01_pt_03/logs/heur_mslp/gurobi/12R_12V_02I_03M/lr109_grb_genconfig_mslp_seed_66_alpha_10p.log;random;12R_12V_02I_03M;1;0;1;/dados/rmelo/PDPTW-SE/benchmark_multi_island_v5/official_experiments/multistartlp/preliminar/set_01_pt_03/../../../../instances/orig_ams_fg/12R_12V_02I_04M/t1/lr109/;60000;1122;0;1127.94;25;13;H;50;95;0;100.0;30.0;true;0.95;100.0;1.0;1.0;1.0;1.0;60;M;60000;60000;false;58;0.83;96.56;0.81;29;10;1000000;-1;3600;8.17;0.79;0.57;mslp;heur;0.73;0.32;-1;3600;60000;I;12;0.67;0.33;lr109;0;/dados/rmelo/PDPTW-SE/benchmark_multi_island_v5/official_experiments/multistartlp/preliminar/set_01_pt_03/logs;0;0;0;0.0;100.0;1;66;/dados/rmelo/PDPTW-SE/benchmark_multi_island_v5/official_experiments/multistartlp/preliminar/set_01_pt_03/logs/heur_mslp/solutions/12R_12V_02I_03M/lr109_sol_genconfig_mslp_seed_66_alpha_10p.txt;Gurobi;AUTOMATIC;17.91;_bash_2;_seed_66_alpha_10p;4900.78;1;2.62;/dados/rmelo/PDPTW-SE/benchmark_multi_island_v5/official_experiments/multistartlp/preliminar/set_01_pt_03/logs/heur_mslp/timelines/12R_12V_02I_03M/lr109_timeline_genconfig_mslp_seed_66_alpha_10p.txt;123.06;t1;0;722.63;false
0.1;0.01;0.02;0.02;0.0;0.0;11;/dados/rmelo/PDPTW-SE/benchmark_multi_island_v5/official_experiments/multistartlp/preliminar/set_01_pt_03/logs/heur_mslp/outputs/csvresults_heur_mslp_bash_2.csv;0;3;1;26;0;0.0;0.5;true;14;2;lr208_t2_12R_12V_02I_03M;/dados/rmelo/PDPTW-SE/benchmark_multi_island_v5/official_experiments/multistartlp/preliminar/set_01_pt_03/configs/genconfig_mslp.conf;genconfig_mslp;/dados/rmelo/PDPTW-SE/benchmark_multi_island_v5/official_experiments/multistartlp/preliminar/set_01_pt_03/logs/heur_mslp/gurobi/12R_12V_02I_03M/lr208_grb_genconfig_mslp_seed_66_alpha_10p.log;random;12R_12V_02I_03M;1;0;1;/dados/rmelo/PDPTW-SE/benchmark_multi_island_v5/official_experiments/multistartlp/preliminar/set_01_pt_03/../../../../instances/orig_ams_fg/12R_12V_02I_04M/t2/lr208/;60000;50929;0;1120.46;25;13;H;50;95;0;100.0;30.0;true;0.95;100.0;1.0;1.0;1.0;1.0;60;M;50392;60000;false;58;0.77;114.02;1.0;29;10;1000000;-1;3600;5.81;0.77;1.0;mslp;heur;0.77;1.0;-1;3600;60000;I;12;0.67;0.08;lr208;0;/dados/rmelo/PDPTW-SE/benchmark_multi_island_v5/official_experiments/multistartlp/preliminar/set_01_pt_03/logs;0;0;0;0.0;83.99;1;66;/dados/rmelo/PDPTW-SE/benchmark_multi_island_v5/official_experiments/multistartlp/preliminar/set_01_pt_03/logs/heur_mslp/solutions/12R_12V_02I_03M/lr208_sol_genconfig_mslp_seed_66_alpha_10p.txt;Gurobi;AUTOMATIC;17.99;_bash_2;_seed_66_alpha_10p;3485.76;1;209.79;/dados/rmelo/PDPTW-SE/benchmark_multi_island_v5/official_experiments/multistartlp/preliminar/set_01_pt_03/logs/heur_mslp/timelines/12R_12V_02I_03M/lr208_timeline_genconfig_mslp_seed_66_alpha_10p.txt;247.16;t2;0;769.83;false
0.1;0.14;0.26;0.4;0.0;0.0;7;/dados/rmelo/PDPTW-SE/benchmark_multi_island_v5/official_experiments/multistartlp/preliminar/set_01_pt_03/logs/heur_mslp/outputs/csvresults_heur_mslp_bash_2.csv;0;3;1;26;0;0.0;0.5;true;14;2;lr110_t1_12R_12V_04I_03M;/dados/rmelo/PDPTW-SE/benchmark_multi_island_v5/official_experiments/multistartlp/preliminar/set_01_pt_03/configs/genconfig_mslp.conf;genconfig_mslp;/dados/rmelo/PDPTW-SE/benchmark_multi_island_v5/official_experiments/multistartlp/preliminar/set_01_pt_03/logs/heur_mslp/gurobi/12R_12V_04I_03M/lr110_grb_genconfig_mslp_seed_66_alpha_10p.log;random;12R_12V_04I_03M;1;13052;1;/dados/rmelo/PDPTW-SE/benchmark_multi_island_v5/official_experiments/multistartlp/preliminar/set_01_pt_03/../../../../instances/orig_ams_fg/12R_12V_04I_04M/t1/lr110/;60000;14393;0;947.61;25;13;H;50;95;0;100.0;30.0;true;0.95;100.0;1.0;1.0;1.0;1.0;60;M;46948;46948;false;52;0.72;75.02;0.76;26;10;1000000;-1;3600;13.47;0.57;0.42;mslp;heur;0.37;0.1;-1;3600;60000;I;12;1.0;0.5;lr110;0;/dados/rmelo/PDPTW-SE/benchmark_multi_island_v5/official_experiments/multistartlp/preliminar/set_01_pt_03/logs;0;0;0;21.75;100.0;1;66;/dados/rmelo/PDPTW-SE/benchmark_multi_island_v5/official_experiments/multistartlp/preliminar/set_01_pt_03/logs/heur_mslp/solutions/12R_12V_04I_03M/lr110_sol_genconfig_mslp_seed_66_alpha_10p.txt;Gurobi;AUTOMATIC;17.93;_bash_2;_seed_66_alpha_10p;6324.58;1;31.03;/dados/rmelo/PDPTW-SE/benchmark_multi_island_v5/official_experiments/multistartlp/preliminar/set_01_pt_03/logs/heur_mslp/timelines/12R_12V_04I_03M/lr110_timeline_genconfig_mslp_seed_66_alpha_10p.txt;123.07;t1;0;786.88;false
0.1;0.02;0.06;0.09;0.0;0.0;8;/dados/rmelo/PDPTW-SE/benchmark_multi_island_v5/official_experiments/multistartlp/preliminar/set_01_pt_03/logs/heur_mslp/outputs/csvresults_heur_mslp_bash_2.csv;0;3;1;26;0;0.0;0.5;true;14;2;lr207_t2_12R_12V_04I_03M;/dados/rmelo/PDPTW-SE/benchmark_multi_island_v5/official_experiments/multistartlp/preliminar/set_01_pt_03/configs/genconfig_mslp.conf;genconfig_mslp;/dados/rmelo/PDPTW-SE/benchmark_multi_island_v5/official_experiments/multistartlp/preliminar/set_01_pt_03/logs/heur_mslp/gurobi/12R_12V_04I_03M/lr207_grb_genconfig_mslp_seed_66_alpha_10p.log;random;12R_12V_04I_03M;1;0;1;/dados/rmelo/PDPTW-SE/benchmark_multi_island_v5/official_experiments/multistartlp/preliminar/set_01_pt_03/../../../../instances/orig_ams_fg/12R_12V_04I_04M/t2/lr207/;60000;46660;0;1587.66;25;13;H;50;95;0;100.0;30.0;true;0.95;100.0;1.0;1.0;1.0;1.0;60;M;59954;60000;false;40;0.89;90.05;0.97;20;10;1000000;-1;3600;13.84;0.89;0.97;mslp;heur;0.89;0.97;-1;3600;60000;I;12;1.0;0.08;lr207;0;/dados/rmelo/PDPTW-SE/benchmark_multi_island_v5/official_experiments/multistartlp/preliminar/set_01_pt_03/logs;0;0;0;0.0;99.92;1;66;/dados/rmelo/PDPTW-SE/benchmark_multi_island_v5/official_experiments/multistartlp/preliminar/set_01_pt_03/logs/heur_mslp/solutions/12R_12V_04I_03M/lr207_sol_genconfig_mslp_seed_66_alpha_10p.txt;Gurobi;AUTOMATIC;17.6;_bash_2;_seed_66_alpha_10p;8302.31;1;226.0;/dados/rmelo/PDPTW-SE/benchmark_multi_island_v5/official_experiments/multistartlp/preliminar/set_01_pt_03/logs/heur_mslp/timelines/12R_12V_04I_03M/lr207_timeline_genconfig_mslp_seed_66_alpha_10p.txt;290.58;t2;0;887.54;false
0.1;0.06;0.11;0.16;0.0;0.04;1;/dados/rmelo/PDPTW-SE/benchmark_multi_island_v5/official_experiments/multistartlp/preliminar/set_01_pt_03/logs/heur_mslp/outputs/csvresults_heur_mslp_bash_2.csv;0;5;1;82;0;0.0;0.5;true;42;2;LR1_2_6_t1_40R_40V_02I_05M;/dados/rmelo/PDPTW-SE/benchmark_multi_island_v5/official_experiments/multistartlp/preliminar/set_01_pt_03/configs/genconfig_mslp.conf;genconfig_mslp;/dados/rmelo/PDPTW-SE/benchmark_multi_island_v5/official_experiments/multistartlp/preliminar/set_01_pt_03/logs/heur_mslp/gurobi/40R_40V_02I_05M/LR1_2_6_grb_genconfig_mslp_seed_66_alpha_10p.log;random;40R_40V_02I_05M;1;59998;1;/dados/rmelo/PDPTW-SE/benchmark_multi_island_v5/official_experiments/multistartlp/preliminar/set_01_pt_03/../../../../instances/orig_ams_fg/40R_40V_02I_06M/t1/LR1_2_6/;60000;1;0;6891.66;81;41;H;50;95;0;100.0;30.0;true;0.95;100.0;1.0;1.0;1.0;1.0;60;M;2;2;false;72;0.93;213.59;1.0;36;10;1000000;-1;3600;5.22;0.68;0.58;mslp;heur;0.3;0.12;-1;3600;60000;I;40;1.0;0.35;LR1_2_6;0;/dados/rmelo/PDPTW-SE/benchmark_multi_island_v5/official_experiments/multistartlp/preliminar/set_01_pt_03/logs;0;0;0;100.0;100.0;1;66;/dados/rmelo/PDPTW-SE/benchmark_multi_island_v5/official_experiments/multistartlp/preliminar/set_01_pt_03/logs/heur_mslp/solutions/40R_40V_02I_05M/LR1_2_6_sol_genconfig_mslp_seed_66_alpha_10p.txt;Gurobi;AUTOMATIC;17.79;_bash_2;_seed_66_alpha_10p;0.1;1;0.01;/dados/rmelo/PDPTW-SE/benchmark_multi_island_v5/official_experiments/multistartlp/preliminar/set_01_pt_03/logs/heur_mslp/timelines/40R_40V_02I_05M/LR1_2_6_timeline_genconfig_mslp_seed_66_alpha_10p.txt;182.31;t1;0;6037.52;false
0.1;0.01;0.02;0.03;0.0;0.01;11;/dados/rmelo/PDPTW-SE/benchmark_multi_island_v5/official_experiments/multistartlp/preliminar/set_01_pt_03/logs/heur_mslp/outputs/csvresults_heur_mslp_bash_2.csv;0;5;1;82;0;0.0;0.5;true;42;2;LR2_2_10_t2_40R_40V_02I_05M;/dados/rmelo/PDPTW-SE/benchmark_multi_island_v5/official_experiments/multistartlp/preliminar/set_01_pt_03/configs/genconfig_mslp.conf;genconfig_mslp;/dados/rmelo/PDPTW-SE/benchmark_multi_island_v5/official_experiments/multistartlp/preliminar/set_01_pt_03/logs/heur_mslp/gurobi/40R_40V_02I_05M/LR2_2_10_grb_genconfig_mslp_seed_66_alpha_10p.log;random;40R_40V_02I_05M;1;0;1;/dados/rmelo/PDPTW-SE/benchmark_multi_island_v5/official_experiments/multistartlp/preliminar/set_01_pt_03/../../../../instances/orig_ams_fg/40R_40V_02I_06M/t2/LR2_2_10/;60000;48478;0;10001.66;81;41;H;50;95;0;100.0;30.0;true;0.95;100.0;1.0;1.0;1.0;1.0;60;M;60000;60000;false;80;0.92;269.32;1.0;40;10;1000000;-1;3600;6.35;0.61;0.92;mslp;heur;0.29;0.78;-1;3600;60000;I;40;1.0;0.1;LR2_2_10;0;/dados/rmelo/PDPTW-SE/benchmark_multi_island_v5/official_experiments/multistartlp/preliminar/set_01_pt_03/logs;0;0;0;0.0;100.0;1;66;/dados/rmelo/PDPTW-SE/benchmark_multi_island_v5/official_experiments/multistartlp/preliminar/set_01_pt_03/logs/heur_mslp/solutions/40R_40V_02I_05M/LR2_2_10_sol_genconfig_mslp_seed_66_alpha_10p.txt;Gurobi;AUTOMATIC;17.71;_bash_2;_seed_66_alpha_10p;3811.13;1;1055.83;/dados/rmelo/PDPTW-SE/benchmark_multi_island_v5/official_experiments/multistartlp/preliminar/set_01_pt_03/logs/heur_mslp/timelines/40R_40V_02I_05M/LR2_2_10_timeline_genconfig_mslp_seed_66_alpha_10p.txt;1305.89;t2;0;6215.71;false
0.1;0.11;0.17;0.28;0.0;0.04;8;/dados/rmelo/PDPTW-SE/benchmark_multi_island_v5/official_experiments/multistartlp/preliminar/set_01_pt_03/logs/heur_mslp/outputs/csvresults_heur_mslp_bash_2.csv;0;5;1;82;0;0.0;0.5;true;42;2;LR1_2_10_t1_40R_40V_04I_05M;/dados/rmelo/PDPTW-SE/benchmark_multi_island_v5/official_experiments/multistartlp/preliminar/set_01_pt_03/configs/genconfig_mslp.conf;genconfig_mslp;/dados/rmelo/PDPTW-SE/benchmark_multi_island_v5/official_experiments/multistartlp/preliminar/set_01_pt_03/logs/heur_mslp/gurobi/40R_40V_04I_05M/LR1_2_10_grb_genconfig_mslp_seed_66_alpha_10p.log;random;40R_40V_04I_05M;1;36014;1;/dados/rmelo/PDPTW-SE/benchmark_multi_island_v5/official_experiments/multistartlp/preliminar/set_01_pt_03/../../../../instances/orig_ams_fg/40R_40V_04I_06M/t1/LR1_2_10/;60000;16297;0;5546.39;81;41;H;50;95;0;100.0;30.0;true;0.95;100.0;1.0;1.0;1.0;1.0;60;M;23986;23986;false;72;0.9;175.77;1.0;36;10;1000000;-1;3600;7.18;0.66;0.78;mslp;heur;0.34;0.38;-1;3600;60000;I;40;1.0;0.25;LR1_2_10;0;/dados/rmelo/PDPTW-SE/benchmark_multi_island_v5/official_experiments/multistartlp/preliminar/set_01_pt_03/logs;0;0;0;60.02;100.0;1;66;/dados/rmelo/PDPTW-SE/benchmark_multi_island_v5/official_experiments/multistartlp/preliminar/set_01_pt_03/logs/heur_mslp/solutions/40R_40V_04I_05M/LR1_2_10_sol_genconfig_mslp_seed_66_alpha_10p.txt;Gurobi;AUTOMATIC;17.56;_bash_2;_seed_66_alpha_10p;1722.61;1;185.56;/dados/rmelo/PDPTW-SE/benchmark_multi_island_v5/official_experiments/multistartlp/preliminar/set_01_pt_03/logs/heur_mslp/timelines/40R_40V_04I_05M/LR1_2_10_timeline_genconfig_mslp_seed_66_alpha_10p.txt;680.82;t1;0;4209.08;false
0.1;0.05;0.08;0.13;0.0;0.0;5;/dados/rmelo/PDPTW-SE/benchmark_multi_island_v5/official_experiments/multistartlp/preliminar/set_01_pt_03/logs/heur_mslp/outputs/csvresults_heur_mslp_bash_2.csv;0;5;1;82;0;0.0;0.5;true;42;2;LR2_2_7_t2_40R_40V_04I_05M;/dados/rmelo/PDPTW-SE/benchmark_multi_island_v5/official_experiments/multistartlp/preliminar/set_01_pt_03/configs/genconfig_mslp.conf;genconfig_mslp;/dados/rmelo/PDPTW-SE/benchmark_multi_island_v5/official_experiments/multistartlp/preliminar/set_01_pt_03/logs/heur_mslp/gurobi/40R_40V_04I_05M/LR2_2_7_grb_genconfig_mslp_seed_66_alpha_10p.log;random;40R_40V_04I_05M;1;0;1;/dados/rmelo/PDPTW-SE/benchmark_multi_island_v5/official_experiments/multistartlp/preliminar/set_01_pt_03/../../../../instances/orig_ams_fg/40R_40V_04I_06M/t2/LR2_2_7/;60000;25796;0;7479.53;81;41;H;50;95;0;100.0;30.0;true;0.95;100.0;1.0;1.0;1.0;1.0;60;M;59994;60000;false;78;0.85;188.0;0.97;39;10;1000000;-1;3600;2.36;0.72;0.91;mslp;heur;0.58;0.86;-1;3600;60000;I;40;1.0;0.08;LR2_2_7;0;/dados/rmelo/PDPTW-SE/benchmark_multi_island_v5/official_experiments/multistartlp/preliminar/set_01_pt_03/logs;0;0;0;0.0;99.99;1;66;/dados/rmelo/PDPTW-SE/benchmark_multi_island_v5/official_experiments/multistartlp/preliminar/set_01_pt_03/logs/heur_mslp/solutions/40R_40V_04I_05M/LR2_2_7_sol_genconfig_mslp_seed_66_alpha_10p.txt;Gurobi;AUTOMATIC;17.38;_bash_2;_seed_66_alpha_10p;1414.65;1;1543.34;/dados/rmelo/PDPTW-SE/benchmark_multi_island_v5/official_experiments/multistartlp/preliminar/set_01_pt_03/logs/heur_mslp/timelines/40R_40V_04I_05M/LR2_2_7_timeline_genconfig_mslp_seed_66_alpha_10p.txt;3594.25;t2;0;5468.83;false
0.1;0.03;0.06;0.09;0.01;0.19;0;/dados/rmelo/PDPTW-SE/benchmark_multi_island_v5/official_experiments/multistartlp/preliminar/set_01_pt_03/logs/heur_mslp/outputs/csvresults_heur_mslp_bash_2.csv;0;5;1;122;0;0.0;0.5;false;62;2;LR1_2_6_t1_60R_60V_02I_05M;/dados/rmelo/PDPTW-SE/benchmark_multi_island_v5/official_experiments/multistartlp/preliminar/set_01_pt_03/configs/genconfig_mslp.conf;genconfig_mslp;/dados/rmelo/PDPTW-SE/benchmark_multi_island_v5/official_experiments/multistartlp/preliminar/set_01_pt_03/logs/heur_mslp/gurobi/60R_60V_02I_05M/LR1_2_6_grb_genconfig_mslp_seed_66_alpha_10p.log;random;60R_60V_02I_05M;1;60000;1;/dados/rmelo/PDPTW-SE/benchmark_multi_island_v5/official_experiments/multistartlp/preliminar/set_01_pt_03/../../../../instances/orig_ams_fg/60R_60V_02I_06M/t1/LR1_2_6/;60000;0;0;0.0;121;61;H;50;95;0;100.0;30.0;true;0.95;100.0;1.0;1.0;1.0;1.0;60;M;0;0;false;82;0.96;277.16;0.61;41;10;1000000;-1;3600;0.0;0.63;0.32;mslp;heur;0.45;0.01;-1;3600;60000;I;60;1.0;0.22;LR1_2_6;0;/dados/rmelo/PDPTW-SE/benchmark_multi_island_v5/official_experiments/multistartlp/preliminar/set_01_pt_03/logs;0;0;0;100.0;0.0;1;66;/dados/rmelo/PDPTW-SE/benchmark_multi_island_v5/official_experiments/multistartlp/preliminar/set_01_pt_03/logs/heur_mslp/solutions/60R_60V_02I_05M/LR1_2_6_sol_genconfig_mslp_seed_66_alpha_10p.txt;Gurobi;AUTOMATIC;17.86;_bash_2;_seed_66_alpha_10p;0.0;1;0.0;/dados/rmelo/PDPTW-SE/benchmark_multi_island_v5/official_experiments/multistartlp/preliminar/set_01_pt_03/logs/heur_mslp/timelines/60R_60V_02I_05M/LR1_2_6_timeline_genconfig_mslp_seed_66_alpha_10p.txt;196.92;t1;0;Inf;false
0.1;0.0;0.01;0.01;0.0;0.0;8;/dados/rmelo/PDPTW-SE/benchmark_multi_island_v5/official_experiments/multistartlp/preliminar/set_01_pt_03/logs/heur_mslp/outputs/csvresults_heur_mslp_bash_2.csv;0;5;1;122;0;0.0;0.5;true;62;2;LR2_2_8_t2_60R_60V_02I_05M;/dados/rmelo/PDPTW-SE/benchmark_multi_island_v5/official_experiments/multistartlp/preliminar/set_01_pt_03/configs/genconfig_mslp.conf;genconfig_mslp;/dados/rmelo/PDPTW-SE/benchmark_multi_island_v5/official_experiments/multistartlp/preliminar/set_01_pt_03/logs/heur_mslp/gurobi/60R_60V_02I_05M/LR2_2_8_grb_genconfig_mslp_seed_66_alpha_10p.log;random;60R_60V_02I_05M;1;0;1;/dados/rmelo/PDPTW-SE/benchmark_multi_island_v5/official_experiments/multistartlp/preliminar/set_01_pt_03/../../../../instances/orig_ams_fg/60R_60V_02I_06M/t2/LR2_2_8/;35954;23329;0;9628.43;121;61;H;50;95;0;100.0;30.0;true;0.95;100.0;1.0;1.0;1.0;1.0;60;M;35625;35954;false;80;0.86;227.5;1.0;40;10;1000000;-1;3600;1.33;0.67;0.8;mslp;heur;0.21;0.3;-1;3600;60000;I;60;0.8;0.07;LR2_2_8;0;/dados/rmelo/PDPTW-SE/benchmark_multi_island_v5/official_experiments/multistartlp/preliminar/set_01_pt_03/logs;0;0;0;0.0;99.08;1;66;/dados/rmelo/PDPTW-SE/benchmark_multi_island_v5/official_experiments/multistartlp/preliminar/set_01_pt_03/logs/heur_mslp/solutions/60R_60V_02I_05M/LR2_2_8_sol_genconfig_mslp_seed_66_alpha_10p.txt;Gurobi;AUTOMATIC;17.45;_bash_2;_seed_66_alpha_10p;477.28;1;2333.37;/dados/rmelo/PDPTW-SE/benchmark_multi_island_v5/official_experiments/multistartlp/preliminar/set_01_pt_03/logs/heur_mslp/timelines/60R_60V_02I_05M/LR2_2_8_timeline_genconfig_mslp_seed_66_alpha_10p.txt;3600.1;t2;0;6835.12;false
0.1;0.12;0.17;0.29;0.01;0.09;1;/dados/rmelo/PDPTW-SE/benchmark_multi_island_v5/official_experiments/multistartlp/preliminar/set_01_pt_03/logs/heur_mslp/outputs/csvresults_heur_mslp_bash_2.csv;0;5;1;122;0;0.0;0.5;true;62;2;LR1_2_6_t1_60R_60V_04I_05M;/dados/rmelo/PDPTW-SE/benchmark_multi_island_v5/official_experiments/multistartlp/preliminar/set_01_pt_03/configs/genconfig_mslp.conf;genconfig_mslp;/dados/rmelo/PDPTW-SE/benchmark_multi_island_v5/official_experiments/multistartlp/preliminar/set_01_pt_03/logs/heur_mslp/gurobi/60R_60V_04I_05M/LR1_2_6_grb_genconfig_mslp_seed_66_alpha_10p.log;random;60R_60V_04I_05M;1;59999;1;/dados/rmelo/PDPTW-SE/benchmark_multi_island_v5/official_experiments/multistartlp/preliminar/set_01_pt_03/../../../../instances/orig_ams_fg/60R_60V_04I_06M/t1/LR1_2_6/;60000;1;0;8335.07;121;61;H;50;95;0;100.0;30.0;true;0.95;100.0;1.0;1.0;1.0;1.0;60;M;1;1;false;82;0.93;184.15;0.96;41;10;1000000;-1;3600;5.47;0.57;0.63;mslp;heur;0.25;0.13;-1;3600;60000;I;60;1.0;0.28;LR1_2_6;0;/dados/rmelo/PDPTW-SE/benchmark_multi_island_v5/official_experiments/multistartlp/preliminar/set_01_pt_03/logs;0;0;0;100.0;100.0;1;66;/dados/rmelo/PDPTW-SE/benchmark_multi_island_v5/official_experiments/multistartlp/preliminar/set_01_pt_03/logs/heur_mslp/solutions/60R_60V_04I_05M/LR1_2_6_sol_genconfig_mslp_seed_66_alpha_10p.txt;Gurobi;AUTOMATIC;17.85;_bash_2;_seed_66_alpha_10p;0.05;1;0.03;/dados/rmelo/PDPTW-SE/benchmark_multi_island_v5/official_experiments/multistartlp/preliminar/set_01_pt_03/logs/heur_mslp/timelines/60R_60V_04I_05M/LR1_2_6_timeline_genconfig_mslp_seed_66_alpha_10p.txt;394.9;t1;0;7879.32;false
0.1;0.03;0.04;0.07;0.0;0.0;3;/dados/rmelo/PDPTW-SE/benchmark_multi_island_v5/official_experiments/multistartlp/preliminar/set_01_pt_03/logs/heur_mslp/outputs/csvresults_heur_mslp_bash_2.csv;0;5;1;122;0;0.0;0.5;true;62;2;LR2_2_8_t2_60R_60V_04I_05M;/dados/rmelo/PDPTW-SE/benchmark_multi_island_v5/official_experiments/multistartlp/preliminar/set_01_pt_03/configs/genconfig_mslp.conf;genconfig_mslp;/dados/rmelo/PDPTW-SE/benchmark_multi_island_v5/official_experiments/multistartlp/preliminar/set_01_pt_03/logs/heur_mslp/gurobi/60R_60V_04I_05M/LR2_2_8_grb_genconfig_mslp_seed_66_alpha_10p.log;random;60R_60V_04I_05M;1;0;1;/dados/rmelo/PDPTW-SE/benchmark_multi_island_v5/official_experiments/multistartlp/preliminar/set_01_pt_03/../../../../instances/orig_ams_fg/60R_60V_04I_06M/t2/LR2_2_8/;19659;13832;0;9879.23;121;61;H;50;95;0;100.0;30.0;true;0.95;100.0;1.0;1.0;1.0;1.0;60;M;19520;19659;false;80;0.93;181.1;1.0;40;10;1000000;-1;3600;0.9;0.67;0.92;mslp;heur;0.21;0.72;-1;3600;60000;I;60;1.0;0.07;LR2_2_8;0;/dados/rmelo/PDPTW-SE/benchmark_multi_island_v5/official_experiments/multistartlp/preliminar/set_01_pt_03/logs;0;0;0;0.0;99.29;1;66;/dados/rmelo/PDPTW-SE/benchmark_multi_island_v5/official_experiments/multistartlp/preliminar/set_01_pt_03/logs/heur_mslp/solutions/60R_60V_04I_05M/LR2_2_8_sol_genconfig_mslp_seed_66_alpha_10p.txt;Gurobi;AUTOMATIC;17.44;_bash_2;_seed_66_alpha_10p;176.75;1;2531.83;/dados/rmelo/PDPTW-SE/benchmark_multi_island_v5/official_experiments/multistartlp/preliminar/set_01_pt_03/logs/heur_mslp/timelines/60R_60V_04I_05M/LR2_2_8_timeline_genconfig_mslp_seed_66_alpha_10p.txt;3600.24;t2;0;6782.72;false
0.1;0.0;0.12;0.12;0.0;0.0;7;/dados/rmelo/PDPTW-SE/benchmark_multi_island_v5/official_experiments/multistartlp/preliminar/set_01_pt_03/logs/heur_mslp/outputs/csvresults_heur_mslp_bash_2.csv;0;3;1;18;0;0.0;0.5;true;10;2;lr109_t1_08R_08V_02I_03M;/dados/rmelo/PDPTW-SE/benchmark_multi_island_v5/official_experiments/multistartlp/preliminar/set_01_pt_03/configs/genconfig_mslp.conf;genconfig_mslp;/dados/rmelo/PDPTW-SE/benchmark_multi_island_v5/official_experiments/multistartlp/preliminar/set_01_pt_03/logs/heur_mslp/gurobi/08R_08V_02I_03M/lr109_grb_genconfig_mslp_seed_73_alpha_10p.log;random;08R_08V_02I_03M;1;0;1;/dados/rmelo/PDPTW-SE/benchmark_multi_island_v5/official_experiments/multistartlp/preliminar/set_01_pt_03/../../../../instances/orig_ams_fg/08R_08V_02I_04M/t1/lr109/;60000;12;0;602.01;17;9;H;50;95;0;100.0;30.0;true;0.95;100.0;1.0;1.0;1.0;1.0;60;M;60000;60000;false;52;0.91;79.5;0.6;26;10;1000000;-1;3600;8.79;0.77;0.48;mslp;heur;0.59;0.23;-1;3600;60000;I;8;0.67;0.38;lr109;0;/dados/rmelo/PDPTW-SE/benchmark_multi_island_v5/official_experiments/multistartlp/preliminar/set_01_pt_03/logs;0;0;0;0.0;100.0;1;73;/dados/rmelo/PDPTW-SE/benchmark_multi_island_v5/official_experiments/multistartlp/preliminar/set_01_pt_03/logs/heur_mslp/solutions/08R_08V_02I_03M/lr109_sol_genconfig_mslp_seed_73_alpha_10p.txt;Gurobi;AUTOMATIC;17.69;_bash_2;_seed_73_alpha_10p;5272.33;1;0.3;/dados/rmelo/PDPTW-SE/benchmark_multi_island_v5/official_experiments/multistartlp/preliminar/set_01_pt_03/logs/heur_mslp/timelines/08R_08V_02I_03M/lr109_timeline_genconfig_mslp_seed_73_alpha_10p.txt;98.01;t1;0;533.17;false
0.1;0.0;0.03;0.03;0.0;0.0;13;/dados/rmelo/PDPTW-SE/benchmark_multi_island_v5/official_experiments/multistartlp/preliminar/set_01_pt_03/logs/heur_mslp/outputs/csvresults_heur_mslp_bash_2.csv;0;3;1;18;0;0.0;0.5;true;10;2;lr209_t2_08R_08V_02I_03M;/dados/rmelo/PDPTW-SE/benchmark_multi_island_v5/official_experiments/multistartlp/preliminar/set_01_pt_03/configs/genconfig_mslp.conf;genconfig_mslp;/dados/rmelo/PDPTW-SE/benchmark_multi_island_v5/official_experiments/multistartlp/preliminar/set_01_pt_03/logs/heur_mslp/gurobi/08R_08V_02I_03M/lr209_grb_genconfig_mslp_seed_73_alpha_10p.log;random;08R_08V_02I_03M;1;0;1;/dados/rmelo/PDPTW-SE/benchmark_multi_island_v5/official_experiments/multistartlp/preliminar/set_01_pt_03/../../../../instances/orig_ams_fg/08R_08V_02I_04M/t2/lr209/;60000;4799;0;1336.05;17;9;H;50;95;0;100.0;30.0;true;0.95;100.0;1.0;1.0;1.0;1.0;60;M;58740;60000;false;46;0.57;79.13;0.82;23;10;1000000;-1;3600;20.53;0.57;0.82;mslp;heur;0.57;0.82;-1;3600;60000;I;8;0.67;0.12;lr209;0;/dados/rmelo/PDPTW-SE/benchmark_multi_island_v5/official_experiments/multistartlp/preliminar/set_01_pt_03/logs;0;0;0;0.0;97.9;1;73;/dados/rmelo/PDPTW-SE/benchmark_multi_island_v5/official_experiments/multistartlp/preliminar/set_01_pt_03/logs/heur_mslp/solutions/08R_08V_02I_03M/lr209_sol_genconfig_mslp_seed_73_alpha_10p.txt;Gurobi;AUTOMATIC;17.99;_bash_2;_seed_73_alpha_10p;12316.67;1;9.79;/dados/rmelo/PDPTW-SE/benchmark_multi_island_v5/official_experiments/multistartlp/preliminar/set_01_pt_03/logs/heur_mslp/timelines/08R_08V_02I_03M/lr209_timeline_genconfig_mslp_seed_73_alpha_10p.txt;118.7;t2;0;565.91;false
0.1;0.1;0.28;0.38;0.0;0.0;9;/dados/rmelo/PDPTW-SE/benchmark_multi_island_v5/official_experiments/multistartlp/preliminar/set_01_pt_03/logs/heur_mslp/outputs/csvresults_heur_mslp_bash_2.csv;0;3;1;18;0;0.0;0.5;true;10;2;lr110_t1_08R_08V_04I_03M;/dados/rmelo/PDPTW-SE/benchmark_multi_island_v5/official_experiments/multistartlp/preliminar/set_01_pt_03/configs/genconfig_mslp.conf;genconfig_mslp;/dados/rmelo/PDPTW-SE/benchmark_multi_island_v5/official_experiments/multistartlp/preliminar/set_01_pt_03/logs/heur_mslp/gurobi/08R_08V_04I_03M/lr110_grb_genconfig_mslp_seed_73_alpha_10p.log;random;08R_08V_04I_03M;1;24362;1;/dados/rmelo/PDPTW-SE/benchmark_multi_island_v5/official_experiments/multistartlp/preliminar/set_01_pt_03/../../../../instances/orig_ams_fg/08R_08V_04I_04M/t1/lr110/;60000;423;0;825.37;17;9;H;50;95;0;100.0;30.0;true;0.95;100.0;1.0;1.0;1.0;1.0;60;M;35638;35638;false;52;0.89;73.43;0.82;26;10;1000000;-1;3600;11.69;0.58;0.5;mslp;heur;0.35;0.15;-1;3600;60000;I;8;1.0;0.62;lr110;0;/dados/rmelo/PDPTW-SE/benchmark_multi_island_v5/official_experiments/multistartlp/preliminar/set_01_pt_03/logs;0;0;0;40.6;100.0;1;73;/dados/rmelo/PDPTW-SE/benchmark_multi_island_v5/official_experiments/multistartlp/preliminar/set_01_pt_03/logs/heur_mslp/solutions/08R_08V_04I_03M/lr110_sol_genconfig_mslp_seed_73_alpha_10p.txt;Gurobi;AUTOMATIC;17.85;_bash_2;_seed_73_alpha_10p;4164.4;1;0.86;/dados/rmelo/PDPTW-SE/benchmark_multi_island_v5/official_experiments/multistartlp/preliminar/set_01_pt_03/logs/heur_mslp/timelines/08R_08V_04I_03M/lr110_timeline_genconfig_mslp_seed_73_alpha_10p.txt;75.1;t1;0;672.2;false
0.1;0.01;0.05;0.07;0.0;0.0;8;/dados/rmelo/PDPTW-SE/benchmark_multi_island_v5/official_experiments/multistartlp/preliminar/set_01_pt_03/logs/heur_mslp/outputs/csvresults_heur_mslp_bash_2.csv;0;3;1;18;0;0.0;0.5;true;10;2;lr209_t2_08R_08V_04I_03M;/dados/rmelo/PDPTW-SE/benchmark_multi_island_v5/official_experiments/multistartlp/preliminar/set_01_pt_03/configs/genconfig_mslp.conf;genconfig_mslp;/dados/rmelo/PDPTW-SE/benchmark_multi_island_v5/official_experiments/multistartlp/preliminar/set_01_pt_03/logs/heur_mslp/gurobi/08R_08V_04I_03M/lr209_grb_genconfig_mslp_seed_73_alpha_10p.log;random;08R_08V_04I_03M;1;0;1;/dados/rmelo/PDPTW-SE/benchmark_multi_island_v5/official_experiments/multistartlp/preliminar/set_01_pt_03/../../../../instances/orig_ams_fg/08R_08V_04I_04M/t2/lr209/;60000;1742;0;851.55;17;9;H;50;95;0;100.0;30.0;true;0.95;100.0;1.0;1.0;1.0;1.0;60;M;59447;60000;false;46;0.56;81.38;0.93;23;10;1000000;-1;3600;21.62;0.31;0.85;mslp;heur;0.07;0.77;-1;3600;60000;I;8;1.0;0.25;lr209;0;/dados/rmelo/PDPTW-SE/benchmark_multi_island_v5/official_experiments/multistartlp/preliminar/set_01_pt_03/logs;0;0;0;0.0;99.08;1;73;/dados/rmelo/PDPTW-SE/benchmark_multi_island_v5/official_experiments/multistartlp/preliminar/set_01_pt_03/logs/heur_mslp/solutions/08R_08V_04I_03M/lr209_sol_genconfig_mslp_seed_73_alpha_10p.txt;Gurobi;AUTOMATIC;17.91;_bash_2;_seed_73_alpha_10p;12972.5;1;5.21;/dados/rmelo/PDPTW-SE/benchmark_multi_island_v5/official_experiments/multistartlp/preliminar/set_01_pt_03/logs/heur_mslp/timelines/08R_08V_04I_03M/lr209_timeline_genconfig_mslp_seed_73_alpha_10p.txt;163.73;t2;0;626.42;false
0.1;0.0;0.07;0.07;0.0;0.0;6;/dados/rmelo/PDPTW-SE/benchmark_multi_island_v5/official_experiments/multistartlp/preliminar/set_01_pt_03/logs/heur_mslp/outputs/csvresults_heur_mslp_bash_2.csv;0;3;1;26;0;0.0;0.5;true;14;2;lr109_t1_12R_12V_02I_03M;/dados/rmelo/PDPTW-SE/benchmark_multi_island_v5/official_experiments/multistartlp/preliminar/set_01_pt_03/configs/genconfig_mslp.conf;genconfig_mslp;/dados/rmelo/PDPTW-SE/benchmark_multi_island_v5/official_experiments/multistartlp/preliminar/set_01_pt_03/logs/heur_mslp/gurobi/12R_12V_02I_03M/lr109_grb_genconfig_mslp_seed_73_alpha_10p.log;random;12R_12V_02I_03M;1;0;1;/dados/rmelo/PDPTW-SE/benchmark_multi_island_v5/official_experiments/multistartlp/preliminar/set_01_pt_03/../../../../instances/orig_ams_fg/12R_12V_02I_04M/t1/lr109/;60000;773;0;856.73;25;13;H;50;95;0;100.0;30.0;true;0.95;100.0;1.0;1.0;1.0;1.0;60;M;60000;60000;false;58;0.83;96.56;0.98;29;10;1000000;-1;3600;8.15;0.79;0.61;mslp;heur;0.73;0.21;-1;3600;60000;I;12;0.67;0.33;lr109;0;/dados/rmelo/PDPTW-SE/benchmark_multi_island_v5/official_experiments/multistartlp/preliminar/set_01_pt_03/logs;0;0;0;0.0;100.0;1;73;/dados/rmelo/PDPTW-SE/benchmark_multi_island_v5/official_experiments/multistartlp/preliminar/set_01_pt_03/logs/heur_mslp/solutions/12R_12V_02I_03M/lr109_sol_genconfig_mslp_seed_73_alpha_10p.txt;Gurobi;AUTOMATIC;17.84;_bash_2;_seed_73_alpha_10p;4889.34;1;1.89;/dados/rmelo/PDPTW-SE/benchmark_multi_island_v5/official_experiments/multistartlp/preliminar/set_01_pt_03/logs/heur_mslp/timelines/12R_12V_02I_03M/lr109_timeline_genconfig_mslp_seed_73_alpha_10p.txt;122.56;t1;0;722.63;false
0.1;0.0;0.02;0.02;0.0;0.0;7;/dados/rmelo/PDPTW-SE/benchmark_multi_island_v5/official_experiments/multistartlp/preliminar/set_01_pt_03/logs/heur_mslp/outputs/csvresults_heur_mslp_bash_2.csv;0;3;1;26;0;0.0;0.5;true;14;2;lr208_t2_12R_12V_02I_03M;/dados/rmelo/PDPTW-SE/benchmark_multi_island_v5/official_experiments/multistartlp/preliminar/set_01_pt_03/configs/genconfig_mslp.conf;genconfig_mslp;/dados/rmelo/PDPTW-SE/benchmark_multi_island_v5/official_experiments/multistartlp/preliminar/set_01_pt_03/logs/heur_mslp/gurobi/12R_12V_02I_03M/lr208_grb_genconfig_mslp_seed_73_alpha_10p.log;random;12R_12V_02I_03M;1;0;1;/dados/rmelo/PDPTW-SE/benchmark_multi_island_v5/official_experiments/multistartlp/preliminar/set_01_pt_03/../../../../instances/orig_ams_fg/12R_12V_02I_04M/t2/lr208/;60000;40864;0;1093.37;25;13;H;50;95;0;100.0;30.0;true;0.95;100.0;1.0;1.0;1.0;1.0;60;M;50341;60000;false;58;0.78;114.02;1.0;29;10;1000000;-1;3600;5.81;0.78;1.0;mslp;heur;0.78;1.0;-1;3600;60000;I;12;0.67;0.08;lr208;0;/dados/rmelo/PDPTW-SE/benchmark_multi_island_v5/official_experiments/multistartlp/preliminar/set_01_pt_03/logs;0;0;0;0.0;83.9;1;73;/dados/rmelo/PDPTW-SE/benchmark_multi_island_v5/official_experiments/multistartlp/preliminar/set_01_pt_03/logs/heur_mslp/solutions/12R_12V_02I_03M/lr208_sol_genconfig_mslp_seed_73_alpha_10p.txt;Gurobi;AUTOMATIC;17.88;_bash_2;_seed_73_alpha_10p;3486.37;1;166.7;/dados/rmelo/PDPTW-SE/benchmark_multi_island_v5/official_experiments/multistartlp/preliminar/set_01_pt_03/logs/heur_mslp/timelines/12R_12V_02I_03M/lr208_timeline_genconfig_mslp_seed_73_alpha_10p.txt;244.55;t2;0;776.07;false
0.1;0.14;0.26;0.4;0.0;0.0;7;/dados/rmelo/PDPTW-SE/benchmark_multi_island_v5/official_experiments/multistartlp/preliminar/set_01_pt_03/logs/heur_mslp/outputs/csvresults_heur_mslp_bash_2.csv;0;3;1;26;0;0.0;0.5;true;14;2;lr110_t1_12R_12V_04I_03M;/dados/rmelo/PDPTW-SE/benchmark_multi_island_v5/official_experiments/multistartlp/preliminar/set_01_pt_03/configs/genconfig_mslp.conf;genconfig_mslp;/dados/rmelo/PDPTW-SE/benchmark_multi_island_v5/official_experiments/multistartlp/preliminar/set_01_pt_03/logs/heur_mslp/gurobi/12R_12V_04I_03M/lr110_grb_genconfig_mslp_seed_73_alpha_10p.log;random;12R_12V_04I_03M;1;12935;1;/dados/rmelo/PDPTW-SE/benchmark_multi_island_v5/official_experiments/multistartlp/preliminar/set_01_pt_03/../../../../instances/orig_ams_fg/12R_12V_04I_04M/t1/lr110/;60000;1618;0;1026.18;25;13;H;50;95;0;100.0;30.0;true;0.95;100.0;1.0;1.0;1.0;1.0;60;M;47065;47065;false;52;0.72;75.02;0.76;26;10;1000000;-1;3600;13.47;0.57;0.43;mslp;heur;0.37;0.1;-1;3600;60000;I;12;1.0;0.5;lr110;0;/dados/rmelo/PDPTW-SE/benchmark_multi_island_v5/official_experiments/multistartlp/preliminar/set_01_pt_03/logs;0;0;0;21.56;100.0;1;73;/dados/rmelo/PDPTW-SE/benchmark_multi_island_v5/official_experiments/multistartlp/preliminar/set_01_pt_03/logs/heur_mslp/solutions/12R_12V_04I_03M/lr110_sol_genconfig_mslp_seed_73_alpha_10p.txt;Gurobi;AUTOMATIC;18.03;_bash_2;_seed_73_alpha_10p;6341.38;1;3.62;/dados/rmelo/PDPTW-SE/benchmark_multi_island_v5/official_experiments/multistartlp/preliminar/set_01_pt_03/logs/heur_mslp/timelines/12R_12V_04I_03M/lr110_timeline_genconfig_mslp_seed_73_alpha_10p.txt;123.12;t1;0;786.88;false
0.1;0.01;0.05;0.07;0.0;0.0;11;/dados/rmelo/PDPTW-SE/benchmark_multi_island_v5/official_experiments/multistartlp/preliminar/set_01_pt_03/logs/heur_mslp/outputs/csvresults_heur_mslp_bash_2.csv;0;3;1;26;0;0.0;0.5;true;14;2;lr207_t2_12R_12V_04I_03M;/dados/rmelo/PDPTW-SE/benchmark_multi_island_v5/official_experiments/multistartlp/preliminar/set_01_pt_03/configs/genconfig_mslp.conf;genconfig_mslp;/dados/rmelo/PDPTW-SE/benchmark_multi_island_v5/official_experiments/multistartlp/preliminar/set_01_pt_03/logs/heur_mslp/gurobi/12R_12V_04I_03M/lr207_grb_genconfig_mslp_seed_73_alpha_10p.log;random;12R_12V_04I_03M;1;0;1;/dados/rmelo/PDPTW-SE/benchmark_multi_island_v5/official_experiments/multistartlp/preliminar/set_01_pt_03/../../../../instances/orig_ams_fg/12R_12V_04I_04M/t2/lr207/;60000;5590;0;1592.66;25;13;H;50;95;0;100.0;30.0;true;0.95;100.0;1.0;1.0;1.0;1.0;60;M;59957;60000;false;40;0.89;90.05;0.98;20;10;1000000;-1;3600;13.89;0.89;0.98;mslp;heur;0.89;0.98;-1;3600;60000;I;12;1.0;0.08;lr207;0;/dados/rmelo/PDPTW-SE/benchmark_multi_island_v5/official_experiments/multistartlp/preliminar/set_01_pt_03/logs;0;0;0;0.0;99.93;1;73;/dados/rmelo/PDPTW-SE/benchmark_multi_island_v5/official_experiments/multistartlp/preliminar/set_01_pt_03/logs/heur_mslp/solutions/12R_12V_04I_03M/lr207_sol_genconfig_mslp_seed_73_alpha_10p.txt;Gurobi;AUTOMATIC;17.76;_bash_2;_seed_73_alpha_10p;8332.33;1;27.15;/dados/rmelo/PDPTW-SE/benchmark_multi_island_v5/official_experiments/multistartlp/preliminar/set_01_pt_03/logs/heur_mslp/timelines/12R_12V_04I_03M/lr207_timeline_genconfig_mslp_seed_73_alpha_10p.txt;286.7;t2;0;885.44;false
0.1;0.06;0.11;0.16;0.0;0.04;1;/dados/rmelo/PDPTW-SE/benchmark_multi_island_v5/official_experiments/multistartlp/preliminar/set_01_pt_03/logs/heur_mslp/outputs/csvresults_heur_mslp_bash_2.csv;0;5;1;82;0;0.0;0.5;true;42;2;LR1_2_6_t1_40R_40V_02I_05M;/dados/rmelo/PDPTW-SE/benchmark_multi_island_v5/official_experiments/multistartlp/preliminar/set_01_pt_03/configs/genconfig_mslp.conf;genconfig_mslp;/dados/rmelo/PDPTW-SE/benchmark_multi_island_v5/official_experiments/multistartlp/preliminar/set_01_pt_03/logs/heur_mslp/gurobi/40R_40V_02I_05M/LR1_2_6_grb_genconfig_mslp_seed_73_alpha_10p.log;random;40R_40V_02I_05M;1;59997;1;/dados/rmelo/PDPTW-SE/benchmark_multi_island_v5/official_experiments/multistartlp/preliminar/set_01_pt_03/../../../../instances/orig_ams_fg/40R_40V_02I_06M/t1/LR1_2_6/;60000;1;0;6489.37;81;41;H;50;95;0;100.0;30.0;true;0.95;100.0;1.0;1.0;1.0;1.0;60;M;3;3;false;72;0.93;213.59;1.0;36;10;1000000;-1;3600;4.49;0.68;0.58;mslp;heur;0.3;0.12;-1;3600;60000;I;40;1.0;0.35;LR1_2_6;0;/dados/rmelo/PDPTW-SE/benchmark_multi_island_v5/official_experiments/multistartlp/preliminar/set_01_pt_03/logs;0;0;0;100.0;100.0;1;73;/dados/rmelo/PDPTW-SE/benchmark_multi_island_v5/official_experiments/multistartlp/preliminar/set_01_pt_03/logs/heur_mslp/solutions/40R_40V_02I_05M/LR1_2_6_sol_genconfig_mslp_seed_73_alpha_10p.txt;Gurobi;AUTOMATIC;17.76;_bash_2;_seed_73_alpha_10p;0.13;1;0.01;/dados/rmelo/PDPTW-SE/benchmark_multi_island_v5/official_experiments/multistartlp/preliminar/set_01_pt_03/logs/heur_mslp/timelines/40R_40V_02I_05M/LR1_2_6_timeline_genconfig_mslp_seed_73_alpha_10p.txt;183.31;t1;0;6037.52;false
0.1;0.01;0.02;0.03;0.0;0.01;13;/dados/rmelo/PDPTW-SE/benchmark_multi_island_v5/official_experiments/multistartlp/preliminar/set_01_pt_03/logs/heur_mslp/outputs/csvresults_heur_mslp_bash_2.csv;0;5;1;82;0;0.0;0.5;true;42;2;LR2_2_10_t2_40R_40V_02I_05M;/dados/rmelo/PDPTW-SE/benchmark_multi_island_v5/official_experiments/multistartlp/preliminar/set_01_pt_03/configs/genconfig_mslp.conf;genconfig_mslp;/dados/rmelo/PDPTW-SE/benchmark_multi_island_v5/official_experiments/multistartlp/preliminar/set_01_pt_03/logs/heur_mslp/gurobi/40R_40V_02I_05M/LR2_2_10_grb_genconfig_mslp_seed_73_alpha_10p.log;random;40R_40V_02I_05M;1;0;1;/dados/rmelo/PDPTW-SE/benchmark_multi_island_v5/official_experiments/multistartlp/preliminar/set_01_pt_03/../../../../instances/orig_ams_fg/40R_40V_02I_06M/t2/LR2_2_10/;60000;40981;0;8657.53;81;41;H;50;95;0;100.0;30.0;true;0.95;100.0;1.0;1.0;1.0;1.0;60;M;60000;60000;false;80;0.93;269.32;1.0;40;10;1000000;-1;3600;6.35;0.62;0.98;mslp;heur;0.41;0.91;-1;3600;60000;I;40;1.0;0.1;LR2_2_10;0;/dados/rmelo/PDPTW-SE/benchmark_multi_island_v5/official_experiments/multistartlp/preliminar/set_01_pt_03/logs;0;0;0;0.0;100.0;1;73;/dados/rmelo/PDPTW-SE/benchmark_multi_island_v5/official_experiments/multistartlp/preliminar/set_01_pt_03/logs/heur_mslp/solutions/40R_40V_02I_05M/LR2_2_10_sol_genconfig_mslp_seed_73_alpha_10p.txt;Gurobi;AUTOMATIC;17.91;_bash_2;_seed_73_alpha_10p;3810.54;1;887.17;/dados/rmelo/PDPTW-SE/benchmark_multi_island_v5/official_experiments/multistartlp/preliminar/set_01_pt_03/logs/heur_mslp/timelines/40R_40V_02I_05M/LR2_2_10_timeline_genconfig_mslp_seed_73_alpha_10p.txt;1297.43;t2;0;6237.63;false
0.1;0.06;0.15;0.21;0.0;0.03;14;/dados/rmelo/PDPTW-SE/benchmark_multi_island_v5/official_experiments/multistartlp/preliminar/set_01_pt_03/logs/heur_mslp/outputs/csvresults_heur_mslp_bash_2.csv;0;5;1;82;0;0.0;0.5;true;42;2;LR1_2_10_t1_40R_40V_04I_05M;/dados/rmelo/PDPTW-SE/benchmark_multi_island_v5/official_experiments/multistartlp/preliminar/set_01_pt_03/configs/genconfig_mslp.conf;genconfig_mslp;/dados/rmelo/PDPTW-SE/benchmark_multi_island_v5/official_experiments/multistartlp/preliminar/set_01_pt_03/logs/heur_mslp/gurobi/40R_40V_04I_05M/LR1_2_10_grb_genconfig_mslp_seed_73_alpha_10p.log;random;40R_40V_04I_05M;1;36201;1;/dados/rmelo/PDPTW-SE/benchmark_multi_island_v5/official_experiments/multistartlp/preliminar/set_01_pt_03/../../../../instances/orig_ams_fg/40R_40V_04I_06M/t1/LR1_2_10/;60000;37732;0;6236.43;81;41;H;50;95;0;100.0;30.0;true;0.95;100.0;1.0;1.0;1.0;1.0;60;M;23799;23799;false;72;0.93;175.77;0.98;36;10;1000000;-1;3600;7.18;0.67;0.72;mslp;heur;0.23;0.38;-1;3600;60000;I;40;1.0;0.25;LR1_2_10;0;/dados/rmelo/PDPTW-SE/benchmark_multi_island_v5/official_experiments/multistartlp/preliminar/set_01_pt_03/logs;0;0;0;60.34;100.0;1;73;/dados/rmelo/PDPTW-SE/benchmark_multi_island_v5/official_experiments/multistartlp/preliminar/set_01_pt_03/logs/heur_mslp/solutions/40R_40V_04I_05M/LR1_2_10_sol_genconfig_mslp_seed_73_alpha_10p.txt;Gurobi;AUTOMATIC;17.71;_bash_2;_seed_73_alpha_10p;1709.55;1;425.2;/dados/rmelo/PDPTW-SE/benchmark_multi_island_v5/official_experiments/multistartlp/preliminar/set_01_pt_03/logs/heur_mslp/timelines/40R_40V_04I_05M/LR1_2_10_timeline_genconfig_mslp_seed_73_alpha_10p.txt;676.56;t1;0;4220.17;false
0.1;0.04;0.08;0.12;0.0;0.0;8;/dados/rmelo/PDPTW-SE/benchmark_multi_island_v5/official_experiments/multistartlp/preliminar/set_01_pt_03/logs/heur_mslp/outputs/csvresults_heur_mslp_bash_2.csv;0;5;1;82;0;0.0;0.5;true;42;2;LR2_2_7_t2_40R_40V_04I_05M;/dados/rmelo/PDPTW-SE/benchmark_multi_island_v5/official_experiments/multistartlp/preliminar/set_01_pt_03/configs/genconfig_mslp.conf;genconfig_mslp;/dados/rmelo/PDPTW-SE/benchmark_multi_island_v5/official_experiments/multistartlp/preliminar/set_01_pt_03/logs/heur_mslp/gurobi/40R_40V_04I_05M/LR2_2_7_grb_genconfig_mslp_seed_73_alpha_10p.log;random;40R_40V_04I_05M;1;0;1;/dados/rmelo/PDPTW-SE/benchmark_multi_island_v5/official_experiments/multistartlp/preliminar/set_01_pt_03/../../../../instances/orig_ams_fg/40R_40V_04I_06M/t2/LR2_2_7/;60000;11516;0;6607.39;81;41;H;50;95;0;100.0;30.0;true;0.95;100.0;1.0;1.0;1.0;1.0;60;M;59990;60000;false;78;0.8;188.0;0.97;39;10;1000000;-1;3600;2.37;0.52;0.86;mslp;heur;0.17;0.62;-1;3600;60000;I;40;1.0;0.1;LR2_2_7;0;/dados/rmelo/PDPTW-SE/benchmark_multi_island_v5/official_experiments/multistartlp/preliminar/set_01_pt_03/logs;0;0;0;0.0;99.98;1;73;/dados/rmelo/PDPTW-SE/benchmark_multi_island_v5/official_experiments/multistartlp/preliminar/set_01_pt_03/logs/heur_mslp/solutions/40R_40V_04I_05M/LR2_2_7_sol_genconfig_mslp_seed_73_alpha_10p.txt;Gurobi;AUTOMATIC;17.63;_bash_2;_seed_73_alpha_10p;1424.25;1;688.97;/dados/rmelo/PDPTW-SE/benchmark_multi_island_v5/official_experiments/multistartlp/preliminar/set_01_pt_03/logs/heur_mslp/timelines/40R_40V_04I_05M/LR2_2_7_timeline_genconfig_mslp_seed_73_alpha_10p.txt;3585.54;t2;0;5273.19;false
0.1;0.03;0.06;0.09;0.01;0.19;0;/dados/rmelo/PDPTW-SE/benchmark_multi_island_v5/official_experiments/multistartlp/preliminar/set_01_pt_03/logs/heur_mslp/outputs/csvresults_heur_mslp_bash_2.csv;0;5;1;122;0;0.0;0.5;false;62;2;LR1_2_6_t1_60R_60V_02I_05M;/dados/rmelo/PDPTW-SE/benchmark_multi_island_v5/official_experiments/multistartlp/preliminar/set_01_pt_03/configs/genconfig_mslp.conf;genconfig_mslp;/dados/rmelo/PDPTW-SE/benchmark_multi_island_v5/official_experiments/multistartlp/preliminar/set_01_pt_03/logs/heur_mslp/gurobi/60R_60V_02I_05M/LR1_2_6_grb_genconfig_mslp_seed_73_alpha_10p.log;random;60R_60V_02I_05M;1;60000;1;/dados/rmelo/PDPTW-SE/benchmark_multi_island_v5/official_experiments/multistartlp/preliminar/set_01_pt_03/../../../../instances/orig_ams_fg/60R_60V_02I_06M/t1/LR1_2_6/;60000;0;0;0.0;121;61;H;50;95;0;100.0;30.0;true;0.95;100.0;1.0;1.0;1.0;1.0;60;M;0;0;false;82;0.96;277.16;0.61;41;10;1000000;-1;3600;0.0;0.63;0.32;mslp;heur;0.45;0.01;-1;3600;60000;I;60;1.0;0.22;LR1_2_6;0;/dados/rmelo/PDPTW-SE/benchmark_multi_island_v5/official_experiments/multistartlp/preliminar/set_01_pt_03/logs;0;0;0;100.0;0.0;1;73;/dados/rmelo/PDPTW-SE/benchmark_multi_island_v5/official_experiments/multistartlp/preliminar/set_01_pt_03/logs/heur_mslp/solutions/60R_60V_02I_05M/LR1_2_6_sol_genconfig_mslp_seed_73_alpha_10p.txt;Gurobi;AUTOMATIC;17.87;_bash_2;_seed_73_alpha_10p;0.0;1;0.0;/dados/rmelo/PDPTW-SE/benchmark_multi_island_v5/official_experiments/multistartlp/preliminar/set_01_pt_03/logs/heur_mslp/timelines/60R_60V_02I_05M/LR1_2_6_timeline_genconfig_mslp_seed_73_alpha_10p.txt;196.2;t1;0;Inf;false
0.1;0.01;0.01;0.02;0.0;0.0;6;/dados/rmelo/PDPTW-SE/benchmark_multi_island_v5/official_experiments/multistartlp/preliminar/set_01_pt_03/logs/heur_mslp/outputs/csvresults_heur_mslp_bash_2.csv;0;5;1;122;0;0.0;0.5;true;62;2;LR2_2_8_t2_60R_60V_02I_05M;/dados/rmelo/PDPTW-SE/benchmark_multi_island_v5/official_experiments/multistartlp/preliminar/set_01_pt_03/configs/genconfig_mslp.conf;genconfig_mslp;/dados/rmelo/PDPTW-SE/benchmark_multi_island_v5/official_experiments/multistartlp/preliminar/set_01_pt_03/logs/heur_mslp/gurobi/60R_60V_02I_05M/LR2_2_8_grb_genconfig_mslp_seed_73_alpha_10p.log;random;60R_60V_02I_05M;1;0;1;/dados/rmelo/PDPTW-SE/benchmark_multi_island_v5/official_experiments/multistartlp/preliminar/set_01_pt_03/../../../../instances/orig_ams_fg/60R_60V_02I_06M/t2/LR2_2_8/;35886;19852;0;8219.45;121;61;H;50;95;0;100.0;30.0;true;0.95;100.0;1.0;1.0;1.0;1.0;60;M;35557;35886;false;80;0.93;227.5;1.0;40;10;1000000;-1;3600;1.32;0.66;0.84;mslp;heur;0.06;0.37;-1;3600;60000;I;60;0.8;0.07;LR2_2_8;0;/dados/rmelo/PDPTW-SE/benchmark_multi_island_v5/official_experiments/multistartlp/preliminar/set_01_pt_03/logs;0;0;0;0.0;99.08;1;73;/dados/rmelo/PDPTW-SE/benchmark_multi_island_v5/official_experiments/multistartlp/preliminar/set_01_pt_03/logs/heur_mslp/solutions/60R_60V_02I_05M/LR2_2_8_sol_genconfig_mslp_seed_73_alpha_10p.txt;Gurobi;AUTOMATIC;17.69;_bash_2;_seed_73_alpha_10p;472.66;1;1993.35;/dados/rmelo/PDPTW-SE/benchmark_multi_island_v5/official_experiments/multistartlp/preliminar/set_01_pt_03/logs/heur_mslp/timelines/60R_60V_02I_05M/LR2_2_8_timeline_genconfig_mslp_seed_73_alpha_10p.txt;3600.08;t2;0;6674.95;false
0.1;0.12;0.17;0.29;0.01;0.09;1;/dados/rmelo/PDPTW-SE/benchmark_multi_island_v5/official_experiments/multistartlp/preliminar/set_01_pt_03/logs/heur_mslp/outputs/csvresults_heur_mslp_bash_2.csv;0;5;1;122;0;0.0;0.5;true;62;2;LR1_2_6_t1_60R_60V_04I_05M;/dados/rmelo/PDPTW-SE/benchmark_multi_island_v5/official_experiments/multistartlp/preliminar/set_01_pt_03/configs/genconfig_mslp.conf;genconfig_mslp;/dados/rmelo/PDPTW-SE/benchmark_multi_island_v5/official_experiments/multistartlp/preliminar/set_01_pt_03/logs/heur_mslp/gurobi/60R_60V_04I_05M/LR1_2_6_grb_genconfig_mslp_seed_73_alpha_10p.log;random;60R_60V_04I_05M;1;59999;1;/dados/rmelo/PDPTW-SE/benchmark_multi_island_v5/official_experiments/multistartlp/preliminar/set_01_pt_03/../../../../instances/orig_ams_fg/60R_60V_04I_06M/t1/LR1_2_6/;60000;1;0;8335.07;121;61;H;50;95;0;100.0;30.0;true;0.95;100.0;1.0;1.0;1.0;1.0;60;M;1;1;false;82;0.93;184.15;0.96;41;10;1000000;-1;3600;5.47;0.57;0.63;mslp;heur;0.25;0.13;-1;3600;60000;I;60;1.0;0.28;LR1_2_6;0;/dados/rmelo/PDPTW-SE/benchmark_multi_island_v5/official_experiments/multistartlp/preliminar/set_01_pt_03/logs;0;0;0;100.0;100.0;1;73;/dados/rmelo/PDPTW-SE/benchmark_multi_island_v5/official_experiments/multistartlp/preliminar/set_01_pt_03/logs/heur_mslp/solutions/60R_60V_04I_05M/LR1_2_6_sol_genconfig_mslp_seed_73_alpha_10p.txt;Gurobi;AUTOMATIC;17.49;_bash_2;_seed_73_alpha_10p;0.05;1;0.06;/dados/rmelo/PDPTW-SE/benchmark_multi_island_v5/official_experiments/multistartlp/preliminar/set_01_pt_03/logs/heur_mslp/timelines/60R_60V_04I_05M/LR1_2_6_timeline_genconfig_mslp_seed_73_alpha_10p.txt;396.0;t1;0;7879.32;false
