alpha;avrg_machines_travel_time_no_vehicle;avrg_machines_travel_time_only_with_vehicle;avrg_machines_travel_time_with_vehicle;avrg_vehicles_waiting_time_for_a_machine_travel;avrg_vehicles_waiting_time_for_a_service;countImprovements;csvfilename;cutoff;cutoffmachs;depot_begin;depot_end;elevator;epsilon;epsilonCap;feasible;first_delivery;first_pickup;fullname;genconfigfile;genconfigfilename;grbFilename;greedy_service_order;group;gurobiCuts;infeasibleSol;initial_station;instPath;iteration;iterationToBest;largestUpdateOffset;lastSGreedySolValue;last_delivery;last_pickup;lmnsAcceptanceCriteria;lmnsGapToBiggerDestruction;lmnsGapToSmallerDestruction;lmnsMIPFocus;lmnsMetropolisTemp;lmnsRepairTime;lmnsReqRApplyMIPStart;lmnsSimulatedAnnealingCool;lmnsSimulatedAnnealingTemp;lmnsWeightShawDemandSim;lmnsWeightShawDistProx;lmnsWeightShawEarlProx;lmnsWeightShawSameRoute;lmnsa;lmnsr;lpImpr;lpRuns;make_instance_feasible;max_Q;max_completion_time;max_d;max_max_load_all_vehicles;max_q;max_s;maxiter;maxnodes;maxtime;meanLPImprPercentage;mean_completion_time;mean_max_load_all_vehicles;methodCode;methodType;min_completion_time;min_max_load_all_vehicles;mipPresolve;mipmaxtime;mslpa;mslpr;n;n_machines_used;n_vehicles_used;name;num_machs;output;outputFlagGrbLMNS;outputFlagGrbMIP;outputFlagGrbMSLP;percentageInfeasibleSol;percentageLPImpr;printsol;seed;solfilename;solver;solverMethod;startTime;suff_csv;suff_outputs;sumLPImprPercentage;threads;timeToBest;timelineFilename;totalTimeElapsed;type;typeUserCut;value;warmStart
0.2;0.0;0.12;0.12;0.0;0.0;6;/dados/rmelo/PDPTW-SE/benchmark_multi_island_v5/official_experiments/multistartlp/preliminar/set_01_pt_03/logs/heur_mslp/outputs/csvresults_heur_mslp_bash_4.csv;0;3;1;18;0;0.0;0.5;true;10;2;lr109_t1_08R_08V_02I_03M;/dados/rmelo/PDPTW-SE/benchmark_multi_island_v5/official_experiments/multistartlp/preliminar/set_01_pt_03/configs/genconfig_mslp.conf;genconfig_mslp;/dados/rmelo/PDPTW-SE/benchmark_multi_island_v5/official_experiments/multistartlp/preliminar/set_01_pt_03/logs/heur_mslp/gurobi/08R_08V_02I_03M/lr109_grb_genconfig_mslp_seed_24_alpha_20p.log;random;08R_08V_02I_03M;1;0;1;/dados/rmelo/PDPTW-SE/benchmark_multi_island_v5/official_experiments/multistartlp/preliminar/set_01_pt_03/../../../../instances/orig_ams_fg/08R_08V_02I_04M/t1/lr109/;60000;254;0;697.42;17;9;H;50;95;0;100.0;30.0;true;0.95;100.0;1.0;1.0;1.0;1.0;60;M;60000;60000;false;52;0.91;79.5;0.5;26;10;1000000;-1;3600;9.64;0.77;0.45;mslp;heur;0.59;0.35;-1;3600;60000;I;8;0.67;0.38;lr109;0;/dados/rmelo/PDPTW-SE/benchmark_multi_island_v5/official_experiments/multistartlp/preliminar/set_01_pt_03/logs;0;0;0;0.0;100.0;1;24;/dados/rmelo/PDPTW-SE/benchmark_multi_island_v5/official_experiments/multistartlp/preliminar/set_01_pt_03/logs/heur_mslp/solutions/08R_08V_02I_03M/lr109_sol_genconfig_mslp_seed_24_alpha_20p.txt;Gurobi;AUTOMATIC;17.23;_bash_4;_seed_24_alpha_20p;5784.42;1;0.65;/dados/rmelo/PDPTW-SE/benchmark_multi_island_v5/official_experiments/multistartlp/preliminar/set_01_pt_03/logs/heur_mslp/timelines/08R_08V_02I_03M/lr109_timeline_genconfig_mslp_seed_24_alpha_20p.txt;98.09;t1;0;533.17;false
0.2;0.0;0.03;0.03;0.0;0.0;10;/dados/rmelo/PDPTW-SE/benchmark_multi_island_v5/official_experiments/multistartlp/preliminar/set_01_pt_03/logs/heur_mslp/outputs/csvresults_heur_mslp_bash_4.csv;0;3;1;18;0;0.0;0.5;true;10;2;lr209_t2_08R_08V_02I_03M;/dados/rmelo/PDPTW-SE/benchmark_multi_island_v5/official_experiments/multistartlp/preliminar/set_01_pt_03/configs/genconfig_mslp.conf;genconfig_mslp;/dados/rmelo/PDPTW-SE/benchmark_multi_island_v5/official_experiments/multistartlp/preliminar/set_01_pt_03/logs/heur_mslp/gurobi/08R_08V_02I_03M/lr209_grb_genconfig_mslp_seed_24_alpha_20p.log;random;08R_08V_02I_03M;1;0;1;/dados/rmelo/PDPTW-SE/benchmark_multi_island_v5/official_experiments/multistartlp/preliminar/set_01_pt_03/../../../../instances/orig_ams_fg/08R_08V_02I_04M/t2/lr209/;60000;24374;0;804.46;17;9;H;50;95;0;100.0;30.0;true;0.95;100.0;1.0;1.0;1.0;1.0;60;M;58675;60000;false;46;0.57;79.13;0.82;23;10;1000000;-1;3600;22.16;0.57;0.82;mslp;heur;0.57;0.82;-1;3600;60000;I;8;0.67;0.12;lr209;0;/dados/rmelo/PDPTW-SE/benchmark_multi_island_v5/official_experiments/multistartlp/preliminar/set_01_pt_03/logs;0;0;0;0.0;97.79;1;24;/dados/rmelo/PDPTW-SE/benchmark_multi_island_v5/official_experiments/multistartlp/preliminar/set_01_pt_03/logs/heur_mslp/solutions/08R_08V_02I_03M/lr209_sol_genconfig_mslp_seed_24_alpha_20p.txt;Gurobi;AUTOMATIC;17.37;_bash_4;_seed_24_alpha_20p;13293.91;1;47.09;/dados/rmelo/PDPTW-SE/benchmark_multi_island_v5/official_experiments/multistartlp/preliminar/set_01_pt_03/logs/heur_mslp/timelines/08R_08V_02I_03M/lr209_timeline_genconfig_mslp_seed_24_alpha_20p.txt;115.39;t2;0;565.91;false
0.2;0.1;0.28;0.38;0.0;0.0;5;/dados/rmelo/PDPTW-SE/benchmark_multi_island_v5/official_experiments/multistartlp/preliminar/set_01_pt_03/logs/heur_mslp/outputs/csvresults_heur_mslp_bash_4.csv;0;3;1;18;0;0.0;0.5;true;10;2;lr110_t1_08R_08V_04I_03M;/dados/rmelo/PDPTW-SE/benchmark_multi_island_v5/official_experiments/multistartlp/preliminar/set_01_pt_03/configs/genconfig_mslp.conf;genconfig_mslp;/dados/rmelo/PDPTW-SE/benchmark_multi_island_v5/official_experiments/multistartlp/preliminar/set_01_pt_03/logs/heur_mslp/gurobi/08R_08V_04I_03M/lr110_grb_genconfig_mslp_seed_24_alpha_20p.log;random;08R_08V_04I_03M;1;24360;1;/dados/rmelo/PDPTW-SE/benchmark_multi_island_v5/official_experiments/multistartlp/preliminar/set_01_pt_03/../../../../instances/orig_ams_fg/08R_08V_04I_04M/t1/lr110/;60000;283;0;804.28;17;9;H;50;95;0;100.0;30.0;true;0.95;100.0;1.0;1.0;1.0;1.0;60;M;35640;35640;false;52;0.89;73.43;0.69;26;10;1000000;-1;3600;11.77;0.58;0.47;mslp;heur;0.35;0.1;-1;3600;60000;I;8;1.0;0.62;lr110;0;/dados/rmelo/PDPTW-SE/benchmark_multi_island_v5/official_experiments/multistartlp/preliminar/set_01_pt_03/logs;0;0;0;40.6;100.0;1;24;/dados/rmelo/PDPTW-SE/benchmark_multi_island_v5/official_experiments/multistartlp/preliminar/set_01_pt_03/logs/heur_mslp/solutions/08R_08V_04I_03M/lr110_sol_genconfig_mslp_seed_24_alpha_20p.txt;Gurobi;AUTOMATIC;17.67;_bash_4;_seed_24_alpha_20p;4195.57;1;0.7;/dados/rmelo/PDPTW-SE/benchmark_multi_island_v5/official_experiments/multistartlp/preliminar/set_01_pt_03/logs/heur_mslp/timelines/08R_08V_04I_03M/lr110_timeline_genconfig_mslp_seed_24_alpha_20p.txt;75.69;t1;0;672.2;false
0.2;0.01;0.05;0.07;0.0;0.0;12;/dados/rmelo/PDPTW-SE/benchmark_multi_island_v5/official_experiments/multistartlp/preliminar/set_01_pt_03/logs/heur_mslp/outputs/csvresults_heur_mslp_bash_4.csv;0;3;1;18;0;0.0;0.5;true;10;2;lr209_t2_08R_08V_04I_03M;/dados/rmelo/PDPTW-SE/benchmark_multi_island_v5/official_experiments/multistartlp/preliminar/set_01_pt_03/configs/genconfig_mslp.conf;genconfig_mslp;/dados/rmelo/PDPTW-SE/benchmark_multi_island_v5/official_experiments/multistartlp/preliminar/set_01_pt_03/logs/heur_mslp/gurobi/08R_08V_04I_03M/lr209_grb_genconfig_mslp_seed_24_alpha_20p.log;random;08R_08V_04I_03M;1;0;1;/dados/rmelo/PDPTW-SE/benchmark_multi_island_v5/official_experiments/multistartlp/preliminar/set_01_pt_03/../../../../instances/orig_ams_fg/08R_08V_04I_04M/t2/lr209/;60000;48146;0;832.01;17;9;H;50;95;0;100.0;30.0;true;0.95;100.0;1.0;1.0;1.0;1.0;60;M;59262;60000;false;46;0.56;81.38;0.93;23;10;1000000;-1;3600;22.39;0.31;0.77;mslp;heur;0.07;0.61;-1;3600;60000;I;8;1.0;0.25;lr209;0;/dados/rmelo/PDPTW-SE/benchmark_multi_island_v5/official_experiments/multistartlp/preliminar/set_01_pt_03/logs;0;0;0;0.0;98.77;1;24;/dados/rmelo/PDPTW-SE/benchmark_multi_island_v5/official_experiments/multistartlp/preliminar/set_01_pt_03/logs/heur_mslp/solutions/08R_08V_04I_03M/lr209_sol_genconfig_mslp_seed_24_alpha_20p.txt;Gurobi;AUTOMATIC;17.53;_bash_4;_seed_24_alpha_20p;13433.17;1;125.26;/dados/rmelo/PDPTW-SE/benchmark_multi_island_v5/official_experiments/multistartlp/preliminar/set_01_pt_03/logs/heur_mslp/timelines/08R_08V_04I_03M/lr209_timeline_genconfig_mslp_seed_24_alpha_20p.txt;155.87;t2;0;626.42;false
0.2;0.0;0.07;0.07;0.0;0.0;12;/dados/rmelo/PDPTW-SE/benchmark_multi_island_v5/official_experiments/multistartlp/preliminar/set_01_pt_03/logs/heur_mslp/outputs/csvresults_heur_mslp_bash_4.csv;0;3;1;26;0;0.0;0.5;true;14;2;lr109_t1_12R_12V_02I_03M;/dados/rmelo/PDPTW-SE/benchmark_multi_island_v5/official_experiments/multistartlp/preliminar/set_01_pt_03/configs/genconfig_mslp.conf;genconfig_mslp;/dados/rmelo/PDPTW-SE/benchmark_multi_island_v5/official_experiments/multistartlp/preliminar/set_01_pt_03/logs/heur_mslp/gurobi/12R_12V_02I_03M/lr109_grb_genconfig_mslp_seed_24_alpha_20p.log;random;12R_12V_02I_03M;1;0;1;/dados/rmelo/PDPTW-SE/benchmark_multi_island_v5/official_experiments/multistartlp/preliminar/set_01_pt_03/../../../../instances/orig_ams_fg/12R_12V_02I_04M/t1/lr109/;60000;2129;0;964.34;25;13;H;50;95;0;100.0;30.0;true;0.95;100.0;1.0;1.0;1.0;1.0;60;M;60000;60000;false;58;0.83;96.56;0.92;29;10;1000000;-1;3600;8.82;0.79;0.62;mslp;heur;0.73;0.32;-1;3600;60000;I;12;0.67;0.33;lr109;0;/dados/rmelo/PDPTW-SE/benchmark_multi_island_v5/official_experiments/multistartlp/preliminar/set_01_pt_03/logs;0;0;0;0.0;100.0;1;24;/dados/rmelo/PDPTW-SE/benchmark_multi_island_v5/official_experiments/multistartlp/preliminar/set_01_pt_03/logs/heur_mslp/solutions/12R_12V_02I_03M/lr109_sol_genconfig_mslp_seed_24_alpha_20p.txt;Gurobi;AUTOMATIC;17.54;_bash_4;_seed_24_alpha_20p;5291.96;1;4.97;/dados/rmelo/PDPTW-SE/benchmark_multi_island_v5/official_experiments/multistartlp/preliminar/set_01_pt_03/logs/heur_mslp/timelines/12R_12V_02I_03M/lr109_timeline_genconfig_mslp_seed_24_alpha_20p.txt;123.77;t1;0;722.63;false
0.2;0.01;0.02;0.02;0.0;0.0;5;/dados/rmelo/PDPTW-SE/benchmark_multi_island_v5/official_experiments/multistartlp/preliminar/set_01_pt_03/logs/heur_mslp/outputs/csvresults_heur_mslp_bash_4.csv;0;3;1;26;0;0.0;0.5;true;14;2;lr208_t2_12R_12V_02I_03M;/dados/rmelo/PDPTW-SE/benchmark_multi_island_v5/official_experiments/multistartlp/preliminar/set_01_pt_03/configs/genconfig_mslp.conf;genconfig_mslp;/dados/rmelo/PDPTW-SE/benchmark_multi_island_v5/official_experiments/multistartlp/preliminar/set_01_pt_03/logs/heur_mslp/gurobi/12R_12V_02I_03M/lr208_grb_genconfig_mslp_seed_24_alpha_20p.log;random;12R_12V_02I_03M;1;0;1;/dados/rmelo/PDPTW-SE/benchmark_multi_island_v5/official_experiments/multistartlp/preliminar/set_01_pt_03/../../../../instances/orig_ams_fg/12R_12V_02I_04M/t2/lr208/;60000;35409;0;1232.59;25;13;H;50;95;0;100.0;30.0;true;0.95;100.0;1.0;1.0;1.0;1.0;60;M;52686;60000;false;58;0.76;114.02;0.91;29;10;1000000;-1;3600;6.68;0.76;0.91;mslp;heur;0.76;0.91;-1;3600;60000;I;12;0.67;0.08;lr208;0;/dados/rmelo/PDPTW-SE/benchmark_multi_island_v5/official_experiments/multistartlp/preliminar/set_01_pt_03/logs;0;0;0;0.0;87.81;1;24;/dados/rmelo/PDPTW-SE/benchmark_multi_island_v5/official_experiments/multistartlp/preliminar/set_01_pt_03/logs/heur_mslp/solutions/12R_12V_02I_03M/lr208_sol_genconfig_mslp_seed_24_alpha_20p.txt;Gurobi;AUTOMATIC;17.56;_bash_4;_seed_24_alpha_20p;4005.29;1;143.31;/dados/rmelo/PDPTW-SE/benchmark_multi_island_v5/official_experiments/multistartlp/preliminar/set_01_pt_03/logs/heur_mslp/timelines/12R_12V_02I_03M/lr208_timeline_genconfig_mslp_seed_24_alpha_20p.txt;242.76;t2;0;759.84;false
0.2;0.14;0.26;0.4;0.0;0.0;6;/dados/rmelo/PDPTW-SE/benchmark_multi_island_v5/official_experiments/multistartlp/preliminar/set_01_pt_03/logs/heur_mslp/outputs/csvresults_heur_mslp_bash_4.csv;0;3;1;26;0;0.0;0.5;true;14;2;lr110_t1_12R_12V_04I_03M;/dados/rmelo/PDPTW-SE/benchmark_multi_island_v5/official_experiments/multistartlp/preliminar/set_01_pt_03/configs/genconfig_mslp.conf;genconfig_mslp;/dados/rmelo/PDPTW-SE/benchmark_multi_island_v5/official_experiments/multistartlp/preliminar/set_01_pt_03/logs/heur_mslp/gurobi/12R_12V_04I_03M/lr110_grb_genconfig_mslp_seed_24_alpha_20p.log;random;12R_12V_04I_03M;1;13057;1;/dados/rmelo/PDPTW-SE/benchmark_multi_island_v5/official_experiments/multistartlp/preliminar/set_01_pt_03/../../../../instances/orig_ams_fg/12R_12V_04I_04M/t1/lr110/;60000;1272;0;997.59;25;13;H;50;95;0;100.0;30.0;true;0.95;100.0;1.0;1.0;1.0;1.0;60;M;46943;46943;false;52;0.72;75.02;0.76;26;10;1000000;-1;3600;13.64;0.57;0.44;mslp;heur;0.37;0.12;-1;3600;60000;I;12;1.0;0.5;lr110;0;/dados/rmelo/PDPTW-SE/benchmark_multi_island_v5/official_experiments/multistartlp/preliminar/set_01_pt_03/logs;0;0;0;21.76;100.0;1;24;/dados/rmelo/PDPTW-SE/benchmark_multi_island_v5/official_experiments/multistartlp/preliminar/set_01_pt_03/logs/heur_mslp/solutions/12R_12V_04I_03M/lr110_sol_genconfig_mslp_seed_24_alpha_20p.txt;Gurobi;AUTOMATIC;17.69;_bash_4;_seed_24_alpha_20p;6405.29;1;3.09;/dados/rmelo/PDPTW-SE/benchmark_multi_island_v5/official_experiments/multistartlp/preliminar/set_01_pt_03/logs/heur_mslp/timelines/12R_12V_04I_03M/lr110_timeline_genconfig_mslp_seed_24_alpha_20p.txt;123.76;t1;0;786.88;false
0.2;0.03;0.07;0.1;0.0;0.0;13;/dados/rmelo/PDPTW-SE/benchmark_multi_island_v5/official_experiments/multistartlp/preliminar/set_01_pt_03/logs/heur_mslp/outputs/csvresults_heur_mslp_bash_4.csv;0;3;1;26;0;0.0;0.5;true;14;2;lr207_t2_12R_12V_04I_03M;/dados/rmelo/PDPTW-SE/benchmark_multi_island_v5/official_experiments/multistartlp/preliminar/set_01_pt_03/configs/genconfig_mslp.conf;genconfig_mslp;/dados/rmelo/PDPTW-SE/benchmark_multi_island_v5/official_experiments/multistartlp/preliminar/set_01_pt_03/logs/heur_mslp/gurobi/12R_12V_04I_03M/lr207_grb_genconfig_mslp_seed_24_alpha_20p.log;random;12R_12V_04I_03M;1;0;1;/dados/rmelo/PDPTW-SE/benchmark_multi_island_v5/official_experiments/multistartlp/preliminar/set_01_pt_03/../../../../instances/orig_ams_fg/12R_12V_04I_04M/t2/lr207/;60000;53986;0;1577.59;25;13;H;50;95;0;100.0;30.0;true;0.95;100.0;1.0;1.0;1.0;1.0;60;M;59980;60000;false;40;0.93;90.05;0.97;20;10;1000000;-1;3600;14.65;0.93;0.97;mslp;heur;0.93;0.97;-1;3600;60000;I;12;1.0;0.08;lr207;0;/dados/rmelo/PDPTW-SE/benchmark_multi_island_v5/official_experiments/multistartlp/preliminar/set_01_pt_03/logs;0;0;0;0.0;99.97;1;24;/dados/rmelo/PDPTW-SE/benchmark_multi_island_v5/official_experiments/multistartlp/preliminar/set_01_pt_03/logs/heur_mslp/solutions/12R_12V_04I_03M/lr207_sol_genconfig_mslp_seed_24_alpha_20p.txt;Gurobi;AUTOMATIC;17.55;_bash_4;_seed_24_alpha_20p;8790.95;1;258.71;/dados/rmelo/PDPTW-SE/benchmark_multi_island_v5/official_experiments/multistartlp/preliminar/set_01_pt_03/logs/heur_mslp/timelines/12R_12V_04I_03M/lr207_timeline_genconfig_mslp_seed_24_alpha_20p.txt;287.42;t2;0;929.7;false
0.2;0.06;0.11;0.16;0.0;0.04;1;/dados/rmelo/PDPTW-SE/benchmark_multi_island_v5/official_experiments/multistartlp/preliminar/set_01_pt_03/logs/heur_mslp/outputs/csvresults_heur_mslp_bash_4.csv;0;5;1;82;0;0.0;0.5;true;42;2;LR1_2_6_t1_40R_40V_02I_05M;/dados/rmelo/PDPTW-SE/benchmark_multi_island_v5/official_experiments/multistartlp/preliminar/set_01_pt_03/configs/genconfig_mslp.conf;genconfig_mslp;/dados/rmelo/PDPTW-SE/benchmark_multi_island_v5/official_experiments/multistartlp/preliminar/set_01_pt_03/logs/heur_mslp/gurobi/40R_40V_02I_05M/LR1_2_6_grb_genconfig_mslp_seed_24_alpha_20p.log;random;40R_40V_02I_05M;1;59995;1;/dados/rmelo/PDPTW-SE/benchmark_multi_island_v5/official_experiments/multistartlp/preliminar/set_01_pt_03/../../../../instances/orig_ams_fg/40R_40V_02I_06M/t1/LR1_2_6/;60000;1;0;6776.66;81;41;H;50;95;0;100.0;30.0;true;0.95;100.0;1.0;1.0;1.0;1.0;60;M;5;5;false;72;0.93;213.59;1.0;36;10;1000000;-1;3600;5.28;0.68;0.58;mslp;heur;0.3;0.12;-1;3600;60000;I;40;1.0;0.35;LR1_2_6;0;/dados/rmelo/PDPTW-SE/benchmark_multi_island_v5/official_experiments/multistartlp/preliminar/set_01_pt_03/logs;0;0;0;99.99;100.0;1;24;/dados/rmelo/PDPTW-SE/benchmark_multi_island_v5/official_experiments/multistartlp/preliminar/set_01_pt_03/logs/heur_mslp/solutions/40R_40V_02I_05M/LR1_2_6_sol_genconfig_mslp_seed_24_alpha_20p.txt;Gurobi;AUTOMATIC;17.92;_bash_4;_seed_24_alpha_20p;0.26;1;0.01;/dados/rmelo/PDPTW-SE/benchmark_multi_island_v5/official_experiments/multistartlp/preliminar/set_01_pt_03/logs/heur_mslp/timelines/40R_40V_02I_05M/LR1_2_6_timeline_genconfig_mslp_seed_24_alpha_20p.txt;182.92;t1;0;6037.52;false
0.2;0.01;0.02;0.03;0.0;0.06;10;/dados/rmelo/PDPTW-SE/benchmark_multi_island_v5/official_experiments/multistartlp/preliminar/set_01_pt_03/logs/heur_mslp/outputs/csvresults_heur_mslp_bash_4.csv;0;5;1;82;0;0.0;0.5;true;42;2;LR2_2_10_t2_40R_40V_02I_05M;/dados/rmelo/PDPTW-SE/benchmark_multi_island_v5/official_experiments/multistartlp/preliminar/set_01_pt_03/configs/genconfig_mslp.conf;genconfig_mslp;/dados/rmelo/PDPTW-SE/benchmark_multi_island_v5/official_experiments/multistartlp/preliminar/set_01_pt_03/logs/heur_mslp/gurobi/40R_40V_02I_05M/LR2_2_10_grb_genconfig_mslp_seed_24_alpha_20p.log;random;40R_40V_02I_05M;1;0;1;/dados/rmelo/PDPTW-SE/benchmark_multi_island_v5/official_experiments/multistartlp/preliminar/set_01_pt_03/../../../../instances/orig_ams_fg/40R_40V_02I_06M/t2/LR2_2_10/;60000;26506;0;9094.3;81;41;H;50;95;0;100.0;30.0;true;0.95;100.0;1.0;1.0;1.0;1.0;60;M;60000;60000;false;80;0.94;269.32;1.0;40;10;1000000;-1;3600;6.27;0.64;0.95;mslp;heur;0.45;0.85;-1;3600;60000;I;40;1.0;0.1;LR2_2_10;0;/dados/rmelo/PDPTW-SE/benchmark_multi_island_v5/official_experiments/multistartlp/preliminar/set_01_pt_03/logs;0;0;0;0.0;100.0;1;24;/dados/rmelo/PDPTW-SE/benchmark_multi_island_v5/official_experiments/multistartlp/preliminar/set_01_pt_03/logs/heur_mslp/solutions/40R_40V_02I_05M/LR2_2_10_sol_genconfig_mslp_seed_24_alpha_20p.txt;Gurobi;AUTOMATIC;17.62;_bash_4;_seed_24_alpha_20p;3762.35;1;576.49;/dados/rmelo/PDPTW-SE/benchmark_multi_island_v5/official_experiments/multistartlp/preliminar/set_01_pt_03/logs/heur_mslp/timelines/40R_40V_02I_05M/LR2_2_10_timeline_genconfig_mslp_seed_24_alpha_20p.txt;1301.54;t2;0;6500.18;false
0.2;0.07;0.14;0.21;0.0;0.06;18;/dados/rmelo/PDPTW-SE/benchmark_multi_island_v5/official_experiments/multistartlp/preliminar/set_01_pt_03/logs/heur_mslp/outputs/csvresults_heur_mslp_bash_4.csv;0;5;1;82;0;0.0;0.5;true;42;2;LR1_2_10_t1_40R_40V_04I_05M;/dados/rmelo/PDPTW-SE/benchmark_multi_island_v5/official_experiments/multistartlp/preliminar/set_01_pt_03/configs/genconfig_mslp.conf;genconfig_mslp;/dados/rmelo/PDPTW-SE/benchmark_multi_island_v5/official_experiments/multistartlp/preliminar/set_01_pt_03/logs/heur_mslp/gurobi/40R_40V_04I_05M/LR1_2_10_grb_genconfig_mslp_seed_24_alpha_20p.log;random;40R_40V_04I_05M;1;36520;1;/dados/rmelo/PDPTW-SE/benchmark_multi_island_v5/official_experiments/multistartlp/preliminar/set_01_pt_03/../../../../instances/orig_ams_fg/40R_40V_04I_06M/t1/LR1_2_10/;60000;55794;0;5068.62;81;41;H;50;95;0;100.0;30.0;true;0.95;100.0;1.0;1.0;1.0;1.0;60;M;23480;23480;false;72;0.94;175.77;0.99;36;10;1000000;-1;3600;7.21;0.61;0.68;mslp;heur;0.23;0.12;-1;3600;60000;I;40;1.0;0.28;LR1_2_10;0;/dados/rmelo/PDPTW-SE/benchmark_multi_island_v5/official_experiments/multistartlp/preliminar/set_01_pt_03/logs;0;0;0;60.87;100.0;1;24;/dados/rmelo/PDPTW-SE/benchmark_multi_island_v5/official_experiments/multistartlp/preliminar/set_01_pt_03/logs/heur_mslp/solutions/40R_40V_04I_05M/LR1_2_10_sol_genconfig_mslp_seed_24_alpha_20p.txt;Gurobi;AUTOMATIC;17.42;_bash_4;_seed_24_alpha_20p;1693.35;1;625.2;/dados/rmelo/PDPTW-SE/benchmark_multi_island_v5/official_experiments/multistartlp/preliminar/set_01_pt_03/logs/heur_mslp/timelines/40R_40V_04I_05M/LR1_2_10_timeline_genconfig_mslp_seed_24_alpha_20p.txt;672.36;t1;0;4262.0;false
0.2;0.05;0.09;0.14;0.0;0.0;3;/dados/rmelo/PDPTW-SE/benchmark_multi_island_v5/official_experiments/multistartlp/preliminar/set_01_pt_03/logs/heur_mslp/outputs/csvresults_heur_mslp_bash_4.csv;0;5;1;82;0;0.0;0.5;true;42;2;LR2_2_7_t2_40R_40V_04I_05M;/dados/rmelo/PDPTW-SE/benchmark_multi_island_v5/official_experiments/multistartlp/preliminar/set_01_pt_03/configs/genconfig_mslp.conf;genconfig_mslp;/dados/rmelo/PDPTW-SE/benchmark_multi_island_v5/official_experiments/multistartlp/preliminar/set_01_pt_03/logs/heur_mslp/gurobi/40R_40V_04I_05M/LR2_2_7_grb_genconfig_mslp_seed_24_alpha_20p.log;random;40R_40V_04I_05M;1;0;1;/dados/rmelo/PDPTW-SE/benchmark_multi_island_v5/official_experiments/multistartlp/preliminar/set_01_pt_03/../../../../instances/orig_ams_fg/40R_40V_04I_06M/t2/LR2_2_7/;59599;47344;0;7637.09;81;41;H;50;95;0;100.0;30.0;true;0.95;100.0;1.0;1.0;1.0;1.0;60;M;59595;59599;false;78;0.79;188.0;1.0;39;10;1000000;-1;3600;2.57;0.73;0.93;mslp;heur;0.65;0.83;-1;3600;60000;I;40;1.0;0.08;LR2_2_7;0;/dados/rmelo/PDPTW-SE/benchmark_multi_island_v5/official_experiments/multistartlp/preliminar/set_01_pt_03/logs;0;0;0;0.0;99.99;1;24;/dados/rmelo/PDPTW-SE/benchmark_multi_island_v5/official_experiments/multistartlp/preliminar/set_01_pt_03/logs/heur_mslp/solutions/40R_40V_04I_05M/LR2_2_7_sol_genconfig_mslp_seed_24_alpha_20p.txt;Gurobi;AUTOMATIC;17.69;_bash_4;_seed_24_alpha_20p;1530.83;1;2861.18;/dados/rmelo/PDPTW-SE/benchmark_multi_island_v5/official_experiments/multistartlp/preliminar/set_01_pt_03/logs/heur_mslp/timelines/40R_40V_04I_05M/LR2_2_7_timeline_genconfig_mslp_seed_24_alpha_20p.txt;3600.06;t2;0;5543.26;false
0.2;0.03;0.06;0.09;0.01;0.19;0;/dados/rmelo/PDPTW-SE/benchmark_multi_island_v5/official_experiments/multistartlp/preliminar/set_01_pt_03/logs/heur_mslp/outputs/csvresults_heur_mslp_bash_4.csv;0;5;1;122;0;0.0;0.5;false;62;2;LR1_2_6_t1_60R_60V_02I_05M;/dados/rmelo/PDPTW-SE/benchmark_multi_island_v5/official_experiments/multistartlp/preliminar/set_01_pt_03/configs/genconfig_mslp.conf;genconfig_mslp;/dados/rmelo/PDPTW-SE/benchmark_multi_island_v5/official_experiments/multistartlp/preliminar/set_01_pt_03/logs/heur_mslp/gurobi/60R_60V_02I_05M/LR1_2_6_grb_genconfig_mslp_seed_24_alpha_20p.log;random;60R_60V_02I_05M;1;60000;1;/dados/rmelo/PDPTW-SE/benchmark_multi_island_v5/official_experiments/multistartlp/preliminar/set_01_pt_03/../../../../instances/orig_ams_fg/60R_60V_02I_06M/t1/LR1_2_6/;60000;0;0;0.0;121;61;H;50;95;0;100.0;30.0;true;0.95;100.0;1.0;1.0;1.0;1.0;60;M;0;0;false;82;0.96;277.16;0.61;41;10;1000000;-1;3600;0.0;0.63;0.32;mslp;heur;0.45;0.01;-1;3600;60000;I;60;1.0;0.22;LR1_2_6;0;/dados/rmelo/PDPTW-SE/benchmark_multi_island_v5/official_experiments/multistartlp/preliminar/set_01_pt_03/logs;0;0;0;100.0;0.0;1;24;/dados/rmelo/PDPTW-SE/benchmark_multi_island_v5/official_experiments/multistartlp/preliminar/set_01_pt_03/logs/heur_mslp/solutions/60R_60V_02I_05M/LR1_2_6_sol_genconfig_mslp_seed_24_alpha_20p.txt;Gurobi;AUTOMATIC;17.91;_bash_4;_seed_24_alpha_20p;0.0;1;0.0;/dados/rmelo/PDPTW-SE/benchmark_multi_island_v5/official_experiments/multistartlp/preliminar/set_01_pt_03/logs/heur_mslp/timelines/60R_60V_02I_05M/LR1_2_6_timeline_genconfig_mslp_seed_24_alpha_20p.txt;200.6;t1;0;Inf;false
0.2;0.0;0.01;0.02;0.0;0.0;3;/dados/rmelo/PDPTW-SE/benchmark_multi_island_v5/official_experiments/multistartlp/preliminar/set_01_pt_03/logs/heur_mslp/outputs/csvresults_heur_mslp_bash_4.csv;0;5;1;122;0;0.0;0.5;true;62;2;LR2_2_8_t2_60R_60V_02I_05M;/dados/rmelo/PDPTW-SE/benchmark_multi_island_v5/official_experiments/multistartlp/preliminar/set_01_pt_03/configs/genconfig_mslp.conf;genconfig_mslp;/dados/rmelo/PDPTW-SE/benchmark_multi_island_v5/official_experiments/multistartlp/preliminar/set_01_pt_03/logs/heur_mslp/gurobi/60R_60V_02I_05M/LR2_2_8_grb_genconfig_mslp_seed_24_alpha_20p.log;random;60R_60V_02I_05M;1;0;1;/dados/rmelo/PDPTW-SE/benchmark_multi_island_v5/official_experiments/multistartlp/preliminar/set_01_pt_03/../../../../instances/orig_ams_fg/60R_60V_02I_06M/t2/LR2_2_8/;36086;24221;0;9411.68;121;61;H;50;95;0;100.0;30.0;true;0.95;100.0;1.0;1.0;1.0;1.0;60;M;35998;36086;false;80;0.89;227.5;0.99;40;10;1000000;-1;3600;1.78;0.71;0.94;mslp;heur;0.44;0.87;-1;3600;60000;I;60;0.6;0.07;LR2_2_8;0;/dados/rmelo/PDPTW-SE/benchmark_multi_island_v5/official_experiments/multistartlp/preliminar/set_01_pt_03/logs;0;0;0;0.0;99.76;1;24;/dados/rmelo/PDPTW-SE/benchmark_multi_island_v5/official_experiments/multistartlp/preliminar/set_01_pt_03/logs/heur_mslp/solutions/60R_60V_02I_05M/LR2_2_8_sol_genconfig_mslp_seed_24_alpha_20p.txt;Gurobi;AUTOMATIC;17.77;_bash_4;_seed_24_alpha_20p;640.76;1;2415.61;/dados/rmelo/PDPTW-SE/benchmark_multi_island_v5/official_experiments/multistartlp/preliminar/set_01_pt_03/logs/heur_mslp/timelines/60R_60V_02I_05M/LR2_2_8_timeline_genconfig_mslp_seed_24_alpha_20p.txt;3600.01;t2;0;7157.08;false
0.2;0.12;0.17;0.29;0.01;0.09;1;/dados/rmelo/PDPTW-SE/benchmark_multi_island_v5/official_experiments/multistartlp/preliminar/set_01_pt_03/logs/heur_mslp/outputs/csvresults_heur_mslp_bash_4.csv;0;5;1;122;0;0.0;0.5;true;62;2;LR1_2_6_t1_60R_60V_04I_05M;/dados/rmelo/PDPTW-SE/benchmark_multi_island_v5/official_experiments/multistartlp/preliminar/set_01_pt_03/configs/genconfig_mslp.conf;genconfig_mslp;/dados/rmelo/PDPTW-SE/benchmark_multi_island_v5/official_experiments/multistartlp/preliminar/set_01_pt_03/logs/heur_mslp/gurobi/60R_60V_04I_05M/LR1_2_6_grb_genconfig_mslp_seed_24_alpha_20p.log;random;60R_60V_04I_05M;1;59999;1;/dados/rmelo/PDPTW-SE/benchmark_multi_island_v5/official_experiments/multistartlp/preliminar/set_01_pt_03/../../../../instances/orig_ams_fg/60R_60V_04I_06M/t1/LR1_2_6/;60000;1;0;8335.07;121;61;H;50;95;0;100.0;30.0;true;0.95;100.0;1.0;1.0;1.0;1.0;60;M;1;1;false;82;0.93;184.15;0.96;41;10;1000000;-1;3600;5.47;0.57;0.63;mslp;heur;0.25;0.13;-1;3600;60000;I;60;1.0;0.28;LR1_2_6;0;/dados/rmelo/PDPTW-SE/benchmark_multi_island_v5/official_experiments/multistartlp/preliminar/set_01_pt_03/logs;0;0;0;100.0;100.0;1;24;/dados/rmelo/PDPTW-SE/benchmark_multi_island_v5/official_experiments/multistartlp/preliminar/set_01_pt_03/logs/heur_mslp/solutions/60R_60V_04I_05M/LR1_2_6_sol_genconfig_mslp_seed_24_alpha_20p.txt;Gurobi;AUTOMATIC;17.58;_bash_4;_seed_24_alpha_20p;0.05;1;0.06;/dados/rmelo/PDPTW-SE/benchmark_multi_island_v5/official_experiments/multistartlp/preliminar/set_01_pt_03/logs/heur_mslp/timelines/60R_60V_04I_05M/LR1_2_6_timeline_genconfig_mslp_seed_24_alpha_20p.txt;392.57;t1;0;7879.32;false
0.2;0.02;0.05;0.08;0.0;0.0;3;/dados/rmelo/PDPTW-SE/benchmark_multi_island_v5/official_experiments/multistartlp/preliminar/set_01_pt_03/logs/heur_mslp/outputs/csvresults_heur_mslp_bash_4.csv;0;5;1;122;0;0.0;0.5;true;62;2;LR2_2_8_t2_60R_60V_04I_05M;/dados/rmelo/PDPTW-SE/benchmark_multi_island_v5/official_experiments/multistartlp/preliminar/set_01_pt_03/configs/genconfig_mslp.conf;genconfig_mslp;/dados/rmelo/PDPTW-SE/benchmark_multi_island_v5/official_experiments/multistartlp/preliminar/set_01_pt_03/logs/heur_mslp/gurobi/60R_60V_04I_05M/LR2_2_8_grb_genconfig_mslp_seed_24_alpha_20p.log;random;60R_60V_04I_05M;1;0;1;/dados/rmelo/PDPTW-SE/benchmark_multi_island_v5/official_experiments/multistartlp/preliminar/set_01_pt_03/../../../../instances/orig_ams_fg/60R_60V_04I_06M/t2/LR2_2_8/;20105;15515;0;9233.96;121;61;H;50;95;0;100.0;30.0;true;0.95;100.0;1.0;1.0;1.0;1.0;60;M;20057;20105;false;80;0.83;181.1;1.0;40;10;1000000;-1;3600;1.13;0.57;0.74;mslp;heur;0.18;0.3;-1;3600;60000;I;60;1.0;0.08;LR2_2_8;0;/dados/rmelo/PDPTW-SE/benchmark_multi_island_v5/official_experiments/multistartlp/preliminar/set_01_pt_03/logs;0;0;0;0.0;99.76;1;24;/dados/rmelo/PDPTW-SE/benchmark_multi_island_v5/official_experiments/multistartlp/preliminar/set_01_pt_03/logs/heur_mslp/solutions/60R_60V_04I_05M/LR2_2_8_sol_genconfig_mslp_seed_24_alpha_20p.txt;Gurobi;AUTOMATIC;17.71;_bash_4;_seed_24_alpha_20p;226.96;1;2774.58;/dados/rmelo/PDPTW-SE/benchmark_multi_island_v5/official_experiments/multistartlp/preliminar/set_01_pt_03/logs/heur_mslp/timelines/60R_60V_04I_05M/LR2_2_8_timeline_genconfig_mslp_seed_24_alpha_20p.txt;3600.09;t2;0;7264.24;false
0.2;0.0;0.12;0.12;0.0;0.0;7;/dados/rmelo/PDPTW-SE/benchmark_multi_island_v5/official_experiments/multistartlp/preliminar/set_01_pt_03/logs/heur_mslp/outputs/csvresults_heur_mslp_bash_4.csv;0;3;1;18;0;0.0;0.5;true;10;2;lr109_t1_08R_08V_02I_03M;/dados/rmelo/PDPTW-SE/benchmark_multi_island_v5/official_experiments/multistartlp/preliminar/set_01_pt_03/configs/genconfig_mslp.conf;genconfig_mslp;/dados/rmelo/PDPTW-SE/benchmark_multi_island_v5/official_experiments/multistartlp/preliminar/set_01_pt_03/logs/heur_mslp/gurobi/08R_08V_02I_03M/lr109_grb_genconfig_mslp_seed_31_alpha_20p.log;random;08R_08V_02I_03M;1;0;1;/dados/rmelo/PDPTW-SE/benchmark_multi_island_v5/official_experiments/multistartlp/preliminar/set_01_pt_03/../../../../instances/orig_ams_fg/08R_08V_02I_04M/t1/lr109/;60000;148;0;588.89;17;9;H;50;95;0;100.0;30.0;true;0.95;100.0;1.0;1.0;1.0;1.0;60;M;60000;60000;false;52;0.91;79.5;0.6;26;10;1000000;-1;3600;9.64;0.77;0.52;mslp;heur;0.59;0.35;-1;3600;60000;I;8;0.67;0.38;lr109;0;/dados/rmelo/PDPTW-SE/benchmark_multi_island_v5/official_experiments/multistartlp/preliminar/set_01_pt_03/logs;0;0;0;0.0;100.0;1;31;/dados/rmelo/PDPTW-SE/benchmark_multi_island_v5/official_experiments/multistartlp/preliminar/set_01_pt_03/logs/heur_mslp/solutions/08R_08V_02I_03M/lr109_sol_genconfig_mslp_seed_31_alpha_20p.txt;Gurobi;AUTOMATIC;17.3;_bash_4;_seed_31_alpha_20p;5783.5;1;0.51;/dados/rmelo/PDPTW-SE/benchmark_multi_island_v5/official_experiments/multistartlp/preliminar/set_01_pt_03/logs/heur_mslp/timelines/08R_08V_02I_03M/lr109_timeline_genconfig_mslp_seed_31_alpha_20p.txt;95.92;t1;0;533.17;false
0.2;0.01;0.03;0.04;0.0;0.0;8;/dados/rmelo/PDPTW-SE/benchmark_multi_island_v5/official_experiments/multistartlp/preliminar/set_01_pt_03/logs/heur_mslp/outputs/csvresults_heur_mslp_bash_4.csv;0;3;1;18;0;0.0;0.5;true;10;2;lr209_t2_08R_08V_02I_03M;/dados/rmelo/PDPTW-SE/benchmark_multi_island_v5/official_experiments/multistartlp/preliminar/set_01_pt_03/configs/genconfig_mslp.conf;genconfig_mslp;/dados/rmelo/PDPTW-SE/benchmark_multi_island_v5/official_experiments/multistartlp/preliminar/set_01_pt_03/logs/heur_mslp/gurobi/08R_08V_02I_03M/lr209_grb_genconfig_mslp_seed_31_alpha_20p.log;random;08R_08V_02I_03M;1;0;1;/dados/rmelo/PDPTW-SE/benchmark_multi_island_v5/official_experiments/multistartlp/preliminar/set_01_pt_03/../../../../instances/orig_ams_fg/08R_08V_02I_04M/t2/lr209/;60000;6588;0;819.1;17;9;H;50;95;0;100.0;30.0;true;0.95;100.0;1.0;1.0;1.0;1.0;60;M;58601;60000;false;46;0.57;79.13;0.67;23;10;1000000;-1;3600;22.13;0.57;0.67;mslp;heur;0.57;0.67;-1;3600;60000;I;8;0.67;0.12;lr209;0;/dados/rmelo/PDPTW-SE/benchmark_multi_island_v5/official_experiments/multistartlp/preliminar/set_01_pt_03/logs;0;0;0;0.0;97.67;1;31;/dados/rmelo/PDPTW-SE/benchmark_multi_island_v5/official_experiments/multistartlp/preliminar/set_01_pt_03/logs/heur_mslp/solutions/08R_08V_02I_03M/lr209_sol_genconfig_mslp_seed_31_alpha_20p.txt;Gurobi;AUTOMATIC;17.91;_bash_4;_seed_31_alpha_20p;13280.54;1;13.42;/dados/rmelo/PDPTW-SE/benchmark_multi_island_v5/official_experiments/multistartlp/preliminar/set_01_pt_03/logs/heur_mslp/timelines/08R_08V_02I_03M/lr209_timeline_genconfig_mslp_seed_31_alpha_20p.txt;116.11;t2;0;573.85;false
0.2;0.1;0.28;0.38;0.0;0.0;4;/dados/rmelo/PDPTW-SE/benchmark_multi_island_v5/official_experiments/multistartlp/preliminar/set_01_pt_03/logs/heur_mslp/outputs/csvresults_heur_mslp_bash_4.csv;0;3;1;18;0;0.0;0.5;true;10;2;lr110_t1_08R_08V_04I_03M;/dados/rmelo/PDPTW-SE/benchmark_multi_island_v5/official_experiments/multistartlp/preliminar/set_01_pt_03/configs/genconfig_mslp.conf;genconfig_mslp;/dados/rmelo/PDPTW-SE/benchmark_multi_island_v5/official_experiments/multistartlp/preliminar/set_01_pt_03/logs/heur_mslp/gurobi/08R_08V_04I_03M/lr110_grb_genconfig_mslp_seed_31_alpha_20p.log;random;08R_08V_04I_03M;1;24408;1;/dados/rmelo/PDPTW-SE/benchmark_multi_island_v5/official_experiments/multistartlp/preliminar/set_01_pt_03/../../../../instances/orig_ams_fg/08R_08V_04I_04M/t1/lr110/;60000;71;0;781.96;17;9;H;50;95;0;100.0;30.0;true;0.95;100.0;1.0;1.0;1.0;1.0;60;M;35592;35592;false;52;0.89;73.43;0.82;26;10;1000000;-1;3600;11.77;0.58;0.53;mslp;heur;0.35;0.1;-1;3600;60000;I;8;1.0;0.62;lr110;0;/dados/rmelo/PDPTW-SE/benchmark_multi_island_v5/official_experiments/multistartlp/preliminar/set_01_pt_03/logs;0;0;0;40.68;100.0;1;31;/dados/rmelo/PDPTW-SE/benchmark_multi_island_v5/official_experiments/multistartlp/preliminar/set_01_pt_03/logs/heur_mslp/solutions/08R_08V_04I_03M/lr110_sol_genconfig_mslp_seed_31_alpha_20p.txt;Gurobi;AUTOMATIC;17.63;_bash_4;_seed_31_alpha_20p;4188.62;1;0.37;/dados/rmelo/PDPTW-SE/benchmark_multi_island_v5/official_experiments/multistartlp/preliminar/set_01_pt_03/logs/heur_mslp/timelines/08R_08V_04I_03M/lr110_timeline_genconfig_mslp_seed_31_alpha_20p.txt;76.01;t1;0;672.2;false
0.2;0.01;0.05;0.07;0.0;0.0;11;/dados/rmelo/PDPTW-SE/benchmark_multi_island_v5/official_experiments/multistartlp/preliminar/set_01_pt_03/logs/heur_mslp/outputs/csvresults_heur_mslp_bash_4.csv;0;3;1;18;0;0.0;0.5;true;10;2;lr209_t2_08R_08V_04I_03M;/dados/rmelo/PDPTW-SE/benchmark_multi_island_v5/official_experiments/multistartlp/preliminar/set_01_pt_03/configs/genconfig_mslp.conf;genconfig_mslp;/dados/rmelo/PDPTW-SE/benchmark_multi_island_v5/official_experiments/multistartlp/preliminar/set_01_pt_03/logs/heur_mslp/gurobi/08R_08V_04I_03M/lr209_grb_genconfig_mslp_seed_31_alpha_20p.log;random;08R_08V_04I_03M;1;0;1;/dados/rmelo/PDPTW-SE/benchmark_multi_island_v5/official_experiments/multistartlp/preliminar/set_01_pt_03/../../../../instances/orig_ams_fg/08R_08V_04I_04M/t2/lr209/;60000;32121;0;1307.68;17;9;H;50;95;0;100.0;30.0;true;0.95;100.0;1.0;1.0;1.0;1.0;60;M;59297;60000;false;46;0.56;81.38;0.93;23;10;1000000;-1;3600;22.44;0.31;0.72;mslp;heur;0.07;0.5;-1;3600;60000;I;8;1.0;0.25;lr209;0;/dados/rmelo/PDPTW-SE/benchmark_multi_island_v5/official_experiments/multistartlp/preliminar/set_01_pt_03/logs;0;0;0;0.0;98.83;1;31;/dados/rmelo/PDPTW-SE/benchmark_multi_island_v5/official_experiments/multistartlp/preliminar/set_01_pt_03/logs/heur_mslp/solutions/08R_08V_04I_03M/lr209_sol_genconfig_mslp_seed_31_alpha_20p.txt;Gurobi;AUTOMATIC;17.96;_bash_4;_seed_31_alpha_20p;13465.39;1;87.05;/dados/rmelo/PDPTW-SE/benchmark_multi_island_v5/official_experiments/multistartlp/preliminar/set_01_pt_03/logs/heur_mslp/timelines/08R_08V_04I_03M/lr209_timeline_genconfig_mslp_seed_31_alpha_20p.txt;161.76;t2;0;626.42;false
0.2;0.0;0.07;0.07;0.0;0.0;10;/dados/rmelo/PDPTW-SE/benchmark_multi_island_v5/official_experiments/multistartlp/preliminar/set_01_pt_03/logs/heur_mslp/outputs/csvresults_heur_mslp_bash_4.csv;0;3;1;26;0;0.0;0.5;true;14;2;lr109_t1_12R_12V_02I_03M;/dados/rmelo/PDPTW-SE/benchmark_multi_island_v5/official_experiments/multistartlp/preliminar/set_01_pt_03/configs/genconfig_mslp.conf;genconfig_mslp;/dados/rmelo/PDPTW-SE/benchmark_multi_island_v5/official_experiments/multistartlp/preliminar/set_01_pt_03/logs/heur_mslp/gurobi/12R_12V_02I_03M/lr109_grb_genconfig_mslp_seed_31_alpha_20p.log;random;12R_12V_02I_03M;1;0;1;/dados/rmelo/PDPTW-SE/benchmark_multi_island_v5/official_experiments/multistartlp/preliminar/set_01_pt_03/../../../../instances/orig_ams_fg/12R_12V_02I_04M/t1/lr109/;60000;2579;0;953.71;25;13;H;50;95;0;100.0;30.0;true;0.95;100.0;1.0;1.0;1.0;1.0;60;M;60000;60000;false;58;0.83;96.56;0.98;29;10;1000000;-1;3600;8.8;0.79;0.69;mslp;heur;0.73;0.32;-1;3600;60000;I;12;0.67;0.33;lr109;0;/dados/rmelo/PDPTW-SE/benchmark_multi_island_v5/official_experiments/multistartlp/preliminar/set_01_pt_03/logs;0;0;0;0.0;100.0;1;31;/dados/rmelo/PDPTW-SE/benchmark_multi_island_v5/official_experiments/multistartlp/preliminar/set_01_pt_03/logs/heur_mslp/solutions/12R_12V_02I_03M/lr109_sol_genconfig_mslp_seed_31_alpha_20p.txt;Gurobi;AUTOMATIC;17.79;_bash_4;_seed_31_alpha_20p;5280.42;1;5.92;/dados/rmelo/PDPTW-SE/benchmark_multi_island_v5/official_experiments/multistartlp/preliminar/set_01_pt_03/logs/heur_mslp/timelines/12R_12V_02I_03M/lr109_timeline_genconfig_mslp_seed_31_alpha_20p.txt;125.74;t1;0;722.63;false
0.2;0.0;0.02;0.02;0.0;0.0;9;/dados/rmelo/PDPTW-SE/benchmark_multi_island_v5/official_experiments/multistartlp/preliminar/set_01_pt_03/logs/heur_mslp/outputs/csvresults_heur_mslp_bash_4.csv;0;3;1;26;0;0.0;0.5;true;14;2;lr208_t2_12R_12V_02I_03M;/dados/rmelo/PDPTW-SE/benchmark_multi_island_v5/official_experiments/multistartlp/preliminar/set_01_pt_03/configs/genconfig_mslp.conf;genconfig_mslp;/dados/rmelo/PDPTW-SE/benchmark_multi_island_v5/official_experiments/multistartlp/preliminar/set_01_pt_03/logs/heur_mslp/gurobi/12R_12V_02I_03M/lr208_grb_genconfig_mslp_seed_31_alpha_20p.log;random;12R_12V_02I_03M;1;0;1;/dados/rmelo/PDPTW-SE/benchmark_multi_island_v5/official_experiments/multistartlp/preliminar/set_01_pt_03/../../../../instances/orig_ams_fg/12R_12V_02I_04M/t2/lr208/;60000;52701;0;1122.4;25;13;H;50;95;0;100.0;30.0;true;0.95;100.0;1.0;1.0;1.0;1.0;60;M;52821;60000;false;58;0.78;114.02;1.0;29;10;1000000;-1;3600;6.67;0.78;1.0;mslp;heur;0.78;1.0;-1;3600;60000;I;12;0.67;0.08;lr208;0;/dados/rmelo/PDPTW-SE/benchmark_multi_island_v5/official_experiments/multistartlp/preliminar/set_01_pt_03/logs;0;0;0;0.0;88.04;1;31;/dados/rmelo/PDPTW-SE/benchmark_multi_island_v5/official_experiments/multistartlp/preliminar/set_01_pt_03/logs/heur_mslp/solutions/12R_12V_02I_03M/lr208_sol_genconfig_mslp_seed_31_alpha_20p.txt;Gurobi;AUTOMATIC;17.91;_bash_4;_seed_31_alpha_20p;4004.88;1;215.18;/dados/rmelo/PDPTW-SE/benchmark_multi_island_v5/official_experiments/multistartlp/preliminar/set_01_pt_03/logs/heur_mslp/timelines/12R_12V_02I_03M/lr208_timeline_genconfig_mslp_seed_31_alpha_20p.txt;244.53;t2;0;783.85;false
0.2;0.14;0.26;0.4;0.0;0.0;11;/dados/rmelo/PDPTW-SE/benchmark_multi_island_v5/official_experiments/multistartlp/preliminar/set_01_pt_03/logs/heur_mslp/outputs/csvresults_heur_mslp_bash_4.csv;0;3;1;26;0;0.0;0.5;true;14;2;lr110_t1_12R_12V_04I_03M;/dados/rmelo/PDPTW-SE/benchmark_multi_island_v5/official_experiments/multistartlp/preliminar/set_01_pt_03/configs/genconfig_mslp.conf;genconfig_mslp;/dados/rmelo/PDPTW-SE/benchmark_multi_island_v5/official_experiments/multistartlp/preliminar/set_01_pt_03/logs/heur_mslp/gurobi/12R_12V_04I_03M/lr110_grb_genconfig_mslp_seed_31_alpha_20p.log;random;12R_12V_04I_03M;1;13012;1;/dados/rmelo/PDPTW-SE/benchmark_multi_island_v5/official_experiments/multistartlp/preliminar/set_01_pt_03/../../../../instances/orig_ams_fg/12R_12V_04I_04M/t1/lr110/;60000;3198;0;1054.9;25;13;H;50;95;0;100.0;30.0;true;0.95;100.0;1.0;1.0;1.0;1.0;60;M;46988;46988;false;52;0.72;75.02;0.6;26;10;1000000;-1;3600;13.62;0.57;0.36;mslp;heur;0.37;0.1;-1;3600;60000;I;12;1.0;0.5;lr110;0;/dados/rmelo/PDPTW-SE/benchmark_multi_island_v5/official_experiments/multistartlp/preliminar/set_01_pt_03/logs;0;0;0;21.69;100.0;1;31;/dados/rmelo/PDPTW-SE/benchmark_multi_island_v5/official_experiments/multistartlp/preliminar/set_01_pt_03/logs/heur_mslp/solutions/12R_12V_04I_03M/lr110_sol_genconfig_mslp_seed_31_alpha_20p.txt;Gurobi;AUTOMATIC;17.75;_bash_4;_seed_31_alpha_20p;6400.95;1;7.25;/dados/rmelo/PDPTW-SE/benchmark_multi_island_v5/official_experiments/multistartlp/preliminar/set_01_pt_03/logs/heur_mslp/timelines/12R_12V_04I_03M/lr110_timeline_genconfig_mslp_seed_31_alpha_20p.txt;123.07;t1;0;786.88;false
0.2;0.03;0.07;0.1;0.0;0.0;9;/dados/rmelo/PDPTW-SE/benchmark_multi_island_v5/official_experiments/multistartlp/preliminar/set_01_pt_03/logs/heur_mslp/outputs/csvresults_heur_mslp_bash_4.csv;0;3;1;26;0;0.0;0.5;true;14;2;lr207_t2_12R_12V_04I_03M;/dados/rmelo/PDPTW-SE/benchmark_multi_island_v5/official_experiments/multistartlp/preliminar/set_01_pt_03/configs/genconfig_mslp.conf;genconfig_mslp;/dados/rmelo/PDPTW-SE/benchmark_multi_island_v5/official_experiments/multistartlp/preliminar/set_01_pt_03/logs/heur_mslp/gurobi/12R_12V_04I_03M/lr207_grb_genconfig_mslp_seed_31_alpha_20p.log;random;12R_12V_04I_03M;1;0;1;/dados/rmelo/PDPTW-SE/benchmark_multi_island_v5/official_experiments/multistartlp/preliminar/set_01_pt_03/../../../../instances/orig_ams_fg/12R_12V_04I_04M/t2/lr207/;60000;47658;0;1506.9;25;13;H;50;95;0;100.0;30.0;true;0.95;100.0;1.0;1.0;1.0;1.0;60;M;59980;60000;false;40;0.93;90.05;0.97;20;10;1000000;-1;3600;14.61;0.93;0.97;mslp;heur;0.93;0.97;-1;3600;60000;I;12;1.0;0.08;lr207;0;/dados/rmelo/PDPTW-SE/benchmark_multi_island_v5/official_experiments/multistartlp/preliminar/set_01_pt_03/logs;0;0;0;0.0;99.97;1;31;/dados/rmelo/PDPTW-SE/benchmark_multi_island_v5/official_experiments/multistartlp/preliminar/set_01_pt_03/logs/heur_mslp/solutions/12R_12V_04I_03M/lr207_sol_genconfig_mslp_seed_31_alpha_20p.txt;Gurobi;AUTOMATIC;17.84;_bash_4;_seed_31_alpha_20p;8765.88;1;229.95;/dados/rmelo/PDPTW-SE/benchmark_multi_island_v5/official_experiments/multistartlp/preliminar/set_01_pt_03/logs/heur_mslp/timelines/12R_12V_04I_03M/lr207_timeline_genconfig_mslp_seed_31_alpha_20p.txt;288.43;t2;0;932.36;false
0.2;0.06;0.11;0.16;0.0;0.04;1;/dados/rmelo/PDPTW-SE/benchmark_multi_island_v5/official_experiments/multistartlp/preliminar/set_01_pt_03/logs/heur_mslp/outputs/csvresults_heur_mslp_bash_4.csv;0;5;1;82;0;0.0;0.5;true;42;2;LR1_2_6_t1_40R_40V_02I_05M;/dados/rmelo/PDPTW-SE/benchmark_multi_island_v5/official_experiments/multistartlp/preliminar/set_01_pt_03/configs/genconfig_mslp.conf;genconfig_mslp;/dados/rmelo/PDPTW-SE/benchmark_multi_island_v5/official_experiments/multistartlp/preliminar/set_01_pt_03/logs/heur_mslp/gurobi/40R_40V_02I_05M/LR1_2_6_grb_genconfig_mslp_seed_31_alpha_20p.log;random;40R_40V_02I_05M;1;59999;1;/dados/rmelo/PDPTW-SE/benchmark_multi_island_v5/official_experiments/multistartlp/preliminar/set_01_pt_03/../../../../instances/orig_ams_fg/40R_40V_02I_06M/t1/LR1_2_6/;60000;1;0;6335.36;81;41;H;50;95;0;100.0;30.0;true;0.95;100.0;1.0;1.0;1.0;1.0;60;M;1;1;false;72;0.93;213.59;1.0;36;10;1000000;-1;3600;4.7;0.68;0.58;mslp;heur;0.3;0.12;-1;3600;60000;I;40;1.0;0.35;LR1_2_6;0;/dados/rmelo/PDPTW-SE/benchmark_multi_island_v5/official_experiments/multistartlp/preliminar/set_01_pt_03/logs;0;0;0;100.0;100.0;1;31;/dados/rmelo/PDPTW-SE/benchmark_multi_island_v5/official_experiments/multistartlp/preliminar/set_01_pt_03/logs/heur_mslp/solutions/40R_40V_02I_05M/LR1_2_6_sol_genconfig_mslp_seed_31_alpha_20p.txt;Gurobi;AUTOMATIC;17.8;_bash_4;_seed_31_alpha_20p;0.05;1;0.01;/dados/rmelo/PDPTW-SE/benchmark_multi_island_v5/official_experiments/multistartlp/preliminar/set_01_pt_03/logs/heur_mslp/timelines/40R_40V_02I_05M/LR1_2_6_timeline_genconfig_mslp_seed_31_alpha_20p.txt;183.29;t1;0;6037.52;false
0.2;0.01;0.02;0.03;0.01;0.02;6;/dados/rmelo/PDPTW-SE/benchmark_multi_island_v5/official_experiments/multistartlp/preliminar/set_01_pt_03/logs/heur_mslp/outputs/csvresults_heur_mslp_bash_4.csv;0;5;1;82;0;0.0;0.5;true;42;2;LR2_2_10_t2_40R_40V_02I_05M;/dados/rmelo/PDPTW-SE/benchmark_multi_island_v5/official_experiments/multistartlp/preliminar/set_01_pt_03/configs/genconfig_mslp.conf;genconfig_mslp;/dados/rmelo/PDPTW-SE/benchmark_multi_island_v5/official_experiments/multistartlp/preliminar/set_01_pt_03/logs/heur_mslp/gurobi/40R_40V_02I_05M/LR2_2_10_grb_genconfig_mslp_seed_31_alpha_20p.log;random;40R_40V_02I_05M;1;0;1;/dados/rmelo/PDPTW-SE/benchmark_multi_island_v5/official_experiments/multistartlp/preliminar/set_01_pt_03/../../../../instances/orig_ams_fg/40R_40V_02I_06M/t2/LR2_2_10/;60000;2159;0;9309.93;81;41;H;50;95;0;100.0;30.0;true;0.95;100.0;1.0;1.0;1.0;1.0;60;M;60000;60000;false;80;0.86;269.32;1.0;40;10;1000000;-1;3600;6.28;0.63;0.95;mslp;heur;0.47;0.92;-1;3600;60000;I;40;0.8;0.1;LR2_2_10;0;/dados/rmelo/PDPTW-SE/benchmark_multi_island_v5/official_experiments/multistartlp/preliminar/set_01_pt_03/logs;0;0;0;0.0;100.0;1;31;/dados/rmelo/PDPTW-SE/benchmark_multi_island_v5/official_experiments/multistartlp/preliminar/set_01_pt_03/logs/heur_mslp/solutions/40R_40V_02I_05M/LR2_2_10_sol_genconfig_mslp_seed_31_alpha_20p.txt;Gurobi;AUTOMATIC;17.55;_bash_4;_seed_31_alpha_20p;3765.33;1;47.42;/dados/rmelo/PDPTW-SE/benchmark_multi_island_v5/official_experiments/multistartlp/preliminar/set_01_pt_03/logs/heur_mslp/timelines/40R_40V_02I_05M/LR2_2_10_timeline_genconfig_mslp_seed_31_alpha_20p.txt;1287.16;t2;0;6433.76;false
0.2;0.09;0.14;0.24;0.0;0.04;5;/dados/rmelo/PDPTW-SE/benchmark_multi_island_v5/official_experiments/multistartlp/preliminar/set_01_pt_03/logs/heur_mslp/outputs/csvresults_heur_mslp_bash_4.csv;0;5;1;82;0;0.0;0.5;true;42;2;LR1_2_10_t1_40R_40V_04I_05M;/dados/rmelo/PDPTW-SE/benchmark_multi_island_v5/official_experiments/multistartlp/preliminar/set_01_pt_03/configs/genconfig_mslp.conf;genconfig_mslp;/dados/rmelo/PDPTW-SE/benchmark_multi_island_v5/official_experiments/multistartlp/preliminar/set_01_pt_03/logs/heur_mslp/gurobi/40R_40V_04I_05M/LR1_2_10_grb_genconfig_mslp_seed_31_alpha_20p.log;random;40R_40V_04I_05M;1;36485;1;/dados/rmelo/PDPTW-SE/benchmark_multi_island_v5/official_experiments/multistartlp/preliminar/set_01_pt_03/../../../../instances/orig_ams_fg/40R_40V_04I_06M/t1/LR1_2_10/;60000;13564;0;5536.27;81;41;H;50;95;0;100.0;30.0;true;0.95;100.0;1.0;1.0;1.0;1.0;60;M;23515;23515;false;72;0.88;175.77;0.93;36;10;1000000;-1;3600;7.23;0.6;0.76;mslp;heur;0.23;0.44;-1;3600;60000;I;40;1.0;0.28;LR1_2_10;0;/dados/rmelo/PDPTW-SE/benchmark_multi_island_v5/official_experiments/multistartlp/preliminar/set_01_pt_03/logs;0;0;0;60.81;100.0;1;31;/dados/rmelo/PDPTW-SE/benchmark_multi_island_v5/official_experiments/multistartlp/preliminar/set_01_pt_03/logs/heur_mslp/solutions/40R_40V_04I_05M/LR1_2_10_sol_genconfig_mslp_seed_31_alpha_20p.txt;Gurobi;AUTOMATIC;17.86;_bash_4;_seed_31_alpha_20p;1699.66;1;154.5;/dados/rmelo/PDPTW-SE/benchmark_multi_island_v5/official_experiments/multistartlp/preliminar/set_01_pt_03/logs/heur_mslp/timelines/40R_40V_04I_05M/LR1_2_10_timeline_genconfig_mslp_seed_31_alpha_20p.txt;679.46;t1;0;4216.81;false
0.2;0.05;0.1;0.15;0.02;0.03;5;/dados/rmelo/PDPTW-SE/benchmark_multi_island_v5/official_experiments/multistartlp/preliminar/set_01_pt_03/logs/heur_mslp/outputs/csvresults_heur_mslp_bash_4.csv;0;5;1;82;0;0.0;0.5;true;42;2;LR2_2_7_t2_40R_40V_04I_05M;/dados/rmelo/PDPTW-SE/benchmark_multi_island_v5/official_experiments/multistartlp/preliminar/set_01_pt_03/configs/genconfig_mslp.conf;genconfig_mslp;/dados/rmelo/PDPTW-SE/benchmark_multi_island_v5/official_experiments/multistartlp/preliminar/set_01_pt_03/logs/heur_mslp/gurobi/40R_40V_04I_05M/LR2_2_7_grb_genconfig_mslp_seed_31_alpha_20p.log;random;40R_40V_04I_05M;1;0;1;/dados/rmelo/PDPTW-SE/benchmark_multi_island_v5/official_experiments/multistartlp/preliminar/set_01_pt_03/../../../../instances/orig_ams_fg/40R_40V_04I_06M/t2/LR2_2_7/;60000;56518;0;8147.58;81;41;H;50;95;0;100.0;30.0;true;0.95;100.0;1.0;1.0;1.0;1.0;60;M;59998;60000;false;78;0.86;188.0;1.0;39;10;1000000;-1;3600;2.56;0.57;0.82;mslp;heur;0.22;0.31;-1;3600;60000;I;40;1.0;0.1;LR2_2_7;0;/dados/rmelo/PDPTW-SE/benchmark_multi_island_v5/official_experiments/multistartlp/preliminar/set_01_pt_03/logs;0;0;0;0.0;100.0;1;31;/dados/rmelo/PDPTW-SE/benchmark_multi_island_v5/official_experiments/multistartlp/preliminar/set_01_pt_03/logs/heur_mslp/solutions/40R_40V_04I_05M/LR2_2_7_sol_genconfig_mslp_seed_31_alpha_20p.txt;Gurobi;AUTOMATIC;17.93;_bash_4;_seed_31_alpha_20p;1533.23;1;3356.05;/dados/rmelo/PDPTW-SE/benchmark_multi_island_v5/official_experiments/multistartlp/preliminar/set_01_pt_03/logs/heur_mslp/timelines/40R_40V_04I_05M/LR2_2_7_timeline_genconfig_mslp_seed_31_alpha_20p.txt;3561.91;t2;0;5769.37;false
0.2;0.03;0.06;0.09;0.01;0.19;0;/dados/rmelo/PDPTW-SE/benchmark_multi_island_v5/official_experiments/multistartlp/preliminar/set_01_pt_03/logs/heur_mslp/outputs/csvresults_heur_mslp_bash_4.csv;0;5;1;122;0;0.0;0.5;false;62;2;LR1_2_6_t1_60R_60V_02I_05M;/dados/rmelo/PDPTW-SE/benchmark_multi_island_v5/official_experiments/multistartlp/preliminar/set_01_pt_03/configs/genconfig_mslp.conf;genconfig_mslp;/dados/rmelo/PDPTW-SE/benchmark_multi_island_v5/official_experiments/multistartlp/preliminar/set_01_pt_03/logs/heur_mslp/gurobi/60R_60V_02I_05M/LR1_2_6_grb_genconfig_mslp_seed_31_alpha_20p.log;random;60R_60V_02I_05M;1;60000;1;/dados/rmelo/PDPTW-SE/benchmark_multi_island_v5/official_experiments/multistartlp/preliminar/set_01_pt_03/../../../../instances/orig_ams_fg/60R_60V_02I_06M/t1/LR1_2_6/;60000;0;0;0.0;121;61;H;50;95;0;100.0;30.0;true;0.95;100.0;1.0;1.0;1.0;1.0;60;M;0;0;false;82;0.96;277.16;0.61;41;10;1000000;-1;3600;0.0;0.63;0.32;mslp;heur;0.45;0.01;-1;3600;60000;I;60;1.0;0.22;LR1_2_6;0;/dados/rmelo/PDPTW-SE/benchmark_multi_island_v5/official_experiments/multistartlp/preliminar/set_01_pt_03/logs;0;0;0;100.0;0.0;1;31;/dados/rmelo/PDPTW-SE/benchmark_multi_island_v5/official_experiments/multistartlp/preliminar/set_01_pt_03/logs/heur_mslp/solutions/60R_60V_02I_05M/LR1_2_6_sol_genconfig_mslp_seed_31_alpha_20p.txt;Gurobi;AUTOMATIC;17.54;_bash_4;_seed_31_alpha_20p;0.0;1;0.0;/dados/rmelo/PDPTW-SE/benchmark_multi_island_v5/official_experiments/multistartlp/preliminar/set_01_pt_03/logs/heur_mslp/timelines/60R_60V_02I_05M/LR1_2_6_timeline_genconfig_mslp_seed_31_alpha_20p.txt;197.81;t1;0;Inf;false
0.2;0.01;0.01;0.02;0.0;0.0;3;/dados/rmelo/PDPTW-SE/benchmark_multi_island_v5/official_experiments/multistartlp/preliminar/set_01_pt_03/logs/heur_mslp/outputs/csvresults_heur_mslp_bash_4.csv;0;5;1;122;0;0.0;0.5;true;62;2;LR2_2_8_t2_60R_60V_02I_05M;/dados/rmelo/PDPTW-SE/benchmark_multi_island_v5/official_experiments/multistartlp/preliminar/set_01_pt_03/configs/genconfig_mslp.conf;genconfig_mslp;/dados/rmelo/PDPTW-SE/benchmark_multi_island_v5/official_experiments/multistartlp/preliminar/set_01_pt_03/logs/heur_mslp/gurobi/60R_60V_02I_05M/LR2_2_8_grb_genconfig_mslp_seed_31_alpha_20p.log;random;60R_60V_02I_05M;1;0;1;/dados/rmelo/PDPTW-SE/benchmark_multi_island_v5/official_experiments/multistartlp/preliminar/set_01_pt_03/../../../../instances/orig_ams_fg/60R_60V_02I_06M/t2/LR2_2_8/;36432;16394;0;9833.23;121;61;H;50;95;0;100.0;30.0;true;0.95;100.0;1.0;1.0;1.0;1.0;60;M;36338;36432;false;80;0.92;227.5;0.96;40;10;1000000;-1;3600;1.81;0.68;0.9;mslp;heur;0.16;0.76;-1;3600;60000;I;60;0.6;0.07;LR2_2_8;0;/dados/rmelo/PDPTW-SE/benchmark_multi_island_v5/official_experiments/multistartlp/preliminar/set_01_pt_03/logs;0;0;0;0.0;99.74;1;31;/dados/rmelo/PDPTW-SE/benchmark_multi_island_v5/official_experiments/multistartlp/preliminar/set_01_pt_03/logs/heur_mslp/solutions/60R_60V_02I_05M/LR2_2_8_sol_genconfig_mslp_seed_31_alpha_20p.txt;Gurobi;AUTOMATIC;17.95;_bash_4;_seed_31_alpha_20p;658.74;1;1622.86;/dados/rmelo/PDPTW-SE/benchmark_multi_island_v5/official_experiments/multistartlp/preliminar/set_01_pt_03/logs/heur_mslp/timelines/60R_60V_02I_05M/LR2_2_8_timeline_genconfig_mslp_seed_31_alpha_20p.txt;3600.05;t2;0;6937.94;false
0.2;0.12;0.17;0.29;0.01;0.09;1;/dados/rmelo/PDPTW-SE/benchmark_multi_island_v5/official_experiments/multistartlp/preliminar/set_01_pt_03/logs/heur_mslp/outputs/csvresults_heur_mslp_bash_4.csv;0;5;1;122;0;0.0;0.5;true;62;2;LR1_2_6_t1_60R_60V_04I_05M;/dados/rmelo/PDPTW-SE/benchmark_multi_island_v5/official_experiments/multistartlp/preliminar/set_01_pt_03/configs/genconfig_mslp.conf;genconfig_mslp;/dados/rmelo/PDPTW-SE/benchmark_multi_island_v5/official_experiments/multistartlp/preliminar/set_01_pt_03/logs/heur_mslp/gurobi/60R_60V_04I_05M/LR1_2_6_grb_genconfig_mslp_seed_31_alpha_20p.log;random;60R_60V_04I_05M;1;59999;1;/dados/rmelo/PDPTW-SE/benchmark_multi_island_v5/official_experiments/multistartlp/preliminar/set_01_pt_03/../../../../instances/orig_ams_fg/60R_60V_04I_06M/t1/LR1_2_6/;60000;1;0;8335.07;121;61;H;50;95;0;100.0;30.0;true;0.95;100.0;1.0;1.0;1.0;1.0;60;M;1;1;false;82;0.93;184.15;0.96;41;10;1000000;-1;3600;5.47;0.57;0.63;mslp;heur;0.25;0.13;-1;3600;60000;I;60;1.0;0.28;LR1_2_6;0;/dados/rmelo/PDPTW-SE/benchmark_multi_island_v5/official_experiments/multistartlp/preliminar/set_01_pt_03/logs;0;0;0;100.0;100.0;1;31;/dados/rmelo/PDPTW-SE/benchmark_multi_island_v5/official_experiments/multistartlp/preliminar/set_01_pt_03/logs/heur_mslp/solutions/60R_60V_04I_05M/LR1_2_6_sol_genconfig_mslp_seed_31_alpha_20p.txt;Gurobi;AUTOMATIC;17.44;_bash_4;_seed_31_alpha_20p;0.05;1;0.06;/dados/rmelo/PDPTW-SE/benchmark_multi_island_v5/official_experiments/multistartlp/preliminar/set_01_pt_03/logs/heur_mslp/timelines/60R_60V_04I_05M/LR1_2_6_timeline_genconfig_mslp_seed_31_alpha_20p.txt;391.38;t1;0;7879.32;false
0.2;0.03;0.06;0.09;0.0;0.01;1;/dados/rmelo/PDPTW-SE/benchmark_multi_island_v5/official_experiments/multistartlp/preliminar/set_01_pt_03/logs/heur_mslp/outputs/csvresults_heur_mslp_bash_4.csv;0;5;1;122;0;0.0;0.5;true;62;2;LR2_2_8_t2_60R_60V_04I_05M;/dados/rmelo/PDPTW-SE/benchmark_multi_island_v5/official_experiments/multistartlp/preliminar/set_01_pt_03/configs/genconfig_mslp.conf;genconfig_mslp;/dados/rmelo/PDPTW-SE/benchmark_multi_island_v5/official_experiments/multistartlp/preliminar/set_01_pt_03/logs/heur_mslp/gurobi/60R_60V_04I_05M/LR2_2_8_grb_genconfig_mslp_seed_31_alpha_20p.log;random;60R_60V_04I_05M;1;0;1;/dados/rmelo/PDPTW-SE/benchmark_multi_island_v5/official_experiments/multistartlp/preliminar/set_01_pt_03/../../../../instances/orig_ams_fg/60R_60V_04I_06M/t2/LR2_2_8/;19842;1;0;9681.26;121;61;H;50;95;0;100.0;30.0;true;0.95;100.0;1.0;1.0;1.0;1.0;60;M;19798;19842;false;80;0.89;181.1;1.0;40;10;1000000;-1;3600;1.14;0.76;0.96;mslp;heur;0.66;0.91;-1;3600;60000;I;60;1.0;0.07;LR2_2_8;0;/dados/rmelo/PDPTW-SE/benchmark_multi_island_v5/official_experiments/multistartlp/preliminar/set_01_pt_03/logs;0;0;0;0.0;99.78;1;31;/dados/rmelo/PDPTW-SE/benchmark_multi_island_v5/official_experiments/multistartlp/preliminar/set_01_pt_03/logs/heur_mslp/solutions/60R_60V_04I_05M/LR2_2_8_sol_genconfig_mslp_seed_31_alpha_20p.txt;Gurobi;AUTOMATIC;17.8;_bash_4;_seed_31_alpha_20p;225.9;1;0.38;/dados/rmelo/PDPTW-SE/benchmark_multi_island_v5/official_experiments/multistartlp/preliminar/set_01_pt_03/logs/heur_mslp/timelines/60R_60V_04I_05M/LR2_2_8_timeline_genconfig_mslp_seed_31_alpha_20p.txt;3600.06;t2;0;7685.41;false
0.2;0.0;0.12;0.12;0.0;0.0;5;/dados/rmelo/PDPTW-SE/benchmark_multi_island_v5/official_experiments/multistartlp/preliminar/set_01_pt_03/logs/heur_mslp/outputs/csvresults_heur_mslp_bash_4.csv;0;3;1;18;0;0.0;0.5;true;10;2;lr109_t1_08R_08V_02I_03M;/dados/rmelo/PDPTW-SE/benchmark_multi_island_v5/official_experiments/multistartlp/preliminar/set_01_pt_03/configs/genconfig_mslp.conf;genconfig_mslp;/dados/rmelo/PDPTW-SE/benchmark_multi_island_v5/official_experiments/multistartlp/preliminar/set_01_pt_03/logs/heur_mslp/gurobi/08R_08V_02I_03M/lr109_grb_genconfig_mslp_seed_38_alpha_20p.log;random;08R_08V_02I_03M;1;0;1;/dados/rmelo/PDPTW-SE/benchmark_multi_island_v5/official_experiments/multistartlp/preliminar/set_01_pt_03/../../../../instances/orig_ams_fg/08R_08V_02I_04M/t1/lr109/;60000;57;0;715.14;17;9;H;50;95;0;100.0;30.0;true;0.95;100.0;1.0;1.0;1.0;1.0;60;M;60000;60000;false;52;0.91;79.5;0.76;26;10;1000000;-1;3600;9.64;0.77;0.57;mslp;heur;0.59;0.35;-1;3600;60000;I;8;0.67;0.38;lr109;0;/dados/rmelo/PDPTW-SE/benchmark_multi_island_v5/official_experiments/multistartlp/preliminar/set_01_pt_03/logs;0;0;0;0.0;100.0;1;38;/dados/rmelo/PDPTW-SE/benchmark_multi_island_v5/official_experiments/multistartlp/preliminar/set_01_pt_03/logs/heur_mslp/solutions/08R_08V_02I_03M/lr109_sol_genconfig_mslp_seed_38_alpha_20p.txt;Gurobi;AUTOMATIC;17.32;_bash_4;_seed_38_alpha_20p;5786.87;1;0.36;/dados/rmelo/PDPTW-SE/benchmark_multi_island_v5/official_experiments/multistartlp/preliminar/set_01_pt_03/logs/heur_mslp/timelines/08R_08V_02I_03M/lr109_timeline_genconfig_mslp_seed_38_alpha_20p.txt;96.09;t1;0;533.17;false
0.2;0.0;0.02;0.02;0.0;0.0;8;/dados/rmelo/PDPTW-SE/benchmark_multi_island_v5/official_experiments/multistartlp/preliminar/set_01_pt_03/logs/heur_mslp/outputs/csvresults_heur_mslp_bash_4.csv;0;3;1;18;0;0.0;0.5;true;10;2;lr209_t2_08R_08V_02I_03M;/dados/rmelo/PDPTW-SE/benchmark_multi_island_v5/official_experiments/multistartlp/preliminar/set_01_pt_03/configs/genconfig_mslp.conf;genconfig_mslp;/dados/rmelo/PDPTW-SE/benchmark_multi_island_v5/official_experiments/multistartlp/preliminar/set_01_pt_03/logs/heur_mslp/gurobi/08R_08V_02I_03M/lr209_grb_genconfig_mslp_seed_38_alpha_20p.log;random;08R_08V_02I_03M;1;0;1;/dados/rmelo/PDPTW-SE/benchmark_multi_island_v5/official_experiments/multistartlp/preliminar/set_01_pt_03/../../../../instances/orig_ams_fg/08R_08V_02I_04M/t2/lr209/;60000;51715;0;1341.96;17;9;H;50;95;0;100.0;30.0;true;0.95;100.0;1.0;1.0;1.0;1.0;60;M;58700;60000;false;46;0.57;79.13;0.82;23;10;1000000;-1;3600;22.19;0.57;0.82;mslp;heur;0.57;0.82;-1;3600;60000;I;8;1.0;0.12;lr209;0;/dados/rmelo/PDPTW-SE/benchmark_multi_island_v5/official_experiments/multistartlp/preliminar/set_01_pt_03/logs;0;0;0;0.0;97.83;1;38;/dados/rmelo/PDPTW-SE/benchmark_multi_island_v5/official_experiments/multistartlp/preliminar/set_01_pt_03/logs/heur_mslp/solutions/08R_08V_02I_03M/lr209_sol_genconfig_mslp_seed_38_alpha_20p.txt;Gurobi;AUTOMATIC;17.91;_bash_4;_seed_38_alpha_20p;13312.97;1;100.96;/dados/rmelo/PDPTW-SE/benchmark_multi_island_v5/official_experiments/multistartlp/preliminar/set_01_pt_03/logs/heur_mslp/timelines/08R_08V_02I_03M/lr209_timeline_genconfig_mslp_seed_38_alpha_20p.txt;116.82;t2;0;573.33;false
0.2;0.1;0.28;0.38;0.0;0.0;4;/dados/rmelo/PDPTW-SE/benchmark_multi_island_v5/official_experiments/multistartlp/preliminar/set_01_pt_03/logs/heur_mslp/outputs/csvresults_heur_mslp_bash_4.csv;0;3;1;18;0;0.0;0.5;true;10;2;lr110_t1_08R_08V_04I_03M;/dados/rmelo/PDPTW-SE/benchmark_multi_island_v5/official_experiments/multistartlp/preliminar/set_01_pt_03/configs/genconfig_mslp.conf;genconfig_mslp;/dados/rmelo/PDPTW-SE/benchmark_multi_island_v5/official_experiments/multistartlp/preliminar/set_01_pt_03/logs/heur_mslp/gurobi/08R_08V_04I_03M/lr110_grb_genconfig_mslp_seed_38_alpha_20p.log;random;08R_08V_04I_03M;1;24656;1;/dados/rmelo/PDPTW-SE/benchmark_multi_island_v5/official_experiments/multistartlp/preliminar/set_01_pt_03/../../../../instances/orig_ams_fg/08R_08V_04I_04M/t1/lr110/;60000;382;0;819.91;17;9;H;50;95;0;100.0;30.0;true;0.95;100.0;1.0;1.0;1.0;1.0;60;M;35344;35344;false;52;0.89;73.43;0.69;26;10;1000000;-1;3600;11.77;0.58;0.5;mslp;heur;0.35;0.15;-1;3600;60000;I;8;1.0;0.62;lr110;0;/dados/rmelo/PDPTW-SE/benchmark_multi_island_v5/official_experiments/multistartlp/preliminar/set_01_pt_03/logs;0;0;0;41.09;100.0;1;38;/dados/rmelo/PDPTW-SE/benchmark_multi_island_v5/official_experiments/multistartlp/preliminar/set_01_pt_03/logs/heur_mslp/solutions/08R_08V_04I_03M/lr110_sol_genconfig_mslp_seed_38_alpha_20p.txt;Gurobi;AUTOMATIC;17.94;_bash_4;_seed_38_alpha_20p;4160.52;1;0.77;/dados/rmelo/PDPTW-SE/benchmark_multi_island_v5/official_experiments/multistartlp/preliminar/set_01_pt_03/logs/heur_mslp/timelines/08R_08V_04I_03M/lr110_timeline_genconfig_mslp_seed_38_alpha_20p.txt;76.74;t1;0;672.2;false
0.2;0.01;0.05;0.07;0.0;0.0;9;/dados/rmelo/PDPTW-SE/benchmark_multi_island_v5/official_experiments/multistartlp/preliminar/set_01_pt_03/logs/heur_mslp/outputs/csvresults_heur_mslp_bash_4.csv;0;3;1;18;0;0.0;0.5;true;10;2;lr209_t2_08R_08V_04I_03M;/dados/rmelo/PDPTW-SE/benchmark_multi_island_v5/official_experiments/multistartlp/preliminar/set_01_pt_03/configs/genconfig_mslp.conf;genconfig_mslp;/dados/rmelo/PDPTW-SE/benchmark_multi_island_v5/official_experiments/multistartlp/preliminar/set_01_pt_03/logs/heur_mslp/gurobi/08R_08V_04I_03M/lr209_grb_genconfig_mslp_seed_38_alpha_20p.log;random;08R_08V_04I_03M;1;0;1;/dados/rmelo/PDPTW-SE/benchmark_multi_island_v5/official_experiments/multistartlp/preliminar/set_01_pt_03/../../../../instances/orig_ams_fg/08R_08V_04I_04M/t2/lr209/;60000;50624;0;831.11;17;9;H;50;95;0;100.0;30.0;true;0.95;100.0;1.0;1.0;1.0;1.0;60;M;59247;60000;false;46;0.56;81.38;0.93;23;10;1000000;-1;3600;22.47;0.31;0.77;mslp;heur;0.07;0.61;-1;3600;60000;I;8;1.0;0.25;lr209;0;/dados/rmelo/PDPTW-SE/benchmark_multi_island_v5/official_experiments/multistartlp/preliminar/set_01_pt_03/logs;0;0;0;0.0;98.74;1;38;/dados/rmelo/PDPTW-SE/benchmark_multi_island_v5/official_experiments/multistartlp/preliminar/set_01_pt_03/logs/heur_mslp/solutions/08R_08V_04I_03M/lr209_sol_genconfig_mslp_seed_38_alpha_20p.txt;Gurobi;AUTOMATIC;17.82;_bash_4;_seed_38_alpha_20p;13479.42;1;136.18;/dados/rmelo/PDPTW-SE/benchmark_multi_island_v5/official_experiments/multistartlp/preliminar/set_01_pt_03/logs/heur_mslp/timelines/08R_08V_04I_03M/lr209_timeline_genconfig_mslp_seed_38_alpha_20p.txt;161.3;t2;0;626.42;false
0.2;0.0;0.07;0.07;0.0;0.0;7;/dados/rmelo/PDPTW-SE/benchmark_multi_island_v5/official_experiments/multistartlp/preliminar/set_01_pt_03/logs/heur_mslp/outputs/csvresults_heur_mslp_bash_4.csv;0;3;1;26;0;0.0;0.5;true;14;2;lr109_t1_12R_12V_02I_03M;/dados/rmelo/PDPTW-SE/benchmark_multi_island_v5/official_experiments/multistartlp/preliminar/set_01_pt_03/configs/genconfig_mslp.conf;genconfig_mslp;/dados/rmelo/PDPTW-SE/benchmark_multi_island_v5/official_experiments/multistartlp/preliminar/set_01_pt_03/logs/heur_mslp/gurobi/12R_12V_02I_03M/lr109_grb_genconfig_mslp_seed_38_alpha_20p.log;random;12R_12V_02I_03M;1;0;1;/dados/rmelo/PDPTW-SE/benchmark_multi_island_v5/official_experiments/multistartlp/preliminar/set_01_pt_03/../../../../instances/orig_ams_fg/12R_12V_02I_04M/t1/lr109/;60000;198;0;918.65;25;13;H;50;95;0;100.0;30.0;true;0.95;100.0;1.0;1.0;1.0;1.0;60;M;60000;60000;false;58;0.83;96.56;0.81;29;10;1000000;-1;3600;8.79;0.79;0.62;mslp;heur;0.73;0.25;-1;3600;60000;I;12;0.67;0.33;lr109;0;/dados/rmelo/PDPTW-SE/benchmark_multi_island_v5/official_experiments/multistartlp/preliminar/set_01_pt_03/logs;0;0;0;0.0;100.0;1;38;/dados/rmelo/PDPTW-SE/benchmark_multi_island_v5/official_experiments/multistartlp/preliminar/set_01_pt_03/logs/heur_mslp/solutions/12R_12V_02I_03M/lr109_sol_genconfig_mslp_seed_38_alpha_20p.txt;Gurobi;AUTOMATIC;17.64;_bash_4;_seed_38_alpha_20p;5274.36;1;0.66;/dados/rmelo/PDPTW-SE/benchmark_multi_island_v5/official_experiments/multistartlp/preliminar/set_01_pt_03/logs/heur_mslp/timelines/12R_12V_02I_03M/lr109_timeline_genconfig_mslp_seed_38_alpha_20p.txt;124.35;t1;0;722.63;false
0.2;0.01;0.02;0.02;0.0;0.0;7;/dados/rmelo/PDPTW-SE/benchmark_multi_island_v5/official_experiments/multistartlp/preliminar/set_01_pt_03/logs/heur_mslp/outputs/csvresults_heur_mslp_bash_4.csv;0;3;1;26;0;0.0;0.5;true;14;2;lr208_t2_12R_12V_02I_03M;/dados/rmelo/PDPTW-SE/benchmark_multi_island_v5/official_experiments/multistartlp/preliminar/set_01_pt_03/configs/genconfig_mslp.conf;genconfig_mslp;/dados/rmelo/PDPTW-SE/benchmark_multi_island_v5/official_experiments/multistartlp/preliminar/set_01_pt_03/logs/heur_mslp/gurobi/12R_12V_02I_03M/lr208_grb_genconfig_mslp_seed_38_alpha_20p.log;random;12R_12V_02I_03M;1;0;1;/dados/rmelo/PDPTW-SE/benchmark_multi_island_v5/official_experiments/multistartlp/preliminar/set_01_pt_03/../../../../instances/orig_ams_fg/12R_12V_02I_04M/t2/lr208/;60000;28137;0;1070.47;25;13;H;50;95;0;100.0;30.0;true;0.95;100.0;1.0;1.0;1.0;1.0;60;M;52787;60000;false;58;0.75;114.02;0.97;29;10;1000000;-1;3600;6.67;0.75;0.97;mslp;heur;0.75;0.97;-1;3600;60000;I;12;0.67;0.08;lr208;0;/dados/rmelo/PDPTW-SE/benchmark_multi_island_v5/official_experiments/multistartlp/preliminar/set_01_pt_03/logs;0;0;0;0.0;87.98;1;38;/dados/rmelo/PDPTW-SE/benchmark_multi_island_v5/official_experiments/multistartlp/preliminar/set_01_pt_03/logs/heur_mslp/solutions/12R_12V_02I_03M/lr208_sol_genconfig_mslp_seed_38_alpha_20p.txt;Gurobi;AUTOMATIC;17.68;_bash_4;_seed_38_alpha_20p;4000.24;1;115.06;/dados/rmelo/PDPTW-SE/benchmark_multi_island_v5/official_experiments/multistartlp/preliminar/set_01_pt_03/logs/heur_mslp/timelines/12R_12V_02I_03M/lr208_timeline_genconfig_mslp_seed_38_alpha_20p.txt;244.61;t2;0;749.61;false
0.2;0.14;0.26;0.4;0.0;0.0;6;/dados/rmelo/PDPTW-SE/benchmark_multi_island_v5/official_experiments/multistartlp/preliminar/set_01_pt_03/logs/heur_mslp/outputs/csvresults_heur_mslp_bash_4.csv;0;3;1;26;0;0.0;0.5;true;14;2;lr110_t1_12R_12V_04I_03M;/dados/rmelo/PDPTW-SE/benchmark_multi_island_v5/official_experiments/multistartlp/preliminar/set_01_pt_03/configs/genconfig_mslp.conf;genconfig_mslp;/dados/rmelo/PDPTW-SE/benchmark_multi_island_v5/official_experiments/multistartlp/preliminar/set_01_pt_03/logs/heur_mslp/gurobi/12R_12V_04I_03M/lr110_grb_genconfig_mslp_seed_38_alpha_20p.log;random;12R_12V_04I_03M;1;12894;1;/dados/rmelo/PDPTW-SE/benchmark_multi_island_v5/official_experiments/multistartlp/preliminar/set_01_pt_03/../../../../instances/orig_ams_fg/12R_12V_04I_04M/t1/lr110/;60000;9231;0;1008.86;25;13;H;50;95;0;100.0;30.0;true;0.95;100.0;1.0;1.0;1.0;1.0;60;M;47106;47106;false;52;0.72;75.02;0.76;26;10;1000000;-1;3600;13.61;0.57;0.45;mslp;heur;0.37;0.15;-1;3600;60000;I;12;1.0;0.5;lr110;0;/dados/rmelo/PDPTW-SE/benchmark_multi_island_v5/official_experiments/multistartlp/preliminar/set_01_pt_03/logs;0;0;0;21.49;100.0;1;38;/dados/rmelo/PDPTW-SE/benchmark_multi_island_v5/official_experiments/multistartlp/preliminar/set_01_pt_03/logs/heur_mslp/solutions/12R_12V_04I_03M/lr110_sol_genconfig_mslp_seed_38_alpha_20p.txt;Gurobi;AUTOMATIC;17.82;_bash_4;_seed_38_alpha_20p;6411.37;1;19.94;/dados/rmelo/PDPTW-SE/benchmark_multi_island_v5/official_experiments/multistartlp/preliminar/set_01_pt_03/logs/heur_mslp/timelines/12R_12V_04I_03M/lr110_timeline_genconfig_mslp_seed_38_alpha_20p.txt;123.66;t1;0;786.88;false
0.2;0.01;0.06;0.08;0.0;0.0;10;/dados/rmelo/PDPTW-SE/benchmark_multi_island_v5/official_experiments/multistartlp/preliminar/set_01_pt_03/logs/heur_mslp/outputs/csvresults_heur_mslp_bash_4.csv;0;3;1;26;0;0.0;0.5;true;14;2;lr207_t2_12R_12V_04I_03M;/dados/rmelo/PDPTW-SE/benchmark_multi_island_v5/official_experiments/multistartlp/preliminar/set_01_pt_03/configs/genconfig_mslp.conf;genconfig_mslp;/dados/rmelo/PDPTW-SE/benchmark_multi_island_v5/official_experiments/multistartlp/preliminar/set_01_pt_03/logs/heur_mslp/gurobi/12R_12V_04I_03M/lr207_grb_genconfig_mslp_seed_38_alpha_20p.log;random;12R_12V_04I_03M;1;0;1;/dados/rmelo/PDPTW-SE/benchmark_multi_island_v5/official_experiments/multistartlp/preliminar/set_01_pt_03/../../../../instances/orig_ams_fg/12R_12V_04I_04M/t2/lr207/;60000;51029;0;1634.99;25;13;H;50;95;0;100.0;30.0;true;0.95;100.0;1.0;1.0;1.0;1.0;60;M;59988;60000;false;40;0.9;90.05;0.97;20;10;1000000;-1;3600;14.62;0.9;0.97;mslp;heur;0.9;0.97;-1;3600;60000;I;12;1.0;0.08;lr207;0;/dados/rmelo/PDPTW-SE/benchmark_multi_island_v5/official_experiments/multistartlp/preliminar/set_01_pt_03/logs;0;0;0;0.0;99.98;1;38;/dados/rmelo/PDPTW-SE/benchmark_multi_island_v5/official_experiments/multistartlp/preliminar/set_01_pt_03/logs/heur_mslp/solutions/12R_12V_04I_03M/lr207_sol_genconfig_mslp_seed_38_alpha_20p.txt;Gurobi;AUTOMATIC;17.91;_bash_4;_seed_38_alpha_20p;8769.92;1;244.29;/dados/rmelo/PDPTW-SE/benchmark_multi_island_v5/official_experiments/multistartlp/preliminar/set_01_pt_03/logs/heur_mslp/timelines/12R_12V_04I_03M/lr207_timeline_genconfig_mslp_seed_38_alpha_20p.txt;286.77;t2;0;900.15;false
0.2;0.06;0.11;0.16;0.0;0.04;1;/dados/rmelo/PDPTW-SE/benchmark_multi_island_v5/official_experiments/multistartlp/preliminar/set_01_pt_03/logs/heur_mslp/outputs/csvresults_heur_mslp_bash_4.csv;0;5;1;82;0;0.0;0.5;true;42;2;LR1_2_6_t1_40R_40V_02I_05M;/dados/rmelo/PDPTW-SE/benchmark_multi_island_v5/official_experiments/multistartlp/preliminar/set_01_pt_03/configs/genconfig_mslp.conf;genconfig_mslp;/dados/rmelo/PDPTW-SE/benchmark_multi_island_v5/official_experiments/multistartlp/preliminar/set_01_pt_03/logs/heur_mslp/gurobi/40R_40V_02I_05M/LR1_2_6_grb_genconfig_mslp_seed_38_alpha_20p.log;random;40R_40V_02I_05M;1;59998;1;/dados/rmelo/PDPTW-SE/benchmark_multi_island_v5/official_experiments/multistartlp/preliminar/set_01_pt_03/../../../../instances/orig_ams_fg/40R_40V_02I_06M/t1/LR1_2_6/;60000;1;0;6866.87;81;41;H;50;95;0;100.0;30.0;true;0.95;100.0;1.0;1.0;1.0;1.0;60;M;2;2;false;72;0.93;213.59;1.0;36;10;1000000;-1;3600;5.12;0.68;0.58;mslp;heur;0.3;0.12;-1;3600;60000;I;40;1.0;0.35;LR1_2_6;0;/dados/rmelo/PDPTW-SE/benchmark_multi_island_v5/official_experiments/multistartlp/preliminar/set_01_pt_03/logs;0;0;0;100.0;100.0;1;38;/dados/rmelo/PDPTW-SE/benchmark_multi_island_v5/official_experiments/multistartlp/preliminar/set_01_pt_03/logs/heur_mslp/solutions/40R_40V_02I_05M/LR1_2_6_sol_genconfig_mslp_seed_38_alpha_20p.txt;Gurobi;AUTOMATIC;17.81;_bash_4;_seed_38_alpha_20p;0.1;1;0.01;/dados/rmelo/PDPTW-SE/benchmark_multi_island_v5/official_experiments/multistartlp/preliminar/set_01_pt_03/logs/heur_mslp/timelines/40R_40V_02I_05M/LR1_2_6_timeline_genconfig_mslp_seed_38_alpha_20p.txt;182.75;t1;0;6037.52;false
0.2;0.01;0.02;0.03;0.0;0.07;7;/dados/rmelo/PDPTW-SE/benchmark_multi_island_v5/official_experiments/multistartlp/preliminar/set_01_pt_03/logs/heur_mslp/outputs/csvresults_heur_mslp_bash_4.csv;0;5;1;82;0;0.0;0.5;true;42;2;LR2_2_10_t2_40R_40V_02I_05M;/dados/rmelo/PDPTW-SE/benchmark_multi_island_v5/official_experiments/multistartlp/preliminar/set_01_pt_03/configs/genconfig_mslp.conf;genconfig_mslp;/dados/rmelo/PDPTW-SE/benchmark_multi_island_v5/official_experiments/multistartlp/preliminar/set_01_pt_03/logs/heur_mslp/gurobi/40R_40V_02I_05M/LR2_2_10_grb_genconfig_mslp_seed_38_alpha_20p.log;random;40R_40V_02I_05M;1;0;1;/dados/rmelo/PDPTW-SE/benchmark_multi_island_v5/official_experiments/multistartlp/preliminar/set_01_pt_03/../../../../instances/orig_ams_fg/40R_40V_02I_06M/t2/LR2_2_10/;60000;28703;0;8319.29;81;41;H;50;95;0;100.0;30.0;true;0.95;100.0;1.0;1.0;1.0;1.0;60;M;60000;60000;false;80;0.9;269.32;1.0;40;10;1000000;-1;3600;6.29;0.5;0.85;mslp;heur;0.05;0.56;-1;3600;60000;I;40;0.8;0.12;LR2_2_10;0;/dados/rmelo/PDPTW-SE/benchmark_multi_island_v5/official_experiments/multistartlp/preliminar/set_01_pt_03/logs;0;0;0;0.0;100.0;1;38;/dados/rmelo/PDPTW-SE/benchmark_multi_island_v5/official_experiments/multistartlp/preliminar/set_01_pt_03/logs/heur_mslp/solutions/40R_40V_02I_05M/LR2_2_10_sol_genconfig_mslp_seed_38_alpha_20p.txt;Gurobi;AUTOMATIC;17.65;_bash_4;_seed_38_alpha_20p;3771.81;1;625.16;/dados/rmelo/PDPTW-SE/benchmark_multi_island_v5/official_experiments/multistartlp/preliminar/set_01_pt_03/logs/heur_mslp/timelines/40R_40V_02I_05M/LR2_2_10_timeline_genconfig_mslp_seed_38_alpha_20p.txt;1301.17;t2;0;6336.12;false
0.2;0.09;0.15;0.24;0.0;0.05;10;/dados/rmelo/PDPTW-SE/benchmark_multi_island_v5/official_experiments/multistartlp/preliminar/set_01_pt_03/logs/heur_mslp/outputs/csvresults_heur_mslp_bash_4.csv;0;5;1;82;0;0.0;0.5;true;42;2;LR1_2_10_t1_40R_40V_04I_05M;/dados/rmelo/PDPTW-SE/benchmark_multi_island_v5/official_experiments/multistartlp/preliminar/set_01_pt_03/configs/genconfig_mslp.conf;genconfig_mslp;/dados/rmelo/PDPTW-SE/benchmark_multi_island_v5/official_experiments/multistartlp/preliminar/set_01_pt_03/logs/heur_mslp/gurobi/40R_40V_04I_05M/LR1_2_10_grb_genconfig_mslp_seed_38_alpha_20p.log;random;40R_40V_04I_05M;1;36207;1;/dados/rmelo/PDPTW-SE/benchmark_multi_island_v5/official_experiments/multistartlp/preliminar/set_01_pt_03/../../../../instances/orig_ams_fg/40R_40V_04I_06M/t1/LR1_2_10/;60000;8975;0;5632.12;81;41;H;50;95;0;100.0;30.0;true;0.95;100.0;1.0;1.0;1.0;1.0;60;M;23793;23793;false;72;0.94;175.77;1.0;36;10;1000000;-1;3600;7.23;0.68;0.79;mslp;heur;0.26;0.38;-1;3600;60000;I;40;1.0;0.25;LR1_2_10;0;/dados/rmelo/PDPTW-SE/benchmark_multi_island_v5/official_experiments/multistartlp/preliminar/set_01_pt_03/logs;0;0;0;60.34;100.0;1;38;/dados/rmelo/PDPTW-SE/benchmark_multi_island_v5/official_experiments/multistartlp/preliminar/set_01_pt_03/logs/heur_mslp/solutions/40R_40V_04I_05M/LR1_2_10_sol_genconfig_mslp_seed_38_alpha_20p.txt;Gurobi;AUTOMATIC;17.68;_bash_4;_seed_38_alpha_20p;1720.38;1;102.33;/dados/rmelo/PDPTW-SE/benchmark_multi_island_v5/official_experiments/multistartlp/preliminar/set_01_pt_03/logs/heur_mslp/timelines/40R_40V_04I_05M/LR1_2_10_timeline_genconfig_mslp_seed_38_alpha_20p.txt;678.84;t1;0;4310.51;false
0.2;0.05;0.08;0.13;0.0;0.0;3;/dados/rmelo/PDPTW-SE/benchmark_multi_island_v5/official_experiments/multistartlp/preliminar/set_01_pt_03/logs/heur_mslp/outputs/csvresults_heur_mslp_bash_4.csv;0;5;1;82;0;0.0;0.5;true;42;2;LR2_2_7_t2_40R_40V_04I_05M;/dados/rmelo/PDPTW-SE/benchmark_multi_island_v5/official_experiments/multistartlp/preliminar/set_01_pt_03/configs/genconfig_mslp.conf;genconfig_mslp;/dados/rmelo/PDPTW-SE/benchmark_multi_island_v5/official_experiments/multistartlp/preliminar/set_01_pt_03/logs/heur_mslp/gurobi/40R_40V_04I_05M/LR2_2_7_grb_genconfig_mslp_seed_38_alpha_20p.log;random;40R_40V_04I_05M;1;0;1;/dados/rmelo/PDPTW-SE/benchmark_multi_island_v5/official_experiments/multistartlp/preliminar/set_01_pt_03/../../../../instances/orig_ams_fg/40R_40V_04I_06M/t2/LR2_2_7/;60000;58057;0;7049.47;81;41;H;50;95;0;100.0;30.0;true;0.95;100.0;1.0;1.0;1.0;1.0;60;M;59997;60000;false;78;0.86;188.0;1.0;39;10;1000000;-1;3600;2.56;0.74;0.98;mslp;heur;0.64;0.95;-1;3600;60000;I;40;1.0;0.08;LR2_2_7;0;/dados/rmelo/PDPTW-SE/benchmark_multi_island_v5/official_experiments/multistartlp/preliminar/set_01_pt_03/logs;0;0;0;0.0;100.0;1;38;/dados/rmelo/PDPTW-SE/benchmark_multi_island_v5/official_experiments/multistartlp/preliminar/set_01_pt_03/logs/heur_mslp/solutions/40R_40V_04I_05M/LR2_2_7_sol_genconfig_mslp_seed_38_alpha_20p.txt;Gurobi;AUTOMATIC;17.59;_bash_4;_seed_38_alpha_20p;1536.86;1;3468.58;/dados/rmelo/PDPTW-SE/benchmark_multi_island_v5/official_experiments/multistartlp/preliminar/set_01_pt_03/logs/heur_mslp/timelines/40R_40V_04I_05M/LR2_2_7_timeline_genconfig_mslp_seed_38_alpha_20p.txt;3584.68;t2;0;5642.3;false
0.2;0.03;0.06;0.09;0.01;0.19;0;/dados/rmelo/PDPTW-SE/benchmark_multi_island_v5/official_experiments/multistartlp/preliminar/set_01_pt_03/logs/heur_mslp/outputs/csvresults_heur_mslp_bash_4.csv;0;5;1;122;0;0.0;0.5;false;62;2;LR1_2_6_t1_60R_60V_02I_05M;/dados/rmelo/PDPTW-SE/benchmark_multi_island_v5/official_experiments/multistartlp/preliminar/set_01_pt_03/configs/genconfig_mslp.conf;genconfig_mslp;/dados/rmelo/PDPTW-SE/benchmark_multi_island_v5/official_experiments/multistartlp/preliminar/set_01_pt_03/logs/heur_mslp/gurobi/60R_60V_02I_05M/LR1_2_6_grb_genconfig_mslp_seed_38_alpha_20p.log;random;60R_60V_02I_05M;1;60000;1;/dados/rmelo/PDPTW-SE/benchmark_multi_island_v5/official_experiments/multistartlp/preliminar/set_01_pt_03/../../../../instances/orig_ams_fg/60R_60V_02I_06M/t1/LR1_2_6/;60000;0;0;0.0;121;61;H;50;95;0;100.0;30.0;true;0.95;100.0;1.0;1.0;1.0;1.0;60;M;0;0;false;82;0.96;277.16;0.61;41;10;1000000;-1;3600;0.0;0.63;0.32;mslp;heur;0.45;0.01;-1;3600;60000;I;60;1.0;0.22;LR1_2_6;0;/dados/rmelo/PDPTW-SE/benchmark_multi_island_v5/official_experiments/multistartlp/preliminar/set_01_pt_03/logs;0;0;0;100.0;0.0;1;38;/dados/rmelo/PDPTW-SE/benchmark_multi_island_v5/official_experiments/multistartlp/preliminar/set_01_pt_03/logs/heur_mslp/solutions/60R_60V_02I_05M/LR1_2_6_sol_genconfig_mslp_seed_38_alpha_20p.txt;Gurobi;AUTOMATIC;17.64;_bash_4;_seed_38_alpha_20p;0.0;1;0.0;/dados/rmelo/PDPTW-SE/benchmark_multi_island_v5/official_experiments/multistartlp/preliminar/set_01_pt_03/logs/heur_mslp/timelines/60R_60V_02I_05M/LR1_2_6_timeline_genconfig_mslp_seed_38_alpha_20p.txt;197.03;t1;0;Inf;false
0.2;0.0;0.01;0.01;0.0;0.0;7;/dados/rmelo/PDPTW-SE/benchmark_multi_island_v5/official_experiments/multistartlp/preliminar/set_01_pt_03/logs/heur_mslp/outputs/csvresults_heur_mslp_bash_4.csv;0;5;1;122;0;0.0;0.5;true;62;2;LR2_2_8_t2_60R_60V_02I_05M;/dados/rmelo/PDPTW-SE/benchmark_multi_island_v5/official_experiments/multistartlp/preliminar/set_01_pt_03/configs/genconfig_mslp.conf;genconfig_mslp;/dados/rmelo/PDPTW-SE/benchmark_multi_island_v5/official_experiments/multistartlp/preliminar/set_01_pt_03/logs/heur_mslp/gurobi/60R_60V_02I_05M/LR2_2_8_grb_genconfig_mslp_seed_38_alpha_20p.log;random;60R_60V_02I_05M;1;0;1;/dados/rmelo/PDPTW-SE/benchmark_multi_island_v5/official_experiments/multistartlp/preliminar/set_01_pt_03/../../../../instances/orig_ams_fg/60R_60V_02I_06M/t2/LR2_2_8/;36758;36523;0;8716.62;121;61;H;50;95;0;100.0;30.0;true;0.95;100.0;1.0;1.0;1.0;1.0;60;M;36672;36758;false;80;0.97;227.5;1.0;40;10;1000000;-1;3600;1.78;0.7;0.97;mslp;heur;0.24;0.93;-1;3600;60000;I;60;0.6;0.07;LR2_2_8;0;/dados/rmelo/PDPTW-SE/benchmark_multi_island_v5/official_experiments/multistartlp/preliminar/set_01_pt_03/logs;0;0;0;0.0;99.77;1;38;/dados/rmelo/PDPTW-SE/benchmark_multi_island_v5/official_experiments/multistartlp/preliminar/set_01_pt_03/logs/heur_mslp/solutions/60R_60V_02I_05M/LR2_2_8_sol_genconfig_mslp_seed_38_alpha_20p.txt;Gurobi;AUTOMATIC;17.82;_bash_4;_seed_38_alpha_20p;653.38;1;3577.18;/dados/rmelo/PDPTW-SE/benchmark_multi_island_v5/official_experiments/multistartlp/preliminar/set_01_pt_03/logs/heur_mslp/timelines/60R_60V_02I_05M/LR2_2_8_timeline_genconfig_mslp_seed_38_alpha_20p.txt;3600.08;t2;0;7122.49;false
0.2;0.12;0.17;0.29;0.01;0.09;1;/dados/rmelo/PDPTW-SE/benchmark_multi_island_v5/official_experiments/multistartlp/preliminar/set_01_pt_03/logs/heur_mslp/outputs/csvresults_heur_mslp_bash_4.csv;0;5;1;122;0;0.0;0.5;true;62;2;LR1_2_6_t1_60R_60V_04I_05M;/dados/rmelo/PDPTW-SE/benchmark_multi_island_v5/official_experiments/multistartlp/preliminar/set_01_pt_03/configs/genconfig_mslp.conf;genconfig_mslp;/dados/rmelo/PDPTW-SE/benchmark_multi_island_v5/official_experiments/multistartlp/preliminar/set_01_pt_03/logs/heur_mslp/gurobi/60R_60V_04I_05M/LR1_2_6_grb_genconfig_mslp_seed_38_alpha_20p.log;random;60R_60V_04I_05M;1;59999;1;/dados/rmelo/PDPTW-SE/benchmark_multi_island_v5/official_experiments/multistartlp/preliminar/set_01_pt_03/../../../../instances/orig_ams_fg/60R_60V_04I_06M/t1/LR1_2_6/;60000;1;0;8335.07;121;61;H;50;95;0;100.0;30.0;true;0.95;100.0;1.0;1.0;1.0;1.0;60;M;1;1;false;82;0.93;184.15;0.96;41;10;1000000;-1;3600;5.47;0.57;0.63;mslp;heur;0.25;0.13;-1;3600;60000;I;60;1.0;0.28;LR1_2_6;0;/dados/rmelo/PDPTW-SE/benchmark_multi_island_v5/official_experiments/multistartlp/preliminar/set_01_pt_03/logs;0;0;0;100.0;100.0;1;38;/dados/rmelo/PDPTW-SE/benchmark_multi_island_v5/official_experiments/multistartlp/preliminar/set_01_pt_03/logs/heur_mslp/solutions/60R_60V_04I_05M/LR1_2_6_sol_genconfig_mslp_seed_38_alpha_20p.txt;Gurobi;AUTOMATIC;17.83;_bash_4;_seed_38_alpha_20p;0.05;1;0.06;/dados/rmelo/PDPTW-SE/benchmark_multi_island_v5/official_experiments/multistartlp/preliminar/set_01_pt_03/logs/heur_mslp/timelines/60R_60V_04I_05M/LR1_2_6_timeline_genconfig_mslp_seed_38_alpha_20p.txt;396.86;t1;0;7879.32;false
0.2;0.02;0.06;0.08;0.0;0.01;3;/dados/rmelo/PDPTW-SE/benchmark_multi_island_v5/official_experiments/multistartlp/preliminar/set_01_pt_03/logs/heur_mslp/outputs/csvresults_heur_mslp_bash_4.csv;0;5;1;122;0;0.0;0.5;true;62;2;LR2_2_8_t2_60R_60V_04I_05M;/dados/rmelo/PDPTW-SE/benchmark_multi_island_v5/official_experiments/multistartlp/preliminar/set_01_pt_03/configs/genconfig_mslp.conf;genconfig_mslp;/dados/rmelo/PDPTW-SE/benchmark_multi_island_v5/official_experiments/multistartlp/preliminar/set_01_pt_03/logs/heur_mslp/gurobi/60R_60V_04I_05M/LR2_2_8_grb_genconfig_mslp_seed_38_alpha_20p.log;random;60R_60V_04I_05M;1;0;1;/dados/rmelo/PDPTW-SE/benchmark_multi_island_v5/official_experiments/multistartlp/preliminar/set_01_pt_03/../../../../instances/orig_ams_fg/60R_60V_04I_06M/t2/LR2_2_8/;20118;8756;0;11307.01;121;61;H;50;95;0;100.0;30.0;true;0.95;100.0;1.0;1.0;1.0;1.0;60;M;20070;20118;false;80;0.84;181.1;1.0;40;10;1000000;-1;3600;1.14;0.74;0.96;mslp;heur;0.61;0.9;-1;3600;60000;I;60;1.0;0.07;LR2_2_8;0;/dados/rmelo/PDPTW-SE/benchmark_multi_island_v5/official_experiments/multistartlp/preliminar/set_01_pt_03/logs;0;0;0;0.0;99.76;1;38;/dados/rmelo/PDPTW-SE/benchmark_multi_island_v5/official_experiments/multistartlp/preliminar/set_01_pt_03/logs/heur_mslp/solutions/60R_60V_04I_05M/LR2_2_8_sol_genconfig_mslp_seed_38_alpha_20p.txt;Gurobi;AUTOMATIC;17.63;_bash_4;_seed_38_alpha_20p;230.0;1;1568.11;/dados/rmelo/PDPTW-SE/benchmark_multi_island_v5/official_experiments/multistartlp/preliminar/set_01_pt_03/logs/heur_mslp/timelines/60R_60V_04I_05M/LR2_2_8_timeline_genconfig_mslp_seed_38_alpha_20p.txt;3600.03;t2;0;7534.1;false
0.2;0.0;0.12;0.12;0.0;0.0;5;/dados/rmelo/PDPTW-SE/benchmark_multi_island_v5/official_experiments/multistartlp/preliminar/set_01_pt_03/logs/heur_mslp/outputs/csvresults_heur_mslp_bash_4.csv;0;3;1;18;0;0.0;0.5;true;10;2;lr109_t1_08R_08V_02I_03M;/dados/rmelo/PDPTW-SE/benchmark_multi_island_v5/official_experiments/multistartlp/preliminar/set_01_pt_03/configs/genconfig_mslp.conf;genconfig_mslp;/dados/rmelo/PDPTW-SE/benchmark_multi_island_v5/official_experiments/multistartlp/preliminar/set_01_pt_03/logs/heur_mslp/gurobi/08R_08V_02I_03M/lr109_grb_genconfig_mslp_seed_45_alpha_20p.log;random;08R_08V_02I_03M;1;0;1;/dados/rmelo/PDPTW-SE/benchmark_multi_island_v5/official_experiments/multistartlp/preliminar/set_01_pt_03/../../../../instances/orig_ams_fg/08R_08V_02I_04M/t1/lr109/;60000;169;0;725.84;17;9;H;50;95;0;100.0;30.0;true;0.95;100.0;1.0;1.0;1.0;1.0;60;M;60000;60000;false;52;0.91;79.5;0.6;26;10;1000000;-1;3600;9.6;0.77;0.52;mslp;heur;0.59;0.35;-1;3600;60000;I;8;0.67;0.38;lr109;0;/dados/rmelo/PDPTW-SE/benchmark_multi_island_v5/official_experiments/multistartlp/preliminar/set_01_pt_03/logs;0;0;0;0.0;100.0;1;45;/dados/rmelo/PDPTW-SE/benchmark_multi_island_v5/official_experiments/multistartlp/preliminar/set_01_pt_03/logs/heur_mslp/solutions/08R_08V_02I_03M/lr109_sol_genconfig_mslp_seed_45_alpha_20p.txt;Gurobi;AUTOMATIC;17.38;_bash_4;_seed_45_alpha_20p;5761.37;1;0.57;/dados/rmelo/PDPTW-SE/benchmark_multi_island_v5/official_experiments/multistartlp/preliminar/set_01_pt_03/logs/heur_mslp/timelines/08R_08V_02I_03M/lr109_timeline_genconfig_mslp_seed_45_alpha_20p.txt;95.07;t1;0;533.17;false
0.2;0.0;0.03;0.03;0.0;0.0;8;/dados/rmelo/PDPTW-SE/benchmark_multi_island_v5/official_experiments/multistartlp/preliminar/set_01_pt_03/logs/heur_mslp/outputs/csvresults_heur_mslp_bash_4.csv;0;3;1;18;0;0.0;0.5;true;10;2;lr209_t2_08R_08V_02I_03M;/dados/rmelo/PDPTW-SE/benchmark_multi_island_v5/official_experiments/multistartlp/preliminar/set_01_pt_03/configs/genconfig_mslp.conf;genconfig_mslp;/dados/rmelo/PDPTW-SE/benchmark_multi_island_v5/official_experiments/multistartlp/preliminar/set_01_pt_03/logs/heur_mslp/gurobi/08R_08V_02I_03M/lr209_grb_genconfig_mslp_seed_45_alpha_20p.log;random;08R_08V_02I_03M;1;0;1;/dados/rmelo/PDPTW-SE/benchmark_multi_island_v5/official_experiments/multistartlp/preliminar/set_01_pt_03/../../../../instances/orig_ams_fg/08R_08V_02I_04M/t2/lr209/;60000;43929;0;773.21;17;9;H;50;95;0;100.0;30.0;true;0.95;100.0;1.0;1.0;1.0;1.0;60;M;58647;60000;false;46;0.57;79.13;0.82;23;10;1000000;-1;3600;22.25;0.57;0.82;mslp;heur;0.57;0.82;-1;3600;60000;I;8;0.67;0.12;lr209;0;/dados/rmelo/PDPTW-SE/benchmark_multi_island_v5/official_experiments/multistartlp/preliminar/set_01_pt_03/logs;0;0;0;0.0;97.74;1;45;/dados/rmelo/PDPTW-SE/benchmark_multi_island_v5/official_experiments/multistartlp/preliminar/set_01_pt_03/logs/heur_mslp/solutions/08R_08V_02I_03M/lr209_sol_genconfig_mslp_seed_45_alpha_20p.txt;Gurobi;AUTOMATIC;17.91;_bash_4;_seed_45_alpha_20p;13352.82;1;85.36;/dados/rmelo/PDPTW-SE/benchmark_multi_island_v5/official_experiments/multistartlp/preliminar/set_01_pt_03/logs/heur_mslp/timelines/08R_08V_02I_03M/lr209_timeline_genconfig_mslp_seed_45_alpha_20p.txt;116.57;t2;0;565.91;false
0.2;0.1;0.28;0.38;0.0;0.0;5;/dados/rmelo/PDPTW-SE/benchmark_multi_island_v5/official_experiments/multistartlp/preliminar/set_01_pt_03/logs/heur_mslp/outputs/csvresults_heur_mslp_bash_4.csv;0;3;1;18;0;0.0;0.5;true;10;2;lr110_t1_08R_08V_04I_03M;/dados/rmelo/PDPTW-SE/benchmark_multi_island_v5/official_experiments/multistartlp/preliminar/set_01_pt_03/configs/genconfig_mslp.conf;genconfig_mslp;/dados/rmelo/PDPTW-SE/benchmark_multi_island_v5/official_experiments/multistartlp/preliminar/set_01_pt_03/logs/heur_mslp/gurobi/08R_08V_04I_03M/lr110_grb_genconfig_mslp_seed_45_alpha_20p.log;random;08R_08V_04I_03M;1;24408;1;/dados/rmelo/PDPTW-SE/benchmark_multi_island_v5/official_experiments/multistartlp/preliminar/set_01_pt_03/../../../../instances/orig_ams_fg/08R_08V_04I_04M/t1/lr110/;60000;640;0;802.28;17;9;H;50;95;0;100.0;30.0;true;0.95;100.0;1.0;1.0;1.0;1.0;60;M;35592;35592;false;52;0.89;73.43;0.69;26;10;1000000;-1;3600;11.78;0.58;0.46;mslp;heur;0.35;0.15;-1;3600;60000;I;8;1.0;0.62;lr110;0;/dados/rmelo/PDPTW-SE/benchmark_multi_island_v5/official_experiments/multistartlp/preliminar/set_01_pt_03/logs;0;0;0;40.68;100.0;1;45;/dados/rmelo/PDPTW-SE/benchmark_multi_island_v5/official_experiments/multistartlp/preliminar/set_01_pt_03/logs/heur_mslp/solutions/08R_08V_04I_03M/lr110_sol_genconfig_mslp_seed_45_alpha_20p.txt;Gurobi;AUTOMATIC;17.71;_bash_4;_seed_45_alpha_20p;4191.04;1;1.09;/dados/rmelo/PDPTW-SE/benchmark_multi_island_v5/official_experiments/multistartlp/preliminar/set_01_pt_03/logs/heur_mslp/timelines/08R_08V_04I_03M/lr110_timeline_genconfig_mslp_seed_45_alpha_20p.txt;75.9;t1;0;672.2;false
0.2;0.01;0.05;0.07;0.0;0.0;9;/dados/rmelo/PDPTW-SE/benchmark_multi_island_v5/official_experiments/multistartlp/preliminar/set_01_pt_03/logs/heur_mslp/outputs/csvresults_heur_mslp_bash_4.csv;0;3;1;18;0;0.0;0.5;true;10;2;lr209_t2_08R_08V_04I_03M;/dados/rmelo/PDPTW-SE/benchmark_multi_island_v5/official_experiments/multistartlp/preliminar/set_01_pt_03/configs/genconfig_mslp.conf;genconfig_mslp;/dados/rmelo/PDPTW-SE/benchmark_multi_island_v5/official_experiments/multistartlp/preliminar/set_01_pt_03/logs/heur_mslp/gurobi/08R_08V_04I_03M/lr209_grb_genconfig_mslp_seed_45_alpha_20p.log;random;08R_08V_04I_03M;1;0;1;/dados/rmelo/PDPTW-SE/benchmark_multi_island_v5/official_experiments/multistartlp/preliminar/set_01_pt_03/../../../../instances/orig_ams_fg/08R_08V_04I_04M/t2/lr209/;60000;26748;0;828.11;17;9;H;50;95;0;100.0;30.0;true;0.95;100.0;1.0;1.0;1.0;1.0;60;M;59253;60000;false;46;0.56;81.38;0.93;23;10;1000000;-1;3600;22.46;0.31;0.77;mslp;heur;0.07;0.61;-1;3600;60000;I;8;1.0;0.25;lr209;0;/dados/rmelo/PDPTW-SE/benchmark_multi_island_v5/official_experiments/multistartlp/preliminar/set_01_pt_03/logs;0;0;0;0.0;98.76;1;45;/dados/rmelo/PDPTW-SE/benchmark_multi_island_v5/official_experiments/multistartlp/preliminar/set_01_pt_03/logs/heur_mslp/solutions/08R_08V_04I_03M/lr209_sol_genconfig_mslp_seed_45_alpha_20p.txt;Gurobi;AUTOMATIC;17.79;_bash_4;_seed_45_alpha_20p;13474.78;1;70.89;/dados/rmelo/PDPTW-SE/benchmark_multi_island_v5/official_experiments/multistartlp/preliminar/set_01_pt_03/logs/heur_mslp/timelines/08R_08V_04I_03M/lr209_timeline_genconfig_mslp_seed_45_alpha_20p.txt;158.38;t2;0;626.42;false
0.2;0.0;0.07;0.07;0.0;0.0;7;/dados/rmelo/PDPTW-SE/benchmark_multi_island_v5/official_experiments/multistartlp/preliminar/set_01_pt_03/logs/heur_mslp/outputs/csvresults_heur_mslp_bash_4.csv;0;3;1;26;0;0.0;0.5;true;14;2;lr109_t1_12R_12V_02I_03M;/dados/rmelo/PDPTW-SE/benchmark_multi_island_v5/official_experiments/multistartlp/preliminar/set_01_pt_03/configs/genconfig_mslp.conf;genconfig_mslp;/dados/rmelo/PDPTW-SE/benchmark_multi_island_v5/official_experiments/multistartlp/preliminar/set_01_pt_03/logs/heur_mslp/gurobi/12R_12V_02I_03M/lr109_grb_genconfig_mslp_seed_45_alpha_20p.log;random;12R_12V_02I_03M;1;0;1;/dados/rmelo/PDPTW-SE/benchmark_multi_island_v5/official_experiments/multistartlp/preliminar/set_01_pt_03/../../../../instances/orig_ams_fg/12R_12V_02I_04M/t1/lr109/;60000;68;0;998.68;25;13;H;50;95;0;100.0;30.0;true;0.95;100.0;1.0;1.0;1.0;1.0;60;M;60000;60000;false;58;0.83;96.56;0.81;29;10;1000000;-1;3600;8.79;0.79;0.59;mslp;heur;0.73;0.25;-1;3600;60000;I;12;0.67;0.33;lr109;0;/dados/rmelo/PDPTW-SE/benchmark_multi_island_v5/official_experiments/multistartlp/preliminar/set_01_pt_03/logs;0;0;0;0.0;100.0;1;45;/dados/rmelo/PDPTW-SE/benchmark_multi_island_v5/official_experiments/multistartlp/preliminar/set_01_pt_03/logs/heur_mslp/solutions/12R_12V_02I_03M/lr109_sol_genconfig_mslp_seed_45_alpha_20p.txt;Gurobi;AUTOMATIC;17.72;_bash_4;_seed_45_alpha_20p;5274.09;1;0.4;/dados/rmelo/PDPTW-SE/benchmark_multi_island_v5/official_experiments/multistartlp/preliminar/set_01_pt_03/logs/heur_mslp/timelines/12R_12V_02I_03M/lr109_timeline_genconfig_mslp_seed_45_alpha_20p.txt;123.85;t1;0;722.63;false
0.2;0.0;0.01;0.02;0.0;0.0;8;/dados/rmelo/PDPTW-SE/benchmark_multi_island_v5/official_experiments/multistartlp/preliminar/set_01_pt_03/logs/heur_mslp/outputs/csvresults_heur_mslp_bash_4.csv;0;3;1;26;0;0.0;0.5;true;14;2;lr208_t2_12R_12V_02I_03M;/dados/rmelo/PDPTW-SE/benchmark_multi_island_v5/official_experiments/multistartlp/preliminar/set_01_pt_03/configs/genconfig_mslp.conf;genconfig_mslp;/dados/rmelo/PDPTW-SE/benchmark_multi_island_v5/official_experiments/multistartlp/preliminar/set_01_pt_03/logs/heur_mslp/gurobi/12R_12V_02I_03M/lr208_grb_genconfig_mslp_seed_45_alpha_20p.log;random;12R_12V_02I_03M;1;0;1;/dados/rmelo/PDPTW-SE/benchmark_multi_island_v5/official_experiments/multistartlp/preliminar/set_01_pt_03/../../../../instances/orig_ams_fg/12R_12V_02I_04M/t2/lr208/;60000;11964;0;1139.7;25;13;H;50;95;0;100.0;30.0;true;0.95;100.0;1.0;1.0;1.0;1.0;60;M;52750;60000;false;58;0.78;114.02;1.0;29;10;1000000;-1;3600;6.69;0.78;1.0;mslp;heur;0.78;1.0;-1;3600;60000;I;12;1.0;0.08;lr208;0;/dados/rmelo/PDPTW-SE/benchmark_multi_island_v5/official_experiments/multistartlp/preliminar/set_01_pt_03/logs;0;0;0;0.0;87.92;1;45;/dados/rmelo/PDPTW-SE/benchmark_multi_island_v5/official_experiments/multistartlp/preliminar/set_01_pt_03/logs/heur_mslp/solutions/12R_12V_02I_03M/lr208_sol_genconfig_mslp_seed_45_alpha_20p.txt;Gurobi;AUTOMATIC;17.64;_bash_4;_seed_45_alpha_20p;4015.41;1;49.66;/dados/rmelo/PDPTW-SE/benchmark_multi_island_v5/official_experiments/multistartlp/preliminar/set_01_pt_03/logs/heur_mslp/timelines/12R_12V_02I_03M/lr208_timeline_genconfig_mslp_seed_45_alpha_20p.txt;243.56;t2;0;778.27;false
0.2;0.14;0.26;0.4;0.0;0.0;11;/dados/rmelo/PDPTW-SE/benchmark_multi_island_v5/official_experiments/multistartlp/preliminar/set_01_pt_03/logs/heur_mslp/outputs/csvresults_heur_mslp_bash_4.csv;0;3;1;26;0;0.0;0.5;true;14;2;lr110_t1_12R_12V_04I_03M;/dados/rmelo/PDPTW-SE/benchmark_multi_island_v5/official_experiments/multistartlp/preliminar/set_01_pt_03/configs/genconfig_mslp.conf;genconfig_mslp;/dados/rmelo/PDPTW-SE/benchmark_multi_island_v5/official_experiments/multistartlp/preliminar/set_01_pt_03/logs/heur_mslp/gurobi/12R_12V_04I_03M/lr110_grb_genconfig_mslp_seed_45_alpha_20p.log;random;12R_12V_04I_03M;1;12868;1;/dados/rmelo/PDPTW-SE/benchmark_multi_island_v5/official_experiments/multistartlp/preliminar/set_01_pt_03/../../../../instances/orig_ams_fg/12R_12V_04I_04M/t1/lr110/;60000;34301;0;1105.93;25;13;H;50;95;0;100.0;30.0;true;0.95;100.0;1.0;1.0;1.0;1.0;60;M;47132;47132;false;52;0.72;75.02;0.76;26;10;1000000;-1;3600;13.63;0.57;0.41;mslp;heur;0.37;0.15;-1;3600;60000;I;12;1.0;0.5;lr110;0;/dados/rmelo/PDPTW-SE/benchmark_multi_island_v5/official_experiments/multistartlp/preliminar/set_01_pt_03/logs;0;0;0;21.45;100.0;1;45;/dados/rmelo/PDPTW-SE/benchmark_multi_island_v5/official_experiments/multistartlp/preliminar/set_01_pt_03/logs/heur_mslp/solutions/12R_12V_04I_03M/lr110_sol_genconfig_mslp_seed_45_alpha_20p.txt;Gurobi;AUTOMATIC;17.98;_bash_4;_seed_45_alpha_20p;6424.45;1;71.93;/dados/rmelo/PDPTW-SE/benchmark_multi_island_v5/official_experiments/multistartlp/preliminar/set_01_pt_03/logs/heur_mslp/timelines/12R_12V_04I_03M/lr110_timeline_genconfig_mslp_seed_45_alpha_20p.txt;124.9;t1;0;789.52;false
0.2;0.02;0.06;0.09;0.0;0.0;10;/dados/rmelo/PDPTW-SE/benchmark_multi_island_v5/official_experiments/multistartlp/preliminar/set_01_pt_03/logs/heur_mslp/outputs/csvresults_heur_mslp_bash_4.csv;0;3;1;26;0;0.0;0.5;true;14;2;lr207_t2_12R_12V_04I_03M;/dados/rmelo/PDPTW-SE/benchmark_multi_island_v5/official_experiments/multistartlp/preliminar/set_01_pt_03/configs/genconfig_mslp.conf;genconfig_mslp;/dados/rmelo/PDPTW-SE/benchmark_multi_island_v5/official_experiments/multistartlp/preliminar/set_01_pt_03/logs/heur_mslp/gurobi/12R_12V_04I_03M/lr207_grb_genconfig_mslp_seed_45_alpha_20p.log;random;12R_12V_04I_03M;1;0;1;/dados/rmelo/PDPTW-SE/benchmark_multi_island_v5/official_experiments/multistartlp/preliminar/set_01_pt_03/../../../../instances/orig_ams_fg/12R_12V_04I_04M/t2/lr207/;60000;34793;0;1443.19;25;13;H;50;95;0;100.0;30.0;true;0.95;100.0;1.0;1.0;1.0;1.0;60;M;59982;60000;false;40;0.87;90.05;0.97;20;10;1000000;-1;3600;14.63;0.87;0.97;mslp;heur;0.87;0.97;-1;3600;60000;I;12;1.0;0.08;lr207;0;/dados/rmelo/PDPTW-SE/benchmark_multi_island_v5/official_experiments/multistartlp/preliminar/set_01_pt_03/logs;0;0;0;0.0;99.97;1;45;/dados/rmelo/PDPTW-SE/benchmark_multi_island_v5/official_experiments/multistartlp/preliminar/set_01_pt_03/logs/heur_mslp/solutions/12R_12V_04I_03M/lr207_sol_genconfig_mslp_seed_45_alpha_20p.txt;Gurobi;AUTOMATIC;17.95;_bash_4;_seed_45_alpha_20p;8779.52;1;168.23;/dados/rmelo/PDPTW-SE/benchmark_multi_island_v5/official_experiments/multistartlp/preliminar/set_01_pt_03/logs/heur_mslp/timelines/12R_12V_04I_03M/lr207_timeline_genconfig_mslp_seed_45_alpha_20p.txt;287.95;t2;0;865.9;false
0.2;0.06;0.11;0.16;0.0;0.04;1;/dados/rmelo/PDPTW-SE/benchmark_multi_island_v5/official_experiments/multistartlp/preliminar/set_01_pt_03/logs/heur_mslp/outputs/csvresults_heur_mslp_bash_4.csv;0;5;1;82;0;0.0;0.5;true;42;2;LR1_2_6_t1_40R_40V_02I_05M;/dados/rmelo/PDPTW-SE/benchmark_multi_island_v5/official_experiments/multistartlp/preliminar/set_01_pt_03/configs/genconfig_mslp.conf;genconfig_mslp;/dados/rmelo/PDPTW-SE/benchmark_multi_island_v5/official_experiments/multistartlp/preliminar/set_01_pt_03/logs/heur_mslp/gurobi/40R_40V_02I_05M/LR1_2_6_grb_genconfig_mslp_seed_45_alpha_20p.log;random;40R_40V_02I_05M;1;59997;1;/dados/rmelo/PDPTW-SE/benchmark_multi_island_v5/official_experiments/multistartlp/preliminar/set_01_pt_03/../../../../instances/orig_ams_fg/40R_40V_02I_06M/t1/LR1_2_6/;60000;1;0;6655.78;81;41;H;50;95;0;100.0;30.0;true;0.95;100.0;1.0;1.0;1.0;1.0;60;M;3;3;false;72;0.93;213.59;1.0;36;10;1000000;-1;3600;4.23;0.68;0.58;mslp;heur;0.3;0.12;-1;3600;60000;I;40;1.0;0.35;LR1_2_6;0;/dados/rmelo/PDPTW-SE/benchmark_multi_island_v5/official_experiments/multistartlp/preliminar/set_01_pt_03/logs;0;0;0;100.0;100.0;1;45;/dados/rmelo/PDPTW-SE/benchmark_multi_island_v5/official_experiments/multistartlp/preliminar/set_01_pt_03/logs/heur_mslp/solutions/40R_40V_02I_05M/LR1_2_6_sol_genconfig_mslp_seed_45_alpha_20p.txt;Gurobi;AUTOMATIC;17.67;_bash_4;_seed_45_alpha_20p;0.13;1;0.01;/dados/rmelo/PDPTW-SE/benchmark_multi_island_v5/official_experiments/multistartlp/preliminar/set_01_pt_03/logs/heur_mslp/timelines/40R_40V_02I_05M/LR1_2_6_timeline_genconfig_mslp_seed_45_alpha_20p.txt;182.45;t1;0;6037.52;false
0.2;0.01;0.03;0.04;0.0;0.06;9;/dados/rmelo/PDPTW-SE/benchmark_multi_island_v5/official_experiments/multistartlp/preliminar/set_01_pt_03/logs/heur_mslp/outputs/csvresults_heur_mslp_bash_4.csv;0;5;1;82;0;0.0;0.5;true;42;2;LR2_2_10_t2_40R_40V_02I_05M;/dados/rmelo/PDPTW-SE/benchmark_multi_island_v5/official_experiments/multistartlp/preliminar/set_01_pt_03/configs/genconfig_mslp.conf;genconfig_mslp;/dados/rmelo/PDPTW-SE/benchmark_multi_island_v5/official_experiments/multistartlp/preliminar/set_01_pt_03/logs/heur_mslp/gurobi/40R_40V_02I_05M/LR2_2_10_grb_genconfig_mslp_seed_45_alpha_20p.log;random;40R_40V_02I_05M;1;0;1;/dados/rmelo/PDPTW-SE/benchmark_multi_island_v5/official_experiments/multistartlp/preliminar/set_01_pt_03/../../../../instances/orig_ams_fg/40R_40V_02I_06M/t2/LR2_2_10/;60000;36492;0;8462.78;81;41;H;50;95;0;100.0;30.0;true;0.95;100.0;1.0;1.0;1.0;1.0;60;M;60000;60000;false;80;0.97;269.32;1.0;40;10;1000000;-1;3600;6.29;0.64;0.99;mslp;heur;0.42;0.96;-1;3600;60000;I;40;0.8;0.1;LR2_2_10;0;/dados/rmelo/PDPTW-SE/benchmark_multi_island_v5/official_experiments/multistartlp/preliminar/set_01_pt_03/logs;0;0;0;0.0;100.0;1;45;/dados/rmelo/PDPTW-SE/benchmark_multi_island_v5/official_experiments/multistartlp/preliminar/set_01_pt_03/logs/heur_mslp/solutions/40R_40V_02I_05M/LR2_2_10_sol_genconfig_mslp_seed_45_alpha_20p.txt;Gurobi;AUTOMATIC;17.99;_bash_4;_seed_45_alpha_20p;3776.57;1;792.57;/dados/rmelo/PDPTW-SE/benchmark_multi_island_v5/official_experiments/multistartlp/preliminar/set_01_pt_03/logs/heur_mslp/timelines/40R_40V_02I_05M/LR2_2_10_timeline_genconfig_mslp_seed_45_alpha_20p.txt;1301.45;t2;0;6498.54;false
0.2;0.09;0.14;0.22;0.0;0.04;15;/dados/rmelo/PDPTW-SE/benchmark_multi_island_v5/official_experiments/multistartlp/preliminar/set_01_pt_03/logs/heur_mslp/outputs/csvresults_heur_mslp_bash_4.csv;0;5;1;82;0;0.0;0.5;true;42;2;LR1_2_10_t1_40R_40V_04I_05M;/dados/rmelo/PDPTW-SE/benchmark_multi_island_v5/official_experiments/multistartlp/preliminar/set_01_pt_03/configs/genconfig_mslp.conf;genconfig_mslp;/dados/rmelo/PDPTW-SE/benchmark_multi_island_v5/official_experiments/multistartlp/preliminar/set_01_pt_03/logs/heur_mslp/gurobi/40R_40V_04I_05M/LR1_2_10_grb_genconfig_mslp_seed_45_alpha_20p.log;random;40R_40V_04I_05M;1;36614;1;/dados/rmelo/PDPTW-SE/benchmark_multi_island_v5/official_experiments/multistartlp/preliminar/set_01_pt_03/../../../../instances/orig_ams_fg/40R_40V_04I_06M/t1/LR1_2_10/;60000;30297;0;5504.36;81;41;H;50;95;0;100.0;30.0;true;0.95;100.0;1.0;1.0;1.0;1.0;60;M;23386;23386;false;72;0.86;175.77;0.99;36;10;1000000;-1;3600;7.22;0.65;0.73;mslp;heur;0.34;0.32;-1;3600;60000;I;40;1.0;0.25;LR1_2_10;0;/dados/rmelo/PDPTW-SE/benchmark_multi_island_v5/official_experiments/multistartlp/preliminar/set_01_pt_03/logs;0;0;0;61.02;100.0;1;45;/dados/rmelo/PDPTW-SE/benchmark_multi_island_v5/official_experiments/multistartlp/preliminar/set_01_pt_03/logs/heur_mslp/solutions/40R_40V_04I_05M/LR1_2_10_sol_genconfig_mslp_seed_45_alpha_20p.txt;Gurobi;AUTOMATIC;17.79;_bash_4;_seed_45_alpha_20p;1688.53;1;343.32;/dados/rmelo/PDPTW-SE/benchmark_multi_island_v5/official_experiments/multistartlp/preliminar/set_01_pt_03/logs/heur_mslp/timelines/40R_40V_04I_05M/LR1_2_10_timeline_genconfig_mslp_seed_45_alpha_20p.txt;678.39;t1;0;4150.5;false
0.2;0.04;0.09;0.13;0.0;0.02;7;/dados/rmelo/PDPTW-SE/benchmark_multi_island_v5/official_experiments/multistartlp/preliminar/set_01_pt_03/logs/heur_mslp/outputs/csvresults_heur_mslp_bash_4.csv;0;5;1;82;0;0.0;0.5;true;42;2;LR2_2_7_t2_40R_40V_04I_05M;/dados/rmelo/PDPTW-SE/benchmark_multi_island_v5/official_experiments/multistartlp/preliminar/set_01_pt_03/configs/genconfig_mslp.conf;genconfig_mslp;/dados/rmelo/PDPTW-SE/benchmark_multi_island_v5/official_experiments/multistartlp/preliminar/set_01_pt_03/logs/heur_mslp/gurobi/40R_40V_04I_05M/LR2_2_7_grb_genconfig_mslp_seed_45_alpha_20p.log;random;40R_40V_04I_05M;1;1;1;/dados/rmelo/PDPTW-SE/benchmark_multi_island_v5/official_experiments/multistartlp/preliminar/set_01_pt_03/../../../../instances/orig_ams_fg/40R_40V_04I_06M/t2/LR2_2_7/;60000;43871;0;6921.82;81;41;H;50;95;0;100.0;30.0;true;0.95;100.0;1.0;1.0;1.0;1.0;60;M;59996;59999;false;78;0.8;188.0;1.0;39;10;1000000;-1;3600;2.56;0.54;0.78;mslp;heur;0.09;0.12;-1;3600;60000;I;40;1.0;0.1;LR2_2_7;0;/dados/rmelo/PDPTW-SE/benchmark_multi_island_v5/official_experiments/multistartlp/preliminar/set_01_pt_03/logs;0;0;0;0.0;100.0;1;45;/dados/rmelo/PDPTW-SE/benchmark_multi_island_v5/official_experiments/multistartlp/preliminar/set_01_pt_03/logs/heur_mslp/solutions/40R_40V_04I_05M/LR2_2_7_sol_genconfig_mslp_seed_45_alpha_20p.txt;Gurobi;AUTOMATIC;17.75;_bash_4;_seed_45_alpha_20p;1537.72;1;2595.44;/dados/rmelo/PDPTW-SE/benchmark_multi_island_v5/official_experiments/multistartlp/preliminar/set_01_pt_03/logs/heur_mslp/timelines/40R_40V_04I_05M/LR2_2_7_timeline_genconfig_mslp_seed_45_alpha_20p.txt;3562.36;t2;0;5512.61;false
0.2;0.03;0.06;0.09;0.01;0.19;0;/dados/rmelo/PDPTW-SE/benchmark_multi_island_v5/official_experiments/multistartlp/preliminar/set_01_pt_03/logs/heur_mslp/outputs/csvresults_heur_mslp_bash_4.csv;0;5;1;122;0;0.0;0.5;false;62;2;LR1_2_6_t1_60R_60V_02I_05M;/dados/rmelo/PDPTW-SE/benchmark_multi_island_v5/official_experiments/multistartlp/preliminar/set_01_pt_03/configs/genconfig_mslp.conf;genconfig_mslp;/dados/rmelo/PDPTW-SE/benchmark_multi_island_v5/official_experiments/multistartlp/preliminar/set_01_pt_03/logs/heur_mslp/gurobi/60R_60V_02I_05M/LR1_2_6_grb_genconfig_mslp_seed_45_alpha_20p.log;random;60R_60V_02I_05M;1;60000;1;/dados/rmelo/PDPTW-SE/benchmark_multi_island_v5/official_experiments/multistartlp/preliminar/set_01_pt_03/../../../../instances/orig_ams_fg/60R_60V_02I_06M/t1/LR1_2_6/;60000;0;0;0.0;121;61;H;50;95;0;100.0;30.0;true;0.95;100.0;1.0;1.0;1.0;1.0;60;M;0;0;false;82;0.96;277.16;0.61;41;10;1000000;-1;3600;0.0;0.63;0.32;mslp;heur;0.45;0.01;-1;3600;60000;I;60;1.0;0.22;LR1_2_6;0;/dados/rmelo/PDPTW-SE/benchmark_multi_island_v5/official_experiments/multistartlp/preliminar/set_01_pt_03/logs;0;0;0;100.0;0.0;1;45;/dados/rmelo/PDPTW-SE/benchmark_multi_island_v5/official_experiments/multistartlp/preliminar/set_01_pt_03/logs/heur_mslp/solutions/60R_60V_02I_05M/LR1_2_6_sol_genconfig_mslp_seed_45_alpha_20p.txt;Gurobi;AUTOMATIC;22.34;_bash_4;_seed_45_alpha_20p;0.0;1;0.0;/dados/rmelo/PDPTW-SE/benchmark_multi_island_v5/official_experiments/multistartlp/preliminar/set_01_pt_03/logs/heur_mslp/timelines/60R_60V_02I_05M/LR1_2_6_timeline_genconfig_mslp_seed_45_alpha_20p.txt;250.3;t1;0;Inf;false
0.2;0.01;0.01;0.02;0.0;0.01;6;/dados/rmelo/PDPTW-SE/benchmark_multi_island_v5/official_experiments/multistartlp/preliminar/set_01_pt_03/logs/heur_mslp/outputs/csvresults_heur_mslp_bash_4.csv;0;5;1;122;0;0.0;0.5;true;62;2;LR2_2_8_t2_60R_60V_02I_05M;/dados/rmelo/PDPTW-SE/benchmark_multi_island_v5/official_experiments/multistartlp/preliminar/set_01_pt_03/configs/genconfig_mslp.conf;genconfig_mslp;/dados/rmelo/PDPTW-SE/benchmark_multi_island_v5/official_experiments/multistartlp/preliminar/set_01_pt_03/logs/heur_mslp/gurobi/60R_60V_02I_05M/LR2_2_8_grb_genconfig_mslp_seed_45_alpha_20p.log;random;60R_60V_02I_05M;1;0;1;/dados/rmelo/PDPTW-SE/benchmark_multi_island_v5/official_experiments/multistartlp/preliminar/set_01_pt_03/../../../../instances/orig_ams_fg/60R_60V_02I_06M/t2/LR2_2_8/;30582;25469;0;8721.12;121;61;H;50;95;0;100.0;30.0;true;0.95;100.0;1.0;1.0;1.0;1.0;60;M;30502;30582;false;80;0.98;227.5;1.0;40;10;1000000;-1;3600;1.79;0.91;0.99;mslp;heur;0.8;0.98;-1;3600;60000;I;60;0.8;0.05;LR2_2_8;0;/dados/rmelo/PDPTW-SE/benchmark_multi_island_v5/official_experiments/multistartlp/preliminar/set_01_pt_03/logs;0;0;0;0.0;99.74;1;45;/dados/rmelo/PDPTW-SE/benchmark_multi_island_v5/official_experiments/multistartlp/preliminar/set_01_pt_03/logs/heur_mslp/solutions/60R_60V_02I_05M/LR2_2_8_sol_genconfig_mslp_seed_45_alpha_20p.txt;Gurobi;AUTOMATIC;21.11;_bash_4;_seed_45_alpha_20p;546.84;1;3005.61;/dados/rmelo/PDPTW-SE/benchmark_multi_island_v5/official_experiments/multistartlp/preliminar/set_01_pt_03/logs/heur_mslp/timelines/60R_60V_02I_05M/LR2_2_8_timeline_genconfig_mslp_seed_45_alpha_20p.txt;3600.04;t2;0;6904.05;false
0.2;0.12;0.17;0.29;0.01;0.09;1;/dados/rmelo/PDPTW-SE/benchmark_multi_island_v5/official_experiments/multistartlp/preliminar/set_01_pt_03/logs/heur_mslp/outputs/csvresults_heur_mslp_bash_4.csv;0;5;1;122;0;0.0;0.5;true;62;2;LR1_2_6_t1_60R_60V_04I_05M;/dados/rmelo/PDPTW-SE/benchmark_multi_island_v5/official_experiments/multistartlp/preliminar/set_01_pt_03/configs/genconfig_mslp.conf;genconfig_mslp;/dados/rmelo/PDPTW-SE/benchmark_multi_island_v5/official_experiments/multistartlp/preliminar/set_01_pt_03/logs/heur_mslp/gurobi/60R_60V_04I_05M/LR1_2_6_grb_genconfig_mslp_seed_45_alpha_20p.log;random;60R_60V_04I_05M;1;59999;1;/dados/rmelo/PDPTW-SE/benchmark_multi_island_v5/official_experiments/multistartlp/preliminar/set_01_pt_03/../../../../instances/orig_ams_fg/60R_60V_04I_06M/t1/LR1_2_6/;60000;1;0;8335.07;121;61;H;50;95;0;100.0;30.0;true;0.95;100.0;1.0;1.0;1.0;1.0;60;M;1;1;false;82;0.93;184.15;0.96;41;10;1000000;-1;3600;5.47;0.57;0.63;mslp;heur;0.25;0.13;-1;3600;60000;I;60;1.0;0.28;LR1_2_6;0;/dados/rmelo/PDPTW-SE/benchmark_multi_island_v5/official_experiments/multistartlp/preliminar/set_01_pt_03/logs;0;0;0;100.0;100.0;1;45;/dados/rmelo/PDPTW-SE/benchmark_multi_island_v5/official_experiments/multistartlp/preliminar/set_01_pt_03/logs/heur_mslp/solutions/60R_60V_04I_05M/LR1_2_6_sol_genconfig_mslp_seed_45_alpha_20p.txt;Gurobi;AUTOMATIC;20.05;_bash_4;_seed_45_alpha_20p;0.05;1;0.06;/dados/rmelo/PDPTW-SE/benchmark_multi_island_v5/official_experiments/multistartlp/preliminar/set_01_pt_03/logs/heur_mslp/timelines/60R_60V_04I_05M/LR1_2_6_timeline_genconfig_mslp_seed_45_alpha_20p.txt;450.42;t1;0;7879.32;false
0.2;0.03;0.06;0.09;0.0;0.01;1;/dados/rmelo/PDPTW-SE/benchmark_multi_island_v5/official_experiments/multistartlp/preliminar/set_01_pt_03/logs/heur_mslp/outputs/csvresults_heur_mslp_bash_4.csv;0;5;1;122;0;0.0;0.5;true;62;2;LR2_2_8_t2_60R_60V_04I_05M;/dados/rmelo/PDPTW-SE/benchmark_multi_island_v5/official_experiments/multistartlp/preliminar/set_01_pt_03/configs/genconfig_mslp.conf;genconfig_mslp;/dados/rmelo/PDPTW-SE/benchmark_multi_island_v5/official_experiments/multistartlp/preliminar/set_01_pt_03/logs/heur_mslp/gurobi/60R_60V_04I_05M/LR2_2_8_grb_genconfig_mslp_seed_45_alpha_20p.log;random;60R_60V_04I_05M;1;0;1;/dados/rmelo/PDPTW-SE/benchmark_multi_island_v5/official_experiments/multistartlp/preliminar/set_01_pt_03/../../../../instances/orig_ams_fg/60R_60V_04I_06M/t2/LR2_2_8/;16964;1;0;9770.77;121;61;H;50;95;0;100.0;30.0;true;0.95;100.0;1.0;1.0;1.0;1.0;60;M;16931;16964;false;80;0.89;181.1;1.0;40;10;1000000;-1;3600;1.13;0.76;0.96;mslp;heur;0.66;0.91;-1;3600;60000;I;60;1.0;0.07;LR2_2_8;0;/dados/rmelo/PDPTW-SE/benchmark_multi_island_v5/official_experiments/multistartlp/preliminar/set_01_pt_03/logs;0;0;0;0.0;99.81;1;45;/dados/rmelo/PDPTW-SE/benchmark_multi_island_v5/official_experiments/multistartlp/preliminar/set_01_pt_03/logs/heur_mslp/solutions/60R_60V_04I_05M/LR2_2_8_sol_genconfig_mslp_seed_45_alpha_20p.txt;Gurobi;AUTOMATIC;20.45;_bash_4;_seed_45_alpha_20p;191.39;1;0.25;/dados/rmelo/PDPTW-SE/benchmark_multi_island_v5/official_experiments/multistartlp/preliminar/set_01_pt_03/logs/heur_mslp/timelines/60R_60V_04I_05M/LR2_2_8_timeline_genconfig_mslp_seed_45_alpha_20p.txt;3600.14;t2;0;7685.41;false
0.2;0.0;0.12;0.12;0.0;0.0;7;/dados/rmelo/PDPTW-SE/benchmark_multi_island_v5/official_experiments/multistartlp/preliminar/set_01_pt_03/logs/heur_mslp/outputs/csvresults_heur_mslp_bash_4.csv;0;3;1;18;0;0.0;0.5;true;10;2;lr109_t1_08R_08V_02I_03M;/dados/rmelo/PDPTW-SE/benchmark_multi_island_v5/official_experiments/multistartlp/preliminar/set_01_pt_03/configs/genconfig_mslp.conf;genconfig_mslp;/dados/rmelo/PDPTW-SE/benchmark_multi_island_v5/official_experiments/multistartlp/preliminar/set_01_pt_03/logs/heur_mslp/gurobi/08R_08V_02I_03M/lr109_grb_genconfig_mslp_seed_52_alpha_20p.log;random;08R_08V_02I_03M;1;0;1;/dados/rmelo/PDPTW-SE/benchmark_multi_island_v5/official_experiments/multistartlp/preliminar/set_01_pt_03/../../../../instances/orig_ams_fg/08R_08V_02I_04M/t1/lr109/;60000;61;0;672.53;17;9;H;50;95;0;100.0;30.0;true;0.95;100.0;1.0;1.0;1.0;1.0;60;M;60000;60000;false;52;0.91;79.5;0.76;26;10;1000000;-1;3600;9.64;0.77;0.53;mslp;heur;0.59;0.23;-1;3600;60000;I;8;0.67;0.38;lr109;0;/dados/rmelo/PDPTW-SE/benchmark_multi_island_v5/official_experiments/multistartlp/preliminar/set_01_pt_03/logs;0;0;0;0.0;100.0;1;52;/dados/rmelo/PDPTW-SE/benchmark_multi_island_v5/official_experiments/multistartlp/preliminar/set_01_pt_03/logs/heur_mslp/solutions/08R_08V_02I_03M/lr109_sol_genconfig_mslp_seed_52_alpha_20p.txt;Gurobi;AUTOMATIC;19.78;_bash_4;_seed_52_alpha_20p;5781.3;1;0.46;/dados/rmelo/PDPTW-SE/benchmark_multi_island_v5/official_experiments/multistartlp/preliminar/set_01_pt_03/logs/heur_mslp/timelines/08R_08V_02I_03M/lr109_timeline_genconfig_mslp_seed_52_alpha_20p.txt;111.36;t1;0;533.17;false
0.2;0.0;0.02;0.02;0.0;0.0;13;/dados/rmelo/PDPTW-SE/benchmark_multi_island_v5/official_experiments/multistartlp/preliminar/set_01_pt_03/logs/heur_mslp/outputs/csvresults_heur_mslp_bash_4.csv;0;3;1;18;0;0.0;0.5;true;10;2;lr209_t2_08R_08V_02I_03M;/dados/rmelo/PDPTW-SE/benchmark_multi_island_v5/official_experiments/multistartlp/preliminar/set_01_pt_03/configs/genconfig_mslp.conf;genconfig_mslp;/dados/rmelo/PDPTW-SE/benchmark_multi_island_v5/official_experiments/multistartlp/preliminar/set_01_pt_03/logs/heur_mslp/gurobi/08R_08V_02I_03M/lr209_grb_genconfig_mslp_seed_52_alpha_20p.log;random;08R_08V_02I_03M;1;0;1;/dados/rmelo/PDPTW-SE/benchmark_multi_island_v5/official_experiments/multistartlp/preliminar/set_01_pt_03/../../../../instances/orig_ams_fg/08R_08V_02I_04M/t2/lr209/;60000;31240;0;1447.67;17;9;H;50;95;0;100.0;30.0;true;0.95;100.0;1.0;1.0;1.0;1.0;60;M;58634;60000;false;46;0.57;79.13;0.82;23;10;1000000;-1;3600;22.23;0.57;0.82;mslp;heur;0.57;0.82;-1;3600;60000;I;8;1.0;0.12;lr209;0;/dados/rmelo/PDPTW-SE/benchmark_multi_island_v5/official_experiments/multistartlp/preliminar/set_01_pt_03/logs;0;0;0;0.0;97.72;1;52;/dados/rmelo/PDPTW-SE/benchmark_multi_island_v5/official_experiments/multistartlp/preliminar/set_01_pt_03/logs/heur_mslp/solutions/08R_08V_02I_03M/lr209_sol_genconfig_mslp_seed_52_alpha_20p.txt;Gurobi;AUTOMATIC;20.15;_bash_4;_seed_52_alpha_20p;13336.96;1;71.19;/dados/rmelo/PDPTW-SE/benchmark_multi_island_v5/official_experiments/multistartlp/preliminar/set_01_pt_03/logs/heur_mslp/timelines/08R_08V_02I_03M/lr209_timeline_genconfig_mslp_seed_52_alpha_20p.txt;134.85;t2;0;573.33;false
0.2;0.1;0.28;0.38;0.0;0.0;6;/dados/rmelo/PDPTW-SE/benchmark_multi_island_v5/official_experiments/multistartlp/preliminar/set_01_pt_03/logs/heur_mslp/outputs/csvresults_heur_mslp_bash_4.csv;0;3;1;18;0;0.0;0.5;true;10;2;lr110_t1_08R_08V_04I_03M;/dados/rmelo/PDPTW-SE/benchmark_multi_island_v5/official_experiments/multistartlp/preliminar/set_01_pt_03/configs/genconfig_mslp.conf;genconfig_mslp;/dados/rmelo/PDPTW-SE/benchmark_multi_island_v5/official_experiments/multistartlp/preliminar/set_01_pt_03/logs/heur_mslp/gurobi/08R_08V_04I_03M/lr110_grb_genconfig_mslp_seed_52_alpha_20p.log;random;08R_08V_04I_03M;1;24418;1;/dados/rmelo/PDPTW-SE/benchmark_multi_island_v5/official_experiments/multistartlp/preliminar/set_01_pt_03/../../../../instances/orig_ams_fg/08R_08V_04I_04M/t1/lr110/;60000;33;0;867.15;17;9;H;50;95;0;100.0;30.0;true;0.95;100.0;1.0;1.0;1.0;1.0;60;M;35582;35582;false;52;0.89;73.43;0.82;26;10;1000000;-1;3600;11.78;0.58;0.5;mslp;heur;0.35;0.12;-1;3600;60000;I;8;1.0;0.62;lr110;0;/dados/rmelo/PDPTW-SE/benchmark_multi_island_v5/official_experiments/multistartlp/preliminar/set_01_pt_03/logs;0;0;0;40.7;100.0;1;52;/dados/rmelo/PDPTW-SE/benchmark_multi_island_v5/official_experiments/multistartlp/preliminar/set_01_pt_03/logs/heur_mslp/solutions/08R_08V_04I_03M/lr110_sol_genconfig_mslp_seed_52_alpha_20p.txt;Gurobi;AUTOMATIC;19.84;_bash_4;_seed_52_alpha_20p;4191.47;1;0.39;/dados/rmelo/PDPTW-SE/benchmark_multi_island_v5/official_experiments/multistartlp/preliminar/set_01_pt_03/logs/heur_mslp/timelines/08R_08V_04I_03M/lr110_timeline_genconfig_mslp_seed_52_alpha_20p.txt;87.47;t1;0;672.2;false
0.2;0.01;0.05;0.07;0.0;0.0;10;/dados/rmelo/PDPTW-SE/benchmark_multi_island_v5/official_experiments/multistartlp/preliminar/set_01_pt_03/logs/heur_mslp/outputs/csvresults_heur_mslp_bash_4.csv;0;3;1;18;0;0.0;0.5;true;10;2;lr209_t2_08R_08V_04I_03M;/dados/rmelo/PDPTW-SE/benchmark_multi_island_v5/official_experiments/multistartlp/preliminar/set_01_pt_03/configs/genconfig_mslp.conf;genconfig_mslp;/dados/rmelo/PDPTW-SE/benchmark_multi_island_v5/official_experiments/multistartlp/preliminar/set_01_pt_03/logs/heur_mslp/gurobi/08R_08V_04I_03M/lr209_grb_genconfig_mslp_seed_52_alpha_20p.log;random;08R_08V_04I_03M;1;0;1;/dados/rmelo/PDPTW-SE/benchmark_multi_island_v5/official_experiments/multistartlp/preliminar/set_01_pt_03/../../../../instances/orig_ams_fg/08R_08V_04I_04M/t2/lr209/;60000;17157;0;1411.39;17;9;H;50;95;0;100.0;30.0;true;0.95;100.0;1.0;1.0;1.0;1.0;60;M;59247;60000;false;46;0.56;81.38;0.93;23;10;1000000;-1;3600;22.47;0.31;0.77;mslp;heur;0.07;0.61;-1;3600;60000;I;8;1.0;0.25;lr209;0;/dados/rmelo/PDPTW-SE/benchmark_multi_island_v5/official_experiments/multistartlp/preliminar/set_01_pt_03/logs;0;0;0;0.0;98.74;1;52;/dados/rmelo/PDPTW-SE/benchmark_multi_island_v5/official_experiments/multistartlp/preliminar/set_01_pt_03/logs/heur_mslp/solutions/08R_08V_04I_03M/lr209_sol_genconfig_mslp_seed_52_alpha_20p.txt;Gurobi;AUTOMATIC;19.97;_bash_4;_seed_52_alpha_20p;13481.67;1;53.19;/dados/rmelo/PDPTW-SE/benchmark_multi_island_v5/official_experiments/multistartlp/preliminar/set_01_pt_03/logs/heur_mslp/timelines/08R_08V_04I_03M/lr209_timeline_genconfig_mslp_seed_52_alpha_20p.txt;182.49;t2;0;626.42;false
0.2;0.0;0.07;0.07;0.0;0.0;13;/dados/rmelo/PDPTW-SE/benchmark_multi_island_v5/official_experiments/multistartlp/preliminar/set_01_pt_03/logs/heur_mslp/outputs/csvresults_heur_mslp_bash_4.csv;0;3;1;26;0;0.0;0.5;true;14;2;lr109_t1_12R_12V_02I_03M;/dados/rmelo/PDPTW-SE/benchmark_multi_island_v5/official_experiments/multistartlp/preliminar/set_01_pt_03/configs/genconfig_mslp.conf;genconfig_mslp;/dados/rmelo/PDPTW-SE/benchmark_multi_island_v5/official_experiments/multistartlp/preliminar/set_01_pt_03/logs/heur_mslp/gurobi/12R_12V_02I_03M/lr109_grb_genconfig_mslp_seed_52_alpha_20p.log;random;12R_12V_02I_03M;1;0;1;/dados/rmelo/PDPTW-SE/benchmark_multi_island_v5/official_experiments/multistartlp/preliminar/set_01_pt_03/../../../../instances/orig_ams_fg/12R_12V_02I_04M/t1/lr109/;60000;1256;0;938.13;25;13;H;50;95;0;100.0;30.0;true;0.95;100.0;1.0;1.0;1.0;1.0;60;M;60000;60000;false;58;0.83;96.56;0.92;29;10;1000000;-1;3600;8.77;0.79;0.61;mslp;heur;0.73;0.25;-1;3600;60000;I;12;0.67;0.33;lr109;0;/dados/rmelo/PDPTW-SE/benchmark_multi_island_v5/official_experiments/multistartlp/preliminar/set_01_pt_03/logs;0;0;0;0.0;100.0;1;52;/dados/rmelo/PDPTW-SE/benchmark_multi_island_v5/official_experiments/multistartlp/preliminar/set_01_pt_03/logs/heur_mslp/solutions/12R_12V_02I_03M/lr109_sol_genconfig_mslp_seed_52_alpha_20p.txt;Gurobi;AUTOMATIC;19.54;_bash_4;_seed_52_alpha_20p;5263.76;1;3.41;/dados/rmelo/PDPTW-SE/benchmark_multi_island_v5/official_experiments/multistartlp/preliminar/set_01_pt_03/logs/heur_mslp/timelines/12R_12V_02I_03M/lr109_timeline_genconfig_mslp_seed_52_alpha_20p.txt;143.39;t1;0;722.63;false
0.2;0.01;0.02;0.02;0.0;0.0;4;/dados/rmelo/PDPTW-SE/benchmark_multi_island_v5/official_experiments/multistartlp/preliminar/set_01_pt_03/logs/heur_mslp/outputs/csvresults_heur_mslp_bash_4.csv;0;3;1;26;0;0.0;0.5;true;14;2;lr208_t2_12R_12V_02I_03M;/dados/rmelo/PDPTW-SE/benchmark_multi_island_v5/official_experiments/multistartlp/preliminar/set_01_pt_03/configs/genconfig_mslp.conf;genconfig_mslp;/dados/rmelo/PDPTW-SE/benchmark_multi_island_v5/official_experiments/multistartlp/preliminar/set_01_pt_03/logs/heur_mslp/gurobi/12R_12V_02I_03M/lr208_grb_genconfig_mslp_seed_52_alpha_20p.log;random;12R_12V_02I_03M;1;0;1;/dados/rmelo/PDPTW-SE/benchmark_multi_island_v5/official_experiments/multistartlp/preliminar/set_01_pt_03/../../../../instances/orig_ams_fg/12R_12V_02I_04M/t2/lr208/;60000;6993;0;1118.85;25;13;H;50;95;0;100.0;30.0;true;0.95;100.0;1.0;1.0;1.0;1.0;60;M;52627;60000;false;58;0.78;114.02;0.85;29;10;1000000;-1;3600;6.67;0.78;0.85;mslp;heur;0.78;0.85;-1;3600;60000;I;12;0.67;0.08;lr208;0;/dados/rmelo/PDPTW-SE/benchmark_multi_island_v5/official_experiments/multistartlp/preliminar/set_01_pt_03/logs;0;0;0;0.0;87.71;1;52;/dados/rmelo/PDPTW-SE/benchmark_multi_island_v5/official_experiments/multistartlp/preliminar/set_01_pt_03/logs/heur_mslp/solutions/12R_12V_02I_03M/lr208_sol_genconfig_mslp_seed_52_alpha_20p.txt;Gurobi;AUTOMATIC;19.52;_bash_4;_seed_52_alpha_20p;4001.8;1;32.73;/dados/rmelo/PDPTW-SE/benchmark_multi_island_v5/official_experiments/multistartlp/preliminar/set_01_pt_03/logs/heur_mslp/timelines/12R_12V_02I_03M/lr208_timeline_genconfig_mslp_seed_52_alpha_20p.txt;271.48;t2;0;780.34;false
0.2;0.14;0.26;0.4;0.0;0.0;10;/dados/rmelo/PDPTW-SE/benchmark_multi_island_v5/official_experiments/multistartlp/preliminar/set_01_pt_03/logs/heur_mslp/outputs/csvresults_heur_mslp_bash_4.csv;0;3;1;26;0;0.0;0.5;true;14;2;lr110_t1_12R_12V_04I_03M;/dados/rmelo/PDPTW-SE/benchmark_multi_island_v5/official_experiments/multistartlp/preliminar/set_01_pt_03/configs/genconfig_mslp.conf;genconfig_mslp;/dados/rmelo/PDPTW-SE/benchmark_multi_island_v5/official_experiments/multistartlp/preliminar/set_01_pt_03/logs/heur_mslp/gurobi/12R_12V_04I_03M/lr110_grb_genconfig_mslp_seed_52_alpha_20p.log;random;12R_12V_04I_03M;1;12760;1;/dados/rmelo/PDPTW-SE/benchmark_multi_island_v5/official_experiments/multistartlp/preliminar/set_01_pt_03/../../../../instances/orig_ams_fg/12R_12V_04I_04M/t1/lr110/;60000;21207;0;1049.77;25;13;H;50;95;0;100.0;30.0;true;0.95;100.0;1.0;1.0;1.0;1.0;60;M;47240;47240;false;52;0.72;75.02;0.85;26;10;1000000;-1;3600;13.63;0.57;0.44;mslp;heur;0.37;0.15;-1;3600;60000;I;12;1.0;0.5;lr110;0;/dados/rmelo/PDPTW-SE/benchmark_multi_island_v5/official_experiments/multistartlp/preliminar/set_01_pt_03/logs;0;0;0;21.27;100.0;1;52;/dados/rmelo/PDPTW-SE/benchmark_multi_island_v5/official_experiments/multistartlp/preliminar/set_01_pt_03/logs/heur_mslp/solutions/12R_12V_04I_03M/lr110_sol_genconfig_mslp_seed_52_alpha_20p.txt;Gurobi;AUTOMATIC;20.4;_bash_4;_seed_52_alpha_20p;6438.93;1;51.17;/dados/rmelo/PDPTW-SE/benchmark_multi_island_v5/official_experiments/multistartlp/preliminar/set_01_pt_03/logs/heur_mslp/timelines/12R_12V_04I_03M/lr110_timeline_genconfig_mslp_seed_52_alpha_20p.txt;144.39;t1;0;786.88;false
0.2;0.01;0.06;0.08;0.0;0.0;12;/dados/rmelo/PDPTW-SE/benchmark_multi_island_v5/official_experiments/multistartlp/preliminar/set_01_pt_03/logs/heur_mslp/outputs/csvresults_heur_mslp_bash_4.csv;0;3;1;26;0;0.0;0.5;true;14;2;lr207_t2_12R_12V_04I_03M;/dados/rmelo/PDPTW-SE/benchmark_multi_island_v5/official_experiments/multistartlp/preliminar/set_01_pt_03/configs/genconfig_mslp.conf;genconfig_mslp;/dados/rmelo/PDPTW-SE/benchmark_multi_island_v5/official_experiments/multistartlp/preliminar/set_01_pt_03/logs/heur_mslp/gurobi/12R_12V_04I_03M/lr207_grb_genconfig_mslp_seed_52_alpha_20p.log;random;12R_12V_04I_03M;1;0;1;/dados/rmelo/PDPTW-SE/benchmark_multi_island_v5/official_experiments/multistartlp/preliminar/set_01_pt_03/../../../../instances/orig_ams_fg/12R_12V_04I_04M/t2/lr207/;60000;21757;0;1417.74;25;13;H;50;95;0;100.0;30.0;true;0.95;100.0;1.0;1.0;1.0;1.0;60;M;59979;60000;false;40;0.9;90.05;0.97;20;10;1000000;-1;3600;14.68;0.9;0.97;mslp;heur;0.9;0.97;-1;3600;60000;I;12;1.0;0.08;lr207;0;/dados/rmelo/PDPTW-SE/benchmark_multi_island_v5/official_experiments/multistartlp/preliminar/set_01_pt_03/logs;0;0;0;0.0;99.96;1;52;/dados/rmelo/PDPTW-SE/benchmark_multi_island_v5/official_experiments/multistartlp/preliminar/set_01_pt_03/logs/heur_mslp/solutions/12R_12V_04I_03M/lr207_sol_genconfig_mslp_seed_52_alpha_20p.txt;Gurobi;AUTOMATIC;20.21;_bash_4;_seed_52_alpha_20p;8808.5;1;118.77;/dados/rmelo/PDPTW-SE/benchmark_multi_island_v5/official_experiments/multistartlp/preliminar/set_01_pt_03/logs/heur_mslp/timelines/12R_12V_04I_03M/lr207_timeline_genconfig_mslp_seed_52_alpha_20p.txt;324.52;t2;0;896.45;false
0.2;0.06;0.11;0.16;0.0;0.04;1;/dados/rmelo/PDPTW-SE/benchmark_multi_island_v5/official_experiments/multistartlp/preliminar/set_01_pt_03/logs/heur_mslp/outputs/csvresults_heur_mslp_bash_4.csv;0;5;1;82;0;0.0;0.5;true;42;2;LR1_2_6_t1_40R_40V_02I_05M;/dados/rmelo/PDPTW-SE/benchmark_multi_island_v5/official_experiments/multistartlp/preliminar/set_01_pt_03/configs/genconfig_mslp.conf;genconfig_mslp;/dados/rmelo/PDPTW-SE/benchmark_multi_island_v5/official_experiments/multistartlp/preliminar/set_01_pt_03/logs/heur_mslp/gurobi/40R_40V_02I_05M/LR1_2_6_grb_genconfig_mslp_seed_52_alpha_20p.log;random;40R_40V_02I_05M;1;59996;1;/dados/rmelo/PDPTW-SE/benchmark_multi_island_v5/official_experiments/multistartlp/preliminar/set_01_pt_03/../../../../instances/orig_ams_fg/40R_40V_02I_06M/t1/LR1_2_6/;60000;1;0;7364.07;81;41;H;50;95;0;100.0;30.0;true;0.95;100.0;1.0;1.0;1.0;1.0;60;M;4;4;false;72;0.93;213.59;1.0;36;10;1000000;-1;3600;5.7;0.68;0.58;mslp;heur;0.3;0.12;-1;3600;60000;I;40;1.0;0.35;LR1_2_6;0;/dados/rmelo/PDPTW-SE/benchmark_multi_island_v5/official_experiments/multistartlp/preliminar/set_01_pt_03/logs;0;0;0;99.99;100.0;1;52;/dados/rmelo/PDPTW-SE/benchmark_multi_island_v5/official_experiments/multistartlp/preliminar/set_01_pt_03/logs/heur_mslp/solutions/40R_40V_02I_05M/LR1_2_6_sol_genconfig_mslp_seed_52_alpha_20p.txt;Gurobi;AUTOMATIC;19.78;_bash_4;_seed_52_alpha_20p;0.23;1;0.01;/dados/rmelo/PDPTW-SE/benchmark_multi_island_v5/official_experiments/multistartlp/preliminar/set_01_pt_03/logs/heur_mslp/timelines/40R_40V_02I_05M/LR1_2_6_timeline_genconfig_mslp_seed_52_alpha_20p.txt;210.75;t1;0;6037.52;false
0.2;0.0;0.02;0.03;0.0;0.1;13;/dados/rmelo/PDPTW-SE/benchmark_multi_island_v5/official_experiments/multistartlp/preliminar/set_01_pt_03/logs/heur_mslp/outputs/csvresults_heur_mslp_bash_4.csv;0;5;1;82;0;0.0;0.5;true;42;2;LR2_2_10_t2_40R_40V_02I_05M;/dados/rmelo/PDPTW-SE/benchmark_multi_island_v5/official_experiments/multistartlp/preliminar/set_01_pt_03/configs/genconfig_mslp.conf;genconfig_mslp;/dados/rmelo/PDPTW-SE/benchmark_multi_island_v5/official_experiments/multistartlp/preliminar/set_01_pt_03/logs/heur_mslp/gurobi/40R_40V_02I_05M/LR2_2_10_grb_genconfig_mslp_seed_52_alpha_20p.log;random;40R_40V_02I_05M;1;0;1;/dados/rmelo/PDPTW-SE/benchmark_multi_island_v5/official_experiments/multistartlp/preliminar/set_01_pt_03/../../../../instances/orig_ams_fg/40R_40V_02I_06M/t2/LR2_2_10/;60000;43205;0;8618.96;81;41;H;50;95;0;100.0;30.0;true;0.95;100.0;1.0;1.0;1.0;1.0;60;M;60000;60000;false;80;0.97;269.32;1.0;40;10;1000000;-1;3600;6.28;0.63;0.96;mslp;heur;0.38;0.91;-1;3600;60000;I;40;0.8;0.1;LR2_2_10;0;/dados/rmelo/PDPTW-SE/benchmark_multi_island_v5/official_experiments/multistartlp/preliminar/set_01_pt_03/logs;0;0;0;0.0;100.0;1;52;/dados/rmelo/PDPTW-SE/benchmark_multi_island_v5/official_experiments/multistartlp/preliminar/set_01_pt_03/logs/heur_mslp/solutions/40R_40V_02I_05M/LR2_2_10_sol_genconfig_mslp_seed_52_alpha_20p.txt;Gurobi;AUTOMATIC;20.0;_bash_4;_seed_52_alpha_20p;3769.37;1;1044.46;/dados/rmelo/PDPTW-SE/benchmark_multi_island_v5/official_experiments/multistartlp/preliminar/set_01_pt_03/logs/heur_mslp/timelines/40R_40V_02I_05M/LR2_2_10_timeline_genconfig_mslp_seed_52_alpha_20p.txt;1409.26;t2;0;6429.9;false
0.2;0.1;0.14;0.24;0.0;0.05;12;/dados/rmelo/PDPTW-SE/benchmark_multi_island_v5/official_experiments/multistartlp/preliminar/set_01_pt_03/logs/heur_mslp/outputs/csvresults_heur_mslp_bash_4.csv;0;5;1;82;0;0.0;0.5;true;42;2;LR1_2_10_t1_40R_40V_04I_05M;/dados/rmelo/PDPTW-SE/benchmark_multi_island_v5/official_experiments/multistartlp/preliminar/set_01_pt_03/configs/genconfig_mslp.conf;genconfig_mslp;/dados/rmelo/PDPTW-SE/benchmark_multi_island_v5/official_experiments/multistartlp/preliminar/set_01_pt_03/logs/heur_mslp/gurobi/40R_40V_04I_05M/LR1_2_10_grb_genconfig_mslp_seed_52_alpha_20p.log;random;40R_40V_04I_05M;1;36227;1;/dados/rmelo/PDPTW-SE/benchmark_multi_island_v5/official_experiments/multistartlp/preliminar/set_01_pt_03/../../../../instances/orig_ams_fg/40R_40V_04I_06M/t1/LR1_2_10/;60000;48771;0;5578.15;81;41;H;50;95;0;100.0;30.0;true;0.95;100.0;1.0;1.0;1.0;1.0;60;M;23773;23773;false;72;0.89;175.77;0.94;36;10;1000000;-1;3600;7.24;0.65;0.77;mslp;heur;0.34;0.36;-1;3600;60000;I;40;1.0;0.25;LR1_2_10;0;/dados/rmelo/PDPTW-SE/benchmark_multi_island_v5/official_experiments/multistartlp/preliminar/set_01_pt_03/logs;0;0;0;60.38;100.0;1;52;/dados/rmelo/PDPTW-SE/benchmark_multi_island_v5/official_experiments/multistartlp/preliminar/set_01_pt_03/logs/heur_mslp/solutions/40R_40V_04I_05M/LR1_2_10_sol_genconfig_mslp_seed_52_alpha_20p.txt;Gurobi;AUTOMATIC;18.13;_bash_4;_seed_52_alpha_20p;1721.64;1;553.96;/dados/rmelo/PDPTW-SE/benchmark_multi_island_v5/official_experiments/multistartlp/preliminar/set_01_pt_03/logs/heur_mslp/timelines/40R_40V_04I_05M/LR1_2_10_timeline_genconfig_mslp_seed_52_alpha_20p.txt;681.29;t1;0;4136.49;false
0.2;0.04;0.08;0.12;0.0;0.03;6;/dados/rmelo/PDPTW-SE/benchmark_multi_island_v5/official_experiments/multistartlp/preliminar/set_01_pt_03/logs/heur_mslp/outputs/csvresults_heur_mslp_bash_4.csv;0;5;1;82;0;0.0;0.5;true;42;2;LR2_2_7_t2_40R_40V_04I_05M;/dados/rmelo/PDPTW-SE/benchmark_multi_island_v5/official_experiments/multistartlp/preliminar/set_01_pt_03/configs/genconfig_mslp.conf;genconfig_mslp;/dados/rmelo/PDPTW-SE/benchmark_multi_island_v5/official_experiments/multistartlp/preliminar/set_01_pt_03/logs/heur_mslp/gurobi/40R_40V_04I_05M/LR2_2_7_grb_genconfig_mslp_seed_52_alpha_20p.log;random;40R_40V_04I_05M;1;0;1;/dados/rmelo/PDPTW-SE/benchmark_multi_island_v5/official_experiments/multistartlp/preliminar/set_01_pt_03/../../../../instances/orig_ams_fg/40R_40V_04I_06M/t2/LR2_2_7/;60000;11661;0;7964.97;81;41;H;50;95;0;100.0;30.0;true;0.95;100.0;1.0;1.0;1.0;1.0;60;M;60000;60000;false;78;0.87;188.0;1.0;39;10;1000000;-1;3600;2.57;0.73;1.0;mslp;heur;0.54;0.99;-1;3600;60000;I;40;1.0;0.08;LR2_2_7;0;/dados/rmelo/PDPTW-SE/benchmark_multi_island_v5/official_experiments/multistartlp/preliminar/set_01_pt_03/logs;0;0;0;0.0;100.0;1;52;/dados/rmelo/PDPTW-SE/benchmark_multi_island_v5/official_experiments/multistartlp/preliminar/set_01_pt_03/logs/heur_mslp/solutions/40R_40V_04I_05M/LR2_2_7_sol_genconfig_mslp_seed_52_alpha_20p.txt;Gurobi;AUTOMATIC;17.55;_bash_4;_seed_52_alpha_20p;1543.35;1;696.46;/dados/rmelo/PDPTW-SE/benchmark_multi_island_v5/official_experiments/multistartlp/preliminar/set_01_pt_03/logs/heur_mslp/timelines/40R_40V_04I_05M/LR2_2_7_timeline_genconfig_mslp_seed_52_alpha_20p.txt;3570.97;t2;0;5550.54;false
0.2;0.03;0.06;0.09;0.01;0.19;0;/dados/rmelo/PDPTW-SE/benchmark_multi_island_v5/official_experiments/multistartlp/preliminar/set_01_pt_03/logs/heur_mslp/outputs/csvresults_heur_mslp_bash_4.csv;0;5;1;122;0;0.0;0.5;false;62;2;LR1_2_6_t1_60R_60V_02I_05M;/dados/rmelo/PDPTW-SE/benchmark_multi_island_v5/official_experiments/multistartlp/preliminar/set_01_pt_03/configs/genconfig_mslp.conf;genconfig_mslp;/dados/rmelo/PDPTW-SE/benchmark_multi_island_v5/official_experiments/multistartlp/preliminar/set_01_pt_03/logs/heur_mslp/gurobi/60R_60V_02I_05M/LR1_2_6_grb_genconfig_mslp_seed_52_alpha_20p.log;random;60R_60V_02I_05M;1;60000;1;/dados/rmelo/PDPTW-SE/benchmark_multi_island_v5/official_experiments/multistartlp/preliminar/set_01_pt_03/../../../../instances/orig_ams_fg/60R_60V_02I_06M/t1/LR1_2_6/;60000;0;0;0.0;121;61;H;50;95;0;100.0;30.0;true;0.95;100.0;1.0;1.0;1.0;1.0;60;M;0;0;false;82;0.96;277.16;0.61;41;10;1000000;-1;3600;0.0;0.63;0.32;mslp;heur;0.45;0.01;-1;3600;60000;I;60;1.0;0.22;LR1_2_6;0;/dados/rmelo/PDPTW-SE/benchmark_multi_island_v5/official_experiments/multistartlp/preliminar/set_01_pt_03/logs;0;0;0;100.0;0.0;1;52;/dados/rmelo/PDPTW-SE/benchmark_multi_island_v5/official_experiments/multistartlp/preliminar/set_01_pt_03/logs/heur_mslp/solutions/60R_60V_02I_05M/LR1_2_6_sol_genconfig_mslp_seed_52_alpha_20p.txt;Gurobi;AUTOMATIC;17.56;_bash_4;_seed_52_alpha_20p;0.0;1;0.0;/dados/rmelo/PDPTW-SE/benchmark_multi_island_v5/official_experiments/multistartlp/preliminar/set_01_pt_03/logs/heur_mslp/timelines/60R_60V_02I_05M/LR1_2_6_timeline_genconfig_mslp_seed_52_alpha_20p.txt;199.5;t1;0;Inf;false
0.2;0.0;0.01;0.01;0.0;0.0;3;/dados/rmelo/PDPTW-SE/benchmark_multi_island_v5/official_experiments/multistartlp/preliminar/set_01_pt_03/logs/heur_mslp/outputs/csvresults_heur_mslp_bash_4.csv;0;5;1;122;0;0.0;0.5;true;62;2;LR2_2_8_t2_60R_60V_02I_05M;/dados/rmelo/PDPTW-SE/benchmark_multi_island_v5/official_experiments/multistartlp/preliminar/set_01_pt_03/configs/genconfig_mslp.conf;genconfig_mslp;/dados/rmelo/PDPTW-SE/benchmark_multi_island_v5/official_experiments/multistartlp/preliminar/set_01_pt_03/logs/heur_mslp/gurobi/60R_60V_02I_05M/LR2_2_8_grb_genconfig_mslp_seed_52_alpha_20p.log;random;60R_60V_02I_05M;1;0;1;/dados/rmelo/PDPTW-SE/benchmark_multi_island_v5/official_experiments/multistartlp/preliminar/set_01_pt_03/../../../../instances/orig_ams_fg/60R_60V_02I_06M/t2/LR2_2_8/;36594;7750;0;9458.44;121;61;H;50;95;0;100.0;30.0;true;0.95;100.0;1.0;1.0;1.0;1.0;60;M;36515;36594;false;80;0.92;227.5;1.0;40;10;1000000;-1;3600;1.77;0.71;0.94;mslp;heur;0.39;0.79;-1;3600;60000;I;60;0.6;0.07;LR2_2_8;0;/dados/rmelo/PDPTW-SE/benchmark_multi_island_v5/official_experiments/multistartlp/preliminar/set_01_pt_03/logs;0;0;0;0.0;99.78;1;52;/dados/rmelo/PDPTW-SE/benchmark_multi_island_v5/official_experiments/multistartlp/preliminar/set_01_pt_03/logs/heur_mslp/solutions/60R_60V_02I_05M/LR2_2_8_sol_genconfig_mslp_seed_52_alpha_20p.txt;Gurobi;AUTOMATIC;17.8;_bash_4;_seed_52_alpha_20p;647.94;1;763.22;/dados/rmelo/PDPTW-SE/benchmark_multi_island_v5/official_experiments/multistartlp/preliminar/set_01_pt_03/logs/heur_mslp/timelines/60R_60V_02I_05M/LR2_2_8_timeline_genconfig_mslp_seed_52_alpha_20p.txt;3600.02;t2;0;7196.81;false
0.2;0.12;0.17;0.29;0.01;0.09;1;/dados/rmelo/PDPTW-SE/benchmark_multi_island_v5/official_experiments/multistartlp/preliminar/set_01_pt_03/logs/heur_mslp/outputs/csvresults_heur_mslp_bash_4.csv;0;5;1;122;0;0.0;0.5;true;62;2;LR1_2_6_t1_60R_60V_04I_05M;/dados/rmelo/PDPTW-SE/benchmark_multi_island_v5/official_experiments/multistartlp/preliminar/set_01_pt_03/configs/genconfig_mslp.conf;genconfig_mslp;/dados/rmelo/PDPTW-SE/benchmark_multi_island_v5/official_experiments/multistartlp/preliminar/set_01_pt_03/logs/heur_mslp/gurobi/60R_60V_04I_05M/LR1_2_6_grb_genconfig_mslp_seed_52_alpha_20p.log;random;60R_60V_04I_05M;1;59999;1;/dados/rmelo/PDPTW-SE/benchmark_multi_island_v5/official_experiments/multistartlp/preliminar/set_01_pt_03/../../../../instances/orig_ams_fg/60R_60V_04I_06M/t1/LR1_2_6/;60000;1;0;8335.07;121;61;H;50;95;0;100.0;30.0;true;0.95;100.0;1.0;1.0;1.0;1.0;60;M;1;1;false;82;0.93;184.15;0.96;41;10;1000000;-1;3600;5.47;0.57;0.63;mslp;heur;0.25;0.13;-1;3600;60000;I;60;1.0;0.28;LR1_2_6;0;/dados/rmelo/PDPTW-SE/benchmark_multi_island_v5/official_experiments/multistartlp/preliminar/set_01_pt_03/logs;0;0;0;100.0;100.0;1;52;/dados/rmelo/PDPTW-SE/benchmark_multi_island_v5/official_experiments/multistartlp/preliminar/set_01_pt_03/logs/heur_mslp/solutions/60R_60V_04I_05M/LR1_2_6_sol_genconfig_mslp_seed_52_alpha_20p.txt;Gurobi;AUTOMATIC;17.67;_bash_4;_seed_52_alpha_20p;0.05;1;0.05;/dados/rmelo/PDPTW-SE/benchmark_multi_island_v5/official_experiments/multistartlp/preliminar/set_01_pt_03/logs/heur_mslp/timelines/60R_60V_04I_05M/LR1_2_6_timeline_genconfig_mslp_seed_52_alpha_20p.txt;387.52;t1;0;7879.32;false
0.2;0.04;0.06;0.1;0.0;0.01;2;/dados/rmelo/PDPTW-SE/benchmark_multi_island_v5/official_experiments/multistartlp/preliminar/set_01_pt_03/logs/heur_mslp/outputs/csvresults_heur_mslp_bash_4.csv;0;5;1;122;0;0.0;0.5;true;62;2;LR2_2_8_t2_60R_60V_04I_05M;/dados/rmelo/PDPTW-SE/benchmark_multi_island_v5/official_experiments/multistartlp/preliminar/set_01_pt_03/configs/genconfig_mslp.conf;genconfig_mslp;/dados/rmelo/PDPTW-SE/benchmark_multi_island_v5/official_experiments/multistartlp/preliminar/set_01_pt_03/logs/heur_mslp/gurobi/60R_60V_04I_05M/LR2_2_8_grb_genconfig_mslp_seed_52_alpha_20p.log;random;60R_60V_04I_05M;1;0;1;/dados/rmelo/PDPTW-SE/benchmark_multi_island_v5/official_experiments/multistartlp/preliminar/set_01_pt_03/../../../../instances/orig_ams_fg/60R_60V_04I_06M/t2/LR2_2_8/;20023;16126;0;9995.7;121;61;H;50;95;0;100.0;30.0;true;0.95;100.0;1.0;1.0;1.0;1.0;60;M;19975;20023;false;80;0.86;181.1;0.98;40;10;1000000;-1;3600;1.12;0.6;0.88;mslp;heur;0.1;0.59;-1;3600;60000;I;60;1.0;0.08;LR2_2_8;0;/dados/rmelo/PDPTW-SE/benchmark_multi_island_v5/official_experiments/multistartlp/preliminar/set_01_pt_03/logs;0;0;0;0.0;99.76;1;52;/dados/rmelo/PDPTW-SE/benchmark_multi_island_v5/official_experiments/multistartlp/preliminar/set_01_pt_03/logs/heur_mslp/solutions/60R_60V_04I_05M/LR2_2_8_sol_genconfig_mslp_seed_52_alpha_20p.txt;Gurobi;AUTOMATIC;17.9;_bash_4;_seed_52_alpha_20p;225.26;1;2903.42;/dados/rmelo/PDPTW-SE/benchmark_multi_island_v5/official_experiments/multistartlp/preliminar/set_01_pt_03/logs/heur_mslp/timelines/60R_60V_04I_05M/LR2_2_8_timeline_genconfig_mslp_seed_52_alpha_20p.txt;3600.04;t2;0;7664.06;false
0.2;0.0;0.12;0.12;0.0;0.0;3;/dados/rmelo/PDPTW-SE/benchmark_multi_island_v5/official_experiments/multistartlp/preliminar/set_01_pt_03/logs/heur_mslp/outputs/csvresults_heur_mslp_bash_4.csv;0;3;1;18;0;0.0;0.5;true;10;2;lr109_t1_08R_08V_02I_03M;/dados/rmelo/PDPTW-SE/benchmark_multi_island_v5/official_experiments/multistartlp/preliminar/set_01_pt_03/configs/genconfig_mslp.conf;genconfig_mslp;/dados/rmelo/PDPTW-SE/benchmark_multi_island_v5/official_experiments/multistartlp/preliminar/set_01_pt_03/logs/heur_mslp/gurobi/08R_08V_02I_03M/lr109_grb_genconfig_mslp_seed_59_alpha_20p.log;random;08R_08V_02I_03M;1;0;1;/dados/rmelo/PDPTW-SE/benchmark_multi_island_v5/official_experiments/multistartlp/preliminar/set_01_pt_03/../../../../instances/orig_ams_fg/08R_08V_02I_04M/t1/lr109/;60000;134;0;703.71;17;9;H;50;95;0;100.0;30.0;true;0.95;100.0;1.0;1.0;1.0;1.0;60;M;60000;60000;false;52;0.91;79.5;0.5;26;10;1000000;-1;3600;9.62;0.77;0.43;mslp;heur;0.59;0.28;-1;3600;60000;I;8;0.67;0.38;lr109;0;/dados/rmelo/PDPTW-SE/benchmark_multi_island_v5/official_experiments/multistartlp/preliminar/set_01_pt_03/logs;0;0;0;0.0;100.0;1;59;/dados/rmelo/PDPTW-SE/benchmark_multi_island_v5/official_experiments/multistartlp/preliminar/set_01_pt_03/logs/heur_mslp/solutions/08R_08V_02I_03M/lr109_sol_genconfig_mslp_seed_59_alpha_20p.txt;Gurobi;AUTOMATIC;17.33;_bash_4;_seed_59_alpha_20p;5774.97;1;0.49;/dados/rmelo/PDPTW-SE/benchmark_multi_island_v5/official_experiments/multistartlp/preliminar/set_01_pt_03/logs/heur_mslp/timelines/08R_08V_02I_03M/lr109_timeline_genconfig_mslp_seed_59_alpha_20p.txt;96.69;t1;0;533.17;false
0.2;0.0;0.03;0.03;0.0;0.0;11;/dados/rmelo/PDPTW-SE/benchmark_multi_island_v5/official_experiments/multistartlp/preliminar/set_01_pt_03/logs/heur_mslp/outputs/csvresults_heur_mslp_bash_4.csv;0;3;1;18;0;0.0;0.5;true;10;2;lr209_t2_08R_08V_02I_03M;/dados/rmelo/PDPTW-SE/benchmark_multi_island_v5/official_experiments/multistartlp/preliminar/set_01_pt_03/configs/genconfig_mslp.conf;genconfig_mslp;/dados/rmelo/PDPTW-SE/benchmark_multi_island_v5/official_experiments/multistartlp/preliminar/set_01_pt_03/logs/heur_mslp/gurobi/08R_08V_02I_03M/lr209_grb_genconfig_mslp_seed_59_alpha_20p.log;random;08R_08V_02I_03M;1;0;1;/dados/rmelo/PDPTW-SE/benchmark_multi_island_v5/official_experiments/multistartlp/preliminar/set_01_pt_03/../../../../instances/orig_ams_fg/08R_08V_02I_04M/t2/lr209/;60000;43847;0;806.17;17;9;H;50;95;0;100.0;30.0;true;0.95;100.0;1.0;1.0;1.0;1.0;60;M;58643;60000;false;46;0.57;79.13;0.82;23;10;1000000;-1;3600;22.14;0.57;0.82;mslp;heur;0.57;0.82;-1;3600;60000;I;8;0.67;0.12;lr209;0;/dados/rmelo/PDPTW-SE/benchmark_multi_island_v5/official_experiments/multistartlp/preliminar/set_01_pt_03/logs;0;0;0;0.0;97.74;1;59;/dados/rmelo/PDPTW-SE/benchmark_multi_island_v5/official_experiments/multistartlp/preliminar/set_01_pt_03/logs/heur_mslp/solutions/08R_08V_02I_03M/lr209_sol_genconfig_mslp_seed_59_alpha_20p.txt;Gurobi;AUTOMATIC;18.09;_bash_4;_seed_59_alpha_20p;13286.5;1;85.45;/dados/rmelo/PDPTW-SE/benchmark_multi_island_v5/official_experiments/multistartlp/preliminar/set_01_pt_03/logs/heur_mslp/timelines/08R_08V_02I_03M/lr209_timeline_genconfig_mslp_seed_59_alpha_20p.txt;117.08;t2;0;565.91;false
0.2;0.1;0.28;0.38;0.0;0.0;6;/dados/rmelo/PDPTW-SE/benchmark_multi_island_v5/official_experiments/multistartlp/preliminar/set_01_pt_03/logs/heur_mslp/outputs/csvresults_heur_mslp_bash_4.csv;0;3;1;18;0;0.0;0.5;true;10;2;lr110_t1_08R_08V_04I_03M;/dados/rmelo/PDPTW-SE/benchmark_multi_island_v5/official_experiments/multistartlp/preliminar/set_01_pt_03/configs/genconfig_mslp.conf;genconfig_mslp;/dados/rmelo/PDPTW-SE/benchmark_multi_island_v5/official_experiments/multistartlp/preliminar/set_01_pt_03/logs/heur_mslp/gurobi/08R_08V_04I_03M/lr110_grb_genconfig_mslp_seed_59_alpha_20p.log;random;08R_08V_04I_03M;1;24578;1;/dados/rmelo/PDPTW-SE/benchmark_multi_island_v5/official_experiments/multistartlp/preliminar/set_01_pt_03/../../../../instances/orig_ams_fg/08R_08V_04I_04M/t1/lr110/;60000;72;0;834.07;17;9;H;50;95;0;100.0;30.0;true;0.95;100.0;1.0;1.0;1.0;1.0;60;M;35422;35422;false;52;0.89;73.43;0.82;26;10;1000000;-1;3600;11.79;0.58;0.47;mslp;heur;0.35;0.15;-1;3600;60000;I;8;1.0;0.62;lr110;0;/dados/rmelo/PDPTW-SE/benchmark_multi_island_v5/official_experiments/multistartlp/preliminar/set_01_pt_03/logs;0;0;0;40.96;100.0;1;59;/dados/rmelo/PDPTW-SE/benchmark_multi_island_v5/official_experiments/multistartlp/preliminar/set_01_pt_03/logs/heur_mslp/solutions/08R_08V_04I_03M/lr110_sol_genconfig_mslp_seed_59_alpha_20p.txt;Gurobi;AUTOMATIC;17.8;_bash_4;_seed_59_alpha_20p;4177.26;1;0.36;/dados/rmelo/PDPTW-SE/benchmark_multi_island_v5/official_experiments/multistartlp/preliminar/set_01_pt_03/logs/heur_mslp/timelines/08R_08V_04I_03M/lr110_timeline_genconfig_mslp_seed_59_alpha_20p.txt;75.62;t1;0;672.2;false
0.2;0.01;0.05;0.07;0.0;0.0;11;/dados/rmelo/PDPTW-SE/benchmark_multi_island_v5/official_experiments/multistartlp/preliminar/set_01_pt_03/logs/heur_mslp/outputs/csvresults_heur_mslp_bash_4.csv;0;3;1;18;0;0.0;0.5;true;10;2;lr209_t2_08R_08V_04I_03M;/dados/rmelo/PDPTW-SE/benchmark_multi_island_v5/official_experiments/multistartlp/preliminar/set_01_pt_03/configs/genconfig_mslp.conf;genconfig_mslp;/dados/rmelo/PDPTW-SE/benchmark_multi_island_v5/official_experiments/multistartlp/preliminar/set_01_pt_03/logs/heur_mslp/gurobi/08R_08V_04I_03M/lr209_grb_genconfig_mslp_seed_59_alpha_20p.log;random;08R_08V_04I_03M;1;0;1;/dados/rmelo/PDPTW-SE/benchmark_multi_island_v5/official_experiments/multistartlp/preliminar/set_01_pt_03/../../../../instances/orig_ams_fg/08R_08V_04I_04M/t2/lr209/;60000;31926;0;1333.35;17;9;H;50;95;0;100.0;30.0;true;0.95;100.0;1.0;1.0;1.0;1.0;60;M;59281;60000;false;46;0.56;81.38;0.93;23;10;1000000;-1;3600;22.47;0.31;0.72;mslp;heur;0.07;0.5;-1;3600;60000;I;8;1.0;0.25;lr209;0;/dados/rmelo/PDPTW-SE/benchmark_multi_island_v5/official_experiments/multistartlp/preliminar/set_01_pt_03/logs;0;0;0;0.0;98.8;1;59;/dados/rmelo/PDPTW-SE/benchmark_multi_island_v5/official_experiments/multistartlp/preliminar/set_01_pt_03/logs/heur_mslp/solutions/08R_08V_04I_03M/lr209_sol_genconfig_mslp_seed_59_alpha_20p.txt;Gurobi;AUTOMATIC;17.71;_bash_4;_seed_59_alpha_20p;13482.86;1;85.61;/dados/rmelo/PDPTW-SE/benchmark_multi_island_v5/official_experiments/multistartlp/preliminar/set_01_pt_03/logs/heur_mslp/timelines/08R_08V_04I_03M/lr209_timeline_genconfig_mslp_seed_59_alpha_20p.txt;159.37;t2;0;626.42;false
0.2;0.0;0.07;0.07;0.0;0.0;10;/dados/rmelo/PDPTW-SE/benchmark_multi_island_v5/official_experiments/multistartlp/preliminar/set_01_pt_03/logs/heur_mslp/outputs/csvresults_heur_mslp_bash_4.csv;0;3;1;26;0;0.0;0.5;true;14;2;lr109_t1_12R_12V_02I_03M;/dados/rmelo/PDPTW-SE/benchmark_multi_island_v5/official_experiments/multistartlp/preliminar/set_01_pt_03/configs/genconfig_mslp.conf;genconfig_mslp;/dados/rmelo/PDPTW-SE/benchmark_multi_island_v5/official_experiments/multistartlp/preliminar/set_01_pt_03/logs/heur_mslp/gurobi/12R_12V_02I_03M/lr109_grb_genconfig_mslp_seed_59_alpha_20p.log;random;12R_12V_02I_03M;1;0;1;/dados/rmelo/PDPTW-SE/benchmark_multi_island_v5/official_experiments/multistartlp/preliminar/set_01_pt_03/../../../../instances/orig_ams_fg/12R_12V_02I_04M/t1/lr109/;60000;7593;0;994.57;25;13;H;50;95;0;100.0;30.0;true;0.95;100.0;1.0;1.0;1.0;1.0;60;M;60000;60000;false;58;0.83;96.56;0.98;29;10;1000000;-1;3600;8.76;0.79;0.71;mslp;heur;0.73;0.25;-1;3600;60000;I;12;0.67;0.33;lr109;0;/dados/rmelo/PDPTW-SE/benchmark_multi_island_v5/official_experiments/multistartlp/preliminar/set_01_pt_03/logs;0;0;0;0.0;100.0;1;59;/dados/rmelo/PDPTW-SE/benchmark_multi_island_v5/official_experiments/multistartlp/preliminar/set_01_pt_03/logs/heur_mslp/solutions/12R_12V_02I_03M/lr109_sol_genconfig_mslp_seed_59_alpha_20p.txt;Gurobi;AUTOMATIC;17.73;_bash_4;_seed_59_alpha_20p;5256.81;1;16.27;/dados/rmelo/PDPTW-SE/benchmark_multi_island_v5/official_experiments/multistartlp/preliminar/set_01_pt_03/logs/heur_mslp/timelines/12R_12V_02I_03M/lr109_timeline_genconfig_mslp_seed_59_alpha_20p.txt;125.53;t1;0;722.63;false
0.2;0.01;0.02;0.02;0.0;0.0;7;/dados/rmelo/PDPTW-SE/benchmark_multi_island_v5/official_experiments/multistartlp/preliminar/set_01_pt_03/logs/heur_mslp/outputs/csvresults_heur_mslp_bash_4.csv;0;3;1;26;0;0.0;0.5;true;14;2;lr208_t2_12R_12V_02I_03M;/dados/rmelo/PDPTW-SE/benchmark_multi_island_v5/official_experiments/multistartlp/preliminar/set_01_pt_03/configs/genconfig_mslp.conf;genconfig_mslp;/dados/rmelo/PDPTW-SE/benchmark_multi_island_v5/official_experiments/multistartlp/preliminar/set_01_pt_03/logs/heur_mslp/gurobi/12R_12V_02I_03M/lr208_grb_genconfig_mslp_seed_59_alpha_20p.log;random;12R_12V_02I_03M;1;0;1;/dados/rmelo/PDPTW-SE/benchmark_multi_island_v5/official_experiments/multistartlp/preliminar/set_01_pt_03/../../../../instances/orig_ams_fg/12R_12V_02I_04M/t2/lr208/;60000;35476;0;1287.2;25;13;H;50;95;0;100.0;30.0;true;0.95;100.0;1.0;1.0;1.0;1.0;60;M;52801;60000;false;58;0.78;114.02;0.97;29;10;1000000;-1;3600;6.68;0.78;0.97;mslp;heur;0.78;0.97;-1;3600;60000;I;12;0.67;0.08;lr208;0;/dados/rmelo/PDPTW-SE/benchmark_multi_island_v5/official_experiments/multistartlp/preliminar/set_01_pt_03/logs;0;0;0;0.0;88.0;1;59;/dados/rmelo/PDPTW-SE/benchmark_multi_island_v5/official_experiments/multistartlp/preliminar/set_01_pt_03/logs/heur_mslp/solutions/12R_12V_02I_03M/lr208_sol_genconfig_mslp_seed_59_alpha_20p.txt;Gurobi;AUTOMATIC;17.85;_bash_4;_seed_59_alpha_20p;4007.88;1;145.53;/dados/rmelo/PDPTW-SE/benchmark_multi_island_v5/official_experiments/multistartlp/preliminar/set_01_pt_03/logs/heur_mslp/timelines/12R_12V_02I_03M/lr208_timeline_genconfig_mslp_seed_59_alpha_20p.txt;244.85;t2;0;783.96;false
0.2;0.14;0.26;0.4;0.0;0.0;8;/dados/rmelo/PDPTW-SE/benchmark_multi_island_v5/official_experiments/multistartlp/preliminar/set_01_pt_03/logs/heur_mslp/outputs/csvresults_heur_mslp_bash_4.csv;0;3;1;26;0;0.0;0.5;true;14;2;lr110_t1_12R_12V_04I_03M;/dados/rmelo/PDPTW-SE/benchmark_multi_island_v5/official_experiments/multistartlp/preliminar/set_01_pt_03/configs/genconfig_mslp.conf;genconfig_mslp;/dados/rmelo/PDPTW-SE/benchmark_multi_island_v5/official_experiments/multistartlp/preliminar/set_01_pt_03/logs/heur_mslp/gurobi/12R_12V_04I_03M/lr110_grb_genconfig_mslp_seed_59_alpha_20p.log;random;12R_12V_04I_03M;1;13033;1;/dados/rmelo/PDPTW-SE/benchmark_multi_island_v5/official_experiments/multistartlp/preliminar/set_01_pt_03/../../../../instances/orig_ams_fg/12R_12V_04I_04M/t1/lr110/;60000;7640;0;1009.15;25;13;H;50;95;0;100.0;30.0;true;0.95;100.0;1.0;1.0;1.0;1.0;60;M;46967;46967;false;52;0.72;75.02;0.67;26;10;1000000;-1;3600;13.62;0.57;0.41;mslp;heur;0.37;0.15;-1;3600;60000;I;12;1.0;0.5;lr110;0;/dados/rmelo/PDPTW-SE/benchmark_multi_island_v5/official_experiments/multistartlp/preliminar/set_01_pt_03/logs;0;0;0;21.72;100.0;1;59;/dados/rmelo/PDPTW-SE/benchmark_multi_island_v5/official_experiments/multistartlp/preliminar/set_01_pt_03/logs/heur_mslp/solutions/12R_12V_04I_03M/lr110_sol_genconfig_mslp_seed_59_alpha_20p.txt;Gurobi;AUTOMATIC;17.68;_bash_4;_seed_59_alpha_20p;6398.45;1;16.04;/dados/rmelo/PDPTW-SE/benchmark_multi_island_v5/official_experiments/multistartlp/preliminar/set_01_pt_03/logs/heur_mslp/timelines/12R_12V_04I_03M/lr110_timeline_genconfig_mslp_seed_59_alpha_20p.txt;124.32;t1;0;786.88;false
0.2;0.02;0.06;0.09;0.0;0.0;17;/dados/rmelo/PDPTW-SE/benchmark_multi_island_v5/official_experiments/multistartlp/preliminar/set_01_pt_03/logs/heur_mslp/outputs/csvresults_heur_mslp_bash_4.csv;0;3;1;26;0;0.0;0.5;true;14;2;lr207_t2_12R_12V_04I_03M;/dados/rmelo/PDPTW-SE/benchmark_multi_island_v5/official_experiments/multistartlp/preliminar/set_01_pt_03/configs/genconfig_mslp.conf;genconfig_mslp;/dados/rmelo/PDPTW-SE/benchmark_multi_island_v5/official_experiments/multistartlp/preliminar/set_01_pt_03/logs/heur_mslp/gurobi/12R_12V_04I_03M/lr207_grb_genconfig_mslp_seed_59_alpha_20p.log;random;12R_12V_04I_03M;1;0;1;/dados/rmelo/PDPTW-SE/benchmark_multi_island_v5/official_experiments/multistartlp/preliminar/set_01_pt_03/../../../../instances/orig_ams_fg/12R_12V_04I_04M/t2/lr207/;60000;55874;0;1436.91;25;13;H;50;95;0;100.0;30.0;true;0.95;100.0;1.0;1.0;1.0;1.0;60;M;59977;60000;false;40;0.91;90.05;0.97;20;10;1000000;-1;3600;14.63;0.91;0.97;mslp;heur;0.91;0.97;-1;3600;60000;I;12;1.0;0.08;lr207;0;/dados/rmelo/PDPTW-SE/benchmark_multi_island_v5/official_experiments/multistartlp/preliminar/set_01_pt_03/logs;0;0;0;0.0;99.96;1;59;/dados/rmelo/PDPTW-SE/benchmark_multi_island_v5/official_experiments/multistartlp/preliminar/set_01_pt_03/logs/heur_mslp/solutions/12R_12V_04I_03M/lr207_sol_genconfig_mslp_seed_59_alpha_20p.txt;Gurobi;AUTOMATIC;17.69;_bash_4;_seed_59_alpha_20p;8779.29;1;267.05;/dados/rmelo/PDPTW-SE/benchmark_multi_island_v5/official_experiments/multistartlp/preliminar/set_01_pt_03/logs/heur_mslp/timelines/12R_12V_04I_03M/lr207_timeline_genconfig_mslp_seed_59_alpha_20p.txt;286.66;t2;0;908.58;false
0.2;0.06;0.11;0.16;0.0;0.04;1;/dados/rmelo/PDPTW-SE/benchmark_multi_island_v5/official_experiments/multistartlp/preliminar/set_01_pt_03/logs/heur_mslp/outputs/csvresults_heur_mslp_bash_4.csv;0;5;1;82;0;0.0;0.5;true;42;2;LR1_2_6_t1_40R_40V_02I_05M;/dados/rmelo/PDPTW-SE/benchmark_multi_island_v5/official_experiments/multistartlp/preliminar/set_01_pt_03/configs/genconfig_mslp.conf;genconfig_mslp;/dados/rmelo/PDPTW-SE/benchmark_multi_island_v5/official_experiments/multistartlp/preliminar/set_01_pt_03/logs/heur_mslp/gurobi/40R_40V_02I_05M/LR1_2_6_grb_genconfig_mslp_seed_59_alpha_20p.log;random;40R_40V_02I_05M;1;59996;1;/dados/rmelo/PDPTW-SE/benchmark_multi_island_v5/official_experiments/multistartlp/preliminar/set_01_pt_03/../../../../instances/orig_ams_fg/40R_40V_02I_06M/t1/LR1_2_6/;60000;1;0;7026.93;81;41;H;50;95;0;100.0;30.0;true;0.95;100.0;1.0;1.0;1.0;1.0;60;M;4;4;false;72;0.93;213.59;1.0;36;10;1000000;-1;3600;5.48;0.68;0.58;mslp;heur;0.3;0.12;-1;3600;60000;I;40;1.0;0.35;LR1_2_6;0;/dados/rmelo/PDPTW-SE/benchmark_multi_island_v5/official_experiments/multistartlp/preliminar/set_01_pt_03/logs;0;0;0;99.99;100.0;1;59;/dados/rmelo/PDPTW-SE/benchmark_multi_island_v5/official_experiments/multistartlp/preliminar/set_01_pt_03/logs/heur_mslp/solutions/40R_40V_02I_05M/LR1_2_6_sol_genconfig_mslp_seed_59_alpha_20p.txt;Gurobi;AUTOMATIC;17.84;_bash_4;_seed_59_alpha_20p;0.22;1;0.01;/dados/rmelo/PDPTW-SE/benchmark_multi_island_v5/official_experiments/multistartlp/preliminar/set_01_pt_03/logs/heur_mslp/timelines/40R_40V_02I_05M/LR1_2_6_timeline_genconfig_mslp_seed_59_alpha_20p.txt;185.07;t1;0;6037.52;false
0.2;0.01;0.03;0.03;0.0;0.01;9;/dados/rmelo/PDPTW-SE/benchmark_multi_island_v5/official_experiments/multistartlp/preliminar/set_01_pt_03/logs/heur_mslp/outputs/csvresults_heur_mslp_bash_4.csv;0;5;1;82;0;0.0;0.5;true;42;2;LR2_2_10_t2_40R_40V_02I_05M;/dados/rmelo/PDPTW-SE/benchmark_multi_island_v5/official_experiments/multistartlp/preliminar/set_01_pt_03/configs/genconfig_mslp.conf;genconfig_mslp;/dados/rmelo/PDPTW-SE/benchmark_multi_island_v5/official_experiments/multistartlp/preliminar/set_01_pt_03/logs/heur_mslp/gurobi/40R_40V_02I_05M/LR2_2_10_grb_genconfig_mslp_seed_59_alpha_20p.log;random;40R_40V_02I_05M;1;0;1;/dados/rmelo/PDPTW-SE/benchmark_multi_island_v5/official_experiments/multistartlp/preliminar/set_01_pt_03/../../../../instances/orig_ams_fg/40R_40V_02I_06M/t2/LR2_2_10/;60000;43975;0;9226.42;81;41;H;50;95;0;100.0;30.0;true;0.95;100.0;1.0;1.0;1.0;1.0;60;M;60000;60000;false;80;0.93;269.32;1.0;40;10;1000000;-1;3600;6.29;0.51;0.91;mslp;heur;0.1;0.74;-1;3600;60000;I;40;0.8;0.12;LR2_2_10;0;/dados/rmelo/PDPTW-SE/benchmark_multi_island_v5/official_experiments/multistartlp/preliminar/set_01_pt_03/logs;0;0;0;0.0;100.0;1;59;/dados/rmelo/PDPTW-SE/benchmark_multi_island_v5/official_experiments/multistartlp/preliminar/set_01_pt_03/logs/heur_mslp/solutions/40R_40V_02I_05M/LR2_2_10_sol_genconfig_mslp_seed_59_alpha_20p.txt;Gurobi;AUTOMATIC;17.74;_bash_4;_seed_59_alpha_20p;3772.88;1;958.01;/dados/rmelo/PDPTW-SE/benchmark_multi_island_v5/official_experiments/multistartlp/preliminar/set_01_pt_03/logs/heur_mslp/timelines/40R_40V_02I_05M/LR2_2_10_timeline_genconfig_mslp_seed_59_alpha_20p.txt;1306.25;t2;0;6450.51;false
0.2;0.09;0.14;0.23;0.01;0.02;9;/dados/rmelo/PDPTW-SE/benchmark_multi_island_v5/official_experiments/multistartlp/preliminar/set_01_pt_03/logs/heur_mslp/outputs/csvresults_heur_mslp_bash_4.csv;0;5;1;82;0;0.0;0.5;true;42;2;LR1_2_10_t1_40R_40V_04I_05M;/dados/rmelo/PDPTW-SE/benchmark_multi_island_v5/official_experiments/multistartlp/preliminar/set_01_pt_03/configs/genconfig_mslp.conf;genconfig_mslp;/dados/rmelo/PDPTW-SE/benchmark_multi_island_v5/official_experiments/multistartlp/preliminar/set_01_pt_03/logs/heur_mslp/gurobi/40R_40V_04I_05M/LR1_2_10_grb_genconfig_mslp_seed_59_alpha_20p.log;random;40R_40V_04I_05M;1;36400;1;/dados/rmelo/PDPTW-SE/benchmark_multi_island_v5/official_experiments/multistartlp/preliminar/set_01_pt_03/../../../../instances/orig_ams_fg/40R_40V_04I_06M/t1/LR1_2_10/;60000;38040;0;5434.33;81;41;H;50;95;0;100.0;30.0;true;0.95;100.0;1.0;1.0;1.0;1.0;60;M;23600;23600;false;72;0.81;175.77;0.94;36;10;1000000;-1;3600;7.25;0.66;0.75;mslp;heur;0.34;0.38;-1;3600;60000;I;40;1.0;0.25;LR1_2_10;0;/dados/rmelo/PDPTW-SE/benchmark_multi_island_v5/official_experiments/multistartlp/preliminar/set_01_pt_03/logs;0;0;0;60.67;100.0;1;59;/dados/rmelo/PDPTW-SE/benchmark_multi_island_v5/official_experiments/multistartlp/preliminar/set_01_pt_03/logs/heur_mslp/solutions/40R_40V_04I_05M/LR1_2_10_sol_genconfig_mslp_seed_59_alpha_20p.txt;Gurobi;AUTOMATIC;17.74;_bash_4;_seed_59_alpha_20p;1711.2;1;437.61;/dados/rmelo/PDPTW-SE/benchmark_multi_island_v5/official_experiments/multistartlp/preliminar/set_01_pt_03/logs/heur_mslp/timelines/40R_40V_04I_05M/LR1_2_10_timeline_genconfig_mslp_seed_59_alpha_20p.txt;689.76;t1;0;4196.37;false
0.2;0.03;0.1;0.13;0.0;0.01;3;/dados/rmelo/PDPTW-SE/benchmark_multi_island_v5/official_experiments/multistartlp/preliminar/set_01_pt_03/logs/heur_mslp/outputs/csvresults_heur_mslp_bash_4.csv;0;5;1;82;0;0.0;0.5;true;42;2;LR2_2_7_t2_40R_40V_04I_05M;/dados/rmelo/PDPTW-SE/benchmark_multi_island_v5/official_experiments/multistartlp/preliminar/set_01_pt_03/configs/genconfig_mslp.conf;genconfig_mslp;/dados/rmelo/PDPTW-SE/benchmark_multi_island_v5/official_experiments/multistartlp/preliminar/set_01_pt_03/logs/heur_mslp/gurobi/40R_40V_04I_05M/LR2_2_7_grb_genconfig_mslp_seed_59_alpha_20p.log;random;40R_40V_04I_05M;1;0;1;/dados/rmelo/PDPTW-SE/benchmark_multi_island_v5/official_experiments/multistartlp/preliminar/set_01_pt_03/../../../../instances/orig_ams_fg/40R_40V_04I_06M/t2/LR2_2_7/;60000;16757;0;7466.49;81;41;H;50;95;0;100.0;30.0;true;0.95;100.0;1.0;1.0;1.0;1.0;60;M;59999;60000;false;78;0.83;188.0;0.98;39;10;1000000;-1;3600;2.57;0.73;0.96;mslp;heur;0.57;0.94;-1;3600;60000;I;40;1.0;0.08;LR2_2_7;0;/dados/rmelo/PDPTW-SE/benchmark_multi_island_v5/official_experiments/multistartlp/preliminar/set_01_pt_03/logs;0;0;0;0.0;100.0;1;59;/dados/rmelo/PDPTW-SE/benchmark_multi_island_v5/official_experiments/multistartlp/preliminar/set_01_pt_03/logs/heur_mslp/solutions/40R_40V_04I_05M/LR2_2_7_sol_genconfig_mslp_seed_59_alpha_20p.txt;Gurobi;AUTOMATIC;17.45;_bash_4;_seed_59_alpha_20p;1542.2;1;995.23;/dados/rmelo/PDPTW-SE/benchmark_multi_island_v5/official_experiments/multistartlp/preliminar/set_01_pt_03/logs/heur_mslp/timelines/40R_40V_04I_05M/LR2_2_7_timeline_genconfig_mslp_seed_59_alpha_20p.txt;3570.57;t2;0;5536.31;false
0.2;0.03;0.06;0.09;0.01;0.19;0;/dados/rmelo/PDPTW-SE/benchmark_multi_island_v5/official_experiments/multistartlp/preliminar/set_01_pt_03/logs/heur_mslp/outputs/csvresults_heur_mslp_bash_4.csv;0;5;1;122;0;0.0;0.5;false;62;2;LR1_2_6_t1_60R_60V_02I_05M;/dados/rmelo/PDPTW-SE/benchmark_multi_island_v5/official_experiments/multistartlp/preliminar/set_01_pt_03/configs/genconfig_mslp.conf;genconfig_mslp;/dados/rmelo/PDPTW-SE/benchmark_multi_island_v5/official_experiments/multistartlp/preliminar/set_01_pt_03/logs/heur_mslp/gurobi/60R_60V_02I_05M/LR1_2_6_grb_genconfig_mslp_seed_59_alpha_20p.log;random;60R_60V_02I_05M;1;60000;1;/dados/rmelo/PDPTW-SE/benchmark_multi_island_v5/official_experiments/multistartlp/preliminar/set_01_pt_03/../../../../instances/orig_ams_fg/60R_60V_02I_06M/t1/LR1_2_6/;60000;0;0;0.0;121;61;H;50;95;0;100.0;30.0;true;0.95;100.0;1.0;1.0;1.0;1.0;60;M;0;0;false;82;0.96;277.16;0.61;41;10;1000000;-1;3600;0.0;0.63;0.32;mslp;heur;0.45;0.01;-1;3600;60000;I;60;1.0;0.22;LR1_2_6;0;/dados/rmelo/PDPTW-SE/benchmark_multi_island_v5/official_experiments/multistartlp/preliminar/set_01_pt_03/logs;0;0;0;100.0;0.0;1;59;/dados/rmelo/PDPTW-SE/benchmark_multi_island_v5/official_experiments/multistartlp/preliminar/set_01_pt_03/logs/heur_mslp/solutions/60R_60V_02I_05M/LR1_2_6_sol_genconfig_mslp_seed_59_alpha_20p.txt;Gurobi;AUTOMATIC;17.43;_bash_4;_seed_59_alpha_20p;0.0;1;0.0;/dados/rmelo/PDPTW-SE/benchmark_multi_island_v5/official_experiments/multistartlp/preliminar/set_01_pt_03/logs/heur_mslp/timelines/60R_60V_02I_05M/LR1_2_6_timeline_genconfig_mslp_seed_59_alpha_20p.txt;197.44;t1;0;Inf;false
0.2;0.01;0.01;0.02;0.0;0.0;4;/dados/rmelo/PDPTW-SE/benchmark_multi_island_v5/official_experiments/multistartlp/preliminar/set_01_pt_03/logs/heur_mslp/outputs/csvresults_heur_mslp_bash_4.csv;0;5;1;122;0;0.0;0.5;true;62;2;LR2_2_8_t2_60R_60V_02I_05M;/dados/rmelo/PDPTW-SE/benchmark_multi_island_v5/official_experiments/multistartlp/preliminar/set_01_pt_03/configs/genconfig_mslp.conf;genconfig_mslp;/dados/rmelo/PDPTW-SE/benchmark_multi_island_v5/official_experiments/multistartlp/preliminar/set_01_pt_03/logs/heur_mslp/gurobi/60R_60V_02I_05M/LR2_2_8_grb_genconfig_mslp_seed_59_alpha_20p.log;random;60R_60V_02I_05M;1;0;1;/dados/rmelo/PDPTW-SE/benchmark_multi_island_v5/official_experiments/multistartlp/preliminar/set_01_pt_03/../../../../instances/orig_ams_fg/60R_60V_02I_06M/t2/LR2_2_8/;36433;18578;0;10095.87;121;61;H;50;95;0;100.0;30.0;true;0.95;100.0;1.0;1.0;1.0;1.0;60;M;36353;36433;false;80;0.87;227.5;1.0;40;10;1000000;-1;3600;1.78;0.71;0.96;mslp;heur;0.31;0.9;-1;3600;60000;I;60;0.8;0.07;LR2_2_8;0;/dados/rmelo/PDPTW-SE/benchmark_multi_island_v5/official_experiments/multistartlp/preliminar/set_01_pt_03/logs;0;0;0;0.0;99.78;1;59;/dados/rmelo/PDPTW-SE/benchmark_multi_island_v5/official_experiments/multistartlp/preliminar/set_01_pt_03/logs/heur_mslp/solutions/60R_60V_02I_05M/LR2_2_8_sol_genconfig_mslp_seed_59_alpha_20p.txt;Gurobi;AUTOMATIC;17.87;_bash_4;_seed_59_alpha_20p;649.44;1;1835.0;/dados/rmelo/PDPTW-SE/benchmark_multi_island_v5/official_experiments/multistartlp/preliminar/set_01_pt_03/logs/heur_mslp/timelines/60R_60V_02I_05M/LR2_2_8_timeline_genconfig_mslp_seed_59_alpha_20p.txt;3600.08;t2;0;7152.23;false
0.2;0.12;0.17;0.29;0.01;0.09;1;/dados/rmelo/PDPTW-SE/benchmark_multi_island_v5/official_experiments/multistartlp/preliminar/set_01_pt_03/logs/heur_mslp/outputs/csvresults_heur_mslp_bash_4.csv;0;5;1;122;0;0.0;0.5;true;62;2;LR1_2_6_t1_60R_60V_04I_05M;/dados/rmelo/PDPTW-SE/benchmark_multi_island_v5/official_experiments/multistartlp/preliminar/set_01_pt_03/configs/genconfig_mslp.conf;genconfig_mslp;/dados/rmelo/PDPTW-SE/benchmark_multi_island_v5/official_experiments/multistartlp/preliminar/set_01_pt_03/logs/heur_mslp/gurobi/60R_60V_04I_05M/LR1_2_6_grb_genconfig_mslp_seed_59_alpha_20p.log;random;60R_60V_04I_05M;1;59999;1;/dados/rmelo/PDPTW-SE/benchmark_multi_island_v5/official_experiments/multistartlp/preliminar/set_01_pt_03/../../../../instances/orig_ams_fg/60R_60V_04I_06M/t1/LR1_2_6/;60000;1;0;8335.07;121;61;H;50;95;0;100.0;30.0;true;0.95;100.0;1.0;1.0;1.0;1.0;60;M;1;1;false;82;0.93;184.15;0.96;41;10;1000000;-1;3600;5.47;0.57;0.63;mslp;heur;0.25;0.13;-1;3600;60000;I;60;1.0;0.28;LR1_2_6;0;/dados/rmelo/PDPTW-SE/benchmark_multi_island_v5/official_experiments/multistartlp/preliminar/set_01_pt_03/logs;0;0;0;100.0;100.0;1;59;/dados/rmelo/PDPTW-SE/benchmark_multi_island_v5/official_experiments/multistartlp/preliminar/set_01_pt_03/logs/heur_mslp/solutions/60R_60V_04I_05M/LR1_2_6_sol_genconfig_mslp_seed_59_alpha_20p.txt;Gurobi;AUTOMATIC;17.63;_bash_4;_seed_59_alpha_20p;0.05;1;0.06;/dados/rmelo/PDPTW-SE/benchmark_multi_island_v5/official_experiments/multistartlp/preliminar/set_01_pt_03/logs/heur_mslp/timelines/60R_60V_04I_05M/LR1_2_6_timeline_genconfig_mslp_seed_59_alpha_20p.txt;390.2;t1;0;7879.32;false
0.2;0.03;0.05;0.08;0.01;0.09;2;/dados/rmelo/PDPTW-SE/benchmark_multi_island_v5/official_experiments/multistartlp/preliminar/set_01_pt_03/logs/heur_mslp/outputs/csvresults_heur_mslp_bash_4.csv;0;5;1;122;0;0.0;0.5;true;62;2;LR2_2_8_t2_60R_60V_04I_05M;/dados/rmelo/PDPTW-SE/benchmark_multi_island_v5/official_experiments/multistartlp/preliminar/set_01_pt_03/configs/genconfig_mslp.conf;genconfig_mslp;/dados/rmelo/PDPTW-SE/benchmark_multi_island_v5/official_experiments/multistartlp/preliminar/set_01_pt_03/logs/heur_mslp/gurobi/60R_60V_04I_05M/LR2_2_8_grb_genconfig_mslp_seed_59_alpha_20p.log;random;60R_60V_04I_05M;1;0;1;/dados/rmelo/PDPTW-SE/benchmark_multi_island_v5/official_experiments/multistartlp/preliminar/set_01_pt_03/../../../../instances/orig_ams_fg/60R_60V_04I_06M/t2/LR2_2_8/;19927;18020;0;8102.74;121;61;H;50;95;0;100.0;30.0;true;0.95;100.0;1.0;1.0;1.0;1.0;60;M;19895;19927;false;80;0.85;181.1;0.99;40;10;1000000;-1;3600;1.12;0.6;0.87;mslp;heur;0.19;0.57;-1;3600;60000;I;60;1.0;0.08;LR2_2_8;0;/dados/rmelo/PDPTW-SE/benchmark_multi_island_v5/official_experiments/multistartlp/preliminar/set_01_pt_03/logs;0;0;0;0.0;99.84;1;59;/dados/rmelo/PDPTW-SE/benchmark_multi_island_v5/official_experiments/multistartlp/preliminar/set_01_pt_03/logs/heur_mslp/solutions/60R_60V_04I_05M/LR2_2_8_sol_genconfig_mslp_seed_59_alpha_20p.txt;Gurobi;AUTOMATIC;17.9;_bash_4;_seed_59_alpha_20p;223.28;1;3257.23;/dados/rmelo/PDPTW-SE/benchmark_multi_island_v5/official_experiments/multistartlp/preliminar/set_01_pt_03/logs/heur_mslp/timelines/60R_60V_04I_05M/LR2_2_8_timeline_genconfig_mslp_seed_59_alpha_20p.txt;3600.08;t2;0;7640.46;false
0.2;0.0;0.12;0.12;0.0;0.0;4;/dados/rmelo/PDPTW-SE/benchmark_multi_island_v5/official_experiments/multistartlp/preliminar/set_01_pt_03/logs/heur_mslp/outputs/csvresults_heur_mslp_bash_4.csv;0;3;1;18;0;0.0;0.5;true;10;2;lr109_t1_08R_08V_02I_03M;/dados/rmelo/PDPTW-SE/benchmark_multi_island_v5/official_experiments/multistartlp/preliminar/set_01_pt_03/configs/genconfig_mslp.conf;genconfig_mslp;/dados/rmelo/PDPTW-SE/benchmark_multi_island_v5/official_experiments/multistartlp/preliminar/set_01_pt_03/logs/heur_mslp/gurobi/08R_08V_02I_03M/lr109_grb_genconfig_mslp_seed_66_alpha_20p.log;random;08R_08V_02I_03M;1;0;1;/dados/rmelo/PDPTW-SE/benchmark_multi_island_v5/official_experiments/multistartlp/preliminar/set_01_pt_03/../../../../instances/orig_ams_fg/08R_08V_02I_04M/t1/lr109/;60000;30;0;684.99;17;9;H;50;95;0;100.0;30.0;true;0.95;100.0;1.0;1.0;1.0;1.0;60;M;60000;60000;false;52;0.91;79.5;0.6;26;10;1000000;-1;3600;9.61;0.77;0.45;mslp;heur;0.59;0.23;-1;3600;60000;I;8;0.67;0.38;lr109;0;/dados/rmelo/PDPTW-SE/benchmark_multi_island_v5/official_experiments/multistartlp/preliminar/set_01_pt_03/logs;0;0;0;0.0;100.0;1;66;/dados/rmelo/PDPTW-SE/benchmark_multi_island_v5/official_experiments/multistartlp/preliminar/set_01_pt_03/logs/heur_mslp/solutions/08R_08V_02I_03M/lr109_sol_genconfig_mslp_seed_66_alpha_20p.txt;Gurobi;AUTOMATIC;17.19;_bash_4;_seed_66_alpha_20p;5766.12;1;0.31;/dados/rmelo/PDPTW-SE/benchmark_multi_island_v5/official_experiments/multistartlp/preliminar/set_01_pt_03/logs/heur_mslp/timelines/08R_08V_02I_03M/lr109_timeline_genconfig_mslp_seed_66_alpha_20p.txt;96.72;t1;0;533.17;false
0.2;0.0;0.03;0.03;0.0;0.0;10;/dados/rmelo/PDPTW-SE/benchmark_multi_island_v5/official_experiments/multistartlp/preliminar/set_01_pt_03/logs/heur_mslp/outputs/csvresults_heur_mslp_bash_4.csv;0;3;1;18;0;0.0;0.5;true;10;2;lr209_t2_08R_08V_02I_03M;/dados/rmelo/PDPTW-SE/benchmark_multi_island_v5/official_experiments/multistartlp/preliminar/set_01_pt_03/configs/genconfig_mslp.conf;genconfig_mslp;/dados/rmelo/PDPTW-SE/benchmark_multi_island_v5/official_experiments/multistartlp/preliminar/set_01_pt_03/logs/heur_mslp/gurobi/08R_08V_02I_03M/lr209_grb_genconfig_mslp_seed_66_alpha_20p.log;random;08R_08V_02I_03M;1;0;1;/dados/rmelo/PDPTW-SE/benchmark_multi_island_v5/official_experiments/multistartlp/preliminar/set_01_pt_03/../../../../instances/orig_ams_fg/08R_08V_02I_04M/t2/lr209/;60000;10732;0;1358.07;17;9;H;50;95;0;100.0;30.0;true;0.95;100.0;1.0;1.0;1.0;1.0;60;M;58684;60000;false;46;0.57;79.13;0.82;23;10;1000000;-1;3600;22.16;0.57;0.82;mslp;heur;0.57;0.82;-1;3600;60000;I;8;0.67;0.12;lr209;0;/dados/rmelo/PDPTW-SE/benchmark_multi_island_v5/official_experiments/multistartlp/preliminar/set_01_pt_03/logs;0;0;0;0.0;97.81;1;66;/dados/rmelo/PDPTW-SE/benchmark_multi_island_v5/official_experiments/multistartlp/preliminar/set_01_pt_03/logs/heur_mslp/solutions/08R_08V_02I_03M/lr209_sol_genconfig_mslp_seed_66_alpha_20p.txt;Gurobi;AUTOMATIC;17.55;_bash_4;_seed_66_alpha_20p;13296.87;1;21.71;/dados/rmelo/PDPTW-SE/benchmark_multi_island_v5/official_experiments/multistartlp/preliminar/set_01_pt_03/logs/heur_mslp/timelines/08R_08V_02I_03M/lr209_timeline_genconfig_mslp_seed_66_alpha_20p.txt;115.66;t2;0;565.91;false
0.2;0.1;0.28;0.38;0.0;0.0;6;/dados/rmelo/PDPTW-SE/benchmark_multi_island_v5/official_experiments/multistartlp/preliminar/set_01_pt_03/logs/heur_mslp/outputs/csvresults_heur_mslp_bash_4.csv;0;3;1;18;0;0.0;0.5;true;10;2;lr110_t1_08R_08V_04I_03M;/dados/rmelo/PDPTW-SE/benchmark_multi_island_v5/official_experiments/multistartlp/preliminar/set_01_pt_03/configs/genconfig_mslp.conf;genconfig_mslp;/dados/rmelo/PDPTW-SE/benchmark_multi_island_v5/official_experiments/multistartlp/preliminar/set_01_pt_03/logs/heur_mslp/gurobi/08R_08V_04I_03M/lr110_grb_genconfig_mslp_seed_66_alpha_20p.log;random;08R_08V_04I_03M;1;24397;1;/dados/rmelo/PDPTW-SE/benchmark_multi_island_v5/official_experiments/multistartlp/preliminar/set_01_pt_03/../../../../instances/orig_ams_fg/08R_08V_04I_04M/t1/lr110/;60000;251;0;872.03;17;9;H;50;95;0;100.0;30.0;true;0.95;100.0;1.0;1.0;1.0;1.0;60;M;35603;35603;false;52;0.89;73.43;0.69;26;10;1000000;-1;3600;11.76;0.58;0.44;mslp;heur;0.35;0.12;-1;3600;60000;I;8;1.0;0.62;lr110;0;/dados/rmelo/PDPTW-SE/benchmark_multi_island_v5/official_experiments/multistartlp/preliminar/set_01_pt_03/logs;0;0;0;40.66;100.0;1;66;/dados/rmelo/PDPTW-SE/benchmark_multi_island_v5/official_experiments/multistartlp/preliminar/set_01_pt_03/logs/heur_mslp/solutions/08R_08V_04I_03M/lr110_sol_genconfig_mslp_seed_66_alpha_20p.txt;Gurobi;AUTOMATIC;17.73;_bash_4;_seed_66_alpha_20p;4188.67;1;0.58;/dados/rmelo/PDPTW-SE/benchmark_multi_island_v5/official_experiments/multistartlp/preliminar/set_01_pt_03/logs/heur_mslp/timelines/08R_08V_04I_03M/lr110_timeline_genconfig_mslp_seed_66_alpha_20p.txt;76.37;t1;0;672.2;false
0.2;0.01;0.05;0.07;0.0;0.0;9;/dados/rmelo/PDPTW-SE/benchmark_multi_island_v5/official_experiments/multistartlp/preliminar/set_01_pt_03/logs/heur_mslp/outputs/csvresults_heur_mslp_bash_4.csv;0;3;1;18;0;0.0;0.5;true;10;2;lr209_t2_08R_08V_04I_03M;/dados/rmelo/PDPTW-SE/benchmark_multi_island_v5/official_experiments/multistartlp/preliminar/set_01_pt_03/configs/genconfig_mslp.conf;genconfig_mslp;/dados/rmelo/PDPTW-SE/benchmark_multi_island_v5/official_experiments/multistartlp/preliminar/set_01_pt_03/logs/heur_mslp/gurobi/08R_08V_04I_03M/lr209_grb_genconfig_mslp_seed_66_alpha_20p.log;random;08R_08V_04I_03M;1;0;1;/dados/rmelo/PDPTW-SE/benchmark_multi_island_v5/official_experiments/multistartlp/preliminar/set_01_pt_03/../../../../instances/orig_ams_fg/08R_08V_04I_04M/t2/lr209/;60000;15048;0;1345.83;17;9;H;50;95;0;100.0;30.0;true;0.95;100.0;1.0;1.0;1.0;1.0;60;M;59311;60000;false;46;0.56;81.38;0.93;23;10;1000000;-1;3600;22.43;0.31;0.72;mslp;heur;0.07;0.5;-1;3600;60000;I;8;1.0;0.25;lr209;0;/dados/rmelo/PDPTW-SE/benchmark_multi_island_v5/official_experiments/multistartlp/preliminar/set_01_pt_03/logs;0;0;0;0.0;98.85;1;66;/dados/rmelo/PDPTW-SE/benchmark_multi_island_v5/official_experiments/multistartlp/preliminar/set_01_pt_03/logs/heur_mslp/solutions/08R_08V_04I_03M/lr209_sol_genconfig_mslp_seed_66_alpha_20p.txt;Gurobi;AUTOMATIC;17.81;_bash_4;_seed_66_alpha_20p;13457.56;1;40.8;/dados/rmelo/PDPTW-SE/benchmark_multi_island_v5/official_experiments/multistartlp/preliminar/set_01_pt_03/logs/heur_mslp/timelines/08R_08V_04I_03M/lr209_timeline_genconfig_mslp_seed_66_alpha_20p.txt;157.85;t2;0;626.42;false
0.2;0.0;0.07;0.07;0.0;0.0;9;/dados/rmelo/PDPTW-SE/benchmark_multi_island_v5/official_experiments/multistartlp/preliminar/set_01_pt_03/logs/heur_mslp/outputs/csvresults_heur_mslp_bash_4.csv;0;3;1;26;0;0.0;0.5;true;14;2;lr109_t1_12R_12V_02I_03M;/dados/rmelo/PDPTW-SE/benchmark_multi_island_v5/official_experiments/multistartlp/preliminar/set_01_pt_03/configs/genconfig_mslp.conf;genconfig_mslp;/dados/rmelo/PDPTW-SE/benchmark_multi_island_v5/official_experiments/multistartlp/preliminar/set_01_pt_03/logs/heur_mslp/gurobi/12R_12V_02I_03M/lr109_grb_genconfig_mslp_seed_66_alpha_20p.log;random;12R_12V_02I_03M;1;0;1;/dados/rmelo/PDPTW-SE/benchmark_multi_island_v5/official_experiments/multistartlp/preliminar/set_01_pt_03/../../../../instances/orig_ams_fg/12R_12V_02I_04M/t1/lr109/;60000;6733;0;915.82;25;13;H;50;95;0;100.0;30.0;true;0.95;100.0;1.0;1.0;1.0;1.0;60;M;60000;60000;false;58;0.83;96.56;0.98;29;10;1000000;-1;3600;8.81;0.79;0.69;mslp;heur;0.73;0.32;-1;3600;60000;I;12;0.67;0.33;lr109;0;/dados/rmelo/PDPTW-SE/benchmark_multi_island_v5/official_experiments/multistartlp/preliminar/set_01_pt_03/logs;0;0;0;0.0;100.0;1;66;/dados/rmelo/PDPTW-SE/benchmark_multi_island_v5/official_experiments/multistartlp/preliminar/set_01_pt_03/logs/heur_mslp/solutions/12R_12V_02I_03M/lr109_sol_genconfig_mslp_seed_66_alpha_20p.txt;Gurobi;AUTOMATIC;17.91;_bash_4;_seed_66_alpha_20p;5284.16;1;15.07;/dados/rmelo/PDPTW-SE/benchmark_multi_island_v5/official_experiments/multistartlp/preliminar/set_01_pt_03/logs/heur_mslp/timelines/12R_12V_02I_03M/lr109_timeline_genconfig_mslp_seed_66_alpha_20p.txt;125.02;t1;0;722.63;false
0.2;0.01;0.02;0.02;0.0;0.0;4;/dados/rmelo/PDPTW-SE/benchmark_multi_island_v5/official_experiments/multistartlp/preliminar/set_01_pt_03/logs/heur_mslp/outputs/csvresults_heur_mslp_bash_4.csv;0;3;1;26;0;0.0;0.5;true;14;2;lr208_t2_12R_12V_02I_03M;/dados/rmelo/PDPTW-SE/benchmark_multi_island_v5/official_experiments/multistartlp/preliminar/set_01_pt_03/configs/genconfig_mslp.conf;genconfig_mslp;/dados/rmelo/PDPTW-SE/benchmark_multi_island_v5/official_experiments/multistartlp/preliminar/set_01_pt_03/logs/heur_mslp/gurobi/12R_12V_02I_03M/lr208_grb_genconfig_mslp_seed_66_alpha_20p.log;random;12R_12V_02I_03M;1;0;1;/dados/rmelo/PDPTW-SE/benchmark_multi_island_v5/official_experiments/multistartlp/preliminar/set_01_pt_03/../../../../instances/orig_ams_fg/12R_12V_02I_04M/t2/lr208/;60000;29138;0;1148.28;25;13;H;50;95;0;100.0;30.0;true;0.95;100.0;1.0;1.0;1.0;1.0;60;M;52740;60000;false;58;0.77;114.02;1.0;29;10;1000000;-1;3600;6.66;0.77;1.0;mslp;heur;0.77;1.0;-1;3600;60000;I;12;0.67;0.08;lr208;0;/dados/rmelo/PDPTW-SE/benchmark_multi_island_v5/official_experiments/multistartlp/preliminar/set_01_pt_03/logs;0;0;0;0.0;87.9;1;66;/dados/rmelo/PDPTW-SE/benchmark_multi_island_v5/official_experiments/multistartlp/preliminar/set_01_pt_03/logs/heur_mslp/solutions/12R_12V_02I_03M/lr208_sol_genconfig_mslp_seed_66_alpha_20p.txt;Gurobi;AUTOMATIC;17.76;_bash_4;_seed_66_alpha_20p;3997.24;1;119.27;/dados/rmelo/PDPTW-SE/benchmark_multi_island_v5/official_experiments/multistartlp/preliminar/set_01_pt_03/logs/heur_mslp/timelines/12R_12V_02I_03M/lr208_timeline_genconfig_mslp_seed_66_alpha_20p.txt;245.12;t2;0;773.37;false
0.2;0.14;0.26;0.4;0.0;0.0;10;/dados/rmelo/PDPTW-SE/benchmark_multi_island_v5/official_experiments/multistartlp/preliminar/set_01_pt_03/logs/heur_mslp/outputs/csvresults_heur_mslp_bash_4.csv;0;3;1;26;0;0.0;0.5;true;14;2;lr110_t1_12R_12V_04I_03M;/dados/rmelo/PDPTW-SE/benchmark_multi_island_v5/official_experiments/multistartlp/preliminar/set_01_pt_03/configs/genconfig_mslp.conf;genconfig_mslp;/dados/rmelo/PDPTW-SE/benchmark_multi_island_v5/official_experiments/multistartlp/preliminar/set_01_pt_03/logs/heur_mslp/gurobi/12R_12V_04I_03M/lr110_grb_genconfig_mslp_seed_66_alpha_20p.log;random;12R_12V_04I_03M;1;13110;1;/dados/rmelo/PDPTW-SE/benchmark_multi_island_v5/official_experiments/multistartlp/preliminar/set_01_pt_03/../../../../instances/orig_ams_fg/12R_12V_04I_04M/t1/lr110/;60000;29695;0;1159.65;25;13;H;50;95;0;100.0;30.0;true;0.95;100.0;1.0;1.0;1.0;1.0;60;M;46890;46890;false;52;0.72;75.02;0.56;26;10;1000000;-1;3600;13.65;0.57;0.39;mslp;heur;0.37;0.15;-1;3600;60000;I;12;1.0;0.5;lr110;0;/dados/rmelo/PDPTW-SE/benchmark_multi_island_v5/official_experiments/multistartlp/preliminar/set_01_pt_03/logs;0;0;0;21.85;100.0;1;66;/dados/rmelo/PDPTW-SE/benchmark_multi_island_v5/official_experiments/multistartlp/preliminar/set_01_pt_03/logs/heur_mslp/solutions/12R_12V_04I_03M/lr110_sol_genconfig_mslp_seed_66_alpha_20p.txt;Gurobi;AUTOMATIC;17.81;_bash_4;_seed_66_alpha_20p;6399.44;1;61.87;/dados/rmelo/PDPTW-SE/benchmark_multi_island_v5/official_experiments/multistartlp/preliminar/set_01_pt_03/logs/heur_mslp/timelines/12R_12V_04I_03M/lr110_timeline_genconfig_mslp_seed_66_alpha_20p.txt;123.59;t1;0;786.88;false
0.2;0.02;0.06;0.08;0.0;0.0;7;/dados/rmelo/PDPTW-SE/benchmark_multi_island_v5/official_experiments/multistartlp/preliminar/set_01_pt_03/logs/heur_mslp/outputs/csvresults_heur_mslp_bash_4.csv;0;3;1;26;0;0.0;0.5;true;14;2;lr207_t2_12R_12V_04I_03M;/dados/rmelo/PDPTW-SE/benchmark_multi_island_v5/official_experiments/multistartlp/preliminar/set_01_pt_03/configs/genconfig_mslp.conf;genconfig_mslp;/dados/rmelo/PDPTW-SE/benchmark_multi_island_v5/official_experiments/multistartlp/preliminar/set_01_pt_03/logs/heur_mslp/gurobi/12R_12V_04I_03M/lr207_grb_genconfig_mslp_seed_66_alpha_20p.log;random;12R_12V_04I_03M;1;0;1;/dados/rmelo/PDPTW-SE/benchmark_multi_island_v5/official_experiments/multistartlp/preliminar/set_01_pt_03/../../../../instances/orig_ams_fg/12R_12V_04I_04M/t2/lr207/;60000;16437;0;1571.4;25;13;H;50;95;0;100.0;30.0;true;0.95;100.0;1.0;1.0;1.0;1.0;60;M;59982;60000;false;40;0.79;90.05;0.98;20;10;1000000;-1;3600;14.69;0.45;0.53;mslp;heur;0.11;0.09;-1;3600;60000;I;12;1.0;0.17;lr207;0;/dados/rmelo/PDPTW-SE/benchmark_multi_island_v5/official_experiments/multistartlp/preliminar/set_01_pt_03/logs;0;0;0;0.0;99.97;1;66;/dados/rmelo/PDPTW-SE/benchmark_multi_island_v5/official_experiments/multistartlp/preliminar/set_01_pt_03/logs/heur_mslp/solutions/12R_12V_04I_03M/lr207_sol_genconfig_mslp_seed_66_alpha_20p.txt;Gurobi;AUTOMATIC;17.91;_bash_4;_seed_66_alpha_20p;8816.39;1;79.9;/dados/rmelo/PDPTW-SE/benchmark_multi_island_v5/official_experiments/multistartlp/preliminar/set_01_pt_03/logs/heur_mslp/timelines/12R_12V_04I_03M/lr207_timeline_genconfig_mslp_seed_66_alpha_20p.txt;289.41;t2;0;901.27;false
0.2;0.06;0.11;0.16;0.0;0.04;1;/dados/rmelo/PDPTW-SE/benchmark_multi_island_v5/official_experiments/multistartlp/preliminar/set_01_pt_03/logs/heur_mslp/outputs/csvresults_heur_mslp_bash_4.csv;0;5;1;82;0;0.0;0.5;true;42;2;LR1_2_6_t1_40R_40V_02I_05M;/dados/rmelo/PDPTW-SE/benchmark_multi_island_v5/official_experiments/multistartlp/preliminar/set_01_pt_03/configs/genconfig_mslp.conf;genconfig_mslp;/dados/rmelo/PDPTW-SE/benchmark_multi_island_v5/official_experiments/multistartlp/preliminar/set_01_pt_03/logs/heur_mslp/gurobi/40R_40V_02I_05M/LR1_2_6_grb_genconfig_mslp_seed_66_alpha_20p.log;random;40R_40V_02I_05M;1;59996;1;/dados/rmelo/PDPTW-SE/benchmark_multi_island_v5/official_experiments/multistartlp/preliminar/set_01_pt_03/../../../../instances/orig_ams_fg/40R_40V_02I_06M/t1/LR1_2_6/;60000;1;0;7003.57;81;41;H;50;95;0;100.0;30.0;true;0.95;100.0;1.0;1.0;1.0;1.0;60;M;4;4;false;72;0.93;213.59;1.0;36;10;1000000;-1;3600;5.31;0.68;0.58;mslp;heur;0.3;0.12;-1;3600;60000;I;40;1.0;0.35;LR1_2_6;0;/dados/rmelo/PDPTW-SE/benchmark_multi_island_v5/official_experiments/multistartlp/preliminar/set_01_pt_03/logs;0;0;0;99.99;100.0;1;66;/dados/rmelo/PDPTW-SE/benchmark_multi_island_v5/official_experiments/multistartlp/preliminar/set_01_pt_03/logs/heur_mslp/solutions/40R_40V_02I_05M/LR1_2_6_sol_genconfig_mslp_seed_66_alpha_20p.txt;Gurobi;AUTOMATIC;17.63;_bash_4;_seed_66_alpha_20p;0.21;1;0.01;/dados/rmelo/PDPTW-SE/benchmark_multi_island_v5/official_experiments/multistartlp/preliminar/set_01_pt_03/logs/heur_mslp/timelines/40R_40V_02I_05M/LR1_2_6_timeline_genconfig_mslp_seed_66_alpha_20p.txt;181.16;t1;0;6037.52;false
0.2;0.01;0.02;0.03;0.01;0.09;15;/dados/rmelo/PDPTW-SE/benchmark_multi_island_v5/official_experiments/multistartlp/preliminar/set_01_pt_03/logs/heur_mslp/outputs/csvresults_heur_mslp_bash_4.csv;0;5;1;82;0;0.0;0.5;true;42;2;LR2_2_10_t2_40R_40V_02I_05M;/dados/rmelo/PDPTW-SE/benchmark_multi_island_v5/official_experiments/multistartlp/preliminar/set_01_pt_03/configs/genconfig_mslp.conf;genconfig_mslp;/dados/rmelo/PDPTW-SE/benchmark_multi_island_v5/official_experiments/multistartlp/preliminar/set_01_pt_03/logs/heur_mslp/gurobi/40R_40V_02I_05M/LR2_2_10_grb_genconfig_mslp_seed_66_alpha_20p.log;random;40R_40V_02I_05M;1;0;1;/dados/rmelo/PDPTW-SE/benchmark_multi_island_v5/official_experiments/multistartlp/preliminar/set_01_pt_03/../../../../instances/orig_ams_fg/40R_40V_02I_06M/t2/LR2_2_10/;60000;50798;0;9221.79;81;41;H;50;95;0;100.0;30.0;true;0.95;100.0;1.0;1.0;1.0;1.0;60;M;60000;60000;false;80;0.9;269.32;1.0;40;10;1000000;-1;3600;6.28;0.64;0.99;mslp;heur;0.38;0.98;-1;3600;60000;I;40;0.8;0.1;LR2_2_10;0;/dados/rmelo/PDPTW-SE/benchmark_multi_island_v5/official_experiments/multistartlp/preliminar/set_01_pt_03/logs;0;0;0;0.0;100.0;1;66;/dados/rmelo/PDPTW-SE/benchmark_multi_island_v5/official_experiments/multistartlp/preliminar/set_01_pt_03/logs/heur_mslp/solutions/40R_40V_02I_05M/LR2_2_10_sol_genconfig_mslp_seed_66_alpha_20p.txt;Gurobi;AUTOMATIC;17.66;_bash_4;_seed_66_alpha_20p;3770.55;1;1098.78;/dados/rmelo/PDPTW-SE/benchmark_multi_island_v5/official_experiments/multistartlp/preliminar/set_01_pt_03/logs/heur_mslp/timelines/40R_40V_02I_05M/LR2_2_10_timeline_genconfig_mslp_seed_66_alpha_20p.txt;1296.76;t2;0;6472.32;false
0.2;0.11;0.16;0.26;0.0;0.05;6;/dados/rmelo/PDPTW-SE/benchmark_multi_island_v5/official_experiments/multistartlp/preliminar/set_01_pt_03/logs/heur_mslp/outputs/csvresults_heur_mslp_bash_4.csv;0;5;1;82;0;0.0;0.5;true;42;2;LR1_2_10_t1_40R_40V_04I_05M;/dados/rmelo/PDPTW-SE/benchmark_multi_island_v5/official_experiments/multistartlp/preliminar/set_01_pt_03/configs/genconfig_mslp.conf;genconfig_mslp;/dados/rmelo/PDPTW-SE/benchmark_multi_island_v5/official_experiments/multistartlp/preliminar/set_01_pt_03/logs/heur_mslp/gurobi/40R_40V_04I_05M/LR1_2_10_grb_genconfig_mslp_seed_66_alpha_20p.log;random;40R_40V_04I_05M;1;36503;1;/dados/rmelo/PDPTW-SE/benchmark_multi_island_v5/official_experiments/multistartlp/preliminar/set_01_pt_03/../../../../instances/orig_ams_fg/40R_40V_04I_06M/t1/LR1_2_10/;60000;13556;0;5604.26;81;41;H;50;95;0;100.0;30.0;true;0.95;100.0;1.0;1.0;1.0;1.0;60;M;23497;23497;false;72;0.93;175.77;0.97;36;10;1000000;-1;3600;7.21;0.57;0.72;mslp;heur;0.17;0.32;-1;3600;60000;I;40;1.0;0.3;LR1_2_10;0;/dados/rmelo/PDPTW-SE/benchmark_multi_island_v5/official_experiments/multistartlp/preliminar/set_01_pt_03/logs;0;0;0;60.84;100.0;1;66;/dados/rmelo/PDPTW-SE/benchmark_multi_island_v5/official_experiments/multistartlp/preliminar/set_01_pt_03/logs/heur_mslp/solutions/40R_40V_04I_05M/LR1_2_10_sol_genconfig_mslp_seed_66_alpha_20p.txt;Gurobi;AUTOMATIC;17.6;_bash_4;_seed_66_alpha_20p;1694.59;1;154.56;/dados/rmelo/PDPTW-SE/benchmark_multi_island_v5/official_experiments/multistartlp/preliminar/set_01_pt_03/logs/heur_mslp/timelines/40R_40V_04I_05M/LR1_2_10_timeline_genconfig_mslp_seed_66_alpha_20p.txt;681.11;t1;0;4304.89;false
0.2;0.04;0.08;0.12;0.0;0.0;4;/dados/rmelo/PDPTW-SE/benchmark_multi_island_v5/official_experiments/multistartlp/preliminar/set_01_pt_03/logs/heur_mslp/outputs/csvresults_heur_mslp_bash_4.csv;0;5;1;82;0;0.0;0.5;true;42;2;LR2_2_7_t2_40R_40V_04I_05M;/dados/rmelo/PDPTW-SE/benchmark_multi_island_v5/official_experiments/multistartlp/preliminar/set_01_pt_03/configs/genconfig_mslp.conf;genconfig_mslp;/dados/rmelo/PDPTW-SE/benchmark_multi_island_v5/official_experiments/multistartlp/preliminar/set_01_pt_03/logs/heur_mslp/gurobi/40R_40V_04I_05M/LR2_2_7_grb_genconfig_mslp_seed_66_alpha_20p.log;random;40R_40V_04I_05M;1;0;1;/dados/rmelo/PDPTW-SE/benchmark_multi_island_v5/official_experiments/multistartlp/preliminar/set_01_pt_03/../../../../instances/orig_ams_fg/40R_40V_04I_06M/t2/LR2_2_7/;60000;12703;0;7549.67;81;41;H;50;95;0;100.0;30.0;true;0.95;100.0;1.0;1.0;1.0;1.0;60;M;59995;60000;false;78;0.8;188.0;0.97;39;10;1000000;-1;3600;2.56;0.54;0.75;mslp;heur;0.11;0.26;-1;3600;60000;I;40;1.0;0.1;LR2_2_7;0;/dados/rmelo/PDPTW-SE/benchmark_multi_island_v5/official_experiments/multistartlp/preliminar/set_01_pt_03/logs;0;0;0;0.0;99.99;1;66;/dados/rmelo/PDPTW-SE/benchmark_multi_island_v5/official_experiments/multistartlp/preliminar/set_01_pt_03/logs/heur_mslp/solutions/40R_40V_04I_05M/LR2_2_7_sol_genconfig_mslp_seed_66_alpha_20p.txt;Gurobi;AUTOMATIC;17.73;_bash_4;_seed_66_alpha_20p;1534.42;1;755.58;/dados/rmelo/PDPTW-SE/benchmark_multi_island_v5/official_experiments/multistartlp/preliminar/set_01_pt_03/logs/heur_mslp/timelines/40R_40V_04I_05M/LR2_2_7_timeline_genconfig_mslp_seed_66_alpha_20p.txt;3569.75;t2;0;5472.01;false
0.2;0.03;0.06;0.09;0.01;0.19;0;/dados/rmelo/PDPTW-SE/benchmark_multi_island_v5/official_experiments/multistartlp/preliminar/set_01_pt_03/logs/heur_mslp/outputs/csvresults_heur_mslp_bash_4.csv;0;5;1;122;0;0.0;0.5;false;62;2;LR1_2_6_t1_60R_60V_02I_05M;/dados/rmelo/PDPTW-SE/benchmark_multi_island_v5/official_experiments/multistartlp/preliminar/set_01_pt_03/configs/genconfig_mslp.conf;genconfig_mslp;/dados/rmelo/PDPTW-SE/benchmark_multi_island_v5/official_experiments/multistartlp/preliminar/set_01_pt_03/logs/heur_mslp/gurobi/60R_60V_02I_05M/LR1_2_6_grb_genconfig_mslp_seed_66_alpha_20p.log;random;60R_60V_02I_05M;1;60000;1;/dados/rmelo/PDPTW-SE/benchmark_multi_island_v5/official_experiments/multistartlp/preliminar/set_01_pt_03/../../../../instances/orig_ams_fg/60R_60V_02I_06M/t1/LR1_2_6/;60000;0;0;0.0;121;61;H;50;95;0;100.0;30.0;true;0.95;100.0;1.0;1.0;1.0;1.0;60;M;0;0;false;82;0.96;277.16;0.61;41;10;1000000;-1;3600;0.0;0.63;0.32;mslp;heur;0.45;0.01;-1;3600;60000;I;60;1.0;0.22;LR1_2_6;0;/dados/rmelo/PDPTW-SE/benchmark_multi_island_v5/official_experiments/multistartlp/preliminar/set_01_pt_03/logs;0;0;0;100.0;0.0;1;66;/dados/rmelo/PDPTW-SE/benchmark_multi_island_v5/official_experiments/multistartlp/preliminar/set_01_pt_03/logs/heur_mslp/solutions/60R_60V_02I_05M/LR1_2_6_sol_genconfig_mslp_seed_66_alpha_20p.txt;Gurobi;AUTOMATIC;17.51;_bash_4;_seed_66_alpha_20p;0.0;1;0.0;/dados/rmelo/PDPTW-SE/benchmark_multi_island_v5/official_experiments/multistartlp/preliminar/set_01_pt_03/logs/heur_mslp/timelines/60R_60V_02I_05M/LR1_2_6_timeline_genconfig_mslp_seed_66_alpha_20p.txt;198.07;t1;0;Inf;false
0.2;0.0;0.01;0.01;0.0;0.0;5;/dados/rmelo/PDPTW-SE/benchmark_multi_island_v5/official_experiments/multistartlp/preliminar/set_01_pt_03/logs/heur_mslp/outputs/csvresults_heur_mslp_bash_4.csv;0;5;1;122;0;0.0;0.5;true;62;2;LR2_2_8_t2_60R_60V_02I_05M;/dados/rmelo/PDPTW-SE/benchmark_multi_island_v5/official_experiments/multistartlp/preliminar/set_01_pt_03/configs/genconfig_mslp.conf;genconfig_mslp;/dados/rmelo/PDPTW-SE/benchmark_multi_island_v5/official_experiments/multistartlp/preliminar/set_01_pt_03/logs/heur_mslp/gurobi/60R_60V_02I_05M/LR2_2_8_grb_genconfig_mslp_seed_66_alpha_20p.log;random;60R_60V_02I_05M;1;0;1;/dados/rmelo/PDPTW-SE/benchmark_multi_island_v5/official_experiments/multistartlp/preliminar/set_01_pt_03/../../../../instances/orig_ams_fg/60R_60V_02I_06M/t2/LR2_2_8/;36391;24659;0;8981.14;121;61;H;50;95;0;100.0;30.0;true;0.95;100.0;1.0;1.0;1.0;1.0;60;M;36313;36391;false;80;0.97;227.5;1.0;40;10;1000000;-1;3600;1.78;0.71;0.97;mslp;heur;0.38;0.91;-1;3600;60000;I;60;0.8;0.07;LR2_2_8;0;/dados/rmelo/PDPTW-SE/benchmark_multi_island_v5/official_experiments/multistartlp/preliminar/set_01_pt_03/logs;0;0;0;0.0;99.79;1;66;/dados/rmelo/PDPTW-SE/benchmark_multi_island_v5/official_experiments/multistartlp/preliminar/set_01_pt_03/logs/heur_mslp/solutions/60R_60V_02I_05M/LR2_2_8_sol_genconfig_mslp_seed_66_alpha_20p.txt;Gurobi;AUTOMATIC;17.95;_bash_4;_seed_66_alpha_20p;648.7;1;2437.34;/dados/rmelo/PDPTW-SE/benchmark_multi_island_v5/official_experiments/multistartlp/preliminar/set_01_pt_03/logs/heur_mslp/timelines/60R_60V_02I_05M/LR2_2_8_timeline_genconfig_mslp_seed_66_alpha_20p.txt;3600.0;t2;0;7180.55;false
0.2;0.12;0.17;0.29;0.01;0.09;1;/dados/rmelo/PDPTW-SE/benchmark_multi_island_v5/official_experiments/multistartlp/preliminar/set_01_pt_03/logs/heur_mslp/outputs/csvresults_heur_mslp_bash_4.csv;0;5;1;122;0;0.0;0.5;true;62;2;LR1_2_6_t1_60R_60V_04I_05M;/dados/rmelo/PDPTW-SE/benchmark_multi_island_v5/official_experiments/multistartlp/preliminar/set_01_pt_03/configs/genconfig_mslp.conf;genconfig_mslp;/dados/rmelo/PDPTW-SE/benchmark_multi_island_v5/official_experiments/multistartlp/preliminar/set_01_pt_03/logs/heur_mslp/gurobi/60R_60V_04I_05M/LR1_2_6_grb_genconfig_mslp_seed_66_alpha_20p.log;random;60R_60V_04I_05M;1;59999;1;/dados/rmelo/PDPTW-SE/benchmark_multi_island_v5/official_experiments/multistartlp/preliminar/set_01_pt_03/../../../../instances/orig_ams_fg/60R_60V_04I_06M/t1/LR1_2_6/;60000;1;0;8335.07;121;61;H;50;95;0;100.0;30.0;true;0.95;100.0;1.0;1.0;1.0;1.0;60;M;1;1;false;82;0.93;184.15;0.96;41;10;1000000;-1;3600;5.47;0.57;0.63;mslp;heur;0.25;0.13;-1;3600;60000;I;60;1.0;0.28;LR1_2_6;0;/dados/rmelo/PDPTW-SE/benchmark_multi_island_v5/official_experiments/multistartlp/preliminar/set_01_pt_03/logs;0;0;0;100.0;100.0;1;66;/dados/rmelo/PDPTW-SE/benchmark_multi_island_v5/official_experiments/multistartlp/preliminar/set_01_pt_03/logs/heur_mslp/solutions/60R_60V_04I_05M/LR1_2_6_sol_genconfig_mslp_seed_66_alpha_20p.txt;Gurobi;AUTOMATIC;17.8;_bash_4;_seed_66_alpha_20p;0.05;1;0.03;/dados/rmelo/PDPTW-SE/benchmark_multi_island_v5/official_experiments/multistartlp/preliminar/set_01_pt_03/logs/heur_mslp/timelines/60R_60V_04I_05M/LR1_2_6_timeline_genconfig_mslp_seed_66_alpha_20p.txt;396.33;t1;0;7879.32;false
0.2;0.03;0.06;0.09;0.0;0.01;1;/dados/rmelo/PDPTW-SE/benchmark_multi_island_v5/official_experiments/multistartlp/preliminar/set_01_pt_03/logs/heur_mslp/outputs/csvresults_heur_mslp_bash_4.csv;0;5;1;122;0;0.0;0.5;true;62;2;LR2_2_8_t2_60R_60V_04I_05M;/dados/rmelo/PDPTW-SE/benchmark_multi_island_v5/official_experiments/multistartlp/preliminar/set_01_pt_03/configs/genconfig_mslp.conf;genconfig_mslp;/dados/rmelo/PDPTW-SE/benchmark_multi_island_v5/official_experiments/multistartlp/preliminar/set_01_pt_03/logs/heur_mslp/gurobi/60R_60V_04I_05M/LR2_2_8_grb_genconfig_mslp_seed_66_alpha_20p.log;random;60R_60V_04I_05M;1;0;1;/dados/rmelo/PDPTW-SE/benchmark_multi_island_v5/official_experiments/multistartlp/preliminar/set_01_pt_03/../../../../instances/orig_ams_fg/60R_60V_04I_06M/t2/LR2_2_8/;19736;1;0;10671.59;121;61;H;50;95;0;100.0;30.0;true;0.95;100.0;1.0;1.0;1.0;1.0;60;M;19698;19736;false;80;0.89;181.1;1.0;40;10;1000000;-1;3600;1.13;0.76;0.96;mslp;heur;0.66;0.91;-1;3600;60000;I;60;1.0;0.07;LR2_2_8;0;/dados/rmelo/PDPTW-SE/benchmark_multi_island_v5/official_experiments/multistartlp/preliminar/set_01_pt_03/logs;0;0;0;0.0;99.81;1;66;/dados/rmelo/PDPTW-SE/benchmark_multi_island_v5/official_experiments/multistartlp/preliminar/set_01_pt_03/logs/heur_mslp/solutions/60R_60V_04I_05M/LR2_2_8_sol_genconfig_mslp_seed_66_alpha_20p.txt;Gurobi;AUTOMATIC;17.99;_bash_4;_seed_66_alpha_20p;222.65;1;0.17;/dados/rmelo/PDPTW-SE/benchmark_multi_island_v5/official_experiments/multistartlp/preliminar/set_01_pt_03/logs/heur_mslp/timelines/60R_60V_04I_05M/LR2_2_8_timeline_genconfig_mslp_seed_66_alpha_20p.txt;3600.05;t2;0;7685.41;false
0.2;0.0;0.12;0.12;0.0;0.0;5;/dados/rmelo/PDPTW-SE/benchmark_multi_island_v5/official_experiments/multistartlp/preliminar/set_01_pt_03/logs/heur_mslp/outputs/csvresults_heur_mslp_bash_4.csv;0;3;1;18;0;0.0;0.5;true;10;2;lr109_t1_08R_08V_02I_03M;/dados/rmelo/PDPTW-SE/benchmark_multi_island_v5/official_experiments/multistartlp/preliminar/set_01_pt_03/configs/genconfig_mslp.conf;genconfig_mslp;/dados/rmelo/PDPTW-SE/benchmark_multi_island_v5/official_experiments/multistartlp/preliminar/set_01_pt_03/logs/heur_mslp/gurobi/08R_08V_02I_03M/lr109_grb_genconfig_mslp_seed_73_alpha_20p.log;random;08R_08V_02I_03M;1;0;1;/dados/rmelo/PDPTW-SE/benchmark_multi_island_v5/official_experiments/multistartlp/preliminar/set_01_pt_03/../../../../instances/orig_ams_fg/08R_08V_02I_04M/t1/lr109/;60000;94;0;602.01;17;9;H;50;95;0;100.0;30.0;true;0.95;100.0;1.0;1.0;1.0;1.0;60;M;60000;60000;false;52;0.91;79.5;0.6;26;10;1000000;-1;3600;9.65;0.77;0.48;mslp;heur;0.59;0.23;-1;3600;60000;I;8;0.67;0.38;lr109;0;/dados/rmelo/PDPTW-SE/benchmark_multi_island_v5/official_experiments/multistartlp/preliminar/set_01_pt_03/logs;0;0;0;0.0;100.0;1;73;/dados/rmelo/PDPTW-SE/benchmark_multi_island_v5/official_experiments/multistartlp/preliminar/set_01_pt_03/logs/heur_mslp/solutions/08R_08V_02I_03M/lr109_sol_genconfig_mslp_seed_73_alpha_20p.txt;Gurobi;AUTOMATIC;17.51;_bash_4;_seed_73_alpha_20p;5790.65;1;0.43;/dados/rmelo/PDPTW-SE/benchmark_multi_island_v5/official_experiments/multistartlp/preliminar/set_01_pt_03/logs/heur_mslp/timelines/08R_08V_02I_03M/lr109_timeline_genconfig_mslp_seed_73_alpha_20p.txt;96.42;t1;0;533.17;false
0.2;0.01;0.03;0.04;0.0;0.0;11;/dados/rmelo/PDPTW-SE/benchmark_multi_island_v5/official_experiments/multistartlp/preliminar/set_01_pt_03/logs/heur_mslp/outputs/csvresults_heur_mslp_bash_4.csv;0;3;1;18;0;0.0;0.5;true;10;2;lr209_t2_08R_08V_02I_03M;/dados/rmelo/PDPTW-SE/benchmark_multi_island_v5/official_experiments/multistartlp/preliminar/set_01_pt_03/configs/genconfig_mslp.conf;genconfig_mslp;/dados/rmelo/PDPTW-SE/benchmark_multi_island_v5/official_experiments/multistartlp/preliminar/set_01_pt_03/logs/heur_mslp/gurobi/08R_08V_02I_03M/lr209_grb_genconfig_mslp_seed_73_alpha_20p.log;random;08R_08V_02I_03M;1;0;1;/dados/rmelo/PDPTW-SE/benchmark_multi_island_v5/official_experiments/multistartlp/preliminar/set_01_pt_03/../../../../instances/orig_ams_fg/08R_08V_02I_04M/t2/lr209/;60000;1074;0;1396.94;17;9;H;50;95;0;100.0;30.0;true;0.95;100.0;1.0;1.0;1.0;1.0;60;M;58700;60000;false;46;0.57;79.13;0.82;23;10;1000000;-1;3600;22.15;0.57;0.82;mslp;heur;0.57;0.82;-1;3600;60000;I;8;0.67;0.12;lr209;0;/dados/rmelo/PDPTW-SE/benchmark_multi_island_v5/official_experiments/multistartlp/preliminar/set_01_pt_03/logs;0;0;0;0.0;97.83;1;73;/dados/rmelo/PDPTW-SE/benchmark_multi_island_v5/official_experiments/multistartlp/preliminar/set_01_pt_03/logs/heur_mslp/solutions/08R_08V_02I_03M/lr209_sol_genconfig_mslp_seed_73_alpha_20p.txt;Gurobi;AUTOMATIC;17.71;_bash_4;_seed_73_alpha_20p;13291.77;1;2.41;/dados/rmelo/PDPTW-SE/benchmark_multi_island_v5/official_experiments/multistartlp/preliminar/set_01_pt_03/logs/heur_mslp/timelines/08R_08V_02I_03M/lr209_timeline_genconfig_mslp_seed_73_alpha_20p.txt;116.94;t2;0;573.85;false
0.2;0.1;0.28;0.38;0.0;0.0;6;/dados/rmelo/PDPTW-SE/benchmark_multi_island_v5/official_experiments/multistartlp/preliminar/set_01_pt_03/logs/heur_mslp/outputs/csvresults_heur_mslp_bash_4.csv;0;3;1;18;0;0.0;0.5;true;10;2;lr110_t1_08R_08V_04I_03M;/dados/rmelo/PDPTW-SE/benchmark_multi_island_v5/official_experiments/multistartlp/preliminar/set_01_pt_03/configs/genconfig_mslp.conf;genconfig_mslp;/dados/rmelo/PDPTW-SE/benchmark_multi_island_v5/official_experiments/multistartlp/preliminar/set_01_pt_03/logs/heur_mslp/gurobi/08R_08V_04I_03M/lr110_grb_genconfig_mslp_seed_73_alpha_20p.log;random;08R_08V_04I_03M;1;24241;1;/dados/rmelo/PDPTW-SE/benchmark_multi_island_v5/official_experiments/multistartlp/preliminar/set_01_pt_03/../../../../instances/orig_ams_fg/08R_08V_04I_04M/t1/lr110/;60000;1286;0;827.33;17;9;H;50;95;0;100.0;30.0;true;0.95;100.0;1.0;1.0;1.0;1.0;60;M;35759;35759;false;52;0.89;73.43;0.82;26;10;1000000;-1;3600;11.76;0.58;0.5;mslp;heur;0.35;0.12;-1;3600;60000;I;8;1.0;0.62;lr110;0;/dados/rmelo/PDPTW-SE/benchmark_multi_island_v5/official_experiments/multistartlp/preliminar/set_01_pt_03/logs;0;0;0;40.4;100.0;1;73;/dados/rmelo/PDPTW-SE/benchmark_multi_island_v5/official_experiments/multistartlp/preliminar/set_01_pt_03/logs/heur_mslp/solutions/08R_08V_04I_03M/lr110_sol_genconfig_mslp_seed_73_alpha_20p.txt;Gurobi;AUTOMATIC;17.58;_bash_4;_seed_73_alpha_20p;4206.27;1;1.99;/dados/rmelo/PDPTW-SE/benchmark_multi_island_v5/official_experiments/multistartlp/preliminar/set_01_pt_03/logs/heur_mslp/timelines/08R_08V_04I_03M/lr110_timeline_genconfig_mslp_seed_73_alpha_20p.txt;77.02;t1;0;672.2;false
0.2;0.03;0.05;0.08;0.0;0.0;7;/dados/rmelo/PDPTW-SE/benchmark_multi_island_v5/official_experiments/multistartlp/preliminar/set_01_pt_03/logs/heur_mslp/outputs/csvresults_heur_mslp_bash_4.csv;0;3;1;18;0;0.0;0.5;true;10;2;lr209_t2_08R_08V_04I_03M;/dados/rmelo/PDPTW-SE/benchmark_multi_island_v5/official_experiments/multistartlp/preliminar/set_01_pt_03/configs/genconfig_mslp.conf;genconfig_mslp;/dados/rmelo/PDPTW-SE/benchmark_multi_island_v5/official_experiments/multistartlp/preliminar/set_01_pt_03/logs/heur_mslp/gurobi/08R_08V_04I_03M/lr209_grb_genconfig_mslp_seed_73_alpha_20p.log;random;08R_08V_04I_03M;1;0;1;/dados/rmelo/PDPTW-SE/benchmark_multi_island_v5/official_experiments/multistartlp/preliminar/set_01_pt_03/../../../../instances/orig_ams_fg/08R_08V_04I_04M/t2/lr209/;60000;19806;0;851.55;17;9;H;50;95;0;100.0;30.0;true;0.95;100.0;1.0;1.0;1.0;1.0;60;M;59272;60000;false;46;0.56;81.38;0.82;23;10;1000000;-1;3600;22.42;0.31;0.66;mslp;heur;0.07;0.5;-1;3600;60000;I;8;1.0;0.25;lr209;0;/dados/rmelo/PDPTW-SE/benchmark_multi_island_v5/official_experiments/multistartlp/preliminar/set_01_pt_03/logs;0;0;0;0.0;98.79;1;73;/dados/rmelo/PDPTW-SE/benchmark_multi_island_v5/official_experiments/multistartlp/preliminar/set_01_pt_03/logs/heur_mslp/solutions/08R_08V_04I_03M/lr209_sol_genconfig_mslp_seed_73_alpha_20p.txt;Gurobi;AUTOMATIC;17.56;_bash_4;_seed_73_alpha_20p;13450.12;1;53.07;/dados/rmelo/PDPTW-SE/benchmark_multi_island_v5/official_experiments/multistartlp/preliminar/set_01_pt_03/logs/heur_mslp/timelines/08R_08V_04I_03M/lr209_timeline_genconfig_mslp_seed_73_alpha_20p.txt;158.33;t2;0;627.67;false
0.2;0.0;0.07;0.07;0.0;0.0;11;/dados/rmelo/PDPTW-SE/benchmark_multi_island_v5/official_experiments/multistartlp/preliminar/set_01_pt_03/logs/heur_mslp/outputs/csvresults_heur_mslp_bash_4.csv;0;3;1;26;0;0.0;0.5;true;14;2;lr109_t1_12R_12V_02I_03M;/dados/rmelo/PDPTW-SE/benchmark_multi_island_v5/official_experiments/multistartlp/preliminar/set_01_pt_03/configs/genconfig_mslp.conf;genconfig_mslp;/dados/rmelo/PDPTW-SE/benchmark_multi_island_v5/official_experiments/multistartlp/preliminar/set_01_pt_03/logs/heur_mslp/gurobi/12R_12V_02I_03M/lr109_grb_genconfig_mslp_seed_73_alpha_20p.log;random;12R_12V_02I_03M;1;0;1;/dados/rmelo/PDPTW-SE/benchmark_multi_island_v5/official_experiments/multistartlp/preliminar/set_01_pt_03/../../../../instances/orig_ams_fg/12R_12V_02I_04M/t1/lr109/;60000;3908;0;868.53;25;13;H;50;95;0;100.0;30.0;true;0.95;100.0;1.0;1.0;1.0;1.0;60;M;60000;60000;false;58;0.83;96.56;0.92;29;10;1000000;-1;3600;8.79;0.79;0.62;mslp;heur;0.73;0.21;-1;3600;60000;I;12;0.67;0.33;lr109;0;/dados/rmelo/PDPTW-SE/benchmark_multi_island_v5/official_experiments/multistartlp/preliminar/set_01_pt_03/logs;0;0;0;0.0;100.0;1;73;/dados/rmelo/PDPTW-SE/benchmark_multi_island_v5/official_experiments/multistartlp/preliminar/set_01_pt_03/logs/heur_mslp/solutions/12R_12V_02I_03M/lr109_sol_genconfig_mslp_seed_73_alpha_20p.txt;Gurobi;AUTOMATIC;17.79;_bash_4;_seed_73_alpha_20p;5272.14;1;8.84;/dados/rmelo/PDPTW-SE/benchmark_multi_island_v5/official_experiments/multistartlp/preliminar/set_01_pt_03/logs/heur_mslp/timelines/12R_12V_02I_03M/lr109_timeline_genconfig_mslp_seed_73_alpha_20p.txt;125.34;t1;0;722.63;false
0.2;0.01;0.02;0.02;0.0;0.0;7;/dados/rmelo/PDPTW-SE/benchmark_multi_island_v5/official_experiments/multistartlp/preliminar/set_01_pt_03/logs/heur_mslp/outputs/csvresults_heur_mslp_bash_4.csv;0;3;1;26;0;0.0;0.5;true;14;2;lr208_t2_12R_12V_02I_03M;/dados/rmelo/PDPTW-SE/benchmark_multi_island_v5/official_experiments/multistartlp/preliminar/set_01_pt_03/configs/genconfig_mslp.conf;genconfig_mslp;/dados/rmelo/PDPTW-SE/benchmark_multi_island_v5/official_experiments/multistartlp/preliminar/set_01_pt_03/logs/heur_mslp/gurobi/12R_12V_02I_03M/lr208_grb_genconfig_mslp_seed_73_alpha_20p.log;random;12R_12V_02I_03M;1;0;1;/dados/rmelo/PDPTW-SE/benchmark_multi_island_v5/official_experiments/multistartlp/preliminar/set_01_pt_03/../../../../instances/orig_ams_fg/12R_12V_02I_04M/t2/lr208/;60000;18937;0;1136.64;25;13;H;50;95;0;100.0;30.0;true;0.95;100.0;1.0;1.0;1.0;1.0;60;M;52764;60000;false;58;0.78;114.02;0.96;29;10;1000000;-1;3600;6.68;0.78;0.96;mslp;heur;0.78;0.96;-1;3600;60000;I;12;0.67;0.08;lr208;0;/dados/rmelo/PDPTW-SE/benchmark_multi_island_v5/official_experiments/multistartlp/preliminar/set_01_pt_03/logs;0;0;0;0.0;87.94;1;73;/dados/rmelo/PDPTW-SE/benchmark_multi_island_v5/official_experiments/multistartlp/preliminar/set_01_pt_03/logs/heur_mslp/solutions/12R_12V_02I_03M/lr208_sol_genconfig_mslp_seed_73_alpha_20p.txt;Gurobi;AUTOMATIC;17.77;_bash_4;_seed_73_alpha_20p;4007.19;1;77.8;/dados/rmelo/PDPTW-SE/benchmark_multi_island_v5/official_experiments/multistartlp/preliminar/set_01_pt_03/logs/heur_mslp/timelines/12R_12V_02I_03M/lr208_timeline_genconfig_mslp_seed_73_alpha_20p.txt;244.6;t2;0;779.35;false
0.2;0.14;0.26;0.4;0.0;0.0;9;/dados/rmelo/PDPTW-SE/benchmark_multi_island_v5/official_experiments/multistartlp/preliminar/set_01_pt_03/logs/heur_mslp/outputs/csvresults_heur_mslp_bash_4.csv;0;3;1;26;0;0.0;0.5;true;14;2;lr110_t1_12R_12V_04I_03M;/dados/rmelo/PDPTW-SE/benchmark_multi_island_v5/official_experiments/multistartlp/preliminar/set_01_pt_03/configs/genconfig_mslp.conf;genconfig_mslp;/dados/rmelo/PDPTW-SE/benchmark_multi_island_v5/official_experiments/multistartlp/preliminar/set_01_pt_03/logs/heur_mslp/gurobi/12R_12V_04I_03M/lr110_grb_genconfig_mslp_seed_73_alpha_20p.log;random;12R_12V_04I_03M;1;12987;1;/dados/rmelo/PDPTW-SE/benchmark_multi_island_v5/official_experiments/multistartlp/preliminar/set_01_pt_03/../../../../instances/orig_ams_fg/12R_12V_04I_04M/t1/lr110/;60000;17582;0;1076.31;25;13;H;50;95;0;100.0;30.0;true;0.95;100.0;1.0;1.0;1.0;1.0;60;M;47013;47013;false;52;0.72;75.02;0.76;26;10;1000000;-1;3600;13.64;0.57;0.46;mslp;heur;0.37;0.1;-1;3600;60000;I;12;1.0;0.5;lr110;0;/dados/rmelo/PDPTW-SE/benchmark_multi_island_v5/official_experiments/multistartlp/preliminar/set_01_pt_03/logs;0;0;0;21.64;100.0;1;73;/dados/rmelo/PDPTW-SE/benchmark_multi_island_v5/official_experiments/multistartlp/preliminar/set_01_pt_03/logs/heur_mslp/solutions/12R_12V_04I_03M/lr110_sol_genconfig_mslp_seed_73_alpha_20p.txt;Gurobi;AUTOMATIC;17.8;_bash_4;_seed_73_alpha_20p;6411.11;1;36.65;/dados/rmelo/PDPTW-SE/benchmark_multi_island_v5/official_experiments/multistartlp/preliminar/set_01_pt_03/logs/heur_mslp/timelines/12R_12V_04I_03M/lr110_timeline_genconfig_mslp_seed_73_alpha_20p.txt;123.68;t1;0;786.88;false
0.2;0.03;0.06;0.09;0.0;0.0;12;/dados/rmelo/PDPTW-SE/benchmark_multi_island_v5/official_experiments/multistartlp/preliminar/set_01_pt_03/logs/heur_mslp/outputs/csvresults_heur_mslp_bash_4.csv;0;3;1;26;0;0.0;0.5;true;14;2;lr207_t2_12R_12V_04I_03M;/dados/rmelo/PDPTW-SE/benchmark_multi_island_v5/official_experiments/multistartlp/preliminar/set_01_pt_03/configs/genconfig_mslp.conf;genconfig_mslp;/dados/rmelo/PDPTW-SE/benchmark_multi_island_v5/official_experiments/multistartlp/preliminar/set_01_pt_03/logs/heur_mslp/gurobi/12R_12V_04I_03M/lr207_grb_genconfig_mslp_seed_73_alpha_20p.log;random;12R_12V_04I_03M;1;0;1;/dados/rmelo/PDPTW-SE/benchmark_multi_island_v5/official_experiments/multistartlp/preliminar/set_01_pt_03/../../../../instances/orig_ams_fg/12R_12V_04I_04M/t2/lr207/;60000;43703;0;1796.06;25;13;H;50;95;0;100.0;30.0;true;0.95;100.0;1.0;1.0;1.0;1.0;60;M;59983;60000;false;40;0.9;90.05;0.97;20;10;1000000;-1;3600;14.65;0.9;0.97;mslp;heur;0.9;0.97;-1;3600;60000;I;12;1.0;0.08;lr207;0;/dados/rmelo/PDPTW-SE/benchmark_multi_island_v5/official_experiments/multistartlp/preliminar/set_01_pt_03/logs;0;0;0;0.0;99.97;1;73;/dados/rmelo/PDPTW-SE/benchmark_multi_island_v5/official_experiments/multistartlp/preliminar/set_01_pt_03/logs/heur_mslp/solutions/12R_12V_04I_03M/lr207_sol_genconfig_mslp_seed_73_alpha_20p.txt;Gurobi;AUTOMATIC;17.81;_bash_4;_seed_73_alpha_20p;8792.4;1;212.79;/dados/rmelo/PDPTW-SE/benchmark_multi_island_v5/official_experiments/multistartlp/preliminar/set_01_pt_03/logs/heur_mslp/timelines/12R_12V_04I_03M/lr207_timeline_genconfig_mslp_seed_73_alpha_20p.txt;291.47;t2;0;902.78;false
0.2;0.06;0.11;0.16;0.0;0.04;1;/dados/rmelo/PDPTW-SE/benchmark_multi_island_v5/official_experiments/multistartlp/preliminar/set_01_pt_03/logs/heur_mslp/outputs/csvresults_heur_mslp_bash_4.csv;0;5;1;82;0;0.0;0.5;true;42;2;LR1_2_6_t1_40R_40V_02I_05M;/dados/rmelo/PDPTW-SE/benchmark_multi_island_v5/official_experiments/multistartlp/preliminar/set_01_pt_03/configs/genconfig_mslp.conf;genconfig_mslp;/dados/rmelo/PDPTW-SE/benchmark_multi_island_v5/official_experiments/multistartlp/preliminar/set_01_pt_03/logs/heur_mslp/gurobi/40R_40V_02I_05M/LR1_2_6_grb_genconfig_mslp_seed_73_alpha_20p.log;random;40R_40V_02I_05M;1;59997;1;/dados/rmelo/PDPTW-SE/benchmark_multi_island_v5/official_experiments/multistartlp/preliminar/set_01_pt_03/../../../../instances/orig_ams_fg/40R_40V_02I_06M/t1/LR1_2_6/;60000;1;0;6914.26;81;41;H;50;95;0;100.0;30.0;true;0.95;100.0;1.0;1.0;1.0;1.0;60;M;3;3;false;72;0.93;213.59;1.0;36;10;1000000;-1;3600;5.03;0.68;0.58;mslp;heur;0.3;0.12;-1;3600;60000;I;40;1.0;0.35;LR1_2_6;0;/dados/rmelo/PDPTW-SE/benchmark_multi_island_v5/official_experiments/multistartlp/preliminar/set_01_pt_03/logs;0;0;0;100.0;100.0;1;73;/dados/rmelo/PDPTW-SE/benchmark_multi_island_v5/official_experiments/multistartlp/preliminar/set_01_pt_03/logs/heur_mslp/solutions/40R_40V_02I_05M/LR1_2_6_sol_genconfig_mslp_seed_73_alpha_20p.txt;Gurobi;AUTOMATIC;17.72;_bash_4;_seed_73_alpha_20p;0.15;1;0.01;/dados/rmelo/PDPTW-SE/benchmark_multi_island_v5/official_experiments/multistartlp/preliminar/set_01_pt_03/logs/heur_mslp/timelines/40R_40V_02I_05M/LR1_2_6_timeline_genconfig_mslp_seed_73_alpha_20p.txt;183.61;t1;0;6037.52;false
0.2;0.01;0.03;0.04;0.0;0.07;11;/dados/rmelo/PDPTW-SE/benchmark_multi_island_v5/official_experiments/multistartlp/preliminar/set_01_pt_03/logs/heur_mslp/outputs/csvresults_heur_mslp_bash_4.csv;0;5;1;82;0;0.0;0.5;true;42;2;LR2_2_10_t2_40R_40V_02I_05M;/dados/rmelo/PDPTW-SE/benchmark_multi_island_v5/official_experiments/multistartlp/preliminar/set_01_pt_03/configs/genconfig_mslp.conf;genconfig_mslp;/dados/rmelo/PDPTW-SE/benchmark_multi_island_v5/official_experiments/multistartlp/preliminar/set_01_pt_03/logs/heur_mslp/gurobi/40R_40V_02I_05M/LR2_2_10_grb_genconfig_mslp_seed_73_alpha_20p.log;random;40R_40V_02I_05M;1;0;1;/dados/rmelo/PDPTW-SE/benchmark_multi_island_v5/official_experiments/multistartlp/preliminar/set_01_pt_03/../../../../instances/orig_ams_fg/40R_40V_02I_06M/t2/LR2_2_10/;60000;57173;0;9045.38;81;41;H;50;95;0;100.0;30.0;true;0.95;100.0;1.0;1.0;1.0;1.0;60;M;60000;60000;false;80;0.85;269.32;1.0;40;10;1000000;-1;3600;6.28;0.52;0.9;mslp;heur;0.05;0.56;-1;3600;60000;I;40;0.8;0.12;LR2_2_10;0;/dados/rmelo/PDPTW-SE/benchmark_multi_island_v5/official_experiments/multistartlp/preliminar/set_01_pt_03/logs;0;0;0;0.0;100.0;1;73;/dados/rmelo/PDPTW-SE/benchmark_multi_island_v5/official_experiments/multistartlp/preliminar/set_01_pt_03/logs/heur_mslp/solutions/40R_40V_02I_05M/LR2_2_10_sol_genconfig_mslp_seed_73_alpha_20p.txt;Gurobi;AUTOMATIC;17.59;_bash_4;_seed_73_alpha_20p;3769.23;1;1231.11;/dados/rmelo/PDPTW-SE/benchmark_multi_island_v5/official_experiments/multistartlp/preliminar/set_01_pt_03/logs/heur_mslp/timelines/40R_40V_02I_05M/LR2_2_10_timeline_genconfig_mslp_seed_73_alpha_20p.txt;1291.58;t2;0;6562.85;false
0.2;0.1;0.16;0.26;0.0;0.03;10;/dados/rmelo/PDPTW-SE/benchmark_multi_island_v5/official_experiments/multistartlp/preliminar/set_01_pt_03/logs/heur_mslp/outputs/csvresults_heur_mslp_bash_4.csv;0;5;1;82;0;0.0;0.5;true;42;2;LR1_2_10_t1_40R_40V_04I_05M;/dados/rmelo/PDPTW-SE/benchmark_multi_island_v5/official_experiments/multistartlp/preliminar/set_01_pt_03/configs/genconfig_mslp.conf;genconfig_mslp;/dados/rmelo/PDPTW-SE/benchmark_multi_island_v5/official_experiments/multistartlp/preliminar/set_01_pt_03/logs/heur_mslp/gurobi/40R_40V_04I_05M/LR1_2_10_grb_genconfig_mslp_seed_73_alpha_20p.log;random;40R_40V_04I_05M;1;36282;1;/dados/rmelo/PDPTW-SE/benchmark_multi_island_v5/official_experiments/multistartlp/preliminar/set_01_pt_03/../../../../instances/orig_ams_fg/40R_40V_04I_06M/t1/LR1_2_10/;60000;6610;0;5767.15;81;41;H;50;95;0;100.0;30.0;true;0.95;100.0;1.0;1.0;1.0;1.0;60;M;23718;23718;false;72;0.98;175.77;0.96;36;10;1000000;-1;3600;7.24;0.68;0.74;mslp;heur;0.23;0.3;-1;3600;60000;I;40;1.0;0.25;LR1_2_10;0;/dados/rmelo/PDPTW-SE/benchmark_multi_island_v5/official_experiments/multistartlp/preliminar/set_01_pt_03/logs;0;0;0;60.47;100.0;1;73;/dados/rmelo/PDPTW-SE/benchmark_multi_island_v5/official_experiments/multistartlp/preliminar/set_01_pt_03/logs/heur_mslp/solutions/40R_40V_04I_05M/LR1_2_10_sol_genconfig_mslp_seed_73_alpha_20p.txt;Gurobi;AUTOMATIC;17.61;_bash_4;_seed_73_alpha_20p;1717.15;1;75.44;/dados/rmelo/PDPTW-SE/benchmark_multi_island_v5/official_experiments/multistartlp/preliminar/set_01_pt_03/logs/heur_mslp/timelines/40R_40V_04I_05M/LR1_2_10_timeline_genconfig_mslp_seed_73_alpha_20p.txt;686.03;t1;0;4297.34;false
0.2;0.05;0.09;0.14;0.0;0.01;3;/dados/rmelo/PDPTW-SE/benchmark_multi_island_v5/official_experiments/multistartlp/preliminar/set_01_pt_03/logs/heur_mslp/outputs/csvresults_heur_mslp_bash_4.csv;0;5;1;82;0;0.0;0.5;true;42;2;LR2_2_7_t2_40R_40V_04I_05M;/dados/rmelo/PDPTW-SE/benchmark_multi_island_v5/official_experiments/multistartlp/preliminar/set_01_pt_03/configs/genconfig_mslp.conf;genconfig_mslp;/dados/rmelo/PDPTW-SE/benchmark_multi_island_v5/official_experiments/multistartlp/preliminar/set_01_pt_03/logs/heur_mslp/gurobi/40R_40V_04I_05M/LR2_2_7_grb_genconfig_mslp_seed_73_alpha_20p.log;random;40R_40V_04I_05M;1;0;1;/dados/rmelo/PDPTW-SE/benchmark_multi_island_v5/official_experiments/multistartlp/preliminar/set_01_pt_03/../../../../instances/orig_ams_fg/40R_40V_04I_06M/t2/LR2_2_7/;59899;8264;0;7987.61;81;41;H;50;95;0;100.0;30.0;true;0.95;100.0;1.0;1.0;1.0;1.0;60;M;59896;59899;false;78;0.81;188.0;0.99;39;10;1000000;-1;3600;2.57;0.75;0.97;mslp;heur;0.65;0.95;-1;3600;60000;I;40;1.0;0.08;LR2_2_7;0;/dados/rmelo/PDPTW-SE/benchmark_multi_island_v5/official_experiments/multistartlp/preliminar/set_01_pt_03/logs;0;0;0;0.0;100.0;1;73;/dados/rmelo/PDPTW-SE/benchmark_multi_island_v5/official_experiments/multistartlp/preliminar/set_01_pt_03/logs/heur_mslp/solutions/40R_40V_04I_05M/LR2_2_7_sol_genconfig_mslp_seed_73_alpha_20p.txt;Gurobi;AUTOMATIC;17.71;_bash_4;_seed_73_alpha_20p;1541.7;1;496.6;/dados/rmelo/PDPTW-SE/benchmark_multi_island_v5/official_experiments/multistartlp/preliminar/set_01_pt_03/logs/heur_mslp/timelines/40R_40V_04I_05M/LR2_2_7_timeline_genconfig_mslp_seed_73_alpha_20p.txt;3600.05;t2;0;5697.48;false
0.2;0.03;0.06;0.09;0.01;0.19;0;/dados/rmelo/PDPTW-SE/benchmark_multi_island_v5/official_experiments/multistartlp/preliminar/set_01_pt_03/logs/heur_mslp/outputs/csvresults_heur_mslp_bash_4.csv;0;5;1;122;0;0.0;0.5;false;62;2;LR1_2_6_t1_60R_60V_02I_05M;/dados/rmelo/PDPTW-SE/benchmark_multi_island_v5/official_experiments/multistartlp/preliminar/set_01_pt_03/configs/genconfig_mslp.conf;genconfig_mslp;/dados/rmelo/PDPTW-SE/benchmark_multi_island_v5/official_experiments/multistartlp/preliminar/set_01_pt_03/logs/heur_mslp/gurobi/60R_60V_02I_05M/LR1_2_6_grb_genconfig_mslp_seed_73_alpha_20p.log;random;60R_60V_02I_05M;1;60000;1;/dados/rmelo/PDPTW-SE/benchmark_multi_island_v5/official_experiments/multistartlp/preliminar/set_01_pt_03/../../../../instances/orig_ams_fg/60R_60V_02I_06M/t1/LR1_2_6/;60000;0;0;0.0;121;61;H;50;95;0;100.0;30.0;true;0.95;100.0;1.0;1.0;1.0;1.0;60;M;0;0;false;82;0.96;277.16;0.61;41;10;1000000;-1;3600;0.0;0.63;0.32;mslp;heur;0.45;0.01;-1;3600;60000;I;60;1.0;0.22;LR1_2_6;0;/dados/rmelo/PDPTW-SE/benchmark_multi_island_v5/official_experiments/multistartlp/preliminar/set_01_pt_03/logs;0;0;0;100.0;0.0;1;73;/dados/rmelo/PDPTW-SE/benchmark_multi_island_v5/official_experiments/multistartlp/preliminar/set_01_pt_03/logs/heur_mslp/solutions/60R_60V_02I_05M/LR1_2_6_sol_genconfig_mslp_seed_73_alpha_20p.txt;Gurobi;AUTOMATIC;17.7;_bash_4;_seed_73_alpha_20p;0.0;1;0.0;/dados/rmelo/PDPTW-SE/benchmark_multi_island_v5/official_experiments/multistartlp/preliminar/set_01_pt_03/logs/heur_mslp/timelines/60R_60V_02I_05M/LR1_2_6_timeline_genconfig_mslp_seed_73_alpha_20p.txt;197.52;t1;0;Inf;false
0.2;0.0;0.01;0.02;0.0;0.0;5;/dados/rmelo/PDPTW-SE/benchmark_multi_island_v5/official_experiments/multistartlp/preliminar/set_01_pt_03/logs/heur_mslp/outputs/csvresults_heur_mslp_bash_4.csv;0;5;1;122;0;0.0;0.5;true;62;2;LR2_2_8_t2_60R_60V_02I_05M;/dados/rmelo/PDPTW-SE/benchmark_multi_island_v5/official_experiments/multistartlp/preliminar/set_01_pt_03/configs/genconfig_mslp.conf;genconfig_mslp;/dados/rmelo/PDPTW-SE/benchmark_multi_island_v5/official_experiments/multistartlp/preliminar/set_01_pt_03/logs/heur_mslp/gurobi/60R_60V_02I_05M/LR2_2_8_grb_genconfig_mslp_seed_73_alpha_20p.log;random;60R_60V_02I_05M;1;0;1;/dados/rmelo/PDPTW-SE/benchmark_multi_island_v5/official_experiments/multistartlp/preliminar/set_01_pt_03/../../../../instances/orig_ams_fg/60R_60V_02I_06M/t2/LR2_2_8/;36486;18403;0;9393.09;121;61;H;50;95;0;100.0;30.0;true;0.95;100.0;1.0;1.0;1.0;1.0;60;M;36386;36486;false;80;0.93;227.5;1.0;40;10;1000000;-1;3600;1.8;0.7;0.91;mslp;heur;0.23;0.78;-1;3600;60000;I;60;0.6;0.07;LR2_2_8;0;/dados/rmelo/PDPTW-SE/benchmark_multi_island_v5/official_experiments/multistartlp/preliminar/set_01_pt_03/logs;0;0;0;0.0;99.73;1;73;/dados/rmelo/PDPTW-SE/benchmark_multi_island_v5/official_experiments/multistartlp/preliminar/set_01_pt_03/logs/heur_mslp/solutions/60R_60V_02I_05M/LR2_2_8_sol_genconfig_mslp_seed_73_alpha_20p.txt;Gurobi;AUTOMATIC;17.81;_bash_4;_seed_73_alpha_20p;656.33;1;1817.88;/dados/rmelo/PDPTW-SE/benchmark_multi_island_v5/official_experiments/multistartlp/preliminar/set_01_pt_03/logs/heur_mslp/timelines/60R_60V_02I_05M/LR2_2_8_timeline_genconfig_mslp_seed_73_alpha_20p.txt;3600.01;t2;0;7096.34;false
0.2;0.12;0.17;0.29;0.01;0.09;1;/dados/rmelo/PDPTW-SE/benchmark_multi_island_v5/official_experiments/multistartlp/preliminar/set_01_pt_03/logs/heur_mslp/outputs/csvresults_heur_mslp_bash_4.csv;0;5;1;122;0;0.0;0.5;true;62;2;LR1_2_6_t1_60R_60V_04I_05M;/dados/rmelo/PDPTW-SE/benchmark_multi_island_v5/official_experiments/multistartlp/preliminar/set_01_pt_03/configs/genconfig_mslp.conf;genconfig_mslp;/dados/rmelo/PDPTW-SE/benchmark_multi_island_v5/official_experiments/multistartlp/preliminar/set_01_pt_03/logs/heur_mslp/gurobi/60R_60V_04I_05M/LR1_2_6_grb_genconfig_mslp_seed_73_alpha_20p.log;random;60R_60V_04I_05M;1;59999;1;/dados/rmelo/PDPTW-SE/benchmark_multi_island_v5/official_experiments/multistartlp/preliminar/set_01_pt_03/../../../../instances/orig_ams_fg/60R_60V_04I_06M/t1/LR1_2_6/;60000;1;0;8335.07;121;61;H;50;95;0;100.0;30.0;true;0.95;100.0;1.0;1.0;1.0;1.0;60;M;1;1;false;82;0.93;184.15;0.96;41;10;1000000;-1;3600;5.47;0.57;0.63;mslp;heur;0.25;0.13;-1;3600;60000;I;60;1.0;0.28;LR1_2_6;0;/dados/rmelo/PDPTW-SE/benchmark_multi_island_v5/official_experiments/multistartlp/preliminar/set_01_pt_03/logs;0;0;0;100.0;100.0;1;73;/dados/rmelo/PDPTW-SE/benchmark_multi_island_v5/official_experiments/multistartlp/preliminar/set_01_pt_03/logs/heur_mslp/solutions/60R_60V_04I_05M/LR1_2_6_sol_genconfig_mslp_seed_73_alpha_20p.txt;Gurobi;AUTOMATIC;17.86;_bash_4;_seed_73_alpha_20p;0.05;1;0.03;/dados/rmelo/PDPTW-SE/benchmark_multi_island_v5/official_experiments/multistartlp/preliminar/set_01_pt_03/logs/heur_mslp/timelines/60R_60V_04I_05M/LR1_2_6_timeline_genconfig_mslp_seed_73_alpha_20p.txt;406.01;t1;0;7879.32;false
