Set parameter WLSAccessID
Set parameter WLSSecret
Set parameter LicenseID to value 2661775
Academic license 2661775 - for non-commercial use only - registered to me___@dcc.ufba.br
Parameter 'method_type' with value 'form' successfully set as form of type <class 'str'>
Parameter 'method_code' with value 'melo_hx' successfully set as melo_hx of type <class 'str'>
Parameter 'seed' with value '0' successfully set as 0 of type <class 'int'>
Parameter 'hx_max_time' with value '3600' successfully set as 3600 of type <class 'int'>
Parameter 'threads' with value '8' successfully set as 8 of type <class 'int'>
Parameter 'print_sol' with value '1' successfully set as 1 of type <class 'int'>
Parameter 'constraints_used_melo_mip_str' with value '1-29' successfully set as 1-29 of type <class 'str'>
Instance: lr201_t2_10R_10V_04I_03M
ParameterData(inst_path='/dados/rmelo/PDPTW-SE/benchmark_multi_island_v5/official_experiments/mip_hexaly/set_02_pt_03/../../../instances/orig_ams_fg/10R_10V_04I_04M/t2/lr201/', name='lr201', type='t2', group='10R_10V_04I_03M', full_name='lr201_t2_10R_10V_04I_03M', method_type='form', method_code='melo_hx', gen_config_file='/dados/rmelo/PDPTW-SE/benchmark_multi_island_v5/official_experiments/mip_hexaly/set_02_pt_03/configs/genconfig_melo_hx.conf', gen_config_filename='genconfig_melo_hx', greedy_service_order='tightest_tw', cutoff=0, cutoff_machs=3, solver='Gurobi', max_time=7200, gurobi_cuts=1, type_user_cut=0, mip_presolve=-1, print_sol=1, max_nodes=-1, elevator=0, make_instance_feasible=False, output='/dados/rmelo/PDPTW-SE/benchmark_multi_island_v5/official_experiments/mip_hexaly/set_02_pt_03/logs', epsilon=0.005, epsilon_cap=0.5, warm_start=False, seed=0, rng=<random.Random object at 0x5571f29f5e90>, alpha=0.2, max_iter=1000000, output_flag_grb_mip=0, output_flag_grb_mslp=0, output_flag_grb_lmns=0, mslp_r='M', mslp_a='60', lmns_r='M', lmns_a='60', lmns_repair_time=30.0, lmns_mip_focus=0, lmns_gap_to_bigger_destruction=50, lmns_gap_to_smaller_destruction=95, lmns_weight_shaw_dist_prox=1.0, lmns_weight_shaw_earl_prox=1.0, lmns_weight_shaw_same_route=1.0, lmns_weight_shaw_demand_sim=1.0, lmns_req_r_apply_mip_start=True, lmns_acceptance_criteria='H', lmns_metropolis_temp=100.0, lmns_simulated_annealing_temp=100.0, lmns_simulated_annealing_cool=0.95, mip_max_time=3600, hx_max_time=3600, csv_file_name='', sol_file_name='', timeline_file_name='', grb_file_name='', validate_synchronization=True, constraints_used_melo_mip_str='1-29', constraints_used_melo_mip=None, run_callback_melo_mip=False, mip_heuristics=0.05, threads=8)
Constraints active in melo MIP
1 2 3 4 5 6 7 8 9 10 11 12 13 14 15 16 17 18 19 20 21 22 23 24 25 26 27 28 29 
[Reading Data] Using files at /dados/rmelo/PDPTW-SE/benchmark_multi_island_v5/official_experiments/mip_hexaly/set_02_pt_03/../../../instances/orig_ams_fg/10R_10V_04I_04M/t2/lr201/
vehicles: [Vehicle(id=0, cap=34), Vehicle(id=1, cap=43), Vehicle(id=2, cap=52), Vehicle(id=3, cap=52), Vehicle(id=4, cap=43), Vehicle(id=5, cap=34), Vehicle(id=6, cap=52), Vehicle(id=7, cap=34), Vehicle(id=8, cap=43), Vehicle(id=9, cap=52)]
vehicle_types: [Vehicle(id=7, cap=34), Vehicle(id=8, cap=43), Vehicle(id=9, cap=52)]
machines: [Machine(id=0, points=[Point(x=38, y=35, z=0), Point(x=22, y=52, z=1), Point(x=21, y=38, z=2), Point(x=40, y=51, z=3)], spd=1.0), Machine(id=1, points=[Point(x=34, y=32, z=0), Point(x=23, y=52, z=1), Point(x=21, y=37, z=2), Point(x=39, y=52, z=3)], spd=1.0), Machine(id=2, points=[Point(x=39, y=35, z=0), Point(x=23, y=53, z=1), Point(x=18, y=41, z=2), Point(x=39, y=53, z=3)], spd=1.0)]
refs: [0, 2, 3, 5, 6, 7, 8, 9, 10, 12, 13, 18, 4, 11, 16, 17, 20, 19, 14, 15, 1, 0]
V: [0, 1, 2, 3, 4, 5, 6, 7, 8, 9, 10, 11, 12, 13, 14, 15, 16, 17, 18, 19, 20]
V_p: [1, 2, 3, 4, 5, 6, 7, 8, 9, 10]
V_d: [11, 12, 13, 14, 15, 16, 17, 18, 19, 20]
V_p_d: [1, 2, 3, 4, 5, 6, 7, 8, 9, 10, 11, 12, 13, 14, 15, 16, 17, 18, 19, 20]
Vprime: [0, 1, 2, 3, 4, 5, 6, 7, 8, 9, 10, 11, 12, 13, 14, 15, 16, 17, 18, 19, 20, 21]
q: [0, 7, 26, 9, 16, 19, 20, 8, 19, 17, 9, -7, -26, -9, -16, -19, -20, -8, -19, -17, -9, 0]
H: [0, 1, 2]
Machine points:
# Machine 0
	Point(x=38, y=35, z=0)
	Point(x=22, y=52, z=1)
	Point(x=21, y=38, z=2)
	Point(x=40, y=51, z=3)

# Machine 1
	Point(x=34, y=32, z=0)
	Point(x=23, y=52, z=1)
	Point(x=21, y=37, z=2)
	Point(x=39, y=52, z=3)

# Machine 2
	Point(x=39, y=35, z=0)
	Point(x=23, y=53, z=1)
	Point(x=18, y=41, z=2)
	Point(x=39, y=53, z=3)

f: [[0 0 0]
 [0 0 0]
 [2 2 2]
 [2 2 2]
 [1 1 1]
 [0 0 0]
 [2 2 2]
 [0 0 0]
 [2 2 2]
 [1 1 1]
 [3 3 3]
 [0 0 0]
 [1 1 1]
 [2 2 2]
 [3 3 3]
 [3 3 3]
 [2 2 2]
 [2 2 2]
 [0 0 0]
 [1 1 1]
 [3 3 3]
 [0 0 0]]
(0, 0, 0) 0.0
(0, 1, 0) 23.35
(0, 2, 0) 17.26
(0, 3, 0) 16.12
(1, 0, 0) 23.35
(1, 1, 0) 0.0
(1, 2, 0) 14.04
(1, 3, 0) 18.03
(2, 0, 0) 17.26
(2, 1, 0) 14.04
(2, 2, 0) 0.0
(2, 3, 0) 23.02
(3, 0, 0) 16.12
(3, 1, 0) 18.03
(3, 2, 0) 23.02
(3, 3, 0) 0.0
(0, 0, 1) 0.0
(0, 1, 1) 22.83
(0, 2, 1) 13.93
(0, 3, 1) 20.62
(1, 0, 1) 22.83
(1, 1, 1) 0.0
(1, 2, 1) 15.13
(1, 3, 1) 16.0
(2, 0, 1) 13.93
(2, 1, 1) 15.13
(2, 2, 1) 0.0
(2, 3, 1) 23.43
(3, 0, 1) 20.62
(3, 1, 1) 16.0
(3, 2, 1) 23.43
(3, 3, 1) 0.0
(0, 0, 2) 0.0
(0, 1, 2) 24.08
(0, 2, 2) 21.84
(0, 3, 2) 18.0
(1, 0, 2) 24.08
(1, 1, 2) 0.0
(1, 2, 2) 13.0
(1, 3, 2) 16.0
(2, 0, 2) 21.84
(2, 1, 2) 13.0
(2, 2, 2) 0.0
(2, 3, 2) 24.19
(3, 0, 2) 18.0
(3, 1, 2) 16.0
(3, 2, 2) 24.19
(3, 3, 2) 0.0
Number of arcs: 148
M:  (0, np.int64(0)) (1, np.int64(79)) (2, np.int64(1083)) (3, np.int64(1073)) (4, np.int64(1043)) (5, np.int64(1033)) (6, np.int64(1057)) (7, np.int64(1050)) (8, np.int64(26))
JOBS in the order of refs (Vprime)
Node 0: Job(id=0, point=Point(x=35, y=35, z=0), dem=0, earl=0, lat=1000, servt=0, pid=0, did=0)
Node 1: Job(id=2, point=Point(x=35, y=17, z=0), dem=7, earl=143, lat=282, servt=10, pid=0, did=72)
Node 2: Job(id=5, point=Point(x=15, y=30, z=2), dem=26, earl=34, lat=209, servt=10, pid=0, did=7)
Node 3: Job(id=8, point=Point(x=10, y=43, z=2), dem=9, earl=404, lat=481, servt=10, pid=0, did=18)
Node 4: Job(id=10, point=Point(x=30, y=60, z=1), dem=16, earl=577, lat=632, servt=10, pid=0, did=70)
Node 5: Job(id=12, point=Point(x=50, y=35, z=0), dem=19, earl=228, lat=345, servt=10, pid=0, did=71)
Node 6: Job(id=14, point=Point(x=15, y=10, z=2), dem=20, earl=32, lat=243, servt=10, pid=0, did=99)
Node 7: Job(id=15, point=Point(x=30, y=5, z=0), dem=8, earl=175, lat=300, servt=10, pid=0, did=97)
Node 8: Job(id=16, point=Point(x=10, y=20, z=2), dem=19, earl=272, lat=373, servt=10, pid=0, did=58)
Node 9: Job(id=19, point=Point(x=15, y=60, z=1), dem=17, earl=269, lat=378, servt=10, pid=0, did=62)
Node 10: Job(id=20, point=Point(x=45, y=65, z=3), dem=9, earl=581, lat=666, servt=10, pid=0, did=1)
Node 11: Job(id=72, point=Point(x=47, y=16, z=0), dem=-7, earl=31, lat=208, servt=10, pid=2, did=0)
Node 12: Job(id=7, point=Point(x=20, y=50, z=1), dem=-26, earl=331, lat=410, servt=10, pid=5, did=0)
Node 13: Job(id=18, point=Point(x=20, y=40, z=2), dem=-9, earl=377, lat=434, servt=10, pid=8, did=0)
Node 14: Job(id=70, point=Point(x=37, y=56, z=3), dem=-16, earl=788, lat=968, servt=10, pid=10, did=0)
Node 15: Job(id=71, point=Point(x=57, y=68, z=3), dem=-19, earl=268, lat=367, servt=10, pid=12, did=0)
Node 16: Job(id=99, point=Point(x=20, y=26, z=2), dem=-20, earl=333, lat=432, servt=10, pid=14, did=0)
Node 17: Job(id=97, point=Point(x=25, y=21, z=2), dem=-8, earl=612, lat=673, servt=10, pid=15, did=0)
Node 18: Job(id=58, point=Point(x=36, y=26, z=0), dem=-19, earl=849, lat=980, servt=10, pid=16, did=0)
Node 19: Job(id=62, point=Point(x=24, y=58, z=1), dem=-17, earl=163, lat=302, servt=10, pid=19, did=0)
Node 20: Job(id=1, point=Point(x=41, y=49, z=3), dem=-9, earl=707, lat=848, servt=10, pid=20, did=0)
Node 21: Job(id=0, point=Point(x=35, y=35, z=0), dem=0, earl=0, lat=1000, servt=0, pid=0, did=0)

### Preprocessing Data ###
	-> arcs: 484 (100.0%)
	-> arc_removals: 336 (69.42%)
	-> arc_removals_is_loop: 22 (4.55%)
	-> arc_removals_is_delivery_to_pickup: 12 (2.48%)
	-> arc_removals_is_depot_begin_to_delivery: 10 (2.07%)
	-> arc_removals_is_pickup_to_depot_end: 10 (2.07%)
	-> arc_removals_is_dest_depot_begin: 20 (4.13%)
	-> arc_removals_is_orig_depot_end: 19 (3.93%)
	-> arc_removals_is_capacity_violated: 0 (0.0%)
	-> arc_removals_is_time_window_limited: 169 (34.92%)
	-> arc_removals_is_time_window_pairing_limited: 57 (11.78%)
	-> arc_removals_is_indirect_request_service_impossible: 17 (3.51%)
	-> gamma_vars: 34562 (100.0%)
	-> feas_gamma_vars: 25790 (74.62%)
	-> infeas_gamma_vars_is_next_mtrv_unreachable: 8450 (24.45%)
	-> infeas_gamma_vars_is_iprime_jprime_eq_i_j: 322 (0.93%)
	-> machine_removal_for_an_arc: 2 (0.41%)
##########################

### Model variables summary ###
	-> Total number of variables: 28174
		- x: 1480
		- z: 220
		- t: 20
		- tstart: 10
		- tfinal: 10
		- phi: 322
		- alpha: 322
		- gamma: 25790
	-> Number of binary variables: 27812


[17:20:14] Adding routing constraints
[17:20:14] Adding scheduling constraints
[17:20:14] Adding objective function

Model:  expressions = 377511, decisions = 28184, constraints = 106455, objectives = 1
Param:  time limit = 3600 sec, no iteration limit, nb threads = 8
        seed = 0

[objective direction ]:     minimize

[  0 sec,       0 itr]: No feasible solution found (infeas = 70)
[  1 sec,       0 itr]: No feasible solution found (infeas = 70)
[  2 sec,    4586 itr]: No feasible solution found (infeas = 70)
[  3 sec,    7917 itr]: No feasible solution found (infeas = 70)
[  4 sec,   16054 itr]: No feasible solution found (infeas = 70)
[  5 sec,   16054 itr]: No feasible solution found (infeas = 70)
[  6 sec,   19824 itr]: No feasible solution found (infeas = 70)
[  7 sec,   28244 itr]: No feasible solution found (infeas = 70)
[  8 sec,   28244 itr]: No feasible solution found (infeas = 70)
[  9 sec,   37170 itr]: No feasible solution found (infeas = 70)
[ 10 sec,   37170 itr]: No feasible solution found (infeas = 70)
[ 11 sec,   41676 itr]: No feasible solution found (infeas = 70)
[ 12 sec,   46079 itr]: No feasible solution found (infeas = 70)
[ 13 sec,   50330 itr]: No feasible solution found (infeas = 70)
[ 14 sec,   54899 itr]: No feasible solution found (infeas = 70)
[ 15 sec,   59647 itr]: No feasible solution found (infeas = 15)
[ 16 sec,   64163 itr]: No feasible solution found (infeas = 11)
[ 17 sec,   73440 itr]: No feasible solution found (infeas = 11)
[ 18 sec,   73440 itr]: No feasible solution found (infeas = 11)
[ 19 sec,   78231 itr]: No feasible solution found (infeas = 11)
[ 20 sec,   82759 itr]: No feasible solution found (infeas = 11)
[ 21 sec,   87658 itr]: No feasible solution found (infeas = 11)
[ 22 sec,   97127 itr]: No feasible solution found (infeas = 11)
[ 23 sec,  101614 itr]: No feasible solution found (infeas = 11)
[ 24 sec,  106265 itr]: No feasible solution found (infeas = 11)
[ 25 sec,  106265 itr]: No feasible solution found (infeas = 11)
[ 26 sec,  110799 itr]: No feasible solution found (infeas = 11)
[ 27 sec,  115268 itr]: No feasible solution found (infeas = 10)
[ 28 sec,  119234 itr]: No feasible solution found (infeas = 10)
[ 29 sec,  123893 itr]: No feasible solution found (infeas = 10)
[ 30 sec,  128574 itr]: No feasible solution found (infeas = 10)
[ 31 sec,  133144 itr]: No feasible solution found (infeas = 10)
[ 32 sec,  137663 itr]: No feasible solution found (infeas = 10)
[ 33 sec,  145632 itr]: No feasible solution found (infeas = 8)
[ 34 sec,  145632 itr]: No feasible solution found (infeas = 8)
[ 35 sec,  149250 itr]: No feasible solution found (infeas = 6)
[ 36 sec,  153092 itr]: No feasible solution found (infeas = 6)
[ 37 sec,  156811 itr]: No feasible solution found (infeas = 6)
[ 38 sec,  164727 itr]: No feasible solution found (infeas = 6)
[ 39 sec,  164727 itr]: No feasible solution found (infeas = 6)
[ 40 sec,  169271 itr]: No feasible solution found (infeas = 6)
[ 41 sec,  173454 itr]: No feasible solution found (infeas = 6)
[ 42 sec,  177882 itr]: No feasible solution found (infeas = 6)
[ 43 sec,  182111 itr]: No feasible solution found (infeas = 6)
[ 44 sec,  186127 itr]: No feasible solution found (infeas = 6)
[ 45 sec,  190565 itr]: No feasible solution found (infeas = 6)
[ 46 sec,  195166 itr]: No feasible solution found (infeas = 6)
[ 47 sec,  199594 itr]: No feasible solution found (infeas = 6)
[ 48 sec,  204318 itr]: No feasible solution found (infeas = 6)
[ 49 sec,  212562 itr]: No feasible solution found (infeas = 6)
[ 50 sec,  212562 itr]: No feasible solution found (infeas = 6)
[ 51 sec,  216809 itr]: No feasible solution found (infeas = 6)
[ 52 sec,  225723 itr]: No feasible solution found (infeas = 6)
[ 53 sec,  225723 itr]: No feasible solution found (infeas = 6)
[ 54 sec,  229940 itr]: No feasible solution found (infeas = 6)
[ 55 sec,  233795 itr]: No feasible solution found (infeas = 6)
[ 56 sec,  242350 itr]: No feasible solution found (infeas = 6)
[ 57 sec,  242350 itr]: No feasible solution found (infeas = 6)
[ 58 sec,  246761 itr]: No feasible solution found (infeas = 6)
[ 59 sec,  250851 itr]: No feasible solution found (infeas = 6)
[ 60 sec,  258832 itr]: No feasible solution found (infeas = 6)
[ 61 sec,  263281 itr]: No feasible solution found (infeas = 6)
[ 62 sec,  263281 itr]: No feasible solution found (infeas = 6)
[ 63 sec,  267856 itr]: No feasible solution found (infeas = 6)
[ 64 sec,  275831 itr]: No feasible solution found (infeas = 6)
[ 65 sec,  280199 itr]: No feasible solution found (infeas = 6)
[ 66 sec,  280199 itr]: No feasible solution found (infeas = 6)
[ 67 sec,  284269 itr]: No feasible solution found (infeas = 6)
[ 68 sec,  288455 itr]: No feasible solution found (infeas = 6)
[ 69 sec,  292796 itr]: No feasible solution found (infeas = 6)
[ 70 sec,  297217 itr]: No feasible solution found (infeas = 6)
[ 71 sec,  301425 itr]: No feasible solution found (infeas = 6)
[ 72 sec,  305978 itr]: No feasible solution found (infeas = 6)
[ 73 sec,  310293 itr]: No feasible solution found (infeas = 6)
[ 74 sec,  314740 itr]: No feasible solution found (infeas = 6)
[ 75 sec,  323664 itr]: No feasible solution found (infeas = 6)
[ 76 sec,  323664 itr]: No feasible solution found (infeas = 6)
[ 77 sec,  332265 itr]: No feasible solution found (infeas = 4)
[ 78 sec,  332265 itr]: No feasible solution found (infeas = 4)
[ 79 sec,  340985 itr]: No feasible solution found (infeas = 4)
[ 80 sec,  345274 itr]: No feasible solution found (infeas = 4)
[ 81 sec,  349530 itr]: No feasible solution found (infeas = 4)
[ 82 sec,  353595 itr]: No feasible solution found (infeas = 4)
[ 83 sec,  353595 itr]: No feasible solution found (infeas = 4)
[ 84 sec,  361777 itr]: No feasible solution found (infeas = 4)
[ 85 sec,  365720 itr]: No feasible solution found (infeas = 4)
[ 86 sec,  365720 itr]: No feasible solution found (infeas = 4)
[ 87 sec,  369663 itr]: No feasible solution found (infeas = 4)
[ 88 sec,  373754 itr]: No feasible solution found (infeas = 4)
[ 89 sec,  382131 itr]: No feasible solution found (infeas = 4)
[ 90 sec,  386451 itr]: No feasible solution found (infeas = 4)
[ 91 sec,  390438 itr]: No feasible solution found (infeas = 4)
[ 92 sec,  394542 itr]: No feasible solution found (infeas = 4)
[ 93 sec,  398707 itr]: No feasible solution found (infeas = 4)
[ 94 sec,  402346 itr]: No feasible solution found (infeas = 4)
[ 95 sec,  402346 itr]: No feasible solution found (infeas = 4)
[ 96 sec,  410124 itr]: No feasible solution found (infeas = 4)
[ 97 sec,  410124 itr]: No feasible solution found (infeas = 4)
[ 98 sec,  413036 itr]: No feasible solution found (infeas = 4)
[ 99 sec,  418152 itr]: No feasible solution found (infeas = 4)
[100 sec,  420734 itr]: No feasible solution found (infeas = 4)
[101 sec,  420734 itr]: No feasible solution found (infeas = 4)
[102 sec,  424367 itr]: No feasible solution found (infeas = 4)
[103 sec,  428356 itr]: No feasible solution found (infeas = 4)
[104 sec,  432636 itr]: No feasible solution found (infeas = 4)
[105 sec,  436832 itr]: No feasible solution found (infeas = 4)
[106 sec,  441170 itr]: No feasible solution found (infeas = 4)
[107 sec,  449520 itr]: No feasible solution found (infeas = 4)
[108 sec,  449520 itr]: No feasible solution found (infeas = 4)
[109 sec,  457172 itr]: No feasible solution found (infeas = 4)
[110 sec,  461064 itr]: No feasible solution found (infeas = 4)
[111 sec,  461064 itr]: No feasible solution found (infeas = 4)
[112 sec,  468871 itr]: No feasible solution found (infeas = 4)
[113 sec,  473072 itr]: No feasible solution found (infeas = 4)
[114 sec,  473072 itr]: No feasible solution found (infeas = 4)
[115 sec,  477493 itr]: No feasible solution found (infeas = 4)
[116 sec,  486354 itr]: No feasible solution found (infeas = 4)
[117 sec,  490802 itr]: No feasible solution found (infeas = 4)
[118 sec,  490802 itr]: No feasible solution found (infeas = 4)
[119 sec,  499286 itr]: No feasible solution found (infeas = 4)
[120 sec,  499286 itr]: No feasible solution found (infeas = 4)
[121 sec,  503588 itr]: No feasible solution found (infeas = 4)
[122 sec,  512137 itr]: No feasible solution found (infeas = 4)
[123 sec,  512137 itr]: No feasible solution found (infeas = 4)
[124 sec,  516425 itr]: No feasible solution found (infeas = 4)
[125 sec,  520845 itr]: No feasible solution found (infeas = 4)
[126 sec,  525037 itr]: No feasible solution found (infeas = 4)
[127 sec,  529030 itr]: No feasible solution found (infeas = 4)
[128 sec,  533347 itr]: No feasible solution found (infeas = 4)
[129 sec,  537539 itr]: No feasible solution found (infeas = 4)
[130 sec,  546168 itr]: No feasible solution found (infeas = 4)
[131 sec,  546168 itr]: No feasible solution found (infeas = 4)
[132 sec,  550702 itr]: No feasible solution found (infeas = 4)
[133 sec,  555215 itr]: No feasible solution found (infeas = 4)
[134 sec,  559425 itr]: No feasible solution found (infeas = 4)
[135 sec,  563648 itr]: No feasible solution found (infeas = 4)
[136 sec,  572214 itr]: No feasible solution found (infeas = 4)
[137 sec,  572214 itr]: No feasible solution found (infeas = 4)
[138 sec,  580283 itr]: No feasible solution found (infeas = 4)
[139 sec,  580283 itr]: No feasible solution found (infeas = 4)
[140 sec,  584229 itr]: No feasible solution found (infeas = 4)
[141 sec,  588247 itr]: No feasible solution found (infeas = 4)
[142 sec,  592118 itr]: No feasible solution found (infeas = 4)
[143 sec,  596373 itr]: No feasible solution found (infeas = 4)
[144 sec,  600720 itr]: No feasible solution found (infeas = 4)
[145 sec,  609221 itr]: No feasible solution found (infeas = 4)
[146 sec,  609221 itr]: No feasible solution found (infeas = 4)
[147 sec,  613440 itr]: No feasible solution found (infeas = 4)
[148 sec,  617522 itr]: No feasible solution found (infeas = 4)
[149 sec,  621643 itr]: No feasible solution found (infeas = 4)
[150 sec,  629473 itr]: No feasible solution found (infeas = 4)
[151 sec,  629473 itr]: No feasible solution found (infeas = 4)
[152 sec,  633115 itr]: No feasible solution found (infeas = 4)
[153 sec,  636801 itr]: No feasible solution found (infeas = 4)
[154 sec,  644449 itr]: No feasible solution found (infeas = 4)
[155 sec,  644449 itr]: No feasible solution found (infeas = 4)
[156 sec,  652069 itr]: No feasible solution found (infeas = 4)
[157 sec,  652069 itr]: No feasible solution found (infeas = 4)
[158 sec,  656017 itr]: No feasible solution found (infeas = 4)
[159 sec,  663653 itr]: No feasible solution found (infeas = 4)
[160 sec,  663653 itr]: No feasible solution found (infeas = 4)
[161 sec,  667695 itr]: No feasible solution found (infeas = 4)
[162 sec,  671871 itr]: No feasible solution found (infeas = 4)
[163 sec,  680042 itr]: No feasible solution found (infeas = 4)
[164 sec,  680042 itr]: No feasible solution found (infeas = 4)
[165 sec,  687845 itr]: No feasible solution found (infeas = 4)
[166 sec,  691837 itr]: No feasible solution found (infeas = 4)
[167 sec,  695957 itr]: No feasible solution found (infeas = 4)
[168 sec,  699816 itr]: No feasible solution found (infeas = 4)
[169 sec,  699816 itr]: No feasible solution found (infeas = 4)
[170 sec,  703594 itr]: No feasible solution found (infeas = 4)
[171 sec,  710989 itr]: No feasible solution found (infeas = 4)
[172 sec,  710989 itr]: No feasible solution found (infeas = 4)
[173 sec,  718733 itr]: No feasible solution found (infeas = 4)
[174 sec,  718733 itr]: No feasible solution found (infeas = 4)
[175 sec,  726557 itr]: No feasible solution found (infeas = 4)
[176 sec,  726557 itr]: No feasible solution found (infeas = 4)
[177 sec,  734329 itr]: No feasible solution found (infeas = 4)
[178 sec,  737859 itr]: No feasible solution found (infeas = 4)
[179 sec,  737859 itr]: No feasible solution found (infeas = 4)
[180 sec,  745433 itr]: No feasible solution found (infeas = 4)
[181 sec,  745433 itr]: No feasible solution found (infeas = 4)
[182 sec,  749296 itr]: No feasible solution found (infeas = 4)
[183 sec,  752848 itr]: No feasible solution found (infeas = 4)
[184 sec,  760401 itr]: No feasible solution found (infeas = 4)
[185 sec,  760401 itr]: No feasible solution found (infeas = 4)
[186 sec,  764141 itr]: No feasible solution found (infeas = 4)
[187 sec,  771346 itr]: No feasible solution found (infeas = 4)
[188 sec,  774947 itr]: No feasible solution found (infeas = 4)
[189 sec,  774947 itr]: No feasible solution found (infeas = 4)
[190 sec,  782061 itr]: No feasible solution found (infeas = 4)
[191 sec,  785603 itr]: No feasible solution found (infeas = 4)
[192 sec,  789052 itr]: No feasible solution found (infeas = 4)
[193 sec,  789052 itr]: No feasible solution found (infeas = 4)
[194 sec,  792245 itr]: No feasible solution found (infeas = 4)
[195 sec,  795881 itr]: No feasible solution found (infeas = 4)
[196 sec,  799293 itr]: No feasible solution found (infeas = 4)
[197 sec,  803007 itr]: No feasible solution found (infeas = 4)
[198 sec,  806865 itr]: No feasible solution found (infeas = 4)
[199 sec,  810674 itr]: No feasible solution found (infeas = 4)
[200 sec,  814435 itr]: No feasible solution found (infeas = 4)
[201 sec,  822143 itr]: No feasible solution found (infeas = 4)
[202 sec,  822143 itr]: No feasible solution found (infeas = 4)
[203 sec,  829830 itr]: No feasible solution found (infeas = 4)
[204 sec,  829830 itr]: No feasible solution found (infeas = 4)
[205 sec,  833493 itr]: No feasible solution found (infeas = 4)
[206 sec,  835877 itr]: No feasible solution found (infeas = 4)
[207 sec,  838178 itr]: No feasible solution found (infeas = 4)
[208 sec,  840148 itr]: No feasible solution found (infeas = 4)
[209 sec,  842334 itr]: No feasible solution found (infeas = 4)
[210 sec,  846331 itr]: No feasible solution found (infeas = 4)
[211 sec,  846331 itr]: No feasible solution found (infeas = 4)
[212 sec,  848449 itr]: No feasible solution found (infeas = 4)
[213 sec,  853064 itr]: No feasible solution found (infeas = 4)
[214 sec,  855189 itr]: No feasible solution found (infeas = 4)
[215 sec,  857354 itr]: No feasible solution found (infeas = 4)
[216 sec,  857354 itr]: No feasible solution found (infeas = 4)
[217 sec,  859479 itr]: No feasible solution found (infeas = 4)
[218 sec,  861853 itr]: No feasible solution found (infeas = 4)
[219 sec,  863993 itr]: No feasible solution found (infeas = 4)
[220 sec,  868348 itr]: No feasible solution found (infeas = 4)
[221 sec,  868348 itr]: No feasible solution found (infeas = 4)
[222 sec,  870695 itr]: No feasible solution found (infeas = 4)
[223 sec,  872959 itr]: No feasible solution found (infeas = 4)
[224 sec,  875148 itr]: No feasible solution found (infeas = 4)
[225 sec,  877384 itr]: No feasible solution found (infeas = 4)
[226 sec,  879644 itr]: No feasible solution found (infeas = 4)
[227 sec,  881833 itr]: No feasible solution found (infeas = 4)
[228 sec,  884112 itr]: No feasible solution found (infeas = 4)
[229 sec,  888592 itr]: No feasible solution found (infeas = 4)
[230 sec,  888592 itr]: No feasible solution found (infeas = 4)
[231 sec,  890890 itr]: No feasible solution found (infeas = 4)
[232 sec,  895746 itr]: No feasible solution found (infeas = 4)
[233 sec,  898232 itr]: No feasible solution found (infeas = 4)
[234 sec,  898232 itr]: No feasible solution found (infeas = 4)
[235 sec,  902954 itr]: No feasible solution found (infeas = 4)
[236 sec,  905302 itr]: No feasible solution found (infeas = 4)
[237 sec,  905302 itr]: No feasible solution found (infeas = 4)
[238 sec,  907677 itr]: No feasible solution found (infeas = 4)
[239 sec,  910197 itr]: No feasible solution found (infeas = 4)
[240 sec,  912674 itr]: No feasible solution found (infeas = 4)
[241 sec,  917822 itr]: No feasible solution found (infeas = 4)
[242 sec,  917822 itr]: No feasible solution found (infeas = 4)
[243 sec,  920315 itr]: No feasible solution found (infeas = 4)
[244 sec,  922832 itr]: No feasible solution found (infeas = 4)
[245 sec,  925458 itr]: No feasible solution found (infeas = 4)
[246 sec,  930347 itr]: No feasible solution found (infeas = 4)
[247 sec,  932807 itr]: No feasible solution found (infeas = 4)
[248 sec,  935342 itr]: No feasible solution found (infeas = 4)
[249 sec,  937858 itr]: No feasible solution found (infeas = 4)
[250 sec,  940496 itr]: No feasible solution found (infeas = 4)
[251 sec,  940496 itr]: No feasible solution found (infeas = 4)
[252 sec,  945747 itr]: No feasible solution found (infeas = 4)
[253 sec,  948377 itr]: No feasible solution found (infeas = 4)
[254 sec,  951022 itr]: No feasible solution found (infeas = 4)
[255 sec,  951022 itr]: No feasible solution found (infeas = 4)
[256 sec,  953734 itr]: No feasible solution found (infeas = 4)
[257 sec,  956307 itr]: No feasible solution found (infeas = 4)
[258 sec,  958833 itr]: No feasible solution found (infeas = 4)
[259 sec,  961720 itr]: No feasible solution found (infeas = 4)
[260 sec,  964557 itr]: No feasible solution found (infeas = 4)
[261 sec,  970310 itr]: No feasible solution found (infeas = 4)
[262 sec,  970310 itr]: No feasible solution found (infeas = 4)
[263 sec,  975832 itr]: No feasible solution found (infeas = 4)
[264 sec,  978160 itr]: No feasible solution found (infeas = 4)
[265 sec,  978160 itr]: No feasible solution found (infeas = 4)
[266 sec,  980638 itr]: No feasible solution found (infeas = 4)
[267 sec,  983112 itr]: No feasible solution found (infeas = 4)
[268 sec,  985554 itr]: No feasible solution found (infeas = 4)
[269 sec,  990885 itr]: No feasible solution found (infeas = 4)
[270 sec,  990885 itr]: No feasible solution found (infeas = 4)
[271 sec,  993676 itr]: No feasible solution found (infeas = 4)
[272 sec,  996277 itr]: No feasible solution found (infeas = 4)
[273 sec,  998975 itr]: No feasible solution found (infeas = 4)
[274 sec, 1001483 itr]: No feasible solution found (infeas = 4)
[275 sec, 1004364 itr]: No feasible solution found (infeas = 4)
[276 sec, 1006998 itr]: No feasible solution found (infeas = 4)
[277 sec, 1009854 itr]: No feasible solution found (infeas = 4)
[278 sec, 1012635 itr]: No feasible solution found (infeas = 4)
[279 sec, 1015467 itr]: No feasible solution found (infeas = 4)
[280 sec, 1021300 itr]: No feasible solution found (infeas = 4)
[281 sec, 1021300 itr]: No feasible solution found (infeas = 4)
[282 sec, 1024434 itr]: No feasible solution found (infeas = 4)
[283 sec, 1027366 itr]: No feasible solution found (infeas = 4)
[284 sec, 1030132 itr]: No feasible solution found (infeas = 4)
[285 sec, 1033037 itr]: No feasible solution found (infeas = 4)
[286 sec, 1038799 itr]: No feasible solution found (infeas = 4)
[287 sec, 1038799 itr]: No feasible solution found (infeas = 4)
[288 sec, 1041658 itr]: No feasible solution found (infeas = 4)
[289 sec, 1044728 itr]: No feasible solution found (infeas = 4)
[290 sec, 1047597 itr]: No feasible solution found (infeas = 4)
[291 sec, 1053622 itr]: No feasible solution found (infeas = 4)
[292 sec, 1053622 itr]: No feasible solution found (infeas = 4)
[293 sec, 1058882 itr]: No feasible solution found (infeas = 4)
[294 sec, 1058882 itr]: No feasible solution found (infeas = 4)
[295 sec, 1064609 itr]: No feasible solution found (infeas = 4)
[296 sec, 1064609 itr]: No feasible solution found (infeas = 4)
[297 sec, 1067433 itr]: No feasible solution found (infeas = 4)
[298 sec, 1069879 itr]: No feasible solution found (infeas = 4)
[299 sec, 1075041 itr]: No feasible solution found (infeas = 4)
[300 sec, 1075041 itr]: No feasible solution found (infeas = 4)
[301 sec, 1077273 itr]: No feasible solution found (infeas = 4)
[302 sec, 1079428 itr]: No feasible solution found (infeas = 4)
[303 sec, 1083602 itr]: No feasible solution found (infeas = 4)
[304 sec, 1085607 itr]: No feasible solution found (infeas = 4)
[305 sec, 1085607 itr]: No feasible solution found (infeas = 4)
[306 sec, 1087624 itr]: No feasible solution found (infeas = 4)
[307 sec, 1091936 itr]: No feasible solution found (infeas = 4)
[308 sec, 1091936 itr]: No feasible solution found (infeas = 4)
[309 sec, 1093871 itr]: No feasible solution found (infeas = 4)
[310 sec, 1095857 itr]: No feasible solution found (infeas = 4)
[311 sec, 1097978 itr]: No feasible solution found (infeas = 4)
[312 sec, 1102436 itr]: No feasible solution found (infeas = 4)
[313 sec, 1102436 itr]: No feasible solution found (infeas = 4)
[314 sec, 1104586 itr]: No feasible solution found (infeas = 4)
[315 sec, 1106572 itr]: No feasible solution found (infeas = 4)
[316 sec, 1111013 itr]: No feasible solution found (infeas = 4)
[317 sec, 1111013 itr]: No feasible solution found (infeas = 4)
[318 sec, 1115097 itr]: No feasible solution found (infeas = 4)
[319 sec, 1115097 itr]: No feasible solution found (infeas = 4)
[320 sec, 1116977 itr]: No feasible solution found (infeas = 4)
[321 sec, 1119098 itr]: No feasible solution found (infeas = 4)
[322 sec, 1121020 itr]: No feasible solution found (infeas = 4)
[323 sec, 1123014 itr]: No feasible solution found (infeas = 4)
[324 sec, 1124987 itr]: No feasible solution found (infeas = 4)
[325 sec, 1127073 itr]: No feasible solution found (infeas = 4)
[326 sec, 1129131 itr]: No feasible solution found (infeas = 4)
[327 sec, 1131223 itr]: No feasible solution found (infeas = 4)
[328 sec, 1135177 itr]: No feasible solution found (infeas = 4)
[329 sec, 1137297 itr]: No feasible solution found (infeas = 4)
[330 sec, 1139495 itr]: No feasible solution found (infeas = 4)
[331 sec, 1139495 itr]: No feasible solution found (infeas = 4)
[332 sec, 1141671 itr]: No feasible solution found (infeas = 4)
[333 sec, 1143788 itr]: No feasible solution found (infeas = 4)
[334 sec, 1148259 itr]: No feasible solution found (infeas = 4)
[335 sec, 1148259 itr]: No feasible solution found (infeas = 4)
[336 sec, 1150394 itr]: No feasible solution found (infeas = 4)
[337 sec, 1152703 itr]: No feasible solution found (infeas = 4)
[338 sec, 1154771 itr]: No feasible solution found (infeas = 4)
[339 sec, 1158020 itr]: No feasible solution found (infeas = 4)
[340 sec, 1161290 itr]: No feasible solution found (infeas = 4)
[341 sec, 1168241 itr]: No feasible solution found (infeas = 4)
[342 sec, 1168241 itr]: No feasible solution found (infeas = 4)
[343 sec, 1171550 itr]: No feasible solution found (infeas = 4)
[344 sec, 1174980 itr]: No feasible solution found (infeas = 4)
[345 sec, 1178387 itr]: No feasible solution found (infeas = 4)
[346 sec, 1181945 itr]: No feasible solution found (infeas = 4)
[347 sec, 1185484 itr]: No feasible solution found (infeas = 4)
[348 sec, 1189056 itr]: No feasible solution found (infeas = 4)
[349 sec, 1195981 itr]: No feasible solution found (infeas = 4)
[350 sec, 1195981 itr]: No feasible solution found (infeas = 4)
[351 sec, 1199444 itr]: No feasible solution found (infeas = 4)
[352 sec, 1202715 itr]: No feasible solution found (infeas = 4)
[353 sec, 1209631 itr]: No feasible solution found (infeas = 4)
[354 sec, 1209631 itr]: No feasible solution found (infeas = 4)
[355 sec, 1212948 itr]: No feasible solution found (infeas = 4)
[356 sec, 1216157 itr]: No feasible solution found (infeas = 4)
[357 sec, 1222678 itr]: No feasible solution found (infeas = 4)
[358 sec, 1222678 itr]: No feasible solution found (infeas = 4)
[359 sec, 1225751 itr]: No feasible solution found (infeas = 4)
[360 sec, 1229177 itr]: No feasible solution found (infeas = 4)
[361 sec, 1232335 itr]: No feasible solution found (infeas = 4)
[362 sec, 1235553 itr]: No feasible solution found (infeas = 4)
[363 sec, 1241766 itr]: No feasible solution found (infeas = 4)
[364 sec, 1244815 itr]: No feasible solution found (infeas = 4)
[365 sec, 1248210 itr]: No feasible solution found (infeas = 4)
[366 sec, 1248210 itr]: No feasible solution found (infeas = 4)
[367 sec, 1251359 itr]: No feasible solution found (infeas = 4)
[368 sec, 1254610 itr]: No feasible solution found (infeas = 4)
[369 sec, 1257571 itr]: No feasible solution found (infeas = 4)
[370 sec, 1264065 itr]: No feasible solution found (infeas = 4)
[371 sec, 1264065 itr]: No feasible solution found (infeas = 4)
[372 sec, 1271032 itr]: No feasible solution found (infeas = 4)
[373 sec, 1274543 itr]: No feasible solution found (infeas = 4)
[374 sec, 1274543 itr]: No feasible solution found (infeas = 4)
[375 sec, 1278063 itr]: No feasible solution found (infeas = 4)
[376 sec, 1281577 itr]: No feasible solution found (infeas = 4)
[377 sec, 1285141 itr]: No feasible solution found (infeas = 4)
[378 sec, 1288693 itr]: No feasible solution found (infeas = 4)
[379 sec, 1291993 itr]: No feasible solution found (infeas = 4)
[380 sec, 1295400 itr]: No feasible solution found (infeas = 4)
[381 sec, 1302222 itr]: No feasible solution found (infeas = 4)
[382 sec, 1302222 itr]: No feasible solution found (infeas = 4)
[383 sec, 1309155 itr]: No feasible solution found (infeas = 4)
[384 sec, 1312511 itr]: No feasible solution found (infeas = 4)
[385 sec, 1312511 itr]: No feasible solution found (infeas = 4)
[386 sec, 1315842 itr]: No feasible solution found (infeas = 4)
[387 sec, 1319420 itr]: No feasible solution found (infeas = 4)
[388 sec, 1326535 itr]: No feasible solution found (infeas = 4)
[389 sec, 1326535 itr]: No feasible solution found (infeas = 4)
[390 sec, 1330106 itr]: No feasible solution found (infeas = 4)
[391 sec, 1333620 itr]: No feasible solution found (infeas = 4)
[392 sec, 1337137 itr]: No feasible solution found (infeas = 4)
[393 sec, 1344355 itr]: No feasible solution found (infeas = 4)
[394 sec, 1344355 itr]: No feasible solution found (infeas = 4)
[395 sec, 1351320 itr]: No feasible solution found (infeas = 4)
[396 sec, 1351320 itr]: No feasible solution found (infeas = 4)
[397 sec, 1354758 itr]: No feasible solution found (infeas = 4)
[398 sec, 1358049 itr]: No feasible solution found (infeas = 4)
[399 sec, 1364466 itr]: No feasible solution found (infeas = 4)
[400 sec, 1364466 itr]: No feasible solution found (infeas = 4)
[401 sec, 1367472 itr]: No feasible solution found (infeas = 4)
[402 sec, 1370373 itr]: No feasible solution found (infeas = 4)
[403 sec, 1376218 itr]: No feasible solution found (infeas = 4)
[404 sec, 1379180 itr]: No feasible solution found (infeas = 4)
[405 sec, 1379180 itr]: No feasible solution found (infeas = 4)
[406 sec, 1382382 itr]: No feasible solution found (infeas = 4)
[407 sec, 1388351 itr]: No feasible solution found (infeas = 4)
[408 sec, 1391601 itr]: No feasible solution found (infeas = 4)
[409 sec, 1391601 itr]: No feasible solution found (infeas = 4)
[410 sec, 1394599 itr]: No feasible solution found (infeas = 4)
[411 sec, 1397769 itr]: No feasible solution found (infeas = 4)
[412 sec, 1401030 itr]: No feasible solution found (infeas = 4)
[413 sec, 1407614 itr]: No feasible solution found (infeas = 4)
[414 sec, 1407614 itr]: No feasible solution found (infeas = 4)
[415 sec, 1410939 itr]: No feasible solution found (infeas = 4)
[416 sec, 1417532 itr]: No feasible solution found (infeas = 4)
[417 sec, 1417532 itr]: No feasible solution found (infeas = 4)
[418 sec, 1420821 itr]: No feasible solution found (infeas = 4)
[419 sec, 1424219 itr]: No feasible solution found (infeas = 4)
[420 sec, 1427556 itr]: No feasible solution found (infeas = 4)
[421 sec, 1430904 itr]: No feasible solution found (infeas = 4)
[422 sec, 1434077 itr]: No feasible solution found (infeas = 4)
[423 sec, 1437490 itr]: No feasible solution found (infeas = 4)
[424 sec, 1440435 itr]: No feasible solution found (infeas = 4)
[425 sec, 1443618 itr]: No feasible solution found (infeas = 4)
[426 sec, 1446970 itr]: No feasible solution found (infeas = 4)
[427 sec, 1450278 itr]: No feasible solution found (infeas = 4)
[428 sec, 1453174 itr]: No feasible solution found (infeas = 4)
[429 sec, 1459193 itr]: No feasible solution found (infeas = 4)
[430 sec, 1459193 itr]: No feasible solution found (infeas = 4)
[431 sec, 1465058 itr]: No feasible solution found (infeas = 4)
[432 sec, 1465058 itr]: No feasible solution found (infeas = 4)
[433 sec, 1467761 itr]: No feasible solution found (infeas = 4)
[434 sec, 1470595 itr]: No feasible solution found (infeas = 4)
[435 sec, 1473573 itr]: No feasible solution found (infeas = 4)
[436 sec, 1479743 itr]: No feasible solution found (infeas = 4)
[437 sec, 1479743 itr]: No feasible solution found (infeas = 4)
[438 sec, 1482887 itr]: No feasible solution found (infeas = 4)
[439 sec, 1485802 itr]: No feasible solution found (infeas = 4)
[440 sec, 1492034 itr]: No feasible solution found (infeas = 4)
[441 sec, 1492034 itr]: No feasible solution found (infeas = 4)
[442 sec, 1498247 itr]: No feasible solution found (infeas = 4)
[443 sec, 1498247 itr]: No feasible solution found (infeas = 4)
[444 sec, 1504308 itr]: No feasible solution found (infeas = 4)
[445 sec, 1504308 itr]: No feasible solution found (infeas = 4)
[446 sec, 1507133 itr]: No feasible solution found (infeas = 4)
[447 sec, 1510073 itr]: No feasible solution found (infeas = 4)
[448 sec, 1512876 itr]: No feasible solution found (infeas = 4)
[449 sec, 1515676 itr]: No feasible solution found (infeas = 4)
[450 sec, 1521459 itr]: No feasible solution found (infeas = 4)
[451 sec, 1521459 itr]: No feasible solution found (infeas = 4)
[452 sec, 1527370 itr]: No feasible solution found (infeas = 4)
[453 sec, 1530220 itr]: No feasible solution found (infeas = 4)
[454 sec, 1530220 itr]: No feasible solution found (infeas = 4)
[455 sec, 1536288 itr]: No feasible solution found (infeas = 4)
[456 sec, 1536288 itr]: No feasible solution found (infeas = 4)
[457 sec, 1539297 itr]: No feasible solution found (infeas = 4)
[458 sec, 1542192 itr]: No feasible solution found (infeas = 4)
[459 sec, 1548315 itr]: No feasible solution found (infeas = 4)
[460 sec, 1548315 itr]: No feasible solution found (infeas = 4)
[461 sec, 1551170 itr]: No feasible solution found (infeas = 4)
[462 sec, 1553965 itr]: No feasible solution found (infeas = 4)
[463 sec, 1556813 itr]: No feasible solution found (infeas = 4)
[464 sec, 1559550 itr]: No feasible solution found (infeas = 4)
[465 sec, 1562485 itr]: No feasible solution found (infeas = 4)
[466 sec, 1568602 itr]: No feasible solution found (infeas = 4)
[467 sec, 1568602 itr]: No feasible solution found (infeas = 4)
[468 sec, 1574955 itr]: No feasible solution found (infeas = 4)
[469 sec, 1574955 itr]: No feasible solution found (infeas = 4)
[470 sec, 1577994 itr]: No feasible solution found (infeas = 4)
[471 sec, 1580874 itr]: No feasible solution found (infeas = 4)
[472 sec, 1586787 itr]: No feasible solution found (infeas = 4)
[473 sec, 1589747 itr]: No feasible solution found (infeas = 4)
[474 sec, 1592824 itr]: No feasible solution found (infeas = 4)
[475 sec, 1592824 itr]: No feasible solution found (infeas = 4)
[476 sec, 1596001 itr]: No feasible solution found (infeas = 4)
[477 sec, 1599232 itr]: No feasible solution found (infeas = 4)
[478 sec, 1602496 itr]: No feasible solution found (infeas = 4)
[479 sec, 1608895 itr]: No feasible solution found (infeas = 4)
[480 sec, 1608895 itr]: No feasible solution found (infeas = 4)
[481 sec, 1615487 itr]: No feasible solution found (infeas = 4)
[482 sec, 1615487 itr]: No feasible solution found (infeas = 4)
[483 sec, 1621711 itr]: No feasible solution found (infeas = 4)
[484 sec, 1621711 itr]: No feasible solution found (infeas = 4)
[485 sec, 1624729 itr]: No feasible solution found (infeas = 4)
[486 sec, 1627795 itr]: No feasible solution found (infeas = 4)
[487 sec, 1634454 itr]: No feasible solution found (infeas = 4)
[488 sec, 1634454 itr]: No feasible solution found (infeas = 4)
[489 sec, 1641811 itr]: No feasible solution found (infeas = 4)
[490 sec, 1641811 itr]: No feasible solution found (infeas = 4)
[491 sec, 1645372 itr]: No feasible solution found (infeas = 4)
[492 sec, 1648912 itr]: No feasible solution found (infeas = 4)
[493 sec, 1652298 itr]: No feasible solution found (infeas = 4)
[494 sec, 1655505 itr]: No feasible solution found (infeas = 4)
[495 sec, 1658919 itr]: No feasible solution found (infeas = 4)
[496 sec, 1662418 itr]: No feasible solution found (infeas = 4)
[497 sec, 1669067 itr]: No feasible solution found (infeas = 4)
[498 sec, 1669067 itr]: No feasible solution found (infeas = 4)
[499 sec, 1675758 itr]: No feasible solution found (infeas = 4)
[500 sec, 1675758 itr]: No feasible solution found (infeas = 4)
[501 sec, 1679195 itr]: No feasible solution found (infeas = 4)
[502 sec, 1682628 itr]: No feasible solution found (infeas = 4)
[503 sec, 1689373 itr]: No feasible solution found (infeas = 4)
[504 sec, 1689373 itr]: No feasible solution found (infeas = 4)
[505 sec, 1692778 itr]: No feasible solution found (infeas = 4)
[506 sec, 1699119 itr]: No feasible solution found (infeas = 4)
[507 sec, 1699119 itr]: No feasible solution found (infeas = 4)
[508 sec, 1702356 itr]: No feasible solution found (infeas = 4)
[509 sec, 1705605 itr]: No feasible solution found (infeas = 4)
[510 sec, 1708831 itr]: No feasible solution found (infeas = 4)
[511 sec, 1715527 itr]: No feasible solution found (infeas = 4)
[512 sec, 1718906 itr]: No feasible solution found (infeas = 4)
[513 sec, 1718906 itr]: No feasible solution found (infeas = 4)
[514 sec, 1725863 itr]: No feasible solution found (infeas = 4)
[515 sec, 1725863 itr]: No feasible solution found (infeas = 4)
[516 sec, 1732709 itr]: No feasible solution found (infeas = 4)
[517 sec, 1732709 itr]: No feasible solution found (infeas = 4)
[518 sec, 1736013 itr]: No feasible solution found (infeas = 4)
[519 sec, 1742653 itr]: No feasible solution found (infeas = 4)
[520 sec, 1742653 itr]: No feasible solution found (infeas = 4)
[521 sec, 1749395 itr]: No feasible solution found (infeas = 4)
[522 sec, 1749395 itr]: No feasible solution found (infeas = 4)
[523 sec, 1752736 itr]: No feasible solution found (infeas = 4)
[524 sec, 1756229 itr]: No feasible solution found (infeas = 4)
[525 sec, 1763181 itr]: No feasible solution found (infeas = 4)
[526 sec, 1763181 itr]: No feasible solution found (infeas = 4)
[527 sec, 1766768 itr]: No feasible solution found (infeas = 4)
[528 sec, 1770206 itr]: No feasible solution found (infeas = 4)
[529 sec, 1776481 itr]: No feasible solution found (infeas = 4)
[530 sec, 1776481 itr]: No feasible solution found (infeas = 4)
[531 sec, 1779886 itr]: No feasible solution found (infeas = 4)
[532 sec, 1786405 itr]: No feasible solution found (infeas = 4)
[533 sec, 1786405 itr]: No feasible solution found (infeas = 4)
[534 sec, 1793301 itr]: No feasible solution found (infeas = 4)
[535 sec, 1793301 itr]: No feasible solution found (infeas = 4)
[536 sec, 1796548 itr]: No feasible solution found (infeas = 4)
[537 sec, 1803167 itr]: No feasible solution found (infeas = 4)
[538 sec, 1803167 itr]: No feasible solution found (infeas = 4)
[539 sec, 1806561 itr]: No feasible solution found (infeas = 4)
[540 sec, 1813113 itr]: No feasible solution found (infeas = 4)
[541 sec, 1813113 itr]: No feasible solution found (infeas = 4)
[542 sec, 1819551 itr]: No feasible solution found (infeas = 4)
[543 sec, 1819551 itr]: No feasible solution found (infeas = 4)
[544 sec, 1822662 itr]: No feasible solution found (infeas = 4)
[545 sec, 1825968 itr]: No feasible solution found (infeas = 4)
[546 sec, 1829186 itr]: No feasible solution found (infeas = 4)
[547 sec, 1835489 itr]: No feasible solution found (infeas = 4)
[548 sec, 1835489 itr]: No feasible solution found (infeas = 4)
[549 sec, 1838882 itr]: No feasible solution found (infeas = 4)
[550 sec, 1842382 itr]: No feasible solution found (infeas = 4)
[551 sec, 1848952 itr]: No feasible solution found (infeas = 4)
[552 sec, 1848952 itr]: No feasible solution found (infeas = 4)
[553 sec, 1855356 itr]: No feasible solution found (infeas = 4)
[554 sec, 1855356 itr]: No feasible solution found (infeas = 4)
[555 sec, 1858873 itr]: No feasible solution found (infeas = 4)
[556 sec, 1862216 itr]: No feasible solution found (infeas = 4)
[557 sec, 1869185 itr]: No feasible solution found (infeas = 4)
[558 sec, 1869185 itr]: No feasible solution found (infeas = 4)
[559 sec, 1872802 itr]: No feasible solution found (infeas = 4)
[560 sec, 1876225 itr]: No feasible solution found (infeas = 4)
[561 sec, 1879854 itr]: No feasible solution found (infeas = 4)
[562 sec, 1883411 itr]: No feasible solution found (infeas = 4)
[563 sec, 1886764 itr]: No feasible solution found (infeas = 4)
[564 sec, 1890321 itr]: No feasible solution found (infeas = 4)
[565 sec, 1893705 itr]: No feasible solution found (infeas = 4)
[566 sec, 1900246 itr]: No feasible solution found (infeas = 4)
[567 sec, 1903320 itr]: No feasible solution found (infeas = 4)
[568 sec, 1906605 itr]: No feasible solution found (infeas = 4)
[569 sec, 1906605 itr]: No feasible solution found (infeas = 4)
[570 sec, 1909717 itr]: No feasible solution found (infeas = 4)
[571 sec, 1913180 itr]: No feasible solution found (infeas = 4)
[572 sec, 1916454 itr]: No feasible solution found (infeas = 4)
[573 sec, 1919920 itr]: No feasible solution found (infeas = 4)
[574 sec, 1923049 itr]: No feasible solution found (infeas = 4)
[575 sec, 1929638 itr]: No feasible solution found (infeas = 4)
[576 sec, 1929638 itr]: No feasible solution found (infeas = 4)
[577 sec, 1936143 itr]: No feasible solution found (infeas = 4)
[578 sec, 1936143 itr]: No feasible solution found (infeas = 4)
[579 sec, 1939545 itr]: No feasible solution found (infeas = 4)
[580 sec, 1942867 itr]: No feasible solution found (infeas = 4)
[581 sec, 1946248 itr]: No feasible solution found (infeas = 4)
[582 sec, 1953175 itr]: No feasible solution found (infeas = 4)
[583 sec, 1953175 itr]: No feasible solution found (infeas = 4)
[584 sec, 1956728 itr]: No feasible solution found (infeas = 4)
[585 sec, 1960135 itr]: No feasible solution found (infeas = 4)
[586 sec, 1967127 itr]: No feasible solution found (infeas = 4)
[587 sec, 1967127 itr]: No feasible solution found (infeas = 4)
[588 sec, 1970462 itr]: No feasible solution found (infeas = 4)
[589 sec, 1973867 itr]: No feasible solution found (infeas = 4)
[590 sec, 1980505 itr]: No feasible solution found (infeas = 4)
[591 sec, 1983616 itr]: No feasible solution found (infeas = 4)
[592 sec, 1983616 itr]: No feasible solution found (infeas = 4)
[593 sec, 1987186 itr]: No feasible solution found (infeas = 4)
[594 sec, 1993737 itr]: No feasible solution found (infeas = 4)
[595 sec, 1993737 itr]: No feasible solution found (infeas = 4)
[596 sec, 1996997 itr]: No feasible solution found (infeas = 4)
[597 sec, 2000467 itr]: No feasible solution found (infeas = 4)
[598 sec, 2003677 itr]: No feasible solution found (infeas = 4)
[599 sec, 2009938 itr]: No feasible solution found (infeas = 4)
[600 sec, 2009938 itr]: No feasible solution found (infeas = 4)
[601 sec, 2013463 itr]: No feasible solution found (infeas = 4)
[602 sec, 2019756 itr]: No feasible solution found (infeas = 4)
[603 sec, 2019756 itr]: No feasible solution found (infeas = 4)
[604 sec, 2025830 itr]: No feasible solution found (infeas = 4)
[605 sec, 2025830 itr]: No feasible solution found (infeas = 4)
[606 sec, 2029143 itr]: No feasible solution found (infeas = 4)
[607 sec, 2032598 itr]: No feasible solution found (infeas = 4)
[608 sec, 2035716 itr]: No feasible solution found (infeas = 4)
[609 sec, 2039255 itr]: No feasible solution found (infeas = 4)
[610 sec, 2042324 itr]: No feasible solution found (infeas = 4)
[611 sec, 2045727 itr]: No feasible solution found (infeas = 4)
[612 sec, 2048940 itr]: No feasible solution found (infeas = 4)
[613 sec, 2055289 itr]: No feasible solution found (infeas = 4)
[614 sec, 2058574 itr]: No feasible solution found (infeas = 4)
[615 sec, 2058574 itr]: No feasible solution found (infeas = 4)
[616 sec, 2061817 itr]: No feasible solution found (infeas = 4)
[617 sec, 2065043 itr]: No feasible solution found (infeas = 4)
[618 sec, 2071242 itr]: No feasible solution found (infeas = 4)
[619 sec, 2071242 itr]: No feasible solution found (infeas = 4)
[620 sec, 2074237 itr]: No feasible solution found (infeas = 4)
[621 sec, 2077616 itr]: No feasible solution found (infeas = 4)
[622 sec, 2081073 itr]: No feasible solution found (infeas = 4)
[623 sec, 2087347 itr]: No feasible solution found (infeas = 4)
[624 sec, 2087347 itr]: No feasible solution found (infeas = 4)
[625 sec, 2094010 itr]: No feasible solution found (infeas = 4)
[626 sec, 2094010 itr]: No feasible solution found (infeas = 4)
[627 sec, 2097495 itr]: No feasible solution found (infeas = 4)
[628 sec, 2100837 itr]: No feasible solution found (infeas = 4)
[629 sec, 2104368 itr]: No feasible solution found (infeas = 4)
[630 sec, 2107773 itr]: No feasible solution found (infeas = 4)
[631 sec, 2111269 itr]: No feasible solution found (infeas = 4)
[632 sec, 2114389 itr]: No feasible solution found (infeas = 4)
[633 sec, 2117545 itr]: No feasible solution found (infeas = 4)
[634 sec, 2120450 itr]: No feasible solution found (infeas = 4)
[635 sec, 2124211 itr]: No feasible solution found (infeas = 4)
[636 sec, 2131151 itr]: No feasible solution found (infeas = 4)
[637 sec, 2131151 itr]: No feasible solution found (infeas = 4)
[638 sec, 2138484 itr]: No feasible solution found (infeas = 4)
[639 sec, 2142223 itr]: No feasible solution found (infeas = 4)
[640 sec, 2142223 itr]: No feasible solution found (infeas = 4)
[641 sec, 2145875 itr]: No feasible solution found (infeas = 4)
[642 sec, 2149737 itr]: No feasible solution found (infeas = 4)
[643 sec, 2153224 itr]: No feasible solution found (infeas = 4)
[644 sec, 2156384 itr]: No feasible solution found (infeas = 4)
[645 sec, 2159585 itr]: No feasible solution found (infeas = 4)
[646 sec, 2166271 itr]: No feasible solution found (infeas = 4)
[647 sec, 2166271 itr]: No feasible solution found (infeas = 4)
[648 sec, 2169457 itr]: No feasible solution found (infeas = 4)
[649 sec, 2172484 itr]: No feasible solution found (infeas = 4)
[650 sec, 2175779 itr]: No feasible solution found (infeas = 4)
[651 sec, 2178948 itr]: No feasible solution found (infeas = 4)
[652 sec, 2182372 itr]: No feasible solution found (infeas = 4)
[653 sec, 2185857 itr]: No feasible solution found (infeas = 4)
[654 sec, 2189321 itr]: No feasible solution found (infeas = 4)
[655 sec, 2195905 itr]: No feasible solution found (infeas = 4)
[656 sec, 2195905 itr]: No feasible solution found (infeas = 4)
[657 sec, 2199152 itr]: No feasible solution found (infeas = 4)
[658 sec, 2202504 itr]: No feasible solution found (infeas = 4)
[659 sec, 2205854 itr]: No feasible solution found (infeas = 4)
[660 sec, 2212693 itr]: No feasible solution found (infeas = 4)
[661 sec, 2212693 itr]: No feasible solution found (infeas = 4)
[662 sec, 2216245 itr]: No feasible solution found (infeas = 4)
[663 sec, 2219789 itr]: No feasible solution found (infeas = 4)
[664 sec, 2223220 itr]: No feasible solution found (infeas = 4)
[665 sec, 2226764 itr]: No feasible solution found (infeas = 4)
[666 sec, 2230227 itr]: No feasible solution found (infeas = 4)
[667 sec, 2233603 itr]: No feasible solution found (infeas = 4)
[668 sec, 2237122 itr]: No feasible solution found (infeas = 4)
[669 sec, 2244170 itr]: No feasible solution found (infeas = 4)
[670 sec, 2244170 itr]: No feasible solution found (infeas = 4)
[671 sec, 2247628 itr]: No feasible solution found (infeas = 4)
[672 sec, 2250961 itr]: No feasible solution found (infeas = 4)
[673 sec, 2254407 itr]: No feasible solution found (infeas = 4)
[674 sec, 2257702 itr]: No feasible solution found (infeas = 4)
[675 sec, 2261014 itr]: No feasible solution found (infeas = 4)
[676 sec, 2264266 itr]: No feasible solution found (infeas = 4)
[677 sec, 2267406 itr]: No feasible solution found (infeas = 4)
[678 sec, 2270344 itr]: No feasible solution found (infeas = 4)
[679 sec, 2272970 itr]: No feasible solution found (infeas = 4)
[680 sec, 2275569 itr]: No feasible solution found (infeas = 4)
[681 sec, 2278282 itr]: No feasible solution found (infeas = 4)
[682 sec, 2281018 itr]: No feasible solution found (infeas = 4)
[683 sec, 2286499 itr]: No feasible solution found (infeas = 4)
[684 sec, 2286499 itr]: No feasible solution found (infeas = 4)
[685 sec, 2291751 itr]: No feasible solution found (infeas = 4)
[686 sec, 2291751 itr]: No feasible solution found (infeas = 4)
[687 sec, 2294501 itr]: No feasible solution found (infeas = 4)
[688 sec, 2300132 itr]: No feasible solution found (infeas = 4)
[689 sec, 2300132 itr]: No feasible solution found (infeas = 4)
[690 sec, 2303313 itr]: No feasible solution found (infeas = 4)
[691 sec, 2309459 itr]: No feasible solution found (infeas = 4)
[692 sec, 2312902 itr]: No feasible solution found (infeas = 4)
[693 sec, 2312902 itr]: No feasible solution found (infeas = 4)
[694 sec, 2318960 itr]: No feasible solution found (infeas = 4)
[695 sec, 2318960 itr]: No feasible solution found (infeas = 4)
[696 sec, 2322229 itr]: No feasible solution found (infeas = 4)
[697 sec, 2325311 itr]: No feasible solution found (infeas = 4)
[698 sec, 2328438 itr]: No feasible solution found (infeas = 4)
[699 sec, 2333601 itr]: No feasible solution found (infeas = 4)
[700 sec, 2335888 itr]: No feasible solution found (infeas = 4)
[701 sec, 2335888 itr]: No feasible solution found (infeas = 4)
[702 sec, 2337994 itr]: No feasible solution found (infeas = 4)
[703 sec, 2340221 itr]: No feasible solution found (infeas = 4)
[704 sec, 2342560 itr]: No feasible solution found (infeas = 4)
[705 sec, 2344777 itr]: No feasible solution found (infeas = 4)
[706 sec, 2347088 itr]: No feasible solution found (infeas = 4)
[707 sec, 2349452 itr]: No feasible solution found (infeas = 4)
[708 sec, 2354145 itr]:      1448.36
[ optimality gap     ]:      100.00%
[709 sec, 2356846 itr]:      1448.36
[710 sec, 2356846 itr]:      1448.36
[711 sec, 2359536 itr]:      1448.36
[712 sec, 2365114 itr]:      1448.36
[713 sec, 2365114 itr]:      1448.36
[714 sec, 2370910 itr]:      1448.36
[715 sec, 2370910 itr]:      1448.36
[716 sec, 2373615 itr]:      1448.36
[717 sec, 2376669 itr]:      1448.36
[718 sec, 2382503 itr]:      1448.36
[ optimality gap     ]:      100.00%
[719 sec, 2385583 itr]:      1448.36
[720 sec, 2388891 itr]:      1448.36
[721 sec, 2391911 itr]:      1448.36
[722 sec, 2394948 itr]:      1448.36
[723 sec, 2398053 itr]:      1448.36
[724 sec, 2398053 itr]:      1448.36
[725 sec, 2401138 itr]:      1448.36
[726 sec, 2407907 itr]:      1448.36
[727 sec, 2411263 itr]:      1448.36
[728 sec, 2411263 itr]:      1448.36
[ optimality gap     ]:      100.00%
[729 sec, 2417900 itr]:      1448.36
[730 sec, 2421151 itr]:      1448.36
[731 sec, 2421151 itr]:      1448.36
[732 sec, 2424398 itr]:      1448.36
[733 sec, 2430992 itr]:      1448.36
[734 sec, 2430992 itr]:      1448.36
[735 sec, 2434407 itr]:      1448.36
[736 sec, 2440922 itr]:      1448.36
[737 sec, 2444237 itr]:      1448.36
[738 sec, 2444237 itr]:      1448.36
[ optimality gap     ]:      100.00%
[739 sec, 2447751 itr]:      1448.36
[740 sec, 2450805 itr]:      1448.36
[741 sec, 2454214 itr]:      1448.36
[742 sec, 2457603 itr]:      1448.36
[743 sec, 2460445 itr]:      1448.36
[744 sec, 2463782 itr]:      1448.36
[745 sec, 2470342 itr]:      1448.36
[746 sec, 2473304 itr]:      1448.36
[747 sec, 2473304 itr]:      1448.36
[748 sec, 2476415 itr]:      1448.36
[ optimality gap     ]:      100.00%
[749 sec, 2479132 itr]:      1448.36
[750 sec, 2482088 itr]:      1448.36
[751 sec, 2485256 itr]:      1448.36
[752 sec, 2488467 itr]:      1448.36
[753 sec, 2491574 itr]:      1448.36
[754 sec, 2494521 itr]:      1448.36
[755 sec, 2497172 itr]:      1448.36
[756 sec, 2503301 itr]:      1448.36
[757 sec, 2503301 itr]:      1448.36
[758 sec, 2509690 itr]:      1448.36
[ optimality gap     ]:      100.00%
[759 sec, 2509690 itr]:      1448.36
[760 sec, 2516235 itr]:      1448.36
[761 sec, 2519572 itr]:      1448.36
[762 sec, 2522637 itr]:      1448.36
[763 sec, 2522637 itr]:      1448.36
[764 sec, 2525671 itr]:      1448.36
[765 sec, 2528915 itr]:      1448.36
[766 sec, 2531997 itr]:      1448.36
[767 sec, 2535092 itr]:      1448.36
[768 sec, 2541311 itr]:      1448.36
[ optimality gap     ]:      100.00%
[769 sec, 2541311 itr]:      1448.36
[770 sec, 2544096 itr]:      1448.36
[771 sec, 2546659 itr]:      1448.36
[772 sec, 2552689 itr]:      1448.36
[773 sec, 2552689 itr]:      1448.36
[774 sec, 2555607 itr]:      1448.36
[775 sec, 2561687 itr]:      1448.36
[776 sec, 2561687 itr]:      1448.36
[777 sec, 2564680 itr]:      1448.36
[778 sec, 2567840 itr]:      1448.36
[ optimality gap     ]:      100.00%
[779 sec, 2573133 itr]:      1448.36
[780 sec, 2576107 itr]:      1448.36
[781 sec, 2576107 itr]:      1448.36
[782 sec, 2581953 itr]:      1448.36
[783 sec, 2584689 itr]:      1448.36
[784 sec, 2587820 itr]:      1448.36
[785 sec, 2590959 itr]:      1448.36
[786 sec, 2594258 itr]:      1448.36
[787 sec, 2597421 itr]:      1448.36
[788 sec, 2600531 itr]:      1448.36
[ optimality gap     ]:      100.00%
[789 sec, 2603677 itr]:      1448.36
[790 sec, 2606854 itr]:      1448.36
[791 sec, 2610053 itr]:      1448.36
[792 sec, 2612665 itr]:      1448.36
[793 sec, 2615908 itr]:      1448.36
[794 sec, 2619153 itr]:      1448.36
[795 sec, 2619153 itr]:      1448.36
[796 sec, 2624949 itr]:      1448.36
[797 sec, 2628027 itr]:      1448.36
[798 sec, 2631034 itr]:      1448.36
[ optimality gap     ]:      100.00%
[799 sec, 2631034 itr]:      1448.36
[800 sec, 2633846 itr]:      1448.36
[801 sec, 2636731 itr]:      1448.36
[802 sec, 2642586 itr]:      1448.36
[803 sec, 2642586 itr]:      1448.36
[804 sec, 2648819 itr]:      1448.36
[805 sec, 2651708 itr]:      1448.36
[806 sec, 2654760 itr]:      1448.36
[807 sec, 2657978 itr]:      1448.36
[808 sec, 2661040 itr]:      1448.36
[ optimality gap     ]:      100.00%
[809 sec, 2664214 itr]:      1448.36
[810 sec, 2664214 itr]:      1448.36
[811 sec, 2670243 itr]:      1448.36
[812 sec, 2670243 itr]:      1448.36
[813 sec, 2676261 itr]:      1448.36
[814 sec, 2679398 itr]:      1448.36
[815 sec, 2679398 itr]:      1448.36
[816 sec, 2685166 itr]:      1448.36
[817 sec, 2688221 itr]:      1448.36
[818 sec, 2688221 itr]:      1448.36
[ optimality gap     ]:      100.00%
[819 sec, 2694259 itr]:      1448.36
[820 sec, 2694259 itr]:      1448.36
[821 sec, 2700331 itr]:      1448.36
[822 sec, 2703284 itr]:      1448.36
[823 sec, 2706323 itr]:      1448.36
[824 sec, 2708698 itr]:      1448.36
[825 sec, 2711685 itr]:      1448.36
[826 sec, 2714090 itr]:      1448.36
[827 sec, 2717224 itr]:      1448.36
[828 sec, 2717224 itr]:      1448.36
[ optimality gap     ]:      100.00%
[829 sec, 2723529 itr]:      1448.36
[830 sec, 2726636 itr]:      1448.36
[831 sec, 2729819 itr]:      1448.36
[832 sec, 2729819 itr]:      1448.36
[833 sec, 2735712 itr]:      1448.36
[834 sec, 2735712 itr]:      1448.36
[835 sec, 2741536 itr]:      1448.36
[836 sec, 2744589 itr]:      1448.36
[837 sec, 2747661 itr]:      1448.36
[838 sec, 2747661 itr]:      1448.36
[ optimality gap     ]:      100.00%
[839 sec, 2753659 itr]:      1448.36
[840 sec, 2756685 itr]:      1448.36
[841 sec, 2759435 itr]:      1448.36
[842 sec, 2759435 itr]:      1448.36
[843 sec, 2765632 itr]:      1448.36
[844 sec, 2765632 itr]:      1448.36
[845 sec, 2771416 itr]:      1448.36
[846 sec, 2774470 itr]:      1448.36
[847 sec, 2774470 itr]:      1448.36
[848 sec, 2779821 itr]:      1448.36
[ optimality gap     ]:      100.00%
[849 sec, 2782859 itr]:      1448.36
[850 sec, 2782859 itr]:      1448.36
[851 sec, 2785904 itr]:      1448.36
[852 sec, 2792345 itr]:      1448.36
[853 sec, 2792345 itr]:      1448.36
[854 sec, 2798552 itr]:      1448.36
[855 sec, 2801625 itr]:      1448.36
[856 sec, 2804090 itr]:      1448.36
[857 sec, 2807178 itr]:      1448.36
[858 sec, 2807178 itr]:      1448.36
[ optimality gap     ]:      100.00%
[859 sec, 2809977 itr]:      1448.36
[860 sec, 2815892 itr]:      1448.36
[861 sec, 2819056 itr]:      1448.36
[862 sec, 2819056 itr]:      1448.36
[863 sec, 2820853 itr]:      1448.36
[864 sec, 2825391 itr]:      1448.36
[865 sec, 2825391 itr]:      1448.36
[866 sec, 2830906 itr]:      1448.36
[867 sec, 2830906 itr]:      1448.36
[868 sec, 2833561 itr]:      1448.36
[ optimality gap     ]:      100.00%
[869 sec, 2839015 itr]:      1448.36
[870 sec, 2842098 itr]:      1448.36
[871 sec, 2844830 itr]:      1448.36
[872 sec, 2847708 itr]:      1448.36
[873 sec, 2847708 itr]:      1448.36
[874 sec, 2850079 itr]:      1448.36
[875 sec, 2855548 itr]:      1448.36
[876 sec, 2858355 itr]:      1448.36
[877 sec, 2858355 itr]:      1448.36
[878 sec, 2863892 itr]:      1448.36
[ optimality gap     ]:      100.00%
[879 sec, 2866507 itr]:      1448.36
[880 sec, 2869094 itr]:      1448.36
[881 sec, 2869094 itr]:      1448.36
[882 sec, 2874415 itr]:      1448.36
[883 sec, 2877195 itr]:      1448.36
[884 sec, 2877195 itr]:      1448.36
[885 sec, 2879970 itr]:      1448.36
[886 sec, 2882663 itr]:      1448.36
[887 sec, 2884959 itr]:      1448.36
[888 sec, 2887048 itr]:      1448.36
[ optimality gap     ]:      100.00%
[889 sec, 2892570 itr]:      1448.36
[890 sec, 2892570 itr]:      1448.36
[891 sec, 2898093 itr]:      1448.36
[892 sec, 2898093 itr]:      1448.36
[893 sec, 2901025 itr]:      1448.36
[894 sec, 2903770 itr]:      1448.36
[895 sec, 2906633 itr]:      1448.36
[896 sec, 2912293 itr]:      1448.36
[897 sec, 2912293 itr]:      1448.36
[898 sec, 2918160 itr]:      1448.36
[ optimality gap     ]:      100.00%
[899 sec, 2921242 itr]:      1448.36
[900 sec, 2924351 itr]:      1448.36
[901 sec, 2924351 itr]:      1448.36
[902 sec, 2930546 itr]:      1448.36
[903 sec, 2930546 itr]:      1448.36
[904 sec, 2937092 itr]:      1448.36
[905 sec, 2940146 itr]:      1448.36
[906 sec, 2940146 itr]:      1448.36
[907 sec, 2943442 itr]:      1448.36
[908 sec, 2946574 itr]:      1448.36
[ optimality gap     ]:      100.00%
[909 sec, 2952843 itr]:      1448.36
[910 sec, 2952843 itr]:      1448.36
[911 sec, 2957992 itr]:      1448.36
[912 sec, 2957992 itr]:      1448.36
[913 sec, 2961263 itr]:      1448.36
[914 sec, 2963964 itr]:      1448.36
[915 sec, 2967275 itr]:      1448.36
[916 sec, 2970141 itr]:      1448.36
[917 sec, 2973313 itr]:      1448.36
[918 sec, 2977811 itr]:      1448.36
[ optimality gap     ]:      100.00%
[919 sec, 2977811 itr]:      1448.36
[920 sec, 2980988 itr]:      1448.36
[921 sec, 2984254 itr]:      1448.36
[922 sec, 2987683 itr]:      1448.36
[923 sec, 2991074 itr]:      1448.36
[924 sec, 2997191 itr]:      1448.36
[925 sec, 3000310 itr]:      1448.36
[926 sec, 3003435 itr]:      1448.36
[927 sec, 3006530 itr]:      1448.36
[928 sec, 3006530 itr]:      1448.36
[ optimality gap     ]:      100.00%
[929 sec, 3009739 itr]:      1448.36
[930 sec, 3012524 itr]:      1448.36
[931 sec, 3015789 itr]:      1448.36
[932 sec, 3020599 itr]:      1448.36
[933 sec, 3020599 itr]:      1448.36
[934 sec, 3023668 itr]:      1448.36
[935 sec, 3029601 itr]:      1448.36
[936 sec, 3029601 itr]:      1448.36
[937 sec, 3032660 itr]:      1448.36
[938 sec, 3035446 itr]:      1448.36
[ optimality gap     ]:      100.00%
[939 sec, 3041103 itr]:      1448.36
[940 sec, 3041103 itr]:      1448.36
[941 sec, 3046782 itr]:      1448.36
[942 sec, 3049592 itr]:      1448.36
[943 sec, 3052424 itr]:      1448.36
[944 sec, 3055390 itr]:      1448.36
[945 sec, 3058255 itr]:      1448.36
[946 sec, 3058255 itr]:      1448.36
[947 sec, 3063735 itr]:      1448.36
[948 sec, 3066663 itr]:      1448.36
[ optimality gap     ]:      100.00%
[949 sec, 3066663 itr]:      1448.36
[950 sec, 3072570 itr]:      1448.36
[951 sec, 3072570 itr]:      1448.36
[952 sec, 3075568 itr]:      1448.36
[953 sec, 3081250 itr]:      1448.36
[954 sec, 3084233 itr]:      1448.36
[955 sec, 3084233 itr]:      1448.36
[956 sec, 3087006 itr]:      1448.36
[957 sec, 3092776 itr]:      1448.36
[958 sec, 3095804 itr]:      1448.36
[ optimality gap     ]:      100.00%
[959 sec, 3098950 itr]:      1448.36
[960 sec, 3101995 itr]:      1448.36
[961 sec, 3105319 itr]:      1448.36
[962 sec, 3108640 itr]:      1448.36
[963 sec, 3108640 itr]:      1448.36
[964 sec, 3114202 itr]:      1448.36
[965 sec, 3117500 itr]:      1448.36
[966 sec, 3120782 itr]:      1448.36
[967 sec, 3120782 itr]:      1448.36
[968 sec, 3127422 itr]:      1448.36
[ optimality gap     ]:      100.00%
[969 sec, 3127422 itr]:      1448.36
[970 sec, 3134068 itr]:      1448.36
[971 sec, 3137316 itr]:      1448.36
[972 sec, 3137316 itr]:      1448.36
[973 sec, 3140735 itr]:      1448.36
[974 sec, 3147023 itr]:      1448.36
[975 sec, 3150366 itr]:      1448.36
[976 sec, 3153653 itr]:      1448.36
[977 sec, 3153653 itr]:      1448.36
[978 sec, 3159362 itr]:      1448.36
[ optimality gap     ]:      100.00%
[979 sec, 3161996 itr]:      1448.36
[980 sec, 3165223 itr]:      1448.36
[981 sec, 3168465 itr]:      1446.45
[982 sec, 3171745 itr]:      1446.45
[983 sec, 3171745 itr]:      1446.45
[984 sec, 3174991 itr]:      1446.43
[985 sec, 3179813 itr]:      1446.43
[986 sec, 3179813 itr]:      1446.43
[987 sec, 3185611 itr]:      1446.43
[988 sec, 3185611 itr]:      1446.43
[ optimality gap     ]:      100.00%
[989 sec, 3191683 itr]:      1446.43
[990 sec, 3194760 itr]:      1446.43
[991 sec, 3197839 itr]:      1446.43
[992 sec, 3197839 itr]:      1446.43
[993 sec, 3201036 itr]:      1446.43
[994 sec, 3204138 itr]:      1446.43
[995 sec, 3207081 itr]:      1446.43
[996 sec, 3210285 itr]:      1446.43
[997 sec, 3216398 itr]:      1446.43
[998 sec, 3219232 itr]:      1446.43
[ optimality gap     ]:      100.00%
[999 sec, 3222390 itr]:      1446.43
[1000 sec, 3222390 itr]:      1446.43
[1001 sec, 3225562 itr]:      1446.43
[1002 sec, 3228602 itr]:      1446.43
[1003 sec, 3234068 itr]:      1446.43
[1004 sec, 3234068 itr]:      1446.43
[1005 sec, 3240400 itr]:      1446.43
[1006 sec, 3240400 itr]:      1446.43
[1007 sec, 3247137 itr]:      1446.43
[1008 sec, 3247137 itr]:      1446.43
[ optimality gap      ]:      100.00%
[1009 sec, 3250537 itr]:      1446.43
[1010 sec, 3257355 itr]:      1446.43
[1011 sec, 3260644 itr]:      1446.43
[1012 sec, 3260644 itr]:      1446.43
[1013 sec, 3267424 itr]:      1446.43
[1014 sec, 3267424 itr]:      1446.43
[1015 sec, 3270881 itr]:      1446.43
[1016 sec, 3278013 itr]:      1446.43
[1017 sec, 3281502 itr]:      1446.43
[1018 sec, 3281502 itr]:      1446.43
[ optimality gap      ]:      100.00%
[1019 sec, 3285038 itr]:      1446.43
[1020 sec, 3288424 itr]:      1446.43
[1021 sec, 3291998 itr]:      1446.43
[1022 sec, 3295651 itr]:      1446.43
[1023 sec, 3299048 itr]:      1446.43
[1024 sec, 3302691 itr]:      1446.43
[1025 sec, 3309685 itr]:      1446.43
[1026 sec, 3309685 itr]:      1446.43
[1027 sec, 3316694 itr]:      1446.43
[1028 sec, 3320280 itr]:      1446.43
[ optimality gap      ]:      100.00%
[1029 sec, 3320280 itr]:      1446.43
[1030 sec, 3327140 itr]:      1446.43
[1031 sec, 3330499 itr]:      1446.43
[1032 sec, 3330499 itr]:      1446.43
[1033 sec, 3334050 itr]:      1446.43
[1034 sec, 3337646 itr]:      1446.43
[1035 sec, 3341217 itr]:      1446.43
[1036 sec, 3344540 itr]:      1446.43
[1037 sec, 3348071 itr]:      1446.43
[1038 sec, 3351577 itr]:      1446.43
[ optimality gap      ]:      100.00%
[1039 sec, 3355289 itr]:      1446.43
[1040 sec, 3358940 itr]:      1446.43
[1041 sec, 3366120 itr]:      1446.43
[1042 sec, 3369280 itr]:      1446.43
[1043 sec, 3372659 itr]:      1446.43
[1044 sec, 3372659 itr]:      1446.43
[1045 sec, 3375811 itr]:      1446.43
[1046 sec, 3382070 itr]:      1446.43
[1047 sec, 3385201 itr]:      1446.43
[1048 sec, 3388549 itr]:      1446.43
[ optimality gap      ]:      100.00%
[1049 sec, 3388549 itr]:      1446.43
[1050 sec, 3394970 itr]:      1446.43
[1051 sec, 3394970 itr]:      1446.43
[1052 sec, 3397405 itr]:      1446.43
[1053 sec, 3400092 itr]:      1446.43
[1054 sec, 3403231 itr]:      1446.43
[1055 sec, 3406351 itr]:      1446.43
[1056 sec, 3412935 itr]:      1446.43
[1057 sec, 3416211 itr]:      1446.43
[1058 sec, 3416211 itr]:      1446.43
[ optimality gap      ]:      100.00%
[1059 sec, 3419421 itr]:      1446.43
[1060 sec, 3422507 itr]:      1446.43
[1061 sec, 3428359 itr]:      1446.43
[1062 sec, 3428359 itr]:      1446.43
[1063 sec, 3434167 itr]:      1446.43
[1064 sec, 3437371 itr]:      1446.43
[1065 sec, 3437371 itr]:      1446.43
[1066 sec, 3440343 itr]:      1446.43
[1067 sec, 3442643 itr]:      1446.43
[1068 sec, 3449350 itr]:      1446.43
[ optimality gap      ]:      100.00%
[1069 sec, 3449350 itr]:      1446.43
[1070 sec, 3452764 itr]:      1446.43
[1071 sec, 3456037 itr]:      1446.43
[1072 sec, 3462217 itr]:      1446.43
[1073 sec, 3462217 itr]:      1446.43
[1074 sec, 3465481 itr]:      1446.43
[1075 sec, 3468916 itr]:      1446.43
[1076 sec, 3471493 itr]:      1446.43
[1077 sec, 3474730 itr]:      1446.43
[1078 sec, 3477953 itr]:      1446.43
[ optimality gap      ]:      100.00%
[1079 sec, 3484610 itr]:      1446.43
[1080 sec, 3484610 itr]:      1446.43
[1081 sec, 3487906 itr]:      1446.43
[1082 sec, 3491252 itr]:      1446.43
[1083 sec, 3498269 itr]:      1446.43
[1084 sec, 3498269 itr]:      1446.43
[1085 sec, 3501721 itr]:      1446.43
[1086 sec, 3508268 itr]:      1446.43
[1087 sec, 3508268 itr]:      1446.43
[1088 sec, 3515071 itr]:      1440.36
[ optimality gap      ]:      100.00%
[1089 sec, 3518594 itr]:      1440.36
[1090 sec, 3522009 itr]:      1440.29
[1091 sec, 3522009 itr]:      1440.29
[1092 sec, 3525397 itr]:      1440.29
[1093 sec, 3528666 itr]:      1440.29
[1094 sec, 3535709 itr]:      1440.29
[1095 sec, 3535709 itr]:      1440.29
[1096 sec, 3543157 itr]:      1440.29
[1097 sec, 3546521 itr]:      1440.29
[1098 sec, 3550268 itr]:      1440.29
[ optimality gap      ]:      100.00%
[1099 sec, 3550268 itr]:      1440.29
[1100 sec, 3554030 itr]:      1440.29
[1101 sec, 3557816 itr]:      1440.29
[1102 sec, 3561472 itr]:      1440.29
[1103 sec, 3564981 itr]:      1440.29
[1104 sec, 3567831 itr]:      1440.29
[1105 sec, 3571133 itr]:      1440.29
[1106 sec, 3574616 itr]:      1440.29
[1107 sec, 3578245 itr]:      1440.29
[1108 sec, 3585335 itr]:      1440.29
[ optimality gap      ]:      100.00%
[1109 sec, 3589035 itr]:      1440.29
[1110 sec, 3589035 itr]:      1440.29
[1111 sec, 3592900 itr]:      1440.29
[1112 sec, 3596498 itr]:      1440.29
[1113 sec, 3600057 itr]:      1440.29
[1114 sec, 3603450 itr]:      1440.29
[1115 sec, 3606976 itr]:      1440.29
[1116 sec, 3610522 itr]:      1440.29
[1117 sec, 3614288 itr]:      1440.29
[1118 sec, 3617326 itr]:      1440.29
[ optimality gap      ]:      100.00%
[1119 sec, 3624219 itr]:      1440.29
[1120 sec, 3624219 itr]:      1440.29
[1121 sec, 3627866 itr]:      1440.29
[1122 sec, 3634946 itr]:      1440.29
[1123 sec, 3634946 itr]:      1440.29
[1124 sec, 3638556 itr]:      1440.29
[1125 sec, 3642143 itr]:      1440.29
[1126 sec, 3645273 itr]:      1440.29
[1127 sec, 3649253 itr]:      1440.29
[1128 sec, 3652896 itr]:      1440.29
[ optimality gap      ]:      100.00%
[1129 sec, 3656342 itr]:      1440.29
[1130 sec, 3659845 itr]:      1440.29
[1131 sec, 3663366 itr]:      1440.29
[1132 sec, 3667056 itr]:      1440.29
[1133 sec, 3670609 itr]:      1440.29
[1134 sec, 3677506 itr]:      1440.29
[1135 sec, 3677506 itr]:      1440.29
[1136 sec, 3680744 itr]:      1440.29
[1137 sec, 3684190 itr]:      1440.29
[1138 sec, 3687467 itr]:      1440.29
[ optimality gap      ]:      100.00%
[1139 sec, 3690792 itr]:      1440.29
[1140 sec, 3694000 itr]:      1440.29
[1141 sec, 3697293 itr]:      1440.29
[1142 sec, 3703994 itr]:      1440.29
[1143 sec, 3703994 itr]:      1440.29
[1144 sec, 3710676 itr]:      1440.29
[1145 sec, 3713975 itr]:      1440.29
[1146 sec, 3717319 itr]:      1440.29
[1147 sec, 3720587 itr]:      1440.29
[1148 sec, 3723626 itr]:      1440.29
[ optimality gap      ]:      100.00%
[1149 sec, 3726514 itr]:      1440.29
[1150 sec, 3729301 itr]:      1440.29
[1151 sec, 3732146 itr]:      1440.29
[1152 sec, 3735220 itr]:      1440.29
[1153 sec, 3735220 itr]:      1440.29
[1154 sec, 3741114 itr]:      1440.29
[1155 sec, 3744093 itr]:      1440.29
[1156 sec, 3747158 itr]:      1440.29
[1157 sec, 3750028 itr]:      1440.29
[1158 sec, 3752693 itr]:      1440.29
[ optimality gap      ]:      100.00%
[1159 sec, 3755641 itr]:      1440.29
[1160 sec, 3755641 itr]:      1440.29
[1161 sec, 3761418 itr]:      1440.29
[1162 sec, 3764438 itr]:      1440.29
[1163 sec, 3767185 itr]:      1440.29
[1164 sec, 3767185 itr]:      1440.29
[1165 sec, 3770298 itr]:      1440.29
[1166 sec, 3773229 itr]:      1440.29
[1167 sec, 3779242 itr]:      1440.29
[1168 sec, 3782093 itr]:      1440.29
[ optimality gap      ]:      100.00%
[1169 sec, 3784942 itr]:      1440.29
[1170 sec, 3787981 itr]:      1440.29
[1171 sec, 3787981 itr]:      1440.29
[1172 sec, 3793604 itr]:      1440.29
[1173 sec, 3796652 itr]:      1440.29
[1174 sec, 3799781 itr]:      1440.29
[1175 sec, 3799781 itr]:      1440.29
[1176 sec, 3805677 itr]:      1440.29
[1177 sec, 3808668 itr]:      1440.29
[1178 sec, 3808668 itr]:      1440.29
[ optimality gap      ]:      100.00%
[1179 sec, 3814710 itr]:      1440.29
[1180 sec, 3814710 itr]:      1440.29
[1181 sec, 3820783 itr]:      1440.29
[1182 sec, 3820783 itr]:      1440.29
[1183 sec, 3826254 itr]:      1440.29
[1184 sec, 3826254 itr]:      1440.29
[1185 sec, 3832247 itr]:      1440.29
[1186 sec, 3832247 itr]:      1440.29
[1187 sec, 3837731 itr]:      1440.29
[1188 sec, 3840298 itr]:      1440.29
[ optimality gap      ]:      100.00%
[1189 sec, 3840298 itr]:      1440.29
[1190 sec, 3843124 itr]:      1440.29
[1191 sec, 3848610 itr]:      1440.29
[1192 sec, 3850919 itr]:      1440.29
[1193 sec, 3853536 itr]:      1440.29
[1194 sec, 3856401 itr]:      1440.29
[1195 sec, 3859130 itr]:      1440.29
[1196 sec, 3861763 itr]:      1440.29
[1197 sec, 3861763 itr]:      1440.29
[1198 sec, 3864459 itr]:      1440.29
[ optimality gap      ]:      100.00%
[1199 sec, 3869797 itr]:      1440.29
[1200 sec, 3872621 itr]:      1440.29
[1201 sec, 3872621 itr]:      1440.29
[1202 sec, 3878280 itr]:      1440.29
[1203 sec, 3878280 itr]:      1440.29
[1204 sec, 3881254 itr]:      1440.29
[1205 sec, 3884082 itr]:      1440.29
[1206 sec, 3886312 itr]:      1440.29
[1207 sec, 3889221 itr]:      1440.29
[1208 sec, 3894333 itr]:      1440.29
[ optimality gap      ]:      100.00%
[1209 sec, 3894333 itr]:      1440.29
[1210 sec, 3899971 itr]:      1440.29
[1211 sec, 3899971 itr]:      1440.29
[1212 sec, 3905859 itr]:      1440.29
[1213 sec, 3908578 itr]:      1440.29
[1214 sec, 3911532 itr]:      1440.29
[1215 sec, 3914243 itr]:      1440.29
[1216 sec, 3914243 itr]:      1440.29
[1217 sec, 3920116 itr]:      1440.29
[1218 sec, 3922980 itr]:      1440.29
[ optimality gap      ]:      100.00%
[1219 sec, 3925881 itr]:      1440.29
[1220 sec, 3925881 itr]:      1440.29
[1221 sec, 3928530 itr]:      1440.29
[1222 sec, 3934088 itr]:      1440.29
[1223 sec, 3934088 itr]:      1440.29
[1224 sec, 3936740 itr]:      1440.29
[1225 sec, 3942263 itr]:      1440.29
[1226 sec, 3945155 itr]:      1440.29
[1227 sec, 3945155 itr]:      1440.29
[1228 sec, 3950231 itr]:      1440.29
[ optimality gap      ]:      100.00%
[1229 sec, 3950231 itr]:      1440.29
[1230 sec, 3955822 itr]:      1440.29
[1231 sec, 3959321 itr]:      1440.29
[1232 sec, 3962699 itr]:      1440.29
[1233 sec, 3966224 itr]:      1440.29
[1234 sec, 3969774 itr]:      1440.29
[1235 sec, 3969774 itr]:      1440.29
[1236 sec, 3973451 itr]:      1440.29
[1237 sec, 3977103 itr]:      1440.29
[1238 sec, 3984127 itr]:      1440.29
[ optimality gap      ]:      100.00%
[1239 sec, 3984127 itr]:      1440.29
[1240 sec, 3991071 itr]:      1440.29
[1241 sec, 3991071 itr]:      1440.29
[1242 sec, 3998049 itr]:      1440.29
[1243 sec, 4001525 itr]:      1440.29
[1244 sec, 4001525 itr]:      1440.29
[1245 sec, 4008429 itr]:      1440.29
[1246 sec, 4008429 itr]:      1440.29
[1247 sec, 4012040 itr]:      1440.29
[1248 sec, 4018540 itr]:      1440.29
[ optimality gap      ]:      100.00%
[1249 sec, 4021969 itr]:      1440.29
[1250 sec, 4021969 itr]:      1440.29
[1251 sec, 4025423 itr]:      1440.29
[1252 sec, 4029043 itr]:      1440.29
[1253 sec, 4032565 itr]:      1440.29
[1254 sec, 4039703 itr]:      1440.29
[1255 sec, 4039703 itr]:      1440.29
[1256 sec, 4043393 itr]:      1440.29
[1257 sec, 4046768 itr]:      1440.29
[1258 sec, 4053305 itr]:      1440.29
[ optimality gap      ]:      100.00%
[1259 sec, 4056660 itr]:      1440.29
[1260 sec, 4056660 itr]:      1440.29
[1261 sec, 4060236 itr]:      1440.29
[1262 sec, 4066830 itr]:      1440.29
[1263 sec, 4070178 itr]:      1440.29
[1264 sec, 4070178 itr]:      1440.29
[1265 sec, 4076621 itr]:      1440.29
[1266 sec, 4079813 itr]:      1440.29
[1267 sec, 4083179 itr]:      1440.29
[1268 sec, 4083179 itr]:      1440.29
[ optimality gap      ]:      100.00%
[1269 sec, 4090013 itr]:      1440.29
[1270 sec, 4093344 itr]:      1440.29
[1271 sec, 4093344 itr]:      1440.29
[1272 sec, 4100397 itr]:      1440.29
[1273 sec, 4104021 itr]:      1440.29
[1274 sec, 4107685 itr]:      1440.29
[1275 sec, 4107685 itr]:      1440.29
[1276 sec, 4114947 itr]:      1440.29
[1277 sec, 4118405 itr]:      1440.29
[1278 sec, 4121783 itr]:      1440.29
[ optimality gap      ]:      100.00%
[1279 sec, 4125479 itr]:      1440.29
[1280 sec, 4128950 itr]:      1440.29
[1281 sec, 4128950 itr]:      1440.29
[1282 sec, 4135788 itr]:      1440.29
[1283 sec, 4139361 itr]:      1440.29
[1284 sec, 4142937 itr]:      1440.29
[1285 sec, 4142937 itr]:      1440.29
[1286 sec, 4150129 itr]:      1440.29
[1287 sec, 4153754 itr]:      1440.29
[1288 sec, 4153754 itr]:      1440.29
[ optimality gap      ]:      100.00%
[1289 sec, 4157349 itr]:      1440.29
[1290 sec, 4163709 itr]:      1440.29
[1291 sec, 4163709 itr]:      1440.29
[1292 sec, 4167365 itr]:      1440.29
[1293 sec, 4171123 itr]:      1440.29
[1294 sec, 4178344 itr]:      1440.29
[1295 sec, 4181780 itr]:      1440.29
[1296 sec, 4181780 itr]:      1440.29
[1297 sec, 4185352 itr]:      1440.29
[1298 sec, 4192460 itr]:      1440.29
[ optimality gap      ]:      100.00%
[1299 sec, 4192460 itr]:      1440.29
[1300 sec, 4195942 itr]:      1440.29
[1301 sec, 4199546 itr]:      1440.29
[1302 sec, 4202933 itr]:      1440.29
[1303 sec, 4206371 itr]:      1440.29
[1304 sec, 4209898 itr]:      1440.29
[1305 sec, 4213479 itr]:      1440.29
[1306 sec, 4220619 itr]:      1440.29
[1307 sec, 4224133 itr]:      1440.29
[1308 sec, 4224133 itr]:      1440.29
[ optimality gap      ]:      100.00%
[1309 sec, 4227515 itr]:      1440.29
[1310 sec, 4230812 itr]:      1440.29
[1311 sec, 4237219 itr]:      1440.29
[1312 sec, 4237219 itr]:      1440.29
[1313 sec, 4240732 itr]:      1440.29
[1314 sec, 4243957 itr]:      1440.29
[1315 sec, 4247621 itr]:      1440.29
[1316 sec, 4254934 itr]:      1440.29
[1317 sec, 4254934 itr]:      1440.29
[1318 sec, 4258043 itr]:      1440.29
[ optimality gap      ]:      100.00%
[1319 sec, 4265235 itr]:      1440.29
[1320 sec, 4268551 itr]:      1440.29
[1321 sec, 4268551 itr]:      1440.29
[1322 sec, 4272124 itr]:      1440.29
[1323 sec, 4275572 itr]:      1440.29
[1324 sec, 4279040 itr]:      1440.29
[1325 sec, 4282512 itr]:      1440.29
[1326 sec, 4285204 itr]:      1440.29
[1327 sec, 4288650 itr]:      1440.29
[1328 sec, 4295777 itr]:      1440.29
[ optimality gap      ]:      100.00%
[1329 sec, 4299147 itr]:      1440.29
[1330 sec, 4299147 itr]:      1440.29
[1331 sec, 4305760 itr]:      1440.29
[1332 sec, 4305760 itr]:      1440.29
[1333 sec, 4312254 itr]:      1440.29
[1334 sec, 4315570 itr]:      1440.29
[1335 sec, 4315570 itr]:      1440.29
[1336 sec, 4323130 itr]:      1440.29
[1337 sec, 4326153 itr]:      1440.29
[1338 sec, 4329829 itr]:      1440.29
[ optimality gap      ]:      100.00%
[1339 sec, 4333125 itr]:      1440.29
[1340 sec, 4336421 itr]:      1440.29
[1341 sec, 4339868 itr]:      1440.29
[1342 sec, 4343232 itr]:      1440.29
[1343 sec, 4346798 itr]:      1440.29
[1344 sec, 4346798 itr]:      1440.29
[1345 sec, 4353099 itr]:      1440.29
[1346 sec, 4353099 itr]:      1440.29
[1347 sec, 4356475 itr]:      1440.29
[1348 sec, 4363262 itr]:      1440.29
[ optimality gap      ]:      100.00%
[1349 sec, 4363262 itr]:      1440.29
[1350 sec, 4366773 itr]:      1440.29
[1351 sec, 4373604 itr]:      1440.29
[1352 sec, 4373604 itr]:      1440.29
[1353 sec, 4380649 itr]:      1440.29
[1354 sec, 4380649 itr]:      1440.29
[1355 sec, 4387754 itr]:      1440.29
[1356 sec, 4387754 itr]:      1440.29
[1357 sec, 4391295 itr]:      1440.29
[1358 sec, 4394773 itr]:      1440.29
[ optimality gap      ]:      100.00%
[1359 sec, 4402064 itr]:      1440.29
[1360 sec, 4402064 itr]:      1440.29
[1361 sec, 4405728 itr]:      1440.29
[1362 sec, 4412747 itr]:      1440.29
[1363 sec, 4416103 itr]:      1440.29
[1364 sec, 4419543 itr]:      1440.29
[1365 sec, 4423108 itr]:      1440.29
[1366 sec, 4426757 itr]:      1440.29
[1367 sec, 4430404 itr]:      1440.29
[1368 sec, 4430404 itr]:      1440.29
[ optimality gap      ]:      100.00%
[1369 sec, 4437684 itr]:      1440.29
[1370 sec, 4437684 itr]:      1440.29
[1371 sec, 4445193 itr]:      1440.29
[1372 sec, 4448857 itr]:      1440.29
[1373 sec, 4448857 itr]:      1440.29
[1374 sec, 4452548 itr]:      1440.29
[1375 sec, 4456157 itr]:      1440.29
[1376 sec, 4463083 itr]:      1440.29
[1377 sec, 4466728 itr]:      1440.29
[1378 sec, 4470449 itr]:      1440.29
[ optimality gap      ]:      100.00%
[1379 sec, 4474041 itr]:      1440.29
[1380 sec, 4477631 itr]:      1440.29
[1381 sec, 4477631 itr]:      1440.29
[1382 sec, 4481309 itr]:      1440.29
[1383 sec, 4488659 itr]:      1440.29
[1384 sec, 4488659 itr]:      1440.29
[1385 sec, 4495929 itr]:      1440.29
[1386 sec, 4499620 itr]:      1440.29
[1387 sec, 4499620 itr]:      1440.29
[1388 sec, 4502981 itr]:      1440.29
[ optimality gap      ]:      100.00%
[1389 sec, 4509715 itr]:      1440.29
[1390 sec, 4509715 itr]:      1440.29
[1391 sec, 4513163 itr]:      1440.29
[1392 sec, 4519646 itr]:      1440.29
[1393 sec, 4522888 itr]:      1440.29
[1394 sec, 4522888 itr]:      1440.29
[1395 sec, 4529494 itr]:      1440.29
[1396 sec, 4533039 itr]:      1440.29
[1397 sec, 4536540 itr]:      1440.29
[1398 sec, 4539689 itr]:      1440.29
[ optimality gap      ]:      100.00%
[1399 sec, 4542905 itr]:      1440.29
[1400 sec, 4542905 itr]:      1440.29
[1401 sec, 4549574 itr]:      1440.29
[1402 sec, 4549574 itr]:      1440.29
[1403 sec, 4556140 itr]:      1440.29
[1404 sec, 4559225 itr]:      1440.29
[1405 sec, 4562506 itr]:      1440.29
[1406 sec, 4565814 itr]:      1440.29
[1407 sec, 4565814 itr]:      1440.29
[1408 sec, 4572291 itr]:      1440.29
[ optimality gap      ]:      100.00%
[1409 sec, 4572291 itr]:      1440.29
[1410 sec, 4578390 itr]:      1440.29
[1411 sec, 4581727 itr]:      1440.29
[1412 sec, 4581727 itr]:      1440.29
[1413 sec, 4584984 itr]:      1440.29
[1414 sec, 4588118 itr]:      1440.29
[1415 sec, 4591261 itr]:      1440.29
[1416 sec, 4594722 itr]:      1440.29
[1417 sec, 4601605 itr]:      1440.29
[1418 sec, 4605030 itr]:      1440.29
[ optimality gap      ]:      100.00%
[1419 sec, 4608280 itr]:      1440.29
[1420 sec, 4608280 itr]:      1440.29
[1421 sec, 4615295 itr]:      1440.29
[1422 sec, 4615295 itr]:      1440.29
[1423 sec, 4618651 itr]:      1440.29
[1424 sec, 4626008 itr]:      1440.29
[1425 sec, 4626008 itr]:      1440.29
[1426 sec, 4629470 itr]:      1440.29
[1427 sec, 4636438 itr]:      1440.29
[1428 sec, 4640153 itr]:      1440.29
[ optimality gap      ]:      100.00%
[1429 sec, 4640153 itr]:      1440.29
[1430 sec, 4647285 itr]:      1440.29
[1431 sec, 4650646 itr]:      1440.29
[1432 sec, 4650646 itr]:      1440.29
[1433 sec, 4657898 itr]:      1440.29
[1434 sec, 4657898 itr]:      1440.29
[1435 sec, 4661628 itr]:      1440.29
[1436 sec, 4668831 itr]:      1440.29
[1437 sec, 4672517 itr]:      1440.29
[1438 sec, 4672517 itr]:      1440.29
[ optimality gap      ]:      100.00%
[1439 sec, 4680105 itr]:      1440.29
[1440 sec, 4683553 itr]:      1440.29
[1441 sec, 4687231 itr]:      1440.29
[1442 sec, 4691047 itr]:      1440.29
[1443 sec, 4691047 itr]:      1440.29
[1444 sec, 4698081 itr]:      1440.29
[1445 sec, 4701857 itr]:      1440.29
[1446 sec, 4705427 itr]:      1440.29
[1447 sec, 4709304 itr]:      1440.29
[1448 sec, 4712723 itr]:      1440.29
[ optimality gap      ]:      100.00%
[1449 sec, 4716400 itr]:      1440.29
[1450 sec, 4716400 itr]:      1440.29
[1451 sec, 4720035 itr]:      1440.29
[1452 sec, 4723115 itr]:      1440.29
[1453 sec, 4726099 itr]:      1440.29
[1454 sec, 4732921 itr]:      1440.29
[1455 sec, 4732921 itr]:      1440.29
[1456 sec, 4739929 itr]:      1440.29
[1457 sec, 4743821 itr]:      1440.29
[1458 sec, 4747269 itr]:      1440.29
[ optimality gap      ]:      100.00%
[1459 sec, 4750640 itr]:      1440.29
[1460 sec, 4754225 itr]:      1440.29
[1461 sec, 4754225 itr]:      1440.29
[1462 sec, 4757994 itr]:      1440.29
[1463 sec, 4761380 itr]:      1440.29
[1464 sec, 4765070 itr]:      1440.29
[1465 sec, 4771992 itr]:      1440.29
[1466 sec, 4771992 itr]:      1440.29
[1467 sec, 4778870 itr]:      1440.29
[1468 sec, 4778870 itr]:      1440.29
[ optimality gap      ]:      100.00%
[1469 sec, 4785451 itr]:      1440.29
[1470 sec, 4785451 itr]:      1440.29
[1471 sec, 4788952 itr]:      1440.29
[1472 sec, 4792319 itr]:      1440.29
[1473 sec, 4799026 itr]:      1440.29
[1474 sec, 4799026 itr]:      1440.29
[1475 sec, 4802556 itr]:      1440.29
[1476 sec, 4809368 itr]:      1440.29
[1477 sec, 4813033 itr]:      1440.29
[1478 sec, 4813033 itr]:      1440.29
[ optimality gap      ]:      100.00%
[1479 sec, 4816346 itr]:      1440.29
[1480 sec, 4822951 itr]:      1440.29
[1481 sec, 4822951 itr]:      1440.29
[1482 sec, 4826626 itr]:      1440.29
[1483 sec, 4833041 itr]:      1440.29
[1484 sec, 4836549 itr]:      1440.29
[1485 sec, 4840204 itr]:      1440.29
[1486 sec, 4840204 itr]:      1440.29
[1487 sec, 4843732 itr]:      1440.29
[1488 sec, 4850808 itr]:      1440.29
[ optimality gap      ]:      100.00%
[1489 sec, 4850808 itr]:      1440.29
[1490 sec, 4854205 itr]:      1440.29
[1491 sec, 4857415 itr]:      1440.29
[1492 sec, 4864708 itr]:      1440.29
[1493 sec, 4868634 itr]:      1440.29
[1494 sec, 4868634 itr]:      1440.29
[1495 sec, 4872004 itr]:      1440.29
[1496 sec, 4875154 itr]:      1440.29
[1497 sec, 4878344 itr]:      1440.29
[1498 sec, 4881534 itr]:      1440.29
[ optimality gap      ]:      100.00%
[1499 sec, 4888250 itr]:      1440.29
[1500 sec, 4888250 itr]:      1440.29
[1501 sec, 4895314 itr]:      1440.29
[1502 sec, 4898684 itr]:      1440.29
[1503 sec, 4901910 itr]:      1440.29
[1504 sec, 4901910 itr]:      1440.29
[1505 sec, 4908547 itr]:      1440.29
[1506 sec, 4912073 itr]:      1440.29
[1507 sec, 4915497 itr]:      1440.29
[1508 sec, 4918698 itr]:      1440.29
[ optimality gap      ]:      100.00%
[1509 sec, 4921910 itr]:      1440.29
[1510 sec, 4925489 itr]:      1440.29
[1511 sec, 4928888 itr]:      1440.29
[1512 sec, 4932599 itr]:      1440.29
[1513 sec, 4936335 itr]:      1440.29
[1514 sec, 4939775 itr]:      1440.29
[1515 sec, 4939775 itr]:      1440.29
[1516 sec, 4943248 itr]:      1440.29
[1517 sec, 4949853 itr]:      1440.29
[1518 sec, 4953414 itr]:      1440.29
[ optimality gap      ]:      100.00%
[1519 sec, 4956669 itr]:      1440.29
[1520 sec, 4956669 itr]:      1440.29
[1521 sec, 4963420 itr]:      1440.29
[1522 sec, 4963420 itr]:      1440.29
[1523 sec, 4967068 itr]:      1440.29
[1524 sec, 4973851 itr]:      1440.29
[1525 sec, 4977166 itr]:      1440.29
[1526 sec, 4980608 itr]:      1440.29
[1527 sec, 4984093 itr]:      1440.29
[1528 sec, 4987453 itr]:      1440.29
[ optimality gap      ]:      100.00%
[1529 sec, 4990839 itr]:      1440.29
[1530 sec, 4994257 itr]:      1440.29
[1531 sec, 4997747 itr]:      1440.29
[1532 sec, 5001084 itr]:      1440.29
[1533 sec, 5001084 itr]:      1440.29
[1534 sec, 5008161 itr]:      1440.29
[1535 sec, 5008161 itr]:      1440.29
[1536 sec, 5013655 itr]:      1440.29
[1537 sec, 5013655 itr]:      1440.29
[1538 sec, 5020465 itr]:      1440.29
[ optimality gap      ]:      100.00%
[1539 sec, 5023964 itr]:      1440.29
[1540 sec, 5027375 itr]:      1440.29
[1541 sec, 5030836 itr]:      1440.29
[1542 sec, 5030836 itr]:      1440.29
[1543 sec, 5037308 itr]:      1440.29
[1544 sec, 5037308 itr]:      1440.29
[1545 sec, 5044062 itr]:      1440.29
[1546 sec, 5047207 itr]:      1440.29
[1547 sec, 5050506 itr]:      1440.29
[1548 sec, 5053824 itr]:      1440.29
[ optimality gap      ]:      100.00%
[1549 sec, 5057076 itr]:      1440.29
[1550 sec, 5060388 itr]:      1440.29
[1551 sec, 5063720 itr]:      1440.29
[1552 sec, 5063720 itr]:      1440.29
[1553 sec, 5070283 itr]:      1440.29
[1554 sec, 5073680 itr]:      1440.29
[1555 sec, 5073680 itr]:      1440.29
[1556 sec, 5076991 itr]:      1440.29
[1557 sec, 5083703 itr]:      1440.29
[1558 sec, 5083703 itr]:      1440.29
[ optimality gap      ]:      100.00%
[1559 sec, 5086947 itr]:      1440.29
[1560 sec, 5093557 itr]:      1440.29
[1561 sec, 5093557 itr]:      1440.29
[1562 sec, 5096908 itr]:      1440.29
[1563 sec, 5100118 itr]:      1440.29
[1564 sec, 5103222 itr]:      1440.29
[1565 sec, 5106519 itr]:      1440.29
[1566 sec, 5113233 itr]:      1440.29
[1567 sec, 5113233 itr]:      1440.29
[1568 sec, 5119337 itr]:      1440.29
[ optimality gap      ]:      100.00%
[1569 sec, 5119337 itr]:      1440.29
[1570 sec, 5125981 itr]:      1440.29
[1571 sec, 5125981 itr]:      1440.29
[1572 sec, 5129414 itr]:      1440.29
[1573 sec, 5132436 itr]:      1440.29
[1574 sec, 5137750 itr]:      1440.29
[1575 sec, 5141228 itr]:      1440.29
[1576 sec, 5141228 itr]:      1440.29
[1577 sec, 5148117 itr]:      1440.29
[1578 sec, 5151313 itr]:      1440.29
[ optimality gap      ]:      100.00%
[1579 sec, 5151313 itr]:      1440.29
[1580 sec, 5158137 itr]:      1440.29
[1581 sec, 5158137 itr]:      1440.29
[1582 sec, 5162636 itr]:      1440.29
[1583 sec, 5166225 itr]:      1440.29
[1584 sec, 5169704 itr]:      1440.29
[1585 sec, 5173354 itr]:      1440.29
[1586 sec, 5176678 itr]:      1440.29
[1587 sec, 5180006 itr]:      1440.29
[1588 sec, 5180006 itr]:      1440.29
[ optimality gap      ]:      100.00%
[1589 sec, 5186709 itr]:      1440.29
[1590 sec, 5186709 itr]:      1440.29
[1591 sec, 5192520 itr]:      1440.29
[1592 sec, 5196235 itr]:      1440.29
[1593 sec, 5199807 itr]:      1440.29
[1594 sec, 5203427 itr]:      1440.29
[1595 sec, 5207134 itr]:      1440.29
[1596 sec, 5210220 itr]:      1440.29
[1597 sec, 5214003 itr]:      1440.29
[1598 sec, 5217657 itr]:      1440.29
[ optimality gap      ]:      100.00%
[1599 sec, 5221433 itr]:      1440.29
[1600 sec, 5224993 itr]:      1440.29
[1601 sec, 5228633 itr]:      1440.29
[1602 sec, 5232227 itr]:      1440.29
[1603 sec, 5232227 itr]:      1440.29
[1604 sec, 5239326 itr]:      1440.29
[1605 sec, 5242941 itr]:      1440.29
[1606 sec, 5246780 itr]:      1440.29
[1607 sec, 5246780 itr]:      1440.29
[1608 sec, 5250508 itr]:      1440.29
[ optimality gap      ]:      100.00%
[1609 sec, 5256803 itr]:      1440.29
[1610 sec, 5260363 itr]:      1440.29
[1611 sec, 5264140 itr]:      1440.29
[1612 sec, 5264140 itr]:      1440.29
[1613 sec, 5271610 itr]:      1440.29
[1614 sec, 5271610 itr]:      1440.29
[1615 sec, 5274779 itr]:      1440.29
[1616 sec, 5278442 itr]:      1440.29
[1617 sec, 5285588 itr]:      1440.29
[1618 sec, 5285588 itr]:      1440.29
[ optimality gap      ]:      100.00%
[1619 sec, 5289367 itr]:      1440.29
[1620 sec, 5292344 itr]:      1440.29
[1621 sec, 5295810 itr]:      1440.29
[1622 sec, 5299190 itr]:      1440.29
[1623 sec, 5302532 itr]:      1440.29
[1624 sec, 5305882 itr]:      1440.29
[1625 sec, 5312755 itr]:      1440.29
[1626 sec, 5312755 itr]:      1440.29
[1627 sec, 5319807 itr]:      1440.29
[1628 sec, 5323343 itr]:      1440.29
[ optimality gap      ]:      100.00%
[1629 sec, 5326911 itr]:      1440.29
[1630 sec, 5330253 itr]:      1440.29
[1631 sec, 5330253 itr]:      1440.29
[1632 sec, 5337313 itr]:      1440.29
[1633 sec, 5340726 itr]:      1440.29
[1634 sec, 5340726 itr]:      1440.29
[1635 sec, 5347175 itr]:      1440.29
[1636 sec, 5350676 itr]:      1440.29
[1637 sec, 5354135 itr]:      1440.29
[1638 sec, 5357775 itr]:      1440.29
[ optimality gap      ]:      100.00%
[1639 sec, 5361396 itr]:      1440.29
[1640 sec, 5361396 itr]:      1440.29
[1641 sec, 5364757 itr]:      1440.29
[1642 sec, 5371569 itr]:      1440.29
[1643 sec, 5371569 itr]:      1440.29
[1644 sec, 5378512 itr]:      1440.29
[1645 sec, 5381636 itr]:      1440.29
[1646 sec, 5385275 itr]:      1440.29
[1647 sec, 5385275 itr]:      1440.29
[1648 sec, 5388772 itr]:      1440.29
[ optimality gap      ]:      100.00%
[1649 sec, 5392336 itr]:      1440.29
[1650 sec, 5395673 itr]:      1440.29
[1651 sec, 5399049 itr]:      1440.29
[1652 sec, 5406029 itr]:      1440.29
[1653 sec, 5409372 itr]:      1440.29
[1654 sec, 5412845 itr]:      1440.29
[1655 sec, 5416146 itr]:      1440.29
[1656 sec, 5419539 itr]:      1440.29
[1657 sec, 5422800 itr]:      1440.29
[1658 sec, 5426191 itr]:      1440.29
[ optimality gap      ]:      100.00%
[1659 sec, 5429671 itr]:      1440.29
[1660 sec, 5429671 itr]:      1440.29
[1661 sec, 5436341 itr]:      1440.29
[1662 sec, 5436341 itr]:      1440.29
[1663 sec, 5442921 itr]:      1440.29
[1664 sec, 5446328 itr]:      1440.29
[1665 sec, 5446328 itr]:      1440.29
[1666 sec, 5449624 itr]:      1440.29
[1667 sec, 5456177 itr]:      1440.29
[1668 sec, 5456177 itr]:      1440.29
[ optimality gap      ]:      100.00%
[1669 sec, 5462790 itr]:      1440.29
[1670 sec, 5466073 itr]:      1440.29
[1671 sec, 5469245 itr]:      1440.29
[1672 sec, 5469245 itr]:      1440.29
[1673 sec, 5475922 itr]:      1440.29
[1674 sec, 5479414 itr]:      1440.29
[1675 sec, 5482734 itr]:      1440.29
[1676 sec, 5486141 itr]:      1440.29
[1677 sec, 5486141 itr]:      1440.29
[1678 sec, 5492426 itr]:      1440.29
[ optimality gap      ]:      100.00%
[1679 sec, 5495896 itr]:      1440.29
[1680 sec, 5499386 itr]:      1440.29
[1681 sec, 5502814 itr]:      1440.29
[1682 sec, 5505933 itr]:      1440.29
[1683 sec, 5509424 itr]:      1440.29
[1684 sec, 5509424 itr]:      1440.29
[1685 sec, 5512600 itr]:      1440.29
[1686 sec, 5519231 itr]:      1440.29
[1687 sec, 5519231 itr]:      1440.29
[1688 sec, 5525667 itr]:      1440.29
[ optimality gap      ]:      100.00%
[1689 sec, 5525667 itr]:      1440.29
[1690 sec, 5532198 itr]:      1440.29
[1691 sec, 5535517 itr]:      1440.29
[1692 sec, 5538772 itr]:      1440.29
[1693 sec, 5541966 itr]:      1440.29
[1694 sec, 5541966 itr]:      1440.29
[1695 sec, 5545180 itr]:      1440.29
[1696 sec, 5551702 itr]:      1440.29
[1697 sec, 5555045 itr]:      1440.29
[1698 sec, 5555045 itr]:      1440.29
[ optimality gap      ]:      100.00%
[1699 sec, 5561643 itr]:      1440.29
[1700 sec, 5564980 itr]:      1440.29
[1701 sec, 5568321 itr]:      1440.29
[1702 sec, 5571644 itr]:      1440.29
[1703 sec, 5571644 itr]:      1440.29
[1704 sec, 5577858 itr]:      1440.29
[1705 sec, 5581331 itr]:      1440.29
[1706 sec, 5581331 itr]:      1440.29
[1707 sec, 5584678 itr]:      1440.29
[1708 sec, 5591443 itr]:      1440.29
[ optimality gap      ]:      100.00%
[1709 sec, 5591443 itr]:      1440.29
[1710 sec, 5598380 itr]:      1440.29
[1711 sec, 5601612 itr]:      1440.29
[1712 sec, 5601612 itr]:      1440.29
[1713 sec, 5605056 itr]:      1440.29
[1714 sec, 5611716 itr]:      1440.29
[1715 sec, 5615321 itr]:      1440.29
[1716 sec, 5618739 itr]:      1440.29
[1717 sec, 5622247 itr]:      1440.29
[1718 sec, 5622247 itr]:      1440.29
[ optimality gap      ]:      100.00%
[1719 sec, 5625653 itr]:      1440.29
[1720 sec, 5632506 itr]:      1440.29
[1721 sec, 5635955 itr]:      1440.29
[1722 sec, 5639385 itr]:      1440.29
[1723 sec, 5642595 itr]:      1440.29
[1724 sec, 5645935 itr]:      1440.29
[1725 sec, 5645935 itr]:      1440.29
[1726 sec, 5652664 itr]:      1440.29
[1727 sec, 5655856 itr]:      1440.29
[1728 sec, 5659182 itr]:      1440.29
[ optimality gap      ]:      100.00%
[1729 sec, 5659182 itr]:      1440.29
[1730 sec, 5665797 itr]:      1440.29
[1731 sec, 5665797 itr]:      1440.29
[1732 sec, 5669072 itr]:      1440.29
[1733 sec, 5675191 itr]:      1440.29
[1734 sec, 5675191 itr]:      1440.29
[1735 sec, 5681486 itr]:      1440.29
[1736 sec, 5684700 itr]:      1440.29
[1737 sec, 5684700 itr]:      1440.29
[1738 sec, 5687627 itr]:      1440.29
[ optimality gap      ]:      100.00%
[1739 sec, 5693652 itr]:      1440.29
[1740 sec, 5693652 itr]:      1440.29
[1741 sec, 5699884 itr]:      1440.29
[1742 sec, 5703042 itr]:      1440.29
[1743 sec, 5703042 itr]:      1440.29
[1744 sec, 5705994 itr]:      1440.29
[1745 sec, 5711820 itr]:      1440.29
[1746 sec, 5714779 itr]:      1440.29
[1747 sec, 5714779 itr]:      1440.29
[1748 sec, 5720812 itr]:      1440.29
[ optimality gap      ]:      100.00%
[1749 sec, 5723971 itr]:      1440.29
[1750 sec, 5723971 itr]:      1440.29
[1751 sec, 5730394 itr]:      1440.29
[1752 sec, 5730394 itr]:      1440.29
[1753 sec, 5736273 itr]:      1440.29
[1754 sec, 5739306 itr]:      1440.29
[1755 sec, 5741647 itr]:      1440.29
[1756 sec, 5741647 itr]:      1440.29
[1757 sec, 5744706 itr]:      1440.29
[1758 sec, 5750994 itr]:      1440.29
[ optimality gap      ]:      100.00%
[1759 sec, 5754191 itr]:      1440.29
[1760 sec, 5757443 itr]:      1440.29
[1761 sec, 5757443 itr]:      1440.29
[1762 sec, 5763923 itr]:      1440.29
[1763 sec, 5767149 itr]:      1440.29
[1764 sec, 5770387 itr]:      1440.29
[1765 sec, 5770387 itr]:      1440.29
[1766 sec, 5777073 itr]:      1440.29
[1767 sec, 5780326 itr]:      1440.29
[1768 sec, 5783537 itr]:      1440.29
[ optimality gap      ]:      100.00%
[1769 sec, 5786686 itr]:      1440.29
[1770 sec, 5789740 itr]:      1440.29
[1771 sec, 5789740 itr]:      1440.29
[1772 sec, 5796106 itr]:      1440.29
[1773 sec, 5796106 itr]:      1440.29
[1774 sec, 5802507 itr]:      1440.29
[1775 sec, 5805749 itr]:      1440.29
[1776 sec, 5808944 itr]:      1440.29
[1777 sec, 5811946 itr]:      1440.29
[1778 sec, 5815051 itr]:      1440.29
[ optimality gap      ]:      100.00%
[1779 sec, 5818360 itr]:      1440.29
[1780 sec, 5818360 itr]:      1440.29
[1781 sec, 5821663 itr]:      1440.29
[1782 sec, 5824233 itr]:      1440.29
[1783 sec, 5827452 itr]:      1440.29
[1784 sec, 5834041 itr]:      1440.29
[1785 sec, 5837381 itr]:      1440.29
[1786 sec, 5837381 itr]:      1440.29
[1787 sec, 5840698 itr]:      1440.29
[1788 sec, 5844040 itr]:      1440.29
[ optimality gap      ]:      100.00%
[1789 sec, 5846851 itr]:      1440.29
[1790 sec, 5849945 itr]:      1440.29
[1791 sec, 5851720 itr]:      1440.29
[1792 sec, 5854999 itr]:      1440.29
[1793 sec, 5857921 itr]:      1440.29
[1794 sec, 5861271 itr]:      1440.29
[1795 sec, 5864526 itr]:      1440.29
[1796 sec, 5871254 itr]:      1440.29
[1797 sec, 5871254 itr]:      1440.29
[1798 sec, 5877807 itr]:      1440.29
[ optimality gap      ]:      100.00%
[1799 sec, 5877807 itr]:      1440.29
[1800 sec, 5881062 itr]:      1440.29
[1801 sec, 5884478 itr]:      1440.29
[1802 sec, 5891067 itr]:      1440.29
[1803 sec, 5893853 itr]:      1440.29
[1804 sec, 5897130 itr]:      1440.29
[1805 sec, 5900349 itr]:      1440.29
[1806 sec, 5900349 itr]:      1440.29
[1807 sec, 5903609 itr]:      1440.29
[1808 sec, 5906884 itr]:      1440.29
[ optimality gap      ]:      100.00%
[1809 sec, 5909987 itr]:      1440.29
[1810 sec, 5913259 itr]:      1440.29
[1811 sec, 5919169 itr]:      1440.29
[1812 sec, 5919169 itr]:      1440.29
[1813 sec, 5925315 itr]:      1440.29
[1814 sec, 5928504 itr]:      1440.29
[1815 sec, 5928504 itr]:      1440.29
[1816 sec, 5934914 itr]:      1440.29
[1817 sec, 5937977 itr]:      1440.29
[1818 sec, 5937977 itr]:      1440.29
[ optimality gap      ]:      100.00%
[1819 sec, 5943978 itr]:      1440.29
[1820 sec, 5947040 itr]:      1440.29
[1821 sec, 5950164 itr]:      1440.29
[1822 sec, 5953451 itr]:      1440.29
[1823 sec, 5956527 itr]:      1440.29
[1824 sec, 5959697 itr]:      1440.29
[1825 sec, 5962924 itr]:      1440.29
[1826 sec, 5966265 itr]:      1440.29
[1827 sec, 5969355 itr]:      1440.29
[1828 sec, 5972554 itr]:      1440.29
[ optimality gap      ]:      100.00%
[1829 sec, 5975732 itr]:      1440.29
[1830 sec, 5978969 itr]:      1440.29
[1831 sec, 5982182 itr]:      1440.29
[1832 sec, 5985461 itr]:      1440.29
[1833 sec, 5988867 itr]:      1440.29
[1834 sec, 5988867 itr]:      1440.29
[1835 sec, 5995403 itr]:      1440.29
[1836 sec, 5998422 itr]:      1440.29
[1837 sec, 5998422 itr]:      1440.29
[1838 sec, 6004835 itr]:      1440.29
[ optimality gap      ]:      100.00%
[1839 sec, 6007978 itr]:      1440.29
[1840 sec, 6011154 itr]:      1440.29
[1841 sec, 6014462 itr]:      1440.29
[1842 sec, 6014462 itr]:      1440.29
[1843 sec, 6017843 itr]:      1440.29
[1844 sec, 6024241 itr]:      1440.29
[1845 sec, 6024241 itr]:      1440.29
[1846 sec, 6027364 itr]:      1440.29
[1847 sec, 6033709 itr]:      1440.29
[1848 sec, 6033709 itr]:      1440.29
[ optimality gap      ]:      100.00%
[1849 sec, 6036789 itr]:      1440.29
[1850 sec, 6042956 itr]:      1440.29
[1851 sec, 6042956 itr]:      1440.29
[1852 sec, 6046622 itr]:      1440.29
[1853 sec, 6046622 itr]:      1440.29
[1854 sec, 6049821 itr]:      1440.29
[1855 sec, 6056325 itr]:      1440.29
[1856 sec, 6059449 itr]:      1440.29
[1857 sec, 6062551 itr]:      1440.29
[1858 sec, 6065812 itr]:      1440.29
[ optimality gap      ]:      100.00%
[1859 sec, 6069028 itr]:      1440.29
[1860 sec, 6072373 itr]:      1440.29
[1861 sec, 6072373 itr]:      1440.29
[1862 sec, 6078225 itr]:      1440.29
[1863 sec, 6078225 itr]:      1440.29
[1864 sec, 6084291 itr]:      1440.29
[1865 sec, 6086783 itr]:      1440.29
[1866 sec, 6089670 itr]:      1440.29
[1867 sec, 6089670 itr]:      1440.29
[1868 sec, 6095687 itr]:      1440.29
[ optimality gap      ]:      100.00%
[1869 sec, 6098687 itr]:      1440.29
[1870 sec, 6101576 itr]:      1440.29
[1871 sec, 6104689 itr]:      1440.29
[1872 sec, 6107624 itr]:      1440.29
[1873 sec, 6110777 itr]:      1440.29
[1874 sec, 6110777 itr]:      1440.29
[1875 sec, 6116914 itr]:      1440.29
[1876 sec, 6120037 itr]:      1440.29
[1877 sec, 6120037 itr]:      1440.29
[1878 sec, 6126306 itr]:      1440.29
[ optimality gap      ]:      100.00%
[1879 sec, 6126306 itr]:      1440.29
[1880 sec, 6132744 itr]:      1440.29
[1881 sec, 6135855 itr]:      1440.29
[1882 sec, 6138952 itr]:      1440.29
[1883 sec, 6138952 itr]:      1440.29
[1884 sec, 6142125 itr]:      1440.29
[1885 sec, 6148458 itr]:      1440.29
[1886 sec, 6148458 itr]:      1440.29
[1887 sec, 6154719 itr]:      1440.29
[1888 sec, 6157681 itr]:      1440.29
[ optimality gap      ]:      100.00%
[1889 sec, 6160889 itr]:      1440.29
[1890 sec, 6164266 itr]:      1440.29
[1891 sec, 6164266 itr]:      1440.29
[1892 sec, 6167416 itr]:      1440.29
[1893 sec, 6173845 itr]:      1440.29
[1894 sec, 6173845 itr]:      1440.29
[1895 sec, 6180259 itr]:      1440.29
[1896 sec, 6183134 itr]:      1440.29
[1897 sec, 6183134 itr]:      1440.29
[1898 sec, 6189565 itr]:      1440.29
[ optimality gap      ]:      100.00%
[1899 sec, 6189565 itr]:      1440.29
[1900 sec, 6192512 itr]:      1440.29
[1901 sec, 6195000 itr]:      1440.29
[1902 sec, 6200891 itr]:      1440.29
[1903 sec, 6200891 itr]:      1440.29
[1904 sec, 6206896 itr]:      1440.29
[1905 sec, 6209693 itr]:      1440.29
[1906 sec, 6212623 itr]:      1440.29
[1907 sec, 6215552 itr]:      1440.29
[1908 sec, 6218622 itr]:      1440.29
[ optimality gap      ]:      100.00%
[1909 sec, 6221687 itr]:      1440.29
[1910 sec, 6224613 itr]:      1440.29
[1911 sec, 6227622 itr]:      1440.29
[1912 sec, 6227622 itr]:      1440.29
[1913 sec, 6230392 itr]:      1440.29
[1914 sec, 6233185 itr]:      1440.29
[1915 sec, 6238730 itr]:      1440.29
[1916 sec, 6241590 itr]:      1440.29
[1917 sec, 6244552 itr]:      1440.29
[1918 sec, 6244552 itr]:      1440.29
[ optimality gap      ]:      100.00%
[1919 sec, 6247539 itr]:      1440.29
[1920 sec, 6253140 itr]:      1440.29
[1921 sec, 6253140 itr]:      1440.29
[1922 sec, 6259174 itr]:      1440.29
[1923 sec, 6259174 itr]:      1440.29
[1924 sec, 6265241 itr]:      1440.29
[1925 sec, 6268403 itr]:      1440.29
[1926 sec, 6271643 itr]:      1440.29
[1927 sec, 6271643 itr]:      1440.29
[1928 sec, 6275288 itr]:      1440.29
[ optimality gap      ]:      100.00%
[1929 sec, 6278439 itr]:      1440.29
[1930 sec, 6284347 itr]:      1440.29
[1931 sec, 6287587 itr]:      1440.29
[1932 sec, 6287587 itr]:      1440.29
[1933 sec, 6290700 itr]:      1440.29
[1934 sec, 6296700 itr]:      1440.29
[1935 sec, 6299805 itr]:      1440.29
[1936 sec, 6302800 itr]:      1440.29
[1937 sec, 6306077 itr]:      1440.29
[1938 sec, 6309248 itr]:      1440.29
[ optimality gap      ]:      100.00%
[1939 sec, 6312466 itr]:      1440.29
[1940 sec, 6315735 itr]:      1440.29
[1941 sec, 6318635 itr]:      1440.29
[1942 sec, 6318635 itr]:      1440.29
[1943 sec, 6324382 itr]:      1440.29
[1944 sec, 6327337 itr]:      1440.29
[1945 sec, 6329900 itr]:      1440.29
[1946 sec, 6332879 itr]:      1440.29
[1947 sec, 6335776 itr]:      1440.29
[1948 sec, 6338843 itr]:      1440.29
[ optimality gap      ]:      100.00%
[1949 sec, 6341931 itr]:      1440.29
[1950 sec, 6344978 itr]:      1440.29
[1951 sec, 6348038 itr]:      1440.29
[1952 sec, 6350918 itr]:      1440.29
[1953 sec, 6353979 itr]:      1440.29
[1954 sec, 6357240 itr]:      1440.29
[1955 sec, 6360279 itr]:      1440.29
[1956 sec, 6363420 itr]:      1440.29
[1957 sec, 6363420 itr]:      1440.29
[1958 sec, 6366571 itr]:      1440.29
[ optimality gap      ]:      100.00%
[1959 sec, 6369561 itr]:      1440.29
[1960 sec, 6372369 itr]:      1440.29
[1961 sec, 6375329 itr]:      1440.29
[1962 sec, 6378525 itr]:      1440.29
[1963 sec, 6384540 itr]:      1440.29
[1964 sec, 6387612 itr]:      1440.29
[1965 sec, 6390435 itr]:      1440.29
[1966 sec, 6393925 itr]:      1440.29
[1967 sec, 6393925 itr]:      1440.29
[1968 sec, 6399920 itr]:      1440.29
[ optimality gap      ]:      100.00%
[1969 sec, 6403229 itr]:      1440.29
[1970 sec, 6406414 itr]:      1440.29
[1971 sec, 6406414 itr]:      1440.29
[1972 sec, 6412450 itr]:      1440.29
[1973 sec, 6415598 itr]:      1440.29
[1974 sec, 6415598 itr]:      1440.29
[1975 sec, 6421649 itr]:      1440.29
[1976 sec, 6424752 itr]:      1440.29
[1977 sec, 6427940 itr]:      1440.29
[1978 sec, 6427940 itr]:      1440.29
[ optimality gap      ]:      100.00%
[1979 sec, 6431083 itr]:      1440.29
[1980 sec, 6437652 itr]:      1440.29
[1981 sec, 6437652 itr]:      1440.29
[1982 sec, 6440852 itr]:      1440.29
[1983 sec, 6446570 itr]:      1440.29
[1984 sec, 6449518 itr]:      1440.29
[1985 sec, 6449518 itr]:      1440.29
[1986 sec, 6452741 itr]:      1440.29
[1987 sec, 6458972 itr]:      1440.29
[1988 sec, 6462247 itr]:      1440.29
[ optimality gap      ]:      100.00%
[1989 sec, 6462247 itr]:      1440.29
[1990 sec, 6468611 itr]:      1440.29
[1991 sec, 6468611 itr]:      1440.29
[1992 sec, 6471551 itr]:      1440.29
[1993 sec, 6474680 itr]:      1440.29
[1994 sec, 6480760 itr]:      1440.29
[1995 sec, 6480760 itr]:      1440.29
[1996 sec, 6486810 itr]:      1440.29
[1997 sec, 6486810 itr]:      1440.29
[1998 sec, 6492791 itr]:      1440.29
[ optimality gap      ]:      100.00%
[1999 sec, 6492791 itr]:      1440.29
[2000 sec, 6498739 itr]:      1440.29
[2001 sec, 6501858 itr]:      1440.29
[2002 sec, 6501858 itr]:      1440.29
[2003 sec, 6507717 itr]:      1440.29
[2004 sec, 6507717 itr]:      1440.29
[2005 sec, 6513652 itr]:      1440.29
[2006 sec, 6516623 itr]:      1440.29
[2007 sec, 6519430 itr]:      1440.29
[2008 sec, 6522472 itr]:      1440.29
[ optimality gap      ]:      100.00%
[2009 sec, 6525551 itr]:      1440.29
[2010 sec, 6525551 itr]:      1440.29
[2011 sec, 6531803 itr]:      1440.29
[2012 sec, 6534975 itr]:      1440.29
[2013 sec, 6538181 itr]:      1440.29
[2014 sec, 6538181 itr]:      1440.29
[2015 sec, 6543725 itr]:      1440.29
[2016 sec, 6543725 itr]:      1440.29
[2017 sec, 6550260 itr]:      1440.29
[2018 sec, 6550260 itr]:      1440.29
[ optimality gap      ]:      100.00%
[2019 sec, 6556457 itr]:      1440.29
[2020 sec, 6556457 itr]:      1440.29
[2021 sec, 6562407 itr]:      1440.29
[2022 sec, 6565668 itr]:      1440.29
[2023 sec, 6565668 itr]:      1440.29
[2024 sec, 6568660 itr]:      1440.29
[2025 sec, 6575234 itr]:      1440.29
[2026 sec, 6578362 itr]:      1440.29
[2027 sec, 6581343 itr]:      1440.29
[2028 sec, 6581343 itr]:      1440.29
[ optimality gap      ]:      100.00%
[2029 sec, 6587511 itr]:      1440.29
[2030 sec, 6590751 itr]:      1440.29
[2031 sec, 6594135 itr]:      1440.29
[2032 sec, 6594135 itr]:      1440.29
[2033 sec, 6597804 itr]:      1440.29
[2034 sec, 6604540 itr]:      1440.29
[2035 sec, 6608025 itr]:      1440.29
[2036 sec, 6608025 itr]:      1440.29
[2037 sec, 6611338 itr]:      1440.29
[2038 sec, 6614385 itr]:      1440.29
[ optimality gap      ]:      100.00%
[2039 sec, 6621111 itr]:      1440.29
[2040 sec, 6624521 itr]:      1440.29
[2041 sec, 6624521 itr]:      1440.29
[2042 sec, 6631708 itr]:      1440.29
[2043 sec, 6635240 itr]:      1440.29
[2044 sec, 6638758 itr]:      1440.29
[2045 sec, 6641967 itr]:      1440.29
[2046 sec, 6645128 itr]:      1440.29
[2047 sec, 6648169 itr]:      1440.29
[2048 sec, 6651514 itr]:      1440.29
[ optimality gap      ]:      100.00%
[2049 sec, 6654267 itr]:      1440.29
[2050 sec, 6657387 itr]:      1440.29
[2051 sec, 6657387 itr]:      1440.29
[2052 sec, 6662944 itr]:      1440.29
[2053 sec, 6666034 itr]:      1440.29
[2054 sec, 6666034 itr]:      1440.29
[2055 sec, 6669062 itr]:      1440.29
[2056 sec, 6674721 itr]:      1440.29
[2057 sec, 6677849 itr]:      1440.29
[2058 sec, 6680890 itr]:      1440.29
[ optimality gap      ]:      100.00%
[2059 sec, 6683887 itr]:      1440.29
[2060 sec, 6686998 itr]:      1440.29
[2061 sec, 6686998 itr]:      1440.29
[2062 sec, 6693031 itr]:      1440.29
[2063 sec, 6693031 itr]:      1440.29
[2064 sec, 6699475 itr]:      1440.29
[2065 sec, 6699475 itr]:      1440.29
[2066 sec, 6705592 itr]:      1440.29
[2067 sec, 6708562 itr]:      1440.29
[2068 sec, 6711719 itr]:      1440.29
[ optimality gap      ]:      100.00%
[2069 sec, 6714814 itr]:      1440.29
[2070 sec, 6717874 itr]:      1440.29
[2071 sec, 6717874 itr]:      1440.29
[2072 sec, 6724113 itr]:      1440.29
[2073 sec, 6727265 itr]:      1440.29
[2074 sec, 6730410 itr]:      1440.29
[2075 sec, 6730410 itr]:      1440.29
[2076 sec, 6733712 itr]:      1440.29
[2077 sec, 6739452 itr]:      1440.29
[2078 sec, 6742975 itr]:      1440.29
[ optimality gap      ]:      100.00%
[2079 sec, 6742975 itr]:      1440.29
[2080 sec, 6746178 itr]:      1440.29
[2081 sec, 6752625 itr]:      1440.29
[2082 sec, 6752625 itr]:      1440.29
[2083 sec, 6755559 itr]:      1440.29
[2084 sec, 6761464 itr]:      1440.29
[2085 sec, 6761464 itr]:      1440.29
[2086 sec, 6764504 itr]:      1440.29
[2087 sec, 6767715 itr]:      1440.29
[2088 sec, 6773928 itr]:      1440.29
[ optimality gap      ]:      100.00%
[2089 sec, 6777011 itr]:      1440.29
[2090 sec, 6777011 itr]:      1440.29
[2091 sec, 6783420 itr]:      1440.29
[2092 sec, 6786556 itr]:      1440.29
[2093 sec, 6786556 itr]:      1440.29
[2094 sec, 6789153 itr]:      1440.29
[2095 sec, 6794846 itr]:      1440.29
[2096 sec, 6794846 itr]:      1440.29
[2097 sec, 6801123 itr]:      1440.29
[2098 sec, 6801123 itr]:      1440.29
[ optimality gap      ]:      100.00%
[2099 sec, 6807381 itr]:      1440.29
[2100 sec, 6810587 itr]:      1440.29
[2101 sec, 6814234 itr]:      1440.29
[2102 sec, 6817329 itr]:      1440.29
[2103 sec, 6820441 itr]:      1440.29
[2104 sec, 6823702 itr]:      1440.29
[2105 sec, 6826991 itr]:      1440.29
[2106 sec, 6826991 itr]:      1440.29
[2107 sec, 6833693 itr]:      1440.29
[2108 sec, 6836866 itr]:      1440.29
[ optimality gap      ]:      100.00%
[2109 sec, 6836866 itr]:      1440.29
[2110 sec, 6843493 itr]:      1440.29
[2111 sec, 6846826 itr]:      1440.29
[2112 sec, 6850030 itr]:      1440.29
[2113 sec, 6853344 itr]:      1440.29
[2114 sec, 6853344 itr]:      1440.29
[2115 sec, 6859589 itr]:      1440.29
[2116 sec, 6862896 itr]:      1440.29
[2117 sec, 6865800 itr]:      1440.29
[2118 sec, 6868796 itr]:      1440.29
[ optimality gap      ]:      100.00%
[2119 sec, 6872037 itr]:      1440.29
[2120 sec, 6872037 itr]:      1440.29
[2121 sec, 6875232 itr]:      1440.29
[2122 sec, 6878127 itr]:      1440.29
[2123 sec, 6881213 itr]:      1440.29
[2124 sec, 6884358 itr]:      1440.29
[2125 sec, 6890697 itr]:      1440.29
[2126 sec, 6890697 itr]:      1440.29
[2127 sec, 6897174 itr]:      1440.29
[2128 sec, 6899488 itr]:      1440.29
[ optimality gap      ]:      100.00%
[2129 sec, 6899488 itr]:      1440.29
[2130 sec, 6905589 itr]:      1440.29
[2131 sec, 6905589 itr]:      1440.29
[2132 sec, 6908779 itr]:      1440.29
[2133 sec, 6914708 itr]:      1440.29
[2134 sec, 6917995 itr]:      1440.29
[2135 sec, 6921042 itr]:      1440.29
[2136 sec, 6924367 itr]:      1440.29
[2137 sec, 6924367 itr]:      1440.29
[2138 sec, 6930601 itr]:      1440.29
[ optimality gap      ]:      100.00%
[2139 sec, 6933904 itr]:      1440.29
[2140 sec, 6933904 itr]:      1440.29
[2141 sec, 6940466 itr]:      1440.29
[2142 sec, 6943719 itr]:      1440.29
[2143 sec, 6943719 itr]:      1440.29
[2144 sec, 6949949 itr]:      1440.29
[2145 sec, 6949949 itr]:      1440.29
[2146 sec, 6953278 itr]:      1440.29
[2147 sec, 6959589 itr]:      1440.29
[2148 sec, 6959589 itr]:      1440.29
[ optimality gap      ]:      100.00%
[2149 sec, 6962841 itr]:      1440.29
[2150 sec, 6968197 itr]:      1440.29
[2151 sec, 6968197 itr]:      1440.29
[2152 sec, 6971932 itr]:      1440.29
[2153 sec, 6974718 itr]:      1440.29
[2154 sec, 6974718 itr]:      1440.29
[2155 sec, 6977650 itr]:      1440.29
[2156 sec, 6983614 itr]:      1440.29
[2157 sec, 6986481 itr]:      1440.29
[2158 sec, 6989434 itr]:      1440.29
[ optimality gap      ]:      100.00%
[2159 sec, 6989434 itr]:      1440.29
[2160 sec, 6992674 itr]:      1440.29
[2161 sec, 6995750 itr]:      1440.29
[2162 sec, 6998792 itr]:      1440.29
[2163 sec, 7001907 itr]:      1440.29
[2164 sec, 7001907 itr]:      1440.29
[2165 sec, 7004864 itr]:      1440.29
[2166 sec, 7011186 itr]:      1440.29
[2167 sec, 7014346 itr]:      1440.29
[2168 sec, 7014346 itr]:      1440.29
[ optimality gap      ]:      100.00%
[2169 sec, 7020309 itr]:      1440.29
[2170 sec, 7020309 itr]:      1440.29
[2171 sec, 7026496 itr]:      1440.29
[2172 sec, 7026496 itr]:      1440.29
[2173 sec, 7029676 itr]:      1440.29
[2174 sec, 7035627 itr]:      1440.29
[2175 sec, 7035627 itr]:      1440.29
[2176 sec, 7042202 itr]:      1440.29
[2177 sec, 7045402 itr]:      1440.29
[2178 sec, 7045402 itr]:      1440.29
[ optimality gap      ]:      100.00%
[2179 sec, 7048408 itr]:      1440.29
[2180 sec, 7054895 itr]:      1440.29
[2181 sec, 7054895 itr]:      1440.29
[2182 sec, 7061516 itr]:      1440.29
[2183 sec, 7061516 itr]:      1440.29
[2184 sec, 7067952 itr]:      1440.29
[2185 sec, 7071244 itr]:      1440.29
[2186 sec, 7074626 itr]:      1440.29
[2187 sec, 7074626 itr]:      1440.29
[2188 sec, 7077865 itr]:      1440.29
[ optimality gap      ]:      100.00%
[2189 sec, 7084506 itr]:      1440.29
[2190 sec, 7084506 itr]:      1440.29
[2191 sec, 7091085 itr]:      1440.29
[2192 sec, 7091085 itr]:      1440.29
[2193 sec, 7097376 itr]:      1440.29
[2194 sec, 7100720 itr]:      1440.29
[2195 sec, 7104126 itr]:      1440.29
[2196 sec, 7107451 itr]:      1440.29
[2197 sec, 7110707 itr]:      1440.29
[2198 sec, 7113860 itr]:      1440.29
[ optimality gap      ]:      100.00%
[2199 sec, 7117092 itr]:      1440.29
[2200 sec, 7117092 itr]:      1440.29
[2201 sec, 7120288 itr]:      1440.29
[2202 sec, 7126846 itr]:      1440.29
[2203 sec, 7126846 itr]:      1440.29
[2204 sec, 7133348 itr]:      1440.29
[2205 sec, 7136580 itr]:      1440.29
[2206 sec, 7136580 itr]:      1440.29
[2207 sec, 7142941 itr]:      1440.29
[2208 sec, 7142941 itr]:      1440.29
[ optimality gap      ]:      100.00%
[2209 sec, 7146335 itr]:      1440.29
[2210 sec, 7149689 itr]:      1440.29
[2211 sec, 7152427 itr]:      1440.29
[2212 sec, 7158804 itr]:      1440.29
[2213 sec, 7158804 itr]:      1440.29
[2214 sec, 7165172 itr]:      1440.29
[2215 sec, 7165172 itr]:      1440.29
[2216 sec, 7167728 itr]:      1440.29
[2217 sec, 7170703 itr]:      1440.29
[2218 sec, 7173912 itr]:      1440.29
[ optimality gap      ]:      100.00%
[2219 sec, 7177093 itr]:      1440.29
[2220 sec, 7183348 itr]:      1440.29
[2221 sec, 7183348 itr]:      1440.29
[2222 sec, 7189791 itr]:      1440.29
[2223 sec, 7192925 itr]:      1440.29
[2224 sec, 7196151 itr]:      1440.29
[2225 sec, 7199451 itr]:      1440.29
[2226 sec, 7199451 itr]:      1440.29
[2227 sec, 7205244 itr]:      1440.29
[2228 sec, 7205244 itr]:      1440.29
[ optimality gap      ]:      100.00%
[2229 sec, 7211433 itr]:      1440.29
[2230 sec, 7211433 itr]:      1440.29
[2231 sec, 7217123 itr]:      1440.29
[2232 sec, 7220270 itr]:      1440.29
[2233 sec, 7223259 itr]:      1440.29
[2234 sec, 7226633 itr]:      1440.29
[2235 sec, 7226633 itr]:      1440.29
[2236 sec, 7232924 itr]:      1440.29
[2237 sec, 7232924 itr]:      1440.29
[2238 sec, 7239214 itr]:      1440.29
[ optimality gap      ]:      100.00%
[2239 sec, 7242595 itr]:      1440.29
[2240 sec, 7245944 itr]:      1440.29
[2241 sec, 7249118 itr]:      1440.29
[2242 sec, 7249118 itr]:      1440.29
[2243 sec, 7252362 itr]:      1440.29
[2244 sec, 7255039 itr]:      1440.29
[2245 sec, 7258344 itr]:      1440.29
[2246 sec, 7261541 itr]:      1440.29
[2247 sec, 7267472 itr]:      1440.29
[2248 sec, 7267472 itr]:      1440.29
[ optimality gap      ]:      100.00%
[2249 sec, 7273832 itr]:      1440.29
[2250 sec, 7277316 itr]:      1440.29
[2251 sec, 7280036 itr]:      1440.29
[2252 sec, 7283337 itr]:      1440.29
[2253 sec, 7283337 itr]:      1440.29
[2254 sec, 7289657 itr]:      1440.29
[2255 sec, 7293034 itr]:      1440.29
[2256 sec, 7296061 itr]:      1440.29
[2257 sec, 7296061 itr]:      1440.29
[2258 sec, 7299024 itr]:      1440.29
[ optimality gap      ]:      100.00%
[2259 sec, 7301739 itr]:      1440.29
[2260 sec, 7307923 itr]:      1440.29
[2261 sec, 7307923 itr]:      1440.29
[2262 sec, 7311405 itr]:      1440.29
[2263 sec, 7318603 itr]:      1440.29
[2264 sec, 7318603 itr]:      1440.29
[2265 sec, 7325522 itr]:      1440.29
[2266 sec, 7325522 itr]:      1440.29
[2267 sec, 7329183 itr]:      1440.29
[2268 sec, 7332625 itr]:      1440.29
[ optimality gap      ]:      100.00%
[2269 sec, 7336140 itr]:      1440.29
[2270 sec, 7339788 itr]:      1440.29
[2271 sec, 7343378 itr]:      1440.29
[2272 sec, 7350562 itr]:      1440.29
[2273 sec, 7350562 itr]:      1440.29
[2274 sec, 7354074 itr]:      1440.29
[2275 sec, 7357824 itr]:      1440.29
[2276 sec, 7361484 itr]:      1440.29
[2277 sec, 7365027 itr]:      1440.29
[2278 sec, 7368848 itr]:      1440.29
[ optimality gap      ]:      100.00%
[2279 sec, 7372492 itr]:      1440.29
[2280 sec, 7376189 itr]:      1440.29
[2281 sec, 7378505 itr]:      1440.29
[2282 sec, 7383632 itr]:      1440.29
[2283 sec, 7387420 itr]:      1440.29
[2284 sec, 7391039 itr]:      1440.29
[2285 sec, 7393796 itr]:      1440.29
[2286 sec, 7393796 itr]:      1440.29
[2287 sec, 7397134 itr]:      1440.29
[2288 sec, 7403459 itr]:      1440.29
[ optimality gap      ]:      100.00%
[2289 sec, 7403459 itr]:      1440.29
[2290 sec, 7406838 itr]:      1440.29
[2291 sec, 7408231 itr]:      1440.29
[2292 sec, 7414703 itr]:      1440.29
[2293 sec, 7418094 itr]:      1440.29
[2294 sec, 7418094 itr]:      1440.29
[2295 sec, 7424810 itr]:      1440.29
[2296 sec, 7424810 itr]:      1371.56
[2297 sec, 7427626 itr]:      1371.56
[2298 sec, 7433295 itr]:      1371.56
[ optimality gap      ]:      100.00%
[2299 sec, 7433295 itr]:      1371.56
[2300 sec, 7436184 itr]:      1371.56
[2301 sec, 7439113 itr]:      1371.56
[2302 sec, 7442152 itr]:      1371.56
[2303 sec, 7445294 itr]:      1371.56
[2304 sec, 7451701 itr]:      1371.56
[2305 sec, 7454311 itr]:      1371.56
[2306 sec, 7457520 itr]:      1371.56
[2307 sec, 7460427 itr]:      1371.56
[2308 sec, 7460427 itr]:      1371.56
[ optimality gap      ]:      100.00%
[2309 sec, 7466758 itr]:      1371.56
[2310 sec, 7469828 itr]:      1371.56
[2311 sec, 7469828 itr]:      1371.56
[2312 sec, 7474796 itr]:      1371.56
[2313 sec, 7477989 itr]:      1371.56
[2314 sec, 7481258 itr]:      1371.56
[2315 sec, 7481258 itr]:      1371.56
[2316 sec, 7487594 itr]:      1371.56
[2317 sec, 7487594 itr]:      1371.56
[2318 sec, 7494317 itr]:      1371.56
[ optimality gap      ]:      100.00%
[2319 sec, 7494317 itr]:      1371.56
[2320 sec, 7500654 itr]:      1371.56
[2321 sec, 7500654 itr]:      1371.56
[2322 sec, 7507185 itr]:      1371.56
[2323 sec, 7507185 itr]:      1371.56
[2324 sec, 7513760 itr]:      1371.56
[2325 sec, 7513760 itr]:      1371.56
[2326 sec, 7519564 itr]:      1371.56
[2327 sec, 7519564 itr]:      1371.56
[2328 sec, 7519564 itr]:      1371.56
[ optimality gap      ]:      100.00%
[2329 sec, 7525491 itr]:      1371.56
[2330 sec, 7525491 itr]:      1371.56
[2331 sec, 7531787 itr]:      1371.56
[2332 sec, 7534914 itr]:      1371.56
[2333 sec, 7538155 itr]:      1371.56
[2334 sec, 7541142 itr]:      1371.56
[2335 sec, 7544496 itr]:      1371.56
[2336 sec, 7547946 itr]:      1371.56
[2337 sec, 7547946 itr]:      1371.56
[2338 sec, 7554248 itr]:      1371.56
[ optimality gap      ]:      100.00%
[2339 sec, 7557100 itr]:      1371.56
[2340 sec, 7560049 itr]:      1371.56
[2341 sec, 7560049 itr]:      1371.56
[2342 sec, 7565139 itr]:      1371.56
[2343 sec, 7565139 itr]:      1371.56
[2344 sec, 7570651 itr]:      1371.56
[2345 sec, 7573334 itr]:      1371.56
[2346 sec, 7573334 itr]:      1371.56
[2347 sec, 7579960 itr]:      1371.56
[2348 sec, 7583268 itr]:      1371.56
[ optimality gap      ]:      100.00%
[2349 sec, 7583268 itr]:      1371.56
[2350 sec, 7589040 itr]:      1371.56
[2351 sec, 7592291 itr]:      1371.56
[2352 sec, 7595244 itr]:      1371.56
[2353 sec, 7595244 itr]:      1371.56
[2354 sec, 7598462 itr]:      1371.56
[2355 sec, 7603642 itr]:      1371.56
[2356 sec, 7606892 itr]:      1371.56
[2357 sec, 7606892 itr]:      1371.56
[2358 sec, 7610044 itr]:      1371.56
[ optimality gap      ]:      100.00%
[2359 sec, 7616527 itr]:      1371.56
[2360 sec, 7616527 itr]:      1371.56
[2361 sec, 7622837 itr]:      1371.56
[2362 sec, 7622837 itr]:      1371.56
[2363 sec, 7626277 itr]:      1371.56
[2364 sec, 7629595 itr]:      1371.56
[2365 sec, 7631328 itr]:      1371.56
[2366 sec, 7634479 itr]:      1371.56
[2367 sec, 7640742 itr]:      1371.56
[2368 sec, 7640742 itr]:      1371.56
[ optimality gap      ]:      100.00%
[2369 sec, 7647260 itr]:      1371.56
[2370 sec, 7650209 itr]:      1371.56
[2371 sec, 7653370 itr]:      1371.56
[2372 sec, 7656590 itr]:      1371.56
[2373 sec, 7656590 itr]:      1371.56
[2374 sec, 7659796 itr]:      1371.56
[2375 sec, 7662955 itr]:      1371.56
[2376 sec, 7666229 itr]:      1371.56
[2377 sec, 7671958 itr]:      1371.56
[2378 sec, 7671958 itr]:      1371.56
[ optimality gap      ]:      100.00%
[2379 sec, 7678426 itr]:      1371.56
[2380 sec, 7681771 itr]:      1371.56
[2381 sec, 7685080 itr]:      1371.56
[2382 sec, 7688356 itr]:      1371.56
[2383 sec, 7688356 itr]:      1371.56
[2384 sec, 7691710 itr]:      1371.56
[2385 sec, 7695072 itr]:      1371.56
[2386 sec, 7701529 itr]:      1371.56
[2387 sec, 7701529 itr]:      1371.56
[2388 sec, 7704754 itr]:      1371.56
[ optimality gap      ]:      100.00%
[2389 sec, 7707879 itr]:      1371.56
[2390 sec, 7713711 itr]:      1371.56
[2391 sec, 7716791 itr]:      1371.56
[2392 sec, 7716791 itr]:      1371.56
[2393 sec, 7719948 itr]:      1371.56
[2394 sec, 7723224 itr]:      1371.56
[2395 sec, 7729564 itr]:      1371.56
[2396 sec, 7732656 itr]:      1371.56
[2397 sec, 7735772 itr]:      1371.56
[2398 sec, 7739241 itr]:      1371.56
[ optimality gap      ]:      100.00%
[2399 sec, 7739241 itr]:      1371.56
[2400 sec, 7745887 itr]:      1371.56
[2401 sec, 7748952 itr]:      1371.56
[2402 sec, 7752305 itr]:      1371.56
[2403 sec, 7752305 itr]:      1371.56
[2404 sec, 7755883 itr]:      1371.56
[2405 sec, 7762547 itr]:      1371.56
[2406 sec, 7765895 itr]:      1371.56
[2407 sec, 7765895 itr]:      1371.56
[2408 sec, 7772336 itr]:      1371.56
[ optimality gap      ]:      100.00%
[2409 sec, 7775769 itr]:      1371.56
[2410 sec, 7778402 itr]:      1371.56
[2411 sec, 7778402 itr]:      1371.56
[2412 sec, 7781857 itr]:      1371.56
[2413 sec, 7787810 itr]:      1371.56
[2414 sec, 7787810 itr]:      1371.56
[2415 sec, 7791218 itr]:      1371.56
[2416 sec, 7794633 itr]:      1371.56
[2417 sec, 7798015 itr]:      1371.56
[2418 sec, 7804906 itr]:      1371.56
[ optimality gap      ]:      100.00%
[2419 sec, 7808363 itr]:      1371.56
[2420 sec, 7811762 itr]:      1371.56
[2421 sec, 7815325 itr]:      1371.56
[2422 sec, 7819365 itr]:      1371.56
[2423 sec, 7819365 itr]:      1371.56
[2424 sec, 7823187 itr]:      1371.56
[2425 sec, 7826151 itr]:      1371.56
[2426 sec, 7829370 itr]:      1371.56
[2427 sec, 7833946 itr]:      1371.56
[2428 sec, 7837529 itr]:      1371.56
[ optimality gap      ]:      100.00%
[2429 sec, 7837529 itr]:      1371.56
[2430 sec, 7844377 itr]:      1371.56
[2431 sec, 7847684 itr]:      1371.56
[2432 sec, 7847684 itr]:      1371.56
[2433 sec, 7854498 itr]:      1371.56
[2434 sec, 7857838 itr]:      1371.56
[2435 sec, 7861293 itr]:      1371.56
[2436 sec, 7861293 itr]:      1371.56
[2437 sec, 7867630 itr]:      1371.56
[2438 sec, 7870973 itr]:      1371.56
[ optimality gap      ]:      100.00%
[2439 sec, 7874095 itr]:      1371.56
[2440 sec, 7877496 itr]:      1371.56
[2441 sec, 7881119 itr]:      1371.56
[2442 sec, 7884644 itr]:      1371.56
[2443 sec, 7888084 itr]:      1371.56
[2444 sec, 7891437 itr]:      1371.56
[2445 sec, 7891437 itr]:      1371.56
[2446 sec, 7894714 itr]:      1371.56
[2447 sec, 7901062 itr]:      1371.56
[2448 sec, 7904305 itr]:      1371.56
[ optimality gap      ]:      100.00%
[2449 sec, 7907747 itr]:      1371.56
[2450 sec, 7907747 itr]:      1371.56
[2451 sec, 7911103 itr]:      1371.56
[2452 sec, 7914574 itr]:      1371.56
[2453 sec, 7917273 itr]:      1371.56
[2454 sec, 7920689 itr]:      1371.56
[2455 sec, 7920689 itr]:      1371.56
[2456 sec, 7924291 itr]:      1371.56
[2457 sec, 7930873 itr]:      1371.56
[2458 sec, 7934354 itr]:      1371.56
[ optimality gap      ]:      100.00%
[2459 sec, 7934354 itr]:      1371.56
[2460 sec, 7939601 itr]:      1371.56
[2461 sec, 7942561 itr]:      1371.56
[2462 sec, 7945950 itr]:      1371.56
[2463 sec, 7945950 itr]:      1371.56
[2464 sec, 7952467 itr]:      1371.56
[2465 sec, 7955791 itr]:      1371.56
[2466 sec, 7959053 itr]:      1371.56
[2467 sec, 7959053 itr]:      1371.56
[2468 sec, 7964073 itr]:      1371.56
[ optimality gap      ]:      100.00%
[2469 sec, 7967291 itr]:      1371.56
[2470 sec, 7967291 itr]:      1371.56
[2471 sec, 7970328 itr]:      1371.56
[2472 sec, 7972576 itr]:      1371.56
[2473 sec, 7975616 itr]:      1371.56
[2474 sec, 7981172 itr]:      1371.56
[2475 sec, 7984274 itr]:      1371.56
[2476 sec, 7984274 itr]:      1371.56
[2477 sec, 7987323 itr]:      1371.56
[2478 sec, 7990658 itr]:      1371.56
[ optimality gap      ]:      100.00%
[2479 sec, 7993414 itr]:      1371.56
[2480 sec, 7999528 itr]:      1371.56
[2481 sec, 8002622 itr]:      1371.56
[2482 sec, 8002622 itr]:      1371.56
[2483 sec, 8008699 itr]:      1371.56
[2484 sec, 8008699 itr]:      1371.56
[2485 sec, 8014871 itr]:      1371.56
[2486 sec, 8017812 itr]:      1371.56
[2487 sec, 8017812 itr]:      1371.56
[2488 sec, 8021024 itr]:      1371.56
[ optimality gap      ]:      100.00%
[2489 sec, 8024098 itr]:      1371.56
[2490 sec, 8028082 itr]:      1371.56
[2491 sec, 8028082 itr]:      1371.56
[2492 sec, 8031610 itr]:      1371.56
[2493 sec, 8035371 itr]:      1371.56
[2494 sec, 8035371 itr]:      1371.56
[2495 sec, 8041367 itr]:      1371.56
[2496 sec, 8044585 itr]:      1371.56
[2497 sec, 8044585 itr]:      1371.56
[2498 sec, 8050409 itr]:      1371.56
[ optimality gap      ]:      100.00%
[2499 sec, 8053140 itr]:      1371.56
[2500 sec, 8053140 itr]:      1371.56
[2501 sec, 8056489 itr]:      1371.56
[2502 sec, 8062672 itr]:      1371.56
[2503 sec, 8062672 itr]:      1371.56
[2504 sec, 8067987 itr]:      1371.56
[2505 sec, 8070891 itr]:      1371.56
[2506 sec, 8070891 itr]:      1371.56
[2507 sec, 8073863 itr]:      1371.56
[2508 sec, 8079559 itr]:      1371.56
[ optimality gap      ]:      100.00%
[2509 sec, 8079559 itr]:      1371.56
[2510 sec, 8082674 itr]:      1371.56
[2511 sec, 8085846 itr]:      1371.56
[2512 sec, 8089018 itr]:      1371.56
[2513 sec, 8094408 itr]:      1371.56
[2514 sec, 8097572 itr]:      1371.56
[2515 sec, 8097572 itr]:      1371.56
[2516 sec, 8103389 itr]:      1371.56
[2517 sec, 8106612 itr]:      1371.56
[2518 sec, 8106612 itr]:      1371.56
[ optimality gap      ]:      100.00%
[2519 sec, 8109972 itr]:      1371.56
[2520 sec, 8112778 itr]:      1371.56
[2521 sec, 8116134 itr]:      1371.56
[2522 sec, 8122118 itr]:      1371.56
[2523 sec, 8122118 itr]:      1371.56
[2524 sec, 8125405 itr]:      1371.56
[2525 sec, 8127444 itr]:      1371.56
[2526 sec, 8133977 itr]:      1371.56
[2527 sec, 8133977 itr]:      1371.56
[2528 sec, 8139511 itr]:      1371.56
[ optimality gap      ]:      100.00%
[2529 sec, 8139511 itr]:      1371.56
[2530 sec, 8142801 itr]:      1371.56
[2531 sec, 8145598 itr]:      1371.56
[2532 sec, 8148345 itr]:      1371.56
[2533 sec, 8154472 itr]:      1371.56
[2534 sec, 8154472 itr]:      1371.56
[2535 sec, 8157827 itr]:      1371.56
[2536 sec, 8160990 itr]:      1371.56
[2537 sec, 8164143 itr]:      1371.56
[2538 sec, 8167328 itr]:      1371.56
[ optimality gap      ]:      100.00%
[2539 sec, 8169972 itr]:      1371.56
[2540 sec, 8172939 itr]:      1371.56
[2541 sec, 8176130 itr]:      1371.56
[2542 sec, 8179345 itr]:      1371.56
[2543 sec, 8182626 itr]:      1371.56
[2544 sec, 8185904 itr]:      1371.56
[2545 sec, 8188981 itr]:      1371.56
[2546 sec, 8191961 itr]:      1371.56
[2547 sec, 8198277 itr]:      1371.56
[2548 sec, 8198277 itr]:      1371.56
[ optimality gap      ]:      100.00%
[2549 sec, 8201498 itr]:      1371.56
[2550 sec, 8204933 itr]:      1371.56
[2551 sec, 8208306 itr]:      1371.56
[2552 sec, 8211325 itr]:      1371.56
[2553 sec, 8214337 itr]:      1371.56
[2554 sec, 8217156 itr]:      1371.56
[2555 sec, 8220291 itr]:      1371.56
[2556 sec, 8226351 itr]:      1371.56
[2557 sec, 8226351 itr]:      1371.56
[2558 sec, 8229600 itr]:      1371.56
[ optimality gap      ]:      100.00%
[2559 sec, 8232671 itr]:      1371.56
[2560 sec, 8239153 itr]:      1371.56
[2561 sec, 8239153 itr]:      1371.56
[2562 sec, 8242404 itr]:      1371.56
[2563 sec, 8245696 itr]:      1371.56
[2564 sec, 8248961 itr]:      1371.56
[2565 sec, 8255280 itr]:      1371.56
[2566 sec, 8258610 itr]:      1371.56
[2567 sec, 8258610 itr]:      1371.56
[2568 sec, 8265431 itr]:      1371.56
[ optimality gap      ]:      100.00%
[2569 sec, 8265431 itr]:      1371.56
[2570 sec, 8271903 itr]:      1371.56
[2571 sec, 8275216 itr]:      1371.56
[2572 sec, 8275216 itr]:      1371.56
[2573 sec, 8278292 itr]:      1371.56
[2574 sec, 8281483 itr]:      1371.56
[2575 sec, 8284480 itr]:      1371.56
[2576 sec, 8290965 itr]:      1371.56
[2577 sec, 8290965 itr]:      1371.56
[2578 sec, 8294263 itr]:      1371.56
[ optimality gap      ]:      100.00%
[2579 sec, 8297567 itr]:      1371.56
[2580 sec, 8299707 itr]:      1371.56
[2581 sec, 8303272 itr]:      1371.56
[2582 sec, 8306016 itr]:      1371.56
[2583 sec, 8312319 itr]:      1371.56
[2584 sec, 8315791 itr]:      1371.56
[2585 sec, 8315791 itr]:      1371.56
[2586 sec, 8322071 itr]:      1371.56
[2587 sec, 8322071 itr]:      1371.56
[2588 sec, 8325330 itr]:      1371.56
[ optimality gap      ]:      100.00%
[2589 sec, 8328912 itr]:      1371.56
[2590 sec, 8332131 itr]:      1371.56
[2591 sec, 8338431 itr]:      1371.56
[2592 sec, 8338431 itr]:      1371.56
[2593 sec, 8341934 itr]:      1371.56
[2594 sec, 8347324 itr]:      1371.56
[2595 sec, 8350614 itr]:      1371.56
[2596 sec, 8350614 itr]:      1371.56
[2597 sec, 8353895 itr]:      1371.56
[2598 sec, 8357072 itr]:      1371.56
[ optimality gap      ]:      100.00%
[2599 sec, 8360297 itr]:      1371.56
[2600 sec, 8363734 itr]:      1371.56
[2601 sec, 8367071 itr]:      1371.56
[2602 sec, 8373026 itr]:      1371.56
[2603 sec, 8373026 itr]:      1371.56
[2604 sec, 8375776 itr]:      1371.56
[2605 sec, 8381878 itr]:      1371.56
[2606 sec, 8381878 itr]:      1371.56
[2607 sec, 8388539 itr]:      1371.56
[2608 sec, 8388539 itr]:      1371.56
[ optimality gap      ]:      100.00%
[2609 sec, 8391793 itr]:      1371.56
[2610 sec, 8394673 itr]:      1371.56
[2611 sec, 8397896 itr]:      1371.56
[2612 sec, 8400662 itr]:      1371.56
[2613 sec, 8406386 itr]:      1371.56
[2614 sec, 8406386 itr]:      1371.56
[2615 sec, 8412626 itr]:      1371.56
[2616 sec, 8412626 itr]:      1371.56
[2617 sec, 8415884 itr]:      1371.56
[2618 sec, 8422150 itr]:      1371.56
[ optimality gap      ]:      100.00%
[2619 sec, 8425465 itr]:      1371.56
[2620 sec, 8425465 itr]:      1371.56
[2621 sec, 8428676 itr]:      1371.56
[2622 sec, 8432464 itr]:      1371.56
[2623 sec, 8432464 itr]:      1371.56
[2624 sec, 8436004 itr]:      1371.56
[2625 sec, 8437495 itr]:      1371.56
[2626 sec, 8443037 itr]:      1371.56
[2627 sec, 8446296 itr]:      1371.56
[2628 sec, 8446296 itr]:      1371.56
[ optimality gap      ]:      100.00%
[2629 sec, 8452265 itr]:      1371.56
[2630 sec, 8455615 itr]:      1371.56
[2631 sec, 8458900 itr]:      1371.56
[2632 sec, 8458900 itr]:      1371.56
[2633 sec, 8462234 itr]:      1371.56
[2634 sec, 8465172 itr]:      1371.56
[2635 sec, 8471523 itr]:      1371.56
[2636 sec, 8471523 itr]:      1371.56
[2637 sec, 8474845 itr]:      1371.56
[2638 sec, 8477729 itr]:      1371.56
[ optimality gap      ]:      100.00%
[2639 sec, 8480987 itr]:      1371.56
[2640 sec, 8484416 itr]:      1371.56
[2641 sec, 8487586 itr]:      1371.56
[2642 sec, 8493914 itr]:      1371.56
[2643 sec, 8493914 itr]:      1371.56
[2644 sec, 8500648 itr]:      1371.56
[2645 sec, 8503517 itr]:      1371.56
[2646 sec, 8504544 itr]:      1371.56
[2647 sec, 8504544 itr]:      1371.56
[2648 sec, 8507523 itr]:      1371.56
[ optimality gap      ]:      100.00%
[2649 sec, 8510413 itr]:      1371.56
[2650 sec, 8514979 itr]:      1371.56
[2651 sec, 8518454 itr]:      1371.56
[2652 sec, 8521949 itr]:      1371.56
[2653 sec, 8521949 itr]:      1371.56
[2654 sec, 8525302 itr]:      1371.56
[2655 sec, 8528321 itr]:      1371.56
[2656 sec, 8531697 itr]:      1371.56
[2657 sec, 8538810 itr]:      1371.56
[2658 sec, 8538810 itr]:      1371.56
[ optimality gap      ]:      100.00%
[2659 sec, 8541893 itr]:      1371.56
[2660 sec, 8544027 itr]:      1371.56
[2661 sec, 8547654 itr]:      1371.56
[2662 sec, 8551056 itr]:      1371.56
[2663 sec, 8554369 itr]:      1371.56
[2664 sec, 8557982 itr]:      1371.56
[2665 sec, 8560875 itr]:      1371.56
[2666 sec, 8563132 itr]:      1371.56
[2667 sec, 8569313 itr]:      1371.56
[2668 sec, 8569313 itr]:      1371.56
[ optimality gap      ]:      100.00%
[2669 sec, 8572940 itr]:      1371.56
[2670 sec, 8579642 itr]:      1371.56
[2671 sec, 8579642 itr]:      1371.56
[2672 sec, 8583215 itr]:      1371.56
[2673 sec, 8586843 itr]:      1371.56
[2674 sec, 8588198 itr]:      1371.56
[2675 sec, 8590592 itr]:      1371.56
[2676 sec, 8593950 itr]:      1371.56
[2677 sec, 8600564 itr]:      1371.56
[2678 sec, 8600564 itr]:      1371.56
[ optimality gap      ]:      100.00%
[2679 sec, 8604239 itr]:      1371.56
[2680 sec, 8610781 itr]:      1371.56
[2681 sec, 8614226 itr]:      1371.56
[2682 sec, 8614226 itr]:      1371.56
[2683 sec, 8621269 itr]:      1371.56
[2684 sec, 8621269 itr]:      1371.56
[2685 sec, 8624793 itr]:      1371.56
[2686 sec, 8631351 itr]:      1371.56
[2687 sec, 8634787 itr]:      1371.56
[2688 sec, 8637699 itr]:      1371.56
[ optimality gap      ]:      100.00%
[2689 sec, 8641209 itr]:      1371.56
[2690 sec, 8644966 itr]:      1371.56
[2691 sec, 8648319 itr]:      1371.56
[2692 sec, 8648319 itr]:      1371.56
[2693 sec, 8651813 itr]:      1371.56
[2694 sec, 8658576 itr]:      1371.56
[2695 sec, 8661786 itr]:      1371.56
[2696 sec, 8665304 itr]:      1371.56
[2697 sec, 8665304 itr]:      1371.56
[2698 sec, 8672143 itr]:      1371.56
[ optimality gap      ]:      100.00%
[2699 sec, 8672143 itr]:      1371.56
[2700 sec, 8675637 itr]:      1371.56
[2701 sec, 8681921 itr]:      1371.56
[2702 sec, 8681921 itr]:      1371.56
[2703 sec, 8688923 itr]:      1371.56
[2704 sec, 8688923 itr]:      1371.56
[2705 sec, 8695861 itr]:      1371.56
[2706 sec, 8695861 itr]:      1371.56
[2707 sec, 8699279 itr]:      1371.56
[2708 sec, 8705835 itr]:      1371.56
[ optimality gap      ]:      100.00%
[2709 sec, 8705835 itr]:      1371.56
[2710 sec, 8712858 itr]:      1371.56
[2711 sec, 8712858 itr]:      1371.56
[2712 sec, 8720138 itr]:      1371.56
[2713 sec, 8720138 itr]:      1371.56
[2714 sec, 8723448 itr]:      1371.56
[2715 sec, 8729999 itr]:      1371.56
[2716 sec, 8732567 itr]:      1371.56
[2717 sec, 8736022 itr]:      1371.56
[2718 sec, 8736022 itr]:      1371.56
[ optimality gap      ]:      100.00%
[2719 sec, 8739584 itr]:      1371.56
[2720 sec, 8742244 itr]:      1371.56
[2721 sec, 8746636 itr]:      1371.56
[2722 sec, 8749896 itr]:      1371.56
[2723 sec, 8749896 itr]:      1371.56
[2724 sec, 8753205 itr]:      1371.56
[2725 sec, 8760174 itr]:      1371.56
[2726 sec, 8763515 itr]:      1371.56
[2727 sec, 8766922 itr]:      1371.56
[2728 sec, 8766922 itr]:      1371.56
[ optimality gap      ]:      100.00%
[2729 sec, 8770272 itr]:      1371.56
[2730 sec, 8777105 itr]:      1371.56
[2731 sec, 8780268 itr]:      1371.56
[2732 sec, 8783750 itr]:      1371.56
[2733 sec, 8783750 itr]:      1371.56
[2734 sec, 8790200 itr]:      1371.56
[2735 sec, 8793594 itr]:      1371.56
[2736 sec, 8797194 itr]:      1371.56
[2737 sec, 8797194 itr]:      1371.56
[2738 sec, 8800228 itr]:      1371.56
[ optimality gap      ]:      100.00%
[2739 sec, 8803600 itr]:      1371.56
[2740 sec, 8806935 itr]:      1371.56
[2741 sec, 8810352 itr]:      1371.56
[2742 sec, 8810352 itr]:      1371.56
[2743 sec, 8813317 itr]:      1371.56
[2744 sec, 8819759 itr]:      1371.56
[2745 sec, 8819759 itr]:      1371.56
[2746 sec, 8826098 itr]:      1371.56
[2747 sec, 8829301 itr]:      1371.56
[2748 sec, 8829301 itr]:      1371.56
[ optimality gap      ]:      100.00%
[2749 sec, 8835719 itr]:      1371.56
[2750 sec, 8838941 itr]:      1371.56
[2751 sec, 8838941 itr]:      1371.56
[2752 sec, 8844671 itr]:      1371.56
[2753 sec, 8844671 itr]:      1371.56
[2754 sec, 8850656 itr]:      1371.56
[2755 sec, 8850656 itr]:      1371.56
[2756 sec, 8857012 itr]:      1371.56
[2757 sec, 8860159 itr]:      1371.56
[2758 sec, 8863502 itr]:      1371.56
[ optimality gap      ]:      100.00%
[2759 sec, 8866666 itr]:      1371.56
[2760 sec, 8866666 itr]:      1371.56
[2761 sec, 8873111 itr]:      1371.56
[2762 sec, 8873111 itr]:      1371.56
[2763 sec, 8876384 itr]:      1371.56
[2764 sec, 8881718 itr]:      1371.56
[2765 sec, 8881718 itr]:      1371.56
[2766 sec, 8884124 itr]:      1371.56
[2767 sec, 8889827 itr]:      1371.56
[2768 sec, 8889827 itr]:      1371.56
[ optimality gap      ]:      100.00%
[2769 sec, 8893282 itr]:      1371.56
[2770 sec, 8896712 itr]:      1371.56
[2771 sec, 8901768 itr]:      1371.56
[2772 sec, 8901768 itr]:      1371.56
[2773 sec, 8905115 itr]:      1371.56
[2774 sec, 8911300 itr]:      1371.56
[2775 sec, 8911300 itr]:      1371.56
[2776 sec, 8914504 itr]:      1371.56
[2777 sec, 8917579 itr]:      1371.56
[2778 sec, 8920803 itr]:      1371.56
[ optimality gap      ]:      100.00%
[2779 sec, 8926799 itr]:      1371.56
[2780 sec, 8930177 itr]:      1371.56
[2781 sec, 8930177 itr]:      1371.56
[2782 sec, 8933448 itr]:      1371.56
[2783 sec, 8936789 itr]:      1371.56
[2784 sec, 8942727 itr]:      1371.56
[2785 sec, 8945726 itr]:      1371.56
[2786 sec, 8948896 itr]:      1371.56
[2787 sec, 8951942 itr]:      1371.56
[2788 sec, 8951942 itr]:      1371.56
[ optimality gap      ]:      100.00%
[2789 sec, 8955127 itr]:      1371.56
[2790 sec, 8956386 itr]:      1371.56
[2791 sec, 8962022 itr]:      1371.56
[2792 sec, 8962022 itr]:      1371.56
[2793 sec, 8967901 itr]:      1371.56
[2794 sec, 8971154 itr]:      1371.56
[2795 sec, 8973957 itr]:      1371.56
[2796 sec, 8976873 itr]:      1371.56
[2797 sec, 8976873 itr]:      1371.56
[2798 sec, 8982954 itr]:      1371.56
[ optimality gap      ]:      100.00%
[2799 sec, 8986141 itr]:      1371.56
[2800 sec, 8989183 itr]:      1371.56
[2801 sec, 8992366 itr]:      1371.56
[2802 sec, 8995559 itr]:      1371.56
[2803 sec, 8998752 itr]:      1371.56
[2804 sec, 8998752 itr]:      1371.56
[2805 sec, 9003165 itr]:      1371.56
[2806 sec, 9006266 itr]:      1371.56
[2807 sec, 9009524 itr]:      1371.56
[2808 sec, 9012794 itr]:      1371.56
[ optimality gap      ]:      100.00%
[2809 sec, 9012794 itr]:      1371.56
[2810 sec, 9012794 itr]:      1371.56
[2811 sec, 9019116 itr]:      1371.56
[2812 sec, 9022253 itr]:      1371.56
[2813 sec, 9022253 itr]:      1371.56
[2814 sec, 9028524 itr]:      1371.56
[2815 sec, 9031650 itr]:      1371.56
[2816 sec, 9031650 itr]:      1371.56
[2817 sec, 9035081 itr]:      1371.56
[2818 sec, 9041480 itr]:      1371.56
[ optimality gap      ]:      100.00%
[2819 sec, 9044420 itr]:      1371.56
[2820 sec, 9044420 itr]:      1371.56
[2821 sec, 9047754 itr]:      1371.56
[2822 sec, 9054085 itr]:      1371.56
[2823 sec, 9054085 itr]:      1371.56
[2824 sec, 9059698 itr]:      1371.56
[2825 sec, 9059698 itr]:      1371.56
[2826 sec, 9065362 itr]:      1371.56
[2827 sec, 9068686 itr]:      1371.56
[2828 sec, 9071974 itr]:      1371.56
[ optimality gap      ]:      100.00%
[2829 sec, 9071974 itr]:      1371.56
[2830 sec, 9074973 itr]:      1371.56
[2831 sec, 9081160 itr]:      1371.56
[2832 sec, 9081160 itr]:      1371.56
[2833 sec, 9087353 itr]:      1371.56
[2834 sec, 9087353 itr]:      1371.56
[2835 sec, 9090674 itr]:      1371.56
[2836 sec, 9096309 itr]:      1371.56
[2837 sec, 9098909 itr]:      1371.56
[2838 sec, 9098909 itr]:      1371.56
[ optimality gap      ]:      100.00%
[2839 sec, 9105309 itr]:      1371.56
[2840 sec, 9108369 itr]:      1371.56
[2841 sec, 9108369 itr]:      1371.56
[2842 sec, 9115133 itr]:      1371.56
[2843 sec, 9118391 itr]:      1371.56
[2844 sec, 9118391 itr]:      1371.56
[2845 sec, 9121653 itr]:      1371.56
[2846 sec, 9128280 itr]:      1371.56
[2847 sec, 9128280 itr]:      1371.56
[2848 sec, 9131643 itr]:      1371.56
[ optimality gap      ]:      100.00%
[2849 sec, 9134968 itr]:      1371.56
[2850 sec, 9138272 itr]:      1371.56
[2851 sec, 9141517 itr]:      1371.56
[2852 sec, 9148355 itr]:      1371.56
[2853 sec, 9148355 itr]:      1371.56
[2854 sec, 9155083 itr]:      1371.56
[2855 sec, 9155083 itr]:      1371.56
[2856 sec, 9161568 itr]:      1371.56
[2857 sec, 9161568 itr]:      1371.56
[2858 sec, 9168087 itr]:      1371.56
[ optimality gap      ]:      100.00%
[2859 sec, 9168087 itr]:      1371.56
[2860 sec, 9171314 itr]:      1371.56
[2861 sec, 9174701 itr]:      1371.56
[2862 sec, 9178254 itr]:      1371.56
[2863 sec, 9181010 itr]:      1371.56
[2864 sec, 9186121 itr]:      1371.56
[2865 sec, 9186121 itr]:      1371.56
[2866 sec, 9189705 itr]:      1371.56
[2867 sec, 9196300 itr]:      1371.56
[2868 sec, 9196300 itr]:      1371.56
[ optimality gap      ]:      100.00%
[2869 sec, 9202809 itr]:      1371.56
[2870 sec, 9202809 itr]:      1371.56
[2871 sec, 9209164 itr]:      1371.56
[2872 sec, 9209164 itr]:      1371.56
[2873 sec, 9215701 itr]:      1371.56
[2874 sec, 9218767 itr]:      1371.56
[2875 sec, 9218767 itr]:      1371.56
[2876 sec, 9222132 itr]:      1371.56
[2877 sec, 9225645 itr]:      1371.56
[2878 sec, 9229056 itr]:      1371.56
[ optimality gap      ]:      100.00%
[2879 sec, 9232036 itr]:      1371.56
[2880 sec, 9235389 itr]:      1371.56
[2881 sec, 9241747 itr]:      1371.56
[2882 sec, 9241747 itr]:      1371.56
[2883 sec, 9248163 itr]:      1371.56
[2884 sec, 9248163 itr]:      1371.56
[2885 sec, 9251709 itr]:      1371.56
[2886 sec, 9257057 itr]:      1371.56
[2887 sec, 9257057 itr]:      1371.56
[2888 sec, 9263917 itr]:      1371.56
[ optimality gap      ]:      100.00%
[2889 sec, 9263917 itr]:      1371.56
[2890 sec, 9270414 itr]:      1371.56
[2891 sec, 9270414 itr]:      1371.56
[2892 sec, 9273881 itr]:      1371.56
[2893 sec, 9277035 itr]:      1371.56
[2894 sec, 9280507 itr]:      1371.56
[2895 sec, 9283931 itr]:      1371.56
[2896 sec, 9287325 itr]:      1371.56
[2897 sec, 9294238 itr]:      1371.56
[2898 sec, 9297665 itr]:      1371.56
[ optimality gap      ]:      100.00%
[2899 sec, 9300824 itr]:      1371.56
[2900 sec, 9300824 itr]:      1371.56
[2901 sec, 9304039 itr]:      1371.56
[2902 sec, 9306888 itr]:      1371.56
[2903 sec, 9313449 itr]:      1371.56
[2904 sec, 9316272 itr]:      1371.56
[2905 sec, 9316272 itr]:      1371.56
[2906 sec, 9319512 itr]:      1371.56
[2907 sec, 9322708 itr]:      1371.56
[2908 sec, 9329395 itr]:      1371.56
[ optimality gap      ]:      100.00%
[2909 sec, 9333025 itr]:      1371.56
[2910 sec, 9335708 itr]:      1371.56
[2911 sec, 9335708 itr]:      1371.56
[2912 sec, 9341081 itr]:      1371.56
[2913 sec, 9344042 itr]:      1371.56
[2914 sec, 9347475 itr]:      1371.56
[2915 sec, 9347475 itr]:      1371.56
[2916 sec, 9354246 itr]:      1371.56
[2917 sec, 9357644 itr]:      1371.56
[2918 sec, 9360914 itr]:      1371.56
[ optimality gap      ]:      100.00%
[2919 sec, 9360914 itr]:      1371.56
[2920 sec, 9367649 itr]:      1371.56
[2921 sec, 9367649 itr]:      1371.56
[2922 sec, 9370576 itr]:      1371.56
[2923 sec, 9373921 itr]:      1371.56
[2924 sec, 9380199 itr]:      1371.56
[2925 sec, 9380199 itr]:      1371.56
[2926 sec, 9383660 itr]:      1371.56
[2927 sec, 9389878 itr]:      1371.56
[2928 sec, 9389878 itr]:      1371.56
[ optimality gap      ]:      100.00%
[2929 sec, 9393059 itr]:      1371.56
[2930 sec, 9395749 itr]:      1371.56
[2931 sec, 9395749 itr]:      1371.56
[2932 sec, 9398037 itr]:      1371.56
[2933 sec, 9400428 itr]:      1371.56
[2934 sec, 9403162 itr]:      1371.56
[2935 sec, 9409585 itr]:      1371.56
[2936 sec, 9409585 itr]:      1371.56
[2937 sec, 9416175 itr]:      1371.56
[2938 sec, 9416175 itr]:      1371.56
[ optimality gap      ]:      100.00%
[2939 sec, 9419448 itr]:      1371.56
[2940 sec, 9422462 itr]:      1371.56
[2941 sec, 9425642 itr]:      1371.56
[2942 sec, 9432266 itr]:      1371.56
[2943 sec, 9435607 itr]:      1371.56
[2944 sec, 9435607 itr]:      1371.56
[2945 sec, 9442750 itr]:      1371.56
[2946 sec, 9442750 itr]:      1371.56
[2947 sec, 9446063 itr]:      1371.56
[2948 sec, 9449282 itr]:      1371.56
[ optimality gap      ]:      100.00%
[2949 sec, 9456014 itr]:      1371.56
[2950 sec, 9459130 itr]:      1371.56
[2951 sec, 9459130 itr]:      1371.56
[2952 sec, 9462686 itr]:      1371.56
[2953 sec, 9463025 itr]:      1371.56
[2954 sec, 9466493 itr]:      1371.56
[2955 sec, 9471994 itr]:      1371.56
[2956 sec, 9471994 itr]:      1371.56
[2957 sec, 9478654 itr]:      1371.56
[2958 sec, 9481833 itr]:      1371.56
[ optimality gap      ]:      100.00%
[2959 sec, 9481833 itr]:      1371.56
[2960 sec, 9488180 itr]:      1371.56
[2961 sec, 9488180 itr]:      1371.56
[2962 sec, 9491598 itr]:      1371.56
[2963 sec, 9494893 itr]:      1371.56
[2964 sec, 9498173 itr]:      1371.56
[2965 sec, 9501300 itr]:      1371.56
[2966 sec, 9503030 itr]:      1371.56
[2967 sec, 9509322 itr]:      1371.56
[2968 sec, 9509322 itr]:      1371.56
[ optimality gap      ]:      100.00%
[2969 sec, 9512455 itr]:      1371.56
[2970 sec, 9512455 itr]:      1371.56
[2971 sec, 9518839 itr]:      1371.56
[2972 sec, 9518839 itr]:      1371.56
[2973 sec, 9522030 itr]:      1371.56
[2974 sec, 9525467 itr]:      1371.56
[2975 sec, 9532356 itr]:      1371.56
[2976 sec, 9532356 itr]:      1371.56
[2977 sec, 9537551 itr]:      1371.56
[2978 sec, 9540908 itr]:      1371.56
[ optimality gap      ]:      100.00%
[2979 sec, 9544352 itr]:      1371.56
[2980 sec, 9547883 itr]:      1371.56
[2981 sec, 9551359 itr]:      1371.56
[2982 sec, 9554820 itr]:      1371.56
[2983 sec, 9554820 itr]:      1371.56
[2984 sec, 9560829 itr]:      1371.56
[2985 sec, 9564566 itr]:      1371.56
[2986 sec, 9564566 itr]:      1371.56
[2987 sec, 9570469 itr]:      1371.56
[2988 sec, 9573891 itr]:      1371.56
[ optimality gap      ]:      100.00%
[2989 sec, 9577318 itr]:      1371.56
[2990 sec, 9580695 itr]:      1371.56
[2991 sec, 9580695 itr]:      1371.56
[2992 sec, 9586873 itr]:      1371.56
[2993 sec, 9586873 itr]:      1371.56
[2994 sec, 9593367 itr]:      1371.56
[2995 sec, 9596722 itr]:      1371.56
[2996 sec, 9599814 itr]:      1371.56
[2997 sec, 9599814 itr]:      1371.56
[2998 sec, 9606242 itr]:      1371.56
[ optimality gap      ]:      100.00%
[2999 sec, 9606242 itr]:      1371.56
[3000 sec, 9609564 itr]:      1371.56
[3001 sec, 9612716 itr]:      1371.56
[3002 sec, 9618827 itr]:      1371.56
[3003 sec, 9621991 itr]:      1371.56
[3004 sec, 9621991 itr]:      1371.56
[3005 sec, 9625037 itr]:      1371.56
[3006 sec, 9628274 itr]:      1371.56
[3007 sec, 9630522 itr]:      1371.56
[3008 sec, 9633211 itr]:      1371.56
[ optimality gap      ]:      100.00%
[3009 sec, 9636143 itr]:      1371.56
[3010 sec, 9642724 itr]:      1371.56
[3011 sec, 9642724 itr]:      1371.56
[3012 sec, 9646382 itr]:      1371.56
[3013 sec, 9652592 itr]:      1371.56
[3014 sec, 9652592 itr]:      1371.56
[3015 sec, 9656007 itr]:      1371.56
[3016 sec, 9658671 itr]:      1371.56
[3017 sec, 9662230 itr]:      1371.56
[3018 sec, 9668791 itr]:      1371.56
[ optimality gap      ]:      100.00%
[3019 sec, 9668791 itr]:      1371.56
[3020 sec, 9672173 itr]:      1371.36
[3021 sec, 9678064 itr]:      1371.36
[3022 sec, 9678064 itr]:      1371.36
[3023 sec, 9681102 itr]:      1371.36
[3024 sec, 9684193 itr]:      1371.36
[3025 sec, 9690562 itr]:      1371.36
[3026 sec, 9693897 itr]:      1371.36
[3027 sec, 9693897 itr]:      1371.36
[3028 sec, 9700158 itr]:      1371.36
[ optimality gap      ]:      100.00%
[3029 sec, 9700158 itr]:      1371.36
[3030 sec, 9706713 itr]:      1371.36
[3031 sec, 9709570 itr]:      1371.36
[3032 sec, 9712391 itr]:      1371.36
[3033 sec, 9712391 itr]:      1371.36
[3034 sec, 9715744 itr]:      1371.36
[3035 sec, 9719112 itr]:      1371.36
[3036 sec, 9721935 itr]:      1371.36
[3037 sec, 9727779 itr]:      1371.36
[3038 sec, 9730793 itr]:      1371.36
[ optimality gap      ]:      100.00%
[3039 sec, 9733989 itr]:      1371.36
[3040 sec, 9733989 itr]:      1371.36
[3041 sec, 9737200 itr]:      1371.36
[3042 sec, 9743712 itr]:      1371.36
[3043 sec, 9746899 itr]:      1371.36
[3044 sec, 9750174 itr]:      1371.36
[3045 sec, 9753411 itr]:      1371.36
[3046 sec, 9753411 itr]:      1371.36
[3047 sec, 9759965 itr]:      1371.36
[3048 sec, 9759965 itr]:      1371.36
[ optimality gap      ]:      100.00%
[3049 sec, 9763259 itr]:      1371.36
[3050 sec, 9765808 itr]:      1371.36
[3051 sec, 9772013 itr]:      1371.36
[3052 sec, 9774687 itr]:      1371.36
[3053 sec, 9777865 itr]:      1371.36
[3054 sec, 9777865 itr]:      1371.36
[3055 sec, 9783792 itr]:      1371.36
[3056 sec, 9783792 itr]:      1371.36
[3057 sec, 9789878 itr]:      1371.36
[3058 sec, 9793268 itr]:      1371.36
[ optimality gap      ]:      100.00%
[3059 sec, 9793268 itr]:      1371.36
[3060 sec, 9796749 itr]:      1371.36
[3061 sec, 9800467 itr]:      1371.36
[3062 sec, 9800467 itr]:      1371.36
[3063 sec, 9806513 itr]:      1371.36
[3064 sec, 9806513 itr]:      1371.36
[3065 sec, 9809751 itr]:      1371.36
[3066 sec, 9815873 itr]:      1371.36
[3067 sec, 9818917 itr]:      1371.36
[3068 sec, 9818917 itr]:      1371.36
[ optimality gap      ]:      100.00%
[3069 sec, 9825195 itr]:      1371.36
[3070 sec, 9828305 itr]:      1371.36
[3071 sec, 9830758 itr]:      1371.36
[3072 sec, 9830758 itr]:      1371.36
[3073 sec, 9837065 itr]:      1371.36
[3074 sec, 9837065 itr]:      1371.36
[3075 sec, 9843260 itr]:      1371.36
[3076 sec, 9843260 itr]:      1371.36
[3077 sec, 9846201 itr]:      1371.36
[3078 sec, 9849206 itr]:      1371.36
[ optimality gap      ]:      100.00%
[3079 sec, 9855103 itr]:      1371.36
[3080 sec, 9858265 itr]:      1371.36
[3081 sec, 9858265 itr]:      1371.36
[3082 sec, 9861320 itr]:      1371.36
[3083 sec, 9864222 itr]:      1371.36
[3084 sec, 9870394 itr]:      1371.36
[3085 sec, 9870394 itr]:      1371.36
[3086 sec, 9873438 itr]:      1371.36
[3087 sec, 9876645 itr]:      1371.36
[3088 sec, 9878898 itr]:      1371.36
[ optimality gap      ]:      100.00%
[3089 sec, 9881781 itr]:      1371.36
[3090 sec, 9884802 itr]:      1371.36
[3091 sec, 9890741 itr]:      1371.36
[3092 sec, 9893421 itr]:      1371.36
[3093 sec, 9893421 itr]:      1371.36
[3094 sec, 9898940 itr]:      1371.36
[3095 sec, 9898940 itr]:      1371.36
[3096 sec, 9905171 itr]:      1371.36
[3097 sec, 9908327 itr]:      1371.36
[3098 sec, 9911464 itr]:      1371.36
[ optimality gap      ]:      100.00%
[3099 sec, 9911464 itr]:      1371.36
[3100 sec, 9916483 itr]:      1371.36
[3101 sec, 9916483 itr]:      1371.36
[3102 sec, 9919644 itr]:      1371.36
[3103 sec, 9925994 itr]:      1371.36
[3104 sec, 9928406 itr]:      1371.36
[3105 sec, 9931503 itr]:      1371.36
[3106 sec, 9934602 itr]:      1371.36
[3107 sec, 9934602 itr]:      1371.36
[3108 sec, 9939934 itr]:      1371.36
[ optimality gap      ]:      100.00%
[3109 sec, 9942804 itr]:      1371.36
[3110 sec, 9945967 itr]:      1371.36
[3111 sec, 9945967 itr]:      1371.36
[3112 sec, 9949221 itr]:      1371.36
[3113 sec, 9952016 itr]:      1371.36
[3114 sec, 9957919 itr]:      1371.36
[3115 sec, 9960543 itr]:      1371.36
[3116 sec, 9963660 itr]:      1371.36
[3117 sec, 9963660 itr]:      1371.36
[3118 sec, 9969765 itr]:      1371.36
[ optimality gap      ]:      100.00%
[3119 sec, 9969765 itr]:      1371.36
[3120 sec, 9976061 itr]:      1371.36
[3121 sec, 9976061 itr]:      1371.36
[3122 sec, 9979316 itr]:      1371.36
[3123 sec, 9981799 itr]:      1371.36
[3124 sec, 9984339 itr]:      1371.36
[3125 sec, 9987232 itr]:      1371.36
[3126 sec, 9990534 itr]:      1371.36
[3127 sec, 9995317 itr]:      1371.36
[3128 sec, 9995317 itr]:      1371.36
[ optimality gap      ]:      100.00%
[3129 sec, 10001375 itr]:      1371.36
[3130 sec, 10004436 itr]:      1371.36
[3131 sec, 10007444 itr]:      1371.36
[3132 sec, 10010650 itr]:      1371.36
[3133 sec, 10010650 itr]:      1371.36
[3134 sec, 10013451 itr]:      1371.36
[3135 sec, 10019425 itr]:      1371.36
[3136 sec, 10022401 itr]:      1371.36
[3137 sec, 10025368 itr]:      1371.36
[3138 sec, 10028260 itr]:      1371.36
[ optimality gap       ]:      100.00%
[3139 sec, 10031265 itr]:      1371.36
[3140 sec, 10033859 itr]:      1371.36
[3141 sec, 10036830 itr]:      1371.36
[3142 sec, 10036830 itr]:      1371.36
[3143 sec, 10039813 itr]:      1371.36
[3144 sec, 10045918 itr]:      1371.36
[3145 sec, 10045918 itr]:      1371.36
[3146 sec, 10052045 itr]:      1371.36
[3147 sec, 10052045 itr]:      1371.36
[3148 sec, 10055039 itr]:      1371.36
[ optimality gap       ]:      100.00%
[3149 sec, 10060299 itr]:      1371.36
[3150 sec, 10063346 itr]:      1371.36
[3151 sec, 10066421 itr]:      1371.36
[3152 sec, 10066421 itr]:      1371.36
[3153 sec, 10069237 itr]:      1371.36
[3154 sec, 10074726 itr]:      1371.36
[3155 sec, 10074726 itr]:      1371.36
[3156 sec, 10080326 itr]:      1371.36
[3157 sec, 10080326 itr]:      1371.36
[3158 sec, 10086431 itr]:      1371.36
[ optimality gap       ]:      100.00%
[3159 sec, 10089631 itr]:      1371.36
[3160 sec, 10089631 itr]:      1371.36
[3161 sec, 10092800 itr]:      1371.36
[3162 sec, 10095967 itr]:      1371.36
[3163 sec, 10099060 itr]:      1371.36
[3164 sec, 10102077 itr]:      1371.36
[3165 sec, 10105217 itr]:      1371.36
[3166 sec, 10111186 itr]:      1371.36
[3167 sec, 10111186 itr]:      1371.36
[3168 sec, 10114443 itr]:      1371.36
[ optimality gap       ]:      100.00%
[3169 sec, 10120724 itr]:      1371.36
[3170 sec, 10123599 itr]:      1371.36
[3171 sec, 10123599 itr]:      1371.36
[3172 sec, 10126627 itr]:      1371.36
[3173 sec, 10132659 itr]:      1371.36
[3174 sec, 10135777 itr]:      1371.36
[3175 sec, 10135777 itr]:      1371.36
[3176 sec, 10138970 itr]:      1371.36
[3177 sec, 10144536 itr]:      1371.36
[3178 sec, 10147543 itr]:      1371.36
[ optimality gap       ]:      100.00%
[3179 sec, 10150719 itr]:      1371.36
[3180 sec, 10150719 itr]:      1371.36
[3181 sec, 10156578 itr]:      1371.36
[3182 sec, 10159620 itr]:      1371.36
[3183 sec, 10159620 itr]:      1371.36
[3184 sec, 10165842 itr]:      1371.36
[3185 sec, 10168699 itr]:      1371.36
[3186 sec, 10171845 itr]:      1371.36
[3187 sec, 10171845 itr]:      1371.36
[3188 sec, 10178061 itr]:      1371.36
[ optimality gap       ]:      100.00%
[3189 sec, 10178061 itr]:      1371.36
[3190 sec, 10184535 itr]:      1371.36
[3191 sec, 10187718 itr]:      1371.36
[3192 sec, 10190786 itr]:      1371.36
[3193 sec, 10194051 itr]:      1371.36
[3194 sec, 10194051 itr]:      1371.36
[3195 sec, 10197174 itr]:      1371.36
[3196 sec, 10201636 itr]:      1371.36
[3197 sec, 10201636 itr]:      1371.36
[3198 sec, 10207130 itr]:      1371.36
[ optimality gap       ]:      100.00%
[3199 sec, 10207130 itr]:      1371.36
[3200 sec, 10210297 itr]:      1371.36
[3201 sec, 10214310 itr]:      1371.36
[3202 sec, 10217433 itr]:      1371.36
[3203 sec, 10217433 itr]:      1371.36
[3204 sec, 10220164 itr]:      1371.36
[3205 sec, 10222837 itr]:      1371.36
[3206 sec, 10225801 itr]:      1371.36
[3207 sec, 10230963 itr]:      1371.36
[3208 sec, 10230963 itr]:      1371.36
[ optimality gap       ]:      100.00%
[3209 sec, 10233317 itr]:      1371.36
[3210 sec, 10236495 itr]:      1371.36
[3211 sec, 10240834 itr]:      1371.36
[3212 sec, 10243896 itr]:      1371.36
[3213 sec, 10243896 itr]:      1371.36
[3214 sec, 10250220 itr]:      1371.36
[3215 sec, 10253411 itr]:      1371.36
[3216 sec, 10253411 itr]:      1371.36
[3217 sec, 10259209 itr]:      1371.36
[3218 sec, 10262109 itr]:      1371.36
[ optimality gap       ]:      100.00%
[3219 sec, 10262109 itr]:      1371.36
[3220 sec, 10265342 itr]:      1371.36
[3221 sec, 10268552 itr]:      1371.36
[3222 sec, 10274911 itr]:      1371.36
[3223 sec, 10274911 itr]:      1371.36
[3224 sec, 10277576 itr]:      1371.36
[3225 sec, 10280581 itr]:      1371.36
[3226 sec, 10286701 itr]:      1371.36
[3227 sec, 10286701 itr]:      1371.36
[3228 sec, 10293078 itr]:      1371.36
[ optimality gap       ]:      100.00%
[3229 sec, 10293078 itr]:      1371.36
[3230 sec, 10296504 itr]:      1371.36
[3231 sec, 10299934 itr]:      1371.36
[3232 sec, 10305639 itr]:      1371.36
[3233 sec, 10305639 itr]:      1371.36
[3234 sec, 10308868 itr]:      1371.36
[3235 sec, 10311941 itr]:      1371.36
[3236 sec, 10314627 itr]:      1371.36
[3237 sec, 10317652 itr]:      1371.36
[3238 sec, 10321325 itr]:      1371.36
[ optimality gap       ]:      100.00%
[3239 sec, 10325873 itr]:      1371.36
[3240 sec, 10329247 itr]:      1371.36
[3241 sec, 10332918 itr]:      1371.36
[3242 sec, 10332918 itr]:      1371.36
[3243 sec, 10336401 itr]:      1371.36
[3244 sec, 10342628 itr]:      1371.36
[3245 sec, 10342628 itr]:      1371.36
[3246 sec, 10349135 itr]:      1371.36
[3247 sec, 10349135 itr]:      1371.36
[3248 sec, 10350892 itr]:      1371.36
[ optimality gap       ]:      100.00%
[3249 sec, 10352436 itr]:      1371.36
[3250 sec, 10352436 itr]:      1371.36
[3251 sec, 10359167 itr]:      1371.36
[3252 sec, 10359167 itr]:      1371.36
[3253 sec, 10362532 itr]:      1371.36
[3254 sec, 10365987 itr]:      1371.36
[3255 sec, 10372446 itr]:      1371.36
[3256 sec, 10375726 itr]:      1371.36
[3257 sec, 10378665 itr]:      1371.36
[3258 sec, 10381701 itr]:      1371.36
[ optimality gap       ]:      100.00%
[3259 sec, 10384768 itr]:      1371.36
[3260 sec, 10387654 itr]:      1371.36
[3261 sec, 10387654 itr]:      1371.36
[3262 sec, 10390510 itr]:      1371.36
[3263 sec, 10393188 itr]:      1371.36
[3264 sec, 10396259 itr]:      1371.36
[3265 sec, 10398858 itr]:      1371.36
[3266 sec, 10405083 itr]:      1371.36
[3267 sec, 10405083 itr]:      1371.36
[3268 sec, 10410958 itr]:      1371.36
[ optimality gap       ]:      100.00%
[3269 sec, 10410958 itr]:      1371.36
[3270 sec, 10416808 itr]:      1371.36
[3271 sec, 10416808 itr]:      1371.36
[3272 sec, 10422757 itr]:      1371.36
[3273 sec, 10425714 itr]:      1371.36
[3274 sec, 10425714 itr]:      1371.36
[3275 sec, 10430360 itr]:      1371.36
[3276 sec, 10433543 itr]:      1371.36
[3277 sec, 10433543 itr]:      1371.36
[3278 sec, 10439671 itr]:      1371.36
[ optimality gap       ]:      100.00%
[3279 sec, 10442977 itr]:      1371.36
[3280 sec, 10445520 itr]:      1371.36
[3281 sec, 10445520 itr]:      1371.36
[3282 sec, 10448113 itr]:      1371.36
[3283 sec, 10453554 itr]:      1371.36
[3284 sec, 10456551 itr]:      1371.36
[3285 sec, 10456551 itr]:      1371.36
[3286 sec, 10459484 itr]:      1371.36
[3287 sec, 10462533 itr]:      1371.36
[3288 sec, 10468604 itr]:      1371.36
[ optimality gap       ]:      100.00%
[3289 sec, 10471182 itr]:      1371.36
[3290 sec, 10471182 itr]:      1371.36
[3291 sec, 10476977 itr]:      1371.36
[3292 sec, 10476977 itr]:      1371.36
[3293 sec, 10482595 itr]:      1371.36
[3294 sec, 10482595 itr]:      1371.36
[3295 sec, 10485286 itr]:      1371.36
[3296 sec, 10488390 itr]:      1371.36
[3297 sec, 10491577 itr]:      1371.36
[3298 sec, 10497127 itr]:      1371.36
[ optimality gap       ]:      100.00%
[3299 sec, 10497127 itr]:      1371.36
[3300 sec, 10500112 itr]:      1371.36
[3301 sec, 10503188 itr]:      1371.36
[3302 sec, 10506352 itr]:      1371.36
[3303 sec, 10509111 itr]:      1371.36
[3304 sec, 10512238 itr]:      1371.36
[3305 sec, 10518151 itr]:      1371.36
[3306 sec, 10521346 itr]:      1371.36
[3307 sec, 10521346 itr]:      1371.36
[3308 sec, 10527450 itr]:      1371.36
[ optimality gap       ]:      100.00%
[3309 sec, 10527450 itr]:      1371.36
[3310 sec, 10533562 itr]:      1371.36
[3311 sec, 10533562 itr]:      1371.36
[3312 sec, 10536013 itr]:      1371.36
[3313 sec, 10538941 itr]:      1371.36
[3314 sec, 10542162 itr]:      1371.36
[3315 sec, 10545296 itr]:      1371.36
[3316 sec, 10548449 itr]:      1371.36
[3317 sec, 10554269 itr]:      1371.36
[3318 sec, 10554269 itr]:      1371.36
[ optimality gap       ]:      100.00%
[3319 sec, 10557798 itr]:      1371.36
[3320 sec, 10560781 itr]:      1371.36
[3321 sec, 10563638 itr]:      1371.36
[3322 sec, 10563638 itr]:      1371.36
[3323 sec, 10566641 itr]:      1371.36
[3324 sec, 10572204 itr]:      1371.36
[3325 sec, 10575334 itr]:      1371.36
[3326 sec, 10578284 itr]:      1371.36
[3327 sec, 10578284 itr]:      1371.36
[3328 sec, 10580627 itr]:      1371.36
[ optimality gap       ]:      100.00%
[3329 sec, 10583809 itr]:      1371.36
[3330 sec, 10589661 itr]:      1371.36
[3331 sec, 10592725 itr]:      1371.36
[3332 sec, 10595708 itr]:      1371.36
[3333 sec, 10598799 itr]:      1371.36
[3334 sec, 10601975 itr]:      1371.36
[3335 sec, 10601975 itr]:      1371.36
[3336 sec, 10605050 itr]:      1371.36
[3337 sec, 10605050 itr]:      1371.36
[3338 sec, 10608159 itr]:      1371.36
[ optimality gap       ]:      100.00%
[3339 sec, 10610607 itr]:      1371.36
[3340 sec, 10613317 itr]:      1371.36
[3341 sec, 10616227 itr]:      1371.36
[3342 sec, 10622198 itr]:      1371.36
[3343 sec, 10622198 itr]:      1371.36
[3344 sec, 10628313 itr]:      1371.36
[3345 sec, 10631384 itr]:      1371.36
[3346 sec, 10631384 itr]:      1371.36
[3347 sec, 10634481 itr]:      1371.36
[3348 sec, 10640933 itr]:      1371.36
[ optimality gap       ]:      100.00%
[3349 sec, 10640933 itr]:      1371.36
[3350 sec, 10645874 itr]:      1371.36
[3351 sec, 10648792 itr]:      1371.36
[3352 sec, 10648792 itr]:      1371.36
[3353 sec, 10655004 itr]:      1371.36
[3354 sec, 10655004 itr]:      1371.36
[3355 sec, 10658029 itr]:      1371.36
[3356 sec, 10660923 itr]:      1371.36
[3357 sec, 10663809 itr]:      1371.36
[3358 sec, 10666721 itr]:      1371.36
[ optimality gap       ]:      100.00%
[3359 sec, 10672717 itr]:      1371.36
[3360 sec, 10672717 itr]:      1371.36
[3361 sec, 10678865 itr]:      1371.36
[3362 sec, 10678865 itr]:      1371.36
[3363 sec, 10681946 itr]:      1371.36
[3364 sec, 10684831 itr]:      1371.36
[3365 sec, 10691046 itr]:      1371.36
[3366 sec, 10693973 itr]:      1371.36
[3367 sec, 10696555 itr]:      1371.36
[3368 sec, 10696555 itr]:      1371.36
[ optimality gap       ]:      100.00%
[3369 sec, 10699133 itr]:      1371.36
[3370 sec, 10705136 itr]:      1371.36
[3371 sec, 10708316 itr]:      1371.36
[3372 sec, 10711233 itr]:      1371.36
[3373 sec, 10714336 itr]:      1371.36
[3374 sec, 10714336 itr]:      1371.36
[3375 sec, 10720074 itr]:      1371.36
[3376 sec, 10722843 itr]:      1371.36
[3377 sec, 10726158 itr]:      1371.36
[3378 sec, 10726158 itr]:      1371.36
[ optimality gap       ]:      100.00%
[3379 sec, 10729277 itr]:      1371.36
[3380 sec, 10735141 itr]:      1371.36
[3381 sec, 10735141 itr]:      1371.36
[3382 sec, 10741161 itr]:      1371.36
[3383 sec, 10741161 itr]:      1371.36
[3384 sec, 10744189 itr]:      1371.36
[3385 sec, 10747237 itr]:      1371.36
[3386 sec, 10753410 itr]:      1371.36
[3387 sec, 10753410 itr]:      1371.36
[3388 sec, 10756548 itr]:      1371.36
[ optimality gap       ]:      100.00%
[3389 sec, 10759772 itr]:      1371.36
[3390 sec, 10762708 itr]:      1371.36
[3391 sec, 10768439 itr]:      1371.36
[3392 sec, 10768439 itr]:      1371.36
[3393 sec, 10773273 itr]:      1371.36
[3394 sec, 10773273 itr]:      1371.36
[3395 sec, 10779101 itr]:      1371.36
[3396 sec, 10779101 itr]:      1371.36
[3397 sec, 10784561 itr]:      1371.36
[3398 sec, 10784561 itr]:      1371.36
[ optimality gap       ]:      100.00%
[3399 sec, 10790572 itr]:      1371.36
[3400 sec, 10793672 itr]:      1371.36
[3401 sec, 10793672 itr]:      1371.36
[3402 sec, 10796695 itr]:      1371.36
[3403 sec, 10802820 itr]:      1371.36
[3404 sec, 10805403 itr]:      1371.36
[3405 sec, 10805403 itr]:      1371.36
[3406 sec, 10811678 itr]:      1371.36
[3407 sec, 10811678 itr]:      1371.36
[3408 sec, 10814834 itr]:      1371.36
[ optimality gap       ]:      100.00%
[3409 sec, 10817931 itr]:      1371.36
[3410 sec, 10821163 itr]:      1371.36
[3411 sec, 10824595 itr]:      1371.36
[3412 sec, 10827442 itr]:      1371.36
[3413 sec, 10833462 itr]:      1371.36
[3414 sec, 10833462 itr]:      1371.36
[3415 sec, 10836773 itr]:      1371.36
[3416 sec, 10839630 itr]:      1371.36
[3417 sec, 10842893 itr]:      1371.36
[3418 sec, 10845866 itr]:      1371.36
[ optimality gap       ]:      100.00%
[3419 sec, 10851789 itr]:      1371.36
[3420 sec, 10855123 itr]:      1371.36
[3421 sec, 10858109 itr]:      1371.36
[3422 sec, 10858109 itr]:      1371.36
[3423 sec, 10861497 itr]:      1371.36
[3424 sec, 10867777 itr]:      1371.36
[3425 sec, 10867777 itr]:      1371.36
[3426 sec, 10869766 itr]:      1371.36
[3427 sec, 10875720 itr]:      1371.36
[3428 sec, 10878748 itr]:      1371.36
[ optimality gap       ]:      100.00%
[3429 sec, 10878748 itr]:      1371.36
[3430 sec, 10885776 itr]:      1371.36
[3431 sec, 10889007 itr]:      1371.36
[3432 sec, 10892421 itr]:      1371.36
[3433 sec, 10895959 itr]:      1371.36
[3434 sec, 10895959 itr]:      1371.36
[3435 sec, 10902661 itr]:      1371.36
[3436 sec, 10905994 itr]:      1371.36
[3437 sec, 10909326 itr]:      1371.36
[3438 sec, 10909326 itr]:      1371.36
[ optimality gap       ]:      100.00%
[3439 sec, 10912463 itr]:      1371.36
[3440 sec, 10915688 itr]:      1371.36
[3441 sec, 10919085 itr]:      1371.36
[3442 sec, 10922238 itr]:      1371.36
[3443 sec, 10928468 itr]:      1371.36
[3444 sec, 10931107 itr]:      1371.36
[3445 sec, 10931107 itr]:      1371.36
[3446 sec, 10934647 itr]:      1371.36
[3447 sec, 10937855 itr]:      1371.36
[3448 sec, 10944555 itr]:      1371.36
[ optimality gap       ]:      100.00%
[3449 sec, 10944555 itr]:      1371.36
[3450 sec, 10950917 itr]:      1371.36
[3451 sec, 10950917 itr]:      1371.36
[3452 sec, 10954005 itr]:      1371.36
[3453 sec, 10956708 itr]:      1371.36
[3454 sec, 10963498 itr]:      1371.36
[3455 sec, 10963498 itr]:      1371.36
[3456 sec, 10967012 itr]:      1371.36
[3457 sec, 10973110 itr]:      1371.36
[3458 sec, 10976673 itr]:      1371.36
[ optimality gap       ]:      100.00%
[3459 sec, 10980259 itr]:      1371.36
[3460 sec, 10983905 itr]:      1371.36
[3461 sec, 10987378 itr]:      1371.36
[3462 sec, 10990876 itr]:      1371.36
[3463 sec, 10990876 itr]:      1371.36
[3464 sec, 10996889 itr]:      1371.36
[3465 sec, 10996889 itr]:      1371.36
[3466 sec, 11000534 itr]:      1371.36
[3467 sec, 11007133 itr]:      1371.36
[3468 sec, 11007133 itr]:      1371.36
[ optimality gap       ]:      100.00%
[3469 sec, 11009759 itr]:      1371.36
[3470 sec, 11013054 itr]:      1371.36
[3471 sec, 11016490 itr]:      1371.36
[3472 sec, 11019959 itr]:      1371.36
[3473 sec, 11023334 itr]:      1371.36
[3474 sec, 11030140 itr]:      1371.36
[3475 sec, 11033420 itr]:      1371.36
[3476 sec, 11033420 itr]:      1371.36
[3477 sec, 11036772 itr]:      1371.36
[3478 sec, 11041959 itr]:      1371.36
[ optimality gap       ]:      100.00%
[3479 sec, 11041959 itr]:      1371.36
[3480 sec, 11045120 itr]:      1371.36
[3481 sec, 11048473 itr]:      1371.36
[3482 sec, 11051842 itr]:      1371.36
[3483 sec, 11054341 itr]:      1371.36
[3484 sec, 11057132 itr]:      1371.36
[3485 sec, 11060293 itr]:      1371.36
[3486 sec, 11063610 itr]:      1371.36
[3487 sec, 11070076 itr]:      1371.36
[3488 sec, 11073361 itr]:      1371.36
[ optimality gap       ]:      100.00%
[3489 sec, 11073361 itr]:      1371.36
[3490 sec, 11076674 itr]:      1371.36
[3491 sec, 11081511 itr]:      1371.36
[3492 sec, 11081511 itr]:      1371.36
[3493 sec, 11084998 itr]:      1371.36
[3494 sec, 11088297 itr]:      1371.36
[3495 sec, 11091459 itr]:      1371.36
[3496 sec, 11094915 itr]:      1371.36
[3497 sec, 11098167 itr]:      1371.36
[3498 sec, 11100508 itr]:      1371.36
[ optimality gap       ]:      100.00%
[3499 sec, 11103540 itr]:      1371.36
[3500 sec, 11109994 itr]:      1371.36
[3501 sec, 11113229 itr]:      1371.36
[3502 sec, 11116432 itr]:      1371.36
[3503 sec, 11116432 itr]:      1371.36
[3504 sec, 11121755 itr]:      1371.36
[3505 sec, 11124717 itr]:      1371.36
[3506 sec, 11124717 itr]:      1371.36
[3507 sec, 11131204 itr]:      1371.36
[3508 sec, 11131204 itr]:      1371.36
[ optimality gap       ]:      100.00%
[3509 sec, 11134574 itr]:      1371.36
[3510 sec, 11137311 itr]:      1371.36
[3511 sec, 11140388 itr]:      1371.36
[3512 sec, 11146505 itr]:      1371.36
[3513 sec, 11149746 itr]:      1371.36
[3514 sec, 11149746 itr]:      1371.36
[3515 sec, 11153044 itr]:      1371.36
[3516 sec, 11156233 itr]:      1371.36
[3517 sec, 11162003 itr]:      1371.36
[3518 sec, 11162003 itr]:      1371.36
[ optimality gap       ]:      100.00%
[3519 sec, 11168780 itr]:      1371.36
[3520 sec, 11172175 itr]:      1371.36
[3521 sec, 11172175 itr]:      1371.36
[3522 sec, 11175517 itr]:      1371.36
[3523 sec, 11181706 itr]:      1371.36
[3524 sec, 11181706 itr]:      1371.36
[3525 sec, 11184971 itr]:      1371.36
[3526 sec, 11188441 itr]:      1371.36
[3527 sec, 11191798 itr]:      1371.36
[3528 sec, 11195157 itr]:      1371.36
[ optimality gap       ]:      100.00%
[3529 sec, 11201713 itr]:      1371.36
[3530 sec, 11204878 itr]:      1371.36
[3531 sec, 11204878 itr]:      1371.36
[3532 sec, 11211419 itr]:      1371.36
[3533 sec, 11211419 itr]:      1371.36
[3534 sec, 11218042 itr]:      1371.36
[3535 sec, 11221486 itr]:      1371.36
[3536 sec, 11221486 itr]:      1371.36
[3537 sec, 11228118 itr]:      1371.36
[3538 sec, 11231487 itr]:      1371.36
[ optimality gap       ]:      100.00%
[3539 sec, 11234572 itr]:      1371.36
[3540 sec, 11234572 itr]:      1371.36
[3541 sec, 11240979 itr]:      1371.36
[3542 sec, 11240979 itr]:      1371.36
[3543 sec, 11243816 itr]:      1371.36
[3544 sec, 11250136 itr]:      1371.36
[3545 sec, 11253635 itr]:      1371.36
[3546 sec, 11256927 itr]:      1371.36
[3547 sec, 11260486 itr]:      1371.36
[3548 sec, 11263940 itr]:      1371.36
[ optimality gap       ]:      100.00%
[3549 sec, 11267513 itr]:      1371.36
[3550 sec, 11270998 itr]:      1371.36
[3551 sec, 11274547 itr]:      1371.36
[3552 sec, 11277809 itr]:      1371.36
[3553 sec, 11277809 itr]:      1371.36
[3554 sec, 11284849 itr]:      1371.36
[3555 sec, 11288422 itr]:      1371.36
[3556 sec, 11288422 itr]:      1371.36
[3557 sec, 11294757 itr]:      1371.36
[3558 sec, 11294757 itr]:      1371.36
[ optimality gap       ]:      100.00%
[3559 sec, 11301175 itr]:      1371.36
[3560 sec, 11304559 itr]:      1371.36
[3561 sec, 11304559 itr]:      1371.36
[3562 sec, 11307856 itr]:      1371.36
[3563 sec, 11314348 itr]:      1371.36
[3564 sec, 11317740 itr]:      1371.36
[3565 sec, 11317740 itr]:      1371.36
[3566 sec, 11324523 itr]:      1371.36
[3567 sec, 11327947 itr]:      1371.36
[3568 sec, 11330746 itr]:      1371.36
[ optimality gap       ]:      100.00%
[3569 sec, 11333685 itr]:      1371.36
[3570 sec, 11337019 itr]:      1371.36
[3571 sec, 11337019 itr]:      1371.36
[3572 sec, 11340327 itr]:      1371.36
[3573 sec, 11343642 itr]:      1371.36
[3574 sec, 11346839 itr]:      1371.36
[3575 sec, 11350283 itr]:      1371.36
[3576 sec, 11356717 itr]:      1371.36
[3577 sec, 11360155 itr]:      1371.36
[3578 sec, 11360155 itr]:      1371.36
[ optimality gap       ]:      100.00%
[3579 sec, 11367151 itr]:      1371.36
[3580 sec, 11367151 itr]:      1371.36
[3581 sec, 11370007 itr]:      1371.36
[3582 sec, 11373733 itr]:      1371.36
[3583 sec, 11377302 itr]:      1371.36
[3584 sec, 11381008 itr]:      1371.36
[3585 sec, 11388477 itr]:      1371.36
[3586 sec, 11392369 itr]:      1371.36
[3587 sec, 11392369 itr]:      1371.36
[3588 sec, 11396042 itr]:      1371.36
[ optimality gap       ]:      100.00%
[3589 sec, 11399455 itr]:      1371.36
[3590 sec, 11403329 itr]:      1371.36
[3591 sec, 11407115 itr]:      1371.36
[3592 sec, 11413142 itr]:      1371.36
[3593 sec, 11413142 itr]:      1371.36
[3594 sec, 11416922 itr]:      1371.36
[3595 sec, 11420632 itr]:      1371.36
[3596 sec, 11427567 itr]:      1371.36
[3597 sec, 11427567 itr]:      1371.36
[3598 sec, 11434548 itr]:      1371.36
[ optimality gap       ]:      100.00%
[3599 sec, 11438044 itr]:      1371.36
[3600 sec, 11441703 itr]:      1371.36
[3600 sec, 11441703 itr]:      1371.36
[ optimality gap       ]:      100.00%

11441703 iterations performed in 3600 seconds

Feasible solution: 
  obj    =      1371.36
  gap    =      100.00%
  bounds =            0
Time limit reached, but a feasible solution is available
  objective value = 1371.3553114523904
  status = HxSolutionStatus.FEASIBLE, iterations = 11441703, time = 3600.00s, gap = 100.00%

[18:20:16.180635] Saving solution to file: /dados/rmelo/PDPTW-SE/benchmark_multi_island_v5/official_experiments/mip_hexaly/set_02_pt_03/logs/form_melo_hx/solutions/10R_10V_04I_03M/lr201_sol_genconfig_melo_hx.txt

[18:20:16] Saving solution timeline to file: /dados/rmelo/PDPTW-SE/benchmark_multi_island_v5/official_experiments/mip_hexaly/set_02_pt_03/logs/form_melo_hx/timelines/10R_10V_04I_03M/lr201_timeline_genconfig_melo_hx.txt

[23/09/2025 18:20:16] Writing results to CSV: /dados/rmelo/PDPTW-SE/benchmark_multi_island_v5/official_experiments/mip_hexaly/set_02_pt_03/logs/form_melo_hx/outputs/csvresults_form_melo_hx.csv
---------------------| VEHICLES |---------------------

Vehicle 3 :
	id: 0
			node: 0
			(x, y, z): (35, 35, 0)
			dem: 0
			earl: 0
			lat: 1000
			servt: 0
			pid: 0
			did: 0
			servST: 176.37059063402344
			(h, h_ind): (-1, -1)
			load: 0.0
			
	Finished service at time: 176.37059063402344
	
	Using Machine: 1
			Task 0 -> Machine 1 (Station 0): 3.16
			Vehicle arrival at machine station: 179.53059063402344
			Waiting time until machine travel: -0.0
			Machine travel start time: 179.5305906340233
			Region 0 -> Region 2: 13.93
			Machine arrival at machine station: 193.4605906340233
			
			Machine 1 (Station 2)-> Task 14: 27.66
			Vehicle arrival at task: 221.1205906340233
			Waiting time until service start time: 0.0
			
	id: 14
			node: 6
			(x, y, z): (15, 10, 2)
			dem: 20
			earl: 32
			lat: 243
			servt: 10
			pid: 0
			did: 99
			servST: 221.12059063402344
			(h, h_ind): (1, 0)
			load: 20.0
			
	Finished service at time: 231.12059063402344
	
	Using Machine: 1
			Task 14 -> Machine 1 (Station 2): 27.66
			Vehicle arrival at machine station: 258.78059063402344
			Waiting time until machine travel: -0.0
			Machine travel start time: 258.78059063402327
			Region 2 -> Region 0: 13.93
			Machine arrival at machine station: 272.7105906340233
			
			Machine 1 (Station 0)-> Task 15: 27.29
			Vehicle arrival at task: 300.0005906340233
			Waiting time until service start time: -0.0
			
	id: 15
			node: 7
			(x, y, z): (30, 5, 0)
			dem: 8
			earl: 175
			lat: 300
			servt: 10
			pid: 0
			did: 97
			servST: 300.0
			(h, h_ind): (1, 1)
			load: 28.0
			
	Finished service at time: 310.0
	
	Using Machine: 0
			Task 15 -> Machine 0 (Station 0): 31.05
			Vehicle arrival at machine station: 341.05
			Waiting time until machine travel: 6.98
			Machine travel start time: 348.0272940369245
			Region 0 -> Region 2: 17.26
			Machine arrival at machine station: 365.2872940369245
			
			Machine 0 (Station 2)-> Task 99: 12.04
			Vehicle arrival at task: 377.3272940369245
			Waiting time until service start time: 0.02
			
	id: 99
			node: 16
			(x, y, z): (20, 26, 2)
			dem: -20
			earl: 333
			lat: 432
			servt: 10
			pid: 14
			did: 0
			servST: 377.3433811532257
			(h, h_ind): (0, 2)
			load: 8.0
			
	Finished service at time: 387.3433811532257
	
	Task 99 -> Task 8: 19.72
	Vehicle arrival at task: 407.0633811532257
	Waiting time until service start time: 4.7
	
	id: 8
			node: 3
			(x, y, z): (10, 43, 2)
			dem: 9
			earl: 404
			lat: 481
			servt: 10
			pid: 0
			did: 18
			servST: 411.76674267306913
			(h, h_ind): (-1, -1)
			load: 17.0
			
	Finished service at time: 421.76674267306913
	
	Task 8 -> Task 18: 10.44
	Vehicle arrival at task: 432.20674267306913
	Waiting time until service start time: 1.79
	
	id: 18
			node: 13
			(x, y, z): (20, 40, 2)
			dem: -9
			earl: 377
			lat: 434
			servt: 10
			pid: 8
			did: 0
			servST: 434.0
			(h, h_ind): (-1, -1)
			load: 8.0
			
	Finished service at time: 444.0
	
	Task 18 -> Task 97: 19.65
	Vehicle arrival at task: 463.65
	Waiting time until service start time: 148.35
	
	id: 97
			node: 17
			(x, y, z): (25, 21, 2)
			dem: -8
			earl: 612
			lat: 673
			servt: 10
			pid: 15
			did: 0
			servST: 612.0
			(h, h_ind): (-1, -1)
			load: 0.0
			
	Finished service at time: 622.0
	
	Using Machine: 1
			Task 97 -> Machine 1 (Station 2): 16.49
			Vehicle arrival at machine station: 638.49
			Waiting time until machine travel: -0.0
			Machine travel start time: 638.488738622981
			Region 2 -> Region 0: 13.93
			Machine arrival at machine station: 652.418738622981
			
			Machine 1 (Station 0)-> Task 0: 3.16
			Vehicle arrival at task: 655.578738622981
			Waiting time until service start time: 0.0
			
	id: 0
			node: 21
			(x, y, z): (35, 35, 0)
			dem: 0
			earl: 0
			lat: 1000
			servt: 0
			pid: 0
			did: 0
			servST: 655.5788827284056
			(h, h_ind): (1, 3)
			load: 0.0
			

Vehicle 6 :
	id: 0
			node: 0
			(x, y, z): (35, 35, 0)
			dem: 0
			earl: 0
			lat: 1000
			servt: 0
			pid: 0
			did: 0
			servST: 178.74032820551986
			(h, h_ind): (-1, -1)
			load: 0.0
			
	Finished service at time: 178.74032820551986
	
	Using Machine: 0
			Task 0 -> Machine 0 (Station 0): 3.0
			Vehicle arrival at machine station: 181.74032820551986
			Waiting time until machine travel: -0.0
			Machine travel start time: 181.74030785835677
			Region 0 -> Region 2: 17.26
			Machine arrival at machine station: 199.00030785835676
			
			Machine 0 (Station 2)-> Task 5: 10.0
			Vehicle arrival at task: 209.00030785835676
			Waiting time until service start time: -0.0
			
	id: 5
			node: 2
			(x, y, z): (15, 30, 2)
			dem: 26
			earl: 34
			lat: 209
			servt: 10
			pid: 0
			did: 7
			servST: 209.0
			(h, h_ind): (0, 0)
			load: 26.0
			
	Finished service at time: 219.0
	
	Using Machine: 2
			Task 5 -> Machine 2 (Station 2): 11.4
			Vehicle arrival at machine station: 230.4
			Waiting time until machine travel: 14.97
			Machine travel start time: 245.3699999999999
			Region 2 -> Region 1: 13.0
			Machine arrival at machine station: 258.3699999999999
			
			Machine 2 (Station 1)-> Task 19: 10.63
			Vehicle arrival at task: 268.9999999999999
			Waiting time until service start time: 0.0
			
	id: 19
			node: 9
			(x, y, z): (15, 60, 1)
			dem: 17
			earl: 269
			lat: 378
			servt: 10
			pid: 0
			did: 62
			servST: 269.0
			(h, h_ind): (2, 0)
			load: 43.0
			
	Finished service at time: 279.0
	
	Task 19 -> Task 62: 9.22
	Vehicle arrival at task: 288.22
	Waiting time until service start time: 9.77
	
	id: 62
			node: 19
			(x, y, z): (24, 58, 1)
			dem: -17
			earl: 163
			lat: 302
			servt: 10
			pid: 19
			did: 0
			servST: 297.9931836951893
			(h, h_ind): (-1, -1)
			load: 26.0
			
	Finished service at time: 307.9931836951893
	
	Using Machine: 1
			Task 62 -> Machine 1 (Station 1): 6.08
			Vehicle arrival at machine station: 314.0731836951893
			Waiting time until machine travel: 0.0
			Machine travel start time: 314.0733328468715
			Region 1 -> Region 2: 15.13
			Machine arrival at machine station: 329.2033328468715
			
			Machine 1 (Station 2)-> Task 16: 20.25
			Vehicle arrival at task: 349.4533328468715
			Waiting time until service start time: 0.0
			
	id: 16
			node: 8
			(x, y, z): (10, 20, 2)
			dem: 19
			earl: 272
			lat: 373
			servt: 10
			pid: 0
			did: 58
			servST: 349.4533328468716
			(h, h_ind): (1, 2)
			load: 45.0
			
	Finished service at time: 359.4533328468716
	
	Using Machine: 2
			Task 16 -> Machine 2 (Station 2): 22.47
			Vehicle arrival at machine station: 381.92333284687163
			Waiting time until machine travel: 4.0
			Machine travel start time: 385.9236417705927
			Region 2 -> Region 1: 13.0
			Machine arrival at machine station: 398.9236417705927
			
			Machine 2 (Station 1)-> Task 7: 4.24
			Vehicle arrival at task: 403.16364177059273
			Waiting time until service start time: 0.01
			
	id: 7
			node: 12
			(x, y, z): (20, 50, 1)
			dem: -26
			earl: 331
			lat: 410
			servt: 10
			pid: 5
			did: 0
			servST: 403.17810004555713
			(h, h_ind): (2, 1)
			load: 19.0
			
	Finished service at time: 413.17810004555713
	
	Task 7 -> Task 10: 14.14
	Vehicle arrival at task: 427.3181000455571
	Waiting time until service start time: 149.68
	
	id: 10
			node: 4
			(x, y, z): (30, 60, 1)
			dem: 16
			earl: 577
			lat: 632
			servt: 10
			pid: 0
			did: 70
			servST: 577.0
			(h, h_ind): (-1, -1)
			load: 35.0
			
	Finished service at time: 587.0
	
	Using Machine: 0
			Task 10 -> Machine 0 (Station 1): 11.31
			Vehicle arrival at machine station: 598.31
			Waiting time until machine travel: 7.42
			Machine travel start time: 605.7268619231878
			Region 1 -> Region 3: 18.03
			Machine arrival at machine station: 623.7568619231878
			
			Machine 0 (Station 3)-> Task 20: 14.87
			Vehicle arrival at task: 638.6268619231878
			Waiting time until service start time: 15.44
			
	id: 20
			node: 10
			(x, y, z): (45, 65, 3)
			dem: 9
			earl: 581
			lat: 666
			servt: 10
			pid: 0
			did: 1
			servST: 654.0713526941165
			(h, h_ind): (0, 4)
			load: 44.0
			
	Finished service at time: 664.0713526941165
	
	Task 20 -> Task 1: 16.49
	Vehicle arrival at task: 680.5613526941165
	Waiting time until service start time: 73.27
	
	id: 1
			node: 20
			(x, y, z): (41, 49, 3)
			dem: -9
			earl: 707
			lat: 848
			servt: 10
			pid: 20
			did: 0
			servST: 753.8355674580828
			(h, h_ind): (-1, -1)
			load: 35.0
			
	Finished service at time: 763.8355674580828
	
	Task 1 -> Task 70: 8.06
	Vehicle arrival at task: 771.8955674580827
	Waiting time until service start time: 16.1
	
	id: 70
			node: 14
			(x, y, z): (37, 56, 3)
			dem: -16
			earl: 788
			lat: 968
			servt: 10
			pid: 10
			did: 0
			servST: 788.0
			(h, h_ind): (-1, -1)
			load: 19.0
			
	Finished service at time: 798.0
	
	Using Machine: 0
			Task 70 -> Machine 0 (Station 3): 5.83
			Vehicle arrival at machine station: 803.83
			Waiting time until machine travel: 18.13
			Machine travel start time: 821.9582784987706
			Region 3 -> Region 0: 16.12
			Machine arrival at machine station: 838.0782784987706
			
			Machine 0 (Station 0)-> Task 58: 9.22
			Vehicle arrival at task: 847.2982784987706
			Waiting time until service start time: 1.7
			
	id: 58
			node: 18
			(x, y, z): (36, 26, 0)
			dem: -19
			earl: 849
			lat: 980
			servt: 10
			pid: 16
			did: 0
			servST: 849.0
			(h, h_ind): (0, 5)
			load: 0.0
			
	Finished service at time: 859.0
	
	Task 58 -> Task 0: 9.06
	Vehicle arrival at task: 868.06
	Waiting time until service start time: -0.0
	
	id: 0
			node: 21
			(x, y, z): (35, 35, 0)
			dem: 0
			earl: 0
			lat: 1000
			servt: 0
			pid: 0
			did: 0
			servST: 868.0582785624366
			(h, h_ind): (-1, -1)
			load: 0.0
			

Vehicle 8 :
	id: 0
			node: 0
			(x, y, z): (35, 35, 0)
			dem: 0
			earl: 0
			lat: 1000
			servt: 0
			pid: 0
			did: 0
			servST: 160.71399159456502
			(h, h_ind): (-1, -1)
			load: 0.0
			
	Finished service at time: 160.71399159456502
	
	Task 0 -> Task 2: 18.0
	Vehicle arrival at task: 178.71399159456502
	Waiting time until service start time: 0.0
	
	id: 2
			node: 1
			(x, y, z): (35, 17, 0)
			dem: 7
			earl: 143
			lat: 282
			servt: 10
			pid: 0
			did: 72
			servST: 178.71399159456502
			(h, h_ind): (-1, -1)
			load: 7.0
			
	Finished service at time: 188.71399159456502
	
	Task 2 -> Task 72: 12.04
	Vehicle arrival at task: 200.753991594565
	Waiting time until service start time: -0.0
	
	id: 72
			node: 11
			(x, y, z): (47, 16, 0)
			dem: -7
			earl: 31
			lat: 208
			servt: 10
			pid: 2
			did: 0
			servST: 200.75364162993108
			(h, h_ind): (-1, -1)
			load: 0.0
			
	Finished service at time: 210.75364162993108
	
	Task 72 -> Task 0: 22.47
	Vehicle arrival at task: 233.22364162993108
	Waiting time until service start time: 0.0
	
	id: 0
			node: 21
			(x, y, z): (35, 35, 0)
			dem: 0
			earl: 0
			lat: 1000
			servt: 0
			pid: 0
			did: 0
			servST: 233.22364162993108
			(h, h_ind): (-1, -1)
			load: 0.0
			

Vehicle 9 :
	id: 0
			node: 0
			(x, y, z): (35, 35, 0)
			dem: 0
			earl: 0
			lat: 1000
			servt: 0
			pid: 0
			did: 0
			servST: 278.75538381452293
			(h, h_ind): (-1, -1)
			load: 0.0
			
	Finished service at time: 278.75538381452293
	
	Task 0 -> Task 12: 15.0
	Vehicle arrival at task: 293.75538381452293
	Waiting time until service start time: -0.0
	
	id: 12
			node: 5
			(x, y, z): (50, 35, 0)
			dem: 19
			earl: 228
			lat: 345
			servt: 10
			pid: 0
			did: 71
			servST: 293.7548027802484
			(h, h_ind): (-1, -1)
			load: 19.0
			
	Finished service at time: 303.7548027802484
	
	Using Machine: 0
			Task 12 -> Machine 0 (Station 0): 12.0
			Vehicle arrival at machine station: 315.7548027802484
			Waiting time until machine travel: 0.0
			Machine travel start time: 315.7548027802485
			Region 0 -> Region 3: 16.12
			Machine arrival at machine station: 331.8748027802485
			
			Machine 0 (Station 3)-> Task 71: 24.04
			Vehicle arrival at task: 355.9148027802485
			Waiting time until service start time: 0.0
			
	id: 71
			node: 15
			(x, y, z): (57, 68, 3)
			dem: -19
			earl: 268
			lat: 367
			servt: 10
			pid: 12
			did: 0
			servST: 355.9148328702899
			(h, h_ind): (0, 1)
			load: 0.0
			
	Finished service at time: 365.9148328702899
	
	Using Machine: 0
			Task 71 -> Machine 0 (Station 3): 24.04
			Vehicle arrival at machine station: 389.9548328702899
			Waiting time until machine travel: 0.0
			Machine travel start time: 389.9548767966462
			Region 3 -> Region 0: 16.12
			Machine arrival at machine station: 406.0748767966462
			
			Machine 0 (Station 0)-> Task 0: 3.0
			Vehicle arrival at task: 409.0748767966462
			Waiting time until service start time: -0.0
			
	id: 0
			node: 21
			(x, y, z): (35, 35, 0)
			dem: 0
			earl: 0
			lat: 1000
			servt: 0
			pid: 0
			did: 0
			servST: 409.0748767966461
			(h, h_ind): (0, 3)
			load: 0.0
			

---------------------| MACHINES |---------------------

Machine 0 :
	setup duration: 0.0
	
	vehicle: 6
	vehicleInd: 1
	(orig, dest): (0, 2)
	(origID, destID): (0, 5)
	(origRegion, destRegion): (0, 2)
	st: 181.74030785835677
	duration: 17.26
	
	setup duration: 17.26
	
	vehicle: 9
	vehicleInd: 2
	(orig, dest): (5, 15)
	(origID, destID): (12, 71)
	(origRegion, destRegion): (0, 3)
	st: 315.7548027802485
	duration: 16.12
	
	setup duration: 16.12
	
	vehicle: 3
	vehicleInd: 3
	(orig, dest): (7, 16)
	(origID, destID): (15, 99)
	(origRegion, destRegion): (0, 2)
	st: 348.0272940369245
	duration: 17.26
	
	setup duration: 23.02
	
	vehicle: 9
	vehicleInd: 3
	(orig, dest): (15, 21)
	(origID, destID): (71, 0)
	(origRegion, destRegion): (3, 0)
	st: 389.9548767966462
	duration: 16.12
	
	setup duration: 23.35
	
	vehicle: 6
	vehicleInd: 7
	(orig, dest): (4, 10)
	(origID, destID): (10, 20)
	(origRegion, destRegion): (1, 3)
	st: 605.7268619231878
	duration: 18.03
	
	setup duration: 0.0
	
	vehicle: 6
	vehicleInd: 10
	(orig, dest): (14, 18)
	(origID, destID): (70, 58)
	(origRegion, destRegion): (3, 0)
	st: 821.9582784987706
	duration: 16.12
	

Machine 1 :
	setup duration: 0.0
	
	vehicle: 3
	vehicleInd: 1
	(orig, dest): (0, 6)
	(origID, destID): (0, 14)
	(origRegion, destRegion): (0, 2)
	st: 179.5305906340233
	duration: 13.93
	
	setup duration: 0.0
	
	vehicle: 3
	vehicleInd: 2
	(orig, dest): (6, 7)
	(origID, destID): (14, 15)
	(origRegion, destRegion): (2, 0)
	st: 258.78059063402327
	duration: 13.93
	
	setup duration: 22.83
	
	vehicle: 6
	vehicleInd: 4
	(orig, dest): (19, 8)
	(origID, destID): (62, 16)
	(origRegion, destRegion): (1, 2)
	st: 314.0733328468715
	duration: 15.13
	
	setup duration: 0.0
	
	vehicle: 3
	vehicleInd: 7
	(orig, dest): (17, 21)
	(origID, destID): (97, 0)
	(origRegion, destRegion): (2, 0)
	st: 638.488738622981
	duration: 13.93
	

Machine 2 :
	setup duration: 21.84
	
	vehicle: 6
	vehicleInd: 2
	(orig, dest): (2, 9)
	(origID, destID): (5, 19)
	(origRegion, destRegion): (2, 1)
	st: 245.3699999999999
	duration: 13.0
	
	setup duration: 13.0
	
	vehicle: 6
	vehicleInd: 5
	(orig, dest): (8, 12)
	(origID, destID): (16, 7)
	(origRegion, destRegion): (2, 1)
	st: 385.9236417705927
	duration: 13.0
	

-------------------| COMPL. TIMES |-------------------

Vehicle 0 : -0.0
Vehicle 1 : 0.0
Vehicle 2 : 0.0
Vehicle 3 : 479.20829
Vehicle 4 : 0.0
Vehicle 5 : -0.0
Vehicle 6 : 689.31795
Vehicle 7 : 0.0
Vehicle 8 : 72.50965
Vehicle 9 : 130.31942
-------------------| STATISTICS |-------------------

    Vehicles used                           : 40.0
    Machines used                           : 100.0
    Max load (vehicles)                     : 86.5385
    Min load (vehicles)                     : 16.2791
    Mean load (vehicles)                    : 48.3005
    Min completion time                     : 7.251
    Max completion time                     : 68.9318
    Mean completion time                    : 34.2839
    Avrg travel time (with vehicle)         : 11.953
    Avrg travel time (only with vehicle)    : 6.1277
    Avrg travel time (no vehicle)           : 5.8253
    Avrg waiting time (machine travel)      : 1.9785
    Avrg waiting time (service)             : 15.9886
    Machines travel times (with vehicle)    : [20.401, 10.258, 5.2]
    Machines travel times (no vehicle)      : [10.31, 4.566, 2.6]
    Max load per vehicle                    : [0.0, 0.0, 0.0, 53.8462, 0.0, 0.0, 86.5385, 0.0, 16.2791, 36.5385]
----------------------------------------------------

TOTAL: 1371.35531

Everything is awesome!
