Set parameter WLSAccessID
Set parameter WLSSecret
Set parameter LicenseID to value 2661775
Academic license 2661775 - for non-commercial use only - registered to me___@dcc.ufba.br
Loading line 2: methodType heur
Loading line 3: methodCode mslp
Loading line 4: seed 0
Loading line 5: threads 1
Loading line 6: greedy_service_order random
Loading line 7: outputFlagGrbMSLP 0
Loading line 8: mslpa 60000
Loading line 9: mslpr I
Loading line 10: maxtime 3600
Loading line 11: output ./logs/
Loading line 12: printsol 1
Loading line 13: solverMethod A
Instance: LR2_2_7_t2_60R_60V_04F_06M

[06:39:58.034] Running Data.readData with file /dados/rmelo/PDPTW-SE/benchmark_multi_floor_v3/official_experiments/multistartlp/preliminar/set_01_pt_02/../../../../instances/orig_ams_fg/60R_60V_04F_06M/t2/LR2_2_7/
vehicles: Vehicle[Vehicle(0, 52), Vehicle(1, 65), Vehicle(2, 78), Vehicle(3, 78), Vehicle(4, 52), Vehicle(5, 65), Vehicle(6, 78), Vehicle(7, 65), Vehicle(8, 78), Vehicle(9, 78), Vehicle(10, 78), Vehicle(11, 52), Vehicle(12, 52), Vehicle(13, 78), Vehicle(14, 65), Vehicle(15, 65), Vehicle(16, 65), Vehicle(17, 78), Vehicle(18, 78), Vehicle(19, 78), Vehicle(20, 52), Vehicle(21, 65), Vehicle(22, 52), Vehicle(23, 52), Vehicle(24, 65), Vehicle(25, 65), Vehicle(26, 65), Vehicle(27, 78), Vehicle(28, 78), Vehicle(29, 65), Vehicle(30, 52), Vehicle(31, 65), Vehicle(32, 52), Vehicle(33, 78), Vehicle(34, 52), Vehicle(35, 65), Vehicle(36, 65), Vehicle(37, 65), Vehicle(38, 78), Vehicle(39, 78), Vehicle(40, 78), Vehicle(41, 65), Vehicle(42, 78), Vehicle(43, 52), Vehicle(44, 65), Vehicle(45, 78), Vehicle(46, 78), Vehicle(47, 65), Vehicle(48, 65), Vehicle(49, 78), Vehicle(50, 65), Vehicle(51, 52), Vehicle(52, 65), Vehicle(53, 65), Vehicle(54, 78), Vehicle(55, 78), Vehicle(56, 65), Vehicle(57, 52), Vehicle(58, 52), Vehicle(59, 78)]
vehicle_types: Vehicle[Vehicle(0, 52), Vehicle(1, 65), Vehicle(2, 78)]
Machine[Machine(0, Point[Point(71, 71, 0), Point(71, 71, 1), Point(71, 71, 2), Point(71, 71, 3)], 0.2), Machine(1, Point[Point(73, 71, 0), Point(73, 71, 1), Point(73, 71, 2), Point(73, 71, 3)], 0.2), Machine(2, Point[Point(69, 71, 0), Point(69, 71, 1), Point(69, 71, 2), Point(69, 71, 3)], 0.2), Machine(3, Point[Point(75, 71, 0), Point(75, 71, 1), Point(75, 71, 2), Point(75, 71, 3)], 0.2), Machine(4, Point[Point(67, 71, 0), Point(67, 71, 1), Point(67, 71, 2), Point(67, 71, 3)], 0.2), Machine(5, Point[Point(77, 71, 0), Point(77, 71, 1), Point(77, 71, 2), Point(77, 71, 3)], 0.2)]
refs: [1, 2, 3, 4, 6, 7, 8, 9, 11, 12, 17, 21, 22, 23, 24, 26, 27, 28, 30, 31, 33, 34, 35, 36, 39, 40, 42, 43, 48, 50, 54, 55, 56, 57, 62, 63, 65, 66, 68, 69, 75, 76, 77, 78, 79, 80, 84, 85, 87, 88, 89, 92, 94, 95, 96, 97, 98, 99, 100, 103, 105, 91, 82, 19, 119, 108, 70, 61, 112, 44, 109, 93, 74, 116, 64, 14, 107, 120, 25, 32, 18, 60, 121, 37, 15, 113, 106, 41, 10, 73, 67, 102, 47, 110, 38, 114, 81, 5, 101, 71, 104, 20, 16, 83, 52, 118, 49, 29, 51, 72, 117, 45, 111, 86, 58, 53, 59, 13, 90, 115, 46, 1]
V: [1, 2, 3, 4, 5, 6, 7, 8, 9, 10, 11, 12, 13, 14, 15, 16, 17, 18, 19, 20, 21, 22, 23, 24, 25, 26, 27, 28, 29, 30, 31, 32, 33, 34, 35, 36, 37, 38, 39, 40, 41, 42, 43, 44, 45, 46, 47, 48, 49, 50, 51, 52, 53, 54, 55, 56, 57, 58, 59, 60, 61, 62, 63, 64, 65, 66, 67, 68, 69, 70, 71, 72, 73, 74, 75, 76, 77, 78, 79, 80, 81, 82, 83, 84, 85, 86, 87, 88, 89, 90, 91, 92, 93, 94, 95, 96, 97, 98, 99, 100, 101, 102, 103, 104, 105, 106, 107, 108, 109, 110, 111, 112, 113, 114, 115, 116, 117, 118, 119, 120, 121]
V_p: [2, 3, 4, 5, 6, 7, 8, 9, 10, 11, 12, 13, 14, 15, 16, 17, 18, 19, 20, 21, 22, 23, 24, 25, 26, 27, 28, 29, 30, 31, 32, 33, 34, 35, 36, 37, 38, 39, 40, 41, 42, 43, 44, 45, 46, 47, 48, 49, 50, 51, 52, 53, 54, 55, 56, 57, 58, 59, 60, 61]
V_d: [62, 63, 64, 65, 66, 67, 68, 69, 70, 71, 72, 73, 74, 75, 76, 77, 78, 79, 80, 81, 82, 83, 84, 85, 86, 87, 88, 89, 90, 91, 92, 93, 94, 95, 96, 97, 98, 99, 100, 101, 102, 103, 104, 105, 106, 107, 108, 109, 110, 111, 112, 113, 114, 115, 116, 117, 118, 119, 120, 121]
Vprime: [1, 2, 3, 4, 5, 6, 7, 8, 9, 10, 11, 12, 13, 14, 15, 16, 17, 18, 19, 20, 21, 22, 23, 24, 25, 26, 27, 28, 29, 30, 31, 32, 33, 34, 35, 36, 37, 38, 39, 40, 41, 42, 43, 44, 45, 46, 47, 48, 49, 50, 51, 52, 53, 54, 55, 56, 57, 58, 59, 60, 61, 62, 63, 64, 65, 66, 67, 68, 69, 70, 71, 72, 73, 74, 75, 76, 77, 78, 79, 80, 81, 82, 83, 84, 85, 86, 87, 88, 89, 90, 91, 92, 93, 94, 95, 96, 97, 98, 99, 100, 101, 102, 103, 104, 105, 106, 107, 108, 109, 110, 111, 112, 113, 114, 115, 116, 117, 118, 119, 120, 121, 122]
V: [1, 2, 3, 4, 5, 6, 7, 8, 9, 10, 11, 12, 13, 14, 15, 16, 17, 18, 19, 20, 21, 22, 23, 24, 25, 26, 27, 28, 29, 30, 31, 32, 33, 34, 35, 36, 37, 38, 39, 40, 41, 42, 43, 44, 45, 46, 47, 48, 49, 50, 51, 52, 53, 54, 55, 56, 57, 58, 59, 60, 61, 62, 63, 64, 65, 66, 67, 68, 69, 70, 71, 72, 73, 74, 75, 76, 77, 78, 79, 80, 81, 82, 83, 84, 85, 86, 87, 88, 89, 90, 91, 92, 93, 94, 95, 96, 97, 98, 99, 100, 101, 102, 103, 104, 105, 106, 107, 108, 109, 110, 111, 112, 113, 114, 115, 116, 117, 118, 119, 120, 121]
q: [0, 7, 20, 14, 27, 22, 13, 8, 13, 9, 22, 19, 5, 8, 13, 13, 21, 12, 11, 13, 12, 24, 8, 20, 15, 6, 15, 20, 22, 26, 10, 9, 13, 16, 19, 17, 12, 9, 9, 29, 39, 9, 7, 20, 15, 25, 23, 4, 32, 16, 20, 26, 35, 13, 33, 11, 10, 23, 18, 16, 20, -7, -20, -14, -27, -22, -13, -8, -13, -9, -22, -19, -5, -8, -13, -13, -21, -12, -11, -13, -12, -24, -8, -20, -15, -6, -15, -20, -22, -26, -10, -9, -13, -16, -19, -17, -12, -9, -9, -29, -39, -9, -7, -20, -15, -25, -23, -4, -32, -16, -20, -26, -35, -13, -33, -11, -10, -23, -18, -16, -20, 0]
H: [1, 2, 3, 4, 5, 6]
f: [[1, 1, 1, 1, 1, 1], [3, 3, 3, 3, 3, 3], [1, 1, 1, 1, 1, 1], [1, 1, 1, 1, 1, 1], [2, 2, 2, 2, 2, 2], [2, 2, 2, 2, 2, 2], [2, 2, 2, 2, 2, 2], [2, 2, 2, 2, 2, 2], [4, 4, 4, 4, 4, 4], [4, 4, 4, 4, 4, 4], [4, 4, 4, 4, 4, 4], [4, 4, 4, 4, 4, 4], [4, 4, 4, 4, 4, 4], [1, 1, 1, 1, 1, 1], [2, 2, 2, 2, 2, 2], [4, 4, 4, 4, 4, 4], [1, 1, 1, 1, 1, 1], [4, 4, 4, 4, 4, 4], [1, 1, 1, 1, 1, 1], [2, 2, 2, 2, 2, 2], [3, 3, 3, 3, 3, 3], [3, 3, 3, 3, 3, 3], [3, 3, 3, 3, 3, 3], [1, 1, 1, 1, 1, 1], [3, 3, 3, 3, 3, 3], [4, 4, 4, 4, 4, 4], [1, 1, 1, 1, 1, 1], [1, 1, 1, 1, 1, 1], [3, 3, 3, 3, 3, 3], [3, 3, 3, 3, 3, 3], [1, 1, 1, 1, 1, 1], [4, 4, 4, 4, 4, 4], [1, 1, 1, 1, 1, 1], [3, 3, 3, 3, 3, 3], [4, 4, 4, 4, 4, 4], [4, 4, 4, 4, 4, 4], [3, 3, 3, 3, 3, 3], [4, 4, 4, 4, 4, 4], [2, 2, 2, 2, 2, 2], [3, 3, 3, 3, 3, 3], [3, 3, 3, 3, 3, 3], [3, 3, 3, 3, 3, 3], [1, 1, 1, 1, 1, 1], [3, 3, 3, 3, 3, 3], [2, 2, 2, 2, 2, 2], [2, 2, 2, 2, 2, 2], [3, 3, 3, 3, 3, 3], [4, 4, 4, 4, 4, 4], [2, 2, 2, 2, 2, 2], [1, 1, 1, 1, 1, 1], [4, 4, 4, 4, 4, 4], [4, 4, 4, 4, 4, 4], [3, 3, 3, 3, 3, 3], [4, 4, 4, 4, 4, 4], [4, 4, 4, 4, 4, 4], [1, 1, 1, 1, 1, 1], [4, 4, 4, 4, 4, 4], [4, 4, 4, 4, 4, 4], [2, 2, 2, 2, 2, 2], [4, 4, 4, 4, 4, 4], [3, 3, 3, 3, 3, 3], [2, 2, 2, 2, 2, 2], [2, 2, 2, 2, 2, 2], [3, 3, 3, 3, 3, 3], [3, 3, 3, 3, 3, 3], [2, 2, 2, 2, 2, 2], [4, 4, 4, 4, 4, 4], [1, 1, 1, 1, 1, 1], [3, 3, 3, 3, 3, 3], [3, 3, 3, 3, 3, 3], [1, 1, 1, 1, 1, 1], [4, 4, 4, 4, 4, 4], [2, 2, 2, 2, 2, 2], [1, 1, 1, 1, 1, 1], [4, 4, 4, 4, 4, 4], [2, 2, 2, 2, 2, 2], [2, 2, 2, 2, 2, 2], [3, 3, 3, 3, 3, 3], [4, 4, 4, 4, 4, 4], [2, 2, 2, 2, 2, 2], [4, 4, 4, 4, 4, 4], [3, 3, 3, 3, 3, 3], [4, 4, 4, 4, 4, 4], [1, 1, 1, 1, 1, 1], [4, 4, 4, 4, 4, 4], [3, 3, 3, 3, 3, 3], [4, 4, 4, 4, 4, 4], [3, 3, 3, 3, 3, 3], [3, 3, 3, 3, 3, 3], [1, 1, 1, 1, 1, 1], [3, 3, 3, 3, 3, 3], [3, 3, 3, 3, 3, 3], [1, 1, 1, 1, 1, 1], [4, 4, 4, 4, 4, 4], [2, 2, 2, 2, 2, 2], [3, 3, 3, 3, 3, 3], [2, 2, 2, 2, 2, 2], [3, 3, 3, 3, 3, 3], [2, 2, 2, 2, 2, 2], [1, 1, 1, 1, 1, 1], [1, 1, 1, 1, 1, 1], [4, 4, 4, 4, 4, 4], [4, 4, 4, 4, 4, 4], [3, 3, 3, 3, 3, 3], [1, 1, 1, 1, 1, 1], [2, 2, 2, 2, 2, 2], [1, 1, 1, 1, 1, 1], [2, 2, 2, 2, 2, 2], [2, 2, 2, 2, 2, 2], [3, 3, 3, 3, 3, 3], [3, 3, 3, 3, 3, 3], [1, 1, 1, 1, 1, 1], [2, 2, 2, 2, 2, 2], [4, 4, 4, 4, 4, 4], [3, 3, 3, 3, 3, 3], [3, 3, 3, 3, 3, 3], [2, 2, 2, 2, 2, 2], [1, 1, 1, 1, 1, 1], [1, 1, 1, 1, 1, 1], [3, 3, 3, 3, 3, 3], [3, 3, 3, 3, 3, 3], [1, 1, 1, 1, 1, 1]]
1 1 1 -> 0.0
1 2 1 -> 5.0
1 3 1 -> 10.0
1 4 1 -> 15.0
2 1 1 -> 5.0
2 2 1 -> 0.0
2 3 1 -> 5.0
2 4 1 -> 10.0
3 1 1 -> 10.0
3 2 1 -> 5.0
3 3 1 -> 0.0
3 4 1 -> 5.0
4 1 1 -> 15.0
4 2 1 -> 10.0
4 3 1 -> 5.0
4 4 1 -> 0.0
1 1 2 -> 0.0
1 2 2 -> 5.0
1 3 2 -> 10.0
1 4 2 -> 15.0
2 1 2 -> 5.0
2 2 2 -> 0.0
2 3 2 -> 5.0
2 4 2 -> 10.0
3 1 2 -> 10.0
3 2 2 -> 5.0
3 3 2 -> 0.0
3 4 2 -> 5.0
4 1 2 -> 15.0
4 2 2 -> 10.0
4 3 2 -> 5.0
4 4 2 -> 0.0
1 1 3 -> 0.0
1 2 3 -> 5.0
1 3 3 -> 10.0
1 4 3 -> 15.0
2 1 3 -> 5.0
2 2 3 -> 0.0
2 3 3 -> 5.0
2 4 3 -> 10.0
3 1 3 -> 10.0
3 2 3 -> 5.0
3 3 3 -> 0.0
3 4 3 -> 5.0
4 1 3 -> 15.0
4 2 3 -> 10.0
4 3 3 -> 5.0
4 4 3 -> 0.0
1 1 4 -> 0.0
1 2 4 -> 5.0
1 3 4 -> 10.0
1 4 4 -> 15.0
2 1 4 -> 5.0
2 2 4 -> 0.0
2 3 4 -> 5.0
2 4 4 -> 10.0
3 1 4 -> 10.0
3 2 4 -> 5.0
3 3 4 -> 0.0
3 4 4 -> 5.0
4 1 4 -> 15.0
4 2 4 -> 10.0
4 3 4 -> 5.0
4 4 4 -> 0.0
1 1 5 -> 0.0
1 2 5 -> 5.0
1 3 5 -> 10.0
1 4 5 -> 15.0
2 1 5 -> 5.0
2 2 5 -> 0.0
2 3 5 -> 5.0
2 4 5 -> 10.0
3 1 5 -> 10.0
3 2 5 -> 5.0
3 3 5 -> 0.0
3 4 5 -> 5.0
4 1 5 -> 15.0
4 2 5 -> 10.0
4 3 5 -> 5.0
4 4 5 -> 0.0
1 1 6 -> 0.0
1 2 6 -> 5.0
1 3 6 -> 10.0
1 4 6 -> 15.0
2 1 6 -> 5.0
2 2 6 -> 0.0
2 3 6 -> 5.0
2 4 6 -> 10.0
3 1 6 -> 10.0
3 2 6 -> 5.0
3 3 6 -> 0.0
3 4 6 -> 5.0
4 1 6 -> 15.0
4 2 6 -> 10.0
4 3 6 -> 5.0
4 4 6 -> 0.0
o: (1, 2, 3) => 5.0
o: (3, 1, 3) => 10.0
o: (1, 3, 5) => 10.0
o: (3, 2, 4) => 5.0
o: (1, 4, 5) => 15.0
o: (4, 3, 6) => 5.0
o: (4, 4, 6) => 0.0
o: (3, 2, 3) => 5.0
o: (3, 3, 5) => 0.0
o: (2, 1, 1) => 5.0
o: (3, 4, 5) => 5.0
o: (1, 3, 2) => 10.0
o: (1, 4, 2) => 15.0
o: (4, 3, 4) => 5.0
o: (2, 2, 1) => 0.0
o: (4, 4, 4) => 0.0
o: (3, 3, 2) => 0.0
o: (3, 4, 2) => 5.0
o: (4, 3, 3) => 5.0
o: (4, 4, 3) => 0.0
o: (1, 1, 5) => 0.0
o: (4, 1, 6) => 15.0
o: (1, 2, 5) => 5.0
o: (3, 1, 5) => 10.0
o: (1, 3, 1) => 10.0
o: (4, 2, 6) => 10.0
o: (1, 1, 2) => 0.0
o: (1, 4, 1) => 15.0
o: (2, 3, 6) => 5.0
o: (4, 1, 4) => 15.0
o: (3, 2, 5) => 5.0
o: (2, 4, 6) => 10.0
o: (3, 3, 1) => 0.0
o: (1, 2, 2) => 5.0
o: (3, 1, 2) => 10.0
o: (3, 4, 1) => 5.0
o: (4, 1, 3) => 15.0
o: (4, 2, 4) => 10.0
o: (3, 2, 2) => 5.0
o: (2, 3, 4) => 5.0
o: (4, 2, 3) => 10.0
o: (2, 4, 4) => 10.0
o: (4, 3, 5) => 5.0
o: (4, 4, 5) => 0.0
o: (1, 1, 1) => 0.0
o: (2, 3, 3) => 5.0
o: (2, 4, 3) => 10.0
o: (2, 1, 6) => 5.0
o: (4, 3, 2) => 5.0
o: (1, 2, 1) => 5.0
o: (3, 1, 1) => 10.0
o: (4, 4, 2) => 0.0
o: (2, 2, 6) => 0.0
o: (3, 2, 1) => 5.0
o: (2, 1, 4) => 5.0
o: (4, 1, 5) => 15.0
o: (2, 1, 3) => 5.0
o: (2, 2, 4) => 0.0
o: (4, 2, 5) => 10.0
o: (4, 3, 1) => 5.0
o: (1, 3, 6) => 10.0
o: (4, 1, 2) => 15.0
o: (4, 4, 1) => 0.0
o: (2, 2, 3) => 0.0
o: (2, 3, 5) => 5.0
o: (1, 4, 6) => 15.0
o: (2, 4, 5) => 10.0
o: (3, 3, 6) => 0.0
o: (4, 2, 2) => 10.0
o: (3, 4, 6) => 5.0
o: (1, 3, 4) => 10.0
o: (2, 3, 2) => 5.0
o: (1, 4, 4) => 15.0
o: (2, 4, 2) => 10.0
o: (1, 3, 3) => 10.0
o: (3, 3, 4) => 0.0
o: (1, 4, 3) => 15.0
o: (3, 4, 4) => 5.0
o: (4, 1, 1) => 15.0
o: (1, 1, 6) => 0.0
o: (2, 1, 5) => 5.0
o: (3, 3, 3) => 0.0
o: (3, 4, 3) => 5.0
o: (4, 2, 1) => 10.0
o: (1, 2, 6) => 5.0
o: (3, 1, 6) => 10.0
o: (2, 2, 5) => 0.0
o: (2, 3, 1) => 5.0
o: (1, 1, 4) => 0.0
o: (2, 1, 2) => 5.0
o: (2, 4, 1) => 10.0
o: (3, 2, 6) => 5.0
o: (1, 1, 3) => 0.0
o: (1, 2, 4) => 5.0
o: (2, 2, 2) => 0.0
o: (3, 1, 4) => 10.0

[118, 2742, 2732, 2643, 2633, 2648, 2566, 16]
JOBS in the order of refs (Vprime)
Node 1: Job(0, Point(70, 70, 0), 0, 0, 2535, 0, 0, 0)
Node 2: Job(2, Point(26, 50, 2), 7, 1490, 1730, 10, 0, 108)
Node 3: Job(3, Point(30, 57, 0), 20, 0, 2483, 10, 0, 95)
Node 4: Job(4, Point(29, 60, 0), 14, 0, 2483, 10, 0, 20)
Node 5: Job(6, Point(137, 137, 1), 27, 339, 579, 10, 0, 191)
Node 6: Job(8, Point(78, 111, 1), 22, 47, 287, 10, 0, 136)
Node 7: Job(9, Point(107, 25, 1), 13, 1035, 1275, 10, 0, 82)
Node 8: Job(10, Point(17, 138, 1), 8, 1670, 1910, 10, 0, 73)
Node 9: Job(12, Point(20, 69, 3), 13, 0, 2475, 10, 0, 164)
Node 10: Job(13, Point(121, 123, 3), 9, 0, 2452, 10, 0, 52)
Node 11: Job(18, Point(79, 72, 3), 22, 0, 2516, 10, 0, 138)
Node 12: Job(23, Point(78, 63, 3), 19, 0, 2515, 10, 0, 110)
Node 13: Job(25, Point(37, 79, 3), 5, 0, 2491, 10, 0, 87)
Node 14: Job(26, Point(64, 132, 0), 8, 170, 410, 10, 0, 173)
Node 15: Job(27, Point(133, 130, 1), 13, 0, 2438, 10, 0, 76)
Node 16: Job(31, Point(140, 42, 3), 13, 0, 2450, 10, 0, 15)
Node 17: Job(32, Point(121, 124, 0), 21, 539, 779, 10, 0, 127)
Node 18: Job(33, Point(42, 29, 3), 12, 0, 2476, 10, 0, 192)
Node 19: Job(35, Point(32, 6, 0), 11, 320, 560, 10, 0, 30)
Node 20: Job(36, Point(41, 36, 1), 13, 146, 386, 10, 0, 37)
Node 21: Job(38, Point(107, 102, 2), 12, 0, 2477, 10, 0, 19)
Node 22: Job(40, Point(132, 133, 2), 24, 0, 2437, 10, 0, 72)
Node 23: Job(41, Point(81, 57, 2), 8, 17, 257, 10, 0, 198)
Node 24: Job(42, Point(120, 52, 0), 20, 0, 2472, 10, 0, 43)
Node 25: Job(45, Point(82, 103, 2), 15, 0, 2490, 10, 0, 16)
Node 26: Job(47, Point(90, 44, 3), 6, 149, 389, 10, 0, 165)
Node 27: Job(50, Point(64, 138, 0), 15, 0, 2457, 10, 0, 124)
Node 28: Job(51, Point(98, 4, 0), 20, 0, 2454, 10, 0, 49)
Node 29: Job(56, Point(86, 40, 2), 22, 0, 2491, 10, 0, 11)
Node 30: Job(58, Point(59, 115, 2), 26, 1195, 1435, 10, 0, 86)
Node 31: Job(64, Point(37, 125, 0), 10, 0, 2461, 10, 0, 79)
Node 32: Job(65, Point(99, 34, 3), 9, 243, 483, 10, 0, 120)
Node 33: Job(66, Point(38, 122, 0), 13, 876, 1116, 10, 0, 55)
Node 34: Job(68, Point(109, 131, 2), 16, 0, 2453, 10, 0, 158)
Node 35: Job(74, Point(48, 47, 3), 19, 31, 271, 10, 0, 44)
Node 36: Job(75, Point(104, 73, 3), 17, 0, 2491, 10, 0, 169)
Node 37: Job(77, Point(103, 44, 2), 12, 0, 2483, 10, 0, 94)
Node 38: Job(78, Point(73, 96, 3), 9, 604, 844, 10, 0, 5)
Node 39: Job(80, Point(71, 70, 1), 9, 0, 2524, 10, 0, 119)
Node 40: Job(81, Point(83, 12, 2), 29, 0, 2466, 10, 0, 83)
Node 41: Job(88, Point(120, 22, 2), 39, 396, 636, 10, 0, 122)
Node 42: Job(89, Point(54, 106, 2), 9, 1117, 1357, 10, 0, 22)
Node 43: Job(90, Point(63, 129, 0), 7, 765, 1005, 10, 0, 17)
Node 44: Job(91, Point(33, 117, 2), 20, 316, 556, 10, 0, 96)
Node 45: Job(92, Point(102, 52, 1), 15, 0, 2489, 10, 0, 61)
Node 46: Job(93, Point(13, 129, 1), 25, 1345, 1585, 10, 0, 189)
Node 47: Job(99, Point(70, 83, 2), 23, 0, 2512, 10, 0, 57)
Node 48: Job(100, Point(12, 48, 3), 4, 172, 412, 10, 0, 34)
Node 49: Job(103, Point(116, 22, 1), 32, 491, 731, 10, 0, 60)
Node 50: Job(105, Point(19, 120, 0), 16, 0, 2454, 10, 0, 85)
Node 51: Job(106, Point(23, 39, 3), 20, 1347, 1587, 10, 0, 179)
Node 52: Job(109, Point(18, 70, 3), 26, 1504, 1744, 10, 0, 53)
Node 53: Job(111, Point(61, 57, 2), 35, 0, 2510, 10, 0, 163)
Node 54: Job(112, Point(123, 84, 3), 13, 1606, 1846, 10, 0, 102)
Node 55: Job(113, Point(37, 73, 3), 33, 0, 2492, 10, 0, 70)
Node 56: Job(114, Point(115, 124, 0), 11, 0, 2455, 10, 0, 63)
Node 57: Job(115, Point(93, 61, 3), 10, 0, 2501, 10, 0, 71)
Node 58: Job(116, Point(89, 39, 3), 23, 36, 276, 10, 0, 14)
Node 59: Job(118, Point(108, 30, 1), 18, 323, 563, 10, 0, 107)
Node 60: Job(121, Point(2, 106, 3), 16, 1487, 1727, 10, 0, 171)
Node 61: Job(123, Point(26, 130, 2), 20, 0, 2451, 10, 0, 54)
Node 62: Job(108, Point(15, 18, 1), -7, 1540, 1780, 10, 2, 0)
Node 63: Job(95, Point(114, 109, 1), -20, 249, 489, 10, 3, 0)
Node 64: Job(20, Point(8, 87, 2), -14, 1545, 1785, 10, 4, 0)
Node 65: Job(191, Point(125, 68, 2), -27, 708, 948, 10, 6, 0)
Node 66: Job(136, Point(92, 138, 1), -22, 0, 2454, 10, 8, 0)
Node 67: Job(82, Point(36, 54, 3), -13, 1428, 1668, 10, 9, 0)
Node 68: Job(73, Point(39, 100, 0), -8, 0, 2482, 10, 10, 0)
Node 69: Job(164, Point(65, 80, 2), -13, 0, 2514, 10, 12, 0)
Node 70: Job(52, Point(61, 34, 2), -9, 1830, 2070, 10, 13, 0)
Node 71: Job(138, Point(100, 99, 0), -22, 1136, 1376, 10, 18, 0)
Node 72: Job(110, Point(16, 62, 3), -19, 1524, 1764, 10, 23, 0)
Node 73: Job(87, Point(34, 72, 1), -5, 0, 2489, 10, 25, 0)
Node 74: Job(173, Point(67, 120, 0), -8, 1375, 1615, 10, 26, 0)
Node 75: Job(76, Point(9, 19, 3), -13, 1431, 1671, 10, 27, 0)
Node 76: Job(15, Point(137, 7, 1), -13, 0, 2434, 10, 31, 0)
Node 77: Job(127, Point(138, 105, 1), -21, 0, 2449, 10, 32, 0)
Node 78: Job(192, Point(44, 36, 2), -12, 131, 371, 10, 33, 0)
Node 79: Job(30, Point(10, 86, 3), -11, 0, 2463, 10, 35, 0)
Node 80: Job(37, Point(106, 10, 1), -13, 1135, 1375, 10, 36, 0)
Node 81: Job(19, Point(104, 32, 3), -12, 0, 2475, 10, 38, 0)
Node 82: Job(72, Point(88, 29, 2), -24, 0, 2481, 10, 40, 0)
Node 83: Job(198, Point(8, 138, 3), -8, 1105, 1345, 10, 41, 0)
Node 84: Job(43, Point(113, 32, 0), -20, 0, 2468, 10, 42, 0)
Node 85: Job(16, Point(50, 106, 3), -15, 1221, 1461, 10, 45, 0)
Node 86: Job(165, Point(28, 62, 2), -6, 0, 2483, 10, 47, 0)
Node 87: Job(124, Point(85, 111, 3), -15, 952, 1192, 10, 50, 0)
Node 88: Job(49, Point(89, 24, 2), -20, 0, 2476, 10, 51, 0)
Node 89: Job(11, Point(37, 138, 2), -22, 0, 2450, 10, 56, 0)
Node 90: Job(86, Point(67, 96, 0), -26, 1908, 2148, 10, 58, 0)
Node 91: Job(79, Point(44, 116, 2), -10, 0, 2473, 10, 64, 0)
Node 92: Job(120, Point(92, 22, 2), -9, 0, 2473, 10, 65, 0)
Node 93: Job(55, Point(84, 88, 0), -13, 1365, 1605, 10, 66, 0)
Node 94: Job(158, Point(54, 41, 3), -16, 1065, 1305, 10, 68, 0)
Node 95: Job(44, Point(137, 101, 1), -19, 617, 857, 10, 74, 0)
Node 96: Job(169, Point(51, 92, 2), -17, 1731, 1971, 10, 75, 0)
Node 97: Job(94, Point(34, 20, 1), -12, 0, 2464, 10, 77, 0)
Node 98: Job(5, Point(69, 116, 2), -9, 0, 2479, 10, 78, 0)
Node 99: Job(119, Point(120, 60, 1), -9, 156, 396, 10, 80, 0)
Node 100: Job(83, Point(16, 92, 0), -29, 0, 2467, 10, 81, 0)
Node 101: Job(122, Point(117, 92, 0), -39, 0, 2474, 10, 88, 0)
Node 102: Job(22, Point(80, 103, 3), -9, 1428, 1668, 10, 89, 0)
Node 103: Job(17, Point(46, 112, 3), -7, 1084, 1324, 10, 90, 0)
Node 104: Job(96, Point(86, 80, 2), -20, 0, 2507, 10, 91, 0)
Node 105: Job(61, Point(104, 54, 0), -15, 150, 390, 10, 92, 0)
Node 106: Job(189, Point(5, 99, 1), -25, 0, 2454, 10, 93, 0)
Node 107: Job(57, Point(69, 115, 0), -23, 0, 2480, 10, 99, 0)
Node 108: Job(34, Point(44, 58, 1), -4, 39, 279, 10, 100, 0)
Node 109: Job(60, Point(107, 77, 1), -32, 0, 2488, 10, 103, 0)
Node 110: Job(85, Point(27, 104, 2), -16, 1949, 2189, 10, 105, 0)
Node 111: Job(179, Point(60, 23, 2), -20, 0, 2477, 10, 106, 0)
Node 112: Job(53, Point(60, 84, 0), -26, 1866, 2106, 10, 109, 0)
Node 113: Job(163, Point(54, 78, 1), -35, 0, 2508, 10, 111, 0)
Node 114: Job(102, Point(109, 78, 3), -13, 0, 2486, 10, 112, 0)
Node 115: Job(70, Point(47, 83, 2), -33, 0, 2499, 10, 113, 0)
Node 116: Job(63, Point(32, 52, 2), -11, 0, 2483, 10, 114, 0)
Node 117: Job(71, Point(139, 68, 1), -10, 0, 2456, 10, 115, 0)
Node 118: Job(14, Point(22, 104, 0), -23, 0, 2467, 10, 116, 0)
Node 119: Job(107, Point(110, 99, 0), -18, 0, 2476, 10, 118, 0)
Node 120: Job(171, Point(66, 82, 2), -16, 0, 2513, 10, 121, 0)
Node 121: Job(54, Point(13, 48, 2), -20, 1622, 1862, 10, 123, 0)
Node 122: Job(0, Point(70, 70, 0), 0, 0, 2535, 0, 0, 0)

### Preprocessing Data ###
	-> arcs: 14884 (100.0%)
	-> arc_removals: 3515 (23.62%)
	-> arc_removals_is_loop: 122 (0.82%)
	-> arc_removals_is_delivery_to_pickup: 62 (0.42%)
	-> arc_removals_is_depot_begin_to_delivery: 60 (0.4%)
	-> arc_removals_is_pickup_to_depot_end: 60 (0.4%)
	-> arc_removals_is_dest_depot_begin: 120 (0.81%)
	-> arc_removals_is_orig_depot_end: 119 (0.8%)
	-> arc_removals_is_capacity_violated: 0 (0.0%)
	-> arc_removals_is_time_window_limited: 2181 (14.65%)
	-> arc_removals_is_time_window_pairing_limited: 568 (3.82%)
	-> arc_removals_is_indirect_request_service_impossible: 223 (1.5%)
	-> gamma_vars: 0 (0%)
	-> feas_gamma_vars: 0 (0%)
	-> infeas_gamma_vars_is_next_mtrv_unreachable: 0 (0%)
	-> infeas_gamma_vars_is_iprime_jprime_eq_i_j: 0 (0%)
	-> machine_removal_for_an_arc: 0 (0.0%)
##########################

[06:40:07.985] Print configuration
------------------------------------------------------
"
[06:40:07.985] Running Multi Start Heuristic"
> Experiment started at 2025-10-03T06:40:07.985
> Instance: LR2_2_7_t2_60R_60V_04F_06M
> Algorithm Parameters:


	>Stop params:
		>  - rule ITERATIONS
		>  - argument 60000.0
		>  - maximum_time 3600

	>General params:
		>  - instPath /dados/rmelo/PDPTW-SE/benchmark_multi_floor_v3/official_experiments/multistartlp/preliminar/set_01_pt_02/../../../../instances/orig_ams_fg/60R_60V_04F_06M/t2/LR2_2_7/
		>  - name LR2_2_7
		>  - type t2
		>  - group 60R_60V_04F_06M
		>  - fullname LR2_2_7_t2_60R_60V_04F_06M
		>  - methodType heur
		>  - methodCode mslp
		>  - genconfigfile /dados/rmelo/PDPTW-SE/benchmark_multi_floor_v3/official_experiments/multistartlp/preliminar/set_01_pt_02/configs/genconfig_mslp.conf
		>  - genconfigfilename genconfig_mslp
		>  - greedy_service_order random
		>  - cutoff 0
		>  - cutoffmachs 6
		>  - num_machs 0
		>  - solver Gurobi
		>  - maxtime 3600
		>  - gurobiCuts 1
		>  - typeUserCut 0
		>  - mipPresolve -1
		>  - printsol 1
		>  - maxnodes -1
		>  - elevator 1
		>  - make_instance_feasible false
		>  - output /dados/rmelo/PDPTW-SE/benchmark_multi_floor_v3/official_experiments/multistartlp/preliminar/set_01_pt_02/logs
		>  - suff_outputs _seed_94_alpha_05p
		>  - suff_csv _bash_1
		>  - epsilon 0.005
		>  - epsilonCap 0.5
		>  - warmStart false
		>  - seed 94
		>  - rng Random.MersenneTwister(94)
		>  - alpha 0.05
		>  - maxiter 1000000
		>  - outputFlagGrbMIP 0
		>  - outputFlagGrbMSLP 0
		>  - outputFlagGrbLMNS 0
		>  - mslpr I
		>  - mslpa 60000
		>  - lmnsr M
		>  - lmnsa 60
		>  - lmnsRepairTime 30.0
		>  - lmnsMIPFocus 0
		>  - lmnsGapToBiggerDestruction 50
		>  - lmnsGapToSmallerDestruction 95
		>  - lmnsWeightShawDistProx 1.0
		>  - lmnsWeightShawEarlProx 1.0
		>  - lmnsWeightShawSameRoute 1.0
		>  - lmnsWeightShawDemandSim 1.0
		>  - lmnsReqRApplyMIPStart true
		>  - lmnsAcceptanceCriteria H
		>  - lmnsMetropolisTemp 100.0
		>  - lmnsSimulatedAnnealingTemp 100.0
		>  - lmnsSimulatedAnnealingCool 0.95
		>  - mipmaxtime 3600
		>  - csvfilename /dados/rmelo/PDPTW-SE/benchmark_multi_floor_v3/official_experiments/multistartlp/preliminar/set_01_pt_02/logs/heur_mslp/outputs/csvresults_heur_mslp_bash_1.csv
		>  - solfilename /dados/rmelo/PDPTW-SE/benchmark_multi_floor_v3/official_experiments/multistartlp/preliminar/set_01_pt_02/logs/heur_mslp/solutions/60R_60V_04F_06M/LR2_2_7_sol_genconfig_mslp_seed_94_alpha_05p.txt
		>  - timelineFilename /dados/rmelo/PDPTW-SE/benchmark_multi_floor_v3/official_experiments/multistartlp/preliminar/set_01_pt_02/logs/heur_mslp/timelines/60R_60V_04F_06M/LR2_2_7_timeline_genconfig_mslp_seed_94_alpha_05p.txt
		>  - grbFilename /dados/rmelo/PDPTW-SE/benchmark_multi_floor_v3/official_experiments/multistartlp/preliminar/set_01_pt_02/logs/heur_mslp/gurobi/60R_60V_04F_06M/LR2_2_7_grb_genconfig_mslp_seed_94_alpha_05p.log
		>  - threads 1
		>  - solverMethod AUTOMATIC

------------------------------------------------------
objValue;greedysol;iteration;time
11418.41;11594.87;1;0.376353
11349.56;11527.04;26;3.601407
11274.12;11393.92;55;7.222516
10988.23;11126.00;134;16.499191
10818.85;10887.88;269;33.386240
10625.14;10752.13;807;100.329631
10590.55;10637.93;12629;1567.540849
10551.44;10593.81;14736;1829.067178
10492.21;10574.88;20538;2551.405502
10390.12;10554.06;22434;2790.674732

[07:40:08.171] Finished running MSLP

[07:40:08.171] Post running MSLP
Best solution value: 10390.12
Total time elapsed: 3600.082373
Time to best: 2790.674732
Iterations: 28887
Iterations to best: 22434
Improvements: 10
Infeasible solutions percentage: (7202 / 28887) = 24.9316 %
(LP improvements)/(LP runs) = 21685/21685 = 100.0000 %
Mean LP improvement percentage: 1.3756 %
[07:40:08.48] Writing results to CSV file: /dados/rmelo/PDPTW-SE/benchmark_multi_floor_v3/official_experiments/multistartlp/preliminar/set_01_pt_02/logs/heur_mslp/outputs/csvresults_heur_mslp_bash_1.csv

[07:40:10.471] Saving solution to file:/dados/rmelo/PDPTW-SE/benchmark_multi_floor_v3/official_experiments/multistartlp/preliminar/set_01_pt_02/logs/heur_mslp/solutions/60R_60V_04F_06M/LR2_2_7_sol_genconfig_mslp_seed_94_alpha_05p.txt

[07:40:10.471] Saving solution timeline to file: /dados/rmelo/PDPTW-SE/benchmark_multi_floor_v3/official_experiments/multistartlp/preliminar/set_01_pt_02/logs/heur_mslp/timelines/60R_60V_04F_06M/LR2_2_7_timeline_genconfig_mslp_seed_94_alpha_05p.txt
---------------------| VEHICLES |---------------------

Vehicle 13 :
	id: 0
		node: 1
		(x, y, z): (70, 70, 0)
		dem: 0
		earl: 0
		lat: 2535
		servt: 0
		pid: 0
		did: 0
		servST: 8.120000000000573
		(h, h_ind): (-1, 0)
		load: 0.0

	Finished service at time: 8.120000000000573

	Using Machine: 1
		Task 0 -> Machine 1 (Station 1): 3.16
		Vehicle arrival at machine station: 11.280000000000573
		Waiting time until machine travel: 0.0

		Machine travel start time: 11.280000000000573
		Region 0 -> Region 2: 10.0
		Machine arrival at machine station: 21.280000000000573

		Machine 1 (Station 3)-> Task 41: 16.12
		Vehicle arrival at task: 37.400000000000574
		Waiting time until service start time: 0.0

	id: 41
		node: 23
		(x, y, z): (81, 57, 2)
		dem: 8
		earl: 17
		lat: 257
		servt: 10
		pid: 0
		did: 198
		servST: 37.400000000000574
		(h, h_ind): (1, 1)
		load: 8.0

	Finished service at time: 47.400000000000574

	Using Machine: 5
		Task 41 -> Machine 5 (Station 3): 14.56
		Vehicle arrival at machine station: 61.960000000000576
		Waiting time until machine travel: 0.0

		Machine travel start time: 61.960000000000576
		Region 2 -> Region 3: 5.0
		Machine arrival at machine station: 66.96000000000058

		Machine 5 (Station 4)-> Task 115: 18.87
		Vehicle arrival at task: 85.83000000000058
		Waiting time until service start time: 0.0

	id: 115
		node: 57
		(x, y, z): (93, 61, 3)
		dem: 10
		earl: 0
		lat: 2501
		servt: 10
		pid: 0
		did: 71
		servST: 85.83000000000058
		(h, h_ind): (5, 2)
		load: 18.0

	Finished service at time: 95.83000000000058

	Using Machine: 5
		Task 115 -> Machine 5 (Station 4): 18.87
		Vehicle arrival at machine station: 114.70000000000059
		Waiting time until machine travel: 0.0

		Machine travel start time: 114.70000000000059
		Region 3 -> Region 1: 10.0
		Machine arrival at machine station: 124.70000000000059

		Machine 5 (Station 2)-> Task 71: 62.07
		Vehicle arrival at task: 186.77000000000058
		Waiting time until service start time: 0.0

	id: 71
		node: 117
		(x, y, z): (139, 68, 1)
		dem: -10
		earl: 0
		lat: 2456
		servt: 10
		pid: 115
		did: 0
		servST: 186.77000000000058
		(h, h_ind): (5, 3)
		load: 8.0

	Finished service at time: 196.77000000000058

	Task 71 -> Task 92: 40.31
	Vehicle arrival at task: 237.08000000000058
	Waiting time until service start time: 0.0

	id: 92
		node: 45
		(x, y, z): (102, 52, 1)
		dem: 15
		earl: 0
		lat: 2489
		servt: 10
		pid: 0
		did: 61
		servST: 237.08000000000058
		(h, h_ind): (-1, 0)
		load: 23.0

	Finished service at time: 247.08000000000058

	Using Machine: 5
		Task 92 -> Machine 5 (Station 2): 31.4
		Vehicle arrival at machine station: 278.4800000000006
		Waiting time until machine travel: 0.0

		Machine travel start time: 278.4800000000006
		Region 1 -> Region 0: 5.0
		Machine arrival at machine station: 283.4800000000006

		Machine 5 (Station 1)-> Task 61: 31.91
		Vehicle arrival at task: 315.3900000000006
		Waiting time until service start time: -0.0

	id: 61
		node: 105
		(x, y, z): (104, 54, 0)
		dem: -15
		earl: 150
		lat: 390
		servt: 10
		pid: 92
		did: 0
		servST: 315.39000000000055
		(h, h_ind): (5, 6)
		load: 8.0

	Finished service at time: 325.39000000000055

	Task 61 -> Task 51: 50.36
	Vehicle arrival at task: 375.75000000000057
	Waiting time until service start time: 0.0

	id: 51
		node: 28
		(x, y, z): (98, 4, 0)
		dem: 20
		earl: 0
		lat: 2454
		servt: 10
		pid: 0
		did: 49
		servST: 375.75000000000057
		(h, h_ind): (-1, 0)
		load: 28.0

	Finished service at time: 385.75000000000057

	Task 51 -> Task 35: 66.03
	Vehicle arrival at task: 451.78000000000054
	Waiting time until service start time: 0.0

	id: 35
		node: 19
		(x, y, z): (32, 6, 0)
		dem: 11
		earl: 320
		lat: 560
		servt: 10
		pid: 0
		did: 30
		servST: 451.7800000000006
		(h, h_ind): (-1, 0)
		load: 39.0

	Finished service at time: 461.7800000000006

	Task 35 -> Task 4: 54.08
	Vehicle arrival at task: 515.8600000000006
	Waiting time until service start time: 0.0

	id: 4
		node: 4
		(x, y, z): (29, 60, 0)
		dem: 14
		earl: 0
		lat: 2483
		servt: 10
		pid: 0
		did: 20
		servST: 515.8600000000006
		(h, h_ind): (-1, 0)
		load: 53.0

	Finished service at time: 525.8600000000006

	Task 4 -> Task 32: 112.07
	Vehicle arrival at task: 637.9300000000005
	Waiting time until service start time: 0.0

	id: 32
		node: 17
		(x, y, z): (121, 124, 0)
		dem: 21
		earl: 539
		lat: 779
		servt: 10
		pid: 0
		did: 127
		servST: 637.9300000000005
		(h, h_ind): (-1, 0)
		load: 74.0

	Finished service at time: 647.9300000000005

	Using Machine: 3
		Task 32 -> Machine 3 (Station 1): 70.18
		Vehicle arrival at machine station: 718.1100000000006
		Waiting time until machine travel: -0.0

		Machine travel start time: 718.1100000000005
		Region 0 -> Region 2: 10.0
		Machine arrival at machine station: 728.1100000000005

		Machine 3 (Station 3)-> Task 49: 49.04
		Vehicle arrival at task: 777.1500000000004
		Waiting time until service start time: 0.0

	id: 49
		node: 88
		(x, y, z): (89, 24, 2)
		dem: -20
		earl: 0
		lat: 2476
		servt: 10
		pid: 51
		did: 0
		servST: 777.1500000000004
		(h, h_ind): (3, 3)
		load: 54.0

	Finished service at time: 787.1500000000004

	Task 49 -> Task 56: 16.28
	Vehicle arrival at task: 803.4300000000004
	Waiting time until service start time: 0.0

	id: 56
		node: 29
		(x, y, z): (86, 40, 2)
		dem: 22
		earl: 0
		lat: 2491
		servt: 10
		pid: 0
		did: 11
		servST: 803.4300000000004
		(h, h_ind): (-1, 0)
		load: 76.0

	Finished service at time: 813.4300000000004

	Using Machine: 4
		Task 56 -> Machine 4 (Station 3): 36.36
		Vehicle arrival at machine station: 849.7900000000004
		Waiting time until machine travel: 0.0

		Machine travel start time: 849.7900000000004
		Region 2 -> Region 3: 5.0
		Machine arrival at machine station: 854.7900000000004

		Machine 4 (Station 4)-> Task 30: 58.94
		Vehicle arrival at task: 913.7300000000005
		Waiting time until service start time: 0.0

	id: 30
		node: 79
		(x, y, z): (10, 86, 3)
		dem: -11
		earl: 0
		lat: 2463
		servt: 10
		pid: 35
		did: 0
		servST: 913.7300000000005
		(h, h_ind): (4, 10)
		load: 65.0

	Finished service at time: 923.7300000000005

	Using Machine: 4
		Task 30 -> Machine 4 (Station 4): 58.94
		Vehicle arrival at machine station: 982.6700000000005
		Waiting time until machine travel: -0.0

		Machine travel start time: 982.6700000000004
		Region 3 -> Region 1: 10.0
		Machine arrival at machine station: 992.6700000000004

		Machine 4 (Station 2)-> Task 127: 78.72
		Vehicle arrival at task: 1071.3900000000003
		Waiting time until service start time: 0.0

	id: 127
		node: 77
		(x, y, z): (138, 105, 1)
		dem: -21
		earl: 0
		lat: 2449
		servt: 10
		pid: 32
		did: 0
		servST: 1071.3900000000003
		(h, h_ind): (4, 11)
		load: 44.0

	Finished service at time: 1081.3900000000003

	Using Machine: 5
		Task 127 -> Machine 5 (Station 2): 69.84
		Vehicle arrival at machine station: 1151.2300000000002
		Waiting time until machine travel: 0.0

		Machine travel start time: 1151.2300000000002
		Region 1 -> Region 2: 5.0
		Machine arrival at machine station: 1156.2300000000002

		Machine 5 (Station 3)-> Task 89: 41.88
		Vehicle arrival at task: 1198.1100000000004
		Waiting time until service start time: 0.0

	id: 89
		node: 42
		(x, y, z): (54, 106, 2)
		dem: 9
		earl: 1117
		lat: 1357
		servt: 10
		pid: 0
		did: 22
		servST: 1198.1100000000004
		(h, h_ind): (5, 17)
		load: 53.0

	Finished service at time: 1208.1100000000004

	Using Machine: 4
		Task 89 -> Machine 4 (Station 3): 37.34
		Vehicle arrival at machine station: 1245.4500000000003
		Waiting time until machine travel: 0.0

		Machine travel start time: 1245.4500000000003
		Region 2 -> Region 3: 5.0
		Machine arrival at machine station: 1250.4500000000003

		Machine 4 (Station 4)-> Task 198: 89.27
		Vehicle arrival at task: 1339.7200000000003
		Waiting time until service start time: 0.0

	id: 198
		node: 83
		(x, y, z): (8, 138, 3)
		dem: -8
		earl: 1105
		lat: 1345
		servt: 10
		pid: 41
		did: 0
		servST: 1339.7200000000003
		(h, h_ind): (4, 16)
		load: 45.0

	Finished service at time: 1349.7200000000003

	Task 198 -> Task 22: 80.06
	Vehicle arrival at task: 1429.7800000000002
	Waiting time until service start time: 0.0

	id: 22
		node: 102
		(x, y, z): (80, 103, 3)
		dem: -9
		earl: 1428
		lat: 1668
		servt: 10
		pid: 89
		did: 0
		servST: 1429.7800000000002
		(h, h_ind): (-1, 0)
		load: 36.0

	Finished service at time: 1439.7800000000002

	Task 22 -> Task 75: 38.42
	Vehicle arrival at task: 1478.2000000000003
	Waiting time until service start time: 0.0

	id: 75
		node: 36
		(x, y, z): (104, 73, 3)
		dem: 17
		earl: 0
		lat: 2491
		servt: 10
		pid: 0
		did: 169
		servST: 1478.2000000000003
		(h, h_ind): (-1, 0)
		load: 53.0

	Finished service at time: 1488.2000000000003

	Using Machine: 5
		Task 75 -> Machine 5 (Station 4): 27.07
		Vehicle arrival at machine station: 1515.2700000000002
		Waiting time until machine travel: 0.0

		Machine travel start time: 1515.2700000000002
		Region 3 -> Region 2: 5.0
		Machine arrival at machine station: 1520.2700000000002

		Machine 5 (Station 3)-> Task 123: 77.99
		Vehicle arrival at task: 1598.2600000000002
		Waiting time until service start time: 0.0

	id: 123
		node: 61
		(x, y, z): (26, 130, 2)
		dem: 20
		earl: 0
		lat: 2451
		servt: 10
		pid: 0
		did: 54
		servST: 1598.2600000000002
		(h, h_ind): (5, 21)
		load: 73.0

	Finished service at time: 1608.2600000000002

	Task 123 -> Task 11: 13.6
	Vehicle arrival at task: 1621.8600000000001
	Waiting time until service start time: 0.0

	id: 11
		node: 89
		(x, y, z): (37, 138, 2)
		dem: -22
		earl: 0
		lat: 2450
		servt: 10
		pid: 56
		did: 0
		servST: 1621.8600000000001
		(h, h_ind): (-1, 0)
		load: 51.0

	Finished service at time: 1631.8600000000001

	Task 11 -> Task 54: 93.15
	Vehicle arrival at task: 1725.0100000000002
	Waiting time until service start time: 0.0

	id: 54
		node: 121
		(x, y, z): (13, 48, 2)
		dem: -20
		earl: 1622
		lat: 1862
		servt: 10
		pid: 123
		did: 0
		servST: 1725.0100000000002
		(h, h_ind): (-1, 0)
		load: 31.0

	Finished service at time: 1735.0100000000002

	Task 54 -> Task 20: 39.32
	Vehicle arrival at task: 1774.3300000000002
	Waiting time until service start time: 0.0

	id: 20
		node: 64
		(x, y, z): (8, 87, 2)
		dem: -14
		earl: 1545
		lat: 1785
		servt: 10
		pid: 4
		did: 0
		servST: 1774.3300000000002
		(h, h_ind): (-1, 0)
		load: 17.0

	Finished service at time: 1784.3300000000002

	Task 20 -> Task 169: 43.29
	Vehicle arrival at task: 1827.6200000000001
	Waiting time until service start time: 0.0

	id: 169
		node: 96
		(x, y, z): (51, 92, 2)
		dem: -17
		earl: 1731
		lat: 1971
		servt: 10
		pid: 75
		did: 0
		servST: 1827.6200000000001
		(h, h_ind): (-1, 0)
		load: 0.0

	Finished service at time: 1837.6200000000001

	Using Machine: 2
		Task 169 -> Machine 2 (Station 3): 27.66
		Vehicle arrival at machine station: 1865.2800000000002
		Waiting time until machine travel: 0.0

		Machine travel start time: 1865.2800000000002
		Region 2 -> Region 0: 10.0
		Machine arrival at machine station: 1875.2800000000002

		Machine 2 (Station 1)-> Task 0: 1.41
		Vehicle arrival at task: 1876.6900000000003
		Waiting time until service start time: 0.0

	id: 0
		node: 122
		(x, y, z): (70, 70, 0)
		dem: 0
		earl: 0
		lat: 2535
		servt: 0
		pid: 0
		did: 0
		servST: 1876.6900000000003
		(h, h_ind): (2, 9)
		load: 0.0


Vehicle 18 :
	id: 0
		node: 1
		(x, y, z): (70, 70, 0)
		dem: 0
		earl: 0
		lat: 2535
		servt: 0
		pid: 0
		did: 0
		servST: 15.550000000000347
		(h, h_ind): (-1, 0)
		load: 0.0

	Finished service at time: 15.550000000000347

	Using Machine: 3
		Task 0 -> Machine 3 (Station 1): 5.1
		Vehicle arrival at machine station: 20.650000000000347
		Waiting time until machine travel: 0.0

		Machine travel start time: 20.650000000000347
		Region 0 -> Region 3: 15.0
		Machine arrival at machine station: 35.65000000000035

		Machine 3 (Station 4)-> Task 33: 53.41
		Vehicle arrival at task: 89.06000000000034
		Waiting time until service start time: 0.0

	id: 33
		node: 18
		(x, y, z): (42, 29, 3)
		dem: 12
		earl: 0
		lat: 2476
		servt: 10
		pid: 0
		did: 192
		servST: 89.06000000000034
		(h, h_ind): (3, 1)
		load: 12.0

	Finished service at time: 99.06000000000034

	Task 33 -> Task 47: 50.29
	Vehicle arrival at task: 149.35000000000034
	Waiting time until service start time: 0.0

	id: 47
		node: 26
		(x, y, z): (90, 44, 3)
		dem: 6
		earl: 149
		lat: 389
		servt: 10
		pid: 0
		did: 165
		servST: 149.35000000000034
		(h, h_ind): (-1, 0)
		load: 18.0

	Finished service at time: 159.35000000000034

	Using Machine: 4
		Task 47 -> Machine 4 (Station 4): 35.47
		Vehicle arrival at machine station: 194.82000000000033
		Waiting time until machine travel: 0.0

		Machine travel start time: 194.82000000000033
		Region 3 -> Region 2: 5.0
		Machine arrival at machine station: 199.82000000000033

		Machine 4 (Station 3)-> Task 165: 40.02
		Vehicle arrival at task: 239.84000000000034
		Waiting time until service start time: 0.0

	id: 165
		node: 86
		(x, y, z): (28, 62, 2)
		dem: -6
		earl: 0
		lat: 2483
		servt: 10
		pid: 47
		did: 0
		servST: 239.84000000000034
		(h, h_ind): (4, 4)
		load: 12.0

	Finished service at time: 249.84000000000034

	Task 165 -> Task 192: 30.53
	Vehicle arrival at task: 280.37000000000035
	Waiting time until service start time: 0.0

	id: 192
		node: 78
		(x, y, z): (44, 36, 2)
		dem: -12
		earl: 131
		lat: 371
		servt: 10
		pid: 33
		did: 0
		servST: 280.37000000000035
		(h, h_ind): (-1, 0)
		load: 0.0

	Finished service at time: 290.37000000000035

	Task 192 -> Task 91: 81.74
	Vehicle arrival at task: 372.11000000000035
	Waiting time until service start time: 0.0

	id: 91
		node: 44
		(x, y, z): (33, 117, 2)
		dem: 20
		earl: 316
		lat: 556
		servt: 10
		pid: 0
		did: 96
		servST: 372.11000000000035
		(h, h_ind): (-1, 0)
		load: 20.0

	Finished service at time: 382.11000000000035

	Task 91 -> Task 96: 64.64
	Vehicle arrival at task: 446.75000000000034
	Waiting time until service start time: 0.0

	id: 96
		node: 104
		(x, y, z): (86, 80, 2)
		dem: -20
		earl: 0
		lat: 2507
		servt: 10
		pid: 91
		did: 0
		servST: 446.75000000000034
		(h, h_ind): (-1, 0)
		load: 0.0

	Finished service at time: 456.75000000000034

	Using Machine: 5
		Task 96 -> Machine 5 (Station 3): 12.73
		Vehicle arrival at machine station: 469.48000000000036
		Waiting time until machine travel: 0.0

		Machine travel start time: 469.48000000000036
		Region 2 -> Region 1: 5.0
		Machine arrival at machine station: 474.48000000000036

		Machine 5 (Station 2)-> Task 118: 51.4
		Vehicle arrival at task: 525.8800000000003
		Waiting time until service start time: 0.0

	id: 118
		node: 59
		(x, y, z): (108, 30, 1)
		dem: 18
		earl: 323
		lat: 563
		servt: 10
		pid: 0
		did: 107
		servST: 525.8800000000003
		(h, h_ind): (5, 9)
		load: 18.0

	Finished service at time: 535.8800000000003

	Using Machine: 5
		Task 118 -> Machine 5 (Station 2): 51.4
		Vehicle arrival at machine station: 587.2800000000003
		Waiting time until machine travel: 0.0

		Machine travel start time: 587.2800000000003
		Region 1 -> Region 3: 10.0
		Machine arrival at machine station: 597.2800000000003

		Machine 5 (Station 4)-> Task 78: 25.32
		Vehicle arrival at task: 622.6000000000004
		Waiting time until service start time: 0.0

	id: 78
		node: 38
		(x, y, z): (73, 96, 3)
		dem: 9
		earl: 604
		lat: 844
		servt: 10
		pid: 0
		did: 5
		servST: 622.6000000000004
		(h, h_ind): (5, 10)
		load: 27.0

	Finished service at time: 632.6000000000004

	Using Machine: 4
		Task 78 -> Machine 4 (Station 4): 25.71
		Vehicle arrival at machine station: 658.3100000000004
		Waiting time until machine travel: 0.0

		Machine travel start time: 658.3100000000004
		Region 3 -> Region 0: 15.0
		Machine arrival at machine station: 673.3100000000004

		Machine 4 (Station 1)-> Task 64: 61.77
		Vehicle arrival at task: 735.0800000000004
		Waiting time until service start time: 0.0

	id: 64
		node: 31
		(x, y, z): (37, 125, 0)
		dem: 10
		earl: 0
		lat: 2461
		servt: 10
		pid: 0
		did: 79
		servST: 735.0800000000004
		(h, h_ind): (4, 9)
		load: 37.0

	Finished service at time: 745.0800000000004

	Using Machine: 0
		Task 64 -> Machine 0 (Station 1): 63.81
		Vehicle arrival at machine station: 808.8900000000003
		Waiting time until machine travel: 0.0

		Machine travel start time: 808.8900000000004
		Region 0 -> Region 2: 10.0
		Machine arrival at machine station: 818.8900000000004

		Machine 0 (Station 3)-> Task 68: 71.02
		Vehicle arrival at task: 889.9100000000004
		Waiting time until service start time: 0.0

	id: 68
		node: 34
		(x, y, z): (109, 131, 2)
		dem: 16
		earl: 0
		lat: 2453
		servt: 10
		pid: 0
		did: 158
		servST: 889.9100000000004
		(h, h_ind): (0, 2)
		load: 53.0

	Finished service at time: 899.9100000000004

	Task 68 -> Task 5: 42.72
	Vehicle arrival at task: 942.6300000000005
	Waiting time until service start time: 0.0

	id: 5
		node: 98
		(x, y, z): (69, 116, 2)
		dem: -9
		earl: 0
		lat: 2479
		servt: 10
		pid: 78
		did: 0
		servST: 942.6300000000005
		(h, h_ind): (-1, 0)
		load: 44.0

	Finished service at time: 952.6300000000005

	Using Machine: 4
		Task 5 -> Machine 4 (Station 3): 45.04
		Vehicle arrival at machine station: 997.6700000000004
		Waiting time until machine travel: 0.0

		Machine travel start time: 997.6700000000004
		Region 2 -> Region 0: 10.0
		Machine arrival at machine station: 1007.6700000000004

		Machine 4 (Station 1)-> Task 66: 58.67
		Vehicle arrival at task: 1066.3400000000004
		Waiting time until service start time: 0.0

	id: 66
		node: 33
		(x, y, z): (38, 122, 0)
		dem: 13
		earl: 876
		lat: 1116
		servt: 10
		pid: 0
		did: 55
		servST: 1066.3400000000004
		(h, h_ind): (4, 12)
		load: 57.0

	Finished service at time: 1076.3400000000004

	Task 66 -> Task 114: 77.03
	Vehicle arrival at task: 1153.3700000000003
	Waiting time until service start time: 0.0

	id: 114
		node: 56
		(x, y, z): (115, 124, 0)
		dem: 11
		earl: 0
		lat: 2455
		servt: 10
		pid: 0
		did: 63
		servST: 1153.3700000000003
		(h, h_ind): (-1, 0)
		load: 68.0

	Finished service at time: 1163.3700000000003

	Task 114 -> Task 107: 25.5
	Vehicle arrival at task: 1188.8700000000003
	Waiting time until service start time: 0.0

	id: 107
		node: 119
		(x, y, z): (110, 99, 0)
		dem: -18
		earl: 0
		lat: 2476
		servt: 10
		pid: 118
		did: 0
		servST: 1188.8700000000003
		(h, h_ind): (-1, 0)
		load: 50.0

	Finished service at time: 1198.8700000000003

	Using Machine: 5
		Task 107 -> Machine 5 (Station 1): 43.28
		Vehicle arrival at machine station: 1242.1500000000003
		Waiting time until machine travel: 0.0

		Machine travel start time: 1242.1500000000003
		Region 0 -> Region 3: 15.0
		Machine arrival at machine station: 1257.1500000000003

		Machine 5 (Station 4)-> Task 158: 37.8
		Vehicle arrival at task: 1294.9500000000003
		Waiting time until service start time: 0.0

	id: 158
		node: 94
		(x, y, z): (54, 41, 3)
		dem: -16
		earl: 1065
		lat: 1305
		servt: 10
		pid: 68
		did: 0
		servST: 1294.9500000000003
		(h, h_ind): (5, 20)
		load: 34.0

	Finished service at time: 1304.9500000000003

	Using Machine: 4
		Task 158 -> Machine 4 (Station 4): 32.7
		Vehicle arrival at machine station: 1337.6500000000003
		Waiting time until machine travel: 0.0

		Machine travel start time: 1337.6500000000003
		Region 3 -> Region 2: 5.0
		Machine arrival at machine station: 1342.6500000000003

		Machine 4 (Station 3)-> Task 63: 39.82
		Vehicle arrival at task: 1382.4700000000003
		Waiting time until service start time: 0.0

	id: 63
		node: 116
		(x, y, z): (32, 52, 2)
		dem: -11
		earl: 0
		lat: 2483
		servt: 10
		pid: 114
		did: 0
		servST: 1382.4700000000003
		(h, h_ind): (4, 19)
		load: 23.0

	Finished service at time: 1392.4700000000003

	Task 63 -> Task 79: 65.12
	Vehicle arrival at task: 1457.5900000000001
	Waiting time until service start time: 0.0

	id: 79
		node: 91
		(x, y, z): (44, 116, 2)
		dem: -10
		earl: 0
		lat: 2473
		servt: 10
		pid: 64
		did: 0
		servST: 1457.5900000000001
		(h, h_ind): (-1, 0)
		load: 13.0

	Finished service at time: 1467.5900000000001

	Using Machine: 1
		Task 79 -> Machine 1 (Station 3): 53.54
		Vehicle arrival at machine station: 1521.13
		Waiting time until machine travel: 0.0

		Machine travel start time: 1521.13
		Region 2 -> Region 0: 10.0
		Machine arrival at machine station: 1531.13

		Machine 1 (Station 1)-> Task 55: 20.25
		Vehicle arrival at task: 1551.38
		Waiting time until service start time: 0.0

	id: 55
		node: 93
		(x, y, z): (84, 88, 0)
		dem: -13
		earl: 1365
		lat: 1605
		servt: 10
		pid: 66
		did: 0
		servST: 1551.38
		(h, h_ind): (1, 3)
		load: 0.0

	Finished service at time: 1561.38

	Using Machine: 4
		Task 55 -> Machine 4 (Station 1): 24.04
		Vehicle arrival at machine station: 1585.42
		Waiting time until machine travel: 0.0

		Machine travel start time: 1585.42
		Region 0 -> Region 2: 10.0
		Machine arrival at machine station: 1595.42

		Machine 4 (Station 3)-> Task 2: 46.07
		Vehicle arrival at task: 1641.49
		Waiting time until service start time: 0.0

	id: 2
		node: 2
		(x, y, z): (26, 50, 2)
		dem: 7
		earl: 1490
		lat: 1730
		servt: 10
		pid: 0
		did: 108
		servST: 1641.49
		(h, h_ind): (4, 23)
		load: 7.0

	Finished service at time: 1651.49

	Using Machine: 2
		Task 2 -> Machine 2 (Station 3): 47.85
		Vehicle arrival at machine station: 1699.34
		Waiting time until machine travel: 0.0

		Machine travel start time: 1699.34
		Region 2 -> Region 1: 5.0
		Machine arrival at machine station: 1704.34

		Machine 2 (Station 2)-> Task 108: 75.66
		Vehicle arrival at task: 1780.0
		Waiting time until service start time: 0.0

	id: 108
		node: 62
		(x, y, z): (15, 18, 1)
		dem: -7
		earl: 1540
		lat: 1780
		servt: 10
		pid: 2
		did: 0
		servST: 1780.0
		(h, h_ind): (2, 7)
		load: 0.0

	Finished service at time: 1790.0

	Using Machine: 4
		Task 108 -> Machine 4 (Station 2): 74.25
		Vehicle arrival at machine station: 1864.25
		Waiting time until machine travel: 0.0

		Machine travel start time: 1864.25
		Region 1 -> Region 0: 5.0
		Machine arrival at machine station: 1869.25

		Machine 4 (Station 1)-> Task 0: 3.16
		Vehicle arrival at task: 1872.41
		Waiting time until service start time: 0.0

	id: 0
		node: 122
		(x, y, z): (70, 70, 0)
		dem: 0
		earl: 0
		lat: 2535
		servt: 0
		pid: 0
		did: 0
		servST: 1872.41
		(h, h_ind): (4, 25)
		load: 0.0


Vehicle 39 :
	id: 0
		node: 1
		(x, y, z): (70, 70, 0)
		dem: 0
		earl: 0
		lat: 2535
		servt: 0
		pid: 0
		did: 0
		servST: 92.26999999999995
		(h, h_ind): (-1, 0)
		load: 0.0

	Finished service at time: 92.26999999999995

	Using Machine: 0
		Task 0 -> Machine 0 (Station 1): 1.41
		Vehicle arrival at machine station: 93.67999999999995
		Waiting time until machine travel: 0.0

		Machine travel start time: 93.67999999999995
		Region 0 -> Region 3: 15.0
		Machine arrival at machine station: 108.67999999999995

		Machine 0 (Station 4)-> Task 100: 63.32
		Vehicle arrival at task: 171.99999999999994
		Waiting time until service start time: 0.0

	id: 100
		node: 48
		(x, y, z): (12, 48, 3)
		dem: 4
		earl: 172
		lat: 412
		servt: 10
		pid: 0
		did: 34
		servST: 171.99999999999994
		(h, h_ind): (0, 1)
		load: 4.0

	Finished service at time: 181.99999999999994

	Using Machine: 4
		Task 100 -> Machine 4 (Station 4): 59.62
		Vehicle arrival at machine station: 241.61999999999995
		Waiting time until machine travel: 0.0

		Machine travel start time: 241.61999999999995
		Region 3 -> Region 1: 10.0
		Machine arrival at machine station: 251.61999999999995

		Machine 4 (Station 2)-> Task 34: 26.42
		Vehicle arrival at task: 278.03999999999996
		Waiting time until service start time: 0.0

	id: 34
		node: 108
		(x, y, z): (44, 58, 1)
		dem: -4
		earl: 39
		lat: 279
		servt: 10
		pid: 100
		did: 0
		servST: 278.03999999999996
		(h, h_ind): (4, 5)
		load: 0.0

	Finished service at time: 288.03999999999996

	Using Machine: 4
		Task 34 -> Machine 4 (Station 2): 26.42
		Vehicle arrival at machine station: 314.46
		Waiting time until machine travel: 0.0

		Machine travel start time: 314.46
		Region 1 -> Region 3: 10.0
		Machine arrival at machine station: 324.46

		Machine 4 (Station 4)-> Task 12: 47.04
		Vehicle arrival at task: 371.5
		Waiting time until service start time: 0.0

	id: 12
		node: 9
		(x, y, z): (20, 69, 3)
		dem: 13
		earl: 0
		lat: 2475
		servt: 10
		pid: 0
		did: 164
		servST: 371.5
		(h, h_ind): (4, 6)
		load: 13.0

	Finished service at time: 381.5

	Task 12 -> Task 18: 59.08
	Vehicle arrival at task: 440.58
	Waiting time until service start time: 0.0

	id: 18
		node: 11
		(x, y, z): (79, 72, 3)
		dem: 22
		earl: 0
		lat: 2516
		servt: 10
		pid: 0
		did: 138
		servST: 440.58
		(h, h_ind): (-1, 0)
		load: 35.0

	Finished service at time: 450.58

	Using Machine: 5
		Task 18 -> Machine 5 (Station 4): 2.24
		Vehicle arrival at machine station: 452.82
		Waiting time until machine travel: 0.0

		Machine travel start time: 452.82
		Region 3 -> Region 1: 10.0
		Machine arrival at machine station: 462.82

		Machine 5 (Station 2)-> Task 6: 89.2
		Vehicle arrival at task: 552.02
		Waiting time until service start time: 0.0

	id: 6
		node: 5
		(x, y, z): (137, 137, 1)
		dem: 27
		earl: 339
		lat: 579
		servt: 10
		pid: 0
		did: 191
		servST: 552.02
		(h, h_ind): (5, 8)
		load: 62.0

	Finished service at time: 562.02

	Using Machine: 1
		Task 6 -> Machine 1 (Station 2): 91.93
		Vehicle arrival at machine station: 653.95
		Waiting time until machine travel: 0.0

		Machine travel start time: 653.95
		Region 1 -> Region 2: 5.0
		Machine arrival at machine station: 658.95

		Machine 1 (Station 3)-> Task 164: 12.04
		Vehicle arrival at task: 670.99
		Waiting time until service start time: 0.0

	id: 164
		node: 69
		(x, y, z): (65, 80, 2)
		dem: -13
		earl: 0
		lat: 2514
		servt: 10
		pid: 12
		did: 0
		servST: 670.99
		(h, h_ind): (1, 2)
		load: 49.0

	Finished service at time: 680.99

	Task 164 -> Task 38: 47.41
	Vehicle arrival at task: 728.4
	Waiting time until service start time: 0.0

	id: 38
		node: 21
		(x, y, z): (107, 102, 2)
		dem: 12
		earl: 0
		lat: 2477
		servt: 10
		pid: 0
		did: 19
		servST: 728.4
		(h, h_ind): (-1, 0)
		load: 61.0

	Finished service at time: 738.4

	Task 38 -> Task 191: 38.47
	Vehicle arrival at task: 776.87
	Waiting time until service start time: 0.0

	id: 191
		node: 65
		(x, y, z): (125, 68, 2)
		dem: -27
		earl: 708
		lat: 948
		servt: 10
		pid: 6
		did: 0
		servST: 776.87
		(h, h_ind): (-1, 0)
		load: 34.0

	Finished service at time: 786.87

	Using Machine: 5
		Task 191 -> Machine 5 (Station 3): 48.09
		Vehicle arrival at machine station: 834.96
		Waiting time until machine travel: 0.0

		Machine travel start time: 834.96
		Region 2 -> Region 3: 5.0
		Machine arrival at machine station: 839.96

		Machine 5 (Station 4)-> Task 23: 8.06
		Vehicle arrival at task: 848.02
		Waiting time until service start time: 0.0

	id: 23
		node: 12
		(x, y, z): (78, 63, 3)
		dem: 19
		earl: 0
		lat: 2515
		servt: 10
		pid: 0
		did: 110
		servST: 848.02
		(h, h_ind): (5, 14)
		load: 53.0

	Finished service at time: 858.02

	Task 23 -> Task 19: 40.46
	Vehicle arrival at task: 898.48
	Waiting time until service start time: 0.0

	id: 19
		node: 81
		(x, y, z): (104, 32, 3)
		dem: -12
		earl: 0
		lat: 2475
		servt: 10
		pid: 38
		did: 0
		servST: 898.48
		(h, h_ind): (-1, 0)
		load: 41.0

	Finished service at time: 908.48

	Task 19 -> Task 113: 78.55
	Vehicle arrival at task: 987.03
	Waiting time until service start time: 0.0

	id: 113
		node: 55
		(x, y, z): (37, 73, 3)
		dem: 33
		earl: 0
		lat: 2492
		servt: 10
		pid: 0
		did: 70
		servST: 987.03
		(h, h_ind): (-1, 0)
		load: 74.0

	Finished service at time: 997.03

	Using Machine: 4
		Task 113 -> Machine 4 (Station 4): 30.07
		Vehicle arrival at machine station: 1027.1
		Waiting time until machine travel: 0.0

		Machine travel start time: 1027.1
		Region 3 -> Region 2: 5.0
		Machine arrival at machine station: 1032.1

		Machine 4 (Station 3)-> Task 70: 23.32
		Vehicle arrival at task: 1055.4199999999998
		Waiting time until service start time: 0.0

	id: 70
		node: 115
		(x, y, z): (47, 83, 2)
		dem: -33
		earl: 0
		lat: 2499
		servt: 10
		pid: 113
		did: 0
		servST: 1055.4199999999998
		(h, h_ind): (4, 13)
		load: 41.0

	Finished service at time: 1065.4199999999998

	Using Machine: 4
		Task 70 -> Machine 4 (Station 3): 23.32
		Vehicle arrival at machine station: 1088.7399999999998
		Waiting time until machine travel: 0.0

		Machine travel start time: 1088.7399999999998
		Region 2 -> Region 0: 10.0
		Machine arrival at machine station: 1098.7399999999998

		Machine 4 (Station 1)-> Task 138: 43.28
		Vehicle arrival at task: 1142.0199999999998
		Waiting time until service start time: 0.0

	id: 138
		node: 71
		(x, y, z): (100, 99, 0)
		dem: -22
		earl: 1136
		lat: 1376
		servt: 10
		pid: 18
		did: 0
		servST: 1142.0199999999998
		(h, h_ind): (4, 14)
		load: 19.0

	Finished service at time: 1152.0199999999998

	Using Machine: 5
		Task 138 -> Machine 5 (Station 1): 36.24
		Vehicle arrival at machine station: 1188.2599999999998
		Waiting time until machine travel: 0.0

		Machine travel start time: 1188.2599999999998
		Region 0 -> Region 2: 10.0
		Machine arrival at machine station: 1198.2599999999998

		Machine 5 (Station 3)-> Task 58: 47.54
		Vehicle arrival at task: 1245.7999999999997
		Waiting time until service start time: 0.0

	id: 58
		node: 30
		(x, y, z): (59, 115, 2)
		dem: 26
		earl: 1195
		lat: 1435
		servt: 10
		pid: 0
		did: 86
		servST: 1245.7999999999997
		(h, h_ind): (5, 19)
		load: 45.0

	Finished service at time: 1255.7999999999997

	Using Machine: 4
		Task 58 -> Machine 4 (Station 3): 44.72
		Vehicle arrival at machine station: 1300.5199999999998
		Waiting time until machine travel: 0.0

		Machine travel start time: 1300.5199999999998
		Region 2 -> Region 1: 5.0
		Machine arrival at machine station: 1305.5199999999998

		Machine 4 (Station 2)-> Task 93: 79.25
		Vehicle arrival at task: 1384.7699999999998
		Waiting time until service start time: 0.0

	id: 93
		node: 46
		(x, y, z): (13, 129, 1)
		dem: 25
		earl: 1345
		lat: 1585
		servt: 10
		pid: 0
		did: 189
		servST: 1384.7699999999998
		(h, h_ind): (4, 18)
		load: 70.0

	Finished service at time: 1394.7699999999998

	Task 93 -> Task 189: 31.05
	Vehicle arrival at task: 1425.8199999999997
	Waiting time until service start time: 0.0

	id: 189
		node: 106
		(x, y, z): (5, 99, 1)
		dem: -25
		earl: 0
		lat: 2454
		servt: 10
		pid: 93
		did: 0
		servST: 1425.8199999999997
		(h, h_ind): (-1, 0)
		load: 45.0

	Finished service at time: 1435.8199999999997

	Using Machine: 4
		Task 189 -> Machine 4 (Station 2): 68.03
		Vehicle arrival at machine station: 1503.8499999999997
		Waiting time until machine travel: 0.0

		Machine travel start time: 1503.8499999999997
		Region 1 -> Region 3: 10.0
		Machine arrival at machine station: 1513.8499999999997

		Machine 4 (Station 4)-> Task 106: 54.41
		Vehicle arrival at task: 1568.2599999999998
		Waiting time until service start time: 0.0

	id: 106
		node: 51
		(x, y, z): (23, 39, 3)
		dem: 20
		earl: 1347
		lat: 1587
		servt: 10
		pid: 0
		did: 179
		servST: 1568.2599999999998
		(h, h_ind): (4, 21)
		load: 65.0

	Finished service at time: 1578.2599999999998

	Task 106 -> Task 110: 24.04
	Vehicle arrival at task: 1602.2999999999997
	Waiting time until service start time: 0.0

	id: 110
		node: 72
		(x, y, z): (16, 62, 3)
		dem: -19
		earl: 1524
		lat: 1764
		servt: 10
		pid: 23
		did: 0
		servST: 1602.2999999999997
		(h, h_ind): (-1, 0)
		load: 46.0

	Finished service at time: 1612.2999999999997

	Task 110 -> Task 112: 109.24
	Vehicle arrival at task: 1721.5399999999997
	Waiting time until service start time: 0.0

	id: 112
		node: 54
		(x, y, z): (123, 84, 3)
		dem: 13
		earl: 1606
		lat: 1846
		servt: 10
		pid: 0
		did: 102
		servST: 1721.5399999999997
		(h, h_ind): (-1, 0)
		load: 59.0

	Finished service at time: 1731.5399999999997

	Task 112 -> Task 13: 39.05
	Vehicle arrival at task: 1770.5899999999997
	Waiting time until service start time: 0.0

	id: 13
		node: 10
		(x, y, z): (121, 123, 3)
		dem: 9
		earl: 0
		lat: 2452
		servt: 10
		pid: 0
		did: 52
		servST: 1770.5899999999997
		(h, h_ind): (-1, 0)
		load: 68.0

	Finished service at time: 1780.5899999999997

	Task 13 -> Task 102: 46.57
	Vehicle arrival at task: 1827.1599999999996
	Waiting time until service start time: 0.0

	id: 102
		node: 114
		(x, y, z): (109, 78, 3)
		dem: -13
		earl: 0
		lat: 2486
		servt: 10
		pid: 112
		did: 0
		servST: 1827.1599999999996
		(h, h_ind): (-1, 0)
		load: 55.0

	Finished service at time: 1837.1599999999996

	Using Machine: 5
		Task 102 -> Machine 5 (Station 4): 32.76
		Vehicle arrival at machine station: 1869.9199999999996
		Waiting time until machine travel: 0.0

		Machine travel start time: 1869.9199999999996
		Region 3 -> Region 2: 5.0
		Machine arrival at machine station: 1874.9199999999996

		Machine 5 (Station 3)-> Task 179: 50.92
		Vehicle arrival at task: 1925.8399999999997
		Waiting time until service start time: 0.0

	id: 179
		node: 111
		(x, y, z): (60, 23, 2)
		dem: -20
		earl: 0
		lat: 2477
		servt: 10
		pid: 106
		did: 0
		servST: 1925.8399999999997
		(h, h_ind): (5, 22)
		load: 35.0

	Finished service at time: 1935.8399999999997

	Task 179 -> Task 52: 11.05
	Vehicle arrival at task: 1946.8899999999996
	Waiting time until service start time: 0.0

	id: 52
		node: 70
		(x, y, z): (61, 34, 2)
		dem: -9
		earl: 1830
		lat: 2070
		servt: 10
		pid: 13
		did: 0
		servST: 1946.8899999999996
		(h, h_ind): (-1, 0)
		load: 26.0

	Finished service at time: 1956.8899999999996

	Using Machine: 2
		Task 52 -> Machine 2 (Station 3): 37.85
		Vehicle arrival at machine station: 1994.7399999999996
		Waiting time until machine travel: 0.0

		Machine travel start time: 1994.7399999999996
		Region 2 -> Region 0: 10.0
		Machine arrival at machine station: 2004.7399999999996

		Machine 2 (Station 1)-> Task 86: 25.08
		Vehicle arrival at task: 2029.8199999999995
		Waiting time until service start time: 0.0

	id: 86
		node: 90
		(x, y, z): (67, 96, 0)
		dem: -26
		earl: 1908
		lat: 2148
		servt: 10
		pid: 58
		did: 0
		servST: 2029.8199999999995
		(h, h_ind): (2, 10)
		load: 0.0

	Finished service at time: 2039.8199999999995

	Task 86 -> Task 0: 26.17
	Vehicle arrival at task: 2065.9899999999993
	Waiting time until service start time: 0.0

	id: 0
		node: 122
		(x, y, z): (70, 70, 0)
		dem: 0
		earl: 0
		lat: 2535
		servt: 0
		pid: 0
		did: 0
		servST: 2065.9899999999993
		(h, h_ind): (-1, 0)
		load: 0.0


Vehicle 48 :
	id: 0
		node: 1
		(x, y, z): (70, 70, 0)
		dem: 0
		earl: 0
		lat: 2535
		servt: 0
		pid: 0
		did: 0
		servST: 16.13000000000059
		(h, h_ind): (-1, 0)
		load: 0.0

	Finished service at time: 16.13000000000059

	Using Machine: 2
		Task 0 -> Machine 2 (Station 1): 1.41
		Vehicle arrival at machine station: 17.54000000000059
		Waiting time until machine travel: 0.0

		Machine travel start time: 17.54000000000059
		Region 0 -> Region 3: 15.0
		Machine arrival at machine station: 32.54000000000059

		Machine 2 (Station 4)-> Task 74: 31.89
		Vehicle arrival at task: 64.43000000000059
		Waiting time until service start time: 0.0

	id: 74
		node: 35
		(x, y, z): (48, 47, 3)
		dem: 19
		earl: 31
		lat: 271
		servt: 10
		pid: 0
		did: 44
		servST: 64.43000000000059
		(h, h_ind): (2, 1)
		load: 19.0

	Finished service at time: 74.43000000000059

	Using Machine: 4
		Task 74 -> Machine 4 (Station 4): 30.61
		Vehicle arrival at machine station: 105.04000000000059
		Waiting time until machine travel: 0.0

		Machine travel start time: 105.04000000000059
		Region 3 -> Region 0: 15.0
		Machine arrival at machine station: 120.04000000000059

		Machine 4 (Station 1)-> Task 26: 61.07
		Vehicle arrival at task: 181.11000000000058
		Waiting time until service start time: 0.0

	id: 26
		node: 14
		(x, y, z): (64, 132, 0)
		dem: 8
		earl: 170
		lat: 410
		servt: 10
		pid: 0
		did: 173
		servST: 181.11000000000058
		(h, h_ind): (4, 3)
		load: 27.0

	Finished service at time: 191.11000000000058

	Using Machine: 5
		Task 26 -> Machine 5 (Station 1): 62.37
		Vehicle arrival at machine station: 253.4800000000006
		Waiting time until machine travel: 0.0

		Machine travel start time: 253.4800000000006
		Region 0 -> Region 3: 15.0
		Machine arrival at machine station: 268.4800000000006

		Machine 5 (Station 4)-> Task 31: 69.35
		Vehicle arrival at task: 337.8300000000006
		Waiting time until service start time: 14.69

	id: 31
		node: 16
		(x, y, z): (140, 42, 3)
		dem: 13
		earl: 0
		lat: 2450
		servt: 10
		pid: 0
		did: 15
		servST: 352.51999999999987
		(h, h_ind): (5, 5)
		load: 40.0

	Finished service at time: 362.51999999999987

	Using Machine: 5
		Task 31 -> Machine 5 (Station 4): 69.35
		Vehicle arrival at machine station: 431.8699999999999
		Waiting time until machine travel: 0.0

		Machine travel start time: 431.8699999999999
		Region 3 -> Region 1: 10.0
		Machine arrival at machine station: 441.8699999999999

		Machine 5 (Station 2)-> Task 15: 87.73
		Vehicle arrival at task: 529.5999999999999
		Waiting time until service start time: 0.0

	id: 15
		node: 76
		(x, y, z): (137, 7, 1)
		dem: -13
		earl: 0
		lat: 2434
		servt: 10
		pid: 31
		did: 0
		servST: 529.5999999999999
		(h, h_ind): (5, 7)
		load: 27.0

	Finished service at time: 539.5999999999999

	Task 15 -> Task 103: 25.81
	Vehicle arrival at task: 565.4099999999999
	Waiting time until service start time: 0.0

	id: 103
		node: 49
		(x, y, z): (116, 22, 1)
		dem: 32
		earl: 491
		lat: 731
		servt: 10
		pid: 0
		did: 60
		servST: 565.41
		(h, h_ind): (-1, 0)
		load: 59.0

	Finished service at time: 575.41

	Task 103 -> Task 44: 81.74
	Vehicle arrival at task: 657.15
	Waiting time until service start time: 0.0

	id: 44
		node: 95
		(x, y, z): (137, 101, 1)
		dem: -19
		earl: 617
		lat: 857
		servt: 10
		pid: 74
		did: 0
		servST: 657.15
		(h, h_ind): (-1, 0)
		load: 40.0

	Finished service at time: 667.15

	Using Machine: 5
		Task 44 -> Machine 5 (Station 2): 67.08
		Vehicle arrival at machine station: 734.23
		Waiting time until machine travel: 0.0

		Machine travel start time: 734.23
		Region 1 -> Region 0: 5.0
		Machine arrival at machine station: 739.23

		Machine 5 (Station 1)-> Task 50: 68.25
		Vehicle arrival at task: 807.48
		Waiting time until service start time: 0.0

	id: 50
		node: 27
		(x, y, z): (64, 138, 0)
		dem: 15
		earl: 0
		lat: 2457
		servt: 10
		pid: 0
		did: 124
		servST: 807.48
		(h, h_ind): (5, 12)
		load: 55.0

	Finished service at time: 817.48

	Task 50 -> Task 90: 9.06
	Vehicle arrival at task: 826.54
	Waiting time until service start time: 0.0

	id: 90
		node: 43
		(x, y, z): (63, 129, 0)
		dem: 7
		earl: 765
		lat: 1005
		servt: 10
		pid: 0
		did: 17
		servST: 826.5400000000001
		(h, h_ind): (-1, 0)
		load: 62.0

	Finished service at time: 836.5400000000001

	Using Machine: 5
		Task 90 -> Machine 5 (Station 1): 59.67
		Vehicle arrival at machine station: 896.21
		Waiting time until machine travel: 0.0

		Machine travel start time: 896.21
		Region 0 -> Region 3: 15.0
		Machine arrival at machine station: 911.21

		Machine 5 (Station 4)-> Task 124: 40.79
		Vehicle arrival at task: 952.0
		Waiting time until service start time: 0.0

	id: 124
		node: 87
		(x, y, z): (85, 111, 3)
		dem: -15
		earl: 952
		lat: 1192
		servt: 10
		pid: 50
		did: 0
		servST: 952.0
		(h, h_ind): (5, 15)
		load: 47.0

	Finished service at time: 962.0

	Using Machine: 5
		Task 124 -> Machine 5 (Station 4): 40.79
		Vehicle arrival at machine station: 1002.79
		Waiting time until machine travel: 0.0

		Machine travel start time: 1002.79
		Region 3 -> Region 1: 10.0
		Machine arrival at machine station: 1012.79

		Machine 5 (Station 2)-> Task 9: 54.92
		Vehicle arrival at task: 1067.71
		Waiting time until service start time: 0.0

	id: 9
		node: 7
		(x, y, z): (107, 25, 1)
		dem: 13
		earl: 1035
		lat: 1275
		servt: 10
		pid: 0
		did: 82
		servST: 1067.71
		(h, h_ind): (5, 16)
		load: 60.0

	Finished service at time: 1077.71

	Task 9 -> Task 60: 52.0
	Vehicle arrival at task: 1129.71
	Waiting time until service start time: 0.0

	id: 60
		node: 109
		(x, y, z): (107, 77, 1)
		dem: -32
		earl: 0
		lat: 2488
		servt: 10
		pid: 103
		did: 0
		servST: 1129.71
		(h, h_ind): (-1, 0)
		load: 28.0

	Finished service at time: 1139.71

	Using Machine: 5
		Task 60 -> Machine 5 (Station 2): 30.59
		Vehicle arrival at machine station: 1170.3
		Waiting time until machine travel: 0.0

		Machine travel start time: 1170.3
		Region 1 -> Region 2: 5.0
		Machine arrival at machine station: 1175.3

		Machine 5 (Station 3)-> Task 45: 32.39
		Vehicle arrival at task: 1207.69
		Waiting time until service start time: 2.42

	id: 45
		node: 25
		(x, y, z): (82, 103, 2)
		dem: 15
		earl: 0
		lat: 2490
		servt: 10
		pid: 0
		did: 16
		servST: 1210.1100000000004
		(h, h_ind): (5, 18)
		load: 43.0

	Finished service at time: 1220.1100000000004

	Using Machine: 4
		Task 45 -> Machine 4 (Station 3): 35.34
		Vehicle arrival at machine station: 1255.4500000000003
		Waiting time until machine travel: 0.0

		Machine travel start time: 1255.4500000000003
		Region 2 -> Region 3: 5.0
		Machine arrival at machine station: 1260.4500000000003

		Machine 4 (Station 4)-> Task 17: 46.07
		Vehicle arrival at task: 1306.5200000000002
		Waiting time until service start time: 0.0

	id: 17
		node: 103
		(x, y, z): (46, 112, 3)
		dem: -7
		earl: 1084
		lat: 1324
		servt: 10
		pid: 90
		did: 0
		servST: 1306.5200000000002
		(h, h_ind): (4, 17)
		load: 36.0

	Finished service at time: 1316.5200000000002

	Task 17 -> Task 16: 7.21
	Vehicle arrival at task: 1323.7300000000002
	Waiting time until service start time: 0.0

	id: 16
		node: 85
		(x, y, z): (50, 106, 3)
		dem: -15
		earl: 1221
		lat: 1461
		servt: 10
		pid: 45
		did: 0
		servST: 1323.7300000000002
		(h, h_ind): (-1, 0)
		load: 21.0

	Finished service at time: 1333.7300000000002

	Using Machine: 4
		Task 16 -> Machine 4 (Station 4): 38.91
		Vehicle arrival at machine station: 1372.6400000000003
		Waiting time until machine travel: 0.0

		Machine travel start time: 1372.6400000000003
		Region 3 -> Region 2: 5.0
		Machine arrival at machine station: 1377.6400000000003

		Machine 4 (Station 3)-> Task 99: 12.37
		Vehicle arrival at task: 1390.0100000000002
		Waiting time until service start time: 0.0

	id: 99
		node: 47
		(x, y, z): (70, 83, 2)
		dem: 23
		earl: 0
		lat: 2512
		servt: 10
		pid: 0
		did: 57
		servST: 1390.0100000000002
		(h, h_ind): (4, 20)
		load: 44.0

	Finished service at time: 1400.0100000000002

	Using Machine: 2
		Task 99 -> Machine 2 (Station 3): 12.04
		Vehicle arrival at machine station: 1412.0500000000002
		Waiting time until machine travel: 0.0

		Machine travel start time: 1412.0500000000002
		Region 2 -> Region 0: 10.0
		Machine arrival at machine station: 1422.0500000000002

		Machine 2 (Station 1)-> Task 57: 44.0
		Vehicle arrival at task: 1466.0500000000002
		Waiting time until service start time: 0.0

	id: 57
		node: 107
		(x, y, z): (69, 115, 0)
		dem: -23
		earl: 0
		lat: 2480
		servt: 10
		pid: 99
		did: 0
		servST: 1466.0500000000002
		(h, h_ind): (2, 5)
		load: 21.0

	Finished service at time: 1476.0500000000002

	Task 57 -> Task 173: 5.39
	Vehicle arrival at task: 1481.4400000000003
	Waiting time until service start time: 0.0

	id: 173
		node: 74
		(x, y, z): (67, 120, 0)
		dem: -8
		earl: 1375
		lat: 1615
		servt: 10
		pid: 26
		did: 0
		servST: 1481.4400000000003
		(h, h_ind): (-1, 0)
		load: 13.0

	Finished service at time: 1491.4400000000003

	Using Machine: 4
		Task 173 -> Machine 4 (Station 1): 49.0
		Vehicle arrival at machine station: 1540.4400000000003
		Waiting time until machine travel: 0.0

		Machine travel start time: 1540.4400000000003
		Region 0 -> Region 3: 15.0
		Machine arrival at machine station: 1555.4400000000003

		Machine 4 (Station 4)-> Task 82: 35.36
		Vehicle arrival at task: 1590.8000000000002
		Waiting time until service start time: 0.0

	id: 82
		node: 67
		(x, y, z): (36, 54, 3)
		dem: -13
		earl: 1428
		lat: 1668
		servt: 10
		pid: 9
		did: 0
		servST: 1590.8000000000002
		(h, h_ind): (4, 22)
		load: 0.0

	Finished service at time: 1600.8000000000002

	Task 82 -> Task 109: 24.08
	Vehicle arrival at task: 1624.88
	Waiting time until service start time: 0.0

	id: 109
		node: 52
		(x, y, z): (18, 70, 3)
		dem: 26
		earl: 1504
		lat: 1744
		servt: 10
		pid: 0
		did: 53
		servST: 1624.88
		(h, h_ind): (-1, 0)
		load: 26.0

	Finished service at time: 1634.88

	Task 109 -> Task 121: 39.4
	Vehicle arrival at task: 1674.2800000000002
	Waiting time until service start time: 0.0

	id: 121
		node: 60
		(x, y, z): (2, 106, 3)
		dem: 16
		earl: 1487
		lat: 1727
		servt: 10
		pid: 0
		did: 171
		servST: 1674.2800000000002
		(h, h_ind): (-1, 0)
		load: 42.0

	Finished service at time: 1684.2800000000002

	Task 121 -> Task 25: 44.2
	Vehicle arrival at task: 1728.4800000000002
	Waiting time until service start time: 0.0

	id: 25
		node: 13
		(x, y, z): (37, 79, 3)
		dem: 5
		earl: 0
		lat: 2491
		servt: 10
		pid: 0
		did: 87
		servST: 1728.4800000000002
		(h, h_ind): (-1, 0)
		load: 47.0

	Finished service at time: 1738.4800000000002

	Using Machine: 2
		Task 25 -> Machine 2 (Station 4): 32.98
		Vehicle arrival at machine station: 1771.4600000000003
		Waiting time until machine travel: 0.0

		Machine travel start time: 1771.4600000000003
		Region 3 -> Region 1: 10.0
		Machine arrival at machine station: 1781.4600000000003

		Machine 2 (Station 2)-> Task 10: 84.81
		Vehicle arrival at task: 1866.2700000000002
		Waiting time until service start time: 0.0

	id: 10
		node: 8
		(x, y, z): (17, 138, 1)
		dem: 8
		earl: 1670
		lat: 1910
		servt: 10
		pid: 0
		did: 73
		servST: 1866.2700000000002
		(h, h_ind): (2, 8)
		load: 55.0

	Finished service at time: 1876.2700000000002

	Task 10 -> Task 87: 68.15
	Vehicle arrival at task: 1944.4200000000003
	Waiting time until service start time: 0.0

	id: 87
		node: 73
		(x, y, z): (34, 72, 1)
		dem: -5
		earl: 0
		lat: 2489
		servt: 10
		pid: 25
		did: 0
		servST: 1944.4200000000003
		(h, h_ind): (-1, 0)
		load: 50.0

	Finished service at time: 1954.4200000000003

	Using Machine: 4
		Task 87 -> Machine 4 (Station 2): 33.02
		Vehicle arrival at machine station: 1987.4400000000003
		Waiting time until machine travel: 0.0

		Machine travel start time: 1987.4400000000003
		Region 1 -> Region 0: 5.0
		Machine arrival at machine station: 1992.4400000000003

		Machine 4 (Station 1)-> Task 73: 40.31
		Vehicle arrival at task: 2032.7500000000002
		Waiting time until service start time: 0.0

	id: 73
		node: 68
		(x, y, z): (39, 100, 0)
		dem: -8
		earl: 0
		lat: 2482
		servt: 10
		pid: 10
		did: 0
		servST: 2032.7500000000002
		(h, h_ind): (4, 27)
		load: 42.0

	Finished service at time: 2042.7500000000002

	Task 73 -> Task 53: 26.4
	Vehicle arrival at task: 2069.15
	Waiting time until service start time: 0.0

	id: 53
		node: 112
		(x, y, z): (60, 84, 0)
		dem: -26
		earl: 1866
		lat: 2106
		servt: 10
		pid: 109
		did: 0
		servST: 2069.15
		(h, h_ind): (-1, 0)
		load: 16.0

	Finished service at time: 2079.15

	Using Machine: 4
		Task 53 -> Machine 4 (Station 1): 14.76
		Vehicle arrival at machine station: 2093.9100000000003
		Waiting time until machine travel: 0.0

		Machine travel start time: 2093.9100000000003
		Region 0 -> Region 2: 10.0
		Machine arrival at machine station: 2103.9100000000003

		Machine 4 (Station 3)-> Task 171: 11.05
		Vehicle arrival at task: 2114.9600000000005
		Waiting time until service start time: 0.0

	id: 171
		node: 120
		(x, y, z): (66, 82, 2)
		dem: -16
		earl: 0
		lat: 2513
		servt: 10
		pid: 121
		did: 0
		servST: 2114.9600000000005
		(h, h_ind): (4, 28)
		load: 0.0

	Finished service at time: 2124.9600000000005

	Using Machine: 2
		Task 171 -> Machine 2 (Station 3): 11.4
		Vehicle arrival at machine station: 2136.3600000000006
		Waiting time until machine travel: 0.0

		Machine travel start time: 2136.3600000000006
		Region 2 -> Region 0: 10.0
		Machine arrival at machine station: 2146.3600000000006

		Machine 2 (Station 1)-> Task 0: 1.41
		Vehicle arrival at task: 2147.7700000000004
		Waiting time until service start time: 0.0

	id: 0
		node: 122
		(x, y, z): (70, 70, 0)
		dem: 0
		earl: 0
		lat: 2535
		servt: 0
		pid: 0
		did: 0
		servST: 2147.7700000000004
		(h, h_ind): (2, 12)
		load: 0.0


Vehicle 51 :
	id: 0
		node: 1
		(x, y, z): (70, 70, 0)
		dem: 0
		earl: 0
		lat: 2535
		servt: 0
		pid: 0
		did: 0
		servST: 25.68000000000002
		(h, h_ind): (-1, 0)
		load: 0.0

	Finished service at time: 25.68000000000002

	Using Machine: 5
		Task 0 -> Machine 5 (Station 1): 7.07
		Vehicle arrival at machine station: 32.75000000000002
		Waiting time until machine travel: 0.0

		Machine travel start time: 32.75000000000002
		Region 0 -> Region 1: 5.0
		Machine arrival at machine station: 37.75000000000002

		Machine 5 (Station 2)-> Task 80: 6.08
		Vehicle arrival at task: 43.83000000000002
		Waiting time until service start time: 0.0

	id: 80
		node: 39
		(x, y, z): (71, 70, 1)
		dem: 9
		earl: 0
		lat: 2524
		servt: 10
		pid: 0
		did: 119
		servST: 43.83000000000002
		(h, h_ind): (5, 1)
		load: 9.0

	Finished service at time: 53.83000000000002

	Using Machine: 2
		Task 80 -> Machine 2 (Station 2): 2.24
		Vehicle arrival at machine station: 56.07000000000002
		Waiting time until machine travel: 0.0

		Machine travel start time: 56.07000000000002
		Region 1 -> Region 0: 5.0
		Machine arrival at machine station: 61.07000000000002

		Machine 2 (Station 1)-> Task 3: 41.44
		Vehicle arrival at task: 102.51000000000002
		Waiting time until service start time: 0.0

	id: 3
		node: 3
		(x, y, z): (30, 57, 0)
		dem: 20
		earl: 0
		lat: 2483
		servt: 10
		pid: 0
		did: 95
		servST: 102.51000000000002
		(h, h_ind): (2, 2)
		load: 29.0

	Finished service at time: 112.51000000000002

	Using Machine: 5
		Task 3 -> Machine 5 (Station 1): 49.04
		Vehicle arrival at machine station: 161.55
		Waiting time until machine travel: 0.0

		Machine travel start time: 161.55
		Region 0 -> Region 1: 5.0
		Machine arrival at machine station: 166.55

		Machine 5 (Station 2)-> Task 119: 44.38
		Vehicle arrival at task: 210.93
		Waiting time until service start time: 0.0

	id: 119
		node: 99
		(x, y, z): (120, 60, 1)
		dem: -9
		earl: 156
		lat: 396
		servt: 10
		pid: 80
		did: 0
		servST: 210.93
		(h, h_ind): (5, 4)
		load: 20.0

	Finished service at time: 220.93

	Task 119 -> Task 8: 66.07
	Vehicle arrival at task: 287.0
	Waiting time until service start time: 0.0

	id: 8
		node: 6
		(x, y, z): (78, 111, 1)
		dem: 22
		earl: 47
		lat: 287
		servt: 10
		pid: 0
		did: 136
		servST: 287.0
		(h, h_ind): (-1, 0)
		load: 42.0

	Finished service at time: 297.0

	Task 8 -> Task 136: 30.41
	Vehicle arrival at task: 327.41
	Waiting time until service start time: -0.0

	id: 136
		node: 66
		(x, y, z): (92, 138, 1)
		dem: -22
		earl: 0
		lat: 2454
		servt: 10
		pid: 8
		did: 0
		servST: 327.40999999999997
		(h, h_ind): (-1, 0)
		load: 20.0

	Finished service at time: 337.40999999999997

	Task 136 -> Task 95: 36.4
	Vehicle arrival at task: 373.80999999999995
	Waiting time until service start time: 0.0

	id: 95
		node: 63
		(x, y, z): (114, 109, 1)
		dem: -20
		earl: 249
		lat: 489
		servt: 10
		pid: 3
		did: 0
		servST: 373.80999999999995
		(h, h_ind): (-1, 0)
		load: 0.0

	Finished service at time: 383.80999999999995

	Using Machine: 3
		Task 95 -> Machine 3 (Station 2): 54.45
		Vehicle arrival at machine station: 438.25999999999993
		Waiting time until machine travel: 0.0

		Machine travel start time: 438.25999999999993
		Region 1 -> Region 0: 5.0
		Machine arrival at machine station: 443.25999999999993

		Machine 3 (Station 1)-> Task 42: 48.85
		Vehicle arrival at task: 492.10999999999996
		Waiting time until service start time: 0.0

	id: 42
		node: 24
		(x, y, z): (120, 52, 0)
		dem: 20
		earl: 0
		lat: 2472
		servt: 10
		pid: 0
		did: 43
		servST: 492.10999999999996
		(h, h_ind): (3, 2)
		load: 20.0

	Finished service at time: 502.10999999999996

	Task 42 -> Task 43: 21.19
	Vehicle arrival at task: 523.3
	Waiting time until service start time: 0.0

	id: 43
		node: 84
		(x, y, z): (113, 32, 0)
		dem: -20
		earl: 0
		lat: 2468
		servt: 10
		pid: 42
		did: 0
		servST: 523.3
		(h, h_ind): (-1, 0)
		load: 0.0

	Finished service at time: 533.3

	Task 43 -> Task 0: 57.38
	Vehicle arrival at task: 590.68
	Waiting time until service start time: 0.0

	id: 0
		node: 122
		(x, y, z): (70, 70, 0)
		dem: 0
		earl: 0
		lat: 2535
		servt: 0
		pid: 0
		did: 0
		servST: 590.68
		(h, h_ind): (-1, 0)
		load: 0.0


Vehicle 53 :
	id: 0
		node: 1
		(x, y, z): (70, 70, 0)
		dem: 0
		earl: 0
		lat: 2535
		servt: 0
		pid: 0
		did: 0
		servST: 36.420000000000584
		(h, h_ind): (-1, 0)
		load: 0.0

	Finished service at time: 36.420000000000584

	Using Machine: 4
		Task 0 -> Machine 4 (Station 1): 3.16
		Vehicle arrival at machine station: 39.58000000000058
		Waiting time until machine travel: 0.0

		Machine travel start time: 39.58000000000058
		Region 0 -> Region 2: 10.0
		Machine arrival at machine station: 49.58000000000058

		Machine 4 (Station 3)-> Task 111: 15.23
		Vehicle arrival at task: 64.81000000000058
		Waiting time until service start time: 0.0

	id: 111
		node: 53
		(x, y, z): (61, 57, 2)
		dem: 35
		earl: 0
		lat: 2510
		servt: 10
		pid: 0
		did: 163
		servST: 64.81000000000058
		(h, h_ind): (4, 1)
		load: 35.0

	Finished service at time: 74.81000000000058

	Using Machine: 4
		Task 111 -> Machine 4 (Station 3): 15.23
		Vehicle arrival at machine station: 90.04000000000059
		Waiting time until machine travel: 0.0

		Machine travel start time: 90.04000000000059
		Region 2 -> Region 1: 5.0
		Machine arrival at machine station: 95.04000000000059

		Machine 4 (Station 2)-> Task 163: 14.76
		Vehicle arrival at task: 109.8000000000006
		Waiting time until service start time: -0.0

	id: 163
		node: 113
		(x, y, z): (54, 78, 1)
		dem: -35
		earl: 0
		lat: 2508
		servt: 10
		pid: 111
		did: 0
		servST: 109.80000000000058
		(h, h_ind): (4, 2)
		load: 0.0

	Finished service at time: 119.80000000000058

	Using Machine: 2
		Task 163 -> Machine 2 (Station 2): 16.55
		Vehicle arrival at machine station: 136.3500000000006
		Waiting time until machine travel: 0.0

		Machine travel start time: 136.3500000000006
		Region 1 -> Region 3: 10.0
		Machine arrival at machine station: 146.3500000000006

		Machine 2 (Station 4)-> Task 116: 37.74
		Vehicle arrival at task: 184.0900000000006
		Waiting time until service start time: 0.0

	id: 116
		node: 58
		(x, y, z): (89, 39, 3)
		dem: 23
		earl: 36
		lat: 276
		servt: 10
		pid: 0
		did: 14
		servST: 184.0900000000006
		(h, h_ind): (2, 3)
		load: 23.0

	Finished service at time: 194.0900000000006

	Task 116 -> Task 65: 11.18
	Vehicle arrival at task: 205.2700000000006
	Waiting time until service start time: 37.73

	id: 65
		node: 32
		(x, y, z): (99, 34, 3)
		dem: 9
		earl: 243
		lat: 483
		servt: 10
		pid: 0
		did: 120
		servST: 243.0
		(h, h_ind): (-1, 0)
		load: 32.0

	Finished service at time: 253.0

	Using Machine: 2
		Task 65 -> Machine 2 (Station 4): 47.63
		Vehicle arrival at machine station: 300.63
		Waiting time until machine travel: 0.0

		Machine travel start time: 300.63
		Region 3 -> Region 1: 10.0
		Machine arrival at machine station: 310.63

		Machine 2 (Station 2)-> Task 36: 44.82
		Vehicle arrival at task: 355.45
		Waiting time until service start time: 0.0

	id: 36
		node: 20
		(x, y, z): (41, 36, 1)
		dem: 13
		earl: 146
		lat: 386
		servt: 10
		pid: 0
		did: 37
		servST: 355.45
		(h, h_ind): (2, 4)
		load: 45.0

	Finished service at time: 365.45

	Using Machine: 4
		Task 36 -> Machine 4 (Station 2): 43.6
		Vehicle arrival at machine station: 409.05
		Waiting time until machine travel: 0.0

		Machine travel start time: 409.05
		Region 1 -> Region 0: 5.0
		Machine arrival at machine station: 414.05

		Machine 4 (Station 1)-> Task 14: 55.8
		Vehicle arrival at task: 469.85
		Waiting time until service start time: 0.0

	id: 14
		node: 118
		(x, y, z): (22, 104, 0)
		dem: -23
		earl: 0
		lat: 2467
		servt: 10
		pid: 116
		did: 0
		servST: 469.85
		(h, h_ind): (4, 7)
		load: 22.0

	Finished service at time: 479.85

	Using Machine: 4
		Task 14 -> Machine 4 (Station 1): 55.8
		Vehicle arrival at machine station: 535.65
		Waiting time until machine travel: 0.0

		Machine travel start time: 535.65
		Region 0 -> Region 2: 10.0
		Machine arrival at machine station: 545.65

		Machine 4 (Station 3)-> Task 88: 72.18
		Vehicle arrival at task: 617.8299999999999
		Waiting time until service start time: 0.0

	id: 88
		node: 41
		(x, y, z): (120, 22, 2)
		dem: 39
		earl: 396
		lat: 636
		servt: 10
		pid: 0
		did: 122
		servST: 617.8299999999999
		(h, h_ind): (4, 8)
		load: 61.0

	Finished service at time: 627.8299999999999

	Using Machine: 5
		Task 88 -> Machine 5 (Station 3): 65.19
		Vehicle arrival at machine station: 693.02
		Waiting time until machine travel: 0.0

		Machine travel start time: 693.02
		Region 2 -> Region 0: 10.0
		Machine arrival at machine station: 703.02

		Machine 5 (Station 1)-> Task 122: 45.18
		Vehicle arrival at task: 748.1999999999999
		Waiting time until service start time: 0.0

	id: 122
		node: 101
		(x, y, z): (117, 92, 0)
		dem: -39
		earl: 0
		lat: 2474
		servt: 10
		pid: 88
		did: 0
		servST: 748.1999999999999
		(h, h_ind): (5, 11)
		load: 22.0

	Finished service at time: 758.1999999999999

	Using Machine: 5
		Task 122 -> Machine 5 (Station 1): 45.18
		Vehicle arrival at machine station: 803.3799999999999
		Waiting time until machine travel: 0.0

		Machine travel start time: 803.3799999999999
		Region 0 -> Region 2: 10.0
		Machine arrival at machine station: 813.3799999999999

		Machine 5 (Station 3)-> Task 40: 82.88
		Vehicle arrival at task: 896.2599999999999
		Waiting time until service start time: 0.0

	id: 40
		node: 22
		(x, y, z): (132, 133, 2)
		dem: 24
		earl: 0
		lat: 2437
		servt: 10
		pid: 0
		did: 72
		servST: 896.2599999999999
		(h, h_ind): (5, 13)
		load: 46.0

	Finished service at time: 906.2599999999999

	Task 40 -> Task 77: 93.61
	Vehicle arrival at task: 999.8699999999999
	Waiting time until service start time: 0.0

	id: 77
		node: 37
		(x, y, z): (103, 44, 2)
		dem: 12
		earl: 0
		lat: 2483
		servt: 10
		pid: 0
		did: 94
		servST: 999.8699999999999
		(h, h_ind): (-1, 0)
		load: 58.0

	Finished service at time: 1009.8699999999999

	Task 77 -> Task 120: 24.6
	Vehicle arrival at task: 1034.4699999999998
	Waiting time until service start time: 0.0

	id: 120
		node: 92
		(x, y, z): (92, 22, 2)
		dem: -9
		earl: 0
		lat: 2473
		servt: 10
		pid: 65
		did: 0
		servST: 1034.4699999999998
		(h, h_ind): (-1, 0)
		load: 49.0

	Finished service at time: 1044.4699999999998

	Task 120 -> Task 72: 8.06
	Vehicle arrival at task: 1052.5299999999997
	Waiting time until service start time: 0.0

	id: 72
		node: 82
		(x, y, z): (88, 29, 2)
		dem: -24
		earl: 0
		lat: 2481
		servt: 10
		pid: 40
		did: 0
		servST: 1052.5299999999997
		(h, h_ind): (-1, 0)
		load: 25.0

	Finished service at time: 1062.5299999999997

	Task 72 -> Task 81: 17.72
	Vehicle arrival at task: 1080.2499999999998
	Waiting time until service start time: 0.0

	id: 81
		node: 40
		(x, y, z): (83, 12, 2)
		dem: 29
		earl: 0
		lat: 2466
		servt: 10
		pid: 0
		did: 83
		servST: 1080.2499999999998
		(h, h_ind): (-1, 0)
		load: 54.0

	Finished service at time: 1090.2499999999998

	Using Machine: 4
		Task 81 -> Machine 4 (Station 3): 61.13
		Vehicle arrival at machine station: 1151.3799999999999
		Waiting time until machine travel: -0.0

		Machine travel start time: 1151.3799999999997
		Region 2 -> Region 1: 5.0
		Machine arrival at machine station: 1156.3799999999997

		Machine 4 (Station 2)-> Task 94: 60.75
		Vehicle arrival at task: 1217.1299999999997
		Waiting time until service start time: 0.0

	id: 94
		node: 97
		(x, y, z): (34, 20, 1)
		dem: -12
		earl: 0
		lat: 2464
		servt: 10
		pid: 77
		did: 0
		servST: 1217.1299999999997
		(h, h_ind): (4, 15)
		load: 42.0

	Finished service at time: 1227.1299999999997

	Task 94 -> Task 37: 72.69
	Vehicle arrival at task: 1299.8199999999997
	Waiting time until service start time: 0.0

	id: 37
		node: 80
		(x, y, z): (106, 10, 1)
		dem: -13
		earl: 1135
		lat: 1375
		servt: 10
		pid: 36
		did: 0
		servST: 1299.8199999999997
		(h, h_ind): (-1, 0)
		load: 29.0

	Finished service at time: 1309.8199999999997

	Task 37 -> Task 27: 123.0
	Vehicle arrival at task: 1432.8199999999997
	Waiting time until service start time: 0.0

	id: 27
		node: 15
		(x, y, z): (133, 130, 1)
		dem: 13
		earl: 0
		lat: 2438
		servt: 10
		pid: 0
		did: 76
		servST: 1432.8199999999997
		(h, h_ind): (-1, 0)
		load: 42.0

	Finished service at time: 1442.8199999999997

	Using Machine: 2
		Task 27 -> Machine 2 (Station 2): 87.05
		Vehicle arrival at machine station: 1529.8699999999997
		Waiting time until machine travel: 0.0

		Machine travel start time: 1529.8699999999997
		Region 1 -> Region 3: 10.0
		Machine arrival at machine station: 1539.8699999999997

		Machine 2 (Station 4)-> Task 76: 79.4
		Vehicle arrival at task: 1619.2699999999998
		Waiting time until service start time: 0.0

	id: 76
		node: 75
		(x, y, z): (9, 19, 3)
		dem: -13
		earl: 1431
		lat: 1671
		servt: 10
		pid: 27
		did: 0
		servST: 1619.2699999999998
		(h, h_ind): (2, 6)
		load: 29.0

	Finished service at time: 1629.2699999999998

	Using Machine: 4
		Task 76 -> Machine 4 (Station 4): 77.9
		Vehicle arrival at machine station: 1707.1699999999998
		Waiting time until machine travel: 0.0

		Machine travel start time: 1707.1699999999998
		Region 3 -> Region 0: 15.0
		Machine arrival at machine station: 1722.1699999999998

		Machine 4 (Station 1)-> Task 83: 55.15
		Vehicle arrival at task: 1777.32
		Waiting time until service start time: 0.0

	id: 83
		node: 100
		(x, y, z): (16, 92, 0)
		dem: -29
		earl: 0
		lat: 2467
		servt: 10
		pid: 81
		did: 0
		servST: 1777.32
		(h, h_ind): (4, 24)
		load: 0.0

	Finished service at time: 1787.32

	Task 83 -> Task 105: 28.16
	Vehicle arrival at task: 1815.48
	Waiting time until service start time: 0.0

	id: 105
		node: 50
		(x, y, z): (19, 120, 0)
		dem: 16
		earl: 0
		lat: 2454
		servt: 10
		pid: 0
		did: 85
		servST: 1815.48
		(h, h_ind): (-1, 0)
		load: 16.0

	Finished service at time: 1825.48

	Using Machine: 4
		Task 105 -> Machine 4 (Station 1): 68.59
		Vehicle arrival at machine station: 1894.07
		Waiting time until machine travel: 0.0

		Machine travel start time: 1894.07
		Region 0 -> Region 2: 10.0
		Machine arrival at machine station: 1904.07

		Machine 4 (Station 3)-> Task 85: 51.86
		Vehicle arrival at task: 1955.9299999999998
		Waiting time until service start time: 0.0

	id: 85
		node: 110
		(x, y, z): (27, 104, 2)
		dem: -16
		earl: 1949
		lat: 2189
		servt: 10
		pid: 105
		did: 0
		servST: 1955.9299999999998
		(h, h_ind): (4, 26)
		load: 0.0

	Finished service at time: 1965.9299999999998

	Using Machine: 2
		Task 85 -> Machine 2 (Station 3): 53.41
		Vehicle arrival at machine station: 2019.34
		Waiting time until machine travel: 0.0

		Machine travel start time: 2019.34
		Region 2 -> Region 0: 10.0
		Machine arrival at machine station: 2029.34

		Machine 2 (Station 1)-> Task 0: 1.41
		Vehicle arrival at task: 2030.75
		Waiting time until service start time: 0.0

	id: 0
		node: 122
		(x, y, z): (70, 70, 0)
		dem: 0
		earl: 0
		lat: 2535
		servt: 0
		pid: 0
		did: 0
		servST: 2030.75
		(h, h_ind): (2, 11)
		load: 0.0


---------------------| MACHINES |---------------------

Machine 0 :
	setup duration: 0.0

	vehicle: 39
	vehicleInd: 2
	(orig, dest): (0, 100)
	(origRegion, destRegion): (0, 3)
	st: 93.67999999999995
	duration: 15.0

	setup duration: 15.0

	vehicle: 18
	vehicleInd: 11
	(orig, dest): (64, 68)
	(origRegion, destRegion): (0, 2)
	st: 808.8900000000004
	duration: 10.0


Machine 1 :
	setup duration: 0.0

	vehicle: 13
	vehicleInd: 2
	(orig, dest): (0, 41)
	(origRegion, destRegion): (0, 2)
	st: 11.280000000000573
	duration: 10.0

	setup duration: 5.0

	vehicle: 39
	vehicleInd: 7
	(orig, dest): (6, 164)
	(origRegion, destRegion): (1, 2)
	st: 653.95
	duration: 5.0

	setup duration: 0.0

	vehicle: 18
	vehicleInd: 19
	(orig, dest): (79, 55)
	(origRegion, destRegion): (2, 0)
	st: 1521.13
	duration: 10.0


Machine 2 :
	setup duration: 0.0

	vehicle: 48
	vehicleInd: 2
	(orig, dest): (0, 74)
	(origRegion, destRegion): (0, 3)
	st: 17.54000000000059
	duration: 15.0

	setup duration: 10.0

	vehicle: 51
	vehicleInd: 3
	(orig, dest): (80, 3)
	(origRegion, destRegion): (1, 0)
	st: 56.07000000000002
	duration: 5.0

	setup duration: 5.0

	vehicle: 53
	vehicleInd: 4
	(orig, dest): (163, 116)
	(origRegion, destRegion): (1, 3)
	st: 136.3500000000006
	duration: 10.0

	setup duration: 0.0

	vehicle: 53
	vehicleInd: 6
	(orig, dest): (65, 36)
	(origRegion, destRegion): (3, 1)
	st: 300.63
	duration: 10.0

	setup duration: 5.0

	vehicle: 48
	vehicleInd: 17
	(orig, dest): (99, 57)
	(origRegion, destRegion): (2, 0)
	st: 1412.0500000000002
	duration: 10.0

	setup duration: 5.0

	vehicle: 53
	vehicleInd: 18
	(orig, dest): (27, 76)
	(origRegion, destRegion): (1, 3)
	st: 1529.8699999999997
	duration: 10.0

	setup duration: 5.0

	vehicle: 18
	vehicleInd: 21
	(orig, dest): (2, 108)
	(origRegion, destRegion): (2, 1)
	st: 1699.34
	duration: 5.0

	setup duration: 10.0

	vehicle: 48
	vehicleInd: 23
	(orig, dest): (25, 10)
	(origRegion, destRegion): (3, 1)
	st: 1771.4600000000003
	duration: 10.0

	setup duration: 5.0

	vehicle: 13
	vehicleInd: 24
	(orig, dest): (169, 0)
	(origRegion, destRegion): (2, 0)
	st: 1865.2800000000002
	duration: 10.0

	setup duration: 10.0

	vehicle: 39
	vehicleInd: 25
	(orig, dest): (52, 86)
	(origRegion, destRegion): (2, 0)
	st: 1994.7399999999996
	duration: 10.0

	setup duration: 10.0

	vehicle: 53
	vehicleInd: 22
	(orig, dest): (85, 0)
	(origRegion, destRegion): (2, 0)
	st: 2019.34
	duration: 10.0

	setup duration: 10.0

	vehicle: 48
	vehicleInd: 28
	(orig, dest): (171, 0)
	(origRegion, destRegion): (2, 0)
	st: 2136.3600000000006
	duration: 10.0


Machine 3 :
	setup duration: 0.0

	vehicle: 18
	vehicleInd: 2
	(orig, dest): (0, 33)
	(origRegion, destRegion): (0, 3)
	st: 20.650000000000347
	duration: 15.0

	setup duration: 10.0

	vehicle: 51
	vehicleInd: 8
	(orig, dest): (95, 42)
	(origRegion, destRegion): (1, 0)
	st: 438.25999999999993
	duration: 5.0

	setup duration: 0.0

	vehicle: 13
	vehicleInd: 11
	(orig, dest): (32, 49)
	(origRegion, destRegion): (0, 2)
	st: 718.1100000000005
	duration: 10.0


Machine 4 :
	setup duration: 0.0

	vehicle: 53
	vehicleInd: 2
	(orig, dest): (0, 111)
	(origRegion, destRegion): (0, 2)
	st: 39.58000000000058
	duration: 10.0

	setup duration: 0.0

	vehicle: 53
	vehicleInd: 3
	(orig, dest): (111, 163)
	(origRegion, destRegion): (2, 1)
	st: 90.04000000000059
	duration: 5.0

	setup duration: 10.0

	vehicle: 48
	vehicleInd: 3
	(orig, dest): (74, 26)
	(origRegion, destRegion): (3, 0)
	st: 105.04000000000059
	duration: 15.0

	setup duration: 15.0

	vehicle: 18
	vehicleInd: 4
	(orig, dest): (47, 165)
	(origRegion, destRegion): (3, 2)
	st: 194.82000000000033
	duration: 5.0

	setup duration: 5.0

	vehicle: 39
	vehicleInd: 3
	(orig, dest): (100, 34)
	(origRegion, destRegion): (3, 1)
	st: 241.61999999999995
	duration: 10.0

	setup duration: 0.0

	vehicle: 39
	vehicleInd: 4
	(orig, dest): (34, 12)
	(origRegion, destRegion): (1, 3)
	st: 314.46
	duration: 10.0

	setup duration: 10.0

	vehicle: 53
	vehicleInd: 7
	(orig, dest): (36, 14)
	(origRegion, destRegion): (1, 0)
	st: 409.05
	duration: 5.0

	setup duration: 0.0

	vehicle: 53
	vehicleInd: 8
	(orig, dest): (14, 88)
	(origRegion, destRegion): (0, 2)
	st: 535.65
	duration: 10.0

	setup duration: 5.0

	vehicle: 18
	vehicleInd: 10
	(orig, dest): (78, 64)
	(origRegion, destRegion): (3, 0)
	st: 658.3100000000004
	duration: 15.0

	setup duration: 10.0

	vehicle: 13
	vehicleInd: 13
	(orig, dest): (56, 30)
	(origRegion, destRegion): (2, 3)
	st: 849.7900000000004
	duration: 5.0

	setup duration: 0.0

	vehicle: 13
	vehicleInd: 14
	(orig, dest): (30, 127)
	(origRegion, destRegion): (3, 1)
	st: 982.6700000000004
	duration: 10.0

	setup duration: 5.0

	vehicle: 18
	vehicleInd: 13
	(orig, dest): (5, 66)
	(origRegion, destRegion): (2, 0)
	st: 997.6700000000004
	duration: 10.0

	setup duration: 15.0

	vehicle: 39
	vehicleInd: 13
	(orig, dest): (113, 70)
	(origRegion, destRegion): (3, 2)
	st: 1027.1
	duration: 5.0

	setup duration: 0.0

	vehicle: 39
	vehicleInd: 14
	(orig, dest): (70, 138)
	(origRegion, destRegion): (2, 0)
	st: 1088.7399999999998
	duration: 10.0

	setup duration: 10.0

	vehicle: 53
	vehicleInd: 15
	(orig, dest): (81, 94)
	(origRegion, destRegion): (2, 1)
	st: 1151.3799999999997
	duration: 5.0

	setup duration: 5.0

	vehicle: 13
	vehicleInd: 16
	(orig, dest): (89, 198)
	(origRegion, destRegion): (2, 3)
	st: 1245.4500000000003
	duration: 5.0

	setup duration: 5.0

	vehicle: 48
	vehicleInd: 14
	(orig, dest): (45, 17)
	(origRegion, destRegion): (2, 3)
	st: 1255.4500000000003
	duration: 5.0

	setup duration: 5.0

	vehicle: 39
	vehicleInd: 16
	(orig, dest): (58, 93)
	(origRegion, destRegion): (2, 1)
	st: 1300.5199999999998
	duration: 5.0

	setup duration: 10.0

	vehicle: 18
	vehicleInd: 17
	(orig, dest): (158, 63)
	(origRegion, destRegion): (3, 2)
	st: 1337.6500000000003
	duration: 5.0

	setup duration: 5.0

	vehicle: 48
	vehicleInd: 16
	(orig, dest): (16, 99)
	(origRegion, destRegion): (3, 2)
	st: 1372.6400000000003
	duration: 5.0

	setup duration: 5.0

	vehicle: 39
	vehicleInd: 18
	(orig, dest): (189, 106)
	(origRegion, destRegion): (1, 3)
	st: 1503.8499999999997
	duration: 10.0

	setup duration: 15.0

	vehicle: 48
	vehicleInd: 19
	(orig, dest): (173, 82)
	(origRegion, destRegion): (0, 3)
	st: 1540.4400000000003
	duration: 15.0

	setup duration: 15.0

	vehicle: 18
	vehicleInd: 20
	(orig, dest): (55, 2)
	(origRegion, destRegion): (0, 2)
	st: 1585.42
	duration: 10.0

	setup duration: 5.0

	vehicle: 53
	vehicleInd: 19
	(orig, dest): (76, 83)
	(origRegion, destRegion): (3, 0)
	st: 1707.1699999999998
	duration: 15.0

	setup duration: 5.0

	vehicle: 18
	vehicleInd: 22
	(orig, dest): (108, 0)
	(origRegion, destRegion): (1, 0)
	st: 1864.25
	duration: 5.0

	setup duration: 0.0

	vehicle: 53
	vehicleInd: 21
	(orig, dest): (105, 85)
	(origRegion, destRegion): (0, 2)
	st: 1894.07
	duration: 10.0

	setup duration: 5.0

	vehicle: 48
	vehicleInd: 25
	(orig, dest): (87, 73)
	(origRegion, destRegion): (1, 0)
	st: 1987.4400000000003
	duration: 5.0

	setup duration: 0.0

	vehicle: 48
	vehicleInd: 27
	(orig, dest): (53, 171)
	(origRegion, destRegion): (0, 2)
	st: 2093.9100000000003
	duration: 10.0


Machine 5 :
	setup duration: 0.0

	vehicle: 51
	vehicleInd: 2
	(orig, dest): (0, 80)
	(origRegion, destRegion): (0, 1)
	st: 32.75000000000002
	duration: 5.0

	setup duration: 5.0

	vehicle: 13
	vehicleInd: 3
	(orig, dest): (41, 115)
	(origRegion, destRegion): (2, 3)
	st: 61.960000000000576
	duration: 5.0

	setup duration: 0.0

	vehicle: 13
	vehicleInd: 4
	(orig, dest): (115, 71)
	(origRegion, destRegion): (3, 1)
	st: 114.70000000000059
	duration: 10.0

	setup duration: 5.0

	vehicle: 51
	vehicleInd: 4
	(orig, dest): (3, 119)
	(origRegion, destRegion): (0, 1)
	st: 161.55
	duration: 5.0

	setup duration: 5.0

	vehicle: 48
	vehicleInd: 4
	(orig, dest): (26, 31)
	(origRegion, destRegion): (0, 3)
	st: 253.4800000000006
	duration: 15.0

	setup duration: 10.0

	vehicle: 13
	vehicleInd: 6
	(orig, dest): (92, 61)
	(origRegion, destRegion): (1, 0)
	st: 278.4800000000006
	duration: 5.0

	setup duration: 15.0

	vehicle: 48
	vehicleInd: 5
	(orig, dest): (31, 15)
	(origRegion, destRegion): (3, 1)
	st: 431.8699999999999
	duration: 10.0

	setup duration: 10.0

	vehicle: 39
	vehicleInd: 6
	(orig, dest): (18, 6)
	(origRegion, destRegion): (3, 1)
	st: 452.82
	duration: 10.0

	setup duration: 5.0

	vehicle: 18
	vehicleInd: 8
	(orig, dest): (96, 118)
	(origRegion, destRegion): (2, 1)
	st: 469.48000000000036
	duration: 5.0

	setup duration: 0.0

	vehicle: 18
	vehicleInd: 9
	(orig, dest): (118, 78)
	(origRegion, destRegion): (1, 3)
	st: 587.2800000000003
	duration: 10.0

	setup duration: 5.0

	vehicle: 53
	vehicleInd: 9
	(orig, dest): (88, 122)
	(origRegion, destRegion): (2, 0)
	st: 693.02
	duration: 10.0

	setup duration: 5.0

	vehicle: 48
	vehicleInd: 8
	(orig, dest): (44, 50)
	(origRegion, destRegion): (1, 0)
	st: 734.23
	duration: 5.0

	setup duration: 0.0

	vehicle: 53
	vehicleInd: 10
	(orig, dest): (122, 40)
	(origRegion, destRegion): (0, 2)
	st: 803.3799999999999
	duration: 10.0

	setup duration: 0.0

	vehicle: 39
	vehicleInd: 10
	(orig, dest): (191, 23)
	(origRegion, destRegion): (2, 3)
	st: 834.96
	duration: 5.0

	setup duration: 15.0

	vehicle: 48
	vehicleInd: 10
	(orig, dest): (90, 124)
	(origRegion, destRegion): (0, 3)
	st: 896.21
	duration: 15.0

	setup duration: 0.0

	vehicle: 48
	vehicleInd: 11
	(orig, dest): (124, 9)
	(origRegion, destRegion): (3, 1)
	st: 1002.79
	duration: 10.0

	setup duration: 0.0

	vehicle: 13
	vehicleInd: 15
	(orig, dest): (127, 89)
	(origRegion, destRegion): (1, 2)
	st: 1151.2300000000002
	duration: 5.0

	setup duration: 5.0

	vehicle: 48
	vehicleInd: 13
	(orig, dest): (60, 45)
	(origRegion, destRegion): (1, 2)
	st: 1170.3
	duration: 5.0

	setup duration: 10.0

	vehicle: 39
	vehicleInd: 15
	(orig, dest): (138, 58)
	(origRegion, destRegion): (0, 2)
	st: 1188.2599999999998
	duration: 10.0

	setup duration: 10.0

	vehicle: 18
	vehicleInd: 16
	(orig, dest): (107, 158)
	(origRegion, destRegion): (0, 3)
	st: 1242.1500000000003
	duration: 15.0

	setup duration: 0.0

	vehicle: 13
	vehicleInd: 19
	(orig, dest): (75, 123)
	(origRegion, destRegion): (3, 2)
	st: 1515.2700000000002
	duration: 5.0

	setup duration: 5.0

	vehicle: 39
	vehicleInd: 23
	(orig, dest): (102, 179)
	(origRegion, destRegion): (3, 2)
	st: 1869.9199999999996
	duration: 5.0


-------------------| COMPL. TIMES |-------------------

Vehicle 0 : 0.0
Vehicle 1 : 0.0
Vehicle 2 : 0.0
Vehicle 3 : 0.0
Vehicle 4 : 0.0
Vehicle 5 : 0.0
Vehicle 6 : 0.0
Vehicle 7 : 0.0
Vehicle 8 : 0.0
Vehicle 9 : 0.0
Vehicle 10 : 0.0
Vehicle 11 : 0.0
Vehicle 12 : 0.0
Vehicle 13 : 1868.5699999999997
Vehicle 14 : 0.0
Vehicle 15 : 0.0
Vehicle 16 : 0.0
Vehicle 17 : 0.0
Vehicle 18 : 1856.8599999999997
Vehicle 19 : 0.0
Vehicle 20 : 0.0
Vehicle 21 : 0.0
Vehicle 22 : 0.0
Vehicle 23 : 0.0
Vehicle 24 : 0.0
Vehicle 25 : 0.0
Vehicle 26 : 0.0
Vehicle 27 : 0.0
Vehicle 28 : 0.0
Vehicle 29 : 0.0
Vehicle 30 : 0.0
Vehicle 31 : 0.0
Vehicle 32 : 0.0
Vehicle 33 : 0.0
Vehicle 34 : 0.0
Vehicle 35 : 0.0
Vehicle 36 : 0.0
Vehicle 37 : 0.0
Vehicle 38 : 0.0
Vehicle 39 : 1973.7199999999993
Vehicle 40 : 0.0
Vehicle 41 : 0.0
Vehicle 42 : 0.0
Vehicle 43 : 0.0
Vehicle 44 : 0.0
Vehicle 45 : 0.0
Vehicle 46 : 0.0
Vehicle 47 : 0.0
Vehicle 48 : 2131.64
Vehicle 49 : 0.0
Vehicle 50 : 0.0
Vehicle 51 : 564.9999999999999
Vehicle 52 : 0.0
Vehicle 53 : 1994.3299999999995
Vehicle 54 : 0.0
Vehicle 55 : 0.0
Vehicle 56 : 0.0
Vehicle 57 : 0.0
Vehicle 58 : 0.0
Vehicle 59 : 0.0
-------------------| STATISTICS |-------------------

    Vehicles used                           : 10.0
    Machines used                           : 100.0
    Max load (vehicles)                     : 97.4359
    Min load (vehicles)                     : 80.7692
    Mean load (vehicles)                    : 91.5812
    Min completion time                     : 22.288
    Max completion time                     : 84.0884
    Mean completion time                    : 68.3111
    Avrg travel time (with vehicle)         : 6.5089
    Avrg travel time (only with vehicle)    : 4.0105
    Avrg travel time (no vehicle)           : 2.4984
    Avrg waiting time (machine travel)      : 0.0
    Avrg waiting time (service)             : 0.3318
    Machines travel times (with vehicle)    : [1.5779, 1.1834, 7.4951, 1.5779, 15.7791, 11.4398]
    Machines travel times (no vehicle)      : [0.5917, 0.1972, 2.9586, 0.3945, 6.5089, 4.3393]
    Max load per vehicle                    : [0.0, 0.0, 0.0, 0.0, 0.0, 0.0, 0.0, 0.0, 0.0, 0.0, 0.0, 0.0, 0.0, 97.4359, 0.0, 0.0, 0.0, 0.0, 87.1795, 0.0, 0.0, 0.0, 0.0, 0.0, 0.0, 0.0, 0.0, 0.0, 0.0, 0.0, 0.0, 0.0, 0.0, 0.0, 0.0, 0.0, 0.0, 0.0, 0.0, 94.8718, 0.0, 0.0, 0.0, 0.0, 0.0, 0.0, 0.0, 0.0, 95.3846, 0.0, 0.0, 80.7692, 0.0, 93.8462, 0.0, 0.0, 0.0, 0.0, 0.0, 0.0]

----------------------------------------------------

TOTAL: 10390.119999999999

Everything is awesome!
