Set parameter WLSAccessID
Set parameter WLSSecret
Set parameter LicenseID to value 2661775
Academic license 2661775 - for non-commercial use only - registered to me___@dcc.ufba.br
Parameter 'method_type' with value 'form' successfully set as form of type <class 'str'>
Parameter 'method_code' with value 'melo_hx' successfully set as melo_hx of type <class 'str'>
Parameter 'seed' with value '0' successfully set as 0 of type <class 'int'>
Parameter 'hx_max_time' with value '3600' successfully set as 3600 of type <class 'int'>
Parameter 'elevator' with value '1' successfully set as 1 of type <class 'int'>
Parameter 'threads' with value '8' successfully set as 8 of type <class 'int'>
Parameter 'print_sol' with value '1' successfully set as 1 of type <class 'int'>
Parameter 'constraints_used_melo_mip_str' with value '1-29' successfully set as 1-29 of type <class 'str'>
Instance: lr204_t2_12R_12V_04F_04M
ParameterData(inst_path='/dados/rmelo/PDPTW-SE/benchmark_multi_floor_v3/official_experiments/mip_hexaly/set_02_pt_02/../../../instances/orig_ams_fg/12R_12V_04F_04M/t2/lr204/', name='lr204', type='t2', group='12R_12V_04F_04M', full_name='lr204_t2_12R_12V_04F_04M', method_type='form', method_code='melo_hx', gen_config_file='/dados/rmelo/PDPTW-SE/benchmark_multi_floor_v3/official_experiments/mip_hexaly/set_02_pt_02/configs/genconfig_melo_hx.conf', gen_config_filename='genconfig_melo_hx', greedy_service_order='tightest_tw', cutoff=0, cutoff_machs=4, solver='Gurobi', max_time=7200, gurobi_cuts=1, type_user_cut=0, mip_presolve=-1, print_sol=1, max_nodes=-1, elevator=1, make_instance_feasible=False, output='/dados/rmelo/PDPTW-SE/benchmark_multi_floor_v3/official_experiments/mip_hexaly/set_02_pt_02/logs', epsilon=0.005, epsilon_cap=0.5, warm_start=False, seed=0, rng=<random.Random object at 0x559d3258e990>, alpha=0.2, max_iter=1000000, output_flag_grb_mip=0, output_flag_grb_mslp=0, output_flag_grb_lmns=0, mslp_r='M', mslp_a='60', lmns_r='M', lmns_a='60', lmns_repair_time=30.0, lmns_mip_focus=0, lmns_gap_to_bigger_destruction=50, lmns_gap_to_smaller_destruction=95, lmns_weight_shaw_dist_prox=1.0, lmns_weight_shaw_earl_prox=1.0, lmns_weight_shaw_same_route=1.0, lmns_weight_shaw_demand_sim=1.0, lmns_req_r_apply_mip_start=True, lmns_acceptance_criteria='H', lmns_metropolis_temp=100.0, lmns_simulated_annealing_temp=100.0, lmns_simulated_annealing_cool=0.95, mip_max_time=3600, hx_max_time=3600, csv_file_name='', sol_file_name='', timeline_file_name='', grb_file_name='', validate_synchronization=True, constraints_used_melo_mip_str='1-29', constraints_used_melo_mip=None, run_callback_melo_mip=False, mip_heuristics=0.05, threads=8)
Constraints active in melo MIP
1 2 3 4 5 6 7 8 9 10 11 12 13 14 15 16 17 18 19 20 21 22 23 24 25 26 27 28 29 
[Reading Data] Using files at /dados/rmelo/PDPTW-SE/benchmark_multi_floor_v3/official_experiments/mip_hexaly/set_02_pt_02/../../../instances/orig_ams_fg/12R_12V_04F_04M/t2/lr204/
vehicles: [Vehicle(id=0, cap=26), Vehicle(id=1, cap=32), Vehicle(id=2, cap=38), Vehicle(id=3, cap=32), Vehicle(id=4, cap=38), Vehicle(id=5, cap=32), Vehicle(id=6, cap=32), Vehicle(id=7, cap=32), Vehicle(id=8, cap=26), Vehicle(id=9, cap=32), Vehicle(id=10, cap=26), Vehicle(id=11, cap=32)]
vehicle_types: [Vehicle(id=10, cap=26), Vehicle(id=11, cap=32), Vehicle(id=4, cap=38)]
machines: [Machine(id=0, points=[Point(x=34, y=36, z=0), Point(x=34, y=36, z=1), Point(x=34, y=36, z=2), Point(x=34, y=36, z=3)], spd=0.2), Machine(id=1, points=[Point(x=36, y=36, z=0), Point(x=36, y=36, z=1), Point(x=36, y=36, z=2), Point(x=36, y=36, z=3)], spd=0.2), Machine(id=2, points=[Point(x=32, y=36, z=0), Point(x=32, y=36, z=1), Point(x=32, y=36, z=2), Point(x=32, y=36, z=3)], spd=0.2), Machine(id=3, points=[Point(x=38, y=36, z=0), Point(x=38, y=36, z=1), Point(x=38, y=36, z=2), Point(x=38, y=36, z=3)], spd=0.2)]
refs: [0, 2, 3, 4, 6, 7, 8, 9, 10, 11, 12, 14, 16, 17, 1, 13, 23, 18, 5, 22, 20, 19, 24, 21, 15, 0]
V: [0, 1, 2, 3, 4, 5, 6, 7, 8, 9, 10, 11, 12, 13, 14, 15, 16, 17, 18, 19, 20, 21, 22, 23, 24]
V_p: [1, 2, 3, 4, 5, 6, 7, 8, 9, 10, 11, 12]
V_d: [13, 14, 15, 16, 17, 18, 19, 20, 21, 22, 23, 24]
V_p_d: [1, 2, 3, 4, 5, 6, 7, 8, 9, 10, 11, 12, 13, 14, 15, 16, 17, 18, 19, 20, 21, 22, 23, 24]
Vprime: [0, 1, 2, 3, 4, 5, 6, 7, 8, 9, 10, 11, 12, 13, 14, 15, 16, 17, 18, 19, 20, 21, 22, 23, 24, 25]
q: [0, 5, 9, 16, 12, 19, 8, 19, 2, 12, 17, 18, 16, -5, -9, -16, -12, -19, -8, -19, -2, -12, -17, -18, -16, 0]
H: [0, 1, 2, 3]
Machine points:
# Machine 0
	Point(x=34, y=36, z=0)
	Point(x=34, y=36, z=1)
	Point(x=34, y=36, z=2)
	Point(x=34, y=36, z=3)

# Machine 1
	Point(x=36, y=36, z=0)
	Point(x=36, y=36, z=1)
	Point(x=36, y=36, z=2)
	Point(x=36, y=36, z=3)

# Machine 2
	Point(x=32, y=36, z=0)
	Point(x=32, y=36, z=1)
	Point(x=32, y=36, z=2)
	Point(x=32, y=36, z=3)

# Machine 3
	Point(x=38, y=36, z=0)
	Point(x=38, y=36, z=1)
	Point(x=38, y=36, z=2)
	Point(x=38, y=36, z=3)

f: [[0 0 0 0]
 [0 0 0 0]
 [2 2 2 2]
 [0 0 0 0]
 [2 2 2 2]
 [2 2 2 2]
 [0 0 0 0]
 [0 0 0 0]
 [1 1 1 1]
 [3 3 3 3]
 [2 2 2 2]
 [0 0 0 0]
 [1 1 1 1]
 [1 1 1 1]
 [0 0 0 0]
 [2 2 2 2]
 [3 3 3 3]
 [0 0 0 0]
 [2 2 2 2]
 [2 2 2 2]
 [0 0 0 0]
 [1 1 1 1]
 [0 0 0 0]
 [0 0 0 0]
 [2 2 2 2]
 [0 0 0 0]]
(0, 0, 0) 0.0
(0, 1, 0) 5.0
(0, 2, 0) 10.0
(0, 3, 0) 15.0
(1, 0, 0) 5.0
(1, 1, 0) 0.0
(1, 2, 0) 5.0
(1, 3, 0) 10.0
(2, 0, 0) 10.0
(2, 1, 0) 5.0
(2, 2, 0) 0.0
(2, 3, 0) 5.0
(3, 0, 0) 15.0
(3, 1, 0) 10.0
(3, 2, 0) 5.0
(3, 3, 0) 0.0
(0, 0, 1) 0.0
(0, 1, 1) 5.0
(0, 2, 1) 10.0
(0, 3, 1) 15.0
(1, 0, 1) 5.0
(1, 1, 1) 0.0
(1, 2, 1) 5.0
(1, 3, 1) 10.0
(2, 0, 1) 10.0
(2, 1, 1) 5.0
(2, 2, 1) 0.0
(2, 3, 1) 5.0
(3, 0, 1) 15.0
(3, 1, 1) 10.0
(3, 2, 1) 5.0
(3, 3, 1) 0.0
(0, 0, 2) 0.0
(0, 1, 2) 5.0
(0, 2, 2) 10.0
(0, 3, 2) 15.0
(1, 0, 2) 5.0
(1, 1, 2) 0.0
(1, 2, 2) 5.0
(1, 3, 2) 10.0
(2, 0, 2) 10.0
(2, 1, 2) 5.0
(2, 2, 2) 0.0
(2, 3, 2) 5.0
(3, 0, 2) 15.0
(3, 1, 2) 10.0
(3, 2, 2) 5.0
(3, 3, 2) 0.0
(0, 0, 3) 0.0
(0, 1, 3) 5.0
(0, 2, 3) 10.0
(0, 3, 3) 15.0
(1, 0, 3) 5.0
(1, 1, 3) 0.0
(1, 2, 3) 5.0
(1, 3, 3) 10.0
(2, 0, 3) 10.0
(2, 1, 3) 5.0
(2, 2, 3) 0.0
(2, 3, 3) 5.0
(3, 0, 3) 15.0
(3, 1, 3) 10.0
(3, 2, 3) 5.0
(3, 3, 3) 0.0
Number of arcs: 543
M:  (0, np.int64(0)) (1, np.int64(58)) (2, np.int64(1114)) (3, np.int64(1104)) (4, np.int64(1058)) (5, np.int64(1048)) (6, np.int64(1063)) (7, np.int64(1031)) (8, np.int64(16))
JOBS in the order of refs (Vprime)
Node 0: Job(id=0, point=Point(x=35, y=35, z=0), dem=0, earl=0, lat=1000, servt=0, pid=0, did=0)
Node 1: Job(id=7, point=Point(x=20, y=50, z=0), dem=5, earl=0, lat=968, servt=10, pid=0, did=31)
Node 2: Job(id=8, point=Point(x=10, y=43, z=2), dem=9, earl=404, lat=481, servt=10, pid=0, did=3)
Node 3: Job(id=9, point=Point(x=55, y=60, z=0), dem=16, earl=400, lat=497, servt=10, pid=0, did=21)
Node 4: Job(id=11, point=Point(x=20, y=65, z=2), dem=12, earl=206, lat=325, servt=10, pid=0, did=67)
Node 5: Job(id=12, point=Point(x=50, y=35, z=2), dem=19, earl=0, lat=975, servt=10, pid=0, did=35)
Node 6: Job(id=15, point=Point(x=30, y=5, z=0), dem=8, earl=175, lat=300, servt=10, pid=0, did=10)
Node 7: Job(id=16, point=Point(x=10, y=20, z=0), dem=19, earl=0, lat=960, servt=10, pid=0, did=61)
Node 8: Job(id=17, point=Point(x=5, y=30, z=1), dem=2, earl=0, lat=959, servt=10, pid=0, did=46)
Node 9: Job(id=18, point=Point(x=20, y=40, z=3), dem=12, earl=0, lat=974, servt=10, pid=0, did=37)
Node 10: Job(id=19, point=Point(x=15, y=60, z=2), dem=17, earl=0, lat=957, servt=10, pid=0, did=88)
Node 11: Job(id=22, point=Point(x=45, y=10, z=0), dem=18, earl=0, lat=963, servt=10, pid=0, did=49)
Node 12: Job(id=27, point=Point(x=35, y=40, z=1), dem=16, earl=0, lat=985, servt=10, pid=0, did=24)
Node 13: Job(id=31, point=Point(x=31, y=52, z=1), dem=-5, earl=0, lat=972, servt=10, pid=7, did=0)
Node 14: Job(id=3, point=Point(x=55, y=45, z=0), dem=-9, earl=0, lat=967, servt=10, pid=8, did=0)
Node 15: Job(id=21, point=Point(x=45, y=20, z=2), dem=-16, earl=0, lat=971, servt=10, pid=9, did=0)
Node 16: Job(id=67, point=Point(x=67, y=5, z=3), dem=-12, earl=294, lat=401, servt=10, pid=11, did=0)
Node 17: Job(id=35, point=Point(x=63, y=65, z=0), dem=-19, earl=0, lat=948, servt=10, pid=12, did=0)
Node 18: Job(id=10, point=Point(x=30, y=60, z=2), dem=-8, earl=0, lat=964, servt=10, pid=15, did=0)
Node 19: Job(id=61, point=Point(x=12, y=24, z=2), dem=-19, earl=0, lat=964, servt=10, pid=16, did=0)
Node 20: Job(id=46, point=Point(x=2, y=48, z=0), dem=-2, earl=0, lat=954, servt=10, pid=17, did=0)
Node 21: Job(id=37, point=Point(x=20, y=20, z=1), dem=-12, earl=0, lat=968, servt=10, pid=18, did=0)
Node 22: Job(id=88, point=Point(x=26, y=52, z=0), dem=-17, earl=0, lat=970, servt=10, pid=19, did=0)
Node 23: Job(id=49, point=Point(x=6, y=68, z=0), dem=-18, earl=0, lat=946, servt=10, pid=22, did=0)
Node 24: Job(id=24, point=Point(x=65, y=35, z=2), dem=-16, earl=0, lat=960, servt=10, pid=27, did=0)
Node 25: Job(id=0, point=Point(x=35, y=35, z=0), dem=0, earl=0, lat=1000, servt=0, pid=0, did=0)

### Preprocessing Data ###
	-> arcs: 676 (100.0%)
	-> arc_removals: 133 (19.67%)
	-> arc_removals_is_loop: 26 (3.85%)
	-> arc_removals_is_delivery_to_pickup: 14 (2.07%)
	-> arc_removals_is_depot_begin_to_delivery: 12 (1.78%)
	-> arc_removals_is_pickup_to_depot_end: 12 (1.78%)
	-> arc_removals_is_dest_depot_begin: 24 (3.55%)
	-> arc_removals_is_orig_depot_end: 23 (3.4%)
	-> arc_removals_is_capacity_violated: 0 (0.0%)
	-> arc_removals_is_time_window_limited: 14 (2.07%)
	-> arc_removals_is_time_window_pairing_limited: 6 (0.89%)
	-> arc_removals_is_indirect_request_service_impossible: 2 (0.3%)
	-> gamma_vars: 577600 (100.0%)
	-> feas_gamma_vars: 558052 (96.62%)
	-> infeas_gamma_vars_is_next_mtrv_unreachable: 18028 (3.12%)
	-> infeas_gamma_vars_is_iprime_jprime_eq_i_j: 1520 (0.26%)
	-> machine_removal_for_an_arc: 0 (0.0%)
##########################

### Model variables summary ###
	-> Total number of variables: 567968
		- x: 6516
		- z: 312
		- t: 24
		- tstart: 12
		- tfinal: 12
		- phi: 1520
		- alpha: 1520
		- gamma: 558052
	-> Number of binary variables: 566400


[01:34:51] Adding routing constraints
[01:34:51] Adding scheduling constraints
[01:35:03] Adding objective function

Model:  expressions = 6566044, decisions = 567980, constraints = 2021120, objectives = 1
Param:  time limit = 3600 sec, no iteration limit, nb threads = 8
        seed = 0

[objective direction ]:     minimize

[  0 sec,       0 itr]: No feasible solution found (infeas = 84)
[  1 sec,     425 itr]: No feasible solution found (infeas = 84)
[  2 sec,    1327 itr]: No feasible solution found (infeas = 84)
[  3 sec,    2230 itr]: No feasible solution found (infeas = 84)
[  4 sec,    3032 itr]: No feasible solution found (infeas = 84)
[  5 sec,    3032 itr]: No feasible solution found (infeas = 84)
[  6 sec,    4661 itr]: No feasible solution found (infeas = 84)
[  7 sec,    5317 itr]: No feasible solution found (infeas = 84)
[  8 sec,    5992 itr]: No feasible solution found (infeas = 84)
[  9 sec,    6665 itr]: No feasible solution found (infeas = 84)
[ 10 sec,    7343 itr]: No feasible solution found (infeas = 84)
[ 11 sec,    8033 itr]: No feasible solution found (infeas = 84)
[ 12 sec,    8641 itr]: No feasible solution found (infeas = 84)
[ 13 sec,    8641 itr]: No feasible solution found (infeas = 84)
[ 14 sec,    9233 itr]: No feasible solution found (infeas = 84)
[ 15 sec,   10380 itr]: No feasible solution found (infeas = 84)
[ 16 sec,   10380 itr]: No feasible solution found (infeas = 84)
[ 17 sec,   10918 itr]: No feasible solution found (infeas = 84)
[ 18 sec,   11424 itr]: No feasible solution found (infeas = 84)
[ 19 sec,   11985 itr]: No feasible solution found (infeas = 84)
[ 20 sec,   13118 itr]: No feasible solution found (infeas = 58)
[ 21 sec,   13118 itr]: No feasible solution found (infeas = 58)
[ 22 sec,   13591 itr]: No feasible solution found (infeas = 57)
[ 23 sec,   14025 itr]: No feasible solution found (infeas = 57)
[ 24 sec,   14508 itr]: No feasible solution found (infeas = 49)
[ 25 sec,   14979 itr]: No feasible solution found (infeas = 40)
[ 26 sec,   15489 itr]: No feasible solution found (infeas = 40)
[ 27 sec,   15988 itr]: No feasible solution found (infeas = 40)
[ 28 sec,   16396 itr]: No feasible solution found (infeas = 34)
[ 29 sec,   16891 itr]: No feasible solution found (infeas = 27)
[ 30 sec,   17341 itr]: No feasible solution found (infeas = 25)
[ 31 sec,   17752 itr]: No feasible solution found (infeas = 25)
[ 32 sec,   18188 itr]: No feasible solution found (infeas = 25)
[ 33 sec,   18664 itr]: No feasible solution found (infeas = 25)
[ 34 sec,   19130 itr]: No feasible solution found (infeas = 25)
[ 35 sec,   19562 itr]: No feasible solution found (infeas = 25)
[ 36 sec,   20513 itr]: No feasible solution found (infeas = 21)
[ 37 sec,   20954 itr]: No feasible solution found (infeas = 12)
[ 38 sec,   20954 itr]: No feasible solution found (infeas = 12)
[ 39 sec,   21380 itr]: No feasible solution found (infeas = 7)
[ 40 sec,   22362 itr]: No feasible solution found (infeas = 6)
[ 41 sec,   22362 itr]: No feasible solution found (infeas = 6)
[ 42 sec,   23343 itr]: No feasible solution found (infeas = 1)
[ 43 sec,   23839 itr]: No feasible solution found (infeas = 1)
[ 44 sec,   24350 itr]: No feasible solution found (infeas = 1)
[ 45 sec,   24838 itr]: No feasible solution found (infeas = 1)
[ 46 sec,   25355 itr]: No feasible solution found (infeas = 1)
[ 47 sec,   25840 itr]: No feasible solution found (infeas = 1)
[ 48 sec,   25840 itr]: No feasible solution found (infeas = 1)
[ 49 sec,   26813 itr]: No feasible solution found (infeas = 1)
[ 50 sec,   27333 itr]: No feasible solution found (infeas = 1)
[ 51 sec,   27903 itr]: No feasible solution found (infeas = 1)
[ 52 sec,   27903 itr]: No feasible solution found (infeas = 1)
[ 53 sec,   28889 itr]: No feasible solution found (infeas = 1)
[ 54 sec,   29398 itr]: No feasible solution found (infeas = 1)
[ 55 sec,   29908 itr]: No feasible solution found (infeas = 1)
[ 56 sec,   30371 itr]: No feasible solution found (infeas = 1)
[ 57 sec,   30796 itr]: No feasible solution found (infeas = 1)
[ 58 sec,   31228 itr]: No feasible solution found (infeas = 1)
[ 59 sec,   31737 itr]: No feasible solution found (infeas = 1)
[ 60 sec,   32194 itr]: No feasible solution found (infeas = 1)
[ 61 sec,   32651 itr]: No feasible solution found (infeas = 1)
[ 62 sec,   33095 itr]: No feasible solution found (infeas = 1)
[ 63 sec,   33528 itr]: No feasible solution found (infeas = 1)
[ 64 sec,   33964 itr]: No feasible solution found (infeas = 1)
[ 65 sec,   34447 itr]: No feasible solution found (infeas = 1)
[ 66 sec,   34905 itr]: No feasible solution found (infeas = 1)
[ 67 sec,   35366 itr]: No feasible solution found (infeas = 1)
[ 68 sec,   35857 itr]: No feasible solution found (infeas = 1)
[ 69 sec,   36285 itr]: No feasible solution found (infeas = 1)
[ 70 sec,   36741 itr]: No feasible solution found (infeas = 1)
[ 71 sec,   37142 itr]: No feasible solution found (infeas = 1)
[ 72 sec,   37574 itr]: No feasible solution found (infeas = 1)
[ 73 sec,   37953 itr]: No feasible solution found (infeas = 1)
[ 74 sec,   38336 itr]: No feasible solution found (infeas = 1)
[ 75 sec,   38788 itr]: No feasible solution found (infeas = 1)
[ 76 sec,   39231 itr]: No feasible solution found (infeas = 1)
[ 77 sec,   39615 itr]: No feasible solution found (infeas = 1)
[ 78 sec,   39615 itr]: No feasible solution found (infeas = 1)
[ 79 sec,   40398 itr]: No feasible solution found (infeas = 1)
[ 80 sec,   40878 itr]: No feasible solution found (infeas = 1)
[ 81 sec,   41320 itr]: No feasible solution found (infeas = 1)
[ 82 sec,   41722 itr]: No feasible solution found (infeas = 1)
[ 83 sec,   42171 itr]: No feasible solution found (infeas = 1)
[ 84 sec,   42631 itr]: No feasible solution found (infeas = 1)
[ 85 sec,   42631 itr]: No feasible solution found (infeas = 1)
[ 86 sec,   43499 itr]: No feasible solution found (infeas = 1)
[ 87 sec,   43963 itr]: No feasible solution found (infeas = 1)
[ 88 sec,   44389 itr]: No feasible solution found (infeas = 1)
[ 89 sec,   44808 itr]: No feasible solution found (infeas = 1)
[ 90 sec,   45258 itr]: No feasible solution found (infeas = 1)
[ 91 sec,   45728 itr]: No feasible solution found (infeas = 1)
[ 92 sec,   45728 itr]: No feasible solution found (infeas = 1)
[ 93 sec,   46627 itr]: No feasible solution found (infeas = 1)
[ 94 sec,   47065 itr]: No feasible solution found (infeas = 1)
[ 95 sec,   47065 itr]: No feasible solution found (infeas = 1)
[ 96 sec,   47526 itr]: No feasible solution found (infeas = 1)
[ 97 sec,   48402 itr]: No feasible solution found (infeas = 1)
[ 98 sec,   48402 itr]: No feasible solution found (infeas = 1)
[ 99 sec,   49331 itr]: No feasible solution found (infeas = 1)
[100 sec,   49818 itr]: No feasible solution found (infeas = 1)
[101 sec,   50240 itr]: No feasible solution found (infeas = 1)
[102 sec,   50240 itr]: No feasible solution found (infeas = 1)
[103 sec,   51150 itr]: No feasible solution found (infeas = 1)
[104 sec,   51150 itr]: No feasible solution found (infeas = 1)
[105 sec,   51624 itr]: No feasible solution found (infeas = 1)
[106 sec,   52190 itr]: No feasible solution found (infeas = 1)
[107 sec,   53033 itr]: No feasible solution found (infeas = 1)
[108 sec,   53477 itr]: No feasible solution found (infeas = 1)
[109 sec,   53477 itr]: No feasible solution found (infeas = 1)
[110 sec,   54390 itr]: No feasible solution found (infeas = 1)
[111 sec,   54862 itr]: No feasible solution found (infeas = 1)
[112 sec,   54862 itr]: No feasible solution found (infeas = 1)
[113 sec,   55948 itr]: No feasible solution found (infeas = 1)
[114 sec,   56471 itr]: No feasible solution found (infeas = 1)
[115 sec,   56942 itr]: No feasible solution found (infeas = 1)
[116 sec,   57403 itr]: No feasible solution found (infeas = 1)
[117 sec,   57892 itr]: No feasible solution found (infeas = 1)
[118 sec,   58348 itr]: No feasible solution found (infeas = 1)
[119 sec,   58791 itr]: No feasible solution found (infeas = 1)
[120 sec,   59256 itr]: No feasible solution found (infeas = 1)
[121 sec,   59729 itr]: No feasible solution found (infeas = 1)
[122 sec,   60182 itr]: No feasible solution found (infeas = 1)
[123 sec,   60637 itr]: No feasible solution found (infeas = 1)
[124 sec,   61097 itr]: No feasible solution found (infeas = 1)
[125 sec,   61588 itr]: No feasible solution found (infeas = 1)
[126 sec,   61588 itr]: No feasible solution found (infeas = 1)
[127 sec,   62562 itr]: No feasible solution found (infeas = 1)
[128 sec,   63036 itr]: No feasible solution found (infeas = 1)
[129 sec,   63494 itr]: No feasible solution found (infeas = 1)
[130 sec,   63984 itr]: No feasible solution found (infeas = 1)
[131 sec,   64453 itr]: No feasible solution found (infeas = 1)
[132 sec,   64847 itr]: No feasible solution found (infeas = 1)
[133 sec,   65273 itr]: No feasible solution found (infeas = 1)
[134 sec,   65659 itr]: No feasible solution found (infeas = 1)
[135 sec,   66139 itr]: No feasible solution found (infeas = 1)
[136 sec,   66610 itr]: No feasible solution found (infeas = 1)
[137 sec,   67057 itr]: No feasible solution found (infeas = 1)
[138 sec,   67478 itr]: No feasible solution found (infeas = 1)
[139 sec,   67917 itr]: No feasible solution found (infeas = 1)
[140 sec,   68372 itr]: No feasible solution found (infeas = 1)
[141 sec,   68372 itr]: No feasible solution found (infeas = 1)
[142 sec,   69379 itr]: No feasible solution found (infeas = 1)
[143 sec,   69887 itr]: No feasible solution found (infeas = 1)
[144 sec,   70356 itr]: No feasible solution found (infeas = 1)
[145 sec,   70808 itr]: No feasible solution found (infeas = 1)
[146 sec,   71293 itr]: No feasible solution found (infeas = 1)
[147 sec,   71752 itr]: No feasible solution found (infeas = 1)
[148 sec,   71752 itr]: No feasible solution found (infeas = 1)
[149 sec,   72669 itr]: No feasible solution found (infeas = 1)
[150 sec,   73106 itr]: No feasible solution found (infeas = 1)
[151 sec,   73106 itr]: No feasible solution found (infeas = 1)
[152 sec,   73532 itr]: No feasible solution found (infeas = 1)
[153 sec,   74463 itr]: No feasible solution found (infeas = 1)
[154 sec,   74888 itr]: No feasible solution found (infeas = 1)
[155 sec,   74888 itr]: No feasible solution found (infeas = 1)
[156 sec,   75379 itr]: No feasible solution found (infeas = 1)
[157 sec,   76269 itr]: No feasible solution found (infeas = 1)
[158 sec,   76269 itr]: No feasible solution found (infeas = 1)
[159 sec,   77173 itr]: No feasible solution found (infeas = 1)
[160 sec,   77690 itr]: No feasible solution found (infeas = 1)
[161 sec,   78138 itr]: No feasible solution found (infeas = 1)
[162 sec,   78566 itr]: No feasible solution found (infeas = 1)
[163 sec,   79054 itr]: No feasible solution found (infeas = 1)
[164 sec,   79525 itr]: No feasible solution found (infeas = 1)
[165 sec,   79951 itr]: No feasible solution found (infeas = 1)
[166 sec,   80371 itr]: No feasible solution found (infeas = 1)
[167 sec,   80916 itr]: No feasible solution found (infeas = 1)
[168 sec,   81372 itr]: No feasible solution found (infeas = 1)
[169 sec,   81372 itr]: No feasible solution found (infeas = 1)
[170 sec,   82240 itr]: No feasible solution found (infeas = 1)
[171 sec,   82714 itr]: No feasible solution found (infeas = 1)
[172 sec,   83160 itr]: No feasible solution found (infeas = 1)
[173 sec,   83705 itr]: No feasible solution found (infeas = 1)
[174 sec,   83705 itr]: No feasible solution found (infeas = 1)
[175 sec,   84141 itr]: No feasible solution found (infeas = 1)
[176 sec,   84980 itr]: No feasible solution found (infeas = 1)
[177 sec,   84980 itr]: No feasible solution found (infeas = 1)
[178 sec,   85872 itr]: No feasible solution found (infeas = 1)
[179 sec,   85872 itr]: No feasible solution found (infeas = 1)
[180 sec,   86794 itr]: No feasible solution found (infeas = 1)
[181 sec,   87256 itr]: No feasible solution found (infeas = 1)
[182 sec,   87708 itr]: No feasible solution found (infeas = 1)
[183 sec,   88118 itr]: No feasible solution found (infeas = 1)
[184 sec,   88662 itr]: No feasible solution found (infeas = 1)
[185 sec,   89119 itr]: No feasible solution found (infeas = 1)
[186 sec,   89119 itr]: No feasible solution found (infeas = 1)
[187 sec,   89970 itr]: No feasible solution found (infeas = 1)
[188 sec,   90422 itr]: No feasible solution found (infeas = 1)
[189 sec,   90898 itr]: No feasible solution found (infeas = 1)
[190 sec,   90898 itr]: No feasible solution found (infeas = 1)
[191 sec,   91796 itr]: No feasible solution found (infeas = 1)
[192 sec,   92261 itr]: No feasible solution found (infeas = 1)
[193 sec,   92757 itr]: No feasible solution found (infeas = 1)
[194 sec,   93216 itr]: No feasible solution found (infeas = 1)
[195 sec,   93662 itr]: No feasible solution found (infeas = 1)
[196 sec,   94156 itr]: No feasible solution found (infeas = 1)
[197 sec,   94622 itr]: No feasible solution found (infeas = 1)
[198 sec,   94622 itr]: No feasible solution found (infeas = 1)
[199 sec,   95593 itr]: No feasible solution found (infeas = 1)
[200 sec,   96130 itr]: No feasible solution found (infeas = 1)
[201 sec,   96608 itr]: No feasible solution found (infeas = 1)
[202 sec,   97087 itr]: No feasible solution found (infeas = 1)
[203 sec,   97087 itr]: No feasible solution found (infeas = 1)
[204 sec,   98059 itr]: No feasible solution found (infeas = 1)
[205 sec,   98548 itr]: No feasible solution found (infeas = 1)
[206 sec,   99028 itr]: No feasible solution found (infeas = 1)
[207 sec,   99507 itr]: No feasible solution found (infeas = 1)
[208 sec,   99507 itr]: No feasible solution found (infeas = 1)
[209 sec,  100493 itr]: No feasible solution found (infeas = 1)
[210 sec,  100958 itr]: No feasible solution found (infeas = 1)
[211 sec,  101440 itr]: No feasible solution found (infeas = 1)
[212 sec,  101917 itr]: No feasible solution found (infeas = 1)
[213 sec,  102371 itr]: No feasible solution found (infeas = 1)
[214 sec,  102854 itr]: No feasible solution found (infeas = 1)
[215 sec,  103367 itr]: No feasible solution found (infeas = 1)
[216 sec,  103367 itr]: No feasible solution found (infeas = 1)
[217 sec,  104314 itr]: No feasible solution found (infeas = 1)
[218 sec,  104787 itr]: No feasible solution found (infeas = 1)
[219 sec,  105246 itr]: No feasible solution found (infeas = 1)
[220 sec,  105699 itr]: No feasible solution found (infeas = 1)
[221 sec,  106173 itr]: No feasible solution found (infeas = 1)
[222 sec,  106661 itr]: No feasible solution found (infeas = 1)
[223 sec,  106661 itr]: No feasible solution found (infeas = 1)
[224 sec,  107619 itr]: No feasible solution found (infeas = 1)
[225 sec,  108134 itr]: No feasible solution found (infeas = 1)
[226 sec,  108604 itr]: No feasible solution found (infeas = 1)
[227 sec,  109138 itr]: No feasible solution found (infeas = 1)
[228 sec,  109621 itr]: No feasible solution found (infeas = 1)
[229 sec,  110144 itr]: No feasible solution found (infeas = 1)
[230 sec,  110617 itr]: No feasible solution found (infeas = 1)
[231 sec,  111143 itr]: No feasible solution found (infeas = 1)
[232 sec,  111143 itr]: No feasible solution found (infeas = 1)
[233 sec,  112196 itr]: No feasible solution found (infeas = 1)
[234 sec,  112685 itr]: No feasible solution found (infeas = 1)
[235 sec,  113162 itr]: No feasible solution found (infeas = 1)
[236 sec,  113162 itr]: No feasible solution found (infeas = 1)
[237 sec,  113656 itr]: No feasible solution found (infeas = 1)
[238 sec,  114617 itr]: No feasible solution found (infeas = 1)
[239 sec,  115130 itr]: No feasible solution found (infeas = 1)
[240 sec,  115613 itr]: No feasible solution found (infeas = 1)
[241 sec,  116114 itr]: No feasible solution found (infeas = 1)
[242 sec,  116624 itr]: No feasible solution found (infeas = 1)
[243 sec,  117085 itr]: No feasible solution found (infeas = 1)
[244 sec,  117085 itr]: No feasible solution found (infeas = 1)
[245 sec,  118015 itr]: No feasible solution found (infeas = 1)
[246 sec,  118497 itr]: No feasible solution found (infeas = 1)
[247 sec,  118985 itr]: No feasible solution found (infeas = 1)
[248 sec,  119485 itr]: No feasible solution found (infeas = 1)
[249 sec,  119935 itr]: No feasible solution found (infeas = 1)
[250 sec,  120363 itr]: No feasible solution found (infeas = 1)
[251 sec,  120858 itr]: No feasible solution found (infeas = 1)
[252 sec,  121344 itr]: No feasible solution found (infeas = 1)
[253 sec,  121786 itr]: No feasible solution found (infeas = 1)
[254 sec,  122228 itr]: No feasible solution found (infeas = 1)
[255 sec,  122662 itr]: No feasible solution found (infeas = 1)
[256 sec,  123116 itr]: No feasible solution found (infeas = 1)
[257 sec,  123548 itr]: No feasible solution found (infeas = 1)
[258 sec,  124020 itr]: No feasible solution found (infeas = 1)
[259 sec,  124474 itr]: No feasible solution found (infeas = 1)
[260 sec,  124954 itr]: No feasible solution found (infeas = 1)
[261 sec,  125394 itr]: No feasible solution found (infeas = 1)
[262 sec,  125877 itr]: No feasible solution found (infeas = 1)
[263 sec,  126319 itr]: No feasible solution found (infeas = 1)
[264 sec,  126747 itr]: No feasible solution found (infeas = 1)
[265 sec,  127183 itr]: No feasible solution found (infeas = 1)
[266 sec,  127183 itr]: No feasible solution found (infeas = 1)
[267 sec,  128113 itr]: No feasible solution found (infeas = 1)
[268 sec,  128588 itr]: No feasible solution found (infeas = 1)
[269 sec,  128588 itr]: No feasible solution found (infeas = 1)
[270 sec,  129529 itr]: No feasible solution found (infeas = 1)
[271 sec,  129985 itr]: No feasible solution found (infeas = 1)
[272 sec,  130497 itr]: No feasible solution found (infeas = 1)
[273 sec,  130497 itr]: No feasible solution found (infeas = 1)
[274 sec,  130926 itr]: No feasible solution found (infeas = 1)
[275 sec,  131849 itr]: No feasible solution found (infeas = 1)
[276 sec,  132321 itr]: No feasible solution found (infeas = 1)
[277 sec,  132745 itr]: No feasible solution found (infeas = 1)
[278 sec,  133206 itr]: No feasible solution found (infeas = 1)
[279 sec,  133627 itr]: No feasible solution found (infeas = 1)
[280 sec,  134068 itr]: No feasible solution found (infeas = 1)
[281 sec,  134557 itr]: No feasible solution found (infeas = 1)
[282 sec,  134954 itr]: No feasible solution found (infeas = 1)
[283 sec,  134954 itr]: No feasible solution found (infeas = 1)
[284 sec,  135657 itr]: No feasible solution found (infeas = 1)
[285 sec,  136118 itr]: No feasible solution found (infeas = 1)
[286 sec,  136524 itr]: No feasible solution found (infeas = 1)
[287 sec,  136945 itr]: No feasible solution found (infeas = 1)
[288 sec,  137355 itr]: No feasible solution found (infeas = 1)
[289 sec,  137798 itr]: No feasible solution found (infeas = 1)
[290 sec,  138222 itr]: No feasible solution found (infeas = 1)
[291 sec,  138619 itr]: No feasible solution found (infeas = 1)
[292 sec,  139024 itr]: No feasible solution found (infeas = 1)
[293 sec,  139024 itr]: No feasible solution found (infeas = 1)
[294 sec,  139888 itr]: No feasible solution found (infeas = 1)
[295 sec,  140300 itr]: No feasible solution found (infeas = 1)
[296 sec,  140701 itr]: No feasible solution found (infeas = 1)
[297 sec,  141101 itr]: No feasible solution found (infeas = 1)
[298 sec,  141578 itr]: No feasible solution found (infeas = 1)
[299 sec,  142030 itr]: No feasible solution found (infeas = 1)
[300 sec,  142030 itr]: No feasible solution found (infeas = 1)
[301 sec,  142968 itr]: No feasible solution found (infeas = 1)
[302 sec,  143433 itr]: No feasible solution found (infeas = 1)
[303 sec,  143890 itr]: No feasible solution found (infeas = 1)
[304 sec,  144330 itr]: No feasible solution found (infeas = 1)
[305 sec,  144818 itr]: No feasible solution found (infeas = 1)
[306 sec,  145328 itr]: No feasible solution found (infeas = 1)
[307 sec,  145735 itr]: No feasible solution found (infeas = 1)
[308 sec,  146194 itr]: No feasible solution found (infeas = 1)
[309 sec,  146653 itr]: No feasible solution found (infeas = 1)
[310 sec,  146653 itr]: No feasible solution found (infeas = 1)
[311 sec,  147568 itr]: No feasible solution found (infeas = 1)
[312 sec,  148007 itr]: No feasible solution found (infeas = 1)
[313 sec,  148481 itr]: No feasible solution found (infeas = 1)
[314 sec,  148940 itr]: No feasible solution found (infeas = 1)
[315 sec,  149387 itr]: No feasible solution found (infeas = 1)
[316 sec,  149834 itr]: No feasible solution found (infeas = 1)
[317 sec,  150323 itr]: No feasible solution found (infeas = 1)
[318 sec,  150769 itr]: No feasible solution found (infeas = 1)
[319 sec,  151269 itr]: No feasible solution found (infeas = 1)
[320 sec,  151723 itr]: No feasible solution found (infeas = 1)
[321 sec,  152178 itr]: No feasible solution found (infeas = 1)
[322 sec,  152636 itr]: No feasible solution found (infeas = 1)
[323 sec,  153119 itr]: No feasible solution found (infeas = 1)
[324 sec,  153119 itr]: No feasible solution found (infeas = 1)
[325 sec,  153598 itr]: No feasible solution found (infeas = 1)
[326 sec,  154502 itr]: No feasible solution found (infeas = 1)
[327 sec,  154997 itr]: No feasible solution found (infeas = 1)
[328 sec,  155516 itr]: No feasible solution found (infeas = 1)
[329 sec,  156019 itr]: No feasible solution found (infeas = 1)
[330 sec,  156443 itr]: No feasible solution found (infeas = 1)
[331 sec,  156953 itr]: No feasible solution found (infeas = 1)
[332 sec,  157421 itr]: No feasible solution found (infeas = 1)
[333 sec,  157881 itr]: No feasible solution found (infeas = 1)
[334 sec,  158321 itr]: No feasible solution found (infeas = 1)
[335 sec,  158812 itr]: No feasible solution found (infeas = 1)
[336 sec,  158812 itr]: No feasible solution found (infeas = 1)
[337 sec,  159752 itr]: No feasible solution found (infeas = 1)
[338 sec,  160219 itr]: No feasible solution found (infeas = 1)
[339 sec,  160691 itr]: No feasible solution found (infeas = 1)
[340 sec,  160691 itr]: No feasible solution found (infeas = 1)
[341 sec,  161606 itr]: No feasible solution found (infeas = 1)
[342 sec,  162079 itr]: No feasible solution found (infeas = 1)
[343 sec,  162569 itr]: No feasible solution found (infeas = 1)
[344 sec,  163022 itr]: No feasible solution found (infeas = 1)
[345 sec,  163490 itr]: No feasible solution found (infeas = 1)
[346 sec,  163952 itr]: No feasible solution found (infeas = 1)
[347 sec,  164432 itr]: No feasible solution found (infeas = 1)
[348 sec,  164432 itr]: No feasible solution found (infeas = 1)
[349 sec,  165352 itr]: No feasible solution found (infeas = 1)
[350 sec,  165841 itr]: No feasible solution found (infeas = 1)
[351 sec,  166290 itr]: No feasible solution found (infeas = 1)
[352 sec,  166802 itr]: No feasible solution found (infeas = 1)
[353 sec,  167325 itr]: No feasible solution found (infeas = 1)
[354 sec,  167796 itr]: No feasible solution found (infeas = 1)
[355 sec,  168247 itr]: No feasible solution found (infeas = 1)
[356 sec,  168742 itr]: No feasible solution found (infeas = 1)
[357 sec,  169198 itr]: No feasible solution found (infeas = 1)
[358 sec,  169670 itr]: No feasible solution found (infeas = 1)
[359 sec,  169670 itr]: No feasible solution found (infeas = 1)
[360 sec,  170610 itr]: No feasible solution found (infeas = 1)
[361 sec,  171078 itr]: No feasible solution found (infeas = 1)
[362 sec,  171078 itr]: No feasible solution found (infeas = 1)
[363 sec,  171536 itr]: No feasible solution found (infeas = 1)
[364 sec,  171993 itr]: No feasible solution found (infeas = 1)
[365 sec,  172472 itr]: No feasible solution found (infeas = 1)
[366 sec,  173006 itr]: No feasible solution found (infeas = 1)
[367 sec,  173492 itr]: No feasible solution found (infeas = 1)
[368 sec,  173980 itr]: No feasible solution found (infeas = 1)
[369 sec,  174938 itr]: No feasible solution found (infeas = 1)
[370 sec,  175408 itr]: No feasible solution found (infeas = 1)
[371 sec,  175898 itr]: No feasible solution found (infeas = 1)
[372 sec,  176389 itr]: No feasible solution found (infeas = 1)
[373 sec,  176865 itr]: No feasible solution found (infeas = 1)
[374 sec,  176865 itr]: No feasible solution found (infeas = 1)
[375 sec,  177313 itr]: No feasible solution found (infeas = 1)
[376 sec,  178261 itr]: No feasible solution found (infeas = 1)
[377 sec,  178727 itr]: No feasible solution found (infeas = 1)
[378 sec,  179213 itr]: No feasible solution found (infeas = 1)
[379 sec,  179663 itr]: No feasible solution found (infeas = 1)
[380 sec,  180091 itr]: No feasible solution found (infeas = 1)
[381 sec,  180500 itr]: No feasible solution found (infeas = 1)
[382 sec,  180500 itr]: No feasible solution found (infeas = 1)
[383 sec,  181390 itr]: No feasible solution found (infeas = 1)
[384 sec,  181869 itr]: No feasible solution found (infeas = 1)
[385 sec,  182344 itr]: No feasible solution found (infeas = 1)
[386 sec,  182809 itr]: No feasible solution found (infeas = 1)
[387 sec,  182809 itr]: No feasible solution found (infeas = 1)
[388 sec,  183770 itr]: No feasible solution found (infeas = 1)
[389 sec,  184260 itr]: No feasible solution found (infeas = 1)
[390 sec,  184743 itr]: No feasible solution found (infeas = 1)
[391 sec,  184743 itr]: No feasible solution found (infeas = 1)
[392 sec,  185752 itr]: No feasible solution found (infeas = 1)
[393 sec,  186231 itr]: No feasible solution found (infeas = 1)
[394 sec,  186714 itr]: No feasible solution found (infeas = 1)
[395 sec,  187232 itr]: No feasible solution found (infeas = 1)
[396 sec,  187232 itr]: No feasible solution found (infeas = 1)
[397 sec,  187721 itr]: No feasible solution found (infeas = 1)
[398 sec,  188796 itr]: No feasible solution found (infeas = 1)
[399 sec,  189317 itr]: No feasible solution found (infeas = 1)
[400 sec,  189826 itr]: No feasible solution found (infeas = 1)
[401 sec,  190307 itr]: No feasible solution found (infeas = 1)
[402 sec,  190307 itr]: No feasible solution found (infeas = 1)
[403 sec,  191291 itr]: No feasible solution found (infeas = 1)
[404 sec,  191817 itr]: No feasible solution found (infeas = 1)
[405 sec,  192299 itr]: No feasible solution found (infeas = 1)
[406 sec,  192723 itr]: No feasible solution found (infeas = 1)
[407 sec,  193176 itr]: No feasible solution found (infeas = 1)
[408 sec,  193668 itr]: No feasible solution found (infeas = 1)
[409 sec,  194073 itr]: No feasible solution found (infeas = 1)
[410 sec,  194570 itr]: No feasible solution found (infeas = 1)
[411 sec,  194570 itr]: No feasible solution found (infeas = 1)
[412 sec,  195459 itr]: No feasible solution found (infeas = 1)
[413 sec,  196001 itr]: No feasible solution found (infeas = 1)
[414 sec,  196001 itr]: No feasible solution found (infeas = 1)
[415 sec,  196865 itr]: No feasible solution found (infeas = 1)
[416 sec,  197309 itr]: No feasible solution found (infeas = 1)
[417 sec,  197728 itr]: No feasible solution found (infeas = 1)
[418 sec,  198149 itr]: No feasible solution found (infeas = 1)
[419 sec,  198607 itr]: No feasible solution found (infeas = 1)
[420 sec,  198607 itr]: No feasible solution found (infeas = 1)
[421 sec,  199635 itr]: No feasible solution found (infeas = 1)
[422 sec,  200099 itr]: No feasible solution found (infeas = 1)
[423 sec,  200649 itr]: No feasible solution found (infeas = 1)
[424 sec,  201111 itr]: No feasible solution found (infeas = 1)
[425 sec,  201542 itr]: No feasible solution found (infeas = 1)
[426 sec,  201542 itr]: No feasible solution found (infeas = 1)
[427 sec,  202440 itr]: No feasible solution found (infeas = 1)
[428 sec,  202921 itr]: No feasible solution found (infeas = 1)
[429 sec,  203310 itr]: No feasible solution found (infeas = 1)
[430 sec,  203765 itr]: No feasible solution found (infeas = 1)
[431 sec,  204192 itr]: No feasible solution found (infeas = 1)
[432 sec,  204724 itr]: No feasible solution found (infeas = 1)
[433 sec,  205154 itr]: No feasible solution found (infeas = 1)
[434 sec,  205687 itr]: No feasible solution found (infeas = 1)
[435 sec,  206159 itr]: No feasible solution found (infeas = 1)
[436 sec,  206646 itr]: No feasible solution found (infeas = 1)
[437 sec,  207119 itr]: No feasible solution found (infeas = 1)
[438 sec,  207577 itr]: No feasible solution found (infeas = 1)
[439 sec,  208123 itr]: No feasible solution found (infeas = 1)
[440 sec,  208123 itr]: No feasible solution found (infeas = 1)
[441 sec,  208955 itr]: No feasible solution found (infeas = 1)
[442 sec,  208955 itr]: No feasible solution found (infeas = 1)
[443 sec,  209853 itr]: No feasible solution found (infeas = 1)
[444 sec,  210363 itr]: No feasible solution found (infeas = 1)
[445 sec,  210887 itr]: No feasible solution found (infeas = 1)
[446 sec,  211390 itr]: No feasible solution found (infeas = 1)
[447 sec,  211836 itr]: No feasible solution found (infeas = 1)
[448 sec,  212257 itr]: No feasible solution found (infeas = 1)
[449 sec,  212690 itr]: No feasible solution found (infeas = 1)
[450 sec,  213218 itr]: No feasible solution found (infeas = 1)
[451 sec,  213633 itr]: No feasible solution found (infeas = 1)
[452 sec,  214091 itr]: No feasible solution found (infeas = 1)
[453 sec,  214570 itr]: No feasible solution found (infeas = 1)
[454 sec,  215024 itr]: No feasible solution found (infeas = 1)
[455 sec,  215494 itr]: No feasible solution found (infeas = 1)
[456 sec,  216040 itr]: No feasible solution found (infeas = 1)
[457 sec,  216568 itr]: No feasible solution found (infeas = 1)
[458 sec,  216568 itr]: No feasible solution found (infeas = 1)
[459 sec,  217069 itr]: No feasible solution found (infeas = 1)
[460 sec,  218023 itr]: No feasible solution found (infeas = 1)
[461 sec,  218614 itr]: No feasible solution found (infeas = 1)
[462 sec,  218614 itr]: No feasible solution found (infeas = 1)
[463 sec,  219569 itr]: No feasible solution found (infeas = 1)
[464 sec,  220063 itr]: No feasible solution found (infeas = 1)
[465 sec,  220551 itr]: No feasible solution found (infeas = 1)
[466 sec,  220551 itr]: No feasible solution found (infeas = 1)
[467 sec,  221476 itr]: No feasible solution found (infeas = 1)
[468 sec,  221942 itr]: No feasible solution found (infeas = 1)
[469 sec,  221942 itr]: No feasible solution found (infeas = 1)
[470 sec,  222952 itr]: No feasible solution found (infeas = 1)
[471 sec,  223478 itr]: No feasible solution found (infeas = 1)
[472 sec,  223478 itr]: No feasible solution found (infeas = 1)
[473 sec,  224474 itr]: No feasible solution found (infeas = 1)
[474 sec,  225043 itr]: No feasible solution found (infeas = 1)
[475 sec,  225519 itr]: No feasible solution found (infeas = 1)
[476 sec,  225962 itr]: No feasible solution found (infeas = 1)
[477 sec,  226349 itr]: No feasible solution found (infeas = 1)
[478 sec,  226798 itr]: No feasible solution found (infeas = 1)
[479 sec,  227376 itr]: No feasible solution found (infeas = 1)
[480 sec,  227867 itr]: No feasible solution found (infeas = 1)
[481 sec,  228386 itr]: No feasible solution found (infeas = 1)
[482 sec,  228849 itr]: No feasible solution found (infeas = 1)
[483 sec,  229306 itr]: No feasible solution found (infeas = 1)
[484 sec,  229306 itr]: No feasible solution found (infeas = 1)
[485 sec,  230267 itr]: No feasible solution found (infeas = 1)
[486 sec,  230782 itr]: No feasible solution found (infeas = 1)
[487 sec,  231336 itr]: No feasible solution found (infeas = 1)
[488 sec,  231825 itr]: No feasible solution found (infeas = 1)
[489 sec,  232319 itr]: No feasible solution found (infeas = 1)
[490 sec,  232902 itr]: No feasible solution found (infeas = 1)
[491 sec,  233402 itr]: No feasible solution found (infeas = 1)
[492 sec,  233819 itr]: No feasible solution found (infeas = 1)
[493 sec,  233819 itr]: No feasible solution found (infeas = 1)
[494 sec,  234782 itr]: No feasible solution found (infeas = 1)
[495 sec,  235268 itr]: No feasible solution found (infeas = 1)
[496 sec,  235681 itr]: No feasible solution found (infeas = 1)
[497 sec,  236127 itr]: No feasible solution found (infeas = 1)
[498 sec,  236519 itr]: No feasible solution found (infeas = 1)
[499 sec,  237000 itr]: No feasible solution found (infeas = 1)
[500 sec,  237503 itr]: No feasible solution found (infeas = 1)
[501 sec,  237924 itr]: No feasible solution found (infeas = 1)
[502 sec,  238309 itr]: No feasible solution found (infeas = 1)
[503 sec,  238698 itr]: No feasible solution found (infeas = 1)
[504 sec,  239162 itr]: No feasible solution found (infeas = 1)
[505 sec,  239162 itr]: No feasible solution found (infeas = 1)
[506 sec,  240171 itr]: No feasible solution found (infeas = 1)
[507 sec,  240527 itr]: No feasible solution found (infeas = 1)
[508 sec,  240527 itr]: No feasible solution found (infeas = 1)
[509 sec,  240904 itr]: No feasible solution found (infeas = 1)
[510 sec,  241825 itr]: No feasible solution found (infeas = 1)
[511 sec,  242290 itr]: No feasible solution found (infeas = 1)
[512 sec,  242736 itr]: No feasible solution found (infeas = 1)
[513 sec,  243238 itr]: No feasible solution found (infeas = 1)
[514 sec,  243702 itr]: No feasible solution found (infeas = 1)
[515 sec,  244231 itr]: No feasible solution found (infeas = 1)
[516 sec,  244642 itr]: No feasible solution found (infeas = 1)
[517 sec,  245121 itr]: No feasible solution found (infeas = 1)
[518 sec,  245591 itr]: No feasible solution found (infeas = 1)
[519 sec,  246110 itr]: No feasible solution found (infeas = 1)
[520 sec,  246512 itr]: No feasible solution found (infeas = 1)
[521 sec,  247003 itr]: No feasible solution found (infeas = 1)
[522 sec,  247476 itr]: No feasible solution found (infeas = 1)
[523 sec,  247982 itr]: No feasible solution found (infeas = 1)
[524 sec,  247982 itr]: No feasible solution found (infeas = 1)
[525 sec,  248792 itr]: No feasible solution found (infeas = 1)
[526 sec,  249198 itr]: No feasible solution found (infeas = 1)
[527 sec,  249702 itr]: No feasible solution found (infeas = 1)
[528 sec,  250105 itr]: No feasible solution found (infeas = 1)
[529 sec,  250550 itr]: No feasible solution found (infeas = 1)
[530 sec,  250954 itr]: No feasible solution found (infeas = 1)
[531 sec,  251395 itr]: No feasible solution found (infeas = 1)
[532 sec,  251844 itr]: No feasible solution found (infeas = 1)
[533 sec,  251844 itr]: No feasible solution found (infeas = 1)
[534 sec,  252265 itr]: No feasible solution found (infeas = 1)
[535 sec,  253134 itr]: No feasible solution found (infeas = 1)
[536 sec,  253134 itr]: No feasible solution found (infeas = 1)
[537 sec,  253559 itr]: No feasible solution found (infeas = 1)
[538 sec,  254737 itr]: No feasible solution found (infeas = 1)
[539 sec,  255373 itr]: No feasible solution found (infeas = 1)
[540 sec,  255925 itr]: No feasible solution found (infeas = 1)
[541 sec,  256540 itr]: No feasible solution found (infeas = 1)
[542 sec,  257099 itr]: No feasible solution found (infeas = 1)
[543 sec,  257611 itr]: No feasible solution found (infeas = 1)
[544 sec,  257611 itr]: No feasible solution found (infeas = 1)
[545 sec,  258836 itr]: No feasible solution found (infeas = 1)
[546 sec,  259419 itr]: No feasible solution found (infeas = 1)
[547 sec,  260083 itr]: No feasible solution found (infeas = 1)
[548 sec,  260083 itr]: No feasible solution found (infeas = 1)
[549 sec,  261320 itr]: No feasible solution found (infeas = 1)
[550 sec,  261320 itr]: No feasible solution found (infeas = 1)
[551 sec,  262506 itr]: No feasible solution found (infeas = 1)
[552 sec,  263133 itr]: No feasible solution found (infeas = 1)
[553 sec,  263133 itr]: No feasible solution found (infeas = 1)
[554 sec,  264255 itr]: No feasible solution found (infeas = 1)
[555 sec,  264843 itr]: No feasible solution found (infeas = 1)
[556 sec,  264843 itr]: No feasible solution found (infeas = 1)
[557 sec,  265350 itr]: No feasible solution found (infeas = 1)
[558 sec,  266390 itr]: No feasible solution found (infeas = 1)
[559 sec,  266928 itr]: No feasible solution found (infeas = 1)
[560 sec,  267498 itr]: No feasible solution found (infeas = 1)
[561 sec,  268091 itr]: No feasible solution found (infeas = 1)
[562 sec,  268618 itr]: No feasible solution found (infeas = 1)
[563 sec,  269196 itr]: No feasible solution found (infeas = 1)
[564 sec,  269762 itr]: No feasible solution found (infeas = 1)
[565 sec,  270267 itr]: No feasible solution found (infeas = 1)
[566 sec,  270772 itr]: No feasible solution found (infeas = 1)
[567 sec,  270772 itr]: No feasible solution found (infeas = 1)
[568 sec,  271739 itr]: No feasible solution found (infeas = 1)
[569 sec,  271739 itr]: No feasible solution found (infeas = 1)
[570 sec,  272686 itr]: No feasible solution found (infeas = 1)
[571 sec,  273197 itr]: No feasible solution found (infeas = 1)
[572 sec,  273706 itr]: No feasible solution found (infeas = 1)
[573 sec,  274224 itr]: No feasible solution found (infeas = 1)
[574 sec,  274713 itr]: No feasible solution found (infeas = 1)
[575 sec,  274713 itr]: No feasible solution found (infeas = 1)
[576 sec,  275549 itr]: No feasible solution found (infeas = 1)
[577 sec,  276105 itr]: No feasible solution found (infeas = 1)
[578 sec,  276630 itr]: No feasible solution found (infeas = 1)
[579 sec,  277068 itr]: No feasible solution found (infeas = 1)
[580 sec,  277577 itr]: No feasible solution found (infeas = 1)
[581 sec,  277577 itr]: No feasible solution found (infeas = 1)
[582 sec,  278546 itr]: No feasible solution found (infeas = 1)
[583 sec,  279025 itr]: No feasible solution found (infeas = 1)
[584 sec,  279446 itr]: No feasible solution found (infeas = 1)
[585 sec,  279446 itr]: No feasible solution found (infeas = 1)
[586 sec,  280360 itr]: No feasible solution found (infeas = 1)
[587 sec,  280870 itr]: No feasible solution found (infeas = 1)
[588 sec,  280870 itr]: No feasible solution found (infeas = 1)
[589 sec,  281932 itr]: No feasible solution found (infeas = 1)
[590 sec,  282429 itr]: No feasible solution found (infeas = 1)
[591 sec,  282816 itr]: No feasible solution found (infeas = 1)
[592 sec,  283299 itr]: No feasible solution found (infeas = 1)
[593 sec,  283809 itr]: No feasible solution found (infeas = 1)
[594 sec,  283809 itr]: No feasible solution found (infeas = 1)
[595 sec,  284818 itr]: No feasible solution found (infeas = 1)
[596 sec,  285376 itr]: No feasible solution found (infeas = 1)
[597 sec,  285916 itr]: No feasible solution found (infeas = 1)
[598 sec,  286391 itr]: No feasible solution found (infeas = 1)
[599 sec,  286947 itr]: No feasible solution found (infeas = 1)
[600 sec,  287536 itr]: No feasible solution found (infeas = 1)
[601 sec,  288115 itr]: No feasible solution found (infeas = 1)
[602 sec,  288691 itr]: No feasible solution found (infeas = 1)
[603 sec,  288691 itr]: No feasible solution found (infeas = 1)
[604 sec,  289755 itr]: No feasible solution found (infeas = 1)
[605 sec,  290398 itr]: No feasible solution found (infeas = 1)
[606 sec,  290923 itr]: No feasible solution found (infeas = 1)
[607 sec,  291474 itr]: No feasible solution found (infeas = 1)
[608 sec,  292025 itr]: No feasible solution found (infeas = 1)
[609 sec,  292484 itr]: No feasible solution found (infeas = 1)
[610 sec,  292955 itr]: No feasible solution found (infeas = 1)
[611 sec,  293447 itr]: No feasible solution found (infeas = 1)
[612 sec,  293447 itr]: No feasible solution found (infeas = 1)
[613 sec,  294586 itr]: No feasible solution found (infeas = 1)
[614 sec,  295176 itr]: No feasible solution found (infeas = 1)
[615 sec,  295703 itr]: No feasible solution found (infeas = 1)
[616 sec,  296201 itr]: No feasible solution found (infeas = 1)
[617 sec,  296708 itr]: No feasible solution found (infeas = 1)
[618 sec,  297272 itr]: No feasible solution found (infeas = 1)
[619 sec,  297820 itr]: No feasible solution found (infeas = 1)
[620 sec,  297820 itr]: No feasible solution found (infeas = 1)
[621 sec,  298867 itr]: No feasible solution found (infeas = 1)
[622 sec,  299324 itr]: No feasible solution found (infeas = 1)
[623 sec,  299866 itr]: No feasible solution found (infeas = 1)
[624 sec,  300364 itr]: No feasible solution found (infeas = 1)
[625 sec,  300856 itr]: No feasible solution found (infeas = 1)
[626 sec,  301416 itr]: No feasible solution found (infeas = 1)
[627 sec,  301940 itr]: No feasible solution found (infeas = 1)
[628 sec,  302470 itr]: No feasible solution found (infeas = 1)
[629 sec,  302925 itr]: No feasible solution found (infeas = 1)
[630 sec,  303373 itr]: No feasible solution found (infeas = 1)
[631 sec,  303809 itr]: No feasible solution found (infeas = 1)
[632 sec,  303809 itr]: No feasible solution found (infeas = 1)
[633 sec,  304771 itr]: No feasible solution found (infeas = 1)
[634 sec,  305202 itr]: No feasible solution found (infeas = 1)
[635 sec,  305751 itr]: No feasible solution found (infeas = 1)
[636 sec,  305751 itr]: No feasible solution found (infeas = 1)
[637 sec,  306554 itr]: No feasible solution found (infeas = 1)
[638 sec,  307059 itr]: No feasible solution found (infeas = 1)
[639 sec,  307567 itr]: No feasible solution found (infeas = 1)
[640 sec,  307567 itr]: No feasible solution found (infeas = 1)
[641 sec,  308611 itr]: No feasible solution found (infeas = 1)
[642 sec,  308611 itr]: No feasible solution found (infeas = 1)
[643 sec,  309652 itr]: No feasible solution found (infeas = 1)
[644 sec,  310158 itr]: No feasible solution found (infeas = 1)
[645 sec,  310647 itr]: No feasible solution found (infeas = 1)
[646 sec,  311167 itr]: No feasible solution found (infeas = 1)
[647 sec,  311167 itr]: No feasible solution found (infeas = 1)
[648 sec,  312223 itr]: No feasible solution found (infeas = 1)
[649 sec,  312720 itr]: No feasible solution found (infeas = 1)
[650 sec,  313165 itr]: No feasible solution found (infeas = 1)
[651 sec,  313733 itr]: No feasible solution found (infeas = 1)
[652 sec,  314321 itr]: No feasible solution found (infeas = 1)
[653 sec,  314858 itr]: No feasible solution found (infeas = 1)
[654 sec,  315441 itr]: No feasible solution found (infeas = 1)
[655 sec,  315984 itr]: No feasible solution found (infeas = 1)
[656 sec,  316511 itr]: No feasible solution found (infeas = 1)
[657 sec,  317054 itr]: No feasible solution found (infeas = 1)
[658 sec,  317569 itr]: No feasible solution found (infeas = 1)
[659 sec,  318214 itr]: No feasible solution found (infeas = 1)
[660 sec,  318774 itr]: No feasible solution found (infeas = 1)
[661 sec,  318774 itr]: No feasible solution found (infeas = 1)
[662 sec,  319921 itr]: No feasible solution found (infeas = 1)
[663 sec,  320522 itr]: No feasible solution found (infeas = 1)
[664 sec,  320522 itr]: No feasible solution found (infeas = 1)
[665 sec,  321556 itr]: No feasible solution found (infeas = 1)
[666 sec,  322101 itr]: No feasible solution found (infeas = 1)
[667 sec,  322703 itr]: No feasible solution found (infeas = 1)
[668 sec,  323271 itr]: No feasible solution found (infeas = 1)
[669 sec,  323751 itr]: No feasible solution found (infeas = 1)
[670 sec,  323751 itr]: No feasible solution found (infeas = 1)
[671 sec,  324856 itr]: No feasible solution found (infeas = 1)
[672 sec,  325390 itr]: No feasible solution found (infeas = 1)
[673 sec,  325930 itr]: No feasible solution found (infeas = 1)
[674 sec,  326447 itr]: No feasible solution found (infeas = 1)
[675 sec,  326447 itr]: No feasible solution found (infeas = 1)
[676 sec,  327457 itr]: No feasible solution found (infeas = 1)
[677 sec,  327457 itr]: No feasible solution found (infeas = 1)
[678 sec,  328551 itr]: No feasible solution found (infeas = 1)
[679 sec,  329178 itr]: No feasible solution found (infeas = 1)
[680 sec,  329784 itr]: No feasible solution found (infeas = 1)
[681 sec,  330346 itr]: No feasible solution found (infeas = 1)
[682 sec,  330903 itr]: No feasible solution found (infeas = 1)
[683 sec,  331466 itr]: No feasible solution found (infeas = 1)
[684 sec,  332007 itr]: No feasible solution found (infeas = 1)
[685 sec,  332007 itr]: No feasible solution found (infeas = 1)
[686 sec,  333208 itr]: No feasible solution found (infeas = 1)
[687 sec,  333854 itr]: No feasible solution found (infeas = 1)
[688 sec,  334443 itr]: No feasible solution found (infeas = 1)
[689 sec,  335044 itr]: No feasible solution found (infeas = 1)
[690 sec,  335647 itr]: No feasible solution found (infeas = 1)
[691 sec,  336234 itr]: No feasible solution found (infeas = 1)
[692 sec,  336839 itr]: No feasible solution found (infeas = 1)
[693 sec,  337395 itr]: No feasible solution found (infeas = 1)
[694 sec,  337941 itr]: No feasible solution found (infeas = 1)
[695 sec,  338500 itr]: No feasible solution found (infeas = 1)
[696 sec,  339044 itr]: No feasible solution found (infeas = 1)
[697 sec,  339582 itr]: No feasible solution found (infeas = 1)
[698 sec,  340129 itr]: No feasible solution found (infeas = 1)
[699 sec,  340727 itr]: No feasible solution found (infeas = 1)
[700 sec,  341377 itr]: No feasible solution found (infeas = 1)
[701 sec,  341943 itr]: No feasible solution found (infeas = 1)
[702 sec,  342420 itr]: No feasible solution found (infeas = 1)
[703 sec,  342960 itr]: No feasible solution found (infeas = 1)
[704 sec,  343499 itr]: No feasible solution found (infeas = 1)
[705 sec,  344050 itr]: No feasible solution found (infeas = 1)
[706 sec,  344558 itr]: No feasible solution found (infeas = 1)
[707 sec,  345073 itr]: No feasible solution found (infeas = 1)
[708 sec,  345073 itr]: No feasible solution found (infeas = 1)
[709 sec,  346116 itr]: No feasible solution found (infeas = 1)
[710 sec,  346606 itr]: No feasible solution found (infeas = 1)
[711 sec,  346606 itr]: No feasible solution found (infeas = 1)
[712 sec,  347686 itr]: No feasible solution found (infeas = 1)
[713 sec,  348294 itr]: No feasible solution found (infeas = 1)
[714 sec,  348765 itr]: No feasible solution found (infeas = 1)
[715 sec,  349352 itr]: No feasible solution found (infeas = 1)
[716 sec,  349352 itr]: No feasible solution found (infeas = 1)
[717 sec,  350036 itr]: No feasible solution found (infeas = 1)
[718 sec,  350456 itr]: No feasible solution found (infeas = 1)
[719 sec,  350972 itr]: No feasible solution found (infeas = 1)
[720 sec,  351433 itr]: No feasible solution found (infeas = 1)
[721 sec,  351966 itr]: No feasible solution found (infeas = 1)
[722 sec,  352425 itr]: No feasible solution found (infeas = 1)
[723 sec,  352959 itr]: No feasible solution found (infeas = 1)
[724 sec,  352959 itr]: No feasible solution found (infeas = 1)
[725 sec,  353892 itr]: No feasible solution found (infeas = 1)
[726 sec,  354291 itr]: No feasible solution found (infeas = 1)
[727 sec,  354291 itr]: No feasible solution found (infeas = 1)
[728 sec,  355235 itr]: No feasible solution found (infeas = 1)
[729 sec,  355694 itr]: No feasible solution found (infeas = 1)
[730 sec,  356205 itr]: No feasible solution found (infeas = 1)
[731 sec,  356205 itr]: No feasible solution found (infeas = 1)
[732 sec,  356729 itr]: No feasible solution found (infeas = 1)
[733 sec,  357673 itr]: No feasible solution found (infeas = 1)
[734 sec,  358125 itr]: No feasible solution found (infeas = 1)
[735 sec,  358615 itr]: No feasible solution found (infeas = 1)
[736 sec,  359163 itr]: No feasible solution found (infeas = 1)
[737 sec,  359630 itr]: No feasible solution found (infeas = 1)
[738 sec,  359630 itr]: No feasible solution found (infeas = 1)
[739 sec,  360544 itr]: No feasible solution found (infeas = 1)
[740 sec,  361051 itr]: No feasible solution found (infeas = 1)
[741 sec,  361539 itr]: No feasible solution found (infeas = 1)
[742 sec,  362032 itr]: No feasible solution found (infeas = 1)
[743 sec,  362032 itr]: No feasible solution found (infeas = 1)
[744 sec,  362963 itr]: No feasible solution found (infeas = 1)
[745 sec,  363457 itr]: No feasible solution found (infeas = 1)
[746 sec,  363895 itr]: No feasible solution found (infeas = 1)
[747 sec,  364378 itr]: No feasible solution found (infeas = 1)
[748 sec,  364378 itr]: No feasible solution found (infeas = 1)
[749 sec,  364845 itr]: No feasible solution found (infeas = 1)
[750 sec,  365889 itr]: No feasible solution found (infeas = 1)
[751 sec,  365889 itr]: No feasible solution found (infeas = 1)
[752 sec,  366876 itr]: No feasible solution found (infeas = 1)
[753 sec,  367351 itr]: No feasible solution found (infeas = 1)
[754 sec,  367775 itr]: No feasible solution found (infeas = 1)
[755 sec,  368233 itr]: No feasible solution found (infeas = 1)
[756 sec,  368233 itr]: No feasible solution found (infeas = 1)
[757 sec,  369199 itr]: No feasible solution found (infeas = 1)
[758 sec,  369199 itr]: No feasible solution found (infeas = 1)
[759 sec,  370125 itr]: No feasible solution found (infeas = 1)
[760 sec,  370125 itr]: No feasible solution found (infeas = 1)
[761 sec,  371025 itr]: No feasible solution found (infeas = 1)
[762 sec,  371512 itr]: No feasible solution found (infeas = 1)
[763 sec,  371990 itr]: No feasible solution found (infeas = 1)
[764 sec,  372429 itr]: No feasible solution found (infeas = 1)
[765 sec,  372947 itr]: No feasible solution found (infeas = 1)
[766 sec,  372947 itr]: No feasible solution found (infeas = 1)
[767 sec,  373893 itr]: No feasible solution found (infeas = 1)
[768 sec,  374395 itr]: No feasible solution found (infeas = 1)
[769 sec,  374395 itr]: No feasible solution found (infeas = 1)
[770 sec,  375299 itr]: No feasible solution found (infeas = 1)
[771 sec,  375781 itr]: No feasible solution found (infeas = 1)
[772 sec,  376234 itr]: No feasible solution found (infeas = 1)
[773 sec,  376234 itr]: No feasible solution found (infeas = 1)
[774 sec,  377111 itr]: No feasible solution found (infeas = 1)
[775 sec,  377537 itr]: No feasible solution found (infeas = 1)
[776 sec,  377960 itr]: No feasible solution found (infeas = 1)
[777 sec,  378386 itr]: No feasible solution found (infeas = 1)
[778 sec,  378386 itr]: No feasible solution found (infeas = 1)
[779 sec,  379247 itr]: No feasible solution found (infeas = 1)
[780 sec,  379715 itr]: No feasible solution found (infeas = 1)
[781 sec,  379715 itr]: No feasible solution found (infeas = 1)
[782 sec,  380514 itr]: No feasible solution found (infeas = 1)
[783 sec,  380923 itr]: No feasible solution found (infeas = 1)
[784 sec,  381304 itr]: No feasible solution found (infeas = 1)
[785 sec,  381792 itr]: No feasible solution found (infeas = 1)
[786 sec,  382199 itr]: No feasible solution found (infeas = 1)
[787 sec,  382199 itr]: No feasible solution found (infeas = 1)
[788 sec,  382987 itr]: No feasible solution found (infeas = 1)
[789 sec,  383422 itr]: No feasible solution found (infeas = 1)
[790 sec,  383801 itr]: No feasible solution found (infeas = 1)
[791 sec,  384190 itr]: No feasible solution found (infeas = 1)
[792 sec,  384589 itr]: No feasible solution found (infeas = 1)
[793 sec,  384981 itr]: No feasible solution found (infeas = 1)
[794 sec,  385326 itr]: No feasible solution found (infeas = 1)
[795 sec,  385726 itr]: No feasible solution found (infeas = 1)
[796 sec,  386167 itr]: No feasible solution found (infeas = 1)
[797 sec,  386584 itr]: No feasible solution found (infeas = 1)
[798 sec,  386947 itr]: No feasible solution found (infeas = 1)
[799 sec,  387327 itr]: No feasible solution found (infeas = 1)
[800 sec,  387745 itr]: No feasible solution found (infeas = 1)
[801 sec,  388093 itr]: No feasible solution found (infeas = 1)
[802 sec,  388480 itr]: No feasible solution found (infeas = 1)
[803 sec,  388480 itr]: No feasible solution found (infeas = 1)
[804 sec,  388870 itr]: No feasible solution found (infeas = 1)
[805 sec,  389611 itr]: No feasible solution found (infeas = 1)
[806 sec,  389944 itr]: No feasible solution found (infeas = 1)
[807 sec,  390291 itr]: No feasible solution found (infeas = 1)
[808 sec,  390655 itr]: No feasible solution found (infeas = 1)
[809 sec,  390981 itr]: No feasible solution found (infeas = 1)
[810 sec,  390981 itr]: No feasible solution found (infeas = 1)
[811 sec,  391680 itr]: No feasible solution found (infeas = 1)
[812 sec,  392017 itr]: No feasible solution found (infeas = 1)
[813 sec,  392017 itr]: No feasible solution found (infeas = 1)
[814 sec,  392712 itr]: No feasible solution found (infeas = 1)
[815 sec,  393052 itr]: No feasible solution found (infeas = 1)
[816 sec,  393426 itr]: No feasible solution found (infeas = 1)
[817 sec,  393770 itr]: No feasible solution found (infeas = 1)
[818 sec,  394103 itr]: No feasible solution found (infeas = 1)
[819 sec,  394410 itr]: No feasible solution found (infeas = 1)
[820 sec,  394753 itr]: No feasible solution found (infeas = 1)
[821 sec,  394753 itr]: No feasible solution found (infeas = 1)
[822 sec,  395374 itr]: No feasible solution found (infeas = 1)
[823 sec,  395741 itr]: No feasible solution found (infeas = 1)
[824 sec,  395741 itr]: No feasible solution found (infeas = 1)
[825 sec,  396451 itr]: No feasible solution found (infeas = 1)
[826 sec,  396759 itr]: No feasible solution found (infeas = 1)
[827 sec,  397094 itr]: No feasible solution found (infeas = 1)
[828 sec,  397395 itr]: No feasible solution found (infeas = 1)
[829 sec,  397727 itr]: No feasible solution found (infeas = 1)
[830 sec,  397727 itr]: No feasible solution found (infeas = 1)
[831 sec,  398359 itr]: No feasible solution found (infeas = 1)
[832 sec,  398702 itr]: No feasible solution found (infeas = 1)
[833 sec,  398702 itr]: No feasible solution found (infeas = 1)
[834 sec,  399422 itr]: No feasible solution found (infeas = 1)
[835 sec,  399792 itr]: No feasible solution found (infeas = 1)
[836 sec,  400101 itr]: No feasible solution found (infeas = 1)
[837 sec,  400470 itr]: No feasible solution found (infeas = 1)
[838 sec,  400823 itr]: No feasible solution found (infeas = 1)
[839 sec,  400823 itr]: No feasible solution found (infeas = 1)
[840 sec,  401478 itr]: No feasible solution found (infeas = 1)
[841 sec,  401811 itr]: No feasible solution found (infeas = 1)
[842 sec,  402105 itr]: No feasible solution found (infeas = 1)
[843 sec,  402446 itr]: No feasible solution found (infeas = 1)
[844 sec,  402792 itr]: No feasible solution found (infeas = 1)
[845 sec,  403134 itr]: No feasible solution found (infeas = 1)
[846 sec,  403439 itr]: No feasible solution found (infeas = 1)
[847 sec,  403774 itr]: No feasible solution found (infeas = 1)
[848 sec,  403774 itr]: No feasible solution found (infeas = 1)
[849 sec,  404387 itr]: No feasible solution found (infeas = 1)
[850 sec,  404726 itr]: No feasible solution found (infeas = 1)
[851 sec,  404726 itr]: No feasible solution found (infeas = 1)
[852 sec,  405087 itr]: No feasible solution found (infeas = 1)
[853 sec,  405755 itr]: No feasible solution found (infeas = 1)
[854 sec,  406073 itr]: No feasible solution found (infeas = 1)
[855 sec,  406374 itr]: No feasible solution found (infeas = 1)
[856 sec,  406374 itr]: No feasible solution found (infeas = 1)
[857 sec,  407015 itr]: No feasible solution found (infeas = 1)
[858 sec,  407341 itr]: No feasible solution found (infeas = 1)
[859 sec,  407668 itr]: No feasible solution found (infeas = 1)
[860 sec,  408007 itr]: No feasible solution found (infeas = 1)
[861 sec,  408007 itr]: No feasible solution found (infeas = 1)
[862 sec,  408624 itr]: No feasible solution found (infeas = 1)
[863 sec,  408914 itr]: No feasible solution found (infeas = 1)
[864 sec,  409252 itr]: No feasible solution found (infeas = 1)
[865 sec,  409252 itr]: No feasible solution found (infeas = 1)
[866 sec,  409549 itr]: No feasible solution found (infeas = 1)
[867 sec,  410184 itr]: No feasible solution found (infeas = 1)
[868 sec,  410482 itr]: No feasible solution found (infeas = 1)
[869 sec,  410812 itr]: No feasible solution found (infeas = 1)
[870 sec,  410812 itr]: No feasible solution found (infeas = 1)
[871 sec,  411122 itr]: No feasible solution found (infeas = 1)
[872 sec,  411754 itr]: No feasible solution found (infeas = 1)
[873 sec,  412103 itr]: No feasible solution found (infeas = 1)
[874 sec,  412406 itr]: No feasible solution found (infeas = 1)
[875 sec,  412709 itr]: No feasible solution found (infeas = 1)
[876 sec,  413055 itr]: No feasible solution found (infeas = 1)
[877 sec,  413381 itr]: No feasible solution found (infeas = 1)
[878 sec,  413706 itr]: No feasible solution found (infeas = 1)
[879 sec,  414042 itr]: No feasible solution found (infeas = 1)
[880 sec,  414362 itr]: No feasible solution found (infeas = 1)
[881 sec,  414688 itr]: No feasible solution found (infeas = 1)
[882 sec,  415012 itr]: No feasible solution found (infeas = 1)
[883 sec,  415012 itr]: No feasible solution found (infeas = 1)
[884 sec,  415685 itr]: No feasible solution found (infeas = 1)
[885 sec,  415685 itr]: No feasible solution found (infeas = 1)
[886 sec,  415999 itr]: No feasible solution found (infeas = 1)
[887 sec,  416322 itr]: No feasible solution found (infeas = 1)
[888 sec,  416624 itr]: No feasible solution found (infeas = 1)
[889 sec,  416950 itr]: No feasible solution found (infeas = 1)
[890 sec,  417607 itr]: No feasible solution found (infeas = 1)
[891 sec,  417936 itr]: No feasible solution found (infeas = 1)
[892 sec,  418267 itr]: No feasible solution found (infeas = 1)
[893 sec,  418620 itr]: No feasible solution found (infeas = 1)
[894 sec,  418930 itr]: No feasible solution found (infeas = 1)
[895 sec,  419262 itr]: No feasible solution found (infeas = 1)
[896 sec,  419569 itr]: No feasible solution found (infeas = 1)
[897 sec,  419889 itr]: No feasible solution found (infeas = 1)
[898 sec,  419889 itr]: No feasible solution found (infeas = 1)
[899 sec,  420531 itr]: No feasible solution found (infeas = 1)
[900 sec,  420834 itr]: No feasible solution found (infeas = 1)
[901 sec,  421171 itr]: No feasible solution found (infeas = 1)
[902 sec,  421465 itr]: No feasible solution found (infeas = 1)
[903 sec,  421790 itr]: No feasible solution found (infeas = 1)
[904 sec,  422094 itr]: No feasible solution found (infeas = 1)
[905 sec,  422435 itr]: No feasible solution found (infeas = 1)
[906 sec,  422435 itr]: No feasible solution found (infeas = 1)
[907 sec,  423076 itr]: No feasible solution found (infeas = 1)
[908 sec,  423076 itr]: No feasible solution found (infeas = 1)
[909 sec,  423429 itr]: No feasible solution found (infeas = 1)
[910 sec,  424082 itr]: No feasible solution found (infeas = 1)
[911 sec,  424390 itr]: No feasible solution found (infeas = 1)
[912 sec,  424738 itr]: No feasible solution found (infeas = 1)
[913 sec,  424738 itr]: No feasible solution found (infeas = 1)
[914 sec,  425391 itr]: No feasible solution found (infeas = 1)
[915 sec,  425739 itr]: No feasible solution found (infeas = 1)
[916 sec,  426054 itr]: No feasible solution found (infeas = 1)
[917 sec,  426413 itr]: No feasible solution found (infeas = 1)
[918 sec,  426733 itr]: No feasible solution found (infeas = 1)
[919 sec,  427065 itr]: No feasible solution found (infeas = 1)
[920 sec,  427389 itr]: No feasible solution found (infeas = 1)
[921 sec,  427753 itr]: No feasible solution found (infeas = 1)
[922 sec,  428064 itr]: No feasible solution found (infeas = 1)
[923 sec,  428424 itr]: No feasible solution found (infeas = 1)
[924 sec,  428766 itr]: No feasible solution found (infeas = 1)
[925 sec,  429089 itr]: No feasible solution found (infeas = 1)
[926 sec,  429449 itr]: No feasible solution found (infeas = 1)
[927 sec,  429775 itr]: No feasible solution found (infeas = 1)
[928 sec,  430110 itr]: No feasible solution found (infeas = 1)
[929 sec,  430110 itr]: No feasible solution found (infeas = 1)
[930 sec,  430808 itr]: No feasible solution found (infeas = 1)
[931 sec,  430808 itr]: No feasible solution found (infeas = 1)
[932 sec,  431525 itr]: No feasible solution found (infeas = 1)
[933 sec,  431863 itr]: No feasible solution found (infeas = 1)
[934 sec,  432167 itr]: No feasible solution found (infeas = 1)
[935 sec,  432498 itr]: No feasible solution found (infeas = 1)
[936 sec,  432843 itr]: No feasible solution found (infeas = 1)
[937 sec,  432843 itr]: No feasible solution found (infeas = 1)
[938 sec,  433523 itr]: No feasible solution found (infeas = 1)
[939 sec,  433843 itr]: No feasible solution found (infeas = 1)
[940 sec,  434163 itr]: No feasible solution found (infeas = 1)
[941 sec,  434163 itr]: No feasible solution found (infeas = 1)
[942 sec,  434801 itr]: No feasible solution found (infeas = 1)
[943 sec,  435079 itr]: No feasible solution found (infeas = 1)
[944 sec,  435079 itr]: No feasible solution found (infeas = 1)
[945 sec,  435744 itr]: No feasible solution found (infeas = 1)
[946 sec,  435744 itr]: No feasible solution found (infeas = 1)
[947 sec,  436431 itr]: No feasible solution found (infeas = 1)
[948 sec,  436774 itr]: No feasible solution found (infeas = 1)
[949 sec,  436774 itr]: No feasible solution found (infeas = 1)
[950 sec,  437431 itr]: No feasible solution found (infeas = 1)
[951 sec,  437431 itr]: No feasible solution found (infeas = 1)
[952 sec,  438113 itr]: No feasible solution found (infeas = 1)
[953 sec,  438452 itr]: No feasible solution found (infeas = 1)
[954 sec,  438774 itr]: No feasible solution found (infeas = 1)
[955 sec,  439110 itr]: No feasible solution found (infeas = 1)
[956 sec,  439475 itr]: No feasible solution found (infeas = 1)
[957 sec,  439825 itr]: No feasible solution found (infeas = 1)
[958 sec,  440179 itr]: No feasible solution found (infeas = 1)
[959 sec,  440179 itr]: No feasible solution found (infeas = 1)
[960 sec,  440905 itr]: No feasible solution found (infeas = 1)
[961 sec,  441238 itr]: No feasible solution found (infeas = 1)
[962 sec,  441576 itr]: No feasible solution found (infeas = 1)
[963 sec,  441925 itr]: No feasible solution found (infeas = 1)
[964 sec,  441925 itr]: No feasible solution found (infeas = 1)
[965 sec,  442608 itr]: No feasible solution found (infeas = 1)
[966 sec,  442945 itr]: No feasible solution found (infeas = 1)
[967 sec,  443276 itr]: No feasible solution found (infeas = 1)
[968 sec,  443276 itr]: No feasible solution found (infeas = 1)
[969 sec,  443938 itr]: No feasible solution found (infeas = 1)
[970 sec,  443938 itr]: No feasible solution found (infeas = 1)
[971 sec,  444622 itr]: No feasible solution found (infeas = 1)
[972 sec,  444622 itr]: No feasible solution found (infeas = 1)
[973 sec,  445284 itr]: No feasible solution found (infeas = 1)
[974 sec,  445656 itr]: No feasible solution found (infeas = 1)
[975 sec,  446011 itr]: No feasible solution found (infeas = 1)
[976 sec,  446334 itr]: No feasible solution found (infeas = 1)
[977 sec,  446688 itr]: No feasible solution found (infeas = 1)
[978 sec,  446688 itr]: No feasible solution found (infeas = 1)
[979 sec,  447390 itr]: No feasible solution found (infeas = 1)
[980 sec,  447737 itr]: No feasible solution found (infeas = 1)
[981 sec,  448082 itr]: No feasible solution found (infeas = 1)
[982 sec,  448387 itr]: No feasible solution found (infeas = 1)
[983 sec,  448387 itr]: No feasible solution found (infeas = 1)
[984 sec,  449044 itr]: No feasible solution found (infeas = 1)
[985 sec,  449044 itr]: No feasible solution found (infeas = 1)
[986 sec,  449748 itr]: No feasible solution found (infeas = 1)
[987 sec,  450130 itr]: No feasible solution found (infeas = 1)
[988 sec,  450486 itr]: No feasible solution found (infeas = 1)
[989 sec,  450809 itr]: No feasible solution found (infeas = 1)
[990 sec,  451185 itr]: No feasible solution found (infeas = 1)
[991 sec,  451533 itr]: No feasible solution found (infeas = 1)
[992 sec,  451844 itr]: No feasible solution found (infeas = 1)
[993 sec,  452211 itr]: No feasible solution found (infeas = 1)
[994 sec,  452456 itr]: No feasible solution found (infeas = 1)
[995 sec,  452772 itr]: No feasible solution found (infeas = 1)
[996 sec,  452772 itr]: No feasible solution found (infeas = 1)
[997 sec,  453454 itr]: No feasible solution found (infeas = 1)
[998 sec,  453788 itr]: No feasible solution found (infeas = 1)
[999 sec,  453788 itr]: No feasible solution found (infeas = 1)
[1000 sec,  454415 itr]: No feasible solution found (infeas = 1)
[1001 sec,  454787 itr]: No feasible solution found (infeas = 1)
[1002 sec,  455135 itr]: No feasible solution found (infeas = 1)
[1003 sec,  455446 itr]: No feasible solution found (infeas = 1)
[1004 sec,  455739 itr]: No feasible solution found (infeas = 1)
[1005 sec,  455739 itr]: No feasible solution found (infeas = 1)
[1006 sec,  456366 itr]: No feasible solution found (infeas = 1)
[1007 sec,  456710 itr]: No feasible solution found (infeas = 1)
[1008 sec,  456997 itr]: No feasible solution found (infeas = 1)
[1009 sec,  457203 itr]: No feasible solution found (infeas = 1)
[1010 sec,  457203 itr]: No feasible solution found (infeas = 1)
[1011 sec,  457562 itr]: No feasible solution found (infeas = 1)
[1012 sec,  457759 itr]: No feasible solution found (infeas = 1)
[1013 sec,  457964 itr]: No feasible solution found (infeas = 1)
[1014 sec,  458168 itr]: No feasible solution found (infeas = 1)
[1015 sec,  458357 itr]: No feasible solution found (infeas = 1)
[1016 sec,  458576 itr]: No feasible solution found (infeas = 1)
[1017 sec,  458900 itr]: No feasible solution found (infeas = 1)
[1018 sec,  458900 itr]: No feasible solution found (infeas = 1)
[1019 sec,  459591 itr]: No feasible solution found (infeas = 1)
[1020 sec,  459924 itr]: No feasible solution found (infeas = 1)
[1021 sec,  460287 itr]: No feasible solution found (infeas = 1)
[1022 sec,  460621 itr]: No feasible solution found (infeas = 1)
[1023 sec,  460978 itr]: No feasible solution found (infeas = 1)
[1024 sec,  461296 itr]: No feasible solution found (infeas = 1)
[1025 sec,  461675 itr]: No feasible solution found (infeas = 1)
[1026 sec,  462033 itr]: No feasible solution found (infeas = 1)
[1027 sec,  462367 itr]: No feasible solution found (infeas = 1)
[1028 sec,  462367 itr]: No feasible solution found (infeas = 1)
[1029 sec,  462729 itr]: No feasible solution found (infeas = 1)
[1030 sec,  463417 itr]: No feasible solution found (infeas = 1)
[1031 sec,  463417 itr]: No feasible solution found (infeas = 1)
[1032 sec,  464122 itr]: No feasible solution found (infeas = 1)
[1033 sec,  464484 itr]: No feasible solution found (infeas = 1)
[1034 sec,  464850 itr]: No feasible solution found (infeas = 1)
[1035 sec,  464850 itr]: No feasible solution found (infeas = 1)
[1036 sec,  465499 itr]: No feasible solution found (infeas = 1)
[1037 sec,  465879 itr]: No feasible solution found (infeas = 1)
[1038 sec,  466252 itr]: No feasible solution found (infeas = 1)
[1039 sec,  466597 itr]: No feasible solution found (infeas = 1)
[1040 sec,  466926 itr]: No feasible solution found (infeas = 1)
[1041 sec,  467204 itr]: No feasible solution found (infeas = 1)
[1042 sec,  467204 itr]: No feasible solution found (infeas = 1)
[1043 sec,  467912 itr]: No feasible solution found (infeas = 1)
[1044 sec,  468246 itr]: No feasible solution found (infeas = 1)
[1045 sec,  468601 itr]: No feasible solution found (infeas = 1)
[1046 sec,  468958 itr]: No feasible solution found (infeas = 1)
[1047 sec,  469265 itr]: No feasible solution found (infeas = 1)
[1048 sec,  469577 itr]: No feasible solution found (infeas = 1)
[1049 sec,  469928 itr]: No feasible solution found (infeas = 1)
[1050 sec,  470252 itr]: No feasible solution found (infeas = 1)
[1051 sec,  470590 itr]: No feasible solution found (infeas = 1)
[1052 sec,  470929 itr]: No feasible solution found (infeas = 1)
[1053 sec,  471263 itr]: No feasible solution found (infeas = 1)
[1054 sec,  471567 itr]: No feasible solution found (infeas = 1)
[1055 sec,  471928 itr]: No feasible solution found (infeas = 1)
[1056 sec,  472249 itr]: No feasible solution found (infeas = 1)
[1057 sec,  472249 itr]: No feasible solution found (infeas = 1)
[1058 sec,  472897 itr]: No feasible solution found (infeas = 1)
[1059 sec,  473240 itr]: No feasible solution found (infeas = 1)
[1060 sec,  473597 itr]: No feasible solution found (infeas = 1)
[1061 sec,  473945 itr]: No feasible solution found (infeas = 1)
[1062 sec,  474286 itr]: No feasible solution found (infeas = 1)
[1063 sec,  474621 itr]: No feasible solution found (infeas = 1)
[1064 sec,  474956 itr]: No feasible solution found (infeas = 1)
[1065 sec,  475267 itr]: No feasible solution found (infeas = 1)
[1066 sec,  475613 itr]: No feasible solution found (infeas = 1)
[1067 sec,  475951 itr]: No feasible solution found (infeas = 1)
[1068 sec,  476297 itr]: No feasible solution found (infeas = 1)
[1069 sec,  476620 itr]: No feasible solution found (infeas = 1)
[1070 sec,  476962 itr]: No feasible solution found (infeas = 1)
[1071 sec,  477335 itr]: No feasible solution found (infeas = 1)
[1072 sec,  477687 itr]: No feasible solution found (infeas = 1)
[1073 sec,  478050 itr]: No feasible solution found (infeas = 1)
[1074 sec,  478398 itr]: No feasible solution found (infeas = 1)
[1075 sec,  478398 itr]: No feasible solution found (infeas = 1)
[1076 sec,  479087 itr]: No feasible solution found (infeas = 1)
[1077 sec,  479405 itr]: No feasible solution found (infeas = 1)
[1078 sec,  479776 itr]: No feasible solution found (infeas = 1)
[1079 sec,  480094 itr]: No feasible solution found (infeas = 1)
[1080 sec,  480428 itr]: No feasible solution found (infeas = 1)
[1081 sec,  480428 itr]: No feasible solution found (infeas = 1)
[1082 sec,  481149 itr]: No feasible solution found (infeas = 1)
[1083 sec,  481473 itr]: No feasible solution found (infeas = 1)
[1084 sec,  481781 itr]: No feasible solution found (infeas = 1)
[1085 sec,  481781 itr]: No feasible solution found (infeas = 1)
[1086 sec,  482470 itr]: No feasible solution found (infeas = 1)
[1087 sec,  482765 itr]: No feasible solution found (infeas = 1)
[1088 sec,  483060 itr]: No feasible solution found (infeas = 1)
[1089 sec,  483421 itr]: No feasible solution found (infeas = 1)
[1090 sec,  483769 itr]: No feasible solution found (infeas = 1)
[1091 sec,  484127 itr]: No feasible solution found (infeas = 1)
[1092 sec,  484464 itr]: No feasible solution found (infeas = 1)
[1093 sec,  484464 itr]: No feasible solution found (infeas = 1)
[1094 sec,  485160 itr]: No feasible solution found (infeas = 1)
[1095 sec,  485494 itr]: No feasible solution found (infeas = 1)
[1096 sec,  485827 itr]: No feasible solution found (infeas = 1)
[1097 sec,  486138 itr]: No feasible solution found (infeas = 1)
[1098 sec,  486138 itr]: No feasible solution found (infeas = 1)
[1099 sec,  486811 itr]: No feasible solution found (infeas = 1)
[1100 sec,  486811 itr]: No feasible solution found (infeas = 1)
[1101 sec,  487542 itr]: No feasible solution found (infeas = 1)
[1102 sec,  487887 itr]: No feasible solution found (infeas = 1)
[1103 sec,  488231 itr]: No feasible solution found (infeas = 1)
[1104 sec,  488589 itr]: No feasible solution found (infeas = 1)
[1105 sec,  488589 itr]: No feasible solution found (infeas = 1)
[1106 sec,  489242 itr]: No feasible solution found (infeas = 1)
[1107 sec,  489599 itr]: No feasible solution found (infeas = 1)
[1108 sec,  489599 itr]: No feasible solution found (infeas = 1)
[1109 sec,  489928 itr]: No feasible solution found (infeas = 1)
[1110 sec,  490656 itr]: No feasible solution found (infeas = 1)
[1111 sec,  490986 itr]: No feasible solution found (infeas = 1)
[1112 sec,  491364 itr]: No feasible solution found (infeas = 1)
[1113 sec,  491717 itr]: No feasible solution found (infeas = 1)
[1114 sec,  492127 itr]: No feasible solution found (infeas = 1)
[1115 sec,  492127 itr]: No feasible solution found (infeas = 1)
[1116 sec,  492799 itr]: No feasible solution found (infeas = 1)
[1117 sec,  493174 itr]: No feasible solution found (infeas = 1)
[1118 sec,  493509 itr]: No feasible solution found (infeas = 1)
[1119 sec,  493828 itr]: No feasible solution found (infeas = 1)
[1120 sec,  494220 itr]: No feasible solution found (infeas = 1)
[1121 sec,  494614 itr]: No feasible solution found (infeas = 1)
[1122 sec,  494614 itr]: No feasible solution found (infeas = 1)
[1123 sec,  495244 itr]: No feasible solution found (infeas = 1)
[1124 sec,  495568 itr]: No feasible solution found (infeas = 1)
[1125 sec,  495908 itr]: No feasible solution found (infeas = 1)
[1126 sec,  495908 itr]: No feasible solution found (infeas = 1)
[1127 sec,  496619 itr]: No feasible solution found (infeas = 1)
[1128 sec,  496966 itr]: No feasible solution found (infeas = 1)
[1129 sec,  497334 itr]: No feasible solution found (infeas = 1)
[1130 sec,  497334 itr]: No feasible solution found (infeas = 1)
[1131 sec,  498076 itr]: No feasible solution found (infeas = 1)
[1132 sec,  498395 itr]: No feasible solution found (infeas = 1)
[1133 sec,  498761 itr]: No feasible solution found (infeas = 1)
[1134 sec,  498761 itr]: No feasible solution found (infeas = 1)
[1135 sec,  499122 itr]: No feasible solution found (infeas = 1)
[1136 sec,  499818 itr]: No feasible solution found (infeas = 1)
[1137 sec,  499818 itr]: No feasible solution found (infeas = 1)
[1138 sec,  500175 itr]: No feasible solution found (infeas = 1)
[1139 sec,  500852 itr]: No feasible solution found (infeas = 1)
[1140 sec,  501208 itr]: No feasible solution found (infeas = 1)
[1141 sec,  501533 itr]: No feasible solution found (infeas = 1)
[1142 sec,  501874 itr]: No feasible solution found (infeas = 1)
[1143 sec,  502214 itr]: No feasible solution found (infeas = 1)
[1144 sec,  502541 itr]: No feasible solution found (infeas = 1)
[1145 sec,  502880 itr]: No feasible solution found (infeas = 1)
[1146 sec,  503231 itr]: No feasible solution found (infeas = 1)
[1147 sec,  503582 itr]: No feasible solution found (infeas = 1)
[1148 sec,  503963 itr]: No feasible solution found (infeas = 1)
[1149 sec,  504303 itr]: No feasible solution found (infeas = 1)
[1150 sec,  504632 itr]: No feasible solution found (infeas = 1)
[1151 sec,  504632 itr]: No feasible solution found (infeas = 1)
[1152 sec,  505309 itr]: No feasible solution found (infeas = 1)
[1153 sec,  505660 itr]: No feasible solution found (infeas = 1)
[1154 sec,  505980 itr]: No feasible solution found (infeas = 1)
[1155 sec,  506299 itr]: No feasible solution found (infeas = 1)
[1156 sec,  506603 itr]: No feasible solution found (infeas = 1)
[1157 sec,  506941 itr]: No feasible solution found (infeas = 1)
[1158 sec,  507278 itr]: No feasible solution found (infeas = 1)
[1159 sec,  507582 itr]: No feasible solution found (infeas = 1)
[1160 sec,  507904 itr]: No feasible solution found (infeas = 1)
[1161 sec,  508208 itr]: No feasible solution found (infeas = 1)
[1162 sec,  508532 itr]: No feasible solution found (infeas = 1)
[1163 sec,  508847 itr]: No feasible solution found (infeas = 1)
[1164 sec,  509162 itr]: No feasible solution found (infeas = 1)
[1165 sec,  509480 itr]: No feasible solution found (infeas = 1)
[1166 sec,  509780 itr]: No feasible solution found (infeas = 1)
[1167 sec,  510098 itr]: No feasible solution found (infeas = 1)
[1168 sec,  510401 itr]: No feasible solution found (infeas = 1)
[1169 sec,  510719 itr]: No feasible solution found (infeas = 1)
[1170 sec,  511014 itr]: No feasible solution found (infeas = 1)
[1171 sec,  511014 itr]: No feasible solution found (infeas = 1)
[1172 sec,  511637 itr]: No feasible solution found (infeas = 1)
[1173 sec,  511953 itr]: No feasible solution found (infeas = 1)
[1174 sec,  512243 itr]: No feasible solution found (infeas = 1)
[1175 sec,  512564 itr]: No feasible solution found (infeas = 1)
[1176 sec,  512891 itr]: No feasible solution found (infeas = 1)
[1177 sec,  513199 itr]: No feasible solution found (infeas = 1)
[1178 sec,  513520 itr]: No feasible solution found (infeas = 1)
[1179 sec,  513838 itr]: No feasible solution found (infeas = 1)
[1180 sec,  514138 itr]: No feasible solution found (infeas = 1)
[1181 sec,  514441 itr]: No feasible solution found (infeas = 1)
[1182 sec,  514760 itr]: No feasible solution found (infeas = 1)
[1183 sec,  515102 itr]: No feasible solution found (infeas = 1)
[1184 sec,  515404 itr]: No feasible solution found (infeas = 1)
[1185 sec,  515687 itr]: No feasible solution found (infeas = 1)
[1186 sec,  515979 itr]: No feasible solution found (infeas = 1)
[1187 sec,  516293 itr]: No feasible solution found (infeas = 1)
[1188 sec,  516593 itr]: No feasible solution found (infeas = 1)
[1189 sec,  516927 itr]: No feasible solution found (infeas = 1)
[1190 sec,  517235 itr]: No feasible solution found (infeas = 1)
[1191 sec,  517534 itr]: No feasible solution found (infeas = 1)
[1192 sec,  517825 itr]: No feasible solution found (infeas = 1)
[1193 sec,  517825 itr]: No feasible solution found (infeas = 1)
[1194 sec,  518446 itr]: No feasible solution found (infeas = 1)
[1195 sec,  518763 itr]: No feasible solution found (infeas = 1)
[1196 sec,  519060 itr]: No feasible solution found (infeas = 1)
[1197 sec,  519060 itr]: No feasible solution found (infeas = 1)
[1198 sec,  519618 itr]: No feasible solution found (infeas = 1)
[1199 sec,  519948 itr]: No feasible solution found (infeas = 1)
[1200 sec,  520276 itr]: No feasible solution found (infeas = 1)
[1201 sec,  520599 itr]: No feasible solution found (infeas = 1)
[1202 sec,  520906 itr]: No feasible solution found (infeas = 1)
[1203 sec,  521172 itr]: No feasible solution found (infeas = 1)
[1204 sec,  521449 itr]: No feasible solution found (infeas = 1)
[1205 sec,  521449 itr]: No feasible solution found (infeas = 1)
[1206 sec,  521735 itr]: No feasible solution found (infeas = 1)
[1207 sec,  522270 itr]: No feasible solution found (infeas = 1)
[1208 sec,  522551 itr]: No feasible solution found (infeas = 1)
[1209 sec,  522834 itr]: No feasible solution found (infeas = 1)
[1210 sec,  523122 itr]: No feasible solution found (infeas = 1)
[1211 sec,  523402 itr]: No feasible solution found (infeas = 1)
[1212 sec,  523686 itr]: No feasible solution found (infeas = 1)
[1213 sec,  523987 itr]: No feasible solution found (infeas = 1)
[1214 sec,  524265 itr]: No feasible solution found (infeas = 1)
[1215 sec,  524541 itr]: No feasible solution found (infeas = 1)
[1216 sec,  524794 itr]: No feasible solution found (infeas = 1)
[1217 sec,  525073 itr]: No feasible solution found (infeas = 1)
[1218 sec,  525372 itr]: No feasible solution found (infeas = 1)
[1219 sec,  525671 itr]: No feasible solution found (infeas = 1)
[1220 sec,  525976 itr]: No feasible solution found (infeas = 1)
[1221 sec,  526264 itr]: No feasible solution found (infeas = 1)
[1222 sec,  526555 itr]: No feasible solution found (infeas = 1)
[1223 sec,  526838 itr]: No feasible solution found (infeas = 1)
[1224 sec,  527181 itr]: No feasible solution found (infeas = 1)
[1225 sec,  527181 itr]: No feasible solution found (infeas = 1)
[1226 sec,  527757 itr]: No feasible solution found (infeas = 1)
[1227 sec,  528041 itr]: No feasible solution found (infeas = 1)
[1228 sec,  528041 itr]: No feasible solution found (infeas = 1)
[1229 sec,  528630 itr]: No feasible solution found (infeas = 1)
[1230 sec,  528926 itr]: No feasible solution found (infeas = 1)
[1231 sec,  529224 itr]: No feasible solution found (infeas = 1)
[1232 sec,  529537 itr]: No feasible solution found (infeas = 1)
[1233 sec,  529537 itr]: No feasible solution found (infeas = 1)
[1234 sec,  530156 itr]: No feasible solution found (infeas = 1)
[1235 sec,  530431 itr]: No feasible solution found (infeas = 1)
[1236 sec,  530674 itr]: No feasible solution found (infeas = 1)
[1237 sec,  530945 itr]: No feasible solution found (infeas = 1)
[1238 sec,  531230 itr]: No feasible solution found (infeas = 1)
[1239 sec,  531523 itr]: No feasible solution found (infeas = 1)
[1240 sec,  531801 itr]: No feasible solution found (infeas = 1)
[1241 sec,  532094 itr]: No feasible solution found (infeas = 1)
[1242 sec,  532094 itr]: No feasible solution found (infeas = 1)
[1243 sec,  532704 itr]: No feasible solution found (infeas = 1)
[1244 sec,  532988 itr]: No feasible solution found (infeas = 1)
[1245 sec,  533258 itr]: No feasible solution found (infeas = 1)
[1246 sec,  533258 itr]: No feasible solution found (infeas = 1)
[1247 sec,  533550 itr]: No feasible solution found (infeas = 1)
[1248 sec,  534090 itr]: No feasible solution found (infeas = 1)
[1249 sec,  534363 itr]: No feasible solution found (infeas = 1)
[1250 sec,  534608 itr]: No feasible solution found (infeas = 1)
[1251 sec,  534904 itr]: No feasible solution found (infeas = 1)
[1252 sec,  535183 itr]: No feasible solution found (infeas = 1)
[1253 sec,  535463 itr]: No feasible solution found (infeas = 1)
[1254 sec,  535743 itr]: No feasible solution found (infeas = 1)
[1255 sec,  536063 itr]: No feasible solution found (infeas = 1)
[1256 sec,  536337 itr]: No feasible solution found (infeas = 1)
[1257 sec,  536618 itr]: No feasible solution found (infeas = 1)
[1258 sec,  536618 itr]: No feasible solution found (infeas = 1)
[1259 sec,  537114 itr]: No feasible solution found (infeas = 1)
[1260 sec,  537386 itr]: No feasible solution found (infeas = 1)
[1261 sec,  537639 itr]: No feasible solution found (infeas = 1)
[1262 sec,  537639 itr]: No feasible solution found (infeas = 1)
[1263 sec,  538154 itr]: No feasible solution found (infeas = 1)
[1264 sec,  538420 itr]: No feasible solution found (infeas = 1)
[1265 sec,  538698 itr]: No feasible solution found (infeas = 1)
[1266 sec,  538960 itr]: No feasible solution found (infeas = 1)
[1267 sec,  539234 itr]: No feasible solution found (infeas = 1)
[1268 sec,  539527 itr]: No feasible solution found (infeas = 1)
[1269 sec,  539796 itr]: No feasible solution found (infeas = 1)
[1270 sec,  540063 itr]: No feasible solution found (infeas = 1)
[1271 sec,  540354 itr]: No feasible solution found (infeas = 1)
[1272 sec,  540354 itr]: No feasible solution found (infeas = 1)
[1273 sec,  540911 itr]: No feasible solution found (infeas = 1)
[1274 sec,  541194 itr]: No feasible solution found (infeas = 1)
[1275 sec,  541194 itr]: No feasible solution found (infeas = 1)
[1276 sec,  541753 itr]: No feasible solution found (infeas = 1)
[1277 sec,  541992 itr]: No feasible solution found (infeas = 1)
[1278 sec,  542234 itr]: No feasible solution found (infeas = 1)
[1279 sec,  542482 itr]: No feasible solution found (infeas = 1)
[1280 sec,  542770 itr]: No feasible solution found (infeas = 1)
[1281 sec,  543013 itr]: No feasible solution found (infeas = 1)
[1282 sec,  543013 itr]: No feasible solution found (infeas = 1)
[1283 sec,  543298 itr]: No feasible solution found (infeas = 1)
[1284 sec,  543817 itr]: No feasible solution found (infeas = 1)
[1285 sec,  543817 itr]: No feasible solution found (infeas = 1)
[1286 sec,  544107 itr]: No feasible solution found (infeas = 1)
[1287 sec,  544648 itr]: No feasible solution found (infeas = 1)
[1288 sec,  544948 itr]: No feasible solution found (infeas = 1)
[1289 sec,  545190 itr]: No feasible solution found (infeas = 1)
[1290 sec,  545433 itr]: No feasible solution found (infeas = 1)
[1291 sec,  545676 itr]: No feasible solution found (infeas = 1)
[1292 sec,  545961 itr]: No feasible solution found (infeas = 1)
[1293 sec,  546273 itr]: No feasible solution found (infeas = 1)
[1294 sec,  546545 itr]: No feasible solution found (infeas = 1)
[1295 sec,  546822 itr]: No feasible solution found (infeas = 1)
[1296 sec,  547111 itr]: No feasible solution found (infeas = 1)
[1297 sec,  547390 itr]: No feasible solution found (infeas = 1)
[1298 sec,  547669 itr]: No feasible solution found (infeas = 1)
[1299 sec,  547937 itr]: No feasible solution found (infeas = 1)
[1300 sec,  548206 itr]: No feasible solution found (infeas = 1)
[1301 sec,  548465 itr]: No feasible solution found (infeas = 1)
[1302 sec,  548465 itr]: No feasible solution found (infeas = 1)
[1303 sec,  548977 itr]: No feasible solution found (infeas = 1)
[1304 sec,  549231 itr]: No feasible solution found (infeas = 1)
[1305 sec,  549499 itr]: No feasible solution found (infeas = 1)
[1306 sec,  549744 itr]: No feasible solution found (infeas = 1)
[1307 sec,  549744 itr]: No feasible solution found (infeas = 1)
[1308 sec,  550289 itr]: No feasible solution found (infeas = 1)
[1309 sec,  550535 itr]: No feasible solution found (infeas = 1)
[1310 sec,  550797 itr]: No feasible solution found (infeas = 1)
[1311 sec,  551048 itr]: No feasible solution found (infeas = 1)
[1312 sec,  551321 itr]: No feasible solution found (infeas = 1)
[1313 sec,  551589 itr]: No feasible solution found (infeas = 1)
[1314 sec,  551858 itr]: No feasible solution found (infeas = 1)
[1315 sec,  552153 itr]: No feasible solution found (infeas = 1)
[1316 sec,  552398 itr]: No feasible solution found (infeas = 1)
[1317 sec,  552398 itr]: No feasible solution found (infeas = 1)
[1318 sec,  552641 itr]: No feasible solution found (infeas = 1)
[1319 sec,  553099 itr]: No feasible solution found (infeas = 1)
[1320 sec,  553308 itr]: No feasible solution found (infeas = 1)
[1321 sec,  553528 itr]: No feasible solution found (infeas = 1)
[1322 sec,  553784 itr]: No feasible solution found (infeas = 1)
[1323 sec,  553987 itr]: No feasible solution found (infeas = 1)
[1324 sec,  554226 itr]: No feasible solution found (infeas = 1)
[1325 sec,  554447 itr]: No feasible solution found (infeas = 1)
[1326 sec,  554447 itr]: No feasible solution found (infeas = 1)
[1327 sec,  554898 itr]: No feasible solution found (infeas = 1)
[1328 sec,  554898 itr]: No feasible solution found (infeas = 1)
[1329 sec,  555364 itr]: No feasible solution found (infeas = 1)
[1330 sec,  555615 itr]: No feasible solution found (infeas = 1)
[1331 sec,  555875 itr]: No feasible solution found (infeas = 1)
[1332 sec,  556099 itr]: No feasible solution found (infeas = 1)
[1333 sec,  556348 itr]: No feasible solution found (infeas = 1)
[1334 sec,  556610 itr]: No feasible solution found (infeas = 1)
[1335 sec,  556827 itr]: No feasible solution found (infeas = 1)
[1336 sec,  557066 itr]: No feasible solution found (infeas = 1)
[1337 sec,  557066 itr]: No feasible solution found (infeas = 1)
[1338 sec,  557554 itr]: No feasible solution found (infeas = 1)
[1339 sec,  557789 itr]: No feasible solution found (infeas = 1)
[1340 sec,  558003 itr]: No feasible solution found (infeas = 1)
[1341 sec,  558251 itr]: No feasible solution found (infeas = 1)
[1342 sec,  558498 itr]: No feasible solution found (infeas = 1)
[1343 sec,  558498 itr]: No feasible solution found (infeas = 1)
[1344 sec,  558948 itr]: No feasible solution found (infeas = 1)
[1345 sec,  559171 itr]: No feasible solution found (infeas = 1)
[1346 sec,  559401 itr]: No feasible solution found (infeas = 1)
[1347 sec,  559624 itr]: No feasible solution found (infeas = 1)
[1348 sec,  559864 itr]: No feasible solution found (infeas = 1)
[1349 sec,  560105 itr]: No feasible solution found (infeas = 1)
[1350 sec,  560359 itr]: No feasible solution found (infeas = 1)
[1351 sec,  560606 itr]: No feasible solution found (infeas = 1)
[1352 sec,  560841 itr]: No feasible solution found (infeas = 1)
[1353 sec,  561081 itr]: No feasible solution found (infeas = 1)
[1354 sec,  561328 itr]: No feasible solution found (infeas = 1)
[1355 sec,  561328 itr]: No feasible solution found (infeas = 1)
[1356 sec,  561839 itr]: No feasible solution found (infeas = 1)
[1357 sec,  562111 itr]: No feasible solution found (infeas = 1)
[1358 sec,  562354 itr]: No feasible solution found (infeas = 1)
[1359 sec,  562585 itr]: No feasible solution found (infeas = 1)
[1360 sec,  562837 itr]: No feasible solution found (infeas = 1)
[1361 sec,  563069 itr]: No feasible solution found (infeas = 1)
[1362 sec,  563296 itr]: No feasible solution found (infeas = 1)
[1363 sec,  563518 itr]: No feasible solution found (infeas = 1)
[1364 sec,  563816 itr]: No feasible solution found (infeas = 1)
[1365 sec,  564078 itr]: No feasible solution found (infeas = 1)
[1366 sec,  564078 itr]: No feasible solution found (infeas = 1)
[1367 sec,  564580 itr]: No feasible solution found (infeas = 1)
[1368 sec,  564844 itr]: No feasible solution found (infeas = 1)
[1369 sec,  565101 itr]: No feasible solution found (infeas = 1)
[1370 sec,  565364 itr]: No feasible solution found (infeas = 1)
[1371 sec,  565616 itr]: No feasible solution found (infeas = 1)
[1372 sec,  565866 itr]: No feasible solution found (infeas = 1)
[1373 sec,  566125 itr]: No feasible solution found (infeas = 1)
[1374 sec,  566364 itr]: No feasible solution found (infeas = 1)
[1375 sec,  566582 itr]: No feasible solution found (infeas = 1)
[1376 sec,  566582 itr]: No feasible solution found (infeas = 1)
[1377 sec,  567085 itr]: No feasible solution found (infeas = 1)
[1378 sec,  567326 itr]: No feasible solution found (infeas = 1)
[1379 sec,  567550 itr]: No feasible solution found (infeas = 1)
[1380 sec,  567825 itr]: No feasible solution found (infeas = 1)
[1381 sec,  568034 itr]: No feasible solution found (infeas = 1)
[1382 sec,  568278 itr]: No feasible solution found (infeas = 1)
[1383 sec,  568491 itr]: No feasible solution found (infeas = 1)
[1384 sec,  568730 itr]: No feasible solution found (infeas = 1)
[1385 sec,  568974 itr]: No feasible solution found (infeas = 1)
[1386 sec,  569256 itr]: No feasible solution found (infeas = 1)
[1387 sec,  569527 itr]: No feasible solution found (infeas = 1)
[1388 sec,  569772 itr]: No feasible solution found (infeas = 1)
[1389 sec,  570014 itr]: No feasible solution found (infeas = 1)
[1390 sec,  570276 itr]: No feasible solution found (infeas = 1)
[1391 sec,  570521 itr]: No feasible solution found (infeas = 1)
[1392 sec,  570772 itr]: No feasible solution found (infeas = 1)
[1393 sec,  571027 itr]: No feasible solution found (infeas = 1)
[1394 sec,  571294 itr]: No feasible solution found (infeas = 1)
[1395 sec,  571544 itr]: No feasible solution found (infeas = 1)
[1396 sec,  571783 itr]: No feasible solution found (infeas = 1)
[1397 sec,  572009 itr]: No feasible solution found (infeas = 1)
[1398 sec,  572258 itr]: No feasible solution found (infeas = 1)
[1399 sec,  572510 itr]: No feasible solution found (infeas = 1)
[1400 sec,  572768 itr]: No feasible solution found (infeas = 1)
[1401 sec,  573030 itr]: No feasible solution found (infeas = 1)
[1402 sec,  573285 itr]: No feasible solution found (infeas = 1)
[1403 sec,  573285 itr]: No feasible solution found (infeas = 1)
[1404 sec,  573813 itr]: No feasible solution found (infeas = 1)
[1405 sec,  574066 itr]: No feasible solution found (infeas = 1)
[1406 sec,  574308 itr]: No feasible solution found (infeas = 1)
[1407 sec,  574558 itr]: No feasible solution found (infeas = 1)
[1408 sec,  574779 itr]: No feasible solution found (infeas = 1)
[1409 sec,  575070 itr]: No feasible solution found (infeas = 1)
[1410 sec,  575344 itr]: No feasible solution found (infeas = 1)
[1411 sec,  575586 itr]: No feasible solution found (infeas = 1)
[1412 sec,  575849 itr]: No feasible solution found (infeas = 1)
[1413 sec,  576118 itr]: No feasible solution found (infeas = 1)
[1414 sec,  576376 itr]: No feasible solution found (infeas = 1)
[1415 sec,  576679 itr]: No feasible solution found (infeas = 1)
[1416 sec,  576940 itr]: No feasible solution found (infeas = 1)
[1417 sec,  577187 itr]: No feasible solution found (infeas = 1)
[1418 sec,  577447 itr]: No feasible solution found (infeas = 1)
[1419 sec,  577726 itr]: No feasible solution found (infeas = 1)
[1420 sec,  577980 itr]: No feasible solution found (infeas = 1)
[1421 sec,  578230 itr]: No feasible solution found (infeas = 1)
[1422 sec,  578500 itr]: No feasible solution found (infeas = 1)
[1423 sec,  578749 itr]: No feasible solution found (infeas = 1)
[1424 sec,  579031 itr]: No feasible solution found (infeas = 1)
[1425 sec,  579031 itr]: No feasible solution found (infeas = 1)
[1426 sec,  579301 itr]: No feasible solution found (infeas = 1)
[1427 sec,  579838 itr]: No feasible solution found (infeas = 1)
[1428 sec,  580119 itr]: No feasible solution found (infeas = 1)
[1429 sec,  580379 itr]: No feasible solution found (infeas = 1)
[1430 sec,  580649 itr]: No feasible solution found (infeas = 1)
[1431 sec,  580919 itr]: No feasible solution found (infeas = 1)
[1432 sec,  581174 itr]: No feasible solution found (infeas = 1)
[1433 sec,  581413 itr]: No feasible solution found (infeas = 1)
[1434 sec,  581677 itr]: No feasible solution found (infeas = 1)
[1435 sec,  581948 itr]: No feasible solution found (infeas = 1)
[1436 sec,  581948 itr]: No feasible solution found (infeas = 1)
[1437 sec,  582433 itr]: No feasible solution found (infeas = 1)
[1438 sec,  582695 itr]: No feasible solution found (infeas = 1)
[1439 sec,  582953 itr]: No feasible solution found (infeas = 1)
[1440 sec,  583233 itr]: No feasible solution found (infeas = 1)
[1441 sec,  583499 itr]: No feasible solution found (infeas = 1)
[1442 sec,  583770 itr]: No feasible solution found (infeas = 1)
[1443 sec,  584022 itr]: No feasible solution found (infeas = 1)
[1444 sec,  584280 itr]: No feasible solution found (infeas = 1)
[1445 sec,  584511 itr]: No feasible solution found (infeas = 1)
[1446 sec,  584781 itr]: No feasible solution found (infeas = 1)
[1447 sec,  585029 itr]: No feasible solution found (infeas = 1)
[1448 sec,  585297 itr]: No feasible solution found (infeas = 1)
[1449 sec,  585583 itr]: No feasible solution found (infeas = 1)
[1450 sec,  585583 itr]: No feasible solution found (infeas = 1)
[1451 sec,  586122 itr]: No feasible solution found (infeas = 1)
[1452 sec,  586122 itr]: No feasible solution found (infeas = 1)
[1453 sec,  586355 itr]: No feasible solution found (infeas = 1)
[1454 sec,  586877 itr]: No feasible solution found (infeas = 1)
[1455 sec,  587155 itr]: No feasible solution found (infeas = 1)
[1456 sec,  587424 itr]: No feasible solution found (infeas = 1)
[1457 sec,  587707 itr]: No feasible solution found (infeas = 1)
[1458 sec,  587978 itr]: No feasible solution found (infeas = 1)
[1459 sec,  588268 itr]: No feasible solution found (infeas = 1)
[1460 sec,  588540 itr]: No feasible solution found (infeas = 1)
[1461 sec,  588826 itr]: No feasible solution found (infeas = 1)
[1462 sec,  589097 itr]: No feasible solution found (infeas = 1)
[1463 sec,  589360 itr]: No feasible solution found (infeas = 1)
[1464 sec,  589637 itr]: No feasible solution found (infeas = 1)
[1465 sec,  589924 itr]: No feasible solution found (infeas = 1)
[1466 sec,  590204 itr]: No feasible solution found (infeas = 1)
[1467 sec,  590479 itr]: No feasible solution found (infeas = 1)
[1468 sec,  590479 itr]: No feasible solution found (infeas = 1)
[1469 sec,  591040 itr]: No feasible solution found (infeas = 1)
[1470 sec,  591301 itr]: No feasible solution found (infeas = 1)
[1471 sec,  591602 itr]: No feasible solution found (infeas = 1)
[1472 sec,  591867 itr]: No feasible solution found (infeas = 1)
[1473 sec,  592127 itr]: No feasible solution found (infeas = 1)
[1474 sec,  592395 itr]: No feasible solution found (infeas = 1)
[1475 sec,  592676 itr]: No feasible solution found (infeas = 1)
[1476 sec,  592963 itr]: No feasible solution found (infeas = 1)
[1477 sec,  593206 itr]: No feasible solution found (infeas = 1)
[1478 sec,  593459 itr]: No feasible solution found (infeas = 1)
[1479 sec,  593743 itr]: No feasible solution found (infeas = 1)
[1480 sec,  594038 itr]: No feasible solution found (infeas = 1)
[1481 sec,  594323 itr]: No feasible solution found (infeas = 1)
[1482 sec,  594598 itr]: No feasible solution found (infeas = 1)
[1483 sec,  594867 itr]: No feasible solution found (infeas = 1)
[1484 sec,  595147 itr]: No feasible solution found (infeas = 1)
[1485 sec,  595444 itr]: No feasible solution found (infeas = 1)
[1486 sec,  595727 itr]: No feasible solution found (infeas = 1)
[1487 sec,  596025 itr]: No feasible solution found (infeas = 1)
[1488 sec,  596289 itr]: No feasible solution found (infeas = 1)
[1489 sec,  596579 itr]: No feasible solution found (infeas = 1)
[1490 sec,  596886 itr]: No feasible solution found (infeas = 1)
[1491 sec,  597164 itr]: No feasible solution found (infeas = 1)
[1492 sec,  597453 itr]: No feasible solution found (infeas = 1)
[1493 sec,  597453 itr]: No feasible solution found (infeas = 1)
[1494 sec,  597707 itr]: No feasible solution found (infeas = 1)
[1495 sec,  597966 itr]: No feasible solution found (infeas = 1)
[1496 sec,  598489 itr]: No feasible solution found (infeas = 1)
[1497 sec,  598780 itr]: No feasible solution found (infeas = 1)
[1498 sec,  598780 itr]: No feasible solution found (infeas = 1)
[1499 sec,  599027 itr]: No feasible solution found (infeas = 1)
[1500 sec,  599297 itr]: No feasible solution found (infeas = 1)
[1501 sec,  599900 itr]: No feasible solution found (infeas = 1)
[1502 sec,  599900 itr]: No feasible solution found (infeas = 1)
[1503 sec,  600205 itr]: No feasible solution found (infeas = 1)
[1504 sec,  600793 itr]: No feasible solution found (infeas = 1)
[1505 sec,  601114 itr]: No feasible solution found (infeas = 1)
[1506 sec,  601418 itr]: No feasible solution found (infeas = 1)
[1507 sec,  601720 itr]: No feasible solution found (infeas = 1)
[1508 sec,  601975 itr]: No feasible solution found (infeas = 1)
[1509 sec,  602267 itr]: No feasible solution found (infeas = 1)
[1510 sec,  602549 itr]: No feasible solution found (infeas = 1)
[1511 sec,  602798 itr]: No feasible solution found (infeas = 1)
[1512 sec,  603078 itr]: No feasible solution found (infeas = 1)
[1513 sec,  603321 itr]: No feasible solution found (infeas = 1)
[1514 sec,  603622 itr]: No feasible solution found (infeas = 1)
[1515 sec,  603862 itr]: No feasible solution found (infeas = 1)
[1516 sec,  604103 itr]: No feasible solution found (infeas = 1)
[1517 sec,  604364 itr]: No feasible solution found (infeas = 1)
[1518 sec,  604364 itr]: No feasible solution found (infeas = 1)
[1519 sec,  604654 itr]: No feasible solution found (infeas = 1)
[1520 sec,  605268 itr]: No feasible solution found (infeas = 1)
[1521 sec,  605268 itr]: No feasible solution found (infeas = 1)
[1522 sec,  605849 itr]: No feasible solution found (infeas = 1)
[1523 sec,  605849 itr]: No feasible solution found (infeas = 1)
[1524 sec,  606134 itr]: No feasible solution found (infeas = 1)
[1525 sec,  606432 itr]: No feasible solution found (infeas = 1)
[1526 sec,  606701 itr]: No feasible solution found (infeas = 1)
[1527 sec,  607228 itr]: No feasible solution found (infeas = 1)
[1528 sec,  607228 itr]: No feasible solution found (infeas = 1)
[1529 sec,  607516 itr]: No feasible solution found (infeas = 1)
[1530 sec,  608024 itr]: No feasible solution found (infeas = 1)
[1531 sec,  608270 itr]: No feasible solution found (infeas = 1)
[1532 sec,  608527 itr]: No feasible solution found (infeas = 1)
[1533 sec,  608788 itr]: No feasible solution found (infeas = 1)
[1534 sec,  608788 itr]: No feasible solution found (infeas = 1)
[1535 sec,  609352 itr]: No feasible solution found (infeas = 1)
[1536 sec,  609352 itr]: No feasible solution found (infeas = 1)
[1537 sec,  609917 itr]: No feasible solution found (infeas = 1)
[1538 sec,  610245 itr]: No feasible solution found (infeas = 1)
[1539 sec,  610546 itr]: No feasible solution found (infeas = 1)
[1540 sec,  610838 itr]: No feasible solution found (infeas = 1)
[1541 sec,  611080 itr]: No feasible solution found (infeas = 1)
[1542 sec,  611352 itr]: No feasible solution found (infeas = 1)
[1543 sec,  611352 itr]: No feasible solution found (infeas = 1)
[1544 sec,  611919 itr]: No feasible solution found (infeas = 1)
[1545 sec,  612178 itr]: No feasible solution found (infeas = 1)
[1546 sec,  612448 itr]: No feasible solution found (infeas = 1)
[1547 sec,  612739 itr]: No feasible solution found (infeas = 1)
[1548 sec,  612994 itr]: No feasible solution found (infeas = 1)
[1549 sec,  612994 itr]: No feasible solution found (infeas = 1)
[1550 sec,  613557 itr]: No feasible solution found (infeas = 1)
[1551 sec,  613855 itr]: No feasible solution found (infeas = 1)
[1552 sec,  614133 itr]: No feasible solution found (infeas = 1)
[1553 sec,  614389 itr]: No feasible solution found (infeas = 1)
[1554 sec,  614666 itr]: No feasible solution found (infeas = 1)
[1555 sec,  614666 itr]: No feasible solution found (infeas = 1)
[1556 sec,  615257 itr]: No feasible solution found (infeas = 1)
[1557 sec,  615257 itr]: No feasible solution found (infeas = 1)
[1558 sec,  615812 itr]: No feasible solution found (infeas = 1)
[1559 sec,  615812 itr]: No feasible solution found (infeas = 1)
[1560 sec,  616100 itr]: No feasible solution found (infeas = 1)
[1561 sec,  616672 itr]: No feasible solution found (infeas = 1)
[1562 sec,  616932 itr]: No feasible solution found (infeas = 1)
[1563 sec,  617263 itr]: No feasible solution found (infeas = 1)
[1564 sec,  617263 itr]: No feasible solution found (infeas = 1)
[1565 sec,  617895 itr]: No feasible solution found (infeas = 1)
[1566 sec,  617895 itr]: No feasible solution found (infeas = 1)
[1567 sec,  618200 itr]: No feasible solution found (infeas = 1)
[1568 sec,  618710 itr]: No feasible solution found (infeas = 1)
[1569 sec,  618994 itr]: No feasible solution found (infeas = 1)
[1570 sec,  619254 itr]: No feasible solution found (infeas = 1)
[1571 sec,  619574 itr]: No feasible solution found (infeas = 1)
[1572 sec,  619871 itr]: No feasible solution found (infeas = 1)
[1573 sec,  620181 itr]: No feasible solution found (infeas = 1)
[1574 sec,  620494 itr]: No feasible solution found (infeas = 1)
[1575 sec,  620766 itr]: No feasible solution found (infeas = 1)
[1576 sec,  621028 itr]: No feasible solution found (infeas = 1)
[1577 sec,  621303 itr]: No feasible solution found (infeas = 1)
[1578 sec,  621577 itr]: No feasible solution found (infeas = 1)
[1579 sec,  621863 itr]: No feasible solution found (infeas = 1)
[1580 sec,  621863 itr]: No feasible solution found (infeas = 1)
[1581 sec,  622173 itr]: No feasible solution found (infeas = 1)
[1582 sec,  622738 itr]: No feasible solution found (infeas = 1)
[1583 sec,  623039 itr]: No feasible solution found (infeas = 1)
[1584 sec,  623335 itr]: No feasible solution found (infeas = 1)
[1585 sec,  623626 itr]: No feasible solution found (infeas = 1)
[1586 sec,  623889 itr]: No feasible solution found (infeas = 1)
[1587 sec,  624144 itr]: No feasible solution found (infeas = 1)
[1588 sec,  624426 itr]: No feasible solution found (infeas = 1)
[1589 sec,  624725 itr]: No feasible solution found (infeas = 1)
[1590 sec,  624984 itr]: No feasible solution found (infeas = 1)
[1591 sec,  625296 itr]: No feasible solution found (infeas = 1)
[1592 sec,  625589 itr]: No feasible solution found (infeas = 1)
[1593 sec,  625589 itr]: No feasible solution found (infeas = 1)
[1594 sec,  625906 itr]: No feasible solution found (infeas = 1)
[1595 sec,  626449 itr]: No feasible solution found (infeas = 1)
[1596 sec,  626731 itr]: No feasible solution found (infeas = 1)
[1597 sec,  627079 itr]: No feasible solution found (infeas = 1)
[1598 sec,  627383 itr]: No feasible solution found (infeas = 1)
[1599 sec,  627621 itr]: No feasible solution found (infeas = 1)
[1600 sec,  627890 itr]: No feasible solution found (infeas = 1)
[1601 sec,  628191 itr]: No feasible solution found (infeas = 1)
[1602 sec,  628489 itr]: No feasible solution found (infeas = 1)
[1603 sec,  628776 itr]: No feasible solution found (infeas = 1)
[1604 sec,  629075 itr]: No feasible solution found (infeas = 1)
[1605 sec,  629356 itr]: No feasible solution found (infeas = 1)
[1606 sec,  629642 itr]: No feasible solution found (infeas = 1)
[1607 sec,  629908 itr]: No feasible solution found (infeas = 1)
[1608 sec,  630201 itr]: No feasible solution found (infeas = 1)
[1609 sec,  630508 itr]: No feasible solution found (infeas = 1)
[1610 sec,  630749 itr]: No feasible solution found (infeas = 1)
[1611 sec,  631051 itr]: No feasible solution found (infeas = 1)
[1612 sec,  631339 itr]: No feasible solution found (infeas = 1)
[1613 sec,  631621 itr]: No feasible solution found (infeas = 1)
[1614 sec,  631897 itr]: No feasible solution found (infeas = 1)
[1615 sec,  631897 itr]: No feasible solution found (infeas = 1)
[1616 sec,  632416 itr]: No feasible solution found (infeas = 1)
[1617 sec,  632722 itr]: No feasible solution found (infeas = 1)
[1618 sec,  632989 itr]: No feasible solution found (infeas = 1)
[1619 sec,  633228 itr]: No feasible solution found (infeas = 1)
[1620 sec,  633520 itr]: No feasible solution found (infeas = 1)
[1621 sec,  633819 itr]: No feasible solution found (infeas = 1)
[1622 sec,  634094 itr]: No feasible solution found (infeas = 1)
[1623 sec,  634325 itr]: No feasible solution found (infeas = 1)
[1624 sec,  634610 itr]: No feasible solution found (infeas = 1)
[1625 sec,  634889 itr]: No feasible solution found (infeas = 1)
[1626 sec,  635172 itr]: No feasible solution found (infeas = 1)
[1627 sec,  635172 itr]: No feasible solution found (infeas = 1)
[1628 sec,  635452 itr]: No feasible solution found (infeas = 1)
[1629 sec,  636027 itr]: No feasible solution found (infeas = 1)
[1630 sec,  636310 itr]: No feasible solution found (infeas = 1)
[1631 sec,  636616 itr]: No feasible solution found (infeas = 1)
[1632 sec,  636872 itr]: No feasible solution found (infeas = 1)
[1633 sec,  636872 itr]: No feasible solution found (infeas = 1)
[1634 sec,  637428 itr]: No feasible solution found (infeas = 1)
[1635 sec,  637428 itr]: No feasible solution found (infeas = 1)
[1636 sec,  638009 itr]: No feasible solution found (infeas = 1)
[1637 sec,  638291 itr]: No feasible solution found (infeas = 1)
[1638 sec,  638588 itr]: No feasible solution found (infeas = 1)
[1639 sec,  638885 itr]: No feasible solution found (infeas = 1)
[1640 sec,  638885 itr]: No feasible solution found (infeas = 1)
[1641 sec,  639171 itr]: No feasible solution found (infeas = 1)
[1642 sec,  639736 itr]: No feasible solution found (infeas = 1)
[1643 sec,  639736 itr]: No feasible solution found (infeas = 1)
[1644 sec,  640311 itr]: No feasible solution found (infeas = 1)
[1645 sec,  640610 itr]: No feasible solution found (infeas = 1)
[1646 sec,  640905 itr]: No feasible solution found (infeas = 1)
[1647 sec,  641198 itr]: No feasible solution found (infeas = 1)
[1648 sec,  641505 itr]: No feasible solution found (infeas = 1)
[1649 sec,  641773 itr]: No feasible solution found (infeas = 1)
[1650 sec,  642045 itr]: No feasible solution found (infeas = 1)
[1651 sec,  642356 itr]: No feasible solution found (infeas = 1)
[1652 sec,  642643 itr]: No feasible solution found (infeas = 1)
[1653 sec,  642959 itr]: No feasible solution found (infeas = 1)
[1654 sec,  643225 itr]: No feasible solution found (infeas = 1)
[1655 sec,  643500 itr]: No feasible solution found (infeas = 1)
[1656 sec,  643783 itr]: No feasible solution found (infeas = 1)
[1657 sec,  644080 itr]: No feasible solution found (infeas = 1)
[1658 sec,  644329 itr]: No feasible solution found (infeas = 1)
[1659 sec,  644609 itr]: No feasible solution found (infeas = 1)
[1660 sec,  644897 itr]: No feasible solution found (infeas = 1)
[1661 sec,  645197 itr]: No feasible solution found (infeas = 1)
[1662 sec,  645487 itr]: No feasible solution found (infeas = 1)
[1663 sec,  645789 itr]: No feasible solution found (infeas = 1)
[1664 sec,  646099 itr]: No feasible solution found (infeas = 1)
[1665 sec,  646410 itr]: No feasible solution found (infeas = 1)
[1666 sec,  646410 itr]: No feasible solution found (infeas = 1)
[1667 sec,  647028 itr]: No feasible solution found (infeas = 1)
[1668 sec,  647028 itr]: No feasible solution found (infeas = 1)
[1669 sec,  647665 itr]: No feasible solution found (infeas = 1)
[1670 sec,  647973 itr]: No feasible solution found (infeas = 1)
[1671 sec,  648298 itr]: No feasible solution found (infeas = 1)
[1672 sec,  648629 itr]: No feasible solution found (infeas = 1)
[1673 sec,  648952 itr]: No feasible solution found (infeas = 1)
[1674 sec,  649229 itr]: No feasible solution found (infeas = 1)
[1675 sec,  649504 itr]: No feasible solution found (infeas = 1)
[1676 sec,  649804 itr]: No feasible solution found (infeas = 1)
[1677 sec,  649804 itr]: No feasible solution found (infeas = 1)
[1678 sec,  650370 itr]: No feasible solution found (infeas = 1)
[1679 sec,  650699 itr]: No feasible solution found (infeas = 1)
[1680 sec,  650950 itr]: No feasible solution found (infeas = 1)
[1681 sec,  651242 itr]: No feasible solution found (infeas = 1)
[1682 sec,  651546 itr]: No feasible solution found (infeas = 1)
[1683 sec,  651851 itr]: No feasible solution found (infeas = 1)
[1684 sec,  652182 itr]: No feasible solution found (infeas = 1)
[1685 sec,  652492 itr]: No feasible solution found (infeas = 1)
[1686 sec,  652781 itr]: No feasible solution found (infeas = 1)
[1687 sec,  653083 itr]: No feasible solution found (infeas = 1)
[1688 sec,  653365 itr]: No feasible solution found (infeas = 1)
[1689 sec,  653666 itr]: No feasible solution found (infeas = 1)
[1690 sec,  653952 itr]: No feasible solution found (infeas = 1)
[1691 sec,  654268 itr]: No feasible solution found (infeas = 1)
[1692 sec,  654569 itr]: No feasible solution found (infeas = 1)
[1693 sec,  654569 itr]: No feasible solution found (infeas = 1)
[1694 sec,  655190 itr]: No feasible solution found (infeas = 1)
[1695 sec,  655528 itr]: No feasible solution found (infeas = 1)
[1696 sec,  655528 itr]: No feasible solution found (infeas = 1)
[1697 sec,  655830 itr]: No feasible solution found (infeas = 1)
[1698 sec,  656139 itr]: No feasible solution found (infeas = 1)
[1699 sec,  656694 itr]: No feasible solution found (infeas = 1)
[1700 sec,  656966 itr]: No feasible solution found (infeas = 1)
[1701 sec,  656966 itr]: No feasible solution found (infeas = 1)
[1702 sec,  657570 itr]: No feasible solution found (infeas = 1)
[1703 sec,  657901 itr]: No feasible solution found (infeas = 1)
[1704 sec,  658221 itr]: No feasible solution found (infeas = 1)
[1705 sec,  658549 itr]: No feasible solution found (infeas = 1)
[1706 sec,  658863 itr]: No feasible solution found (infeas = 1)
[1707 sec,  658863 itr]: No feasible solution found (infeas = 1)
[1708 sec,  659138 itr]: No feasible solution found (infeas = 1)
[1709 sec,  659728 itr]: No feasible solution found (infeas = 1)
[1710 sec,  660055 itr]: No feasible solution found (infeas = 1)
[1711 sec,  660351 itr]: No feasible solution found (infeas = 1)
[1712 sec,  660640 itr]: No feasible solution found (infeas = 1)
[1713 sec,  660963 itr]: No feasible solution found (infeas = 1)
[1714 sec,  661264 itr]: No feasible solution found (infeas = 1)
[1715 sec,  661264 itr]: No feasible solution found (infeas = 1)
[1716 sec,  661878 itr]: No feasible solution found (infeas = 1)
[1717 sec,  662165 itr]: No feasible solution found (infeas = 1)
[1718 sec,  662476 itr]: No feasible solution found (infeas = 1)
[1719 sec,  662767 itr]: No feasible solution found (infeas = 1)
[1720 sec,  663107 itr]: No feasible solution found (infeas = 1)
[1721 sec,  663442 itr]: No feasible solution found (infeas = 1)
[1722 sec,  663709 itr]: No feasible solution found (infeas = 1)
[1723 sec,  663709 itr]: No feasible solution found (infeas = 1)
[1724 sec,  664280 itr]: No feasible solution found (infeas = 1)
[1725 sec,  664569 itr]: No feasible solution found (infeas = 1)
[1726 sec,  664854 itr]: No feasible solution found (infeas = 1)
[1727 sec,  665181 itr]: No feasible solution found (infeas = 1)
[1728 sec,  665501 itr]: No feasible solution found (infeas = 1)
[1729 sec,  665819 itr]: No feasible solution found (infeas = 1)
[1730 sec,  666095 itr]: No feasible solution found (infeas = 1)
[1731 sec,  666436 itr]: No feasible solution found (infeas = 1)
[1732 sec,  666726 itr]: No feasible solution found (infeas = 1)
[1733 sec,  667041 itr]: No feasible solution found (infeas = 1)
[1734 sec,  667362 itr]: No feasible solution found (infeas = 1)
[1735 sec,  667362 itr]: No feasible solution found (infeas = 1)
[1736 sec,  667952 itr]: No feasible solution found (infeas = 1)
[1737 sec,  668293 itr]: No feasible solution found (infeas = 1)
[1738 sec,  668646 itr]: No feasible solution found (infeas = 1)
[1739 sec,  668950 itr]: No feasible solution found (infeas = 1)
[1740 sec,  668950 itr]: No feasible solution found (infeas = 1)
[1741 sec,  669520 itr]: No feasible solution found (infeas = 1)
[1742 sec,  669813 itr]: No feasible solution found (infeas = 1)
[1743 sec,  670103 itr]: No feasible solution found (infeas = 1)
[1744 sec,  670404 itr]: No feasible solution found (infeas = 1)
[1745 sec,  670689 itr]: No feasible solution found (infeas = 1)
[1746 sec,  670969 itr]: No feasible solution found (infeas = 1)
[1747 sec,  671260 itr]: No feasible solution found (infeas = 1)
[1748 sec,  671517 itr]: No feasible solution found (infeas = 1)
[1749 sec,  671846 itr]: No feasible solution found (infeas = 1)
[1750 sec,  672153 itr]: No feasible solution found (infeas = 1)
[1751 sec,  672472 itr]: No feasible solution found (infeas = 1)
[1752 sec,  672769 itr]: No feasible solution found (infeas = 1)
[1753 sec,  673087 itr]: No feasible solution found (infeas = 1)
[1754 sec,  673389 itr]: No feasible solution found (infeas = 1)
[1755 sec,  673701 itr]: No feasible solution found (infeas = 1)
[1756 sec,  673701 itr]: No feasible solution found (infeas = 1)
[1757 sec,  674304 itr]: No feasible solution found (infeas = 1)
[1758 sec,  674623 itr]: No feasible solution found (infeas = 1)
[1759 sec,  674927 itr]: No feasible solution found (infeas = 1)
[1760 sec,  674927 itr]: No feasible solution found (infeas = 1)
[1761 sec,  675205 itr]: No feasible solution found (infeas = 1)
[1762 sec,  675783 itr]: No feasible solution found (infeas = 1)
[1763 sec,  676096 itr]: No feasible solution found (infeas = 1)
[1764 sec,  676371 itr]: No feasible solution found (infeas = 1)
[1765 sec,  676636 itr]: No feasible solution found (infeas = 1)
[1766 sec,  676636 itr]: No feasible solution found (infeas = 1)
[1767 sec,  677197 itr]: No feasible solution found (infeas = 1)
[1768 sec,  677197 itr]: No feasible solution found (infeas = 1)
[1769 sec,  677806 itr]: No feasible solution found (infeas = 1)
[1770 sec,  677806 itr]: No feasible solution found (infeas = 1)
[1771 sec,  678374 itr]: No feasible solution found (infeas = 1)
[1772 sec,  678668 itr]: No feasible solution found (infeas = 1)
[1773 sec,  679021 itr]: No feasible solution found (infeas = 1)
[1774 sec,  679314 itr]: No feasible solution found (infeas = 1)
[1775 sec,  679614 itr]: No feasible solution found (infeas = 1)
[1776 sec,  679934 itr]: No feasible solution found (infeas = 1)
[1777 sec,  680251 itr]: No feasible solution found (infeas = 1)
[1778 sec,  680515 itr]: No feasible solution found (infeas = 1)
[1779 sec,  680814 itr]: No feasible solution found (infeas = 1)
[1780 sec,  681113 itr]: No feasible solution found (infeas = 1)
[1781 sec,  681442 itr]: No feasible solution found (infeas = 1)
[1782 sec,  681442 itr]: No feasible solution found (infeas = 1)
[1783 sec,  682069 itr]: No feasible solution found (infeas = 1)
[1784 sec,  682335 itr]: No feasible solution found (infeas = 1)
[1785 sec,  682660 itr]: No feasible solution found (infeas = 1)
[1786 sec,  682967 itr]: No feasible solution found (infeas = 1)
[1787 sec,  683269 itr]: No feasible solution found (infeas = 1)
[1788 sec,  683563 itr]: No feasible solution found (infeas = 1)
[1789 sec,  683865 itr]: No feasible solution found (infeas = 1)
[1790 sec,  684150 itr]: No feasible solution found (infeas = 1)
[1791 sec,  684443 itr]: No feasible solution found (infeas = 1)
[1792 sec,  684717 itr]: No feasible solution found (infeas = 1)
[1793 sec,  684717 itr]: No feasible solution found (infeas = 1)
[1794 sec,  685343 itr]: No feasible solution found (infeas = 1)
[1795 sec,  685634 itr]: No feasible solution found (infeas = 1)
[1796 sec,  685961 itr]: No feasible solution found (infeas = 1)
[1797 sec,  685961 itr]: No feasible solution found (infeas = 1)
[1798 sec,  686603 itr]: No feasible solution found (infeas = 1)
[1799 sec,  686920 itr]: No feasible solution found (infeas = 1)
[1800 sec,  686920 itr]: No feasible solution found (infeas = 1)
[1801 sec,  687562 itr]: No feasible solution found (infeas = 1)
[1802 sec,  687877 itr]: No feasible solution found (infeas = 1)
[1803 sec,  688157 itr]: No feasible solution found (infeas = 1)
[1804 sec,  688157 itr]: No feasible solution found (infeas = 1)
[1805 sec,  688777 itr]: No feasible solution found (infeas = 1)
[1806 sec,  689075 itr]: No feasible solution found (infeas = 1)
[1807 sec,  689422 itr]: No feasible solution found (infeas = 1)
[1808 sec,  689723 itr]: No feasible solution found (infeas = 1)
[1809 sec,  690042 itr]: No feasible solution found (infeas = 1)
[1810 sec,  690360 itr]: No feasible solution found (infeas = 1)
[1811 sec,  690678 itr]: No feasible solution found (infeas = 1)
[1812 sec,  690992 itr]: No feasible solution found (infeas = 1)
[1813 sec,  691291 itr]: No feasible solution found (infeas = 1)
[1814 sec,  691291 itr]: No feasible solution found (infeas = 1)
[1815 sec,  691897 itr]: No feasible solution found (infeas = 1)
[1816 sec,  692194 itr]: No feasible solution found (infeas = 1)
[1817 sec,  692194 itr]: No feasible solution found (infeas = 1)
[1818 sec,  692779 itr]: No feasible solution found (infeas = 1)
[1819 sec,  693063 itr]: No feasible solution found (infeas = 1)
[1820 sec,  693323 itr]: No feasible solution found (infeas = 1)
[1821 sec,  693631 itr]: No feasible solution found (infeas = 1)
[1822 sec,  693904 itr]: No feasible solution found (infeas = 1)
[1823 sec,  694224 itr]: No feasible solution found (infeas = 1)
[1824 sec,  694530 itr]: No feasible solution found (infeas = 1)
[1825 sec,  694852 itr]: No feasible solution found (infeas = 1)
[1826 sec,  695153 itr]: No feasible solution found (infeas = 1)
[1827 sec,  695501 itr]: No feasible solution found (infeas = 1)
[1828 sec,  695805 itr]: No feasible solution found (infeas = 1)
[1829 sec,  696168 itr]: No feasible solution found (infeas = 1)
[1830 sec,  696445 itr]: No feasible solution found (infeas = 1)
[1831 sec,  696708 itr]: No feasible solution found (infeas = 1)
[1832 sec,  697017 itr]: No feasible solution found (infeas = 1)
[1833 sec,  697340 itr]: No feasible solution found (infeas = 1)
[1834 sec,  697645 itr]: No feasible solution found (infeas = 1)
[1835 sec,  697961 itr]: No feasible solution found (infeas = 1)
[1836 sec,  698296 itr]: No feasible solution found (infeas = 1)
[1837 sec,  698648 itr]: No feasible solution found (infeas = 1)
[1838 sec,  698949 itr]: No feasible solution found (infeas = 1)
[1839 sec,  699282 itr]: No feasible solution found (infeas = 1)
[1840 sec,  699282 itr]: No feasible solution found (infeas = 1)
[1841 sec,  699838 itr]: No feasible solution found (infeas = 1)
[1842 sec,  700139 itr]: No feasible solution found (infeas = 1)
[1843 sec,  700452 itr]: No feasible solution found (infeas = 1)
[1844 sec,  700716 itr]: No feasible solution found (infeas = 1)
[1845 sec,  701015 itr]: No feasible solution found (infeas = 1)
[1846 sec,  701316 itr]: No feasible solution found (infeas = 1)
[1847 sec,  701628 itr]: No feasible solution found (infeas = 1)
[1848 sec,  701628 itr]: No feasible solution found (infeas = 1)
[1849 sec,  702268 itr]: No feasible solution found (infeas = 1)
[1850 sec,  702553 itr]: No feasible solution found (infeas = 1)
[1851 sec,  702865 itr]: No feasible solution found (infeas = 1)
[1852 sec,  703135 itr]: No feasible solution found (infeas = 1)
[1853 sec,  703462 itr]: No feasible solution found (infeas = 1)
[1854 sec,  703462 itr]: No feasible solution found (infeas = 1)
[1855 sec,  704087 itr]: No feasible solution found (infeas = 1)
[1856 sec,  704372 itr]: No feasible solution found (infeas = 1)
[1857 sec,  704637 itr]: No feasible solution found (infeas = 1)
[1858 sec,  704919 itr]: No feasible solution found (infeas = 1)
[1859 sec,  705220 itr]: No feasible solution found (infeas = 1)
[1860 sec,  705521 itr]: No feasible solution found (infeas = 1)
[1861 sec,  705824 itr]: No feasible solution found (infeas = 1)
[1862 sec,  706105 itr]: No feasible solution found (infeas = 1)
[1863 sec,  706428 itr]: No feasible solution found (infeas = 1)
[1864 sec,  706739 itr]: No feasible solution found (infeas = 1)
[1865 sec,  707066 itr]: No feasible solution found (infeas = 1)
[1866 sec,  707386 itr]: No feasible solution found (infeas = 1)
[1867 sec,  707688 itr]: No feasible solution found (infeas = 1)
[1868 sec,  708014 itr]: No feasible solution found (infeas = 1)
[1869 sec,  708342 itr]: No feasible solution found (infeas = 1)
[1870 sec,  708628 itr]: No feasible solution found (infeas = 1)
[1871 sec,  708929 itr]: No feasible solution found (infeas = 1)
[1872 sec,  708929 itr]: No feasible solution found (infeas = 1)
[1873 sec,  709548 itr]: No feasible solution found (infeas = 1)
[1874 sec,  709843 itr]: No feasible solution found (infeas = 1)
[1875 sec,  710147 itr]: No feasible solution found (infeas = 1)
[1876 sec,  710472 itr]: No feasible solution found (infeas = 1)
[1877 sec,  710783 itr]: No feasible solution found (infeas = 1)
[1878 sec,  711052 itr]: No feasible solution found (infeas = 1)
[1879 sec,  711346 itr]: No feasible solution found (infeas = 1)
[1880 sec,  711346 itr]: No feasible solution found (infeas = 1)
[1881 sec,  711969 itr]: No feasible solution found (infeas = 1)
[1882 sec,  712243 itr]: No feasible solution found (infeas = 1)
[1883 sec,  712527 itr]: No feasible solution found (infeas = 1)
[1884 sec,  712821 itr]: No feasible solution found (infeas = 1)
[1885 sec,  713113 itr]: No feasible solution found (infeas = 1)
[1886 sec,  713389 itr]: No feasible solution found (infeas = 1)
[1887 sec,  713670 itr]: No feasible solution found (infeas = 1)
[1888 sec,  713996 itr]: No feasible solution found (infeas = 1)
[1889 sec,  714292 itr]: No feasible solution found (infeas = 1)
[1890 sec,  714598 itr]: No feasible solution found (infeas = 1)
[1891 sec,  714898 itr]: No feasible solution found (infeas = 1)
[1892 sec,  714898 itr]: No feasible solution found (infeas = 1)
[1893 sec,  715463 itr]: No feasible solution found (infeas = 1)
[1894 sec,  715764 itr]: No feasible solution found (infeas = 1)
[1895 sec,  716073 itr]: No feasible solution found (infeas = 1)
[1896 sec,  716362 itr]: No feasible solution found (infeas = 1)
[1897 sec,  716362 itr]: No feasible solution found (infeas = 1)
[1898 sec,  716925 itr]: No feasible solution found (infeas = 1)
[1899 sec,  716925 itr]: No feasible solution found (infeas = 1)
[1900 sec,  717527 itr]: No feasible solution found (infeas = 1)
[1901 sec,  717822 itr]: No feasible solution found (infeas = 1)
[1902 sec,  718124 itr]: No feasible solution found (infeas = 1)
[1903 sec,  718446 itr]: No feasible solution found (infeas = 1)
[1904 sec,  718733 itr]: No feasible solution found (infeas = 1)
[1905 sec,  719027 itr]: No feasible solution found (infeas = 1)
[1906 sec,  719322 itr]: No feasible solution found (infeas = 1)
[1907 sec,  719617 itr]: No feasible solution found (infeas = 1)
[1908 sec,  719901 itr]: No feasible solution found (infeas = 1)
[1909 sec,  720211 itr]: No feasible solution found (infeas = 1)
[1910 sec,  720495 itr]: No feasible solution found (infeas = 1)
[1911 sec,  720495 itr]: No feasible solution found (infeas = 1)
[1912 sec,  721090 itr]: No feasible solution found (infeas = 1)
[1913 sec,  721090 itr]: No feasible solution found (infeas = 1)
[1914 sec,  721707 itr]: No feasible solution found (infeas = 1)
[1915 sec,  722019 itr]: No feasible solution found (infeas = 1)
[1916 sec,  722322 itr]: No feasible solution found (infeas = 1)
[1917 sec,  722651 itr]: No feasible solution found (infeas = 1)
[1918 sec,  722960 itr]: No feasible solution found (infeas = 1)
[1919 sec,  723304 itr]: No feasible solution found (infeas = 1)
[1920 sec,  723607 itr]: No feasible solution found (infeas = 1)
[1921 sec,  723904 itr]: No feasible solution found (infeas = 1)
[1922 sec,  724200 itr]: No feasible solution found (infeas = 1)
[1923 sec,  724200 itr]: No feasible solution found (infeas = 1)
[1924 sec,  724886 itr]: No feasible solution found (infeas = 1)
[1925 sec,  724886 itr]: No feasible solution found (infeas = 1)
[1926 sec,  725219 itr]: No feasible solution found (infeas = 1)
[1927 sec,  725835 itr]: No feasible solution found (infeas = 1)
[1928 sec,  726112 itr]: No feasible solution found (infeas = 1)
[1929 sec,  726405 itr]: No feasible solution found (infeas = 1)
[1930 sec,  726688 itr]: No feasible solution found (infeas = 1)
[1931 sec,  726982 itr]: No feasible solution found (infeas = 1)
[1932 sec,  726982 itr]: No feasible solution found (infeas = 1)
[1933 sec,  727298 itr]: No feasible solution found (infeas = 1)
[1934 sec,  727954 itr]: No feasible solution found (infeas = 1)
[1935 sec,  728287 itr]: No feasible solution found (infeas = 1)
[1936 sec,  728617 itr]: No feasible solution found (infeas = 1)
[1937 sec,  728941 itr]: No feasible solution found (infeas = 1)
[1938 sec,  729232 itr]: No feasible solution found (infeas = 1)
[1939 sec,  729519 itr]: No feasible solution found (infeas = 1)
[1940 sec,  729826 itr]: No feasible solution found (infeas = 1)
[1941 sec,  730133 itr]: No feasible solution found (infeas = 1)
[1942 sec,  730436 itr]: No feasible solution found (infeas = 1)
[1943 sec,  730725 itr]: No feasible solution found (infeas = 1)
[1944 sec,  731017 itr]: No feasible solution found (infeas = 1)
[1945 sec,  731326 itr]: No feasible solution found (infeas = 1)
[1946 sec,  731641 itr]: No feasible solution found (infeas = 1)
[1947 sec,  731641 itr]: No feasible solution found (infeas = 1)
[1948 sec,  732233 itr]: No feasible solution found (infeas = 1)
[1949 sec,  732552 itr]: No feasible solution found (infeas = 1)
[1950 sec,  732830 itr]: No feasible solution found (infeas = 1)
[1951 sec,  733132 itr]: No feasible solution found (infeas = 1)
[1952 sec,  733439 itr]: No feasible solution found (infeas = 1)
[1953 sec,  733740 itr]: No feasible solution found (infeas = 1)
[1954 sec,  734058 itr]: No feasible solution found (infeas = 1)
[1955 sec,  734379 itr]: No feasible solution found (infeas = 1)
[1956 sec,  734692 itr]: No feasible solution found (infeas = 1)
[1957 sec,  735013 itr]: No feasible solution found (infeas = 1)
[1958 sec,  735304 itr]: No feasible solution found (infeas = 1)
[1959 sec,  735628 itr]: No feasible solution found (infeas = 1)
[1960 sec,  735945 itr]: No feasible solution found (infeas = 1)
[1961 sec,  736252 itr]: No feasible solution found (infeas = 1)
[1962 sec,  736550 itr]: No feasible solution found (infeas = 1)
[1963 sec,  736873 itr]: No feasible solution found (infeas = 1)
[1964 sec,  737173 itr]: No feasible solution found (infeas = 1)
[1965 sec,  737506 itr]: No feasible solution found (infeas = 1)
[1966 sec,  737811 itr]: No feasible solution found (infeas = 1)
[1967 sec,  738102 itr]: No feasible solution found (infeas = 1)
[1968 sec,  738428 itr]: No feasible solution found (infeas = 1)
[1969 sec,  738732 itr]: No feasible solution found (infeas = 1)
[1970 sec,  739051 itr]: No feasible solution found (infeas = 1)
[1971 sec,  739370 itr]: No feasible solution found (infeas = 1)
[1972 sec,  739370 itr]: No feasible solution found (infeas = 1)
[1973 sec,  739668 itr]: No feasible solution found (infeas = 1)
[1974 sec,  740230 itr]: No feasible solution found (infeas = 1)
[1975 sec,  740512 itr]: No feasible solution found (infeas = 1)
[1976 sec,  740791 itr]: No feasible solution found (infeas = 1)
[1977 sec,  741083 itr]: No feasible solution found (infeas = 1)
[1978 sec,  741395 itr]: No feasible solution found (infeas = 1)
[1979 sec,  741702 itr]: No feasible solution found (infeas = 1)
[1980 sec,  742013 itr]: No feasible solution found (infeas = 1)
[1981 sec,  742316 itr]: No feasible solution found (infeas = 1)
[1982 sec,  742619 itr]: No feasible solution found (infeas = 1)
[1983 sec,  742930 itr]: No feasible solution found (infeas = 1)
[1984 sec,  742930 itr]: No feasible solution found (infeas = 1)
[1985 sec,  743473 itr]: No feasible solution found (infeas = 1)
[1986 sec,  743473 itr]: No feasible solution found (infeas = 1)
[1987 sec,  744050 itr]: No feasible solution found (infeas = 1)
[1988 sec,  744341 itr]: No feasible solution found (infeas = 1)
[1989 sec,  744637 itr]: No feasible solution found (infeas = 1)
[1990 sec,  744940 itr]: No feasible solution found (infeas = 1)
[1991 sec,  745256 itr]: No feasible solution found (infeas = 1)
[1992 sec,  745570 itr]: No feasible solution found (infeas = 1)
[1993 sec,  745865 itr]: No feasible solution found (infeas = 1)
[1994 sec,  746187 itr]: No feasible solution found (infeas = 1)
[1995 sec,  746472 itr]: No feasible solution found (infeas = 1)
[1996 sec,  746789 itr]: No feasible solution found (infeas = 1)
[1997 sec,  747096 itr]: No feasible solution found (infeas = 1)
[1998 sec,  747386 itr]: No feasible solution found (infeas = 1)
[1999 sec,  747695 itr]: No feasible solution found (infeas = 1)
[2000 sec,  748009 itr]: No feasible solution found (infeas = 1)
[2001 sec,  748285 itr]: No feasible solution found (infeas = 1)
[2002 sec,  748589 itr]: No feasible solution found (infeas = 1)
[2003 sec,  748855 itr]: No feasible solution found (infeas = 1)
[2004 sec,  749151 itr]: No feasible solution found (infeas = 1)
[2005 sec,  749151 itr]: No feasible solution found (infeas = 1)
[2006 sec,  749776 itr]: No feasible solution found (infeas = 1)
[2007 sec,  750093 itr]: No feasible solution found (infeas = 1)
[2008 sec,  750419 itr]: No feasible solution found (infeas = 1)
[2009 sec,  750745 itr]: No feasible solution found (infeas = 1)
[2010 sec,  751047 itr]: No feasible solution found (infeas = 1)
[2011 sec,  751363 itr]: No feasible solution found (infeas = 1)
[2012 sec,  751678 itr]: No feasible solution found (infeas = 1)
[2013 sec,  751972 itr]: No feasible solution found (infeas = 1)
[2014 sec,  751972 itr]: No feasible solution found (infeas = 1)
[2015 sec,  752272 itr]: No feasible solution found (infeas = 1)
[2016 sec,  752878 itr]: No feasible solution found (infeas = 1)
[2017 sec,  752878 itr]: No feasible solution found (infeas = 1)
[2018 sec,  753412 itr]: No feasible solution found (infeas = 1)
[2019 sec,  753412 itr]: No feasible solution found (infeas = 1)
[2020 sec,  754030 itr]: No feasible solution found (infeas = 1)
[2021 sec,  754319 itr]: No feasible solution found (infeas = 1)
[2022 sec,  754626 itr]: No feasible solution found (infeas = 1)
[2023 sec,  754897 itr]: No feasible solution found (infeas = 1)
[2024 sec,  755185 itr]: No feasible solution found (infeas = 1)
[2025 sec,  755454 itr]: No feasible solution found (infeas = 1)
[2026 sec,  755756 itr]: No feasible solution found (infeas = 1)
[2027 sec,  756066 itr]: No feasible solution found (infeas = 1)
[2028 sec,  756324 itr]: No feasible solution found (infeas = 1)
[2029 sec,  756324 itr]: No feasible solution found (infeas = 1)
[2030 sec,  756631 itr]: No feasible solution found (infeas = 1)
[2031 sec,  757245 itr]: No feasible solution found (infeas = 1)
[2032 sec,  757543 itr]: No feasible solution found (infeas = 1)
[2033 sec,  757810 itr]: No feasible solution found (infeas = 1)
[2034 sec,  758113 itr]: No feasible solution found (infeas = 1)
[2035 sec,  758388 itr]: No feasible solution found (infeas = 1)
[2036 sec,  758675 itr]: No feasible solution found (infeas = 1)
[2037 sec,  758987 itr]: No feasible solution found (infeas = 1)
[2038 sec,  759300 itr]: No feasible solution found (infeas = 1)
[2039 sec,  759571 itr]: No feasible solution found (infeas = 1)
[2040 sec,  759847 itr]: No feasible solution found (infeas = 1)
[2041 sec,  759847 itr]: No feasible solution found (infeas = 1)
[2042 sec,  760459 itr]: No feasible solution found (infeas = 1)
[2043 sec,  760748 itr]: No feasible solution found (infeas = 1)
[2044 sec,  761048 itr]: No feasible solution found (infeas = 1)
[2045 sec,  761048 itr]: No feasible solution found (infeas = 1)
[2046 sec,  761622 itr]: No feasible solution found (infeas = 1)
[2047 sec,  761883 itr]: No feasible solution found (infeas = 1)
[2048 sec,  762175 itr]: No feasible solution found (infeas = 1)
[2049 sec,  762175 itr]: No feasible solution found (infeas = 1)
[2050 sec,  762723 itr]: No feasible solution found (infeas = 1)
[2051 sec,  763047 itr]: No feasible solution found (infeas = 1)
[2052 sec,  763394 itr]: No feasible solution found (infeas = 1)
[2053 sec,  763703 itr]: No feasible solution found (infeas = 1)
[2054 sec,  763703 itr]: No feasible solution found (infeas = 1)
[2055 sec,  764310 itr]: No feasible solution found (infeas = 1)
[2056 sec,  764622 itr]: No feasible solution found (infeas = 1)
[2057 sec,  764622 itr]: No feasible solution found (infeas = 1)
[2058 sec,  765210 itr]: No feasible solution found (infeas = 1)
[2059 sec,  765483 itr]: No feasible solution found (infeas = 1)
[2060 sec,  765483 itr]: No feasible solution found (infeas = 1)
[2061 sec,  766082 itr]: No feasible solution found (infeas = 1)
[2062 sec,  766082 itr]: No feasible solution found (infeas = 1)
[2063 sec,  766626 itr]: No feasible solution found (infeas = 1)
[2064 sec,  766626 itr]: No feasible solution found (infeas = 1)
[2065 sec,  767233 itr]: No feasible solution found (infeas = 1)
[2066 sec,  767233 itr]: No feasible solution found (infeas = 1)
[2067 sec,  767838 itr]: No feasible solution found (infeas = 1)
[2068 sec,  768117 itr]: No feasible solution found (infeas = 1)
[2069 sec,  768117 itr]: No feasible solution found (infeas = 1)
[2070 sec,  768436 itr]: No feasible solution found (infeas = 1)
[2071 sec,  769041 itr]: No feasible solution found (infeas = 1)
[2072 sec,  769326 itr]: No feasible solution found (infeas = 1)
[2073 sec,  769644 itr]: No feasible solution found (infeas = 1)
[2074 sec,  769954 itr]: No feasible solution found (infeas = 1)
[2075 sec,  770254 itr]: No feasible solution found (infeas = 1)
[2076 sec,  770539 itr]: No feasible solution found (infeas = 1)
[2077 sec,  770853 itr]: No feasible solution found (infeas = 1)
[2078 sec,  771165 itr]: No feasible solution found (infeas = 1)
[2079 sec,  771472 itr]: No feasible solution found (infeas = 1)
[2080 sec,  771737 itr]: No feasible solution found (infeas = 1)
[2081 sec,  772033 itr]: No feasible solution found (infeas = 1)
[2082 sec,  772315 itr]: No feasible solution found (infeas = 1)
[2083 sec,  772621 itr]: No feasible solution found (infeas = 1)
[2084 sec,  772903 itr]: No feasible solution found (infeas = 1)
[2085 sec,  773201 itr]: No feasible solution found (infeas = 1)
[2086 sec,  773476 itr]: No feasible solution found (infeas = 1)
[2087 sec,  773763 itr]: No feasible solution found (infeas = 1)
[2088 sec,  774050 itr]: No feasible solution found (infeas = 1)
[2089 sec,  774376 itr]: No feasible solution found (infeas = 1)
[2090 sec,  774676 itr]: No feasible solution found (infeas = 1)
[2091 sec,  774982 itr]: No feasible solution found (infeas = 1)
[2092 sec,  775277 itr]: No feasible solution found (infeas = 1)
[2093 sec,  775577 itr]: No feasible solution found (infeas = 1)
[2094 sec,  775859 itr]: No feasible solution found (infeas = 1)
[2095 sec,  776148 itr]: No feasible solution found (infeas = 1)
[2096 sec,  776459 itr]: No feasible solution found (infeas = 1)
[2097 sec,  776743 itr]: No feasible solution found (infeas = 1)
[2098 sec,  777052 itr]: No feasible solution found (infeas = 1)
[2099 sec,  777350 itr]: No feasible solution found (infeas = 1)
[2100 sec,  777350 itr]: No feasible solution found (infeas = 1)
[2101 sec,  777670 itr]: No feasible solution found (infeas = 1)
[2102 sec,  778310 itr]: No feasible solution found (infeas = 1)
[2103 sec,  778623 itr]: No feasible solution found (infeas = 1)
[2104 sec,  778911 itr]: No feasible solution found (infeas = 1)
[2105 sec,  778911 itr]: No feasible solution found (infeas = 1)
[2106 sec,  779232 itr]: No feasible solution found (infeas = 1)
[2107 sec,  779831 itr]: No feasible solution found (infeas = 1)
[2108 sec,  780122 itr]: No feasible solution found (infeas = 1)
[2109 sec,  780401 itr]: No feasible solution found (infeas = 1)
[2110 sec,  780707 itr]: No feasible solution found (infeas = 1)
[2111 sec,  781022 itr]: No feasible solution found (infeas = 1)
[2112 sec,  781325 itr]: No feasible solution found (infeas = 1)
[2113 sec,  781635 itr]: No feasible solution found (infeas = 1)
[2114 sec,  781635 itr]: No feasible solution found (infeas = 1)
[2115 sec,  782276 itr]: No feasible solution found (infeas = 1)
[2116 sec,  782614 itr]: No feasible solution found (infeas = 1)
[2117 sec,  782919 itr]: No feasible solution found (infeas = 1)
[2118 sec,  783213 itr]: No feasible solution found (infeas = 1)
[2119 sec,  783213 itr]: No feasible solution found (infeas = 1)
[2120 sec,  783544 itr]: No feasible solution found (infeas = 1)
[2121 sec,  784150 itr]: No feasible solution found (infeas = 1)
[2122 sec,  784150 itr]: No feasible solution found (infeas = 1)
[2123 sec,  784706 itr]: No feasible solution found (infeas = 1)
[2124 sec,  784956 itr]: No feasible solution found (infeas = 1)
[2125 sec,  785270 itr]: No feasible solution found (infeas = 1)
[2126 sec,  785565 itr]: No feasible solution found (infeas = 1)
[2127 sec,  785859 itr]: No feasible solution found (infeas = 1)
[2128 sec,  786110 itr]: No feasible solution found (infeas = 1)
[2129 sec,  786404 itr]: No feasible solution found (infeas = 1)
[2130 sec,  786714 itr]: No feasible solution found (infeas = 1)
[2131 sec,  787003 itr]: No feasible solution found (infeas = 1)
[2132 sec,  787003 itr]: No feasible solution found (infeas = 1)
[2133 sec,  787582 itr]: No feasible solution found (infeas = 1)
[2134 sec,  787845 itr]: No feasible solution found (infeas = 1)
[2135 sec,  788157 itr]: No feasible solution found (infeas = 1)
[2136 sec,  788455 itr]: No feasible solution found (infeas = 1)
[2137 sec,  788455 itr]: No feasible solution found (infeas = 1)
[2138 sec,  789050 itr]: No feasible solution found (infeas = 1)
[2139 sec,  789351 itr]: No feasible solution found (infeas = 1)
[2140 sec,  789662 itr]: No feasible solution found (infeas = 1)
[2141 sec,  789662 itr]: No feasible solution found (infeas = 1)
[2142 sec,  790246 itr]: No feasible solution found (infeas = 1)
[2143 sec,  790562 itr]: No feasible solution found (infeas = 1)
[2144 sec,  790897 itr]: No feasible solution found (infeas = 1)
[2145 sec,  791199 itr]: No feasible solution found (infeas = 1)
[2146 sec,  791527 itr]: No feasible solution found (infeas = 1)
[2147 sec,  791828 itr]: No feasible solution found (infeas = 1)
[2148 sec,  792124 itr]: No feasible solution found (infeas = 1)
[2149 sec,  792425 itr]: No feasible solution found (infeas = 1)
[2150 sec,  792425 itr]: No feasible solution found (infeas = 1)
[2151 sec,  793005 itr]: No feasible solution found (infeas = 1)
[2152 sec,  793323 itr]: No feasible solution found (infeas = 1)
[2153 sec,  793609 itr]: No feasible solution found (infeas = 1)
[2154 sec,  793919 itr]: No feasible solution found (infeas = 1)
[2155 sec,  794248 itr]: No feasible solution found (infeas = 1)
[2156 sec,  794555 itr]: No feasible solution found (infeas = 1)
[2157 sec,  794555 itr]: No feasible solution found (infeas = 1)
[2158 sec,  795155 itr]: No feasible solution found (infeas = 1)
[2159 sec,  795463 itr]: No feasible solution found (infeas = 1)
[2160 sec,  795826 itr]: No feasible solution found (infeas = 1)
[2161 sec,  796157 itr]: No feasible solution found (infeas = 1)
[2162 sec,  796497 itr]: No feasible solution found (infeas = 1)
[2163 sec,  796841 itr]: No feasible solution found (infeas = 1)
[2164 sec,  797147 itr]: No feasible solution found (infeas = 1)
[2165 sec,  797473 itr]: No feasible solution found (infeas = 1)
[2166 sec,  797786 itr]: No feasible solution found (infeas = 1)
[2167 sec,  798124 itr]: No feasible solution found (infeas = 1)
[2168 sec,  798441 itr]: No feasible solution found (infeas = 1)
[2169 sec,  798441 itr]: No feasible solution found (infeas = 1)
[2170 sec,  799090 itr]: No feasible solution found (infeas = 1)
[2171 sec,  799390 itr]: No feasible solution found (infeas = 1)
[2172 sec,  799693 itr]: No feasible solution found (infeas = 1)
[2173 sec,  800008 itr]: No feasible solution found (infeas = 1)
[2174 sec,  800303 itr]: No feasible solution found (infeas = 1)
[2175 sec,  800592 itr]: No feasible solution found (infeas = 1)
[2176 sec,  800907 itr]: No feasible solution found (infeas = 1)
[2177 sec,  801222 itr]: No feasible solution found (infeas = 1)
[2178 sec,  801506 itr]: No feasible solution found (infeas = 1)
[2179 sec,  801858 itr]: No feasible solution found (infeas = 1)
[2180 sec,  802204 itr]: No feasible solution found (infeas = 1)
[2181 sec,  802545 itr]: No feasible solution found (infeas = 1)
[2182 sec,  802850 itr]: No feasible solution found (infeas = 1)
[2183 sec,  803154 itr]: No feasible solution found (infeas = 1)
[2184 sec,  803493 itr]: No feasible solution found (infeas = 1)
[2185 sec,  803812 itr]: No feasible solution found (infeas = 1)
[2186 sec,  804120 itr]: No feasible solution found (infeas = 1)
[2187 sec,  804120 itr]: No feasible solution found (infeas = 1)
[2188 sec,  804755 itr]: No feasible solution found (infeas = 1)
[2189 sec,  805099 itr]: No feasible solution found (infeas = 1)
[2190 sec,  805396 itr]: No feasible solution found (infeas = 1)
[2191 sec,  805723 itr]: No feasible solution found (infeas = 1)
[2192 sec,  806048 itr]: No feasible solution found (infeas = 1)
[2193 sec,  806362 itr]: No feasible solution found (infeas = 1)
[2194 sec,  806362 itr]: No feasible solution found (infeas = 1)
[2195 sec,  806680 itr]: No feasible solution found (infeas = 1)
[2196 sec,  807355 itr]: No feasible solution found (infeas = 1)
[2197 sec,  807677 itr]: No feasible solution found (infeas = 1)
[2198 sec,  807992 itr]: No feasible solution found (infeas = 1)
[2199 sec,  808342 itr]: No feasible solution found (infeas = 1)
[2200 sec,  808342 itr]: No feasible solution found (infeas = 1)
[2201 sec,  808998 itr]: No feasible solution found (infeas = 1)
[2202 sec,  809347 itr]: No feasible solution found (infeas = 1)
[2203 sec,  809675 itr]: No feasible solution found (infeas = 1)
[2204 sec,  809994 itr]: No feasible solution found (infeas = 1)
[2205 sec,  810312 itr]: No feasible solution found (infeas = 1)
[2206 sec,  810656 itr]: No feasible solution found (infeas = 1)
[2207 sec,  810978 itr]: No feasible solution found (infeas = 1)
[2208 sec,  811269 itr]: No feasible solution found (infeas = 1)
[2209 sec,  811608 itr]: No feasible solution found (infeas = 1)
[2210 sec,  811903 itr]: No feasible solution found (infeas = 1)
[2211 sec,  812258 itr]: No feasible solution found (infeas = 1)
[2212 sec,  812569 itr]: No feasible solution found (infeas = 1)
[2213 sec,  812569 itr]: No feasible solution found (infeas = 1)
[2214 sec,  813195 itr]: No feasible solution found (infeas = 1)
[2215 sec,  813195 itr]: No feasible solution found (infeas = 1)
[2216 sec,  813813 itr]: No feasible solution found (infeas = 1)
[2217 sec,  814145 itr]: No feasible solution found (infeas = 1)
[2218 sec,  814454 itr]: No feasible solution found (infeas = 1)
[2219 sec,  814454 itr]: No feasible solution found (infeas = 1)
[2220 sec,  815134 itr]: No feasible solution found (infeas = 1)
[2221 sec,  815446 itr]: No feasible solution found (infeas = 1)
[2222 sec,  815755 itr]: No feasible solution found (infeas = 1)
[2223 sec,  816075 itr]: No feasible solution found (infeas = 1)
[2224 sec,  816381 itr]: No feasible solution found (infeas = 1)
[2225 sec,  816668 itr]: No feasible solution found (infeas = 1)
[2226 sec,  816668 itr]: No feasible solution found (infeas = 1)
[2227 sec,  817331 itr]: No feasible solution found (infeas = 1)
[2228 sec,  817331 itr]: No feasible solution found (infeas = 1)
[2229 sec,  817987 itr]: No feasible solution found (infeas = 1)
[2230 sec,  817987 itr]: No feasible solution found (infeas = 1)
[2231 sec,  818578 itr]: No feasible solution found (infeas = 1)
[2232 sec,  818578 itr]: No feasible solution found (infeas = 1)
[2233 sec,  819207 itr]: No feasible solution found (infeas = 1)
[2234 sec,  819518 itr]: No feasible solution found (infeas = 1)
[2235 sec,  819831 itr]: No feasible solution found (infeas = 1)
[2236 sec,  820131 itr]: No feasible solution found (infeas = 1)
[2237 sec,  820419 itr]: No feasible solution found (infeas = 1)
[2238 sec,  820724 itr]: No feasible solution found (infeas = 1)
[2239 sec,  821028 itr]: No feasible solution found (infeas = 1)
[2240 sec,  821358 itr]: No feasible solution found (infeas = 1)
[2241 sec,  821669 itr]: No feasible solution found (infeas = 1)
[2242 sec,  821669 itr]: No feasible solution found (infeas = 1)
[2243 sec,  821991 itr]: No feasible solution found (infeas = 1)
[2244 sec,  822697 itr]: No feasible solution found (infeas = 1)
[2245 sec,  823041 itr]: No feasible solution found (infeas = 1)
[2246 sec,  823041 itr]: No feasible solution found (infeas = 1)
[2247 sec,  823359 itr]: No feasible solution found (infeas = 1)
[2248 sec,  824035 itr]: No feasible solution found (infeas = 1)
[2249 sec,  824035 itr]: No feasible solution found (infeas = 1)
[2250 sec,  824687 itr]: No feasible solution found (infeas = 1)
[2251 sec,  825016 itr]: No feasible solution found (infeas = 1)
[2252 sec,  825338 itr]: No feasible solution found (infeas = 1)
[2253 sec,  825658 itr]: No feasible solution found (infeas = 1)
[2254 sec,  825658 itr]: No feasible solution found (infeas = 1)
[2255 sec,  826322 itr]: No feasible solution found (infeas = 1)
[2256 sec,  826621 itr]: No feasible solution found (infeas = 1)
[2257 sec,  826964 itr]: No feasible solution found (infeas = 1)
[2258 sec,  827267 itr]: No feasible solution found (infeas = 1)
[2259 sec,  827618 itr]: No feasible solution found (infeas = 1)
[2260 sec,  828015 itr]: No feasible solution found (infeas = 1)
[2261 sec,  828015 itr]: No feasible solution found (infeas = 1)
[2262 sec,  828646 itr]: No feasible solution found (infeas = 1)
[2263 sec,  828980 itr]: No feasible solution found (infeas = 1)
[2264 sec,  829326 itr]: No feasible solution found (infeas = 1)
[2265 sec,  829646 itr]: No feasible solution found (infeas = 1)
[2266 sec,  829959 itr]: No feasible solution found (infeas = 1)
[2267 sec,  830305 itr]: No feasible solution found (infeas = 1)
[2268 sec,  830648 itr]: No feasible solution found (infeas = 1)
[2269 sec,  830994 itr]: No feasible solution found (infeas = 1)
[2270 sec,  831299 itr]: No feasible solution found (infeas = 1)
[2271 sec,  831662 itr]: No feasible solution found (infeas = 1)
[2272 sec,  831994 itr]: No feasible solution found (infeas = 1)
[2273 sec,  832304 itr]: No feasible solution found (infeas = 1)
[2274 sec,  832637 itr]: No feasible solution found (infeas = 1)
[2275 sec,  832978 itr]: No feasible solution found (infeas = 1)
[2276 sec,  833310 itr]: No feasible solution found (infeas = 1)
[2277 sec,  833626 itr]: No feasible solution found (infeas = 1)
[2278 sec,  833903 itr]: No feasible solution found (infeas = 1)
[2279 sec,  834239 itr]: No feasible solution found (infeas = 1)
[2280 sec,  834586 itr]: No feasible solution found (infeas = 1)
[2281 sec,  834918 itr]: No feasible solution found (infeas = 1)
[2282 sec,  834918 itr]: No feasible solution found (infeas = 1)
[2283 sec,  835210 itr]: No feasible solution found (infeas = 1)
[2284 sec,  835564 itr]: No feasible solution found (infeas = 1)
[2285 sec,  836252 itr]: No feasible solution found (infeas = 1)
[2286 sec,  836552 itr]: No feasible solution found (infeas = 1)
[2287 sec,  836892 itr]: No feasible solution found (infeas = 1)
[2288 sec,  837255 itr]: No feasible solution found (infeas = 1)
[2289 sec,  837581 itr]: No feasible solution found (infeas = 1)
[2290 sec,  837903 itr]: No feasible solution found (infeas = 1)
[2291 sec,  838280 itr]: No feasible solution found (infeas = 1)
[2292 sec,  838626 itr]: No feasible solution found (infeas = 1)
[2293 sec,  838943 itr]: No feasible solution found (infeas = 1)
[2294 sec,  839238 itr]: No feasible solution found (infeas = 1)
[2295 sec,  839564 itr]: No feasible solution found (infeas = 1)
[2296 sec,  839891 itr]: No feasible solution found (infeas = 1)
[2297 sec,  840200 itr]: No feasible solution found (infeas = 1)
[2298 sec,  840565 itr]: No feasible solution found (infeas = 1)
[2299 sec,  840912 itr]: No feasible solution found (infeas = 1)
[2300 sec,  841242 itr]: No feasible solution found (infeas = 1)
[2301 sec,  841598 itr]: No feasible solution found (infeas = 1)
[2302 sec,  841923 itr]: No feasible solution found (infeas = 1)
[2303 sec,  841923 itr]: No feasible solution found (infeas = 1)
[2304 sec,  842581 itr]: No feasible solution found (infeas = 1)
[2305 sec,  842581 itr]: No feasible solution found (infeas = 1)
[2306 sec,  843189 itr]: No feasible solution found (infeas = 1)
[2307 sec,  843492 itr]: No feasible solution found (infeas = 1)
[2308 sec,  843812 itr]: No feasible solution found (infeas = 1)
[2309 sec,  844147 itr]: No feasible solution found (infeas = 1)
[2310 sec,  844460 itr]: No feasible solution found (infeas = 1)
[2311 sec,  844777 itr]: No feasible solution found (infeas = 1)
[2312 sec,  845145 itr]: No feasible solution found (infeas = 1)
[2313 sec,  845449 itr]: No feasible solution found (infeas = 1)
[2314 sec,  845769 itr]: No feasible solution found (infeas = 1)
[2315 sec,  846108 itr]: No feasible solution found (infeas = 1)
[2316 sec,  846456 itr]: No feasible solution found (infeas = 1)
[2317 sec,  846456 itr]: No feasible solution found (infeas = 1)
[2318 sec,  847117 itr]: No feasible solution found (infeas = 1)
[2319 sec,  847432 itr]: No feasible solution found (infeas = 1)
[2320 sec,  847764 itr]: No feasible solution found (infeas = 1)
[2321 sec,  848116 itr]: No feasible solution found (infeas = 1)
[2322 sec,  848420 itr]: No feasible solution found (infeas = 1)
[2323 sec,  848743 itr]: No feasible solution found (infeas = 1)
[2324 sec,  849078 itr]: No feasible solution found (infeas = 1)
[2325 sec,  849078 itr]: No feasible solution found (infeas = 1)
[2326 sec,  849473 itr]: No feasible solution found (infeas = 1)
[2327 sec,  850102 itr]: No feasible solution found (infeas = 1)
[2328 sec,  850414 itr]: No feasible solution found (infeas = 1)
[2329 sec,  850763 itr]: No feasible solution found (infeas = 1)
[2330 sec,  851080 itr]: No feasible solution found (infeas = 1)
[2331 sec,  851423 itr]: No feasible solution found (infeas = 1)
[2332 sec,  851784 itr]: No feasible solution found (infeas = 1)
[2333 sec,  852118 itr]: No feasible solution found (infeas = 1)
[2334 sec,  852459 itr]: No feasible solution found (infeas = 1)
[2335 sec,  852459 itr]: No feasible solution found (infeas = 1)
[2336 sec,  852769 itr]: No feasible solution found (infeas = 1)
[2337 sec,  853106 itr]: No feasible solution found (infeas = 1)
[2338 sec,  853391 itr]: No feasible solution found (infeas = 1)
[2339 sec,  853947 itr]: No feasible solution found (infeas = 1)
[2340 sec,  854223 itr]: No feasible solution found (infeas = 1)
[2341 sec,  854515 itr]: No feasible solution found (infeas = 1)
[2342 sec,  854826 itr]: No feasible solution found (infeas = 1)
[2343 sec,  855118 itr]: No feasible solution found (infeas = 1)
[2344 sec,  855431 itr]: No feasible solution found (infeas = 1)
[2345 sec,  855431 itr]: No feasible solution found (infeas = 1)
[2346 sec,  856063 itr]: No feasible solution found (infeas = 1)
[2347 sec,  856337 itr]: No feasible solution found (infeas = 1)
[2348 sec,  856661 itr]: No feasible solution found (infeas = 1)
[2349 sec,  856997 itr]: No feasible solution found (infeas = 1)
[2350 sec,  857334 itr]: No feasible solution found (infeas = 1)
[2351 sec,  857663 itr]: No feasible solution found (infeas = 1)
[2352 sec,  857984 itr]: No feasible solution found (infeas = 1)
[2353 sec,  858326 itr]: No feasible solution found (infeas = 1)
[2354 sec,  858650 itr]: No feasible solution found (infeas = 1)
[2355 sec,  858977 itr]: No feasible solution found (infeas = 1)
[2356 sec,  858977 itr]: No feasible solution found (infeas = 1)
[2357 sec,  859625 itr]: No feasible solution found (infeas = 1)
[2358 sec,  859938 itr]: No feasible solution found (infeas = 1)
[2359 sec,  860269 itr]: No feasible solution found (infeas = 1)
[2360 sec,  860589 itr]: No feasible solution found (infeas = 1)
[2361 sec,  860919 itr]: No feasible solution found (infeas = 1)
[2362 sec,  861211 itr]: No feasible solution found (infeas = 1)
[2363 sec,  861211 itr]: No feasible solution found (infeas = 1)
[2364 sec,  861851 itr]: No feasible solution found (infeas = 1)
[2365 sec,  862180 itr]: No feasible solution found (infeas = 1)
[2366 sec,  862478 itr]: No feasible solution found (infeas = 1)
[2367 sec,  862782 itr]: No feasible solution found (infeas = 1)
[2368 sec,  862782 itr]: No feasible solution found (infeas = 1)
[2369 sec,  863480 itr]: No feasible solution found (infeas = 1)
[2370 sec,  863821 itr]: No feasible solution found (infeas = 1)
[2371 sec,  863821 itr]: No feasible solution found (infeas = 1)
[2372 sec,  864440 itr]: No feasible solution found (infeas = 1)
[2373 sec,  864784 itr]: No feasible solution found (infeas = 1)
[2374 sec,  865106 itr]: No feasible solution found (infeas = 1)
[2375 sec,  865419 itr]: No feasible solution found (infeas = 1)
[2376 sec,  865750 itr]: No feasible solution found (infeas = 1)
[2377 sec,  866090 itr]: No feasible solution found (infeas = 1)
[2378 sec,  866410 itr]: No feasible solution found (infeas = 1)
[2379 sec,  866763 itr]: No feasible solution found (infeas = 1)
[2380 sec,  867062 itr]: No feasible solution found (infeas = 1)
[2381 sec,  867393 itr]: No feasible solution found (infeas = 1)
[2382 sec,  867720 itr]: No feasible solution found (infeas = 1)
[2383 sec,  868071 itr]: No feasible solution found (infeas = 1)
[2384 sec,  868406 itr]: No feasible solution found (infeas = 1)
[2385 sec,  868406 itr]: No feasible solution found (infeas = 1)
[2386 sec,  868743 itr]: No feasible solution found (infeas = 1)
[2387 sec,  869386 itr]: No feasible solution found (infeas = 1)
[2388 sec,  869709 itr]: No feasible solution found (infeas = 1)
[2389 sec,  870054 itr]: No feasible solution found (infeas = 1)
[2390 sec,  870402 itr]: No feasible solution found (infeas = 1)
[2391 sec,  870726 itr]: No feasible solution found (infeas = 1)
[2392 sec,  870726 itr]: No feasible solution found (infeas = 1)
[2393 sec,  871061 itr]: No feasible solution found (infeas = 1)
[2394 sec,  871687 itr]: No feasible solution found (infeas = 1)
[2395 sec,  872036 itr]: No feasible solution found (infeas = 1)
[2396 sec,  872336 itr]: No feasible solution found (infeas = 1)
[2397 sec,  872701 itr]: No feasible solution found (infeas = 1)
[2398 sec,  873014 itr]: No feasible solution found (infeas = 1)
[2399 sec,  873360 itr]: No feasible solution found (infeas = 1)
[2400 sec,  873697 itr]: No feasible solution found (infeas = 1)
[2401 sec,  874002 itr]: No feasible solution found (infeas = 1)
[2402 sec,  874335 itr]: No feasible solution found (infeas = 1)
[2403 sec,  874335 itr]: No feasible solution found (infeas = 1)
[2404 sec,  874984 itr]: No feasible solution found (infeas = 1)
[2405 sec,  875334 itr]: No feasible solution found (infeas = 1)
[2406 sec,  875648 itr]: No feasible solution found (infeas = 1)
[2407 sec,  875971 itr]: No feasible solution found (infeas = 1)
[2408 sec,  876310 itr]: No feasible solution found (infeas = 1)
[2409 sec,  876660 itr]: No feasible solution found (infeas = 1)
[2410 sec,  876992 itr]: No feasible solution found (infeas = 1)
[2411 sec,  877349 itr]: No feasible solution found (infeas = 1)
[2412 sec,  877675 itr]: No feasible solution found (infeas = 1)
[2413 sec,  878031 itr]: No feasible solution found (infeas = 1)
[2414 sec,  878354 itr]: No feasible solution found (infeas = 1)
[2415 sec,  878667 itr]: No feasible solution found (infeas = 1)
[2416 sec,  878992 itr]: No feasible solution found (infeas = 1)
[2417 sec,  879343 itr]: No feasible solution found (infeas = 1)
[2418 sec,  879636 itr]: No feasible solution found (infeas = 1)
[2419 sec,  879982 itr]: No feasible solution found (infeas = 1)
[2420 sec,  880313 itr]: No feasible solution found (infeas = 1)
[2421 sec,  880641 itr]: No feasible solution found (infeas = 1)
[2422 sec,  880944 itr]: No feasible solution found (infeas = 1)
[2423 sec,  881263 itr]: No feasible solution found (infeas = 1)
[2424 sec,  881574 itr]: No feasible solution found (infeas = 1)
[2425 sec,  881574 itr]: No feasible solution found (infeas = 1)
[2426 sec,  881885 itr]: No feasible solution found (infeas = 1)
[2427 sec,  882593 itr]: No feasible solution found (infeas = 1)
[2428 sec,  882912 itr]: No feasible solution found (infeas = 1)
[2429 sec,  882912 itr]: No feasible solution found (infeas = 1)
[2430 sec,  883588 itr]: No feasible solution found (infeas = 1)
[2431 sec,  883918 itr]: No feasible solution found (infeas = 1)
[2432 sec,  884260 itr]: No feasible solution found (infeas = 1)
[2433 sec,  884260 itr]: No feasible solution found (infeas = 1)
[2434 sec,  884900 itr]: No feasible solution found (infeas = 1)
[2435 sec,  885223 itr]: No feasible solution found (infeas = 1)
[2436 sec,  885546 itr]: No feasible solution found (infeas = 1)
[2437 sec,  885906 itr]: No feasible solution found (infeas = 1)
[2438 sec,  886195 itr]: No feasible solution found (infeas = 1)
[2439 sec,  886531 itr]: No feasible solution found (infeas = 1)
[2440 sec,  886850 itr]: No feasible solution found (infeas = 1)
[2441 sec,  886850 itr]: No feasible solution found (infeas = 1)
[2442 sec,  887473 itr]: No feasible solution found (infeas = 1)
[2443 sec,  887811 itr]: No feasible solution found (infeas = 1)
[2444 sec,  888122 itr]: No feasible solution found (infeas = 1)
[2445 sec,  888474 itr]: No feasible solution found (infeas = 1)
[2446 sec,  888785 itr]: No feasible solution found (infeas = 1)
[2447 sec,  888785 itr]: No feasible solution found (infeas = 1)
[2448 sec,  889430 itr]: No feasible solution found (infeas = 1)
[2449 sec,  889767 itr]: No feasible solution found (infeas = 1)
[2450 sec,  890075 itr]: No feasible solution found (infeas = 1)
[2451 sec,  890372 itr]: No feasible solution found (infeas = 1)
[2452 sec,  890684 itr]: No feasible solution found (infeas = 1)
[2453 sec,  890986 itr]: No feasible solution found (infeas = 1)
[2454 sec,  891331 itr]: No feasible solution found (infeas = 1)
[2455 sec,  891655 itr]: No feasible solution found (infeas = 1)
[2456 sec,  891655 itr]: No feasible solution found (infeas = 1)
[2457 sec,  892259 itr]: No feasible solution found (infeas = 1)
[2458 sec,  892594 itr]: No feasible solution found (infeas = 1)
[2459 sec,  892594 itr]: No feasible solution found (infeas = 1)
[2460 sec,  893290 itr]: No feasible solution found (infeas = 1)
[2461 sec,  893606 itr]: No feasible solution found (infeas = 1)
[2462 sec,  893932 itr]: No feasible solution found (infeas = 1)
[2463 sec,  894303 itr]: No feasible solution found (infeas = 1)
[2464 sec,  894623 itr]: No feasible solution found (infeas = 1)
[2465 sec,  894937 itr]: No feasible solution found (infeas = 1)
[2466 sec,  895263 itr]: No feasible solution found (infeas = 1)
[2467 sec,  895574 itr]: No feasible solution found (infeas = 1)
[2468 sec,  895909 itr]: No feasible solution found (infeas = 1)
[2469 sec,  896235 itr]: No feasible solution found (infeas = 1)
[2470 sec,  896550 itr]: No feasible solution found (infeas = 1)
[2471 sec,  896882 itr]: No feasible solution found (infeas = 1)
[2472 sec,  897187 itr]: No feasible solution found (infeas = 1)
[2473 sec,  897514 itr]: No feasible solution found (infeas = 1)
[2474 sec,  897819 itr]: No feasible solution found (infeas = 1)
[2475 sec,  898141 itr]: No feasible solution found (infeas = 1)
[2476 sec,  898474 itr]: No feasible solution found (infeas = 1)
[2477 sec,  898822 itr]: No feasible solution found (infeas = 1)
[2478 sec,  898822 itr]: No feasible solution found (infeas = 1)
[2479 sec,  899144 itr]: No feasible solution found (infeas = 1)
[2480 sec,  899815 itr]: No feasible solution found (infeas = 1)
[2481 sec,  900149 itr]: No feasible solution found (infeas = 1)
[2482 sec,  900440 itr]: No feasible solution found (infeas = 1)
[2483 sec,  900729 itr]: No feasible solution found (infeas = 1)
[2484 sec,  901069 itr]: No feasible solution found (infeas = 1)
[2485 sec,  901410 itr]: No feasible solution found (infeas = 1)
[2486 sec,  901731 itr]: No feasible solution found (infeas = 1)
[2487 sec,  901731 itr]: No feasible solution found (infeas = 1)
[2488 sec,  902384 itr]: No feasible solution found (infeas = 1)
[2489 sec,  902746 itr]: No feasible solution found (infeas = 1)
[2490 sec,  903046 itr]: No feasible solution found (infeas = 1)
[2491 sec,  903354 itr]: No feasible solution found (infeas = 1)
[2492 sec,  903665 itr]: No feasible solution found (infeas = 1)
[2493 sec,  903985 itr]: No feasible solution found (infeas = 1)
[2494 sec,  904312 itr]: No feasible solution found (infeas = 1)
[2495 sec,  904639 itr]: No feasible solution found (infeas = 1)
[2496 sec,  904639 itr]: No feasible solution found (infeas = 1)
[2497 sec,  905298 itr]: No feasible solution found (infeas = 1)
[2498 sec,  905298 itr]: No feasible solution found (infeas = 1)
[2499 sec,  905961 itr]: No feasible solution found (infeas = 1)
[2500 sec,  906273 itr]: No feasible solution found (infeas = 1)
[2501 sec,  906605 itr]: No feasible solution found (infeas = 1)
[2502 sec,  906899 itr]: No feasible solution found (infeas = 1)
[2503 sec,  907192 itr]: No feasible solution found (infeas = 1)
[2504 sec,  907512 itr]: No feasible solution found (infeas = 1)
[2505 sec,  907838 itr]: No feasible solution found (infeas = 1)
[2506 sec,  908144 itr]: No feasible solution found (infeas = 1)
[2507 sec,  908144 itr]: No feasible solution found (infeas = 1)
[2508 sec,  908446 itr]: No feasible solution found (infeas = 1)
[2509 sec,  909120 itr]: No feasible solution found (infeas = 1)
[2510 sec,  909120 itr]: No feasible solution found (infeas = 1)
[2511 sec,  909723 itr]: No feasible solution found (infeas = 1)
[2512 sec,  910018 itr]: No feasible solution found (infeas = 1)
[2513 sec,  910305 itr]: No feasible solution found (infeas = 1)
[2514 sec,  910305 itr]: No feasible solution found (infeas = 1)
[2515 sec,  910932 itr]: No feasible solution found (infeas = 1)
[2516 sec,  911222 itr]: No feasible solution found (infeas = 1)
[2517 sec,  911501 itr]: No feasible solution found (infeas = 1)
[2518 sec,  911783 itr]: No feasible solution found (infeas = 1)
[2519 sec,  911783 itr]: No feasible solution found (infeas = 1)
[2520 sec,  912421 itr]: No feasible solution found (infeas = 1)
[2521 sec,  912734 itr]: No feasible solution found (infeas = 1)
[2522 sec,  913043 itr]: No feasible solution found (infeas = 1)
[2523 sec,  913318 itr]: No feasible solution found (infeas = 1)
[2524 sec,  913596 itr]: No feasible solution found (infeas = 1)
[2525 sec,  913873 itr]: No feasible solution found (infeas = 1)
[2526 sec,  914185 itr]: No feasible solution found (infeas = 1)
[2527 sec,  914510 itr]: No feasible solution found (infeas = 1)
[2528 sec,  914783 itr]: No feasible solution found (infeas = 1)
[2529 sec,  914783 itr]: No feasible solution found (infeas = 1)
[2530 sec,  915401 itr]: No feasible solution found (infeas = 1)
[2531 sec,  915401 itr]: No feasible solution found (infeas = 1)
[2532 sec,  916047 itr]: No feasible solution found (infeas = 1)
[2533 sec,  916376 itr]: No feasible solution found (infeas = 1)
[2534 sec,  916376 itr]: No feasible solution found (infeas = 1)
[2535 sec,  916973 itr]: No feasible solution found (infeas = 1)
[2536 sec,  917313 itr]: No feasible solution found (infeas = 1)
[2537 sec,  917617 itr]: No feasible solution found (infeas = 1)
[2538 sec,  917919 itr]: No feasible solution found (infeas = 1)
[2539 sec,  918252 itr]: No feasible solution found (infeas = 1)
[2540 sec,  918554 itr]: No feasible solution found (infeas = 1)
[2541 sec,  918880 itr]: No feasible solution found (infeas = 1)
[2542 sec,  919183 itr]: No feasible solution found (infeas = 1)
[2543 sec,  919506 itr]: No feasible solution found (infeas = 1)
[2544 sec,  919844 itr]: No feasible solution found (infeas = 1)
[2545 sec,  920145 itr]: No feasible solution found (infeas = 1)
[2546 sec,  920446 itr]: No feasible solution found (infeas = 1)
[2547 sec,  920782 itr]: No feasible solution found (infeas = 1)
[2548 sec,  920782 itr]: No feasible solution found (infeas = 1)
[2549 sec,  921427 itr]: No feasible solution found (infeas = 1)
[2550 sec,  921756 itr]: No feasible solution found (infeas = 1)
[2551 sec,  922073 itr]: No feasible solution found (infeas = 1)
[2552 sec,  922369 itr]: No feasible solution found (infeas = 1)
[2553 sec,  922686 itr]: No feasible solution found (infeas = 1)
[2554 sec,  923022 itr]: No feasible solution found (infeas = 1)
[2555 sec,  923332 itr]: No feasible solution found (infeas = 1)
[2556 sec,  923638 itr]: No feasible solution found (infeas = 1)
[2557 sec,  923952 itr]: No feasible solution found (infeas = 1)
[2558 sec,  924241 itr]: No feasible solution found (infeas = 1)
[2559 sec,  924536 itr]: No feasible solution found (infeas = 1)
[2560 sec,  924536 itr]: No feasible solution found (infeas = 1)
[2561 sec,  925152 itr]: No feasible solution found (infeas = 1)
[2562 sec,  925460 itr]: No feasible solution found (infeas = 1)
[2563 sec,  925765 itr]: No feasible solution found (infeas = 1)
[2564 sec,  925765 itr]: No feasible solution found (infeas = 1)
[2565 sec,  926349 itr]: No feasible solution found (infeas = 1)
[2566 sec,  926659 itr]: No feasible solution found (infeas = 1)
[2567 sec,  926964 itr]: No feasible solution found (infeas = 1)
[2568 sec,  927284 itr]: No feasible solution found (infeas = 1)
[2569 sec,  927558 itr]: No feasible solution found (infeas = 1)
[2570 sec,  927859 itr]: No feasible solution found (infeas = 1)
[2571 sec,  928201 itr]: No feasible solution found (infeas = 1)
[2572 sec,  928520 itr]: No feasible solution found (infeas = 1)
[2573 sec,  928818 itr]: No feasible solution found (infeas = 1)
[2574 sec,  929126 itr]: No feasible solution found (infeas = 1)
[2575 sec,  929415 itr]: No feasible solution found (infeas = 1)
[2576 sec,  929722 itr]: No feasible solution found (infeas = 1)
[2577 sec,  930031 itr]: No feasible solution found (infeas = 1)
[2578 sec,  930359 itr]: No feasible solution found (infeas = 1)
[2579 sec,  930651 itr]: No feasible solution found (infeas = 1)
[2580 sec,  930990 itr]: No feasible solution found (infeas = 1)
[2581 sec,  931344 itr]: No feasible solution found (infeas = 1)
[2582 sec,  931675 itr]: No feasible solution found (infeas = 1)
[2583 sec,  931675 itr]: No feasible solution found (infeas = 1)
[2584 sec,  931996 itr]: No feasible solution found (infeas = 1)
[2585 sec,  932685 itr]: No feasible solution found (infeas = 1)
[2586 sec,  932994 itr]: No feasible solution found (infeas = 1)
[2587 sec,  933314 itr]: No feasible solution found (infeas = 1)
[2588 sec,  933314 itr]: No feasible solution found (infeas = 1)
[2589 sec,  933983 itr]: No feasible solution found (infeas = 1)
[2590 sec,  934251 itr]: No feasible solution found (infeas = 1)
[2591 sec,  934582 itr]: No feasible solution found (infeas = 1)
[2592 sec,  934930 itr]: No feasible solution found (infeas = 1)
[2593 sec,  935263 itr]: No feasible solution found (infeas = 1)
[2594 sec,  935609 itr]: No feasible solution found (infeas = 1)
[2595 sec,  935609 itr]: No feasible solution found (infeas = 1)
[2596 sec,  936263 itr]: No feasible solution found (infeas = 1)
[2597 sec,  936602 itr]: No feasible solution found (infeas = 1)
[2598 sec,  936927 itr]: No feasible solution found (infeas = 1)
[2599 sec,  937243 itr]: No feasible solution found (infeas = 1)
[2600 sec,  937590 itr]: No feasible solution found (infeas = 1)
[2601 sec,  937902 itr]: No feasible solution found (infeas = 1)
[2602 sec,  938194 itr]: No feasible solution found (infeas = 1)
[2603 sec,  938547 itr]: No feasible solution found (infeas = 1)
[2604 sec,  938916 itr]: No feasible solution found (infeas = 1)
[2605 sec,  939265 itr]: No feasible solution found (infeas = 1)
[2606 sec,  939586 itr]: No feasible solution found (infeas = 1)
[2607 sec,  939586 itr]: No feasible solution found (infeas = 1)
[2608 sec,  939920 itr]: No feasible solution found (infeas = 1)
[2609 sec,  940562 itr]: No feasible solution found (infeas = 1)
[2610 sec,  940875 itr]: No feasible solution found (infeas = 1)
[2611 sec,  941205 itr]: No feasible solution found (infeas = 1)
[2612 sec,  941205 itr]: No feasible solution found (infeas = 1)
[2613 sec,  941873 itr]: No feasible solution found (infeas = 1)
[2614 sec,  942191 itr]: No feasible solution found (infeas = 1)
[2615 sec,  942536 itr]: No feasible solution found (infeas = 1)
[2616 sec,  942865 itr]: No feasible solution found (infeas = 1)
[2617 sec,  943164 itr]: No feasible solution found (infeas = 1)
[2618 sec,  943164 itr]: No feasible solution found (infeas = 1)
[2619 sec,  943835 itr]: No feasible solution found (infeas = 1)
[2620 sec,  944185 itr]: No feasible solution found (infeas = 1)
[2621 sec,  944514 itr]: No feasible solution found (infeas = 1)
[2622 sec,  944514 itr]: No feasible solution found (infeas = 1)
[2623 sec,  945139 itr]: No feasible solution found (infeas = 1)
[2624 sec,  945444 itr]: No feasible solution found (infeas = 1)
[2625 sec,  945767 itr]: No feasible solution found (infeas = 1)
[2626 sec,  946088 itr]: No feasible solution found (infeas = 1)
[2627 sec,  946088 itr]: No feasible solution found (infeas = 1)
[2628 sec,  946716 itr]: No feasible solution found (infeas = 1)
[2629 sec,  946995 itr]: No feasible solution found (infeas = 1)
[2630 sec,  946995 itr]: No feasible solution found (infeas = 1)
[2631 sec,  947667 itr]: No feasible solution found (infeas = 1)
[2632 sec,  948030 itr]: No feasible solution found (infeas = 1)
[2633 sec,  948359 itr]: No feasible solution found (infeas = 1)
[2634 sec,  948678 itr]: No feasible solution found (infeas = 1)
[2635 sec,  948998 itr]: No feasible solution found (infeas = 1)
[2636 sec,  949337 itr]: No feasible solution found (infeas = 1)
[2637 sec,  949654 itr]: No feasible solution found (infeas = 1)
[2638 sec,  949983 itr]: No feasible solution found (infeas = 1)
[2639 sec,  950317 itr]: No feasible solution found (infeas = 1)
[2640 sec,  950661 itr]: No feasible solution found (infeas = 1)
[2641 sec,  950994 itr]: No feasible solution found (infeas = 1)
[2642 sec,  951309 itr]: No feasible solution found (infeas = 1)
[2643 sec,  951685 itr]: No feasible solution found (infeas = 1)
[2644 sec,  952001 itr]: No feasible solution found (infeas = 1)
[2645 sec,  952313 itr]: No feasible solution found (infeas = 1)
[2646 sec,  952638 itr]: No feasible solution found (infeas = 1)
[2647 sec,  952941 itr]: No feasible solution found (infeas = 1)
[2648 sec,  953251 itr]: No feasible solution found (infeas = 1)
[2649 sec,  953573 itr]: No feasible solution found (infeas = 1)
[2650 sec,  953879 itr]: No feasible solution found (infeas = 1)
[2651 sec,  954202 itr]: No feasible solution found (infeas = 1)
[2652 sec,  954498 itr]: No feasible solution found (infeas = 1)
[2653 sec,  954770 itr]: No feasible solution found (infeas = 1)
[2654 sec,  955068 itr]: No feasible solution found (infeas = 1)
[2655 sec,  955370 itr]: No feasible solution found (infeas = 1)
[2656 sec,  955691 itr]: No feasible solution found (infeas = 1)
[2657 sec,  956012 itr]: No feasible solution found (infeas = 1)
[2658 sec,  956012 itr]: No feasible solution found (infeas = 1)
[2659 sec,  956642 itr]: No feasible solution found (infeas = 1)
[2660 sec,  956642 itr]: No feasible solution found (infeas = 1)
[2661 sec,  957249 itr]: No feasible solution found (infeas = 1)
[2662 sec,  957249 itr]: No feasible solution found (infeas = 1)
[2663 sec,  957880 itr]: No feasible solution found (infeas = 1)
[2664 sec,  958209 itr]: No feasible solution found (infeas = 1)
[2665 sec,  958209 itr]: No feasible solution found (infeas = 1)
[2666 sec,  958801 itr]: No feasible solution found (infeas = 1)
[2667 sec,  959145 itr]: No feasible solution found (infeas = 1)
[2668 sec,  959472 itr]: No feasible solution found (infeas = 1)
[2669 sec,  959807 itr]: No feasible solution found (infeas = 1)
[2670 sec,  960104 itr]: No feasible solution found (infeas = 1)
[2671 sec,  960492 itr]: No feasible solution found (infeas = 1)
[2672 sec,  960804 itr]: No feasible solution found (infeas = 1)
[2673 sec,  961114 itr]: No feasible solution found (infeas = 1)
[2674 sec,  961476 itr]: No feasible solution found (infeas = 1)
[2675 sec,  961804 itr]: No feasible solution found (infeas = 1)
[2676 sec,  961804 itr]: No feasible solution found (infeas = 1)
[2677 sec,  962123 itr]: No feasible solution found (infeas = 1)
[2678 sec,  962776 itr]: No feasible solution found (infeas = 1)
[2679 sec,  963146 itr]: No feasible solution found (infeas = 1)
[2680 sec,  963499 itr]: No feasible solution found (infeas = 1)
[2681 sec,  963822 itr]: No feasible solution found (infeas = 1)
[2682 sec,  963822 itr]: No feasible solution found (infeas = 1)
[2683 sec,  964452 itr]: No feasible solution found (infeas = 1)
[2684 sec,  964755 itr]: No feasible solution found (infeas = 1)
[2685 sec,  964755 itr]: No feasible solution found (infeas = 1)
[2686 sec,  965362 itr]: No feasible solution found (infeas = 1)
[2687 sec,  965688 itr]: No feasible solution found (infeas = 1)
[2688 sec,  965980 itr]: No feasible solution found (infeas = 1)
[2689 sec,  965980 itr]: No feasible solution found (infeas = 1)
[2690 sec,  966617 itr]: No feasible solution found (infeas = 1)
[2691 sec,  966942 itr]: No feasible solution found (infeas = 1)
[2692 sec,  967242 itr]: No feasible solution found (infeas = 1)
[2693 sec,  967546 itr]: No feasible solution found (infeas = 1)
[2694 sec,  967867 itr]: No feasible solution found (infeas = 1)
[2695 sec,  968239 itr]: No feasible solution found (infeas = 1)
[2696 sec,  968508 itr]: No feasible solution found (infeas = 1)
[2697 sec,  968788 itr]: No feasible solution found (infeas = 1)
[2698 sec,  969112 itr]: No feasible solution found (infeas = 1)
[2699 sec,  969413 itr]: No feasible solution found (infeas = 1)
[2700 sec,  969716 itr]: No feasible solution found (infeas = 1)
[2701 sec,  970082 itr]: No feasible solution found (infeas = 1)
[2702 sec,  970382 itr]: No feasible solution found (infeas = 1)
[2703 sec,  970699 itr]: No feasible solution found (infeas = 1)
[2704 sec,  970998 itr]: No feasible solution found (infeas = 1)
[2705 sec,  971328 itr]: No feasible solution found (infeas = 1)
[2706 sec,  971328 itr]: No feasible solution found (infeas = 1)
[2707 sec,  971983 itr]: No feasible solution found (infeas = 1)
[2708 sec,  972329 itr]: No feasible solution found (infeas = 1)
[2709 sec,  972646 itr]: No feasible solution found (infeas = 1)
[2710 sec,  972979 itr]: No feasible solution found (infeas = 1)
[2711 sec,  973308 itr]: No feasible solution found (infeas = 1)
[2712 sec,  973624 itr]: No feasible solution found (infeas = 1)
[2713 sec,  973941 itr]: No feasible solution found (infeas = 1)
[2714 sec,  974262 itr]: No feasible solution found (infeas = 1)
[2715 sec,  974590 itr]: No feasible solution found (infeas = 1)
[2716 sec,  974869 itr]: No feasible solution found (infeas = 1)
[2717 sec,  975207 itr]: No feasible solution found (infeas = 1)
[2718 sec,  975516 itr]: No feasible solution found (infeas = 1)
[2719 sec,  975516 itr]: No feasible solution found (infeas = 1)
[2720 sec,  976127 itr]: No feasible solution found (infeas = 1)
[2721 sec,  976440 itr]: No feasible solution found (infeas = 1)
[2722 sec,  976440 itr]: No feasible solution found (infeas = 1)
[2723 sec,  977040 itr]: No feasible solution found (infeas = 1)
[2724 sec,  977040 itr]: No feasible solution found (infeas = 1)
[2725 sec,  977636 itr]: No feasible solution found (infeas = 1)
[2726 sec,  977946 itr]: No feasible solution found (infeas = 1)
[2727 sec,  978240 itr]: No feasible solution found (infeas = 1)
[2728 sec,  978542 itr]: No feasible solution found (infeas = 1)
[2729 sec,  978542 itr]: No feasible solution found (infeas = 1)
[2730 sec,  978845 itr]: No feasible solution found (infeas = 1)
[2731 sec,  979506 itr]: No feasible solution found (infeas = 1)
[2732 sec,  979827 itr]: No feasible solution found (infeas = 1)
[2733 sec,  980139 itr]: No feasible solution found (infeas = 1)
[2734 sec,  980441 itr]: No feasible solution found (infeas = 1)
[2735 sec,  980791 itr]: No feasible solution found (infeas = 1)
[2736 sec,  981138 itr]: No feasible solution found (infeas = 1)
[2737 sec,  981138 itr]: No feasible solution found (infeas = 1)
[2738 sec,  981461 itr]: No feasible solution found (infeas = 1)
[2739 sec,  981807 itr]: No feasible solution found (infeas = 1)
[2740 sec,  982468 itr]: No feasible solution found (infeas = 1)
[2741 sec,  982817 itr]: No feasible solution found (infeas = 1)
[2742 sec,  983188 itr]: No feasible solution found (infeas = 1)
[2743 sec,  983510 itr]: No feasible solution found (infeas = 1)
[2744 sec,  983843 itr]: No feasible solution found (infeas = 1)
[2745 sec,  984133 itr]: No feasible solution found (infeas = 1)
[2746 sec,  984476 itr]: No feasible solution found (infeas = 1)
[2747 sec,  984806 itr]: No feasible solution found (infeas = 1)
[2748 sec,  985131 itr]: No feasible solution found (infeas = 1)
[2749 sec,  985428 itr]: No feasible solution found (infeas = 1)
[2750 sec,  985428 itr]: No feasible solution found (infeas = 1)
[2751 sec,  985763 itr]: No feasible solution found (infeas = 1)
[2752 sec,  986053 itr]: No feasible solution found (infeas = 1)
[2753 sec,  986696 itr]: No feasible solution found (infeas = 1)
[2754 sec,  987040 itr]: No feasible solution found (infeas = 1)
[2755 sec,  987375 itr]: No feasible solution found (infeas = 1)
[2756 sec,  987691 itr]: No feasible solution found (infeas = 1)
[2757 sec,  987691 itr]: No feasible solution found (infeas = 1)
[2758 sec,  988354 itr]: No feasible solution found (infeas = 1)
[2759 sec,  988694 itr]: No feasible solution found (infeas = 1)
[2760 sec,  989012 itr]: No feasible solution found (infeas = 1)
[2761 sec,  989355 itr]: No feasible solution found (infeas = 1)
[2762 sec,  989692 itr]: No feasible solution found (infeas = 1)
[2763 sec,  989692 itr]: No feasible solution found (infeas = 1)
[2764 sec,  990363 itr]: No feasible solution found (infeas = 1)
[2765 sec,  990679 itr]: No feasible solution found (infeas = 1)
[2766 sec,  991012 itr]: No feasible solution found (infeas = 1)
[2767 sec,  991327 itr]: No feasible solution found (infeas = 1)
[2768 sec,  991653 itr]: No feasible solution found (infeas = 1)
[2769 sec,  992007 itr]: No feasible solution found (infeas = 1)
[2770 sec,  992352 itr]: No feasible solution found (infeas = 1)
[2771 sec,  992695 itr]: No feasible solution found (infeas = 1)
[2772 sec,  993017 itr]: No feasible solution found (infeas = 1)
[2773 sec,  993321 itr]: No feasible solution found (infeas = 1)
[2774 sec,  993651 itr]: No feasible solution found (infeas = 1)
[2775 sec,  993994 itr]: No feasible solution found (infeas = 1)
[2776 sec,  994290 itr]: No feasible solution found (infeas = 1)
[2777 sec,  994612 itr]: No feasible solution found (infeas = 1)
[2778 sec,  994916 itr]: No feasible solution found (infeas = 1)
[2779 sec,  995278 itr]: No feasible solution found (infeas = 1)
[2780 sec,  995278 itr]: No feasible solution found (infeas = 1)
[2781 sec,  995968 itr]: No feasible solution found (infeas = 1)
[2782 sec,  996286 itr]: No feasible solution found (infeas = 1)
[2783 sec,  996625 itr]: No feasible solution found (infeas = 1)
[2784 sec,  996990 itr]: No feasible solution found (infeas = 1)
[2785 sec,  997322 itr]: No feasible solution found (infeas = 1)
[2786 sec,  997631 itr]: No feasible solution found (infeas = 1)
[2787 sec,  997963 itr]: No feasible solution found (infeas = 1)
[2788 sec,  998291 itr]: No feasible solution found (infeas = 1)
[2789 sec,  998291 itr]: No feasible solution found (infeas = 1)
[2790 sec,  999000 itr]: No feasible solution found (infeas = 1)
[2791 sec,  999335 itr]: No feasible solution found (infeas = 1)
[2792 sec,  999650 itr]: No feasible solution found (infeas = 1)
[2793 sec, 1000005 itr]: No feasible solution found (infeas = 1)
[2794 sec, 1000328 itr]: No feasible solution found (infeas = 1)
[2795 sec, 1000680 itr]: No feasible solution found (infeas = 1)
[2796 sec, 1001027 itr]: No feasible solution found (infeas = 1)
[2797 sec, 1001027 itr]: No feasible solution found (infeas = 1)
[2798 sec, 1001682 itr]: No feasible solution found (infeas = 1)
[2799 sec, 1001975 itr]: No feasible solution found (infeas = 1)
[2800 sec, 1002353 itr]: No feasible solution found (infeas = 1)
[2801 sec, 1002715 itr]: No feasible solution found (infeas = 1)
[2802 sec, 1003038 itr]: No feasible solution found (infeas = 1)
[2803 sec, 1003038 itr]: No feasible solution found (infeas = 1)
[2804 sec, 1003376 itr]: No feasible solution found (infeas = 1)
[2805 sec, 1004112 itr]: No feasible solution found (infeas = 1)
[2806 sec, 1004112 itr]: No feasible solution found (infeas = 1)
[2807 sec, 1004787 itr]: No feasible solution found (infeas = 1)
[2808 sec, 1005115 itr]: No feasible solution found (infeas = 1)
[2809 sec, 1005450 itr]: No feasible solution found (infeas = 1)
[2810 sec, 1005776 itr]: No feasible solution found (infeas = 1)
[2811 sec, 1006089 itr]: No feasible solution found (infeas = 1)
[2812 sec, 1006434 itr]: No feasible solution found (infeas = 1)
[2813 sec, 1006756 itr]: No feasible solution found (infeas = 1)
[2814 sec, 1007096 itr]: No feasible solution found (infeas = 1)
[2815 sec, 1007431 itr]: No feasible solution found (infeas = 1)
[2816 sec, 1007778 itr]: No feasible solution found (infeas = 1)
[2817 sec, 1007778 itr]: No feasible solution found (infeas = 1)
[2818 sec, 1008462 itr]: No feasible solution found (infeas = 1)
[2819 sec, 1008462 itr]: No feasible solution found (infeas = 1)
[2820 sec, 1009157 itr]: No feasible solution found (infeas = 1)
[2821 sec, 1009496 itr]: No feasible solution found (infeas = 1)
[2822 sec, 1009816 itr]: No feasible solution found (infeas = 1)
[2823 sec, 1010104 itr]: No feasible solution found (infeas = 1)
[2824 sec, 1010430 itr]: No feasible solution found (infeas = 1)
[2825 sec, 1010734 itr]: No feasible solution found (infeas = 1)
[2826 sec, 1010734 itr]: No feasible solution found (infeas = 1)
[2827 sec, 1011439 itr]: No feasible solution found (infeas = 1)
[2828 sec, 1011765 itr]: No feasible solution found (infeas = 1)
[2829 sec, 1012108 itr]: No feasible solution found (infeas = 1)
[2830 sec, 1012450 itr]: No feasible solution found (infeas = 1)
[2831 sec, 1012806 itr]: No feasible solution found (infeas = 1)
[2832 sec, 1013145 itr]: No feasible solution found (infeas = 1)
[2833 sec, 1013475 itr]: No feasible solution found (infeas = 1)
[2834 sec, 1013790 itr]: No feasible solution found (infeas = 1)
[2835 sec, 1014140 itr]: No feasible solution found (infeas = 1)
[2836 sec, 1014458 itr]: No feasible solution found (infeas = 1)
[2837 sec, 1014809 itr]: No feasible solution found (infeas = 1)
[2838 sec, 1015131 itr]: No feasible solution found (infeas = 1)
[2839 sec, 1015467 itr]: No feasible solution found (infeas = 1)
[2840 sec, 1015831 itr]: No feasible solution found (infeas = 1)
[2841 sec, 1016183 itr]: No feasible solution found (infeas = 1)
[2842 sec, 1016520 itr]: No feasible solution found (infeas = 1)
[2843 sec, 1016520 itr]: No feasible solution found (infeas = 1)
[2844 sec, 1016868 itr]: No feasible solution found (infeas = 1)
[2845 sec, 1017552 itr]: No feasible solution found (infeas = 1)
[2846 sec, 1017843 itr]: No feasible solution found (infeas = 1)
[2847 sec, 1018198 itr]: No feasible solution found (infeas = 1)
[2848 sec, 1018529 itr]: No feasible solution found (infeas = 1)
[2849 sec, 1018865 itr]: No feasible solution found (infeas = 1)
[2850 sec, 1019185 itr]: No feasible solution found (infeas = 1)
[2851 sec, 1019512 itr]: No feasible solution found (infeas = 1)
[2852 sec, 1019862 itr]: No feasible solution found (infeas = 1)
[2853 sec, 1020192 itr]: No feasible solution found (infeas = 1)
[2854 sec, 1020510 itr]: No feasible solution found (infeas = 1)
[2855 sec, 1020855 itr]: No feasible solution found (infeas = 1)
[2856 sec, 1021216 itr]: No feasible solution found (infeas = 1)
[2857 sec, 1021577 itr]: No feasible solution found (infeas = 1)
[2858 sec, 1021911 itr]: No feasible solution found (infeas = 1)
[2859 sec, 1022265 itr]: No feasible solution found (infeas = 1)
[2860 sec, 1022265 itr]: No feasible solution found (infeas = 1)
[2861 sec, 1022960 itr]: No feasible solution found (infeas = 1)
[2862 sec, 1023285 itr]: No feasible solution found (infeas = 1)
[2863 sec, 1023638 itr]: No feasible solution found (infeas = 1)
[2864 sec, 1023997 itr]: No feasible solution found (infeas = 1)
[2865 sec, 1024336 itr]: No feasible solution found (infeas = 1)
[2866 sec, 1024626 itr]: No feasible solution found (infeas = 1)
[2867 sec, 1024953 itr]: No feasible solution found (infeas = 1)
[2868 sec, 1025262 itr]: No feasible solution found (infeas = 1)
[2869 sec, 1025626 itr]: No feasible solution found (infeas = 1)
[2870 sec, 1025944 itr]: No feasible solution found (infeas = 1)
[2871 sec, 1026257 itr]: No feasible solution found (infeas = 1)
[2872 sec, 1026612 itr]: No feasible solution found (infeas = 1)
[2873 sec, 1026612 itr]: No feasible solution found (infeas = 1)
[2874 sec, 1027290 itr]: No feasible solution found (infeas = 1)
[2875 sec, 1027643 itr]: No feasible solution found (infeas = 1)
[2876 sec, 1027999 itr]: No feasible solution found (infeas = 1)
[2877 sec, 1028353 itr]: No feasible solution found (infeas = 1)
[2878 sec, 1028663 itr]: No feasible solution found (infeas = 1)
[2879 sec, 1028663 itr]: No feasible solution found (infeas = 1)
[2880 sec, 1029333 itr]: No feasible solution found (infeas = 1)
[2881 sec, 1029693 itr]: No feasible solution found (infeas = 1)
[2882 sec, 1030007 itr]: No feasible solution found (infeas = 1)
[2883 sec, 1030348 itr]: No feasible solution found (infeas = 1)
[2884 sec, 1030685 itr]: No feasible solution found (infeas = 1)
[2885 sec, 1031040 itr]: No feasible solution found (infeas = 1)
[2886 sec, 1031374 itr]: No feasible solution found (infeas = 1)
[2887 sec, 1031706 itr]: No feasible solution found (infeas = 1)
[2888 sec, 1032027 itr]: No feasible solution found (infeas = 1)
[2889 sec, 1032386 itr]: No feasible solution found (infeas = 1)
[2890 sec, 1032700 itr]: No feasible solution found (infeas = 1)
[2891 sec, 1032700 itr]: No feasible solution found (infeas = 1)
[2892 sec, 1033398 itr]: No feasible solution found (infeas = 1)
[2893 sec, 1033761 itr]: No feasible solution found (infeas = 1)
[2894 sec, 1034082 itr]: No feasible solution found (infeas = 1)
[2895 sec, 1034082 itr]: No feasible solution found (infeas = 1)
[2896 sec, 1034733 itr]: No feasible solution found (infeas = 1)
[2897 sec, 1035062 itr]: No feasible solution found (infeas = 1)
[2898 sec, 1035366 itr]: No feasible solution found (infeas = 1)
[2899 sec, 1035688 itr]: No feasible solution found (infeas = 1)
[2900 sec, 1036024 itr]: No feasible solution found (infeas = 1)
[2901 sec, 1036347 itr]: No feasible solution found (infeas = 1)
[2902 sec, 1036655 itr]: No feasible solution found (infeas = 1)
[2903 sec, 1036963 itr]: No feasible solution found (infeas = 1)
[2904 sec, 1037307 itr]: No feasible solution found (infeas = 1)
[2905 sec, 1037642 itr]: No feasible solution found (infeas = 1)
[2906 sec, 1037972 itr]: No feasible solution found (infeas = 1)
[2907 sec, 1038329 itr]: No feasible solution found (infeas = 1)
[2908 sec, 1038681 itr]: No feasible solution found (infeas = 1)
[2909 sec, 1038982 itr]: No feasible solution found (infeas = 1)
[2910 sec, 1038982 itr]: No feasible solution found (infeas = 1)
[2911 sec, 1039315 itr]: No feasible solution found (infeas = 1)
[2912 sec, 1039648 itr]: No feasible solution found (infeas = 1)
[2913 sec, 1040357 itr]: No feasible solution found (infeas = 1)
[2914 sec, 1040704 itr]: No feasible solution found (infeas = 1)
[2915 sec, 1041036 itr]: No feasible solution found (infeas = 1)
[2916 sec, 1041362 itr]: No feasible solution found (infeas = 1)
[2917 sec, 1041681 itr]: No feasible solution found (infeas = 1)
[2918 sec, 1042022 itr]: No feasible solution found (infeas = 1)
[2919 sec, 1042367 itr]: No feasible solution found (infeas = 1)
[2920 sec, 1042367 itr]: No feasible solution found (infeas = 1)
[2921 sec, 1043036 itr]: No feasible solution found (infeas = 1)
[2922 sec, 1043396 itr]: No feasible solution found (infeas = 1)
[2923 sec, 1043737 itr]: No feasible solution found (infeas = 1)
[2924 sec, 1044087 itr]: No feasible solution found (infeas = 1)
[2925 sec, 1044406 itr]: No feasible solution found (infeas = 1)
[2926 sec, 1044738 itr]: No feasible solution found (infeas = 1)
[2927 sec, 1045063 itr]: No feasible solution found (infeas = 1)
[2928 sec, 1045380 itr]: No feasible solution found (infeas = 1)
[2929 sec, 1045757 itr]: No feasible solution found (infeas = 1)
[2930 sec, 1046070 itr]: No feasible solution found (infeas = 1)
[2931 sec, 1046390 itr]: No feasible solution found (infeas = 1)
[2932 sec, 1046736 itr]: No feasible solution found (infeas = 1)
[2933 sec, 1047071 itr]: No feasible solution found (infeas = 1)
[2934 sec, 1047385 itr]: No feasible solution found (infeas = 1)
[2935 sec, 1047734 itr]: No feasible solution found (infeas = 1)
[2936 sec, 1048063 itr]: No feasible solution found (infeas = 1)
[2937 sec, 1048408 itr]: No feasible solution found (infeas = 1)
[2938 sec, 1048717 itr]: No feasible solution found (infeas = 1)
[2939 sec, 1049092 itr]: No feasible solution found (infeas = 1)
[2940 sec, 1049460 itr]: No feasible solution found (infeas = 1)
[2941 sec, 1049788 itr]: No feasible solution found (infeas = 1)
[2942 sec, 1050134 itr]: No feasible solution found (infeas = 1)
[2943 sec, 1050468 itr]: No feasible solution found (infeas = 1)
[2944 sec, 1050468 itr]: No feasible solution found (infeas = 1)
[2945 sec, 1051150 itr]: No feasible solution found (infeas = 1)
[2946 sec, 1051481 itr]: No feasible solution found (infeas = 1)
[2947 sec, 1051838 itr]: No feasible solution found (infeas = 1)
[2948 sec, 1052197 itr]: No feasible solution found (infeas = 1)
[2949 sec, 1052551 itr]: No feasible solution found (infeas = 1)
[2950 sec, 1052865 itr]: No feasible solution found (infeas = 1)
[2951 sec, 1053219 itr]: No feasible solution found (infeas = 1)
[2952 sec, 1053546 itr]: No feasible solution found (infeas = 1)
[2953 sec, 1053876 itr]: No feasible solution found (infeas = 1)
[2954 sec, 1054211 itr]: No feasible solution found (infeas = 1)
[2955 sec, 1054607 itr]: No feasible solution found (infeas = 1)
[2956 sec, 1054990 itr]: No feasible solution found (infeas = 1)
[2957 sec, 1055353 itr]: No feasible solution found (infeas = 1)
[2958 sec, 1055697 itr]: No feasible solution found (infeas = 1)
[2959 sec, 1056054 itr]: No feasible solution found (infeas = 1)
[2960 sec, 1056054 itr]: No feasible solution found (infeas = 1)
[2961 sec, 1056720 itr]: No feasible solution found (infeas = 1)
[2962 sec, 1057031 itr]: No feasible solution found (infeas = 1)
[2963 sec, 1057367 itr]: No feasible solution found (infeas = 1)
[2964 sec, 1057702 itr]: No feasible solution found (infeas = 1)
[2965 sec, 1058048 itr]: No feasible solution found (infeas = 1)
[2966 sec, 1058372 itr]: No feasible solution found (infeas = 1)
[2967 sec, 1058372 itr]: No feasible solution found (infeas = 1)
[2968 sec, 1059035 itr]: No feasible solution found (infeas = 1)
[2969 sec, 1059366 itr]: No feasible solution found (infeas = 1)
[2970 sec, 1059679 itr]: No feasible solution found (infeas = 1)
[2971 sec, 1060049 itr]: No feasible solution found (infeas = 1)
[2972 sec, 1060049 itr]: No feasible solution found (infeas = 1)
[2973 sec, 1060725 itr]: No feasible solution found (infeas = 1)
[2974 sec, 1060725 itr]: No feasible solution found (infeas = 1)
[2975 sec, 1061362 itr]: No feasible solution found (infeas = 1)
[2976 sec, 1061668 itr]: No feasible solution found (infeas = 1)
[2977 sec, 1061948 itr]: No feasible solution found (infeas = 1)
[2978 sec, 1062286 itr]: No feasible solution found (infeas = 1)
[2979 sec, 1062628 itr]: No feasible solution found (infeas = 1)
[2980 sec, 1062972 itr]: No feasible solution found (infeas = 1)
[2981 sec, 1063321 itr]: No feasible solution found (infeas = 1)
[2982 sec, 1063634 itr]: No feasible solution found (infeas = 1)
[2983 sec, 1063961 itr]: No feasible solution found (infeas = 1)
[2984 sec, 1064301 itr]: No feasible solution found (infeas = 1)
[2985 sec, 1064614 itr]: No feasible solution found (infeas = 1)
[2986 sec, 1064937 itr]: No feasible solution found (infeas = 1)
[2987 sec, 1065253 itr]: No feasible solution found (infeas = 1)
[2988 sec, 1065553 itr]: No feasible solution found (infeas = 1)
[2989 sec, 1065909 itr]: No feasible solution found (infeas = 1)
[2990 sec, 1066225 itr]: No feasible solution found (infeas = 1)
[2991 sec, 1066535 itr]: No feasible solution found (infeas = 1)
[2992 sec, 1066860 itr]: No feasible solution found (infeas = 1)
[2993 sec, 1067228 itr]: No feasible solution found (infeas = 1)
[2994 sec, 1067548 itr]: No feasible solution found (infeas = 1)
[2995 sec, 1067888 itr]: No feasible solution found (infeas = 1)
[2996 sec, 1068238 itr]: No feasible solution found (infeas = 1)
[2997 sec, 1068539 itr]: No feasible solution found (infeas = 1)
[2998 sec, 1068847 itr]: No feasible solution found (infeas = 1)
[2999 sec, 1069199 itr]: No feasible solution found (infeas = 1)
[3000 sec, 1069515 itr]: No feasible solution found (infeas = 1)
[3001 sec, 1069845 itr]: No feasible solution found (infeas = 1)
[3002 sec, 1070172 itr]: No feasible solution found (infeas = 1)
[3003 sec, 1070520 itr]: No feasible solution found (infeas = 1)
[3004 sec, 1070825 itr]: No feasible solution found (infeas = 1)
[3005 sec, 1071144 itr]: No feasible solution found (infeas = 1)
[3006 sec, 1071458 itr]: No feasible solution found (infeas = 1)
[3007 sec, 1071781 itr]: No feasible solution found (infeas = 1)
[3008 sec, 1072125 itr]: No feasible solution found (infeas = 1)
[3009 sec, 1072438 itr]: No feasible solution found (infeas = 1)
[3010 sec, 1072729 itr]: No feasible solution found (infeas = 1)
[3011 sec, 1072729 itr]: No feasible solution found (infeas = 1)
[3012 sec, 1073032 itr]: No feasible solution found (infeas = 1)
[3013 sec, 1073382 itr]: No feasible solution found (infeas = 1)
[3014 sec, 1074063 itr]: No feasible solution found (infeas = 1)
[3015 sec, 1074412 itr]: No feasible solution found (infeas = 1)
[3016 sec, 1074741 itr]: No feasible solution found (infeas = 1)
[3017 sec, 1075061 itr]: No feasible solution found (infeas = 1)
[3018 sec, 1075061 itr]: No feasible solution found (infeas = 1)
[3019 sec, 1075637 itr]: No feasible solution found (infeas = 1)
[3020 sec, 1075972 itr]: No feasible solution found (infeas = 1)
[3021 sec, 1076308 itr]: No feasible solution found (infeas = 1)
[3022 sec, 1076642 itr]: No feasible solution found (infeas = 1)
[3023 sec, 1076967 itr]: No feasible solution found (infeas = 1)
[3024 sec, 1076967 itr]: No feasible solution found (infeas = 1)
[3025 sec, 1077567 itr]: No feasible solution found (infeas = 1)
[3026 sec, 1077870 itr]: No feasible solution found (infeas = 1)
[3027 sec, 1078182 itr]: No feasible solution found (infeas = 1)
[3028 sec, 1078468 itr]: No feasible solution found (infeas = 1)
[3029 sec, 1078752 itr]: No feasible solution found (infeas = 1)
[3030 sec, 1079087 itr]: No feasible solution found (infeas = 1)
[3031 sec, 1079380 itr]: No feasible solution found (infeas = 1)
[3032 sec, 1079670 itr]: No feasible solution found (infeas = 1)
[3033 sec, 1080011 itr]: No feasible solution found (infeas = 1)
[3034 sec, 1080306 itr]: No feasible solution found (infeas = 1)
[3035 sec, 1080624 itr]: No feasible solution found (infeas = 1)
[3036 sec, 1080939 itr]: No feasible solution found (infeas = 1)
[3037 sec, 1081237 itr]: No feasible solution found (infeas = 1)
[3038 sec, 1081237 itr]: No feasible solution found (infeas = 1)
[3039 sec, 1081855 itr]: No feasible solution found (infeas = 1)
[3040 sec, 1082157 itr]: No feasible solution found (infeas = 1)
[3041 sec, 1082157 itr]: No feasible solution found (infeas = 1)
[3042 sec, 1082787 itr]: No feasible solution found (infeas = 1)
[3043 sec, 1082787 itr]: No feasible solution found (infeas = 1)
[3044 sec, 1083441 itr]: No feasible solution found (infeas = 1)
[3045 sec, 1083742 itr]: No feasible solution found (infeas = 1)
[3046 sec, 1084044 itr]: No feasible solution found (infeas = 1)
[3047 sec, 1084325 itr]: No feasible solution found (infeas = 1)
[3048 sec, 1084665 itr]: No feasible solution found (infeas = 1)
[3049 sec, 1084665 itr]: No feasible solution found (infeas = 1)
[3050 sec, 1085273 itr]: No feasible solution found (infeas = 1)
[3051 sec, 1085554 itr]: No feasible solution found (infeas = 1)
[3052 sec, 1085845 itr]: No feasible solution found (infeas = 1)
[3053 sec, 1086173 itr]: No feasible solution found (infeas = 1)
[3054 sec, 1086482 itr]: No feasible solution found (infeas = 1)
[3055 sec, 1086748 itr]: No feasible solution found (infeas = 1)
[3056 sec, 1087014 itr]: No feasible solution found (infeas = 1)
[3057 sec, 1087319 itr]: No feasible solution found (infeas = 1)
[3058 sec, 1087660 itr]: No feasible solution found (infeas = 1)
[3059 sec, 1087954 itr]: No feasible solution found (infeas = 1)
[3060 sec, 1088257 itr]: No feasible solution found (infeas = 1)
[3061 sec, 1088557 itr]: No feasible solution found (infeas = 1)
[3062 sec, 1088831 itr]: No feasible solution found (infeas = 1)
[3063 sec, 1089155 itr]: No feasible solution found (infeas = 1)
[3064 sec, 1089420 itr]: No feasible solution found (infeas = 1)
[3065 sec, 1089728 itr]: No feasible solution found (infeas = 1)
[3066 sec, 1090048 itr]: No feasible solution found (infeas = 1)
[3067 sec, 1090342 itr]: No feasible solution found (infeas = 1)
[3068 sec, 1090342 itr]: No feasible solution found (infeas = 1)
[3069 sec, 1090940 itr]: No feasible solution found (infeas = 1)
[3070 sec, 1090940 itr]: No feasible solution found (infeas = 1)
[3071 sec, 1091544 itr]: No feasible solution found (infeas = 1)
[3072 sec, 1091544 itr]: No feasible solution found (infeas = 1)
[3073 sec, 1091846 itr]: No feasible solution found (infeas = 1)
[3074 sec, 1092162 itr]: No feasible solution found (infeas = 1)
[3075 sec, 1092794 itr]: No feasible solution found (infeas = 1)
[3076 sec, 1093092 itr]: No feasible solution found (infeas = 1)
[3077 sec, 1093092 itr]: No feasible solution found (infeas = 1)
[3078 sec, 1093373 itr]: No feasible solution found (infeas = 1)
[3079 sec, 1093688 itr]: No feasible solution found (infeas = 1)
[3080 sec, 1094274 itr]: No feasible solution found (infeas = 1)
[3081 sec, 1094567 itr]: No feasible solution found (infeas = 1)
[3082 sec, 1094862 itr]: No feasible solution found (infeas = 1)
[3083 sec, 1095173 itr]: No feasible solution found (infeas = 1)
[3084 sec, 1095476 itr]: No feasible solution found (infeas = 1)
[3085 sec, 1095789 itr]: No feasible solution found (infeas = 1)
[3086 sec, 1096089 itr]: No feasible solution found (infeas = 1)
[3087 sec, 1096379 itr]: No feasible solution found (infeas = 1)
[3088 sec, 1096656 itr]: No feasible solution found (infeas = 1)
[3089 sec, 1096986 itr]: No feasible solution found (infeas = 1)
[3090 sec, 1097324 itr]: No feasible solution found (infeas = 1)
[3091 sec, 1097617 itr]: No feasible solution found (infeas = 1)
[3092 sec, 1097617 itr]: No feasible solution found (infeas = 1)
[3093 sec, 1098310 itr]: No feasible solution found (infeas = 1)
[3094 sec, 1098614 itr]: No feasible solution found (infeas = 1)
[3095 sec, 1098938 itr]: No feasible solution found (infeas = 1)
[3096 sec, 1099252 itr]: No feasible solution found (infeas = 1)
[3097 sec, 1099587 itr]: No feasible solution found (infeas = 1)
[3098 sec, 1099909 itr]: No feasible solution found (infeas = 1)
[3099 sec, 1100216 itr]: No feasible solution found (infeas = 1)
[3100 sec, 1100547 itr]: No feasible solution found (infeas = 1)
[3101 sec, 1100896 itr]: No feasible solution found (infeas = 1)
[3102 sec, 1101223 itr]: No feasible solution found (infeas = 1)
[3103 sec, 1101544 itr]: No feasible solution found (infeas = 1)
[3104 sec, 1101830 itr]: No feasible solution found (infeas = 1)
[3105 sec, 1102158 itr]: No feasible solution found (infeas = 1)
[3106 sec, 1102508 itr]: No feasible solution found (infeas = 1)
[3107 sec, 1102841 itr]: No feasible solution found (infeas = 1)
[3108 sec, 1103186 itr]: No feasible solution found (infeas = 1)
[3109 sec, 1103511 itr]: No feasible solution found (infeas = 1)
[3110 sec, 1103799 itr]: No feasible solution found (infeas = 1)
[3111 sec, 1103799 itr]: No feasible solution found (infeas = 1)
[3112 sec, 1104474 itr]: No feasible solution found (infeas = 1)
[3113 sec, 1104474 itr]: No feasible solution found (infeas = 1)
[3114 sec, 1104806 itr]: No feasible solution found (infeas = 1)
[3115 sec, 1105458 itr]: No feasible solution found (infeas = 1)
[3116 sec, 1105806 itr]: No feasible solution found (infeas = 1)
[3117 sec, 1106102 itr]: No feasible solution found (infeas = 1)
[3118 sec, 1106428 itr]: No feasible solution found (infeas = 1)
[3119 sec, 1106428 itr]: No feasible solution found (infeas = 1)
[3120 sec, 1107069 itr]: No feasible solution found (infeas = 1)
[3121 sec, 1107069 itr]: No feasible solution found (infeas = 1)
[3122 sec, 1107712 itr]: No feasible solution found (infeas = 1)
[3123 sec, 1108060 itr]: No feasible solution found (infeas = 1)
[3124 sec, 1108419 itr]: No feasible solution found (infeas = 1)
[3125 sec, 1108760 itr]: No feasible solution found (infeas = 1)
[3126 sec, 1109076 itr]: No feasible solution found (infeas = 1)
[3127 sec, 1109412 itr]: No feasible solution found (infeas = 1)
[3128 sec, 1109734 itr]: No feasible solution found (infeas = 1)
[3129 sec, 1110011 itr]: No feasible solution found (infeas = 1)
[3130 sec, 1110317 itr]: No feasible solution found (infeas = 1)
[3131 sec, 1110605 itr]: No feasible solution found (infeas = 1)
[3132 sec, 1110605 itr]: No feasible solution found (infeas = 1)
[3133 sec, 1111309 itr]: No feasible solution found (infeas = 1)
[3134 sec, 1111634 itr]: No feasible solution found (infeas = 1)
[3135 sec, 1111941 itr]: No feasible solution found (infeas = 1)
[3136 sec, 1112272 itr]: No feasible solution found (infeas = 1)
[3137 sec, 1112579 itr]: No feasible solution found (infeas = 1)
[3138 sec, 1112893 itr]: No feasible solution found (infeas = 1)
[3139 sec, 1113215 itr]: No feasible solution found (infeas = 1)
[3140 sec, 1113584 itr]: No feasible solution found (infeas = 1)
[3141 sec, 1113909 itr]: No feasible solution found (infeas = 1)
[3142 sec, 1114234 itr]: No feasible solution found (infeas = 1)
[3143 sec, 1114567 itr]: No feasible solution found (infeas = 1)
[3144 sec, 1114936 itr]: No feasible solution found (infeas = 1)
[3145 sec, 1115278 itr]: No feasible solution found (infeas = 1)
[3146 sec, 1115583 itr]: No feasible solution found (infeas = 1)
[3147 sec, 1115881 itr]: No feasible solution found (infeas = 1)
[3148 sec, 1116227 itr]: No feasible solution found (infeas = 1)
[3149 sec, 1116532 itr]: No feasible solution found (infeas = 1)
[3150 sec, 1116874 itr]: No feasible solution found (infeas = 1)
[3151 sec, 1117197 itr]: No feasible solution found (infeas = 1)
[3152 sec, 1117484 itr]: No feasible solution found (infeas = 1)
[3153 sec, 1117835 itr]: No feasible solution found (infeas = 1)
[3154 sec, 1118152 itr]: No feasible solution found (infeas = 1)
[3155 sec, 1118480 itr]: No feasible solution found (infeas = 1)
[3156 sec, 1118753 itr]: No feasible solution found (infeas = 1)
[3157 sec, 1119093 itr]: No feasible solution found (infeas = 1)
[3158 sec, 1119419 itr]: No feasible solution found (infeas = 1)
[3159 sec, 1119754 itr]: No feasible solution found (infeas = 1)
[3160 sec, 1120099 itr]: No feasible solution found (infeas = 1)
[3161 sec, 1120415 itr]: No feasible solution found (infeas = 1)
[3162 sec, 1120720 itr]: No feasible solution found (infeas = 1)
[3163 sec, 1121032 itr]: No feasible solution found (infeas = 1)
[3164 sec, 1121377 itr]: No feasible solution found (infeas = 1)
[3165 sec, 1121713 itr]: No feasible solution found (infeas = 1)
[3166 sec, 1122065 itr]: No feasible solution found (infeas = 1)
[3167 sec, 1122392 itr]: No feasible solution found (infeas = 1)
[3168 sec, 1122732 itr]: No feasible solution found (infeas = 1)
[3169 sec, 1123072 itr]: No feasible solution found (infeas = 1)
[3170 sec, 1123072 itr]: No feasible solution found (infeas = 1)
[3171 sec, 1123751 itr]: No feasible solution found (infeas = 1)
[3172 sec, 1124099 itr]: No feasible solution found (infeas = 1)
[3173 sec, 1124443 itr]: No feasible solution found (infeas = 1)
[3174 sec, 1124778 itr]: No feasible solution found (infeas = 1)
[3175 sec, 1125141 itr]: No feasible solution found (infeas = 1)
[3176 sec, 1125497 itr]: No feasible solution found (infeas = 1)
[3177 sec, 1125497 itr]: No feasible solution found (infeas = 1)
[3178 sec, 1126152 itr]: No feasible solution found (infeas = 1)
[3179 sec, 1126509 itr]: No feasible solution found (infeas = 1)
[3180 sec, 1126820 itr]: No feasible solution found (infeas = 1)
[3181 sec, 1127141 itr]: No feasible solution found (infeas = 1)
[3182 sec, 1127497 itr]: No feasible solution found (infeas = 1)
[3183 sec, 1127780 itr]: No feasible solution found (infeas = 1)
[3184 sec, 1128090 itr]: No feasible solution found (infeas = 1)
[3185 sec, 1128438 itr]: No feasible solution found (infeas = 1)
[3186 sec, 1128780 itr]: No feasible solution found (infeas = 1)
[3187 sec, 1129142 itr]: No feasible solution found (infeas = 1)
[3188 sec, 1129142 itr]: No feasible solution found (infeas = 1)
[3189 sec, 1129787 itr]: No feasible solution found (infeas = 1)
[3190 sec, 1130092 itr]: No feasible solution found (infeas = 1)
[3191 sec, 1130409 itr]: No feasible solution found (infeas = 1)
[3192 sec, 1130702 itr]: No feasible solution found (infeas = 1)
[3193 sec, 1131013 itr]: No feasible solution found (infeas = 1)
[3194 sec, 1131312 itr]: No feasible solution found (infeas = 1)
[3195 sec, 1131312 itr]: No feasible solution found (infeas = 1)
[3196 sec, 1131940 itr]: No feasible solution found (infeas = 1)
[3197 sec, 1132281 itr]: No feasible solution found (infeas = 1)
[3198 sec, 1132281 itr]: No feasible solution found (infeas = 1)
[3199 sec, 1132586 itr]: No feasible solution found (infeas = 1)
[3200 sec, 1133214 itr]: No feasible solution found (infeas = 1)
[3201 sec, 1133553 itr]: No feasible solution found (infeas = 1)
[3202 sec, 1133864 itr]: No feasible solution found (infeas = 1)
[3203 sec, 1134208 itr]: No feasible solution found (infeas = 1)
[3204 sec, 1134541 itr]: No feasible solution found (infeas = 1)
[3205 sec, 1134847 itr]: No feasible solution found (infeas = 1)
[3206 sec, 1135166 itr]: No feasible solution found (infeas = 1)
[3207 sec, 1135519 itr]: No feasible solution found (infeas = 1)
[3208 sec, 1135842 itr]: No feasible solution found (infeas = 1)
[3209 sec, 1136161 itr]: No feasible solution found (infeas = 1)
[3210 sec, 1136469 itr]: No feasible solution found (infeas = 1)
[3211 sec, 1136469 itr]: No feasible solution found (infeas = 1)
[3212 sec, 1137114 itr]: No feasible solution found (infeas = 1)
[3213 sec, 1137431 itr]: No feasible solution found (infeas = 1)
[3214 sec, 1137705 itr]: No feasible solution found (infeas = 1)
[3215 sec, 1138077 itr]: No feasible solution found (infeas = 1)
[3216 sec, 1138387 itr]: No feasible solution found (infeas = 1)
[3217 sec, 1138387 itr]: No feasible solution found (infeas = 1)
[3218 sec, 1139063 itr]: No feasible solution found (infeas = 1)
[3219 sec, 1139425 itr]: No feasible solution found (infeas = 1)
[3220 sec, 1139736 itr]: No feasible solution found (infeas = 1)
[3221 sec, 1139736 itr]: No feasible solution found (infeas = 1)
[3222 sec, 1140102 itr]: No feasible solution found (infeas = 1)
[3223 sec, 1140800 itr]: No feasible solution found (infeas = 1)
[3224 sec, 1140800 itr]: No feasible solution found (infeas = 1)
[3225 sec, 1141100 itr]: No feasible solution found (infeas = 1)
[3226 sec, 1141761 itr]: No feasible solution found (infeas = 1)
[3227 sec, 1142081 itr]: No feasible solution found (infeas = 1)
[3228 sec, 1142385 itr]: No feasible solution found (infeas = 1)
[3229 sec, 1142738 itr]: No feasible solution found (infeas = 1)
[3230 sec, 1143045 itr]: No feasible solution found (infeas = 1)
[3231 sec, 1143358 itr]: No feasible solution found (infeas = 1)
[3232 sec, 1143658 itr]: No feasible solution found (infeas = 1)
[3233 sec, 1143658 itr]: No feasible solution found (infeas = 1)
[3234 sec, 1144291 itr]: No feasible solution found (infeas = 1)
[3235 sec, 1144598 itr]: No feasible solution found (infeas = 1)
[3236 sec, 1144918 itr]: No feasible solution found (infeas = 1)
[3237 sec, 1145223 itr]: No feasible solution found (infeas = 1)
[3238 sec, 1145593 itr]: No feasible solution found (infeas = 1)
[3239 sec, 1145593 itr]: No feasible solution found (infeas = 1)
[3240 sec, 1146230 itr]: No feasible solution found (infeas = 1)
[3241 sec, 1146498 itr]: No feasible solution found (infeas = 1)
[3242 sec, 1146818 itr]: No feasible solution found (infeas = 1)
[3243 sec, 1146818 itr]: No feasible solution found (infeas = 1)
[3244 sec, 1147469 itr]: No feasible solution found (infeas = 1)
[3245 sec, 1147744 itr]: No feasible solution found (infeas = 1)
[3246 sec, 1148092 itr]: No feasible solution found (infeas = 1)
[3247 sec, 1148428 itr]: No feasible solution found (infeas = 1)
[3248 sec, 1148791 itr]: No feasible solution found (infeas = 1)
[3249 sec, 1149140 itr]: No feasible solution found (infeas = 1)
[3250 sec, 1149440 itr]: No feasible solution found (infeas = 1)
[3251 sec, 1149727 itr]: No feasible solution found (infeas = 1)
[3252 sec, 1150054 itr]: No feasible solution found (infeas = 1)
[3253 sec, 1150431 itr]: No feasible solution found (infeas = 1)
[3254 sec, 1150767 itr]: No feasible solution found (infeas = 1)
[3255 sec, 1151111 itr]: No feasible solution found (infeas = 1)
[3256 sec, 1151427 itr]: No feasible solution found (infeas = 1)
[3257 sec, 1151748 itr]: No feasible solution found (infeas = 1)
[3258 sec, 1152079 itr]: No feasible solution found (infeas = 1)
[3259 sec, 1152444 itr]: No feasible solution found (infeas = 1)
[3260 sec, 1152784 itr]: No feasible solution found (infeas = 1)
[3261 sec, 1153116 itr]: No feasible solution found (infeas = 1)
[3262 sec, 1153455 itr]: No feasible solution found (infeas = 1)
[3263 sec, 1153803 itr]: No feasible solution found (infeas = 1)
[3264 sec, 1154121 itr]: No feasible solution found (infeas = 1)
[3265 sec, 1154443 itr]: No feasible solution found (infeas = 1)
[3266 sec, 1154760 itr]: No feasible solution found (infeas = 1)
[3267 sec, 1155082 itr]: No feasible solution found (infeas = 1)
[3268 sec, 1155456 itr]: No feasible solution found (infeas = 1)
[3269 sec, 1155821 itr]: No feasible solution found (infeas = 1)
[3270 sec, 1156182 itr]: No feasible solution found (infeas = 1)
[3271 sec, 1156533 itr]: No feasible solution found (infeas = 1)
[3272 sec, 1156909 itr]: No feasible solution found (infeas = 1)
[3273 sec, 1157280 itr]: No feasible solution found (infeas = 1)
[3274 sec, 1157280 itr]: No feasible solution found (infeas = 1)
[3275 sec, 1157975 itr]: No feasible solution found (infeas = 1)
[3276 sec, 1157975 itr]: No feasible solution found (infeas = 1)
[3277 sec, 1158725 itr]: No feasible solution found (infeas = 1)
[3278 sec, 1159016 itr]: No feasible solution found (infeas = 1)
[3279 sec, 1159369 itr]: No feasible solution found (infeas = 1)
[3280 sec, 1159701 itr]: No feasible solution found (infeas = 1)
[3281 sec, 1159701 itr]: No feasible solution found (infeas = 1)
[3282 sec, 1160061 itr]: No feasible solution found (infeas = 1)
[3283 sec, 1160382 itr]: No feasible solution found (infeas = 1)
[3284 sec, 1161069 itr]: No feasible solution found (infeas = 1)
[3285 sec, 1161470 itr]: No feasible solution found (infeas = 1)
[3286 sec, 1161470 itr]: No feasible solution found (infeas = 1)
[3287 sec, 1161809 itr]: No feasible solution found (infeas = 1)
[3288 sec, 1162495 itr]: No feasible solution found (infeas = 1)
[3289 sec, 1162802 itr]: No feasible solution found (infeas = 1)
[3290 sec, 1163134 itr]: No feasible solution found (infeas = 1)
[3291 sec, 1163473 itr]: No feasible solution found (infeas = 1)
[3292 sec, 1163808 itr]: No feasible solution found (infeas = 1)
[3293 sec, 1164162 itr]: No feasible solution found (infeas = 1)
[3294 sec, 1164528 itr]: No feasible solution found (infeas = 1)
[3295 sec, 1164861 itr]: No feasible solution found (infeas = 1)
[3296 sec, 1165244 itr]: No feasible solution found (infeas = 1)
[3297 sec, 1165591 itr]: No feasible solution found (infeas = 1)
[3298 sec, 1165897 itr]: No feasible solution found (infeas = 1)
[3299 sec, 1166259 itr]: No feasible solution found (infeas = 1)
[3300 sec, 1166599 itr]: No feasible solution found (infeas = 1)
[3301 sec, 1166947 itr]: No feasible solution found (infeas = 1)
[3302 sec, 1167278 itr]: No feasible solution found (infeas = 1)
[3303 sec, 1167650 itr]: No feasible solution found (infeas = 1)
[3304 sec, 1167998 itr]: No feasible solution found (infeas = 1)
[3305 sec, 1168369 itr]: No feasible solution found (infeas = 1)
[3306 sec, 1168369 itr]: No feasible solution found (infeas = 1)
[3307 sec, 1169004 itr]: No feasible solution found (infeas = 1)
[3308 sec, 1169340 itr]: No feasible solution found (infeas = 1)
[3309 sec, 1169679 itr]: No feasible solution found (infeas = 1)
[3310 sec, 1169994 itr]: No feasible solution found (infeas = 1)
[3311 sec, 1170345 itr]: No feasible solution found (infeas = 1)
[3312 sec, 1170684 itr]: No feasible solution found (infeas = 1)
[3313 sec, 1171036 itr]: No feasible solution found (infeas = 1)
[3314 sec, 1171378 itr]: No feasible solution found (infeas = 1)
[3315 sec, 1171715 itr]: No feasible solution found (infeas = 1)
[3316 sec, 1172045 itr]: No feasible solution found (infeas = 1)
[3317 sec, 1172366 itr]: No feasible solution found (infeas = 1)
[3318 sec, 1172693 itr]: No feasible solution found (infeas = 1)
[3319 sec, 1173041 itr]: No feasible solution found (infeas = 1)
[3320 sec, 1173041 itr]: No feasible solution found (infeas = 1)
[3321 sec, 1173724 itr]: No feasible solution found (infeas = 1)
[3322 sec, 1173724 itr]: No feasible solution found (infeas = 1)
[3323 sec, 1174071 itr]: No feasible solution found (infeas = 1)
[3324 sec, 1174828 itr]: No feasible solution found (infeas = 1)
[3325 sec, 1175158 itr]: No feasible solution found (infeas = 1)
[3326 sec, 1175493 itr]: No feasible solution found (infeas = 1)
[3327 sec, 1175493 itr]: No feasible solution found (infeas = 1)
[3328 sec, 1176183 itr]: No feasible solution found (infeas = 1)
[3329 sec, 1176514 itr]: No feasible solution found (infeas = 1)
[3330 sec, 1176846 itr]: No feasible solution found (infeas = 1)
[3331 sec, 1177189 itr]: No feasible solution found (infeas = 1)
[3332 sec, 1177501 itr]: No feasible solution found (infeas = 1)
[3333 sec, 1177812 itr]: No feasible solution found (infeas = 1)
[3334 sec, 1178148 itr]: No feasible solution found (infeas = 1)
[3335 sec, 1178446 itr]: No feasible solution found (infeas = 1)
[3336 sec, 1178762 itr]: No feasible solution found (infeas = 1)
[3337 sec, 1179063 itr]: No feasible solution found (infeas = 1)
[3338 sec, 1179414 itr]: No feasible solution found (infeas = 1)
[3339 sec, 1179757 itr]: No feasible solution found (infeas = 1)
[3340 sec, 1180118 itr]: No feasible solution found (infeas = 1)
[3341 sec, 1180452 itr]: No feasible solution found (infeas = 1)
[3342 sec, 1180758 itr]: No feasible solution found (infeas = 1)
[3343 sec, 1181128 itr]: No feasible solution found (infeas = 1)
[3344 sec, 1181484 itr]: No feasible solution found (infeas = 1)
[3345 sec, 1181806 itr]: No feasible solution found (infeas = 1)
[3346 sec, 1182123 itr]: No feasible solution found (infeas = 1)
[3347 sec, 1182483 itr]: No feasible solution found (infeas = 1)
[3348 sec, 1182805 itr]: No feasible solution found (infeas = 1)
[3349 sec, 1182805 itr]: No feasible solution found (infeas = 1)
[3350 sec, 1183471 itr]: No feasible solution found (infeas = 1)
[3351 sec, 1183804 itr]: No feasible solution found (infeas = 1)
[3352 sec, 1184118 itr]: No feasible solution found (infeas = 1)
[3353 sec, 1184460 itr]: No feasible solution found (infeas = 1)
[3354 sec, 1184769 itr]: No feasible solution found (infeas = 1)
[3355 sec, 1185087 itr]: No feasible solution found (infeas = 1)
[3356 sec, 1185434 itr]: No feasible solution found (infeas = 1)
[3357 sec, 1185434 itr]: No feasible solution found (infeas = 1)
[3358 sec, 1186097 itr]: No feasible solution found (infeas = 1)
[3359 sec, 1186429 itr]: No feasible solution found (infeas = 1)
[3360 sec, 1186768 itr]: No feasible solution found (infeas = 1)
[3361 sec, 1187085 itr]: No feasible solution found (infeas = 1)
[3362 sec, 1187085 itr]: No feasible solution found (infeas = 1)
[3363 sec, 1187716 itr]: No feasible solution found (infeas = 1)
[3364 sec, 1188026 itr]: No feasible solution found (infeas = 1)
[3365 sec, 1188325 itr]: No feasible solution found (infeas = 1)
[3366 sec, 1188669 itr]: No feasible solution found (infeas = 1)
[3367 sec, 1189042 itr]: No feasible solution found (infeas = 1)
[3368 sec, 1189370 itr]: No feasible solution found (infeas = 1)
[3369 sec, 1189690 itr]: No feasible solution found (infeas = 1)
[3370 sec, 1190040 itr]: No feasible solution found (infeas = 1)
[3371 sec, 1190375 itr]: No feasible solution found (infeas = 1)
[3372 sec, 1190693 itr]: No feasible solution found (infeas = 1)
[3373 sec, 1191039 itr]: No feasible solution found (infeas = 1)
[3374 sec, 1191039 itr]: No feasible solution found (infeas = 1)
[3375 sec, 1191728 itr]: No feasible solution found (infeas = 1)
[3376 sec, 1192069 itr]: No feasible solution found (infeas = 1)
[3377 sec, 1192069 itr]: No feasible solution found (infeas = 1)
[3378 sec, 1192763 itr]: No feasible solution found (infeas = 1)
[3379 sec, 1193071 itr]: No feasible solution found (infeas = 1)
[3380 sec, 1193406 itr]: No feasible solution found (infeas = 1)
[3381 sec, 1193740 itr]: No feasible solution found (infeas = 1)
[3382 sec, 1194092 itr]: No feasible solution found (infeas = 1)
[3383 sec, 1194434 itr]: No feasible solution found (infeas = 1)
[3384 sec, 1194793 itr]: No feasible solution found (infeas = 1)
[3385 sec, 1195148 itr]: No feasible solution found (infeas = 1)
[3386 sec, 1195148 itr]: No feasible solution found (infeas = 1)
[3387 sec, 1195815 itr]: No feasible solution found (infeas = 1)
[3388 sec, 1196152 itr]: No feasible solution found (infeas = 1)
[3389 sec, 1196519 itr]: No feasible solution found (infeas = 1)
[3390 sec, 1196827 itr]: No feasible solution found (infeas = 1)
[3391 sec, 1197153 itr]: No feasible solution found (infeas = 1)
[3392 sec, 1197476 itr]: No feasible solution found (infeas = 1)
[3393 sec, 1197799 itr]: No feasible solution found (infeas = 1)
[3394 sec, 1198100 itr]: No feasible solution found (infeas = 1)
[3395 sec, 1198386 itr]: No feasible solution found (infeas = 1)
[3396 sec, 1198386 itr]: No feasible solution found (infeas = 1)
[3397 sec, 1199007 itr]: No feasible solution found (infeas = 1)
[3398 sec, 1199343 itr]: No feasible solution found (infeas = 1)
[3399 sec, 1199671 itr]: No feasible solution found (infeas = 1)
[3400 sec, 1200009 itr]: No feasible solution found (infeas = 1)
[3401 sec, 1200009 itr]: No feasible solution found (infeas = 1)
[3402 sec, 1200597 itr]: No feasible solution found (infeas = 1)
[3403 sec, 1200954 itr]: No feasible solution found (infeas = 1)
[3404 sec, 1201285 itr]: No feasible solution found (infeas = 1)
[3405 sec, 1201285 itr]: No feasible solution found (infeas = 1)
[3406 sec, 1201956 itr]: No feasible solution found (infeas = 1)
[3407 sec, 1202298 itr]: No feasible solution found (infeas = 1)
[3408 sec, 1202629 itr]: No feasible solution found (infeas = 1)
[3409 sec, 1202969 itr]: No feasible solution found (infeas = 1)
[3410 sec, 1203277 itr]: No feasible solution found (infeas = 1)
[3411 sec, 1203602 itr]: No feasible solution found (infeas = 1)
[3412 sec, 1203949 itr]: No feasible solution found (infeas = 1)
[3413 sec, 1204312 itr]: No feasible solution found (infeas = 1)
[3414 sec, 1204312 itr]: No feasible solution found (infeas = 1)
[3415 sec, 1205013 itr]: No feasible solution found (infeas = 1)
[3416 sec, 1205336 itr]: No feasible solution found (infeas = 1)
[3417 sec, 1205686 itr]: No feasible solution found (infeas = 1)
[3418 sec, 1206014 itr]: No feasible solution found (infeas = 1)
[3419 sec, 1206355 itr]: No feasible solution found (infeas = 1)
[3420 sec, 1206714 itr]: No feasible solution found (infeas = 1)
[3421 sec, 1207065 itr]: No feasible solution found (infeas = 1)
[3422 sec, 1207065 itr]: No feasible solution found (infeas = 1)
[3423 sec, 1207690 itr]: No feasible solution found (infeas = 1)
[3424 sec, 1208008 itr]: No feasible solution found (infeas = 1)
[3425 sec, 1208354 itr]: No feasible solution found (infeas = 1)
[3426 sec, 1208693 itr]: No feasible solution found (infeas = 1)
[3427 sec, 1209035 itr]: No feasible solution found (infeas = 1)
[3428 sec, 1209363 itr]: No feasible solution found (infeas = 1)
[3429 sec, 1209694 itr]: No feasible solution found (infeas = 1)
[3430 sec, 1210016 itr]: No feasible solution found (infeas = 1)
[3431 sec, 1210310 itr]: No feasible solution found (infeas = 1)
[3432 sec, 1210588 itr]: No feasible solution found (infeas = 1)
[3433 sec, 1210915 itr]: No feasible solution found (infeas = 1)
[3434 sec, 1211252 itr]: No feasible solution found (infeas = 1)
[3435 sec, 1211537 itr]: No feasible solution found (infeas = 1)
[3436 sec, 1211853 itr]: No feasible solution found (infeas = 1)
[3437 sec, 1212142 itr]: No feasible solution found (infeas = 1)
[3438 sec, 1212142 itr]: No feasible solution found (infeas = 1)
[3439 sec, 1212781 itr]: No feasible solution found (infeas = 1)
[3440 sec, 1213141 itr]: No feasible solution found (infeas = 1)
[3441 sec, 1213141 itr]: No feasible solution found (infeas = 1)
[3442 sec, 1213772 itr]: No feasible solution found (infeas = 1)
[3443 sec, 1213772 itr]: No feasible solution found (infeas = 1)
[3444 sec, 1214475 itr]: No feasible solution found (infeas = 1)
[3445 sec, 1214795 itr]: No feasible solution found (infeas = 1)
[3446 sec, 1215088 itr]: No feasible solution found (infeas = 1)
[3447 sec, 1215460 itr]: No feasible solution found (infeas = 1)
[3448 sec, 1215812 itr]: No feasible solution found (infeas = 1)
[3449 sec, 1216142 itr]: No feasible solution found (infeas = 1)
[3450 sec, 1216142 itr]: No feasible solution found (infeas = 1)
[3451 sec, 1216792 itr]: No feasible solution found (infeas = 1)
[3452 sec, 1217127 itr]: No feasible solution found (infeas = 1)
[3453 sec, 1217408 itr]: No feasible solution found (infeas = 1)
[3454 sec, 1217751 itr]: No feasible solution found (infeas = 1)
[3455 sec, 1218066 itr]: No feasible solution found (infeas = 1)
[3456 sec, 1218370 itr]: No feasible solution found (infeas = 1)
[3457 sec, 1218706 itr]: No feasible solution found (infeas = 1)
[3458 sec, 1219024 itr]: No feasible solution found (infeas = 1)
[3459 sec, 1219024 itr]: No feasible solution found (infeas = 1)
[3460 sec, 1219360 itr]: No feasible solution found (infeas = 1)
[3461 sec, 1220008 itr]: No feasible solution found (infeas = 1)
[3462 sec, 1220341 itr]: No feasible solution found (infeas = 1)
[3463 sec, 1220598 itr]: No feasible solution found (infeas = 1)
[3464 sec, 1220936 itr]: No feasible solution found (infeas = 1)
[3465 sec, 1221221 itr]: No feasible solution found (infeas = 1)
[3466 sec, 1221554 itr]: No feasible solution found (infeas = 1)
[3467 sec, 1221886 itr]: No feasible solution found (infeas = 1)
[3468 sec, 1222237 itr]: No feasible solution found (infeas = 1)
[3469 sec, 1222560 itr]: No feasible solution found (infeas = 1)
[3470 sec, 1222560 itr]: No feasible solution found (infeas = 1)
[3471 sec, 1223187 itr]: No feasible solution found (infeas = 1)
[3472 sec, 1223187 itr]: No feasible solution found (infeas = 1)
[3473 sec, 1223843 itr]: No feasible solution found (infeas = 1)
[3474 sec, 1223843 itr]: No feasible solution found (infeas = 1)
[3475 sec, 1224443 itr]: No feasible solution found (infeas = 1)
[3476 sec, 1224799 itr]: No feasible solution found (infeas = 1)
[3477 sec, 1224799 itr]: No feasible solution found (infeas = 1)
[3478 sec, 1225486 itr]: No feasible solution found (infeas = 1)
[3479 sec, 1225486 itr]: No feasible solution found (infeas = 1)
[3480 sec, 1226113 itr]: No feasible solution found (infeas = 1)
[3481 sec, 1226442 itr]: No feasible solution found (infeas = 1)
[3482 sec, 1226790 itr]: No feasible solution found (infeas = 1)
[3483 sec, 1227141 itr]: No feasible solution found (infeas = 1)
[3484 sec, 1227481 itr]: No feasible solution found (infeas = 1)
[3485 sec, 1227805 itr]: No feasible solution found (infeas = 1)
[3486 sec, 1227805 itr]: No feasible solution found (infeas = 1)
[3487 sec, 1228508 itr]: No feasible solution found (infeas = 1)
[3488 sec, 1228874 itr]: No feasible solution found (infeas = 1)
[3489 sec, 1229196 itr]: No feasible solution found (infeas = 1)
[3490 sec, 1229547 itr]: No feasible solution found (infeas = 1)
[3491 sec, 1229547 itr]: No feasible solution found (infeas = 1)
[3492 sec, 1230250 itr]: No feasible solution found (infeas = 1)
[3493 sec, 1230250 itr]: No feasible solution found (infeas = 1)
[3494 sec, 1230596 itr]: No feasible solution found (infeas = 1)
[3495 sec, 1230983 itr]: No feasible solution found (infeas = 1)
[3496 sec, 1231628 itr]: No feasible solution found (infeas = 1)
[3497 sec, 1231959 itr]: No feasible solution found (infeas = 1)
[3498 sec, 1232298 itr]: No feasible solution found (infeas = 1)
[3499 sec, 1232638 itr]: No feasible solution found (infeas = 1)
[3500 sec, 1233001 itr]: No feasible solution found (infeas = 1)
[3501 sec, 1233357 itr]: No feasible solution found (infeas = 1)
[3502 sec, 1233357 itr]: No feasible solution found (infeas = 1)
[3503 sec, 1233989 itr]: No feasible solution found (infeas = 1)
[3504 sec, 1234328 itr]: No feasible solution found (infeas = 1)
[3505 sec, 1234647 itr]: No feasible solution found (infeas = 1)
[3506 sec, 1234984 itr]: No feasible solution found (infeas = 1)
[3507 sec, 1235337 itr]: No feasible solution found (infeas = 1)
[3508 sec, 1235705 itr]: No feasible solution found (infeas = 1)
[3509 sec, 1236054 itr]: No feasible solution found (infeas = 1)
[3510 sec, 1236411 itr]: No feasible solution found (infeas = 1)
[3511 sec, 1236732 itr]: No feasible solution found (infeas = 1)
[3512 sec, 1237052 itr]: No feasible solution found (infeas = 1)
[3513 sec, 1237371 itr]: No feasible solution found (infeas = 1)
[3514 sec, 1237371 itr]: No feasible solution found (infeas = 1)
[3515 sec, 1238074 itr]: No feasible solution found (infeas = 1)
[3516 sec, 1238396 itr]: No feasible solution found (infeas = 1)
[3517 sec, 1238730 itr]: No feasible solution found (infeas = 1)
[3518 sec, 1239026 itr]: No feasible solution found (infeas = 1)
[3519 sec, 1239353 itr]: No feasible solution found (infeas = 1)
[3520 sec, 1239694 itr]: No feasible solution found (infeas = 1)
[3521 sec, 1240015 itr]: No feasible solution found (infeas = 1)
[3522 sec, 1240354 itr]: No feasible solution found (infeas = 1)
[3523 sec, 1240665 itr]: No feasible solution found (infeas = 1)
[3524 sec, 1241021 itr]: No feasible solution found (infeas = 1)
[3525 sec, 1241340 itr]: No feasible solution found (infeas = 1)
[3526 sec, 1241678 itr]: No feasible solution found (infeas = 1)
[3527 sec, 1242011 itr]: No feasible solution found (infeas = 1)
[3528 sec, 1242352 itr]: No feasible solution found (infeas = 1)
[3529 sec, 1242718 itr]: No feasible solution found (infeas = 1)
[3530 sec, 1243052 itr]: No feasible solution found (infeas = 1)
[3531 sec, 1243396 itr]: No feasible solution found (infeas = 1)
[3532 sec, 1243731 itr]: No feasible solution found (infeas = 1)
[3533 sec, 1244084 itr]: No feasible solution found (infeas = 1)
[3534 sec, 1244426 itr]: No feasible solution found (infeas = 1)
[3535 sec, 1244749 itr]: No feasible solution found (infeas = 1)
[3536 sec, 1245069 itr]: No feasible solution found (infeas = 1)
[3537 sec, 1245405 itr]: No feasible solution found (infeas = 1)
[3538 sec, 1245712 itr]: No feasible solution found (infeas = 1)
[3539 sec, 1245712 itr]: No feasible solution found (infeas = 1)
[3540 sec, 1246399 itr]: No feasible solution found (infeas = 1)
[3541 sec, 1246757 itr]: No feasible solution found (infeas = 1)
[3542 sec, 1247074 itr]: No feasible solution found (infeas = 1)
[3543 sec, 1247074 itr]: No feasible solution found (infeas = 1)
[3544 sec, 1247733 itr]: No feasible solution found (infeas = 1)
[3545 sec, 1248042 itr]: No feasible solution found (infeas = 1)
[3546 sec, 1248393 itr]: No feasible solution found (infeas = 1)
[3547 sec, 1248755 itr]: No feasible solution found (infeas = 1)
[3548 sec, 1249089 itr]: No feasible solution found (infeas = 1)
[3549 sec, 1249089 itr]: No feasible solution found (infeas = 1)
[3550 sec, 1249778 itr]: No feasible solution found (infeas = 1)
[3551 sec, 1249778 itr]: No feasible solution found (infeas = 1)
[3552 sec, 1250523 itr]: No feasible solution found (infeas = 1)
[3553 sec, 1250851 itr]: No feasible solution found (infeas = 1)
[3554 sec, 1251157 itr]: No feasible solution found (infeas = 1)
[3555 sec, 1251502 itr]: No feasible solution found (infeas = 1)
[3556 sec, 1251847 itr]: No feasible solution found (infeas = 1)
[3557 sec, 1251847 itr]: No feasible solution found (infeas = 1)
[3558 sec, 1252520 itr]: No feasible solution found (infeas = 1)
[3559 sec, 1252876 itr]: No feasible solution found (infeas = 1)
[3560 sec, 1253223 itr]: No feasible solution found (infeas = 1)
[3561 sec, 1253541 itr]: No feasible solution found (infeas = 1)
[3562 sec, 1253873 itr]: No feasible solution found (infeas = 1)
[3563 sec, 1254203 itr]: No feasible solution found (infeas = 1)
[3564 sec, 1254569 itr]: No feasible solution found (infeas = 1)
[3565 sec, 1254569 itr]: No feasible solution found (infeas = 1)
[3566 sec, 1255232 itr]: No feasible solution found (infeas = 1)
[3567 sec, 1255583 itr]: No feasible solution found (infeas = 1)
[3568 sec, 1255898 itr]: No feasible solution found (infeas = 1)
[3569 sec, 1256229 itr]: No feasible solution found (infeas = 1)
[3570 sec, 1256573 itr]: No feasible solution found (infeas = 1)
[3571 sec, 1256573 itr]: No feasible solution found (infeas = 1)
[3572 sec, 1257155 itr]: No feasible solution found (infeas = 1)
[3573 sec, 1257477 itr]: No feasible solution found (infeas = 1)
[3574 sec, 1257777 itr]: No feasible solution found (infeas = 1)
[3575 sec, 1258084 itr]: No feasible solution found (infeas = 1)
[3576 sec, 1258426 itr]: No feasible solution found (infeas = 1)
[3577 sec, 1258698 itr]: No feasible solution found (infeas = 1)
[3578 sec, 1258995 itr]: No feasible solution found (infeas = 1)
[3579 sec, 1259309 itr]: No feasible solution found (infeas = 1)
[3580 sec, 1259592 itr]: No feasible solution found (infeas = 1)
[3581 sec, 1259930 itr]: No feasible solution found (infeas = 1)
[3582 sec, 1260266 itr]: No feasible solution found (infeas = 1)
[3583 sec, 1260569 itr]: No feasible solution found (infeas = 1)
[3584 sec, 1260569 itr]: No feasible solution found (infeas = 1)
[3585 sec, 1261212 itr]: No feasible solution found (infeas = 1)
[3586 sec, 1261542 itr]: No feasible solution found (infeas = 1)
[3587 sec, 1261542 itr]: No feasible solution found (infeas = 1)
[3588 sec, 1262183 itr]: No feasible solution found (infeas = 1)
[3589 sec, 1262528 itr]: No feasible solution found (infeas = 1)
[3590 sec, 1262890 itr]: No feasible solution found (infeas = 1)
[3591 sec, 1263246 itr]: No feasible solution found (infeas = 1)
[3592 sec, 1263557 itr]: No feasible solution found (infeas = 1)
[3593 sec, 1263877 itr]: No feasible solution found (infeas = 1)
[3594 sec, 1264210 itr]: No feasible solution found (infeas = 1)
[3595 sec, 1264210 itr]: No feasible solution found (infeas = 1)
[3596 sec, 1264828 itr]: No feasible solution found (infeas = 1)
[3597 sec, 1265180 itr]: No feasible solution found (infeas = 1)
[3598 sec, 1265484 itr]: No feasible solution found (infeas = 1)
[3599 sec, 1265841 itr]: No feasible solution found (infeas = 1)
[3600 sec, 1266195 itr]: No feasible solution found (infeas = 1)
[3600 sec, 1266195 itr]: No feasible solution found (infeas = 1)

1266195 iterations performed in 3600 seconds

Infeasible solution: 
No feasible solution found (infeas = 1)


Main violated expressions:
  constraint float#6837(0, 1000) >= sum(sum(float#6850(0, 1000), 10), 32.02) - prod(1114, 1 - bool#4649())
Model failed (status HxSolutionStatus.INFEASIBLE)
  objective value = 2395.512633540759
  status = HxSolutionStatus.INFEASIBLE, iterations = 1266195, time = 3600.00s, gap = inf%

[24/09/2025 02:35:54] Writing results to CSV: /dados/rmelo/PDPTW-SE/benchmark_multi_floor_v3/official_experiments/mip_hexaly/set_02_pt_02/logs/form_melo_hx/outputs/csvresults_form_melo_hx.csv
