alpha;avrg_machines_travel_time_no_vehicle;avrg_machines_travel_time_only_with_vehicle;avrg_machines_travel_time_with_vehicle;avrg_vehicles_waiting_time_for_a_machine_travel;avrg_vehicles_waiting_time_for_a_service;countImprovements;csvfilename;cutoff;cutoffmachs;depot_begin;depot_end;elevator;epsilon;epsilonCap;feasible;first_delivery;first_pickup;fullname;genconfigfile;genconfigfilename;grbFilename;greedy_service_order;group;gurobiCuts;infeasibleSol;initial_station;instPath;iteration;iterationToBest;largestUpdateOffset;lastSGreedySolValue;last_delivery;last_pickup;lmnsAcceptanceCriteria;lmnsGapToBiggerDestruction;lmnsGapToSmallerDestruction;lmnsMIPFocus;lmnsMetropolisTemp;lmnsRepairTime;lmnsReqRApplyMIPStart;lmnsSimulatedAnnealingCool;lmnsSimulatedAnnealingTemp;lmnsWeightShawDemandSim;lmnsWeightShawDistProx;lmnsWeightShawEarlProx;lmnsWeightShawSameRoute;lmnsa;lmnsr;lpImpr;lpRuns;make_instance_feasible;max_Q;max_completion_time;max_d;max_max_load_all_vehicles;max_q;max_s;maxiter;maxnodes;maxtime;meanLPImprPercentage;mean_completion_time;mean_max_load_all_vehicles;methodCode;methodType;min_completion_time;min_max_load_all_vehicles;mipPresolve;mipmaxtime;mslpa;mslpr;n;n_machines_used;n_vehicles_used;name;num_machs;output;outputFlagGrbLMNS;outputFlagGrbMIP;outputFlagGrbMSLP;percentageInfeasibleSol;percentageLPImpr;printsol;seed;solfilename;solver;solverMethod;startTime;suff_csv;suff_outputs;sumLPImprPercentage;threads;timeToBest;timelineFilename;totalTimeElapsed;type;typeUserCut;value;warmStart
0.15;0.0;0.12;0.12;0.0;0.0;5;/dados/rmelo/PDPTW-SE/benchmark_multi_island_v5/official_experiments/multistartlp/preliminar/set_01_pt_04/logs/heur_mslp/outputs/csvresults_heur_mslp_bash_3.csv;0;3;1;18;0;0.0;0.5;true;10;2;lr109_t1_08R_08V_02I_03M;/dados/rmelo/PDPTW-SE/benchmark_multi_island_v5/official_experiments/multistartlp/preliminar/set_01_pt_04/configs/genconfig_mslp.conf;genconfig_mslp;/dados/rmelo/PDPTW-SE/benchmark_multi_island_v5/official_experiments/multistartlp/preliminar/set_01_pt_04/logs/heur_mslp/gurobi/08R_08V_02I_03M/lr109_grb_genconfig_mslp_seed_94_alpha_15p.log;random;08R_08V_02I_03M;1;0;1;/dados/rmelo/PDPTW-SE/benchmark_multi_island_v5/official_experiments/multistartlp/preliminar/set_01_pt_04/../../../../instances/orig_ams_fg/08R_08V_02I_04M/t1/lr109/;60000;17;0;709.2;17;9;H;50;95;0;100.0;30.0;true;0.95;100.0;1.0;1.0;1.0;1.0;60;M;60000;60000;false;52;0.91;79.5;0.6;26;10;1000000;-1;3600;9.59;0.77;0.49;mslp;heur;0.59;0.35;-1;3600;60000;I;8;0.67;0.38;lr109;0;/dados/rmelo/PDPTW-SE/benchmark_multi_island_v5/official_experiments/multistartlp/preliminar/set_01_pt_04/logs;0;0;0;0.0;100.0;1;94;/dados/rmelo/PDPTW-SE/benchmark_multi_island_v5/official_experiments/multistartlp/preliminar/set_01_pt_04/logs/heur_mslp/solutions/08R_08V_02I_03M/lr109_sol_genconfig_mslp_seed_94_alpha_15p.txt;Gurobi;AUTOMATIC;17.39;_bash_3;_seed_94_alpha_15p;5753.86;1;0.34;/dados/rmelo/PDPTW-SE/benchmark_multi_island_v5/official_experiments/multistartlp/preliminar/set_01_pt_04/logs/heur_mslp/timelines/08R_08V_02I_03M/lr109_timeline_genconfig_mslp_seed_94_alpha_15p.txt;104.66;t1;0;533.17;false
0.15;0.01;0.03;0.04;0.0;0.0;9;/dados/rmelo/PDPTW-SE/benchmark_multi_island_v5/official_experiments/multistartlp/preliminar/set_01_pt_04/logs/heur_mslp/outputs/csvresults_heur_mslp_bash_3.csv;0;3;1;18;0;0.0;0.5;true;10;2;lr209_t2_08R_08V_02I_03M;/dados/rmelo/PDPTW-SE/benchmark_multi_island_v5/official_experiments/multistartlp/preliminar/set_01_pt_04/configs/genconfig_mslp.conf;genconfig_mslp;/dados/rmelo/PDPTW-SE/benchmark_multi_island_v5/official_experiments/multistartlp/preliminar/set_01_pt_04/logs/heur_mslp/gurobi/08R_08V_02I_03M/lr209_grb_genconfig_mslp_seed_94_alpha_15p.log;random;08R_08V_02I_03M;1;0;1;/dados/rmelo/PDPTW-SE/benchmark_multi_island_v5/official_experiments/multistartlp/preliminar/set_01_pt_04/../../../../instances/orig_ams_fg/08R_08V_02I_04M/t2/lr209/;60000;5212;0;1223.29;17;9;H;50;95;0;100.0;30.0;true;0.95;100.0;1.0;1.0;1.0;1.0;60;M;58565;60000;false;46;0.57;79.13;0.82;23;10;1000000;-1;3600;21.27;0.57;0.82;mslp;heur;0.57;0.82;-1;3600;60000;I;8;0.67;0.12;lr209;0;/dados/rmelo/PDPTW-SE/benchmark_multi_island_v5/official_experiments/multistartlp/preliminar/set_01_pt_04/logs;0;0;0;0.0;97.61;1;94;/dados/rmelo/PDPTW-SE/benchmark_multi_island_v5/official_experiments/multistartlp/preliminar/set_01_pt_04/logs/heur_mslp/solutions/08R_08V_02I_03M/lr209_sol_genconfig_mslp_seed_94_alpha_15p.txt;Gurobi;AUTOMATIC;21.04;_bash_3;_seed_94_alpha_15p;12761.43;1;12.24;/dados/rmelo/PDPTW-SE/benchmark_multi_island_v5/official_experiments/multistartlp/preliminar/set_01_pt_04/logs/heur_mslp/timelines/08R_08V_02I_03M/lr209_timeline_genconfig_mslp_seed_94_alpha_15p.txt;145.1;t2;0;573.85;false
0.15;0.1;0.28;0.38;0.0;0.0;7;/dados/rmelo/PDPTW-SE/benchmark_multi_island_v5/official_experiments/multistartlp/preliminar/set_01_pt_04/logs/heur_mslp/outputs/csvresults_heur_mslp_bash_3.csv;0;3;1;18;0;0.0;0.5;true;10;2;lr110_t1_08R_08V_04I_03M;/dados/rmelo/PDPTW-SE/benchmark_multi_island_v5/official_experiments/multistartlp/preliminar/set_01_pt_04/configs/genconfig_mslp.conf;genconfig_mslp;/dados/rmelo/PDPTW-SE/benchmark_multi_island_v5/official_experiments/multistartlp/preliminar/set_01_pt_04/logs/heur_mslp/gurobi/08R_08V_04I_03M/lr110_grb_genconfig_mslp_seed_94_alpha_15p.log;random;08R_08V_04I_03M;1;24388;1;/dados/rmelo/PDPTW-SE/benchmark_multi_island_v5/official_experiments/multistartlp/preliminar/set_01_pt_04/../../../../instances/orig_ams_fg/08R_08V_04I_04M/t1/lr110/;60000;519;0;858.87;17;9;H;50;95;0;100.0;30.0;true;0.95;100.0;1.0;1.0;1.0;1.0;60;M;35612;35612;false;52;0.89;73.43;0.82;26;10;1000000;-1;3600;11.74;0.58;0.53;mslp;heur;0.35;0.12;-1;3600;60000;I;8;1.0;0.62;lr110;0;/dados/rmelo/PDPTW-SE/benchmark_multi_island_v5/official_experiments/multistartlp/preliminar/set_01_pt_04/logs;0;0;0;40.65;100.0;1;94;/dados/rmelo/PDPTW-SE/benchmark_multi_island_v5/official_experiments/multistartlp/preliminar/set_01_pt_04/logs/heur_mslp/solutions/08R_08V_04I_03M/lr110_sol_genconfig_mslp_seed_94_alpha_15p.txt;Gurobi;AUTOMATIC;21.5;_bash_3;_seed_94_alpha_15p;4181.63;1;1.14;/dados/rmelo/PDPTW-SE/benchmark_multi_island_v5/official_experiments/multistartlp/preliminar/set_01_pt_04/logs/heur_mslp/timelines/08R_08V_04I_03M/lr110_timeline_genconfig_mslp_seed_94_alpha_15p.txt;95.92;t1;0;672.2;false
0.15;0.01;0.05;0.07;0.0;0.0;15;/dados/rmelo/PDPTW-SE/benchmark_multi_island_v5/official_experiments/multistartlp/preliminar/set_01_pt_04/logs/heur_mslp/outputs/csvresults_heur_mslp_bash_3.csv;0;3;1;18;0;0.0;0.5;true;10;2;lr209_t2_08R_08V_04I_03M;/dados/rmelo/PDPTW-SE/benchmark_multi_island_v5/official_experiments/multistartlp/preliminar/set_01_pt_04/configs/genconfig_mslp.conf;genconfig_mslp;/dados/rmelo/PDPTW-SE/benchmark_multi_island_v5/official_experiments/multistartlp/preliminar/set_01_pt_04/logs/heur_mslp/gurobi/08R_08V_04I_03M/lr209_grb_genconfig_mslp_seed_94_alpha_15p.log;random;08R_08V_04I_03M;1;0;1;/dados/rmelo/PDPTW-SE/benchmark_multi_island_v5/official_experiments/multistartlp/preliminar/set_01_pt_04/../../../../instances/orig_ams_fg/08R_08V_04I_04M/t2/lr209/;60000;35298;0;1333.35;17;9;H;50;95;0;100.0;30.0;true;0.95;100.0;1.0;1.0;1.0;1.0;60;M;59320;60000;false;46;0.56;81.38;0.93;23;10;1000000;-1;3600;22.47;0.31;0.77;mslp;heur;0.07;0.61;-1;3600;60000;I;8;1.0;0.25;lr209;0;/dados/rmelo/PDPTW-SE/benchmark_multi_island_v5/official_experiments/multistartlp/preliminar/set_01_pt_04/logs;0;0;0;0.0;98.87;1;94;/dados/rmelo/PDPTW-SE/benchmark_multi_island_v5/official_experiments/multistartlp/preliminar/set_01_pt_04/logs/heur_mslp/solutions/08R_08V_04I_03M/lr209_sol_genconfig_mslp_seed_94_alpha_15p.txt;Gurobi;AUTOMATIC;21.94;_bash_3;_seed_94_alpha_15p;13481.05;1;118.03;/dados/rmelo/PDPTW-SE/benchmark_multi_island_v5/official_experiments/multistartlp/preliminar/set_01_pt_04/logs/heur_mslp/timelines/08R_08V_04I_03M/lr209_timeline_genconfig_mslp_seed_94_alpha_15p.txt;203.16;t2;0;626.65;false
0.15;0.0;0.07;0.07;0.0;0.0;7;/dados/rmelo/PDPTW-SE/benchmark_multi_island_v5/official_experiments/multistartlp/preliminar/set_01_pt_04/logs/heur_mslp/outputs/csvresults_heur_mslp_bash_3.csv;0;3;1;26;0;0.0;0.5;true;14;2;lr109_t1_12R_12V_02I_03M;/dados/rmelo/PDPTW-SE/benchmark_multi_island_v5/official_experiments/multistartlp/preliminar/set_01_pt_04/configs/genconfig_mslp.conf;genconfig_mslp;/dados/rmelo/PDPTW-SE/benchmark_multi_island_v5/official_experiments/multistartlp/preliminar/set_01_pt_04/logs/heur_mslp/gurobi/12R_12V_02I_03M/lr109_grb_genconfig_mslp_seed_94_alpha_15p.log;random;12R_12V_02I_03M;1;0;1;/dados/rmelo/PDPTW-SE/benchmark_multi_island_v5/official_experiments/multistartlp/preliminar/set_01_pt_04/../../../../instances/orig_ams_fg/12R_12V_02I_04M/t1/lr109/;60000;996;0;1098.42;25;13;H;50;95;0;100.0;30.0;true;0.95;100.0;1.0;1.0;1.0;1.0;60;M;60000;60000;false;58;0.83;96.56;0.98;29;10;1000000;-1;3600;8.8;0.79;0.59;mslp;heur;0.73;0.21;-1;3600;60000;I;12;0.67;0.33;lr109;0;/dados/rmelo/PDPTW-SE/benchmark_multi_island_v5/official_experiments/multistartlp/preliminar/set_01_pt_04/logs;0;0;0;0.0;100.0;1;94;/dados/rmelo/PDPTW-SE/benchmark_multi_island_v5/official_experiments/multistartlp/preliminar/set_01_pt_04/logs/heur_mslp/solutions/12R_12V_02I_03M/lr109_sol_genconfig_mslp_seed_94_alpha_15p.txt;Gurobi;AUTOMATIC;22.04;_bash_3;_seed_94_alpha_15p;5277.42;1;3.06;/dados/rmelo/PDPTW-SE/benchmark_multi_island_v5/official_experiments/multistartlp/preliminar/set_01_pt_04/logs/heur_mslp/timelines/12R_12V_02I_03M/lr109_timeline_genconfig_mslp_seed_94_alpha_15p.txt;136.99;t1;0;722.63;false
0.15;0.0;0.02;0.02;0.0;0.0;8;/dados/rmelo/PDPTW-SE/benchmark_multi_island_v5/official_experiments/multistartlp/preliminar/set_01_pt_04/logs/heur_mslp/outputs/csvresults_heur_mslp_bash_3.csv;0;3;1;26;0;0.0;0.5;true;14;2;lr208_t2_12R_12V_02I_03M;/dados/rmelo/PDPTW-SE/benchmark_multi_island_v5/official_experiments/multistartlp/preliminar/set_01_pt_04/configs/genconfig_mslp.conf;genconfig_mslp;/dados/rmelo/PDPTW-SE/benchmark_multi_island_v5/official_experiments/multistartlp/preliminar/set_01_pt_04/logs/heur_mslp/gurobi/12R_12V_02I_03M/lr208_grb_genconfig_mslp_seed_94_alpha_15p.log;random;12R_12V_02I_03M;1;0;1;/dados/rmelo/PDPTW-SE/benchmark_multi_island_v5/official_experiments/multistartlp/preliminar/set_01_pt_04/../../../../instances/orig_ams_fg/12R_12V_02I_04M/t2/lr208/;60000;58868;0;1149.75;25;13;H;50;95;0;100.0;30.0;true;0.95;100.0;1.0;1.0;1.0;1.0;60;M;51607;60000;false;58;0.77;114.02;1.0;29;10;1000000;-1;3600;6.18;0.77;1.0;mslp;heur;0.77;1.0;-1;3600;60000;I;12;0.67;0.08;lr208;0;/dados/rmelo/PDPTW-SE/benchmark_multi_island_v5/official_experiments/multistartlp/preliminar/set_01_pt_04/logs;0;0;0;0.0;86.01;1;94;/dados/rmelo/PDPTW-SE/benchmark_multi_island_v5/official_experiments/multistartlp/preliminar/set_01_pt_04/logs/heur_mslp/solutions/12R_12V_02I_03M/lr208_sol_genconfig_mslp_seed_94_alpha_15p.txt;Gurobi;AUTOMATIC;21.55;_bash_3;_seed_94_alpha_15p;3710.04;1;309.85;/dados/rmelo/PDPTW-SE/benchmark_multi_island_v5/official_experiments/multistartlp/preliminar/set_01_pt_04/logs/heur_mslp/timelines/12R_12V_02I_03M/lr208_timeline_genconfig_mslp_seed_94_alpha_15p.txt;315.93;t2;0;765.46;false
0.15;0.14;0.26;0.4;0.0;0.0;10;/dados/rmelo/PDPTW-SE/benchmark_multi_island_v5/official_experiments/multistartlp/preliminar/set_01_pt_04/logs/heur_mslp/outputs/csvresults_heur_mslp_bash_3.csv;0;3;1;26;0;0.0;0.5;true;14;2;lr110_t1_12R_12V_04I_03M;/dados/rmelo/PDPTW-SE/benchmark_multi_island_v5/official_experiments/multistartlp/preliminar/set_01_pt_04/configs/genconfig_mslp.conf;genconfig_mslp;/dados/rmelo/PDPTW-SE/benchmark_multi_island_v5/official_experiments/multistartlp/preliminar/set_01_pt_04/logs/heur_mslp/gurobi/12R_12V_04I_03M/lr110_grb_genconfig_mslp_seed_94_alpha_15p.log;random;12R_12V_04I_03M;1;13012;1;/dados/rmelo/PDPTW-SE/benchmark_multi_island_v5/official_experiments/multistartlp/preliminar/set_01_pt_04/../../../../instances/orig_ams_fg/12R_12V_04I_04M/t1/lr110/;60000;2894;0;971.01;25;13;H;50;95;0;100.0;30.0;true;0.95;100.0;1.0;1.0;1.0;1.0;60;M;46988;46988;false;52;0.72;75.02;0.6;26;10;1000000;-1;3600;13.59;0.57;0.39;mslp;heur;0.37;0.1;-1;3600;60000;I;12;1.0;0.5;lr110;0;/dados/rmelo/PDPTW-SE/benchmark_multi_island_v5/official_experiments/multistartlp/preliminar/set_01_pt_04/logs;0;0;0;21.69;100.0;1;94;/dados/rmelo/PDPTW-SE/benchmark_multi_island_v5/official_experiments/multistartlp/preliminar/set_01_pt_04/logs/heur_mslp/solutions/12R_12V_04I_03M/lr110_sol_genconfig_mslp_seed_94_alpha_15p.txt;Gurobi;AUTOMATIC;22.22;_bash_3;_seed_94_alpha_15p;6386.21;1;8.43;/dados/rmelo/PDPTW-SE/benchmark_multi_island_v5/official_experiments/multistartlp/preliminar/set_01_pt_04/logs/heur_mslp/timelines/12R_12V_04I_03M/lr110_timeline_genconfig_mslp_seed_94_alpha_15p.txt;160.31;t1;0;786.88;false
0.15;0.03;0.06;0.09;0.0;0.0;11;/dados/rmelo/PDPTW-SE/benchmark_multi_island_v5/official_experiments/multistartlp/preliminar/set_01_pt_04/logs/heur_mslp/outputs/csvresults_heur_mslp_bash_3.csv;0;3;1;26;0;0.0;0.5;true;14;2;lr207_t2_12R_12V_04I_03M;/dados/rmelo/PDPTW-SE/benchmark_multi_island_v5/official_experiments/multistartlp/preliminar/set_01_pt_04/configs/genconfig_mslp.conf;genconfig_mslp;/dados/rmelo/PDPTW-SE/benchmark_multi_island_v5/official_experiments/multistartlp/preliminar/set_01_pt_04/logs/heur_mslp/gurobi/12R_12V_04I_03M/lr207_grb_genconfig_mslp_seed_94_alpha_15p.log;random;12R_12V_04I_03M;1;0;1;/dados/rmelo/PDPTW-SE/benchmark_multi_island_v5/official_experiments/multistartlp/preliminar/set_01_pt_04/../../../../instances/orig_ams_fg/12R_12V_04I_04M/t2/lr207/;60000;35928;0;1389.55;25;13;H;50;95;0;100.0;30.0;true;0.95;100.0;1.0;1.0;1.0;1.0;60;M;59979;60000;false;40;0.89;90.05;0.97;20;10;1000000;-1;3600;14.47;0.89;0.97;mslp;heur;0.89;0.97;-1;3600;60000;I;12;1.0;0.08;lr207;0;/dados/rmelo/PDPTW-SE/benchmark_multi_island_v5/official_experiments/multistartlp/preliminar/set_01_pt_04/logs;0;0;0;0.0;99.96;1;94;/dados/rmelo/PDPTW-SE/benchmark_multi_island_v5/official_experiments/multistartlp/preliminar/set_01_pt_04/logs/heur_mslp/solutions/12R_12V_04I_03M/lr207_sol_genconfig_mslp_seed_94_alpha_15p.txt;Gurobi;AUTOMATIC;22.48;_bash_3;_seed_94_alpha_15p;8682.81;1;232.34;/dados/rmelo/PDPTW-SE/benchmark_multi_island_v5/official_experiments/multistartlp/preliminar/set_01_pt_04/logs/heur_mslp/timelines/12R_12V_04I_03M/lr207_timeline_genconfig_mslp_seed_94_alpha_15p.txt;387.47;t2;0;894.82;false
0.15;0.04;0.08;0.12;0.0;0.16;2;/dados/rmelo/PDPTW-SE/benchmark_multi_island_v5/official_experiments/multistartlp/preliminar/set_01_pt_04/logs/heur_mslp/outputs/csvresults_heur_mslp_bash_3.csv;0;5;1;82;0;0.0;0.5;true;42;2;LR1_2_6_t1_40R_40V_02I_05M;/dados/rmelo/PDPTW-SE/benchmark_multi_island_v5/official_experiments/multistartlp/preliminar/set_01_pt_04/configs/genconfig_mslp.conf;genconfig_mslp;/dados/rmelo/PDPTW-SE/benchmark_multi_island_v5/official_experiments/multistartlp/preliminar/set_01_pt_04/logs/heur_mslp/gurobi/40R_40V_02I_05M/LR1_2_6_grb_genconfig_mslp_seed_94_alpha_15p.log;random;40R_40V_02I_05M;1;59995;1;/dados/rmelo/PDPTW-SE/benchmark_multi_island_v5/official_experiments/multistartlp/preliminar/set_01_pt_04/../../../../instances/orig_ams_fg/40R_40V_02I_06M/t1/LR1_2_6/;60000;27605;0;6400.64;81;41;H;50;95;0;100.0;30.0;true;0.95;100.0;1.0;1.0;1.0;1.0;60;M;5;5;false;72;0.97;213.59;0.94;36;10;1000000;-1;3600;4.65;0.68;0.58;mslp;heur;0.3;0.12;-1;3600;60000;I;40;1.0;0.35;LR1_2_6;0;/dados/rmelo/PDPTW-SE/benchmark_multi_island_v5/official_experiments/multistartlp/preliminar/set_01_pt_04/logs;0;0;0;99.99;100.0;1;94;/dados/rmelo/PDPTW-SE/benchmark_multi_island_v5/official_experiments/multistartlp/preliminar/set_01_pt_04/logs/heur_mslp/solutions/40R_40V_02I_05M/LR1_2_6_sol_genconfig_mslp_seed_94_alpha_15p.txt;Gurobi;AUTOMATIC;22.33;_bash_3;_seed_94_alpha_15p;0.23;1;111.59;/dados/rmelo/PDPTW-SE/benchmark_multi_island_v5/official_experiments/multistartlp/preliminar/set_01_pt_04/logs/heur_mslp/timelines/40R_40V_02I_05M/LR1_2_6_timeline_genconfig_mslp_seed_94_alpha_15p.txt;243.03;t1;0;5993.26;false
0.15;0.0;0.02;0.03;0.02;0.11;12;/dados/rmelo/PDPTW-SE/benchmark_multi_island_v5/official_experiments/multistartlp/preliminar/set_01_pt_04/logs/heur_mslp/outputs/csvresults_heur_mslp_bash_3.csv;0;5;1;82;0;0.0;0.5;true;42;2;LR2_2_10_t2_40R_40V_02I_05M;/dados/rmelo/PDPTW-SE/benchmark_multi_island_v5/official_experiments/multistartlp/preliminar/set_01_pt_04/configs/genconfig_mslp.conf;genconfig_mslp;/dados/rmelo/PDPTW-SE/benchmark_multi_island_v5/official_experiments/multistartlp/preliminar/set_01_pt_04/logs/heur_mslp/gurobi/40R_40V_02I_05M/LR2_2_10_grb_genconfig_mslp_seed_94_alpha_15p.log;random;40R_40V_02I_05M;1;0;1;/dados/rmelo/PDPTW-SE/benchmark_multi_island_v5/official_experiments/multistartlp/preliminar/set_01_pt_04/../../../../instances/orig_ams_fg/40R_40V_02I_06M/t2/LR2_2_10/;60000;15414;0;9356.24;81;41;H;50;95;0;100.0;30.0;true;0.95;100.0;1.0;1.0;1.0;1.0;60;M;60000;60000;false;80;0.89;269.32;1.0;40;10;1000000;-1;3600;6.34;0.51;0.82;mslp;heur;0.11;0.25;-1;3600;60000;I;40;0.6;0.12;LR2_2_10;0;/dados/rmelo/PDPTW-SE/benchmark_multi_island_v5/official_experiments/multistartlp/preliminar/set_01_pt_04/logs;0;0;0;0.0;100.0;1;94;/dados/rmelo/PDPTW-SE/benchmark_multi_island_v5/official_experiments/multistartlp/preliminar/set_01_pt_04/logs/heur_mslp/solutions/40R_40V_02I_05M/LR2_2_10_sol_genconfig_mslp_seed_94_alpha_15p.txt;Gurobi;AUTOMATIC;21.98;_bash_3;_seed_94_alpha_15p;3801.4;1;436.28;/dados/rmelo/PDPTW-SE/benchmark_multi_island_v5/official_experiments/multistartlp/preliminar/set_01_pt_04/logs/heur_mslp/timelines/40R_40V_02I_05M/LR2_2_10_timeline_genconfig_mslp_seed_94_alpha_15p.txt;1708.84;t2;0;6438.84;false
0.15;0.09;0.15;0.24;0.0;0.04;9;/dados/rmelo/PDPTW-SE/benchmark_multi_island_v5/official_experiments/multistartlp/preliminar/set_01_pt_04/logs/heur_mslp/outputs/csvresults_heur_mslp_bash_3.csv;0;5;1;82;0;0.0;0.5;true;42;2;LR1_2_10_t1_40R_40V_04I_05M;/dados/rmelo/PDPTW-SE/benchmark_multi_island_v5/official_experiments/multistartlp/preliminar/set_01_pt_04/configs/genconfig_mslp.conf;genconfig_mslp;/dados/rmelo/PDPTW-SE/benchmark_multi_island_v5/official_experiments/multistartlp/preliminar/set_01_pt_04/logs/heur_mslp/gurobi/40R_40V_04I_05M/LR1_2_10_grb_genconfig_mslp_seed_94_alpha_15p.log;random;40R_40V_04I_05M;1;36206;1;/dados/rmelo/PDPTW-SE/benchmark_multi_island_v5/official_experiments/multistartlp/preliminar/set_01_pt_04/../../../../instances/orig_ams_fg/40R_40V_04I_06M/t1/LR1_2_10/;60000;49247;0;5655.95;81;41;H;50;95;0;100.0;30.0;true;0.95;100.0;1.0;1.0;1.0;1.0;60;M;23794;23794;false;72;0.95;175.77;1.0;36;10;1000000;-1;3600;7.21;0.67;0.7;mslp;heur;0.26;0.13;-1;3600;60000;I;40;1.0;0.25;LR1_2_10;0;/dados/rmelo/PDPTW-SE/benchmark_multi_island_v5/official_experiments/multistartlp/preliminar/set_01_pt_04/logs;0;0;0;60.34;100.0;1;94;/dados/rmelo/PDPTW-SE/benchmark_multi_island_v5/official_experiments/multistartlp/preliminar/set_01_pt_04/logs/heur_mslp/solutions/40R_40V_04I_05M/LR1_2_10_sol_genconfig_mslp_seed_94_alpha_15p.txt;Gurobi;AUTOMATIC;22.63;_bash_3;_seed_94_alpha_15p;1714.68;1;742.12;/dados/rmelo/PDPTW-SE/benchmark_multi_island_v5/official_experiments/multistartlp/preliminar/set_01_pt_04/logs/heur_mslp/timelines/40R_40V_04I_05M/LR1_2_10_timeline_genconfig_mslp_seed_94_alpha_15p.txt;903.06;t1;0;4226.39;false
0.15;0.04;0.08;0.12;0.0;0.02;4;/dados/rmelo/PDPTW-SE/benchmark_multi_island_v5/official_experiments/multistartlp/preliminar/set_01_pt_04/logs/heur_mslp/outputs/csvresults_heur_mslp_bash_3.csv;0;5;1;82;0;0.0;0.5;true;42;2;LR2_2_7_t2_40R_40V_04I_05M;/dados/rmelo/PDPTW-SE/benchmark_multi_island_v5/official_experiments/multistartlp/preliminar/set_01_pt_04/configs/genconfig_mslp.conf;genconfig_mslp;/dados/rmelo/PDPTW-SE/benchmark_multi_island_v5/official_experiments/multistartlp/preliminar/set_01_pt_04/logs/heur_mslp/gurobi/40R_40V_04I_05M/LR2_2_7_grb_genconfig_mslp_seed_94_alpha_15p.log;random;40R_40V_04I_05M;1;0;1;/dados/rmelo/PDPTW-SE/benchmark_multi_island_v5/official_experiments/multistartlp/preliminar/set_01_pt_04/../../../../instances/orig_ams_fg/40R_40V_04I_06M/t2/LR2_2_7/;45710;13050;0;7128.84;81;41;H;50;95;0;100.0;30.0;true;0.95;100.0;1.0;1.0;1.0;1.0;60;M;45708;45710;false;78;0.81;188.0;0.98;39;10;1000000;-1;3600;2.48;0.69;0.95;mslp;heur;0.55;0.92;-1;3600;60000;I;40;1.0;0.08;LR2_2_7;0;/dados/rmelo/PDPTW-SE/benchmark_multi_island_v5/official_experiments/multistartlp/preliminar/set_01_pt_04/logs;0;0;0;0.0;100.0;1;94;/dados/rmelo/PDPTW-SE/benchmark_multi_island_v5/official_experiments/multistartlp/preliminar/set_01_pt_04/logs/heur_mslp/solutions/40R_40V_04I_05M/LR2_2_7_sol_genconfig_mslp_seed_94_alpha_15p.txt;Gurobi;AUTOMATIC;22.71;_bash_3;_seed_94_alpha_15p;1131.39;1;1003.91;/dados/rmelo/PDPTW-SE/benchmark_multi_island_v5/official_experiments/multistartlp/preliminar/set_01_pt_04/logs/heur_mslp/timelines/40R_40V_04I_05M/LR2_2_7_timeline_genconfig_mslp_seed_94_alpha_15p.txt;3600.05;t2;0;5278.29;false
0.15;0.03;0.06;0.09;0.01;0.19;0;/dados/rmelo/PDPTW-SE/benchmark_multi_island_v5/official_experiments/multistartlp/preliminar/set_01_pt_04/logs/heur_mslp/outputs/csvresults_heur_mslp_bash_3.csv;0;5;1;122;0;0.0;0.5;false;62;2;LR1_2_6_t1_60R_60V_02I_05M;/dados/rmelo/PDPTW-SE/benchmark_multi_island_v5/official_experiments/multistartlp/preliminar/set_01_pt_04/configs/genconfig_mslp.conf;genconfig_mslp;/dados/rmelo/PDPTW-SE/benchmark_multi_island_v5/official_experiments/multistartlp/preliminar/set_01_pt_04/logs/heur_mslp/gurobi/60R_60V_02I_05M/LR1_2_6_grb_genconfig_mslp_seed_94_alpha_15p.log;random;60R_60V_02I_05M;1;60000;1;/dados/rmelo/PDPTW-SE/benchmark_multi_island_v5/official_experiments/multistartlp/preliminar/set_01_pt_04/../../../../instances/orig_ams_fg/60R_60V_02I_06M/t1/LR1_2_6/;60000;0;0;0.0;121;61;H;50;95;0;100.0;30.0;true;0.95;100.0;1.0;1.0;1.0;1.0;60;M;0;0;false;82;0.96;277.16;0.61;41;10;1000000;-1;3600;0.0;0.63;0.32;mslp;heur;0.45;0.01;-1;3600;60000;I;60;1.0;0.22;LR1_2_6;0;/dados/rmelo/PDPTW-SE/benchmark_multi_island_v5/official_experiments/multistartlp/preliminar/set_01_pt_04/logs;0;0;0;100.0;0.0;1;94;/dados/rmelo/PDPTW-SE/benchmark_multi_island_v5/official_experiments/multistartlp/preliminar/set_01_pt_04/logs/heur_mslp/solutions/60R_60V_02I_05M/LR1_2_6_sol_genconfig_mslp_seed_94_alpha_15p.txt;Gurobi;AUTOMATIC;22.33;_bash_3;_seed_94_alpha_15p;0.0;1;0.0;/dados/rmelo/PDPTW-SE/benchmark_multi_island_v5/official_experiments/multistartlp/preliminar/set_01_pt_04/logs/heur_mslp/timelines/60R_60V_02I_05M/LR1_2_6_timeline_genconfig_mslp_seed_94_alpha_15p.txt;260.71;t1;0;Inf;false
0.15;0.01;0.01;0.02;0.0;0.0;6;/dados/rmelo/PDPTW-SE/benchmark_multi_island_v5/official_experiments/multistartlp/preliminar/set_01_pt_04/logs/heur_mslp/outputs/csvresults_heur_mslp_bash_3.csv;0;5;1;122;0;0.0;0.5;true;62;2;LR2_2_8_t2_60R_60V_02I_05M;/dados/rmelo/PDPTW-SE/benchmark_multi_island_v5/official_experiments/multistartlp/preliminar/set_01_pt_04/configs/genconfig_mslp.conf;genconfig_mslp;/dados/rmelo/PDPTW-SE/benchmark_multi_island_v5/official_experiments/multistartlp/preliminar/set_01_pt_04/logs/heur_mslp/gurobi/60R_60V_02I_05M/LR2_2_8_grb_genconfig_mslp_seed_94_alpha_15p.log;random;60R_60V_02I_05M;1;0;1;/dados/rmelo/PDPTW-SE/benchmark_multi_island_v5/official_experiments/multistartlp/preliminar/set_01_pt_04/../../../../instances/orig_ams_fg/60R_60V_02I_06M/t2/LR2_2_8/;27312;13511;0;9054.65;121;61;H;50;95;0;100.0;30.0;true;0.95;100.0;1.0;1.0;1.0;1.0;60;M;27191;27312;false;80;0.99;227.5;1.0;40;10;1000000;-1;3600;1.56;0.71;0.99;mslp;heur;0.27;0.97;-1;3600;60000;I;60;0.6;0.07;LR2_2_8;0;/dados/rmelo/PDPTW-SE/benchmark_multi_island_v5/official_experiments/multistartlp/preliminar/set_01_pt_04/logs;0;0;0;0.0;99.56;1;94;/dados/rmelo/PDPTW-SE/benchmark_multi_island_v5/official_experiments/multistartlp/preliminar/set_01_pt_04/logs/heur_mslp/solutions/60R_60V_02I_05M/LR2_2_8_sol_genconfig_mslp_seed_94_alpha_15p.txt;Gurobi;AUTOMATIC;22.28;_bash_3;_seed_94_alpha_15p;426.41;1;1793.19;/dados/rmelo/PDPTW-SE/benchmark_multi_island_v5/official_experiments/multistartlp/preliminar/set_01_pt_04/logs/heur_mslp/timelines/60R_60V_02I_05M/LR2_2_8_timeline_genconfig_mslp_seed_94_alpha_15p.txt;3600.11;t2;0;7247.94;false
0.15;0.12;0.17;0.29;0.01;0.09;1;/dados/rmelo/PDPTW-SE/benchmark_multi_island_v5/official_experiments/multistartlp/preliminar/set_01_pt_04/logs/heur_mslp/outputs/csvresults_heur_mslp_bash_3.csv;0;5;1;122;0;0.0;0.5;true;62;2;LR1_2_6_t1_60R_60V_04I_05M;/dados/rmelo/PDPTW-SE/benchmark_multi_island_v5/official_experiments/multistartlp/preliminar/set_01_pt_04/configs/genconfig_mslp.conf;genconfig_mslp;/dados/rmelo/PDPTW-SE/benchmark_multi_island_v5/official_experiments/multistartlp/preliminar/set_01_pt_04/logs/heur_mslp/gurobi/60R_60V_04I_05M/LR1_2_6_grb_genconfig_mslp_seed_94_alpha_15p.log;random;60R_60V_04I_05M;1;59999;1;/dados/rmelo/PDPTW-SE/benchmark_multi_island_v5/official_experiments/multistartlp/preliminar/set_01_pt_04/../../../../instances/orig_ams_fg/60R_60V_04I_06M/t1/LR1_2_6/;60000;1;0;8335.07;121;61;H;50;95;0;100.0;30.0;true;0.95;100.0;1.0;1.0;1.0;1.0;60;M;1;1;false;82;0.93;184.15;0.96;41;10;1000000;-1;3600;5.47;0.57;0.63;mslp;heur;0.25;0.13;-1;3600;60000;I;60;1.0;0.28;LR1_2_6;0;/dados/rmelo/PDPTW-SE/benchmark_multi_island_v5/official_experiments/multistartlp/preliminar/set_01_pt_04/logs;0;0;0;100.0;100.0;1;94;/dados/rmelo/PDPTW-SE/benchmark_multi_island_v5/official_experiments/multistartlp/preliminar/set_01_pt_04/logs/heur_mslp/solutions/60R_60V_04I_05M/LR1_2_6_sol_genconfig_mslp_seed_94_alpha_15p.txt;Gurobi;AUTOMATIC;22.65;_bash_3;_seed_94_alpha_15p;0.05;1;0.07;/dados/rmelo/PDPTW-SE/benchmark_multi_island_v5/official_experiments/multistartlp/preliminar/set_01_pt_04/logs/heur_mslp/timelines/60R_60V_04I_05M/LR1_2_6_timeline_genconfig_mslp_seed_94_alpha_15p.txt;522.21;t1;0;7879.32;false
0.15;0.03;0.05;0.08;0.0;0.0;2;/dados/rmelo/PDPTW-SE/benchmark_multi_island_v5/official_experiments/multistartlp/preliminar/set_01_pt_04/logs/heur_mslp/outputs/csvresults_heur_mslp_bash_3.csv;0;5;1;122;0;0.0;0.5;true;62;2;LR2_2_8_t2_60R_60V_04I_05M;/dados/rmelo/PDPTW-SE/benchmark_multi_island_v5/official_experiments/multistartlp/preliminar/set_01_pt_04/configs/genconfig_mslp.conf;genconfig_mslp;/dados/rmelo/PDPTW-SE/benchmark_multi_island_v5/official_experiments/multistartlp/preliminar/set_01_pt_04/logs/heur_mslp/gurobi/60R_60V_04I_05M/LR2_2_8_grb_genconfig_mslp_seed_94_alpha_15p.log;random;60R_60V_04I_05M;1;0;1;/dados/rmelo/PDPTW-SE/benchmark_multi_island_v5/official_experiments/multistartlp/preliminar/set_01_pt_04/../../../../instances/orig_ams_fg/60R_60V_04I_06M/t2/LR2_2_8/;14586;6954;0;9776.21;121;61;H;50;95;0;100.0;30.0;true;0.95;100.0;1.0;1.0;1.0;1.0;60;M;14528;14586;false;80;0.85;181.1;1.0;40;10;1000000;-1;3600;1.02;0.59;0.93;mslp;heur;0.17;0.81;-1;3600;60000;I;60;1.0;0.08;LR2_2_8;0;/dados/rmelo/PDPTW-SE/benchmark_multi_island_v5/official_experiments/multistartlp/preliminar/set_01_pt_04/logs;0;0;0;0.0;99.6;1;94;/dados/rmelo/PDPTW-SE/benchmark_multi_island_v5/official_experiments/multistartlp/preliminar/set_01_pt_04/logs/heur_mslp/solutions/60R_60V_04I_05M/LR2_2_8_sol_genconfig_mslp_seed_94_alpha_15p.txt;Gurobi;AUTOMATIC;23.48;_bash_3;_seed_94_alpha_15p;149.43;1;1720.33;/dados/rmelo/PDPTW-SE/benchmark_multi_island_v5/official_experiments/multistartlp/preliminar/set_01_pt_04/logs/heur_mslp/timelines/60R_60V_04I_05M/LR2_2_8_timeline_genconfig_mslp_seed_94_alpha_15p.txt;3600.03;t2;0;7492.04;false
0.15;0.0;0.12;0.12;0.0;0.0;3;/dados/rmelo/PDPTW-SE/benchmark_multi_island_v5/official_experiments/multistartlp/preliminar/set_01_pt_04/logs/heur_mslp/outputs/csvresults_heur_mslp_bash_3.csv;0;3;1;18;0;0.0;0.5;true;10;2;lr109_t1_08R_08V_02I_03M;/dados/rmelo/PDPTW-SE/benchmark_multi_island_v5/official_experiments/multistartlp/preliminar/set_01_pt_04/configs/genconfig_mslp.conf;genconfig_mslp;/dados/rmelo/PDPTW-SE/benchmark_multi_island_v5/official_experiments/multistartlp/preliminar/set_01_pt_04/logs/heur_mslp/gurobi/08R_08V_02I_03M/lr109_grb_genconfig_mslp_seed_101_alpha_15p.log;random;08R_08V_02I_03M;1;0;1;/dados/rmelo/PDPTW-SE/benchmark_multi_island_v5/official_experiments/multistartlp/preliminar/set_01_pt_04/../../../../instances/orig_ams_fg/08R_08V_02I_04M/t1/lr109/;60000;66;0;671.7;17;9;H;50;95;0;100.0;30.0;true;0.95;100.0;1.0;1.0;1.0;1.0;60;M;60000;60000;false;52;0.91;79.5;0.5;26;10;1000000;-1;3600;9.58;0.77;0.43;mslp;heur;0.59;0.28;-1;3600;60000;I;8;0.67;0.38;lr109;0;/dados/rmelo/PDPTW-SE/benchmark_multi_island_v5/official_experiments/multistartlp/preliminar/set_01_pt_04/logs;0;0;0;0.0;100.0;1;101;/dados/rmelo/PDPTW-SE/benchmark_multi_island_v5/official_experiments/multistartlp/preliminar/set_01_pt_04/logs/heur_mslp/solutions/08R_08V_02I_03M/lr109_sol_genconfig_mslp_seed_101_alpha_15p.txt;Gurobi;AUTOMATIC;22.33;_bash_3;_seed_101_alpha_15p;5745.57;1;0.49;/dados/rmelo/PDPTW-SE/benchmark_multi_island_v5/official_experiments/multistartlp/preliminar/set_01_pt_04/logs/heur_mslp/timelines/08R_08V_02I_03M/lr109_timeline_genconfig_mslp_seed_101_alpha_15p.txt;124.85;t1;0;533.17;false
0.15;0.0;0.03;0.03;0.0;0.0;10;/dados/rmelo/PDPTW-SE/benchmark_multi_island_v5/official_experiments/multistartlp/preliminar/set_01_pt_04/logs/heur_mslp/outputs/csvresults_heur_mslp_bash_3.csv;0;3;1;18;0;0.0;0.5;true;10;2;lr209_t2_08R_08V_02I_03M;/dados/rmelo/PDPTW-SE/benchmark_multi_island_v5/official_experiments/multistartlp/preliminar/set_01_pt_04/configs/genconfig_mslp.conf;genconfig_mslp;/dados/rmelo/PDPTW-SE/benchmark_multi_island_v5/official_experiments/multistartlp/preliminar/set_01_pt_04/logs/heur_mslp/gurobi/08R_08V_02I_03M/lr209_grb_genconfig_mslp_seed_101_alpha_15p.log;random;08R_08V_02I_03M;1;0;1;/dados/rmelo/PDPTW-SE/benchmark_multi_island_v5/official_experiments/multistartlp/preliminar/set_01_pt_04/../../../../instances/orig_ams_fg/08R_08V_02I_04M/t2/lr209/;60000;49311;0;829.13;17;9;H;50;95;0;100.0;30.0;true;0.95;100.0;1.0;1.0;1.0;1.0;60;M;58682;60000;false;46;0.57;79.13;0.82;23;10;1000000;-1;3600;21.31;0.57;0.82;mslp;heur;0.57;0.82;-1;3600;60000;I;8;0.67;0.12;lr209;0;/dados/rmelo/PDPTW-SE/benchmark_multi_island_v5/official_experiments/multistartlp/preliminar/set_01_pt_04/logs;0;0;0;0.0;97.8;1;101;/dados/rmelo/PDPTW-SE/benchmark_multi_island_v5/official_experiments/multistartlp/preliminar/set_01_pt_04/logs/heur_mslp/solutions/08R_08V_02I_03M/lr209_sol_genconfig_mslp_seed_101_alpha_15p.txt;Gurobi;AUTOMATIC;22.23;_bash_3;_seed_101_alpha_15p;12787.48;1;122.84;/dados/rmelo/PDPTW-SE/benchmark_multi_island_v5/official_experiments/multistartlp/preliminar/set_01_pt_04/logs/heur_mslp/timelines/08R_08V_02I_03M/lr209_timeline_genconfig_mslp_seed_101_alpha_15p.txt;149.84;t2;0;565.91;false
0.15;0.1;0.28;0.38;0.0;0.0;8;/dados/rmelo/PDPTW-SE/benchmark_multi_island_v5/official_experiments/multistartlp/preliminar/set_01_pt_04/logs/heur_mslp/outputs/csvresults_heur_mslp_bash_3.csv;0;3;1;18;0;0.0;0.5;true;10;2;lr110_t1_08R_08V_04I_03M;/dados/rmelo/PDPTW-SE/benchmark_multi_island_v5/official_experiments/multistartlp/preliminar/set_01_pt_04/configs/genconfig_mslp.conf;genconfig_mslp;/dados/rmelo/PDPTW-SE/benchmark_multi_island_v5/official_experiments/multistartlp/preliminar/set_01_pt_04/logs/heur_mslp/gurobi/08R_08V_04I_03M/lr110_grb_genconfig_mslp_seed_101_alpha_15p.log;random;08R_08V_04I_03M;1;24308;1;/dados/rmelo/PDPTW-SE/benchmark_multi_island_v5/official_experiments/multistartlp/preliminar/set_01_pt_04/../../../../instances/orig_ams_fg/08R_08V_04I_04M/t1/lr110/;60000;237;0;878.49;17;9;H;50;95;0;100.0;30.0;true;0.95;100.0;1.0;1.0;1.0;1.0;60;M;35692;35692;false;52;0.89;73.43;0.82;26;10;1000000;-1;3600;11.72;0.58;0.51;mslp;heur;0.35;0.15;-1;3600;60000;I;8;1.0;0.62;lr110;0;/dados/rmelo/PDPTW-SE/benchmark_multi_island_v5/official_experiments/multistartlp/preliminar/set_01_pt_04/logs;0;0;0;40.51;100.0;1;101;/dados/rmelo/PDPTW-SE/benchmark_multi_island_v5/official_experiments/multistartlp/preliminar/set_01_pt_04/logs/heur_mslp/solutions/08R_08V_04I_03M/lr110_sol_genconfig_mslp_seed_101_alpha_15p.txt;Gurobi;AUTOMATIC;22.03;_bash_3;_seed_101_alpha_15p;4183.74;1;0.79;/dados/rmelo/PDPTW-SE/benchmark_multi_island_v5/official_experiments/multistartlp/preliminar/set_01_pt_04/logs/heur_mslp/timelines/08R_08V_04I_03M/lr110_timeline_genconfig_mslp_seed_101_alpha_15p.txt;98.68;t1;0;672.2;false
0.15;0.01;0.05;0.07;0.0;0.0;9;/dados/rmelo/PDPTW-SE/benchmark_multi_island_v5/official_experiments/multistartlp/preliminar/set_01_pt_04/logs/heur_mslp/outputs/csvresults_heur_mslp_bash_3.csv;0;3;1;18;0;0.0;0.5;true;10;2;lr209_t2_08R_08V_04I_03M;/dados/rmelo/PDPTW-SE/benchmark_multi_island_v5/official_experiments/multistartlp/preliminar/set_01_pt_04/configs/genconfig_mslp.conf;genconfig_mslp;/dados/rmelo/PDPTW-SE/benchmark_multi_island_v5/official_experiments/multistartlp/preliminar/set_01_pt_04/logs/heur_mslp/gurobi/08R_08V_04I_03M/lr209_grb_genconfig_mslp_seed_101_alpha_15p.log;random;08R_08V_04I_03M;1;0;1;/dados/rmelo/PDPTW-SE/benchmark_multi_island_v5/official_experiments/multistartlp/preliminar/set_01_pt_04/../../../../instances/orig_ams_fg/08R_08V_04I_04M/t2/lr209/;60000;35060;0;1296.47;17;9;H;50;95;0;100.0;30.0;true;0.95;100.0;1.0;1.0;1.0;1.0;60;M;59335;60000;false;46;0.56;81.38;0.93;23;10;1000000;-1;3600;22.5;0.31;0.77;mslp;heur;0.07;0.61;-1;3600;60000;I;8;1.0;0.25;lr209;0;/dados/rmelo/PDPTW-SE/benchmark_multi_island_v5/official_experiments/multistartlp/preliminar/set_01_pt_04/logs;0;0;0;0.0;98.89;1;101;/dados/rmelo/PDPTW-SE/benchmark_multi_island_v5/official_experiments/multistartlp/preliminar/set_01_pt_04/logs/heur_mslp/solutions/08R_08V_04I_03M/lr209_sol_genconfig_mslp_seed_101_alpha_15p.txt;Gurobi;AUTOMATIC;22.08;_bash_3;_seed_101_alpha_15p;13498.42;1;120.88;/dados/rmelo/PDPTW-SE/benchmark_multi_island_v5/official_experiments/multistartlp/preliminar/set_01_pt_04/logs/heur_mslp/timelines/08R_08V_04I_03M/lr209_timeline_genconfig_mslp_seed_101_alpha_15p.txt;208.5;t2;0;626.42;false
0.15;0.0;0.07;0.07;0.0;0.0;10;/dados/rmelo/PDPTW-SE/benchmark_multi_island_v5/official_experiments/multistartlp/preliminar/set_01_pt_04/logs/heur_mslp/outputs/csvresults_heur_mslp_bash_3.csv;0;3;1;26;0;0.0;0.5;true;14;2;lr109_t1_12R_12V_02I_03M;/dados/rmelo/PDPTW-SE/benchmark_multi_island_v5/official_experiments/multistartlp/preliminar/set_01_pt_04/configs/genconfig_mslp.conf;genconfig_mslp;/dados/rmelo/PDPTW-SE/benchmark_multi_island_v5/official_experiments/multistartlp/preliminar/set_01_pt_04/logs/heur_mslp/gurobi/12R_12V_02I_03M/lr109_grb_genconfig_mslp_seed_101_alpha_15p.log;random;12R_12V_02I_03M;1;0;1;/dados/rmelo/PDPTW-SE/benchmark_multi_island_v5/official_experiments/multistartlp/preliminar/set_01_pt_04/../../../../instances/orig_ams_fg/12R_12V_02I_04M/t1/lr109/;60000;708;0;968.38;25;13;H;50;95;0;100.0;30.0;true;0.95;100.0;1.0;1.0;1.0;1.0;60;M;60000;60000;false;58;0.83;96.56;0.92;29;10;1000000;-1;3600;8.81;0.79;0.65;mslp;heur;0.73;0.32;-1;3600;60000;I;12;0.67;0.33;lr109;0;/dados/rmelo/PDPTW-SE/benchmark_multi_island_v5/official_experiments/multistartlp/preliminar/set_01_pt_04/logs;0;0;0;0.0;100.0;1;101;/dados/rmelo/PDPTW-SE/benchmark_multi_island_v5/official_experiments/multistartlp/preliminar/set_01_pt_04/logs/heur_mslp/solutions/12R_12V_02I_03M/lr109_sol_genconfig_mslp_seed_101_alpha_15p.txt;Gurobi;AUTOMATIC;22.07;_bash_3;_seed_101_alpha_15p;5287.32;1;2.31;/dados/rmelo/PDPTW-SE/benchmark_multi_island_v5/official_experiments/multistartlp/preliminar/set_01_pt_04/logs/heur_mslp/timelines/12R_12V_02I_03M/lr109_timeline_genconfig_mslp_seed_101_alpha_15p.txt;163.21;t1;0;722.63;false
0.15;0.01;0.02;0.02;0.0;0.0;5;/dados/rmelo/PDPTW-SE/benchmark_multi_island_v5/official_experiments/multistartlp/preliminar/set_01_pt_04/logs/heur_mslp/outputs/csvresults_heur_mslp_bash_3.csv;0;3;1;26;0;0.0;0.5;true;14;2;lr208_t2_12R_12V_02I_03M;/dados/rmelo/PDPTW-SE/benchmark_multi_island_v5/official_experiments/multistartlp/preliminar/set_01_pt_04/configs/genconfig_mslp.conf;genconfig_mslp;/dados/rmelo/PDPTW-SE/benchmark_multi_island_v5/official_experiments/multistartlp/preliminar/set_01_pt_04/logs/heur_mslp/gurobi/12R_12V_02I_03M/lr208_grb_genconfig_mslp_seed_101_alpha_15p.log;random;12R_12V_02I_03M;1;0;1;/dados/rmelo/PDPTW-SE/benchmark_multi_island_v5/official_experiments/multistartlp/preliminar/set_01_pt_04/../../../../instances/orig_ams_fg/12R_12V_02I_04M/t2/lr208/;60000;36687;0;1065.52;25;13;H;50;95;0;100.0;30.0;true;0.95;100.0;1.0;1.0;1.0;1.0;60;M;51487;60000;false;58;0.79;114.02;0.97;29;10;1000000;-1;3600;6.19;0.79;0.97;mslp;heur;0.79;0.97;-1;3600;60000;I;12;0.67;0.08;lr208;0;/dados/rmelo/PDPTW-SE/benchmark_multi_island_v5/official_experiments/multistartlp/preliminar/set_01_pt_04/logs;0;0;0;0.0;85.81;1;101;/dados/rmelo/PDPTW-SE/benchmark_multi_island_v5/official_experiments/multistartlp/preliminar/set_01_pt_04/logs/heur_mslp/solutions/12R_12V_02I_03M/lr208_sol_genconfig_mslp_seed_101_alpha_15p.txt;Gurobi;AUTOMATIC;22.52;_bash_3;_seed_101_alpha_15p;3713.73;1;192.65;/dados/rmelo/PDPTW-SE/benchmark_multi_island_v5/official_experiments/multistartlp/preliminar/set_01_pt_04/logs/heur_mslp/timelines/12R_12V_02I_03M/lr208_timeline_genconfig_mslp_seed_101_alpha_15p.txt;316.61;t2;0;786.83;false
0.15;0.14;0.26;0.4;0.0;0.0;10;/dados/rmelo/PDPTW-SE/benchmark_multi_island_v5/official_experiments/multistartlp/preliminar/set_01_pt_04/logs/heur_mslp/outputs/csvresults_heur_mslp_bash_3.csv;0;3;1;26;0;0.0;0.5;true;14;2;lr110_t1_12R_12V_04I_03M;/dados/rmelo/PDPTW-SE/benchmark_multi_island_v5/official_experiments/multistartlp/preliminar/set_01_pt_04/configs/genconfig_mslp.conf;genconfig_mslp;/dados/rmelo/PDPTW-SE/benchmark_multi_island_v5/official_experiments/multistartlp/preliminar/set_01_pt_04/logs/heur_mslp/gurobi/12R_12V_04I_03M/lr110_grb_genconfig_mslp_seed_101_alpha_15p.log;random;12R_12V_04I_03M;1;13046;1;/dados/rmelo/PDPTW-SE/benchmark_multi_island_v5/official_experiments/multistartlp/preliminar/set_01_pt_04/../../../../instances/orig_ams_fg/12R_12V_04I_04M/t1/lr110/;60000;6860;0;918.78;25;13;H;50;95;0;100.0;30.0;true;0.95;100.0;1.0;1.0;1.0;1.0;60;M;46954;46954;false;52;0.72;75.02;0.6;26;10;1000000;-1;3600;13.59;0.57;0.36;mslp;heur;0.37;0.1;-1;3600;60000;I;12;1.0;0.5;lr110;0;/dados/rmelo/PDPTW-SE/benchmark_multi_island_v5/official_experiments/multistartlp/preliminar/set_01_pt_04/logs;0;0;0;21.74;100.0;1;101;/dados/rmelo/PDPTW-SE/benchmark_multi_island_v5/official_experiments/multistartlp/preliminar/set_01_pt_04/logs/heur_mslp/solutions/12R_12V_04I_03M/lr110_sol_genconfig_mslp_seed_101_alpha_15p.txt;Gurobi;AUTOMATIC;22.21;_bash_3;_seed_101_alpha_15p;6381.71;1;18.72;/dados/rmelo/PDPTW-SE/benchmark_multi_island_v5/official_experiments/multistartlp/preliminar/set_01_pt_04/logs/heur_mslp/timelines/12R_12V_04I_03M/lr110_timeline_genconfig_mslp_seed_101_alpha_15p.txt;160.57;t1;0;786.88;false
0.15;0.02;0.06;0.09;0.0;0.0;7;/dados/rmelo/PDPTW-SE/benchmark_multi_island_v5/official_experiments/multistartlp/preliminar/set_01_pt_04/logs/heur_mslp/outputs/csvresults_heur_mslp_bash_3.csv;0;3;1;26;0;0.0;0.5;true;14;2;lr207_t2_12R_12V_04I_03M;/dados/rmelo/PDPTW-SE/benchmark_multi_island_v5/official_experiments/multistartlp/preliminar/set_01_pt_04/configs/genconfig_mslp.conf;genconfig_mslp;/dados/rmelo/PDPTW-SE/benchmark_multi_island_v5/official_experiments/multistartlp/preliminar/set_01_pt_04/logs/heur_mslp/gurobi/12R_12V_04I_03M/lr207_grb_genconfig_mslp_seed_101_alpha_15p.log;random;12R_12V_04I_03M;1;0;1;/dados/rmelo/PDPTW-SE/benchmark_multi_island_v5/official_experiments/multistartlp/preliminar/set_01_pt_04/../../../../instances/orig_ams_fg/12R_12V_04I_04M/t2/lr207/;60000;4509;0;1555.77;25;13;H;50;95;0;100.0;30.0;true;0.95;100.0;1.0;1.0;1.0;1.0;60;M;59961;60000;false;40;0.9;90.05;0.97;20;10;1000000;-1;3600;14.43;0.9;0.97;mslp;heur;0.9;0.97;-1;3600;60000;I;12;1.0;0.08;lr207;0;/dados/rmelo/PDPTW-SE/benchmark_multi_island_v5/official_experiments/multistartlp/preliminar/set_01_pt_04/logs;0;0;0;0.0;99.94;1;101;/dados/rmelo/PDPTW-SE/benchmark_multi_island_v5/official_experiments/multistartlp/preliminar/set_01_pt_04/logs/heur_mslp/solutions/12R_12V_04I_03M/lr207_sol_genconfig_mslp_seed_101_alpha_15p.txt;Gurobi;AUTOMATIC;22.36;_bash_3;_seed_101_alpha_15p;8657.66;1;29.55;/dados/rmelo/PDPTW-SE/benchmark_multi_island_v5/official_experiments/multistartlp/preliminar/set_01_pt_04/logs/heur_mslp/timelines/12R_12V_04I_03M/lr207_timeline_genconfig_mslp_seed_101_alpha_15p.txt;379.49;t2;0;900.95;false
0.15;0.06;0.11;0.16;0.0;0.04;1;/dados/rmelo/PDPTW-SE/benchmark_multi_island_v5/official_experiments/multistartlp/preliminar/set_01_pt_04/logs/heur_mslp/outputs/csvresults_heur_mslp_bash_3.csv;0;5;1;82;0;0.0;0.5;true;42;2;LR1_2_6_t1_40R_40V_02I_05M;/dados/rmelo/PDPTW-SE/benchmark_multi_island_v5/official_experiments/multistartlp/preliminar/set_01_pt_04/configs/genconfig_mslp.conf;genconfig_mslp;/dados/rmelo/PDPTW-SE/benchmark_multi_island_v5/official_experiments/multistartlp/preliminar/set_01_pt_04/logs/heur_mslp/gurobi/40R_40V_02I_05M/LR1_2_6_grb_genconfig_mslp_seed_101_alpha_15p.log;random;40R_40V_02I_05M;1;59998;1;/dados/rmelo/PDPTW-SE/benchmark_multi_island_v5/official_experiments/multistartlp/preliminar/set_01_pt_04/../../../../instances/orig_ams_fg/40R_40V_02I_06M/t1/LR1_2_6/;60000;1;0;6604.37;81;41;H;50;95;0;100.0;30.0;true;0.95;100.0;1.0;1.0;1.0;1.0;60;M;2;2;false;72;0.93;213.59;1.0;36;10;1000000;-1;3600;4.78;0.68;0.58;mslp;heur;0.3;0.12;-1;3600;60000;I;40;1.0;0.35;LR1_2_6;0;/dados/rmelo/PDPTW-SE/benchmark_multi_island_v5/official_experiments/multistartlp/preliminar/set_01_pt_04/logs;0;0;0;100.0;100.0;1;101;/dados/rmelo/PDPTW-SE/benchmark_multi_island_v5/official_experiments/multistartlp/preliminar/set_01_pt_04/logs/heur_mslp/solutions/40R_40V_02I_05M/LR1_2_6_sol_genconfig_mslp_seed_101_alpha_15p.txt;Gurobi;AUTOMATIC;22.6;_bash_3;_seed_101_alpha_15p;0.1;1;0.01;/dados/rmelo/PDPTW-SE/benchmark_multi_island_v5/official_experiments/multistartlp/preliminar/set_01_pt_04/logs/heur_mslp/timelines/40R_40V_02I_05M/LR1_2_6_timeline_genconfig_mslp_seed_101_alpha_15p.txt;237.84;t1;0;6037.52;false
0.15;0.01;0.02;0.03;0.0;0.07;10;/dados/rmelo/PDPTW-SE/benchmark_multi_island_v5/official_experiments/multistartlp/preliminar/set_01_pt_04/logs/heur_mslp/outputs/csvresults_heur_mslp_bash_3.csv;0;5;1;82;0;0.0;0.5;true;42;2;LR2_2_10_t2_40R_40V_02I_05M;/dados/rmelo/PDPTW-SE/benchmark_multi_island_v5/official_experiments/multistartlp/preliminar/set_01_pt_04/configs/genconfig_mslp.conf;genconfig_mslp;/dados/rmelo/PDPTW-SE/benchmark_multi_island_v5/official_experiments/multistartlp/preliminar/set_01_pt_04/logs/heur_mslp/gurobi/40R_40V_02I_05M/LR2_2_10_grb_genconfig_mslp_seed_101_alpha_15p.log;random;40R_40V_02I_05M;1;0;1;/dados/rmelo/PDPTW-SE/benchmark_multi_island_v5/official_experiments/multistartlp/preliminar/set_01_pt_04/../../../../instances/orig_ams_fg/40R_40V_02I_06M/t2/LR2_2_10/;60000;20251;0;9872.12;81;41;H;50;95;0;100.0;30.0;true;0.95;100.0;1.0;1.0;1.0;1.0;60;M;60000;60000;false;80;0.95;269.32;1.0;40;10;1000000;-1;3600;6.33;0.51;0.8;mslp;heur;0.05;0.38;-1;3600;60000;I;40;1.0;0.12;LR2_2_10;0;/dados/rmelo/PDPTW-SE/benchmark_multi_island_v5/official_experiments/multistartlp/preliminar/set_01_pt_04/logs;0;0;0;0.0;100.0;1;101;/dados/rmelo/PDPTW-SE/benchmark_multi_island_v5/official_experiments/multistartlp/preliminar/set_01_pt_04/logs/heur_mslp/solutions/40R_40V_02I_05M/LR2_2_10_sol_genconfig_mslp_seed_101_alpha_15p.txt;Gurobi;AUTOMATIC;22.71;_bash_3;_seed_101_alpha_15p;3797.53;1;581.93;/dados/rmelo/PDPTW-SE/benchmark_multi_island_v5/official_experiments/multistartlp/preliminar/set_01_pt_04/logs/heur_mslp/timelines/40R_40V_02I_05M/LR2_2_10_timeline_genconfig_mslp_seed_101_alpha_15p.txt;1717.08;t2;0;6507.61;false
0.15;0.06;0.15;0.21;0.0;0.02;6;/dados/rmelo/PDPTW-SE/benchmark_multi_island_v5/official_experiments/multistartlp/preliminar/set_01_pt_04/logs/heur_mslp/outputs/csvresults_heur_mslp_bash_3.csv;0;5;1;82;0;0.0;0.5;true;42;2;LR1_2_10_t1_40R_40V_04I_05M;/dados/rmelo/PDPTW-SE/benchmark_multi_island_v5/official_experiments/multistartlp/preliminar/set_01_pt_04/configs/genconfig_mslp.conf;genconfig_mslp;/dados/rmelo/PDPTW-SE/benchmark_multi_island_v5/official_experiments/multistartlp/preliminar/set_01_pt_04/logs/heur_mslp/gurobi/40R_40V_04I_05M/LR1_2_10_grb_genconfig_mslp_seed_101_alpha_15p.log;random;40R_40V_04I_05M;1;36143;1;/dados/rmelo/PDPTW-SE/benchmark_multi_island_v5/official_experiments/multistartlp/preliminar/set_01_pt_04/../../../../instances/orig_ams_fg/40R_40V_04I_06M/t1/LR1_2_10/;60000;17289;0;5248.24;81;41;H;50;95;0;100.0;30.0;true;0.95;100.0;1.0;1.0;1.0;1.0;60;M;23857;23857;false;72;0.93;175.77;0.98;36;10;1000000;-1;3600;7.19;0.67;0.71;mslp;heur;0.35;0.42;-1;3600;60000;I;40;1.0;0.25;LR1_2_10;0;/dados/rmelo/PDPTW-SE/benchmark_multi_island_v5/official_experiments/multistartlp/preliminar/set_01_pt_04/logs;0;0;0;60.24;100.0;1;101;/dados/rmelo/PDPTW-SE/benchmark_multi_island_v5/official_experiments/multistartlp/preliminar/set_01_pt_04/logs/heur_mslp/solutions/40R_40V_04I_05M/LR1_2_10_sol_genconfig_mslp_seed_101_alpha_15p.txt;Gurobi;AUTOMATIC;22.58;_bash_3;_seed_101_alpha_15p;1714.58;1;257.76;/dados/rmelo/PDPTW-SE/benchmark_multi_island_v5/official_experiments/multistartlp/preliminar/set_01_pt_04/logs/heur_mslp/timelines/40R_40V_04I_05M/LR1_2_10_timeline_genconfig_mslp_seed_101_alpha_15p.txt;901.42;t1;0;4273.26;false
0.15;0.04;0.07;0.12;0.0;0.01;4;/dados/rmelo/PDPTW-SE/benchmark_multi_island_v5/official_experiments/multistartlp/preliminar/set_01_pt_04/logs/heur_mslp/outputs/csvresults_heur_mslp_bash_3.csv;0;5;1;82;0;0.0;0.5;true;42;2;LR2_2_7_t2_40R_40V_04I_05M;/dados/rmelo/PDPTW-SE/benchmark_multi_island_v5/official_experiments/multistartlp/preliminar/set_01_pt_04/configs/genconfig_mslp.conf;genconfig_mslp;/dados/rmelo/PDPTW-SE/benchmark_multi_island_v5/official_experiments/multistartlp/preliminar/set_01_pt_04/logs/heur_mslp/gurobi/40R_40V_04I_05M/LR2_2_7_grb_genconfig_mslp_seed_101_alpha_15p.log;random;40R_40V_04I_05M;1;1;1;/dados/rmelo/PDPTW-SE/benchmark_multi_island_v5/official_experiments/multistartlp/preliminar/set_01_pt_04/../../../../instances/orig_ams_fg/40R_40V_04I_06M/t2/LR2_2_7/;44202;2664;0;7681.93;81;41;H;50;95;0;100.0;30.0;true;0.95;100.0;1.0;1.0;1.0;1.0;60;M;44197;44201;false;78;0.77;188.0;1.0;39;10;1000000;-1;3600;2.47;0.55;0.93;mslp;heur;0.17;0.77;-1;3600;60000;I;40;1.0;0.1;LR2_2_7;0;/dados/rmelo/PDPTW-SE/benchmark_multi_island_v5/official_experiments/multistartlp/preliminar/set_01_pt_04/logs;0;0;0;0.0;99.99;1;101;/dados/rmelo/PDPTW-SE/benchmark_multi_island_v5/official_experiments/multistartlp/preliminar/set_01_pt_04/logs/heur_mslp/solutions/40R_40V_04I_05M/LR2_2_7_sol_genconfig_mslp_seed_101_alpha_15p.txt;Gurobi;AUTOMATIC;22.07;_bash_3;_seed_101_alpha_15p;1093.24;1;218.22;/dados/rmelo/PDPTW-SE/benchmark_multi_island_v5/official_experiments/multistartlp/preliminar/set_01_pt_04/logs/heur_mslp/timelines/40R_40V_04I_05M/LR2_2_7_timeline_genconfig_mslp_seed_101_alpha_15p.txt;3600.03;t2;0;5611.84;false
0.15;0.03;0.06;0.09;0.01;0.19;0;/dados/rmelo/PDPTW-SE/benchmark_multi_island_v5/official_experiments/multistartlp/preliminar/set_01_pt_04/logs/heur_mslp/outputs/csvresults_heur_mslp_bash_3.csv;0;5;1;122;0;0.0;0.5;false;62;2;LR1_2_6_t1_60R_60V_02I_05M;/dados/rmelo/PDPTW-SE/benchmark_multi_island_v5/official_experiments/multistartlp/preliminar/set_01_pt_04/configs/genconfig_mslp.conf;genconfig_mslp;/dados/rmelo/PDPTW-SE/benchmark_multi_island_v5/official_experiments/multistartlp/preliminar/set_01_pt_04/logs/heur_mslp/gurobi/60R_60V_02I_05M/LR1_2_6_grb_genconfig_mslp_seed_101_alpha_15p.log;random;60R_60V_02I_05M;1;60000;1;/dados/rmelo/PDPTW-SE/benchmark_multi_island_v5/official_experiments/multistartlp/preliminar/set_01_pt_04/../../../../instances/orig_ams_fg/60R_60V_02I_06M/t1/LR1_2_6/;60000;0;0;0.0;121;61;H;50;95;0;100.0;30.0;true;0.95;100.0;1.0;1.0;1.0;1.0;60;M;0;0;false;82;0.96;277.16;0.61;41;10;1000000;-1;3600;0.0;0.63;0.32;mslp;heur;0.45;0.01;-1;3600;60000;I;60;1.0;0.22;LR1_2_6;0;/dados/rmelo/PDPTW-SE/benchmark_multi_island_v5/official_experiments/multistartlp/preliminar/set_01_pt_04/logs;0;0;0;100.0;0.0;1;101;/dados/rmelo/PDPTW-SE/benchmark_multi_island_v5/official_experiments/multistartlp/preliminar/set_01_pt_04/logs/heur_mslp/solutions/60R_60V_02I_05M/LR1_2_6_sol_genconfig_mslp_seed_101_alpha_15p.txt;Gurobi;AUTOMATIC;23.03;_bash_3;_seed_101_alpha_15p;0.0;1;0.0;/dados/rmelo/PDPTW-SE/benchmark_multi_island_v5/official_experiments/multistartlp/preliminar/set_01_pt_04/logs/heur_mslp/timelines/60R_60V_02I_05M/LR1_2_6_timeline_genconfig_mslp_seed_101_alpha_15p.txt;263.2;t1;0;Inf;false
0.15;0.01;0.01;0.02;0.0;0.0;7;/dados/rmelo/PDPTW-SE/benchmark_multi_island_v5/official_experiments/multistartlp/preliminar/set_01_pt_04/logs/heur_mslp/outputs/csvresults_heur_mslp_bash_3.csv;0;5;1;122;0;0.0;0.5;true;62;2;LR2_2_8_t2_60R_60V_02I_05M;/dados/rmelo/PDPTW-SE/benchmark_multi_island_v5/official_experiments/multistartlp/preliminar/set_01_pt_04/configs/genconfig_mslp.conf;genconfig_mslp;/dados/rmelo/PDPTW-SE/benchmark_multi_island_v5/official_experiments/multistartlp/preliminar/set_01_pt_04/logs/heur_mslp/gurobi/60R_60V_02I_05M/LR2_2_8_grb_genconfig_mslp_seed_101_alpha_15p.log;random;60R_60V_02I_05M;1;0;1;/dados/rmelo/PDPTW-SE/benchmark_multi_island_v5/official_experiments/multistartlp/preliminar/set_01_pt_04/../../../../instances/orig_ams_fg/60R_60V_02I_06M/t2/LR2_2_8/;27144;6973;0;9477.97;121;61;H;50;95;0;100.0;30.0;true;0.95;100.0;1.0;1.0;1.0;1.0;60;M;27010;27144;false;80;0.98;227.5;1.0;40;10;1000000;-1;3600;1.57;0.57;0.82;mslp;heur;0.06;0.24;-1;3600;60000;I;60;0.6;0.08;LR2_2_8;0;/dados/rmelo/PDPTW-SE/benchmark_multi_island_v5/official_experiments/multistartlp/preliminar/set_01_pt_04/logs;0;0;0;0.0;99.51;1;101;/dados/rmelo/PDPTW-SE/benchmark_multi_island_v5/official_experiments/multistartlp/preliminar/set_01_pt_04/logs/heur_mslp/solutions/60R_60V_02I_05M/LR2_2_8_sol_genconfig_mslp_seed_101_alpha_15p.txt;Gurobi;AUTOMATIC;23.09;_bash_3;_seed_101_alpha_15p;426.98;1;927.28;/dados/rmelo/PDPTW-SE/benchmark_multi_island_v5/official_experiments/multistartlp/preliminar/set_01_pt_04/logs/heur_mslp/timelines/60R_60V_02I_05M/LR2_2_8_timeline_genconfig_mslp_seed_101_alpha_15p.txt;3600.06;t2;0;7237.15;false
0.15;0.12;0.17;0.29;0.01;0.09;1;/dados/rmelo/PDPTW-SE/benchmark_multi_island_v5/official_experiments/multistartlp/preliminar/set_01_pt_04/logs/heur_mslp/outputs/csvresults_heur_mslp_bash_3.csv;0;5;1;122;0;0.0;0.5;true;62;2;LR1_2_6_t1_60R_60V_04I_05M;/dados/rmelo/PDPTW-SE/benchmark_multi_island_v5/official_experiments/multistartlp/preliminar/set_01_pt_04/configs/genconfig_mslp.conf;genconfig_mslp;/dados/rmelo/PDPTW-SE/benchmark_multi_island_v5/official_experiments/multistartlp/preliminar/set_01_pt_04/logs/heur_mslp/gurobi/60R_60V_04I_05M/LR1_2_6_grb_genconfig_mslp_seed_101_alpha_15p.log;random;60R_60V_04I_05M;1;59999;1;/dados/rmelo/PDPTW-SE/benchmark_multi_island_v5/official_experiments/multistartlp/preliminar/set_01_pt_04/../../../../instances/orig_ams_fg/60R_60V_04I_06M/t1/LR1_2_6/;60000;1;0;8335.07;121;61;H;50;95;0;100.0;30.0;true;0.95;100.0;1.0;1.0;1.0;1.0;60;M;1;1;false;82;0.93;184.15;0.96;41;10;1000000;-1;3600;5.47;0.57;0.63;mslp;heur;0.25;0.13;-1;3600;60000;I;60;1.0;0.28;LR1_2_6;0;/dados/rmelo/PDPTW-SE/benchmark_multi_island_v5/official_experiments/multistartlp/preliminar/set_01_pt_04/logs;0;0;0;100.0;100.0;1;101;/dados/rmelo/PDPTW-SE/benchmark_multi_island_v5/official_experiments/multistartlp/preliminar/set_01_pt_04/logs/heur_mslp/solutions/60R_60V_04I_05M/LR1_2_6_sol_genconfig_mslp_seed_101_alpha_15p.txt;Gurobi;AUTOMATIC;22.61;_bash_3;_seed_101_alpha_15p;0.05;1;0.07;/dados/rmelo/PDPTW-SE/benchmark_multi_island_v5/official_experiments/multistartlp/preliminar/set_01_pt_04/logs/heur_mslp/timelines/60R_60V_04I_05M/LR1_2_6_timeline_genconfig_mslp_seed_101_alpha_15p.txt;519.21;t1;0;7879.32;false
0.15;0.02;0.05;0.07;0.0;0.0;3;/dados/rmelo/PDPTW-SE/benchmark_multi_island_v5/official_experiments/multistartlp/preliminar/set_01_pt_04/logs/heur_mslp/outputs/csvresults_heur_mslp_bash_3.csv;0;5;1;122;0;0.0;0.5;true;62;2;LR2_2_8_t2_60R_60V_04I_05M;/dados/rmelo/PDPTW-SE/benchmark_multi_island_v5/official_experiments/multistartlp/preliminar/set_01_pt_04/configs/genconfig_mslp.conf;genconfig_mslp;/dados/rmelo/PDPTW-SE/benchmark_multi_island_v5/official_experiments/multistartlp/preliminar/set_01_pt_04/logs/heur_mslp/gurobi/60R_60V_04I_05M/LR2_2_8_grb_genconfig_mslp_seed_101_alpha_15p.log;random;60R_60V_04I_05M;1;0;1;/dados/rmelo/PDPTW-SE/benchmark_multi_island_v5/official_experiments/multistartlp/preliminar/set_01_pt_04/../../../../instances/orig_ams_fg/60R_60V_04I_06M/t2/LR2_2_8/;14525;10640;0;9754.72;121;61;H;50;95;0;100.0;30.0;true;0.95;100.0;1.0;1.0;1.0;1.0;60;M;14471;14525;false;80;0.82;181.1;0.98;40;10;1000000;-1;3600;1.05;0.6;0.91;mslp;heur;0.12;0.81;-1;3600;60000;I;60;1.0;0.08;LR2_2_8;0;/dados/rmelo/PDPTW-SE/benchmark_multi_island_v5/official_experiments/multistartlp/preliminar/set_01_pt_04/logs;0;0;0;0.0;99.63;1;101;/dados/rmelo/PDPTW-SE/benchmark_multi_island_v5/official_experiments/multistartlp/preliminar/set_01_pt_04/logs/heur_mslp/solutions/60R_60V_04I_05M/LR2_2_8_sol_genconfig_mslp_seed_101_alpha_15p.txt;Gurobi;AUTOMATIC;23.29;_bash_3;_seed_101_alpha_15p;152.0;1;2632.99;/dados/rmelo/PDPTW-SE/benchmark_multi_island_v5/official_experiments/multistartlp/preliminar/set_01_pt_04/logs/heur_mslp/timelines/60R_60V_04I_05M/LR2_2_8_timeline_genconfig_mslp_seed_101_alpha_15p.txt;3600.11;t2;0;7544.31;false
0.15;0.0;0.12;0.12;0.0;0.0;6;/dados/rmelo/PDPTW-SE/benchmark_multi_island_v5/official_experiments/multistartlp/preliminar/set_01_pt_04/logs/heur_mslp/outputs/csvresults_heur_mslp_bash_3.csv;0;3;1;18;0;0.0;0.5;true;10;2;lr109_t1_08R_08V_02I_03M;/dados/rmelo/PDPTW-SE/benchmark_multi_island_v5/official_experiments/multistartlp/preliminar/set_01_pt_04/configs/genconfig_mslp.conf;genconfig_mslp;/dados/rmelo/PDPTW-SE/benchmark_multi_island_v5/official_experiments/multistartlp/preliminar/set_01_pt_04/logs/heur_mslp/gurobi/08R_08V_02I_03M/lr109_grb_genconfig_mslp_seed_108_alpha_15p.log;random;08R_08V_02I_03M;1;0;1;/dados/rmelo/PDPTW-SE/benchmark_multi_island_v5/official_experiments/multistartlp/preliminar/set_01_pt_04/../../../../instances/orig_ams_fg/08R_08V_02I_04M/t1/lr109/;60000;49;0;602.01;17;9;H;50;95;0;100.0;30.0;true;0.95;100.0;1.0;1.0;1.0;1.0;60;M;60000;60000;false;52;0.91;79.5;0.6;26;10;1000000;-1;3600;9.56;0.77;0.48;mslp;heur;0.59;0.23;-1;3600;60000;I;8;0.67;0.38;lr109;0;/dados/rmelo/PDPTW-SE/benchmark_multi_island_v5/official_experiments/multistartlp/preliminar/set_01_pt_04/logs;0;0;0;0.0;100.0;1;108;/dados/rmelo/PDPTW-SE/benchmark_multi_island_v5/official_experiments/multistartlp/preliminar/set_01_pt_04/logs/heur_mslp/solutions/08R_08V_02I_03M/lr109_sol_genconfig_mslp_seed_108_alpha_15p.txt;Gurobi;AUTOMATIC;22.85;_bash_3;_seed_108_alpha_15p;5733.31;1;0.49;/dados/rmelo/PDPTW-SE/benchmark_multi_island_v5/official_experiments/multistartlp/preliminar/set_01_pt_04/logs/heur_mslp/timelines/08R_08V_02I_03M/lr109_timeline_genconfig_mslp_seed_108_alpha_15p.txt;128.09;t1;0;533.17;false
0.15;0.0;0.03;0.03;0.0;0.0;12;/dados/rmelo/PDPTW-SE/benchmark_multi_island_v5/official_experiments/multistartlp/preliminar/set_01_pt_04/logs/heur_mslp/outputs/csvresults_heur_mslp_bash_3.csv;0;3;1;18;0;0.0;0.5;true;10;2;lr209_t2_08R_08V_02I_03M;/dados/rmelo/PDPTW-SE/benchmark_multi_island_v5/official_experiments/multistartlp/preliminar/set_01_pt_04/configs/genconfig_mslp.conf;genconfig_mslp;/dados/rmelo/PDPTW-SE/benchmark_multi_island_v5/official_experiments/multistartlp/preliminar/set_01_pt_04/logs/heur_mslp/gurobi/08R_08V_02I_03M/lr209_grb_genconfig_mslp_seed_108_alpha_15p.log;random;08R_08V_02I_03M;1;0;1;/dados/rmelo/PDPTW-SE/benchmark_multi_island_v5/official_experiments/multistartlp/preliminar/set_01_pt_04/../../../../instances/orig_ams_fg/08R_08V_02I_04M/t2/lr209/;60000;45438;0;823.28;17;9;H;50;95;0;100.0;30.0;true;0.95;100.0;1.0;1.0;1.0;1.0;60;M;58653;60000;false;46;0.57;79.13;0.82;23;10;1000000;-1;3600;21.31;0.57;0.82;mslp;heur;0.57;0.82;-1;3600;60000;I;8;0.67;0.12;lr209;0;/dados/rmelo/PDPTW-SE/benchmark_multi_island_v5/official_experiments/multistartlp/preliminar/set_01_pt_04/logs;0;0;0;0.0;97.76;1;108;/dados/rmelo/PDPTW-SE/benchmark_multi_island_v5/official_experiments/multistartlp/preliminar/set_01_pt_04/logs/heur_mslp/solutions/08R_08V_02I_03M/lr209_sol_genconfig_mslp_seed_108_alpha_15p.txt;Gurobi;AUTOMATIC;22.44;_bash_3;_seed_108_alpha_15p;12786.2;1;115.0;/dados/rmelo/PDPTW-SE/benchmark_multi_island_v5/official_experiments/multistartlp/preliminar/set_01_pt_04/logs/heur_mslp/timelines/08R_08V_02I_03M/lr209_timeline_genconfig_mslp_seed_108_alpha_15p.txt;152.19;t2;0;565.91;false
0.15;0.1;0.28;0.38;0.0;0.0;9;/dados/rmelo/PDPTW-SE/benchmark_multi_island_v5/official_experiments/multistartlp/preliminar/set_01_pt_04/logs/heur_mslp/outputs/csvresults_heur_mslp_bash_3.csv;0;3;1;18;0;0.0;0.5;true;10;2;lr110_t1_08R_08V_04I_03M;/dados/rmelo/PDPTW-SE/benchmark_multi_island_v5/official_experiments/multistartlp/preliminar/set_01_pt_04/configs/genconfig_mslp.conf;genconfig_mslp;/dados/rmelo/PDPTW-SE/benchmark_multi_island_v5/official_experiments/multistartlp/preliminar/set_01_pt_04/logs/heur_mslp/gurobi/08R_08V_04I_03M/lr110_grb_genconfig_mslp_seed_108_alpha_15p.log;random;08R_08V_04I_03M;1;24561;1;/dados/rmelo/PDPTW-SE/benchmark_multi_island_v5/official_experiments/multistartlp/preliminar/set_01_pt_04/../../../../instances/orig_ams_fg/08R_08V_04I_04M/t1/lr110/;60000;468;0;862.28;17;9;H;50;95;0;100.0;30.0;true;0.95;100.0;1.0;1.0;1.0;1.0;60;M;35439;35439;false;52;0.89;73.43;0.84;26;10;1000000;-1;3600;11.73;0.58;0.56;mslp;heur;0.35;0.1;-1;3600;60000;I;8;1.0;0.62;lr110;0;/dados/rmelo/PDPTW-SE/benchmark_multi_island_v5/official_experiments/multistartlp/preliminar/set_01_pt_04/logs;0;0;0;40.94;100.0;1;108;/dados/rmelo/PDPTW-SE/benchmark_multi_island_v5/official_experiments/multistartlp/preliminar/set_01_pt_04/logs/heur_mslp/solutions/08R_08V_04I_03M/lr110_sol_genconfig_mslp_seed_108_alpha_15p.txt;Gurobi;AUTOMATIC;22.35;_bash_3;_seed_108_alpha_15p;4155.32;1;1.47;/dados/rmelo/PDPTW-SE/benchmark_multi_island_v5/official_experiments/multistartlp/preliminar/set_01_pt_04/logs/heur_mslp/timelines/08R_08V_04I_03M/lr110_timeline_genconfig_mslp_seed_108_alpha_15p.txt;98.14;t1;0;672.2;false
0.15;0.01;0.05;0.07;0.0;0.0;14;/dados/rmelo/PDPTW-SE/benchmark_multi_island_v5/official_experiments/multistartlp/preliminar/set_01_pt_04/logs/heur_mslp/outputs/csvresults_heur_mslp_bash_3.csv;0;3;1;18;0;0.0;0.5;true;10;2;lr209_t2_08R_08V_04I_03M;/dados/rmelo/PDPTW-SE/benchmark_multi_island_v5/official_experiments/multistartlp/preliminar/set_01_pt_04/configs/genconfig_mslp.conf;genconfig_mslp;/dados/rmelo/PDPTW-SE/benchmark_multi_island_v5/official_experiments/multistartlp/preliminar/set_01_pt_04/logs/heur_mslp/gurobi/08R_08V_04I_03M/lr209_grb_genconfig_mslp_seed_108_alpha_15p.log;random;08R_08V_04I_03M;1;0;1;/dados/rmelo/PDPTW-SE/benchmark_multi_island_v5/official_experiments/multistartlp/preliminar/set_01_pt_04/../../../../instances/orig_ams_fg/08R_08V_04I_04M/t2/lr209/;60000;29871;0;843.86;17;9;H;50;95;0;100.0;30.0;true;0.95;100.0;1.0;1.0;1.0;1.0;60;M;59324;60000;false;46;0.56;81.38;0.93;23;10;1000000;-1;3600;22.46;0.31;0.77;mslp;heur;0.07;0.61;-1;3600;60000;I;8;1.0;0.25;lr209;0;/dados/rmelo/PDPTW-SE/benchmark_multi_island_v5/official_experiments/multistartlp/preliminar/set_01_pt_04/logs;0;0;0;0.0;98.87;1;108;/dados/rmelo/PDPTW-SE/benchmark_multi_island_v5/official_experiments/multistartlp/preliminar/set_01_pt_04/logs/heur_mslp/solutions/08R_08V_04I_03M/lr209_sol_genconfig_mslp_seed_108_alpha_15p.txt;Gurobi;AUTOMATIC;21.87;_bash_3;_seed_108_alpha_15p;13478.24;1;105.57;/dados/rmelo/PDPTW-SE/benchmark_multi_island_v5/official_experiments/multistartlp/preliminar/set_01_pt_04/logs/heur_mslp/timelines/08R_08V_04I_03M/lr209_timeline_genconfig_mslp_seed_108_alpha_15p.txt;211.07;t2;0;626.42;false
0.15;0.0;0.07;0.07;0.0;0.0;10;/dados/rmelo/PDPTW-SE/benchmark_multi_island_v5/official_experiments/multistartlp/preliminar/set_01_pt_04/logs/heur_mslp/outputs/csvresults_heur_mslp_bash_3.csv;0;3;1;26;0;0.0;0.5;true;14;2;lr109_t1_12R_12V_02I_03M;/dados/rmelo/PDPTW-SE/benchmark_multi_island_v5/official_experiments/multistartlp/preliminar/set_01_pt_04/configs/genconfig_mslp.conf;genconfig_mslp;/dados/rmelo/PDPTW-SE/benchmark_multi_island_v5/official_experiments/multistartlp/preliminar/set_01_pt_04/logs/heur_mslp/gurobi/12R_12V_02I_03M/lr109_grb_genconfig_mslp_seed_108_alpha_15p.log;random;12R_12V_02I_03M;1;0;1;/dados/rmelo/PDPTW-SE/benchmark_multi_island_v5/official_experiments/multistartlp/preliminar/set_01_pt_04/../../../../instances/orig_ams_fg/12R_12V_02I_04M/t1/lr109/;60000;5972;0;934.89;25;13;H;50;95;0;100.0;30.0;true;0.95;100.0;1.0;1.0;1.0;1.0;60;M;60000;60000;false;58;0.83;96.56;0.98;29;10;1000000;-1;3600;8.82;0.79;0.64;mslp;heur;0.73;0.32;-1;3600;60000;I;12;0.67;0.33;lr109;0;/dados/rmelo/PDPTW-SE/benchmark_multi_island_v5/official_experiments/multistartlp/preliminar/set_01_pt_04/logs;0;0;0;0.0;100.0;1;108;/dados/rmelo/PDPTW-SE/benchmark_multi_island_v5/official_experiments/multistartlp/preliminar/set_01_pt_04/logs/heur_mslp/solutions/12R_12V_02I_03M/lr109_sol_genconfig_mslp_seed_108_alpha_15p.txt;Gurobi;AUTOMATIC;22.2;_bash_3;_seed_108_alpha_15p;5291.84;1;16.43;/dados/rmelo/PDPTW-SE/benchmark_multi_island_v5/official_experiments/multistartlp/preliminar/set_01_pt_04/logs/heur_mslp/timelines/12R_12V_02I_03M/lr109_timeline_genconfig_mslp_seed_108_alpha_15p.txt;161.85;t1;0;722.63;false
0.15;0.01;0.01;0.02;0.0;0.0;9;/dados/rmelo/PDPTW-SE/benchmark_multi_island_v5/official_experiments/multistartlp/preliminar/set_01_pt_04/logs/heur_mslp/outputs/csvresults_heur_mslp_bash_3.csv;0;3;1;26;0;0.0;0.5;true;14;2;lr208_t2_12R_12V_02I_03M;/dados/rmelo/PDPTW-SE/benchmark_multi_island_v5/official_experiments/multistartlp/preliminar/set_01_pt_04/configs/genconfig_mslp.conf;genconfig_mslp;/dados/rmelo/PDPTW-SE/benchmark_multi_island_v5/official_experiments/multistartlp/preliminar/set_01_pt_04/logs/heur_mslp/gurobi/12R_12V_02I_03M/lr208_grb_genconfig_mslp_seed_108_alpha_15p.log;random;12R_12V_02I_03M;1;0;1;/dados/rmelo/PDPTW-SE/benchmark_multi_island_v5/official_experiments/multistartlp/preliminar/set_01_pt_04/../../../../instances/orig_ams_fg/12R_12V_02I_04M/t2/lr208/;60000;35555;0;1184.91;25;13;H;50;95;0;100.0;30.0;true;0.95;100.0;1.0;1.0;1.0;1.0;60;M;51649;60000;false;58;0.77;114.02;1.0;29;10;1000000;-1;3600;6.18;0.77;1.0;mslp;heur;0.77;1.0;-1;3600;60000;I;12;1.0;0.08;lr208;0;/dados/rmelo/PDPTW-SE/benchmark_multi_island_v5/official_experiments/multistartlp/preliminar/set_01_pt_04/logs;0;0;0;0.0;86.08;1;108;/dados/rmelo/PDPTW-SE/benchmark_multi_island_v5/official_experiments/multistartlp/preliminar/set_01_pt_04/logs/heur_mslp/solutions/12R_12V_02I_03M/lr208_sol_genconfig_mslp_seed_108_alpha_15p.txt;Gurobi;AUTOMATIC;22.54;_bash_3;_seed_108_alpha_15p;3707.48;1;189.76;/dados/rmelo/PDPTW-SE/benchmark_multi_island_v5/official_experiments/multistartlp/preliminar/set_01_pt_04/logs/heur_mslp/timelines/12R_12V_02I_03M/lr208_timeline_genconfig_mslp_seed_108_alpha_15p.txt;319.34;t2;0;768.97;false
0.15;0.14;0.26;0.4;0.0;0.0;5;/dados/rmelo/PDPTW-SE/benchmark_multi_island_v5/official_experiments/multistartlp/preliminar/set_01_pt_04/logs/heur_mslp/outputs/csvresults_heur_mslp_bash_3.csv;0;3;1;26;0;0.0;0.5;true;14;2;lr110_t1_12R_12V_04I_03M;/dados/rmelo/PDPTW-SE/benchmark_multi_island_v5/official_experiments/multistartlp/preliminar/set_01_pt_04/configs/genconfig_mslp.conf;genconfig_mslp;/dados/rmelo/PDPTW-SE/benchmark_multi_island_v5/official_experiments/multistartlp/preliminar/set_01_pt_04/logs/heur_mslp/gurobi/12R_12V_04I_03M/lr110_grb_genconfig_mslp_seed_108_alpha_15p.log;random;12R_12V_04I_03M;1;13044;1;/dados/rmelo/PDPTW-SE/benchmark_multi_island_v5/official_experiments/multistartlp/preliminar/set_01_pt_04/../../../../instances/orig_ams_fg/12R_12V_04I_04M/t1/lr110/;60000;32032;0;1106.51;25;13;H;50;95;0;100.0;30.0;true;0.95;100.0;1.0;1.0;1.0;1.0;60;M;46956;46956;false;52;0.72;75.02;0.85;26;10;1000000;-1;3600;13.55;0.57;0.45;mslp;heur;0.37;0.15;-1;3600;60000;I;12;1.0;0.5;lr110;0;/dados/rmelo/PDPTW-SE/benchmark_multi_island_v5/official_experiments/multistartlp/preliminar/set_01_pt_04/logs;0;0;0;21.74;100.0;1;108;/dados/rmelo/PDPTW-SE/benchmark_multi_island_v5/official_experiments/multistartlp/preliminar/set_01_pt_04/logs/heur_mslp/solutions/12R_12V_04I_03M/lr110_sol_genconfig_mslp_seed_108_alpha_15p.txt;Gurobi;AUTOMATIC;22.22;_bash_3;_seed_108_alpha_15p;6363.1;1;87.24;/dados/rmelo/PDPTW-SE/benchmark_multi_island_v5/official_experiments/multistartlp/preliminar/set_01_pt_04/logs/heur_mslp/timelines/12R_12V_04I_03M/lr110_timeline_genconfig_mslp_seed_108_alpha_15p.txt;161.01;t1;0;786.88;false
0.15;0.01;0.06;0.07;0.0;0.0;12;/dados/rmelo/PDPTW-SE/benchmark_multi_island_v5/official_experiments/multistartlp/preliminar/set_01_pt_04/logs/heur_mslp/outputs/csvresults_heur_mslp_bash_3.csv;0;3;1;26;0;0.0;0.5;true;14;2;lr207_t2_12R_12V_04I_03M;/dados/rmelo/PDPTW-SE/benchmark_multi_island_v5/official_experiments/multistartlp/preliminar/set_01_pt_04/configs/genconfig_mslp.conf;genconfig_mslp;/dados/rmelo/PDPTW-SE/benchmark_multi_island_v5/official_experiments/multistartlp/preliminar/set_01_pt_04/logs/heur_mslp/gurobi/12R_12V_04I_03M/lr207_grb_genconfig_mslp_seed_108_alpha_15p.log;random;12R_12V_04I_03M;1;0;1;/dados/rmelo/PDPTW-SE/benchmark_multi_island_v5/official_experiments/multistartlp/preliminar/set_01_pt_04/../../../../instances/orig_ams_fg/12R_12V_04I_04M/t2/lr207/;60000;29391;0;1592.63;25;13;H;50;95;0;100.0;30.0;true;0.95;100.0;1.0;1.0;1.0;1.0;60;M;59972;60000;false;40;0.71;90.05;0.98;20;10;1000000;-1;3600;14.43;0.45;0.73;mslp;heur;0.19;0.48;-1;3600;60000;I;12;1.0;0.17;lr207;0;/dados/rmelo/PDPTW-SE/benchmark_multi_island_v5/official_experiments/multistartlp/preliminar/set_01_pt_04/logs;0;0;0;0.0;99.95;1;108;/dados/rmelo/PDPTW-SE/benchmark_multi_island_v5/official_experiments/multistartlp/preliminar/set_01_pt_04/logs/heur_mslp/solutions/12R_12V_04I_03M/lr207_sol_genconfig_mslp_seed_108_alpha_15p.txt;Gurobi;AUTOMATIC;22.29;_bash_3;_seed_108_alpha_15p;8656.1;1;184.93;/dados/rmelo/PDPTW-SE/benchmark_multi_island_v5/official_experiments/multistartlp/preliminar/set_01_pt_04/logs/heur_mslp/timelines/12R_12V_04I_03M/lr207_timeline_genconfig_mslp_seed_108_alpha_15p.txt;377.65;t2;0;895.58;false
0.15;0.06;0.11;0.16;0.0;0.04;1;/dados/rmelo/PDPTW-SE/benchmark_multi_island_v5/official_experiments/multistartlp/preliminar/set_01_pt_04/logs/heur_mslp/outputs/csvresults_heur_mslp_bash_3.csv;0;5;1;82;0;0.0;0.5;true;42;2;LR1_2_6_t1_40R_40V_02I_05M;/dados/rmelo/PDPTW-SE/benchmark_multi_island_v5/official_experiments/multistartlp/preliminar/set_01_pt_04/configs/genconfig_mslp.conf;genconfig_mslp;/dados/rmelo/PDPTW-SE/benchmark_multi_island_v5/official_experiments/multistartlp/preliminar/set_01_pt_04/logs/heur_mslp/gurobi/40R_40V_02I_05M/LR1_2_6_grb_genconfig_mslp_seed_108_alpha_15p.log;random;40R_40V_02I_05M;1;59999;1;/dados/rmelo/PDPTW-SE/benchmark_multi_island_v5/official_experiments/multistartlp/preliminar/set_01_pt_04/../../../../instances/orig_ams_fg/40R_40V_02I_06M/t1/LR1_2_6/;60000;1;0;6335.36;81;41;H;50;95;0;100.0;30.0;true;0.95;100.0;1.0;1.0;1.0;1.0;60;M;1;1;false;72;0.93;213.59;1.0;36;10;1000000;-1;3600;4.7;0.68;0.58;mslp;heur;0.3;0.12;-1;3600;60000;I;40;1.0;0.35;LR1_2_6;0;/dados/rmelo/PDPTW-SE/benchmark_multi_island_v5/official_experiments/multistartlp/preliminar/set_01_pt_04/logs;0;0;0;100.0;100.0;1;108;/dados/rmelo/PDPTW-SE/benchmark_multi_island_v5/official_experiments/multistartlp/preliminar/set_01_pt_04/logs/heur_mslp/solutions/40R_40V_02I_05M/LR1_2_6_sol_genconfig_mslp_seed_108_alpha_15p.txt;Gurobi;AUTOMATIC;22.8;_bash_3;_seed_108_alpha_15p;0.05;1;0.01;/dados/rmelo/PDPTW-SE/benchmark_multi_island_v5/official_experiments/multistartlp/preliminar/set_01_pt_04/logs/heur_mslp/timelines/40R_40V_02I_05M/LR1_2_6_timeline_genconfig_mslp_seed_108_alpha_15p.txt;240.99;t1;0;6037.52;false
0.15;0.01;0.03;0.04;0.0;0.05;14;/dados/rmelo/PDPTW-SE/benchmark_multi_island_v5/official_experiments/multistartlp/preliminar/set_01_pt_04/logs/heur_mslp/outputs/csvresults_heur_mslp_bash_3.csv;0;5;1;82;0;0.0;0.5;true;42;2;LR2_2_10_t2_40R_40V_02I_05M;/dados/rmelo/PDPTW-SE/benchmark_multi_island_v5/official_experiments/multistartlp/preliminar/set_01_pt_04/configs/genconfig_mslp.conf;genconfig_mslp;/dados/rmelo/PDPTW-SE/benchmark_multi_island_v5/official_experiments/multistartlp/preliminar/set_01_pt_04/logs/heur_mslp/gurobi/40R_40V_02I_05M/LR2_2_10_grb_genconfig_mslp_seed_108_alpha_15p.log;random;40R_40V_02I_05M;1;0;1;/dados/rmelo/PDPTW-SE/benchmark_multi_island_v5/official_experiments/multistartlp/preliminar/set_01_pt_04/../../../../instances/orig_ams_fg/40R_40V_02I_06M/t2/LR2_2_10/;60000;21199;0;8192.63;81;41;H;50;95;0;100.0;30.0;true;0.95;100.0;1.0;1.0;1.0;1.0;60;M;60000;60000;false;80;0.99;269.32;0.95;40;10;1000000;-1;3600;6.32;0.62;0.93;mslp;heur;0.39;0.91;-1;3600;60000;I;40;0.6;0.1;LR2_2_10;0;/dados/rmelo/PDPTW-SE/benchmark_multi_island_v5/official_experiments/multistartlp/preliminar/set_01_pt_04/logs;0;0;0;0.0;100.0;1;108;/dados/rmelo/PDPTW-SE/benchmark_multi_island_v5/official_experiments/multistartlp/preliminar/set_01_pt_04/logs/heur_mslp/solutions/40R_40V_02I_05M/LR2_2_10_sol_genconfig_mslp_seed_108_alpha_15p.txt;Gurobi;AUTOMATIC;22.94;_bash_3;_seed_108_alpha_15p;3794.69;1;609.5;/dados/rmelo/PDPTW-SE/benchmark_multi_island_v5/official_experiments/multistartlp/preliminar/set_01_pt_04/logs/heur_mslp/timelines/40R_40V_02I_05M/LR2_2_10_timeline_genconfig_mslp_seed_108_alpha_15p.txt;1726.22;t2;0;6245.58;false
0.15;0.12;0.14;0.26;0.01;0.04;14;/dados/rmelo/PDPTW-SE/benchmark_multi_island_v5/official_experiments/multistartlp/preliminar/set_01_pt_04/logs/heur_mslp/outputs/csvresults_heur_mslp_bash_3.csv;0;5;1;82;0;0.0;0.5;true;42;2;LR1_2_10_t1_40R_40V_04I_05M;/dados/rmelo/PDPTW-SE/benchmark_multi_island_v5/official_experiments/multistartlp/preliminar/set_01_pt_04/configs/genconfig_mslp.conf;genconfig_mslp;/dados/rmelo/PDPTW-SE/benchmark_multi_island_v5/official_experiments/multistartlp/preliminar/set_01_pt_04/logs/heur_mslp/gurobi/40R_40V_04I_05M/LR1_2_10_grb_genconfig_mslp_seed_108_alpha_15p.log;random;40R_40V_04I_05M;1;36274;1;/dados/rmelo/PDPTW-SE/benchmark_multi_island_v5/official_experiments/multistartlp/preliminar/set_01_pt_04/../../../../instances/orig_ams_fg/40R_40V_04I_06M/t1/LR1_2_10/;60000;51675;0;5486.63;81;41;H;50;95;0;100.0;30.0;true;0.95;100.0;1.0;1.0;1.0;1.0;60;M;23726;23726;false;72;0.87;175.77;1.0;36;10;1000000;-1;3600;7.21;0.68;0.73;mslp;heur;0.34;0.24;-1;3600;60000;I;40;1.0;0.25;LR1_2_10;0;/dados/rmelo/PDPTW-SE/benchmark_multi_island_v5/official_experiments/multistartlp/preliminar/set_01_pt_04/logs;0;0;0;60.46;100.0;1;108;/dados/rmelo/PDPTW-SE/benchmark_multi_island_v5/official_experiments/multistartlp/preliminar/set_01_pt_04/logs/heur_mslp/solutions/40R_40V_04I_05M/LR1_2_10_sol_genconfig_mslp_seed_108_alpha_15p.txt;Gurobi;AUTOMATIC;22.14;_bash_3;_seed_108_alpha_15p;1710.73;1;777.57;/dados/rmelo/PDPTW-SE/benchmark_multi_island_v5/official_experiments/multistartlp/preliminar/set_01_pt_04/logs/heur_mslp/timelines/40R_40V_04I_05M/LR1_2_10_timeline_genconfig_mslp_seed_108_alpha_15p.txt;901.63;t1;0;4316.15;false
0.15;0.05;0.09;0.14;0.0;0.0;5;/dados/rmelo/PDPTW-SE/benchmark_multi_island_v5/official_experiments/multistartlp/preliminar/set_01_pt_04/logs/heur_mslp/outputs/csvresults_heur_mslp_bash_3.csv;0;5;1;82;0;0.0;0.5;true;42;2;LR2_2_7_t2_40R_40V_04I_05M;/dados/rmelo/PDPTW-SE/benchmark_multi_island_v5/official_experiments/multistartlp/preliminar/set_01_pt_04/configs/genconfig_mslp.conf;genconfig_mslp;/dados/rmelo/PDPTW-SE/benchmark_multi_island_v5/official_experiments/multistartlp/preliminar/set_01_pt_04/logs/heur_mslp/gurobi/40R_40V_04I_05M/LR2_2_7_grb_genconfig_mslp_seed_108_alpha_15p.log;random;40R_40V_04I_05M;1;0;1;/dados/rmelo/PDPTW-SE/benchmark_multi_island_v5/official_experiments/multistartlp/preliminar/set_01_pt_04/../../../../instances/orig_ams_fg/40R_40V_04I_06M/t2/LR2_2_7/;44592;33994;0;7949.4;81;41;H;50;95;0;100.0;30.0;true;0.95;100.0;1.0;1.0;1.0;1.0;60;M;44589;44592;false;78;0.81;188.0;0.97;39;10;1000000;-1;3600;2.47;0.55;0.75;mslp;heur;0.06;0.12;-1;3600;60000;I;40;1.0;0.1;LR2_2_7;0;/dados/rmelo/PDPTW-SE/benchmark_multi_island_v5/official_experiments/multistartlp/preliminar/set_01_pt_04/logs;0;0;0;0.0;99.99;1;108;/dados/rmelo/PDPTW-SE/benchmark_multi_island_v5/official_experiments/multistartlp/preliminar/set_01_pt_04/logs/heur_mslp/solutions/40R_40V_04I_05M/LR2_2_7_sol_genconfig_mslp_seed_108_alpha_15p.txt;Gurobi;AUTOMATIC;22.97;_bash_3;_seed_108_alpha_15p;1103.18;1;2745.88;/dados/rmelo/PDPTW-SE/benchmark_multi_island_v5/official_experiments/multistartlp/preliminar/set_01_pt_04/logs/heur_mslp/timelines/40R_40V_04I_05M/LR2_2_7_timeline_genconfig_mslp_seed_108_alpha_15p.txt;3600.07;t2;0;5548.37;false
0.15;0.03;0.06;0.09;0.01;0.19;0;/dados/rmelo/PDPTW-SE/benchmark_multi_island_v5/official_experiments/multistartlp/preliminar/set_01_pt_04/logs/heur_mslp/outputs/csvresults_heur_mslp_bash_3.csv;0;5;1;122;0;0.0;0.5;false;62;2;LR1_2_6_t1_60R_60V_02I_05M;/dados/rmelo/PDPTW-SE/benchmark_multi_island_v5/official_experiments/multistartlp/preliminar/set_01_pt_04/configs/genconfig_mslp.conf;genconfig_mslp;/dados/rmelo/PDPTW-SE/benchmark_multi_island_v5/official_experiments/multistartlp/preliminar/set_01_pt_04/logs/heur_mslp/gurobi/60R_60V_02I_05M/LR1_2_6_grb_genconfig_mslp_seed_108_alpha_15p.log;random;60R_60V_02I_05M;1;60000;1;/dados/rmelo/PDPTW-SE/benchmark_multi_island_v5/official_experiments/multistartlp/preliminar/set_01_pt_04/../../../../instances/orig_ams_fg/60R_60V_02I_06M/t1/LR1_2_6/;60000;0;0;0.0;121;61;H;50;95;0;100.0;30.0;true;0.95;100.0;1.0;1.0;1.0;1.0;60;M;0;0;false;82;0.96;277.16;0.61;41;10;1000000;-1;3600;0.0;0.63;0.32;mslp;heur;0.45;0.01;-1;3600;60000;I;60;1.0;0.22;LR1_2_6;0;/dados/rmelo/PDPTW-SE/benchmark_multi_island_v5/official_experiments/multistartlp/preliminar/set_01_pt_04/logs;0;0;0;100.0;0.0;1;108;/dados/rmelo/PDPTW-SE/benchmark_multi_island_v5/official_experiments/multistartlp/preliminar/set_01_pt_04/logs/heur_mslp/solutions/60R_60V_02I_05M/LR1_2_6_sol_genconfig_mslp_seed_108_alpha_15p.txt;Gurobi;AUTOMATIC;23.47;_bash_3;_seed_108_alpha_15p;0.0;1;0.0;/dados/rmelo/PDPTW-SE/benchmark_multi_island_v5/official_experiments/multistartlp/preliminar/set_01_pt_04/logs/heur_mslp/timelines/60R_60V_02I_05M/LR1_2_6_timeline_genconfig_mslp_seed_108_alpha_15p.txt;260.49;t1;0;Inf;false
0.15;0.01;0.02;0.02;0.0;0.0;3;/dados/rmelo/PDPTW-SE/benchmark_multi_island_v5/official_experiments/multistartlp/preliminar/set_01_pt_04/logs/heur_mslp/outputs/csvresults_heur_mslp_bash_3.csv;0;5;1;122;0;0.0;0.5;true;62;2;LR2_2_8_t2_60R_60V_02I_05M;/dados/rmelo/PDPTW-SE/benchmark_multi_island_v5/official_experiments/multistartlp/preliminar/set_01_pt_04/configs/genconfig_mslp.conf;genconfig_mslp;/dados/rmelo/PDPTW-SE/benchmark_multi_island_v5/official_experiments/multistartlp/preliminar/set_01_pt_04/logs/heur_mslp/gurobi/60R_60V_02I_05M/LR2_2_8_grb_genconfig_mslp_seed_108_alpha_15p.log;random;60R_60V_02I_05M;1;0;1;/dados/rmelo/PDPTW-SE/benchmark_multi_island_v5/official_experiments/multistartlp/preliminar/set_01_pt_04/../../../../instances/orig_ams_fg/60R_60V_02I_06M/t2/LR2_2_8/;26478;384;0;9400.8;121;61;H;50;95;0;100.0;30.0;true;0.95;100.0;1.0;1.0;1.0;1.0;60;M;26359;26478;false;80;1.0;227.5;1.0;40;10;1000000;-1;3600;1.57;0.7;0.86;mslp;heur;0.27;0.48;-1;3600;60000;I;60;0.6;0.07;LR2_2_8;0;/dados/rmelo/PDPTW-SE/benchmark_multi_island_v5/official_experiments/multistartlp/preliminar/set_01_pt_04/logs;0;0;0;0.0;99.55;1;108;/dados/rmelo/PDPTW-SE/benchmark_multi_island_v5/official_experiments/multistartlp/preliminar/set_01_pt_04/logs/heur_mslp/solutions/60R_60V_02I_05M/LR2_2_8_sol_genconfig_mslp_seed_108_alpha_15p.txt;Gurobi;AUTOMATIC;23.31;_bash_3;_seed_108_alpha_15p;415.98;1;53.73;/dados/rmelo/PDPTW-SE/benchmark_multi_island_v5/official_experiments/multistartlp/preliminar/set_01_pt_04/logs/heur_mslp/timelines/60R_60V_02I_05M/LR2_2_8_timeline_genconfig_mslp_seed_108_alpha_15p.txt;3600.12;t2;0;7077.89;false
0.15;0.12;0.17;0.29;0.01;0.09;1;/dados/rmelo/PDPTW-SE/benchmark_multi_island_v5/official_experiments/multistartlp/preliminar/set_01_pt_04/logs/heur_mslp/outputs/csvresults_heur_mslp_bash_3.csv;0;5;1;122;0;0.0;0.5;true;62;2;LR1_2_6_t1_60R_60V_04I_05M;/dados/rmelo/PDPTW-SE/benchmark_multi_island_v5/official_experiments/multistartlp/preliminar/set_01_pt_04/configs/genconfig_mslp.conf;genconfig_mslp;/dados/rmelo/PDPTW-SE/benchmark_multi_island_v5/official_experiments/multistartlp/preliminar/set_01_pt_04/logs/heur_mslp/gurobi/60R_60V_04I_05M/LR1_2_6_grb_genconfig_mslp_seed_108_alpha_15p.log;random;60R_60V_04I_05M;1;59999;1;/dados/rmelo/PDPTW-SE/benchmark_multi_island_v5/official_experiments/multistartlp/preliminar/set_01_pt_04/../../../../instances/orig_ams_fg/60R_60V_04I_06M/t1/LR1_2_6/;60000;1;0;8335.07;121;61;H;50;95;0;100.0;30.0;true;0.95;100.0;1.0;1.0;1.0;1.0;60;M;1;1;false;82;0.93;184.15;0.96;41;10;1000000;-1;3600;5.47;0.57;0.63;mslp;heur;0.25;0.13;-1;3600;60000;I;60;1.0;0.28;LR1_2_6;0;/dados/rmelo/PDPTW-SE/benchmark_multi_island_v5/official_experiments/multistartlp/preliminar/set_01_pt_04/logs;0;0;0;100.0;100.0;1;108;/dados/rmelo/PDPTW-SE/benchmark_multi_island_v5/official_experiments/multistartlp/preliminar/set_01_pt_04/logs/heur_mslp/solutions/60R_60V_04I_05M/LR1_2_6_sol_genconfig_mslp_seed_108_alpha_15p.txt;Gurobi;AUTOMATIC;23.21;_bash_3;_seed_108_alpha_15p;0.05;1;0.07;/dados/rmelo/PDPTW-SE/benchmark_multi_island_v5/official_experiments/multistartlp/preliminar/set_01_pt_04/logs/heur_mslp/timelines/60R_60V_04I_05M/LR1_2_6_timeline_genconfig_mslp_seed_108_alpha_15p.txt;524.37;t1;0;7879.32;false
0.15;0.02;0.05;0.07;0.0;0.0;3;/dados/rmelo/PDPTW-SE/benchmark_multi_island_v5/official_experiments/multistartlp/preliminar/set_01_pt_04/logs/heur_mslp/outputs/csvresults_heur_mslp_bash_3.csv;0;5;1;122;0;0.0;0.5;true;62;2;LR2_2_8_t2_60R_60V_04I_05M;/dados/rmelo/PDPTW-SE/benchmark_multi_island_v5/official_experiments/multistartlp/preliminar/set_01_pt_04/configs/genconfig_mslp.conf;genconfig_mslp;/dados/rmelo/PDPTW-SE/benchmark_multi_island_v5/official_experiments/multistartlp/preliminar/set_01_pt_04/logs/heur_mslp/gurobi/60R_60V_04I_05M/LR2_2_8_grb_genconfig_mslp_seed_108_alpha_15p.log;random;60R_60V_04I_05M;1;0;1;/dados/rmelo/PDPTW-SE/benchmark_multi_island_v5/official_experiments/multistartlp/preliminar/set_01_pt_04/../../../../instances/orig_ams_fg/60R_60V_04I_06M/t2/LR2_2_8/;14647;12301;0;9560.5;121;61;H;50;95;0;100.0;30.0;true;0.95;100.0;1.0;1.0;1.0;1.0;60;M;14589;14647;false;80;0.83;181.1;1.0;40;10;1000000;-1;3600;1.03;0.74;0.98;mslp;heur;0.63;0.96;-1;3600;60000;I;60;1.0;0.07;LR2_2_8;0;/dados/rmelo/PDPTW-SE/benchmark_multi_island_v5/official_experiments/multistartlp/preliminar/set_01_pt_04/logs;0;0;0;0.0;99.6;1;108;/dados/rmelo/PDPTW-SE/benchmark_multi_island_v5/official_experiments/multistartlp/preliminar/set_01_pt_04/logs/heur_mslp/solutions/60R_60V_04I_05M/LR2_2_8_sol_genconfig_mslp_seed_108_alpha_15p.txt;Gurobi;AUTOMATIC;22.72;_bash_3;_seed_108_alpha_15p;151.38;1;3014.21;/dados/rmelo/PDPTW-SE/benchmark_multi_island_v5/official_experiments/multistartlp/preliminar/set_01_pt_04/logs/heur_mslp/timelines/60R_60V_04I_05M/LR2_2_8_timeline_genconfig_mslp_seed_108_alpha_15p.txt;3600.03;t2;0;7502.99;false
0.15;0.0;0.12;0.12;0.0;0.0;5;/dados/rmelo/PDPTW-SE/benchmark_multi_island_v5/official_experiments/multistartlp/preliminar/set_01_pt_04/logs/heur_mslp/outputs/csvresults_heur_mslp_bash_3.csv;0;3;1;18;0;0.0;0.5;true;10;2;lr109_t1_08R_08V_02I_03M;/dados/rmelo/PDPTW-SE/benchmark_multi_island_v5/official_experiments/multistartlp/preliminar/set_01_pt_04/configs/genconfig_mslp.conf;genconfig_mslp;/dados/rmelo/PDPTW-SE/benchmark_multi_island_v5/official_experiments/multistartlp/preliminar/set_01_pt_04/logs/heur_mslp/gurobi/08R_08V_02I_03M/lr109_grb_genconfig_mslp_seed_115_alpha_15p.log;random;08R_08V_02I_03M;1;0;1;/dados/rmelo/PDPTW-SE/benchmark_multi_island_v5/official_experiments/multistartlp/preliminar/set_01_pt_04/../../../../instances/orig_ams_fg/08R_08V_02I_04M/t1/lr109/;60000;14;0;679.29;17;9;H;50;95;0;100.0;30.0;true;0.95;100.0;1.0;1.0;1.0;1.0;60;M;60000;60000;false;52;0.91;79.5;0.76;26;10;1000000;-1;3600;9.56;0.77;0.51;mslp;heur;0.59;0.28;-1;3600;60000;I;8;0.67;0.38;lr109;0;/dados/rmelo/PDPTW-SE/benchmark_multi_island_v5/official_experiments/multistartlp/preliminar/set_01_pt_04/logs;0;0;0;0.0;100.0;1;115;/dados/rmelo/PDPTW-SE/benchmark_multi_island_v5/official_experiments/multistartlp/preliminar/set_01_pt_04/logs/heur_mslp/solutions/08R_08V_02I_03M/lr109_sol_genconfig_mslp_seed_115_alpha_15p.txt;Gurobi;AUTOMATIC;22.15;_bash_3;_seed_115_alpha_15p;5738.46;1;0.43;/dados/rmelo/PDPTW-SE/benchmark_multi_island_v5/official_experiments/multistartlp/preliminar/set_01_pt_04/logs/heur_mslp/timelines/08R_08V_02I_03M/lr109_timeline_genconfig_mslp_seed_115_alpha_15p.txt;125.73;t1;0;533.17;false
0.15;0.0;0.03;0.03;0.0;0.0;11;/dados/rmelo/PDPTW-SE/benchmark_multi_island_v5/official_experiments/multistartlp/preliminar/set_01_pt_04/logs/heur_mslp/outputs/csvresults_heur_mslp_bash_3.csv;0;3;1;18;0;0.0;0.5;true;10;2;lr209_t2_08R_08V_02I_03M;/dados/rmelo/PDPTW-SE/benchmark_multi_island_v5/official_experiments/multistartlp/preliminar/set_01_pt_04/configs/genconfig_mslp.conf;genconfig_mslp;/dados/rmelo/PDPTW-SE/benchmark_multi_island_v5/official_experiments/multistartlp/preliminar/set_01_pt_04/logs/heur_mslp/gurobi/08R_08V_02I_03M/lr209_grb_genconfig_mslp_seed_115_alpha_15p.log;random;08R_08V_02I_03M;1;0;1;/dados/rmelo/PDPTW-SE/benchmark_multi_island_v5/official_experiments/multistartlp/preliminar/set_01_pt_04/../../../../instances/orig_ams_fg/08R_08V_02I_04M/t2/lr209/;60000;17606;0;773.21;17;9;H;50;95;0;100.0;30.0;true;0.95;100.0;1.0;1.0;1.0;1.0;60;M;58659;60000;false;46;0.57;79.13;0.82;23;10;1000000;-1;3600;21.36;0.57;0.82;mslp;heur;0.57;0.82;-1;3600;60000;I;8;0.67;0.12;lr209;0;/dados/rmelo/PDPTW-SE/benchmark_multi_island_v5/official_experiments/multistartlp/preliminar/set_01_pt_04/logs;0;0;0;0.0;97.76;1;115;/dados/rmelo/PDPTW-SE/benchmark_multi_island_v5/official_experiments/multistartlp/preliminar/set_01_pt_04/logs/heur_mslp/solutions/08R_08V_02I_03M/lr209_sol_genconfig_mslp_seed_115_alpha_15p.txt;Gurobi;AUTOMATIC;22.84;_bash_3;_seed_115_alpha_15p;12816.61;1;45.3;/dados/rmelo/PDPTW-SE/benchmark_multi_island_v5/official_experiments/multistartlp/preliminar/set_01_pt_04/logs/heur_mslp/timelines/08R_08V_02I_03M/lr209_timeline_genconfig_mslp_seed_115_alpha_15p.txt;150.12;t2;0;565.91;false
0.15;0.1;0.28;0.38;0.0;0.0;4;/dados/rmelo/PDPTW-SE/benchmark_multi_island_v5/official_experiments/multistartlp/preliminar/set_01_pt_04/logs/heur_mslp/outputs/csvresults_heur_mslp_bash_3.csv;0;3;1;18;0;0.0;0.5;true;10;2;lr110_t1_08R_08V_04I_03M;/dados/rmelo/PDPTW-SE/benchmark_multi_island_v5/official_experiments/multistartlp/preliminar/set_01_pt_04/configs/genconfig_mslp.conf;genconfig_mslp;/dados/rmelo/PDPTW-SE/benchmark_multi_island_v5/official_experiments/multistartlp/preliminar/set_01_pt_04/logs/heur_mslp/gurobi/08R_08V_04I_03M/lr110_grb_genconfig_mslp_seed_115_alpha_15p.log;random;08R_08V_04I_03M;1;24312;1;/dados/rmelo/PDPTW-SE/benchmark_multi_island_v5/official_experiments/multistartlp/preliminar/set_01_pt_04/../../../../instances/orig_ams_fg/08R_08V_04I_04M/t1/lr110/;60000;19;0;837.9;17;9;H;50;95;0;100.0;30.0;true;0.95;100.0;1.0;1.0;1.0;1.0;60;M;35688;35688;false;52;0.89;73.43;0.82;26;10;1000000;-1;3600;11.78;0.58;0.5;mslp;heur;0.35;0.15;-1;3600;60000;I;8;1.0;0.62;lr110;0;/dados/rmelo/PDPTW-SE/benchmark_multi_island_v5/official_experiments/multistartlp/preliminar/set_01_pt_04/logs;0;0;0;40.52;100.0;1;115;/dados/rmelo/PDPTW-SE/benchmark_multi_island_v5/official_experiments/multistartlp/preliminar/set_01_pt_04/logs/heur_mslp/solutions/08R_08V_04I_03M/lr110_sol_genconfig_mslp_seed_115_alpha_15p.txt;Gurobi;AUTOMATIC;22.51;_bash_3;_seed_115_alpha_15p;4203.41;1;0.4;/dados/rmelo/PDPTW-SE/benchmark_multi_island_v5/official_experiments/multistartlp/preliminar/set_01_pt_04/logs/heur_mslp/timelines/08R_08V_04I_03M/lr110_timeline_genconfig_mslp_seed_115_alpha_15p.txt;99.86;t1;0;672.2;false
0.15;0.01;0.05;0.07;0.0;0.0;14;/dados/rmelo/PDPTW-SE/benchmark_multi_island_v5/official_experiments/multistartlp/preliminar/set_01_pt_04/logs/heur_mslp/outputs/csvresults_heur_mslp_bash_3.csv;0;3;1;18;0;0.0;0.5;true;10;2;lr209_t2_08R_08V_04I_03M;/dados/rmelo/PDPTW-SE/benchmark_multi_island_v5/official_experiments/multistartlp/preliminar/set_01_pt_04/configs/genconfig_mslp.conf;genconfig_mslp;/dados/rmelo/PDPTW-SE/benchmark_multi_island_v5/official_experiments/multistartlp/preliminar/set_01_pt_04/logs/heur_mslp/gurobi/08R_08V_04I_03M/lr209_grb_genconfig_mslp_seed_115_alpha_15p.log;random;08R_08V_04I_03M;1;0;1;/dados/rmelo/PDPTW-SE/benchmark_multi_island_v5/official_experiments/multistartlp/preliminar/set_01_pt_04/../../../../instances/orig_ams_fg/08R_08V_04I_04M/t2/lr209/;60000;57779;0;1079.37;17;9;H;50;95;0;100.0;30.0;true;0.95;100.0;1.0;1.0;1.0;1.0;60;M;59324;60000;false;46;0.56;81.38;0.93;23;10;1000000;-1;3600;22.51;0.31;0.85;mslp;heur;0.07;0.77;-1;3600;60000;I;8;1.0;0.25;lr209;0;/dados/rmelo/PDPTW-SE/benchmark_multi_island_v5/official_experiments/multistartlp/preliminar/set_01_pt_04/logs;0;0;0;0.0;98.87;1;115;/dados/rmelo/PDPTW-SE/benchmark_multi_island_v5/official_experiments/multistartlp/preliminar/set_01_pt_04/logs/heur_mslp/solutions/08R_08V_04I_03M/lr209_sol_genconfig_mslp_seed_115_alpha_15p.txt;Gurobi;AUTOMATIC;22.0;_bash_3;_seed_115_alpha_15p;13507.81;1;197.94;/dados/rmelo/PDPTW-SE/benchmark_multi_island_v5/official_experiments/multistartlp/preliminar/set_01_pt_04/logs/heur_mslp/timelines/08R_08V_04I_03M/lr209_timeline_genconfig_mslp_seed_115_alpha_15p.txt;205.49;t2;0;626.42;false
0.15;0.0;0.07;0.07;0.0;0.0;15;/dados/rmelo/PDPTW-SE/benchmark_multi_island_v5/official_experiments/multistartlp/preliminar/set_01_pt_04/logs/heur_mslp/outputs/csvresults_heur_mslp_bash_3.csv;0;3;1;26;0;0.0;0.5;true;14;2;lr109_t1_12R_12V_02I_03M;/dados/rmelo/PDPTW-SE/benchmark_multi_island_v5/official_experiments/multistartlp/preliminar/set_01_pt_04/configs/genconfig_mslp.conf;genconfig_mslp;/dados/rmelo/PDPTW-SE/benchmark_multi_island_v5/official_experiments/multistartlp/preliminar/set_01_pt_04/logs/heur_mslp/gurobi/12R_12V_02I_03M/lr109_grb_genconfig_mslp_seed_115_alpha_15p.log;random;12R_12V_02I_03M;1;0;1;/dados/rmelo/PDPTW-SE/benchmark_multi_island_v5/official_experiments/multistartlp/preliminar/set_01_pt_04/../../../../instances/orig_ams_fg/12R_12V_02I_04M/t1/lr109/;60000;8735;0;938.13;25;13;H;50;95;0;100.0;30.0;true;0.95;100.0;1.0;1.0;1.0;1.0;60;M;60000;60000;false;58;0.83;96.56;0.81;29;10;1000000;-1;3600;8.8;0.79;0.63;mslp;heur;0.73;0.32;-1;3600;60000;I;12;0.67;0.33;lr109;0;/dados/rmelo/PDPTW-SE/benchmark_multi_island_v5/official_experiments/multistartlp/preliminar/set_01_pt_04/logs;0;0;0;0.0;100.0;1;115;/dados/rmelo/PDPTW-SE/benchmark_multi_island_v5/official_experiments/multistartlp/preliminar/set_01_pt_04/logs/heur_mslp/solutions/12R_12V_02I_03M/lr109_sol_genconfig_mslp_seed_115_alpha_15p.txt;Gurobi;AUTOMATIC;22.76;_bash_3;_seed_115_alpha_15p;5279.84;1;24.83;/dados/rmelo/PDPTW-SE/benchmark_multi_island_v5/official_experiments/multistartlp/preliminar/set_01_pt_04/logs/heur_mslp/timelines/12R_12V_02I_03M/lr109_timeline_genconfig_mslp_seed_115_alpha_15p.txt;164.07;t1;0;722.63;false
0.15;0.0;0.01;0.02;0.0;0.0;6;/dados/rmelo/PDPTW-SE/benchmark_multi_island_v5/official_experiments/multistartlp/preliminar/set_01_pt_04/logs/heur_mslp/outputs/csvresults_heur_mslp_bash_3.csv;0;3;1;26;0;0.0;0.5;true;14;2;lr208_t2_12R_12V_02I_03M;/dados/rmelo/PDPTW-SE/benchmark_multi_island_v5/official_experiments/multistartlp/preliminar/set_01_pt_04/configs/genconfig_mslp.conf;genconfig_mslp;/dados/rmelo/PDPTW-SE/benchmark_multi_island_v5/official_experiments/multistartlp/preliminar/set_01_pt_04/logs/heur_mslp/gurobi/12R_12V_02I_03M/lr208_grb_genconfig_mslp_seed_115_alpha_15p.log;random;12R_12V_02I_03M;1;0;1;/dados/rmelo/PDPTW-SE/benchmark_multi_island_v5/official_experiments/multistartlp/preliminar/set_01_pt_04/../../../../instances/orig_ams_fg/12R_12V_02I_04M/t2/lr208/;60000;10648;0;1123.78;25;13;H;50;95;0;100.0;30.0;true;0.95;100.0;1.0;1.0;1.0;1.0;60;M;51825;60000;false;58;0.78;114.02;0.95;29;10;1000000;-1;3600;6.22;0.78;0.95;mslp;heur;0.78;0.95;-1;3600;60000;I;12;1.0;0.08;lr208;0;/dados/rmelo/PDPTW-SE/benchmark_multi_island_v5/official_experiments/multistartlp/preliminar/set_01_pt_04/logs;0;0;0;0.0;86.38;1;115;/dados/rmelo/PDPTW-SE/benchmark_multi_island_v5/official_experiments/multistartlp/preliminar/set_01_pt_04/logs/heur_mslp/solutions/12R_12V_02I_03M/lr208_sol_genconfig_mslp_seed_115_alpha_15p.txt;Gurobi;AUTOMATIC;22.28;_bash_3;_seed_115_alpha_15p;3730.99;1;57.34;/dados/rmelo/PDPTW-SE/benchmark_multi_island_v5/official_experiments/multistartlp/preliminar/set_01_pt_04/logs/heur_mslp/timelines/12R_12V_02I_03M/lr208_timeline_genconfig_mslp_seed_115_alpha_15p.txt;318.13;t2;0;775.25;false
0.15;0.14;0.26;0.4;0.0;0.0;8;/dados/rmelo/PDPTW-SE/benchmark_multi_island_v5/official_experiments/multistartlp/preliminar/set_01_pt_04/logs/heur_mslp/outputs/csvresults_heur_mslp_bash_3.csv;0;3;1;26;0;0.0;0.5;true;14;2;lr110_t1_12R_12V_04I_03M;/dados/rmelo/PDPTW-SE/benchmark_multi_island_v5/official_experiments/multistartlp/preliminar/set_01_pt_04/configs/genconfig_mslp.conf;genconfig_mslp;/dados/rmelo/PDPTW-SE/benchmark_multi_island_v5/official_experiments/multistartlp/preliminar/set_01_pt_04/logs/heur_mslp/gurobi/12R_12V_04I_03M/lr110_grb_genconfig_mslp_seed_115_alpha_15p.log;random;12R_12V_04I_03M;1;13036;1;/dados/rmelo/PDPTW-SE/benchmark_multi_island_v5/official_experiments/multistartlp/preliminar/set_01_pt_04/../../../../instances/orig_ams_fg/12R_12V_04I_04M/t1/lr110/;60000;1416;0;943.3;25;13;H;50;95;0;100.0;30.0;true;0.95;100.0;1.0;1.0;1.0;1.0;60;M;46964;46964;false;52;0.72;75.02;0.6;26;10;1000000;-1;3600;13.57;0.57;0.39;mslp;heur;0.37;0.15;-1;3600;60000;I;12;1.0;0.5;lr110;0;/dados/rmelo/PDPTW-SE/benchmark_multi_island_v5/official_experiments/multistartlp/preliminar/set_01_pt_04/logs;0;0;0;21.73;100.0;1;115;/dados/rmelo/PDPTW-SE/benchmark_multi_island_v5/official_experiments/multistartlp/preliminar/set_01_pt_04/logs/heur_mslp/solutions/12R_12V_04I_03M/lr110_sol_genconfig_mslp_seed_115_alpha_15p.txt;Gurobi;AUTOMATIC;22.66;_bash_3;_seed_115_alpha_15p;6374.78;1;4.25;/dados/rmelo/PDPTW-SE/benchmark_multi_island_v5/official_experiments/multistartlp/preliminar/set_01_pt_04/logs/heur_mslp/timelines/12R_12V_04I_03M/lr110_timeline_genconfig_mslp_seed_115_alpha_15p.txt;162.07;t1;0;786.88;false
0.15;0.02;0.06;0.09;0.0;0.0;9;/dados/rmelo/PDPTW-SE/benchmark_multi_island_v5/official_experiments/multistartlp/preliminar/set_01_pt_04/logs/heur_mslp/outputs/csvresults_heur_mslp_bash_3.csv;0;3;1;26;0;0.0;0.5;true;14;2;lr207_t2_12R_12V_04I_03M;/dados/rmelo/PDPTW-SE/benchmark_multi_island_v5/official_experiments/multistartlp/preliminar/set_01_pt_04/configs/genconfig_mslp.conf;genconfig_mslp;/dados/rmelo/PDPTW-SE/benchmark_multi_island_v5/official_experiments/multistartlp/preliminar/set_01_pt_04/logs/heur_mslp/gurobi/12R_12V_04I_03M/lr207_grb_genconfig_mslp_seed_115_alpha_15p.log;random;12R_12V_04I_03M;1;0;1;/dados/rmelo/PDPTW-SE/benchmark_multi_island_v5/official_experiments/multistartlp/preliminar/set_01_pt_04/../../../../instances/orig_ams_fg/12R_12V_04I_04M/t2/lr207/;60000;25489;0;1641.9;25;13;H;50;95;0;100.0;30.0;true;0.95;100.0;1.0;1.0;1.0;1.0;60;M;59975;60000;false;40;0.86;90.05;0.97;20;10;1000000;-1;3600;14.42;0.86;0.97;mslp;heur;0.86;0.97;-1;3600;60000;I;12;1.0;0.08;lr207;0;/dados/rmelo/PDPTW-SE/benchmark_multi_island_v5/official_experiments/multistartlp/preliminar/set_01_pt_04/logs;0;0;0;0.0;99.96;1;115;/dados/rmelo/PDPTW-SE/benchmark_multi_island_v5/official_experiments/multistartlp/preliminar/set_01_pt_04/logs/heur_mslp/solutions/12R_12V_04I_03M/lr207_sol_genconfig_mslp_seed_115_alpha_15p.txt;Gurobi;AUTOMATIC;23.23;_bash_3;_seed_115_alpha_15p;8650.54;1;164.56;/dados/rmelo/PDPTW-SE/benchmark_multi_island_v5/official_experiments/multistartlp/preliminar/set_01_pt_04/logs/heur_mslp/timelines/12R_12V_04I_03M/lr207_timeline_genconfig_mslp_seed_115_alpha_15p.txt;353.83;t2;0;862.5;false
0.15;0.06;0.11;0.16;0.0;0.04;1;/dados/rmelo/PDPTW-SE/benchmark_multi_island_v5/official_experiments/multistartlp/preliminar/set_01_pt_04/logs/heur_mslp/outputs/csvresults_heur_mslp_bash_3.csv;0;5;1;82;0;0.0;0.5;true;42;2;LR1_2_6_t1_40R_40V_02I_05M;/dados/rmelo/PDPTW-SE/benchmark_multi_island_v5/official_experiments/multistartlp/preliminar/set_01_pt_04/configs/genconfig_mslp.conf;genconfig_mslp;/dados/rmelo/PDPTW-SE/benchmark_multi_island_v5/official_experiments/multistartlp/preliminar/set_01_pt_04/logs/heur_mslp/gurobi/40R_40V_02I_05M/LR1_2_6_grb_genconfig_mslp_seed_115_alpha_15p.log;random;40R_40V_02I_05M;1;59998;1;/dados/rmelo/PDPTW-SE/benchmark_multi_island_v5/official_experiments/multistartlp/preliminar/set_01_pt_04/../../../../instances/orig_ams_fg/40R_40V_02I_06M/t1/LR1_2_6/;60000;1;0;7153.52;81;41;H;50;95;0;100.0;30.0;true;0.95;100.0;1.0;1.0;1.0;1.0;60;M;2;2;false;72;0.93;213.59;1.0;36;10;1000000;-1;3600;5.26;0.68;0.58;mslp;heur;0.3;0.12;-1;3600;60000;I;40;1.0;0.35;LR1_2_6;0;/dados/rmelo/PDPTW-SE/benchmark_multi_island_v5/official_experiments/multistartlp/preliminar/set_01_pt_04/logs;0;0;0;100.0;100.0;1;115;/dados/rmelo/PDPTW-SE/benchmark_multi_island_v5/official_experiments/multistartlp/preliminar/set_01_pt_04/logs/heur_mslp/solutions/40R_40V_02I_05M/LR1_2_6_sol_genconfig_mslp_seed_115_alpha_15p.txt;Gurobi;AUTOMATIC;22.84;_bash_3;_seed_115_alpha_15p;0.11;1;0.01;/dados/rmelo/PDPTW-SE/benchmark_multi_island_v5/official_experiments/multistartlp/preliminar/set_01_pt_04/logs/heur_mslp/timelines/40R_40V_02I_05M/LR1_2_6_timeline_genconfig_mslp_seed_115_alpha_15p.txt;244.67;t1;0;6037.52;false
0.15;0.01;0.02;0.03;0.01;0.06;10;/dados/rmelo/PDPTW-SE/benchmark_multi_island_v5/official_experiments/multistartlp/preliminar/set_01_pt_04/logs/heur_mslp/outputs/csvresults_heur_mslp_bash_3.csv;0;5;1;82;0;0.0;0.5;true;42;2;LR2_2_10_t2_40R_40V_02I_05M;/dados/rmelo/PDPTW-SE/benchmark_multi_island_v5/official_experiments/multistartlp/preliminar/set_01_pt_04/configs/genconfig_mslp.conf;genconfig_mslp;/dados/rmelo/PDPTW-SE/benchmark_multi_island_v5/official_experiments/multistartlp/preliminar/set_01_pt_04/logs/heur_mslp/gurobi/40R_40V_02I_05M/LR2_2_10_grb_genconfig_mslp_seed_115_alpha_15p.log;random;40R_40V_02I_05M;1;0;1;/dados/rmelo/PDPTW-SE/benchmark_multi_island_v5/official_experiments/multistartlp/preliminar/set_01_pt_04/../../../../instances/orig_ams_fg/40R_40V_02I_06M/t2/LR2_2_10/;60000;58244;0;8918.83;81;41;H;50;95;0;100.0;30.0;true;0.95;100.0;1.0;1.0;1.0;1.0;60;M;60000;60000;false;80;0.9;269.32;0.99;40;10;1000000;-1;3600;6.34;0.51;0.86;mslp;heur;0.2;0.67;-1;3600;60000;I;40;0.8;0.12;LR2_2_10;0;/dados/rmelo/PDPTW-SE/benchmark_multi_island_v5/official_experiments/multistartlp/preliminar/set_01_pt_04/logs;0;0;0;0.0;100.0;1;115;/dados/rmelo/PDPTW-SE/benchmark_multi_island_v5/official_experiments/multistartlp/preliminar/set_01_pt_04/logs/heur_mslp/solutions/40R_40V_02I_05M/LR2_2_10_sol_genconfig_mslp_seed_115_alpha_15p.txt;Gurobi;AUTOMATIC;22.88;_bash_3;_seed_115_alpha_15p;3801.66;1;1658.6;/dados/rmelo/PDPTW-SE/benchmark_multi_island_v5/official_experiments/multistartlp/preliminar/set_01_pt_04/logs/heur_mslp/timelines/40R_40V_02I_05M/LR2_2_10_timeline_genconfig_mslp_seed_115_alpha_15p.txt;1700.36;t2;0;6457.17;false
0.15;0.07;0.15;0.22;0.01;0.03;10;/dados/rmelo/PDPTW-SE/benchmark_multi_island_v5/official_experiments/multistartlp/preliminar/set_01_pt_04/logs/heur_mslp/outputs/csvresults_heur_mslp_bash_3.csv;0;5;1;82;0;0.0;0.5;true;42;2;LR1_2_10_t1_40R_40V_04I_05M;/dados/rmelo/PDPTW-SE/benchmark_multi_island_v5/official_experiments/multistartlp/preliminar/set_01_pt_04/configs/genconfig_mslp.conf;genconfig_mslp;/dados/rmelo/PDPTW-SE/benchmark_multi_island_v5/official_experiments/multistartlp/preliminar/set_01_pt_04/logs/heur_mslp/gurobi/40R_40V_04I_05M/LR1_2_10_grb_genconfig_mslp_seed_115_alpha_15p.log;random;40R_40V_04I_05M;1;36113;1;/dados/rmelo/PDPTW-SE/benchmark_multi_island_v5/official_experiments/multistartlp/preliminar/set_01_pt_04/../../../../instances/orig_ams_fg/40R_40V_04I_06M/t1/LR1_2_10/;60000;2500;0;5449.62;81;41;H;50;95;0;100.0;30.0;true;0.95;100.0;1.0;1.0;1.0;1.0;60;M;23887;23887;false;72;0.9;175.77;0.93;36;10;1000000;-1;3600;7.2;0.6;0.67;mslp;heur;0.23;0.32;-1;3600;60000;I;40;1.0;0.28;LR1_2_10;0;/dados/rmelo/PDPTW-SE/benchmark_multi_island_v5/official_experiments/multistartlp/preliminar/set_01_pt_04/logs;0;0;0;60.19;100.0;1;115;/dados/rmelo/PDPTW-SE/benchmark_multi_island_v5/official_experiments/multistartlp/preliminar/set_01_pt_04/logs/heur_mslp/solutions/40R_40V_04I_05M/LR1_2_10_sol_genconfig_mslp_seed_115_alpha_15p.txt;Gurobi;AUTOMATIC;20.36;_bash_3;_seed_115_alpha_15p;1720.2;1;39.89;/dados/rmelo/PDPTW-SE/benchmark_multi_island_v5/official_experiments/multistartlp/preliminar/set_01_pt_04/logs/heur_mslp/timelines/40R_40V_04I_05M/LR1_2_10_timeline_genconfig_mslp_seed_115_alpha_15p.txt;851.56;t1;0;4194.86;false
0.15;0.04;0.09;0.14;0.0;0.0;5;/dados/rmelo/PDPTW-SE/benchmark_multi_island_v5/official_experiments/multistartlp/preliminar/set_01_pt_04/logs/heur_mslp/outputs/csvresults_heur_mslp_bash_3.csv;0;5;1;82;0;0.0;0.5;true;42;2;LR2_2_7_t2_40R_40V_04I_05M;/dados/rmelo/PDPTW-SE/benchmark_multi_island_v5/official_experiments/multistartlp/preliminar/set_01_pt_04/configs/genconfig_mslp.conf;genconfig_mslp;/dados/rmelo/PDPTW-SE/benchmark_multi_island_v5/official_experiments/multistartlp/preliminar/set_01_pt_04/logs/heur_mslp/gurobi/40R_40V_04I_05M/LR2_2_7_grb_genconfig_mslp_seed_115_alpha_15p.log;random;40R_40V_04I_05M;1;0;1;/dados/rmelo/PDPTW-SE/benchmark_multi_island_v5/official_experiments/multistartlp/preliminar/set_01_pt_04/../../../../instances/orig_ams_fg/40R_40V_04I_06M/t2/LR2_2_7/;45628;6229;0;8162.83;81;41;H;50;95;0;100.0;30.0;true;0.95;100.0;1.0;1.0;1.0;1.0;60;M;45625;45628;false;78;0.8;188.0;0.99;39;10;1000000;-1;3600;2.47;0.75;0.98;mslp;heur;0.66;0.97;-1;3600;60000;I;40;1.0;0.08;LR2_2_7;0;/dados/rmelo/PDPTW-SE/benchmark_multi_island_v5/official_experiments/multistartlp/preliminar/set_01_pt_04/logs;0;0;0;0.0;99.99;1;115;/dados/rmelo/PDPTW-SE/benchmark_multi_island_v5/official_experiments/multistartlp/preliminar/set_01_pt_04/logs/heur_mslp/solutions/40R_40V_04I_05M/LR2_2_7_sol_genconfig_mslp_seed_115_alpha_15p.txt;Gurobi;AUTOMATIC;22.76;_bash_3;_seed_115_alpha_15p;1128.04;1;501.24;/dados/rmelo/PDPTW-SE/benchmark_multi_island_v5/official_experiments/multistartlp/preliminar/set_01_pt_04/logs/heur_mslp/timelines/40R_40V_04I_05M/LR2_2_7_timeline_genconfig_mslp_seed_115_alpha_15p.txt;3600.06;t2;0;5674.53;false
0.15;0.03;0.06;0.09;0.01;0.19;0;/dados/rmelo/PDPTW-SE/benchmark_multi_island_v5/official_experiments/multistartlp/preliminar/set_01_pt_04/logs/heur_mslp/outputs/csvresults_heur_mslp_bash_3.csv;0;5;1;122;0;0.0;0.5;false;62;2;LR1_2_6_t1_60R_60V_02I_05M;/dados/rmelo/PDPTW-SE/benchmark_multi_island_v5/official_experiments/multistartlp/preliminar/set_01_pt_04/configs/genconfig_mslp.conf;genconfig_mslp;/dados/rmelo/PDPTW-SE/benchmark_multi_island_v5/official_experiments/multistartlp/preliminar/set_01_pt_04/logs/heur_mslp/gurobi/60R_60V_02I_05M/LR1_2_6_grb_genconfig_mslp_seed_115_alpha_15p.log;random;60R_60V_02I_05M;1;60000;1;/dados/rmelo/PDPTW-SE/benchmark_multi_island_v5/official_experiments/multistartlp/preliminar/set_01_pt_04/../../../../instances/orig_ams_fg/60R_60V_02I_06M/t1/LR1_2_6/;60000;0;0;0.0;121;61;H;50;95;0;100.0;30.0;true;0.95;100.0;1.0;1.0;1.0;1.0;60;M;0;0;false;82;0.96;277.16;0.61;41;10;1000000;-1;3600;0.0;0.63;0.32;mslp;heur;0.45;0.01;-1;3600;60000;I;60;1.0;0.22;LR1_2_6;0;/dados/rmelo/PDPTW-SE/benchmark_multi_island_v5/official_experiments/multistartlp/preliminar/set_01_pt_04/logs;0;0;0;100.0;0.0;1;115;/dados/rmelo/PDPTW-SE/benchmark_multi_island_v5/official_experiments/multistartlp/preliminar/set_01_pt_04/logs/heur_mslp/solutions/60R_60V_02I_05M/LR1_2_6_sol_genconfig_mslp_seed_115_alpha_15p.txt;Gurobi;AUTOMATIC;23.16;_bash_3;_seed_115_alpha_15p;0.0;1;0.0;/dados/rmelo/PDPTW-SE/benchmark_multi_island_v5/official_experiments/multistartlp/preliminar/set_01_pt_04/logs/heur_mslp/timelines/60R_60V_02I_05M/LR1_2_6_timeline_genconfig_mslp_seed_115_alpha_15p.txt;262.69;t1;0;Inf;false
0.15;0.0;0.01;0.01;0.0;0.01;8;/dados/rmelo/PDPTW-SE/benchmark_multi_island_v5/official_experiments/multistartlp/preliminar/set_01_pt_04/logs/heur_mslp/outputs/csvresults_heur_mslp_bash_3.csv;0;5;1;122;0;0.0;0.5;true;62;2;LR2_2_8_t2_60R_60V_02I_05M;/dados/rmelo/PDPTW-SE/benchmark_multi_island_v5/official_experiments/multistartlp/preliminar/set_01_pt_04/configs/genconfig_mslp.conf;genconfig_mslp;/dados/rmelo/PDPTW-SE/benchmark_multi_island_v5/official_experiments/multistartlp/preliminar/set_01_pt_04/logs/heur_mslp/gurobi/60R_60V_02I_05M/LR2_2_8_grb_genconfig_mslp_seed_115_alpha_15p.log;random;60R_60V_02I_05M;1;0;1;/dados/rmelo/PDPTW-SE/benchmark_multi_island_v5/official_experiments/multistartlp/preliminar/set_01_pt_04/../../../../instances/orig_ams_fg/60R_60V_02I_06M/t2/LR2_2_8/;27351;10992;0;8635.16;121;61;H;50;95;0;100.0;30.0;true;0.95;100.0;1.0;1.0;1.0;1.0;60;M;27231;27351;false;80;0.99;227.5;0.99;40;10;1000000;-1;3600;1.59;0.54;0.84;mslp;heur;0.11;0.45;-1;3600;60000;I;60;0.6;0.08;LR2_2_8;0;/dados/rmelo/PDPTW-SE/benchmark_multi_island_v5/official_experiments/multistartlp/preliminar/set_01_pt_04/logs;0;0;0;0.0;99.56;1;115;/dados/rmelo/PDPTW-SE/benchmark_multi_island_v5/official_experiments/multistartlp/preliminar/set_01_pt_04/logs/heur_mslp/solutions/60R_60V_02I_05M/LR2_2_8_sol_genconfig_mslp_seed_115_alpha_15p.txt;Gurobi;AUTOMATIC;22.65;_bash_3;_seed_115_alpha_15p;434.25;1;1460.19;/dados/rmelo/PDPTW-SE/benchmark_multi_island_v5/official_experiments/multistartlp/preliminar/set_01_pt_04/logs/heur_mslp/timelines/60R_60V_02I_05M/LR2_2_8_timeline_genconfig_mslp_seed_115_alpha_15p.txt;3600.08;t2;0;6837.23;false
0.15;0.12;0.17;0.29;0.01;0.09;1;/dados/rmelo/PDPTW-SE/benchmark_multi_island_v5/official_experiments/multistartlp/preliminar/set_01_pt_04/logs/heur_mslp/outputs/csvresults_heur_mslp_bash_3.csv;0;5;1;122;0;0.0;0.5;true;62;2;LR1_2_6_t1_60R_60V_04I_05M;/dados/rmelo/PDPTW-SE/benchmark_multi_island_v5/official_experiments/multistartlp/preliminar/set_01_pt_04/configs/genconfig_mslp.conf;genconfig_mslp;/dados/rmelo/PDPTW-SE/benchmark_multi_island_v5/official_experiments/multistartlp/preliminar/set_01_pt_04/logs/heur_mslp/gurobi/60R_60V_04I_05M/LR1_2_6_grb_genconfig_mslp_seed_115_alpha_15p.log;random;60R_60V_04I_05M;1;59999;1;/dados/rmelo/PDPTW-SE/benchmark_multi_island_v5/official_experiments/multistartlp/preliminar/set_01_pt_04/../../../../instances/orig_ams_fg/60R_60V_04I_06M/t1/LR1_2_6/;60000;1;0;8335.07;121;61;H;50;95;0;100.0;30.0;true;0.95;100.0;1.0;1.0;1.0;1.0;60;M;1;1;false;82;0.93;184.15;0.96;41;10;1000000;-1;3600;5.47;0.57;0.63;mslp;heur;0.25;0.13;-1;3600;60000;I;60;1.0;0.28;LR1_2_6;0;/dados/rmelo/PDPTW-SE/benchmark_multi_island_v5/official_experiments/multistartlp/preliminar/set_01_pt_04/logs;0;0;0;100.0;100.0;1;115;/dados/rmelo/PDPTW-SE/benchmark_multi_island_v5/official_experiments/multistartlp/preliminar/set_01_pt_04/logs/heur_mslp/solutions/60R_60V_04I_05M/LR1_2_6_sol_genconfig_mslp_seed_115_alpha_15p.txt;Gurobi;AUTOMATIC;23.17;_bash_3;_seed_115_alpha_15p;0.05;1;0.07;/dados/rmelo/PDPTW-SE/benchmark_multi_island_v5/official_experiments/multistartlp/preliminar/set_01_pt_04/logs/heur_mslp/timelines/60R_60V_04I_05M/LR1_2_6_timeline_genconfig_mslp_seed_115_alpha_15p.txt;522.43;t1;0;7879.32;false
0.15;0.03;0.06;0.09;0.0;0.0;3;/dados/rmelo/PDPTW-SE/benchmark_multi_island_v5/official_experiments/multistartlp/preliminar/set_01_pt_04/logs/heur_mslp/outputs/csvresults_heur_mslp_bash_3.csv;0;5;1;122;0;0.0;0.5;true;62;2;LR2_2_8_t2_60R_60V_04I_05M;/dados/rmelo/PDPTW-SE/benchmark_multi_island_v5/official_experiments/multistartlp/preliminar/set_01_pt_04/configs/genconfig_mslp.conf;genconfig_mslp;/dados/rmelo/PDPTW-SE/benchmark_multi_island_v5/official_experiments/multistartlp/preliminar/set_01_pt_04/logs/heur_mslp/gurobi/60R_60V_04I_05M/LR2_2_8_grb_genconfig_mslp_seed_115_alpha_15p.log;random;60R_60V_04I_05M;1;0;1;/dados/rmelo/PDPTW-SE/benchmark_multi_island_v5/official_experiments/multistartlp/preliminar/set_01_pt_04/../../../../instances/orig_ams_fg/60R_60V_04I_06M/t2/LR2_2_8/;14771;12865;0;10902.36;121;61;H;50;95;0;100.0;30.0;true;0.95;100.0;1.0;1.0;1.0;1.0;60;M;14718;14771;false;80;0.84;181.1;0.98;40;10;1000000;-1;3600;1.03;0.75;0.96;mslp;heur;0.63;0.93;-1;3600;60000;I;60;1.0;0.07;LR2_2_8;0;/dados/rmelo/PDPTW-SE/benchmark_multi_island_v5/official_experiments/multistartlp/preliminar/set_01_pt_04/logs;0;0;0;0.0;99.64;1;115;/dados/rmelo/PDPTW-SE/benchmark_multi_island_v5/official_experiments/multistartlp/preliminar/set_01_pt_04/logs/heur_mslp/solutions/60R_60V_04I_05M/LR2_2_8_sol_genconfig_mslp_seed_115_alpha_15p.txt;Gurobi;AUTOMATIC;22.82;_bash_3;_seed_115_alpha_15p;151.92;1;3130.83;/dados/rmelo/PDPTW-SE/benchmark_multi_island_v5/official_experiments/multistartlp/preliminar/set_01_pt_04/logs/heur_mslp/timelines/60R_60V_04I_05M/LR2_2_8_timeline_genconfig_mslp_seed_115_alpha_15p.txt;3600.01;t2;0;7639.3;false
0.15;0.0;0.12;0.12;0.0;0.0;6;/dados/rmelo/PDPTW-SE/benchmark_multi_island_v5/official_experiments/multistartlp/preliminar/set_01_pt_04/logs/heur_mslp/outputs/csvresults_heur_mslp_bash_3.csv;0;3;1;18;0;0.0;0.5;true;10;2;lr109_t1_08R_08V_02I_03M;/dados/rmelo/PDPTW-SE/benchmark_multi_island_v5/official_experiments/multistartlp/preliminar/set_01_pt_04/configs/genconfig_mslp.conf;genconfig_mslp;/dados/rmelo/PDPTW-SE/benchmark_multi_island_v5/official_experiments/multistartlp/preliminar/set_01_pt_04/logs/heur_mslp/gurobi/08R_08V_02I_03M/lr109_grb_genconfig_mslp_seed_122_alpha_15p.log;random;08R_08V_02I_03M;1;0;1;/dados/rmelo/PDPTW-SE/benchmark_multi_island_v5/official_experiments/multistartlp/preliminar/set_01_pt_04/../../../../instances/orig_ams_fg/08R_08V_02I_04M/t1/lr109/;60000;38;0;730.27;17;9;H;50;95;0;100.0;30.0;true;0.95;100.0;1.0;1.0;1.0;1.0;60;M;60000;60000;false;52;0.91;79.5;0.76;26;10;1000000;-1;3600;9.59;0.77;0.55;mslp;heur;0.59;0.28;-1;3600;60000;I;8;0.67;0.38;lr109;0;/dados/rmelo/PDPTW-SE/benchmark_multi_island_v5/official_experiments/multistartlp/preliminar/set_01_pt_04/logs;0;0;0;0.0;100.0;1;122;/dados/rmelo/PDPTW-SE/benchmark_multi_island_v5/official_experiments/multistartlp/preliminar/set_01_pt_04/logs/heur_mslp/solutions/08R_08V_02I_03M/lr109_sol_genconfig_mslp_seed_122_alpha_15p.txt;Gurobi;AUTOMATIC;23.31;_bash_3;_seed_122_alpha_15p;5751.63;1;0.45;/dados/rmelo/PDPTW-SE/benchmark_multi_island_v5/official_experiments/multistartlp/preliminar/set_01_pt_04/logs/heur_mslp/timelines/08R_08V_02I_03M/lr109_timeline_genconfig_mslp_seed_122_alpha_15p.txt;129.47;t1;0;533.17;false
0.15;0.0;0.02;0.02;0.0;0.0;14;/dados/rmelo/PDPTW-SE/benchmark_multi_island_v5/official_experiments/multistartlp/preliminar/set_01_pt_04/logs/heur_mslp/outputs/csvresults_heur_mslp_bash_3.csv;0;3;1;18;0;0.0;0.5;true;10;2;lr209_t2_08R_08V_02I_03M;/dados/rmelo/PDPTW-SE/benchmark_multi_island_v5/official_experiments/multistartlp/preliminar/set_01_pt_04/configs/genconfig_mslp.conf;genconfig_mslp;/dados/rmelo/PDPTW-SE/benchmark_multi_island_v5/official_experiments/multistartlp/preliminar/set_01_pt_04/logs/heur_mslp/gurobi/08R_08V_02I_03M/lr209_grb_genconfig_mslp_seed_122_alpha_15p.log;random;08R_08V_02I_03M;1;0;1;/dados/rmelo/PDPTW-SE/benchmark_multi_island_v5/official_experiments/multistartlp/preliminar/set_01_pt_04/../../../../instances/orig_ams_fg/08R_08V_02I_04M/t2/lr209/;60000;59130;0;775.79;17;9;H;50;95;0;100.0;30.0;true;0.95;100.0;1.0;1.0;1.0;1.0;60;M;58642;60000;false;46;0.57;79.13;0.67;23;10;1000000;-1;3600;21.34;0.57;0.67;mslp;heur;0.57;0.67;-1;3600;60000;I;8;1.0;0.12;lr209;0;/dados/rmelo/PDPTW-SE/benchmark_multi_island_v5/official_experiments/multistartlp/preliminar/set_01_pt_04/logs;0;0;0;0.0;97.74;1;122;/dados/rmelo/PDPTW-SE/benchmark_multi_island_v5/official_experiments/multistartlp/preliminar/set_01_pt_04/logs/heur_mslp/solutions/08R_08V_02I_03M/lr209_sol_genconfig_mslp_seed_122_alpha_15p.txt;Gurobi;AUTOMATIC;22.28;_bash_3;_seed_122_alpha_15p;12804.95;1;148.42;/dados/rmelo/PDPTW-SE/benchmark_multi_island_v5/official_experiments/multistartlp/preliminar/set_01_pt_04/logs/heur_mslp/timelines/08R_08V_02I_03M/lr209_timeline_genconfig_mslp_seed_122_alpha_15p.txt;150.6;t2;0;573.33;false
0.15;0.1;0.28;0.38;0.0;0.0;7;/dados/rmelo/PDPTW-SE/benchmark_multi_island_v5/official_experiments/multistartlp/preliminar/set_01_pt_04/logs/heur_mslp/outputs/csvresults_heur_mslp_bash_3.csv;0;3;1;18;0;0.0;0.5;true;10;2;lr110_t1_08R_08V_04I_03M;/dados/rmelo/PDPTW-SE/benchmark_multi_island_v5/official_experiments/multistartlp/preliminar/set_01_pt_04/configs/genconfig_mslp.conf;genconfig_mslp;/dados/rmelo/PDPTW-SE/benchmark_multi_island_v5/official_experiments/multistartlp/preliminar/set_01_pt_04/logs/heur_mslp/gurobi/08R_08V_04I_03M/lr110_grb_genconfig_mslp_seed_122_alpha_15p.log;random;08R_08V_04I_03M;1;24371;1;/dados/rmelo/PDPTW-SE/benchmark_multi_island_v5/official_experiments/multistartlp/preliminar/set_01_pt_04/../../../../instances/orig_ams_fg/08R_08V_04I_04M/t1/lr110/;60000;632;0;884.83;17;9;H;50;95;0;100.0;30.0;true;0.95;100.0;1.0;1.0;1.0;1.0;60;M;35629;35629;false;52;0.89;73.43;0.69;26;10;1000000;-1;3600;11.71;0.58;0.46;mslp;heur;0.35;0.15;-1;3600;60000;I;8;1.0;0.62;lr110;0;/dados/rmelo/PDPTW-SE/benchmark_multi_island_v5/official_experiments/multistartlp/preliminar/set_01_pt_04/logs;0;0;0;40.62;100.0;1;122;/dados/rmelo/PDPTW-SE/benchmark_multi_island_v5/official_experiments/multistartlp/preliminar/set_01_pt_04/logs/heur_mslp/solutions/08R_08V_04I_03M/lr110_sol_genconfig_mslp_seed_122_alpha_15p.txt;Gurobi;AUTOMATIC;22.7;_bash_3;_seed_122_alpha_15p;4171.59;1;1.45;/dados/rmelo/PDPTW-SE/benchmark_multi_island_v5/official_experiments/multistartlp/preliminar/set_01_pt_04/logs/heur_mslp/timelines/08R_08V_04I_03M/lr110_timeline_genconfig_mslp_seed_122_alpha_15p.txt;99.56;t1;0;672.2;false
0.15;0.01;0.05;0.07;0.0;0.0;6;/dados/rmelo/PDPTW-SE/benchmark_multi_island_v5/official_experiments/multistartlp/preliminar/set_01_pt_04/logs/heur_mslp/outputs/csvresults_heur_mslp_bash_3.csv;0;3;1;18;0;0.0;0.5;true;10;2;lr209_t2_08R_08V_04I_03M;/dados/rmelo/PDPTW-SE/benchmark_multi_island_v5/official_experiments/multistartlp/preliminar/set_01_pt_04/configs/genconfig_mslp.conf;genconfig_mslp;/dados/rmelo/PDPTW-SE/benchmark_multi_island_v5/official_experiments/multistartlp/preliminar/set_01_pt_04/logs/heur_mslp/gurobi/08R_08V_04I_03M/lr209_grb_genconfig_mslp_seed_122_alpha_15p.log;random;08R_08V_04I_03M;1;0;1;/dados/rmelo/PDPTW-SE/benchmark_multi_island_v5/official_experiments/multistartlp/preliminar/set_01_pt_04/../../../../instances/orig_ams_fg/08R_08V_04I_04M/t2/lr209/;60000;33511;0;1260.64;17;9;H;50;95;0;100.0;30.0;true;0.95;100.0;1.0;1.0;1.0;1.0;60;M;59379;60000;false;46;0.56;81.38;0.93;23;10;1000000;-1;3600;22.43;0.31;0.85;mslp;heur;0.07;0.77;-1;3600;60000;I;8;1.0;0.25;lr209;0;/dados/rmelo/PDPTW-SE/benchmark_multi_island_v5/official_experiments/multistartlp/preliminar/set_01_pt_04/logs;0;0;0;0.0;98.96;1;122;/dados/rmelo/PDPTW-SE/benchmark_multi_island_v5/official_experiments/multistartlp/preliminar/set_01_pt_04/logs/heur_mslp/solutions/08R_08V_04I_03M/lr209_sol_genconfig_mslp_seed_122_alpha_15p.txt;Gurobi;AUTOMATIC;23.28;_bash_3;_seed_122_alpha_15p;13456.53;1;115.15;/dados/rmelo/PDPTW-SE/benchmark_multi_island_v5/official_experiments/multistartlp/preliminar/set_01_pt_04/logs/heur_mslp/timelines/08R_08V_04I_03M/lr209_timeline_genconfig_mslp_seed_122_alpha_15p.txt;206.92;t2;0;626.42;false
0.15;0.0;0.07;0.07;0.0;0.0;14;/dados/rmelo/PDPTW-SE/benchmark_multi_island_v5/official_experiments/multistartlp/preliminar/set_01_pt_04/logs/heur_mslp/outputs/csvresults_heur_mslp_bash_3.csv;0;3;1;26;0;0.0;0.5;true;14;2;lr109_t1_12R_12V_02I_03M;/dados/rmelo/PDPTW-SE/benchmark_multi_island_v5/official_experiments/multistartlp/preliminar/set_01_pt_04/configs/genconfig_mslp.conf;genconfig_mslp;/dados/rmelo/PDPTW-SE/benchmark_multi_island_v5/official_experiments/multistartlp/preliminar/set_01_pt_04/logs/heur_mslp/gurobi/12R_12V_02I_03M/lr109_grb_genconfig_mslp_seed_122_alpha_15p.log;random;12R_12V_02I_03M;1;0;1;/dados/rmelo/PDPTW-SE/benchmark_multi_island_v5/official_experiments/multistartlp/preliminar/set_01_pt_04/../../../../instances/orig_ams_fg/12R_12V_02I_04M/t1/lr109/;60000;3835;0;964.98;25;13;H;50;95;0;100.0;30.0;true;0.95;100.0;1.0;1.0;1.0;1.0;60;M;60000;60000;false;58;0.83;96.56;0.98;29;10;1000000;-1;3600;8.79;0.79;0.62;mslp;heur;0.73;0.32;-1;3600;60000;I;12;0.67;0.33;lr109;0;/dados/rmelo/PDPTW-SE/benchmark_multi_island_v5/official_experiments/multistartlp/preliminar/set_01_pt_04/logs;0;0;0;0.0;100.0;1;122;/dados/rmelo/PDPTW-SE/benchmark_multi_island_v5/official_experiments/multistartlp/preliminar/set_01_pt_04/logs/heur_mslp/solutions/12R_12V_02I_03M/lr109_sol_genconfig_mslp_seed_122_alpha_15p.txt;Gurobi;AUTOMATIC;23.6;_bash_3;_seed_122_alpha_15p;5271.21;1;10.87;/dados/rmelo/PDPTW-SE/benchmark_multi_island_v5/official_experiments/multistartlp/preliminar/set_01_pt_04/logs/heur_mslp/timelines/12R_12V_02I_03M/lr109_timeline_genconfig_mslp_seed_122_alpha_15p.txt;160.96;t1;0;722.63;false
0.15;0.01;0.02;0.02;0.0;0.0;6;/dados/rmelo/PDPTW-SE/benchmark_multi_island_v5/official_experiments/multistartlp/preliminar/set_01_pt_04/logs/heur_mslp/outputs/csvresults_heur_mslp_bash_3.csv;0;3;1;26;0;0.0;0.5;true;14;2;lr208_t2_12R_12V_02I_03M;/dados/rmelo/PDPTW-SE/benchmark_multi_island_v5/official_experiments/multistartlp/preliminar/set_01_pt_04/configs/genconfig_mslp.conf;genconfig_mslp;/dados/rmelo/PDPTW-SE/benchmark_multi_island_v5/official_experiments/multistartlp/preliminar/set_01_pt_04/logs/heur_mslp/gurobi/12R_12V_02I_03M/lr208_grb_genconfig_mslp_seed_122_alpha_15p.log;random;12R_12V_02I_03M;1;0;1;/dados/rmelo/PDPTW-SE/benchmark_multi_island_v5/official_experiments/multistartlp/preliminar/set_01_pt_04/../../../../instances/orig_ams_fg/12R_12V_02I_04M/t2/lr208/;60000;20776;0;1338.47;25;13;H;50;95;0;100.0;30.0;true;0.95;100.0;1.0;1.0;1.0;1.0;60;M;51568;60000;false;58;0.79;114.02;0.96;29;10;1000000;-1;3600;6.2;0.79;0.96;mslp;heur;0.79;0.96;-1;3600;60000;I;12;0.67;0.08;lr208;0;/dados/rmelo/PDPTW-SE/benchmark_multi_island_v5/official_experiments/multistartlp/preliminar/set_01_pt_04/logs;0;0;0;0.0;85.95;1;122;/dados/rmelo/PDPTW-SE/benchmark_multi_island_v5/official_experiments/multistartlp/preliminar/set_01_pt_04/logs/heur_mslp/solutions/12R_12V_02I_03M/lr208_sol_genconfig_mslp_seed_122_alpha_15p.txt;Gurobi;AUTOMATIC;22.61;_bash_3;_seed_122_alpha_15p;3719.41;1;110.64;/dados/rmelo/PDPTW-SE/benchmark_multi_island_v5/official_experiments/multistartlp/preliminar/set_01_pt_04/logs/heur_mslp/timelines/12R_12V_02I_03M/lr208_timeline_genconfig_mslp_seed_122_alpha_15p.txt;321.89;t2;0;786.3;false
0.15;0.14;0.26;0.4;0.0;0.0;11;/dados/rmelo/PDPTW-SE/benchmark_multi_island_v5/official_experiments/multistartlp/preliminar/set_01_pt_04/logs/heur_mslp/outputs/csvresults_heur_mslp_bash_3.csv;0;3;1;26;0;0.0;0.5;true;14;2;lr110_t1_12R_12V_04I_03M;/dados/rmelo/PDPTW-SE/benchmark_multi_island_v5/official_experiments/multistartlp/preliminar/set_01_pt_04/configs/genconfig_mslp.conf;genconfig_mslp;/dados/rmelo/PDPTW-SE/benchmark_multi_island_v5/official_experiments/multistartlp/preliminar/set_01_pt_04/logs/heur_mslp/gurobi/12R_12V_04I_03M/lr110_grb_genconfig_mslp_seed_122_alpha_15p.log;random;12R_12V_04I_03M;1;13118;1;/dados/rmelo/PDPTW-SE/benchmark_multi_island_v5/official_experiments/multistartlp/preliminar/set_01_pt_04/../../../../instances/orig_ams_fg/12R_12V_04I_04M/t1/lr110/;60000;7527;0;989.44;25;13;H;50;95;0;100.0;30.0;true;0.95;100.0;1.0;1.0;1.0;1.0;60;M;46882;46882;false;52;0.72;75.02;0.76;26;10;1000000;-1;3600;13.56;0.57;0.44;mslp;heur;0.37;0.12;-1;3600;60000;I;12;1.0;0.5;lr110;0;/dados/rmelo/PDPTW-SE/benchmark_multi_island_v5/official_experiments/multistartlp/preliminar/set_01_pt_04/logs;0;0;0;21.86;100.0;1;122;/dados/rmelo/PDPTW-SE/benchmark_multi_island_v5/official_experiments/multistartlp/preliminar/set_01_pt_04/logs/heur_mslp/solutions/12R_12V_04I_03M/lr110_sol_genconfig_mslp_seed_122_alpha_15p.txt;Gurobi;AUTOMATIC;23.25;_bash_3;_seed_122_alpha_15p;6356.27;1;20.78;/dados/rmelo/PDPTW-SE/benchmark_multi_island_v5/official_experiments/multistartlp/preliminar/set_01_pt_04/logs/heur_mslp/timelines/12R_12V_04I_03M/lr110_timeline_genconfig_mslp_seed_122_alpha_15p.txt;162.29;t1;0;786.88;false
0.15;0.03;0.06;0.09;0.0;0.0;11;/dados/rmelo/PDPTW-SE/benchmark_multi_island_v5/official_experiments/multistartlp/preliminar/set_01_pt_04/logs/heur_mslp/outputs/csvresults_heur_mslp_bash_3.csv;0;3;1;26;0;0.0;0.5;true;14;2;lr207_t2_12R_12V_04I_03M;/dados/rmelo/PDPTW-SE/benchmark_multi_island_v5/official_experiments/multistartlp/preliminar/set_01_pt_04/configs/genconfig_mslp.conf;genconfig_mslp;/dados/rmelo/PDPTW-SE/benchmark_multi_island_v5/official_experiments/multistartlp/preliminar/set_01_pt_04/logs/heur_mslp/gurobi/12R_12V_04I_03M/lr207_grb_genconfig_mslp_seed_122_alpha_15p.log;random;12R_12V_04I_03M;1;0;1;/dados/rmelo/PDPTW-SE/benchmark_multi_island_v5/official_experiments/multistartlp/preliminar/set_01_pt_04/../../../../instances/orig_ams_fg/12R_12V_04I_04M/t2/lr207/;60000;27787;0;1406.74;25;13;H;50;95;0;100.0;30.0;true;0.95;100.0;1.0;1.0;1.0;1.0;60;M;59964;60000;false;40;0.88;90.05;0.97;20;10;1000000;-1;3600;14.39;0.88;0.97;mslp;heur;0.88;0.97;-1;3600;60000;I;12;1.0;0.08;lr207;0;/dados/rmelo/PDPTW-SE/benchmark_multi_island_v5/official_experiments/multistartlp/preliminar/set_01_pt_04/logs;0;0;0;0.0;99.94;1;122;/dados/rmelo/PDPTW-SE/benchmark_multi_island_v5/official_experiments/multistartlp/preliminar/set_01_pt_04/logs/heur_mslp/solutions/12R_12V_04I_03M/lr207_sol_genconfig_mslp_seed_122_alpha_15p.txt;Gurobi;AUTOMATIC;22.5;_bash_3;_seed_122_alpha_15p;8635.61;1;177.74;/dados/rmelo/PDPTW-SE/benchmark_multi_island_v5/official_experiments/multistartlp/preliminar/set_01_pt_04/logs/heur_mslp/timelines/12R_12V_04I_03M/lr207_timeline_genconfig_mslp_seed_122_alpha_15p.txt;381.25;t2;0;883.62;false
0.15;0.06;0.11;0.16;0.0;0.04;1;/dados/rmelo/PDPTW-SE/benchmark_multi_island_v5/official_experiments/multistartlp/preliminar/set_01_pt_04/logs/heur_mslp/outputs/csvresults_heur_mslp_bash_3.csv;0;5;1;82;0;0.0;0.5;true;42;2;LR1_2_6_t1_40R_40V_02I_05M;/dados/rmelo/PDPTW-SE/benchmark_multi_island_v5/official_experiments/multistartlp/preliminar/set_01_pt_04/configs/genconfig_mslp.conf;genconfig_mslp;/dados/rmelo/PDPTW-SE/benchmark_multi_island_v5/official_experiments/multistartlp/preliminar/set_01_pt_04/logs/heur_mslp/gurobi/40R_40V_02I_05M/LR1_2_6_grb_genconfig_mslp_seed_122_alpha_15p.log;random;40R_40V_02I_05M;1;59996;1;/dados/rmelo/PDPTW-SE/benchmark_multi_island_v5/official_experiments/multistartlp/preliminar/set_01_pt_04/../../../../instances/orig_ams_fg/40R_40V_02I_06M/t1/LR1_2_6/;60000;1;0;6698.95;81;41;H;50;95;0;100.0;30.0;true;0.95;100.0;1.0;1.0;1.0;1.0;60;M;4;4;false;72;0.93;213.59;1.0;36;10;1000000;-1;3600;4.97;0.68;0.58;mslp;heur;0.3;0.12;-1;3600;60000;I;40;1.0;0.35;LR1_2_6;0;/dados/rmelo/PDPTW-SE/benchmark_multi_island_v5/official_experiments/multistartlp/preliminar/set_01_pt_04/logs;0;0;0;99.99;100.0;1;122;/dados/rmelo/PDPTW-SE/benchmark_multi_island_v5/official_experiments/multistartlp/preliminar/set_01_pt_04/logs/heur_mslp/solutions/40R_40V_02I_05M/LR1_2_6_sol_genconfig_mslp_seed_122_alpha_15p.txt;Gurobi;AUTOMATIC;23.75;_bash_3;_seed_122_alpha_15p;0.2;1;0.02;/dados/rmelo/PDPTW-SE/benchmark_multi_island_v5/official_experiments/multistartlp/preliminar/set_01_pt_04/logs/heur_mslp/timelines/40R_40V_02I_05M/LR1_2_6_timeline_genconfig_mslp_seed_122_alpha_15p.txt;244.28;t1;0;6037.52;false
0.15;0.0;0.02;0.02;0.0;0.1;15;/dados/rmelo/PDPTW-SE/benchmark_multi_island_v5/official_experiments/multistartlp/preliminar/set_01_pt_04/logs/heur_mslp/outputs/csvresults_heur_mslp_bash_3.csv;0;5;1;82;0;0.0;0.5;true;42;2;LR2_2_10_t2_40R_40V_02I_05M;/dados/rmelo/PDPTW-SE/benchmark_multi_island_v5/official_experiments/multistartlp/preliminar/set_01_pt_04/configs/genconfig_mslp.conf;genconfig_mslp;/dados/rmelo/PDPTW-SE/benchmark_multi_island_v5/official_experiments/multistartlp/preliminar/set_01_pt_04/logs/heur_mslp/gurobi/40R_40V_02I_05M/LR2_2_10_grb_genconfig_mslp_seed_122_alpha_15p.log;random;40R_40V_02I_05M;1;0;1;/dados/rmelo/PDPTW-SE/benchmark_multi_island_v5/official_experiments/multistartlp/preliminar/set_01_pt_04/../../../../instances/orig_ams_fg/40R_40V_02I_06M/t2/LR2_2_10/;60000;53097;0;9239.13;81;41;H;50;95;0;100.0;30.0;true;0.95;100.0;1.0;1.0;1.0;1.0;60;M;60000;60000;false;80;0.92;269.32;0.98;40;10;1000000;-1;3600;6.32;0.64;0.9;mslp;heur;0.47;0.76;-1;3600;60000;I;40;0.8;0.1;LR2_2_10;0;/dados/rmelo/PDPTW-SE/benchmark_multi_island_v5/official_experiments/multistartlp/preliminar/set_01_pt_04/logs;0;0;0;0.0;100.0;1;122;/dados/rmelo/PDPTW-SE/benchmark_multi_island_v5/official_experiments/multistartlp/preliminar/set_01_pt_04/logs/heur_mslp/solutions/40R_40V_02I_05M/LR2_2_10_sol_genconfig_mslp_seed_122_alpha_15p.txt;Gurobi;AUTOMATIC;23.02;_bash_3;_seed_122_alpha_15p;3792.92;1;1511.29;/dados/rmelo/PDPTW-SE/benchmark_multi_island_v5/official_experiments/multistartlp/preliminar/set_01_pt_04/logs/heur_mslp/timelines/40R_40V_02I_05M/LR2_2_10_timeline_genconfig_mslp_seed_122_alpha_15p.txt;1707.51;t2;0;6473.03;false
0.15;0.11;0.16;0.27;0.01;0.03;12;/dados/rmelo/PDPTW-SE/benchmark_multi_island_v5/official_experiments/multistartlp/preliminar/set_01_pt_04/logs/heur_mslp/outputs/csvresults_heur_mslp_bash_3.csv;0;5;1;82;0;0.0;0.5;true;42;2;LR1_2_10_t1_40R_40V_04I_05M;/dados/rmelo/PDPTW-SE/benchmark_multi_island_v5/official_experiments/multistartlp/preliminar/set_01_pt_04/configs/genconfig_mslp.conf;genconfig_mslp;/dados/rmelo/PDPTW-SE/benchmark_multi_island_v5/official_experiments/multistartlp/preliminar/set_01_pt_04/logs/heur_mslp/gurobi/40R_40V_04I_05M/LR1_2_10_grb_genconfig_mslp_seed_122_alpha_15p.log;random;40R_40V_04I_05M;1;36163;1;/dados/rmelo/PDPTW-SE/benchmark_multi_island_v5/official_experiments/multistartlp/preliminar/set_01_pt_04/../../../../instances/orig_ams_fg/40R_40V_04I_06M/t1/LR1_2_10/;60000;37181;0;5310.22;81;41;H;50;95;0;100.0;30.0;true;0.95;100.0;1.0;1.0;1.0;1.0;60;M;23837;23837;false;72;0.88;175.77;0.97;36;10;1000000;-1;3600;7.2;0.67;0.77;mslp;heur;0.23;0.43;-1;3600;60000;I;40;1.0;0.25;LR1_2_10;0;/dados/rmelo/PDPTW-SE/benchmark_multi_island_v5/official_experiments/multistartlp/preliminar/set_01_pt_04/logs;0;0;0;60.27;100.0;1;122;/dados/rmelo/PDPTW-SE/benchmark_multi_island_v5/official_experiments/multistartlp/preliminar/set_01_pt_04/logs/heur_mslp/solutions/40R_40V_04I_05M/LR1_2_10_sol_genconfig_mslp_seed_122_alpha_15p.txt;Gurobi;AUTOMATIC;23.02;_bash_3;_seed_122_alpha_15p;1716.14;1;577.68;/dados/rmelo/PDPTW-SE/benchmark_multi_island_v5/official_experiments/multistartlp/preliminar/set_01_pt_04/logs/heur_mslp/timelines/40R_40V_04I_05M/LR1_2_10_timeline_genconfig_mslp_seed_122_alpha_15p.txt;937.04;t1;0;4252.27;false
0.15;0.05;0.09;0.14;0.0;0.0;6;/dados/rmelo/PDPTW-SE/benchmark_multi_island_v5/official_experiments/multistartlp/preliminar/set_01_pt_04/logs/heur_mslp/outputs/csvresults_heur_mslp_bash_3.csv;0;5;1;82;0;0.0;0.5;true;42;2;LR2_2_7_t2_40R_40V_04I_05M;/dados/rmelo/PDPTW-SE/benchmark_multi_island_v5/official_experiments/multistartlp/preliminar/set_01_pt_04/configs/genconfig_mslp.conf;genconfig_mslp;/dados/rmelo/PDPTW-SE/benchmark_multi_island_v5/official_experiments/multistartlp/preliminar/set_01_pt_04/logs/heur_mslp/gurobi/40R_40V_04I_05M/LR2_2_7_grb_genconfig_mslp_seed_122_alpha_15p.log;random;40R_40V_04I_05M;1;0;1;/dados/rmelo/PDPTW-SE/benchmark_multi_island_v5/official_experiments/multistartlp/preliminar/set_01_pt_04/../../../../instances/orig_ams_fg/40R_40V_04I_06M/t2/LR2_2_7/;45982;16003;0;8467.63;81;41;H;50;95;0;100.0;30.0;true;0.95;100.0;1.0;1.0;1.0;1.0;60;M;45981;45982;false;78;0.79;188.0;0.97;39;10;1000000;-1;3600;2.47;0.72;0.94;mslp;heur;0.63;0.91;-1;3600;60000;I;40;1.0;0.08;LR2_2_7;0;/dados/rmelo/PDPTW-SE/benchmark_multi_island_v5/official_experiments/multistartlp/preliminar/set_01_pt_04/logs;0;0;0;0.0;100.0;1;122;/dados/rmelo/PDPTW-SE/benchmark_multi_island_v5/official_experiments/multistartlp/preliminar/set_01_pt_04/logs/heur_mslp/solutions/40R_40V_04I_05M/LR2_2_7_sol_genconfig_mslp_seed_122_alpha_15p.txt;Gurobi;AUTOMATIC;23.04;_bash_3;_seed_122_alpha_15p;1137.42;1;1242.75;/dados/rmelo/PDPTW-SE/benchmark_multi_island_v5/official_experiments/multistartlp/preliminar/set_01_pt_04/logs/heur_mslp/timelines/40R_40V_04I_05M/LR2_2_7_timeline_genconfig_mslp_seed_122_alpha_15p.txt;3600.06;t2;0;5501.24;false
0.15;0.03;0.06;0.09;0.01;0.19;0;/dados/rmelo/PDPTW-SE/benchmark_multi_island_v5/official_experiments/multistartlp/preliminar/set_01_pt_04/logs/heur_mslp/outputs/csvresults_heur_mslp_bash_3.csv;0;5;1;122;0;0.0;0.5;false;62;2;LR1_2_6_t1_60R_60V_02I_05M;/dados/rmelo/PDPTW-SE/benchmark_multi_island_v5/official_experiments/multistartlp/preliminar/set_01_pt_04/configs/genconfig_mslp.conf;genconfig_mslp;/dados/rmelo/PDPTW-SE/benchmark_multi_island_v5/official_experiments/multistartlp/preliminar/set_01_pt_04/logs/heur_mslp/gurobi/60R_60V_02I_05M/LR1_2_6_grb_genconfig_mslp_seed_122_alpha_15p.log;random;60R_60V_02I_05M;1;60000;1;/dados/rmelo/PDPTW-SE/benchmark_multi_island_v5/official_experiments/multistartlp/preliminar/set_01_pt_04/../../../../instances/orig_ams_fg/60R_60V_02I_06M/t1/LR1_2_6/;60000;0;0;0.0;121;61;H;50;95;0;100.0;30.0;true;0.95;100.0;1.0;1.0;1.0;1.0;60;M;0;0;false;82;0.96;277.16;0.61;41;10;1000000;-1;3600;0.0;0.63;0.32;mslp;heur;0.45;0.01;-1;3600;60000;I;60;1.0;0.22;LR1_2_6;0;/dados/rmelo/PDPTW-SE/benchmark_multi_island_v5/official_experiments/multistartlp/preliminar/set_01_pt_04/logs;0;0;0;100.0;0.0;1;122;/dados/rmelo/PDPTW-SE/benchmark_multi_island_v5/official_experiments/multistartlp/preliminar/set_01_pt_04/logs/heur_mslp/solutions/60R_60V_02I_05M/LR1_2_6_sol_genconfig_mslp_seed_122_alpha_15p.txt;Gurobi;AUTOMATIC;22.81;_bash_3;_seed_122_alpha_15p;0.0;1;0.0;/dados/rmelo/PDPTW-SE/benchmark_multi_island_v5/official_experiments/multistartlp/preliminar/set_01_pt_04/logs/heur_mslp/timelines/60R_60V_02I_05M/LR1_2_6_timeline_genconfig_mslp_seed_122_alpha_15p.txt;262.43;t1;0;Inf;false
0.15;0.0;0.01;0.02;0.0;0.01;6;/dados/rmelo/PDPTW-SE/benchmark_multi_island_v5/official_experiments/multistartlp/preliminar/set_01_pt_04/logs/heur_mslp/outputs/csvresults_heur_mslp_bash_3.csv;0;5;1;122;0;0.0;0.5;true;62;2;LR2_2_8_t2_60R_60V_02I_05M;/dados/rmelo/PDPTW-SE/benchmark_multi_island_v5/official_experiments/multistartlp/preliminar/set_01_pt_04/configs/genconfig_mslp.conf;genconfig_mslp;/dados/rmelo/PDPTW-SE/benchmark_multi_island_v5/official_experiments/multistartlp/preliminar/set_01_pt_04/logs/heur_mslp/gurobi/60R_60V_02I_05M/LR2_2_8_grb_genconfig_mslp_seed_122_alpha_15p.log;random;60R_60V_02I_05M;1;0;1;/dados/rmelo/PDPTW-SE/benchmark_multi_island_v5/official_experiments/multistartlp/preliminar/set_01_pt_04/../../../../instances/orig_ams_fg/60R_60V_02I_06M/t2/LR2_2_8/;27112;10663;0;9272.92;121;61;H;50;95;0;100.0;30.0;true;0.95;100.0;1.0;1.0;1.0;1.0;60;M;26996;27112;false;80;0.98;227.5;1.0;40;10;1000000;-1;3600;1.55;0.7;0.97;mslp;heur;0.28;0.93;-1;3600;60000;I;60;0.8;0.07;LR2_2_8;0;/dados/rmelo/PDPTW-SE/benchmark_multi_island_v5/official_experiments/multistartlp/preliminar/set_01_pt_04/logs;0;0;0;0.0;99.57;1;122;/dados/rmelo/PDPTW-SE/benchmark_multi_island_v5/official_experiments/multistartlp/preliminar/set_01_pt_04/logs/heur_mslp/solutions/60R_60V_02I_05M/LR2_2_8_sol_genconfig_mslp_seed_122_alpha_15p.txt;Gurobi;AUTOMATIC;23.76;_bash_3;_seed_122_alpha_15p;419.01;1;1413.76;/dados/rmelo/PDPTW-SE/benchmark_multi_island_v5/official_experiments/multistartlp/preliminar/set_01_pt_04/logs/heur_mslp/timelines/60R_60V_02I_05M/LR2_2_8_timeline_genconfig_mslp_seed_122_alpha_15p.txt;3600.05;t2;0;7125.33;false
0.15;0.12;0.17;0.29;0.01;0.09;1;/dados/rmelo/PDPTW-SE/benchmark_multi_island_v5/official_experiments/multistartlp/preliminar/set_01_pt_04/logs/heur_mslp/outputs/csvresults_heur_mslp_bash_3.csv;0;5;1;122;0;0.0;0.5;true;62;2;LR1_2_6_t1_60R_60V_04I_05M;/dados/rmelo/PDPTW-SE/benchmark_multi_island_v5/official_experiments/multistartlp/preliminar/set_01_pt_04/configs/genconfig_mslp.conf;genconfig_mslp;/dados/rmelo/PDPTW-SE/benchmark_multi_island_v5/official_experiments/multistartlp/preliminar/set_01_pt_04/logs/heur_mslp/gurobi/60R_60V_04I_05M/LR1_2_6_grb_genconfig_mslp_seed_122_alpha_15p.log;random;60R_60V_04I_05M;1;59999;1;/dados/rmelo/PDPTW-SE/benchmark_multi_island_v5/official_experiments/multistartlp/preliminar/set_01_pt_04/../../../../instances/orig_ams_fg/60R_60V_04I_06M/t1/LR1_2_6/;60000;1;0;8335.07;121;61;H;50;95;0;100.0;30.0;true;0.95;100.0;1.0;1.0;1.0;1.0;60;M;1;1;false;82;0.93;184.15;0.96;41;10;1000000;-1;3600;5.47;0.57;0.63;mslp;heur;0.25;0.13;-1;3600;60000;I;60;1.0;0.28;LR1_2_6;0;/dados/rmelo/PDPTW-SE/benchmark_multi_island_v5/official_experiments/multistartlp/preliminar/set_01_pt_04/logs;0;0;0;100.0;100.0;1;122;/dados/rmelo/PDPTW-SE/benchmark_multi_island_v5/official_experiments/multistartlp/preliminar/set_01_pt_04/logs/heur_mslp/solutions/60R_60V_04I_05M/LR1_2_6_sol_genconfig_mslp_seed_122_alpha_15p.txt;Gurobi;AUTOMATIC;23.36;_bash_3;_seed_122_alpha_15p;0.05;1;0.04;/dados/rmelo/PDPTW-SE/benchmark_multi_island_v5/official_experiments/multistartlp/preliminar/set_01_pt_04/logs/heur_mslp/timelines/60R_60V_04I_05M/LR1_2_6_timeline_genconfig_mslp_seed_122_alpha_15p.txt;527.12;t1;0;7879.32;false
0.15;0.02;0.06;0.08;0.0;0.0;3;/dados/rmelo/PDPTW-SE/benchmark_multi_island_v5/official_experiments/multistartlp/preliminar/set_01_pt_04/logs/heur_mslp/outputs/csvresults_heur_mslp_bash_3.csv;0;5;1;122;0;0.0;0.5;true;62;2;LR2_2_8_t2_60R_60V_04I_05M;/dados/rmelo/PDPTW-SE/benchmark_multi_island_v5/official_experiments/multistartlp/preliminar/set_01_pt_04/configs/genconfig_mslp.conf;genconfig_mslp;/dados/rmelo/PDPTW-SE/benchmark_multi_island_v5/official_experiments/multistartlp/preliminar/set_01_pt_04/logs/heur_mslp/gurobi/60R_60V_04I_05M/LR2_2_8_grb_genconfig_mslp_seed_122_alpha_15p.log;random;60R_60V_04I_05M;1;0;1;/dados/rmelo/PDPTW-SE/benchmark_multi_island_v5/official_experiments/multistartlp/preliminar/set_01_pt_04/../../../../instances/orig_ams_fg/60R_60V_04I_06M/t2/LR2_2_8/;14442;3978;0;8426.84;121;61;H;50;95;0;100.0;30.0;true;0.95;100.0;1.0;1.0;1.0;1.0;60;M;14395;14442;false;80;0.93;181.1;0.98;40;10;1000000;-1;3600;1.02;0.6;0.83;mslp;heur;0.04;0.33;-1;3600;60000;I;60;1.0;0.08;LR2_2_8;0;/dados/rmelo/PDPTW-SE/benchmark_multi_island_v5/official_experiments/multistartlp/preliminar/set_01_pt_04/logs;0;0;0;0.0;99.67;1;122;/dados/rmelo/PDPTW-SE/benchmark_multi_island_v5/official_experiments/multistartlp/preliminar/set_01_pt_04/logs/heur_mslp/solutions/60R_60V_04I_05M/LR2_2_8_sol_genconfig_mslp_seed_122_alpha_15p.txt;Gurobi;AUTOMATIC;22.91;_bash_3;_seed_122_alpha_15p;147.7;1;1002.7;/dados/rmelo/PDPTW-SE/benchmark_multi_island_v5/official_experiments/multistartlp/preliminar/set_01_pt_04/logs/heur_mslp/timelines/60R_60V_04I_05M/LR2_2_8_timeline_genconfig_mslp_seed_122_alpha_15p.txt;3600.0;t2;0;7579.04;false
0.15;0.0;0.12;0.12;0.0;0.0;5;/dados/rmelo/PDPTW-SE/benchmark_multi_island_v5/official_experiments/multistartlp/preliminar/set_01_pt_04/logs/heur_mslp/outputs/csvresults_heur_mslp_bash_3.csv;0;3;1;18;0;0.0;0.5;true;10;2;lr109_t1_08R_08V_02I_03M;/dados/rmelo/PDPTW-SE/benchmark_multi_island_v5/official_experiments/multistartlp/preliminar/set_01_pt_04/configs/genconfig_mslp.conf;genconfig_mslp;/dados/rmelo/PDPTW-SE/benchmark_multi_island_v5/official_experiments/multistartlp/preliminar/set_01_pt_04/logs/heur_mslp/gurobi/08R_08V_02I_03M/lr109_grb_genconfig_mslp_seed_129_alpha_15p.log;random;08R_08V_02I_03M;1;0;1;/dados/rmelo/PDPTW-SE/benchmark_multi_island_v5/official_experiments/multistartlp/preliminar/set_01_pt_04/../../../../instances/orig_ams_fg/08R_08V_02I_04M/t1/lr109/;60000;15;0;564.05;17;9;H;50;95;0;100.0;30.0;true;0.95;100.0;1.0;1.0;1.0;1.0;60;M;60000;60000;false;52;0.91;79.5;0.6;26;10;1000000;-1;3600;9.59;0.77;0.45;mslp;heur;0.59;0.23;-1;3600;60000;I;8;0.67;0.38;lr109;0;/dados/rmelo/PDPTW-SE/benchmark_multi_island_v5/official_experiments/multistartlp/preliminar/set_01_pt_04/logs;0;0;0;0.0;100.0;1;129;/dados/rmelo/PDPTW-SE/benchmark_multi_island_v5/official_experiments/multistartlp/preliminar/set_01_pt_04/logs/heur_mslp/solutions/08R_08V_02I_03M/lr109_sol_genconfig_mslp_seed_129_alpha_15p.txt;Gurobi;AUTOMATIC;23.17;_bash_3;_seed_129_alpha_15p;5753.34;1;0.41;/dados/rmelo/PDPTW-SE/benchmark_multi_island_v5/official_experiments/multistartlp/preliminar/set_01_pt_04/logs/heur_mslp/timelines/08R_08V_02I_03M/lr109_timeline_genconfig_mslp_seed_129_alpha_15p.txt;125.99;t1;0;533.17;false
0.15;0.0;0.03;0.03;0.0;0.0;11;/dados/rmelo/PDPTW-SE/benchmark_multi_island_v5/official_experiments/multistartlp/preliminar/set_01_pt_04/logs/heur_mslp/outputs/csvresults_heur_mslp_bash_3.csv;0;3;1;18;0;0.0;0.5;true;10;2;lr209_t2_08R_08V_02I_03M;/dados/rmelo/PDPTW-SE/benchmark_multi_island_v5/official_experiments/multistartlp/preliminar/set_01_pt_04/configs/genconfig_mslp.conf;genconfig_mslp;/dados/rmelo/PDPTW-SE/benchmark_multi_island_v5/official_experiments/multistartlp/preliminar/set_01_pt_04/logs/heur_mslp/gurobi/08R_08V_02I_03M/lr209_grb_genconfig_mslp_seed_129_alpha_15p.log;random;08R_08V_02I_03M;1;0;1;/dados/rmelo/PDPTW-SE/benchmark_multi_island_v5/official_experiments/multistartlp/preliminar/set_01_pt_04/../../../../instances/orig_ams_fg/08R_08V_02I_04M/t2/lr209/;60000;45934;0;795.67;17;9;H;50;95;0;100.0;30.0;true;0.95;100.0;1.0;1.0;1.0;1.0;60;M;58638;60000;false;46;0.57;79.13;0.82;23;10;1000000;-1;3600;21.32;0.57;0.82;mslp;heur;0.57;0.82;-1;3600;60000;I;8;0.67;0.12;lr209;0;/dados/rmelo/PDPTW-SE/benchmark_multi_island_v5/official_experiments/multistartlp/preliminar/set_01_pt_04/logs;0;0;0;0.0;97.73;1;129;/dados/rmelo/PDPTW-SE/benchmark_multi_island_v5/official_experiments/multistartlp/preliminar/set_01_pt_04/logs/heur_mslp/solutions/08R_08V_02I_03M/lr209_sol_genconfig_mslp_seed_129_alpha_15p.txt;Gurobi;AUTOMATIC;22.79;_bash_3;_seed_129_alpha_15p;12793.45;1;119.78;/dados/rmelo/PDPTW-SE/benchmark_multi_island_v5/official_experiments/multistartlp/preliminar/set_01_pt_04/logs/heur_mslp/timelines/08R_08V_02I_03M/lr209_timeline_genconfig_mslp_seed_129_alpha_15p.txt;154.34;t2;0;565.91;false
0.15;0.1;0.28;0.38;0.0;0.0;8;/dados/rmelo/PDPTW-SE/benchmark_multi_island_v5/official_experiments/multistartlp/preliminar/set_01_pt_04/logs/heur_mslp/outputs/csvresults_heur_mslp_bash_3.csv;0;3;1;18;0;0.0;0.5;true;10;2;lr110_t1_08R_08V_04I_03M;/dados/rmelo/PDPTW-SE/benchmark_multi_island_v5/official_experiments/multistartlp/preliminar/set_01_pt_04/configs/genconfig_mslp.conf;genconfig_mslp;/dados/rmelo/PDPTW-SE/benchmark_multi_island_v5/official_experiments/multistartlp/preliminar/set_01_pt_04/logs/heur_mslp/gurobi/08R_08V_04I_03M/lr110_grb_genconfig_mslp_seed_129_alpha_15p.log;random;08R_08V_04I_03M;1;24392;1;/dados/rmelo/PDPTW-SE/benchmark_multi_island_v5/official_experiments/multistartlp/preliminar/set_01_pt_04/../../../../instances/orig_ams_fg/08R_08V_04I_04M/t1/lr110/;60000;1487;0;850.95;17;9;H;50;95;0;100.0;30.0;true;0.95;100.0;1.0;1.0;1.0;1.0;60;M;35608;35608;false;52;0.89;73.43;0.69;26;10;1000000;-1;3600;11.73;0.58;0.44;mslp;heur;0.35;0.15;-1;3600;60000;I;8;1.0;0.62;lr110;0;/dados/rmelo/PDPTW-SE/benchmark_multi_island_v5/official_experiments/multistartlp/preliminar/set_01_pt_04/logs;0;0;0;40.65;100.0;1;129;/dados/rmelo/PDPTW-SE/benchmark_multi_island_v5/official_experiments/multistartlp/preliminar/set_01_pt_04/logs/heur_mslp/solutions/08R_08V_04I_03M/lr110_sol_genconfig_mslp_seed_129_alpha_15p.txt;Gurobi;AUTOMATIC;22.08;_bash_3;_seed_129_alpha_15p;4177.72;1;2.88;/dados/rmelo/PDPTW-SE/benchmark_multi_island_v5/official_experiments/multistartlp/preliminar/set_01_pt_04/logs/heur_mslp/timelines/08R_08V_04I_03M/lr110_timeline_genconfig_mslp_seed_129_alpha_15p.txt;98.49;t1;0;672.2;false
0.15;0.01;0.05;0.07;0.0;0.0;9;/dados/rmelo/PDPTW-SE/benchmark_multi_island_v5/official_experiments/multistartlp/preliminar/set_01_pt_04/logs/heur_mslp/outputs/csvresults_heur_mslp_bash_3.csv;0;3;1;18;0;0.0;0.5;true;10;2;lr209_t2_08R_08V_04I_03M;/dados/rmelo/PDPTW-SE/benchmark_multi_island_v5/official_experiments/multistartlp/preliminar/set_01_pt_04/configs/genconfig_mslp.conf;genconfig_mslp;/dados/rmelo/PDPTW-SE/benchmark_multi_island_v5/official_experiments/multistartlp/preliminar/set_01_pt_04/logs/heur_mslp/gurobi/08R_08V_04I_03M/lr209_grb_genconfig_mslp_seed_129_alpha_15p.log;random;08R_08V_04I_03M;1;0;1;/dados/rmelo/PDPTW-SE/benchmark_multi_island_v5/official_experiments/multistartlp/preliminar/set_01_pt_04/../../../../instances/orig_ams_fg/08R_08V_04I_04M/t2/lr209/;60000;12226;0;1463.18;17;9;H;50;95;0;100.0;30.0;true;0.95;100.0;1.0;1.0;1.0;1.0;60;M;59298;60000;false;46;0.56;81.38;0.93;23;10;1000000;-1;3600;22.49;0.31;0.77;mslp;heur;0.07;0.61;-1;3600;60000;I;8;1.0;0.25;lr209;0;/dados/rmelo/PDPTW-SE/benchmark_multi_island_v5/official_experiments/multistartlp/preliminar/set_01_pt_04/logs;0;0;0;0.0;98.83;1;129;/dados/rmelo/PDPTW-SE/benchmark_multi_island_v5/official_experiments/multistartlp/preliminar/set_01_pt_04/logs/heur_mslp/solutions/08R_08V_04I_03M/lr209_sol_genconfig_mslp_seed_129_alpha_15p.txt;Gurobi;AUTOMATIC;23.12;_bash_3;_seed_129_alpha_15p;13491.75;1;42.22;/dados/rmelo/PDPTW-SE/benchmark_multi_island_v5/official_experiments/multistartlp/preliminar/set_01_pt_04/logs/heur_mslp/timelines/08R_08V_04I_03M/lr209_timeline_genconfig_mslp_seed_129_alpha_15p.txt;207.1;t2;0;626.42;false
0.15;0.0;0.07;0.07;0.0;0.0;11;/dados/rmelo/PDPTW-SE/benchmark_multi_island_v5/official_experiments/multistartlp/preliminar/set_01_pt_04/logs/heur_mslp/outputs/csvresults_heur_mslp_bash_3.csv;0;3;1;26;0;0.0;0.5;true;14;2;lr109_t1_12R_12V_02I_03M;/dados/rmelo/PDPTW-SE/benchmark_multi_island_v5/official_experiments/multistartlp/preliminar/set_01_pt_04/configs/genconfig_mslp.conf;genconfig_mslp;/dados/rmelo/PDPTW-SE/benchmark_multi_island_v5/official_experiments/multistartlp/preliminar/set_01_pt_04/logs/heur_mslp/gurobi/12R_12V_02I_03M/lr109_grb_genconfig_mslp_seed_129_alpha_15p.log;random;12R_12V_02I_03M;1;0;1;/dados/rmelo/PDPTW-SE/benchmark_multi_island_v5/official_experiments/multistartlp/preliminar/set_01_pt_04/../../../../instances/orig_ams_fg/12R_12V_02I_04M/t1/lr109/;60000;6681;0;1126.81;25;13;H;50;95;0;100.0;30.0;true;0.95;100.0;1.0;1.0;1.0;1.0;60;M;60000;60000;false;58;0.83;96.56;0.98;29;10;1000000;-1;3600;8.83;0.79;0.65;mslp;heur;0.73;0.25;-1;3600;60000;I;12;0.67;0.33;lr109;0;/dados/rmelo/PDPTW-SE/benchmark_multi_island_v5/official_experiments/multistartlp/preliminar/set_01_pt_04/logs;0;0;0;0.0;100.0;1;129;/dados/rmelo/PDPTW-SE/benchmark_multi_island_v5/official_experiments/multistartlp/preliminar/set_01_pt_04/logs/heur_mslp/solutions/12R_12V_02I_03M/lr109_sol_genconfig_mslp_seed_129_alpha_15p.txt;Gurobi;AUTOMATIC;22.73;_bash_3;_seed_129_alpha_15p;5300.74;1;18.53;/dados/rmelo/PDPTW-SE/benchmark_multi_island_v5/official_experiments/multistartlp/preliminar/set_01_pt_04/logs/heur_mslp/timelines/12R_12V_02I_03M/lr109_timeline_genconfig_mslp_seed_129_alpha_15p.txt;161.95;t1;0;722.63;false
0.15;0.01;0.01;0.02;0.0;0.0;10;/dados/rmelo/PDPTW-SE/benchmark_multi_island_v5/official_experiments/multistartlp/preliminar/set_01_pt_04/logs/heur_mslp/outputs/csvresults_heur_mslp_bash_3.csv;0;3;1;26;0;0.0;0.5;true;14;2;lr208_t2_12R_12V_02I_03M;/dados/rmelo/PDPTW-SE/benchmark_multi_island_v5/official_experiments/multistartlp/preliminar/set_01_pt_04/configs/genconfig_mslp.conf;genconfig_mslp;/dados/rmelo/PDPTW-SE/benchmark_multi_island_v5/official_experiments/multistartlp/preliminar/set_01_pt_04/logs/heur_mslp/gurobi/12R_12V_02I_03M/lr208_grb_genconfig_mslp_seed_129_alpha_15p.log;random;12R_12V_02I_03M;1;0;1;/dados/rmelo/PDPTW-SE/benchmark_multi_island_v5/official_experiments/multistartlp/preliminar/set_01_pt_04/../../../../instances/orig_ams_fg/12R_12V_02I_04M/t2/lr208/;60000;7728;0;1223.25;25;13;H;50;95;0;100.0;30.0;true;0.95;100.0;1.0;1.0;1.0;1.0;60;M;51564;60000;false;58;0.78;114.02;0.86;29;10;1000000;-1;3600;6.18;0.78;0.86;mslp;heur;0.78;0.86;-1;3600;60000;I;12;1.0;0.08;lr208;0;/dados/rmelo/PDPTW-SE/benchmark_multi_island_v5/official_experiments/multistartlp/preliminar/set_01_pt_04/logs;0;0;0;0.0;85.94;1;129;/dados/rmelo/PDPTW-SE/benchmark_multi_island_v5/official_experiments/multistartlp/preliminar/set_01_pt_04/logs/heur_mslp/solutions/12R_12V_02I_03M/lr208_sol_genconfig_mslp_seed_129_alpha_15p.txt;Gurobi;AUTOMATIC;22.28;_bash_3;_seed_129_alpha_15p;3707.05;1;41.71;/dados/rmelo/PDPTW-SE/benchmark_multi_island_v5/official_experiments/multistartlp/preliminar/set_01_pt_04/logs/heur_mslp/timelines/12R_12V_02I_03M/lr208_timeline_genconfig_mslp_seed_129_alpha_15p.txt;319.51;t2;0;784.78;false
0.15;0.14;0.26;0.4;0.0;0.0;10;/dados/rmelo/PDPTW-SE/benchmark_multi_island_v5/official_experiments/multistartlp/preliminar/set_01_pt_04/logs/heur_mslp/outputs/csvresults_heur_mslp_bash_3.csv;0;3;1;26;0;0.0;0.5;true;14;2;lr110_t1_12R_12V_04I_03M;/dados/rmelo/PDPTW-SE/benchmark_multi_island_v5/official_experiments/multistartlp/preliminar/set_01_pt_04/configs/genconfig_mslp.conf;genconfig_mslp;/dados/rmelo/PDPTW-SE/benchmark_multi_island_v5/official_experiments/multistartlp/preliminar/set_01_pt_04/logs/heur_mslp/gurobi/12R_12V_04I_03M/lr110_grb_genconfig_mslp_seed_129_alpha_15p.log;random;12R_12V_04I_03M;1;12759;1;/dados/rmelo/PDPTW-SE/benchmark_multi_island_v5/official_experiments/multistartlp/preliminar/set_01_pt_04/../../../../instances/orig_ams_fg/12R_12V_04I_04M/t1/lr110/;60000;7844;0;993.26;25;13;H;50;95;0;100.0;30.0;true;0.95;100.0;1.0;1.0;1.0;1.0;60;M;47241;47241;false;52;0.72;75.02;0.85;26;10;1000000;-1;3600;13.57;0.57;0.5;mslp;heur;0.37;0.15;-1;3600;60000;I;12;1.0;0.5;lr110;0;/dados/rmelo/PDPTW-SE/benchmark_multi_island_v5/official_experiments/multistartlp/preliminar/set_01_pt_04/logs;0;0;0;21.26;100.0;1;129;/dados/rmelo/PDPTW-SE/benchmark_multi_island_v5/official_experiments/multistartlp/preliminar/set_01_pt_04/logs/heur_mslp/solutions/12R_12V_04I_03M/lr110_sol_genconfig_mslp_seed_129_alpha_15p.txt;Gurobi;AUTOMATIC;23.09;_bash_3;_seed_129_alpha_15p;6412.92;1;21.85;/dados/rmelo/PDPTW-SE/benchmark_multi_island_v5/official_experiments/multistartlp/preliminar/set_01_pt_04/logs/heur_mslp/timelines/12R_12V_04I_03M/lr110_timeline_genconfig_mslp_seed_129_alpha_15p.txt;161.56;t1;0;786.88;false
0.15;0.03;0.06;0.09;0.0;0.0;11;/dados/rmelo/PDPTW-SE/benchmark_multi_island_v5/official_experiments/multistartlp/preliminar/set_01_pt_04/logs/heur_mslp/outputs/csvresults_heur_mslp_bash_3.csv;0;3;1;26;0;0.0;0.5;true;14;2;lr207_t2_12R_12V_04I_03M;/dados/rmelo/PDPTW-SE/benchmark_multi_island_v5/official_experiments/multistartlp/preliminar/set_01_pt_04/configs/genconfig_mslp.conf;genconfig_mslp;/dados/rmelo/PDPTW-SE/benchmark_multi_island_v5/official_experiments/multistartlp/preliminar/set_01_pt_04/logs/heur_mslp/gurobi/12R_12V_04I_03M/lr207_grb_genconfig_mslp_seed_129_alpha_15p.log;random;12R_12V_04I_03M;1;0;1;/dados/rmelo/PDPTW-SE/benchmark_multi_island_v5/official_experiments/multistartlp/preliminar/set_01_pt_04/../../../../instances/orig_ams_fg/12R_12V_04I_04M/t2/lr207/;60000;13028;0;1779.99;25;13;H;50;95;0;100.0;30.0;true;0.95;100.0;1.0;1.0;1.0;1.0;60;M;59974;60000;false;40;0.89;90.05;0.97;20;10;1000000;-1;3600;14.42;0.89;0.97;mslp;heur;0.89;0.97;-1;3600;60000;I;12;1.0;0.08;lr207;0;/dados/rmelo/PDPTW-SE/benchmark_multi_island_v5/official_experiments/multistartlp/preliminar/set_01_pt_04/logs;0;0;0;0.0;99.96;1;129;/dados/rmelo/PDPTW-SE/benchmark_multi_island_v5/official_experiments/multistartlp/preliminar/set_01_pt_04/logs/heur_mslp/solutions/12R_12V_04I_03M/lr207_sol_genconfig_mslp_seed_129_alpha_15p.txt;Gurobi;AUTOMATIC;22.89;_bash_3;_seed_129_alpha_15p;8649.8;1;83.47;/dados/rmelo/PDPTW-SE/benchmark_multi_island_v5/official_experiments/multistartlp/preliminar/set_01_pt_04/logs/heur_mslp/timelines/12R_12V_04I_03M/lr207_timeline_genconfig_mslp_seed_129_alpha_15p.txt;377.34;t2;0;886.15;false
0.15;0.06;0.11;0.16;0.0;0.04;1;/dados/rmelo/PDPTW-SE/benchmark_multi_island_v5/official_experiments/multistartlp/preliminar/set_01_pt_04/logs/heur_mslp/outputs/csvresults_heur_mslp_bash_3.csv;0;5;1;82;0;0.0;0.5;true;42;2;LR1_2_6_t1_40R_40V_02I_05M;/dados/rmelo/PDPTW-SE/benchmark_multi_island_v5/official_experiments/multistartlp/preliminar/set_01_pt_04/configs/genconfig_mslp.conf;genconfig_mslp;/dados/rmelo/PDPTW-SE/benchmark_multi_island_v5/official_experiments/multistartlp/preliminar/set_01_pt_04/logs/heur_mslp/gurobi/40R_40V_02I_05M/LR1_2_6_grb_genconfig_mslp_seed_129_alpha_15p.log;random;40R_40V_02I_05M;1;59996;1;/dados/rmelo/PDPTW-SE/benchmark_multi_island_v5/official_experiments/multistartlp/preliminar/set_01_pt_04/../../../../instances/orig_ams_fg/40R_40V_02I_06M/t1/LR1_2_6/;60000;1;0;6956.48;81;41;H;50;95;0;100.0;30.0;true;0.95;100.0;1.0;1.0;1.0;1.0;60;M;4;4;false;72;0.93;213.59;1.0;36;10;1000000;-1;3600;5.51;0.68;0.58;mslp;heur;0.3;0.12;-1;3600;60000;I;40;1.0;0.35;LR1_2_6;0;/dados/rmelo/PDPTW-SE/benchmark_multi_island_v5/official_experiments/multistartlp/preliminar/set_01_pt_04/logs;0;0;0;99.99;100.0;1;129;/dados/rmelo/PDPTW-SE/benchmark_multi_island_v5/official_experiments/multistartlp/preliminar/set_01_pt_04/logs/heur_mslp/solutions/40R_40V_02I_05M/LR1_2_6_sol_genconfig_mslp_seed_129_alpha_15p.txt;Gurobi;AUTOMATIC;23.76;_bash_3;_seed_129_alpha_15p;0.22;1;0.02;/dados/rmelo/PDPTW-SE/benchmark_multi_island_v5/official_experiments/multistartlp/preliminar/set_01_pt_04/logs/heur_mslp/timelines/40R_40V_02I_05M/LR1_2_6_timeline_genconfig_mslp_seed_129_alpha_15p.txt;241.88;t1;0;6037.52;false
0.15;0.01;0.02;0.03;0.01;0.08;13;/dados/rmelo/PDPTW-SE/benchmark_multi_island_v5/official_experiments/multistartlp/preliminar/set_01_pt_04/logs/heur_mslp/outputs/csvresults_heur_mslp_bash_3.csv;0;5;1;82;0;0.0;0.5;true;42;2;LR2_2_10_t2_40R_40V_02I_05M;/dados/rmelo/PDPTW-SE/benchmark_multi_island_v5/official_experiments/multistartlp/preliminar/set_01_pt_04/configs/genconfig_mslp.conf;genconfig_mslp;/dados/rmelo/PDPTW-SE/benchmark_multi_island_v5/official_experiments/multistartlp/preliminar/set_01_pt_04/logs/heur_mslp/gurobi/40R_40V_02I_05M/LR2_2_10_grb_genconfig_mslp_seed_129_alpha_15p.log;random;40R_40V_02I_05M;1;0;1;/dados/rmelo/PDPTW-SE/benchmark_multi_island_v5/official_experiments/multistartlp/preliminar/set_01_pt_04/../../../../instances/orig_ams_fg/40R_40V_02I_06M/t2/LR2_2_10/;60000;56937;0;10261.25;81;41;H;50;95;0;100.0;30.0;true;0.95;100.0;1.0;1.0;1.0;1.0;60;M;60000;60000;false;80;0.98;269.32;1.0;40;10;1000000;-1;3600;6.34;0.51;0.86;mslp;heur;0.05;0.56;-1;3600;60000;I;40;0.8;0.12;LR2_2_10;0;/dados/rmelo/PDPTW-SE/benchmark_multi_island_v5/official_experiments/multistartlp/preliminar/set_01_pt_04/logs;0;0;0;0.0;100.0;1;129;/dados/rmelo/PDPTW-SE/benchmark_multi_island_v5/official_experiments/multistartlp/preliminar/set_01_pt_04/logs/heur_mslp/solutions/40R_40V_02I_05M/LR2_2_10_sol_genconfig_mslp_seed_129_alpha_15p.txt;Gurobi;AUTOMATIC;23.31;_bash_3;_seed_129_alpha_15p;3803.11;1;1640.21;/dados/rmelo/PDPTW-SE/benchmark_multi_island_v5/official_experiments/multistartlp/preliminar/set_01_pt_04/logs/heur_mslp/timelines/40R_40V_02I_05M/LR2_2_10_timeline_genconfig_mslp_seed_129_alpha_15p.txt;1727.8;t2;0;6446.33;false
0.15;0.08;0.16;0.24;0.0;0.03;12;/dados/rmelo/PDPTW-SE/benchmark_multi_island_v5/official_experiments/multistartlp/preliminar/set_01_pt_04/logs/heur_mslp/outputs/csvresults_heur_mslp_bash_3.csv;0;5;1;82;0;0.0;0.5;true;42;2;LR1_2_10_t1_40R_40V_04I_05M;/dados/rmelo/PDPTW-SE/benchmark_multi_island_v5/official_experiments/multistartlp/preliminar/set_01_pt_04/configs/genconfig_mslp.conf;genconfig_mslp;/dados/rmelo/PDPTW-SE/benchmark_multi_island_v5/official_experiments/multistartlp/preliminar/set_01_pt_04/logs/heur_mslp/gurobi/40R_40V_04I_05M/LR1_2_10_grb_genconfig_mslp_seed_129_alpha_15p.log;random;40R_40V_04I_05M;1;36294;1;/dados/rmelo/PDPTW-SE/benchmark_multi_island_v5/official_experiments/multistartlp/preliminar/set_01_pt_04/../../../../instances/orig_ams_fg/40R_40V_04I_06M/t1/LR1_2_10/;60000;59218;0;5048.95;81;41;H;50;95;0;100.0;30.0;true;0.95;100.0;1.0;1.0;1.0;1.0;60;M;23706;23706;false;72;0.95;175.77;0.98;36;10;1000000;-1;3600;7.22;0.61;0.72;mslp;heur;0.23;0.28;-1;3600;60000;I;40;1.0;0.28;LR1_2_10;0;/dados/rmelo/PDPTW-SE/benchmark_multi_island_v5/official_experiments/multistartlp/preliminar/set_01_pt_04/logs;0;0;0;60.49;100.0;1;129;/dados/rmelo/PDPTW-SE/benchmark_multi_island_v5/official_experiments/multistartlp/preliminar/set_01_pt_04/logs/heur_mslp/solutions/40R_40V_04I_05M/LR1_2_10_sol_genconfig_mslp_seed_129_alpha_15p.txt;Gurobi;AUTOMATIC;23.53;_bash_3;_seed_129_alpha_15p;1712.4;1;885.47;/dados/rmelo/PDPTW-SE/benchmark_multi_island_v5/official_experiments/multistartlp/preliminar/set_01_pt_04/logs/heur_mslp/timelines/40R_40V_04I_05M/LR1_2_10_timeline_genconfig_mslp_seed_129_alpha_15p.txt;897.32;t1;0;4262.74;false
0.15;0.02;0.09;0.11;0.01;0.01;5;/dados/rmelo/PDPTW-SE/benchmark_multi_island_v5/official_experiments/multistartlp/preliminar/set_01_pt_04/logs/heur_mslp/outputs/csvresults_heur_mslp_bash_3.csv;0;5;1;82;0;0.0;0.5;true;42;2;LR2_2_7_t2_40R_40V_04I_05M;/dados/rmelo/PDPTW-SE/benchmark_multi_island_v5/official_experiments/multistartlp/preliminar/set_01_pt_04/configs/genconfig_mslp.conf;genconfig_mslp;/dados/rmelo/PDPTW-SE/benchmark_multi_island_v5/official_experiments/multistartlp/preliminar/set_01_pt_04/logs/heur_mslp/gurobi/40R_40V_04I_05M/LR2_2_7_grb_genconfig_mslp_seed_129_alpha_15p.log;random;40R_40V_04I_05M;1;0;1;/dados/rmelo/PDPTW-SE/benchmark_multi_island_v5/official_experiments/multistartlp/preliminar/set_01_pt_04/../../../../instances/orig_ams_fg/40R_40V_04I_06M/t2/LR2_2_7/;44668;5057;0;7535.74;81;41;H;50;95;0;100.0;30.0;true;0.95;100.0;1.0;1.0;1.0;1.0;60;M;44666;44668;false;78;0.85;188.0;1.0;39;10;1000000;-1;3600;2.47;0.73;1.0;mslp;heur;0.63;1.0;-1;3600;60000;I;40;1.0;0.08;LR2_2_7;0;/dados/rmelo/PDPTW-SE/benchmark_multi_island_v5/official_experiments/multistartlp/preliminar/set_01_pt_04/logs;0;0;0;0.0;100.0;1;129;/dados/rmelo/PDPTW-SE/benchmark_multi_island_v5/official_experiments/multistartlp/preliminar/set_01_pt_04/logs/heur_mslp/solutions/40R_40V_04I_05M/LR2_2_7_sol_genconfig_mslp_seed_129_alpha_15p.txt;Gurobi;AUTOMATIC;22.81;_bash_3;_seed_129_alpha_15p;1102.05;1;407.51;/dados/rmelo/PDPTW-SE/benchmark_multi_island_v5/official_experiments/multistartlp/preliminar/set_01_pt_04/logs/heur_mslp/timelines/40R_40V_04I_05M/LR2_2_7_timeline_genconfig_mslp_seed_129_alpha_15p.txt;3600.03;t2;0;5564.35;false
0.15;0.03;0.06;0.09;0.01;0.19;0;/dados/rmelo/PDPTW-SE/benchmark_multi_island_v5/official_experiments/multistartlp/preliminar/set_01_pt_04/logs/heur_mslp/outputs/csvresults_heur_mslp_bash_3.csv;0;5;1;122;0;0.0;0.5;false;62;2;LR1_2_6_t1_60R_60V_02I_05M;/dados/rmelo/PDPTW-SE/benchmark_multi_island_v5/official_experiments/multistartlp/preliminar/set_01_pt_04/configs/genconfig_mslp.conf;genconfig_mslp;/dados/rmelo/PDPTW-SE/benchmark_multi_island_v5/official_experiments/multistartlp/preliminar/set_01_pt_04/logs/heur_mslp/gurobi/60R_60V_02I_05M/LR1_2_6_grb_genconfig_mslp_seed_129_alpha_15p.log;random;60R_60V_02I_05M;1;60000;1;/dados/rmelo/PDPTW-SE/benchmark_multi_island_v5/official_experiments/multistartlp/preliminar/set_01_pt_04/../../../../instances/orig_ams_fg/60R_60V_02I_06M/t1/LR1_2_6/;60000;0;0;0.0;121;61;H;50;95;0;100.0;30.0;true;0.95;100.0;1.0;1.0;1.0;1.0;60;M;0;0;false;82;0.96;277.16;0.61;41;10;1000000;-1;3600;0.0;0.63;0.32;mslp;heur;0.45;0.01;-1;3600;60000;I;60;1.0;0.22;LR1_2_6;0;/dados/rmelo/PDPTW-SE/benchmark_multi_island_v5/official_experiments/multistartlp/preliminar/set_01_pt_04/logs;0;0;0;100.0;0.0;1;129;/dados/rmelo/PDPTW-SE/benchmark_multi_island_v5/official_experiments/multistartlp/preliminar/set_01_pt_04/logs/heur_mslp/solutions/60R_60V_02I_05M/LR1_2_6_sol_genconfig_mslp_seed_129_alpha_15p.txt;Gurobi;AUTOMATIC;23.27;_bash_3;_seed_129_alpha_15p;0.0;1;0.0;/dados/rmelo/PDPTW-SE/benchmark_multi_island_v5/official_experiments/multistartlp/preliminar/set_01_pt_04/logs/heur_mslp/timelines/60R_60V_02I_05M/LR1_2_6_timeline_genconfig_mslp_seed_129_alpha_15p.txt;260.23;t1;0;Inf;false
0.15;0.01;0.01;0.02;0.0;0.0;6;/dados/rmelo/PDPTW-SE/benchmark_multi_island_v5/official_experiments/multistartlp/preliminar/set_01_pt_04/logs/heur_mslp/outputs/csvresults_heur_mslp_bash_3.csv;0;5;1;122;0;0.0;0.5;true;62;2;LR2_2_8_t2_60R_60V_02I_05M;/dados/rmelo/PDPTW-SE/benchmark_multi_island_v5/official_experiments/multistartlp/preliminar/set_01_pt_04/configs/genconfig_mslp.conf;genconfig_mslp;/dados/rmelo/PDPTW-SE/benchmark_multi_island_v5/official_experiments/multistartlp/preliminar/set_01_pt_04/logs/heur_mslp/gurobi/60R_60V_02I_05M/LR2_2_8_grb_genconfig_mslp_seed_129_alpha_15p.log;random;60R_60V_02I_05M;1;0;1;/dados/rmelo/PDPTW-SE/benchmark_multi_island_v5/official_experiments/multistartlp/preliminar/set_01_pt_04/../../../../instances/orig_ams_fg/60R_60V_02I_06M/t2/LR2_2_8/;26991;15028;0;8544.8;121;61;H;50;95;0;100.0;30.0;true;0.95;100.0;1.0;1.0;1.0;1.0;60;M;26874;26991;false;80;0.97;227.5;0.99;40;10;1000000;-1;3600;1.56;0.7;0.96;mslp;heur;0.24;0.9;-1;3600;60000;I;60;0.6;0.07;LR2_2_8;0;/dados/rmelo/PDPTW-SE/benchmark_multi_island_v5/official_experiments/multistartlp/preliminar/set_01_pt_04/logs;0;0;0;0.0;99.57;1;129;/dados/rmelo/PDPTW-SE/benchmark_multi_island_v5/official_experiments/multistartlp/preliminar/set_01_pt_04/logs/heur_mslp/solutions/60R_60V_02I_05M/LR2_2_8_sol_genconfig_mslp_seed_129_alpha_15p.txt;Gurobi;AUTOMATIC;22.74;_bash_3;_seed_129_alpha_15p;421.67;1;2015.03;/dados/rmelo/PDPTW-SE/benchmark_multi_island_v5/official_experiments/multistartlp/preliminar/set_01_pt_04/logs/heur_mslp/timelines/60R_60V_02I_05M/LR2_2_8_timeline_genconfig_mslp_seed_129_alpha_15p.txt;3600.04;t2;0;7129.36;false
0.15;0.12;0.17;0.29;0.01;0.09;1;/dados/rmelo/PDPTW-SE/benchmark_multi_island_v5/official_experiments/multistartlp/preliminar/set_01_pt_04/logs/heur_mslp/outputs/csvresults_heur_mslp_bash_3.csv;0;5;1;122;0;0.0;0.5;true;62;2;LR1_2_6_t1_60R_60V_04I_05M;/dados/rmelo/PDPTW-SE/benchmark_multi_island_v5/official_experiments/multistartlp/preliminar/set_01_pt_04/configs/genconfig_mslp.conf;genconfig_mslp;/dados/rmelo/PDPTW-SE/benchmark_multi_island_v5/official_experiments/multistartlp/preliminar/set_01_pt_04/logs/heur_mslp/gurobi/60R_60V_04I_05M/LR1_2_6_grb_genconfig_mslp_seed_129_alpha_15p.log;random;60R_60V_04I_05M;1;59999;1;/dados/rmelo/PDPTW-SE/benchmark_multi_island_v5/official_experiments/multistartlp/preliminar/set_01_pt_04/../../../../instances/orig_ams_fg/60R_60V_04I_06M/t1/LR1_2_6/;60000;1;0;8335.07;121;61;H;50;95;0;100.0;30.0;true;0.95;100.0;1.0;1.0;1.0;1.0;60;M;1;1;false;82;0.93;184.15;0.96;41;10;1000000;-1;3600;5.47;0.57;0.63;mslp;heur;0.25;0.13;-1;3600;60000;I;60;1.0;0.28;LR1_2_6;0;/dados/rmelo/PDPTW-SE/benchmark_multi_island_v5/official_experiments/multistartlp/preliminar/set_01_pt_04/logs;0;0;0;100.0;100.0;1;129;/dados/rmelo/PDPTW-SE/benchmark_multi_island_v5/official_experiments/multistartlp/preliminar/set_01_pt_04/logs/heur_mslp/solutions/60R_60V_04I_05M/LR1_2_6_sol_genconfig_mslp_seed_129_alpha_15p.txt;Gurobi;AUTOMATIC;23.37;_bash_3;_seed_129_alpha_15p;0.05;1;0.08;/dados/rmelo/PDPTW-SE/benchmark_multi_island_v5/official_experiments/multistartlp/preliminar/set_01_pt_04/logs/heur_mslp/timelines/60R_60V_04I_05M/LR1_2_6_timeline_genconfig_mslp_seed_129_alpha_15p.txt;518.7;t1;0;7879.32;false
0.15;0.03;0.06;0.08;0.0;0.0;3;/dados/rmelo/PDPTW-SE/benchmark_multi_island_v5/official_experiments/multistartlp/preliminar/set_01_pt_04/logs/heur_mslp/outputs/csvresults_heur_mslp_bash_3.csv;0;5;1;122;0;0.0;0.5;true;62;2;LR2_2_8_t2_60R_60V_04I_05M;/dados/rmelo/PDPTW-SE/benchmark_multi_island_v5/official_experiments/multistartlp/preliminar/set_01_pt_04/configs/genconfig_mslp.conf;genconfig_mslp;/dados/rmelo/PDPTW-SE/benchmark_multi_island_v5/official_experiments/multistartlp/preliminar/set_01_pt_04/logs/heur_mslp/gurobi/60R_60V_04I_05M/LR2_2_8_grb_genconfig_mslp_seed_129_alpha_15p.log;random;60R_60V_04I_05M;1;0;1;/dados/rmelo/PDPTW-SE/benchmark_multi_island_v5/official_experiments/multistartlp/preliminar/set_01_pt_04/../../../../instances/orig_ams_fg/60R_60V_04I_06M/t2/LR2_2_8/;14484;6423;0;9683.37;121;61;H;50;95;0;100.0;30.0;true;0.95;100.0;1.0;1.0;1.0;1.0;60;M;14432;14484;false;80;0.87;181.1;1.0;40;10;1000000;-1;3600;1.03;0.73;0.92;mslp;heur;0.62;0.85;-1;3600;60000;I;60;1.0;0.07;LR2_2_8;0;/dados/rmelo/PDPTW-SE/benchmark_multi_island_v5/official_experiments/multistartlp/preliminar/set_01_pt_04/logs;0;0;0;0.0;99.64;1;129;/dados/rmelo/PDPTW-SE/benchmark_multi_island_v5/official_experiments/multistartlp/preliminar/set_01_pt_04/logs/heur_mslp/solutions/60R_60V_04I_05M/LR2_2_8_sol_genconfig_mslp_seed_129_alpha_15p.txt;Gurobi;AUTOMATIC;23.34;_bash_3;_seed_129_alpha_15p;148.67;1;1586.09;/dados/rmelo/PDPTW-SE/benchmark_multi_island_v5/official_experiments/multistartlp/preliminar/set_01_pt_04/logs/heur_mslp/timelines/60R_60V_04I_05M/LR2_2_8_timeline_genconfig_mslp_seed_129_alpha_15p.txt;3600.08;t2;0;7452.05;false
0.15;0.0;0.12;0.12;0.0;0.0;3;/dados/rmelo/PDPTW-SE/benchmark_multi_island_v5/official_experiments/multistartlp/preliminar/set_01_pt_04/logs/heur_mslp/outputs/csvresults_heur_mslp_bash_3.csv;0;3;1;18;0;0.0;0.5;true;10;2;lr109_t1_08R_08V_02I_03M;/dados/rmelo/PDPTW-SE/benchmark_multi_island_v5/official_experiments/multistartlp/preliminar/set_01_pt_04/configs/genconfig_mslp.conf;genconfig_mslp;/dados/rmelo/PDPTW-SE/benchmark_multi_island_v5/official_experiments/multistartlp/preliminar/set_01_pt_04/logs/heur_mslp/gurobi/08R_08V_02I_03M/lr109_grb_genconfig_mslp_seed_136_alpha_15p.log;random;08R_08V_02I_03M;1;0;1;/dados/rmelo/PDPTW-SE/benchmark_multi_island_v5/official_experiments/multistartlp/preliminar/set_01_pt_04/../../../../instances/orig_ams_fg/08R_08V_02I_04M/t1/lr109/;60000;27;0;660.82;17;9;H;50;95;0;100.0;30.0;true;0.95;100.0;1.0;1.0;1.0;1.0;60;M;60000;60000;false;52;0.91;79.5;0.6;26;10;1000000;-1;3600;9.58;0.77;0.46;mslp;heur;0.59;0.28;-1;3600;60000;I;8;0.67;0.38;lr109;0;/dados/rmelo/PDPTW-SE/benchmark_multi_island_v5/official_experiments/multistartlp/preliminar/set_01_pt_04/logs;0;0;0;0.0;100.0;1;136;/dados/rmelo/PDPTW-SE/benchmark_multi_island_v5/official_experiments/multistartlp/preliminar/set_01_pt_04/logs/heur_mslp/solutions/08R_08V_02I_03M/lr109_sol_genconfig_mslp_seed_136_alpha_15p.txt;Gurobi;AUTOMATIC;23.27;_bash_3;_seed_136_alpha_15p;5746.34;1;0.46;/dados/rmelo/PDPTW-SE/benchmark_multi_island_v5/official_experiments/multistartlp/preliminar/set_01_pt_04/logs/heur_mslp/timelines/08R_08V_02I_03M/lr109_timeline_genconfig_mslp_seed_136_alpha_15p.txt;126.73;t1;0;533.17;false
0.15;0.0;0.02;0.02;0.0;0.0;11;/dados/rmelo/PDPTW-SE/benchmark_multi_island_v5/official_experiments/multistartlp/preliminar/set_01_pt_04/logs/heur_mslp/outputs/csvresults_heur_mslp_bash_3.csv;0;3;1;18;0;0.0;0.5;true;10;2;lr209_t2_08R_08V_02I_03M;/dados/rmelo/PDPTW-SE/benchmark_multi_island_v5/official_experiments/multistartlp/preliminar/set_01_pt_04/configs/genconfig_mslp.conf;genconfig_mslp;/dados/rmelo/PDPTW-SE/benchmark_multi_island_v5/official_experiments/multistartlp/preliminar/set_01_pt_04/logs/heur_mslp/gurobi/08R_08V_02I_03M/lr209_grb_genconfig_mslp_seed_136_alpha_15p.log;random;08R_08V_02I_03M;1;0;1;/dados/rmelo/PDPTW-SE/benchmark_multi_island_v5/official_experiments/multistartlp/preliminar/set_01_pt_04/../../../../instances/orig_ams_fg/08R_08V_02I_04M/t2/lr209/;60000;46203;0;784.36;17;9;H;50;95;0;100.0;30.0;true;0.95;100.0;1.0;1.0;1.0;1.0;60;M;58629;60000;false;46;0.57;79.13;0.82;23;10;1000000;-1;3600;21.34;0.57;0.82;mslp;heur;0.57;0.82;-1;3600;60000;I;8;1.0;0.12;lr209;0;/dados/rmelo/PDPTW-SE/benchmark_multi_island_v5/official_experiments/multistartlp/preliminar/set_01_pt_04/logs;0;0;0;0.0;97.72;1;136;/dados/rmelo/PDPTW-SE/benchmark_multi_island_v5/official_experiments/multistartlp/preliminar/set_01_pt_04/logs/heur_mslp/solutions/08R_08V_02I_03M/lr209_sol_genconfig_mslp_seed_136_alpha_15p.txt;Gurobi;AUTOMATIC;22.39;_bash_3;_seed_136_alpha_15p;12801.16;1;114.62;/dados/rmelo/PDPTW-SE/benchmark_multi_island_v5/official_experiments/multistartlp/preliminar/set_01_pt_04/logs/heur_mslp/timelines/08R_08V_02I_03M/lr209_timeline_genconfig_mslp_seed_136_alpha_15p.txt;150.65;t2;0;573.33;false
0.15;0.1;0.28;0.38;0.0;0.0;8;/dados/rmelo/PDPTW-SE/benchmark_multi_island_v5/official_experiments/multistartlp/preliminar/set_01_pt_04/logs/heur_mslp/outputs/csvresults_heur_mslp_bash_3.csv;0;3;1;18;0;0.0;0.5;true;10;2;lr110_t1_08R_08V_04I_03M;/dados/rmelo/PDPTW-SE/benchmark_multi_island_v5/official_experiments/multistartlp/preliminar/set_01_pt_04/configs/genconfig_mslp.conf;genconfig_mslp;/dados/rmelo/PDPTW-SE/benchmark_multi_island_v5/official_experiments/multistartlp/preliminar/set_01_pt_04/logs/heur_mslp/gurobi/08R_08V_04I_03M/lr110_grb_genconfig_mslp_seed_136_alpha_15p.log;random;08R_08V_04I_03M;1;24400;1;/dados/rmelo/PDPTW-SE/benchmark_multi_island_v5/official_experiments/multistartlp/preliminar/set_01_pt_04/../../../../instances/orig_ams_fg/08R_08V_04I_04M/t1/lr110/;60000;573;0;817.11;17;9;H;50;95;0;100.0;30.0;true;0.95;100.0;1.0;1.0;1.0;1.0;60;M;35600;35600;false;52;0.89;73.43;0.69;26;10;1000000;-1;3600;11.74;0.58;0.45;mslp;heur;0.35;0.1;-1;3600;60000;I;8;1.0;0.62;lr110;0;/dados/rmelo/PDPTW-SE/benchmark_multi_island_v5/official_experiments/multistartlp/preliminar/set_01_pt_04/logs;0;0;0;40.67;100.0;1;136;/dados/rmelo/PDPTW-SE/benchmark_multi_island_v5/official_experiments/multistartlp/preliminar/set_01_pt_04/logs/heur_mslp/solutions/08R_08V_04I_03M/lr110_sol_genconfig_mslp_seed_136_alpha_15p.txt;Gurobi;AUTOMATIC;22.97;_bash_3;_seed_136_alpha_15p;4178.28;1;1.31;/dados/rmelo/PDPTW-SE/benchmark_multi_island_v5/official_experiments/multistartlp/preliminar/set_01_pt_04/logs/heur_mslp/timelines/08R_08V_04I_03M/lr110_timeline_genconfig_mslp_seed_136_alpha_15p.txt;101.33;t1;0;672.2;false
0.15;0.01;0.05;0.07;0.0;0.0;12;/dados/rmelo/PDPTW-SE/benchmark_multi_island_v5/official_experiments/multistartlp/preliminar/set_01_pt_04/logs/heur_mslp/outputs/csvresults_heur_mslp_bash_3.csv;0;3;1;18;0;0.0;0.5;true;10;2;lr209_t2_08R_08V_04I_03M;/dados/rmelo/PDPTW-SE/benchmark_multi_island_v5/official_experiments/multistartlp/preliminar/set_01_pt_04/configs/genconfig_mslp.conf;genconfig_mslp;/dados/rmelo/PDPTW-SE/benchmark_multi_island_v5/official_experiments/multistartlp/preliminar/set_01_pt_04/logs/heur_mslp/gurobi/08R_08V_04I_03M/lr209_grb_genconfig_mslp_seed_136_alpha_15p.log;random;08R_08V_04I_03M;1;0;1;/dados/rmelo/PDPTW-SE/benchmark_multi_island_v5/official_experiments/multistartlp/preliminar/set_01_pt_04/../../../../instances/orig_ams_fg/08R_08V_04I_04M/t2/lr209/;60000;8764;0;1279.43;17;9;H;50;95;0;100.0;30.0;true;0.95;100.0;1.0;1.0;1.0;1.0;60;M;59332;60000;false;46;0.56;81.38;0.93;23;10;1000000;-1;3600;22.46;0.31;0.77;mslp;heur;0.07;0.61;-1;3600;60000;I;8;1.0;0.25;lr209;0;/dados/rmelo/PDPTW-SE/benchmark_multi_island_v5/official_experiments/multistartlp/preliminar/set_01_pt_04/logs;0;0;0;0.0;98.89;1;136;/dados/rmelo/PDPTW-SE/benchmark_multi_island_v5/official_experiments/multistartlp/preliminar/set_01_pt_04/logs/heur_mslp/solutions/08R_08V_04I_03M/lr209_sol_genconfig_mslp_seed_136_alpha_15p.txt;Gurobi;AUTOMATIC;23.15;_bash_3;_seed_136_alpha_15p;13473.54;1;30.23;/dados/rmelo/PDPTW-SE/benchmark_multi_island_v5/official_experiments/multistartlp/preliminar/set_01_pt_04/logs/heur_mslp/timelines/08R_08V_04I_03M/lr209_timeline_genconfig_mslp_seed_136_alpha_15p.txt;205.65;t2;0;626.42;false
0.15;0.0;0.07;0.07;0.0;0.0;13;/dados/rmelo/PDPTW-SE/benchmark_multi_island_v5/official_experiments/multistartlp/preliminar/set_01_pt_04/logs/heur_mslp/outputs/csvresults_heur_mslp_bash_3.csv;0;3;1;26;0;0.0;0.5;true;14;2;lr109_t1_12R_12V_02I_03M;/dados/rmelo/PDPTW-SE/benchmark_multi_island_v5/official_experiments/multistartlp/preliminar/set_01_pt_04/configs/genconfig_mslp.conf;genconfig_mslp;/dados/rmelo/PDPTW-SE/benchmark_multi_island_v5/official_experiments/multistartlp/preliminar/set_01_pt_04/logs/heur_mslp/gurobi/12R_12V_02I_03M/lr109_grb_genconfig_mslp_seed_136_alpha_15p.log;random;12R_12V_02I_03M;1;0;1;/dados/rmelo/PDPTW-SE/benchmark_multi_island_v5/official_experiments/multistartlp/preliminar/set_01_pt_04/../../../../instances/orig_ams_fg/12R_12V_02I_04M/t1/lr109/;60000;797;0;933.25;25;13;H;50;95;0;100.0;30.0;true;0.95;100.0;1.0;1.0;1.0;1.0;60;M;60000;60000;false;58;0.83;96.56;0.98;29;10;1000000;-1;3600;8.82;0.79;0.59;mslp;heur;0.73;0.32;-1;3600;60000;I;12;0.67;0.33;lr109;0;/dados/rmelo/PDPTW-SE/benchmark_multi_island_v5/official_experiments/multistartlp/preliminar/set_01_pt_04/logs;0;0;0;0.0;100.0;1;136;/dados/rmelo/PDPTW-SE/benchmark_multi_island_v5/official_experiments/multistartlp/preliminar/set_01_pt_04/logs/heur_mslp/solutions/12R_12V_02I_03M/lr109_sol_genconfig_mslp_seed_136_alpha_15p.txt;Gurobi;AUTOMATIC;22.62;_bash_3;_seed_136_alpha_15p;5294.0;1;2.53;/dados/rmelo/PDPTW-SE/benchmark_multi_island_v5/official_experiments/multistartlp/preliminar/set_01_pt_04/logs/heur_mslp/timelines/12R_12V_02I_03M/lr109_timeline_genconfig_mslp_seed_136_alpha_15p.txt;165.22;t1;0;722.63;false
0.15;0.01;0.01;0.02;0.0;0.0;7;/dados/rmelo/PDPTW-SE/benchmark_multi_island_v5/official_experiments/multistartlp/preliminar/set_01_pt_04/logs/heur_mslp/outputs/csvresults_heur_mslp_bash_3.csv;0;3;1;26;0;0.0;0.5;true;14;2;lr208_t2_12R_12V_02I_03M;/dados/rmelo/PDPTW-SE/benchmark_multi_island_v5/official_experiments/multistartlp/preliminar/set_01_pt_04/configs/genconfig_mslp.conf;genconfig_mslp;/dados/rmelo/PDPTW-SE/benchmark_multi_island_v5/official_experiments/multistartlp/preliminar/set_01_pt_04/logs/heur_mslp/gurobi/12R_12V_02I_03M/lr208_grb_genconfig_mslp_seed_136_alpha_15p.log;random;12R_12V_02I_03M;1;0;1;/dados/rmelo/PDPTW-SE/benchmark_multi_island_v5/official_experiments/multistartlp/preliminar/set_01_pt_04/../../../../instances/orig_ams_fg/12R_12V_02I_04M/t2/lr208/;60000;31104;0;1115.57;25;13;H;50;95;0;100.0;30.0;true;0.95;100.0;1.0;1.0;1.0;1.0;60;M;51594;60000;false;58;0.78;114.02;0.93;29;10;1000000;-1;3600;6.19;0.78;0.93;mslp;heur;0.78;0.93;-1;3600;60000;I;12;1.0;0.08;lr208;0;/dados/rmelo/PDPTW-SE/benchmark_multi_island_v5/official_experiments/multistartlp/preliminar/set_01_pt_04/logs;0;0;0;0.0;85.99;1;136;/dados/rmelo/PDPTW-SE/benchmark_multi_island_v5/official_experiments/multistartlp/preliminar/set_01_pt_04/logs/heur_mslp/solutions/12R_12V_02I_03M/lr208_sol_genconfig_mslp_seed_136_alpha_15p.txt;Gurobi;AUTOMATIC;22.54;_bash_3;_seed_136_alpha_15p;3712.98;1;169.6;/dados/rmelo/PDPTW-SE/benchmark_multi_island_v5/official_experiments/multistartlp/preliminar/set_01_pt_04/logs/heur_mslp/timelines/12R_12V_02I_03M/lr208_timeline_genconfig_mslp_seed_136_alpha_15p.txt;319.91;t2;0;779.52;false
0.15;0.14;0.26;0.4;0.0;0.0;8;/dados/rmelo/PDPTW-SE/benchmark_multi_island_v5/official_experiments/multistartlp/preliminar/set_01_pt_04/logs/heur_mslp/outputs/csvresults_heur_mslp_bash_3.csv;0;3;1;26;0;0.0;0.5;true;14;2;lr110_t1_12R_12V_04I_03M;/dados/rmelo/PDPTW-SE/benchmark_multi_island_v5/official_experiments/multistartlp/preliminar/set_01_pt_04/configs/genconfig_mslp.conf;genconfig_mslp;/dados/rmelo/PDPTW-SE/benchmark_multi_island_v5/official_experiments/multistartlp/preliminar/set_01_pt_04/logs/heur_mslp/gurobi/12R_12V_04I_03M/lr110_grb_genconfig_mslp_seed_136_alpha_15p.log;random;12R_12V_04I_03M;1;13056;1;/dados/rmelo/PDPTW-SE/benchmark_multi_island_v5/official_experiments/multistartlp/preliminar/set_01_pt_04/../../../../instances/orig_ams_fg/12R_12V_04I_04M/t1/lr110/;60000;652;0;1093.02;25;13;H;50;95;0;100.0;30.0;true;0.95;100.0;1.0;1.0;1.0;1.0;60;M;46944;46944;false;52;0.72;75.02;0.85;26;10;1000000;-1;3600;13.57;0.57;0.45;mslp;heur;0.37;0.12;-1;3600;60000;I;12;1.0;0.5;lr110;0;/dados/rmelo/PDPTW-SE/benchmark_multi_island_v5/official_experiments/multistartlp/preliminar/set_01_pt_04/logs;0;0;0;21.76;100.0;1;136;/dados/rmelo/PDPTW-SE/benchmark_multi_island_v5/official_experiments/multistartlp/preliminar/set_01_pt_04/logs/heur_mslp/solutions/12R_12V_04I_03M/lr110_sol_genconfig_mslp_seed_136_alpha_15p.txt;Gurobi;AUTOMATIC;22.86;_bash_3;_seed_136_alpha_15p;6371.83;1;2.14;/dados/rmelo/PDPTW-SE/benchmark_multi_island_v5/official_experiments/multistartlp/preliminar/set_01_pt_04/logs/heur_mslp/timelines/12R_12V_04I_03M/lr110_timeline_genconfig_mslp_seed_136_alpha_15p.txt;160.2;t1;0;786.88;false
0.15;0.03;0.06;0.09;0.0;0.0;16;/dados/rmelo/PDPTW-SE/benchmark_multi_island_v5/official_experiments/multistartlp/preliminar/set_01_pt_04/logs/heur_mslp/outputs/csvresults_heur_mslp_bash_3.csv;0;3;1;26;0;0.0;0.5;true;14;2;lr207_t2_12R_12V_04I_03M;/dados/rmelo/PDPTW-SE/benchmark_multi_island_v5/official_experiments/multistartlp/preliminar/set_01_pt_04/configs/genconfig_mslp.conf;genconfig_mslp;/dados/rmelo/PDPTW-SE/benchmark_multi_island_v5/official_experiments/multistartlp/preliminar/set_01_pt_04/logs/heur_mslp/gurobi/12R_12V_04I_03M/lr207_grb_genconfig_mslp_seed_136_alpha_15p.log;random;12R_12V_04I_03M;1;0;1;/dados/rmelo/PDPTW-SE/benchmark_multi_island_v5/official_experiments/multistartlp/preliminar/set_01_pt_04/../../../../instances/orig_ams_fg/12R_12V_04I_04M/t2/lr207/;60000;42915;0;1619.08;25;13;H;50;95;0;100.0;30.0;true;0.95;100.0;1.0;1.0;1.0;1.0;60;M;59963;60000;false;40;0.88;90.05;0.97;20;10;1000000;-1;3600;14.42;0.88;0.97;mslp;heur;0.88;0.97;-1;3600;60000;I;12;1.0;0.08;lr207;0;/dados/rmelo/PDPTW-SE/benchmark_multi_island_v5/official_experiments/multistartlp/preliminar/set_01_pt_04/logs;0;0;0;0.0;99.94;1;136;/dados/rmelo/PDPTW-SE/benchmark_multi_island_v5/official_experiments/multistartlp/preliminar/set_01_pt_04/logs/heur_mslp/solutions/12R_12V_04I_03M/lr207_sol_genconfig_mslp_seed_136_alpha_15p.txt;Gurobi;AUTOMATIC;22.44;_bash_3;_seed_136_alpha_15p;8651.47;1;268.76;/dados/rmelo/PDPTW-SE/benchmark_multi_island_v5/official_experiments/multistartlp/preliminar/set_01_pt_04/logs/heur_mslp/timelines/12R_12V_04I_03M/lr207_timeline_genconfig_mslp_seed_136_alpha_15p.txt;376.13;t2;0;879.85;false
0.15;0.06;0.11;0.16;0.0;0.04;1;/dados/rmelo/PDPTW-SE/benchmark_multi_island_v5/official_experiments/multistartlp/preliminar/set_01_pt_04/logs/heur_mslp/outputs/csvresults_heur_mslp_bash_3.csv;0;5;1;82;0;0.0;0.5;true;42;2;LR1_2_6_t1_40R_40V_02I_05M;/dados/rmelo/PDPTW-SE/benchmark_multi_island_v5/official_experiments/multistartlp/preliminar/set_01_pt_04/configs/genconfig_mslp.conf;genconfig_mslp;/dados/rmelo/PDPTW-SE/benchmark_multi_island_v5/official_experiments/multistartlp/preliminar/set_01_pt_04/logs/heur_mslp/gurobi/40R_40V_02I_05M/LR1_2_6_grb_genconfig_mslp_seed_136_alpha_15p.log;random;40R_40V_02I_05M;1;59996;1;/dados/rmelo/PDPTW-SE/benchmark_multi_island_v5/official_experiments/multistartlp/preliminar/set_01_pt_04/../../../../instances/orig_ams_fg/40R_40V_02I_06M/t1/LR1_2_6/;60000;1;0;6932.86;81;41;H;50;95;0;100.0;30.0;true;0.95;100.0;1.0;1.0;1.0;1.0;60;M;4;4;false;72;0.93;213.59;1.0;36;10;1000000;-1;3600;4.89;0.68;0.58;mslp;heur;0.3;0.12;-1;3600;60000;I;40;1.0;0.35;LR1_2_6;0;/dados/rmelo/PDPTW-SE/benchmark_multi_island_v5/official_experiments/multistartlp/preliminar/set_01_pt_04/logs;0;0;0;99.99;100.0;1;136;/dados/rmelo/PDPTW-SE/benchmark_multi_island_v5/official_experiments/multistartlp/preliminar/set_01_pt_04/logs/heur_mslp/solutions/40R_40V_02I_05M/LR1_2_6_sol_genconfig_mslp_seed_136_alpha_15p.txt;Gurobi;AUTOMATIC;22.94;_bash_3;_seed_136_alpha_15p;0.2;1;0.01;/dados/rmelo/PDPTW-SE/benchmark_multi_island_v5/official_experiments/multistartlp/preliminar/set_01_pt_04/logs/heur_mslp/timelines/40R_40V_02I_05M/LR1_2_6_timeline_genconfig_mslp_seed_136_alpha_15p.txt;239.78;t1;0;6037.52;false
0.15;0.01;0.02;0.04;0.01;0.03;15;/dados/rmelo/PDPTW-SE/benchmark_multi_island_v5/official_experiments/multistartlp/preliminar/set_01_pt_04/logs/heur_mslp/outputs/csvresults_heur_mslp_bash_3.csv;0;5;1;82;0;0.0;0.5;true;42;2;LR2_2_10_t2_40R_40V_02I_05M;/dados/rmelo/PDPTW-SE/benchmark_multi_island_v5/official_experiments/multistartlp/preliminar/set_01_pt_04/configs/genconfig_mslp.conf;genconfig_mslp;/dados/rmelo/PDPTW-SE/benchmark_multi_island_v5/official_experiments/multistartlp/preliminar/set_01_pt_04/logs/heur_mslp/gurobi/40R_40V_02I_05M/LR2_2_10_grb_genconfig_mslp_seed_136_alpha_15p.log;random;40R_40V_02I_05M;1;0;1;/dados/rmelo/PDPTW-SE/benchmark_multi_island_v5/official_experiments/multistartlp/preliminar/set_01_pt_04/../../../../instances/orig_ams_fg/40R_40V_02I_06M/t2/LR2_2_10/;60000;37019;0;10615.88;81;41;H;50;95;0;100.0;30.0;true;0.95;100.0;1.0;1.0;1.0;1.0;60;M;60000;60000;false;80;0.96;269.32;1.0;40;10;1000000;-1;3600;6.32;0.65;0.98;mslp;heur;0.39;0.94;-1;3600;60000;I;40;0.8;0.1;LR2_2_10;0;/dados/rmelo/PDPTW-SE/benchmark_multi_island_v5/official_experiments/multistartlp/preliminar/set_01_pt_04/logs;0;0;0;0.0;100.0;1;136;/dados/rmelo/PDPTW-SE/benchmark_multi_island_v5/official_experiments/multistartlp/preliminar/set_01_pt_04/logs/heur_mslp/solutions/40R_40V_02I_05M/LR2_2_10_sol_genconfig_mslp_seed_136_alpha_15p.txt;Gurobi;AUTOMATIC;22.25;_bash_3;_seed_136_alpha_15p;3793.44;1;1052.09;/dados/rmelo/PDPTW-SE/benchmark_multi_island_v5/official_experiments/multistartlp/preliminar/set_01_pt_04/logs/heur_mslp/timelines/40R_40V_02I_05M/LR2_2_10_timeline_genconfig_mslp_seed_136_alpha_15p.txt;1704.29;t2;0;6575.52;false
0.15;0.07;0.13;0.21;0.0;0.05;12;/dados/rmelo/PDPTW-SE/benchmark_multi_island_v5/official_experiments/multistartlp/preliminar/set_01_pt_04/logs/heur_mslp/outputs/csvresults_heur_mslp_bash_3.csv;0;5;1;82;0;0.0;0.5;true;42;2;LR1_2_10_t1_40R_40V_04I_05M;/dados/rmelo/PDPTW-SE/benchmark_multi_island_v5/official_experiments/multistartlp/preliminar/set_01_pt_04/configs/genconfig_mslp.conf;genconfig_mslp;/dados/rmelo/PDPTW-SE/benchmark_multi_island_v5/official_experiments/multistartlp/preliminar/set_01_pt_04/logs/heur_mslp/gurobi/40R_40V_04I_05M/LR1_2_10_grb_genconfig_mslp_seed_136_alpha_15p.log;random;40R_40V_04I_05M;1;36113;1;/dados/rmelo/PDPTW-SE/benchmark_multi_island_v5/official_experiments/multistartlp/preliminar/set_01_pt_04/../../../../instances/orig_ams_fg/40R_40V_04I_06M/t1/LR1_2_10/;60000;26501;0;5961.74;81;41;H;50;95;0;100.0;30.0;true;0.95;100.0;1.0;1.0;1.0;1.0;60;M;23887;23887;false;72;0.95;175.77;0.98;36;10;1000000;-1;3600;7.21;0.65;0.8;mslp;heur;0.22;0.25;-1;3600;60000;I;40;1.0;0.25;LR1_2_10;0;/dados/rmelo/PDPTW-SE/benchmark_multi_island_v5/official_experiments/multistartlp/preliminar/set_01_pt_04/logs;0;0;0;60.19;100.0;1;136;/dados/rmelo/PDPTW-SE/benchmark_multi_island_v5/official_experiments/multistartlp/preliminar/set_01_pt_04/logs/heur_mslp/solutions/40R_40V_04I_05M/LR1_2_10_sol_genconfig_mslp_seed_136_alpha_15p.txt;Gurobi;AUTOMATIC;23.23;_bash_3;_seed_136_alpha_15p;1723.31;1;396.02;/dados/rmelo/PDPTW-SE/benchmark_multi_island_v5/official_experiments/multistartlp/preliminar/set_01_pt_04/logs/heur_mslp/timelines/40R_40V_04I_05M/LR1_2_10_timeline_genconfig_mslp_seed_136_alpha_15p.txt;895.91;t1;0;4103.21;false
0.15;0.04;0.08;0.12;0.0;0.01;7;/dados/rmelo/PDPTW-SE/benchmark_multi_island_v5/official_experiments/multistartlp/preliminar/set_01_pt_04/logs/heur_mslp/outputs/csvresults_heur_mslp_bash_3.csv;0;5;1;82;0;0.0;0.5;true;42;2;LR2_2_7_t2_40R_40V_04I_05M;/dados/rmelo/PDPTW-SE/benchmark_multi_island_v5/official_experiments/multistartlp/preliminar/set_01_pt_04/configs/genconfig_mslp.conf;genconfig_mslp;/dados/rmelo/PDPTW-SE/benchmark_multi_island_v5/official_experiments/multistartlp/preliminar/set_01_pt_04/logs/heur_mslp/gurobi/40R_40V_04I_05M/LR2_2_7_grb_genconfig_mslp_seed_136_alpha_15p.log;random;40R_40V_04I_05M;1;0;1;/dados/rmelo/PDPTW-SE/benchmark_multi_island_v5/official_experiments/multistartlp/preliminar/set_01_pt_04/../../../../instances/orig_ams_fg/40R_40V_04I_06M/t2/LR2_2_7/;44594;44133;0;7132.28;81;41;H;50;95;0;100.0;30.0;true;0.95;100.0;1.0;1.0;1.0;1.0;60;M;44593;44594;false;78;0.76;188.0;1.0;39;10;1000000;-1;3600;2.47;0.73;0.95;mslp;heur;0.67;0.9;-1;3600;60000;I;40;1.0;0.08;LR2_2_7;0;/dados/rmelo/PDPTW-SE/benchmark_multi_island_v5/official_experiments/multistartlp/preliminar/set_01_pt_04/logs;0;0;0;0.0;100.0;1;136;/dados/rmelo/PDPTW-SE/benchmark_multi_island_v5/official_experiments/multistartlp/preliminar/set_01_pt_04/logs/heur_mslp/solutions/40R_40V_04I_05M/LR2_2_7_sol_genconfig_mslp_seed_136_alpha_15p.txt;Gurobi;AUTOMATIC;22.29;_bash_3;_seed_136_alpha_15p;1100.53;1;3563.12;/dados/rmelo/PDPTW-SE/benchmark_multi_island_v5/official_experiments/multistartlp/preliminar/set_01_pt_04/logs/heur_mslp/timelines/40R_40V_04I_05M/LR2_2_7_timeline_genconfig_mslp_seed_136_alpha_15p.txt;3600.08;t2;0;5526.84;false
0.15;0.03;0.06;0.09;0.01;0.19;0;/dados/rmelo/PDPTW-SE/benchmark_multi_island_v5/official_experiments/multistartlp/preliminar/set_01_pt_04/logs/heur_mslp/outputs/csvresults_heur_mslp_bash_3.csv;0;5;1;122;0;0.0;0.5;false;62;2;LR1_2_6_t1_60R_60V_02I_05M;/dados/rmelo/PDPTW-SE/benchmark_multi_island_v5/official_experiments/multistartlp/preliminar/set_01_pt_04/configs/genconfig_mslp.conf;genconfig_mslp;/dados/rmelo/PDPTW-SE/benchmark_multi_island_v5/official_experiments/multistartlp/preliminar/set_01_pt_04/logs/heur_mslp/gurobi/60R_60V_02I_05M/LR1_2_6_grb_genconfig_mslp_seed_136_alpha_15p.log;random;60R_60V_02I_05M;1;60000;1;/dados/rmelo/PDPTW-SE/benchmark_multi_island_v5/official_experiments/multistartlp/preliminar/set_01_pt_04/../../../../instances/orig_ams_fg/60R_60V_02I_06M/t1/LR1_2_6/;60000;0;0;0.0;121;61;H;50;95;0;100.0;30.0;true;0.95;100.0;1.0;1.0;1.0;1.0;60;M;0;0;false;82;0.96;277.16;0.61;41;10;1000000;-1;3600;0.0;0.63;0.32;mslp;heur;0.45;0.01;-1;3600;60000;I;60;1.0;0.22;LR1_2_6;0;/dados/rmelo/PDPTW-SE/benchmark_multi_island_v5/official_experiments/multistartlp/preliminar/set_01_pt_04/logs;0;0;0;100.0;0.0;1;136;/dados/rmelo/PDPTW-SE/benchmark_multi_island_v5/official_experiments/multistartlp/preliminar/set_01_pt_04/logs/heur_mslp/solutions/60R_60V_02I_05M/LR1_2_6_sol_genconfig_mslp_seed_136_alpha_15p.txt;Gurobi;AUTOMATIC;23.18;_bash_3;_seed_136_alpha_15p;0.0;1;0.0;/dados/rmelo/PDPTW-SE/benchmark_multi_island_v5/official_experiments/multistartlp/preliminar/set_01_pt_04/logs/heur_mslp/timelines/60R_60V_02I_05M/LR1_2_6_timeline_genconfig_mslp_seed_136_alpha_15p.txt;259.5;t1;0;Inf;false
0.15;0.0;0.01;0.01;0.01;0.0;8;/dados/rmelo/PDPTW-SE/benchmark_multi_island_v5/official_experiments/multistartlp/preliminar/set_01_pt_04/logs/heur_mslp/outputs/csvresults_heur_mslp_bash_3.csv;0;5;1;122;0;0.0;0.5;true;62;2;LR2_2_8_t2_60R_60V_02I_05M;/dados/rmelo/PDPTW-SE/benchmark_multi_island_v5/official_experiments/multistartlp/preliminar/set_01_pt_04/configs/genconfig_mslp.conf;genconfig_mslp;/dados/rmelo/PDPTW-SE/benchmark_multi_island_v5/official_experiments/multistartlp/preliminar/set_01_pt_04/logs/heur_mslp/gurobi/60R_60V_02I_05M/LR2_2_8_grb_genconfig_mslp_seed_136_alpha_15p.log;random;60R_60V_02I_05M;1;0;1;/dados/rmelo/PDPTW-SE/benchmark_multi_island_v5/official_experiments/multistartlp/preliminar/set_01_pt_04/../../../../instances/orig_ams_fg/60R_60V_02I_06M/t2/LR2_2_8/;27497;15071;0;9485.73;121;61;H;50;95;0;100.0;30.0;true;0.95;100.0;1.0;1.0;1.0;1.0;60;M;27365;27497;false;80;0.97;227.5;1.0;40;10;1000000;-1;3600;1.56;0.56;0.67;mslp;heur;0.06;0.12;-1;3600;60000;I;60;1.0;0.08;LR2_2_8;0;/dados/rmelo/PDPTW-SE/benchmark_multi_island_v5/official_experiments/multistartlp/preliminar/set_01_pt_04/logs;0;0;0;0.0;99.52;1;136;/dados/rmelo/PDPTW-SE/benchmark_multi_island_v5/official_experiments/multistartlp/preliminar/set_01_pt_04/logs/heur_mslp/solutions/60R_60V_02I_05M/LR2_2_8_sol_genconfig_mslp_seed_136_alpha_15p.txt;Gurobi;AUTOMATIC;23.24;_bash_3;_seed_136_alpha_15p;430.23;1;1972.01;/dados/rmelo/PDPTW-SE/benchmark_multi_island_v5/official_experiments/multistartlp/preliminar/set_01_pt_04/logs/heur_mslp/timelines/60R_60V_02I_05M/LR2_2_8_timeline_genconfig_mslp_seed_136_alpha_15p.txt;3600.12;t2;0;7144.21;false
0.15;0.12;0.17;0.29;0.01;0.09;1;/dados/rmelo/PDPTW-SE/benchmark_multi_island_v5/official_experiments/multistartlp/preliminar/set_01_pt_04/logs/heur_mslp/outputs/csvresults_heur_mslp_bash_3.csv;0;5;1;122;0;0.0;0.5;true;62;2;LR1_2_6_t1_60R_60V_04I_05M;/dados/rmelo/PDPTW-SE/benchmark_multi_island_v5/official_experiments/multistartlp/preliminar/set_01_pt_04/configs/genconfig_mslp.conf;genconfig_mslp;/dados/rmelo/PDPTW-SE/benchmark_multi_island_v5/official_experiments/multistartlp/preliminar/set_01_pt_04/logs/heur_mslp/gurobi/60R_60V_04I_05M/LR1_2_6_grb_genconfig_mslp_seed_136_alpha_15p.log;random;60R_60V_04I_05M;1;59999;1;/dados/rmelo/PDPTW-SE/benchmark_multi_island_v5/official_experiments/multistartlp/preliminar/set_01_pt_04/../../../../instances/orig_ams_fg/60R_60V_04I_06M/t1/LR1_2_6/;60000;1;0;8335.07;121;61;H;50;95;0;100.0;30.0;true;0.95;100.0;1.0;1.0;1.0;1.0;60;M;1;1;false;82;0.93;184.15;0.96;41;10;1000000;-1;3600;5.47;0.57;0.63;mslp;heur;0.25;0.13;-1;3600;60000;I;60;1.0;0.28;LR1_2_6;0;/dados/rmelo/PDPTW-SE/benchmark_multi_island_v5/official_experiments/multistartlp/preliminar/set_01_pt_04/logs;0;0;0;100.0;100.0;1;136;/dados/rmelo/PDPTW-SE/benchmark_multi_island_v5/official_experiments/multistartlp/preliminar/set_01_pt_04/logs/heur_mslp/solutions/60R_60V_04I_05M/LR1_2_6_sol_genconfig_mslp_seed_136_alpha_15p.txt;Gurobi;AUTOMATIC;23.51;_bash_3;_seed_136_alpha_15p;0.05;1;0.04;/dados/rmelo/PDPTW-SE/benchmark_multi_island_v5/official_experiments/multistartlp/preliminar/set_01_pt_04/logs/heur_mslp/timelines/60R_60V_04I_05M/LR1_2_6_timeline_genconfig_mslp_seed_136_alpha_15p.txt;524.8;t1;0;7879.32;false
0.15;0.03;0.06;0.08;0.0;0.0;3;/dados/rmelo/PDPTW-SE/benchmark_multi_island_v5/official_experiments/multistartlp/preliminar/set_01_pt_04/logs/heur_mslp/outputs/csvresults_heur_mslp_bash_3.csv;0;5;1;122;0;0.0;0.5;true;62;2;LR2_2_8_t2_60R_60V_04I_05M;/dados/rmelo/PDPTW-SE/benchmark_multi_island_v5/official_experiments/multistartlp/preliminar/set_01_pt_04/configs/genconfig_mslp.conf;genconfig_mslp;/dados/rmelo/PDPTW-SE/benchmark_multi_island_v5/official_experiments/multistartlp/preliminar/set_01_pt_04/logs/heur_mslp/gurobi/60R_60V_04I_05M/LR2_2_8_grb_genconfig_mslp_seed_136_alpha_15p.log;random;60R_60V_04I_05M;1;0;1;/dados/rmelo/PDPTW-SE/benchmark_multi_island_v5/official_experiments/multistartlp/preliminar/set_01_pt_04/../../../../instances/orig_ams_fg/60R_60V_04I_06M/t2/LR2_2_8/;14759;11645;0;9966.33;121;61;H;50;95;0;100.0;30.0;true;0.95;100.0;1.0;1.0;1.0;1.0;60;M;14706;14759;false;80;0.88;181.1;1.0;40;10;1000000;-1;3600;1.02;0.74;0.97;mslp;heur;0.5;0.96;-1;3600;60000;I;60;1.0;0.07;LR2_2_8;0;/dados/rmelo/PDPTW-SE/benchmark_multi_island_v5/official_experiments/multistartlp/preliminar/set_01_pt_04/logs;0;0;0;0.0;99.64;1;136;/dados/rmelo/PDPTW-SE/benchmark_multi_island_v5/official_experiments/multistartlp/preliminar/set_01_pt_04/logs/heur_mslp/solutions/60R_60V_04I_05M/LR2_2_8_sol_genconfig_mslp_seed_136_alpha_15p.txt;Gurobi;AUTOMATIC;22.86;_bash_3;_seed_136_alpha_15p;150.28;1;2839.96;/dados/rmelo/PDPTW-SE/benchmark_multi_island_v5/official_experiments/multistartlp/preliminar/set_01_pt_04/logs/heur_mslp/timelines/60R_60V_04I_05M/LR2_2_8_timeline_genconfig_mslp_seed_136_alpha_15p.txt;3600.06;t2;0;7521.6;false
0.15;0.0;0.12;0.12;0.0;0.0;3;/dados/rmelo/PDPTW-SE/benchmark_multi_island_v5/official_experiments/multistartlp/preliminar/set_01_pt_04/logs/heur_mslp/outputs/csvresults_heur_mslp_bash_3.csv;0;3;1;18;0;0.0;0.5;true;10;2;lr109_t1_08R_08V_02I_03M;/dados/rmelo/PDPTW-SE/benchmark_multi_island_v5/official_experiments/multistartlp/preliminar/set_01_pt_04/configs/genconfig_mslp.conf;genconfig_mslp;/dados/rmelo/PDPTW-SE/benchmark_multi_island_v5/official_experiments/multistartlp/preliminar/set_01_pt_04/logs/heur_mslp/gurobi/08R_08V_02I_03M/lr109_grb_genconfig_mslp_seed_143_alpha_15p.log;random;08R_08V_02I_03M;1;0;1;/dados/rmelo/PDPTW-SE/benchmark_multi_island_v5/official_experiments/multistartlp/preliminar/set_01_pt_04/../../../../instances/orig_ams_fg/08R_08V_02I_04M/t1/lr109/;60000;3;0;703.71;17;9;H;50;95;0;100.0;30.0;true;0.95;100.0;1.0;1.0;1.0;1.0;60;M;60000;60000;false;52;0.91;79.5;0.76;26;10;1000000;-1;3600;9.56;0.77;0.53;mslp;heur;0.59;0.23;-1;3600;60000;I;8;0.67;0.38;lr109;0;/dados/rmelo/PDPTW-SE/benchmark_multi_island_v5/official_experiments/multistartlp/preliminar/set_01_pt_04/logs;0;0;0;0.0;100.0;1;143;/dados/rmelo/PDPTW-SE/benchmark_multi_island_v5/official_experiments/multistartlp/preliminar/set_01_pt_04/logs/heur_mslp/solutions/08R_08V_02I_03M/lr109_sol_genconfig_mslp_seed_143_alpha_15p.txt;Gurobi;AUTOMATIC;22.25;_bash_3;_seed_143_alpha_15p;5736.04;1;0.37;/dados/rmelo/PDPTW-SE/benchmark_multi_island_v5/official_experiments/multistartlp/preliminar/set_01_pt_04/logs/heur_mslp/timelines/08R_08V_02I_03M/lr109_timeline_genconfig_mslp_seed_143_alpha_15p.txt;123.54;t1;0;533.17;false
0.15;0.0;0.02;0.02;0.0;0.01;9;/dados/rmelo/PDPTW-SE/benchmark_multi_island_v5/official_experiments/multistartlp/preliminar/set_01_pt_04/logs/heur_mslp/outputs/csvresults_heur_mslp_bash_3.csv;0;3;1;18;0;0.0;0.5;true;10;2;lr209_t2_08R_08V_02I_03M;/dados/rmelo/PDPTW-SE/benchmark_multi_island_v5/official_experiments/multistartlp/preliminar/set_01_pt_04/configs/genconfig_mslp.conf;genconfig_mslp;/dados/rmelo/PDPTW-SE/benchmark_multi_island_v5/official_experiments/multistartlp/preliminar/set_01_pt_04/logs/heur_mslp/gurobi/08R_08V_02I_03M/lr209_grb_genconfig_mslp_seed_143_alpha_15p.log;random;08R_08V_02I_03M;1;0;1;/dados/rmelo/PDPTW-SE/benchmark_multi_island_v5/official_experiments/multistartlp/preliminar/set_01_pt_04/../../../../instances/orig_ams_fg/08R_08V_02I_04M/t2/lr209/;60000;19410;0;815.05;17;9;H;50;95;0;100.0;30.0;true;0.95;100.0;1.0;1.0;1.0;1.0;60;M;58594;60000;false;46;0.57;79.13;0.93;23;10;1000000;-1;3600;21.36;0.57;0.93;mslp;heur;0.57;0.93;-1;3600;60000;I;8;1.0;0.12;lr209;0;/dados/rmelo/PDPTW-SE/benchmark_multi_island_v5/official_experiments/multistartlp/preliminar/set_01_pt_04/logs;0;0;0;0.0;97.66;1;143;/dados/rmelo/PDPTW-SE/benchmark_multi_island_v5/official_experiments/multistartlp/preliminar/set_01_pt_04/logs/heur_mslp/solutions/08R_08V_02I_03M/lr209_sol_genconfig_mslp_seed_143_alpha_15p.txt;Gurobi;AUTOMATIC;22.12;_bash_3;_seed_143_alpha_15p;12817.27;1;49.77;/dados/rmelo/PDPTW-SE/benchmark_multi_island_v5/official_experiments/multistartlp/preliminar/set_01_pt_04/logs/heur_mslp/timelines/08R_08V_02I_03M/lr209_timeline_genconfig_mslp_seed_143_alpha_15p.txt;151.57;t2;0;570.16;false
0.15;0.1;0.28;0.38;0.0;0.0;4;/dados/rmelo/PDPTW-SE/benchmark_multi_island_v5/official_experiments/multistartlp/preliminar/set_01_pt_04/logs/heur_mslp/outputs/csvresults_heur_mslp_bash_3.csv;0;3;1;18;0;0.0;0.5;true;10;2;lr110_t1_08R_08V_04I_03M;/dados/rmelo/PDPTW-SE/benchmark_multi_island_v5/official_experiments/multistartlp/preliminar/set_01_pt_04/configs/genconfig_mslp.conf;genconfig_mslp;/dados/rmelo/PDPTW-SE/benchmark_multi_island_v5/official_experiments/multistartlp/preliminar/set_01_pt_04/logs/heur_mslp/gurobi/08R_08V_04I_03M/lr110_grb_genconfig_mslp_seed_143_alpha_15p.log;random;08R_08V_04I_03M;1;24585;1;/dados/rmelo/PDPTW-SE/benchmark_multi_island_v5/official_experiments/multistartlp/preliminar/set_01_pt_04/../../../../instances/orig_ams_fg/08R_08V_04I_04M/t1/lr110/;60000;57;0;867.17;17;9;H;50;95;0;100.0;30.0;true;0.95;100.0;1.0;1.0;1.0;1.0;60;M;35415;35415;false;52;0.89;73.43;0.82;26;10;1000000;-1;3600;11.71;0.58;0.46;mslp;heur;0.35;0.12;-1;3600;60000;I;8;1.0;0.62;lr110;0;/dados/rmelo/PDPTW-SE/benchmark_multi_island_v5/official_experiments/multistartlp/preliminar/set_01_pt_04/logs;0;0;0;40.98;100.0;1;143;/dados/rmelo/PDPTW-SE/benchmark_multi_island_v5/official_experiments/multistartlp/preliminar/set_01_pt_04/logs/heur_mslp/solutions/08R_08V_04I_03M/lr110_sol_genconfig_mslp_seed_143_alpha_15p.txt;Gurobi;AUTOMATIC;22.48;_bash_3;_seed_143_alpha_15p;4148.21;1;0.44;/dados/rmelo/PDPTW-SE/benchmark_multi_island_v5/official_experiments/multistartlp/preliminar/set_01_pt_04/logs/heur_mslp/timelines/08R_08V_04I_03M/lr110_timeline_genconfig_mslp_seed_143_alpha_15p.txt;98.24;t1;0;672.2;false
0.15;0.01;0.05;0.07;0.0;0.0;8;/dados/rmelo/PDPTW-SE/benchmark_multi_island_v5/official_experiments/multistartlp/preliminar/set_01_pt_04/logs/heur_mslp/outputs/csvresults_heur_mslp_bash_3.csv;0;3;1;18;0;0.0;0.5;true;10;2;lr209_t2_08R_08V_04I_03M;/dados/rmelo/PDPTW-SE/benchmark_multi_island_v5/official_experiments/multistartlp/preliminar/set_01_pt_04/configs/genconfig_mslp.conf;genconfig_mslp;/dados/rmelo/PDPTW-SE/benchmark_multi_island_v5/official_experiments/multistartlp/preliminar/set_01_pt_04/logs/heur_mslp/gurobi/08R_08V_04I_03M/lr209_grb_genconfig_mslp_seed_143_alpha_15p.log;random;08R_08V_04I_03M;1;0;1;/dados/rmelo/PDPTW-SE/benchmark_multi_island_v5/official_experiments/multistartlp/preliminar/set_01_pt_04/../../../../instances/orig_ams_fg/08R_08V_04I_04M/t2/lr209/;60000;2294;0;1320.82;17;9;H;50;95;0;100.0;30.0;true;0.95;100.0;1.0;1.0;1.0;1.0;60;M;59310;60000;false;46;0.56;81.38;0.93;23;10;1000000;-1;3600;22.45;0.31;0.72;mslp;heur;0.07;0.5;-1;3600;60000;I;8;1.0;0.25;lr209;0;/dados/rmelo/PDPTW-SE/benchmark_multi_island_v5/official_experiments/multistartlp/preliminar/set_01_pt_04/logs;0;0;0;0.0;98.85;1;143;/dados/rmelo/PDPTW-SE/benchmark_multi_island_v5/official_experiments/multistartlp/preliminar/set_01_pt_04/logs/heur_mslp/solutions/08R_08V_04I_03M/lr209_sol_genconfig_mslp_seed_143_alpha_15p.txt;Gurobi;AUTOMATIC;23.43;_bash_3;_seed_143_alpha_15p;13469.19;1;8.34;/dados/rmelo/PDPTW-SE/benchmark_multi_island_v5/official_experiments/multistartlp/preliminar/set_01_pt_04/logs/heur_mslp/timelines/08R_08V_04I_03M/lr209_timeline_genconfig_mslp_seed_143_alpha_15p.txt;209.76;t2;0;626.65;false
0.15;0.0;0.07;0.07;0.0;0.0;8;/dados/rmelo/PDPTW-SE/benchmark_multi_island_v5/official_experiments/multistartlp/preliminar/set_01_pt_04/logs/heur_mslp/outputs/csvresults_heur_mslp_bash_3.csv;0;3;1;26;0;0.0;0.5;true;14;2;lr109_t1_12R_12V_02I_03M;/dados/rmelo/PDPTW-SE/benchmark_multi_island_v5/official_experiments/multistartlp/preliminar/set_01_pt_04/configs/genconfig_mslp.conf;genconfig_mslp;/dados/rmelo/PDPTW-SE/benchmark_multi_island_v5/official_experiments/multistartlp/preliminar/set_01_pt_04/logs/heur_mslp/gurobi/12R_12V_02I_03M/lr109_grb_genconfig_mslp_seed_143_alpha_15p.log;random;12R_12V_02I_03M;1;0;1;/dados/rmelo/PDPTW-SE/benchmark_multi_island_v5/official_experiments/multistartlp/preliminar/set_01_pt_04/../../../../instances/orig_ams_fg/12R_12V_02I_04M/t1/lr109/;60000;954;0;942.74;25;13;H;50;95;0;100.0;30.0;true;0.95;100.0;1.0;1.0;1.0;1.0;60;M;60000;60000;false;58;0.83;96.56;0.98;29;10;1000000;-1;3600;8.8;0.79;0.62;mslp;heur;0.73;0.32;-1;3600;60000;I;12;0.67;0.33;lr109;0;/dados/rmelo/PDPTW-SE/benchmark_multi_island_v5/official_experiments/multistartlp/preliminar/set_01_pt_04/logs;0;0;0;0.0;100.0;1;143;/dados/rmelo/PDPTW-SE/benchmark_multi_island_v5/official_experiments/multistartlp/preliminar/set_01_pt_04/logs/heur_mslp/solutions/12R_12V_02I_03M/lr109_sol_genconfig_mslp_seed_143_alpha_15p.txt;Gurobi;AUTOMATIC;22.82;_bash_3;_seed_143_alpha_15p;5279.65;1;2.91;/dados/rmelo/PDPTW-SE/benchmark_multi_island_v5/official_experiments/multistartlp/preliminar/set_01_pt_04/logs/heur_mslp/timelines/12R_12V_02I_03M/lr109_timeline_genconfig_mslp_seed_143_alpha_15p.txt;161.16;t1;0;722.63;false
0.15;0.01;0.01;0.02;0.0;0.0;4;/dados/rmelo/PDPTW-SE/benchmark_multi_island_v5/official_experiments/multistartlp/preliminar/set_01_pt_04/logs/heur_mslp/outputs/csvresults_heur_mslp_bash_3.csv;0;3;1;26;0;0.0;0.5;true;14;2;lr208_t2_12R_12V_02I_03M;/dados/rmelo/PDPTW-SE/benchmark_multi_island_v5/official_experiments/multistartlp/preliminar/set_01_pt_04/configs/genconfig_mslp.conf;genconfig_mslp;/dados/rmelo/PDPTW-SE/benchmark_multi_island_v5/official_experiments/multistartlp/preliminar/set_01_pt_04/logs/heur_mslp/gurobi/12R_12V_02I_03M/lr208_grb_genconfig_mslp_seed_143_alpha_15p.log;random;12R_12V_02I_03M;1;0;1;/dados/rmelo/PDPTW-SE/benchmark_multi_island_v5/official_experiments/multistartlp/preliminar/set_01_pt_04/../../../../instances/orig_ams_fg/12R_12V_02I_04M/t2/lr208/;60000;6728;0;1130.04;25;13;H;50;95;0;100.0;30.0;true;0.95;100.0;1.0;1.0;1.0;1.0;60;M;51606;60000;false;58;0.78;114.02;1.0;29;10;1000000;-1;3600;6.21;0.78;1.0;mslp;heur;0.78;1.0;-1;3600;60000;I;12;1.0;0.08;lr208;0;/dados/rmelo/PDPTW-SE/benchmark_multi_island_v5/official_experiments/multistartlp/preliminar/set_01_pt_04/logs;0;0;0;0.0;86.01;1;143;/dados/rmelo/PDPTW-SE/benchmark_multi_island_v5/official_experiments/multistartlp/preliminar/set_01_pt_04/logs/heur_mslp/solutions/12R_12V_02I_03M/lr208_sol_genconfig_mslp_seed_143_alpha_15p.txt;Gurobi;AUTOMATIC;22.86;_bash_3;_seed_143_alpha_15p;3723.1;1;36.45;/dados/rmelo/PDPTW-SE/benchmark_multi_island_v5/official_experiments/multistartlp/preliminar/set_01_pt_04/logs/heur_mslp/timelines/12R_12V_02I_03M/lr208_timeline_genconfig_mslp_seed_143_alpha_15p.txt;319.32;t2;0;780.67;false
0.15;0.14;0.26;0.4;0.0;0.0;12;/dados/rmelo/PDPTW-SE/benchmark_multi_island_v5/official_experiments/multistartlp/preliminar/set_01_pt_04/logs/heur_mslp/outputs/csvresults_heur_mslp_bash_3.csv;0;3;1;26;0;0.0;0.5;true;14;2;lr110_t1_12R_12V_04I_03M;/dados/rmelo/PDPTW-SE/benchmark_multi_island_v5/official_experiments/multistartlp/preliminar/set_01_pt_04/configs/genconfig_mslp.conf;genconfig_mslp;/dados/rmelo/PDPTW-SE/benchmark_multi_island_v5/official_experiments/multistartlp/preliminar/set_01_pt_04/logs/heur_mslp/gurobi/12R_12V_04I_03M/lr110_grb_genconfig_mslp_seed_143_alpha_15p.log;random;12R_12V_04I_03M;1;13078;1;/dados/rmelo/PDPTW-SE/benchmark_multi_island_v5/official_experiments/multistartlp/preliminar/set_01_pt_04/../../../../instances/orig_ams_fg/12R_12V_04I_04M/t1/lr110/;60000;8603;0;1000.45;25;13;H;50;95;0;100.0;30.0;true;0.95;100.0;1.0;1.0;1.0;1.0;60;M;46922;46922;false;52;0.72;75.02;0.76;26;10;1000000;-1;3600;13.53;0.57;0.45;mslp;heur;0.37;0.15;-1;3600;60000;I;12;1.0;0.5;lr110;0;/dados/rmelo/PDPTW-SE/benchmark_multi_island_v5/official_experiments/multistartlp/preliminar/set_01_pt_04/logs;0;0;0;21.8;100.0;1;143;/dados/rmelo/PDPTW-SE/benchmark_multi_island_v5/official_experiments/multistartlp/preliminar/set_01_pt_04/logs/heur_mslp/solutions/12R_12V_04I_03M/lr110_sol_genconfig_mslp_seed_143_alpha_15p.txt;Gurobi;AUTOMATIC;22.42;_bash_3;_seed_143_alpha_15p;6349.74;1;23.2;/dados/rmelo/PDPTW-SE/benchmark_multi_island_v5/official_experiments/multistartlp/preliminar/set_01_pt_04/logs/heur_mslp/timelines/12R_12V_04I_03M/lr110_timeline_genconfig_mslp_seed_143_alpha_15p.txt;160.2;t1;0;786.88;false
0.15;0.03;0.06;0.09;0.0;0.0;13;/dados/rmelo/PDPTW-SE/benchmark_multi_island_v5/official_experiments/multistartlp/preliminar/set_01_pt_04/logs/heur_mslp/outputs/csvresults_heur_mslp_bash_3.csv;0;3;1;26;0;0.0;0.5;true;14;2;lr207_t2_12R_12V_04I_03M;/dados/rmelo/PDPTW-SE/benchmark_multi_island_v5/official_experiments/multistartlp/preliminar/set_01_pt_04/configs/genconfig_mslp.conf;genconfig_mslp;/dados/rmelo/PDPTW-SE/benchmark_multi_island_v5/official_experiments/multistartlp/preliminar/set_01_pt_04/logs/heur_mslp/gurobi/12R_12V_04I_03M/lr207_grb_genconfig_mslp_seed_143_alpha_15p.log;random;12R_12V_04I_03M;1;0;1;/dados/rmelo/PDPTW-SE/benchmark_multi_island_v5/official_experiments/multistartlp/preliminar/set_01_pt_04/../../../../instances/orig_ams_fg/12R_12V_04I_04M/t2/lr207/;60000;21158;0;1365.52;25;13;H;50;95;0;100.0;30.0;true;0.95;100.0;1.0;1.0;1.0;1.0;60;M;59973;60000;false;40;0.88;90.05;0.97;20;10;1000000;-1;3600;14.41;0.88;0.97;mslp;heur;0.88;0.97;-1;3600;60000;I;12;1.0;0.08;lr207;0;/dados/rmelo/PDPTW-SE/benchmark_multi_island_v5/official_experiments/multistartlp/preliminar/set_01_pt_04/logs;0;0;0;0.0;99.96;1;143;/dados/rmelo/PDPTW-SE/benchmark_multi_island_v5/official_experiments/multistartlp/preliminar/set_01_pt_04/logs/heur_mslp/solutions/12R_12V_04I_03M/lr207_sol_genconfig_mslp_seed_143_alpha_15p.txt;Gurobi;AUTOMATIC;22.83;_bash_3;_seed_143_alpha_15p;8646.14;1;132.96;/dados/rmelo/PDPTW-SE/benchmark_multi_island_v5/official_experiments/multistartlp/preliminar/set_01_pt_04/logs/heur_mslp/timelines/12R_12V_04I_03M/lr207_timeline_genconfig_mslp_seed_143_alpha_15p.txt;377.13;t2;0;883.62;false
0.15;0.06;0.11;0.16;0.0;0.04;1;/dados/rmelo/PDPTW-SE/benchmark_multi_island_v5/official_experiments/multistartlp/preliminar/set_01_pt_04/logs/heur_mslp/outputs/csvresults_heur_mslp_bash_3.csv;0;5;1;82;0;0.0;0.5;true;42;2;LR1_2_6_t1_40R_40V_02I_05M;/dados/rmelo/PDPTW-SE/benchmark_multi_island_v5/official_experiments/multistartlp/preliminar/set_01_pt_04/configs/genconfig_mslp.conf;genconfig_mslp;/dados/rmelo/PDPTW-SE/benchmark_multi_island_v5/official_experiments/multistartlp/preliminar/set_01_pt_04/logs/heur_mslp/gurobi/40R_40V_02I_05M/LR1_2_6_grb_genconfig_mslp_seed_143_alpha_15p.log;random;40R_40V_02I_05M;1;59997;1;/dados/rmelo/PDPTW-SE/benchmark_multi_island_v5/official_experiments/multistartlp/preliminar/set_01_pt_04/../../../../instances/orig_ams_fg/40R_40V_02I_06M/t1/LR1_2_6/;60000;1;0;6557.73;81;41;H;50;95;0;100.0;30.0;true;0.95;100.0;1.0;1.0;1.0;1.0;60;M;3;3;false;72;0.93;213.59;1.0;36;10;1000000;-1;3600;4.9;0.68;0.58;mslp;heur;0.3;0.12;-1;3600;60000;I;40;1.0;0.35;LR1_2_6;0;/dados/rmelo/PDPTW-SE/benchmark_multi_island_v5/official_experiments/multistartlp/preliminar/set_01_pt_04/logs;0;0;0;100.0;100.0;1;143;/dados/rmelo/PDPTW-SE/benchmark_multi_island_v5/official_experiments/multistartlp/preliminar/set_01_pt_04/logs/heur_mslp/solutions/40R_40V_02I_05M/LR1_2_6_sol_genconfig_mslp_seed_143_alpha_15p.txt;Gurobi;AUTOMATIC;23.53;_bash_3;_seed_143_alpha_15p;0.15;1;0.02;/dados/rmelo/PDPTW-SE/benchmark_multi_island_v5/official_experiments/multistartlp/preliminar/set_01_pt_04/logs/heur_mslp/timelines/40R_40V_02I_05M/LR1_2_6_timeline_genconfig_mslp_seed_143_alpha_15p.txt;237.34;t1;0;6037.52;false
