Set parameter WLSAccessID
Set parameter WLSSecret
Set parameter LicenseID to value 2661775
Academic license 2661775 - for non-commercial use only - registered to me___@dcc.ufba.br
Parameter 'method_type' with value 'form' successfully set as form of type <class 'str'>
Parameter 'method_code' with value 'melo_hx' successfully set as melo_hx of type <class 'str'>
Parameter 'seed' with value '0' successfully set as 0 of type <class 'int'>
Parameter 'hx_max_time' with value '3600' successfully set as 3600 of type <class 'int'>
Parameter 'threads' with value '8' successfully set as 8 of type <class 'int'>
Parameter 'print_sol' with value '1' successfully set as 1 of type <class 'int'>
Parameter 'constraints_used_melo_mip_str' with value '1-29' successfully set as 1-29 of type <class 'str'>
Instance: lr202_t2_12R_12V_04I_03M
ParameterData(inst_path='/dados/rmelo/PDPTW-SE/benchmark_multi_island_v5/official_experiments/mip_hexaly/set_02_pt_03/../../../instances/orig_ams_fg/12R_12V_04I_04M/t2/lr202/', name='lr202', type='t2', group='12R_12V_04I_03M', full_name='lr202_t2_12R_12V_04I_03M', method_type='form', method_code='melo_hx', gen_config_file='/dados/rmelo/PDPTW-SE/benchmark_multi_island_v5/official_experiments/mip_hexaly/set_02_pt_03/configs/genconfig_melo_hx.conf', gen_config_filename='genconfig_melo_hx', greedy_service_order='tightest_tw', cutoff=0, cutoff_machs=3, solver='Gurobi', max_time=7200, gurobi_cuts=1, type_user_cut=0, mip_presolve=-1, print_sol=1, max_nodes=-1, elevator=0, make_instance_feasible=False, output='/dados/rmelo/PDPTW-SE/benchmark_multi_island_v5/official_experiments/mip_hexaly/set_02_pt_03/logs', epsilon=0.005, epsilon_cap=0.5, warm_start=False, seed=0, rng=<random.Random object at 0x5652b3f549f0>, alpha=0.2, max_iter=1000000, output_flag_grb_mip=0, output_flag_grb_mslp=0, output_flag_grb_lmns=0, mslp_r='M', mslp_a='60', lmns_r='M', lmns_a='60', lmns_repair_time=30.0, lmns_mip_focus=0, lmns_gap_to_bigger_destruction=50, lmns_gap_to_smaller_destruction=95, lmns_weight_shaw_dist_prox=1.0, lmns_weight_shaw_earl_prox=1.0, lmns_weight_shaw_same_route=1.0, lmns_weight_shaw_demand_sim=1.0, lmns_req_r_apply_mip_start=True, lmns_acceptance_criteria='H', lmns_metropolis_temp=100.0, lmns_simulated_annealing_temp=100.0, lmns_simulated_annealing_cool=0.95, mip_max_time=3600, hx_max_time=3600, csv_file_name='', sol_file_name='', timeline_file_name='', grb_file_name='', validate_synchronization=True, constraints_used_melo_mip_str='1-29', constraints_used_melo_mip=None, run_callback_melo_mip=False, mip_heuristics=0.05, threads=8)
Constraints active in melo MIP
1 2 3 4 5 6 7 8 9 10 11 12 13 14 15 16 17 18 19 20 21 22 23 24 25 26 27 28 29 
[Reading Data] Using files at /dados/rmelo/PDPTW-SE/benchmark_multi_island_v5/official_experiments/mip_hexaly/set_02_pt_03/../../../instances/orig_ams_fg/12R_12V_04I_04M/t2/lr202/
vehicles: [Vehicle(id=0, cap=30), Vehicle(id=1, cap=38), Vehicle(id=2, cap=46), Vehicle(id=3, cap=30), Vehicle(id=4, cap=30), Vehicle(id=5, cap=38), Vehicle(id=6, cap=46), Vehicle(id=7, cap=46), Vehicle(id=8, cap=30), Vehicle(id=9, cap=46), Vehicle(id=10, cap=30), Vehicle(id=11, cap=38)]
vehicle_types: [Vehicle(id=10, cap=30), Vehicle(id=11, cap=38), Vehicle(id=9, cap=46)]
machines: [Machine(id=0, points=[Point(x=36, y=33, z=0), Point(x=16, y=36, z=1), Point(x=17, y=61, z=2), Point(x=28, y=24, z=3)], spd=1.0), Machine(id=1, points=[Point(x=36, y=37, z=0), Point(x=15, y=36, z=1), Point(x=18, y=61, z=2), Point(x=27, y=24, z=3)], spd=1.0), Machine(id=2, points=[Point(x=37, y=32, z=0), Point(x=15, y=37, z=1), Point(x=19, y=62, z=2), Point(x=26, y=24, z=3)], spd=1.0)]
refs: [0, 1, 2, 4, 5, 6, 7, 8, 9, 10, 12, 13, 15, 17, 24, 20, 23, 19, 14, 21, 18, 3, 22, 11, 16, 0]
V: [0, 1, 2, 3, 4, 5, 6, 7, 8, 9, 10, 11, 12, 13, 14, 15, 16, 17, 18, 19, 20, 21, 22, 23, 24]
V_p: [1, 2, 3, 4, 5, 6, 7, 8, 9, 10, 11, 12]
V_d: [13, 14, 15, 16, 17, 18, 19, 20, 21, 22, 23, 24]
V_p_d: [1, 2, 3, 4, 5, 6, 7, 8, 9, 10, 11, 12, 13, 14, 15, 16, 17, 18, 19, 20, 21, 22, 23, 24]
Vprime: [0, 1, 2, 3, 4, 5, 6, 7, 8, 9, 10, 11, 12, 13, 14, 15, 16, 17, 18, 19, 20, 21, 22, 23, 24, 25]
q: [0, 7, 13, 9, 16, 12, 19, 23, 20, 19, 17, 11, 16, -7, -13, -9, -16, -12, -19, -23, -20, -19, -17, -11, -16, 0]
H: [0, 1, 2]
Machine points:
# Machine 0
	Point(x=36, y=33, z=0)
	Point(x=16, y=36, z=1)
	Point(x=17, y=61, z=2)
	Point(x=28, y=24, z=3)

# Machine 1
	Point(x=36, y=37, z=0)
	Point(x=15, y=36, z=1)
	Point(x=18, y=61, z=2)
	Point(x=27, y=24, z=3)

# Machine 2
	Point(x=37, y=32, z=0)
	Point(x=15, y=37, z=1)
	Point(x=19, y=62, z=2)
	Point(x=26, y=24, z=3)

f: [[0 0 0]
 [3 3 3]
 [0 0 0]
 [1 1 1]
 [0 0 0]
 [2 2 2]
 [0 0 0]
 [3 3 3]
 [3 3 3]
 [3 3 3]
 [2 2 2]
 [0 0 0]
 [0 0 0]
 [3 3 3]
 [3 3 3]
 [0 0 0]
 [2 2 2]
 [0 0 0]
 [0 0 0]
 [1 1 1]
 [3 3 3]
 [1 1 1]
 [0 0 0]
 [1 1 1]
 [3 3 3]
 [0 0 0]]
(0, 0, 0) 0.0
(0, 1, 0) 20.22
(0, 2, 0) 33.84
(0, 3, 0) 12.04
(1, 0, 0) 20.22
(1, 1, 0) 0.0
(1, 2, 0) 25.02
(1, 3, 0) 16.97
(2, 0, 0) 33.84
(2, 1, 0) 25.02
(2, 2, 0) 0.0
(2, 3, 0) 38.6
(3, 0, 0) 12.04
(3, 1, 0) 16.97
(3, 2, 0) 38.6
(3, 3, 0) 0.0
(0, 0, 1) 0.0
(0, 1, 1) 21.02
(0, 2, 1) 30.0
(0, 3, 1) 15.81
(1, 0, 1) 21.02
(1, 1, 1) 0.0
(1, 2, 1) 25.18
(1, 3, 1) 16.97
(2, 0, 1) 30.0
(2, 1, 1) 25.18
(2, 2, 1) 0.0
(2, 3, 1) 38.08
(3, 0, 1) 15.81
(3, 1, 1) 16.97
(3, 2, 1) 38.08
(3, 3, 1) 0.0
(0, 0, 2) 0.0
(0, 1, 2) 22.56
(0, 2, 2) 34.99
(0, 3, 2) 13.6
(1, 0, 2) 22.56
(1, 1, 2) 0.0
(1, 2, 2) 25.32
(1, 3, 2) 17.03
(2, 0, 2) 34.99
(2, 1, 2) 25.32
(2, 2, 2) 0.0
(2, 3, 2) 38.64
(3, 0, 2) 13.6
(3, 1, 2) 17.03
(3, 2, 2) 38.64
(3, 3, 2) 0.0
Number of arcs: 379
M:  (0, np.int64(0)) (1, np.int64(70)) (2, np.int64(1086)) (3, np.int64(1076)) (4, np.int64(1045)) (5, np.int64(1035)) (6, np.int64(1073)) (7, np.int64(1079)) (8, np.int64(40))
JOBS in the order of refs (Vprime)
Node 0: Job(id=0, point=Point(x=35, y=35, z=0), dem=0, earl=0, lat=1000, servt=0, pid=0, did=0)
Node 1: Job(id=2, point=Point(x=35, y=17, z=3), dem=7, earl=0, lat=972, servt=10, pid=0, did=43)
Node 2: Job(id=3, point=Point(x=55, y=45, z=0), dem=13, earl=0, lat=967, servt=10, pid=0, did=100)
Node 3: Job(id=8, point=Point(x=10, y=43, z=1), dem=9, earl=404, lat=481, servt=10, pid=0, did=55)
Node 4: Job(id=9, point=Point(x=55, y=60, z=0), dem=16, earl=400, lat=497, servt=10, pid=0, did=90)
Node 5: Job(id=11, point=Point(x=20, y=65, z=2), dem=12, earl=206, lat=325, servt=10, pid=0, did=51)
Node 6: Job(id=12, point=Point(x=50, y=35, z=0), dem=19, earl=0, lat=975, servt=10, pid=0, did=26)
Node 7: Job(id=13, point=Point(x=30, y=25, z=3), dem=23, earl=690, lat=827, servt=10, pid=0, did=60)
Node 8: Job(id=14, point=Point(x=15, y=10, z=3), dem=20, earl=32, lat=243, servt=10, pid=0, did=44)
Node 9: Job(id=16, point=Point(x=10, y=20, z=3), dem=19, earl=272, lat=373, servt=10, pid=0, did=5)
Node 10: Job(id=19, point=Point(x=15, y=60, z=2), dem=17, earl=269, lat=378, servt=10, pid=0, did=81)
Node 11: Job(id=21, point=Point(x=45, y=20, z=0), dem=11, earl=0, lat=971, servt=10, pid=0, did=17)
Node 12: Job(id=28, point=Point(x=41, y=37, z=0), dem=16, earl=114, lat=255, servt=10, pid=0, did=37)
Node 13: Job(id=43, point=Point(x=23, y=3, z=3), dem=-7, earl=620, lat=705, servt=10, pid=2, did=0)
Node 14: Job(id=100, point=Point(x=18, y=18, z=3), dem=-13, earl=798, lat=965, servt=10, pid=3, did=0)
Node 15: Job(id=55, point=Point(x=63, y=23, z=0), dem=-9, earl=620, lat=739, servt=10, pid=8, did=0)
Node 16: Job(id=90, point=Point(x=31, y=67, z=2), dem=-16, earl=392, lat=487, servt=10, pid=9, did=0)
Node 17: Job(id=51, point=Point(x=49, y=58, z=0), dem=-12, earl=348, lat=453, servt=10, pid=11, did=0)
Node 18: Job(id=26, point=Point(x=45, y=30, z=0), dem=-19, earl=0, lat=978, servt=10, pid=12, did=0)
Node 19: Job(id=60, point=Point(x=17, y=34, z=1), dem=-23, earl=721, lat=862, servt=10, pid=13, did=0)
Node 20: Job(id=44, point=Point(x=11, y=14, z=3), dem=-20, earl=233, lat=340, servt=10, pid=14, did=0)
Node 21: Job(id=5, point=Point(x=15, y=30, z=1), dem=-19, earl=0, lat=969, servt=10, pid=16, did=0)
Node 22: Job(id=81, point=Point(x=55, y=54, z=0), dem=-17, earl=411, lat=456, servt=10, pid=19, did=0)
Node 23: Job(id=17, point=Point(x=5, y=30, z=1), dem=-11, earl=733, lat=870, servt=10, pid=21, did=0)
Node 24: Job(id=37, point=Point(x=20, y=20, z=3), dem=-16, earl=0, lat=968, servt=10, pid=28, did=0)
Node 25: Job(id=0, point=Point(x=35, y=35, z=0), dem=0, earl=0, lat=1000, servt=0, pid=0, did=0)

### Preprocessing Data ###
	-> arcs: 676 (100.0%)
	-> arc_removals: 297 (43.93%)
	-> arc_removals_is_loop: 26 (3.85%)
	-> arc_removals_is_delivery_to_pickup: 14 (2.07%)
	-> arc_removals_is_depot_begin_to_delivery: 12 (1.78%)
	-> arc_removals_is_pickup_to_depot_end: 12 (1.78%)
	-> arc_removals_is_dest_depot_begin: 24 (3.55%)
	-> arc_removals_is_orig_depot_end: 23 (3.4%)
	-> arc_removals_is_capacity_violated: 0 (0.0%)
	-> arc_removals_is_time_window_limited: 127 (18.79%)
	-> arc_removals_is_time_window_pairing_limited: 45 (6.66%)
	-> arc_removals_is_indirect_request_service_impossible: 14 (2.07%)
	-> gamma_vars: 213869 (100.0%)
	-> feas_gamma_vars: 182462 (85.31%)
	-> infeas_gamma_vars_is_next_mtrv_unreachable: 30606 (14.31%)
	-> infeas_gamma_vars_is_iprime_jprime_eq_i_j: 801 (0.37%)
	-> machine_removal_for_an_arc: 3 (0.44%)
##########################

### Model variables summary ###
	-> Total number of variables: 188972
		- x: 4548
		- z: 312
		- t: 24
		- tstart: 12
		- tfinal: 12
		- phi: 801
		- alpha: 801
		- gamma: 182462
	-> Number of binary variables: 188123


[04:24:15] Adding routing constraints
[04:24:15] Adding scheduling constraints
[04:24:19] Adding objective function

Model:  expressions = 2294963, decisions = 188984, constraints = 688541, objectives = 1
Param:  time limit = 3600 sec, no iteration limit, nb threads = 8
        seed = 0

[objective direction ]:     minimize

[  0 sec,       0 itr]: No feasible solution found (infeas = 84)
[  1 sec,     602 itr]: No feasible solution found (infeas = 84)
[  2 sec,    2236 itr]: No feasible solution found (infeas = 84)
[  3 sec,    2236 itr]: No feasible solution found (infeas = 84)
[  4 sec,    5042 itr]: No feasible solution found (infeas = 84)
[  5 sec,    5042 itr]: No feasible solution found (infeas = 84)
[  6 sec,    7587 itr]: No feasible solution found (infeas = 84)
[  7 sec,    8568 itr]: No feasible solution found (infeas = 84)
[  8 sec,    8568 itr]: No feasible solution found (infeas = 84)
[  9 sec,    9671 itr]: No feasible solution found (infeas = 84)
[ 10 sec,   11825 itr]: No feasible solution found (infeas = 84)
[ 11 sec,   11825 itr]: No feasible solution found (infeas = 84)
[ 12 sec,   12798 itr]: No feasible solution found (infeas = 80)
[ 13 sec,   14893 itr]: No feasible solution found (infeas = 68)
[ 14 sec,   14893 itr]: No feasible solution found (infeas = 68)
[ 15 sec,   15882 itr]: No feasible solution found (infeas = 46)
[ 16 sec,   16836 itr]: No feasible solution found (infeas = 46)
[ 17 sec,   18838 itr]: No feasible solution found (infeas = 46)
[ 18 sec,   18838 itr]: No feasible solution found (infeas = 46)
[ 19 sec,   19822 itr]: No feasible solution found (infeas = 46)
[ 20 sec,   20767 itr]: No feasible solution found (infeas = 46)
[ 21 sec,   21775 itr]: No feasible solution found (infeas = 46)
[ 22 sec,   22713 itr]: No feasible solution found (infeas = 46)
[ 23 sec,   23697 itr]: No feasible solution found (infeas = 46)
[ 24 sec,   24746 itr]: No feasible solution found (infeas = 46)
[ 25 sec,   25754 itr]: No feasible solution found (infeas = 46)
[ 26 sec,   26700 itr]: No feasible solution found (infeas = 46)
[ 27 sec,   27732 itr]: No feasible solution found (infeas = 46)
[ 28 sec,   28896 itr]: No feasible solution found (infeas = 46)
[ 29 sec,   30038 itr]: No feasible solution found (infeas = 46)
[ 30 sec,   31227 itr]: No feasible solution found (infeas = 46)
[ 31 sec,   32394 itr]: No feasible solution found (infeas = 46)
[ 32 sec,   33449 itr]: No feasible solution found (infeas = 46)
[ 33 sec,   34540 itr]: No feasible solution found (infeas = 46)
[ 34 sec,   35620 itr]: No feasible solution found (infeas = 46)
[ 35 sec,   36623 itr]: No feasible solution found (infeas = 46)
[ 36 sec,   37707 itr]: No feasible solution found (infeas = 46)
[ 37 sec,   38885 itr]: No feasible solution found (infeas = 46)
[ 38 sec,   40073 itr]: No feasible solution found (infeas = 46)
[ 39 sec,   41066 itr]: No feasible solution found (infeas = 46)
[ 40 sec,   43348 itr]: No feasible solution found (infeas = 46)
[ 41 sec,   43348 itr]: No feasible solution found (infeas = 46)
[ 42 sec,   44425 itr]: No feasible solution found (infeas = 46)
[ 43 sec,   45617 itr]: No feasible solution found (infeas = 46)
[ 44 sec,   46756 itr]: No feasible solution found (infeas = 46)
[ 45 sec,   49058 itr]: No feasible solution found (infeas = 46)
[ 46 sec,   50202 itr]: No feasible solution found (infeas = 46)
[ 47 sec,   50202 itr]: No feasible solution found (infeas = 46)
[ 48 sec,   51304 itr]: No feasible solution found (infeas = 46)
[ 49 sec,   52353 itr]: No feasible solution found (infeas = 46)
[ 50 sec,   53412 itr]: No feasible solution found (infeas = 46)
[ 51 sec,   54645 itr]: No feasible solution found (infeas = 46)
[ 52 sec,   56862 itr]: No feasible solution found (infeas = 46)
[ 53 sec,   56862 itr]: No feasible solution found (infeas = 46)
[ 54 sec,   58034 itr]: No feasible solution found (infeas = 46)
[ 55 sec,   59155 itr]: No feasible solution found (infeas = 46)
[ 56 sec,   60354 itr]: No feasible solution found (infeas = 46)
[ 57 sec,   61479 itr]: No feasible solution found (infeas = 46)
[ 58 sec,   62607 itr]: No feasible solution found (infeas = 46)
[ 59 sec,   63701 itr]: No feasible solution found (infeas = 46)
[ 60 sec,   64769 itr]: No feasible solution found (infeas = 46)
[ 61 sec,   67041 itr]: No feasible solution found (infeas = 46)
[ 62 sec,   67041 itr]: No feasible solution found (infeas = 46)
[ 63 sec,   68144 itr]: No feasible solution found (infeas = 34)
[ 64 sec,   70558 itr]: No feasible solution found (infeas = 29)
[ 65 sec,   70558 itr]: No feasible solution found (infeas = 29)
[ 66 sec,   73137 itr]: No feasible solution found (infeas = 29)
[ 67 sec,   73137 itr]: No feasible solution found (infeas = 29)
[ 68 sec,   74438 itr]: No feasible solution found (infeas = 22)
[ 69 sec,   75783 itr]: No feasible solution found (infeas = 22)
[ 70 sec,   77125 itr]: No feasible solution found (infeas = 21)
[ 71 sec,   78473 itr]: No feasible solution found (infeas = 18)
[ 72 sec,   79693 itr]: No feasible solution found (infeas = 18)
[ 73 sec,   80978 itr]: No feasible solution found (infeas = 18)
[ 74 sec,   82174 itr]: No feasible solution found (infeas = 18)
[ 75 sec,   84535 itr]: No feasible solution found (infeas = 18)
[ 76 sec,   84535 itr]: No feasible solution found (infeas = 18)
[ 77 sec,   85776 itr]: No feasible solution found (infeas = 18)
[ 78 sec,   86954 itr]: No feasible solution found (infeas = 18)
[ 79 sec,   88231 itr]: No feasible solution found (infeas = 18)
[ 80 sec,   89425 itr]: No feasible solution found (infeas = 18)
[ 81 sec,   91803 itr]: No feasible solution found (infeas = 18)
[ 82 sec,   91803 itr]: No feasible solution found (infeas = 18)
[ 83 sec,   93014 itr]: No feasible solution found (infeas = 18)
[ 84 sec,   95478 itr]: No feasible solution found (infeas = 18)
[ 85 sec,   95478 itr]: No feasible solution found (infeas = 18)
[ 86 sec,   96613 itr]: No feasible solution found (infeas = 18)
[ 87 sec,   98940 itr]: No feasible solution found (infeas = 18)
[ 88 sec,   98940 itr]: No feasible solution found (infeas = 18)
[ 89 sec,  101438 itr]: No feasible solution found (infeas = 18)
[ 90 sec,  101438 itr]: No feasible solution found (infeas = 18)
[ 91 sec,  102693 itr]: No feasible solution found (infeas = 18)
[ 92 sec,  105034 itr]: No feasible solution found (infeas = 18)
[ 93 sec,  105034 itr]: No feasible solution found (infeas = 18)
[ 94 sec,  107374 itr]: No feasible solution found (infeas = 18)
[ 95 sec,  107374 itr]: No feasible solution found (infeas = 18)
[ 96 sec,  108621 itr]: No feasible solution found (infeas = 18)
[ 97 sec,  110882 itr]: No feasible solution found (infeas = 18)
[ 98 sec,  110882 itr]: No feasible solution found (infeas = 18)
[ 99 sec,  112046 itr]: No feasible solution found (infeas = 18)
[100 sec,  113112 itr]: No feasible solution found (infeas = 18)
[101 sec,  114137 itr]: No feasible solution found (infeas = 18)
[102 sec,  115264 itr]: No feasible solution found (infeas = 18)
[103 sec,  116349 itr]: No feasible solution found (infeas = 18)
[104 sec,  117430 itr]: No feasible solution found (infeas = 18)
[105 sec,  118556 itr]: No feasible solution found (infeas = 18)
[106 sec,  119702 itr]: No feasible solution found (infeas = 18)
[107 sec,  121950 itr]: No feasible solution found (infeas = 18)
[108 sec,  121950 itr]: No feasible solution found (infeas = 18)
[109 sec,  123110 itr]: No feasible solution found (infeas = 18)
[110 sec,  124332 itr]: No feasible solution found (infeas = 18)
[111 sec,  126692 itr]: No feasible solution found (infeas = 18)
[112 sec,  127920 itr]: No feasible solution found (infeas = 18)
[113 sec,  127920 itr]: No feasible solution found (infeas = 18)
[114 sec,  129105 itr]: No feasible solution found (infeas = 18)
[115 sec,  130371 itr]: No feasible solution found (infeas = 18)
[116 sec,  131471 itr]: No feasible solution found (infeas = 18)
[117 sec,  133622 itr]: No feasible solution found (infeas = 18)
[118 sec,  134761 itr]: No feasible solution found (infeas = 18)
[119 sec,  134761 itr]: No feasible solution found (infeas = 18)
[120 sec,  136023 itr]: No feasible solution found (infeas = 18)
[121 sec,  137218 itr]: No feasible solution found (infeas = 18)
[122 sec,  139548 itr]: No feasible solution found (infeas = 18)
[123 sec,  139548 itr]: No feasible solution found (infeas = 18)
[124 sec,  140669 itr]: No feasible solution found (infeas = 18)
[125 sec,  141832 itr]: No feasible solution found (infeas = 18)
[126 sec,  144087 itr]: No feasible solution found (infeas = 18)
[127 sec,  144087 itr]: No feasible solution found (infeas = 18)
[128 sec,  145227 itr]: No feasible solution found (infeas = 18)
[129 sec,  146341 itr]: No feasible solution found (infeas = 18)
[130 sec,  147487 itr]: No feasible solution found (infeas = 18)
[131 sec,  148630 itr]: No feasible solution found (infeas = 18)
[132 sec,  149739 itr]: No feasible solution found (infeas = 18)
[133 sec,  150839 itr]: No feasible solution found (infeas = 18)
[134 sec,  151939 itr]: No feasible solution found (infeas = 18)
[135 sec,  154319 itr]: No feasible solution found (infeas = 18)
[136 sec,  154319 itr]: No feasible solution found (infeas = 18)
[137 sec,  155418 itr]: No feasible solution found (infeas = 18)
[138 sec,  156553 itr]: No feasible solution found (infeas = 18)
[139 sec,  157687 itr]: No feasible solution found (infeas = 18)
[140 sec,  158759 itr]: No feasible solution found (infeas = 18)
[141 sec,  159816 itr]: No feasible solution found (infeas = 18)
[142 sec,  160799 itr]: No feasible solution found (infeas = 18)
[143 sec,  161891 itr]: No feasible solution found (infeas = 18)
[144 sec,  162893 itr]: No feasible solution found (infeas = 18)
[145 sec,  163915 itr]: No feasible solution found (infeas = 18)
[146 sec,  164892 itr]: No feasible solution found (infeas = 18)
[147 sec,  166138 itr]: No feasible solution found (infeas = 18)
[148 sec,  167258 itr]: No feasible solution found (infeas = 18)
[149 sec,  168448 itr]: No feasible solution found (infeas = 18)
[150 sec,  169483 itr]: No feasible solution found (infeas = 18)
[151 sec,  170605 itr]: No feasible solution found (infeas = 18)
[152 sec,  172814 itr]: No feasible solution found (infeas = 18)
[153 sec,  172814 itr]: No feasible solution found (infeas = 18)
[154 sec,  174007 itr]: No feasible solution found (infeas = 18)
[155 sec,  175192 itr]: No feasible solution found (infeas = 18)
[156 sec,  176370 itr]: No feasible solution found (infeas = 18)
[157 sec,  177418 itr]: No feasible solution found (infeas = 18)
[158 sec,  178453 itr]: No feasible solution found (infeas = 18)
[159 sec,  179640 itr]: No feasible solution found (infeas = 18)
[160 sec,  180780 itr]: No feasible solution found (infeas = 18)
[161 sec,  181880 itr]: No feasible solution found (infeas = 18)
[162 sec,  182895 itr]: No feasible solution found (infeas = 18)
[163 sec,  184038 itr]: No feasible solution found (infeas = 18)
[164 sec,  185114 itr]: No feasible solution found (infeas = 18)
[165 sec,  186291 itr]: No feasible solution found (infeas = 18)
[166 sec,  187334 itr]: No feasible solution found (infeas = 18)
[167 sec,  188445 itr]: No feasible solution found (infeas = 18)
[168 sec,  189553 itr]: No feasible solution found (infeas = 18)
[169 sec,  190571 itr]: No feasible solution found (infeas = 18)
[170 sec,  192839 itr]: No feasible solution found (infeas = 18)
[171 sec,  192839 itr]: No feasible solution found (infeas = 18)
[172 sec,  193915 itr]: No feasible solution found (infeas = 18)
[173 sec,  194908 itr]: No feasible solution found (infeas = 18)
[174 sec,  195939 itr]: No feasible solution found (infeas = 18)
[175 sec,  196974 itr]: No feasible solution found (infeas = 18)
[176 sec,  198015 itr]: No feasible solution found (infeas = 18)
[177 sec,  199986 itr]: No feasible solution found (infeas = 18)
[178 sec,  199986 itr]: No feasible solution found (infeas = 18)
[179 sec,  200964 itr]: No feasible solution found (infeas = 18)
[180 sec,  202954 itr]: No feasible solution found (infeas = 18)
[181 sec,  202954 itr]: No feasible solution found (infeas = 18)
[182 sec,  204002 itr]: No feasible solution found (infeas = 18)
[183 sec,  205002 itr]: No feasible solution found (infeas = 18)
[184 sec,  205993 itr]: No feasible solution found (infeas = 18)
[185 sec,  206953 itr]: No feasible solution found (infeas = 18)
[186 sec,  208020 itr]: No feasible solution found (infeas = 18)
[187 sec,  209064 itr]: No feasible solution found (infeas = 18)
[188 sec,  210095 itr]: No feasible solution found (infeas = 17)
[189 sec,  211042 itr]: No feasible solution found (infeas = 17)
[190 sec,  212147 itr]: No feasible solution found (infeas = 17)
[191 sec,  213136 itr]: No feasible solution found (infeas = 17)
[192 sec,  214223 itr]: No feasible solution found (infeas = 17)
[193 sec,  216484 itr]: No feasible solution found (infeas = 17)
[194 sec,  217631 itr]: No feasible solution found (infeas = 17)
[195 sec,  217631 itr]: No feasible solution found (infeas = 17)
[196 sec,  218733 itr]: No feasible solution found (infeas = 17)
[197 sec,  219848 itr]: No feasible solution found (infeas = 17)
[198 sec,  220983 itr]: No feasible solution found (infeas = 17)
[199 sec,  222168 itr]: No feasible solution found (infeas = 17)
[200 sec,  223346 itr]: No feasible solution found (infeas = 17)
[201 sec,  224487 itr]: No feasible solution found (infeas = 17)
[202 sec,  225478 itr]: No feasible solution found (infeas = 17)
[203 sec,  226553 itr]: No feasible solution found (infeas = 17)
[204 sec,  227648 itr]: No feasible solution found (infeas = 17)
[205 sec,  228733 itr]: No feasible solution found (infeas = 17)
[206 sec,  229892 itr]: No feasible solution found (infeas = 17)
[207 sec,  230968 itr]: No feasible solution found (infeas = 16)
[208 sec,  232098 itr]: No feasible solution found (infeas = 16)
[209 sec,  233276 itr]: No feasible solution found (infeas = 16)
[210 sec,  235669 itr]: No feasible solution found (infeas = 16)
[211 sec,  235669 itr]: No feasible solution found (infeas = 16)
[212 sec,  236768 itr]: No feasible solution found (infeas = 16)
[213 sec,  237841 itr]: No feasible solution found (infeas = 16)
[214 sec,  238936 itr]: No feasible solution found (infeas = 16)
[215 sec,  240042 itr]: No feasible solution found (infeas = 16)
[216 sec,  241125 itr]: No feasible solution found (infeas = 16)
[217 sec,  242266 itr]: No feasible solution found (infeas = 16)
[218 sec,  244383 itr]: No feasible solution found (infeas = 16)
[219 sec,  244383 itr]: No feasible solution found (infeas = 16)
[220 sec,  245472 itr]: No feasible solution found (infeas = 15)
[221 sec,  246559 itr]: No feasible solution found (infeas = 15)
[222 sec,  247644 itr]: No feasible solution found (infeas = 15)
[223 sec,  248685 itr]: No feasible solution found (infeas = 14)
[224 sec,  249795 itr]: No feasible solution found (infeas = 14)
[225 sec,  250815 itr]: No feasible solution found (infeas = 14)
[226 sec,  253207 itr]: No feasible solution found (infeas = 14)
[227 sec,  254292 itr]: No feasible solution found (infeas = 14)
[228 sec,  254292 itr]: No feasible solution found (infeas = 14)
[229 sec,  256338 itr]: No feasible solution found (infeas = 14)
[230 sec,  256338 itr]: No feasible solution found (infeas = 14)
[231 sec,  257320 itr]: No feasible solution found (infeas = 13)
[232 sec,  259363 itr]: No feasible solution found (infeas = 13)
[233 sec,  259363 itr]: No feasible solution found (infeas = 13)
[234 sec,  260545 itr]: No feasible solution found (infeas = 13)
[235 sec,  262824 itr]: No feasible solution found (infeas = 13)
[236 sec,  262824 itr]: No feasible solution found (infeas = 13)
[237 sec,  263983 itr]: No feasible solution found (infeas = 13)
[238 sec,  265133 itr]: No feasible solution found (infeas = 13)
[239 sec,  267569 itr]: No feasible solution found (infeas = 13)
[240 sec,  267569 itr]: No feasible solution found (infeas = 13)
[241 sec,  268650 itr]: No feasible solution found (infeas = 13)
[242 sec,  269721 itr]: No feasible solution found (infeas = 13)
[243 sec,  270808 itr]: No feasible solution found (infeas = 13)
[244 sec,  271924 itr]: No feasible solution found (infeas = 13)
[245 sec,  272880 itr]: No feasible solution found (infeas = 13)
[246 sec,  273999 itr]: No feasible solution found (infeas = 13)
[247 sec,  275100 itr]: No feasible solution found (infeas = 13)
[248 sec,  276154 itr]: No feasible solution found (infeas = 13)
[249 sec,  278343 itr]: No feasible solution found (infeas = 13)
[250 sec,  278343 itr]: No feasible solution found (infeas = 13)
[251 sec,  279535 itr]: No feasible solution found (infeas = 13)
[252 sec,  280574 itr]: No feasible solution found (infeas = 13)
[253 sec,  281776 itr]: No feasible solution found (infeas = 13)
[254 sec,  284001 itr]: No feasible solution found (infeas = 13)
[255 sec,  285029 itr]: No feasible solution found (infeas = 13)
[256 sec,  286124 itr]: No feasible solution found (infeas = 13)
[257 sec,  287189 itr]: No feasible solution found (infeas = 13)
[258 sec,  288190 itr]: No feasible solution found (infeas = 13)
[259 sec,  288190 itr]: No feasible solution found (infeas = 13)
[260 sec,  289176 itr]: No feasible solution found (infeas = 13)
[261 sec,  290327 itr]: No feasible solution found (infeas = 13)
[262 sec,  291400 itr]: No feasible solution found (infeas = 13)
[263 sec,  292538 itr]: No feasible solution found (infeas = 13)
[264 sec,  293639 itr]: No feasible solution found (infeas = 13)
[265 sec,  294764 itr]: No feasible solution found (infeas = 13)
[266 sec,  295836 itr]: No feasible solution found (infeas = 13)
[267 sec,  298039 itr]: No feasible solution found (infeas = 13)
[268 sec,  298991 itr]: No feasible solution found (infeas = 13)
[269 sec,  300005 itr]: No feasible solution found (infeas = 13)
[270 sec,  300997 itr]: No feasible solution found (infeas = 13)
[271 sec,  300997 itr]: No feasible solution found (infeas = 13)
[272 sec,  302903 itr]: No feasible solution found (infeas = 13)
[273 sec,  302903 itr]: No feasible solution found (infeas = 13)
[274 sec,  303828 itr]: No feasible solution found (infeas = 13)
[275 sec,  304926 itr]: No feasible solution found (infeas = 13)
[276 sec,  305868 itr]: No feasible solution found (infeas = 13)
[277 sec,  308284 itr]: No feasible solution found (infeas = 13)
[278 sec,  308284 itr]: No feasible solution found (infeas = 13)
[279 sec,  309430 itr]: No feasible solution found (infeas = 13)
[280 sec,  310472 itr]: No feasible solution found (infeas = 13)
[281 sec,  311588 itr]: No feasible solution found (infeas = 13)
[282 sec,  312567 itr]: No feasible solution found (infeas = 13)
[283 sec,  313710 itr]: No feasible solution found (infeas = 13)
[284 sec,  314897 itr]: No feasible solution found (infeas = 13)
[285 sec,  317009 itr]: No feasible solution found (infeas = 13)
[286 sec,  318093 itr]: No feasible solution found (infeas = 13)
[287 sec,  318093 itr]: No feasible solution found (infeas = 13)
[288 sec,  320263 itr]: No feasible solution found (infeas = 13)
[289 sec,  320263 itr]: No feasible solution found (infeas = 13)
[290 sec,  322507 itr]: No feasible solution found (infeas = 13)
[291 sec,  323616 itr]: No feasible solution found (infeas = 13)
[292 sec,  324745 itr]: No feasible solution found (infeas = 13)
[293 sec,  325830 itr]: No feasible solution found (infeas = 13)
[294 sec,  325830 itr]: No feasible solution found (infeas = 13)
[295 sec,  326925 itr]: No feasible solution found (infeas = 13)
[296 sec,  328040 itr]: No feasible solution found (infeas = 13)
[297 sec,  329150 itr]: No feasible solution found (infeas = 13)
[298 sec,  331272 itr]: No feasible solution found (infeas = 13)
[299 sec,  331272 itr]: No feasible solution found (infeas = 13)
[300 sec,  332412 itr]: No feasible solution found (infeas = 13)
[301 sec,  333517 itr]: No feasible solution found (infeas = 13)
[302 sec,  335787 itr]: No feasible solution found (infeas = 13)
[303 sec,  336904 itr]: No feasible solution found (infeas = 13)
[304 sec,  337984 itr]: No feasible solution found (infeas = 13)
[305 sec,  339087 itr]: No feasible solution found (infeas = 13)
[306 sec,  340136 itr]: No feasible solution found (infeas = 13)
[307 sec,  340136 itr]: No feasible solution found (infeas = 13)
[308 sec,  341124 itr]: No feasible solution found (infeas = 13)
[309 sec,  343343 itr]: No feasible solution found (infeas = 13)
[310 sec,  344535 itr]: No feasible solution found (infeas = 13)
[311 sec,  345515 itr]: No feasible solution found (infeas = 13)
[312 sec,  345515 itr]: No feasible solution found (infeas = 13)
[313 sec,  346567 itr]: No feasible solution found (infeas = 13)
[314 sec,  347713 itr]: No feasible solution found (infeas = 13)
[315 sec,  348792 itr]: No feasible solution found (infeas = 13)
[316 sec,  349824 itr]: No feasible solution found (infeas = 13)
[317 sec,  350874 itr]: No feasible solution found (infeas = 13)
[318 sec,  353048 itr]: No feasible solution found (infeas = 13)
[319 sec,  354085 itr]: No feasible solution found (infeas = 13)
[320 sec,  354085 itr]: No feasible solution found (infeas = 13)
[321 sec,  355164 itr]: No feasible solution found (infeas = 13)
[322 sec,  356223 itr]: No feasible solution found (infeas = 13)
[323 sec,  357193 itr]: No feasible solution found (infeas = 13)
[324 sec,  358241 itr]: No feasible solution found (infeas = 13)
[325 sec,  360409 itr]: No feasible solution found (infeas = 13)
[326 sec,  361491 itr]: No feasible solution found (infeas = 13)
[327 sec,  362582 itr]: No feasible solution found (infeas = 13)
[328 sec,  363593 itr]: No feasible solution found (infeas = 13)
[329 sec,  364542 itr]: No feasible solution found (infeas = 13)
[330 sec,  364542 itr]: No feasible solution found (infeas = 13)
[331 sec,  366550 itr]: No feasible solution found (infeas = 13)
[332 sec,  366550 itr]: No feasible solution found (infeas = 13)
[333 sec,  367579 itr]: No feasible solution found (infeas = 13)
[334 sec,  368589 itr]: No feasible solution found (infeas = 13)
[335 sec,  369686 itr]: No feasible solution found (infeas = 13)
[336 sec,  371902 itr]: No feasible solution found (infeas = 12)
[337 sec,  372946 itr]: No feasible solution found (infeas = 12)
[338 sec,  372946 itr]: No feasible solution found (infeas = 12)
[339 sec,  375200 itr]: No feasible solution found (infeas = 12)
[340 sec,  375200 itr]: No feasible solution found (infeas = 12)
[341 sec,  376172 itr]: No feasible solution found (infeas = 12)
[342 sec,  378091 itr]: No feasible solution found (infeas = 12)
[343 sec,  378091 itr]: No feasible solution found (infeas = 12)
[344 sec,  379034 itr]: No feasible solution found (infeas = 12)
[345 sec,  380010 itr]: No feasible solution found (infeas = 12)
[346 sec,  380993 itr]: No feasible solution found (infeas = 12)
[347 sec,  381982 itr]: No feasible solution found (infeas = 12)
[348 sec,  382934 itr]: No feasible solution found (infeas = 12)
[349 sec,  383900 itr]: No feasible solution found (infeas = 12)
[350 sec,  384734 itr]: No feasible solution found (infeas = 12)
[351 sec,  385625 itr]: No feasible solution found (infeas = 12)
[352 sec,  386668 itr]: No feasible solution found (infeas = 12)
[353 sec,  387630 itr]: No feasible solution found (infeas = 12)
[354 sec,  388618 itr]: No feasible solution found (infeas = 12)
[355 sec,  389624 itr]: No feasible solution found (infeas = 12)
[356 sec,  390574 itr]: No feasible solution found (infeas = 12)
[357 sec,  392513 itr]: No feasible solution found (infeas = 12)
[358 sec,  392513 itr]: No feasible solution found (infeas = 12)
[359 sec,  393643 itr]: No feasible solution found (infeas = 12)
[360 sec,  394693 itr]: No feasible solution found (infeas = 12)
[361 sec,  395670 itr]: No feasible solution found (infeas = 12)
[362 sec,  396662 itr]: No feasible solution found (infeas = 12)
[363 sec,  397711 itr]: No feasible solution found (infeas = 12)
[364 sec,  398683 itr]: No feasible solution found (infeas = 12)
[365 sec,  399630 itr]: No feasible solution found (infeas = 12)
[366 sec,  400554 itr]: No feasible solution found (infeas = 12)
[367 sec,  401536 itr]: No feasible solution found (infeas = 12)
[368 sec,  402486 itr]: No feasible solution found (infeas = 12)
[369 sec,  403469 itr]: No feasible solution found (infeas = 12)
[370 sec,  405416 itr]: No feasible solution found (infeas = 12)
[371 sec,  405416 itr]: No feasible solution found (infeas = 12)
[372 sec,  407339 itr]: No feasible solution found (infeas = 12)
[373 sec,  407339 itr]: No feasible solution found (infeas = 12)
[374 sec,  408286 itr]: No feasible solution found (infeas = 12)
[375 sec,  409244 itr]: No feasible solution found (infeas = 12)
[376 sec,  411084 itr]: No feasible solution found (infeas = 12)
[377 sec,  411084 itr]: No feasible solution found (infeas = 12)
[378 sec,  413074 itr]: No feasible solution found (infeas = 12)
[379 sec,  413074 itr]: No feasible solution found (infeas = 12)
[380 sec,  414873 itr]: No feasible solution found (infeas = 12)
[381 sec,  415856 itr]: No feasible solution found (infeas = 12)
[382 sec,  416867 itr]: No feasible solution found (infeas = 12)
[383 sec,  416867 itr]: No feasible solution found (infeas = 12)
[384 sec,  417809 itr]: No feasible solution found (infeas = 12)
[385 sec,  419649 itr]: No feasible solution found (infeas = 12)
[386 sec,  419649 itr]: No feasible solution found (infeas = 12)
[387 sec,  420610 itr]: No feasible solution found (infeas = 12)
[388 sec,  421584 itr]: No feasible solution found (infeas = 12)
[389 sec,  422592 itr]: No feasible solution found (infeas = 12)
[390 sec,  424544 itr]: No feasible solution found (infeas = 12)
[391 sec,  425620 itr]: No feasible solution found (infeas = 12)
[392 sec,  425620 itr]: No feasible solution found (infeas = 12)
[393 sec,  426591 itr]: No feasible solution found (infeas = 12)
[394 sec,  427582 itr]: No feasible solution found (infeas = 12)
[395 sec,  428589 itr]: No feasible solution found (infeas = 12)
[396 sec,  429519 itr]: No feasible solution found (infeas = 12)
[397 sec,  431465 itr]: No feasible solution found (infeas = 12)
[398 sec,  431465 itr]: No feasible solution found (infeas = 12)
[399 sec,  432327 itr]: No feasible solution found (infeas = 12)
[400 sec,  434263 itr]: No feasible solution found (infeas = 12)
[401 sec,  434263 itr]: No feasible solution found (infeas = 12)
[402 sec,  435233 itr]: No feasible solution found (infeas = 12)
[403 sec,  436289 itr]: No feasible solution found (infeas = 12)
[404 sec,  437221 itr]: No feasible solution found (infeas = 12)
[405 sec,  438274 itr]: No feasible solution found (infeas = 12)
[406 sec,  439249 itr]: No feasible solution found (infeas = 12)
[407 sec,  440335 itr]: No feasible solution found (infeas = 12)
[408 sec,  442258 itr]: No feasible solution found (infeas = 12)
[409 sec,  442258 itr]: No feasible solution found (infeas = 12)
[410 sec,  443180 itr]: No feasible solution found (infeas = 12)
[411 sec,  444199 itr]: No feasible solution found (infeas = 12)
[412 sec,  445232 itr]: No feasible solution found (infeas = 12)
[413 sec,  446232 itr]: No feasible solution found (infeas = 12)
[414 sec,  447270 itr]: No feasible solution found (infeas = 12)
[415 sec,  449442 itr]: No feasible solution found (infeas = 12)
[416 sec,  449442 itr]: No feasible solution found (infeas = 12)
[417 sec,  450520 itr]: No feasible solution found (infeas = 12)
[418 sec,  451478 itr]: No feasible solution found (infeas = 12)
[419 sec,  452169 itr]: No feasible solution found (infeas = 12)
[420 sec,  453006 itr]: No feasible solution found (infeas = 12)
[421 sec,  453796 itr]: No feasible solution found (infeas = 12)
[422 sec,  454557 itr]: No feasible solution found (infeas = 12)
[423 sec,  455454 itr]: No feasible solution found (infeas = 12)
[424 sec,  457136 itr]: No feasible solution found (infeas = 12)
[425 sec,  457136 itr]: No feasible solution found (infeas = 12)
[426 sec,  458725 itr]: No feasible solution found (infeas = 12)
[427 sec,  458725 itr]: No feasible solution found (infeas = 12)
[428 sec,  460331 itr]: No feasible solution found (infeas = 12)
[429 sec,  460331 itr]: No feasible solution found (infeas = 12)
[430 sec,  461092 itr]: No feasible solution found (infeas = 12)
[431 sec,  461815 itr]: No feasible solution found (infeas = 12)
[432 sec,  462683 itr]: No feasible solution found (infeas = 12)
[433 sec,  463442 itr]: No feasible solution found (infeas = 12)
[434 sec,  465063 itr]: No feasible solution found (infeas = 12)
[435 sec,  465845 itr]: No feasible solution found (infeas = 12)
[436 sec,  465845 itr]: No feasible solution found (infeas = 12)
[437 sec,  467442 itr]: No feasible solution found (infeas = 12)
[438 sec,  467442 itr]: No feasible solution found (infeas = 12)
[439 sec,  468312 itr]: No feasible solution found (infeas = 12)
[440 sec,  469137 itr]: No feasible solution found (infeas = 12)
[441 sec,  470781 itr]: No feasible solution found (infeas = 12)
[442 sec,  470781 itr]: No feasible solution found (infeas = 12)
[443 sec,  472473 itr]: No feasible solution found (infeas = 12)
[444 sec,  472473 itr]: No feasible solution found (infeas = 12)
[445 sec,  473339 itr]: No feasible solution found (infeas = 12)
[446 sec,  474262 itr]: No feasible solution found (infeas = 12)
[447 sec,  475099 itr]: No feasible solution found (infeas = 12)
[448 sec,  475931 itr]: No feasible solution found (infeas = 12)
[449 sec,  476737 itr]: No feasible solution found (infeas = 12)
[450 sec,  477575 itr]: No feasible solution found (infeas = 12)
[451 sec,  478428 itr]: No feasible solution found (infeas = 12)
[452 sec,  480080 itr]: No feasible solution found (infeas = 12)
[453 sec,  480080 itr]: No feasible solution found (infeas = 12)
[454 sec,  481729 itr]: No feasible solution found (infeas = 12)
[455 sec,  481729 itr]: No feasible solution found (infeas = 12)
[456 sec,  482604 itr]: No feasible solution found (infeas = 12)
[457 sec,  483425 itr]: No feasible solution found (infeas = 12)
[458 sec,  484389 itr]: No feasible solution found (infeas = 12)
[459 sec,  485283 itr]: No feasible solution found (infeas = 12)
[460 sec,  486143 itr]: No feasible solution found (infeas = 12)
[461 sec,  486943 itr]: No feasible solution found (infeas = 12)
[462 sec,  487897 itr]: No feasible solution found (infeas = 12)
[463 sec,  488725 itr]: No feasible solution found (infeas = 12)
[464 sec,  489583 itr]: No feasible solution found (infeas = 12)
[465 sec,  490400 itr]: No feasible solution found (infeas = 12)
[466 sec,  492108 itr]: No feasible solution found (infeas = 12)
[467 sec,  492108 itr]: No feasible solution found (infeas = 12)
[468 sec,  493817 itr]: No feasible solution found (infeas = 12)
[469 sec,  493817 itr]: No feasible solution found (infeas = 12)
[470 sec,  494723 itr]: No feasible solution found (infeas = 12)
[471 sec,  495622 itr]: No feasible solution found (infeas = 12)
[472 sec,  496439 itr]: No feasible solution found (infeas = 12)
[473 sec,  497313 itr]: No feasible solution found (infeas = 12)
[474 sec,  498215 itr]: No feasible solution found (infeas = 12)
[475 sec,  499080 itr]: No feasible solution found (infeas = 12)
[476 sec,  500816 itr]: No feasible solution found (infeas = 12)
[477 sec,  501671 itr]: No feasible solution found (infeas = 12)
[478 sec,  502526 itr]: No feasible solution found (infeas = 12)
[479 sec,  503399 itr]: No feasible solution found (infeas = 12)
[480 sec,  503399 itr]: No feasible solution found (infeas = 12)
[481 sec,  504271 itr]: No feasible solution found (infeas = 12)
[482 sec,  505149 itr]: No feasible solution found (infeas = 12)
[483 sec,  505976 itr]: No feasible solution found (infeas = 12)
[484 sec,  506878 itr]: No feasible solution found (infeas = 12)
[485 sec,  507695 itr]: No feasible solution found (infeas = 12)
[486 sec,  509389 itr]: No feasible solution found (infeas = 12)
[487 sec,  509389 itr]: No feasible solution found (infeas = 12)
[488 sec,  510262 itr]: No feasible solution found (infeas = 12)
[489 sec,  512095 itr]: No feasible solution found (infeas = 12)
[490 sec,  512095 itr]: No feasible solution found (infeas = 12)
[491 sec,  512961 itr]: No feasible solution found (infeas = 12)
[492 sec,  513845 itr]: No feasible solution found (infeas = 12)
[493 sec,  514802 itr]: No feasible solution found (infeas = 12)
[494 sec,  515745 itr]: No feasible solution found (infeas = 12)
[495 sec,  516562 itr]: No feasible solution found (infeas = 12)
[496 sec,  517488 itr]: No feasible solution found (infeas = 12)
[497 sec,  519260 itr]: No feasible solution found (infeas = 12)
[498 sec,  519260 itr]: No feasible solution found (infeas = 12)
[499 sec,  520123 itr]: No feasible solution found (infeas = 12)
[500 sec,  521036 itr]: No feasible solution found (infeas = 12)
[501 sec,  521939 itr]: No feasible solution found (infeas = 12)
[502 sec,  522821 itr]: No feasible solution found (infeas = 12)
[503 sec,  523699 itr]: No feasible solution found (infeas = 12)
[504 sec,  524619 itr]: No feasible solution found (infeas = 12)
[505 sec,  526364 itr]: No feasible solution found (infeas = 12)
[506 sec,  527160 itr]: No feasible solution found (infeas = 12)
[507 sec,  527160 itr]: No feasible solution found (infeas = 12)
[508 sec,  528096 itr]: No feasible solution found (infeas = 12)
[509 sec,  529004 itr]: No feasible solution found (infeas = 12)
[510 sec,  529921 itr]: No feasible solution found (infeas = 12)
[511 sec,  530771 itr]: No feasible solution found (infeas = 12)
[512 sec,  531623 itr]: No feasible solution found (infeas = 12)
[513 sec,  533411 itr]: No feasible solution found (infeas = 12)
[514 sec,  534268 itr]: No feasible solution found (infeas = 12)
[515 sec,  535107 itr]: No feasible solution found (infeas = 12)
[516 sec,  535865 itr]: No feasible solution found (infeas = 12)
[517 sec,  536723 itr]: No feasible solution found (infeas = 12)
[518 sec,  536723 itr]: No feasible solution found (infeas = 12)
[519 sec,  538554 itr]: No feasible solution found (infeas = 12)
[520 sec,  539350 itr]: No feasible solution found (infeas = 12)
[521 sec,  540209 itr]: No feasible solution found (infeas = 12)
[522 sec,  541042 itr]: No feasible solution found (infeas = 12)
[523 sec,  541042 itr]: No feasible solution found (infeas = 12)
[524 sec,  541965 itr]: No feasible solution found (infeas = 12)
[525 sec,  542814 itr]: No feasible solution found (infeas = 12)
[526 sec,  543713 itr]: No feasible solution found (infeas = 12)
[527 sec,  544668 itr]: No feasible solution found (infeas = 12)
[528 sec,  545530 itr]: No feasible solution found (infeas = 12)
[529 sec,  546407 itr]: No feasible solution found (infeas = 12)
[530 sec,  547296 itr]: No feasible solution found (infeas = 12)
[531 sec,  548179 itr]: No feasible solution found (infeas = 12)
[532 sec,  549007 itr]: No feasible solution found (infeas = 12)
[533 sec,  549855 itr]: No feasible solution found (infeas = 12)
[534 sec,  550778 itr]: No feasible solution found (infeas = 12)
[535 sec,  551652 itr]: No feasible solution found (infeas = 12)
[536 sec,  552540 itr]: No feasible solution found (infeas = 12)
[537 sec,  553431 itr]: No feasible solution found (infeas = 12)
[538 sec,  554268 itr]: No feasible solution found (infeas = 12)
[539 sec,  555184 itr]: No feasible solution found (infeas = 12)
[540 sec,  556039 itr]: No feasible solution found (infeas = 12)
[541 sec,  556889 itr]: No feasible solution found (infeas = 12)
[542 sec,  557840 itr]: No feasible solution found (infeas = 12)
[543 sec,  558792 itr]: No feasible solution found (infeas = 12)
[544 sec,  559733 itr]: No feasible solution found (infeas = 12)
[545 sec,  560619 itr]: No feasible solution found (infeas = 12)
[546 sec,  561541 itr]: No feasible solution found (infeas = 12)
[547 sec,  563271 itr]: No feasible solution found (infeas = 12)
[548 sec,  564203 itr]: No feasible solution found (infeas = 12)
[549 sec,  565178 itr]: No feasible solution found (infeas = 12)
[550 sec,  565178 itr]: No feasible solution found (infeas = 12)
[551 sec,  567006 itr]: No feasible solution found (infeas = 12)
[552 sec,  567006 itr]: No feasible solution found (infeas = 12)
[553 sec,  568763 itr]: No feasible solution found (infeas = 12)
[554 sec,  568763 itr]: No feasible solution found (infeas = 12)
[555 sec,  569658 itr]: No feasible solution found (infeas = 12)
[556 sec,  570484 itr]: No feasible solution found (infeas = 12)
[557 sec,  572207 itr]: No feasible solution found (infeas = 12)
[558 sec,  572207 itr]: No feasible solution found (infeas = 12)
[559 sec,  573809 itr]: No feasible solution found (infeas = 12)
[560 sec,  573809 itr]: No feasible solution found (infeas = 12)
[561 sec,  575544 itr]: No feasible solution found (infeas = 12)
[562 sec,  576356 itr]: No feasible solution found (infeas = 12)
[563 sec,  576356 itr]: No feasible solution found (infeas = 12)
[564 sec,  577162 itr]: No feasible solution found (infeas = 12)
[565 sec,  577979 itr]: No feasible solution found (infeas = 12)
[566 sec,  578758 itr]: No feasible solution found (infeas = 12)
[567 sec,  580308 itr]: No feasible solution found (infeas = 12)
[568 sec,  580308 itr]: No feasible solution found (infeas = 12)
[569 sec,  581822 itr]: No feasible solution found (infeas = 12)
[570 sec,  581822 itr]: No feasible solution found (infeas = 12)
[571 sec,  582543 itr]: No feasible solution found (infeas = 12)
[572 sec,  583326 itr]: No feasible solution found (infeas = 12)
[573 sec,  584037 itr]: No feasible solution found (infeas = 12)
[574 sec,  585488 itr]: No feasible solution found (infeas = 12)
[575 sec,  586205 itr]: No feasible solution found (infeas = 12)
[576 sec,  586205 itr]: No feasible solution found (infeas = 12)
[577 sec,  587678 itr]: No feasible solution found (infeas = 12)
[578 sec,  587678 itr]: No feasible solution found (infeas = 12)
[579 sec,  588394 itr]: No feasible solution found (infeas = 12)
[580 sec,  589862 itr]: No feasible solution found (infeas = 12)
[581 sec,  590557 itr]: No feasible solution found (infeas = 12)
[582 sec,  590557 itr]: No feasible solution found (infeas = 12)
[583 sec,  591316 itr]: No feasible solution found (infeas = 12)
[584 sec,  592777 itr]: No feasible solution found (infeas = 12)
[585 sec,  592777 itr]: No feasible solution found (infeas = 12)
[586 sec,  593569 itr]: No feasible solution found (infeas = 12)
[587 sec,  594327 itr]: No feasible solution found (infeas = 12)
[588 sec,  595127 itr]: No feasible solution found (infeas = 12)
[589 sec,  595869 itr]: No feasible solution found (infeas = 12)
[590 sec,  597472 itr]: No feasible solution found (infeas = 12)
[591 sec,  597472 itr]: No feasible solution found (infeas = 12)
[592 sec,  598963 itr]: No feasible solution found (infeas = 12)
[593 sec,  598963 itr]: No feasible solution found (infeas = 12)
[594 sec,  599773 itr]: No feasible solution found (infeas = 12)
[595 sec,  601348 itr]: No feasible solution found (infeas = 12)
[596 sec,  601348 itr]: No feasible solution found (infeas = 12)
[597 sec,  602101 itr]: No feasible solution found (infeas = 12)
[598 sec,  602849 itr]: No feasible solution found (infeas = 12)
[599 sec,  603556 itr]: No feasible solution found (infeas = 12)
[600 sec,  604346 itr]: No feasible solution found (infeas = 12)
[601 sec,  605102 itr]: No feasible solution found (infeas = 12)
[602 sec,  606684 itr]: No feasible solution found (infeas = 12)
[603 sec,  607408 itr]: No feasible solution found (infeas = 12)
[604 sec,  608126 itr]: No feasible solution found (infeas = 12)
[605 sec,  608126 itr]: No feasible solution found (infeas = 12)
[606 sec,  608900 itr]: No feasible solution found (infeas = 12)
[607 sec,  609634 itr]: No feasible solution found (infeas = 12)
[608 sec,  610364 itr]: No feasible solution found (infeas = 12)
[609 sec,  611872 itr]: No feasible solution found (infeas = 12)
[610 sec,  612672 itr]: No feasible solution found (infeas = 12)
[611 sec,  613445 itr]: No feasible solution found (infeas = 12)
[612 sec,  614218 itr]: No feasible solution found (infeas = 12)
[613 sec,  614218 itr]: No feasible solution found (infeas = 12)
[614 sec,  615719 itr]: No feasible solution found (infeas = 12)
[615 sec,  615719 itr]: No feasible solution found (infeas = 12)
[616 sec,  617200 itr]: No feasible solution found (infeas = 12)
[617 sec,  617893 itr]: No feasible solution found (infeas = 12)
[618 sec,  618642 itr]: No feasible solution found (infeas = 12)
[619 sec,  619335 itr]: No feasible solution found (infeas = 12)
[620 sec,  620022 itr]: No feasible solution found (infeas = 12)
[621 sec,  620752 itr]: No feasible solution found (infeas = 12)
[622 sec,  621514 itr]: No feasible solution found (infeas = 12)
[623 sec,  621514 itr]: No feasible solution found (infeas = 12)
[624 sec,  622998 itr]: No feasible solution found (infeas = 12)
[625 sec,  623691 itr]: No feasible solution found (infeas = 12)
[626 sec,  624468 itr]: No feasible solution found (infeas = 12)
[627 sec,  625215 itr]: No feasible solution found (infeas = 12)
[628 sec,  625215 itr]: No feasible solution found (infeas = 12)
[629 sec,  626649 itr]: No feasible solution found (infeas = 12)
[630 sec,  626649 itr]: No feasible solution found (infeas = 12)
[631 sec,  628142 itr]: No feasible solution found (infeas = 12)
[632 sec,  628844 itr]: No feasible solution found (infeas = 12)
[633 sec,  628844 itr]: No feasible solution found (infeas = 12)
[634 sec,  630304 itr]: No feasible solution found (infeas = 12)
[635 sec,  630304 itr]: No feasible solution found (infeas = 12)
[636 sec,  631059 itr]: No feasible solution found (infeas = 12)
[637 sec,  631835 itr]: No feasible solution found (infeas = 12)
[638 sec,  632567 itr]: No feasible solution found (infeas = 12)
[639 sec,  633310 itr]: No feasible solution found (infeas = 12)
[640 sec,  634049 itr]: No feasible solution found (infeas = 12)
[641 sec,  635661 itr]: No feasible solution found (infeas = 12)
[642 sec,  636413 itr]: No feasible solution found (infeas = 12)
[643 sec,  636413 itr]: No feasible solution found (infeas = 12)
[644 sec,  637146 itr]: No feasible solution found (infeas = 12)
[645 sec,  638575 itr]: No feasible solution found (infeas = 12)
[646 sec,  639297 itr]: No feasible solution found (infeas = 12)
[647 sec,  639297 itr]: No feasible solution found (infeas = 12)
[648 sec,  639997 itr]: No feasible solution found (infeas = 12)
[649 sec,  640713 itr]: No feasible solution found (infeas = 12)
[650 sec,  641463 itr]: No feasible solution found (infeas = 12)
[651 sec,  642262 itr]: No feasible solution found (infeas = 12)
[652 sec,  643077 itr]: No feasible solution found (infeas = 12)
[653 sec,  643077 itr]: No feasible solution found (infeas = 12)
[654 sec,  644575 itr]: No feasible solution found (infeas = 12)
[655 sec,  645359 itr]: No feasible solution found (infeas = 12)
[656 sec,  646111 itr]: No feasible solution found (infeas = 12)
[657 sec,  646854 itr]: No feasible solution found (infeas = 12)
[658 sec,  646854 itr]: No feasible solution found (infeas = 12)
[659 sec,  647663 itr]: No feasible solution found (infeas = 12)
[660 sec,  648422 itr]: No feasible solution found (infeas = 12)
[661 sec,  649277 itr]: No feasible solution found (infeas = 12)
[662 sec,  650118 itr]: No feasible solution found (infeas = 12)
[663 sec,  651746 itr]: No feasible solution found (infeas = 12)
[664 sec,  651746 itr]: No feasible solution found (infeas = 12)
[665 sec,  653293 itr]: No feasible solution found (infeas = 12)
[666 sec,  654056 itr]: No feasible solution found (infeas = 12)
[667 sec,  654856 itr]: No feasible solution found (infeas = 12)
[668 sec,  655529 itr]: No feasible solution found (infeas = 12)
[669 sec,  655529 itr]: No feasible solution found (infeas = 12)
[670 sec,  656962 itr]: No feasible solution found (infeas = 12)
[671 sec,  656962 itr]: No feasible solution found (infeas = 12)
[672 sec,  657657 itr]: No feasible solution found (infeas = 12)
[673 sec,  659128 itr]: No feasible solution found (infeas = 12)
[674 sec,  659849 itr]: No feasible solution found (infeas = 12)
[675 sec,  659849 itr]: No feasible solution found (infeas = 12)
[676 sec,  660608 itr]: No feasible solution found (infeas = 12)
[677 sec,  661283 itr]: No feasible solution found (infeas = 12)
[678 sec,  662034 itr]: No feasible solution found (infeas = 12)
[679 sec,  662737 itr]: No feasible solution found (infeas = 12)
[680 sec,  664148 itr]: No feasible solution found (infeas = 12)
[681 sec,  664148 itr]: No feasible solution found (infeas = 12)
[682 sec,  665508 itr]: No feasible solution found (infeas = 12)
[683 sec,  666219 itr]: No feasible solution found (infeas = 12)
[684 sec,  666219 itr]: No feasible solution found (infeas = 12)
[685 sec,  666953 itr]: No feasible solution found (infeas = 12)
[686 sec,  667718 itr]: No feasible solution found (infeas = 12)
[687 sec,  668442 itr]: No feasible solution found (infeas = 12)
[688 sec,  669935 itr]: No feasible solution found (infeas = 12)
[689 sec,  669935 itr]: No feasible solution found (infeas = 12)
[690 sec,  670707 itr]: No feasible solution found (infeas = 12)
[691 sec,  672200 itr]: No feasible solution found (infeas = 12)
[692 sec,  672200 itr]: No feasible solution found (infeas = 12)
[693 sec,  672944 itr]: No feasible solution found (infeas = 12)
[694 sec,  673730 itr]: No feasible solution found (infeas = 12)
[695 sec,  674497 itr]: No feasible solution found (infeas = 12)
[696 sec,  675218 itr]: No feasible solution found (infeas = 12)
[697 sec,  676768 itr]: No feasible solution found (infeas = 12)
[698 sec,  677519 itr]: No feasible solution found (infeas = 12)
[699 sec,  678240 itr]: No feasible solution found (infeas = 12)
[700 sec,  678971 itr]: No feasible solution found (infeas = 12)
[701 sec,  678971 itr]: No feasible solution found (infeas = 12)
[702 sec,  679778 itr]: No feasible solution found (infeas = 12)
[703 sec,  680639 itr]: No feasible solution found (infeas = 12)
[704 sec,  681453 itr]: No feasible solution found (infeas = 12)
[705 sec,  682233 itr]: No feasible solution found (infeas = 12)
[706 sec,  683089 itr]: No feasible solution found (infeas = 12)
[707 sec,  684654 itr]: No feasible solution found (infeas = 12)
[708 sec,  684654 itr]: No feasible solution found (infeas = 12)
[709 sec,  685441 itr]: No feasible solution found (infeas = 12)
[710 sec,  686227 itr]: No feasible solution found (infeas = 12)
[711 sec,  686957 itr]: No feasible solution found (infeas = 12)
[712 sec,  687717 itr]: No feasible solution found (infeas = 12)
[713 sec,  688536 itr]: No feasible solution found (infeas = 12)
[714 sec,  689252 itr]: No feasible solution found (infeas = 12)
[715 sec,  690094 itr]: No feasible solution found (infeas = 12)
[716 sec,  690875 itr]: No feasible solution found (infeas = 12)
[717 sec,  691736 itr]: No feasible solution found (infeas = 12)
[718 sec,  692566 itr]: No feasible solution found (infeas = 12)
[719 sec,  694056 itr]: No feasible solution found (infeas = 12)
[720 sec,  694832 itr]: No feasible solution found (infeas = 12)
[721 sec,  695568 itr]: No feasible solution found (infeas = 12)
[722 sec,  696291 itr]: No feasible solution found (infeas = 12)
[723 sec,  696963 itr]: No feasible solution found (infeas = 12)
[724 sec,  696963 itr]: No feasible solution found (infeas = 12)
[725 sec,  697670 itr]: No feasible solution found (infeas = 12)
[726 sec,  698452 itr]: No feasible solution found (infeas = 12)
[727 sec,  699233 itr]: No feasible solution found (infeas = 12)
[728 sec,  700051 itr]: No feasible solution found (infeas = 12)
[729 sec,  700810 itr]: No feasible solution found (infeas = 12)
[730 sec,  701608 itr]: No feasible solution found (infeas = 12)
[731 sec,  702432 itr]: No feasible solution found (infeas = 12)
[732 sec,  703163 itr]: No feasible solution found (infeas = 12)
[733 sec,  703964 itr]: No feasible solution found (infeas = 12)
[734 sec,  704787 itr]: No feasible solution found (infeas = 12)
[735 sec,  705528 itr]: No feasible solution found (infeas = 12)
[736 sec,  706276 itr]: No feasible solution found (infeas = 12)
[737 sec,  707036 itr]: No feasible solution found (infeas = 12)
[738 sec,  707817 itr]: No feasible solution found (infeas = 12)
[739 sec,  708621 itr]: No feasible solution found (infeas = 12)
[740 sec,  710265 itr]: No feasible solution found (infeas = 12)
[741 sec,  710265 itr]: No feasible solution found (infeas = 12)
[742 sec,  711830 itr]: No feasible solution found (infeas = 12)
[743 sec,  712604 itr]: No feasible solution found (infeas = 12)
[744 sec,  713385 itr]: No feasible solution found (infeas = 12)
[745 sec,  714176 itr]: No feasible solution found (infeas = 12)
[746 sec,  714176 itr]: No feasible solution found (infeas = 12)
[747 sec,  714939 itr]: No feasible solution found (infeas = 12)
[748 sec,  716440 itr]: No feasible solution found (infeas = 12)
[749 sec,  717151 itr]: No feasible solution found (infeas = 12)
[750 sec,  717879 itr]: No feasible solution found (infeas = 12)
[751 sec,  717879 itr]: No feasible solution found (infeas = 12)
[752 sec,  719350 itr]: No feasible solution found (infeas = 12)
[753 sec,  720016 itr]: No feasible solution found (infeas = 12)
[754 sec,  720746 itr]: No feasible solution found (infeas = 12)
[755 sec,  721441 itr]: No feasible solution found (infeas = 12)
[756 sec,  721441 itr]: No feasible solution found (infeas = 12)
[757 sec,  722914 itr]: No feasible solution found (infeas = 12)
[758 sec,  723665 itr]: No feasible solution found (infeas = 12)
[759 sec,  724399 itr]: No feasible solution found (infeas = 12)
[760 sec,  724399 itr]: No feasible solution found (infeas = 12)
[761 sec,  725158 itr]: No feasible solution found (infeas = 12)
[762 sec,  725891 itr]: No feasible solution found (infeas = 12)
[763 sec,  727389 itr]: No feasible solution found (infeas = 12)
[764 sec,  727389 itr]: No feasible solution found (infeas = 12)
[765 sec,  728856 itr]: No feasible solution found (infeas = 12)
[766 sec,  729676 itr]: No feasible solution found (infeas = 12)
[767 sec,  730405 itr]: No feasible solution found (infeas = 12)
[768 sec,  731110 itr]: No feasible solution found (infeas = 12)
[769 sec,  731784 itr]: No feasible solution found (infeas = 12)
[770 sec,  731784 itr]: No feasible solution found (infeas = 12)
[771 sec,  732539 itr]: No feasible solution found (infeas = 12)
[772 sec,  733350 itr]: No feasible solution found (infeas = 12)
[773 sec,  734097 itr]: No feasible solution found (infeas = 12)
[774 sec,  735525 itr]: No feasible solution found (infeas = 12)
[775 sec,  736291 itr]: No feasible solution found (infeas = 12)
[776 sec,  737062 itr]: No feasible solution found (infeas = 12)
[777 sec,  737814 itr]: No feasible solution found (infeas = 12)
[778 sec,  738518 itr]: No feasible solution found (infeas = 12)
[779 sec,  738518 itr]: No feasible solution found (infeas = 12)
[780 sec,  740042 itr]: No feasible solution found (infeas = 12)
[781 sec,  740042 itr]: No feasible solution found (infeas = 12)
[782 sec,  741540 itr]: No feasible solution found (infeas = 12)
[783 sec,  742282 itr]: No feasible solution found (infeas = 12)
[784 sec,  742282 itr]: No feasible solution found (infeas = 12)
[785 sec,  743030 itr]: No feasible solution found (infeas = 12)
[786 sec,  744563 itr]: No feasible solution found (infeas = 12)
[787 sec,  745380 itr]: No feasible solution found (infeas = 12)
[788 sec,  745380 itr]: No feasible solution found (infeas = 12)
[789 sec,  746083 itr]: No feasible solution found (infeas = 12)
[790 sec,  746827 itr]: No feasible solution found (infeas = 12)
[791 sec,  747584 itr]: No feasible solution found (infeas = 12)
[792 sec,  748341 itr]: No feasible solution found (infeas = 12)
[793 sec,  749866 itr]: No feasible solution found (infeas = 12)
[794 sec,  750650 itr]: No feasible solution found (infeas = 12)
[795 sec,  750650 itr]: No feasible solution found (infeas = 12)
[796 sec,  751400 itr]: No feasible solution found (infeas = 12)
[797 sec,  752194 itr]: No feasible solution found (infeas = 12)
[798 sec,  752985 itr]: No feasible solution found (infeas = 12)
[799 sec,  754628 itr]: No feasible solution found (infeas = 12)
[800 sec,  754628 itr]: No feasible solution found (infeas = 12)
[801 sec,  755449 itr]: No feasible solution found (infeas = 12)
[802 sec,  756198 itr]: No feasible solution found (infeas = 12)
[803 sec,  756963 itr]: No feasible solution found (infeas = 12)
[804 sec,  758608 itr]: No feasible solution found (infeas = 12)
[805 sec,  759324 itr]: No feasible solution found (infeas = 12)
[806 sec,  760062 itr]: No feasible solution found (infeas = 12)
[807 sec,  760062 itr]: No feasible solution found (infeas = 12)
[808 sec,  761546 itr]: No feasible solution found (infeas = 12)
[809 sec,  762338 itr]: No feasible solution found (infeas = 12)
[810 sec,  762338 itr]: No feasible solution found (infeas = 12)
[811 sec,  763900 itr]: No feasible solution found (infeas = 12)
[812 sec,  764572 itr]: No feasible solution found (infeas = 12)
[813 sec,  764572 itr]: No feasible solution found (infeas = 12)
[814 sec,  766025 itr]: No feasible solution found (infeas = 12)
[815 sec,  766025 itr]: No feasible solution found (infeas = 12)
[816 sec,  766857 itr]: No feasible solution found (infeas = 12)
[817 sec,  767695 itr]: No feasible solution found (infeas = 12)
[818 sec,  768494 itr]: No feasible solution found (infeas = 12)
[819 sec,  769190 itr]: No feasible solution found (infeas = 12)
[820 sec,  769962 itr]: No feasible solution found (infeas = 12)
[821 sec,  770774 itr]: No feasible solution found (infeas = 12)
[822 sec,  771493 itr]: No feasible solution found (infeas = 12)
[823 sec,  772183 itr]: No feasible solution found (infeas = 12)
[824 sec,  772962 itr]: No feasible solution found (infeas = 12)
[825 sec,  773725 itr]: No feasible solution found (infeas = 12)
[826 sec,  774552 itr]: No feasible solution found (infeas = 12)
[827 sec,  775301 itr]: No feasible solution found (infeas = 12)
[828 sec,  776138 itr]: No feasible solution found (infeas = 12)
[829 sec,  776913 itr]: No feasible solution found (infeas = 12)
[830 sec,  777669 itr]: No feasible solution found (infeas = 12)
[831 sec,  778491 itr]: No feasible solution found (infeas = 12)
[832 sec,  779894 itr]: No feasible solution found (infeas = 12)
[833 sec,  779894 itr]: No feasible solution found (infeas = 12)
[834 sec,  781259 itr]: No feasible solution found (infeas = 12)
[835 sec,  782045 itr]: No feasible solution found (infeas = 12)
[836 sec,  782045 itr]: No feasible solution found (infeas = 12)
[837 sec,  782747 itr]: No feasible solution found (infeas = 12)
[838 sec,  783493 itr]: No feasible solution found (infeas = 12)
[839 sec,  784209 itr]: No feasible solution found (infeas = 12)
[840 sec,  785033 itr]: No feasible solution found (infeas = 12)
[841 sec,  785839 itr]: No feasible solution found (infeas = 12)
[842 sec,  786560 itr]: No feasible solution found (infeas = 12)
[843 sec,  787305 itr]: No feasible solution found (infeas = 12)
[844 sec,  788046 itr]: No feasible solution found (infeas = 12)
[845 sec,  789523 itr]: No feasible solution found (infeas = 12)
[846 sec,  790389 itr]: No feasible solution found (infeas = 12)
[847 sec,  791158 itr]: No feasible solution found (infeas = 12)
[848 sec,  791158 itr]: No feasible solution found (infeas = 12)
[849 sec,  792705 itr]: No feasible solution found (infeas = 12)
[850 sec,  792705 itr]: No feasible solution found (infeas = 12)
[851 sec,  793488 itr]: No feasible solution found (infeas = 12)
[852 sec,  794986 itr]: No feasible solution found (infeas = 12)
[853 sec,  795700 itr]: No feasible solution found (infeas = 12)
[854 sec,  796455 itr]: No feasible solution found (infeas = 12)
[855 sec,  796455 itr]: No feasible solution found (infeas = 12)
[856 sec,  797249 itr]: No feasible solution found (infeas = 12)
[857 sec,  798025 itr]: No feasible solution found (infeas = 12)
[858 sec,  798875 itr]: No feasible solution found (infeas = 12)
[859 sec,  799680 itr]: No feasible solution found (infeas = 12)
[860 sec,  800482 itr]: No feasible solution found (infeas = 12)
[861 sec,  801285 itr]: No feasible solution found (infeas = 12)
[862 sec,  802027 itr]: No feasible solution found (infeas = 12)
[863 sec,  803612 itr]: No feasible solution found (infeas = 12)
[864 sec,  804462 itr]: No feasible solution found (infeas = 12)
[865 sec,  805230 itr]: No feasible solution found (infeas = 12)
[866 sec,  805842 itr]: No feasible solution found (infeas = 12)
[867 sec,  806616 itr]: No feasible solution found (infeas = 12)
[868 sec,  807305 itr]: No feasible solution found (infeas = 12)
[869 sec,  808037 itr]: No feasible solution found (infeas = 12)
[870 sec,  808776 itr]: No feasible solution found (infeas = 12)
[871 sec,  809562 itr]: No feasible solution found (infeas = 12)
[872 sec,  809562 itr]: No feasible solution found (infeas = 12)
[873 sec,  810278 itr]: No feasible solution found (infeas = 12)
[874 sec,  810981 itr]: No feasible solution found (infeas = 12)
[875 sec,  811657 itr]: No feasible solution found (infeas = 12)
[876 sec,  812416 itr]: No feasible solution found (infeas = 12)
[877 sec,  813118 itr]: No feasible solution found (infeas = 12)
[878 sec,  813954 itr]: No feasible solution found (infeas = 12)
[879 sec,  815489 itr]: No feasible solution found (infeas = 12)
[880 sec,  816238 itr]: No feasible solution found (infeas = 12)
[881 sec,  816938 itr]: No feasible solution found (infeas = 12)
[882 sec,  816938 itr]: No feasible solution found (infeas = 12)
[883 sec,  818349 itr]: No feasible solution found (infeas = 12)
[884 sec,  819151 itr]: No feasible solution found (infeas = 12)
[885 sec,  819151 itr]: No feasible solution found (infeas = 12)
[886 sec,  819945 itr]: No feasible solution found (infeas = 12)
[887 sec,  821433 itr]: No feasible solution found (infeas = 12)
[888 sec,  821433 itr]: No feasible solution found (infeas = 12)
[889 sec,  822196 itr]: No feasible solution found (infeas = 12)
[890 sec,  822995 itr]: No feasible solution found (infeas = 12)
[891 sec,  823776 itr]: No feasible solution found (infeas = 12)
[892 sec,  824538 itr]: No feasible solution found (infeas = 12)
[893 sec,  825394 itr]: No feasible solution found (infeas = 12)
[894 sec,  826930 itr]: No feasible solution found (infeas = 12)
[895 sec,  826930 itr]: No feasible solution found (infeas = 12)
[896 sec,  827736 itr]: No feasible solution found (infeas = 12)
[897 sec,  828576 itr]: No feasible solution found (infeas = 12)
[898 sec,  830156 itr]: No feasible solution found (infeas = 12)
[899 sec,  830973 itr]: No feasible solution found (infeas = 12)
[900 sec,  831822 itr]: No feasible solution found (infeas = 12)
[901 sec,  832518 itr]: No feasible solution found (infeas = 12)
[902 sec,  833322 itr]: No feasible solution found (infeas = 12)
[903 sec,  833322 itr]: No feasible solution found (infeas = 12)
[904 sec,  833993 itr]: No feasible solution found (infeas = 12)
[905 sec,  834733 itr]: No feasible solution found (infeas = 12)
[906 sec,  836256 itr]: No feasible solution found (infeas = 12)
[907 sec,  837024 itr]: No feasible solution found (infeas = 12)
[908 sec,  837812 itr]: No feasible solution found (infeas = 12)
[909 sec,  838652 itr]: No feasible solution found (infeas = 12)
[910 sec,  839456 itr]: No feasible solution found (infeas = 12)
[911 sec,  840279 itr]: No feasible solution found (infeas = 12)
[912 sec,  841034 itr]: No feasible solution found (infeas = 12)
[913 sec,  841034 itr]: No feasible solution found (infeas = 12)
[914 sec,  841950 itr]: No feasible solution found (infeas = 12)
[915 sec,  843593 itr]: No feasible solution found (infeas = 12)
[916 sec,  843593 itr]: No feasible solution found (infeas = 12)
[917 sec,  844402 itr]: No feasible solution found (infeas = 12)
[918 sec,  846014 itr]: No feasible solution found (infeas = 12)
[919 sec,  846014 itr]: No feasible solution found (infeas = 12)
[920 sec,  847582 itr]: No feasible solution found (infeas = 12)
[921 sec,  847582 itr]: No feasible solution found (infeas = 12)
[922 sec,  849020 itr]: No feasible solution found (infeas = 12)
[923 sec,  849020 itr]: No feasible solution found (infeas = 12)
[924 sec,  850561 itr]: No feasible solution found (infeas = 12)
[925 sec,  851340 itr]: No feasible solution found (infeas = 12)
[926 sec,  852108 itr]: No feasible solution found (infeas = 12)
[927 sec,  852940 itr]: No feasible solution found (infeas = 12)
[928 sec,  852940 itr]: No feasible solution found (infeas = 12)
[929 sec,  853757 itr]: No feasible solution found (infeas = 12)
[930 sec,  854582 itr]: No feasible solution found (infeas = 12)
[931 sec,  856201 itr]: No feasible solution found (infeas = 12)
[932 sec,  856945 itr]: No feasible solution found (infeas = 12)
[933 sec,  857674 itr]: No feasible solution found (infeas = 12)
[934 sec,  858429 itr]: No feasible solution found (infeas = 12)
[935 sec,  859254 itr]: No feasible solution found (infeas = 12)
[936 sec,  859254 itr]: No feasible solution found (infeas = 12)
[937 sec,  860056 itr]: No feasible solution found (infeas = 12)
[938 sec,  860860 itr]: No feasible solution found (infeas = 12)
[939 sec,  862492 itr]: No feasible solution found (infeas = 12)
[940 sec,  862492 itr]: No feasible solution found (infeas = 12)
[941 sec,  863210 itr]: No feasible solution found (infeas = 12)
[942 sec,  864751 itr]: No feasible solution found (infeas = 12)
[943 sec,  865563 itr]: No feasible solution found (infeas = 12)
[944 sec,  866263 itr]: No feasible solution found (infeas = 12)
[945 sec,  866263 itr]: No feasible solution found (infeas = 12)
[946 sec,  867042 itr]: No feasible solution found (infeas = 12)
[947 sec,  867869 itr]: No feasible solution found (infeas = 12)
[948 sec,  869438 itr]: No feasible solution found (infeas = 12)
[949 sec,  870226 itr]: No feasible solution found (infeas = 12)
[950 sec,  870226 itr]: No feasible solution found (infeas = 12)
[951 sec,  871027 itr]: No feasible solution found (infeas = 12)
[952 sec,  872747 itr]: No feasible solution found (infeas = 12)
[953 sec,  872747 itr]: No feasible solution found (infeas = 12)
[954 sec,  873512 itr]: No feasible solution found (infeas = 12)
[955 sec,  874331 itr]: No feasible solution found (infeas = 12)
[956 sec,  875149 itr]: No feasible solution found (infeas = 12)
[957 sec,  875905 itr]: No feasible solution found (infeas = 12)
[958 sec,  876683 itr]: No feasible solution found (infeas = 12)
[959 sec,  878370 itr]: No feasible solution found (infeas = 12)
[960 sec,  878370 itr]: No feasible solution found (infeas = 12)
[961 sec,  879176 itr]: No feasible solution found (infeas = 12)
[962 sec,  880700 itr]: No feasible solution found (infeas = 12)
[963 sec,  880700 itr]: No feasible solution found (infeas = 12)
[964 sec,  881556 itr]: No feasible solution found (infeas = 12)
[965 sec,  882369 itr]: No feasible solution found (infeas = 12)
[966 sec,  883153 itr]: No feasible solution found (infeas = 12)
[967 sec,  884032 itr]: No feasible solution found (infeas = 12)
[968 sec,  884856 itr]: No feasible solution found (infeas = 12)
[969 sec,  885605 itr]: No feasible solution found (infeas = 12)
[970 sec,  886321 itr]: No feasible solution found (infeas = 12)
[971 sec,  887107 itr]: No feasible solution found (infeas = 12)
[972 sec,  888706 itr]: No feasible solution found (infeas = 12)
[973 sec,  888706 itr]: No feasible solution found (infeas = 12)
[974 sec,  890263 itr]: No feasible solution found (infeas = 12)
[975 sec,  890263 itr]: No feasible solution found (infeas = 12)
[976 sec,  891057 itr]: No feasible solution found (infeas = 12)
[977 sec,  892535 itr]: No feasible solution found (infeas = 12)
[978 sec,  892535 itr]: No feasible solution found (infeas = 12)
[979 sec,  894006 itr]: No feasible solution found (infeas = 12)
[980 sec,  894840 itr]: No feasible solution found (infeas = 12)
[981 sec,  895595 itr]: No feasible solution found (infeas = 12)
[982 sec,  896329 itr]: No feasible solution found (infeas = 12)
[983 sec,  897039 itr]: No feasible solution found (infeas = 12)
[984 sec,  897791 itr]: No feasible solution found (infeas = 12)
[985 sec,  898556 itr]: No feasible solution found (infeas = 12)
[986 sec,  899327 itr]: No feasible solution found (infeas = 12)
[987 sec,  900070 itr]: No feasible solution found (infeas = 12)
[988 sec,  900820 itr]: No feasible solution found (infeas = 12)
[989 sec,  900820 itr]: No feasible solution found (infeas = 12)
[990 sec,  902437 itr]: No feasible solution found (infeas = 12)
[991 sec,  902437 itr]: No feasible solution found (infeas = 12)
[992 sec,  903203 itr]: No feasible solution found (infeas = 12)
[993 sec,  903912 itr]: No feasible solution found (infeas = 12)
[994 sec,  905453 itr]: No feasible solution found (infeas = 12)
[995 sec,  905453 itr]: No feasible solution found (infeas = 12)
[996 sec,  906244 itr]: No feasible solution found (infeas = 12)
[997 sec,  906990 itr]: No feasible solution found (infeas = 12)
[998 sec,  908526 itr]: No feasible solution found (infeas = 12)
[999 sec,  908526 itr]: No feasible solution found (infeas = 12)
[1000 sec,  909248 itr]: No feasible solution found (infeas = 12)
[1001 sec,  910004 itr]: No feasible solution found (infeas = 12)
[1002 sec,  911535 itr]: No feasible solution found (infeas = 12)
[1003 sec,  911535 itr]: No feasible solution found (infeas = 12)
[1004 sec,  912291 itr]: No feasible solution found (infeas = 12)
[1005 sec,  913132 itr]: No feasible solution found (infeas = 12)
[1006 sec,  914737 itr]: No feasible solution found (infeas = 12)
[1007 sec,  914737 itr]: No feasible solution found (infeas = 12)
[1008 sec,  915595 itr]: No feasible solution found (infeas = 12)
[1009 sec,  916436 itr]: No feasible solution found (infeas = 12)
[1010 sec,  918091 itr]: No feasible solution found (infeas = 12)
[1011 sec,  918091 itr]: No feasible solution found (infeas = 12)
[1012 sec,  919708 itr]: No feasible solution found (infeas = 12)
[1013 sec,  919708 itr]: No feasible solution found (infeas = 12)
[1014 sec,  920475 itr]: No feasible solution found (infeas = 12)
[1015 sec,  921317 itr]: No feasible solution found (infeas = 12)
[1016 sec,  922124 itr]: No feasible solution found (infeas = 12)
[1017 sec,  922895 itr]: No feasible solution found (infeas = 12)
[1018 sec,  923718 itr]: No feasible solution found (infeas = 12)
[1019 sec,  924565 itr]: No feasible solution found (infeas = 12)
[1020 sec,  926122 itr]: No feasible solution found (infeas = 12)
[1021 sec,  926122 itr]: No feasible solution found (infeas = 12)
[1022 sec,  926931 itr]: No feasible solution found (infeas = 12)
[1023 sec,  928701 itr]: No feasible solution found (infeas = 12)
[1024 sec,  929498 itr]: No feasible solution found (infeas = 12)
[1025 sec,  929498 itr]: No feasible solution found (infeas = 12)
[1026 sec,  930323 itr]: No feasible solution found (infeas = 12)
[1027 sec,  931145 itr]: No feasible solution found (infeas = 12)
[1028 sec,  932709 itr]: No feasible solution found (infeas = 12)
[1029 sec,  932709 itr]: No feasible solution found (infeas = 12)
[1030 sec,  933581 itr]: No feasible solution found (infeas = 12)
[1031 sec,  935165 itr]: No feasible solution found (infeas = 12)
[1032 sec,  935165 itr]: No feasible solution found (infeas = 12)
[1033 sec,  935912 itr]: No feasible solution found (infeas = 12)
[1034 sec,  936747 itr]: No feasible solution found (infeas = 12)
[1035 sec,  937565 itr]: No feasible solution found (infeas = 12)
[1036 sec,  938379 itr]: No feasible solution found (infeas = 12)
[1037 sec,  939143 itr]: No feasible solution found (infeas = 12)
[1038 sec,  939962 itr]: No feasible solution found (infeas = 12)
[1039 sec,  941507 itr]: No feasible solution found (infeas = 12)
[1040 sec,  941507 itr]: No feasible solution found (infeas = 12)
[1041 sec,  942350 itr]: No feasible solution found (infeas = 12)
[1042 sec,  943977 itr]: No feasible solution found (infeas = 12)
[1043 sec,  944726 itr]: No feasible solution found (infeas = 12)
[1044 sec,  944726 itr]: No feasible solution found (infeas = 12)
[1045 sec,  945472 itr]: No feasible solution found (infeas = 12)
[1046 sec,  946270 itr]: No feasible solution found (infeas = 12)
[1047 sec,  947731 itr]: No feasible solution found (infeas = 12)
[1048 sec,  947731 itr]: No feasible solution found (infeas = 12)
[1049 sec,  948568 itr]: No feasible solution found (infeas = 12)
[1050 sec,  950074 itr]: No feasible solution found (infeas = 12)
[1051 sec,  950885 itr]: No feasible solution found (infeas = 12)
[1052 sec,  951603 itr]: No feasible solution found (infeas = 12)
[1053 sec,  952419 itr]: No feasible solution found (infeas = 12)
[1054 sec,  953171 itr]: No feasible solution found (infeas = 12)
[1055 sec,  953895 itr]: No feasible solution found (infeas = 12)
[1056 sec,  954666 itr]: No feasible solution found (infeas = 12)
[1057 sec,  954666 itr]: No feasible solution found (infeas = 12)
[1058 sec,  956176 itr]: No feasible solution found (infeas = 12)
[1059 sec,  956176 itr]: No feasible solution found (infeas = 12)
[1060 sec,  957622 itr]: No feasible solution found (infeas = 12)
[1061 sec,  957622 itr]: No feasible solution found (infeas = 12)
[1062 sec,  958360 itr]: No feasible solution found (infeas = 12)
[1063 sec,  959101 itr]: No feasible solution found (infeas = 12)
[1064 sec,  960602 itr]: No feasible solution found (infeas = 12)
[1065 sec,  960602 itr]: No feasible solution found (infeas = 12)
[1066 sec,  961489 itr]: No feasible solution found (infeas = 12)
[1067 sec,  962346 itr]: No feasible solution found (infeas = 12)
[1068 sec,  963139 itr]: No feasible solution found (infeas = 12)
[1069 sec,  963914 itr]: No feasible solution found (infeas = 12)
[1070 sec,  964689 itr]: No feasible solution found (infeas = 12)
[1071 sec,  966191 itr]: No feasible solution found (infeas = 12)
[1072 sec,  966191 itr]: No feasible solution found (infeas = 12)
[1073 sec,  967724 itr]: No feasible solution found (infeas = 12)
[1074 sec,  968513 itr]: No feasible solution found (infeas = 12)
[1075 sec,  968513 itr]: No feasible solution found (infeas = 12)
[1076 sec,  970095 itr]: No feasible solution found (infeas = 12)
[1077 sec,  970095 itr]: No feasible solution found (infeas = 12)
[1078 sec,  971707 itr]: No feasible solution found (infeas = 12)
[1079 sec,  971707 itr]: No feasible solution found (infeas = 12)
[1080 sec,  972458 itr]: No feasible solution found (infeas = 12)
[1081 sec,  973201 itr]: No feasible solution found (infeas = 12)
[1082 sec,  973928 itr]: No feasible solution found (infeas = 12)
[1083 sec,  974743 itr]: No feasible solution found (infeas = 12)
[1084 sec,  975581 itr]: No feasible solution found (infeas = 12)
[1085 sec,  976344 itr]: No feasible solution found (infeas = 12)
[1086 sec,  977154 itr]: No feasible solution found (infeas = 12)
[1087 sec,  978029 itr]: No feasible solution found (infeas = 12)
[1088 sec,  978831 itr]: No feasible solution found (infeas = 12)
[1089 sec,  980583 itr]: No feasible solution found (infeas = 12)
[1090 sec,  980583 itr]: No feasible solution found (infeas = 12)
[1091 sec,  982329 itr]: No feasible solution found (infeas = 12)
[1092 sec,  982329 itr]: No feasible solution found (infeas = 12)
[1093 sec,  983064 itr]: No feasible solution found (infeas = 12)
[1094 sec,  983941 itr]: No feasible solution found (infeas = 12)
[1095 sec,  984750 itr]: No feasible solution found (infeas = 12)
[1096 sec,  986436 itr]: No feasible solution found (infeas = 12)
[1097 sec,  986436 itr]: No feasible solution found (infeas = 12)
[1098 sec,  987166 itr]: No feasible solution found (infeas = 12)
[1099 sec,  988775 itr]: No feasible solution found (infeas = 12)
[1100 sec,  988775 itr]: No feasible solution found (infeas = 12)
[1101 sec,  990506 itr]: No feasible solution found (infeas = 12)
[1102 sec,  991337 itr]: No feasible solution found (infeas = 12)
[1103 sec,  991337 itr]: No feasible solution found (infeas = 12)
[1104 sec,  992962 itr]: No feasible solution found (infeas = 12)
[1105 sec,  993827 itr]: No feasible solution found (infeas = 12)
[1106 sec,  994657 itr]: No feasible solution found (infeas = 12)
[1107 sec,  995532 itr]: No feasible solution found (infeas = 12)
[1108 sec,  995532 itr]: No feasible solution found (infeas = 12)
[1109 sec,  996352 itr]: No feasible solution found (infeas = 12)
[1110 sec,  997148 itr]: No feasible solution found (infeas = 12)
[1111 sec,  998740 itr]: No feasible solution found (infeas = 12)
[1112 sec,  999439 itr]: No feasible solution found (infeas = 12)
[1113 sec,  999439 itr]: No feasible solution found (infeas = 12)
[1114 sec, 1000313 itr]: No feasible solution found (infeas = 12)
[1115 sec, 1001145 itr]: No feasible solution found (infeas = 12)
[1116 sec, 1002788 itr]: No feasible solution found (infeas = 12)
[1117 sec, 1002788 itr]: No feasible solution found (infeas = 12)
[1118 sec, 1004391 itr]: No feasible solution found (infeas = 12)
[1119 sec, 1004391 itr]: No feasible solution found (infeas = 12)
[1120 sec, 1005110 itr]: No feasible solution found (infeas = 12)
[1121 sec, 1005926 itr]: No feasible solution found (infeas = 12)
[1122 sec, 1006734 itr]: No feasible solution found (infeas = 12)
[1123 sec, 1008304 itr]: No feasible solution found (infeas = 12)
[1124 sec, 1009074 itr]: No feasible solution found (infeas = 12)
[1125 sec, 1009074 itr]: No feasible solution found (infeas = 12)
[1126 sec, 1010791 itr]: No feasible solution found (infeas = 12)
[1127 sec, 1010791 itr]: No feasible solution found (infeas = 12)
[1128 sec, 1011538 itr]: No feasible solution found (infeas = 12)
[1129 sec, 1012343 itr]: No feasible solution found (infeas = 12)
[1130 sec, 1013083 itr]: No feasible solution found (infeas = 12)
[1131 sec, 1013867 itr]: No feasible solution found (infeas = 12)
[1132 sec, 1014616 itr]: No feasible solution found (infeas = 12)
[1133 sec, 1016338 itr]: No feasible solution found (infeas = 12)
[1134 sec, 1017133 itr]: No feasible solution found (infeas = 12)
[1135 sec, 1017133 itr]: No feasible solution found (infeas = 12)
[1136 sec, 1017884 itr]: No feasible solution found (infeas = 12)
[1137 sec, 1019497 itr]: No feasible solution found (infeas = 12)
[1138 sec, 1019497 itr]: No feasible solution found (infeas = 12)
[1139 sec, 1020333 itr]: No feasible solution found (infeas = 12)
[1140 sec, 1021113 itr]: No feasible solution found (infeas = 12)
[1141 sec, 1022714 itr]: No feasible solution found (infeas = 12)
[1142 sec, 1022714 itr]: No feasible solution found (infeas = 12)
[1143 sec, 1024359 itr]: No feasible solution found (infeas = 12)
[1144 sec, 1024359 itr]: No feasible solution found (infeas = 12)
[1145 sec, 1025894 itr]: No feasible solution found (infeas = 12)
[1146 sec, 1025894 itr]: No feasible solution found (infeas = 12)
[1147 sec, 1026675 itr]: No feasible solution found (infeas = 12)
[1148 sec, 1027461 itr]: No feasible solution found (infeas = 12)
[1149 sec, 1028970 itr]: No feasible solution found (infeas = 12)
[1150 sec, 1028970 itr]: No feasible solution found (infeas = 12)
[1151 sec, 1030647 itr]: No feasible solution found (infeas = 12)
[1152 sec, 1030647 itr]: No feasible solution found (infeas = 12)
[1153 sec, 1031403 itr]: No feasible solution found (infeas = 12)
[1154 sec, 1032231 itr]: No feasible solution found (infeas = 12)
[1155 sec, 1033034 itr]: No feasible solution found (infeas = 12)
[1156 sec, 1033899 itr]: No feasible solution found (infeas = 12)
[1157 sec, 1035548 itr]: No feasible solution found (infeas = 12)
[1158 sec, 1036356 itr]: No feasible solution found (infeas = 12)
[1159 sec, 1036356 itr]: No feasible solution found (infeas = 12)
[1160 sec, 1037826 itr]: No feasible solution found (infeas = 12)
[1161 sec, 1037826 itr]: No feasible solution found (infeas = 12)
[1162 sec, 1038621 itr]: No feasible solution found (infeas = 12)
[1163 sec, 1039498 itr]: No feasible solution found (infeas = 12)
[1164 sec, 1040353 itr]: No feasible solution found (infeas = 12)
[1165 sec, 1041912 itr]: No feasible solution found (infeas = 12)
[1166 sec, 1042725 itr]: No feasible solution found (infeas = 12)
[1167 sec, 1042725 itr]: No feasible solution found (infeas = 12)
[1168 sec, 1043540 itr]: No feasible solution found (infeas = 12)
[1169 sec, 1044380 itr]: No feasible solution found (infeas = 12)
[1170 sec, 1045196 itr]: No feasible solution found (infeas = 12)
[1171 sec, 1046001 itr]: No feasible solution found (infeas = 12)
[1172 sec, 1047683 itr]: No feasible solution found (infeas = 12)
[1173 sec, 1048492 itr]: No feasible solution found (infeas = 12)
[1174 sec, 1049310 itr]: No feasible solution found (infeas = 12)
[1175 sec, 1049310 itr]: No feasible solution found (infeas = 12)
[1176 sec, 1051003 itr]: No feasible solution found (infeas = 12)
[1177 sec, 1051003 itr]: No feasible solution found (infeas = 12)
[1178 sec, 1052666 itr]: No feasible solution found (infeas = 12)
[1179 sec, 1053468 itr]: No feasible solution found (infeas = 12)
[1180 sec, 1054264 itr]: No feasible solution found (infeas = 12)
[1181 sec, 1055071 itr]: No feasible solution found (infeas = 12)
[1182 sec, 1055929 itr]: No feasible solution found (infeas = 12)
[1183 sec, 1055929 itr]: No feasible solution found (infeas = 12)
[1184 sec, 1056807 itr]: No feasible solution found (infeas = 12)
[1185 sec, 1057687 itr]: No feasible solution found (infeas = 12)
[1186 sec, 1058581 itr]: No feasible solution found (infeas = 12)
[1187 sec, 1060268 itr]: No feasible solution found (infeas = 12)
[1188 sec, 1060268 itr]: No feasible solution found (infeas = 12)
[1189 sec, 1061124 itr]: No feasible solution found (infeas = 12)
[1190 sec, 1062794 itr]: No feasible solution found (infeas = 12)
[1191 sec, 1063619 itr]: No feasible solution found (infeas = 12)
[1192 sec, 1063619 itr]: No feasible solution found (infeas = 12)
[1193 sec, 1064466 itr]: No feasible solution found (infeas = 12)
[1194 sec, 1065297 itr]: No feasible solution found (infeas = 12)
[1195 sec, 1066144 itr]: No feasible solution found (infeas = 12)
[1196 sec, 1067911 itr]: No feasible solution found (infeas = 12)
[1197 sec, 1067911 itr]: No feasible solution found (infeas = 12)
[1198 sec, 1069585 itr]: No feasible solution found (infeas = 12)
[1199 sec, 1069585 itr]: No feasible solution found (infeas = 12)
[1200 sec, 1070420 itr]: No feasible solution found (infeas = 12)
[1201 sec, 1071248 itr]: No feasible solution found (infeas = 12)
[1202 sec, 1072099 itr]: No feasible solution found (infeas = 12)
[1203 sec, 1073886 itr]: No feasible solution found (infeas = 12)
[1204 sec, 1073886 itr]: No feasible solution found (infeas = 12)
[1205 sec, 1074737 itr]: No feasible solution found (infeas = 12)
[1206 sec, 1076456 itr]: No feasible solution found (infeas = 12)
[1207 sec, 1077293 itr]: No feasible solution found (infeas = 12)
[1208 sec, 1078090 itr]: No feasible solution found (infeas = 12)
[1209 sec, 1078926 itr]: No feasible solution found (infeas = 12)
[1210 sec, 1079766 itr]: No feasible solution found (infeas = 12)
[1211 sec, 1080572 itr]: No feasible solution found (infeas = 12)
[1212 sec, 1080572 itr]: No feasible solution found (infeas = 12)
[1213 sec, 1082159 itr]: No feasible solution found (infeas = 12)
[1214 sec, 1082900 itr]: No feasible solution found (infeas = 12)
[1215 sec, 1082900 itr]: No feasible solution found (infeas = 12)
[1216 sec, 1083704 itr]: No feasible solution found (infeas = 12)
[1217 sec, 1084531 itr]: No feasible solution found (infeas = 12)
[1218 sec, 1085330 itr]: No feasible solution found (infeas = 12)
[1219 sec, 1086223 itr]: No feasible solution found (infeas = 12)
[1220 sec, 1088058 itr]: No feasible solution found (infeas = 12)
[1221 sec, 1088927 itr]: No feasible solution found (infeas = 12)
[1222 sec, 1089696 itr]: No feasible solution found (infeas = 12)
[1223 sec, 1090595 itr]: No feasible solution found (infeas = 12)
[1224 sec, 1091453 itr]: No feasible solution found (infeas = 12)
[1225 sec, 1092210 itr]: No feasible solution found (infeas = 12)
[1226 sec, 1093017 itr]: No feasible solution found (infeas = 12)
[1227 sec, 1093017 itr]: No feasible solution found (infeas = 12)
[1228 sec, 1094618 itr]: No feasible solution found (infeas = 12)
[1229 sec, 1095418 itr]: No feasible solution found (infeas = 12)
[1230 sec, 1096284 itr]: No feasible solution found (infeas = 12)
[1231 sec, 1097084 itr]: No feasible solution found (infeas = 12)
[1232 sec, 1097891 itr]: No feasible solution found (infeas = 12)
[1233 sec, 1098664 itr]: No feasible solution found (infeas = 12)
[1234 sec, 1099525 itr]: No feasible solution found (infeas = 12)
[1235 sec, 1100330 itr]: No feasible solution found (infeas = 12)
[1236 sec, 1100330 itr]: No feasible solution found (infeas = 12)
[1237 sec, 1101174 itr]: No feasible solution found (infeas = 12)
[1238 sec, 1102028 itr]: No feasible solution found (infeas = 12)
[1239 sec, 1102881 itr]: No feasible solution found (infeas = 12)
[1240 sec, 1103677 itr]: No feasible solution found (infeas = 12)
[1241 sec, 1104576 itr]: No feasible solution found (infeas = 12)
[1242 sec, 1105381 itr]: No feasible solution found (infeas = 12)
[1243 sec, 1107067 itr]: No feasible solution found (infeas = 12)
[1244 sec, 1107854 itr]: No feasible solution found (infeas = 12)
[1245 sec, 1107854 itr]: No feasible solution found (infeas = 12)
[1246 sec, 1108691 itr]: No feasible solution found (infeas = 12)
[1247 sec, 1109570 itr]: No feasible solution found (infeas = 12)
[1248 sec, 1111377 itr]: No feasible solution found (infeas = 12)
[1249 sec, 1112166 itr]: No feasible solution found (infeas = 12)
[1250 sec, 1112941 itr]: No feasible solution found (infeas = 12)
[1251 sec, 1112941 itr]: No feasible solution found (infeas = 12)
[1252 sec, 1113761 itr]: No feasible solution found (infeas = 12)
[1253 sec, 1114573 itr]: No feasible solution found (infeas = 12)
[1254 sec, 1115333 itr]: No feasible solution found (infeas = 12)
[1255 sec, 1116112 itr]: No feasible solution found (infeas = 12)
[1256 sec, 1117709 itr]: No feasible solution found (infeas = 12)
[1257 sec, 1118445 itr]: No feasible solution found (infeas = 12)
[1258 sec, 1118445 itr]: No feasible solution found (infeas = 12)
[1259 sec, 1119309 itr]: No feasible solution found (infeas = 12)
[1260 sec, 1120113 itr]: No feasible solution found (infeas = 12)
[1261 sec, 1120963 itr]: No feasible solution found (infeas = 12)
[1262 sec, 1121779 itr]: No feasible solution found (infeas = 12)
[1263 sec, 1122512 itr]: No feasible solution found (infeas = 12)
[1264 sec, 1123242 itr]: No feasible solution found (infeas = 12)
[1265 sec, 1124925 itr]: No feasible solution found (infeas = 12)
[1266 sec, 1125679 itr]: No feasible solution found (infeas = 12)
[1267 sec, 1126465 itr]: No feasible solution found (infeas = 12)
[1268 sec, 1127230 itr]: No feasible solution found (infeas = 12)
[1269 sec, 1127990 itr]: No feasible solution found (infeas = 12)
[1270 sec, 1128825 itr]: No feasible solution found (infeas = 12)
[1271 sec, 1129665 itr]: No feasible solution found (infeas = 12)
[1272 sec, 1130398 itr]: No feasible solution found (infeas = 12)
[1273 sec, 1131178 itr]: No feasible solution found (infeas = 12)
[1274 sec, 1131959 itr]: No feasible solution found (infeas = 12)
[1275 sec, 1132773 itr]: No feasible solution found (infeas = 12)
[1276 sec, 1133526 itr]: No feasible solution found (infeas = 12)
[1277 sec, 1133526 itr]: No feasible solution found (infeas = 12)
[1278 sec, 1135076 itr]: No feasible solution found (infeas = 12)
[1279 sec, 1135800 itr]: No feasible solution found (infeas = 12)
[1280 sec, 1135800 itr]: No feasible solution found (infeas = 12)
[1281 sec, 1136656 itr]: No feasible solution found (infeas = 12)
[1282 sec, 1137441 itr]: No feasible solution found (infeas = 12)
[1283 sec, 1139111 itr]: No feasible solution found (infeas = 12)
[1284 sec, 1139927 itr]: No feasible solution found (infeas = 12)
[1285 sec, 1139927 itr]: No feasible solution found (infeas = 12)
[1286 sec, 1141425 itr]: No feasible solution found (infeas = 12)
[1287 sec, 1141425 itr]: No feasible solution found (infeas = 12)
[1288 sec, 1142175 itr]: No feasible solution found (infeas = 12)
[1289 sec, 1142911 itr]: No feasible solution found (infeas = 12)
[1290 sec, 1143634 itr]: No feasible solution found (infeas = 12)
[1291 sec, 1144487 itr]: No feasible solution found (infeas = 12)
[1292 sec, 1145382 itr]: No feasible solution found (infeas = 12)
[1293 sec, 1146182 itr]: No feasible solution found (infeas = 12)
[1294 sec, 1147027 itr]: No feasible solution found (infeas = 12)
[1295 sec, 1147923 itr]: No feasible solution found (infeas = 12)
[1296 sec, 1149536 itr]: No feasible solution found (infeas = 12)
[1297 sec, 1150348 itr]: No feasible solution found (infeas = 12)
[1298 sec, 1151029 itr]: No feasible solution found (infeas = 12)
[1299 sec, 1151029 itr]: No feasible solution found (infeas = 12)
[1300 sec, 1151806 itr]: No feasible solution found (infeas = 12)
[1301 sec, 1153380 itr]: No feasible solution found (infeas = 12)
[1302 sec, 1154193 itr]: No feasible solution found (infeas = 12)
[1303 sec, 1154193 itr]: No feasible solution found (infeas = 12)
[1304 sec, 1154993 itr]: No feasible solution found (infeas = 12)
[1305 sec, 1156595 itr]: No feasible solution found (infeas = 12)
[1306 sec, 1156595 itr]: No feasible solution found (infeas = 12)
[1307 sec, 1158236 itr]: No feasible solution found (infeas = 12)
[1308 sec, 1159011 itr]: No feasible solution found (infeas = 12)
[1309 sec, 1159780 itr]: No feasible solution found (infeas = 12)
[1310 sec, 1160459 itr]: No feasible solution found (infeas = 12)
[1311 sec, 1160459 itr]: No feasible solution found (infeas = 12)
[1312 sec, 1161136 itr]: No feasible solution found (infeas = 12)
[1313 sec, 1161932 itr]: No feasible solution found (infeas = 12)
[1314 sec, 1162815 itr]: No feasible solution found (infeas = 12)
[1315 sec, 1164451 itr]: No feasible solution found (infeas = 12)
[1316 sec, 1165255 itr]: No feasible solution found (infeas = 12)
[1317 sec, 1165964 itr]: No feasible solution found (infeas = 12)
[1318 sec, 1166692 itr]: No feasible solution found (infeas = 12)
[1319 sec, 1167425 itr]: No feasible solution found (infeas = 12)
[1320 sec, 1168195 itr]: No feasible solution found (infeas = 12)
[1321 sec, 1169015 itr]: No feasible solution found (infeas = 12)
[1322 sec, 1169015 itr]: No feasible solution found (infeas = 12)
[1323 sec, 1169738 itr]: No feasible solution found (infeas = 12)
[1324 sec, 1170554 itr]: No feasible solution found (infeas = 12)
[1325 sec, 1172107 itr]: No feasible solution found (infeas = 12)
[1326 sec, 1172957 itr]: No feasible solution found (infeas = 12)
[1327 sec, 1172957 itr]: No feasible solution found (infeas = 12)
[1328 sec, 1173853 itr]: No feasible solution found (infeas = 12)
[1329 sec, 1174690 itr]: No feasible solution found (infeas = 12)
[1330 sec, 1176282 itr]: No feasible solution found (infeas = 12)
[1331 sec, 1176282 itr]: No feasible solution found (infeas = 12)
[1332 sec, 1177967 itr]: No feasible solution found (infeas = 12)
[1333 sec, 1178812 itr]: No feasible solution found (infeas = 12)
[1334 sec, 1178812 itr]: No feasible solution found (infeas = 12)
[1335 sec, 1179586 itr]: No feasible solution found (infeas = 12)
[1336 sec, 1180467 itr]: No feasible solution found (infeas = 12)
[1337 sec, 1182222 itr]: No feasible solution found (infeas = 12)
[1338 sec, 1182222 itr]: No feasible solution found (infeas = 12)
[1339 sec, 1183900 itr]: No feasible solution found (infeas = 12)
[1340 sec, 1184668 itr]: No feasible solution found (infeas = 12)
[1341 sec, 1184668 itr]: No feasible solution found (infeas = 12)
[1342 sec, 1185545 itr]: No feasible solution found (infeas = 12)
[1343 sec, 1186361 itr]: No feasible solution found (infeas = 12)
[1344 sec, 1187194 itr]: No feasible solution found (infeas = 12)
[1345 sec, 1188788 itr]: No feasible solution found (infeas = 12)
[1346 sec, 1188788 itr]: No feasible solution found (infeas = 12)
[1347 sec, 1189586 itr]: No feasible solution found (infeas = 12)
[1348 sec, 1190465 itr]: No feasible solution found (infeas = 12)
[1349 sec, 1192099 itr]: No feasible solution found (infeas = 12)
[1350 sec, 1192099 itr]: No feasible solution found (infeas = 12)
[1351 sec, 1193705 itr]: No feasible solution found (infeas = 12)
[1352 sec, 1194555 itr]: No feasible solution found (infeas = 12)
[1353 sec, 1194555 itr]: No feasible solution found (infeas = 12)
[1354 sec, 1196221 itr]: No feasible solution found (infeas = 12)
[1355 sec, 1196221 itr]: No feasible solution found (infeas = 12)
[1356 sec, 1197124 itr]: No feasible solution found (infeas = 12)
[1357 sec, 1197957 itr]: No feasible solution found (infeas = 12)
[1358 sec, 1198819 itr]: No feasible solution found (infeas = 12)
[1359 sec, 1200630 itr]: No feasible solution found (infeas = 12)
[1360 sec, 1200630 itr]: No feasible solution found (infeas = 12)
[1361 sec, 1201481 itr]: No feasible solution found (infeas = 12)
[1362 sec, 1202358 itr]: No feasible solution found (infeas = 12)
[1363 sec, 1203980 itr]: No feasible solution found (infeas = 12)
[1364 sec, 1204764 itr]: No feasible solution found (infeas = 12)
[1365 sec, 1204764 itr]: No feasible solution found (infeas = 12)
[1366 sec, 1205473 itr]: No feasible solution found (infeas = 12)
[1367 sec, 1206283 itr]: No feasible solution found (infeas = 12)
[1368 sec, 1207876 itr]: No feasible solution found (infeas = 12)
[1369 sec, 1208697 itr]: No feasible solution found (infeas = 12)
[1370 sec, 1209505 itr]: No feasible solution found (infeas = 12)
[1371 sec, 1210331 itr]: No feasible solution found (infeas = 12)
[1372 sec, 1211127 itr]: No feasible solution found (infeas = 12)
[1373 sec, 1211127 itr]: No feasible solution found (infeas = 12)
[1374 sec, 1211840 itr]: No feasible solution found (infeas = 12)
[1375 sec, 1212626 itr]: No feasible solution found (infeas = 12)
[1376 sec, 1214196 itr]: No feasible solution found (infeas = 12)
[1377 sec, 1214955 itr]: No feasible solution found (infeas = 12)
[1378 sec, 1215743 itr]: No feasible solution found (infeas = 12)
[1379 sec, 1216457 itr]: No feasible solution found (infeas = 12)
[1380 sec, 1216457 itr]: No feasible solution found (infeas = 12)
[1381 sec, 1218071 itr]: No feasible solution found (infeas = 12)
[1382 sec, 1218071 itr]: No feasible solution found (infeas = 12)
[1383 sec, 1218890 itr]: No feasible solution found (infeas = 12)
[1384 sec, 1220614 itr]: No feasible solution found (infeas = 12)
[1385 sec, 1221492 itr]: No feasible solution found (infeas = 12)
[1386 sec, 1221492 itr]: No feasible solution found (infeas = 12)
[1387 sec, 1222248 itr]: No feasible solution found (infeas = 12)
[1388 sec, 1223106 itr]: No feasible solution found (infeas = 12)
[1389 sec, 1223984 itr]: No feasible solution found (infeas = 12)
[1390 sec, 1225645 itr]: No feasible solution found (infeas = 12)
[1391 sec, 1225645 itr]: No feasible solution found (infeas = 12)
[1392 sec, 1227190 itr]: No feasible solution found (infeas = 12)
[1393 sec, 1227982 itr]: No feasible solution found (infeas = 12)
[1394 sec, 1228752 itr]: No feasible solution found (infeas = 12)
[1395 sec, 1228752 itr]: No feasible solution found (infeas = 12)
[1396 sec, 1230487 itr]: No feasible solution found (infeas = 12)
[1397 sec, 1231274 itr]: No feasible solution found (infeas = 12)
[1398 sec, 1231274 itr]: No feasible solution found (infeas = 12)
[1399 sec, 1232040 itr]: No feasible solution found (infeas = 12)
[1400 sec, 1233674 itr]: No feasible solution found (infeas = 12)
[1401 sec, 1233674 itr]: No feasible solution found (infeas = 12)
[1402 sec, 1235233 itr]: No feasible solution found (infeas = 12)
[1403 sec, 1236084 itr]: No feasible solution found (infeas = 12)
[1404 sec, 1236925 itr]: No feasible solution found (infeas = 12)
[1405 sec, 1236925 itr]: No feasible solution found (infeas = 12)
[1406 sec, 1238458 itr]: No feasible solution found (infeas = 12)
[1407 sec, 1239253 itr]: No feasible solution found (infeas = 12)
[1408 sec, 1240015 itr]: No feasible solution found (infeas = 12)
[1409 sec, 1240802 itr]: No feasible solution found (infeas = 12)
[1410 sec, 1241619 itr]: No feasible solution found (infeas = 12)
[1411 sec, 1242464 itr]: No feasible solution found (infeas = 12)
[1412 sec, 1243168 itr]: No feasible solution found (infeas = 12)
[1413 sec, 1243942 itr]: No feasible solution found (infeas = 12)
[1414 sec, 1244700 itr]: No feasible solution found (infeas = 12)
[1415 sec, 1245491 itr]: No feasible solution found (infeas = 12)
[1416 sec, 1246207 itr]: No feasible solution found (infeas = 12)
[1417 sec, 1247085 itr]: No feasible solution found (infeas = 12)
[1418 sec, 1247085 itr]: No feasible solution found (infeas = 12)
[1419 sec, 1247853 itr]: No feasible solution found (infeas = 12)
[1420 sec, 1248711 itr]: No feasible solution found (infeas = 12)
[1421 sec, 1249597 itr]: No feasible solution found (infeas = 12)
[1422 sec, 1251342 itr]: No feasible solution found (infeas = 12)
[1423 sec, 1251342 itr]: No feasible solution found (infeas = 12)
[1424 sec, 1252207 itr]: No feasible solution found (infeas = 12)
[1425 sec, 1252983 itr]: No feasible solution found (infeas = 12)
[1426 sec, 1253871 itr]: No feasible solution found (infeas = 12)
[1427 sec, 1254717 itr]: No feasible solution found (infeas = 12)
[1428 sec, 1256194 itr]: No feasible solution found (infeas = 12)
[1429 sec, 1257039 itr]: No feasible solution found (infeas = 12)
[1430 sec, 1257039 itr]: No feasible solution found (infeas = 12)
[1431 sec, 1257868 itr]: No feasible solution found (infeas = 12)
[1432 sec, 1258735 itr]: No feasible solution found (infeas = 12)
[1433 sec, 1259587 itr]: No feasible solution found (infeas = 12)
[1434 sec, 1261342 itr]: No feasible solution found (infeas = 12)
[1435 sec, 1262245 itr]: No feasible solution found (infeas = 12)
[1436 sec, 1262245 itr]: No feasible solution found (infeas = 12)
[1437 sec, 1263141 itr]: No feasible solution found (infeas = 12)
[1438 sec, 1264883 itr]: No feasible solution found (infeas = 12)
[1439 sec, 1264883 itr]: No feasible solution found (infeas = 12)
[1440 sec, 1265600 itr]: No feasible solution found (infeas = 12)
[1441 sec, 1266448 itr]: No feasible solution found (infeas = 12)
[1442 sec, 1267273 itr]: No feasible solution found (infeas = 12)
[1443 sec, 1268981 itr]: No feasible solution found (infeas = 12)
[1444 sec, 1268981 itr]: No feasible solution found (infeas = 12)
[1445 sec, 1269836 itr]: No feasible solution found (infeas = 12)
[1446 sec, 1270622 itr]: No feasible solution found (infeas = 12)
[1447 sec, 1271493 itr]: No feasible solution found (infeas = 12)
[1448 sec, 1272206 itr]: No feasible solution found (infeas = 12)
[1449 sec, 1273084 itr]: No feasible solution found (infeas = 12)
[1450 sec, 1273888 itr]: No feasible solution found (infeas = 12)
[1451 sec, 1274639 itr]: No feasible solution found (infeas = 12)
[1452 sec, 1276250 itr]: No feasible solution found (infeas = 12)
[1453 sec, 1277108 itr]: No feasible solution found (infeas = 12)
[1454 sec, 1277108 itr]: No feasible solution found (infeas = 12)
[1455 sec, 1277880 itr]: No feasible solution found (infeas = 12)
[1456 sec, 1279458 itr]: No feasible solution found (infeas = 12)
[1457 sec, 1280234 itr]: No feasible solution found (infeas = 12)
[1458 sec, 1281028 itr]: No feasible solution found (infeas = 12)
[1459 sec, 1281765 itr]: No feasible solution found (infeas = 12)
[1460 sec, 1281765 itr]: No feasible solution found (infeas = 12)
[1461 sec, 1283402 itr]: No feasible solution found (infeas = 12)
[1462 sec, 1283402 itr]: No feasible solution found (infeas = 12)
[1463 sec, 1285056 itr]: No feasible solution found (infeas = 12)
[1464 sec, 1285056 itr]: No feasible solution found (infeas = 12)
[1465 sec, 1285991 itr]: No feasible solution found (infeas = 12)
[1466 sec, 1286780 itr]: No feasible solution found (infeas = 12)
[1467 sec, 1287611 itr]: No feasible solution found (infeas = 12)
[1468 sec, 1289196 itr]: No feasible solution found (infeas = 12)
[1469 sec, 1289196 itr]: No feasible solution found (infeas = 12)
[1470 sec, 1289983 itr]: No feasible solution found (infeas = 12)
[1471 sec, 1290874 itr]: No feasible solution found (infeas = 12)
[1472 sec, 1291635 itr]: No feasible solution found (infeas = 12)
[1473 sec, 1293328 itr]: No feasible solution found (infeas = 12)
[1474 sec, 1294195 itr]: No feasible solution found (infeas = 12)
[1475 sec, 1295046 itr]: No feasible solution found (infeas = 12)
[1476 sec, 1295825 itr]: No feasible solution found (infeas = 12)
[1477 sec, 1295825 itr]: No feasible solution found (infeas = 12)
[1478 sec, 1296573 itr]: No feasible solution found (infeas = 12)
[1479 sec, 1297337 itr]: No feasible solution found (infeas = 12)
[1480 sec, 1298885 itr]: No feasible solution found (infeas = 12)
[1481 sec, 1299695 itr]: No feasible solution found (infeas = 12)
[1482 sec, 1300502 itr]: No feasible solution found (infeas = 12)
[1483 sec, 1301230 itr]: No feasible solution found (infeas = 12)
[1484 sec, 1301230 itr]: No feasible solution found (infeas = 12)
[1485 sec, 1302819 itr]: No feasible solution found (infeas = 12)
[1486 sec, 1302819 itr]: No feasible solution found (infeas = 12)
[1487 sec, 1303675 itr]: No feasible solution found (infeas = 12)
[1488 sec, 1304488 itr]: No feasible solution found (infeas = 12)
[1489 sec, 1305301 itr]: No feasible solution found (infeas = 12)
[1490 sec, 1306064 itr]: No feasible solution found (infeas = 12)
[1491 sec, 1306825 itr]: No feasible solution found (infeas = 12)
[1492 sec, 1307654 itr]: No feasible solution found (infeas = 12)
[1493 sec, 1309241 itr]: No feasible solution found (infeas = 12)
[1494 sec, 1310055 itr]: No feasible solution found (infeas = 12)
[1495 sec, 1310055 itr]: No feasible solution found (infeas = 12)
[1496 sec, 1311540 itr]: No feasible solution found (infeas = 12)
[1497 sec, 1311540 itr]: No feasible solution found (infeas = 12)
[1498 sec, 1312305 itr]: No feasible solution found (infeas = 12)
[1499 sec, 1313843 itr]: No feasible solution found (infeas = 12)
[1500 sec, 1314673 itr]: No feasible solution found (infeas = 12)
[1501 sec, 1314673 itr]: No feasible solution found (infeas = 12)
[1502 sec, 1315516 itr]: No feasible solution found (infeas = 12)
[1503 sec, 1316361 itr]: No feasible solution found (infeas = 12)
[1504 sec, 1317271 itr]: No feasible solution found (infeas = 12)
[1505 sec, 1318118 itr]: No feasible solution found (infeas = 12)
[1506 sec, 1318943 itr]: No feasible solution found (infeas = 12)
[1507 sec, 1319745 itr]: No feasible solution found (infeas = 12)
[1508 sec, 1320516 itr]: No feasible solution found (infeas = 12)
[1509 sec, 1321275 itr]: No feasible solution found (infeas = 12)
[1510 sec, 1322875 itr]: No feasible solution found (infeas = 12)
[1511 sec, 1322875 itr]: No feasible solution found (infeas = 12)
[1512 sec, 1324475 itr]: No feasible solution found (infeas = 12)
[1513 sec, 1324475 itr]: No feasible solution found (infeas = 12)
[1514 sec, 1325278 itr]: No feasible solution found (infeas = 12)
[1515 sec, 1326070 itr]: No feasible solution found (infeas = 12)
[1516 sec, 1327603 itr]: No feasible solution found (infeas = 12)
[1517 sec, 1328457 itr]: No feasible solution found (infeas = 12)
[1518 sec, 1328457 itr]: No feasible solution found (infeas = 12)
[1519 sec, 1330062 itr]: No feasible solution found (infeas = 12)
[1520 sec, 1330828 itr]: No feasible solution found (infeas = 12)
[1521 sec, 1331577 itr]: No feasible solution found (infeas = 12)
[1522 sec, 1332258 itr]: No feasible solution found (infeas = 12)
[1523 sec, 1332258 itr]: No feasible solution found (infeas = 12)
[1524 sec, 1333822 itr]: No feasible solution found (infeas = 12)
[1525 sec, 1334649 itr]: No feasible solution found (infeas = 12)
[1526 sec, 1334649 itr]: No feasible solution found (infeas = 12)
[1527 sec, 1335436 itr]: No feasible solution found (infeas = 12)
[1528 sec, 1337090 itr]: No feasible solution found (infeas = 12)
[1529 sec, 1337090 itr]: No feasible solution found (infeas = 12)
[1530 sec, 1337932 itr]: No feasible solution found (infeas = 12)
[1531 sec, 1338749 itr]: No feasible solution found (infeas = 12)
[1532 sec, 1339601 itr]: No feasible solution found (infeas = 12)
[1533 sec, 1341403 itr]: No feasible solution found (infeas = 12)
[1534 sec, 1341403 itr]: No feasible solution found (infeas = 12)
[1535 sec, 1343091 itr]: No feasible solution found (infeas = 12)
[1536 sec, 1343091 itr]: No feasible solution found (infeas = 12)
[1537 sec, 1343921 itr]: No feasible solution found (infeas = 12)
[1538 sec, 1344699 itr]: No feasible solution found (infeas = 12)
[1539 sec, 1345520 itr]: No feasible solution found (infeas = 12)
[1540 sec, 1346391 itr]: No feasible solution found (infeas = 12)
[1541 sec, 1348012 itr]: No feasible solution found (infeas = 12)
[1542 sec, 1348758 itr]: No feasible solution found (infeas = 12)
[1543 sec, 1349559 itr]: No feasible solution found (infeas = 12)
[1544 sec, 1350308 itr]: No feasible solution found (infeas = 12)
[1545 sec, 1351115 itr]: No feasible solution found (infeas = 12)
[1546 sec, 1351115 itr]: No feasible solution found (infeas = 12)
[1547 sec, 1352650 itr]: No feasible solution found (infeas = 12)
[1548 sec, 1353383 itr]: No feasible solution found (infeas = 12)
[1549 sec, 1353383 itr]: No feasible solution found (infeas = 12)
[1550 sec, 1354272 itr]: No feasible solution found (infeas = 12)
[1551 sec, 1355116 itr]: No feasible solution found (infeas = 12)
[1552 sec, 1355978 itr]: No feasible solution found (infeas = 12)
[1553 sec, 1357607 itr]: No feasible solution found (infeas = 12)
[1554 sec, 1357607 itr]: No feasible solution found (infeas = 12)
[1555 sec, 1358404 itr]: No feasible solution found (infeas = 12)
[1556 sec, 1359302 itr]: No feasible solution found (infeas = 12)
[1557 sec, 1360945 itr]: No feasible solution found (infeas = 12)
[1558 sec, 1361768 itr]: No feasible solution found (infeas = 12)
[1559 sec, 1361768 itr]: No feasible solution found (infeas = 12)
[1560 sec, 1362663 itr]: No feasible solution found (infeas = 12)
[1561 sec, 1364388 itr]: No feasible solution found (infeas = 12)
[1562 sec, 1365251 itr]: No feasible solution found (infeas = 12)
[1563 sec, 1366054 itr]: No feasible solution found (infeas = 12)
[1564 sec, 1366054 itr]: No feasible solution found (infeas = 12)
[1565 sec, 1366808 itr]: No feasible solution found (infeas = 12)
[1566 sec, 1368397 itr]: No feasible solution found (infeas = 12)
[1567 sec, 1369210 itr]: No feasible solution found (infeas = 12)
[1568 sec, 1370011 itr]: No feasible solution found (infeas = 12)
[1569 sec, 1370011 itr]: No feasible solution found (infeas = 12)
[1570 sec, 1370780 itr]: No feasible solution found (infeas = 12)
[1571 sec, 1371622 itr]: No feasible solution found (infeas = 12)
[1572 sec, 1373181 itr]: No feasible solution found (infeas = 12)
[1573 sec, 1373981 itr]: No feasible solution found (infeas = 12)
[1574 sec, 1374664 itr]: No feasible solution found (infeas = 12)
[1575 sec, 1374664 itr]: No feasible solution found (infeas = 12)
[1576 sec, 1376084 itr]: No feasible solution found (infeas = 12)
[1577 sec, 1376867 itr]: No feasible solution found (infeas = 12)
[1578 sec, 1376867 itr]: No feasible solution found (infeas = 12)
[1579 sec, 1378341 itr]: No feasible solution found (infeas = 12)
[1580 sec, 1378341 itr]: No feasible solution found (infeas = 12)
[1581 sec, 1379731 itr]: No feasible solution found (infeas = 12)
[1582 sec, 1380395 itr]: No feasible solution found (infeas = 12)
[1583 sec, 1381077 itr]: No feasible solution found (infeas = 12)
[1584 sec, 1381745 itr]: No feasible solution found (infeas = 12)
[1585 sec, 1381745 itr]: No feasible solution found (infeas = 12)
[1586 sec, 1383041 itr]: No feasible solution found (infeas = 12)
[1587 sec, 1383743 itr]: No feasible solution found (infeas = 12)
[1588 sec, 1384403 itr]: No feasible solution found (infeas = 12)
[1589 sec, 1384403 itr]: No feasible solution found (infeas = 12)
[1590 sec, 1385696 itr]: No feasible solution found (infeas = 12)
[1591 sec, 1385696 itr]: No feasible solution found (infeas = 12)
[1592 sec, 1386946 itr]: No feasible solution found (infeas = 12)
[1593 sec, 1387528 itr]: No feasible solution found (infeas = 12)
[1594 sec, 1388173 itr]: No feasible solution found (infeas = 12)
[1595 sec, 1388761 itr]: No feasible solution found (infeas = 12)
[1596 sec, 1388761 itr]: No feasible solution found (infeas = 12)
[1597 sec, 1390010 itr]: No feasible solution found (infeas = 12)
[1598 sec, 1390010 itr]: No feasible solution found (infeas = 12)
[1599 sec, 1391271 itr]: No feasible solution found (infeas = 12)
[1600 sec, 1391866 itr]: No feasible solution found (infeas = 12)
[1601 sec, 1391866 itr]: No feasible solution found (infeas = 12)
[1602 sec, 1392451 itr]: No feasible solution found (infeas = 12)
[1603 sec, 1393663 itr]: No feasible solution found (infeas = 12)
[1604 sec, 1393663 itr]: No feasible solution found (infeas = 12)
[1605 sec, 1394924 itr]: No feasible solution found (infeas = 12)
[1606 sec, 1394924 itr]: No feasible solution found (infeas = 12)
[1607 sec, 1395504 itr]: No feasible solution found (infeas = 12)
[1608 sec, 1396050 itr]: No feasible solution found (infeas = 12)
[1609 sec, 1396681 itr]: No feasible solution found (infeas = 12)
[1610 sec, 1397262 itr]: No feasible solution found (infeas = 12)
[1611 sec, 1398444 itr]: No feasible solution found (infeas = 12)
[1612 sec, 1399015 itr]: No feasible solution found (infeas = 12)
[1613 sec, 1399552 itr]: No feasible solution found (infeas = 12)
[1614 sec, 1399552 itr]: No feasible solution found (infeas = 12)
[1615 sec, 1400738 itr]: No feasible solution found (infeas = 12)
[1616 sec, 1401294 itr]: No feasible solution found (infeas = 12)
[1617 sec, 1401294 itr]: No feasible solution found (infeas = 12)
[1618 sec, 1401858 itr]: No feasible solution found (infeas = 12)
[1619 sec, 1402958 itr]: No feasible solution found (infeas = 12)
[1620 sec, 1403491 itr]: No feasible solution found (infeas = 12)
[1621 sec, 1403971 itr]: No feasible solution found (infeas = 12)
[1622 sec, 1404512 itr]: No feasible solution found (infeas = 12)
[1623 sec, 1405000 itr]: No feasible solution found (infeas = 12)
[1624 sec, 1405474 itr]: No feasible solution found (infeas = 12)
[1625 sec, 1405474 itr]: No feasible solution found (infeas = 12)
[1626 sec, 1406561 itr]: No feasible solution found (infeas = 12)
[1627 sec, 1407103 itr]: No feasible solution found (infeas = 12)
[1628 sec, 1407657 itr]: No feasible solution found (infeas = 12)
[1629 sec, 1407657 itr]: No feasible solution found (infeas = 12)
[1630 sec, 1408813 itr]: No feasible solution found (infeas = 12)
[1631 sec, 1409335 itr]: No feasible solution found (infeas = 12)
[1632 sec, 1409335 itr]: No feasible solution found (infeas = 12)
[1633 sec, 1409868 itr]: No feasible solution found (infeas = 12)
[1634 sec, 1410898 itr]: No feasible solution found (infeas = 12)
[1635 sec, 1411440 itr]: No feasible solution found (infeas = 12)
[1636 sec, 1411440 itr]: No feasible solution found (infeas = 12)
[1637 sec, 1412020 itr]: No feasible solution found (infeas = 12)
[1638 sec, 1413095 itr]: No feasible solution found (infeas = 12)
[1639 sec, 1413095 itr]: No feasible solution found (infeas = 12)
[1640 sec, 1414123 itr]: No feasible solution found (infeas = 12)
[1641 sec, 1414681 itr]: No feasible solution found (infeas = 12)
[1642 sec, 1414681 itr]: No feasible solution found (infeas = 12)
[1643 sec, 1415228 itr]: No feasible solution found (infeas = 12)
[1644 sec, 1415682 itr]: No feasible solution found (infeas = 12)
[1645 sec, 1416764 itr]: No feasible solution found (infeas = 12)
[1646 sec, 1416764 itr]: No feasible solution found (infeas = 12)
[1647 sec, 1417801 itr]: No feasible solution found (infeas = 12)
[1648 sec, 1418304 itr]: No feasible solution found (infeas = 12)
[1649 sec, 1418826 itr]: No feasible solution found (infeas = 12)
[1650 sec, 1419317 itr]: No feasible solution found (infeas = 12)
[1651 sec, 1419783 itr]: No feasible solution found (infeas = 12)
[1652 sec, 1420228 itr]: No feasible solution found (infeas = 12)
[1653 sec, 1420676 itr]: No feasible solution found (infeas = 12)
[1654 sec, 1420676 itr]: No feasible solution found (infeas = 12)
[1655 sec, 1421727 itr]: No feasible solution found (infeas = 12)
[1656 sec, 1421727 itr]: No feasible solution found (infeas = 12)
[1657 sec, 1422722 itr]: No feasible solution found (infeas = 12)
[1658 sec, 1423202 itr]: No feasible solution found (infeas = 12)
[1659 sec, 1423202 itr]: No feasible solution found (infeas = 12)
[1660 sec, 1424203 itr]: No feasible solution found (infeas = 12)
[1661 sec, 1424702 itr]: No feasible solution found (infeas = 12)
[1662 sec, 1425190 itr]: No feasible solution found (infeas = 12)
[1663 sec, 1425190 itr]: No feasible solution found (infeas = 12)
[1664 sec, 1425723 itr]: No feasible solution found (infeas = 12)
[1665 sec, 1426718 itr]: No feasible solution found (infeas = 12)
[1666 sec, 1427175 itr]: No feasible solution found (infeas = 12)
[1667 sec, 1427652 itr]: No feasible solution found (infeas = 12)
[1668 sec, 1427652 itr]: No feasible solution found (infeas = 12)
[1669 sec, 1428639 itr]: No feasible solution found (infeas = 12)
[1670 sec, 1429121 itr]: No feasible solution found (infeas = 12)
[1671 sec, 1429121 itr]: No feasible solution found (infeas = 12)
[1672 sec, 1429577 itr]: No feasible solution found (infeas = 12)
[1673 sec, 1430558 itr]: No feasible solution found (infeas = 12)
[1674 sec, 1430558 itr]: No feasible solution found (infeas = 12)
[1675 sec, 1431096 itr]: No feasible solution found (infeas = 12)
[1676 sec, 1431557 itr]: No feasible solution found (infeas = 12)
[1677 sec, 1432071 itr]: No feasible solution found (infeas = 12)
[1678 sec, 1432551 itr]: No feasible solution found (infeas = 12)
[1679 sec, 1433517 itr]: No feasible solution found (infeas = 12)
[1680 sec, 1433517 itr]: No feasible solution found (infeas = 12)
[1681 sec, 1434042 itr]: No feasible solution found (infeas = 12)
[1682 sec, 1434585 itr]: No feasible solution found (infeas = 12)
[1683 sec, 1435078 itr]: No feasible solution found (infeas = 12)
[1684 sec, 1436135 itr]: No feasible solution found (infeas = 12)
[1685 sec, 1436135 itr]: No feasible solution found (infeas = 12)
[1686 sec, 1437158 itr]: No feasible solution found (infeas = 12)
[1687 sec, 1437158 itr]: No feasible solution found (infeas = 12)
[1688 sec, 1437613 itr]: No feasible solution found (infeas = 12)
[1689 sec, 1438091 itr]: No feasible solution found (infeas = 12)
[1690 sec, 1438550 itr]: No feasible solution found (infeas = 12)
[1691 sec, 1439511 itr]: No feasible solution found (infeas = 12)
[1692 sec, 1439511 itr]: No feasible solution found (infeas = 12)
[1693 sec, 1439997 itr]: No feasible solution found (infeas = 12)
[1694 sec, 1440473 itr]: No feasible solution found (infeas = 12)
[1695 sec, 1440974 itr]: No feasible solution found (infeas = 12)
[1696 sec, 1441452 itr]: No feasible solution found (infeas = 12)
[1697 sec, 1441935 itr]: No feasible solution found (infeas = 12)
[1698 sec, 1442924 itr]: No feasible solution found (infeas = 12)
[1699 sec, 1442924 itr]: No feasible solution found (infeas = 12)
[1700 sec, 1443877 itr]: No feasible solution found (infeas = 12)
[1701 sec, 1443877 itr]: No feasible solution found (infeas = 12)
[1702 sec, 1444786 itr]: No feasible solution found (infeas = 12)
[1703 sec, 1444786 itr]: No feasible solution found (infeas = 12)
[1704 sec, 1445235 itr]: No feasible solution found (infeas = 12)
[1705 sec, 1445661 itr]: No feasible solution found (infeas = 12)
[1706 sec, 1446102 itr]: No feasible solution found (infeas = 12)
[1707 sec, 1446554 itr]: No feasible solution found (infeas = 12)
[1708 sec, 1447040 itr]: No feasible solution found (infeas = 12)
[1709 sec, 1448008 itr]: No feasible solution found (infeas = 12)
[1710 sec, 1448008 itr]: No feasible solution found (infeas = 12)
[1711 sec, 1448894 itr]: No feasible solution found (infeas = 12)
[1712 sec, 1448894 itr]: No feasible solution found (infeas = 12)
[1713 sec, 1449372 itr]: No feasible solution found (infeas = 12)
[1714 sec, 1449854 itr]: No feasible solution found (infeas = 12)
[1715 sec, 1450315 itr]: No feasible solution found (infeas = 12)
[1716 sec, 1451275 itr]: No feasible solution found (infeas = 12)
[1717 sec, 1451708 itr]: No feasible solution found (infeas = 12)
[1718 sec, 1452141 itr]: No feasible solution found (infeas = 12)
[1719 sec, 1452582 itr]: No feasible solution found (infeas = 12)
[1720 sec, 1453043 itr]: No feasible solution found (infeas = 12)
[1721 sec, 1453043 itr]: No feasible solution found (infeas = 12)
[1722 sec, 1453503 itr]: No feasible solution found (infeas = 12)
[1723 sec, 1453971 itr]: No feasible solution found (infeas = 12)
[1724 sec, 1454392 itr]: No feasible solution found (infeas = 12)
[1725 sec, 1454851 itr]: No feasible solution found (infeas = 12)
[1726 sec, 1455298 itr]: No feasible solution found (infeas = 12)
[1727 sec, 1455742 itr]: No feasible solution found (infeas = 12)
[1728 sec, 1456575 itr]: No feasible solution found (infeas = 12)
[1729 sec, 1457045 itr]: No feasible solution found (infeas = 12)
[1730 sec, 1457531 itr]: No feasible solution found (infeas = 12)
[1731 sec, 1457984 itr]: No feasible solution found (infeas = 12)
[1732 sec, 1458446 itr]: No feasible solution found (infeas = 12)
[1733 sec, 1458446 itr]: No feasible solution found (infeas = 12)
[1734 sec, 1459363 itr]: No feasible solution found (infeas = 12)
[1735 sec, 1459363 itr]: No feasible solution found (infeas = 12)
[1736 sec, 1459836 itr]: No feasible solution found (infeas = 12)
[1737 sec, 1460824 itr]: No feasible solution found (infeas = 12)
[1738 sec, 1461282 itr]: No feasible solution found (infeas = 12)
[1739 sec, 1461747 itr]: No feasible solution found (infeas = 12)
[1740 sec, 1461747 itr]: No feasible solution found (infeas = 12)
[1741 sec, 1462208 itr]: No feasible solution found (infeas = 12)
[1742 sec, 1462679 itr]: No feasible solution found (infeas = 12)
[1743 sec, 1463154 itr]: No feasible solution found (infeas = 12)
[1744 sec, 1463612 itr]: No feasible solution found (infeas = 12)
[1745 sec, 1464077 itr]: No feasible solution found (infeas = 12)
[1746 sec, 1464549 itr]: No feasible solution found (infeas = 12)
[1747 sec, 1465041 itr]: No feasible solution found (infeas = 12)
[1748 sec, 1465524 itr]: No feasible solution found (infeas = 12)
[1749 sec, 1465991 itr]: No feasible solution found (infeas = 12)
[1750 sec, 1466452 itr]: No feasible solution found (infeas = 12)
[1751 sec, 1467360 itr]: No feasible solution found (infeas = 12)
[1752 sec, 1467360 itr]: No feasible solution found (infeas = 12)
[1753 sec, 1468251 itr]: No feasible solution found (infeas = 12)
[1754 sec, 1468251 itr]: No feasible solution found (infeas = 12)
[1755 sec, 1468717 itr]: No feasible solution found (infeas = 12)
[1756 sec, 1469637 itr]: No feasible solution found (infeas = 12)
[1757 sec, 1469637 itr]: No feasible solution found (infeas = 12)
[1758 sec, 1470126 itr]: No feasible solution found (infeas = 12)
[1759 sec, 1470585 itr]: No feasible solution found (infeas = 12)
[1760 sec, 1471483 itr]: No feasible solution found (infeas = 12)
[1761 sec, 1471861 itr]: No feasible solution found (infeas = 12)
[1762 sec, 1472308 itr]: No feasible solution found (infeas = 12)
[1763 sec, 1472769 itr]: No feasible solution found (infeas = 12)
[1764 sec, 1473235 itr]: No feasible solution found (infeas = 12)
[1765 sec, 1473675 itr]: No feasible solution found (infeas = 12)
[1766 sec, 1473675 itr]: No feasible solution found (infeas = 12)
[1767 sec, 1474148 itr]: No feasible solution found (infeas = 12)
[1768 sec, 1474609 itr]: No feasible solution found (infeas = 12)
[1769 sec, 1475533 itr]: No feasible solution found (infeas = 12)
[1770 sec, 1475990 itr]: No feasible solution found (infeas = 12)
[1771 sec, 1475990 itr]: No feasible solution found (infeas = 12)
[1772 sec, 1476425 itr]: No feasible solution found (infeas = 12)
[1773 sec, 1477322 itr]: No feasible solution found (infeas = 12)
[1774 sec, 1477322 itr]: No feasible solution found (infeas = 12)
[1775 sec, 1478215 itr]: No feasible solution found (infeas = 12)
[1776 sec, 1478646 itr]: No feasible solution found (infeas = 12)
[1777 sec, 1479061 itr]: No feasible solution found (infeas = 12)
[1778 sec, 1479061 itr]: No feasible solution found (infeas = 12)
[1779 sec, 1479499 itr]: No feasible solution found (infeas = 12)
[1780 sec, 1480004 itr]: No feasible solution found (infeas = 12)
[1781 sec, 1480981 itr]: No feasible solution found (infeas = 12)
[1782 sec, 1481462 itr]: No feasible solution found (infeas = 12)
[1783 sec, 1481887 itr]: No feasible solution found (infeas = 12)
[1784 sec, 1481887 itr]: No feasible solution found (infeas = 12)
[1785 sec, 1482369 itr]: No feasible solution found (infeas = 12)
[1786 sec, 1483313 itr]: No feasible solution found (infeas = 12)
[1787 sec, 1483745 itr]: No feasible solution found (infeas = 12)
[1788 sec, 1484184 itr]: No feasible solution found (infeas = 12)
[1789 sec, 1484184 itr]: No feasible solution found (infeas = 12)
[1790 sec, 1484648 itr]: No feasible solution found (infeas = 12)
[1791 sec, 1485141 itr]: No feasible solution found (infeas = 12)
[1792 sec, 1485586 itr]: No feasible solution found (infeas = 12)
[1793 sec, 1486091 itr]: No feasible solution found (infeas = 12)
[1794 sec, 1486594 itr]: No feasible solution found (infeas = 12)
[1795 sec, 1487094 itr]: No feasible solution found (infeas = 12)
[1796 sec, 1487589 itr]: No feasible solution found (infeas = 12)
[1797 sec, 1488050 itr]: No feasible solution found (infeas = 12)
[1798 sec, 1488546 itr]: No feasible solution found (infeas = 12)
[1799 sec, 1489052 itr]: No feasible solution found (infeas = 12)
[1800 sec, 1490030 itr]: No feasible solution found (infeas = 12)
[1801 sec, 1490030 itr]: No feasible solution found (infeas = 12)
[1802 sec, 1490477 itr]: No feasible solution found (infeas = 12)
[1803 sec, 1490951 itr]: No feasible solution found (infeas = 12)
[1804 sec, 1491392 itr]: No feasible solution found (infeas = 12)
[1805 sec, 1491907 itr]: No feasible solution found (infeas = 12)
[1806 sec, 1492414 itr]: No feasible solution found (infeas = 12)
[1807 sec, 1492907 itr]: No feasible solution found (infeas = 12)
[1808 sec, 1493841 itr]: No feasible solution found (infeas = 12)
[1809 sec, 1494306 itr]: No feasible solution found (infeas = 12)
[1810 sec, 1494306 itr]: No feasible solution found (infeas = 12)
[1811 sec, 1494753 itr]: No feasible solution found (infeas = 12)
[1812 sec, 1495697 itr]: No feasible solution found (infeas = 12)
[1813 sec, 1496188 itr]: No feasible solution found (infeas = 12)
[1814 sec, 1496685 itr]: No feasible solution found (infeas = 12)
[1815 sec, 1496685 itr]: No feasible solution found (infeas = 12)
[1816 sec, 1497652 itr]: No feasible solution found (infeas = 12)
[1817 sec, 1498122 itr]: No feasible solution found (infeas = 12)
[1818 sec, 1498603 itr]: No feasible solution found (infeas = 12)
[1819 sec, 1499031 itr]: No feasible solution found (infeas = 12)
[1820 sec, 1499527 itr]: No feasible solution found (infeas = 12)
[1821 sec, 1499946 itr]: No feasible solution found (infeas = 12)
[1822 sec, 1500414 itr]: No feasible solution found (infeas = 12)
[1823 sec, 1500932 itr]: No feasible solution found (infeas = 12)
[1824 sec, 1500932 itr]: No feasible solution found (infeas = 12)
[1825 sec, 1501844 itr]: No feasible solution found (infeas = 12)
[1826 sec, 1501844 itr]: No feasible solution found (infeas = 12)
[1827 sec, 1502301 itr]: No feasible solution found (infeas = 11)
[1828 sec, 1502770 itr]: No feasible solution found (infeas = 11)
[1829 sec, 1503273 itr]: No feasible solution found (infeas = 11)
[1830 sec, 1503741 itr]: No feasible solution found (infeas = 11)
[1831 sec, 1504755 itr]: No feasible solution found (infeas = 11)
[1832 sec, 1505245 itr]: No feasible solution found (infeas = 11)
[1833 sec, 1505706 itr]: No feasible solution found (infeas = 11)
[1834 sec, 1506181 itr]: No feasible solution found (infeas = 11)
[1835 sec, 1506642 itr]: No feasible solution found (infeas = 11)
[1836 sec, 1506642 itr]: No feasible solution found (infeas = 11)
[1837 sec, 1507571 itr]: No feasible solution found (infeas = 11)
[1838 sec, 1508052 itr]: No feasible solution found (infeas = 11)
[1839 sec, 1508533 itr]: No feasible solution found (infeas = 11)
[1840 sec, 1509004 itr]: No feasible solution found (infeas = 11)
[1841 sec, 1509490 itr]: No feasible solution found (infeas = 11)
[1842 sec, 1509490 itr]: No feasible solution found (infeas = 11)
[1843 sec, 1509966 itr]: No feasible solution found (infeas = 11)
[1844 sec, 1510474 itr]: No feasible solution found (infeas = 11)
[1845 sec, 1511008 itr]: No feasible solution found (infeas = 11)
[1846 sec, 1512019 itr]: No feasible solution found (infeas = 11)
[1847 sec, 1512501 itr]: No feasible solution found (infeas = 11)
[1848 sec, 1512977 itr]: No feasible solution found (infeas = 11)
[1849 sec, 1513469 itr]: No feasible solution found (infeas = 11)
[1850 sec, 1513469 itr]: No feasible solution found (infeas = 11)
[1851 sec, 1514430 itr]: No feasible solution found (infeas = 11)
[1852 sec, 1514951 itr]: No feasible solution found (infeas = 11)
[1853 sec, 1514951 itr]: No feasible solution found (infeas = 11)
[1854 sec, 1515450 itr]: No feasible solution found (infeas = 11)
[1855 sec, 1516018 itr]: No feasible solution found (infeas = 11)
[1856 sec, 1516526 itr]: No feasible solution found (infeas = 11)
[1857 sec, 1517564 itr]: No feasible solution found (infeas = 11)
[1858 sec, 1518035 itr]: No feasible solution found (infeas = 11)
[1859 sec, 1518547 itr]: No feasible solution found (infeas = 11)
[1860 sec, 1519037 itr]: No feasible solution found (infeas = 11)
[1861 sec, 1519504 itr]: No feasible solution found (infeas = 11)
[1862 sec, 1520027 itr]: No feasible solution found (infeas = 11)
[1863 sec, 1520027 itr]: No feasible solution found (infeas = 11)
[1864 sec, 1520540 itr]: No feasible solution found (infeas = 11)
[1865 sec, 1521094 itr]: No feasible solution found (infeas = 11)
[1866 sec, 1522152 itr]: No feasible solution found (infeas = 11)
[1867 sec, 1522606 itr]: No feasible solution found (infeas = 11)
[1868 sec, 1523092 itr]: No feasible solution found (infeas = 11)
[1869 sec, 1523092 itr]: No feasible solution found (infeas = 11)
[1870 sec, 1523602 itr]: No feasible solution found (infeas = 11)
[1871 sec, 1524091 itr]: No feasible solution found (infeas = 11)
[1872 sec, 1525094 itr]: No feasible solution found (infeas = 11)
[1873 sec, 1525624 itr]: No feasible solution found (infeas = 11)
[1874 sec, 1525624 itr]: No feasible solution found (infeas = 11)
[1875 sec, 1526615 itr]: No feasible solution found (infeas = 11)
[1876 sec, 1527162 itr]: No feasible solution found (infeas = 11)
[1877 sec, 1527162 itr]: No feasible solution found (infeas = 11)
[1878 sec, 1527676 itr]: No feasible solution found (infeas = 11)
[1879 sec, 1528149 itr]: No feasible solution found (infeas = 11)
[1880 sec, 1529053 itr]: No feasible solution found (infeas = 11)
[1881 sec, 1529053 itr]: No feasible solution found (infeas = 11)
[1882 sec, 1530019 itr]: No feasible solution found (infeas = 11)
[1883 sec, 1530476 itr]: No feasible solution found (infeas = 11)
[1884 sec, 1530936 itr]: No feasible solution found (infeas = 11)
[1885 sec, 1530936 itr]: No feasible solution found (infeas = 11)
[1886 sec, 1531391 itr]: No feasible solution found (infeas = 11)
[1887 sec, 1531855 itr]: No feasible solution found (infeas = 11)
[1888 sec, 1532397 itr]: No feasible solution found (infeas = 11)
[1889 sec, 1532839 itr]: No feasible solution found (infeas = 11)
[1890 sec, 1533320 itr]: No feasible solution found (infeas = 11)
[1891 sec, 1533792 itr]: No feasible solution found (infeas = 11)
[1892 sec, 1534301 itr]: No feasible solution found (infeas = 11)
[1893 sec, 1534736 itr]: No feasible solution found (infeas = 11)
[1894 sec, 1535163 itr]: No feasible solution found (infeas = 11)
[1895 sec, 1535596 itr]: No feasible solution found (infeas = 11)
[1896 sec, 1536046 itr]: No feasible solution found (infeas = 11)
[1897 sec, 1536535 itr]: No feasible solution found (infeas = 11)
[1898 sec, 1537508 itr]: No feasible solution found (infeas = 11)
[1899 sec, 1537508 itr]: No feasible solution found (infeas = 11)
[1900 sec, 1538464 itr]: No feasible solution found (infeas = 11)
[1901 sec, 1538464 itr]: No feasible solution found (infeas = 11)
[1902 sec, 1538899 itr]: No feasible solution found (infeas = 11)
[1903 sec, 1539311 itr]: No feasible solution found (infeas = 11)
[1904 sec, 1540165 itr]: No feasible solution found (infeas = 11)
[1905 sec, 1540165 itr]: No feasible solution found (infeas = 11)
[1906 sec, 1540625 itr]: No feasible solution found (infeas = 11)
[1907 sec, 1541142 itr]: No feasible solution found (infeas = 11)
[1908 sec, 1541961 itr]: No feasible solution found (infeas = 11)
[1909 sec, 1543654 itr]: No feasible solution found (infeas = 11)
[1910 sec, 1544477 itr]: No feasible solution found (infeas = 11)
[1911 sec, 1544477 itr]: No feasible solution found (infeas = 11)
[1912 sec, 1545339 itr]: No feasible solution found (infeas = 11)
[1913 sec, 1546980 itr]: No feasible solution found (infeas = 11)
[1914 sec, 1546980 itr]: No feasible solution found (infeas = 11)
[1915 sec, 1548622 itr]: No feasible solution found (infeas = 11)
[1916 sec, 1548622 itr]: No feasible solution found (infeas = 11)
[1917 sec, 1550173 itr]: No feasible solution found (infeas = 11)
[1918 sec, 1550173 itr]: No feasible solution found (infeas = 11)
[1919 sec, 1551039 itr]: No feasible solution found (infeas = 11)
[1920 sec, 1552748 itr]: No feasible solution found (infeas = 11)
[1921 sec, 1552748 itr]: No feasible solution found (infeas = 11)
[1922 sec, 1553632 itr]: No feasible solution found (infeas = 11)
[1923 sec, 1555272 itr]: No feasible solution found (infeas = 11)
[1924 sec, 1556109 itr]: No feasible solution found (infeas = 11)
[1925 sec, 1557003 itr]: No feasible solution found (infeas = 11)
[1926 sec, 1557891 itr]: No feasible solution found (infeas = 11)
[1927 sec, 1557891 itr]: No feasible solution found (infeas = 11)
[1928 sec, 1558744 itr]: No feasible solution found (infeas = 11)
[1929 sec, 1560476 itr]: No feasible solution found (infeas = 11)
[1930 sec, 1561271 itr]: No feasible solution found (infeas = 11)
[1931 sec, 1562122 itr]: No feasible solution found (infeas = 11)
[1932 sec, 1562993 itr]: No feasible solution found (infeas = 11)
[1933 sec, 1562993 itr]: No feasible solution found (infeas = 11)
[1934 sec, 1564746 itr]: No feasible solution found (infeas = 11)
[1935 sec, 1564746 itr]: No feasible solution found (infeas = 11)
[1936 sec, 1565542 itr]: No feasible solution found (infeas = 11)
[1937 sec, 1567261 itr]: No feasible solution found (infeas = 11)
[1938 sec, 1568104 itr]: No feasible solution found (infeas = 11)
[1939 sec, 1568104 itr]: No feasible solution found (infeas = 11)
[1940 sec, 1568930 itr]: No feasible solution found (infeas = 11)
[1941 sec, 1569783 itr]: No feasible solution found (infeas = 11)
[1942 sec, 1571489 itr]: No feasible solution found (infeas = 11)
[1943 sec, 1571489 itr]: No feasible solution found (infeas = 11)
[1944 sec, 1572332 itr]: No feasible solution found (infeas = 11)
[1945 sec, 1574022 itr]: No feasible solution found (infeas = 11)
[1946 sec, 1574819 itr]: No feasible solution found (infeas = 11)
[1947 sec, 1575582 itr]: No feasible solution found (infeas = 11)
[1948 sec, 1576378 itr]: No feasible solution found (infeas = 11)
[1949 sec, 1577145 itr]: No feasible solution found (infeas = 11)
[1950 sec, 1577898 itr]: No feasible solution found (infeas = 11)
[1951 sec, 1578672 itr]: No feasible solution found (infeas = 11)
[1952 sec, 1578672 itr]: No feasible solution found (infeas = 11)
[1953 sec, 1579434 itr]: No feasible solution found (infeas = 11)
[1954 sec, 1580301 itr]: No feasible solution found (infeas = 11)
[1955 sec, 1582064 itr]: No feasible solution found (infeas = 11)
[1956 sec, 1582064 itr]: No feasible solution found (infeas = 11)
[1957 sec, 1583717 itr]: No feasible solution found (infeas = 11)
[1958 sec, 1583717 itr]: No feasible solution found (infeas = 11)
[1959 sec, 1585407 itr]: No feasible solution found (infeas = 11)
[1960 sec, 1586175 itr]: No feasible solution found (infeas = 11)
[1961 sec, 1586961 itr]: No feasible solution found (infeas = 11)
[1962 sec, 1587785 itr]: No feasible solution found (infeas = 11)
[1963 sec, 1588642 itr]: No feasible solution found (infeas = 11)
[1964 sec, 1589449 itr]: No feasible solution found (infeas = 11)
[1965 sec, 1589449 itr]: No feasible solution found (infeas = 11)
[1966 sec, 1590218 itr]: No feasible solution found (infeas = 11)
[1967 sec, 1591834 itr]: No feasible solution found (infeas = 11)
[1968 sec, 1592521 itr]: No feasible solution found (infeas = 11)
[1969 sec, 1593197 itr]: No feasible solution found (infeas = 11)
[1970 sec, 1593197 itr]: No feasible solution found (infeas = 11)
[1971 sec, 1594637 itr]: No feasible solution found (infeas = 11)
[1972 sec, 1594637 itr]: No feasible solution found (infeas = 11)
[1973 sec, 1595400 itr]: No feasible solution found (infeas = 11)
[1974 sec, 1596157 itr]: No feasible solution found (infeas = 11)
[1975 sec, 1597683 itr]: No feasible solution found (infeas = 11)
[1976 sec, 1598561 itr]: No feasible solution found (infeas = 11)
[1977 sec, 1599259 itr]: No feasible solution found (infeas = 11)
[1978 sec, 1600077 itr]: No feasible solution found (infeas = 11)
[1979 sec, 1600077 itr]: No feasible solution found (infeas = 11)
[1980 sec, 1601573 itr]: No feasible solution found (infeas = 11)
[1981 sec, 1602318 itr]: No feasible solution found (infeas = 11)
[1982 sec, 1603099 itr]: No feasible solution found (infeas = 11)
[1983 sec, 1603936 itr]: No feasible solution found (infeas = 11)
[1984 sec, 1603936 itr]: No feasible solution found (infeas = 11)
[1985 sec, 1605396 itr]: No feasible solution found (infeas = 11)
[1986 sec, 1606191 itr]: No feasible solution found (infeas = 11)
[1987 sec, 1606966 itr]: No feasible solution found (infeas = 11)
[1988 sec, 1607759 itr]: No feasible solution found (infeas = 11)
[1989 sec, 1607759 itr]: No feasible solution found (infeas = 11)
[1990 sec, 1609264 itr]: No feasible solution found (infeas = 11)
[1991 sec, 1610001 itr]: No feasible solution found (infeas = 11)
[1992 sec, 1610757 itr]: No feasible solution found (infeas = 11)
[1993 sec, 1611617 itr]: No feasible solution found (infeas = 11)
[1994 sec, 1611617 itr]: No feasible solution found (infeas = 11)
[1995 sec, 1612468 itr]: No feasible solution found (infeas = 11)
[1996 sec, 1613262 itr]: No feasible solution found (infeas = 11)
[1997 sec, 1614020 itr]: No feasible solution found (infeas = 11)
[1998 sec, 1614783 itr]: No feasible solution found (infeas = 11)
[1999 sec, 1616435 itr]: No feasible solution found (infeas = 11)
[2000 sec, 1617235 itr]: No feasible solution found (infeas = 11)
[2001 sec, 1617902 itr]: No feasible solution found (infeas = 11)
[2002 sec, 1617902 itr]: No feasible solution found (infeas = 11)
[2003 sec, 1619398 itr]: No feasible solution found (infeas = 11)
[2004 sec, 1619398 itr]: No feasible solution found (infeas = 11)
[2005 sec, 1620148 itr]: No feasible solution found (infeas = 11)
[2006 sec, 1621047 itr]: No feasible solution found (infeas = 11)
[2007 sec, 1622709 itr]: No feasible solution found (infeas = 11)
[2008 sec, 1622709 itr]: No feasible solution found (infeas = 11)
[2009 sec, 1623545 itr]: No feasible solution found (infeas = 11)
[2010 sec, 1625122 itr]: No feasible solution found (infeas = 11)
[2011 sec, 1625122 itr]: No feasible solution found (infeas = 11)
[2012 sec, 1625805 itr]: No feasible solution found (infeas = 11)
[2013 sec, 1627281 itr]: No feasible solution found (infeas = 11)
[2014 sec, 1627281 itr]: No feasible solution found (infeas = 11)
[2015 sec, 1628708 itr]: No feasible solution found (infeas = 11)
[2016 sec, 1628708 itr]: No feasible solution found (infeas = 11)
[2017 sec, 1629424 itr]: No feasible solution found (infeas = 11)
[2018 sec, 1631016 itr]: No feasible solution found (infeas = 11)
[2019 sec, 1631678 itr]: No feasible solution found (infeas = 11)
[2020 sec, 1632394 itr]: No feasible solution found (infeas = 11)
[2021 sec, 1632394 itr]: No feasible solution found (infeas = 11)
[2022 sec, 1633136 itr]: No feasible solution found (infeas = 11)
[2023 sec, 1633861 itr]: No feasible solution found (infeas = 11)
[2024 sec, 1634659 itr]: No feasible solution found (infeas = 11)
[2025 sec, 1635394 itr]: No feasible solution found (infeas = 11)
[2026 sec, 1636114 itr]: No feasible solution found (infeas = 11)
[2027 sec, 1636803 itr]: No feasible solution found (infeas = 11)
[2028 sec, 1637560 itr]: No feasible solution found (infeas = 11)
[2029 sec, 1639141 itr]: No feasible solution found (infeas = 11)
[2030 sec, 1639141 itr]: No feasible solution found (infeas = 11)
[2031 sec, 1640657 itr]: No feasible solution found (infeas = 11)
[2032 sec, 1641432 itr]: No feasible solution found (infeas = 11)
[2033 sec, 1641432 itr]: No feasible solution found (infeas = 11)
[2034 sec, 1642192 itr]: No feasible solution found (infeas = 11)
[2035 sec, 1643023 itr]: No feasible solution found (infeas = 11)
[2036 sec, 1643779 itr]: No feasible solution found (infeas = 11)
[2037 sec, 1645299 itr]: No feasible solution found (infeas = 11)
[2038 sec, 1646055 itr]: No feasible solution found (infeas = 11)
[2039 sec, 1646055 itr]: No feasible solution found (infeas = 11)
[2040 sec, 1646876 itr]: No feasible solution found (infeas = 11)
[2041 sec, 1648364 itr]: No feasible solution found (infeas = 11)
[2042 sec, 1648364 itr]: No feasible solution found (infeas = 11)
[2043 sec, 1649211 itr]: No feasible solution found (infeas = 11)
[2044 sec, 1649958 itr]: No feasible solution found (infeas = 11)
[2045 sec, 1650756 itr]: No feasible solution found (infeas = 11)
[2046 sec, 1651573 itr]: No feasible solution found (infeas = 11)
[2047 sec, 1653146 itr]: No feasible solution found (infeas = 11)
[2048 sec, 1653146 itr]: No feasible solution found (infeas = 11)
[2049 sec, 1654782 itr]: No feasible solution found (infeas = 11)
[2050 sec, 1655513 itr]: No feasible solution found (infeas = 11)
[2051 sec, 1655513 itr]: No feasible solution found (infeas = 11)
[2052 sec, 1656952 itr]: No feasible solution found (infeas = 11)
[2053 sec, 1657777 itr]: No feasible solution found (infeas = 11)
[2054 sec, 1657777 itr]: No feasible solution found (infeas = 11)
[2055 sec, 1658569 itr]: No feasible solution found (infeas = 11)
[2056 sec, 1659429 itr]: No feasible solution found (infeas = 11)
[2057 sec, 1660275 itr]: No feasible solution found (infeas = 11)
[2058 sec, 1661092 itr]: No feasible solution found (infeas = 11)
[2059 sec, 1661971 itr]: No feasible solution found (infeas = 11)
[2060 sec, 1662776 itr]: No feasible solution found (infeas = 11)
[2061 sec, 1663559 itr]: No feasible solution found (infeas = 11)
[2062 sec, 1665162 itr]: No feasible solution found (infeas = 11)
[2063 sec, 1665162 itr]: No feasible solution found (infeas = 11)
[2064 sec, 1665992 itr]: No feasible solution found (infeas = 11)
[2065 sec, 1666805 itr]: No feasible solution found (infeas = 11)
[2066 sec, 1668412 itr]: No feasible solution found (infeas = 11)
[2067 sec, 1669188 itr]: No feasible solution found (infeas = 11)
[2068 sec, 1669188 itr]: No feasible solution found (infeas = 11)
[2069 sec, 1669986 itr]: No feasible solution found (infeas = 11)
[2070 sec, 1671502 itr]: No feasible solution found (infeas = 11)
[2071 sec, 1672164 itr]: No feasible solution found (infeas = 11)
[2072 sec, 1672830 itr]: No feasible solution found (infeas = 11)
[2073 sec, 1672830 itr]: No feasible solution found (infeas = 11)
[2074 sec, 1674204 itr]: No feasible solution found (infeas = 11)
[2075 sec, 1674204 itr]: No feasible solution found (infeas = 11)
[2076 sec, 1675557 itr]: No feasible solution found (infeas = 11)
[2077 sec, 1675557 itr]: No feasible solution found (infeas = 11)
[2078 sec, 1676956 itr]: No feasible solution found (infeas = 11)
[2079 sec, 1677646 itr]: No feasible solution found (infeas = 11)
[2080 sec, 1678313 itr]: No feasible solution found (infeas = 11)
[2081 sec, 1678313 itr]: No feasible solution found (infeas = 11)
[2082 sec, 1679041 itr]: No feasible solution found (infeas = 11)
[2083 sec, 1679774 itr]: No feasible solution found (infeas = 11)
[2084 sec, 1680543 itr]: No feasible solution found (infeas = 11)
[2085 sec, 1681294 itr]: No feasible solution found (infeas = 11)
[2086 sec, 1682027 itr]: No feasible solution found (infeas = 11)
[2087 sec, 1682754 itr]: No feasible solution found (infeas = 11)
[2088 sec, 1683487 itr]: No feasible solution found (infeas = 11)
[2089 sec, 1684267 itr]: No feasible solution found (infeas = 11)
[2090 sec, 1685074 itr]: No feasible solution found (infeas = 11)
[2091 sec, 1686571 itr]: No feasible solution found (infeas = 11)
[2092 sec, 1686571 itr]: No feasible solution found (infeas = 11)
[2093 sec, 1688162 itr]: No feasible solution found (infeas = 11)
[2094 sec, 1688938 itr]: No feasible solution found (infeas = 11)
[2095 sec, 1688938 itr]: No feasible solution found (infeas = 11)
[2096 sec, 1690448 itr]: No feasible solution found (infeas = 11)
[2097 sec, 1691189 itr]: No feasible solution found (infeas = 11)
[2098 sec, 1692009 itr]: No feasible solution found (infeas = 11)
[2099 sec, 1692725 itr]: No feasible solution found (infeas = 11)
[2100 sec, 1693515 itr]: No feasible solution found (infeas = 11)
[2101 sec, 1693515 itr]: No feasible solution found (infeas = 11)
[2102 sec, 1694265 itr]: No feasible solution found (infeas = 11)
[2103 sec, 1695698 itr]: No feasible solution found (infeas = 11)
[2104 sec, 1695698 itr]: No feasible solution found (infeas = 11)
[2105 sec, 1696451 itr]: No feasible solution found (infeas = 11)
[2106 sec, 1697274 itr]: No feasible solution found (infeas = 11)
[2107 sec, 1698699 itr]: No feasible solution found (infeas = 11)
[2108 sec, 1698699 itr]: No feasible solution found (infeas = 11)
[2109 sec, 1699492 itr]: No feasible solution found (infeas = 11)
[2110 sec, 1700355 itr]: No feasible solution found (infeas = 11)
[2111 sec, 1701930 itr]: No feasible solution found (infeas = 11)
[2112 sec, 1702673 itr]: No feasible solution found (infeas = 11)
[2113 sec, 1703429 itr]: No feasible solution found (infeas = 11)
[2114 sec, 1703429 itr]: No feasible solution found (infeas = 11)
[2115 sec, 1704871 itr]: No feasible solution found (infeas = 11)
[2116 sec, 1705567 itr]: No feasible solution found (infeas = 11)
[2117 sec, 1706321 itr]: No feasible solution found (infeas = 11)
[2118 sec, 1706321 itr]: No feasible solution found (infeas = 11)
[2119 sec, 1707127 itr]: No feasible solution found (infeas = 11)
[2120 sec, 1707956 itr]: No feasible solution found (infeas = 11)
[2121 sec, 1709473 itr]: No feasible solution found (infeas = 11)
[2122 sec, 1710231 itr]: No feasible solution found (infeas = 11)
[2123 sec, 1710231 itr]: No feasible solution found (infeas = 11)
[2124 sec, 1711737 itr]: No feasible solution found (infeas = 11)
[2125 sec, 1712513 itr]: No feasible solution found (infeas = 11)
[2126 sec, 1713275 itr]: No feasible solution found (infeas = 11)
[2127 sec, 1713275 itr]: No feasible solution found (infeas = 11)
[2128 sec, 1714043 itr]: No feasible solution found (infeas = 11)
[2129 sec, 1715588 itr]: No feasible solution found (infeas = 11)
[2130 sec, 1715588 itr]: No feasible solution found (infeas = 11)
[2131 sec, 1716413 itr]: No feasible solution found (infeas = 11)
[2132 sec, 1717235 itr]: No feasible solution found (infeas = 11)
[2133 sec, 1718751 itr]: No feasible solution found (infeas = 11)
[2134 sec, 1718751 itr]: No feasible solution found (infeas = 11)
[2135 sec, 1719545 itr]: No feasible solution found (infeas = 11)
[2136 sec, 1721127 itr]: No feasible solution found (infeas = 11)
[2137 sec, 1721850 itr]: No feasible solution found (infeas = 11)
[2138 sec, 1722594 itr]: No feasible solution found (infeas = 11)
[2139 sec, 1723390 itr]: No feasible solution found (infeas = 11)
[2140 sec, 1724197 itr]: No feasible solution found (infeas = 11)
[2141 sec, 1725023 itr]: No feasible solution found (infeas = 11)
[2142 sec, 1725023 itr]: No feasible solution found (infeas = 11)
[2143 sec, 1726650 itr]: No feasible solution found (infeas = 11)
[2144 sec, 1726650 itr]: No feasible solution found (infeas = 11)
[2145 sec, 1727451 itr]: No feasible solution found (infeas = 11)
[2146 sec, 1728198 itr]: No feasible solution found (infeas = 11)
[2147 sec, 1729807 itr]: No feasible solution found (infeas = 11)
[2148 sec, 1729807 itr]: No feasible solution found (infeas = 11)
[2149 sec, 1730588 itr]: No feasible solution found (infeas = 11)
[2150 sec, 1731327 itr]: No feasible solution found (infeas = 11)
[2151 sec, 1732126 itr]: No feasible solution found (infeas = 11)
[2152 sec, 1732980 itr]: No feasible solution found (infeas = 11)
[2153 sec, 1734450 itr]: No feasible solution found (infeas = 11)
[2154 sec, 1734450 itr]: No feasible solution found (infeas = 11)
[2155 sec, 1735174 itr]: No feasible solution found (infeas = 11)
[2156 sec, 1736690 itr]: No feasible solution found (infeas = 11)
[2157 sec, 1737388 itr]: No feasible solution found (infeas = 11)
[2158 sec, 1738153 itr]: No feasible solution found (infeas = 11)
[2159 sec, 1738846 itr]: No feasible solution found (infeas = 11)
[2160 sec, 1738846 itr]: No feasible solution found (infeas = 11)
[2161 sec, 1740405 itr]: No feasible solution found (infeas = 11)
[2162 sec, 1740405 itr]: No feasible solution found (infeas = 11)
[2163 sec, 1741797 itr]: No feasible solution found (infeas = 11)
[2164 sec, 1742492 itr]: No feasible solution found (infeas = 11)
[2165 sec, 1743227 itr]: No feasible solution found (infeas = 11)
[2166 sec, 1743898 itr]: No feasible solution found (infeas = 11)
[2167 sec, 1743898 itr]: No feasible solution found (infeas = 11)
[2168 sec, 1745392 itr]: No feasible solution found (infeas = 11)
[2169 sec, 1746090 itr]: No feasible solution found (infeas = 11)
[2170 sec, 1746090 itr]: No feasible solution found (infeas = 11)
[2171 sec, 1747624 itr]: No feasible solution found (infeas = 11)
[2172 sec, 1748267 itr]: No feasible solution found (infeas = 11)
[2173 sec, 1748267 itr]: No feasible solution found (infeas = 11)
[2174 sec, 1749027 itr]: No feasible solution found (infeas = 11)
[2175 sec, 1750530 itr]: No feasible solution found (infeas = 11)
[2176 sec, 1750530 itr]: No feasible solution found (infeas = 11)
[2177 sec, 1751362 itr]: No feasible solution found (infeas = 11)
[2178 sec, 1752897 itr]: No feasible solution found (infeas = 11)
[2179 sec, 1753626 itr]: No feasible solution found (infeas = 11)
[2180 sec, 1754338 itr]: No feasible solution found (infeas = 11)
[2181 sec, 1754338 itr]: No feasible solution found (infeas = 11)
[2182 sec, 1755748 itr]: No feasible solution found (infeas = 11)
[2183 sec, 1756462 itr]: No feasible solution found (infeas = 11)
[2184 sec, 1757109 itr]: No feasible solution found (infeas = 11)
[2185 sec, 1757860 itr]: No feasible solution found (infeas = 11)
[2186 sec, 1757860 itr]: No feasible solution found (infeas = 11)
[2187 sec, 1758556 itr]: No feasible solution found (infeas = 11)
[2188 sec, 1759309 itr]: No feasible solution found (infeas = 11)
[2189 sec, 1760756 itr]: No feasible solution found (infeas = 11)
[2190 sec, 1761486 itr]: No feasible solution found (infeas = 11)
[2191 sec, 1762215 itr]: No feasible solution found (infeas = 11)
[2192 sec, 1763005 itr]: No feasible solution found (infeas = 11)
[2193 sec, 1763749 itr]: No feasible solution found (infeas = 11)
[2194 sec, 1764463 itr]: No feasible solution found (infeas = 11)
[2195 sec, 1764463 itr]: No feasible solution found (infeas = 11)
[2196 sec, 1765128 itr]: No feasible solution found (infeas = 11)
[2197 sec, 1765898 itr]: No feasible solution found (infeas = 11)
[2198 sec, 1766661 itr]: No feasible solution found (infeas = 11)
[2199 sec, 1768154 itr]: No feasible solution found (infeas = 11)
[2200 sec, 1768888 itr]: No feasible solution found (infeas = 11)
[2201 sec, 1768888 itr]: No feasible solution found (infeas = 11)
[2202 sec, 1769528 itr]: No feasible solution found (infeas = 11)
[2203 sec, 1770264 itr]: No feasible solution found (infeas = 11)
[2204 sec, 1771101 itr]: No feasible solution found (infeas = 11)
[2205 sec, 1771848 itr]: No feasible solution found (infeas = 11)
[2206 sec, 1772637 itr]: No feasible solution found (infeas = 11)
[2207 sec, 1774135 itr]: No feasible solution found (infeas = 11)
[2208 sec, 1774135 itr]: No feasible solution found (infeas = 11)
[2209 sec, 1774931 itr]: No feasible solution found (infeas = 11)
[2210 sec, 1775770 itr]: No feasible solution found (infeas = 11)
[2211 sec, 1777270 itr]: No feasible solution found (infeas = 11)
[2212 sec, 1777270 itr]: No feasible solution found (infeas = 11)
[2213 sec, 1778679 itr]: No feasible solution found (infeas = 11)
[2214 sec, 1778679 itr]: No feasible solution found (infeas = 11)
[2215 sec, 1779394 itr]: No feasible solution found (infeas = 11)
[2216 sec, 1780881 itr]: No feasible solution found (infeas = 11)
[2217 sec, 1780881 itr]: No feasible solution found (infeas = 11)
[2218 sec, 1781700 itr]: No feasible solution found (infeas = 11)
[2219 sec, 1783330 itr]: No feasible solution found (infeas = 11)
[2220 sec, 1784157 itr]: No feasible solution found (infeas = 11)
[2221 sec, 1784157 itr]: No feasible solution found (infeas = 11)
[2222 sec, 1785705 itr]: No feasible solution found (infeas = 11)
[2223 sec, 1785705 itr]: No feasible solution found (infeas = 11)
[2224 sec, 1787253 itr]: No feasible solution found (infeas = 11)
[2225 sec, 1788113 itr]: No feasible solution found (infeas = 11)
[2226 sec, 1788930 itr]: No feasible solution found (infeas = 11)
[2227 sec, 1789700 itr]: No feasible solution found (infeas = 11)
[2228 sec, 1789700 itr]: No feasible solution found (infeas = 11)
[2229 sec, 1790417 itr]: No feasible solution found (infeas = 11)
[2230 sec, 1791186 itr]: No feasible solution found (infeas = 11)
[2231 sec, 1791965 itr]: No feasible solution found (infeas = 11)
[2232 sec, 1792660 itr]: No feasible solution found (infeas = 11)
[2233 sec, 1793436 itr]: No feasible solution found (infeas = 11)
[2234 sec, 1794956 itr]: No feasible solution found (infeas = 11)
[2235 sec, 1795712 itr]: No feasible solution found (infeas = 11)
[2236 sec, 1796458 itr]: No feasible solution found (infeas = 11)
[2237 sec, 1796458 itr]: No feasible solution found (infeas = 11)
[2238 sec, 1797966 itr]: No feasible solution found (infeas = 11)
[2239 sec, 1798721 itr]: No feasible solution found (infeas = 11)
[2240 sec, 1798721 itr]: No feasible solution found (infeas = 11)
[2241 sec, 1800271 itr]: No feasible solution found (infeas = 11)
[2242 sec, 1800271 itr]: No feasible solution found (infeas = 11)
[2243 sec, 1801024 itr]: No feasible solution found (infeas = 11)
[2244 sec, 1801755 itr]: No feasible solution found (infeas = 11)
[2245 sec, 1802443 itr]: No feasible solution found (infeas = 11)
[2246 sec, 1803259 itr]: No feasible solution found (infeas = 11)
[2247 sec, 1804744 itr]: No feasible solution found (infeas = 11)
[2248 sec, 1805515 itr]: No feasible solution found (infeas = 11)
[2249 sec, 1806266 itr]: No feasible solution found (infeas = 11)
[2250 sec, 1806266 itr]: No feasible solution found (infeas = 11)
[2251 sec, 1807837 itr]: No feasible solution found (infeas = 11)
[2252 sec, 1807837 itr]: No feasible solution found (infeas = 11)
[2253 sec, 1809331 itr]: No feasible solution found (infeas = 11)
[2254 sec, 1810089 itr]: No feasible solution found (infeas = 11)
[2255 sec, 1810832 itr]: No feasible solution found (infeas = 11)
[2256 sec, 1811618 itr]: No feasible solution found (infeas = 11)
[2257 sec, 1811618 itr]: No feasible solution found (infeas = 11)
[2258 sec, 1812381 itr]: No feasible solution found (infeas = 11)
[2259 sec, 1813245 itr]: No feasible solution found (infeas = 11)
[2260 sec, 1814937 itr]: No feasible solution found (infeas = 11)
[2261 sec, 1814937 itr]: No feasible solution found (infeas = 11)
[2262 sec, 1816555 itr]: No feasible solution found (infeas = 11)
[2263 sec, 1817349 itr]: No feasible solution found (infeas = 11)
[2264 sec, 1818210 itr]: No feasible solution found (infeas = 11)
[2265 sec, 1818210 itr]: No feasible solution found (infeas = 11)
[2266 sec, 1819805 itr]: No feasible solution found (infeas = 11)
[2267 sec, 1819805 itr]: No feasible solution found (infeas = 11)
[2268 sec, 1821448 itr]: No feasible solution found (infeas = 11)
[2269 sec, 1822210 itr]: No feasible solution found (infeas = 11)
[2270 sec, 1823002 itr]: No feasible solution found (infeas = 11)
[2271 sec, 1823847 itr]: No feasible solution found (infeas = 11)
[2272 sec, 1824588 itr]: No feasible solution found (infeas = 11)
[2273 sec, 1824588 itr]: No feasible solution found (infeas = 11)
[2274 sec, 1825355 itr]: No feasible solution found (infeas = 11)
[2275 sec, 1826949 itr]: No feasible solution found (infeas = 11)
[2276 sec, 1826949 itr]: No feasible solution found (infeas = 11)
[2277 sec, 1827756 itr]: No feasible solution found (infeas = 11)
[2278 sec, 1828581 itr]: No feasible solution found (infeas = 11)
[2279 sec, 1830225 itr]: No feasible solution found (infeas = 11)
[2280 sec, 1831026 itr]: No feasible solution found (infeas = 11)
[2281 sec, 1831026 itr]: No feasible solution found (infeas = 11)
[2282 sec, 1831814 itr]: No feasible solution found (infeas = 11)
[2283 sec, 1833464 itr]: No feasible solution found (infeas = 11)
[2284 sec, 1833464 itr]: No feasible solution found (infeas = 11)
[2285 sec, 1834268 itr]: No feasible solution found (infeas = 11)
[2286 sec, 1835839 itr]: No feasible solution found (infeas = 11)
[2287 sec, 1835839 itr]: No feasible solution found (infeas = 11)
[2288 sec, 1837394 itr]: No feasible solution found (infeas = 11)
[2289 sec, 1837394 itr]: No feasible solution found (infeas = 11)
[2290 sec, 1838892 itr]: No feasible solution found (infeas = 11)
[2291 sec, 1839716 itr]: No feasible solution found (infeas = 11)
[2292 sec, 1839716 itr]: No feasible solution found (infeas = 11)
[2293 sec, 1840527 itr]: No feasible solution found (infeas = 11)
[2294 sec, 1841370 itr]: No feasible solution found (infeas = 11)
[2295 sec, 1842095 itr]: No feasible solution found (infeas = 11)
[2296 sec, 1842901 itr]: No feasible solution found (infeas = 11)
[2297 sec, 1843597 itr]: No feasible solution found (infeas = 11)
[2298 sec, 1845164 itr]: No feasible solution found (infeas = 11)
[2299 sec, 1845924 itr]: No feasible solution found (infeas = 11)
[2300 sec, 1846702 itr]: No feasible solution found (infeas = 11)
[2301 sec, 1847520 itr]: No feasible solution found (infeas = 11)
[2302 sec, 1848338 itr]: No feasible solution found (infeas = 11)
[2303 sec, 1849137 itr]: No feasible solution found (infeas = 11)
[2304 sec, 1849920 itr]: No feasible solution found (infeas = 11)
[2305 sec, 1850712 itr]: No feasible solution found (infeas = 11)
[2306 sec, 1851637 itr]: No feasible solution found (infeas = 11)
[2307 sec, 1852460 itr]: No feasible solution found (infeas = 11)
[2308 sec, 1853312 itr]: No feasible solution found (infeas = 11)
[2309 sec, 1854068 itr]: No feasible solution found (infeas = 11)
[2310 sec, 1854068 itr]: No feasible solution found (infeas = 11)
[2311 sec, 1855718 itr]: No feasible solution found (infeas = 11)
[2312 sec, 1856487 itr]: No feasible solution found (infeas = 11)
[2313 sec, 1856487 itr]: No feasible solution found (infeas = 11)
[2314 sec, 1857298 itr]: No feasible solution found (infeas = 11)
[2315 sec, 1858101 itr]: No feasible solution found (infeas = 11)
[2316 sec, 1858907 itr]: No feasible solution found (infeas = 11)
[2317 sec, 1859749 itr]: No feasible solution found (infeas = 11)
[2318 sec, 1860604 itr]: No feasible solution found (infeas = 11)
[2319 sec, 1861440 itr]: No feasible solution found (infeas = 11)
[2320 sec, 1862320 itr]: No feasible solution found (infeas = 11)
[2321 sec, 1863177 itr]: No feasible solution found (infeas = 11)
[2322 sec, 1864052 itr]: No feasible solution found (infeas = 11)
[2323 sec, 1865619 itr]: No feasible solution found (infeas = 11)
[2324 sec, 1866443 itr]: No feasible solution found (infeas = 11)
[2325 sec, 1867257 itr]: No feasible solution found (infeas = 11)
[2326 sec, 1868032 itr]: No feasible solution found (infeas = 11)
[2327 sec, 1868802 itr]: No feasible solution found (infeas = 11)
[2328 sec, 1869617 itr]: No feasible solution found (infeas = 11)
[2329 sec, 1869617 itr]: No feasible solution found (infeas = 11)
[2330 sec, 1871241 itr]: No feasible solution found (infeas = 11)
[2331 sec, 1872092 itr]: No feasible solution found (infeas = 11)
[2332 sec, 1872092 itr]: No feasible solution found (infeas = 11)
[2333 sec, 1872887 itr]: No feasible solution found (infeas = 11)
[2334 sec, 1874413 itr]: No feasible solution found (infeas = 11)
[2335 sec, 1874413 itr]: No feasible solution found (infeas = 11)
[2336 sec, 1875992 itr]: No feasible solution found (infeas = 11)
[2337 sec, 1876817 itr]: No feasible solution found (infeas = 11)
[2338 sec, 1877601 itr]: No feasible solution found (infeas = 11)
[2339 sec, 1878325 itr]: No feasible solution found (infeas = 11)
[2340 sec, 1879052 itr]: No feasible solution found (infeas = 11)
[2341 sec, 1879052 itr]: No feasible solution found (infeas = 11)
[2342 sec, 1879785 itr]: No feasible solution found (infeas = 11)
[2343 sec, 1880611 itr]: No feasible solution found (infeas = 11)
[2344 sec, 1881417 itr]: No feasible solution found (infeas = 11)
[2345 sec, 1883059 itr]: No feasible solution found (infeas = 11)
[2346 sec, 1883059 itr]: No feasible solution found (infeas = 11)
[2347 sec, 1883875 itr]: No feasible solution found (infeas = 11)
[2348 sec, 1885570 itr]: No feasible solution found (infeas = 11)
[2349 sec, 1886278 itr]: No feasible solution found (infeas = 11)
[2350 sec, 1886278 itr]: No feasible solution found (infeas = 11)
[2351 sec, 1887140 itr]: No feasible solution found (infeas = 11)
[2352 sec, 1888685 itr]: No feasible solution found (infeas = 11)
[2353 sec, 1889453 itr]: No feasible solution found (infeas = 11)
[2354 sec, 1889453 itr]: No feasible solution found (infeas = 11)
[2355 sec, 1890256 itr]: No feasible solution found (infeas = 11)
[2356 sec, 1891001 itr]: No feasible solution found (infeas = 11)
[2357 sec, 1892609 itr]: No feasible solution found (infeas = 11)
[2358 sec, 1892609 itr]: No feasible solution found (infeas = 11)
[2359 sec, 1894337 itr]: No feasible solution found (infeas = 11)
[2360 sec, 1895111 itr]: No feasible solution found (infeas = 11)
[2361 sec, 1895111 itr]: No feasible solution found (infeas = 11)
[2362 sec, 1896682 itr]: No feasible solution found (infeas = 11)
[2363 sec, 1897452 itr]: No feasible solution found (infeas = 11)
[2364 sec, 1897452 itr]: No feasible solution found (infeas = 11)
[2365 sec, 1898961 itr]: No feasible solution found (infeas = 11)
[2366 sec, 1898961 itr]: No feasible solution found (infeas = 11)
[2367 sec, 1900611 itr]: No feasible solution found (infeas = 11)
[2368 sec, 1901423 itr]: No feasible solution found (infeas = 11)
[2369 sec, 1901423 itr]: No feasible solution found (infeas = 11)
[2370 sec, 1903029 itr]: No feasible solution found (infeas = 11)
[2371 sec, 1903832 itr]: No feasible solution found (infeas = 11)
[2372 sec, 1904576 itr]: No feasible solution found (infeas = 11)
[2373 sec, 1905346 itr]: No feasible solution found (infeas = 11)
[2374 sec, 1906081 itr]: No feasible solution found (infeas = 11)
[2375 sec, 1906837 itr]: No feasible solution found (infeas = 11)
[2376 sec, 1907571 itr]: No feasible solution found (infeas = 11)
[2377 sec, 1908285 itr]: No feasible solution found (infeas = 11)
[2378 sec, 1909030 itr]: No feasible solution found (infeas = 11)
[2379 sec, 1909838 itr]: No feasible solution found (infeas = 11)
[2380 sec, 1910622 itr]: No feasible solution found (infeas = 11)
[2381 sec, 1911359 itr]: No feasible solution found (infeas = 11)
[2382 sec, 1911359 itr]: No feasible solution found (infeas = 11)
[2383 sec, 1912043 itr]: No feasible solution found (infeas = 11)
[2384 sec, 1912873 itr]: No feasible solution found (infeas = 11)
[2385 sec, 1913697 itr]: No feasible solution found (infeas = 11)
[2386 sec, 1914500 itr]: No feasible solution found (infeas = 11)
[2387 sec, 1915205 itr]: No feasible solution found (infeas = 11)
[2388 sec, 1916093 itr]: No feasible solution found (infeas = 11)
[2389 sec, 1917628 itr]: No feasible solution found (infeas = 11)
[2390 sec, 1918407 itr]: No feasible solution found (infeas = 11)
[2391 sec, 1919214 itr]: No feasible solution found (infeas = 11)
[2392 sec, 1920032 itr]: No feasible solution found (infeas = 11)
[2393 sec, 1920032 itr]: No feasible solution found (infeas = 11)
[2394 sec, 1921609 itr]: No feasible solution found (infeas = 11)
[2395 sec, 1922383 itr]: No feasible solution found (infeas = 11)
[2396 sec, 1923154 itr]: No feasible solution found (infeas = 11)
[2397 sec, 1923154 itr]: No feasible solution found (infeas = 11)
[2398 sec, 1923898 itr]: No feasible solution found (infeas = 11)
[2399 sec, 1925384 itr]: No feasible solution found (infeas = 11)
[2400 sec, 1926156 itr]: No feasible solution found (infeas = 11)
[2401 sec, 1926156 itr]: No feasible solution found (infeas = 11)
[2402 sec, 1926962 itr]: No feasible solution found (infeas = 11)
[2403 sec, 1928556 itr]: No feasible solution found (infeas = 11)
[2404 sec, 1929329 itr]: No feasible solution found (infeas = 11)
[2405 sec, 1929329 itr]: No feasible solution found (infeas = 11)
[2406 sec, 1930125 itr]: No feasible solution found (infeas = 11)
[2407 sec, 1930894 itr]: No feasible solution found (infeas = 11)
[2408 sec, 1931705 itr]: No feasible solution found (infeas = 11)
[2409 sec, 1933321 itr]: No feasible solution found (infeas = 11)
[2410 sec, 1934148 itr]: No feasible solution found (infeas = 11)
[2411 sec, 1934148 itr]: No feasible solution found (infeas = 11)
[2412 sec, 1934917 itr]: No feasible solution found (infeas = 11)
[2413 sec, 1936414 itr]: No feasible solution found (infeas = 11)
[2414 sec, 1936414 itr]: No feasible solution found (infeas = 11)
[2415 sec, 1937199 itr]: No feasible solution found (infeas = 11)
[2416 sec, 1937959 itr]: No feasible solution found (infeas = 11)
[2417 sec, 1938695 itr]: No feasible solution found (infeas = 11)
[2418 sec, 1939421 itr]: No feasible solution found (infeas = 11)
[2419 sec, 1940252 itr]: No feasible solution found (infeas = 11)
[2420 sec, 1941834 itr]: No feasible solution found (infeas = 11)
[2421 sec, 1942639 itr]: No feasible solution found (infeas = 11)
[2422 sec, 1943385 itr]: No feasible solution found (infeas = 11)
[2423 sec, 1944203 itr]: No feasible solution found (infeas = 11)
[2424 sec, 1944889 itr]: No feasible solution found (infeas = 11)
[2425 sec, 1945653 itr]: No feasible solution found (infeas = 11)
[2426 sec, 1945653 itr]: No feasible solution found (infeas = 11)
[2427 sec, 1947021 itr]: No feasible solution found (infeas = 11)
[2428 sec, 1947755 itr]: No feasible solution found (infeas = 11)
[2429 sec, 1948511 itr]: No feasible solution found (infeas = 11)
[2430 sec, 1948511 itr]: No feasible solution found (infeas = 11)
[2431 sec, 1949216 itr]: No feasible solution found (infeas = 11)
[2432 sec, 1949956 itr]: No feasible solution found (infeas = 11)
[2433 sec, 1950772 itr]: No feasible solution found (infeas = 11)
[2434 sec, 1952339 itr]: No feasible solution found (infeas = 11)
[2435 sec, 1952339 itr]: No feasible solution found (infeas = 11)
[2436 sec, 1953133 itr]: No feasible solution found (infeas = 11)
[2437 sec, 1954677 itr]: No feasible solution found (infeas = 11)
[2438 sec, 1955397 itr]: No feasible solution found (infeas = 11)
[2439 sec, 1956210 itr]: No feasible solution found (infeas = 11)
[2440 sec, 1956990 itr]: No feasible solution found (infeas = 11)
[2441 sec, 1956990 itr]: No feasible solution found (infeas = 11)
[2442 sec, 1957760 itr]: No feasible solution found (infeas = 11)
[2443 sec, 1959251 itr]: No feasible solution found (infeas = 11)
[2444 sec, 1959251 itr]: No feasible solution found (infeas = 11)
[2445 sec, 1959958 itr]: No feasible solution found (infeas = 11)
[2446 sec, 1960699 itr]: No feasible solution found (infeas = 11)
[2447 sec, 1961526 itr]: No feasible solution found (infeas = 11)
[2448 sec, 1962321 itr]: No feasible solution found (infeas = 11)
[2449 sec, 1963930 itr]: No feasible solution found (infeas = 11)
[2450 sec, 1963930 itr]: No feasible solution found (infeas = 11)
[2451 sec, 1964705 itr]: No feasible solution found (infeas = 11)
[2452 sec, 1966255 itr]: No feasible solution found (infeas = 11)
[2453 sec, 1966255 itr]: No feasible solution found (infeas = 11)
[2454 sec, 1967035 itr]: No feasible solution found (infeas = 11)
[2455 sec, 1968558 itr]: No feasible solution found (infeas = 11)
[2456 sec, 1969308 itr]: No feasible solution found (infeas = 11)
[2457 sec, 1970080 itr]: No feasible solution found (infeas = 11)
[2458 sec, 1970774 itr]: No feasible solution found (infeas = 11)
[2459 sec, 1971572 itr]: No feasible solution found (infeas = 11)
[2460 sec, 1972322 itr]: No feasible solution found (infeas = 11)
[2461 sec, 1973043 itr]: No feasible solution found (infeas = 11)
[2462 sec, 1973755 itr]: No feasible solution found (infeas = 11)
[2463 sec, 1973755 itr]: No feasible solution found (infeas = 11)
[2464 sec, 1975300 itr]: No feasible solution found (infeas = 11)
[2465 sec, 1975300 itr]: No feasible solution found (infeas = 11)
[2466 sec, 1976084 itr]: No feasible solution found (infeas = 11)
[2467 sec, 1977661 itr]: No feasible solution found (infeas = 11)
[2468 sec, 1977661 itr]: No feasible solution found (infeas = 11)
[2469 sec, 1978465 itr]: No feasible solution found (infeas = 11)
[2470 sec, 1980032 itr]: No feasible solution found (infeas = 11)
[2471 sec, 1980734 itr]: No feasible solution found (infeas = 11)
[2472 sec, 1981458 itr]: No feasible solution found (infeas = 11)
[2473 sec, 1982176 itr]: No feasible solution found (infeas = 11)
[2474 sec, 1982176 itr]: No feasible solution found (infeas = 11)
[2475 sec, 1982860 itr]: No feasible solution found (infeas = 11)
[2476 sec, 1984356 itr]: No feasible solution found (infeas = 11)
[2477 sec, 1984356 itr]: No feasible solution found (infeas = 11)
[2478 sec, 1985893 itr]: No feasible solution found (infeas = 11)
[2479 sec, 1986710 itr]: No feasible solution found (infeas = 11)
[2480 sec, 1987529 itr]: No feasible solution found (infeas = 11)
[2481 sec, 1988364 itr]: No feasible solution found (infeas = 11)
[2482 sec, 1989098 itr]: No feasible solution found (infeas = 11)
[2483 sec, 1989867 itr]: No feasible solution found (infeas = 11)
[2484 sec, 1990594 itr]: No feasible solution found (infeas = 11)
[2485 sec, 1990594 itr]: No feasible solution found (infeas = 11)
[2486 sec, 1992068 itr]: No feasible solution found (infeas = 11)
[2487 sec, 1992068 itr]: No feasible solution found (infeas = 11)
[2488 sec, 1992889 itr]: No feasible solution found (infeas = 11)
[2489 sec, 1993657 itr]: No feasible solution found (infeas = 11)
[2490 sec, 1995200 itr]: No feasible solution found (infeas = 11)
[2491 sec, 1995997 itr]: No feasible solution found (infeas = 11)
[2492 sec, 1996814 itr]: No feasible solution found (infeas = 11)
[2493 sec, 1997543 itr]: No feasible solution found (infeas = 11)
[2494 sec, 1997543 itr]: No feasible solution found (infeas = 11)
[2495 sec, 1999146 itr]: No feasible solution found (infeas = 11)
[2496 sec, 1999943 itr]: No feasible solution found (infeas = 11)
[2497 sec, 2000704 itr]: No feasible solution found (infeas = 11)
[2498 sec, 2001472 itr]: No feasible solution found (infeas = 11)
[2499 sec, 2001472 itr]: No feasible solution found (infeas = 11)
[2500 sec, 2002199 itr]: No feasible solution found (infeas = 11)
[2501 sec, 2003021 itr]: No feasible solution found (infeas = 11)
[2502 sec, 2004528 itr]: No feasible solution found (infeas = 11)
[2503 sec, 2005273 itr]: No feasible solution found (infeas = 11)
[2504 sec, 2006070 itr]: No feasible solution found (infeas = 11)
[2505 sec, 2006070 itr]: No feasible solution found (infeas = 11)
[2506 sec, 2006890 itr]: No feasible solution found (infeas = 11)
[2507 sec, 2007644 itr]: No feasible solution found (infeas = 11)
[2508 sec, 2008367 itr]: No feasible solution found (infeas = 11)
[2509 sec, 2009168 itr]: No feasible solution found (infeas = 11)
[2510 sec, 2009926 itr]: No feasible solution found (infeas = 11)
[2511 sec, 2010735 itr]: No feasible solution found (infeas = 11)
[2512 sec, 2011482 itr]: No feasible solution found (infeas = 11)
[2513 sec, 2012253 itr]: No feasible solution found (infeas = 11)
[2514 sec, 2013745 itr]: No feasible solution found (infeas = 11)
[2515 sec, 2013745 itr]: No feasible solution found (infeas = 11)
[2516 sec, 2015337 itr]: No feasible solution found (infeas = 11)
[2517 sec, 2016050 itr]: No feasible solution found (infeas = 11)
[2518 sec, 2016050 itr]: No feasible solution found (infeas = 11)
[2519 sec, 2016856 itr]: No feasible solution found (infeas = 11)
[2520 sec, 2018518 itr]: No feasible solution found (infeas = 11)
[2521 sec, 2018518 itr]: No feasible solution found (infeas = 11)
[2522 sec, 2019380 itr]: No feasible solution found (infeas = 11)
[2523 sec, 2021033 itr]: No feasible solution found (infeas = 11)
[2524 sec, 2021033 itr]: No feasible solution found (infeas = 11)
[2525 sec, 2021826 itr]: No feasible solution found (infeas = 11)
[2526 sec, 2022589 itr]: No feasible solution found (infeas = 11)
[2527 sec, 2023417 itr]: No feasible solution found (infeas = 11)
[2528 sec, 2024950 itr]: No feasible solution found (infeas = 11)
[2529 sec, 2024950 itr]: No feasible solution found (infeas = 11)
[2530 sec, 2026540 itr]: No feasible solution found (infeas = 11)
[2531 sec, 2027292 itr]: No feasible solution found (infeas = 11)
[2532 sec, 2028038 itr]: No feasible solution found (infeas = 11)
[2533 sec, 2028773 itr]: No feasible solution found (infeas = 11)
[2534 sec, 2029579 itr]: No feasible solution found (infeas = 11)
[2535 sec, 2030364 itr]: No feasible solution found (infeas = 11)
[2536 sec, 2030364 itr]: No feasible solution found (infeas = 11)
[2537 sec, 2031919 itr]: No feasible solution found (infeas = 11)
[2538 sec, 2032661 itr]: No feasible solution found (infeas = 11)
[2539 sec, 2033403 itr]: No feasible solution found (infeas = 11)
[2540 sec, 2033403 itr]: No feasible solution found (infeas = 11)
[2541 sec, 2034194 itr]: No feasible solution found (infeas = 11)
[2542 sec, 2035776 itr]: No feasible solution found (infeas = 11)
[2543 sec, 2036553 itr]: No feasible solution found (infeas = 11)
[2544 sec, 2037268 itr]: No feasible solution found (infeas = 11)
[2545 sec, 2037268 itr]: No feasible solution found (infeas = 11)
[2546 sec, 2038689 itr]: No feasible solution found (infeas = 11)
[2547 sec, 2039402 itr]: No feasible solution found (infeas = 11)
[2548 sec, 2039402 itr]: No feasible solution found (infeas = 11)
[2549 sec, 2040898 itr]: No feasible solution found (infeas = 11)
[2550 sec, 2040898 itr]: No feasible solution found (infeas = 11)
[2551 sec, 2042370 itr]: No feasible solution found (infeas = 11)
[2552 sec, 2042370 itr]: No feasible solution found (infeas = 11)
[2553 sec, 2043132 itr]: No feasible solution found (infeas = 11)
[2554 sec, 2043894 itr]: No feasible solution found (infeas = 11)
[2555 sec, 2044637 itr]: No feasible solution found (infeas = 11)
[2556 sec, 2045450 itr]: No feasible solution found (infeas = 11)
[2557 sec, 2046995 itr]: No feasible solution found (infeas = 11)
[2558 sec, 2046995 itr]: No feasible solution found (infeas = 11)
[2559 sec, 2048380 itr]: No feasible solution found (infeas = 11)
[2560 sec, 2049104 itr]: No feasible solution found (infeas = 11)
[2561 sec, 2049835 itr]: No feasible solution found (infeas = 11)
[2562 sec, 2050653 itr]: No feasible solution found (infeas = 11)
[2563 sec, 2051383 itr]: No feasible solution found (infeas = 11)
[2564 sec, 2052142 itr]: No feasible solution found (infeas = 11)
[2565 sec, 2052142 itr]: No feasible solution found (infeas = 11)
[2566 sec, 2052837 itr]: No feasible solution found (infeas = 11)
[2567 sec, 2054346 itr]: No feasible solution found (infeas = 11)
[2568 sec, 2055087 itr]: No feasible solution found (infeas = 11)
[2569 sec, 2055863 itr]: No feasible solution found (infeas = 11)
[2570 sec, 2056613 itr]: No feasible solution found (infeas = 11)
[2571 sec, 2057341 itr]: No feasible solution found (infeas = 11)
[2572 sec, 2057341 itr]: No feasible solution found (infeas = 11)
[2573 sec, 2058045 itr]: No feasible solution found (infeas = 11)
[2574 sec, 2059598 itr]: No feasible solution found (infeas = 11)
[2575 sec, 2060327 itr]: No feasible solution found (infeas = 11)
[2576 sec, 2061079 itr]: No feasible solution found (infeas = 11)
[2577 sec, 2061824 itr]: No feasible solution found (infeas = 11)
[2578 sec, 2062582 itr]: No feasible solution found (infeas = 11)
[2579 sec, 2062582 itr]: No feasible solution found (infeas = 11)
[2580 sec, 2063409 itr]: No feasible solution found (infeas = 11)
[2581 sec, 2064185 itr]: No feasible solution found (infeas = 11)
[2582 sec, 2065701 itr]: No feasible solution found (infeas = 11)
[2583 sec, 2065701 itr]: No feasible solution found (infeas = 11)
[2584 sec, 2067238 itr]: No feasible solution found (infeas = 11)
[2585 sec, 2067913 itr]: No feasible solution found (infeas = 11)
[2586 sec, 2068682 itr]: No feasible solution found (infeas = 11)
[2587 sec, 2069390 itr]: No feasible solution found (infeas = 11)
[2588 sec, 2070130 itr]: No feasible solution found (infeas = 11)
[2589 sec, 2070855 itr]: No feasible solution found (infeas = 11)
[2590 sec, 2070855 itr]: No feasible solution found (infeas = 11)
[2591 sec, 2072256 itr]: No feasible solution found (infeas = 11)
[2592 sec, 2072956 itr]: No feasible solution found (infeas = 11)
[2593 sec, 2072956 itr]: No feasible solution found (infeas = 11)
[2594 sec, 2073713 itr]: No feasible solution found (infeas = 11)
[2595 sec, 2074380 itr]: No feasible solution found (infeas = 11)
[2596 sec, 2075830 itr]: No feasible solution found (infeas = 11)
[2597 sec, 2075830 itr]: No feasible solution found (infeas = 11)
[2598 sec, 2077282 itr]: No feasible solution found (infeas = 11)
[2599 sec, 2078036 itr]: No feasible solution found (infeas = 11)
[2600 sec, 2078036 itr]: No feasible solution found (infeas = 11)
[2601 sec, 2079390 itr]: No feasible solution found (infeas = 11)
[2602 sec, 2080052 itr]: No feasible solution found (infeas = 11)
[2603 sec, 2080744 itr]: No feasible solution found (infeas = 11)
[2604 sec, 2081414 itr]: No feasible solution found (infeas = 11)
[2605 sec, 2082108 itr]: No feasible solution found (infeas = 11)
[2606 sec, 2082822 itr]: No feasible solution found (infeas = 11)
[2607 sec, 2082822 itr]: No feasible solution found (infeas = 11)
[2608 sec, 2084204 itr]: No feasible solution found (infeas = 11)
[2609 sec, 2084204 itr]: No feasible solution found (infeas = 11)
[2610 sec, 2084924 itr]: No feasible solution found (infeas = 11)
[2611 sec, 2085676 itr]: No feasible solution found (infeas = 11)
[2612 sec, 2087196 itr]: No feasible solution found (infeas = 11)
[2613 sec, 2087904 itr]: No feasible solution found (infeas = 11)
[2614 sec, 2088630 itr]: No feasible solution found (infeas = 11)
[2615 sec, 2089356 itr]: No feasible solution found (infeas = 11)
[2616 sec, 2089356 itr]: No feasible solution found (infeas = 11)
[2617 sec, 2090049 itr]: No feasible solution found (infeas = 11)
[2618 sec, 2090839 itr]: No feasible solution found (infeas = 11)
[2619 sec, 2091573 itr]: No feasible solution found (infeas = 11)
[2620 sec, 2093087 itr]: No feasible solution found (infeas = 11)
[2621 sec, 2093899 itr]: No feasible solution found (infeas = 11)
[2622 sec, 2094634 itr]: No feasible solution found (infeas = 11)
[2623 sec, 2094634 itr]: No feasible solution found (infeas = 11)
[2624 sec, 2096144 itr]: No feasible solution found (infeas = 11)
[2625 sec, 2096144 itr]: No feasible solution found (infeas = 11)
[2626 sec, 2097665 itr]: No feasible solution found (infeas = 11)
[2627 sec, 2098403 itr]: No feasible solution found (infeas = 11)
[2628 sec, 2098403 itr]: No feasible solution found (infeas = 11)
[2629 sec, 2099183 itr]: No feasible solution found (infeas = 11)
[2630 sec, 2100639 itr]: No feasible solution found (infeas = 11)
[2631 sec, 2101435 itr]: No feasible solution found (infeas = 11)
[2632 sec, 2102166 itr]: No feasible solution found (infeas = 11)
[2633 sec, 2102166 itr]: No feasible solution found (infeas = 11)
[2634 sec, 2102864 itr]: No feasible solution found (infeas = 11)
[2635 sec, 2104244 itr]: No feasible solution found (infeas = 11)
[2636 sec, 2104973 itr]: No feasible solution found (infeas = 11)
[2637 sec, 2104973 itr]: No feasible solution found (infeas = 11)
[2638 sec, 2105739 itr]: No feasible solution found (infeas = 11)
[2639 sec, 2106550 itr]: No feasible solution found (infeas = 11)
[2640 sec, 2108045 itr]: No feasible solution found (infeas = 11)
[2641 sec, 2108729 itr]: No feasible solution found (infeas = 11)
[2642 sec, 2108729 itr]: No feasible solution found (infeas = 11)
[2643 sec, 2110142 itr]: No feasible solution found (infeas = 11)
[2644 sec, 2110847 itr]: No feasible solution found (infeas = 11)
[2645 sec, 2111484 itr]: No feasible solution found (infeas = 11)
[2646 sec, 2112159 itr]: No feasible solution found (infeas = 11)
[2647 sec, 2112854 itr]: No feasible solution found (infeas = 11)
[2648 sec, 2112854 itr]: No feasible solution found (infeas = 11)
[2649 sec, 2114272 itr]: No feasible solution found (infeas = 11)
[2650 sec, 2114958 itr]: No feasible solution found (infeas = 11)
[2651 sec, 2115617 itr]: No feasible solution found (infeas = 11)
[2652 sec, 2116362 itr]: No feasible solution found (infeas = 11)
[2653 sec, 2116362 itr]: No feasible solution found (infeas = 11)
[2654 sec, 2117115 itr]: No feasible solution found (infeas = 11)
[2655 sec, 2117885 itr]: No feasible solution found (infeas = 11)
[2656 sec, 2118683 itr]: No feasible solution found (infeas = 11)
[2657 sec, 2119425 itr]: No feasible solution found (infeas = 11)
[2658 sec, 2120936 itr]: No feasible solution found (infeas = 11)
[2659 sec, 2120936 itr]: No feasible solution found (infeas = 11)
[2660 sec, 2122312 itr]: No feasible solution found (infeas = 11)
[2661 sec, 2123004 itr]: No feasible solution found (infeas = 11)
[2662 sec, 2123624 itr]: No feasible solution found (infeas = 11)
[2663 sec, 2124342 itr]: No feasible solution found (infeas = 11)
[2664 sec, 2125026 itr]: No feasible solution found (infeas = 11)
[2665 sec, 2125746 itr]: No feasible solution found (infeas = 11)
[2666 sec, 2125746 itr]: No feasible solution found (infeas = 11)
[2667 sec, 2127334 itr]: No feasible solution found (infeas = 11)
[2668 sec, 2128032 itr]: No feasible solution found (infeas = 11)
[2669 sec, 2128032 itr]: No feasible solution found (infeas = 11)
[2670 sec, 2128757 itr]: No feasible solution found (infeas = 11)
[2671 sec, 2129562 itr]: No feasible solution found (infeas = 11)
[2672 sec, 2131067 itr]: No feasible solution found (infeas = 11)
[2673 sec, 2131067 itr]: No feasible solution found (infeas = 11)
[2674 sec, 2132541 itr]: No feasible solution found (infeas = 11)
[2675 sec, 2132541 itr]: No feasible solution found (infeas = 11)
[2676 sec, 2133288 itr]: No feasible solution found (infeas = 11)
[2677 sec, 2134803 itr]: No feasible solution found (infeas = 11)
[2678 sec, 2134803 itr]: No feasible solution found (infeas = 11)
[2679 sec, 2135562 itr]: No feasible solution found (infeas = 11)
[2680 sec, 2136327 itr]: No feasible solution found (infeas = 11)
[2681 sec, 2137054 itr]: No feasible solution found (infeas = 11)
[2682 sec, 2137898 itr]: No feasible solution found (infeas = 11)
[2683 sec, 2138640 itr]: No feasible solution found (infeas = 11)
[2684 sec, 2139451 itr]: No feasible solution found (infeas = 11)
[2685 sec, 2140290 itr]: No feasible solution found (infeas = 11)
[2686 sec, 2141102 itr]: No feasible solution found (infeas = 11)
[2687 sec, 2141880 itr]: No feasible solution found (infeas = 11)
[2688 sec, 2142619 itr]: No feasible solution found (infeas = 11)
[2689 sec, 2143293 itr]: No feasible solution found (infeas = 11)
[2690 sec, 2144643 itr]: No feasible solution found (infeas = 11)
[2691 sec, 2145361 itr]: No feasible solution found (infeas = 11)
[2692 sec, 2146145 itr]: No feasible solution found (infeas = 11)
[2693 sec, 2146145 itr]: No feasible solution found (infeas = 11)
[2694 sec, 2146907 itr]: No feasible solution found (infeas = 11)
[2695 sec, 2148392 itr]: No feasible solution found (infeas = 11)
[2696 sec, 2148392 itr]: No feasible solution found (infeas = 11)
[2697 sec, 2149918 itr]: No feasible solution found (infeas = 11)
[2698 sec, 2149918 itr]: No feasible solution found (infeas = 11)
[2699 sec, 2151349 itr]: No feasible solution found (infeas = 11)
[2700 sec, 2151349 itr]: No feasible solution found (infeas = 11)
[2701 sec, 2152032 itr]: No feasible solution found (infeas = 11)
[2702 sec, 2152767 itr]: No feasible solution found (infeas = 11)
[2703 sec, 2154147 itr]: No feasible solution found (infeas = 11)
[2704 sec, 2154147 itr]: No feasible solution found (infeas = 11)
[2705 sec, 2154882 itr]: No feasible solution found (infeas = 11)
[2706 sec, 2156327 itr]: No feasible solution found (infeas = 11)
[2707 sec, 2156327 itr]: No feasible solution found (infeas = 11)
[2708 sec, 2157756 itr]: No feasible solution found (infeas = 11)
[2709 sec, 2158414 itr]: No feasible solution found (infeas = 11)
[2710 sec, 2159161 itr]: No feasible solution found (infeas = 11)
[2711 sec, 2159870 itr]: No feasible solution found (infeas = 11)
[2712 sec, 2160555 itr]: No feasible solution found (infeas = 11)
[2713 sec, 2161295 itr]: No feasible solution found (infeas = 11)
[2714 sec, 2161984 itr]: No feasible solution found (infeas = 11)
[2715 sec, 2162716 itr]: No feasible solution found (infeas = 11)
[2716 sec, 2162716 itr]: No feasible solution found (infeas = 11)
[2717 sec, 2163456 itr]: No feasible solution found (infeas = 11)
[2718 sec, 2164974 itr]: No feasible solution found (infeas = 11)
[2719 sec, 2165751 itr]: No feasible solution found (infeas = 11)
[2720 sec, 2166489 itr]: No feasible solution found (infeas = 11)
[2721 sec, 2167238 itr]: No feasible solution found (infeas = 11)
[2722 sec, 2167915 itr]: No feasible solution found (infeas = 11)
[2723 sec, 2168670 itr]: No feasible solution found (infeas = 11)
[2724 sec, 2169332 itr]: No feasible solution found (infeas = 11)
[2725 sec, 2170007 itr]: No feasible solution found (infeas = 11)
[2726 sec, 2170740 itr]: No feasible solution found (infeas = 11)
[2727 sec, 2170740 itr]: No feasible solution found (infeas = 11)
[2728 sec, 2172159 itr]: No feasible solution found (infeas = 11)
[2729 sec, 2172873 itr]: No feasible solution found (infeas = 11)
[2730 sec, 2173646 itr]: No feasible solution found (infeas = 11)
[2731 sec, 2174337 itr]: No feasible solution found (infeas = 11)
[2732 sec, 2174337 itr]: No feasible solution found (infeas = 11)
[2733 sec, 2175788 itr]: No feasible solution found (infeas = 11)
[2734 sec, 2176484 itr]: No feasible solution found (infeas = 11)
[2735 sec, 2177260 itr]: No feasible solution found (infeas = 11)
[2736 sec, 2177260 itr]: No feasible solution found (infeas = 11)
[2737 sec, 2178026 itr]: No feasible solution found (infeas = 11)
[2738 sec, 2179565 itr]: No feasible solution found (infeas = 11)
[2739 sec, 2180267 itr]: No feasible solution found (infeas = 11)
[2740 sec, 2180951 itr]: No feasible solution found (infeas = 11)
[2741 sec, 2181637 itr]: No feasible solution found (infeas = 11)
[2742 sec, 2182356 itr]: No feasible solution found (infeas = 11)
[2743 sec, 2183075 itr]: No feasible solution found (infeas = 11)
[2744 sec, 2183823 itr]: No feasible solution found (infeas = 11)
[2745 sec, 2183823 itr]: No feasible solution found (infeas = 11)
[2746 sec, 2184501 itr]: No feasible solution found (infeas = 11)
[2747 sec, 2185924 itr]: No feasible solution found (infeas = 11)
[2748 sec, 2185924 itr]: No feasible solution found (infeas = 11)
[2749 sec, 2186606 itr]: No feasible solution found (infeas = 11)
[2750 sec, 2188026 itr]: No feasible solution found (infeas = 11)
[2751 sec, 2188026 itr]: No feasible solution found (infeas = 11)
[2752 sec, 2188857 itr]: No feasible solution found (infeas = 11)
[2753 sec, 2190298 itr]: No feasible solution found (infeas = 11)
[2754 sec, 2190298 itr]: No feasible solution found (infeas = 11)
[2755 sec, 2191708 itr]: No feasible solution found (infeas = 11)
[2756 sec, 2191708 itr]: No feasible solution found (infeas = 11)
[2757 sec, 2193009 itr]: No feasible solution found (infeas = 11)
[2758 sec, 2193690 itr]: No feasible solution found (infeas = 11)
[2759 sec, 2194448 itr]: No feasible solution found (infeas = 11)
[2760 sec, 2195123 itr]: No feasible solution found (infeas = 11)
[2761 sec, 2195123 itr]: No feasible solution found (infeas = 11)
[2762 sec, 2196501 itr]: No feasible solution found (infeas = 11)
[2763 sec, 2196501 itr]: No feasible solution found (infeas = 11)
[2764 sec, 2197904 itr]: No feasible solution found (infeas = 11)
[2765 sec, 2197904 itr]: No feasible solution found (infeas = 11)
[2766 sec, 2199205 itr]: No feasible solution found (infeas = 11)
[2767 sec, 2199912 itr]: No feasible solution found (infeas = 11)
[2768 sec, 2200570 itr]: No feasible solution found (infeas = 11)
[2769 sec, 2201350 itr]: No feasible solution found (infeas = 11)
[2770 sec, 2201350 itr]: No feasible solution found (infeas = 11)
[2771 sec, 2201980 itr]: No feasible solution found (infeas = 11)
[2772 sec, 2203399 itr]: No feasible solution found (infeas = 11)
[2773 sec, 2204099 itr]: No feasible solution found (infeas = 11)
[2774 sec, 2204099 itr]: No feasible solution found (infeas = 11)
[2775 sec, 2205577 itr]: No feasible solution found (infeas = 11)
[2776 sec, 2205577 itr]: No feasible solution found (infeas = 11)
[2777 sec, 2206359 itr]: No feasible solution found (infeas = 11)
[2778 sec, 2207738 itr]: No feasible solution found (infeas = 11)
[2779 sec, 2207738 itr]: No feasible solution found (infeas = 11)
[2780 sec, 2209084 itr]: No feasible solution found (infeas = 11)
[2781 sec, 2209084 itr]: No feasible solution found (infeas = 11)
[2782 sec, 2209825 itr]: No feasible solution found (infeas = 11)
[2783 sec, 2210520 itr]: No feasible solution found (infeas = 11)
[2784 sec, 2211860 itr]: No feasible solution found (infeas = 11)
[2785 sec, 2211860 itr]: No feasible solution found (infeas = 11)
[2786 sec, 2213162 itr]: No feasible solution found (infeas = 11)
[2787 sec, 2213904 itr]: No feasible solution found (infeas = 11)
[2788 sec, 2214571 itr]: No feasible solution found (infeas = 11)
[2789 sec, 2215286 itr]: No feasible solution found (infeas = 11)
[2790 sec, 2216013 itr]: No feasible solution found (infeas = 11)
[2791 sec, 2216013 itr]: No feasible solution found (infeas = 11)
[2792 sec, 2216711 itr]: No feasible solution found (infeas = 11)
[2793 sec, 2217440 itr]: No feasible solution found (infeas = 11)
[2794 sec, 2218902 itr]: No feasible solution found (infeas = 11)
[2795 sec, 2219548 itr]: No feasible solution found (infeas = 11)
[2796 sec, 2220195 itr]: No feasible solution found (infeas = 11)
[2797 sec, 2220831 itr]: No feasible solution found (infeas = 11)
[2798 sec, 2220831 itr]: No feasible solution found (infeas = 11)
[2799 sec, 2222174 itr]: No feasible solution found (infeas = 11)
[2800 sec, 2222894 itr]: No feasible solution found (infeas = 11)
[2801 sec, 2222894 itr]: No feasible solution found (infeas = 11)
[2802 sec, 2223494 itr]: No feasible solution found (infeas = 11)
[2803 sec, 2224797 itr]: No feasible solution found (infeas = 11)
[2804 sec, 2225468 itr]: No feasible solution found (infeas = 11)
[2805 sec, 2225468 itr]: No feasible solution found (infeas = 11)
[2806 sec, 2226981 itr]: No feasible solution found (infeas = 11)
[2807 sec, 2227756 itr]: No feasible solution found (infeas = 11)
[2808 sec, 2228478 itr]: No feasible solution found (infeas = 11)
[2809 sec, 2228478 itr]: No feasible solution found (infeas = 11)
[2810 sec, 2229954 itr]: No feasible solution found (infeas = 11)
[2811 sec, 2229954 itr]: No feasible solution found (infeas = 11)
[2812 sec, 2230738 itr]: No feasible solution found (infeas = 11)
[2813 sec, 2232254 itr]: No feasible solution found (infeas = 11)
[2814 sec, 2232254 itr]: No feasible solution found (infeas = 11)
[2815 sec, 2233618 itr]: No feasible solution found (infeas = 11)
[2816 sec, 2233618 itr]: No feasible solution found (infeas = 11)
[2817 sec, 2235128 itr]: No feasible solution found (infeas = 11)
[2818 sec, 2235128 itr]: No feasible solution found (infeas = 11)
[2819 sec, 2236528 itr]: No feasible solution found (infeas = 11)
[2820 sec, 2236528 itr]: No feasible solution found (infeas = 11)
[2821 sec, 2237917 itr]: No feasible solution found (infeas = 11)
[2822 sec, 2238586 itr]: No feasible solution found (infeas = 11)
[2823 sec, 2239328 itr]: No feasible solution found (infeas = 11)
[2824 sec, 2240018 itr]: No feasible solution found (infeas = 11)
[2825 sec, 2240666 itr]: No feasible solution found (infeas = 11)
[2826 sec, 2240666 itr]: No feasible solution found (infeas = 11)
[2827 sec, 2241390 itr]: No feasible solution found (infeas = 11)
[2828 sec, 2242151 itr]: No feasible solution found (infeas = 11)
[2829 sec, 2243579 itr]: No feasible solution found (infeas = 11)
[2830 sec, 2243579 itr]: No feasible solution found (infeas = 11)
[2831 sec, 2244998 itr]: No feasible solution found (infeas = 11)
[2832 sec, 2244998 itr]: No feasible solution found (infeas = 11)
[2833 sec, 2245690 itr]: No feasible solution found (infeas = 11)
[2834 sec, 2246449 itr]: No feasible solution found (infeas = 11)
[2835 sec, 2247956 itr]: No feasible solution found (infeas = 11)
[2836 sec, 2248718 itr]: No feasible solution found (infeas = 11)
[2837 sec, 2248718 itr]: No feasible solution found (infeas = 11)
[2838 sec, 2249438 itr]: No feasible solution found (infeas = 11)
[2839 sec, 2250209 itr]: No feasible solution found (infeas = 11)
[2840 sec, 2251665 itr]: No feasible solution found (infeas = 11)
[2841 sec, 2251665 itr]: No feasible solution found (infeas = 11)
[2842 sec, 2253094 itr]: No feasible solution found (infeas = 11)
[2843 sec, 2253094 itr]: No feasible solution found (infeas = 11)
[2844 sec, 2254466 itr]: No feasible solution found (infeas = 11)
[2845 sec, 2255208 itr]: No feasible solution found (infeas = 11)
[2846 sec, 2255208 itr]: No feasible solution found (infeas = 11)
[2847 sec, 2255901 itr]: No feasible solution found (infeas = 11)
[2848 sec, 2257386 itr]: No feasible solution found (infeas = 11)
[2849 sec, 2257386 itr]: No feasible solution found (infeas = 11)
[2850 sec, 2258793 itr]: No feasible solution found (infeas = 11)
[2851 sec, 2258793 itr]: No feasible solution found (infeas = 11)
[2852 sec, 2259500 itr]: No feasible solution found (infeas = 11)
[2853 sec, 2260244 itr]: No feasible solution found (infeas = 11)
[2854 sec, 2260930 itr]: No feasible solution found (infeas = 11)
[2855 sec, 2261623 itr]: No feasible solution found (infeas = 11)
[2856 sec, 2262364 itr]: No feasible solution found (infeas = 11)
[2857 sec, 2263085 itr]: No feasible solution found (infeas = 11)
[2858 sec, 2263876 itr]: No feasible solution found (infeas = 11)
[2859 sec, 2264585 itr]: No feasible solution found (infeas = 11)
[2860 sec, 2265391 itr]: No feasible solution found (infeas = 11)
[2861 sec, 2266127 itr]: No feasible solution found (infeas = 11)
[2862 sec, 2266763 itr]: No feasible solution found (infeas = 11)
[2863 sec, 2267454 itr]: No feasible solution found (infeas = 11)
[2864 sec, 2268816 itr]: No feasible solution found (infeas = 11)
[2865 sec, 2269491 itr]: No feasible solution found (infeas = 11)
[2866 sec, 2270166 itr]: No feasible solution found (infeas = 11)
[2867 sec, 2270779 itr]: No feasible solution found (infeas = 11)
[2868 sec, 2270779 itr]: No feasible solution found (infeas = 11)
[2869 sec, 2272197 itr]: No feasible solution found (infeas = 11)
[2870 sec, 2272812 itr]: No feasible solution found (infeas = 11)
[2871 sec, 2273459 itr]: No feasible solution found (infeas = 11)
[2872 sec, 2273459 itr]: No feasible solution found (infeas = 11)
[2873 sec, 2274837 itr]: No feasible solution found (infeas = 11)
[2874 sec, 2274837 itr]: No feasible solution found (infeas = 11)
[2875 sec, 2275567 itr]: No feasible solution found (infeas = 11)
[2876 sec, 2276951 itr]: No feasible solution found (infeas = 11)
[2877 sec, 2277659 itr]: No feasible solution found (infeas = 11)
[2878 sec, 2278366 itr]: No feasible solution found (infeas = 11)
[2879 sec, 2279013 itr]: No feasible solution found (infeas = 11)
[2880 sec, 2279643 itr]: No feasible solution found (infeas = 11)
[2881 sec, 2280267 itr]: No feasible solution found (infeas = 11)
[2882 sec, 2280919 itr]: No feasible solution found (infeas = 11)
[2883 sec, 2280919 itr]: No feasible solution found (infeas = 11)
[2884 sec, 2282332 itr]: No feasible solution found (infeas = 11)
[2885 sec, 2282332 itr]: No feasible solution found (infeas = 11)
[2886 sec, 2283634 itr]: No feasible solution found (infeas = 11)
[2887 sec, 2283634 itr]: No feasible solution found (infeas = 11)
[2888 sec, 2285129 itr]: No feasible solution found (infeas = 11)
[2889 sec, 2285129 itr]: No feasible solution found (infeas = 11)
[2890 sec, 2285816 itr]: No feasible solution found (infeas = 11)
[2891 sec, 2287000 itr]: No feasible solution found (infeas = 11)
[2892 sec, 2287668 itr]: No feasible solution found (infeas = 11)
[2893 sec, 2288326 itr]: No feasible solution found (infeas = 11)
[2894 sec, 2288929 itr]: No feasible solution found (infeas = 11)
[2895 sec, 2289583 itr]: No feasible solution found (infeas = 11)
[2896 sec, 2290254 itr]: No feasible solution found (infeas = 11)
[2897 sec, 2290254 itr]: No feasible solution found (infeas = 11)
[2898 sec, 2291762 itr]: No feasible solution found (infeas = 11)
[2899 sec, 2292447 itr]: No feasible solution found (infeas = 11)
[2900 sec, 2292447 itr]: No feasible solution found (infeas = 11)
[2901 sec, 2293231 itr]: No feasible solution found (infeas = 11)
[2902 sec, 2294637 itr]: No feasible solution found (infeas = 11)
[2903 sec, 2294637 itr]: No feasible solution found (infeas = 11)
[2904 sec, 2295414 itr]: No feasible solution found (infeas = 11)
[2905 sec, 2296090 itr]: No feasible solution found (infeas = 11)
[2906 sec, 2296884 itr]: No feasible solution found (infeas = 11)
[2907 sec, 2297574 itr]: No feasible solution found (infeas = 11)
[2908 sec, 2298974 itr]: No feasible solution found (infeas = 11)
[2909 sec, 2298974 itr]: No feasible solution found (infeas = 11)
[2910 sec, 2300434 itr]: No feasible solution found (infeas = 11)
[2911 sec, 2300434 itr]: No feasible solution found (infeas = 11)
[2912 sec, 2301933 itr]: No feasible solution found (infeas = 11)
[2913 sec, 2301933 itr]: No feasible solution found (infeas = 11)
[2914 sec, 2303601 itr]: No feasible solution found (infeas = 11)
[2915 sec, 2303601 itr]: No feasible solution found (infeas = 11)
[2916 sec, 2305198 itr]: No feasible solution found (infeas = 11)
[2917 sec, 2305955 itr]: No feasible solution found (infeas = 11)
[2918 sec, 2305955 itr]: No feasible solution found (infeas = 11)
[2919 sec, 2307471 itr]: No feasible solution found (infeas = 11)
[2920 sec, 2307471 itr]: No feasible solution found (infeas = 11)
[2921 sec, 2308967 itr]: No feasible solution found (infeas = 11)
[2922 sec, 2308967 itr]: No feasible solution found (infeas = 11)
[2923 sec, 2310455 itr]: No feasible solution found (infeas = 11)
[2924 sec, 2311104 itr]: No feasible solution found (infeas = 11)
[2925 sec, 2311104 itr]: No feasible solution found (infeas = 11)
[2926 sec, 2312583 itr]: No feasible solution found (infeas = 11)
[2927 sec, 2313345 itr]: No feasible solution found (infeas = 11)
[2928 sec, 2313345 itr]: No feasible solution found (infeas = 11)
[2929 sec, 2314056 itr]: No feasible solution found (infeas = 11)
[2930 sec, 2314809 itr]: No feasible solution found (infeas = 11)
[2931 sec, 2316228 itr]: No feasible solution found (infeas = 11)
[2932 sec, 2316914 itr]: No feasible solution found (infeas = 11)
[2933 sec, 2316914 itr]: No feasible solution found (infeas = 11)
[2934 sec, 2318294 itr]: No feasible solution found (infeas = 11)
[2935 sec, 2318294 itr]: No feasible solution found (infeas = 11)
[2936 sec, 2319808 itr]: No feasible solution found (infeas = 11)
[2937 sec, 2320491 itr]: No feasible solution found (infeas = 11)
[2938 sec, 2321226 itr]: No feasible solution found (infeas = 11)
[2939 sec, 2321890 itr]: No feasible solution found (infeas = 11)
[2940 sec, 2321890 itr]: No feasible solution found (infeas = 11)
[2941 sec, 2323234 itr]: No feasible solution found (infeas = 11)
[2942 sec, 2323971 itr]: No feasible solution found (infeas = 11)
[2943 sec, 2323971 itr]: No feasible solution found (infeas = 11)
[2944 sec, 2324634 itr]: No feasible solution found (infeas = 11)
[2945 sec, 2325990 itr]: No feasible solution found (infeas = 11)
[2946 sec, 2325990 itr]: No feasible solution found (infeas = 11)
[2947 sec, 2327413 itr]: No feasible solution found (infeas = 11)
[2948 sec, 2328138 itr]: No feasible solution found (infeas = 11)
[2949 sec, 2328845 itr]: No feasible solution found (infeas = 11)
[2950 sec, 2329498 itr]: No feasible solution found (infeas = 11)
[2951 sec, 2330204 itr]: No feasible solution found (infeas = 11)
[2952 sec, 2330849 itr]: No feasible solution found (infeas = 11)
[2953 sec, 2331626 itr]: No feasible solution found (infeas = 11)
[2954 sec, 2332319 itr]: No feasible solution found (infeas = 11)
[2955 sec, 2333084 itr]: No feasible solution found (infeas = 11)
[2956 sec, 2333768 itr]: No feasible solution found (infeas = 11)
[2957 sec, 2333768 itr]: No feasible solution found (infeas = 11)
[2958 sec, 2335301 itr]: No feasible solution found (infeas = 11)
[2959 sec, 2335301 itr]: No feasible solution found (infeas = 11)
[2960 sec, 2336124 itr]: No feasible solution found (infeas = 11)
[2961 sec, 2336891 itr]: No feasible solution found (infeas = 11)
[2962 sec, 2337641 itr]: No feasible solution found (infeas = 11)
[2963 sec, 2338367 itr]: No feasible solution found (infeas = 11)
[2964 sec, 2339898 itr]: No feasible solution found (infeas = 11)
[2965 sec, 2340689 itr]: No feasible solution found (infeas = 11)
[2966 sec, 2341352 itr]: No feasible solution found (infeas = 11)
[2967 sec, 2341352 itr]: No feasible solution found (infeas = 11)
[2968 sec, 2342179 itr]: No feasible solution found (infeas = 11)
[2969 sec, 2343668 itr]: No feasible solution found (infeas = 11)
[2970 sec, 2343668 itr]: No feasible solution found (infeas = 11)
[2971 sec, 2345191 itr]: No feasible solution found (infeas = 11)
[2972 sec, 2345944 itr]: No feasible solution found (infeas = 11)
[2973 sec, 2346670 itr]: No feasible solution found (infeas = 11)
[2974 sec, 2347478 itr]: No feasible solution found (infeas = 11)
[2975 sec, 2348273 itr]: No feasible solution found (infeas = 11)
[2976 sec, 2348989 itr]: No feasible solution found (infeas = 11)
[2977 sec, 2349673 itr]: No feasible solution found (infeas = 11)
[2978 sec, 2350366 itr]: No feasible solution found (infeas = 11)
[2979 sec, 2350366 itr]: No feasible solution found (infeas = 11)
[2980 sec, 2351803 itr]: No feasible solution found (infeas = 11)
[2981 sec, 2352594 itr]: No feasible solution found (infeas = 11)
[2982 sec, 2353334 itr]: No feasible solution found (infeas = 11)
[2983 sec, 2354084 itr]: No feasible solution found (infeas = 11)
[2984 sec, 2354713 itr]: No feasible solution found (infeas = 11)
[2985 sec, 2355505 itr]: No feasible solution found (infeas = 11)
[2986 sec, 2356229 itr]: No feasible solution found (infeas = 11)
[2987 sec, 2356986 itr]: No feasible solution found (infeas = 11)
[2988 sec, 2356986 itr]: No feasible solution found (infeas = 11)
[2989 sec, 2358465 itr]: No feasible solution found (infeas = 11)
[2990 sec, 2359161 itr]: No feasible solution found (infeas = 11)
[2991 sec, 2359915 itr]: No feasible solution found (infeas = 11)
[2992 sec, 2360607 itr]: No feasible solution found (infeas = 11)
[2993 sec, 2361383 itr]: No feasible solution found (infeas = 11)
[2994 sec, 2362056 itr]: No feasible solution found (infeas = 11)
[2995 sec, 2362730 itr]: No feasible solution found (infeas = 11)
[2996 sec, 2363481 itr]: No feasible solution found (infeas = 11)
[2997 sec, 2363481 itr]: No feasible solution found (infeas = 11)
[2998 sec, 2364899 itr]: No feasible solution found (infeas = 11)
[2999 sec, 2365643 itr]: No feasible solution found (infeas = 11)
[3000 sec, 2366343 itr]: No feasible solution found (infeas = 11)
[3001 sec, 2367089 itr]: No feasible solution found (infeas = 11)
[3002 sec, 2367089 itr]: No feasible solution found (infeas = 11)
[3003 sec, 2367759 itr]: No feasible solution found (infeas = 11)
[3004 sec, 2369274 itr]: No feasible solution found (infeas = 11)
[3005 sec, 2369274 itr]: No feasible solution found (infeas = 11)
[3006 sec, 2370035 itr]: No feasible solution found (infeas = 11)
[3007 sec, 2370740 itr]: No feasible solution found (infeas = 11)
[3008 sec, 2371517 itr]: No feasible solution found (infeas = 11)
[3009 sec, 2372342 itr]: No feasible solution found (infeas = 11)
[3010 sec, 2373957 itr]: No feasible solution found (infeas = 11)
[3011 sec, 2373957 itr]: No feasible solution found (infeas = 11)
[3012 sec, 2375534 itr]: No feasible solution found (infeas = 11)
[3013 sec, 2376246 itr]: No feasible solution found (infeas = 11)
[3014 sec, 2376956 itr]: No feasible solution found (infeas = 11)
[3015 sec, 2377715 itr]: No feasible solution found (infeas = 11)
[3016 sec, 2377715 itr]: No feasible solution found (infeas = 11)
[3017 sec, 2378451 itr]: No feasible solution found (infeas = 11)
[3018 sec, 2379155 itr]: No feasible solution found (infeas = 11)
[3019 sec, 2380656 itr]: No feasible solution found (infeas = 11)
[3020 sec, 2380656 itr]: No feasible solution found (infeas = 11)
[3021 sec, 2382106 itr]: No feasible solution found (infeas = 11)
[3022 sec, 2382823 itr]: No feasible solution found (infeas = 11)
[3023 sec, 2382823 itr]: No feasible solution found (infeas = 11)
[3024 sec, 2383635 itr]: No feasible solution found (infeas = 11)
[3025 sec, 2385185 itr]: No feasible solution found (infeas = 11)
[3026 sec, 2385907 itr]: No feasible solution found (infeas = 11)
[3027 sec, 2386616 itr]: No feasible solution found (infeas = 11)
[3028 sec, 2387344 itr]: No feasible solution found (infeas = 11)
[3029 sec, 2388076 itr]: No feasible solution found (infeas = 11)
[3030 sec, 2388729 itr]: No feasible solution found (infeas = 11)
[3031 sec, 2389404 itr]: No feasible solution found (infeas = 11)
[3032 sec, 2390072 itr]: No feasible solution found (infeas = 11)
[3033 sec, 2390072 itr]: No feasible solution found (infeas = 11)
[3034 sec, 2391457 itr]: No feasible solution found (infeas = 11)
[3035 sec, 2392172 itr]: No feasible solution found (infeas = 11)
[3036 sec, 2392172 itr]: No feasible solution found (infeas = 11)
[3037 sec, 2392868 itr]: No feasible solution found (infeas = 11)
[3038 sec, 2394288 itr]: No feasible solution found (infeas = 11)
[3039 sec, 2395037 itr]: No feasible solution found (infeas = 11)
[3040 sec, 2395037 itr]: No feasible solution found (infeas = 11)
[3041 sec, 2395734 itr]: No feasible solution found (infeas = 11)
[3042 sec, 2396476 itr]: No feasible solution found (infeas = 11)
[3043 sec, 2397228 itr]: No feasible solution found (infeas = 11)
[3044 sec, 2397962 itr]: No feasible solution found (infeas = 11)
[3045 sec, 2399443 itr]: No feasible solution found (infeas = 11)
[3046 sec, 2400158 itr]: No feasible solution found (infeas = 11)
[3047 sec, 2400158 itr]: No feasible solution found (infeas = 11)
[3048 sec, 2401499 itr]: No feasible solution found (infeas = 11)
[3049 sec, 2401499 itr]: No feasible solution found (infeas = 11)
[3050 sec, 2402134 itr]: No feasible solution found (infeas = 11)
[3051 sec, 2403524 itr]: No feasible solution found (infeas = 11)
[3052 sec, 2403524 itr]: No feasible solution found (infeas = 11)
[3053 sec, 2404967 itr]: No feasible solution found (infeas = 11)
[3054 sec, 2405702 itr]: No feasible solution found (infeas = 11)
[3055 sec, 2405702 itr]: No feasible solution found (infeas = 11)
[3056 sec, 2407036 itr]: No feasible solution found (infeas = 11)
[3057 sec, 2407645 itr]: No feasible solution found (infeas = 11)
[3058 sec, 2408332 itr]: No feasible solution found (infeas = 11)
[3059 sec, 2409075 itr]: No feasible solution found (infeas = 11)
[3060 sec, 2409785 itr]: No feasible solution found (infeas = 11)
[3061 sec, 2410457 itr]: No feasible solution found (infeas = 11)
[3062 sec, 2411168 itr]: No feasible solution found (infeas = 11)
[3063 sec, 2411865 itr]: No feasible solution found (infeas = 11)
[3064 sec, 2412616 itr]: No feasible solution found (infeas = 11)
[3065 sec, 2412616 itr]: No feasible solution found (infeas = 11)
[3066 sec, 2413316 itr]: No feasible solution found (infeas = 11)
[3067 sec, 2414070 itr]: No feasible solution found (infeas = 11)
[3068 sec, 2414862 itr]: No feasible solution found (infeas = 11)
[3069 sec, 2416454 itr]: No feasible solution found (infeas = 11)
[3070 sec, 2417243 itr]: No feasible solution found (infeas = 11)
[3071 sec, 2417243 itr]: No feasible solution found (infeas = 11)
[3072 sec, 2417991 itr]: No feasible solution found (infeas = 11)
[3073 sec, 2419498 itr]: No feasible solution found (infeas = 11)
[3074 sec, 2420238 itr]: No feasible solution found (infeas = 11)
[3075 sec, 2420238 itr]: No feasible solution found (infeas = 11)
[3076 sec, 2421014 itr]: No feasible solution found (infeas = 11)
[3077 sec, 2421762 itr]: No feasible solution found (infeas = 11)
[3078 sec, 2422511 itr]: No feasible solution found (infeas = 11)
[3079 sec, 2423196 itr]: No feasible solution found (infeas = 11)
[3080 sec, 2423921 itr]: No feasible solution found (infeas = 11)
[3081 sec, 2424674 itr]: No feasible solution found (infeas = 11)
[3082 sec, 2426376 itr]: No feasible solution found (infeas = 11)
[3083 sec, 2426376 itr]: No feasible solution found (infeas = 11)
[3084 sec, 2427897 itr]: No feasible solution found (infeas = 11)
[3085 sec, 2427897 itr]: No feasible solution found (infeas = 11)
[3086 sec, 2428615 itr]: No feasible solution found (infeas = 11)
[3087 sec, 2430210 itr]: No feasible solution found (infeas = 11)
[3088 sec, 2430210 itr]: No feasible solution found (infeas = 11)
[3089 sec, 2430965 itr]: No feasible solution found (infeas = 11)
[3090 sec, 2431723 itr]: No feasible solution found (infeas = 11)
[3091 sec, 2432500 itr]: No feasible solution found (infeas = 11)
[3092 sec, 2433301 itr]: No feasible solution found (infeas = 11)
[3093 sec, 2434797 itr]: No feasible solution found (infeas = 11)
[3094 sec, 2434797 itr]: No feasible solution found (infeas = 11)
[3095 sec, 2436303 itr]: No feasible solution found (infeas = 11)
[3096 sec, 2437054 itr]: No feasible solution found (infeas = 11)
[3097 sec, 2437803 itr]: No feasible solution found (infeas = 11)
[3098 sec, 2438497 itr]: No feasible solution found (infeas = 11)
[3099 sec, 2439237 itr]: No feasible solution found (infeas = 11)
[3100 sec, 2439237 itr]: No feasible solution found (infeas = 11)
[3101 sec, 2439955 itr]: No feasible solution found (infeas = 11)
[3102 sec, 2440683 itr]: No feasible solution found (infeas = 11)
[3103 sec, 2441314 itr]: No feasible solution found (infeas = 11)
[3104 sec, 2442008 itr]: No feasible solution found (infeas = 11)
[3105 sec, 2442731 itr]: No feasible solution found (infeas = 11)
[3106 sec, 2443474 itr]: No feasible solution found (infeas = 11)
[3107 sec, 2444205 itr]: No feasible solution found (infeas = 11)
[3108 sec, 2444980 itr]: No feasible solution found (infeas = 11)
[3109 sec, 2445707 itr]: No feasible solution found (infeas = 11)
[3110 sec, 2446364 itr]: No feasible solution found (infeas = 11)
[3111 sec, 2447123 itr]: No feasible solution found (infeas = 11)
[3112 sec, 2447882 itr]: No feasible solution found (infeas = 11)
[3113 sec, 2448601 itr]: No feasible solution found (infeas = 11)
[3114 sec, 2449346 itr]: No feasible solution found (infeas = 11)
[3115 sec, 2450115 itr]: No feasible solution found (infeas = 11)
[3116 sec, 2450891 itr]: No feasible solution found (infeas = 11)
[3117 sec, 2451590 itr]: No feasible solution found (infeas = 11)
[3118 sec, 2452292 itr]: No feasible solution found (infeas = 11)
[3119 sec, 2452993 itr]: No feasible solution found (infeas = 11)
[3120 sec, 2453735 itr]: No feasible solution found (infeas = 11)
[3121 sec, 2454464 itr]: No feasible solution found (infeas = 11)
[3122 sec, 2455870 itr]: No feasible solution found (infeas = 11)
[3123 sec, 2455870 itr]: No feasible solution found (infeas = 11)
[3124 sec, 2456606 itr]: No feasible solution found (infeas = 11)
[3125 sec, 2458085 itr]: No feasible solution found (infeas = 11)
[3126 sec, 2458820 itr]: No feasible solution found (infeas = 11)
[3127 sec, 2458820 itr]: No feasible solution found (infeas = 11)
[3128 sec, 2460322 itr]: No feasible solution found (infeas = 11)
[3129 sec, 2460322 itr]: No feasible solution found (infeas = 11)
[3130 sec, 2460968 itr]: No feasible solution found (infeas = 11)
[3131 sec, 2461698 itr]: No feasible solution found (infeas = 11)
[3132 sec, 2462379 itr]: No feasible solution found (infeas = 11)
[3133 sec, 2463137 itr]: No feasible solution found (infeas = 11)
[3134 sec, 2464543 itr]: No feasible solution found (infeas = 11)
[3135 sec, 2465289 itr]: No feasible solution found (infeas = 11)
[3136 sec, 2466009 itr]: No feasible solution found (infeas = 11)
[3137 sec, 2466689 itr]: No feasible solution found (infeas = 11)
[3138 sec, 2466689 itr]: No feasible solution found (infeas = 11)
[3139 sec, 2468058 itr]: No feasible solution found (infeas = 11)
[3140 sec, 2468773 itr]: No feasible solution found (infeas = 11)
[3141 sec, 2469456 itr]: No feasible solution found (infeas = 11)
[3142 sec, 2470119 itr]: No feasible solution found (infeas = 11)
[3143 sec, 2470808 itr]: No feasible solution found (infeas = 11)
[3144 sec, 2471593 itr]: No feasible solution found (infeas = 11)
[3145 sec, 2471593 itr]: No feasible solution found (infeas = 11)
[3146 sec, 2472990 itr]: No feasible solution found (infeas = 11)
[3147 sec, 2472990 itr]: No feasible solution found (infeas = 11)
[3148 sec, 2473731 itr]: No feasible solution found (infeas = 11)
[3149 sec, 2475150 itr]: No feasible solution found (infeas = 11)
[3150 sec, 2475150 itr]: No feasible solution found (infeas = 11)
[3151 sec, 2476606 itr]: No feasible solution found (infeas = 11)
[3152 sec, 2477310 itr]: No feasible solution found (infeas = 11)
[3153 sec, 2477310 itr]: No feasible solution found (infeas = 11)
[3154 sec, 2478835 itr]: No feasible solution found (infeas = 11)
[3155 sec, 2478835 itr]: No feasible solution found (infeas = 11)
[3156 sec, 2479607 itr]: No feasible solution found (infeas = 11)
[3157 sec, 2480390 itr]: No feasible solution found (infeas = 11)
[3158 sec, 2481873 itr]: No feasible solution found (infeas = 11)
[3159 sec, 2481873 itr]: No feasible solution found (infeas = 11)
[3160 sec, 2483286 itr]: No feasible solution found (infeas = 11)
[3161 sec, 2483993 itr]: No feasible solution found (infeas = 11)
[3162 sec, 2484728 itr]: No feasible solution found (infeas = 11)
[3163 sec, 2484728 itr]: No feasible solution found (infeas = 11)
[3164 sec, 2485431 itr]: No feasible solution found (infeas = 11)
[3165 sec, 2487024 itr]: No feasible solution found (infeas = 11)
[3166 sec, 2487024 itr]: No feasible solution found (infeas = 11)
[3167 sec, 2487855 itr]: No feasible solution found (infeas = 11)
[3168 sec, 2489395 itr]: No feasible solution found (infeas = 11)
[3169 sec, 2489395 itr]: No feasible solution found (infeas = 11)
[3170 sec, 2490189 itr]: No feasible solution found (infeas = 11)
[3171 sec, 2490946 itr]: No feasible solution found (infeas = 11)
[3172 sec, 2491821 itr]: No feasible solution found (infeas = 11)
[3173 sec, 2492619 itr]: No feasible solution found (infeas = 11)
[3174 sec, 2493424 itr]: No feasible solution found (infeas = 11)
[3175 sec, 2494985 itr]: No feasible solution found (infeas = 11)
[3176 sec, 2494985 itr]: No feasible solution found (infeas = 11)
[3177 sec, 2495762 itr]: No feasible solution found (infeas = 11)
[3178 sec, 2496547 itr]: No feasible solution found (infeas = 11)
[3179 sec, 2497255 itr]: No feasible solution found (infeas = 11)
[3180 sec, 2498842 itr]: No feasible solution found (infeas = 11)
[3181 sec, 2498842 itr]: No feasible solution found (infeas = 11)
[3182 sec, 2500356 itr]: No feasible solution found (infeas = 11)
[3183 sec, 2501097 itr]: No feasible solution found (infeas = 11)
[3184 sec, 2501097 itr]: No feasible solution found (infeas = 11)
[3185 sec, 2502543 itr]: No feasible solution found (infeas = 11)
[3186 sec, 2502543 itr]: No feasible solution found (infeas = 11)
[3187 sec, 2503292 itr]: No feasible solution found (infeas = 11)
[3188 sec, 2504005 itr]: No feasible solution found (infeas = 11)
[3189 sec, 2505590 itr]: No feasible solution found (infeas = 11)
[3190 sec, 2505590 itr]: No feasible solution found (infeas = 11)
[3191 sec, 2506434 itr]: No feasible solution found (infeas = 11)
[3192 sec, 2507232 itr]: No feasible solution found (infeas = 11)
[3193 sec, 2508040 itr]: No feasible solution found (infeas = 11)
[3194 sec, 2508875 itr]: No feasible solution found (infeas = 11)
[3195 sec, 2510518 itr]: No feasible solution found (infeas = 11)
[3196 sec, 2510518 itr]: No feasible solution found (infeas = 11)
[3197 sec, 2511454 itr]: No feasible solution found (infeas = 11)
[3198 sec, 2512301 itr]: No feasible solution found (infeas = 11)
[3199 sec, 2513977 itr]: No feasible solution found (infeas = 11)
[3200 sec, 2513977 itr]: No feasible solution found (infeas = 11)
[3201 sec, 2515752 itr]: No feasible solution found (infeas = 11)
[3202 sec, 2516525 itr]: No feasible solution found (infeas = 11)
[3203 sec, 2517260 itr]: No feasible solution found (infeas = 11)
[3204 sec, 2518010 itr]: No feasible solution found (infeas = 11)
[3205 sec, 2518771 itr]: No feasible solution found (infeas = 11)
[3206 sec, 2519530 itr]: No feasible solution found (infeas = 11)
[3207 sec, 2520336 itr]: No feasible solution found (infeas = 11)
[3208 sec, 2520336 itr]: No feasible solution found (infeas = 11)
[3209 sec, 2521076 itr]: No feasible solution found (infeas = 11)
[3210 sec, 2521809 itr]: No feasible solution found (infeas = 11)
[3211 sec, 2522541 itr]: No feasible solution found (infeas = 11)
[3212 sec, 2523289 itr]: No feasible solution found (infeas = 11)
[3213 sec, 2524714 itr]: No feasible solution found (infeas = 11)
[3214 sec, 2524714 itr]: No feasible solution found (infeas = 11)
[3215 sec, 2525488 itr]: No feasible solution found (infeas = 11)
[3216 sec, 2526910 itr]: No feasible solution found (infeas = 11)
[3217 sec, 2527637 itr]: No feasible solution found (infeas = 11)
[3218 sec, 2528410 itr]: No feasible solution found (infeas = 11)
[3219 sec, 2528410 itr]: No feasible solution found (infeas = 11)
[3220 sec, 2529843 itr]: No feasible solution found (infeas = 11)
[3221 sec, 2529843 itr]: No feasible solution found (infeas = 11)
[3222 sec, 2531318 itr]: No feasible solution found (infeas = 11)
[3223 sec, 2532032 itr]: No feasible solution found (infeas = 11)
[3224 sec, 2532799 itr]: No feasible solution found (infeas = 11)
[3225 sec, 2532799 itr]: No feasible solution found (infeas = 11)
[3226 sec, 2533530 itr]: No feasible solution found (infeas = 11)
[3227 sec, 2534247 itr]: No feasible solution found (infeas = 11)
[3228 sec, 2535644 itr]: No feasible solution found (infeas = 11)
[3229 sec, 2536411 itr]: No feasible solution found (infeas = 11)
[3230 sec, 2537093 itr]: No feasible solution found (infeas = 11)
[3231 sec, 2537837 itr]: No feasible solution found (infeas = 11)
[3232 sec, 2537837 itr]: No feasible solution found (infeas = 11)
[3233 sec, 2538551 itr]: No feasible solution found (infeas = 11)
[3234 sec, 2539332 itr]: No feasible solution found (infeas = 11)
[3235 sec, 2540106 itr]: No feasible solution found (infeas = 11)
[3236 sec, 2541712 itr]: No feasible solution found (infeas = 11)
[3237 sec, 2541712 itr]: No feasible solution found (infeas = 11)
[3238 sec, 2543128 itr]: No feasible solution found (infeas = 11)
[3239 sec, 2543817 itr]: No feasible solution found (infeas = 11)
[3240 sec, 2544477 itr]: No feasible solution found (infeas = 11)
[3241 sec, 2545187 itr]: No feasible solution found (infeas = 11)
[3242 sec, 2545187 itr]: No feasible solution found (infeas = 11)
[3243 sec, 2545914 itr]: No feasible solution found (infeas = 11)
[3244 sec, 2546585 itr]: No feasible solution found (infeas = 11)
[3245 sec, 2547288 itr]: No feasible solution found (infeas = 11)
[3246 sec, 2548722 itr]: No feasible solution found (infeas = 11)
[3247 sec, 2548722 itr]: No feasible solution found (infeas = 11)
[3248 sec, 2549425 itr]: No feasible solution found (infeas = 11)
[3249 sec, 2550790 itr]: No feasible solution found (infeas = 11)
[3250 sec, 2551465 itr]: No feasible solution found (infeas = 11)
[3251 sec, 2552116 itr]: No feasible solution found (infeas = 11)
[3252 sec, 2552116 itr]: No feasible solution found (infeas = 11)
[3253 sec, 2553444 itr]: No feasible solution found (infeas = 11)
[3254 sec, 2554232 itr]: No feasible solution found (infeas = 11)
[3255 sec, 2554232 itr]: No feasible solution found (infeas = 11)
[3256 sec, 2555753 itr]: No feasible solution found (infeas = 11)
[3257 sec, 2556453 itr]: No feasible solution found (infeas = 11)
[3258 sec, 2557103 itr]: No feasible solution found (infeas = 11)
[3259 sec, 2557103 itr]: No feasible solution found (infeas = 11)
[3260 sec, 2557850 itr]: No feasible solution found (infeas = 11)
[3261 sec, 2558608 itr]: No feasible solution found (infeas = 11)
[3262 sec, 2559365 itr]: No feasible solution found (infeas = 11)
[3263 sec, 2560148 itr]: No feasible solution found (infeas = 11)
[3264 sec, 2560852 itr]: No feasible solution found (infeas = 11)
[3265 sec, 2562357 itr]: No feasible solution found (infeas = 11)
[3266 sec, 2562357 itr]: No feasible solution found (infeas = 11)
[3267 sec, 2563060 itr]: No feasible solution found (infeas = 11)
[3268 sec, 2564472 itr]: No feasible solution found (infeas = 11)
[3269 sec, 2565275 itr]: No feasible solution found (infeas = 11)
[3270 sec, 2565972 itr]: No feasible solution found (infeas = 11)
[3271 sec, 2566678 itr]: No feasible solution found (infeas = 11)
[3272 sec, 2566678 itr]: No feasible solution found (infeas = 11)
[3273 sec, 2567414 itr]: No feasible solution found (infeas = 11)
[3274 sec, 2568826 itr]: No feasible solution found (infeas = 11)
[3275 sec, 2569544 itr]: No feasible solution found (infeas = 11)
[3276 sec, 2569544 itr]: No feasible solution found (infeas = 11)
[3277 sec, 2571196 itr]: No feasible solution found (infeas = 11)
[3278 sec, 2571982 itr]: No feasible solution found (infeas = 11)
[3279 sec, 2571982 itr]: No feasible solution found (infeas = 11)
[3280 sec, 2573375 itr]: No feasible solution found (infeas = 11)
[3281 sec, 2574099 itr]: No feasible solution found (infeas = 11)
[3282 sec, 2574099 itr]: No feasible solution found (infeas = 11)
[3283 sec, 2574806 itr]: No feasible solution found (infeas = 11)
[3284 sec, 2576394 itr]: No feasible solution found (infeas = 11)
[3285 sec, 2577091 itr]: No feasible solution found (infeas = 11)
[3286 sec, 2577091 itr]: No feasible solution found (infeas = 11)
[3287 sec, 2577846 itr]: No feasible solution found (infeas = 11)
[3288 sec, 2578587 itr]: No feasible solution found (infeas = 11)
[3289 sec, 2579291 itr]: No feasible solution found (infeas = 11)
[3290 sec, 2580057 itr]: No feasible solution found (infeas = 11)
[3291 sec, 2581494 itr]: No feasible solution found (infeas = 11)
[3292 sec, 2582190 itr]: No feasible solution found (infeas = 11)
[3293 sec, 2582920 itr]: No feasible solution found (infeas = 11)
[3294 sec, 2582920 itr]: No feasible solution found (infeas = 11)
[3295 sec, 2584307 itr]: No feasible solution found (infeas = 11)
[3296 sec, 2584307 itr]: No feasible solution found (infeas = 11)
[3297 sec, 2584919 itr]: No feasible solution found (infeas = 11)
[3298 sec, 2586281 itr]: No feasible solution found (infeas = 11)
[3299 sec, 2586952 itr]: No feasible solution found (infeas = 11)
[3300 sec, 2587635 itr]: No feasible solution found (infeas = 11)
[3301 sec, 2587635 itr]: No feasible solution found (infeas = 11)
[3302 sec, 2589002 itr]: No feasible solution found (infeas = 11)
[3303 sec, 2589736 itr]: No feasible solution found (infeas = 11)
[3304 sec, 2590407 itr]: No feasible solution found (infeas = 11)
[3305 sec, 2590407 itr]: No feasible solution found (infeas = 11)
[3306 sec, 2591886 itr]: No feasible solution found (infeas = 11)
[3307 sec, 2592602 itr]: No feasible solution found (infeas = 11)
[3308 sec, 2593226 itr]: No feasible solution found (infeas = 11)
[3309 sec, 2593226 itr]: No feasible solution found (infeas = 11)
[3310 sec, 2594507 itr]: No feasible solution found (infeas = 11)
[3311 sec, 2595160 itr]: No feasible solution found (infeas = 11)
[3312 sec, 2595160 itr]: No feasible solution found (infeas = 11)
[3313 sec, 2595855 itr]: No feasible solution found (infeas = 11)
[3314 sec, 2596521 itr]: No feasible solution found (infeas = 11)
[3315 sec, 2597832 itr]: No feasible solution found (infeas = 11)
[3316 sec, 2598481 itr]: No feasible solution found (infeas = 11)
[3317 sec, 2599093 itr]: No feasible solution found (infeas = 11)
[3318 sec, 2599093 itr]: No feasible solution found (infeas = 11)
[3319 sec, 2599701 itr]: No feasible solution found (infeas = 11)
[3320 sec, 2601066 itr]: No feasible solution found (infeas = 11)
[3321 sec, 2601789 itr]: No feasible solution found (infeas = 11)
[3322 sec, 2601789 itr]: No feasible solution found (infeas = 11)
[3323 sec, 2603208 itr]: No feasible solution found (infeas = 11)
[3324 sec, 2603208 itr]: No feasible solution found (infeas = 11)
[3325 sec, 2604735 itr]: No feasible solution found (infeas = 11)
[3326 sec, 2605475 itr]: No feasible solution found (infeas = 11)
[3327 sec, 2606176 itr]: No feasible solution found (infeas = 11)
[3328 sec, 2606840 itr]: No feasible solution found (infeas = 11)
[3329 sec, 2607511 itr]: No feasible solution found (infeas = 11)
[3330 sec, 2608278 itr]: No feasible solution found (infeas = 11)
[3331 sec, 2609010 itr]: No feasible solution found (infeas = 11)
[3332 sec, 2609010 itr]: No feasible solution found (infeas = 11)
[3333 sec, 2609627 itr]: No feasible solution found (infeas = 11)
[3334 sec, 2611026 itr]: No feasible solution found (infeas = 11)
[3335 sec, 2611026 itr]: No feasible solution found (infeas = 11)
[3336 sec, 2612207 itr]: No feasible solution found (infeas = 11)
[3337 sec, 2612858 itr]: No feasible solution found (infeas = 11)
[3338 sec, 2612858 itr]: No feasible solution found (infeas = 11)
[3339 sec, 2613523 itr]: No feasible solution found (infeas = 11)
[3340 sec, 2614211 itr]: No feasible solution found (infeas = 11)
[3341 sec, 2614894 itr]: No feasible solution found (infeas = 11)
[3342 sec, 2615576 itr]: No feasible solution found (infeas = 11)
[3343 sec, 2616966 itr]: No feasible solution found (infeas = 11)
[3344 sec, 2616966 itr]: No feasible solution found (infeas = 11)
[3345 sec, 2617606 itr]: No feasible solution found (infeas = 11)
[3346 sec, 2618295 itr]: No feasible solution found (infeas = 11)
[3347 sec, 2619709 itr]: No feasible solution found (infeas = 11)
[3348 sec, 2620469 itr]: No feasible solution found (infeas = 11)
[3349 sec, 2620469 itr]: No feasible solution found (infeas = 11)
[3350 sec, 2621196 itr]: No feasible solution found (infeas = 11)
[3351 sec, 2622737 itr]: No feasible solution found (infeas = 11)
[3352 sec, 2623453 itr]: No feasible solution found (infeas = 11)
[3353 sec, 2623453 itr]: No feasible solution found (infeas = 11)
[3354 sec, 2624855 itr]: No feasible solution found (infeas = 11)
[3355 sec, 2625575 itr]: No feasible solution found (infeas = 11)
[3356 sec, 2625575 itr]: No feasible solution found (infeas = 11)
[3357 sec, 2626285 itr]: No feasible solution found (infeas = 11)
[3358 sec, 2627634 itr]: No feasible solution found (infeas = 11)
[3359 sec, 2627634 itr]: No feasible solution found (infeas = 11)
[3360 sec, 2628344 itr]: No feasible solution found (infeas = 11)
[3361 sec, 2629059 itr]: No feasible solution found (infeas = 11)
[3362 sec, 2630507 itr]: No feasible solution found (infeas = 11)
[3363 sec, 2630507 itr]: No feasible solution found (infeas = 11)
[3364 sec, 2631214 itr]: No feasible solution found (infeas = 11)
[3365 sec, 2632708 itr]: No feasible solution found (infeas = 11)
[3366 sec, 2633386 itr]: No feasible solution found (infeas = 11)
[3367 sec, 2633386 itr]: No feasible solution found (infeas = 11)
[3368 sec, 2634048 itr]: No feasible solution found (infeas = 11)
[3369 sec, 2634757 itr]: No feasible solution found (infeas = 11)
[3370 sec, 2636055 itr]: No feasible solution found (infeas = 11)
[3371 sec, 2636757 itr]: No feasible solution found (infeas = 11)
[3372 sec, 2637360 itr]: No feasible solution found (infeas = 11)
[3373 sec, 2638017 itr]: No feasible solution found (infeas = 11)
[3374 sec, 2638643 itr]: No feasible solution found (infeas = 11)
[3375 sec, 2639215 itr]: No feasible solution found (infeas = 11)
[3376 sec, 2639215 itr]: No feasible solution found (infeas = 11)
[3377 sec, 2639938 itr]: No feasible solution found (infeas = 11)
[3378 sec, 2641228 itr]: No feasible solution found (infeas = 11)
[3379 sec, 2641228 itr]: No feasible solution found (infeas = 11)
[3380 sec, 2642657 itr]: No feasible solution found (infeas = 11)
[3381 sec, 2643320 itr]: No feasible solution found (infeas = 11)
[3382 sec, 2643320 itr]: No feasible solution found (infeas = 11)
[3383 sec, 2644752 itr]: No feasible solution found (infeas = 11)
[3384 sec, 2645402 itr]: No feasible solution found (infeas = 11)
[3385 sec, 2646064 itr]: No feasible solution found (infeas = 11)
[3386 sec, 2646716 itr]: No feasible solution found (infeas = 11)
[3387 sec, 2647436 itr]: No feasible solution found (infeas = 11)
[3388 sec, 2647436 itr]: No feasible solution found (infeas = 11)
[3389 sec, 2648711 itr]: No feasible solution found (infeas = 11)
[3390 sec, 2648711 itr]: No feasible solution found (infeas = 11)
[3391 sec, 2649381 itr]: No feasible solution found (infeas = 11)
[3392 sec, 2650051 itr]: No feasible solution found (infeas = 11)
[3393 sec, 2651327 itr]: No feasible solution found (infeas = 11)
[3394 sec, 2651327 itr]: No feasible solution found (infeas = 11)
[3395 sec, 2652666 itr]: No feasible solution found (infeas = 11)
[3396 sec, 2652666 itr]: No feasible solution found (infeas = 11)
[3397 sec, 2653980 itr]: No feasible solution found (infeas = 11)
[3398 sec, 2654683 itr]: No feasible solution found (infeas = 11)
[3399 sec, 2655302 itr]: No feasible solution found (infeas = 11)
[3400 sec, 2655987 itr]: No feasible solution found (infeas = 11)
[3401 sec, 2656654 itr]: No feasible solution found (infeas = 11)
[3402 sec, 2656654 itr]: No feasible solution found (infeas = 11)
[3403 sec, 2657913 itr]: No feasible solution found (infeas = 11)
[3404 sec, 2657913 itr]: No feasible solution found (infeas = 11)
[3405 sec, 2658643 itr]: No feasible solution found (infeas = 11)
[3406 sec, 2659322 itr]: No feasible solution found (infeas = 11)
[3407 sec, 2660806 itr]: No feasible solution found (infeas = 11)
[3408 sec, 2660806 itr]: No feasible solution found (infeas = 11)
[3409 sec, 2662196 itr]: No feasible solution found (infeas = 11)
[3410 sec, 2662894 itr]: No feasible solution found (infeas = 11)
[3411 sec, 2663581 itr]: No feasible solution found (infeas = 11)
[3412 sec, 2664253 itr]: No feasible solution found (infeas = 11)
[3413 sec, 2664253 itr]: No feasible solution found (infeas = 11)
[3414 sec, 2665615 itr]: No feasible solution found (infeas = 11)
[3415 sec, 2666228 itr]: No feasible solution found (infeas = 11)
[3416 sec, 2666228 itr]: No feasible solution found (infeas = 11)
[3417 sec, 2667564 itr]: No feasible solution found (infeas = 11)
[3418 sec, 2667564 itr]: No feasible solution found (infeas = 11)
[3419 sec, 2669003 itr]: No feasible solution found (infeas = 11)
[3420 sec, 2669003 itr]: No feasible solution found (infeas = 11)
[3421 sec, 2669689 itr]: No feasible solution found (infeas = 11)
[3422 sec, 2670285 itr]: No feasible solution found (infeas = 11)
[3423 sec, 2670916 itr]: No feasible solution found (infeas = 11)
[3424 sec, 2671576 itr]: No feasible solution found (infeas = 11)
[3425 sec, 2672201 itr]: No feasible solution found (infeas = 11)
[3426 sec, 2672936 itr]: No feasible solution found (infeas = 11)
[3427 sec, 2673693 itr]: No feasible solution found (infeas = 11)
[3428 sec, 2675065 itr]: No feasible solution found (infeas = 11)
[3429 sec, 2675761 itr]: No feasible solution found (infeas = 11)
[3430 sec, 2676493 itr]: No feasible solution found (infeas = 11)
[3431 sec, 2677206 itr]: No feasible solution found (infeas = 11)
[3432 sec, 2677206 itr]: No feasible solution found (infeas = 11)
[3433 sec, 2678679 itr]: No feasible solution found (infeas = 11)
[3434 sec, 2678679 itr]: No feasible solution found (infeas = 11)
[3435 sec, 2679394 itr]: No feasible solution found (infeas = 11)
[3436 sec, 2680120 itr]: No feasible solution found (infeas = 11)
[3437 sec, 2680877 itr]: No feasible solution found (infeas = 11)
[3438 sec, 2681608 itr]: No feasible solution found (infeas = 11)
[3439 sec, 2682957 itr]: No feasible solution found (infeas = 11)
[3440 sec, 2683597 itr]: No feasible solution found (infeas = 11)
[3441 sec, 2683597 itr]: No feasible solution found (infeas = 11)
[3442 sec, 2684930 itr]: No feasible solution found (infeas = 11)
[3443 sec, 2684930 itr]: No feasible solution found (infeas = 11)
[3444 sec, 2685591 itr]: No feasible solution found (infeas = 11)
[3445 sec, 2686948 itr]: No feasible solution found (infeas = 11)
[3446 sec, 2686948 itr]: No feasible solution found (infeas = 11)
[3447 sec, 2688373 itr]: No feasible solution found (infeas = 11)
[3448 sec, 2689055 itr]: No feasible solution found (infeas = 11)
[3449 sec, 2689730 itr]: No feasible solution found (infeas = 11)
[3450 sec, 2690375 itr]: No feasible solution found (infeas = 11)
[3451 sec, 2690375 itr]: No feasible solution found (infeas = 11)
[3452 sec, 2691012 itr]: No feasible solution found (infeas = 11)
[3453 sec, 2692227 itr]: No feasible solution found (infeas = 11)
[3454 sec, 2692945 itr]: No feasible solution found (infeas = 11)
[3455 sec, 2693632 itr]: No feasible solution found (infeas = 11)
[3456 sec, 2693632 itr]: No feasible solution found (infeas = 11)
[3457 sec, 2694281 itr]: No feasible solution found (infeas = 11)
[3458 sec, 2695629 itr]: No feasible solution found (infeas = 11)
[3459 sec, 2696248 itr]: No feasible solution found (infeas = 11)
[3460 sec, 2696248 itr]: No feasible solution found (infeas = 11)
[3461 sec, 2696963 itr]: No feasible solution found (infeas = 11)
[3462 sec, 2697651 itr]: No feasible solution found (infeas = 11)
[3463 sec, 2698374 itr]: No feasible solution found (infeas = 11)
[3464 sec, 2699074 itr]: No feasible solution found (infeas = 11)
[3465 sec, 2699768 itr]: No feasible solution found (infeas = 11)
[3466 sec, 2700502 itr]: No feasible solution found (infeas = 11)
[3467 sec, 2701265 itr]: No feasible solution found (infeas = 11)
[3468 sec, 2701919 itr]: No feasible solution found (infeas = 11)
[3469 sec, 2703319 itr]: No feasible solution found (infeas = 11)
[3470 sec, 2704011 itr]: No feasible solution found (infeas = 11)
[3471 sec, 2704690 itr]: No feasible solution found (infeas = 11)
[3472 sec, 2705347 itr]: No feasible solution found (infeas = 11)
[3473 sec, 2705347 itr]: No feasible solution found (infeas = 11)
[3474 sec, 2705975 itr]: No feasible solution found (infeas = 11)
[3475 sec, 2707219 itr]: No feasible solution found (infeas = 11)
[3476 sec, 2707852 itr]: No feasible solution found (infeas = 11)
[3477 sec, 2707852 itr]: No feasible solution found (infeas = 11)
[3478 sec, 2708468 itr]: No feasible solution found (infeas = 11)
[3479 sec, 2709171 itr]: No feasible solution found (infeas = 11)
[3480 sec, 2710585 itr]: No feasible solution found (infeas = 11)
[3481 sec, 2710585 itr]: No feasible solution found (infeas = 11)
[3482 sec, 2711276 itr]: No feasible solution found (infeas = 11)
[3483 sec, 2712034 itr]: No feasible solution found (infeas = 11)
[3484 sec, 2712780 itr]: No feasible solution found (infeas = 11)
[3485 sec, 2714189 itr]: No feasible solution found (infeas = 11)
[3486 sec, 2714897 itr]: No feasible solution found (infeas = 11)
[3487 sec, 2714897 itr]: No feasible solution found (infeas = 11)
[3488 sec, 2716387 itr]: No feasible solution found (infeas = 11)
[3489 sec, 2716387 itr]: No feasible solution found (infeas = 11)
[3490 sec, 2717016 itr]: No feasible solution found (infeas = 11)
[3491 sec, 2717719 itr]: No feasible solution found (infeas = 11)
[3492 sec, 2718387 itr]: No feasible solution found (infeas = 11)
[3493 sec, 2719087 itr]: No feasible solution found (infeas = 11)
[3494 sec, 2719725 itr]: No feasible solution found (infeas = 11)
[3495 sec, 2721086 itr]: No feasible solution found (infeas = 11)
[3496 sec, 2721086 itr]: No feasible solution found (infeas = 11)
[3497 sec, 2721771 itr]: No feasible solution found (infeas = 11)
[3498 sec, 2722534 itr]: No feasible solution found (infeas = 11)
[3499 sec, 2723218 itr]: No feasible solution found (infeas = 11)
[3500 sec, 2724659 itr]: No feasible solution found (infeas = 11)
[3501 sec, 2724659 itr]: No feasible solution found (infeas = 11)
[3502 sec, 2725308 itr]: No feasible solution found (infeas = 11)
[3503 sec, 2725956 itr]: No feasible solution found (infeas = 11)
[3504 sec, 2727382 itr]: No feasible solution found (infeas = 11)
[3505 sec, 2728008 itr]: No feasible solution found (infeas = 11)
[3506 sec, 2728008 itr]: No feasible solution found (infeas = 11)
[3507 sec, 2729368 itr]: No feasible solution found (infeas = 11)
[3508 sec, 2729999 itr]: No feasible solution found (infeas = 11)
[3509 sec, 2730674 itr]: No feasible solution found (infeas = 11)
[3510 sec, 2731310 itr]: No feasible solution found (infeas = 11)
[3511 sec, 2731310 itr]: No feasible solution found (infeas = 11)
[3512 sec, 2732573 itr]: No feasible solution found (infeas = 11)
[3513 sec, 2733134 itr]: No feasible solution found (infeas = 11)
[3514 sec, 2733858 itr]: No feasible solution found (infeas = 11)
[3515 sec, 2734457 itr]: No feasible solution found (infeas = 11)
[3516 sec, 2735055 itr]: No feasible solution found (infeas = 11)
[3517 sec, 2735761 itr]: No feasible solution found (infeas = 11)
[3518 sec, 2736428 itr]: No feasible solution found (infeas = 11)
[3519 sec, 2737104 itr]: No feasible solution found (infeas = 11)
[3520 sec, 2737732 itr]: No feasible solution found (infeas = 11)
[3521 sec, 2738373 itr]: No feasible solution found (infeas = 11)
[3522 sec, 2738373 itr]: No feasible solution found (infeas = 11)
[3523 sec, 2739047 itr]: No feasible solution found (infeas = 11)
[3524 sec, 2739718 itr]: No feasible solution found (infeas = 11)
[3525 sec, 2740390 itr]: No feasible solution found (infeas = 11)
[3526 sec, 2741068 itr]: No feasible solution found (infeas = 11)
[3527 sec, 2741733 itr]: No feasible solution found (infeas = 11)
[3528 sec, 2742360 itr]: No feasible solution found (infeas = 11)
[3529 sec, 2743583 itr]: No feasible solution found (infeas = 11)
[3530 sec, 2743583 itr]: No feasible solution found (infeas = 11)
[3531 sec, 2744265 itr]: No feasible solution found (infeas = 11)
[3532 sec, 2744884 itr]: No feasible solution found (infeas = 11)
[3533 sec, 2746266 itr]: No feasible solution found (infeas = 11)
[3534 sec, 2746870 itr]: No feasible solution found (infeas = 11)
[3535 sec, 2747553 itr]: No feasible solution found (infeas = 11)
[3536 sec, 2748185 itr]: No feasible solution found (infeas = 11)
[3537 sec, 2748888 itr]: No feasible solution found (infeas = 11)
[3538 sec, 2748888 itr]: No feasible solution found (infeas = 11)
[3539 sec, 2749508 itr]: No feasible solution found (infeas = 11)
[3540 sec, 2750194 itr]: No feasible solution found (infeas = 11)
[3541 sec, 2751379 itr]: No feasible solution found (infeas = 11)
[3542 sec, 2752000 itr]: No feasible solution found (infeas = 11)
[3543 sec, 2752627 itr]: No feasible solution found (infeas = 11)
[3544 sec, 2753333 itr]: No feasible solution found (infeas = 11)
[3545 sec, 2754038 itr]: No feasible solution found (infeas = 11)
[3546 sec, 2754038 itr]: No feasible solution found (infeas = 11)
[3547 sec, 2755281 itr]: No feasible solution found (infeas = 11)
[3548 sec, 2755902 itr]: No feasible solution found (infeas = 11)
[3549 sec, 2756590 itr]: No feasible solution found (infeas = 11)
[3550 sec, 2757240 itr]: No feasible solution found (infeas = 11)
[3551 sec, 2757878 itr]: No feasible solution found (infeas = 11)
[3552 sec, 2757878 itr]: No feasible solution found (infeas = 11)
[3553 sec, 2758594 itr]: No feasible solution found (infeas = 11)
[3554 sec, 2759264 itr]: No feasible solution found (infeas = 11)
[3555 sec, 2760694 itr]: No feasible solution found (infeas = 11)
[3556 sec, 2760694 itr]: No feasible solution found (infeas = 11)
[3557 sec, 2762072 itr]: No feasible solution found (infeas = 11)
[3558 sec, 2762072 itr]: No feasible solution found (infeas = 11)
[3559 sec, 2762786 itr]: No feasible solution found (infeas = 11)
[3560 sec, 2764190 itr]: No feasible solution found (infeas = 11)
[3561 sec, 2764190 itr]: No feasible solution found (infeas = 11)
[3562 sec, 2764895 itr]: No feasible solution found (infeas = 11)
[3563 sec, 2765585 itr]: No feasible solution found (infeas = 11)
[3564 sec, 2766318 itr]: No feasible solution found (infeas = 11)
[3565 sec, 2767861 itr]: No feasible solution found (infeas = 11)
[3566 sec, 2767861 itr]: No feasible solution found (infeas = 11)
[3567 sec, 2768565 itr]: No feasible solution found (infeas = 11)
[3568 sec, 2769212 itr]: No feasible solution found (infeas = 11)
[3569 sec, 2770515 itr]: No feasible solution found (infeas = 11)
[3570 sec, 2771080 itr]: No feasible solution found (infeas = 11)
[3571 sec, 2771859 itr]: No feasible solution found (infeas = 11)
[3572 sec, 2771859 itr]: No feasible solution found (infeas = 11)
[3573 sec, 2772601 itr]: No feasible solution found (infeas = 11)
[3574 sec, 2773249 itr]: No feasible solution found (infeas = 11)
[3575 sec, 2774558 itr]: No feasible solution found (infeas = 11)
[3576 sec, 2775240 itr]: No feasible solution found (infeas = 11)
[3577 sec, 2775240 itr]: No feasible solution found (infeas = 11)
[3578 sec, 2776517 itr]: No feasible solution found (infeas = 11)
[3579 sec, 2777217 itr]: No feasible solution found (infeas = 11)
[3580 sec, 2777823 itr]: No feasible solution found (infeas = 11)
[3581 sec, 2778452 itr]: No feasible solution found (infeas = 11)
[3582 sec, 2778452 itr]: No feasible solution found (infeas = 11)
[3583 sec, 2779090 itr]: No feasible solution found (infeas = 11)
[3584 sec, 2779785 itr]: No feasible solution found (infeas = 11)
[3585 sec, 2780446 itr]: No feasible solution found (infeas = 11)
[3586 sec, 2781616 itr]: No feasible solution found (infeas = 11)
[3587 sec, 2782193 itr]: No feasible solution found (infeas = 11)
[3588 sec, 2782814 itr]: No feasible solution found (infeas = 11)
[3589 sec, 2783379 itr]: No feasible solution found (infeas = 11)
[3590 sec, 2784023 itr]: No feasible solution found (infeas = 11)
[3591 sec, 2784661 itr]: No feasible solution found (infeas = 11)
[3592 sec, 2784661 itr]: No feasible solution found (infeas = 11)
[3593 sec, 2785372 itr]: No feasible solution found (infeas = 11)
[3594 sec, 2786053 itr]: No feasible solution found (infeas = 11)
[3595 sec, 2787474 itr]: No feasible solution found (infeas = 11)
[3596 sec, 2787474 itr]: No feasible solution found (infeas = 11)
[3597 sec, 2788190 itr]: No feasible solution found (infeas = 11)
[3598 sec, 2788982 itr]: No feasible solution found (infeas = 11)
[3599 sec, 2790324 itr]: No feasible solution found (infeas = 11)
[3600 sec, 2791059 itr]: No feasible solution found (infeas = 11)
[3602 sec, 2791059 itr]: No feasible solution found (infeas = 11)

2791059 iterations performed in 3602 seconds

Infeasible solution: 
No feasible solution found (infeas = 11)


Main violated expressions:
  constraint float#4567(0, 30) >= sum(float#4615(0, 30), 7) - prod(70, 1 - bool#795())
  constraint float#4615(0, 30) >= sum(float#4687(0, 30), 12) - prod(70, 1 - bool#1887())
  constraint float#4687(0, 30) >= sum(float#4699(0, 30), 11) - prod(70, 1 - bool#2235())
  constraint float#4588(0, 30) <= sum(sum(float#4768(0, 30), 9), prod(70, 1 - bool#3168()))
  constraint float#4831(0, 30) <= sum(sum(float#4711(0, 30), -11), prod(70, 1 - bool#2499()))
  constraint float#4711(0, 30) <= sum(sum(float#4795(0, 30), -7), prod(70, 1 - bool#3639()))
  ...
Model failed (status HxSolutionStatus.INFEASIBLE)
  objective value = 10148.554918752794
  status = HxSolutionStatus.INFEASIBLE, iterations = 2791059, time = 3602.00s, gap = inf%

[24/09/2025 05:24:36] Writing results to CSV: /dados/rmelo/PDPTW-SE/benchmark_multi_island_v5/official_experiments/mip_hexaly/set_02_pt_03/logs/form_melo_hx/outputs/csvresults_form_melo_hx.csv
