alpha;avrg_machines_travel_time_no_vehicle;avrg_machines_travel_time_only_with_vehicle;avrg_machines_travel_time_with_vehicle;avrg_vehicles_waiting_time_for_a_machine_travel;avrg_vehicles_waiting_time_for_a_service;countImprovements;csvfilename;cutoff;cutoffmachs;depot_begin;depot_end;elevator;epsilon;epsilonCap;feasible;first_delivery;first_pickup;fullname;genconfigfile;genconfigfilename;grbFilename;greedy_service_order;group;gurobiCuts;infeasibleSol;initial_station;instPath;iteration;iterationToBest;largestUpdateOffset;lastSGreedySolValue;last_delivery;last_pickup;lmnsAcceptanceCriteria;lmnsGapToBiggerDestruction;lmnsGapToSmallerDestruction;lmnsMIPFocus;lmnsMetropolisTemp;lmnsRepairTime;lmnsReqRApplyMIPStart;lmnsSimulatedAnnealingCool;lmnsSimulatedAnnealingTemp;lmnsWeightShawDemandSim;lmnsWeightShawDistProx;lmnsWeightShawEarlProx;lmnsWeightShawSameRoute;lmnsa;lmnsr;lpImpr;lpRuns;make_instance_feasible;max_Q;max_completion_time;max_d;max_max_load_all_vehicles;max_q;max_s;maxiter;maxnodes;maxtime;meanLPImprPercentage;mean_completion_time;mean_max_load_all_vehicles;methodCode;methodType;min_completion_time;min_max_load_all_vehicles;mipPresolve;mipmaxtime;mslpa;mslpr;n;n_machines_used;n_vehicles_used;name;num_machs;output;outputFlagGrbLMNS;outputFlagGrbMIP;outputFlagGrbMSLP;percentageInfeasibleSol;percentageLPImpr;printsol;seed;solfilename;solver;solverMethod;startTime;suff_csv;suff_outputs;sumLPImprPercentage;threads;timeToBest;timelineFilename;totalTimeElapsed;type;typeUserCut;value;warmStart
0.05;0.03;0.07;0.1;0.0;0.11;5;/dados/rmelo/PDPTW-SE/benchmark_multi_floor_v3/official_experiments/multistartlp/official/set_01_pt_01/logs/heur_mslp/outputs/csvresults_heur_mslp_bash_3.csv;0;3;1;14;1;0.0;0.5;true;8;2;lr101_t1_06R_06V_02F_03M;/dados/rmelo/PDPTW-SE/benchmark_multi_floor_v3/official_experiments/multistartlp/official/set_01_pt_01/configs/genconfig_mslp.conf;genconfig_mslp;/dados/rmelo/PDPTW-SE/benchmark_multi_floor_v3/official_experiments/multistartlp/official/set_01_pt_01/logs/heur_mslp/gurobi/06R_06V_02F_03M/lr101_grb_genconfig_mslp_seed_58.log;random;06R_06V_02F_03M;1;0;1;/dados/rmelo/PDPTW-SE/benchmark_multi_floor_v3/official_experiments/multistartlp/official/set_01_pt_01/../../../../instances/orig_ams_fg/06R_06V_02F_04M/t1/lr101/;60000;39;0;973.72;13;7;H;50;95;0;100.0;30.0;true;0.95;100.0;1.0;1.0;1.0;1.0;60;M;60000;60000;false;52;0.74;77.12;0.6;26;10;1000000;-1;3600;15.72;0.57;0.33;mslp;heur;0.43;0.21;-1;3600;60000;I;6;1.0;1.0;lr101;0;/dados/rmelo/PDPTW-SE/benchmark_multi_floor_v3/official_experiments/multistartlp/official/set_01_pt_01/logs;0;0;0;0.0;100.0;1;58;/dados/rmelo/PDPTW-SE/benchmark_multi_floor_v3/official_experiments/multistartlp/official/set_01_pt_01/logs/heur_mslp/solutions/06R_06V_02F_03M/lr101_sol_genconfig_mslp_seed_58.txt;Gurobi;AUTOMATIC;17.56;_bash_3;_seed_58;9433.36;1;0.35;/dados/rmelo/PDPTW-SE/benchmark_multi_floor_v3/official_experiments/multistartlp/official/set_01_pt_01/logs/heur_mslp/timelines/06R_06V_02F_03M/lr101_timeline_genconfig_mslp_seed_58.txt;95.29;t1;0;780.51;false
0.05;0.02;0.05;0.07;0.0;0.11;6;/dados/rmelo/PDPTW-SE/benchmark_multi_floor_v3/official_experiments/multistartlp/official/set_01_pt_01/logs/heur_mslp/outputs/csvresults_heur_mslp_bash_3.csv;0;4;1;14;1;0.0;0.5;true;8;2;lr101_t1_06R_06V_02F_04M;/dados/rmelo/PDPTW-SE/benchmark_multi_floor_v3/official_experiments/multistartlp/official/set_01_pt_01/configs/genconfig_mslp.conf;genconfig_mslp;/dados/rmelo/PDPTW-SE/benchmark_multi_floor_v3/official_experiments/multistartlp/official/set_01_pt_01/logs/heur_mslp/gurobi/06R_06V_02F_04M/lr101_grb_genconfig_mslp_seed_58.log;random;06R_06V_02F_04M;1;0;1;/dados/rmelo/PDPTW-SE/benchmark_multi_floor_v3/official_experiments/multistartlp/official/set_01_pt_01/../../../../instances/orig_ams_fg/06R_06V_02F_04M/t1/lr101/;60000;244;0;966.18;13;7;H;50;95;0;100.0;30.0;true;0.95;100.0;1.0;1.0;1.0;1.0;60;M;60000;60000;false;52;0.73;77.12;0.76;26;10;1000000;-1;3600;18.0;0.56;0.37;mslp;heur;0.42;0.15;-1;3600;60000;I;6;1.0;1.0;lr101;0;/dados/rmelo/PDPTW-SE/benchmark_multi_floor_v3/official_experiments/multistartlp/official/set_01_pt_01/logs;0;0;0;0.0;100.0;1;58;/dados/rmelo/PDPTW-SE/benchmark_multi_floor_v3/official_experiments/multistartlp/official/set_01_pt_01/logs/heur_mslp/solutions/06R_06V_02F_04M/lr101_sol_genconfig_mslp_seed_58.txt;Gurobi;AUTOMATIC;17.82;_bash_3;_seed_58;10799.65;1;0.74;/dados/rmelo/PDPTW-SE/benchmark_multi_floor_v3/official_experiments/multistartlp/official/set_01_pt_01/logs/heur_mslp/timelines/06R_06V_02F_04M/lr101_timeline_genconfig_mslp_seed_58.txt;96.36;t1;0;768.25;false
0.05;0.02;0.09;0.11;0.04;0.06;2;/dados/rmelo/PDPTW-SE/benchmark_multi_floor_v3/official_experiments/multistartlp/official/set_01_pt_01/logs/heur_mslp/outputs/csvresults_heur_mslp_bash_3.csv;0;3;1;14;1;0.0;0.5;true;8;2;lr102_t1_06R_06V_02F_03M;/dados/rmelo/PDPTW-SE/benchmark_multi_floor_v3/official_experiments/multistartlp/official/set_01_pt_01/configs/genconfig_mslp.conf;genconfig_mslp;/dados/rmelo/PDPTW-SE/benchmark_multi_floor_v3/official_experiments/multistartlp/official/set_01_pt_01/logs/heur_mslp/gurobi/06R_06V_02F_03M/lr102_grb_genconfig_mslp_seed_58.log;random;06R_06V_02F_03M;1;0;1;/dados/rmelo/PDPTW-SE/benchmark_multi_floor_v3/official_experiments/multistartlp/official/set_01_pt_01/../../../../instances/orig_ams_fg/06R_06V_02F_04M/t1/lr102/;60000;2;0;790.85;13;7;H;50;95;0;100.0;30.0;true;0.95;100.0;1.0;1.0;1.0;1.0;60;M;60000;60000;false;58;0.93;73.01;0.76;29;10;1000000;-1;3600;9.47;0.88;0.55;mslp;heur;0.8;0.34;-1;3600;60000;I;6;0.67;0.5;lr102;0;/dados/rmelo/PDPTW-SE/benchmark_multi_floor_v3/official_experiments/multistartlp/official/set_01_pt_01/logs;0;0;0;0.0;100.0;1;58;/dados/rmelo/PDPTW-SE/benchmark_multi_floor_v3/official_experiments/multistartlp/official/set_01_pt_01/logs/heur_mslp/solutions/06R_06V_02F_03M/lr102_sol_genconfig_mslp_seed_58.txt;Gurobi;AUTOMATIC;17.7;_bash_3;_seed_58;5684.42;1;0.28;/dados/rmelo/PDPTW-SE/benchmark_multi_floor_v3/official_experiments/multistartlp/official/set_01_pt_01/logs/heur_mslp/timelines/06R_06V_02F_03M/lr102_timeline_genconfig_mslp_seed_58.txt;94.5;t1;0;606.02;false
0.05;0.02;0.06;0.08;0.04;0.06;2;/dados/rmelo/PDPTW-SE/benchmark_multi_floor_v3/official_experiments/multistartlp/official/set_01_pt_01/logs/heur_mslp/outputs/csvresults_heur_mslp_bash_3.csv;0;4;1;14;1;0.0;0.5;true;8;2;lr102_t1_06R_06V_02F_04M;/dados/rmelo/PDPTW-SE/benchmark_multi_floor_v3/official_experiments/multistartlp/official/set_01_pt_01/configs/genconfig_mslp.conf;genconfig_mslp;/dados/rmelo/PDPTW-SE/benchmark_multi_floor_v3/official_experiments/multistartlp/official/set_01_pt_01/logs/heur_mslp/gurobi/06R_06V_02F_04M/lr102_grb_genconfig_mslp_seed_58.log;random;06R_06V_02F_04M;1;0;1;/dados/rmelo/PDPTW-SE/benchmark_multi_floor_v3/official_experiments/multistartlp/official/set_01_pt_01/../../../../instances/orig_ams_fg/06R_06V_02F_04M/t1/lr102/;60000;2;0;790.42;13;7;H;50;95;0;100.0;30.0;true;0.95;100.0;1.0;1.0;1.0;1.0;60;M;60000;60000;false;58;0.93;73.01;0.76;29;10;1000000;-1;3600;9.54;0.88;0.55;mslp;heur;0.8;0.34;-1;3600;60000;I;6;0.75;0.5;lr102;0;/dados/rmelo/PDPTW-SE/benchmark_multi_floor_v3/official_experiments/multistartlp/official/set_01_pt_01/logs;0;0;0;0.0;100.0;1;58;/dados/rmelo/PDPTW-SE/benchmark_multi_floor_v3/official_experiments/multistartlp/official/set_01_pt_01/logs/heur_mslp/solutions/06R_06V_02F_04M/lr102_sol_genconfig_mslp_seed_58.txt;Gurobi;AUTOMATIC;17.91;_bash_3;_seed_58;5724.76;1;0.28;/dados/rmelo/PDPTW-SE/benchmark_multi_floor_v3/official_experiments/multistartlp/official/set_01_pt_01/logs/heur_mslp/timelines/06R_06V_02F_04M/lr102_timeline_genconfig_mslp_seed_58.txt;95.29;t1;0;605.59;false
0.05;0.01;0.04;0.05;0.0;0.0;4;/dados/rmelo/PDPTW-SE/benchmark_multi_floor_v3/official_experiments/multistartlp/official/set_01_pt_01/logs/heur_mslp/outputs/csvresults_heur_mslp_bash_3.csv;0;3;1;14;1;0.0;0.5;true;8;2;lr103_t1_06R_06V_02F_03M;/dados/rmelo/PDPTW-SE/benchmark_multi_floor_v3/official_experiments/multistartlp/official/set_01_pt_01/configs/genconfig_mslp.conf;genconfig_mslp;/dados/rmelo/PDPTW-SE/benchmark_multi_floor_v3/official_experiments/multistartlp/official/set_01_pt_01/logs/heur_mslp/gurobi/06R_06V_02F_03M/lr103_grb_genconfig_mslp_seed_58.log;random;06R_06V_02F_03M;1;0;1;/dados/rmelo/PDPTW-SE/benchmark_multi_floor_v3/official_experiments/multistartlp/official/set_01_pt_01/../../../../instances/orig_ams_fg/06R_06V_02F_04M/t1/lr103/;60000;38;0;863.63;13;7;H;50;95;0;100.0;30.0;true;0.95;100.0;1.0;1.0;1.0;1.0;60;M;60000;60000;false;38;0.9;72.95;1.0;19;10;1000000;-1;3600;16.22;0.66;0.61;mslp;heur;0.4;0.35;-1;3600;60000;I;6;1.0;0.67;lr103;0;/dados/rmelo/PDPTW-SE/benchmark_multi_floor_v3/official_experiments/multistartlp/official/set_01_pt_01/logs;0;0;0;0.0;100.0;1;58;/dados/rmelo/PDPTW-SE/benchmark_multi_floor_v3/official_experiments/multistartlp/official/set_01_pt_01/logs/heur_mslp/solutions/06R_06V_02F_03M/lr103_sol_genconfig_mslp_seed_58.txt;Gurobi;AUTOMATIC;18.06;_bash_3;_seed_58;9731.09;1;0.34;/dados/rmelo/PDPTW-SE/benchmark_multi_floor_v3/official_experiments/multistartlp/official/set_01_pt_01/logs/heur_mslp/timelines/06R_06V_02F_03M/lr103_timeline_genconfig_mslp_seed_58.txt;96.36;t1;0;607.5;false
0.05;0.01;0.04;0.05;0.0;0.0;4;/dados/rmelo/PDPTW-SE/benchmark_multi_floor_v3/official_experiments/multistartlp/official/set_01_pt_01/logs/heur_mslp/outputs/csvresults_heur_mslp_bash_3.csv;0;4;1;14;1;0.0;0.5;true;8;2;lr103_t1_06R_06V_02F_04M;/dados/rmelo/PDPTW-SE/benchmark_multi_floor_v3/official_experiments/multistartlp/official/set_01_pt_01/configs/genconfig_mslp.conf;genconfig_mslp;/dados/rmelo/PDPTW-SE/benchmark_multi_floor_v3/official_experiments/multistartlp/official/set_01_pt_01/logs/heur_mslp/gurobi/06R_06V_02F_04M/lr103_grb_genconfig_mslp_seed_58.log;random;06R_06V_02F_04M;1;0;1;/dados/rmelo/PDPTW-SE/benchmark_multi_floor_v3/official_experiments/multistartlp/official/set_01_pt_01/../../../../instances/orig_ams_fg/06R_06V_02F_04M/t1/lr103/;60000;38;0;858.37;13;7;H;50;95;0;100.0;30.0;true;0.95;100.0;1.0;1.0;1.0;1.0;60;M;60000;60000;false;38;0.89;72.27;1.0;19;10;1000000;-1;3600;17.19;0.65;0.61;mslp;heur;0.4;0.35;-1;3600;60000;I;6;0.75;0.67;lr103;0;/dados/rmelo/PDPTW-SE/benchmark_multi_floor_v3/official_experiments/multistartlp/official/set_01_pt_01/logs;0;0;0;0.0;100.0;1;58;/dados/rmelo/PDPTW-SE/benchmark_multi_floor_v3/official_experiments/multistartlp/official/set_01_pt_01/logs/heur_mslp/solutions/06R_06V_02F_04M/lr103_sol_genconfig_mslp_seed_58.txt;Gurobi;AUTOMATIC;17.91;_bash_3;_seed_58;10312.34;1;0.36;/dados/rmelo/PDPTW-SE/benchmark_multi_floor_v3/official_experiments/multistartlp/official/set_01_pt_01/logs/heur_mslp/timelines/06R_06V_02F_04M/lr103_timeline_genconfig_mslp_seed_58.txt;97.14;t1;0;599.29;false
0.05;0.0;0.04;0.04;0.0;0.03;3;/dados/rmelo/PDPTW-SE/benchmark_multi_floor_v3/official_experiments/multistartlp/official/set_01_pt_01/logs/heur_mslp/outputs/csvresults_heur_mslp_bash_3.csv;0;3;1;14;1;0.0;0.5;true;8;2;lr104_t1_06R_06V_02F_03M;/dados/rmelo/PDPTW-SE/benchmark_multi_floor_v3/official_experiments/multistartlp/official/set_01_pt_01/configs/genconfig_mslp.conf;genconfig_mslp;/dados/rmelo/PDPTW-SE/benchmark_multi_floor_v3/official_experiments/multistartlp/official/set_01_pt_01/logs/heur_mslp/gurobi/06R_06V_02F_03M/lr104_grb_genconfig_mslp_seed_58.log;random;06R_06V_02F_03M;1;0;1;/dados/rmelo/PDPTW-SE/benchmark_multi_floor_v3/official_experiments/multistartlp/official/set_01_pt_01/../../../../instances/orig_ams_fg/06R_06V_02F_04M/t1/lr104/;60000;6;0;565.83;13;7;H;50;95;0;100.0;30.0;true;0.95;100.0;1.0;1.0;1.0;1.0;60;M;60000;60000;false;40;0.83;73.45;0.7;20;10;1000000;-1;3600;19.71;0.63;0.54;mslp;heur;0.38;0.46;-1;3600;60000;I;6;0.33;0.5;lr104;0;/dados/rmelo/PDPTW-SE/benchmark_multi_floor_v3/official_experiments/multistartlp/official/set_01_pt_01/logs;0;0;0;0.0;100.0;1;58;/dados/rmelo/PDPTW-SE/benchmark_multi_floor_v3/official_experiments/multistartlp/official/set_01_pt_01/logs/heur_mslp/solutions/06R_06V_02F_03M/lr104_sol_genconfig_mslp_seed_58.txt;Gurobi;AUTOMATIC;17.81;_bash_3;_seed_58;11828.32;1;0.29;/dados/rmelo/PDPTW-SE/benchmark_multi_floor_v3/official_experiments/multistartlp/official/set_01_pt_01/logs/heur_mslp/timelines/06R_06V_02F_03M/lr104_timeline_genconfig_mslp_seed_58.txt;88.69;t1;0;431.33;false
0.05;0.0;0.04;0.04;0.0;0.03;3;/dados/rmelo/PDPTW-SE/benchmark_multi_floor_v3/official_experiments/multistartlp/official/set_01_pt_01/logs/heur_mslp/outputs/csvresults_heur_mslp_bash_3.csv;0;4;1;14;1;0.0;0.5;true;8;2;lr104_t1_06R_06V_02F_04M;/dados/rmelo/PDPTW-SE/benchmark_multi_floor_v3/official_experiments/multistartlp/official/set_01_pt_01/configs/genconfig_mslp.conf;genconfig_mslp;/dados/rmelo/PDPTW-SE/benchmark_multi_floor_v3/official_experiments/multistartlp/official/set_01_pt_01/logs/heur_mslp/gurobi/06R_06V_02F_04M/lr104_grb_genconfig_mslp_seed_58.log;random;06R_06V_02F_04M;1;0;1;/dados/rmelo/PDPTW-SE/benchmark_multi_floor_v3/official_experiments/multistartlp/official/set_01_pt_01/../../../../instances/orig_ams_fg/06R_06V_02F_04M/t1/lr104/;60000;6;0;554.11;13;7;H;50;95;0;100.0;30.0;true;0.95;100.0;1.0;1.0;1.0;1.0;60;M;60000;60000;false;40;0.83;73.41;0.7;20;10;1000000;-1;3600;18.04;0.63;0.54;mslp;heur;0.38;0.46;-1;3600;60000;I;6;0.25;0.5;lr104;0;/dados/rmelo/PDPTW-SE/benchmark_multi_floor_v3/official_experiments/multistartlp/official/set_01_pt_01/logs;0;0;0;0.0;100.0;1;58;/dados/rmelo/PDPTW-SE/benchmark_multi_floor_v3/official_experiments/multistartlp/official/set_01_pt_01/logs/heur_mslp/solutions/06R_06V_02F_04M/lr104_sol_genconfig_mslp_seed_58.txt;Gurobi;AUTOMATIC;17.81;_bash_3;_seed_58;10824.35;1;0.32;/dados/rmelo/PDPTW-SE/benchmark_multi_floor_v3/official_experiments/multistartlp/official/set_01_pt_01/logs/heur_mslp/timelines/06R_06V_02F_04M/lr104_timeline_genconfig_mslp_seed_58.txt;91.31;t1;0;431.33;false
0.05;0.01;0.04;0.05;0.0;0.04;1;/dados/rmelo/PDPTW-SE/benchmark_multi_floor_v3/official_experiments/multistartlp/official/set_01_pt_01/logs/heur_mslp/outputs/csvresults_heur_mslp_bash_3.csv;0;3;1;14;1;0.0;0.5;true;8;2;lr105_t1_06R_06V_02F_03M;/dados/rmelo/PDPTW-SE/benchmark_multi_floor_v3/official_experiments/multistartlp/official/set_01_pt_01/configs/genconfig_mslp.conf;genconfig_mslp;/dados/rmelo/PDPTW-SE/benchmark_multi_floor_v3/official_experiments/multistartlp/official/set_01_pt_01/logs/heur_mslp/gurobi/06R_06V_02F_03M/lr105_grb_genconfig_mslp_seed_58.log;random;06R_06V_02F_03M;1;29779;1;/dados/rmelo/PDPTW-SE/benchmark_multi_floor_v3/official_experiments/multistartlp/official/set_01_pt_01/../../../../instances/orig_ams_fg/06R_06V_02F_04M/t1/lr105/;60000;1;0;935.51;13;7;H;50;95;0;100.0;30.0;true;0.95;100.0;1.0;1.0;1.0;1.0;60;M;30221;30221;false;52;0.61;77.24;0.5;26;10;1000000;-1;3600;29.44;0.48;0.36;mslp;heur;0.31;0.21;-1;3600;60000;I;6;1.0;1.0;lr105;0;/dados/rmelo/PDPTW-SE/benchmark_multi_floor_v3/official_experiments/multistartlp/official/set_01_pt_01/logs;0;0;0;49.63;100.0;1;58;/dados/rmelo/PDPTW-SE/benchmark_multi_floor_v3/official_experiments/multistartlp/official/set_01_pt_01/logs/heur_mslp/solutions/06R_06V_02F_03M/lr105_sol_genconfig_mslp_seed_58.txt;Gurobi;AUTOMATIC;17.96;_bash_3;_seed_58;8897.06;1;0.0;/dados/rmelo/PDPTW-SE/benchmark_multi_floor_v3/official_experiments/multistartlp/official/set_01_pt_01/logs/heur_mslp/timelines/06R_06V_02F_03M/lr105_timeline_genconfig_mslp_seed_58.txt;46.51;t1;0;660.1;false
0.05;0.01;0.04;0.05;0.0;0.04;1;/dados/rmelo/PDPTW-SE/benchmark_multi_floor_v3/official_experiments/multistartlp/official/set_01_pt_01/logs/heur_mslp/outputs/csvresults_heur_mslp_bash_3.csv;0;4;1;14;1;0.0;0.5;true;8;2;lr105_t1_06R_06V_02F_04M;/dados/rmelo/PDPTW-SE/benchmark_multi_floor_v3/official_experiments/multistartlp/official/set_01_pt_01/configs/genconfig_mslp.conf;genconfig_mslp;/dados/rmelo/PDPTW-SE/benchmark_multi_floor_v3/official_experiments/multistartlp/official/set_01_pt_01/logs/heur_mslp/gurobi/06R_06V_02F_04M/lr105_grb_genconfig_mslp_seed_58.log;random;06R_06V_02F_04M;1;29779;1;/dados/rmelo/PDPTW-SE/benchmark_multi_floor_v3/official_experiments/multistartlp/official/set_01_pt_01/../../../../instances/orig_ams_fg/06R_06V_02F_04M/t1/lr105/;60000;1;0;930.3;13;7;H;50;95;0;100.0;30.0;true;0.95;100.0;1.0;1.0;1.0;1.0;60;M;30221;30221;false;52;0.61;77.24;0.5;26;10;1000000;-1;3600;29.6;0.47;0.36;mslp;heur;0.31;0.21;-1;3600;60000;I;6;0.75;1.0;lr105;0;/dados/rmelo/PDPTW-SE/benchmark_multi_floor_v3/official_experiments/multistartlp/official/set_01_pt_01/logs;0;0;0;49.63;100.0;1;58;/dados/rmelo/PDPTW-SE/benchmark_multi_floor_v3/official_experiments/multistartlp/official/set_01_pt_01/logs/heur_mslp/solutions/06R_06V_02F_04M/lr105_sol_genconfig_mslp_seed_58.txt;Gurobi;AUTOMATIC;17.82;_bash_3;_seed_58;8945.42;1;0.0;/dados/rmelo/PDPTW-SE/benchmark_multi_floor_v3/official_experiments/multistartlp/official/set_01_pt_01/logs/heur_mslp/timelines/06R_06V_02F_04M/lr105_timeline_genconfig_mslp_seed_58.txt;46.88;t1;0;654.89;false
0.05;0.0;0.0;0.01;0.0;0.23;4;/dados/rmelo/PDPTW-SE/benchmark_multi_floor_v3/official_experiments/multistartlp/official/set_01_pt_01/logs/heur_mslp/outputs/csvresults_heur_mslp_bash_3.csv;0;3;1;14;1;0.0;0.5;true;8;2;lr201_t2_06R_06V_02F_03M;/dados/rmelo/PDPTW-SE/benchmark_multi_floor_v3/official_experiments/multistartlp/official/set_01_pt_01/configs/genconfig_mslp.conf;genconfig_mslp;/dados/rmelo/PDPTW-SE/benchmark_multi_floor_v3/official_experiments/multistartlp/official/set_01_pt_01/logs/heur_mslp/gurobi/06R_06V_02F_03M/lr201_grb_genconfig_mslp_seed_58.log;random;06R_06V_02F_03M;1;0;1;/dados/rmelo/PDPTW-SE/benchmark_multi_floor_v3/official_experiments/multistartlp/official/set_01_pt_01/../../../../instances/orig_ams_fg/06R_06V_02F_04M/t2/lr201/;60000;37;0;1179.59;13;7;H;50;95;0;100.0;30.0;true;0.95;100.0;1.0;1.0;1.0;1.0;60;M;60000;60000;false;52;0.63;71.61;0.88;26;10;1000000;-1;3600;28.5;0.4;0.62;mslp;heur;0.16;0.37;-1;3600;60000;I;6;0.67;0.33;lr201;0;/dados/rmelo/PDPTW-SE/benchmark_multi_floor_v3/official_experiments/multistartlp/official/set_01_pt_01/logs;0;0;0;0.0;100.0;1;58;/dados/rmelo/PDPTW-SE/benchmark_multi_floor_v3/official_experiments/multistartlp/official/set_01_pt_01/logs/heur_mslp/solutions/06R_06V_02F_03M/lr201_sol_genconfig_mslp_seed_58.txt;Gurobi;AUTOMATIC;17.77;_bash_3;_seed_58;17101.75;1;0.35;/dados/rmelo/PDPTW-SE/benchmark_multi_floor_v3/official_experiments/multistartlp/official/set_01_pt_01/logs/heur_mslp/timelines/06R_06V_02F_03M/lr201_timeline_genconfig_mslp_seed_58.txt;79.73;t2;0;793.39;false
0.05;0.0;0.0;0.01;0.0;0.23;4;/dados/rmelo/PDPTW-SE/benchmark_multi_floor_v3/official_experiments/multistartlp/official/set_01_pt_01/logs/heur_mslp/outputs/csvresults_heur_mslp_bash_3.csv;0;4;1;14;1;0.0;0.5;true;8;2;lr201_t2_06R_06V_02F_04M;/dados/rmelo/PDPTW-SE/benchmark_multi_floor_v3/official_experiments/multistartlp/official/set_01_pt_01/configs/genconfig_mslp.conf;genconfig_mslp;/dados/rmelo/PDPTW-SE/benchmark_multi_floor_v3/official_experiments/multistartlp/official/set_01_pt_01/logs/heur_mslp/gurobi/06R_06V_02F_04M/lr201_grb_genconfig_mslp_seed_58.log;random;06R_06V_02F_04M;1;0;1;/dados/rmelo/PDPTW-SE/benchmark_multi_floor_v3/official_experiments/multistartlp/official/set_01_pt_01/../../../../instances/orig_ams_fg/06R_06V_02F_04M/t2/lr201/;60000;37;0;1179.59;13;7;H;50;95;0;100.0;30.0;true;0.95;100.0;1.0;1.0;1.0;1.0;60;M;60000;60000;false;52;0.63;71.61;0.88;26;10;1000000;-1;3600;28.5;0.4;0.62;mslp;heur;0.16;0.37;-1;3600;60000;I;6;0.5;0.33;lr201;0;/dados/rmelo/PDPTW-SE/benchmark_multi_floor_v3/official_experiments/multistartlp/official/set_01_pt_01/logs;0;0;0;0.0;100.0;1;58;/dados/rmelo/PDPTW-SE/benchmark_multi_floor_v3/official_experiments/multistartlp/official/set_01_pt_01/logs/heur_mslp/solutions/06R_06V_02F_04M/lr201_sol_genconfig_mslp_seed_58.txt;Gurobi;AUTOMATIC;17.72;_bash_3;_seed_58;17101.75;1;0.38;/dados/rmelo/PDPTW-SE/benchmark_multi_floor_v3/official_experiments/multistartlp/official/set_01_pt_01/logs/heur_mslp/timelines/06R_06V_02F_04M/lr201_timeline_genconfig_mslp_seed_58.txt;81.69;t2;0;793.39;false
0.05;0.0;0.0;0.01;0.0;0.12;7;/dados/rmelo/PDPTW-SE/benchmark_multi_floor_v3/official_experiments/multistartlp/official/set_01_pt_01/logs/heur_mslp/outputs/csvresults_heur_mslp_bash_3.csv;0;3;1;14;1;0.0;0.5;true;8;2;lr202_t2_06R_06V_02F_03M;/dados/rmelo/PDPTW-SE/benchmark_multi_floor_v3/official_experiments/multistartlp/official/set_01_pt_01/configs/genconfig_mslp.conf;genconfig_mslp;/dados/rmelo/PDPTW-SE/benchmark_multi_floor_v3/official_experiments/multistartlp/official/set_01_pt_01/logs/heur_mslp/gurobi/06R_06V_02F_03M/lr202_grb_genconfig_mslp_seed_58.log;random;06R_06V_02F_03M;1;0;1;/dados/rmelo/PDPTW-SE/benchmark_multi_floor_v3/official_experiments/multistartlp/official/set_01_pt_01/../../../../instances/orig_ams_fg/06R_06V_02F_04M/t2/lr202/;60000;86;0;837.35;13;7;H;50;95;0;100.0;30.0;true;0.95;100.0;1.0;1.0;1.0;1.0;60;M;60000;60000;false;38;0.55;71.95;0.88;19;10;1000000;-1;3600;31.98;0.55;0.88;mslp;heur;0.55;0.88;-1;3600;60000;I;6;0.67;0.17;lr202;0;/dados/rmelo/PDPTW-SE/benchmark_multi_floor_v3/official_experiments/multistartlp/official/set_01_pt_01/logs;0;0;0;0.0;100.0;1;58;/dados/rmelo/PDPTW-SE/benchmark_multi_floor_v3/official_experiments/multistartlp/official/set_01_pt_01/logs/heur_mslp/solutions/06R_06V_02F_03M/lr202_sol_genconfig_mslp_seed_58.txt;Gurobi;AUTOMATIC;18.01;_bash_3;_seed_58;19185.46;1;0.4;/dados/rmelo/PDPTW-SE/benchmark_multi_floor_v3/official_experiments/multistartlp/official/set_01_pt_01/logs/heur_mslp/timelines/06R_06V_02F_03M/lr202_timeline_genconfig_mslp_seed_58.txt;91.6;t2;0;545.89;false
0.05;0.0;0.0;0.01;0.0;0.12;7;/dados/rmelo/PDPTW-SE/benchmark_multi_floor_v3/official_experiments/multistartlp/official/set_01_pt_01/logs/heur_mslp/outputs/csvresults_heur_mslp_bash_3.csv;0;4;1;14;1;0.0;0.5;true;8;2;lr202_t2_06R_06V_02F_04M;/dados/rmelo/PDPTW-SE/benchmark_multi_floor_v3/official_experiments/multistartlp/official/set_01_pt_01/configs/genconfig_mslp.conf;genconfig_mslp;/dados/rmelo/PDPTW-SE/benchmark_multi_floor_v3/official_experiments/multistartlp/official/set_01_pt_01/logs/heur_mslp/gurobi/06R_06V_02F_04M/lr202_grb_genconfig_mslp_seed_58.log;random;06R_06V_02F_04M;1;0;1;/dados/rmelo/PDPTW-SE/benchmark_multi_floor_v3/official_experiments/multistartlp/official/set_01_pt_01/../../../../instances/orig_ams_fg/06R_06V_02F_04M/t2/lr202/;60000;86;0;837.35;13;7;H;50;95;0;100.0;30.0;true;0.95;100.0;1.0;1.0;1.0;1.0;60;M;60000;60000;false;38;0.55;71.95;0.88;19;10;1000000;-1;3600;32.13;0.55;0.88;mslp;heur;0.55;0.88;-1;3600;60000;I;6;0.5;0.17;lr202;0;/dados/rmelo/PDPTW-SE/benchmark_multi_floor_v3/official_experiments/multistartlp/official/set_01_pt_01/logs;0;0;0;0.0;100.0;1;58;/dados/rmelo/PDPTW-SE/benchmark_multi_floor_v3/official_experiments/multistartlp/official/set_01_pt_01/logs/heur_mslp/solutions/06R_06V_02F_04M/lr202_sol_genconfig_mslp_seed_58.txt;Gurobi;AUTOMATIC;17.96;_bash_3;_seed_58;19280.23;1;0.47;/dados/rmelo/PDPTW-SE/benchmark_multi_floor_v3/official_experiments/multistartlp/official/set_01_pt_01/logs/heur_mslp/timelines/06R_06V_02F_04M/lr202_timeline_genconfig_mslp_seed_58.txt;94.91;t2;0;545.89;false
0.05;0.0;0.01;0.02;0.04;0.01;3;/dados/rmelo/PDPTW-SE/benchmark_multi_floor_v3/official_experiments/multistartlp/official/set_01_pt_01/logs/heur_mslp/outputs/csvresults_heur_mslp_bash_3.csv;0;3;1;14;1;0.0;0.5;true;8;2;lr203_t2_06R_06V_02F_03M;/dados/rmelo/PDPTW-SE/benchmark_multi_floor_v3/official_experiments/multistartlp/official/set_01_pt_01/configs/genconfig_mslp.conf;genconfig_mslp;/dados/rmelo/PDPTW-SE/benchmark_multi_floor_v3/official_experiments/multistartlp/official/set_01_pt_01/logs/heur_mslp/gurobi/06R_06V_02F_03M/lr203_grb_genconfig_mslp_seed_58.log;random;06R_06V_02F_03M;1;0;1;/dados/rmelo/PDPTW-SE/benchmark_multi_floor_v3/official_experiments/multistartlp/official/set_01_pt_01/../../../../instances/orig_ams_fg/06R_06V_02F_04M/t2/lr203/;60000;21;0;1613.06;13;7;H;50;95;0;100.0;30.0;true;0.95;100.0;1.0;1.0;1.0;1.0;60;M;60000;60000;false;32;0.69;77.12;0.88;16;10;1000000;-1;3600;35.27;0.69;0.88;mslp;heur;0.69;0.88;-1;3600;60000;I;6;0.67;0.17;lr203;0;/dados/rmelo/PDPTW-SE/benchmark_multi_floor_v3/official_experiments/multistartlp/official/set_01_pt_01/logs;0;0;0;0.0;100.0;1;58;/dados/rmelo/PDPTW-SE/benchmark_multi_floor_v3/official_experiments/multistartlp/official/set_01_pt_01/logs/heur_mslp/solutions/06R_06V_02F_03M/lr203_sol_genconfig_mslp_seed_58.txt;Gurobi;AUTOMATIC;18.14;_bash_3;_seed_58;21160.46;1;0.31;/dados/rmelo/PDPTW-SE/benchmark_multi_floor_v3/official_experiments/multistartlp/official/set_01_pt_01/logs/heur_mslp/timelines/06R_06V_02F_03M/lr203_timeline_genconfig_mslp_seed_58.txt;97.71;t2;0;686.32;false
0.05;0.0;0.01;0.02;0.04;0.01;3;/dados/rmelo/PDPTW-SE/benchmark_multi_floor_v3/official_experiments/multistartlp/official/set_01_pt_01/logs/heur_mslp/outputs/csvresults_heur_mslp_bash_3.csv;0;4;1;14;1;0.0;0.5;true;8;2;lr203_t2_06R_06V_02F_04M;/dados/rmelo/PDPTW-SE/benchmark_multi_floor_v3/official_experiments/multistartlp/official/set_01_pt_01/configs/genconfig_mslp.conf;genconfig_mslp;/dados/rmelo/PDPTW-SE/benchmark_multi_floor_v3/official_experiments/multistartlp/official/set_01_pt_01/logs/heur_mslp/gurobi/06R_06V_02F_04M/lr203_grb_genconfig_mslp_seed_58.log;random;06R_06V_02F_04M;1;0;1;/dados/rmelo/PDPTW-SE/benchmark_multi_floor_v3/official_experiments/multistartlp/official/set_01_pt_01/../../../../instances/orig_ams_fg/06R_06V_02F_04M/t2/lr203/;60000;21;0;1613.06;13;7;H;50;95;0;100.0;30.0;true;0.95;100.0;1.0;1.0;1.0;1.0;60;M;60000;60000;false;32;0.69;76.76;0.88;16;10;1000000;-1;3600;35.55;0.69;0.88;mslp;heur;0.69;0.88;-1;3600;60000;I;6;0.5;0.17;lr203;0;/dados/rmelo/PDPTW-SE/benchmark_multi_floor_v3/official_experiments/multistartlp/official/set_01_pt_01/logs;0;0;0;0.0;100.0;1;58;/dados/rmelo/PDPTW-SE/benchmark_multi_floor_v3/official_experiments/multistartlp/official/set_01_pt_01/logs/heur_mslp/solutions/06R_06V_02F_04M/lr203_sol_genconfig_mslp_seed_58.txt;Gurobi;AUTOMATIC;17.81;_bash_3;_seed_58;21331.62;1;0.32;/dados/rmelo/PDPTW-SE/benchmark_multi_floor_v3/official_experiments/multistartlp/official/set_01_pt_01/logs/heur_mslp/timelines/06R_06V_02F_04M/lr203_timeline_genconfig_mslp_seed_58.txt;98.81;t2;0;686.32;false
0.05;0.0;0.01;0.01;0.0;0.02;8;/dados/rmelo/PDPTW-SE/benchmark_multi_floor_v3/official_experiments/multistartlp/official/set_01_pt_01/logs/heur_mslp/outputs/csvresults_heur_mslp_bash_3.csv;0;3;1;14;1;0.0;0.5;true;8;2;lr204_t2_06R_06V_02F_03M;/dados/rmelo/PDPTW-SE/benchmark_multi_floor_v3/official_experiments/multistartlp/official/set_01_pt_01/configs/genconfig_mslp.conf;genconfig_mslp;/dados/rmelo/PDPTW-SE/benchmark_multi_floor_v3/official_experiments/multistartlp/official/set_01_pt_01/logs/heur_mslp/gurobi/06R_06V_02F_03M/lr204_grb_genconfig_mslp_seed_58.log;random;06R_06V_02F_03M;1;0;1;/dados/rmelo/PDPTW-SE/benchmark_multi_floor_v3/official_experiments/multistartlp/official/set_01_pt_01/../../../../instances/orig_ams_fg/06R_06V_02F_04M/t2/lr204/;60000;4530;0;1068.2;13;7;H;50;95;0;100.0;30.0;true;0.95;100.0;1.0;1.0;1.0;1.0;60;M;60000;60000;false;38;0.48;81.42;0.78;19;10;1000000;-1;3600;24.96;0.31;0.51;mslp;heur;0.13;0.24;-1;3600;60000;I;6;1.0;0.33;lr204;0;/dados/rmelo/PDPTW-SE/benchmark_multi_floor_v3/official_experiments/multistartlp/official/set_01_pt_01/logs;0;0;0;0.0;100.0;1;58;/dados/rmelo/PDPTW-SE/benchmark_multi_floor_v3/official_experiments/multistartlp/official/set_01_pt_01/logs/heur_mslp/solutions/06R_06V_02F_03M/lr204_sol_genconfig_mslp_seed_58.txt;Gurobi;AUTOMATIC;17.97;_bash_3;_seed_58;14977.59;1;8.71;/dados/rmelo/PDPTW-SE/benchmark_multi_floor_v3/official_experiments/multistartlp/official/set_01_pt_01/logs/heur_mslp/timelines/06R_06V_02F_03M/lr204_timeline_genconfig_mslp_seed_58.txt;110.35;t2;0;611.17;false
0.05;0.0;0.01;0.01;0.0;0.02;7;/dados/rmelo/PDPTW-SE/benchmark_multi_floor_v3/official_experiments/multistartlp/official/set_01_pt_01/logs/heur_mslp/outputs/csvresults_heur_mslp_bash_3.csv;0;4;1;14;1;0.0;0.5;true;8;2;lr204_t2_06R_06V_02F_04M;/dados/rmelo/PDPTW-SE/benchmark_multi_floor_v3/official_experiments/multistartlp/official/set_01_pt_01/configs/genconfig_mslp.conf;genconfig_mslp;/dados/rmelo/PDPTW-SE/benchmark_multi_floor_v3/official_experiments/multistartlp/official/set_01_pt_01/logs/heur_mslp/gurobi/06R_06V_02F_04M/lr204_grb_genconfig_mslp_seed_58.log;random;06R_06V_02F_04M;1;0;1;/dados/rmelo/PDPTW-SE/benchmark_multi_floor_v3/official_experiments/multistartlp/official/set_01_pt_01/../../../../instances/orig_ams_fg/06R_06V_02F_04M/t2/lr204/;60000;1064;0;1067.66;13;7;H;50;95;0;100.0;30.0;true;0.95;100.0;1.0;1.0;1.0;1.0;60;M;60000;60000;false;38;0.48;81.25;0.78;19;10;1000000;-1;3600;25.03;0.31;0.51;mslp;heur;0.13;0.24;-1;3600;60000;I;6;0.75;0.33;lr204;0;/dados/rmelo/PDPTW-SE/benchmark_multi_floor_v3/official_experiments/multistartlp/official/set_01_pt_01/logs;0;0;0;0.0;100.0;1;58;/dados/rmelo/PDPTW-SE/benchmark_multi_floor_v3/official_experiments/multistartlp/official/set_01_pt_01/logs/heur_mslp/solutions/06R_06V_02F_04M/lr204_sol_genconfig_mslp_seed_58.txt;Gurobi;AUTOMATIC;17.96;_bash_3;_seed_58;15020.9;1;2.34;/dados/rmelo/PDPTW-SE/benchmark_multi_floor_v3/official_experiments/multistartlp/official/set_01_pt_01/logs/heur_mslp/timelines/06R_06V_02F_04M/lr204_timeline_genconfig_mslp_seed_58.txt;113.63;t2;0;610.66;false
0.05;0.0;0.02;0.02;0.0;0.0;5;/dados/rmelo/PDPTW-SE/benchmark_multi_floor_v3/official_experiments/multistartlp/official/set_01_pt_01/logs/heur_mslp/outputs/csvresults_heur_mslp_bash_3.csv;0;3;1;14;1;0.0;0.5;true;8;2;lr205_t2_06R_06V_02F_03M;/dados/rmelo/PDPTW-SE/benchmark_multi_floor_v3/official_experiments/multistartlp/official/set_01_pt_01/configs/genconfig_mslp.conf;genconfig_mslp;/dados/rmelo/PDPTW-SE/benchmark_multi_floor_v3/official_experiments/multistartlp/official/set_01_pt_01/logs/heur_mslp/gurobi/06R_06V_02F_03M/lr205_grb_genconfig_mslp_seed_58.log;random;06R_06V_02F_03M;1;0;1;/dados/rmelo/PDPTW-SE/benchmark_multi_floor_v3/official_experiments/multistartlp/official/set_01_pt_01/../../../../instances/orig_ams_fg/06R_06V_02F_04M/t2/lr205/;60000;103;0;1425.73;13;7;H;50;95;0;100.0;30.0;true;0.95;100.0;1.0;1.0;1.0;1.0;60;M;60000;60000;false;52;0.54;66.14;0.88;26;10;1000000;-1;3600;29.56;0.54;0.88;mslp;heur;0.54;0.88;-1;3600;60000;I;6;0.67;0.17;lr205;0;/dados/rmelo/PDPTW-SE/benchmark_multi_floor_v3/official_experiments/multistartlp/official/set_01_pt_01/logs;0;0;0;0.0;100.0;1;58;/dados/rmelo/PDPTW-SE/benchmark_multi_floor_v3/official_experiments/multistartlp/official/set_01_pt_01/logs/heur_mslp/solutions/06R_06V_02F_03M/lr205_sol_genconfig_mslp_seed_58.txt;Gurobi;AUTOMATIC;17.84;_bash_3;_seed_58;17735.96;1;0.49;/dados/rmelo/PDPTW-SE/benchmark_multi_floor_v3/official_experiments/multistartlp/official/set_01_pt_01/logs/heur_mslp/timelines/06R_06V_02F_03M/lr205_timeline_genconfig_mslp_seed_58.txt;101.32;t2;0;540.49;false
0.05;0.0;0.02;0.02;0.0;0.01;6;/dados/rmelo/PDPTW-SE/benchmark_multi_floor_v3/official_experiments/multistartlp/official/set_01_pt_01/logs/heur_mslp/outputs/csvresults_heur_mslp_bash_3.csv;0;4;1;14;1;0.0;0.5;true;8;2;lr205_t2_06R_06V_02F_04M;/dados/rmelo/PDPTW-SE/benchmark_multi_floor_v3/official_experiments/multistartlp/official/set_01_pt_01/configs/genconfig_mslp.conf;genconfig_mslp;/dados/rmelo/PDPTW-SE/benchmark_multi_floor_v3/official_experiments/multistartlp/official/set_01_pt_01/logs/heur_mslp/gurobi/06R_06V_02F_04M/lr205_grb_genconfig_mslp_seed_58.log;random;06R_06V_02F_04M;1;0;1;/dados/rmelo/PDPTW-SE/benchmark_multi_floor_v3/official_experiments/multistartlp/official/set_01_pt_01/../../../../instances/orig_ams_fg/06R_06V_02F_04M/t2/lr205/;60000;96;0;1425.73;13;7;H;50;95;0;100.0;30.0;true;0.95;100.0;1.0;1.0;1.0;1.0;60;M;60000;60000;false;52;0.54;66.1;1.0;26;10;1000000;-1;3600;29.64;0.54;1.0;mslp;heur;0.54;1.0;-1;3600;60000;I;6;0.5;0.17;lr205;0;/dados/rmelo/PDPTW-SE/benchmark_multi_floor_v3/official_experiments/multistartlp/official/set_01_pt_01/logs;0;0;0;0.0;100.0;1;58;/dados/rmelo/PDPTW-SE/benchmark_multi_floor_v3/official_experiments/multistartlp/official/set_01_pt_01/logs/heur_mslp/solutions/06R_06V_02F_04M/lr205_sol_genconfig_mslp_seed_58.txt;Gurobi;AUTOMATIC;17.93;_bash_3;_seed_58;17786.88;1;0.48;/dados/rmelo/PDPTW-SE/benchmark_multi_floor_v3/official_experiments/multistartlp/official/set_01_pt_01/logs/heur_mslp/timelines/06R_06V_02F_04M/lr205_timeline_genconfig_mslp_seed_58.txt;104.77;t2;0;540.45;false
0.05;0.01;0.11;0.12;0.0;0.13;1;/dados/rmelo/PDPTW-SE/benchmark_multi_floor_v3/official_experiments/multistartlp/official/set_01_pt_01/logs/heur_mslp/outputs/csvresults_heur_mslp_bash_3.csv;0;3;1;14;1;0.0;0.5;true;8;2;lr101_t1_06R_06V_04F_03M;/dados/rmelo/PDPTW-SE/benchmark_multi_floor_v3/official_experiments/multistartlp/official/set_01_pt_01/configs/genconfig_mslp.conf;genconfig_mslp;/dados/rmelo/PDPTW-SE/benchmark_multi_floor_v3/official_experiments/multistartlp/official/set_01_pt_01/logs/heur_mslp/gurobi/06R_06V_04F_03M/lr101_grb_genconfig_mslp_seed_58.log;random;06R_06V_04F_03M;1;5962;1;/dados/rmelo/PDPTW-SE/benchmark_multi_floor_v3/official_experiments/multistartlp/official/set_01_pt_01/../../../../instances/orig_ams_fg/06R_06V_04F_04M/t1/lr101/;60000;1;0;856.19;13;7;H;50;95;0;100.0;30.0;true;0.95;100.0;1.0;1.0;1.0;1.0;60;M;54038;54038;false;52;0.99;77.12;0.6;26;10;1000000;-1;3600;10.66;0.61;0.38;mslp;heur;0.47;0.21;-1;3600;60000;I;6;1.0;0.83;lr101;0;/dados/rmelo/PDPTW-SE/benchmark_multi_floor_v3/official_experiments/multistartlp/official/set_01_pt_01/logs;0;0;0;9.94;100.0;1;58;/dados/rmelo/PDPTW-SE/benchmark_multi_floor_v3/official_experiments/multistartlp/official/set_01_pt_01/logs/heur_mslp/solutions/06R_06V_04F_03M/lr101_sol_genconfig_mslp_seed_58.txt;Gurobi;AUTOMATIC;17.81;_bash_3;_seed_58;5760.34;1;0.0;/dados/rmelo/PDPTW-SE/benchmark_multi_floor_v3/official_experiments/multistartlp/official/set_01_pt_01/logs/heur_mslp/timelines/06R_06V_04F_03M/lr101_timeline_genconfig_mslp_seed_58.txt;83.52;t1;0;749.14;false
0.05;0.02;0.08;0.1;0.0;0.13;4;/dados/rmelo/PDPTW-SE/benchmark_multi_floor_v3/official_experiments/multistartlp/official/set_01_pt_01/logs/heur_mslp/outputs/csvresults_heur_mslp_bash_3.csv;0;4;1;14;1;0.0;0.5;true;8;2;lr101_t1_06R_06V_04F_04M;/dados/rmelo/PDPTW-SE/benchmark_multi_floor_v3/official_experiments/multistartlp/official/set_01_pt_01/configs/genconfig_mslp.conf;genconfig_mslp;/dados/rmelo/PDPTW-SE/benchmark_multi_floor_v3/official_experiments/multistartlp/official/set_01_pt_01/logs/heur_mslp/gurobi/06R_06V_04F_04M/lr101_grb_genconfig_mslp_seed_58.log;random;06R_06V_04F_04M;1;0;1;/dados/rmelo/PDPTW-SE/benchmark_multi_floor_v3/official_experiments/multistartlp/official/set_01_pt_01/../../../../instances/orig_ams_fg/06R_06V_04F_04M/t1/lr101/;60000;18;0;851.77;13;7;H;50;95;0;100.0;30.0;true;0.95;100.0;1.0;1.0;1.0;1.0;60;M;60000;60000;false;52;0.99;77.12;0.85;26;10;1000000;-1;3600;12.7;0.6;0.42;mslp;heur;0.46;0.19;-1;3600;60000;I;6;1.0;0.83;lr101;0;/dados/rmelo/PDPTW-SE/benchmark_multi_floor_v3/official_experiments/multistartlp/official/set_01_pt_01/logs;0;0;0;0.0;100.0;1;58;/dados/rmelo/PDPTW-SE/benchmark_multi_floor_v3/official_experiments/multistartlp/official/set_01_pt_01/logs/heur_mslp/solutions/06R_06V_04F_04M/lr101_sol_genconfig_mslp_seed_58.txt;Gurobi;AUTOMATIC;17.76;_bash_3;_seed_58;7621.14;1;0.31;/dados/rmelo/PDPTW-SE/benchmark_multi_floor_v3/official_experiments/multistartlp/official/set_01_pt_01/logs/heur_mslp/timelines/06R_06V_04F_04M/lr101_timeline_genconfig_mslp_seed_58.txt;92.65;t1;0;736.64;false
0.05;0.05;0.16;0.21;0.0;0.05;8;/dados/rmelo/PDPTW-SE/benchmark_multi_floor_v3/official_experiments/multistartlp/official/set_01_pt_01/logs/heur_mslp/outputs/csvresults_heur_mslp_bash_3.csv;0;3;1;14;1;0.0;0.5;true;8;2;lr102_t1_06R_06V_04F_03M;/dados/rmelo/PDPTW-SE/benchmark_multi_floor_v3/official_experiments/multistartlp/official/set_01_pt_01/configs/genconfig_mslp.conf;genconfig_mslp;/dados/rmelo/PDPTW-SE/benchmark_multi_floor_v3/official_experiments/multistartlp/official/set_01_pt_01/logs/heur_mslp/gurobi/06R_06V_04F_03M/lr102_grb_genconfig_mslp_seed_58.log;random;06R_06V_04F_03M;1;6096;1;/dados/rmelo/PDPTW-SE/benchmark_multi_floor_v3/official_experiments/multistartlp/official/set_01_pt_01/../../../../instances/orig_ams_fg/06R_06V_04F_04M/t1/lr102/;60000;388;0;837.77;13;7;H;50;95;0;100.0;30.0;true;0.95;100.0;1.0;1.0;1.0;1.0;60;M;53904;53904;false;58;0.88;76.57;0.76;29;10;1000000;-1;3600;9.69;0.77;0.4;mslp;heur;0.64;0.04;-1;3600;60000;I;6;1.0;0.67;lr102;0;/dados/rmelo/PDPTW-SE/benchmark_multi_floor_v3/official_experiments/multistartlp/official/set_01_pt_01/logs;0;0;0;10.16;100.0;1;58;/dados/rmelo/PDPTW-SE/benchmark_multi_floor_v3/official_experiments/multistartlp/official/set_01_pt_01/logs/heur_mslp/solutions/06R_06V_04F_03M/lr102_sol_genconfig_mslp_seed_58.txt;Gurobi;AUTOMATIC;18.0;_bash_3;_seed_58;5221.22;1;0.89;/dados/rmelo/PDPTW-SE/benchmark_multi_floor_v3/official_experiments/multistartlp/official/set_01_pt_01/logs/heur_mslp/timelines/06R_06V_04F_03M/lr102_timeline_genconfig_mslp_seed_58.txt;94.28;t1;0;724.27;false
0.05;0.02;0.12;0.14;0.0;0.0;5;/dados/rmelo/PDPTW-SE/benchmark_multi_floor_v3/official_experiments/multistartlp/official/set_01_pt_01/logs/heur_mslp/outputs/csvresults_heur_mslp_bash_3.csv;0;4;1;14;1;0.0;0.5;true;8;2;lr102_t1_06R_06V_04F_04M;/dados/rmelo/PDPTW-SE/benchmark_multi_floor_v3/official_experiments/multistartlp/official/set_01_pt_01/configs/genconfig_mslp.conf;genconfig_mslp;/dados/rmelo/PDPTW-SE/benchmark_multi_floor_v3/official_experiments/multistartlp/official/set_01_pt_01/logs/heur_mslp/gurobi/06R_06V_04F_04M/lr102_grb_genconfig_mslp_seed_58.log;random;06R_06V_04F_04M;1;5026;1;/dados/rmelo/PDPTW-SE/benchmark_multi_floor_v3/official_experiments/multistartlp/official/set_01_pt_01/../../../../instances/orig_ams_fg/06R_06V_04F_04M/t1/lr102/;60000;24;0;835.3;13;7;H;50;95;0;100.0;30.0;true;0.95;100.0;1.0;1.0;1.0;1.0;60;M;54974;54974;false;58;0.86;76.2;0.54;29;10;1000000;-1;3600;10.51;0.74;0.3;mslp;heur;0.52;0.04;-1;3600;60000;I;6;1.0;0.67;lr102;0;/dados/rmelo/PDPTW-SE/benchmark_multi_floor_v3/official_experiments/multistartlp/official/set_01_pt_01/logs;0;0;0;8.38;100.0;1;58;/dados/rmelo/PDPTW-SE/benchmark_multi_floor_v3/official_experiments/multistartlp/official/set_01_pt_01/logs/heur_mslp/solutions/06R_06V_04F_04M/lr102_sol_genconfig_mslp_seed_58.txt;Gurobi;AUTOMATIC;17.87;_bash_3;_seed_58;5777.34;1;0.35;/dados/rmelo/PDPTW-SE/benchmark_multi_floor_v3/official_experiments/multistartlp/official/set_01_pt_01/logs/heur_mslp/timelines/06R_06V_04F_04M/lr102_timeline_genconfig_mslp_seed_58.txt;97.69;t1;0;692.08;false
0.05;0.08;0.19;0.28;0.0;0.0;5;/dados/rmelo/PDPTW-SE/benchmark_multi_floor_v3/official_experiments/multistartlp/official/set_01_pt_01/logs/heur_mslp/outputs/csvresults_heur_mslp_bash_3.csv;0;3;1;14;1;0.0;0.5;true;8;2;lr103_t1_06R_06V_04F_03M;/dados/rmelo/PDPTW-SE/benchmark_multi_floor_v3/official_experiments/multistartlp/official/set_01_pt_01/configs/genconfig_mslp.conf;genconfig_mslp;/dados/rmelo/PDPTW-SE/benchmark_multi_floor_v3/official_experiments/multistartlp/official/set_01_pt_01/logs/heur_mslp/gurobi/06R_06V_04F_03M/lr103_grb_genconfig_mslp_seed_58.log;random;06R_06V_04F_03M;1;0;1;/dados/rmelo/PDPTW-SE/benchmark_multi_floor_v3/official_experiments/multistartlp/official/set_01_pt_01/../../../../instances/orig_ams_fg/06R_06V_04F_04M/t1/lr103/;60000;97;0;1166.41;13;7;H;50;95;0;100.0;30.0;true;0.95;100.0;1.0;1.0;1.0;1.0;60;M;60000;60000;false;38;0.78;82.31;0.62;19;10;1000000;-1;3600;12.26;0.66;0.4;mslp;heur;0.55;0.16;-1;3600;60000;I;6;1.0;1.0;lr103;0;/dados/rmelo/PDPTW-SE/benchmark_multi_floor_v3/official_experiments/multistartlp/official/set_01_pt_01/logs;0;0;0;0.0;100.0;1;58;/dados/rmelo/PDPTW-SE/benchmark_multi_floor_v3/official_experiments/multistartlp/official/set_01_pt_01/logs/heur_mslp/solutions/06R_06V_04F_03M/lr103_sol_genconfig_mslp_seed_58.txt;Gurobi;AUTOMATIC;18.08;_bash_3;_seed_58;7357.36;1;0.45;/dados/rmelo/PDPTW-SE/benchmark_multi_floor_v3/official_experiments/multistartlp/official/set_01_pt_01/logs/heur_mslp/timelines/06R_06V_04F_03M/lr103_timeline_genconfig_mslp_seed_58.txt;110.02;t1;0;947.66;false
0.05;0.06;0.15;0.2;0.0;0.04;2;/dados/rmelo/PDPTW-SE/benchmark_multi_floor_v3/official_experiments/multistartlp/official/set_01_pt_01/logs/heur_mslp/outputs/csvresults_heur_mslp_bash_3.csv;0;4;1;14;1;0.0;0.5;true;8;2;lr103_t1_06R_06V_04F_04M;/dados/rmelo/PDPTW-SE/benchmark_multi_floor_v3/official_experiments/multistartlp/official/set_01_pt_01/configs/genconfig_mslp.conf;genconfig_mslp;/dados/rmelo/PDPTW-SE/benchmark_multi_floor_v3/official_experiments/multistartlp/official/set_01_pt_01/logs/heur_mslp/gurobi/06R_06V_04F_04M/lr103_grb_genconfig_mslp_seed_58.log;random;06R_06V_04F_04M;1;0;1;/dados/rmelo/PDPTW-SE/benchmark_multi_floor_v3/official_experiments/multistartlp/official/set_01_pt_01/../../../../instances/orig_ams_fg/06R_06V_04F_04M/t1/lr103/;60000;4;0;1159.7;13;7;H;50;95;0;100.0;30.0;true;0.95;100.0;1.0;1.0;1.0;1.0;60;M;60000;60000;false;38;0.84;82.27;0.62;19;10;1000000;-1;3600;14.35;0.68;0.39;mslp;heur;0.52;0.16;-1;3600;60000;I;6;1.0;1.0;lr103;0;/dados/rmelo/PDPTW-SE/benchmark_multi_floor_v3/official_experiments/multistartlp/official/set_01_pt_01/logs;0;0;0;0.0;100.0;1;58;/dados/rmelo/PDPTW-SE/benchmark_multi_floor_v3/official_experiments/multistartlp/official/set_01_pt_01/logs/heur_mslp/solutions/06R_06V_04F_04M/lr103_sol_genconfig_mslp_seed_58.txt;Gurobi;AUTOMATIC;17.62;_bash_3;_seed_58;8607.53;1;0.29;/dados/rmelo/PDPTW-SE/benchmark_multi_floor_v3/official_experiments/multistartlp/official/set_01_pt_01/logs/heur_mslp/timelines/06R_06V_04F_04M/lr103_timeline_genconfig_mslp_seed_58.txt;112.38;t1;0;974.37;false
0.05;0.03;0.1;0.12;0.0;0.0;2;/dados/rmelo/PDPTW-SE/benchmark_multi_floor_v3/official_experiments/multistartlp/official/set_01_pt_01/logs/heur_mslp/outputs/csvresults_heur_mslp_bash_3.csv;0;3;1;14;1;0.0;0.5;true;8;2;lr104_t1_06R_06V_04F_03M;/dados/rmelo/PDPTW-SE/benchmark_multi_floor_v3/official_experiments/multistartlp/official/set_01_pt_01/configs/genconfig_mslp.conf;genconfig_mslp;/dados/rmelo/PDPTW-SE/benchmark_multi_floor_v3/official_experiments/multistartlp/official/set_01_pt_01/logs/heur_mslp/gurobi/06R_06V_04F_03M/lr104_grb_genconfig_mslp_seed_58.log;random;06R_06V_04F_03M;1;36398;1;/dados/rmelo/PDPTW-SE/benchmark_multi_floor_v3/official_experiments/multistartlp/official/set_01_pt_01/../../../../instances/orig_ams_fg/06R_06V_04F_04M/t1/lr104/;60000;2;0;835.8;13;7;H;50;95;0;100.0;30.0;true;0.95;100.0;1.0;1.0;1.0;1.0;60;M;23602;23602;false;40;0.86;81.04;0.73;20;10;1000000;-1;3600;17.04;0.59;0.48;mslp;heur;0.34;0.21;-1;3600;60000;I;6;1.0;0.67;lr104;0;/dados/rmelo/PDPTW-SE/benchmark_multi_floor_v3/official_experiments/multistartlp/official/set_01_pt_01/logs;0;0;0;60.66;100.0;1;58;/dados/rmelo/PDPTW-SE/benchmark_multi_floor_v3/official_experiments/multistartlp/official/set_01_pt_01/logs/heur_mslp/solutions/06R_06V_04F_03M/lr104_sol_genconfig_mslp_seed_58.txt;Gurobi;AUTOMATIC;17.97;_bash_3;_seed_58;4022.9;1;0.29;/dados/rmelo/PDPTW-SE/benchmark_multi_floor_v3/official_experiments/multistartlp/official/set_01_pt_01/logs/heur_mslp/timelines/06R_06V_04F_03M/lr104_timeline_genconfig_mslp_seed_58.txt;44.14;t1;0;659.55;false
0.05;0.05;0.07;0.12;0.0;0.0;2;/dados/rmelo/PDPTW-SE/benchmark_multi_floor_v3/official_experiments/multistartlp/official/set_01_pt_01/logs/heur_mslp/outputs/csvresults_heur_mslp_bash_3.csv;0;4;1;14;1;0.0;0.5;true;8;2;lr104_t1_06R_06V_04F_04M;/dados/rmelo/PDPTW-SE/benchmark_multi_floor_v3/official_experiments/multistartlp/official/set_01_pt_01/configs/genconfig_mslp.conf;genconfig_mslp;/dados/rmelo/PDPTW-SE/benchmark_multi_floor_v3/official_experiments/multistartlp/official/set_01_pt_01/logs/heur_mslp/gurobi/06R_06V_04F_04M/lr104_grb_genconfig_mslp_seed_58.log;random;06R_06V_04F_04M;1;35717;1;/dados/rmelo/PDPTW-SE/benchmark_multi_floor_v3/official_experiments/multistartlp/official/set_01_pt_01/../../../../instances/orig_ams_fg/06R_06V_04F_04M/t1/lr104/;60000;2;0;804.73;13;7;H;50;95;0;100.0;30.0;true;0.95;100.0;1.0;1.0;1.0;1.0;60;M;24283;24283;false;40;0.85;81.04;0.73;20;10;1000000;-1;3600;17.68;0.59;0.48;mslp;heur;0.34;0.21;-1;3600;60000;I;6;1.0;0.67;lr104;0;/dados/rmelo/PDPTW-SE/benchmark_multi_floor_v3/official_experiments/multistartlp/official/set_01_pt_01/logs;0;0;0;59.53;100.0;1;58;/dados/rmelo/PDPTW-SE/benchmark_multi_floor_v3/official_experiments/multistartlp/official/set_01_pt_01/logs/heur_mslp/solutions/06R_06V_04F_04M/lr104_sol_genconfig_mslp_seed_58.txt;Gurobi;AUTOMATIC;17.95;_bash_3;_seed_58;4293.68;1;0.29;/dados/rmelo/PDPTW-SE/benchmark_multi_floor_v3/official_experiments/multistartlp/official/set_01_pt_01/logs/heur_mslp/timelines/06R_06V_04F_04M/lr104_timeline_genconfig_mslp_seed_58.txt;46.65;t1;0;656.61;false
0.05;0.09;0.17;0.26;0.0;0.03;2;/dados/rmelo/PDPTW-SE/benchmark_multi_floor_v3/official_experiments/multistartlp/official/set_01_pt_01/logs/heur_mslp/outputs/csvresults_heur_mslp_bash_3.csv;0;3;1;14;1;0.0;0.5;true;8;2;lr105_t1_06R_06V_04F_03M;/dados/rmelo/PDPTW-SE/benchmark_multi_floor_v3/official_experiments/multistartlp/official/set_01_pt_01/configs/genconfig_mslp.conf;genconfig_mslp;/dados/rmelo/PDPTW-SE/benchmark_multi_floor_v3/official_experiments/multistartlp/official/set_01_pt_01/logs/heur_mslp/gurobi/06R_06V_04F_03M/lr105_grb_genconfig_mslp_seed_58.log;random;06R_06V_04F_03M;1;29779;1;/dados/rmelo/PDPTW-SE/benchmark_multi_floor_v3/official_experiments/multistartlp/official/set_01_pt_01/../../../../instances/orig_ams_fg/06R_06V_04F_04M/t1/lr105/;60000;4;0;1072.24;13;7;H;50;95;0;100.0;30.0;true;0.95;100.0;1.0;1.0;1.0;1.0;60;M;30221;30221;false;52;0.75;81.88;0.5;26;10;1000000;-1;3600;19.3;0.63;0.36;mslp;heur;0.37;0.21;-1;3600;60000;I;6;1.0;1.0;lr105;0;/dados/rmelo/PDPTW-SE/benchmark_multi_floor_v3/official_experiments/multistartlp/official/set_01_pt_01/logs;0;0;0;49.63;100.0;1;58;/dados/rmelo/PDPTW-SE/benchmark_multi_floor_v3/official_experiments/multistartlp/official/set_01_pt_01/logs/heur_mslp/solutions/06R_06V_04F_03M/lr105_sol_genconfig_mslp_seed_58.txt;Gurobi;AUTOMATIC;17.81;_bash_3;_seed_58;5833.65;1;0.32;/dados/rmelo/PDPTW-SE/benchmark_multi_floor_v3/official_experiments/multistartlp/official/set_01_pt_01/logs/heur_mslp/timelines/06R_06V_04F_03M/lr105_timeline_genconfig_mslp_seed_58.txt;50.24;t1;0;864.51;false
0.05;0.05;0.13;0.18;0.0;0.03;2;/dados/rmelo/PDPTW-SE/benchmark_multi_floor_v3/official_experiments/multistartlp/official/set_01_pt_01/logs/heur_mslp/outputs/csvresults_heur_mslp_bash_3.csv;0;4;1;14;1;0.0;0.5;true;8;2;lr105_t1_06R_06V_04F_04M;/dados/rmelo/PDPTW-SE/benchmark_multi_floor_v3/official_experiments/multistartlp/official/set_01_pt_01/configs/genconfig_mslp.conf;genconfig_mslp;/dados/rmelo/PDPTW-SE/benchmark_multi_floor_v3/official_experiments/multistartlp/official/set_01_pt_01/logs/heur_mslp/gurobi/06R_06V_04F_04M/lr105_grb_genconfig_mslp_seed_58.log;random;06R_06V_04F_04M;1;29779;1;/dados/rmelo/PDPTW-SE/benchmark_multi_floor_v3/official_experiments/multistartlp/official/set_01_pt_01/../../../../instances/orig_ams_fg/06R_06V_04F_04M/t1/lr105/;60000;4;0;1064.71;13;7;H;50;95;0;100.0;30.0;true;0.95;100.0;1.0;1.0;1.0;1.0;60;M;30221;30221;false;52;0.74;81.88;0.5;26;10;1000000;-1;3600;19.44;0.62;0.36;mslp;heur;0.37;0.21;-1;3600;60000;I;6;1.0;1.0;lr105;0;/dados/rmelo/PDPTW-SE/benchmark_multi_floor_v3/official_experiments/multistartlp/official/set_01_pt_01/logs;0;0;0;49.63;100.0;1;58;/dados/rmelo/PDPTW-SE/benchmark_multi_floor_v3/official_experiments/multistartlp/official/set_01_pt_01/logs/heur_mslp/solutions/06R_06V_04F_04M/lr105_sol_genconfig_mslp_seed_58.txt;Gurobi;AUTOMATIC;17.82;_bash_3;_seed_58;5875.96;1;0.29;/dados/rmelo/PDPTW-SE/benchmark_multi_floor_v3/official_experiments/multistartlp/official/set_01_pt_01/logs/heur_mslp/timelines/06R_06V_04F_04M/lr105_timeline_genconfig_mslp_seed_58.txt;52.58;t1;0;856.98;false
0.05;0.0;0.03;0.03;0.17;0.24;3;/dados/rmelo/PDPTW-SE/benchmark_multi_floor_v3/official_experiments/multistartlp/official/set_01_pt_01/logs/heur_mslp/outputs/csvresults_heur_mslp_bash_3.csv;0;3;1;14;1;0.0;0.5;true;8;2;lr201_t2_06R_06V_04F_03M;/dados/rmelo/PDPTW-SE/benchmark_multi_floor_v3/official_experiments/multistartlp/official/set_01_pt_01/configs/genconfig_mslp.conf;genconfig_mslp;/dados/rmelo/PDPTW-SE/benchmark_multi_floor_v3/official_experiments/multistartlp/official/set_01_pt_01/logs/heur_mslp/gurobi/06R_06V_04F_03M/lr201_grb_genconfig_mslp_seed_58.log;random;06R_06V_04F_03M;1;0;1;/dados/rmelo/PDPTW-SE/benchmark_multi_floor_v3/official_experiments/multistartlp/official/set_01_pt_01/../../../../instances/orig_ams_fg/06R_06V_04F_04M/t2/lr201/;60000;58;0;1334.59;13;7;H;50;95;0;100.0;30.0;true;0.95;100.0;1.0;1.0;1.0;1.0;60;M;60000;60000;false;52;0.7;81.62;0.88;26;10;1000000;-1;3600;18.7;0.47;0.72;mslp;heur;0.23;0.56;-1;3600;60000;I;6;1.0;0.33;lr201;0;/dados/rmelo/PDPTW-SE/benchmark_multi_floor_v3/official_experiments/multistartlp/official/set_01_pt_01/logs;0;0;0;0.0;100.0;1;58;/dados/rmelo/PDPTW-SE/benchmark_multi_floor_v3/official_experiments/multistartlp/official/set_01_pt_01/logs/heur_mslp/solutions/06R_06V_04F_03M/lr201_sol_genconfig_mslp_seed_58.txt;Gurobi;AUTOMATIC;18.0;_bash_3;_seed_58;11217.14;1;0.42;/dados/rmelo/PDPTW-SE/benchmark_multi_floor_v3/official_experiments/multistartlp/official/set_01_pt_01/logs/heur_mslp/timelines/06R_06V_04F_03M/lr201_timeline_genconfig_mslp_seed_58.txt;98.29;t2;0;936.6;false
0.05;0.0;0.02;0.02;0.18;0.24;3;/dados/rmelo/PDPTW-SE/benchmark_multi_floor_v3/official_experiments/multistartlp/official/set_01_pt_01/logs/heur_mslp/outputs/csvresults_heur_mslp_bash_3.csv;0;4;1;14;1;0.0;0.5;true;8;2;lr201_t2_06R_06V_04F_04M;/dados/rmelo/PDPTW-SE/benchmark_multi_floor_v3/official_experiments/multistartlp/official/set_01_pt_01/configs/genconfig_mslp.conf;genconfig_mslp;/dados/rmelo/PDPTW-SE/benchmark_multi_floor_v3/official_experiments/multistartlp/official/set_01_pt_01/logs/heur_mslp/gurobi/06R_06V_04F_04M/lr201_grb_genconfig_mslp_seed_58.log;random;06R_06V_04F_04M;1;0;1;/dados/rmelo/PDPTW-SE/benchmark_multi_floor_v3/official_experiments/multistartlp/official/set_01_pt_01/../../../../instances/orig_ams_fg/06R_06V_04F_04M/t2/lr201/;60000;58;0;1334.59;13;7;H;50;95;0;100.0;30.0;true;0.95;100.0;1.0;1.0;1.0;1.0;60;M;60000;60000;false;52;0.7;81.62;0.88;26;10;1000000;-1;3600;18.73;0.47;0.72;mslp;heur;0.23;0.56;-1;3600;60000;I;6;1.0;0.33;lr201;0;/dados/rmelo/PDPTW-SE/benchmark_multi_floor_v3/official_experiments/multistartlp/official/set_01_pt_01/logs;0;0;0;0.0;100.0;1;58;/dados/rmelo/PDPTW-SE/benchmark_multi_floor_v3/official_experiments/multistartlp/official/set_01_pt_01/logs/heur_mslp/solutions/06R_06V_04F_04M/lr201_sol_genconfig_mslp_seed_58.txt;Gurobi;AUTOMATIC;17.88;_bash_3;_seed_58;11237.77;1;0.43;/dados/rmelo/PDPTW-SE/benchmark_multi_floor_v3/official_experiments/multistartlp/official/set_01_pt_01/logs/heur_mslp/timelines/06R_06V_04F_04M/lr201_timeline_genconfig_mslp_seed_58.txt;99.38;t2;0;935.98;false
0.05;0.01;0.01;0.03;0.0;0.0;6;/dados/rmelo/PDPTW-SE/benchmark_multi_floor_v3/official_experiments/multistartlp/official/set_01_pt_01/logs/heur_mslp/outputs/csvresults_heur_mslp_bash_3.csv;0;3;1;14;1;0.0;0.5;true;8;2;lr202_t2_06R_06V_04F_03M;/dados/rmelo/PDPTW-SE/benchmark_multi_floor_v3/official_experiments/multistartlp/official/set_01_pt_01/configs/genconfig_mslp.conf;genconfig_mslp;/dados/rmelo/PDPTW-SE/benchmark_multi_floor_v3/official_experiments/multistartlp/official/set_01_pt_01/logs/heur_mslp/gurobi/06R_06V_04F_03M/lr202_grb_genconfig_mslp_seed_58.log;random;06R_06V_04F_03M;1;0;1;/dados/rmelo/PDPTW-SE/benchmark_multi_floor_v3/official_experiments/multistartlp/official/set_01_pt_01/../../../../instances/orig_ams_fg/06R_06V_04F_04M/t2/lr202/;60000;303;0;1502.9;13;7;H;50;95;0;100.0;30.0;true;0.95;100.0;1.0;1.0;1.0;1.0;60;M;60000;60000;false;38;0.49;75.25;0.92;19;10;1000000;-1;3600;36.66;0.3;0.62;mslp;heur;0.11;0.32;-1;3600;60000;I;6;1.0;0.33;lr202;0;/dados/rmelo/PDPTW-SE/benchmark_multi_floor_v3/official_experiments/multistartlp/official/set_01_pt_01/logs;0;0;0;0.0;100.0;1;58;/dados/rmelo/PDPTW-SE/benchmark_multi_floor_v3/official_experiments/multistartlp/official/set_01_pt_01/logs/heur_mslp/solutions/06R_06V_04F_03M/lr202_sol_genconfig_mslp_seed_58.txt;Gurobi;AUTOMATIC;17.88;_bash_3;_seed_58;21998.81;1;0.87;/dados/rmelo/PDPTW-SE/benchmark_multi_floor_v3/official_experiments/multistartlp/official/set_01_pt_01/logs/heur_mslp/timelines/06R_06V_04F_03M/lr202_timeline_genconfig_mslp_seed_58.txt;109.95;t2;0;604.04;false
0.05;0.01;0.01;0.03;0.0;0.0;6;/dados/rmelo/PDPTW-SE/benchmark_multi_floor_v3/official_experiments/multistartlp/official/set_01_pt_01/logs/heur_mslp/outputs/csvresults_heur_mslp_bash_3.csv;0;4;1;14;1;0.0;0.5;true;8;2;lr202_t2_06R_06V_04F_04M;/dados/rmelo/PDPTW-SE/benchmark_multi_floor_v3/official_experiments/multistartlp/official/set_01_pt_01/configs/genconfig_mslp.conf;genconfig_mslp;/dados/rmelo/PDPTW-SE/benchmark_multi_floor_v3/official_experiments/multistartlp/official/set_01_pt_01/logs/heur_mslp/gurobi/06R_06V_04F_04M/lr202_grb_genconfig_mslp_seed_58.log;random;06R_06V_04F_04M;1;0;1;/dados/rmelo/PDPTW-SE/benchmark_multi_floor_v3/official_experiments/multistartlp/official/set_01_pt_01/../../../../instances/orig_ams_fg/06R_06V_04F_04M/t2/lr202/;60000;579;0;1502.9;13;7;H;50;95;0;100.0;30.0;true;0.95;100.0;1.0;1.0;1.0;1.0;60;M;60000;60000;false;38;0.49;75.25;0.92;19;10;1000000;-1;3600;39.88;0.3;0.65;mslp;heur;0.11;0.38;-1;3600;60000;I;6;0.75;0.33;lr202;0;/dados/rmelo/PDPTW-SE/benchmark_multi_floor_v3/official_experiments/multistartlp/official/set_01_pt_01/logs;0;0;0;0.0;100.0;1;58;/dados/rmelo/PDPTW-SE/benchmark_multi_floor_v3/official_experiments/multistartlp/official/set_01_pt_01/logs/heur_mslp/solutions/06R_06V_04F_04M/lr202_sol_genconfig_mslp_seed_58.txt;Gurobi;AUTOMATIC;17.92;_bash_3;_seed_58;23928.84;1;1.39;/dados/rmelo/PDPTW-SE/benchmark_multi_floor_v3/official_experiments/multistartlp/official/set_01_pt_01/logs/heur_mslp/timelines/06R_06V_04F_04M/lr202_timeline_genconfig_mslp_seed_58.txt;113.42;t2;0;604.04;false
0.05;0.01;0.05;0.06;0.06;0.0;7;/dados/rmelo/PDPTW-SE/benchmark_multi_floor_v3/official_experiments/multistartlp/official/set_01_pt_01/logs/heur_mslp/outputs/csvresults_heur_mslp_bash_3.csv;0;3;1;14;1;0.0;0.5;true;8;2;lr203_t2_06R_06V_04F_03M;/dados/rmelo/PDPTW-SE/benchmark_multi_floor_v3/official_experiments/multistartlp/official/set_01_pt_01/configs/genconfig_mslp.conf;genconfig_mslp;/dados/rmelo/PDPTW-SE/benchmark_multi_floor_v3/official_experiments/multistartlp/official/set_01_pt_01/logs/heur_mslp/gurobi/06R_06V_04F_03M/lr203_grb_genconfig_mslp_seed_58.log;random;06R_06V_04F_03M;1;0;1;/dados/rmelo/PDPTW-SE/benchmark_multi_floor_v3/official_experiments/multistartlp/official/set_01_pt_01/../../../../instances/orig_ams_fg/06R_06V_04F_04M/t2/lr203/;60000;57946;0;2306.44;13;7;H;50;95;0;100.0;30.0;true;0.95;100.0;1.0;1.0;1.0;1.0;60;M;60000;60000;false;32;0.6;86.22;0.88;16;10;1000000;-1;3600;37.11;0.4;0.73;mslp;heur;0.2;0.59;-1;3600;60000;I;6;0.67;0.33;lr203;0;/dados/rmelo/PDPTW-SE/benchmark_multi_floor_v3/official_experiments/multistartlp/official/set_01_pt_01/logs;0;0;0;0.0;100.0;1;58;/dados/rmelo/PDPTW-SE/benchmark_multi_floor_v3/official_experiments/multistartlp/official/set_01_pt_01/logs/heur_mslp/solutions/06R_06V_04F_03M/lr203_sol_genconfig_mslp_seed_58.txt;Gurobi;AUTOMATIC;17.73;_bash_3;_seed_58;22263.91;1;106.09;/dados/rmelo/PDPTW-SE/benchmark_multi_floor_v3/official_experiments/multistartlp/official/set_01_pt_01/logs/heur_mslp/timelines/06R_06V_04F_03M/lr203_timeline_genconfig_mslp_seed_58.txt;109.9;t2;0;797.56;false
0.05;0.01;0.05;0.05;0.0;0.01;3;/dados/rmelo/PDPTW-SE/benchmark_multi_floor_v3/official_experiments/multistartlp/official/set_01_pt_01/logs/heur_mslp/outputs/csvresults_heur_mslp_bash_3.csv;0;4;1;14;1;0.0;0.5;true;8;2;lr203_t2_06R_06V_04F_04M;/dados/rmelo/PDPTW-SE/benchmark_multi_floor_v3/official_experiments/multistartlp/official/set_01_pt_01/configs/genconfig_mslp.conf;genconfig_mslp;/dados/rmelo/PDPTW-SE/benchmark_multi_floor_v3/official_experiments/multistartlp/official/set_01_pt_01/logs/heur_mslp/gurobi/06R_06V_04F_04M/lr203_grb_genconfig_mslp_seed_58.log;random;06R_06V_04F_04M;1;0;1;/dados/rmelo/PDPTW-SE/benchmark_multi_floor_v3/official_experiments/multistartlp/official/set_01_pt_01/../../../../instances/orig_ams_fg/06R_06V_04F_04M/t2/lr203/;60000;21;0;1633.06;13;7;H;50;95;0;100.0;30.0;true;0.95;100.0;1.0;1.0;1.0;1.0;60;M;60000;60000;false;32;0.73;86.22;0.88;16;10;1000000;-1;3600;31.26;0.73;0.88;mslp;heur;0.73;0.88;-1;3600;60000;I;6;0.5;0.17;lr203;0;/dados/rmelo/PDPTW-SE/benchmark_multi_floor_v3/official_experiments/multistartlp/official/set_01_pt_01/logs;0;0;0;0.0;100.0;1;58;/dados/rmelo/PDPTW-SE/benchmark_multi_floor_v3/official_experiments/multistartlp/official/set_01_pt_01/logs/heur_mslp/solutions/06R_06V_04F_04M/lr203_sol_genconfig_mslp_seed_58.txt;Gurobi;AUTOMATIC;17.82;_bash_3;_seed_58;18757.37;1;0.36;/dados/rmelo/PDPTW-SE/benchmark_multi_floor_v3/official_experiments/multistartlp/official/set_01_pt_01/logs/heur_mslp/timelines/06R_06V_04F_04M/lr203_timeline_genconfig_mslp_seed_58.txt;110.7;t2;0;725.28;false
0.05;0.0;0.04;0.04;0.0;0.0;6;/dados/rmelo/PDPTW-SE/benchmark_multi_floor_v3/official_experiments/multistartlp/official/set_01_pt_01/logs/heur_mslp/outputs/csvresults_heur_mslp_bash_3.csv;0;3;1;14;1;0.0;0.5;true;8;2;lr204_t2_06R_06V_04F_03M;/dados/rmelo/PDPTW-SE/benchmark_multi_floor_v3/official_experiments/multistartlp/official/set_01_pt_01/configs/genconfig_mslp.conf;genconfig_mslp;/dados/rmelo/PDPTW-SE/benchmark_multi_floor_v3/official_experiments/multistartlp/official/set_01_pt_01/logs/heur_mslp/gurobi/06R_06V_04F_03M/lr204_grb_genconfig_mslp_seed_58.log;random;06R_06V_04F_03M;1;0;1;/dados/rmelo/PDPTW-SE/benchmark_multi_floor_v3/official_experiments/multistartlp/official/set_01_pt_01/../../../../instances/orig_ams_fg/06R_06V_04F_04M/t2/lr204/;60000;380;0;1057.09;13;7;H;50;95;0;100.0;30.0;true;0.95;100.0;1.0;1.0;1.0;1.0;60;M;60000;60000;false;38;0.47;91.42;0.62;19;10;1000000;-1;3600;17.05;0.38;0.56;mslp;heur;0.29;0.5;-1;3600;60000;I;6;0.67;0.33;lr204;0;/dados/rmelo/PDPTW-SE/benchmark_multi_floor_v3/official_experiments/multistartlp/official/set_01_pt_01/logs;0;0;0;0.0;100.0;1;58;/dados/rmelo/PDPTW-SE/benchmark_multi_floor_v3/official_experiments/multistartlp/official/set_01_pt_01/logs/heur_mslp/solutions/06R_06V_04F_03M/lr204_sol_genconfig_mslp_seed_58.txt;Gurobi;AUTOMATIC;17.87;_bash_3;_seed_58;10227.41;1;1.11;/dados/rmelo/PDPTW-SE/benchmark_multi_floor_v3/official_experiments/multistartlp/official/set_01_pt_01/logs/heur_mslp/timelines/06R_06V_04F_03M/lr204_timeline_genconfig_mslp_seed_58.txt;122.46;t2;0;764.38;false
0.05;0.0;0.04;0.04;0.0;0.0;6;/dados/rmelo/PDPTW-SE/benchmark_multi_floor_v3/official_experiments/multistartlp/official/set_01_pt_01/logs/heur_mslp/outputs/csvresults_heur_mslp_bash_3.csv;0;4;1;14;1;0.0;0.5;true;8;2;lr204_t2_06R_06V_04F_04M;/dados/rmelo/PDPTW-SE/benchmark_multi_floor_v3/official_experiments/multistartlp/official/set_01_pt_01/configs/genconfig_mslp.conf;genconfig_mslp;/dados/rmelo/PDPTW-SE/benchmark_multi_floor_v3/official_experiments/multistartlp/official/set_01_pt_01/logs/heur_mslp/gurobi/06R_06V_04F_04M/lr204_grb_genconfig_mslp_seed_58.log;random;06R_06V_04F_04M;1;0;1;/dados/rmelo/PDPTW-SE/benchmark_multi_floor_v3/official_experiments/multistartlp/official/set_01_pt_01/../../../../instances/orig_ams_fg/06R_06V_04F_04M/t2/lr204/;60000;380;0;1054.63;13;7;H;50;95;0;100.0;30.0;true;0.95;100.0;1.0;1.0;1.0;1.0;60;M;60000;60000;false;38;0.47;91.25;0.62;19;10;1000000;-1;3600;16.97;0.38;0.56;mslp;heur;0.29;0.5;-1;3600;60000;I;6;0.5;0.33;lr204;0;/dados/rmelo/PDPTW-SE/benchmark_multi_floor_v3/official_experiments/multistartlp/official/set_01_pt_01/logs;0;0;0;0.0;100.0;1;58;/dados/rmelo/PDPTW-SE/benchmark_multi_floor_v3/official_experiments/multistartlp/official/set_01_pt_01/logs/heur_mslp/solutions/06R_06V_04F_04M/lr204_sol_genconfig_mslp_seed_58.txt;Gurobi;AUTOMATIC;18.16;_bash_3;_seed_58;10180.63;1;1.13;/dados/rmelo/PDPTW-SE/benchmark_multi_floor_v3/official_experiments/multistartlp/official/set_01_pt_01/logs/heur_mslp/timelines/06R_06V_04F_04M/lr204_timeline_genconfig_mslp_seed_58.txt;127.59;t2;0;760.99;false
0.05;0.0;0.02;0.03;0.0;0.0;9;/dados/rmelo/PDPTW-SE/benchmark_multi_floor_v3/official_experiments/multistartlp/official/set_01_pt_01/logs/heur_mslp/outputs/csvresults_heur_mslp_bash_3.csv;0;3;1;14;1;0.0;0.5;true;8;2;lr205_t2_06R_06V_04F_03M;/dados/rmelo/PDPTW-SE/benchmark_multi_floor_v3/official_experiments/multistartlp/official/set_01_pt_01/configs/genconfig_mslp.conf;genconfig_mslp;/dados/rmelo/PDPTW-SE/benchmark_multi_floor_v3/official_experiments/multistartlp/official/set_01_pt_01/logs/heur_mslp/gurobi/06R_06V_04F_03M/lr205_grb_genconfig_mslp_seed_58.log;random;06R_06V_04F_03M;1;0;1;/dados/rmelo/PDPTW-SE/benchmark_multi_floor_v3/official_experiments/multistartlp/official/set_01_pt_01/../../../../instances/orig_ams_fg/06R_06V_04F_04M/t2/lr205/;60000;922;0;1435.73;13;7;H;50;95;0;100.0;30.0;true;0.95;100.0;1.0;1.0;1.0;1.0;60;M;60000;60000;false;52;0.6;76.14;0.83;26;10;1000000;-1;3600;24.76;0.6;0.83;mslp;heur;0.6;0.83;-1;3600;60000;I;6;0.67;0.17;lr205;0;/dados/rmelo/PDPTW-SE/benchmark_multi_floor_v3/official_experiments/multistartlp/official/set_01_pt_01/logs;0;0;0;0.0;100.0;1;58;/dados/rmelo/PDPTW-SE/benchmark_multi_floor_v3/official_experiments/multistartlp/official/set_01_pt_01/logs/heur_mslp/solutions/06R_06V_04F_03M/lr205_sol_genconfig_mslp_seed_58.txt;Gurobi;AUTOMATIC;17.94;_bash_3;_seed_58;14856.03;1;2.07;/dados/rmelo/PDPTW-SE/benchmark_multi_floor_v3/official_experiments/multistartlp/official/set_01_pt_01/logs/heur_mslp/timelines/06R_06V_04F_03M/lr205_timeline_genconfig_mslp_seed_58.txt;113.54;t2;0;604.07;false
0.05;0.0;0.02;0.03;0.0;0.0;6;/dados/rmelo/PDPTW-SE/benchmark_multi_floor_v3/official_experiments/multistartlp/official/set_01_pt_01/logs/heur_mslp/outputs/csvresults_heur_mslp_bash_3.csv;0;4;1;14;1;0.0;0.5;true;8;2;lr205_t2_06R_06V_04F_04M;/dados/rmelo/PDPTW-SE/benchmark_multi_floor_v3/official_experiments/multistartlp/official/set_01_pt_01/configs/genconfig_mslp.conf;genconfig_mslp;/dados/rmelo/PDPTW-SE/benchmark_multi_floor_v3/official_experiments/multistartlp/official/set_01_pt_01/logs/heur_mslp/gurobi/06R_06V_04F_04M/lr205_grb_genconfig_mslp_seed_58.log;random;06R_06V_04F_04M;1;0;1;/dados/rmelo/PDPTW-SE/benchmark_multi_floor_v3/official_experiments/multistartlp/official/set_01_pt_01/../../../../instances/orig_ams_fg/06R_06V_04F_04M/t2/lr205/;60000;922;0;1435.73;13;7;H;50;95;0;100.0;30.0;true;0.95;100.0;1.0;1.0;1.0;1.0;60;M;60000;60000;false;52;0.6;76.1;0.83;26;10;1000000;-1;3600;24.99;0.6;0.83;mslp;heur;0.6;0.83;-1;3600;60000;I;6;0.5;0.17;lr205;0;/dados/rmelo/PDPTW-SE/benchmark_multi_floor_v3/official_experiments/multistartlp/official/set_01_pt_01/logs;0;0;0;0.0;100.0;1;58;/dados/rmelo/PDPTW-SE/benchmark_multi_floor_v3/official_experiments/multistartlp/official/set_01_pt_01/logs/heur_mslp/solutions/06R_06V_04F_04M/lr205_sol_genconfig_mslp_seed_58.txt;Gurobi;AUTOMATIC;18.06;_bash_3;_seed_58;14993.74;1;2.07;/dados/rmelo/PDPTW-SE/benchmark_multi_floor_v3/official_experiments/multistartlp/official/set_01_pt_01/logs/heur_mslp/timelines/06R_06V_04F_04M/lr205_timeline_genconfig_mslp_seed_58.txt;115.75;t2;0;599.81;false
0.05;0.04;0.07;0.11;0.08;0.18;3;/dados/rmelo/PDPTW-SE/benchmark_multi_floor_v3/official_experiments/multistartlp/official/set_01_pt_01/logs/heur_mslp/outputs/csvresults_heur_mslp_bash_3.csv;0;3;1;18;1;0.0;0.5;true;10;2;lr101_t1_08R_08V_02F_03M;/dados/rmelo/PDPTW-SE/benchmark_multi_floor_v3/official_experiments/multistartlp/official/set_01_pt_01/configs/genconfig_mslp.conf;genconfig_mslp;/dados/rmelo/PDPTW-SE/benchmark_multi_floor_v3/official_experiments/multistartlp/official/set_01_pt_01/logs/heur_mslp/gurobi/08R_08V_02F_03M/lr101_grb_genconfig_mslp_seed_58.log;random;08R_08V_02F_03M;1;0;1;/dados/rmelo/PDPTW-SE/benchmark_multi_floor_v3/official_experiments/multistartlp/official/set_01_pt_01/../../../../instances/orig_ams_fg/08R_08V_02F_04M/t1/lr101/;60000;62;0;1336.24;17;9;H;50;95;0;100.0;30.0;true;0.95;100.0;1.0;1.0;1.0;1.0;60;M;60000;60000;false;52;0.66;77.12;0.6;26;10;1000000;-1;3600;22.57;0.55;0.35;mslp;heur;0.44;0.16;-1;3600;60000;I;8;1.0;1.0;lr101;0;/dados/rmelo/PDPTW-SE/benchmark_multi_floor_v3/official_experiments/multistartlp/official/set_01_pt_01/logs;0;0;0;0.0;100.0;1;58;/dados/rmelo/PDPTW-SE/benchmark_multi_floor_v3/official_experiments/multistartlp/official/set_01_pt_01/logs/heur_mslp/solutions/08R_08V_02F_03M/lr101_sol_genconfig_mslp_seed_58.txt;Gurobi;AUTOMATIC;17.95;_bash_3;_seed_58;13544.75;1;0.44;/dados/rmelo/PDPTW-SE/benchmark_multi_floor_v3/official_experiments/multistartlp/official/set_01_pt_01/logs/heur_mslp/timelines/08R_08V_02F_03M/lr101_timeline_genconfig_mslp_seed_58.txt;108.55;t1;0;1018.05;false
0.05;0.02;0.05;0.07;0.08;0.18;3;/dados/rmelo/PDPTW-SE/benchmark_multi_floor_v3/official_experiments/multistartlp/official/set_01_pt_01/logs/heur_mslp/outputs/csvresults_heur_mslp_bash_3.csv;0;4;1;18;1;0.0;0.5;true;10;2;lr101_t1_08R_08V_02F_04M;/dados/rmelo/PDPTW-SE/benchmark_multi_floor_v3/official_experiments/multistartlp/official/set_01_pt_01/configs/genconfig_mslp.conf;genconfig_mslp;/dados/rmelo/PDPTW-SE/benchmark_multi_floor_v3/official_experiments/multistartlp/official/set_01_pt_01/logs/heur_mslp/gurobi/08R_08V_02F_04M/lr101_grb_genconfig_mslp_seed_58.log;random;08R_08V_02F_04M;1;0;1;/dados/rmelo/PDPTW-SE/benchmark_multi_floor_v3/official_experiments/multistartlp/official/set_01_pt_01/../../../../instances/orig_ams_fg/08R_08V_02F_04M/t1/lr101/;60000;14;0;1331.19;17;9;H;50;95;0;100.0;30.0;true;0.95;100.0;1.0;1.0;1.0;1.0;60;M;60000;60000;false;52;0.65;77.12;0.76;26;10;1000000;-1;3600;23.82;0.55;0.36;mslp;heur;0.44;0.16;-1;3600;60000;I;8;1.0;1.0;lr101;0;/dados/rmelo/PDPTW-SE/benchmark_multi_floor_v3/official_experiments/multistartlp/official/set_01_pt_01/logs;0;0;0;0.0;100.0;1;58;/dados/rmelo/PDPTW-SE/benchmark_multi_floor_v3/official_experiments/multistartlp/official/set_01_pt_01/logs/heur_mslp/solutions/08R_08V_02F_04M/lr101_sol_genconfig_mslp_seed_58.txt;Gurobi;AUTOMATIC;17.83;_bash_3;_seed_58;14292.47;1;0.34;/dados/rmelo/PDPTW-SE/benchmark_multi_floor_v3/official_experiments/multistartlp/official/set_01_pt_01/logs/heur_mslp/timelines/08R_08V_02F_04M/lr101_timeline_genconfig_mslp_seed_58.txt;108.68;t1;0;1010.27;false
0.05;0.04;0.06;0.1;0.0;0.04;2;/dados/rmelo/PDPTW-SE/benchmark_multi_floor_v3/official_experiments/multistartlp/official/set_01_pt_01/logs/heur_mslp/outputs/csvresults_heur_mslp_bash_3.csv;0;3;1;18;1;0.0;0.5;true;10;2;lr102_t1_08R_08V_02F_03M;/dados/rmelo/PDPTW-SE/benchmark_multi_floor_v3/official_experiments/multistartlp/official/set_01_pt_01/configs/genconfig_mslp.conf;genconfig_mslp;/dados/rmelo/PDPTW-SE/benchmark_multi_floor_v3/official_experiments/multistartlp/official/set_01_pt_01/logs/heur_mslp/gurobi/08R_08V_02F_03M/lr102_grb_genconfig_mslp_seed_58.log;random;08R_08V_02F_03M;1;0;1;/dados/rmelo/PDPTW-SE/benchmark_multi_floor_v3/official_experiments/multistartlp/official/set_01_pt_01/../../../../instances/orig_ams_fg/08R_08V_02F_04M/t1/lr102/;60000;3;0;994.01;17;9;H;50;95;0;100.0;30.0;true;0.95;100.0;1.0;1.0;1.0;1.0;60;M;60000;60000;false;58;0.87;69.4;0.6;29;10;1000000;-1;3600;11.02;0.65;0.51;mslp;heur;0.38;0.4;-1;3600;60000;I;8;1.0;0.62;lr102;0;/dados/rmelo/PDPTW-SE/benchmark_multi_floor_v3/official_experiments/multistartlp/official/set_01_pt_01/logs;0;0;0;0.0;100.0;1;58;/dados/rmelo/PDPTW-SE/benchmark_multi_floor_v3/official_experiments/multistartlp/official/set_01_pt_01/logs/heur_mslp/solutions/08R_08V_02F_03M/lr102_sol_genconfig_mslp_seed_58.txt;Gurobi;AUTOMATIC;17.71;_bash_3;_seed_58;6611.66;1;0.32;/dados/rmelo/PDPTW-SE/benchmark_multi_floor_v3/official_experiments/multistartlp/official/set_01_pt_01/logs/heur_mslp/timelines/08R_08V_02F_03M/lr102_timeline_genconfig_mslp_seed_58.txt;113.47;t1;0;869.72;false
0.05;0.02;0.05;0.07;0.0;0.04;2;/dados/rmelo/PDPTW-SE/benchmark_multi_floor_v3/official_experiments/multistartlp/official/set_01_pt_01/logs/heur_mslp/outputs/csvresults_heur_mslp_bash_3.csv;0;4;1;18;1;0.0;0.5;true;10;2;lr102_t1_08R_08V_02F_04M;/dados/rmelo/PDPTW-SE/benchmark_multi_floor_v3/official_experiments/multistartlp/official/set_01_pt_01/configs/genconfig_mslp.conf;genconfig_mslp;/dados/rmelo/PDPTW-SE/benchmark_multi_floor_v3/official_experiments/multistartlp/official/set_01_pt_01/logs/heur_mslp/gurobi/08R_08V_02F_04M/lr102_grb_genconfig_mslp_seed_58.log;random;08R_08V_02F_04M;1;0;1;/dados/rmelo/PDPTW-SE/benchmark_multi_floor_v3/official_experiments/multistartlp/official/set_01_pt_01/../../../../instances/orig_ams_fg/08R_08V_02F_04M/t1/lr102/;60000;3;0;988.95;17;9;H;50;95;0;100.0;30.0;true;0.95;100.0;1.0;1.0;1.0;1.0;60;M;60000;60000;false;58;0.86;68.81;0.6;29;10;1000000;-1;3600;11.19;0.65;0.51;mslp;heur;0.38;0.4;-1;3600;60000;I;8;1.0;0.62;lr102;0;/dados/rmelo/PDPTW-SE/benchmark_multi_floor_v3/official_experiments/multistartlp/official/set_01_pt_01/logs;0;0;0;0.0;100.0;1;58;/dados/rmelo/PDPTW-SE/benchmark_multi_floor_v3/official_experiments/multistartlp/official/set_01_pt_01/logs/heur_mslp/solutions/08R_08V_02F_04M/lr102_sol_genconfig_mslp_seed_58.txt;Gurobi;AUTOMATIC;17.93;_bash_3;_seed_58;6713.74;1;0.32;/dados/rmelo/PDPTW-SE/benchmark_multi_floor_v3/official_experiments/multistartlp/official/set_01_pt_01/logs/heur_mslp/timelines/08R_08V_02F_04M/lr102_timeline_genconfig_mslp_seed_58.txt;115.31;t1;0;864.66;false
0.05;0.02;0.06;0.08;0.0;0.0;8;/dados/rmelo/PDPTW-SE/benchmark_multi_floor_v3/official_experiments/multistartlp/official/set_01_pt_01/logs/heur_mslp/outputs/csvresults_heur_mslp_bash_3.csv;0;3;1;18;1;0.0;0.5;true;10;2;lr103_t1_08R_08V_02F_03M;/dados/rmelo/PDPTW-SE/benchmark_multi_floor_v3/official_experiments/multistartlp/official/set_01_pt_01/configs/genconfig_mslp.conf;genconfig_mslp;/dados/rmelo/PDPTW-SE/benchmark_multi_floor_v3/official_experiments/multistartlp/official/set_01_pt_01/logs/heur_mslp/gurobi/08R_08V_02F_03M/lr103_grb_genconfig_mslp_seed_58.log;random;08R_08V_02F_03M;1;0;1;/dados/rmelo/PDPTW-SE/benchmark_multi_floor_v3/official_experiments/multistartlp/official/set_01_pt_01/../../../../instances/orig_ams_fg/08R_08V_02F_04M/t1/lr103/;60000;95;0;985.44;17;9;H;50;95;0;100.0;30.0;true;0.95;100.0;1.0;1.0;1.0;1.0;60;M;60000;60000;false;38;0.9;72.95;0.92;19;10;1000000;-1;3600;10.32;0.84;0.78;mslp;heur;0.73;0.58;-1;3600;60000;I;8;1.0;0.5;lr103;0;/dados/rmelo/PDPTW-SE/benchmark_multi_floor_v3/official_experiments/multistartlp/official/set_01_pt_01/logs;0;0;0;0.0;100.0;1;58;/dados/rmelo/PDPTW-SE/benchmark_multi_floor_v3/official_experiments/multistartlp/official/set_01_pt_01/logs/heur_mslp/solutions/08R_08V_02F_03M/lr103_sol_genconfig_mslp_seed_58.txt;Gurobi;AUTOMATIC;18.07;_bash_3;_seed_58;6192.15;1;0.5;/dados/rmelo/PDPTW-SE/benchmark_multi_floor_v3/official_experiments/multistartlp/official/set_01_pt_01/logs/heur_mslp/timelines/08R_08V_02F_03M/lr103_timeline_genconfig_mslp_seed_58.txt;119.28;t1;0;769.29;false
0.05;0.02;0.06;0.08;0.0;0.0;8;/dados/rmelo/PDPTW-SE/benchmark_multi_floor_v3/official_experiments/multistartlp/official/set_01_pt_01/logs/heur_mslp/outputs/csvresults_heur_mslp_bash_3.csv;0;4;1;18;1;0.0;0.5;true;10;2;lr103_t1_08R_08V_02F_04M;/dados/rmelo/PDPTW-SE/benchmark_multi_floor_v3/official_experiments/multistartlp/official/set_01_pt_01/configs/genconfig_mslp.conf;genconfig_mslp;/dados/rmelo/PDPTW-SE/benchmark_multi_floor_v3/official_experiments/multistartlp/official/set_01_pt_01/logs/heur_mslp/gurobi/08R_08V_02F_04M/lr103_grb_genconfig_mslp_seed_58.log;random;08R_08V_02F_04M;1;0;1;/dados/rmelo/PDPTW-SE/benchmark_multi_floor_v3/official_experiments/multistartlp/official/set_01_pt_01/../../../../instances/orig_ams_fg/08R_08V_02F_04M/t1/lr103/;60000;95;0;983.51;17;9;H;50;95;0;100.0;30.0;true;0.95;100.0;1.0;1.0;1.0;1.0;60;M;60000;60000;false;38;0.88;70.81;0.92;19;10;1000000;-1;3600;10.85;0.83;0.78;mslp;heur;0.73;0.58;-1;3600;60000;I;8;0.75;0.5;lr103;0;/dados/rmelo/PDPTW-SE/benchmark_multi_floor_v3/official_experiments/multistartlp/official/set_01_pt_01/logs;0;0;0;0.0;100.0;1;58;/dados/rmelo/PDPTW-SE/benchmark_multi_floor_v3/official_experiments/multistartlp/official/set_01_pt_01/logs/heur_mslp/solutions/08R_08V_02F_04M/lr103_sol_genconfig_mslp_seed_58.txt;Gurobi;AUTOMATIC;17.76;_bash_3;_seed_58;6510.11;1;0.49;/dados/rmelo/PDPTW-SE/benchmark_multi_floor_v3/official_experiments/multistartlp/official/set_01_pt_01/logs/heur_mslp/timelines/08R_08V_02F_04M/lr103_timeline_genconfig_mslp_seed_58.txt;122.5;t1;0;761.62;false
0.05;0.01;0.05;0.06;0.0;0.01;3;/dados/rmelo/PDPTW-SE/benchmark_multi_floor_v3/official_experiments/multistartlp/official/set_01_pt_01/logs/heur_mslp/outputs/csvresults_heur_mslp_bash_3.csv;0;3;1;18;1;0.0;0.5;true;10;2;lr104_t1_08R_08V_02F_03M;/dados/rmelo/PDPTW-SE/benchmark_multi_floor_v3/official_experiments/multistartlp/official/set_01_pt_01/configs/genconfig_mslp.conf;genconfig_mslp;/dados/rmelo/PDPTW-SE/benchmark_multi_floor_v3/official_experiments/multistartlp/official/set_01_pt_01/logs/heur_mslp/gurobi/08R_08V_02F_03M/lr104_grb_genconfig_mslp_seed_58.log;random;08R_08V_02F_03M;1;0;1;/dados/rmelo/PDPTW-SE/benchmark_multi_floor_v3/official_experiments/multistartlp/official/set_01_pt_01/../../../../instances/orig_ams_fg/08R_08V_02F_04M/t1/lr104/;60000;3;0;939.2;17;9;H;50;95;0;100.0;30.0;true;0.95;100.0;1.0;1.0;1.0;1.0;60;M;60000;60000;false;40;0.77;70.2;0.68;20;10;1000000;-1;3600;10.56;0.7;0.49;mslp;heur;0.6;0.3;-1;3600;60000;I;8;1.0;0.5;lr104;0;/dados/rmelo/PDPTW-SE/benchmark_multi_floor_v3/official_experiments/multistartlp/official/set_01_pt_01/logs;0;0;0;0.0;100.0;1;58;/dados/rmelo/PDPTW-SE/benchmark_multi_floor_v3/official_experiments/multistartlp/official/set_01_pt_01/logs/heur_mslp/solutions/08R_08V_02F_03M/lr104_sol_genconfig_mslp_seed_58.txt;Gurobi;AUTOMATIC;18.07;_bash_3;_seed_58;6336.82;1;0.33;/dados/rmelo/PDPTW-SE/benchmark_multi_floor_v3/official_experiments/multistartlp/official/set_01_pt_01/logs/heur_mslp/timelines/08R_08V_02F_03M/lr104_timeline_genconfig_mslp_seed_58.txt;117.41;t1;0;765.44;false
0.05;0.01;0.05;0.06;0.0;0.01;3;/dados/rmelo/PDPTW-SE/benchmark_multi_floor_v3/official_experiments/multistartlp/official/set_01_pt_01/logs/heur_mslp/outputs/csvresults_heur_mslp_bash_3.csv;0;4;1;18;1;0.0;0.5;true;10;2;lr104_t1_08R_08V_02F_04M;/dados/rmelo/PDPTW-SE/benchmark_multi_floor_v3/official_experiments/multistartlp/official/set_01_pt_01/configs/genconfig_mslp.conf;genconfig_mslp;/dados/rmelo/PDPTW-SE/benchmark_multi_floor_v3/official_experiments/multistartlp/official/set_01_pt_01/logs/heur_mslp/gurobi/08R_08V_02F_04M/lr104_grb_genconfig_mslp_seed_58.log;random;08R_08V_02F_04M;1;0;1;/dados/rmelo/PDPTW-SE/benchmark_multi_floor_v3/official_experiments/multistartlp/official/set_01_pt_01/../../../../instances/orig_ams_fg/08R_08V_02F_04M/t1/lr104/;60000;3;0;935.87;17;9;H;50;95;0;100.0;30.0;true;0.95;100.0;1.0;1.0;1.0;1.0;60;M;60000;60000;false;40;0.76;69.64;0.68;20;10;1000000;-1;3600;9.62;0.69;0.49;mslp;heur;0.6;0.3;-1;3600;60000;I;8;0.75;0.5;lr104;0;/dados/rmelo/PDPTW-SE/benchmark_multi_floor_v3/official_experiments/multistartlp/official/set_01_pt_01/logs;0;0;0;0.0;100.0;1;58;/dados/rmelo/PDPTW-SE/benchmark_multi_floor_v3/official_experiments/multistartlp/official/set_01_pt_01/logs/heur_mslp/solutions/08R_08V_02F_04M/lr104_sol_genconfig_mslp_seed_58.txt;Gurobi;AUTOMATIC;18.07;_bash_3;_seed_58;5769.82;1;0.32;/dados/rmelo/PDPTW-SE/benchmark_multi_floor_v3/official_experiments/multistartlp/official/set_01_pt_01/logs/heur_mslp/timelines/08R_08V_02F_04M/lr104_timeline_genconfig_mslp_seed_58.txt;120.47;t1;0;762.11;false
0.05;0.01;0.08;0.1;0.0;0.0;2;/dados/rmelo/PDPTW-SE/benchmark_multi_floor_v3/official_experiments/multistartlp/official/set_01_pt_01/logs/heur_mslp/outputs/csvresults_heur_mslp_bash_3.csv;0;3;1;18;1;0.0;0.5;true;10;2;lr105_t1_08R_08V_02F_03M;/dados/rmelo/PDPTW-SE/benchmark_multi_floor_v3/official_experiments/multistartlp/official/set_01_pt_01/configs/genconfig_mslp.conf;genconfig_mslp;/dados/rmelo/PDPTW-SE/benchmark_multi_floor_v3/official_experiments/multistartlp/official/set_01_pt_01/logs/heur_mslp/gurobi/08R_08V_02F_03M/lr105_grb_genconfig_mslp_seed_58.log;random;08R_08V_02F_03M;1;0;1;/dados/rmelo/PDPTW-SE/benchmark_multi_floor_v3/official_experiments/multistartlp/official/set_01_pt_01/../../../../instances/orig_ams_fg/08R_08V_02F_04M/t1/lr105/;60000;7;0;1078.21;17;9;H;50;95;0;100.0;30.0;true;0.95;100.0;1.0;1.0;1.0;1.0;60;M;60000;60000;false;52;0.96;75.93;0.76;26;10;1000000;-1;3600;16.86;0.6;0.38;mslp;heur;0.33;0.16;-1;3600;60000;I;8;1.0;0.75;lr105;0;/dados/rmelo/PDPTW-SE/benchmark_multi_floor_v3/official_experiments/multistartlp/official/set_01_pt_01/logs;0;0;0;0.0;100.0;1;58;/dados/rmelo/PDPTW-SE/benchmark_multi_floor_v3/official_experiments/multistartlp/official/set_01_pt_01/logs/heur_mslp/solutions/08R_08V_02F_03M/lr105_sol_genconfig_mslp_seed_58.txt;Gurobi;AUTOMATIC;18.12;_bash_3;_seed_58;10117.19;1;0.34;/dados/rmelo/PDPTW-SE/benchmark_multi_floor_v3/official_experiments/multistartlp/official/set_01_pt_01/logs/heur_mslp/timelines/08R_08V_02F_03M/lr105_timeline_genconfig_mslp_seed_58.txt;113.58;t1;0;869.95;false
0.05;0.01;0.06;0.07;0.0;0.0;2;/dados/rmelo/PDPTW-SE/benchmark_multi_floor_v3/official_experiments/multistartlp/official/set_01_pt_01/logs/heur_mslp/outputs/csvresults_heur_mslp_bash_3.csv;0;4;1;18;1;0.0;0.5;true;10;2;lr105_t1_08R_08V_02F_04M;/dados/rmelo/PDPTW-SE/benchmark_multi_floor_v3/official_experiments/multistartlp/official/set_01_pt_01/configs/genconfig_mslp.conf;genconfig_mslp;/dados/rmelo/PDPTW-SE/benchmark_multi_floor_v3/official_experiments/multistartlp/official/set_01_pt_01/logs/heur_mslp/gurobi/08R_08V_02F_04M/lr105_grb_genconfig_mslp_seed_58.log;random;08R_08V_02F_04M;1;0;1;/dados/rmelo/PDPTW-SE/benchmark_multi_floor_v3/official_experiments/multistartlp/official/set_01_pt_01/../../../../instances/orig_ams_fg/08R_08V_02F_04M/t1/lr105/;60000;7;0;1064.3;17;9;H;50;95;0;100.0;30.0;true;0.95;100.0;1.0;1.0;1.0;1.0;60;M;60000;60000;false;52;0.96;75.67;0.76;26;10;1000000;-1;3600;17.08;0.59;0.38;mslp;heur;0.33;0.16;-1;3600;60000;I;8;1.0;0.75;lr105;0;/dados/rmelo/PDPTW-SE/benchmark_multi_floor_v3/official_experiments/multistartlp/official/set_01_pt_01/logs;0;0;0;0.0;100.0;1;58;/dados/rmelo/PDPTW-SE/benchmark_multi_floor_v3/official_experiments/multistartlp/official/set_01_pt_01/logs/heur_mslp/solutions/08R_08V_02F_04M/lr105_sol_genconfig_mslp_seed_58.txt;Gurobi;AUTOMATIC;17.79;_bash_3;_seed_58;10250.24;1;0.32;/dados/rmelo/PDPTW-SE/benchmark_multi_floor_v3/official_experiments/multistartlp/official/set_01_pt_01/logs/heur_mslp/timelines/08R_08V_02F_04M/lr105_timeline_genconfig_mslp_seed_58.txt;115.91;t1;0;858.77;false
0.05;0.0;0.01;0.01;0.0;0.15;4;/dados/rmelo/PDPTW-SE/benchmark_multi_floor_v3/official_experiments/multistartlp/official/set_01_pt_01/logs/heur_mslp/outputs/csvresults_heur_mslp_bash_3.csv;0;3;1;18;1;0.0;0.5;true;10;2;lr201_t2_08R_08V_02F_03M;/dados/rmelo/PDPTW-SE/benchmark_multi_floor_v3/official_experiments/multistartlp/official/set_01_pt_01/configs/genconfig_mslp.conf;genconfig_mslp;/dados/rmelo/PDPTW-SE/benchmark_multi_floor_v3/official_experiments/multistartlp/official/set_01_pt_01/logs/heur_mslp/gurobi/08R_08V_02F_03M/lr201_grb_genconfig_mslp_seed_58.log;random;08R_08V_02F_03M;1;0;1;/dados/rmelo/PDPTW-SE/benchmark_multi_floor_v3/official_experiments/multistartlp/official/set_01_pt_01/../../../../instances/orig_ams_fg/08R_08V_02F_04M/t2/lr201/;60000;5;0;1602.27;17;9;H;50;95;0;100.0;30.0;true;0.95;100.0;1.0;1.0;1.0;1.0;60;M;60000;60000;false;52;0.66;76.61;0.9;26;10;1000000;-1;3600;23.23;0.47;0.88;mslp;heur;0.27;0.87;-1;3600;60000;I;8;1.0;0.25;lr201;0;/dados/rmelo/PDPTW-SE/benchmark_multi_floor_v3/official_experiments/multistartlp/official/set_01_pt_01/logs;0;0;0;0.0;100.0;1;58;/dados/rmelo/PDPTW-SE/benchmark_multi_floor_v3/official_experiments/multistartlp/official/set_01_pt_01/logs/heur_mslp/solutions/08R_08V_02F_03M/lr201_sol_genconfig_mslp_seed_58.txt;Gurobi;AUTOMATIC;17.78;_bash_3;_seed_58;13940.33;1;0.33;/dados/rmelo/PDPTW-SE/benchmark_multi_floor_v3/official_experiments/multistartlp/official/set_01_pt_01/logs/heur_mslp/timelines/08R_08V_02F_03M/lr201_timeline_genconfig_mslp_seed_58.txt;102.43;t2;0;930.52;false
0.05;0.0;0.01;0.01;0.0;0.15;4;/dados/rmelo/PDPTW-SE/benchmark_multi_floor_v3/official_experiments/multistartlp/official/set_01_pt_01/logs/heur_mslp/outputs/csvresults_heur_mslp_bash_3.csv;0;4;1;18;1;0.0;0.5;true;10;2;lr201_t2_08R_08V_02F_04M;/dados/rmelo/PDPTW-SE/benchmark_multi_floor_v3/official_experiments/multistartlp/official/set_01_pt_01/configs/genconfig_mslp.conf;genconfig_mslp;/dados/rmelo/PDPTW-SE/benchmark_multi_floor_v3/official_experiments/multistartlp/official/set_01_pt_01/logs/heur_mslp/gurobi/08R_08V_02F_04M/lr201_grb_genconfig_mslp_seed_58.log;random;08R_08V_02F_04M;1;0;1;/dados/rmelo/PDPTW-SE/benchmark_multi_floor_v3/official_experiments/multistartlp/official/set_01_pt_01/../../../../instances/orig_ams_fg/08R_08V_02F_04M/t2/lr201/;60000;5;0;1602.27;17;9;H;50;95;0;100.0;30.0;true;0.95;100.0;1.0;1.0;1.0;1.0;60;M;60000;60000;false;52;0.66;76.61;0.9;26;10;1000000;-1;3600;23.28;0.46;0.88;mslp;heur;0.27;0.87;-1;3600;60000;I;8;0.75;0.25;lr201;0;/dados/rmelo/PDPTW-SE/benchmark_multi_floor_v3/official_experiments/multistartlp/official/set_01_pt_01/logs;0;0;0;0.0;100.0;1;58;/dados/rmelo/PDPTW-SE/benchmark_multi_floor_v3/official_experiments/multistartlp/official/set_01_pt_01/logs/heur_mslp/solutions/08R_08V_02F_04M/lr201_sol_genconfig_mslp_seed_58.txt;Gurobi;AUTOMATIC;17.95;_bash_3;_seed_58;13965.86;1;0.28;/dados/rmelo/PDPTW-SE/benchmark_multi_floor_v3/official_experiments/multistartlp/official/set_01_pt_01/logs/heur_mslp/timelines/08R_08V_02F_04M/lr201_timeline_genconfig_mslp_seed_58.txt;105.72;t2;0;929.83;false
0.05;0.0;0.01;0.01;0.01;0.0;9;/dados/rmelo/PDPTW-SE/benchmark_multi_floor_v3/official_experiments/multistartlp/official/set_01_pt_01/logs/heur_mslp/outputs/csvresults_heur_mslp_bash_3.csv;0;3;1;18;1;0.0;0.5;true;10;2;lr202_t2_08R_08V_02F_03M;/dados/rmelo/PDPTW-SE/benchmark_multi_floor_v3/official_experiments/multistartlp/official/set_01_pt_01/configs/genconfig_mslp.conf;genconfig_mslp;/dados/rmelo/PDPTW-SE/benchmark_multi_floor_v3/official_experiments/multistartlp/official/set_01_pt_01/logs/heur_mslp/gurobi/08R_08V_02F_03M/lr202_grb_genconfig_mslp_seed_58.log;random;08R_08V_02F_03M;1;0;1;/dados/rmelo/PDPTW-SE/benchmark_multi_floor_v3/official_experiments/multistartlp/official/set_01_pt_01/../../../../instances/orig_ams_fg/08R_08V_02F_04M/t2/lr202/;60000;3647;0;1534.54;17;9;H;50;95;0;100.0;30.0;true;0.95;100.0;1.0;1.0;1.0;1.0;60;M;60000;60000;false;46;0.51;70.98;0.95;23;10;1000000;-1;3600;33.13;0.36;0.69;mslp;heur;0.21;0.43;-1;3600;60000;I;8;1.0;0.25;lr202;0;/dados/rmelo/PDPTW-SE/benchmark_multi_floor_v3/official_experiments/multistartlp/official/set_01_pt_01/logs;0;0;0;0.0;100.0;1;58;/dados/rmelo/PDPTW-SE/benchmark_multi_floor_v3/official_experiments/multistartlp/official/set_01_pt_01/logs/heur_mslp/solutions/08R_08V_02F_03M/lr202_sol_genconfig_mslp_seed_58.txt;Gurobi;AUTOMATIC;17.83;_bash_3;_seed_58;19878.73;1;7.83;/dados/rmelo/PDPTW-SE/benchmark_multi_floor_v3/official_experiments/multistartlp/official/set_01_pt_01/logs/heur_mslp/timelines/08R_08V_02F_03M/lr202_timeline_genconfig_mslp_seed_58.txt;122.39;t2;0;717.53;false
0.05;0.0;0.01;0.01;0.0;0.0;6;/dados/rmelo/PDPTW-SE/benchmark_multi_floor_v3/official_experiments/multistartlp/official/set_01_pt_01/logs/heur_mslp/outputs/csvresults_heur_mslp_bash_3.csv;0;4;1;18;1;0.0;0.5;true;10;2;lr202_t2_08R_08V_02F_04M;/dados/rmelo/PDPTW-SE/benchmark_multi_floor_v3/official_experiments/multistartlp/official/set_01_pt_01/configs/genconfig_mslp.conf;genconfig_mslp;/dados/rmelo/PDPTW-SE/benchmark_multi_floor_v3/official_experiments/multistartlp/official/set_01_pt_01/logs/heur_mslp/gurobi/08R_08V_02F_04M/lr202_grb_genconfig_mslp_seed_58.log;random;08R_08V_02F_04M;1;0;1;/dados/rmelo/PDPTW-SE/benchmark_multi_floor_v3/official_experiments/multistartlp/official/set_01_pt_01/../../../../instances/orig_ams_fg/08R_08V_02F_04M/t2/lr202/;60000;121;0;1530.72;17;9;H;50;95;0;100.0;30.0;true;0.95;100.0;1.0;1.0;1.0;1.0;60;M;60000;60000;false;46;0.51;70.98;0.95;23;10;1000000;-1;3600;33.38;0.36;0.81;mslp;heur;0.21;0.67;-1;3600;60000;I;8;0.75;0.25;lr202;0;/dados/rmelo/PDPTW-SE/benchmark_multi_floor_v3/official_experiments/multistartlp/official/set_01_pt_01/logs;0;0;0;0.0;100.0;1;58;/dados/rmelo/PDPTW-SE/benchmark_multi_floor_v3/official_experiments/multistartlp/official/set_01_pt_01/logs/heur_mslp/solutions/08R_08V_02F_04M/lr202_sol_genconfig_mslp_seed_58.txt;Gurobi;AUTOMATIC;18.0;_bash_3;_seed_58;20027.49;1;0.6;/dados/rmelo/PDPTW-SE/benchmark_multi_floor_v3/official_experiments/multistartlp/official/set_01_pt_01/logs/heur_mslp/timelines/08R_08V_02F_04M/lr202_timeline_genconfig_mslp_seed_58.txt;125.45;t2;0;715.2;false
0.05;0.0;0.02;0.02;0.01;0.01;4;/dados/rmelo/PDPTW-SE/benchmark_multi_floor_v3/official_experiments/multistartlp/official/set_01_pt_01/logs/heur_mslp/outputs/csvresults_heur_mslp_bash_3.csv;0;3;1;18;1;0.0;0.5;true;10;2;lr203_t2_08R_08V_02F_03M;/dados/rmelo/PDPTW-SE/benchmark_multi_floor_v3/official_experiments/multistartlp/official/set_01_pt_01/configs/genconfig_mslp.conf;genconfig_mslp;/dados/rmelo/PDPTW-SE/benchmark_multi_floor_v3/official_experiments/multistartlp/official/set_01_pt_01/logs/heur_mslp/gurobi/08R_08V_02F_03M/lr203_grb_genconfig_mslp_seed_58.log;random;08R_08V_02F_03M;1;0;1;/dados/rmelo/PDPTW-SE/benchmark_multi_floor_v3/official_experiments/multistartlp/official/set_01_pt_01/../../../../instances/orig_ams_fg/08R_08V_02F_04M/t2/lr203/;60000;1166;0;1226.65;17;9;H;50;95;0;100.0;30.0;true;0.95;100.0;1.0;1.0;1.0;1.0;60;M;60000;60000;false;34;0.73;80.72;0.88;17;10;1000000;-1;3600;22.19;0.73;0.88;mslp;heur;0.73;0.88;-1;3600;60000;I;8;0.67;0.12;lr203;0;/dados/rmelo/PDPTW-SE/benchmark_multi_floor_v3/official_experiments/multistartlp/official/set_01_pt_01/logs;0;0;0;0.0;100.0;1;58;/dados/rmelo/PDPTW-SE/benchmark_multi_floor_v3/official_experiments/multistartlp/official/set_01_pt_01/logs/heur_mslp/solutions/08R_08V_02F_03M/lr203_sol_genconfig_mslp_seed_58.txt;Gurobi;AUTOMATIC;17.96;_bash_3;_seed_58;13314.65;1;2.93;/dados/rmelo/PDPTW-SE/benchmark_multi_floor_v3/official_experiments/multistartlp/official/set_01_pt_01/logs/heur_mslp/timelines/08R_08V_02F_03M/lr203_timeline_genconfig_mslp_seed_58.txt;128.91;t2;0;728.54;false
0.05;0.0;0.02;0.02;0.01;0.01;4;/dados/rmelo/PDPTW-SE/benchmark_multi_floor_v3/official_experiments/multistartlp/official/set_01_pt_01/logs/heur_mslp/outputs/csvresults_heur_mslp_bash_3.csv;0;4;1;18;1;0.0;0.5;true;10;2;lr203_t2_08R_08V_02F_04M;/dados/rmelo/PDPTW-SE/benchmark_multi_floor_v3/official_experiments/multistartlp/official/set_01_pt_01/configs/genconfig_mslp.conf;genconfig_mslp;/dados/rmelo/PDPTW-SE/benchmark_multi_floor_v3/official_experiments/multistartlp/official/set_01_pt_01/logs/heur_mslp/gurobi/08R_08V_02F_04M/lr203_grb_genconfig_mslp_seed_58.log;random;08R_08V_02F_04M;1;0;1;/dados/rmelo/PDPTW-SE/benchmark_multi_floor_v3/official_experiments/multistartlp/official/set_01_pt_01/../../../../instances/orig_ams_fg/08R_08V_02F_04M/t2/lr203/;60000;1166;0;1226.65;17;9;H;50;95;0;100.0;30.0;true;0.95;100.0;1.0;1.0;1.0;1.0;60;M;60000;60000;false;34;0.72;80.72;0.88;17;10;1000000;-1;3600;22.39;0.72;0.88;mslp;heur;0.72;0.88;-1;3600;60000;I;8;0.5;0.12;lr203;0;/dados/rmelo/PDPTW-SE/benchmark_multi_floor_v3/official_experiments/multistartlp/official/set_01_pt_01/logs;0;0;0;0.0;100.0;1;58;/dados/rmelo/PDPTW-SE/benchmark_multi_floor_v3/official_experiments/multistartlp/official/set_01_pt_01/logs/heur_mslp/solutions/08R_08V_02F_04M/lr203_sol_genconfig_mslp_seed_58.txt;Gurobi;AUTOMATIC;17.89;_bash_3;_seed_58;13435.98;1;2.88;/dados/rmelo/PDPTW-SE/benchmark_multi_floor_v3/official_experiments/multistartlp/official/set_01_pt_01/logs/heur_mslp/timelines/08R_08V_02F_04M/lr203_timeline_genconfig_mslp_seed_58.txt;132.01;t2;0;724.91;false
0.05;0.0;0.01;0.01;0.0;0.0;8;/dados/rmelo/PDPTW-SE/benchmark_multi_floor_v3/official_experiments/multistartlp/official/set_01_pt_01/logs/heur_mslp/outputs/csvresults_heur_mslp_bash_3.csv;0;3;1;18;1;0.0;0.5;true;10;2;lr204_t2_08R_08V_02F_03M;/dados/rmelo/PDPTW-SE/benchmark_multi_floor_v3/official_experiments/multistartlp/official/set_01_pt_01/configs/genconfig_mslp.conf;genconfig_mslp;/dados/rmelo/PDPTW-SE/benchmark_multi_floor_v3/official_experiments/multistartlp/official/set_01_pt_01/logs/heur_mslp/gurobi/08R_08V_02F_03M/lr204_grb_genconfig_mslp_seed_58.log;random;08R_08V_02F_03M;1;0;1;/dados/rmelo/PDPTW-SE/benchmark_multi_floor_v3/official_experiments/multistartlp/official/set_01_pt_01/../../../../instances/orig_ams_fg/08R_08V_02F_04M/t2/lr204/;60000;5953;0;941.6;17;9;H;50;95;0;100.0;30.0;true;0.95;100.0;1.0;1.0;1.0;1.0;60;M;58697;60000;false;38;0.52;88.5;0.84;19;10;1000000;-1;3600;15.6;0.35;0.61;mslp;heur;0.18;0.38;-1;3600;60000;I;8;1.0;0.25;lr204;0;/dados/rmelo/PDPTW-SE/benchmark_multi_floor_v3/official_experiments/multistartlp/official/set_01_pt_01/logs;0;0;0;0.0;97.83;1;58;/dados/rmelo/PDPTW-SE/benchmark_multi_floor_v3/official_experiments/multistartlp/official/set_01_pt_01/logs/heur_mslp/solutions/08R_08V_02F_03M/lr204_sol_genconfig_mslp_seed_58.txt;Gurobi;AUTOMATIC;18.08;_bash_3;_seed_58;9360.43;1;12.84;/dados/rmelo/PDPTW-SE/benchmark_multi_floor_v3/official_experiments/multistartlp/official/set_01_pt_01/logs/heur_mslp/timelines/08R_08V_02F_03M/lr204_timeline_genconfig_mslp_seed_58.txt;125.8;t2;0;708.43;false
0.05;0.0;0.0;0.01;0.0;0.0;8;/dados/rmelo/PDPTW-SE/benchmark_multi_floor_v3/official_experiments/multistartlp/official/set_01_pt_01/logs/heur_mslp/outputs/csvresults_heur_mslp_bash_3.csv;0;4;1;18;1;0.0;0.5;true;10;2;lr204_t2_08R_08V_02F_04M;/dados/rmelo/PDPTW-SE/benchmark_multi_floor_v3/official_experiments/multistartlp/official/set_01_pt_01/configs/genconfig_mslp.conf;genconfig_mslp;/dados/rmelo/PDPTW-SE/benchmark_multi_floor_v3/official_experiments/multistartlp/official/set_01_pt_01/logs/heur_mslp/gurobi/08R_08V_02F_04M/lr204_grb_genconfig_mslp_seed_58.log;random;08R_08V_02F_04M;1;0;1;/dados/rmelo/PDPTW-SE/benchmark_multi_floor_v3/official_experiments/multistartlp/official/set_01_pt_01/../../../../instances/orig_ams_fg/08R_08V_02F_04M/t2/lr204/;60000;5953;0;936.06;17;9;H;50;95;0;100.0;30.0;true;0.95;100.0;1.0;1.0;1.0;1.0;60;M;58705;60000;false;38;0.52;85.78;0.84;19;10;1000000;-1;3600;15.74;0.35;0.61;mslp;heur;0.18;0.38;-1;3600;60000;I;8;1.0;0.25;lr204;0;/dados/rmelo/PDPTW-SE/benchmark_multi_floor_v3/official_experiments/multistartlp/official/set_01_pt_01/logs;0;0;0;0.0;97.84;1;58;/dados/rmelo/PDPTW-SE/benchmark_multi_floor_v3/official_experiments/multistartlp/official/set_01_pt_01/logs/heur_mslp/solutions/08R_08V_02F_04M/lr204_sol_genconfig_mslp_seed_58.txt;Gurobi;AUTOMATIC;17.78;_bash_3;_seed_58;9446.52;1;13.04;/dados/rmelo/PDPTW-SE/benchmark_multi_floor_v3/official_experiments/multistartlp/official/set_01_pt_01/logs/heur_mslp/timelines/08R_08V_02F_04M/lr204_timeline_genconfig_mslp_seed_58.txt;129.27;t2;0;705.74;false
0.05;0.0;0.02;0.02;0.0;0.0;9;/dados/rmelo/PDPTW-SE/benchmark_multi_floor_v3/official_experiments/multistartlp/official/set_01_pt_01/logs/heur_mslp/outputs/csvresults_heur_mslp_bash_3.csv;0;3;1;18;1;0.0;0.5;true;10;2;lr205_t2_08R_08V_02F_03M;/dados/rmelo/PDPTW-SE/benchmark_multi_floor_v3/official_experiments/multistartlp/official/set_01_pt_01/configs/genconfig_mslp.conf;genconfig_mslp;/dados/rmelo/PDPTW-SE/benchmark_multi_floor_v3/official_experiments/multistartlp/official/set_01_pt_01/logs/heur_mslp/gurobi/08R_08V_02F_03M/lr205_grb_genconfig_mslp_seed_58.log;random;08R_08V_02F_03M;1;0;1;/dados/rmelo/PDPTW-SE/benchmark_multi_floor_v3/official_experiments/multistartlp/official/set_01_pt_01/../../../../instances/orig_ams_fg/08R_08V_02F_04M/t2/lr205/;60000;11863;0;1224.35;17;9;H;50;95;0;100.0;30.0;true;0.95;100.0;1.0;1.0;1.0;1.0;60;M;60000;60000;false;52;0.74;76.61;0.88;26;10;1000000;-1;3600;27.62;0.74;0.88;mslp;heur;0.74;0.88;-1;3600;60000;I;8;0.67;0.12;lr205;0;/dados/rmelo/PDPTW-SE/benchmark_multi_floor_v3/official_experiments/multistartlp/official/set_01_pt_01/logs;0;0;0;0.0;100.0;1;58;/dados/rmelo/PDPTW-SE/benchmark_multi_floor_v3/official_experiments/multistartlp/official/set_01_pt_01/logs/heur_mslp/solutions/08R_08V_02F_03M/lr205_sol_genconfig_mslp_seed_58.txt;Gurobi;AUTOMATIC;18.01;_bash_3;_seed_58;16571.85;1;25.27;/dados/rmelo/PDPTW-SE/benchmark_multi_floor_v3/official_experiments/multistartlp/official/set_01_pt_01/logs/heur_mslp/timelines/08R_08V_02F_03M/lr205_timeline_genconfig_mslp_seed_58.txt;126.48;t2;0;736.45;false
0.05;0.0;0.02;0.02;0.0;0.0;9;/dados/rmelo/PDPTW-SE/benchmark_multi_floor_v3/official_experiments/multistartlp/official/set_01_pt_01/logs/heur_mslp/outputs/csvresults_heur_mslp_bash_3.csv;0;4;1;18;1;0.0;0.5;true;10;2;lr205_t2_08R_08V_02F_04M;/dados/rmelo/PDPTW-SE/benchmark_multi_floor_v3/official_experiments/multistartlp/official/set_01_pt_01/configs/genconfig_mslp.conf;genconfig_mslp;/dados/rmelo/PDPTW-SE/benchmark_multi_floor_v3/official_experiments/multistartlp/official/set_01_pt_01/logs/heur_mslp/gurobi/08R_08V_02F_04M/lr205_grb_genconfig_mslp_seed_58.log;random;08R_08V_02F_04M;1;0;1;/dados/rmelo/PDPTW-SE/benchmark_multi_floor_v3/official_experiments/multistartlp/official/set_01_pt_01/../../../../instances/orig_ams_fg/08R_08V_02F_04M/t2/lr205/;60000;12645;0;1216.09;17;9;H;50;95;0;100.0;30.0;true;0.95;100.0;1.0;1.0;1.0;1.0;60;M;60000;60000;false;52;0.73;76.61;0.88;26;10;1000000;-1;3600;27.83;0.73;0.88;mslp;heur;0.73;0.88;-1;3600;60000;I;8;0.5;0.12;lr205;0;/dados/rmelo/PDPTW-SE/benchmark_multi_floor_v3/official_experiments/multistartlp/official/set_01_pt_01/logs;0;0;0;0.0;100.0;1;58;/dados/rmelo/PDPTW-SE/benchmark_multi_floor_v3/official_experiments/multistartlp/official/set_01_pt_01/logs/heur_mslp/solutions/08R_08V_02F_04M/lr205_sol_genconfig_mslp_seed_58.txt;Gurobi;AUTOMATIC;18.1;_bash_3;_seed_58;16696.26;1;27.65;/dados/rmelo/PDPTW-SE/benchmark_multi_floor_v3/official_experiments/multistartlp/official/set_01_pt_01/logs/heur_mslp/timelines/08R_08V_02F_04M/lr205_timeline_genconfig_mslp_seed_58.txt;130.12;t2;0;729.88;false
0.05;0.14;0.22;0.36;0.02;0.13;4;/dados/rmelo/PDPTW-SE/benchmark_multi_floor_v3/official_experiments/multistartlp/official/set_01_pt_01/logs/heur_mslp/outputs/csvresults_heur_mslp_bash_3.csv;0;3;1;18;1;0.0;0.5;true;10;2;lr101_t1_08R_08V_04F_03M;/dados/rmelo/PDPTW-SE/benchmark_multi_floor_v3/official_experiments/multistartlp/official/set_01_pt_01/configs/genconfig_mslp.conf;genconfig_mslp;/dados/rmelo/PDPTW-SE/benchmark_multi_floor_v3/official_experiments/multistartlp/official/set_01_pt_01/logs/heur_mslp/gurobi/08R_08V_04F_03M/lr101_grb_genconfig_mslp_seed_58.log;random;08R_08V_04F_03M;1;41340;1;/dados/rmelo/PDPTW-SE/benchmark_multi_floor_v3/official_experiments/multistartlp/official/set_01_pt_01/../../../../instances/orig_ams_fg/08R_08V_04F_04M/t1/lr101/;60000;551;0;1418.28;17;9;H;50;95;0;100.0;30.0;true;0.95;100.0;1.0;1.0;1.0;1.0;60;M;18660;18660;false;52;0.78;77.12;0.6;26;10;1000000;-1;3600;14.27;0.63;0.35;mslp;heur;0.49;0.19;-1;3600;60000;I;8;1.0;1.0;lr101;0;/dados/rmelo/PDPTW-SE/benchmark_multi_floor_v3/official_experiments/multistartlp/official/set_01_pt_01/logs;0;0;0;68.9;100.0;1;58;/dados/rmelo/PDPTW-SE/benchmark_multi_floor_v3/official_experiments/multistartlp/official/set_01_pt_01/logs/heur_mslp/solutions/08R_08V_04F_03M/lr101_sol_genconfig_mslp_seed_58.txt;Gurobi;AUTOMATIC;17.89;_bash_3;_seed_58;2662.24;1;0.74;/dados/rmelo/PDPTW-SE/benchmark_multi_floor_v3/official_experiments/multistartlp/official/set_01_pt_01/logs/heur_mslp/timelines/08R_08V_04F_03M/lr101_timeline_genconfig_mslp_seed_58.txt;44.45;t1;0;1166.54;false
0.05;0.08;0.16;0.24;0.07;0.12;3;/dados/rmelo/PDPTW-SE/benchmark_multi_floor_v3/official_experiments/multistartlp/official/set_01_pt_01/logs/heur_mslp/outputs/csvresults_heur_mslp_bash_3.csv;0;4;1;18;1;0.0;0.5;true;10;2;lr101_t1_08R_08V_04F_04M;/dados/rmelo/PDPTW-SE/benchmark_multi_floor_v3/official_experiments/multistartlp/official/set_01_pt_01/configs/genconfig_mslp.conf;genconfig_mslp;/dados/rmelo/PDPTW-SE/benchmark_multi_floor_v3/official_experiments/multistartlp/official/set_01_pt_01/logs/heur_mslp/gurobi/08R_08V_04F_04M/lr101_grb_genconfig_mslp_seed_58.log;random;08R_08V_04F_04M;1;5960;1;/dados/rmelo/PDPTW-SE/benchmark_multi_floor_v3/official_experiments/multistartlp/official/set_01_pt_01/../../../../instances/orig_ams_fg/08R_08V_04F_04M/t1/lr101/;60000;914;0;1409.44;17;9;H;50;95;0;100.0;30.0;true;0.95;100.0;1.0;1.0;1.0;1.0;60;M;54040;54040;false;52;0.78;77.12;0.6;26;10;1000000;-1;3600;16.59;0.62;0.35;mslp;heur;0.49;0.16;-1;3600;60000;I;8;1.0;1.0;lr101;0;/dados/rmelo/PDPTW-SE/benchmark_multi_floor_v3/official_experiments/multistartlp/official/set_01_pt_01/logs;0;0;0;9.93;100.0;1;58;/dados/rmelo/PDPTW-SE/benchmark_multi_floor_v3/official_experiments/multistartlp/official/set_01_pt_01/logs/heur_mslp/solutions/08R_08V_04F_04M/lr101_sol_genconfig_mslp_seed_58.txt;Gurobi;AUTOMATIC;17.8;_bash_3;_seed_58;8965.84;1;2.02;/dados/rmelo/PDPTW-SE/benchmark_multi_floor_v3/official_experiments/multistartlp/official/set_01_pt_01/logs/heur_mslp/timelines/08R_08V_04F_04M/lr101_timeline_genconfig_mslp_seed_58.txt;110.56;t1;0;1135.03;false
0.05;0.07;0.16;0.23;0.0;0.04;4;/dados/rmelo/PDPTW-SE/benchmark_multi_floor_v3/official_experiments/multistartlp/official/set_01_pt_01/logs/heur_mslp/outputs/csvresults_heur_mslp_bash_3.csv;0;3;1;18;1;0.0;0.5;true;10;2;lr102_t1_08R_08V_04F_03M;/dados/rmelo/PDPTW-SE/benchmark_multi_floor_v3/official_experiments/multistartlp/official/set_01_pt_01/configs/genconfig_mslp.conf;genconfig_mslp;/dados/rmelo/PDPTW-SE/benchmark_multi_floor_v3/official_experiments/multistartlp/official/set_01_pt_01/logs/heur_mslp/gurobi/08R_08V_04F_03M/lr102_grb_genconfig_mslp_seed_58.log;random;08R_08V_04F_03M;1;52543;1;/dados/rmelo/PDPTW-SE/benchmark_multi_floor_v3/official_experiments/multistartlp/official/set_01_pt_01/../../../../instances/orig_ams_fg/08R_08V_04F_04M/t1/lr102/;60000;1057;0;1251.45;17;9;H;50;95;0;100.0;30.0;true;0.95;100.0;1.0;1.0;1.0;1.0;60;M;7457;7457;false;58;0.99;78.01;0.96;29;10;1000000;-1;3600;11.43;0.72;0.54;mslp;heur;0.54;0.13;-1;3600;60000;I;8;1.0;0.62;lr102;0;/dados/rmelo/PDPTW-SE/benchmark_multi_floor_v3/official_experiments/multistartlp/official/set_01_pt_01/logs;0;0;0;87.57;100.0;1;58;/dados/rmelo/PDPTW-SE/benchmark_multi_floor_v3/official_experiments/multistartlp/official/set_01_pt_01/logs/heur_mslp/solutions/08R_08V_04F_03M/lr102_sol_genconfig_mslp_seed_58.txt;Gurobi;AUTOMATIC;17.89;_bash_3;_seed_58;852.22;1;0.75;/dados/rmelo/PDPTW-SE/benchmark_multi_floor_v3/official_experiments/multistartlp/official/set_01_pt_01/logs/heur_mslp/timelines/08R_08V_04F_03M/lr102_timeline_genconfig_mslp_seed_58.txt;24.67;t1;0;1030.42;false
0.05;0.04;0.12;0.17;0.0;0.03;2;/dados/rmelo/PDPTW-SE/benchmark_multi_floor_v3/official_experiments/multistartlp/official/set_01_pt_01/logs/heur_mslp/outputs/csvresults_heur_mslp_bash_3.csv;0;4;1;18;1;0.0;0.5;true;10;2;lr102_t1_08R_08V_04F_04M;/dados/rmelo/PDPTW-SE/benchmark_multi_floor_v3/official_experiments/multistartlp/official/set_01_pt_01/configs/genconfig_mslp.conf;genconfig_mslp;/dados/rmelo/PDPTW-SE/benchmark_multi_floor_v3/official_experiments/multistartlp/official/set_01_pt_01/logs/heur_mslp/gurobi/08R_08V_04F_04M/lr102_grb_genconfig_mslp_seed_58.log;random;08R_08V_04F_04M;1;5753;1;/dados/rmelo/PDPTW-SE/benchmark_multi_floor_v3/official_experiments/multistartlp/official/set_01_pt_01/../../../../instances/orig_ams_fg/08R_08V_04F_04M/t1/lr102/;60000;3;0;1101.03;17;9;H;50;95;0;100.0;30.0;true;0.95;100.0;1.0;1.0;1.0;1.0;60;M;54247;54247;false;58;0.9;78.01;0.68;29;10;1000000;-1;3600;9.74;0.7;0.46;mslp;heur;0.53;0.09;-1;3600;60000;I;8;1.0;0.62;lr102;0;/dados/rmelo/PDPTW-SE/benchmark_multi_floor_v3/official_experiments/multistartlp/official/set_01_pt_01/logs;0;0;0;9.59;100.0;1;58;/dados/rmelo/PDPTW-SE/benchmark_multi_floor_v3/official_experiments/multistartlp/official/set_01_pt_01/logs/heur_mslp/solutions/08R_08V_04F_04M/lr102_sol_genconfig_mslp_seed_58.txt;Gurobi;AUTOMATIC;17.9;_bash_3;_seed_58;5281.61;1;0.29;/dados/rmelo/PDPTW-SE/benchmark_multi_floor_v3/official_experiments/multistartlp/official/set_01_pt_01/logs/heur_mslp/timelines/08R_08V_04F_04M/lr102_timeline_genconfig_mslp_seed_58.txt;113.23;t1;0;1003.13;false
0.05;0.14;0.2;0.35;0.0;0.0;7;/dados/rmelo/PDPTW-SE/benchmark_multi_floor_v3/official_experiments/multistartlp/official/set_01_pt_01/logs/heur_mslp/outputs/csvresults_heur_mslp_bash_3.csv;0;3;1;18;1;0.0;0.5;true;10;2;lr103_t1_08R_08V_04F_03M;/dados/rmelo/PDPTW-SE/benchmark_multi_floor_v3/official_experiments/multistartlp/official/set_01_pt_01/configs/genconfig_mslp.conf;genconfig_mslp;/dados/rmelo/PDPTW-SE/benchmark_multi_floor_v3/official_experiments/multistartlp/official/set_01_pt_01/logs/heur_mslp/gurobi/08R_08V_04F_03M/lr103_grb_genconfig_mslp_seed_58.log;random;08R_08V_04F_03M;1;39862;1;/dados/rmelo/PDPTW-SE/benchmark_multi_floor_v3/official_experiments/multistartlp/official/set_01_pt_01/../../../../instances/orig_ams_fg/08R_08V_04F_04M/t1/lr103/;60000;529;0;1278.89;17;9;H;50;95;0;100.0;30.0;true;0.95;100.0;1.0;1.0;1.0;1.0;60;M;20138;20138;false;38;0.85;75.79;0.73;19;10;1000000;-1;3600;12.13;0.68;0.46;mslp;heur;0.55;0.13;-1;3600;60000;I;8;1.0;0.88;lr103;0;/dados/rmelo/PDPTW-SE/benchmark_multi_floor_v3/official_experiments/multistartlp/official/set_01_pt_01/logs;0;0;0;66.44;100.0;1;58;/dados/rmelo/PDPTW-SE/benchmark_multi_floor_v3/official_experiments/multistartlp/official/set_01_pt_01/logs/heur_mslp/solutions/08R_08V_04F_03M/lr103_sol_genconfig_mslp_seed_58.txt;Gurobi;AUTOMATIC;17.84;_bash_3;_seed_58;2441.87;1;0.79;/dados/rmelo/PDPTW-SE/benchmark_multi_floor_v3/official_experiments/multistartlp/official/set_01_pt_01/logs/heur_mslp/timelines/08R_08V_04F_03M/lr103_timeline_genconfig_mslp_seed_58.txt;58.04;t1;0;1099.07;false
0.05;0.1;0.15;0.26;0.0;0.0;4;/dados/rmelo/PDPTW-SE/benchmark_multi_floor_v3/official_experiments/multistartlp/official/set_01_pt_01/logs/heur_mslp/outputs/csvresults_heur_mslp_bash_3.csv;0;4;1;18;1;0.0;0.5;true;10;2;lr103_t1_08R_08V_04F_04M;/dados/rmelo/PDPTW-SE/benchmark_multi_floor_v3/official_experiments/multistartlp/official/set_01_pt_01/configs/genconfig_mslp.conf;genconfig_mslp;/dados/rmelo/PDPTW-SE/benchmark_multi_floor_v3/official_experiments/multistartlp/official/set_01_pt_01/logs/heur_mslp/gurobi/08R_08V_04F_04M/lr103_grb_genconfig_mslp_seed_58.log;random;08R_08V_04F_04M;1;33478;1;/dados/rmelo/PDPTW-SE/benchmark_multi_floor_v3/official_experiments/multistartlp/official/set_01_pt_01/../../../../instances/orig_ams_fg/08R_08V_04F_04M/t1/lr103/;60000;105;0;1274.25;17;9;H;50;95;0;100.0;30.0;true;0.95;100.0;1.0;1.0;1.0;1.0;60;M;26522;26522;false;38;0.83;75.79;0.73;19;10;1000000;-1;3600;13.12;0.67;0.43;mslp;heur;0.55;0.19;-1;3600;60000;I;8;1.0;0.88;lr103;0;/dados/rmelo/PDPTW-SE/benchmark_multi_floor_v3/official_experiments/multistartlp/official/set_01_pt_01/logs;0;0;0;55.8;100.0;1;58;/dados/rmelo/PDPTW-SE/benchmark_multi_floor_v3/official_experiments/multistartlp/official/set_01_pt_01/logs/heur_mslp/solutions/08R_08V_04F_04M/lr103_sol_genconfig_mslp_seed_58.txt;Gurobi;AUTOMATIC;18.04;_bash_3;_seed_58;3480.0;1;0.38;/dados/rmelo/PDPTW-SE/benchmark_multi_floor_v3/official_experiments/multistartlp/official/set_01_pt_01/logs/heur_mslp/timelines/08R_08V_04F_04M/lr103_timeline_genconfig_mslp_seed_58.txt;73.46;t1;0;1086.46;false
0.05;0.09;0.19;0.28;0.0;0.0;5;/dados/rmelo/PDPTW-SE/benchmark_multi_floor_v3/official_experiments/multistartlp/official/set_01_pt_01/logs/heur_mslp/outputs/csvresults_heur_mslp_bash_3.csv;0;3;1;18;1;0.0;0.5;true;10;2;lr104_t1_08R_08V_04F_03M;/dados/rmelo/PDPTW-SE/benchmark_multi_floor_v3/official_experiments/multistartlp/official/set_01_pt_01/configs/genconfig_mslp.conf;genconfig_mslp;/dados/rmelo/PDPTW-SE/benchmark_multi_floor_v3/official_experiments/multistartlp/official/set_01_pt_01/logs/heur_mslp/gurobi/08R_08V_04F_03M/lr104_grb_genconfig_mslp_seed_58.log;random;08R_08V_04F_03M;1;40326;1;/dados/rmelo/PDPTW-SE/benchmark_multi_floor_v3/official_experiments/multistartlp/official/set_01_pt_01/../../../../instances/orig_ams_fg/08R_08V_04F_04M/t1/lr104/;60000;57;0;1314.56;17;9;H;50;95;0;100.0;30.0;true;0.95;100.0;1.0;1.0;1.0;1.0;60;M;19674;19674;false;40;0.64;78.72;0.77;20;10;1000000;-1;3600;14.37;0.53;0.4;mslp;heur;0.4;0.06;-1;3600;60000;I;8;1.0;0.88;lr104;0;/dados/rmelo/PDPTW-SE/benchmark_multi_floor_v3/official_experiments/multistartlp/official/set_01_pt_01/logs;0;0;0;67.21;100.0;1;58;/dados/rmelo/PDPTW-SE/benchmark_multi_floor_v3/official_experiments/multistartlp/official/set_01_pt_01/logs/heur_mslp/solutions/08R_08V_04F_03M/lr104_sol_genconfig_mslp_seed_58.txt;Gurobi;AUTOMATIC;17.87;_bash_3;_seed_58;2827.53;1;0.33;/dados/rmelo/PDPTW-SE/benchmark_multi_floor_v3/official_experiments/multistartlp/official/set_01_pt_01/logs/heur_mslp/timelines/08R_08V_04F_03M/lr104_timeline_genconfig_mslp_seed_58.txt;57.89;t1;0;1096.75;false
0.05;0.05;0.14;0.19;0.0;0.0;9;/dados/rmelo/PDPTW-SE/benchmark_multi_floor_v3/official_experiments/multistartlp/official/set_01_pt_01/logs/heur_mslp/outputs/csvresults_heur_mslp_bash_3.csv;0;4;1;18;1;0.0;0.5;true;10;2;lr104_t1_08R_08V_04F_04M;/dados/rmelo/PDPTW-SE/benchmark_multi_floor_v3/official_experiments/multistartlp/official/set_01_pt_01/configs/genconfig_mslp.conf;genconfig_mslp;/dados/rmelo/PDPTW-SE/benchmark_multi_floor_v3/official_experiments/multistartlp/official/set_01_pt_01/logs/heur_mslp/gurobi/08R_08V_04F_04M/lr104_grb_genconfig_mslp_seed_58.log;random;08R_08V_04F_04M;1;32818;1;/dados/rmelo/PDPTW-SE/benchmark_multi_floor_v3/official_experiments/multistartlp/official/set_01_pt_01/../../../../instances/orig_ams_fg/08R_08V_04F_04M/t1/lr104/;60000;818;0;1264.38;17;9;H;50;95;0;100.0;30.0;true;0.95;100.0;1.0;1.0;1.0;1.0;60;M;27182;27182;false;40;0.65;78.72;0.77;20;10;1000000;-1;3600;12.66;0.53;0.43;mslp;heur;0.38;0.05;-1;3600;60000;I;8;1.0;0.88;lr104;0;/dados/rmelo/PDPTW-SE/benchmark_multi_floor_v3/official_experiments/multistartlp/official/set_01_pt_01/logs;0;0;0;54.7;100.0;1;58;/dados/rmelo/PDPTW-SE/benchmark_multi_floor_v3/official_experiments/multistartlp/official/set_01_pt_01/logs/heur_mslp/solutions/08R_08V_04F_04M/lr104_sol_genconfig_mslp_seed_58.txt;Gurobi;AUTOMATIC;17.97;_bash_3;_seed_58;3441.21;1;1.31;/dados/rmelo/PDPTW-SE/benchmark_multi_floor_v3/official_experiments/multistartlp/official/set_01_pt_01/logs/heur_mslp/timelines/08R_08V_04F_04M/lr104_timeline_genconfig_mslp_seed_58.txt;74.57;t1;0;1092.54;false
0.05;0.08;0.2;0.28;0.0;0.0;5;/dados/rmelo/PDPTW-SE/benchmark_multi_floor_v3/official_experiments/multistartlp/official/set_01_pt_01/logs/heur_mslp/outputs/csvresults_heur_mslp_bash_3.csv;0;3;1;18;1;0.0;0.5;true;10;2;lr105_t1_08R_08V_04F_03M;/dados/rmelo/PDPTW-SE/benchmark_multi_floor_v3/official_experiments/multistartlp/official/set_01_pt_01/configs/genconfig_mslp.conf;genconfig_mslp;/dados/rmelo/PDPTW-SE/benchmark_multi_floor_v3/official_experiments/multistartlp/official/set_01_pt_01/logs/heur_mslp/gurobi/08R_08V_04F_03M/lr105_grb_genconfig_mslp_seed_58.log;random;08R_08V_04F_03M;1;2658;1;/dados/rmelo/PDPTW-SE/benchmark_multi_floor_v3/official_experiments/multistartlp/official/set_01_pt_01/../../../../instances/orig_ams_fg/08R_08V_04F_04M/t1/lr105/;60000;16;0;1335.06;17;9;H;50;95;0;100.0;30.0;true;0.95;100.0;1.0;1.0;1.0;1.0;60;M;57342;57342;false;52;0.96;84.06;0.76;26;10;1000000;-1;3600;11.87;0.68;0.38;mslp;heur;0.54;0.16;-1;3600;60000;I;8;1.0;0.75;lr105;0;/dados/rmelo/PDPTW-SE/benchmark_multi_floor_v3/official_experiments/multistartlp/official/set_01_pt_01/logs;0;0;0;4.43;100.0;1;58;/dados/rmelo/PDPTW-SE/benchmark_multi_floor_v3/official_experiments/multistartlp/official/set_01_pt_01/logs/heur_mslp/solutions/08R_08V_04F_03M/lr105_sol_genconfig_mslp_seed_58.txt;Gurobi;AUTOMATIC;17.93;_bash_3;_seed_58;6808.14;1;0.31;/dados/rmelo/PDPTW-SE/benchmark_multi_floor_v3/official_experiments/multistartlp/official/set_01_pt_01/logs/heur_mslp/timelines/08R_08V_04F_03M/lr105_timeline_genconfig_mslp_seed_58.txt;115.66;t1;0;1068.12;false
0.05;0.05;0.15;0.2;0.0;0.0;5;/dados/rmelo/PDPTW-SE/benchmark_multi_floor_v3/official_experiments/multistartlp/official/set_01_pt_01/logs/heur_mslp/outputs/csvresults_heur_mslp_bash_3.csv;0;4;1;18;1;0.0;0.5;true;10;2;lr105_t1_08R_08V_04F_04M;/dados/rmelo/PDPTW-SE/benchmark_multi_floor_v3/official_experiments/multistartlp/official/set_01_pt_01/configs/genconfig_mslp.conf;genconfig_mslp;/dados/rmelo/PDPTW-SE/benchmark_multi_floor_v3/official_experiments/multistartlp/official/set_01_pt_01/logs/heur_mslp/gurobi/08R_08V_04F_04M/lr105_grb_genconfig_mslp_seed_58.log;random;08R_08V_04F_04M;1;4671;1;/dados/rmelo/PDPTW-SE/benchmark_multi_floor_v3/official_experiments/multistartlp/official/set_01_pt_01/../../../../instances/orig_ams_fg/08R_08V_04F_04M/t1/lr105/;60000;14;0;1168.86;17;9;H;50;95;0;100.0;30.0;true;0.95;100.0;1.0;1.0;1.0;1.0;60;M;55329;55329;false;52;0.96;84.06;0.76;26;10;1000000;-1;3600;11.46;0.67;0.43;mslp;heur;0.53;0.13;-1;3600;60000;I;8;1.0;0.75;lr105;0;/dados/rmelo/PDPTW-SE/benchmark_multi_floor_v3/official_experiments/multistartlp/official/set_01_pt_01/logs;0;0;0;7.78;100.0;1;58;/dados/rmelo/PDPTW-SE/benchmark_multi_floor_v3/official_experiments/multistartlp/official/set_01_pt_01/logs/heur_mslp/solutions/08R_08V_04F_04M/lr105_sol_genconfig_mslp_seed_58.txt;Gurobi;AUTOMATIC;17.98;_bash_3;_seed_58;6339.39;1;0.35;/dados/rmelo/PDPTW-SE/benchmark_multi_floor_v3/official_experiments/multistartlp/official/set_01_pt_01/logs/heur_mslp/timelines/08R_08V_04F_04M/lr105_timeline_genconfig_mslp_seed_58.txt;114.65;t1;0;1053.6;false
0.05;0.01;0.03;0.04;0.0;0.11;3;/dados/rmelo/PDPTW-SE/benchmark_multi_floor_v3/official_experiments/multistartlp/official/set_01_pt_01/logs/heur_mslp/outputs/csvresults_heur_mslp_bash_3.csv;0;3;1;18;1;0.0;0.5;true;10;2;lr201_t2_08R_08V_04F_03M;/dados/rmelo/PDPTW-SE/benchmark_multi_floor_v3/official_experiments/multistartlp/official/set_01_pt_01/configs/genconfig_mslp.conf;genconfig_mslp;/dados/rmelo/PDPTW-SE/benchmark_multi_floor_v3/official_experiments/multistartlp/official/set_01_pt_01/logs/heur_mslp/gurobi/08R_08V_04F_03M/lr201_grb_genconfig_mslp_seed_58.log;random;08R_08V_04F_03M;1;2596;1;/dados/rmelo/PDPTW-SE/benchmark_multi_floor_v3/official_experiments/multistartlp/official/set_01_pt_01/../../../../instances/orig_ams_fg/08R_08V_04F_04M/t2/lr201/;60000;5;0;2077.05;17;9;H;50;95;0;100.0;30.0;true;0.95;100.0;1.0;1.0;1.0;1.0;60;M;57404;57404;false;52;0.79;76.61;0.9;26;10;1000000;-1;3600;20.32;0.57;0.88;mslp;heur;0.35;0.87;-1;3600;60000;I;8;1.0;0.25;lr201;0;/dados/rmelo/PDPTW-SE/benchmark_multi_floor_v3/official_experiments/multistartlp/official/set_01_pt_01/logs;0;0;0;4.33;100.0;1;58;/dados/rmelo/PDPTW-SE/benchmark_multi_floor_v3/official_experiments/multistartlp/official/set_01_pt_01/logs/heur_mslp/solutions/08R_08V_04F_03M/lr201_sol_genconfig_mslp_seed_58.txt;Gurobi;AUTOMATIC;17.98;_bash_3;_seed_58;11664.02;1;0.32;/dados/rmelo/PDPTW-SE/benchmark_multi_floor_v3/official_experiments/multistartlp/official/set_01_pt_01/logs/heur_mslp/timelines/08R_08V_04F_03M/lr201_timeline_genconfig_mslp_seed_58.txt;121.77;t2;0;1142.97;false
0.05;0.01;0.02;0.03;0.0;0.11;3;/dados/rmelo/PDPTW-SE/benchmark_multi_floor_v3/official_experiments/multistartlp/official/set_01_pt_01/logs/heur_mslp/outputs/csvresults_heur_mslp_bash_3.csv;0;4;1;18;1;0.0;0.5;true;10;2;lr201_t2_08R_08V_04F_04M;/dados/rmelo/PDPTW-SE/benchmark_multi_floor_v3/official_experiments/multistartlp/official/set_01_pt_01/configs/genconfig_mslp.conf;genconfig_mslp;/dados/rmelo/PDPTW-SE/benchmark_multi_floor_v3/official_experiments/multistartlp/official/set_01_pt_01/logs/heur_mslp/gurobi/08R_08V_04F_04M/lr201_grb_genconfig_mslp_seed_58.log;random;08R_08V_04F_04M;1;2578;1;/dados/rmelo/PDPTW-SE/benchmark_multi_floor_v3/official_experiments/multistartlp/official/set_01_pt_01/../../../../instances/orig_ams_fg/08R_08V_04F_04M/t2/lr201/;60000;5;0;2077.05;17;9;H;50;95;0;100.0;30.0;true;0.95;100.0;1.0;1.0;1.0;1.0;60;M;57422;57422;false;52;0.79;76.61;0.9;26;10;1000000;-1;3600;20.54;0.57;0.88;mslp;heur;0.34;0.87;-1;3600;60000;I;8;1.0;0.25;lr201;0;/dados/rmelo/PDPTW-SE/benchmark_multi_floor_v3/official_experiments/multistartlp/official/set_01_pt_01/logs;0;0;0;4.3;100.0;1;58;/dados/rmelo/PDPTW-SE/benchmark_multi_floor_v3/official_experiments/multistartlp/official/set_01_pt_01/logs/heur_mslp/solutions/08R_08V_04F_04M/lr201_sol_genconfig_mslp_seed_58.txt;Gurobi;AUTOMATIC;18.1;_bash_3;_seed_58;11797.11;1;0.3;/dados/rmelo/PDPTW-SE/benchmark_multi_floor_v3/official_experiments/multistartlp/official/set_01_pt_01/logs/heur_mslp/timelines/08R_08V_04F_04M/lr201_timeline_genconfig_mslp_seed_58.txt;126.39;t2;0;1136.32;false
0.05;0.01;0.03;0.04;0.0;0.0;4;/dados/rmelo/PDPTW-SE/benchmark_multi_floor_v3/official_experiments/multistartlp/official/set_01_pt_01/logs/heur_mslp/outputs/csvresults_heur_mslp_bash_3.csv;0;3;1;18;1;0.0;0.5;true;10;2;lr202_t2_08R_08V_04F_03M;/dados/rmelo/PDPTW-SE/benchmark_multi_floor_v3/official_experiments/multistartlp/official/set_01_pt_01/configs/genconfig_mslp.conf;genconfig_mslp;/dados/rmelo/PDPTW-SE/benchmark_multi_floor_v3/official_experiments/multistartlp/official/set_01_pt_01/logs/heur_mslp/gurobi/08R_08V_04F_03M/lr202_grb_genconfig_mslp_seed_58.log;random;08R_08V_04F_03M;1;0;1;/dados/rmelo/PDPTW-SE/benchmark_multi_floor_v3/official_experiments/multistartlp/official/set_01_pt_01/../../../../instances/orig_ams_fg/08R_08V_04F_04M/t2/lr202/;60000;1014;0;1418.12;17;9;H;50;95;0;100.0;30.0;true;0.95;100.0;1.0;1.0;1.0;1.0;60;M;60000;60000;false;46;0.78;80.98;0.89;23;10;1000000;-1;3600;27.91;0.44;0.66;mslp;heur;0.11;0.42;-1;3600;60000;I;8;1.0;0.25;lr202;0;/dados/rmelo/PDPTW-SE/benchmark_multi_floor_v3/official_experiments/multistartlp/official/set_01_pt_01/logs;0;0;0;0.0;100.0;1;58;/dados/rmelo/PDPTW-SE/benchmark_multi_floor_v3/official_experiments/multistartlp/official/set_01_pt_01/logs/heur_mslp/solutions/08R_08V_04F_03M/lr202_sol_genconfig_mslp_seed_58.txt;Gurobi;AUTOMATIC;17.87;_bash_3;_seed_58;16747.18;1;2.93;/dados/rmelo/PDPTW-SE/benchmark_multi_floor_v3/official_experiments/multistartlp/official/set_01_pt_01/logs/heur_mslp/timelines/08R_08V_04F_03M/lr202_timeline_genconfig_mslp_seed_58.txt;153.6;t2;0;885.9;false
0.05;0.01;0.03;0.04;0.0;0.0;5;/dados/rmelo/PDPTW-SE/benchmark_multi_floor_v3/official_experiments/multistartlp/official/set_01_pt_01/logs/heur_mslp/outputs/csvresults_heur_mslp_bash_3.csv;0;4;1;18;1;0.0;0.5;true;10;2;lr202_t2_08R_08V_04F_04M;/dados/rmelo/PDPTW-SE/benchmark_multi_floor_v3/official_experiments/multistartlp/official/set_01_pt_01/configs/genconfig_mslp.conf;genconfig_mslp;/dados/rmelo/PDPTW-SE/benchmark_multi_floor_v3/official_experiments/multistartlp/official/set_01_pt_01/logs/heur_mslp/gurobi/08R_08V_04F_04M/lr202_grb_genconfig_mslp_seed_58.log;random;08R_08V_04F_04M;1;0;1;/dados/rmelo/PDPTW-SE/benchmark_multi_floor_v3/official_experiments/multistartlp/official/set_01_pt_01/../../../../instances/orig_ams_fg/08R_08V_04F_04M/t2/lr202/;60000;1014;0;1412.54;17;9;H;50;95;0;100.0;30.0;true;0.95;100.0;1.0;1.0;1.0;1.0;60;M;60000;60000;false;46;0.77;80.98;0.89;23;10;1000000;-1;3600;28.24;0.44;0.66;mslp;heur;0.11;0.42;-1;3600;60000;I;8;0.75;0.25;lr202;0;/dados/rmelo/PDPTW-SE/benchmark_multi_floor_v3/official_experiments/multistartlp/official/set_01_pt_01/logs;0;0;0;0.0;100.0;1;58;/dados/rmelo/PDPTW-SE/benchmark_multi_floor_v3/official_experiments/multistartlp/official/set_01_pt_01/logs/heur_mslp/solutions/08R_08V_04F_04M/lr202_sol_genconfig_mslp_seed_58.txt;Gurobi;AUTOMATIC;17.85;_bash_3;_seed_58;16943.21;1;3.04;/dados/rmelo/PDPTW-SE/benchmark_multi_floor_v3/official_experiments/multistartlp/official/set_01_pt_01/logs/heur_mslp/timelines/08R_08V_04F_04M/lr202_timeline_genconfig_mslp_seed_58.txt;159.9;t2;0;880.69;false
0.05;0.01;0.03;0.04;0.0;0.0;8;/dados/rmelo/PDPTW-SE/benchmark_multi_floor_v3/official_experiments/multistartlp/official/set_01_pt_01/logs/heur_mslp/outputs/csvresults_heur_mslp_bash_3.csv;0;3;1;18;1;0.0;0.5;true;10;2;lr203_t2_08R_08V_04F_03M;/dados/rmelo/PDPTW-SE/benchmark_multi_floor_v3/official_experiments/multistartlp/official/set_01_pt_01/configs/genconfig_mslp.conf;genconfig_mslp;/dados/rmelo/PDPTW-SE/benchmark_multi_floor_v3/official_experiments/multistartlp/official/set_01_pt_01/logs/heur_mslp/gurobi/08R_08V_04F_03M/lr203_grb_genconfig_mslp_seed_58.log;random;08R_08V_04F_03M;1;0;1;/dados/rmelo/PDPTW-SE/benchmark_multi_floor_v3/official_experiments/multistartlp/official/set_01_pt_01/../../../../instances/orig_ams_fg/08R_08V_04F_04M/t2/lr203/;60000;537;0;1236.65;17;9;H;50;95;0;100.0;30.0;true;0.95;100.0;1.0;1.0;1.0;1.0;60;M;60000;60000;false;34;0.74;88.37;0.85;17;10;1000000;-1;3600;16.25;0.46;0.57;mslp;heur;0.19;0.29;-1;3600;60000;I;8;1.0;0.25;lr203;0;/dados/rmelo/PDPTW-SE/benchmark_multi_floor_v3/official_experiments/multistartlp/official/set_01_pt_01/logs;0;0;0;0.0;100.0;1;58;/dados/rmelo/PDPTW-SE/benchmark_multi_floor_v3/official_experiments/multistartlp/official/set_01_pt_01/logs/heur_mslp/solutions/08R_08V_04F_03M/lr203_sol_genconfig_mslp_seed_58.txt;Gurobi;AUTOMATIC;18.16;_bash_3;_seed_58;9750.1;1;1.63;/dados/rmelo/PDPTW-SE/benchmark_multi_floor_v3/official_experiments/multistartlp/official/set_01_pt_01/logs/heur_mslp/timelines/08R_08V_04F_03M/lr203_timeline_genconfig_mslp_seed_58.txt;153.85;t2;0;929.42;false
0.05;0.01;0.03;0.04;0.0;0.0;9;/dados/rmelo/PDPTW-SE/benchmark_multi_floor_v3/official_experiments/multistartlp/official/set_01_pt_01/logs/heur_mslp/outputs/csvresults_heur_mslp_bash_3.csv;0;4;1;18;1;0.0;0.5;true;10;2;lr203_t2_08R_08V_04F_04M;/dados/rmelo/PDPTW-SE/benchmark_multi_floor_v3/official_experiments/multistartlp/official/set_01_pt_01/configs/genconfig_mslp.conf;genconfig_mslp;/dados/rmelo/PDPTW-SE/benchmark_multi_floor_v3/official_experiments/multistartlp/official/set_01_pt_01/logs/heur_mslp/gurobi/08R_08V_04F_04M/lr203_grb_genconfig_mslp_seed_58.log;random;08R_08V_04F_04M;1;0;1;/dados/rmelo/PDPTW-SE/benchmark_multi_floor_v3/official_experiments/multistartlp/official/set_01_pt_01/../../../../instances/orig_ams_fg/08R_08V_04F_04M/t2/lr203/;60000;537;0;1236.65;17;9;H;50;95;0;100.0;30.0;true;0.95;100.0;1.0;1.0;1.0;1.0;60;M;60000;60000;false;34;0.74;87.65;0.85;17;10;1000000;-1;3600;16.85;0.46;0.57;mslp;heur;0.19;0.29;-1;3600;60000;I;8;0.75;0.25;lr203;0;/dados/rmelo/PDPTW-SE/benchmark_multi_floor_v3/official_experiments/multistartlp/official/set_01_pt_01/logs;0;0;0;0.0;100.0;1;58;/dados/rmelo/PDPTW-SE/benchmark_multi_floor_v3/official_experiments/multistartlp/official/set_01_pt_01/logs/heur_mslp/solutions/08R_08V_04F_04M/lr203_sol_genconfig_mslp_seed_58.txt;Gurobi;AUTOMATIC;17.96;_bash_3;_seed_58;10107.53;1;1.71;/dados/rmelo/PDPTW-SE/benchmark_multi_floor_v3/official_experiments/multistartlp/official/set_01_pt_01/logs/heur_mslp/timelines/08R_08V_04F_04M/lr203_timeline_genconfig_mslp_seed_58.txt;159.95;t2;0;928.97;false
0.05;0.02;0.02;0.04;0.0;0.0;10;/dados/rmelo/PDPTW-SE/benchmark_multi_floor_v3/official_experiments/multistartlp/official/set_01_pt_01/logs/heur_mslp/outputs/csvresults_heur_mslp_bash_3.csv;0;3;1;18;1;0.0;0.5;true;10;2;lr204_t2_08R_08V_04F_03M;/dados/rmelo/PDPTW-SE/benchmark_multi_floor_v3/official_experiments/multistartlp/official/set_01_pt_01/configs/genconfig_mslp.conf;genconfig_mslp;/dados/rmelo/PDPTW-SE/benchmark_multi_floor_v3/official_experiments/multistartlp/official/set_01_pt_01/logs/heur_mslp/gurobi/08R_08V_04F_03M/lr204_grb_genconfig_mslp_seed_58.log;random;08R_08V_04F_03M;1;0;1;/dados/rmelo/PDPTW-SE/benchmark_multi_floor_v3/official_experiments/multistartlp/official/set_01_pt_01/../../../../instances/orig_ams_fg/08R_08V_04F_04M/t2/lr204/;60000;1927;0;1115.41;17;9;H;50;95;0;100.0;30.0;true;0.95;100.0;1.0;1.0;1.0;1.0;60;M;56263;60000;false;38;0.89;88.5;0.92;19;10;1000000;-1;3600;8.34;0.89;0.92;mslp;heur;0.89;0.92;-1;3600;60000;I;8;1.0;0.12;lr204;0;/dados/rmelo/PDPTW-SE/benchmark_multi_floor_v3/official_experiments/multistartlp/official/set_01_pt_01/logs;0;0;0;0.0;93.77;1;58;/dados/rmelo/PDPTW-SE/benchmark_multi_floor_v3/official_experiments/multistartlp/official/set_01_pt_01/logs/heur_mslp/solutions/08R_08V_04F_03M/lr204_sol_genconfig_mslp_seed_58.txt;Gurobi;AUTOMATIC;17.95;_bash_3;_seed_58;5002.01;1;5.52;/dados/rmelo/PDPTW-SE/benchmark_multi_floor_v3/official_experiments/multistartlp/official/set_01_pt_01/logs/heur_mslp/timelines/08R_08V_04F_03M/lr204_timeline_genconfig_mslp_seed_58.txt;159.79;t2;0;888.62;false
0.05;0.01;0.02;0.03;0.0;0.0;10;/dados/rmelo/PDPTW-SE/benchmark_multi_floor_v3/official_experiments/multistartlp/official/set_01_pt_01/logs/heur_mslp/outputs/csvresults_heur_mslp_bash_3.csv;0;4;1;18;1;0.0;0.5;true;10;2;lr204_t2_08R_08V_04F_04M;/dados/rmelo/PDPTW-SE/benchmark_multi_floor_v3/official_experiments/multistartlp/official/set_01_pt_01/configs/genconfig_mslp.conf;genconfig_mslp;/dados/rmelo/PDPTW-SE/benchmark_multi_floor_v3/official_experiments/multistartlp/official/set_01_pt_01/logs/heur_mslp/gurobi/08R_08V_04F_04M/lr204_grb_genconfig_mslp_seed_58.log;random;08R_08V_04F_04M;1;0;1;/dados/rmelo/PDPTW-SE/benchmark_multi_floor_v3/official_experiments/multistartlp/official/set_01_pt_01/../../../../instances/orig_ams_fg/08R_08V_04F_04M/t2/lr204/;60000;1927;0;1108.26;17;9;H;50;95;0;100.0;30.0;true;0.95;100.0;1.0;1.0;1.0;1.0;60;M;55999;60000;false;38;0.88;85.84;0.92;19;10;1000000;-1;3600;8.56;0.88;0.92;mslp;heur;0.88;0.92;-1;3600;60000;I;8;1.0;0.12;lr204;0;/dados/rmelo/PDPTW-SE/benchmark_multi_floor_v3/official_experiments/multistartlp/official/set_01_pt_01/logs;0;0;0;0.0;93.33;1;58;/dados/rmelo/PDPTW-SE/benchmark_multi_floor_v3/official_experiments/multistartlp/official/set_01_pt_01/logs/heur_mslp/solutions/08R_08V_04F_04M/lr204_sol_genconfig_mslp_seed_58.txt;Gurobi;AUTOMATIC;18.19;_bash_3;_seed_58;5137.12;1;5.81;/dados/rmelo/PDPTW-SE/benchmark_multi_floor_v3/official_experiments/multistartlp/official/set_01_pt_01/logs/heur_mslp/timelines/08R_08V_04F_04M/lr204_timeline_genconfig_mslp_seed_58.txt;167.36;t2;0;882.99;false
0.05;0.01;0.03;0.04;0.0;0.0;10;/dados/rmelo/PDPTW-SE/benchmark_multi_floor_v3/official_experiments/multistartlp/official/set_01_pt_01/logs/heur_mslp/outputs/csvresults_heur_mslp_bash_3.csv;0;3;1;18;1;0.0;0.5;true;10;2;lr205_t2_08R_08V_04F_03M;/dados/rmelo/PDPTW-SE/benchmark_multi_floor_v3/official_experiments/multistartlp/official/set_01_pt_01/configs/genconfig_mslp.conf;genconfig_mslp;/dados/rmelo/PDPTW-SE/benchmark_multi_floor_v3/official_experiments/multistartlp/official/set_01_pt_01/logs/heur_mslp/gurobi/08R_08V_04F_03M/lr205_grb_genconfig_mslp_seed_58.log;random;08R_08V_04F_03M;1;0;1;/dados/rmelo/PDPTW-SE/benchmark_multi_floor_v3/official_experiments/multistartlp/official/set_01_pt_01/../../../../instances/orig_ams_fg/08R_08V_04F_04M/t2/lr205/;60000;50588;0;1845.01;17;9;H;50;95;0;100.0;30.0;true;0.95;100.0;1.0;1.0;1.0;1.0;60;M;60000;60000;false;52;0.56;80.9;0.96;26;10;1000000;-1;3600;19.56;0.47;0.92;mslp;heur;0.37;0.88;-1;3600;60000;I;8;1.0;0.25;lr205;0;/dados/rmelo/PDPTW-SE/benchmark_multi_floor_v3/official_experiments/multistartlp/official/set_01_pt_01/logs;0;0;0;0.0;100.0;1;58;/dados/rmelo/PDPTW-SE/benchmark_multi_floor_v3/official_experiments/multistartlp/official/set_01_pt_01/logs/heur_mslp/solutions/08R_08V_04F_03M/lr205_sol_genconfig_mslp_seed_58.txt;Gurobi;AUTOMATIC;17.84;_bash_3;_seed_58;11735.81;1;128.59;/dados/rmelo/PDPTW-SE/benchmark_multi_floor_v3/official_experiments/multistartlp/official/set_01_pt_01/logs/heur_mslp/timelines/08R_08V_04F_03M/lr205_timeline_genconfig_mslp_seed_58.txt;152.48;t2;0;938.07;false
0.05;0.01;0.03;0.04;0.0;0.0;9;/dados/rmelo/PDPTW-SE/benchmark_multi_floor_v3/official_experiments/multistartlp/official/set_01_pt_01/logs/heur_mslp/outputs/csvresults_heur_mslp_bash_3.csv;0;4;1;18;1;0.0;0.5;true;10;2;lr205_t2_08R_08V_04F_04M;/dados/rmelo/PDPTW-SE/benchmark_multi_floor_v3/official_experiments/multistartlp/official/set_01_pt_01/configs/genconfig_mslp.conf;genconfig_mslp;/dados/rmelo/PDPTW-SE/benchmark_multi_floor_v3/official_experiments/multistartlp/official/set_01_pt_01/logs/heur_mslp/gurobi/08R_08V_04F_04M/lr205_grb_genconfig_mslp_seed_58.log;random;08R_08V_04F_04M;1;0;1;/dados/rmelo/PDPTW-SE/benchmark_multi_floor_v3/official_experiments/multistartlp/official/set_01_pt_01/../../../../instances/orig_ams_fg/08R_08V_04F_04M/t2/lr205/;60000;50588;0;1842.77;17;9;H;50;95;0;100.0;30.0;true;0.95;100.0;1.0;1.0;1.0;1.0;60;M;60000;60000;false;52;0.56;80.9;0.96;26;10;1000000;-1;3600;19.68;0.47;0.92;mslp;heur;0.37;0.88;-1;3600;60000;I;8;0.75;0.25;lr205;0;/dados/rmelo/PDPTW-SE/benchmark_multi_floor_v3/official_experiments/multistartlp/official/set_01_pt_01/logs;0;0;0;0.0;100.0;1;58;/dados/rmelo/PDPTW-SE/benchmark_multi_floor_v3/official_experiments/multistartlp/official/set_01_pt_01/logs/heur_mslp/solutions/08R_08V_04F_04M/lr205_sol_genconfig_mslp_seed_58.txt;Gurobi;AUTOMATIC;17.9;_bash_3;_seed_58;11807.79;1;132.71;/dados/rmelo/PDPTW-SE/benchmark_multi_floor_v3/official_experiments/multistartlp/official/set_01_pt_01/logs/heur_mslp/timelines/08R_08V_04F_04M/lr205_timeline_genconfig_mslp_seed_58.txt;157.11;t2;0;930.27;false
0.05;0.03;0.09;0.12;0.01;0.13;3;/dados/rmelo/PDPTW-SE/benchmark_multi_floor_v3/official_experiments/multistartlp/official/set_01_pt_01/logs/heur_mslp/outputs/csvresults_heur_mslp_bash_3.csv;0;3;1;22;1;0.0;0.5;true;12;2;lr101_t1_10R_10V_02F_03M;/dados/rmelo/PDPTW-SE/benchmark_multi_floor_v3/official_experiments/multistartlp/official/set_01_pt_01/configs/genconfig_mslp.conf;genconfig_mslp;/dados/rmelo/PDPTW-SE/benchmark_multi_floor_v3/official_experiments/multistartlp/official/set_01_pt_01/logs/heur_mslp/gurobi/10R_10V_02F_03M/lr101_grb_genconfig_mslp_seed_58.log;random;10R_10V_02F_03M;1;0;1;/dados/rmelo/PDPTW-SE/benchmark_multi_floor_v3/official_experiments/multistartlp/official/set_01_pt_01/../../../../instances/orig_ams_fg/10R_10V_02F_04M/t1/lr101/;60000;93;0;1563.15;21;11;H;50;95;0;100.0;30.0;true;0.95;100.0;1.0;1.0;1.0;1.0;60;M;60000;60000;false;52;0.88;78.74;0.76;26;10;1000000;-1;3600;21.14;0.58;0.36;mslp;heur;0.41;0.16;-1;3600;60000;I;10;1.0;0.9;lr101;0;/dados/rmelo/PDPTW-SE/benchmark_multi_floor_v3/official_experiments/multistartlp/official/set_01_pt_01/logs;0;0;0;0.0;100.0;1;58;/dados/rmelo/PDPTW-SE/benchmark_multi_floor_v3/official_experiments/multistartlp/official/set_01_pt_01/logs/heur_mslp/solutions/10R_10V_02F_03M/lr101_sol_genconfig_mslp_seed_58.txt;Gurobi;AUTOMATIC;17.91;_bash_3;_seed_58;12685.0;1;0.49;/dados/rmelo/PDPTW-SE/benchmark_multi_floor_v3/official_experiments/multistartlp/official/set_01_pt_01/logs/heur_mslp/timelines/10R_10V_02F_03M/lr101_timeline_genconfig_mslp_seed_58.txt;125.58;t1;0;1194.55;false
0.05;0.02;0.07;0.09;0.0;0.13;4;/dados/rmelo/PDPTW-SE/benchmark_multi_floor_v3/official_experiments/multistartlp/official/set_01_pt_01/logs/heur_mslp/outputs/csvresults_heur_mslp_bash_3.csv;0;4;1;22;1;0.0;0.5;true;12;2;lr101_t1_10R_10V_02F_04M;/dados/rmelo/PDPTW-SE/benchmark_multi_floor_v3/official_experiments/multistartlp/official/set_01_pt_01/configs/genconfig_mslp.conf;genconfig_mslp;/dados/rmelo/PDPTW-SE/benchmark_multi_floor_v3/official_experiments/multistartlp/official/set_01_pt_01/logs/heur_mslp/gurobi/10R_10V_02F_04M/lr101_grb_genconfig_mslp_seed_58.log;random;10R_10V_02F_04M;1;0;1;/dados/rmelo/PDPTW-SE/benchmark_multi_floor_v3/official_experiments/multistartlp/official/set_01_pt_01/../../../../instances/orig_ams_fg/10R_10V_02F_04M/t1/lr101/;60000;38;0;1559.31;21;11;H;50;95;0;100.0;30.0;true;0.95;100.0;1.0;1.0;1.0;1.0;60;M;60000;60000;false;52;0.88;76.65;0.6;26;10;1000000;-1;3600;22.36;0.57;0.36;mslp;heur;0.42;0.13;-1;3600;60000;I;10;1.0;0.9;lr101;0;/dados/rmelo/PDPTW-SE/benchmark_multi_floor_v3/official_experiments/multistartlp/official/set_01_pt_01/logs;0;0;0;0.0;100.0;1;58;/dados/rmelo/PDPTW-SE/benchmark_multi_floor_v3/official_experiments/multistartlp/official/set_01_pt_01/logs/heur_mslp/solutions/10R_10V_02F_04M/lr101_sol_genconfig_mslp_seed_58.txt;Gurobi;AUTOMATIC;17.79;_bash_3;_seed_58;13414.21;1;0.4;/dados/rmelo/PDPTW-SE/benchmark_multi_floor_v3/official_experiments/multistartlp/official/set_01_pt_01/logs/heur_mslp/timelines/10R_10V_02F_04M/lr101_timeline_genconfig_mslp_seed_58.txt;129.48;t1;0;1187.36;false
0.05;0.03;0.09;0.11;0.0;0.03;4;/dados/rmelo/PDPTW-SE/benchmark_multi_floor_v3/official_experiments/multistartlp/official/set_01_pt_01/logs/heur_mslp/outputs/csvresults_heur_mslp_bash_3.csv;0;3;1;22;1;0.0;0.5;true;12;2;lr102_t1_10R_10V_02F_03M;/dados/rmelo/PDPTW-SE/benchmark_multi_floor_v3/official_experiments/multistartlp/official/set_01_pt_01/configs/genconfig_mslp.conf;genconfig_mslp;/dados/rmelo/PDPTW-SE/benchmark_multi_floor_v3/official_experiments/multistartlp/official/set_01_pt_01/logs/heur_mslp/gurobi/10R_10V_02F_03M/lr102_grb_genconfig_mslp_seed_58.log;random;10R_10V_02F_03M;1;40143;1;/dados/rmelo/PDPTW-SE/benchmark_multi_floor_v3/official_experiments/multistartlp/official/set_01_pt_01/../../../../instances/orig_ams_fg/10R_10V_02F_04M/t1/lr102/;60000;513;0;1189.63;21;11;H;50;95;0;100.0;30.0;true;0.95;100.0;1.0;1.0;1.0;1.0;60;M;19857;19857;false;58;0.88;76.28;0.76;29;10;1000000;-1;3600;10.75;0.64;0.48;mslp;heur;0.34;0.28;-1;3600;60000;I;10;1.0;0.6;lr102;0;/dados/rmelo/PDPTW-SE/benchmark_multi_floor_v3/official_experiments/multistartlp/official/set_01_pt_01/logs;0;0;0;66.9;100.0;1;58;/dados/rmelo/PDPTW-SE/benchmark_multi_floor_v3/official_experiments/multistartlp/official/set_01_pt_01/logs/heur_mslp/solutions/10R_10V_02F_03M/lr102_sol_genconfig_mslp_seed_58.txt;Gurobi;AUTOMATIC;17.94;_bash_3;_seed_58;2133.83;1;0.75;/dados/rmelo/PDPTW-SE/benchmark_multi_floor_v3/official_experiments/multistartlp/official/set_01_pt_01/logs/heur_mslp/timelines/10R_10V_02F_03M/lr102_timeline_genconfig_mslp_seed_58.txt;52.19;t1;0;1025.34;false
0.05;0.01;0.07;0.08;0.0;0.03;7;/dados/rmelo/PDPTW-SE/benchmark_multi_floor_v3/official_experiments/multistartlp/official/set_01_pt_01/logs/heur_mslp/outputs/csvresults_heur_mslp_bash_3.csv;0;4;1;22;1;0.0;0.5;true;12;2;lr102_t1_10R_10V_02F_04M;/dados/rmelo/PDPTW-SE/benchmark_multi_floor_v3/official_experiments/multistartlp/official/set_01_pt_01/configs/genconfig_mslp.conf;genconfig_mslp;/dados/rmelo/PDPTW-SE/benchmark_multi_floor_v3/official_experiments/multistartlp/official/set_01_pt_01/logs/heur_mslp/gurobi/10R_10V_02F_04M/lr102_grb_genconfig_mslp_seed_58.log;random;10R_10V_02F_04M;1;19295;1;/dados/rmelo/PDPTW-SE/benchmark_multi_floor_v3/official_experiments/multistartlp/official/set_01_pt_01/../../../../instances/orig_ams_fg/10R_10V_02F_04M/t1/lr102/;60000;141;0;1157.88;21;11;H;50;95;0;100.0;30.0;true;0.95;100.0;1.0;1.0;1.0;1.0;60;M;40705;40705;false;58;0.88;76.28;0.68;29;10;1000000;-1;3600;10.7;0.64;0.49;mslp;heur;0.34;0.4;-1;3600;60000;I;10;1.0;0.6;lr102;0;/dados/rmelo/PDPTW-SE/benchmark_multi_floor_v3/official_experiments/multistartlp/official/set_01_pt_01/logs;0;0;0;32.16;100.0;1;58;/dados/rmelo/PDPTW-SE/benchmark_multi_floor_v3/official_experiments/multistartlp/official/set_01_pt_01/logs/heur_mslp/solutions/10R_10V_02F_04M/lr102_sol_genconfig_mslp_seed_58.txt;Gurobi;AUTOMATIC;18.04;_bash_3;_seed_58;4353.54;1;0.57;/dados/rmelo/PDPTW-SE/benchmark_multi_floor_v3/official_experiments/multistartlp/official/set_01_pt_01/logs/heur_mslp/timelines/10R_10V_02F_04M/lr102_timeline_genconfig_mslp_seed_58.txt;97.67;t1;0;1022.31;false
0.05;0.04;0.07;0.11;0.0;0.0;4;/dados/rmelo/PDPTW-SE/benchmark_multi_floor_v3/official_experiments/multistartlp/official/set_01_pt_01/logs/heur_mslp/outputs/csvresults_heur_mslp_bash_3.csv;0;3;1;22;1;0.0;0.5;true;12;2;lr103_t1_10R_10V_02F_03M;/dados/rmelo/PDPTW-SE/benchmark_multi_floor_v3/official_experiments/multistartlp/official/set_01_pt_01/configs/genconfig_mslp.conf;genconfig_mslp;/dados/rmelo/PDPTW-SE/benchmark_multi_floor_v3/official_experiments/multistartlp/official/set_01_pt_01/logs/heur_mslp/gurobi/10R_10V_02F_03M/lr103_grb_genconfig_mslp_seed_58.log;random;10R_10V_02F_03M;1;38118;1;/dados/rmelo/PDPTW-SE/benchmark_multi_floor_v3/official_experiments/multistartlp/official/set_01_pt_01/../../../../instances/orig_ams_fg/10R_10V_02F_04M/t1/lr103/;60000;148;0;1337.83;21;11;H;50;95;0;100.0;30.0;true;0.95;100.0;1.0;1.0;1.0;1.0;60;M;21882;21882;false;38;0.94;73.41;0.74;19;10;1000000;-1;3600;12.57;0.75;0.61;mslp;heur;0.34;0.5;-1;3600;60000;I;10;1.0;0.6;lr103;0;/dados/rmelo/PDPTW-SE/benchmark_multi_floor_v3/official_experiments/multistartlp/official/set_01_pt_01/logs;0;0;0;63.53;100.0;1;58;/dados/rmelo/PDPTW-SE/benchmark_multi_floor_v3/official_experiments/multistartlp/official/set_01_pt_01/logs/heur_mslp/solutions/10R_10V_02F_03M/lr103_sol_genconfig_mslp_seed_58.txt;Gurobi;AUTOMATIC;18.08;_bash_3;_seed_58;2749.79;1;0.47;/dados/rmelo/PDPTW-SE/benchmark_multi_floor_v3/official_experiments/multistartlp/official/set_01_pt_01/logs/heur_mslp/timelines/10R_10V_02F_03M/lr103_timeline_genconfig_mslp_seed_58.txt;63.64;t1;0;1034.38;false
0.05;0.04;0.07;0.11;0.0;0.0;5;/dados/rmelo/PDPTW-SE/benchmark_multi_floor_v3/official_experiments/multistartlp/official/set_01_pt_01/logs/heur_mslp/outputs/csvresults_heur_mslp_bash_3.csv;0;4;1;22;1;0.0;0.5;true;12;2;lr103_t1_10R_10V_02F_04M;/dados/rmelo/PDPTW-SE/benchmark_multi_floor_v3/official_experiments/multistartlp/official/set_01_pt_01/configs/genconfig_mslp.conf;genconfig_mslp;/dados/rmelo/PDPTW-SE/benchmark_multi_floor_v3/official_experiments/multistartlp/official/set_01_pt_01/logs/heur_mslp/gurobi/10R_10V_02F_04M/lr103_grb_genconfig_mslp_seed_58.log;random;10R_10V_02F_04M;1;9717;1;/dados/rmelo/PDPTW-SE/benchmark_multi_floor_v3/official_experiments/multistartlp/official/set_01_pt_01/../../../../instances/orig_ams_fg/10R_10V_02F_04M/t1/lr103/;60000;20;0;1245.16;21;11;H;50;95;0;100.0;30.0;true;0.95;100.0;1.0;1.0;1.0;1.0;60;M;50283;50283;false;38;0.93;71.0;1.0;19;10;1000000;-1;3600;11.88;0.74;0.66;mslp;heur;0.34;0.42;-1;3600;60000;I;10;0.75;0.6;lr103;0;/dados/rmelo/PDPTW-SE/benchmark_multi_floor_v3/official_experiments/multistartlp/official/set_01_pt_01/logs;0;0;0;16.2;100.0;1;58;/dados/rmelo/PDPTW-SE/benchmark_multi_floor_v3/official_experiments/multistartlp/official/set_01_pt_01/logs/heur_mslp/solutions/10R_10V_02F_04M/lr103_sol_genconfig_mslp_seed_58.txt;Gurobi;AUTOMATIC;17.95;_bash_3;_seed_58;5972.71;1;0.36;/dados/rmelo/PDPTW-SE/benchmark_multi_floor_v3/official_experiments/multistartlp/official/set_01_pt_01/logs/heur_mslp/timelines/10R_10V_02F_04M/lr103_timeline_genconfig_mslp_seed_58.txt;128.71;t1;0;1022.42;false
0.05;0.04;0.06;0.09;0.0;0.0;11;/dados/rmelo/PDPTW-SE/benchmark_multi_floor_v3/official_experiments/multistartlp/official/set_01_pt_01/logs/heur_mslp/outputs/csvresults_heur_mslp_bash_3.csv;0;3;1;22;1;0.0;0.5;true;12;2;lr104_t1_10R_10V_02F_03M;/dados/rmelo/PDPTW-SE/benchmark_multi_floor_v3/official_experiments/multistartlp/official/set_01_pt_01/configs/genconfig_mslp.conf;genconfig_mslp;/dados/rmelo/PDPTW-SE/benchmark_multi_floor_v3/official_experiments/multistartlp/official/set_01_pt_01/logs/heur_mslp/gurobi/10R_10V_02F_03M/lr104_grb_genconfig_mslp_seed_58.log;random;10R_10V_02F_03M;1;28222;1;/dados/rmelo/PDPTW-SE/benchmark_multi_floor_v3/official_experiments/multistartlp/official/set_01_pt_01/../../../../instances/orig_ams_fg/10R_10V_02F_04M/t1/lr104/;60000;947;0;1112.32;21;11;H;50;95;0;100.0;30.0;true;0.95;100.0;1.0;1.0;1.0;1.0;60;M;31778;31778;false;40;0.78;78.09;0.73;20;10;1000000;-1;3600;9.38;0.65;0.46;mslp;heur;0.54;0.18;-1;3600;60000;I;10;1.0;0.6;lr104;0;/dados/rmelo/PDPTW-SE/benchmark_multi_floor_v3/official_experiments/multistartlp/official/set_01_pt_01/logs;0;0;0;47.04;100.0;1;58;/dados/rmelo/PDPTW-SE/benchmark_multi_floor_v3/official_experiments/multistartlp/official/set_01_pt_01/logs/heur_mslp/solutions/10R_10V_02F_03M/lr104_sol_genconfig_mslp_seed_58.txt;Gurobi;AUTOMATIC;17.83;_bash_3;_seed_58;2980.32;1;1.63;/dados/rmelo/PDPTW-SE/benchmark_multi_floor_v3/official_experiments/multistartlp/official/set_01_pt_01/logs/heur_mslp/timelines/10R_10V_02F_03M/lr104_timeline_genconfig_mslp_seed_58.txt;80.03;t1;0;891.3;false
0.05;0.02;0.06;0.08;0.0;0.0;12;/dados/rmelo/PDPTW-SE/benchmark_multi_floor_v3/official_experiments/multistartlp/official/set_01_pt_01/logs/heur_mslp/outputs/csvresults_heur_mslp_bash_3.csv;0;4;1;22;1;0.0;0.5;true;12;2;lr104_t1_10R_10V_02F_04M;/dados/rmelo/PDPTW-SE/benchmark_multi_floor_v3/official_experiments/multistartlp/official/set_01_pt_01/configs/genconfig_mslp.conf;genconfig_mslp;/dados/rmelo/PDPTW-SE/benchmark_multi_floor_v3/official_experiments/multistartlp/official/set_01_pt_01/logs/heur_mslp/gurobi/10R_10V_02F_04M/lr104_grb_genconfig_mslp_seed_58.log;random;10R_10V_02F_04M;1;28146;1;/dados/rmelo/PDPTW-SE/benchmark_multi_floor_v3/official_experiments/multistartlp/official/set_01_pt_01/../../../../instances/orig_ams_fg/10R_10V_02F_04M/t1/lr104/;60000;12654;0;1087.27;21;11;H;50;95;0;100.0;30.0;true;0.95;100.0;1.0;1.0;1.0;1.0;60;M;31854;31854;false;40;0.78;78.0;0.73;20;10;1000000;-1;3600;9.23;0.65;0.46;mslp;heur;0.55;0.18;-1;3600;60000;I;10;0.75;0.6;lr104;0;/dados/rmelo/PDPTW-SE/benchmark_multi_floor_v3/official_experiments/multistartlp/official/set_01_pt_01/logs;0;0;0;46.91;100.0;1;58;/dados/rmelo/PDPTW-SE/benchmark_multi_floor_v3/official_experiments/multistartlp/official/set_01_pt_01/logs/heur_mslp/solutions/10R_10V_02F_04M/lr104_sol_genconfig_mslp_seed_58.txt;Gurobi;AUTOMATIC;17.93;_bash_3;_seed_58;2941.35;1;18.24;/dados/rmelo/PDPTW-SE/benchmark_multi_floor_v3/official_experiments/multistartlp/official/set_01_pt_01/logs/heur_mslp/timelines/10R_10V_02F_04M/lr104_timeline_genconfig_mslp_seed_58.txt;83.51;t1;0;892.38;false
0.05;0.05;0.11;0.16;0.01;0.02;2;/dados/rmelo/PDPTW-SE/benchmark_multi_floor_v3/official_experiments/multistartlp/official/set_01_pt_01/logs/heur_mslp/outputs/csvresults_heur_mslp_bash_3.csv;0;3;1;22;1;0.0;0.5;true;12;2;lr105_t1_10R_10V_02F_03M;/dados/rmelo/PDPTW-SE/benchmark_multi_floor_v3/official_experiments/multistartlp/official/set_01_pt_01/configs/genconfig_mslp.conf;genconfig_mslp;/dados/rmelo/PDPTW-SE/benchmark_multi_floor_v3/official_experiments/multistartlp/official/set_01_pt_01/logs/heur_mslp/gurobi/10R_10V_02F_03M/lr105_grb_genconfig_mslp_seed_58.log;random;10R_10V_02F_03M;1;29883;1;/dados/rmelo/PDPTW-SE/benchmark_multi_floor_v3/official_experiments/multistartlp/official/set_01_pt_01/../../../../instances/orig_ams_fg/10R_10V_02F_04M/t1/lr105/;60000;2;0;1485.28;21;11;H;50;95;0;100.0;30.0;true;0.95;100.0;1.0;1.0;1.0;1.0;60;M;30117;30117;false;52;0.7;78.01;0.5;26;10;1000000;-1;3600;19.12;0.62;0.32;mslp;heur;0.52;0.06;-1;3600;60000;I;10;1.0;0.8;lr105;0;/dados/rmelo/PDPTW-SE/benchmark_multi_floor_v3/official_experiments/multistartlp/official/set_01_pt_01/logs;0;0;0;49.8;100.0;1;58;/dados/rmelo/PDPTW-SE/benchmark_multi_floor_v3/official_experiments/multistartlp/official/set_01_pt_01/logs/heur_mslp/solutions/10R_10V_02F_03M/lr105_sol_genconfig_mslp_seed_58.txt;Gurobi;AUTOMATIC;18.02;_bash_3;_seed_58;5758.48;1;0.29;/dados/rmelo/PDPTW-SE/benchmark_multi_floor_v3/official_experiments/multistartlp/official/set_01_pt_01/logs/heur_mslp/timelines/10R_10V_02F_03M/lr105_timeline_genconfig_mslp_seed_58.txt;74.33;t1;0;1207.1;false
0.05;0.03;0.08;0.11;0.0;0.01;2;/dados/rmelo/PDPTW-SE/benchmark_multi_floor_v3/official_experiments/multistartlp/official/set_01_pt_01/logs/heur_mslp/outputs/csvresults_heur_mslp_bash_3.csv;0;4;1;22;1;0.0;0.5;true;12;2;lr105_t1_10R_10V_02F_04M;/dados/rmelo/PDPTW-SE/benchmark_multi_floor_v3/official_experiments/multistartlp/official/set_01_pt_01/configs/genconfig_mslp.conf;genconfig_mslp;/dados/rmelo/PDPTW-SE/benchmark_multi_floor_v3/official_experiments/multistartlp/official/set_01_pt_01/logs/heur_mslp/gurobi/10R_10V_02F_04M/lr105_grb_genconfig_mslp_seed_58.log;random;10R_10V_02F_04M;1;0;1;/dados/rmelo/PDPTW-SE/benchmark_multi_floor_v3/official_experiments/multistartlp/official/set_01_pt_01/../../../../instances/orig_ams_fg/10R_10V_02F_04M/t1/lr105/;60000;2;0;1484.17;21;11;H;50;95;0;100.0;30.0;true;0.95;100.0;1.0;1.0;1.0;1.0;60;M;60000;60000;false;52;0.7;78.01;0.5;26;10;1000000;-1;3600;20.11;0.61;0.32;mslp;heur;0.52;0.06;-1;3600;60000;I;10;1.0;0.8;lr105;0;/dados/rmelo/PDPTW-SE/benchmark_multi_floor_v3/official_experiments/multistartlp/official/set_01_pt_01/logs;0;0;0;0.0;100.0;1;58;/dados/rmelo/PDPTW-SE/benchmark_multi_floor_v3/official_experiments/multistartlp/official/set_01_pt_01/logs/heur_mslp/solutions/10R_10V_02F_04M/lr105_sol_genconfig_mslp_seed_58.txt;Gurobi;AUTOMATIC;17.93;_bash_3;_seed_58;12063.78;1;0.32;/dados/rmelo/PDPTW-SE/benchmark_multi_floor_v3/official_experiments/multistartlp/official/set_01_pt_01/logs/heur_mslp/timelines/10R_10V_02F_04M/lr105_timeline_genconfig_mslp_seed_58.txt;138.15;t1;0;1188.48;false
0.05;0.0;0.02;0.02;0.03;0.07;7;/dados/rmelo/PDPTW-SE/benchmark_multi_floor_v3/official_experiments/multistartlp/official/set_01_pt_01/logs/heur_mslp/outputs/csvresults_heur_mslp_bash_3.csv;0;3;1;22;1;0.0;0.5;true;12;2;lr201_t2_10R_10V_02F_03M;/dados/rmelo/PDPTW-SE/benchmark_multi_floor_v3/official_experiments/multistartlp/official/set_01_pt_01/configs/genconfig_mslp.conf;genconfig_mslp;/dados/rmelo/PDPTW-SE/benchmark_multi_floor_v3/official_experiments/multistartlp/official/set_01_pt_01/logs/heur_mslp/gurobi/10R_10V_02F_03M/lr201_grb_genconfig_mslp_seed_58.log;random;10R_10V_02F_03M;1;4008;1;/dados/rmelo/PDPTW-SE/benchmark_multi_floor_v3/official_experiments/multistartlp/official/set_01_pt_01/../../../../instances/orig_ams_fg/10R_10V_02F_04M/t2/lr201/;60000;138;0;1892.81;21;11;H;50;95;0;100.0;30.0;true;0.95;100.0;1.0;1.0;1.0;1.0;60;M;55992;55992;false;52;0.73;75.02;1.0;26;10;1000000;-1;3600;26.92;0.34;0.8;mslp;heur;0.11;0.56;-1;3600;60000;I;10;1.0;0.3;lr201;0;/dados/rmelo/PDPTW-SE/benchmark_multi_floor_v3/official_experiments/multistartlp/official/set_01_pt_01/logs;0;0;0;6.68;100.0;1;58;/dados/rmelo/PDPTW-SE/benchmark_multi_floor_v3/official_experiments/multistartlp/official/set_01_pt_01/logs/heur_mslp/solutions/10R_10V_02F_03M/lr201_sol_genconfig_mslp_seed_58.txt;Gurobi;AUTOMATIC;17.86;_bash_3;_seed_58;15073.55;1;0.58;/dados/rmelo/PDPTW-SE/benchmark_multi_floor_v3/official_experiments/multistartlp/official/set_01_pt_01/logs/heur_mslp/timelines/10R_10V_02F_03M/lr201_timeline_genconfig_mslp_seed_58.txt;123.47;t2;0;1013.31;false
0.05;0.0;0.01;0.02;0.05;0.07;7;/dados/rmelo/PDPTW-SE/benchmark_multi_floor_v3/official_experiments/multistartlp/official/set_01_pt_01/logs/heur_mslp/outputs/csvresults_heur_mslp_bash_3.csv;0;4;1;22;1;0.0;0.5;true;12;2;lr201_t2_10R_10V_02F_04M;/dados/rmelo/PDPTW-SE/benchmark_multi_floor_v3/official_experiments/multistartlp/official/set_01_pt_01/configs/genconfig_mslp.conf;genconfig_mslp;/dados/rmelo/PDPTW-SE/benchmark_multi_floor_v3/official_experiments/multistartlp/official/set_01_pt_01/logs/heur_mslp/gurobi/10R_10V_02F_04M/lr201_grb_genconfig_mslp_seed_58.log;random;10R_10V_02F_04M;1;4008;1;/dados/rmelo/PDPTW-SE/benchmark_multi_floor_v3/official_experiments/multistartlp/official/set_01_pt_01/../../../../instances/orig_ams_fg/10R_10V_02F_04M/t2/lr201/;60000;138;0;1892.81;21;11;H;50;95;0;100.0;30.0;true;0.95;100.0;1.0;1.0;1.0;1.0;60;M;55992;55992;false;52;0.73;75.02;1.0;26;10;1000000;-1;3600;26.92;0.34;0.8;mslp;heur;0.11;0.56;-1;3600;60000;I;10;1.0;0.3;lr201;0;/dados/rmelo/PDPTW-SE/benchmark_multi_floor_v3/official_experiments/multistartlp/official/set_01_pt_01/logs;0;0;0;6.68;100.0;1;58;/dados/rmelo/PDPTW-SE/benchmark_multi_floor_v3/official_experiments/multistartlp/official/set_01_pt_01/logs/heur_mslp/solutions/10R_10V_02F_04M/lr201_sol_genconfig_mslp_seed_58.txt;Gurobi;AUTOMATIC;18.05;_bash_3;_seed_58;15074.25;1;0.63;/dados/rmelo/PDPTW-SE/benchmark_multi_floor_v3/official_experiments/multistartlp/official/set_01_pt_01/logs/heur_mslp/timelines/10R_10V_02F_04M/lr201_timeline_genconfig_mslp_seed_58.txt;127.92;t2;0;1013.31;false
0.05;0.0;0.02;0.02;0.0;0.0;10;/dados/rmelo/PDPTW-SE/benchmark_multi_floor_v3/official_experiments/multistartlp/official/set_01_pt_01/logs/heur_mslp/outputs/csvresults_heur_mslp_bash_3.csv;0;3;1;22;1;0.0;0.5;true;12;2;lr202_t2_10R_10V_02F_03M;/dados/rmelo/PDPTW-SE/benchmark_multi_floor_v3/official_experiments/multistartlp/official/set_01_pt_01/configs/genconfig_mslp.conf;genconfig_mslp;/dados/rmelo/PDPTW-SE/benchmark_multi_floor_v3/official_experiments/multistartlp/official/set_01_pt_01/logs/heur_mslp/gurobi/10R_10V_02F_03M/lr202_grb_genconfig_mslp_seed_58.log;random;10R_10V_02F_03M;1;0;1;/dados/rmelo/PDPTW-SE/benchmark_multi_floor_v3/official_experiments/multistartlp/official/set_01_pt_01/../../../../instances/orig_ams_fg/10R_10V_02F_04M/t2/lr202/;60000;32190;0;1850.24;21;11;H;50;95;0;100.0;30.0;true;0.95;100.0;1.0;1.0;1.0;1.0;60;M;60000;60000;false;46;0.59;70.57;0.89;23;10;1000000;-1;3600;31.23;0.46;0.78;mslp;heur;0.33;0.67;-1;3600;60000;I;10;0.67;0.2;lr202;0;/dados/rmelo/PDPTW-SE/benchmark_multi_floor_v3/official_experiments/multistartlp/official/set_01_pt_01/logs;0;0;0;0.0;100.0;1;58;/dados/rmelo/PDPTW-SE/benchmark_multi_floor_v3/official_experiments/multistartlp/official/set_01_pt_01/logs/heur_mslp/solutions/10R_10V_02F_03M/lr202_sol_genconfig_mslp_seed_58.txt;Gurobi;AUTOMATIC;17.77;_bash_3;_seed_58;18739.7;1;79.9;/dados/rmelo/PDPTW-SE/benchmark_multi_floor_v3/official_experiments/multistartlp/official/set_01_pt_01/logs/heur_mslp/timelines/10R_10V_02F_03M/lr202_timeline_genconfig_mslp_seed_58.txt;148.72;t2;0;912.64;false
0.05;0.0;0.02;0.02;0.0;0.0;10;/dados/rmelo/PDPTW-SE/benchmark_multi_floor_v3/official_experiments/multistartlp/official/set_01_pt_01/logs/heur_mslp/outputs/csvresults_heur_mslp_bash_3.csv;0;4;1;22;1;0.0;0.5;true;12;2;lr202_t2_10R_10V_02F_04M;/dados/rmelo/PDPTW-SE/benchmark_multi_floor_v3/official_experiments/multistartlp/official/set_01_pt_01/configs/genconfig_mslp.conf;genconfig_mslp;/dados/rmelo/PDPTW-SE/benchmark_multi_floor_v3/official_experiments/multistartlp/official/set_01_pt_01/logs/heur_mslp/gurobi/10R_10V_02F_04M/lr202_grb_genconfig_mslp_seed_58.log;random;10R_10V_02F_04M;1;0;1;/dados/rmelo/PDPTW-SE/benchmark_multi_floor_v3/official_experiments/multistartlp/official/set_01_pt_01/../../../../instances/orig_ams_fg/10R_10V_02F_04M/t2/lr202/;60000;32190;0;1849.64;21;11;H;50;95;0;100.0;30.0;true;0.95;100.0;1.0;1.0;1.0;1.0;60;M;60000;60000;false;46;0.58;70.39;0.89;23;10;1000000;-1;3600;32.39;0.46;0.78;mslp;heur;0.33;0.67;-1;3600;60000;I;10;0.5;0.2;lr202;0;/dados/rmelo/PDPTW-SE/benchmark_multi_floor_v3/official_experiments/multistartlp/official/set_01_pt_01/logs;0;0;0;0.0;100.0;1;58;/dados/rmelo/PDPTW-SE/benchmark_multi_floor_v3/official_experiments/multistartlp/official/set_01_pt_01/logs/heur_mslp/solutions/10R_10V_02F_04M/lr202_sol_genconfig_mslp_seed_58.txt;Gurobi;AUTOMATIC;17.72;_bash_3;_seed_58;19434.57;1;84.06;/dados/rmelo/PDPTW-SE/benchmark_multi_floor_v3/official_experiments/multistartlp/official/set_01_pt_01/logs/heur_mslp/timelines/10R_10V_02F_04M/lr202_timeline_genconfig_mslp_seed_58.txt;156.3;t2;0;910.41;false
0.05;0.0;0.02;0.02;0.0;0.03;11;/dados/rmelo/PDPTW-SE/benchmark_multi_floor_v3/official_experiments/multistartlp/official/set_01_pt_01/logs/heur_mslp/outputs/csvresults_heur_mslp_bash_3.csv;0;3;1;22;1;0.0;0.5;true;12;2;lr203_t2_10R_10V_02F_03M;/dados/rmelo/PDPTW-SE/benchmark_multi_floor_v3/official_experiments/multistartlp/official/set_01_pt_01/configs/genconfig_mslp.conf;genconfig_mslp;/dados/rmelo/PDPTW-SE/benchmark_multi_floor_v3/official_experiments/multistartlp/official/set_01_pt_01/logs/heur_mslp/gurobi/10R_10V_02F_03M/lr203_grb_genconfig_mslp_seed_58.log;random;10R_10V_02F_03M;1;0;1;/dados/rmelo/PDPTW-SE/benchmark_multi_floor_v3/official_experiments/multistartlp/official/set_01_pt_01/../../../../instances/orig_ams_fg/10R_10V_02F_04M/t2/lr203/;60000;51850;0;2040.51;21;11;H;50;95;0;100.0;30.0;true;0.95;100.0;1.0;1.0;1.0;1.0;60;M;59995;60000;false;58;0.64;80.72;0.97;29;10;1000000;-1;3600;17.77;0.43;0.91;mslp;heur;0.23;0.85;-1;3600;60000;I;10;0.67;0.2;lr203;0;/dados/rmelo/PDPTW-SE/benchmark_multi_floor_v3/official_experiments/multistartlp/official/set_01_pt_01/logs;0;0;0;0.0;99.99;1;58;/dados/rmelo/PDPTW-SE/benchmark_multi_floor_v3/official_experiments/multistartlp/official/set_01_pt_01/logs/heur_mslp/solutions/10R_10V_02F_03M/lr203_sol_genconfig_mslp_seed_58.txt;Gurobi;AUTOMATIC;17.86;_bash_3;_seed_58;10661.87;1;154.95;/dados/rmelo/PDPTW-SE/benchmark_multi_floor_v3/official_experiments/multistartlp/official/set_01_pt_01/logs/heur_mslp/timelines/10R_10V_02F_03M/lr203_timeline_genconfig_mslp_seed_58.txt;179.31;t2;0;866.44;false
0.05;0.0;0.02;0.02;0.0;0.0;10;/dados/rmelo/PDPTW-SE/benchmark_multi_floor_v3/official_experiments/multistartlp/official/set_01_pt_01/logs/heur_mslp/outputs/csvresults_heur_mslp_bash_3.csv;0;4;1;22;1;0.0;0.5;true;12;2;lr203_t2_10R_10V_02F_04M;/dados/rmelo/PDPTW-SE/benchmark_multi_floor_v3/official_experiments/multistartlp/official/set_01_pt_01/configs/genconfig_mslp.conf;genconfig_mslp;/dados/rmelo/PDPTW-SE/benchmark_multi_floor_v3/official_experiments/multistartlp/official/set_01_pt_01/logs/heur_mslp/gurobi/10R_10V_02F_04M/lr203_grb_genconfig_mslp_seed_58.log;random;10R_10V_02F_04M;1;0;1;/dados/rmelo/PDPTW-SE/benchmark_multi_floor_v3/official_experiments/multistartlp/official/set_01_pt_01/../../../../instances/orig_ams_fg/10R_10V_02F_04M/t2/lr203/;60000;8728;0;2040.51;21;11;H;50;95;0;100.0;30.0;true;0.95;100.0;1.0;1.0;1.0;1.0;60;M;59995;60000;false;58;0.63;80.72;0.96;29;10;1000000;-1;3600;17.83;0.43;0.86;mslp;heur;0.23;0.77;-1;3600;60000;I;10;0.75;0.2;lr203;0;/dados/rmelo/PDPTW-SE/benchmark_multi_floor_v3/official_experiments/multistartlp/official/set_01_pt_01/logs;0;0;0;0.0;99.99;1;58;/dados/rmelo/PDPTW-SE/benchmark_multi_floor_v3/official_experiments/multistartlp/official/set_01_pt_01/logs/heur_mslp/solutions/10R_10V_02F_04M/lr203_sol_genconfig_mslp_seed_58.txt;Gurobi;AUTOMATIC;18.08;_bash_3;_seed_58;10698.18;1;28.02;/dados/rmelo/PDPTW-SE/benchmark_multi_floor_v3/official_experiments/multistartlp/official/set_01_pt_01/logs/heur_mslp/timelines/10R_10V_02F_04M/lr203_timeline_genconfig_mslp_seed_58.txt;190.03;t2;0;861.84;false
0.05;0.01;0.02;0.03;0.0;0.0;12;/dados/rmelo/PDPTW-SE/benchmark_multi_floor_v3/official_experiments/multistartlp/official/set_01_pt_01/logs/heur_mslp/outputs/csvresults_heur_mslp_bash_3.csv;0;3;1;22;1;0.0;0.5;true;12;2;lr204_t2_10R_10V_02F_03M;/dados/rmelo/PDPTW-SE/benchmark_multi_floor_v3/official_experiments/multistartlp/official/set_01_pt_01/configs/genconfig_mslp.conf;genconfig_mslp;/dados/rmelo/PDPTW-SE/benchmark_multi_floor_v3/official_experiments/multistartlp/official/set_01_pt_01/logs/heur_mslp/gurobi/10R_10V_02F_03M/lr204_grb_genconfig_mslp_seed_58.log;random;10R_10V_02F_03M;1;0;1;/dados/rmelo/PDPTW-SE/benchmark_multi_floor_v3/official_experiments/multistartlp/official/set_01_pt_01/../../../../instances/orig_ams_fg/10R_10V_02F_04M/t2/lr204/;60000;7110;0;1023.2;21;11;H;50;95;0;100.0;30.0;true;0.95;100.0;1.0;1.0;1.0;1.0;60;M;54733;60000;false;38;0.57;88.5;0.89;19;10;1000000;-1;3600;9.1;0.37;0.7;mslp;heur;0.17;0.5;-1;3600;60000;I;10;0.33;0.2;lr204;0;/dados/rmelo/PDPTW-SE/benchmark_multi_floor_v3/official_experiments/multistartlp/official/set_01_pt_01/logs;0;0;0;0.0;91.22;1;58;/dados/rmelo/PDPTW-SE/benchmark_multi_floor_v3/official_experiments/multistartlp/official/set_01_pt_01/logs/heur_mslp/solutions/10R_10V_02F_03M/lr204_sol_genconfig_mslp_seed_58.txt;Gurobi;AUTOMATIC;18.08;_bash_3;_seed_58;5459.25;1;19.56;/dados/rmelo/PDPTW-SE/benchmark_multi_floor_v3/official_experiments/multistartlp/official/set_01_pt_01/logs/heur_mslp/timelines/10R_10V_02F_03M/lr204_timeline_genconfig_mslp_seed_58.txt;164.96;t2;0;746.0;false
0.05;0.0;0.01;0.01;0.0;0.0;9;/dados/rmelo/PDPTW-SE/benchmark_multi_floor_v3/official_experiments/multistartlp/official/set_01_pt_01/logs/heur_mslp/outputs/csvresults_heur_mslp_bash_3.csv;0;4;1;22;1;0.0;0.5;true;12;2;lr204_t2_10R_10V_02F_04M;/dados/rmelo/PDPTW-SE/benchmark_multi_floor_v3/official_experiments/multistartlp/official/set_01_pt_01/configs/genconfig_mslp.conf;genconfig_mslp;/dados/rmelo/PDPTW-SE/benchmark_multi_floor_v3/official_experiments/multistartlp/official/set_01_pt_01/logs/heur_mslp/gurobi/10R_10V_02F_04M/lr204_grb_genconfig_mslp_seed_58.log;random;10R_10V_02F_04M;1;0;1;/dados/rmelo/PDPTW-SE/benchmark_multi_floor_v3/official_experiments/multistartlp/official/set_01_pt_01/../../../../instances/orig_ams_fg/10R_10V_02F_04M/t2/lr204/;60000;7110;0;1022.8;21;11;H;50;95;0;100.0;30.0;true;0.95;100.0;1.0;1.0;1.0;1.0;60;M;55137;60000;false;38;0.57;85.78;0.89;19;10;1000000;-1;3600;9.35;0.37;0.7;mslp;heur;0.17;0.5;-1;3600;60000;I;10;0.5;0.2;lr204;0;/dados/rmelo/PDPTW-SE/benchmark_multi_floor_v3/official_experiments/multistartlp/official/set_01_pt_01/logs;0;0;0;0.0;91.9;1;58;/dados/rmelo/PDPTW-SE/benchmark_multi_floor_v3/official_experiments/multistartlp/official/set_01_pt_01/logs/heur_mslp/solutions/10R_10V_02F_04M/lr204_sol_genconfig_mslp_seed_58.txt;Gurobi;AUTOMATIC;17.9;_bash_3;_seed_58;5612.96;1;20.53;/dados/rmelo/PDPTW-SE/benchmark_multi_floor_v3/official_experiments/multistartlp/official/set_01_pt_01/logs/heur_mslp/timelines/10R_10V_02F_04M/lr204_timeline_genconfig_mslp_seed_58.txt;172.2;t2;0;743.89;false
0.05;0.0;0.02;0.02;0.0;0.03;9;/dados/rmelo/PDPTW-SE/benchmark_multi_floor_v3/official_experiments/multistartlp/official/set_01_pt_01/logs/heur_mslp/outputs/csvresults_heur_mslp_bash_3.csv;0;3;1;22;1;0.0;0.5;true;12;2;lr205_t2_10R_10V_02F_03M;/dados/rmelo/PDPTW-SE/benchmark_multi_floor_v3/official_experiments/multistartlp/official/set_01_pt_01/configs/genconfig_mslp.conf;genconfig_mslp;/dados/rmelo/PDPTW-SE/benchmark_multi_floor_v3/official_experiments/multistartlp/official/set_01_pt_01/logs/heur_mslp/gurobi/10R_10V_02F_03M/lr205_grb_genconfig_mslp_seed_58.log;random;10R_10V_02F_03M;1;0;1;/dados/rmelo/PDPTW-SE/benchmark_multi_floor_v3/official_experiments/multistartlp/official/set_01_pt_01/../../../../instances/orig_ams_fg/10R_10V_02F_04M/t2/lr205/;60000;57807;0;1478.02;21;11;H;50;95;0;100.0;30.0;true;0.95;100.0;1.0;1.0;1.0;1.0;60;M;60000;60000;false;52;0.66;76.61;0.88;26;10;1000000;-1;3600;26.25;0.44;0.75;mslp;heur;0.22;0.62;-1;3600;60000;I;10;0.67;0.2;lr205;0;/dados/rmelo/PDPTW-SE/benchmark_multi_floor_v3/official_experiments/multistartlp/official/set_01_pt_01/logs;0;0;0;0.0;100.0;1;58;/dados/rmelo/PDPTW-SE/benchmark_multi_floor_v3/official_experiments/multistartlp/official/set_01_pt_01/logs/heur_mslp/solutions/10R_10V_02F_03M/lr205_sol_genconfig_mslp_seed_58.txt;Gurobi;AUTOMATIC;17.89;_bash_3;_seed_58;15749.79;1;153.64;/dados/rmelo/PDPTW-SE/benchmark_multi_floor_v3/official_experiments/multistartlp/official/set_01_pt_01/logs/heur_mslp/timelines/10R_10V_02F_03M/lr205_timeline_genconfig_mslp_seed_58.txt;159.47;t2;0;877.35;false
0.05;0.0;0.02;0.02;0.0;0.03;9;/dados/rmelo/PDPTW-SE/benchmark_multi_floor_v3/official_experiments/multistartlp/official/set_01_pt_01/logs/heur_mslp/outputs/csvresults_heur_mslp_bash_3.csv;0;4;1;22;1;0.0;0.5;true;12;2;lr205_t2_10R_10V_02F_04M;/dados/rmelo/PDPTW-SE/benchmark_multi_floor_v3/official_experiments/multistartlp/official/set_01_pt_01/configs/genconfig_mslp.conf;genconfig_mslp;/dados/rmelo/PDPTW-SE/benchmark_multi_floor_v3/official_experiments/multistartlp/official/set_01_pt_01/logs/heur_mslp/gurobi/10R_10V_02F_04M/lr205_grb_genconfig_mslp_seed_58.log;random;10R_10V_02F_04M;1;0;1;/dados/rmelo/PDPTW-SE/benchmark_multi_floor_v3/official_experiments/multistartlp/official/set_01_pt_01/../../../../instances/orig_ams_fg/10R_10V_02F_04M/t2/lr205/;60000;57807;0;1472.97;21;11;H;50;95;0;100.0;30.0;true;0.95;100.0;1.0;1.0;1.0;1.0;60;M;60000;60000;false;52;0.66;76.61;0.88;26;10;1000000;-1;3600;26.26;0.43;0.75;mslp;heur;0.21;0.62;-1;3600;60000;I;10;0.5;0.2;lr205;0;/dados/rmelo/PDPTW-SE/benchmark_multi_floor_v3/official_experiments/multistartlp/official/set_01_pt_01/logs;0;0;0;0.0;100.0;1;58;/dados/rmelo/PDPTW-SE/benchmark_multi_floor_v3/official_experiments/multistartlp/official/set_01_pt_01/logs/heur_mslp/solutions/10R_10V_02F_04M/lr205_sol_genconfig_mslp_seed_58.txt;Gurobi;AUTOMATIC;17.9;_bash_3;_seed_58;15758.38;1;160.97;/dados/rmelo/PDPTW-SE/benchmark_multi_floor_v3/official_experiments/multistartlp/official/set_01_pt_01/logs/heur_mslp/timelines/10R_10V_02F_04M/lr205_timeline_genconfig_mslp_seed_58.txt;167.18;t2;0;869.89;false
0.05;0.14;0.23;0.38;0.03;0.11;5;/dados/rmelo/PDPTW-SE/benchmark_multi_floor_v3/official_experiments/multistartlp/official/set_01_pt_01/logs/heur_mslp/outputs/csvresults_heur_mslp_bash_3.csv;0;3;1;22;1;0.0;0.5;true;12;2;lr101_t1_10R_10V_04F_03M;/dados/rmelo/PDPTW-SE/benchmark_multi_floor_v3/official_experiments/multistartlp/official/set_01_pt_01/configs/genconfig_mslp.conf;genconfig_mslp;/dados/rmelo/PDPTW-SE/benchmark_multi_floor_v3/official_experiments/multistartlp/official/set_01_pt_01/logs/heur_mslp/gurobi/10R_10V_04F_03M/lr101_grb_genconfig_mslp_seed_58.log;random;10R_10V_04F_03M;1;25678;1;/dados/rmelo/PDPTW-SE/benchmark_multi_floor_v3/official_experiments/multistartlp/official/set_01_pt_01/../../../../instances/orig_ams_fg/10R_10V_04F_04M/t1/lr101/;60000;713;0;1813.07;21;11;H;50;95;0;100.0;30.0;true;0.95;100.0;1.0;1.0;1.0;1.0;60;M;34322;34322;false;52;0.75;85.45;0.76;26;10;1000000;-1;3600;18.91;0.58;0.34;mslp;heur;0.43;0.06;-1;3600;60000;I;10;1.0;1.0;lr101;0;/dados/rmelo/PDPTW-SE/benchmark_multi_floor_v3/official_experiments/multistartlp/official/set_01_pt_01/logs;0;0;0;42.8;100.0;1;58;/dados/rmelo/PDPTW-SE/benchmark_multi_floor_v3/official_experiments/multistartlp/official/set_01_pt_01/logs/heur_mslp/solutions/10R_10V_04F_03M/lr101_sol_genconfig_mslp_seed_58.txt;Gurobi;AUTOMATIC;18.08;_bash_3;_seed_58;6491.33;1;1.25;/dados/rmelo/PDPTW-SE/benchmark_multi_floor_v3/official_experiments/multistartlp/official/set_01_pt_01/logs/heur_mslp/timelines/10R_10V_04F_03M/lr101_timeline_genconfig_mslp_seed_58.txt;87.8;t1;0;1343.37;false
0.05;0.09;0.17;0.26;0.0;0.12;3;/dados/rmelo/PDPTW-SE/benchmark_multi_floor_v3/official_experiments/multistartlp/official/set_01_pt_01/logs/heur_mslp/outputs/csvresults_heur_mslp_bash_3.csv;0;4;1;22;1;0.0;0.5;true;12;2;lr101_t1_10R_10V_04F_04M;/dados/rmelo/PDPTW-SE/benchmark_multi_floor_v3/official_experiments/multistartlp/official/set_01_pt_01/configs/genconfig_mslp.conf;genconfig_mslp;/dados/rmelo/PDPTW-SE/benchmark_multi_floor_v3/official_experiments/multistartlp/official/set_01_pt_01/logs/heur_mslp/gurobi/10R_10V_04F_04M/lr101_grb_genconfig_mslp_seed_58.log;random;10R_10V_04F_04M;1;0;1;/dados/rmelo/PDPTW-SE/benchmark_multi_floor_v3/official_experiments/multistartlp/official/set_01_pt_01/../../../../instances/orig_ams_fg/10R_10V_04F_04M/t1/lr101/;60000;211;0;1790.06;21;11;H;50;95;0;100.0;30.0;true;0.95;100.0;1.0;1.0;1.0;1.0;60;M;60000;60000;false;52;0.75;84.78;0.6;26;10;1000000;-1;3600;20.5;0.58;0.33;mslp;heur;0.43;0.06;-1;3600;60000;I;10;1.0;1.0;lr101;0;/dados/rmelo/PDPTW-SE/benchmark_multi_floor_v3/official_experiments/multistartlp/official/set_01_pt_01/logs;0;0;0;0.0;100.0;1;58;/dados/rmelo/PDPTW-SE/benchmark_multi_floor_v3/official_experiments/multistartlp/official/set_01_pt_01/logs/heur_mslp/solutions/10R_10V_04F_04M/lr101_sol_genconfig_mslp_seed_58.txt;Gurobi;AUTOMATIC;17.83;_bash_3;_seed_58;12300.26;1;0.83;/dados/rmelo/PDPTW-SE/benchmark_multi_floor_v3/official_experiments/multistartlp/official/set_01_pt_01/logs/heur_mslp/timelines/10R_10V_04F_04M/lr101_timeline_genconfig_mslp_seed_58.txt;147.2;t1;0;1334.41;false
0.05;0.08;0.18;0.27;0.0;0.0;8;/dados/rmelo/PDPTW-SE/benchmark_multi_floor_v3/official_experiments/multistartlp/official/set_01_pt_01/logs/heur_mslp/outputs/csvresults_heur_mslp_bash_3.csv;0;3;1;22;1;0.0;0.5;true;12;2;lr102_t1_10R_10V_04F_03M;/dados/rmelo/PDPTW-SE/benchmark_multi_floor_v3/official_experiments/multistartlp/official/set_01_pt_01/configs/genconfig_mslp.conf;genconfig_mslp;/dados/rmelo/PDPTW-SE/benchmark_multi_floor_v3/official_experiments/multistartlp/official/set_01_pt_01/logs/heur_mslp/gurobi/10R_10V_04F_03M/lr102_grb_genconfig_mslp_seed_58.log;random;10R_10V_04F_03M;1;52831;1;/dados/rmelo/PDPTW-SE/benchmark_multi_floor_v3/official_experiments/multistartlp/official/set_01_pt_01/../../../../instances/orig_ams_fg/10R_10V_04F_04M/t1/lr102/;60000;503;0;1303.97;21;11;H;50;95;0;100.0;30.0;true;0.95;100.0;1.0;1.0;1.0;1.0;60;M;7169;7169;false;58;0.88;86.28;0.61;29;10;1000000;-1;3600;7.53;0.7;0.41;mslp;heur;0.34;0.13;-1;3600;60000;I;10;1.0;0.6;lr102;0;/dados/rmelo/PDPTW-SE/benchmark_multi_floor_v3/official_experiments/multistartlp/official/set_01_pt_01/logs;0;0;0;88.05;100.0;1;58;/dados/rmelo/PDPTW-SE/benchmark_multi_floor_v3/official_experiments/multistartlp/official/set_01_pt_01/logs/heur_mslp/solutions/10R_10V_04F_03M/lr102_sol_genconfig_mslp_seed_58.txt;Gurobi;AUTOMATIC;17.74;_bash_3;_seed_58;539.72;1;0.56;/dados/rmelo/PDPTW-SE/benchmark_multi_floor_v3/official_experiments/multistartlp/official/set_01_pt_01/logs/heur_mslp/timelines/10R_10V_04F_03M/lr102_timeline_genconfig_mslp_seed_58.txt;29.39;t1;0;1155.25;false
0.05;0.06;0.14;0.19;0.0;0.01;6;/dados/rmelo/PDPTW-SE/benchmark_multi_floor_v3/official_experiments/multistartlp/official/set_01_pt_01/logs/heur_mslp/outputs/csvresults_heur_mslp_bash_3.csv;0;4;1;22;1;0.0;0.5;true;12;2;lr102_t1_10R_10V_04F_04M;/dados/rmelo/PDPTW-SE/benchmark_multi_floor_v3/official_experiments/multistartlp/official/set_01_pt_01/configs/genconfig_mslp.conf;genconfig_mslp;/dados/rmelo/PDPTW-SE/benchmark_multi_floor_v3/official_experiments/multistartlp/official/set_01_pt_01/logs/heur_mslp/gurobi/10R_10V_04F_04M/lr102_grb_genconfig_mslp_seed_58.log;random;10R_10V_04F_04M;1;23829;1;/dados/rmelo/PDPTW-SE/benchmark_multi_floor_v3/official_experiments/multistartlp/official/set_01_pt_01/../../../../instances/orig_ams_fg/10R_10V_04F_04M/t1/lr102/;60000;1792;0;1298.0;21;11;H;50;95;0;100.0;30.0;true;0.95;100.0;1.0;1.0;1.0;1.0;60;M;36171;36171;false;58;0.86;86.28;0.61;29;10;1000000;-1;3600;9.12;0.69;0.44;mslp;heur;0.34;0.13;-1;3600;60000;I;10;1.0;0.6;lr102;0;/dados/rmelo/PDPTW-SE/benchmark_multi_floor_v3/official_experiments/multistartlp/official/set_01_pt_01/logs;0;0;0;39.72;100.0;1;58;/dados/rmelo/PDPTW-SE/benchmark_multi_floor_v3/official_experiments/multistartlp/official/set_01_pt_01/logs/heur_mslp/solutions/10R_10V_04F_04M/lr102_sol_genconfig_mslp_seed_58.txt;Gurobi;AUTOMATIC;17.94;_bash_3;_seed_58;3299.51;1;3.28;/dados/rmelo/PDPTW-SE/benchmark_multi_floor_v3/official_experiments/multistartlp/official/set_01_pt_01/logs/heur_mslp/timelines/10R_10V_04F_04M/lr102_timeline_genconfig_mslp_seed_58.txt;95.56;t1;0;1145.23;false
0.05;0.17;0.26;0.44;0.0;0.01;8;/dados/rmelo/PDPTW-SE/benchmark_multi_floor_v3/official_experiments/multistartlp/official/set_01_pt_01/logs/heur_mslp/outputs/csvresults_heur_mslp_bash_3.csv;0;3;1;22;1;0.0;0.5;true;12;2;lr103_t1_10R_10V_04F_03M;/dados/rmelo/PDPTW-SE/benchmark_multi_floor_v3/official_experiments/multistartlp/official/set_01_pt_01/configs/genconfig_mslp.conf;genconfig_mslp;/dados/rmelo/PDPTW-SE/benchmark_multi_floor_v3/official_experiments/multistartlp/official/set_01_pt_01/logs/heur_mslp/gurobi/10R_10V_04F_03M/lr103_grb_genconfig_mslp_seed_58.log;random;10R_10V_04F_03M;1;58352;1;/dados/rmelo/PDPTW-SE/benchmark_multi_floor_v3/official_experiments/multistartlp/official/set_01_pt_01/../../../../instances/orig_ams_fg/10R_10V_04F_04M/t1/lr103/;60000;46982;0;1830.82;21;11;H;50;95;0;100.0;30.0;true;0.95;100.0;1.0;1.0;1.0;1.0;60;M;1648;1648;false;38;0.98;83.41;0.75;19;10;1000000;-1;3600;12.39;0.74;0.51;mslp;heur;0.6;0.18;-1;3600;60000;I;10;1.0;0.8;lr103;0;/dados/rmelo/PDPTW-SE/benchmark_multi_floor_v3/official_experiments/multistartlp/official/set_01_pt_01/logs;0;0;0;97.25;100.0;1;58;/dados/rmelo/PDPTW-SE/benchmark_multi_floor_v3/official_experiments/multistartlp/official/set_01_pt_01/logs/heur_mslp/solutions/10R_10V_04F_03M/lr103_sol_genconfig_mslp_seed_58.txt;Gurobi;AUTOMATIC;17.88;_bash_3;_seed_58;204.19;1;17.33;/dados/rmelo/PDPTW-SE/benchmark_multi_floor_v3/official_experiments/multistartlp/official/set_01_pt_01/logs/heur_mslp/timelines/10R_10V_04F_03M/lr103_timeline_genconfig_mslp_seed_58.txt;22.06;t1;0;1482.45;false
0.05;0.12;0.19;0.31;0.0;0.0;4;/dados/rmelo/PDPTW-SE/benchmark_multi_floor_v3/official_experiments/multistartlp/official/set_01_pt_01/logs/heur_mslp/outputs/csvresults_heur_mslp_bash_3.csv;0;4;1;22;1;0.0;0.5;true;12;2;lr103_t1_10R_10V_04F_04M;/dados/rmelo/PDPTW-SE/benchmark_multi_floor_v3/official_experiments/multistartlp/official/set_01_pt_01/configs/genconfig_mslp.conf;genconfig_mslp;/dados/rmelo/PDPTW-SE/benchmark_multi_floor_v3/official_experiments/multistartlp/official/set_01_pt_01/logs/heur_mslp/gurobi/10R_10V_04F_04M/lr103_grb_genconfig_mslp_seed_58.log;random;10R_10V_04F_04M;1;40164;1;/dados/rmelo/PDPTW-SE/benchmark_multi_floor_v3/official_experiments/multistartlp/official/set_01_pt_01/../../../../instances/orig_ams_fg/10R_10V_04F_04M/t1/lr103/;60000;566;0;1852.97;21;11;H;50;95;0;100.0;30.0;true;0.95;100.0;1.0;1.0;1.0;1.0;60;M;19836;19836;false;38;0.98;81.0;0.73;19;10;1000000;-1;3600;12.18;0.72;0.56;mslp;heur;0.56;0.24;-1;3600;60000;I;10;1.0;0.8;lr103;0;/dados/rmelo/PDPTW-SE/benchmark_multi_floor_v3/official_experiments/multistartlp/official/set_01_pt_01/logs;0;0;0;66.94;100.0;1;58;/dados/rmelo/PDPTW-SE/benchmark_multi_floor_v3/official_experiments/multistartlp/official/set_01_pt_01/logs/heur_mslp/solutions/10R_10V_04F_04M/lr103_sol_genconfig_mslp_seed_58.txt;Gurobi;AUTOMATIC;17.83;_bash_3;_seed_58;2416.96;1;1.07;/dados/rmelo/PDPTW-SE/benchmark_multi_floor_v3/official_experiments/multistartlp/official/set_01_pt_01/logs/heur_mslp/timelines/10R_10V_04F_04M/lr103_timeline_genconfig_mslp_seed_58.txt;79.24;t1;0;1444.21;false
0.05;0.13;0.23;0.36;0.0;0.0;11;/dados/rmelo/PDPTW-SE/benchmark_multi_floor_v3/official_experiments/multistartlp/official/set_01_pt_01/logs/heur_mslp/outputs/csvresults_heur_mslp_bash_3.csv;0;3;1;22;1;0.0;0.5;true;12;2;lr104_t1_10R_10V_04F_03M;/dados/rmelo/PDPTW-SE/benchmark_multi_floor_v3/official_experiments/multistartlp/official/set_01_pt_01/configs/genconfig_mslp.conf;genconfig_mslp;/dados/rmelo/PDPTW-SE/benchmark_multi_floor_v3/official_experiments/multistartlp/official/set_01_pt_01/logs/heur_mslp/gurobi/10R_10V_04F_03M/lr104_grb_genconfig_mslp_seed_58.log;random;10R_10V_04F_03M;1;39437;1;/dados/rmelo/PDPTW-SE/benchmark_multi_floor_v3/official_experiments/multistartlp/official/set_01_pt_01/../../../../instances/orig_ams_fg/10R_10V_04F_04M/t1/lr104/;60000;10504;0;1521.28;21;11;H;50;95;0;100.0;30.0;true;0.95;100.0;1.0;1.0;1.0;1.0;60;M;20563;20563;false;40;0.98;78.09;0.58;20;10;1000000;-1;3600;7.52;0.77;0.43;mslp;heur;0.51;0.35;-1;3600;60000;I;10;1.0;0.7;lr104;0;/dados/rmelo/PDPTW-SE/benchmark_multi_floor_v3/official_experiments/multistartlp/official/set_01_pt_01/logs;0;0;0;65.73;100.0;1;58;/dados/rmelo/PDPTW-SE/benchmark_multi_floor_v3/official_experiments/multistartlp/official/set_01_pt_01/logs/heur_mslp/solutions/10R_10V_04F_03M/lr104_sol_genconfig_mslp_seed_58.txt;Gurobi;AUTOMATIC;17.84;_bash_3;_seed_58;1546.21;1;12.58;/dados/rmelo/PDPTW-SE/benchmark_multi_floor_v3/official_experiments/multistartlp/official/set_01_pt_01/logs/heur_mslp/timelines/10R_10V_04F_03M/lr104_timeline_genconfig_mslp_seed_58.txt;70.32;t1;0;1232.39;false
0.05;0.07;0.17;0.24;0.0;0.0;5;/dados/rmelo/PDPTW-SE/benchmark_multi_floor_v3/official_experiments/multistartlp/official/set_01_pt_01/logs/heur_mslp/outputs/csvresults_heur_mslp_bash_3.csv;0;4;1;22;1;0.0;0.5;true;12;2;lr104_t1_10R_10V_04F_04M;/dados/rmelo/PDPTW-SE/benchmark_multi_floor_v3/official_experiments/multistartlp/official/set_01_pt_01/configs/genconfig_mslp.conf;genconfig_mslp;/dados/rmelo/PDPTW-SE/benchmark_multi_floor_v3/official_experiments/multistartlp/official/set_01_pt_01/logs/heur_mslp/gurobi/10R_10V_04F_04M/lr104_grb_genconfig_mslp_seed_58.log;random;10R_10V_04F_04M;1;35485;1;/dados/rmelo/PDPTW-SE/benchmark_multi_floor_v3/official_experiments/multistartlp/official/set_01_pt_01/../../../../instances/orig_ams_fg/10R_10V_04F_04M/t1/lr104/;60000;8491;0;1568.85;21;11;H;50;95;0;100.0;30.0;true;0.95;100.0;1.0;1.0;1.0;1.0;60;M;24515;24515;false;40;0.98;78.0;0.77;20;10;1000000;-1;3600;8.72;0.76;0.47;mslp;heur;0.5;0.3;-1;3600;60000;I;10;1.0;0.7;lr104;0;/dados/rmelo/PDPTW-SE/benchmark_multi_floor_v3/official_experiments/multistartlp/official/set_01_pt_01/logs;0;0;0;59.14;100.0;1;58;/dados/rmelo/PDPTW-SE/benchmark_multi_floor_v3/official_experiments/multistartlp/official/set_01_pt_01/logs/heur_mslp/solutions/10R_10V_04F_04M/lr104_sol_genconfig_mslp_seed_58.txt;Gurobi;AUTOMATIC;17.8;_bash_3;_seed_58;2138.75;1;12.18;/dados/rmelo/PDPTW-SE/benchmark_multi_floor_v3/official_experiments/multistartlp/official/set_01_pt_01/logs/heur_mslp/timelines/10R_10V_04F_04M/lr104_timeline_genconfig_mslp_seed_58.txt;83.13;t1;0;1218.3;false
0.05;0.2;0.31;0.51;0.0;0.04;6;/dados/rmelo/PDPTW-SE/benchmark_multi_floor_v3/official_experiments/multistartlp/official/set_01_pt_01/logs/heur_mslp/outputs/csvresults_heur_mslp_bash_3.csv;0;3;1;22;1;0.0;0.5;true;12;2;lr105_t1_10R_10V_04F_03M;/dados/rmelo/PDPTW-SE/benchmark_multi_floor_v3/official_experiments/multistartlp/official/set_01_pt_01/configs/genconfig_mslp.conf;genconfig_mslp;/dados/rmelo/PDPTW-SE/benchmark_multi_floor_v3/official_experiments/multistartlp/official/set_01_pt_01/logs/heur_mslp/gurobi/10R_10V_04F_03M/lr105_grb_genconfig_mslp_seed_58.log;random;10R_10V_04F_03M;1;58463;1;/dados/rmelo/PDPTW-SE/benchmark_multi_floor_v3/official_experiments/multistartlp/official/set_01_pt_01/../../../../instances/orig_ams_fg/10R_10V_04F_04M/t1/lr105/;60000;2116;0;1962.85;21;11;H;50;95;0;100.0;30.0;true;0.95;100.0;1.0;1.0;1.0;1.0;60;M;1537;1537;false;52;0.72;82.08;0.76;26;10;1000000;-1;3600;16.52;0.6;0.34;mslp;heur;0.45;0.06;-1;3600;60000;I;10;1.0;1.0;lr105;0;/dados/rmelo/PDPTW-SE/benchmark_multi_floor_v3/official_experiments/multistartlp/official/set_01_pt_01/logs;0;0;0;97.44;100.0;1;58;/dados/rmelo/PDPTW-SE/benchmark_multi_floor_v3/official_experiments/multistartlp/official/set_01_pt_01/logs/heur_mslp/solutions/10R_10V_04F_03M/lr105_sol_genconfig_mslp_seed_58.txt;Gurobi;AUTOMATIC;17.99;_bash_3;_seed_58;253.87;1;0.87;/dados/rmelo/PDPTW-SE/benchmark_multi_floor_v3/official_experiments/multistartlp/official/set_01_pt_01/logs/heur_mslp/timelines/10R_10V_04F_03M/lr105_timeline_genconfig_mslp_seed_58.txt;15.6;t1;0;1592.96;false
0.05;0.14;0.23;0.38;0.01;0.02;4;/dados/rmelo/PDPTW-SE/benchmark_multi_floor_v3/official_experiments/multistartlp/official/set_01_pt_01/logs/heur_mslp/outputs/csvresults_heur_mslp_bash_3.csv;0;4;1;22;1;0.0;0.5;true;12;2;lr105_t1_10R_10V_04F_04M;/dados/rmelo/PDPTW-SE/benchmark_multi_floor_v3/official_experiments/multistartlp/official/set_01_pt_01/configs/genconfig_mslp.conf;genconfig_mslp;/dados/rmelo/PDPTW-SE/benchmark_multi_floor_v3/official_experiments/multistartlp/official/set_01_pt_01/logs/heur_mslp/gurobi/10R_10V_04F_04M/lr105_grb_genconfig_mslp_seed_58.log;random;10R_10V_04F_04M;1;45979;1;/dados/rmelo/PDPTW-SE/benchmark_multi_floor_v3/official_experiments/multistartlp/official/set_01_pt_01/../../../../instances/orig_ams_fg/10R_10V_04F_04M/t1/lr105/;60000;1179;0;1955.18;21;11;H;50;95;0;100.0;30.0;true;0.95;100.0;1.0;1.0;1.0;1.0;60;M;14021;14021;false;52;0.71;82.08;0.76;26;10;1000000;-1;3600;17.69;0.57;0.35;mslp;heur;0.43;0.04;-1;3600;60000;I;10;1.0;1.0;lr105;0;/dados/rmelo/PDPTW-SE/benchmark_multi_floor_v3/official_experiments/multistartlp/official/set_01_pt_01/logs;0;0;0;76.63;100.0;1;58;/dados/rmelo/PDPTW-SE/benchmark_multi_floor_v3/official_experiments/multistartlp/official/set_01_pt_01/logs/heur_mslp/solutions/10R_10V_04F_04M/lr105_sol_genconfig_mslp_seed_58.txt;Gurobi;AUTOMATIC;17.88;_bash_3;_seed_58;2480.53;1;1.34;/dados/rmelo/PDPTW-SE/benchmark_multi_floor_v3/official_experiments/multistartlp/official/set_01_pt_01/logs/heur_mslp/timelines/10R_10V_04F_04M/lr105_timeline_genconfig_mslp_seed_58.txt;49.36;t1;0;1517.24;false
0.05;0.02;0.05;0.06;0.09;0.15;10;/dados/rmelo/PDPTW-SE/benchmark_multi_floor_v3/official_experiments/multistartlp/official/set_01_pt_01/logs/heur_mslp/outputs/csvresults_heur_mslp_bash_3.csv;0;3;1;22;1;0.0;0.5;true;12;2;lr201_t2_10R_10V_04F_03M;/dados/rmelo/PDPTW-SE/benchmark_multi_floor_v3/official_experiments/multistartlp/official/set_01_pt_01/configs/genconfig_mslp.conf;genconfig_mslp;/dados/rmelo/PDPTW-SE/benchmark_multi_floor_v3/official_experiments/multistartlp/official/set_01_pt_01/logs/heur_mslp/gurobi/10R_10V_04F_03M/lr201_grb_genconfig_mslp_seed_58.log;random;10R_10V_04F_03M;1;7644;1;/dados/rmelo/PDPTW-SE/benchmark_multi_floor_v3/official_experiments/multistartlp/official/set_01_pt_01/../../../../instances/orig_ams_fg/10R_10V_04F_04M/t2/lr201/;60000;55676;0;1923.69;21;11;H;50;95;0;100.0;30.0;true;0.95;100.0;1.0;1.0;1.0;1.0;60;M;52356;52356;false;52;0.54;75.02;1.0;26;10;1000000;-1;3600;22.35;0.46;0.92;mslp;heur;0.32;0.85;-1;3600;60000;I;10;1.0;0.3;lr201;0;/dados/rmelo/PDPTW-SE/benchmark_multi_floor_v3/official_experiments/multistartlp/official/set_01_pt_01/logs;0;0;0;12.74;100.0;1;58;/dados/rmelo/PDPTW-SE/benchmark_multi_floor_v3/official_experiments/multistartlp/official/set_01_pt_01/logs/heur_mslp/solutions/10R_10V_04F_03M/lr201_sol_genconfig_mslp_seed_58.txt;Gurobi;AUTOMATIC;17.8;_bash_3;_seed_58;11701.55;1;131.82;/dados/rmelo/PDPTW-SE/benchmark_multi_floor_v3/official_experiments/multistartlp/official/set_01_pt_01/logs/heur_mslp/timelines/10R_10V_04F_03M/lr201_timeline_genconfig_mslp_seed_58.txt;141.9;t2;0;1379.85;false
0.05;0.02;0.04;0.05;0.11;0.15;11;/dados/rmelo/PDPTW-SE/benchmark_multi_floor_v3/official_experiments/multistartlp/official/set_01_pt_01/logs/heur_mslp/outputs/csvresults_heur_mslp_bash_3.csv;0;4;1;22;1;0.0;0.5;true;12;2;lr201_t2_10R_10V_04F_04M;/dados/rmelo/PDPTW-SE/benchmark_multi_floor_v3/official_experiments/multistartlp/official/set_01_pt_01/configs/genconfig_mslp.conf;genconfig_mslp;/dados/rmelo/PDPTW-SE/benchmark_multi_floor_v3/official_experiments/multistartlp/official/set_01_pt_01/logs/heur_mslp/gurobi/10R_10V_04F_04M/lr201_grb_genconfig_mslp_seed_58.log;random;10R_10V_04F_04M;1;7644;1;/dados/rmelo/PDPTW-SE/benchmark_multi_floor_v3/official_experiments/multistartlp/official/set_01_pt_01/../../../../instances/orig_ams_fg/10R_10V_04F_04M/t2/lr201/;60000;55676;0;1923.69;21;11;H;50;95;0;100.0;30.0;true;0.95;100.0;1.0;1.0;1.0;1.0;60;M;52356;52356;false;52;0.54;75.02;1.0;26;10;1000000;-1;3600;22.79;0.46;0.92;mslp;heur;0.32;0.85;-1;3600;60000;I;10;1.0;0.3;lr201;0;/dados/rmelo/PDPTW-SE/benchmark_multi_floor_v3/official_experiments/multistartlp/official/set_01_pt_01/logs;0;0;0;12.74;100.0;1;58;/dados/rmelo/PDPTW-SE/benchmark_multi_floor_v3/official_experiments/multistartlp/official/set_01_pt_01/logs/heur_mslp/solutions/10R_10V_04F_04M/lr201_sol_genconfig_mslp_seed_58.txt;Gurobi;AUTOMATIC;17.98;_bash_3;_seed_58;11932.08;1;140.07;/dados/rmelo/PDPTW-SE/benchmark_multi_floor_v3/official_experiments/multistartlp/official/set_01_pt_01/logs/heur_mslp/timelines/10R_10V_04F_04M/lr201_timeline_genconfig_mslp_seed_58.txt;150.99;t2;0;1379.85;false
0.05;0.02;0.05;0.06;0.0;0.0;13;/dados/rmelo/PDPTW-SE/benchmark_multi_floor_v3/official_experiments/multistartlp/official/set_01_pt_01/logs/heur_mslp/outputs/csvresults_heur_mslp_bash_3.csv;0;3;1;22;1;0.0;0.5;true;12;2;lr202_t2_10R_10V_04F_03M;/dados/rmelo/PDPTW-SE/benchmark_multi_floor_v3/official_experiments/multistartlp/official/set_01_pt_01/configs/genconfig_mslp.conf;genconfig_mslp;/dados/rmelo/PDPTW-SE/benchmark_multi_floor_v3/official_experiments/multistartlp/official/set_01_pt_01/logs/heur_mslp/gurobi/10R_10V_04F_03M/lr202_grb_genconfig_mslp_seed_58.log;random;10R_10V_04F_03M;1;311;1;/dados/rmelo/PDPTW-SE/benchmark_multi_floor_v3/official_experiments/multistartlp/official/set_01_pt_01/../../../../instances/orig_ams_fg/10R_10V_04F_04M/t2/lr202/;60000;5892;0;2335.82;21;11;H;50;95;0;100.0;30.0;true;0.95;100.0;1.0;1.0;1.0;1.0;60;M;59689;59689;false;46;0.83;77.14;1.0;23;10;1000000;-1;3600;27.7;0.42;0.8;mslp;heur;0.16;0.42;-1;3600;60000;I;10;1.0;0.3;lr202;0;/dados/rmelo/PDPTW-SE/benchmark_multi_floor_v3/official_experiments/multistartlp/official/set_01_pt_01/logs;0;0;0;0.52;100.0;1;58;/dados/rmelo/PDPTW-SE/benchmark_multi_floor_v3/official_experiments/multistartlp/official/set_01_pt_01/logs/heur_mslp/solutions/10R_10V_04F_03M/lr202_sol_genconfig_mslp_seed_58.txt;Gurobi;AUTOMATIC;17.99;_bash_3;_seed_58;16533.46;1;19.22;/dados/rmelo/PDPTW-SE/benchmark_multi_floor_v3/official_experiments/multistartlp/official/set_01_pt_01/logs/heur_mslp/timelines/10R_10V_04F_03M/lr202_timeline_genconfig_mslp_seed_58.txt;192.17;t2;0;1259.36;false
0.05;0.01;0.03;0.04;0.0;0.0;9;/dados/rmelo/PDPTW-SE/benchmark_multi_floor_v3/official_experiments/multistartlp/official/set_01_pt_01/logs/heur_mslp/outputs/csvresults_heur_mslp_bash_3.csv;0;4;1;22;1;0.0;0.5;true;12;2;lr202_t2_10R_10V_04F_04M;/dados/rmelo/PDPTW-SE/benchmark_multi_floor_v3/official_experiments/multistartlp/official/set_01_pt_01/configs/genconfig_mslp.conf;genconfig_mslp;/dados/rmelo/PDPTW-SE/benchmark_multi_floor_v3/official_experiments/multistartlp/official/set_01_pt_01/logs/heur_mslp/gurobi/10R_10V_04F_04M/lr202_grb_genconfig_mslp_seed_58.log;random;10R_10V_04F_04M;1;0;1;/dados/rmelo/PDPTW-SE/benchmark_multi_floor_v3/official_experiments/multistartlp/official/set_01_pt_01/../../../../instances/orig_ams_fg/10R_10V_04F_04M/t2/lr202/;60000;17224;0;1883.3;21;11;H;50;95;0;100.0;30.0;true;0.95;100.0;1.0;1.0;1.0;1.0;60;M;60000;60000;false;46;0.81;77.14;0.97;23;10;1000000;-1;3600;30.49;0.41;0.8;mslp;heur;0.16;0.53;-1;3600;60000;I;10;1.0;0.3;lr202;0;/dados/rmelo/PDPTW-SE/benchmark_multi_floor_v3/official_experiments/multistartlp/official/set_01_pt_01/logs;0;0;0;0.0;100.0;1;58;/dados/rmelo/PDPTW-SE/benchmark_multi_floor_v3/official_experiments/multistartlp/official/set_01_pt_01/logs/heur_mslp/solutions/10R_10V_04F_04M/lr202_sol_genconfig_mslp_seed_58.txt;Gurobi;AUTOMATIC;17.93;_bash_3;_seed_58;18294.25;1;58.09;/dados/rmelo/PDPTW-SE/benchmark_multi_floor_v3/official_experiments/multistartlp/official/set_01_pt_01/logs/heur_mslp/timelines/10R_10V_04F_04M/lr202_timeline_genconfig_mslp_seed_58.txt;201.83;t2;0;1241.47;false
0.05;0.01;0.04;0.05;0.0;0.01;12;/dados/rmelo/PDPTW-SE/benchmark_multi_floor_v3/official_experiments/multistartlp/official/set_01_pt_01/logs/heur_mslp/outputs/csvresults_heur_mslp_bash_3.csv;0;3;1;22;1;0.0;0.5;true;12;2;lr203_t2_10R_10V_04F_03M;/dados/rmelo/PDPTW-SE/benchmark_multi_floor_v3/official_experiments/multistartlp/official/set_01_pt_01/configs/genconfig_mslp.conf;genconfig_mslp;/dados/rmelo/PDPTW-SE/benchmark_multi_floor_v3/official_experiments/multistartlp/official/set_01_pt_01/logs/heur_mslp/gurobi/10R_10V_04F_03M/lr203_grb_genconfig_mslp_seed_58.log;random;10R_10V_04F_03M;1;0;1;/dados/rmelo/PDPTW-SE/benchmark_multi_floor_v3/official_experiments/multistartlp/official/set_01_pt_01/../../../../instances/orig_ams_fg/10R_10V_04F_04M/t2/lr203/;60000;49642;0;2062.92;21;11;H;50;95;0;100.0;30.0;true;0.95;100.0;1.0;1.0;1.0;1.0;60;M;59992;60000;false;58;0.75;90.15;1.0;29;10;1000000;-1;3600;13.48;0.5;0.99;mslp;heur;0.25;0.97;-1;3600;60000;I;10;1.0;0.2;lr203;0;/dados/rmelo/PDPTW-SE/benchmark_multi_floor_v3/official_experiments/multistartlp/official/set_01_pt_01/logs;0;0;0;0.0;99.99;1;58;/dados/rmelo/PDPTW-SE/benchmark_multi_floor_v3/official_experiments/multistartlp/official/set_01_pt_01/logs/heur_mslp/solutions/10R_10V_04F_03M/lr203_sol_genconfig_mslp_seed_58.txt;Gurobi;AUTOMATIC;17.88;_bash_3;_seed_58;8090.58;1;186.41;/dados/rmelo/PDPTW-SE/benchmark_multi_floor_v3/official_experiments/multistartlp/official/set_01_pt_01/logs/heur_mslp/timelines/10R_10V_04F_03M/lr203_timeline_genconfig_mslp_seed_58.txt;225.22;t2;0;998.92;false
0.05;0.01;0.03;0.04;0.0;0.0;11;/dados/rmelo/PDPTW-SE/benchmark_multi_floor_v3/official_experiments/multistartlp/official/set_01_pt_01/logs/heur_mslp/outputs/csvresults_heur_mslp_bash_3.csv;0;4;1;22;1;0.0;0.5;true;12;2;lr203_t2_10R_10V_04F_04M;/dados/rmelo/PDPTW-SE/benchmark_multi_floor_v3/official_experiments/multistartlp/official/set_01_pt_01/configs/genconfig_mslp.conf;genconfig_mslp;/dados/rmelo/PDPTW-SE/benchmark_multi_floor_v3/official_experiments/multistartlp/official/set_01_pt_01/logs/heur_mslp/gurobi/10R_10V_04F_04M/lr203_grb_genconfig_mslp_seed_58.log;random;10R_10V_04F_04M;1;0;1;/dados/rmelo/PDPTW-SE/benchmark_multi_floor_v3/official_experiments/multistartlp/official/set_01_pt_01/../../../../instances/orig_ams_fg/10R_10V_04F_04M/t2/lr203/;60000;57467;0;2062.92;21;11;H;50;95;0;100.0;30.0;true;0.95;100.0;1.0;1.0;1.0;1.0;60;M;59993;60000;false;58;0.74;89.34;0.97;29;10;1000000;-1;3600;13.61;0.5;0.96;mslp;heur;0.26;0.94;-1;3600;60000;I;10;0.75;0.2;lr203;0;/dados/rmelo/PDPTW-SE/benchmark_multi_floor_v3/official_experiments/multistartlp/official/set_01_pt_01/logs;0;0;0;0.0;99.99;1;58;/dados/rmelo/PDPTW-SE/benchmark_multi_floor_v3/official_experiments/multistartlp/official/set_01_pt_01/logs/heur_mslp/solutions/10R_10V_04F_04M/lr203_sol_genconfig_mslp_seed_58.txt;Gurobi;AUTOMATIC;17.88;_bash_3;_seed_58;8163.19;1;224.53;/dados/rmelo/PDPTW-SE/benchmark_multi_floor_v3/official_experiments/multistartlp/official/set_01_pt_01/logs/heur_mslp/timelines/10R_10V_04F_04M/lr203_timeline_genconfig_mslp_seed_58.txt;234.57;t2;0;995.94;false
0.05;0.0;0.04;0.04;0.0;0.0;12;/dados/rmelo/PDPTW-SE/benchmark_multi_floor_v3/official_experiments/multistartlp/official/set_01_pt_01/logs/heur_mslp/outputs/csvresults_heur_mslp_bash_3.csv;0;3;1;22;1;0.0;0.5;true;12;2;lr204_t2_10R_10V_04F_03M;/dados/rmelo/PDPTW-SE/benchmark_multi_floor_v3/official_experiments/multistartlp/official/set_01_pt_01/configs/genconfig_mslp.conf;genconfig_mslp;/dados/rmelo/PDPTW-SE/benchmark_multi_floor_v3/official_experiments/multistartlp/official/set_01_pt_01/logs/heur_mslp/gurobi/10R_10V_04F_03M/lr204_grb_genconfig_mslp_seed_58.log;random;10R_10V_04F_03M;1;0;1;/dados/rmelo/PDPTW-SE/benchmark_multi_floor_v3/official_experiments/multistartlp/official/set_01_pt_01/../../../../instances/orig_ams_fg/10R_10V_04F_04M/t2/lr204/;60000;31687;0;1187.59;21;11;H;50;95;0;100.0;30.0;true;0.95;100.0;1.0;1.0;1.0;1.0;60;M;45563;60000;false;38;0.67;88.5;0.87;19;10;1000000;-1;3600;5.29;0.48;0.73;mslp;heur;0.29;0.59;-1;3600;60000;I;10;0.67;0.2;lr204;0;/dados/rmelo/PDPTW-SE/benchmark_multi_floor_v3/official_experiments/multistartlp/official/set_01_pt_01/logs;0;0;0;0.0;75.94;1;58;/dados/rmelo/PDPTW-SE/benchmark_multi_floor_v3/official_experiments/multistartlp/official/set_01_pt_01/logs/heur_mslp/solutions/10R_10V_04F_03M/lr204_sol_genconfig_mslp_seed_58.txt;Gurobi;AUTOMATIC;17.72;_bash_3;_seed_58;3171.89;1;118.77;/dados/rmelo/PDPTW-SE/benchmark_multi_floor_v3/official_experiments/multistartlp/official/set_01_pt_01/logs/heur_mslp/timelines/10R_10V_04F_03M/lr204_timeline_genconfig_mslp_seed_58.txt;224.23;t2;0;963.03;false
0.05;0.01;0.03;0.04;0.0;0.0;11;/dados/rmelo/PDPTW-SE/benchmark_multi_floor_v3/official_experiments/multistartlp/official/set_01_pt_01/logs/heur_mslp/outputs/csvresults_heur_mslp_bash_3.csv;0;4;1;22;1;0.0;0.5;true;12;2;lr204_t2_10R_10V_04F_04M;/dados/rmelo/PDPTW-SE/benchmark_multi_floor_v3/official_experiments/multistartlp/official/set_01_pt_01/configs/genconfig_mslp.conf;genconfig_mslp;/dados/rmelo/PDPTW-SE/benchmark_multi_floor_v3/official_experiments/multistartlp/official/set_01_pt_01/logs/heur_mslp/gurobi/10R_10V_04F_04M/lr204_grb_genconfig_mslp_seed_58.log;random;10R_10V_04F_04M;1;0;1;/dados/rmelo/PDPTW-SE/benchmark_multi_floor_v3/official_experiments/multistartlp/official/set_01_pt_01/../../../../instances/orig_ams_fg/10R_10V_04F_04M/t2/lr204/;60000;31687;0;1182.12;21;11;H;50;95;0;100.0;30.0;true;0.95;100.0;1.0;1.0;1.0;1.0;60;M;46016;60000;false;38;0.67;85.84;0.87;19;10;1000000;-1;3600;5.54;0.48;0.73;mslp;heur;0.29;0.59;-1;3600;60000;I;10;0.75;0.2;lr204;0;/dados/rmelo/PDPTW-SE/benchmark_multi_floor_v3/official_experiments/multistartlp/official/set_01_pt_01/logs;0;0;0;0.0;76.69;1;58;/dados/rmelo/PDPTW-SE/benchmark_multi_floor_v3/official_experiments/multistartlp/official/set_01_pt_01/logs/heur_mslp/solutions/10R_10V_04F_04M/lr204_sol_genconfig_mslp_seed_58.txt;Gurobi;AUTOMATIC;18.02;_bash_3;_seed_58;3324.31;1;123.26;/dados/rmelo/PDPTW-SE/benchmark_multi_floor_v3/official_experiments/multistartlp/official/set_01_pt_01/logs/heur_mslp/timelines/10R_10V_04F_04M/lr204_timeline_genconfig_mslp_seed_58.txt;232.67;t2;0;956.91;false
0.05;0.0;0.04;0.04;0.0;0.03;9;/dados/rmelo/PDPTW-SE/benchmark_multi_floor_v3/official_experiments/multistartlp/official/set_01_pt_01/logs/heur_mslp/outputs/csvresults_heur_mslp_bash_3.csv;0;3;1;22;1;0.0;0.5;true;12;2;lr205_t2_10R_10V_04F_03M;/dados/rmelo/PDPTW-SE/benchmark_multi_floor_v3/official_experiments/multistartlp/official/set_01_pt_01/configs/genconfig_mslp.conf;genconfig_mslp;/dados/rmelo/PDPTW-SE/benchmark_multi_floor_v3/official_experiments/multistartlp/official/set_01_pt_01/logs/heur_mslp/gurobi/10R_10V_04F_03M/lr205_grb_genconfig_mslp_seed_58.log;random;10R_10V_04F_03M;1;4;1;/dados/rmelo/PDPTW-SE/benchmark_multi_floor_v3/official_experiments/multistartlp/official/set_01_pt_01/../../../../instances/orig_ams_fg/10R_10V_04F_04M/t2/lr205/;60000;18946;0;1588.92;21;11;H;50;95;0;100.0;30.0;true;0.95;100.0;1.0;1.0;1.0;1.0;60;M;59996;59996;false;52;0.68;80.9;0.96;26;10;1000000;-1;3600;23.1;0.52;0.88;mslp;heur;0.36;0.79;-1;3600;60000;I;10;0.67;0.2;lr205;0;/dados/rmelo/PDPTW-SE/benchmark_multi_floor_v3/official_experiments/multistartlp/official/set_01_pt_01/logs;0;0;0;0.01;100.0;1;58;/dados/rmelo/PDPTW-SE/benchmark_multi_floor_v3/official_experiments/multistartlp/official/set_01_pt_01/logs/heur_mslp/solutions/10R_10V_04F_03M/lr205_sol_genconfig_mslp_seed_58.txt;Gurobi;AUTOMATIC;18.17;_bash_3;_seed_58;13858.15;1;59.35;/dados/rmelo/PDPTW-SE/benchmark_multi_floor_v3/official_experiments/multistartlp/official/set_01_pt_01/logs/heur_mslp/timelines/10R_10V_04F_03M/lr205_timeline_genconfig_mslp_seed_58.txt;186.95;t2;0;1044.65;false
0.05;0.02;0.02;0.04;0.0;0.0;9;/dados/rmelo/PDPTW-SE/benchmark_multi_floor_v3/official_experiments/multistartlp/official/set_01_pt_01/logs/heur_mslp/outputs/csvresults_heur_mslp_bash_3.csv;0;4;1;22;1;0.0;0.5;true;12;2;lr205_t2_10R_10V_04F_04M;/dados/rmelo/PDPTW-SE/benchmark_multi_floor_v3/official_experiments/multistartlp/official/set_01_pt_01/configs/genconfig_mslp.conf;genconfig_mslp;/dados/rmelo/PDPTW-SE/benchmark_multi_floor_v3/official_experiments/multistartlp/official/set_01_pt_01/logs/heur_mslp/gurobi/10R_10V_04F_04M/lr205_grb_genconfig_mslp_seed_58.log;random;10R_10V_04F_04M;1;0;1;/dados/rmelo/PDPTW-SE/benchmark_multi_floor_v3/official_experiments/multistartlp/official/set_01_pt_01/../../../../instances/orig_ams_fg/10R_10V_04F_04M/t2/lr205/;60000;5209;0;1539.51;21;11;H;50;95;0;100.0;30.0;true;0.95;100.0;1.0;1.0;1.0;1.0;60;M;60000;60000;false;52;0.57;80.9;1.0;26;10;1000000;-1;3600;23.21;0.52;0.94;mslp;heur;0.46;0.88;-1;3600;60000;I;10;0.75;0.2;lr205;0;/dados/rmelo/PDPTW-SE/benchmark_multi_floor_v3/official_experiments/multistartlp/official/set_01_pt_01/logs;0;0;0;0.0;100.0;1;58;/dados/rmelo/PDPTW-SE/benchmark_multi_floor_v3/official_experiments/multistartlp/official/set_01_pt_01/logs/heur_mslp/solutions/10R_10V_04F_04M/lr205_sol_genconfig_mslp_seed_58.txt;Gurobi;AUTOMATIC;18.13;_bash_3;_seed_58;13928.45;1;17.09;/dados/rmelo/PDPTW-SE/benchmark_multi_floor_v3/official_experiments/multistartlp/official/set_01_pt_01/logs/heur_mslp/timelines/10R_10V_04F_04M/lr205_timeline_genconfig_mslp_seed_58.txt;193.19;t2;0;1038.92;false
0.05;0.06;0.13;0.19;0.0;0.09;4;/dados/rmelo/PDPTW-SE/benchmark_multi_floor_v3/official_experiments/multistartlp/official/set_01_pt_01/logs/heur_mslp/outputs/csvresults_heur_mslp_bash_3.csv;0;3;1;26;1;0.0;0.5;true;14;2;lr101_t1_12R_12V_02F_03M;/dados/rmelo/PDPTW-SE/benchmark_multi_floor_v3/official_experiments/multistartlp/official/set_01_pt_01/configs/genconfig_mslp.conf;genconfig_mslp;/dados/rmelo/PDPTW-SE/benchmark_multi_floor_v3/official_experiments/multistartlp/official/set_01_pt_01/logs/heur_mslp/gurobi/12R_12V_02F_03M/lr101_grb_genconfig_mslp_seed_58.log;random;12R_12V_02F_03M;1;6001;1;/dados/rmelo/PDPTW-SE/benchmark_multi_floor_v3/official_experiments/multistartlp/official/set_01_pt_01/../../../../instances/orig_ams_fg/12R_12V_02F_04M/t1/lr101/;60000;10;0;1893.18;25;13;H;50;95;0;100.0;30.0;true;0.95;100.0;1.0;1.0;1.0;1.0;60;M;53999;53999;false;52;0.89;78.74;0.5;26;10;1000000;-1;3600;23.24;0.53;0.36;mslp;heur;0.26;0.16;-1;3600;60000;I;12;1.0;0.92;lr101;0;/dados/rmelo/PDPTW-SE/benchmark_multi_floor_v3/official_experiments/multistartlp/official/set_01_pt_01/logs;0;0;0;10.0;100.0;1;58;/dados/rmelo/PDPTW-SE/benchmark_multi_floor_v3/official_experiments/multistartlp/official/set_01_pt_01/logs/heur_mslp/solutions/12R_12V_02F_03M/lr101_sol_genconfig_mslp_seed_58.txt;Gurobi;AUTOMATIC;17.87;_bash_3;_seed_58;12546.9;1;0.35;/dados/rmelo/PDPTW-SE/benchmark_multi_floor_v3/official_experiments/multistartlp/official/set_01_pt_01/logs/heur_mslp/timelines/12R_12V_02F_03M/lr101_timeline_genconfig_mslp_seed_58.txt;138.78;t1;0;1444.04;false
0.05;0.06;0.1;0.16;0.0;0.1;7;/dados/rmelo/PDPTW-SE/benchmark_multi_floor_v3/official_experiments/multistartlp/official/set_01_pt_01/logs/heur_mslp/outputs/csvresults_heur_mslp_bash_3.csv;0;4;1;26;1;0.0;0.5;true;14;2;lr101_t1_12R_12V_02F_04M;/dados/rmelo/PDPTW-SE/benchmark_multi_floor_v3/official_experiments/multistartlp/official/set_01_pt_01/configs/genconfig_mslp.conf;genconfig_mslp;/dados/rmelo/PDPTW-SE/benchmark_multi_floor_v3/official_experiments/multistartlp/official/set_01_pt_01/logs/heur_mslp/gurobi/12R_12V_02F_04M/lr101_grb_genconfig_mslp_seed_58.log;random;12R_12V_02F_04M;1;6001;1;/dados/rmelo/PDPTW-SE/benchmark_multi_floor_v3/official_experiments/multistartlp/official/set_01_pt_01/../../../../instances/orig_ams_fg/12R_12V_02F_04M/t1/lr101/;60000;74;0;1880.34;25;13;H;50;95;0;100.0;30.0;true;0.95;100.0;1.0;1.0;1.0;1.0;60;M;53999;53999;false;52;0.89;77.81;0.76;26;10;1000000;-1;3600;23.36;0.53;0.38;mslp;heur;0.26;0.16;-1;3600;60000;I;12;1.0;0.92;lr101;0;/dados/rmelo/PDPTW-SE/benchmark_multi_floor_v3/official_experiments/multistartlp/official/set_01_pt_01/logs;0;0;0;10.0;100.0;1;58;/dados/rmelo/PDPTW-SE/benchmark_multi_floor_v3/official_experiments/multistartlp/official/set_01_pt_01/logs/heur_mslp/solutions/12R_12V_02F_04M/lr101_sol_genconfig_mslp_seed_58.txt;Gurobi;AUTOMATIC;17.88;_bash_3;_seed_58;12612.8;1;0.49;/dados/rmelo/PDPTW-SE/benchmark_multi_floor_v3/official_experiments/multistartlp/official/set_01_pt_01/logs/heur_mslp/timelines/12R_12V_02F_04M/lr101_timeline_genconfig_mslp_seed_58.txt;143.61;t1;0;1437.74;false
0.05;0.04;0.09;0.13;0.0;0.11;6;/dados/rmelo/PDPTW-SE/benchmark_multi_floor_v3/official_experiments/multistartlp/official/set_01_pt_01/logs/heur_mslp/outputs/csvresults_heur_mslp_bash_3.csv;0;3;1;26;1;0.0;0.5;true;14;2;lr102_t1_12R_12V_02F_03M;/dados/rmelo/PDPTW-SE/benchmark_multi_floor_v3/official_experiments/multistartlp/official/set_01_pt_01/configs/genconfig_mslp.conf;genconfig_mslp;/dados/rmelo/PDPTW-SE/benchmark_multi_floor_v3/official_experiments/multistartlp/official/set_01_pt_01/logs/heur_mslp/gurobi/12R_12V_02F_03M/lr102_grb_genconfig_mslp_seed_58.log;random;12R_12V_02F_03M;1;30035;1;/dados/rmelo/PDPTW-SE/benchmark_multi_floor_v3/official_experiments/multistartlp/official/set_01_pt_01/../../../../instances/orig_ams_fg/12R_12V_02F_04M/t1/lr102/;60000;1147;0;1677.99;25;13;H;50;95;0;100.0;30.0;true;0.95;100.0;1.0;1.0;1.0;1.0;60;M;29965;29965;false;62;0.91;79.93;0.74;31;10;1000000;-1;3600;14.38;0.68;0.46;mslp;heur;0.49;0.04;-1;3600;60000;I;12;1.0;0.67;lr102;0;/dados/rmelo/PDPTW-SE/benchmark_multi_floor_v3/official_experiments/multistartlp/official/set_01_pt_01/logs;0;0;0;50.06;100.0;1;58;/dados/rmelo/PDPTW-SE/benchmark_multi_floor_v3/official_experiments/multistartlp/official/set_01_pt_01/logs/heur_mslp/solutions/12R_12V_02F_03M/lr102_sol_genconfig_mslp_seed_58.txt;Gurobi;AUTOMATIC;17.9;_bash_3;_seed_58;4308.56;1;2.0;/dados/rmelo/PDPTW-SE/benchmark_multi_floor_v3/official_experiments/multistartlp/official/set_01_pt_01/logs/heur_mslp/timelines/12R_12V_02F_03M/lr102_timeline_genconfig_mslp_seed_58.txt;84.92;t1;0;1404.9;false
0.05;0.03;0.07;0.1;0.01;0.11;6;/dados/rmelo/PDPTW-SE/benchmark_multi_floor_v3/official_experiments/multistartlp/official/set_01_pt_01/logs/heur_mslp/outputs/csvresults_heur_mslp_bash_3.csv;0;4;1;26;1;0.0;0.5;true;14;2;lr102_t1_12R_12V_02F_04M;/dados/rmelo/PDPTW-SE/benchmark_multi_floor_v3/official_experiments/multistartlp/official/set_01_pt_01/configs/genconfig_mslp.conf;genconfig_mslp;/dados/rmelo/PDPTW-SE/benchmark_multi_floor_v3/official_experiments/multistartlp/official/set_01_pt_01/logs/heur_mslp/gurobi/12R_12V_02F_04M/lr102_grb_genconfig_mslp_seed_58.log;random;12R_12V_02F_04M;1;30035;1;/dados/rmelo/PDPTW-SE/benchmark_multi_floor_v3/official_experiments/multistartlp/official/set_01_pt_01/../../../../instances/orig_ams_fg/12R_12V_02F_04M/t1/lr102/;60000;10427;0;1672.17;25;13;H;50;95;0;100.0;30.0;true;0.95;100.0;1.0;1.0;1.0;1.0;60;M;29965;29965;false;62;0.91;77.66;0.74;31;10;1000000;-1;3600;14.39;0.67;0.44;mslp;heur;0.49;0.04;-1;3600;60000;I;12;1.0;0.67;lr102;0;/dados/rmelo/PDPTW-SE/benchmark_multi_floor_v3/official_experiments/multistartlp/official/set_01_pt_01/logs;0;0;0;50.06;100.0;1;58;/dados/rmelo/PDPTW-SE/benchmark_multi_floor_v3/official_experiments/multistartlp/official/set_01_pt_01/logs/heur_mslp/solutions/12R_12V_02F_04M/lr102_sol_genconfig_mslp_seed_58.txt;Gurobi;AUTOMATIC;17.94;_bash_3;_seed_58;4310.83;1;15.97;/dados/rmelo/PDPTW-SE/benchmark_multi_floor_v3/official_experiments/multistartlp/official/set_01_pt_01/logs/heur_mslp/timelines/12R_12V_02F_04M/lr102_timeline_genconfig_mslp_seed_58.txt;88.9;t1;0;1397.72;false
0.05;0.04;0.09;0.12;0.0;0.0;11;/dados/rmelo/PDPTW-SE/benchmark_multi_floor_v3/official_experiments/multistartlp/official/set_01_pt_01/logs/heur_mslp/outputs/csvresults_heur_mslp_bash_3.csv;0;3;1;26;1;0.0;0.5;true;14;2;lr103_t1_12R_12V_02F_03M;/dados/rmelo/PDPTW-SE/benchmark_multi_floor_v3/official_experiments/multistartlp/official/set_01_pt_01/configs/genconfig_mslp.conf;genconfig_mslp;/dados/rmelo/PDPTW-SE/benchmark_multi_floor_v3/official_experiments/multistartlp/official/set_01_pt_01/logs/heur_mslp/gurobi/12R_12V_02F_03M/lr103_grb_genconfig_mslp_seed_58.log;random;12R_12V_02F_03M;1;20712;1;/dados/rmelo/PDPTW-SE/benchmark_multi_floor_v3/official_experiments/multistartlp/official/set_01_pt_01/../../../../instances/orig_ams_fg/12R_12V_02F_04M/t1/lr103/;60000;8262;0;1472.64;25;13;H;50;95;0;100.0;30.0;true;0.95;100.0;1.0;1.0;1.0;1.0;60;M;39288;39288;false;58;0.87;81.22;1.0;29;10;1000000;-1;3600;10.54;0.71;0.38;mslp;heur;0.47;0.12;-1;3600;60000;I;12;1.0;0.58;lr103;0;/dados/rmelo/PDPTW-SE/benchmark_multi_floor_v3/official_experiments/multistartlp/official/set_01_pt_01/logs;0;0;0;34.52;100.0;1;58;/dados/rmelo/PDPTW-SE/benchmark_multi_floor_v3/official_experiments/multistartlp/official/set_01_pt_01/logs/heur_mslp/solutions/12R_12V_02F_03M/lr103_sol_genconfig_mslp_seed_58.txt;Gurobi;AUTOMATIC;17.78;_bash_3;_seed_58;4141.21;1;16.68;/dados/rmelo/PDPTW-SE/benchmark_multi_floor_v3/official_experiments/multistartlp/official/set_01_pt_01/logs/heur_mslp/timelines/12R_12V_02F_03M/lr103_timeline_genconfig_mslp_seed_58.txt;118.9;t1;0;1138.94;false
0.05;0.04;0.09;0.12;0.0;0.0;11;/dados/rmelo/PDPTW-SE/benchmark_multi_floor_v3/official_experiments/multistartlp/official/set_01_pt_01/logs/heur_mslp/outputs/csvresults_heur_mslp_bash_3.csv;0;4;1;26;1;0.0;0.5;true;14;2;lr103_t1_12R_12V_02F_04M;/dados/rmelo/PDPTW-SE/benchmark_multi_floor_v3/official_experiments/multistartlp/official/set_01_pt_01/configs/genconfig_mslp.conf;genconfig_mslp;/dados/rmelo/PDPTW-SE/benchmark_multi_floor_v3/official_experiments/multistartlp/official/set_01_pt_01/logs/heur_mslp/gurobi/12R_12V_02F_04M/lr103_grb_genconfig_mslp_seed_58.log;random;12R_12V_02F_04M;1;16903;1;/dados/rmelo/PDPTW-SE/benchmark_multi_floor_v3/official_experiments/multistartlp/official/set_01_pt_01/../../../../instances/orig_ams_fg/12R_12V_02F_04M/t1/lr103/;60000;5562;0;1362.24;25;13;H;50;95;0;100.0;30.0;true;0.95;100.0;1.0;1.0;1.0;1.0;60;M;43097;43097;false;58;0.87;79.53;1.0;29;10;1000000;-1;3600;11.17;0.7;0.43;mslp;heur;0.46;0.15;-1;3600;60000;I;12;0.75;0.58;lr103;0;/dados/rmelo/PDPTW-SE/benchmark_multi_floor_v3/official_experiments/multistartlp/official/set_01_pt_01/logs;0;0;0;28.17;100.0;1;58;/dados/rmelo/PDPTW-SE/benchmark_multi_floor_v3/official_experiments/multistartlp/official/set_01_pt_01/logs/heur_mslp/solutions/12R_12V_02F_04M/lr103_sol_genconfig_mslp_seed_58.txt;Gurobi;AUTOMATIC;17.87;_bash_3;_seed_58;4812.19;1;12.57;/dados/rmelo/PDPTW-SE/benchmark_multi_floor_v3/official_experiments/multistartlp/official/set_01_pt_01/logs/heur_mslp/timelines/12R_12V_02F_04M/lr103_timeline_genconfig_mslp_seed_58.txt;133.25;t1;0;1126.46;false
0.05;0.04;0.09;0.12;0.0;0.01;6;/dados/rmelo/PDPTW-SE/benchmark_multi_floor_v3/official_experiments/multistartlp/official/set_01_pt_01/logs/heur_mslp/outputs/csvresults_heur_mslp_bash_3.csv;0;3;1;26;1;0.0;0.5;true;14;2;lr104_t1_12R_12V_02F_03M;/dados/rmelo/PDPTW-SE/benchmark_multi_floor_v3/official_experiments/multistartlp/official/set_01_pt_01/configs/genconfig_mslp.conf;genconfig_mslp;/dados/rmelo/PDPTW-SE/benchmark_multi_floor_v3/official_experiments/multistartlp/official/set_01_pt_01/logs/heur_mslp/gurobi/12R_12V_02F_03M/lr104_grb_genconfig_mslp_seed_58.log;random;12R_12V_02F_03M;1;32872;1;/dados/rmelo/PDPTW-SE/benchmark_multi_floor_v3/official_experiments/multistartlp/official/set_01_pt_01/../../../../instances/orig_ams_fg/12R_12V_02F_04M/t1/lr104/;60000;896;0;1410.5;25;13;H;50;95;0;100.0;30.0;true;0.95;100.0;1.0;1.0;1.0;1.0;60;M;27128;27128;false;40;0.96;78.09;0.75;20;10;1000000;-1;3600;5.49;0.66;0.43;mslp;heur;0.41;0.09;-1;3600;60000;I;12;1.0;0.58;lr104;0;/dados/rmelo/PDPTW-SE/benchmark_multi_floor_v3/official_experiments/multistartlp/official/set_01_pt_01/logs;0;0;0;54.79;100.0;1;58;/dados/rmelo/PDPTW-SE/benchmark_multi_floor_v3/official_experiments/multistartlp/official/set_01_pt_01/logs/heur_mslp/solutions/12R_12V_02F_03M/lr104_sol_genconfig_mslp_seed_58.txt;Gurobi;AUTOMATIC;18.0;_bash_3;_seed_58;1489.21;1;1.72;/dados/rmelo/PDPTW-SE/benchmark_multi_floor_v3/official_experiments/multistartlp/official/set_01_pt_01/logs/heur_mslp/timelines/12R_12V_02F_03M/lr104_timeline_genconfig_mslp_seed_58.txt;91.13;t1;0;1233.18;false
0.05;0.04;0.09;0.12;0.0;0.01;6;/dados/rmelo/PDPTW-SE/benchmark_multi_floor_v3/official_experiments/multistartlp/official/set_01_pt_01/logs/heur_mslp/outputs/csvresults_heur_mslp_bash_3.csv;0;4;1;26;1;0.0;0.5;true;14;2;lr104_t1_12R_12V_02F_04M;/dados/rmelo/PDPTW-SE/benchmark_multi_floor_v3/official_experiments/multistartlp/official/set_01_pt_01/configs/genconfig_mslp.conf;genconfig_mslp;/dados/rmelo/PDPTW-SE/benchmark_multi_floor_v3/official_experiments/multistartlp/official/set_01_pt_01/logs/heur_mslp/gurobi/12R_12V_02F_04M/lr104_grb_genconfig_mslp_seed_58.log;random;12R_12V_02F_04M;1;27586;1;/dados/rmelo/PDPTW-SE/benchmark_multi_floor_v3/official_experiments/multistartlp/official/set_01_pt_01/../../../../instances/orig_ams_fg/12R_12V_02F_04M/t1/lr104/;60000;336;0;1404.88;25;13;H;50;95;0;100.0;30.0;true;0.95;100.0;1.0;1.0;1.0;1.0;60;M;32414;32414;false;40;0.94;78.0;0.75;20;10;1000000;-1;3600;5.97;0.65;0.44;mslp;heur;0.41;0.09;-1;3600;60000;I;12;0.75;0.58;lr104;0;/dados/rmelo/PDPTW-SE/benchmark_multi_floor_v3/official_experiments/multistartlp/official/set_01_pt_01/logs;0;0;0;45.98;100.0;1;58;/dados/rmelo/PDPTW-SE/benchmark_multi_floor_v3/official_experiments/multistartlp/official/set_01_pt_01/logs/heur_mslp/solutions/12R_12V_02F_04M/lr104_sol_genconfig_mslp_seed_58.txt;Gurobi;AUTOMATIC;18.06;_bash_3;_seed_58;1934.24;1;0.94;/dados/rmelo/PDPTW-SE/benchmark_multi_floor_v3/official_experiments/multistartlp/official/set_01_pt_01/logs/heur_mslp/timelines/12R_12V_02F_04M/lr104_timeline_genconfig_mslp_seed_58.txt;110.67;t1;0;1223.17;false
0.05;0.06;0.11;0.18;0.0;0.03;3;/dados/rmelo/PDPTW-SE/benchmark_multi_floor_v3/official_experiments/multistartlp/official/set_01_pt_01/logs/heur_mslp/outputs/csvresults_heur_mslp_bash_3.csv;0;3;1;26;1;0.0;0.5;true;14;2;lr105_t1_12R_12V_02F_03M;/dados/rmelo/PDPTW-SE/benchmark_multi_floor_v3/official_experiments/multistartlp/official/set_01_pt_01/configs/genconfig_mslp.conf;genconfig_mslp;/dados/rmelo/PDPTW-SE/benchmark_multi_floor_v3/official_experiments/multistartlp/official/set_01_pt_01/logs/heur_mslp/gurobi/12R_12V_02F_03M/lr105_grb_genconfig_mslp_seed_58.log;random;12R_12V_02F_03M;1;42883;1;/dados/rmelo/PDPTW-SE/benchmark_multi_floor_v3/official_experiments/multistartlp/official/set_01_pt_01/../../../../instances/orig_ams_fg/12R_12V_02F_04M/t1/lr105/;60000;5439;0;1674.42;25;13;H;50;95;0;100.0;30.0;true;0.95;100.0;1.0;1.0;1.0;1.0;60;M;17117;17117;false;58;0.9;79.63;0.72;29;10;1000000;-1;3600;14.21;0.7;0.44;mslp;heur;0.51;0.23;-1;3600;60000;I;12;1.0;0.67;lr105;0;/dados/rmelo/PDPTW-SE/benchmark_multi_floor_v3/official_experiments/multistartlp/official/set_01_pt_01/logs;0;0;0;71.47;100.0;1;58;/dados/rmelo/PDPTW-SE/benchmark_multi_floor_v3/official_experiments/multistartlp/official/set_01_pt_01/logs/heur_mslp/solutions/12R_12V_02F_03M/lr105_sol_genconfig_mslp_seed_58.txt;Gurobi;AUTOMATIC;17.92;_bash_3;_seed_58;2431.69;1;5.24;/dados/rmelo/PDPTW-SE/benchmark_multi_floor_v3/official_experiments/multistartlp/official/set_01_pt_01/logs/heur_mslp/timelines/12R_12V_02F_03M/lr105_timeline_genconfig_mslp_seed_58.txt;55.49;t1;0;1316.34;false
0.05;0.04;0.09;0.12;0.0;0.02;1;/dados/rmelo/PDPTW-SE/benchmark_multi_floor_v3/official_experiments/multistartlp/official/set_01_pt_01/logs/heur_mslp/outputs/csvresults_heur_mslp_bash_3.csv;0;4;1;26;1;0.0;0.5;true;14;2;lr105_t1_12R_12V_02F_04M;/dados/rmelo/PDPTW-SE/benchmark_multi_floor_v3/official_experiments/multistartlp/official/set_01_pt_01/configs/genconfig_mslp.conf;genconfig_mslp;/dados/rmelo/PDPTW-SE/benchmark_multi_floor_v3/official_experiments/multistartlp/official/set_01_pt_01/logs/heur_mslp/gurobi/12R_12V_02F_04M/lr105_grb_genconfig_mslp_seed_58.log;random;12R_12V_02F_04M;1;8490;1;/dados/rmelo/PDPTW-SE/benchmark_multi_floor_v3/official_experiments/multistartlp/official/set_01_pt_01/../../../../instances/orig_ams_fg/12R_12V_02F_04M/t1/lr105/;60000;1;0;1497.54;25;13;H;50;95;0;100.0;30.0;true;0.95;100.0;1.0;1.0;1.0;1.0;60;M;51510;51510;false;58;0.9;79.63;0.88;29;10;1000000;-1;3600;15.16;0.69;0.42;mslp;heur;0.49;0.19;-1;3600;60000;I;12;1.0;0.67;lr105;0;/dados/rmelo/PDPTW-SE/benchmark_multi_floor_v3/official_experiments/multistartlp/official/set_01_pt_01/logs;0;0;0;14.15;100.0;1;58;/dados/rmelo/PDPTW-SE/benchmark_multi_floor_v3/official_experiments/multistartlp/official/set_01_pt_01/logs/heur_mslp/solutions/12R_12V_02F_04M/lr105_sol_genconfig_mslp_seed_58.txt;Gurobi;AUTOMATIC;17.93;_bash_3;_seed_58;7810.76;1;0.0;/dados/rmelo/PDPTW-SE/benchmark_multi_floor_v3/official_experiments/multistartlp/official/set_01_pt_01/logs/heur_mslp/timelines/12R_12V_02F_04M/lr105_timeline_genconfig_mslp_seed_58.txt;137.91;t1;0;1301.89;false
0.05;0.01;0.01;0.02;0.1;0.12;8;/dados/rmelo/PDPTW-SE/benchmark_multi_floor_v3/official_experiments/multistartlp/official/set_01_pt_01/logs/heur_mslp/outputs/csvresults_heur_mslp_bash_3.csv;0;3;1;26;1;0.0;0.5;true;14;2;lr201_t2_12R_12V_02F_03M;/dados/rmelo/PDPTW-SE/benchmark_multi_floor_v3/official_experiments/multistartlp/official/set_01_pt_01/configs/genconfig_mslp.conf;genconfig_mslp;/dados/rmelo/PDPTW-SE/benchmark_multi_floor_v3/official_experiments/multistartlp/official/set_01_pt_01/logs/heur_mslp/gurobi/12R_12V_02F_03M/lr201_grb_genconfig_mslp_seed_58.log;random;12R_12V_02F_03M;1;0;1;/dados/rmelo/PDPTW-SE/benchmark_multi_floor_v3/official_experiments/multistartlp/official/set_01_pt_01/../../../../instances/orig_ams_fg/12R_12V_02F_04M/t2/lr201/;60000;9394;0;2689.1;25;13;H;50;95;0;100.0;30.0;true;0.95;100.0;1.0;1.0;1.0;1.0;60;M;60000;60000;false;52;0.73;75.02;0.98;26;10;1000000;-1;3600;22.21;0.71;0.97;mslp;heur;0.68;0.96;-1;3600;60000;I;12;1.0;0.17;lr201;0;/dados/rmelo/PDPTW-SE/benchmark_multi_floor_v3/official_experiments/multistartlp/official/set_01_pt_01/logs;0;0;0;0.0;100.0;1;58;/dados/rmelo/PDPTW-SE/benchmark_multi_floor_v3/official_experiments/multistartlp/official/set_01_pt_01/logs/heur_mslp/solutions/12R_12V_02F_03M/lr201_sol_genconfig_mslp_seed_58.txt;Gurobi;AUTOMATIC;18.06;_bash_3;_seed_58;13326.63;1;25.09;/dados/rmelo/PDPTW-SE/benchmark_multi_floor_v3/official_experiments/multistartlp/official/set_01_pt_01/logs/heur_mslp/timelines/12R_12V_02F_03M/lr201_timeline_genconfig_mslp_seed_58.txt;158.22;t2;0;1411.58;false
0.05;0.01;0.01;0.02;0.1;0.12;7;/dados/rmelo/PDPTW-SE/benchmark_multi_floor_v3/official_experiments/multistartlp/official/set_01_pt_01/logs/heur_mslp/outputs/csvresults_heur_mslp_bash_3.csv;0;4;1;26;1;0.0;0.5;true;14;2;lr201_t2_12R_12V_02F_04M;/dados/rmelo/PDPTW-SE/benchmark_multi_floor_v3/official_experiments/multistartlp/official/set_01_pt_01/configs/genconfig_mslp.conf;genconfig_mslp;/dados/rmelo/PDPTW-SE/benchmark_multi_floor_v3/official_experiments/multistartlp/official/set_01_pt_01/logs/heur_mslp/gurobi/12R_12V_02F_04M/lr201_grb_genconfig_mslp_seed_58.log;random;12R_12V_02F_04M;1;0;1;/dados/rmelo/PDPTW-SE/benchmark_multi_floor_v3/official_experiments/multistartlp/official/set_01_pt_01/../../../../instances/orig_ams_fg/12R_12V_02F_04M/t2/lr201/;60000;9394;0;2689.1;25;13;H;50;95;0;100.0;30.0;true;0.95;100.0;1.0;1.0;1.0;1.0;60;M;60000;60000;false;52;0.73;75.02;0.98;26;10;1000000;-1;3600;22.25;0.71;0.97;mslp;heur;0.68;0.96;-1;3600;60000;I;12;0.75;0.17;lr201;0;/dados/rmelo/PDPTW-SE/benchmark_multi_floor_v3/official_experiments/multistartlp/official/set_01_pt_01/logs;0;0;0;0.0;100.0;1;58;/dados/rmelo/PDPTW-SE/benchmark_multi_floor_v3/official_experiments/multistartlp/official/set_01_pt_01/logs/heur_mslp/solutions/12R_12V_02F_04M/lr201_sol_genconfig_mslp_seed_58.txt;Gurobi;AUTOMATIC;18.05;_bash_3;_seed_58;13351.31;1;26.54;/dados/rmelo/PDPTW-SE/benchmark_multi_floor_v3/official_experiments/multistartlp/official/set_01_pt_01/logs/heur_mslp/timelines/12R_12V_02F_04M/lr201_timeline_genconfig_mslp_seed_58.txt;166.44;t2;0;1411.18;false
0.05;0.0;0.01;0.01;0.0;0.0;10;/dados/rmelo/PDPTW-SE/benchmark_multi_floor_v3/official_experiments/multistartlp/official/set_01_pt_01/logs/heur_mslp/outputs/csvresults_heur_mslp_bash_3.csv;0;3;1;26;1;0.0;0.5;true;14;2;lr202_t2_12R_12V_02F_03M;/dados/rmelo/PDPTW-SE/benchmark_multi_floor_v3/official_experiments/multistartlp/official/set_01_pt_01/configs/genconfig_mslp.conf;genconfig_mslp;/dados/rmelo/PDPTW-SE/benchmark_multi_floor_v3/official_experiments/multistartlp/official/set_01_pt_01/logs/heur_mslp/gurobi/12R_12V_02F_03M/lr202_grb_genconfig_mslp_seed_58.log;random;12R_12V_02F_03M;1;0;1;/dados/rmelo/PDPTW-SE/benchmark_multi_floor_v3/official_experiments/multistartlp/official/set_01_pt_01/../../../../instances/orig_ams_fg/12R_12V_02F_04M/t2/lr202/;60000;15960;0;1628.56;25;13;H;50;95;0;100.0;30.0;true;0.95;100.0;1.0;1.0;1.0;1.0;60;M;60000;60000;false;46;0.75;70.94;0.95;23;10;1000000;-1;3600;26.17;0.49;0.65;mslp;heur;0.24;0.35;-1;3600;60000;I;12;1.0;0.17;lr202;0;/dados/rmelo/PDPTW-SE/benchmark_multi_floor_v3/official_experiments/multistartlp/official/set_01_pt_01/logs;0;0;0;0.0;100.0;1;58;/dados/rmelo/PDPTW-SE/benchmark_multi_floor_v3/official_experiments/multistartlp/official/set_01_pt_01/logs/heur_mslp/solutions/12R_12V_02F_03M/lr202_sol_genconfig_mslp_seed_58.txt;Gurobi;AUTOMATIC;17.79;_bash_3;_seed_58;15699.93;1;48.59;/dados/rmelo/PDPTW-SE/benchmark_multi_floor_v3/official_experiments/multistartlp/official/set_01_pt_01/logs/heur_mslp/timelines/12R_12V_02F_03M/lr202_timeline_genconfig_mslp_seed_58.txt;181.45;t2;0;980.9;false
0.05;0.0;0.01;0.01;0.0;0.0;8;/dados/rmelo/PDPTW-SE/benchmark_multi_floor_v3/official_experiments/multistartlp/official/set_01_pt_01/logs/heur_mslp/outputs/csvresults_heur_mslp_bash_3.csv;0;4;1;26;1;0.0;0.5;true;14;2;lr202_t2_12R_12V_02F_04M;/dados/rmelo/PDPTW-SE/benchmark_multi_floor_v3/official_experiments/multistartlp/official/set_01_pt_01/configs/genconfig_mslp.conf;genconfig_mslp;/dados/rmelo/PDPTW-SE/benchmark_multi_floor_v3/official_experiments/multistartlp/official/set_01_pt_01/logs/heur_mslp/gurobi/12R_12V_02F_04M/lr202_grb_genconfig_mslp_seed_58.log;random;12R_12V_02F_04M;1;0;1;/dados/rmelo/PDPTW-SE/benchmark_multi_floor_v3/official_experiments/multistartlp/official/set_01_pt_01/../../../../instances/orig_ams_fg/12R_12V_02F_04M/t2/lr202/;60000;57888;0;1628.56;25;13;H;50;95;0;100.0;30.0;true;0.95;100.0;1.0;1.0;1.0;1.0;60;M;60000;60000;false;46;0.75;70.57;0.93;23;10;1000000;-1;3600;27.02;0.49;0.68;mslp;heur;0.23;0.42;-1;3600;60000;I;12;0.75;0.17;lr202;0;/dados/rmelo/PDPTW-SE/benchmark_multi_floor_v3/official_experiments/multistartlp/official/set_01_pt_01/logs;0;0;0;0.0;100.0;1;58;/dados/rmelo/PDPTW-SE/benchmark_multi_floor_v3/official_experiments/multistartlp/official/set_01_pt_01/logs/heur_mslp/solutions/12R_12V_02F_04M/lr202_sol_genconfig_mslp_seed_58.txt;Gurobi;AUTOMATIC;17.95;_bash_3;_seed_58;16209.92;1;186.39;/dados/rmelo/PDPTW-SE/benchmark_multi_floor_v3/official_experiments/multistartlp/official/set_01_pt_01/logs/heur_mslp/timelines/12R_12V_02F_04M/lr202_timeline_genconfig_mslp_seed_58.txt;193.2;t2;0;982.09;false
0.05;0.0;0.02;0.02;0.0;0.04;8;/dados/rmelo/PDPTW-SE/benchmark_multi_floor_v3/official_experiments/multistartlp/official/set_01_pt_01/logs/heur_mslp/outputs/csvresults_heur_mslp_bash_3.csv;0;3;1;26;1;0.0;0.5;true;14;2;lr203_t2_12R_12V_02F_03M;/dados/rmelo/PDPTW-SE/benchmark_multi_floor_v3/official_experiments/multistartlp/official/set_01_pt_01/configs/genconfig_mslp.conf;genconfig_mslp;/dados/rmelo/PDPTW-SE/benchmark_multi_floor_v3/official_experiments/multistartlp/official/set_01_pt_01/logs/heur_mslp/gurobi/12R_12V_02F_03M/lr203_grb_genconfig_mslp_seed_58.log;random;12R_12V_02F_03M;1;0;1;/dados/rmelo/PDPTW-SE/benchmark_multi_floor_v3/official_experiments/multistartlp/official/set_01_pt_01/../../../../instances/orig_ams_fg/12R_12V_02F_04M/t2/lr203/;60000;30003;0;2103.24;25;13;H;50;95;0;100.0;30.0;true;0.95;100.0;1.0;1.0;1.0;1.0;60;M;59998;60000;false;58;0.82;81.22;1.0;29;10;1000000;-1;3600;15.24;0.5;0.99;mslp;heur;0.19;0.97;-1;3600;60000;I;12;1.0;0.17;lr203;0;/dados/rmelo/PDPTW-SE/benchmark_multi_floor_v3/official_experiments/multistartlp/official/set_01_pt_01/logs;0;0;0;0.0;100.0;1;58;/dados/rmelo/PDPTW-SE/benchmark_multi_floor_v3/official_experiments/multistartlp/official/set_01_pt_01/logs/heur_mslp/solutions/12R_12V_02F_03M/lr203_sol_genconfig_mslp_seed_58.txt;Gurobi;AUTOMATIC;18.17;_bash_3;_seed_58;9141.71;1;107.16;/dados/rmelo/PDPTW-SE/benchmark_multi_floor_v3/official_experiments/multistartlp/official/set_01_pt_01/logs/heur_mslp/timelines/12R_12V_02F_03M/lr203_timeline_genconfig_mslp_seed_58.txt;213.85;t2;0;1009.31;false
0.05;0.0;0.02;0.02;0.0;0.06;7;/dados/rmelo/PDPTW-SE/benchmark_multi_floor_v3/official_experiments/multistartlp/official/set_01_pt_01/logs/heur_mslp/outputs/csvresults_heur_mslp_bash_3.csv;0;4;1;26;1;0.0;0.5;true;14;2;lr203_t2_12R_12V_02F_04M;/dados/rmelo/PDPTW-SE/benchmark_multi_floor_v3/official_experiments/multistartlp/official/set_01_pt_01/configs/genconfig_mslp.conf;genconfig_mslp;/dados/rmelo/PDPTW-SE/benchmark_multi_floor_v3/official_experiments/multistartlp/official/set_01_pt_01/logs/heur_mslp/gurobi/12R_12V_02F_04M/lr203_grb_genconfig_mslp_seed_58.log;random;12R_12V_02F_04M;1;0;1;/dados/rmelo/PDPTW-SE/benchmark_multi_floor_v3/official_experiments/multistartlp/official/set_01_pt_01/../../../../instances/orig_ams_fg/12R_12V_02F_04M/t2/lr203/;60000;10997;0;2098.75;25;13;H;50;95;0;100.0;30.0;true;0.95;100.0;1.0;1.0;1.0;1.0;60;M;59998;60000;false;58;0.77;81.22;1.0;29;10;1000000;-1;3600;15.31;0.5;0.89;mslp;heur;0.22;0.77;-1;3600;60000;I;12;0.5;0.17;lr203;0;/dados/rmelo/PDPTW-SE/benchmark_multi_floor_v3/official_experiments/multistartlp/official/set_01_pt_01/logs;0;0;0;0.0;100.0;1;58;/dados/rmelo/PDPTW-SE/benchmark_multi_floor_v3/official_experiments/multistartlp/official/set_01_pt_01/logs/heur_mslp/solutions/12R_12V_02F_04M/lr203_sol_genconfig_mslp_seed_58.txt;Gurobi;AUTOMATIC;17.93;_bash_3;_seed_58;9185.87;1;41.46;/dados/rmelo/PDPTW-SE/benchmark_multi_floor_v3/official_experiments/multistartlp/official/set_01_pt_01/logs/heur_mslp/timelines/12R_12V_02F_04M/lr203_timeline_genconfig_mslp_seed_58.txt;223.73;t2;0;998.8;false
0.05;0.0;0.01;0.01;0.0;0.0;11;/dados/rmelo/PDPTW-SE/benchmark_multi_floor_v3/official_experiments/multistartlp/official/set_01_pt_01/logs/heur_mslp/outputs/csvresults_heur_mslp_bash_3.csv;0;3;1;26;1;0.0;0.5;true;14;2;lr204_t2_12R_12V_02F_03M;/dados/rmelo/PDPTW-SE/benchmark_multi_floor_v3/official_experiments/multistartlp/official/set_01_pt_01/configs/genconfig_mslp.conf;genconfig_mslp;/dados/rmelo/PDPTW-SE/benchmark_multi_floor_v3/official_experiments/multistartlp/official/set_01_pt_01/logs/heur_mslp/gurobi/12R_12V_02F_03M/lr204_grb_genconfig_mslp_seed_58.log;random;12R_12V_02F_03M;1;0;1;/dados/rmelo/PDPTW-SE/benchmark_multi_floor_v3/official_experiments/multistartlp/official/set_01_pt_01/../../../../instances/orig_ams_fg/12R_12V_02F_04M/t2/lr204/;60000;18284;0;1178.56;25;13;H;50;95;0;100.0;30.0;true;0.95;100.0;1.0;1.0;1.0;1.0;60;M;40424;60000;false;38;0.56;92.7;0.97;19;10;1000000;-1;3600;4.66;0.47;0.94;mslp;heur;0.37;0.91;-1;3600;60000;I;12;0.67;0.17;lr204;0;/dados/rmelo/PDPTW-SE/benchmark_multi_floor_v3/official_experiments/multistartlp/official/set_01_pt_01/logs;0;0;0;0.0;67.37;1;58;/dados/rmelo/PDPTW-SE/benchmark_multi_floor_v3/official_experiments/multistartlp/official/set_01_pt_01/logs/heur_mslp/solutions/12R_12V_02F_03M/lr204_sol_genconfig_mslp_seed_58.txt;Gurobi;AUTOMATIC;17.92;_bash_3;_seed_58;2798.09;1;61.92;/dados/rmelo/PDPTW-SE/benchmark_multi_floor_v3/official_experiments/multistartlp/official/set_01_pt_01/logs/heur_mslp/timelines/12R_12V_02F_03M/lr204_timeline_genconfig_mslp_seed_58.txt;202.24;t2;0;930.4;false
0.05;0.0;0.01;0.01;0.0;0.0;11;/dados/rmelo/PDPTW-SE/benchmark_multi_floor_v3/official_experiments/multistartlp/official/set_01_pt_01/logs/heur_mslp/outputs/csvresults_heur_mslp_bash_3.csv;0;4;1;26;1;0.0;0.5;true;14;2;lr204_t2_12R_12V_02F_04M;/dados/rmelo/PDPTW-SE/benchmark_multi_floor_v3/official_experiments/multistartlp/official/set_01_pt_01/configs/genconfig_mslp.conf;genconfig_mslp;/dados/rmelo/PDPTW-SE/benchmark_multi_floor_v3/official_experiments/multistartlp/official/set_01_pt_01/logs/heur_mslp/gurobi/12R_12V_02F_04M/lr204_grb_genconfig_mslp_seed_58.log;random;12R_12V_02F_04M;1;0;1;/dados/rmelo/PDPTW-SE/benchmark_multi_floor_v3/official_experiments/multistartlp/official/set_01_pt_01/../../../../instances/orig_ams_fg/12R_12V_02F_04M/t2/lr204/;60000;18284;0;1178.56;25;13;H;50;95;0;100.0;30.0;true;0.95;100.0;1.0;1.0;1.0;1.0;60;M;40473;60000;false;38;0.56;92.7;0.97;19;10;1000000;-1;3600;4.71;0.46;0.94;mslp;heur;0.37;0.91;-1;3600;60000;I;12;0.75;0.17;lr204;0;/dados/rmelo/PDPTW-SE/benchmark_multi_floor_v3/official_experiments/multistartlp/official/set_01_pt_01/logs;0;0;0;0.0;67.46;1;58;/dados/rmelo/PDPTW-SE/benchmark_multi_floor_v3/official_experiments/multistartlp/official/set_01_pt_01/logs/heur_mslp/solutions/12R_12V_02F_04M/lr204_sol_genconfig_mslp_seed_58.txt;Gurobi;AUTOMATIC;17.86;_bash_3;_seed_58;2824.02;1;65.38;/dados/rmelo/PDPTW-SE/benchmark_multi_floor_v3/official_experiments/multistartlp/official/set_01_pt_01/logs/heur_mslp/timelines/12R_12V_02F_04M/lr204_timeline_genconfig_mslp_seed_58.txt;213.16;t2;0;929.02;false
0.05;0.0;0.01;0.01;0.0;0.08;11;/dados/rmelo/PDPTW-SE/benchmark_multi_floor_v3/official_experiments/multistartlp/official/set_01_pt_01/logs/heur_mslp/outputs/csvresults_heur_mslp_bash_3.csv;0;3;1;26;1;0.0;0.5;true;14;2;lr205_t2_12R_12V_02F_03M;/dados/rmelo/PDPTW-SE/benchmark_multi_floor_v3/official_experiments/multistartlp/official/set_01_pt_01/configs/genconfig_mslp.conf;genconfig_mslp;/dados/rmelo/PDPTW-SE/benchmark_multi_floor_v3/official_experiments/multistartlp/official/set_01_pt_01/logs/heur_mslp/gurobi/12R_12V_02F_03M/lr205_grb_genconfig_mslp_seed_58.log;random;12R_12V_02F_03M;1;2933;1;/dados/rmelo/PDPTW-SE/benchmark_multi_floor_v3/official_experiments/multistartlp/official/set_01_pt_01/../../../../instances/orig_ams_fg/12R_12V_02F_04M/t2/lr205/;60000;47680;0;1492.24;25;13;H;50;95;0;100.0;30.0;true;0.95;100.0;1.0;1.0;1.0;1.0;60;M;57067;57067;false;58;0.7;74.91;0.91;29;10;1000000;-1;3600;24.59;0.53;0.8;mslp;heur;0.35;0.69;-1;3600;60000;I;12;1.0;0.17;lr205;0;/dados/rmelo/PDPTW-SE/benchmark_multi_floor_v3/official_experiments/multistartlp/official/set_01_pt_01/logs;0;0;0;4.89;100.0;1;58;/dados/rmelo/PDPTW-SE/benchmark_multi_floor_v3/official_experiments/multistartlp/official/set_01_pt_01/logs/heur_mslp/solutions/12R_12V_02F_03M/lr205_sol_genconfig_mslp_seed_58.txt;Gurobi;AUTOMATIC;17.85;_bash_3;_seed_58;14030.52;1;147.62;/dados/rmelo/PDPTW-SE/benchmark_multi_floor_v3/official_experiments/multistartlp/official/set_01_pt_01/logs/heur_mslp/timelines/12R_12V_02F_03M/lr205_timeline_genconfig_mslp_seed_58.txt;185.52;t2;0;1052.1;false
0.05;0.0;0.01;0.01;0.0;0.05;6;/dados/rmelo/PDPTW-SE/benchmark_multi_floor_v3/official_experiments/multistartlp/official/set_01_pt_01/logs/heur_mslp/outputs/csvresults_heur_mslp_bash_3.csv;0;4;1;26;1;0.0;0.5;true;14;2;lr205_t2_12R_12V_02F_04M;/dados/rmelo/PDPTW-SE/benchmark_multi_floor_v3/official_experiments/multistartlp/official/set_01_pt_01/configs/genconfig_mslp.conf;genconfig_mslp;/dados/rmelo/PDPTW-SE/benchmark_multi_floor_v3/official_experiments/multistartlp/official/set_01_pt_01/logs/heur_mslp/gurobi/12R_12V_02F_04M/lr205_grb_genconfig_mslp_seed_58.log;random;12R_12V_02F_04M;1;10;1;/dados/rmelo/PDPTW-SE/benchmark_multi_floor_v3/official_experiments/multistartlp/official/set_01_pt_01/../../../../instances/orig_ams_fg/12R_12V_02F_04M/t2/lr205/;60000;33105;0;1853.05;25;13;H;50;95;0;100.0;30.0;true;0.95;100.0;1.0;1.0;1.0;1.0;60;M;59990;59990;false;58;0.69;74.91;0.98;29;10;1000000;-1;3600;24.79;0.51;0.91;mslp;heur;0.34;0.83;-1;3600;60000;I;12;0.75;0.17;lr205;0;/dados/rmelo/PDPTW-SE/benchmark_multi_floor_v3/official_experiments/multistartlp/official/set_01_pt_01/logs;0;0;0;0.02;100.0;1;58;/dados/rmelo/PDPTW-SE/benchmark_multi_floor_v3/official_experiments/multistartlp/official/set_01_pt_01/logs/heur_mslp/solutions/12R_12V_02F_04M/lr205_sol_genconfig_mslp_seed_58.txt;Gurobi;AUTOMATIC;17.76;_bash_3;_seed_58;14869.18;1;112.05;/dados/rmelo/PDPTW-SE/benchmark_multi_floor_v3/official_experiments/multistartlp/official/set_01_pt_01/logs/heur_mslp/timelines/12R_12V_02F_04M/lr205_timeline_genconfig_mslp_seed_58.txt;203.08;t2;0;1028.62;false
0.05;0.23;0.34;0.57;0.02;0.04;4;/dados/rmelo/PDPTW-SE/benchmark_multi_floor_v3/official_experiments/multistartlp/official/set_01_pt_01/logs/heur_mslp/outputs/csvresults_heur_mslp_bash_3.csv;0;3;1;26;1;0.0;0.5;true;14;2;lr101_t1_12R_12V_04F_03M;/dados/rmelo/PDPTW-SE/benchmark_multi_floor_v3/official_experiments/multistartlp/official/set_01_pt_01/configs/genconfig_mslp.conf;genconfig_mslp;/dados/rmelo/PDPTW-SE/benchmark_multi_floor_v3/official_experiments/multistartlp/official/set_01_pt_01/logs/heur_mslp/gurobi/12R_12V_04F_03M/lr101_grb_genconfig_mslp_seed_58.log;random;12R_12V_04F_03M;1;59912;1;/dados/rmelo/PDPTW-SE/benchmark_multi_floor_v3/official_experiments/multistartlp/official/set_01_pt_01/../../../../instances/orig_ams_fg/12R_12V_04F_04M/t1/lr101/;60000;13689;0;2058.13;25;13;H;50;95;0;100.0;30.0;true;0.95;100.0;1.0;1.0;1.0;1.0;60;M;88;88;false;52;0.84;78.74;0.76;26;10;1000000;-1;3600;15.82;0.56;0.37;mslp;heur;0.24;0.19;-1;3600;60000;I;12;1.0;0.92;lr101;0;/dados/rmelo/PDPTW-SE/benchmark_multi_floor_v3/official_experiments/multistartlp/official/set_01_pt_01/logs;0;0;0;99.85;100.0;1;58;/dados/rmelo/PDPTW-SE/benchmark_multi_floor_v3/official_experiments/multistartlp/official/set_01_pt_01/logs/heur_mslp/solutions/12R_12V_04F_03M/lr101_sol_genconfig_mslp_seed_58.txt;Gurobi;AUTOMATIC;17.84;_bash_3;_seed_58;13.92;1;4.18;/dados/rmelo/PDPTW-SE/benchmark_multi_floor_v3/official_experiments/multistartlp/official/set_01_pt_01/logs/heur_mslp/timelines/12R_12V_04F_03M/lr101_timeline_genconfig_mslp_seed_58.txt;17.32;t1;0;1651.84;false
0.05;0.16;0.25;0.42;0.0;0.05;9;/dados/rmelo/PDPTW-SE/benchmark_multi_floor_v3/official_experiments/multistartlp/official/set_01_pt_01/logs/heur_mslp/outputs/csvresults_heur_mslp_bash_3.csv;0;4;1;26;1;0.0;0.5;true;14;2;lr101_t1_12R_12V_04F_04M;/dados/rmelo/PDPTW-SE/benchmark_multi_floor_v3/official_experiments/multistartlp/official/set_01_pt_01/configs/genconfig_mslp.conf;genconfig_mslp;/dados/rmelo/PDPTW-SE/benchmark_multi_floor_v3/official_experiments/multistartlp/official/set_01_pt_01/logs/heur_mslp/gurobi/12R_12V_04F_04M/lr101_grb_genconfig_mslp_seed_58.log;random;12R_12V_04F_04M;1;56617;1;/dados/rmelo/PDPTW-SE/benchmark_multi_floor_v3/official_experiments/multistartlp/official/set_01_pt_01/../../../../instances/orig_ams_fg/12R_12V_04F_04M/t1/lr101/;60000;28402;0;2005.15;25;13;H;50;95;0;100.0;30.0;true;0.95;100.0;1.0;1.0;1.0;1.0;60;M;3383;3383;false;52;0.84;77.81;0.76;26;10;1000000;-1;3600;15.64;0.55;0.36;mslp;heur;0.24;0.21;-1;3600;60000;I;12;1.0;0.92;lr101;0;/dados/rmelo/PDPTW-SE/benchmark_multi_floor_v3/official_experiments/multistartlp/official/set_01_pt_01/logs;0;0;0;94.36;100.0;1;58;/dados/rmelo/PDPTW-SE/benchmark_multi_floor_v3/official_experiments/multistartlp/official/set_01_pt_01/logs/heur_mslp/solutions/12R_12V_04F_04M/lr101_sol_genconfig_mslp_seed_58.txt;Gurobi;AUTOMATIC;17.91;_bash_3;_seed_58;529.15;1;16.81;/dados/rmelo/PDPTW-SE/benchmark_multi_floor_v3/official_experiments/multistartlp/official/set_01_pt_01/logs/heur_mslp/timelines/12R_12V_04F_04M/lr101_timeline_genconfig_mslp_seed_58.txt;34.98;t1;0;1621.73;false
0.05;0.2;0.33;0.53;0.01;0.06;7;/dados/rmelo/PDPTW-SE/benchmark_multi_floor_v3/official_experiments/multistartlp/official/set_01_pt_01/logs/heur_mslp/outputs/csvresults_heur_mslp_bash_3.csv;0;3;1;26;1;0.0;0.5;true;14;2;lr102_t1_12R_12V_04F_03M;/dados/rmelo/PDPTW-SE/benchmark_multi_floor_v3/official_experiments/multistartlp/official/set_01_pt_01/configs/genconfig_mslp.conf;genconfig_mslp;/dados/rmelo/PDPTW-SE/benchmark_multi_floor_v3/official_experiments/multistartlp/official/set_01_pt_01/logs/heur_mslp/gurobi/12R_12V_04F_03M/lr102_grb_genconfig_mslp_seed_58.log;random;12R_12V_04F_03M;1;58842;1;/dados/rmelo/PDPTW-SE/benchmark_multi_floor_v3/official_experiments/multistartlp/official/set_01_pt_01/../../../../instances/orig_ams_fg/12R_12V_04F_04M/t1/lr102/;60000;11012;0;2102.15;25;13;H;50;95;0;100.0;30.0;true;0.95;100.0;1.0;1.0;1.0;1.0;60;M;1158;1158;false;62;0.87;86.28;0.69;31;10;1000000;-1;3600;17.3;0.63;0.38;mslp;heur;0.39;0.03;-1;3600;60000;I;12;1.0;0.83;lr102;0;/dados/rmelo/PDPTW-SE/benchmark_multi_floor_v3/official_experiments/multistartlp/official/set_01_pt_01/logs;0;0;0;98.07;100.0;1;58;/dados/rmelo/PDPTW-SE/benchmark_multi_floor_v3/official_experiments/multistartlp/official/set_01_pt_01/logs/heur_mslp/solutions/12R_12V_04F_03M/lr102_sol_genconfig_mslp_seed_58.txt;Gurobi;AUTOMATIC;17.99;_bash_3;_seed_58;200.33;1;4.56;/dados/rmelo/PDPTW-SE/benchmark_multi_floor_v3/official_experiments/multistartlp/official/set_01_pt_01/logs/heur_mslp/timelines/12R_12V_04F_03M/lr102_timeline_genconfig_mslp_seed_58.txt;23.68;t1;0;1649.51;false
0.05;0.13;0.25;0.38;0.0;0.04;9;/dados/rmelo/PDPTW-SE/benchmark_multi_floor_v3/official_experiments/multistartlp/official/set_01_pt_01/logs/heur_mslp/outputs/csvresults_heur_mslp_bash_3.csv;0;4;1;26;1;0.0;0.5;true;14;2;lr102_t1_12R_12V_04F_04M;/dados/rmelo/PDPTW-SE/benchmark_multi_floor_v3/official_experiments/multistartlp/official/set_01_pt_01/configs/genconfig_mslp.conf;genconfig_mslp;/dados/rmelo/PDPTW-SE/benchmark_multi_floor_v3/official_experiments/multistartlp/official/set_01_pt_01/logs/heur_mslp/gurobi/12R_12V_04F_04M/lr102_grb_genconfig_mslp_seed_58.log;random;12R_12V_04F_04M;1;46451;1;/dados/rmelo/PDPTW-SE/benchmark_multi_floor_v3/official_experiments/multistartlp/official/set_01_pt_01/../../../../instances/orig_ams_fg/12R_12V_04F_04M/t1/lr102/;60000;27081;0;2107.26;25;13;H;50;95;0;100.0;30.0;true;0.95;100.0;1.0;1.0;1.0;1.0;60;M;13549;13549;false;62;0.85;86.28;0.69;31;10;1000000;-1;3600;17.63;0.61;0.37;mslp;heur;0.38;0.04;-1;3600;60000;I;12;1.0;0.83;lr102;0;/dados/rmelo/PDPTW-SE/benchmark_multi_floor_v3/official_experiments/multistartlp/official/set_01_pt_01/logs;0;0;0;77.42;100.0;1;58;/dados/rmelo/PDPTW-SE/benchmark_multi_floor_v3/official_experiments/multistartlp/official/set_01_pt_01/logs/heur_mslp/solutions/12R_12V_04F_04M/lr102_sol_genconfig_mslp_seed_58.txt;Gurobi;AUTOMATIC;17.85;_bash_3;_seed_58;2389.14;1;28.66;/dados/rmelo/PDPTW-SE/benchmark_multi_floor_v3/official_experiments/multistartlp/official/set_01_pt_01/logs/heur_mslp/timelines/12R_12V_04F_04M/lr102_timeline_genconfig_mslp_seed_58.txt;63.28;t1;0;1603.37;false
0.05;0.16;0.28;0.43;0.0;0.0;13;/dados/rmelo/PDPTW-SE/benchmark_multi_floor_v3/official_experiments/multistartlp/official/set_01_pt_01/logs/heur_mslp/outputs/csvresults_heur_mslp_bash_3.csv;0;3;1;26;1;0.0;0.5;true;14;2;lr103_t1_12R_12V_04F_03M;/dados/rmelo/PDPTW-SE/benchmark_multi_floor_v3/official_experiments/multistartlp/official/set_01_pt_01/configs/genconfig_mslp.conf;genconfig_mslp;/dados/rmelo/PDPTW-SE/benchmark_multi_floor_v3/official_experiments/multistartlp/official/set_01_pt_01/logs/heur_mslp/gurobi/12R_12V_04F_03M/lr103_grb_genconfig_mslp_seed_58.log;random;12R_12V_04F_03M;1;29287;1;/dados/rmelo/PDPTW-SE/benchmark_multi_floor_v3/official_experiments/multistartlp/official/set_01_pt_01/../../../../instances/orig_ams_fg/12R_12V_04F_04M/t1/lr103/;60000;6732;0;1619.42;25;13;H;50;95;0;100.0;30.0;true;0.95;100.0;1.0;1.0;1.0;1.0;60;M;30713;30713;false;58;0.98;91.22;0.83;29;10;1000000;-1;3600;8.31;0.79;0.46;mslp;heur;0.6;0.16;-1;3600;60000;I;12;1.0;0.67;lr103;0;/dados/rmelo/PDPTW-SE/benchmark_multi_floor_v3/official_experiments/multistartlp/official/set_01_pt_01/logs;0;0;0;48.81;100.0;1;58;/dados/rmelo/PDPTW-SE/benchmark_multi_floor_v3/official_experiments/multistartlp/official/set_01_pt_01/logs/heur_mslp/solutions/12R_12V_04F_03M/lr103_sol_genconfig_mslp_seed_58.txt;Gurobi;AUTOMATIC;18.12;_bash_3;_seed_58;2551.32;1;14.2;/dados/rmelo/PDPTW-SE/benchmark_multi_floor_v3/official_experiments/multistartlp/official/set_01_pt_01/logs/heur_mslp/timelines/12R_12V_04F_03M/lr103_timeline_genconfig_mslp_seed_58.txt;124.41;t1;0;1460.46;false
0.05;0.1;0.21;0.3;0.0;0.0;10;/dados/rmelo/PDPTW-SE/benchmark_multi_floor_v3/official_experiments/multistartlp/official/set_01_pt_01/logs/heur_mslp/outputs/csvresults_heur_mslp_bash_3.csv;0;4;1;26;1;0.0;0.5;true;14;2;lr103_t1_12R_12V_04F_04M;/dados/rmelo/PDPTW-SE/benchmark_multi_floor_v3/official_experiments/multistartlp/official/set_01_pt_01/configs/genconfig_mslp.conf;genconfig_mslp;/dados/rmelo/PDPTW-SE/benchmark_multi_floor_v3/official_experiments/multistartlp/official/set_01_pt_01/logs/heur_mslp/gurobi/12R_12V_04F_04M/lr103_grb_genconfig_mslp_seed_58.log;random;12R_12V_04F_04M;1;9836;1;/dados/rmelo/PDPTW-SE/benchmark_multi_floor_v3/official_experiments/multistartlp/official/set_01_pt_01/../../../../instances/orig_ams_fg/12R_12V_04F_04M/t1/lr103/;60000;46485;0;1799.69;25;13;H;50;95;0;100.0;30.0;true;0.95;100.0;1.0;1.0;1.0;1.0;60;M;50164;50164;false;58;0.96;89.53;0.83;29;10;1000000;-1;3600;8.78;0.78;0.47;mslp;heur;0.6;0.16;-1;3600;60000;I;12;1.0;0.67;lr103;0;/dados/rmelo/PDPTW-SE/benchmark_multi_floor_v3/official_experiments/multistartlp/official/set_01_pt_01/logs;0;0;0;16.39;100.0;1;58;/dados/rmelo/PDPTW-SE/benchmark_multi_floor_v3/official_experiments/multistartlp/official/set_01_pt_01/logs/heur_mslp/solutions/12R_12V_04F_04M/lr103_sol_genconfig_mslp_seed_58.txt;Gurobi;AUTOMATIC;17.9;_bash_3;_seed_58;4403.52;1;144.42;/dados/rmelo/PDPTW-SE/benchmark_multi_floor_v3/official_experiments/multistartlp/official/set_01_pt_01/logs/heur_mslp/timelines/12R_12V_04F_04M/lr103_timeline_genconfig_mslp_seed_58.txt;186.39;t1;0;1437.85;false
0.05;0.18;0.25;0.43;0.0;0.0;12;/dados/rmelo/PDPTW-SE/benchmark_multi_floor_v3/official_experiments/multistartlp/official/set_01_pt_01/logs/heur_mslp/outputs/csvresults_heur_mslp_bash_3.csv;0;3;1;26;1;0.0;0.5;true;14;2;lr104_t1_12R_12V_04F_03M;/dados/rmelo/PDPTW-SE/benchmark_multi_floor_v3/official_experiments/multistartlp/official/set_01_pt_01/configs/genconfig_mslp.conf;genconfig_mslp;/dados/rmelo/PDPTW-SE/benchmark_multi_floor_v3/official_experiments/multistartlp/official/set_01_pt_01/logs/heur_mslp/gurobi/12R_12V_04F_03M/lr104_grb_genconfig_mslp_seed_58.log;random;12R_12V_04F_03M;1;49889;1;/dados/rmelo/PDPTW-SE/benchmark_multi_floor_v3/official_experiments/multistartlp/official/set_01_pt_01/../../../../instances/orig_ams_fg/12R_12V_04F_04M/t1/lr104/;60000;32759;0;1731.93;25;13;H;50;95;0;100.0;30.0;true;0.95;100.0;1.0;1.0;1.0;1.0;60;M;10111;10111;false;40;1.0;88.09;0.77;20;10;1000000;-1;3600;6.78;0.59;0.4;mslp;heur;0.31;0.05;-1;3600;60000;I;12;1.0;0.75;lr104;0;/dados/rmelo/PDPTW-SE/benchmark_multi_floor_v3/official_experiments/multistartlp/official/set_01_pt_01/logs;0;0;0;83.15;100.0;1;58;/dados/rmelo/PDPTW-SE/benchmark_multi_floor_v3/official_experiments/multistartlp/official/set_01_pt_01/logs/heur_mslp/solutions/12R_12V_04F_03M/lr104_sol_genconfig_mslp_seed_58.txt;Gurobi;AUTOMATIC;18.13;_bash_3;_seed_58;685.53;1;33.03;/dados/rmelo/PDPTW-SE/benchmark_multi_floor_v3/official_experiments/multistartlp/official/set_01_pt_01/logs/heur_mslp/timelines/12R_12V_04F_03M/lr104_timeline_genconfig_mslp_seed_58.txt;60.38;t1;0;1495.65;false
0.05;0.12;0.19;0.3;0.0;0.0;13;/dados/rmelo/PDPTW-SE/benchmark_multi_floor_v3/official_experiments/multistartlp/official/set_01_pt_01/logs/heur_mslp/outputs/csvresults_heur_mslp_bash_3.csv;0;4;1;26;1;0.0;0.5;true;14;2;lr104_t1_12R_12V_04F_04M;/dados/rmelo/PDPTW-SE/benchmark_multi_floor_v3/official_experiments/multistartlp/official/set_01_pt_01/configs/genconfig_mslp.conf;genconfig_mslp;/dados/rmelo/PDPTW-SE/benchmark_multi_floor_v3/official_experiments/multistartlp/official/set_01_pt_01/logs/heur_mslp/gurobi/12R_12V_04F_04M/lr104_grb_genconfig_mslp_seed_58.log;random;12R_12V_04F_04M;1;35059;1;/dados/rmelo/PDPTW-SE/benchmark_multi_floor_v3/official_experiments/multistartlp/official/set_01_pt_01/../../../../instances/orig_ams_fg/12R_12V_04F_04M/t1/lr104/;60000;49830;0;1613.87;25;13;H;50;95;0;100.0;30.0;true;0.95;100.0;1.0;1.0;1.0;1.0;60;M;24941;24941;false;40;0.86;88.0;0.76;20;10;1000000;-1;3600;4.88;0.59;0.38;mslp;heur;0.31;0.05;-1;3600;60000;I;12;1.0;0.75;lr104;0;/dados/rmelo/PDPTW-SE/benchmark_multi_floor_v3/official_experiments/multistartlp/official/set_01_pt_01/logs;0;0;0;58.43;100.0;1;58;/dados/rmelo/PDPTW-SE/benchmark_multi_floor_v3/official_experiments/multistartlp/official/set_01_pt_01/logs/heur_mslp/solutions/12R_12V_04F_04M/lr104_sol_genconfig_mslp_seed_58.txt;Gurobi;AUTOMATIC;17.96;_bash_3;_seed_58;1216.47;1;94.33;/dados/rmelo/PDPTW-SE/benchmark_multi_floor_v3/official_experiments/multistartlp/official/set_01_pt_01/logs/heur_mslp/timelines/12R_12V_04F_04M/lr104_timeline_genconfig_mslp_seed_58.txt;113.53;t1;0;1484.94;false
0.05;0.23;0.33;0.56;0.01;0.02;6;/dados/rmelo/PDPTW-SE/benchmark_multi_floor_v3/official_experiments/multistartlp/official/set_01_pt_01/logs/heur_mslp/outputs/csvresults_heur_mslp_bash_3.csv;0;3;1;26;1;0.0;0.5;true;14;2;lr105_t1_12R_12V_04F_03M;/dados/rmelo/PDPTW-SE/benchmark_multi_floor_v3/official_experiments/multistartlp/official/set_01_pt_01/configs/genconfig_mslp.conf;genconfig_mslp;/dados/rmelo/PDPTW-SE/benchmark_multi_floor_v3/official_experiments/multistartlp/official/set_01_pt_01/logs/heur_mslp/gurobi/12R_12V_04F_03M/lr105_grb_genconfig_mslp_seed_58.log;random;12R_12V_04F_03M;1;59473;1;/dados/rmelo/PDPTW-SE/benchmark_multi_floor_v3/official_experiments/multistartlp/official/set_01_pt_01/../../../../instances/orig_ams_fg/12R_12V_04F_04M/t1/lr105/;60000;6235;0;2119.31;25;13;H;50;95;0;100.0;30.0;true;0.95;100.0;1.0;1.0;1.0;1.0;60;M;527;527;false;58;0.79;89.63;0.76;29;10;1000000;-1;3600;15.23;0.63;0.32;mslp;heur;0.43;0.04;-1;3600;60000;I;12;1.0;0.92;lr105;0;/dados/rmelo/PDPTW-SE/benchmark_multi_floor_v3/official_experiments/multistartlp/official/set_01_pt_01/logs;0;0;0;99.12;100.0;1;58;/dados/rmelo/PDPTW-SE/benchmark_multi_floor_v3/official_experiments/multistartlp/official/set_01_pt_01/logs/heur_mslp/solutions/12R_12V_04F_03M/lr105_sol_genconfig_mslp_seed_58.txt;Gurobi;AUTOMATIC;17.77;_bash_3;_seed_58;80.26;1;2.15;/dados/rmelo/PDPTW-SE/benchmark_multi_floor_v3/official_experiments/multistartlp/official/set_01_pt_01/logs/heur_mslp/timelines/12R_12V_04F_03M/lr105_timeline_genconfig_mslp_seed_58.txt;17.66;t1;0;1728.08;false
0.05;0.19;0.25;0.44;0.0;0.03;8;/dados/rmelo/PDPTW-SE/benchmark_multi_floor_v3/official_experiments/multistartlp/official/set_01_pt_01/logs/heur_mslp/outputs/csvresults_heur_mslp_bash_3.csv;0;4;1;26;1;0.0;0.5;true;14;2;lr105_t1_12R_12V_04F_04M;/dados/rmelo/PDPTW-SE/benchmark_multi_floor_v3/official_experiments/multistartlp/official/set_01_pt_01/configs/genconfig_mslp.conf;genconfig_mslp;/dados/rmelo/PDPTW-SE/benchmark_multi_floor_v3/official_experiments/multistartlp/official/set_01_pt_01/logs/heur_mslp/gurobi/12R_12V_04F_04M/lr105_grb_genconfig_mslp_seed_58.log;random;12R_12V_04F_04M;1;44768;1;/dados/rmelo/PDPTW-SE/benchmark_multi_floor_v3/official_experiments/multistartlp/official/set_01_pt_01/../../../../instances/orig_ams_fg/12R_12V_04F_04M/t1/lr105/;60000;1035;0;2084.35;25;13;H;50;95;0;100.0;30.0;true;0.95;100.0;1.0;1.0;1.0;1.0;60;M;15232;15232;false;58;0.84;89.63;0.68;29;10;1000000;-1;3600;14.54;0.62;0.36;mslp;heur;0.43;0.12;-1;3600;60000;I;12;1.0;0.92;lr105;0;/dados/rmelo/PDPTW-SE/benchmark_multi_floor_v3/official_experiments/multistartlp/official/set_01_pt_01/logs;0;0;0;74.61;100.0;1;58;/dados/rmelo/PDPTW-SE/benchmark_multi_floor_v3/official_experiments/multistartlp/official/set_01_pt_01/logs/heur_mslp/solutions/12R_12V_04F_04M/lr105_sol_genconfig_mslp_seed_58.txt;Gurobi;AUTOMATIC;18.05;_bash_3;_seed_58;2214.51;1;1.53;/dados/rmelo/PDPTW-SE/benchmark_multi_floor_v3/official_experiments/multistartlp/official/set_01_pt_01/logs/heur_mslp/timelines/12R_12V_04F_04M/lr105_timeline_genconfig_mslp_seed_58.txt;66.29;t1;0;1714.98;false
0.05;0.03;0.05;0.08;0.07;0.08;11;/dados/rmelo/PDPTW-SE/benchmark_multi_floor_v3/official_experiments/multistartlp/official/set_01_pt_01/logs/heur_mslp/outputs/csvresults_heur_mslp_bash_3.csv;0;3;1;26;1;0.0;0.5;true;14;2;lr201_t2_12R_12V_04F_03M;/dados/rmelo/PDPTW-SE/benchmark_multi_floor_v3/official_experiments/multistartlp/official/set_01_pt_01/configs/genconfig_mslp.conf;genconfig_mslp;/dados/rmelo/PDPTW-SE/benchmark_multi_floor_v3/official_experiments/multistartlp/official/set_01_pt_01/logs/heur_mslp/gurobi/12R_12V_04F_03M/lr201_grb_genconfig_mslp_seed_58.log;random;12R_12V_04F_03M;1;2220;1;/dados/rmelo/PDPTW-SE/benchmark_multi_floor_v3/official_experiments/multistartlp/official/set_01_pt_01/../../../../instances/orig_ams_fg/12R_12V_04F_04M/t2/lr201/;60000;23322;0;2783.6;25;13;H;50;95;0;100.0;30.0;true;0.95;100.0;1.0;1.0;1.0;1.0;60;M;57780;57780;false;52;0.73;75.4;0.87;26;10;1000000;-1;3600;18.67;0.52;0.68;mslp;heur;0.16;0.33;-1;3600;60000;I;12;1.0;0.25;lr201;0;/dados/rmelo/PDPTW-SE/benchmark_multi_floor_v3/official_experiments/multistartlp/official/set_01_pt_01/logs;0;0;0;3.7;100.0;1;58;/dados/rmelo/PDPTW-SE/benchmark_multi_floor_v3/official_experiments/multistartlp/official/set_01_pt_01/logs/heur_mslp/solutions/12R_12V_04F_03M/lr201_sol_genconfig_mslp_seed_58.txt;Gurobi;AUTOMATIC;17.8;_bash_3;_seed_58;10786.48;1;74.51;/dados/rmelo/PDPTW-SE/benchmark_multi_floor_v3/official_experiments/multistartlp/official/set_01_pt_01/logs/heur_mslp/timelines/12R_12V_04F_03M/lr201_timeline_genconfig_mslp_seed_58.txt;191.73;t2;0;1574.75;false
0.05;0.02;0.04;0.06;0.07;0.08;12;/dados/rmelo/PDPTW-SE/benchmark_multi_floor_v3/official_experiments/multistartlp/official/set_01_pt_01/logs/heur_mslp/outputs/csvresults_heur_mslp_bash_3.csv;0;4;1;26;1;0.0;0.5;true;14;2;lr201_t2_12R_12V_04F_04M;/dados/rmelo/PDPTW-SE/benchmark_multi_floor_v3/official_experiments/multistartlp/official/set_01_pt_01/configs/genconfig_mslp.conf;genconfig_mslp;/dados/rmelo/PDPTW-SE/benchmark_multi_floor_v3/official_experiments/multistartlp/official/set_01_pt_01/logs/heur_mslp/gurobi/12R_12V_04F_04M/lr201_grb_genconfig_mslp_seed_58.log;random;12R_12V_04F_04M;1;2398;1;/dados/rmelo/PDPTW-SE/benchmark_multi_floor_v3/official_experiments/multistartlp/official/set_01_pt_01/../../../../instances/orig_ams_fg/12R_12V_04F_04M/t2/lr201/;60000;13395;0;2816.91;25;13;H;50;95;0;100.0;30.0;true;0.95;100.0;1.0;1.0;1.0;1.0;60;M;57602;57602;false;52;0.73;75.02;0.87;26;10;1000000;-1;3600;19.93;0.52;0.7;mslp;heur;0.16;0.4;-1;3600;60000;I;12;1.0;0.25;lr201;0;/dados/rmelo/PDPTW-SE/benchmark_multi_floor_v3/official_experiments/multistartlp/official/set_01_pt_01/logs;0;0;0;4.0;100.0;1;58;/dados/rmelo/PDPTW-SE/benchmark_multi_floor_v3/official_experiments/multistartlp/official/set_01_pt_01/logs/heur_mslp/solutions/12R_12V_04F_04M/lr201_sol_genconfig_mslp_seed_58.txt;Gurobi;AUTOMATIC;17.93;_bash_3;_seed_58;11481.52;1;45.5;/dados/rmelo/PDPTW-SE/benchmark_multi_floor_v3/official_experiments/multistartlp/official/set_01_pt_01/logs/heur_mslp/timelines/12R_12V_04F_04M/lr201_timeline_genconfig_mslp_seed_58.txt;202.47;t2;0;1573.87;false
0.05;0.02;0.03;0.05;0.0;0.0;12;/dados/rmelo/PDPTW-SE/benchmark_multi_floor_v3/official_experiments/multistartlp/official/set_01_pt_01/logs/heur_mslp/outputs/csvresults_heur_mslp_bash_3.csv;0;3;1;26;1;0.0;0.5;true;14;2;lr202_t2_12R_12V_04F_03M;/dados/rmelo/PDPTW-SE/benchmark_multi_floor_v3/official_experiments/multistartlp/official/set_01_pt_01/configs/genconfig_mslp.conf;genconfig_mslp;/dados/rmelo/PDPTW-SE/benchmark_multi_floor_v3/official_experiments/multistartlp/official/set_01_pt_01/logs/heur_mslp/gurobi/12R_12V_04F_03M/lr202_grb_genconfig_mslp_seed_58.log;random;12R_12V_04F_03M;1;10;1;/dados/rmelo/PDPTW-SE/benchmark_multi_floor_v3/official_experiments/multistartlp/official/set_01_pt_01/../../../../instances/orig_ams_fg/12R_12V_04F_04M/t2/lr202/;60000;12541;0;2168.34;25;13;H;50;95;0;100.0;30.0;true;0.95;100.0;1.0;1.0;1.0;1.0;60;M;59990;59990;false;46;0.8;80.55;0.93;23;10;1000000;-1;3600;21.11;0.61;0.8;mslp;heur;0.41;0.67;-1;3600;60000;I;12;1.0;0.17;lr202;0;/dados/rmelo/PDPTW-SE/benchmark_multi_floor_v3/official_experiments/multistartlp/official/set_01_pt_01/logs;0;0;0;0.02;100.0;1;58;/dados/rmelo/PDPTW-SE/benchmark_multi_floor_v3/official_experiments/multistartlp/official/set_01_pt_01/logs/heur_mslp/solutions/12R_12V_04F_03M/lr202_sol_genconfig_mslp_seed_58.txt;Gurobi;AUTOMATIC;17.83;_bash_3;_seed_58;12661.96;1;50.15;/dados/rmelo/PDPTW-SE/benchmark_multi_floor_v3/official_experiments/multistartlp/official/set_01_pt_01/logs/heur_mslp/timelines/12R_12V_04F_03M/lr202_timeline_genconfig_mslp_seed_58.txt;237.12;t2;0;1213.47;false
0.05;0.02;0.02;0.04;0.0;0.0;13;/dados/rmelo/PDPTW-SE/benchmark_multi_floor_v3/official_experiments/multistartlp/official/set_01_pt_01/logs/heur_mslp/outputs/csvresults_heur_mslp_bash_3.csv;0;4;1;26;1;0.0;0.5;true;14;2;lr202_t2_12R_12V_04F_04M;/dados/rmelo/PDPTW-SE/benchmark_multi_floor_v3/official_experiments/multistartlp/official/set_01_pt_01/configs/genconfig_mslp.conf;genconfig_mslp;/dados/rmelo/PDPTW-SE/benchmark_multi_floor_v3/official_experiments/multistartlp/official/set_01_pt_01/logs/heur_mslp/gurobi/12R_12V_04F_04M/lr202_grb_genconfig_mslp_seed_58.log;random;12R_12V_04F_04M;1;0;1;/dados/rmelo/PDPTW-SE/benchmark_multi_floor_v3/official_experiments/multistartlp/official/set_01_pt_01/../../../../instances/orig_ams_fg/12R_12V_04F_04M/t2/lr202/;60000;57976;0;2400.64;25;13;H;50;95;0;100.0;30.0;true;0.95;100.0;1.0;1.0;1.0;1.0;60;M;60000;60000;false;46;0.8;80.55;0.93;23;10;1000000;-1;3600;22.17;0.6;0.8;mslp;heur;0.41;0.67;-1;3600;60000;I;12;1.0;0.17;lr202;0;/dados/rmelo/PDPTW-SE/benchmark_multi_floor_v3/official_experiments/multistartlp/official/set_01_pt_01/logs;0;0;0;0.0;100.0;1;58;/dados/rmelo/PDPTW-SE/benchmark_multi_floor_v3/official_experiments/multistartlp/official/set_01_pt_01/logs/heur_mslp/solutions/12R_12V_04F_04M/lr202_sol_genconfig_mslp_seed_58.txt;Gurobi;AUTOMATIC;18.15;_bash_3;_seed_58;13301.81;1;246.02;/dados/rmelo/PDPTW-SE/benchmark_multi_floor_v3/official_experiments/multistartlp/official/set_01_pt_01/logs/heur_mslp/timelines/12R_12V_04F_04M/lr202_timeline_genconfig_mslp_seed_58.txt;254.6;t2;0;1209.27;false
0.05;0.01;0.04;0.06;0.0;0.0;10;/dados/rmelo/PDPTW-SE/benchmark_multi_floor_v3/official_experiments/multistartlp/official/set_01_pt_01/logs/heur_mslp/outputs/csvresults_heur_mslp_bash_3.csv;0;3;1;26;1;0.0;0.5;true;14;2;lr203_t2_12R_12V_04F_03M;/dados/rmelo/PDPTW-SE/benchmark_multi_floor_v3/official_experiments/multistartlp/official/set_01_pt_01/configs/genconfig_mslp.conf;genconfig_mslp;/dados/rmelo/PDPTW-SE/benchmark_multi_floor_v3/official_experiments/multistartlp/official/set_01_pt_01/logs/heur_mslp/gurobi/12R_12V_04F_03M/lr203_grb_genconfig_mslp_seed_58.log;random;12R_12V_04F_03M;1;0;1;/dados/rmelo/PDPTW-SE/benchmark_multi_floor_v3/official_experiments/multistartlp/official/set_01_pt_01/../../../../instances/orig_ams_fg/12R_12V_04F_04M/t2/lr203/;60000;17544;0;2161.24;25;13;H;50;95;0;100.0;30.0;true;0.95;100.0;1.0;1.0;1.0;1.0;60;M;59993;60000;false;58;0.95;88.37;1.0;29;10;1000000;-1;3600;10.39;0.62;0.98;mslp;heur;0.29;0.97;-1;3600;60000;I;12;1.0;0.17;lr203;0;/dados/rmelo/PDPTW-SE/benchmark_multi_floor_v3/official_experiments/multistartlp/official/set_01_pt_01/logs;0;0;0;0.0;99.99;1;58;/dados/rmelo/PDPTW-SE/benchmark_multi_floor_v3/official_experiments/multistartlp/official/set_01_pt_01/logs/heur_mslp/solutions/12R_12V_04F_03M/lr203_sol_genconfig_mslp_seed_58.txt;Gurobi;AUTOMATIC;18.04;_bash_3;_seed_58;6231.7;1;84.49;/dados/rmelo/PDPTW-SE/benchmark_multi_floor_v3/official_experiments/multistartlp/official/set_01_pt_01/logs/heur_mslp/timelines/12R_12V_04F_03M/lr203_timeline_genconfig_mslp_seed_58.txt;288.42;t2;0;1238.84;false
0.05;0.02;0.04;0.06;0.0;0.0;13;/dados/rmelo/PDPTW-SE/benchmark_multi_floor_v3/official_experiments/multistartlp/official/set_01_pt_01/logs/heur_mslp/outputs/csvresults_heur_mslp_bash_3.csv;0;4;1;26;1;0.0;0.5;true;14;2;lr203_t2_12R_12V_04F_04M;/dados/rmelo/PDPTW-SE/benchmark_multi_floor_v3/official_experiments/multistartlp/official/set_01_pt_01/configs/genconfig_mslp.conf;genconfig_mslp;/dados/rmelo/PDPTW-SE/benchmark_multi_floor_v3/official_experiments/multistartlp/official/set_01_pt_01/logs/heur_mslp/gurobi/12R_12V_04F_04M/lr203_grb_genconfig_mslp_seed_58.log;random;12R_12V_04F_04M;1;0;1;/dados/rmelo/PDPTW-SE/benchmark_multi_floor_v3/official_experiments/multistartlp/official/set_01_pt_01/../../../../instances/orig_ams_fg/12R_12V_04F_04M/t2/lr203/;60000;52398;0;2159.36;25;13;H;50;95;0;100.0;30.0;true;0.95;100.0;1.0;1.0;1.0;1.0;60;M;59984;60000;false;58;0.92;87.65;0.86;29;10;1000000;-1;3600;10.53;0.6;0.83;mslp;heur;0.29;0.79;-1;3600;60000;I;12;0.75;0.17;lr203;0;/dados/rmelo/PDPTW-SE/benchmark_multi_floor_v3/official_experiments/multistartlp/official/set_01_pt_01/logs;0;0;0;0.0;99.97;1;58;/dados/rmelo/PDPTW-SE/benchmark_multi_floor_v3/official_experiments/multistartlp/official/set_01_pt_01/logs/heur_mslp/solutions/12R_12V_04F_04M/lr203_sol_genconfig_mslp_seed_58.txt;Gurobi;AUTOMATIC;18.1;_bash_3;_seed_58;6318.14;1;267.72;/dados/rmelo/PDPTW-SE/benchmark_multi_floor_v3/official_experiments/multistartlp/official/set_01_pt_01/logs/heur_mslp/timelines/12R_12V_04F_04M/lr203_timeline_genconfig_mslp_seed_58.txt;306.45;t2;0;1204.74;false
0.05;0.0;0.05;0.06;0.0;0.0;8;/dados/rmelo/PDPTW-SE/benchmark_multi_floor_v3/official_experiments/multistartlp/official/set_01_pt_01/logs/heur_mslp/outputs/csvresults_heur_mslp_bash_3.csv;0;3;1;26;1;0.0;0.5;true;14;2;lr204_t2_12R_12V_04F_03M;/dados/rmelo/PDPTW-SE/benchmark_multi_floor_v3/official_experiments/multistartlp/official/set_01_pt_01/configs/genconfig_mslp.conf;genconfig_mslp;/dados/rmelo/PDPTW-SE/benchmark_multi_floor_v3/official_experiments/multistartlp/official/set_01_pt_01/logs/heur_mslp/gurobi/12R_12V_04F_03M/lr204_grb_genconfig_mslp_seed_58.log;random;12R_12V_04F_03M;1;0;1;/dados/rmelo/PDPTW-SE/benchmark_multi_floor_v3/official_experiments/multistartlp/official/set_01_pt_01/../../../../instances/orig_ams_fg/12R_12V_04F_04M/t2/lr204/;60000;27504;0;1324.59;25;13;H;50;95;0;100.0;30.0;true;0.95;100.0;1.0;1.0;1.0;1.0;60;M;38129;60000;false;38;0.62;102.7;1.0;19;10;1000000;-1;3600;2.03;0.59;0.98;mslp;heur;0.56;0.97;-1;3600;60000;I;12;0.67;0.17;lr204;0;/dados/rmelo/PDPTW-SE/benchmark_multi_floor_v3/official_experiments/multistartlp/official/set_01_pt_01/logs;0;0;0;0.0;63.55;1;58;/dados/rmelo/PDPTW-SE/benchmark_multi_floor_v3/official_experiments/multistartlp/official/set_01_pt_01/logs/heur_mslp/solutions/12R_12V_04F_03M/lr204_sol_genconfig_mslp_seed_58.txt;Gurobi;AUTOMATIC;17.71;_bash_3;_seed_58;1218.54;1;131.62;/dados/rmelo/PDPTW-SE/benchmark_multi_floor_v3/official_experiments/multistartlp/official/set_01_pt_01/logs/heur_mslp/timelines/12R_12V_04F_03M/lr204_timeline_genconfig_mslp_seed_58.txt;285.86;t2;0;1175.03;false
0.05;0.01;0.04;0.04;0.0;0.0;8;/dados/rmelo/PDPTW-SE/benchmark_multi_floor_v3/official_experiments/multistartlp/official/set_01_pt_01/logs/heur_mslp/outputs/csvresults_heur_mslp_bash_3.csv;0;4;1;26;1;0.0;0.5;true;14;2;lr204_t2_12R_12V_04F_04M;/dados/rmelo/PDPTW-SE/benchmark_multi_floor_v3/official_experiments/multistartlp/official/set_01_pt_01/configs/genconfig_mslp.conf;genconfig_mslp;/dados/rmelo/PDPTW-SE/benchmark_multi_floor_v3/official_experiments/multistartlp/official/set_01_pt_01/logs/heur_mslp/gurobi/12R_12V_04F_04M/lr204_grb_genconfig_mslp_seed_58.log;random;12R_12V_04F_04M;1;0;1;/dados/rmelo/PDPTW-SE/benchmark_multi_floor_v3/official_experiments/multistartlp/official/set_01_pt_01/../../../../instances/orig_ams_fg/12R_12V_04F_04M/t2/lr204/;60000;34563;0;1321.68;25;13;H;50;95;0;100.0;30.0;true;0.95;100.0;1.0;1.0;1.0;1.0;60;M;39716;60000;false;38;0.62;102.7;0.97;19;10;1000000;-1;3600;2.14;0.61;0.97;mslp;heur;0.59;0.97;-1;3600;60000;I;12;0.75;0.17;lr204;0;/dados/rmelo/PDPTW-SE/benchmark_multi_floor_v3/official_experiments/multistartlp/official/set_01_pt_01/logs;0;0;0;0.0;66.19;1;58;/dados/rmelo/PDPTW-SE/benchmark_multi_floor_v3/official_experiments/multistartlp/official/set_01_pt_01/logs/heur_mslp/solutions/12R_12V_04F_04M/lr204_sol_genconfig_mslp_seed_58.txt;Gurobi;AUTOMATIC;17.88;_bash_3;_seed_58;1281.03;1;174.46;/dados/rmelo/PDPTW-SE/benchmark_multi_floor_v3/official_experiments/multistartlp/official/set_01_pt_01/logs/heur_mslp/timelines/12R_12V_04F_04M/lr204_timeline_genconfig_mslp_seed_58.txt;302.24;t2;0;1214.04;false
0.05;0.01;0.06;0.06;0.0;0.03;8;/dados/rmelo/PDPTW-SE/benchmark_multi_floor_v3/official_experiments/multistartlp/official/set_01_pt_01/logs/heur_mslp/outputs/csvresults_heur_mslp_bash_3.csv;0;3;1;26;1;0.0;0.5;true;14;2;lr205_t2_12R_12V_04F_03M;/dados/rmelo/PDPTW-SE/benchmark_multi_floor_v3/official_experiments/multistartlp/official/set_01_pt_01/configs/genconfig_mslp.conf;genconfig_mslp;/dados/rmelo/PDPTW-SE/benchmark_multi_floor_v3/official_experiments/multistartlp/official/set_01_pt_01/logs/heur_mslp/gurobi/12R_12V_04F_03M/lr205_grb_genconfig_mslp_seed_58.log;random;12R_12V_04F_03M;1;4023;1;/dados/rmelo/PDPTW-SE/benchmark_multi_floor_v3/official_experiments/multistartlp/official/set_01_pt_01/../../../../instances/orig_ams_fg/12R_12V_04F_04M/t2/lr205/;60000;17561;0;1995.87;25;13;H;50;95;0;100.0;30.0;true;0.95;100.0;1.0;1.0;1.0;1.0;60;M;55977;55977;false;58;0.7;84.63;1.0;29;10;1000000;-1;3600;21.74;0.62;0.85;mslp;heur;0.54;0.71;-1;3600;60000;I;12;0.67;0.17;lr205;0;/dados/rmelo/PDPTW-SE/benchmark_multi_floor_v3/official_experiments/multistartlp/official/set_01_pt_01/logs;0;0;0;6.7;100.0;1;58;/dados/rmelo/PDPTW-SE/benchmark_multi_floor_v3/official_experiments/multistartlp/official/set_01_pt_01/logs/heur_mslp/solutions/12R_12V_04F_03M/lr205_sol_genconfig_mslp_seed_58.txt;Gurobi;AUTOMATIC;18.08;_bash_3;_seed_58;12166.85;1;67.42;/dados/rmelo/PDPTW-SE/benchmark_multi_floor_v3/official_experiments/multistartlp/official/set_01_pt_01/logs/heur_mslp/timelines/12R_12V_04F_03M/lr205_timeline_genconfig_mslp_seed_58.txt;229.76;t2;0;1239.95;false
0.05;0.01;0.03;0.04;0.0;0.0;10;/dados/rmelo/PDPTW-SE/benchmark_multi_floor_v3/official_experiments/multistartlp/official/set_01_pt_01/logs/heur_mslp/outputs/csvresults_heur_mslp_bash_3.csv;0;4;1;26;1;0.0;0.5;true;14;2;lr205_t2_12R_12V_04F_04M;/dados/rmelo/PDPTW-SE/benchmark_multi_floor_v3/official_experiments/multistartlp/official/set_01_pt_01/configs/genconfig_mslp.conf;genconfig_mslp;/dados/rmelo/PDPTW-SE/benchmark_multi_floor_v3/official_experiments/multistartlp/official/set_01_pt_01/logs/heur_mslp/gurobi/12R_12V_04F_04M/lr205_grb_genconfig_mslp_seed_58.log;random;12R_12V_04F_04M;1;38;1;/dados/rmelo/PDPTW-SE/benchmark_multi_floor_v3/official_experiments/multistartlp/official/set_01_pt_01/../../../../instances/orig_ams_fg/12R_12V_04F_04M/t2/lr205/;60000;36641;0;2109.74;25;13;H;50;95;0;100.0;30.0;true;0.95;100.0;1.0;1.0;1.0;1.0;60;M;59962;59962;false;58;0.7;84.63;0.98;29;10;1000000;-1;3600;22.17;0.61;0.98;mslp;heur;0.52;0.98;-1;3600;60000;I;12;1.0;0.17;lr205;0;/dados/rmelo/PDPTW-SE/benchmark_multi_floor_v3/official_experiments/multistartlp/official/set_01_pt_01/logs;0;0;0;0.06;100.0;1;58;/dados/rmelo/PDPTW-SE/benchmark_multi_floor_v3/official_experiments/multistartlp/official/set_01_pt_01/logs/heur_mslp/solutions/12R_12V_04F_04M/lr205_sol_genconfig_mslp_seed_58.txt;Gurobi;AUTOMATIC;18.13;_bash_3;_seed_58;13296.53;1;155.0;/dados/rmelo/PDPTW-SE/benchmark_multi_floor_v3/official_experiments/multistartlp/official/set_01_pt_01/logs/heur_mslp/timelines/12R_12V_04F_04M/lr205_timeline_genconfig_mslp_seed_58.txt;253.04;t2;0;1219.9;false
0.05;0.04;0.07;0.12;0.05;0.24;6;/dados/rmelo/PDPTW-SE/benchmark_multi_floor_v3/official_experiments/multistartlp/official/set_01_pt_01/logs/heur_mslp/outputs/csvresults_heur_mslp_bash_3.csv;0;5;1;82;1;0.0;0.5;true;42;2;LR1_2_1_t1_40R_40V_02F_05M;/dados/rmelo/PDPTW-SE/benchmark_multi_floor_v3/official_experiments/multistartlp/official/set_01_pt_01/configs/genconfig_mslp.conf;genconfig_mslp;/dados/rmelo/PDPTW-SE/benchmark_multi_floor_v3/official_experiments/multistartlp/official/set_01_pt_01/logs/heur_mslp/gurobi/40R_40V_02F_05M/LR1_2_1_grb_genconfig_mslp_seed_58.log;random;40R_40V_02F_05M;1;59746;1;/dados/rmelo/PDPTW-SE/benchmark_multi_floor_v3/official_experiments/multistartlp/official/set_01_pt_01/../../../../instances/orig_ams_fg/40R_40V_02F_06M/t1/LR1_2_1/;60000;18668;0;10846.52;81;41;H;50;95;0;100.0;30.0;true;0.95;100.0;1.0;1.0;1.0;1.0;60;M;254;254;false;78;0.96;186.07;0.95;39;10;1000000;-1;3600;5.8;0.72;0.51;mslp;heur;0.3;0.08;-1;3600;60000;I;40;1.0;0.5;LR1_2_1;0;/dados/rmelo/PDPTW-SE/benchmark_multi_floor_v3/official_experiments/multistartlp/official/set_01_pt_01/logs;0;0;0;99.58;100.0;1;58;/dados/rmelo/PDPTW-SE/benchmark_multi_floor_v3/official_experiments/multistartlp/official/set_01_pt_01/logs/heur_mslp/solutions/40R_40V_02F_05M/LR1_2_1_sol_genconfig_mslp_seed_58.txt;Gurobi;AUTOMATIC;17.96;_bash_3;_seed_58;14.72;1;44.07;/dados/rmelo/PDPTW-SE/benchmark_multi_floor_v3/official_experiments/multistartlp/official/set_01_pt_01/logs/heur_mslp/timelines/40R_40V_02F_05M/LR1_2_1_timeline_genconfig_mslp_seed_58.txt;139.92;t1;0;9086.91;false
0.05;0.03;0.06;0.09;0.03;0.21;11;/dados/rmelo/PDPTW-SE/benchmark_multi_floor_v3/official_experiments/multistartlp/official/set_01_pt_01/logs/heur_mslp/outputs/csvresults_heur_mslp_bash_3.csv;0;6;1;82;1;0.0;0.5;true;42;2;LR1_2_1_t1_40R_40V_02F_06M;/dados/rmelo/PDPTW-SE/benchmark_multi_floor_v3/official_experiments/multistartlp/official/set_01_pt_01/configs/genconfig_mslp.conf;genconfig_mslp;/dados/rmelo/PDPTW-SE/benchmark_multi_floor_v3/official_experiments/multistartlp/official/set_01_pt_01/logs/heur_mslp/gurobi/40R_40V_02F_06M/LR1_2_1_grb_genconfig_mslp_seed_58.log;random;40R_40V_02F_06M;1;57618;1;/dados/rmelo/PDPTW-SE/benchmark_multi_floor_v3/official_experiments/multistartlp/official/set_01_pt_01/../../../../instances/orig_ams_fg/40R_40V_02F_06M/t1/LR1_2_1/;60000;19032;0;9941.51;81;41;H;50;95;0;100.0;30.0;true;0.95;100.0;1.0;1.0;1.0;1.0;60;M;2382;2382;false;78;0.98;186.07;0.95;39;10;1000000;-1;3600;5.89;0.71;0.49;mslp;heur;0.3;0.18;-1;3600;60000;I;40;1.0;0.5;LR1_2_1;0;/dados/rmelo/PDPTW-SE/benchmark_multi_floor_v3/official_experiments/multistartlp/official/set_01_pt_01/logs;0;0;0;96.03;100.0;1;58;/dados/rmelo/PDPTW-SE/benchmark_multi_floor_v3/official_experiments/multistartlp/official/set_01_pt_01/logs/heur_mslp/solutions/40R_40V_02F_06M/LR1_2_1_sol_genconfig_mslp_seed_58.txt;Gurobi;AUTOMATIC;17.89;_bash_3;_seed_58;140.3;1;73.37;/dados/rmelo/PDPTW-SE/benchmark_multi_floor_v3/official_experiments/multistartlp/official/set_01_pt_01/logs/heur_mslp/timelines/40R_40V_02F_06M/LR1_2_1_timeline_genconfig_mslp_seed_58.txt;231.89;t1;0;8943.08;false
0.05;0.02;0.03;0.05;0.01;0.09;8;/dados/rmelo/PDPTW-SE/benchmark_multi_floor_v3/official_experiments/multistartlp/official/set_01_pt_01/logs/heur_mslp/outputs/csvresults_heur_mslp_bash_3.csv;0;5;1;82;1;0.0;0.5;true;42;2;LR1_2_2_t1_40R_40V_02F_05M;/dados/rmelo/PDPTW-SE/benchmark_multi_floor_v3/official_experiments/multistartlp/official/set_01_pt_01/configs/genconfig_mslp.conf;genconfig_mslp;/dados/rmelo/PDPTW-SE/benchmark_multi_floor_v3/official_experiments/multistartlp/official/set_01_pt_01/logs/heur_mslp/gurobi/40R_40V_02F_05M/LR1_2_2_grb_genconfig_mslp_seed_58.log;random;40R_40V_02F_05M;1;59214;1;/dados/rmelo/PDPTW-SE/benchmark_multi_floor_v3/official_experiments/multistartlp/official/set_01_pt_01/../../../../instances/orig_ams_fg/40R_40V_02F_06M/t1/LR1_2_2/;60000;14405;0;9544.7;81;41;H;50;95;0;100.0;30.0;true;0.95;100.0;1.0;1.0;1.0;1.0;60;M;786;786;false;78;0.99;182.66;0.91;39;10;1000000;-1;3600;4.69;0.36;0.57;mslp;heur;0.15;0.13;-1;3600;60000;I;40;1.0;0.42;LR1_2_2;0;/dados/rmelo/PDPTW-SE/benchmark_multi_floor_v3/official_experiments/multistartlp/official/set_01_pt_01/logs;0;0;0;98.69;100.0;1;58;/dados/rmelo/PDPTW-SE/benchmark_multi_floor_v3/official_experiments/multistartlp/official/set_01_pt_01/logs/heur_mslp/solutions/40R_40V_02F_05M/LR1_2_2_sol_genconfig_mslp_seed_58.txt;Gurobi;AUTOMATIC;17.99;_bash_3;_seed_58;36.9;1;51.44;/dados/rmelo/PDPTW-SE/benchmark_multi_floor_v3/official_experiments/multistartlp/official/set_01_pt_01/logs/heur_mslp/timelines/40R_40V_02F_05M/LR1_2_2_timeline_genconfig_mslp_seed_58.txt;212.51;t1;0;7762.63;false
0.05;0.01;0.02;0.04;0.02;0.11;10;/dados/rmelo/PDPTW-SE/benchmark_multi_floor_v3/official_experiments/multistartlp/official/set_01_pt_01/logs/heur_mslp/outputs/csvresults_heur_mslp_bash_3.csv;0;6;1;82;1;0.0;0.5;true;42;2;LR1_2_2_t1_40R_40V_02F_06M;/dados/rmelo/PDPTW-SE/benchmark_multi_floor_v3/official_experiments/multistartlp/official/set_01_pt_01/configs/genconfig_mslp.conf;genconfig_mslp;/dados/rmelo/PDPTW-SE/benchmark_multi_floor_v3/official_experiments/multistartlp/official/set_01_pt_01/logs/heur_mslp/gurobi/40R_40V_02F_06M/LR1_2_2_grb_genconfig_mslp_seed_58.log;random;40R_40V_02F_06M;1;57176;1;/dados/rmelo/PDPTW-SE/benchmark_multi_floor_v3/official_experiments/multistartlp/official/set_01_pt_01/../../../../instances/orig_ams_fg/40R_40V_02F_06M/t1/LR1_2_2/;60000;21695;0;9429.96;81;41;H;50;95;0;100.0;30.0;true;0.95;100.0;1.0;1.0;1.0;1.0;60;M;2824;2824;false;78;0.99;182.66;1.0;39;10;1000000;-1;3600;4.66;0.38;0.53;mslp;heur;0.1;0.17;-1;3600;60000;I;40;1.0;0.4;LR1_2_2;0;/dados/rmelo/PDPTW-SE/benchmark_multi_floor_v3/official_experiments/multistartlp/official/set_01_pt_01/logs;0;0;0;95.29;100.0;1;58;/dados/rmelo/PDPTW-SE/benchmark_multi_floor_v3/official_experiments/multistartlp/official/set_01_pt_01/logs/heur_mslp/solutions/40R_40V_02F_06M/LR1_2_2_sol_genconfig_mslp_seed_58.txt;Gurobi;AUTOMATIC;18.24;_bash_3;_seed_58;131.7;1;103.2;/dados/rmelo/PDPTW-SE/benchmark_multi_floor_v3/official_experiments/multistartlp/official/set_01_pt_01/logs/heur_mslp/timelines/40R_40V_02F_06M/LR1_2_2_timeline_genconfig_mslp_seed_58.txt;284.71;t1;0;7783.92;false
0.05;0.02;0.05;0.08;0.02;0.07;8;/dados/rmelo/PDPTW-SE/benchmark_multi_floor_v3/official_experiments/multistartlp/official/set_01_pt_01/logs/heur_mslp/outputs/csvresults_heur_mslp_bash_3.csv;0;5;1;82;1;0.0;0.5;true;42;2;LR1_2_3_t1_40R_40V_02F_05M;/dados/rmelo/PDPTW-SE/benchmark_multi_floor_v3/official_experiments/multistartlp/official/set_01_pt_01/configs/genconfig_mslp.conf;genconfig_mslp;/dados/rmelo/PDPTW-SE/benchmark_multi_floor_v3/official_experiments/multistartlp/official/set_01_pt_01/logs/heur_mslp/gurobi/40R_40V_02F_05M/LR1_2_3_grb_genconfig_mslp_seed_58.log;random;40R_40V_02F_05M;1;56502;1;/dados/rmelo/PDPTW-SE/benchmark_multi_floor_v3/official_experiments/multistartlp/official/set_01_pt_01/../../../../instances/orig_ams_fg/40R_40V_02F_06M/t1/LR1_2_3/;60000;25125;0;7990.23;81;41;H;50;95;0;100.0;30.0;true;0.95;100.0;1.0;1.0;1.0;1.0;60;M;3498;3498;false;86;0.98;191.73;0.88;43;10;1000000;-1;3600;3.96;0.66;0.53;mslp;heur;0.34;0.15;-1;3600;60000;I;40;1.0;0.38;LR1_2_3;0;/dados/rmelo/PDPTW-SE/benchmark_multi_floor_v3/official_experiments/multistartlp/official/set_01_pt_01/logs;0;0;0;94.17;100.0;1;58;/dados/rmelo/PDPTW-SE/benchmark_multi_floor_v3/official_experiments/multistartlp/official/set_01_pt_01/logs/heur_mslp/solutions/40R_40V_02F_05M/LR1_2_3_sol_genconfig_mslp_seed_58.txt;Gurobi;AUTOMATIC;17.74;_bash_3;_seed_58;138.68;1;139.73;/dados/rmelo/PDPTW-SE/benchmark_multi_floor_v3/official_experiments/multistartlp/official/set_01_pt_01/logs/heur_mslp/timelines/40R_40V_02F_05M/LR1_2_3_timeline_genconfig_mslp_seed_58.txt;332.87;t1;0;6361.53;false
0.05;0.01;0.04;0.05;0.01;0.05;18;/dados/rmelo/PDPTW-SE/benchmark_multi_floor_v3/official_experiments/multistartlp/official/set_01_pt_01/logs/heur_mslp/outputs/csvresults_heur_mslp_bash_3.csv;0;6;1;82;1;0.0;0.5;true;42;2;LR1_2_3_t1_40R_40V_02F_06M;/dados/rmelo/PDPTW-SE/benchmark_multi_floor_v3/official_experiments/multistartlp/official/set_01_pt_01/configs/genconfig_mslp.conf;genconfig_mslp;/dados/rmelo/PDPTW-SE/benchmark_multi_floor_v3/official_experiments/multistartlp/official/set_01_pt_01/logs/heur_mslp/gurobi/40R_40V_02F_06M/LR1_2_3_grb_genconfig_mslp_seed_58.log;random;40R_40V_02F_06M;1;35581;1;/dados/rmelo/PDPTW-SE/benchmark_multi_floor_v3/official_experiments/multistartlp/official/set_01_pt_01/../../../../instances/orig_ams_fg/40R_40V_02F_06M/t1/LR1_2_3/;60000;25965;0;7257.73;81;41;H;50;95;0;100.0;30.0;true;0.95;100.0;1.0;1.0;1.0;1.0;60;M;24419;24419;false;86;0.96;191.73;0.93;43;10;1000000;-1;3600;4.12;0.68;0.62;mslp;heur;0.17;0.14;-1;3600;60000;I;40;1.0;0.35;LR1_2_3;0;/dados/rmelo/PDPTW-SE/benchmark_multi_floor_v3/official_experiments/multistartlp/official/set_01_pt_01/logs;0;0;0;59.3;100.0;1;58;/dados/rmelo/PDPTW-SE/benchmark_multi_floor_v3/official_experiments/multistartlp/official/set_01_pt_01/logs/heur_mslp/solutions/40R_40V_02F_06M/LR1_2_3_sol_genconfig_mslp_seed_58.txt;Gurobi;AUTOMATIC;17.9;_bash_3;_seed_58;1004.89;1;281.46;/dados/rmelo/PDPTW-SE/benchmark_multi_floor_v3/official_experiments/multistartlp/official/set_01_pt_01/logs/heur_mslp/timelines/40R_40V_02F_06M/LR1_2_3_timeline_genconfig_mslp_seed_58.txt;646.22;t1;0;6116.29;false
0.05;0.01;0.03;0.03;0.0;0.07;12;/dados/rmelo/PDPTW-SE/benchmark_multi_floor_v3/official_experiments/multistartlp/official/set_01_pt_01/logs/heur_mslp/outputs/csvresults_heur_mslp_bash_3.csv;0;5;1;82;1;0.0;0.5;true;42;2;LR1_2_4_t1_40R_40V_02F_05M;/dados/rmelo/PDPTW-SE/benchmark_multi_floor_v3/official_experiments/multistartlp/official/set_01_pt_01/configs/genconfig_mslp.conf;genconfig_mslp;/dados/rmelo/PDPTW-SE/benchmark_multi_floor_v3/official_experiments/multistartlp/official/set_01_pt_01/logs/heur_mslp/gurobi/40R_40V_02F_05M/LR1_2_4_grb_genconfig_mslp_seed_58.log;random;40R_40V_02F_05M;1;34500;1;/dados/rmelo/PDPTW-SE/benchmark_multi_floor_v3/official_experiments/multistartlp/official/set_01_pt_01/../../../../instances/orig_ams_fg/40R_40V_02F_06M/t1/LR1_2_4/;60000;25281;0;7481.54;81;41;H;50;95;0;100.0;30.0;true;0.95;100.0;1.0;1.0;1.0;1.0;60;M;25500;25500;false;86;0.83;182.65;1.0;43;10;1000000;-1;3600;5.31;0.54;0.59;mslp;heur;0.27;0.19;-1;3600;60000;I;40;1.0;0.25;LR1_2_4;0;/dados/rmelo/PDPTW-SE/benchmark_multi_floor_v3/official_experiments/multistartlp/official/set_01_pt_01/logs;0;0;0;57.5;100.0;1;58;/dados/rmelo/PDPTW-SE/benchmark_multi_floor_v3/official_experiments/multistartlp/official/set_01_pt_01/logs/heur_mslp/solutions/40R_40V_02F_05M/LR1_2_4_sol_genconfig_mslp_seed_58.txt;Gurobi;AUTOMATIC;17.99;_bash_3;_seed_58;1353.23;1;354.03;/dados/rmelo/PDPTW-SE/benchmark_multi_floor_v3/official_experiments/multistartlp/official/set_01_pt_01/logs/heur_mslp/timelines/40R_40V_02F_05M/LR1_2_4_timeline_genconfig_mslp_seed_58.txt;840.37;t1;0;5048.64;false
0.05;0.01;0.02;0.03;0.0;0.04;9;/dados/rmelo/PDPTW-SE/benchmark_multi_floor_v3/official_experiments/multistartlp/official/set_01_pt_01/logs/heur_mslp/outputs/csvresults_heur_mslp_bash_3.csv;0;6;1;82;1;0.0;0.5;true;42;2;LR1_2_4_t1_40R_40V_02F_06M;/dados/rmelo/PDPTW-SE/benchmark_multi_floor_v3/official_experiments/multistartlp/official/set_01_pt_01/configs/genconfig_mslp.conf;genconfig_mslp;/dados/rmelo/PDPTW-SE/benchmark_multi_floor_v3/official_experiments/multistartlp/official/set_01_pt_01/logs/heur_mslp/gurobi/40R_40V_02F_06M/LR1_2_4_grb_genconfig_mslp_seed_58.log;random;40R_40V_02F_06M;1;14508;1;/dados/rmelo/PDPTW-SE/benchmark_multi_floor_v3/official_experiments/multistartlp/official/set_01_pt_01/../../../../instances/orig_ams_fg/40R_40V_02F_06M/t1/LR1_2_4/;60000;59977;0;6662.08;81;41;H;50;95;0;100.0;30.0;true;0.95;100.0;1.0;1.0;1.0;1.0;60;M;45492;45492;false;86;0.68;182.65;0.99;43;10;1000000;-1;3600;5.08;0.51;0.59;mslp;heur;0.17;0.08;-1;3600;60000;I;40;1.0;0.28;LR1_2_4;0;/dados/rmelo/PDPTW-SE/benchmark_multi_floor_v3/official_experiments/multistartlp/official/set_01_pt_01/logs;0;0;0;24.18;100.0;1;58;/dados/rmelo/PDPTW-SE/benchmark_multi_floor_v3/official_experiments/multistartlp/official/set_01_pt_01/logs/heur_mslp/solutions/40R_40V_02F_06M/LR1_2_4_sol_genconfig_mslp_seed_58.txt;Gurobi;AUTOMATIC;18.14;_bash_3;_seed_58;2308.84;1;1190.57;/dados/rmelo/PDPTW-SE/benchmark_multi_floor_v3/official_experiments/multistartlp/official/set_01_pt_01/logs/heur_mslp/timelines/40R_40V_02F_06M/LR1_2_4_timeline_genconfig_mslp_seed_58.txt;1191.02;t1;0;5254.2;false
0.05;0.02;0.04;0.07;0.02;0.08;12;/dados/rmelo/PDPTW-SE/benchmark_multi_floor_v3/official_experiments/multistartlp/official/set_01_pt_01/logs/heur_mslp/outputs/csvresults_heur_mslp_bash_3.csv;0;5;1;82;1;0.0;0.5;true;42;2;LR1_2_5_t1_40R_40V_02F_05M;/dados/rmelo/PDPTW-SE/benchmark_multi_floor_v3/official_experiments/multistartlp/official/set_01_pt_01/configs/genconfig_mslp.conf;genconfig_mslp;/dados/rmelo/PDPTW-SE/benchmark_multi_floor_v3/official_experiments/multistartlp/official/set_01_pt_01/logs/heur_mslp/gurobi/40R_40V_02F_05M/LR1_2_5_grb_genconfig_mslp_seed_58.log;random;40R_40V_02F_05M;1;4767;1;/dados/rmelo/PDPTW-SE/benchmark_multi_floor_v3/official_experiments/multistartlp/official/set_01_pt_01/../../../../instances/orig_ams_fg/40R_40V_02F_06M/t1/LR1_2_5/;60000;16970;0;7986.48;81;41;H;50;95;0;100.0;30.0;true;0.95;100.0;1.0;1.0;1.0;1.0;60;M;55233;55233;false;86;0.96;170.18;1.0;43;10;1000000;-1;3600;6.43;0.7;0.57;mslp;heur;0.41;0.17;-1;3600;60000;I;40;1.0;0.32;LR1_2_5;0;/dados/rmelo/PDPTW-SE/benchmark_multi_floor_v3/official_experiments/multistartlp/official/set_01_pt_01/logs;0;0;0;7.94;100.0;1;58;/dados/rmelo/PDPTW-SE/benchmark_multi_floor_v3/official_experiments/multistartlp/official/set_01_pt_01/logs/heur_mslp/solutions/40R_40V_02F_05M/LR1_2_5_sol_genconfig_mslp_seed_58.txt;Gurobi;AUTOMATIC;18.06;_bash_3;_seed_58;3548.83;1;221.71;/dados/rmelo/PDPTW-SE/benchmark_multi_floor_v3/official_experiments/multistartlp/official/set_01_pt_01/logs/heur_mslp/timelines/40R_40V_02F_05M/LR1_2_5_timeline_genconfig_mslp_seed_58.txt;778.23;t1;0;5784.53;false
0.05;0.01;0.04;0.05;0.01;0.1;15;/dados/rmelo/PDPTW-SE/benchmark_multi_floor_v3/official_experiments/multistartlp/official/set_01_pt_01/logs/heur_mslp/outputs/csvresults_heur_mslp_bash_3.csv;0;6;1;82;1;0.0;0.5;true;42;2;LR1_2_5_t1_40R_40V_02F_06M;/dados/rmelo/PDPTW-SE/benchmark_multi_floor_v3/official_experiments/multistartlp/official/set_01_pt_01/configs/genconfig_mslp.conf;genconfig_mslp;/dados/rmelo/PDPTW-SE/benchmark_multi_floor_v3/official_experiments/multistartlp/official/set_01_pt_01/logs/heur_mslp/gurobi/40R_40V_02F_06M/LR1_2_5_grb_genconfig_mslp_seed_58.log;random;40R_40V_02F_06M;1;1765;1;/dados/rmelo/PDPTW-SE/benchmark_multi_floor_v3/official_experiments/multistartlp/official/set_01_pt_01/../../../../instances/orig_ams_fg/40R_40V_02F_06M/t1/LR1_2_5/;60000;51015;0;8024.78;81;41;H;50;95;0;100.0;30.0;true;0.95;100.0;1.0;1.0;1.0;1.0;60;M;58235;58235;false;86;0.96;170.18;0.84;43;10;1000000;-1;3600;6.55;0.72;0.55;mslp;heur;0.26;0.24;-1;3600;60000;I;40;1.0;0.32;LR1_2_5;0;/dados/rmelo/PDPTW-SE/benchmark_multi_floor_v3/official_experiments/multistartlp/official/set_01_pt_01/logs;0;0;0;2.94;100.0;1;58;/dados/rmelo/PDPTW-SE/benchmark_multi_floor_v3/official_experiments/multistartlp/official/set_01_pt_01/logs/heur_mslp/solutions/40R_40V_02F_06M/LR1_2_5_sol_genconfig_mslp_seed_58.txt;Gurobi;AUTOMATIC;18.15;_bash_3;_seed_58;3813.91;1;729.73;/dados/rmelo/PDPTW-SE/benchmark_multi_floor_v3/official_experiments/multistartlp/official/set_01_pt_01/logs/heur_mslp/timelines/40R_40V_02F_06M/LR1_2_5_timeline_genconfig_mslp_seed_58.txt;858.07;t1;0;5959.44;false
0.05;0.0;0.01;0.02;0.03;0.11;17;/dados/rmelo/PDPTW-SE/benchmark_multi_floor_v3/official_experiments/multistartlp/official/set_01_pt_01/logs/heur_mslp/outputs/csvresults_heur_mslp_bash_3.csv;0;5;1;82;1;0.0;0.5;true;42;2;LR2_2_1_t2_40R_40V_02F_05M;/dados/rmelo/PDPTW-SE/benchmark_multi_floor_v3/official_experiments/multistartlp/official/set_01_pt_01/configs/genconfig_mslp.conf;genconfig_mslp;/dados/rmelo/PDPTW-SE/benchmark_multi_floor_v3/official_experiments/multistartlp/official/set_01_pt_01/logs/heur_mslp/gurobi/40R_40V_02F_05M/LR2_2_1_grb_genconfig_mslp_seed_58.log;random;40R_40V_02F_05M;1;7722;1;/dados/rmelo/PDPTW-SE/benchmark_multi_floor_v3/official_experiments/multistartlp/official/set_01_pt_01/../../../../instances/orig_ams_fg/40R_40V_02F_06M/t2/LR2_2_1/;60000;41511;0;11300.29;81;41;H;50;95;0;100.0;30.0;true;0.95;100.0;1.0;1.0;1.0;1.0;60;M;52278;52278;false;80;0.9;177.93;0.96;40;10;1000000;-1;3600;6.81;0.56;0.81;mslp;heur;0.14;0.32;-1;3600;60000;I;40;1.0;0.15;LR2_2_1;0;/dados/rmelo/PDPTW-SE/benchmark_multi_floor_v3/official_experiments/multistartlp/official/set_01_pt_01/logs;0;0;0;12.87;100.0;1;58;/dados/rmelo/PDPTW-SE/benchmark_multi_floor_v3/official_experiments/multistartlp/official/set_01_pt_01/logs/heur_mslp/solutions/40R_40V_02F_05M/LR2_2_1_sol_genconfig_mslp_seed_58.txt;Gurobi;AUTOMATIC;18.19;_bash_3;_seed_58;3559.22;1;674.68;/dados/rmelo/PDPTW-SE/benchmark_multi_floor_v3/official_experiments/multistartlp/official/set_01_pt_01/logs/heur_mslp/timelines/40R_40V_02F_05M/LR2_2_1_timeline_genconfig_mslp_seed_58.txt;972.84;t2;0;8540.33;false
0.05;0.0;0.01;0.02;0.01;0.19;9;/dados/rmelo/PDPTW-SE/benchmark_multi_floor_v3/official_experiments/multistartlp/official/set_01_pt_01/logs/heur_mslp/outputs/csvresults_heur_mslp_bash_3.csv;0;6;1;82;1;0.0;0.5;true;42;2;LR2_2_1_t2_40R_40V_02F_06M;/dados/rmelo/PDPTW-SE/benchmark_multi_floor_v3/official_experiments/multistartlp/official/set_01_pt_01/configs/genconfig_mslp.conf;genconfig_mslp;/dados/rmelo/PDPTW-SE/benchmark_multi_floor_v3/official_experiments/multistartlp/official/set_01_pt_01/logs/heur_mslp/gurobi/40R_40V_02F_06M/LR2_2_1_grb_genconfig_mslp_seed_58.log;random;40R_40V_02F_06M;1;8113;1;/dados/rmelo/PDPTW-SE/benchmark_multi_floor_v3/official_experiments/multistartlp/official/set_01_pt_01/../../../../instances/orig_ams_fg/40R_40V_02F_06M/t2/LR2_2_1/;60000;17628;0;11788.7;81;41;H;50;95;0;100.0;30.0;true;0.95;100.0;1.0;1.0;1.0;1.0;60;M;51887;51887;false;80;0.91;177.93;0.99;40;10;1000000;-1;3600;7.02;0.56;0.92;mslp;heur;0.22;0.74;-1;3600;60000;I;40;1.0;0.15;LR2_2_1;0;/dados/rmelo/PDPTW-SE/benchmark_multi_floor_v3/official_experiments/multistartlp/official/set_01_pt_01/logs;0;0;0;13.52;100.0;1;58;/dados/rmelo/PDPTW-SE/benchmark_multi_floor_v3/official_experiments/multistartlp/official/set_01_pt_01/logs/heur_mslp/solutions/40R_40V_02F_06M/LR2_2_1_sol_genconfig_mslp_seed_58.txt;Gurobi;AUTOMATIC;18.19;_bash_3;_seed_58;3641.49;1;314.37;/dados/rmelo/PDPTW-SE/benchmark_multi_floor_v3/official_experiments/multistartlp/official/set_01_pt_01/logs/heur_mslp/timelines/40R_40V_02F_06M/LR2_2_1_timeline_genconfig_mslp_seed_58.txt;1066.27;t2;0;8582.45;false
0.05;0.01;0.01;0.02;0.02;0.07;9;/dados/rmelo/PDPTW-SE/benchmark_multi_floor_v3/official_experiments/multistartlp/official/set_01_pt_01/logs/heur_mslp/outputs/csvresults_heur_mslp_bash_3.csv;0;5;1;82;1;0.0;0.5;true;42;2;LR2_2_2_t2_40R_40V_02F_05M;/dados/rmelo/PDPTW-SE/benchmark_multi_floor_v3/official_experiments/multistartlp/official/set_01_pt_01/configs/genconfig_mslp.conf;genconfig_mslp;/dados/rmelo/PDPTW-SE/benchmark_multi_floor_v3/official_experiments/multistartlp/official/set_01_pt_01/logs/heur_mslp/gurobi/40R_40V_02F_05M/LR2_2_2_grb_genconfig_mslp_seed_58.log;random;40R_40V_02F_05M;1;10205;1;/dados/rmelo/PDPTW-SE/benchmark_multi_floor_v3/official_experiments/multistartlp/official/set_01_pt_01/../../../../instances/orig_ams_fg/40R_40V_02F_06M/t2/LR2_2_2/;60000;51249;0;11378.71;81;41;H;50;95;0;100.0;30.0;true;0.95;100.0;1.0;1.0;1.0;1.0;60;M;49795;49795;false;80;0.82;177.18;0.99;40;10;1000000;-1;3600;7.29;0.71;0.9;mslp;heur;0.54;0.79;-1;3600;60000;I;40;1.0;0.1;LR2_2_2;0;/dados/rmelo/PDPTW-SE/benchmark_multi_floor_v3/official_experiments/multistartlp/official/set_01_pt_01/logs;0;0;0;17.01;100.0;1;58;/dados/rmelo/PDPTW-SE/benchmark_multi_floor_v3/official_experiments/multistartlp/official/set_01_pt_01/logs/heur_mslp/solutions/40R_40V_02F_05M/LR2_2_2_sol_genconfig_mslp_seed_58.txt;Gurobi;AUTOMATIC;18.28;_bash_3;_seed_58;3630.37;1;1082.82;/dados/rmelo/PDPTW-SE/benchmark_multi_floor_v3/official_experiments/multistartlp/official/set_01_pt_01/logs/heur_mslp/timelines/40R_40V_02F_05M/LR2_2_2_timeline_genconfig_mslp_seed_58.txt;1267.74;t2;0;7153.13;false
0.05;0.01;0.01;0.02;0.01;0.08;8;/dados/rmelo/PDPTW-SE/benchmark_multi_floor_v3/official_experiments/multistartlp/official/set_01_pt_01/logs/heur_mslp/outputs/csvresults_heur_mslp_bash_3.csv;0;6;1;82;1;0.0;0.5;true;42;2;LR2_2_2_t2_40R_40V_02F_06M;/dados/rmelo/PDPTW-SE/benchmark_multi_floor_v3/official_experiments/multistartlp/official/set_01_pt_01/configs/genconfig_mslp.conf;genconfig_mslp;/dados/rmelo/PDPTW-SE/benchmark_multi_floor_v3/official_experiments/multistartlp/official/set_01_pt_01/logs/heur_mslp/gurobi/40R_40V_02F_06M/LR2_2_2_grb_genconfig_mslp_seed_58.log;random;40R_40V_02F_06M;1;172;1;/dados/rmelo/PDPTW-SE/benchmark_multi_floor_v3/official_experiments/multistartlp/official/set_01_pt_01/../../../../instances/orig_ams_fg/40R_40V_02F_06M/t2/LR2_2_2/;60000;39031;0;9234.45;81;41;H;50;95;0;100.0;30.0;true;0.95;100.0;1.0;1.0;1.0;1.0;60;M;59828;59828;false;80;0.84;174.49;1.0;40;10;1000000;-1;3600;7.5;0.56;0.9;mslp;heur;0.13;0.6;-1;3600;60000;I;40;1.0;0.12;LR2_2_2;0;/dados/rmelo/PDPTW-SE/benchmark_multi_floor_v3/official_experiments/multistartlp/official/set_01_pt_01/logs;0;0;0;0.29;100.0;1;58;/dados/rmelo/PDPTW-SE/benchmark_multi_floor_v3/official_experiments/multistartlp/official/set_01_pt_01/logs/heur_mslp/solutions/40R_40V_02F_06M/LR2_2_2_sol_genconfig_mslp_seed_58.txt;Gurobi;AUTOMATIC;18.28;_bash_3;_seed_58;4487.55;1;984.03;/dados/rmelo/PDPTW-SE/benchmark_multi_floor_v3/official_experiments/multistartlp/official/set_01_pt_01/logs/heur_mslp/timelines/40R_40V_02F_06M/LR2_2_2_timeline_genconfig_mslp_seed_58.txt;1510.36;t2;0;7139.9;false
0.05;0.0;0.01;0.01;0.0;0.01;6;/dados/rmelo/PDPTW-SE/benchmark_multi_floor_v3/official_experiments/multistartlp/official/set_01_pt_01/logs/heur_mslp/outputs/csvresults_heur_mslp_bash_3.csv;0;5;1;82;1;0.0;0.5;true;42;2;LR2_2_3_t2_40R_40V_02F_05M;/dados/rmelo/PDPTW-SE/benchmark_multi_floor_v3/official_experiments/multistartlp/official/set_01_pt_01/configs/genconfig_mslp.conf;genconfig_mslp;/dados/rmelo/PDPTW-SE/benchmark_multi_floor_v3/official_experiments/multistartlp/official/set_01_pt_01/logs/heur_mslp/gurobi/40R_40V_02F_05M/LR2_2_3_grb_genconfig_mslp_seed_58.log;random;40R_40V_02F_05M;1;0;1;/dados/rmelo/PDPTW-SE/benchmark_multi_floor_v3/official_experiments/multistartlp/official/set_01_pt_01/../../../../instances/orig_ams_fg/40R_40V_02F_06M/t2/LR2_2_3/;60000;52147;0;9170.76;81;41;H;50;95;0;100.0;30.0;true;0.95;100.0;1.0;1.0;1.0;1.0;60;M;60000;60000;false;72;0.87;183.85;1.0;36;10;1000000;-1;3600;3.2;0.65;0.86;mslp;heur;0.12;0.5;-1;3600;60000;I;40;1.0;0.1;LR2_2_3;0;/dados/rmelo/PDPTW-SE/benchmark_multi_floor_v3/official_experiments/multistartlp/official/set_01_pt_01/logs;0;0;0;0.0;100.0;1;58;/dados/rmelo/PDPTW-SE/benchmark_multi_floor_v3/official_experiments/multistartlp/official/set_01_pt_01/logs/heur_mslp/solutions/40R_40V_02F_05M/LR2_2_3_sol_genconfig_mslp_seed_58.txt;Gurobi;AUTOMATIC;18.39;_bash_3;_seed_58;1918.06;1;1718.76;/dados/rmelo/PDPTW-SE/benchmark_multi_floor_v3/official_experiments/multistartlp/official/set_01_pt_01/logs/heur_mslp/timelines/40R_40V_02F_05M/LR2_2_3_timeline_genconfig_mslp_seed_58.txt;1978.2;t2;0;6552.93;false
0.05;0.0;0.01;0.02;0.01;0.0;9;/dados/rmelo/PDPTW-SE/benchmark_multi_floor_v3/official_experiments/multistartlp/official/set_01_pt_01/logs/heur_mslp/outputs/csvresults_heur_mslp_bash_3.csv;0;6;1;82;1;0.0;0.5;true;42;2;LR2_2_3_t2_40R_40V_02F_06M;/dados/rmelo/PDPTW-SE/benchmark_multi_floor_v3/official_experiments/multistartlp/official/set_01_pt_01/configs/genconfig_mslp.conf;genconfig_mslp;/dados/rmelo/PDPTW-SE/benchmark_multi_floor_v3/official_experiments/multistartlp/official/set_01_pt_01/logs/heur_mslp/gurobi/40R_40V_02F_06M/LR2_2_3_grb_genconfig_mslp_seed_58.log;random;40R_40V_02F_06M;1;0;1;/dados/rmelo/PDPTW-SE/benchmark_multi_floor_v3/official_experiments/multistartlp/official/set_01_pt_01/../../../../instances/orig_ams_fg/40R_40V_02F_06M/t2/LR2_2_3/;60000;53891;0;9380.19;81;41;H;50;95;0;100.0;30.0;true;0.95;100.0;1.0;1.0;1.0;1.0;60;M;60000;60000;false;72;0.87;183.85;1.0;36;10;1000000;-1;3600;3.34;0.66;0.84;mslp;heur;0.22;0.38;-1;3600;60000;I;40;0.83;0.1;LR2_2_3;0;/dados/rmelo/PDPTW-SE/benchmark_multi_floor_v3/official_experiments/multistartlp/official/set_01_pt_01/logs;0;0;0;0.0;100.0;1;58;/dados/rmelo/PDPTW-SE/benchmark_multi_floor_v3/official_experiments/multistartlp/official/set_01_pt_01/logs/heur_mslp/solutions/40R_40V_02F_06M/LR2_2_3_sol_genconfig_mslp_seed_58.txt;Gurobi;AUTOMATIC;18.48;_bash_3;_seed_58;2001.87;1;1922.73;/dados/rmelo/PDPTW-SE/benchmark_multi_floor_v3/official_experiments/multistartlp/official/set_01_pt_01/logs/heur_mslp/timelines/40R_40V_02F_06M/LR2_2_3_timeline_genconfig_mslp_seed_58.txt;2140.59;t2;0;6651.97;false
0.05;0.0;0.01;0.01;0.0;0.0;9;/dados/rmelo/PDPTW-SE/benchmark_multi_floor_v3/official_experiments/multistartlp/official/set_01_pt_01/logs/heur_mslp/outputs/csvresults_heur_mslp_bash_3.csv;0;5;1;82;1;0.0;0.5;true;42;2;LR2_2_4_t2_40R_40V_02F_05M;/dados/rmelo/PDPTW-SE/benchmark_multi_floor_v3/official_experiments/multistartlp/official/set_01_pt_01/configs/genconfig_mslp.conf;genconfig_mslp;/dados/rmelo/PDPTW-SE/benchmark_multi_floor_v3/official_experiments/multistartlp/official/set_01_pt_01/logs/heur_mslp/gurobi/40R_40V_02F_05M/LR2_2_4_grb_genconfig_mslp_seed_58.log;random;40R_40V_02F_05M;1;0;1;/dados/rmelo/PDPTW-SE/benchmark_multi_floor_v3/official_experiments/multistartlp/official/set_01_pt_01/../../../../instances/orig_ams_fg/40R_40V_02F_06M/t2/LR2_2_4/;60000;2640;0;6408.29;81;41;H;50;95;0;100.0;30.0;true;0.95;100.0;1.0;1.0;1.0;1.0;60;M;59415;60000;false;78;0.89;170.18;1.0;39;10;1000000;-1;3600;1.87;0.66;0.95;mslp;heur;0.24;0.87;-1;3600;60000;I;40;0.6;0.08;LR2_2_4;0;/dados/rmelo/PDPTW-SE/benchmark_multi_floor_v3/official_experiments/multistartlp/official/set_01_pt_01/logs;0;0;0;0.0;99.02;1;58;/dados/rmelo/PDPTW-SE/benchmark_multi_floor_v3/official_experiments/multistartlp/official/set_01_pt_01/logs/heur_mslp/solutions/40R_40V_02F_05M/LR2_2_4_sol_genconfig_mslp_seed_58.txt;Gurobi;AUTOMATIC;18.44;_bash_3;_seed_58;1123.95;1;136.19;/dados/rmelo/PDPTW-SE/benchmark_multi_floor_v3/official_experiments/multistartlp/official/set_01_pt_01/logs/heur_mslp/timelines/40R_40V_02F_05M/LR2_2_4_timeline_genconfig_mslp_seed_58.txt;3091.6;t2;0;5027.35;false
0.05;0.0;0.01;0.01;0.0;0.0;15;/dados/rmelo/PDPTW-SE/benchmark_multi_floor_v3/official_experiments/multistartlp/official/set_01_pt_01/logs/heur_mslp/outputs/csvresults_heur_mslp_bash_3.csv;0;6;1;82;1;0.0;0.5;true;42;2;LR2_2_4_t2_40R_40V_02F_06M;/dados/rmelo/PDPTW-SE/benchmark_multi_floor_v3/official_experiments/multistartlp/official/set_01_pt_01/configs/genconfig_mslp.conf;genconfig_mslp;/dados/rmelo/PDPTW-SE/benchmark_multi_floor_v3/official_experiments/multistartlp/official/set_01_pt_01/logs/heur_mslp/gurobi/40R_40V_02F_06M/LR2_2_4_grb_genconfig_mslp_seed_58.log;random;40R_40V_02F_06M;1;0;1;/dados/rmelo/PDPTW-SE/benchmark_multi_floor_v3/official_experiments/multistartlp/official/set_01_pt_01/../../../../instances/orig_ams_fg/40R_40V_02F_06M/t2/LR2_2_4/;60000;46428;0;6203.86;81;41;H;50;95;0;100.0;30.0;true;0.95;100.0;1.0;1.0;1.0;1.0;60;M;59366;60000;false;78;0.87;170.07;1.0;39;10;1000000;-1;3600;1.91;0.65;0.9;mslp;heur;0.26;0.71;-1;3600;60000;I;40;0.67;0.08;LR2_2_4;0;/dados/rmelo/PDPTW-SE/benchmark_multi_floor_v3/official_experiments/multistartlp/official/set_01_pt_01/logs;0;0;0;0.0;98.94;1;58;/dados/rmelo/PDPTW-SE/benchmark_multi_floor_v3/official_experiments/multistartlp/official/set_01_pt_01/logs/heur_mslp/solutions/40R_40V_02F_06M/LR2_2_4_sol_genconfig_mslp_seed_58.txt;Gurobi;AUTOMATIC;18.39;_bash_3;_seed_58;1145.82;1;2539.84;/dados/rmelo/PDPTW-SE/benchmark_multi_floor_v3/official_experiments/multistartlp/official/set_01_pt_01/logs/heur_mslp/timelines/40R_40V_02F_06M/LR2_2_4_timeline_genconfig_mslp_seed_58.txt;3280.08;t2;0;4949.15;false
0.05;0.0;0.02;0.02;0.02;0.17;13;/dados/rmelo/PDPTW-SE/benchmark_multi_floor_v3/official_experiments/multistartlp/official/set_01_pt_01/logs/heur_mslp/outputs/csvresults_heur_mslp_bash_3.csv;0;5;1;82;1;0.0;0.5;true;42;2;LR2_2_5_t2_40R_40V_02F_05M;/dados/rmelo/PDPTW-SE/benchmark_multi_floor_v3/official_experiments/multistartlp/official/set_01_pt_01/configs/genconfig_mslp.conf;genconfig_mslp;/dados/rmelo/PDPTW-SE/benchmark_multi_floor_v3/official_experiments/multistartlp/official/set_01_pt_01/logs/heur_mslp/gurobi/40R_40V_02F_05M/LR2_2_5_grb_genconfig_mslp_seed_58.log;random;40R_40V_02F_05M;1;0;1;/dados/rmelo/PDPTW-SE/benchmark_multi_floor_v3/official_experiments/multistartlp/official/set_01_pt_01/../../../../instances/orig_ams_fg/40R_40V_02F_06M/t2/LR2_2_5/;60000;19601;0;11799.62;81;41;H;50;95;0;100.0;30.0;true;0.95;100.0;1.0;1.0;1.0;1.0;60;M;60000;60000;false;80;0.86;180.58;1.0;40;10;1000000;-1;3600;8.76;0.64;0.93;mslp;heur;0.19;0.73;-1;3600;60000;I;40;0.8;0.12;LR2_2_5;0;/dados/rmelo/PDPTW-SE/benchmark_multi_floor_v3/official_experiments/multistartlp/official/set_01_pt_01/logs;0;0;0;0.0;100.0;1;58;/dados/rmelo/PDPTW-SE/benchmark_multi_floor_v3/official_experiments/multistartlp/official/set_01_pt_01/logs/heur_mslp/solutions/40R_40V_02F_05M/LR2_2_5_sol_genconfig_mslp_seed_58.txt;Gurobi;AUTOMATIC;18.32;_bash_3;_seed_58;5258.74;1;413.28;/dados/rmelo/PDPTW-SE/benchmark_multi_floor_v3/official_experiments/multistartlp/official/set_01_pt_01/logs/heur_mslp/timelines/40R_40V_02F_05M/LR2_2_5_timeline_genconfig_mslp_seed_58.txt;1256.12;t2;0;8071.69;false
0.05;0.0;0.01;0.01;0.08;0.17;6;/dados/rmelo/PDPTW-SE/benchmark_multi_floor_v3/official_experiments/multistartlp/official/set_01_pt_01/logs/heur_mslp/outputs/csvresults_heur_mslp_bash_3.csv;0;6;1;82;1;0.0;0.5;true;42;2;LR2_2_5_t2_40R_40V_02F_06M;/dados/rmelo/PDPTW-SE/benchmark_multi_floor_v3/official_experiments/multistartlp/official/set_01_pt_01/configs/genconfig_mslp.conf;genconfig_mslp;/dados/rmelo/PDPTW-SE/benchmark_multi_floor_v3/official_experiments/multistartlp/official/set_01_pt_01/logs/heur_mslp/gurobi/40R_40V_02F_06M/LR2_2_5_grb_genconfig_mslp_seed_58.log;random;40R_40V_02F_06M;1;0;1;/dados/rmelo/PDPTW-SE/benchmark_multi_floor_v3/official_experiments/multistartlp/official/set_01_pt_01/../../../../instances/orig_ams_fg/40R_40V_02F_06M/t2/LR2_2_5/;60000;487;0;11796.82;81;41;H;50;95;0;100.0;30.0;true;0.95;100.0;1.0;1.0;1.0;1.0;60;M;60000;60000;false;80;0.81;180.58;0.99;40;10;1000000;-1;3600;8.83;0.63;0.95;mslp;heur;0.27;0.9;-1;3600;60000;I;40;1.0;0.12;LR2_2_5;0;/dados/rmelo/PDPTW-SE/benchmark_multi_floor_v3/official_experiments/multistartlp/official/set_01_pt_01/logs;0;0;0;0.0;100.0;1;58;/dados/rmelo/PDPTW-SE/benchmark_multi_floor_v3/official_experiments/multistartlp/official/set_01_pt_01/logs/heur_mslp/solutions/40R_40V_02F_06M/LR2_2_5_sol_genconfig_mslp_seed_58.txt;Gurobi;AUTOMATIC;18.77;_bash_3;_seed_58;5299.89;1;11.58;/dados/rmelo/PDPTW-SE/benchmark_multi_floor_v3/official_experiments/multistartlp/official/set_01_pt_01/logs/heur_mslp/timelines/40R_40V_02F_06M/LR2_2_5_timeline_genconfig_mslp_seed_58.txt;1370.49;t2;0;8030.26;false
0.05;0.12;0.17;0.28;0.03;0.35;0;/dados/rmelo/PDPTW-SE/benchmark_multi_floor_v3/official_experiments/multistartlp/official/set_01_pt_01/logs/heur_mslp/outputs/csvresults_heur_mslp_bash_3.csv;0;5;1;82;1;0.0;0.5;false;42;2;LR1_2_1_t1_40R_40V_04F_05M;/dados/rmelo/PDPTW-SE/benchmark_multi_floor_v3/official_experiments/multistartlp/official/set_01_pt_01/configs/genconfig_mslp.conf;genconfig_mslp;/dados/rmelo/PDPTW-SE/benchmark_multi_floor_v3/official_experiments/multistartlp/official/set_01_pt_01/logs/heur_mslp/gurobi/40R_40V_04F_05M/LR1_2_1_grb_genconfig_mslp_seed_58.log;random;40R_40V_04F_05M;1;60000;1;/dados/rmelo/PDPTW-SE/benchmark_multi_floor_v3/official_experiments/multistartlp/official/set_01_pt_01/../../../../instances/orig_ams_fg/40R_40V_04F_06M/t1/LR1_2_1/;60000;0;0;0.0;81;41;H;50;95;0;100.0;30.0;true;0.95;100.0;1.0;1.0;1.0;1.0;60;M;0;0;false;78;1.0;196.07;0.91;39;10;1000000;-1;3600;0.0;0.78;0.37;mslp;heur;0.5;0.12;-1;3600;60000;I;40;1.0;0.52;LR1_2_1;0;/dados/rmelo/PDPTW-SE/benchmark_multi_floor_v3/official_experiments/multistartlp/official/set_01_pt_01/logs;0;0;0;100.0;0.0;1;58;/dados/rmelo/PDPTW-SE/benchmark_multi_floor_v3/official_experiments/multistartlp/official/set_01_pt_01/logs/heur_mslp/solutions/40R_40V_04F_05M/LR1_2_1_sol_genconfig_mslp_seed_58.txt;Gurobi;AUTOMATIC;18.74;_bash_3;_seed_58;0.0;1;0.0;/dados/rmelo/PDPTW-SE/benchmark_multi_floor_v3/official_experiments/multistartlp/official/set_01_pt_01/logs/heur_mslp/timelines/40R_40V_04F_05M/LR1_2_1_timeline_genconfig_mslp_seed_58.txt;105.63;t1;0;Inf;false
0.05;0.12;0.18;0.3;0.03;0.23;1;/dados/rmelo/PDPTW-SE/benchmark_multi_floor_v3/official_experiments/multistartlp/official/set_01_pt_01/logs/heur_mslp/outputs/csvresults_heur_mslp_bash_3.csv;0;6;1;82;1;0.0;0.5;true;42;2;LR1_2_1_t1_40R_40V_04F_06M;/dados/rmelo/PDPTW-SE/benchmark_multi_floor_v3/official_experiments/multistartlp/official/set_01_pt_01/configs/genconfig_mslp.conf;genconfig_mslp;/dados/rmelo/PDPTW-SE/benchmark_multi_floor_v3/official_experiments/multistartlp/official/set_01_pt_01/logs/heur_mslp/gurobi/40R_40V_04F_06M/LR1_2_1_grb_genconfig_mslp_seed_58.log;random;40R_40V_04F_06M;1;59999;1;/dados/rmelo/PDPTW-SE/benchmark_multi_floor_v3/official_experiments/multistartlp/official/set_01_pt_01/../../../../instances/orig_ams_fg/40R_40V_04F_06M/t1/LR1_2_1/;60000;1;0;12283.37;81;41;H;50;95;0;100.0;30.0;true;0.95;100.0;1.0;1.0;1.0;1.0;60;M;1;1;false;78;0.99;196.07;0.91;39;10;1000000;-1;3600;6.88;0.72;0.4;mslp;heur;0.43;0.08;-1;3600;60000;I;40;1.0;0.62;LR1_2_1;0;/dados/rmelo/PDPTW-SE/benchmark_multi_floor_v3/official_experiments/multistartlp/official/set_01_pt_01/logs;0;0;0;100.0;100.0;1;58;/dados/rmelo/PDPTW-SE/benchmark_multi_floor_v3/official_experiments/multistartlp/official/set_01_pt_01/logs/heur_mslp/solutions/40R_40V_04F_06M/LR1_2_1_sol_genconfig_mslp_seed_58.txt;Gurobi;AUTOMATIC;18.18;_bash_3;_seed_58;0.07;1;0.02;/dados/rmelo/PDPTW-SE/benchmark_multi_floor_v3/official_experiments/multistartlp/official/set_01_pt_01/logs/heur_mslp/timelines/40R_40V_04F_06M/LR1_2_1_timeline_genconfig_mslp_seed_58.txt;146.06;t1;0;11437.75;false
0.05;0.1;0.15;0.25;0.02;0.12;1;/dados/rmelo/PDPTW-SE/benchmark_multi_floor_v3/official_experiments/multistartlp/official/set_01_pt_01/logs/heur_mslp/outputs/csvresults_heur_mslp_bash_3.csv;0;5;1;82;1;0.0;0.5;true;42;2;LR1_2_2_t1_40R_40V_04F_05M;/dados/rmelo/PDPTW-SE/benchmark_multi_floor_v3/official_experiments/multistartlp/official/set_01_pt_01/configs/genconfig_mslp.conf;genconfig_mslp;/dados/rmelo/PDPTW-SE/benchmark_multi_floor_v3/official_experiments/multistartlp/official/set_01_pt_01/logs/heur_mslp/gurobi/40R_40V_04F_05M/LR1_2_2_grb_genconfig_mslp_seed_58.log;random;40R_40V_04F_05M;1;59999;1;/dados/rmelo/PDPTW-SE/benchmark_multi_floor_v3/official_experiments/multistartlp/official/set_01_pt_01/../../../../instances/orig_ams_fg/40R_40V_04F_06M/t1/LR1_2_2/;60000;1;0;10517.77;81;41;H;50;95;0;100.0;30.0;true;0.95;100.0;1.0;1.0;1.0;1.0;60;M;1;1;false;78;0.83;191.09;0.96;39;10;1000000;-1;3600;5.72;0.57;0.46;mslp;heur;0.23;0.08;-1;3600;60000;I;40;1.0;0.57;LR1_2_2;0;/dados/rmelo/PDPTW-SE/benchmark_multi_floor_v3/official_experiments/multistartlp/official/set_01_pt_01/logs;0;0;0;100.0;100.0;1;58;/dados/rmelo/PDPTW-SE/benchmark_multi_floor_v3/official_experiments/multistartlp/official/set_01_pt_01/logs/heur_mslp/solutions/40R_40V_04F_05M/LR1_2_2_sol_genconfig_mslp_seed_58.txt;Gurobi;AUTOMATIC;18.38;_bash_3;_seed_58;0.06;1;0.02;/dados/rmelo/PDPTW-SE/benchmark_multi_floor_v3/official_experiments/multistartlp/official/set_01_pt_01/logs/heur_mslp/timelines/40R_40V_04F_05M/LR1_2_2_timeline_genconfig_mslp_seed_58.txt;138.71;t1;0;9915.73;false
0.05;0.07;0.12;0.19;0.02;0.09;8;/dados/rmelo/PDPTW-SE/benchmark_multi_floor_v3/official_experiments/multistartlp/official/set_01_pt_01/logs/heur_mslp/outputs/csvresults_heur_mslp_bash_3.csv;0;6;1;82;1;0.0;0.5;true;42;2;LR1_2_2_t1_40R_40V_04F_06M;/dados/rmelo/PDPTW-SE/benchmark_multi_floor_v3/official_experiments/multistartlp/official/set_01_pt_01/configs/genconfig_mslp.conf;genconfig_mslp;/dados/rmelo/PDPTW-SE/benchmark_multi_floor_v3/official_experiments/multistartlp/official/set_01_pt_01/logs/heur_mslp/gurobi/40R_40V_04F_06M/LR1_2_2_grb_genconfig_mslp_seed_58.log;random;40R_40V_04F_06M;1;59956;1;/dados/rmelo/PDPTW-SE/benchmark_multi_floor_v3/official_experiments/multistartlp/official/set_01_pt_01/../../../../instances/orig_ams_fg/40R_40V_04F_06M/t1/LR1_2_2/;60000;53675;0;10845.35;81;41;H;50;95;0;100.0;30.0;true;0.95;100.0;1.0;1.0;1.0;1.0;60;M;44;44;false;78;0.85;191.07;0.85;39;10;1000000;-1;3600;6.11;0.6;0.49;mslp;heur;0.25;0.17;-1;3600;60000;I;40;1.0;0.5;LR1_2_2;0;/dados/rmelo/PDPTW-SE/benchmark_multi_floor_v3/official_experiments/multistartlp/official/set_01_pt_01/logs;0;0;0;99.93;100.0;1;58;/dados/rmelo/PDPTW-SE/benchmark_multi_floor_v3/official_experiments/multistartlp/official/set_01_pt_01/logs/heur_mslp/solutions/40R_40V_04F_06M/LR1_2_2_sol_genconfig_mslp_seed_58.txt;Gurobi;AUTOMATIC;18.16;_bash_3;_seed_58;2.69;1;175.1;/dados/rmelo/PDPTW-SE/benchmark_multi_floor_v3/official_experiments/multistartlp/official/set_01_pt_01/logs/heur_mslp/timelines/40R_40V_04F_06M/LR1_2_2_timeline_genconfig_mslp_seed_58.txt;195.62;t1;0;9123.27;false
0.05;0.15;0.19;0.34;0.01;0.09;1;/dados/rmelo/PDPTW-SE/benchmark_multi_floor_v3/official_experiments/multistartlp/official/set_01_pt_01/logs/heur_mslp/outputs/csvresults_heur_mslp_bash_3.csv;0;5;1;82;1;0.0;0.5;true;42;2;LR1_2_3_t1_40R_40V_04F_05M;/dados/rmelo/PDPTW-SE/benchmark_multi_floor_v3/official_experiments/multistartlp/official/set_01_pt_01/configs/genconfig_mslp.conf;genconfig_mslp;/dados/rmelo/PDPTW-SE/benchmark_multi_floor_v3/official_experiments/multistartlp/official/set_01_pt_01/logs/heur_mslp/gurobi/40R_40V_04F_05M/LR1_2_3_grb_genconfig_mslp_seed_58.log;random;40R_40V_04F_05M;1;59999;1;/dados/rmelo/PDPTW-SE/benchmark_multi_floor_v3/official_experiments/multistartlp/official/set_01_pt_01/../../../../instances/orig_ams_fg/40R_40V_04F_06M/t1/LR1_2_3/;60000;1;0;10343.45;81;41;H;50;95;0;100.0;30.0;true;0.95;100.0;1.0;1.0;1.0;1.0;60;M;1;1;false;86;1.0;193.99;1.0;43;10;1000000;-1;3600;5.09;0.7;0.43;mslp;heur;0.29;0.1;-1;3600;60000;I;40;1.0;0.55;LR1_2_3;0;/dados/rmelo/PDPTW-SE/benchmark_multi_floor_v3/official_experiments/multistartlp/official/set_01_pt_01/logs;0;0;0;100.0;100.0;1;58;/dados/rmelo/PDPTW-SE/benchmark_multi_floor_v3/official_experiments/multistartlp/official/set_01_pt_01/logs/heur_mslp/solutions/40R_40V_04F_05M/LR1_2_3_sol_genconfig_mslp_seed_58.txt;Gurobi;AUTOMATIC;18.26;_bash_3;_seed_58;0.05;1;0.02;/dados/rmelo/PDPTW-SE/benchmark_multi_floor_v3/official_experiments/multistartlp/official/set_01_pt_01/logs/heur_mslp/timelines/40R_40V_04F_05M/LR1_2_3_timeline_genconfig_mslp_seed_58.txt;191.16;t1;0;9817.1;false
0.05;0.11;0.14;0.25;0.01;0.06;4;/dados/rmelo/PDPTW-SE/benchmark_multi_floor_v3/official_experiments/multistartlp/official/set_01_pt_01/logs/heur_mslp/outputs/csvresults_heur_mslp_bash_3.csv;0;6;1;82;1;0.0;0.5;true;42;2;LR1_2_3_t1_40R_40V_04F_06M;/dados/rmelo/PDPTW-SE/benchmark_multi_floor_v3/official_experiments/multistartlp/official/set_01_pt_01/configs/genconfig_mslp.conf;genconfig_mslp;/dados/rmelo/PDPTW-SE/benchmark_multi_floor_v3/official_experiments/multistartlp/official/set_01_pt_01/logs/heur_mslp/gurobi/40R_40V_04F_06M/LR1_2_3_grb_genconfig_mslp_seed_58.log;random;40R_40V_04F_06M;1;59978;1;/dados/rmelo/PDPTW-SE/benchmark_multi_floor_v3/official_experiments/multistartlp/official/set_01_pt_01/../../../../instances/orig_ams_fg/40R_40V_04F_06M/t1/LR1_2_3/;60000;15322;0;9726.08;81;41;H;50;95;0;100.0;30.0;true;0.95;100.0;1.0;1.0;1.0;1.0;60;M;22;22;false;86;0.97;193.99;0.98;43;10;1000000;-1;3600;5.13;0.72;0.44;mslp;heur;0.26;0.09;-1;3600;60000;I;40;1.0;0.48;LR1_2_3;0;/dados/rmelo/PDPTW-SE/benchmark_multi_floor_v3/official_experiments/multistartlp/official/set_01_pt_01/logs;0;0;0;99.96;100.0;1;58;/dados/rmelo/PDPTW-SE/benchmark_multi_floor_v3/official_experiments/multistartlp/official/set_01_pt_01/logs/heur_mslp/solutions/40R_40V_04F_06M/LR1_2_3_sol_genconfig_mslp_seed_58.txt;Gurobi;AUTOMATIC;18.26;_bash_3;_seed_58;1.13;1;72.16;/dados/rmelo/PDPTW-SE/benchmark_multi_floor_v3/official_experiments/multistartlp/official/set_01_pt_01/logs/heur_mslp/timelines/40R_40V_04F_06M/LR1_2_3_timeline_genconfig_mslp_seed_58.txt;281.78;t1;0;8769.5;false
0.05;0.08;0.11;0.19;0.01;0.02;4;/dados/rmelo/PDPTW-SE/benchmark_multi_floor_v3/official_experiments/multistartlp/official/set_01_pt_01/logs/heur_mslp/outputs/csvresults_heur_mslp_bash_3.csv;0;5;1;82;1;0.0;0.5;true;42;2;LR1_2_4_t1_40R_40V_04F_05M;/dados/rmelo/PDPTW-SE/benchmark_multi_floor_v3/official_experiments/multistartlp/official/set_01_pt_01/configs/genconfig_mslp.conf;genconfig_mslp;/dados/rmelo/PDPTW-SE/benchmark_multi_floor_v3/official_experiments/multistartlp/official/set_01_pt_01/logs/heur_mslp/gurobi/40R_40V_04F_05M/LR1_2_4_grb_genconfig_mslp_seed_58.log;random;40R_40V_04F_05M;1;57443;1;/dados/rmelo/PDPTW-SE/benchmark_multi_floor_v3/official_experiments/multistartlp/official/set_01_pt_01/../../../../instances/orig_ams_fg/40R_40V_04F_06M/t1/LR1_2_4/;60000;11660;0;8258.19;81;41;H;50;95;0;100.0;30.0;true;0.95;100.0;1.0;1.0;1.0;1.0;60;M;2557;2557;false;86;0.99;185.58;0.94;43;10;1000000;-1;3600;5.3;0.63;0.51;mslp;heur;0.49;0.26;-1;3600;60000;I;40;1.0;0.32;LR1_2_4;0;/dados/rmelo/PDPTW-SE/benchmark_multi_floor_v3/official_experiments/multistartlp/official/set_01_pt_01/logs;0;0;0;95.74;100.0;1;58;/dados/rmelo/PDPTW-SE/benchmark_multi_floor_v3/official_experiments/multistartlp/official/set_01_pt_01/logs/heur_mslp/solutions/40R_40V_04F_05M/LR1_2_4_sol_genconfig_mslp_seed_58.txt;Gurobi;AUTOMATIC;18.17;_bash_3;_seed_58;135.52;1;110.98;/dados/rmelo/PDPTW-SE/benchmark_multi_floor_v3/official_experiments/multistartlp/official/set_01_pt_01/logs/heur_mslp/timelines/40R_40V_04F_05M/LR1_2_4_timeline_genconfig_mslp_seed_58.txt;567.65;t1;0;7247.96;false
0.05;0.05;0.08;0.14;0.01;0.04;7;/dados/rmelo/PDPTW-SE/benchmark_multi_floor_v3/official_experiments/multistartlp/official/set_01_pt_01/logs/heur_mslp/outputs/csvresults_heur_mslp_bash_3.csv;0;6;1;82;1;0.0;0.5;true;42;2;LR1_2_4_t1_40R_40V_04F_06M;/dados/rmelo/PDPTW-SE/benchmark_multi_floor_v3/official_experiments/multistartlp/official/set_01_pt_01/configs/genconfig_mslp.conf;genconfig_mslp;/dados/rmelo/PDPTW-SE/benchmark_multi_floor_v3/official_experiments/multistartlp/official/set_01_pt_01/logs/heur_mslp/gurobi/40R_40V_04F_06M/LR1_2_4_grb_genconfig_mslp_seed_58.log;random;40R_40V_04F_06M;1;52921;1;/dados/rmelo/PDPTW-SE/benchmark_multi_floor_v3/official_experiments/multistartlp/official/set_01_pt_01/../../../../instances/orig_ams_fg/40R_40V_04F_06M/t1/LR1_2_4/;60000;5676;0;8492.69;81;41;H;50;95;0;100.0;30.0;true;0.95;100.0;1.0;1.0;1.0;1.0;60;M;7079;7079;false;86;0.98;185.58;0.99;43;10;1000000;-1;3600;4.8;0.61;0.54;mslp;heur;0.41;0.26;-1;3600;60000;I;40;1.0;0.32;LR1_2_4;0;/dados/rmelo/PDPTW-SE/benchmark_multi_floor_v3/official_experiments/multistartlp/official/set_01_pt_01/logs;0;0;0;88.2;100.0;1;58;/dados/rmelo/PDPTW-SE/benchmark_multi_floor_v3/official_experiments/multistartlp/official/set_01_pt_01/logs/heur_mslp/solutions/40R_40V_04F_06M/LR1_2_4_sol_genconfig_mslp_seed_58.txt;Gurobi;AUTOMATIC;18.31;_bash_3;_seed_58;340.13;1;78.91;/dados/rmelo/PDPTW-SE/benchmark_multi_floor_v3/official_experiments/multistartlp/official/set_01_pt_01/logs/heur_mslp/timelines/40R_40V_04F_06M/LR1_2_4_timeline_genconfig_mslp_seed_58.txt;823.96;t1;0;6954.74;false
0.05;0.12;0.18;0.3;0.02;0.14;3;/dados/rmelo/PDPTW-SE/benchmark_multi_floor_v3/official_experiments/multistartlp/official/set_01_pt_01/logs/heur_mslp/outputs/csvresults_heur_mslp_bash_3.csv;0;5;1;82;1;0.0;0.5;true;42;2;LR1_2_5_t1_40R_40V_04F_05M;/dados/rmelo/PDPTW-SE/benchmark_multi_floor_v3/official_experiments/multistartlp/official/set_01_pt_01/configs/genconfig_mslp.conf;genconfig_mslp;/dados/rmelo/PDPTW-SE/benchmark_multi_floor_v3/official_experiments/multistartlp/official/set_01_pt_01/logs/heur_mslp/gurobi/40R_40V_04F_05M/LR1_2_5_grb_genconfig_mslp_seed_58.log;random;40R_40V_04F_05M;1;59993;1;/dados/rmelo/PDPTW-SE/benchmark_multi_floor_v3/official_experiments/multistartlp/official/set_01_pt_01/../../../../instances/orig_ams_fg/40R_40V_04F_06M/t1/LR1_2_5/;60000;38882;0;10004.99;81;41;H;50;95;0;100.0;30.0;true;0.95;100.0;1.0;1.0;1.0;1.0;60;M;7;7;false;86;0.95;177.2;0.92;43;10;1000000;-1;3600;6.56;0.7;0.4;mslp;heur;0.34;0.09;-1;3600;60000;I;40;1.0;0.52;LR1_2_5;0;/dados/rmelo/PDPTW-SE/benchmark_multi_floor_v3/official_experiments/multistartlp/official/set_01_pt_01/logs;0;0;0;99.99;100.0;1;58;/dados/rmelo/PDPTW-SE/benchmark_multi_floor_v3/official_experiments/multistartlp/official/set_01_pt_01/logs/heur_mslp/solutions/40R_40V_04F_05M/LR1_2_5_sol_genconfig_mslp_seed_58.txt;Gurobi;AUTOMATIC;17.95;_bash_3;_seed_58;0.46;1;153.86;/dados/rmelo/PDPTW-SE/benchmark_multi_floor_v3/official_experiments/multistartlp/official/set_01_pt_01/logs/heur_mslp/timelines/40R_40V_04F_05M/LR1_2_5_timeline_genconfig_mslp_seed_58.txt;237.45;t1;0;9368.85;false
0.05;0.1;0.14;0.25;0.02;0.12;10;/dados/rmelo/PDPTW-SE/benchmark_multi_floor_v3/official_experiments/multistartlp/official/set_01_pt_01/logs/heur_mslp/outputs/csvresults_heur_mslp_bash_3.csv;0;6;1;82;1;0.0;0.5;true;42;2;LR1_2_5_t1_40R_40V_04F_06M;/dados/rmelo/PDPTW-SE/benchmark_multi_floor_v3/official_experiments/multistartlp/official/set_01_pt_01/configs/genconfig_mslp.conf;genconfig_mslp;/dados/rmelo/PDPTW-SE/benchmark_multi_floor_v3/official_experiments/multistartlp/official/set_01_pt_01/logs/heur_mslp/gurobi/40R_40V_04F_06M/LR1_2_5_grb_genconfig_mslp_seed_58.log;random;40R_40V_04F_06M;1;59648;1;/dados/rmelo/PDPTW-SE/benchmark_multi_floor_v3/official_experiments/multistartlp/official/set_01_pt_01/../../../../instances/orig_ams_fg/40R_40V_04F_06M/t1/LR1_2_5/;60000;47655;0;10130.46;81;41;H;50;95;0;100.0;30.0;true;0.95;100.0;1.0;1.0;1.0;1.0;60;M;352;352;false;86;0.97;177.2;0.9;43;10;1000000;-1;3600;6.41;0.73;0.44;mslp;heur;0.49;0.17;-1;3600;60000;I;40;1.0;0.48;LR1_2_5;0;/dados/rmelo/PDPTW-SE/benchmark_multi_floor_v3/official_experiments/multistartlp/official/set_01_pt_01/logs;0;0;0;99.41;100.0;1;58;/dados/rmelo/PDPTW-SE/benchmark_multi_floor_v3/official_experiments/multistartlp/official/set_01_pt_01/logs/heur_mslp/solutions/40R_40V_04F_06M/LR1_2_5_sol_genconfig_mslp_seed_58.txt;Gurobi;AUTOMATIC;18.26;_bash_3;_seed_58;22.56;1;277.14;/dados/rmelo/PDPTW-SE/benchmark_multi_floor_v3/official_experiments/multistartlp/official/set_01_pt_01/logs/heur_mslp/timelines/40R_40V_04F_06M/LR1_2_5_timeline_genconfig_mslp_seed_58.txt;349.26;t1;0;8829.6;false
0.05;0.02;0.04;0.06;0.02;0.13;9;/dados/rmelo/PDPTW-SE/benchmark_multi_floor_v3/official_experiments/multistartlp/official/set_01_pt_01/logs/heur_mslp/outputs/csvresults_heur_mslp_bash_3.csv;0;5;1;82;1;0.0;0.5;true;42;2;LR2_2_1_t2_40R_40V_04F_05M;/dados/rmelo/PDPTW-SE/benchmark_multi_floor_v3/official_experiments/multistartlp/official/set_01_pt_01/configs/genconfig_mslp.conf;genconfig_mslp;/dados/rmelo/PDPTW-SE/benchmark_multi_floor_v3/official_experiments/multistartlp/official/set_01_pt_01/logs/heur_mslp/gurobi/40R_40V_04F_05M/LR2_2_1_grb_genconfig_mslp_seed_58.log;random;40R_40V_04F_05M;1;33426;1;/dados/rmelo/PDPTW-SE/benchmark_multi_floor_v3/official_experiments/multistartlp/official/set_01_pt_01/../../../../instances/orig_ams_fg/40R_40V_04F_06M/t2/LR2_2_1/;60000;50278;0;13390.49;81;41;H;50;95;0;100.0;30.0;true;0.95;100.0;1.0;1.0;1.0;1.0;60;M;26574;26574;false;80;0.9;187.93;0.99;40;10;1000000;-1;3600;5.97;0.66;0.81;mslp;heur;0.32;0.6;-1;3600;60000;I;40;1.0;0.15;LR2_2_1;0;/dados/rmelo/PDPTW-SE/benchmark_multi_floor_v3/official_experiments/multistartlp/official/set_01_pt_01/logs;0;0;0;55.71;100.0;1;58;/dados/rmelo/PDPTW-SE/benchmark_multi_floor_v3/official_experiments/multistartlp/official/set_01_pt_01/logs/heur_mslp/solutions/40R_40V_04F_05M/LR2_2_1_sol_genconfig_mslp_seed_58.txt;Gurobi;AUTOMATIC;18.2;_bash_3;_seed_58;1585.18;1;752.03;/dados/rmelo/PDPTW-SE/benchmark_multi_floor_v3/official_experiments/multistartlp/official/set_01_pt_01/logs/heur_mslp/timelines/40R_40V_04F_05M/LR2_2_1_timeline_genconfig_mslp_seed_58.txt;896.97;t2;0;10024.1;false
0.05;0.02;0.03;0.05;0.04;0.1;9;/dados/rmelo/PDPTW-SE/benchmark_multi_floor_v3/official_experiments/multistartlp/official/set_01_pt_01/logs/heur_mslp/outputs/csvresults_heur_mslp_bash_3.csv;0;6;1;82;1;0.0;0.5;true;42;2;LR2_2_1_t2_40R_40V_04F_06M;/dados/rmelo/PDPTW-SE/benchmark_multi_floor_v3/official_experiments/multistartlp/official/set_01_pt_01/configs/genconfig_mslp.conf;genconfig_mslp;/dados/rmelo/PDPTW-SE/benchmark_multi_floor_v3/official_experiments/multistartlp/official/set_01_pt_01/logs/heur_mslp/gurobi/40R_40V_04F_06M/LR2_2_1_grb_genconfig_mslp_seed_58.log;random;40R_40V_04F_06M;1;33459;1;/dados/rmelo/PDPTW-SE/benchmark_multi_floor_v3/official_experiments/multistartlp/official/set_01_pt_01/../../../../instances/orig_ams_fg/40R_40V_04F_06M/t2/LR2_2_1/;60000;40426;0;13051.62;81;41;H;50;95;0;100.0;30.0;true;0.95;100.0;1.0;1.0;1.0;1.0;60;M;26541;26541;false;80;0.92;187.93;0.94;40;10;1000000;-1;3600;6.37;0.57;0.75;mslp;heur;0.07;0.18;-1;3600;60000;I;40;1.0;0.18;LR2_2_1;0;/dados/rmelo/PDPTW-SE/benchmark_multi_floor_v3/official_experiments/multistartlp/official/set_01_pt_01/logs;0;0;0;55.76;100.0;1;58;/dados/rmelo/PDPTW-SE/benchmark_multi_floor_v3/official_experiments/multistartlp/official/set_01_pt_01/logs/heur_mslp/solutions/40R_40V_04F_06M/LR2_2_1_sol_genconfig_mslp_seed_58.txt;Gurobi;AUTOMATIC;18.4;_bash_3;_seed_58;1690.07;1;646.69;/dados/rmelo/PDPTW-SE/benchmark_multi_floor_v3/official_experiments/multistartlp/official/set_01_pt_01/logs/heur_mslp/timelines/40R_40V_04F_06M/LR2_2_1_timeline_genconfig_mslp_seed_58.txt;960.04;t2;0;10043.3;false
0.05;0.02;0.03;0.05;0.05;0.07;5;/dados/rmelo/PDPTW-SE/benchmark_multi_floor_v3/official_experiments/multistartlp/official/set_01_pt_01/logs/heur_mslp/outputs/csvresults_heur_mslp_bash_3.csv;0;5;1;82;1;0.0;0.5;true;42;2;LR2_2_2_t2_40R_40V_04F_05M;/dados/rmelo/PDPTW-SE/benchmark_multi_floor_v3/official_experiments/multistartlp/official/set_01_pt_01/configs/genconfig_mslp.conf;genconfig_mslp;/dados/rmelo/PDPTW-SE/benchmark_multi_floor_v3/official_experiments/multistartlp/official/set_01_pt_01/logs/heur_mslp/gurobi/40R_40V_04F_05M/LR2_2_2_grb_genconfig_mslp_seed_58.log;random;40R_40V_04F_05M;1;2256;1;/dados/rmelo/PDPTW-SE/benchmark_multi_floor_v3/official_experiments/multistartlp/official/set_01_pt_01/../../../../instances/orig_ams_fg/40R_40V_04F_06M/t2/LR2_2_2/;60000;23764;0;11901.11;81;41;H;50;95;0;100.0;30.0;true;0.95;100.0;1.0;1.0;1.0;1.0;60;M;57744;57744;false;80;0.82;187.18;1.0;40;10;1000000;-1;3600;5.06;0.65;0.83;mslp;heur;0.27;0.32;-1;3600;60000;I;40;1.0;0.12;LR2_2_2;0;/dados/rmelo/PDPTW-SE/benchmark_multi_floor_v3/official_experiments/multistartlp/official/set_01_pt_01/logs;0;0;0;3.76;100.0;1;58;/dados/rmelo/PDPTW-SE/benchmark_multi_floor_v3/official_experiments/multistartlp/official/set_01_pt_01/logs/heur_mslp/solutions/40R_40V_04F_05M/LR2_2_2_sol_genconfig_mslp_seed_58.txt;Gurobi;AUTOMATIC;18.32;_bash_3;_seed_58;2923.11;1;778.14;/dados/rmelo/PDPTW-SE/benchmark_multi_floor_v3/official_experiments/multistartlp/official/set_01_pt_01/logs/heur_mslp/timelines/40R_40V_04F_05M/LR2_2_2_timeline_genconfig_mslp_seed_58.txt;1960.02;t2;0;8287.22;false
0.05;0.02;0.04;0.06;0.03;0.05;13;/dados/rmelo/PDPTW-SE/benchmark_multi_floor_v3/official_experiments/multistartlp/official/set_01_pt_01/logs/heur_mslp/outputs/csvresults_heur_mslp_bash_3.csv;0;6;1;82;1;0.0;0.5;true;42;2;LR2_2_2_t2_40R_40V_04F_06M;/dados/rmelo/PDPTW-SE/benchmark_multi_floor_v3/official_experiments/multistartlp/official/set_01_pt_01/configs/genconfig_mslp.conf;genconfig_mslp;/dados/rmelo/PDPTW-SE/benchmark_multi_floor_v3/official_experiments/multistartlp/official/set_01_pt_01/logs/heur_mslp/gurobi/40R_40V_04F_06M/LR2_2_2_grb_genconfig_mslp_seed_58.log;random;40R_40V_04F_06M;1;29;1;/dados/rmelo/PDPTW-SE/benchmark_multi_floor_v3/official_experiments/multistartlp/official/set_01_pt_01/../../../../instances/orig_ams_fg/40R_40V_04F_06M/t2/LR2_2_2/;60000;34493;0;12006.95;81;41;H;50;95;0;100.0;30.0;true;0.95;100.0;1.0;1.0;1.0;1.0;60;M;59971;59971;false;80;0.85;184.49;0.96;40;10;1000000;-1;3600;5.5;0.65;0.85;mslp;heur;0.25;0.71;-1;3600;60000;I;40;0.83;0.12;LR2_2_2;0;/dados/rmelo/PDPTW-SE/benchmark_multi_floor_v3/official_experiments/multistartlp/official/set_01_pt_01/logs;0;0;0;0.05;100.0;1;58;/dados/rmelo/PDPTW-SE/benchmark_multi_floor_v3/official_experiments/multistartlp/official/set_01_pt_01/logs/heur_mslp/solutions/40R_40V_04F_06M/LR2_2_2_sol_genconfig_mslp_seed_58.txt;Gurobi;AUTOMATIC;18.56;_bash_3;_seed_58;3295.43;1;1177.93;/dados/rmelo/PDPTW-SE/benchmark_multi_floor_v3/official_experiments/multistartlp/official/set_01_pt_01/logs/heur_mslp/timelines/40R_40V_04F_06M/LR2_2_2_timeline_genconfig_mslp_seed_58.txt;2043.44;t2;0;8175.53;false
0.05;0.02;0.03;0.05;0.0;0.0;16;/dados/rmelo/PDPTW-SE/benchmark_multi_floor_v3/official_experiments/multistartlp/official/set_01_pt_01/logs/heur_mslp/outputs/csvresults_heur_mslp_bash_3.csv;0;5;1;82;1;0.0;0.5;true;42;2;LR2_2_3_t2_40R_40V_04F_05M;/dados/rmelo/PDPTW-SE/benchmark_multi_floor_v3/official_experiments/multistartlp/official/set_01_pt_01/configs/genconfig_mslp.conf;genconfig_mslp;/dados/rmelo/PDPTW-SE/benchmark_multi_floor_v3/official_experiments/multistartlp/official/set_01_pt_01/logs/heur_mslp/gurobi/40R_40V_04F_05M/LR2_2_3_grb_genconfig_mslp_seed_58.log;random;40R_40V_04F_05M;1;14106;1;/dados/rmelo/PDPTW-SE/benchmark_multi_floor_v3/official_experiments/multistartlp/official/set_01_pt_01/../../../../instances/orig_ams_fg/40R_40V_04F_06M/t2/LR2_2_3/;60000;44382;0;10511.09;81;41;H;50;95;0;100.0;30.0;true;0.95;100.0;1.0;1.0;1.0;1.0;60;M;45894;45894;false;72;0.9;193.86;1.0;36;10;1000000;-1;3600;2.48;0.62;0.82;mslp;heur;0.05;0.32;-1;3600;60000;I;40;1.0;0.12;LR2_2_3;0;/dados/rmelo/PDPTW-SE/benchmark_multi_floor_v3/official_experiments/multistartlp/official/set_01_pt_01/logs;0;0;0;23.51;100.0;1;58;/dados/rmelo/PDPTW-SE/benchmark_multi_floor_v3/official_experiments/multistartlp/official/set_01_pt_01/logs/heur_mslp/solutions/40R_40V_04F_05M/LR2_2_3_sol_genconfig_mslp_seed_58.txt;Gurobi;AUTOMATIC;18.34;_bash_3;_seed_58;1136.98;1;1813.25;/dados/rmelo/PDPTW-SE/benchmark_multi_floor_v3/official_experiments/multistartlp/official/set_01_pt_01/logs/heur_mslp/timelines/40R_40V_04F_05M/LR2_2_3_timeline_genconfig_mslp_seed_58.txt;2452.41;t2;0;7898.67;false
0.05;0.01;0.03;0.04;0.0;0.01;12;/dados/rmelo/PDPTW-SE/benchmark_multi_floor_v3/official_experiments/multistartlp/official/set_01_pt_01/logs/heur_mslp/outputs/csvresults_heur_mslp_bash_3.csv;0;6;1;82;1;0.0;0.5;true;42;2;LR2_2_3_t2_40R_40V_04F_06M;/dados/rmelo/PDPTW-SE/benchmark_multi_floor_v3/official_experiments/multistartlp/official/set_01_pt_01/configs/genconfig_mslp.conf;genconfig_mslp;/dados/rmelo/PDPTW-SE/benchmark_multi_floor_v3/official_experiments/multistartlp/official/set_01_pt_01/logs/heur_mslp/gurobi/40R_40V_04F_06M/LR2_2_3_grb_genconfig_mslp_seed_58.log;random;40R_40V_04F_06M;1;1061;1;/dados/rmelo/PDPTW-SE/benchmark_multi_floor_v3/official_experiments/multistartlp/official/set_01_pt_01/../../../../instances/orig_ams_fg/40R_40V_04F_06M/t2/LR2_2_3/;60000;15015;0;10157.39;81;41;H;50;95;0;100.0;30.0;true;0.95;100.0;1.0;1.0;1.0;1.0;60;M;58939;58939;false;72;0.84;193.86;1.0;36;10;1000000;-1;3600;2.68;0.6;0.9;mslp;heur;0.08;0.79;-1;3600;60000;I;40;1.0;0.12;LR2_2_3;0;/dados/rmelo/PDPTW-SE/benchmark_multi_floor_v3/official_experiments/multistartlp/official/set_01_pt_01/logs;0;0;0;1.77;100.0;1;58;/dados/rmelo/PDPTW-SE/benchmark_multi_floor_v3/official_experiments/multistartlp/official/set_01_pt_01/logs/heur_mslp/solutions/40R_40V_04F_06M/LR2_2_3_sol_genconfig_mslp_seed_58.txt;Gurobi;AUTOMATIC;18.27;_bash_3;_seed_58;1578.13;1;749.7;/dados/rmelo/PDPTW-SE/benchmark_multi_floor_v3/official_experiments/multistartlp/official/set_01_pt_01/logs/heur_mslp/timelines/40R_40V_04F_06M/LR2_2_3_timeline_genconfig_mslp_seed_58.txt;2991.83;t2;0;7643.99;false
0.05;0.01;0.03;0.04;0.0;0.0;9;/dados/rmelo/PDPTW-SE/benchmark_multi_floor_v3/official_experiments/multistartlp/official/set_01_pt_01/logs/heur_mslp/outputs/csvresults_heur_mslp_bash_3.csv;0;5;1;82;1;0.0;0.5;true;42;2;LR2_2_4_t2_40R_40V_04F_05M;/dados/rmelo/PDPTW-SE/benchmark_multi_floor_v3/official_experiments/multistartlp/official/set_01_pt_01/configs/genconfig_mslp.conf;genconfig_mslp;/dados/rmelo/PDPTW-SE/benchmark_multi_floor_v3/official_experiments/multistartlp/official/set_01_pt_01/logs/heur_mslp/gurobi/40R_40V_04F_05M/LR2_2_4_grb_genconfig_mslp_seed_58.log;random;40R_40V_04F_05M;1;0;1;/dados/rmelo/PDPTW-SE/benchmark_multi_floor_v3/official_experiments/multistartlp/official/set_01_pt_01/../../../../instances/orig_ams_fg/40R_40V_04F_06M/t2/LR2_2_4/;44456;9322;0;7990.91;81;41;H;50;95;0;100.0;30.0;true;0.95;100.0;1.0;1.0;1.0;1.0;60;M;44164;44456;false;78;0.99;179.38;1.0;39;10;1000000;-1;3600;1.28;0.82;0.87;mslp;heur;0.65;0.62;-1;3600;60000;I;40;0.8;0.08;LR2_2_4;0;/dados/rmelo/PDPTW-SE/benchmark_multi_floor_v3/official_experiments/multistartlp/official/set_01_pt_01/logs;0;0;0;0.0;99.34;1;58;/dados/rmelo/PDPTW-SE/benchmark_multi_floor_v3/official_experiments/multistartlp/official/set_01_pt_01/logs/heur_mslp/solutions/40R_40V_04F_05M/LR2_2_4_sol_genconfig_mslp_seed_58.txt;Gurobi;AUTOMATIC;18.13;_bash_3;_seed_58;571.15;1;754.07;/dados/rmelo/PDPTW-SE/benchmark_multi_floor_v3/official_experiments/multistartlp/official/set_01_pt_01/logs/heur_mslp/timelines/40R_40V_04F_05M/LR2_2_4_timeline_genconfig_mslp_seed_58.txt;3600.03;t2;0;6253.59;false
0.05;0.01;0.02;0.03;0.0;0.0;12;/dados/rmelo/PDPTW-SE/benchmark_multi_floor_v3/official_experiments/multistartlp/official/set_01_pt_01/logs/heur_mslp/outputs/csvresults_heur_mslp_bash_3.csv;0;6;1;82;1;0.0;0.5;true;42;2;LR2_2_4_t2_40R_40V_04F_06M;/dados/rmelo/PDPTW-SE/benchmark_multi_floor_v3/official_experiments/multistartlp/official/set_01_pt_01/configs/genconfig_mslp.conf;genconfig_mslp;/dados/rmelo/PDPTW-SE/benchmark_multi_floor_v3/official_experiments/multistartlp/official/set_01_pt_01/logs/heur_mslp/gurobi/40R_40V_04F_06M/LR2_2_4_grb_genconfig_mslp_seed_58.log;random;40R_40V_04F_06M;1;0;1;/dados/rmelo/PDPTW-SE/benchmark_multi_floor_v3/official_experiments/multistartlp/official/set_01_pt_01/../../../../instances/orig_ams_fg/40R_40V_04F_06M/t2/LR2_2_4/;41168;7688;0;8041.1;81;41;H;50;95;0;100.0;30.0;true;0.95;100.0;1.0;1.0;1.0;1.0;60;M;40880;41168;false;78;0.99;177.12;1.0;39;10;1000000;-1;3600;1.34;0.81;0.99;mslp;heur;0.64;0.98;-1;3600;60000;I;40;1.0;0.08;LR2_2_4;0;/dados/rmelo/PDPTW-SE/benchmark_multi_floor_v3/official_experiments/multistartlp/official/set_01_pt_01/logs;0;0;0;0.0;99.3;1;58;/dados/rmelo/PDPTW-SE/benchmark_multi_floor_v3/official_experiments/multistartlp/official/set_01_pt_01/logs/heur_mslp/solutions/40R_40V_04F_06M/LR2_2_4_sol_genconfig_mslp_seed_58.txt;Gurobi;AUTOMATIC;18.17;_bash_3;_seed_58;551.79;1;672.34;/dados/rmelo/PDPTW-SE/benchmark_multi_floor_v3/official_experiments/multistartlp/official/set_01_pt_01/logs/heur_mslp/timelines/40R_40V_04F_06M/LR2_2_4_timeline_genconfig_mslp_seed_58.txt;3600.02;t2;0;6141.34;false
0.05;0.02;0.04;0.06;0.01;0.1;10;/dados/rmelo/PDPTW-SE/benchmark_multi_floor_v3/official_experiments/multistartlp/official/set_01_pt_01/logs/heur_mslp/outputs/csvresults_heur_mslp_bash_3.csv;0;5;1;82;1;0.0;0.5;true;42;2;LR2_2_5_t2_40R_40V_04F_05M;/dados/rmelo/PDPTW-SE/benchmark_multi_floor_v3/official_experiments/multistartlp/official/set_01_pt_01/configs/genconfig_mslp.conf;genconfig_mslp;/dados/rmelo/PDPTW-SE/benchmark_multi_floor_v3/official_experiments/multistartlp/official/set_01_pt_01/logs/heur_mslp/gurobi/40R_40V_04F_05M/LR2_2_5_grb_genconfig_mslp_seed_58.log;random;40R_40V_04F_05M;1;0;1;/dados/rmelo/PDPTW-SE/benchmark_multi_floor_v3/official_experiments/multistartlp/official/set_01_pt_01/../../../../instances/orig_ams_fg/40R_40V_04F_06M/t2/LR2_2_5/;60000;13455;0;12432.92;81;41;H;50;95;0;100.0;30.0;true;0.95;100.0;1.0;1.0;1.0;1.0;60;M;60000;60000;false;80;0.85;187.25;1.0;40;10;1000000;-1;3600;6.55;0.72;0.99;mslp;heur;0.44;0.99;-1;3600;60000;I;40;1.0;0.12;LR2_2_5;0;/dados/rmelo/PDPTW-SE/benchmark_multi_floor_v3/official_experiments/multistartlp/official/set_01_pt_01/logs;0;0;0;0.0;100.0;1;58;/dados/rmelo/PDPTW-SE/benchmark_multi_floor_v3/official_experiments/multistartlp/official/set_01_pt_01/logs/heur_mslp/solutions/40R_40V_04F_05M/LR2_2_5_sol_genconfig_mslp_seed_58.txt;Gurobi;AUTOMATIC;18.53;_bash_3;_seed_58;3931.14;1;387.4;/dados/rmelo/PDPTW-SE/benchmark_multi_floor_v3/official_experiments/multistartlp/official/set_01_pt_01/logs/heur_mslp/timelines/40R_40V_04F_05M/LR2_2_5_timeline_genconfig_mslp_seed_58.txt;1721.67;t2;0;9100.95;false
0.05;0.02;0.03;0.06;0.01;0.11;9;/dados/rmelo/PDPTW-SE/benchmark_multi_floor_v3/official_experiments/multistartlp/official/set_01_pt_01/logs/heur_mslp/outputs/csvresults_heur_mslp_bash_3.csv;0;6;1;82;1;0.0;0.5;true;42;2;LR2_2_5_t2_40R_40V_04F_06M;/dados/rmelo/PDPTW-SE/benchmark_multi_floor_v3/official_experiments/multistartlp/official/set_01_pt_01/configs/genconfig_mslp.conf;genconfig_mslp;/dados/rmelo/PDPTW-SE/benchmark_multi_floor_v3/official_experiments/multistartlp/official/set_01_pt_01/logs/heur_mslp/gurobi/40R_40V_04F_06M/LR2_2_5_grb_genconfig_mslp_seed_58.log;random;40R_40V_04F_06M;1;0;1;/dados/rmelo/PDPTW-SE/benchmark_multi_floor_v3/official_experiments/multistartlp/official/set_01_pt_01/../../../../instances/orig_ams_fg/40R_40V_04F_06M/t2/LR2_2_5/;60000;49360;0;12424.05;81;41;H;50;95;0;100.0;30.0;true;0.95;100.0;1.0;1.0;1.0;1.0;60;M;60000;60000;false;80;0.87;187.25;0.99;40;10;1000000;-1;3600;6.74;0.69;0.93;mslp;heur;0.43;0.87;-1;3600;60000;I;40;1.0;0.12;LR2_2_5;0;/dados/rmelo/PDPTW-SE/benchmark_multi_floor_v3/official_experiments/multistartlp/official/set_01_pt_01/logs;0;0;0;0.0;100.0;1;58;/dados/rmelo/PDPTW-SE/benchmark_multi_floor_v3/official_experiments/multistartlp/official/set_01_pt_01/logs/heur_mslp/solutions/40R_40V_04F_06M/LR2_2_5_sol_genconfig_mslp_seed_58.txt;Gurobi;AUTOMATIC;18.39;_bash_3;_seed_58;4045.18;1;1527.53;/dados/rmelo/PDPTW-SE/benchmark_multi_floor_v3/official_experiments/multistartlp/official/set_01_pt_01/logs/heur_mslp/timelines/40R_40V_04F_06M/LR2_2_5_timeline_genconfig_mslp_seed_58.txt;1856.45;t2;0;8807.46;false
0.05;0.05;0.08;0.13;0.02;0.19;2;/dados/rmelo/PDPTW-SE/benchmark_multi_floor_v3/official_experiments/multistartlp/official/set_01_pt_01/logs/heur_mslp/outputs/csvresults_heur_mslp_bash_3.csv;0;5;1;122;1;0.0;0.5;true;62;2;LR1_2_1_t1_60R_60V_02F_05M;/dados/rmelo/PDPTW-SE/benchmark_multi_floor_v3/official_experiments/multistartlp/official/set_01_pt_01/configs/genconfig_mslp.conf;genconfig_mslp;/dados/rmelo/PDPTW-SE/benchmark_multi_floor_v3/official_experiments/multistartlp/official/set_01_pt_01/logs/heur_mslp/gurobi/60R_60V_02F_05M/LR1_2_1_grb_genconfig_mslp_seed_58.log;random;60R_60V_02F_05M;1;59998;1;/dados/rmelo/PDPTW-SE/benchmark_multi_floor_v3/official_experiments/multistartlp/official/set_01_pt_01/../../../../instances/orig_ams_fg/60R_60V_02F_06M/t1/LR1_2_1/;60000;24119;0;13563.48;121;61;H;50;95;0;100.0;30.0;true;0.95;100.0;1.0;1.0;1.0;1.0;60;M;2;2;false;78;0.97;188.85;0.97;39;10;1000000;-1;3600;6.15;0.66;0.56;mslp;heur;0.34;0.01;-1;3600;60000;I;60;1.0;0.43;LR1_2_1;0;/dados/rmelo/PDPTW-SE/benchmark_multi_floor_v3/official_experiments/multistartlp/official/set_01_pt_01/logs;0;0;0;100.0;100.0;1;58;/dados/rmelo/PDPTW-SE/benchmark_multi_floor_v3/official_experiments/multistartlp/official/set_01_pt_01/logs/heur_mslp/solutions/60R_60V_02F_05M/LR1_2_1_sol_genconfig_mslp_seed_58.txt;Gurobi;AUTOMATIC;18.53;_bash_3;_seed_58;0.12;1;110.83;/dados/rmelo/PDPTW-SE/benchmark_multi_floor_v3/official_experiments/multistartlp/official/set_01_pt_01/logs/heur_mslp/timelines/60R_60V_02F_05M/LR1_2_1_timeline_genconfig_mslp_seed_58.txt;274.15;t1;0;12817.14;false
0.05;0.04;0.07;0.11;0.03;0.2;5;/dados/rmelo/PDPTW-SE/benchmark_multi_floor_v3/official_experiments/multistartlp/official/set_01_pt_01/logs/heur_mslp/outputs/csvresults_heur_mslp_bash_3.csv;0;6;1;122;1;0.0;0.5;true;62;2;LR1_2_1_t1_60R_60V_02F_06M;/dados/rmelo/PDPTW-SE/benchmark_multi_floor_v3/official_experiments/multistartlp/official/set_01_pt_01/configs/genconfig_mslp.conf;genconfig_mslp;/dados/rmelo/PDPTW-SE/benchmark_multi_floor_v3/official_experiments/multistartlp/official/set_01_pt_01/logs/heur_mslp/gurobi/60R_60V_02F_06M/LR1_2_1_grb_genconfig_mslp_seed_58.log;random;60R_60V_02F_06M;1;59894;1;/dados/rmelo/PDPTW-SE/benchmark_multi_floor_v3/official_experiments/multistartlp/official/set_01_pt_01/../../../../instances/orig_ams_fg/60R_60V_02F_06M/t1/LR1_2_1/;60000;36647;0;15527.41;121;61;H;50;95;0;100.0;30.0;true;0.95;100.0;1.0;1.0;1.0;1.0;60;M;106;106;false;78;0.95;188.85;0.87;39;10;1000000;-1;3600;6.03;0.64;0.55;mslp;heur;0.36;0.08;-1;3600;60000;I;60;1.0;0.43;LR1_2_1;0;/dados/rmelo/PDPTW-SE/benchmark_multi_floor_v3/official_experiments/multistartlp/official/set_01_pt_01/logs;0;0;0;99.82;100.0;1;58;/dados/rmelo/PDPTW-SE/benchmark_multi_floor_v3/official_experiments/multistartlp/official/set_01_pt_01/logs/heur_mslp/solutions/60R_60V_02F_06M/LR1_2_1_sol_genconfig_mslp_seed_58.txt;Gurobi;AUTOMATIC;18.44;_bash_3;_seed_58;6.39;1;230.97;/dados/rmelo/PDPTW-SE/benchmark_multi_floor_v3/official_experiments/multistartlp/official/set_01_pt_01/logs/heur_mslp/timelines/60R_60V_02F_06M/LR1_2_1_timeline_genconfig_mslp_seed_58.txt;377.98;t1;0;12583.04;false
0.05;0.03;0.06;0.09;0.02;0.12;7;/dados/rmelo/PDPTW-SE/benchmark_multi_floor_v3/official_experiments/multistartlp/official/set_01_pt_01/logs/heur_mslp/outputs/csvresults_heur_mslp_bash_3.csv;0;5;1;122;1;0.0;0.5;true;62;2;LR1_2_2_t1_60R_60V_02F_05M;/dados/rmelo/PDPTW-SE/benchmark_multi_floor_v3/official_experiments/multistartlp/official/set_01_pt_01/configs/genconfig_mslp.conf;genconfig_mslp;/dados/rmelo/PDPTW-SE/benchmark_multi_floor_v3/official_experiments/multistartlp/official/set_01_pt_01/logs/heur_mslp/gurobi/60R_60V_02F_05M/LR1_2_2_grb_genconfig_mslp_seed_58.log;random;60R_60V_02F_05M;1;57102;1;/dados/rmelo/PDPTW-SE/benchmark_multi_floor_v3/official_experiments/multistartlp/official/set_01_pt_01/../../../../instances/orig_ams_fg/60R_60V_02F_06M/t1/LR1_2_2/;60000;42281;0;13500.6;121;61;H;50;95;0;100.0;30.0;true;0.95;100.0;1.0;1.0;1.0;1.0;60;M;2898;2898;false;78;0.98;182.66;0.96;39;10;1000000;-1;3600;5.54;0.57;0.57;mslp;heur;0.2;0.29;-1;3600;60000;I;60;1.0;0.37;LR1_2_2;0;/dados/rmelo/PDPTW-SE/benchmark_multi_floor_v3/official_experiments/multistartlp/official/set_01_pt_01/logs;0;0;0;95.17;100.0;1;58;/dados/rmelo/PDPTW-SE/benchmark_multi_floor_v3/official_experiments/multistartlp/official/set_01_pt_01/logs/heur_mslp/solutions/60R_60V_02F_05M/LR1_2_2_sol_genconfig_mslp_seed_58.txt;Gurobi;AUTOMATIC;18.51;_bash_3;_seed_58;160.53;1;369.05;/dados/rmelo/PDPTW-SE/benchmark_multi_floor_v3/official_experiments/multistartlp/official/set_01_pt_01/logs/heur_mslp/timelines/60R_60V_02F_05M/LR1_2_2_timeline_genconfig_mslp_seed_58.txt;523.96;t1;0;11407.16;false
0.05;0.03;0.05;0.07;0.01;0.12;11;/dados/rmelo/PDPTW-SE/benchmark_multi_floor_v3/official_experiments/multistartlp/official/set_01_pt_01/logs/heur_mslp/outputs/csvresults_heur_mslp_bash_3.csv;0;6;1;122;1;0.0;0.5;true;62;2;LR1_2_2_t1_60R_60V_02F_06M;/dados/rmelo/PDPTW-SE/benchmark_multi_floor_v3/official_experiments/multistartlp/official/set_01_pt_01/configs/genconfig_mslp.conf;genconfig_mslp;/dados/rmelo/PDPTW-SE/benchmark_multi_floor_v3/official_experiments/multistartlp/official/set_01_pt_01/logs/heur_mslp/gurobi/60R_60V_02F_06M/LR1_2_2_grb_genconfig_mslp_seed_58.log;random;60R_60V_02F_06M;1;51990;1;/dados/rmelo/PDPTW-SE/benchmark_multi_floor_v3/official_experiments/multistartlp/official/set_01_pt_01/../../../../instances/orig_ams_fg/60R_60V_02F_06M/t1/LR1_2_2/;60000;51141;0;12965.34;121;61;H;50;95;0;100.0;30.0;true;0.95;100.0;1.0;1.0;1.0;1.0;60;M;8010;8010;false;78;0.97;182.66;1.0;39;10;1000000;-1;3600;5.55;0.56;0.55;mslp;heur;0.38;0.22;-1;3600;60000;I;60;1.0;0.37;LR1_2_2;0;/dados/rmelo/PDPTW-SE/benchmark_multi_floor_v3/official_experiments/multistartlp/official/set_01_pt_01/logs;0;0;0;86.65;100.0;1;58;/dados/rmelo/PDPTW-SE/benchmark_multi_floor_v3/official_experiments/multistartlp/official/set_01_pt_01/logs/heur_mslp/solutions/60R_60V_02F_06M/LR1_2_2_sol_genconfig_mslp_seed_58.txt;Gurobi;AUTOMATIC;18.4;_bash_3;_seed_58;444.18;1;629.45;/dados/rmelo/PDPTW-SE/benchmark_multi_floor_v3/official_experiments/multistartlp/official/set_01_pt_01/logs/heur_mslp/timelines/60R_60V_02F_06M/LR1_2_2_timeline_genconfig_mslp_seed_58.txt;738.57;t1;0;11271.23;false
0.05;0.04;0.06;0.1;0.01;0.05;4;/dados/rmelo/PDPTW-SE/benchmark_multi_floor_v3/official_experiments/multistartlp/official/set_01_pt_01/logs/heur_mslp/outputs/csvresults_heur_mslp_bash_3.csv;0;5;1;122;1;0.0;0.5;true;62;2;LR1_2_3_t1_60R_60V_02F_05M;/dados/rmelo/PDPTW-SE/benchmark_multi_floor_v3/official_experiments/multistartlp/official/set_01_pt_01/configs/genconfig_mslp.conf;genconfig_mslp;/dados/rmelo/PDPTW-SE/benchmark_multi_floor_v3/official_experiments/multistartlp/official/set_01_pt_01/logs/heur_mslp/gurobi/60R_60V_02F_05M/LR1_2_3_grb_genconfig_mslp_seed_58.log;random;60R_60V_02F_05M;1;59888;1;/dados/rmelo/PDPTW-SE/benchmark_multi_floor_v3/official_experiments/multistartlp/official/set_01_pt_01/../../../../instances/orig_ams_fg/60R_60V_02F_06M/t1/LR1_2_3/;60000;20725;0;11699.01;121;61;H;50;95;0;100.0;30.0;true;0.95;100.0;1.0;1.0;1.0;1.0;60;M;112;112;false;86;0.84;185.49;0.97;43;10;1000000;-1;3600;3.94;0.54;0.52;mslp;heur;0.26;0.12;-1;3600;60000;I;60;1.0;0.37;LR1_2_3;0;/dados/rmelo/PDPTW-SE/benchmark_multi_floor_v3/official_experiments/multistartlp/official/set_01_pt_01/logs;0;0;0;99.81;100.0;1;58;/dados/rmelo/PDPTW-SE/benchmark_multi_floor_v3/official_experiments/multistartlp/official/set_01_pt_01/logs/heur_mslp/solutions/60R_60V_02F_05M/LR1_2_3_sol_genconfig_mslp_seed_58.txt;Gurobi;AUTOMATIC;18.64;_bash_3;_seed_58;4.41;1;185.21;/dados/rmelo/PDPTW-SE/benchmark_multi_floor_v3/official_experiments/multistartlp/official/set_01_pt_01/logs/heur_mslp/timelines/60R_60V_02F_05M/LR1_2_3_timeline_genconfig_mslp_seed_58.txt;535.98;t1;0;10081.68;false
0.05;0.03;0.05;0.08;0.01;0.05;6;/dados/rmelo/PDPTW-SE/benchmark_multi_floor_v3/official_experiments/multistartlp/official/set_01_pt_01/logs/heur_mslp/outputs/csvresults_heur_mslp_bash_3.csv;0;6;1;122;1;0.0;0.5;true;62;2;LR1_2_3_t1_60R_60V_02F_06M;/dados/rmelo/PDPTW-SE/benchmark_multi_floor_v3/official_experiments/multistartlp/official/set_01_pt_01/configs/genconfig_mslp.conf;genconfig_mslp;/dados/rmelo/PDPTW-SE/benchmark_multi_floor_v3/official_experiments/multistartlp/official/set_01_pt_01/logs/heur_mslp/gurobi/60R_60V_02F_06M/LR1_2_3_grb_genconfig_mslp_seed_58.log;random;60R_60V_02F_06M;1;58903;1;/dados/rmelo/PDPTW-SE/benchmark_multi_floor_v3/official_experiments/multistartlp/official/set_01_pt_01/../../../../instances/orig_ams_fg/60R_60V_02F_06M/t1/LR1_2_3/;60000;52272;0;10982.98;121;61;H;50;95;0;100.0;30.0;true;0.95;100.0;1.0;1.0;1.0;1.0;60;M;1097;1097;false;86;0.84;185.49;0.97;43;10;1000000;-1;3600;3.86;0.54;0.56;mslp;heur;0.15;0.16;-1;3600;60000;I;60;1.0;0.35;LR1_2_3;0;/dados/rmelo/PDPTW-SE/benchmark_multi_floor_v3/official_experiments/multistartlp/official/set_01_pt_01/logs;0;0;0;98.17;100.0;1;58;/dados/rmelo/PDPTW-SE/benchmark_multi_floor_v3/official_experiments/multistartlp/official/set_01_pt_01/logs/heur_mslp/solutions/60R_60V_02F_06M/LR1_2_3_sol_genconfig_mslp_seed_58.txt;Gurobi;AUTOMATIC;18.6;_bash_3;_seed_58;42.35;1;621.59;/dados/rmelo/PDPTW-SE/benchmark_multi_floor_v3/official_experiments/multistartlp/official/set_01_pt_01/logs/heur_mslp/timelines/60R_60V_02F_06M/LR1_2_3_timeline_genconfig_mslp_seed_58.txt;712.12;t1;0;9642.75;false
0.05;0.02;0.05;0.07;0.0;0.01;11;/dados/rmelo/PDPTW-SE/benchmark_multi_floor_v3/official_experiments/multistartlp/official/set_01_pt_01/logs/heur_mslp/outputs/csvresults_heur_mslp_bash_3.csv;0;5;1;122;1;0.0;0.5;true;62;2;LR1_2_4_t1_60R_60V_02F_05M;/dados/rmelo/PDPTW-SE/benchmark_multi_floor_v3/official_experiments/multistartlp/official/set_01_pt_01/configs/genconfig_mslp.conf;genconfig_mslp;/dados/rmelo/PDPTW-SE/benchmark_multi_floor_v3/official_experiments/multistartlp/official/set_01_pt_01/logs/heur_mslp/gurobi/60R_60V_02F_05M/LR1_2_4_grb_genconfig_mslp_seed_58.log;random;60R_60V_02F_05M;1;30552;1;/dados/rmelo/PDPTW-SE/benchmark_multi_floor_v3/official_experiments/multistartlp/official/set_01_pt_01/../../../../instances/orig_ams_fg/60R_60V_02F_06M/t1/LR1_2_4/;60000;44013;0;9336.93;121;61;H;50;95;0;100.0;30.0;true;0.95;100.0;1.0;1.0;1.0;1.0;60;M;29448;29448;false;86;0.97;181.8;0.99;43;10;1000000;-1;3600;2.46;0.87;0.68;mslp;heur;0.27;0.47;-1;3600;60000;I;60;1.0;0.22;LR1_2_4;0;/dados/rmelo/PDPTW-SE/benchmark_multi_floor_v3/official_experiments/multistartlp/official/set_01_pt_01/logs;0;0;0;50.92;100.0;1;58;/dados/rmelo/PDPTW-SE/benchmark_multi_floor_v3/official_experiments/multistartlp/official/set_01_pt_01/logs/heur_mslp/solutions/60R_60V_02F_05M/LR1_2_4_sol_genconfig_mslp_seed_58.txt;Gurobi;AUTOMATIC;18.46;_bash_3;_seed_58;723.63;1;1469.22;/dados/rmelo/PDPTW-SE/benchmark_multi_floor_v3/official_experiments/multistartlp/official/set_01_pt_01/logs/heur_mslp/timelines/60R_60V_02F_05M/LR1_2_4_timeline_genconfig_mslp_seed_58.txt;2000.08;t1;0;7155.43;false
0.05;0.02;0.04;0.06;0.0;0.01;15;/dados/rmelo/PDPTW-SE/benchmark_multi_floor_v3/official_experiments/multistartlp/official/set_01_pt_01/logs/heur_mslp/outputs/csvresults_heur_mslp_bash_3.csv;0;6;1;122;1;0.0;0.5;true;62;2;LR1_2_4_t1_60R_60V_02F_06M;/dados/rmelo/PDPTW-SE/benchmark_multi_floor_v3/official_experiments/multistartlp/official/set_01_pt_01/configs/genconfig_mslp.conf;genconfig_mslp;/dados/rmelo/PDPTW-SE/benchmark_multi_floor_v3/official_experiments/multistartlp/official/set_01_pt_01/logs/heur_mslp/gurobi/60R_60V_02F_06M/LR1_2_4_grb_genconfig_mslp_seed_58.log;random;60R_60V_02F_06M;1;11907;1;/dados/rmelo/PDPTW-SE/benchmark_multi_floor_v3/official_experiments/multistartlp/official/set_01_pt_01/../../../../instances/orig_ams_fg/60R_60V_02F_06M/t1/LR1_2_4/;60000;13487;0;9206.81;121;61;H;50;95;0;100.0;30.0;true;0.95;100.0;1.0;1.0;1.0;1.0;60;M;48093;48093;false;86;0.97;181.8;0.93;43;10;1000000;-1;3600;2.44;0.86;0.73;mslp;heur;0.71;0.43;-1;3600;60000;I;60;1.0;0.22;LR1_2_4;0;/dados/rmelo/PDPTW-SE/benchmark_multi_floor_v3/official_experiments/multistartlp/official/set_01_pt_01/logs;0;0;0;19.84;100.0;1;58;/dados/rmelo/PDPTW-SE/benchmark_multi_floor_v3/official_experiments/multistartlp/official/set_01_pt_01/logs/heur_mslp/solutions/60R_60V_02F_06M/LR1_2_4_sol_genconfig_mslp_seed_58.txt;Gurobi;AUTOMATIC;18.22;_bash_3;_seed_58;1175.51;1;624.84;/dados/rmelo/PDPTW-SE/benchmark_multi_floor_v3/official_experiments/multistartlp/official/set_01_pt_01/logs/heur_mslp/timelines/60R_60V_02F_06M/LR1_2_4_timeline_genconfig_mslp_seed_58.txt;2773.35;t1;0;7105.89;false
0.05;0.04;0.07;0.11;0.0;0.12;12;/dados/rmelo/PDPTW-SE/benchmark_multi_floor_v3/official_experiments/multistartlp/official/set_01_pt_01/logs/heur_mslp/outputs/csvresults_heur_mslp_bash_3.csv;0;5;1;122;1;0.0;0.5;true;62;2;LR1_2_5_t1_60R_60V_02F_05M;/dados/rmelo/PDPTW-SE/benchmark_multi_floor_v3/official_experiments/multistartlp/official/set_01_pt_01/configs/genconfig_mslp.conf;genconfig_mslp;/dados/rmelo/PDPTW-SE/benchmark_multi_floor_v3/official_experiments/multistartlp/official/set_01_pt_01/logs/heur_mslp/gurobi/60R_60V_02F_05M/LR1_2_5_grb_genconfig_mslp_seed_58.log;random;60R_60V_02F_05M;1;37819;1;/dados/rmelo/PDPTW-SE/benchmark_multi_floor_v3/official_experiments/multistartlp/official/set_01_pt_01/../../../../instances/orig_ams_fg/60R_60V_02F_06M/t1/LR1_2_5/;60000;7595;0;11817.33;121;61;H;50;95;0;100.0;30.0;true;0.95;100.0;1.0;1.0;1.0;1.0;60;M;22181;22181;false;86;0.94;185.63;0.95;43;10;1000000;-1;3600;5.78;0.72;0.51;mslp;heur;0.26;0.14;-1;3600;60000;I;60;1.0;0.37;LR1_2_5;0;/dados/rmelo/PDPTW-SE/benchmark_multi_floor_v3/official_experiments/multistartlp/official/set_01_pt_01/logs;0;0;0;63.03;100.0;1;58;/dados/rmelo/PDPTW-SE/benchmark_multi_floor_v3/official_experiments/multistartlp/official/set_01_pt_01/logs/heur_mslp/solutions/60R_60V_02F_05M/LR1_2_5_sol_genconfig_mslp_seed_58.txt;Gurobi;AUTOMATIC;18.22;_bash_3;_seed_58;1281.14;1;120.59;/dados/rmelo/PDPTW-SE/benchmark_multi_floor_v3/official_experiments/multistartlp/official/set_01_pt_01/logs/heur_mslp/timelines/60R_60V_02F_05M/LR1_2_5_timeline_genconfig_mslp_seed_58.txt;966.63;t1;0;10037.32;false
0.05;0.03;0.06;0.09;0.01;0.15;13;/dados/rmelo/PDPTW-SE/benchmark_multi_floor_v3/official_experiments/multistartlp/official/set_01_pt_01/logs/heur_mslp/outputs/csvresults_heur_mslp_bash_3.csv;0;6;1;122;1;0.0;0.5;true;62;2;LR1_2_5_t1_60R_60V_02F_06M;/dados/rmelo/PDPTW-SE/benchmark_multi_floor_v3/official_experiments/multistartlp/official/set_01_pt_01/configs/genconfig_mslp.conf;genconfig_mslp;/dados/rmelo/PDPTW-SE/benchmark_multi_floor_v3/official_experiments/multistartlp/official/set_01_pt_01/logs/heur_mslp/gurobi/60R_60V_02F_06M/LR1_2_5_grb_genconfig_mslp_seed_58.log;random;60R_60V_02F_06M;1;30092;1;/dados/rmelo/PDPTW-SE/benchmark_multi_floor_v3/official_experiments/multistartlp/official/set_01_pt_01/../../../../instances/orig_ams_fg/60R_60V_02F_06M/t1/LR1_2_5/;60000;55597;0;11845.14;121;61;H;50;95;0;100.0;30.0;true;0.95;100.0;1.0;1.0;1.0;1.0;60;M;29908;29908;false;86;0.94;185.63;0.98;43;10;1000000;-1;3600;6.03;0.7;0.53;mslp;heur;0.48;0.11;-1;3600;60000;I;60;1.0;0.37;LR1_2_5;0;/dados/rmelo/PDPTW-SE/benchmark_multi_floor_v3/official_experiments/multistartlp/official/set_01_pt_01/logs;0;0;0;50.15;100.0;1;58;/dados/rmelo/PDPTW-SE/benchmark_multi_floor_v3/official_experiments/multistartlp/official/set_01_pt_01/logs/heur_mslp/solutions/60R_60V_02F_06M/LR1_2_5_sol_genconfig_mslp_seed_58.txt;Gurobi;AUTOMATIC;18.7;_bash_3;_seed_58;1804.3;1;1107.31;/dados/rmelo/PDPTW-SE/benchmark_multi_floor_v3/official_experiments/multistartlp/official/set_01_pt_01/logs/heur_mslp/timelines/60R_60V_02F_06M/LR1_2_5_timeline_genconfig_mslp_seed_58.txt;1192.71;t1;0;9826.58;false
0.05;0.01;0.02;0.03;0.02;0.14;10;/dados/rmelo/PDPTW-SE/benchmark_multi_floor_v3/official_experiments/multistartlp/official/set_01_pt_01/logs/heur_mslp/outputs/csvresults_heur_mslp_bash_3.csv;0;5;1;122;1;0.0;0.5;true;62;2;LR2_2_1_t2_60R_60V_02F_05M;/dados/rmelo/PDPTW-SE/benchmark_multi_floor_v3/official_experiments/multistartlp/official/set_01_pt_01/configs/genconfig_mslp.conf;genconfig_mslp;/dados/rmelo/PDPTW-SE/benchmark_multi_floor_v3/official_experiments/multistartlp/official/set_01_pt_01/logs/heur_mslp/gurobi/60R_60V_02F_05M/LR2_2_1_grb_genconfig_mslp_seed_58.log;random;60R_60V_02F_05M;1;19934;1;/dados/rmelo/PDPTW-SE/benchmark_multi_floor_v3/official_experiments/multistartlp/official/set_01_pt_01/../../../../instances/orig_ams_fg/60R_60V_02F_06M/t2/LR2_2_1/;60000;33941;0;16120.33;121;61;H;50;95;0;100.0;30.0;true;0.95;100.0;1.0;1.0;1.0;1.0;60;M;40066;40066;false;80;0.88;185.63;1.0;40;10;1000000;-1;3600;7.06;0.72;0.97;mslp;heur;0.41;0.91;-1;3600;60000;I;60;1.0;0.12;LR2_2_1;0;/dados/rmelo/PDPTW-SE/benchmark_multi_floor_v3/official_experiments/multistartlp/official/set_01_pt_01/logs;0;0;0;33.22;100.0;1;58;/dados/rmelo/PDPTW-SE/benchmark_multi_floor_v3/official_experiments/multistartlp/official/set_01_pt_01/logs/heur_mslp/solutions/60R_60V_02F_05M/LR2_2_1_sol_genconfig_mslp_seed_58.txt;Gurobi;AUTOMATIC;18.51;_bash_3;_seed_58;2829.66;1;1066.49;/dados/rmelo/PDPTW-SE/benchmark_multi_floor_v3/official_experiments/multistartlp/official/set_01_pt_01/logs/heur_mslp/timelines/60R_60V_02F_05M/LR2_2_1_timeline_genconfig_mslp_seed_58.txt;1886.5;t2;0;12697.4;false
0.05;0.0;0.01;0.02;0.02;0.22;16;/dados/rmelo/PDPTW-SE/benchmark_multi_floor_v3/official_experiments/multistartlp/official/set_01_pt_01/logs/heur_mslp/outputs/csvresults_heur_mslp_bash_3.csv;0;6;1;122;1;0.0;0.5;true;62;2;LR2_2_1_t2_60R_60V_02F_06M;/dados/rmelo/PDPTW-SE/benchmark_multi_floor_v3/official_experiments/multistartlp/official/set_01_pt_01/configs/genconfig_mslp.conf;genconfig_mslp;/dados/rmelo/PDPTW-SE/benchmark_multi_floor_v3/official_experiments/multistartlp/official/set_01_pt_01/logs/heur_mslp/gurobi/60R_60V_02F_06M/LR2_2_1_grb_genconfig_mslp_seed_58.log;random;60R_60V_02F_06M;1;13874;1;/dados/rmelo/PDPTW-SE/benchmark_multi_floor_v3/official_experiments/multistartlp/official/set_01_pt_01/../../../../instances/orig_ams_fg/60R_60V_02F_06M/t2/LR2_2_1/;60000;29860;0;18228.74;121;61;H;50;95;0;100.0;30.0;true;0.95;100.0;1.0;1.0;1.0;1.0;60;M;46126;46126;false;80;0.89;185.63;0.99;40;10;1000000;-1;3600;7.21;0.66;0.88;mslp;heur;0.25;0.37;-1;3600;60000;I;60;1.0;0.13;LR2_2_1;0;/dados/rmelo/PDPTW-SE/benchmark_multi_floor_v3/official_experiments/multistartlp/official/set_01_pt_01/logs;0;0;0;23.12;100.0;1;58;/dados/rmelo/PDPTW-SE/benchmark_multi_floor_v3/official_experiments/multistartlp/official/set_01_pt_01/logs/heur_mslp/solutions/60R_60V_02F_06M/LR2_2_1_sol_genconfig_mslp_seed_58.txt;Gurobi;AUTOMATIC;18.43;_bash_3;_seed_58;3324.89;1;1086.34;/dados/rmelo/PDPTW-SE/benchmark_multi_floor_v3/official_experiments/multistartlp/official/set_01_pt_01/logs/heur_mslp/timelines/60R_60V_02F_06M/LR2_2_1_timeline_genconfig_mslp_seed_58.txt;2181.56;t2;0;13438.91;false
0.05;0.01;0.02;0.03;0.01;0.03;6;/dados/rmelo/PDPTW-SE/benchmark_multi_floor_v3/official_experiments/multistartlp/official/set_01_pt_01/logs/heur_mslp/outputs/csvresults_heur_mslp_bash_3.csv;0;5;1;122;1;0.0;0.5;true;62;2;LR2_2_2_t2_60R_60V_02F_05M;/dados/rmelo/PDPTW-SE/benchmark_multi_floor_v3/official_experiments/multistartlp/official/set_01_pt_01/configs/genconfig_mslp.conf;genconfig_mslp;/dados/rmelo/PDPTW-SE/benchmark_multi_floor_v3/official_experiments/multistartlp/official/set_01_pt_01/logs/heur_mslp/gurobi/60R_60V_02F_05M/LR2_2_2_grb_genconfig_mslp_seed_58.log;random;60R_60V_02F_05M;1;0;1;/dados/rmelo/PDPTW-SE/benchmark_multi_floor_v3/official_experiments/multistartlp/official/set_01_pt_01/../../../../instances/orig_ams_fg/60R_60V_02F_06M/t2/LR2_2_2/;60000;50852;0;13376.42;121;61;H;50;95;0;100.0;30.0;true;0.95;100.0;1.0;1.0;1.0;1.0;60;M;60000;60000;false;80;0.83;181.8;1.0;40;10;1000000;-1;3600;5.94;0.61;0.83;mslp;heur;0.07;0.3;-1;3600;60000;I;60;1.0;0.12;LR2_2_2;0;/dados/rmelo/PDPTW-SE/benchmark_multi_floor_v3/official_experiments/multistartlp/official/set_01_pt_01/logs;0;0;0;0.0;100.0;1;58;/dados/rmelo/PDPTW-SE/benchmark_multi_floor_v3/official_experiments/multistartlp/official/set_01_pt_01/logs/heur_mslp/solutions/60R_60V_02F_05M/LR2_2_2_sol_genconfig_mslp_seed_58.txt;Gurobi;AUTOMATIC;18.51;_bash_3;_seed_58;3563.29;1;2872.14;/dados/rmelo/PDPTW-SE/benchmark_multi_floor_v3/official_experiments/multistartlp/official/set_01_pt_01/logs/heur_mslp/timelines/60R_60V_02F_05M/LR2_2_2_timeline_genconfig_mslp_seed_58.txt;3387.66;t2;0;10763.17;false
0.05;0.01;0.02;0.02;0.0;0.04;3;/dados/rmelo/PDPTW-SE/benchmark_multi_floor_v3/official_experiments/multistartlp/official/set_01_pt_01/logs/heur_mslp/outputs/csvresults_heur_mslp_bash_3.csv;0;6;1;122;1;0.0;0.5;true;62;2;LR2_2_2_t2_60R_60V_02F_06M;/dados/rmelo/PDPTW-SE/benchmark_multi_floor_v3/official_experiments/multistartlp/official/set_01_pt_01/configs/genconfig_mslp.conf;genconfig_mslp;/dados/rmelo/PDPTW-SE/benchmark_multi_floor_v3/official_experiments/multistartlp/official/set_01_pt_01/logs/heur_mslp/gurobi/60R_60V_02F_06M/LR2_2_2_grb_genconfig_mslp_seed_58.log;random;60R_60V_02F_06M;1;0;1;/dados/rmelo/PDPTW-SE/benchmark_multi_floor_v3/official_experiments/multistartlp/official/set_01_pt_01/../../../../instances/orig_ams_fg/60R_60V_02F_06M/t2/LR2_2_2/;59617;17550;0;15608.96;121;61;H;50;95;0;100.0;30.0;true;0.95;100.0;1.0;1.0;1.0;1.0;60;M;59617;59617;false;80;0.83;181.8;1.0;40;10;1000000;-1;3600;6.03;0.61;0.76;mslp;heur;0.2;0.28;-1;3600;60000;I;60;1.0;0.12;LR2_2_2;0;/dados/rmelo/PDPTW-SE/benchmark_multi_floor_v3/official_experiments/multistartlp/official/set_01_pt_01/logs;0;0;0;0.0;100.0;1;58;/dados/rmelo/PDPTW-SE/benchmark_multi_floor_v3/official_experiments/multistartlp/official/set_01_pt_01/logs/heur_mslp/solutions/60R_60V_02F_06M/LR2_2_2_sol_genconfig_mslp_seed_58.txt;Gurobi;AUTOMATIC;18.28;_bash_3;_seed_58;3597.7;1;1063.43;/dados/rmelo/PDPTW-SE/benchmark_multi_floor_v3/official_experiments/multistartlp/official/set_01_pt_01/logs/heur_mslp/timelines/60R_60V_02F_06M/LR2_2_2_timeline_genconfig_mslp_seed_58.txt;3600.0;t2;0;10863.12;false
0.05;0.01;0.02;0.03;0.0;0.05;13;/dados/rmelo/PDPTW-SE/benchmark_multi_floor_v3/official_experiments/multistartlp/official/set_01_pt_01/logs/heur_mslp/outputs/csvresults_heur_mslp_bash_3.csv;0;5;1;122;1;0.0;0.5;true;62;2;LR2_2_3_t2_60R_60V_02F_05M;/dados/rmelo/PDPTW-SE/benchmark_multi_floor_v3/official_experiments/multistartlp/official/set_01_pt_01/configs/genconfig_mslp.conf;genconfig_mslp;/dados/rmelo/PDPTW-SE/benchmark_multi_floor_v3/official_experiments/multistartlp/official/set_01_pt_01/logs/heur_mslp/gurobi/60R_60V_02F_05M/LR2_2_3_grb_genconfig_mslp_seed_58.log;random;60R_60V_02F_05M;1;2722;1;/dados/rmelo/PDPTW-SE/benchmark_multi_floor_v3/official_experiments/multistartlp/official/set_01_pt_01/../../../../instances/orig_ams_fg/60R_60V_02F_06M/t2/LR2_2_3/;51511;17274;0;12724.71;121;61;H;50;95;0;100.0;30.0;true;0.95;100.0;1.0;1.0;1.0;1.0;60;M;48789;48789;false;78;0.86;188.85;0.98;39;10;1000000;-1;3600;3.96;0.7;0.91;mslp;heur;0.28;0.71;-1;3600;60000;I;60;1.0;0.1;LR2_2_3;0;/dados/rmelo/PDPTW-SE/benchmark_multi_floor_v3/official_experiments/multistartlp/official/set_01_pt_01/logs;0;0;0;5.28;100.0;1;58;/dados/rmelo/PDPTW-SE/benchmark_multi_floor_v3/official_experiments/multistartlp/official/set_01_pt_01/logs/heur_mslp/solutions/60R_60V_02F_05M/LR2_2_3_sol_genconfig_mslp_seed_58.txt;Gurobi;AUTOMATIC;18.12;_bash_3;_seed_58;1929.62;1;1209.74;/dados/rmelo/PDPTW-SE/benchmark_multi_floor_v3/official_experiments/multistartlp/official/set_01_pt_01/logs/heur_mslp/timelines/60R_60V_02F_05M/LR2_2_3_timeline_genconfig_mslp_seed_58.txt;3600.0;t2;0;10689.49;false
0.05;0.01;0.02;0.03;0.02;0.03;10;/dados/rmelo/PDPTW-SE/benchmark_multi_floor_v3/official_experiments/multistartlp/official/set_01_pt_01/logs/heur_mslp/outputs/csvresults_heur_mslp_bash_3.csv;0;6;1;122;1;0.0;0.5;true;62;2;LR2_2_3_t2_60R_60V_02F_06M;/dados/rmelo/PDPTW-SE/benchmark_multi_floor_v3/official_experiments/multistartlp/official/set_01_pt_01/configs/genconfig_mslp.conf;genconfig_mslp;/dados/rmelo/PDPTW-SE/benchmark_multi_floor_v3/official_experiments/multistartlp/official/set_01_pt_01/logs/heur_mslp/gurobi/60R_60V_02F_06M/LR2_2_3_grb_genconfig_mslp_seed_58.log;random;60R_60V_02F_06M;1;31;1;/dados/rmelo/PDPTW-SE/benchmark_multi_floor_v3/official_experiments/multistartlp/official/set_01_pt_01/../../../../instances/orig_ams_fg/60R_60V_02F_06M/t2/LR2_2_3/;46751;15431;0;12775.74;121;61;H;50;95;0;100.0;30.0;true;0.95;100.0;1.0;1.0;1.0;1.0;60;M;46720;46720;false;78;0.85;188.85;0.98;39;10;1000000;-1;3600;4.09;0.71;0.86;mslp;heur;0.22;0.38;-1;3600;60000;I;60;1.0;0.1;LR2_2_3;0;/dados/rmelo/PDPTW-SE/benchmark_multi_floor_v3/official_experiments/multistartlp/official/set_01_pt_01/logs;0;0;0;0.07;100.0;1;58;/dados/rmelo/PDPTW-SE/benchmark_multi_floor_v3/official_experiments/multistartlp/official/set_01_pt_01/logs/heur_mslp/solutions/60R_60V_02F_06M/LR2_2_3_sol_genconfig_mslp_seed_58.txt;Gurobi;AUTOMATIC;18.42;_bash_3;_seed_58;1911.47;1;1188.48;/dados/rmelo/PDPTW-SE/benchmark_multi_floor_v3/official_experiments/multistartlp/official/set_01_pt_01/logs/heur_mslp/timelines/60R_60V_02F_06M/LR2_2_3_timeline_genconfig_mslp_seed_58.txt;3600.03;t2;0;10737.87;false
0.05;0.0;0.01;0.02;0.0;0.0;8;/dados/rmelo/PDPTW-SE/benchmark_multi_floor_v3/official_experiments/multistartlp/official/set_01_pt_01/logs/heur_mslp/outputs/csvresults_heur_mslp_bash_3.csv;0;5;1;122;1;0.0;0.5;true;62;2;LR2_2_4_t2_60R_60V_02F_05M;/dados/rmelo/PDPTW-SE/benchmark_multi_floor_v3/official_experiments/multistartlp/official/set_01_pt_01/configs/genconfig_mslp.conf;genconfig_mslp;/dados/rmelo/PDPTW-SE/benchmark_multi_floor_v3/official_experiments/multistartlp/official/set_01_pt_01/logs/heur_mslp/gurobi/60R_60V_02F_05M/LR2_2_4_grb_genconfig_mslp_seed_58.log;random;60R_60V_02F_05M;1;0;1;/dados/rmelo/PDPTW-SE/benchmark_multi_floor_v3/official_experiments/multistartlp/official/set_01_pt_01/../../../../instances/orig_ams_fg/60R_60V_02F_06M/t2/LR2_2_4/;32473;19301;0;10003.31;121;61;H;50;95;0;100.0;30.0;true;0.95;100.0;1.0;1.0;1.0;1.0;60;M;32410;32473;false;78;0.97;180.48;1.0;39;10;1000000;-1;3600;1.34;0.53;0.89;mslp;heur;0.12;0.5;-1;3600;60000;I;60;1.0;0.1;LR2_2_4;0;/dados/rmelo/PDPTW-SE/benchmark_multi_floor_v3/official_experiments/multistartlp/official/set_01_pt_01/logs;0;0;0;0.0;99.81;1;58;/dados/rmelo/PDPTW-SE/benchmark_multi_floor_v3/official_experiments/multistartlp/official/set_01_pt_01/logs/heur_mslp/solutions/60R_60V_02F_05M/LR2_2_4_sol_genconfig_mslp_seed_58.txt;Gurobi;AUTOMATIC;18.14;_bash_3;_seed_58;435.09;1;2139.24;/dados/rmelo/PDPTW-SE/benchmark_multi_floor_v3/official_experiments/multistartlp/official/set_01_pt_01/logs/heur_mslp/timelines/60R_60V_02F_05M/LR2_2_4_timeline_genconfig_mslp_seed_58.txt;3600.01;t2;0;8130.87;false
0.05;0.0;0.01;0.01;0.0;0.0;7;/dados/rmelo/PDPTW-SE/benchmark_multi_floor_v3/official_experiments/multistartlp/official/set_01_pt_01/logs/heur_mslp/outputs/csvresults_heur_mslp_bash_3.csv;0;6;1;122;1;0.0;0.5;true;62;2;LR2_2_4_t2_60R_60V_02F_06M;/dados/rmelo/PDPTW-SE/benchmark_multi_floor_v3/official_experiments/multistartlp/official/set_01_pt_01/configs/genconfig_mslp.conf;genconfig_mslp;/dados/rmelo/PDPTW-SE/benchmark_multi_floor_v3/official_experiments/multistartlp/official/set_01_pt_01/logs/heur_mslp/gurobi/60R_60V_02F_06M/LR2_2_4_grb_genconfig_mslp_seed_58.log;random;60R_60V_02F_06M;1;0;1;/dados/rmelo/PDPTW-SE/benchmark_multi_floor_v3/official_experiments/multistartlp/official/set_01_pt_01/../../../../instances/orig_ams_fg/60R_60V_02F_06M/t2/LR2_2_4/;30781;4980;0;9209.9;121;61;H;50;95;0;100.0;30.0;true;0.95;100.0;1.0;1.0;1.0;1.0;60;M;30730;30781;false;78;1.0;180.48;1.0;39;10;1000000;-1;3600;1.36;0.65;0.91;mslp;heur;0.21;0.69;-1;3600;60000;I;60;1.0;0.08;LR2_2_4;0;/dados/rmelo/PDPTW-SE/benchmark_multi_floor_v3/official_experiments/multistartlp/official/set_01_pt_01/logs;0;0;0;0.0;99.83;1;58;/dados/rmelo/PDPTW-SE/benchmark_multi_floor_v3/official_experiments/multistartlp/official/set_01_pt_01/logs/heur_mslp/solutions/60R_60V_02F_06M/LR2_2_4_sol_genconfig_mslp_seed_58.txt;Gurobi;AUTOMATIC;18.08;_bash_3;_seed_58;417.11;1;581.01;/dados/rmelo/PDPTW-SE/benchmark_multi_floor_v3/official_experiments/multistartlp/official/set_01_pt_01/logs/heur_mslp/timelines/60R_60V_02F_06M/LR2_2_4_timeline_genconfig_mslp_seed_58.txt;3600.02;t2;0;8197.74;false
0.05;0.01;0.02;0.03;0.01;0.14;10;/dados/rmelo/PDPTW-SE/benchmark_multi_floor_v3/official_experiments/multistartlp/official/set_01_pt_01/logs/heur_mslp/outputs/csvresults_heur_mslp_bash_3.csv;0;5;1;122;1;0.0;0.5;true;62;2;LR2_2_5_t2_60R_60V_02F_05M;/dados/rmelo/PDPTW-SE/benchmark_multi_floor_v3/official_experiments/multistartlp/official/set_01_pt_01/configs/genconfig_mslp.conf;genconfig_mslp;/dados/rmelo/PDPTW-SE/benchmark_multi_floor_v3/official_experiments/multistartlp/official/set_01_pt_01/logs/heur_mslp/gurobi/60R_60V_02F_05M/LR2_2_5_grb_genconfig_mslp_seed_58.log;random;60R_60V_02F_05M;1;0;1;/dados/rmelo/PDPTW-SE/benchmark_multi_floor_v3/official_experiments/multistartlp/official/set_01_pt_01/../../../../instances/orig_ams_fg/60R_60V_02F_06M/t2/LR2_2_5/;60000;2902;0;17918.57;121;61;H;50;95;0;100.0;30.0;true;0.95;100.0;1.0;1.0;1.0;1.0;60;M;60000;60000;false;80;0.87;180.48;1.0;40;10;1000000;-1;3600;6.99;0.64;0.98;mslp;heur;0.28;0.96;-1;3600;60000;I;60;1.0;0.13;LR2_2_5;0;/dados/rmelo/PDPTW-SE/benchmark_multi_floor_v3/official_experiments/multistartlp/official/set_01_pt_01/logs;0;0;0;0.0;100.0;1;58;/dados/rmelo/PDPTW-SE/benchmark_multi_floor_v3/official_experiments/multistartlp/official/set_01_pt_01/logs/heur_mslp/solutions/60R_60V_02F_05M/LR2_2_5_sol_genconfig_mslp_seed_58.txt;Gurobi;AUTOMATIC;18.16;_bash_3;_seed_58;4194.83;1;134.0;/dados/rmelo/PDPTW-SE/benchmark_multi_floor_v3/official_experiments/multistartlp/official/set_01_pt_01/logs/heur_mslp/timelines/60R_60V_02F_05M/LR2_2_5_timeline_genconfig_mslp_seed_58.txt;2755.66;t2;0;13040.25;false
0.05;0.01;0.02;0.02;0.02;0.13;13;/dados/rmelo/PDPTW-SE/benchmark_multi_floor_v3/official_experiments/multistartlp/official/set_01_pt_01/logs/heur_mslp/outputs/csvresults_heur_mslp_bash_3.csv;0;6;1;122;1;0.0;0.5;true;62;2;LR2_2_5_t2_60R_60V_02F_06M;/dados/rmelo/PDPTW-SE/benchmark_multi_floor_v3/official_experiments/multistartlp/official/set_01_pt_01/configs/genconfig_mslp.conf;genconfig_mslp;/dados/rmelo/PDPTW-SE/benchmark_multi_floor_v3/official_experiments/multistartlp/official/set_01_pt_01/logs/heur_mslp/gurobi/60R_60V_02F_06M/LR2_2_5_grb_genconfig_mslp_seed_58.log;random;60R_60V_02F_06M;1;0;1;/dados/rmelo/PDPTW-SE/benchmark_multi_floor_v3/official_experiments/multistartlp/official/set_01_pt_01/../../../../instances/orig_ams_fg/60R_60V_02F_06M/t2/LR2_2_5/;60000;2902;0;17866.92;121;61;H;50;95;0;100.0;30.0;true;0.95;100.0;1.0;1.0;1.0;1.0;60;M;60000;60000;false;80;0.87;180.48;1.0;40;10;1000000;-1;3600;7.11;0.64;0.98;mslp;heur;0.28;0.96;-1;3600;60000;I;60;1.0;0.13;LR2_2_5;0;/dados/rmelo/PDPTW-SE/benchmark_multi_floor_v3/official_experiments/multistartlp/official/set_01_pt_01/logs;0;0;0;0.0;100.0;1;58;/dados/rmelo/PDPTW-SE/benchmark_multi_floor_v3/official_experiments/multistartlp/official/set_01_pt_01/logs/heur_mslp/solutions/60R_60V_02F_06M/LR2_2_5_sol_genconfig_mslp_seed_58.txt;Gurobi;AUTOMATIC;18.45;_bash_3;_seed_58;4267.76;1;146.23;/dados/rmelo/PDPTW-SE/benchmark_multi_floor_v3/official_experiments/multistartlp/official/set_01_pt_01/logs/heur_mslp/timelines/60R_60V_02F_06M/LR2_2_5_timeline_genconfig_mslp_seed_58.txt;2980.28;t2;0;12987.68;false
0.05;0.14;0.16;0.3;0.04;0.29;0;/dados/rmelo/PDPTW-SE/benchmark_multi_floor_v3/official_experiments/multistartlp/official/set_01_pt_01/logs/heur_mslp/outputs/csvresults_heur_mslp_bash_3.csv;0;5;1;122;1;0.0;0.5;false;62;2;LR1_2_1_t1_60R_60V_04F_05M;/dados/rmelo/PDPTW-SE/benchmark_multi_floor_v3/official_experiments/multistartlp/official/set_01_pt_01/configs/genconfig_mslp.conf;genconfig_mslp;/dados/rmelo/PDPTW-SE/benchmark_multi_floor_v3/official_experiments/multistartlp/official/set_01_pt_01/logs/heur_mslp/gurobi/60R_60V_04F_05M/LR1_2_1_grb_genconfig_mslp_seed_58.log;random;60R_60V_04F_05M;1;60000;1;/dados/rmelo/PDPTW-SE/benchmark_multi_floor_v3/official_experiments/multistartlp/official/set_01_pt_01/../../../../instances/orig_ams_fg/60R_60V_04F_06M/t1/LR1_2_1/;60000;0;0;0.0;121;61;H;50;95;0;100.0;30.0;true;0.95;100.0;1.0;1.0;1.0;1.0;60;M;0;0;false;78;0.99;196.73;0.79;39;10;1000000;-1;3600;0.0;0.55;0.39;mslp;heur;0.34;0.05;-1;3600;60000;I;60;1.0;0.48;LR1_2_1;0;/dados/rmelo/PDPTW-SE/benchmark_multi_floor_v3/official_experiments/multistartlp/official/set_01_pt_01/logs;0;0;0;100.0;0.0;1;58;/dados/rmelo/PDPTW-SE/benchmark_multi_floor_v3/official_experiments/multistartlp/official/set_01_pt_01/logs/heur_mslp/solutions/60R_60V_04F_05M/LR1_2_1_sol_genconfig_mslp_seed_58.txt;Gurobi;AUTOMATIC;18.78;_bash_3;_seed_58;0.0;1;0.0;/dados/rmelo/PDPTW-SE/benchmark_multi_floor_v3/official_experiments/multistartlp/official/set_01_pt_01/logs/heur_mslp/timelines/60R_60V_04F_05M/LR1_2_1_timeline_genconfig_mslp_seed_58.txt;289.41;t1;0;Inf;false
0.05;0.11;0.16;0.27;0.02;0.17;1;/dados/rmelo/PDPTW-SE/benchmark_multi_floor_v3/official_experiments/multistartlp/official/set_01_pt_01/logs/heur_mslp/outputs/csvresults_heur_mslp_bash_3.csv;0;6;1;122;1;0.0;0.5;true;62;2;LR1_2_1_t1_60R_60V_04F_06M;/dados/rmelo/PDPTW-SE/benchmark_multi_floor_v3/official_experiments/multistartlp/official/set_01_pt_01/configs/genconfig_mslp.conf;genconfig_mslp;/dados/rmelo/PDPTW-SE/benchmark_multi_floor_v3/official_experiments/multistartlp/official/set_01_pt_01/logs/heur_mslp/gurobi/60R_60V_04F_06M/LR1_2_1_grb_genconfig_mslp_seed_58.log;random;60R_60V_04F_06M;1;59998;1;/dados/rmelo/PDPTW-SE/benchmark_multi_floor_v3/official_experiments/multistartlp/official/set_01_pt_01/../../../../instances/orig_ams_fg/60R_60V_04F_06M/t1/LR1_2_1/;60000;4039;0;17635.84;121;61;H;50;95;0;100.0;30.0;true;0.95;100.0;1.0;1.0;1.0;1.0;60;M;2;2;false;78;0.99;196.73;1.0;39;10;1000000;-1;3600;6.86;0.54;0.47;mslp;heur;0.28;0.05;-1;3600;60000;I;60;1.0;0.52;LR1_2_1;0;/dados/rmelo/PDPTW-SE/benchmark_multi_floor_v3/official_experiments/multistartlp/official/set_01_pt_01/logs;0;0;0;100.0;100.0;1;58;/dados/rmelo/PDPTW-SE/benchmark_multi_floor_v3/official_experiments/multistartlp/official/set_01_pt_01/logs/heur_mslp/solutions/60R_60V_04F_06M/LR1_2_1_sol_genconfig_mslp_seed_58.txt;Gurobi;AUTOMATIC;18.52;_bash_3;_seed_58;0.14;1;27.45;/dados/rmelo/PDPTW-SE/benchmark_multi_floor_v3/official_experiments/multistartlp/official/set_01_pt_01/logs/heur_mslp/timelines/60R_60V_04F_06M/LR1_2_1_timeline_genconfig_mslp_seed_58.txt;403.7;t1;0;15569.72;false
0.05;0.05;0.08;0.13;0.02;0.29;0;/dados/rmelo/PDPTW-SE/benchmark_multi_floor_v3/official_experiments/multistartlp/official/set_01_pt_01/logs/heur_mslp/outputs/csvresults_heur_mslp_bash_3.csv;0;5;1;122;1;0.0;0.5;false;62;2;LR1_2_2_t1_60R_60V_04F_05M;/dados/rmelo/PDPTW-SE/benchmark_multi_floor_v3/official_experiments/multistartlp/official/set_01_pt_01/configs/genconfig_mslp.conf;genconfig_mslp;/dados/rmelo/PDPTW-SE/benchmark_multi_floor_v3/official_experiments/multistartlp/official/set_01_pt_01/logs/heur_mslp/gurobi/60R_60V_04F_05M/LR1_2_2_grb_genconfig_mslp_seed_58.log;random;60R_60V_04F_05M;1;60000;1;/dados/rmelo/PDPTW-SE/benchmark_multi_floor_v3/official_experiments/multistartlp/official/set_01_pt_01/../../../../instances/orig_ams_fg/60R_60V_04F_06M/t1/LR1_2_2/;60000;0;0;0.0;121;61;H;50;95;0;100.0;30.0;true;0.95;100.0;1.0;1.0;1.0;1.0;60;M;0;0;false;78;0.69;193.99;0.75;39;10;1000000;-1;3600;0.0;0.53;0.38;mslp;heur;0.27;0.2;-1;3600;60000;I;60;1.0;0.25;LR1_2_2;0;/dados/rmelo/PDPTW-SE/benchmark_multi_floor_v3/official_experiments/multistartlp/official/set_01_pt_01/logs;0;0;0;100.0;0.0;1;58;/dados/rmelo/PDPTW-SE/benchmark_multi_floor_v3/official_experiments/multistartlp/official/set_01_pt_01/logs/heur_mslp/solutions/60R_60V_04F_05M/LR1_2_2_sol_genconfig_mslp_seed_58.txt;Gurobi;AUTOMATIC;18.49;_bash_3;_seed_58;0.0;1;0.0;/dados/rmelo/PDPTW-SE/benchmark_multi_floor_v3/official_experiments/multistartlp/official/set_01_pt_01/logs/heur_mslp/timelines/60R_60V_04F_05M/LR1_2_2_timeline_genconfig_mslp_seed_58.txt;240.94;t1;0;Inf;false
0.05;0.03;0.07;0.1;0.02;0.29;0;/dados/rmelo/PDPTW-SE/benchmark_multi_floor_v3/official_experiments/multistartlp/official/set_01_pt_01/logs/heur_mslp/outputs/csvresults_heur_mslp_bash_3.csv;0;6;1;122;1;0.0;0.5;false;62;2;LR1_2_2_t1_60R_60V_04F_06M;/dados/rmelo/PDPTW-SE/benchmark_multi_floor_v3/official_experiments/multistartlp/official/set_01_pt_01/configs/genconfig_mslp.conf;genconfig_mslp;/dados/rmelo/PDPTW-SE/benchmark_multi_floor_v3/official_experiments/multistartlp/official/set_01_pt_01/logs/heur_mslp/gurobi/60R_60V_04F_06M/LR1_2_2_grb_genconfig_mslp_seed_58.log;random;60R_60V_04F_06M;1;60000;1;/dados/rmelo/PDPTW-SE/benchmark_multi_floor_v3/official_experiments/multistartlp/official/set_01_pt_01/../../../../instances/orig_ams_fg/60R_60V_04F_06M/t1/LR1_2_2/;60000;0;0;0.0;121;61;H;50;95;0;100.0;30.0;true;0.95;100.0;1.0;1.0;1.0;1.0;60;M;0;0;false;78;0.68;193.99;0.75;39;10;1000000;-1;3600;0.0;0.53;0.38;mslp;heur;0.27;0.2;-1;3600;60000;I;60;1.0;0.25;LR1_2_2;0;/dados/rmelo/PDPTW-SE/benchmark_multi_floor_v3/official_experiments/multistartlp/official/set_01_pt_01/logs;0;0;0;100.0;0.0;1;58;/dados/rmelo/PDPTW-SE/benchmark_multi_floor_v3/official_experiments/multistartlp/official/set_01_pt_01/logs/heur_mslp/solutions/60R_60V_04F_06M/LR1_2_2_sol_genconfig_mslp_seed_58.txt;Gurobi;AUTOMATIC;18.29;_bash_3;_seed_58;0.0;1;0.0;/dados/rmelo/PDPTW-SE/benchmark_multi_floor_v3/official_experiments/multistartlp/official/set_01_pt_01/logs/heur_mslp/timelines/60R_60V_04F_06M/LR1_2_2_timeline_genconfig_mslp_seed_58.txt;333.08;t1;0;Inf;false
0.05;0.16;0.2;0.36;0.01;0.06;1;/dados/rmelo/PDPTW-SE/benchmark_multi_floor_v3/official_experiments/multistartlp/official/set_01_pt_01/logs/heur_mslp/outputs/csvresults_heur_mslp_bash_3.csv;0;5;1;122;1;0.0;0.5;true;62;2;LR1_2_3_t1_60R_60V_04F_05M;/dados/rmelo/PDPTW-SE/benchmark_multi_floor_v3/official_experiments/multistartlp/official/set_01_pt_01/configs/genconfig_mslp.conf;genconfig_mslp;/dados/rmelo/PDPTW-SE/benchmark_multi_floor_v3/official_experiments/multistartlp/official/set_01_pt_01/logs/heur_mslp/gurobi/60R_60V_04F_05M/LR1_2_3_grb_genconfig_mslp_seed_58.log;random;60R_60V_04F_05M;1;59999;1;/dados/rmelo/PDPTW-SE/benchmark_multi_floor_v3/official_experiments/multistartlp/official/set_01_pt_01/../../../../instances/orig_ams_fg/60R_60V_04F_06M/t1/LR1_2_3/;60000;1;0;14221.51;121;61;H;50;95;0;100.0;30.0;true;0.95;100.0;1.0;1.0;1.0;1.0;60;M;1;1;false;86;0.93;191.83;0.97;43;10;1000000;-1;3600;6.07;0.63;0.44;mslp;heur;0.21;0.13;-1;3600;60000;I;60;1.0;0.45;LR1_2_3;0;/dados/rmelo/PDPTW-SE/benchmark_multi_floor_v3/official_experiments/multistartlp/official/set_01_pt_01/logs;0;0;0;100.0;100.0;1;58;/dados/rmelo/PDPTW-SE/benchmark_multi_floor_v3/official_experiments/multistartlp/official/set_01_pt_01/logs/heur_mslp/solutions/60R_60V_04F_05M/LR1_2_3_sol_genconfig_mslp_seed_58.txt;Gurobi;AUTOMATIC;18.23;_bash_3;_seed_58;0.06;1;0.08;/dados/rmelo/PDPTW-SE/benchmark_multi_floor_v3/official_experiments/multistartlp/official/set_01_pt_01/logs/heur_mslp/timelines/60R_60V_04F_05M/LR1_2_3_timeline_genconfig_mslp_seed_58.txt;427.37;t1;0;13357.98;false
0.05;0.12;0.17;0.3;0.01;0.05;1;/dados/rmelo/PDPTW-SE/benchmark_multi_floor_v3/official_experiments/multistartlp/official/set_01_pt_01/logs/heur_mslp/outputs/csvresults_heur_mslp_bash_3.csv;0;6;1;122;1;0.0;0.5;true;62;2;LR1_2_3_t1_60R_60V_04F_06M;/dados/rmelo/PDPTW-SE/benchmark_multi_floor_v3/official_experiments/multistartlp/official/set_01_pt_01/configs/genconfig_mslp.conf;genconfig_mslp;/dados/rmelo/PDPTW-SE/benchmark_multi_floor_v3/official_experiments/multistartlp/official/set_01_pt_01/logs/heur_mslp/gurobi/60R_60V_04F_06M/LR1_2_3_grb_genconfig_mslp_seed_58.log;random;60R_60V_04F_06M;1;59999;1;/dados/rmelo/PDPTW-SE/benchmark_multi_floor_v3/official_experiments/multistartlp/official/set_01_pt_01/../../../../instances/orig_ams_fg/60R_60V_04F_06M/t1/LR1_2_3/;60000;1;0;14178.41;121;61;H;50;95;0;100.0;30.0;true;0.95;100.0;1.0;1.0;1.0;1.0;60;M;1;1;false;86;0.93;191.83;0.97;43;10;1000000;-1;3600;6.08;0.63;0.44;mslp;heur;0.21;0.13;-1;3600;60000;I;60;1.0;0.45;LR1_2_3;0;/dados/rmelo/PDPTW-SE/benchmark_multi_floor_v3/official_experiments/multistartlp/official/set_01_pt_01/logs;0;0;0;100.0;100.0;1;58;/dados/rmelo/PDPTW-SE/benchmark_multi_floor_v3/official_experiments/multistartlp/official/set_01_pt_01/logs/heur_mslp/solutions/60R_60V_04F_06M/LR1_2_3_sol_genconfig_mslp_seed_58.txt;Gurobi;AUTOMATIC;18.27;_bash_3;_seed_58;0.06;1;0.05;/dados/rmelo/PDPTW-SE/benchmark_multi_floor_v3/official_experiments/multistartlp/official/set_01_pt_01/logs/heur_mslp/timelines/60R_60V_04F_06M/LR1_2_3_timeline_genconfig_mslp_seed_58.txt;539.13;t1;0;13316.12;false
0.05;0.09;0.13;0.22;0.0;0.01;4;/dados/rmelo/PDPTW-SE/benchmark_multi_floor_v3/official_experiments/multistartlp/official/set_01_pt_01/logs/heur_mslp/outputs/csvresults_heur_mslp_bash_3.csv;0;5;1;122;1;0.0;0.5;true;62;2;LR1_2_4_t1_60R_60V_04F_05M;/dados/rmelo/PDPTW-SE/benchmark_multi_floor_v3/official_experiments/multistartlp/official/set_01_pt_01/configs/genconfig_mslp.conf;genconfig_mslp;/dados/rmelo/PDPTW-SE/benchmark_multi_floor_v3/official_experiments/multistartlp/official/set_01_pt_01/logs/heur_mslp/gurobi/60R_60V_04F_05M/LR1_2_4_grb_genconfig_mslp_seed_58.log;random;60R_60V_04F_05M;1;59697;1;/dados/rmelo/PDPTW-SE/benchmark_multi_floor_v3/official_experiments/multistartlp/official/set_01_pt_01/../../../../instances/orig_ams_fg/60R_60V_04F_06M/t1/LR1_2_4/;60000;10322;0;11829.81;121;61;H;50;95;0;100.0;30.0;true;0.95;100.0;1.0;1.0;1.0;1.0;60;M;303;303;false;86;0.76;191.8;0.93;43;10;1000000;-1;3600;3.58;0.6;0.56;mslp;heur;0.34;0.28;-1;3600;60000;I;60;1.0;0.3;LR1_2_4;0;/dados/rmelo/PDPTW-SE/benchmark_multi_floor_v3/official_experiments/multistartlp/official/set_01_pt_01/logs;0;0;0;99.5;100.0;1;58;/dados/rmelo/PDPTW-SE/benchmark_multi_floor_v3/official_experiments/multistartlp/official/set_01_pt_01/logs/heur_mslp/solutions/60R_60V_04F_05M/LR1_2_4_sol_genconfig_mslp_seed_58.txt;Gurobi;AUTOMATIC;18.24;_bash_3;_seed_58;10.84;1;188.2;/dados/rmelo/PDPTW-SE/benchmark_multi_floor_v3/official_experiments/multistartlp/official/set_01_pt_01/logs/heur_mslp/timelines/60R_60V_04F_05M/LR1_2_4_timeline_genconfig_mslp_seed_58.txt;1093.43;t1;0;10418.4;false
0.05;0.07;0.09;0.16;0.01;0.02;7;/dados/rmelo/PDPTW-SE/benchmark_multi_floor_v3/official_experiments/multistartlp/official/set_01_pt_01/logs/heur_mslp/outputs/csvresults_heur_mslp_bash_3.csv;0;6;1;122;1;0.0;0.5;true;62;2;LR1_2_4_t1_60R_60V_04F_06M;/dados/rmelo/PDPTW-SE/benchmark_multi_floor_v3/official_experiments/multistartlp/official/set_01_pt_01/configs/genconfig_mslp.conf;genconfig_mslp;/dados/rmelo/PDPTW-SE/benchmark_multi_floor_v3/official_experiments/multistartlp/official/set_01_pt_01/logs/heur_mslp/gurobi/60R_60V_04F_06M/LR1_2_4_grb_genconfig_mslp_seed_58.log;random;60R_60V_04F_06M;1;57445;1;/dados/rmelo/PDPTW-SE/benchmark_multi_floor_v3/official_experiments/multistartlp/official/set_01_pt_01/../../../../instances/orig_ams_fg/60R_60V_04F_06M/t1/LR1_2_4/;60000;58127;0;11712.21;121;61;H;50;95;0;100.0;30.0;true;0.95;100.0;1.0;1.0;1.0;1.0;60;M;2555;2555;false;86;0.73;191.8;0.83;43;10;1000000;-1;3600;3.35;0.58;0.6;mslp;heur;0.19;0.29;-1;3600;60000;I;60;1.0;0.3;LR1_2_4;0;/dados/rmelo/PDPTW-SE/benchmark_multi_floor_v3/official_experiments/multistartlp/official/set_01_pt_01/logs;0;0;0;95.74;100.0;1;58;/dados/rmelo/PDPTW-SE/benchmark_multi_floor_v3/official_experiments/multistartlp/official/set_01_pt_01/logs/heur_mslp/solutions/60R_60V_04F_06M/LR1_2_4_sol_genconfig_mslp_seed_58.txt;Gurobi;AUTOMATIC;18.17;_bash_3;_seed_58;85.61;1;1726.39;/dados/rmelo/PDPTW-SE/benchmark_multi_floor_v3/official_experiments/multistartlp/official/set_01_pt_01/logs/heur_mslp/timelines/60R_60V_04F_06M/LR1_2_4_timeline_genconfig_mslp_seed_58.txt;1782.05;t1;0;9976.25;false
0.05;0.05;0.07;0.12;0.01;0.26;0;/dados/rmelo/PDPTW-SE/benchmark_multi_floor_v3/official_experiments/multistartlp/official/set_01_pt_01/logs/heur_mslp/outputs/csvresults_heur_mslp_bash_3.csv;0;5;1;122;1;0.0;0.5;false;62;2;LR1_2_5_t1_60R_60V_04F_05M;/dados/rmelo/PDPTW-SE/benchmark_multi_floor_v3/official_experiments/multistartlp/official/set_01_pt_01/configs/genconfig_mslp.conf;genconfig_mslp;/dados/rmelo/PDPTW-SE/benchmark_multi_floor_v3/official_experiments/multistartlp/official/set_01_pt_01/logs/heur_mslp/gurobi/60R_60V_04F_05M/LR1_2_5_grb_genconfig_mslp_seed_58.log;random;60R_60V_04F_05M;1;60000;1;/dados/rmelo/PDPTW-SE/benchmark_multi_floor_v3/official_experiments/multistartlp/official/set_01_pt_01/../../../../instances/orig_ams_fg/60R_60V_04F_06M/t1/LR1_2_5/;60000;0;0;0.0;121;61;H;50;95;0;100.0;30.0;true;0.95;100.0;1.0;1.0;1.0;1.0;60;M;0;0;false;86;0.97;195.63;0.76;43;10;1000000;-1;3600;0.0;0.57;0.38;mslp;heur;0.38;0.12;-1;3600;60000;I;60;1.0;0.22;LR1_2_5;0;/dados/rmelo/PDPTW-SE/benchmark_multi_floor_v3/official_experiments/multistartlp/official/set_01_pt_01/logs;0;0;0;100.0;0.0;1;58;/dados/rmelo/PDPTW-SE/benchmark_multi_floor_v3/official_experiments/multistartlp/official/set_01_pt_01/logs/heur_mslp/solutions/60R_60V_04F_05M/LR1_2_5_sol_genconfig_mslp_seed_58.txt;Gurobi;AUTOMATIC;18.29;_bash_3;_seed_58;0.0;1;0.0;/dados/rmelo/PDPTW-SE/benchmark_multi_floor_v3/official_experiments/multistartlp/official/set_01_pt_01/logs/heur_mslp/timelines/60R_60V_04F_05M/LR1_2_5_timeline_genconfig_mslp_seed_58.txt;372.81;t1;0;Inf;false
0.05;0.03;0.06;0.09;0.01;0.27;0;/dados/rmelo/PDPTW-SE/benchmark_multi_floor_v3/official_experiments/multistartlp/official/set_01_pt_01/logs/heur_mslp/outputs/csvresults_heur_mslp_bash_3.csv;0;6;1;122;1;0.0;0.5;false;62;2;LR1_2_5_t1_60R_60V_04F_06M;/dados/rmelo/PDPTW-SE/benchmark_multi_floor_v3/official_experiments/multistartlp/official/set_01_pt_01/configs/genconfig_mslp.conf;genconfig_mslp;/dados/rmelo/PDPTW-SE/benchmark_multi_floor_v3/official_experiments/multistartlp/official/set_01_pt_01/logs/heur_mslp/gurobi/60R_60V_04F_06M/LR1_2_5_grb_genconfig_mslp_seed_58.log;random;60R_60V_04F_06M;1;60000;1;/dados/rmelo/PDPTW-SE/benchmark_multi_floor_v3/official_experiments/multistartlp/official/set_01_pt_01/../../../../instances/orig_ams_fg/60R_60V_04F_06M/t1/LR1_2_5/;60000;0;0;0.0;121;61;H;50;95;0;100.0;30.0;true;0.95;100.0;1.0;1.0;1.0;1.0;60;M;0;0;false;86;0.97;195.63;0.76;43;10;1000000;-1;3600;0.0;0.57;0.38;mslp;heur;0.38;0.12;-1;3600;60000;I;60;1.0;0.22;LR1_2_5;0;/dados/rmelo/PDPTW-SE/benchmark_multi_floor_v3/official_experiments/multistartlp/official/set_01_pt_01/logs;0;0;0;100.0;0.0;1;58;/dados/rmelo/PDPTW-SE/benchmark_multi_floor_v3/official_experiments/multistartlp/official/set_01_pt_01/logs/heur_mslp/solutions/60R_60V_04F_06M/LR1_2_5_sol_genconfig_mslp_seed_58.txt;Gurobi;AUTOMATIC;18.06;_bash_3;_seed_58;0.0;1;0.0;/dados/rmelo/PDPTW-SE/benchmark_multi_floor_v3/official_experiments/multistartlp/official/set_01_pt_01/logs/heur_mslp/timelines/60R_60V_04F_06M/LR1_2_5_timeline_genconfig_mslp_seed_58.txt;536.17;t1;0;Inf;false
0.05;0.02;0.04;0.07;0.05;0.17;9;/dados/rmelo/PDPTW-SE/benchmark_multi_floor_v3/official_experiments/multistartlp/official/set_01_pt_01/logs/heur_mslp/outputs/csvresults_heur_mslp_bash_3.csv;0;5;1;122;1;0.0;0.5;true;62;2;LR2_2_1_t2_60R_60V_04F_05M;/dados/rmelo/PDPTW-SE/benchmark_multi_floor_v3/official_experiments/multistartlp/official/set_01_pt_01/configs/genconfig_mslp.conf;genconfig_mslp;/dados/rmelo/PDPTW-SE/benchmark_multi_floor_v3/official_experiments/multistartlp/official/set_01_pt_01/logs/heur_mslp/gurobi/60R_60V_04F_05M/LR2_2_1_grb_genconfig_mslp_seed_58.log;random;60R_60V_04F_05M;1;37247;1;/dados/rmelo/PDPTW-SE/benchmark_multi_floor_v3/official_experiments/multistartlp/official/set_01_pt_01/../../../../instances/orig_ams_fg/60R_60V_04F_06M/t2/LR2_2_1/;60000;46047;0;19607.37;121;61;H;50;95;0;100.0;30.0;true;0.95;100.0;1.0;1.0;1.0;1.0;60;M;22753;22753;false;80;0.98;188.57;0.95;40;10;1000000;-1;3600;5.84;0.54;0.81;mslp;heur;0.11;0.4;-1;3600;60000;I;60;1.0;0.13;LR2_2_1;0;/dados/rmelo/PDPTW-SE/benchmark_multi_floor_v3/official_experiments/multistartlp/official/set_01_pt_01/logs;0;0;0;62.08;100.0;1;58;/dados/rmelo/PDPTW-SE/benchmark_multi_floor_v3/official_experiments/multistartlp/official/set_01_pt_01/logs/heur_mslp/solutions/60R_60V_04F_05M/LR2_2_1_sol_genconfig_mslp_seed_58.txt;Gurobi;AUTOMATIC;18.57;_bash_3;_seed_58;1329.19;1;1620.35;/dados/rmelo/PDPTW-SE/benchmark_multi_floor_v3/official_experiments/multistartlp/official/set_01_pt_01/logs/heur_mslp/timelines/60R_60V_04F_05M/LR2_2_1_timeline_genconfig_mslp_seed_58.txt;2107.89;t2;0;15310.65;false
0.05;0.02;0.03;0.05;0.03;0.13;13;/dados/rmelo/PDPTW-SE/benchmark_multi_floor_v3/official_experiments/multistartlp/official/set_01_pt_01/logs/heur_mslp/outputs/csvresults_heur_mslp_bash_3.csv;0;6;1;122;1;0.0;0.5;true;62;2;LR2_2_1_t2_60R_60V_04F_06M;/dados/rmelo/PDPTW-SE/benchmark_multi_floor_v3/official_experiments/multistartlp/official/set_01_pt_01/configs/genconfig_mslp.conf;genconfig_mslp;/dados/rmelo/PDPTW-SE/benchmark_multi_floor_v3/official_experiments/multistartlp/official/set_01_pt_01/logs/heur_mslp/gurobi/60R_60V_04F_06M/LR2_2_1_grb_genconfig_mslp_seed_58.log;random;60R_60V_04F_06M;1;22699;1;/dados/rmelo/PDPTW-SE/benchmark_multi_floor_v3/official_experiments/multistartlp/official/set_01_pt_01/../../../../instances/orig_ams_fg/60R_60V_04F_06M/t2/LR2_2_1/;60000;32481;0;19189.75;121;61;H;50;95;0;100.0;30.0;true;0.95;100.0;1.0;1.0;1.0;1.0;60;M;37301;37301;false;80;0.98;188.57;0.97;40;10;1000000;-1;3600;6.01;0.47;0.76;mslp;heur;0.06;0.19;-1;3600;60000;I;60;1.0;0.15;LR2_2_1;0;/dados/rmelo/PDPTW-SE/benchmark_multi_floor_v3/official_experiments/multistartlp/official/set_01_pt_01/logs;0;0;0;37.83;100.0;1;58;/dados/rmelo/PDPTW-SE/benchmark_multi_floor_v3/official_experiments/multistartlp/official/set_01_pt_01/logs/heur_mslp/solutions/60R_60V_04F_06M/LR2_2_1_sol_genconfig_mslp_seed_58.txt;Gurobi;AUTOMATIC;18.36;_bash_3;_seed_58;2242.86;1;1556.86;/dados/rmelo/PDPTW-SE/benchmark_multi_floor_v3/official_experiments/multistartlp/official/set_01_pt_01/logs/heur_mslp/timelines/60R_60V_04F_06M/LR2_2_1_timeline_genconfig_mslp_seed_58.txt;2871.34;t2;0;15074.16;false
0.05;0.03;0.06;0.09;0.0;0.06;6;/dados/rmelo/PDPTW-SE/benchmark_multi_floor_v3/official_experiments/multistartlp/official/set_01_pt_01/logs/heur_mslp/outputs/csvresults_heur_mslp_bash_3.csv;0;5;1;122;1;0.0;0.5;true;62;2;LR2_2_2_t2_60R_60V_04F_05M;/dados/rmelo/PDPTW-SE/benchmark_multi_floor_v3/official_experiments/multistartlp/official/set_01_pt_01/configs/genconfig_mslp.conf;genconfig_mslp;/dados/rmelo/PDPTW-SE/benchmark_multi_floor_v3/official_experiments/multistartlp/official/set_01_pt_01/logs/heur_mslp/gurobi/60R_60V_04F_05M/LR2_2_2_grb_genconfig_mslp_seed_58.log;random;60R_60V_04F_05M;1;13409;1;/dados/rmelo/PDPTW-SE/benchmark_multi_floor_v3/official_experiments/multistartlp/official/set_01_pt_01/../../../../instances/orig_ams_fg/60R_60V_04F_06M/t2/LR2_2_2/;52633;4800;0;15445.74;121;61;H;50;95;0;100.0;30.0;true;0.95;100.0;1.0;1.0;1.0;1.0;60;M;39224;39224;false;80;0.8;189.32;1.0;40;10;1000000;-1;3600;4.44;0.57;0.77;mslp;heur;0.12;0.33;-1;3600;60000;I;60;1.0;0.15;LR2_2_2;0;/dados/rmelo/PDPTW-SE/benchmark_multi_floor_v3/official_experiments/multistartlp/official/set_01_pt_01/logs;0;0;0;25.48;100.0;1;58;/dados/rmelo/PDPTW-SE/benchmark_multi_floor_v3/official_experiments/multistartlp/official/set_01_pt_01/logs/heur_mslp/solutions/60R_60V_04F_05M/LR2_2_2_sol_genconfig_mslp_seed_58.txt;Gurobi;AUTOMATIC;18.72;_bash_3;_seed_58;1740.73;1;322.86;/dados/rmelo/PDPTW-SE/benchmark_multi_floor_v3/official_experiments/multistartlp/official/set_01_pt_01/logs/heur_mslp/timelines/60R_60V_04F_05M/LR2_2_2_timeline_genconfig_mslp_seed_58.txt;3600.0;t2;0;13039.1;false
0.05;0.03;0.04;0.08;0.02;0.06;8;/dados/rmelo/PDPTW-SE/benchmark_multi_floor_v3/official_experiments/multistartlp/official/set_01_pt_01/logs/heur_mslp/outputs/csvresults_heur_mslp_bash_3.csv;0;6;1;122;1;0.0;0.5;true;62;2;LR2_2_2_t2_60R_60V_04F_06M;/dados/rmelo/PDPTW-SE/benchmark_multi_floor_v3/official_experiments/multistartlp/official/set_01_pt_01/configs/genconfig_mslp.conf;genconfig_mslp;/dados/rmelo/PDPTW-SE/benchmark_multi_floor_v3/official_experiments/multistartlp/official/set_01_pt_01/logs/heur_mslp/gurobi/60R_60V_04F_06M/LR2_2_2_grb_genconfig_mslp_seed_58.log;random;60R_60V_04F_06M;1;12852;1;/dados/rmelo/PDPTW-SE/benchmark_multi_floor_v3/official_experiments/multistartlp/official/set_01_pt_01/../../../../instances/orig_ams_fg/60R_60V_04F_06M/t2/LR2_2_2/;50109;22530;0;17611.67;121;61;H;50;95;0;100.0;30.0;true;0.95;100.0;1.0;1.0;1.0;1.0;60;M;37257;37257;false;80;0.85;189.32;1.0;40;10;1000000;-1;3600;4.59;0.64;0.79;mslp;heur;0.21;0.3;-1;3600;60000;I;60;1.0;0.13;LR2_2_2;0;/dados/rmelo/PDPTW-SE/benchmark_multi_floor_v3/official_experiments/multistartlp/official/set_01_pt_01/logs;0;0;0;25.65;100.0;1;58;/dados/rmelo/PDPTW-SE/benchmark_multi_floor_v3/official_experiments/multistartlp/official/set_01_pt_01/logs/heur_mslp/solutions/60R_60V_04F_06M/LR2_2_2_sol_genconfig_mslp_seed_58.txt;Gurobi;AUTOMATIC;18.11;_bash_3;_seed_58;1709.39;1;1601.57;/dados/rmelo/PDPTW-SE/benchmark_multi_floor_v3/official_experiments/multistartlp/official/set_01_pt_01/logs/heur_mslp/timelines/60R_60V_04F_06M/LR2_2_2_timeline_genconfig_mslp_seed_58.txt;3600.04;t2;0;12896.82;false
0.05;0.04;0.06;0.09;0.01;0.03;11;/dados/rmelo/PDPTW-SE/benchmark_multi_floor_v3/official_experiments/multistartlp/official/set_01_pt_01/logs/heur_mslp/outputs/csvresults_heur_mslp_bash_3.csv;0;5;1;122;1;0.0;0.5;true;62;2;LR2_2_3_t2_60R_60V_04F_05M;/dados/rmelo/PDPTW-SE/benchmark_multi_floor_v3/official_experiments/multistartlp/official/set_01_pt_01/configs/genconfig_mslp.conf;genconfig_mslp;/dados/rmelo/PDPTW-SE/benchmark_multi_floor_v3/official_experiments/multistartlp/official/set_01_pt_01/logs/heur_mslp/gurobi/60R_60V_04F_05M/LR2_2_3_grb_genconfig_mslp_seed_58.log;random;60R_60V_04F_05M;1;2105;1;/dados/rmelo/PDPTW-SE/benchmark_multi_floor_v3/official_experiments/multistartlp/official/set_01_pt_01/../../../../instances/orig_ams_fg/60R_60V_04F_06M/t2/LR2_2_3/;34058;32278;0;15446.21;121;61;H;50;95;0;100.0;30.0;true;0.95;100.0;1.0;1.0;1.0;1.0;60;M;31953;31953;false;78;0.86;188.85;1.0;39;10;1000000;-1;3600;2.82;0.71;0.9;mslp;heur;0.27;0.74;-1;3600;60000;I;60;1.0;0.12;LR2_2_3;0;/dados/rmelo/PDPTW-SE/benchmark_multi_floor_v3/official_experiments/multistartlp/official/set_01_pt_01/logs;0;0;0;6.18;100.0;1;58;/dados/rmelo/PDPTW-SE/benchmark_multi_floor_v3/official_experiments/multistartlp/official/set_01_pt_01/logs/heur_mslp/solutions/60R_60V_04F_05M/LR2_2_3_sol_genconfig_mslp_seed_58.txt;Gurobi;AUTOMATIC;18.1;_bash_3;_seed_58;900.32;1;3413.08;/dados/rmelo/PDPTW-SE/benchmark_multi_floor_v3/official_experiments/multistartlp/official/set_01_pt_01/logs/heur_mslp/timelines/60R_60V_04F_05M/LR2_2_3_timeline_genconfig_mslp_seed_58.txt;3600.09;t2;0;12685.08;false
0.05;0.03;0.04;0.07;0.0;0.01;9;/dados/rmelo/PDPTW-SE/benchmark_multi_floor_v3/official_experiments/multistartlp/official/set_01_pt_01/logs/heur_mslp/outputs/csvresults_heur_mslp_bash_3.csv;0;6;1;122;1;0.0;0.5;true;62;2;LR2_2_3_t2_60R_60V_04F_06M;/dados/rmelo/PDPTW-SE/benchmark_multi_floor_v3/official_experiments/multistartlp/official/set_01_pt_01/configs/genconfig_mslp.conf;genconfig_mslp;/dados/rmelo/PDPTW-SE/benchmark_multi_floor_v3/official_experiments/multistartlp/official/set_01_pt_01/logs/heur_mslp/gurobi/60R_60V_04F_06M/LR2_2_3_grb_genconfig_mslp_seed_58.log;random;60R_60V_04F_06M;1;148;1;/dados/rmelo/PDPTW-SE/benchmark_multi_floor_v3/official_experiments/multistartlp/official/set_01_pt_01/../../../../instances/orig_ams_fg/60R_60V_04F_06M/t2/LR2_2_3/;31428;18870;0;15577.21;121;61;H;50;95;0;100.0;30.0;true;0.95;100.0;1.0;1.0;1.0;1.0;60;M;31280;31280;false;78;0.88;188.85;1.0;39;10;1000000;-1;3600;2.9;0.7;0.92;mslp;heur;0.23;0.65;-1;3600;60000;I;60;1.0;0.12;LR2_2_3;0;/dados/rmelo/PDPTW-SE/benchmark_multi_floor_v3/official_experiments/multistartlp/official/set_01_pt_01/logs;0;0;0;0.47;100.0;1;58;/dados/rmelo/PDPTW-SE/benchmark_multi_floor_v3/official_experiments/multistartlp/official/set_01_pt_01/logs/heur_mslp/solutions/60R_60V_04F_06M/LR2_2_3_sol_genconfig_mslp_seed_58.txt;Gurobi;AUTOMATIC;18.32;_bash_3;_seed_58;908.21;1;2164.48;/dados/rmelo/PDPTW-SE/benchmark_multi_floor_v3/official_experiments/multistartlp/official/set_01_pt_01/logs/heur_mslp/timelines/60R_60V_04F_06M/LR2_2_3_timeline_genconfig_mslp_seed_58.txt;3600.01;t2;0;12482.79;false
0.05;0.02;0.04;0.06;0.0;0.01;12;/dados/rmelo/PDPTW-SE/benchmark_multi_floor_v3/official_experiments/multistartlp/official/set_01_pt_01/logs/heur_mslp/outputs/csvresults_heur_mslp_bash_3.csv;0;5;1;122;1;0.0;0.5;true;62;2;LR2_2_4_t2_60R_60V_04F_05M;/dados/rmelo/PDPTW-SE/benchmark_multi_floor_v3/official_experiments/multistartlp/official/set_01_pt_01/configs/genconfig_mslp.conf;genconfig_mslp;/dados/rmelo/PDPTW-SE/benchmark_multi_floor_v3/official_experiments/multistartlp/official/set_01_pt_01/logs/heur_mslp/gurobi/60R_60V_04F_05M/LR2_2_4_grb_genconfig_mslp_seed_58.log;random;60R_60V_04F_05M;1;0;1;/dados/rmelo/PDPTW-SE/benchmark_multi_floor_v3/official_experiments/multistartlp/official/set_01_pt_01/../../../../instances/orig_ams_fg/60R_60V_04F_06M/t2/LR2_2_4/;21543;14711;0;11274.55;121;61;H;50;95;0;100.0;30.0;true;0.95;100.0;1.0;1.0;1.0;1.0;60;M;21510;21543;false;78;0.98;193.99;1.0;39;10;1000000;-1;3600;0.89;0.78;0.96;mslp;heur;0.58;0.86;-1;3600;60000;I;60;1.0;0.08;LR2_2_4;0;/dados/rmelo/PDPTW-SE/benchmark_multi_floor_v3/official_experiments/multistartlp/official/set_01_pt_01/logs;0;0;0;0.0;99.85;1;58;/dados/rmelo/PDPTW-SE/benchmark_multi_floor_v3/official_experiments/multistartlp/official/set_01_pt_01/logs/heur_mslp/solutions/60R_60V_04F_05M/LR2_2_4_sol_genconfig_mslp_seed_58.txt;Gurobi;AUTOMATIC;18.31;_bash_3;_seed_58;191.04;1;2463.3;/dados/rmelo/PDPTW-SE/benchmark_multi_floor_v3/official_experiments/multistartlp/official/set_01_pt_01/logs/heur_mslp/timelines/60R_60V_04F_05M/LR2_2_4_timeline_genconfig_mslp_seed_58.txt;3600.07;t2;0;9911.48;false
0.05;0.01;0.03;0.04;0.0;0.0;9;/dados/rmelo/PDPTW-SE/benchmark_multi_floor_v3/official_experiments/multistartlp/official/set_01_pt_01/logs/heur_mslp/outputs/csvresults_heur_mslp_bash_3.csv;0;6;1;122;1;0.0;0.5;true;62;2;LR2_2_4_t2_60R_60V_04F_06M;/dados/rmelo/PDPTW-SE/benchmark_multi_floor_v3/official_experiments/multistartlp/official/set_01_pt_01/configs/genconfig_mslp.conf;genconfig_mslp;/dados/rmelo/PDPTW-SE/benchmark_multi_floor_v3/official_experiments/multistartlp/official/set_01_pt_01/logs/heur_mslp/gurobi/60R_60V_04F_06M/LR2_2_4_grb_genconfig_mslp_seed_58.log;random;60R_60V_04F_06M;1;0;1;/dados/rmelo/PDPTW-SE/benchmark_multi_floor_v3/official_experiments/multistartlp/official/set_01_pt_01/../../../../instances/orig_ams_fg/60R_60V_04F_06M/t2/LR2_2_4/;20244;7724;0;11435.55;121;61;H;50;95;0;100.0;30.0;true;0.95;100.0;1.0;1.0;1.0;1.0;60;M;20191;20244;false;78;0.96;193.99;1.0;39;10;1000000;-1;3600;0.9;0.65;0.87;mslp;heur;0.09;0.35;-1;3600;60000;I;60;1.0;0.1;LR2_2_4;0;/dados/rmelo/PDPTW-SE/benchmark_multi_floor_v3/official_experiments/multistartlp/official/set_01_pt_01/logs;0;0;0;0.0;99.74;1;58;/dados/rmelo/PDPTW-SE/benchmark_multi_floor_v3/official_experiments/multistartlp/official/set_01_pt_01/logs/heur_mslp/solutions/60R_60V_04F_06M/LR2_2_4_sol_genconfig_mslp_seed_58.txt;Gurobi;AUTOMATIC;18.16;_bash_3;_seed_58;181.41;1;1375.49;/dados/rmelo/PDPTW-SE/benchmark_multi_floor_v3/official_experiments/multistartlp/official/set_01_pt_01/logs/heur_mslp/timelines/60R_60V_04F_06M/LR2_2_4_timeline_genconfig_mslp_seed_58.txt;3600.07;t2;0;9855.77;false
0.05;0.04;0.06;0.1;0.03;0.13;16;/dados/rmelo/PDPTW-SE/benchmark_multi_floor_v3/official_experiments/multistartlp/official/set_01_pt_01/logs/heur_mslp/outputs/csvresults_heur_mslp_bash_3.csv;0;5;1;122;1;0.0;0.5;true;62;2;LR2_2_5_t2_60R_60V_04F_05M;/dados/rmelo/PDPTW-SE/benchmark_multi_floor_v3/official_experiments/multistartlp/official/set_01_pt_01/configs/genconfig_mslp.conf;genconfig_mslp;/dados/rmelo/PDPTW-SE/benchmark_multi_floor_v3/official_experiments/multistartlp/official/set_01_pt_01/logs/heur_mslp/gurobi/60R_60V_04F_05M/LR2_2_5_grb_genconfig_mslp_seed_58.log;random;60R_60V_04F_05M;1;0;1;/dados/rmelo/PDPTW-SE/benchmark_multi_floor_v3/official_experiments/multistartlp/official/set_01_pt_01/../../../../instances/orig_ams_fg/60R_60V_04F_06M/t2/LR2_2_5/;54969;15964;0;18589.21;121;61;H;50;95;0;100.0;30.0;true;0.95;100.0;1.0;1.0;1.0;1.0;60;M;54969;54969;false;80;0.89;187.55;1.0;40;10;1000000;-1;3600;4.56;0.71;0.94;mslp;heur;0.49;0.85;-1;3600;60000;I;60;1.0;0.13;LR2_2_5;0;/dados/rmelo/PDPTW-SE/benchmark_multi_floor_v3/official_experiments/multistartlp/official/set_01_pt_01/logs;0;0;0;0.0;100.0;1;58;/dados/rmelo/PDPTW-SE/benchmark_multi_floor_v3/official_experiments/multistartlp/official/set_01_pt_01/logs/heur_mslp/solutions/60R_60V_04F_05M/LR2_2_5_sol_genconfig_mslp_seed_58.txt;Gurobi;AUTOMATIC;18.16;_bash_3;_seed_58;2503.82;1;1049.26;/dados/rmelo/PDPTW-SE/benchmark_multi_floor_v3/official_experiments/multistartlp/official/set_01_pt_01/logs/heur_mslp/timelines/60R_60V_04F_05M/LR2_2_5_timeline_genconfig_mslp_seed_58.txt;3600.01;t2;0;14302.35;false
0.05;0.03;0.05;0.08;0.03;0.12;14;/dados/rmelo/PDPTW-SE/benchmark_multi_floor_v3/official_experiments/multistartlp/official/set_01_pt_01/logs/heur_mslp/outputs/csvresults_heur_mslp_bash_3.csv;0;6;1;122;1;0.0;0.5;true;62;2;LR2_2_5_t2_60R_60V_04F_06M;/dados/rmelo/PDPTW-SE/benchmark_multi_floor_v3/official_experiments/multistartlp/official/set_01_pt_01/configs/genconfig_mslp.conf;genconfig_mslp;/dados/rmelo/PDPTW-SE/benchmark_multi_floor_v3/official_experiments/multistartlp/official/set_01_pt_01/logs/heur_mslp/gurobi/60R_60V_04F_06M/LR2_2_5_grb_genconfig_mslp_seed_58.log;random;60R_60V_04F_06M;1;0;1;/dados/rmelo/PDPTW-SE/benchmark_multi_floor_v3/official_experiments/multistartlp/official/set_01_pt_01/../../../../instances/orig_ams_fg/60R_60V_04F_06M/t2/LR2_2_5/;51120;15964;0;17953.91;121;61;H;50;95;0;100.0;30.0;true;0.95;100.0;1.0;1.0;1.0;1.0;60;M;51120;51120;false;80;0.89;187.55;1.0;40;10;1000000;-1;3600;4.86;0.7;0.94;mslp;heur;0.49;0.85;-1;3600;60000;I;60;1.0;0.13;LR2_2_5;0;/dados/rmelo/PDPTW-SE/benchmark_multi_floor_v3/official_experiments/multistartlp/official/set_01_pt_01/logs;0;0;0;0.0;100.0;1;58;/dados/rmelo/PDPTW-SE/benchmark_multi_floor_v3/official_experiments/multistartlp/official/set_01_pt_01/logs/heur_mslp/solutions/60R_60V_04F_06M/LR2_2_5_sol_genconfig_mslp_seed_58.txt;Gurobi;AUTOMATIC;18.43;_bash_3;_seed_58;2487.0;1;1127.35;/dados/rmelo/PDPTW-SE/benchmark_multi_floor_v3/official_experiments/multistartlp/official/set_01_pt_01/logs/heur_mslp/timelines/60R_60V_04F_06M/LR2_2_5_timeline_genconfig_mslp_seed_58.txt;3600.05;t2;0;14164.35;false
