alpha;avrg_machines_travel_time_no_vehicle;avrg_machines_travel_time_only_with_vehicle;avrg_machines_travel_time_with_vehicle;avrg_vehicles_waiting_time_for_a_machine_travel;avrg_vehicles_waiting_time_for_a_service;countImprovements;csvfilename;cutoff;cutoffmachs;depot_begin;depot_end;elevator;epsilon;epsilonCap;feasible;first_delivery;first_pickup;fullname;genconfigfile;genconfigfilename;grbFilename;greedy_service_order;group;gurobiCuts;infeasibleSol;initial_station;instPath;iteration;iterationToBest;largestUpdateOffset;lastSGreedySolValue;last_delivery;last_pickup;lmnsAcceptanceCriteria;lmnsGapToBiggerDestruction;lmnsGapToSmallerDestruction;lmnsMIPFocus;lmnsMetropolisTemp;lmnsRepairTime;lmnsReqRApplyMIPStart;lmnsSimulatedAnnealingCool;lmnsSimulatedAnnealingTemp;lmnsWeightShawDemandSim;lmnsWeightShawDistProx;lmnsWeightShawEarlProx;lmnsWeightShawSameRoute;lmnsa;lmnsr;lpImpr;lpRuns;make_instance_feasible;max_Q;max_completion_time;max_d;max_max_load_all_vehicles;max_q;max_s;maxiter;maxnodes;maxtime;meanLPImprPercentage;mean_completion_time;mean_max_load_all_vehicles;methodCode;methodType;min_completion_time;min_max_load_all_vehicles;mipPresolve;mipmaxtime;mslpa;mslpr;n;n_machines_used;n_vehicles_used;name;num_machs;output;outputFlagGrbLMNS;outputFlagGrbMIP;outputFlagGrbMSLP;percentageInfeasibleSol;percentageLPImpr;printsol;seed;solfilename;solver;solverMethod;startTime;suff_csv;suff_outputs;sumLPImprPercentage;threads;timeToBest;timelineFilename;totalTimeElapsed;type;typeUserCut;value;warmStart
0.05;0.03;0.12;0.14;0.03;0.14;1;/dados/rmelo/PDPTW-SE/benchmark_multi_island_v5/official_experiments/multistartlp/official/set_01_pt_02/logs/heur_mslp/outputs/csvresults_heur_mslp_bash_5.csv;0;3;1;14;0;0.0;0.5;true;8;2;lr101_t1_06R_06V_02I_03M;/dados/rmelo/PDPTW-SE/benchmark_multi_island_v5/official_experiments/multistartlp/official/set_01_pt_02/configs/genconfig_mslp.conf;genconfig_mslp;/dados/rmelo/PDPTW-SE/benchmark_multi_island_v5/official_experiments/multistartlp/official/set_01_pt_02/logs/heur_mslp/gurobi/06R_06V_02I_03M/lr101_grb_genconfig_mslp_seed_177.log;random;06R_06V_02I_03M;1;0;1;/dados/rmelo/PDPTW-SE/benchmark_multi_island_v5/official_experiments/multistartlp/official/set_01_pt_02/../../../../instances/orig_ams_fg/06R_06V_02I_04M/t1/lr101/;60000;1;0;968.36;13;7;H;50;95;0;100.0;30.0;true;0.95;100.0;1.0;1.0;1.0;1.0;60;M;60000;60000;false;52;0.69;77.16;0.6;26;10;1000000;-1;3600;18.34;0.57;0.33;mslp;heur;0.5;0.17;-1;3600;60000;I;6;1.0;1.0;lr101;0;/dados/rmelo/PDPTW-SE/benchmark_multi_island_v5/official_experiments/multistartlp/official/set_01_pt_02/logs;0;0;0;0.0;100.0;1;177;/dados/rmelo/PDPTW-SE/benchmark_multi_island_v5/official_experiments/multistartlp/official/set_01_pt_02/logs/heur_mslp/solutions/06R_06V_02I_03M/lr101_sol_genconfig_mslp_seed_177.txt;Gurobi;AUTOMATIC;17.62;_bash_5;_seed_177;11001.13;1;0.0;/dados/rmelo/PDPTW-SE/benchmark_multi_island_v5/official_experiments/multistartlp/official/set_01_pt_02/logs/heur_mslp/timelines/06R_06V_02I_03M/lr101_timeline_genconfig_mslp_seed_177.txt;89.78;t1;0;784.11;false
0.05;0.03;0.11;0.14;0.03;0.15;3;/dados/rmelo/PDPTW-SE/benchmark_multi_island_v5/official_experiments/multistartlp/official/set_01_pt_02/logs/heur_mslp/outputs/csvresults_heur_mslp_bash_5.csv;0;4;1;14;0;0.0;0.5;true;8;2;lr101_t1_06R_06V_02I_04M;/dados/rmelo/PDPTW-SE/benchmark_multi_island_v5/official_experiments/multistartlp/official/set_01_pt_02/configs/genconfig_mslp.conf;genconfig_mslp;/dados/rmelo/PDPTW-SE/benchmark_multi_island_v5/official_experiments/multistartlp/official/set_01_pt_02/logs/heur_mslp/gurobi/06R_06V_02I_04M/lr101_grb_genconfig_mslp_seed_177.log;random;06R_06V_02I_04M;1;0;1;/dados/rmelo/PDPTW-SE/benchmark_multi_island_v5/official_experiments/multistartlp/official/set_01_pt_02/../../../../instances/orig_ams_fg/06R_06V_02I_04M/t1/lr101/;60000;4;0;957.29;13;7;H;50;95;0;100.0;30.0;true;0.95;100.0;1.0;1.0;1.0;1.0;60;M;60000;60000;false;52;0.64;75.56;0.6;26;10;1000000;-1;3600;19.55;0.55;0.34;mslp;heur;0.47;0.13;-1;3600;60000;I;6;0.75;1.0;lr101;0;/dados/rmelo/PDPTW-SE/benchmark_multi_island_v5/official_experiments/multistartlp/official/set_01_pt_02/logs;0;0;0;0.0;100.0;1;177;/dados/rmelo/PDPTW-SE/benchmark_multi_island_v5/official_experiments/multistartlp/official/set_01_pt_02/logs/heur_mslp/solutions/06R_06V_02I_04M/lr101_sol_genconfig_mslp_seed_177.txt;Gurobi;AUTOMATIC;17.92;_bash_5;_seed_177;11730.79;1;0.32;/dados/rmelo/PDPTW-SE/benchmark_multi_island_v5/official_experiments/multistartlp/official/set_01_pt_02/logs/heur_mslp/timelines/06R_06V_02I_04M/lr101_timeline_genconfig_mslp_seed_177.txt;90.79;t1;0;763.79;false
0.05;0.0;0.1;0.1;0.0;0.01;4;/dados/rmelo/PDPTW-SE/benchmark_multi_island_v5/official_experiments/multistartlp/official/set_01_pt_02/logs/heur_mslp/outputs/csvresults_heur_mslp_bash_5.csv;0;3;1;14;0;0.0;0.5;true;8;2;lr102_t1_06R_06V_02I_03M;/dados/rmelo/PDPTW-SE/benchmark_multi_island_v5/official_experiments/multistartlp/official/set_01_pt_02/configs/genconfig_mslp.conf;genconfig_mslp;/dados/rmelo/PDPTW-SE/benchmark_multi_island_v5/official_experiments/multistartlp/official/set_01_pt_02/logs/heur_mslp/gurobi/06R_06V_02I_03M/lr102_grb_genconfig_mslp_seed_177.log;random;06R_06V_02I_03M;1;0;1;/dados/rmelo/PDPTW-SE/benchmark_multi_island_v5/official_experiments/multistartlp/official/set_01_pt_02/../../../../instances/orig_ams_fg/06R_06V_02I_04M/t1/lr102/;60000;7;0;633.03;13;7;H;50;95;0;100.0;30.0;true;0.95;100.0;1.0;1.0;1.0;1.0;60;M;60000;60000;false;58;0.91;70.38;0.54;29;10;1000000;-1;3600;13.07;0.79;0.46;mslp;heur;0.66;0.34;-1;3600;60000;I;6;0.67;0.5;lr102;0;/dados/rmelo/PDPTW-SE/benchmark_multi_island_v5/official_experiments/multistartlp/official/set_01_pt_02/logs;0;0;0;0.0;100.0;1;177;/dados/rmelo/PDPTW-SE/benchmark_multi_island_v5/official_experiments/multistartlp/official/set_01_pt_02/logs/heur_mslp/solutions/06R_06V_02I_03M/lr102_sol_genconfig_mslp_seed_177.txt;Gurobi;AUTOMATIC;17.83;_bash_5;_seed_177;7843.46;1;0.33;/dados/rmelo/PDPTW-SE/benchmark_multi_island_v5/official_experiments/multistartlp/official/set_01_pt_02/logs/heur_mslp/timelines/06R_06V_02I_03M/lr102_timeline_genconfig_mslp_seed_177.txt;85.52;t1;0;542.25;false
0.05;0.0;0.1;0.1;0.0;0.01;4;/dados/rmelo/PDPTW-SE/benchmark_multi_island_v5/official_experiments/multistartlp/official/set_01_pt_02/logs/heur_mslp/outputs/csvresults_heur_mslp_bash_5.csv;0;4;1;14;0;0.0;0.5;true;8;2;lr102_t1_06R_06V_02I_04M;/dados/rmelo/PDPTW-SE/benchmark_multi_island_v5/official_experiments/multistartlp/official/set_01_pt_02/configs/genconfig_mslp.conf;genconfig_mslp;/dados/rmelo/PDPTW-SE/benchmark_multi_island_v5/official_experiments/multistartlp/official/set_01_pt_02/logs/heur_mslp/gurobi/06R_06V_02I_04M/lr102_grb_genconfig_mslp_seed_177.log;random;06R_06V_02I_04M;1;0;1;/dados/rmelo/PDPTW-SE/benchmark_multi_island_v5/official_experiments/multistartlp/official/set_01_pt_02/../../../../instances/orig_ams_fg/06R_06V_02I_04M/t1/lr102/;60000;7;0;633.03;13;7;H;50;95;0;100.0;30.0;true;0.95;100.0;1.0;1.0;1.0;1.0;60;M;60000;60000;false;58;0.91;68.13;0.54;29;10;1000000;-1;3600;13.13;0.79;0.46;mslp;heur;0.66;0.34;-1;3600;60000;I;6;0.5;0.5;lr102;0;/dados/rmelo/PDPTW-SE/benchmark_multi_island_v5/official_experiments/multistartlp/official/set_01_pt_02/logs;0;0;0;0.0;100.0;1;177;/dados/rmelo/PDPTW-SE/benchmark_multi_island_v5/official_experiments/multistartlp/official/set_01_pt_02/logs/heur_mslp/solutions/06R_06V_02I_04M/lr102_sol_genconfig_mslp_seed_177.txt;Gurobi;AUTOMATIC;17.86;_bash_5;_seed_177;7877.31;1;0.32;/dados/rmelo/PDPTW-SE/benchmark_multi_island_v5/official_experiments/multistartlp/official/set_01_pt_02/logs/heur_mslp/timelines/06R_06V_02I_04M/lr102_timeline_genconfig_mslp_seed_177.txt;87.06;t1;0;542.25;false
0.05;0.04;0.14;0.18;0.0;0.0;4;/dados/rmelo/PDPTW-SE/benchmark_multi_island_v5/official_experiments/multistartlp/official/set_01_pt_02/logs/heur_mslp/outputs/csvresults_heur_mslp_bash_5.csv;0;3;1;14;0;0.0;0.5;true;8;2;lr103_t1_06R_06V_02I_03M;/dados/rmelo/PDPTW-SE/benchmark_multi_island_v5/official_experiments/multistartlp/official/set_01_pt_02/configs/genconfig_mslp.conf;genconfig_mslp;/dados/rmelo/PDPTW-SE/benchmark_multi_island_v5/official_experiments/multistartlp/official/set_01_pt_02/logs/heur_mslp/gurobi/06R_06V_02I_03M/lr103_grb_genconfig_mslp_seed_177.log;random;06R_06V_02I_03M;1;0;1;/dados/rmelo/PDPTW-SE/benchmark_multi_island_v5/official_experiments/multistartlp/official/set_01_pt_02/../../../../instances/orig_ams_fg/06R_06V_02I_04M/t1/lr103/;60000;54;0;579.82;13;7;H;50;95;0;100.0;30.0;true;0.95;100.0;1.0;1.0;1.0;1.0;60;M;60000;60000;false;38;0.77;87.23;0.73;19;10;1000000;-1;3600;19.87;0.66;0.58;mslp;heur;0.56;0.42;-1;3600;60000;I;6;0.67;0.5;lr103;0;/dados/rmelo/PDPTW-SE/benchmark_multi_island_v5/official_experiments/multistartlp/official/set_01_pt_02/logs;0;0;0;0.0;100.0;1;177;/dados/rmelo/PDPTW-SE/benchmark_multi_island_v5/official_experiments/multistartlp/official/set_01_pt_02/logs/heur_mslp/solutions/06R_06V_02I_03M/lr103_sol_genconfig_mslp_seed_177.txt;Gurobi;AUTOMATIC;18.07;_bash_5;_seed_177;11922.19;1;0.39;/dados/rmelo/PDPTW-SE/benchmark_multi_island_v5/official_experiments/multistartlp/official/set_01_pt_02/logs/heur_mslp/timelines/06R_06V_02I_03M/lr103_timeline_genconfig_mslp_seed_177.txt;90.12;t1;0;455.04;false
0.05;0.04;0.14;0.18;0.0;0.0;4;/dados/rmelo/PDPTW-SE/benchmark_multi_island_v5/official_experiments/multistartlp/official/set_01_pt_02/logs/heur_mslp/outputs/csvresults_heur_mslp_bash_5.csv;0;4;1;14;0;0.0;0.5;true;8;2;lr103_t1_06R_06V_02I_04M;/dados/rmelo/PDPTW-SE/benchmark_multi_island_v5/official_experiments/multistartlp/official/set_01_pt_02/configs/genconfig_mslp.conf;genconfig_mslp;/dados/rmelo/PDPTW-SE/benchmark_multi_island_v5/official_experiments/multistartlp/official/set_01_pt_02/logs/heur_mslp/gurobi/06R_06V_02I_04M/lr103_grb_genconfig_mslp_seed_177.log;random;06R_06V_02I_04M;1;0;1;/dados/rmelo/PDPTW-SE/benchmark_multi_island_v5/official_experiments/multistartlp/official/set_01_pt_02/../../../../instances/orig_ams_fg/06R_06V_02I_04M/t1/lr103/;60000;54;0;579.82;13;7;H;50;95;0;100.0;30.0;true;0.95;100.0;1.0;1.0;1.0;1.0;60;M;60000;60000;false;38;0.77;87.23;0.73;19;10;1000000;-1;3600;20.17;0.66;0.58;mslp;heur;0.56;0.42;-1;3600;60000;I;6;0.5;0.5;lr103;0;/dados/rmelo/PDPTW-SE/benchmark_multi_island_v5/official_experiments/multistartlp/official/set_01_pt_02/logs;0;0;0;0.0;100.0;1;177;/dados/rmelo/PDPTW-SE/benchmark_multi_island_v5/official_experiments/multistartlp/official/set_01_pt_02/logs/heur_mslp/solutions/06R_06V_02I_04M/lr103_sol_genconfig_mslp_seed_177.txt;Gurobi;AUTOMATIC;18.14;_bash_5;_seed_177;12104.65;1;0.41;/dados/rmelo/PDPTW-SE/benchmark_multi_island_v5/official_experiments/multistartlp/official/set_01_pt_02/logs/heur_mslp/timelines/06R_06V_02I_04M/lr103_timeline_genconfig_mslp_seed_177.txt;92.36;t1;0;452.25;false
0.05;0.0;0.19;0.19;0.0;0.03;3;/dados/rmelo/PDPTW-SE/benchmark_multi_island_v5/official_experiments/multistartlp/official/set_01_pt_02/logs/heur_mslp/outputs/csvresults_heur_mslp_bash_5.csv;0;3;1;14;0;0.0;0.5;true;8;2;lr104_t1_06R_06V_02I_03M;/dados/rmelo/PDPTW-SE/benchmark_multi_island_v5/official_experiments/multistartlp/official/set_01_pt_02/configs/genconfig_mslp.conf;genconfig_mslp;/dados/rmelo/PDPTW-SE/benchmark_multi_island_v5/official_experiments/multistartlp/official/set_01_pt_02/logs/heur_mslp/gurobi/06R_06V_02I_03M/lr104_grb_genconfig_mslp_seed_177.log;random;06R_06V_02I_03M;1;0;1;/dados/rmelo/PDPTW-SE/benchmark_multi_island_v5/official_experiments/multistartlp/official/set_01_pt_02/../../../../instances/orig_ams_fg/06R_06V_02I_04M/t1/lr104/;60000;10;0;560.75;13;7;H;50;95;0;100.0;30.0;true;0.95;100.0;1.0;1.0;1.0;1.0;60;M;60000;60000;false;40;0.73;72.81;0.73;20;10;1000000;-1;3600;13.46;0.62;0.58;mslp;heur;0.47;0.3;-1;3600;60000;I;6;0.33;0.5;lr104;0;/dados/rmelo/PDPTW-SE/benchmark_multi_island_v5/official_experiments/multistartlp/official/set_01_pt_02/logs;0;0;0;0.0;100.0;1;177;/dados/rmelo/PDPTW-SE/benchmark_multi_island_v5/official_experiments/multistartlp/official/set_01_pt_02/logs/heur_mslp/solutions/06R_06V_02I_03M/lr104_sol_genconfig_mslp_seed_177.txt;Gurobi;AUTOMATIC;18.08;_bash_5;_seed_177;8078.25;1;0.31;/dados/rmelo/PDPTW-SE/benchmark_multi_island_v5/official_experiments/multistartlp/official/set_01_pt_02/logs/heur_mslp/timelines/06R_06V_02I_03M/lr104_timeline_genconfig_mslp_seed_177.txt;85.9;t1;0;431.14;false
0.05;0.0;0.18;0.18;0.0;0.03;3;/dados/rmelo/PDPTW-SE/benchmark_multi_island_v5/official_experiments/multistartlp/official/set_01_pt_02/logs/heur_mslp/outputs/csvresults_heur_mslp_bash_5.csv;0;4;1;14;0;0.0;0.5;true;8;2;lr104_t1_06R_06V_02I_04M;/dados/rmelo/PDPTW-SE/benchmark_multi_island_v5/official_experiments/multistartlp/official/set_01_pt_02/configs/genconfig_mslp.conf;genconfig_mslp;/dados/rmelo/PDPTW-SE/benchmark_multi_island_v5/official_experiments/multistartlp/official/set_01_pt_02/logs/heur_mslp/gurobi/06R_06V_02I_04M/lr104_grb_genconfig_mslp_seed_177.log;random;06R_06V_02I_04M;1;0;1;/dados/rmelo/PDPTW-SE/benchmark_multi_island_v5/official_experiments/multistartlp/official/set_01_pt_02/../../../../instances/orig_ams_fg/06R_06V_02I_04M/t1/lr104/;60000;10;0;560.75;13;7;H;50;95;0;100.0;30.0;true;0.95;100.0;1.0;1.0;1.0;1.0;60;M;60000;60000;false;40;0.73;70.79;0.73;20;10;1000000;-1;3600;13.95;0.62;0.58;mslp;heur;0.46;0.3;-1;3600;60000;I;6;0.25;0.5;lr104;0;/dados/rmelo/PDPTW-SE/benchmark_multi_island_v5/official_experiments/multistartlp/official/set_01_pt_02/logs;0;0;0;0.0;100.0;1;177;/dados/rmelo/PDPTW-SE/benchmark_multi_island_v5/official_experiments/multistartlp/official/set_01_pt_02/logs/heur_mslp/solutions/06R_06V_02I_04M/lr104_sol_genconfig_mslp_seed_177.txt;Gurobi;AUTOMATIC;17.88;_bash_5;_seed_177;8370.86;1;0.31;/dados/rmelo/PDPTW-SE/benchmark_multi_island_v5/official_experiments/multistartlp/official/set_01_pt_02/logs/heur_mslp/timelines/06R_06V_02I_04M/lr104_timeline_genconfig_mslp_seed_177.txt;88.56;t1;0;426.97;false
0.05;0.0;0.15;0.15;0.0;0.05;2;/dados/rmelo/PDPTW-SE/benchmark_multi_island_v5/official_experiments/multistartlp/official/set_01_pt_02/logs/heur_mslp/outputs/csvresults_heur_mslp_bash_5.csv;0;3;1;14;0;0.0;0.5;true;8;2;lr105_t1_06R_06V_02I_03M;/dados/rmelo/PDPTW-SE/benchmark_multi_island_v5/official_experiments/multistartlp/official/set_01_pt_02/configs/genconfig_mslp.conf;genconfig_mslp;/dados/rmelo/PDPTW-SE/benchmark_multi_island_v5/official_experiments/multistartlp/official/set_01_pt_02/logs/heur_mslp/gurobi/06R_06V_02I_03M/lr105_grb_genconfig_mslp_seed_177.log;random;06R_06V_02I_03M;1;0;1;/dados/rmelo/PDPTW-SE/benchmark_multi_island_v5/official_experiments/multistartlp/official/set_01_pt_02/../../../../instances/orig_ams_fg/06R_06V_02I_04M/t1/lr105/;60000;6;0;664.94;13;7;H;50;95;0;100.0;30.0;true;0.95;100.0;1.0;1.0;1.0;1.0;60;M;60000;60000;false;52;0.73;83.11;0.88;26;10;1000000;-1;3600;22.93;0.51;0.46;mslp;heur;0.31;0.16;-1;3600;60000;I;6;0.67;0.67;lr105;0;/dados/rmelo/PDPTW-SE/benchmark_multi_island_v5/official_experiments/multistartlp/official/set_01_pt_02/logs;0;0;0;0.0;100.0;1;177;/dados/rmelo/PDPTW-SE/benchmark_multi_island_v5/official_experiments/multistartlp/official/set_01_pt_02/logs/heur_mslp/solutions/06R_06V_02I_03M/lr105_sol_genconfig_mslp_seed_177.txt;Gurobi;AUTOMATIC;17.78;_bash_5;_seed_177;13755.66;1;0.29;/dados/rmelo/PDPTW-SE/benchmark_multi_island_v5/official_experiments/multistartlp/official/set_01_pt_02/logs/heur_mslp/timelines/06R_06V_02I_03M/lr105_timeline_genconfig_mslp_seed_177.txt;89.73;t1;0;472.54;false
0.05;0.03;0.1;0.13;0.0;0.05;3;/dados/rmelo/PDPTW-SE/benchmark_multi_island_v5/official_experiments/multistartlp/official/set_01_pt_02/logs/heur_mslp/outputs/csvresults_heur_mslp_bash_5.csv;0;4;1;14;0;0.0;0.5;true;8;2;lr105_t1_06R_06V_02I_04M;/dados/rmelo/PDPTW-SE/benchmark_multi_island_v5/official_experiments/multistartlp/official/set_01_pt_02/configs/genconfig_mslp.conf;genconfig_mslp;/dados/rmelo/PDPTW-SE/benchmark_multi_island_v5/official_experiments/multistartlp/official/set_01_pt_02/logs/heur_mslp/gurobi/06R_06V_02I_04M/lr105_grb_genconfig_mslp_seed_177.log;random;06R_06V_02I_04M;1;0;1;/dados/rmelo/PDPTW-SE/benchmark_multi_island_v5/official_experiments/multistartlp/official/set_01_pt_02/../../../../instances/orig_ams_fg/06R_06V_02I_04M/t1/lr105/;60000;6;0;664.2;13;7;H;50;95;0;100.0;30.0;true;0.95;100.0;1.0;1.0;1.0;1.0;60;M;60000;60000;false;52;0.73;83.11;0.88;26;10;1000000;-1;3600;22.95;0.51;0.46;mslp;heur;0.31;0.16;-1;3600;60000;I;6;0.75;0.67;lr105;0;/dados/rmelo/PDPTW-SE/benchmark_multi_island_v5/official_experiments/multistartlp/official/set_01_pt_02/logs;0;0;0;0.0;100.0;1;177;/dados/rmelo/PDPTW-SE/benchmark_multi_island_v5/official_experiments/multistartlp/official/set_01_pt_02/logs/heur_mslp/solutions/06R_06V_02I_04M/lr105_sol_genconfig_mslp_seed_177.txt;Gurobi;AUTOMATIC;18.06;_bash_5;_seed_177;13771.81;1;0.29;/dados/rmelo/PDPTW-SE/benchmark_multi_island_v5/official_experiments/multistartlp/official/set_01_pt_02/logs/heur_mslp/timelines/06R_06V_02I_04M/lr105_timeline_genconfig_mslp_seed_177.txt;83.66;t1;0;471.8;false
0.05;0.01;0.03;0.03;0.14;0.35;3;/dados/rmelo/PDPTW-SE/benchmark_multi_island_v5/official_experiments/multistartlp/official/set_01_pt_02/logs/heur_mslp/outputs/csvresults_heur_mslp_bash_5.csv;0;3;1;14;0;0.0;0.5;true;8;2;lr201_t2_06R_06V_02I_03M;/dados/rmelo/PDPTW-SE/benchmark_multi_island_v5/official_experiments/multistartlp/official/set_01_pt_02/configs/genconfig_mslp.conf;genconfig_mslp;/dados/rmelo/PDPTW-SE/benchmark_multi_island_v5/official_experiments/multistartlp/official/set_01_pt_02/logs/heur_mslp/gurobi/06R_06V_02I_03M/lr201_grb_genconfig_mslp_seed_177.log;random;06R_06V_02I_03M;1;0;1;/dados/rmelo/PDPTW-SE/benchmark_multi_island_v5/official_experiments/multistartlp/official/set_01_pt_02/../../../../instances/orig_ams_fg/06R_06V_02I_04M/t2/lr201/;60000;102;0;1192.38;13;7;H;50;95;0;100.0;30.0;true;0.95;100.0;1.0;1.0;1.0;1.0;60;M;60000;60000;false;52;0.64;77.67;0.87;26;10;1000000;-1;3600;26.42;0.42;0.67;mslp;heur;0.2;0.47;-1;3600;60000;I;6;0.67;0.33;lr201;0;/dados/rmelo/PDPTW-SE/benchmark_multi_island_v5/official_experiments/multistartlp/official/set_01_pt_02/logs;0;0;0;0.0;100.0;1;177;/dados/rmelo/PDPTW-SE/benchmark_multi_island_v5/official_experiments/multistartlp/official/set_01_pt_02/logs/heur_mslp/solutions/06R_06V_02I_03M/lr201_sol_genconfig_mslp_seed_177.txt;Gurobi;AUTOMATIC;17.81;_bash_5;_seed_177;15851.5;1;0.48;/dados/rmelo/PDPTW-SE/benchmark_multi_island_v5/official_experiments/multistartlp/official/set_01_pt_02/logs/heur_mslp/timelines/06R_06V_02I_03M/lr201_timeline_genconfig_mslp_seed_177.txt;84.44;t2;0;841.88;false
0.05;0.01;0.03;0.03;0.14;0.35;3;/dados/rmelo/PDPTW-SE/benchmark_multi_island_v5/official_experiments/multistartlp/official/set_01_pt_02/logs/heur_mslp/outputs/csvresults_heur_mslp_bash_5.csv;0;4;1;14;0;0.0;0.5;true;8;2;lr201_t2_06R_06V_02I_04M;/dados/rmelo/PDPTW-SE/benchmark_multi_island_v5/official_experiments/multistartlp/official/set_01_pt_02/configs/genconfig_mslp.conf;genconfig_mslp;/dados/rmelo/PDPTW-SE/benchmark_multi_island_v5/official_experiments/multistartlp/official/set_01_pt_02/logs/heur_mslp/gurobi/06R_06V_02I_04M/lr201_grb_genconfig_mslp_seed_177.log;random;06R_06V_02I_04M;1;0;1;/dados/rmelo/PDPTW-SE/benchmark_multi_island_v5/official_experiments/multistartlp/official/set_01_pt_02/../../../../instances/orig_ams_fg/06R_06V_02I_04M/t2/lr201/;60000;102;0;1190.63;13;7;H;50;95;0;100.0;30.0;true;0.95;100.0;1.0;1.0;1.0;1.0;60;M;60000;60000;false;52;0.64;75.93;0.87;26;10;1000000;-1;3600;26.65;0.42;0.67;mslp;heur;0.2;0.47;-1;3600;60000;I;6;0.5;0.33;lr201;0;/dados/rmelo/PDPTW-SE/benchmark_multi_island_v5/official_experiments/multistartlp/official/set_01_pt_02/logs;0;0;0;0.0;100.0;1;177;/dados/rmelo/PDPTW-SE/benchmark_multi_island_v5/official_experiments/multistartlp/official/set_01_pt_02/logs/heur_mslp/solutions/06R_06V_02I_04M/lr201_sol_genconfig_mslp_seed_177.txt;Gurobi;AUTOMATIC;17.71;_bash_5;_seed_177;15991.63;1;0.43;/dados/rmelo/PDPTW-SE/benchmark_multi_island_v5/official_experiments/multistartlp/official/set_01_pt_02/logs/heur_mslp/timelines/06R_06V_02I_04M/lr201_timeline_genconfig_mslp_seed_177.txt;85.42;t2;0;840.13;false
0.05;0.01;0.03;0.03;0.0;0.0;5;/dados/rmelo/PDPTW-SE/benchmark_multi_island_v5/official_experiments/multistartlp/official/set_01_pt_02/logs/heur_mslp/outputs/csvresults_heur_mslp_bash_5.csv;0;3;1;14;0;0.0;0.5;true;8;2;lr202_t2_06R_06V_02I_03M;/dados/rmelo/PDPTW-SE/benchmark_multi_island_v5/official_experiments/multistartlp/official/set_01_pt_02/configs/genconfig_mslp.conf;genconfig_mslp;/dados/rmelo/PDPTW-SE/benchmark_multi_island_v5/official_experiments/multistartlp/official/set_01_pt_02/logs/heur_mslp/gurobi/06R_06V_02I_03M/lr202_grb_genconfig_mslp_seed_177.log;random;06R_06V_02I_03M;1;0;1;/dados/rmelo/PDPTW-SE/benchmark_multi_island_v5/official_experiments/multistartlp/official/set_01_pt_02/../../../../instances/orig_ams_fg/06R_06V_02I_04M/t2/lr202/;60000;345;0;1339.05;13;7;H;50;95;0;100.0;30.0;true;0.95;100.0;1.0;1.0;1.0;1.0;60;M;60000;60000;false;38;0.38;87.35;0.92;19;10;1000000;-1;3600;42.98;0.3;0.77;mslp;heur;0.23;0.62;-1;3600;60000;I;6;0.67;0.33;lr202;0;/dados/rmelo/PDPTW-SE/benchmark_multi_island_v5/official_experiments/multistartlp/official/set_01_pt_02/logs;0;0;0;0.0;100.0;1;177;/dados/rmelo/PDPTW-SE/benchmark_multi_island_v5/official_experiments/multistartlp/official/set_01_pt_02/logs/heur_mslp/solutions/06R_06V_02I_03M/lr202_sol_genconfig_mslp_seed_177.txt;Gurobi;AUTOMATIC;17.88;_bash_5;_seed_177;25786.0;1;0.88;/dados/rmelo/PDPTW-SE/benchmark_multi_island_v5/official_experiments/multistartlp/official/set_01_pt_02/logs/heur_mslp/timelines/06R_06V_02I_03M/lr202_timeline_genconfig_mslp_seed_177.txt;95.42;t2;0;606.04;false
0.05;0.01;0.03;0.03;0.0;0.0;5;/dados/rmelo/PDPTW-SE/benchmark_multi_island_v5/official_experiments/multistartlp/official/set_01_pt_02/logs/heur_mslp/outputs/csvresults_heur_mslp_bash_5.csv;0;4;1;14;0;0.0;0.5;true;8;2;lr202_t2_06R_06V_02I_04M;/dados/rmelo/PDPTW-SE/benchmark_multi_island_v5/official_experiments/multistartlp/official/set_01_pt_02/configs/genconfig_mslp.conf;genconfig_mslp;/dados/rmelo/PDPTW-SE/benchmark_multi_island_v5/official_experiments/multistartlp/official/set_01_pt_02/logs/heur_mslp/gurobi/06R_06V_02I_04M/lr202_grb_genconfig_mslp_seed_177.log;random;06R_06V_02I_04M;1;0;1;/dados/rmelo/PDPTW-SE/benchmark_multi_island_v5/official_experiments/multistartlp/official/set_01_pt_02/../../../../instances/orig_ams_fg/06R_06V_02I_04M/t2/lr202/;60000;345;0;1339.05;13;7;H;50;95;0;100.0;30.0;true;0.95;100.0;1.0;1.0;1.0;1.0;60;M;60000;60000;false;38;0.38;87.35;0.92;19;10;1000000;-1;3600;42.98;0.3;0.77;mslp;heur;0.23;0.62;-1;3600;60000;I;6;0.5;0.33;lr202;0;/dados/rmelo/PDPTW-SE/benchmark_multi_island_v5/official_experiments/multistartlp/official/set_01_pt_02/logs;0;0;0;0.0;100.0;1;177;/dados/rmelo/PDPTW-SE/benchmark_multi_island_v5/official_experiments/multistartlp/official/set_01_pt_02/logs/heur_mslp/solutions/06R_06V_02I_04M/lr202_sol_genconfig_mslp_seed_177.txt;Gurobi;AUTOMATIC;18.07;_bash_5;_seed_177;25786.0;1;0.92;/dados/rmelo/PDPTW-SE/benchmark_multi_island_v5/official_experiments/multistartlp/official/set_01_pt_02/logs/heur_mslp/timelines/06R_06V_02I_04M/lr202_timeline_genconfig_mslp_seed_177.txt;97.26;t2;0;606.04;false
0.05;0.01;0.03;0.04;0.02;0.01;4;/dados/rmelo/PDPTW-SE/benchmark_multi_island_v5/official_experiments/multistartlp/official/set_01_pt_02/logs/heur_mslp/outputs/csvresults_heur_mslp_bash_5.csv;0;3;1;14;0;0.0;0.5;true;8;2;lr203_t2_06R_06V_02I_03M;/dados/rmelo/PDPTW-SE/benchmark_multi_island_v5/official_experiments/multistartlp/official/set_01_pt_02/configs/genconfig_mslp.conf;genconfig_mslp;/dados/rmelo/PDPTW-SE/benchmark_multi_island_v5/official_experiments/multistartlp/official/set_01_pt_02/logs/heur_mslp/gurobi/06R_06V_02I_03M/lr203_grb_genconfig_mslp_seed_177.log;random;06R_06V_02I_03M;1;0;1;/dados/rmelo/PDPTW-SE/benchmark_multi_island_v5/official_experiments/multistartlp/official/set_01_pt_02/../../../../instances/orig_ams_fg/06R_06V_02I_04M/t2/lr203/;60000;39;0;868.06;13;7;H;50;95;0;100.0;30.0;true;0.95;100.0;1.0;1.0;1.0;1.0;60;M;60000;60000;false;32;0.68;85.56;0.88;16;10;1000000;-1;3600;33.06;0.68;0.88;mslp;heur;0.68;0.88;-1;3600;60000;I;6;1.0;0.17;lr203;0;/dados/rmelo/PDPTW-SE/benchmark_multi_island_v5/official_experiments/multistartlp/official/set_01_pt_02/logs;0;0;0;0.0;100.0;1;177;/dados/rmelo/PDPTW-SE/benchmark_multi_island_v5/official_experiments/multistartlp/official/set_01_pt_02/logs/heur_mslp/solutions/06R_06V_02I_03M/lr203_sol_genconfig_mslp_seed_177.txt;Gurobi;AUTOMATIC;17.95;_bash_5;_seed_177;19833.26;1;0.36;/dados/rmelo/PDPTW-SE/benchmark_multi_island_v5/official_experiments/multistartlp/official/set_01_pt_02/logs/heur_mslp/timelines/06R_06V_02I_03M/lr203_timeline_genconfig_mslp_seed_177.txt;97.63;t2;0;676.69;false
0.05;0.01;0.03;0.04;0.02;0.01;4;/dados/rmelo/PDPTW-SE/benchmark_multi_island_v5/official_experiments/multistartlp/official/set_01_pt_02/logs/heur_mslp/outputs/csvresults_heur_mslp_bash_5.csv;0;4;1;14;0;0.0;0.5;true;8;2;lr203_t2_06R_06V_02I_04M;/dados/rmelo/PDPTW-SE/benchmark_multi_island_v5/official_experiments/multistartlp/official/set_01_pt_02/configs/genconfig_mslp.conf;genconfig_mslp;/dados/rmelo/PDPTW-SE/benchmark_multi_island_v5/official_experiments/multistartlp/official/set_01_pt_02/logs/heur_mslp/gurobi/06R_06V_02I_04M/lr203_grb_genconfig_mslp_seed_177.log;random;06R_06V_02I_04M;1;0;1;/dados/rmelo/PDPTW-SE/benchmark_multi_island_v5/official_experiments/multistartlp/official/set_01_pt_02/../../../../instances/orig_ams_fg/06R_06V_02I_04M/t2/lr203/;60000;39;0;868.06;13;7;H;50;95;0;100.0;30.0;true;0.95;100.0;1.0;1.0;1.0;1.0;60;M;60000;60000;false;32;0.68;85.56;0.88;16;10;1000000;-1;3600;33.08;0.68;0.88;mslp;heur;0.68;0.88;-1;3600;60000;I;6;0.75;0.17;lr203;0;/dados/rmelo/PDPTW-SE/benchmark_multi_island_v5/official_experiments/multistartlp/official/set_01_pt_02/logs;0;0;0;0.0;100.0;1;177;/dados/rmelo/PDPTW-SE/benchmark_multi_island_v5/official_experiments/multistartlp/official/set_01_pt_02/logs/heur_mslp/solutions/06R_06V_02I_04M/lr203_sol_genconfig_mslp_seed_177.txt;Gurobi;AUTOMATIC;17.97;_bash_5;_seed_177;19851.0;1;0.39;/dados/rmelo/PDPTW-SE/benchmark_multi_island_v5/official_experiments/multistartlp/official/set_01_pt_02/logs/heur_mslp/timelines/06R_06V_02I_04M/lr203_timeline_genconfig_mslp_seed_177.txt;98.75;t2;0;676.69;false
0.05;0.0;0.01;0.02;0.0;0.0;10;/dados/rmelo/PDPTW-SE/benchmark_multi_island_v5/official_experiments/multistartlp/official/set_01_pt_02/logs/heur_mslp/outputs/csvresults_heur_mslp_bash_5.csv;0;3;1;14;0;0.0;0.5;true;8;2;lr204_t2_06R_06V_02I_03M;/dados/rmelo/PDPTW-SE/benchmark_multi_island_v5/official_experiments/multistartlp/official/set_01_pt_02/configs/genconfig_mslp.conf;genconfig_mslp;/dados/rmelo/PDPTW-SE/benchmark_multi_island_v5/official_experiments/multistartlp/official/set_01_pt_02/logs/heur_mslp/gurobi/06R_06V_02I_03M/lr204_grb_genconfig_mslp_seed_177.log;random;06R_06V_02I_03M;1;0;1;/dados/rmelo/PDPTW-SE/benchmark_multi_island_v5/official_experiments/multistartlp/official/set_01_pt_02/../../../../instances/orig_ams_fg/06R_06V_02I_04M/t2/lr204/;60000;16454;0;873.05;13;7;H;50;95;0;100.0;30.0;true;0.95;100.0;1.0;1.0;1.0;1.0;60;M;59778;60000;false;38;0.56;82.54;0.87;19;10;1000000;-1;3600;23.64;0.56;0.87;mslp;heur;0.56;0.87;-1;3600;60000;I;6;1.0;0.17;lr204;0;/dados/rmelo/PDPTW-SE/benchmark_multi_island_v5/official_experiments/multistartlp/official/set_01_pt_02/logs;0;0;0;0.0;99.63;1;177;/dados/rmelo/PDPTW-SE/benchmark_multi_island_v5/official_experiments/multistartlp/official/set_01_pt_02/logs/heur_mslp/solutions/06R_06V_02I_03M/lr204_sol_genconfig_mslp_seed_177.txt;Gurobi;AUTOMATIC;17.98;_bash_5;_seed_177;14186.26;1;30.42;/dados/rmelo/PDPTW-SE/benchmark_multi_island_v5/official_experiments/multistartlp/official/set_01_pt_02/logs/heur_mslp/timelines/06R_06V_02I_03M/lr204_timeline_genconfig_mslp_seed_177.txt;109.79;t2;0;559.82;false
0.05;0.0;0.01;0.02;0.0;0.0;4;/dados/rmelo/PDPTW-SE/benchmark_multi_island_v5/official_experiments/multistartlp/official/set_01_pt_02/logs/heur_mslp/outputs/csvresults_heur_mslp_bash_5.csv;0;4;1;14;0;0.0;0.5;true;8;2;lr204_t2_06R_06V_02I_04M;/dados/rmelo/PDPTW-SE/benchmark_multi_island_v5/official_experiments/multistartlp/official/set_01_pt_02/configs/genconfig_mslp.conf;genconfig_mslp;/dados/rmelo/PDPTW-SE/benchmark_multi_island_v5/official_experiments/multistartlp/official/set_01_pt_02/logs/heur_mslp/gurobi/06R_06V_02I_04M/lr204_grb_genconfig_mslp_seed_177.log;random;06R_06V_02I_04M;1;0;1;/dados/rmelo/PDPTW-SE/benchmark_multi_island_v5/official_experiments/multistartlp/official/set_01_pt_02/../../../../instances/orig_ams_fg/06R_06V_02I_04M/t2/lr204/;60000;138;0;869.12;13;7;H;50;95;0;100.0;30.0;true;0.95;100.0;1.0;1.0;1.0;1.0;60;M;59855;60000;false;38;0.55;80.27;0.94;19;10;1000000;-1;3600;21.49;0.55;0.94;mslp;heur;0.55;0.94;-1;3600;60000;I;6;0.75;0.17;lr204;0;/dados/rmelo/PDPTW-SE/benchmark_multi_island_v5/official_experiments/multistartlp/official/set_01_pt_02/logs;0;0;0;0.0;99.76;1;177;/dados/rmelo/PDPTW-SE/benchmark_multi_island_v5/official_experiments/multistartlp/official/set_01_pt_02/logs/heur_mslp/solutions/06R_06V_02I_04M/lr204_sol_genconfig_mslp_seed_177.txt;Gurobi;AUTOMATIC;18.09;_bash_5;_seed_177;12893.4;1;0.59;/dados/rmelo/PDPTW-SE/benchmark_multi_island_v5/official_experiments/multistartlp/official/set_01_pt_02/logs/heur_mslp/timelines/06R_06V_02I_04M/lr204_timeline_genconfig_mslp_seed_177.txt;112.31;t2;0;553.06;false
0.05;0.0;0.02;0.02;0.0;0.01;3;/dados/rmelo/PDPTW-SE/benchmark_multi_island_v5/official_experiments/multistartlp/official/set_01_pt_02/logs/heur_mslp/outputs/csvresults_heur_mslp_bash_5.csv;0;3;1;14;0;0.0;0.5;true;8;2;lr205_t2_06R_06V_02I_03M;/dados/rmelo/PDPTW-SE/benchmark_multi_island_v5/official_experiments/multistartlp/official/set_01_pt_02/configs/genconfig_mslp.conf;genconfig_mslp;/dados/rmelo/PDPTW-SE/benchmark_multi_island_v5/official_experiments/multistartlp/official/set_01_pt_02/logs/heur_mslp/gurobi/06R_06V_02I_03M/lr205_grb_genconfig_mslp_seed_177.log;random;06R_06V_02I_03M;1;0;1;/dados/rmelo/PDPTW-SE/benchmark_multi_island_v5/official_experiments/multistartlp/official/set_01_pt_02/../../../../instances/orig_ams_fg/06R_06V_02I_04M/t2/lr205/;60000;4;0;822.71;13;7;H;50;95;0;100.0;30.0;true;0.95;100.0;1.0;1.0;1.0;1.0;60;M;60000;60000;false;52;0.55;104.24;0.88;26;10;1000000;-1;3600;30.76;0.55;0.88;mslp;heur;0.55;0.88;-1;3600;60000;I;6;0.33;0.17;lr205;0;/dados/rmelo/PDPTW-SE/benchmark_multi_island_v5/official_experiments/multistartlp/official/set_01_pt_02/logs;0;0;0;0.0;100.0;1;177;/dados/rmelo/PDPTW-SE/benchmark_multi_island_v5/official_experiments/multistartlp/official/set_01_pt_02/logs/heur_mslp/solutions/06R_06V_02I_03M/lr205_sol_genconfig_mslp_seed_177.txt;Gurobi;AUTOMATIC;18.13;_bash_5;_seed_177;18456.92;1;0.33;/dados/rmelo/PDPTW-SE/benchmark_multi_island_v5/official_experiments/multistartlp/official/set_01_pt_02/logs/heur_mslp/timelines/06R_06V_02I_03M/lr205_timeline_genconfig_mslp_seed_177.txt;90.56;t2;0;551.63;false
0.05;0.0;0.02;0.02;0.0;0.01;3;/dados/rmelo/PDPTW-SE/benchmark_multi_island_v5/official_experiments/multistartlp/official/set_01_pt_02/logs/heur_mslp/outputs/csvresults_heur_mslp_bash_5.csv;0;4;1;14;0;0.0;0.5;true;8;2;lr205_t2_06R_06V_02I_04M;/dados/rmelo/PDPTW-SE/benchmark_multi_island_v5/official_experiments/multistartlp/official/set_01_pt_02/configs/genconfig_mslp.conf;genconfig_mslp;/dados/rmelo/PDPTW-SE/benchmark_multi_island_v5/official_experiments/multistartlp/official/set_01_pt_02/logs/heur_mslp/gurobi/06R_06V_02I_04M/lr205_grb_genconfig_mslp_seed_177.log;random;06R_06V_02I_04M;1;0;1;/dados/rmelo/PDPTW-SE/benchmark_multi_island_v5/official_experiments/multistartlp/official/set_01_pt_02/../../../../instances/orig_ams_fg/06R_06V_02I_04M/t2/lr205/;60000;4;0;1169.51;13;7;H;50;95;0;100.0;30.0;true;0.95;100.0;1.0;1.0;1.0;1.0;60;M;60000;60000;false;52;0.55;101.68;0.88;26;10;1000000;-1;3600;30.72;0.55;0.88;mslp;heur;0.55;0.88;-1;3600;60000;I;6;0.25;0.17;lr205;0;/dados/rmelo/PDPTW-SE/benchmark_multi_island_v5/official_experiments/multistartlp/official/set_01_pt_02/logs;0;0;0;0.0;100.0;1;177;/dados/rmelo/PDPTW-SE/benchmark_multi_island_v5/official_experiments/multistartlp/official/set_01_pt_02/logs/heur_mslp/solutions/06R_06V_02I_04M/lr205_sol_genconfig_mslp_seed_177.txt;Gurobi;AUTOMATIC;18.0;_bash_5;_seed_177;18431.03;1;0.32;/dados/rmelo/PDPTW-SE/benchmark_multi_island_v5/official_experiments/multistartlp/official/set_01_pt_02/logs/heur_mslp/timelines/06R_06V_02I_04M/lr205_timeline_genconfig_mslp_seed_177.txt;92.15;t2;0;549.2;false
0.05;0.19;0.27;0.46;0.0;0.12;4;/dados/rmelo/PDPTW-SE/benchmark_multi_island_v5/official_experiments/multistartlp/official/set_01_pt_02/logs/heur_mslp/outputs/csvresults_heur_mslp_bash_5.csv;0;3;1;14;0;0.0;0.5;true;8;2;lr101_t1_06R_06V_04I_03M;/dados/rmelo/PDPTW-SE/benchmark_multi_island_v5/official_experiments/multistartlp/official/set_01_pt_02/configs/genconfig_mslp.conf;genconfig_mslp;/dados/rmelo/PDPTW-SE/benchmark_multi_island_v5/official_experiments/multistartlp/official/set_01_pt_02/logs/heur_mslp/gurobi/06R_06V_04I_03M/lr101_grb_genconfig_mslp_seed_177.log;random;06R_06V_04I_03M;1;55547;1;/dados/rmelo/PDPTW-SE/benchmark_multi_island_v5/official_experiments/multistartlp/official/set_01_pt_02/../../../../instances/orig_ams_fg/06R_06V_04I_04M/t1/lr101/;60000;284;0;949.01;13;7;H;50;95;0;100.0;30.0;true;0.95;100.0;1.0;1.0;1.0;1.0;60;M;4453;4453;false;52;0.85;85.65;0.76;26;10;1000000;-1;3600;14.71;0.57;0.34;mslp;heur;0.29;0.13;-1;3600;60000;I;6;1.0;1.0;lr101;0;/dados/rmelo/PDPTW-SE/benchmark_multi_island_v5/official_experiments/multistartlp/official/set_01_pt_02/logs;0;0;0;92.58;100.0;1;177;/dados/rmelo/PDPTW-SE/benchmark_multi_island_v5/official_experiments/multistartlp/official/set_01_pt_02/logs/heur_mslp/solutions/06R_06V_04I_03M/lr101_sol_genconfig_mslp_seed_177.txt;Gurobi;AUTOMATIC;18.03;_bash_5;_seed_177;654.89;1;0.34;/dados/rmelo/PDPTW-SE/benchmark_multi_island_v5/official_experiments/multistartlp/official/set_01_pt_02/logs/heur_mslp/timelines/06R_06V_04I_03M/lr101_timeline_genconfig_mslp_seed_177.txt;12.25;t1;0;784.7;false
0.05;0.07;0.2;0.27;0.03;0.13;5;/dados/rmelo/PDPTW-SE/benchmark_multi_island_v5/official_experiments/multistartlp/official/set_01_pt_02/logs/heur_mslp/outputs/csvresults_heur_mslp_bash_5.csv;0;4;1;14;0;0.0;0.5;true;8;2;lr101_t1_06R_06V_04I_04M;/dados/rmelo/PDPTW-SE/benchmark_multi_island_v5/official_experiments/multistartlp/official/set_01_pt_02/configs/genconfig_mslp.conf;genconfig_mslp;/dados/rmelo/PDPTW-SE/benchmark_multi_island_v5/official_experiments/multistartlp/official/set_01_pt_02/logs/heur_mslp/gurobi/06R_06V_04I_04M/lr101_grb_genconfig_mslp_seed_177.log;random;06R_06V_04I_04M;1;32093;1;/dados/rmelo/PDPTW-SE/benchmark_multi_island_v5/official_experiments/multistartlp/official/set_01_pt_02/../../../../instances/orig_ams_fg/06R_06V_04I_04M/t1/lr101/;60000;23;0;946.92;13;7;H;50;95;0;100.0;30.0;true;0.95;100.0;1.0;1.0;1.0;1.0;60;M;27907;27907;false;52;0.81;85.65;0.76;26;10;1000000;-1;3600;16.53;0.55;0.34;mslp;heur;0.29;0.13;-1;3600;60000;I;6;1.0;1.0;lr101;0;/dados/rmelo/PDPTW-SE/benchmark_multi_island_v5/official_experiments/multistartlp/official/set_01_pt_02/logs;0;0;0;53.49;100.0;1;177;/dados/rmelo/PDPTW-SE/benchmark_multi_island_v5/official_experiments/multistartlp/official/set_01_pt_02/logs/heur_mslp/solutions/06R_06V_04I_04M/lr101_sol_genconfig_mslp_seed_177.txt;Gurobi;AUTOMATIC;17.96;_bash_5;_seed_177;4612.64;1;0.33;/dados/rmelo/PDPTW-SE/benchmark_multi_island_v5/official_experiments/multistartlp/official/set_01_pt_02/logs/heur_mslp/timelines/06R_06V_04I_04M/lr101_timeline_genconfig_mslp_seed_177.txt;47.15;t1;0;757.4;false
0.05;0.07;0.34;0.41;0.01;0.04;3;/dados/rmelo/PDPTW-SE/benchmark_multi_island_v5/official_experiments/multistartlp/official/set_01_pt_02/logs/heur_mslp/outputs/csvresults_heur_mslp_bash_5.csv;0;3;1;14;0;0.0;0.5;true;8;2;lr102_t1_06R_06V_04I_03M;/dados/rmelo/PDPTW-SE/benchmark_multi_island_v5/official_experiments/multistartlp/official/set_01_pt_02/configs/genconfig_mslp.conf;genconfig_mslp;/dados/rmelo/PDPTW-SE/benchmark_multi_island_v5/official_experiments/multistartlp/official/set_01_pt_02/logs/heur_mslp/gurobi/06R_06V_04I_03M/lr102_grb_genconfig_mslp_seed_177.log;random;06R_06V_04I_03M;1;40952;1;/dados/rmelo/PDPTW-SE/benchmark_multi_island_v5/official_experiments/multistartlp/official/set_01_pt_02/../../../../instances/orig_ams_fg/06R_06V_04I_04M/t1/lr102/;60000;175;0;807.95;13;7;H;50;95;0;100.0;30.0;true;0.95;100.0;1.0;1.0;1.0;1.0;60;M;19048;19048;false;58;0.94;70.66;0.95;29;10;1000000;-1;3600;11.37;0.89;0.62;mslp;heur;0.85;0.42;-1;3600;60000;I;6;1.0;0.5;lr102;0;/dados/rmelo/PDPTW-SE/benchmark_multi_island_v5/official_experiments/multistartlp/official/set_01_pt_02/logs;0;0;0;68.25;100.0;1;177;/dados/rmelo/PDPTW-SE/benchmark_multi_island_v5/official_experiments/multistartlp/official/set_01_pt_02/logs/heur_mslp/solutions/06R_06V_04I_03M/lr102_sol_genconfig_mslp_seed_177.txt;Gurobi;AUTOMATIC;17.97;_bash_5;_seed_177;2166.13;1;0.43;/dados/rmelo/PDPTW-SE/benchmark_multi_island_v5/official_experiments/multistartlp/official/set_01_pt_02/logs/heur_mslp/timelines/06R_06V_04I_03M/lr102_timeline_genconfig_mslp_seed_177.txt;38.35;t1;0;619.93;false
0.05;0.0;0.33;0.33;0.01;0.04;1;/dados/rmelo/PDPTW-SE/benchmark_multi_island_v5/official_experiments/multistartlp/official/set_01_pt_02/logs/heur_mslp/outputs/csvresults_heur_mslp_bash_5.csv;0;4;1;14;0;0.0;0.5;true;8;2;lr102_t1_06R_06V_04I_04M;/dados/rmelo/PDPTW-SE/benchmark_multi_island_v5/official_experiments/multistartlp/official/set_01_pt_02/configs/genconfig_mslp.conf;genconfig_mslp;/dados/rmelo/PDPTW-SE/benchmark_multi_island_v5/official_experiments/multistartlp/official/set_01_pt_02/logs/heur_mslp/gurobi/06R_06V_04I_04M/lr102_grb_genconfig_mslp_seed_177.log;random;06R_06V_04I_04M;1;823;1;/dados/rmelo/PDPTW-SE/benchmark_multi_island_v5/official_experiments/multistartlp/official/set_01_pt_02/../../../../instances/orig_ams_fg/06R_06V_04I_04M/t1/lr102/;60000;1;0;806.1;13;7;H;50;95;0;100.0;30.0;true;0.95;100.0;1.0;1.0;1.0;1.0;60;M;59177;59177;false;58;0.98;70.66;0.95;29;10;1000000;-1;3600;13.43;0.88;0.53;mslp;heur;0.81;0.1;-1;3600;60000;I;6;0.75;0.5;lr102;0;/dados/rmelo/PDPTW-SE/benchmark_multi_island_v5/official_experiments/multistartlp/official/set_01_pt_02/logs;0;0;0;1.37;100.0;1;177;/dados/rmelo/PDPTW-SE/benchmark_multi_island_v5/official_experiments/multistartlp/official/set_01_pt_02/logs/heur_mslp/solutions/06R_06V_04I_04M/lr102_sol_genconfig_mslp_seed_177.txt;Gurobi;AUTOMATIC;18.03;_bash_5;_seed_177;7948.16;1;0.0;/dados/rmelo/PDPTW-SE/benchmark_multi_island_v5/official_experiments/multistartlp/official/set_01_pt_02/logs/heur_mslp/timelines/06R_06V_04I_04M/lr102_timeline_genconfig_mslp_seed_177.txt;102.9;t1;0;613.22;false
0.05;0.0;0.24;0.24;0.0;0.0;1;/dados/rmelo/PDPTW-SE/benchmark_multi_island_v5/official_experiments/multistartlp/official/set_01_pt_02/logs/heur_mslp/outputs/csvresults_heur_mslp_bash_5.csv;0;3;1;14;0;0.0;0.5;true;8;2;lr103_t1_06R_06V_04I_03M;/dados/rmelo/PDPTW-SE/benchmark_multi_island_v5/official_experiments/multistartlp/official/set_01_pt_02/configs/genconfig_mslp.conf;genconfig_mslp;/dados/rmelo/PDPTW-SE/benchmark_multi_island_v5/official_experiments/multistartlp/official/set_01_pt_02/logs/heur_mslp/gurobi/06R_06V_04I_03M/lr103_grb_genconfig_mslp_seed_177.log;random;06R_06V_04I_03M;1;0;1;/dados/rmelo/PDPTW-SE/benchmark_multi_island_v5/official_experiments/multistartlp/official/set_01_pt_02/../../../../instances/orig_ams_fg/06R_06V_04I_04M/t1/lr103/;60000;1;0;579.9;13;7;H;50;95;0;100.0;30.0;true;0.95;100.0;1.0;1.0;1.0;1.0;60;M;60000;60000;false;38;0.86;71.73;0.73;19;10;1000000;-1;3600;19.22;0.65;0.5;mslp;heur;0.43;0.18;-1;3600;60000;I;6;0.67;0.5;lr103;0;/dados/rmelo/PDPTW-SE/benchmark_multi_island_v5/official_experiments/multistartlp/official/set_01_pt_02/logs;0;0;0;0.0;100.0;1;177;/dados/rmelo/PDPTW-SE/benchmark_multi_island_v5/official_experiments/multistartlp/official/set_01_pt_02/logs/heur_mslp/solutions/06R_06V_04I_03M/lr103_sol_genconfig_mslp_seed_177.txt;Gurobi;AUTOMATIC;18.18;_bash_5;_seed_177;11534.2;1;0.0;/dados/rmelo/PDPTW-SE/benchmark_multi_island_v5/official_experiments/multistartlp/official/set_01_pt_02/logs/heur_mslp/timelines/06R_06V_04I_03M/lr103_timeline_genconfig_mslp_seed_177.txt;97.28;t1;0;448.87;false
0.05;0.02;0.16;0.18;0.0;0.0;1;/dados/rmelo/PDPTW-SE/benchmark_multi_island_v5/official_experiments/multistartlp/official/set_01_pt_02/logs/heur_mslp/outputs/csvresults_heur_mslp_bash_5.csv;0;4;1;14;0;0.0;0.5;true;8;2;lr103_t1_06R_06V_04I_04M;/dados/rmelo/PDPTW-SE/benchmark_multi_island_v5/official_experiments/multistartlp/official/set_01_pt_02/configs/genconfig_mslp.conf;genconfig_mslp;/dados/rmelo/PDPTW-SE/benchmark_multi_island_v5/official_experiments/multistartlp/official/set_01_pt_02/logs/heur_mslp/gurobi/06R_06V_04I_04M/lr103_grb_genconfig_mslp_seed_177.log;random;06R_06V_04I_04M;1;0;1;/dados/rmelo/PDPTW-SE/benchmark_multi_island_v5/official_experiments/multistartlp/official/set_01_pt_02/../../../../instances/orig_ams_fg/06R_06V_04I_04M/t1/lr103/;60000;1;0;577.9;13;7;H;50;95;0;100.0;30.0;true;0.95;100.0;1.0;1.0;1.0;1.0;60;M;60000;60000;false;38;0.86;71.73;0.73;19;10;1000000;-1;3600;19.3;0.65;0.5;mslp;heur;0.42;0.18;-1;3600;60000;I;6;0.75;0.5;lr103;0;/dados/rmelo/PDPTW-SE/benchmark_multi_island_v5/official_experiments/multistartlp/official/set_01_pt_02/logs;0;0;0;0.0;100.0;1;177;/dados/rmelo/PDPTW-SE/benchmark_multi_island_v5/official_experiments/multistartlp/official/set_01_pt_02/logs/heur_mslp/solutions/06R_06V_04I_04M/lr103_sol_genconfig_mslp_seed_177.txt;Gurobi;AUTOMATIC;17.84;_bash_5;_seed_177;11580.36;1;0.0;/dados/rmelo/PDPTW-SE/benchmark_multi_island_v5/official_experiments/multistartlp/official/set_01_pt_02/logs/heur_mslp/timelines/06R_06V_04I_04M/lr103_timeline_genconfig_mslp_seed_177.txt;100.15;t1;0;446.87;false
0.05;0.07;0.19;0.26;0.0;0.01;4;/dados/rmelo/PDPTW-SE/benchmark_multi_island_v5/official_experiments/multistartlp/official/set_01_pt_02/logs/heur_mslp/outputs/csvresults_heur_mslp_bash_5.csv;0;3;1;14;0;0.0;0.5;true;8;2;lr104_t1_06R_06V_04I_03M;/dados/rmelo/PDPTW-SE/benchmark_multi_island_v5/official_experiments/multistartlp/official/set_01_pt_02/configs/genconfig_mslp.conf;genconfig_mslp;/dados/rmelo/PDPTW-SE/benchmark_multi_island_v5/official_experiments/multistartlp/official/set_01_pt_02/logs/heur_mslp/gurobi/06R_06V_04I_03M/lr104_grb_genconfig_mslp_seed_177.log;random;06R_06V_04I_03M;1;0;1;/dados/rmelo/PDPTW-SE/benchmark_multi_island_v5/official_experiments/multistartlp/official/set_01_pt_02/../../../../instances/orig_ams_fg/06R_06V_04I_04M/t1/lr104/;60000;13;0;581.69;13;7;H;50;95;0;100.0;30.0;true;0.95;100.0;1.0;1.0;1.0;1.0;60;M;60000;60000;false;40;0.86;68.79;0.77;20;10;1000000;-1;3600;11.21;0.68;0.6;mslp;heur;0.46;0.3;-1;3600;60000;I;6;1.0;0.5;lr104;0;/dados/rmelo/PDPTW-SE/benchmark_multi_island_v5/official_experiments/multistartlp/official/set_01_pt_02/logs;0;0;0;0.0;100.0;1;177;/dados/rmelo/PDPTW-SE/benchmark_multi_island_v5/official_experiments/multistartlp/official/set_01_pt_02/logs/heur_mslp/solutions/06R_06V_04I_03M/lr104_sol_genconfig_mslp_seed_177.txt;Gurobi;AUTOMATIC;17.89;_bash_5;_seed_177;6726.43;1;0.31;/dados/rmelo/PDPTW-SE/benchmark_multi_island_v5/official_experiments/multistartlp/official/set_01_pt_02/logs/heur_mslp/timelines/06R_06V_04I_03M/lr104_timeline_genconfig_mslp_seed_177.txt;97.29;t1;0;469.54;false
0.05;0.04;0.14;0.18;0.0;0.01;4;/dados/rmelo/PDPTW-SE/benchmark_multi_island_v5/official_experiments/multistartlp/official/set_01_pt_02/logs/heur_mslp/outputs/csvresults_heur_mslp_bash_5.csv;0;4;1;14;0;0.0;0.5;true;8;2;lr104_t1_06R_06V_04I_04M;/dados/rmelo/PDPTW-SE/benchmark_multi_island_v5/official_experiments/multistartlp/official/set_01_pt_02/configs/genconfig_mslp.conf;genconfig_mslp;/dados/rmelo/PDPTW-SE/benchmark_multi_island_v5/official_experiments/multistartlp/official/set_01_pt_02/logs/heur_mslp/gurobi/06R_06V_04I_04M/lr104_grb_genconfig_mslp_seed_177.log;random;06R_06V_04I_04M;1;0;1;/dados/rmelo/PDPTW-SE/benchmark_multi_island_v5/official_experiments/multistartlp/official/set_01_pt_02/../../../../instances/orig_ams_fg/06R_06V_04I_04M/t1/lr104/;60000;13;0;580.47;13;7;H;50;95;0;100.0;30.0;true;0.95;100.0;1.0;1.0;1.0;1.0;60;M;60000;60000;false;40;0.85;68.79;0.77;20;10;1000000;-1;3600;11.9;0.67;0.6;mslp;heur;0.46;0.3;-1;3600;60000;I;6;1.0;0.5;lr104;0;/dados/rmelo/PDPTW-SE/benchmark_multi_island_v5/official_experiments/multistartlp/official/set_01_pt_02/logs;0;0;0;0.0;100.0;1;177;/dados/rmelo/PDPTW-SE/benchmark_multi_island_v5/official_experiments/multistartlp/official/set_01_pt_02/logs/heur_mslp/solutions/06R_06V_04I_04M/lr104_sol_genconfig_mslp_seed_177.txt;Gurobi;AUTOMATIC;18.02;_bash_5;_seed_177;7140.2;1;0.31;/dados/rmelo/PDPTW-SE/benchmark_multi_island_v5/official_experiments/multistartlp/official/set_01_pt_02/logs/heur_mslp/timelines/06R_06V_04I_04M/lr104_timeline_genconfig_mslp_seed_177.txt;99.29;t1;0;465.1;false
0.05;0.13;0.25;0.38;0.0;0.02;5;/dados/rmelo/PDPTW-SE/benchmark_multi_island_v5/official_experiments/multistartlp/official/set_01_pt_02/logs/heur_mslp/outputs/csvresults_heur_mslp_bash_5.csv;0;3;1;14;0;0.0;0.5;true;8;2;lr105_t1_06R_06V_04I_03M;/dados/rmelo/PDPTW-SE/benchmark_multi_island_v5/official_experiments/multistartlp/official/set_01_pt_02/configs/genconfig_mslp.conf;genconfig_mslp;/dados/rmelo/PDPTW-SE/benchmark_multi_island_v5/official_experiments/multistartlp/official/set_01_pt_02/logs/heur_mslp/gurobi/06R_06V_04I_03M/lr105_grb_genconfig_mslp_seed_177.log;random;06R_06V_04I_03M;1;43012;1;/dados/rmelo/PDPTW-SE/benchmark_multi_island_v5/official_experiments/multistartlp/official/set_01_pt_02/../../../../instances/orig_ams_fg/06R_06V_04I_04M/t1/lr105/;60000;95;0;663.89;13;7;H;50;95;0;100.0;30.0;true;0.95;100.0;1.0;1.0;1.0;1.0;60;M;16988;16988;false;52;0.71;85.31;0.88;26;10;1000000;-1;3600;15.87;0.57;0.48;mslp;heur;0.36;0.21;-1;3600;60000;I;6;1.0;0.67;lr105;0;/dados/rmelo/PDPTW-SE/benchmark_multi_island_v5/official_experiments/multistartlp/official/set_01_pt_02/logs;0;0;0;71.69;100.0;1;177;/dados/rmelo/PDPTW-SE/benchmark_multi_island_v5/official_experiments/multistartlp/official/set_01_pt_02/logs/heur_mslp/solutions/06R_06V_04I_03M/lr105_sol_genconfig_mslp_seed_177.txt;Gurobi;AUTOMATIC;17.83;_bash_5;_seed_177;2696.3;1;0.37;/dados/rmelo/PDPTW-SE/benchmark_multi_island_v5/official_experiments/multistartlp/official/set_01_pt_02/logs/heur_mslp/timelines/06R_06V_04I_03M/lr105_timeline_genconfig_mslp_seed_177.txt;33.0;t1;0;521.52;false
0.05;0.07;0.18;0.25;0.0;0.02;5;/dados/rmelo/PDPTW-SE/benchmark_multi_island_v5/official_experiments/multistartlp/official/set_01_pt_02/logs/heur_mslp/outputs/csvresults_heur_mslp_bash_5.csv;0;4;1;14;0;0.0;0.5;true;8;2;lr105_t1_06R_06V_04I_04M;/dados/rmelo/PDPTW-SE/benchmark_multi_island_v5/official_experiments/multistartlp/official/set_01_pt_02/configs/genconfig_mslp.conf;genconfig_mslp;/dados/rmelo/PDPTW-SE/benchmark_multi_island_v5/official_experiments/multistartlp/official/set_01_pt_02/logs/heur_mslp/gurobi/06R_06V_04I_04M/lr105_grb_genconfig_mslp_seed_177.log;random;06R_06V_04I_04M;1;0;1;/dados/rmelo/PDPTW-SE/benchmark_multi_island_v5/official_experiments/multistartlp/official/set_01_pt_02/../../../../instances/orig_ams_fg/06R_06V_04I_04M/t1/lr105/;60000;186;0;679.25;13;7;H;50;95;0;100.0;30.0;true;0.95;100.0;1.0;1.0;1.0;1.0;60;M;60000;60000;false;52;0.69;85.31;0.88;26;10;1000000;-1;3600;18.47;0.56;0.49;mslp;heur;0.37;0.16;-1;3600;60000;I;6;1.0;0.67;lr105;0;/dados/rmelo/PDPTW-SE/benchmark_multi_island_v5/official_experiments/multistartlp/official/set_01_pt_02/logs;0;0;0;0.0;100.0;1;177;/dados/rmelo/PDPTW-SE/benchmark_multi_island_v5/official_experiments/multistartlp/official/set_01_pt_02/logs/heur_mslp/solutions/06R_06V_04I_04M/lr105_sol_genconfig_mslp_seed_177.txt;Gurobi;AUTOMATIC;17.79;_bash_5;_seed_177;11081.18;1;0.63;/dados/rmelo/PDPTW-SE/benchmark_multi_island_v5/official_experiments/multistartlp/official/set_01_pt_02/logs/heur_mslp/timelines/06R_06V_04I_04M/lr105_timeline_genconfig_mslp_seed_177.txt;99.37;t1;0;513.23;false
0.05;0.01;0.06;0.07;0.11;0.34;3;/dados/rmelo/PDPTW-SE/benchmark_multi_island_v5/official_experiments/multistartlp/official/set_01_pt_02/logs/heur_mslp/outputs/csvresults_heur_mslp_bash_5.csv;0;3;1;14;0;0.0;0.5;true;8;2;lr201_t2_06R_06V_04I_03M;/dados/rmelo/PDPTW-SE/benchmark_multi_island_v5/official_experiments/multistartlp/official/set_01_pt_02/configs/genconfig_mslp.conf;genconfig_mslp;/dados/rmelo/PDPTW-SE/benchmark_multi_island_v5/official_experiments/multistartlp/official/set_01_pt_02/logs/heur_mslp/gurobi/06R_06V_04I_03M/lr201_grb_genconfig_mslp_seed_177.log;random;06R_06V_04I_03M;1;0;1;/dados/rmelo/PDPTW-SE/benchmark_multi_island_v5/official_experiments/multistartlp/official/set_01_pt_02/../../../../instances/orig_ams_fg/06R_06V_04I_04M/t2/lr201/;60000;5;0;1203.31;13;7;H;50;95;0;100.0;30.0;true;0.95;100.0;1.0;1.0;1.0;1.0;60;M;60000;60000;false;52;0.72;76.3;0.87;26;10;1000000;-1;3600;23.31;0.45;0.73;mslp;heur;0.18;0.59;-1;3600;60000;I;6;1.0;0.33;lr201;0;/dados/rmelo/PDPTW-SE/benchmark_multi_island_v5/official_experiments/multistartlp/official/set_01_pt_02/logs;0;0;0;0.0;100.0;1;177;/dados/rmelo/PDPTW-SE/benchmark_multi_island_v5/official_experiments/multistartlp/official/set_01_pt_02/logs/heur_mslp/solutions/06R_06V_04I_03M/lr201_sol_genconfig_mslp_seed_177.txt;Gurobi;AUTOMATIC;18.01;_bash_5;_seed_177;13988.23;1;0.29;/dados/rmelo/PDPTW-SE/benchmark_multi_island_v5/official_experiments/multistartlp/official/set_01_pt_02/logs/heur_mslp/timelines/06R_06V_04I_03M/lr201_timeline_genconfig_mslp_seed_177.txt;98.73;t2;0;903.79;false
0.05;0.02;0.04;0.06;0.12;0.31;4;/dados/rmelo/PDPTW-SE/benchmark_multi_island_v5/official_experiments/multistartlp/official/set_01_pt_02/logs/heur_mslp/outputs/csvresults_heur_mslp_bash_5.csv;0;4;1;14;0;0.0;0.5;true;8;2;lr201_t2_06R_06V_04I_04M;/dados/rmelo/PDPTW-SE/benchmark_multi_island_v5/official_experiments/multistartlp/official/set_01_pt_02/configs/genconfig_mslp.conf;genconfig_mslp;/dados/rmelo/PDPTW-SE/benchmark_multi_island_v5/official_experiments/multistartlp/official/set_01_pt_02/logs/heur_mslp/gurobi/06R_06V_04I_04M/lr201_grb_genconfig_mslp_seed_177.log;random;06R_06V_04I_04M;1;0;1;/dados/rmelo/PDPTW-SE/benchmark_multi_island_v5/official_experiments/multistartlp/official/set_01_pt_02/../../../../instances/orig_ams_fg/06R_06V_04I_04M/t2/lr201/;60000;102;0;1203.31;13;7;H;50;95;0;100.0;30.0;true;0.95;100.0;1.0;1.0;1.0;1.0;60;M;60000;60000;false;52;0.65;76.01;0.87;26;10;1000000;-1;3600;23.27;0.45;0.67;mslp;heur;0.25;0.47;-1;3600;60000;I;6;1.0;0.33;lr201;0;/dados/rmelo/PDPTW-SE/benchmark_multi_island_v5/official_experiments/multistartlp/official/set_01_pt_02/logs;0;0;0;0.0;100.0;1;177;/dados/rmelo/PDPTW-SE/benchmark_multi_island_v5/official_experiments/multistartlp/official/set_01_pt_02/logs/heur_mslp/solutions/06R_06V_04I_04M/lr201_sol_genconfig_mslp_seed_177.txt;Gurobi;AUTOMATIC;18.01;_bash_5;_seed_177;13959.31;1;0.4;/dados/rmelo/PDPTW-SE/benchmark_multi_island_v5/official_experiments/multistartlp/official/set_01_pt_02/logs/heur_mslp/timelines/06R_06V_04I_04M/lr201_timeline_genconfig_mslp_seed_177.txt;99.6;t2;0;895.88;false
0.05;0.03;0.05;0.08;0.0;0.0;3;/dados/rmelo/PDPTW-SE/benchmark_multi_island_v5/official_experiments/multistartlp/official/set_01_pt_02/logs/heur_mslp/outputs/csvresults_heur_mslp_bash_5.csv;0;3;1;14;0;0.0;0.5;true;8;2;lr202_t2_06R_06V_04I_03M;/dados/rmelo/PDPTW-SE/benchmark_multi_island_v5/official_experiments/multistartlp/official/set_01_pt_02/configs/genconfig_mslp.conf;genconfig_mslp;/dados/rmelo/PDPTW-SE/benchmark_multi_island_v5/official_experiments/multistartlp/official/set_01_pt_02/logs/heur_mslp/gurobi/06R_06V_04I_03M/lr202_grb_genconfig_mslp_seed_177.log;random;06R_06V_04I_03M;1;0;1;/dados/rmelo/PDPTW-SE/benchmark_multi_island_v5/official_experiments/multistartlp/official/set_01_pt_02/../../../../instances/orig_ams_fg/06R_06V_04I_04M/t2/lr202/;60000;20;0;836.17;13;7;H;50;95;0;100.0;30.0;true;0.95;100.0;1.0;1.0;1.0;1.0;60;M;60000;60000;false;38;0.55;90.37;0.88;19;10;1000000;-1;3600;27.17;0.55;0.88;mslp;heur;0.55;0.88;-1;3600;60000;I;6;1.0;0.17;lr202;0;/dados/rmelo/PDPTW-SE/benchmark_multi_island_v5/official_experiments/multistartlp/official/set_01_pt_02/logs;0;0;0;0.0;100.0;1;177;/dados/rmelo/PDPTW-SE/benchmark_multi_island_v5/official_experiments/multistartlp/official/set_01_pt_02/logs/heur_mslp/solutions/06R_06V_04I_03M/lr202_sol_genconfig_mslp_seed_177.txt;Gurobi;AUTOMATIC;17.77;_bash_5;_seed_177;16303.32;1;0.32;/dados/rmelo/PDPTW-SE/benchmark_multi_island_v5/official_experiments/multistartlp/official/set_01_pt_02/logs/heur_mslp/timelines/06R_06V_04I_03M/lr202_timeline_genconfig_mslp_seed_177.txt;106.54;t2;0;547.87;false
0.05;0.03;0.04;0.07;0.0;0.01;3;/dados/rmelo/PDPTW-SE/benchmark_multi_island_v5/official_experiments/multistartlp/official/set_01_pt_02/logs/heur_mslp/outputs/csvresults_heur_mslp_bash_5.csv;0;4;1;14;0;0.0;0.5;true;8;2;lr202_t2_06R_06V_04I_04M;/dados/rmelo/PDPTW-SE/benchmark_multi_island_v5/official_experiments/multistartlp/official/set_01_pt_02/configs/genconfig_mslp.conf;genconfig_mslp;/dados/rmelo/PDPTW-SE/benchmark_multi_island_v5/official_experiments/multistartlp/official/set_01_pt_02/logs/heur_mslp/gurobi/06R_06V_04I_04M/lr202_grb_genconfig_mslp_seed_177.log;random;06R_06V_04I_04M;1;0;1;/dados/rmelo/PDPTW-SE/benchmark_multi_island_v5/official_experiments/multistartlp/official/set_01_pt_02/../../../../instances/orig_ams_fg/06R_06V_04I_04M/t2/lr202/;60000;20;0;836.17;13;7;H;50;95;0;100.0;30.0;true;0.95;100.0;1.0;1.0;1.0;1.0;60;M;60000;60000;false;38;0.55;88.29;0.88;19;10;1000000;-1;3600;27.28;0.55;0.88;mslp;heur;0.55;0.88;-1;3600;60000;I;6;1.0;0.17;lr202;0;/dados/rmelo/PDPTW-SE/benchmark_multi_island_v5/official_experiments/multistartlp/official/set_01_pt_02/logs;0;0;0;0.0;100.0;1;177;/dados/rmelo/PDPTW-SE/benchmark_multi_island_v5/official_experiments/multistartlp/official/set_01_pt_02/logs/heur_mslp/solutions/06R_06V_04I_04M/lr202_sol_genconfig_mslp_seed_177.txt;Gurobi;AUTOMATIC;17.89;_bash_5;_seed_177;16370.52;1;0.32;/dados/rmelo/PDPTW-SE/benchmark_multi_island_v5/official_experiments/multistartlp/official/set_01_pt_02/logs/heur_mslp/timelines/06R_06V_04I_04M/lr202_timeline_genconfig_mslp_seed_177.txt;110.23;t2;0;547.87;false
0.05;0.03;0.12;0.14;0.06;0.01;5;/dados/rmelo/PDPTW-SE/benchmark_multi_island_v5/official_experiments/multistartlp/official/set_01_pt_02/logs/heur_mslp/outputs/csvresults_heur_mslp_bash_5.csv;0;3;1;14;0;0.0;0.5;true;8;2;lr203_t2_06R_06V_04I_03M;/dados/rmelo/PDPTW-SE/benchmark_multi_island_v5/official_experiments/multistartlp/official/set_01_pt_02/configs/genconfig_mslp.conf;genconfig_mslp;/dados/rmelo/PDPTW-SE/benchmark_multi_island_v5/official_experiments/multistartlp/official/set_01_pt_02/logs/heur_mslp/gurobi/06R_06V_04I_03M/lr203_grb_genconfig_mslp_seed_177.log;random;06R_06V_04I_03M;1;0;1;/dados/rmelo/PDPTW-SE/benchmark_multi_island_v5/official_experiments/multistartlp/official/set_01_pt_02/../../../../instances/orig_ams_fg/06R_06V_04I_04M/t2/lr203/;60000;27;0;868.06;13;7;H;50;95;0;100.0;30.0;true;0.95;100.0;1.0;1.0;1.0;1.0;60;M;60000;60000;false;32;0.69;82.48;1.0;16;10;1000000;-1;3600;27.79;0.69;1.0;mslp;heur;0.69;1.0;-1;3600;60000;I;6;0.67;0.17;lr203;0;/dados/rmelo/PDPTW-SE/benchmark_multi_island_v5/official_experiments/multistartlp/official/set_01_pt_02/logs;0;0;0;0.0;100.0;1;177;/dados/rmelo/PDPTW-SE/benchmark_multi_island_v5/official_experiments/multistartlp/official/set_01_pt_02/logs/heur_mslp/solutions/06R_06V_04I_03M/lr203_sol_genconfig_mslp_seed_177.txt;Gurobi;AUTOMATIC;17.86;_bash_5;_seed_177;16673.49;1;0.34;/dados/rmelo/PDPTW-SE/benchmark_multi_island_v5/official_experiments/multistartlp/official/set_01_pt_02/logs/heur_mslp/timelines/06R_06V_04I_03M/lr203_timeline_genconfig_mslp_seed_177.txt;109.79;t2;0;685.01;false
0.05;0.01;0.08;0.09;0.06;0.01;5;/dados/rmelo/PDPTW-SE/benchmark_multi_island_v5/official_experiments/multistartlp/official/set_01_pt_02/logs/heur_mslp/outputs/csvresults_heur_mslp_bash_5.csv;0;4;1;14;0;0.0;0.5;true;8;2;lr203_t2_06R_06V_04I_04M;/dados/rmelo/PDPTW-SE/benchmark_multi_island_v5/official_experiments/multistartlp/official/set_01_pt_02/configs/genconfig_mslp.conf;genconfig_mslp;/dados/rmelo/PDPTW-SE/benchmark_multi_island_v5/official_experiments/multistartlp/official/set_01_pt_02/logs/heur_mslp/gurobi/06R_06V_04I_04M/lr203_grb_genconfig_mslp_seed_177.log;random;06R_06V_04I_04M;1;0;1;/dados/rmelo/PDPTW-SE/benchmark_multi_island_v5/official_experiments/multistartlp/official/set_01_pt_02/../../../../instances/orig_ams_fg/06R_06V_04I_04M/t2/lr203/;60000;27;0;868.06;13;7;H;50;95;0;100.0;30.0;true;0.95;100.0;1.0;1.0;1.0;1.0;60;M;60000;60000;false;32;0.68;81.38;1.0;16;10;1000000;-1;3600;30.52;0.68;1.0;mslp;heur;0.68;1.0;-1;3600;60000;I;6;0.75;0.17;lr203;0;/dados/rmelo/PDPTW-SE/benchmark_multi_island_v5/official_experiments/multistartlp/official/set_01_pt_02/logs;0;0;0;0.0;100.0;1;177;/dados/rmelo/PDPTW-SE/benchmark_multi_island_v5/official_experiments/multistartlp/official/set_01_pt_02/logs/heur_mslp/solutions/06R_06V_04I_04M/lr203_sol_genconfig_mslp_seed_177.txt;Gurobi;AUTOMATIC;17.99;_bash_5;_seed_177;18313.99;1;0.38;/dados/rmelo/PDPTW-SE/benchmark_multi_island_v5/official_experiments/multistartlp/official/set_01_pt_02/logs/heur_mslp/timelines/06R_06V_04I_04M/lr203_timeline_genconfig_mslp_seed_177.txt;113.77;t2;0;681.89;false
0.05;0.04;0.07;0.11;0.0;0.0;11;/dados/rmelo/PDPTW-SE/benchmark_multi_island_v5/official_experiments/multistartlp/official/set_01_pt_02/logs/heur_mslp/outputs/csvresults_heur_mslp_bash_5.csv;0;3;1;14;0;0.0;0.5;true;8;2;lr204_t2_06R_06V_04I_03M;/dados/rmelo/PDPTW-SE/benchmark_multi_island_v5/official_experiments/multistartlp/official/set_01_pt_02/configs/genconfig_mslp.conf;genconfig_mslp;/dados/rmelo/PDPTW-SE/benchmark_multi_island_v5/official_experiments/multistartlp/official/set_01_pt_02/logs/heur_mslp/gurobi/06R_06V_04I_03M/lr204_grb_genconfig_mslp_seed_177.log;random;06R_06V_04I_03M;1;0;1;/dados/rmelo/PDPTW-SE/benchmark_multi_island_v5/official_experiments/multistartlp/official/set_01_pt_02/../../../../instances/orig_ams_fg/06R_06V_04I_04M/t2/lr204/;60000;10349;0;1053.13;13;7;H;50;95;0;100.0;30.0;true;0.95;100.0;1.0;1.0;1.0;1.0;60;M;60000;60000;false;38;0.42;82.37;0.97;19;10;1000000;-1;3600;21.51;0.31;0.6;mslp;heur;0.19;0.24;-1;3600;60000;I;6;1.0;0.33;lr204;0;/dados/rmelo/PDPTW-SE/benchmark_multi_island_v5/official_experiments/multistartlp/official/set_01_pt_02/logs;0;0;0;0.0;100.0;1;177;/dados/rmelo/PDPTW-SE/benchmark_multi_island_v5/official_experiments/multistartlp/official/set_01_pt_02/logs/heur_mslp/solutions/06R_06V_04I_03M/lr204_sol_genconfig_mslp_seed_177.txt;Gurobi;AUTOMATIC;17.73;_bash_5;_seed_177;12904.24;1;22.36;/dados/rmelo/PDPTW-SE/benchmark_multi_island_v5/official_experiments/multistartlp/official/set_01_pt_02/logs/heur_mslp/timelines/06R_06V_04I_03M/lr204_timeline_genconfig_mslp_seed_177.txt;126.85;t2;0;610.47;false
0.05;0.01;0.05;0.06;0.0;0.0;11;/dados/rmelo/PDPTW-SE/benchmark_multi_island_v5/official_experiments/multistartlp/official/set_01_pt_02/logs/heur_mslp/outputs/csvresults_heur_mslp_bash_5.csv;0;4;1;14;0;0.0;0.5;true;8;2;lr204_t2_06R_06V_04I_04M;/dados/rmelo/PDPTW-SE/benchmark_multi_island_v5/official_experiments/multistartlp/official/set_01_pt_02/configs/genconfig_mslp.conf;genconfig_mslp;/dados/rmelo/PDPTW-SE/benchmark_multi_island_v5/official_experiments/multistartlp/official/set_01_pt_02/logs/heur_mslp/gurobi/06R_06V_04I_04M/lr204_grb_genconfig_mslp_seed_177.log;random;06R_06V_04I_04M;1;0;1;/dados/rmelo/PDPTW-SE/benchmark_multi_island_v5/official_experiments/multistartlp/official/set_01_pt_02/../../../../instances/orig_ams_fg/06R_06V_04I_04M/t2/lr204/;60000;2369;0;1042.66;13;7;H;50;95;0;100.0;30.0;true;0.95;100.0;1.0;1.0;1.0;1.0;60;M;60000;60000;false;38;0.41;82.37;0.82;19;10;1000000;-1;3600;22.33;0.3;0.58;mslp;heur;0.19;0.35;-1;3600;60000;I;6;1.0;0.33;lr204;0;/dados/rmelo/PDPTW-SE/benchmark_multi_island_v5/official_experiments/multistartlp/official/set_01_pt_02/logs;0;0;0;0.0;100.0;1;177;/dados/rmelo/PDPTW-SE/benchmark_multi_island_v5/official_experiments/multistartlp/official/set_01_pt_02/logs/heur_mslp/solutions/06R_06V_04I_04M/lr204_sol_genconfig_mslp_seed_177.txt;Gurobi;AUTOMATIC;18.06;_bash_5;_seed_177;13397.88;1;5.49;/dados/rmelo/PDPTW-SE/benchmark_multi_island_v5/official_experiments/multistartlp/official/set_01_pt_02/logs/heur_mslp/timelines/06R_06V_04I_04M/lr204_timeline_genconfig_mslp_seed_177.txt;131.07;t2;0;601.61;false
0.05;0.02;0.05;0.07;0.0;0.0;12;/dados/rmelo/PDPTW-SE/benchmark_multi_island_v5/official_experiments/multistartlp/official/set_01_pt_02/logs/heur_mslp/outputs/csvresults_heur_mslp_bash_5.csv;0;3;1;14;0;0.0;0.5;true;8;2;lr205_t2_06R_06V_04I_03M;/dados/rmelo/PDPTW-SE/benchmark_multi_island_v5/official_experiments/multistartlp/official/set_01_pt_02/configs/genconfig_mslp.conf;genconfig_mslp;/dados/rmelo/PDPTW-SE/benchmark_multi_island_v5/official_experiments/multistartlp/official/set_01_pt_02/logs/heur_mslp/gurobi/06R_06V_04I_03M/lr205_grb_genconfig_mslp_seed_177.log;random;06R_06V_04I_03M;1;0;1;/dados/rmelo/PDPTW-SE/benchmark_multi_island_v5/official_experiments/multistartlp/official/set_01_pt_02/../../../../instances/orig_ams_fg/06R_06V_04I_04M/t2/lr205/;60000;1084;0;789.8;13;7;H;50;95;0;100.0;30.0;true;0.95;100.0;1.0;1.0;1.0;1.0;60;M;60000;60000;false;52;0.54;68.19;0.88;26;10;1000000;-1;3600;27.14;0.54;0.88;mslp;heur;0.54;0.88;-1;3600;60000;I;6;1.0;0.17;lr205;0;/dados/rmelo/PDPTW-SE/benchmark_multi_island_v5/official_experiments/multistartlp/official/set_01_pt_02/logs;0;0;0;0.0;100.0;1;177;/dados/rmelo/PDPTW-SE/benchmark_multi_island_v5/official_experiments/multistartlp/official/set_01_pt_02/logs/heur_mslp/solutions/06R_06V_04I_03M/lr205_sol_genconfig_mslp_seed_177.txt;Gurobi;AUTOMATIC;17.86;_bash_5;_seed_177;16282.6;1;2.41;/dados/rmelo/PDPTW-SE/benchmark_multi_island_v5/official_experiments/multistartlp/official/set_01_pt_02/logs/heur_mslp/timelines/06R_06V_04I_03M/lr205_timeline_genconfig_mslp_seed_177.txt;115.23;t2;0;535.22;false
0.05;0.02;0.05;0.07;0.0;0.01;8;/dados/rmelo/PDPTW-SE/benchmark_multi_island_v5/official_experiments/multistartlp/official/set_01_pt_02/logs/heur_mslp/outputs/csvresults_heur_mslp_bash_5.csv;0;4;1;14;0;0.0;0.5;true;8;2;lr205_t2_06R_06V_04I_04M;/dados/rmelo/PDPTW-SE/benchmark_multi_island_v5/official_experiments/multistartlp/official/set_01_pt_02/configs/genconfig_mslp.conf;genconfig_mslp;/dados/rmelo/PDPTW-SE/benchmark_multi_island_v5/official_experiments/multistartlp/official/set_01_pt_02/logs/heur_mslp/gurobi/06R_06V_04I_04M/lr205_grb_genconfig_mslp_seed_177.log;random;06R_06V_04I_04M;1;0;1;/dados/rmelo/PDPTW-SE/benchmark_multi_island_v5/official_experiments/multistartlp/official/set_01_pt_02/../../../../instances/orig_ams_fg/06R_06V_04I_04M/t2/lr205/;60000;135;0;789.8;13;7;H;50;95;0;100.0;30.0;true;0.95;100.0;1.0;1.0;1.0;1.0;60;M;60000;60000;false;52;0.54;68.19;0.88;26;10;1000000;-1;3600;26.81;0.54;0.88;mslp;heur;0.54;0.88;-1;3600;60000;I;6;0.75;0.17;lr205;0;/dados/rmelo/PDPTW-SE/benchmark_multi_island_v5/official_experiments/multistartlp/official/set_01_pt_02/logs;0;0;0;0.0;100.0;1;177;/dados/rmelo/PDPTW-SE/benchmark_multi_island_v5/official_experiments/multistartlp/official/set_01_pt_02/logs/heur_mslp/solutions/06R_06V_04I_04M/lr205_sol_genconfig_mslp_seed_177.txt;Gurobi;AUTOMATIC;17.93;_bash_5;_seed_177;16083.22;1;0.61;/dados/rmelo/PDPTW-SE/benchmark_multi_island_v5/official_experiments/multistartlp/official/set_01_pt_02/logs/heur_mslp/timelines/06R_06V_04I_04M/lr205_timeline_genconfig_mslp_seed_177.txt;119.5;t2;0;535.22;false
0.05;0.06;0.14;0.2;0.0;0.2;7;/dados/rmelo/PDPTW-SE/benchmark_multi_island_v5/official_experiments/multistartlp/official/set_01_pt_02/logs/heur_mslp/outputs/csvresults_heur_mslp_bash_5.csv;0;3;1;18;0;0.0;0.5;true;10;2;lr101_t1_08R_08V_02I_03M;/dados/rmelo/PDPTW-SE/benchmark_multi_island_v5/official_experiments/multistartlp/official/set_01_pt_02/configs/genconfig_mslp.conf;genconfig_mslp;/dados/rmelo/PDPTW-SE/benchmark_multi_island_v5/official_experiments/multistartlp/official/set_01_pt_02/logs/heur_mslp/gurobi/08R_08V_02I_03M/lr101_grb_genconfig_mslp_seed_177.log;random;08R_08V_02I_03M;1;39113;1;/dados/rmelo/PDPTW-SE/benchmark_multi_island_v5/official_experiments/multistartlp/official/set_01_pt_02/../../../../instances/orig_ams_fg/08R_08V_02I_04M/t1/lr101/;60000;415;0;1346.99;17;9;H;50;95;0;100.0;30.0;true;0.95;100.0;1.0;1.0;1.0;1.0;60;M;20887;20887;false;52;0.79;72.32;0.87;26;10;1000000;-1;3600;21.89;0.59;0.39;mslp;heur;0.49;0.16;-1;3600;60000;I;8;1.0;0.88;lr101;0;/dados/rmelo/PDPTW-SE/benchmark_multi_island_v5/official_experiments/multistartlp/official/set_01_pt_02/logs;0;0;0;65.19;100.0;1;177;/dados/rmelo/PDPTW-SE/benchmark_multi_island_v5/official_experiments/multistartlp/official/set_01_pt_02/logs/heur_mslp/solutions/08R_08V_02I_03M/lr101_sol_genconfig_mslp_seed_177.txt;Gurobi;AUTOMATIC;17.97;_bash_5;_seed_177;4572.61;1;0.63;/dados/rmelo/PDPTW-SE/benchmark_multi_island_v5/official_experiments/multistartlp/official/set_01_pt_02/logs/heur_mslp/timelines/08R_08V_02I_03M/lr101_timeline_genconfig_mslp_seed_177.txt;43.57;t1;0;946.87;false
0.05;0.03;0.11;0.14;0.0;0.2;5;/dados/rmelo/PDPTW-SE/benchmark_multi_island_v5/official_experiments/multistartlp/official/set_01_pt_02/logs/heur_mslp/outputs/csvresults_heur_mslp_bash_5.csv;0;4;1;18;0;0.0;0.5;true;10;2;lr101_t1_08R_08V_02I_04M;/dados/rmelo/PDPTW-SE/benchmark_multi_island_v5/official_experiments/multistartlp/official/set_01_pt_02/configs/genconfig_mslp.conf;genconfig_mslp;/dados/rmelo/PDPTW-SE/benchmark_multi_island_v5/official_experiments/multistartlp/official/set_01_pt_02/logs/heur_mslp/gurobi/08R_08V_02I_04M/lr101_grb_genconfig_mslp_seed_177.log;random;08R_08V_02I_04M;1;19425;1;/dados/rmelo/PDPTW-SE/benchmark_multi_island_v5/official_experiments/multistartlp/official/set_01_pt_02/../../../../instances/orig_ams_fg/08R_08V_02I_04M/t1/lr101/;60000;13;0;1346.99;17;9;H;50;95;0;100.0;30.0;true;0.95;100.0;1.0;1.0;1.0;1.0;60;M;40575;40575;false;52;0.79;72.32;0.87;26;10;1000000;-1;3600;22.32;0.59;0.38;mslp;heur;0.49;0.16;-1;3600;60000;I;8;1.0;0.88;lr101;0;/dados/rmelo/PDPTW-SE/benchmark_multi_island_v5/official_experiments/multistartlp/official/set_01_pt_02/logs;0;0;0;32.38;100.0;1;177;/dados/rmelo/PDPTW-SE/benchmark_multi_island_v5/official_experiments/multistartlp/official/set_01_pt_02/logs/heur_mslp/solutions/08R_08V_02I_04M/lr101_sol_genconfig_mslp_seed_177.txt;Gurobi;AUTOMATIC;17.92;_bash_5;_seed_177;9058.25;1;0.31;/dados/rmelo/PDPTW-SE/benchmark_multi_island_v5/official_experiments/multistartlp/official/set_01_pt_02/logs/heur_mslp/timelines/08R_08V_02I_04M/lr101_timeline_genconfig_mslp_seed_177.txt;77.35;t1;0;948.49;false
0.05;0.06;0.09;0.15;0.0;0.05;6;/dados/rmelo/PDPTW-SE/benchmark_multi_island_v5/official_experiments/multistartlp/official/set_01_pt_02/logs/heur_mslp/outputs/csvresults_heur_mslp_bash_5.csv;0;3;1;18;0;0.0;0.5;true;10;2;lr102_t1_08R_08V_02I_03M;/dados/rmelo/PDPTW-SE/benchmark_multi_island_v5/official_experiments/multistartlp/official/set_01_pt_02/configs/genconfig_mslp.conf;genconfig_mslp;/dados/rmelo/PDPTW-SE/benchmark_multi_island_v5/official_experiments/multistartlp/official/set_01_pt_02/logs/heur_mslp/gurobi/08R_08V_02I_03M/lr102_grb_genconfig_mslp_seed_177.log;random;08R_08V_02I_03M;1;0;1;/dados/rmelo/PDPTW-SE/benchmark_multi_island_v5/official_experiments/multistartlp/official/set_01_pt_02/../../../../instances/orig_ams_fg/08R_08V_02I_04M/t1/lr102/;60000;127;0;936.83;17;9;H;50;95;0;100.0;30.0;true;0.95;100.0;1.0;1.0;1.0;1.0;60;M;60000;60000;false;58;0.8;73.54;0.79;29;10;1000000;-1;3600;15.31;0.67;0.47;mslp;heur;0.38;0.09;-1;3600;60000;I;8;0.67;0.62;lr102;0;/dados/rmelo/PDPTW-SE/benchmark_multi_island_v5/official_experiments/multistartlp/official/set_01_pt_02/logs;0;0;0;0.0;100.0;1;177;/dados/rmelo/PDPTW-SE/benchmark_multi_island_v5/official_experiments/multistartlp/official/set_01_pt_02/logs/heur_mslp/solutions/08R_08V_02I_03M/lr102_sol_genconfig_mslp_seed_177.txt;Gurobi;AUTOMATIC;18.0;_bash_5;_seed_177;9186.84;1;0.54;/dados/rmelo/PDPTW-SE/benchmark_multi_island_v5/official_experiments/multistartlp/official/set_01_pt_02/logs/heur_mslp/timelines/08R_08V_02I_03M/lr102_timeline_genconfig_mslp_seed_177.txt;108.28;t1;0;770.92;false
0.05;0.06;0.09;0.15;0.0;0.05;6;/dados/rmelo/PDPTW-SE/benchmark_multi_island_v5/official_experiments/multistartlp/official/set_01_pt_02/logs/heur_mslp/outputs/csvresults_heur_mslp_bash_5.csv;0;4;1;18;0;0.0;0.5;true;10;2;lr102_t1_08R_08V_02I_04M;/dados/rmelo/PDPTW-SE/benchmark_multi_island_v5/official_experiments/multistartlp/official/set_01_pt_02/configs/genconfig_mslp.conf;genconfig_mslp;/dados/rmelo/PDPTW-SE/benchmark_multi_island_v5/official_experiments/multistartlp/official/set_01_pt_02/logs/heur_mslp/gurobi/08R_08V_02I_04M/lr102_grb_genconfig_mslp_seed_177.log;random;08R_08V_02I_04M;1;0;1;/dados/rmelo/PDPTW-SE/benchmark_multi_island_v5/official_experiments/multistartlp/official/set_01_pt_02/../../../../instances/orig_ams_fg/08R_08V_02I_04M/t1/lr102/;60000;127;0;936.83;17;9;H;50;95;0;100.0;30.0;true;0.95;100.0;1.0;1.0;1.0;1.0;60;M;60000;60000;false;58;0.8;73.54;0.79;29;10;1000000;-1;3600;15.31;0.67;0.47;mslp;heur;0.38;0.09;-1;3600;60000;I;8;0.5;0.62;lr102;0;/dados/rmelo/PDPTW-SE/benchmark_multi_island_v5/official_experiments/multistartlp/official/set_01_pt_02/logs;0;0;0;0.0;100.0;1;177;/dados/rmelo/PDPTW-SE/benchmark_multi_island_v5/official_experiments/multistartlp/official/set_01_pt_02/logs/heur_mslp/solutions/08R_08V_02I_04M/lr102_sol_genconfig_mslp_seed_177.txt;Gurobi;AUTOMATIC;18.11;_bash_5;_seed_177;9186.84;1;0.53;/dados/rmelo/PDPTW-SE/benchmark_multi_island_v5/official_experiments/multistartlp/official/set_01_pt_02/logs/heur_mslp/timelines/08R_08V_02I_04M/lr102_timeline_genconfig_mslp_seed_177.txt;111.21;t1;0;770.92;false
0.05;0.0;0.08;0.08;0.0;0.0;6;/dados/rmelo/PDPTW-SE/benchmark_multi_island_v5/official_experiments/multistartlp/official/set_01_pt_02/logs/heur_mslp/outputs/csvresults_heur_mslp_bash_5.csv;0;3;1;18;0;0.0;0.5;true;10;2;lr103_t1_08R_08V_02I_03M;/dados/rmelo/PDPTW-SE/benchmark_multi_island_v5/official_experiments/multistartlp/official/set_01_pt_02/configs/genconfig_mslp.conf;genconfig_mslp;/dados/rmelo/PDPTW-SE/benchmark_multi_island_v5/official_experiments/multistartlp/official/set_01_pt_02/logs/heur_mslp/gurobi/08R_08V_02I_03M/lr103_grb_genconfig_mslp_seed_177.log;random;08R_08V_02I_03M;1;34;1;/dados/rmelo/PDPTW-SE/benchmark_multi_island_v5/official_experiments/multistartlp/official/set_01_pt_02/../../../../instances/orig_ams_fg/08R_08V_02I_04M/t1/lr103/;60000;656;0;760.2;17;9;H;50;95;0;100.0;30.0;true;0.95;100.0;1.0;1.0;1.0;1.0;60;M;59785;59966;false;38;0.93;83.42;0.85;19;10;1000000;-1;3600;12.28;0.79;0.73;mslp;heur;0.66;0.62;-1;3600;60000;I;8;0.67;0.38;lr103;0;/dados/rmelo/PDPTW-SE/benchmark_multi_island_v5/official_experiments/multistartlp/official/set_01_pt_02/logs;0;0;0;0.06;99.7;1;177;/dados/rmelo/PDPTW-SE/benchmark_multi_island_v5/official_experiments/multistartlp/official/set_01_pt_02/logs/heur_mslp/solutions/08R_08V_02I_03M/lr103_sol_genconfig_mslp_seed_177.txt;Gurobi;AUTOMATIC;18.05;_bash_5;_seed_177;7365.53;1;1.58;/dados/rmelo/PDPTW-SE/benchmark_multi_island_v5/official_experiments/multistartlp/official/set_01_pt_02/logs/heur_mslp/timelines/08R_08V_02I_03M/lr103_timeline_genconfig_mslp_seed_177.txt;115.41;t1;0;546.38;false
0.05;0.0;0.08;0.08;0.0;0.0;6;/dados/rmelo/PDPTW-SE/benchmark_multi_island_v5/official_experiments/multistartlp/official/set_01_pt_02/logs/heur_mslp/outputs/csvresults_heur_mslp_bash_5.csv;0;4;1;18;0;0.0;0.5;true;10;2;lr103_t1_08R_08V_02I_04M;/dados/rmelo/PDPTW-SE/benchmark_multi_island_v5/official_experiments/multistartlp/official/set_01_pt_02/configs/genconfig_mslp.conf;genconfig_mslp;/dados/rmelo/PDPTW-SE/benchmark_multi_island_v5/official_experiments/multistartlp/official/set_01_pt_02/logs/heur_mslp/gurobi/08R_08V_02I_04M/lr103_grb_genconfig_mslp_seed_177.log;random;08R_08V_02I_04M;1;0;1;/dados/rmelo/PDPTW-SE/benchmark_multi_island_v5/official_experiments/multistartlp/official/set_01_pt_02/../../../../instances/orig_ams_fg/08R_08V_02I_04M/t1/lr103/;60000;656;0;760.2;17;9;H;50;95;0;100.0;30.0;true;0.95;100.0;1.0;1.0;1.0;1.0;60;M;59823;60000;false;38;0.93;83.42;0.85;19;10;1000000;-1;3600;12.13;0.79;0.73;mslp;heur;0.66;0.62;-1;3600;60000;I;8;0.5;0.38;lr103;0;/dados/rmelo/PDPTW-SE/benchmark_multi_island_v5/official_experiments/multistartlp/official/set_01_pt_02/logs;0;0;0;0.0;99.7;1;177;/dados/rmelo/PDPTW-SE/benchmark_multi_island_v5/official_experiments/multistartlp/official/set_01_pt_02/logs/heur_mslp/solutions/08R_08V_02I_04M/lr103_sol_genconfig_mslp_seed_177.txt;Gurobi;AUTOMATIC;17.93;_bash_5;_seed_177;7278.61;1;1.58;/dados/rmelo/PDPTW-SE/benchmark_multi_island_v5/official_experiments/multistartlp/official/set_01_pt_02/logs/heur_mslp/timelines/08R_08V_02I_04M/lr103_timeline_genconfig_mslp_seed_177.txt;118.5;t1;0;546.38;false
0.05;0.05;0.1;0.14;0.0;0.02;2;/dados/rmelo/PDPTW-SE/benchmark_multi_island_v5/official_experiments/multistartlp/official/set_01_pt_02/logs/heur_mslp/outputs/csvresults_heur_mslp_bash_5.csv;0;3;1;18;0;0.0;0.5;true;10;2;lr104_t1_08R_08V_02I_03M;/dados/rmelo/PDPTW-SE/benchmark_multi_island_v5/official_experiments/multistartlp/official/set_01_pt_02/configs/genconfig_mslp.conf;genconfig_mslp;/dados/rmelo/PDPTW-SE/benchmark_multi_island_v5/official_experiments/multistartlp/official/set_01_pt_02/logs/heur_mslp/gurobi/08R_08V_02I_03M/lr104_grb_genconfig_mslp_seed_177.log;random;08R_08V_02I_03M;1;0;1;/dados/rmelo/PDPTW-SE/benchmark_multi_island_v5/official_experiments/multistartlp/official/set_01_pt_02/../../../../instances/orig_ams_fg/08R_08V_02I_04M/t1/lr104/;60000;2;0;622.85;17;9;H;50;95;0;100.0;30.0;true;0.95;100.0;1.0;1.0;1.0;1.0;60;M;60000;60000;false;40;0.84;79.52;0.92;20;10;1000000;-1;3600;12.97;0.81;0.7;mslp;heur;0.79;0.58;-1;3600;60000;I;8;0.67;0.38;lr104;0;/dados/rmelo/PDPTW-SE/benchmark_multi_island_v5/official_experiments/multistartlp/official/set_01_pt_02/logs;0;0;0;0.0;100.0;1;177;/dados/rmelo/PDPTW-SE/benchmark_multi_island_v5/official_experiments/multistartlp/official/set_01_pt_02/logs/heur_mslp/solutions/08R_08V_02I_03M/lr104_sol_genconfig_mslp_seed_177.txt;Gurobi;AUTOMATIC;17.84;_bash_5;_seed_177;7783.59;1;0.29;/dados/rmelo/PDPTW-SE/benchmark_multi_island_v5/official_experiments/multistartlp/official/set_01_pt_02/logs/heur_mslp/timelines/08R_08V_02I_03M/lr104_timeline_genconfig_mslp_seed_177.txt;107.09;t1;0;558.37;false
0.05;0.05;0.1;0.14;0.0;0.02;2;/dados/rmelo/PDPTW-SE/benchmark_multi_island_v5/official_experiments/multistartlp/official/set_01_pt_02/logs/heur_mslp/outputs/csvresults_heur_mslp_bash_5.csv;0;4;1;18;0;0.0;0.5;true;10;2;lr104_t1_08R_08V_02I_04M;/dados/rmelo/PDPTW-SE/benchmark_multi_island_v5/official_experiments/multistartlp/official/set_01_pt_02/configs/genconfig_mslp.conf;genconfig_mslp;/dados/rmelo/PDPTW-SE/benchmark_multi_island_v5/official_experiments/multistartlp/official/set_01_pt_02/logs/heur_mslp/gurobi/08R_08V_02I_04M/lr104_grb_genconfig_mslp_seed_177.log;random;08R_08V_02I_04M;1;0;1;/dados/rmelo/PDPTW-SE/benchmark_multi_island_v5/official_experiments/multistartlp/official/set_01_pt_02/../../../../instances/orig_ams_fg/08R_08V_02I_04M/t1/lr104/;60000;2;0;622.85;17;9;H;50;95;0;100.0;30.0;true;0.95;100.0;1.0;1.0;1.0;1.0;60;M;60000;60000;false;40;0.84;78.99;0.92;20;10;1000000;-1;3600;13.17;0.81;0.7;mslp;heur;0.79;0.58;-1;3600;60000;I;8;0.5;0.38;lr104;0;/dados/rmelo/PDPTW-SE/benchmark_multi_island_v5/official_experiments/multistartlp/official/set_01_pt_02/logs;0;0;0;0.0;100.0;1;177;/dados/rmelo/PDPTW-SE/benchmark_multi_island_v5/official_experiments/multistartlp/official/set_01_pt_02/logs/heur_mslp/solutions/08R_08V_02I_04M/lr104_sol_genconfig_mslp_seed_177.txt;Gurobi;AUTOMATIC;17.75;_bash_5;_seed_177;7902.45;1;0.29;/dados/rmelo/PDPTW-SE/benchmark_multi_island_v5/official_experiments/multistartlp/official/set_01_pt_02/logs/heur_mslp/timelines/08R_08V_02I_04M/lr104_timeline_genconfig_mslp_seed_177.txt;108.62;t1;0;558.37;false
0.05;0.0;0.15;0.15;0.0;0.05;6;/dados/rmelo/PDPTW-SE/benchmark_multi_island_v5/official_experiments/multistartlp/official/set_01_pt_02/logs/heur_mslp/outputs/csvresults_heur_mslp_bash_5.csv;0;3;1;18;0;0.0;0.5;true;10;2;lr105_t1_08R_08V_02I_03M;/dados/rmelo/PDPTW-SE/benchmark_multi_island_v5/official_experiments/multistartlp/official/set_01_pt_02/configs/genconfig_mslp.conf;genconfig_mslp;/dados/rmelo/PDPTW-SE/benchmark_multi_island_v5/official_experiments/multistartlp/official/set_01_pt_02/logs/heur_mslp/gurobi/08R_08V_02I_03M/lr105_grb_genconfig_mslp_seed_177.log;random;08R_08V_02I_03M;1;0;1;/dados/rmelo/PDPTW-SE/benchmark_multi_island_v5/official_experiments/multistartlp/official/set_01_pt_02/../../../../instances/orig_ams_fg/08R_08V_02I_04M/t1/lr105/;60000;27;0;851.1;17;9;H;50;95;0;100.0;30.0;true;0.95;100.0;1.0;1.0;1.0;1.0;60;M;60000;60000;false;52;0.81;83.11;0.88;26;10;1000000;-1;3600;18.42;0.61;0.53;mslp;heur;0.43;0.25;-1;3600;60000;I;8;0.67;0.5;lr105;0;/dados/rmelo/PDPTW-SE/benchmark_multi_island_v5/official_experiments/multistartlp/official/set_01_pt_02/logs;0;0;0;0.0;100.0;1;177;/dados/rmelo/PDPTW-SE/benchmark_multi_island_v5/official_experiments/multistartlp/official/set_01_pt_02/logs/heur_mslp/solutions/08R_08V_02I_03M/lr105_sol_genconfig_mslp_seed_177.txt;Gurobi;AUTOMATIC;17.95;_bash_5;_seed_177;11049.78;1;0.37;/dados/rmelo/PDPTW-SE/benchmark_multi_island_v5/official_experiments/multistartlp/official/set_01_pt_02/logs/heur_mslp/timelines/08R_08V_02I_03M/lr105_timeline_genconfig_mslp_seed_177.txt;98.92;t1;0;557.04;false
0.05;0.03;0.1;0.13;0.0;0.05;6;/dados/rmelo/PDPTW-SE/benchmark_multi_island_v5/official_experiments/multistartlp/official/set_01_pt_02/logs/heur_mslp/outputs/csvresults_heur_mslp_bash_5.csv;0;4;1;18;0;0.0;0.5;true;10;2;lr105_t1_08R_08V_02I_04M;/dados/rmelo/PDPTW-SE/benchmark_multi_island_v5/official_experiments/multistartlp/official/set_01_pt_02/configs/genconfig_mslp.conf;genconfig_mslp;/dados/rmelo/PDPTW-SE/benchmark_multi_island_v5/official_experiments/multistartlp/official/set_01_pt_02/logs/heur_mslp/gurobi/08R_08V_02I_04M/lr105_grb_genconfig_mslp_seed_177.log;random;08R_08V_02I_04M;1;0;1;/dados/rmelo/PDPTW-SE/benchmark_multi_island_v5/official_experiments/multistartlp/official/set_01_pt_02/../../../../instances/orig_ams_fg/08R_08V_02I_04M/t1/lr105/;60000;27;0;851.1;17;9;H;50;95;0;100.0;30.0;true;0.95;100.0;1.0;1.0;1.0;1.0;60;M;60000;60000;false;52;0.81;83.11;0.88;26;10;1000000;-1;3600;18.44;0.6;0.53;mslp;heur;0.43;0.25;-1;3600;60000;I;8;0.75;0.5;lr105;0;/dados/rmelo/PDPTW-SE/benchmark_multi_island_v5/official_experiments/multistartlp/official/set_01_pt_02/logs;0;0;0;0.0;100.0;1;177;/dados/rmelo/PDPTW-SE/benchmark_multi_island_v5/official_experiments/multistartlp/official/set_01_pt_02/logs/heur_mslp/solutions/08R_08V_02I_04M/lr105_sol_genconfig_mslp_seed_177.txt;Gurobi;AUTOMATIC;17.96;_bash_5;_seed_177;11061.41;1;0.38;/dados/rmelo/PDPTW-SE/benchmark_multi_island_v5/official_experiments/multistartlp/official/set_01_pt_02/logs/heur_mslp/timelines/08R_08V_02I_04M/lr105_timeline_genconfig_mslp_seed_177.txt;101.71;t1;0;556.3;false
0.05;0.0;0.07;0.07;0.0;0.2;5;/dados/rmelo/PDPTW-SE/benchmark_multi_island_v5/official_experiments/multistartlp/official/set_01_pt_02/logs/heur_mslp/outputs/csvresults_heur_mslp_bash_5.csv;0;3;1;18;0;0.0;0.5;true;10;2;lr201_t2_08R_08V_02I_03M;/dados/rmelo/PDPTW-SE/benchmark_multi_island_v5/official_experiments/multistartlp/official/set_01_pt_02/configs/genconfig_mslp.conf;genconfig_mslp;/dados/rmelo/PDPTW-SE/benchmark_multi_island_v5/official_experiments/multistartlp/official/set_01_pt_02/logs/heur_mslp/gurobi/08R_08V_02I_03M/lr201_grb_genconfig_mslp_seed_177.log;random;08R_08V_02I_03M;1;0;1;/dados/rmelo/PDPTW-SE/benchmark_multi_island_v5/official_experiments/multistartlp/official/set_01_pt_02/../../../../instances/orig_ams_fg/08R_08V_02I_04M/t2/lr201/;60000;46;0;1507.26;17;9;H;50;95;0;100.0;30.0;true;0.95;100.0;1.0;1.0;1.0;1.0;60;M;60000;60000;false;52;0.66;87.48;1.0;26;10;1000000;-1;3600;26.92;0.47;0.93;mslp;heur;0.29;0.87;-1;3600;60000;I;8;0.33;0.25;lr201;0;/dados/rmelo/PDPTW-SE/benchmark_multi_island_v5/official_experiments/multistartlp/official/set_01_pt_02/logs;0;0;0;0.0;100.0;1;177;/dados/rmelo/PDPTW-SE/benchmark_multi_island_v5/official_experiments/multistartlp/official/set_01_pt_02/logs/heur_mslp/solutions/08R_08V_02I_03M/lr201_sol_genconfig_mslp_seed_177.txt;Gurobi;AUTOMATIC;17.92;_bash_5;_seed_177;16153.6;1;0.34;/dados/rmelo/PDPTW-SE/benchmark_multi_island_v5/official_experiments/multistartlp/official/set_01_pt_02/logs/heur_mslp/timelines/08R_08V_02I_03M/lr201_timeline_genconfig_mslp_seed_177.txt;99.96;t2;0;948.1;false
0.05;0.0;0.07;0.07;0.0;0.21;5;/dados/rmelo/PDPTW-SE/benchmark_multi_island_v5/official_experiments/multistartlp/official/set_01_pt_02/logs/heur_mslp/outputs/csvresults_heur_mslp_bash_5.csv;0;4;1;18;0;0.0;0.5;true;10;2;lr201_t2_08R_08V_02I_04M;/dados/rmelo/PDPTW-SE/benchmark_multi_island_v5/official_experiments/multistartlp/official/set_01_pt_02/configs/genconfig_mslp.conf;genconfig_mslp;/dados/rmelo/PDPTW-SE/benchmark_multi_island_v5/official_experiments/multistartlp/official/set_01_pt_02/logs/heur_mslp/gurobi/08R_08V_02I_04M/lr201_grb_genconfig_mslp_seed_177.log;random;08R_08V_02I_04M;1;0;1;/dados/rmelo/PDPTW-SE/benchmark_multi_island_v5/official_experiments/multistartlp/official/set_01_pt_02/../../../../instances/orig_ams_fg/08R_08V_02I_04M/t2/lr201/;60000;46;0;1507.26;17;9;H;50;95;0;100.0;30.0;true;0.95;100.0;1.0;1.0;1.0;1.0;60;M;60000;60000;false;52;0.66;86.34;1.0;26;10;1000000;-1;3600;26.88;0.47;0.93;mslp;heur;0.29;0.87;-1;3600;60000;I;8;0.25;0.25;lr201;0;/dados/rmelo/PDPTW-SE/benchmark_multi_island_v5/official_experiments/multistartlp/official/set_01_pt_02/logs;0;0;0;0.0;100.0;1;177;/dados/rmelo/PDPTW-SE/benchmark_multi_island_v5/official_experiments/multistartlp/official/set_01_pt_02/logs/heur_mslp/solutions/08R_08V_02I_04M/lr201_sol_genconfig_mslp_seed_177.txt;Gurobi;AUTOMATIC;17.98;_bash_5;_seed_177;16129.47;1;0.36;/dados/rmelo/PDPTW-SE/benchmark_multi_island_v5/official_experiments/multistartlp/official/set_01_pt_02/logs/heur_mslp/timelines/08R_08V_02I_04M/lr201_timeline_genconfig_mslp_seed_177.txt;103.82;t2;0;944.72;false
0.05;0.01;0.03;0.04;0.0;0.01;9;/dados/rmelo/PDPTW-SE/benchmark_multi_island_v5/official_experiments/multistartlp/official/set_01_pt_02/logs/heur_mslp/outputs/csvresults_heur_mslp_bash_5.csv;0;3;1;18;0;0.0;0.5;true;10;2;lr202_t2_08R_08V_02I_03M;/dados/rmelo/PDPTW-SE/benchmark_multi_island_v5/official_experiments/multistartlp/official/set_01_pt_02/configs/genconfig_mslp.conf;genconfig_mslp;/dados/rmelo/PDPTW-SE/benchmark_multi_island_v5/official_experiments/multistartlp/official/set_01_pt_02/logs/heur_mslp/gurobi/08R_08V_02I_03M/lr202_grb_genconfig_mslp_seed_177.log;random;08R_08V_02I_03M;1;0;1;/dados/rmelo/PDPTW-SE/benchmark_multi_island_v5/official_experiments/multistartlp/official/set_01_pt_02/../../../../instances/orig_ams_fg/08R_08V_02I_04M/t2/lr202/;60000;3193;0;1495.55;17;9;H;50;95;0;100.0;30.0;true;0.95;100.0;1.0;1.0;1.0;1.0;60;M;60000;60000;false;46;0.41;71.28;0.78;23;10;1000000;-1;3600;34.79;0.35;0.61;mslp;heur;0.28;0.43;-1;3600;60000;I;8;0.67;0.25;lr202;0;/dados/rmelo/PDPTW-SE/benchmark_multi_island_v5/official_experiments/multistartlp/official/set_01_pt_02/logs;0;0;0;0.0;100.0;1;177;/dados/rmelo/PDPTW-SE/benchmark_multi_island_v5/official_experiments/multistartlp/official/set_01_pt_02/logs/heur_mslp/solutions/08R_08V_02I_03M/lr202_sol_genconfig_mslp_seed_177.txt;Gurobi;AUTOMATIC;17.94;_bash_5;_seed_177;20873.46;1;7.16;/dados/rmelo/PDPTW-SE/benchmark_multi_island_v5/official_experiments/multistartlp/official/set_01_pt_02/logs/heur_mslp/timelines/08R_08V_02I_03M/lr202_timeline_genconfig_mslp_seed_177.txt;127.08;t2;0;694.1;false
0.05;0.01;0.03;0.04;0.0;0.01;9;/dados/rmelo/PDPTW-SE/benchmark_multi_island_v5/official_experiments/multistartlp/official/set_01_pt_02/logs/heur_mslp/outputs/csvresults_heur_mslp_bash_5.csv;0;4;1;18;0;0.0;0.5;true;10;2;lr202_t2_08R_08V_02I_04M;/dados/rmelo/PDPTW-SE/benchmark_multi_island_v5/official_experiments/multistartlp/official/set_01_pt_02/configs/genconfig_mslp.conf;genconfig_mslp;/dados/rmelo/PDPTW-SE/benchmark_multi_island_v5/official_experiments/multistartlp/official/set_01_pt_02/logs/heur_mslp/gurobi/08R_08V_02I_04M/lr202_grb_genconfig_mslp_seed_177.log;random;08R_08V_02I_04M;1;0;1;/dados/rmelo/PDPTW-SE/benchmark_multi_island_v5/official_experiments/multistartlp/official/set_01_pt_02/../../../../instances/orig_ams_fg/08R_08V_02I_04M/t2/lr202/;60000;3193;0;1495.55;17;9;H;50;95;0;100.0;30.0;true;0.95;100.0;1.0;1.0;1.0;1.0;60;M;60000;60000;false;46;0.41;71.28;0.78;23;10;1000000;-1;3600;34.8;0.35;0.61;mslp;heur;0.28;0.43;-1;3600;60000;I;8;0.5;0.25;lr202;0;/dados/rmelo/PDPTW-SE/benchmark_multi_island_v5/official_experiments/multistartlp/official/set_01_pt_02/logs;0;0;0;0.0;100.0;1;177;/dados/rmelo/PDPTW-SE/benchmark_multi_island_v5/official_experiments/multistartlp/official/set_01_pt_02/logs/heur_mslp/solutions/08R_08V_02I_04M/lr202_sol_genconfig_mslp_seed_177.txt;Gurobi;AUTOMATIC;18.01;_bash_5;_seed_177;20882.15;1;7.38;/dados/rmelo/PDPTW-SE/benchmark_multi_island_v5/official_experiments/multistartlp/official/set_01_pt_02/logs/heur_mslp/timelines/08R_08V_02I_04M/lr202_timeline_genconfig_mslp_seed_177.txt;131.06;t2;0;694.1;false
0.05;0.0;0.02;0.02;0.0;0.01;8;/dados/rmelo/PDPTW-SE/benchmark_multi_island_v5/official_experiments/multistartlp/official/set_01_pt_02/logs/heur_mslp/outputs/csvresults_heur_mslp_bash_5.csv;0;3;1;18;0;0.0;0.5;true;10;2;lr203_t2_08R_08V_02I_03M;/dados/rmelo/PDPTW-SE/benchmark_multi_island_v5/official_experiments/multistartlp/official/set_01_pt_02/configs/genconfig_mslp.conf;genconfig_mslp;/dados/rmelo/PDPTW-SE/benchmark_multi_island_v5/official_experiments/multistartlp/official/set_01_pt_02/logs/heur_mslp/gurobi/08R_08V_02I_03M/lr203_grb_genconfig_mslp_seed_177.log;random;08R_08V_02I_03M;1;0;1;/dados/rmelo/PDPTW-SE/benchmark_multi_island_v5/official_experiments/multistartlp/official/set_01_pt_02/../../../../instances/orig_ams_fg/08R_08V_02I_04M/t2/lr203/;60000;221;0;1529.23;17;9;H;50;95;0;100.0;30.0;true;0.95;100.0;1.0;1.0;1.0;1.0;60;M;60000;60000;false;34;0.69;102.9;0.85;17;10;1000000;-1;3600;24.0;0.69;0.85;mslp;heur;0.69;0.85;-1;3600;60000;I;8;1.0;0.12;lr203;0;/dados/rmelo/PDPTW-SE/benchmark_multi_island_v5/official_experiments/multistartlp/official/set_01_pt_02/logs;0;0;0;0.0;100.0;1;177;/dados/rmelo/PDPTW-SE/benchmark_multi_island_v5/official_experiments/multistartlp/official/set_01_pt_02/logs/heur_mslp/solutions/08R_08V_02I_03M/lr203_sol_genconfig_mslp_seed_177.txt;Gurobi;AUTOMATIC;17.91;_bash_5;_seed_177;14401.14;1;0.81;/dados/rmelo/PDPTW-SE/benchmark_multi_island_v5/official_experiments/multistartlp/official/set_01_pt_02/logs/heur_mslp/timelines/08R_08V_02I_03M/lr203_timeline_genconfig_mslp_seed_177.txt;127.85;t2;0;685.02;false
0.05;0.0;0.02;0.02;0.0;0.01;8;/dados/rmelo/PDPTW-SE/benchmark_multi_island_v5/official_experiments/multistartlp/official/set_01_pt_02/logs/heur_mslp/outputs/csvresults_heur_mslp_bash_5.csv;0;4;1;18;0;0.0;0.5;true;10;2;lr203_t2_08R_08V_02I_04M;/dados/rmelo/PDPTW-SE/benchmark_multi_island_v5/official_experiments/multistartlp/official/set_01_pt_02/configs/genconfig_mslp.conf;genconfig_mslp;/dados/rmelo/PDPTW-SE/benchmark_multi_island_v5/official_experiments/multistartlp/official/set_01_pt_02/logs/heur_mslp/gurobi/08R_08V_02I_04M/lr203_grb_genconfig_mslp_seed_177.log;random;08R_08V_02I_04M;1;0;1;/dados/rmelo/PDPTW-SE/benchmark_multi_island_v5/official_experiments/multistartlp/official/set_01_pt_02/../../../../instances/orig_ams_fg/08R_08V_02I_04M/t2/lr203/;60000;221;0;1529.19;17;9;H;50;95;0;100.0;30.0;true;0.95;100.0;1.0;1.0;1.0;1.0;60;M;60000;60000;false;34;0.68;102.9;0.85;17;10;1000000;-1;3600;24.34;0.68;0.85;mslp;heur;0.68;0.85;-1;3600;60000;I;8;0.75;0.12;lr203;0;/dados/rmelo/PDPTW-SE/benchmark_multi_island_v5/official_experiments/multistartlp/official/set_01_pt_02/logs;0;0;0;0.0;100.0;1;177;/dados/rmelo/PDPTW-SE/benchmark_multi_island_v5/official_experiments/multistartlp/official/set_01_pt_02/logs/heur_mslp/solutions/08R_08V_02I_04M/lr203_sol_genconfig_mslp_seed_177.txt;Gurobi;AUTOMATIC;17.93;_bash_5;_seed_177;14604.02;1;0.82;/dados/rmelo/PDPTW-SE/benchmark_multi_island_v5/official_experiments/multistartlp/official/set_01_pt_02/logs/heur_mslp/timelines/08R_08V_02I_04M/lr203_timeline_genconfig_mslp_seed_177.txt;131.96;t2;0;684.26;false
0.05;0.0;0.02;0.02;0.0;0.0;7;/dados/rmelo/PDPTW-SE/benchmark_multi_island_v5/official_experiments/multistartlp/official/set_01_pt_02/logs/heur_mslp/outputs/csvresults_heur_mslp_bash_5.csv;0;3;1;18;0;0.0;0.5;true;10;2;lr204_t2_08R_08V_02I_03M;/dados/rmelo/PDPTW-SE/benchmark_multi_island_v5/official_experiments/multistartlp/official/set_01_pt_02/configs/genconfig_mslp.conf;genconfig_mslp;/dados/rmelo/PDPTW-SE/benchmark_multi_island_v5/official_experiments/multistartlp/official/set_01_pt_02/logs/heur_mslp/gurobi/08R_08V_02I_03M/lr204_grb_genconfig_mslp_seed_177.log;random;08R_08V_02I_03M;1;0;1;/dados/rmelo/PDPTW-SE/benchmark_multi_island_v5/official_experiments/multistartlp/official/set_01_pt_02/../../../../instances/orig_ams_fg/08R_08V_02I_04M/t2/lr204/;60000;117;0;1036.39;17;9;H;50;95;0;100.0;30.0;true;0.95;100.0;1.0;1.0;1.0;1.0;60;M;58468;60000;false;38;0.51;129.13;0.96;19;10;1000000;-1;3600;13.09;0.34;0.71;mslp;heur;0.17;0.46;-1;3600;60000;I;8;0.33;0.25;lr204;0;/dados/rmelo/PDPTW-SE/benchmark_multi_island_v5/official_experiments/multistartlp/official/set_01_pt_02/logs;0;0;0;0.0;97.45;1;177;/dados/rmelo/PDPTW-SE/benchmark_multi_island_v5/official_experiments/multistartlp/official/set_01_pt_02/logs/heur_mslp/solutions/08R_08V_02I_03M/lr204_sol_genconfig_mslp_seed_177.txt;Gurobi;AUTOMATIC;18.03;_bash_5;_seed_177;7853.57;1;0.61;/dados/rmelo/PDPTW-SE/benchmark_multi_island_v5/official_experiments/multistartlp/official/set_01_pt_02/logs/heur_mslp/timelines/08R_08V_02I_03M/lr204_timeline_genconfig_mslp_seed_177.txt;137.82;t2;0;683.79;false
0.05;0.0;0.02;0.02;0.0;0.01;7;/dados/rmelo/PDPTW-SE/benchmark_multi_island_v5/official_experiments/multistartlp/official/set_01_pt_02/logs/heur_mslp/outputs/csvresults_heur_mslp_bash_5.csv;0;4;1;18;0;0.0;0.5;true;10;2;lr204_t2_08R_08V_02I_04M;/dados/rmelo/PDPTW-SE/benchmark_multi_island_v5/official_experiments/multistartlp/official/set_01_pt_02/configs/genconfig_mslp.conf;genconfig_mslp;/dados/rmelo/PDPTW-SE/benchmark_multi_island_v5/official_experiments/multistartlp/official/set_01_pt_02/logs/heur_mslp/gurobi/08R_08V_02I_04M/lr204_grb_genconfig_mslp_seed_177.log;random;08R_08V_02I_04M;1;0;1;/dados/rmelo/PDPTW-SE/benchmark_multi_island_v5/official_experiments/multistartlp/official/set_01_pt_02/../../../../instances/orig_ams_fg/08R_08V_02I_04M/t2/lr204/;60000;2345;0;1014.3;17;9;H;50;95;0;100.0;30.0;true;0.95;100.0;1.0;1.0;1.0;1.0;60;M;58778;60000;false;38;0.54;126.01;0.97;19;10;1000000;-1;3600;13.14;0.34;0.66;mslp;heur;0.14;0.35;-1;3600;60000;I;8;0.75;0.25;lr204;0;/dados/rmelo/PDPTW-SE/benchmark_multi_island_v5/official_experiments/multistartlp/official/set_01_pt_02/logs;0;0;0;0.0;97.96;1;177;/dados/rmelo/PDPTW-SE/benchmark_multi_island_v5/official_experiments/multistartlp/official/set_01_pt_02/logs/heur_mslp/solutions/08R_08V_02I_04M/lr204_sol_genconfig_mslp_seed_177.txt;Gurobi;AUTOMATIC;18.09;_bash_5;_seed_177;7885.53;1;5.87;/dados/rmelo/PDPTW-SE/benchmark_multi_island_v5/official_experiments/multistartlp/official/set_01_pt_02/logs/heur_mslp/timelines/08R_08V_02I_04M/lr204_timeline_genconfig_mslp_seed_177.txt;140.85;t2;0;682.02;false
0.05;0.01;0.02;0.03;0.0;0.0;12;/dados/rmelo/PDPTW-SE/benchmark_multi_island_v5/official_experiments/multistartlp/official/set_01_pt_02/logs/heur_mslp/outputs/csvresults_heur_mslp_bash_5.csv;0;3;1;18;0;0.0;0.5;true;10;2;lr205_t2_08R_08V_02I_03M;/dados/rmelo/PDPTW-SE/benchmark_multi_island_v5/official_experiments/multistartlp/official/set_01_pt_02/configs/genconfig_mslp.conf;genconfig_mslp;/dados/rmelo/PDPTW-SE/benchmark_multi_island_v5/official_experiments/multistartlp/official/set_01_pt_02/logs/heur_mslp/gurobi/08R_08V_02I_03M/lr205_grb_genconfig_mslp_seed_177.log;random;08R_08V_02I_03M;1;0;1;/dados/rmelo/PDPTW-SE/benchmark_multi_island_v5/official_experiments/multistartlp/official/set_01_pt_02/../../../../instances/orig_ams_fg/08R_08V_02I_04M/t2/lr205/;60000;47900;0;1389.14;17;9;H;50;95;0;100.0;30.0;true;0.95;100.0;1.0;1.0;1.0;1.0;60;M;60000;60000;false;52;0.52;83.33;0.9;26;10;1000000;-1;3600;28.11;0.32;0.89;mslp;heur;0.13;0.88;-1;3600;60000;I;8;0.67;0.25;lr205;0;/dados/rmelo/PDPTW-SE/benchmark_multi_island_v5/official_experiments/multistartlp/official/set_01_pt_02/logs;0;0;0;0.0;100.0;1;177;/dados/rmelo/PDPTW-SE/benchmark_multi_island_v5/official_experiments/multistartlp/official/set_01_pt_02/logs/heur_mslp/solutions/08R_08V_02I_03M/lr205_sol_genconfig_mslp_seed_177.txt;Gurobi;AUTOMATIC;17.92;_bash_5;_seed_177;16863.28;1;99.34;/dados/rmelo/PDPTW-SE/benchmark_multi_island_v5/official_experiments/multistartlp/official/set_01_pt_02/logs/heur_mslp/timelines/08R_08V_02I_03M/lr205_timeline_genconfig_mslp_seed_177.txt;124.54;t2;0;649.39;false
0.05;0.0;0.02;0.02;0.0;0.0;11;/dados/rmelo/PDPTW-SE/benchmark_multi_island_v5/official_experiments/multistartlp/official/set_01_pt_02/logs/heur_mslp/outputs/csvresults_heur_mslp_bash_5.csv;0;4;1;18;0;0.0;0.5;true;10;2;lr205_t2_08R_08V_02I_04M;/dados/rmelo/PDPTW-SE/benchmark_multi_island_v5/official_experiments/multistartlp/official/set_01_pt_02/configs/genconfig_mslp.conf;genconfig_mslp;/dados/rmelo/PDPTW-SE/benchmark_multi_island_v5/official_experiments/multistartlp/official/set_01_pt_02/logs/heur_mslp/gurobi/08R_08V_02I_04M/lr205_grb_genconfig_mslp_seed_177.log;random;08R_08V_02I_04M;1;0;1;/dados/rmelo/PDPTW-SE/benchmark_multi_island_v5/official_experiments/multistartlp/official/set_01_pt_02/../../../../instances/orig_ams_fg/08R_08V_02I_04M/t2/lr205/;60000;56278;0;1385.59;17;9;H;50;95;0;100.0;30.0;true;0.95;100.0;1.0;1.0;1.0;1.0;60;M;60000;60000;false;52;0.51;76.69;0.95;26;10;1000000;-1;3600;27.4;0.32;0.92;mslp;heur;0.13;0.88;-1;3600;60000;I;8;0.5;0.25;lr205;0;/dados/rmelo/PDPTW-SE/benchmark_multi_island_v5/official_experiments/multistartlp/official/set_01_pt_02/logs;0;0;0;0.0;100.0;1;177;/dados/rmelo/PDPTW-SE/benchmark_multi_island_v5/official_experiments/multistartlp/official/set_01_pt_02/logs/heur_mslp/solutions/08R_08V_02I_04M/lr205_sol_genconfig_mslp_seed_177.txt;Gurobi;AUTOMATIC;18.16;_bash_5;_seed_177;16442.03;1;121.46;/dados/rmelo/PDPTW-SE/benchmark_multi_island_v5/official_experiments/multistartlp/official/set_01_pt_02/logs/heur_mslp/timelines/08R_08V_02I_04M/lr205_timeline_genconfig_mslp_seed_177.txt;129.66;t2;0;639.69;false
0.05;0.19;0.36;0.55;0.01;0.17;4;/dados/rmelo/PDPTW-SE/benchmark_multi_island_v5/official_experiments/multistartlp/official/set_01_pt_02/logs/heur_mslp/outputs/csvresults_heur_mslp_bash_5.csv;0;3;1;18;0;0.0;0.5;true;10;2;lr101_t1_08R_08V_04I_03M;/dados/rmelo/PDPTW-SE/benchmark_multi_island_v5/official_experiments/multistartlp/official/set_01_pt_02/configs/genconfig_mslp.conf;genconfig_mslp;/dados/rmelo/PDPTW-SE/benchmark_multi_island_v5/official_experiments/multistartlp/official/set_01_pt_02/logs/heur_mslp/gurobi/08R_08V_04I_03M/lr101_grb_genconfig_mslp_seed_177.log;random;08R_08V_04I_03M;1;59755;1;/dados/rmelo/PDPTW-SE/benchmark_multi_island_v5/official_experiments/multistartlp/official/set_01_pt_02/../../../../instances/orig_ams_fg/08R_08V_04I_04M/t1/lr101/;60000;19717;0;1388.08;17;9;H;50;95;0;100.0;30.0;true;0.95;100.0;1.0;1.0;1.0;1.0;60;M;245;245;false;52;0.9;86.6;0.87;26;10;1000000;-1;3600;16.71;0.7;0.36;mslp;heur;0.48;0.13;-1;3600;60000;I;8;1.0;0.88;lr101;0;/dados/rmelo/PDPTW-SE/benchmark_multi_island_v5/official_experiments/multistartlp/official/set_01_pt_02/logs;0;0;0;99.59;100.0;1;177;/dados/rmelo/PDPTW-SE/benchmark_multi_island_v5/official_experiments/multistartlp/official/set_01_pt_02/logs/heur_mslp/solutions/08R_08V_04I_03M/lr101_sol_genconfig_mslp_seed_177.txt;Gurobi;AUTOMATIC;18.1;_bash_5;_seed_177;40.93;1;2.54;/dados/rmelo/PDPTW-SE/benchmark_multi_island_v5/official_experiments/multistartlp/official/set_01_pt_02/logs/heur_mslp/timelines/08R_08V_04I_03M/lr101_timeline_genconfig_mslp_seed_177.txt;7.1;t1;0;1155.57;false
0.05;0.16;0.26;0.42;0.02;0.16;6;/dados/rmelo/PDPTW-SE/benchmark_multi_island_v5/official_experiments/multistartlp/official/set_01_pt_02/logs/heur_mslp/outputs/csvresults_heur_mslp_bash_5.csv;0;4;1;18;0;0.0;0.5;true;10;2;lr101_t1_08R_08V_04I_04M;/dados/rmelo/PDPTW-SE/benchmark_multi_island_v5/official_experiments/multistartlp/official/set_01_pt_02/configs/genconfig_mslp.conf;genconfig_mslp;/dados/rmelo/PDPTW-SE/benchmark_multi_island_v5/official_experiments/multistartlp/official/set_01_pt_02/logs/heur_mslp/gurobi/08R_08V_04I_04M/lr101_grb_genconfig_mslp_seed_177.log;random;08R_08V_04I_04M;1;41733;1;/dados/rmelo/PDPTW-SE/benchmark_multi_island_v5/official_experiments/multistartlp/official/set_01_pt_02/../../../../instances/orig_ams_fg/08R_08V_04I_04M/t1/lr101/;60000;2506;0;1488.53;17;9;H;50;95;0;100.0;30.0;true;0.95;100.0;1.0;1.0;1.0;1.0;60;M;18267;18267;false;52;0.85;86.6;0.87;26;10;1000000;-1;3600;19.6;0.65;0.37;mslp;heur;0.48;0.15;-1;3600;60000;I;8;1.0;0.88;lr101;0;/dados/rmelo/PDPTW-SE/benchmark_multi_island_v5/official_experiments/multistartlp/official/set_01_pt_02/logs;0;0;0;69.56;100.0;1;177;/dados/rmelo/PDPTW-SE/benchmark_multi_island_v5/official_experiments/multistartlp/official/set_01_pt_02/logs/heur_mslp/solutions/08R_08V_04I_04M/lr101_sol_genconfig_mslp_seed_177.txt;Gurobi;AUTOMATIC;17.94;_bash_5;_seed_177;3579.86;1;2.32;/dados/rmelo/PDPTW-SE/benchmark_multi_island_v5/official_experiments/multistartlp/official/set_01_pt_02/logs/heur_mslp/timelines/08R_08V_04I_04M/lr101_timeline_genconfig_mslp_seed_177.txt;44.39;t1;0;1067.57;false
0.05;0.13;0.24;0.37;0.02;0.02;8;/dados/rmelo/PDPTW-SE/benchmark_multi_island_v5/official_experiments/multistartlp/official/set_01_pt_02/logs/heur_mslp/outputs/csvresults_heur_mslp_bash_5.csv;0;3;1;18;0;0.0;0.5;true;10;2;lr102_t1_08R_08V_04I_03M;/dados/rmelo/PDPTW-SE/benchmark_multi_island_v5/official_experiments/multistartlp/official/set_01_pt_02/configs/genconfig_mslp.conf;genconfig_mslp;/dados/rmelo/PDPTW-SE/benchmark_multi_island_v5/official_experiments/multistartlp/official/set_01_pt_02/logs/heur_mslp/gurobi/08R_08V_04I_03M/lr102_grb_genconfig_mslp_seed_177.log;random;08R_08V_04I_03M;1;30741;1;/dados/rmelo/PDPTW-SE/benchmark_multi_island_v5/official_experiments/multistartlp/official/set_01_pt_02/../../../../instances/orig_ams_fg/08R_08V_04I_04M/t1/lr102/;60000;504;0;927.43;17;9;H;50;95;0;100.0;30.0;true;0.95;100.0;1.0;1.0;1.0;1.0;60;M;29259;29259;false;58;0.98;75.27;0.68;29;10;1000000;-1;3600;14.57;0.67;0.43;mslp;heur;0.35;0.13;-1;3600;60000;I;8;1.0;0.62;lr102;0;/dados/rmelo/PDPTW-SE/benchmark_multi_island_v5/official_experiments/multistartlp/official/set_01_pt_02/logs;0;0;0;51.24;100.0;1;177;/dados/rmelo/PDPTW-SE/benchmark_multi_island_v5/official_experiments/multistartlp/official/set_01_pt_02/logs/heur_mslp/solutions/08R_08V_04I_03M/lr102_sol_genconfig_mslp_seed_177.txt;Gurobi;AUTOMATIC;18.09;_bash_5;_seed_177;4263.43;1;0.89;/dados/rmelo/PDPTW-SE/benchmark_multi_island_v5/official_experiments/multistartlp/official/set_01_pt_02/logs/heur_mslp/timelines/08R_08V_04I_03M/lr102_timeline_genconfig_mslp_seed_177.txt;61.58;t1;0;772.63;false
0.05;0.1;0.18;0.28;0.02;0.02;6;/dados/rmelo/PDPTW-SE/benchmark_multi_island_v5/official_experiments/multistartlp/official/set_01_pt_02/logs/heur_mslp/outputs/csvresults_heur_mslp_bash_5.csv;0;4;1;18;0;0.0;0.5;true;10;2;lr102_t1_08R_08V_04I_04M;/dados/rmelo/PDPTW-SE/benchmark_multi_island_v5/official_experiments/multistartlp/official/set_01_pt_02/configs/genconfig_mslp.conf;genconfig_mslp;/dados/rmelo/PDPTW-SE/benchmark_multi_island_v5/official_experiments/multistartlp/official/set_01_pt_02/logs/heur_mslp/gurobi/08R_08V_04I_04M/lr102_grb_genconfig_mslp_seed_177.log;random;08R_08V_04I_04M;1;30244;1;/dados/rmelo/PDPTW-SE/benchmark_multi_island_v5/official_experiments/multistartlp/official/set_01_pt_02/../../../../instances/orig_ams_fg/08R_08V_04I_04M/t1/lr102/;60000;489;0;951.49;17;9;H;50;95;0;100.0;30.0;true;0.95;100.0;1.0;1.0;1.0;1.0;60;M;29756;29756;false;58;0.98;75.27;0.68;29;10;1000000;-1;3600;14.35;0.67;0.41;mslp;heur;0.35;0.13;-1;3600;60000;I;8;1.0;0.62;lr102;0;/dados/rmelo/PDPTW-SE/benchmark_multi_island_v5/official_experiments/multistartlp/official/set_01_pt_02/logs;0;0;0;50.41;100.0;1;177;/dados/rmelo/PDPTW-SE/benchmark_multi_island_v5/official_experiments/multistartlp/official/set_01_pt_02/logs/heur_mslp/solutions/08R_08V_04I_04M/lr102_sol_genconfig_mslp_seed_177.txt;Gurobi;AUTOMATIC;18.1;_bash_5;_seed_177;4268.98;1;0.91;/dados/rmelo/PDPTW-SE/benchmark_multi_island_v5/official_experiments/multistartlp/official/set_01_pt_02/logs/heur_mslp/timelines/08R_08V_04I_04M/lr102_timeline_genconfig_mslp_seed_177.txt;64.8;t1;0;773.21;false
0.05;0.08;0.18;0.26;0.0;0.0;4;/dados/rmelo/PDPTW-SE/benchmark_multi_island_v5/official_experiments/multistartlp/official/set_01_pt_02/logs/heur_mslp/outputs/csvresults_heur_mslp_bash_5.csv;0;3;1;18;0;0.0;0.5;true;10;2;lr103_t1_08R_08V_04I_03M;/dados/rmelo/PDPTW-SE/benchmark_multi_island_v5/official_experiments/multistartlp/official/set_01_pt_02/configs/genconfig_mslp.conf;genconfig_mslp;/dados/rmelo/PDPTW-SE/benchmark_multi_island_v5/official_experiments/multistartlp/official/set_01_pt_02/logs/heur_mslp/gurobi/08R_08V_04I_03M/lr103_grb_genconfig_mslp_seed_177.log;random;08R_08V_04I_03M;1;11909;1;/dados/rmelo/PDPTW-SE/benchmark_multi_island_v5/official_experiments/multistartlp/official/set_01_pt_02/../../../../instances/orig_ams_fg/08R_08V_04I_04M/t1/lr103/;60000;106;0;752.28;17;9;H;50;95;0;100.0;30.0;true;0.95;100.0;1.0;1.0;1.0;1.0;60;M;48091;48091;false;38;0.97;71.59;0.85;19;10;1000000;-1;3600;11.54;0.82;0.68;mslp;heur;0.55;0.5;-1;3600;60000;I;8;1.0;0.38;lr103;0;/dados/rmelo/PDPTW-SE/benchmark_multi_island_v5/official_experiments/multistartlp/official/set_01_pt_02/logs;0;0;0;19.85;100.0;1;177;/dados/rmelo/PDPTW-SE/benchmark_multi_island_v5/official_experiments/multistartlp/official/set_01_pt_02/logs/heur_mslp/solutions/08R_08V_04I_03M/lr103_sol_genconfig_mslp_seed_177.txt;Gurobi;AUTOMATIC;17.91;_bash_5;_seed_177;5551.49;1;0.49;/dados/rmelo/PDPTW-SE/benchmark_multi_island_v5/official_experiments/multistartlp/official/set_01_pt_02/logs/heur_mslp/timelines/08R_08V_04I_03M/lr103_timeline_genconfig_mslp_seed_177.txt;104.83;t1;0;563.98;false
0.05;0.08;0.18;0.26;0.0;0.0;5;/dados/rmelo/PDPTW-SE/benchmark_multi_island_v5/official_experiments/multistartlp/official/set_01_pt_02/logs/heur_mslp/outputs/csvresults_heur_mslp_bash_5.csv;0;4;1;18;0;0.0;0.5;true;10;2;lr103_t1_08R_08V_04I_04M;/dados/rmelo/PDPTW-SE/benchmark_multi_island_v5/official_experiments/multistartlp/official/set_01_pt_02/configs/genconfig_mslp.conf;genconfig_mslp;/dados/rmelo/PDPTW-SE/benchmark_multi_island_v5/official_experiments/multistartlp/official/set_01_pt_02/logs/heur_mslp/gurobi/08R_08V_04I_04M/lr103_grb_genconfig_mslp_seed_177.log;random;08R_08V_04I_04M;1;727;1;/dados/rmelo/PDPTW-SE/benchmark_multi_island_v5/official_experiments/multistartlp/official/set_01_pt_02/../../../../instances/orig_ams_fg/08R_08V_04I_04M/t1/lr103/;60000;172;0;745.1;17;9;H;50;95;0;100.0;30.0;true;0.95;100.0;1.0;1.0;1.0;1.0;60;M;59273;59273;false;38;0.97;70.03;0.85;19;10;1000000;-1;3600;10.58;0.82;0.69;mslp;heur;0.55;0.42;-1;3600;60000;I;8;0.75;0.38;lr103;0;/dados/rmelo/PDPTW-SE/benchmark_multi_island_v5/official_experiments/multistartlp/official/set_01_pt_02/logs;0;0;0;1.21;100.0;1;177;/dados/rmelo/PDPTW-SE/benchmark_multi_island_v5/official_experiments/multistartlp/official/set_01_pt_02/logs/heur_mslp/solutions/08R_08V_04I_04M/lr103_sol_genconfig_mslp_seed_177.txt;Gurobi;AUTOMATIC;17.91;_bash_5;_seed_177;6274.05;1;0.72;/dados/rmelo/PDPTW-SE/benchmark_multi_island_v5/official_experiments/multistartlp/official/set_01_pt_02/logs/heur_mslp/timelines/08R_08V_04I_04M/lr103_timeline_genconfig_mslp_seed_177.txt;128.41;t1;0;562.45;false
0.05;0.09;0.21;0.3;0.0;0.0;5;/dados/rmelo/PDPTW-SE/benchmark_multi_island_v5/official_experiments/multistartlp/official/set_01_pt_02/logs/heur_mslp/outputs/csvresults_heur_mslp_bash_5.csv;0;3;1;18;0;0.0;0.5;true;10;2;lr104_t1_08R_08V_04I_03M;/dados/rmelo/PDPTW-SE/benchmark_multi_island_v5/official_experiments/multistartlp/official/set_01_pt_02/configs/genconfig_mslp.conf;genconfig_mslp;/dados/rmelo/PDPTW-SE/benchmark_multi_island_v5/official_experiments/multistartlp/official/set_01_pt_02/logs/heur_mslp/gurobi/08R_08V_04I_03M/lr104_grb_genconfig_mslp_seed_177.log;random;08R_08V_04I_03M;1;11292;1;/dados/rmelo/PDPTW-SE/benchmark_multi_island_v5/official_experiments/multistartlp/official/set_01_pt_02/../../../../instances/orig_ams_fg/08R_08V_04I_04M/t1/lr104/;60000;651;0;867.07;17;9;H;50;95;0;100.0;30.0;true;0.95;100.0;1.0;1.0;1.0;1.0;60;M;48708;48708;false;40;0.92;77.35;0.6;20;10;1000000;-1;3600;16.2;0.56;0.48;mslp;heur;0.33;0.27;-1;3600;60000;I;8;1.0;0.62;lr104;0;/dados/rmelo/PDPTW-SE/benchmark_multi_island_v5/official_experiments/multistartlp/official/set_01_pt_02/logs;0;0;0;18.82;100.0;1;177;/dados/rmelo/PDPTW-SE/benchmark_multi_island_v5/official_experiments/multistartlp/official/set_01_pt_02/logs/heur_mslp/solutions/08R_08V_04I_03M/lr104_sol_genconfig_mslp_seed_177.txt;Gurobi;AUTOMATIC;18.0;_bash_5;_seed_177;7888.88;1;1.57;/dados/rmelo/PDPTW-SE/benchmark_multi_island_v5/official_experiments/multistartlp/official/set_01_pt_02/logs/heur_mslp/timelines/08R_08V_04I_03M/lr104_timeline_genconfig_mslp_seed_177.txt;110.03;t1;0;649.57;false
0.05;0.05;0.18;0.23;0.0;0.0;11;/dados/rmelo/PDPTW-SE/benchmark_multi_island_v5/official_experiments/multistartlp/official/set_01_pt_02/logs/heur_mslp/outputs/csvresults_heur_mslp_bash_5.csv;0;4;1;18;0;0.0;0.5;true;10;2;lr104_t1_08R_08V_04I_04M;/dados/rmelo/PDPTW-SE/benchmark_multi_island_v5/official_experiments/multistartlp/official/set_01_pt_02/configs/genconfig_mslp.conf;genconfig_mslp;/dados/rmelo/PDPTW-SE/benchmark_multi_island_v5/official_experiments/multistartlp/official/set_01_pt_02/logs/heur_mslp/gurobi/08R_08V_04I_04M/lr104_grb_genconfig_mslp_seed_177.log;random;08R_08V_04I_04M;1;1983;1;/dados/rmelo/PDPTW-SE/benchmark_multi_island_v5/official_experiments/multistartlp/official/set_01_pt_02/../../../../instances/orig_ams_fg/08R_08V_04I_04M/t1/lr104/;60000;1110;0;717.81;17;9;H;50;95;0;100.0;30.0;true;0.95;100.0;1.0;1.0;1.0;1.0;60;M;58017;58017;false;40;0.82;77.35;0.77;20;10;1000000;-1;3600;10.62;0.56;0.53;mslp;heur;0.33;0.3;-1;3600;60000;I;8;1.0;0.62;lr104;0;/dados/rmelo/PDPTW-SE/benchmark_multi_island_v5/official_experiments/multistartlp/official/set_01_pt_02/logs;0;0;0;3.3;100.0;1;177;/dados/rmelo/PDPTW-SE/benchmark_multi_island_v5/official_experiments/multistartlp/official/set_01_pt_02/logs/heur_mslp/solutions/08R_08V_04I_04M/lr104_sol_genconfig_mslp_seed_177.txt;Gurobi;AUTOMATIC;17.92;_bash_5;_seed_177;6163.78;1;2.79;/dados/rmelo/PDPTW-SE/benchmark_multi_island_v5/official_experiments/multistartlp/official/set_01_pt_02/logs/heur_mslp/timelines/08R_08V_04I_04M/lr104_timeline_genconfig_mslp_seed_177.txt;128.76;t1;0;649.55;false
0.05;0.11;0.3;0.42;0.0;0.04;3;/dados/rmelo/PDPTW-SE/benchmark_multi_island_v5/official_experiments/multistartlp/official/set_01_pt_02/logs/heur_mslp/outputs/csvresults_heur_mslp_bash_5.csv;0;3;1;18;0;0.0;0.5;true;10;2;lr105_t1_08R_08V_04I_03M;/dados/rmelo/PDPTW-SE/benchmark_multi_island_v5/official_experiments/multistartlp/official/set_01_pt_02/configs/genconfig_mslp.conf;genconfig_mslp;/dados/rmelo/PDPTW-SE/benchmark_multi_island_v5/official_experiments/multistartlp/official/set_01_pt_02/logs/heur_mslp/gurobi/08R_08V_04I_03M/lr105_grb_genconfig_mslp_seed_177.log;random;08R_08V_04I_03M;1;51814;1;/dados/rmelo/PDPTW-SE/benchmark_multi_island_v5/official_experiments/multistartlp/official/set_01_pt_02/../../../../instances/orig_ams_fg/08R_08V_04I_04M/t1/lr105/;60000;1567;0;978.83;17;9;H;50;95;0;100.0;30.0;true;0.95;100.0;1.0;1.0;1.0;1.0;60;M;8186;8186;false;52;0.8;83.91;0.59;26;10;1000000;-1;3600;14.4;0.61;0.45;mslp;heur;0.4;0.35;-1;3600;60000;I;8;1.0;0.62;lr105;0;/dados/rmelo/PDPTW-SE/benchmark_multi_island_v5/official_experiments/multistartlp/official/set_01_pt_02/logs;0;0;0;86.36;100.0;1;177;/dados/rmelo/PDPTW-SE/benchmark_multi_island_v5/official_experiments/multistartlp/official/set_01_pt_02/logs/heur_mslp/solutions/08R_08V_04I_03M/lr105_sol_genconfig_mslp_seed_177.txt;Gurobi;AUTOMATIC;17.84;_bash_5;_seed_177;1178.96;1;0.99;/dados/rmelo/PDPTW-SE/benchmark_multi_island_v5/official_experiments/multistartlp/official/set_01_pt_02/logs/heur_mslp/timelines/08R_08V_04I_03M/lr105_timeline_genconfig_mslp_seed_177.txt;26.26;t1;0;754.77;false
0.05;0.07;0.23;0.3;0.0;0.04;6;/dados/rmelo/PDPTW-SE/benchmark_multi_island_v5/official_experiments/multistartlp/official/set_01_pt_02/logs/heur_mslp/outputs/csvresults_heur_mslp_bash_5.csv;0;4;1;18;0;0.0;0.5;true;10;2;lr105_t1_08R_08V_04I_04M;/dados/rmelo/PDPTW-SE/benchmark_multi_island_v5/official_experiments/multistartlp/official/set_01_pt_02/configs/genconfig_mslp.conf;genconfig_mslp;/dados/rmelo/PDPTW-SE/benchmark_multi_island_v5/official_experiments/multistartlp/official/set_01_pt_02/logs/heur_mslp/gurobi/08R_08V_04I_04M/lr105_grb_genconfig_mslp_seed_177.log;random;08R_08V_04I_04M;1;9185;1;/dados/rmelo/PDPTW-SE/benchmark_multi_island_v5/official_experiments/multistartlp/official/set_01_pt_02/../../../../instances/orig_ams_fg/08R_08V_04I_04M/t1/lr105/;60000;2943;0;954.34;17;9;H;50;95;0;100.0;30.0;true;0.95;100.0;1.0;1.0;1.0;1.0;60;M;50815;50815;false;52;0.79;83.91;0.76;26;10;1000000;-1;3600;13.55;0.61;0.52;mslp;heur;0.41;0.37;-1;3600;60000;I;8;1.0;0.62;lr105;0;/dados/rmelo/PDPTW-SE/benchmark_multi_island_v5/official_experiments/multistartlp/official/set_01_pt_02/logs;0;0;0;15.31;100.0;1;177;/dados/rmelo/PDPTW-SE/benchmark_multi_island_v5/official_experiments/multistartlp/official/set_01_pt_02/logs/heur_mslp/solutions/08R_08V_04I_04M/lr105_sol_genconfig_mslp_seed_177.txt;Gurobi;AUTOMATIC;17.84;_bash_5;_seed_177;6887.3;1;5.61;/dados/rmelo/PDPTW-SE/benchmark_multi_island_v5/official_experiments/multistartlp/official/set_01_pt_02/logs/heur_mslp/timelines/08R_08V_04I_04M/lr105_timeline_genconfig_mslp_seed_177.txt;104.1;t1;0;751.51;false
0.05;0.01;0.09;0.1;0.16;0.11;10;/dados/rmelo/PDPTW-SE/benchmark_multi_island_v5/official_experiments/multistartlp/official/set_01_pt_02/logs/heur_mslp/outputs/csvresults_heur_mslp_bash_5.csv;0;3;1;18;0;0.0;0.5;true;10;2;lr201_t2_08R_08V_04I_03M;/dados/rmelo/PDPTW-SE/benchmark_multi_island_v5/official_experiments/multistartlp/official/set_01_pt_02/configs/genconfig_mslp.conf;genconfig_mslp;/dados/rmelo/PDPTW-SE/benchmark_multi_island_v5/official_experiments/multistartlp/official/set_01_pt_02/logs/heur_mslp/gurobi/08R_08V_04I_03M/lr201_grb_genconfig_mslp_seed_177.log;random;08R_08V_04I_03M;1;0;1;/dados/rmelo/PDPTW-SE/benchmark_multi_island_v5/official_experiments/multistartlp/official/set_01_pt_02/../../../../instances/orig_ams_fg/08R_08V_04I_04M/t2/lr201/;60000;9164;0;1527.78;17;9;H;50;95;0;100.0;30.0;true;0.95;100.0;1.0;1.0;1.0;1.0;60;M;60000;60000;false;52;0.72;77.67;0.9;26;10;1000000;-1;3600;22.08;0.51;0.88;mslp;heur;0.3;0.87;-1;3600;60000;I;8;1.0;0.25;lr201;0;/dados/rmelo/PDPTW-SE/benchmark_multi_island_v5/official_experiments/multistartlp/official/set_01_pt_02/logs;0;0;0;0.0;100.0;1;177;/dados/rmelo/PDPTW-SE/benchmark_multi_island_v5/official_experiments/multistartlp/official/set_01_pt_02/logs/heur_mslp/solutions/08R_08V_04I_03M/lr201_sol_genconfig_mslp_seed_177.txt;Gurobi;AUTOMATIC;17.8;_bash_5;_seed_177;13247.55;1;19.43;/dados/rmelo/PDPTW-SE/benchmark_multi_island_v5/official_experiments/multistartlp/official/set_01_pt_02/logs/heur_mslp/timelines/08R_08V_04I_03M/lr201_timeline_genconfig_mslp_seed_177.txt;123.5;t2;0;1022.83;false
0.05;0.02;0.06;0.09;0.13;0.13;11;/dados/rmelo/PDPTW-SE/benchmark_multi_island_v5/official_experiments/multistartlp/official/set_01_pt_02/logs/heur_mslp/outputs/csvresults_heur_mslp_bash_5.csv;0;4;1;18;0;0.0;0.5;true;10;2;lr201_t2_08R_08V_04I_04M;/dados/rmelo/PDPTW-SE/benchmark_multi_island_v5/official_experiments/multistartlp/official/set_01_pt_02/configs/genconfig_mslp.conf;genconfig_mslp;/dados/rmelo/PDPTW-SE/benchmark_multi_island_v5/official_experiments/multistartlp/official/set_01_pt_02/logs/heur_mslp/gurobi/08R_08V_04I_04M/lr201_grb_genconfig_mslp_seed_177.log;random;08R_08V_04I_04M;1;0;1;/dados/rmelo/PDPTW-SE/benchmark_multi_island_v5/official_experiments/multistartlp/official/set_01_pt_02/../../../../instances/orig_ams_fg/08R_08V_04I_04M/t2/lr201/;60000;9164;0;1527.78;17;9;H;50;95;0;100.0;30.0;true;0.95;100.0;1.0;1.0;1.0;1.0;60;M;60000;60000;false;52;0.72;77.67;0.9;26;10;1000000;-1;3600;21.86;0.51;0.88;mslp;heur;0.3;0.87;-1;3600;60000;I;8;1.0;0.25;lr201;0;/dados/rmelo/PDPTW-SE/benchmark_multi_island_v5/official_experiments/multistartlp/official/set_01_pt_02/logs;0;0;0;0.0;100.0;1;177;/dados/rmelo/PDPTW-SE/benchmark_multi_island_v5/official_experiments/multistartlp/official/set_01_pt_02/logs/heur_mslp/solutions/08R_08V_04I_04M/lr201_sol_genconfig_mslp_seed_177.txt;Gurobi;AUTOMATIC;17.73;_bash_5;_seed_177;13116.99;1;19.48;/dados/rmelo/PDPTW-SE/benchmark_multi_island_v5/official_experiments/multistartlp/official/set_01_pt_02/logs/heur_mslp/timelines/08R_08V_04I_04M/lr201_timeline_genconfig_mslp_seed_177.txt;124.9;t2;0;1018.91;false
0.05;0.03;0.08;0.1;0.0;0.0;10;/dados/rmelo/PDPTW-SE/benchmark_multi_island_v5/official_experiments/multistartlp/official/set_01_pt_02/logs/heur_mslp/outputs/csvresults_heur_mslp_bash_5.csv;0;3;1;18;0;0.0;0.5;true;10;2;lr202_t2_08R_08V_04I_03M;/dados/rmelo/PDPTW-SE/benchmark_multi_island_v5/official_experiments/multistartlp/official/set_01_pt_02/configs/genconfig_mslp.conf;genconfig_mslp;/dados/rmelo/PDPTW-SE/benchmark_multi_island_v5/official_experiments/multistartlp/official/set_01_pt_02/logs/heur_mslp/gurobi/08R_08V_04I_03M/lr202_grb_genconfig_mslp_seed_177.log;random;08R_08V_04I_03M;1;0;1;/dados/rmelo/PDPTW-SE/benchmark_multi_island_v5/official_experiments/multistartlp/official/set_01_pt_02/../../../../instances/orig_ams_fg/08R_08V_04I_04M/t2/lr202/;60000;54952;0;1502.78;17;9;H;50;95;0;100.0;30.0;true;0.95;100.0;1.0;1.0;1.0;1.0;60;M;60000;60000;false;46;0.48;92.55;0.78;23;10;1000000;-1;3600;25.21;0.4;0.61;mslp;heur;0.31;0.43;-1;3600;60000;I;8;1.0;0.25;lr202;0;/dados/rmelo/PDPTW-SE/benchmark_multi_island_v5/official_experiments/multistartlp/official/set_01_pt_02/logs;0;0;0;0.0;100.0;1;177;/dados/rmelo/PDPTW-SE/benchmark_multi_island_v5/official_experiments/multistartlp/official/set_01_pt_02/logs/heur_mslp/solutions/08R_08V_04I_03M/lr202_sol_genconfig_mslp_seed_177.txt;Gurobi;AUTOMATIC;17.84;_bash_5;_seed_177;15125.5;1;140.25;/dados/rmelo/PDPTW-SE/benchmark_multi_island_v5/official_experiments/multistartlp/official/set_01_pt_02/logs/heur_mslp/timelines/08R_08V_04I_03M/lr202_timeline_genconfig_mslp_seed_177.txt;153.17;t2;0;796.27;false
0.05;0.04;0.05;0.09;0.0;0.0;13;/dados/rmelo/PDPTW-SE/benchmark_multi_island_v5/official_experiments/multistartlp/official/set_01_pt_02/logs/heur_mslp/outputs/csvresults_heur_mslp_bash_5.csv;0;4;1;18;0;0.0;0.5;true;10;2;lr202_t2_08R_08V_04I_04M;/dados/rmelo/PDPTW-SE/benchmark_multi_island_v5/official_experiments/multistartlp/official/set_01_pt_02/configs/genconfig_mslp.conf;genconfig_mslp;/dados/rmelo/PDPTW-SE/benchmark_multi_island_v5/official_experiments/multistartlp/official/set_01_pt_02/logs/heur_mslp/gurobi/08R_08V_04I_04M/lr202_grb_genconfig_mslp_seed_177.log;random;08R_08V_04I_04M;1;0;1;/dados/rmelo/PDPTW-SE/benchmark_multi_island_v5/official_experiments/multistartlp/official/set_01_pt_02/../../../../instances/orig_ams_fg/08R_08V_04I_04M/t2/lr202/;60000;52984;0;1502.78;17;9;H;50;95;0;100.0;30.0;true;0.95;100.0;1.0;1.0;1.0;1.0;60;M;60000;60000;false;46;0.45;88.06;0.95;23;10;1000000;-1;3600;30.52;0.38;0.81;mslp;heur;0.31;0.67;-1;3600;60000;I;8;1.0;0.25;lr202;0;/dados/rmelo/PDPTW-SE/benchmark_multi_island_v5/official_experiments/multistartlp/official/set_01_pt_02/logs;0;0;0;0.0;100.0;1;177;/dados/rmelo/PDPTW-SE/benchmark_multi_island_v5/official_experiments/multistartlp/official/set_01_pt_02/logs/heur_mslp/solutions/08R_08V_04I_04M/lr202_sol_genconfig_mslp_seed_177.txt;Gurobi;AUTOMATIC;17.96;_bash_5;_seed_177;18312.37;1;140.95;/dados/rmelo/PDPTW-SE/benchmark_multi_island_v5/official_experiments/multistartlp/official/set_01_pt_02/logs/heur_mslp/timelines/08R_08V_04I_04M/lr202_timeline_genconfig_mslp_seed_177.txt;159.7;t2;0;760.68;false
0.05;0.05;0.12;0.16;0.01;0.01;9;/dados/rmelo/PDPTW-SE/benchmark_multi_island_v5/official_experiments/multistartlp/official/set_01_pt_02/logs/heur_mslp/outputs/csvresults_heur_mslp_bash_5.csv;0;3;1;18;0;0.0;0.5;true;10;2;lr203_t2_08R_08V_04I_03M;/dados/rmelo/PDPTW-SE/benchmark_multi_island_v5/official_experiments/multistartlp/official/set_01_pt_02/configs/genconfig_mslp.conf;genconfig_mslp;/dados/rmelo/PDPTW-SE/benchmark_multi_island_v5/official_experiments/multistartlp/official/set_01_pt_02/logs/heur_mslp/gurobi/08R_08V_04I_03M/lr203_grb_genconfig_mslp_seed_177.log;random;08R_08V_04I_03M;1;0;1;/dados/rmelo/PDPTW-SE/benchmark_multi_island_v5/official_experiments/multistartlp/official/set_01_pt_02/../../../../instances/orig_ams_fg/08R_08V_04I_04M/t2/lr203/;60000;5860;0;1530.69;17;9;H;50;95;0;100.0;30.0;true;0.95;100.0;1.0;1.0;1.0;1.0;60;M;60000;60000;false;34;0.68;80.61;1.0;17;10;1000000;-1;3600;20.91;0.68;1.0;mslp;heur;0.68;1.0;-1;3600;60000;I;8;0.67;0.12;lr203;0;/dados/rmelo/PDPTW-SE/benchmark_multi_island_v5/official_experiments/multistartlp/official/set_01_pt_02/logs;0;0;0;0.0;100.0;1;177;/dados/rmelo/PDPTW-SE/benchmark_multi_island_v5/official_experiments/multistartlp/official/set_01_pt_02/logs/heur_mslp/solutions/08R_08V_04I_03M/lr203_sol_genconfig_mslp_seed_177.txt;Gurobi;AUTOMATIC;17.82;_bash_5;_seed_177;12545.98;1;13.97;/dados/rmelo/PDPTW-SE/benchmark_multi_island_v5/official_experiments/multistartlp/official/set_01_pt_02/logs/heur_mslp/timelines/08R_08V_04I_03M/lr203_timeline_genconfig_mslp_seed_177.txt;138.63;t2;0;684.38;false
0.05;0.04;0.08;0.12;0.01;0.01;9;/dados/rmelo/PDPTW-SE/benchmark_multi_island_v5/official_experiments/multistartlp/official/set_01_pt_02/logs/heur_mslp/outputs/csvresults_heur_mslp_bash_5.csv;0;4;1;18;0;0.0;0.5;true;10;2;lr203_t2_08R_08V_04I_04M;/dados/rmelo/PDPTW-SE/benchmark_multi_island_v5/official_experiments/multistartlp/official/set_01_pt_02/configs/genconfig_mslp.conf;genconfig_mslp;/dados/rmelo/PDPTW-SE/benchmark_multi_island_v5/official_experiments/multistartlp/official/set_01_pt_02/logs/heur_mslp/gurobi/08R_08V_04I_04M/lr203_grb_genconfig_mslp_seed_177.log;random;08R_08V_04I_04M;1;0;1;/dados/rmelo/PDPTW-SE/benchmark_multi_island_v5/official_experiments/multistartlp/official/set_01_pt_02/../../../../instances/orig_ams_fg/08R_08V_04I_04M/t2/lr203/;60000;5860;0;1526.39;17;9;H;50;95;0;100.0;30.0;true;0.95;100.0;1.0;1.0;1.0;1.0;60;M;60000;60000;false;34;0.68;79.65;1.0;17;10;1000000;-1;3600;21.29;0.68;1.0;mslp;heur;0.68;1.0;-1;3600;60000;I;8;0.75;0.12;lr203;0;/dados/rmelo/PDPTW-SE/benchmark_multi_island_v5/official_experiments/multistartlp/official/set_01_pt_02/logs;0;0;0;0.0;100.0;1;177;/dados/rmelo/PDPTW-SE/benchmark_multi_island_v5/official_experiments/multistartlp/official/set_01_pt_02/logs/heur_mslp/solutions/08R_08V_04I_04M/lr203_sol_genconfig_mslp_seed_177.txt;Gurobi;AUTOMATIC;17.89;_bash_5;_seed_177;12771.99;1;14.57;/dados/rmelo/PDPTW-SE/benchmark_multi_island_v5/official_experiments/multistartlp/official/set_01_pt_02/logs/heur_mslp/timelines/08R_08V_04I_04M/lr203_timeline_genconfig_mslp_seed_177.txt;143.82;t2;0;683.66;false
0.05;0.01;0.06;0.07;0.0;0.0;7;/dados/rmelo/PDPTW-SE/benchmark_multi_island_v5/official_experiments/multistartlp/official/set_01_pt_02/logs/heur_mslp/outputs/csvresults_heur_mslp_bash_5.csv;0;3;1;18;0;0.0;0.5;true;10;2;lr204_t2_08R_08V_04I_03M;/dados/rmelo/PDPTW-SE/benchmark_multi_island_v5/official_experiments/multistartlp/official/set_01_pt_02/configs/genconfig_mslp.conf;genconfig_mslp;/dados/rmelo/PDPTW-SE/benchmark_multi_island_v5/official_experiments/multistartlp/official/set_01_pt_02/logs/heur_mslp/gurobi/08R_08V_04I_03M/lr204_grb_genconfig_mslp_seed_177.log;random;08R_08V_04I_03M;1;0;1;/dados/rmelo/PDPTW-SE/benchmark_multi_island_v5/official_experiments/multistartlp/official/set_01_pt_02/../../../../instances/orig_ams_fg/08R_08V_04I_04M/t2/lr204/;60000;450;0;1062.2;17;9;H;50;95;0;100.0;30.0;true;0.95;100.0;1.0;1.0;1.0;1.0;60;M;59429;60000;false;38;0.38;97.54;0.66;19;10;1000000;-1;3600;14.16;0.36;0.58;mslp;heur;0.34;0.5;-1;3600;60000;I;8;1.0;0.25;lr204;0;/dados/rmelo/PDPTW-SE/benchmark_multi_island_v5/official_experiments/multistartlp/official/set_01_pt_02/logs;0;0;0;0.0;99.05;1;177;/dados/rmelo/PDPTW-SE/benchmark_multi_island_v5/official_experiments/multistartlp/official/set_01_pt_02/logs/heur_mslp/solutions/08R_08V_04I_03M/lr204_sol_genconfig_mslp_seed_177.txt;Gurobi;AUTOMATIC;17.94;_bash_5;_seed_177;8496.89;1;1.61;/dados/rmelo/PDPTW-SE/benchmark_multi_island_v5/official_experiments/multistartlp/official/set_01_pt_02/logs/heur_mslp/timelines/08R_08V_04I_03M/lr204_timeline_genconfig_mslp_seed_177.txt;165.04;t2;0;721.0;false
0.05;0.03;0.06;0.09;0.0;0.0;7;/dados/rmelo/PDPTW-SE/benchmark_multi_island_v5/official_experiments/multistartlp/official/set_01_pt_02/logs/heur_mslp/outputs/csvresults_heur_mslp_bash_5.csv;0;4;1;18;0;0.0;0.5;true;10;2;lr204_t2_08R_08V_04I_04M;/dados/rmelo/PDPTW-SE/benchmark_multi_island_v5/official_experiments/multistartlp/official/set_01_pt_02/configs/genconfig_mslp.conf;genconfig_mslp;/dados/rmelo/PDPTW-SE/benchmark_multi_island_v5/official_experiments/multistartlp/official/set_01_pt_02/logs/heur_mslp/gurobi/08R_08V_04I_04M/lr204_grb_genconfig_mslp_seed_177.log;random;08R_08V_04I_04M;1;0;1;/dados/rmelo/PDPTW-SE/benchmark_multi_island_v5/official_experiments/multistartlp/official/set_01_pt_02/../../../../instances/orig_ams_fg/08R_08V_04I_04M/t2/lr204/;60000;50576;0;1061.84;17;9;H;50;95;0;100.0;30.0;true;0.95;100.0;1.0;1.0;1.0;1.0;60;M;59371;60000;false;38;0.54;96.33;1.0;19;10;1000000;-1;3600;14.78;0.36;0.69;mslp;heur;0.18;0.38;-1;3600;60000;I;8;0.75;0.25;lr204;0;/dados/rmelo/PDPTW-SE/benchmark_multi_island_v5/official_experiments/multistartlp/official/set_01_pt_02/logs;0;0;0;0.0;98.95;1;177;/dados/rmelo/PDPTW-SE/benchmark_multi_island_v5/official_experiments/multistartlp/official/set_01_pt_02/logs/heur_mslp/solutions/08R_08V_04I_04M/lr204_sol_genconfig_mslp_seed_177.txt;Gurobi;AUTOMATIC;18.11;_bash_5;_seed_177;8868.86;1;147.16;/dados/rmelo/PDPTW-SE/benchmark_multi_island_v5/official_experiments/multistartlp/official/set_01_pt_02/logs/heur_mslp/timelines/08R_08V_04I_04M/lr204_timeline_genconfig_mslp_seed_177.txt;174.5;t2;0;720.9;false
0.05;0.04;0.06;0.1;0.0;0.0;10;/dados/rmelo/PDPTW-SE/benchmark_multi_island_v5/official_experiments/multistartlp/official/set_01_pt_02/logs/heur_mslp/outputs/csvresults_heur_mslp_bash_5.csv;0;3;1;18;0;0.0;0.5;true;10;2;lr205_t2_08R_08V_04I_03M;/dados/rmelo/PDPTW-SE/benchmark_multi_island_v5/official_experiments/multistartlp/official/set_01_pt_02/configs/genconfig_mslp.conf;genconfig_mslp;/dados/rmelo/PDPTW-SE/benchmark_multi_island_v5/official_experiments/multistartlp/official/set_01_pt_02/logs/heur_mslp/gurobi/08R_08V_04I_03M/lr205_grb_genconfig_mslp_seed_177.log;random;08R_08V_04I_03M;1;0;1;/dados/rmelo/PDPTW-SE/benchmark_multi_island_v5/official_experiments/multistartlp/official/set_01_pt_02/../../../../instances/orig_ams_fg/08R_08V_04I_04M/t2/lr205/;60000;3220;0;1369.5;17;9;H;50;95;0;100.0;30.0;true;0.95;100.0;1.0;1.0;1.0;1.0;60;M;60000;60000;false;52;0.66;71.99;0.9;26;10;1000000;-1;3600;27.62;0.66;0.9;mslp;heur;0.66;0.9;-1;3600;60000;I;8;1.0;0.12;lr205;0;/dados/rmelo/PDPTW-SE/benchmark_multi_island_v5/official_experiments/multistartlp/official/set_01_pt_02/logs;0;0;0;0.0;100.0;1;177;/dados/rmelo/PDPTW-SE/benchmark_multi_island_v5/official_experiments/multistartlp/official/set_01_pt_02/logs/heur_mslp/solutions/08R_08V_04I_03M/lr205_sol_genconfig_mslp_seed_177.txt;Gurobi;AUTOMATIC;18.07;_bash_5;_seed_177;16571.93;1;8.55;/dados/rmelo/PDPTW-SE/benchmark_multi_island_v5/official_experiments/multistartlp/official/set_01_pt_02/logs/heur_mslp/timelines/08R_08V_04I_03M/lr205_timeline_genconfig_mslp_seed_177.txt;152.3;t2;0;662.24;false
0.05;0.02;0.06;0.08;0.0;0.0;9;/dados/rmelo/PDPTW-SE/benchmark_multi_island_v5/official_experiments/multistartlp/official/set_01_pt_02/logs/heur_mslp/outputs/csvresults_heur_mslp_bash_5.csv;0;4;1;18;0;0.0;0.5;true;10;2;lr205_t2_08R_08V_04I_04M;/dados/rmelo/PDPTW-SE/benchmark_multi_island_v5/official_experiments/multistartlp/official/set_01_pt_02/configs/genconfig_mslp.conf;genconfig_mslp;/dados/rmelo/PDPTW-SE/benchmark_multi_island_v5/official_experiments/multistartlp/official/set_01_pt_02/logs/heur_mslp/gurobi/08R_08V_04I_04M/lr205_grb_genconfig_mslp_seed_177.log;random;08R_08V_04I_04M;1;0;1;/dados/rmelo/PDPTW-SE/benchmark_multi_island_v5/official_experiments/multistartlp/official/set_01_pt_02/../../../../instances/orig_ams_fg/08R_08V_04I_04M/t2/lr205/;60000;15344;0;1369.28;17;9;H;50;95;0;100.0;30.0;true;0.95;100.0;1.0;1.0;1.0;1.0;60;M;60000;60000;false;52;0.66;71.99;0.9;26;10;1000000;-1;3600;27.6;0.66;0.9;mslp;heur;0.66;0.9;-1;3600;60000;I;8;0.75;0.12;lr205;0;/dados/rmelo/PDPTW-SE/benchmark_multi_island_v5/official_experiments/multistartlp/official/set_01_pt_02/logs;0;0;0;0.0;100.0;1;177;/dados/rmelo/PDPTW-SE/benchmark_multi_island_v5/official_experiments/multistartlp/official/set_01_pt_02/logs/heur_mslp/solutions/08R_08V_04I_04M/lr205_sol_genconfig_mslp_seed_177.txt;Gurobi;AUTOMATIC;18.12;_bash_5;_seed_177;16557.48;1;40.95;/dados/rmelo/PDPTW-SE/benchmark_multi_island_v5/official_experiments/multistartlp/official/set_01_pt_02/logs/heur_mslp/timelines/08R_08V_04I_04M/lr205_timeline_genconfig_mslp_seed_177.txt;157.63;t2;0;661.85;false
0.05;0.12;0.19;0.32;0.0;0.12;9;/dados/rmelo/PDPTW-SE/benchmark_multi_island_v5/official_experiments/multistartlp/official/set_01_pt_02/logs/heur_mslp/outputs/csvresults_heur_mslp_bash_5.csv;0;3;1;22;0;0.0;0.5;true;12;2;lr101_t1_10R_10V_02I_03M;/dados/rmelo/PDPTW-SE/benchmark_multi_island_v5/official_experiments/multistartlp/official/set_01_pt_02/configs/genconfig_mslp.conf;genconfig_mslp;/dados/rmelo/PDPTW-SE/benchmark_multi_island_v5/official_experiments/multistartlp/official/set_01_pt_02/logs/heur_mslp/gurobi/10R_10V_02I_03M/lr101_grb_genconfig_mslp_seed_177.log;random;10R_10V_02I_03M;1;57646;1;/dados/rmelo/PDPTW-SE/benchmark_multi_island_v5/official_experiments/multistartlp/official/set_01_pt_02/../../../../instances/orig_ams_fg/10R_10V_02I_04M/t1/lr101/;60000;8425;0;1704.38;21;11;H;50;95;0;100.0;30.0;true;0.95;100.0;1.0;1.0;1.0;1.0;60;M;2354;2354;false;52;0.91;104.84;0.87;26;10;1000000;-1;3600;13.1;0.66;0.37;mslp;heur;0.35;0.16;-1;3600;60000;I;10;1.0;0.8;lr101;0;/dados/rmelo/PDPTW-SE/benchmark_multi_island_v5/official_experiments/multistartlp/official/set_01_pt_02/logs;0;0;0;96.08;100.0;1;177;/dados/rmelo/PDPTW-SE/benchmark_multi_island_v5/official_experiments/multistartlp/official/set_01_pt_02/logs/heur_mslp/solutions/10R_10V_02I_03M/lr101_sol_genconfig_mslp_seed_177.txt;Gurobi;AUTOMATIC;18.21;_bash_5;_seed_177;308.45;1;2.49;/dados/rmelo/PDPTW-SE/benchmark_multi_island_v5/official_experiments/multistartlp/official/set_01_pt_02/logs/heur_mslp/timelines/10R_10V_02I_03M/lr101_timeline_genconfig_mslp_seed_177.txt;15.29;t1;0;1295.99;false
0.05;0.07;0.14;0.2;0.0;0.13;7;/dados/rmelo/PDPTW-SE/benchmark_multi_island_v5/official_experiments/multistartlp/official/set_01_pt_02/logs/heur_mslp/outputs/csvresults_heur_mslp_bash_5.csv;0;4;1;22;0;0.0;0.5;true;12;2;lr101_t1_10R_10V_02I_04M;/dados/rmelo/PDPTW-SE/benchmark_multi_island_v5/official_experiments/multistartlp/official/set_01_pt_02/configs/genconfig_mslp.conf;genconfig_mslp;/dados/rmelo/PDPTW-SE/benchmark_multi_island_v5/official_experiments/multistartlp/official/set_01_pt_02/logs/heur_mslp/gurobi/10R_10V_02I_04M/lr101_grb_genconfig_mslp_seed_177.log;random;10R_10V_02I_04M;1;36296;1;/dados/rmelo/PDPTW-SE/benchmark_multi_island_v5/official_experiments/multistartlp/official/set_01_pt_02/../../../../instances/orig_ams_fg/10R_10V_02I_04M/t1/lr101/;60000;3300;0;1655.09;21;11;H;50;95;0;100.0;30.0;true;0.95;100.0;1.0;1.0;1.0;1.0;60;M;23704;23704;false;52;0.89;97.55;0.87;26;10;1000000;-1;3600;14.14;0.64;0.36;mslp;heur;0.35;0.16;-1;3600;60000;I;10;1.0;0.8;lr101;0;/dados/rmelo/PDPTW-SE/benchmark_multi_island_v5/official_experiments/multistartlp/official/set_01_pt_02/logs;0;0;0;60.49;100.0;1;177;/dados/rmelo/PDPTW-SE/benchmark_multi_island_v5/official_experiments/multistartlp/official/set_01_pt_02/logs/heur_mslp/solutions/10R_10V_02I_04M/lr101_sol_genconfig_mslp_seed_177.txt;Gurobi;AUTOMATIC;18.32;_bash_5;_seed_177;3351.49;1;3.62;/dados/rmelo/PDPTW-SE/benchmark_multi_island_v5/official_experiments/multistartlp/official/set_01_pt_02/logs/heur_mslp/timelines/10R_10V_02I_04M/lr101_timeline_genconfig_mslp_seed_177.txt;60.46;t1;0;1254.94;false
0.05;0.02;0.05;0.07;0.02;0.05;3;/dados/rmelo/PDPTW-SE/benchmark_multi_island_v5/official_experiments/multistartlp/official/set_01_pt_02/logs/heur_mslp/outputs/csvresults_heur_mslp_bash_5.csv;0;3;1;22;0;0.0;0.5;true;12;2;lr102_t1_10R_10V_02I_03M;/dados/rmelo/PDPTW-SE/benchmark_multi_island_v5/official_experiments/multistartlp/official/set_01_pt_02/configs/genconfig_mslp.conf;genconfig_mslp;/dados/rmelo/PDPTW-SE/benchmark_multi_island_v5/official_experiments/multistartlp/official/set_01_pt_02/logs/heur_mslp/gurobi/10R_10V_02I_03M/lr102_grb_genconfig_mslp_seed_177.log;random;10R_10V_02I_03M;1;0;1;/dados/rmelo/PDPTW-SE/benchmark_multi_island_v5/official_experiments/multistartlp/official/set_01_pt_02/../../../../instances/orig_ams_fg/10R_10V_02I_04M/t1/lr102/;60000;7;0;1226.16;21;11;H;50;95;0;100.0;30.0;true;0.95;100.0;1.0;1.0;1.0;1.0;60;M;60000;60000;false;58;0.97;111.15;0.61;29;10;1000000;-1;3600;11.56;0.63;0.42;mslp;heur;0.29;0.13;-1;3600;60000;I;10;1.0;0.6;lr102;0;/dados/rmelo/PDPTW-SE/benchmark_multi_island_v5/official_experiments/multistartlp/official/set_01_pt_02/logs;0;0;0;0.0;100.0;1;177;/dados/rmelo/PDPTW-SE/benchmark_multi_island_v5/official_experiments/multistartlp/official/set_01_pt_02/logs/heur_mslp/solutions/10R_10V_02I_03M/lr102_sol_genconfig_mslp_seed_177.txt;Gurobi;AUTOMATIC;17.98;_bash_5;_seed_177;6936.89;1;0.33;/dados/rmelo/PDPTW-SE/benchmark_multi_island_v5/official_experiments/multistartlp/official/set_01_pt_02/logs/heur_mslp/timelines/10R_10V_02I_03M/lr102_timeline_genconfig_mslp_seed_177.txt;121.16;t1;0;1018.62;false
0.05;0.02;0.05;0.07;0.02;0.05;3;/dados/rmelo/PDPTW-SE/benchmark_multi_island_v5/official_experiments/multistartlp/official/set_01_pt_02/logs/heur_mslp/outputs/csvresults_heur_mslp_bash_5.csv;0;4;1;22;0;0.0;0.5;true;12;2;lr102_t1_10R_10V_02I_04M;/dados/rmelo/PDPTW-SE/benchmark_multi_island_v5/official_experiments/multistartlp/official/set_01_pt_02/configs/genconfig_mslp.conf;genconfig_mslp;/dados/rmelo/PDPTW-SE/benchmark_multi_island_v5/official_experiments/multistartlp/official/set_01_pt_02/logs/heur_mslp/gurobi/10R_10V_02I_04M/lr102_grb_genconfig_mslp_seed_177.log;random;10R_10V_02I_04M;1;0;1;/dados/rmelo/PDPTW-SE/benchmark_multi_island_v5/official_experiments/multistartlp/official/set_01_pt_02/../../../../instances/orig_ams_fg/10R_10V_02I_04M/t1/lr102/;60000;7;0;1226.16;21;11;H;50;95;0;100.0;30.0;true;0.95;100.0;1.0;1.0;1.0;1.0;60;M;60000;60000;false;58;0.97;111.15;0.61;29;10;1000000;-1;3600;11.56;0.63;0.42;mslp;heur;0.29;0.13;-1;3600;60000;I;10;0.75;0.6;lr102;0;/dados/rmelo/PDPTW-SE/benchmark_multi_island_v5/official_experiments/multistartlp/official/set_01_pt_02/logs;0;0;0;0.0;100.0;1;177;/dados/rmelo/PDPTW-SE/benchmark_multi_island_v5/official_experiments/multistartlp/official/set_01_pt_02/logs/heur_mslp/solutions/10R_10V_02I_04M/lr102_sol_genconfig_mslp_seed_177.txt;Gurobi;AUTOMATIC;18.14;_bash_5;_seed_177;6936.89;1;0.33;/dados/rmelo/PDPTW-SE/benchmark_multi_island_v5/official_experiments/multistartlp/official/set_01_pt_02/logs/heur_mslp/timelines/10R_10V_02I_04M/lr102_timeline_genconfig_mslp_seed_177.txt;124.92;t1;0;1018.62;false
0.05;0.0;0.08;0.08;0.0;0.0;2;/dados/rmelo/PDPTW-SE/benchmark_multi_island_v5/official_experiments/multistartlp/official/set_01_pt_02/logs/heur_mslp/outputs/csvresults_heur_mslp_bash_5.csv;0;3;1;22;0;0.0;0.5;true;12;2;lr103_t1_10R_10V_02I_03M;/dados/rmelo/PDPTW-SE/benchmark_multi_island_v5/official_experiments/multistartlp/official/set_01_pt_02/configs/genconfig_mslp.conf;genconfig_mslp;/dados/rmelo/PDPTW-SE/benchmark_multi_island_v5/official_experiments/multistartlp/official/set_01_pt_02/logs/heur_mslp/gurobi/10R_10V_02I_03M/lr103_grb_genconfig_mslp_seed_177.log;random;10R_10V_02I_03M;1;129;1;/dados/rmelo/PDPTW-SE/benchmark_multi_island_v5/official_experiments/multistartlp/official/set_01_pt_02/../../../../instances/orig_ams_fg/10R_10V_02I_04M/t1/lr103/;60000;10;0;953.53;21;11;H;50;95;0;100.0;30.0;true;0.95;100.0;1.0;1.0;1.0;1.0;60;M;59871;59871;false;38;0.94;83.42;0.96;19;10;1000000;-1;3600;8.49;0.88;0.75;mslp;heur;0.79;0.62;-1;3600;60000;I;10;0.67;0.3;lr103;0;/dados/rmelo/PDPTW-SE/benchmark_multi_island_v5/official_experiments/multistartlp/official/set_01_pt_02/logs;0;0;0;0.22;100.0;1;177;/dados/rmelo/PDPTW-SE/benchmark_multi_island_v5/official_experiments/multistartlp/official/set_01_pt_02/logs/heur_mslp/solutions/10R_10V_02I_03M/lr103_sol_genconfig_mslp_seed_177.txt;Gurobi;AUTOMATIC;17.94;_bash_5;_seed_177;5082.17;1;0.31;/dados/rmelo/PDPTW-SE/benchmark_multi_island_v5/official_experiments/multistartlp/official/set_01_pt_02/logs/heur_mslp/timelines/10R_10V_02I_03M/lr103_timeline_genconfig_mslp_seed_177.txt;132.99;t1;0;610.04;false
0.05;0.0;0.08;0.08;0.0;0.0;2;/dados/rmelo/PDPTW-SE/benchmark_multi_island_v5/official_experiments/multistartlp/official/set_01_pt_02/logs/heur_mslp/outputs/csvresults_heur_mslp_bash_5.csv;0;4;1;22;0;0.0;0.5;true;12;2;lr103_t1_10R_10V_02I_04M;/dados/rmelo/PDPTW-SE/benchmark_multi_island_v5/official_experiments/multistartlp/official/set_01_pt_02/configs/genconfig_mslp.conf;genconfig_mslp;/dados/rmelo/PDPTW-SE/benchmark_multi_island_v5/official_experiments/multistartlp/official/set_01_pt_02/logs/heur_mslp/gurobi/10R_10V_02I_04M/lr103_grb_genconfig_mslp_seed_177.log;random;10R_10V_02I_04M;1;2;1;/dados/rmelo/PDPTW-SE/benchmark_multi_island_v5/official_experiments/multistartlp/official/set_01_pt_02/../../../../instances/orig_ams_fg/10R_10V_02I_04M/t1/lr103/;60000;10;0;944.4;21;11;H;50;95;0;100.0;30.0;true;0.95;100.0;1.0;1.0;1.0;1.0;60;M;59998;59998;false;38;0.94;83.42;0.96;19;10;1000000;-1;3600;8.41;0.88;0.75;mslp;heur;0.79;0.62;-1;3600;60000;I;10;0.5;0.3;lr103;0;/dados/rmelo/PDPTW-SE/benchmark_multi_island_v5/official_experiments/multistartlp/official/set_01_pt_02/logs;0;0;0;0.0;100.0;1;177;/dados/rmelo/PDPTW-SE/benchmark_multi_island_v5/official_experiments/multistartlp/official/set_01_pt_02/logs/heur_mslp/solutions/10R_10V_02I_04M/lr103_sol_genconfig_mslp_seed_177.txt;Gurobi;AUTOMATIC;17.93;_bash_5;_seed_177;5046.58;1;0.31;/dados/rmelo/PDPTW-SE/benchmark_multi_island_v5/official_experiments/multistartlp/official/set_01_pt_02/logs/heur_mslp/timelines/10R_10V_02I_04M/lr103_timeline_genconfig_mslp_seed_177.txt;137.44;t1;0;610.04;false
0.05;0.12;0.25;0.37;0.0;0.0;15;/dados/rmelo/PDPTW-SE/benchmark_multi_island_v5/official_experiments/multistartlp/official/set_01_pt_02/logs/heur_mslp/outputs/csvresults_heur_mslp_bash_5.csv;0;3;1;22;0;0.0;0.5;true;12;2;lr104_t1_10R_10V_02I_03M;/dados/rmelo/PDPTW-SE/benchmark_multi_island_v5/official_experiments/multistartlp/official/set_01_pt_02/configs/genconfig_mslp.conf;genconfig_mslp;/dados/rmelo/PDPTW-SE/benchmark_multi_island_v5/official_experiments/multistartlp/official/set_01_pt_02/logs/heur_mslp/gurobi/10R_10V_02I_03M/lr104_grb_genconfig_mslp_seed_177.log;random;10R_10V_02I_03M;1;0;1;/dados/rmelo/PDPTW-SE/benchmark_multi_island_v5/official_experiments/multistartlp/official/set_01_pt_02/../../../../instances/orig_ams_fg/10R_10V_02I_04M/t1/lr104/;60000;15367;0;925.76;21;11;H;50;95;0;100.0;30.0;true;0.95;100.0;1.0;1.0;1.0;1.0;60;M;58649;60000;false;40;0.93;99.32;0.88;20;10;1000000;-1;3600;6.37;0.75;0.59;mslp;heur;0.5;0.35;-1;3600;60000;I;10;0.33;0.4;lr104;0;/dados/rmelo/PDPTW-SE/benchmark_multi_island_v5/official_experiments/multistartlp/official/set_01_pt_02/logs;0;0;0;0.0;97.75;1;177;/dados/rmelo/PDPTW-SE/benchmark_multi_island_v5/official_experiments/multistartlp/official/set_01_pt_02/logs/heur_mslp/solutions/10R_10V_02I_03M/lr104_sol_genconfig_mslp_seed_177.txt;Gurobi;AUTOMATIC;17.96;_bash_5;_seed_177;3824.12;1;30.62;/dados/rmelo/PDPTW-SE/benchmark_multi_island_v5/official_experiments/multistartlp/official/set_01_pt_02/logs/heur_mslp/timelines/10R_10V_02I_03M/lr104_timeline_genconfig_mslp_seed_177.txt;117.87;t1;0;687.39;false
0.05;0.0;0.12;0.12;0.0;0.0;17;/dados/rmelo/PDPTW-SE/benchmark_multi_island_v5/official_experiments/multistartlp/official/set_01_pt_02/logs/heur_mslp/outputs/csvresults_heur_mslp_bash_5.csv;0;4;1;22;0;0.0;0.5;true;12;2;lr104_t1_10R_10V_02I_04M;/dados/rmelo/PDPTW-SE/benchmark_multi_island_v5/official_experiments/multistartlp/official/set_01_pt_02/configs/genconfig_mslp.conf;genconfig_mslp;/dados/rmelo/PDPTW-SE/benchmark_multi_island_v5/official_experiments/multistartlp/official/set_01_pt_02/logs/heur_mslp/gurobi/10R_10V_02I_04M/lr104_grb_genconfig_mslp_seed_177.log;random;10R_10V_02I_04M;1;0;1;/dados/rmelo/PDPTW-SE/benchmark_multi_island_v5/official_experiments/multistartlp/official/set_01_pt_02/../../../../instances/orig_ams_fg/10R_10V_02I_04M/t1/lr104/;60000;7982;0;904.5;21;11;H;50;95;0;100.0;30.0;true;0.95;100.0;1.0;1.0;1.0;1.0;60;M;59880;60000;false;40;0.86;89.04;0.75;20;10;1000000;-1;3600;7.04;0.73;0.52;mslp;heur;0.5;0.3;-1;3600;60000;I;10;0.5;0.4;lr104;0;/dados/rmelo/PDPTW-SE/benchmark_multi_island_v5/official_experiments/multistartlp/official/set_01_pt_02/logs;0;0;0;0.0;99.8;1;177;/dados/rmelo/PDPTW-SE/benchmark_multi_island_v5/official_experiments/multistartlp/official/set_01_pt_02/logs/heur_mslp/solutions/10R_10V_02I_04M/lr104_sol_genconfig_mslp_seed_177.txt;Gurobi;AUTOMATIC;18.04;_bash_5;_seed_177;4221.47;1;16.57;/dados/rmelo/PDPTW-SE/benchmark_multi_island_v5/official_experiments/multistartlp/official/set_01_pt_02/logs/heur_mslp/timelines/10R_10V_02I_04M/lr104_timeline_genconfig_mslp_seed_177.txt;122.4;t1;0;671.72;false
0.05;0.0;0.13;0.13;0.0;0.03;3;/dados/rmelo/PDPTW-SE/benchmark_multi_island_v5/official_experiments/multistartlp/official/set_01_pt_02/logs/heur_mslp/outputs/csvresults_heur_mslp_bash_5.csv;0;3;1;22;0;0.0;0.5;true;12;2;lr105_t1_10R_10V_02I_03M;/dados/rmelo/PDPTW-SE/benchmark_multi_island_v5/official_experiments/multistartlp/official/set_01_pt_02/configs/genconfig_mslp.conf;genconfig_mslp;/dados/rmelo/PDPTW-SE/benchmark_multi_island_v5/official_experiments/multistartlp/official/set_01_pt_02/logs/heur_mslp/gurobi/10R_10V_02I_03M/lr105_grb_genconfig_mslp_seed_177.log;random;10R_10V_02I_03M;1;0;1;/dados/rmelo/PDPTW-SE/benchmark_multi_island_v5/official_experiments/multistartlp/official/set_01_pt_02/../../../../instances/orig_ams_fg/10R_10V_02I_04M/t1/lr105/;60000;22;0;925.19;21;11;H;50;95;0;100.0;30.0;true;0.95;100.0;1.0;1.0;1.0;1.0;60;M;60000;60000;false;52;0.78;83.39;0.88;26;10;1000000;-1;3600;18.65;0.58;0.54;mslp;heur;0.4;0.25;-1;3600;60000;I;10;0.67;0.5;lr105;0;/dados/rmelo/PDPTW-SE/benchmark_multi_island_v5/official_experiments/multistartlp/official/set_01_pt_02/logs;0;0;0;0.0;100.0;1;177;/dados/rmelo/PDPTW-SE/benchmark_multi_island_v5/official_experiments/multistartlp/official/set_01_pt_02/logs/heur_mslp/solutions/10R_10V_02I_03M/lr105_sol_genconfig_mslp_seed_177.txt;Gurobi;AUTOMATIC;17.97;_bash_5;_seed_177;11192.27;1;0.33;/dados/rmelo/PDPTW-SE/benchmark_multi_island_v5/official_experiments/multistartlp/official/set_01_pt_02/logs/heur_mslp/timelines/10R_10V_02I_03M/lr105_timeline_genconfig_mslp_seed_177.txt;111.01;t1;0;671.01;false
0.05;0.0;0.13;0.13;0.0;0.03;3;/dados/rmelo/PDPTW-SE/benchmark_multi_island_v5/official_experiments/multistartlp/official/set_01_pt_02/logs/heur_mslp/outputs/csvresults_heur_mslp_bash_5.csv;0;4;1;22;0;0.0;0.5;true;12;2;lr105_t1_10R_10V_02I_04M;/dados/rmelo/PDPTW-SE/benchmark_multi_island_v5/official_experiments/multistartlp/official/set_01_pt_02/configs/genconfig_mslp.conf;genconfig_mslp;/dados/rmelo/PDPTW-SE/benchmark_multi_island_v5/official_experiments/multistartlp/official/set_01_pt_02/logs/heur_mslp/gurobi/10R_10V_02I_04M/lr105_grb_genconfig_mslp_seed_177.log;random;10R_10V_02I_04M;1;0;1;/dados/rmelo/PDPTW-SE/benchmark_multi_island_v5/official_experiments/multistartlp/official/set_01_pt_02/../../../../instances/orig_ams_fg/10R_10V_02I_04M/t1/lr105/;60000;22;0;925.19;21;11;H;50;95;0;100.0;30.0;true;0.95;100.0;1.0;1.0;1.0;1.0;60;M;60000;60000;false;52;0.78;83.39;0.88;26;10;1000000;-1;3600;18.66;0.58;0.54;mslp;heur;0.4;0.25;-1;3600;60000;I;10;0.5;0.5;lr105;0;/dados/rmelo/PDPTW-SE/benchmark_multi_island_v5/official_experiments/multistartlp/official/set_01_pt_02/logs;0;0;0;0.0;100.0;1;177;/dados/rmelo/PDPTW-SE/benchmark_multi_island_v5/official_experiments/multistartlp/official/set_01_pt_02/logs/heur_mslp/solutions/10R_10V_02I_04M/lr105_sol_genconfig_mslp_seed_177.txt;Gurobi;AUTOMATIC;17.95;_bash_5;_seed_177;11197.47;1;0.33;/dados/rmelo/PDPTW-SE/benchmark_multi_island_v5/official_experiments/multistartlp/official/set_01_pt_02/logs/heur_mslp/timelines/10R_10V_02I_04M/lr105_timeline_genconfig_mslp_seed_177.txt;115.04;t1;0;671.01;false
0.05;0.01;0.04;0.05;0.0;0.11;6;/dados/rmelo/PDPTW-SE/benchmark_multi_island_v5/official_experiments/multistartlp/official/set_01_pt_02/logs/heur_mslp/outputs/csvresults_heur_mslp_bash_5.csv;0;3;1;22;0;0.0;0.5;true;12;2;lr201_t2_10R_10V_02I_03M;/dados/rmelo/PDPTW-SE/benchmark_multi_island_v5/official_experiments/multistartlp/official/set_01_pt_02/configs/genconfig_mslp.conf;genconfig_mslp;/dados/rmelo/PDPTW-SE/benchmark_multi_island_v5/official_experiments/multistartlp/official/set_01_pt_02/logs/heur_mslp/gurobi/10R_10V_02I_03M/lr201_grb_genconfig_mslp_seed_177.log;random;10R_10V_02I_03M;1;0;1;/dados/rmelo/PDPTW-SE/benchmark_multi_island_v5/official_experiments/multistartlp/official/set_01_pt_02/../../../../instances/orig_ams_fg/10R_10V_02I_04M/t2/lr201/;60000;1712;0;1693.82;21;11;H;50;95;0;100.0;30.0;true;0.95;100.0;1.0;1.0;1.0;1.0;60;M;60000;60000;false;52;0.7;90.08;1.0;26;10;1000000;-1;3600;26.48;0.5;0.93;mslp;heur;0.3;0.87;-1;3600;60000;I;10;0.67;0.2;lr201;0;/dados/rmelo/PDPTW-SE/benchmark_multi_island_v5/official_experiments/multistartlp/official/set_01_pt_02/logs;0;0;0;0.0;100.0;1;177;/dados/rmelo/PDPTW-SE/benchmark_multi_island_v5/official_experiments/multistartlp/official/set_01_pt_02/logs/heur_mslp/solutions/10R_10V_02I_03M/lr201_sol_genconfig_mslp_seed_177.txt;Gurobi;AUTOMATIC;17.98;_bash_5;_seed_177;15887.36;1;3.94;/dados/rmelo/PDPTW-SE/benchmark_multi_island_v5/official_experiments/multistartlp/official/set_01_pt_02/logs/heur_mslp/timelines/10R_10V_02I_03M/lr201_timeline_genconfig_mslp_seed_177.txt;126.13;t2;0;1006.56;false
0.05;0.01;0.03;0.04;0.0;0.11;6;/dados/rmelo/PDPTW-SE/benchmark_multi_island_v5/official_experiments/multistartlp/official/set_01_pt_02/logs/heur_mslp/outputs/csvresults_heur_mslp_bash_5.csv;0;4;1;22;0;0.0;0.5;true;12;2;lr201_t2_10R_10V_02I_04M;/dados/rmelo/PDPTW-SE/benchmark_multi_island_v5/official_experiments/multistartlp/official/set_01_pt_02/configs/genconfig_mslp.conf;genconfig_mslp;/dados/rmelo/PDPTW-SE/benchmark_multi_island_v5/official_experiments/multistartlp/official/set_01_pt_02/logs/heur_mslp/gurobi/10R_10V_02I_04M/lr201_grb_genconfig_mslp_seed_177.log;random;10R_10V_02I_04M;1;0;1;/dados/rmelo/PDPTW-SE/benchmark_multi_island_v5/official_experiments/multistartlp/official/set_01_pt_02/../../../../instances/orig_ams_fg/10R_10V_02I_04M/t2/lr201/;60000;1712;0;1693.82;21;11;H;50;95;0;100.0;30.0;true;0.95;100.0;1.0;1.0;1.0;1.0;60;M;60000;60000;false;52;0.7;90.08;1.0;26;10;1000000;-1;3600;26.5;0.5;0.93;mslp;heur;0.3;0.87;-1;3600;60000;I;10;0.75;0.2;lr201;0;/dados/rmelo/PDPTW-SE/benchmark_multi_island_v5/official_experiments/multistartlp/official/set_01_pt_02/logs;0;0;0;0.0;100.0;1;177;/dados/rmelo/PDPTW-SE/benchmark_multi_island_v5/official_experiments/multistartlp/official/set_01_pt_02/logs/heur_mslp/solutions/10R_10V_02I_04M/lr201_sol_genconfig_mslp_seed_177.txt;Gurobi;AUTOMATIC;17.86;_bash_5;_seed_177;15897.92;1;4.2;/dados/rmelo/PDPTW-SE/benchmark_multi_island_v5/official_experiments/multistartlp/official/set_01_pt_02/logs/heur_mslp/timelines/10R_10V_02I_04M/lr201_timeline_genconfig_mslp_seed_177.txt;130.07;t2;0;1005.86;false
0.05;0.0;0.02;0.02;0.0;0.03;19;/dados/rmelo/PDPTW-SE/benchmark_multi_island_v5/official_experiments/multistartlp/official/set_01_pt_02/logs/heur_mslp/outputs/csvresults_heur_mslp_bash_5.csv;0;3;1;22;0;0.0;0.5;true;12;2;lr202_t2_10R_10V_02I_03M;/dados/rmelo/PDPTW-SE/benchmark_multi_island_v5/official_experiments/multistartlp/official/set_01_pt_02/configs/genconfig_mslp.conf;genconfig_mslp;/dados/rmelo/PDPTW-SE/benchmark_multi_island_v5/official_experiments/multistartlp/official/set_01_pt_02/logs/heur_mslp/gurobi/10R_10V_02I_03M/lr202_grb_genconfig_mslp_seed_177.log;random;10R_10V_02I_03M;1;0;1;/dados/rmelo/PDPTW-SE/benchmark_multi_island_v5/official_experiments/multistartlp/official/set_01_pt_02/../../../../instances/orig_ams_fg/10R_10V_02I_04M/t2/lr202/;60000;47123;0;1512.52;21;11;H;50;95;0;100.0;30.0;true;0.95;100.0;1.0;1.0;1.0;1.0;60;M;60000;60000;false;46;0.49;79.34;0.89;23;10;1000000;-1;3600;27.66;0.41;0.8;mslp;heur;0.32;0.72;-1;3600;60000;I;10;0.67;0.2;lr202;0;/dados/rmelo/PDPTW-SE/benchmark_multi_island_v5/official_experiments/multistartlp/official/set_01_pt_02/logs;0;0;0;0.0;100.0;1;177;/dados/rmelo/PDPTW-SE/benchmark_multi_island_v5/official_experiments/multistartlp/official/set_01_pt_02/logs/heur_mslp/solutions/10R_10V_02I_03M/lr202_sol_genconfig_mslp_seed_177.txt;Gurobi;AUTOMATIC;17.82;_bash_5;_seed_177;16597.2;1;110.47;/dados/rmelo/PDPTW-SE/benchmark_multi_island_v5/official_experiments/multistartlp/official/set_01_pt_02/logs/heur_mslp/timelines/10R_10V_02I_03M/lr202_timeline_genconfig_mslp_seed_177.txt;140.45;t2;0;810.23;false
0.05;0.0;0.01;0.02;0.0;0.03;19;/dados/rmelo/PDPTW-SE/benchmark_multi_island_v5/official_experiments/multistartlp/official/set_01_pt_02/logs/heur_mslp/outputs/csvresults_heur_mslp_bash_5.csv;0;4;1;22;0;0.0;0.5;true;12;2;lr202_t2_10R_10V_02I_04M;/dados/rmelo/PDPTW-SE/benchmark_multi_island_v5/official_experiments/multistartlp/official/set_01_pt_02/configs/genconfig_mslp.conf;genconfig_mslp;/dados/rmelo/PDPTW-SE/benchmark_multi_island_v5/official_experiments/multistartlp/official/set_01_pt_02/logs/heur_mslp/gurobi/10R_10V_02I_04M/lr202_grb_genconfig_mslp_seed_177.log;random;10R_10V_02I_04M;1;0;1;/dados/rmelo/PDPTW-SE/benchmark_multi_island_v5/official_experiments/multistartlp/official/set_01_pt_02/../../../../instances/orig_ams_fg/10R_10V_02I_04M/t2/lr202/;60000;47123;0;1512.52;21;11;H;50;95;0;100.0;30.0;true;0.95;100.0;1.0;1.0;1.0;1.0;60;M;60000;60000;false;46;0.49;78.32;0.89;23;10;1000000;-1;3600;28.08;0.4;0.8;mslp;heur;0.32;0.72;-1;3600;60000;I;10;0.75;0.2;lr202;0;/dados/rmelo/PDPTW-SE/benchmark_multi_island_v5/official_experiments/multistartlp/official/set_01_pt_02/logs;0;0;0;0.0;100.0;1;177;/dados/rmelo/PDPTW-SE/benchmark_multi_island_v5/official_experiments/multistartlp/official/set_01_pt_02/logs/heur_mslp/solutions/10R_10V_02I_04M/lr202_sol_genconfig_mslp_seed_177.txt;Gurobi;AUTOMATIC;17.89;_bash_5;_seed_177;16846.35;1;115.76;/dados/rmelo/PDPTW-SE/benchmark_multi_island_v5/official_experiments/multistartlp/official/set_01_pt_02/logs/heur_mslp/timelines/10R_10V_02I_04M/lr202_timeline_genconfig_mslp_seed_177.txt;147.54;t2;0;809.32;false
0.05;0.0;0.02;0.03;0.0;0.05;10;/dados/rmelo/PDPTW-SE/benchmark_multi_island_v5/official_experiments/multistartlp/official/set_01_pt_02/logs/heur_mslp/outputs/csvresults_heur_mslp_bash_5.csv;0;3;1;22;0;0.0;0.5;true;12;2;lr203_t2_10R_10V_02I_03M;/dados/rmelo/PDPTW-SE/benchmark_multi_island_v5/official_experiments/multistartlp/official/set_01_pt_02/configs/genconfig_mslp.conf;genconfig_mslp;/dados/rmelo/PDPTW-SE/benchmark_multi_island_v5/official_experiments/multistartlp/official/set_01_pt_02/logs/heur_mslp/gurobi/10R_10V_02I_03M/lr203_grb_genconfig_mslp_seed_177.log;random;10R_10V_02I_03M;1;0;1;/dados/rmelo/PDPTW-SE/benchmark_multi_island_v5/official_experiments/multistartlp/official/set_01_pt_02/../../../../instances/orig_ams_fg/10R_10V_02I_04M/t2/lr203/;60000;3729;0;1587.93;21;11;H;50;95;0;100.0;30.0;true;0.95;100.0;1.0;1.0;1.0;1.0;60;M;60000;60000;false;58;0.59;102.9;0.85;29;10;1000000;-1;3600;19.65;0.38;0.81;mslp;heur;0.17;0.77;-1;3600;60000;I;10;0.67;0.2;lr203;0;/dados/rmelo/PDPTW-SE/benchmark_multi_island_v5/official_experiments/multistartlp/official/set_01_pt_02/logs;0;0;0;0.0;100.0;1;177;/dados/rmelo/PDPTW-SE/benchmark_multi_island_v5/official_experiments/multistartlp/official/set_01_pt_02/logs/heur_mslp/solutions/10R_10V_02I_03M/lr203_sol_genconfig_mslp_seed_177.txt;Gurobi;AUTOMATIC;18.14;_bash_5;_seed_177;11787.48;1;11.63;/dados/rmelo/PDPTW-SE/benchmark_multi_island_v5/official_experiments/multistartlp/official/set_01_pt_02/logs/heur_mslp/timelines/10R_10V_02I_03M/lr203_timeline_genconfig_mslp_seed_177.txt;182.3;t2;0;756.99;false
0.05;0.0;0.02;0.02;0.0;0.05;10;/dados/rmelo/PDPTW-SE/benchmark_multi_island_v5/official_experiments/multistartlp/official/set_01_pt_02/logs/heur_mslp/outputs/csvresults_heur_mslp_bash_5.csv;0;4;1;22;0;0.0;0.5;true;12;2;lr203_t2_10R_10V_02I_04M;/dados/rmelo/PDPTW-SE/benchmark_multi_island_v5/official_experiments/multistartlp/official/set_01_pt_02/configs/genconfig_mslp.conf;genconfig_mslp;/dados/rmelo/PDPTW-SE/benchmark_multi_island_v5/official_experiments/multistartlp/official/set_01_pt_02/logs/heur_mslp/gurobi/10R_10V_02I_04M/lr203_grb_genconfig_mslp_seed_177.log;random;10R_10V_02I_04M;1;0;1;/dados/rmelo/PDPTW-SE/benchmark_multi_island_v5/official_experiments/multistartlp/official/set_01_pt_02/../../../../instances/orig_ams_fg/10R_10V_02I_04M/t2/lr203/;60000;3729;0;1587.93;21;11;H;50;95;0;100.0;30.0;true;0.95;100.0;1.0;1.0;1.0;1.0;60;M;60000;60000;false;58;0.59;102.9;0.85;29;10;1000000;-1;3600;19.95;0.38;0.81;mslp;heur;0.17;0.77;-1;3600;60000;I;10;0.75;0.2;lr203;0;/dados/rmelo/PDPTW-SE/benchmark_multi_island_v5/official_experiments/multistartlp/official/set_01_pt_02/logs;0;0;0;0.0;100.0;1;177;/dados/rmelo/PDPTW-SE/benchmark_multi_island_v5/official_experiments/multistartlp/official/set_01_pt_02/logs/heur_mslp/solutions/10R_10V_02I_04M/lr203_sol_genconfig_mslp_seed_177.txt;Gurobi;AUTOMATIC;17.89;_bash_5;_seed_177;11972.25;1;12.4;/dados/rmelo/PDPTW-SE/benchmark_multi_island_v5/official_experiments/multistartlp/official/set_01_pt_02/logs/heur_mslp/timelines/10R_10V_02I_04M/lr203_timeline_genconfig_mslp_seed_177.txt;191.91;t2;0;756.27;false
0.05;0.0;0.03;0.03;0.0;0.0;11;/dados/rmelo/PDPTW-SE/benchmark_multi_island_v5/official_experiments/multistartlp/official/set_01_pt_02/logs/heur_mslp/outputs/csvresults_heur_mslp_bash_5.csv;0;3;1;22;0;0.0;0.5;true;12;2;lr204_t2_10R_10V_02I_03M;/dados/rmelo/PDPTW-SE/benchmark_multi_island_v5/official_experiments/multistartlp/official/set_01_pt_02/configs/genconfig_mslp.conf;genconfig_mslp;/dados/rmelo/PDPTW-SE/benchmark_multi_island_v5/official_experiments/multistartlp/official/set_01_pt_02/logs/heur_mslp/gurobi/10R_10V_02I_03M/lr204_grb_genconfig_mslp_seed_177.log;random;10R_10V_02I_03M;1;0;1;/dados/rmelo/PDPTW-SE/benchmark_multi_island_v5/official_experiments/multistartlp/official/set_01_pt_02/../../../../instances/orig_ams_fg/10R_10V_02I_04M/t2/lr204/;60000;48747;0;1033.43;21;11;H;50;95;0;100.0;30.0;true;0.95;100.0;1.0;1.0;1.0;1.0;60;M;55581;60000;false;38;0.5;88.45;0.84;19;10;1000000;-1;3600;8.77;0.37;0.79;mslp;heur;0.24;0.73;-1;3600;60000;I;10;0.67;0.2;lr204;0;/dados/rmelo/PDPTW-SE/benchmark_multi_island_v5/official_experiments/multistartlp/official/set_01_pt_02/logs;0;0;0;0.0;92.64;1;177;/dados/rmelo/PDPTW-SE/benchmark_multi_island_v5/official_experiments/multistartlp/official/set_01_pt_02/logs/heur_mslp/solutions/10R_10V_02I_03M/lr204_sol_genconfig_mslp_seed_177.txt;Gurobi;AUTOMATIC;17.59;_bash_5;_seed_177;5260.48;1;145.26;/dados/rmelo/PDPTW-SE/benchmark_multi_island_v5/official_experiments/multistartlp/official/set_01_pt_02/logs/heur_mslp/timelines/10R_10V_02I_03M/lr204_timeline_genconfig_mslp_seed_177.txt;178.43;t2;0;746.96;false
0.05;0.01;0.02;0.03;0.0;0.0;8;/dados/rmelo/PDPTW-SE/benchmark_multi_island_v5/official_experiments/multistartlp/official/set_01_pt_02/logs/heur_mslp/outputs/csvresults_heur_mslp_bash_5.csv;0;4;1;22;0;0.0;0.5;true;12;2;lr204_t2_10R_10V_02I_04M;/dados/rmelo/PDPTW-SE/benchmark_multi_island_v5/official_experiments/multistartlp/official/set_01_pt_02/configs/genconfig_mslp.conf;genconfig_mslp;/dados/rmelo/PDPTW-SE/benchmark_multi_island_v5/official_experiments/multistartlp/official/set_01_pt_02/logs/heur_mslp/gurobi/10R_10V_02I_04M/lr204_grb_genconfig_mslp_seed_177.log;random;10R_10V_02I_04M;1;0;1;/dados/rmelo/PDPTW-SE/benchmark_multi_island_v5/official_experiments/multistartlp/official/set_01_pt_02/../../../../instances/orig_ams_fg/10R_10V_02I_04M/t2/lr204/;60000;48747;0;1029.54;21;11;H;50;95;0;100.0;30.0;true;0.95;100.0;1.0;1.0;1.0;1.0;60;M;55235;60000;false;38;0.5;88.45;0.84;19;10;1000000;-1;3600;9.52;0.37;0.79;mslp;heur;0.24;0.73;-1;3600;60000;I;10;0.75;0.2;lr204;0;/dados/rmelo/PDPTW-SE/benchmark_multi_island_v5/official_experiments/multistartlp/official/set_01_pt_02/logs;0;0;0;0.0;92.06;1;177;/dados/rmelo/PDPTW-SE/benchmark_multi_island_v5/official_experiments/multistartlp/official/set_01_pt_02/logs/heur_mslp/solutions/10R_10V_02I_04M/lr204_sol_genconfig_mslp_seed_177.txt;Gurobi;AUTOMATIC;17.91;_bash_5;_seed_177;5709.46;1;153.81;/dados/rmelo/PDPTW-SE/benchmark_multi_island_v5/official_experiments/multistartlp/official/set_01_pt_02/logs/heur_mslp/timelines/10R_10V_02I_04M/lr204_timeline_genconfig_mslp_seed_177.txt;189.3;t2;0;744.08;false
0.05;0.01;0.02;0.03;0.0;0.05;11;/dados/rmelo/PDPTW-SE/benchmark_multi_island_v5/official_experiments/multistartlp/official/set_01_pt_02/logs/heur_mslp/outputs/csvresults_heur_mslp_bash_5.csv;0;3;1;22;0;0.0;0.5;true;12;2;lr205_t2_10R_10V_02I_03M;/dados/rmelo/PDPTW-SE/benchmark_multi_island_v5/official_experiments/multistartlp/official/set_01_pt_02/configs/genconfig_mslp.conf;genconfig_mslp;/dados/rmelo/PDPTW-SE/benchmark_multi_island_v5/official_experiments/multistartlp/official/set_01_pt_02/logs/heur_mslp/gurobi/10R_10V_02I_03M/lr205_grb_genconfig_mslp_seed_177.log;random;10R_10V_02I_03M;1;0;1;/dados/rmelo/PDPTW-SE/benchmark_multi_island_v5/official_experiments/multistartlp/official/set_01_pt_02/../../../../instances/orig_ams_fg/10R_10V_02I_04M/t2/lr205/;60000;8532;0;1818.59;21;11;H;50;95;0;100.0;30.0;true;0.95;100.0;1.0;1.0;1.0;1.0;60;M;60000;60000;false;52;0.55;81.38;0.85;26;10;1000000;-1;3600;31.32;0.39;0.83;mslp;heur;0.22;0.82;-1;3600;60000;I;10;0.33;0.2;lr205;0;/dados/rmelo/PDPTW-SE/benchmark_multi_island_v5/official_experiments/multistartlp/official/set_01_pt_02/logs;0;0;0;0.0;100.0;1;177;/dados/rmelo/PDPTW-SE/benchmark_multi_island_v5/official_experiments/multistartlp/official/set_01_pt_02/logs/heur_mslp/solutions/10R_10V_02I_03M/lr205_sol_genconfig_mslp_seed_177.txt;Gurobi;AUTOMATIC;18.01;_bash_5;_seed_177;18794.53;1;20.44;/dados/rmelo/PDPTW-SE/benchmark_multi_island_v5/official_experiments/multistartlp/official/set_01_pt_02/logs/heur_mslp/timelines/10R_10V_02I_03M/lr205_timeline_genconfig_mslp_seed_177.txt;141.51;t2;0;770.61;false
0.05;0.01;0.02;0.03;0.0;0.05;11;/dados/rmelo/PDPTW-SE/benchmark_multi_island_v5/official_experiments/multistartlp/official/set_01_pt_02/logs/heur_mslp/outputs/csvresults_heur_mslp_bash_5.csv;0;4;1;22;0;0.0;0.5;true;12;2;lr205_t2_10R_10V_02I_04M;/dados/rmelo/PDPTW-SE/benchmark_multi_island_v5/official_experiments/multistartlp/official/set_01_pt_02/configs/genconfig_mslp.conf;genconfig_mslp;/dados/rmelo/PDPTW-SE/benchmark_multi_island_v5/official_experiments/multistartlp/official/set_01_pt_02/logs/heur_mslp/gurobi/10R_10V_02I_04M/lr205_grb_genconfig_mslp_seed_177.log;random;10R_10V_02I_04M;1;0;1;/dados/rmelo/PDPTW-SE/benchmark_multi_island_v5/official_experiments/multistartlp/official/set_01_pt_02/../../../../instances/orig_ams_fg/10R_10V_02I_04M/t2/lr205/;60000;8532;0;1818.59;21;11;H;50;95;0;100.0;30.0;true;0.95;100.0;1.0;1.0;1.0;1.0;60;M;60000;60000;false;52;0.55;81.38;0.85;26;10;1000000;-1;3600;31.33;0.39;0.83;mslp;heur;0.22;0.82;-1;3600;60000;I;10;0.25;0.2;lr205;0;/dados/rmelo/PDPTW-SE/benchmark_multi_island_v5/official_experiments/multistartlp/official/set_01_pt_02/logs;0;0;0;0.0;100.0;1;177;/dados/rmelo/PDPTW-SE/benchmark_multi_island_v5/official_experiments/multistartlp/official/set_01_pt_02/logs/heur_mslp/solutions/10R_10V_02I_04M/lr205_sol_genconfig_mslp_seed_177.txt;Gurobi;AUTOMATIC;18.1;_bash_5;_seed_177;18795.52;1;21.65;/dados/rmelo/PDPTW-SE/benchmark_multi_island_v5/official_experiments/multistartlp/official/set_01_pt_02/logs/heur_mslp/timelines/10R_10V_02I_04M/lr205_timeline_genconfig_mslp_seed_177.txt;148.6;t2;0;770.61;false
0.05;0.27;0.4;0.68;0.02;0.2;6;/dados/rmelo/PDPTW-SE/benchmark_multi_island_v5/official_experiments/multistartlp/official/set_01_pt_02/logs/heur_mslp/outputs/csvresults_heur_mslp_bash_5.csv;0;3;1;22;0;0.0;0.5;true;12;2;lr101_t1_10R_10V_04I_03M;/dados/rmelo/PDPTW-SE/benchmark_multi_island_v5/official_experiments/multistartlp/official/set_01_pt_02/configs/genconfig_mslp.conf;genconfig_mslp;/dados/rmelo/PDPTW-SE/benchmark_multi_island_v5/official_experiments/multistartlp/official/set_01_pt_02/logs/heur_mslp/gurobi/10R_10V_04I_03M/lr101_grb_genconfig_mslp_seed_177.log;random;10R_10V_04I_03M;1;59818;1;/dados/rmelo/PDPTW-SE/benchmark_multi_island_v5/official_experiments/multistartlp/official/set_01_pt_02/../../../../instances/orig_ams_fg/10R_10V_04I_04M/t1/lr101/;60000;2344;0;1720.3;21;11;H;50;95;0;100.0;30.0;true;0.95;100.0;1.0;1.0;1.0;1.0;60;M;182;182;false;52;0.89;90.23;0.5;26;10;1000000;-1;3600;22.12;0.58;0.31;mslp;heur;0.42;0.16;-1;3600;60000;I;10;1.0;0.9;lr101;0;/dados/rmelo/PDPTW-SE/benchmark_multi_island_v5/official_experiments/multistartlp/official/set_01_pt_02/logs;0;0;0;99.7;100.0;1;177;/dados/rmelo/PDPTW-SE/benchmark_multi_island_v5/official_experiments/multistartlp/official/set_01_pt_02/logs/heur_mslp/solutions/10R_10V_04I_03M/lr101_sol_genconfig_mslp_seed_177.txt;Gurobi;AUTOMATIC;17.95;_bash_5;_seed_177;40.26;1;0.83;/dados/rmelo/PDPTW-SE/benchmark_multi_island_v5/official_experiments/multistartlp/official/set_01_pt_02/logs/heur_mslp/timelines/10R_10V_04I_03M/lr101_timeline_genconfig_mslp_seed_177.txt;13.57;t1;0;1275.66;false
0.05;0.18;0.31;0.48;0.0;0.17;9;/dados/rmelo/PDPTW-SE/benchmark_multi_island_v5/official_experiments/multistartlp/official/set_01_pt_02/logs/heur_mslp/outputs/csvresults_heur_mslp_bash_5.csv;0;4;1;22;0;0.0;0.5;true;12;2;lr101_t1_10R_10V_04I_04M;/dados/rmelo/PDPTW-SE/benchmark_multi_island_v5/official_experiments/multistartlp/official/set_01_pt_02/configs/genconfig_mslp.conf;genconfig_mslp;/dados/rmelo/PDPTW-SE/benchmark_multi_island_v5/official_experiments/multistartlp/official/set_01_pt_02/logs/heur_mslp/gurobi/10R_10V_04I_04M/lr101_grb_genconfig_mslp_seed_177.log;random;10R_10V_04I_04M;1;35975;1;/dados/rmelo/PDPTW-SE/benchmark_multi_island_v5/official_experiments/multistartlp/official/set_01_pt_02/../../../../instances/orig_ams_fg/10R_10V_04I_04M/t1/lr101/;60000;1295;0;1619.71;21;11;H;50;95;0;100.0;30.0;true;0.95;100.0;1.0;1.0;1.0;1.0;60;M;24025;24025;false;52;0.93;88.67;0.76;26;10;1000000;-1;3600;21.15;0.55;0.33;mslp;heur;0.35;0.15;-1;3600;60000;I;10;1.0;0.9;lr101;0;/dados/rmelo/PDPTW-SE/benchmark_multi_island_v5/official_experiments/multistartlp/official/set_01_pt_02/logs;0;0;0;59.96;100.0;1;177;/dados/rmelo/PDPTW-SE/benchmark_multi_island_v5/official_experiments/multistartlp/official/set_01_pt_02/logs/heur_mslp/solutions/10R_10V_04I_04M/lr101_sol_genconfig_mslp_seed_177.txt;Gurobi;AUTOMATIC;18.14;_bash_5;_seed_177;5081.07;1;1.81;/dados/rmelo/PDPTW-SE/benchmark_multi_island_v5/official_experiments/multistartlp/official/set_01_pt_02/logs/heur_mslp/timelines/10R_10V_04I_04M/lr101_timeline_genconfig_mslp_seed_177.txt;67.16;t1;0;1207.27;false
0.05;0.19;0.27;0.46;0.01;0.03;6;/dados/rmelo/PDPTW-SE/benchmark_multi_island_v5/official_experiments/multistartlp/official/set_01_pt_02/logs/heur_mslp/outputs/csvresults_heur_mslp_bash_5.csv;0;3;1;22;0;0.0;0.5;true;12;2;lr102_t1_10R_10V_04I_03M;/dados/rmelo/PDPTW-SE/benchmark_multi_island_v5/official_experiments/multistartlp/official/set_01_pt_02/configs/genconfig_mslp.conf;genconfig_mslp;/dados/rmelo/PDPTW-SE/benchmark_multi_island_v5/official_experiments/multistartlp/official/set_01_pt_02/logs/heur_mslp/gurobi/10R_10V_04I_03M/lr102_grb_genconfig_mslp_seed_177.log;random;10R_10V_04I_03M;1;42264;1;/dados/rmelo/PDPTW-SE/benchmark_multi_island_v5/official_experiments/multistartlp/official/set_01_pt_02/../../../../instances/orig_ams_fg/10R_10V_04I_04M/t1/lr102/;60000;4001;0;1205.89;21;11;H;50;95;0;100.0;30.0;true;0.95;100.0;1.0;1.0;1.0;1.0;60;M;17736;17736;false;58;0.91;77.99;0.84;29;10;1000000;-1;3600;12.73;0.67;0.54;mslp;heur;0.26;0.28;-1;3600;60000;I;10;1.0;0.6;lr102;0;/dados/rmelo/PDPTW-SE/benchmark_multi_island_v5/official_experiments/multistartlp/official/set_01_pt_02/logs;0;0;0;70.44;100.0;1;177;/dados/rmelo/PDPTW-SE/benchmark_multi_island_v5/official_experiments/multistartlp/official/set_01_pt_02/logs/heur_mslp/solutions/10R_10V_04I_03M/lr102_sol_genconfig_mslp_seed_177.txt;Gurobi;AUTOMATIC;18.14;_bash_5;_seed_177;2257.22;1;3.94;/dados/rmelo/PDPTW-SE/benchmark_multi_island_v5/official_experiments/multistartlp/official/set_01_pt_02/logs/heur_mslp/timelines/10R_10V_04I_03M/lr102_timeline_genconfig_mslp_seed_177.txt;52.74;t1;0;943.35;false
0.05;0.04;0.21;0.25;0.0;0.03;9;/dados/rmelo/PDPTW-SE/benchmark_multi_island_v5/official_experiments/multistartlp/official/set_01_pt_02/logs/heur_mslp/outputs/csvresults_heur_mslp_bash_5.csv;0;4;1;22;0;0.0;0.5;true;12;2;lr102_t1_10R_10V_04I_04M;/dados/rmelo/PDPTW-SE/benchmark_multi_island_v5/official_experiments/multistartlp/official/set_01_pt_02/configs/genconfig_mslp.conf;genconfig_mslp;/dados/rmelo/PDPTW-SE/benchmark_multi_island_v5/official_experiments/multistartlp/official/set_01_pt_02/logs/heur_mslp/gurobi/10R_10V_04I_04M/lr102_grb_genconfig_mslp_seed_177.log;random;10R_10V_04I_04M;1;17828;1;/dados/rmelo/PDPTW-SE/benchmark_multi_island_v5/official_experiments/multistartlp/official/set_01_pt_02/../../../../instances/orig_ams_fg/10R_10V_04I_04M/t1/lr102/;60000;6935;0;1175.73;21;11;H;50;95;0;100.0;30.0;true;0.95;100.0;1.0;1.0;1.0;1.0;60;M;42172;42172;false;58;0.82;76.71;0.79;29;10;1000000;-1;3600;12.06;0.67;0.5;mslp;heur;0.36;0.05;-1;3600;60000;I;10;1.0;0.6;lr102;0;/dados/rmelo/PDPTW-SE/benchmark_multi_island_v5/official_experiments/multistartlp/official/set_01_pt_02/logs;0;0;0;29.71;100.0;1;177;/dados/rmelo/PDPTW-SE/benchmark_multi_island_v5/official_experiments/multistartlp/official/set_01_pt_02/logs/heur_mslp/solutions/10R_10V_04I_04M/lr102_sol_genconfig_mslp_seed_177.txt;Gurobi;AUTOMATIC;17.9;_bash_5;_seed_177;5084.13;1;12.47;/dados/rmelo/PDPTW-SE/benchmark_multi_island_v5/official_experiments/multistartlp/official/set_01_pt_02/logs/heur_mslp/timelines/10R_10V_04I_04M/lr102_timeline_genconfig_mslp_seed_177.txt;104.96;t1;0;938.67;false
0.05;0.09;0.17;0.27;0.0;0.0;7;/dados/rmelo/PDPTW-SE/benchmark_multi_island_v5/official_experiments/multistartlp/official/set_01_pt_02/logs/heur_mslp/outputs/csvresults_heur_mslp_bash_5.csv;0;3;1;22;0;0.0;0.5;true;12;2;lr103_t1_10R_10V_04I_03M;/dados/rmelo/PDPTW-SE/benchmark_multi_island_v5/official_experiments/multistartlp/official/set_01_pt_02/configs/genconfig_mslp.conf;genconfig_mslp;/dados/rmelo/PDPTW-SE/benchmark_multi_island_v5/official_experiments/multistartlp/official/set_01_pt_02/logs/heur_mslp/gurobi/10R_10V_04I_03M/lr103_grb_genconfig_mslp_seed_177.log;random;10R_10V_04I_03M;1;13644;1;/dados/rmelo/PDPTW-SE/benchmark_multi_island_v5/official_experiments/multistartlp/official/set_01_pt_02/../../../../instances/orig_ams_fg/10R_10V_04I_04M/t1/lr103/;60000;1031;0;937.61;21;11;H;50;95;0;100.0;30.0;true;0.95;100.0;1.0;1.0;1.0;1.0;60;M;46356;46356;false;38;0.97;67.2;0.78;19;10;1000000;-1;3600;15.04;0.67;0.65;mslp;heur;0.39;0.5;-1;3600;60000;I;10;1.0;0.4;lr103;0;/dados/rmelo/PDPTW-SE/benchmark_multi_island_v5/official_experiments/multistartlp/official/set_01_pt_02/logs;0;0;0;22.74;100.0;1;177;/dados/rmelo/PDPTW-SE/benchmark_multi_island_v5/official_experiments/multistartlp/official/set_01_pt_02/logs/heur_mslp/solutions/10R_10V_04I_03M/lr103_sol_genconfig_mslp_seed_177.txt;Gurobi;AUTOMATIC;17.9;_bash_5;_seed_177;6969.84;1;2.44;/dados/rmelo/PDPTW-SE/benchmark_multi_island_v5/official_experiments/multistartlp/official/set_01_pt_02/logs/heur_mslp/timelines/10R_10V_04I_03M/lr103_timeline_genconfig_mslp_seed_177.txt;118.86;t1;0;615.06;false
0.05;0.0;0.17;0.17;0.0;0.0;5;/dados/rmelo/PDPTW-SE/benchmark_multi_island_v5/official_experiments/multistartlp/official/set_01_pt_02/logs/heur_mslp/outputs/csvresults_heur_mslp_bash_5.csv;0;4;1;22;0;0.0;0.5;true;12;2;lr103_t1_10R_10V_04I_04M;/dados/rmelo/PDPTW-SE/benchmark_multi_island_v5/official_experiments/multistartlp/official/set_01_pt_02/configs/genconfig_mslp.conf;genconfig_mslp;/dados/rmelo/PDPTW-SE/benchmark_multi_island_v5/official_experiments/multistartlp/official/set_01_pt_02/logs/heur_mslp/gurobi/10R_10V_04I_04M/lr103_grb_genconfig_mslp_seed_177.log;random;10R_10V_04I_04M;1;2690;1;/dados/rmelo/PDPTW-SE/benchmark_multi_island_v5/official_experiments/multistartlp/official/set_01_pt_02/../../../../instances/orig_ams_fg/10R_10V_04I_04M/t1/lr103/;60000;17;0;907.3;21;11;H;50;95;0;100.0;30.0;true;0.95;100.0;1.0;1.0;1.0;1.0;60;M;57310;57310;false;38;0.97;66.73;0.96;19;10;1000000;-1;3600;13.75;0.66;0.75;mslp;heur;0.38;0.59;-1;3600;60000;I;10;0.75;0.4;lr103;0;/dados/rmelo/PDPTW-SE/benchmark_multi_island_v5/official_experiments/multistartlp/official/set_01_pt_02/logs;0;0;0;4.48;100.0;1;177;/dados/rmelo/PDPTW-SE/benchmark_multi_island_v5/official_experiments/multistartlp/official/set_01_pt_02/logs/heur_mslp/solutions/10R_10V_04I_04M/lr103_sol_genconfig_mslp_seed_177.txt;Gurobi;AUTOMATIC;17.87;_bash_5;_seed_177;7877.89;1;0.35;/dados/rmelo/PDPTW-SE/benchmark_multi_island_v5/official_experiments/multistartlp/official/set_01_pt_02/logs/heur_mslp/timelines/10R_10V_04I_04M/lr103_timeline_genconfig_mslp_seed_177.txt;147.63;t1;0;611.6;false
0.05;0.11;0.23;0.34;0.0;0.0;11;/dados/rmelo/PDPTW-SE/benchmark_multi_island_v5/official_experiments/multistartlp/official/set_01_pt_02/logs/heur_mslp/outputs/csvresults_heur_mslp_bash_5.csv;0;3;1;22;0;0.0;0.5;true;12;2;lr104_t1_10R_10V_04I_03M;/dados/rmelo/PDPTW-SE/benchmark_multi_island_v5/official_experiments/multistartlp/official/set_01_pt_02/configs/genconfig_mslp.conf;genconfig_mslp;/dados/rmelo/PDPTW-SE/benchmark_multi_island_v5/official_experiments/multistartlp/official/set_01_pt_02/logs/heur_mslp/gurobi/10R_10V_04I_03M/lr104_grb_genconfig_mslp_seed_177.log;random;10R_10V_04I_03M;1;5883;1;/dados/rmelo/PDPTW-SE/benchmark_multi_island_v5/official_experiments/multistartlp/official/set_01_pt_02/../../../../instances/orig_ams_fg/10R_10V_04I_04M/t1/lr104/;60000;28241;0;1031.56;21;11;H;50;95;0;100.0;30.0;true;0.95;100.0;1.0;1.0;1.0;1.0;60;M;54117;54117;false;40;0.82;74.36;0.73;20;10;1000000;-1;3600;12.96;0.65;0.47;mslp;heur;0.48;0.28;-1;3600;60000;I;10;1.0;0.5;lr104;0;/dados/rmelo/PDPTW-SE/benchmark_multi_island_v5/official_experiments/multistartlp/official/set_01_pt_02/logs;0;0;0;9.8;100.0;1;177;/dados/rmelo/PDPTW-SE/benchmark_multi_island_v5/official_experiments/multistartlp/official/set_01_pt_02/logs/heur_mslp/solutions/10R_10V_04I_03M/lr104_sol_genconfig_mslp_seed_177.txt;Gurobi;AUTOMATIC;17.82;_bash_5;_seed_177;7015.33;1;61.95;/dados/rmelo/PDPTW-SE/benchmark_multi_island_v5/official_experiments/multistartlp/official/set_01_pt_02/logs/heur_mslp/timelines/10R_10V_04I_03M/lr104_timeline_genconfig_mslp_seed_177.txt;131.48;t1;0;745.94;false
0.05;0.11;0.23;0.34;0.0;0.0;11;/dados/rmelo/PDPTW-SE/benchmark_multi_island_v5/official_experiments/multistartlp/official/set_01_pt_02/logs/heur_mslp/outputs/csvresults_heur_mslp_bash_5.csv;0;4;1;22;0;0.0;0.5;true;12;2;lr104_t1_10R_10V_04I_04M;/dados/rmelo/PDPTW-SE/benchmark_multi_island_v5/official_experiments/multistartlp/official/set_01_pt_02/configs/genconfig_mslp.conf;genconfig_mslp;/dados/rmelo/PDPTW-SE/benchmark_multi_island_v5/official_experiments/multistartlp/official/set_01_pt_02/logs/heur_mslp/gurobi/10R_10V_04I_04M/lr104_grb_genconfig_mslp_seed_177.log;random;10R_10V_04I_04M;1;65;1;/dados/rmelo/PDPTW-SE/benchmark_multi_island_v5/official_experiments/multistartlp/official/set_01_pt_02/../../../../instances/orig_ams_fg/10R_10V_04I_04M/t1/lr104/;60000;5384;0;928.18;21;11;H;50;95;0;100.0;30.0;true;0.95;100.0;1.0;1.0;1.0;1.0;60;M;59935;59935;false;40;0.82;74.24;0.73;20;10;1000000;-1;3600;12.73;0.65;0.55;mslp;heur;0.48;0.28;-1;3600;60000;I;10;0.75;0.5;lr104;0;/dados/rmelo/PDPTW-SE/benchmark_multi_island_v5/official_experiments/multistartlp/official/set_01_pt_02/logs;0;0;0;0.11;100.0;1;177;/dados/rmelo/PDPTW-SE/benchmark_multi_island_v5/official_experiments/multistartlp/official/set_01_pt_02/logs/heur_mslp/solutions/10R_10V_04I_04M/lr104_sol_genconfig_mslp_seed_177.txt;Gurobi;AUTOMATIC;17.81;_bash_5;_seed_177;7629.4;1;13.79;/dados/rmelo/PDPTW-SE/benchmark_multi_island_v5/official_experiments/multistartlp/official/set_01_pt_02/logs/heur_mslp/timelines/10R_10V_04I_04M/lr104_timeline_genconfig_mslp_seed_177.txt;148.01;t1;0;745.94;false
0.05;0.1;0.18;0.28;0.0;0.03;4;/dados/rmelo/PDPTW-SE/benchmark_multi_island_v5/official_experiments/multistartlp/official/set_01_pt_02/logs/heur_mslp/outputs/csvresults_heur_mslp_bash_5.csv;0;3;1;22;0;0.0;0.5;true;12;2;lr105_t1_10R_10V_04I_03M;/dados/rmelo/PDPTW-SE/benchmark_multi_island_v5/official_experiments/multistartlp/official/set_01_pt_02/configs/genconfig_mslp.conf;genconfig_mslp;/dados/rmelo/PDPTW-SE/benchmark_multi_island_v5/official_experiments/multistartlp/official/set_01_pt_02/logs/heur_mslp/gurobi/10R_10V_04I_03M/lr105_grb_genconfig_mslp_seed_177.log;random;10R_10V_04I_03M;1;40005;1;/dados/rmelo/PDPTW-SE/benchmark_multi_island_v5/official_experiments/multistartlp/official/set_01_pt_02/../../../../instances/orig_ams_fg/10R_10V_04I_04M/t1/lr105/;60000;112;0;1020.27;21;11;H;50;95;0;100.0;30.0;true;0.95;100.0;1.0;1.0;1.0;1.0;60;M;19995;19995;false;52;0.88;87.59;0.88;26;10;1000000;-1;3600;14.36;0.73;0.62;mslp;heur;0.45;0.44;-1;3600;60000;I;10;1.0;0.4;lr105;0;/dados/rmelo/PDPTW-SE/benchmark_multi_island_v5/official_experiments/multistartlp/official/set_01_pt_02/logs;0;0;0;66.68;100.0;1;177;/dados/rmelo/PDPTW-SE/benchmark_multi_island_v5/official_experiments/multistartlp/official/set_01_pt_02/logs/heur_mslp/solutions/10R_10V_04I_03M/lr105_sol_genconfig_mslp_seed_177.txt;Gurobi;AUTOMATIC;17.98;_bash_5;_seed_177;2870.7;1;0.42;/dados/rmelo/PDPTW-SE/benchmark_multi_island_v5/official_experiments/multistartlp/official/set_01_pt_02/logs/heur_mslp/timelines/10R_10V_04I_03M/lr105_timeline_genconfig_mslp_seed_177.txt;52.77;t1;0;668.46;false
0.05;0.02;0.14;0.16;0.0;0.03;6;/dados/rmelo/PDPTW-SE/benchmark_multi_island_v5/official_experiments/multistartlp/official/set_01_pt_02/logs/heur_mslp/outputs/csvresults_heur_mslp_bash_5.csv;0;4;1;22;0;0.0;0.5;true;12;2;lr105_t1_10R_10V_04I_04M;/dados/rmelo/PDPTW-SE/benchmark_multi_island_v5/official_experiments/multistartlp/official/set_01_pt_02/configs/genconfig_mslp.conf;genconfig_mslp;/dados/rmelo/PDPTW-SE/benchmark_multi_island_v5/official_experiments/multistartlp/official/set_01_pt_02/logs/heur_mslp/gurobi/10R_10V_04I_04M/lr105_grb_genconfig_mslp_seed_177.log;random;10R_10V_04I_04M;1;5509;1;/dados/rmelo/PDPTW-SE/benchmark_multi_island_v5/official_experiments/multistartlp/official/set_01_pt_02/../../../../instances/orig_ams_fg/10R_10V_04I_04M/t1/lr105/;60000;212;0;895.39;21;11;H;50;95;0;100.0;30.0;true;0.95;100.0;1.0;1.0;1.0;1.0;60;M;54491;54491;false;52;0.88;85.82;0.88;26;10;1000000;-1;3600;15.55;0.72;0.6;mslp;heur;0.45;0.35;-1;3600;60000;I;10;1.0;0.4;lr105;0;/dados/rmelo/PDPTW-SE/benchmark_multi_island_v5/official_experiments/multistartlp/official/set_01_pt_02/logs;0;0;0;9.18;100.0;1;177;/dados/rmelo/PDPTW-SE/benchmark_multi_island_v5/official_experiments/multistartlp/official/set_01_pt_02/logs/heur_mslp/solutions/10R_10V_04I_04M/lr105_sol_genconfig_mslp_seed_177.txt;Gurobi;AUTOMATIC;18.05;_bash_5;_seed_177;8472.3;1;0.78;/dados/rmelo/PDPTW-SE/benchmark_multi_island_v5/official_experiments/multistartlp/official/set_01_pt_02/logs/heur_mslp/timelines/10R_10V_04I_04M/lr105_timeline_genconfig_mslp_seed_177.txt;122.68;t1;0;665.48;false
0.05;0.04;0.05;0.09;0.0;0.25;10;/dados/rmelo/PDPTW-SE/benchmark_multi_island_v5/official_experiments/multistartlp/official/set_01_pt_02/logs/heur_mslp/outputs/csvresults_heur_mslp_bash_5.csv;0;3;1;22;0;0.0;0.5;true;12;2;lr201_t2_10R_10V_04I_03M;/dados/rmelo/PDPTW-SE/benchmark_multi_island_v5/official_experiments/multistartlp/official/set_01_pt_02/configs/genconfig_mslp.conf;genconfig_mslp;/dados/rmelo/PDPTW-SE/benchmark_multi_island_v5/official_experiments/multistartlp/official/set_01_pt_02/logs/heur_mslp/gurobi/10R_10V_04I_03M/lr201_grb_genconfig_mslp_seed_177.log;random;10R_10V_04I_03M;1;0;1;/dados/rmelo/PDPTW-SE/benchmark_multi_island_v5/official_experiments/multistartlp/official/set_01_pt_02/../../../../instances/orig_ams_fg/10R_10V_04I_04M/t2/lr201/;60000;1053;0;2053.5;21;11;H;50;95;0;100.0;30.0;true;0.95;100.0;1.0;1.0;1.0;1.0;60;M;60000;60000;false;52;0.69;75.17;0.88;26;10;1000000;-1;3600;21.94;0.42;0.58;mslp;heur;0.1;0.33;-1;3600;60000;I;10;1.0;0.3;lr201;0;/dados/rmelo/PDPTW-SE/benchmark_multi_island_v5/official_experiments/multistartlp/official/set_01_pt_02/logs;0;0;0;0.0;100.0;1;177;/dados/rmelo/PDPTW-SE/benchmark_multi_island_v5/official_experiments/multistartlp/official/set_01_pt_02/logs/heur_mslp/solutions/10R_10V_04I_03M/lr201_sol_genconfig_mslp_seed_177.txt;Gurobi;AUTOMATIC;17.74;_bash_5;_seed_177;13165.23;1;3.03;/dados/rmelo/PDPTW-SE/benchmark_multi_island_v5/official_experiments/multistartlp/official/set_01_pt_02/logs/heur_mslp/timelines/10R_10V_04I_03M/lr201_timeline_genconfig_mslp_seed_177.txt;153.35;t2;0;1271.26;false
0.05;0.04;0.04;0.08;0.0;0.25;10;/dados/rmelo/PDPTW-SE/benchmark_multi_island_v5/official_experiments/multistartlp/official/set_01_pt_02/logs/heur_mslp/outputs/csvresults_heur_mslp_bash_5.csv;0;4;1;22;0;0.0;0.5;true;12;2;lr201_t2_10R_10V_04I_04M;/dados/rmelo/PDPTW-SE/benchmark_multi_island_v5/official_experiments/multistartlp/official/set_01_pt_02/configs/genconfig_mslp.conf;genconfig_mslp;/dados/rmelo/PDPTW-SE/benchmark_multi_island_v5/official_experiments/multistartlp/official/set_01_pt_02/logs/heur_mslp/gurobi/10R_10V_04I_04M/lr201_grb_genconfig_mslp_seed_177.log;random;10R_10V_04I_04M;1;0;1;/dados/rmelo/PDPTW-SE/benchmark_multi_island_v5/official_experiments/multistartlp/official/set_01_pt_02/../../../../instances/orig_ams_fg/10R_10V_04I_04M/t2/lr201/;60000;1053;0;2053.34;21;11;H;50;95;0;100.0;30.0;true;0.95;100.0;1.0;1.0;1.0;1.0;60;M;60000;60000;false;52;0.69;75.04;0.88;26;10;1000000;-1;3600;22.13;0.42;0.58;mslp;heur;0.1;0.33;-1;3600;60000;I;10;1.0;0.3;lr201;0;/dados/rmelo/PDPTW-SE/benchmark_multi_island_v5/official_experiments/multistartlp/official/set_01_pt_02/logs;0;0;0;0.0;100.0;1;177;/dados/rmelo/PDPTW-SE/benchmark_multi_island_v5/official_experiments/multistartlp/official/set_01_pt_02/logs/heur_mslp/solutions/10R_10V_04I_04M/lr201_sol_genconfig_mslp_seed_177.txt;Gurobi;AUTOMATIC;17.9;_bash_5;_seed_177;13275.61;1;3.18;/dados/rmelo/PDPTW-SE/benchmark_multi_island_v5/official_experiments/multistartlp/official/set_01_pt_02/logs/heur_mslp/timelines/10R_10V_04I_04M/lr201_timeline_genconfig_mslp_seed_177.txt;157.41;t2;0;1271.26;false
0.05;0.04;0.11;0.16;0.0;0.0;12;/dados/rmelo/PDPTW-SE/benchmark_multi_island_v5/official_experiments/multistartlp/official/set_01_pt_02/logs/heur_mslp/outputs/csvresults_heur_mslp_bash_5.csv;0;3;1;22;0;0.0;0.5;true;12;2;lr202_t2_10R_10V_04I_03M;/dados/rmelo/PDPTW-SE/benchmark_multi_island_v5/official_experiments/multistartlp/official/set_01_pt_02/configs/genconfig_mslp.conf;genconfig_mslp;/dados/rmelo/PDPTW-SE/benchmark_multi_island_v5/official_experiments/multistartlp/official/set_01_pt_02/logs/heur_mslp/gurobi/10R_10V_04I_03M/lr202_grb_genconfig_mslp_seed_177.log;random;10R_10V_04I_03M;1;25803;1;/dados/rmelo/PDPTW-SE/benchmark_multi_island_v5/official_experiments/multistartlp/official/set_01_pt_02/../../../../instances/orig_ams_fg/10R_10V_04I_04M/t2/lr202/;60000;48189;0;1516.01;21;11;H;50;95;0;100.0;30.0;true;0.95;100.0;1.0;1.0;1.0;1.0;60;M;34197;34197;false;46;0.68;82.05;0.89;23;10;1000000;-1;3600;25.39;0.49;0.66;mslp;heur;0.3;0.42;-1;3600;60000;I;10;1.0;0.2;lr202;0;/dados/rmelo/PDPTW-SE/benchmark_multi_island_v5/official_experiments/multistartlp/official/set_01_pt_02/logs;0;0;0;43.0;100.0;1;177;/dados/rmelo/PDPTW-SE/benchmark_multi_island_v5/official_experiments/multistartlp/official/set_01_pt_02/logs/heur_mslp/solutions/10R_10V_04I_03M/lr202_sol_genconfig_mslp_seed_177.txt;Gurobi;AUTOMATIC;17.83;_bash_5;_seed_177;8684.13;1;96.62;/dados/rmelo/PDPTW-SE/benchmark_multi_island_v5/official_experiments/multistartlp/official/set_01_pt_02/logs/heur_mslp/timelines/10R_10V_04I_03M/lr202_timeline_genconfig_mslp_seed_177.txt;120.45;t2;0;976.55;false
0.05;0.04;0.11;0.14;0.0;0.0;8;/dados/rmelo/PDPTW-SE/benchmark_multi_island_v5/official_experiments/multistartlp/official/set_01_pt_02/logs/heur_mslp/outputs/csvresults_heur_mslp_bash_5.csv;0;4;1;22;0;0.0;0.5;true;12;2;lr202_t2_10R_10V_04I_04M;/dados/rmelo/PDPTW-SE/benchmark_multi_island_v5/official_experiments/multistartlp/official/set_01_pt_02/configs/genconfig_mslp.conf;genconfig_mslp;/dados/rmelo/PDPTW-SE/benchmark_multi_island_v5/official_experiments/multistartlp/official/set_01_pt_02/logs/heur_mslp/gurobi/10R_10V_04I_04M/lr202_grb_genconfig_mslp_seed_177.log;random;10R_10V_04I_04M;1;1697;1;/dados/rmelo/PDPTW-SE/benchmark_multi_island_v5/official_experiments/multistartlp/official/set_01_pt_02/../../../../instances/orig_ams_fg/10R_10V_04I_04M/t2/lr202/;60000;53793;0;1980.82;21;11;H;50;95;0;100.0;30.0;true;0.95;100.0;1.0;1.0;1.0;1.0;60;M;58303;58303;false;46;0.68;81.06;0.91;23;10;1000000;-1;3600;27.9;0.47;0.77;mslp;heur;0.26;0.63;-1;3600;60000;I;10;0.75;0.2;lr202;0;/dados/rmelo/PDPTW-SE/benchmark_multi_island_v5/official_experiments/multistartlp/official/set_01_pt_02/logs;0;0;0;2.83;100.0;1;177;/dados/rmelo/PDPTW-SE/benchmark_multi_island_v5/official_experiments/multistartlp/official/set_01_pt_02/logs/heur_mslp/solutions/10R_10V_04I_04M/lr202_sol_genconfig_mslp_seed_177.txt;Gurobi;AUTOMATIC;17.89;_bash_5;_seed_177;16266.84;1;170.92;/dados/rmelo/PDPTW-SE/benchmark_multi_island_v5/official_experiments/multistartlp/official/set_01_pt_02/logs/heur_mslp/timelines/10R_10V_04I_04M/lr202_timeline_genconfig_mslp_seed_177.txt;190.48;t2;0;944.47;false
0.05;0.07;0.07;0.14;0.11;0.11;18;/dados/rmelo/PDPTW-SE/benchmark_multi_island_v5/official_experiments/multistartlp/official/set_01_pt_02/logs/heur_mslp/outputs/csvresults_heur_mslp_bash_5.csv;0;3;1;22;0;0.0;0.5;true;12;2;lr203_t2_10R_10V_04I_03M;/dados/rmelo/PDPTW-SE/benchmark_multi_island_v5/official_experiments/multistartlp/official/set_01_pt_02/configs/genconfig_mslp.conf;genconfig_mslp;/dados/rmelo/PDPTW-SE/benchmark_multi_island_v5/official_experiments/multistartlp/official/set_01_pt_02/logs/heur_mslp/gurobi/10R_10V_04I_03M/lr203_grb_genconfig_mslp_seed_177.log;random;10R_10V_04I_03M;1;0;1;/dados/rmelo/PDPTW-SE/benchmark_multi_island_v5/official_experiments/multistartlp/official/set_01_pt_02/../../../../instances/orig_ams_fg/10R_10V_04I_04M/t2/lr203/;60000;47743;0;1296.53;21;11;H;50;95;0;100.0;30.0;true;0.95;100.0;1.0;1.0;1.0;1.0;60;M;60000;60000;false;58;0.62;85.67;0.89;29;10;1000000;-1;3600;15.26;0.42;0.75;mslp;heur;0.22;0.6;-1;3600;60000;I;10;1.0;0.2;lr203;0;/dados/rmelo/PDPTW-SE/benchmark_multi_island_v5/official_experiments/multistartlp/official/set_01_pt_02/logs;0;0;0;0.0;100.0;1;177;/dados/rmelo/PDPTW-SE/benchmark_multi_island_v5/official_experiments/multistartlp/official/set_01_pt_02/logs/heur_mslp/solutions/10R_10V_04I_03M/lr203_sol_genconfig_mslp_seed_177.txt;Gurobi;AUTOMATIC;17.93;_bash_5;_seed_177;9156.12;1;178.75;/dados/rmelo/PDPTW-SE/benchmark_multi_island_v5/official_experiments/multistartlp/official/set_01_pt_02/logs/heur_mslp/timelines/10R_10V_04I_03M/lr203_timeline_genconfig_mslp_seed_177.txt;224.27;t2;0;840.83;false
0.05;0.01;0.05;0.07;0.01;0.04;11;/dados/rmelo/PDPTW-SE/benchmark_multi_island_v5/official_experiments/multistartlp/official/set_01_pt_02/logs/heur_mslp/outputs/csvresults_heur_mslp_bash_5.csv;0;4;1;22;0;0.0;0.5;true;12;2;lr203_t2_10R_10V_04I_04M;/dados/rmelo/PDPTW-SE/benchmark_multi_island_v5/official_experiments/multistartlp/official/set_01_pt_02/configs/genconfig_mslp.conf;genconfig_mslp;/dados/rmelo/PDPTW-SE/benchmark_multi_island_v5/official_experiments/multistartlp/official/set_01_pt_02/logs/heur_mslp/gurobi/10R_10V_04I_04M/lr203_grb_genconfig_mslp_seed_177.log;random;10R_10V_04I_04M;1;0;1;/dados/rmelo/PDPTW-SE/benchmark_multi_island_v5/official_experiments/multistartlp/official/set_01_pt_02/../../../../instances/orig_ams_fg/10R_10V_04I_04M/t2/lr203/;60000;54346;0;1296.53;21;11;H;50;95;0;100.0;30.0;true;0.95;100.0;1.0;1.0;1.0;1.0;60;M;60000;60000;false;58;0.62;80.51;0.87;29;10;1000000;-1;3600;16.67;0.41;0.82;mslp;heur;0.2;0.77;-1;3600;60000;I;10;1.0;0.2;lr203;0;/dados/rmelo/PDPTW-SE/benchmark_multi_island_v5/official_experiments/multistartlp/official/set_01_pt_02/logs;0;0;0;0.0;100.0;1;177;/dados/rmelo/PDPTW-SE/benchmark_multi_island_v5/official_experiments/multistartlp/official/set_01_pt_02/logs/heur_mslp/solutions/10R_10V_04I_04M/lr203_sol_genconfig_mslp_seed_177.txt;Gurobi;AUTOMATIC;17.88;_bash_5;_seed_177;9999.4;1;217.98;/dados/rmelo/PDPTW-SE/benchmark_multi_island_v5/official_experiments/multistartlp/official/set_01_pt_02/logs/heur_mslp/timelines/10R_10V_04I_04M/lr203_timeline_genconfig_mslp_seed_177.txt;240.79;t2;0;811.99;false
0.05;0.05;0.06;0.11;0.0;0.0;6;/dados/rmelo/PDPTW-SE/benchmark_multi_island_v5/official_experiments/multistartlp/official/set_01_pt_02/logs/heur_mslp/outputs/csvresults_heur_mslp_bash_5.csv;0;3;1;22;0;0.0;0.5;true;12;2;lr204_t2_10R_10V_04I_03M;/dados/rmelo/PDPTW-SE/benchmark_multi_island_v5/official_experiments/multistartlp/official/set_01_pt_02/configs/genconfig_mslp.conf;genconfig_mslp;/dados/rmelo/PDPTW-SE/benchmark_multi_island_v5/official_experiments/multistartlp/official/set_01_pt_02/logs/heur_mslp/gurobi/10R_10V_04I_03M/lr204_grb_genconfig_mslp_seed_177.log;random;10R_10V_04I_03M;1;0;1;/dados/rmelo/PDPTW-SE/benchmark_multi_island_v5/official_experiments/multistartlp/official/set_01_pt_02/../../../../instances/orig_ams_fg/10R_10V_04I_04M/t2/lr204/;60000;40300;0;1021.74;21;11;H;50;95;0;100.0;30.0;true;0.95;100.0;1.0;1.0;1.0;1.0;60;M;56268;60000;false;38;0.6;82.88;0.87;19;10;1000000;-1;3600;8.53;0.39;0.68;mslp;heur;0.17;0.5;-1;3600;60000;I;10;1.0;0.2;lr204;0;/dados/rmelo/PDPTW-SE/benchmark_multi_island_v5/official_experiments/multistartlp/official/set_01_pt_02/logs;0;0;0;0.0;93.78;1;177;/dados/rmelo/PDPTW-SE/benchmark_multi_island_v5/official_experiments/multistartlp/official/set_01_pt_02/logs/heur_mslp/solutions/10R_10V_04I_03M/lr204_sol_genconfig_mslp_seed_177.txt;Gurobi;AUTOMATIC;17.68;_bash_5;_seed_177;5119.03;1;159.79;/dados/rmelo/PDPTW-SE/benchmark_multi_island_v5/official_experiments/multistartlp/official/set_01_pt_02/logs/heur_mslp/timelines/10R_10V_04I_03M/lr204_timeline_genconfig_mslp_seed_177.txt;238.23;t2;0;777.69;false
0.05;0.04;0.05;0.09;0.0;0.0;7;/dados/rmelo/PDPTW-SE/benchmark_multi_island_v5/official_experiments/multistartlp/official/set_01_pt_02/logs/heur_mslp/outputs/csvresults_heur_mslp_bash_5.csv;0;4;1;22;0;0.0;0.5;true;12;2;lr204_t2_10R_10V_04I_04M;/dados/rmelo/PDPTW-SE/benchmark_multi_island_v5/official_experiments/multistartlp/official/set_01_pt_02/configs/genconfig_mslp.conf;genconfig_mslp;/dados/rmelo/PDPTW-SE/benchmark_multi_island_v5/official_experiments/multistartlp/official/set_01_pt_02/logs/heur_mslp/gurobi/10R_10V_04I_04M/lr204_grb_genconfig_mslp_seed_177.log;random;10R_10V_04I_04M;1;0;1;/dados/rmelo/PDPTW-SE/benchmark_multi_island_v5/official_experiments/multistartlp/official/set_01_pt_02/../../../../instances/orig_ams_fg/10R_10V_04I_04M/t2/lr204/;60000;40300;0;925.09;21;11;H;50;95;0;100.0;30.0;true;0.95;100.0;1.0;1.0;1.0;1.0;60;M;56570;60000;false;38;0.6;82.88;0.87;19;10;1000000;-1;3600;8.29;0.39;0.68;mslp;heur;0.17;0.5;-1;3600;60000;I;10;1.0;0.2;lr204;0;/dados/rmelo/PDPTW-SE/benchmark_multi_island_v5/official_experiments/multistartlp/official/set_01_pt_02/logs;0;0;0;0.0;94.28;1;177;/dados/rmelo/PDPTW-SE/benchmark_multi_island_v5/official_experiments/multistartlp/official/set_01_pt_02/logs/heur_mslp/solutions/10R_10V_04I_04M/lr204_sol_genconfig_mslp_seed_177.txt;Gurobi;AUTOMATIC;17.97;_bash_5;_seed_177;4971.63;1;172.47;/dados/rmelo/PDPTW-SE/benchmark_multi_island_v5/official_experiments/multistartlp/official/set_01_pt_02/logs/heur_mslp/timelines/10R_10V_04I_04M/lr204_timeline_genconfig_mslp_seed_177.txt;256.16;t2;0;772.6;false
0.05;0.03;0.05;0.08;0.0;0.0;13;/dados/rmelo/PDPTW-SE/benchmark_multi_island_v5/official_experiments/multistartlp/official/set_01_pt_02/logs/heur_mslp/outputs/csvresults_heur_mslp_bash_5.csv;0;3;1;22;0;0.0;0.5;true;12;2;lr205_t2_10R_10V_04I_03M;/dados/rmelo/PDPTW-SE/benchmark_multi_island_v5/official_experiments/multistartlp/official/set_01_pt_02/configs/genconfig_mslp.conf;genconfig_mslp;/dados/rmelo/PDPTW-SE/benchmark_multi_island_v5/official_experiments/multistartlp/official/set_01_pt_02/logs/heur_mslp/gurobi/10R_10V_04I_03M/lr205_grb_genconfig_mslp_seed_177.log;random;10R_10V_04I_03M;1;0;1;/dados/rmelo/PDPTW-SE/benchmark_multi_island_v5/official_experiments/multistartlp/official/set_01_pt_02/../../../../instances/orig_ams_fg/10R_10V_04I_04M/t2/lr205/;60000;22929;0;1460.11;21;11;H;50;95;0;100.0;30.0;true;0.95;100.0;1.0;1.0;1.0;1.0;60;M;60000;60000;false;52;0.66;72.47;1.0;26;10;1000000;-1;3600;26.3;0.39;0.94;mslp;heur;0.13;0.88;-1;3600;60000;I;10;1.0;0.2;lr205;0;/dados/rmelo/PDPTW-SE/benchmark_multi_island_v5/official_experiments/multistartlp/official/set_01_pt_02/logs;0;0;0;0.0;100.0;1;177;/dados/rmelo/PDPTW-SE/benchmark_multi_island_v5/official_experiments/multistartlp/official/set_01_pt_02/logs/heur_mslp/solutions/10R_10V_04I_03M/lr205_sol_genconfig_mslp_seed_177.txt;Gurobi;AUTOMATIC;18.13;_bash_5;_seed_177;15782.77;1;68.1;/dados/rmelo/PDPTW-SE/benchmark_multi_island_v5/official_experiments/multistartlp/official/set_01_pt_02/logs/heur_mslp/timelines/10R_10V_04I_03M/lr205_timeline_genconfig_mslp_seed_177.txt;177.05;t2;0;789.01;false
0.05;0.02;0.04;0.07;0.0;0.0;13;/dados/rmelo/PDPTW-SE/benchmark_multi_island_v5/official_experiments/multistartlp/official/set_01_pt_02/logs/heur_mslp/outputs/csvresults_heur_mslp_bash_5.csv;0;4;1;22;0;0.0;0.5;true;12;2;lr205_t2_10R_10V_04I_04M;/dados/rmelo/PDPTW-SE/benchmark_multi_island_v5/official_experiments/multistartlp/official/set_01_pt_02/configs/genconfig_mslp.conf;genconfig_mslp;/dados/rmelo/PDPTW-SE/benchmark_multi_island_v5/official_experiments/multistartlp/official/set_01_pt_02/logs/heur_mslp/gurobi/10R_10V_04I_04M/lr205_grb_genconfig_mslp_seed_177.log;random;10R_10V_04I_04M;1;0;1;/dados/rmelo/PDPTW-SE/benchmark_multi_island_v5/official_experiments/multistartlp/official/set_01_pt_02/../../../../instances/orig_ams_fg/10R_10V_04I_04M/t2/lr205/;60000;17610;0;1457.15;21;11;H;50;95;0;100.0;30.0;true;0.95;100.0;1.0;1.0;1.0;1.0;60;M;60000;60000;false;52;0.67;72.47;1.0;26;10;1000000;-1;3600;26.64;0.4;0.94;mslp;heur;0.13;0.88;-1;3600;60000;I;10;1.0;0.2;lr205;0;/dados/rmelo/PDPTW-SE/benchmark_multi_island_v5/official_experiments/multistartlp/official/set_01_pt_02/logs;0;0;0;0.0;100.0;1;177;/dados/rmelo/PDPTW-SE/benchmark_multi_island_v5/official_experiments/multistartlp/official/set_01_pt_02/logs/heur_mslp/solutions/10R_10V_04I_04M/lr205_sol_genconfig_mslp_seed_177.txt;Gurobi;AUTOMATIC;17.82;_bash_5;_seed_177;15982.88;1;54.63;/dados/rmelo/PDPTW-SE/benchmark_multi_island_v5/official_experiments/multistartlp/official/set_01_pt_02/logs/heur_mslp/timelines/10R_10V_04I_04M/lr205_timeline_genconfig_mslp_seed_177.txt;185.3;t2;0;795.67;false
0.05;0.12;0.19;0.32;0.0;0.11;11;/dados/rmelo/PDPTW-SE/benchmark_multi_island_v5/official_experiments/multistartlp/official/set_01_pt_02/logs/heur_mslp/outputs/csvresults_heur_mslp_bash_5.csv;0;3;1;26;0;0.0;0.5;true;14;2;lr101_t1_12R_12V_02I_03M;/dados/rmelo/PDPTW-SE/benchmark_multi_island_v5/official_experiments/multistartlp/official/set_01_pt_02/configs/genconfig_mslp.conf;genconfig_mslp;/dados/rmelo/PDPTW-SE/benchmark_multi_island_v5/official_experiments/multistartlp/official/set_01_pt_02/logs/heur_mslp/gurobi/12R_12V_02I_03M/lr101_grb_genconfig_mslp_seed_177.log;random;12R_12V_02I_03M;1;56609;1;/dados/rmelo/PDPTW-SE/benchmark_multi_island_v5/official_experiments/multistartlp/official/set_01_pt_02/../../../../instances/orig_ams_fg/12R_12V_02I_04M/t1/lr101/;60000;18251;0;1900.68;25;13;H;50;95;0;100.0;30.0;true;0.95;100.0;1.0;1.0;1.0;1.0;60;M;3391;3391;false;52;0.91;104.84;0.87;26;10;1000000;-1;3600;15.99;0.59;0.38;mslp;heur;0.21;0.15;-1;3600;60000;I;12;1.0;0.83;lr101;0;/dados/rmelo/PDPTW-SE/benchmark_multi_island_v5/official_experiments/multistartlp/official/set_01_pt_02/logs;0;0;0;94.35;100.0;1;177;/dados/rmelo/PDPTW-SE/benchmark_multi_island_v5/official_experiments/multistartlp/official/set_01_pt_02/logs/heur_mslp/solutions/12R_12V_02I_03M/lr101_sol_genconfig_mslp_seed_177.txt;Gurobi;AUTOMATIC;17.86;_bash_5;_seed_177;542.15;1;6.57;/dados/rmelo/PDPTW-SE/benchmark_multi_island_v5/official_experiments/multistartlp/official/set_01_pt_02/logs/heur_mslp/timelines/12R_12V_02I_03M/lr101_timeline_genconfig_mslp_seed_177.txt;20.89;t1;0;1432.08;false
0.05;0.07;0.14;0.2;0.0;0.12;10;/dados/rmelo/PDPTW-SE/benchmark_multi_island_v5/official_experiments/multistartlp/official/set_01_pt_02/logs/heur_mslp/outputs/csvresults_heur_mslp_bash_5.csv;0;4;1;26;0;0.0;0.5;true;14;2;lr101_t1_12R_12V_02I_04M;/dados/rmelo/PDPTW-SE/benchmark_multi_island_v5/official_experiments/multistartlp/official/set_01_pt_02/configs/genconfig_mslp.conf;genconfig_mslp;/dados/rmelo/PDPTW-SE/benchmark_multi_island_v5/official_experiments/multistartlp/official/set_01_pt_02/logs/heur_mslp/gurobi/12R_12V_02I_04M/lr101_grb_genconfig_mslp_seed_177.log;random;12R_12V_02I_04M;1;35051;1;/dados/rmelo/PDPTW-SE/benchmark_multi_island_v5/official_experiments/multistartlp/official/set_01_pt_02/../../../../instances/orig_ams_fg/12R_12V_02I_04M/t1/lr101/;60000;15640;0;1711.46;25;13;H;50;95;0;100.0;30.0;true;0.95;100.0;1.0;1.0;1.0;1.0;60;M;24949;24949;false;52;0.89;97.55;0.87;26;10;1000000;-1;3600;16.83;0.57;0.37;mslp;heur;0.21;0.15;-1;3600;60000;I;12;1.0;0.83;lr101;0;/dados/rmelo/PDPTW-SE/benchmark_multi_island_v5/official_experiments/multistartlp/official/set_01_pt_02/logs;0;0;0;58.42;100.0;1;177;/dados/rmelo/PDPTW-SE/benchmark_multi_island_v5/official_experiments/multistartlp/official/set_01_pt_02/logs/heur_mslp/solutions/12R_12V_02I_04M/lr101_sol_genconfig_mslp_seed_177.txt;Gurobi;AUTOMATIC;18.0;_bash_5;_seed_177;4198.71;1;19.12;/dados/rmelo/PDPTW-SE/benchmark_multi_island_v5/official_experiments/multistartlp/official/set_01_pt_02/logs/heur_mslp/timelines/12R_12V_02I_04M/lr101_timeline_genconfig_mslp_seed_177.txt;71.75;t1;0;1391.03;false
0.05;0.03;0.15;0.19;0.01;0.06;6;/dados/rmelo/PDPTW-SE/benchmark_multi_island_v5/official_experiments/multistartlp/official/set_01_pt_02/logs/heur_mslp/outputs/csvresults_heur_mslp_bash_5.csv;0;3;1;26;0;0.0;0.5;true;14;2;lr102_t1_12R_12V_02I_03M;/dados/rmelo/PDPTW-SE/benchmark_multi_island_v5/official_experiments/multistartlp/official/set_01_pt_02/configs/genconfig_mslp.conf;genconfig_mslp;/dados/rmelo/PDPTW-SE/benchmark_multi_island_v5/official_experiments/multistartlp/official/set_01_pt_02/logs/heur_mslp/gurobi/12R_12V_02I_03M/lr102_grb_genconfig_mslp_seed_177.log;random;12R_12V_02I_03M;1;3789;1;/dados/rmelo/PDPTW-SE/benchmark_multi_island_v5/official_experiments/multistartlp/official/set_01_pt_02/../../../../instances/orig_ams_fg/12R_12V_02I_04M/t1/lr102/;60000;29;0;1344.38;25;13;H;50;95;0;100.0;30.0;true;0.95;100.0;1.0;1.0;1.0;1.0;60;M;56211;56211;false;62;0.84;79.46;0.97;31;10;1000000;-1;3600;14.77;0.82;0.67;mslp;heur;0.78;0.31;-1;3600;60000;I;12;0.67;0.42;lr102;0;/dados/rmelo/PDPTW-SE/benchmark_multi_island_v5/official_experiments/multistartlp/official/set_01_pt_02/logs;0;0;0;6.32;100.0;1;177;/dados/rmelo/PDPTW-SE/benchmark_multi_island_v5/official_experiments/multistartlp/official/set_01_pt_02/logs/heur_mslp/solutions/12R_12V_02I_03M/lr102_sol_genconfig_mslp_seed_177.txt;Gurobi;AUTOMATIC;18.12;_bash_5;_seed_177;8303.74;1;0.38;/dados/rmelo/PDPTW-SE/benchmark_multi_island_v5/official_experiments/multistartlp/official/set_01_pt_02/logs/heur_mslp/timelines/12R_12V_02I_03M/lr102_timeline_genconfig_mslp_seed_177.txt;128.12;t1;0;981.42;false
0.05;0.03;0.12;0.15;0.01;0.06;8;/dados/rmelo/PDPTW-SE/benchmark_multi_island_v5/official_experiments/multistartlp/official/set_01_pt_02/logs/heur_mslp/outputs/csvresults_heur_mslp_bash_5.csv;0;4;1;26;0;0.0;0.5;true;14;2;lr102_t1_12R_12V_02I_04M;/dados/rmelo/PDPTW-SE/benchmark_multi_island_v5/official_experiments/multistartlp/official/set_01_pt_02/configs/genconfig_mslp.conf;genconfig_mslp;/dados/rmelo/PDPTW-SE/benchmark_multi_island_v5/official_experiments/multistartlp/official/set_01_pt_02/logs/heur_mslp/gurobi/12R_12V_02I_04M/lr102_grb_genconfig_mslp_seed_177.log;random;12R_12V_02I_04M;1;187;1;/dados/rmelo/PDPTW-SE/benchmark_multi_island_v5/official_experiments/multistartlp/official/set_01_pt_02/../../../../instances/orig_ams_fg/12R_12V_02I_04M/t1/lr102/;60000;175;0;1093.66;25;13;H;50;95;0;100.0;30.0;true;0.95;100.0;1.0;1.0;1.0;1.0;60;M;59813;59813;false;62;0.84;77.23;0.97;31;10;1000000;-1;3600;14.44;0.82;0.68;mslp;heur;0.78;0.38;-1;3600;60000;I;12;0.75;0.42;lr102;0;/dados/rmelo/PDPTW-SE/benchmark_multi_island_v5/official_experiments/multistartlp/official/set_01_pt_02/logs;0;0;0;0.31;100.0;1;177;/dados/rmelo/PDPTW-SE/benchmark_multi_island_v5/official_experiments/multistartlp/official/set_01_pt_02/logs/heur_mslp/solutions/12R_12V_02I_04M/lr102_sol_genconfig_mslp_seed_177.txt;Gurobi;AUTOMATIC;17.93;_bash_5;_seed_177;8636.37;1;0.74;/dados/rmelo/PDPTW-SE/benchmark_multi_island_v5/official_experiments/multistartlp/official/set_01_pt_02/logs/heur_mslp/timelines/12R_12V_02I_04M/lr102_timeline_genconfig_mslp_seed_177.txt;136.83;t1;0;975.57;false
0.05;0.02;0.1;0.12;0.0;0.0;7;/dados/rmelo/PDPTW-SE/benchmark_multi_island_v5/official_experiments/multistartlp/official/set_01_pt_02/logs/heur_mslp/outputs/csvresults_heur_mslp_bash_5.csv;0;3;1;26;0;0.0;0.5;true;14;2;lr103_t1_12R_12V_02I_03M;/dados/rmelo/PDPTW-SE/benchmark_multi_island_v5/official_experiments/multistartlp/official/set_01_pt_02/configs/genconfig_mslp.conf;genconfig_mslp;/dados/rmelo/PDPTW-SE/benchmark_multi_island_v5/official_experiments/multistartlp/official/set_01_pt_02/logs/heur_mslp/gurobi/12R_12V_02I_03M/lr103_grb_genconfig_mslp_seed_177.log;random;12R_12V_02I_03M;1;728;1;/dados/rmelo/PDPTW-SE/benchmark_multi_island_v5/official_experiments/multistartlp/official/set_01_pt_02/../../../../instances/orig_ams_fg/12R_12V_02I_04M/t1/lr103/;60000;24063;0;845.87;25;13;H;50;95;0;100.0;30.0;true;0.95;100.0;1.0;1.0;1.0;1.0;60;M;59272;59272;false;58;0.94;82.44;0.93;29;10;1000000;-1;3600;10.3;0.78;0.65;mslp;heur;0.39;0.33;-1;3600;60000;I;12;0.67;0.33;lr103;0;/dados/rmelo/PDPTW-SE/benchmark_multi_island_v5/official_experiments/multistartlp/official/set_01_pt_02/logs;0;0;0;1.21;100.0;1;177;/dados/rmelo/PDPTW-SE/benchmark_multi_island_v5/official_experiments/multistartlp/official/set_01_pt_02/logs/heur_mslp/solutions/12R_12V_02I_03M/lr103_sol_genconfig_mslp_seed_177.txt;Gurobi;AUTOMATIC;17.82;_bash_5;_seed_177;6107.54;1;58.88;/dados/rmelo/PDPTW-SE/benchmark_multi_island_v5/official_experiments/multistartlp/official/set_01_pt_02/logs/heur_mslp/timelines/12R_12V_02I_03M/lr103_timeline_genconfig_mslp_seed_177.txt;145.92;t1;0;716.73;false
0.05;0.02;0.1;0.12;0.0;0.0;8;/dados/rmelo/PDPTW-SE/benchmark_multi_island_v5/official_experiments/multistartlp/official/set_01_pt_02/logs/heur_mslp/outputs/csvresults_heur_mslp_bash_5.csv;0;4;1;26;0;0.0;0.5;true;14;2;lr103_t1_12R_12V_02I_04M;/dados/rmelo/PDPTW-SE/benchmark_multi_island_v5/official_experiments/multistartlp/official/set_01_pt_02/configs/genconfig_mslp.conf;genconfig_mslp;/dados/rmelo/PDPTW-SE/benchmark_multi_island_v5/official_experiments/multistartlp/official/set_01_pt_02/logs/heur_mslp/gurobi/12R_12V_02I_04M/lr103_grb_genconfig_mslp_seed_177.log;random;12R_12V_02I_04M;1;0;1;/dados/rmelo/PDPTW-SE/benchmark_multi_island_v5/official_experiments/multistartlp/official/set_01_pt_02/../../../../instances/orig_ams_fg/12R_12V_02I_04M/t1/lr103/;60000;15549;0;914.81;25;13;H;50;95;0;100.0;30.0;true;0.95;100.0;1.0;1.0;1.0;1.0;60;M;60000;60000;false;58;0.94;74.02;0.93;29;10;1000000;-1;3600;10.6;0.78;0.7;mslp;heur;0.39;0.46;-1;3600;60000;I;12;0.5;0.33;lr103;0;/dados/rmelo/PDPTW-SE/benchmark_multi_island_v5/official_experiments/multistartlp/official/set_01_pt_02/logs;0;0;0;0.0;100.0;1;177;/dados/rmelo/PDPTW-SE/benchmark_multi_island_v5/official_experiments/multistartlp/official/set_01_pt_02/logs/heur_mslp/solutions/12R_12V_02I_04M/lr103_sol_genconfig_mslp_seed_177.txt;Gurobi;AUTOMATIC;18.16;_bash_5;_seed_177;6360.66;1;40.64;/dados/rmelo/PDPTW-SE/benchmark_multi_island_v5/official_experiments/multistartlp/official/set_01_pt_02/logs/heur_mslp/timelines/12R_12V_02I_04M/lr103_timeline_genconfig_mslp_seed_177.txt;154.16;t1;0;714.59;false
0.05;0.03;0.08;0.11;0.0;0.0;5;/dados/rmelo/PDPTW-SE/benchmark_multi_island_v5/official_experiments/multistartlp/official/set_01_pt_02/logs/heur_mslp/outputs/csvresults_heur_mslp_bash_5.csv;0;3;1;26;0;0.0;0.5;true;14;2;lr104_t1_12R_12V_02I_03M;/dados/rmelo/PDPTW-SE/benchmark_multi_island_v5/official_experiments/multistartlp/official/set_01_pt_02/configs/genconfig_mslp.conf;genconfig_mslp;/dados/rmelo/PDPTW-SE/benchmark_multi_island_v5/official_experiments/multistartlp/official/set_01_pt_02/logs/heur_mslp/gurobi/12R_12V_02I_03M/lr104_grb_genconfig_mslp_seed_177.log;random;12R_12V_02I_03M;1;302;1;/dados/rmelo/PDPTW-SE/benchmark_multi_island_v5/official_experiments/multistartlp/official/set_01_pt_02/../../../../instances/orig_ams_fg/12R_12V_02I_04M/t1/lr104/;60000;2187;0;981.41;25;13;H;50;95;0;100.0;30.0;true;0.95;100.0;1.0;1.0;1.0;1.0;60;M;59698;59698;false;40;0.98;79.0;0.95;20;10;1000000;-1;3600;7.81;0.85;0.71;mslp;heur;0.5;0.35;-1;3600;60000;I;12;1.0;0.33;lr104;0;/dados/rmelo/PDPTW-SE/benchmark_multi_island_v5/official_experiments/multistartlp/official/set_01_pt_02/logs;0;0;0;0.5;100.0;1;177;/dados/rmelo/PDPTW-SE/benchmark_multi_island_v5/official_experiments/multistartlp/official/set_01_pt_02/logs/heur_mslp/solutions/12R_12V_02I_03M/lr104_sol_genconfig_mslp_seed_177.txt;Gurobi;AUTOMATIC;18.08;_bash_5;_seed_177;4661.6;1;6.29;/dados/rmelo/PDPTW-SE/benchmark_multi_island_v5/official_experiments/multistartlp/official/set_01_pt_02/logs/heur_mslp/timelines/12R_12V_02I_03M/lr104_timeline_genconfig_mslp_seed_177.txt;156.67;t1;0;783.03;false
0.05;0.03;0.06;0.09;0.0;0.0;8;/dados/rmelo/PDPTW-SE/benchmark_multi_island_v5/official_experiments/multistartlp/official/set_01_pt_02/logs/heur_mslp/outputs/csvresults_heur_mslp_bash_5.csv;0;4;1;26;0;0.0;0.5;true;14;2;lr104_t1_12R_12V_02I_04M;/dados/rmelo/PDPTW-SE/benchmark_multi_island_v5/official_experiments/multistartlp/official/set_01_pt_02/configs/genconfig_mslp.conf;genconfig_mslp;/dados/rmelo/PDPTW-SE/benchmark_multi_island_v5/official_experiments/multistartlp/official/set_01_pt_02/logs/heur_mslp/gurobi/12R_12V_02I_04M/lr104_grb_genconfig_mslp_seed_177.log;random;12R_12V_02I_04M;1;1;1;/dados/rmelo/PDPTW-SE/benchmark_multi_island_v5/official_experiments/multistartlp/official/set_01_pt_02/../../../../instances/orig_ams_fg/12R_12V_02I_04M/t1/lr104/;60000;51763;0;972.18;25;13;H;50;95;0;100.0;30.0;true;0.95;100.0;1.0;1.0;1.0;1.0;60;M;59999;59999;false;40;0.97;75.57;0.95;20;10;1000000;-1;3600;7.85;0.84;0.75;mslp;heur;0.65;0.58;-1;3600;60000;I;12;1.0;0.33;lr104;0;/dados/rmelo/PDPTW-SE/benchmark_multi_island_v5/official_experiments/multistartlp/official/set_01_pt_02/logs;0;0;0;0.0;100.0;1;177;/dados/rmelo/PDPTW-SE/benchmark_multi_island_v5/official_experiments/multistartlp/official/set_01_pt_02/logs/heur_mslp/solutions/12R_12V_02I_04M/lr104_sol_genconfig_mslp_seed_177.txt;Gurobi;AUTOMATIC;18.18;_bash_5;_seed_177;4712.78;1;143.75;/dados/rmelo/PDPTW-SE/benchmark_multi_island_v5/official_experiments/multistartlp/official/set_01_pt_02/logs/heur_mslp/timelines/12R_12V_02I_04M/lr104_timeline_genconfig_mslp_seed_177.txt;166.66;t1;0;771.33;false
0.05;0.05;0.13;0.19;0.0;0.06;4;/dados/rmelo/PDPTW-SE/benchmark_multi_island_v5/official_experiments/multistartlp/official/set_01_pt_02/logs/heur_mslp/outputs/csvresults_heur_mslp_bash_5.csv;0;3;1;26;0;0.0;0.5;true;14;2;lr105_t1_12R_12V_02I_03M;/dados/rmelo/PDPTW-SE/benchmark_multi_island_v5/official_experiments/multistartlp/official/set_01_pt_02/configs/genconfig_mslp.conf;genconfig_mslp;/dados/rmelo/PDPTW-SE/benchmark_multi_island_v5/official_experiments/multistartlp/official/set_01_pt_02/logs/heur_mslp/gurobi/12R_12V_02I_03M/lr105_grb_genconfig_mslp_seed_177.log;random;12R_12V_02I_03M;1;59310;1;/dados/rmelo/PDPTW-SE/benchmark_multi_island_v5/official_experiments/multistartlp/official/set_01_pt_02/../../../../instances/orig_ams_fg/12R_12V_02I_04M/t1/lr105/;60000;53182;0;1509.63;25;13;H;50;95;0;100.0;30.0;true;0.95;100.0;1.0;1.0;1.0;1.0;60;M;690;690;false;58;0.98;119.48;0.81;29;10;1000000;-1;3600;8.67;0.71;0.5;mslp;heur;0.48;0.29;-1;3600;60000;I;12;1.0;0.58;lr105;0;/dados/rmelo/PDPTW-SE/benchmark_multi_island_v5/official_experiments/multistartlp/official/set_01_pt_02/logs;0;0;0;98.85;100.0;1;177;/dados/rmelo/PDPTW-SE/benchmark_multi_island_v5/official_experiments/multistartlp/official/set_01_pt_02/logs/heur_mslp/solutions/12R_12V_02I_03M/lr105_sol_genconfig_mslp_seed_177.txt;Gurobi;AUTOMATIC;17.87;_bash_5;_seed_177;59.85;1;12.55;/dados/rmelo/PDPTW-SE/benchmark_multi_island_v5/official_experiments/multistartlp/official/set_01_pt_02/logs/heur_mslp/timelines/12R_12V_02I_03M/lr105_timeline_genconfig_mslp_seed_177.txt;14.08;t1;0;1344.91;false
0.05;0.04;0.1;0.15;0.0;0.04;12;/dados/rmelo/PDPTW-SE/benchmark_multi_island_v5/official_experiments/multistartlp/official/set_01_pt_02/logs/heur_mslp/outputs/csvresults_heur_mslp_bash_5.csv;0;4;1;26;0;0.0;0.5;true;14;2;lr105_t1_12R_12V_02I_04M;/dados/rmelo/PDPTW-SE/benchmark_multi_island_v5/official_experiments/multistartlp/official/set_01_pt_02/configs/genconfig_mslp.conf;genconfig_mslp;/dados/rmelo/PDPTW-SE/benchmark_multi_island_v5/official_experiments/multistartlp/official/set_01_pt_02/logs/heur_mslp/gurobi/12R_12V_02I_04M/lr105_grb_genconfig_mslp_seed_177.log;random;12R_12V_02I_04M;1;53532;1;/dados/rmelo/PDPTW-SE/benchmark_multi_island_v5/official_experiments/multistartlp/official/set_01_pt_02/../../../../instances/orig_ams_fg/12R_12V_02I_04M/t1/lr105/;60000;55121;0;1674.02;25;13;H;50;95;0;100.0;30.0;true;0.95;100.0;1.0;1.0;1.0;1.0;60;M;6468;6468;false;58;0.98;119.48;0.81;29;10;1000000;-1;3600;8.39;0.69;0.48;mslp;heur;0.17;0.27;-1;3600;60000;I;12;1.0;0.58;lr105;0;/dados/rmelo/PDPTW-SE/benchmark_multi_island_v5/official_experiments/multistartlp/official/set_01_pt_02/logs;0;0;0;89.22;100.0;1;177;/dados/rmelo/PDPTW-SE/benchmark_multi_island_v5/official_experiments/multistartlp/official/set_01_pt_02/logs/heur_mslp/solutions/12R_12V_02I_04M/lr105_sol_genconfig_mslp_seed_177.txt;Gurobi;AUTOMATIC;17.94;_bash_5;_seed_177;542.35;1;30.06;/dados/rmelo/PDPTW-SE/benchmark_multi_island_v5/official_experiments/multistartlp/official/set_01_pt_02/logs/heur_mslp/timelines/12R_12V_02I_04M/lr105_timeline_genconfig_mslp_seed_177.txt;32.79;t1;0;1297.52;false
0.05;0.01;0.03;0.04;0.08;0.18;16;/dados/rmelo/PDPTW-SE/benchmark_multi_island_v5/official_experiments/multistartlp/official/set_01_pt_02/logs/heur_mslp/outputs/csvresults_heur_mslp_bash_5.csv;0;3;1;26;0;0.0;0.5;true;14;2;lr201_t2_12R_12V_02I_03M;/dados/rmelo/PDPTW-SE/benchmark_multi_island_v5/official_experiments/multistartlp/official/set_01_pt_02/configs/genconfig_mslp.conf;genconfig_mslp;/dados/rmelo/PDPTW-SE/benchmark_multi_island_v5/official_experiments/multistartlp/official/set_01_pt_02/logs/heur_mslp/gurobi/12R_12V_02I_03M/lr201_grb_genconfig_mslp_seed_177.log;random;12R_12V_02I_03M;1;0;1;/dados/rmelo/PDPTW-SE/benchmark_multi_island_v5/official_experiments/multistartlp/official/set_01_pt_02/../../../../instances/orig_ams_fg/12R_12V_02I_04M/t2/lr201/;60000;57344;0;2133.51;25;13;H;50;95;0;100.0;30.0;true;0.95;100.0;1.0;1.0;1.0;1.0;60;M;60000;60000;false;52;0.71;103.14;1.0;26;10;1000000;-1;3600;24.97;0.44;0.9;mslp;heur;0.19;0.83;-1;3600;60000;I;12;1.0;0.25;lr201;0;/dados/rmelo/PDPTW-SE/benchmark_multi_island_v5/official_experiments/multistartlp/official/set_01_pt_02/logs;0;0;0;0.0;100.0;1;177;/dados/rmelo/PDPTW-SE/benchmark_multi_island_v5/official_experiments/multistartlp/official/set_01_pt_02/logs/heur_mslp/solutions/12R_12V_02I_03M/lr201_sol_genconfig_mslp_seed_177.txt;Gurobi;AUTOMATIC;18.11;_bash_5;_seed_177;14979.51;1;140.91;/dados/rmelo/PDPTW-SE/benchmark_multi_island_v5/official_experiments/multistartlp/official/set_01_pt_02/logs/heur_mslp/timelines/12R_12V_02I_03M/lr201_timeline_genconfig_mslp_seed_177.txt;147.56;t2;0;1329.16;false
0.05;0.01;0.03;0.04;0.08;0.18;15;/dados/rmelo/PDPTW-SE/benchmark_multi_island_v5/official_experiments/multistartlp/official/set_01_pt_02/logs/heur_mslp/outputs/csvresults_heur_mslp_bash_5.csv;0;4;1;26;0;0.0;0.5;true;14;2;lr201_t2_12R_12V_02I_04M;/dados/rmelo/PDPTW-SE/benchmark_multi_island_v5/official_experiments/multistartlp/official/set_01_pt_02/configs/genconfig_mslp.conf;genconfig_mslp;/dados/rmelo/PDPTW-SE/benchmark_multi_island_v5/official_experiments/multistartlp/official/set_01_pt_02/logs/heur_mslp/gurobi/12R_12V_02I_04M/lr201_grb_genconfig_mslp_seed_177.log;random;12R_12V_02I_04M;1;0;1;/dados/rmelo/PDPTW-SE/benchmark_multi_island_v5/official_experiments/multistartlp/official/set_01_pt_02/../../../../instances/orig_ams_fg/12R_12V_02I_04M/t2/lr201/;60000;40639;0;2133.51;25;13;H;50;95;0;100.0;30.0;true;0.95;100.0;1.0;1.0;1.0;1.0;60;M;60000;60000;false;52;0.71;103.14;1.0;26;10;1000000;-1;3600;24.98;0.44;0.9;mslp;heur;0.19;0.7;-1;3600;60000;I;12;0.75;0.25;lr201;0;/dados/rmelo/PDPTW-SE/benchmark_multi_island_v5/official_experiments/multistartlp/official/set_01_pt_02/logs;0;0;0;0.0;100.0;1;177;/dados/rmelo/PDPTW-SE/benchmark_multi_island_v5/official_experiments/multistartlp/official/set_01_pt_02/logs/heur_mslp/solutions/12R_12V_02I_04M/lr201_sol_genconfig_mslp_seed_177.txt;Gurobi;AUTOMATIC;17.9;_bash_5;_seed_177;14988.92;1;104.09;/dados/rmelo/PDPTW-SE/benchmark_multi_island_v5/official_experiments/multistartlp/official/set_01_pt_02/logs/heur_mslp/timelines/12R_12V_02I_04M/lr201_timeline_genconfig_mslp_seed_177.txt;153.22;t2;0;1328.46;false
0.05;0.0;0.02;0.02;0.0;0.0;9;/dados/rmelo/PDPTW-SE/benchmark_multi_island_v5/official_experiments/multistartlp/official/set_01_pt_02/logs/heur_mslp/outputs/csvresults_heur_mslp_bash_5.csv;0;3;1;26;0;0.0;0.5;true;14;2;lr202_t2_12R_12V_02I_03M;/dados/rmelo/PDPTW-SE/benchmark_multi_island_v5/official_experiments/multistartlp/official/set_01_pt_02/configs/genconfig_mslp.conf;genconfig_mslp;/dados/rmelo/PDPTW-SE/benchmark_multi_island_v5/official_experiments/multistartlp/official/set_01_pt_02/logs/heur_mslp/gurobi/12R_12V_02I_03M/lr202_grb_genconfig_mslp_seed_177.log;random;12R_12V_02I_03M;1;0;1;/dados/rmelo/PDPTW-SE/benchmark_multi_island_v5/official_experiments/multistartlp/official/set_01_pt_02/../../../../instances/orig_ams_fg/12R_12V_02I_04M/t2/lr202/;60000;9972;0;1392.76;25;13;H;50;95;0;100.0;30.0;true;0.95;100.0;1.0;1.0;1.0;1.0;60;M;60000;60000;false;46;0.68;84.26;0.95;23;10;1000000;-1;3600;25.58;0.44;0.91;mslp;heur;0.21;0.87;-1;3600;60000;I;12;0.67;0.17;lr202;0;/dados/rmelo/PDPTW-SE/benchmark_multi_island_v5/official_experiments/multistartlp/official/set_01_pt_02/logs;0;0;0;0.0;100.0;1;177;/dados/rmelo/PDPTW-SE/benchmark_multi_island_v5/official_experiments/multistartlp/official/set_01_pt_02/logs/heur_mslp/solutions/12R_12V_02I_03M/lr202_sol_genconfig_mslp_seed_177.txt;Gurobi;AUTOMATIC;17.99;_bash_5;_seed_177;15349.47;1;30.72;/dados/rmelo/PDPTW-SE/benchmark_multi_island_v5/official_experiments/multistartlp/official/set_01_pt_02/logs/heur_mslp/timelines/12R_12V_02I_03M/lr202_timeline_genconfig_mslp_seed_177.txt;182.27;t2;0;885.14;false
0.05;0.0;0.02;0.02;0.0;0.0;9;/dados/rmelo/PDPTW-SE/benchmark_multi_island_v5/official_experiments/multistartlp/official/set_01_pt_02/logs/heur_mslp/outputs/csvresults_heur_mslp_bash_5.csv;0;4;1;26;0;0.0;0.5;true;14;2;lr202_t2_12R_12V_02I_04M;/dados/rmelo/PDPTW-SE/benchmark_multi_island_v5/official_experiments/multistartlp/official/set_01_pt_02/configs/genconfig_mslp.conf;genconfig_mslp;/dados/rmelo/PDPTW-SE/benchmark_multi_island_v5/official_experiments/multistartlp/official/set_01_pt_02/logs/heur_mslp/gurobi/12R_12V_02I_04M/lr202_grb_genconfig_mslp_seed_177.log;random;12R_12V_02I_04M;1;0;1;/dados/rmelo/PDPTW-SE/benchmark_multi_island_v5/official_experiments/multistartlp/official/set_01_pt_02/../../../../instances/orig_ams_fg/12R_12V_02I_04M/t2/lr202/;60000;9972;0;1392.76;25;13;H;50;95;0;100.0;30.0;true;0.95;100.0;1.0;1.0;1.0;1.0;60;M;60000;60000;false;46;0.68;84.26;0.95;23;10;1000000;-1;3600;25.61;0.44;0.91;mslp;heur;0.21;0.87;-1;3600;60000;I;12;0.5;0.17;lr202;0;/dados/rmelo/PDPTW-SE/benchmark_multi_island_v5/official_experiments/multistartlp/official/set_01_pt_02/logs;0;0;0;0.0;100.0;1;177;/dados/rmelo/PDPTW-SE/benchmark_multi_island_v5/official_experiments/multistartlp/official/set_01_pt_02/logs/heur_mslp/solutions/12R_12V_02I_04M/lr202_sol_genconfig_mslp_seed_177.txt;Gurobi;AUTOMATIC;17.92;_bash_5;_seed_177;15368.91;1;32.48;/dados/rmelo/PDPTW-SE/benchmark_multi_island_v5/official_experiments/multistartlp/official/set_01_pt_02/logs/heur_mslp/timelines/12R_12V_02I_04M/lr202_timeline_genconfig_mslp_seed_177.txt;192.31;t2;0;885.14;false
0.05;0.0;0.03;0.03;0.01;0.0;14;/dados/rmelo/PDPTW-SE/benchmark_multi_island_v5/official_experiments/multistartlp/official/set_01_pt_02/logs/heur_mslp/outputs/csvresults_heur_mslp_bash_5.csv;0;3;1;26;0;0.0;0.5;true;14;2;lr203_t2_12R_12V_02I_03M;/dados/rmelo/PDPTW-SE/benchmark_multi_island_v5/official_experiments/multistartlp/official/set_01_pt_02/configs/genconfig_mslp.conf;genconfig_mslp;/dados/rmelo/PDPTW-SE/benchmark_multi_island_v5/official_experiments/multistartlp/official/set_01_pt_02/logs/heur_mslp/gurobi/12R_12V_02I_03M/lr203_grb_genconfig_mslp_seed_177.log;random;12R_12V_02I_03M;1;0;1;/dados/rmelo/PDPTW-SE/benchmark_multi_island_v5/official_experiments/multistartlp/official/set_01_pt_02/../../../../instances/orig_ams_fg/12R_12V_02I_04M/t2/lr203/;60000;46334;0;1698.38;25;13;H;50;95;0;100.0;30.0;true;0.95;100.0;1.0;1.0;1.0;1.0;60;M;59957;60000;false;58;0.75;131.86;1.0;29;10;1000000;-1;3600;12.16;0.56;0.89;mslp;heur;0.38;0.77;-1;3600;60000;I;12;0.67;0.17;lr203;0;/dados/rmelo/PDPTW-SE/benchmark_multi_island_v5/official_experiments/multistartlp/official/set_01_pt_02/logs;0;0;0;0.0;99.93;1;177;/dados/rmelo/PDPTW-SE/benchmark_multi_island_v5/official_experiments/multistartlp/official/set_01_pt_02/logs/heur_mslp/solutions/12R_12V_02I_03M/lr203_sol_genconfig_mslp_seed_177.txt;Gurobi;AUTOMATIC;17.92;_bash_5;_seed_177;7294.92;1;168.05;/dados/rmelo/PDPTW-SE/benchmark_multi_island_v5/official_experiments/multistartlp/official/set_01_pt_02/logs/heur_mslp/timelines/12R_12V_02I_03M/lr203_timeline_genconfig_mslp_seed_177.txt;217.23;t2;0;1124.63;false
0.05;0.0;0.03;0.03;0.01;0.0;17;/dados/rmelo/PDPTW-SE/benchmark_multi_island_v5/official_experiments/multistartlp/official/set_01_pt_02/logs/heur_mslp/outputs/csvresults_heur_mslp_bash_5.csv;0;4;1;26;0;0.0;0.5;true;14;2;lr203_t2_12R_12V_02I_04M;/dados/rmelo/PDPTW-SE/benchmark_multi_island_v5/official_experiments/multistartlp/official/set_01_pt_02/configs/genconfig_mslp.conf;genconfig_mslp;/dados/rmelo/PDPTW-SE/benchmark_multi_island_v5/official_experiments/multistartlp/official/set_01_pt_02/logs/heur_mslp/gurobi/12R_12V_02I_04M/lr203_grb_genconfig_mslp_seed_177.log;random;12R_12V_02I_04M;1;0;1;/dados/rmelo/PDPTW-SE/benchmark_multi_island_v5/official_experiments/multistartlp/official/set_01_pt_02/../../../../instances/orig_ams_fg/12R_12V_02I_04M/t2/lr203/;60000;50642;0;1695.63;25;13;H;50;95;0;100.0;30.0;true;0.95;100.0;1.0;1.0;1.0;1.0;60;M;59970;60000;false;58;0.81;129.0;1.0;29;10;1000000;-1;3600;12.25;0.56;0.89;mslp;heur;0.32;0.77;-1;3600;60000;I;12;0.5;0.17;lr203;0;/dados/rmelo/PDPTW-SE/benchmark_multi_island_v5/official_experiments/multistartlp/official/set_01_pt_02/logs;0;0;0;0.0;99.95;1;177;/dados/rmelo/PDPTW-SE/benchmark_multi_island_v5/official_experiments/multistartlp/official/set_01_pt_02/logs/heur_mslp/solutions/12R_12V_02I_04M/lr203_sol_genconfig_mslp_seed_177.txt;Gurobi;AUTOMATIC;18.01;_bash_5;_seed_177;7350.15;1;193.28;/dados/rmelo/PDPTW-SE/benchmark_multi_island_v5/official_experiments/multistartlp/official/set_01_pt_02/logs/heur_mslp/timelines/12R_12V_02I_04M/lr203_timeline_genconfig_mslp_seed_177.txt;228.85;t2;0;1125.29;false
0.05;0.0;0.04;0.04;0.0;0.0;14;/dados/rmelo/PDPTW-SE/benchmark_multi_island_v5/official_experiments/multistartlp/official/set_01_pt_02/logs/heur_mslp/outputs/csvresults_heur_mslp_bash_5.csv;0;3;1;26;0;0.0;0.5;true;14;2;lr204_t2_12R_12V_02I_03M;/dados/rmelo/PDPTW-SE/benchmark_multi_island_v5/official_experiments/multistartlp/official/set_01_pt_02/configs/genconfig_mslp.conf;genconfig_mslp;/dados/rmelo/PDPTW-SE/benchmark_multi_island_v5/official_experiments/multistartlp/official/set_01_pt_02/logs/heur_mslp/gurobi/12R_12V_02I_03M/lr204_grb_genconfig_mslp_seed_177.log;random;12R_12V_02I_03M;1;0;1;/dados/rmelo/PDPTW-SE/benchmark_multi_island_v5/official_experiments/multistartlp/official/set_01_pt_02/../../../../instances/orig_ams_fg/12R_12V_02I_04M/t2/lr204/;60000;42587;0;1239.01;25;13;H;50;95;0;100.0;30.0;true;0.95;100.0;1.0;1.0;1.0;1.0;60;M;44314;60000;false;38;0.66;91.47;1.0;19;10;1000000;-1;3600;5.23;0.41;0.75;mslp;heur;0.16;0.5;-1;3600;60000;I;12;0.33;0.17;lr204;0;/dados/rmelo/PDPTW-SE/benchmark_multi_island_v5/official_experiments/multistartlp/official/set_01_pt_02/logs;0;0;0;0.0;73.86;1;177;/dados/rmelo/PDPTW-SE/benchmark_multi_island_v5/official_experiments/multistartlp/official/set_01_pt_02/logs/heur_mslp/solutions/12R_12V_02I_03M/lr204_sol_genconfig_mslp_seed_177.txt;Gurobi;AUTOMATIC;17.7;_bash_5;_seed_177;3139.44;1;156.49;/dados/rmelo/PDPTW-SE/benchmark_multi_island_v5/official_experiments/multistartlp/official/set_01_pt_02/logs/heur_mslp/timelines/12R_12V_02I_03M/lr204_timeline_genconfig_mslp_seed_177.txt;220.24;t2;0;817.24;false
0.05;0.0;0.04;0.04;0.0;0.0;15;/dados/rmelo/PDPTW-SE/benchmark_multi_island_v5/official_experiments/multistartlp/official/set_01_pt_02/logs/heur_mslp/outputs/csvresults_heur_mslp_bash_5.csv;0;4;1;26;0;0.0;0.5;true;14;2;lr204_t2_12R_12V_02I_04M;/dados/rmelo/PDPTW-SE/benchmark_multi_island_v5/official_experiments/multistartlp/official/set_01_pt_02/configs/genconfig_mslp.conf;genconfig_mslp;/dados/rmelo/PDPTW-SE/benchmark_multi_island_v5/official_experiments/multistartlp/official/set_01_pt_02/logs/heur_mslp/gurobi/12R_12V_02I_04M/lr204_grb_genconfig_mslp_seed_177.log;random;12R_12V_02I_04M;1;0;1;/dados/rmelo/PDPTW-SE/benchmark_multi_island_v5/official_experiments/multistartlp/official/set_01_pt_02/../../../../instances/orig_ams_fg/12R_12V_02I_04M/t2/lr204/;60000;42587;0;1260.37;25;13;H;50;95;0;100.0;30.0;true;0.95;100.0;1.0;1.0;1.0;1.0;60;M;44165;60000;false;38;0.66;91.47;1.0;19;10;1000000;-1;3600;5.32;0.41;0.75;mslp;heur;0.16;0.5;-1;3600;60000;I;12;0.25;0.17;lr204;0;/dados/rmelo/PDPTW-SE/benchmark_multi_island_v5/official_experiments/multistartlp/official/set_01_pt_02/logs;0;0;0;0.0;73.61;1;177;/dados/rmelo/PDPTW-SE/benchmark_multi_island_v5/official_experiments/multistartlp/official/set_01_pt_02/logs/heur_mslp/solutions/12R_12V_02I_04M/lr204_sol_genconfig_mslp_seed_177.txt;Gurobi;AUTOMATIC;17.8;_bash_5;_seed_177;3190.23;1;167.49;/dados/rmelo/PDPTW-SE/benchmark_multi_island_v5/official_experiments/multistartlp/official/set_01_pt_02/logs/heur_mslp/timelines/12R_12V_02I_04M/lr204_timeline_genconfig_mslp_seed_177.txt;235.79;t2;0;817.24;false
0.05;0.01;0.02;0.03;0.0;0.0;8;/dados/rmelo/PDPTW-SE/benchmark_multi_island_v5/official_experiments/multistartlp/official/set_01_pt_02/logs/heur_mslp/outputs/csvresults_heur_mslp_bash_5.csv;0;3;1;26;0;0.0;0.5;true;14;2;lr205_t2_12R_12V_02I_03M;/dados/rmelo/PDPTW-SE/benchmark_multi_island_v5/official_experiments/multistartlp/official/set_01_pt_02/configs/genconfig_mslp.conf;genconfig_mslp;/dados/rmelo/PDPTW-SE/benchmark_multi_island_v5/official_experiments/multistartlp/official/set_01_pt_02/logs/heur_mslp/gurobi/12R_12V_02I_03M/lr205_grb_genconfig_mslp_seed_177.log;random;12R_12V_02I_03M;1;0;1;/dados/rmelo/PDPTW-SE/benchmark_multi_island_v5/official_experiments/multistartlp/official/set_01_pt_02/../../../../instances/orig_ams_fg/12R_12V_02I_04M/t2/lr205/;60000;5448;0;1409.08;25;13;H;50;95;0;100.0;30.0;true;0.95;100.0;1.0;1.0;1.0;1.0;60;M;60000;60000;false;58;0.73;85.62;0.9;29;10;1000000;-1;3600;24.48;0.46;0.86;mslp;heur;0.19;0.82;-1;3600;60000;I;12;1.0;0.17;lr205;0;/dados/rmelo/PDPTW-SE/benchmark_multi_island_v5/official_experiments/multistartlp/official/set_01_pt_02/logs;0;0;0;0.0;100.0;1;177;/dados/rmelo/PDPTW-SE/benchmark_multi_island_v5/official_experiments/multistartlp/official/set_01_pt_02/logs/heur_mslp/solutions/12R_12V_02I_03M/lr205_sol_genconfig_mslp_seed_177.txt;Gurobi;AUTOMATIC;18.12;_bash_5;_seed_177;14687.65;1;17.36;/dados/rmelo/PDPTW-SE/benchmark_multi_island_v5/official_experiments/multistartlp/official/set_01_pt_02/logs/heur_mslp/timelines/12R_12V_02I_03M/lr205_timeline_genconfig_mslp_seed_177.txt;187.08;t2;0;923.38;false
0.05;0.01;0.02;0.03;0.0;0.0;9;/dados/rmelo/PDPTW-SE/benchmark_multi_island_v5/official_experiments/multistartlp/official/set_01_pt_02/logs/heur_mslp/outputs/csvresults_heur_mslp_bash_5.csv;0;4;1;26;0;0.0;0.5;true;14;2;lr205_t2_12R_12V_02I_04M;/dados/rmelo/PDPTW-SE/benchmark_multi_island_v5/official_experiments/multistartlp/official/set_01_pt_02/configs/genconfig_mslp.conf;genconfig_mslp;/dados/rmelo/PDPTW-SE/benchmark_multi_island_v5/official_experiments/multistartlp/official/set_01_pt_02/logs/heur_mslp/gurobi/12R_12V_02I_04M/lr205_grb_genconfig_mslp_seed_177.log;random;12R_12V_02I_04M;1;0;1;/dados/rmelo/PDPTW-SE/benchmark_multi_island_v5/official_experiments/multistartlp/official/set_01_pt_02/../../../../instances/orig_ams_fg/12R_12V_02I_04M/t2/lr205/;60000;5448;0;1409.08;25;13;H;50;95;0;100.0;30.0;true;0.95;100.0;1.0;1.0;1.0;1.0;60;M;60000;60000;false;58;0.73;85.62;0.9;29;10;1000000;-1;3600;24.6;0.46;0.86;mslp;heur;0.19;0.82;-1;3600;60000;I;12;0.75;0.17;lr205;0;/dados/rmelo/PDPTW-SE/benchmark_multi_island_v5/official_experiments/multistartlp/official/set_01_pt_02/logs;0;0;0;0.0;100.0;1;177;/dados/rmelo/PDPTW-SE/benchmark_multi_island_v5/official_experiments/multistartlp/official/set_01_pt_02/logs/heur_mslp/solutions/12R_12V_02I_04M/lr205_sol_genconfig_mslp_seed_177.txt;Gurobi;AUTOMATIC;18.17;_bash_5;_seed_177;14757.96;1;18.36;/dados/rmelo/PDPTW-SE/benchmark_multi_island_v5/official_experiments/multistartlp/official/set_01_pt_02/logs/heur_mslp/timelines/12R_12V_02I_04M/lr205_timeline_genconfig_mslp_seed_177.txt;196.17;t2;0;922.49;false
0.05;0.21;0.39;0.59;0.02;0.14;6;/dados/rmelo/PDPTW-SE/benchmark_multi_island_v5/official_experiments/multistartlp/official/set_01_pt_02/logs/heur_mslp/outputs/csvresults_heur_mslp_bash_5.csv;0;3;1;26;0;0.0;0.5;true;14;2;lr101_t1_12R_12V_04I_03M;/dados/rmelo/PDPTW-SE/benchmark_multi_island_v5/official_experiments/multistartlp/official/set_01_pt_02/configs/genconfig_mslp.conf;genconfig_mslp;/dados/rmelo/PDPTW-SE/benchmark_multi_island_v5/official_experiments/multistartlp/official/set_01_pt_02/logs/heur_mslp/gurobi/12R_12V_04I_03M/lr101_grb_genconfig_mslp_seed_177.log;random;12R_12V_04I_03M;1;59886;1;/dados/rmelo/PDPTW-SE/benchmark_multi_island_v5/official_experiments/multistartlp/official/set_01_pt_02/../../../../instances/orig_ams_fg/12R_12V_04I_04M/t1/lr101/;60000;7037;0;1843.3;25;13;H;50;95;0;100.0;30.0;true;0.95;100.0;1.0;1.0;1.0;1.0;60;M;114;114;false;52;0.75;79.56;0.88;26;10;1000000;-1;3600;19.57;0.58;0.37;mslp;heur;0.4;0.21;-1;3600;60000;I;12;1.0;0.75;lr101;0;/dados/rmelo/PDPTW-SE/benchmark_multi_island_v5/official_experiments/multistartlp/official/set_01_pt_02/logs;0;0;0;99.81;100.0;1;177;/dados/rmelo/PDPTW-SE/benchmark_multi_island_v5/official_experiments/multistartlp/official/set_01_pt_02/logs/heur_mslp/solutions/12R_12V_04I_03M/lr101_sol_genconfig_mslp_seed_177.txt;Gurobi;AUTOMATIC;18.0;_bash_5;_seed_177;22.31;1;1.95;/dados/rmelo/PDPTW-SE/benchmark_multi_island_v5/official_experiments/multistartlp/official/set_01_pt_02/logs/heur_mslp/timelines/12R_12V_04I_03M/lr101_timeline_genconfig_mslp_seed_177.txt;14.2;t1;0;1368.7;false
0.05;0.13;0.29;0.43;0.01;0.11;11;/dados/rmelo/PDPTW-SE/benchmark_multi_island_v5/official_experiments/multistartlp/official/set_01_pt_02/logs/heur_mslp/outputs/csvresults_heur_mslp_bash_5.csv;0;4;1;26;0;0.0;0.5;true;14;2;lr101_t1_12R_12V_04I_04M;/dados/rmelo/PDPTW-SE/benchmark_multi_island_v5/official_experiments/multistartlp/official/set_01_pt_02/configs/genconfig_mslp.conf;genconfig_mslp;/dados/rmelo/PDPTW-SE/benchmark_multi_island_v5/official_experiments/multistartlp/official/set_01_pt_02/logs/heur_mslp/gurobi/12R_12V_04I_04M/lr101_grb_genconfig_mslp_seed_177.log;random;12R_12V_04I_04M;1;53352;1;/dados/rmelo/PDPTW-SE/benchmark_multi_island_v5/official_experiments/multistartlp/official/set_01_pt_02/../../../../instances/orig_ams_fg/12R_12V_04I_04M/t1/lr101/;60000;36218;0;1735.03;25;13;H;50;95;0;100.0;30.0;true;0.95;100.0;1.0;1.0;1.0;1.0;60;M;6648;6648;false;52;0.83;79.12;1.0;26;10;1000000;-1;3600;20.06;0.56;0.43;mslp;heur;0.39;0.13;-1;3600;60000;I;12;1.0;0.75;lr101;0;/dados/rmelo/PDPTW-SE/benchmark_multi_island_v5/official_experiments/multistartlp/official/set_01_pt_02/logs;0;0;0;88.92;100.0;1;177;/dados/rmelo/PDPTW-SE/benchmark_multi_island_v5/official_experiments/multistartlp/official/set_01_pt_02/logs/heur_mslp/solutions/12R_12V_04I_04M/lr101_sol_genconfig_mslp_seed_177.txt;Gurobi;AUTOMATIC;17.87;_bash_5;_seed_177;1333.46;1;21.99;/dados/rmelo/PDPTW-SE/benchmark_multi_island_v5/official_experiments/multistartlp/official/set_01_pt_02/logs/heur_mslp/timelines/12R_12V_04I_04M/lr101_timeline_genconfig_mslp_seed_177.txt;36.18;t1;0;1310.09;false
0.05;0.15;0.22;0.37;0.0;0.07;5;/dados/rmelo/PDPTW-SE/benchmark_multi_island_v5/official_experiments/multistartlp/official/set_01_pt_02/logs/heur_mslp/outputs/csvresults_heur_mslp_bash_5.csv;0;3;1;26;0;0.0;0.5;true;14;2;lr102_t1_12R_12V_04I_03M;/dados/rmelo/PDPTW-SE/benchmark_multi_island_v5/official_experiments/multistartlp/official/set_01_pt_02/configs/genconfig_mslp.conf;genconfig_mslp;/dados/rmelo/PDPTW-SE/benchmark_multi_island_v5/official_experiments/multistartlp/official/set_01_pt_02/logs/heur_mslp/gurobi/12R_12V_04I_03M/lr102_grb_genconfig_mslp_seed_177.log;random;12R_12V_04I_03M;1;37646;1;/dados/rmelo/PDPTW-SE/benchmark_multi_island_v5/official_experiments/multistartlp/official/set_01_pt_02/../../../../instances/orig_ams_fg/12R_12V_04I_04M/t1/lr102/;60000;3297;0;1303.21;25;13;H;50;95;0;100.0;30.0;true;0.95;100.0;1.0;1.0;1.0;1.0;60;M;22354;22354;false;62;0.92;77.78;0.97;31;10;1000000;-1;3600;12.2;0.84;0.63;mslp;heur;0.79;0.31;-1;3600;60000;I;12;1.0;0.42;lr102;0;/dados/rmelo/PDPTW-SE/benchmark_multi_island_v5/official_experiments/multistartlp/official/set_01_pt_02/logs;0;0;0;62.74;100.0;1;177;/dados/rmelo/PDPTW-SE/benchmark_multi_island_v5/official_experiments/multistartlp/official/set_01_pt_02/logs/heur_mslp/solutions/12R_12V_04I_03M/lr102_sol_genconfig_mslp_seed_177.txt;Gurobi;AUTOMATIC;17.81;_bash_5;_seed_177;2726.28;1;4.18;/dados/rmelo/PDPTW-SE/benchmark_multi_island_v5/official_experiments/multistartlp/official/set_01_pt_02/logs/heur_mslp/timelines/12R_12V_04I_03M/lr102_timeline_genconfig_mslp_seed_177.txt;67.44;t1;0;993.9;false
0.05;0.08;0.15;0.23;0.01;0.06;6;/dados/rmelo/PDPTW-SE/benchmark_multi_island_v5/official_experiments/multistartlp/official/set_01_pt_02/logs/heur_mslp/outputs/csvresults_heur_mslp_bash_5.csv;0;4;1;26;0;0.0;0.5;true;14;2;lr102_t1_12R_12V_04I_04M;/dados/rmelo/PDPTW-SE/benchmark_multi_island_v5/official_experiments/multistartlp/official/set_01_pt_02/configs/genconfig_mslp.conf;genconfig_mslp;/dados/rmelo/PDPTW-SE/benchmark_multi_island_v5/official_experiments/multistartlp/official/set_01_pt_02/logs/heur_mslp/gurobi/12R_12V_04I_04M/lr102_grb_genconfig_mslp_seed_177.log;random;12R_12V_04I_04M;1;11157;1;/dados/rmelo/PDPTW-SE/benchmark_multi_island_v5/official_experiments/multistartlp/official/set_01_pt_02/../../../../instances/orig_ams_fg/12R_12V_04I_04M/t1/lr102/;60000;1180;0;1277.55;25;13;H;50;95;0;100.0;30.0;true;0.95;100.0;1.0;1.0;1.0;1.0;60;M;48843;48843;false;62;0.88;76.63;0.97;31;10;1000000;-1;3600;13.42;0.83;0.64;mslp;heur;0.79;0.37;-1;3600;60000;I;12;1.0;0.42;lr102;0;/dados/rmelo/PDPTW-SE/benchmark_multi_island_v5/official_experiments/multistartlp/official/set_01_pt_02/logs;0;0;0;18.6;100.0;1;177;/dados/rmelo/PDPTW-SE/benchmark_multi_island_v5/official_experiments/multistartlp/official/set_01_pt_02/logs/heur_mslp/solutions/12R_12V_04I_04M/lr102_sol_genconfig_mslp_seed_177.txt;Gurobi;AUTOMATIC;17.87;_bash_5;_seed_177;6553.37;1;3.04;/dados/rmelo/PDPTW-SE/benchmark_multi_island_v5/official_experiments/multistartlp/official/set_01_pt_02/logs/heur_mslp/timelines/12R_12V_04I_04M/lr102_timeline_genconfig_mslp_seed_177.txt;129.08;t1;0;984.64;false
0.05;0.14;0.22;0.36;0.0;0.0;9;/dados/rmelo/PDPTW-SE/benchmark_multi_island_v5/official_experiments/multistartlp/official/set_01_pt_02/logs/heur_mslp/outputs/csvresults_heur_mslp_bash_5.csv;0;3;1;26;0;0.0;0.5;true;14;2;lr103_t1_12R_12V_04I_03M;/dados/rmelo/PDPTW-SE/benchmark_multi_island_v5/official_experiments/multistartlp/official/set_01_pt_02/configs/genconfig_mslp.conf;genconfig_mslp;/dados/rmelo/PDPTW-SE/benchmark_multi_island_v5/official_experiments/multistartlp/official/set_01_pt_02/logs/heur_mslp/gurobi/12R_12V_04I_03M/lr103_grb_genconfig_mslp_seed_177.log;random;12R_12V_04I_03M;1;33594;1;/dados/rmelo/PDPTW-SE/benchmark_multi_island_v5/official_experiments/multistartlp/official/set_01_pt_02/../../../../instances/orig_ams_fg/12R_12V_04I_04M/t1/lr103/;60000;31377;0;1171.56;25;13;H;50;95;0;100.0;30.0;true;0.95;100.0;1.0;1.0;1.0;1.0;60;M;26406;26406;false;58;0.84;82.02;0.87;29;10;1000000;-1;3600;9.09;0.7;0.62;mslp;heur;0.48;0.38;-1;3600;60000;I;12;1.0;0.42;lr103;0;/dados/rmelo/PDPTW-SE/benchmark_multi_island_v5/official_experiments/multistartlp/official/set_01_pt_02/logs;0;0;0;55.99;100.0;1;177;/dados/rmelo/PDPTW-SE/benchmark_multi_island_v5/official_experiments/multistartlp/official/set_01_pt_02/logs/heur_mslp/solutions/12R_12V_04I_03M/lr103_sol_genconfig_mslp_seed_177.txt;Gurobi;AUTOMATIC;17.94;_bash_5;_seed_177;2400.28;1;55.88;/dados/rmelo/PDPTW-SE/benchmark_multi_island_v5/official_experiments/multistartlp/official/set_01_pt_02/logs/heur_mslp/timelines/12R_12V_04I_03M/lr103_timeline_genconfig_mslp_seed_177.txt;106.4;t1;0;799.37;false
0.05;0.03;0.16;0.19;0.0;0.0;7;/dados/rmelo/PDPTW-SE/benchmark_multi_island_v5/official_experiments/multistartlp/official/set_01_pt_02/logs/heur_mslp/outputs/csvresults_heur_mslp_bash_5.csv;0;4;1;26;0;0.0;0.5;true;14;2;lr103_t1_12R_12V_04I_04M;/dados/rmelo/PDPTW-SE/benchmark_multi_island_v5/official_experiments/multistartlp/official/set_01_pt_02/configs/genconfig_mslp.conf;genconfig_mslp;/dados/rmelo/PDPTW-SE/benchmark_multi_island_v5/official_experiments/multistartlp/official/set_01_pt_02/logs/heur_mslp/gurobi/12R_12V_04I_04M/lr103_grb_genconfig_mslp_seed_177.log;random;12R_12V_04I_04M;1;10669;1;/dados/rmelo/PDPTW-SE/benchmark_multi_island_v5/official_experiments/multistartlp/official/set_01_pt_02/../../../../instances/orig_ams_fg/12R_12V_04I_04M/t1/lr103/;60000;16684;0;887.68;25;13;H;50;95;0;100.0;30.0;true;0.95;100.0;1.0;1.0;1.0;1.0;60;M;49331;49331;false;58;0.9;79.36;0.96;29;10;1000000;-1;3600;8.55;0.69;0.55;mslp;heur;0.34;0.42;-1;3600;60000;I;12;1.0;0.42;lr103;0;/dados/rmelo/PDPTW-SE/benchmark_multi_island_v5/official_experiments/multistartlp/official/set_01_pt_02/logs;0;0;0;17.78;100.0;1;177;/dados/rmelo/PDPTW-SE/benchmark_multi_island_v5/official_experiments/multistartlp/official/set_01_pt_02/logs/heur_mslp/solutions/12R_12V_04I_04M/lr103_sol_genconfig_mslp_seed_177.txt;Gurobi;AUTOMATIC;17.89;_bash_5;_seed_177;4217.16;1;47.96;/dados/rmelo/PDPTW-SE/benchmark_multi_island_v5/official_experiments/multistartlp/official/set_01_pt_02/logs/heur_mslp/timelines/12R_12V_04I_04M/lr103_timeline_genconfig_mslp_seed_177.txt;170.68;t1;0;794.52;false
0.05;0.09;0.19;0.28;0.0;0.0;10;/dados/rmelo/PDPTW-SE/benchmark_multi_island_v5/official_experiments/multistartlp/official/set_01_pt_02/logs/heur_mslp/outputs/csvresults_heur_mslp_bash_5.csv;0;3;1;26;0;0.0;0.5;true;14;2;lr104_t1_12R_12V_04I_03M;/dados/rmelo/PDPTW-SE/benchmark_multi_island_v5/official_experiments/multistartlp/official/set_01_pt_02/configs/genconfig_mslp.conf;genconfig_mslp;/dados/rmelo/PDPTW-SE/benchmark_multi_island_v5/official_experiments/multistartlp/official/set_01_pt_02/logs/heur_mslp/gurobi/12R_12V_04I_03M/lr104_grb_genconfig_mslp_seed_177.log;random;12R_12V_04I_03M;1;4906;1;/dados/rmelo/PDPTW-SE/benchmark_multi_island_v5/official_experiments/multistartlp/official/set_01_pt_02/../../../../instances/orig_ams_fg/12R_12V_04I_04M/t1/lr104/;60000;2840;0;1005.86;25;13;H;50;95;0;100.0;30.0;true;0.95;100.0;1.0;1.0;1.0;1.0;60;M;55094;55094;false;40;0.97;73.33;0.68;20;10;1000000;-1;3600;7.85;0.74;0.53;mslp;heur;0.43;0.3;-1;3600;60000;I;12;1.0;0.42;lr104;0;/dados/rmelo/PDPTW-SE/benchmark_multi_island_v5/official_experiments/multistartlp/official/set_01_pt_02/logs;0;0;0;8.18;100.0;1;177;/dados/rmelo/PDPTW-SE/benchmark_multi_island_v5/official_experiments/multistartlp/official/set_01_pt_02/logs/heur_mslp/solutions/12R_12V_04I_03M/lr104_sol_genconfig_mslp_seed_177.txt;Gurobi;AUTOMATIC;17.92;_bash_5;_seed_177;4324.65;1;8.48;/dados/rmelo/PDPTW-SE/benchmark_multi_island_v5/official_experiments/multistartlp/official/set_01_pt_02/logs/heur_mslp/timelines/12R_12V_04I_03M/lr104_timeline_genconfig_mslp_seed_177.txt;172.23;t1;0;847.82;false
0.05;0.09;0.19;0.28;0.0;0.0;11;/dados/rmelo/PDPTW-SE/benchmark_multi_island_v5/official_experiments/multistartlp/official/set_01_pt_02/logs/heur_mslp/outputs/csvresults_heur_mslp_bash_5.csv;0;4;1;26;0;0.0;0.5;true;14;2;lr104_t1_12R_12V_04I_04M;/dados/rmelo/PDPTW-SE/benchmark_multi_island_v5/official_experiments/multistartlp/official/set_01_pt_02/configs/genconfig_mslp.conf;genconfig_mslp;/dados/rmelo/PDPTW-SE/benchmark_multi_island_v5/official_experiments/multistartlp/official/set_01_pt_02/logs/heur_mslp/gurobi/12R_12V_04I_04M/lr104_grb_genconfig_mslp_seed_177.log;random;12R_12V_04I_04M;1;163;1;/dados/rmelo/PDPTW-SE/benchmark_multi_island_v5/official_experiments/multistartlp/official/set_01_pt_02/../../../../instances/orig_ams_fg/12R_12V_04I_04M/t1/lr104/;60000;2840;0;1170.57;25;13;H;50;95;0;100.0;30.0;true;0.95;100.0;1.0;1.0;1.0;1.0;60;M;59836;59837;false;40;0.97;73.33;0.85;20;10;1000000;-1;3600;7.21;0.74;0.58;mslp;heur;0.43;0.3;-1;3600;60000;I;12;0.75;0.42;lr104;0;/dados/rmelo/PDPTW-SE/benchmark_multi_island_v5/official_experiments/multistartlp/official/set_01_pt_02/logs;0;0;0;0.27;100.0;1;177;/dados/rmelo/PDPTW-SE/benchmark_multi_island_v5/official_experiments/multistartlp/official/set_01_pt_02/logs/heur_mslp/solutions/12R_12V_04I_04M/lr104_sol_genconfig_mslp_seed_177.txt;Gurobi;AUTOMATIC;17.97;_bash_5;_seed_177;4311.53;1;9.5;/dados/rmelo/PDPTW-SE/benchmark_multi_island_v5/official_experiments/multistartlp/official/set_01_pt_02/logs/heur_mslp/timelines/12R_12V_04I_04M/lr104_timeline_genconfig_mslp_seed_177.txt;191.83;t1;0;847.82;false
0.05;0.13;0.21;0.34;0.0;0.03;10;/dados/rmelo/PDPTW-SE/benchmark_multi_island_v5/official_experiments/multistartlp/official/set_01_pt_02/logs/heur_mslp/outputs/csvresults_heur_mslp_bash_5.csv;0;3;1;26;0;0.0;0.5;true;14;2;lr105_t1_12R_12V_04I_03M;/dados/rmelo/PDPTW-SE/benchmark_multi_island_v5/official_experiments/multistartlp/official/set_01_pt_02/configs/genconfig_mslp.conf;genconfig_mslp;/dados/rmelo/PDPTW-SE/benchmark_multi_island_v5/official_experiments/multistartlp/official/set_01_pt_02/logs/heur_mslp/gurobi/12R_12V_04I_03M/lr105_grb_genconfig_mslp_seed_177.log;random;12R_12V_04I_03M;1;34837;1;/dados/rmelo/PDPTW-SE/benchmark_multi_island_v5/official_experiments/multistartlp/official/set_01_pt_02/../../../../instances/orig_ams_fg/12R_12V_04I_04M/t1/lr105/;60000;7909;0;1032.07;25;13;H;50;95;0;100.0;30.0;true;0.95;100.0;1.0;1.0;1.0;1.0;60;M;25163;25163;false;58;0.85;78.09;0.98;29;10;1000000;-1;3600;16.09;0.6;0.54;mslp;heur;0.24;0.26;-1;3600;60000;I;12;1.0;0.5;lr105;0;/dados/rmelo/PDPTW-SE/benchmark_multi_island_v5/official_experiments/multistartlp/official/set_01_pt_02/logs;0;0;0;58.06;100.0;1;177;/dados/rmelo/PDPTW-SE/benchmark_multi_island_v5/official_experiments/multistartlp/official/set_01_pt_02/logs/heur_mslp/solutions/12R_12V_04I_03M/lr105_sol_genconfig_mslp_seed_177.txt;Gurobi;AUTOMATIC;18.25;_bash_5;_seed_177;4049.79;1;10.31;/dados/rmelo/PDPTW-SE/benchmark_multi_island_v5/official_experiments/multistartlp/official/set_01_pt_02/logs/heur_mslp/timelines/12R_12V_04I_03M/lr105_timeline_genconfig_mslp_seed_177.txt;76.71;t1;0;834.01;false
0.05;0.06;0.16;0.22;0.0;0.03;13;/dados/rmelo/PDPTW-SE/benchmark_multi_island_v5/official_experiments/multistartlp/official/set_01_pt_02/logs/heur_mslp/outputs/csvresults_heur_mslp_bash_5.csv;0;4;1;26;0;0.0;0.5;true;14;2;lr105_t1_12R_12V_04I_04M;/dados/rmelo/PDPTW-SE/benchmark_multi_island_v5/official_experiments/multistartlp/official/set_01_pt_02/configs/genconfig_mslp.conf;genconfig_mslp;/dados/rmelo/PDPTW-SE/benchmark_multi_island_v5/official_experiments/multistartlp/official/set_01_pt_02/logs/heur_mslp/gurobi/12R_12V_04I_04M/lr105_grb_genconfig_mslp_seed_177.log;random;12R_12V_04I_04M;1;7282;1;/dados/rmelo/PDPTW-SE/benchmark_multi_island_v5/official_experiments/multistartlp/official/set_01_pt_02/../../../../instances/orig_ams_fg/12R_12V_04I_04M/t1/lr105/;60000;46559;0;1152.4;25;13;H;50;95;0;100.0;30.0;true;0.95;100.0;1.0;1.0;1.0;1.0;60;M;52718;52718;false;58;0.84;78.09;0.98;29;10;1000000;-1;3600;16.87;0.6;0.56;mslp;heur;0.24;0.27;-1;3600;60000;I;12;1.0;0.5;lr105;0;/dados/rmelo/PDPTW-SE/benchmark_multi_island_v5/official_experiments/multistartlp/official/set_01_pt_02/logs;0;0;0;12.14;100.0;1;177;/dados/rmelo/PDPTW-SE/benchmark_multi_island_v5/official_experiments/multistartlp/official/set_01_pt_02/logs/heur_mslp/solutions/12R_12V_04I_04M/lr105_sol_genconfig_mslp_seed_177.txt;Gurobi;AUTOMATIC;18.15;_bash_5;_seed_177;8891.09;1;109.34;/dados/rmelo/PDPTW-SE/benchmark_multi_island_v5/official_experiments/multistartlp/official/set_01_pt_02/logs/heur_mslp/timelines/12R_12V_04I_04M/lr105_timeline_genconfig_mslp_seed_177.txt;140.89;t1;0;833.29;false
0.05;0.02;0.08;0.1;0.0;0.2;13;/dados/rmelo/PDPTW-SE/benchmark_multi_island_v5/official_experiments/multistartlp/official/set_01_pt_02/logs/heur_mslp/outputs/csvresults_heur_mslp_bash_5.csv;0;3;1;26;0;0.0;0.5;true;14;2;lr201_t2_12R_12V_04I_03M;/dados/rmelo/PDPTW-SE/benchmark_multi_island_v5/official_experiments/multistartlp/official/set_01_pt_02/configs/genconfig_mslp.conf;genconfig_mslp;/dados/rmelo/PDPTW-SE/benchmark_multi_island_v5/official_experiments/multistartlp/official/set_01_pt_02/logs/heur_mslp/gurobi/12R_12V_04I_03M/lr201_grb_genconfig_mslp_seed_177.log;random;12R_12V_04I_03M;1;0;1;/dados/rmelo/PDPTW-SE/benchmark_multi_island_v5/official_experiments/multistartlp/official/set_01_pt_02/../../../../instances/orig_ams_fg/12R_12V_04I_04M/t2/lr201/;60000;53922;0;2363.84;25;13;H;50;95;0;100.0;30.0;true;0.95;100.0;1.0;1.0;1.0;1.0;60;M;60000;60000;false;52;0.67;76.95;0.88;26;10;1000000;-1;3600;21.14;0.48;0.85;mslp;heur;0.2;0.83;-1;3600;60000;I;12;1.0;0.25;lr201;0;/dados/rmelo/PDPTW-SE/benchmark_multi_island_v5/official_experiments/multistartlp/official/set_01_pt_02/logs;0;0;0;0.0;100.0;1;177;/dados/rmelo/PDPTW-SE/benchmark_multi_island_v5/official_experiments/multistartlp/official/set_01_pt_02/logs/heur_mslp/solutions/12R_12V_04I_03M/lr201_sol_genconfig_mslp_seed_177.txt;Gurobi;AUTOMATIC;18.01;_bash_5;_seed_177;12680.99;1;162.34;/dados/rmelo/PDPTW-SE/benchmark_multi_island_v5/official_experiments/multistartlp/official/set_01_pt_02/logs/heur_mslp/timelines/12R_12V_04I_03M/lr201_timeline_genconfig_mslp_seed_177.txt;180.88;t2;0;1452.66;false
0.05;0.02;0.06;0.08;0.03;0.2;14;/dados/rmelo/PDPTW-SE/benchmark_multi_island_v5/official_experiments/multistartlp/official/set_01_pt_02/logs/heur_mslp/outputs/csvresults_heur_mslp_bash_5.csv;0;4;1;26;0;0.0;0.5;true;14;2;lr201_t2_12R_12V_04I_04M;/dados/rmelo/PDPTW-SE/benchmark_multi_island_v5/official_experiments/multistartlp/official/set_01_pt_02/configs/genconfig_mslp.conf;genconfig_mslp;/dados/rmelo/PDPTW-SE/benchmark_multi_island_v5/official_experiments/multistartlp/official/set_01_pt_02/logs/heur_mslp/gurobi/12R_12V_04I_04M/lr201_grb_genconfig_mslp_seed_177.log;random;12R_12V_04I_04M;1;0;1;/dados/rmelo/PDPTW-SE/benchmark_multi_island_v5/official_experiments/multistartlp/official/set_01_pt_02/../../../../instances/orig_ams_fg/12R_12V_04I_04M/t2/lr201/;60000;53922;0;2363.84;25;13;H;50;95;0;100.0;30.0;true;0.95;100.0;1.0;1.0;1.0;1.0;60;M;60000;60000;false;52;0.67;76.95;0.88;26;10;1000000;-1;3600;21.46;0.48;0.85;mslp;heur;0.2;0.83;-1;3600;60000;I;12;1.0;0.25;lr201;0;/dados/rmelo/PDPTW-SE/benchmark_multi_island_v5/official_experiments/multistartlp/official/set_01_pt_02/logs;0;0;0;0.0;100.0;1;177;/dados/rmelo/PDPTW-SE/benchmark_multi_island_v5/official_experiments/multistartlp/official/set_01_pt_02/logs/heur_mslp/solutions/12R_12V_04I_04M/lr201_sol_genconfig_mslp_seed_177.txt;Gurobi;AUTOMATIC;18.09;_bash_5;_seed_177;12875.37;1;170.51;/dados/rmelo/PDPTW-SE/benchmark_multi_island_v5/official_experiments/multistartlp/official/set_01_pt_02/logs/heur_mslp/timelines/12R_12V_04I_04M/lr201_timeline_genconfig_mslp_seed_177.txt;189.85;t2;0;1452.19;false
0.05;0.03;0.11;0.14;0.0;0.0;7;/dados/rmelo/PDPTW-SE/benchmark_multi_island_v5/official_experiments/multistartlp/official/set_01_pt_02/logs/heur_mslp/outputs/csvresults_heur_mslp_bash_5.csv;0;3;1;26;0;0.0;0.5;true;14;2;lr202_t2_12R_12V_04I_03M;/dados/rmelo/PDPTW-SE/benchmark_multi_island_v5/official_experiments/multistartlp/official/set_01_pt_02/configs/genconfig_mslp.conf;genconfig_mslp;/dados/rmelo/PDPTW-SE/benchmark_multi_island_v5/official_experiments/multistartlp/official/set_01_pt_02/logs/heur_mslp/gurobi/12R_12V_04I_03M/lr202_grb_genconfig_mslp_seed_177.log;random;12R_12V_04I_03M;1;14467;1;/dados/rmelo/PDPTW-SE/benchmark_multi_island_v5/official_experiments/multistartlp/official/set_01_pt_02/../../../../instances/orig_ams_fg/12R_12V_04I_04M/t2/lr202/;60000;45454;0;1651.24;25;13;H;50;95;0;100.0;30.0;true;0.95;100.0;1.0;1.0;1.0;1.0;60;M;45533;45533;false;46;0.68;74.73;0.91;23;10;1000000;-1;3600;26.42;0.52;0.72;mslp;heur;0.36;0.53;-1;3600;60000;I;12;1.0;0.17;lr202;0;/dados/rmelo/PDPTW-SE/benchmark_multi_island_v5/official_experiments/multistartlp/official/set_01_pt_02/logs;0;0;0;24.11;100.0;1;177;/dados/rmelo/PDPTW-SE/benchmark_multi_island_v5/official_experiments/multistartlp/official/set_01_pt_02/logs/heur_mslp/solutions/12R_12V_04I_03M/lr202_sol_genconfig_mslp_seed_177.txt;Gurobi;AUTOMATIC;18.03;_bash_5;_seed_177;12032.02;1;145.07;/dados/rmelo/PDPTW-SE/benchmark_multi_island_v5/official_experiments/multistartlp/official/set_01_pt_02/logs/heur_mslp/timelines/12R_12V_04I_03M/lr202_timeline_genconfig_mslp_seed_177.txt;191.46;t2;0;1038.56;false
0.05;0.03;0.07;0.1;0.01;0.0;7;/dados/rmelo/PDPTW-SE/benchmark_multi_island_v5/official_experiments/multistartlp/official/set_01_pt_02/logs/heur_mslp/outputs/csvresults_heur_mslp_bash_5.csv;0;4;1;26;0;0.0;0.5;true;14;2;lr202_t2_12R_12V_04I_04M;/dados/rmelo/PDPTW-SE/benchmark_multi_island_v5/official_experiments/multistartlp/official/set_01_pt_02/configs/genconfig_mslp.conf;genconfig_mslp;/dados/rmelo/PDPTW-SE/benchmark_multi_island_v5/official_experiments/multistartlp/official/set_01_pt_02/logs/heur_mslp/gurobi/12R_12V_04I_04M/lr202_grb_genconfig_mslp_seed_177.log;random;12R_12V_04I_04M;1;1047;1;/dados/rmelo/PDPTW-SE/benchmark_multi_island_v5/official_experiments/multistartlp/official/set_01_pt_02/../../../../instances/orig_ams_fg/12R_12V_04I_04M/t2/lr202/;60000;6070;0;2110.58;25;13;H;50;95;0;100.0;30.0;true;0.95;100.0;1.0;1.0;1.0;1.0;60;M;58953;58953;false;46;0.62;71.51;0.91;23;10;1000000;-1;3600;28.15;0.51;0.85;mslp;heur;0.4;0.78;-1;3600;60000;I;12;1.0;0.17;lr202;0;/dados/rmelo/PDPTW-SE/benchmark_multi_island_v5/official_experiments/multistartlp/official/set_01_pt_02/logs;0;0;0;1.74;100.0;1;177;/dados/rmelo/PDPTW-SE/benchmark_multi_island_v5/official_experiments/multistartlp/official/set_01_pt_02/logs/heur_mslp/solutions/12R_12V_04I_04M/lr202_sol_genconfig_mslp_seed_177.txt;Gurobi;AUTOMATIC;18.22;_bash_5;_seed_177;16595.02;1;24.8;/dados/rmelo/PDPTW-SE/benchmark_multi_island_v5/official_experiments/multistartlp/official/set_01_pt_02/logs/heur_mslp/timelines/12R_12V_04I_04M/lr202_timeline_genconfig_mslp_seed_177.txt;241.28;t2;0;1014.88;false
0.05;0.02;0.06;0.08;0.02;0.02;15;/dados/rmelo/PDPTW-SE/benchmark_multi_island_v5/official_experiments/multistartlp/official/set_01_pt_02/logs/heur_mslp/outputs/csvresults_heur_mslp_bash_5.csv;0;3;1;26;0;0.0;0.5;true;14;2;lr203_t2_12R_12V_04I_03M;/dados/rmelo/PDPTW-SE/benchmark_multi_island_v5/official_experiments/multistartlp/official/set_01_pt_02/configs/genconfig_mslp.conf;genconfig_mslp;/dados/rmelo/PDPTW-SE/benchmark_multi_island_v5/official_experiments/multistartlp/official/set_01_pt_02/logs/heur_mslp/gurobi/12R_12V_04I_03M/lr203_grb_genconfig_mslp_seed_177.log;random;12R_12V_04I_03M;1;0;1;/dados/rmelo/PDPTW-SE/benchmark_multi_island_v5/official_experiments/multistartlp/official/set_01_pt_02/../../../../instances/orig_ams_fg/12R_12V_04I_04M/t2/lr203/;60000;28197;0;1667.56;25;13;H;50;95;0;100.0;30.0;true;0.95;100.0;1.0;1.0;1.0;1.0;60;M;60000;60000;false;58;0.68;89.3;0.98;29;10;1000000;-1;3600;14.32;0.44;0.81;mslp;heur;0.19;0.64;-1;3600;60000;I;12;1.0;0.17;lr203;0;/dados/rmelo/PDPTW-SE/benchmark_multi_island_v5/official_experiments/multistartlp/official/set_01_pt_02/logs;0;0;0;0.0;100.0;1;177;/dados/rmelo/PDPTW-SE/benchmark_multi_island_v5/official_experiments/multistartlp/official/set_01_pt_02/logs/heur_mslp/solutions/12R_12V_04I_03M/lr203_sol_genconfig_mslp_seed_177.txt;Gurobi;AUTOMATIC;18.0;_bash_5;_seed_177;8593.09;1;135.44;/dados/rmelo/PDPTW-SE/benchmark_multi_island_v5/official_experiments/multistartlp/official/set_01_pt_02/logs/heur_mslp/timelines/12R_12V_04I_03M/lr203_timeline_genconfig_mslp_seed_177.txt;287.65;t2;0;871.72;false
0.05;0.02;0.05;0.07;0.02;0.01;13;/dados/rmelo/PDPTW-SE/benchmark_multi_island_v5/official_experiments/multistartlp/official/set_01_pt_02/logs/heur_mslp/outputs/csvresults_heur_mslp_bash_5.csv;0;4;1;26;0;0.0;0.5;true;14;2;lr203_t2_12R_12V_04I_04M;/dados/rmelo/PDPTW-SE/benchmark_multi_island_v5/official_experiments/multistartlp/official/set_01_pt_02/configs/genconfig_mslp.conf;genconfig_mslp;/dados/rmelo/PDPTW-SE/benchmark_multi_island_v5/official_experiments/multistartlp/official/set_01_pt_02/logs/heur_mslp/gurobi/12R_12V_04I_04M/lr203_grb_genconfig_mslp_seed_177.log;random;12R_12V_04I_04M;1;0;1;/dados/rmelo/PDPTW-SE/benchmark_multi_island_v5/official_experiments/multistartlp/official/set_01_pt_02/../../../../instances/orig_ams_fg/12R_12V_04I_04M/t2/lr203/;60000;17560;0;1625.07;25;13;H;50;95;0;100.0;30.0;true;0.95;100.0;1.0;1.0;1.0;1.0;60;M;59996;60000;false;58;0.69;89.3;0.93;29;10;1000000;-1;3600;15.08;0.44;0.85;mslp;heur;0.18;0.77;-1;3600;60000;I;12;1.0;0.17;lr203;0;/dados/rmelo/PDPTW-SE/benchmark_multi_island_v5/official_experiments/multistartlp/official/set_01_pt_02/logs;0;0;0;0.0;99.99;1;177;/dados/rmelo/PDPTW-SE/benchmark_multi_island_v5/official_experiments/multistartlp/official/set_01_pt_02/logs/heur_mslp/solutions/12R_12V_04I_04M/lr203_sol_genconfig_mslp_seed_177.txt;Gurobi;AUTOMATIC;18.08;_bash_5;_seed_177;9046.33;1;89.53;/dados/rmelo/PDPTW-SE/benchmark_multi_island_v5/official_experiments/multistartlp/official/set_01_pt_02/logs/heur_mslp/timelines/12R_12V_04I_04M/lr203_timeline_genconfig_mslp_seed_177.txt;305.52;t2;0;870.26;false
0.05;0.02;0.06;0.08;0.0;0.0;13;/dados/rmelo/PDPTW-SE/benchmark_multi_island_v5/official_experiments/multistartlp/official/set_01_pt_02/logs/heur_mslp/outputs/csvresults_heur_mslp_bash_5.csv;0;3;1;26;0;0.0;0.5;true;14;2;lr204_t2_12R_12V_04I_03M;/dados/rmelo/PDPTW-SE/benchmark_multi_island_v5/official_experiments/multistartlp/official/set_01_pt_02/configs/genconfig_mslp.conf;genconfig_mslp;/dados/rmelo/PDPTW-SE/benchmark_multi_island_v5/official_experiments/multistartlp/official/set_01_pt_02/logs/heur_mslp/gurobi/12R_12V_04I_03M/lr204_grb_genconfig_mslp_seed_177.log;random;12R_12V_04I_03M;1;0;1;/dados/rmelo/PDPTW-SE/benchmark_multi_island_v5/official_experiments/multistartlp/official/set_01_pt_02/../../../../instances/orig_ams_fg/12R_12V_04I_04M/t2/lr204/;60000;8643;0;1271.34;25;13;H;50;95;0;100.0;30.0;true;0.95;100.0;1.0;1.0;1.0;1.0;60;M;39755;60000;false;38;0.66;91.65;0.97;19;10;1000000;-1;3600;3.66;0.44;0.95;mslp;heur;0.22;0.92;-1;3600;60000;I;12;1.0;0.17;lr204;0;/dados/rmelo/PDPTW-SE/benchmark_multi_island_v5/official_experiments/multistartlp/official/set_01_pt_02/logs;0;0;0;0.0;66.26;1;177;/dados/rmelo/PDPTW-SE/benchmark_multi_island_v5/official_experiments/multistartlp/official/set_01_pt_02/logs/heur_mslp/solutions/12R_12V_04I_03M/lr204_sol_genconfig_mslp_seed_177.txt;Gurobi;AUTOMATIC;18.24;_bash_5;_seed_177;2198.09;1;44.33;/dados/rmelo/PDPTW-SE/benchmark_multi_island_v5/official_experiments/multistartlp/official/set_01_pt_02/logs/heur_mslp/timelines/12R_12V_04I_03M/lr204_timeline_genconfig_mslp_seed_177.txt;303.25;t2;0;878.78;false
0.05;0.02;0.06;0.08;0.0;0.0;16;/dados/rmelo/PDPTW-SE/benchmark_multi_island_v5/official_experiments/multistartlp/official/set_01_pt_02/logs/heur_mslp/outputs/csvresults_heur_mslp_bash_5.csv;0;4;1;26;0;0.0;0.5;true;14;2;lr204_t2_12R_12V_04I_04M;/dados/rmelo/PDPTW-SE/benchmark_multi_island_v5/official_experiments/multistartlp/official/set_01_pt_02/configs/genconfig_mslp.conf;genconfig_mslp;/dados/rmelo/PDPTW-SE/benchmark_multi_island_v5/official_experiments/multistartlp/official/set_01_pt_02/logs/heur_mslp/gurobi/12R_12V_04I_04M/lr204_grb_genconfig_mslp_seed_177.log;random;12R_12V_04I_04M;1;0;1;/dados/rmelo/PDPTW-SE/benchmark_multi_island_v5/official_experiments/multistartlp/official/set_01_pt_02/../../../../instances/orig_ams_fg/12R_12V_04I_04M/t2/lr204/;60000;47197;0;1257.86;25;13;H;50;95;0;100.0;30.0;true;0.95;100.0;1.0;1.0;1.0;1.0;60;M;40802;60000;false;38;0.66;91.65;0.97;19;10;1000000;-1;3600;4.13;0.44;0.95;mslp;heur;0.22;0.92;-1;3600;60000;I;12;0.75;0.17;lr204;0;/dados/rmelo/PDPTW-SE/benchmark_multi_island_v5/official_experiments/multistartlp/official/set_01_pt_02/logs;0;0;0;0.0;68.0;1;177;/dados/rmelo/PDPTW-SE/benchmark_multi_island_v5/official_experiments/multistartlp/official/set_01_pt_02/logs/heur_mslp/solutions/12R_12V_04I_04M/lr204_sol_genconfig_mslp_seed_177.txt;Gurobi;AUTOMATIC;17.78;_bash_5;_seed_177;2480.87;1;258.29;/dados/rmelo/PDPTW-SE/benchmark_multi_island_v5/official_experiments/multistartlp/official/set_01_pt_02/logs/heur_mslp/timelines/12R_12V_04I_04M/lr204_timeline_genconfig_mslp_seed_177.txt;327.96;t2;0;880.77;false
0.05;0.03;0.09;0.12;0.0;0.0;14;/dados/rmelo/PDPTW-SE/benchmark_multi_island_v5/official_experiments/multistartlp/official/set_01_pt_02/logs/heur_mslp/outputs/csvresults_heur_mslp_bash_5.csv;0;3;1;26;0;0.0;0.5;true;14;2;lr205_t2_12R_12V_04I_03M;/dados/rmelo/PDPTW-SE/benchmark_multi_island_v5/official_experiments/multistartlp/official/set_01_pt_02/configs/genconfig_mslp.conf;genconfig_mslp;/dados/rmelo/PDPTW-SE/benchmark_multi_island_v5/official_experiments/multistartlp/official/set_01_pt_02/logs/heur_mslp/gurobi/12R_12V_04I_03M/lr205_grb_genconfig_mslp_seed_177.log;random;12R_12V_04I_03M;1;0;1;/dados/rmelo/PDPTW-SE/benchmark_multi_island_v5/official_experiments/multistartlp/official/set_01_pt_02/../../../../instances/orig_ams_fg/12R_12V_04I_04M/t2/lr205/;60000;50292;0;2039.16;25;13;H;50;95;0;100.0;30.0;true;0.95;100.0;1.0;1.0;1.0;1.0;60;M;60000;60000;false;58;0.72;78.78;0.95;29;10;1000000;-1;3600;20.92;0.48;0.9;mslp;heur;0.24;0.84;-1;3600;60000;I;12;1.0;0.17;lr205;0;/dados/rmelo/PDPTW-SE/benchmark_multi_island_v5/official_experiments/multistartlp/official/set_01_pt_02/logs;0;0;0;0.0;100.0;1;177;/dados/rmelo/PDPTW-SE/benchmark_multi_island_v5/official_experiments/multistartlp/official/set_01_pt_02/logs/heur_mslp/solutions/12R_12V_04I_03M/lr205_sol_genconfig_mslp_seed_177.txt;Gurobi;AUTOMATIC;18.07;_bash_5;_seed_177;12550.44;1;201.92;/dados/rmelo/PDPTW-SE/benchmark_multi_island_v5/official_experiments/multistartlp/official/set_01_pt_02/logs/heur_mslp/timelines/12R_12V_04I_03M/lr205_timeline_genconfig_mslp_seed_177.txt;240.95;t2;0;958.11;false
0.05;0.04;0.07;0.11;0.0;0.0;11;/dados/rmelo/PDPTW-SE/benchmark_multi_island_v5/official_experiments/multistartlp/official/set_01_pt_02/logs/heur_mslp/outputs/csvresults_heur_mslp_bash_5.csv;0;4;1;26;0;0.0;0.5;true;14;2;lr205_t2_12R_12V_04I_04M;/dados/rmelo/PDPTW-SE/benchmark_multi_island_v5/official_experiments/multistartlp/official/set_01_pt_02/configs/genconfig_mslp.conf;genconfig_mslp;/dados/rmelo/PDPTW-SE/benchmark_multi_island_v5/official_experiments/multistartlp/official/set_01_pt_02/logs/heur_mslp/gurobi/12R_12V_04I_04M/lr205_grb_genconfig_mslp_seed_177.log;random;12R_12V_04I_04M;1;0;1;/dados/rmelo/PDPTW-SE/benchmark_multi_island_v5/official_experiments/multistartlp/official/set_01_pt_02/../../../../instances/orig_ams_fg/12R_12V_04I_04M/t2/lr205/;60000;20032;0;2045.31;25;13;H;50;95;0;100.0;30.0;true;0.95;100.0;1.0;1.0;1.0;1.0;60;M;60000;60000;false;58;0.74;75.38;1.0;29;10;1000000;-1;3600;21.33;0.49;0.89;mslp;heur;0.24;0.78;-1;3600;60000;I;12;1.0;0.17;lr205;0;/dados/rmelo/PDPTW-SE/benchmark_multi_island_v5/official_experiments/multistartlp/official/set_01_pt_02/logs;0;0;0;0.0;100.0;1;177;/dados/rmelo/PDPTW-SE/benchmark_multi_island_v5/official_experiments/multistartlp/official/set_01_pt_02/logs/heur_mslp/solutions/12R_12V_04I_04M/lr205_sol_genconfig_mslp_seed_177.txt;Gurobi;AUTOMATIC;17.95;_bash_5;_seed_177;12797.89;1;85.73;/dados/rmelo/PDPTW-SE/benchmark_multi_island_v5/official_experiments/multistartlp/official/set_01_pt_02/logs/heur_mslp/timelines/12R_12V_04I_04M/lr205_timeline_genconfig_mslp_seed_177.txt;255.01;t2;0;983.77;false
0.05;0.02;0.05;0.07;0.0;0.29;1;/dados/rmelo/PDPTW-SE/benchmark_multi_island_v5/official_experiments/multistartlp/official/set_01_pt_02/logs/heur_mslp/outputs/csvresults_heur_mslp_bash_5.csv;0;5;1;82;0;0.0;0.5;true;42;2;LR1_2_1_t1_40R_40V_02I_05M;/dados/rmelo/PDPTW-SE/benchmark_multi_island_v5/official_experiments/multistartlp/official/set_01_pt_02/configs/genconfig_mslp.conf;genconfig_mslp;/dados/rmelo/PDPTW-SE/benchmark_multi_island_v5/official_experiments/multistartlp/official/set_01_pt_02/logs/heur_mslp/gurobi/40R_40V_02I_05M/LR1_2_1_grb_genconfig_mslp_seed_177.log;random;40R_40V_02I_05M;1;59998;1;/dados/rmelo/PDPTW-SE/benchmark_multi_island_v5/official_experiments/multistartlp/official/set_01_pt_02/../../../../instances/orig_ams_fg/40R_40V_02I_06M/t1/LR1_2_1/;60000;1;0;9411.57;81;41;H;50;95;0;100.0;30.0;true;0.95;100.0;1.0;1.0;1.0;1.0;60;M;2;2;false;78;0.93;223.61;0.99;39;10;1000000;-1;3600;5.62;0.69;0.54;mslp;heur;0.48;0.12;-1;3600;60000;I;40;1.0;0.45;LR1_2_1;0;/dados/rmelo/PDPTW-SE/benchmark_multi_island_v5/official_experiments/multistartlp/official/set_01_pt_02/logs;0;0;0;100.0;100.0;1;177;/dados/rmelo/PDPTW-SE/benchmark_multi_island_v5/official_experiments/multistartlp/official/set_01_pt_02/logs/heur_mslp/solutions/40R_40V_02I_05M/LR1_2_1_sol_genconfig_mslp_seed_177.txt;Gurobi;AUTOMATIC;17.97;_bash_5;_seed_177;0.11;1;0.01;/dados/rmelo/PDPTW-SE/benchmark_multi_island_v5/official_experiments/multistartlp/official/set_01_pt_02/logs/heur_mslp/timelines/40R_40V_02I_05M/LR1_2_1_timeline_genconfig_mslp_seed_177.txt;81.22;t1;0;8377.69;false
0.05;0.02;0.05;0.07;0.0;0.29;1;/dados/rmelo/PDPTW-SE/benchmark_multi_island_v5/official_experiments/multistartlp/official/set_01_pt_02/logs/heur_mslp/outputs/csvresults_heur_mslp_bash_5.csv;0;6;1;82;0;0.0;0.5;true;42;2;LR1_2_1_t1_40R_40V_02I_06M;/dados/rmelo/PDPTW-SE/benchmark_multi_island_v5/official_experiments/multistartlp/official/set_01_pt_02/configs/genconfig_mslp.conf;genconfig_mslp;/dados/rmelo/PDPTW-SE/benchmark_multi_island_v5/official_experiments/multistartlp/official/set_01_pt_02/logs/heur_mslp/gurobi/40R_40V_02I_06M/LR1_2_1_grb_genconfig_mslp_seed_177.log;random;40R_40V_02I_06M;1;59998;1;/dados/rmelo/PDPTW-SE/benchmark_multi_island_v5/official_experiments/multistartlp/official/set_01_pt_02/../../../../instances/orig_ams_fg/40R_40V_02I_06M/t1/LR1_2_1/;60000;1;0;9718.04;81;41;H;50;95;0;100.0;30.0;true;0.95;100.0;1.0;1.0;1.0;1.0;60;M;2;2;false;78;0.93;223.61;0.99;39;10;1000000;-1;3600;6.84;0.69;0.54;mslp;heur;0.48;0.12;-1;3600;60000;I;40;0.83;0.45;LR1_2_1;0;/dados/rmelo/PDPTW-SE/benchmark_multi_island_v5/official_experiments/multistartlp/official/set_01_pt_02/logs;0;0;0;100.0;100.0;1;177;/dados/rmelo/PDPTW-SE/benchmark_multi_island_v5/official_experiments/multistartlp/official/set_01_pt_02/logs/heur_mslp/solutions/40R_40V_02I_06M/LR1_2_1_sol_genconfig_mslp_seed_177.txt;Gurobi;AUTOMATIC;18.09;_bash_5;_seed_177;0.14;1;0.01;/dados/rmelo/PDPTW-SE/benchmark_multi_island_v5/official_experiments/multistartlp/official/set_01_pt_02/logs/heur_mslp/timelines/40R_40V_02I_06M/LR1_2_1_timeline_genconfig_mslp_seed_177.txt;85.31;t1;0;8377.69;false
0.05;0.06;0.1;0.16;0.02;0.16;1;/dados/rmelo/PDPTW-SE/benchmark_multi_island_v5/official_experiments/multistartlp/official/set_01_pt_02/logs/heur_mslp/outputs/csvresults_heur_mslp_bash_5.csv;0;5;1;82;0;0.0;0.5;true;42;2;LR1_2_2_t1_40R_40V_02I_05M;/dados/rmelo/PDPTW-SE/benchmark_multi_island_v5/official_experiments/multistartlp/official/set_01_pt_02/configs/genconfig_mslp.conf;genconfig_mslp;/dados/rmelo/PDPTW-SE/benchmark_multi_island_v5/official_experiments/multistartlp/official/set_01_pt_02/logs/heur_mslp/gurobi/40R_40V_02I_05M/LR1_2_2_grb_genconfig_mslp_seed_177.log;random;40R_40V_02I_05M;1;59999;1;/dados/rmelo/PDPTW-SE/benchmark_multi_island_v5/official_experiments/multistartlp/official/set_01_pt_02/../../../../instances/orig_ams_fg/40R_40V_02I_06M/t1/LR1_2_2/;60000;1;0;7948.86;81;41;H;50;95;0;100.0;30.0;true;0.95;100.0;1.0;1.0;1.0;1.0;60;M;1;1;false;78;1.0;252.99;0.92;39;10;1000000;-1;3600;5.62;0.68;0.5;mslp;heur;0.38;0.18;-1;3600;60000;I;40;1.0;0.42;LR1_2_2;0;/dados/rmelo/PDPTW-SE/benchmark_multi_island_v5/official_experiments/multistartlp/official/set_01_pt_02/logs;0;0;0;100.0;100.0;1;177;/dados/rmelo/PDPTW-SE/benchmark_multi_island_v5/official_experiments/multistartlp/official/set_01_pt_02/logs/heur_mslp/solutions/40R_40V_02I_05M/LR1_2_2_sol_genconfig_mslp_seed_177.txt;Gurobi;AUTOMATIC;17.99;_bash_5;_seed_177;0.06;1;0.01;/dados/rmelo/PDPTW-SE/benchmark_multi_island_v5/official_experiments/multistartlp/official/set_01_pt_02/logs/heur_mslp/timelines/40R_40V_02I_05M/LR1_2_2_timeline_genconfig_mslp_seed_177.txt;90.43;t1;0;7502.15;false
0.05;0.04;0.09;0.13;0.02;0.16;1;/dados/rmelo/PDPTW-SE/benchmark_multi_island_v5/official_experiments/multistartlp/official/set_01_pt_02/logs/heur_mslp/outputs/csvresults_heur_mslp_bash_5.csv;0;6;1;82;0;0.0;0.5;true;42;2;LR1_2_2_t1_40R_40V_02I_06M;/dados/rmelo/PDPTW-SE/benchmark_multi_island_v5/official_experiments/multistartlp/official/set_01_pt_02/configs/genconfig_mslp.conf;genconfig_mslp;/dados/rmelo/PDPTW-SE/benchmark_multi_island_v5/official_experiments/multistartlp/official/set_01_pt_02/logs/heur_mslp/gurobi/40R_40V_02I_06M/LR1_2_2_grb_genconfig_mslp_seed_177.log;random;40R_40V_02I_06M;1;59998;1;/dados/rmelo/PDPTW-SE/benchmark_multi_island_v5/official_experiments/multistartlp/official/set_01_pt_02/../../../../instances/orig_ams_fg/40R_40V_02I_06M/t1/LR1_2_2/;60000;1;0;8252.05;81;41;H;50;95;0;100.0;30.0;true;0.95;100.0;1.0;1.0;1.0;1.0;60;M;2;2;false;78;1.0;252.99;0.92;39;10;1000000;-1;3600;5.86;0.68;0.5;mslp;heur;0.38;0.18;-1;3600;60000;I;40;1.0;0.42;LR1_2_2;0;/dados/rmelo/PDPTW-SE/benchmark_multi_island_v5/official_experiments/multistartlp/official/set_01_pt_02/logs;0;0;0;100.0;100.0;1;177;/dados/rmelo/PDPTW-SE/benchmark_multi_island_v5/official_experiments/multistartlp/official/set_01_pt_02/logs/heur_mslp/solutions/40R_40V_02I_06M/LR1_2_2_sol_genconfig_mslp_seed_177.txt;Gurobi;AUTOMATIC;18.1;_bash_5;_seed_177;0.12;1;0.01;/dados/rmelo/PDPTW-SE/benchmark_multi_island_v5/official_experiments/multistartlp/official/set_01_pt_02/logs/heur_mslp/timelines/40R_40V_02I_06M/LR1_2_2_timeline_genconfig_mslp_seed_177.txt;102.15;t1;0;7505.6;false
0.05;0.02;0.06;0.09;0.02;0.04;4;/dados/rmelo/PDPTW-SE/benchmark_multi_island_v5/official_experiments/multistartlp/official/set_01_pt_02/logs/heur_mslp/outputs/csvresults_heur_mslp_bash_5.csv;0;5;1;82;0;0.0;0.5;true;42;2;LR1_2_3_t1_40R_40V_02I_05M;/dados/rmelo/PDPTW-SE/benchmark_multi_island_v5/official_experiments/multistartlp/official/set_01_pt_02/configs/genconfig_mslp.conf;genconfig_mslp;/dados/rmelo/PDPTW-SE/benchmark_multi_island_v5/official_experiments/multistartlp/official/set_01_pt_02/logs/heur_mslp/gurobi/40R_40V_02I_05M/LR1_2_3_grb_genconfig_mslp_seed_177.log;random;40R_40V_02I_05M;1;59200;1;/dados/rmelo/PDPTW-SE/benchmark_multi_island_v5/official_experiments/multistartlp/official/set_01_pt_02/../../../../instances/orig_ams_fg/40R_40V_02I_06M/t1/LR1_2_3/;60000;15438;0;5987.73;81;41;H;50;95;0;100.0;30.0;true;0.95;100.0;1.0;1.0;1.0;1.0;60;M;800;800;false;86;0.96;234.21;1.0;43;10;1000000;-1;3600;3.12;0.74;0.61;mslp;heur;0.57;0.33;-1;3600;60000;I;40;1.0;0.25;LR1_2_3;0;/dados/rmelo/PDPTW-SE/benchmark_multi_island_v5/official_experiments/multistartlp/official/set_01_pt_02/logs;0;0;0;98.67;100.0;1;177;/dados/rmelo/PDPTW-SE/benchmark_multi_island_v5/official_experiments/multistartlp/official/set_01_pt_02/logs/heur_mslp/solutions/40R_40V_02I_05M/LR1_2_3_sol_genconfig_mslp_seed_177.txt;Gurobi;AUTOMATIC;18.14;_bash_5;_seed_177;24.94;1;54.64;/dados/rmelo/PDPTW-SE/benchmark_multi_island_v5/official_experiments/multistartlp/official/set_01_pt_02/logs/heur_mslp/timelines/40R_40V_02I_05M/LR1_2_3_timeline_genconfig_mslp_seed_177.txt;210.79;t1;0;4669.33;false
0.05;0.02;0.06;0.08;0.01;0.04;4;/dados/rmelo/PDPTW-SE/benchmark_multi_island_v5/official_experiments/multistartlp/official/set_01_pt_02/logs/heur_mslp/outputs/csvresults_heur_mslp_bash_5.csv;0;6;1;82;0;0.0;0.5;true;42;2;LR1_2_3_t1_40R_40V_02I_06M;/dados/rmelo/PDPTW-SE/benchmark_multi_island_v5/official_experiments/multistartlp/official/set_01_pt_02/configs/genconfig_mslp.conf;genconfig_mslp;/dados/rmelo/PDPTW-SE/benchmark_multi_island_v5/official_experiments/multistartlp/official/set_01_pt_02/logs/heur_mslp/gurobi/40R_40V_02I_06M/LR1_2_3_grb_genconfig_mslp_seed_177.log;random;40R_40V_02I_06M;1;59180;1;/dados/rmelo/PDPTW-SE/benchmark_multi_island_v5/official_experiments/multistartlp/official/set_01_pt_02/../../../../instances/orig_ams_fg/40R_40V_02I_06M/t1/LR1_2_3/;60000;6943;0;5934.85;81;41;H;50;95;0;100.0;30.0;true;0.95;100.0;1.0;1.0;1.0;1.0;60;M;820;820;false;86;0.96;234.21;0.96;43;10;1000000;-1;3600;3.0;0.69;0.63;mslp;heur;0.38;0.19;-1;3600;60000;I;40;1.0;0.28;LR1_2_3;0;/dados/rmelo/PDPTW-SE/benchmark_multi_island_v5/official_experiments/multistartlp/official/set_01_pt_02/logs;0;0;0;98.63;100.0;1;177;/dados/rmelo/PDPTW-SE/benchmark_multi_island_v5/official_experiments/multistartlp/official/set_01_pt_02/logs/heur_mslp/solutions/40R_40V_02I_06M/LR1_2_3_sol_genconfig_mslp_seed_177.txt;Gurobi;AUTOMATIC;17.97;_bash_5;_seed_177;24.57;1;26.07;/dados/rmelo/PDPTW-SE/benchmark_multi_island_v5/official_experiments/multistartlp/official/set_01_pt_02/logs/heur_mslp/timelines/40R_40V_02I_06M/LR1_2_3_timeline_genconfig_mslp_seed_177.txt;224.29;t1;0;4798.5;false
0.05;0.05;0.07;0.12;0.0;0.01;5;/dados/rmelo/PDPTW-SE/benchmark_multi_island_v5/official_experiments/multistartlp/official/set_01_pt_02/logs/heur_mslp/outputs/csvresults_heur_mslp_bash_5.csv;0;5;1;82;0;0.0;0.5;true;42;2;LR1_2_4_t1_40R_40V_02I_05M;/dados/rmelo/PDPTW-SE/benchmark_multi_island_v5/official_experiments/multistartlp/official/set_01_pt_02/configs/genconfig_mslp.conf;genconfig_mslp;/dados/rmelo/PDPTW-SE/benchmark_multi_island_v5/official_experiments/multistartlp/official/set_01_pt_02/logs/heur_mslp/gurobi/40R_40V_02I_05M/LR1_2_4_grb_genconfig_mslp_seed_177.log;random;40R_40V_02I_05M;1;43884;1;/dados/rmelo/PDPTW-SE/benchmark_multi_island_v5/official_experiments/multistartlp/official/set_01_pt_02/../../../../instances/orig_ams_fg/40R_40V_02I_06M/t1/LR1_2_4/;60000;40507;0;5825.77;81;41;H;50;95;0;100.0;30.0;true;0.95;100.0;1.0;1.0;1.0;1.0;60;M;16116;16116;false;86;0.99;237.45;1.0;43;10;1000000;-1;3600;3.23;0.86;0.66;mslp;heur;0.54;0.43;-1;3600;60000;I;40;0.6;0.18;LR1_2_4;0;/dados/rmelo/PDPTW-SE/benchmark_multi_island_v5/official_experiments/multistartlp/official/set_01_pt_02/logs;0;0;0;73.14;100.0;1;177;/dados/rmelo/PDPTW-SE/benchmark_multi_island_v5/official_experiments/multistartlp/official/set_01_pt_02/logs/heur_mslp/solutions/40R_40V_02I_05M/LR1_2_4_sol_genconfig_mslp_seed_177.txt;Gurobi;AUTOMATIC;18.11;_bash_5;_seed_177;521.34;1;395.32;/dados/rmelo/PDPTW-SE/benchmark_multi_island_v5/official_experiments/multistartlp/official/set_01_pt_02/logs/heur_mslp/timelines/40R_40V_02I_05M/LR1_2_4_timeline_genconfig_mslp_seed_177.txt;584.92;t1;0;3806.52;false
0.05;0.02;0.05;0.06;0.0;0.0;10;/dados/rmelo/PDPTW-SE/benchmark_multi_island_v5/official_experiments/multistartlp/official/set_01_pt_02/logs/heur_mslp/outputs/csvresults_heur_mslp_bash_5.csv;0;6;1;82;0;0.0;0.5;true;42;2;LR1_2_4_t1_40R_40V_02I_06M;/dados/rmelo/PDPTW-SE/benchmark_multi_island_v5/official_experiments/multistartlp/official/set_01_pt_02/configs/genconfig_mslp.conf;genconfig_mslp;/dados/rmelo/PDPTW-SE/benchmark_multi_island_v5/official_experiments/multistartlp/official/set_01_pt_02/logs/heur_mslp/gurobi/40R_40V_02I_06M/LR1_2_4_grb_genconfig_mslp_seed_177.log;random;40R_40V_02I_06M;1;20797;1;/dados/rmelo/PDPTW-SE/benchmark_multi_island_v5/official_experiments/multistartlp/official/set_01_pt_02/../../../../instances/orig_ams_fg/40R_40V_02I_06M/t1/LR1_2_4/;60000;35116;0;5560.97;81;41;H;50;95;0;100.0;30.0;true;0.95;100.0;1.0;1.0;1.0;1.0;60;M;39203;39203;false;86;0.95;232.24;0.93;43;10;1000000;-1;3600;3.13;0.81;0.59;mslp;heur;0.52;0.29;-1;3600;60000;I;40;0.67;0.18;LR1_2_4;0;/dados/rmelo/PDPTW-SE/benchmark_multi_island_v5/official_experiments/multistartlp/official/set_01_pt_02/logs;0;0;0;34.66;100.0;1;177;/dados/rmelo/PDPTW-SE/benchmark_multi_island_v5/official_experiments/multistartlp/official/set_01_pt_02/logs/heur_mslp/solutions/40R_40V_02I_06M/LR1_2_4_sol_genconfig_mslp_seed_177.txt;Gurobi;AUTOMATIC;18.1;_bash_5;_seed_177;1228.5;1;565.75;/dados/rmelo/PDPTW-SE/benchmark_multi_island_v5/official_experiments/multistartlp/official/set_01_pt_02/logs/heur_mslp/timelines/40R_40V_02I_06M/LR1_2_4_timeline_genconfig_mslp_seed_177.txt;967.94;t1;0;3610.33;false
0.05;0.04;0.08;0.12;0.02;0.1;4;/dados/rmelo/PDPTW-SE/benchmark_multi_island_v5/official_experiments/multistartlp/official/set_01_pt_02/logs/heur_mslp/outputs/csvresults_heur_mslp_bash_5.csv;0;5;1;82;0;0.0;0.5;true;42;2;LR1_2_5_t1_40R_40V_02I_05M;/dados/rmelo/PDPTW-SE/benchmark_multi_island_v5/official_experiments/multistartlp/official/set_01_pt_02/configs/genconfig_mslp.conf;genconfig_mslp;/dados/rmelo/PDPTW-SE/benchmark_multi_island_v5/official_experiments/multistartlp/official/set_01_pt_02/logs/heur_mslp/gurobi/40R_40V_02I_05M/LR1_2_5_grb_genconfig_mslp_seed_177.log;random;40R_40V_02I_05M;1;59970;1;/dados/rmelo/PDPTW-SE/benchmark_multi_island_v5/official_experiments/multistartlp/official/set_01_pt_02/../../../../instances/orig_ams_fg/40R_40V_02I_06M/t1/LR1_2_5/;60000;18705;0;7576.61;81;41;H;50;95;0;100.0;30.0;true;0.95;100.0;1.0;1.0;1.0;1.0;60;M;30;30;false;86;1.0;291.59;0.98;43;10;1000000;-1;3600;6.92;0.64;0.53;mslp;heur;0.19;0.02;-1;3600;60000;I;40;1.0;0.35;LR1_2_5;0;/dados/rmelo/PDPTW-SE/benchmark_multi_island_v5/official_experiments/multistartlp/official/set_01_pt_02/logs;0;0;0;99.95;100.0;1;177;/dados/rmelo/PDPTW-SE/benchmark_multi_island_v5/official_experiments/multistartlp/official/set_01_pt_02/logs/heur_mslp/solutions/40R_40V_02I_05M/LR1_2_5_sol_genconfig_mslp_seed_177.txt;Gurobi;AUTOMATIC;18.25;_bash_5;_seed_177;2.08;1;34.88;/dados/rmelo/PDPTW-SE/benchmark_multi_island_v5/official_experiments/multistartlp/official/set_01_pt_02/logs/heur_mslp/timelines/40R_40V_02I_05M/LR1_2_5_timeline_genconfig_mslp_seed_177.txt;110.91;t1;0;6568.34;false
0.05;0.03;0.07;0.1;0.01;0.11;8;/dados/rmelo/PDPTW-SE/benchmark_multi_island_v5/official_experiments/multistartlp/official/set_01_pt_02/logs/heur_mslp/outputs/csvresults_heur_mslp_bash_5.csv;0;6;1;82;0;0.0;0.5;true;42;2;LR1_2_5_t1_40R_40V_02I_06M;/dados/rmelo/PDPTW-SE/benchmark_multi_island_v5/official_experiments/multistartlp/official/set_01_pt_02/configs/genconfig_mslp.conf;genconfig_mslp;/dados/rmelo/PDPTW-SE/benchmark_multi_island_v5/official_experiments/multistartlp/official/set_01_pt_02/logs/heur_mslp/gurobi/40R_40V_02I_06M/LR1_2_5_grb_genconfig_mslp_seed_177.log;random;40R_40V_02I_06M;1;58657;1;/dados/rmelo/PDPTW-SE/benchmark_multi_island_v5/official_experiments/multistartlp/official/set_01_pt_02/../../../../instances/orig_ams_fg/40R_40V_02I_06M/t1/LR1_2_5/;60000;8075;0;7894.86;81;41;H;50;95;0;100.0;30.0;true;0.95;100.0;1.0;1.0;1.0;1.0;60;M;1343;1343;false;86;0.99;286.41;0.98;43;10;1000000;-1;3600;6.12;0.72;0.58;mslp;heur;0.57;0.18;-1;3600;60000;I;40;1.0;0.3;LR1_2_5;0;/dados/rmelo/PDPTW-SE/benchmark_multi_island_v5/official_experiments/multistartlp/official/set_01_pt_02/logs;0;0;0;97.76;100.0;1;177;/dados/rmelo/PDPTW-SE/benchmark_multi_island_v5/official_experiments/multistartlp/official/set_01_pt_02/logs/heur_mslp/solutions/40R_40V_02I_06M/LR1_2_5_sol_genconfig_mslp_seed_177.txt;Gurobi;AUTOMATIC;18.02;_bash_5;_seed_177;82.16;1;24.65;/dados/rmelo/PDPTW-SE/benchmark_multi_island_v5/official_experiments/multistartlp/official/set_01_pt_02/logs/heur_mslp/timelines/40R_40V_02I_06M/LR1_2_5_timeline_genconfig_mslp_seed_177.txt;185.92;t1;0;6350.73;false
0.05;0.0;0.01;0.02;0.01;0.16;16;/dados/rmelo/PDPTW-SE/benchmark_multi_island_v5/official_experiments/multistartlp/official/set_01_pt_02/logs/heur_mslp/outputs/csvresults_heur_mslp_bash_5.csv;0;5;1;82;0;0.0;0.5;true;42;2;LR2_2_1_t2_40R_40V_02I_05M;/dados/rmelo/PDPTW-SE/benchmark_multi_island_v5/official_experiments/multistartlp/official/set_01_pt_02/configs/genconfig_mslp.conf;genconfig_mslp;/dados/rmelo/PDPTW-SE/benchmark_multi_island_v5/official_experiments/multistartlp/official/set_01_pt_02/logs/heur_mslp/gurobi/40R_40V_02I_05M/LR2_2_1_grb_genconfig_mslp_seed_177.log;random;40R_40V_02I_05M;1;0;1;/dados/rmelo/PDPTW-SE/benchmark_multi_island_v5/official_experiments/multistartlp/official/set_01_pt_02/../../../../instances/orig_ams_fg/40R_40V_02I_06M/t2/LR2_2_1/;60000;16258;0;11647.71;81;41;H;50;95;0;100.0;30.0;true;0.95;100.0;1.0;1.0;1.0;1.0;60;M;60000;60000;false;80;0.87;178.29;1.0;40;10;1000000;-1;3600;6.75;0.62;0.93;mslp;heur;0.23;0.67;-1;3600;60000;I;40;1.0;0.12;LR2_2_1;0;/dados/rmelo/PDPTW-SE/benchmark_multi_island_v5/official_experiments/multistartlp/official/set_01_pt_02/logs;0;0;0;0.0;100.0;1;177;/dados/rmelo/PDPTW-SE/benchmark_multi_island_v5/official_experiments/multistartlp/official/set_01_pt_02/logs/heur_mslp/solutions/40R_40V_02I_05M/LR2_2_1_sol_genconfig_mslp_seed_177.txt;Gurobi;AUTOMATIC;18.25;_bash_5;_seed_177;4047.14;1;279.26;/dados/rmelo/PDPTW-SE/benchmark_multi_island_v5/official_experiments/multistartlp/official/set_01_pt_02/logs/heur_mslp/timelines/40R_40V_02I_05M/LR2_2_1_timeline_genconfig_mslp_seed_177.txt;1018.98;t2;0;7815.28;false
0.05;0.0;0.01;0.01;0.01;0.16;15;/dados/rmelo/PDPTW-SE/benchmark_multi_island_v5/official_experiments/multistartlp/official/set_01_pt_02/logs/heur_mslp/outputs/csvresults_heur_mslp_bash_5.csv;0;6;1;82;0;0.0;0.5;true;42;2;LR2_2_1_t2_40R_40V_02I_06M;/dados/rmelo/PDPTW-SE/benchmark_multi_island_v5/official_experiments/multistartlp/official/set_01_pt_02/configs/genconfig_mslp.conf;genconfig_mslp;/dados/rmelo/PDPTW-SE/benchmark_multi_island_v5/official_experiments/multistartlp/official/set_01_pt_02/logs/heur_mslp/gurobi/40R_40V_02I_06M/LR2_2_1_grb_genconfig_mslp_seed_177.log;random;40R_40V_02I_06M;1;0;1;/dados/rmelo/PDPTW-SE/benchmark_multi_island_v5/official_experiments/multistartlp/official/set_01_pt_02/../../../../instances/orig_ams_fg/40R_40V_02I_06M/t2/LR2_2_1/;60000;16258;0;11647.71;81;41;H;50;95;0;100.0;30.0;true;0.95;100.0;1.0;1.0;1.0;1.0;60;M;60000;60000;false;80;0.87;177.78;1.0;40;10;1000000;-1;3600;7.06;0.62;0.93;mslp;heur;0.23;0.67;-1;3600;60000;I;40;1.0;0.12;LR2_2_1;0;/dados/rmelo/PDPTW-SE/benchmark_multi_island_v5/official_experiments/multistartlp/official/set_01_pt_02/logs;0;0;0;0.0;100.0;1;177;/dados/rmelo/PDPTW-SE/benchmark_multi_island_v5/official_experiments/multistartlp/official/set_01_pt_02/logs/heur_mslp/solutions/40R_40V_02I_06M/LR2_2_1_sol_genconfig_mslp_seed_177.txt;Gurobi;AUTOMATIC;18.07;_bash_5;_seed_177;4234.71;1;293.73;/dados/rmelo/PDPTW-SE/benchmark_multi_island_v5/official_experiments/multistartlp/official/set_01_pt_02/logs/heur_mslp/timelines/40R_40V_02I_06M/LR2_2_1_timeline_genconfig_mslp_seed_177.txt;1079.12;t2;0;7810.35;false
0.05;0.01;0.02;0.03;0.04;0.15;15;/dados/rmelo/PDPTW-SE/benchmark_multi_island_v5/official_experiments/multistartlp/official/set_01_pt_02/logs/heur_mslp/outputs/csvresults_heur_mslp_bash_5.csv;0;5;1;82;0;0.0;0.5;true;42;2;LR2_2_2_t2_40R_40V_02I_05M;/dados/rmelo/PDPTW-SE/benchmark_multi_island_v5/official_experiments/multistartlp/official/set_01_pt_02/configs/genconfig_mslp.conf;genconfig_mslp;/dados/rmelo/PDPTW-SE/benchmark_multi_island_v5/official_experiments/multistartlp/official/set_01_pt_02/logs/heur_mslp/gurobi/40R_40V_02I_05M/LR2_2_2_grb_genconfig_mslp_seed_177.log;random;40R_40V_02I_05M;1;0;1;/dados/rmelo/PDPTW-SE/benchmark_multi_island_v5/official_experiments/multistartlp/official/set_01_pt_02/../../../../instances/orig_ams_fg/40R_40V_02I_06M/t2/LR2_2_2/;60000;31293;0;9449.35;81;41;H;50;95;0;100.0;30.0;true;0.95;100.0;1.0;1.0;1.0;1.0;60;M;60000;60000;false;80;0.83;177.14;1.0;40;10;1000000;-1;3600;7.34;0.67;0.88;mslp;heur;0.36;0.75;-1;3600;60000;I;40;0.8;0.1;LR2_2_2;0;/dados/rmelo/PDPTW-SE/benchmark_multi_island_v5/official_experiments/multistartlp/official/set_01_pt_02/logs;0;0;0;0.0;100.0;1;177;/dados/rmelo/PDPTW-SE/benchmark_multi_island_v5/official_experiments/multistartlp/official/set_01_pt_02/logs/heur_mslp/solutions/40R_40V_02I_05M/LR2_2_2_sol_genconfig_mslp_seed_177.txt;Gurobi;AUTOMATIC;18.3;_bash_5;_seed_177;4401.87;1;687.38;/dados/rmelo/PDPTW-SE/benchmark_multi_island_v5/official_experiments/multistartlp/official/set_01_pt_02/logs/heur_mslp/timelines/40R_40V_02I_05M/LR2_2_2_timeline_genconfig_mslp_seed_177.txt;1317.64;t2;0;6815.64;false
0.05;0.01;0.02;0.02;0.04;0.16;15;/dados/rmelo/PDPTW-SE/benchmark_multi_island_v5/official_experiments/multistartlp/official/set_01_pt_02/logs/heur_mslp/outputs/csvresults_heur_mslp_bash_5.csv;0;6;1;82;0;0.0;0.5;true;42;2;LR2_2_2_t2_40R_40V_02I_06M;/dados/rmelo/PDPTW-SE/benchmark_multi_island_v5/official_experiments/multistartlp/official/set_01_pt_02/configs/genconfig_mslp.conf;genconfig_mslp;/dados/rmelo/PDPTW-SE/benchmark_multi_island_v5/official_experiments/multistartlp/official/set_01_pt_02/logs/heur_mslp/gurobi/40R_40V_02I_06M/LR2_2_2_grb_genconfig_mslp_seed_177.log;random;40R_40V_02I_06M;1;0;1;/dados/rmelo/PDPTW-SE/benchmark_multi_island_v5/official_experiments/multistartlp/official/set_01_pt_02/../../../../instances/orig_ams_fg/40R_40V_02I_06M/t2/LR2_2_2/;60000;33900;0;9369.92;81;41;H;50;95;0;100.0;30.0;true;0.95;100.0;1.0;1.0;1.0;1.0;60;M;60000;60000;false;80;0.85;177.14;0.99;40;10;1000000;-1;3600;7.62;0.65;0.84;mslp;heur;0.35;0.49;-1;3600;60000;I;40;0.83;0.1;LR2_2_2;0;/dados/rmelo/PDPTW-SE/benchmark_multi_island_v5/official_experiments/multistartlp/official/set_01_pt_02/logs;0;0;0;0.0;100.0;1;177;/dados/rmelo/PDPTW-SE/benchmark_multi_island_v5/official_experiments/multistartlp/official/set_01_pt_02/logs/heur_mslp/solutions/40R_40V_02I_06M/LR2_2_2_sol_genconfig_mslp_seed_177.txt;Gurobi;AUTOMATIC;18.39;_bash_5;_seed_177;4570.37;1;793.91;/dados/rmelo/PDPTW-SE/benchmark_multi_island_v5/official_experiments/multistartlp/official/set_01_pt_02/logs/heur_mslp/timelines/40R_40V_02I_06M/LR2_2_2_timeline_genconfig_mslp_seed_177.txt;1401.43;t2;0;6633.1;false
0.05;0.01;0.02;0.02;0.01;0.05;7;/dados/rmelo/PDPTW-SE/benchmark_multi_island_v5/official_experiments/multistartlp/official/set_01_pt_02/logs/heur_mslp/outputs/csvresults_heur_mslp_bash_5.csv;0;5;1;82;0;0.0;0.5;true;42;2;LR2_2_3_t2_40R_40V_02I_05M;/dados/rmelo/PDPTW-SE/benchmark_multi_island_v5/official_experiments/multistartlp/official/set_01_pt_02/configs/genconfig_mslp.conf;genconfig_mslp;/dados/rmelo/PDPTW-SE/benchmark_multi_island_v5/official_experiments/multistartlp/official/set_01_pt_02/logs/heur_mslp/gurobi/40R_40V_02I_05M/LR2_2_3_grb_genconfig_mslp_seed_177.log;random;40R_40V_02I_05M;1;0;1;/dados/rmelo/PDPTW-SE/benchmark_multi_island_v5/official_experiments/multistartlp/official/set_01_pt_02/../../../../instances/orig_ams_fg/40R_40V_02I_06M/t2/LR2_2_3/;60000;53290;0;8054.21;81;41;H;50;95;0;100.0;30.0;true;0.95;100.0;1.0;1.0;1.0;1.0;60;M;60000;60000;false;72;0.81;183.89;1.0;36;10;1000000;-1;3600;3.84;0.75;1.0;mslp;heur;0.68;0.99;-1;3600;60000;I;40;0.6;0.08;LR2_2_3;0;/dados/rmelo/PDPTW-SE/benchmark_multi_island_v5/official_experiments/multistartlp/official/set_01_pt_02/logs;0;0;0;0.0;100.0;1;177;/dados/rmelo/PDPTW-SE/benchmark_multi_island_v5/official_experiments/multistartlp/official/set_01_pt_02/logs/heur_mslp/solutions/40R_40V_02I_05M/LR2_2_3_sol_genconfig_mslp_seed_177.txt;Gurobi;AUTOMATIC;18.02;_bash_5;_seed_177;2305.77;1;1606.16;/dados/rmelo/PDPTW-SE/benchmark_multi_island_v5/official_experiments/multistartlp/official/set_01_pt_02/logs/heur_mslp/timelines/40R_40V_02I_05M/LR2_2_3_timeline_genconfig_mslp_seed_177.txt;1808.2;t2;0;5740.2;false
0.05;0.0;0.01;0.02;0.04;0.01;7;/dados/rmelo/PDPTW-SE/benchmark_multi_island_v5/official_experiments/multistartlp/official/set_01_pt_02/logs/heur_mslp/outputs/csvresults_heur_mslp_bash_5.csv;0;6;1;82;0;0.0;0.5;true;42;2;LR2_2_3_t2_40R_40V_02I_06M;/dados/rmelo/PDPTW-SE/benchmark_multi_island_v5/official_experiments/multistartlp/official/set_01_pt_02/configs/genconfig_mslp.conf;genconfig_mslp;/dados/rmelo/PDPTW-SE/benchmark_multi_island_v5/official_experiments/multistartlp/official/set_01_pt_02/logs/heur_mslp/gurobi/40R_40V_02I_06M/LR2_2_3_grb_genconfig_mslp_seed_177.log;random;40R_40V_02I_06M;1;0;1;/dados/rmelo/PDPTW-SE/benchmark_multi_island_v5/official_experiments/multistartlp/official/set_01_pt_02/../../../../instances/orig_ams_fg/40R_40V_02I_06M/t2/LR2_2_3/;60000;32920;0;8054.21;81;41;H;50;95;0;100.0;30.0;true;0.95;100.0;1.0;1.0;1.0;1.0;60;M;60000;60000;false;72;0.85;183.89;0.98;36;10;1000000;-1;3600;4.02;0.57;0.81;mslp;heur;0.07;0.44;-1;3600;60000;I;40;0.83;0.1;LR2_2_3;0;/dados/rmelo/PDPTW-SE/benchmark_multi_island_v5/official_experiments/multistartlp/official/set_01_pt_02/logs;0;0;0;0.0;100.0;1;177;/dados/rmelo/PDPTW-SE/benchmark_multi_island_v5/official_experiments/multistartlp/official/set_01_pt_02/logs/heur_mslp/solutions/40R_40V_02I_06M/LR2_2_3_sol_genconfig_mslp_seed_177.txt;Gurobi;AUTOMATIC;18.32;_bash_5;_seed_177;2409.48;1;1084.65;/dados/rmelo/PDPTW-SE/benchmark_multi_island_v5/official_experiments/multistartlp/official/set_01_pt_02/logs/heur_mslp/timelines/40R_40V_02I_06M/LR2_2_3_timeline_genconfig_mslp_seed_177.txt;1971.1;t2;0;5805.21;false
0.05;0.0;0.01;0.01;0.0;0.0;10;/dados/rmelo/PDPTW-SE/benchmark_multi_island_v5/official_experiments/multistartlp/official/set_01_pt_02/logs/heur_mslp/outputs/csvresults_heur_mslp_bash_5.csv;0;5;1;82;0;0.0;0.5;true;42;2;LR2_2_4_t2_40R_40V_02I_05M;/dados/rmelo/PDPTW-SE/benchmark_multi_island_v5/official_experiments/multistartlp/official/set_01_pt_02/configs/genconfig_mslp.conf;genconfig_mslp;/dados/rmelo/PDPTW-SE/benchmark_multi_island_v5/official_experiments/multistartlp/official/set_01_pt_02/logs/heur_mslp/gurobi/40R_40V_02I_05M/LR2_2_4_grb_genconfig_mslp_seed_177.log;random;40R_40V_02I_05M;1;0;1;/dados/rmelo/PDPTW-SE/benchmark_multi_island_v5/official_experiments/multistartlp/official/set_01_pt_02/../../../../instances/orig_ams_fg/40R_40V_02I_06M/t2/LR2_2_4/;60000;47688;0;6318.04;81;41;H;50;95;0;100.0;30.0;true;0.95;100.0;1.0;1.0;1.0;1.0;60;M;59108;60000;false;78;0.85;166.17;1.0;39;10;1000000;-1;3600;1.86;0.8;1.0;mslp;heur;0.76;1.0;-1;3600;60000;I;40;0.6;0.05;LR2_2_4;0;/dados/rmelo/PDPTW-SE/benchmark_multi_island_v5/official_experiments/multistartlp/official/set_01_pt_02/logs;0;0;0;0.0;98.51;1;177;/dados/rmelo/PDPTW-SE/benchmark_multi_island_v5/official_experiments/multistartlp/official/set_01_pt_02/logs/heur_mslp/solutions/40R_40V_02I_05M/LR2_2_4_sol_genconfig_mslp_seed_177.txt;Gurobi;AUTOMATIC;18.13;_bash_5;_seed_177;1113.25;1;2532.21;/dados/rmelo/PDPTW-SE/benchmark_multi_island_v5/official_experiments/multistartlp/official/set_01_pt_02/logs/heur_mslp/timelines/40R_40V_02I_05M/LR2_2_4_timeline_genconfig_mslp_seed_177.txt;3187.94;t2;0;4062.39;false
0.05;0.0;0.01;0.01;0.0;0.0;10;/dados/rmelo/PDPTW-SE/benchmark_multi_island_v5/official_experiments/multistartlp/official/set_01_pt_02/logs/heur_mslp/outputs/csvresults_heur_mslp_bash_5.csv;0;6;1;82;0;0.0;0.5;true;42;2;LR2_2_4_t2_40R_40V_02I_06M;/dados/rmelo/PDPTW-SE/benchmark_multi_island_v5/official_experiments/multistartlp/official/set_01_pt_02/configs/genconfig_mslp.conf;genconfig_mslp;/dados/rmelo/PDPTW-SE/benchmark_multi_island_v5/official_experiments/multistartlp/official/set_01_pt_02/logs/heur_mslp/gurobi/40R_40V_02I_06M/LR2_2_4_grb_genconfig_mslp_seed_177.log;random;40R_40V_02I_06M;1;0;1;/dados/rmelo/PDPTW-SE/benchmark_multi_island_v5/official_experiments/multistartlp/official/set_01_pt_02/../../../../instances/orig_ams_fg/40R_40V_02I_06M/t2/LR2_2_4/;60000;47688;0;6318.04;81;41;H;50;95;0;100.0;30.0;true;0.95;100.0;1.0;1.0;1.0;1.0;60;M;59107;60000;false;78;0.85;166.17;1.0;39;10;1000000;-1;3600;1.85;0.8;1.0;mslp;heur;0.76;1.0;-1;3600;60000;I;40;0.5;0.05;LR2_2_4;0;/dados/rmelo/PDPTW-SE/benchmark_multi_island_v5/official_experiments/multistartlp/official/set_01_pt_02/logs;0;0;0;0.0;98.51;1;177;/dados/rmelo/PDPTW-SE/benchmark_multi_island_v5/official_experiments/multistartlp/official/set_01_pt_02/logs/heur_mslp/solutions/40R_40V_02I_06M/LR2_2_4_sol_genconfig_mslp_seed_177.txt;Gurobi;AUTOMATIC;18.04;_bash_5;_seed_177;1112.61;1;2671.99;/dados/rmelo/PDPTW-SE/benchmark_multi_island_v5/official_experiments/multistartlp/official/set_01_pt_02/logs/heur_mslp/timelines/40R_40V_02I_06M/LR2_2_4_timeline_genconfig_mslp_seed_177.txt;3361.21;t2;0;4062.39;false
0.05;0.02;0.04;0.05;0.02;0.15;9;/dados/rmelo/PDPTW-SE/benchmark_multi_island_v5/official_experiments/multistartlp/official/set_01_pt_02/logs/heur_mslp/outputs/csvresults_heur_mslp_bash_5.csv;0;5;1;82;0;0.0;0.5;true;42;2;LR2_2_5_t2_40R_40V_02I_05M;/dados/rmelo/PDPTW-SE/benchmark_multi_island_v5/official_experiments/multistartlp/official/set_01_pt_02/configs/genconfig_mslp.conf;genconfig_mslp;/dados/rmelo/PDPTW-SE/benchmark_multi_island_v5/official_experiments/multistartlp/official/set_01_pt_02/logs/heur_mslp/gurobi/40R_40V_02I_05M/LR2_2_5_grb_genconfig_mslp_seed_177.log;random;40R_40V_02I_05M;1;0;1;/dados/rmelo/PDPTW-SE/benchmark_multi_island_v5/official_experiments/multistartlp/official/set_01_pt_02/../../../../instances/orig_ams_fg/40R_40V_02I_06M/t2/LR2_2_5/;60000;35876;0;11068.14;81;41;H;50;95;0;100.0;30.0;true;0.95;100.0;1.0;1.0;1.0;1.0;60;M;60000;60000;false;80;0.88;178.56;1.0;40;10;1000000;-1;3600;9.76;0.74;0.99;mslp;heur;0.67;0.98;-1;3600;60000;I;40;0.6;0.1;LR2_2_5;0;/dados/rmelo/PDPTW-SE/benchmark_multi_island_v5/official_experiments/multistartlp/official/set_01_pt_02/logs;0;0;0;0.0;100.0;1;177;/dados/rmelo/PDPTW-SE/benchmark_multi_island_v5/official_experiments/multistartlp/official/set_01_pt_02/logs/heur_mslp/solutions/40R_40V_02I_05M/LR2_2_5_sol_genconfig_mslp_seed_177.txt;Gurobi;AUTOMATIC;18.08;_bash_5;_seed_177;5858.27;1;703.07;/dados/rmelo/PDPTW-SE/benchmark_multi_island_v5/official_experiments/multistartlp/official/set_01_pt_02/logs/heur_mslp/timelines/40R_40V_02I_05M/LR2_2_5_timeline_genconfig_mslp_seed_177.txt;1172.56;t2;0;7543.39;false
0.05;0.02;0.04;0.05;0.02;0.15;9;/dados/rmelo/PDPTW-SE/benchmark_multi_island_v5/official_experiments/multistartlp/official/set_01_pt_02/logs/heur_mslp/outputs/csvresults_heur_mslp_bash_5.csv;0;6;1;82;0;0.0;0.5;true;42;2;LR2_2_5_t2_40R_40V_02I_06M;/dados/rmelo/PDPTW-SE/benchmark_multi_island_v5/official_experiments/multistartlp/official/set_01_pt_02/configs/genconfig_mslp.conf;genconfig_mslp;/dados/rmelo/PDPTW-SE/benchmark_multi_island_v5/official_experiments/multistartlp/official/set_01_pt_02/logs/heur_mslp/gurobi/40R_40V_02I_06M/LR2_2_5_grb_genconfig_mslp_seed_177.log;random;40R_40V_02I_06M;1;0;1;/dados/rmelo/PDPTW-SE/benchmark_multi_island_v5/official_experiments/multistartlp/official/set_01_pt_02/../../../../instances/orig_ams_fg/40R_40V_02I_06M/t2/LR2_2_5/;60000;35876;0;11068.14;81;41;H;50;95;0;100.0;30.0;true;0.95;100.0;1.0;1.0;1.0;1.0;60;M;60000;60000;false;80;0.88;178.56;1.0;40;10;1000000;-1;3600;9.76;0.74;0.99;mslp;heur;0.67;0.98;-1;3600;60000;I;40;0.5;0.1;LR2_2_5;0;/dados/rmelo/PDPTW-SE/benchmark_multi_island_v5/official_experiments/multistartlp/official/set_01_pt_02/logs;0;0;0;0.0;100.0;1;177;/dados/rmelo/PDPTW-SE/benchmark_multi_island_v5/official_experiments/multistartlp/official/set_01_pt_02/logs/heur_mslp/solutions/40R_40V_02I_06M/LR2_2_5_sol_genconfig_mslp_seed_177.txt;Gurobi;AUTOMATIC;18.41;_bash_5;_seed_177;5858.4;1;759.8;/dados/rmelo/PDPTW-SE/benchmark_multi_island_v5/official_experiments/multistartlp/official/set_01_pt_02/logs/heur_mslp/timelines/40R_40V_02I_06M/LR2_2_5_timeline_genconfig_mslp_seed_177.txt;1268.01;t2;0;7543.39;false
0.05;0.08;0.16;0.24;0.04;0.43;0;/dados/rmelo/PDPTW-SE/benchmark_multi_island_v5/official_experiments/multistartlp/official/set_01_pt_02/logs/heur_mslp/outputs/csvresults_heur_mslp_bash_5.csv;0;5;1;82;0;0.0;0.5;false;42;2;LR1_2_1_t1_40R_40V_04I_05M;/dados/rmelo/PDPTW-SE/benchmark_multi_island_v5/official_experiments/multistartlp/official/set_01_pt_02/configs/genconfig_mslp.conf;genconfig_mslp;/dados/rmelo/PDPTW-SE/benchmark_multi_island_v5/official_experiments/multistartlp/official/set_01_pt_02/logs/heur_mslp/gurobi/40R_40V_04I_05M/LR1_2_1_grb_genconfig_mslp_seed_177.log;random;40R_40V_04I_05M;1;60000;1;/dados/rmelo/PDPTW-SE/benchmark_multi_island_v5/official_experiments/multistartlp/official/set_01_pt_02/../../../../instances/orig_ams_fg/40R_40V_04I_06M/t1/LR1_2_1/;60000;0;0;0.0;81;41;H;50;95;0;100.0;30.0;true;0.95;100.0;1.0;1.0;1.0;1.0;60;M;0;0;false;78;0.97;183.87;0.91;39;10;1000000;-1;3600;0.0;0.76;0.47;mslp;heur;0.6;0.13;-1;3600;60000;I;40;1.0;0.25;LR1_2_1;0;/dados/rmelo/PDPTW-SE/benchmark_multi_island_v5/official_experiments/multistartlp/official/set_01_pt_02/logs;0;0;0;100.0;0.0;1;177;/dados/rmelo/PDPTW-SE/benchmark_multi_island_v5/official_experiments/multistartlp/official/set_01_pt_02/logs/heur_mslp/solutions/40R_40V_04I_05M/LR1_2_1_sol_genconfig_mslp_seed_177.txt;Gurobi;AUTOMATIC;18.25;_bash_5;_seed_177;0.0;1;0.0;/dados/rmelo/PDPTW-SE/benchmark_multi_island_v5/official_experiments/multistartlp/official/set_01_pt_02/logs/heur_mslp/timelines/40R_40V_04I_05M/LR1_2_1_timeline_genconfig_mslp_seed_177.txt;112.09;t1;0;Inf;false
0.05;0.18;0.26;0.44;0.03;0.28;3;/dados/rmelo/PDPTW-SE/benchmark_multi_island_v5/official_experiments/multistartlp/official/set_01_pt_02/logs/heur_mslp/outputs/csvresults_heur_mslp_bash_5.csv;0;6;1;82;0;0.0;0.5;true;42;2;LR1_2_1_t1_40R_40V_04I_06M;/dados/rmelo/PDPTW-SE/benchmark_multi_island_v5/official_experiments/multistartlp/official/set_01_pt_02/configs/genconfig_mslp.conf;genconfig_mslp;/dados/rmelo/PDPTW-SE/benchmark_multi_island_v5/official_experiments/multistartlp/official/set_01_pt_02/logs/heur_mslp/gurobi/40R_40V_04I_06M/LR1_2_1_grb_genconfig_mslp_seed_177.log;random;40R_40V_04I_06M;1;59987;1;/dados/rmelo/PDPTW-SE/benchmark_multi_island_v5/official_experiments/multistartlp/official/set_01_pt_02/../../../../instances/orig_ams_fg/40R_40V_04I_06M/t1/LR1_2_1/;60000;41482;0;8783.47;81;41;H;50;95;0;100.0;30.0;true;0.95;100.0;1.0;1.0;1.0;1.0;60;M;13;13;false;78;0.98;183.87;0.97;39;10;1000000;-1;3600;8.09;0.74;0.56;mslp;heur;0.51;0.14;-1;3600;60000;I;40;1.0;0.4;LR1_2_1;0;/dados/rmelo/PDPTW-SE/benchmark_multi_island_v5/official_experiments/multistartlp/official/set_01_pt_02/logs;0;0;0;99.98;100.0;1;177;/dados/rmelo/PDPTW-SE/benchmark_multi_island_v5/official_experiments/multistartlp/official/set_01_pt_02/logs/heur_mslp/solutions/40R_40V_04I_06M/LR1_2_1_sol_genconfig_mslp_seed_177.txt;Gurobi;AUTOMATIC;18.16;_bash_5;_seed_177;1.05;1;117.02;/dados/rmelo/PDPTW-SE/benchmark_multi_island_v5/official_experiments/multistartlp/official/set_01_pt_02/logs/heur_mslp/timelines/40R_40V_04I_06M/LR1_2_1_timeline_genconfig_mslp_seed_177.txt;169.15;t1;0;7614.14;false
0.05;0.08;0.16;0.23;0.04;0.36;0;/dados/rmelo/PDPTW-SE/benchmark_multi_island_v5/official_experiments/multistartlp/official/set_01_pt_02/logs/heur_mslp/outputs/csvresults_heur_mslp_bash_5.csv;0;5;1;82;0;0.0;0.5;false;42;2;LR1_2_2_t1_40R_40V_04I_05M;/dados/rmelo/PDPTW-SE/benchmark_multi_island_v5/official_experiments/multistartlp/official/set_01_pt_02/configs/genconfig_mslp.conf;genconfig_mslp;/dados/rmelo/PDPTW-SE/benchmark_multi_island_v5/official_experiments/multistartlp/official/set_01_pt_02/logs/heur_mslp/gurobi/40R_40V_04I_05M/LR1_2_2_grb_genconfig_mslp_seed_177.log;random;40R_40V_04I_05M;1;60000;1;/dados/rmelo/PDPTW-SE/benchmark_multi_island_v5/official_experiments/multistartlp/official/set_01_pt_02/../../../../instances/orig_ams_fg/40R_40V_04I_06M/t1/LR1_2_2/;60000;0;0;0.0;81;41;H;50;95;0;100.0;30.0;true;0.95;100.0;1.0;1.0;1.0;1.0;60;M;0;0;false;78;0.86;181.11;0.91;39;10;1000000;-1;3600;0.0;0.68;0.48;mslp;heur;0.36;0.1;-1;3600;60000;I;40;1.0;0.25;LR1_2_2;0;/dados/rmelo/PDPTW-SE/benchmark_multi_island_v5/official_experiments/multistartlp/official/set_01_pt_02/logs;0;0;0;100.0;0.0;1;177;/dados/rmelo/PDPTW-SE/benchmark_multi_island_v5/official_experiments/multistartlp/official/set_01_pt_02/logs/heur_mslp/solutions/40R_40V_04I_05M/LR1_2_2_sol_genconfig_mslp_seed_177.txt;Gurobi;AUTOMATIC;18.14;_bash_5;_seed_177;0.0;1;0.0;/dados/rmelo/PDPTW-SE/benchmark_multi_island_v5/official_experiments/multistartlp/official/set_01_pt_02/logs/heur_mslp/timelines/40R_40V_04I_05M/LR1_2_2_timeline_genconfig_mslp_seed_177.txt;123.37;t1;0;Inf;false
0.05;0.13;0.22;0.35;0.03;0.19;1;/dados/rmelo/PDPTW-SE/benchmark_multi_island_v5/official_experiments/multistartlp/official/set_01_pt_02/logs/heur_mslp/outputs/csvresults_heur_mslp_bash_5.csv;0;6;1;82;0;0.0;0.5;true;42;2;LR1_2_2_t1_40R_40V_04I_06M;/dados/rmelo/PDPTW-SE/benchmark_multi_island_v5/official_experiments/multistartlp/official/set_01_pt_02/configs/genconfig_mslp.conf;genconfig_mslp;/dados/rmelo/PDPTW-SE/benchmark_multi_island_v5/official_experiments/multistartlp/official/set_01_pt_02/logs/heur_mslp/gurobi/40R_40V_04I_06M/LR1_2_2_grb_genconfig_mslp_seed_177.log;random;40R_40V_04I_06M;1;59997;1;/dados/rmelo/PDPTW-SE/benchmark_multi_island_v5/official_experiments/multistartlp/official/set_01_pt_02/../../../../instances/orig_ams_fg/40R_40V_04I_06M/t1/LR1_2_2/;60000;30257;0;7891.82;81;41;H;50;95;0;100.0;30.0;true;0.95;100.0;1.0;1.0;1.0;1.0;60;M;3;3;false;78;0.91;181.11;0.94;39;10;1000000;-1;3600;8.07;0.67;0.59;mslp;heur;0.32;0.13;-1;3600;60000;I;40;1.0;0.38;LR1_2_2;0;/dados/rmelo/PDPTW-SE/benchmark_multi_island_v5/official_experiments/multistartlp/official/set_01_pt_02/logs;0;0;0;100.0;100.0;1;177;/dados/rmelo/PDPTW-SE/benchmark_multi_island_v5/official_experiments/multistartlp/official/set_01_pt_02/logs/heur_mslp/solutions/40R_40V_04I_06M/LR1_2_2_sol_genconfig_mslp_seed_177.txt;Gurobi;AUTOMATIC;18.32;_bash_5;_seed_177;0.24;1;82.37;/dados/rmelo/PDPTW-SE/benchmark_multi_island_v5/official_experiments/multistartlp/official/set_01_pt_02/logs/heur_mslp/timelines/40R_40V_04I_06M/LR1_2_2_timeline_genconfig_mslp_seed_177.txt;163.58;t1;0;6344.41;false
0.05;0.14;0.23;0.38;0.02;0.05;9;/dados/rmelo/PDPTW-SE/benchmark_multi_island_v5/official_experiments/multistartlp/official/set_01_pt_02/logs/heur_mslp/outputs/csvresults_heur_mslp_bash_5.csv;0;5;1;82;0;0.0;0.5;true;42;2;LR1_2_3_t1_40R_40V_04I_05M;/dados/rmelo/PDPTW-SE/benchmark_multi_island_v5/official_experiments/multistartlp/official/set_01_pt_02/configs/genconfig_mslp.conf;genconfig_mslp;/dados/rmelo/PDPTW-SE/benchmark_multi_island_v5/official_experiments/multistartlp/official/set_01_pt_02/logs/heur_mslp/gurobi/40R_40V_04I_05M/LR1_2_3_grb_genconfig_mslp_seed_177.log;random;40R_40V_04I_05M;1;59660;1;/dados/rmelo/PDPTW-SE/benchmark_multi_island_v5/official_experiments/multistartlp/official/set_01_pt_02/../../../../instances/orig_ams_fg/40R_40V_04I_06M/t1/LR1_2_3/;60000;35339;0;4990.68;81;41;H;50;95;0;100.0;30.0;true;0.95;100.0;1.0;1.0;1.0;1.0;60;M;340;340;false;86;0.89;184.4;1.0;43;10;1000000;-1;3600;6.22;0.73;0.59;mslp;heur;0.57;0.36;-1;3600;60000;I;40;1.0;0.25;LR1_2_3;0;/dados/rmelo/PDPTW-SE/benchmark_multi_island_v5/official_experiments/multistartlp/official/set_01_pt_02/logs;0;0;0;99.43;100.0;1;177;/dados/rmelo/PDPTW-SE/benchmark_multi_island_v5/official_experiments/multistartlp/official/set_01_pt_02/logs/heur_mslp/solutions/40R_40V_04I_05M/LR1_2_3_sol_genconfig_mslp_seed_177.txt;Gurobi;AUTOMATIC;17.96;_bash_5;_seed_177;21.14;1;161.25;/dados/rmelo/PDPTW-SE/benchmark_multi_island_v5/official_experiments/multistartlp/official/set_01_pt_02/logs/heur_mslp/timelines/40R_40V_04I_05M/LR1_2_3_timeline_genconfig_mslp_seed_177.txt;273.29;t1;0;4609.94;false
0.05;0.08;0.16;0.24;0.03;0.1;7;/dados/rmelo/PDPTW-SE/benchmark_multi_island_v5/official_experiments/multistartlp/official/set_01_pt_02/logs/heur_mslp/outputs/csvresults_heur_mslp_bash_5.csv;0;6;1;82;0;0.0;0.5;true;42;2;LR1_2_3_t1_40R_40V_04I_06M;/dados/rmelo/PDPTW-SE/benchmark_multi_island_v5/official_experiments/multistartlp/official/set_01_pt_02/configs/genconfig_mslp.conf;genconfig_mslp;/dados/rmelo/PDPTW-SE/benchmark_multi_island_v5/official_experiments/multistartlp/official/set_01_pt_02/logs/heur_mslp/gurobi/40R_40V_04I_06M/LR1_2_3_grb_genconfig_mslp_seed_177.log;random;40R_40V_04I_06M;1;58656;1;/dados/rmelo/PDPTW-SE/benchmark_multi_island_v5/official_experiments/multistartlp/official/set_01_pt_02/../../../../instances/orig_ams_fg/40R_40V_04I_06M/t1/LR1_2_3/;60000;47796;0;6212.88;81;41;H;50;95;0;100.0;30.0;true;0.95;100.0;1.0;1.0;1.0;1.0;60;M;1344;1344;false;86;0.81;184.2;0.98;43;10;1000000;-1;3600;5.27;0.7;0.68;mslp;heur;0.6;0.37;-1;3600;60000;I;40;1.0;0.25;LR1_2_3;0;/dados/rmelo/PDPTW-SE/benchmark_multi_island_v5/official_experiments/multistartlp/official/set_01_pt_02/logs;0;0;0;97.76;100.0;1;177;/dados/rmelo/PDPTW-SE/benchmark_multi_island_v5/official_experiments/multistartlp/official/set_01_pt_02/logs/heur_mslp/solutions/40R_40V_04I_06M/LR1_2_3_sol_genconfig_mslp_seed_177.txt;Gurobi;AUTOMATIC;18.0;_bash_5;_seed_177;70.86;1;287.07;/dados/rmelo/PDPTW-SE/benchmark_multi_island_v5/official_experiments/multistartlp/official/set_01_pt_02/logs/heur_mslp/timelines/40R_40V_04I_06M/LR1_2_3_timeline_genconfig_mslp_seed_177.txt;360.63;t1;0;4456.08;false
0.05;0.07;0.13;0.2;0.01;0.01;10;/dados/rmelo/PDPTW-SE/benchmark_multi_island_v5/official_experiments/multistartlp/official/set_01_pt_02/logs/heur_mslp/outputs/csvresults_heur_mslp_bash_5.csv;0;5;1;82;0;0.0;0.5;true;42;2;LR1_2_4_t1_40R_40V_04I_05M;/dados/rmelo/PDPTW-SE/benchmark_multi_island_v5/official_experiments/multistartlp/official/set_01_pt_02/configs/genconfig_mslp.conf;genconfig_mslp;/dados/rmelo/PDPTW-SE/benchmark_multi_island_v5/official_experiments/multistartlp/official/set_01_pt_02/logs/heur_mslp/gurobi/40R_40V_04I_05M/LR1_2_4_grb_genconfig_mslp_seed_177.log;random;40R_40V_04I_05M;1;53212;1;/dados/rmelo/PDPTW-SE/benchmark_multi_island_v5/official_experiments/multistartlp/official/set_01_pt_02/../../../../instances/orig_ams_fg/40R_40V_04I_06M/t1/LR1_2_4/;60000;22798;0;4127.02;81;41;H;50;95;0;100.0;30.0;true;0.95;100.0;1.0;1.0;1.0;1.0;60;M;6788;6788;false;86;0.9;182.11;1.0;43;10;1000000;-1;3600;3.72;0.73;0.71;mslp;heur;0.36;0.51;-1;3600;60000;I;40;1.0;0.2;LR1_2_4;0;/dados/rmelo/PDPTW-SE/benchmark_multi_island_v5/official_experiments/multistartlp/official/set_01_pt_02/logs;0;0;0;88.69;100.0;1;177;/dados/rmelo/PDPTW-SE/benchmark_multi_island_v5/official_experiments/multistartlp/official/set_01_pt_02/logs/heur_mslp/solutions/40R_40V_04I_05M/LR1_2_4_sol_genconfig_mslp_seed_177.txt;Gurobi;AUTOMATIC;17.8;_bash_5;_seed_177;252.41;1;270.13;/dados/rmelo/PDPTW-SE/benchmark_multi_island_v5/official_experiments/multistartlp/official/set_01_pt_02/logs/heur_mslp/timelines/40R_40V_04I_05M/LR1_2_4_timeline_genconfig_mslp_seed_177.txt;711.73;t1;0;3714.33;false
0.05;0.08;0.12;0.2;0.0;0.02;9;/dados/rmelo/PDPTW-SE/benchmark_multi_island_v5/official_experiments/multistartlp/official/set_01_pt_02/logs/heur_mslp/outputs/csvresults_heur_mslp_bash_5.csv;0;6;1;82;0;0.0;0.5;true;42;2;LR1_2_4_t1_40R_40V_04I_06M;/dados/rmelo/PDPTW-SE/benchmark_multi_island_v5/official_experiments/multistartlp/official/set_01_pt_02/configs/genconfig_mslp.conf;genconfig_mslp;/dados/rmelo/PDPTW-SE/benchmark_multi_island_v5/official_experiments/multistartlp/official/set_01_pt_02/logs/heur_mslp/gurobi/40R_40V_04I_06M/LR1_2_4_grb_genconfig_mslp_seed_177.log;random;40R_40V_04I_06M;1;47073;1;/dados/rmelo/PDPTW-SE/benchmark_multi_island_v5/official_experiments/multistartlp/official/set_01_pt_02/../../../../instances/orig_ams_fg/40R_40V_04I_06M/t1/LR1_2_4/;60000;31238;0;5017.77;81;41;H;50;95;0;100.0;30.0;true;0.95;100.0;1.0;1.0;1.0;1.0;60;M;12927;12927;false;86;0.95;181.5;0.99;43;10;1000000;-1;3600;3.11;0.72;0.59;mslp;heur;0.29;0.14;-1;3600;60000;I;40;1.0;0.2;LR1_2_4;0;/dados/rmelo/PDPTW-SE/benchmark_multi_island_v5/official_experiments/multistartlp/official/set_01_pt_02/logs;0;0;0;78.46;100.0;1;177;/dados/rmelo/PDPTW-SE/benchmark_multi_island_v5/official_experiments/multistartlp/official/set_01_pt_02/logs/heur_mslp/solutions/40R_40V_04I_06M/LR1_2_4_sol_genconfig_mslp_seed_177.txt;Gurobi;AUTOMATIC;18.06;_bash_5;_seed_177;401.57;1;474.02;/dados/rmelo/PDPTW-SE/benchmark_multi_island_v5/official_experiments/multistartlp/official/set_01_pt_02/logs/heur_mslp/timelines/40R_40V_04I_06M/LR1_2_4_timeline_genconfig_mslp_seed_177.txt;911.91;t1;0;3657.37;false
0.05;0.17;0.2;0.36;0.01;0.19;2;/dados/rmelo/PDPTW-SE/benchmark_multi_island_v5/official_experiments/multistartlp/official/set_01_pt_02/logs/heur_mslp/outputs/csvresults_heur_mslp_bash_5.csv;0;5;1;82;0;0.0;0.5;true;42;2;LR1_2_5_t1_40R_40V_04I_05M;/dados/rmelo/PDPTW-SE/benchmark_multi_island_v5/official_experiments/multistartlp/official/set_01_pt_02/configs/genconfig_mslp.conf;genconfig_mslp;/dados/rmelo/PDPTW-SE/benchmark_multi_island_v5/official_experiments/multistartlp/official/set_01_pt_02/logs/heur_mslp/gurobi/40R_40V_04I_05M/LR1_2_5_grb_genconfig_mslp_seed_177.log;random;40R_40V_04I_05M;1;59988;1;/dados/rmelo/PDPTW-SE/benchmark_multi_island_v5/official_experiments/multistartlp/official/set_01_pt_02/../../../../instances/orig_ams_fg/40R_40V_04I_06M/t1/LR1_2_5/;60000;21542;0;7078.02;81;41;H;50;95;0;100.0;30.0;true;0.95;100.0;1.0;1.0;1.0;1.0;60;M;12;12;false;86;0.95;181.84;0.76;43;10;1000000;-1;3600;9.29;0.73;0.56;mslp;heur;0.2;0.12;-1;3600;60000;I;40;1.0;0.3;LR1_2_5;0;/dados/rmelo/PDPTW-SE/benchmark_multi_island_v5/official_experiments/multistartlp/official/set_01_pt_02/logs;0;0;0;99.98;100.0;1;177;/dados/rmelo/PDPTW-SE/benchmark_multi_island_v5/official_experiments/multistartlp/official/set_01_pt_02/logs/heur_mslp/solutions/40R_40V_04I_05M/LR1_2_5_sol_genconfig_mslp_seed_177.txt;Gurobi;AUTOMATIC;17.98;_bash_5;_seed_177;1.11;1;75.63;/dados/rmelo/PDPTW-SE/benchmark_multi_island_v5/official_experiments/multistartlp/official/set_01_pt_02/logs/heur_mslp/timelines/40R_40V_04I_05M/LR1_2_5_timeline_genconfig_mslp_seed_177.txt;211.1;t1;0;5576.16;false
0.05;0.09;0.17;0.26;0.0;0.12;5;/dados/rmelo/PDPTW-SE/benchmark_multi_island_v5/official_experiments/multistartlp/official/set_01_pt_02/logs/heur_mslp/outputs/csvresults_heur_mslp_bash_5.csv;0;6;1;82;0;0.0;0.5;true;42;2;LR1_2_5_t1_40R_40V_04I_06M;/dados/rmelo/PDPTW-SE/benchmark_multi_island_v5/official_experiments/multistartlp/official/set_01_pt_02/configs/genconfig_mslp.conf;genconfig_mslp;/dados/rmelo/PDPTW-SE/benchmark_multi_island_v5/official_experiments/multistartlp/official/set_01_pt_02/logs/heur_mslp/gurobi/40R_40V_04I_06M/LR1_2_5_grb_genconfig_mslp_seed_177.log;random;40R_40V_04I_06M;1;59448;1;/dados/rmelo/PDPTW-SE/benchmark_multi_island_v5/official_experiments/multistartlp/official/set_01_pt_02/../../../../instances/orig_ams_fg/40R_40V_04I_06M/t1/LR1_2_5/;60000;58251;0;6860.87;81;41;H;50;95;0;100.0;30.0;true;0.95;100.0;1.0;1.0;1.0;1.0;60;M;552;552;false;86;0.93;180.73;0.92;43;10;1000000;-1;3600;8.63;0.74;0.6;mslp;heur;0.23;0.42;-1;3600;60000;I;40;1.0;0.28;LR1_2_5;0;/dados/rmelo/PDPTW-SE/benchmark_multi_island_v5/official_experiments/multistartlp/official/set_01_pt_02/logs;0;0;0;99.08;100.0;1;177;/dados/rmelo/PDPTW-SE/benchmark_multi_island_v5/official_experiments/multistartlp/official/set_01_pt_02/logs/heur_mslp/solutions/40R_40V_04I_06M/LR1_2_5_sol_genconfig_mslp_seed_177.txt;Gurobi;AUTOMATIC;17.91;_bash_5;_seed_177;47.66;1;297.29;/dados/rmelo/PDPTW-SE/benchmark_multi_island_v5/official_experiments/multistartlp/official/set_01_pt_02/logs/heur_mslp/timelines/40R_40V_04I_06M/LR1_2_5_timeline_genconfig_mslp_seed_177.txt;306.31;t1;0;5136.61;false
0.05;0.04;0.09;0.13;0.06;0.16;10;/dados/rmelo/PDPTW-SE/benchmark_multi_island_v5/official_experiments/multistartlp/official/set_01_pt_02/logs/heur_mslp/outputs/csvresults_heur_mslp_bash_5.csv;0;5;1;82;0;0.0;0.5;true;42;2;LR2_2_1_t2_40R_40V_04I_05M;/dados/rmelo/PDPTW-SE/benchmark_multi_island_v5/official_experiments/multistartlp/official/set_01_pt_02/configs/genconfig_mslp.conf;genconfig_mslp;/dados/rmelo/PDPTW-SE/benchmark_multi_island_v5/official_experiments/multistartlp/official/set_01_pt_02/logs/heur_mslp/gurobi/40R_40V_04I_05M/LR2_2_1_grb_genconfig_mslp_seed_177.log;random;40R_40V_04I_05M;1;0;1;/dados/rmelo/PDPTW-SE/benchmark_multi_island_v5/official_experiments/multistartlp/official/set_01_pt_02/../../../../instances/orig_ams_fg/40R_40V_04I_06M/t2/LR2_2_1/;60000;38800;0;10795.44;81;41;H;50;95;0;100.0;30.0;true;0.95;100.0;1.0;1.0;1.0;1.0;60;M;60000;60000;false;80;0.92;180.09;1.0;40;10;1000000;-1;3600;6.08;0.62;0.95;mslp;heur;0.26;0.81;-1;3600;60000;I;40;1.0;0.12;LR2_2_1;0;/dados/rmelo/PDPTW-SE/benchmark_multi_island_v5/official_experiments/multistartlp/official/set_01_pt_02/logs;0;0;0;0.0;100.0;1;177;/dados/rmelo/PDPTW-SE/benchmark_multi_island_v5/official_experiments/multistartlp/official/set_01_pt_02/logs/heur_mslp/solutions/40R_40V_04I_05M/LR2_2_1_sol_genconfig_mslp_seed_177.txt;Gurobi;AUTOMATIC;18.02;_bash_5;_seed_177;3646.64;1;886.25;/dados/rmelo/PDPTW-SE/benchmark_multi_island_v5/official_experiments/multistartlp/official/set_01_pt_02/logs/heur_mslp/timelines/40R_40V_04I_05M/LR2_2_1_timeline_genconfig_mslp_seed_177.txt;1369.08;t2;0;7914.12;false
0.05;0.03;0.08;0.11;0.06;0.16;11;/dados/rmelo/PDPTW-SE/benchmark_multi_island_v5/official_experiments/multistartlp/official/set_01_pt_02/logs/heur_mslp/outputs/csvresults_heur_mslp_bash_5.csv;0;6;1;82;0;0.0;0.5;true;42;2;LR2_2_1_t2_40R_40V_04I_06M;/dados/rmelo/PDPTW-SE/benchmark_multi_island_v5/official_experiments/multistartlp/official/set_01_pt_02/configs/genconfig_mslp.conf;genconfig_mslp;/dados/rmelo/PDPTW-SE/benchmark_multi_island_v5/official_experiments/multistartlp/official/set_01_pt_02/logs/heur_mslp/gurobi/40R_40V_04I_06M/LR2_2_1_grb_genconfig_mslp_seed_177.log;random;40R_40V_04I_06M;1;0;1;/dados/rmelo/PDPTW-SE/benchmark_multi_island_v5/official_experiments/multistartlp/official/set_01_pt_02/../../../../instances/orig_ams_fg/40R_40V_04I_06M/t2/LR2_2_1/;60000;38800;0;10788.48;81;41;H;50;95;0;100.0;30.0;true;0.95;100.0;1.0;1.0;1.0;1.0;60;M;60000;60000;false;80;0.91;180.09;1.0;40;10;1000000;-1;3600;6.34;0.63;0.95;mslp;heur;0.25;0.81;-1;3600;60000;I;40;1.0;0.12;LR2_2_1;0;/dados/rmelo/PDPTW-SE/benchmark_multi_island_v5/official_experiments/multistartlp/official/set_01_pt_02/logs;0;0;0;0.0;100.0;1;177;/dados/rmelo/PDPTW-SE/benchmark_multi_island_v5/official_experiments/multistartlp/official/set_01_pt_02/logs/heur_mslp/solutions/40R_40V_04I_06M/LR2_2_1_sol_genconfig_mslp_seed_177.txt;Gurobi;AUTOMATIC;18.17;_bash_5;_seed_177;3806.66;1;955.78;/dados/rmelo/PDPTW-SE/benchmark_multi_island_v5/official_experiments/multistartlp/official/set_01_pt_02/logs/heur_mslp/timelines/40R_40V_04I_06M/LR2_2_1_timeline_genconfig_mslp_seed_177.txt;1476.53;t2;0;8000.06;false
0.05;0.06;0.1;0.16;0.07;0.11;9;/dados/rmelo/PDPTW-SE/benchmark_multi_island_v5/official_experiments/multistartlp/official/set_01_pt_02/logs/heur_mslp/outputs/csvresults_heur_mslp_bash_5.csv;0;5;1;82;0;0.0;0.5;true;42;2;LR2_2_2_t2_40R_40V_04I_05M;/dados/rmelo/PDPTW-SE/benchmark_multi_island_v5/official_experiments/multistartlp/official/set_01_pt_02/configs/genconfig_mslp.conf;genconfig_mslp;/dados/rmelo/PDPTW-SE/benchmark_multi_island_v5/official_experiments/multistartlp/official/set_01_pt_02/logs/heur_mslp/gurobi/40R_40V_04I_05M/LR2_2_2_grb_genconfig_mslp_seed_177.log;random;40R_40V_04I_05M;1;19880;1;/dados/rmelo/PDPTW-SE/benchmark_multi_island_v5/official_experiments/multistartlp/official/set_01_pt_02/../../../../instances/orig_ams_fg/40R_40V_04I_06M/t2/LR2_2_2/;60000;7444;0;10852.58;81;41;H;50;95;0;100.0;30.0;true;0.95;100.0;1.0;1.0;1.0;1.0;60;M;40120;40120;false;80;0.82;182.2;0.99;40;10;1000000;-1;3600;6.73;0.67;0.9;mslp;heur;0.57;0.8;-1;3600;60000;I;40;1.0;0.1;LR2_2_2;0;/dados/rmelo/PDPTW-SE/benchmark_multi_island_v5/official_experiments/multistartlp/official/set_01_pt_02/logs;0;0;0;33.13;100.0;1;177;/dados/rmelo/PDPTW-SE/benchmark_multi_island_v5/official_experiments/multistartlp/official/set_01_pt_02/logs/heur_mslp/solutions/40R_40V_04I_05M/LR2_2_2_sol_genconfig_mslp_seed_177.txt;Gurobi;AUTOMATIC;17.98;_bash_5;_seed_177;2698.75;1;184.47;/dados/rmelo/PDPTW-SE/benchmark_multi_island_v5/official_experiments/multistartlp/official/set_01_pt_02/logs/heur_mslp/timelines/40R_40V_04I_05M/LR2_2_2_timeline_genconfig_mslp_seed_177.txt;1482.45;t2;0;6832.96;false
0.05;0.04;0.07;0.1;0.02;0.04;10;/dados/rmelo/PDPTW-SE/benchmark_multi_island_v5/official_experiments/multistartlp/official/set_01_pt_02/logs/heur_mslp/outputs/csvresults_heur_mslp_bash_5.csv;0;6;1;82;0;0.0;0.5;true;42;2;LR2_2_2_t2_40R_40V_04I_06M;/dados/rmelo/PDPTW-SE/benchmark_multi_island_v5/official_experiments/multistartlp/official/set_01_pt_02/configs/genconfig_mslp.conf;genconfig_mslp;/dados/rmelo/PDPTW-SE/benchmark_multi_island_v5/official_experiments/multistartlp/official/set_01_pt_02/logs/heur_mslp/gurobi/40R_40V_04I_06M/LR2_2_2_grb_genconfig_mslp_seed_177.log;random;40R_40V_04I_06M;1;1972;1;/dados/rmelo/PDPTW-SE/benchmark_multi_island_v5/official_experiments/multistartlp/official/set_01_pt_02/../../../../instances/orig_ams_fg/40R_40V_04I_06M/t2/LR2_2_2/;60000;22865;0;9407.59;81;41;H;50;95;0;100.0;30.0;true;0.95;100.0;1.0;1.0;1.0;1.0;60;M;58028;58028;false;80;0.83;182.2;0.99;40;10;1000000;-1;3600;7.25;0.52;0.75;mslp;heur;0.07;0.09;-1;3600;60000;I;40;1.0;0.12;LR2_2_2;0;/dados/rmelo/PDPTW-SE/benchmark_multi_island_v5/official_experiments/multistartlp/official/set_01_pt_02/logs;0;0;0;3.29;100.0;1;177;/dados/rmelo/PDPTW-SE/benchmark_multi_island_v5/official_experiments/multistartlp/official/set_01_pt_02/logs/heur_mslp/solutions/40R_40V_04I_06M/LR2_2_2_sol_genconfig_mslp_seed_177.txt;Gurobi;AUTOMATIC;18.05;_bash_5;_seed_177;4204.95;1;739.29;/dados/rmelo/PDPTW-SE/benchmark_multi_island_v5/official_experiments/multistartlp/official/set_01_pt_02/logs/heur_mslp/timelines/40R_40V_04I_06M/LR2_2_2_timeline_genconfig_mslp_seed_177.txt;1932.13;t2;0;6566.57;false
0.05;0.04;0.07;0.11;0.0;0.0;18;/dados/rmelo/PDPTW-SE/benchmark_multi_island_v5/official_experiments/multistartlp/official/set_01_pt_02/logs/heur_mslp/outputs/csvresults_heur_mslp_bash_5.csv;0;5;1;82;0;0.0;0.5;true;42;2;LR2_2_3_t2_40R_40V_04I_05M;/dados/rmelo/PDPTW-SE/benchmark_multi_island_v5/official_experiments/multistartlp/official/set_01_pt_02/configs/genconfig_mslp.conf;genconfig_mslp;/dados/rmelo/PDPTW-SE/benchmark_multi_island_v5/official_experiments/multistartlp/official/set_01_pt_02/logs/heur_mslp/gurobi/40R_40V_04I_05M/LR2_2_3_grb_genconfig_mslp_seed_177.log;random;40R_40V_04I_05M;1;1;1;/dados/rmelo/PDPTW-SE/benchmark_multi_island_v5/official_experiments/multistartlp/official/set_01_pt_02/../../../../instances/orig_ams_fg/40R_40V_04I_06M/t2/LR2_2_3/;60000;42867;0;9513.8;81;41;H;50;95;0;100.0;30.0;true;0.95;100.0;1.0;1.0;1.0;1.0;60;M;59999;59999;false;72;0.83;191.63;1.0;36;10;1000000;-1;3600;3.24;0.77;0.99;mslp;heur;0.66;0.97;-1;3600;60000;I;40;1.0;0.08;LR2_2_3;0;/dados/rmelo/PDPTW-SE/benchmark_multi_island_v5/official_experiments/multistartlp/official/set_01_pt_02/logs;0;0;0;0.0;100.0;1;177;/dados/rmelo/PDPTW-SE/benchmark_multi_island_v5/official_experiments/multistartlp/official/set_01_pt_02/logs/heur_mslp/solutions/40R_40V_04I_05M/LR2_2_3_sol_genconfig_mslp_seed_177.txt;Gurobi;AUTOMATIC;17.9;_bash_5;_seed_177;1945.41;1;2065.13;/dados/rmelo/PDPTW-SE/benchmark_multi_island_v5/official_experiments/multistartlp/official/set_01_pt_02/logs/heur_mslp/timelines/40R_40V_04I_05M/LR2_2_3_timeline_genconfig_mslp_seed_177.txt;2889.44;t2;0;5866.86;false
0.05;0.03;0.06;0.08;0.01;0.04;13;/dados/rmelo/PDPTW-SE/benchmark_multi_island_v5/official_experiments/multistartlp/official/set_01_pt_02/logs/heur_mslp/outputs/csvresults_heur_mslp_bash_5.csv;0;6;1;82;0;0.0;0.5;true;42;2;LR2_2_3_t2_40R_40V_04I_06M;/dados/rmelo/PDPTW-SE/benchmark_multi_island_v5/official_experiments/multistartlp/official/set_01_pt_02/configs/genconfig_mslp.conf;genconfig_mslp;/dados/rmelo/PDPTW-SE/benchmark_multi_island_v5/official_experiments/multistartlp/official/set_01_pt_02/logs/heur_mslp/gurobi/40R_40V_04I_06M/LR2_2_3_grb_genconfig_mslp_seed_177.log;random;40R_40V_04I_06M;1;0;1;/dados/rmelo/PDPTW-SE/benchmark_multi_island_v5/official_experiments/multistartlp/official/set_01_pt_02/../../../../instances/orig_ams_fg/40R_40V_04I_06M/t2/LR2_2_3/;60000;49439;0;9550.67;81;41;H;50;95;0;100.0;30.0;true;0.95;100.0;1.0;1.0;1.0;1.0;60;M;60000;60000;false;72;0.85;191.63;1.0;36;10;1000000;-1;3600;3.37;0.6;0.87;mslp;heur;0.07;0.5;-1;3600;60000;I;40;1.0;0.1;LR2_2_3;0;/dados/rmelo/PDPTW-SE/benchmark_multi_island_v5/official_experiments/multistartlp/official/set_01_pt_02/logs;0;0;0;0.0;100.0;1;177;/dados/rmelo/PDPTW-SE/benchmark_multi_island_v5/official_experiments/multistartlp/official/set_01_pt_02/logs/heur_mslp/solutions/40R_40V_04I_06M/LR2_2_3_sol_genconfig_mslp_seed_177.txt;Gurobi;AUTOMATIC;17.95;_bash_5;_seed_177;2022.31;1;2547.88;/dados/rmelo/PDPTW-SE/benchmark_multi_island_v5/official_experiments/multistartlp/official/set_01_pt_02/logs/heur_mslp/timelines/40R_40V_04I_06M/LR2_2_3_timeline_genconfig_mslp_seed_177.txt;3092.17;t2;0;6053.7;false
0.05;0.03;0.05;0.08;0.0;0.01;7;/dados/rmelo/PDPTW-SE/benchmark_multi_island_v5/official_experiments/multistartlp/official/set_01_pt_02/logs/heur_mslp/outputs/csvresults_heur_mslp_bash_5.csv;0;5;1;82;0;0.0;0.5;true;42;2;LR2_2_4_t2_40R_40V_04I_05M;/dados/rmelo/PDPTW-SE/benchmark_multi_island_v5/official_experiments/multistartlp/official/set_01_pt_02/configs/genconfig_mslp.conf;genconfig_mslp;/dados/rmelo/PDPTW-SE/benchmark_multi_island_v5/official_experiments/multistartlp/official/set_01_pt_02/logs/heur_mslp/gurobi/40R_40V_04I_05M/LR2_2_4_grb_genconfig_mslp_seed_177.log;random;40R_40V_04I_05M;1;0;1;/dados/rmelo/PDPTW-SE/benchmark_multi_island_v5/official_experiments/multistartlp/official/set_01_pt_02/../../../../instances/orig_ams_fg/40R_40V_04I_06M/t2/LR2_2_4/;40113;33815;0;6187.25;81;41;H;50;95;0;100.0;30.0;true;0.95;100.0;1.0;1.0;1.0;1.0;60;M;38894;40113;false;78;0.83;168.46;0.99;39;10;1000000;-1;3600;1.41;0.59;0.93;mslp;heur;0.3;0.83;-1;3600;60000;I;40;1.0;0.08;LR2_2_4;0;/dados/rmelo/PDPTW-SE/benchmark_multi_island_v5/official_experiments/multistartlp/official/set_01_pt_02/logs;0;0;0;0.0;96.96;1;177;/dados/rmelo/PDPTW-SE/benchmark_multi_island_v5/official_experiments/multistartlp/official/set_01_pt_02/logs/heur_mslp/solutions/40R_40V_04I_05M/LR2_2_4_sol_genconfig_mslp_seed_177.txt;Gurobi;AUTOMATIC;17.99;_bash_5;_seed_177;565.1;1;3033.5;/dados/rmelo/PDPTW-SE/benchmark_multi_island_v5/official_experiments/multistartlp/official/set_01_pt_02/logs/heur_mslp/timelines/40R_40V_04I_05M/LR2_2_4_timeline_genconfig_mslp_seed_177.txt;3600.08;t2;0;4486.13;false
0.05;0.02;0.04;0.06;0.0;0.0;10;/dados/rmelo/PDPTW-SE/benchmark_multi_island_v5/official_experiments/multistartlp/official/set_01_pt_02/logs/heur_mslp/outputs/csvresults_heur_mslp_bash_5.csv;0;6;1;82;0;0.0;0.5;true;42;2;LR2_2_4_t2_40R_40V_04I_06M;/dados/rmelo/PDPTW-SE/benchmark_multi_island_v5/official_experiments/multistartlp/official/set_01_pt_02/configs/genconfig_mslp.conf;genconfig_mslp;/dados/rmelo/PDPTW-SE/benchmark_multi_island_v5/official_experiments/multistartlp/official/set_01_pt_02/logs/heur_mslp/gurobi/40R_40V_04I_06M/LR2_2_4_grb_genconfig_mslp_seed_177.log;random;40R_40V_04I_06M;1;0;1;/dados/rmelo/PDPTW-SE/benchmark_multi_island_v5/official_experiments/multistartlp/official/set_01_pt_02/../../../../instances/orig_ams_fg/40R_40V_04I_06M/t2/LR2_2_4/;38108;33815;0;6702.2;81;41;H;50;95;0;100.0;30.0;true;0.95;100.0;1.0;1.0;1.0;1.0;60;M;37021;38108;false;78;0.83;167.43;0.99;39;10;1000000;-1;3600;1.48;0.58;0.88;mslp;heur;0.28;0.77;-1;3600;60000;I;40;1.0;0.08;LR2_2_4;0;/dados/rmelo/PDPTW-SE/benchmark_multi_island_v5/official_experiments/multistartlp/official/set_01_pt_02/logs;0;0;0;0.0;97.15;1;177;/dados/rmelo/PDPTW-SE/benchmark_multi_island_v5/official_experiments/multistartlp/official/set_01_pt_02/logs/heur_mslp/solutions/40R_40V_04I_06M/LR2_2_4_sol_genconfig_mslp_seed_177.txt;Gurobi;AUTOMATIC;17.83;_bash_5;_seed_177;563.05;1;3195.42;/dados/rmelo/PDPTW-SE/benchmark_multi_island_v5/official_experiments/multistartlp/official/set_01_pt_02/logs/heur_mslp/timelines/40R_40V_04I_06M/LR2_2_4_timeline_genconfig_mslp_seed_177.txt;3600.01;t2;0;4439.79;false
0.05;0.04;0.09;0.13;0.02;0.13;14;/dados/rmelo/PDPTW-SE/benchmark_multi_island_v5/official_experiments/multistartlp/official/set_01_pt_02/logs/heur_mslp/outputs/csvresults_heur_mslp_bash_5.csv;0;5;1;82;0;0.0;0.5;true;42;2;LR2_2_5_t2_40R_40V_04I_05M;/dados/rmelo/PDPTW-SE/benchmark_multi_island_v5/official_experiments/multistartlp/official/set_01_pt_02/configs/genconfig_mslp.conf;genconfig_mslp;/dados/rmelo/PDPTW-SE/benchmark_multi_island_v5/official_experiments/multistartlp/official/set_01_pt_02/logs/heur_mslp/gurobi/40R_40V_04I_05M/LR2_2_5_grb_genconfig_mslp_seed_177.log;random;40R_40V_04I_05M;1;0;1;/dados/rmelo/PDPTW-SE/benchmark_multi_island_v5/official_experiments/multistartlp/official/set_01_pt_02/../../../../instances/orig_ams_fg/40R_40V_04I_06M/t2/LR2_2_5/;60000;6065;0;10986.61;81;41;H;50;95;0;100.0;30.0;true;0.95;100.0;1.0;1.0;1.0;1.0;60;M;60000;60000;false;80;0.89;177.42;1.0;40;10;1000000;-1;3600;7.89;0.65;0.92;mslp;heur;0.17;0.69;-1;3600;60000;I;40;1.0;0.12;LR2_2_5;0;/dados/rmelo/PDPTW-SE/benchmark_multi_island_v5/official_experiments/multistartlp/official/set_01_pt_02/logs;0;0;0;0.0;100.0;1;177;/dados/rmelo/PDPTW-SE/benchmark_multi_island_v5/official_experiments/multistartlp/official/set_01_pt_02/logs/heur_mslp/solutions/40R_40V_04I_05M/LR2_2_5_sol_genconfig_mslp_seed_177.txt;Gurobi;AUTOMATIC;17.99;_bash_5;_seed_177;4731.44;1;170.75;/dados/rmelo/PDPTW-SE/benchmark_multi_island_v5/official_experiments/multistartlp/official/set_01_pt_02/logs/heur_mslp/timelines/40R_40V_04I_05M/LR2_2_5_timeline_genconfig_mslp_seed_177.txt;1683.16;t2;0;8247.72;false
0.05;0.04;0.1;0.14;0.0;0.09;10;/dados/rmelo/PDPTW-SE/benchmark_multi_island_v5/official_experiments/multistartlp/official/set_01_pt_02/logs/heur_mslp/outputs/csvresults_heur_mslp_bash_5.csv;0;6;1;82;0;0.0;0.5;true;42;2;LR2_2_5_t2_40R_40V_04I_06M;/dados/rmelo/PDPTW-SE/benchmark_multi_island_v5/official_experiments/multistartlp/official/set_01_pt_02/configs/genconfig_mslp.conf;genconfig_mslp;/dados/rmelo/PDPTW-SE/benchmark_multi_island_v5/official_experiments/multistartlp/official/set_01_pt_02/logs/heur_mslp/gurobi/40R_40V_04I_06M/LR2_2_5_grb_genconfig_mslp_seed_177.log;random;40R_40V_04I_06M;1;0;1;/dados/rmelo/PDPTW-SE/benchmark_multi_island_v5/official_experiments/multistartlp/official/set_01_pt_02/../../../../instances/orig_ams_fg/40R_40V_04I_06M/t2/LR2_2_5/;60000;59093;0;11046.12;81;41;H;50;95;0;100.0;30.0;true;0.95;100.0;1.0;1.0;1.0;1.0;60;M;60000;60000;false;80;0.84;177.42;1.0;40;10;1000000;-1;3600;8.44;0.64;0.85;mslp;heur;0.2;0.39;-1;3600;60000;I;40;1.0;0.12;LR2_2_5;0;/dados/rmelo/PDPTW-SE/benchmark_multi_island_v5/official_experiments/multistartlp/official/set_01_pt_02/logs;0;0;0;0.0;100.0;1;177;/dados/rmelo/PDPTW-SE/benchmark_multi_island_v5/official_experiments/multistartlp/official/set_01_pt_02/logs/heur_mslp/solutions/40R_40V_04I_06M/LR2_2_5_sol_genconfig_mslp_seed_177.txt;Gurobi;AUTOMATIC;18.12;_bash_5;_seed_177;5063.81;1;1744.13;/dados/rmelo/PDPTW-SE/benchmark_multi_island_v5/official_experiments/multistartlp/official/set_01_pt_02/logs/heur_mslp/timelines/40R_40V_04I_06M/LR2_2_5_timeline_genconfig_mslp_seed_177.txt;1771.08;t2;0;8079.08;false
0.05;0.04;0.07;0.11;0.01;0.24;1;/dados/rmelo/PDPTW-SE/benchmark_multi_island_v5/official_experiments/multistartlp/official/set_01_pt_02/logs/heur_mslp/outputs/csvresults_heur_mslp_bash_5.csv;0;5;1;122;0;0.0;0.5;true;62;2;LR1_2_1_t1_60R_60V_02I_05M;/dados/rmelo/PDPTW-SE/benchmark_multi_island_v5/official_experiments/multistartlp/official/set_01_pt_02/configs/genconfig_mslp.conf;genconfig_mslp;/dados/rmelo/PDPTW-SE/benchmark_multi_island_v5/official_experiments/multistartlp/official/set_01_pt_02/logs/heur_mslp/gurobi/60R_60V_02I_05M/LR1_2_1_grb_genconfig_mslp_seed_177.log;random;60R_60V_02I_05M;1;59999;1;/dados/rmelo/PDPTW-SE/benchmark_multi_island_v5/official_experiments/multistartlp/official/set_01_pt_02/../../../../instances/orig_ams_fg/60R_60V_02I_06M/t1/LR1_2_1/;60000;1;0;13264.29;121;61;H;50;95;0;100.0;30.0;true;0.95;100.0;1.0;1.0;1.0;1.0;60;M;1;1;false;78;0.95;253.19;1.0;39;10;1000000;-1;3600;6.92;0.52;0.57;mslp;heur;0.31;0.12;-1;3600;60000;I;60;1.0;0.4;LR1_2_1;0;/dados/rmelo/PDPTW-SE/benchmark_multi_island_v5/official_experiments/multistartlp/official/set_01_pt_02/logs;0;0;0;100.0;100.0;1;177;/dados/rmelo/PDPTW-SE/benchmark_multi_island_v5/official_experiments/multistartlp/official/set_01_pt_02/logs/heur_mslp/solutions/60R_60V_02I_05M/LR1_2_1_sol_genconfig_mslp_seed_177.txt;Gurobi;AUTOMATIC;18.31;_bash_5;_seed_177;0.07;1;0.02;/dados/rmelo/PDPTW-SE/benchmark_multi_island_v5/official_experiments/multistartlp/official/set_01_pt_02/logs/heur_mslp/timelines/60R_60V_02I_05M/LR1_2_1_timeline_genconfig_mslp_seed_177.txt;179.0;t1;0;12347.0;false
0.05;0.03;0.06;0.09;0.01;0.24;1;/dados/rmelo/PDPTW-SE/benchmark_multi_island_v5/official_experiments/multistartlp/official/set_01_pt_02/logs/heur_mslp/outputs/csvresults_heur_mslp_bash_5.csv;0;6;1;122;0;0.0;0.5;true;62;2;LR1_2_1_t1_60R_60V_02I_06M;/dados/rmelo/PDPTW-SE/benchmark_multi_island_v5/official_experiments/multistartlp/official/set_01_pt_02/configs/genconfig_mslp.conf;genconfig_mslp;/dados/rmelo/PDPTW-SE/benchmark_multi_island_v5/official_experiments/multistartlp/official/set_01_pt_02/logs/heur_mslp/gurobi/60R_60V_02I_06M/LR1_2_1_grb_genconfig_mslp_seed_177.log;random;60R_60V_02I_06M;1;59999;1;/dados/rmelo/PDPTW-SE/benchmark_multi_island_v5/official_experiments/multistartlp/official/set_01_pt_02/../../../../instances/orig_ams_fg/60R_60V_02I_06M/t1/LR1_2_1/;60000;1;0;13163.62;121;61;H;50;95;0;100.0;30.0;true;0.95;100.0;1.0;1.0;1.0;1.0;60;M;1;1;false;78;0.98;253.19;1.0;39;10;1000000;-1;3600;6.69;0.52;0.58;mslp;heur;0.17;0.12;-1;3600;60000;I;60;1.0;0.4;LR1_2_1;0;/dados/rmelo/PDPTW-SE/benchmark_multi_island_v5/official_experiments/multistartlp/official/set_01_pt_02/logs;0;0;0;100.0;100.0;1;177;/dados/rmelo/PDPTW-SE/benchmark_multi_island_v5/official_experiments/multistartlp/official/set_01_pt_02/logs/heur_mslp/solutions/60R_60V_02I_06M/LR1_2_1_sol_genconfig_mslp_seed_177.txt;Gurobi;AUTOMATIC;18.33;_bash_5;_seed_177;0.07;1;0.02;/dados/rmelo/PDPTW-SE/benchmark_multi_island_v5/official_experiments/multistartlp/official/set_01_pt_02/logs/heur_mslp/timelines/60R_60V_02I_06M/LR1_2_1_timeline_genconfig_mslp_seed_177.txt;194.37;t1;0;12282.42;false
0.05;0.02;0.04;0.06;0.0;0.16;6;/dados/rmelo/PDPTW-SE/benchmark_multi_island_v5/official_experiments/multistartlp/official/set_01_pt_02/logs/heur_mslp/outputs/csvresults_heur_mslp_bash_5.csv;0;5;1;122;0;0.0;0.5;true;62;2;LR1_2_2_t1_60R_60V_02I_05M;/dados/rmelo/PDPTW-SE/benchmark_multi_island_v5/official_experiments/multistartlp/official/set_01_pt_02/configs/genconfig_mslp.conf;genconfig_mslp;/dados/rmelo/PDPTW-SE/benchmark_multi_island_v5/official_experiments/multistartlp/official/set_01_pt_02/logs/heur_mslp/gurobi/60R_60V_02I_05M/LR1_2_2_grb_genconfig_mslp_seed_177.log;random;60R_60V_02I_05M;1;58146;1;/dados/rmelo/PDPTW-SE/benchmark_multi_island_v5/official_experiments/multistartlp/official/set_01_pt_02/../../../../instances/orig_ams_fg/60R_60V_02I_06M/t1/LR1_2_2/;60000;30011;0;9072.09;121;61;H;50;95;0;100.0;30.0;true;0.95;100.0;1.0;1.0;1.0;1.0;60;M;1854;1854;false;78;1.0;183.94;0.97;39;10;1000000;-1;3600;4.4;0.77;0.71;mslp;heur;0.26;0.28;-1;3600;60000;I;60;1.0;0.27;LR1_2_2;0;/dados/rmelo/PDPTW-SE/benchmark_multi_island_v5/official_experiments/multistartlp/official/set_01_pt_02/logs;0;0;0;96.91;100.0;1;177;/dados/rmelo/PDPTW-SE/benchmark_multi_island_v5/official_experiments/multistartlp/official/set_01_pt_02/logs/heur_mslp/solutions/60R_60V_02I_05M/LR1_2_2_sol_genconfig_mslp_seed_177.txt;Gurobi;AUTOMATIC;18.28;_bash_5;_seed_177;81.65;1;248.5;/dados/rmelo/PDPTW-SE/benchmark_multi_island_v5/official_experiments/multistartlp/official/set_01_pt_02/logs/heur_mslp/timelines/60R_60V_02I_05M/LR1_2_2_timeline_genconfig_mslp_seed_177.txt;498.0;t1;0;7767.29;false
0.05;0.01;0.03;0.04;0.0;0.16;3;/dados/rmelo/PDPTW-SE/benchmark_multi_island_v5/official_experiments/multistartlp/official/set_01_pt_02/logs/heur_mslp/outputs/csvresults_heur_mslp_bash_5.csv;0;6;1;122;0;0.0;0.5;true;62;2;LR1_2_2_t1_60R_60V_02I_06M;/dados/rmelo/PDPTW-SE/benchmark_multi_island_v5/official_experiments/multistartlp/official/set_01_pt_02/configs/genconfig_mslp.conf;genconfig_mslp;/dados/rmelo/PDPTW-SE/benchmark_multi_island_v5/official_experiments/multistartlp/official/set_01_pt_02/logs/heur_mslp/gurobi/60R_60V_02I_06M/LR1_2_2_grb_genconfig_mslp_seed_177.log;random;60R_60V_02I_06M;1;57226;1;/dados/rmelo/PDPTW-SE/benchmark_multi_island_v5/official_experiments/multistartlp/official/set_01_pt_02/../../../../instances/orig_ams_fg/60R_60V_02I_06M/t1/LR1_2_2/;60000;5528;0;9107.35;121;61;H;50;95;0;100.0;30.0;true;0.95;100.0;1.0;1.0;1.0;1.0;60;M;2774;2774;false;78;0.96;183.94;0.98;39;10;1000000;-1;3600;4.35;0.76;0.66;mslp;heur;0.27;0.2;-1;3600;60000;I;60;1.0;0.27;LR1_2_2;0;/dados/rmelo/PDPTW-SE/benchmark_multi_island_v5/official_experiments/multistartlp/official/set_01_pt_02/logs;0;0;0;95.38;100.0;1;177;/dados/rmelo/PDPTW-SE/benchmark_multi_island_v5/official_experiments/multistartlp/official/set_01_pt_02/logs/heur_mslp/solutions/60R_60V_02I_06M/LR1_2_2_sol_genconfig_mslp_seed_177.txt;Gurobi;AUTOMATIC;18.34;_bash_5;_seed_177;120.8;1;51.29;/dados/rmelo/PDPTW-SE/benchmark_multi_island_v5/official_experiments/multistartlp/official/set_01_pt_02/logs/heur_mslp/timelines/60R_60V_02I_06M/LR1_2_2_timeline_genconfig_mslp_seed_177.txt;552.46;t1;0;7708.06;false
0.05;0.01;0.03;0.05;0.0;0.07;1;/dados/rmelo/PDPTW-SE/benchmark_multi_island_v5/official_experiments/multistartlp/official/set_01_pt_02/logs/heur_mslp/outputs/csvresults_heur_mslp_bash_5.csv;0;5;1;122;0;0.0;0.5;true;62;2;LR1_2_3_t1_60R_60V_02I_05M;/dados/rmelo/PDPTW-SE/benchmark_multi_island_v5/official_experiments/multistartlp/official/set_01_pt_02/configs/genconfig_mslp.conf;genconfig_mslp;/dados/rmelo/PDPTW-SE/benchmark_multi_island_v5/official_experiments/multistartlp/official/set_01_pt_02/logs/heur_mslp/gurobi/60R_60V_02I_05M/LR1_2_3_grb_genconfig_mslp_seed_177.log;random;60R_60V_02I_05M;1;59999;1;/dados/rmelo/PDPTW-SE/benchmark_multi_island_v5/official_experiments/multistartlp/official/set_01_pt_02/../../../../instances/orig_ams_fg/60R_60V_02I_06M/t1/LR1_2_3/;60000;1;0;8465.06;121;61;H;50;95;0;100.0;30.0;true;0.95;100.0;1.0;1.0;1.0;1.0;60;M;1;1;false;86;0.97;291.37;1.0;43;10;1000000;-1;3600;1.71;0.53;0.6;mslp;heur;0.1;0.21;-1;3600;60000;I;60;1.0;0.25;LR1_2_3;0;/dados/rmelo/PDPTW-SE/benchmark_multi_island_v5/official_experiments/multistartlp/official/set_01_pt_02/logs;0;0;0;100.0;100.0;1;177;/dados/rmelo/PDPTW-SE/benchmark_multi_island_v5/official_experiments/multistartlp/official/set_01_pt_02/logs/heur_mslp/solutions/60R_60V_02I_05M/LR1_2_3_sol_genconfig_mslp_seed_177.txt;Gurobi;AUTOMATIC;18.33;_bash_5;_seed_177;0.02;1;0.03;/dados/rmelo/PDPTW-SE/benchmark_multi_island_v5/official_experiments/multistartlp/official/set_01_pt_02/logs/heur_mslp/timelines/60R_60V_02I_05M/LR1_2_3_timeline_genconfig_mslp_seed_177.txt;240.93;t1;0;8320.23;false
0.05;0.01;0.03;0.04;0.0;0.05;1;/dados/rmelo/PDPTW-SE/benchmark_multi_island_v5/official_experiments/multistartlp/official/set_01_pt_02/logs/heur_mslp/outputs/csvresults_heur_mslp_bash_5.csv;0;6;1;122;0;0.0;0.5;true;62;2;LR1_2_3_t1_60R_60V_02I_06M;/dados/rmelo/PDPTW-SE/benchmark_multi_island_v5/official_experiments/multistartlp/official/set_01_pt_02/configs/genconfig_mslp.conf;genconfig_mslp;/dados/rmelo/PDPTW-SE/benchmark_multi_island_v5/official_experiments/multistartlp/official/set_01_pt_02/logs/heur_mslp/gurobi/60R_60V_02I_06M/LR1_2_3_grb_genconfig_mslp_seed_177.log;random;60R_60V_02I_06M;1;59999;1;/dados/rmelo/PDPTW-SE/benchmark_multi_island_v5/official_experiments/multistartlp/official/set_01_pt_02/../../../../instances/orig_ams_fg/60R_60V_02I_06M/t1/LR1_2_3/;60000;1;0;8971.07;121;61;H;50;95;0;100.0;30.0;true;0.95;100.0;1.0;1.0;1.0;1.0;60;M;1;1;false;86;0.97;291.37;0.98;43;10;1000000;-1;3600;2.74;0.52;0.57;mslp;heur;0.1;0.21;-1;3600;60000;I;60;1.0;0.27;LR1_2_3;0;/dados/rmelo/PDPTW-SE/benchmark_multi_island_v5/official_experiments/multistartlp/official/set_01_pt_02/logs;0;0;0;100.0;100.0;1;177;/dados/rmelo/PDPTW-SE/benchmark_multi_island_v5/official_experiments/multistartlp/official/set_01_pt_02/logs/heur_mslp/solutions/60R_60V_02I_06M/LR1_2_3_sol_genconfig_mslp_seed_177.txt;Gurobi;AUTOMATIC;18.34;_bash_5;_seed_177;0.03;1;0.03;/dados/rmelo/PDPTW-SE/benchmark_multi_island_v5/official_experiments/multistartlp/official/set_01_pt_02/logs/heur_mslp/timelines/60R_60V_02I_06M/LR1_2_3_timeline_genconfig_mslp_seed_177.txt;268.69;t1;0;8725.41;false
0.05;0.02;0.05;0.08;0.0;0.0;6;/dados/rmelo/PDPTW-SE/benchmark_multi_island_v5/official_experiments/multistartlp/official/set_01_pt_02/logs/heur_mslp/outputs/csvresults_heur_mslp_bash_5.csv;0;5;1;122;0;0.0;0.5;true;62;2;LR1_2_4_t1_60R_60V_02I_05M;/dados/rmelo/PDPTW-SE/benchmark_multi_island_v5/official_experiments/multistartlp/official/set_01_pt_02/configs/genconfig_mslp.conf;genconfig_mslp;/dados/rmelo/PDPTW-SE/benchmark_multi_island_v5/official_experiments/multistartlp/official/set_01_pt_02/logs/heur_mslp/gurobi/60R_60V_02I_05M/LR1_2_4_grb_genconfig_mslp_seed_177.log;random;60R_60V_02I_05M;1;54267;1;/dados/rmelo/PDPTW-SE/benchmark_multi_island_v5/official_experiments/multistartlp/official/set_01_pt_02/../../../../instances/orig_ams_fg/60R_60V_02I_06M/t1/LR1_2_4/;60000;1033;0;6771.85;121;61;H;50;95;0;100.0;30.0;true;0.95;100.0;1.0;1.0;1.0;1.0;60;M;5733;5733;false;86;1.0;248.55;1.0;43;10;1000000;-1;3600;1.95;0.87;0.7;mslp;heur;0.45;0.29;-1;3600;60000;I;60;1.0;0.17;LR1_2_4;0;/dados/rmelo/PDPTW-SE/benchmark_multi_island_v5/official_experiments/multistartlp/official/set_01_pt_02/logs;0;0;0;90.44;100.0;1;177;/dados/rmelo/PDPTW-SE/benchmark_multi_island_v5/official_experiments/multistartlp/official/set_01_pt_02/logs/heur_mslp/solutions/60R_60V_02I_05M/LR1_2_4_sol_genconfig_mslp_seed_177.txt;Gurobi;AUTOMATIC;18.13;_bash_5;_seed_177;111.58;1;20.01;/dados/rmelo/PDPTW-SE/benchmark_multi_island_v5/official_experiments/multistartlp/official/set_01_pt_02/logs/heur_mslp/timelines/60R_60V_02I_05M/LR1_2_4_timeline_genconfig_mslp_seed_177.txt;1138.32;t1;0;5512.63;false
0.05;0.01;0.04;0.05;0.0;0.0;4;/dados/rmelo/PDPTW-SE/benchmark_multi_island_v5/official_experiments/multistartlp/official/set_01_pt_02/logs/heur_mslp/outputs/csvresults_heur_mslp_bash_5.csv;0;6;1;122;0;0.0;0.5;true;62;2;LR1_2_4_t1_60R_60V_02I_06M;/dados/rmelo/PDPTW-SE/benchmark_multi_island_v5/official_experiments/multistartlp/official/set_01_pt_02/configs/genconfig_mslp.conf;genconfig_mslp;/dados/rmelo/PDPTW-SE/benchmark_multi_island_v5/official_experiments/multistartlp/official/set_01_pt_02/logs/heur_mslp/gurobi/60R_60V_02I_06M/LR1_2_4_grb_genconfig_mslp_seed_177.log;random;60R_60V_02I_06M;1;53429;1;/dados/rmelo/PDPTW-SE/benchmark_multi_island_v5/official_experiments/multistartlp/official/set_01_pt_02/../../../../instances/orig_ams_fg/60R_60V_02I_06M/t1/LR1_2_4/;60000;17562;0;6899.48;121;61;H;50;95;0;100.0;30.0;true;0.95;100.0;1.0;1.0;1.0;1.0;60;M;6571;6571;false;86;0.98;248.55;1.0;43;10;1000000;-1;3600;1.78;0.71;0.79;mslp;heur;0.22;0.51;-1;3600;60000;I;60;1.0;0.2;LR1_2_4;0;/dados/rmelo/PDPTW-SE/benchmark_multi_island_v5/official_experiments/multistartlp/official/set_01_pt_02/logs;0;0;0;89.05;100.0;1;177;/dados/rmelo/PDPTW-SE/benchmark_multi_island_v5/official_experiments/multistartlp/official/set_01_pt_02/logs/heur_mslp/solutions/60R_60V_02I_06M/LR1_2_4_sol_genconfig_mslp_seed_177.txt;Gurobi;AUTOMATIC;18.23;_bash_5;_seed_177;116.8;1;366.63;/dados/rmelo/PDPTW-SE/benchmark_multi_island_v5/official_experiments/multistartlp/official/set_01_pt_02/logs/heur_mslp/timelines/60R_60V_02I_06M/LR1_2_4_timeline_genconfig_mslp_seed_177.txt;1256.17;t1;0;5412.65;false
0.05;0.03;0.05;0.09;0.0;0.16;13;/dados/rmelo/PDPTW-SE/benchmark_multi_island_v5/official_experiments/multistartlp/official/set_01_pt_02/logs/heur_mslp/outputs/csvresults_heur_mslp_bash_5.csv;0;5;1;122;0;0.0;0.5;true;62;2;LR1_2_5_t1_60R_60V_02I_05M;/dados/rmelo/PDPTW-SE/benchmark_multi_island_v5/official_experiments/multistartlp/official/set_01_pt_02/configs/genconfig_mslp.conf;genconfig_mslp;/dados/rmelo/PDPTW-SE/benchmark_multi_island_v5/official_experiments/multistartlp/official/set_01_pt_02/logs/heur_mslp/gurobi/60R_60V_02I_05M/LR1_2_5_grb_genconfig_mslp_seed_177.log;random;60R_60V_02I_05M;1;51271;1;/dados/rmelo/PDPTW-SE/benchmark_multi_island_v5/official_experiments/multistartlp/official/set_01_pt_02/../../../../instances/orig_ams_fg/60R_60V_02I_06M/t1/LR1_2_5/;60000;15940;0;9554.92;121;61;H;50;95;0;100.0;30.0;true;0.95;100.0;1.0;1.0;1.0;1.0;60;M;8729;8729;false;86;0.95;182.8;0.99;43;10;1000000;-1;3600;5.83;0.74;0.63;mslp;heur;0.21;0.28;-1;3600;60000;I;60;1.0;0.27;LR1_2_5;0;/dados/rmelo/PDPTW-SE/benchmark_multi_island_v5/official_experiments/multistartlp/official/set_01_pt_02/logs;0;0;0;85.45;100.0;1;177;/dados/rmelo/PDPTW-SE/benchmark_multi_island_v5/official_experiments/multistartlp/official/set_01_pt_02/logs/heur_mslp/solutions/60R_60V_02I_05M/LR1_2_5_sol_genconfig_mslp_seed_177.txt;Gurobi;AUTOMATIC;18.36;_bash_5;_seed_177;508.53;1;205.04;/dados/rmelo/PDPTW-SE/benchmark_multi_island_v5/official_experiments/multistartlp/official/set_01_pt_02/logs/heur_mslp/timelines/60R_60V_02I_05M/LR1_2_5_timeline_genconfig_mslp_seed_177.txt;770.31;t1;0;7502.16;false
0.05;0.02;0.05;0.07;0.01;0.14;10;/dados/rmelo/PDPTW-SE/benchmark_multi_island_v5/official_experiments/multistartlp/official/set_01_pt_02/logs/heur_mslp/outputs/csvresults_heur_mslp_bash_5.csv;0;6;1;122;0;0.0;0.5;true;62;2;LR1_2_5_t1_60R_60V_02I_06M;/dados/rmelo/PDPTW-SE/benchmark_multi_island_v5/official_experiments/multistartlp/official/set_01_pt_02/configs/genconfig_mslp.conf;genconfig_mslp;/dados/rmelo/PDPTW-SE/benchmark_multi_island_v5/official_experiments/multistartlp/official/set_01_pt_02/logs/heur_mslp/gurobi/60R_60V_02I_06M/LR1_2_5_grb_genconfig_mslp_seed_177.log;random;60R_60V_02I_06M;1;39818;1;/dados/rmelo/PDPTW-SE/benchmark_multi_island_v5/official_experiments/multistartlp/official/set_01_pt_02/../../../../instances/orig_ams_fg/60R_60V_02I_06M/t1/LR1_2_5/;60000;54593;0;9850.07;121;61;H;50;95;0;100.0;30.0;true;0.95;100.0;1.0;1.0;1.0;1.0;60;M;20182;20182;false;86;0.94;182.8;1.0;43;10;1000000;-1;3600;5.68;0.73;0.7;mslp;heur;0.4;0.31;-1;3600;60000;I;60;1.0;0.27;LR1_2_5;0;/dados/rmelo/PDPTW-SE/benchmark_multi_island_v5/official_experiments/multistartlp/official/set_01_pt_02/logs;0;0;0;66.36;100.0;1;177;/dados/rmelo/PDPTW-SE/benchmark_multi_island_v5/official_experiments/multistartlp/official/set_01_pt_02/logs/heur_mslp/solutions/60R_60V_02I_06M/LR1_2_5_sol_genconfig_mslp_seed_177.txt;Gurobi;AUTOMATIC;18.3;_bash_5;_seed_177;1146.46;1;945.13;/dados/rmelo/PDPTW-SE/benchmark_multi_island_v5/official_experiments/multistartlp/official/set_01_pt_02/logs/heur_mslp/timelines/60R_60V_02I_06M/LR1_2_5_timeline_genconfig_mslp_seed_177.txt;1038.81;t1;0;7441.76;false
0.05;0.01;0.02;0.03;0.0;0.23;6;/dados/rmelo/PDPTW-SE/benchmark_multi_island_v5/official_experiments/multistartlp/official/set_01_pt_02/logs/heur_mslp/outputs/csvresults_heur_mslp_bash_5.csv;0;5;1;122;0;0.0;0.5;true;62;2;LR2_2_1_t2_60R_60V_02I_05M;/dados/rmelo/PDPTW-SE/benchmark_multi_island_v5/official_experiments/multistartlp/official/set_01_pt_02/configs/genconfig_mslp.conf;genconfig_mslp;/dados/rmelo/PDPTW-SE/benchmark_multi_island_v5/official_experiments/multistartlp/official/set_01_pt_02/logs/heur_mslp/gurobi/60R_60V_02I_05M/LR2_2_1_grb_genconfig_mslp_seed_177.log;random;60R_60V_02I_05M;1;0;1;/dados/rmelo/PDPTW-SE/benchmark_multi_island_v5/official_experiments/multistartlp/official/set_01_pt_02/../../../../instances/orig_ams_fg/60R_60V_02I_06M/t2/LR2_2_1/;60000;2500;0;15654.77;121;61;H;50;95;0;100.0;30.0;true;0.95;100.0;1.0;1.0;1.0;1.0;60;M;60000;60000;false;80;0.94;213.58;1.0;40;10;1000000;-1;3600;5.48;0.68;0.94;mslp;heur;0.34;0.88;-1;3600;60000;I;60;1.0;0.12;LR2_2_1;0;/dados/rmelo/PDPTW-SE/benchmark_multi_island_v5/official_experiments/multistartlp/official/set_01_pt_02/logs;0;0;0;0.0;100.0;1;177;/dados/rmelo/PDPTW-SE/benchmark_multi_island_v5/official_experiments/multistartlp/official/set_01_pt_02/logs/heur_mslp/solutions/60R_60V_02I_05M/LR2_2_1_sol_genconfig_mslp_seed_177.txt;Gurobi;AUTOMATIC;18.39;_bash_5;_seed_177;3289.79;1;92.23;/dados/rmelo/PDPTW-SE/benchmark_multi_island_v5/official_experiments/multistartlp/official/set_01_pt_02/logs/heur_mslp/timelines/60R_60V_02I_05M/LR2_2_1_timeline_genconfig_mslp_seed_177.txt;2170.97;t2;0;12005.47;false
0.05;0.01;0.02;0.03;0.0;0.23;6;/dados/rmelo/PDPTW-SE/benchmark_multi_island_v5/official_experiments/multistartlp/official/set_01_pt_02/logs/heur_mslp/outputs/csvresults_heur_mslp_bash_5.csv;0;6;1;122;0;0.0;0.5;true;62;2;LR2_2_1_t2_60R_60V_02I_06M;/dados/rmelo/PDPTW-SE/benchmark_multi_island_v5/official_experiments/multistartlp/official/set_01_pt_02/configs/genconfig_mslp.conf;genconfig_mslp;/dados/rmelo/PDPTW-SE/benchmark_multi_island_v5/official_experiments/multistartlp/official/set_01_pt_02/logs/heur_mslp/gurobi/60R_60V_02I_06M/LR2_2_1_grb_genconfig_mslp_seed_177.log;random;60R_60V_02I_06M;1;0;1;/dados/rmelo/PDPTW-SE/benchmark_multi_island_v5/official_experiments/multistartlp/official/set_01_pt_02/../../../../instances/orig_ams_fg/60R_60V_02I_06M/t2/LR2_2_1/;60000;2500;0;15654.77;121;61;H;50;95;0;100.0;30.0;true;0.95;100.0;1.0;1.0;1.0;1.0;60;M;60000;60000;false;80;0.94;213.58;1.0;40;10;1000000;-1;3600;5.79;0.68;0.94;mslp;heur;0.34;0.88;-1;3600;60000;I;60;0.83;0.12;LR2_2_1;0;/dados/rmelo/PDPTW-SE/benchmark_multi_island_v5/official_experiments/multistartlp/official/set_01_pt_02/logs;0;0;0;0.0;100.0;1;177;/dados/rmelo/PDPTW-SE/benchmark_multi_island_v5/official_experiments/multistartlp/official/set_01_pt_02/logs/heur_mslp/solutions/60R_60V_02I_06M/LR2_2_1_sol_genconfig_mslp_seed_177.txt;Gurobi;AUTOMATIC;18.49;_bash_5;_seed_177;3474.39;1;99.9;/dados/rmelo/PDPTW-SE/benchmark_multi_island_v5/official_experiments/multistartlp/official/set_01_pt_02/logs/heur_mslp/timelines/60R_60V_02I_06M/LR2_2_1_timeline_genconfig_mslp_seed_177.txt;2356.94;t2;0;12005.47;false
0.05;0.0;0.01;0.01;0.01;0.08;8;/dados/rmelo/PDPTW-SE/benchmark_multi_island_v5/official_experiments/multistartlp/official/set_01_pt_02/logs/heur_mslp/outputs/csvresults_heur_mslp_bash_5.csv;0;5;1;122;0;0.0;0.5;true;62;2;LR2_2_2_t2_60R_60V_02I_05M;/dados/rmelo/PDPTW-SE/benchmark_multi_island_v5/official_experiments/multistartlp/official/set_01_pt_02/configs/genconfig_mslp.conf;genconfig_mslp;/dados/rmelo/PDPTW-SE/benchmark_multi_island_v5/official_experiments/multistartlp/official/set_01_pt_02/logs/heur_mslp/gurobi/60R_60V_02I_05M/LR2_2_2_grb_genconfig_mslp_seed_177.log;random;60R_60V_02I_05M;1;0;1;/dados/rmelo/PDPTW-SE/benchmark_multi_island_v5/official_experiments/multistartlp/official/set_01_pt_02/../../../../instances/orig_ams_fg/60R_60V_02I_06M/t2/LR2_2_2/;60000;54180;0;12999.71;121;61;H;50;95;0;100.0;30.0;true;0.95;100.0;1.0;1.0;1.0;1.0;60;M;60000;60000;false;80;0.81;227.65;1.0;40;10;1000000;-1;3600;4.39;0.62;0.83;mslp;heur;0.07;0.11;-1;3600;60000;I;60;1.0;0.1;LR2_2_2;0;/dados/rmelo/PDPTW-SE/benchmark_multi_island_v5/official_experiments/multistartlp/official/set_01_pt_02/logs;0;0;0;0.0;100.0;1;177;/dados/rmelo/PDPTW-SE/benchmark_multi_island_v5/official_experiments/multistartlp/official/set_01_pt_02/logs/heur_mslp/solutions/60R_60V_02I_05M/LR2_2_2_sol_genconfig_mslp_seed_177.txt;Gurobi;AUTOMATIC;18.39;_bash_5;_seed_177;2636.67;1;2661.5;/dados/rmelo/PDPTW-SE/benchmark_multi_island_v5/official_experiments/multistartlp/official/set_01_pt_02/logs/heur_mslp/timelines/60R_60V_02I_05M/LR2_2_2_timeline_genconfig_mslp_seed_177.txt;2946.91;t2;0;9394.02;false
0.05;0.01;0.02;0.02;0.01;0.03;10;/dados/rmelo/PDPTW-SE/benchmark_multi_island_v5/official_experiments/multistartlp/official/set_01_pt_02/logs/heur_mslp/outputs/csvresults_heur_mslp_bash_5.csv;0;6;1;122;0;0.0;0.5;true;62;2;LR2_2_2_t2_60R_60V_02I_06M;/dados/rmelo/PDPTW-SE/benchmark_multi_island_v5/official_experiments/multistartlp/official/set_01_pt_02/configs/genconfig_mslp.conf;genconfig_mslp;/dados/rmelo/PDPTW-SE/benchmark_multi_island_v5/official_experiments/multistartlp/official/set_01_pt_02/logs/heur_mslp/gurobi/60R_60V_02I_06M/LR2_2_2_grb_genconfig_mslp_seed_177.log;random;60R_60V_02I_06M;1;0;1;/dados/rmelo/PDPTW-SE/benchmark_multi_island_v5/official_experiments/multistartlp/official/set_01_pt_02/../../../../instances/orig_ams_fg/60R_60V_02I_06M/t2/LR2_2_2/;60000;22622;0;13042.74;121;61;H;50;95;0;100.0;30.0;true;0.95;100.0;1.0;1.0;1.0;1.0;60;M;60000;60000;false;80;0.84;214.89;1.0;40;10;1000000;-1;3600;4.62;0.62;0.88;mslp;heur;0.14;0.5;-1;3600;60000;I;60;0.67;0.1;LR2_2_2;0;/dados/rmelo/PDPTW-SE/benchmark_multi_island_v5/official_experiments/multistartlp/official/set_01_pt_02/logs;0;0;0;0.0;100.0;1;177;/dados/rmelo/PDPTW-SE/benchmark_multi_island_v5/official_experiments/multistartlp/official/set_01_pt_02/logs/heur_mslp/solutions/60R_60V_02I_06M/LR2_2_2_sol_genconfig_mslp_seed_177.txt;Gurobi;AUTOMATIC;18.09;_bash_5;_seed_177;2774.13;1;1205.69;/dados/rmelo/PDPTW-SE/benchmark_multi_island_v5/official_experiments/multistartlp/official/set_01_pt_02/logs/heur_mslp/timelines/60R_60V_02I_06M/LR2_2_2_timeline_genconfig_mslp_seed_177.txt;3168.2;t2;0;9484.69;false
0.05;0.01;0.02;0.02;0.01;0.07;8;/dados/rmelo/PDPTW-SE/benchmark_multi_island_v5/official_experiments/multistartlp/official/set_01_pt_02/logs/heur_mslp/outputs/csvresults_heur_mslp_bash_5.csv;0;5;1;122;0;0.0;0.5;true;62;2;LR2_2_3_t2_60R_60V_02I_05M;/dados/rmelo/PDPTW-SE/benchmark_multi_island_v5/official_experiments/multistartlp/official/set_01_pt_02/configs/genconfig_mslp.conf;genconfig_mslp;/dados/rmelo/PDPTW-SE/benchmark_multi_island_v5/official_experiments/multistartlp/official/set_01_pt_02/logs/heur_mslp/gurobi/60R_60V_02I_05M/LR2_2_3_grb_genconfig_mslp_seed_177.log;random;60R_60V_02I_05M;1;0;1;/dados/rmelo/PDPTW-SE/benchmark_multi_island_v5/official_experiments/multistartlp/official/set_01_pt_02/../../../../instances/orig_ams_fg/60R_60V_02I_06M/t2/LR2_2_3/;54078;6304;0;12070.2;121;61;H;50;95;0;100.0;30.0;true;0.95;100.0;1.0;1.0;1.0;1.0;60;M;54078;54078;false;78;0.86;235.46;0.97;39;10;1000000;-1;3600;3.73;0.6;0.73;mslp;heur;0.15;0.12;-1;3600;60000;I;60;1.0;0.1;LR2_2_3;0;/dados/rmelo/PDPTW-SE/benchmark_multi_island_v5/official_experiments/multistartlp/official/set_01_pt_02/logs;0;0;0;0.0;100.0;1;177;/dados/rmelo/PDPTW-SE/benchmark_multi_island_v5/official_experiments/multistartlp/official/set_01_pt_02/logs/heur_mslp/solutions/60R_60V_02I_05M/LR2_2_3_sol_genconfig_mslp_seed_177.txt;Gurobi;AUTOMATIC;18.18;_bash_5;_seed_177;2017.06;1;420.01;/dados/rmelo/PDPTW-SE/benchmark_multi_island_v5/official_experiments/multistartlp/official/set_01_pt_02/logs/heur_mslp/timelines/60R_60V_02I_05M/LR2_2_3_timeline_genconfig_mslp_seed_177.txt;3600.02;t2;0;9155.43;false
0.05;0.01;0.02;0.02;0.01;0.07;9;/dados/rmelo/PDPTW-SE/benchmark_multi_island_v5/official_experiments/multistartlp/official/set_01_pt_02/logs/heur_mslp/outputs/csvresults_heur_mslp_bash_5.csv;0;6;1;122;0;0.0;0.5;true;62;2;LR2_2_3_t2_60R_60V_02I_06M;/dados/rmelo/PDPTW-SE/benchmark_multi_island_v5/official_experiments/multistartlp/official/set_01_pt_02/configs/genconfig_mslp.conf;genconfig_mslp;/dados/rmelo/PDPTW-SE/benchmark_multi_island_v5/official_experiments/multistartlp/official/set_01_pt_02/logs/heur_mslp/gurobi/60R_60V_02I_06M/LR2_2_3_grb_genconfig_mslp_seed_177.log;random;60R_60V_02I_06M;1;0;1;/dados/rmelo/PDPTW-SE/benchmark_multi_island_v5/official_experiments/multistartlp/official/set_01_pt_02/../../../../instances/orig_ams_fg/60R_60V_02I_06M/t2/LR2_2_3/;51797;6304;0;14827.78;121;61;H;50;95;0;100.0;30.0;true;0.95;100.0;1.0;1.0;1.0;1.0;60;M;51797;51797;false;78;0.86;235.46;0.97;39;10;1000000;-1;3600;3.74;0.6;0.73;mslp;heur;0.15;0.12;-1;3600;60000;I;60;0.83;0.1;LR2_2_3;0;/dados/rmelo/PDPTW-SE/benchmark_multi_island_v5/official_experiments/multistartlp/official/set_01_pt_02/logs;0;0;0;0.0;100.0;1;177;/dados/rmelo/PDPTW-SE/benchmark_multi_island_v5/official_experiments/multistartlp/official/set_01_pt_02/logs/heur_mslp/solutions/60R_60V_02I_06M/LR2_2_3_sol_genconfig_mslp_seed_177.txt;Gurobi;AUTOMATIC;18.16;_bash_5;_seed_177;1935.74;1;440.14;/dados/rmelo/PDPTW-SE/benchmark_multi_island_v5/official_experiments/multistartlp/official/set_01_pt_02/logs/heur_mslp/timelines/60R_60V_02I_06M/LR2_2_3_timeline_genconfig_mslp_seed_177.txt;3600.02;t2;0;9151.42;false
0.05;0.0;0.02;0.02;0.0;0.0;9;/dados/rmelo/PDPTW-SE/benchmark_multi_island_v5/official_experiments/multistartlp/official/set_01_pt_02/logs/heur_mslp/outputs/csvresults_heur_mslp_bash_5.csv;0;5;1;122;0;0.0;0.5;true;62;2;LR2_2_4_t2_60R_60V_02I_05M;/dados/rmelo/PDPTW-SE/benchmark_multi_island_v5/official_experiments/multistartlp/official/set_01_pt_02/configs/genconfig_mslp.conf;genconfig_mslp;/dados/rmelo/PDPTW-SE/benchmark_multi_island_v5/official_experiments/multistartlp/official/set_01_pt_02/logs/heur_mslp/gurobi/60R_60V_02I_05M/LR2_2_4_grb_genconfig_mslp_seed_177.log;random;60R_60V_02I_05M;1;0;1;/dados/rmelo/PDPTW-SE/benchmark_multi_island_v5/official_experiments/multistartlp/official/set_01_pt_02/../../../../instances/orig_ams_fg/60R_60V_02I_06M/t2/LR2_2_4/;39054;29511;0;8747.02;121;61;H;50;95;0;100.0;30.0;true;0.95;100.0;1.0;1.0;1.0;1.0;60;M;39003;39054;false;78;0.9;272.38;1.0;39;10;1000000;-1;3600;1.91;0.53;0.75;mslp;heur;0.07;0.17;-1;3600;60000;I;60;0.6;0.08;LR2_2_4;0;/dados/rmelo/PDPTW-SE/benchmark_multi_island_v5/official_experiments/multistartlp/official/set_01_pt_02/logs;0;0;0;0.0;99.87;1;177;/dados/rmelo/PDPTW-SE/benchmark_multi_island_v5/official_experiments/multistartlp/official/set_01_pt_02/logs/heur_mslp/solutions/60R_60V_02I_05M/LR2_2_4_sol_genconfig_mslp_seed_177.txt;Gurobi;AUTOMATIC;18.06;_bash_5;_seed_177;745.93;1;2723.22;/dados/rmelo/PDPTW-SE/benchmark_multi_island_v5/official_experiments/multistartlp/official/set_01_pt_02/logs/heur_mslp/timelines/60R_60V_02I_05M/LR2_2_4_timeline_genconfig_mslp_seed_177.txt;3600.07;t2;0;6774.05;false
0.05;0.0;0.02;0.02;0.0;0.0;9;/dados/rmelo/PDPTW-SE/benchmark_multi_island_v5/official_experiments/multistartlp/official/set_01_pt_02/logs/heur_mslp/outputs/csvresults_heur_mslp_bash_5.csv;0;6;1;122;0;0.0;0.5;true;62;2;LR2_2_4_t2_60R_60V_02I_06M;/dados/rmelo/PDPTW-SE/benchmark_multi_island_v5/official_experiments/multistartlp/official/set_01_pt_02/configs/genconfig_mslp.conf;genconfig_mslp;/dados/rmelo/PDPTW-SE/benchmark_multi_island_v5/official_experiments/multistartlp/official/set_01_pt_02/logs/heur_mslp/gurobi/60R_60V_02I_06M/LR2_2_4_grb_genconfig_mslp_seed_177.log;random;60R_60V_02I_06M;1;0;1;/dados/rmelo/PDPTW-SE/benchmark_multi_island_v5/official_experiments/multistartlp/official/set_01_pt_02/../../../../instances/orig_ams_fg/60R_60V_02I_06M/t2/LR2_2_4/;36906;29511;0;9019.3;121;61;H;50;95;0;100.0;30.0;true;0.95;100.0;1.0;1.0;1.0;1.0;60;M;36859;36906;false;78;0.9;272.38;1.0;39;10;1000000;-1;3600;1.91;0.53;0.75;mslp;heur;0.07;0.17;-1;3600;60000;I;60;0.5;0.08;LR2_2_4;0;/dados/rmelo/PDPTW-SE/benchmark_multi_island_v5/official_experiments/multistartlp/official/set_01_pt_02/logs;0;0;0;0.0;99.87;1;177;/dados/rmelo/PDPTW-SE/benchmark_multi_island_v5/official_experiments/multistartlp/official/set_01_pt_02/logs/heur_mslp/solutions/60R_60V_02I_06M/LR2_2_4_sol_genconfig_mslp_seed_177.txt;Gurobi;AUTOMATIC;18.21;_bash_5;_seed_177;704.05;1;2882.41;/dados/rmelo/PDPTW-SE/benchmark_multi_island_v5/official_experiments/multistartlp/official/set_01_pt_02/logs/heur_mslp/timelines/60R_60V_02I_06M/LR2_2_4_timeline_genconfig_mslp_seed_177.txt;3600.05;t2;0;6774.05;false
0.05;0.01;0.03;0.04;0.03;0.16;15;/dados/rmelo/PDPTW-SE/benchmark_multi_island_v5/official_experiments/multistartlp/official/set_01_pt_02/logs/heur_mslp/outputs/csvresults_heur_mslp_bash_5.csv;0;5;1;122;0;0.0;0.5;true;62;2;LR2_2_5_t2_60R_60V_02I_05M;/dados/rmelo/PDPTW-SE/benchmark_multi_island_v5/official_experiments/multistartlp/official/set_01_pt_02/configs/genconfig_mslp.conf;genconfig_mslp;/dados/rmelo/PDPTW-SE/benchmark_multi_island_v5/official_experiments/multistartlp/official/set_01_pt_02/logs/heur_mslp/gurobi/60R_60V_02I_05M/LR2_2_5_grb_genconfig_mslp_seed_177.log;random;60R_60V_02I_05M;1;0;1;/dados/rmelo/PDPTW-SE/benchmark_multi_island_v5/official_experiments/multistartlp/official/set_01_pt_02/../../../../instances/orig_ams_fg/60R_60V_02I_06M/t2/LR2_2_5/;60000;30604;0;16594.79;121;61;H;50;95;0;100.0;30.0;true;0.95;100.0;1.0;1.0;1.0;1.0;60;M;60000;60000;false;80;0.88;180.52;1.0;40;10;1000000;-1;3600;8.24;0.68;0.97;mslp;heur;0.37;0.92;-1;3600;60000;I;60;0.8;0.12;LR2_2_5;0;/dados/rmelo/PDPTW-SE/benchmark_multi_island_v5/official_experiments/multistartlp/official/set_01_pt_02/logs;0;0;0;0.0;100.0;1;177;/dados/rmelo/PDPTW-SE/benchmark_multi_island_v5/official_experiments/multistartlp/official/set_01_pt_02/logs/heur_mslp/solutions/60R_60V_02I_05M/LR2_2_5_sol_genconfig_mslp_seed_177.txt;Gurobi;AUTOMATIC;18.2;_bash_5;_seed_177;4942.07;1;1335.93;/dados/rmelo/PDPTW-SE/benchmark_multi_island_v5/official_experiments/multistartlp/official/set_01_pt_02/logs/heur_mslp/timelines/60R_60V_02I_05M/LR2_2_5_timeline_genconfig_mslp_seed_177.txt;2605.52;t2;0;12012.49;false
0.05;0.01;0.03;0.04;0.03;0.16;15;/dados/rmelo/PDPTW-SE/benchmark_multi_island_v5/official_experiments/multistartlp/official/set_01_pt_02/logs/heur_mslp/outputs/csvresults_heur_mslp_bash_5.csv;0;6;1;122;0;0.0;0.5;true;62;2;LR2_2_5_t2_60R_60V_02I_06M;/dados/rmelo/PDPTW-SE/benchmark_multi_island_v5/official_experiments/multistartlp/official/set_01_pt_02/configs/genconfig_mslp.conf;genconfig_mslp;/dados/rmelo/PDPTW-SE/benchmark_multi_island_v5/official_experiments/multistartlp/official/set_01_pt_02/logs/heur_mslp/gurobi/60R_60V_02I_06M/LR2_2_5_grb_genconfig_mslp_seed_177.log;random;60R_60V_02I_06M;1;0;1;/dados/rmelo/PDPTW-SE/benchmark_multi_island_v5/official_experiments/multistartlp/official/set_01_pt_02/../../../../instances/orig_ams_fg/60R_60V_02I_06M/t2/LR2_2_5/;60000;30604;0;16594.79;121;61;H;50;95;0;100.0;30.0;true;0.95;100.0;1.0;1.0;1.0;1.0;60;M;60000;60000;false;80;0.88;180.52;1.0;40;10;1000000;-1;3600;8.24;0.68;0.97;mslp;heur;0.37;0.92;-1;3600;60000;I;60;0.67;0.12;LR2_2_5;0;/dados/rmelo/PDPTW-SE/benchmark_multi_island_v5/official_experiments/multistartlp/official/set_01_pt_02/logs;0;0;0;0.0;100.0;1;177;/dados/rmelo/PDPTW-SE/benchmark_multi_island_v5/official_experiments/multistartlp/official/set_01_pt_02/logs/heur_mslp/solutions/60R_60V_02I_06M/LR2_2_5_sol_genconfig_mslp_seed_177.txt;Gurobi;AUTOMATIC;18.42;_bash_5;_seed_177;4941.72;1;1414.46;/dados/rmelo/PDPTW-SE/benchmark_multi_island_v5/official_experiments/multistartlp/official/set_01_pt_02/logs/heur_mslp/timelines/60R_60V_02I_06M/LR2_2_5_timeline_genconfig_mslp_seed_177.txt;2762.36;t2;0;12012.49;false
0.05;0.01;0.04;0.05;0.0;0.55;0;/dados/rmelo/PDPTW-SE/benchmark_multi_island_v5/official_experiments/multistartlp/official/set_01_pt_02/logs/heur_mslp/outputs/csvresults_heur_mslp_bash_5.csv;0;5;1;122;0;0.0;0.5;false;62;2;LR1_2_1_t1_60R_60V_04I_05M;/dados/rmelo/PDPTW-SE/benchmark_multi_island_v5/official_experiments/multistartlp/official/set_01_pt_02/configs/genconfig_mslp.conf;genconfig_mslp;/dados/rmelo/PDPTW-SE/benchmark_multi_island_v5/official_experiments/multistartlp/official/set_01_pt_02/logs/heur_mslp/gurobi/60R_60V_04I_05M/LR1_2_1_grb_genconfig_mslp_seed_177.log;random;60R_60V_04I_05M;1;60000;1;/dados/rmelo/PDPTW-SE/benchmark_multi_island_v5/official_experiments/multistartlp/official/set_01_pt_02/../../../../instances/orig_ams_fg/60R_60V_04I_06M/t1/LR1_2_1/;60000;0;0;0.0;121;61;H;50;95;0;100.0;30.0;true;0.95;100.0;1.0;1.0;1.0;1.0;60;M;0;0;false;78;0.9;183.92;0.6;39;10;1000000;-1;3600;0.0;0.5;0.39;mslp;heur;0.29;0.18;-1;3600;60000;I;60;0.8;0.08;LR1_2_1;0;/dados/rmelo/PDPTW-SE/benchmark_multi_island_v5/official_experiments/multistartlp/official/set_01_pt_02/logs;0;0;0;100.0;0.0;1;177;/dados/rmelo/PDPTW-SE/benchmark_multi_island_v5/official_experiments/multistartlp/official/set_01_pt_02/logs/heur_mslp/solutions/60R_60V_04I_05M/LR1_2_1_sol_genconfig_mslp_seed_177.txt;Gurobi;AUTOMATIC;18.19;_bash_5;_seed_177;0.0;1;0.0;/dados/rmelo/PDPTW-SE/benchmark_multi_island_v5/official_experiments/multistartlp/official/set_01_pt_02/logs/heur_mslp/timelines/60R_60V_04I_05M/LR1_2_1_timeline_genconfig_mslp_seed_177.txt;341.69;t1;0;Inf;false
0.05;0.16;0.2;0.36;0.06;0.28;2;/dados/rmelo/PDPTW-SE/benchmark_multi_island_v5/official_experiments/multistartlp/official/set_01_pt_02/logs/heur_mslp/outputs/csvresults_heur_mslp_bash_5.csv;0;6;1;122;0;0.0;0.5;true;62;2;LR1_2_1_t1_60R_60V_04I_06M;/dados/rmelo/PDPTW-SE/benchmark_multi_island_v5/official_experiments/multistartlp/official/set_01_pt_02/configs/genconfig_mslp.conf;genconfig_mslp;/dados/rmelo/PDPTW-SE/benchmark_multi_island_v5/official_experiments/multistartlp/official/set_01_pt_02/logs/heur_mslp/gurobi/60R_60V_04I_06M/LR1_2_1_grb_genconfig_mslp_seed_177.log;random;60R_60V_04I_06M;1;59998;1;/dados/rmelo/PDPTW-SE/benchmark_multi_island_v5/official_experiments/multistartlp/official/set_01_pt_02/../../../../instances/orig_ams_fg/60R_60V_04I_06M/t1/LR1_2_1/;60000;41192;0;13301.15;121;61;H;50;95;0;100.0;30.0;true;0.95;100.0;1.0;1.0;1.0;1.0;60;M;2;2;false;78;0.94;183.92;0.95;39;10;1000000;-1;3600;11.25;0.54;0.63;mslp;heur;0.24;0.05;-1;3600;60000;I;60;1.0;0.37;LR1_2_1;0;/dados/rmelo/PDPTW-SE/benchmark_multi_island_v5/official_experiments/multistartlp/official/set_01_pt_02/logs;0;0;0;100.0;100.0;1;177;/dados/rmelo/PDPTW-SE/benchmark_multi_island_v5/official_experiments/multistartlp/official/set_01_pt_02/logs/heur_mslp/solutions/60R_60V_04I_06M/LR1_2_1_sol_genconfig_mslp_seed_177.txt;Gurobi;AUTOMATIC;18.02;_bash_5;_seed_177;0.22;1;300.67;/dados/rmelo/PDPTW-SE/benchmark_multi_island_v5/official_experiments/multistartlp/official/set_01_pt_02/logs/heur_mslp/timelines/60R_60V_04I_06M/LR1_2_1_timeline_genconfig_mslp_seed_177.txt;438.64;t1;0;11837.62;false
0.05;0.05;0.13;0.18;0.01;0.36;0;/dados/rmelo/PDPTW-SE/benchmark_multi_island_v5/official_experiments/multistartlp/official/set_01_pt_02/logs/heur_mslp/outputs/csvresults_heur_mslp_bash_5.csv;0;5;1;122;0;0.0;0.5;false;62;2;LR1_2_2_t1_60R_60V_04I_05M;/dados/rmelo/PDPTW-SE/benchmark_multi_island_v5/official_experiments/multistartlp/official/set_01_pt_02/configs/genconfig_mslp.conf;genconfig_mslp;/dados/rmelo/PDPTW-SE/benchmark_multi_island_v5/official_experiments/multistartlp/official/set_01_pt_02/logs/heur_mslp/gurobi/60R_60V_04I_05M/LR1_2_2_grb_genconfig_mslp_seed_177.log;random;60R_60V_04I_05M;1;60000;1;/dados/rmelo/PDPTW-SE/benchmark_multi_island_v5/official_experiments/multistartlp/official/set_01_pt_02/../../../../instances/orig_ams_fg/60R_60V_04I_06M/t1/LR1_2_2/;60000;0;0;0.0;121;61;H;50;95;0;100.0;30.0;true;0.95;100.0;1.0;1.0;1.0;1.0;60;M;0;0;false;78;0.99;184.67;0.72;39;10;1000000;-1;3600;0.0;0.55;0.43;mslp;heur;0.25;0.15;-1;3600;60000;I;60;1.0;0.15;LR1_2_2;0;/dados/rmelo/PDPTW-SE/benchmark_multi_island_v5/official_experiments/multistartlp/official/set_01_pt_02/logs;0;0;0;100.0;0.0;1;177;/dados/rmelo/PDPTW-SE/benchmark_multi_island_v5/official_experiments/multistartlp/official/set_01_pt_02/logs/heur_mslp/solutions/60R_60V_04I_05M/LR1_2_2_sol_genconfig_mslp_seed_177.txt;Gurobi;AUTOMATIC;18.06;_bash_5;_seed_177;0.0;1;0.0;/dados/rmelo/PDPTW-SE/benchmark_multi_island_v5/official_experiments/multistartlp/official/set_01_pt_02/logs/heur_mslp/timelines/60R_60V_04I_05M/LR1_2_2_timeline_genconfig_mslp_seed_177.txt;350.91;t1;0;Inf;false
0.05;0.19;0.26;0.45;0.02;0.15;2;/dados/rmelo/PDPTW-SE/benchmark_multi_island_v5/official_experiments/multistartlp/official/set_01_pt_02/logs/heur_mslp/outputs/csvresults_heur_mslp_bash_5.csv;0;6;1;122;0;0.0;0.5;true;62;2;LR1_2_2_t1_60R_60V_04I_06M;/dados/rmelo/PDPTW-SE/benchmark_multi_island_v5/official_experiments/multistartlp/official/set_01_pt_02/configs/genconfig_mslp.conf;genconfig_mslp;/dados/rmelo/PDPTW-SE/benchmark_multi_island_v5/official_experiments/multistartlp/official/set_01_pt_02/logs/heur_mslp/gurobi/60R_60V_04I_06M/LR1_2_2_grb_genconfig_mslp_seed_177.log;random;60R_60V_04I_06M;1;59992;1;/dados/rmelo/PDPTW-SE/benchmark_multi_island_v5/official_experiments/multistartlp/official/set_01_pt_02/../../../../instances/orig_ams_fg/60R_60V_04I_06M/t1/LR1_2_2/;60000;47378;0;11011.09;121;61;H;50;95;0;100.0;30.0;true;0.95;100.0;1.0;1.0;1.0;1.0;60;M;8;8;false;78;0.96;184.22;1.0;39;10;1000000;-1;3600;8.94;0.51;0.6;mslp;heur;0.22;0.23;-1;3600;60000;I;60;1.0;0.33;LR1_2_2;0;/dados/rmelo/PDPTW-SE/benchmark_multi_island_v5/official_experiments/multistartlp/official/set_01_pt_02/logs;0;0;0;99.99;100.0;1;177;/dados/rmelo/PDPTW-SE/benchmark_multi_island_v5/official_experiments/multistartlp/official/set_01_pt_02/logs/heur_mslp/solutions/60R_60V_04I_06M/LR1_2_2_sol_genconfig_mslp_seed_177.txt;Gurobi;AUTOMATIC;18.0;_bash_5;_seed_177;0.72;1;396.04;/dados/rmelo/PDPTW-SE/benchmark_multi_island_v5/official_experiments/multistartlp/official/set_01_pt_02/logs/heur_mslp/timelines/60R_60V_04I_06M/LR1_2_2_timeline_genconfig_mslp_seed_177.txt;501.39;t1;0;9419.12;false
0.05;0.13;0.18;0.31;0.01;0.1;2;/dados/rmelo/PDPTW-SE/benchmark_multi_island_v5/official_experiments/multistartlp/official/set_01_pt_02/logs/heur_mslp/outputs/csvresults_heur_mslp_bash_5.csv;0;5;1;122;0;0.0;0.5;true;62;2;LR1_2_3_t1_60R_60V_04I_05M;/dados/rmelo/PDPTW-SE/benchmark_multi_island_v5/official_experiments/multistartlp/official/set_01_pt_02/configs/genconfig_mslp.conf;genconfig_mslp;/dados/rmelo/PDPTW-SE/benchmark_multi_island_v5/official_experiments/multistartlp/official/set_01_pt_02/logs/heur_mslp/gurobi/60R_60V_04I_05M/LR1_2_3_grb_genconfig_mslp_seed_177.log;random;60R_60V_04I_05M;1;59989;1;/dados/rmelo/PDPTW-SE/benchmark_multi_island_v5/official_experiments/multistartlp/official/set_01_pt_02/../../../../instances/orig_ams_fg/60R_60V_04I_06M/t1/LR1_2_3/;60000;46003;0;9203.08;121;61;H;50;95;0;100.0;30.0;true;0.95;100.0;1.0;1.0;1.0;1.0;60;M;11;11;false;86;0.99;183.88;0.99;43;10;1000000;-1;3600;7.27;0.48;0.59;mslp;heur;0.14;0.05;-1;3600;60000;I;60;1.0;0.28;LR1_2_3;0;/dados/rmelo/PDPTW-SE/benchmark_multi_island_v5/official_experiments/multistartlp/official/set_01_pt_02/logs;0;0;0;99.98;100.0;1;177;/dados/rmelo/PDPTW-SE/benchmark_multi_island_v5/official_experiments/multistartlp/official/set_01_pt_02/logs/heur_mslp/solutions/60R_60V_04I_05M/LR1_2_3_sol_genconfig_mslp_seed_177.txt;Gurobi;AUTOMATIC;18.17;_bash_5;_seed_177;0.8;1;472.27;/dados/rmelo/PDPTW-SE/benchmark_multi_island_v5/official_experiments/multistartlp/official/set_01_pt_02/logs/heur_mslp/timelines/60R_60V_04I_05M/LR1_2_3_timeline_genconfig_mslp_seed_177.txt;615.18;t1;0;8087.28;false
0.05;0.11;0.15;0.26;0.02;0.06;7;/dados/rmelo/PDPTW-SE/benchmark_multi_island_v5/official_experiments/multistartlp/official/set_01_pt_02/logs/heur_mslp/outputs/csvresults_heur_mslp_bash_5.csv;0;6;1;122;0;0.0;0.5;true;62;2;LR1_2_3_t1_60R_60V_04I_06M;/dados/rmelo/PDPTW-SE/benchmark_multi_island_v5/official_experiments/multistartlp/official/set_01_pt_02/configs/genconfig_mslp.conf;genconfig_mslp;/dados/rmelo/PDPTW-SE/benchmark_multi_island_v5/official_experiments/multistartlp/official/set_01_pt_02/logs/heur_mslp/gurobi/60R_60V_04I_06M/LR1_2_3_grb_genconfig_mslp_seed_177.log;random;60R_60V_04I_06M;1;59889;1;/dados/rmelo/PDPTW-SE/benchmark_multi_island_v5/official_experiments/multistartlp/official/set_01_pt_02/../../../../instances/orig_ams_fg/60R_60V_04I_06M/t1/LR1_2_3/;60000;57965;0;8478.11;121;61;H;50;95;0;100.0;30.0;true;0.95;100.0;1.0;1.0;1.0;1.0;60;M;111;111;false;86;0.99;183.88;0.99;43;10;1000000;-1;3600;6.46;0.48;0.6;mslp;heur;0.12;0.33;-1;3600;60000;I;60;1.0;0.27;LR1_2_3;0;/dados/rmelo/PDPTW-SE/benchmark_multi_island_v5/official_experiments/multistartlp/official/set_01_pt_02/logs;0;0;0;99.82;100.0;1;177;/dados/rmelo/PDPTW-SE/benchmark_multi_island_v5/official_experiments/multistartlp/official/set_01_pt_02/logs/heur_mslp/solutions/60R_60V_04I_06M/LR1_2_3_sol_genconfig_mslp_seed_177.txt;Gurobi;AUTOMATIC;17.95;_bash_5;_seed_177;7.17;1;763.55;/dados/rmelo/PDPTW-SE/benchmark_multi_island_v5/official_experiments/multistartlp/official/set_01_pt_02/logs/heur_mslp/timelines/60R_60V_04I_06M/LR1_2_3_timeline_genconfig_mslp_seed_177.txt;790.08;t1;0;7558.86;false
0.05;0.1;0.16;0.26;0.0;0.02;8;/dados/rmelo/PDPTW-SE/benchmark_multi_island_v5/official_experiments/multistartlp/official/set_01_pt_02/logs/heur_mslp/outputs/csvresults_heur_mslp_bash_5.csv;0;5;1;122;0;0.0;0.5;true;62;2;LR1_2_4_t1_60R_60V_04I_05M;/dados/rmelo/PDPTW-SE/benchmark_multi_island_v5/official_experiments/multistartlp/official/set_01_pt_02/configs/genconfig_mslp.conf;genconfig_mslp;/dados/rmelo/PDPTW-SE/benchmark_multi_island_v5/official_experiments/multistartlp/official/set_01_pt_02/logs/heur_mslp/gurobi/60R_60V_04I_05M/LR1_2_4_grb_genconfig_mslp_seed_177.log;random;60R_60V_04I_05M;1;58017;1;/dados/rmelo/PDPTW-SE/benchmark_multi_island_v5/official_experiments/multistartlp/official/set_01_pt_02/../../../../instances/orig_ams_fg/60R_60V_04I_06M/t1/LR1_2_4/;60000;45431;0;7993.54;121;61;H;50;95;0;100.0;30.0;true;0.95;100.0;1.0;1.0;1.0;1.0;60;M;1983;1983;false;86;0.78;185.48;1.0;43;10;1000000;-1;3600;4.71;0.63;0.76;mslp;heur;0.21;0.38;-1;3600;60000;I;60;1.0;0.17;LR1_2_4;0;/dados/rmelo/PDPTW-SE/benchmark_multi_island_v5/official_experiments/multistartlp/official/set_01_pt_02/logs;0;0;0;96.7;100.0;1;177;/dados/rmelo/PDPTW-SE/benchmark_multi_island_v5/official_experiments/multistartlp/official/set_01_pt_02/logs/heur_mslp/solutions/60R_60V_04I_05M/LR1_2_4_sol_genconfig_mslp_seed_177.txt;Gurobi;AUTOMATIC;17.98;_bash_5;_seed_177;93.34;1;1228.15;/dados/rmelo/PDPTW-SE/benchmark_multi_island_v5/official_experiments/multistartlp/official/set_01_pt_02/logs/heur_mslp/timelines/60R_60V_04I_05M/LR1_2_4_timeline_genconfig_mslp_seed_177.txt;1620.51;t1;0;5531.2;false
0.05;0.07;0.13;0.19;0.0;0.0;5;/dados/rmelo/PDPTW-SE/benchmark_multi_island_v5/official_experiments/multistartlp/official/set_01_pt_02/logs/heur_mslp/outputs/csvresults_heur_mslp_bash_5.csv;0;6;1;122;0;0.0;0.5;true;62;2;LR1_2_4_t1_60R_60V_04I_06M;/dados/rmelo/PDPTW-SE/benchmark_multi_island_v5/official_experiments/multistartlp/official/set_01_pt_02/configs/genconfig_mslp.conf;genconfig_mslp;/dados/rmelo/PDPTW-SE/benchmark_multi_island_v5/official_experiments/multistartlp/official/set_01_pt_02/logs/heur_mslp/gurobi/60R_60V_04I_06M/LR1_2_4_grb_genconfig_mslp_seed_177.log;random;60R_60V_04I_06M;1;54583;1;/dados/rmelo/PDPTW-SE/benchmark_multi_island_v5/official_experiments/multistartlp/official/set_01_pt_02/../../../../instances/orig_ams_fg/60R_60V_04I_06M/t1/LR1_2_4/;60000;53836;0;6827.31;121;61;H;50;95;0;100.0;30.0;true;0.95;100.0;1.0;1.0;1.0;1.0;60;M;5417;5417;false;86;0.79;185.48;1.0;43;10;1000000;-1;3600;4.02;0.61;0.68;mslp;heur;0.38;0.34;-1;3600;60000;I;60;1.0;0.17;LR1_2_4;0;/dados/rmelo/PDPTW-SE/benchmark_multi_island_v5/official_experiments/multistartlp/official/set_01_pt_02/logs;0;0;0;90.97;100.0;1;177;/dados/rmelo/PDPTW-SE/benchmark_multi_island_v5/official_experiments/multistartlp/official/set_01_pt_02/logs/heur_mslp/solutions/60R_60V_04I_06M/LR1_2_4_sol_genconfig_mslp_seed_177.txt;Gurobi;AUTOMATIC;17.78;_bash_5;_seed_177;217.78;1;1927.52;/dados/rmelo/PDPTW-SE/benchmark_multi_island_v5/official_experiments/multistartlp/official/set_01_pt_02/logs/heur_mslp/timelines/60R_60V_04I_06M/LR1_2_4_timeline_genconfig_mslp_seed_177.txt;2147.73;t1;0;5360.5;false
0.05;0.15;0.22;0.38;0.03;0.29;0;/dados/rmelo/PDPTW-SE/benchmark_multi_island_v5/official_experiments/multistartlp/official/set_01_pt_02/logs/heur_mslp/outputs/csvresults_heur_mslp_bash_5.csv;0;5;1;122;0;0.0;0.5;false;62;2;LR1_2_5_t1_60R_60V_04I_05M;/dados/rmelo/PDPTW-SE/benchmark_multi_island_v5/official_experiments/multistartlp/official/set_01_pt_02/configs/genconfig_mslp.conf;genconfig_mslp;/dados/rmelo/PDPTW-SE/benchmark_multi_island_v5/official_experiments/multistartlp/official/set_01_pt_02/logs/heur_mslp/gurobi/60R_60V_04I_05M/LR1_2_5_grb_genconfig_mslp_seed_177.log;random;60R_60V_04I_05M;1;60000;1;/dados/rmelo/PDPTW-SE/benchmark_multi_island_v5/official_experiments/multistartlp/official/set_01_pt_02/../../../../instances/orig_ams_fg/60R_60V_04I_06M/t1/LR1_2_5/;60000;0;0;0.0;121;61;H;50;95;0;100.0;30.0;true;0.95;100.0;1.0;1.0;1.0;1.0;60;M;0;0;false;86;0.96;180.52;0.93;43;10;1000000;-1;3600;0.0;0.76;0.53;mslp;heur;0.51;0.17;-1;3600;60000;I;60;1.0;0.22;LR1_2_5;0;/dados/rmelo/PDPTW-SE/benchmark_multi_island_v5/official_experiments/multistartlp/official/set_01_pt_02/logs;0;0;0;100.0;0.0;1;177;/dados/rmelo/PDPTW-SE/benchmark_multi_island_v5/official_experiments/multistartlp/official/set_01_pt_02/logs/heur_mslp/solutions/60R_60V_04I_05M/LR1_2_5_sol_genconfig_mslp_seed_177.txt;Gurobi;AUTOMATIC;17.96;_bash_5;_seed_177;0.0;1;0.0;/dados/rmelo/PDPTW-SE/benchmark_multi_island_v5/official_experiments/multistartlp/official/set_01_pt_02/logs/heur_mslp/timelines/60R_60V_04I_05M/LR1_2_5_timeline_genconfig_mslp_seed_177.txt;308.05;t1;0;Inf;false
0.05;0.12;0.2;0.32;0.02;0.16;1;/dados/rmelo/PDPTW-SE/benchmark_multi_island_v5/official_experiments/multistartlp/official/set_01_pt_02/logs/heur_mslp/outputs/csvresults_heur_mslp_bash_5.csv;0;6;1;122;0;0.0;0.5;true;62;2;LR1_2_5_t1_60R_60V_04I_06M;/dados/rmelo/PDPTW-SE/benchmark_multi_island_v5/official_experiments/multistartlp/official/set_01_pt_02/configs/genconfig_mslp.conf;genconfig_mslp;/dados/rmelo/PDPTW-SE/benchmark_multi_island_v5/official_experiments/multistartlp/official/set_01_pt_02/logs/heur_mslp/gurobi/60R_60V_04I_06M/LR1_2_5_grb_genconfig_mslp_seed_177.log;random;60R_60V_04I_06M;1;59997;1;/dados/rmelo/PDPTW-SE/benchmark_multi_island_v5/official_experiments/multistartlp/official/set_01_pt_02/../../../../instances/orig_ams_fg/60R_60V_04I_06M/t1/LR1_2_5/;60000;1076;0;10690.09;121;61;H;50;95;0;100.0;30.0;true;0.95;100.0;1.0;1.0;1.0;1.0;60;M;3;3;false;86;0.92;180.52;0.99;43;10;1000000;-1;3600;9.52;0.73;0.72;mslp;heur;0.52;0.23;-1;3600;60000;I;60;1.0;0.28;LR1_2_5;0;/dados/rmelo/PDPTW-SE/benchmark_multi_island_v5/official_experiments/multistartlp/official/set_01_pt_02/logs;0;0;0;100.0;100.0;1;177;/dados/rmelo/PDPTW-SE/benchmark_multi_island_v5/official_experiments/multistartlp/official/set_01_pt_02/logs/heur_mslp/solutions/60R_60V_04I_06M/LR1_2_5_sol_genconfig_mslp_seed_177.txt;Gurobi;AUTOMATIC;18.21;_bash_5;_seed_177;0.29;1;8.18;/dados/rmelo/PDPTW-SE/benchmark_multi_island_v5/official_experiments/multistartlp/official/set_01_pt_02/logs/heur_mslp/timelines/60R_60V_04I_06M/LR1_2_5_timeline_genconfig_mslp_seed_177.txt;440.81;t1;0;8429.94;false
0.05;0.04;0.08;0.11;0.02;0.2;12;/dados/rmelo/PDPTW-SE/benchmark_multi_island_v5/official_experiments/multistartlp/official/set_01_pt_02/logs/heur_mslp/outputs/csvresults_heur_mslp_bash_5.csv;0;5;1;122;0;0.0;0.5;true;62;2;LR2_2_1_t2_60R_60V_04I_05M;/dados/rmelo/PDPTW-SE/benchmark_multi_island_v5/official_experiments/multistartlp/official/set_01_pt_02/configs/genconfig_mslp.conf;genconfig_mslp;/dados/rmelo/PDPTW-SE/benchmark_multi_island_v5/official_experiments/multistartlp/official/set_01_pt_02/logs/heur_mslp/gurobi/60R_60V_04I_05M/LR2_2_1_grb_genconfig_mslp_seed_177.log;random;60R_60V_04I_05M;1;14933;1;/dados/rmelo/PDPTW-SE/benchmark_multi_island_v5/official_experiments/multistartlp/official/set_01_pt_02/../../../../instances/orig_ams_fg/60R_60V_04I_06M/t2/LR2_2_1/;60000;9862;0;15870.65;121;61;H;50;95;0;100.0;30.0;true;0.95;100.0;1.0;1.0;1.0;1.0;60;M;45067;45067;false;80;0.88;178.03;1.0;40;10;1000000;-1;3600;5.72;0.68;0.91;mslp;heur;0.4;0.8;-1;3600;60000;I;60;1.0;0.12;LR2_2_1;0;/dados/rmelo/PDPTW-SE/benchmark_multi_island_v5/official_experiments/multistartlp/official/set_01_pt_02/logs;0;0;0;24.89;100.0;1;177;/dados/rmelo/PDPTW-SE/benchmark_multi_island_v5/official_experiments/multistartlp/official/set_01_pt_02/logs/heur_mslp/solutions/60R_60V_04I_05M/LR2_2_1_sol_genconfig_mslp_seed_177.txt;Gurobi;AUTOMATIC;18.27;_bash_5;_seed_177;2576.87;1;456.8;/dados/rmelo/PDPTW-SE/benchmark_multi_island_v5/official_experiments/multistartlp/official/set_01_pt_02/logs/heur_mslp/timelines/60R_60V_04I_05M/LR2_2_1_timeline_genconfig_mslp_seed_177.txt;2765.74;t2;0;12046.12;false
0.05;0.04;0.06;0.11;0.05;0.2;12;/dados/rmelo/PDPTW-SE/benchmark_multi_island_v5/official_experiments/multistartlp/official/set_01_pt_02/logs/heur_mslp/outputs/csvresults_heur_mslp_bash_5.csv;0;6;1;122;0;0.0;0.5;true;62;2;LR2_2_1_t2_60R_60V_04I_06M;/dados/rmelo/PDPTW-SE/benchmark_multi_island_v5/official_experiments/multistartlp/official/set_01_pt_02/configs/genconfig_mslp.conf;genconfig_mslp;/dados/rmelo/PDPTW-SE/benchmark_multi_island_v5/official_experiments/multistartlp/official/set_01_pt_02/logs/heur_mslp/gurobi/60R_60V_04I_06M/LR2_2_1_grb_genconfig_mslp_seed_177.log;random;60R_60V_04I_06M;1;4698;1;/dados/rmelo/PDPTW-SE/benchmark_multi_island_v5/official_experiments/multistartlp/official/set_01_pt_02/../../../../instances/orig_ams_fg/60R_60V_04I_06M/t2/LR2_2_1/;60000;4496;0;14103.16;121;61;H;50;95;0;100.0;30.0;true;0.95;100.0;1.0;1.0;1.0;1.0;60;M;55302;55302;false;80;0.91;177.91;1.0;40;10;1000000;-1;3600;5.94;0.68;0.94;mslp;heur;0.35;0.76;-1;3600;60000;I;60;1.0;0.12;LR2_2_1;0;/dados/rmelo/PDPTW-SE/benchmark_multi_island_v5/official_experiments/multistartlp/official/set_01_pt_02/logs;0;0;0;7.83;100.0;1;177;/dados/rmelo/PDPTW-SE/benchmark_multi_island_v5/official_experiments/multistartlp/official/set_01_pt_02/logs/heur_mslp/solutions/60R_60V_04I_06M/LR2_2_1_sol_genconfig_mslp_seed_177.txt;Gurobi;AUTOMATIC;18.23;_bash_5;_seed_177;3283.12;1;247.83;/dados/rmelo/PDPTW-SE/benchmark_multi_island_v5/official_experiments/multistartlp/official/set_01_pt_02/logs/heur_mslp/timelines/60R_60V_04I_06M/LR2_2_1_timeline_genconfig_mslp_seed_177.txt;3273.21;t2;0;12028.37;false
0.05;0.06;0.1;0.17;0.02;0.14;11;/dados/rmelo/PDPTW-SE/benchmark_multi_island_v5/official_experiments/multistartlp/official/set_01_pt_02/logs/heur_mslp/outputs/csvresults_heur_mslp_bash_5.csv;0;5;1;122;0;0.0;0.5;true;62;2;LR2_2_2_t2_60R_60V_04I_05M;/dados/rmelo/PDPTW-SE/benchmark_multi_island_v5/official_experiments/multistartlp/official/set_01_pt_02/configs/genconfig_mslp.conf;genconfig_mslp;/dados/rmelo/PDPTW-SE/benchmark_multi_island_v5/official_experiments/multistartlp/official/set_01_pt_02/logs/heur_mslp/gurobi/60R_60V_04I_05M/LR2_2_2_grb_genconfig_mslp_seed_177.log;random;60R_60V_04I_05M;1;30495;1;/dados/rmelo/PDPTW-SE/benchmark_multi_island_v5/official_experiments/multistartlp/official/set_01_pt_02/../../../../instances/orig_ams_fg/60R_60V_04I_06M/t2/LR2_2_2/;60000;14771;0;11655.94;121;61;H;50;95;0;100.0;30.0;true;0.95;100.0;1.0;1.0;1.0;1.0;60;M;29505;29505;false;80;0.85;183.32;0.99;40;10;1000000;-1;3600;5.33;0.64;0.83;mslp;heur;0.16;0.49;-1;3600;60000;I;60;1.0;0.1;LR2_2_2;0;/dados/rmelo/PDPTW-SE/benchmark_multi_island_v5/official_experiments/multistartlp/official/set_01_pt_02/logs;0;0;0;50.82;100.0;1;177;/dados/rmelo/PDPTW-SE/benchmark_multi_island_v5/official_experiments/multistartlp/official/set_01_pt_02/logs/heur_mslp/solutions/60R_60V_04I_05M/LR2_2_2_sol_genconfig_mslp_seed_177.txt;Gurobi;AUTOMATIC;18.1;_bash_5;_seed_177;1571.41;1;753.48;/dados/rmelo/PDPTW-SE/benchmark_multi_island_v5/official_experiments/multistartlp/official/set_01_pt_02/logs/heur_mslp/timelines/60R_60V_04I_05M/LR2_2_2_timeline_genconfig_mslp_seed_177.txt;3067.35;t2;0;9795.44;false
0.05;0.04;0.09;0.12;0.02;0.11;7;/dados/rmelo/PDPTW-SE/benchmark_multi_island_v5/official_experiments/multistartlp/official/set_01_pt_02/logs/heur_mslp/outputs/csvresults_heur_mslp_bash_5.csv;0;6;1;122;0;0.0;0.5;true;62;2;LR2_2_2_t2_60R_60V_04I_06M;/dados/rmelo/PDPTW-SE/benchmark_multi_island_v5/official_experiments/multistartlp/official/set_01_pt_02/configs/genconfig_mslp.conf;genconfig_mslp;/dados/rmelo/PDPTW-SE/benchmark_multi_island_v5/official_experiments/multistartlp/official/set_01_pt_02/logs/heur_mslp/gurobi/60R_60V_04I_06M/LR2_2_2_grb_genconfig_mslp_seed_177.log;random;60R_60V_04I_06M;1;3572;1;/dados/rmelo/PDPTW-SE/benchmark_multi_island_v5/official_experiments/multistartlp/official/set_01_pt_02/../../../../instances/orig_ams_fg/60R_60V_04I_06M/t2/LR2_2_2/;48145;35830;0;11908.45;121;61;H;50;95;0;100.0;30.0;true;0.95;100.0;1.0;1.0;1.0;1.0;60;M;44573;44573;false;80;0.82;183.19;0.99;40;10;1000000;-1;3600;5.59;0.66;0.84;mslp;heur;0.15;0.59;-1;3600;60000;I;60;1.0;0.1;LR2_2_2;0;/dados/rmelo/PDPTW-SE/benchmark_multi_island_v5/official_experiments/multistartlp/official/set_01_pt_02/logs;0;0;0;7.42;100.0;1;177;/dados/rmelo/PDPTW-SE/benchmark_multi_island_v5/official_experiments/multistartlp/official/set_01_pt_02/logs/heur_mslp/solutions/60R_60V_04I_06M/LR2_2_2_sol_genconfig_mslp_seed_177.txt;Gurobi;AUTOMATIC;18.14;_bash_5;_seed_177;2489.85;1;2680.75;/dados/rmelo/PDPTW-SE/benchmark_multi_island_v5/official_experiments/multistartlp/official/set_01_pt_02/logs/heur_mslp/timelines/60R_60V_04I_06M/LR2_2_2_timeline_genconfig_mslp_seed_177.txt;3600.05;t2;0;10019.96;false
0.05;0.05;0.09;0.15;0.0;0.01;10;/dados/rmelo/PDPTW-SE/benchmark_multi_island_v5/official_experiments/multistartlp/official/set_01_pt_02/logs/heur_mslp/outputs/csvresults_heur_mslp_bash_5.csv;0;5;1;122;0;0.0;0.5;true;62;2;LR2_2_3_t2_60R_60V_04I_05M;/dados/rmelo/PDPTW-SE/benchmark_multi_island_v5/official_experiments/multistartlp/official/set_01_pt_02/configs/genconfig_mslp.conf;genconfig_mslp;/dados/rmelo/PDPTW-SE/benchmark_multi_island_v5/official_experiments/multistartlp/official/set_01_pt_02/logs/heur_mslp/gurobi/60R_60V_04I_05M/LR2_2_3_grb_genconfig_mslp_seed_177.log;random;60R_60V_04I_05M;1;123;1;/dados/rmelo/PDPTW-SE/benchmark_multi_island_v5/official_experiments/multistartlp/official/set_01_pt_02/../../../../instances/orig_ams_fg/60R_60V_04I_06M/t2/LR2_2_3/;32419;10801;0;13869.88;121;61;H;50;95;0;100.0;30.0;true;0.95;100.0;1.0;1.0;1.0;1.0;60;M;32296;32296;false;78;0.84;183.91;1.0;39;10;1000000;-1;3600;3.23;0.78;0.96;mslp;heur;0.67;0.9;-1;3600;60000;I;60;1.0;0.08;LR2_2_3;0;/dados/rmelo/PDPTW-SE/benchmark_multi_island_v5/official_experiments/multistartlp/official/set_01_pt_02/logs;0;0;0;0.38;100.0;1;177;/dados/rmelo/PDPTW-SE/benchmark_multi_island_v5/official_experiments/multistartlp/official/set_01_pt_02/logs/heur_mslp/solutions/60R_60V_04I_05M/LR2_2_3_sol_genconfig_mslp_seed_177.txt;Gurobi;AUTOMATIC;17.95;_bash_5;_seed_177;1042.15;1;1202.81;/dados/rmelo/PDPTW-SE/benchmark_multi_island_v5/official_experiments/multistartlp/official/set_01_pt_02/logs/heur_mslp/timelines/60R_60V_04I_05M/LR2_2_3_timeline_genconfig_mslp_seed_177.txt;3600.04;t2;0;9901.13;false
0.05;0.05;0.08;0.13;0.01;0.03;11;/dados/rmelo/PDPTW-SE/benchmark_multi_island_v5/official_experiments/multistartlp/official/set_01_pt_02/logs/heur_mslp/outputs/csvresults_heur_mslp_bash_5.csv;0;6;1;122;0;0.0;0.5;true;62;2;LR2_2_3_t2_60R_60V_04I_06M;/dados/rmelo/PDPTW-SE/benchmark_multi_island_v5/official_experiments/multistartlp/official/set_01_pt_02/configs/genconfig_mslp.conf;genconfig_mslp;/dados/rmelo/PDPTW-SE/benchmark_multi_island_v5/official_experiments/multistartlp/official/set_01_pt_02/logs/heur_mslp/gurobi/60R_60V_04I_06M/LR2_2_3_grb_genconfig_mslp_seed_177.log;random;60R_60V_04I_06M;1;12;1;/dados/rmelo/PDPTW-SE/benchmark_multi_island_v5/official_experiments/multistartlp/official/set_01_pt_02/../../../../instances/orig_ams_fg/60R_60V_04I_06M/t2/LR2_2_3/;30274;24650;0;12104.79;121;61;H;50;95;0;100.0;30.0;true;0.95;100.0;1.0;1.0;1.0;1.0;60;M;30262;30262;false;78;0.85;183.88;1.0;39;10;1000000;-1;3600;3.47;0.78;0.94;mslp;heur;0.71;0.87;-1;3600;60000;I;60;1.0;0.08;LR2_2_3;0;/dados/rmelo/PDPTW-SE/benchmark_multi_island_v5/official_experiments/multistartlp/official/set_01_pt_02/logs;0;0;0;0.04;100.0;1;177;/dados/rmelo/PDPTW-SE/benchmark_multi_island_v5/official_experiments/multistartlp/official/set_01_pt_02/logs/heur_mslp/solutions/60R_60V_04I_06M/LR2_2_3_sol_genconfig_mslp_seed_177.txt;Gurobi;AUTOMATIC;18.15;_bash_5;_seed_177;1049.71;1;2931.32;/dados/rmelo/PDPTW-SE/benchmark_multi_island_v5/official_experiments/multistartlp/official/set_01_pt_02/logs/heur_mslp/timelines/60R_60V_04I_06M/LR2_2_3_timeline_genconfig_mslp_seed_177.txt;3600.11;t2;0;9945.7;false
0.05;0.04;0.06;0.1;0.0;0.0;10;/dados/rmelo/PDPTW-SE/benchmark_multi_island_v5/official_experiments/multistartlp/official/set_01_pt_02/logs/heur_mslp/outputs/csvresults_heur_mslp_bash_5.csv;0;5;1;122;0;0.0;0.5;true;62;2;LR2_2_4_t2_60R_60V_04I_05M;/dados/rmelo/PDPTW-SE/benchmark_multi_island_v5/official_experiments/multistartlp/official/set_01_pt_02/configs/genconfig_mslp.conf;genconfig_mslp;/dados/rmelo/PDPTW-SE/benchmark_multi_island_v5/official_experiments/multistartlp/official/set_01_pt_02/logs/heur_mslp/gurobi/60R_60V_04I_05M/LR2_2_4_grb_genconfig_mslp_seed_177.log;random;60R_60V_04I_05M;1;0;1;/dados/rmelo/PDPTW-SE/benchmark_multi_island_v5/official_experiments/multistartlp/official/set_01_pt_02/../../../../instances/orig_ams_fg/60R_60V_04I_06M/t2/LR2_2_4/;18426;13329;0;9220.87;121;61;H;50;95;0;100.0;30.0;true;0.95;100.0;1.0;1.0;1.0;1.0;60;M;18402;18426;false;78;0.91;180.9;1.0;39;10;1000000;-1;3600;1.15;0.56;0.85;mslp;heur;0.1;0.46;-1;3600;60000;I;60;1.0;0.08;LR2_2_4;0;/dados/rmelo/PDPTW-SE/benchmark_multi_island_v5/official_experiments/multistartlp/official/set_01_pt_02/logs;0;0;0;0.0;99.87;1;177;/dados/rmelo/PDPTW-SE/benchmark_multi_island_v5/official_experiments/multistartlp/official/set_01_pt_02/logs/heur_mslp/solutions/60R_60V_04I_05M/LR2_2_4_sol_genconfig_mslp_seed_177.txt;Gurobi;AUTOMATIC;17.96;_bash_5;_seed_177;212.37;1;2609.84;/dados/rmelo/PDPTW-SE/benchmark_multi_island_v5/official_experiments/multistartlp/official/set_01_pt_02/logs/heur_mslp/timelines/60R_60V_04I_05M/LR2_2_4_timeline_genconfig_mslp_seed_177.txt;3600.08;t2;0;7071.48;false
0.05;0.03;0.05;0.07;0.0;0.0;6;/dados/rmelo/PDPTW-SE/benchmark_multi_island_v5/official_experiments/multistartlp/official/set_01_pt_02/logs/heur_mslp/outputs/csvresults_heur_mslp_bash_5.csv;0;6;1;122;0;0.0;0.5;true;62;2;LR2_2_4_t2_60R_60V_04I_06M;/dados/rmelo/PDPTW-SE/benchmark_multi_island_v5/official_experiments/multistartlp/official/set_01_pt_02/configs/genconfig_mslp.conf;genconfig_mslp;/dados/rmelo/PDPTW-SE/benchmark_multi_island_v5/official_experiments/multistartlp/official/set_01_pt_02/logs/heur_mslp/gurobi/60R_60V_04I_06M/LR2_2_4_grb_genconfig_mslp_seed_177.log;random;60R_60V_04I_06M;1;0;1;/dados/rmelo/PDPTW-SE/benchmark_multi_island_v5/official_experiments/multistartlp/official/set_01_pt_02/../../../../instances/orig_ams_fg/60R_60V_04I_06M/t2/LR2_2_4/;17264;2793;0;8474.19;121;61;H;50;95;0;100.0;30.0;true;0.95;100.0;1.0;1.0;1.0;1.0;60;M;17241;17264;false;78;0.85;180.9;1.0;39;10;1000000;-1;3600;1.21;0.54;0.84;mslp;heur;0.05;0.24;-1;3600;60000;I;60;1.0;0.08;LR2_2_4;0;/dados/rmelo/PDPTW-SE/benchmark_multi_island_v5/official_experiments/multistartlp/official/set_01_pt_02/logs;0;0;0;0.0;99.87;1;177;/dados/rmelo/PDPTW-SE/benchmark_multi_island_v5/official_experiments/multistartlp/official/set_01_pt_02/logs/heur_mslp/solutions/60R_60V_04I_06M/LR2_2_4_sol_genconfig_mslp_seed_177.txt;Gurobi;AUTOMATIC;18.18;_bash_5;_seed_177;208.23;1;579.59;/dados/rmelo/PDPTW-SE/benchmark_multi_island_v5/official_experiments/multistartlp/official/set_01_pt_02/logs/heur_mslp/timelines/60R_60V_04I_06M/LR2_2_4_timeline_genconfig_mslp_seed_177.txt;3600.08;t2;0;6812.0;false
0.05;0.06;0.09;0.15;0.04;0.19;13;/dados/rmelo/PDPTW-SE/benchmark_multi_island_v5/official_experiments/multistartlp/official/set_01_pt_02/logs/heur_mslp/outputs/csvresults_heur_mslp_bash_5.csv;0;5;1;122;0;0.0;0.5;true;62;2;LR2_2_5_t2_60R_60V_04I_05M;/dados/rmelo/PDPTW-SE/benchmark_multi_island_v5/official_experiments/multistartlp/official/set_01_pt_02/configs/genconfig_mslp.conf;genconfig_mslp;/dados/rmelo/PDPTW-SE/benchmark_multi_island_v5/official_experiments/multistartlp/official/set_01_pt_02/logs/heur_mslp/gurobi/60R_60V_04I_05M/LR2_2_5_grb_genconfig_mslp_seed_177.log;random;60R_60V_04I_05M;1;0;1;/dados/rmelo/PDPTW-SE/benchmark_multi_island_v5/official_experiments/multistartlp/official/set_01_pt_02/../../../../instances/orig_ams_fg/60R_60V_04I_06M/t2/LR2_2_5/;56060;16049;0;16358.49;121;61;H;50;95;0;100.0;30.0;true;0.95;100.0;1.0;1.0;1.0;1.0;60;M;56060;56060;false;80;0.9;180.52;1.0;40;10;1000000;-1;3600;5.59;0.7;0.97;mslp;heur;0.41;0.91;-1;3600;60000;I;60;1.0;0.12;LR2_2_5;0;/dados/rmelo/PDPTW-SE/benchmark_multi_island_v5/official_experiments/multistartlp/official/set_01_pt_02/logs;0;0;0;0.0;100.0;1;177;/dados/rmelo/PDPTW-SE/benchmark_multi_island_v5/official_experiments/multistartlp/official/set_01_pt_02/logs/heur_mslp/solutions/60R_60V_04I_05M/LR2_2_5_sol_genconfig_mslp_seed_177.txt;Gurobi;AUTOMATIC;17.71;_bash_5;_seed_177;3135.76;1;1033.73;/dados/rmelo/PDPTW-SE/benchmark_multi_island_v5/official_experiments/multistartlp/official/set_01_pt_02/logs/heur_mslp/timelines/60R_60V_04I_05M/LR2_2_5_timeline_genconfig_mslp_seed_177.txt;3600.02;t2;0;12344.52;false
0.05;0.04;0.08;0.12;0.06;0.23;11;/dados/rmelo/PDPTW-SE/benchmark_multi_island_v5/official_experiments/multistartlp/official/set_01_pt_02/logs/heur_mslp/outputs/csvresults_heur_mslp_bash_5.csv;0;6;1;122;0;0.0;0.5;true;62;2;LR2_2_5_t2_60R_60V_04I_06M;/dados/rmelo/PDPTW-SE/benchmark_multi_island_v5/official_experiments/multistartlp/official/set_01_pt_02/configs/genconfig_mslp.conf;genconfig_mslp;/dados/rmelo/PDPTW-SE/benchmark_multi_island_v5/official_experiments/multistartlp/official/set_01_pt_02/logs/heur_mslp/gurobi/60R_60V_04I_06M/LR2_2_5_grb_genconfig_mslp_seed_177.log;random;60R_60V_04I_06M;1;0;1;/dados/rmelo/PDPTW-SE/benchmark_multi_island_v5/official_experiments/multistartlp/official/set_01_pt_02/../../../../instances/orig_ams_fg/60R_60V_04I_06M/t2/LR2_2_5/;52749;7695;0;14979.77;121;61;H;50;95;0;100.0;30.0;true;0.95;100.0;1.0;1.0;1.0;1.0;60;M;52749;52749;false;80;0.83;180.52;1.0;40;10;1000000;-1;3600;6.07;0.69;0.99;mslp;heur;0.42;0.97;-1;3600;60000;I;60;1.0;0.12;LR2_2_5;0;/dados/rmelo/PDPTW-SE/benchmark_multi_island_v5/official_experiments/multistartlp/official/set_01_pt_02/logs;0;0;0;0.0;100.0;1;177;/dados/rmelo/PDPTW-SE/benchmark_multi_island_v5/official_experiments/multistartlp/official/set_01_pt_02/logs/heur_mslp/solutions/60R_60V_04I_06M/LR2_2_5_sol_genconfig_mslp_seed_177.txt;Gurobi;AUTOMATIC;17.93;_bash_5;_seed_177;3203.23;1;526.66;/dados/rmelo/PDPTW-SE/benchmark_multi_island_v5/official_experiments/multistartlp/official/set_01_pt_02/logs/heur_mslp/timelines/60R_60V_04I_06M/LR2_2_5_timeline_genconfig_mslp_seed_177.txt;3600.05;t2;0;12308.25;false
