alpha;avrg_machines_travel_time_no_vehicle;avrg_machines_travel_time_only_with_vehicle;avrg_machines_travel_time_with_vehicle;avrg_vehicles_waiting_time_for_a_machine_travel;avrg_vehicles_waiting_time_for_a_service;countImprovements;csvfilename;cutoff;cutoffmachs;depot_begin;depot_end;elevator;epsilon;epsilonCap;feasible;first_delivery;first_pickup;fullname;genconfigfile;genconfigfilename;grbFilename;greedy_service_order;group;gurobiCuts;infeasibleSol;initial_station;instPath;iteration;iterationToBest;largestUpdateOffset;lastSGreedySolValue;last_delivery;last_pickup;lmnsAcceptanceCriteria;lmnsGapToBiggerDestruction;lmnsGapToSmallerDestruction;lmnsMIPFocus;lmnsMetropolisTemp;lmnsRepairTime;lmnsReqRApplyMIPStart;lmnsSimulatedAnnealingCool;lmnsSimulatedAnnealingTemp;lmnsWeightShawDemandSim;lmnsWeightShawDistProx;lmnsWeightShawEarlProx;lmnsWeightShawSameRoute;lmnsa;lmnsr;lpImpr;lpRuns;make_instance_feasible;max_Q;max_completion_time;max_d;max_max_load_all_vehicles;max_q;max_s;maxiter;maxnodes;maxtime;meanLPImprPercentage;mean_completion_time;mean_max_load_all_vehicles;methodCode;methodType;min_completion_time;min_max_load_all_vehicles;mipPresolve;mipmaxtime;mslpa;mslpr;n;n_machines_used;n_vehicles_used;name;num_machs;output;outputFlagGrbLMNS;outputFlagGrbMIP;outputFlagGrbMSLP;percentageInfeasibleSol;percentageLPImpr;printsol;seed;solfilename;solver;solverMethod;startTime;suff_csv;suff_outputs;sumLPImprPercentage;threads;timeToBest;timelineFilename;totalTimeElapsed;type;typeUserCut;value;warmStart
0.05;0.03;0.12;0.14;0.03;0.14;1;/dados/rmelo/PDPTW-SE/benchmark_multi_island_v5/official_experiments/multistartlp/official/set_01_pt_02/logs/heur_mslp/outputs/csvresults_heur_mslp_bash_2.csv;0;3;1;14;0;0.0;0.5;true;8;2;lr101_t1_06R_06V_02I_03M;/dados/rmelo/PDPTW-SE/benchmark_multi_island_v5/official_experiments/multistartlp/official/set_01_pt_02/configs/genconfig_mslp.conf;genconfig_mslp;/dados/rmelo/PDPTW-SE/benchmark_multi_island_v5/official_experiments/multistartlp/official/set_01_pt_02/logs/heur_mslp/gurobi/06R_06V_02I_03M/lr101_grb_genconfig_mslp_seed_126.log;random;06R_06V_02I_03M;1;0;1;/dados/rmelo/PDPTW-SE/benchmark_multi_island_v5/official_experiments/multistartlp/official/set_01_pt_02/../../../../instances/orig_ams_fg/06R_06V_02I_04M/t1/lr101/;60000;1;0;972.77;13;7;H;50;95;0;100.0;30.0;true;0.95;100.0;1.0;1.0;1.0;1.0;60;M;60000;60000;false;52;0.69;77.16;0.6;26;10;1000000;-1;3600;18.34;0.57;0.33;mslp;heur;0.5;0.17;-1;3600;60000;I;6;1.0;1.0;lr101;0;/dados/rmelo/PDPTW-SE/benchmark_multi_island_v5/official_experiments/multistartlp/official/set_01_pt_02/logs;0;0;0;0.0;100.0;1;126;/dados/rmelo/PDPTW-SE/benchmark_multi_island_v5/official_experiments/multistartlp/official/set_01_pt_02/logs/heur_mslp/solutions/06R_06V_02I_03M/lr101_sol_genconfig_mslp_seed_126.txt;Gurobi;AUTOMATIC;17.85;_bash_2;_seed_126;11001.6;1;0.0;/dados/rmelo/PDPTW-SE/benchmark_multi_island_v5/official_experiments/multistartlp/official/set_01_pt_02/logs/heur_mslp/timelines/06R_06V_02I_03M/lr101_timeline_genconfig_mslp_seed_126.txt;89.67;t1;0;784.11;false
0.05;0.03;0.11;0.14;0.03;0.15;2;/dados/rmelo/PDPTW-SE/benchmark_multi_island_v5/official_experiments/multistartlp/official/set_01_pt_02/logs/heur_mslp/outputs/csvresults_heur_mslp_bash_2.csv;0;4;1;14;0;0.0;0.5;true;8;2;lr101_t1_06R_06V_02I_04M;/dados/rmelo/PDPTW-SE/benchmark_multi_island_v5/official_experiments/multistartlp/official/set_01_pt_02/configs/genconfig_mslp.conf;genconfig_mslp;/dados/rmelo/PDPTW-SE/benchmark_multi_island_v5/official_experiments/multistartlp/official/set_01_pt_02/logs/heur_mslp/gurobi/06R_06V_02I_04M/lr101_grb_genconfig_mslp_seed_126.log;random;06R_06V_02I_04M;1;0;1;/dados/rmelo/PDPTW-SE/benchmark_multi_island_v5/official_experiments/multistartlp/official/set_01_pt_02/../../../../instances/orig_ams_fg/06R_06V_02I_04M/t1/lr101/;60000;3;0;959.27;13;7;H;50;95;0;100.0;30.0;true;0.95;100.0;1.0;1.0;1.0;1.0;60;M;60000;60000;false;52;0.64;75.56;0.6;26;10;1000000;-1;3600;19.55;0.55;0.33;mslp;heur;0.47;0.15;-1;3600;60000;I;6;0.75;1.0;lr101;0;/dados/rmelo/PDPTW-SE/benchmark_multi_island_v5/official_experiments/multistartlp/official/set_01_pt_02/logs;0;0;0;0.0;100.0;1;126;/dados/rmelo/PDPTW-SE/benchmark_multi_island_v5/official_experiments/multistartlp/official/set_01_pt_02/logs/heur_mslp/solutions/06R_06V_02I_04M/lr101_sol_genconfig_mslp_seed_126.txt;Gurobi;AUTOMATIC;17.97;_bash_2;_seed_126;11731.68;1;0.32;/dados/rmelo/PDPTW-SE/benchmark_multi_island_v5/official_experiments/multistartlp/official/set_01_pt_02/logs/heur_mslp/timelines/06R_06V_02I_04M/lr101_timeline_genconfig_mslp_seed_126.txt;90.85;t1;0;763.79;false
0.05;0.0;0.1;0.1;0.0;0.07;4;/dados/rmelo/PDPTW-SE/benchmark_multi_island_v5/official_experiments/multistartlp/official/set_01_pt_02/logs/heur_mslp/outputs/csvresults_heur_mslp_bash_2.csv;0;3;1;14;0;0.0;0.5;true;8;2;lr102_t1_06R_06V_02I_03M;/dados/rmelo/PDPTW-SE/benchmark_multi_island_v5/official_experiments/multistartlp/official/set_01_pt_02/configs/genconfig_mslp.conf;genconfig_mslp;/dados/rmelo/PDPTW-SE/benchmark_multi_island_v5/official_experiments/multistartlp/official/set_01_pt_02/logs/heur_mslp/gurobi/06R_06V_02I_03M/lr102_grb_genconfig_mslp_seed_126.log;random;06R_06V_02I_03M;1;0;1;/dados/rmelo/PDPTW-SE/benchmark_multi_island_v5/official_experiments/multistartlp/official/set_01_pt_02/../../../../instances/orig_ams_fg/06R_06V_02I_04M/t1/lr102/;60000;5;0;633.03;13;7;H;50;95;0;100.0;30.0;true;0.95;100.0;1.0;1.0;1.0;1.0;60;M;60000;60000;false;58;0.8;70.38;0.68;29;10;1000000;-1;3600;13.08;0.79;0.43;mslp;heur;0.76;0.1;-1;3600;60000;I;6;0.67;0.5;lr102;0;/dados/rmelo/PDPTW-SE/benchmark_multi_island_v5/official_experiments/multistartlp/official/set_01_pt_02/logs;0;0;0;0.0;100.0;1;126;/dados/rmelo/PDPTW-SE/benchmark_multi_island_v5/official_experiments/multistartlp/official/set_01_pt_02/logs/heur_mslp/solutions/06R_06V_02I_03M/lr102_sol_genconfig_mslp_seed_126.txt;Gurobi;AUTOMATIC;17.82;_bash_2;_seed_126;7846.36;1;0.29;/dados/rmelo/PDPTW-SE/benchmark_multi_island_v5/official_experiments/multistartlp/official/set_01_pt_02/logs/heur_mslp/timelines/06R_06V_02I_03M/lr102_timeline_genconfig_mslp_seed_126.txt;86.19;t1;0;542.25;false
0.05;0.0;0.1;0.1;0.0;0.07;4;/dados/rmelo/PDPTW-SE/benchmark_multi_island_v5/official_experiments/multistartlp/official/set_01_pt_02/logs/heur_mslp/outputs/csvresults_heur_mslp_bash_2.csv;0;4;1;14;0;0.0;0.5;true;8;2;lr102_t1_06R_06V_02I_04M;/dados/rmelo/PDPTW-SE/benchmark_multi_island_v5/official_experiments/multistartlp/official/set_01_pt_02/configs/genconfig_mslp.conf;genconfig_mslp;/dados/rmelo/PDPTW-SE/benchmark_multi_island_v5/official_experiments/multistartlp/official/set_01_pt_02/logs/heur_mslp/gurobi/06R_06V_02I_04M/lr102_grb_genconfig_mslp_seed_126.log;random;06R_06V_02I_04M;1;0;1;/dados/rmelo/PDPTW-SE/benchmark_multi_island_v5/official_experiments/multistartlp/official/set_01_pt_02/../../../../instances/orig_ams_fg/06R_06V_02I_04M/t1/lr102/;60000;5;0;633.03;13;7;H;50;95;0;100.0;30.0;true;0.95;100.0;1.0;1.0;1.0;1.0;60;M;60000;60000;false;58;0.8;68.13;0.68;29;10;1000000;-1;3600;13.13;0.79;0.43;mslp;heur;0.76;0.1;-1;3600;60000;I;6;0.5;0.5;lr102;0;/dados/rmelo/PDPTW-SE/benchmark_multi_island_v5/official_experiments/multistartlp/official/set_01_pt_02/logs;0;0;0;0.0;100.0;1;126;/dados/rmelo/PDPTW-SE/benchmark_multi_island_v5/official_experiments/multistartlp/official/set_01_pt_02/logs/heur_mslp/solutions/06R_06V_02I_04M/lr102_sol_genconfig_mslp_seed_126.txt;Gurobi;AUTOMATIC;18.1;_bash_2;_seed_126;7880.05;1;0.3;/dados/rmelo/PDPTW-SE/benchmark_multi_island_v5/official_experiments/multistartlp/official/set_01_pt_02/logs/heur_mslp/timelines/06R_06V_02I_04M/lr102_timeline_genconfig_mslp_seed_126.txt;87.04;t1;0;542.25;false
0.05;0.0;0.14;0.14;0.0;0.0;4;/dados/rmelo/PDPTW-SE/benchmark_multi_island_v5/official_experiments/multistartlp/official/set_01_pt_02/logs/heur_mslp/outputs/csvresults_heur_mslp_bash_2.csv;0;3;1;14;0;0.0;0.5;true;8;2;lr103_t1_06R_06V_02I_03M;/dados/rmelo/PDPTW-SE/benchmark_multi_island_v5/official_experiments/multistartlp/official/set_01_pt_02/configs/genconfig_mslp.conf;genconfig_mslp;/dados/rmelo/PDPTW-SE/benchmark_multi_island_v5/official_experiments/multistartlp/official/set_01_pt_02/logs/heur_mslp/gurobi/06R_06V_02I_03M/lr103_grb_genconfig_mslp_seed_126.log;random;06R_06V_02I_03M;1;0;1;/dados/rmelo/PDPTW-SE/benchmark_multi_island_v5/official_experiments/multistartlp/official/set_01_pt_02/../../../../instances/orig_ams_fg/06R_06V_02I_04M/t1/lr103/;60000;6;0;623.44;13;7;H;50;95;0;100.0;30.0;true;0.95;100.0;1.0;1.0;1.0;1.0;60;M;60000;60000;false;38;0.77;87.23;1.0;19;10;1000000;-1;3600;19.89;0.66;0.74;mslp;heur;0.56;0.59;-1;3600;60000;I;6;0.67;0.5;lr103;0;/dados/rmelo/PDPTW-SE/benchmark_multi_island_v5/official_experiments/multistartlp/official/set_01_pt_02/logs;0;0;0;0.0;100.0;1;126;/dados/rmelo/PDPTW-SE/benchmark_multi_island_v5/official_experiments/multistartlp/official/set_01_pt_02/logs/heur_mslp/solutions/06R_06V_02I_03M/lr103_sol_genconfig_mslp_seed_126.txt;Gurobi;AUTOMATIC;17.77;_bash_2;_seed_126;11933.82;1;0.32;/dados/rmelo/PDPTW-SE/benchmark_multi_island_v5/official_experiments/multistartlp/official/set_01_pt_02/logs/heur_mslp/timelines/06R_06V_02I_03M/lr103_timeline_genconfig_mslp_seed_126.txt;91.22;t1;0;455.04;false
0.05;0.04;0.14;0.18;0.0;0.0;5;/dados/rmelo/PDPTW-SE/benchmark_multi_island_v5/official_experiments/multistartlp/official/set_01_pt_02/logs/heur_mslp/outputs/csvresults_heur_mslp_bash_2.csv;0;4;1;14;0;0.0;0.5;true;8;2;lr103_t1_06R_06V_02I_04M;/dados/rmelo/PDPTW-SE/benchmark_multi_island_v5/official_experiments/multistartlp/official/set_01_pt_02/configs/genconfig_mslp.conf;genconfig_mslp;/dados/rmelo/PDPTW-SE/benchmark_multi_island_v5/official_experiments/multistartlp/official/set_01_pt_02/logs/heur_mslp/gurobi/06R_06V_02I_04M/lr103_grb_genconfig_mslp_seed_126.log;random;06R_06V_02I_04M;1;0;1;/dados/rmelo/PDPTW-SE/benchmark_multi_island_v5/official_experiments/multistartlp/official/set_01_pt_02/../../../../instances/orig_ams_fg/06R_06V_02I_04M/t1/lr103/;60000;57;0;623.44;13;7;H;50;95;0;100.0;30.0;true;0.95;100.0;1.0;1.0;1.0;1.0;60;M;60000;60000;false;38;0.77;87.23;0.73;19;10;1000000;-1;3600;20.2;0.66;0.65;mslp;heur;0.56;0.5;-1;3600;60000;I;6;0.5;0.5;lr103;0;/dados/rmelo/PDPTW-SE/benchmark_multi_island_v5/official_experiments/multistartlp/official/set_01_pt_02/logs;0;0;0;0.0;100.0;1;126;/dados/rmelo/PDPTW-SE/benchmark_multi_island_v5/official_experiments/multistartlp/official/set_01_pt_02/logs/heur_mslp/solutions/06R_06V_02I_04M/lr103_sol_genconfig_mslp_seed_126.txt;Gurobi;AUTOMATIC;17.93;_bash_2;_seed_126;12119.63;1;0.37;/dados/rmelo/PDPTW-SE/benchmark_multi_island_v5/official_experiments/multistartlp/official/set_01_pt_02/logs/heur_mslp/timelines/06R_06V_02I_04M/lr103_timeline_genconfig_mslp_seed_126.txt;91.35;t1;0;452.25;false
0.05;0.0;0.19;0.19;0.0;0.03;4;/dados/rmelo/PDPTW-SE/benchmark_multi_island_v5/official_experiments/multistartlp/official/set_01_pt_02/logs/heur_mslp/outputs/csvresults_heur_mslp_bash_2.csv;0;3;1;14;0;0.0;0.5;true;8;2;lr104_t1_06R_06V_02I_03M;/dados/rmelo/PDPTW-SE/benchmark_multi_island_v5/official_experiments/multistartlp/official/set_01_pt_02/configs/genconfig_mslp.conf;genconfig_mslp;/dados/rmelo/PDPTW-SE/benchmark_multi_island_v5/official_experiments/multistartlp/official/set_01_pt_02/logs/heur_mslp/gurobi/06R_06V_02I_03M/lr104_grb_genconfig_mslp_seed_126.log;random;06R_06V_02I_03M;1;0;1;/dados/rmelo/PDPTW-SE/benchmark_multi_island_v5/official_experiments/multistartlp/official/set_01_pt_02/../../../../instances/orig_ams_fg/06R_06V_02I_04M/t1/lr104/;60000;9;0;534.19;13;7;H;50;95;0;100.0;30.0;true;0.95;100.0;1.0;1.0;1.0;1.0;60;M;60000;60000;false;40;0.73;72.81;0.73;20;10;1000000;-1;3600;13.48;0.62;0.54;mslp;heur;0.47;0.3;-1;3600;60000;I;6;0.33;0.5;lr104;0;/dados/rmelo/PDPTW-SE/benchmark_multi_island_v5/official_experiments/multistartlp/official/set_01_pt_02/logs;0;0;0;0.0;100.0;1;126;/dados/rmelo/PDPTW-SE/benchmark_multi_island_v5/official_experiments/multistartlp/official/set_01_pt_02/logs/heur_mslp/solutions/06R_06V_02I_03M/lr104_sol_genconfig_mslp_seed_126.txt;Gurobi;AUTOMATIC;17.8;_bash_2;_seed_126;8090.81;1;0.33;/dados/rmelo/PDPTW-SE/benchmark_multi_island_v5/official_experiments/multistartlp/official/set_01_pt_02/logs/heur_mslp/timelines/06R_06V_02I_03M/lr104_timeline_genconfig_mslp_seed_126.txt;86.43;t1;0;431.14;false
0.05;0.0;0.18;0.18;0.0;0.03;5;/dados/rmelo/PDPTW-SE/benchmark_multi_island_v5/official_experiments/multistartlp/official/set_01_pt_02/logs/heur_mslp/outputs/csvresults_heur_mslp_bash_2.csv;0;4;1;14;0;0.0;0.5;true;8;2;lr104_t1_06R_06V_02I_04M;/dados/rmelo/PDPTW-SE/benchmark_multi_island_v5/official_experiments/multistartlp/official/set_01_pt_02/configs/genconfig_mslp.conf;genconfig_mslp;/dados/rmelo/PDPTW-SE/benchmark_multi_island_v5/official_experiments/multistartlp/official/set_01_pt_02/logs/heur_mslp/gurobi/06R_06V_02I_04M/lr104_grb_genconfig_mslp_seed_126.log;random;06R_06V_02I_04M;1;0;1;/dados/rmelo/PDPTW-SE/benchmark_multi_island_v5/official_experiments/multistartlp/official/set_01_pt_02/../../../../instances/orig_ams_fg/06R_06V_02I_04M/t1/lr104/;60000;9;0;532.74;13;7;H;50;95;0;100.0;30.0;true;0.95;100.0;1.0;1.0;1.0;1.0;60;M;60000;60000;false;40;0.73;70.79;0.73;20;10;1000000;-1;3600;13.97;0.62;0.54;mslp;heur;0.46;0.3;-1;3600;60000;I;6;0.25;0.5;lr104;0;/dados/rmelo/PDPTW-SE/benchmark_multi_island_v5/official_experiments/multistartlp/official/set_01_pt_02/logs;0;0;0;0.0;100.0;1;126;/dados/rmelo/PDPTW-SE/benchmark_multi_island_v5/official_experiments/multistartlp/official/set_01_pt_02/logs/heur_mslp/solutions/06R_06V_02I_04M/lr104_sol_genconfig_mslp_seed_126.txt;Gurobi;AUTOMATIC;17.87;_bash_2;_seed_126;8384.29;1;0.29;/dados/rmelo/PDPTW-SE/benchmark_multi_island_v5/official_experiments/multistartlp/official/set_01_pt_02/logs/heur_mslp/timelines/06R_06V_02I_04M/lr104_timeline_genconfig_mslp_seed_126.txt;88.66;t1;0;426.97;false
0.05;0.0;0.15;0.15;0.0;0.05;2;/dados/rmelo/PDPTW-SE/benchmark_multi_island_v5/official_experiments/multistartlp/official/set_01_pt_02/logs/heur_mslp/outputs/csvresults_heur_mslp_bash_2.csv;0;3;1;14;0;0.0;0.5;true;8;2;lr105_t1_06R_06V_02I_03M;/dados/rmelo/PDPTW-SE/benchmark_multi_island_v5/official_experiments/multistartlp/official/set_01_pt_02/configs/genconfig_mslp.conf;genconfig_mslp;/dados/rmelo/PDPTW-SE/benchmark_multi_island_v5/official_experiments/multistartlp/official/set_01_pt_02/logs/heur_mslp/gurobi/06R_06V_02I_03M/lr105_grb_genconfig_mslp_seed_126.log;random;06R_06V_02I_03M;1;0;1;/dados/rmelo/PDPTW-SE/benchmark_multi_island_v5/official_experiments/multistartlp/official/set_01_pt_02/../../../../instances/orig_ams_fg/06R_06V_02I_04M/t1/lr105/;60000;9;0;657.44;13;7;H;50;95;0;100.0;30.0;true;0.95;100.0;1.0;1.0;1.0;1.0;60;M;60000;60000;false;52;0.73;83.11;0.88;26;10;1000000;-1;3600;22.95;0.51;0.46;mslp;heur;0.31;0.13;-1;3600;60000;I;6;0.67;0.67;lr105;0;/dados/rmelo/PDPTW-SE/benchmark_multi_island_v5/official_experiments/multistartlp/official/set_01_pt_02/logs;0;0;0;0.0;100.0;1;126;/dados/rmelo/PDPTW-SE/benchmark_multi_island_v5/official_experiments/multistartlp/official/set_01_pt_02/logs/heur_mslp/solutions/06R_06V_02I_03M/lr105_sol_genconfig_mslp_seed_126.txt;Gurobi;AUTOMATIC;17.98;_bash_2;_seed_126;13767.35;1;0.3;/dados/rmelo/PDPTW-SE/benchmark_multi_island_v5/official_experiments/multistartlp/official/set_01_pt_02/logs/heur_mslp/timelines/06R_06V_02I_03M/lr105_timeline_genconfig_mslp_seed_126.txt;90.75;t1;0;472.54;false
0.05;0.03;0.1;0.13;0.0;0.05;2;/dados/rmelo/PDPTW-SE/benchmark_multi_island_v5/official_experiments/multistartlp/official/set_01_pt_02/logs/heur_mslp/outputs/csvresults_heur_mslp_bash_2.csv;0;4;1;14;0;0.0;0.5;true;8;2;lr105_t1_06R_06V_02I_04M;/dados/rmelo/PDPTW-SE/benchmark_multi_island_v5/official_experiments/multistartlp/official/set_01_pt_02/configs/genconfig_mslp.conf;genconfig_mslp;/dados/rmelo/PDPTW-SE/benchmark_multi_island_v5/official_experiments/multistartlp/official/set_01_pt_02/logs/heur_mslp/gurobi/06R_06V_02I_04M/lr105_grb_genconfig_mslp_seed_126.log;random;06R_06V_02I_04M;1;0;1;/dados/rmelo/PDPTW-SE/benchmark_multi_island_v5/official_experiments/multistartlp/official/set_01_pt_02/../../../../instances/orig_ams_fg/06R_06V_02I_04M/t1/lr105/;60000;9;0;656.7;13;7;H;50;95;0;100.0;30.0;true;0.95;100.0;1.0;1.0;1.0;1.0;60;M;60000;60000;false;52;0.73;83.11;0.88;26;10;1000000;-1;3600;22.97;0.51;0.46;mslp;heur;0.31;0.13;-1;3600;60000;I;6;0.75;0.67;lr105;0;/dados/rmelo/PDPTW-SE/benchmark_multi_island_v5/official_experiments/multistartlp/official/set_01_pt_02/logs;0;0;0;0.0;100.0;1;126;/dados/rmelo/PDPTW-SE/benchmark_multi_island_v5/official_experiments/multistartlp/official/set_01_pt_02/logs/heur_mslp/solutions/06R_06V_02I_04M/lr105_sol_genconfig_mslp_seed_126.txt;Gurobi;AUTOMATIC;17.95;_bash_2;_seed_126;13783.46;1;0.3;/dados/rmelo/PDPTW-SE/benchmark_multi_island_v5/official_experiments/multistartlp/official/set_01_pt_02/logs/heur_mslp/timelines/06R_06V_02I_04M/lr105_timeline_genconfig_mslp_seed_126.txt;83.43;t1;0;471.8;false
0.05;0.01;0.03;0.03;0.14;0.35;6;/dados/rmelo/PDPTW-SE/benchmark_multi_island_v5/official_experiments/multistartlp/official/set_01_pt_02/logs/heur_mslp/outputs/csvresults_heur_mslp_bash_2.csv;0;3;1;14;0;0.0;0.5;true;8;2;lr201_t2_06R_06V_02I_03M;/dados/rmelo/PDPTW-SE/benchmark_multi_island_v5/official_experiments/multistartlp/official/set_01_pt_02/configs/genconfig_mslp.conf;genconfig_mslp;/dados/rmelo/PDPTW-SE/benchmark_multi_island_v5/official_experiments/multistartlp/official/set_01_pt_02/logs/heur_mslp/gurobi/06R_06V_02I_03M/lr201_grb_genconfig_mslp_seed_126.log;random;06R_06V_02I_03M;1;0;1;/dados/rmelo/PDPTW-SE/benchmark_multi_island_v5/official_experiments/multistartlp/official/set_01_pt_02/../../../../instances/orig_ams_fg/06R_06V_02I_04M/t2/lr201/;60000;26;0;1192.38;13;7;H;50;95;0;100.0;30.0;true;0.95;100.0;1.0;1.0;1.0;1.0;60;M;60000;60000;false;52;0.64;77.67;0.87;26;10;1000000;-1;3600;26.43;0.42;0.67;mslp;heur;0.2;0.47;-1;3600;60000;I;6;0.67;0.33;lr201;0;/dados/rmelo/PDPTW-SE/benchmark_multi_island_v5/official_experiments/multistartlp/official/set_01_pt_02/logs;0;0;0;0.0;100.0;1;126;/dados/rmelo/PDPTW-SE/benchmark_multi_island_v5/official_experiments/multistartlp/official/set_01_pt_02/logs/heur_mslp/solutions/06R_06V_02I_03M/lr201_sol_genconfig_mslp_seed_126.txt;Gurobi;AUTOMATIC;17.96;_bash_2;_seed_126;15858.4;1;0.34;/dados/rmelo/PDPTW-SE/benchmark_multi_island_v5/official_experiments/multistartlp/official/set_01_pt_02/logs/heur_mslp/timelines/06R_06V_02I_03M/lr201_timeline_genconfig_mslp_seed_126.txt;83.55;t2;0;841.88;false
0.05;0.01;0.03;0.03;0.14;0.35;5;/dados/rmelo/PDPTW-SE/benchmark_multi_island_v5/official_experiments/multistartlp/official/set_01_pt_02/logs/heur_mslp/outputs/csvresults_heur_mslp_bash_2.csv;0;4;1;14;0;0.0;0.5;true;8;2;lr201_t2_06R_06V_02I_04M;/dados/rmelo/PDPTW-SE/benchmark_multi_island_v5/official_experiments/multistartlp/official/set_01_pt_02/configs/genconfig_mslp.conf;genconfig_mslp;/dados/rmelo/PDPTW-SE/benchmark_multi_island_v5/official_experiments/multistartlp/official/set_01_pt_02/logs/heur_mslp/gurobi/06R_06V_02I_04M/lr201_grb_genconfig_mslp_seed_126.log;random;06R_06V_02I_04M;1;0;1;/dados/rmelo/PDPTW-SE/benchmark_multi_island_v5/official_experiments/multistartlp/official/set_01_pt_02/../../../../instances/orig_ams_fg/06R_06V_02I_04M/t2/lr201/;60000;26;0;1190.63;13;7;H;50;95;0;100.0;30.0;true;0.95;100.0;1.0;1.0;1.0;1.0;60;M;60000;60000;false;52;0.64;75.93;0.87;26;10;1000000;-1;3600;26.66;0.42;0.67;mslp;heur;0.2;0.47;-1;3600;60000;I;6;0.5;0.33;lr201;0;/dados/rmelo/PDPTW-SE/benchmark_multi_island_v5/official_experiments/multistartlp/official/set_01_pt_02/logs;0;0;0;0.0;100.0;1;126;/dados/rmelo/PDPTW-SE/benchmark_multi_island_v5/official_experiments/multistartlp/official/set_01_pt_02/logs/heur_mslp/solutions/06R_06V_02I_04M/lr201_sol_genconfig_mslp_seed_126.txt;Gurobi;AUTOMATIC;17.73;_bash_2;_seed_126;15997.48;1;0.33;/dados/rmelo/PDPTW-SE/benchmark_multi_island_v5/official_experiments/multistartlp/official/set_01_pt_02/logs/heur_mslp/timelines/06R_06V_02I_04M/lr201_timeline_genconfig_mslp_seed_126.txt;86.01;t2;0;840.13;false
0.05;0.0;0.03;0.03;0.0;0.0;7;/dados/rmelo/PDPTW-SE/benchmark_multi_island_v5/official_experiments/multistartlp/official/set_01_pt_02/logs/heur_mslp/outputs/csvresults_heur_mslp_bash_2.csv;0;3;1;14;0;0.0;0.5;true;8;2;lr202_t2_06R_06V_02I_03M;/dados/rmelo/PDPTW-SE/benchmark_multi_island_v5/official_experiments/multistartlp/official/set_01_pt_02/configs/genconfig_mslp.conf;genconfig_mslp;/dados/rmelo/PDPTW-SE/benchmark_multi_island_v5/official_experiments/multistartlp/official/set_01_pt_02/logs/heur_mslp/gurobi/06R_06V_02I_03M/lr202_grb_genconfig_mslp_seed_126.log;random;06R_06V_02I_03M;1;0;1;/dados/rmelo/PDPTW-SE/benchmark_multi_island_v5/official_experiments/multistartlp/official/set_01_pt_02/../../../../instances/orig_ams_fg/06R_06V_02I_04M/t2/lr202/;60000;96;0;1492.5;13;7;H;50;95;0;100.0;30.0;true;0.95;100.0;1.0;1.0;1.0;1.0;60;M;60000;60000;false;38;0.38;87.35;0.92;19;10;1000000;-1;3600;42.92;0.3;0.77;mslp;heur;0.23;0.62;-1;3600;60000;I;6;0.67;0.33;lr202;0;/dados/rmelo/PDPTW-SE/benchmark_multi_island_v5/official_experiments/multistartlp/official/set_01_pt_02/logs;0;0;0;0.0;100.0;1;126;/dados/rmelo/PDPTW-SE/benchmark_multi_island_v5/official_experiments/multistartlp/official/set_01_pt_02/logs/heur_mslp/solutions/06R_06V_02I_03M/lr202_sol_genconfig_mslp_seed_126.txt;Gurobi;AUTOMATIC;17.86;_bash_2;_seed_126;25753.47;1;0.47;/dados/rmelo/PDPTW-SE/benchmark_multi_island_v5/official_experiments/multistartlp/official/set_01_pt_02/logs/heur_mslp/timelines/06R_06V_02I_03M/lr202_timeline_genconfig_mslp_seed_126.txt;95.07;t2;0;606.04;false
0.05;0.0;0.03;0.03;0.0;0.0;7;/dados/rmelo/PDPTW-SE/benchmark_multi_island_v5/official_experiments/multistartlp/official/set_01_pt_02/logs/heur_mslp/outputs/csvresults_heur_mslp_bash_2.csv;0;4;1;14;0;0.0;0.5;true;8;2;lr202_t2_06R_06V_02I_04M;/dados/rmelo/PDPTW-SE/benchmark_multi_island_v5/official_experiments/multistartlp/official/set_01_pt_02/configs/genconfig_mslp.conf;genconfig_mslp;/dados/rmelo/PDPTW-SE/benchmark_multi_island_v5/official_experiments/multistartlp/official/set_01_pt_02/logs/heur_mslp/gurobi/06R_06V_02I_04M/lr202_grb_genconfig_mslp_seed_126.log;random;06R_06V_02I_04M;1;0;1;/dados/rmelo/PDPTW-SE/benchmark_multi_island_v5/official_experiments/multistartlp/official/set_01_pt_02/../../../../instances/orig_ams_fg/06R_06V_02I_04M/t2/lr202/;60000;96;0;1492.5;13;7;H;50;95;0;100.0;30.0;true;0.95;100.0;1.0;1.0;1.0;1.0;60;M;60000;60000;false;38;0.38;87.35;0.92;19;10;1000000;-1;3600;42.92;0.3;0.77;mslp;heur;0.23;0.62;-1;3600;60000;I;6;0.5;0.33;lr202;0;/dados/rmelo/PDPTW-SE/benchmark_multi_island_v5/official_experiments/multistartlp/official/set_01_pt_02/logs;0;0;0;0.0;100.0;1;126;/dados/rmelo/PDPTW-SE/benchmark_multi_island_v5/official_experiments/multistartlp/official/set_01_pt_02/logs/heur_mslp/solutions/06R_06V_02I_04M/lr202_sol_genconfig_mslp_seed_126.txt;Gurobi;AUTOMATIC;17.83;_bash_2;_seed_126;25753.47;1;0.48;/dados/rmelo/PDPTW-SE/benchmark_multi_island_v5/official_experiments/multistartlp/official/set_01_pt_02/logs/heur_mslp/timelines/06R_06V_02I_04M/lr202_timeline_genconfig_mslp_seed_126.txt;95.53;t2;0;606.04;false
0.05;0.01;0.04;0.05;0.05;0.02;4;/dados/rmelo/PDPTW-SE/benchmark_multi_island_v5/official_experiments/multistartlp/official/set_01_pt_02/logs/heur_mslp/outputs/csvresults_heur_mslp_bash_2.csv;0;3;1;14;0;0.0;0.5;true;8;2;lr203_t2_06R_06V_02I_03M;/dados/rmelo/PDPTW-SE/benchmark_multi_island_v5/official_experiments/multistartlp/official/set_01_pt_02/configs/genconfig_mslp.conf;genconfig_mslp;/dados/rmelo/PDPTW-SE/benchmark_multi_island_v5/official_experiments/multistartlp/official/set_01_pt_02/logs/heur_mslp/gurobi/06R_06V_02I_03M/lr203_grb_genconfig_mslp_seed_126.log;random;06R_06V_02I_03M;1;0;1;/dados/rmelo/PDPTW-SE/benchmark_multi_island_v5/official_experiments/multistartlp/official/set_01_pt_02/../../../../instances/orig_ams_fg/06R_06V_02I_04M/t2/lr203/;60000;68;0;1565.61;13;7;H;50;95;0;100.0;30.0;true;0.95;100.0;1.0;1.0;1.0;1.0;60;M;60000;60000;false;32;0.68;85.56;0.88;16;10;1000000;-1;3600;33.1;0.68;0.88;mslp;heur;0.68;0.88;-1;3600;60000;I;6;1.0;0.17;lr203;0;/dados/rmelo/PDPTW-SE/benchmark_multi_island_v5/official_experiments/multistartlp/official/set_01_pt_02/logs;0;0;0;0.0;100.0;1;126;/dados/rmelo/PDPTW-SE/benchmark_multi_island_v5/official_experiments/multistartlp/official/set_01_pt_02/logs/heur_mslp/solutions/06R_06V_02I_03M/lr203_sol_genconfig_mslp_seed_126.txt;Gurobi;AUTOMATIC;18.03;_bash_2;_seed_126;19862.57;1;0.41;/dados/rmelo/PDPTW-SE/benchmark_multi_island_v5/official_experiments/multistartlp/official/set_01_pt_02/logs/heur_mslp/timelines/06R_06V_02I_03M/lr203_timeline_genconfig_mslp_seed_126.txt;98.01;t2;0;676.69;false
0.05;0.01;0.04;0.05;0.05;0.02;4;/dados/rmelo/PDPTW-SE/benchmark_multi_island_v5/official_experiments/multistartlp/official/set_01_pt_02/logs/heur_mslp/outputs/csvresults_heur_mslp_bash_2.csv;0;4;1;14;0;0.0;0.5;true;8;2;lr203_t2_06R_06V_02I_04M;/dados/rmelo/PDPTW-SE/benchmark_multi_island_v5/official_experiments/multistartlp/official/set_01_pt_02/configs/genconfig_mslp.conf;genconfig_mslp;/dados/rmelo/PDPTW-SE/benchmark_multi_island_v5/official_experiments/multistartlp/official/set_01_pt_02/logs/heur_mslp/gurobi/06R_06V_02I_04M/lr203_grb_genconfig_mslp_seed_126.log;random;06R_06V_02I_04M;1;0;1;/dados/rmelo/PDPTW-SE/benchmark_multi_island_v5/official_experiments/multistartlp/official/set_01_pt_02/../../../../instances/orig_ams_fg/06R_06V_02I_04M/t2/lr203/;60000;68;0;1565.61;13;7;H;50;95;0;100.0;30.0;true;0.95;100.0;1.0;1.0;1.0;1.0;60;M;60000;60000;false;32;0.68;85.56;0.88;16;10;1000000;-1;3600;33.14;0.68;0.88;mslp;heur;0.68;0.88;-1;3600;60000;I;6;0.75;0.17;lr203;0;/dados/rmelo/PDPTW-SE/benchmark_multi_island_v5/official_experiments/multistartlp/official/set_01_pt_02/logs;0;0;0;0.0;100.0;1;126;/dados/rmelo/PDPTW-SE/benchmark_multi_island_v5/official_experiments/multistartlp/official/set_01_pt_02/logs/heur_mslp/solutions/06R_06V_02I_04M/lr203_sol_genconfig_mslp_seed_126.txt;Gurobi;AUTOMATIC;18.05;_bash_2;_seed_126;19882.01;1;0.41;/dados/rmelo/PDPTW-SE/benchmark_multi_island_v5/official_experiments/multistartlp/official/set_01_pt_02/logs/heur_mslp/timelines/06R_06V_02I_04M/lr203_timeline_genconfig_mslp_seed_126.txt;98.87;t2;0;676.69;false
0.05;0.0;0.01;0.02;0.0;0.0;9;/dados/rmelo/PDPTW-SE/benchmark_multi_island_v5/official_experiments/multistartlp/official/set_01_pt_02/logs/heur_mslp/outputs/csvresults_heur_mslp_bash_2.csv;0;3;1;14;0;0.0;0.5;true;8;2;lr204_t2_06R_06V_02I_03M;/dados/rmelo/PDPTW-SE/benchmark_multi_island_v5/official_experiments/multistartlp/official/set_01_pt_02/configs/genconfig_mslp.conf;genconfig_mslp;/dados/rmelo/PDPTW-SE/benchmark_multi_island_v5/official_experiments/multistartlp/official/set_01_pt_02/logs/heur_mslp/gurobi/06R_06V_02I_03M/lr204_grb_genconfig_mslp_seed_126.log;random;06R_06V_02I_03M;1;0;1;/dados/rmelo/PDPTW-SE/benchmark_multi_island_v5/official_experiments/multistartlp/official/set_01_pt_02/../../../../instances/orig_ams_fg/06R_06V_02I_04M/t2/lr204/;60000;23572;0;1048.68;13;7;H;50;95;0;100.0;30.0;true;0.95;100.0;1.0;1.0;1.0;1.0;60;M;59801;60000;false;38;0.56;82.54;0.87;19;10;1000000;-1;3600;23.62;0.56;0.87;mslp;heur;0.56;0.87;-1;3600;60000;I;6;1.0;0.17;lr204;0;/dados/rmelo/PDPTW-SE/benchmark_multi_island_v5/official_experiments/multistartlp/official/set_01_pt_02/logs;0;0;0;0.0;99.67;1;126;/dados/rmelo/PDPTW-SE/benchmark_multi_island_v5/official_experiments/multistartlp/official/set_01_pt_02/logs/heur_mslp/solutions/06R_06V_02I_03M/lr204_sol_genconfig_mslp_seed_126.txt;Gurobi;AUTOMATIC;17.83;_bash_2;_seed_126;14171.15;1;43.96;/dados/rmelo/PDPTW-SE/benchmark_multi_island_v5/official_experiments/multistartlp/official/set_01_pt_02/logs/heur_mslp/timelines/06R_06V_02I_03M/lr204_timeline_genconfig_mslp_seed_126.txt;110.18;t2;0;559.82;false
0.05;0.0;0.01;0.02;0.0;0.0;8;/dados/rmelo/PDPTW-SE/benchmark_multi_island_v5/official_experiments/multistartlp/official/set_01_pt_02/logs/heur_mslp/outputs/csvresults_heur_mslp_bash_2.csv;0;4;1;14;0;0.0;0.5;true;8;2;lr204_t2_06R_06V_02I_04M;/dados/rmelo/PDPTW-SE/benchmark_multi_island_v5/official_experiments/multistartlp/official/set_01_pt_02/configs/genconfig_mslp.conf;genconfig_mslp;/dados/rmelo/PDPTW-SE/benchmark_multi_island_v5/official_experiments/multistartlp/official/set_01_pt_02/logs/heur_mslp/gurobi/06R_06V_02I_04M/lr204_grb_genconfig_mslp_seed_126.log;random;06R_06V_02I_04M;1;0;1;/dados/rmelo/PDPTW-SE/benchmark_multi_island_v5/official_experiments/multistartlp/official/set_01_pt_02/../../../../instances/orig_ams_fg/06R_06V_02I_04M/t2/lr204/;60000;2533;0;1043.7;13;7;H;50;95;0;100.0;30.0;true;0.95;100.0;1.0;1.0;1.0;1.0;60;M;59860;60000;false;38;0.55;80.27;0.94;19;10;1000000;-1;3600;21.46;0.55;0.94;mslp;heur;0.55;0.94;-1;3600;60000;I;6;0.75;0.17;lr204;0;/dados/rmelo/PDPTW-SE/benchmark_multi_island_v5/official_experiments/multistartlp/official/set_01_pt_02/logs;0;0;0;0.0;99.77;1;126;/dados/rmelo/PDPTW-SE/benchmark_multi_island_v5/official_experiments/multistartlp/official/set_01_pt_02/logs/heur_mslp/solutions/06R_06V_02I_04M/lr204_sol_genconfig_mslp_seed_126.txt;Gurobi;AUTOMATIC;18.04;_bash_2;_seed_126;12878.16;1;5.24;/dados/rmelo/PDPTW-SE/benchmark_multi_island_v5/official_experiments/multistartlp/official/set_01_pt_02/logs/heur_mslp/timelines/06R_06V_02I_04M/lr204_timeline_genconfig_mslp_seed_126.txt;113.66;t2;0;553.06;false
0.05;0.0;0.02;0.02;0.0;0.0;4;/dados/rmelo/PDPTW-SE/benchmark_multi_island_v5/official_experiments/multistartlp/official/set_01_pt_02/logs/heur_mslp/outputs/csvresults_heur_mslp_bash_2.csv;0;3;1;14;0;0.0;0.5;true;8;2;lr205_t2_06R_06V_02I_03M;/dados/rmelo/PDPTW-SE/benchmark_multi_island_v5/official_experiments/multistartlp/official/set_01_pt_02/configs/genconfig_mslp.conf;genconfig_mslp;/dados/rmelo/PDPTW-SE/benchmark_multi_island_v5/official_experiments/multistartlp/official/set_01_pt_02/logs/heur_mslp/gurobi/06R_06V_02I_03M/lr205_grb_genconfig_mslp_seed_126.log;random;06R_06V_02I_03M;1;0;1;/dados/rmelo/PDPTW-SE/benchmark_multi_island_v5/official_experiments/multistartlp/official/set_01_pt_02/../../../../instances/orig_ams_fg/06R_06V_02I_04M/t2/lr205/;60000;11;0;801.7;13;7;H;50;95;0;100.0;30.0;true;0.95;100.0;1.0;1.0;1.0;1.0;60;M;60000;60000;false;52;0.55;104.24;0.88;26;10;1000000;-1;3600;30.77;0.55;0.88;mslp;heur;0.55;0.88;-1;3600;60000;I;6;0.33;0.17;lr205;0;/dados/rmelo/PDPTW-SE/benchmark_multi_island_v5/official_experiments/multistartlp/official/set_01_pt_02/logs;0;0;0;0.0;100.0;1;126;/dados/rmelo/PDPTW-SE/benchmark_multi_island_v5/official_experiments/multistartlp/official/set_01_pt_02/logs/heur_mslp/solutions/06R_06V_02I_03M/lr205_sol_genconfig_mslp_seed_126.txt;Gurobi;AUTOMATIC;18.0;_bash_2;_seed_126;18462.22;1;0.3;/dados/rmelo/PDPTW-SE/benchmark_multi_island_v5/official_experiments/multistartlp/official/set_01_pt_02/logs/heur_mslp/timelines/06R_06V_02I_03M/lr205_timeline_genconfig_mslp_seed_126.txt;89.26;t2;0;551.63;false
0.05;0.0;0.02;0.02;0.0;0.0;4;/dados/rmelo/PDPTW-SE/benchmark_multi_island_v5/official_experiments/multistartlp/official/set_01_pt_02/logs/heur_mslp/outputs/csvresults_heur_mslp_bash_2.csv;0;4;1;14;0;0.0;0.5;true;8;2;lr205_t2_06R_06V_02I_04M;/dados/rmelo/PDPTW-SE/benchmark_multi_island_v5/official_experiments/multistartlp/official/set_01_pt_02/configs/genconfig_mslp.conf;genconfig_mslp;/dados/rmelo/PDPTW-SE/benchmark_multi_island_v5/official_experiments/multistartlp/official/set_01_pt_02/logs/heur_mslp/gurobi/06R_06V_02I_04M/lr205_grb_genconfig_mslp_seed_126.log;random;06R_06V_02I_04M;1;0;1;/dados/rmelo/PDPTW-SE/benchmark_multi_island_v5/official_experiments/multistartlp/official/set_01_pt_02/../../../../instances/orig_ams_fg/06R_06V_02I_04M/t2/lr205/;60000;11;0;796.8;13;7;H;50;95;0;100.0;30.0;true;0.95;100.0;1.0;1.0;1.0;1.0;60;M;60000;60000;false;52;0.55;101.68;0.88;26;10;1000000;-1;3600;30.71;0.55;0.88;mslp;heur;0.55;0.88;-1;3600;60000;I;6;0.25;0.17;lr205;0;/dados/rmelo/PDPTW-SE/benchmark_multi_island_v5/official_experiments/multistartlp/official/set_01_pt_02/logs;0;0;0;0.0;100.0;1;126;/dados/rmelo/PDPTW-SE/benchmark_multi_island_v5/official_experiments/multistartlp/official/set_01_pt_02/logs/heur_mslp/solutions/06R_06V_02I_04M/lr205_sol_genconfig_mslp_seed_126.txt;Gurobi;AUTOMATIC;17.91;_bash_2;_seed_126;18428.41;1;0.32;/dados/rmelo/PDPTW-SE/benchmark_multi_island_v5/official_experiments/multistartlp/official/set_01_pt_02/logs/heur_mslp/timelines/06R_06V_02I_04M/lr205_timeline_genconfig_mslp_seed_126.txt;91.69;t2;0;549.2;false
0.05;0.19;0.27;0.46;0.0;0.12;3;/dados/rmelo/PDPTW-SE/benchmark_multi_island_v5/official_experiments/multistartlp/official/set_01_pt_02/logs/heur_mslp/outputs/csvresults_heur_mslp_bash_2.csv;0;3;1;14;0;0.0;0.5;true;8;2;lr101_t1_06R_06V_04I_03M;/dados/rmelo/PDPTW-SE/benchmark_multi_island_v5/official_experiments/multistartlp/official/set_01_pt_02/configs/genconfig_mslp.conf;genconfig_mslp;/dados/rmelo/PDPTW-SE/benchmark_multi_island_v5/official_experiments/multistartlp/official/set_01_pt_02/logs/heur_mslp/gurobi/06R_06V_04I_03M/lr101_grb_genconfig_mslp_seed_126.log;random;06R_06V_04I_03M;1;55508;1;/dados/rmelo/PDPTW-SE/benchmark_multi_island_v5/official_experiments/multistartlp/official/set_01_pt_02/../../../../instances/orig_ams_fg/06R_06V_04I_04M/t1/lr101/;60000;100;0;947.93;13;7;H;50;95;0;100.0;30.0;true;0.95;100.0;1.0;1.0;1.0;1.0;60;M;4492;4492;false;52;0.85;85.65;0.5;26;10;1000000;-1;3600;14.66;0.57;0.31;mslp;heur;0.29;0.16;-1;3600;60000;I;6;1.0;1.0;lr101;0;/dados/rmelo/PDPTW-SE/benchmark_multi_island_v5/official_experiments/multistartlp/official/set_01_pt_02/logs;0;0;0;92.51;100.0;1;126;/dados/rmelo/PDPTW-SE/benchmark_multi_island_v5/official_experiments/multistartlp/official/set_01_pt_02/logs/heur_mslp/solutions/06R_06V_04I_03M/lr101_sol_genconfig_mslp_seed_126.txt;Gurobi;AUTOMATIC;17.92;_bash_2;_seed_126;658.75;1;0.33;/dados/rmelo/PDPTW-SE/benchmark_multi_island_v5/official_experiments/multistartlp/official/set_01_pt_02/logs/heur_mslp/timelines/06R_06V_04I_03M/lr101_timeline_genconfig_mslp_seed_126.txt;12.21;t1;0;784.7;false
0.05;0.07;0.2;0.27;0.03;0.13;7;/dados/rmelo/PDPTW-SE/benchmark_multi_island_v5/official_experiments/multistartlp/official/set_01_pt_02/logs/heur_mslp/outputs/csvresults_heur_mslp_bash_2.csv;0;4;1;14;0;0.0;0.5;true;8;2;lr101_t1_06R_06V_04I_04M;/dados/rmelo/PDPTW-SE/benchmark_multi_island_v5/official_experiments/multistartlp/official/set_01_pt_02/configs/genconfig_mslp.conf;genconfig_mslp;/dados/rmelo/PDPTW-SE/benchmark_multi_island_v5/official_experiments/multistartlp/official/set_01_pt_02/logs/heur_mslp/gurobi/06R_06V_04I_04M/lr101_grb_genconfig_mslp_seed_126.log;random;06R_06V_04I_04M;1;31948;1;/dados/rmelo/PDPTW-SE/benchmark_multi_island_v5/official_experiments/multistartlp/official/set_01_pt_02/../../../../instances/orig_ams_fg/06R_06V_04I_04M/t1/lr101/;60000;295;0;947.93;13;7;H;50;95;0;100.0;30.0;true;0.95;100.0;1.0;1.0;1.0;1.0;60;M;28052;28052;false;52;0.81;85.65;0.6;26;10;1000000;-1;3600;16.54;0.55;0.32;mslp;heur;0.29;0.13;-1;3600;60000;I;6;1.0;1.0;lr101;0;/dados/rmelo/PDPTW-SE/benchmark_multi_island_v5/official_experiments/multistartlp/official/set_01_pt_02/logs;0;0;0;53.25;100.0;1;126;/dados/rmelo/PDPTW-SE/benchmark_multi_island_v5/official_experiments/multistartlp/official/set_01_pt_02/logs/heur_mslp/solutions/06R_06V_04I_04M/lr101_sol_genconfig_mslp_seed_126.txt;Gurobi;AUTOMATIC;18.02;_bash_2;_seed_126;4639.14;1;0.57;/dados/rmelo/PDPTW-SE/benchmark_multi_island_v5/official_experiments/multistartlp/official/set_01_pt_02/logs/heur_mslp/timelines/06R_06V_04I_04M/lr101_timeline_genconfig_mslp_seed_126.txt;47.97;t1;0;757.4;false
0.05;0.07;0.34;0.41;0.01;0.04;2;/dados/rmelo/PDPTW-SE/benchmark_multi_island_v5/official_experiments/multistartlp/official/set_01_pt_02/logs/heur_mslp/outputs/csvresults_heur_mslp_bash_2.csv;0;3;1;14;0;0.0;0.5;true;8;2;lr102_t1_06R_06V_04I_03M;/dados/rmelo/PDPTW-SE/benchmark_multi_island_v5/official_experiments/multistartlp/official/set_01_pt_02/configs/genconfig_mslp.conf;genconfig_mslp;/dados/rmelo/PDPTW-SE/benchmark_multi_island_v5/official_experiments/multistartlp/official/set_01_pt_02/logs/heur_mslp/gurobi/06R_06V_04I_03M/lr102_grb_genconfig_mslp_seed_126.log;random;06R_06V_04I_03M;1;40799;1;/dados/rmelo/PDPTW-SE/benchmark_multi_island_v5/official_experiments/multistartlp/official/set_01_pt_02/../../../../instances/orig_ams_fg/06R_06V_04I_04M/t1/lr102/;60000;22;0;807.95;13;7;H;50;95;0;100.0;30.0;true;0.95;100.0;1.0;1.0;1.0;1.0;60;M;19201;19201;false;58;0.94;70.66;0.95;29;10;1000000;-1;3600;11.35;0.89;0.62;mslp;heur;0.85;0.4;-1;3600;60000;I;6;1.0;0.5;lr102;0;/dados/rmelo/PDPTW-SE/benchmark_multi_island_v5/official_experiments/multistartlp/official/set_01_pt_02/logs;0;0;0;68.0;100.0;1;126;/dados/rmelo/PDPTW-SE/benchmark_multi_island_v5/official_experiments/multistartlp/official/set_01_pt_02/logs/heur_mslp/solutions/06R_06V_04I_03M/lr102_sol_genconfig_mslp_seed_126.txt;Gurobi;AUTOMATIC;18.04;_bash_2;_seed_126;2179.37;1;0.3;/dados/rmelo/PDPTW-SE/benchmark_multi_island_v5/official_experiments/multistartlp/official/set_01_pt_02/logs/heur_mslp/timelines/06R_06V_04I_03M/lr102_timeline_genconfig_mslp_seed_126.txt;38.37;t1;0;619.93;false
0.05;0.0;0.33;0.33;0.01;0.04;1;/dados/rmelo/PDPTW-SE/benchmark_multi_island_v5/official_experiments/multistartlp/official/set_01_pt_02/logs/heur_mslp/outputs/csvresults_heur_mslp_bash_2.csv;0;4;1;14;0;0.0;0.5;true;8;2;lr102_t1_06R_06V_04I_04M;/dados/rmelo/PDPTW-SE/benchmark_multi_island_v5/official_experiments/multistartlp/official/set_01_pt_02/configs/genconfig_mslp.conf;genconfig_mslp;/dados/rmelo/PDPTW-SE/benchmark_multi_island_v5/official_experiments/multistartlp/official/set_01_pt_02/logs/heur_mslp/gurobi/06R_06V_04I_04M/lr102_grb_genconfig_mslp_seed_126.log;random;06R_06V_04I_04M;1;784;1;/dados/rmelo/PDPTW-SE/benchmark_multi_island_v5/official_experiments/multistartlp/official/set_01_pt_02/../../../../instances/orig_ams_fg/06R_06V_04I_04M/t1/lr102/;60000;1;0;806.1;13;7;H;50;95;0;100.0;30.0;true;0.95;100.0;1.0;1.0;1.0;1.0;60;M;59216;59216;false;58;0.98;70.66;0.95;29;10;1000000;-1;3600;13.44;0.88;0.53;mslp;heur;0.81;0.1;-1;3600;60000;I;6;0.75;0.5;lr102;0;/dados/rmelo/PDPTW-SE/benchmark_multi_island_v5/official_experiments/multistartlp/official/set_01_pt_02/logs;0;0;0;1.31;100.0;1;126;/dados/rmelo/PDPTW-SE/benchmark_multi_island_v5/official_experiments/multistartlp/official/set_01_pt_02/logs/heur_mslp/solutions/06R_06V_04I_04M/lr102_sol_genconfig_mslp_seed_126.txt;Gurobi;AUTOMATIC;17.78;_bash_2;_seed_126;7959.07;1;0.0;/dados/rmelo/PDPTW-SE/benchmark_multi_island_v5/official_experiments/multistartlp/official/set_01_pt_02/logs/heur_mslp/timelines/06R_06V_04I_04M/lr102_timeline_genconfig_mslp_seed_126.txt;102.45;t1;0;613.22;false
0.05;0.0;0.24;0.24;0.0;0.0;1;/dados/rmelo/PDPTW-SE/benchmark_multi_island_v5/official_experiments/multistartlp/official/set_01_pt_02/logs/heur_mslp/outputs/csvresults_heur_mslp_bash_2.csv;0;3;1;14;0;0.0;0.5;true;8;2;lr103_t1_06R_06V_04I_03M;/dados/rmelo/PDPTW-SE/benchmark_multi_island_v5/official_experiments/multistartlp/official/set_01_pt_02/configs/genconfig_mslp.conf;genconfig_mslp;/dados/rmelo/PDPTW-SE/benchmark_multi_island_v5/official_experiments/multistartlp/official/set_01_pt_02/logs/heur_mslp/gurobi/06R_06V_04I_03M/lr103_grb_genconfig_mslp_seed_126.log;random;06R_06V_04I_03M;1;0;1;/dados/rmelo/PDPTW-SE/benchmark_multi_island_v5/official_experiments/multistartlp/official/set_01_pt_02/../../../../instances/orig_ams_fg/06R_06V_04I_04M/t1/lr103/;60000;1;0;635.02;13;7;H;50;95;0;100.0;30.0;true;0.95;100.0;1.0;1.0;1.0;1.0;60;M;60000;60000;false;38;0.86;71.73;0.73;19;10;1000000;-1;3600;19.23;0.65;0.5;mslp;heur;0.43;0.18;-1;3600;60000;I;6;0.67;0.5;lr103;0;/dados/rmelo/PDPTW-SE/benchmark_multi_island_v5/official_experiments/multistartlp/official/set_01_pt_02/logs;0;0;0;0.0;100.0;1;126;/dados/rmelo/PDPTW-SE/benchmark_multi_island_v5/official_experiments/multistartlp/official/set_01_pt_02/logs/heur_mslp/solutions/06R_06V_04I_03M/lr103_sol_genconfig_mslp_seed_126.txt;Gurobi;AUTOMATIC;17.81;_bash_2;_seed_126;11538.86;1;0.0;/dados/rmelo/PDPTW-SE/benchmark_multi_island_v5/official_experiments/multistartlp/official/set_01_pt_02/logs/heur_mslp/timelines/06R_06V_04I_03M/lr103_timeline_genconfig_mslp_seed_126.txt;97.72;t1;0;448.87;false
0.05;0.02;0.16;0.18;0.0;0.0;1;/dados/rmelo/PDPTW-SE/benchmark_multi_island_v5/official_experiments/multistartlp/official/set_01_pt_02/logs/heur_mslp/outputs/csvresults_heur_mslp_bash_2.csv;0;4;1;14;0;0.0;0.5;true;8;2;lr103_t1_06R_06V_04I_04M;/dados/rmelo/PDPTW-SE/benchmark_multi_island_v5/official_experiments/multistartlp/official/set_01_pt_02/configs/genconfig_mslp.conf;genconfig_mslp;/dados/rmelo/PDPTW-SE/benchmark_multi_island_v5/official_experiments/multistartlp/official/set_01_pt_02/logs/heur_mslp/gurobi/06R_06V_04I_04M/lr103_grb_genconfig_mslp_seed_126.log;random;06R_06V_04I_04M;1;0;1;/dados/rmelo/PDPTW-SE/benchmark_multi_island_v5/official_experiments/multistartlp/official/set_01_pt_02/../../../../instances/orig_ams_fg/06R_06V_04I_04M/t1/lr103/;60000;1;0;633.02;13;7;H;50;95;0;100.0;30.0;true;0.95;100.0;1.0;1.0;1.0;1.0;60;M;60000;60000;false;38;0.86;71.73;0.73;19;10;1000000;-1;3600;19.31;0.65;0.5;mslp;heur;0.42;0.18;-1;3600;60000;I;6;0.75;0.5;lr103;0;/dados/rmelo/PDPTW-SE/benchmark_multi_island_v5/official_experiments/multistartlp/official/set_01_pt_02/logs;0;0;0;0.0;100.0;1;126;/dados/rmelo/PDPTW-SE/benchmark_multi_island_v5/official_experiments/multistartlp/official/set_01_pt_02/logs/heur_mslp/solutions/06R_06V_04I_04M/lr103_sol_genconfig_mslp_seed_126.txt;Gurobi;AUTOMATIC;17.69;_bash_2;_seed_126;11586.02;1;0.0;/dados/rmelo/PDPTW-SE/benchmark_multi_island_v5/official_experiments/multistartlp/official/set_01_pt_02/logs/heur_mslp/timelines/06R_06V_04I_04M/lr103_timeline_genconfig_mslp_seed_126.txt;98.83;t1;0;446.87;false
0.05;0.07;0.19;0.26;0.0;0.01;3;/dados/rmelo/PDPTW-SE/benchmark_multi_island_v5/official_experiments/multistartlp/official/set_01_pt_02/logs/heur_mslp/outputs/csvresults_heur_mslp_bash_2.csv;0;3;1;14;0;0.0;0.5;true;8;2;lr104_t1_06R_06V_04I_03M;/dados/rmelo/PDPTW-SE/benchmark_multi_island_v5/official_experiments/multistartlp/official/set_01_pt_02/configs/genconfig_mslp.conf;genconfig_mslp;/dados/rmelo/PDPTW-SE/benchmark_multi_island_v5/official_experiments/multistartlp/official/set_01_pt_02/logs/heur_mslp/gurobi/06R_06V_04I_03M/lr104_grb_genconfig_mslp_seed_126.log;random;06R_06V_04I_03M;1;0;1;/dados/rmelo/PDPTW-SE/benchmark_multi_island_v5/official_experiments/multistartlp/official/set_01_pt_02/../../../../instances/orig_ams_fg/06R_06V_04I_04M/t1/lr104/;60000;8;0;543.69;13;7;H;50;95;0;100.0;30.0;true;0.95;100.0;1.0;1.0;1.0;1.0;60;M;60000;60000;false;40;0.86;68.79;0.5;20;10;1000000;-1;3600;11.21;0.68;0.48;mslp;heur;0.46;0.46;-1;3600;60000;I;6;1.0;0.5;lr104;0;/dados/rmelo/PDPTW-SE/benchmark_multi_island_v5/official_experiments/multistartlp/official/set_01_pt_02/logs;0;0;0;0.0;100.0;1;126;/dados/rmelo/PDPTW-SE/benchmark_multi_island_v5/official_experiments/multistartlp/official/set_01_pt_02/logs/heur_mslp/solutions/06R_06V_04I_03M/lr104_sol_genconfig_mslp_seed_126.txt;Gurobi;AUTOMATIC;18.0;_bash_2;_seed_126;6728.56;1;0.33;/dados/rmelo/PDPTW-SE/benchmark_multi_island_v5/official_experiments/multistartlp/official/set_01_pt_02/logs/heur_mslp/timelines/06R_06V_04I_03M/lr104_timeline_genconfig_mslp_seed_126.txt;97.99;t1;0;469.54;false
0.05;0.04;0.14;0.18;0.0;0.01;3;/dados/rmelo/PDPTW-SE/benchmark_multi_island_v5/official_experiments/multistartlp/official/set_01_pt_02/logs/heur_mslp/outputs/csvresults_heur_mslp_bash_2.csv;0;4;1;14;0;0.0;0.5;true;8;2;lr104_t1_06R_06V_04I_04M;/dados/rmelo/PDPTW-SE/benchmark_multi_island_v5/official_experiments/multistartlp/official/set_01_pt_02/configs/genconfig_mslp.conf;genconfig_mslp;/dados/rmelo/PDPTW-SE/benchmark_multi_island_v5/official_experiments/multistartlp/official/set_01_pt_02/logs/heur_mslp/gurobi/06R_06V_04I_04M/lr104_grb_genconfig_mslp_seed_126.log;random;06R_06V_04I_04M;1;0;1;/dados/rmelo/PDPTW-SE/benchmark_multi_island_v5/official_experiments/multistartlp/official/set_01_pt_02/../../../../instances/orig_ams_fg/06R_06V_04I_04M/t1/lr104/;60000;8;0;545.06;13;7;H;50;95;0;100.0;30.0;true;0.95;100.0;1.0;1.0;1.0;1.0;60;M;60000;60000;false;40;0.85;68.79;0.5;20;10;1000000;-1;3600;11.91;0.67;0.48;mslp;heur;0.46;0.46;-1;3600;60000;I;6;1.0;0.5;lr104;0;/dados/rmelo/PDPTW-SE/benchmark_multi_island_v5/official_experiments/multistartlp/official/set_01_pt_02/logs;0;0;0;0.0;100.0;1;126;/dados/rmelo/PDPTW-SE/benchmark_multi_island_v5/official_experiments/multistartlp/official/set_01_pt_02/logs/heur_mslp/solutions/06R_06V_04I_04M/lr104_sol_genconfig_mslp_seed_126.txt;Gurobi;AUTOMATIC;17.94;_bash_2;_seed_126;7145.99;1;0.34;/dados/rmelo/PDPTW-SE/benchmark_multi_island_v5/official_experiments/multistartlp/official/set_01_pt_02/logs/heur_mslp/timelines/06R_06V_04I_04M/lr104_timeline_genconfig_mslp_seed_126.txt;98.86;t1;0;465.1;false
0.05;0.13;0.25;0.38;0.0;0.02;3;/dados/rmelo/PDPTW-SE/benchmark_multi_island_v5/official_experiments/multistartlp/official/set_01_pt_02/logs/heur_mslp/outputs/csvresults_heur_mslp_bash_2.csv;0;3;1;14;0;0.0;0.5;true;8;2;lr105_t1_06R_06V_04I_03M;/dados/rmelo/PDPTW-SE/benchmark_multi_island_v5/official_experiments/multistartlp/official/set_01_pt_02/configs/genconfig_mslp.conf;genconfig_mslp;/dados/rmelo/PDPTW-SE/benchmark_multi_island_v5/official_experiments/multistartlp/official/set_01_pt_02/logs/heur_mslp/gurobi/06R_06V_04I_03M/lr105_grb_genconfig_mslp_seed_126.log;random;06R_06V_04I_03M;1;43185;1;/dados/rmelo/PDPTW-SE/benchmark_multi_island_v5/official_experiments/multistartlp/official/set_01_pt_02/../../../../instances/orig_ams_fg/06R_06V_04I_04M/t1/lr105/;60000;17;0;828.31;13;7;H;50;95;0;100.0;30.0;true;0.95;100.0;1.0;1.0;1.0;1.0;60;M;16815;16815;false;52;0.71;85.31;0.88;26;10;1000000;-1;3600;15.8;0.57;0.51;mslp;heur;0.36;0.21;-1;3600;60000;I;6;1.0;0.67;lr105;0;/dados/rmelo/PDPTW-SE/benchmark_multi_island_v5/official_experiments/multistartlp/official/set_01_pt_02/logs;0;0;0;71.97;100.0;1;126;/dados/rmelo/PDPTW-SE/benchmark_multi_island_v5/official_experiments/multistartlp/official/set_01_pt_02/logs/heur_mslp/solutions/06R_06V_04I_03M/lr105_sol_genconfig_mslp_seed_126.txt;Gurobi;AUTOMATIC;17.88;_bash_2;_seed_126;2657.17;1;0.29;/dados/rmelo/PDPTW-SE/benchmark_multi_island_v5/official_experiments/multistartlp/official/set_01_pt_02/logs/heur_mslp/timelines/06R_06V_04I_03M/lr105_timeline_genconfig_mslp_seed_126.txt;32.8;t1;0;521.52;false
0.05;0.07;0.18;0.25;0.0;0.02;6;/dados/rmelo/PDPTW-SE/benchmark_multi_island_v5/official_experiments/multistartlp/official/set_01_pt_02/logs/heur_mslp/outputs/csvresults_heur_mslp_bash_2.csv;0;4;1;14;0;0.0;0.5;true;8;2;lr105_t1_06R_06V_04I_04M;/dados/rmelo/PDPTW-SE/benchmark_multi_island_v5/official_experiments/multistartlp/official/set_01_pt_02/configs/genconfig_mslp.conf;genconfig_mslp;/dados/rmelo/PDPTW-SE/benchmark_multi_island_v5/official_experiments/multistartlp/official/set_01_pt_02/logs/heur_mslp/gurobi/06R_06V_04I_04M/lr105_grb_genconfig_mslp_seed_126.log;random;06R_06V_04I_04M;1;0;1;/dados/rmelo/PDPTW-SE/benchmark_multi_island_v5/official_experiments/multistartlp/official/set_01_pt_02/../../../../instances/orig_ams_fg/06R_06V_04I_04M/t1/lr105/;60000;1743;0;657.35;13;7;H;50;95;0;100.0;30.0;true;0.95;100.0;1.0;1.0;1.0;1.0;60;M;60000;60000;false;52;0.69;85.31;0.88;26;10;1000000;-1;3600;18.48;0.56;0.47;mslp;heur;0.37;0.16;-1;3600;60000;I;6;1.0;0.67;lr105;0;/dados/rmelo/PDPTW-SE/benchmark_multi_island_v5/official_experiments/multistartlp/official/set_01_pt_02/logs;0;0;0;0.0;100.0;1;126;/dados/rmelo/PDPTW-SE/benchmark_multi_island_v5/official_experiments/multistartlp/official/set_01_pt_02/logs/heur_mslp/solutions/06R_06V_04I_04M/lr105_sol_genconfig_mslp_seed_126.txt;Gurobi;AUTOMATIC;17.93;_bash_2;_seed_126;11088.22;1;3.25;/dados/rmelo/PDPTW-SE/benchmark_multi_island_v5/official_experiments/multistartlp/official/set_01_pt_02/logs/heur_mslp/timelines/06R_06V_04I_04M/lr105_timeline_genconfig_mslp_seed_126.txt;100.5;t1;0;513.23;false
0.05;0.01;0.06;0.07;0.11;0.34;5;/dados/rmelo/PDPTW-SE/benchmark_multi_island_v5/official_experiments/multistartlp/official/set_01_pt_02/logs/heur_mslp/outputs/csvresults_heur_mslp_bash_2.csv;0;3;1;14;0;0.0;0.5;true;8;2;lr201_t2_06R_06V_04I_03M;/dados/rmelo/PDPTW-SE/benchmark_multi_island_v5/official_experiments/multistartlp/official/set_01_pt_02/configs/genconfig_mslp.conf;genconfig_mslp;/dados/rmelo/PDPTW-SE/benchmark_multi_island_v5/official_experiments/multistartlp/official/set_01_pt_02/logs/heur_mslp/gurobi/06R_06V_04I_03M/lr201_grb_genconfig_mslp_seed_126.log;random;06R_06V_04I_03M;1;0;1;/dados/rmelo/PDPTW-SE/benchmark_multi_island_v5/official_experiments/multistartlp/official/set_01_pt_02/../../../../instances/orig_ams_fg/06R_06V_04I_04M/t2/lr201/;60000;40;0;1203.31;13;7;H;50;95;0;100.0;30.0;true;0.95;100.0;1.0;1.0;1.0;1.0;60;M;60000;60000;false;52;0.72;76.3;0.87;26;10;1000000;-1;3600;23.32;0.45;0.73;mslp;heur;0.18;0.59;-1;3600;60000;I;6;1.0;0.33;lr201;0;/dados/rmelo/PDPTW-SE/benchmark_multi_island_v5/official_experiments/multistartlp/official/set_01_pt_02/logs;0;0;0;0.0;100.0;1;126;/dados/rmelo/PDPTW-SE/benchmark_multi_island_v5/official_experiments/multistartlp/official/set_01_pt_02/logs/heur_mslp/solutions/06R_06V_04I_03M/lr201_sol_genconfig_mslp_seed_126.txt;Gurobi;AUTOMATIC;17.8;_bash_2;_seed_126;13993.07;1;0.35;/dados/rmelo/PDPTW-SE/benchmark_multi_island_v5/official_experiments/multistartlp/official/set_01_pt_02/logs/heur_mslp/timelines/06R_06V_04I_03M/lr201_timeline_genconfig_mslp_seed_126.txt;98.3;t2;0;903.79;false
0.05;0.02;0.04;0.06;0.12;0.31;4;/dados/rmelo/PDPTW-SE/benchmark_multi_island_v5/official_experiments/multistartlp/official/set_01_pt_02/logs/heur_mslp/outputs/csvresults_heur_mslp_bash_2.csv;0;4;1;14;0;0.0;0.5;true;8;2;lr201_t2_06R_06V_04I_04M;/dados/rmelo/PDPTW-SE/benchmark_multi_island_v5/official_experiments/multistartlp/official/set_01_pt_02/configs/genconfig_mslp.conf;genconfig_mslp;/dados/rmelo/PDPTW-SE/benchmark_multi_island_v5/official_experiments/multistartlp/official/set_01_pt_02/logs/heur_mslp/gurobi/06R_06V_04I_04M/lr201_grb_genconfig_mslp_seed_126.log;random;06R_06V_04I_04M;1;0;1;/dados/rmelo/PDPTW-SE/benchmark_multi_island_v5/official_experiments/multistartlp/official/set_01_pt_02/../../../../instances/orig_ams_fg/06R_06V_04I_04M/t2/lr201/;60000;12;0;1203.31;13;7;H;50;95;0;100.0;30.0;true;0.95;100.0;1.0;1.0;1.0;1.0;60;M;60000;60000;false;52;0.65;76.01;0.87;26;10;1000000;-1;3600;23.27;0.45;0.73;mslp;heur;0.25;0.59;-1;3600;60000;I;6;1.0;0.33;lr201;0;/dados/rmelo/PDPTW-SE/benchmark_multi_island_v5/official_experiments/multistartlp/official/set_01_pt_02/logs;0;0;0;0.0;100.0;1;126;/dados/rmelo/PDPTW-SE/benchmark_multi_island_v5/official_experiments/multistartlp/official/set_01_pt_02/logs/heur_mslp/solutions/06R_06V_04I_04M/lr201_sol_genconfig_mslp_seed_126.txt;Gurobi;AUTOMATIC;17.89;_bash_2;_seed_126;13962.66;1;0.33;/dados/rmelo/PDPTW-SE/benchmark_multi_island_v5/official_experiments/multistartlp/official/set_01_pt_02/logs/heur_mslp/timelines/06R_06V_04I_04M/lr201_timeline_genconfig_mslp_seed_126.txt;99.42;t2;0;895.88;false
0.05;0.03;0.05;0.08;0.0;0.0;6;/dados/rmelo/PDPTW-SE/benchmark_multi_island_v5/official_experiments/multistartlp/official/set_01_pt_02/logs/heur_mslp/outputs/csvresults_heur_mslp_bash_2.csv;0;3;1;14;0;0.0;0.5;true;8;2;lr202_t2_06R_06V_04I_03M;/dados/rmelo/PDPTW-SE/benchmark_multi_island_v5/official_experiments/multistartlp/official/set_01_pt_02/configs/genconfig_mslp.conf;genconfig_mslp;/dados/rmelo/PDPTW-SE/benchmark_multi_island_v5/official_experiments/multistartlp/official/set_01_pt_02/logs/heur_mslp/gurobi/06R_06V_04I_03M/lr202_grb_genconfig_mslp_seed_126.log;random;06R_06V_04I_03M;1;0;1;/dados/rmelo/PDPTW-SE/benchmark_multi_island_v5/official_experiments/multistartlp/official/set_01_pt_02/../../../../instances/orig_ams_fg/06R_06V_04I_04M/t2/lr202/;60000;97;0;1496.63;13;7;H;50;95;0;100.0;30.0;true;0.95;100.0;1.0;1.0;1.0;1.0;60;M;60000;60000;false;38;0.55;90.37;0.88;19;10;1000000;-1;3600;27.17;0.55;0.88;mslp;heur;0.55;0.88;-1;3600;60000;I;6;1.0;0.17;lr202;0;/dados/rmelo/PDPTW-SE/benchmark_multi_island_v5/official_experiments/multistartlp/official/set_01_pt_02/logs;0;0;0;0.0;100.0;1;126;/dados/rmelo/PDPTW-SE/benchmark_multi_island_v5/official_experiments/multistartlp/official/set_01_pt_02/logs/heur_mslp/solutions/06R_06V_04I_03M/lr202_sol_genconfig_mslp_seed_126.txt;Gurobi;AUTOMATIC;18.14;_bash_2;_seed_126;16302.11;1;0.46;/dados/rmelo/PDPTW-SE/benchmark_multi_island_v5/official_experiments/multistartlp/official/set_01_pt_02/logs/heur_mslp/timelines/06R_06V_04I_03M/lr202_timeline_genconfig_mslp_seed_126.txt;107.06;t2;0;547.87;false
0.05;0.03;0.04;0.07;0.0;0.01;6;/dados/rmelo/PDPTW-SE/benchmark_multi_island_v5/official_experiments/multistartlp/official/set_01_pt_02/logs/heur_mslp/outputs/csvresults_heur_mslp_bash_2.csv;0;4;1;14;0;0.0;0.5;true;8;2;lr202_t2_06R_06V_04I_04M;/dados/rmelo/PDPTW-SE/benchmark_multi_island_v5/official_experiments/multistartlp/official/set_01_pt_02/configs/genconfig_mslp.conf;genconfig_mslp;/dados/rmelo/PDPTW-SE/benchmark_multi_island_v5/official_experiments/multistartlp/official/set_01_pt_02/logs/heur_mslp/gurobi/06R_06V_04I_04M/lr202_grb_genconfig_mslp_seed_126.log;random;06R_06V_04I_04M;1;0;1;/dados/rmelo/PDPTW-SE/benchmark_multi_island_v5/official_experiments/multistartlp/official/set_01_pt_02/../../../../instances/orig_ams_fg/06R_06V_04I_04M/t2/lr202/;60000;97;0;1496.63;13;7;H;50;95;0;100.0;30.0;true;0.95;100.0;1.0;1.0;1.0;1.0;60;M;60000;60000;false;38;0.55;88.29;0.88;19;10;1000000;-1;3600;27.28;0.55;0.88;mslp;heur;0.55;0.88;-1;3600;60000;I;6;1.0;0.17;lr202;0;/dados/rmelo/PDPTW-SE/benchmark_multi_island_v5/official_experiments/multistartlp/official/set_01_pt_02/logs;0;0;0;0.0;100.0;1;126;/dados/rmelo/PDPTW-SE/benchmark_multi_island_v5/official_experiments/multistartlp/official/set_01_pt_02/logs/heur_mslp/solutions/06R_06V_04I_04M/lr202_sol_genconfig_mslp_seed_126.txt;Gurobi;AUTOMATIC;18.32;_bash_2;_seed_126;16370.04;1;0.48;/dados/rmelo/PDPTW-SE/benchmark_multi_island_v5/official_experiments/multistartlp/official/set_01_pt_02/logs/heur_mslp/timelines/06R_06V_04I_04M/lr202_timeline_genconfig_mslp_seed_126.txt;111.05;t2;0;547.87;false
0.05;0.03;0.12;0.14;0.07;0.01;5;/dados/rmelo/PDPTW-SE/benchmark_multi_island_v5/official_experiments/multistartlp/official/set_01_pt_02/logs/heur_mslp/outputs/csvresults_heur_mslp_bash_2.csv;0;3;1;14;0;0.0;0.5;true;8;2;lr203_t2_06R_06V_04I_03M;/dados/rmelo/PDPTW-SE/benchmark_multi_island_v5/official_experiments/multistartlp/official/set_01_pt_02/configs/genconfig_mslp.conf;genconfig_mslp;/dados/rmelo/PDPTW-SE/benchmark_multi_island_v5/official_experiments/multistartlp/official/set_01_pt_02/logs/heur_mslp/gurobi/06R_06V_04I_03M/lr203_grb_genconfig_mslp_seed_126.log;random;06R_06V_04I_03M;1;0;1;/dados/rmelo/PDPTW-SE/benchmark_multi_island_v5/official_experiments/multistartlp/official/set_01_pt_02/../../../../instances/orig_ams_fg/06R_06V_04I_04M/t2/lr203/;60000;54;0;868.06;13;7;H;50;95;0;100.0;30.0;true;0.95;100.0;1.0;1.0;1.0;1.0;60;M;60000;60000;false;32;0.69;82.48;1.0;16;10;1000000;-1;3600;27.8;0.69;1.0;mslp;heur;0.69;1.0;-1;3600;60000;I;6;0.67;0.17;lr203;0;/dados/rmelo/PDPTW-SE/benchmark_multi_island_v5/official_experiments/multistartlp/official/set_01_pt_02/logs;0;0;0;0.0;100.0;1;126;/dados/rmelo/PDPTW-SE/benchmark_multi_island_v5/official_experiments/multistartlp/official/set_01_pt_02/logs/heur_mslp/solutions/06R_06V_04I_03M/lr203_sol_genconfig_mslp_seed_126.txt;Gurobi;AUTOMATIC;18.11;_bash_2;_seed_126;16680.72;1;0.37;/dados/rmelo/PDPTW-SE/benchmark_multi_island_v5/official_experiments/multistartlp/official/set_01_pt_02/logs/heur_mslp/timelines/06R_06V_04I_03M/lr203_timeline_genconfig_mslp_seed_126.txt;108.59;t2;0;685.01;false
0.05;0.01;0.08;0.09;0.07;0.01;5;/dados/rmelo/PDPTW-SE/benchmark_multi_island_v5/official_experiments/multistartlp/official/set_01_pt_02/logs/heur_mslp/outputs/csvresults_heur_mslp_bash_2.csv;0;4;1;14;0;0.0;0.5;true;8;2;lr203_t2_06R_06V_04I_04M;/dados/rmelo/PDPTW-SE/benchmark_multi_island_v5/official_experiments/multistartlp/official/set_01_pt_02/configs/genconfig_mslp.conf;genconfig_mslp;/dados/rmelo/PDPTW-SE/benchmark_multi_island_v5/official_experiments/multistartlp/official/set_01_pt_02/logs/heur_mslp/gurobi/06R_06V_04I_04M/lr203_grb_genconfig_mslp_seed_126.log;random;06R_06V_04I_04M;1;0;1;/dados/rmelo/PDPTW-SE/benchmark_multi_island_v5/official_experiments/multistartlp/official/set_01_pt_02/../../../../instances/orig_ams_fg/06R_06V_04I_04M/t2/lr203/;60000;54;0;868.06;13;7;H;50;95;0;100.0;30.0;true;0.95;100.0;1.0;1.0;1.0;1.0;60;M;60000;60000;false;32;0.68;81.38;1.0;16;10;1000000;-1;3600;30.53;0.68;1.0;mslp;heur;0.68;1.0;-1;3600;60000;I;6;0.75;0.17;lr203;0;/dados/rmelo/PDPTW-SE/benchmark_multi_island_v5/official_experiments/multistartlp/official/set_01_pt_02/logs;0;0;0;0.0;100.0;1;126;/dados/rmelo/PDPTW-SE/benchmark_multi_island_v5/official_experiments/multistartlp/official/set_01_pt_02/logs/heur_mslp/solutions/06R_06V_04I_04M/lr203_sol_genconfig_mslp_seed_126.txt;Gurobi;AUTOMATIC;17.77;_bash_2;_seed_126;18315.46;1;0.39;/dados/rmelo/PDPTW-SE/benchmark_multi_island_v5/official_experiments/multistartlp/official/set_01_pt_02/logs/heur_mslp/timelines/06R_06V_04I_04M/lr203_timeline_genconfig_mslp_seed_126.txt;112.19;t2;0;681.89;false
0.05;0.04;0.07;0.11;0.0;0.0;7;/dados/rmelo/PDPTW-SE/benchmark_multi_island_v5/official_experiments/multistartlp/official/set_01_pt_02/logs/heur_mslp/outputs/csvresults_heur_mslp_bash_2.csv;0;3;1;14;0;0.0;0.5;true;8;2;lr204_t2_06R_06V_04I_03M;/dados/rmelo/PDPTW-SE/benchmark_multi_island_v5/official_experiments/multistartlp/official/set_01_pt_02/configs/genconfig_mslp.conf;genconfig_mslp;/dados/rmelo/PDPTW-SE/benchmark_multi_island_v5/official_experiments/multistartlp/official/set_01_pt_02/logs/heur_mslp/gurobi/06R_06V_04I_03M/lr204_grb_genconfig_mslp_seed_126.log;random;06R_06V_04I_03M;1;0;1;/dados/rmelo/PDPTW-SE/benchmark_multi_island_v5/official_experiments/multistartlp/official/set_01_pt_02/../../../../instances/orig_ams_fg/06R_06V_04I_04M/t2/lr204/;60000;1325;0;1060.82;13;7;H;50;95;0;100.0;30.0;true;0.95;100.0;1.0;1.0;1.0;1.0;60;M;60000;60000;false;38;0.42;82.37;0.97;19;10;1000000;-1;3600;21.53;0.31;0.6;mslp;heur;0.19;0.24;-1;3600;60000;I;6;1.0;0.33;lr204;0;/dados/rmelo/PDPTW-SE/benchmark_multi_island_v5/official_experiments/multistartlp/official/set_01_pt_02/logs;0;0;0;0.0;100.0;1;126;/dados/rmelo/PDPTW-SE/benchmark_multi_island_v5/official_experiments/multistartlp/official/set_01_pt_02/logs/heur_mslp/solutions/06R_06V_04I_03M/lr204_sol_genconfig_mslp_seed_126.txt;Gurobi;AUTOMATIC;17.86;_bash_2;_seed_126;12915.93;1;3.31;/dados/rmelo/PDPTW-SE/benchmark_multi_island_v5/official_experiments/multistartlp/official/set_01_pt_02/logs/heur_mslp/timelines/06R_06V_04I_03M/lr204_timeline_genconfig_mslp_seed_126.txt;126.11;t2;0;610.47;false
0.05;0.01;0.05;0.06;0.0;0.0;4;/dados/rmelo/PDPTW-SE/benchmark_multi_island_v5/official_experiments/multistartlp/official/set_01_pt_02/logs/heur_mslp/outputs/csvresults_heur_mslp_bash_2.csv;0;4;1;14;0;0.0;0.5;true;8;2;lr204_t2_06R_06V_04I_04M;/dados/rmelo/PDPTW-SE/benchmark_multi_island_v5/official_experiments/multistartlp/official/set_01_pt_02/configs/genconfig_mslp.conf;genconfig_mslp;/dados/rmelo/PDPTW-SE/benchmark_multi_island_v5/official_experiments/multistartlp/official/set_01_pt_02/logs/heur_mslp/gurobi/06R_06V_04I_04M/lr204_grb_genconfig_mslp_seed_126.log;random;06R_06V_04I_04M;1;0;1;/dados/rmelo/PDPTW-SE/benchmark_multi_island_v5/official_experiments/multistartlp/official/set_01_pt_02/../../../../instances/orig_ams_fg/06R_06V_04I_04M/t2/lr204/;60000;937;0;1055.59;13;7;H;50;95;0;100.0;30.0;true;0.95;100.0;1.0;1.0;1.0;1.0;60;M;60000;60000;false;38;0.41;82.37;0.82;19;10;1000000;-1;3600;22.35;0.3;0.58;mslp;heur;0.19;0.35;-1;3600;60000;I;6;1.0;0.33;lr204;0;/dados/rmelo/PDPTW-SE/benchmark_multi_island_v5/official_experiments/multistartlp/official/set_01_pt_02/logs;0;0;0;0.0;100.0;1;126;/dados/rmelo/PDPTW-SE/benchmark_multi_island_v5/official_experiments/multistartlp/official/set_01_pt_02/logs/heur_mslp/solutions/06R_06V_04I_04M/lr204_sol_genconfig_mslp_seed_126.txt;Gurobi;AUTOMATIC;17.89;_bash_2;_seed_126;13411.38;1;2.56;/dados/rmelo/PDPTW-SE/benchmark_multi_island_v5/official_experiments/multistartlp/official/set_01_pt_02/logs/heur_mslp/timelines/06R_06V_04I_04M/lr204_timeline_genconfig_mslp_seed_126.txt;130.29;t2;0;601.61;false
0.05;0.02;0.05;0.07;0.0;0.0;13;/dados/rmelo/PDPTW-SE/benchmark_multi_island_v5/official_experiments/multistartlp/official/set_01_pt_02/logs/heur_mslp/outputs/csvresults_heur_mslp_bash_2.csv;0;3;1;14;0;0.0;0.5;true;8;2;lr205_t2_06R_06V_04I_03M;/dados/rmelo/PDPTW-SE/benchmark_multi_island_v5/official_experiments/multistartlp/official/set_01_pt_02/configs/genconfig_mslp.conf;genconfig_mslp;/dados/rmelo/PDPTW-SE/benchmark_multi_island_v5/official_experiments/multistartlp/official/set_01_pt_02/logs/heur_mslp/gurobi/06R_06V_04I_03M/lr205_grb_genconfig_mslp_seed_126.log;random;06R_06V_04I_03M;1;0;1;/dados/rmelo/PDPTW-SE/benchmark_multi_island_v5/official_experiments/multistartlp/official/set_01_pt_02/../../../../instances/orig_ams_fg/06R_06V_04I_04M/t2/lr205/;60000;325;0;791.37;13;7;H;50;95;0;100.0;30.0;true;0.95;100.0;1.0;1.0;1.0;1.0;60;M;60000;60000;false;52;0.54;68.19;0.88;26;10;1000000;-1;3600;27.14;0.54;0.88;mslp;heur;0.54;0.88;-1;3600;60000;I;6;1.0;0.17;lr205;0;/dados/rmelo/PDPTW-SE/benchmark_multi_island_v5/official_experiments/multistartlp/official/set_01_pt_02/logs;0;0;0;0.0;100.0;1;126;/dados/rmelo/PDPTW-SE/benchmark_multi_island_v5/official_experiments/multistartlp/official/set_01_pt_02/logs/heur_mslp/solutions/06R_06V_04I_03M/lr205_sol_genconfig_mslp_seed_126.txt;Gurobi;AUTOMATIC;18.15;_bash_2;_seed_126;16286.32;1;0.99;/dados/rmelo/PDPTW-SE/benchmark_multi_island_v5/official_experiments/multistartlp/official/set_01_pt_02/logs/heur_mslp/timelines/06R_06V_04I_03M/lr205_timeline_genconfig_mslp_seed_126.txt;116.42;t2;0;535.22;false
0.05;0.01;0.05;0.06;0.0;0.01;12;/dados/rmelo/PDPTW-SE/benchmark_multi_island_v5/official_experiments/multistartlp/official/set_01_pt_02/logs/heur_mslp/outputs/csvresults_heur_mslp_bash_2.csv;0;4;1;14;0;0.0;0.5;true;8;2;lr205_t2_06R_06V_04I_04M;/dados/rmelo/PDPTW-SE/benchmark_multi_island_v5/official_experiments/multistartlp/official/set_01_pt_02/configs/genconfig_mslp.conf;genconfig_mslp;/dados/rmelo/PDPTW-SE/benchmark_multi_island_v5/official_experiments/multistartlp/official/set_01_pt_02/logs/heur_mslp/gurobi/06R_06V_04I_04M/lr205_grb_genconfig_mslp_seed_126.log;random;06R_06V_04I_04M;1;0;1;/dados/rmelo/PDPTW-SE/benchmark_multi_island_v5/official_experiments/multistartlp/official/set_01_pt_02/../../../../instances/orig_ams_fg/06R_06V_04I_04M/t2/lr205/;60000;89;0;786.72;13;7;H;50;95;0;100.0;30.0;true;0.95;100.0;1.0;1.0;1.0;1.0;60;M;60000;60000;false;52;0.54;68.19;1.0;26;10;1000000;-1;3600;26.83;0.54;1.0;mslp;heur;0.54;1.0;-1;3600;60000;I;6;0.75;0.17;lr205;0;/dados/rmelo/PDPTW-SE/benchmark_multi_island_v5/official_experiments/multistartlp/official/set_01_pt_02/logs;0;0;0;0.0;100.0;1;126;/dados/rmelo/PDPTW-SE/benchmark_multi_island_v5/official_experiments/multistartlp/official/set_01_pt_02/logs/heur_mslp/solutions/06R_06V_04I_04M/lr205_sol_genconfig_mslp_seed_126.txt;Gurobi;AUTOMATIC;17.88;_bash_2;_seed_126;16098.68;1;0.49;/dados/rmelo/PDPTW-SE/benchmark_multi_island_v5/official_experiments/multistartlp/official/set_01_pt_02/logs/heur_mslp/timelines/06R_06V_04I_04M/lr205_timeline_genconfig_mslp_seed_126.txt;121.07;t2;0;535.22;false
0.05;0.06;0.14;0.2;0.0;0.2;7;/dados/rmelo/PDPTW-SE/benchmark_multi_island_v5/official_experiments/multistartlp/official/set_01_pt_02/logs/heur_mslp/outputs/csvresults_heur_mslp_bash_2.csv;0;3;1;18;0;0.0;0.5;true;10;2;lr101_t1_08R_08V_02I_03M;/dados/rmelo/PDPTW-SE/benchmark_multi_island_v5/official_experiments/multistartlp/official/set_01_pt_02/configs/genconfig_mslp.conf;genconfig_mslp;/dados/rmelo/PDPTW-SE/benchmark_multi_island_v5/official_experiments/multistartlp/official/set_01_pt_02/logs/heur_mslp/gurobi/08R_08V_02I_03M/lr101_grb_genconfig_mslp_seed_126.log;random;08R_08V_02I_03M;1;38973;1;/dados/rmelo/PDPTW-SE/benchmark_multi_island_v5/official_experiments/multistartlp/official/set_01_pt_02/../../../../instances/orig_ams_fg/08R_08V_02I_04M/t1/lr101/;60000;250;0;1215.57;17;9;H;50;95;0;100.0;30.0;true;0.95;100.0;1.0;1.0;1.0;1.0;60;M;21027;21027;false;52;0.79;72.32;0.87;26;10;1000000;-1;3600;21.9;0.59;0.37;mslp;heur;0.49;0.16;-1;3600;60000;I;8;1.0;0.88;lr101;0;/dados/rmelo/PDPTW-SE/benchmark_multi_island_v5/official_experiments/multistartlp/official/set_01_pt_02/logs;0;0;0;64.96;100.0;1;126;/dados/rmelo/PDPTW-SE/benchmark_multi_island_v5/official_experiments/multistartlp/official/set_01_pt_02/logs/heur_mslp/solutions/08R_08V_02I_03M/lr101_sol_genconfig_mslp_seed_126.txt;Gurobi;AUTOMATIC;17.92;_bash_2;_seed_126;4604.16;1;0.53;/dados/rmelo/PDPTW-SE/benchmark_multi_island_v5/official_experiments/multistartlp/official/set_01_pt_02/logs/heur_mslp/timelines/08R_08V_02I_03M/lr101_timeline_genconfig_mslp_seed_126.txt;43.42;t1;0;946.87;false
0.05;0.03;0.11;0.14;0.0;0.2;4;/dados/rmelo/PDPTW-SE/benchmark_multi_island_v5/official_experiments/multistartlp/official/set_01_pt_02/logs/heur_mslp/outputs/csvresults_heur_mslp_bash_2.csv;0;4;1;18;0;0.0;0.5;true;10;2;lr101_t1_08R_08V_02I_04M;/dados/rmelo/PDPTW-SE/benchmark_multi_island_v5/official_experiments/multistartlp/official/set_01_pt_02/configs/genconfig_mslp.conf;genconfig_mslp;/dados/rmelo/PDPTW-SE/benchmark_multi_island_v5/official_experiments/multistartlp/official/set_01_pt_02/logs/heur_mslp/gurobi/08R_08V_02I_04M/lr101_grb_genconfig_mslp_seed_126.log;random;08R_08V_02I_04M;1;19433;1;/dados/rmelo/PDPTW-SE/benchmark_multi_island_v5/official_experiments/multistartlp/official/set_01_pt_02/../../../../instances/orig_ams_fg/08R_08V_02I_04M/t1/lr101/;60000;261;0;1344.99;17;9;H;50;95;0;100.0;30.0;true;0.95;100.0;1.0;1.0;1.0;1.0;60;M;40567;40567;false;52;0.79;72.32;0.87;26;10;1000000;-1;3600;22.33;0.59;0.38;mslp;heur;0.49;0.19;-1;3600;60000;I;8;1.0;0.88;lr101;0;/dados/rmelo/PDPTW-SE/benchmark_multi_island_v5/official_experiments/multistartlp/official/set_01_pt_02/logs;0;0;0;32.39;100.0;1;126;/dados/rmelo/PDPTW-SE/benchmark_multi_island_v5/official_experiments/multistartlp/official/set_01_pt_02/logs/heur_mslp/solutions/08R_08V_02I_04M/lr101_sol_genconfig_mslp_seed_126.txt;Gurobi;AUTOMATIC;17.89;_bash_2;_seed_126;9057.86;1;0.69;/dados/rmelo/PDPTW-SE/benchmark_multi_island_v5/official_experiments/multistartlp/official/set_01_pt_02/logs/heur_mslp/timelines/08R_08V_02I_04M/lr101_timeline_genconfig_mslp_seed_126.txt;77.63;t1;0;948.49;false
0.05;0.06;0.09;0.15;0.0;0.05;7;/dados/rmelo/PDPTW-SE/benchmark_multi_island_v5/official_experiments/multistartlp/official/set_01_pt_02/logs/heur_mslp/outputs/csvresults_heur_mslp_bash_2.csv;0;3;1;18;0;0.0;0.5;true;10;2;lr102_t1_08R_08V_02I_03M;/dados/rmelo/PDPTW-SE/benchmark_multi_island_v5/official_experiments/multistartlp/official/set_01_pt_02/configs/genconfig_mslp.conf;genconfig_mslp;/dados/rmelo/PDPTW-SE/benchmark_multi_island_v5/official_experiments/multistartlp/official/set_01_pt_02/logs/heur_mslp/gurobi/08R_08V_02I_03M/lr102_grb_genconfig_mslp_seed_126.log;random;08R_08V_02I_03M;1;0;1;/dados/rmelo/PDPTW-SE/benchmark_multi_island_v5/official_experiments/multistartlp/official/set_01_pt_02/../../../../instances/orig_ams_fg/08R_08V_02I_04M/t1/lr102/;60000;380;0;934.37;17;9;H;50;95;0;100.0;30.0;true;0.95;100.0;1.0;1.0;1.0;1.0;60;M;60000;60000;false;58;0.8;73.54;0.96;29;10;1000000;-1;3600;15.31;0.67;0.51;mslp;heur;0.38;0.1;-1;3600;60000;I;8;0.67;0.62;lr102;0;/dados/rmelo/PDPTW-SE/benchmark_multi_island_v5/official_experiments/multistartlp/official/set_01_pt_02/logs;0;0;0;0.0;100.0;1;126;/dados/rmelo/PDPTW-SE/benchmark_multi_island_v5/official_experiments/multistartlp/official/set_01_pt_02/logs/heur_mslp/solutions/08R_08V_02I_03M/lr102_sol_genconfig_mslp_seed_126.txt;Gurobi;AUTOMATIC;17.61;_bash_2;_seed_126;9184.75;1;1.05;/dados/rmelo/PDPTW-SE/benchmark_multi_island_v5/official_experiments/multistartlp/official/set_01_pt_02/logs/heur_mslp/timelines/08R_08V_02I_03M/lr102_timeline_genconfig_mslp_seed_126.txt;107.56;t1;0;770.92;false
0.05;0.06;0.09;0.15;0.0;0.05;7;/dados/rmelo/PDPTW-SE/benchmark_multi_island_v5/official_experiments/multistartlp/official/set_01_pt_02/logs/heur_mslp/outputs/csvresults_heur_mslp_bash_2.csv;0;4;1;18;0;0.0;0.5;true;10;2;lr102_t1_08R_08V_02I_04M;/dados/rmelo/PDPTW-SE/benchmark_multi_island_v5/official_experiments/multistartlp/official/set_01_pt_02/configs/genconfig_mslp.conf;genconfig_mslp;/dados/rmelo/PDPTW-SE/benchmark_multi_island_v5/official_experiments/multistartlp/official/set_01_pt_02/logs/heur_mslp/gurobi/08R_08V_02I_04M/lr102_grb_genconfig_mslp_seed_126.log;random;08R_08V_02I_04M;1;0;1;/dados/rmelo/PDPTW-SE/benchmark_multi_island_v5/official_experiments/multistartlp/official/set_01_pt_02/../../../../instances/orig_ams_fg/08R_08V_02I_04M/t1/lr102/;60000;380;0;934.37;17;9;H;50;95;0;100.0;30.0;true;0.95;100.0;1.0;1.0;1.0;1.0;60;M;60000;60000;false;58;0.8;73.54;0.96;29;10;1000000;-1;3600;15.31;0.67;0.51;mslp;heur;0.38;0.1;-1;3600;60000;I;8;0.5;0.62;lr102;0;/dados/rmelo/PDPTW-SE/benchmark_multi_island_v5/official_experiments/multistartlp/official/set_01_pt_02/logs;0;0;0;0.0;100.0;1;126;/dados/rmelo/PDPTW-SE/benchmark_multi_island_v5/official_experiments/multistartlp/official/set_01_pt_02/logs/heur_mslp/solutions/08R_08V_02I_04M/lr102_sol_genconfig_mslp_seed_126.txt;Gurobi;AUTOMATIC;17.97;_bash_2;_seed_126;9184.75;1;1.05;/dados/rmelo/PDPTW-SE/benchmark_multi_island_v5/official_experiments/multistartlp/official/set_01_pt_02/logs/heur_mslp/timelines/08R_08V_02I_04M/lr102_timeline_genconfig_mslp_seed_126.txt;109.68;t1;0;770.92;false
0.05;0.0;0.08;0.08;0.0;0.0;6;/dados/rmelo/PDPTW-SE/benchmark_multi_island_v5/official_experiments/multistartlp/official/set_01_pt_02/logs/heur_mslp/outputs/csvresults_heur_mslp_bash_2.csv;0;3;1;18;0;0.0;0.5;true;10;2;lr103_t1_08R_08V_02I_03M;/dados/rmelo/PDPTW-SE/benchmark_multi_island_v5/official_experiments/multistartlp/official/set_01_pt_02/configs/genconfig_mslp.conf;genconfig_mslp;/dados/rmelo/PDPTW-SE/benchmark_multi_island_v5/official_experiments/multistartlp/official/set_01_pt_02/logs/heur_mslp/gurobi/08R_08V_02I_03M/lr103_grb_genconfig_mslp_seed_126.log;random;08R_08V_02I_03M;1;33;1;/dados/rmelo/PDPTW-SE/benchmark_multi_island_v5/official_experiments/multistartlp/official/set_01_pt_02/../../../../instances/orig_ams_fg/08R_08V_02I_04M/t1/lr103/;60000;452;0;880.71;17;9;H;50;95;0;100.0;30.0;true;0.95;100.0;1.0;1.0;1.0;1.0;60;M;59782;59967;false;38;0.93;83.42;0.69;19;10;1000000;-1;3600;12.32;0.79;0.63;mslp;heur;0.66;0.59;-1;3600;60000;I;8;0.67;0.38;lr103;0;/dados/rmelo/PDPTW-SE/benchmark_multi_island_v5/official_experiments/multistartlp/official/set_01_pt_02/logs;0;0;0;0.06;99.69;1;126;/dados/rmelo/PDPTW-SE/benchmark_multi_island_v5/official_experiments/multistartlp/official/set_01_pt_02/logs/heur_mslp/solutions/08R_08V_02I_03M/lr103_sol_genconfig_mslp_seed_126.txt;Gurobi;AUTOMATIC;18.21;_bash_2;_seed_126;7387.3;1;1.25;/dados/rmelo/PDPTW-SE/benchmark_multi_island_v5/official_experiments/multistartlp/official/set_01_pt_02/logs/heur_mslp/timelines/08R_08V_02I_03M/lr103_timeline_genconfig_mslp_seed_126.txt;115.07;t1;0;546.38;false
0.05;0.0;0.08;0.08;0.0;0.0;5;/dados/rmelo/PDPTW-SE/benchmark_multi_island_v5/official_experiments/multistartlp/official/set_01_pt_02/logs/heur_mslp/outputs/csvresults_heur_mslp_bash_2.csv;0;4;1;18;0;0.0;0.5;true;10;2;lr103_t1_08R_08V_02I_04M;/dados/rmelo/PDPTW-SE/benchmark_multi_island_v5/official_experiments/multistartlp/official/set_01_pt_02/configs/genconfig_mslp.conf;genconfig_mslp;/dados/rmelo/PDPTW-SE/benchmark_multi_island_v5/official_experiments/multistartlp/official/set_01_pt_02/logs/heur_mslp/gurobi/08R_08V_02I_04M/lr103_grb_genconfig_mslp_seed_126.log;random;08R_08V_02I_04M;1;0;1;/dados/rmelo/PDPTW-SE/benchmark_multi_island_v5/official_experiments/multistartlp/official/set_01_pt_02/../../../../instances/orig_ams_fg/08R_08V_02I_04M/t1/lr103/;60000;156;0;716.28;17;9;H;50;95;0;100.0;30.0;true;0.95;100.0;1.0;1.0;1.0;1.0;60;M;59832;60000;false;38;0.93;83.42;0.69;19;10;1000000;-1;3600;12.16;0.79;0.54;mslp;heur;0.66;0.42;-1;3600;60000;I;8;0.5;0.38;lr103;0;/dados/rmelo/PDPTW-SE/benchmark_multi_island_v5/official_experiments/multistartlp/official/set_01_pt_02/logs;0;0;0;0.0;99.72;1;126;/dados/rmelo/PDPTW-SE/benchmark_multi_island_v5/official_experiments/multistartlp/official/set_01_pt_02/logs/heur_mslp/solutions/08R_08V_02I_04M/lr103_sol_genconfig_mslp_seed_126.txt;Gurobi;AUTOMATIC;18.01;_bash_2;_seed_126;7297.59;1;0.68;/dados/rmelo/PDPTW-SE/benchmark_multi_island_v5/official_experiments/multistartlp/official/set_01_pt_02/logs/heur_mslp/timelines/08R_08V_02I_04M/lr103_timeline_genconfig_mslp_seed_126.txt;118.05;t1;0;546.38;false
0.05;0.05;0.1;0.14;0.0;0.02;3;/dados/rmelo/PDPTW-SE/benchmark_multi_island_v5/official_experiments/multistartlp/official/set_01_pt_02/logs/heur_mslp/outputs/csvresults_heur_mslp_bash_2.csv;0;3;1;18;0;0.0;0.5;true;10;2;lr104_t1_08R_08V_02I_03M;/dados/rmelo/PDPTW-SE/benchmark_multi_island_v5/official_experiments/multistartlp/official/set_01_pt_02/configs/genconfig_mslp.conf;genconfig_mslp;/dados/rmelo/PDPTW-SE/benchmark_multi_island_v5/official_experiments/multistartlp/official/set_01_pt_02/logs/heur_mslp/gurobi/08R_08V_02I_03M/lr104_grb_genconfig_mslp_seed_126.log;random;08R_08V_02I_03M;1;0;1;/dados/rmelo/PDPTW-SE/benchmark_multi_island_v5/official_experiments/multistartlp/official/set_01_pt_02/../../../../instances/orig_ams_fg/08R_08V_02I_04M/t1/lr104/;60000;4;0;740.13;17;9;H;50;95;0;100.0;30.0;true;0.95;100.0;1.0;1.0;1.0;1.0;60;M;60000;60000;false;40;0.84;79.52;0.73;20;10;1000000;-1;3600;12.94;0.81;0.69;mslp;heur;0.79;0.61;-1;3600;60000;I;8;0.67;0.38;lr104;0;/dados/rmelo/PDPTW-SE/benchmark_multi_island_v5/official_experiments/multistartlp/official/set_01_pt_02/logs;0;0;0;0.0;100.0;1;126;/dados/rmelo/PDPTW-SE/benchmark_multi_island_v5/official_experiments/multistartlp/official/set_01_pt_02/logs/heur_mslp/solutions/08R_08V_02I_03M/lr104_sol_genconfig_mslp_seed_126.txt;Gurobi;AUTOMATIC;18.09;_bash_2;_seed_126;7764.93;1;0.33;/dados/rmelo/PDPTW-SE/benchmark_multi_island_v5/official_experiments/multistartlp/official/set_01_pt_02/logs/heur_mslp/timelines/08R_08V_02I_03M/lr104_timeline_genconfig_mslp_seed_126.txt;107.14;t1;0;558.37;false
0.05;0.05;0.1;0.14;0.0;0.02;3;/dados/rmelo/PDPTW-SE/benchmark_multi_island_v5/official_experiments/multistartlp/official/set_01_pt_02/logs/heur_mslp/outputs/csvresults_heur_mslp_bash_2.csv;0;4;1;18;0;0.0;0.5;true;10;2;lr104_t1_08R_08V_02I_04M;/dados/rmelo/PDPTW-SE/benchmark_multi_island_v5/official_experiments/multistartlp/official/set_01_pt_02/configs/genconfig_mslp.conf;genconfig_mslp;/dados/rmelo/PDPTW-SE/benchmark_multi_island_v5/official_experiments/multistartlp/official/set_01_pt_02/logs/heur_mslp/gurobi/08R_08V_02I_04M/lr104_grb_genconfig_mslp_seed_126.log;random;08R_08V_02I_04M;1;0;1;/dados/rmelo/PDPTW-SE/benchmark_multi_island_v5/official_experiments/multistartlp/official/set_01_pt_02/../../../../instances/orig_ams_fg/08R_08V_02I_04M/t1/lr104/;60000;4;0;740.13;17;9;H;50;95;0;100.0;30.0;true;0.95;100.0;1.0;1.0;1.0;1.0;60;M;60000;60000;false;40;0.84;78.99;0.73;20;10;1000000;-1;3600;13.15;0.81;0.69;mslp;heur;0.79;0.61;-1;3600;60000;I;8;0.5;0.38;lr104;0;/dados/rmelo/PDPTW-SE/benchmark_multi_island_v5/official_experiments/multistartlp/official/set_01_pt_02/logs;0;0;0;0.0;100.0;1;126;/dados/rmelo/PDPTW-SE/benchmark_multi_island_v5/official_experiments/multistartlp/official/set_01_pt_02/logs/heur_mslp/solutions/08R_08V_02I_04M/lr104_sol_genconfig_mslp_seed_126.txt;Gurobi;AUTOMATIC;18.03;_bash_2;_seed_126;7888.11;1;0.29;/dados/rmelo/PDPTW-SE/benchmark_multi_island_v5/official_experiments/multistartlp/official/set_01_pt_02/logs/heur_mslp/timelines/08R_08V_02I_04M/lr104_timeline_genconfig_mslp_seed_126.txt;109.32;t1;0;558.37;false
0.05;0.0;0.15;0.15;0.0;0.05;4;/dados/rmelo/PDPTW-SE/benchmark_multi_island_v5/official_experiments/multistartlp/official/set_01_pt_02/logs/heur_mslp/outputs/csvresults_heur_mslp_bash_2.csv;0;3;1;18;0;0.0;0.5;true;10;2;lr105_t1_08R_08V_02I_03M;/dados/rmelo/PDPTW-SE/benchmark_multi_island_v5/official_experiments/multistartlp/official/set_01_pt_02/configs/genconfig_mslp.conf;genconfig_mslp;/dados/rmelo/PDPTW-SE/benchmark_multi_island_v5/official_experiments/multistartlp/official/set_01_pt_02/logs/heur_mslp/gurobi/08R_08V_02I_03M/lr105_grb_genconfig_mslp_seed_126.log;random;08R_08V_02I_03M;1;0;1;/dados/rmelo/PDPTW-SE/benchmark_multi_island_v5/official_experiments/multistartlp/official/set_01_pt_02/../../../../instances/orig_ams_fg/08R_08V_02I_04M/t1/lr105/;60000;142;0;719.46;17;9;H;50;95;0;100.0;30.0;true;0.95;100.0;1.0;1.0;1.0;1.0;60;M;60000;60000;false;52;0.81;83.11;0.88;26;10;1000000;-1;3600;18.44;0.61;0.5;mslp;heur;0.43;0.29;-1;3600;60000;I;8;0.67;0.5;lr105;0;/dados/rmelo/PDPTW-SE/benchmark_multi_island_v5/official_experiments/multistartlp/official/set_01_pt_02/logs;0;0;0;0.0;100.0;1;126;/dados/rmelo/PDPTW-SE/benchmark_multi_island_v5/official_experiments/multistartlp/official/set_01_pt_02/logs/heur_mslp/solutions/08R_08V_02I_03M/lr105_sol_genconfig_mslp_seed_126.txt;Gurobi;AUTOMATIC;18.01;_bash_2;_seed_126;11062.33;1;0.56;/dados/rmelo/PDPTW-SE/benchmark_multi_island_v5/official_experiments/multistartlp/official/set_01_pt_02/logs/heur_mslp/timelines/08R_08V_02I_03M/lr105_timeline_genconfig_mslp_seed_126.txt;99.31;t1;0;557.04;false
0.05;0.03;0.1;0.13;0.0;0.05;4;/dados/rmelo/PDPTW-SE/benchmark_multi_island_v5/official_experiments/multistartlp/official/set_01_pt_02/logs/heur_mslp/outputs/csvresults_heur_mslp_bash_2.csv;0;4;1;18;0;0.0;0.5;true;10;2;lr105_t1_08R_08V_02I_04M;/dados/rmelo/PDPTW-SE/benchmark_multi_island_v5/official_experiments/multistartlp/official/set_01_pt_02/configs/genconfig_mslp.conf;genconfig_mslp;/dados/rmelo/PDPTW-SE/benchmark_multi_island_v5/official_experiments/multistartlp/official/set_01_pt_02/logs/heur_mslp/gurobi/08R_08V_02I_04M/lr105_grb_genconfig_mslp_seed_126.log;random;08R_08V_02I_04M;1;0;1;/dados/rmelo/PDPTW-SE/benchmark_multi_island_v5/official_experiments/multistartlp/official/set_01_pt_02/../../../../instances/orig_ams_fg/08R_08V_02I_04M/t1/lr105/;60000;142;0;719.46;17;9;H;50;95;0;100.0;30.0;true;0.95;100.0;1.0;1.0;1.0;1.0;60;M;60000;60000;false;52;0.81;83.11;0.88;26;10;1000000;-1;3600;18.46;0.6;0.5;mslp;heur;0.43;0.29;-1;3600;60000;I;8;0.75;0.5;lr105;0;/dados/rmelo/PDPTW-SE/benchmark_multi_island_v5/official_experiments/multistartlp/official/set_01_pt_02/logs;0;0;0;0.0;100.0;1;126;/dados/rmelo/PDPTW-SE/benchmark_multi_island_v5/official_experiments/multistartlp/official/set_01_pt_02/logs/heur_mslp/solutions/08R_08V_02I_04M/lr105_sol_genconfig_mslp_seed_126.txt;Gurobi;AUTOMATIC;17.73;_bash_2;_seed_126;11073.93;1;0.53;/dados/rmelo/PDPTW-SE/benchmark_multi_island_v5/official_experiments/multistartlp/official/set_01_pt_02/logs/heur_mslp/timelines/08R_08V_02I_04M/lr105_timeline_genconfig_mslp_seed_126.txt;101.24;t1;0;556.3;false
0.05;0.0;0.07;0.07;0.0;0.16;5;/dados/rmelo/PDPTW-SE/benchmark_multi_island_v5/official_experiments/multistartlp/official/set_01_pt_02/logs/heur_mslp/outputs/csvresults_heur_mslp_bash_2.csv;0;3;1;18;0;0.0;0.5;true;10;2;lr201_t2_08R_08V_02I_03M;/dados/rmelo/PDPTW-SE/benchmark_multi_island_v5/official_experiments/multistartlp/official/set_01_pt_02/configs/genconfig_mslp.conf;genconfig_mslp;/dados/rmelo/PDPTW-SE/benchmark_multi_island_v5/official_experiments/multistartlp/official/set_01_pt_02/logs/heur_mslp/gurobi/08R_08V_02I_03M/lr201_grb_genconfig_mslp_seed_126.log;random;08R_08V_02I_03M;1;0;1;/dados/rmelo/PDPTW-SE/benchmark_multi_island_v5/official_experiments/multistartlp/official/set_01_pt_02/../../../../instances/orig_ams_fg/08R_08V_02I_04M/t2/lr201/;60000;58;0;1710.14;17;9;H;50;95;0;100.0;30.0;true;0.95;100.0;1.0;1.0;1.0;1.0;60;M;60000;60000;false;52;0.66;87.48;0.9;26;10;1000000;-1;3600;26.91;0.47;0.88;mslp;heur;0.29;0.87;-1;3600;60000;I;8;0.33;0.25;lr201;0;/dados/rmelo/PDPTW-SE/benchmark_multi_island_v5/official_experiments/multistartlp/official/set_01_pt_02/logs;0;0;0;0.0;100.0;1;126;/dados/rmelo/PDPTW-SE/benchmark_multi_island_v5/official_experiments/multistartlp/official/set_01_pt_02/logs/heur_mslp/solutions/08R_08V_02I_03M/lr201_sol_genconfig_mslp_seed_126.txt;Gurobi;AUTOMATIC;17.85;_bash_2;_seed_126;16146.9;1;0.42;/dados/rmelo/PDPTW-SE/benchmark_multi_island_v5/official_experiments/multistartlp/official/set_01_pt_02/logs/heur_mslp/timelines/08R_08V_02I_03M/lr201_timeline_genconfig_mslp_seed_126.txt;102.97;t2;0;948.1;false
0.05;0.0;0.07;0.07;0.0;0.16;5;/dados/rmelo/PDPTW-SE/benchmark_multi_island_v5/official_experiments/multistartlp/official/set_01_pt_02/logs/heur_mslp/outputs/csvresults_heur_mslp_bash_2.csv;0;4;1;18;0;0.0;0.5;true;10;2;lr201_t2_08R_08V_02I_04M;/dados/rmelo/PDPTW-SE/benchmark_multi_island_v5/official_experiments/multistartlp/official/set_01_pt_02/configs/genconfig_mslp.conf;genconfig_mslp;/dados/rmelo/PDPTW-SE/benchmark_multi_island_v5/official_experiments/multistartlp/official/set_01_pt_02/logs/heur_mslp/gurobi/08R_08V_02I_04M/lr201_grb_genconfig_mslp_seed_126.log;random;08R_08V_02I_04M;1;0;1;/dados/rmelo/PDPTW-SE/benchmark_multi_island_v5/official_experiments/multistartlp/official/set_01_pt_02/../../../../instances/orig_ams_fg/08R_08V_02I_04M/t2/lr201/;60000;58;0;1708.18;17;9;H;50;95;0;100.0;30.0;true;0.95;100.0;1.0;1.0;1.0;1.0;60;M;60000;60000;false;52;0.66;86.34;0.9;26;10;1000000;-1;3600;26.86;0.47;0.88;mslp;heur;0.29;0.87;-1;3600;60000;I;8;0.25;0.25;lr201;0;/dados/rmelo/PDPTW-SE/benchmark_multi_island_v5/official_experiments/multistartlp/official/set_01_pt_02/logs;0;0;0;0.0;100.0;1;126;/dados/rmelo/PDPTW-SE/benchmark_multi_island_v5/official_experiments/multistartlp/official/set_01_pt_02/logs/heur_mslp/solutions/08R_08V_02I_04M/lr201_sol_genconfig_mslp_seed_126.txt;Gurobi;AUTOMATIC;17.77;_bash_2;_seed_126;16117.6;1;0.42;/dados/rmelo/PDPTW-SE/benchmark_multi_island_v5/official_experiments/multistartlp/official/set_01_pt_02/logs/heur_mslp/timelines/08R_08V_02I_04M/lr201_timeline_genconfig_mslp_seed_126.txt;103.03;t2;0;944.72;false
0.05;0.01;0.03;0.04;0.0;0.01;11;/dados/rmelo/PDPTW-SE/benchmark_multi_island_v5/official_experiments/multistartlp/official/set_01_pt_02/logs/heur_mslp/outputs/csvresults_heur_mslp_bash_2.csv;0;3;1;18;0;0.0;0.5;true;10;2;lr202_t2_08R_08V_02I_03M;/dados/rmelo/PDPTW-SE/benchmark_multi_island_v5/official_experiments/multistartlp/official/set_01_pt_02/configs/genconfig_mslp.conf;genconfig_mslp;/dados/rmelo/PDPTW-SE/benchmark_multi_island_v5/official_experiments/multistartlp/official/set_01_pt_02/logs/heur_mslp/gurobi/08R_08V_02I_03M/lr202_grb_genconfig_mslp_seed_126.log;random;08R_08V_02I_03M;1;0;1;/dados/rmelo/PDPTW-SE/benchmark_multi_island_v5/official_experiments/multistartlp/official/set_01_pt_02/../../../../instances/orig_ams_fg/08R_08V_02I_04M/t2/lr202/;60000;12536;0;1528.75;17;9;H;50;95;0;100.0;30.0;true;0.95;100.0;1.0;1.0;1.0;1.0;60;M;60000;60000;false;46;0.41;71.28;0.78;23;10;1000000;-1;3600;34.79;0.35;0.65;mslp;heur;0.28;0.53;-1;3600;60000;I;8;0.67;0.25;lr202;0;/dados/rmelo/PDPTW-SE/benchmark_multi_island_v5/official_experiments/multistartlp/official/set_01_pt_02/logs;0;0;0;0.0;100.0;1;126;/dados/rmelo/PDPTW-SE/benchmark_multi_island_v5/official_experiments/multistartlp/official/set_01_pt_02/logs/heur_mslp/solutions/08R_08V_02I_03M/lr202_sol_genconfig_mslp_seed_126.txt;Gurobi;AUTOMATIC;17.96;_bash_2;_seed_126;20876.36;1;27.24;/dados/rmelo/PDPTW-SE/benchmark_multi_island_v5/official_experiments/multistartlp/official/set_01_pt_02/logs/heur_mslp/timelines/08R_08V_02I_03M/lr202_timeline_genconfig_mslp_seed_126.txt;128.05;t2;0;694.1;false
0.05;0.01;0.03;0.04;0.0;0.01;11;/dados/rmelo/PDPTW-SE/benchmark_multi_island_v5/official_experiments/multistartlp/official/set_01_pt_02/logs/heur_mslp/outputs/csvresults_heur_mslp_bash_2.csv;0;4;1;18;0;0.0;0.5;true;10;2;lr202_t2_08R_08V_02I_04M;/dados/rmelo/PDPTW-SE/benchmark_multi_island_v5/official_experiments/multistartlp/official/set_01_pt_02/configs/genconfig_mslp.conf;genconfig_mslp;/dados/rmelo/PDPTW-SE/benchmark_multi_island_v5/official_experiments/multistartlp/official/set_01_pt_02/logs/heur_mslp/gurobi/08R_08V_02I_04M/lr202_grb_genconfig_mslp_seed_126.log;random;08R_08V_02I_04M;1;0;1;/dados/rmelo/PDPTW-SE/benchmark_multi_island_v5/official_experiments/multistartlp/official/set_01_pt_02/../../../../instances/orig_ams_fg/08R_08V_02I_04M/t2/lr202/;60000;12536;0;1528.75;17;9;H;50;95;0;100.0;30.0;true;0.95;100.0;1.0;1.0;1.0;1.0;60;M;60000;60000;false;46;0.41;71.28;0.78;23;10;1000000;-1;3600;34.81;0.35;0.65;mslp;heur;0.28;0.53;-1;3600;60000;I;8;0.5;0.25;lr202;0;/dados/rmelo/PDPTW-SE/benchmark_multi_island_v5/official_experiments/multistartlp/official/set_01_pt_02/logs;0;0;0;0.0;100.0;1;126;/dados/rmelo/PDPTW-SE/benchmark_multi_island_v5/official_experiments/multistartlp/official/set_01_pt_02/logs/heur_mslp/solutions/08R_08V_02I_04M/lr202_sol_genconfig_mslp_seed_126.txt;Gurobi;AUTOMATIC;17.94;_bash_2;_seed_126;20887.33;1;27.67;/dados/rmelo/PDPTW-SE/benchmark_multi_island_v5/official_experiments/multistartlp/official/set_01_pt_02/logs/heur_mslp/timelines/08R_08V_02I_04M/lr202_timeline_genconfig_mslp_seed_126.txt;131.49;t2;0;694.1;false
0.05;0.0;0.02;0.02;0.03;0.01;10;/dados/rmelo/PDPTW-SE/benchmark_multi_island_v5/official_experiments/multistartlp/official/set_01_pt_02/logs/heur_mslp/outputs/csvresults_heur_mslp_bash_2.csv;0;3;1;18;0;0.0;0.5;true;10;2;lr203_t2_08R_08V_02I_03M;/dados/rmelo/PDPTW-SE/benchmark_multi_island_v5/official_experiments/multistartlp/official/set_01_pt_02/configs/genconfig_mslp.conf;genconfig_mslp;/dados/rmelo/PDPTW-SE/benchmark_multi_island_v5/official_experiments/multistartlp/official/set_01_pt_02/logs/heur_mslp/gurobi/08R_08V_02I_03M/lr203_grb_genconfig_mslp_seed_126.log;random;08R_08V_02I_03M;1;0;1;/dados/rmelo/PDPTW-SE/benchmark_multi_island_v5/official_experiments/multistartlp/official/set_01_pt_02/../../../../instances/orig_ams_fg/08R_08V_02I_04M/t2/lr203/;60000;279;0;868.06;17;9;H;50;95;0;100.0;30.0;true;0.95;100.0;1.0;1.0;1.0;1.0;60;M;60000;60000;false;34;0.69;102.9;0.85;17;10;1000000;-1;3600;23.98;0.69;0.85;mslp;heur;0.69;0.85;-1;3600;60000;I;8;1.0;0.12;lr203;0;/dados/rmelo/PDPTW-SE/benchmark_multi_island_v5/official_experiments/multistartlp/official/set_01_pt_02/logs;0;0;0;0.0;100.0;1;126;/dados/rmelo/PDPTW-SE/benchmark_multi_island_v5/official_experiments/multistartlp/official/set_01_pt_02/logs/heur_mslp/solutions/08R_08V_02I_03M/lr203_sol_genconfig_mslp_seed_126.txt;Gurobi;AUTOMATIC;17.92;_bash_2;_seed_126;14390.06;1;0.92;/dados/rmelo/PDPTW-SE/benchmark_multi_island_v5/official_experiments/multistartlp/official/set_01_pt_02/logs/heur_mslp/timelines/08R_08V_02I_03M/lr203_timeline_genconfig_mslp_seed_126.txt;128.07;t2;0;685.02;false
0.05;0.0;0.02;0.02;0.03;0.01;11;/dados/rmelo/PDPTW-SE/benchmark_multi_island_v5/official_experiments/multistartlp/official/set_01_pt_02/logs/heur_mslp/outputs/csvresults_heur_mslp_bash_2.csv;0;4;1;18;0;0.0;0.5;true;10;2;lr203_t2_08R_08V_02I_04M;/dados/rmelo/PDPTW-SE/benchmark_multi_island_v5/official_experiments/multistartlp/official/set_01_pt_02/configs/genconfig_mslp.conf;genconfig_mslp;/dados/rmelo/PDPTW-SE/benchmark_multi_island_v5/official_experiments/multistartlp/official/set_01_pt_02/logs/heur_mslp/gurobi/08R_08V_02I_04M/lr203_grb_genconfig_mslp_seed_126.log;random;08R_08V_02I_04M;1;0;1;/dados/rmelo/PDPTW-SE/benchmark_multi_island_v5/official_experiments/multistartlp/official/set_01_pt_02/../../../../instances/orig_ams_fg/08R_08V_02I_04M/t2/lr203/;60000;279;0;868.06;17;9;H;50;95;0;100.0;30.0;true;0.95;100.0;1.0;1.0;1.0;1.0;60;M;60000;60000;false;34;0.68;102.9;0.85;17;10;1000000;-1;3600;24.3;0.68;0.85;mslp;heur;0.68;0.85;-1;3600;60000;I;8;0.75;0.12;lr203;0;/dados/rmelo/PDPTW-SE/benchmark_multi_island_v5/official_experiments/multistartlp/official/set_01_pt_02/logs;0;0;0;0.0;100.0;1;126;/dados/rmelo/PDPTW-SE/benchmark_multi_island_v5/official_experiments/multistartlp/official/set_01_pt_02/logs/heur_mslp/solutions/08R_08V_02I_04M/lr203_sol_genconfig_mslp_seed_126.txt;Gurobi;AUTOMATIC;17.83;_bash_2;_seed_126;14577.06;1;0.94;/dados/rmelo/PDPTW-SE/benchmark_multi_island_v5/official_experiments/multistartlp/official/set_01_pt_02/logs/heur_mslp/timelines/08R_08V_02I_04M/lr203_timeline_genconfig_mslp_seed_126.txt;131.42;t2;0;684.26;false
0.05;0.0;0.02;0.02;0.0;0.0;7;/dados/rmelo/PDPTW-SE/benchmark_multi_island_v5/official_experiments/multistartlp/official/set_01_pt_02/logs/heur_mslp/outputs/csvresults_heur_mslp_bash_2.csv;0;3;1;18;0;0.0;0.5;true;10;2;lr204_t2_08R_08V_02I_03M;/dados/rmelo/PDPTW-SE/benchmark_multi_island_v5/official_experiments/multistartlp/official/set_01_pt_02/configs/genconfig_mslp.conf;genconfig_mslp;/dados/rmelo/PDPTW-SE/benchmark_multi_island_v5/official_experiments/multistartlp/official/set_01_pt_02/logs/heur_mslp/gurobi/08R_08V_02I_03M/lr204_grb_genconfig_mslp_seed_126.log;random;08R_08V_02I_03M;1;0;1;/dados/rmelo/PDPTW-SE/benchmark_multi_island_v5/official_experiments/multistartlp/official/set_01_pt_02/../../../../instances/orig_ams_fg/08R_08V_02I_04M/t2/lr204/;60000;21339;0;921.69;17;9;H;50;95;0;100.0;30.0;true;0.95;100.0;1.0;1.0;1.0;1.0;60;M;58513;60000;false;38;0.51;129.13;0.91;19;10;1000000;-1;3600;13.09;0.34;0.68;mslp;heur;0.17;0.46;-1;3600;60000;I;8;0.33;0.25;lr204;0;/dados/rmelo/PDPTW-SE/benchmark_multi_island_v5/official_experiments/multistartlp/official/set_01_pt_02/logs;0;0;0;0.0;97.52;1;126;/dados/rmelo/PDPTW-SE/benchmark_multi_island_v5/official_experiments/multistartlp/official/set_01_pt_02/logs/heur_mslp/solutions/08R_08V_02I_03M/lr204_sol_genconfig_mslp_seed_126.txt;Gurobi;AUTOMATIC;17.97;_bash_2;_seed_126;7856.84;1;49.37;/dados/rmelo/PDPTW-SE/benchmark_multi_island_v5/official_experiments/multistartlp/official/set_01_pt_02/logs/heur_mslp/timelines/08R_08V_02I_03M/lr204_timeline_genconfig_mslp_seed_126.txt;137.8;t2;0;682.41;false
0.05;0.0;0.02;0.02;0.0;0.0;8;/dados/rmelo/PDPTW-SE/benchmark_multi_island_v5/official_experiments/multistartlp/official/set_01_pt_02/logs/heur_mslp/outputs/csvresults_heur_mslp_bash_2.csv;0;4;1;18;0;0.0;0.5;true;10;2;lr204_t2_08R_08V_02I_04M;/dados/rmelo/PDPTW-SE/benchmark_multi_island_v5/official_experiments/multistartlp/official/set_01_pt_02/configs/genconfig_mslp.conf;genconfig_mslp;/dados/rmelo/PDPTW-SE/benchmark_multi_island_v5/official_experiments/multistartlp/official/set_01_pt_02/logs/heur_mslp/gurobi/08R_08V_02I_04M/lr204_grb_genconfig_mslp_seed_126.log;random;08R_08V_02I_04M;1;0;1;/dados/rmelo/PDPTW-SE/benchmark_multi_island_v5/official_experiments/multistartlp/official/set_01_pt_02/../../../../instances/orig_ams_fg/08R_08V_02I_04M/t2/lr204/;60000;11669;0;922.67;17;9;H;50;95;0;100.0;30.0;true;0.95;100.0;1.0;1.0;1.0;1.0;60;M;58816;60000;false;38;0.51;126.01;0.91;19;10;1000000;-1;3600;13.19;0.34;0.68;mslp;heur;0.17;0.46;-1;3600;60000;I;8;0.25;0.25;lr204;0;/dados/rmelo/PDPTW-SE/benchmark_multi_island_v5/official_experiments/multistartlp/official/set_01_pt_02/logs;0;0;0;0.0;98.03;1;126;/dados/rmelo/PDPTW-SE/benchmark_multi_island_v5/official_experiments/multistartlp/official/set_01_pt_02/logs/heur_mslp/solutions/08R_08V_02I_04M/lr204_sol_genconfig_mslp_seed_126.txt;Gurobi;AUTOMATIC;17.85;_bash_2;_seed_126;7916.62;1;27.82;/dados/rmelo/PDPTW-SE/benchmark_multi_island_v5/official_experiments/multistartlp/official/set_01_pt_02/logs/heur_mslp/timelines/08R_08V_02I_04M/lr204_timeline_genconfig_mslp_seed_126.txt;140.71;t2;0;679.68;false
0.05;0.01;0.02;0.03;0.0;0.0;13;/dados/rmelo/PDPTW-SE/benchmark_multi_island_v5/official_experiments/multistartlp/official/set_01_pt_02/logs/heur_mslp/outputs/csvresults_heur_mslp_bash_2.csv;0;3;1;18;0;0.0;0.5;true;10;2;lr205_t2_08R_08V_02I_03M;/dados/rmelo/PDPTW-SE/benchmark_multi_island_v5/official_experiments/multistartlp/official/set_01_pt_02/configs/genconfig_mslp.conf;genconfig_mslp;/dados/rmelo/PDPTW-SE/benchmark_multi_island_v5/official_experiments/multistartlp/official/set_01_pt_02/logs/heur_mslp/gurobi/08R_08V_02I_03M/lr205_grb_genconfig_mslp_seed_126.log;random;08R_08V_02I_03M;1;0;1;/dados/rmelo/PDPTW-SE/benchmark_multi_island_v5/official_experiments/multistartlp/official/set_01_pt_02/../../../../instances/orig_ams_fg/08R_08V_02I_04M/t2/lr205/;60000;11126;0;1062.54;17;9;H;50;95;0;100.0;30.0;true;0.95;100.0;1.0;1.0;1.0;1.0;60;M;60000;60000;false;52;0.52;83.33;0.9;26;10;1000000;-1;3600;28.08;0.32;0.89;mslp;heur;0.13;0.88;-1;3600;60000;I;8;0.67;0.25;lr205;0;/dados/rmelo/PDPTW-SE/benchmark_multi_island_v5/official_experiments/multistartlp/official/set_01_pt_02/logs;0;0;0;0.0;100.0;1;126;/dados/rmelo/PDPTW-SE/benchmark_multi_island_v5/official_experiments/multistartlp/official/set_01_pt_02/logs/heur_mslp/solutions/08R_08V_02I_03M/lr205_sol_genconfig_mslp_seed_126.txt;Gurobi;AUTOMATIC;17.98;_bash_2;_seed_126;16849.08;1;23.76;/dados/rmelo/PDPTW-SE/benchmark_multi_island_v5/official_experiments/multistartlp/official/set_01_pt_02/logs/heur_mslp/timelines/08R_08V_02I_03M/lr205_timeline_genconfig_mslp_seed_126.txt;124.14;t2;0;646.08;false
0.05;0.0;0.02;0.02;0.0;0.0;10;/dados/rmelo/PDPTW-SE/benchmark_multi_island_v5/official_experiments/multistartlp/official/set_01_pt_02/logs/heur_mslp/outputs/csvresults_heur_mslp_bash_2.csv;0;4;1;18;0;0.0;0.5;true;10;2;lr205_t2_08R_08V_02I_04M;/dados/rmelo/PDPTW-SE/benchmark_multi_island_v5/official_experiments/multistartlp/official/set_01_pt_02/configs/genconfig_mslp.conf;genconfig_mslp;/dados/rmelo/PDPTW-SE/benchmark_multi_island_v5/official_experiments/multistartlp/official/set_01_pt_02/logs/heur_mslp/gurobi/08R_08V_02I_04M/lr205_grb_genconfig_mslp_seed_126.log;random;08R_08V_02I_04M;1;0;1;/dados/rmelo/PDPTW-SE/benchmark_multi_island_v5/official_experiments/multistartlp/official/set_01_pt_02/../../../../instances/orig_ams_fg/08R_08V_02I_04M/t2/lr205/;60000;11126;0;1385.59;17;9;H;50;95;0;100.0;30.0;true;0.95;100.0;1.0;1.0;1.0;1.0;60;M;60000;60000;false;52;0.51;76.69;0.9;26;10;1000000;-1;3600;27.37;0.32;0.89;mslp;heur;0.13;0.88;-1;3600;60000;I;8;0.5;0.25;lr205;0;/dados/rmelo/PDPTW-SE/benchmark_multi_island_v5/official_experiments/multistartlp/official/set_01_pt_02/logs;0;0;0;0.0;100.0;1;126;/dados/rmelo/PDPTW-SE/benchmark_multi_island_v5/official_experiments/multistartlp/official/set_01_pt_02/logs/heur_mslp/solutions/08R_08V_02I_04M/lr205_sol_genconfig_mslp_seed_126.txt;Gurobi;AUTOMATIC;17.97;_bash_2;_seed_126;16420.63;1;24.38;/dados/rmelo/PDPTW-SE/benchmark_multi_island_v5/official_experiments/multistartlp/official/set_01_pt_02/logs/heur_mslp/timelines/08R_08V_02I_04M/lr205_timeline_genconfig_mslp_seed_126.txt;129.38;t2;0;636.25;false
0.05;0.19;0.36;0.55;0.01;0.17;5;/dados/rmelo/PDPTW-SE/benchmark_multi_island_v5/official_experiments/multistartlp/official/set_01_pt_02/logs/heur_mslp/outputs/csvresults_heur_mslp_bash_2.csv;0;3;1;18;0;0.0;0.5;true;10;2;lr101_t1_08R_08V_04I_03M;/dados/rmelo/PDPTW-SE/benchmark_multi_island_v5/official_experiments/multistartlp/official/set_01_pt_02/configs/genconfig_mslp.conf;genconfig_mslp;/dados/rmelo/PDPTW-SE/benchmark_multi_island_v5/official_experiments/multistartlp/official/set_01_pt_02/logs/heur_mslp/gurobi/08R_08V_04I_03M/lr101_grb_genconfig_mslp_seed_126.log;random;08R_08V_04I_03M;1;59758;1;/dados/rmelo/PDPTW-SE/benchmark_multi_island_v5/official_experiments/multistartlp/official/set_01_pt_02/../../../../instances/orig_ams_fg/08R_08V_04I_04M/t1/lr101/;60000;5666;0;1389.52;17;9;H;50;95;0;100.0;30.0;true;0.95;100.0;1.0;1.0;1.0;1.0;60;M;242;242;false;52;0.9;86.6;0.87;26;10;1000000;-1;3600;16.76;0.7;0.38;mslp;heur;0.48;0.13;-1;3600;60000;I;8;1.0;0.88;lr101;0;/dados/rmelo/PDPTW-SE/benchmark_multi_island_v5/official_experiments/multistartlp/official/set_01_pt_02/logs;0;0;0;99.6;100.0;1;126;/dados/rmelo/PDPTW-SE/benchmark_multi_island_v5/official_experiments/multistartlp/official/set_01_pt_02/logs/heur_mslp/solutions/08R_08V_04I_03M/lr101_sol_genconfig_mslp_seed_126.txt;Gurobi;AUTOMATIC;18.06;_bash_2;_seed_126;40.56;1;0.97;/dados/rmelo/PDPTW-SE/benchmark_multi_island_v5/official_experiments/multistartlp/official/set_01_pt_02/logs/heur_mslp/timelines/08R_08V_04I_03M/lr101_timeline_genconfig_mslp_seed_126.txt;7.07;t1;0;1155.57;false
0.05;0.16;0.26;0.42;0.02;0.16;9;/dados/rmelo/PDPTW-SE/benchmark_multi_island_v5/official_experiments/multistartlp/official/set_01_pt_02/logs/heur_mslp/outputs/csvresults_heur_mslp_bash_2.csv;0;4;1;18;0;0.0;0.5;true;10;2;lr101_t1_08R_08V_04I_04M;/dados/rmelo/PDPTW-SE/benchmark_multi_island_v5/official_experiments/multistartlp/official/set_01_pt_02/configs/genconfig_mslp.conf;genconfig_mslp;/dados/rmelo/PDPTW-SE/benchmark_multi_island_v5/official_experiments/multistartlp/official/set_01_pt_02/logs/heur_mslp/gurobi/08R_08V_04I_04M/lr101_grb_genconfig_mslp_seed_126.log;random;08R_08V_04I_04M;1;41639;1;/dados/rmelo/PDPTW-SE/benchmark_multi_island_v5/official_experiments/multistartlp/official/set_01_pt_02/../../../../instances/orig_ams_fg/08R_08V_04I_04M/t1/lr101/;60000;2944;0;1346.66;17;9;H;50;95;0;100.0;30.0;true;0.95;100.0;1.0;1.0;1.0;1.0;60;M;18361;18361;false;52;0.85;86.6;0.87;26;10;1000000;-1;3600;19.6;0.65;0.37;mslp;heur;0.48;0.13;-1;3600;60000;I;8;1.0;0.88;lr101;0;/dados/rmelo/PDPTW-SE/benchmark_multi_island_v5/official_experiments/multistartlp/official/set_01_pt_02/logs;0;0;0;69.4;100.0;1;126;/dados/rmelo/PDPTW-SE/benchmark_multi_island_v5/official_experiments/multistartlp/official/set_01_pt_02/logs/heur_mslp/solutions/08R_08V_04I_04M/lr101_sol_genconfig_mslp_seed_126.txt;Gurobi;AUTOMATIC;18.31;_bash_2;_seed_126;3598.22;1;2.45;/dados/rmelo/PDPTW-SE/benchmark_multi_island_v5/official_experiments/multistartlp/official/set_01_pt_02/logs/heur_mslp/timelines/08R_08V_04I_04M/lr101_timeline_genconfig_mslp_seed_126.txt;45.24;t1;0;1067.57;false
0.05;0.13;0.24;0.37;0.02;0.02;8;/dados/rmelo/PDPTW-SE/benchmark_multi_island_v5/official_experiments/multistartlp/official/set_01_pt_02/logs/heur_mslp/outputs/csvresults_heur_mslp_bash_2.csv;0;3;1;18;0;0.0;0.5;true;10;2;lr102_t1_08R_08V_04I_03M;/dados/rmelo/PDPTW-SE/benchmark_multi_island_v5/official_experiments/multistartlp/official/set_01_pt_02/configs/genconfig_mslp.conf;genconfig_mslp;/dados/rmelo/PDPTW-SE/benchmark_multi_island_v5/official_experiments/multistartlp/official/set_01_pt_02/logs/heur_mslp/gurobi/08R_08V_04I_03M/lr102_grb_genconfig_mslp_seed_126.log;random;08R_08V_04I_03M;1;30938;1;/dados/rmelo/PDPTW-SE/benchmark_multi_island_v5/official_experiments/multistartlp/official/set_01_pt_02/../../../../instances/orig_ams_fg/08R_08V_04I_04M/t1/lr102/;60000;41043;0;961.24;17;9;H;50;95;0;100.0;30.0;true;0.95;100.0;1.0;1.0;1.0;1.0;60;M;29062;29062;false;58;0.98;75.27;0.68;29;10;1000000;-1;3600;14.59;0.67;0.44;mslp;heur;0.35;0.09;-1;3600;60000;I;8;1.0;0.62;lr102;0;/dados/rmelo/PDPTW-SE/benchmark_multi_island_v5/official_experiments/multistartlp/official/set_01_pt_02/logs;0;0;0;51.56;100.0;1;126;/dados/rmelo/PDPTW-SE/benchmark_multi_island_v5/official_experiments/multistartlp/official/set_01_pt_02/logs/heur_mslp/solutions/08R_08V_04I_03M/lr102_sol_genconfig_mslp_seed_126.txt;Gurobi;AUTOMATIC;18.33;_bash_2;_seed_126;4239.08;1;42.98;/dados/rmelo/PDPTW-SE/benchmark_multi_island_v5/official_experiments/multistartlp/official/set_01_pt_02/logs/heur_mslp/timelines/08R_08V_04I_03M/lr102_timeline_genconfig_mslp_seed_126.txt;62.46;t1;0;772.63;false
0.05;0.1;0.18;0.28;0.02;0.02;6;/dados/rmelo/PDPTW-SE/benchmark_multi_island_v5/official_experiments/multistartlp/official/set_01_pt_02/logs/heur_mslp/outputs/csvresults_heur_mslp_bash_2.csv;0;4;1;18;0;0.0;0.5;true;10;2;lr102_t1_08R_08V_04I_04M;/dados/rmelo/PDPTW-SE/benchmark_multi_island_v5/official_experiments/multistartlp/official/set_01_pt_02/configs/genconfig_mslp.conf;genconfig_mslp;/dados/rmelo/PDPTW-SE/benchmark_multi_island_v5/official_experiments/multistartlp/official/set_01_pt_02/logs/heur_mslp/gurobi/08R_08V_04I_04M/lr102_grb_genconfig_mslp_seed_126.log;random;08R_08V_04I_04M;1;30555;1;/dados/rmelo/PDPTW-SE/benchmark_multi_island_v5/official_experiments/multistartlp/official/set_01_pt_02/../../../../instances/orig_ams_fg/08R_08V_04I_04M/t1/lr102/;60000;145;0;941.09;17;9;H;50;95;0;100.0;30.0;true;0.95;100.0;1.0;1.0;1.0;1.0;60;M;29445;29445;false;58;0.98;75.27;0.76;29;10;1000000;-1;3600;14.34;0.67;0.45;mslp;heur;0.35;0.13;-1;3600;60000;I;8;1.0;0.62;lr102;0;/dados/rmelo/PDPTW-SE/benchmark_multi_island_v5/official_experiments/multistartlp/official/set_01_pt_02/logs;0;0;0;50.92;100.0;1;126;/dados/rmelo/PDPTW-SE/benchmark_multi_island_v5/official_experiments/multistartlp/official/set_01_pt_02/logs/heur_mslp/solutions/08R_08V_04I_04M/lr102_sol_genconfig_mslp_seed_126.txt;Gurobi;AUTOMATIC;18.1;_bash_2;_seed_126;4221.42;1;0.45;/dados/rmelo/PDPTW-SE/benchmark_multi_island_v5/official_experiments/multistartlp/official/set_01_pt_02/logs/heur_mslp/timelines/08R_08V_04I_04M/lr102_timeline_genconfig_mslp_seed_126.txt;63.63;t1;0;773.21;false
0.05;0.08;0.18;0.26;0.0;0.0;4;/dados/rmelo/PDPTW-SE/benchmark_multi_island_v5/official_experiments/multistartlp/official/set_01_pt_02/logs/heur_mslp/outputs/csvresults_heur_mslp_bash_2.csv;0;3;1;18;0;0.0;0.5;true;10;2;lr103_t1_08R_08V_04I_03M;/dados/rmelo/PDPTW-SE/benchmark_multi_island_v5/official_experiments/multistartlp/official/set_01_pt_02/configs/genconfig_mslp.conf;genconfig_mslp;/dados/rmelo/PDPTW-SE/benchmark_multi_island_v5/official_experiments/multistartlp/official/set_01_pt_02/logs/heur_mslp/gurobi/08R_08V_04I_03M/lr103_grb_genconfig_mslp_seed_126.log;random;08R_08V_04I_03M;1;11713;1;/dados/rmelo/PDPTW-SE/benchmark_multi_island_v5/official_experiments/multistartlp/official/set_01_pt_02/../../../../instances/orig_ams_fg/08R_08V_04I_04M/t1/lr103/;60000;464;0;626.01;17;9;H;50;95;0;100.0;30.0;true;0.95;100.0;1.0;1.0;1.0;1.0;60;M;48287;48287;false;38;0.97;71.59;0.85;19;10;1000000;-1;3600;11.5;0.82;0.72;mslp;heur;0.55;0.62;-1;3600;60000;I;8;1.0;0.38;lr103;0;/dados/rmelo/PDPTW-SE/benchmark_multi_island_v5/official_experiments/multistartlp/official/set_01_pt_02/logs;0;0;0;19.52;100.0;1;126;/dados/rmelo/PDPTW-SE/benchmark_multi_island_v5/official_experiments/multistartlp/official/set_01_pt_02/logs/heur_mslp/solutions/08R_08V_04I_03M/lr103_sol_genconfig_mslp_seed_126.txt;Gurobi;AUTOMATIC;18.28;_bash_2;_seed_126;5551.88;1;1.14;/dados/rmelo/PDPTW-SE/benchmark_multi_island_v5/official_experiments/multistartlp/official/set_01_pt_02/logs/heur_mslp/timelines/08R_08V_04I_03M/lr103_timeline_genconfig_mslp_seed_126.txt;105.71;t1;0;563.98;false
0.05;0.08;0.18;0.26;0.0;0.0;3;/dados/rmelo/PDPTW-SE/benchmark_multi_island_v5/official_experiments/multistartlp/official/set_01_pt_02/logs/heur_mslp/outputs/csvresults_heur_mslp_bash_2.csv;0;4;1;18;0;0.0;0.5;true;10;2;lr103_t1_08R_08V_04I_04M;/dados/rmelo/PDPTW-SE/benchmark_multi_island_v5/official_experiments/multistartlp/official/set_01_pt_02/configs/genconfig_mslp.conf;genconfig_mslp;/dados/rmelo/PDPTW-SE/benchmark_multi_island_v5/official_experiments/multistartlp/official/set_01_pt_02/logs/heur_mslp/gurobi/08R_08V_04I_04M/lr103_grb_genconfig_mslp_seed_126.log;random;08R_08V_04I_04M;1;842;1;/dados/rmelo/PDPTW-SE/benchmark_multi_island_v5/official_experiments/multistartlp/official/set_01_pt_02/../../../../instances/orig_ams_fg/08R_08V_04I_04M/t1/lr103/;60000;17;0;866.05;17;9;H;50;95;0;100.0;30.0;true;0.95;100.0;1.0;1.0;1.0;1.0;60;M;59158;59158;false;38;0.97;70.03;1.0;19;10;1000000;-1;3600;10.62;0.82;0.76;mslp;heur;0.55;0.42;-1;3600;60000;I;8;0.75;0.38;lr103;0;/dados/rmelo/PDPTW-SE/benchmark_multi_island_v5/official_experiments/multistartlp/official/set_01_pt_02/logs;0;0;0;1.4;100.0;1;126;/dados/rmelo/PDPTW-SE/benchmark_multi_island_v5/official_experiments/multistartlp/official/set_01_pt_02/logs/heur_mslp/solutions/08R_08V_04I_04M/lr103_sol_genconfig_mslp_seed_126.txt;Gurobi;AUTOMATIC;18.08;_bash_2;_seed_126;6281.84;1;0.36;/dados/rmelo/PDPTW-SE/benchmark_multi_island_v5/official_experiments/multistartlp/official/set_01_pt_02/logs/heur_mslp/timelines/08R_08V_04I_04M/lr103_timeline_genconfig_mslp_seed_126.txt;128.23;t1;0;562.45;false
0.05;0.09;0.21;0.3;0.0;0.0;6;/dados/rmelo/PDPTW-SE/benchmark_multi_island_v5/official_experiments/multistartlp/official/set_01_pt_02/logs/heur_mslp/outputs/csvresults_heur_mslp_bash_2.csv;0;3;1;18;0;0.0;0.5;true;10;2;lr104_t1_08R_08V_04I_03M;/dados/rmelo/PDPTW-SE/benchmark_multi_island_v5/official_experiments/multistartlp/official/set_01_pt_02/configs/genconfig_mslp.conf;genconfig_mslp;/dados/rmelo/PDPTW-SE/benchmark_multi_island_v5/official_experiments/multistartlp/official/set_01_pt_02/logs/heur_mslp/gurobi/08R_08V_04I_03M/lr104_grb_genconfig_mslp_seed_126.log;random;08R_08V_04I_03M;1;11222;1;/dados/rmelo/PDPTW-SE/benchmark_multi_island_v5/official_experiments/multistartlp/official/set_01_pt_02/../../../../instances/orig_ams_fg/08R_08V_04I_04M/t1/lr104/;60000;348;0;847.12;17;9;H;50;95;0;100.0;30.0;true;0.95;100.0;1.0;1.0;1.0;1.0;60;M;48778;48778;false;40;0.92;77.35;0.6;20;10;1000000;-1;3600;16.23;0.56;0.46;mslp;heur;0.33;0.18;-1;3600;60000;I;8;1.0;0.62;lr104;0;/dados/rmelo/PDPTW-SE/benchmark_multi_island_v5/official_experiments/multistartlp/official/set_01_pt_02/logs;0;0;0;18.7;100.0;1;126;/dados/rmelo/PDPTW-SE/benchmark_multi_island_v5/official_experiments/multistartlp/official/set_01_pt_02/logs/heur_mslp/solutions/08R_08V_04I_03M/lr104_sol_genconfig_mslp_seed_126.txt;Gurobi;AUTOMATIC;17.97;_bash_2;_seed_126;7916.81;1;0.93;/dados/rmelo/PDPTW-SE/benchmark_multi_island_v5/official_experiments/multistartlp/official/set_01_pt_02/logs/heur_mslp/timelines/08R_08V_04I_03M/lr104_timeline_genconfig_mslp_seed_126.txt;109.35;t1;0;649.57;false
0.05;0.05;0.18;0.23;0.0;0.0;7;/dados/rmelo/PDPTW-SE/benchmark_multi_island_v5/official_experiments/multistartlp/official/set_01_pt_02/logs/heur_mslp/outputs/csvresults_heur_mslp_bash_2.csv;0;4;1;18;0;0.0;0.5;true;10;2;lr104_t1_08R_08V_04I_04M;/dados/rmelo/PDPTW-SE/benchmark_multi_island_v5/official_experiments/multistartlp/official/set_01_pt_02/configs/genconfig_mslp.conf;genconfig_mslp;/dados/rmelo/PDPTW-SE/benchmark_multi_island_v5/official_experiments/multistartlp/official/set_01_pt_02/logs/heur_mslp/gurobi/08R_08V_04I_04M/lr104_grb_genconfig_mslp_seed_126.log;random;08R_08V_04I_04M;1;2025;1;/dados/rmelo/PDPTW-SE/benchmark_multi_island_v5/official_experiments/multistartlp/official/set_01_pt_02/../../../../instances/orig_ams_fg/08R_08V_04I_04M/t1/lr104/;60000;154;0;888.82;17;9;H;50;95;0;100.0;30.0;true;0.95;100.0;1.0;1.0;1.0;1.0;60;M;57975;57975;false;40;0.82;77.35;0.77;20;10;1000000;-1;3600;10.61;0.56;0.54;mslp;heur;0.33;0.35;-1;3600;60000;I;8;1.0;0.62;lr104;0;/dados/rmelo/PDPTW-SE/benchmark_multi_island_v5/official_experiments/multistartlp/official/set_01_pt_02/logs;0;0;0;3.38;100.0;1;126;/dados/rmelo/PDPTW-SE/benchmark_multi_island_v5/official_experiments/multistartlp/official/set_01_pt_02/logs/heur_mslp/solutions/08R_08V_04I_04M/lr104_sol_genconfig_mslp_seed_126.txt;Gurobi;AUTOMATIC;17.96;_bash_2;_seed_126;6150.34;1;0.68;/dados/rmelo/PDPTW-SE/benchmark_multi_island_v5/official_experiments/multistartlp/official/set_01_pt_02/logs/heur_mslp/timelines/08R_08V_04I_04M/lr104_timeline_genconfig_mslp_seed_126.txt;130.46;t1;0;649.55;false
0.05;0.11;0.3;0.42;0.0;0.04;4;/dados/rmelo/PDPTW-SE/benchmark_multi_island_v5/official_experiments/multistartlp/official/set_01_pt_02/logs/heur_mslp/outputs/csvresults_heur_mslp_bash_2.csv;0;3;1;18;0;0.0;0.5;true;10;2;lr105_t1_08R_08V_04I_03M;/dados/rmelo/PDPTW-SE/benchmark_multi_island_v5/official_experiments/multistartlp/official/set_01_pt_02/configs/genconfig_mslp.conf;genconfig_mslp;/dados/rmelo/PDPTW-SE/benchmark_multi_island_v5/official_experiments/multistartlp/official/set_01_pt_02/logs/heur_mslp/gurobi/08R_08V_04I_03M/lr105_grb_genconfig_mslp_seed_126.log;random;08R_08V_04I_03M;1;51777;1;/dados/rmelo/PDPTW-SE/benchmark_multi_island_v5/official_experiments/multistartlp/official/set_01_pt_02/../../../../instances/orig_ams_fg/08R_08V_04I_04M/t1/lr105/;60000;439;0;1004.54;17;9;H;50;95;0;100.0;30.0;true;0.95;100.0;1.0;1.0;1.0;1.0;60;M;8223;8223;false;52;0.8;83.91;0.6;26;10;1000000;-1;3600;14.4;0.61;0.47;mslp;heur;0.4;0.35;-1;3600;60000;I;8;1.0;0.62;lr105;0;/dados/rmelo/PDPTW-SE/benchmark_multi_island_v5/official_experiments/multistartlp/official/set_01_pt_02/logs;0;0;0;86.3;100.0;1;126;/dados/rmelo/PDPTW-SE/benchmark_multi_island_v5/official_experiments/multistartlp/official/set_01_pt_02/logs/heur_mslp/solutions/08R_08V_04I_03M/lr105_sol_genconfig_mslp_seed_126.txt;Gurobi;AUTOMATIC;18.12;_bash_2;_seed_126;1184.21;1;0.51;/dados/rmelo/PDPTW-SE/benchmark_multi_island_v5/official_experiments/multistartlp/official/set_01_pt_02/logs/heur_mslp/timelines/08R_08V_04I_03M/lr105_timeline_genconfig_mslp_seed_126.txt;26.39;t1;0;754.77;false
0.05;0.07;0.23;0.3;0.0;0.04;9;/dados/rmelo/PDPTW-SE/benchmark_multi_island_v5/official_experiments/multistartlp/official/set_01_pt_02/logs/heur_mslp/outputs/csvresults_heur_mslp_bash_2.csv;0;4;1;18;0;0.0;0.5;true;10;2;lr105_t1_08R_08V_04I_04M;/dados/rmelo/PDPTW-SE/benchmark_multi_island_v5/official_experiments/multistartlp/official/set_01_pt_02/configs/genconfig_mslp.conf;genconfig_mslp;/dados/rmelo/PDPTW-SE/benchmark_multi_island_v5/official_experiments/multistartlp/official/set_01_pt_02/logs/heur_mslp/gurobi/08R_08V_04I_04M/lr105_grb_genconfig_mslp_seed_126.log;random;08R_08V_04I_04M;1;9044;1;/dados/rmelo/PDPTW-SE/benchmark_multi_island_v5/official_experiments/multistartlp/official/set_01_pt_02/../../../../instances/orig_ams_fg/08R_08V_04I_04M/t1/lr105/;60000;602;0;950.06;17;9;H;50;95;0;100.0;30.0;true;0.95;100.0;1.0;1.0;1.0;1.0;60;M;50956;50956;false;52;0.79;83.91;0.6;26;10;1000000;-1;3600;13.56;0.61;0.45;mslp;heur;0.41;0.37;-1;3600;60000;I;8;1.0;0.62;lr105;0;/dados/rmelo/PDPTW-SE/benchmark_multi_island_v5/official_experiments/multistartlp/official/set_01_pt_02/logs;0;0;0;15.07;100.0;1;126;/dados/rmelo/PDPTW-SE/benchmark_multi_island_v5/official_experiments/multistartlp/official/set_01_pt_02/logs/heur_mslp/solutions/08R_08V_04I_04M/lr105_sol_genconfig_mslp_seed_126.txt;Gurobi;AUTOMATIC;18.22;_bash_2;_seed_126;6908.49;1;1.32;/dados/rmelo/PDPTW-SE/benchmark_multi_island_v5/official_experiments/multistartlp/official/set_01_pt_02/logs/heur_mslp/timelines/08R_08V_04I_04M/lr105_timeline_genconfig_mslp_seed_126.txt;104.2;t1;0;751.51;false
0.05;0.01;0.09;0.1;0.16;0.11;8;/dados/rmelo/PDPTW-SE/benchmark_multi_island_v5/official_experiments/multistartlp/official/set_01_pt_02/logs/heur_mslp/outputs/csvresults_heur_mslp_bash_2.csv;0;3;1;18;0;0.0;0.5;true;10;2;lr201_t2_08R_08V_04I_03M;/dados/rmelo/PDPTW-SE/benchmark_multi_island_v5/official_experiments/multistartlp/official/set_01_pt_02/configs/genconfig_mslp.conf;genconfig_mslp;/dados/rmelo/PDPTW-SE/benchmark_multi_island_v5/official_experiments/multistartlp/official/set_01_pt_02/logs/heur_mslp/gurobi/08R_08V_04I_03M/lr201_grb_genconfig_mslp_seed_126.log;random;08R_08V_04I_03M;1;0;1;/dados/rmelo/PDPTW-SE/benchmark_multi_island_v5/official_experiments/multistartlp/official/set_01_pt_02/../../../../instances/orig_ams_fg/08R_08V_04I_04M/t2/lr201/;60000;305;0;2066.82;17;9;H;50;95;0;100.0;30.0;true;0.95;100.0;1.0;1.0;1.0;1.0;60;M;60000;60000;false;52;0.72;77.67;0.9;26;10;1000000;-1;3600;22.06;0.51;0.88;mslp;heur;0.3;0.87;-1;3600;60000;I;8;1.0;0.25;lr201;0;/dados/rmelo/PDPTW-SE/benchmark_multi_island_v5/official_experiments/multistartlp/official/set_01_pt_02/logs;0;0;0;0.0;100.0;1;126;/dados/rmelo/PDPTW-SE/benchmark_multi_island_v5/official_experiments/multistartlp/official/set_01_pt_02/logs/heur_mslp/solutions/08R_08V_04I_03M/lr201_sol_genconfig_mslp_seed_126.txt;Gurobi;AUTOMATIC;17.79;_bash_2;_seed_126;13233.88;1;0.94;/dados/rmelo/PDPTW-SE/benchmark_multi_island_v5/official_experiments/multistartlp/official/set_01_pt_02/logs/heur_mslp/timelines/08R_08V_04I_03M/lr201_timeline_genconfig_mslp_seed_126.txt;122.21;t2;0;1022.83;false
0.05;0.02;0.06;0.09;0.13;0.13;8;/dados/rmelo/PDPTW-SE/benchmark_multi_island_v5/official_experiments/multistartlp/official/set_01_pt_02/logs/heur_mslp/outputs/csvresults_heur_mslp_bash_2.csv;0;4;1;18;0;0.0;0.5;true;10;2;lr201_t2_08R_08V_04I_04M;/dados/rmelo/PDPTW-SE/benchmark_multi_island_v5/official_experiments/multistartlp/official/set_01_pt_02/configs/genconfig_mslp.conf;genconfig_mslp;/dados/rmelo/PDPTW-SE/benchmark_multi_island_v5/official_experiments/multistartlp/official/set_01_pt_02/logs/heur_mslp/gurobi/08R_08V_04I_04M/lr201_grb_genconfig_mslp_seed_126.log;random;08R_08V_04I_04M;1;0;1;/dados/rmelo/PDPTW-SE/benchmark_multi_island_v5/official_experiments/multistartlp/official/set_01_pt_02/../../../../instances/orig_ams_fg/08R_08V_04I_04M/t2/lr201/;60000;305;0;2066.82;17;9;H;50;95;0;100.0;30.0;true;0.95;100.0;1.0;1.0;1.0;1.0;60;M;60000;60000;false;52;0.72;77.67;0.9;26;10;1000000;-1;3600;21.82;0.51;0.88;mslp;heur;0.3;0.87;-1;3600;60000;I;8;1.0;0.25;lr201;0;/dados/rmelo/PDPTW-SE/benchmark_multi_island_v5/official_experiments/multistartlp/official/set_01_pt_02/logs;0;0;0;0.0;100.0;1;126;/dados/rmelo/PDPTW-SE/benchmark_multi_island_v5/official_experiments/multistartlp/official/set_01_pt_02/logs/heur_mslp/solutions/08R_08V_04I_04M/lr201_sol_genconfig_mslp_seed_126.txt;Gurobi;AUTOMATIC;18.14;_bash_2;_seed_126;13089.5;1;0.98;/dados/rmelo/PDPTW-SE/benchmark_multi_island_v5/official_experiments/multistartlp/official/set_01_pt_02/logs/heur_mslp/timelines/08R_08V_04I_04M/lr201_timeline_genconfig_mslp_seed_126.txt;124.41;t2;0;1018.91;false
0.05;0.02;0.07;0.09;0.0;0.0;13;/dados/rmelo/PDPTW-SE/benchmark_multi_island_v5/official_experiments/multistartlp/official/set_01_pt_02/logs/heur_mslp/outputs/csvresults_heur_mslp_bash_2.csv;0;3;1;18;0;0.0;0.5;true;10;2;lr202_t2_08R_08V_04I_03M;/dados/rmelo/PDPTW-SE/benchmark_multi_island_v5/official_experiments/multistartlp/official/set_01_pt_02/configs/genconfig_mslp.conf;genconfig_mslp;/dados/rmelo/PDPTW-SE/benchmark_multi_island_v5/official_experiments/multistartlp/official/set_01_pt_02/logs/heur_mslp/gurobi/08R_08V_04I_03M/lr202_grb_genconfig_mslp_seed_126.log;random;08R_08V_04I_03M;1;0;1;/dados/rmelo/PDPTW-SE/benchmark_multi_island_v5/official_experiments/multistartlp/official/set_01_pt_02/../../../../instances/orig_ams_fg/08R_08V_04I_04M/t2/lr202/;60000;43251;0;1382.54;17;9;H;50;95;0;100.0;30.0;true;0.95;100.0;1.0;1.0;1.0;1.0;60;M;60000;60000;false;46;0.46;92.55;0.78;23;10;1000000;-1;3600;25.18;0.39;0.65;mslp;heur;0.31;0.53;-1;3600;60000;I;8;1.0;0.25;lr202;0;/dados/rmelo/PDPTW-SE/benchmark_multi_island_v5/official_experiments/multistartlp/official/set_01_pt_02/logs;0;0;0;0.0;100.0;1;126;/dados/rmelo/PDPTW-SE/benchmark_multi_island_v5/official_experiments/multistartlp/official/set_01_pt_02/logs/heur_mslp/solutions/08R_08V_04I_03M/lr202_sol_genconfig_mslp_seed_126.txt;Gurobi;AUTOMATIC;18.09;_bash_2;_seed_126;15105.43;1;111.26;/dados/rmelo/PDPTW-SE/benchmark_multi_island_v5/official_experiments/multistartlp/official/set_01_pt_02/logs/heur_mslp/timelines/08R_08V_04I_03M/lr202_timeline_genconfig_mslp_seed_126.txt;154.02;t2;0;773.98;false
0.05;0.02;0.05;0.07;0.0;0.0;9;/dados/rmelo/PDPTW-SE/benchmark_multi_island_v5/official_experiments/multistartlp/official/set_01_pt_02/logs/heur_mslp/outputs/csvresults_heur_mslp_bash_2.csv;0;4;1;18;0;0.0;0.5;true;10;2;lr202_t2_08R_08V_04I_04M;/dados/rmelo/PDPTW-SE/benchmark_multi_island_v5/official_experiments/multistartlp/official/set_01_pt_02/configs/genconfig_mslp.conf;genconfig_mslp;/dados/rmelo/PDPTW-SE/benchmark_multi_island_v5/official_experiments/multistartlp/official/set_01_pt_02/logs/heur_mslp/gurobi/08R_08V_04I_04M/lr202_grb_genconfig_mslp_seed_126.log;random;08R_08V_04I_04M;1;0;1;/dados/rmelo/PDPTW-SE/benchmark_multi_island_v5/official_experiments/multistartlp/official/set_01_pt_02/../../../../instances/orig_ams_fg/08R_08V_04I_04M/t2/lr202/;60000;1466;0;1378.69;17;9;H;50;95;0;100.0;30.0;true;0.95;100.0;1.0;1.0;1.0;1.0;60;M;60000;60000;false;46;0.45;88.06;0.95;23;10;1000000;-1;3600;30.45;0.38;0.69;mslp;heur;0.31;0.43;-1;3600;60000;I;8;1.0;0.25;lr202;0;/dados/rmelo/PDPTW-SE/benchmark_multi_island_v5/official_experiments/multistartlp/official/set_01_pt_02/logs;0;0;0;0.0;100.0;1;126;/dados/rmelo/PDPTW-SE/benchmark_multi_island_v5/official_experiments/multistartlp/official/set_01_pt_02/logs/heur_mslp/solutions/08R_08V_04I_04M/lr202_sol_genconfig_mslp_seed_126.txt;Gurobi;AUTOMATIC;17.88;_bash_2;_seed_126;18272.24;1;4.34;/dados/rmelo/PDPTW-SE/benchmark_multi_island_v5/official_experiments/multistartlp/official/set_01_pt_02/logs/heur_mslp/timelines/08R_08V_04I_04M/lr202_timeline_genconfig_mslp_seed_126.txt;160.52;t2;0;760.72;false
0.05;0.01;0.12;0.13;0.01;0.01;9;/dados/rmelo/PDPTW-SE/benchmark_multi_island_v5/official_experiments/multistartlp/official/set_01_pt_02/logs/heur_mslp/outputs/csvresults_heur_mslp_bash_2.csv;0;3;1;18;0;0.0;0.5;true;10;2;lr203_t2_08R_08V_04I_03M;/dados/rmelo/PDPTW-SE/benchmark_multi_island_v5/official_experiments/multistartlp/official/set_01_pt_02/configs/genconfig_mslp.conf;genconfig_mslp;/dados/rmelo/PDPTW-SE/benchmark_multi_island_v5/official_experiments/multistartlp/official/set_01_pt_02/logs/heur_mslp/gurobi/08R_08V_04I_03M/lr203_grb_genconfig_mslp_seed_126.log;random;08R_08V_04I_03M;1;0;1;/dados/rmelo/PDPTW-SE/benchmark_multi_island_v5/official_experiments/multistartlp/official/set_01_pt_02/../../../../instances/orig_ams_fg/08R_08V_04I_04M/t2/lr203/;60000;13553;0;1530.69;17;9;H;50;95;0;100.0;30.0;true;0.95;100.0;1.0;1.0;1.0;1.0;60;M;60000;60000;false;34;0.68;80.61;1.0;17;10;1000000;-1;3600;20.99;0.68;1.0;mslp;heur;0.68;1.0;-1;3600;60000;I;8;0.67;0.12;lr203;0;/dados/rmelo/PDPTW-SE/benchmark_multi_island_v5/official_experiments/multistartlp/official/set_01_pt_02/logs;0;0;0;0.0;100.0;1;126;/dados/rmelo/PDPTW-SE/benchmark_multi_island_v5/official_experiments/multistartlp/official/set_01_pt_02/logs/heur_mslp/solutions/08R_08V_04I_03M/lr203_sol_genconfig_mslp_seed_126.txt;Gurobi;AUTOMATIC;17.91;_bash_2;_seed_126;12595.36;1;31.55;/dados/rmelo/PDPTW-SE/benchmark_multi_island_v5/official_experiments/multistartlp/official/set_01_pt_02/logs/heur_mslp/timelines/08R_08V_04I_03M/lr203_timeline_genconfig_mslp_seed_126.txt;137.6;t2;0;684.38;false
0.05;0.04;0.08;0.12;0.0;0.0;10;/dados/rmelo/PDPTW-SE/benchmark_multi_island_v5/official_experiments/multistartlp/official/set_01_pt_02/logs/heur_mslp/outputs/csvresults_heur_mslp_bash_2.csv;0;4;1;18;0;0.0;0.5;true;10;2;lr203_t2_08R_08V_04I_04M;/dados/rmelo/PDPTW-SE/benchmark_multi_island_v5/official_experiments/multistartlp/official/set_01_pt_02/configs/genconfig_mslp.conf;genconfig_mslp;/dados/rmelo/PDPTW-SE/benchmark_multi_island_v5/official_experiments/multistartlp/official/set_01_pt_02/logs/heur_mslp/gurobi/08R_08V_04I_04M/lr203_grb_genconfig_mslp_seed_126.log;random;08R_08V_04I_04M;1;0;1;/dados/rmelo/PDPTW-SE/benchmark_multi_island_v5/official_experiments/multistartlp/official/set_01_pt_02/../../../../instances/orig_ams_fg/08R_08V_04I_04M/t2/lr203/;60000;10341;0;1526.39;17;9;H;50;95;0;100.0;30.0;true;0.95;100.0;1.0;1.0;1.0;1.0;60;M;60000;60000;false;34;0.68;79.65;1.0;17;10;1000000;-1;3600;21.36;0.68;1.0;mslp;heur;0.68;1.0;-1;3600;60000;I;8;0.75;0.12;lr203;0;/dados/rmelo/PDPTW-SE/benchmark_multi_island_v5/official_experiments/multistartlp/official/set_01_pt_02/logs;0;0;0;0.0;100.0;1;126;/dados/rmelo/PDPTW-SE/benchmark_multi_island_v5/official_experiments/multistartlp/official/set_01_pt_02/logs/heur_mslp/solutions/08R_08V_04I_04M/lr203_sol_genconfig_mslp_seed_126.txt;Gurobi;AUTOMATIC;18.1;_bash_2;_seed_126;12818.88;1;25.3;/dados/rmelo/PDPTW-SE/benchmark_multi_island_v5/official_experiments/multistartlp/official/set_01_pt_02/logs/heur_mslp/timelines/08R_08V_04I_04M/lr203_timeline_genconfig_mslp_seed_126.txt;144.56;t2;0;683.66;false
0.05;0.03;0.06;0.09;0.0;0.0;11;/dados/rmelo/PDPTW-SE/benchmark_multi_island_v5/official_experiments/multistartlp/official/set_01_pt_02/logs/heur_mslp/outputs/csvresults_heur_mslp_bash_2.csv;0;3;1;18;0;0.0;0.5;true;10;2;lr204_t2_08R_08V_04I_03M;/dados/rmelo/PDPTW-SE/benchmark_multi_island_v5/official_experiments/multistartlp/official/set_01_pt_02/configs/genconfig_mslp.conf;genconfig_mslp;/dados/rmelo/PDPTW-SE/benchmark_multi_island_v5/official_experiments/multistartlp/official/set_01_pt_02/logs/heur_mslp/gurobi/08R_08V_04I_03M/lr204_grb_genconfig_mslp_seed_126.log;random;08R_08V_04I_03M;1;0;1;/dados/rmelo/PDPTW-SE/benchmark_multi_island_v5/official_experiments/multistartlp/official/set_01_pt_02/../../../../instances/orig_ams_fg/08R_08V_04I_04M/t2/lr204/;60000;39088;0;949.62;17;9;H;50;95;0;100.0;30.0;true;0.95;100.0;1.0;1.0;1.0;1.0;60;M;59441;60000;false;38;0.54;97.54;1.0;19;10;1000000;-1;3600;14.14;0.36;0.69;mslp;heur;0.18;0.38;-1;3600;60000;I;8;1.0;0.25;lr204;0;/dados/rmelo/PDPTW-SE/benchmark_multi_island_v5/official_experiments/multistartlp/official/set_01_pt_02/logs;0;0;0;0.0;99.07;1;126;/dados/rmelo/PDPTW-SE/benchmark_multi_island_v5/official_experiments/multistartlp/official/set_01_pt_02/logs/heur_mslp/solutions/08R_08V_04I_03M/lr204_sol_genconfig_mslp_seed_126.txt;Gurobi;AUTOMATIC;17.76;_bash_2;_seed_126;8482.81;1;107.6;/dados/rmelo/PDPTW-SE/benchmark_multi_island_v5/official_experiments/multistartlp/official/set_01_pt_02/logs/heur_mslp/timelines/08R_08V_04I_03M/lr204_timeline_genconfig_mslp_seed_126.txt;164.85;t2;0;719.46;false
0.05;0.03;0.06;0.09;0.0;0.0;10;/dados/rmelo/PDPTW-SE/benchmark_multi_island_v5/official_experiments/multistartlp/official/set_01_pt_02/logs/heur_mslp/outputs/csvresults_heur_mslp_bash_2.csv;0;4;1;18;0;0.0;0.5;true;10;2;lr204_t2_08R_08V_04I_04M;/dados/rmelo/PDPTW-SE/benchmark_multi_island_v5/official_experiments/multistartlp/official/set_01_pt_02/configs/genconfig_mslp.conf;genconfig_mslp;/dados/rmelo/PDPTW-SE/benchmark_multi_island_v5/official_experiments/multistartlp/official/set_01_pt_02/logs/heur_mslp/gurobi/08R_08V_04I_04M/lr204_grb_genconfig_mslp_seed_126.log;random;08R_08V_04I_04M;1;0;1;/dados/rmelo/PDPTW-SE/benchmark_multi_island_v5/official_experiments/multistartlp/official/set_01_pt_02/../../../../instances/orig_ams_fg/08R_08V_04I_04M/t2/lr204/;60000;39088;0;943.98;17;9;H;50;95;0;100.0;30.0;true;0.95;100.0;1.0;1.0;1.0;1.0;60;M;59424;60000;false;38;0.53;96.33;1.0;19;10;1000000;-1;3600;14.76;0.36;0.69;mslp;heur;0.18;0.38;-1;3600;60000;I;8;0.75;0.25;lr204;0;/dados/rmelo/PDPTW-SE/benchmark_multi_island_v5/official_experiments/multistartlp/official/set_01_pt_02/logs;0;0;0;0.0;99.04;1;126;/dados/rmelo/PDPTW-SE/benchmark_multi_island_v5/official_experiments/multistartlp/official/set_01_pt_02/logs/heur_mslp/solutions/08R_08V_04I_04M/lr204_sol_genconfig_mslp_seed_126.txt;Gurobi;AUTOMATIC;17.91;_bash_2;_seed_126;8853.29;1;113.8;/dados/rmelo/PDPTW-SE/benchmark_multi_island_v5/official_experiments/multistartlp/official/set_01_pt_02/logs/heur_mslp/timelines/08R_08V_04I_04M/lr204_timeline_genconfig_mslp_seed_126.txt;174.17;t2;0;719.13;false
0.05;0.04;0.06;0.1;0.0;0.0;8;/dados/rmelo/PDPTW-SE/benchmark_multi_island_v5/official_experiments/multistartlp/official/set_01_pt_02/logs/heur_mslp/outputs/csvresults_heur_mslp_bash_2.csv;0;3;1;18;0;0.0;0.5;true;10;2;lr205_t2_08R_08V_04I_03M;/dados/rmelo/PDPTW-SE/benchmark_multi_island_v5/official_experiments/multistartlp/official/set_01_pt_02/configs/genconfig_mslp.conf;genconfig_mslp;/dados/rmelo/PDPTW-SE/benchmark_multi_island_v5/official_experiments/multistartlp/official/set_01_pt_02/logs/heur_mslp/gurobi/08R_08V_04I_03M/lr205_grb_genconfig_mslp_seed_126.log;random;08R_08V_04I_03M;1;0;1;/dados/rmelo/PDPTW-SE/benchmark_multi_island_v5/official_experiments/multistartlp/official/set_01_pt_02/../../../../instances/orig_ams_fg/08R_08V_04I_04M/t2/lr205/;60000;5226;0;825.78;17;9;H;50;95;0;100.0;30.0;true;0.95;100.0;1.0;1.0;1.0;1.0;60;M;60000;60000;false;52;0.66;71.99;0.9;26;10;1000000;-1;3600;27.57;0.66;0.9;mslp;heur;0.66;0.9;-1;3600;60000;I;8;1.0;0.12;lr205;0;/dados/rmelo/PDPTW-SE/benchmark_multi_island_v5/official_experiments/multistartlp/official/set_01_pt_02/logs;0;0;0;0.0;100.0;1;126;/dados/rmelo/PDPTW-SE/benchmark_multi_island_v5/official_experiments/multistartlp/official/set_01_pt_02/logs/heur_mslp/solutions/08R_08V_04I_03M/lr205_sol_genconfig_mslp_seed_126.txt;Gurobi;AUTOMATIC;17.82;_bash_2;_seed_126;16539.35;1;13.69;/dados/rmelo/PDPTW-SE/benchmark_multi_island_v5/official_experiments/multistartlp/official/set_01_pt_02/logs/heur_mslp/timelines/08R_08V_04I_03M/lr205_timeline_genconfig_mslp_seed_126.txt;150.46;t2;0;662.24;false
0.05;0.02;0.06;0.08;0.0;0.0;8;/dados/rmelo/PDPTW-SE/benchmark_multi_island_v5/official_experiments/multistartlp/official/set_01_pt_02/logs/heur_mslp/outputs/csvresults_heur_mslp_bash_2.csv;0;4;1;18;0;0.0;0.5;true;10;2;lr205_t2_08R_08V_04I_04M;/dados/rmelo/PDPTW-SE/benchmark_multi_island_v5/official_experiments/multistartlp/official/set_01_pt_02/configs/genconfig_mslp.conf;genconfig_mslp;/dados/rmelo/PDPTW-SE/benchmark_multi_island_v5/official_experiments/multistartlp/official/set_01_pt_02/logs/heur_mslp/gurobi/08R_08V_04I_04M/lr205_grb_genconfig_mslp_seed_126.log;random;08R_08V_04I_04M;1;0;1;/dados/rmelo/PDPTW-SE/benchmark_multi_island_v5/official_experiments/multistartlp/official/set_01_pt_02/../../../../instances/orig_ams_fg/08R_08V_04I_04M/t2/lr205/;60000;5226;0;817.19;17;9;H;50;95;0;100.0;30.0;true;0.95;100.0;1.0;1.0;1.0;1.0;60;M;60000;60000;false;52;0.66;71.99;0.9;26;10;1000000;-1;3600;27.55;0.66;0.9;mslp;heur;0.66;0.9;-1;3600;60000;I;8;0.75;0.12;lr205;0;/dados/rmelo/PDPTW-SE/benchmark_multi_island_v5/official_experiments/multistartlp/official/set_01_pt_02/logs;0;0;0;0.0;100.0;1;126;/dados/rmelo/PDPTW-SE/benchmark_multi_island_v5/official_experiments/multistartlp/official/set_01_pt_02/logs/heur_mslp/solutions/08R_08V_04I_04M/lr205_sol_genconfig_mslp_seed_126.txt;Gurobi;AUTOMATIC;18.08;_bash_2;_seed_126;16531.2;1;14.81;/dados/rmelo/PDPTW-SE/benchmark_multi_island_v5/official_experiments/multistartlp/official/set_01_pt_02/logs/heur_mslp/timelines/08R_08V_04I_04M/lr205_timeline_genconfig_mslp_seed_126.txt;158.39;t2;0;661.85;false
0.05;0.12;0.19;0.32;0.0;0.12;9;/dados/rmelo/PDPTW-SE/benchmark_multi_island_v5/official_experiments/multistartlp/official/set_01_pt_02/logs/heur_mslp/outputs/csvresults_heur_mslp_bash_2.csv;0;3;1;22;0;0.0;0.5;true;12;2;lr101_t1_10R_10V_02I_03M;/dados/rmelo/PDPTW-SE/benchmark_multi_island_v5/official_experiments/multistartlp/official/set_01_pt_02/configs/genconfig_mslp.conf;genconfig_mslp;/dados/rmelo/PDPTW-SE/benchmark_multi_island_v5/official_experiments/multistartlp/official/set_01_pt_02/logs/heur_mslp/gurobi/10R_10V_02I_03M/lr101_grb_genconfig_mslp_seed_126.log;random;10R_10V_02I_03M;1;57687;1;/dados/rmelo/PDPTW-SE/benchmark_multi_island_v5/official_experiments/multistartlp/official/set_01_pt_02/../../../../instances/orig_ams_fg/10R_10V_02I_04M/t1/lr101/;60000;1994;0;1519.7;21;11;H;50;95;0;100.0;30.0;true;0.95;100.0;1.0;1.0;1.0;1.0;60;M;2313;2313;false;52;0.91;104.84;0.87;26;10;1000000;-1;3600;13.12;0.66;0.36;mslp;heur;0.35;0.21;-1;3600;60000;I;10;1.0;0.8;lr101;0;/dados/rmelo/PDPTW-SE/benchmark_multi_island_v5/official_experiments/multistartlp/official/set_01_pt_02/logs;0;0;0;96.14;100.0;1;126;/dados/rmelo/PDPTW-SE/benchmark_multi_island_v5/official_experiments/multistartlp/official/set_01_pt_02/logs/heur_mslp/solutions/10R_10V_02I_03M/lr101_sol_genconfig_mslp_seed_126.txt;Gurobi;AUTOMATIC;17.8;_bash_2;_seed_126;303.37;1;0.8;/dados/rmelo/PDPTW-SE/benchmark_multi_island_v5/official_experiments/multistartlp/official/set_01_pt_02/logs/heur_mslp/timelines/10R_10V_02I_03M/lr101_timeline_genconfig_mslp_seed_126.txt;15.02;t1;0;1295.99;false
0.05;0.07;0.14;0.2;0.0;0.13;12;/dados/rmelo/PDPTW-SE/benchmark_multi_island_v5/official_experiments/multistartlp/official/set_01_pt_02/logs/heur_mslp/outputs/csvresults_heur_mslp_bash_2.csv;0;4;1;22;0;0.0;0.5;true;12;2;lr101_t1_10R_10V_02I_04M;/dados/rmelo/PDPTW-SE/benchmark_multi_island_v5/official_experiments/multistartlp/official/set_01_pt_02/configs/genconfig_mslp.conf;genconfig_mslp;/dados/rmelo/PDPTW-SE/benchmark_multi_island_v5/official_experiments/multistartlp/official/set_01_pt_02/logs/heur_mslp/gurobi/10R_10V_02I_04M/lr101_grb_genconfig_mslp_seed_126.log;random;10R_10V_02I_04M;1;36405;1;/dados/rmelo/PDPTW-SE/benchmark_multi_island_v5/official_experiments/multistartlp/official/set_01_pt_02/../../../../instances/orig_ams_fg/10R_10V_02I_04M/t1/lr101/;60000;19796;0;1677.42;21;11;H;50;95;0;100.0;30.0;true;0.95;100.0;1.0;1.0;1.0;1.0;60;M;23595;23595;false;52;0.89;97.55;0.87;26;10;1000000;-1;3600;14.14;0.64;0.35;mslp;heur;0.35;0.16;-1;3600;60000;I;10;1.0;0.8;lr101;0;/dados/rmelo/PDPTW-SE/benchmark_multi_island_v5/official_experiments/multistartlp/official/set_01_pt_02/logs;0;0;0;60.68;100.0;1;126;/dados/rmelo/PDPTW-SE/benchmark_multi_island_v5/official_experiments/multistartlp/official/set_01_pt_02/logs/heur_mslp/solutions/10R_10V_02I_04M/lr101_sol_genconfig_mslp_seed_126.txt;Gurobi;AUTOMATIC;17.93;_bash_2;_seed_126;3335.87;1;20.08;/dados/rmelo/PDPTW-SE/benchmark_multi_island_v5/official_experiments/multistartlp/official/set_01_pt_02/logs/heur_mslp/timelines/10R_10V_02I_04M/lr101_timeline_genconfig_mslp_seed_126.txt;60.06;t1;0;1254.94;false
0.05;0.02;0.05;0.07;0.02;0.03;5;/dados/rmelo/PDPTW-SE/benchmark_multi_island_v5/official_experiments/multistartlp/official/set_01_pt_02/logs/heur_mslp/outputs/csvresults_heur_mslp_bash_2.csv;0;3;1;22;0;0.0;0.5;true;12;2;lr102_t1_10R_10V_02I_03M;/dados/rmelo/PDPTW-SE/benchmark_multi_island_v5/official_experiments/multistartlp/official/set_01_pt_02/configs/genconfig_mslp.conf;genconfig_mslp;/dados/rmelo/PDPTW-SE/benchmark_multi_island_v5/official_experiments/multistartlp/official/set_01_pt_02/logs/heur_mslp/gurobi/10R_10V_02I_03M/lr102_grb_genconfig_mslp_seed_126.log;random;10R_10V_02I_03M;1;0;1;/dados/rmelo/PDPTW-SE/benchmark_multi_island_v5/official_experiments/multistartlp/official/set_01_pt_02/../../../../instances/orig_ams_fg/10R_10V_02I_04M/t1/lr102/;60000;27;0;1245.73;21;11;H;50;95;0;100.0;30.0;true;0.95;100.0;1.0;1.0;1.0;1.0;60;M;60000;60000;false;58;0.92;111.15;0.76;29;10;1000000;-1;3600;11.56;0.63;0.44;mslp;heur;0.29;0.19;-1;3600;60000;I;10;1.0;0.6;lr102;0;/dados/rmelo/PDPTW-SE/benchmark_multi_island_v5/official_experiments/multistartlp/official/set_01_pt_02/logs;0;0;0;0.0;100.0;1;126;/dados/rmelo/PDPTW-SE/benchmark_multi_island_v5/official_experiments/multistartlp/official/set_01_pt_02/logs/heur_mslp/solutions/10R_10V_02I_03M/lr102_sol_genconfig_mslp_seed_126.txt;Gurobi;AUTOMATIC;17.85;_bash_2;_seed_126;6937.04;1;0.33;/dados/rmelo/PDPTW-SE/benchmark_multi_island_v5/official_experiments/multistartlp/official/set_01_pt_02/logs/heur_mslp/timelines/10R_10V_02I_03M/lr102_timeline_genconfig_mslp_seed_126.txt;121.87;t1;0;1018.62;false
0.05;0.02;0.05;0.07;0.02;0.03;5;/dados/rmelo/PDPTW-SE/benchmark_multi_island_v5/official_experiments/multistartlp/official/set_01_pt_02/logs/heur_mslp/outputs/csvresults_heur_mslp_bash_2.csv;0;4;1;22;0;0.0;0.5;true;12;2;lr102_t1_10R_10V_02I_04M;/dados/rmelo/PDPTW-SE/benchmark_multi_island_v5/official_experiments/multistartlp/official/set_01_pt_02/configs/genconfig_mslp.conf;genconfig_mslp;/dados/rmelo/PDPTW-SE/benchmark_multi_island_v5/official_experiments/multistartlp/official/set_01_pt_02/logs/heur_mslp/gurobi/10R_10V_02I_04M/lr102_grb_genconfig_mslp_seed_126.log;random;10R_10V_02I_04M;1;0;1;/dados/rmelo/PDPTW-SE/benchmark_multi_island_v5/official_experiments/multistartlp/official/set_01_pt_02/../../../../instances/orig_ams_fg/10R_10V_02I_04M/t1/lr102/;60000;27;0;1245.73;21;11;H;50;95;0;100.0;30.0;true;0.95;100.0;1.0;1.0;1.0;1.0;60;M;60000;60000;false;58;0.92;111.15;0.76;29;10;1000000;-1;3600;11.56;0.63;0.44;mslp;heur;0.29;0.19;-1;3600;60000;I;10;0.75;0.6;lr102;0;/dados/rmelo/PDPTW-SE/benchmark_multi_island_v5/official_experiments/multistartlp/official/set_01_pt_02/logs;0;0;0;0.0;100.0;1;126;/dados/rmelo/PDPTW-SE/benchmark_multi_island_v5/official_experiments/multistartlp/official/set_01_pt_02/logs/heur_mslp/solutions/10R_10V_02I_04M/lr102_sol_genconfig_mslp_seed_126.txt;Gurobi;AUTOMATIC;17.8;_bash_2;_seed_126;6937.04;1;0.39;/dados/rmelo/PDPTW-SE/benchmark_multi_island_v5/official_experiments/multistartlp/official/set_01_pt_02/logs/heur_mslp/timelines/10R_10V_02I_04M/lr102_timeline_genconfig_mslp_seed_126.txt;125.69;t1;0;1018.62;false
0.05;0.0;0.08;0.08;0.0;0.0;5;/dados/rmelo/PDPTW-SE/benchmark_multi_island_v5/official_experiments/multistartlp/official/set_01_pt_02/logs/heur_mslp/outputs/csvresults_heur_mslp_bash_2.csv;0;3;1;22;0;0.0;0.5;true;12;2;lr103_t1_10R_10V_02I_03M;/dados/rmelo/PDPTW-SE/benchmark_multi_island_v5/official_experiments/multistartlp/official/set_01_pt_02/configs/genconfig_mslp.conf;genconfig_mslp;/dados/rmelo/PDPTW-SE/benchmark_multi_island_v5/official_experiments/multistartlp/official/set_01_pt_02/logs/heur_mslp/gurobi/10R_10V_02I_03M/lr103_grb_genconfig_mslp_seed_126.log;random;10R_10V_02I_03M;1;109;1;/dados/rmelo/PDPTW-SE/benchmark_multi_island_v5/official_experiments/multistartlp/official/set_01_pt_02/../../../../instances/orig_ams_fg/10R_10V_02I_04M/t1/lr103/;60000;266;0;928.25;21;11;H;50;95;0;100.0;30.0;true;0.95;100.0;1.0;1.0;1.0;1.0;60;M;59891;59891;false;38;0.94;83.42;0.78;19;10;1000000;-1;3600;8.51;0.88;0.69;mslp;heur;0.79;0.62;-1;3600;60000;I;10;0.67;0.3;lr103;0;/dados/rmelo/PDPTW-SE/benchmark_multi_island_v5/official_experiments/multistartlp/official/set_01_pt_02/logs;0;0;0;0.18;100.0;1;126;/dados/rmelo/PDPTW-SE/benchmark_multi_island_v5/official_experiments/multistartlp/official/set_01_pt_02/logs/heur_mslp/solutions/10R_10V_02I_03M/lr103_sol_genconfig_mslp_seed_126.txt;Gurobi;AUTOMATIC;18.04;_bash_2;_seed_126;5095.06;1;0.93;/dados/rmelo/PDPTW-SE/benchmark_multi_island_v5/official_experiments/multistartlp/official/set_01_pt_02/logs/heur_mslp/timelines/10R_10V_02I_03M/lr103_timeline_genconfig_mslp_seed_126.txt;134.44;t1;0;610.04;false
0.05;0.0;0.08;0.08;0.0;0.0;5;/dados/rmelo/PDPTW-SE/benchmark_multi_island_v5/official_experiments/multistartlp/official/set_01_pt_02/logs/heur_mslp/outputs/csvresults_heur_mslp_bash_2.csv;0;4;1;22;0;0.0;0.5;true;12;2;lr103_t1_10R_10V_02I_04M;/dados/rmelo/PDPTW-SE/benchmark_multi_island_v5/official_experiments/multistartlp/official/set_01_pt_02/configs/genconfig_mslp.conf;genconfig_mslp;/dados/rmelo/PDPTW-SE/benchmark_multi_island_v5/official_experiments/multistartlp/official/set_01_pt_02/logs/heur_mslp/gurobi/10R_10V_02I_04M/lr103_grb_genconfig_mslp_seed_126.log;random;10R_10V_02I_04M;1;2;1;/dados/rmelo/PDPTW-SE/benchmark_multi_island_v5/official_experiments/multistartlp/official/set_01_pt_02/../../../../instances/orig_ams_fg/10R_10V_02I_04M/t1/lr103/;60000;206;0;928.25;21;11;H;50;95;0;100.0;30.0;true;0.95;100.0;1.0;1.0;1.0;1.0;60;M;59998;59998;false;38;0.94;83.42;0.78;19;10;1000000;-1;3600;8.44;0.88;0.66;mslp;heur;0.79;0.58;-1;3600;60000;I;10;0.5;0.3;lr103;0;/dados/rmelo/PDPTW-SE/benchmark_multi_island_v5/official_experiments/multistartlp/official/set_01_pt_02/logs;0;0;0;0.0;100.0;1;126;/dados/rmelo/PDPTW-SE/benchmark_multi_island_v5/official_experiments/multistartlp/official/set_01_pt_02/logs/heur_mslp/solutions/10R_10V_02I_04M/lr103_sol_genconfig_mslp_seed_126.txt;Gurobi;AUTOMATIC;17.82;_bash_2;_seed_126;5063.14;1;0.8;/dados/rmelo/PDPTW-SE/benchmark_multi_island_v5/official_experiments/multistartlp/official/set_01_pt_02/logs/heur_mslp/timelines/10R_10V_02I_04M/lr103_timeline_genconfig_mslp_seed_126.txt;137.39;t1;0;610.04;false
0.05;0.12;0.25;0.37;0.0;0.0;12;/dados/rmelo/PDPTW-SE/benchmark_multi_island_v5/official_experiments/multistartlp/official/set_01_pt_02/logs/heur_mslp/outputs/csvresults_heur_mslp_bash_2.csv;0;3;1;22;0;0.0;0.5;true;12;2;lr104_t1_10R_10V_02I_03M;/dados/rmelo/PDPTW-SE/benchmark_multi_island_v5/official_experiments/multistartlp/official/set_01_pt_02/configs/genconfig_mslp.conf;genconfig_mslp;/dados/rmelo/PDPTW-SE/benchmark_multi_island_v5/official_experiments/multistartlp/official/set_01_pt_02/logs/heur_mslp/gurobi/10R_10V_02I_03M/lr104_grb_genconfig_mslp_seed_126.log;random;10R_10V_02I_03M;1;0;1;/dados/rmelo/PDPTW-SE/benchmark_multi_island_v5/official_experiments/multistartlp/official/set_01_pt_02/../../../../instances/orig_ams_fg/10R_10V_02I_04M/t1/lr104/;60000;19019;0;865.38;21;11;H;50;95;0;100.0;30.0;true;0.95;100.0;1.0;1.0;1.0;1.0;60;M;58680;60000;false;40;0.93;99.32;0.91;20;10;1000000;-1;3600;6.37;0.75;0.62;mslp;heur;0.5;0.46;-1;3600;60000;I;10;0.33;0.4;lr104;0;/dados/rmelo/PDPTW-SE/benchmark_multi_island_v5/official_experiments/multistartlp/official/set_01_pt_02/logs;0;0;0;0.0;97.8;1;126;/dados/rmelo/PDPTW-SE/benchmark_multi_island_v5/official_experiments/multistartlp/official/set_01_pt_02/logs/heur_mslp/solutions/10R_10V_02I_03M/lr104_sol_genconfig_mslp_seed_126.txt;Gurobi;AUTOMATIC;17.74;_bash_2;_seed_126;3820.26;1;37.37;/dados/rmelo/PDPTW-SE/benchmark_multi_island_v5/official_experiments/multistartlp/official/set_01_pt_02/logs/heur_mslp/timelines/10R_10V_02I_03M/lr104_timeline_genconfig_mslp_seed_126.txt;117.09;t1;0;687.39;false
0.05;0.0;0.12;0.12;0.0;0.0;11;/dados/rmelo/PDPTW-SE/benchmark_multi_island_v5/official_experiments/multistartlp/official/set_01_pt_02/logs/heur_mslp/outputs/csvresults_heur_mslp_bash_2.csv;0;4;1;22;0;0.0;0.5;true;12;2;lr104_t1_10R_10V_02I_04M;/dados/rmelo/PDPTW-SE/benchmark_multi_island_v5/official_experiments/multistartlp/official/set_01_pt_02/configs/genconfig_mslp.conf;genconfig_mslp;/dados/rmelo/PDPTW-SE/benchmark_multi_island_v5/official_experiments/multistartlp/official/set_01_pt_02/logs/heur_mslp/gurobi/10R_10V_02I_04M/lr104_grb_genconfig_mslp_seed_126.log;random;10R_10V_02I_04M;1;0;1;/dados/rmelo/PDPTW-SE/benchmark_multi_island_v5/official_experiments/multistartlp/official/set_01_pt_02/../../../../instances/orig_ams_fg/10R_10V_02I_04M/t1/lr104/;60000;17236;0;852.46;21;11;H;50;95;0;100.0;30.0;true;0.95;100.0;1.0;1.0;1.0;1.0;60;M;59869;60000;false;40;0.86;89.04;0.91;20;10;1000000;-1;3600;7.03;0.73;0.6;mslp;heur;0.5;0.35;-1;3600;60000;I;10;0.5;0.4;lr104;0;/dados/rmelo/PDPTW-SE/benchmark_multi_island_v5/official_experiments/multistartlp/official/set_01_pt_02/logs;0;0;0;0.0;99.78;1;126;/dados/rmelo/PDPTW-SE/benchmark_multi_island_v5/official_experiments/multistartlp/official/set_01_pt_02/logs/heur_mslp/solutions/10R_10V_02I_04M/lr104_sol_genconfig_mslp_seed_126.txt;Gurobi;AUTOMATIC;18.06;_bash_2;_seed_126;4220.07;1;35.39;/dados/rmelo/PDPTW-SE/benchmark_multi_island_v5/official_experiments/multistartlp/official/set_01_pt_02/logs/heur_mslp/timelines/10R_10V_02I_04M/lr104_timeline_genconfig_mslp_seed_126.txt;122.15;t1;0;671.72;false
0.05;0.0;0.13;0.13;0.0;0.03;3;/dados/rmelo/PDPTW-SE/benchmark_multi_island_v5/official_experiments/multistartlp/official/set_01_pt_02/logs/heur_mslp/outputs/csvresults_heur_mslp_bash_2.csv;0;3;1;22;0;0.0;0.5;true;12;2;lr105_t1_10R_10V_02I_03M;/dados/rmelo/PDPTW-SE/benchmark_multi_island_v5/official_experiments/multistartlp/official/set_01_pt_02/configs/genconfig_mslp.conf;genconfig_mslp;/dados/rmelo/PDPTW-SE/benchmark_multi_island_v5/official_experiments/multistartlp/official/set_01_pt_02/logs/heur_mslp/gurobi/10R_10V_02I_03M/lr105_grb_genconfig_mslp_seed_126.log;random;10R_10V_02I_03M;1;0;1;/dados/rmelo/PDPTW-SE/benchmark_multi_island_v5/official_experiments/multistartlp/official/set_01_pt_02/../../../../instances/orig_ams_fg/10R_10V_02I_04M/t1/lr105/;60000;785;0;925.19;21;11;H;50;95;0;100.0;30.0;true;0.95;100.0;1.0;1.0;1.0;1.0;60;M;60000;60000;false;52;0.78;83.39;0.88;26;10;1000000;-1;3600;18.64;0.58;0.52;mslp;heur;0.4;0.29;-1;3600;60000;I;10;0.67;0.5;lr105;0;/dados/rmelo/PDPTW-SE/benchmark_multi_island_v5/official_experiments/multistartlp/official/set_01_pt_02/logs;0;0;0;0.0;100.0;1;126;/dados/rmelo/PDPTW-SE/benchmark_multi_island_v5/official_experiments/multistartlp/official/set_01_pt_02/logs/heur_mslp/solutions/10R_10V_02I_03M/lr105_sol_genconfig_mslp_seed_126.txt;Gurobi;AUTOMATIC;17.77;_bash_2;_seed_126;11186.26;1;1.83;/dados/rmelo/PDPTW-SE/benchmark_multi_island_v5/official_experiments/multistartlp/official/set_01_pt_02/logs/heur_mslp/timelines/10R_10V_02I_03M/lr105_timeline_genconfig_mslp_seed_126.txt;110.64;t1;0;671.01;false
0.05;0.0;0.13;0.13;0.0;0.03;3;/dados/rmelo/PDPTW-SE/benchmark_multi_island_v5/official_experiments/multistartlp/official/set_01_pt_02/logs/heur_mslp/outputs/csvresults_heur_mslp_bash_2.csv;0;4;1;22;0;0.0;0.5;true;12;2;lr105_t1_10R_10V_02I_04M;/dados/rmelo/PDPTW-SE/benchmark_multi_island_v5/official_experiments/multistartlp/official/set_01_pt_02/configs/genconfig_mslp.conf;genconfig_mslp;/dados/rmelo/PDPTW-SE/benchmark_multi_island_v5/official_experiments/multistartlp/official/set_01_pt_02/logs/heur_mslp/gurobi/10R_10V_02I_04M/lr105_grb_genconfig_mslp_seed_126.log;random;10R_10V_02I_04M;1;0;1;/dados/rmelo/PDPTW-SE/benchmark_multi_island_v5/official_experiments/multistartlp/official/set_01_pt_02/../../../../instances/orig_ams_fg/10R_10V_02I_04M/t1/lr105/;60000;785;0;925.19;21;11;H;50;95;0;100.0;30.0;true;0.95;100.0;1.0;1.0;1.0;1.0;60;M;60000;60000;false;52;0.78;83.39;0.88;26;10;1000000;-1;3600;18.65;0.58;0.52;mslp;heur;0.4;0.29;-1;3600;60000;I;10;0.5;0.5;lr105;0;/dados/rmelo/PDPTW-SE/benchmark_multi_island_v5/official_experiments/multistartlp/official/set_01_pt_02/logs;0;0;0;0.0;100.0;1;126;/dados/rmelo/PDPTW-SE/benchmark_multi_island_v5/official_experiments/multistartlp/official/set_01_pt_02/logs/heur_mslp/solutions/10R_10V_02I_04M/lr105_sol_genconfig_mslp_seed_126.txt;Gurobi;AUTOMATIC;17.91;_bash_2;_seed_126;11191.65;1;1.84;/dados/rmelo/PDPTW-SE/benchmark_multi_island_v5/official_experiments/multistartlp/official/set_01_pt_02/logs/heur_mslp/timelines/10R_10V_02I_04M/lr105_timeline_genconfig_mslp_seed_126.txt;114.23;t1;0;671.01;false
0.05;0.01;0.04;0.05;0.0;0.11;7;/dados/rmelo/PDPTW-SE/benchmark_multi_island_v5/official_experiments/multistartlp/official/set_01_pt_02/logs/heur_mslp/outputs/csvresults_heur_mslp_bash_2.csv;0;3;1;22;0;0.0;0.5;true;12;2;lr201_t2_10R_10V_02I_03M;/dados/rmelo/PDPTW-SE/benchmark_multi_island_v5/official_experiments/multistartlp/official/set_01_pt_02/configs/genconfig_mslp.conf;genconfig_mslp;/dados/rmelo/PDPTW-SE/benchmark_multi_island_v5/official_experiments/multistartlp/official/set_01_pt_02/logs/heur_mslp/gurobi/10R_10V_02I_03M/lr201_grb_genconfig_mslp_seed_126.log;random;10R_10V_02I_03M;1;0;1;/dados/rmelo/PDPTW-SE/benchmark_multi_island_v5/official_experiments/multistartlp/official/set_01_pt_02/../../../../instances/orig_ams_fg/10R_10V_02I_04M/t2/lr201/;60000;473;0;1675.62;21;11;H;50;95;0;100.0;30.0;true;0.95;100.0;1.0;1.0;1.0;1.0;60;M;60000;60000;false;52;0.7;90.08;1.0;26;10;1000000;-1;3600;26.48;0.5;0.93;mslp;heur;0.3;0.87;-1;3600;60000;I;10;0.67;0.2;lr201;0;/dados/rmelo/PDPTW-SE/benchmark_multi_island_v5/official_experiments/multistartlp/official/set_01_pt_02/logs;0;0;0;0.0;100.0;1;126;/dados/rmelo/PDPTW-SE/benchmark_multi_island_v5/official_experiments/multistartlp/official/set_01_pt_02/logs/heur_mslp/solutions/10R_10V_02I_03M/lr201_sol_genconfig_mslp_seed_126.txt;Gurobi;AUTOMATIC;17.81;_bash_2;_seed_126;15886.92;1;1.33;/dados/rmelo/PDPTW-SE/benchmark_multi_island_v5/official_experiments/multistartlp/official/set_01_pt_02/logs/heur_mslp/timelines/10R_10V_02I_03M/lr201_timeline_genconfig_mslp_seed_126.txt;125.93;t2;0;1006.56;false
0.05;0.01;0.03;0.04;0.0;0.11;6;/dados/rmelo/PDPTW-SE/benchmark_multi_island_v5/official_experiments/multistartlp/official/set_01_pt_02/logs/heur_mslp/outputs/csvresults_heur_mslp_bash_2.csv;0;4;1;22;0;0.0;0.5;true;12;2;lr201_t2_10R_10V_02I_04M;/dados/rmelo/PDPTW-SE/benchmark_multi_island_v5/official_experiments/multistartlp/official/set_01_pt_02/configs/genconfig_mslp.conf;genconfig_mslp;/dados/rmelo/PDPTW-SE/benchmark_multi_island_v5/official_experiments/multistartlp/official/set_01_pt_02/logs/heur_mslp/gurobi/10R_10V_02I_04M/lr201_grb_genconfig_mslp_seed_126.log;random;10R_10V_02I_04M;1;0;1;/dados/rmelo/PDPTW-SE/benchmark_multi_island_v5/official_experiments/multistartlp/official/set_01_pt_02/../../../../instances/orig_ams_fg/10R_10V_02I_04M/t2/lr201/;60000;473;0;1675.62;21;11;H;50;95;0;100.0;30.0;true;0.95;100.0;1.0;1.0;1.0;1.0;60;M;60000;60000;false;52;0.7;90.08;1.0;26;10;1000000;-1;3600;26.5;0.5;0.93;mslp;heur;0.3;0.87;-1;3600;60000;I;10;0.75;0.2;lr201;0;/dados/rmelo/PDPTW-SE/benchmark_multi_island_v5/official_experiments/multistartlp/official/set_01_pt_02/logs;0;0;0;0.0;100.0;1;126;/dados/rmelo/PDPTW-SE/benchmark_multi_island_v5/official_experiments/multistartlp/official/set_01_pt_02/logs/heur_mslp/solutions/10R_10V_02I_04M/lr201_sol_genconfig_mslp_seed_126.txt;Gurobi;AUTOMATIC;17.75;_bash_2;_seed_126;15897.38;1;1.43;/dados/rmelo/PDPTW-SE/benchmark_multi_island_v5/official_experiments/multistartlp/official/set_01_pt_02/logs/heur_mslp/timelines/10R_10V_02I_04M/lr201_timeline_genconfig_mslp_seed_126.txt;130.01;t2;0;1005.86;false
0.05;0.0;0.02;0.02;0.0;0.03;5;/dados/rmelo/PDPTW-SE/benchmark_multi_island_v5/official_experiments/multistartlp/official/set_01_pt_02/logs/heur_mslp/outputs/csvresults_heur_mslp_bash_2.csv;0;3;1;22;0;0.0;0.5;true;12;2;lr202_t2_10R_10V_02I_03M;/dados/rmelo/PDPTW-SE/benchmark_multi_island_v5/official_experiments/multistartlp/official/set_01_pt_02/configs/genconfig_mslp.conf;genconfig_mslp;/dados/rmelo/PDPTW-SE/benchmark_multi_island_v5/official_experiments/multistartlp/official/set_01_pt_02/logs/heur_mslp/gurobi/10R_10V_02I_03M/lr202_grb_genconfig_mslp_seed_126.log;random;10R_10V_02I_03M;1;0;1;/dados/rmelo/PDPTW-SE/benchmark_multi_island_v5/official_experiments/multistartlp/official/set_01_pt_02/../../../../instances/orig_ams_fg/10R_10V_02I_04M/t2/lr202/;60000;495;0;1512.52;21;11;H;50;95;0;100.0;30.0;true;0.95;100.0;1.0;1.0;1.0;1.0;60;M;60000;60000;false;46;0.49;79.34;0.87;23;10;1000000;-1;3600;27.68;0.41;0.83;mslp;heur;0.32;0.78;-1;3600;60000;I;10;1.0;0.2;lr202;0;/dados/rmelo/PDPTW-SE/benchmark_multi_island_v5/official_experiments/multistartlp/official/set_01_pt_02/logs;0;0;0;0.0;100.0;1;126;/dados/rmelo/PDPTW-SE/benchmark_multi_island_v5/official_experiments/multistartlp/official/set_01_pt_02/logs/heur_mslp/solutions/10R_10V_02I_03M/lr202_sol_genconfig_mslp_seed_126.txt;Gurobi;AUTOMATIC;17.86;_bash_2;_seed_126;16608.87;1;1.58;/dados/rmelo/PDPTW-SE/benchmark_multi_island_v5/official_experiments/multistartlp/official/set_01_pt_02/logs/heur_mslp/timelines/10R_10V_02I_03M/lr202_timeline_genconfig_mslp_seed_126.txt;139.38;t2;0;810.23;false
0.05;0.0;0.02;0.02;0.0;0.03;5;/dados/rmelo/PDPTW-SE/benchmark_multi_island_v5/official_experiments/multistartlp/official/set_01_pt_02/logs/heur_mslp/outputs/csvresults_heur_mslp_bash_2.csv;0;4;1;22;0;0.0;0.5;true;12;2;lr202_t2_10R_10V_02I_04M;/dados/rmelo/PDPTW-SE/benchmark_multi_island_v5/official_experiments/multistartlp/official/set_01_pt_02/configs/genconfig_mslp.conf;genconfig_mslp;/dados/rmelo/PDPTW-SE/benchmark_multi_island_v5/official_experiments/multistartlp/official/set_01_pt_02/logs/heur_mslp/gurobi/10R_10V_02I_04M/lr202_grb_genconfig_mslp_seed_126.log;random;10R_10V_02I_04M;1;0;1;/dados/rmelo/PDPTW-SE/benchmark_multi_island_v5/official_experiments/multistartlp/official/set_01_pt_02/../../../../instances/orig_ams_fg/10R_10V_02I_04M/t2/lr202/;60000;495;0;1512.52;21;11;H;50;95;0;100.0;30.0;true;0.95;100.0;1.0;1.0;1.0;1.0;60;M;60000;60000;false;46;0.49;78.32;0.87;23;10;1000000;-1;3600;28.11;0.4;0.83;mslp;heur;0.32;0.78;-1;3600;60000;I;10;0.75;0.2;lr202;0;/dados/rmelo/PDPTW-SE/benchmark_multi_island_v5/official_experiments/multistartlp/official/set_01_pt_02/logs;0;0;0;0.0;100.0;1;126;/dados/rmelo/PDPTW-SE/benchmark_multi_island_v5/official_experiments/multistartlp/official/set_01_pt_02/logs/heur_mslp/solutions/10R_10V_02I_04M/lr202_sol_genconfig_mslp_seed_126.txt;Gurobi;AUTOMATIC;17.99;_bash_2;_seed_126;16865.92;1;1.59;/dados/rmelo/PDPTW-SE/benchmark_multi_island_v5/official_experiments/multistartlp/official/set_01_pt_02/logs/heur_mslp/timelines/10R_10V_02I_04M/lr202_timeline_genconfig_mslp_seed_126.txt;144.95;t2;0;809.32;false
0.05;0.01;0.02;0.03;0.01;0.05;8;/dados/rmelo/PDPTW-SE/benchmark_multi_island_v5/official_experiments/multistartlp/official/set_01_pt_02/logs/heur_mslp/outputs/csvresults_heur_mslp_bash_2.csv;0;3;1;22;0;0.0;0.5;true;12;2;lr203_t2_10R_10V_02I_03M;/dados/rmelo/PDPTW-SE/benchmark_multi_island_v5/official_experiments/multistartlp/official/set_01_pt_02/configs/genconfig_mslp.conf;genconfig_mslp;/dados/rmelo/PDPTW-SE/benchmark_multi_island_v5/official_experiments/multistartlp/official/set_01_pt_02/logs/heur_mslp/gurobi/10R_10V_02I_03M/lr203_grb_genconfig_mslp_seed_126.log;random;10R_10V_02I_03M;1;0;1;/dados/rmelo/PDPTW-SE/benchmark_multi_island_v5/official_experiments/multistartlp/official/set_01_pt_02/../../../../instances/orig_ams_fg/10R_10V_02I_04M/t2/lr203/;60000;3295;0;1597.47;21;11;H;50;95;0;100.0;30.0;true;0.95;100.0;1.0;1.0;1.0;1.0;60;M;60000;60000;false;58;0.59;102.9;1.0;29;10;1000000;-1;3600;19.66;0.38;0.99;mslp;heur;0.17;0.97;-1;3600;60000;I;10;0.67;0.2;lr203;0;/dados/rmelo/PDPTW-SE/benchmark_multi_island_v5/official_experiments/multistartlp/official/set_01_pt_02/logs;0;0;0;0.0;100.0;1;126;/dados/rmelo/PDPTW-SE/benchmark_multi_island_v5/official_experiments/multistartlp/official/set_01_pt_02/logs/heur_mslp/solutions/10R_10V_02I_03M/lr203_sol_genconfig_mslp_seed_126.txt;Gurobi;AUTOMATIC;17.92;_bash_2;_seed_126;11797.18;1;10.73;/dados/rmelo/PDPTW-SE/benchmark_multi_island_v5/official_experiments/multistartlp/official/set_01_pt_02/logs/heur_mslp/timelines/10R_10V_02I_03M/lr203_timeline_genconfig_mslp_seed_126.txt;183.03;t2;0;756.99;false
0.05;0.0;0.01;0.01;0.01;0.05;8;/dados/rmelo/PDPTW-SE/benchmark_multi_island_v5/official_experiments/multistartlp/official/set_01_pt_02/logs/heur_mslp/outputs/csvresults_heur_mslp_bash_2.csv;0;4;1;22;0;0.0;0.5;true;12;2;lr203_t2_10R_10V_02I_04M;/dados/rmelo/PDPTW-SE/benchmark_multi_island_v5/official_experiments/multistartlp/official/set_01_pt_02/configs/genconfig_mslp.conf;genconfig_mslp;/dados/rmelo/PDPTW-SE/benchmark_multi_island_v5/official_experiments/multistartlp/official/set_01_pt_02/logs/heur_mslp/gurobi/10R_10V_02I_04M/lr203_grb_genconfig_mslp_seed_126.log;random;10R_10V_02I_04M;1;0;1;/dados/rmelo/PDPTW-SE/benchmark_multi_island_v5/official_experiments/multistartlp/official/set_01_pt_02/../../../../instances/orig_ams_fg/10R_10V_02I_04M/t2/lr203/;60000;3295;0;1597.47;21;11;H;50;95;0;100.0;30.0;true;0.95;100.0;1.0;1.0;1.0;1.0;60;M;60000;60000;false;58;0.59;102.9;1.0;29;10;1000000;-1;3600;19.98;0.38;0.99;mslp;heur;0.17;0.97;-1;3600;60000;I;10;0.75;0.2;lr203;0;/dados/rmelo/PDPTW-SE/benchmark_multi_island_v5/official_experiments/multistartlp/official/set_01_pt_02/logs;0;0;0;0.0;100.0;1;126;/dados/rmelo/PDPTW-SE/benchmark_multi_island_v5/official_experiments/multistartlp/official/set_01_pt_02/logs/heur_mslp/solutions/10R_10V_02I_04M/lr203_sol_genconfig_mslp_seed_126.txt;Gurobi;AUTOMATIC;18.13;_bash_2;_seed_126;11986.74;1;11.03;/dados/rmelo/PDPTW-SE/benchmark_multi_island_v5/official_experiments/multistartlp/official/set_01_pt_02/logs/heur_mslp/timelines/10R_10V_02I_04M/lr203_timeline_genconfig_mslp_seed_126.txt;191.82;t2;0;756.27;false
0.05;0.01;0.03;0.04;0.0;0.0;11;/dados/rmelo/PDPTW-SE/benchmark_multi_island_v5/official_experiments/multistartlp/official/set_01_pt_02/logs/heur_mslp/outputs/csvresults_heur_mslp_bash_2.csv;0;3;1;22;0;0.0;0.5;true;12;2;lr204_t2_10R_10V_02I_03M;/dados/rmelo/PDPTW-SE/benchmark_multi_island_v5/official_experiments/multistartlp/official/set_01_pt_02/configs/genconfig_mslp.conf;genconfig_mslp;/dados/rmelo/PDPTW-SE/benchmark_multi_island_v5/official_experiments/multistartlp/official/set_01_pt_02/logs/heur_mslp/gurobi/10R_10V_02I_03M/lr204_grb_genconfig_mslp_seed_126.log;random;10R_10V_02I_03M;1;0;1;/dados/rmelo/PDPTW-SE/benchmark_multi_island_v5/official_experiments/multistartlp/official/set_01_pt_02/../../../../instances/orig_ams_fg/10R_10V_02I_04M/t2/lr204/;60000;2799;0;1029.95;21;11;H;50;95;0;100.0;30.0;true;0.95;100.0;1.0;1.0;1.0;1.0;60;M;55660;60000;false;38;0.52;88.45;0.85;19;10;1000000;-1;3600;8.77;0.38;0.67;mslp;heur;0.24;0.5;-1;3600;60000;I;10;0.67;0.2;lr204;0;/dados/rmelo/PDPTW-SE/benchmark_multi_island_v5/official_experiments/multistartlp/official/set_01_pt_02/logs;0;0;0;0.0;92.77;1;126;/dados/rmelo/PDPTW-SE/benchmark_multi_island_v5/official_experiments/multistartlp/official/set_01_pt_02/logs/heur_mslp/solutions/10R_10V_02I_03M/lr204_sol_genconfig_mslp_seed_126.txt;Gurobi;AUTOMATIC;17.56;_bash_2;_seed_126;5263.83;1;8.97;/dados/rmelo/PDPTW-SE/benchmark_multi_island_v5/official_experiments/multistartlp/official/set_01_pt_02/logs/heur_mslp/timelines/10R_10V_02I_03M/lr204_timeline_genconfig_mslp_seed_126.txt;178.91;t2;0;762.31;false
0.05;0.01;0.03;0.04;0.0;0.0;13;/dados/rmelo/PDPTW-SE/benchmark_multi_island_v5/official_experiments/multistartlp/official/set_01_pt_02/logs/heur_mslp/outputs/csvresults_heur_mslp_bash_2.csv;0;4;1;22;0;0.0;0.5;true;12;2;lr204_t2_10R_10V_02I_04M;/dados/rmelo/PDPTW-SE/benchmark_multi_island_v5/official_experiments/multistartlp/official/set_01_pt_02/configs/genconfig_mslp.conf;genconfig_mslp;/dados/rmelo/PDPTW-SE/benchmark_multi_island_v5/official_experiments/multistartlp/official/set_01_pt_02/logs/heur_mslp/gurobi/10R_10V_02I_04M/lr204_grb_genconfig_mslp_seed_126.log;random;10R_10V_02I_04M;1;0;1;/dados/rmelo/PDPTW-SE/benchmark_multi_island_v5/official_experiments/multistartlp/official/set_01_pt_02/../../../../instances/orig_ams_fg/10R_10V_02I_04M/t2/lr204/;60000;39658;0;1027.06;21;11;H;50;95;0;100.0;30.0;true;0.95;100.0;1.0;1.0;1.0;1.0;60;M;55218;60000;false;38;0.51;88.45;0.89;19;10;1000000;-1;3600;9.53;0.38;0.7;mslp;heur;0.24;0.5;-1;3600;60000;I;10;0.5;0.2;lr204;0;/dados/rmelo/PDPTW-SE/benchmark_multi_island_v5/official_experiments/multistartlp/official/set_01_pt_02/logs;0;0;0;0.0;92.03;1;126;/dados/rmelo/PDPTW-SE/benchmark_multi_island_v5/official_experiments/multistartlp/official/set_01_pt_02/logs/heur_mslp/solutions/10R_10V_02I_04M/lr204_sol_genconfig_mslp_seed_126.txt;Gurobi;AUTOMATIC;18.1;_bash_2;_seed_126;5717.52;1;124.66;/dados/rmelo/PDPTW-SE/benchmark_multi_island_v5/official_experiments/multistartlp/official/set_01_pt_02/logs/heur_mslp/timelines/10R_10V_02I_04M/lr204_timeline_genconfig_mslp_seed_126.txt;188.06;t2;0;754.85;false
0.05;0.01;0.02;0.03;0.0;0.01;9;/dados/rmelo/PDPTW-SE/benchmark_multi_island_v5/official_experiments/multistartlp/official/set_01_pt_02/logs/heur_mslp/outputs/csvresults_heur_mslp_bash_2.csv;0;3;1;22;0;0.0;0.5;true;12;2;lr205_t2_10R_10V_02I_03M;/dados/rmelo/PDPTW-SE/benchmark_multi_island_v5/official_experiments/multistartlp/official/set_01_pt_02/configs/genconfig_mslp.conf;genconfig_mslp;/dados/rmelo/PDPTW-SE/benchmark_multi_island_v5/official_experiments/multistartlp/official/set_01_pt_02/logs/heur_mslp/gurobi/10R_10V_02I_03M/lr205_grb_genconfig_mslp_seed_126.log;random;10R_10V_02I_03M;1;0;1;/dados/rmelo/PDPTW-SE/benchmark_multi_island_v5/official_experiments/multistartlp/official/set_01_pt_02/../../../../instances/orig_ams_fg/10R_10V_02I_04M/t2/lr205/;60000;17565;0;2021.99;21;11;H;50;95;0;100.0;30.0;true;0.95;100.0;1.0;1.0;1.0;1.0;60;M;60000;60000;false;52;0.54;81.38;1.0;26;10;1000000;-1;3600;31.29;0.38;0.91;mslp;heur;0.22;0.82;-1;3600;60000;I;10;0.33;0.2;lr205;0;/dados/rmelo/PDPTW-SE/benchmark_multi_island_v5/official_experiments/multistartlp/official/set_01_pt_02/logs;0;0;0;0.0;100.0;1;126;/dados/rmelo/PDPTW-SE/benchmark_multi_island_v5/official_experiments/multistartlp/official/set_01_pt_02/logs/heur_mslp/solutions/10R_10V_02I_03M/lr205_sol_genconfig_mslp_seed_126.txt;Gurobi;AUTOMATIC;17.95;_bash_2;_seed_126;18773.42;1;41.7;/dados/rmelo/PDPTW-SE/benchmark_multi_island_v5/official_experiments/multistartlp/official/set_01_pt_02/logs/heur_mslp/timelines/10R_10V_02I_03M/lr205_timeline_genconfig_mslp_seed_126.txt;140.69;t2;0;761.09;false
0.05;0.01;0.02;0.03;0.0;0.01;9;/dados/rmelo/PDPTW-SE/benchmark_multi_island_v5/official_experiments/multistartlp/official/set_01_pt_02/logs/heur_mslp/outputs/csvresults_heur_mslp_bash_2.csv;0;4;1;22;0;0.0;0.5;true;12;2;lr205_t2_10R_10V_02I_04M;/dados/rmelo/PDPTW-SE/benchmark_multi_island_v5/official_experiments/multistartlp/official/set_01_pt_02/configs/genconfig_mslp.conf;genconfig_mslp;/dados/rmelo/PDPTW-SE/benchmark_multi_island_v5/official_experiments/multistartlp/official/set_01_pt_02/logs/heur_mslp/gurobi/10R_10V_02I_04M/lr205_grb_genconfig_mslp_seed_126.log;random;10R_10V_02I_04M;1;0;1;/dados/rmelo/PDPTW-SE/benchmark_multi_island_v5/official_experiments/multistartlp/official/set_01_pt_02/../../../../instances/orig_ams_fg/10R_10V_02I_04M/t2/lr205/;60000;17565;0;2021.99;21;11;H;50;95;0;100.0;30.0;true;0.95;100.0;1.0;1.0;1.0;1.0;60;M;60000;60000;false;52;0.54;81.38;1.0;26;10;1000000;-1;3600;31.29;0.38;0.91;mslp;heur;0.22;0.82;-1;3600;60000;I;10;0.25;0.2;lr205;0;/dados/rmelo/PDPTW-SE/benchmark_multi_island_v5/official_experiments/multistartlp/official/set_01_pt_02/logs;0;0;0;0.0;100.0;1;126;/dados/rmelo/PDPTW-SE/benchmark_multi_island_v5/official_experiments/multistartlp/official/set_01_pt_02/logs/heur_mslp/solutions/10R_10V_02I_04M/lr205_sol_genconfig_mslp_seed_126.txt;Gurobi;AUTOMATIC;18.1;_bash_2;_seed_126;18774.74;1;43.24;/dados/rmelo/PDPTW-SE/benchmark_multi_island_v5/official_experiments/multistartlp/official/set_01_pt_02/logs/heur_mslp/timelines/10R_10V_02I_04M/lr205_timeline_genconfig_mslp_seed_126.txt;146.53;t2;0;761.09;false
0.05;0.27;0.4;0.68;0.02;0.2;3;/dados/rmelo/PDPTW-SE/benchmark_multi_island_v5/official_experiments/multistartlp/official/set_01_pt_02/logs/heur_mslp/outputs/csvresults_heur_mslp_bash_2.csv;0;3;1;22;0;0.0;0.5;true;12;2;lr101_t1_10R_10V_04I_03M;/dados/rmelo/PDPTW-SE/benchmark_multi_island_v5/official_experiments/multistartlp/official/set_01_pt_02/configs/genconfig_mslp.conf;genconfig_mslp;/dados/rmelo/PDPTW-SE/benchmark_multi_island_v5/official_experiments/multistartlp/official/set_01_pt_02/logs/heur_mslp/gurobi/10R_10V_04I_03M/lr101_grb_genconfig_mslp_seed_126.log;random;10R_10V_04I_03M;1;59827;1;/dados/rmelo/PDPTW-SE/benchmark_multi_island_v5/official_experiments/multistartlp/official/set_01_pt_02/../../../../instances/orig_ams_fg/10R_10V_04I_04M/t1/lr101/;60000;836;0;1689.7;21;11;H;50;95;0;100.0;30.0;true;0.95;100.0;1.0;1.0;1.0;1.0;60;M;173;173;false;52;0.89;90.23;0.59;26;10;1000000;-1;3600;22.05;0.58;0.33;mslp;heur;0.42;0.15;-1;3600;60000;I;10;1.0;0.9;lr101;0;/dados/rmelo/PDPTW-SE/benchmark_multi_island_v5/official_experiments/multistartlp/official/set_01_pt_02/logs;0;0;0;99.71;100.0;1;126;/dados/rmelo/PDPTW-SE/benchmark_multi_island_v5/official_experiments/multistartlp/official/set_01_pt_02/logs/heur_mslp/solutions/10R_10V_04I_03M/lr101_sol_genconfig_mslp_seed_126.txt;Gurobi;AUTOMATIC;17.8;_bash_2;_seed_126;38.15;1;0.48;/dados/rmelo/PDPTW-SE/benchmark_multi_island_v5/official_experiments/multistartlp/official/set_01_pt_02/logs/heur_mslp/timelines/10R_10V_04I_03M/lr101_timeline_genconfig_mslp_seed_126.txt;13.63;t1;0;1275.66;false
0.05;0.18;0.31;0.48;0.0;0.17;9;/dados/rmelo/PDPTW-SE/benchmark_multi_island_v5/official_experiments/multistartlp/official/set_01_pt_02/logs/heur_mslp/outputs/csvresults_heur_mslp_bash_2.csv;0;4;1;22;0;0.0;0.5;true;12;2;lr101_t1_10R_10V_04I_04M;/dados/rmelo/PDPTW-SE/benchmark_multi_island_v5/official_experiments/multistartlp/official/set_01_pt_02/configs/genconfig_mslp.conf;genconfig_mslp;/dados/rmelo/PDPTW-SE/benchmark_multi_island_v5/official_experiments/multistartlp/official/set_01_pt_02/logs/heur_mslp/gurobi/10R_10V_04I_04M/lr101_grb_genconfig_mslp_seed_126.log;random;10R_10V_04I_04M;1;36135;1;/dados/rmelo/PDPTW-SE/benchmark_multi_island_v5/official_experiments/multistartlp/official/set_01_pt_02/../../../../instances/orig_ams_fg/10R_10V_04I_04M/t1/lr101/;60000;2761;0;1616.61;21;11;H;50;95;0;100.0;30.0;true;0.95;100.0;1.0;1.0;1.0;1.0;60;M;23865;23865;false;52;0.93;88.67;0.76;26;10;1000000;-1;3600;21.1;0.55;0.34;mslp;heur;0.35;0.16;-1;3600;60000;I;10;1.0;0.9;lr101;0;/dados/rmelo/PDPTW-SE/benchmark_multi_island_v5/official_experiments/multistartlp/official/set_01_pt_02/logs;0;0;0;60.22;100.0;1;126;/dados/rmelo/PDPTW-SE/benchmark_multi_island_v5/official_experiments/multistartlp/official/set_01_pt_02/logs/heur_mslp/solutions/10R_10V_04I_04M/lr101_sol_genconfig_mslp_seed_126.txt;Gurobi;AUTOMATIC;17.82;_bash_2;_seed_126;5035.65;1;3.47;/dados/rmelo/PDPTW-SE/benchmark_multi_island_v5/official_experiments/multistartlp/official/set_01_pt_02/logs/heur_mslp/timelines/10R_10V_04I_04M/lr101_timeline_genconfig_mslp_seed_126.txt;65.87;t1;0;1207.27;false
0.05;0.19;0.27;0.46;0.01;0.03;5;/dados/rmelo/PDPTW-SE/benchmark_multi_island_v5/official_experiments/multistartlp/official/set_01_pt_02/logs/heur_mslp/outputs/csvresults_heur_mslp_bash_2.csv;0;3;1;22;0;0.0;0.5;true;12;2;lr102_t1_10R_10V_04I_03M;/dados/rmelo/PDPTW-SE/benchmark_multi_island_v5/official_experiments/multistartlp/official/set_01_pt_02/configs/genconfig_mslp.conf;genconfig_mslp;/dados/rmelo/PDPTW-SE/benchmark_multi_island_v5/official_experiments/multistartlp/official/set_01_pt_02/logs/heur_mslp/gurobi/10R_10V_04I_03M/lr102_grb_genconfig_mslp_seed_126.log;random;10R_10V_04I_03M;1;42112;1;/dados/rmelo/PDPTW-SE/benchmark_multi_island_v5/official_experiments/multistartlp/official/set_01_pt_02/../../../../instances/orig_ams_fg/10R_10V_04I_04M/t1/lr102/;60000;1377;0;1177.5;21;11;H;50;95;0;100.0;30.0;true;0.95;100.0;1.0;1.0;1.0;1.0;60;M;17888;17888;false;58;0.91;77.99;0.84;29;10;1000000;-1;3600;12.72;0.67;0.55;mslp;heur;0.26;0.28;-1;3600;60000;I;10;1.0;0.6;lr102;0;/dados/rmelo/PDPTW-SE/benchmark_multi_island_v5/official_experiments/multistartlp/official/set_01_pt_02/logs;0;0;0;70.19;100.0;1;126;/dados/rmelo/PDPTW-SE/benchmark_multi_island_v5/official_experiments/multistartlp/official/set_01_pt_02/logs/heur_mslp/solutions/10R_10V_04I_03M/lr102_sol_genconfig_mslp_seed_126.txt;Gurobi;AUTOMATIC;17.89;_bash_2;_seed_126;2275.62;1;1.62;/dados/rmelo/PDPTW-SE/benchmark_multi_island_v5/official_experiments/multistartlp/official/set_01_pt_02/logs/heur_mslp/timelines/10R_10V_04I_03M/lr102_timeline_genconfig_mslp_seed_126.txt;53.06;t1;0;943.35;false
0.05;0.04;0.21;0.25;0.0;0.03;5;/dados/rmelo/PDPTW-SE/benchmark_multi_island_v5/official_experiments/multistartlp/official/set_01_pt_02/logs/heur_mslp/outputs/csvresults_heur_mslp_bash_2.csv;0;4;1;22;0;0.0;0.5;true;12;2;lr102_t1_10R_10V_04I_04M;/dados/rmelo/PDPTW-SE/benchmark_multi_island_v5/official_experiments/multistartlp/official/set_01_pt_02/configs/genconfig_mslp.conf;genconfig_mslp;/dados/rmelo/PDPTW-SE/benchmark_multi_island_v5/official_experiments/multistartlp/official/set_01_pt_02/logs/heur_mslp/gurobi/10R_10V_04I_04M/lr102_grb_genconfig_mslp_seed_126.log;random;10R_10V_04I_04M;1;17950;1;/dados/rmelo/PDPTW-SE/benchmark_multi_island_v5/official_experiments/multistartlp/official/set_01_pt_02/../../../../instances/orig_ams_fg/10R_10V_04I_04M/t1/lr102/;60000;52286;0;1183.6;21;11;H;50;95;0;100.0;30.0;true;0.95;100.0;1.0;1.0;1.0;1.0;60;M;42050;42050;false;58;0.82;76.71;0.96;29;10;1000000;-1;3600;12.05;0.67;0.56;mslp;heur;0.36;0.05;-1;3600;60000;I;10;1.0;0.6;lr102;0;/dados/rmelo/PDPTW-SE/benchmark_multi_island_v5/official_experiments/multistartlp/official/set_01_pt_02/logs;0;0;0;29.92;100.0;1;126;/dados/rmelo/PDPTW-SE/benchmark_multi_island_v5/official_experiments/multistartlp/official/set_01_pt_02/logs/heur_mslp/solutions/10R_10V_04I_04M/lr102_sol_genconfig_mslp_seed_126.txt;Gurobi;AUTOMATIC;18.16;_bash_2;_seed_126;5067.94;1;91.64;/dados/rmelo/PDPTW-SE/benchmark_multi_island_v5/official_experiments/multistartlp/official/set_01_pt_02/logs/heur_mslp/timelines/10R_10V_04I_04M/lr102_timeline_genconfig_mslp_seed_126.txt;105.37;t1;0;938.67;false
0.05;0.09;0.17;0.27;0.0;0.0;9;/dados/rmelo/PDPTW-SE/benchmark_multi_island_v5/official_experiments/multistartlp/official/set_01_pt_02/logs/heur_mslp/outputs/csvresults_heur_mslp_bash_2.csv;0;3;1;22;0;0.0;0.5;true;12;2;lr103_t1_10R_10V_04I_03M;/dados/rmelo/PDPTW-SE/benchmark_multi_island_v5/official_experiments/multistartlp/official/set_01_pt_02/configs/genconfig_mslp.conf;genconfig_mslp;/dados/rmelo/PDPTW-SE/benchmark_multi_island_v5/official_experiments/multistartlp/official/set_01_pt_02/logs/heur_mslp/gurobi/10R_10V_04I_03M/lr103_grb_genconfig_mslp_seed_126.log;random;10R_10V_04I_03M;1;13637;1;/dados/rmelo/PDPTW-SE/benchmark_multi_island_v5/official_experiments/multistartlp/official/set_01_pt_02/../../../../instances/orig_ams_fg/10R_10V_04I_04M/t1/lr103/;60000;130;0;716.79;21;11;H;50;95;0;100.0;30.0;true;0.95;100.0;1.0;1.0;1.0;1.0;60;M;46363;46363;false;38;0.97;67.2;0.96;19;10;1000000;-1;3600;15.06;0.67;0.76;mslp;heur;0.39;0.5;-1;3600;60000;I;10;1.0;0.4;lr103;0;/dados/rmelo/PDPTW-SE/benchmark_multi_island_v5/official_experiments/multistartlp/official/set_01_pt_02/logs;0;0;0;22.73;100.0;1;126;/dados/rmelo/PDPTW-SE/benchmark_multi_island_v5/official_experiments/multistartlp/official/set_01_pt_02/logs/heur_mslp/solutions/10R_10V_04I_03M/lr103_sol_genconfig_mslp_seed_126.txt;Gurobi;AUTOMATIC;18.23;_bash_2;_seed_126;6983.77;1;0.56;/dados/rmelo/PDPTW-SE/benchmark_multi_island_v5/official_experiments/multistartlp/official/set_01_pt_02/logs/heur_mslp/timelines/10R_10V_04I_03M/lr103_timeline_genconfig_mslp_seed_126.txt;119.28;t1;0;615.06;false
0.05;0.0;0.17;0.17;0.0;0.0;4;/dados/rmelo/PDPTW-SE/benchmark_multi_island_v5/official_experiments/multistartlp/official/set_01_pt_02/logs/heur_mslp/outputs/csvresults_heur_mslp_bash_2.csv;0;4;1;22;0;0.0;0.5;true;12;2;lr103_t1_10R_10V_04I_04M;/dados/rmelo/PDPTW-SE/benchmark_multi_island_v5/official_experiments/multistartlp/official/set_01_pt_02/configs/genconfig_mslp.conf;genconfig_mslp;/dados/rmelo/PDPTW-SE/benchmark_multi_island_v5/official_experiments/multistartlp/official/set_01_pt_02/logs/heur_mslp/gurobi/10R_10V_04I_04M/lr103_grb_genconfig_mslp_seed_126.log;random;10R_10V_04I_04M;1;2678;1;/dados/rmelo/PDPTW-SE/benchmark_multi_island_v5/official_experiments/multistartlp/official/set_01_pt_02/../../../../instances/orig_ams_fg/10R_10V_04I_04M/t1/lr103/;60000;79;0;954.25;21;11;H;50;95;0;100.0;30.0;true;0.95;100.0;1.0;1.0;1.0;1.0;60;M;57322;57322;false;38;0.97;66.73;0.96;19;10;1000000;-1;3600;13.74;0.66;0.75;mslp;heur;0.38;0.59;-1;3600;60000;I;10;0.75;0.4;lr103;0;/dados/rmelo/PDPTW-SE/benchmark_multi_island_v5/official_experiments/multistartlp/official/set_01_pt_02/logs;0;0;0;4.46;100.0;1;126;/dados/rmelo/PDPTW-SE/benchmark_multi_island_v5/official_experiments/multistartlp/official/set_01_pt_02/logs/heur_mslp/solutions/10R_10V_04I_04M/lr103_sol_genconfig_mslp_seed_126.txt;Gurobi;AUTOMATIC;18.27;_bash_2;_seed_126;7875.98;1;0.54;/dados/rmelo/PDPTW-SE/benchmark_multi_island_v5/official_experiments/multistartlp/official/set_01_pt_02/logs/heur_mslp/timelines/10R_10V_04I_04M/lr103_timeline_genconfig_mslp_seed_126.txt;148.64;t1;0;611.6;false
0.05;0.11;0.23;0.34;0.0;0.0;8;/dados/rmelo/PDPTW-SE/benchmark_multi_island_v5/official_experiments/multistartlp/official/set_01_pt_02/logs/heur_mslp/outputs/csvresults_heur_mslp_bash_2.csv;0;3;1;22;0;0.0;0.5;true;12;2;lr104_t1_10R_10V_04I_03M;/dados/rmelo/PDPTW-SE/benchmark_multi_island_v5/official_experiments/multistartlp/official/set_01_pt_02/configs/genconfig_mslp.conf;genconfig_mslp;/dados/rmelo/PDPTW-SE/benchmark_multi_island_v5/official_experiments/multistartlp/official/set_01_pt_02/logs/heur_mslp/gurobi/10R_10V_04I_03M/lr104_grb_genconfig_mslp_seed_126.log;random;10R_10V_04I_03M;1;5785;1;/dados/rmelo/PDPTW-SE/benchmark_multi_island_v5/official_experiments/multistartlp/official/set_01_pt_02/../../../../instances/orig_ams_fg/10R_10V_04I_04M/t1/lr104/;60000;843;0;847.45;21;11;H;50;95;0;100.0;30.0;true;0.95;100.0;1.0;1.0;1.0;1.0;60;M;54215;54215;false;40;0.82;74.36;0.73;20;10;1000000;-1;3600;12.94;0.65;0.53;mslp;heur;0.48;0.42;-1;3600;60000;I;10;1.0;0.5;lr104;0;/dados/rmelo/PDPTW-SE/benchmark_multi_island_v5/official_experiments/multistartlp/official/set_01_pt_02/logs;0;0;0;9.64;100.0;1;126;/dados/rmelo/PDPTW-SE/benchmark_multi_island_v5/official_experiments/multistartlp/official/set_01_pt_02/logs/heur_mslp/solutions/10R_10V_04I_03M/lr104_sol_genconfig_mslp_seed_126.txt;Gurobi;AUTOMATIC;17.99;_bash_2;_seed_126;7014.76;1;2.2;/dados/rmelo/PDPTW-SE/benchmark_multi_island_v5/official_experiments/multistartlp/official/set_01_pt_02/logs/heur_mslp/timelines/10R_10V_04I_03M/lr104_timeline_genconfig_mslp_seed_126.txt;133.87;t1;0;745.94;false
0.05;0.11;0.23;0.34;0.0;0.0;9;/dados/rmelo/PDPTW-SE/benchmark_multi_island_v5/official_experiments/multistartlp/official/set_01_pt_02/logs/heur_mslp/outputs/csvresults_heur_mslp_bash_2.csv;0;4;1;22;0;0.0;0.5;true;12;2;lr104_t1_10R_10V_04I_04M;/dados/rmelo/PDPTW-SE/benchmark_multi_island_v5/official_experiments/multistartlp/official/set_01_pt_02/configs/genconfig_mslp.conf;genconfig_mslp;/dados/rmelo/PDPTW-SE/benchmark_multi_island_v5/official_experiments/multistartlp/official/set_01_pt_02/logs/heur_mslp/gurobi/10R_10V_04I_04M/lr104_grb_genconfig_mslp_seed_126.log;random;10R_10V_04I_04M;1;58;1;/dados/rmelo/PDPTW-SE/benchmark_multi_island_v5/official_experiments/multistartlp/official/set_01_pt_02/../../../../instances/orig_ams_fg/10R_10V_04I_04M/t1/lr104/;60000;20014;0;920.23;21;11;H;50;95;0;100.0;30.0;true;0.95;100.0;1.0;1.0;1.0;1.0;60;M;59942;59942;false;40;0.82;74.24;0.73;20;10;1000000;-1;3600;12.72;0.65;0.51;mslp;heur;0.48;0.42;-1;3600;60000;I;10;0.75;0.5;lr104;0;/dados/rmelo/PDPTW-SE/benchmark_multi_island_v5/official_experiments/multistartlp/official/set_01_pt_02/logs;0;0;0;0.1;100.0;1;126;/dados/rmelo/PDPTW-SE/benchmark_multi_island_v5/official_experiments/multistartlp/official/set_01_pt_02/logs/heur_mslp/solutions/10R_10V_04I_04M/lr104_sol_genconfig_mslp_seed_126.txt;Gurobi;AUTOMATIC;18.09;_bash_2;_seed_126;7624.84;1;49.37;/dados/rmelo/PDPTW-SE/benchmark_multi_island_v5/official_experiments/multistartlp/official/set_01_pt_02/logs/heur_mslp/timelines/10R_10V_04I_04M/lr104_timeline_genconfig_mslp_seed_126.txt;147.66;t1;0;745.94;false
0.05;0.1;0.18;0.28;0.0;0.03;7;/dados/rmelo/PDPTW-SE/benchmark_multi_island_v5/official_experiments/multistartlp/official/set_01_pt_02/logs/heur_mslp/outputs/csvresults_heur_mslp_bash_2.csv;0;3;1;22;0;0.0;0.5;true;12;2;lr105_t1_10R_10V_04I_03M;/dados/rmelo/PDPTW-SE/benchmark_multi_island_v5/official_experiments/multistartlp/official/set_01_pt_02/configs/genconfig_mslp.conf;genconfig_mslp;/dados/rmelo/PDPTW-SE/benchmark_multi_island_v5/official_experiments/multistartlp/official/set_01_pt_02/logs/heur_mslp/gurobi/10R_10V_04I_03M/lr105_grb_genconfig_mslp_seed_126.log;random;10R_10V_04I_03M;1;39927;1;/dados/rmelo/PDPTW-SE/benchmark_multi_island_v5/official_experiments/multistartlp/official/set_01_pt_02/../../../../instances/orig_ams_fg/10R_10V_04I_04M/t1/lr105/;60000;214;0;1012.41;21;11;H;50;95;0;100.0;30.0;true;0.95;100.0;1.0;1.0;1.0;1.0;60;M;20073;20073;false;52;0.88;87.59;0.88;26;10;1000000;-1;3600;14.38;0.73;0.6;mslp;heur;0.45;0.35;-1;3600;60000;I;10;1.0;0.4;lr105;0;/dados/rmelo/PDPTW-SE/benchmark_multi_island_v5/official_experiments/multistartlp/official/set_01_pt_02/logs;0;0;0;66.54;100.0;1;126;/dados/rmelo/PDPTW-SE/benchmark_multi_island_v5/official_experiments/multistartlp/official/set_01_pt_02/logs/heur_mslp/solutions/10R_10V_04I_03M/lr105_sol_genconfig_mslp_seed_126.txt;Gurobi;AUTOMATIC;18.2;_bash_2;_seed_126;2885.9;1;0.51;/dados/rmelo/PDPTW-SE/benchmark_multi_island_v5/official_experiments/multistartlp/official/set_01_pt_02/logs/heur_mslp/timelines/10R_10V_04I_03M/lr105_timeline_genconfig_mslp_seed_126.txt;53.43;t1;0;668.46;false
0.05;0.02;0.14;0.16;0.0;0.03;6;/dados/rmelo/PDPTW-SE/benchmark_multi_island_v5/official_experiments/multistartlp/official/set_01_pt_02/logs/heur_mslp/outputs/csvresults_heur_mslp_bash_2.csv;0;4;1;22;0;0.0;0.5;true;12;2;lr105_t1_10R_10V_04I_04M;/dados/rmelo/PDPTW-SE/benchmark_multi_island_v5/official_experiments/multistartlp/official/set_01_pt_02/configs/genconfig_mslp.conf;genconfig_mslp;/dados/rmelo/PDPTW-SE/benchmark_multi_island_v5/official_experiments/multistartlp/official/set_01_pt_02/logs/heur_mslp/gurobi/10R_10V_04I_04M/lr105_grb_genconfig_mslp_seed_126.log;random;10R_10V_04I_04M;1;5552;1;/dados/rmelo/PDPTW-SE/benchmark_multi_island_v5/official_experiments/multistartlp/official/set_01_pt_02/../../../../instances/orig_ams_fg/10R_10V_04I_04M/t1/lr105/;60000;101;0;1147.34;21;11;H;50;95;0;100.0;30.0;true;0.95;100.0;1.0;1.0;1.0;1.0;60;M;54448;54448;false;52;0.88;85.82;0.91;26;10;1000000;-1;3600;15.57;0.72;0.66;mslp;heur;0.45;0.29;-1;3600;60000;I;10;1.0;0.4;lr105;0;/dados/rmelo/PDPTW-SE/benchmark_multi_island_v5/official_experiments/multistartlp/official/set_01_pt_02/logs;0;0;0;9.25;100.0;1;126;/dados/rmelo/PDPTW-SE/benchmark_multi_island_v5/official_experiments/multistartlp/official/set_01_pt_02/logs/heur_mslp/solutions/10R_10V_04I_04M/lr105_sol_genconfig_mslp_seed_126.txt;Gurobi;AUTOMATIC;17.92;_bash_2;_seed_126;8478.61;1;0.5;/dados/rmelo/PDPTW-SE/benchmark_multi_island_v5/official_experiments/multistartlp/official/set_01_pt_02/logs/heur_mslp/timelines/10R_10V_04I_04M/lr105_timeline_genconfig_mslp_seed_126.txt;121.26;t1;0;665.48;false
0.05;0.04;0.06;0.1;0.0;0.25;14;/dados/rmelo/PDPTW-SE/benchmark_multi_island_v5/official_experiments/multistartlp/official/set_01_pt_02/logs/heur_mslp/outputs/csvresults_heur_mslp_bash_2.csv;0;3;1;22;0;0.0;0.5;true;12;2;lr201_t2_10R_10V_04I_03M;/dados/rmelo/PDPTW-SE/benchmark_multi_island_v5/official_experiments/multistartlp/official/set_01_pt_02/configs/genconfig_mslp.conf;genconfig_mslp;/dados/rmelo/PDPTW-SE/benchmark_multi_island_v5/official_experiments/multistartlp/official/set_01_pt_02/logs/heur_mslp/gurobi/10R_10V_04I_03M/lr201_grb_genconfig_mslp_seed_126.log;random;10R_10V_04I_03M;1;0;1;/dados/rmelo/PDPTW-SE/benchmark_multi_island_v5/official_experiments/multistartlp/official/set_01_pt_02/../../../../instances/orig_ams_fg/10R_10V_04I_04M/t2/lr201/;60000;19966;0;1949.74;21;11;H;50;95;0;100.0;30.0;true;0.95;100.0;1.0;1.0;1.0;1.0;60;M;60000;60000;false;52;0.69;75.17;0.88;26;10;1000000;-1;3600;21.92;0.42;0.67;mslp;heur;0.1;0.5;-1;3600;60000;I;10;1.0;0.3;lr201;0;/dados/rmelo/PDPTW-SE/benchmark_multi_island_v5/official_experiments/multistartlp/official/set_01_pt_02/logs;0;0;0;0.0;100.0;1;126;/dados/rmelo/PDPTW-SE/benchmark_multi_island_v5/official_experiments/multistartlp/official/set_01_pt_02/logs/heur_mslp/solutions/10R_10V_04I_03M/lr201_sol_genconfig_mslp_seed_126.txt;Gurobi;AUTOMATIC;18.23;_bash_2;_seed_126;13151.63;1;50.56;/dados/rmelo/PDPTW-SE/benchmark_multi_island_v5/official_experiments/multistartlp/official/set_01_pt_02/logs/heur_mslp/timelines/10R_10V_04I_03M/lr201_timeline_genconfig_mslp_seed_126.txt;151.37;t2;0;1271.26;false
0.05;0.04;0.04;0.08;0.0;0.25;13;/dados/rmelo/PDPTW-SE/benchmark_multi_island_v5/official_experiments/multistartlp/official/set_01_pt_02/logs/heur_mslp/outputs/csvresults_heur_mslp_bash_2.csv;0;4;1;22;0;0.0;0.5;true;12;2;lr201_t2_10R_10V_04I_04M;/dados/rmelo/PDPTW-SE/benchmark_multi_island_v5/official_experiments/multistartlp/official/set_01_pt_02/configs/genconfig_mslp.conf;genconfig_mslp;/dados/rmelo/PDPTW-SE/benchmark_multi_island_v5/official_experiments/multistartlp/official/set_01_pt_02/logs/heur_mslp/gurobi/10R_10V_04I_04M/lr201_grb_genconfig_mslp_seed_126.log;random;10R_10V_04I_04M;1;0;1;/dados/rmelo/PDPTW-SE/benchmark_multi_island_v5/official_experiments/multistartlp/official/set_01_pt_02/../../../../instances/orig_ams_fg/10R_10V_04I_04M/t2/lr201/;60000;10139;0;1949.74;21;11;H;50;95;0;100.0;30.0;true;0.95;100.0;1.0;1.0;1.0;1.0;60;M;60000;60000;false;52;0.69;75.04;0.88;26;10;1000000;-1;3600;22.1;0.42;0.67;mslp;heur;0.1;0.33;-1;3600;60000;I;10;1.0;0.3;lr201;0;/dados/rmelo/PDPTW-SE/benchmark_multi_island_v5/official_experiments/multistartlp/official/set_01_pt_02/logs;0;0;0;0.0;100.0;1;126;/dados/rmelo/PDPTW-SE/benchmark_multi_island_v5/official_experiments/multistartlp/official/set_01_pt_02/logs/heur_mslp/solutions/10R_10V_04I_04M/lr201_sol_genconfig_mslp_seed_126.txt;Gurobi;AUTOMATIC;17.85;_bash_2;_seed_126;13259.69;1;27.23;/dados/rmelo/PDPTW-SE/benchmark_multi_island_v5/official_experiments/multistartlp/official/set_01_pt_02/logs/heur_mslp/timelines/10R_10V_04I_04M/lr201_timeline_genconfig_mslp_seed_126.txt;158.6;t2;0;1271.26;false
0.05;0.04;0.11;0.16;0.0;0.0;11;/dados/rmelo/PDPTW-SE/benchmark_multi_island_v5/official_experiments/multistartlp/official/set_01_pt_02/logs/heur_mslp/outputs/csvresults_heur_mslp_bash_2.csv;0;3;1;22;0;0.0;0.5;true;12;2;lr202_t2_10R_10V_04I_03M;/dados/rmelo/PDPTW-SE/benchmark_multi_island_v5/official_experiments/multistartlp/official/set_01_pt_02/configs/genconfig_mslp.conf;genconfig_mslp;/dados/rmelo/PDPTW-SE/benchmark_multi_island_v5/official_experiments/multistartlp/official/set_01_pt_02/logs/heur_mslp/gurobi/10R_10V_04I_03M/lr202_grb_genconfig_mslp_seed_126.log;random;10R_10V_04I_03M;1;26218;1;/dados/rmelo/PDPTW-SE/benchmark_multi_island_v5/official_experiments/multistartlp/official/set_01_pt_02/../../../../instances/orig_ams_fg/10R_10V_04I_04M/t2/lr202/;60000;47351;0;1561.8;21;11;H;50;95;0;100.0;30.0;true;0.95;100.0;1.0;1.0;1.0;1.0;60;M;33782;33782;false;46;0.68;82.05;0.89;23;10;1000000;-1;3600;25.43;0.49;0.71;mslp;heur;0.3;0.53;-1;3600;60000;I;10;1.0;0.2;lr202;0;/dados/rmelo/PDPTW-SE/benchmark_multi_island_v5/official_experiments/multistartlp/official/set_01_pt_02/logs;0;0;0;43.7;100.0;1;126;/dados/rmelo/PDPTW-SE/benchmark_multi_island_v5/official_experiments/multistartlp/official/set_01_pt_02/logs/heur_mslp/solutions/10R_10V_04I_03M/lr202_sol_genconfig_mslp_seed_126.txt;Gurobi;AUTOMATIC;17.98;_bash_2;_seed_126;8592.31;1;94.68;/dados/rmelo/PDPTW-SE/benchmark_multi_island_v5/official_experiments/multistartlp/official/set_01_pt_02/logs/heur_mslp/timelines/10R_10V_04I_03M/lr202_timeline_genconfig_mslp_seed_126.txt;119.89;t2;0;976.7;false
0.05;0.04;0.11;0.14;0.0;0.0;15;/dados/rmelo/PDPTW-SE/benchmark_multi_island_v5/official_experiments/multistartlp/official/set_01_pt_02/logs/heur_mslp/outputs/csvresults_heur_mslp_bash_2.csv;0;4;1;22;0;0.0;0.5;true;12;2;lr202_t2_10R_10V_04I_04M;/dados/rmelo/PDPTW-SE/benchmark_multi_island_v5/official_experiments/multistartlp/official/set_01_pt_02/configs/genconfig_mslp.conf;genconfig_mslp;/dados/rmelo/PDPTW-SE/benchmark_multi_island_v5/official_experiments/multistartlp/official/set_01_pt_02/logs/heur_mslp/gurobi/10R_10V_04I_04M/lr202_grb_genconfig_mslp_seed_126.log;random;10R_10V_04I_04M;1;1721;1;/dados/rmelo/PDPTW-SE/benchmark_multi_island_v5/official_experiments/multistartlp/official/set_01_pt_02/../../../../instances/orig_ams_fg/10R_10V_04I_04M/t2/lr202/;60000;24535;0;1493.3;21;11;H;50;95;0;100.0;30.0;true;0.95;100.0;1.0;1.0;1.0;1.0;60;M;58279;58279;false;46;0.68;81.06;0.91;23;10;1000000;-1;3600;27.81;0.47;0.71;mslp;heur;0.27;0.5;-1;3600;60000;I;10;0.75;0.2;lr202;0;/dados/rmelo/PDPTW-SE/benchmark_multi_island_v5/official_experiments/multistartlp/official/set_01_pt_02/logs;0;0;0;2.87;100.0;1;126;/dados/rmelo/PDPTW-SE/benchmark_multi_island_v5/official_experiments/multistartlp/official/set_01_pt_02/logs/heur_mslp/solutions/10R_10V_04I_04M/lr202_sol_genconfig_mslp_seed_126.txt;Gurobi;AUTOMATIC;17.96;_bash_2;_seed_126;16207.61;1;78.39;/dados/rmelo/PDPTW-SE/benchmark_multi_island_v5/official_experiments/multistartlp/official/set_01_pt_02/logs/heur_mslp/timelines/10R_10V_04I_04M/lr202_timeline_genconfig_mslp_seed_126.txt;190.52;t2;0;947.36;false
0.05;0.04;0.07;0.11;0.04;0.03;9;/dados/rmelo/PDPTW-SE/benchmark_multi_island_v5/official_experiments/multistartlp/official/set_01_pt_02/logs/heur_mslp/outputs/csvresults_heur_mslp_bash_2.csv;0;3;1;22;0;0.0;0.5;true;12;2;lr203_t2_10R_10V_04I_03M;/dados/rmelo/PDPTW-SE/benchmark_multi_island_v5/official_experiments/multistartlp/official/set_01_pt_02/configs/genconfig_mslp.conf;genconfig_mslp;/dados/rmelo/PDPTW-SE/benchmark_multi_island_v5/official_experiments/multistartlp/official/set_01_pt_02/logs/heur_mslp/gurobi/10R_10V_04I_03M/lr203_grb_genconfig_mslp_seed_126.log;random;10R_10V_04I_03M;1;0;1;/dados/rmelo/PDPTW-SE/benchmark_multi_island_v5/official_experiments/multistartlp/official/set_01_pt_02/../../../../instances/orig_ams_fg/10R_10V_04I_04M/t2/lr203/;60000;46325;0;1583.26;21;11;H;50;95;0;100.0;30.0;true;0.95;100.0;1.0;1.0;1.0;1.0;60;M;60000;60000;false;58;0.63;85.67;0.89;29;10;1000000;-1;3600;15.28;0.41;0.77;mslp;heur;0.2;0.64;-1;3600;60000;I;10;1.0;0.2;lr203;0;/dados/rmelo/PDPTW-SE/benchmark_multi_island_v5/official_experiments/multistartlp/official/set_01_pt_02/logs;0;0;0;0.0;100.0;1;126;/dados/rmelo/PDPTW-SE/benchmark_multi_island_v5/official_experiments/multistartlp/official/set_01_pt_02/logs/heur_mslp/solutions/10R_10V_04I_03M/lr203_sol_genconfig_mslp_seed_126.txt;Gurobi;AUTOMATIC;17.89;_bash_2;_seed_126;9167.9;1;173.68;/dados/rmelo/PDPTW-SE/benchmark_multi_island_v5/official_experiments/multistartlp/official/set_01_pt_02/logs/heur_mslp/timelines/10R_10V_04I_03M/lr203_timeline_genconfig_mslp_seed_126.txt;224.85;t2;0;827.82;false
0.05;0.03;0.07;0.1;0.03;0.03;12;/dados/rmelo/PDPTW-SE/benchmark_multi_island_v5/official_experiments/multistartlp/official/set_01_pt_02/logs/heur_mslp/outputs/csvresults_heur_mslp_bash_2.csv;0;4;1;22;0;0.0;0.5;true;12;2;lr203_t2_10R_10V_04I_04M;/dados/rmelo/PDPTW-SE/benchmark_multi_island_v5/official_experiments/multistartlp/official/set_01_pt_02/configs/genconfig_mslp.conf;genconfig_mslp;/dados/rmelo/PDPTW-SE/benchmark_multi_island_v5/official_experiments/multistartlp/official/set_01_pt_02/logs/heur_mslp/gurobi/10R_10V_04I_04M/lr203_grb_genconfig_mslp_seed_126.log;random;10R_10V_04I_04M;1;0;1;/dados/rmelo/PDPTW-SE/benchmark_multi_island_v5/official_experiments/multistartlp/official/set_01_pt_02/../../../../instances/orig_ams_fg/10R_10V_04I_04M/t2/lr203/;60000;57471;0;1583.26;21;11;H;50;95;0;100.0;30.0;true;0.95;100.0;1.0;1.0;1.0;1.0;60;M;60000;60000;false;58;0.59;80.51;0.97;29;10;1000000;-1;3600;16.75;0.39;0.81;mslp;heur;0.2;0.64;-1;3600;60000;I;10;0.75;0.2;lr203;0;/dados/rmelo/PDPTW-SE/benchmark_multi_island_v5/official_experiments/multistartlp/official/set_01_pt_02/logs;0;0;0;0.0;100.0;1;126;/dados/rmelo/PDPTW-SE/benchmark_multi_island_v5/official_experiments/multistartlp/official/set_01_pt_02/logs/heur_mslp/solutions/10R_10V_04I_04M/lr203_sol_genconfig_mslp_seed_126.txt;Gurobi;AUTOMATIC;17.88;_bash_2;_seed_126;10049.58;1;231.47;/dados/rmelo/PDPTW-SE/benchmark_multi_island_v5/official_experiments/multistartlp/official/set_01_pt_02/logs/heur_mslp/timelines/10R_10V_04I_04M/lr203_timeline_genconfig_mslp_seed_126.txt;241.43;t2;0;787.99;false
0.05;0.05;0.06;0.11;0.0;0.0;13;/dados/rmelo/PDPTW-SE/benchmark_multi_island_v5/official_experiments/multistartlp/official/set_01_pt_02/logs/heur_mslp/outputs/csvresults_heur_mslp_bash_2.csv;0;3;1;22;0;0.0;0.5;true;12;2;lr204_t2_10R_10V_04I_03M;/dados/rmelo/PDPTW-SE/benchmark_multi_island_v5/official_experiments/multistartlp/official/set_01_pt_02/configs/genconfig_mslp.conf;genconfig_mslp;/dados/rmelo/PDPTW-SE/benchmark_multi_island_v5/official_experiments/multistartlp/official/set_01_pt_02/logs/heur_mslp/gurobi/10R_10V_04I_03M/lr204_grb_genconfig_mslp_seed_126.log;random;10R_10V_04I_03M;1;0;1;/dados/rmelo/PDPTW-SE/benchmark_multi_island_v5/official_experiments/multistartlp/official/set_01_pt_02/../../../../instances/orig_ams_fg/10R_10V_04I_04M/t2/lr204/;60000;7705;0;1045.9;21;11;H;50;95;0;100.0;30.0;true;0.95;100.0;1.0;1.0;1.0;1.0;60;M;56326;60000;false;38;0.61;82.88;0.97;19;10;1000000;-1;3600;8.51;0.39;0.74;mslp;heur;0.17;0.5;-1;3600;60000;I;10;1.0;0.2;lr204;0;/dados/rmelo/PDPTW-SE/benchmark_multi_island_v5/official_experiments/multistartlp/official/set_01_pt_02/logs;0;0;0;0.0;93.88;1;126;/dados/rmelo/PDPTW-SE/benchmark_multi_island_v5/official_experiments/multistartlp/official/set_01_pt_02/logs/heur_mslp/solutions/10R_10V_04I_03M/lr204_sol_genconfig_mslp_seed_126.txt;Gurobi;AUTOMATIC;17.87;_bash_2;_seed_126;5107.48;1;31.35;/dados/rmelo/PDPTW-SE/benchmark_multi_island_v5/official_experiments/multistartlp/official/set_01_pt_02/logs/heur_mslp/timelines/10R_10V_04I_03M/lr204_timeline_genconfig_mslp_seed_126.txt;237.85;t2;0;785.59;false
0.05;0.03;0.05;0.08;0.0;0.0;12;/dados/rmelo/PDPTW-SE/benchmark_multi_island_v5/official_experiments/multistartlp/official/set_01_pt_02/logs/heur_mslp/outputs/csvresults_heur_mslp_bash_2.csv;0;4;1;22;0;0.0;0.5;true;12;2;lr204_t2_10R_10V_04I_04M;/dados/rmelo/PDPTW-SE/benchmark_multi_island_v5/official_experiments/multistartlp/official/set_01_pt_02/configs/genconfig_mslp.conf;genconfig_mslp;/dados/rmelo/PDPTW-SE/benchmark_multi_island_v5/official_experiments/multistartlp/official/set_01_pt_02/logs/heur_mslp/gurobi/10R_10V_04I_04M/lr204_grb_genconfig_mslp_seed_126.log;random;10R_10V_04I_04M;1;0;1;/dados/rmelo/PDPTW-SE/benchmark_multi_island_v5/official_experiments/multistartlp/official/set_01_pt_02/../../../../instances/orig_ams_fg/10R_10V_04I_04M/t2/lr204/;60000;38907;0;1043.19;21;11;H;50;95;0;100.0;30.0;true;0.95;100.0;1.0;1.0;1.0;1.0;60;M;56445;60000;false;38;0.62;82.88;0.87;19;10;1000000;-1;3600;8.26;0.39;0.8;mslp;heur;0.17;0.73;-1;3600;60000;I;10;1.0;0.2;lr204;0;/dados/rmelo/PDPTW-SE/benchmark_multi_island_v5/official_experiments/multistartlp/official/set_01_pt_02/logs;0;0;0;0.0;94.08;1;126;/dados/rmelo/PDPTW-SE/benchmark_multi_island_v5/official_experiments/multistartlp/official/set_01_pt_02/logs/heur_mslp/solutions/10R_10V_04I_04M/lr204_sol_genconfig_mslp_seed_126.txt;Gurobi;AUTOMATIC;17.85;_bash_2;_seed_126;4956.99;1;164.99;/dados/rmelo/PDPTW-SE/benchmark_multi_island_v5/official_experiments/multistartlp/official/set_01_pt_02/logs/heur_mslp/timelines/10R_10V_04I_04M/lr204_timeline_genconfig_mslp_seed_126.txt;254.21;t2;0;789.21;false
0.05;0.04;0.06;0.1;0.0;0.0;14;/dados/rmelo/PDPTW-SE/benchmark_multi_island_v5/official_experiments/multistartlp/official/set_01_pt_02/logs/heur_mslp/outputs/csvresults_heur_mslp_bash_2.csv;0;3;1;22;0;0.0;0.5;true;12;2;lr205_t2_10R_10V_04I_03M;/dados/rmelo/PDPTW-SE/benchmark_multi_island_v5/official_experiments/multistartlp/official/set_01_pt_02/configs/genconfig_mslp.conf;genconfig_mslp;/dados/rmelo/PDPTW-SE/benchmark_multi_island_v5/official_experiments/multistartlp/official/set_01_pt_02/logs/heur_mslp/gurobi/10R_10V_04I_03M/lr205_grb_genconfig_mslp_seed_126.log;random;10R_10V_04I_03M;1;0;1;/dados/rmelo/PDPTW-SE/benchmark_multi_island_v5/official_experiments/multistartlp/official/set_01_pt_02/../../../../instances/orig_ams_fg/10R_10V_04I_04M/t2/lr205/;60000;26271;0;1529.86;21;11;H;50;95;0;100.0;30.0;true;0.95;100.0;1.0;1.0;1.0;1.0;60;M;60000;60000;false;52;0.67;72.47;0.98;26;10;1000000;-1;3600;26.25;0.4;0.93;mslp;heur;0.13;0.88;-1;3600;60000;I;10;1.0;0.2;lr205;0;/dados/rmelo/PDPTW-SE/benchmark_multi_island_v5/official_experiments/multistartlp/official/set_01_pt_02/logs;0;0;0;0.0;100.0;1;126;/dados/rmelo/PDPTW-SE/benchmark_multi_island_v5/official_experiments/multistartlp/official/set_01_pt_02/logs/heur_mslp/solutions/10R_10V_04I_03M/lr205_sol_genconfig_mslp_seed_126.txt;Gurobi;AUTOMATIC;17.79;_bash_2;_seed_126;15748.27;1;77.32;/dados/rmelo/PDPTW-SE/benchmark_multi_island_v5/official_experiments/multistartlp/official/set_01_pt_02/logs/heur_mslp/timelines/10R_10V_04I_03M/lr205_timeline_genconfig_mslp_seed_126.txt;175.64;t2;0;799.46;false
0.05;0.02;0.04;0.06;0.0;0.0;12;/dados/rmelo/PDPTW-SE/benchmark_multi_island_v5/official_experiments/multistartlp/official/set_01_pt_02/logs/heur_mslp/outputs/csvresults_heur_mslp_bash_2.csv;0;4;1;22;0;0.0;0.5;true;12;2;lr205_t2_10R_10V_04I_04M;/dados/rmelo/PDPTW-SE/benchmark_multi_island_v5/official_experiments/multistartlp/official/set_01_pt_02/configs/genconfig_mslp.conf;genconfig_mslp;/dados/rmelo/PDPTW-SE/benchmark_multi_island_v5/official_experiments/multistartlp/official/set_01_pt_02/logs/heur_mslp/gurobi/10R_10V_04I_04M/lr205_grb_genconfig_mslp_seed_126.log;random;10R_10V_04I_04M;1;0;1;/dados/rmelo/PDPTW-SE/benchmark_multi_island_v5/official_experiments/multistartlp/official/set_01_pt_02/../../../../instances/orig_ams_fg/10R_10V_04I_04M/t2/lr205/;60000;32529;0;1504.13;21;11;H;50;95;0;100.0;30.0;true;0.95;100.0;1.0;1.0;1.0;1.0;60;M;60000;60000;false;52;0.66;72.47;0.92;26;10;1000000;-1;3600;26.61;0.39;0.9;mslp;heur;0.13;0.88;-1;3600;60000;I;10;1.0;0.2;lr205;0;/dados/rmelo/PDPTW-SE/benchmark_multi_island_v5/official_experiments/multistartlp/official/set_01_pt_02/logs;0;0;0;0.0;100.0;1;126;/dados/rmelo/PDPTW-SE/benchmark_multi_island_v5/official_experiments/multistartlp/official/set_01_pt_02/logs/heur_mslp/solutions/10R_10V_04I_04M/lr205_sol_genconfig_mslp_seed_126.txt;Gurobi;AUTOMATIC;17.88;_bash_2;_seed_126;15966.02;1;101.43;/dados/rmelo/PDPTW-SE/benchmark_multi_island_v5/official_experiments/multistartlp/official/set_01_pt_02/logs/heur_mslp/timelines/10R_10V_04I_04M/lr205_timeline_genconfig_mslp_seed_126.txt;187.44;t2;0;787.93;false
0.05;0.12;0.19;0.32;0.0;0.11;7;/dados/rmelo/PDPTW-SE/benchmark_multi_island_v5/official_experiments/multistartlp/official/set_01_pt_02/logs/heur_mslp/outputs/csvresults_heur_mslp_bash_2.csv;0;3;1;26;0;0.0;0.5;true;14;2;lr101_t1_12R_12V_02I_03M;/dados/rmelo/PDPTW-SE/benchmark_multi_island_v5/official_experiments/multistartlp/official/set_01_pt_02/configs/genconfig_mslp.conf;genconfig_mslp;/dados/rmelo/PDPTW-SE/benchmark_multi_island_v5/official_experiments/multistartlp/official/set_01_pt_02/logs/heur_mslp/gurobi/12R_12V_02I_03M/lr101_grb_genconfig_mslp_seed_126.log;random;12R_12V_02I_03M;1;56679;1;/dados/rmelo/PDPTW-SE/benchmark_multi_island_v5/official_experiments/multistartlp/official/set_01_pt_02/../../../../instances/orig_ams_fg/12R_12V_02I_04M/t1/lr101/;60000;22090;0;1900.68;25;13;H;50;95;0;100.0;30.0;true;0.95;100.0;1.0;1.0;1.0;1.0;60;M;3321;3321;false;52;0.91;104.84;0.87;26;10;1000000;-1;3600;15.97;0.59;0.38;mslp;heur;0.21;0.16;-1;3600;60000;I;12;1.0;0.83;lr101;0;/dados/rmelo/PDPTW-SE/benchmark_multi_island_v5/official_experiments/multistartlp/official/set_01_pt_02/logs;0;0;0;94.46;100.0;1;126;/dados/rmelo/PDPTW-SE/benchmark_multi_island_v5/official_experiments/multistartlp/official/set_01_pt_02/logs/heur_mslp/solutions/12R_12V_02I_03M/lr101_sol_genconfig_mslp_seed_126.txt;Gurobi;AUTOMATIC;17.93;_bash_2;_seed_126;530.51;1;7.8;/dados/rmelo/PDPTW-SE/benchmark_multi_island_v5/official_experiments/multistartlp/official/set_01_pt_02/logs/heur_mslp/timelines/12R_12V_02I_03M/lr101_timeline_genconfig_mslp_seed_126.txt;20.66;t1;0;1432.08;false
0.05;0.07;0.14;0.2;0.0;0.12;8;/dados/rmelo/PDPTW-SE/benchmark_multi_island_v5/official_experiments/multistartlp/official/set_01_pt_02/logs/heur_mslp/outputs/csvresults_heur_mslp_bash_2.csv;0;4;1;26;0;0.0;0.5;true;14;2;lr101_t1_12R_12V_02I_04M;/dados/rmelo/PDPTW-SE/benchmark_multi_island_v5/official_experiments/multistartlp/official/set_01_pt_02/configs/genconfig_mslp.conf;genconfig_mslp;/dados/rmelo/PDPTW-SE/benchmark_multi_island_v5/official_experiments/multistartlp/official/set_01_pt_02/logs/heur_mslp/gurobi/12R_12V_02I_04M/lr101_grb_genconfig_mslp_seed_126.log;random;12R_12V_02I_04M;1;34469;1;/dados/rmelo/PDPTW-SE/benchmark_multi_island_v5/official_experiments/multistartlp/official/set_01_pt_02/../../../../instances/orig_ams_fg/12R_12V_02I_04M/t1/lr101/;60000;1736;0;1868.19;25;13;H;50;95;0;100.0;30.0;true;0.95;100.0;1.0;1.0;1.0;1.0;60;M;25531;25531;false;52;0.89;97.55;0.87;26;10;1000000;-1;3600;16.86;0.57;0.38;mslp;heur;0.21;0.13;-1;3600;60000;I;12;1.0;0.83;lr101;0;/dados/rmelo/PDPTW-SE/benchmark_multi_island_v5/official_experiments/multistartlp/official/set_01_pt_02/logs;0;0;0;57.45;100.0;1;126;/dados/rmelo/PDPTW-SE/benchmark_multi_island_v5/official_experiments/multistartlp/official/set_01_pt_02/logs/heur_mslp/solutions/12R_12V_02I_04M/lr101_sol_genconfig_mslp_seed_126.txt;Gurobi;AUTOMATIC;18.03;_bash_2;_seed_126;4303.47;1;2.46;/dados/rmelo/PDPTW-SE/benchmark_multi_island_v5/official_experiments/multistartlp/official/set_01_pt_02/logs/heur_mslp/timelines/12R_12V_02I_04M/lr101_timeline_genconfig_mslp_seed_126.txt;71.58;t1;0;1391.03;false
0.05;0.03;0.15;0.19;0.01;0.06;5;/dados/rmelo/PDPTW-SE/benchmark_multi_island_v5/official_experiments/multistartlp/official/set_01_pt_02/logs/heur_mslp/outputs/csvresults_heur_mslp_bash_2.csv;0;3;1;26;0;0.0;0.5;true;14;2;lr102_t1_12R_12V_02I_03M;/dados/rmelo/PDPTW-SE/benchmark_multi_island_v5/official_experiments/multistartlp/official/set_01_pt_02/configs/genconfig_mslp.conf;genconfig_mslp;/dados/rmelo/PDPTW-SE/benchmark_multi_island_v5/official_experiments/multistartlp/official/set_01_pt_02/logs/heur_mslp/gurobi/12R_12V_02I_03M/lr102_grb_genconfig_mslp_seed_126.log;random;12R_12V_02I_03M;1;3890;1;/dados/rmelo/PDPTW-SE/benchmark_multi_island_v5/official_experiments/multistartlp/official/set_01_pt_02/../../../../instances/orig_ams_fg/12R_12V_02I_04M/t1/lr102/;60000;62;0;1405.93;25;13;H;50;95;0;100.0;30.0;true;0.95;100.0;1.0;1.0;1.0;1.0;60;M;56110;56110;false;62;0.84;79.46;0.97;31;10;1000000;-1;3600;14.79;0.82;0.64;mslp;heur;0.78;0.31;-1;3600;60000;I;12;0.67;0.42;lr102;0;/dados/rmelo/PDPTW-SE/benchmark_multi_island_v5/official_experiments/multistartlp/official/set_01_pt_02/logs;0;0;0;6.48;100.0;1;126;/dados/rmelo/PDPTW-SE/benchmark_multi_island_v5/official_experiments/multistartlp/official/set_01_pt_02/logs/heur_mslp/solutions/12R_12V_02I_03M/lr102_sol_genconfig_mslp_seed_126.txt;Gurobi;AUTOMATIC;17.97;_bash_2;_seed_126;8300.92;1;0.42;/dados/rmelo/PDPTW-SE/benchmark_multi_island_v5/official_experiments/multistartlp/official/set_01_pt_02/logs/heur_mslp/timelines/12R_12V_02I_03M/lr102_timeline_genconfig_mslp_seed_126.txt;126.53;t1;0;981.42;false
0.05;0.03;0.12;0.15;0.01;0.06;5;/dados/rmelo/PDPTW-SE/benchmark_multi_island_v5/official_experiments/multistartlp/official/set_01_pt_02/logs/heur_mslp/outputs/csvresults_heur_mslp_bash_2.csv;0;4;1;26;0;0.0;0.5;true;14;2;lr102_t1_12R_12V_02I_04M;/dados/rmelo/PDPTW-SE/benchmark_multi_island_v5/official_experiments/multistartlp/official/set_01_pt_02/configs/genconfig_mslp.conf;genconfig_mslp;/dados/rmelo/PDPTW-SE/benchmark_multi_island_v5/official_experiments/multistartlp/official/set_01_pt_02/logs/heur_mslp/gurobi/12R_12V_02I_04M/lr102_grb_genconfig_mslp_seed_126.log;random;12R_12V_02I_04M;1;145;1;/dados/rmelo/PDPTW-SE/benchmark_multi_island_v5/official_experiments/multistartlp/official/set_01_pt_02/../../../../instances/orig_ams_fg/12R_12V_02I_04M/t1/lr102/;60000;217;0;1335.86;25;13;H;50;95;0;100.0;30.0;true;0.95;100.0;1.0;1.0;1.0;1.0;60;M;59855;59855;false;62;0.84;77.23;0.97;31;10;1000000;-1;3600;14.47;0.82;0.68;mslp;heur;0.78;0.26;-1;3600;60000;I;12;0.75;0.42;lr102;0;/dados/rmelo/PDPTW-SE/benchmark_multi_island_v5/official_experiments/multistartlp/official/set_01_pt_02/logs;0;0;0;0.24;100.0;1;126;/dados/rmelo/PDPTW-SE/benchmark_multi_island_v5/official_experiments/multistartlp/official/set_01_pt_02/logs/heur_mslp/solutions/12R_12V_02I_04M/lr102_sol_genconfig_mslp_seed_126.txt;Gurobi;AUTOMATIC;17.92;_bash_2;_seed_126;8660.51;1;0.84;/dados/rmelo/PDPTW-SE/benchmark_multi_island_v5/official_experiments/multistartlp/official/set_01_pt_02/logs/heur_mslp/timelines/12R_12V_02I_04M/lr102_timeline_genconfig_mslp_seed_126.txt;138.33;t1;0;975.57;false
0.05;0.02;0.1;0.12;0.0;0.0;4;/dados/rmelo/PDPTW-SE/benchmark_multi_island_v5/official_experiments/multistartlp/official/set_01_pt_02/logs/heur_mslp/outputs/csvresults_heur_mslp_bash_2.csv;0;3;1;26;0;0.0;0.5;true;14;2;lr103_t1_12R_12V_02I_03M;/dados/rmelo/PDPTW-SE/benchmark_multi_island_v5/official_experiments/multistartlp/official/set_01_pt_02/configs/genconfig_mslp.conf;genconfig_mslp;/dados/rmelo/PDPTW-SE/benchmark_multi_island_v5/official_experiments/multistartlp/official/set_01_pt_02/logs/heur_mslp/gurobi/12R_12V_02I_03M/lr103_grb_genconfig_mslp_seed_126.log;random;12R_12V_02I_03M;1;733;1;/dados/rmelo/PDPTW-SE/benchmark_multi_island_v5/official_experiments/multistartlp/official/set_01_pt_02/../../../../instances/orig_ams_fg/12R_12V_02I_04M/t1/lr103/;60000;7462;0;933.16;25;13;H;50;95;0;100.0;30.0;true;0.95;100.0;1.0;1.0;1.0;1.0;60;M;59267;59267;false;58;0.94;82.44;0.93;29;10;1000000;-1;3600;10.28;0.78;0.65;mslp;heur;0.39;0.33;-1;3600;60000;I;12;0.67;0.33;lr103;0;/dados/rmelo/PDPTW-SE/benchmark_multi_island_v5/official_experiments/multistartlp/official/set_01_pt_02/logs;0;0;0;1.22;100.0;1;126;/dados/rmelo/PDPTW-SE/benchmark_multi_island_v5/official_experiments/multistartlp/official/set_01_pt_02/logs/heur_mslp/solutions/12R_12V_02I_03M/lr103_sol_genconfig_mslp_seed_126.txt;Gurobi;AUTOMATIC;17.86;_bash_2;_seed_126;6090.02;1;19.22;/dados/rmelo/PDPTW-SE/benchmark_multi_island_v5/official_experiments/multistartlp/official/set_01_pt_02/logs/heur_mslp/timelines/12R_12V_02I_03M/lr103_timeline_genconfig_mslp_seed_126.txt;147.82;t1;0;716.73;false
0.05;0.02;0.1;0.12;0.0;0.0;8;/dados/rmelo/PDPTW-SE/benchmark_multi_island_v5/official_experiments/multistartlp/official/set_01_pt_02/logs/heur_mslp/outputs/csvresults_heur_mslp_bash_2.csv;0;4;1;26;0;0.0;0.5;true;14;2;lr103_t1_12R_12V_02I_04M;/dados/rmelo/PDPTW-SE/benchmark_multi_island_v5/official_experiments/multistartlp/official/set_01_pt_02/configs/genconfig_mslp.conf;genconfig_mslp;/dados/rmelo/PDPTW-SE/benchmark_multi_island_v5/official_experiments/multistartlp/official/set_01_pt_02/logs/heur_mslp/gurobi/12R_12V_02I_04M/lr103_grb_genconfig_mslp_seed_126.log;random;12R_12V_02I_04M;1;0;1;/dados/rmelo/PDPTW-SE/benchmark_multi_island_v5/official_experiments/multistartlp/official/set_01_pt_02/../../../../instances/orig_ams_fg/12R_12V_02I_04M/t1/lr103/;60000;19851;0;959.18;25;13;H;50;95;0;100.0;30.0;true;0.95;100.0;1.0;1.0;1.0;1.0;60;M;60000;60000;false;58;0.94;74.02;0.93;29;10;1000000;-1;3600;10.62;0.78;0.67;mslp;heur;0.39;0.4;-1;3600;60000;I;12;0.5;0.33;lr103;0;/dados/rmelo/PDPTW-SE/benchmark_multi_island_v5/official_experiments/multistartlp/official/set_01_pt_02/logs;0;0;0;0.0;100.0;1;126;/dados/rmelo/PDPTW-SE/benchmark_multi_island_v5/official_experiments/multistartlp/official/set_01_pt_02/logs/heur_mslp/solutions/12R_12V_02I_04M/lr103_sol_genconfig_mslp_seed_126.txt;Gurobi;AUTOMATIC;18.04;_bash_2;_seed_126;6372.21;1;51.57;/dados/rmelo/PDPTW-SE/benchmark_multi_island_v5/official_experiments/multistartlp/official/set_01_pt_02/logs/heur_mslp/timelines/12R_12V_02I_04M/lr103_timeline_genconfig_mslp_seed_126.txt;154.61;t1;0;714.59;false
0.05;0.03;0.08;0.11;0.0;0.0;10;/dados/rmelo/PDPTW-SE/benchmark_multi_island_v5/official_experiments/multistartlp/official/set_01_pt_02/logs/heur_mslp/outputs/csvresults_heur_mslp_bash_2.csv;0;3;1;26;0;0.0;0.5;true;14;2;lr104_t1_12R_12V_02I_03M;/dados/rmelo/PDPTW-SE/benchmark_multi_island_v5/official_experiments/multistartlp/official/set_01_pt_02/configs/genconfig_mslp.conf;genconfig_mslp;/dados/rmelo/PDPTW-SE/benchmark_multi_island_v5/official_experiments/multistartlp/official/set_01_pt_02/logs/heur_mslp/gurobi/12R_12V_02I_03M/lr104_grb_genconfig_mslp_seed_126.log;random;12R_12V_02I_03M;1;309;1;/dados/rmelo/PDPTW-SE/benchmark_multi_island_v5/official_experiments/multistartlp/official/set_01_pt_02/../../../../instances/orig_ams_fg/12R_12V_02I_04M/t1/lr104/;60000;24457;0;1044.89;25;13;H;50;95;0;100.0;30.0;true;0.95;100.0;1.0;1.0;1.0;1.0;60;M;59691;59691;false;40;0.98;79.0;0.95;20;10;1000000;-1;3600;7.8;0.85;0.67;mslp;heur;0.65;0.42;-1;3600;60000;I;12;1.0;0.33;lr104;0;/dados/rmelo/PDPTW-SE/benchmark_multi_island_v5/official_experiments/multistartlp/official/set_01_pt_02/logs;0;0;0;0.52;100.0;1;126;/dados/rmelo/PDPTW-SE/benchmark_multi_island_v5/official_experiments/multistartlp/official/set_01_pt_02/logs/heur_mslp/solutions/12R_12V_02I_03M/lr104_sol_genconfig_mslp_seed_126.txt;Gurobi;AUTOMATIC;17.95;_bash_2;_seed_126;4656.38;1;65.1;/dados/rmelo/PDPTW-SE/benchmark_multi_island_v5/official_experiments/multistartlp/official/set_01_pt_02/logs/heur_mslp/timelines/12R_12V_02I_03M/lr104_timeline_genconfig_mslp_seed_126.txt;158.06;t1;0;778.92;false
0.05;0.03;0.06;0.09;0.0;0.0;8;/dados/rmelo/PDPTW-SE/benchmark_multi_island_v5/official_experiments/multistartlp/official/set_01_pt_02/logs/heur_mslp/outputs/csvresults_heur_mslp_bash_2.csv;0;4;1;26;0;0.0;0.5;true;14;2;lr104_t1_12R_12V_02I_04M;/dados/rmelo/PDPTW-SE/benchmark_multi_island_v5/official_experiments/multistartlp/official/set_01_pt_02/configs/genconfig_mslp.conf;genconfig_mslp;/dados/rmelo/PDPTW-SE/benchmark_multi_island_v5/official_experiments/multistartlp/official/set_01_pt_02/logs/heur_mslp/gurobi/12R_12V_02I_04M/lr104_grb_genconfig_mslp_seed_126.log;random;12R_12V_02I_04M;1;2;1;/dados/rmelo/PDPTW-SE/benchmark_multi_island_v5/official_experiments/multistartlp/official/set_01_pt_02/../../../../instances/orig_ams_fg/12R_12V_02I_04M/t1/lr104/;60000;42633;0;1033.51;25;13;H;50;95;0;100.0;30.0;true;0.95;100.0;1.0;1.0;1.0;1.0;60;M;59998;59998;false;40;0.97;75.57;0.95;20;10;1000000;-1;3600;7.82;0.84;0.72;mslp;heur;0.65;0.52;-1;3600;60000;I;12;1.0;0.33;lr104;0;/dados/rmelo/PDPTW-SE/benchmark_multi_island_v5/official_experiments/multistartlp/official/set_01_pt_02/logs;0;0;0;0.0;100.0;1;126;/dados/rmelo/PDPTW-SE/benchmark_multi_island_v5/official_experiments/multistartlp/official/set_01_pt_02/logs/heur_mslp/solutions/12R_12V_02I_04M/lr104_sol_genconfig_mslp_seed_126.txt;Gurobi;AUTOMATIC;17.79;_bash_2;_seed_126;4694.24;1;117.32;/dados/rmelo/PDPTW-SE/benchmark_multi_island_v5/official_experiments/multistartlp/official/set_01_pt_02/logs/heur_mslp/timelines/12R_12V_02I_04M/lr104_timeline_genconfig_mslp_seed_126.txt;165.11;t1;0;771.33;false
0.05;0.05;0.13;0.19;0.0;0.06;9;/dados/rmelo/PDPTW-SE/benchmark_multi_island_v5/official_experiments/multistartlp/official/set_01_pt_02/logs/heur_mslp/outputs/csvresults_heur_mslp_bash_2.csv;0;3;1;26;0;0.0;0.5;true;14;2;lr105_t1_12R_12V_02I_03M;/dados/rmelo/PDPTW-SE/benchmark_multi_island_v5/official_experiments/multistartlp/official/set_01_pt_02/configs/genconfig_mslp.conf;genconfig_mslp;/dados/rmelo/PDPTW-SE/benchmark_multi_island_v5/official_experiments/multistartlp/official/set_01_pt_02/logs/heur_mslp/gurobi/12R_12V_02I_03M/lr105_grb_genconfig_mslp_seed_126.log;random;12R_12V_02I_03M;1;59311;1;/dados/rmelo/PDPTW-SE/benchmark_multi_island_v5/official_experiments/multistartlp/official/set_01_pt_02/../../../../instances/orig_ams_fg/12R_12V_02I_04M/t1/lr105/;60000;12022;0;1507.55;25;13;H;50;95;0;100.0;30.0;true;0.95;100.0;1.0;1.0;1.0;1.0;60;M;689;689;false;58;0.98;119.48;0.81;29;10;1000000;-1;3600;8.66;0.71;0.44;mslp;heur;0.48;0.23;-1;3600;60000;I;12;1.0;0.58;lr105;0;/dados/rmelo/PDPTW-SE/benchmark_multi_island_v5/official_experiments/multistartlp/official/set_01_pt_02/logs;0;0;0;98.85;100.0;1;126;/dados/rmelo/PDPTW-SE/benchmark_multi_island_v5/official_experiments/multistartlp/official/set_01_pt_02/logs/heur_mslp/solutions/12R_12V_02I_03M/lr105_sol_genconfig_mslp_seed_126.txt;Gurobi;AUTOMATIC;18.15;_bash_2;_seed_126;59.65;1;3.05;/dados/rmelo/PDPTW-SE/benchmark_multi_island_v5/official_experiments/multistartlp/official/set_01_pt_02/logs/heur_mslp/timelines/12R_12V_02I_03M/lr105_timeline_genconfig_mslp_seed_126.txt;14.11;t1;0;1344.91;false
0.05;0.04;0.1;0.15;0.0;0.04;6;/dados/rmelo/PDPTW-SE/benchmark_multi_island_v5/official_experiments/multistartlp/official/set_01_pt_02/logs/heur_mslp/outputs/csvresults_heur_mslp_bash_2.csv;0;4;1;26;0;0.0;0.5;true;14;2;lr105_t1_12R_12V_02I_04M;/dados/rmelo/PDPTW-SE/benchmark_multi_island_v5/official_experiments/multistartlp/official/set_01_pt_02/configs/genconfig_mslp.conf;genconfig_mslp;/dados/rmelo/PDPTW-SE/benchmark_multi_island_v5/official_experiments/multistartlp/official/set_01_pt_02/logs/heur_mslp/gurobi/12R_12V_02I_04M/lr105_grb_genconfig_mslp_seed_126.log;random;12R_12V_02I_04M;1;53464;1;/dados/rmelo/PDPTW-SE/benchmark_multi_island_v5/official_experiments/multistartlp/official/set_01_pt_02/../../../../instances/orig_ams_fg/12R_12V_02I_04M/t1/lr105/;60000;7044;0;1512.34;25;13;H;50;95;0;100.0;30.0;true;0.95;100.0;1.0;1.0;1.0;1.0;60;M;6536;6536;false;58;0.98;119.48;0.81;29;10;1000000;-1;3600;8.42;0.69;0.47;mslp;heur;0.17;0.22;-1;3600;60000;I;12;1.0;0.58;lr105;0;/dados/rmelo/PDPTW-SE/benchmark_multi_island_v5/official_experiments/multistartlp/official/set_01_pt_02/logs;0;0;0;89.11;100.0;1;126;/dados/rmelo/PDPTW-SE/benchmark_multi_island_v5/official_experiments/multistartlp/official/set_01_pt_02/logs/heur_mslp/solutions/12R_12V_02I_04M/lr105_sol_genconfig_mslp_seed_126.txt;Gurobi;AUTOMATIC;17.93;_bash_2;_seed_126;550.53;1;4.17;/dados/rmelo/PDPTW-SE/benchmark_multi_island_v5/official_experiments/multistartlp/official/set_01_pt_02/logs/heur_mslp/timelines/12R_12V_02I_04M/lr105_timeline_genconfig_mslp_seed_126.txt;32.74;t1;0;1297.52;false
0.05;0.01;0.03;0.04;0.06;0.19;8;/dados/rmelo/PDPTW-SE/benchmark_multi_island_v5/official_experiments/multistartlp/official/set_01_pt_02/logs/heur_mslp/outputs/csvresults_heur_mslp_bash_2.csv;0;3;1;26;0;0.0;0.5;true;14;2;lr201_t2_12R_12V_02I_03M;/dados/rmelo/PDPTW-SE/benchmark_multi_island_v5/official_experiments/multistartlp/official/set_01_pt_02/configs/genconfig_mslp.conf;genconfig_mslp;/dados/rmelo/PDPTW-SE/benchmark_multi_island_v5/official_experiments/multistartlp/official/set_01_pt_02/logs/heur_mslp/gurobi/12R_12V_02I_03M/lr201_grb_genconfig_mslp_seed_126.log;random;12R_12V_02I_03M;1;0;1;/dados/rmelo/PDPTW-SE/benchmark_multi_island_v5/official_experiments/multistartlp/official/set_01_pt_02/../../../../instances/orig_ams_fg/12R_12V_02I_04M/t2/lr201/;60000;20068;0;2207.61;25;13;H;50;95;0;100.0;30.0;true;0.95;100.0;1.0;1.0;1.0;1.0;60;M;60000;60000;false;52;0.6;103.14;1.0;26;10;1000000;-1;3600;24.96;0.44;0.99;mslp;heur;0.19;0.96;-1;3600;60000;I;12;1.0;0.25;lr201;0;/dados/rmelo/PDPTW-SE/benchmark_multi_island_v5/official_experiments/multistartlp/official/set_01_pt_02/logs;0;0;0;0.0;100.0;1;126;/dados/rmelo/PDPTW-SE/benchmark_multi_island_v5/official_experiments/multistartlp/official/set_01_pt_02/logs/heur_mslp/solutions/12R_12V_02I_03M/lr201_sol_genconfig_mslp_seed_126.txt;Gurobi;AUTOMATIC;18.08;_bash_2;_seed_126;14979.01;1;49.07;/dados/rmelo/PDPTW-SE/benchmark_multi_island_v5/official_experiments/multistartlp/official/set_01_pt_02/logs/heur_mslp/timelines/12R_12V_02I_03M/lr201_timeline_genconfig_mslp_seed_126.txt;145.87;t2;0;1326.83;false
0.05;0.01;0.03;0.04;0.06;0.19;8;/dados/rmelo/PDPTW-SE/benchmark_multi_island_v5/official_experiments/multistartlp/official/set_01_pt_02/logs/heur_mslp/outputs/csvresults_heur_mslp_bash_2.csv;0;4;1;26;0;0.0;0.5;true;14;2;lr201_t2_12R_12V_02I_04M;/dados/rmelo/PDPTW-SE/benchmark_multi_island_v5/official_experiments/multistartlp/official/set_01_pt_02/configs/genconfig_mslp.conf;genconfig_mslp;/dados/rmelo/PDPTW-SE/benchmark_multi_island_v5/official_experiments/multistartlp/official/set_01_pt_02/logs/heur_mslp/gurobi/12R_12V_02I_04M/lr201_grb_genconfig_mslp_seed_126.log;random;12R_12V_02I_04M;1;0;1;/dados/rmelo/PDPTW-SE/benchmark_multi_island_v5/official_experiments/multistartlp/official/set_01_pt_02/../../../../instances/orig_ams_fg/12R_12V_02I_04M/t2/lr201/;60000;20068;0;2207.61;25;13;H;50;95;0;100.0;30.0;true;0.95;100.0;1.0;1.0;1.0;1.0;60;M;60000;60000;false;52;0.6;103.14;1.0;26;10;1000000;-1;3600;24.98;0.44;0.99;mslp;heur;0.19;0.96;-1;3600;60000;I;12;0.75;0.25;lr201;0;/dados/rmelo/PDPTW-SE/benchmark_multi_island_v5/official_experiments/multistartlp/official/set_01_pt_02/logs;0;0;0;0.0;100.0;1;126;/dados/rmelo/PDPTW-SE/benchmark_multi_island_v5/official_experiments/multistartlp/official/set_01_pt_02/logs/heur_mslp/solutions/12R_12V_02I_04M/lr201_sol_genconfig_mslp_seed_126.txt;Gurobi;AUTOMATIC;17.8;_bash_2;_seed_126;14988.13;1;51.35;/dados/rmelo/PDPTW-SE/benchmark_multi_island_v5/official_experiments/multistartlp/official/set_01_pt_02/logs/heur_mslp/timelines/12R_12V_02I_04M/lr201_timeline_genconfig_mslp_seed_126.txt;152.59;t2;0;1326.13;false
0.05;0.0;0.02;0.02;0.0;0.0;15;/dados/rmelo/PDPTW-SE/benchmark_multi_island_v5/official_experiments/multistartlp/official/set_01_pt_02/logs/heur_mslp/outputs/csvresults_heur_mslp_bash_2.csv;0;3;1;26;0;0.0;0.5;true;14;2;lr202_t2_12R_12V_02I_03M;/dados/rmelo/PDPTW-SE/benchmark_multi_island_v5/official_experiments/multistartlp/official/set_01_pt_02/configs/genconfig_mslp.conf;genconfig_mslp;/dados/rmelo/PDPTW-SE/benchmark_multi_island_v5/official_experiments/multistartlp/official/set_01_pt_02/logs/heur_mslp/gurobi/12R_12V_02I_03M/lr202_grb_genconfig_mslp_seed_126.log;random;12R_12V_02I_03M;1;0;1;/dados/rmelo/PDPTW-SE/benchmark_multi_island_v5/official_experiments/multistartlp/official/set_01_pt_02/../../../../instances/orig_ams_fg/12R_12V_02I_04M/t2/lr202/;60000;20842;0;2073.46;25;13;H;50;95;0;100.0;30.0;true;0.95;100.0;1.0;1.0;1.0;1.0;60;M;60000;60000;false;46;0.68;84.26;0.95;23;10;1000000;-1;3600;25.55;0.44;0.91;mslp;heur;0.21;0.87;-1;3600;60000;I;12;0.67;0.17;lr202;0;/dados/rmelo/PDPTW-SE/benchmark_multi_island_v5/official_experiments/multistartlp/official/set_01_pt_02/logs;0;0;0;0.0;100.0;1;126;/dados/rmelo/PDPTW-SE/benchmark_multi_island_v5/official_experiments/multistartlp/official/set_01_pt_02/logs/heur_mslp/solutions/12R_12V_02I_03M/lr202_sol_genconfig_mslp_seed_126.txt;Gurobi;AUTOMATIC;17.98;_bash_2;_seed_126;15330.54;1;63.51;/dados/rmelo/PDPTW-SE/benchmark_multi_island_v5/official_experiments/multistartlp/official/set_01_pt_02/logs/heur_mslp/timelines/12R_12V_02I_03M/lr202_timeline_genconfig_mslp_seed_126.txt;182.07;t2;0;885.14;false
0.05;0.0;0.02;0.02;0.0;0.0;15;/dados/rmelo/PDPTW-SE/benchmark_multi_island_v5/official_experiments/multistartlp/official/set_01_pt_02/logs/heur_mslp/outputs/csvresults_heur_mslp_bash_2.csv;0;4;1;26;0;0.0;0.5;true;14;2;lr202_t2_12R_12V_02I_04M;/dados/rmelo/PDPTW-SE/benchmark_multi_island_v5/official_experiments/multistartlp/official/set_01_pt_02/configs/genconfig_mslp.conf;genconfig_mslp;/dados/rmelo/PDPTW-SE/benchmark_multi_island_v5/official_experiments/multistartlp/official/set_01_pt_02/logs/heur_mslp/gurobi/12R_12V_02I_04M/lr202_grb_genconfig_mslp_seed_126.log;random;12R_12V_02I_04M;1;0;1;/dados/rmelo/PDPTW-SE/benchmark_multi_island_v5/official_experiments/multistartlp/official/set_01_pt_02/../../../../instances/orig_ams_fg/12R_12V_02I_04M/t2/lr202/;60000;20842;0;2073.46;25;13;H;50;95;0;100.0;30.0;true;0.95;100.0;1.0;1.0;1.0;1.0;60;M;60000;60000;false;46;0.68;84.26;0.95;23;10;1000000;-1;3600;25.58;0.44;0.91;mslp;heur;0.21;0.87;-1;3600;60000;I;12;0.5;0.17;lr202;0;/dados/rmelo/PDPTW-SE/benchmark_multi_island_v5/official_experiments/multistartlp/official/set_01_pt_02/logs;0;0;0;0.0;100.0;1;126;/dados/rmelo/PDPTW-SE/benchmark_multi_island_v5/official_experiments/multistartlp/official/set_01_pt_02/logs/heur_mslp/solutions/12R_12V_02I_04M/lr202_sol_genconfig_mslp_seed_126.txt;Gurobi;AUTOMATIC;17.99;_bash_2;_seed_126;15347.76;1;67.01;/dados/rmelo/PDPTW-SE/benchmark_multi_island_v5/official_experiments/multistartlp/official/set_01_pt_02/logs/heur_mslp/timelines/12R_12V_02I_04M/lr202_timeline_genconfig_mslp_seed_126.txt;192.03;t2;0;885.14;false
0.05;0.0;0.03;0.03;0.0;0.0;12;/dados/rmelo/PDPTW-SE/benchmark_multi_island_v5/official_experiments/multistartlp/official/set_01_pt_02/logs/heur_mslp/outputs/csvresults_heur_mslp_bash_2.csv;0;3;1;26;0;0.0;0.5;true;14;2;lr203_t2_12R_12V_02I_03M;/dados/rmelo/PDPTW-SE/benchmark_multi_island_v5/official_experiments/multistartlp/official/set_01_pt_02/configs/genconfig_mslp.conf;genconfig_mslp;/dados/rmelo/PDPTW-SE/benchmark_multi_island_v5/official_experiments/multistartlp/official/set_01_pt_02/logs/heur_mslp/gurobi/12R_12V_02I_03M/lr203_grb_genconfig_mslp_seed_126.log;random;12R_12V_02I_03M;1;0;1;/dados/rmelo/PDPTW-SE/benchmark_multi_island_v5/official_experiments/multistartlp/official/set_01_pt_02/../../../../instances/orig_ams_fg/12R_12V_02I_04M/t2/lr203/;60000;25870;0;1671.08;25;13;H;50;95;0;100.0;30.0;true;0.95;100.0;1.0;1.0;1.0;1.0;60;M;59965;60000;false;58;0.79;131.86;1.0;29;10;1000000;-1;3600;12.21;0.56;0.89;mslp;heur;0.32;0.77;-1;3600;60000;I;12;0.67;0.17;lr203;0;/dados/rmelo/PDPTW-SE/benchmark_multi_island_v5/official_experiments/multistartlp/official/set_01_pt_02/logs;0;0;0;0.0;99.94;1;126;/dados/rmelo/PDPTW-SE/benchmark_multi_island_v5/official_experiments/multistartlp/official/set_01_pt_02/logs/heur_mslp/solutions/12R_12V_02I_03M/lr203_sol_genconfig_mslp_seed_126.txt;Gurobi;AUTOMATIC;18.13;_bash_2;_seed_126;7328.58;1;94.96;/dados/rmelo/PDPTW-SE/benchmark_multi_island_v5/official_experiments/multistartlp/official/set_01_pt_02/logs/heur_mslp/timelines/12R_12V_02I_03M/lr203_timeline_genconfig_mslp_seed_126.txt;219.68;t2;0;1112.86;false
0.05;0.0;0.03;0.03;0.0;0.0;12;/dados/rmelo/PDPTW-SE/benchmark_multi_island_v5/official_experiments/multistartlp/official/set_01_pt_02/logs/heur_mslp/outputs/csvresults_heur_mslp_bash_2.csv;0;4;1;26;0;0.0;0.5;true;14;2;lr203_t2_12R_12V_02I_04M;/dados/rmelo/PDPTW-SE/benchmark_multi_island_v5/official_experiments/multistartlp/official/set_01_pt_02/configs/genconfig_mslp.conf;genconfig_mslp;/dados/rmelo/PDPTW-SE/benchmark_multi_island_v5/official_experiments/multistartlp/official/set_01_pt_02/logs/heur_mslp/gurobi/12R_12V_02I_04M/lr203_grb_genconfig_mslp_seed_126.log;random;12R_12V_02I_04M;1;0;1;/dados/rmelo/PDPTW-SE/benchmark_multi_island_v5/official_experiments/multistartlp/official/set_01_pt_02/../../../../instances/orig_ams_fg/12R_12V_02I_04M/t2/lr203/;60000;57568;0;1668.26;25;13;H;50;95;0;100.0;30.0;true;0.95;100.0;1.0;1.0;1.0;1.0;60;M;59968;60000;false;58;0.76;129.0;0.92;29;10;1000000;-1;3600;12.28;0.55;0.85;mslp;heur;0.35;0.77;-1;3600;60000;I;12;0.5;0.17;lr203;0;/dados/rmelo/PDPTW-SE/benchmark_multi_island_v5/official_experiments/multistartlp/official/set_01_pt_02/logs;0;0;0;0.0;99.95;1;126;/dados/rmelo/PDPTW-SE/benchmark_multi_island_v5/official_experiments/multistartlp/official/set_01_pt_02/logs/heur_mslp/solutions/12R_12V_02I_04M/lr203_sol_genconfig_mslp_seed_126.txt;Gurobi;AUTOMATIC;18.07;_bash_2;_seed_126;7368.11;1;219.54;/dados/rmelo/PDPTW-SE/benchmark_multi_island_v5/official_experiments/multistartlp/official/set_01_pt_02/logs/heur_mslp/timelines/12R_12V_02I_04M/lr203_timeline_genconfig_mslp_seed_126.txt;228.71;t2;0;1109.23;false
0.05;0.0;0.01;0.02;0.0;0.0;12;/dados/rmelo/PDPTW-SE/benchmark_multi_island_v5/official_experiments/multistartlp/official/set_01_pt_02/logs/heur_mslp/outputs/csvresults_heur_mslp_bash_2.csv;0;3;1;26;0;0.0;0.5;true;14;2;lr204_t2_12R_12V_02I_03M;/dados/rmelo/PDPTW-SE/benchmark_multi_island_v5/official_experiments/multistartlp/official/set_01_pt_02/configs/genconfig_mslp.conf;genconfig_mslp;/dados/rmelo/PDPTW-SE/benchmark_multi_island_v5/official_experiments/multistartlp/official/set_01_pt_02/logs/heur_mslp/gurobi/12R_12V_02I_03M/lr204_grb_genconfig_mslp_seed_126.log;random;12R_12V_02I_03M;1;0;1;/dados/rmelo/PDPTW-SE/benchmark_multi_island_v5/official_experiments/multistartlp/official/set_01_pt_02/../../../../instances/orig_ams_fg/12R_12V_02I_04M/t2/lr204/;60000;59706;0;1104.4;25;13;H;50;95;0;100.0;30.0;true;0.95;100.0;1.0;1.0;1.0;1.0;60;M;43979;60000;false;38;0.55;91.47;0.92;19;10;1000000;-1;3600;5.2;0.42;0.8;mslp;heur;0.28;0.68;-1;3600;60000;I;12;1.0;0.17;lr204;0;/dados/rmelo/PDPTW-SE/benchmark_multi_island_v5/official_experiments/multistartlp/official/set_01_pt_02/logs;0;0;0;0.0;73.3;1;126;/dados/rmelo/PDPTW-SE/benchmark_multi_island_v5/official_experiments/multistartlp/official/set_01_pt_02/logs/heur_mslp/solutions/12R_12V_02I_03M/lr204_sol_genconfig_mslp_seed_126.txt;Gurobi;AUTOMATIC;17.82;_bash_2;_seed_126;3122.7;1;218.44;/dados/rmelo/PDPTW-SE/benchmark_multi_island_v5/official_experiments/multistartlp/official/set_01_pt_02/logs/heur_mslp/timelines/12R_12V_02I_03M/lr204_timeline_genconfig_mslp_seed_126.txt;219.49;t2;0;831.24;false
0.05;0.01;0.01;0.02;0.0;0.0;12;/dados/rmelo/PDPTW-SE/benchmark_multi_island_v5/official_experiments/multistartlp/official/set_01_pt_02/logs/heur_mslp/outputs/csvresults_heur_mslp_bash_2.csv;0;4;1;26;0;0.0;0.5;true;14;2;lr204_t2_12R_12V_02I_04M;/dados/rmelo/PDPTW-SE/benchmark_multi_island_v5/official_experiments/multistartlp/official/set_01_pt_02/configs/genconfig_mslp.conf;genconfig_mslp;/dados/rmelo/PDPTW-SE/benchmark_multi_island_v5/official_experiments/multistartlp/official/set_01_pt_02/logs/heur_mslp/gurobi/12R_12V_02I_04M/lr204_grb_genconfig_mslp_seed_126.log;random;12R_12V_02I_04M;1;0;1;/dados/rmelo/PDPTW-SE/benchmark_multi_island_v5/official_experiments/multistartlp/official/set_01_pt_02/../../../../instances/orig_ams_fg/12R_12V_02I_04M/t2/lr204/;60000;59706;0;1023.1;25;13;H;50;95;0;100.0;30.0;true;0.95;100.0;1.0;1.0;1.0;1.0;60;M;43845;60000;false;38;0.55;91.47;0.92;19;10;1000000;-1;3600;5.29;0.42;0.8;mslp;heur;0.28;0.68;-1;3600;60000;I;12;1.0;0.17;lr204;0;/dados/rmelo/PDPTW-SE/benchmark_multi_island_v5/official_experiments/multistartlp/official/set_01_pt_02/logs;0;0;0;0.0;73.08;1;126;/dados/rmelo/PDPTW-SE/benchmark_multi_island_v5/official_experiments/multistartlp/official/set_01_pt_02/logs/heur_mslp/solutions/12R_12V_02I_04M/lr204_sol_genconfig_mslp_seed_126.txt;Gurobi;AUTOMATIC;17.66;_bash_2;_seed_126;3173.01;1;232.41;/dados/rmelo/PDPTW-SE/benchmark_multi_island_v5/official_experiments/multistartlp/official/set_01_pt_02/logs/heur_mslp/timelines/12R_12V_02I_04M/lr204_timeline_genconfig_mslp_seed_126.txt;233.63;t2;0;830.64;false
0.05;0.02;0.03;0.05;0.0;0.0;9;/dados/rmelo/PDPTW-SE/benchmark_multi_island_v5/official_experiments/multistartlp/official/set_01_pt_02/logs/heur_mslp/outputs/csvresults_heur_mslp_bash_2.csv;0;3;1;26;0;0.0;0.5;true;14;2;lr205_t2_12R_12V_02I_03M;/dados/rmelo/PDPTW-SE/benchmark_multi_island_v5/official_experiments/multistartlp/official/set_01_pt_02/configs/genconfig_mslp.conf;genconfig_mslp;/dados/rmelo/PDPTW-SE/benchmark_multi_island_v5/official_experiments/multistartlp/official/set_01_pt_02/logs/heur_mslp/gurobi/12R_12V_02I_03M/lr205_grb_genconfig_mslp_seed_126.log;random;12R_12V_02I_03M;1;0;1;/dados/rmelo/PDPTW-SE/benchmark_multi_island_v5/official_experiments/multistartlp/official/set_01_pt_02/../../../../instances/orig_ams_fg/12R_12V_02I_04M/t2/lr205/;60000;2831;0;2004.28;25;13;H;50;95;0;100.0;30.0;true;0.95;100.0;1.0;1.0;1.0;1.0;60;M;60000;60000;false;58;0.72;85.62;0.97;29;10;1000000;-1;3600;24.5;0.46;0.88;mslp;heur;0.2;0.79;-1;3600;60000;I;12;0.67;0.17;lr205;0;/dados/rmelo/PDPTW-SE/benchmark_multi_island_v5/official_experiments/multistartlp/official/set_01_pt_02/logs;0;0;0;0.0;100.0;1;126;/dados/rmelo/PDPTW-SE/benchmark_multi_island_v5/official_experiments/multistartlp/official/set_01_pt_02/logs/heur_mslp/solutions/12R_12V_02I_03M/lr205_sol_genconfig_mslp_seed_126.txt;Gurobi;AUTOMATIC;17.98;_bash_2;_seed_126;14699.85;1;9.3;/dados/rmelo/PDPTW-SE/benchmark_multi_island_v5/official_experiments/multistartlp/official/set_01_pt_02/logs/heur_mslp/timelines/12R_12V_02I_03M/lr205_timeline_genconfig_mslp_seed_126.txt;188.17;t2;0;919.82;false
0.05;0.02;0.03;0.05;0.0;0.0;9;/dados/rmelo/PDPTW-SE/benchmark_multi_island_v5/official_experiments/multistartlp/official/set_01_pt_02/logs/heur_mslp/outputs/csvresults_heur_mslp_bash_2.csv;0;4;1;26;0;0.0;0.5;true;14;2;lr205_t2_12R_12V_02I_04M;/dados/rmelo/PDPTW-SE/benchmark_multi_island_v5/official_experiments/multistartlp/official/set_01_pt_02/configs/genconfig_mslp.conf;genconfig_mslp;/dados/rmelo/PDPTW-SE/benchmark_multi_island_v5/official_experiments/multistartlp/official/set_01_pt_02/logs/heur_mslp/gurobi/12R_12V_02I_04M/lr205_grb_genconfig_mslp_seed_126.log;random;12R_12V_02I_04M;1;0;1;/dados/rmelo/PDPTW-SE/benchmark_multi_island_v5/official_experiments/multistartlp/official/set_01_pt_02/../../../../instances/orig_ams_fg/12R_12V_02I_04M/t2/lr205/;60000;2831;0;2004.28;25;13;H;50;95;0;100.0;30.0;true;0.95;100.0;1.0;1.0;1.0;1.0;60;M;60000;60000;false;58;0.72;85.62;0.97;29;10;1000000;-1;3600;24.62;0.46;0.88;mslp;heur;0.2;0.79;-1;3600;60000;I;12;0.5;0.17;lr205;0;/dados/rmelo/PDPTW-SE/benchmark_multi_island_v5/official_experiments/multistartlp/official/set_01_pt_02/logs;0;0;0;0.0;100.0;1;126;/dados/rmelo/PDPTW-SE/benchmark_multi_island_v5/official_experiments/multistartlp/official/set_01_pt_02/logs/heur_mslp/solutions/12R_12V_02I_04M/lr205_sol_genconfig_mslp_seed_126.txt;Gurobi;AUTOMATIC;18.06;_bash_2;_seed_126;14773.62;1;9.72;/dados/rmelo/PDPTW-SE/benchmark_multi_island_v5/official_experiments/multistartlp/official/set_01_pt_02/logs/heur_mslp/timelines/12R_12V_02I_04M/lr205_timeline_genconfig_mslp_seed_126.txt;195.85;t2;0;919.82;false
0.05;0.21;0.39;0.59;0.02;0.14;3;/dados/rmelo/PDPTW-SE/benchmark_multi_island_v5/official_experiments/multistartlp/official/set_01_pt_02/logs/heur_mslp/outputs/csvresults_heur_mslp_bash_2.csv;0;3;1;26;0;0.0;0.5;true;14;2;lr101_t1_12R_12V_04I_03M;/dados/rmelo/PDPTW-SE/benchmark_multi_island_v5/official_experiments/multistartlp/official/set_01_pt_02/configs/genconfig_mslp.conf;genconfig_mslp;/dados/rmelo/PDPTW-SE/benchmark_multi_island_v5/official_experiments/multistartlp/official/set_01_pt_02/logs/heur_mslp/gurobi/12R_12V_04I_03M/lr101_grb_genconfig_mslp_seed_126.log;random;12R_12V_04I_03M;1;59896;1;/dados/rmelo/PDPTW-SE/benchmark_multi_island_v5/official_experiments/multistartlp/official/set_01_pt_02/../../../../instances/orig_ams_fg/12R_12V_04I_04M/t1/lr101/;60000;296;0;1808.93;25;13;H;50;95;0;100.0;30.0;true;0.95;100.0;1.0;1.0;1.0;1.0;60;M;104;104;false;52;0.75;79.56;0.88;26;10;1000000;-1;3600;19.73;0.58;0.36;mslp;heur;0.4;0.15;-1;3600;60000;I;12;1.0;0.75;lr101;0;/dados/rmelo/PDPTW-SE/benchmark_multi_island_v5/official_experiments/multistartlp/official/set_01_pt_02/logs;0;0;0;99.83;100.0;1;126;/dados/rmelo/PDPTW-SE/benchmark_multi_island_v5/official_experiments/multistartlp/official/set_01_pt_02/logs/heur_mslp/solutions/12R_12V_04I_03M/lr101_sol_genconfig_mslp_seed_126.txt;Gurobi;AUTOMATIC;18.14;_bash_2;_seed_126;20.51;1;0.4;/dados/rmelo/PDPTW-SE/benchmark_multi_island_v5/official_experiments/multistartlp/official/set_01_pt_02/logs/heur_mslp/timelines/12R_12V_04I_03M/lr101_timeline_genconfig_mslp_seed_126.txt;13.97;t1;0;1368.7;false
0.05;0.19;0.3;0.48;0.01;0.11;8;/dados/rmelo/PDPTW-SE/benchmark_multi_island_v5/official_experiments/multistartlp/official/set_01_pt_02/logs/heur_mslp/outputs/csvresults_heur_mslp_bash_2.csv;0;4;1;26;0;0.0;0.5;true;14;2;lr101_t1_12R_12V_04I_04M;/dados/rmelo/PDPTW-SE/benchmark_multi_island_v5/official_experiments/multistartlp/official/set_01_pt_02/configs/genconfig_mslp.conf;genconfig_mslp;/dados/rmelo/PDPTW-SE/benchmark_multi_island_v5/official_experiments/multistartlp/official/set_01_pt_02/logs/heur_mslp/gurobi/12R_12V_04I_04M/lr101_grb_genconfig_mslp_seed_126.log;random;12R_12V_04I_04M;1;53222;1;/dados/rmelo/PDPTW-SE/benchmark_multi_island_v5/official_experiments/multistartlp/official/set_01_pt_02/../../../../instances/orig_ams_fg/12R_12V_04I_04M/t1/lr101/;60000;23730;0;1667.81;25;13;H;50;95;0;100.0;30.0;true;0.95;100.0;1.0;1.0;1.0;1.0;60;M;6778;6778;false;52;0.83;79.12;1.0;26;10;1000000;-1;3600;20.06;0.56;0.41;mslp;heur;0.4;0.16;-1;3600;60000;I;12;1.0;0.75;lr101;0;/dados/rmelo/PDPTW-SE/benchmark_multi_island_v5/official_experiments/multistartlp/official/set_01_pt_02/logs;0;0;0;88.7;100.0;1;126;/dados/rmelo/PDPTW-SE/benchmark_multi_island_v5/official_experiments/multistartlp/official/set_01_pt_02/logs/heur_mslp/solutions/12R_12V_04I_04M/lr101_sol_genconfig_mslp_seed_126.txt;Gurobi;AUTOMATIC;17.93;_bash_2;_seed_126;1359.83;1;14.6;/dados/rmelo/PDPTW-SE/benchmark_multi_island_v5/official_experiments/multistartlp/official/set_01_pt_02/logs/heur_mslp/timelines/12R_12V_04I_04M/lr101_timeline_genconfig_mslp_seed_126.txt;36.42;t1;0;1311.85;false
0.05;0.16;0.21;0.37;0.02;0.07;9;/dados/rmelo/PDPTW-SE/benchmark_multi_island_v5/official_experiments/multistartlp/official/set_01_pt_02/logs/heur_mslp/outputs/csvresults_heur_mslp_bash_2.csv;0;3;1;26;0;0.0;0.5;true;14;2;lr102_t1_12R_12V_04I_03M;/dados/rmelo/PDPTW-SE/benchmark_multi_island_v5/official_experiments/multistartlp/official/set_01_pt_02/configs/genconfig_mslp.conf;genconfig_mslp;/dados/rmelo/PDPTW-SE/benchmark_multi_island_v5/official_experiments/multistartlp/official/set_01_pt_02/logs/heur_mslp/gurobi/12R_12V_04I_03M/lr102_grb_genconfig_mslp_seed_126.log;random;12R_12V_04I_03M;1;37786;1;/dados/rmelo/PDPTW-SE/benchmark_multi_island_v5/official_experiments/multistartlp/official/set_01_pt_02/../../../../instances/orig_ams_fg/12R_12V_04I_04M/t1/lr102/;60000;32694;0;1290.32;25;13;H;50;95;0;100.0;30.0;true;0.95;100.0;1.0;1.0;1.0;1.0;60;M;22214;22214;false;62;0.92;77.78;0.97;31;10;1000000;-1;3600;12.2;0.84;0.63;mslp;heur;0.79;0.31;-1;3600;60000;I;12;1.0;0.42;lr102;0;/dados/rmelo/PDPTW-SE/benchmark_multi_island_v5/official_experiments/multistartlp/official/set_01_pt_02/logs;0;0;0;62.98;100.0;1;126;/dados/rmelo/PDPTW-SE/benchmark_multi_island_v5/official_experiments/multistartlp/official/set_01_pt_02/logs/heur_mslp/solutions/12R_12V_04I_03M/lr102_sol_genconfig_mslp_seed_126.txt;Gurobi;AUTOMATIC;17.78;_bash_2;_seed_126;2710.57;1;36.62;/dados/rmelo/PDPTW-SE/benchmark_multi_island_v5/official_experiments/multistartlp/official/set_01_pt_02/logs/heur_mslp/timelines/12R_12V_04I_03M/lr102_timeline_genconfig_mslp_seed_126.txt;66.96;t1;0;993.85;false
0.05;0.08;0.15;0.23;0.01;0.06;7;/dados/rmelo/PDPTW-SE/benchmark_multi_island_v5/official_experiments/multistartlp/official/set_01_pt_02/logs/heur_mslp/outputs/csvresults_heur_mslp_bash_2.csv;0;4;1;26;0;0.0;0.5;true;14;2;lr102_t1_12R_12V_04I_04M;/dados/rmelo/PDPTW-SE/benchmark_multi_island_v5/official_experiments/multistartlp/official/set_01_pt_02/configs/genconfig_mslp.conf;genconfig_mslp;/dados/rmelo/PDPTW-SE/benchmark_multi_island_v5/official_experiments/multistartlp/official/set_01_pt_02/logs/heur_mslp/gurobi/12R_12V_04I_04M/lr102_grb_genconfig_mslp_seed_126.log;random;12R_12V_04I_04M;1;11238;1;/dados/rmelo/PDPTW-SE/benchmark_multi_island_v5/official_experiments/multistartlp/official/set_01_pt_02/../../../../instances/orig_ams_fg/12R_12V_04I_04M/t1/lr102/;60000;816;0;1388.08;25;13;H;50;95;0;100.0;30.0;true;0.95;100.0;1.0;1.0;1.0;1.0;60;M;48762;48762;false;62;0.88;76.63;0.97;31;10;1000000;-1;3600;13.41;0.83;0.65;mslp;heur;0.79;0.38;-1;3600;60000;I;12;1.0;0.42;lr102;0;/dados/rmelo/PDPTW-SE/benchmark_multi_island_v5/official_experiments/multistartlp/official/set_01_pt_02/logs;0;0;0;18.73;100.0;1;126;/dados/rmelo/PDPTW-SE/benchmark_multi_island_v5/official_experiments/multistartlp/official/set_01_pt_02/logs/heur_mslp/solutions/12R_12V_04I_04M/lr102_sol_genconfig_mslp_seed_126.txt;Gurobi;AUTOMATIC;17.87;_bash_2;_seed_126;6541.16;1;2.11;/dados/rmelo/PDPTW-SE/benchmark_multi_island_v5/official_experiments/multistartlp/official/set_01_pt_02/logs/heur_mslp/timelines/12R_12V_04I_04M/lr102_timeline_genconfig_mslp_seed_126.txt;129.76;t1;0;984.64;false
0.05;0.18;0.21;0.39;0.0;0.0;11;/dados/rmelo/PDPTW-SE/benchmark_multi_island_v5/official_experiments/multistartlp/official/set_01_pt_02/logs/heur_mslp/outputs/csvresults_heur_mslp_bash_2.csv;0;3;1;26;0;0.0;0.5;true;14;2;lr103_t1_12R_12V_04I_03M;/dados/rmelo/PDPTW-SE/benchmark_multi_island_v5/official_experiments/multistartlp/official/set_01_pt_02/configs/genconfig_mslp.conf;genconfig_mslp;/dados/rmelo/PDPTW-SE/benchmark_multi_island_v5/official_experiments/multistartlp/official/set_01_pt_02/logs/heur_mslp/gurobi/12R_12V_04I_03M/lr103_grb_genconfig_mslp_seed_126.log;random;12R_12V_04I_03M;1;33886;1;/dados/rmelo/PDPTW-SE/benchmark_multi_island_v5/official_experiments/multistartlp/official/set_01_pt_02/../../../../instances/orig_ams_fg/12R_12V_04I_04M/t1/lr103/;60000;47969;0;869.16;25;13;H;50;95;0;100.0;30.0;true;0.95;100.0;1.0;1.0;1.0;1.0;60;M;26114;26114;false;58;0.92;82.02;0.96;29;10;1000000;-1;3600;9.09;0.7;0.52;mslp;heur;0.34;0.38;-1;3600;60000;I;12;1.0;0.42;lr103;0;/dados/rmelo/PDPTW-SE/benchmark_multi_island_v5/official_experiments/multistartlp/official/set_01_pt_02/logs;0;0;0;56.48;100.0;1;126;/dados/rmelo/PDPTW-SE/benchmark_multi_island_v5/official_experiments/multistartlp/official/set_01_pt_02/logs/heur_mslp/solutions/12R_12V_04I_03M/lr103_sol_genconfig_mslp_seed_126.txt;Gurobi;AUTOMATIC;18.07;_bash_2;_seed_126;2374.54;1;84.88;/dados/rmelo/PDPTW-SE/benchmark_multi_island_v5/official_experiments/multistartlp/official/set_01_pt_02/logs/heur_mslp/timelines/12R_12V_04I_03M/lr103_timeline_genconfig_mslp_seed_126.txt;106.02;t1;0;800.9;false
0.05;0.03;0.16;0.19;0.0;0.0;11;/dados/rmelo/PDPTW-SE/benchmark_multi_island_v5/official_experiments/multistartlp/official/set_01_pt_02/logs/heur_mslp/outputs/csvresults_heur_mslp_bash_2.csv;0;4;1;26;0;0.0;0.5;true;14;2;lr103_t1_12R_12V_04I_04M;/dados/rmelo/PDPTW-SE/benchmark_multi_island_v5/official_experiments/multistartlp/official/set_01_pt_02/configs/genconfig_mslp.conf;genconfig_mslp;/dados/rmelo/PDPTW-SE/benchmark_multi_island_v5/official_experiments/multistartlp/official/set_01_pt_02/logs/heur_mslp/gurobi/12R_12V_04I_04M/lr103_grb_genconfig_mslp_seed_126.log;random;12R_12V_04I_04M;1;10624;1;/dados/rmelo/PDPTW-SE/benchmark_multi_island_v5/official_experiments/multistartlp/official/set_01_pt_02/../../../../instances/orig_ams_fg/12R_12V_04I_04M/t1/lr103/;60000;28667;0;1267.53;25;13;H;50;95;0;100.0;30.0;true;0.95;100.0;1.0;1.0;1.0;1.0;60;M;49376;49376;false;58;0.9;79.36;0.96;29;10;1000000;-1;3600;8.54;0.69;0.57;mslp;heur;0.34;0.28;-1;3600;60000;I;12;1.0;0.42;lr103;0;/dados/rmelo/PDPTW-SE/benchmark_multi_island_v5/official_experiments/multistartlp/official/set_01_pt_02/logs;0;0;0;17.71;100.0;1;126;/dados/rmelo/PDPTW-SE/benchmark_multi_island_v5/official_experiments/multistartlp/official/set_01_pt_02/logs/heur_mslp/solutions/12R_12V_04I_04M/lr103_sol_genconfig_mslp_seed_126.txt;Gurobi;AUTOMATIC;18.05;_bash_2;_seed_126;4216.66;1;81.92;/dados/rmelo/PDPTW-SE/benchmark_multi_island_v5/official_experiments/multistartlp/official/set_01_pt_02/logs/heur_mslp/timelines/12R_12V_04I_04M/lr103_timeline_genconfig_mslp_seed_126.txt;170.33;t1;0;794.52;false
0.05;0.09;0.19;0.28;0.0;0.0;11;/dados/rmelo/PDPTW-SE/benchmark_multi_island_v5/official_experiments/multistartlp/official/set_01_pt_02/logs/heur_mslp/outputs/csvresults_heur_mslp_bash_2.csv;0;3;1;26;0;0.0;0.5;true;14;2;lr104_t1_12R_12V_04I_03M;/dados/rmelo/PDPTW-SE/benchmark_multi_island_v5/official_experiments/multistartlp/official/set_01_pt_02/configs/genconfig_mslp.conf;genconfig_mslp;/dados/rmelo/PDPTW-SE/benchmark_multi_island_v5/official_experiments/multistartlp/official/set_01_pt_02/logs/heur_mslp/gurobi/12R_12V_04I_03M/lr104_grb_genconfig_mslp_seed_126.log;random;12R_12V_04I_03M;1;4812;1;/dados/rmelo/PDPTW-SE/benchmark_multi_island_v5/official_experiments/multistartlp/official/set_01_pt_02/../../../../instances/orig_ams_fg/12R_12V_04I_04M/t1/lr104/;60000;1829;0;1140.08;25;13;H;50;95;0;100.0;30.0;true;0.95;100.0;1.0;1.0;1.0;1.0;60;M;55188;55188;false;40;0.97;73.33;0.82;20;10;1000000;-1;3600;7.85;0.74;0.56;mslp;heur;0.43;0.3;-1;3600;60000;I;12;1.0;0.42;lr104;0;/dados/rmelo/PDPTW-SE/benchmark_multi_island_v5/official_experiments/multistartlp/official/set_01_pt_02/logs;0;0;0;8.02;100.0;1;126;/dados/rmelo/PDPTW-SE/benchmark_multi_island_v5/official_experiments/multistartlp/official/set_01_pt_02/logs/heur_mslp/solutions/12R_12V_04I_03M/lr104_sol_genconfig_mslp_seed_126.txt;Gurobi;AUTOMATIC;17.88;_bash_2;_seed_126;4333.84;1;5.72;/dados/rmelo/PDPTW-SE/benchmark_multi_island_v5/official_experiments/multistartlp/official/set_01_pt_02/logs/heur_mslp/timelines/12R_12V_04I_03M/lr104_timeline_genconfig_mslp_seed_126.txt;173.27;t1;0;847.82;false
0.05;0.09;0.19;0.28;0.0;0.0;10;/dados/rmelo/PDPTW-SE/benchmark_multi_island_v5/official_experiments/multistartlp/official/set_01_pt_02/logs/heur_mslp/outputs/csvresults_heur_mslp_bash_2.csv;0;4;1;26;0;0.0;0.5;true;14;2;lr104_t1_12R_12V_04I_04M;/dados/rmelo/PDPTW-SE/benchmark_multi_island_v5/official_experiments/multistartlp/official/set_01_pt_02/configs/genconfig_mslp.conf;genconfig_mslp;/dados/rmelo/PDPTW-SE/benchmark_multi_island_v5/official_experiments/multistartlp/official/set_01_pt_02/logs/heur_mslp/gurobi/12R_12V_04I_04M/lr104_grb_genconfig_mslp_seed_126.log;random;12R_12V_04I_04M;1;157;1;/dados/rmelo/PDPTW-SE/benchmark_multi_island_v5/official_experiments/multistartlp/official/set_01_pt_02/../../../../instances/orig_ams_fg/12R_12V_04I_04M/t1/lr104/;60000;1829;0;1008.49;25;13;H;50;95;0;100.0;30.0;true;0.95;100.0;1.0;1.0;1.0;1.0;60;M;59843;59843;false;40;0.97;73.33;0.82;20;10;1000000;-1;3600;7.2;0.74;0.53;mslp;heur;0.43;0.3;-1;3600;60000;I;12;0.75;0.42;lr104;0;/dados/rmelo/PDPTW-SE/benchmark_multi_island_v5/official_experiments/multistartlp/official/set_01_pt_02/logs;0;0;0;0.26;100.0;1;126;/dados/rmelo/PDPTW-SE/benchmark_multi_island_v5/official_experiments/multistartlp/official/set_01_pt_02/logs/heur_mslp/solutions/12R_12V_04I_04M/lr104_sol_genconfig_mslp_seed_126.txt;Gurobi;AUTOMATIC;17.7;_bash_2;_seed_126;4310.38;1;6.3;/dados/rmelo/PDPTW-SE/benchmark_multi_island_v5/official_experiments/multistartlp/official/set_01_pt_02/logs/heur_mslp/timelines/12R_12V_04I_04M/lr104_timeline_genconfig_mslp_seed_126.txt;190.66;t1;0;847.82;false
0.05;0.13;0.21;0.34;0.0;0.03;13;/dados/rmelo/PDPTW-SE/benchmark_multi_island_v5/official_experiments/multistartlp/official/set_01_pt_02/logs/heur_mslp/outputs/csvresults_heur_mslp_bash_2.csv;0;3;1;26;0;0.0;0.5;true;14;2;lr105_t1_12R_12V_04I_03M;/dados/rmelo/PDPTW-SE/benchmark_multi_island_v5/official_experiments/multistartlp/official/set_01_pt_02/configs/genconfig_mslp.conf;genconfig_mslp;/dados/rmelo/PDPTW-SE/benchmark_multi_island_v5/official_experiments/multistartlp/official/set_01_pt_02/logs/heur_mslp/gurobi/12R_12V_04I_03M/lr105_grb_genconfig_mslp_seed_126.log;random;12R_12V_04I_03M;1;34979;1;/dados/rmelo/PDPTW-SE/benchmark_multi_island_v5/official_experiments/multistartlp/official/set_01_pt_02/../../../../instances/orig_ams_fg/12R_12V_04I_04M/t1/lr105/;60000;26656;0;1037.94;25;13;H;50;95;0;100.0;30.0;true;0.95;100.0;1.0;1.0;1.0;1.0;60;M;25021;25021;false;58;0.85;78.09;0.96;29;10;1000000;-1;3600;16.11;0.6;0.52;mslp;heur;0.24;0.22;-1;3600;60000;I;12;1.0;0.5;lr105;0;/dados/rmelo/PDPTW-SE/benchmark_multi_island_v5/official_experiments/multistartlp/official/set_01_pt_02/logs;0;0;0;58.3;100.0;1;126;/dados/rmelo/PDPTW-SE/benchmark_multi_island_v5/official_experiments/multistartlp/official/set_01_pt_02/logs/heur_mslp/solutions/12R_12V_04I_03M/lr105_sol_genconfig_mslp_seed_126.txt;Gurobi;AUTOMATIC;18.14;_bash_2;_seed_126;4031.09;1;34.82;/dados/rmelo/PDPTW-SE/benchmark_multi_island_v5/official_experiments/multistartlp/official/set_01_pt_02/logs/heur_mslp/timelines/12R_12V_04I_03M/lr105_timeline_genconfig_mslp_seed_126.txt;77.51;t1;0;834.01;false
0.05;0.06;0.16;0.22;0.0;0.03;17;/dados/rmelo/PDPTW-SE/benchmark_multi_island_v5/official_experiments/multistartlp/official/set_01_pt_02/logs/heur_mslp/outputs/csvresults_heur_mslp_bash_2.csv;0;4;1;26;0;0.0;0.5;true;14;2;lr105_t1_12R_12V_04I_04M;/dados/rmelo/PDPTW-SE/benchmark_multi_island_v5/official_experiments/multistartlp/official/set_01_pt_02/configs/genconfig_mslp.conf;genconfig_mslp;/dados/rmelo/PDPTW-SE/benchmark_multi_island_v5/official_experiments/multistartlp/official/set_01_pt_02/logs/heur_mslp/gurobi/12R_12V_04I_04M/lr105_grb_genconfig_mslp_seed_126.log;random;12R_12V_04I_04M;1;7277;1;/dados/rmelo/PDPTW-SE/benchmark_multi_island_v5/official_experiments/multistartlp/official/set_01_pt_02/../../../../instances/orig_ams_fg/12R_12V_04I_04M/t1/lr105/;60000;22798;0;1161.72;25;13;H;50;95;0;100.0;30.0;true;0.95;100.0;1.0;1.0;1.0;1.0;60;M;52723;52723;false;58;0.84;78.09;0.96;29;10;1000000;-1;3600;16.87;0.6;0.53;mslp;heur;0.24;0.28;-1;3600;60000;I;12;1.0;0.5;lr105;0;/dados/rmelo/PDPTW-SE/benchmark_multi_island_v5/official_experiments/multistartlp/official/set_01_pt_02/logs;0;0;0;12.13;100.0;1;126;/dados/rmelo/PDPTW-SE/benchmark_multi_island_v5/official_experiments/multistartlp/official/set_01_pt_02/logs/heur_mslp/solutions/12R_12V_04I_04M/lr105_sol_genconfig_mslp_seed_126.txt;Gurobi;AUTOMATIC;18.03;_bash_2;_seed_126;8893.93;1;55.07;/dados/rmelo/PDPTW-SE/benchmark_multi_island_v5/official_experiments/multistartlp/official/set_01_pt_02/logs/heur_mslp/timelines/12R_12V_04I_04M/lr105_timeline_genconfig_mslp_seed_126.txt;143.63;t1;0;833.29;false
0.05;0.02;0.08;0.1;0.06;0.2;12;/dados/rmelo/PDPTW-SE/benchmark_multi_island_v5/official_experiments/multistartlp/official/set_01_pt_02/logs/heur_mslp/outputs/csvresults_heur_mslp_bash_2.csv;0;3;1;26;0;0.0;0.5;true;14;2;lr201_t2_12R_12V_04I_03M;/dados/rmelo/PDPTW-SE/benchmark_multi_island_v5/official_experiments/multistartlp/official/set_01_pt_02/configs/genconfig_mslp.conf;genconfig_mslp;/dados/rmelo/PDPTW-SE/benchmark_multi_island_v5/official_experiments/multistartlp/official/set_01_pt_02/logs/heur_mslp/gurobi/12R_12V_04I_03M/lr201_grb_genconfig_mslp_seed_126.log;random;12R_12V_04I_03M;1;0;1;/dados/rmelo/PDPTW-SE/benchmark_multi_island_v5/official_experiments/multistartlp/official/set_01_pt_02/../../../../instances/orig_ams_fg/12R_12V_04I_04M/t2/lr201/;60000;55935;0;2716.08;25;13;H;50;95;0;100.0;30.0;true;0.95;100.0;1.0;1.0;1.0;1.0;60;M;60000;60000;false;52;0.67;76.95;1.0;26;10;1000000;-1;3600;21.11;0.48;0.91;mslp;heur;0.2;0.85;-1;3600;60000;I;12;1.0;0.25;lr201;0;/dados/rmelo/PDPTW-SE/benchmark_multi_island_v5/official_experiments/multistartlp/official/set_01_pt_02/logs;0;0;0;0.0;100.0;1;126;/dados/rmelo/PDPTW-SE/benchmark_multi_island_v5/official_experiments/multistartlp/official/set_01_pt_02/logs/heur_mslp/solutions/12R_12V_04I_03M/lr201_sol_genconfig_mslp_seed_126.txt;Gurobi;AUTOMATIC;17.87;_bash_2;_seed_126;12664.41;1;168.95;/dados/rmelo/PDPTW-SE/benchmark_multi_island_v5/official_experiments/multistartlp/official/set_01_pt_02/logs/heur_mslp/timelines/12R_12V_04I_03M/lr201_timeline_genconfig_mslp_seed_126.txt;181.25;t2;0;1452.66;false
0.05;0.02;0.06;0.08;0.08;0.2;12;/dados/rmelo/PDPTW-SE/benchmark_multi_island_v5/official_experiments/multistartlp/official/set_01_pt_02/logs/heur_mslp/outputs/csvresults_heur_mslp_bash_2.csv;0;4;1;26;0;0.0;0.5;true;14;2;lr201_t2_12R_12V_04I_04M;/dados/rmelo/PDPTW-SE/benchmark_multi_island_v5/official_experiments/multistartlp/official/set_01_pt_02/configs/genconfig_mslp.conf;genconfig_mslp;/dados/rmelo/PDPTW-SE/benchmark_multi_island_v5/official_experiments/multistartlp/official/set_01_pt_02/logs/heur_mslp/gurobi/12R_12V_04I_04M/lr201_grb_genconfig_mslp_seed_126.log;random;12R_12V_04I_04M;1;0;1;/dados/rmelo/PDPTW-SE/benchmark_multi_island_v5/official_experiments/multistartlp/official/set_01_pt_02/../../../../instances/orig_ams_fg/12R_12V_04I_04M/t2/lr201/;60000;55935;0;2715.51;25;13;H;50;95;0;100.0;30.0;true;0.95;100.0;1.0;1.0;1.0;1.0;60;M;60000;60000;false;52;0.67;76.95;1.0;26;10;1000000;-1;3600;21.43;0.48;0.91;mslp;heur;0.2;0.85;-1;3600;60000;I;12;1.0;0.25;lr201;0;/dados/rmelo/PDPTW-SE/benchmark_multi_island_v5/official_experiments/multistartlp/official/set_01_pt_02/logs;0;0;0;0.0;100.0;1;126;/dados/rmelo/PDPTW-SE/benchmark_multi_island_v5/official_experiments/multistartlp/official/set_01_pt_02/logs/heur_mslp/solutions/12R_12V_04I_04M/lr201_sol_genconfig_mslp_seed_126.txt;Gurobi;AUTOMATIC;17.78;_bash_2;_seed_126;12858.5;1;174.45;/dados/rmelo/PDPTW-SE/benchmark_multi_island_v5/official_experiments/multistartlp/official/set_01_pt_02/logs/heur_mslp/timelines/12R_12V_04I_04M/lr201_timeline_genconfig_mslp_seed_126.txt;187.11;t2;0;1452.19;false
0.05;0.05;0.1;0.15;0.0;0.0;10;/dados/rmelo/PDPTW-SE/benchmark_multi_island_v5/official_experiments/multistartlp/official/set_01_pt_02/logs/heur_mslp/outputs/csvresults_heur_mslp_bash_2.csv;0;3;1;26;0;0.0;0.5;true;14;2;lr202_t2_12R_12V_04I_03M;/dados/rmelo/PDPTW-SE/benchmark_multi_island_v5/official_experiments/multistartlp/official/set_01_pt_02/configs/genconfig_mslp.conf;genconfig_mslp;/dados/rmelo/PDPTW-SE/benchmark_multi_island_v5/official_experiments/multistartlp/official/set_01_pt_02/logs/heur_mslp/gurobi/12R_12V_04I_03M/lr202_grb_genconfig_mslp_seed_126.log;random;12R_12V_04I_03M;1;14614;1;/dados/rmelo/PDPTW-SE/benchmark_multi_island_v5/official_experiments/multistartlp/official/set_01_pt_02/../../../../instances/orig_ams_fg/12R_12V_04I_04M/t2/lr202/;60000;7886;0;1553.91;25;13;H;50;95;0;100.0;30.0;true;0.95;100.0;1.0;1.0;1.0;1.0;60;M;45386;45386;false;46;0.66;74.73;0.95;23;10;1000000;-1;3600;26.43;0.53;0.91;mslp;heur;0.39;0.87;-1;3600;60000;I;12;1.0;0.17;lr202;0;/dados/rmelo/PDPTW-SE/benchmark_multi_island_v5/official_experiments/multistartlp/official/set_01_pt_02/logs;0;0;0;24.36;100.0;1;126;/dados/rmelo/PDPTW-SE/benchmark_multi_island_v5/official_experiments/multistartlp/official/set_01_pt_02/logs/heur_mslp/solutions/12R_12V_04I_03M/lr202_sol_genconfig_mslp_seed_126.txt;Gurobi;AUTOMATIC;17.94;_bash_2;_seed_126;11996.96;1;25.29;/dados/rmelo/PDPTW-SE/benchmark_multi_island_v5/official_experiments/multistartlp/official/set_01_pt_02/logs/heur_mslp/timelines/12R_12V_04I_03M/lr202_timeline_genconfig_mslp_seed_126.txt;187.02;t2;0;1053.72;false
0.05;0.04;0.06;0.1;0.0;0.0;8;/dados/rmelo/PDPTW-SE/benchmark_multi_island_v5/official_experiments/multistartlp/official/set_01_pt_02/logs/heur_mslp/outputs/csvresults_heur_mslp_bash_2.csv;0;4;1;26;0;0.0;0.5;true;14;2;lr202_t2_12R_12V_04I_04M;/dados/rmelo/PDPTW-SE/benchmark_multi_island_v5/official_experiments/multistartlp/official/set_01_pt_02/configs/genconfig_mslp.conf;genconfig_mslp;/dados/rmelo/PDPTW-SE/benchmark_multi_island_v5/official_experiments/multistartlp/official/set_01_pt_02/logs/heur_mslp/gurobi/12R_12V_04I_04M/lr202_grb_genconfig_mslp_seed_126.log;random;12R_12V_04I_04M;1;1015;1;/dados/rmelo/PDPTW-SE/benchmark_multi_island_v5/official_experiments/multistartlp/official/set_01_pt_02/../../../../instances/orig_ams_fg/12R_12V_04I_04M/t2/lr202/;60000;47198;0;1895.92;25;13;H;50;95;0;100.0;30.0;true;0.95;100.0;1.0;1.0;1.0;1.0;60;M;58985;58985;false;46;0.56;71.51;0.97;23;10;1000000;-1;3600;28.17;0.34;0.75;mslp;heur;0.17;0.42;-1;3600;60000;I;12;1.0;0.25;lr202;0;/dados/rmelo/PDPTW-SE/benchmark_multi_island_v5/official_experiments/multistartlp/official/set_01_pt_02/logs;0;0;0;1.69;100.0;1;126;/dados/rmelo/PDPTW-SE/benchmark_multi_island_v5/official_experiments/multistartlp/official/set_01_pt_02/logs/heur_mslp/solutions/12R_12V_04I_04M/lr202_sol_genconfig_mslp_seed_126.txt;Gurobi;AUTOMATIC;17.89;_bash_2;_seed_126;16617.49;1;189.48;/dados/rmelo/PDPTW-SE/benchmark_multi_island_v5/official_experiments/multistartlp/official/set_01_pt_02/logs/heur_mslp/timelines/12R_12V_04I_04M/lr202_timeline_genconfig_mslp_seed_126.txt;240.92;t2;0;1012.91;false
0.05;0.02;0.06;0.08;0.0;0.02;14;/dados/rmelo/PDPTW-SE/benchmark_multi_island_v5/official_experiments/multistartlp/official/set_01_pt_02/logs/heur_mslp/outputs/csvresults_heur_mslp_bash_2.csv;0;3;1;26;0;0.0;0.5;true;14;2;lr203_t2_12R_12V_04I_03M;/dados/rmelo/PDPTW-SE/benchmark_multi_island_v5/official_experiments/multistartlp/official/set_01_pt_02/configs/genconfig_mslp.conf;genconfig_mslp;/dados/rmelo/PDPTW-SE/benchmark_multi_island_v5/official_experiments/multistartlp/official/set_01_pt_02/logs/heur_mslp/gurobi/12R_12V_04I_03M/lr203_grb_genconfig_mslp_seed_126.log;random;12R_12V_04I_03M;1;0;1;/dados/rmelo/PDPTW-SE/benchmark_multi_island_v5/official_experiments/multistartlp/official/set_01_pt_02/../../../../instances/orig_ams_fg/12R_12V_04I_04M/t2/lr203/;60000;56821;0;1627.64;25;13;H;50;95;0;100.0;30.0;true;0.95;100.0;1.0;1.0;1.0;1.0;60;M;60000;60000;false;58;0.66;89.3;0.97;29;10;1000000;-1;3600;14.39;0.46;0.87;mslp;heur;0.25;0.78;-1;3600;60000;I;12;1.0;0.17;lr203;0;/dados/rmelo/PDPTW-SE/benchmark_multi_island_v5/official_experiments/multistartlp/official/set_01_pt_02/logs;0;0;0;0.0;100.0;1;126;/dados/rmelo/PDPTW-SE/benchmark_multi_island_v5/official_experiments/multistartlp/official/set_01_pt_02/logs/heur_mslp/solutions/12R_12V_04I_03M/lr203_sol_genconfig_mslp_seed_126.txt;Gurobi;AUTOMATIC;17.93;_bash_2;_seed_126;8635.87;1;271.42;/dados/rmelo/PDPTW-SE/benchmark_multi_island_v5/official_experiments/multistartlp/official/set_01_pt_02/logs/heur_mslp/timelines/12R_12V_04I_03M/lr203_timeline_genconfig_mslp_seed_126.txt;286.56;t2;0;910.46;false
0.05;0.01;0.06;0.07;0.0;0.0;10;/dados/rmelo/PDPTW-SE/benchmark_multi_island_v5/official_experiments/multistartlp/official/set_01_pt_02/logs/heur_mslp/outputs/csvresults_heur_mslp_bash_2.csv;0;4;1;26;0;0.0;0.5;true;14;2;lr203_t2_12R_12V_04I_04M;/dados/rmelo/PDPTW-SE/benchmark_multi_island_v5/official_experiments/multistartlp/official/set_01_pt_02/configs/genconfig_mslp.conf;genconfig_mslp;/dados/rmelo/PDPTW-SE/benchmark_multi_island_v5/official_experiments/multistartlp/official/set_01_pt_02/logs/heur_mslp/gurobi/12R_12V_04I_04M/lr203_grb_genconfig_mslp_seed_126.log;random;12R_12V_04I_04M;1;0;1;/dados/rmelo/PDPTW-SE/benchmark_multi_island_v5/official_experiments/multistartlp/official/set_01_pt_02/../../../../instances/orig_ams_fg/12R_12V_04I_04M/t2/lr203/;60000;23708;0;1625.07;25;13;H;50;95;0;100.0;30.0;true;0.95;100.0;1.0;1.0;1.0;1.0;60;M;59996;60000;false;58;0.64;89.3;1.0;29;10;1000000;-1;3600;15.13;0.45;0.97;mslp;heur;0.25;0.94;-1;3600;60000;I;12;0.75;0.17;lr203;0;/dados/rmelo/PDPTW-SE/benchmark_multi_island_v5/official_experiments/multistartlp/official/set_01_pt_02/logs;0;0;0;0.0;99.99;1;126;/dados/rmelo/PDPTW-SE/benchmark_multi_island_v5/official_experiments/multistartlp/official/set_01_pt_02/logs/heur_mslp/solutions/12R_12V_04I_04M/lr203_sol_genconfig_mslp_seed_126.txt;Gurobi;AUTOMATIC;17.97;_bash_2;_seed_126;9075.71;1;121.74;/dados/rmelo/PDPTW-SE/benchmark_multi_island_v5/official_experiments/multistartlp/official/set_01_pt_02/logs/heur_mslp/timelines/12R_12V_04I_04M/lr203_timeline_genconfig_mslp_seed_126.txt;306.97;t2;0;890.87;false
0.05;0.01;0.06;0.06;0.0;0.0;11;/dados/rmelo/PDPTW-SE/benchmark_multi_island_v5/official_experiments/multistartlp/official/set_01_pt_02/logs/heur_mslp/outputs/csvresults_heur_mslp_bash_2.csv;0;3;1;26;0;0.0;0.5;true;14;2;lr204_t2_12R_12V_04I_03M;/dados/rmelo/PDPTW-SE/benchmark_multi_island_v5/official_experiments/multistartlp/official/set_01_pt_02/configs/genconfig_mslp.conf;genconfig_mslp;/dados/rmelo/PDPTW-SE/benchmark_multi_island_v5/official_experiments/multistartlp/official/set_01_pt_02/logs/heur_mslp/gurobi/12R_12V_04I_03M/lr204_grb_genconfig_mslp_seed_126.log;random;12R_12V_04I_03M;1;0;1;/dados/rmelo/PDPTW-SE/benchmark_multi_island_v5/official_experiments/multistartlp/official/set_01_pt_02/../../../../instances/orig_ams_fg/12R_12V_04I_04M/t2/lr204/;60000;2268;0;1141.82;25;13;H;50;95;0;100.0;30.0;true;0.95;100.0;1.0;1.0;1.0;1.0;60;M;39706;60000;false;38;0.72;91.65;0.92;19;10;1000000;-1;3600;3.7;0.45;0.76;mslp;heur;0.18;0.59;-1;3600;60000;I;12;1.0;0.17;lr204;0;/dados/rmelo/PDPTW-SE/benchmark_multi_island_v5/official_experiments/multistartlp/official/set_01_pt_02/logs;0;0;0;0.0;66.18;1;126;/dados/rmelo/PDPTW-SE/benchmark_multi_island_v5/official_experiments/multistartlp/official/set_01_pt_02/logs/heur_mslp/solutions/12R_12V_04I_03M/lr204_sol_genconfig_mslp_seed_126.txt;Gurobi;AUTOMATIC;17.99;_bash_2;_seed_126;2220.3;1;12.13;/dados/rmelo/PDPTW-SE/benchmark_multi_island_v5/official_experiments/multistartlp/official/set_01_pt_02/logs/heur_mslp/timelines/12R_12V_04I_03M/lr204_timeline_genconfig_mslp_seed_126.txt;310.67;t2;0;894.48;false
0.05;0.03;0.06;0.09;0.0;0.0;13;/dados/rmelo/PDPTW-SE/benchmark_multi_island_v5/official_experiments/multistartlp/official/set_01_pt_02/logs/heur_mslp/outputs/csvresults_heur_mslp_bash_2.csv;0;4;1;26;0;0.0;0.5;true;14;2;lr204_t2_12R_12V_04I_04M;/dados/rmelo/PDPTW-SE/benchmark_multi_island_v5/official_experiments/multistartlp/official/set_01_pt_02/configs/genconfig_mslp.conf;genconfig_mslp;/dados/rmelo/PDPTW-SE/benchmark_multi_island_v5/official_experiments/multistartlp/official/set_01_pt_02/logs/heur_mslp/gurobi/12R_12V_04I_04M/lr204_grb_genconfig_mslp_seed_126.log;random;12R_12V_04I_04M;1;0;1;/dados/rmelo/PDPTW-SE/benchmark_multi_island_v5/official_experiments/multistartlp/official/set_01_pt_02/../../../../instances/orig_ams_fg/12R_12V_04I_04M/t2/lr204/;60000;50994;0;1145.01;25;13;H;50;95;0;100.0;30.0;true;0.95;100.0;1.0;1.0;1.0;1.0;60;M;40821;60000;false;38;0.78;91.65;1.0;19;10;1000000;-1;3600;4.18;0.45;0.71;mslp;heur;0.13;0.42;-1;3600;60000;I;12;0.75;0.17;lr204;0;/dados/rmelo/PDPTW-SE/benchmark_multi_island_v5/official_experiments/multistartlp/official/set_01_pt_02/logs;0;0;0;0.0;68.04;1;126;/dados/rmelo/PDPTW-SE/benchmark_multi_island_v5/official_experiments/multistartlp/official/set_01_pt_02/logs/heur_mslp/solutions/12R_12V_04I_04M/lr204_sol_genconfig_mslp_seed_126.txt;Gurobi;AUTOMATIC;17.79;_bash_2;_seed_126;2510.42;1;277.38;/dados/rmelo/PDPTW-SE/benchmark_multi_island_v5/official_experiments/multistartlp/official/set_01_pt_02/logs/heur_mslp/timelines/12R_12V_04I_04M/lr204_timeline_genconfig_mslp_seed_126.txt;326.27;t2;0;908.79;false
0.05;0.04;0.09;0.14;0.0;0.0;7;/dados/rmelo/PDPTW-SE/benchmark_multi_island_v5/official_experiments/multistartlp/official/set_01_pt_02/logs/heur_mslp/outputs/csvresults_heur_mslp_bash_2.csv;0;3;1;26;0;0.0;0.5;true;14;2;lr205_t2_12R_12V_04I_03M;/dados/rmelo/PDPTW-SE/benchmark_multi_island_v5/official_experiments/multistartlp/official/set_01_pt_02/configs/genconfig_mslp.conf;genconfig_mslp;/dados/rmelo/PDPTW-SE/benchmark_multi_island_v5/official_experiments/multistartlp/official/set_01_pt_02/logs/heur_mslp/gurobi/12R_12V_04I_03M/lr205_grb_genconfig_mslp_seed_126.log;random;12R_12V_04I_03M;1;0;1;/dados/rmelo/PDPTW-SE/benchmark_multi_island_v5/official_experiments/multistartlp/official/set_01_pt_02/../../../../instances/orig_ams_fg/12R_12V_04I_04M/t2/lr205/;60000;32423;0;2050.73;25;13;H;50;95;0;100.0;30.0;true;0.95;100.0;1.0;1.0;1.0;1.0;60;M;60000;60000;false;58;0.73;78.78;1.0;29;10;1000000;-1;3600;20.96;0.49;0.92;mslp;heur;0.26;0.83;-1;3600;60000;I;12;1.0;0.17;lr205;0;/dados/rmelo/PDPTW-SE/benchmark_multi_island_v5/official_experiments/multistartlp/official/set_01_pt_02/logs;0;0;0;0.0;100.0;1;126;/dados/rmelo/PDPTW-SE/benchmark_multi_island_v5/official_experiments/multistartlp/official/set_01_pt_02/logs/heur_mslp/solutions/12R_12V_04I_03M/lr205_sol_genconfig_mslp_seed_126.txt;Gurobi;AUTOMATIC;18.07;_bash_2;_seed_126;12575.22;1;129.4;/dados/rmelo/PDPTW-SE/benchmark_multi_island_v5/official_experiments/multistartlp/official/set_01_pt_02/logs/heur_mslp/timelines/12R_12V_04I_03M/lr205_timeline_genconfig_mslp_seed_126.txt;240.06;t2;0;988.94;false
0.05;0.03;0.07;0.1;0.0;0.0;9;/dados/rmelo/PDPTW-SE/benchmark_multi_island_v5/official_experiments/multistartlp/official/set_01_pt_02/logs/heur_mslp/outputs/csvresults_heur_mslp_bash_2.csv;0;4;1;26;0;0.0;0.5;true;14;2;lr205_t2_12R_12V_04I_04M;/dados/rmelo/PDPTW-SE/benchmark_multi_island_v5/official_experiments/multistartlp/official/set_01_pt_02/configs/genconfig_mslp.conf;genconfig_mslp;/dados/rmelo/PDPTW-SE/benchmark_multi_island_v5/official_experiments/multistartlp/official/set_01_pt_02/logs/heur_mslp/gurobi/12R_12V_04I_04M/lr205_grb_genconfig_mslp_seed_126.log;random;12R_12V_04I_04M;1;0;1;/dados/rmelo/PDPTW-SE/benchmark_multi_island_v5/official_experiments/multistartlp/official/set_01_pt_02/../../../../instances/orig_ams_fg/12R_12V_04I_04M/t2/lr205/;60000;32423;0;2047.14;25;13;H;50;95;0;100.0;30.0;true;0.95;100.0;1.0;1.0;1.0;1.0;60;M;60000;60000;false;58;0.73;75.38;1.0;29;10;1000000;-1;3600;21.37;0.49;0.92;mslp;heur;0.26;0.83;-1;3600;60000;I;12;1.0;0.17;lr205;0;/dados/rmelo/PDPTW-SE/benchmark_multi_island_v5/official_experiments/multistartlp/official/set_01_pt_02/logs;0;0;0;0.0;100.0;1;126;/dados/rmelo/PDPTW-SE/benchmark_multi_island_v5/official_experiments/multistartlp/official/set_01_pt_02/logs/heur_mslp/solutions/12R_12V_04I_04M/lr205_sol_genconfig_mslp_seed_126.txt;Gurobi;AUTOMATIC;18.32;_bash_2;_seed_126;12824.02;1;138.87;/dados/rmelo/PDPTW-SE/benchmark_multi_island_v5/official_experiments/multistartlp/official/set_01_pt_02/logs/heur_mslp/timelines/12R_12V_04I_04M/lr205_timeline_genconfig_mslp_seed_126.txt;255.73;t2;0;987.92;false
0.05;0.02;0.05;0.07;0.0;0.29;1;/dados/rmelo/PDPTW-SE/benchmark_multi_island_v5/official_experiments/multistartlp/official/set_01_pt_02/logs/heur_mslp/outputs/csvresults_heur_mslp_bash_2.csv;0;5;1;82;0;0.0;0.5;true;42;2;LR1_2_1_t1_40R_40V_02I_05M;/dados/rmelo/PDPTW-SE/benchmark_multi_island_v5/official_experiments/multistartlp/official/set_01_pt_02/configs/genconfig_mslp.conf;genconfig_mslp;/dados/rmelo/PDPTW-SE/benchmark_multi_island_v5/official_experiments/multistartlp/official/set_01_pt_02/logs/heur_mslp/gurobi/40R_40V_02I_05M/LR1_2_1_grb_genconfig_mslp_seed_126.log;random;40R_40V_02I_05M;1;59997;1;/dados/rmelo/PDPTW-SE/benchmark_multi_island_v5/official_experiments/multistartlp/official/set_01_pt_02/../../../../instances/orig_ams_fg/40R_40V_02I_06M/t1/LR1_2_1/;60000;1;0;9019.04;81;41;H;50;95;0;100.0;30.0;true;0.95;100.0;1.0;1.0;1.0;1.0;60;M;3;3;false;78;0.93;223.61;0.99;39;10;1000000;-1;3600;4.97;0.69;0.54;mslp;heur;0.48;0.12;-1;3600;60000;I;40;1.0;0.45;LR1_2_1;0;/dados/rmelo/PDPTW-SE/benchmark_multi_island_v5/official_experiments/multistartlp/official/set_01_pt_02/logs;0;0;0;100.0;100.0;1;126;/dados/rmelo/PDPTW-SE/benchmark_multi_island_v5/official_experiments/multistartlp/official/set_01_pt_02/logs/heur_mslp/solutions/40R_40V_02I_05M/LR1_2_1_sol_genconfig_mslp_seed_126.txt;Gurobi;AUTOMATIC;18.24;_bash_2;_seed_126;0.15;1;0.01;/dados/rmelo/PDPTW-SE/benchmark_multi_island_v5/official_experiments/multistartlp/official/set_01_pt_02/logs/heur_mslp/timelines/40R_40V_02I_05M/LR1_2_1_timeline_genconfig_mslp_seed_126.txt;81.55;t1;0;8377.69;false
0.05;0.02;0.05;0.07;0.0;0.29;1;/dados/rmelo/PDPTW-SE/benchmark_multi_island_v5/official_experiments/multistartlp/official/set_01_pt_02/logs/heur_mslp/outputs/csvresults_heur_mslp_bash_2.csv;0;6;1;82;0;0.0;0.5;true;42;2;LR1_2_1_t1_40R_40V_02I_06M;/dados/rmelo/PDPTW-SE/benchmark_multi_island_v5/official_experiments/multistartlp/official/set_01_pt_02/configs/genconfig_mslp.conf;genconfig_mslp;/dados/rmelo/PDPTW-SE/benchmark_multi_island_v5/official_experiments/multistartlp/official/set_01_pt_02/logs/heur_mslp/gurobi/40R_40V_02I_06M/LR1_2_1_grb_genconfig_mslp_seed_126.log;random;40R_40V_02I_06M;1;59998;1;/dados/rmelo/PDPTW-SE/benchmark_multi_island_v5/official_experiments/multistartlp/official/set_01_pt_02/../../../../instances/orig_ams_fg/40R_40V_02I_06M/t1/LR1_2_1/;60000;1;0;9215.1;81;41;H;50;95;0;100.0;30.0;true;0.95;100.0;1.0;1.0;1.0;1.0;60;M;2;2;false;78;0.93;223.61;0.99;39;10;1000000;-1;3600;4.84;0.69;0.54;mslp;heur;0.48;0.12;-1;3600;60000;I;40;0.83;0.45;LR1_2_1;0;/dados/rmelo/PDPTW-SE/benchmark_multi_island_v5/official_experiments/multistartlp/official/set_01_pt_02/logs;0;0;0;100.0;100.0;1;126;/dados/rmelo/PDPTW-SE/benchmark_multi_island_v5/official_experiments/multistartlp/official/set_01_pt_02/logs/heur_mslp/solutions/40R_40V_02I_06M/LR1_2_1_sol_genconfig_mslp_seed_126.txt;Gurobi;AUTOMATIC;18.39;_bash_2;_seed_126;0.1;1;0.01;/dados/rmelo/PDPTW-SE/benchmark_multi_island_v5/official_experiments/multistartlp/official/set_01_pt_02/logs/heur_mslp/timelines/40R_40V_02I_06M/LR1_2_1_timeline_genconfig_mslp_seed_126.txt;86.36;t1;0;8377.69;false
0.05;0.06;0.1;0.16;0.02;0.16;1;/dados/rmelo/PDPTW-SE/benchmark_multi_island_v5/official_experiments/multistartlp/official/set_01_pt_02/logs/heur_mslp/outputs/csvresults_heur_mslp_bash_2.csv;0;5;1;82;0;0.0;0.5;true;42;2;LR1_2_2_t1_40R_40V_02I_05M;/dados/rmelo/PDPTW-SE/benchmark_multi_island_v5/official_experiments/multistartlp/official/set_01_pt_02/configs/genconfig_mslp.conf;genconfig_mslp;/dados/rmelo/PDPTW-SE/benchmark_multi_island_v5/official_experiments/multistartlp/official/set_01_pt_02/logs/heur_mslp/gurobi/40R_40V_02I_05M/LR1_2_2_grb_genconfig_mslp_seed_126.log;random;40R_40V_02I_05M;1;59999;1;/dados/rmelo/PDPTW-SE/benchmark_multi_island_v5/official_experiments/multistartlp/official/set_01_pt_02/../../../../instances/orig_ams_fg/40R_40V_02I_06M/t1/LR1_2_2/;60000;1;0;7948.86;81;41;H;50;95;0;100.0;30.0;true;0.95;100.0;1.0;1.0;1.0;1.0;60;M;1;1;false;78;1.0;252.99;0.92;39;10;1000000;-1;3600;5.62;0.68;0.5;mslp;heur;0.38;0.18;-1;3600;60000;I;40;1.0;0.42;LR1_2_2;0;/dados/rmelo/PDPTW-SE/benchmark_multi_island_v5/official_experiments/multistartlp/official/set_01_pt_02/logs;0;0;0;100.0;100.0;1;126;/dados/rmelo/PDPTW-SE/benchmark_multi_island_v5/official_experiments/multistartlp/official/set_01_pt_02/logs/heur_mslp/solutions/40R_40V_02I_05M/LR1_2_2_sol_genconfig_mslp_seed_126.txt;Gurobi;AUTOMATIC;18.4;_bash_2;_seed_126;0.06;1;0.01;/dados/rmelo/PDPTW-SE/benchmark_multi_island_v5/official_experiments/multistartlp/official/set_01_pt_02/logs/heur_mslp/timelines/40R_40V_02I_05M/LR1_2_2_timeline_genconfig_mslp_seed_126.txt;91.64;t1;0;7502.15;false
0.05;0.03;0.08;0.11;0.0;0.17;2;/dados/rmelo/PDPTW-SE/benchmark_multi_island_v5/official_experiments/multistartlp/official/set_01_pt_02/logs/heur_mslp/outputs/csvresults_heur_mslp_bash_2.csv;0;6;1;82;0;0.0;0.5;true;42;2;LR1_2_2_t1_40R_40V_02I_06M;/dados/rmelo/PDPTW-SE/benchmark_multi_island_v5/official_experiments/multistartlp/official/set_01_pt_02/configs/genconfig_mslp.conf;genconfig_mslp;/dados/rmelo/PDPTW-SE/benchmark_multi_island_v5/official_experiments/multistartlp/official/set_01_pt_02/logs/heur_mslp/gurobi/40R_40V_02I_06M/LR1_2_2_grb_genconfig_mslp_seed_126.log;random;40R_40V_02I_06M;1;59998;1;/dados/rmelo/PDPTW-SE/benchmark_multi_island_v5/official_experiments/multistartlp/official/set_01_pt_02/../../../../instances/orig_ams_fg/40R_40V_02I_06M/t1/LR1_2_2/;60000;53380;0;7905.15;81;41;H;50;95;0;100.0;30.0;true;0.95;100.0;1.0;1.0;1.0;1.0;60;M;2;2;false;78;1.0;252.99;0.92;39;10;1000000;-1;3600;6.02;0.67;0.55;mslp;heur;0.25;0.05;-1;3600;60000;I;40;1.0;0.42;LR1_2_2;0;/dados/rmelo/PDPTW-SE/benchmark_multi_island_v5/official_experiments/multistartlp/official/set_01_pt_02/logs;0;0;0;100.0;100.0;1;126;/dados/rmelo/PDPTW-SE/benchmark_multi_island_v5/official_experiments/multistartlp/official/set_01_pt_02/logs/heur_mslp/solutions/40R_40V_02I_06M/LR1_2_2_sol_genconfig_mslp_seed_126.txt;Gurobi;AUTOMATIC;18.15;_bash_2;_seed_126;0.12;1;92.73;/dados/rmelo/PDPTW-SE/benchmark_multi_island_v5/official_experiments/multistartlp/official/set_01_pt_02/logs/heur_mslp/timelines/40R_40V_02I_06M/LR1_2_2_timeline_genconfig_mslp_seed_126.txt;104.06;t1;0;7393.36;false
0.05;0.03;0.07;0.1;0.02;0.05;6;/dados/rmelo/PDPTW-SE/benchmark_multi_island_v5/official_experiments/multistartlp/official/set_01_pt_02/logs/heur_mslp/outputs/csvresults_heur_mslp_bash_2.csv;0;5;1;82;0;0.0;0.5;true;42;2;LR1_2_3_t1_40R_40V_02I_05M;/dados/rmelo/PDPTW-SE/benchmark_multi_island_v5/official_experiments/multistartlp/official/set_01_pt_02/configs/genconfig_mslp.conf;genconfig_mslp;/dados/rmelo/PDPTW-SE/benchmark_multi_island_v5/official_experiments/multistartlp/official/set_01_pt_02/logs/heur_mslp/gurobi/40R_40V_02I_05M/LR1_2_3_grb_genconfig_mslp_seed_126.log;random;40R_40V_02I_05M;1;59137;1;/dados/rmelo/PDPTW-SE/benchmark_multi_island_v5/official_experiments/multistartlp/official/set_01_pt_02/../../../../instances/orig_ams_fg/40R_40V_02I_06M/t1/LR1_2_3/;60000;9659;0;5916.06;81;41;H;50;95;0;100.0;30.0;true;0.95;100.0;1.0;1.0;1.0;1.0;60;M;863;863;false;86;0.96;234.21;1.0;43;10;1000000;-1;3600;3.07;0.69;0.64;mslp;heur;0.34;0.2;-1;3600;60000;I;40;1.0;0.28;LR1_2_3;0;/dados/rmelo/PDPTW-SE/benchmark_multi_island_v5/official_experiments/multistartlp/official/set_01_pt_02/logs;0;0;0;98.56;100.0;1;126;/dados/rmelo/PDPTW-SE/benchmark_multi_island_v5/official_experiments/multistartlp/official/set_01_pt_02/logs/heur_mslp/solutions/40R_40V_02I_05M/LR1_2_3_sol_genconfig_mslp_seed_126.txt;Gurobi;AUTOMATIC;18.36;_bash_2;_seed_126;26.53;1;34.45;/dados/rmelo/PDPTW-SE/benchmark_multi_island_v5/official_experiments/multistartlp/official/set_01_pt_02/logs/heur_mslp/timelines/40R_40V_02I_05M/LR1_2_3_timeline_genconfig_mslp_seed_126.txt;213.04;t1;0;4811.0;false
0.05;0.02;0.06;0.08;0.01;0.03;3;/dados/rmelo/PDPTW-SE/benchmark_multi_island_v5/official_experiments/multistartlp/official/set_01_pt_02/logs/heur_mslp/outputs/csvresults_heur_mslp_bash_2.csv;0;6;1;82;0;0.0;0.5;true;42;2;LR1_2_3_t1_40R_40V_02I_06M;/dados/rmelo/PDPTW-SE/benchmark_multi_island_v5/official_experiments/multistartlp/official/set_01_pt_02/configs/genconfig_mslp.conf;genconfig_mslp;/dados/rmelo/PDPTW-SE/benchmark_multi_island_v5/official_experiments/multistartlp/official/set_01_pt_02/logs/heur_mslp/gurobi/40R_40V_02I_06M/LR1_2_3_grb_genconfig_mslp_seed_126.log;random;40R_40V_02I_06M;1;59106;1;/dados/rmelo/PDPTW-SE/benchmark_multi_island_v5/official_experiments/multistartlp/official/set_01_pt_02/../../../../instances/orig_ams_fg/40R_40V_02I_06M/t1/LR1_2_3/;60000;2586;0;6043.99;81;41;H;50;95;0;100.0;30.0;true;0.95;100.0;1.0;1.0;1.0;1.0;60;M;894;894;false;86;0.97;234.21;1.0;43;10;1000000;-1;3600;2.99;0.69;0.61;mslp;heur;0.35;0.28;-1;3600;60000;I;40;1.0;0.28;LR1_2_3;0;/dados/rmelo/PDPTW-SE/benchmark_multi_island_v5/official_experiments/multistartlp/official/set_01_pt_02/logs;0;0;0;98.51;100.0;1;126;/dados/rmelo/PDPTW-SE/benchmark_multi_island_v5/official_experiments/multistartlp/official/set_01_pt_02/logs/heur_mslp/solutions/40R_40V_02I_06M/LR1_2_3_sol_genconfig_mslp_seed_126.txt;Gurobi;AUTOMATIC;18.4;_bash_2;_seed_126;26.77;1;9.84;/dados/rmelo/PDPTW-SE/benchmark_multi_island_v5/official_experiments/multistartlp/official/set_01_pt_02/logs/heur_mslp/timelines/40R_40V_02I_06M/LR1_2_3_timeline_genconfig_mslp_seed_126.txt;225.61;t1;0;4799.54;false
0.05;0.03;0.05;0.08;0.0;0.02;11;/dados/rmelo/PDPTW-SE/benchmark_multi_island_v5/official_experiments/multistartlp/official/set_01_pt_02/logs/heur_mslp/outputs/csvresults_heur_mslp_bash_2.csv;0;5;1;82;0;0.0;0.5;true;42;2;LR1_2_4_t1_40R_40V_02I_05M;/dados/rmelo/PDPTW-SE/benchmark_multi_island_v5/official_experiments/multistartlp/official/set_01_pt_02/configs/genconfig_mslp.conf;genconfig_mslp;/dados/rmelo/PDPTW-SE/benchmark_multi_island_v5/official_experiments/multistartlp/official/set_01_pt_02/logs/heur_mslp/gurobi/40R_40V_02I_05M/LR1_2_4_grb_genconfig_mslp_seed_126.log;random;40R_40V_02I_05M;1;43990;1;/dados/rmelo/PDPTW-SE/benchmark_multi_island_v5/official_experiments/multistartlp/official/set_01_pt_02/../../../../instances/orig_ams_fg/40R_40V_02I_06M/t1/LR1_2_4/;60000;50034;0;5205.37;81;41;H;50;95;0;100.0;30.0;true;0.95;100.0;1.0;1.0;1.0;1.0;60;M;16010;16010;false;86;0.99;237.45;0.92;43;10;1000000;-1;3600;3.21;0.83;0.68;mslp;heur;0.47;0.35;-1;3600;60000;I;40;0.8;0.18;LR1_2_4;0;/dados/rmelo/PDPTW-SE/benchmark_multi_island_v5/official_experiments/multistartlp/official/set_01_pt_02/logs;0;0;0;73.32;100.0;1;126;/dados/rmelo/PDPTW-SE/benchmark_multi_island_v5/official_experiments/multistartlp/official/set_01_pt_02/logs/heur_mslp/solutions/40R_40V_02I_05M/LR1_2_4_sol_genconfig_mslp_seed_126.txt;Gurobi;AUTOMATIC;18.31;_bash_2;_seed_126;513.47;1;489.32;/dados/rmelo/PDPTW-SE/benchmark_multi_island_v5/official_experiments/multistartlp/official/set_01_pt_02/logs/heur_mslp/timelines/40R_40V_02I_05M/LR1_2_4_timeline_genconfig_mslp_seed_126.txt;587.45;t1;0;3695.94;false
0.05;0.03;0.06;0.09;0.0;0.03;8;/dados/rmelo/PDPTW-SE/benchmark_multi_island_v5/official_experiments/multistartlp/official/set_01_pt_02/logs/heur_mslp/outputs/csvresults_heur_mslp_bash_2.csv;0;6;1;82;0;0.0;0.5;true;42;2;LR1_2_4_t1_40R_40V_02I_06M;/dados/rmelo/PDPTW-SE/benchmark_multi_island_v5/official_experiments/multistartlp/official/set_01_pt_02/configs/genconfig_mslp.conf;genconfig_mslp;/dados/rmelo/PDPTW-SE/benchmark_multi_island_v5/official_experiments/multistartlp/official/set_01_pt_02/logs/heur_mslp/gurobi/40R_40V_02I_06M/LR1_2_4_grb_genconfig_mslp_seed_126.log;random;40R_40V_02I_06M;1;20740;1;/dados/rmelo/PDPTW-SE/benchmark_multi_island_v5/official_experiments/multistartlp/official/set_01_pt_02/../../../../instances/orig_ams_fg/40R_40V_02I_06M/t1/LR1_2_4/;60000;49607;0;5294.02;81;41;H;50;95;0;100.0;30.0;true;0.95;100.0;1.0;1.0;1.0;1.0;60;M;39260;39260;false;86;0.95;232.24;0.93;43;10;1000000;-1;3600;3.15;0.71;0.66;mslp;heur;0.24;0.07;-1;3600;60000;I;40;0.5;0.2;LR1_2_4;0;/dados/rmelo/PDPTW-SE/benchmark_multi_island_v5/official_experiments/multistartlp/official/set_01_pt_02/logs;0;0;0;34.57;100.0;1;126;/dados/rmelo/PDPTW-SE/benchmark_multi_island_v5/official_experiments/multistartlp/official/set_01_pt_02/logs/heur_mslp/solutions/40R_40V_02I_06M/LR1_2_4_sol_genconfig_mslp_seed_126.txt;Gurobi;AUTOMATIC;18.27;_bash_2;_seed_126;1235.43;1;796.58;/dados/rmelo/PDPTW-SE/benchmark_multi_island_v5/official_experiments/multistartlp/official/set_01_pt_02/logs/heur_mslp/timelines/40R_40V_02I_06M/LR1_2_4_timeline_genconfig_mslp_seed_126.txt;964.47;t1;0;3580.03;false
0.05;0.04;0.09;0.13;0.0;0.09;4;/dados/rmelo/PDPTW-SE/benchmark_multi_island_v5/official_experiments/multistartlp/official/set_01_pt_02/logs/heur_mslp/outputs/csvresults_heur_mslp_bash_2.csv;0;5;1;82;0;0.0;0.5;true;42;2;LR1_2_5_t1_40R_40V_02I_05M;/dados/rmelo/PDPTW-SE/benchmark_multi_island_v5/official_experiments/multistartlp/official/set_01_pt_02/configs/genconfig_mslp.conf;genconfig_mslp;/dados/rmelo/PDPTW-SE/benchmark_multi_island_v5/official_experiments/multistartlp/official/set_01_pt_02/logs/heur_mslp/gurobi/40R_40V_02I_05M/LR1_2_5_grb_genconfig_mslp_seed_126.log;random;40R_40V_02I_05M;1;59981;1;/dados/rmelo/PDPTW-SE/benchmark_multi_island_v5/official_experiments/multistartlp/official/set_01_pt_02/../../../../instances/orig_ams_fg/40R_40V_02I_06M/t1/LR1_2_5/;60000;29984;0;7580.19;81;41;H;50;95;0;100.0;30.0;true;0.95;100.0;1.0;1.0;1.0;1.0;60;M;19;19;false;86;1.0;291.59;0.98;43;10;1000000;-1;3600;6.42;0.68;0.54;mslp;heur;0.3;0.01;-1;3600;60000;I;40;1.0;0.35;LR1_2_5;0;/dados/rmelo/PDPTW-SE/benchmark_multi_island_v5/official_experiments/multistartlp/official/set_01_pt_02/logs;0;0;0;99.97;100.0;1;126;/dados/rmelo/PDPTW-SE/benchmark_multi_island_v5/official_experiments/multistartlp/official/set_01_pt_02/logs/heur_mslp/solutions/40R_40V_02I_05M/LR1_2_5_sol_genconfig_mslp_seed_126.txt;Gurobi;AUTOMATIC;18.33;_bash_2;_seed_126;1.22;1;55.18;/dados/rmelo/PDPTW-SE/benchmark_multi_island_v5/official_experiments/multistartlp/official/set_01_pt_02/logs/heur_mslp/timelines/40R_40V_02I_05M/LR1_2_5_timeline_genconfig_mslp_seed_126.txt;109.55;t1;0;6951.3;false
0.05;0.03;0.07;0.1;0.0;0.1;7;/dados/rmelo/PDPTW-SE/benchmark_multi_island_v5/official_experiments/multistartlp/official/set_01_pt_02/logs/heur_mslp/outputs/csvresults_heur_mslp_bash_2.csv;0;6;1;82;0;0.0;0.5;true;42;2;LR1_2_5_t1_40R_40V_02I_06M;/dados/rmelo/PDPTW-SE/benchmark_multi_island_v5/official_experiments/multistartlp/official/set_01_pt_02/configs/genconfig_mslp.conf;genconfig_mslp;/dados/rmelo/PDPTW-SE/benchmark_multi_island_v5/official_experiments/multistartlp/official/set_01_pt_02/logs/heur_mslp/gurobi/40R_40V_02I_06M/LR1_2_5_grb_genconfig_mslp_seed_126.log;random;40R_40V_02I_06M;1;58636;1;/dados/rmelo/PDPTW-SE/benchmark_multi_island_v5/official_experiments/multistartlp/official/set_01_pt_02/../../../../instances/orig_ams_fg/40R_40V_02I_06M/t1/LR1_2_5/;60000;47778;0;7897.22;81;41;H;50;95;0;100.0;30.0;true;0.95;100.0;1.0;1.0;1.0;1.0;60;M;1364;1364;false;86;0.99;286.41;0.98;43;10;1000000;-1;3600;6.11;0.67;0.57;mslp;heur;0.29;0.01;-1;3600;60000;I;40;1.0;0.32;LR1_2_5;0;/dados/rmelo/PDPTW-SE/benchmark_multi_island_v5/official_experiments/multistartlp/official/set_01_pt_02/logs;0;0;0;97.73;100.0;1;126;/dados/rmelo/PDPTW-SE/benchmark_multi_island_v5/official_experiments/multistartlp/official/set_01_pt_02/logs/heur_mslp/solutions/40R_40V_02I_06M/LR1_2_5_sol_genconfig_mslp_seed_126.txt;Gurobi;AUTOMATIC;18.12;_bash_2;_seed_126;83.32;1;147.89;/dados/rmelo/PDPTW-SE/benchmark_multi_island_v5/official_experiments/multistartlp/official/set_01_pt_02/logs/heur_mslp/timelines/40R_40V_02I_06M/LR1_2_5_timeline_genconfig_mslp_seed_126.txt;185.87;t1;0;6379.07;false
0.05;0.0;0.01;0.01;0.07;0.25;7;/dados/rmelo/PDPTW-SE/benchmark_multi_island_v5/official_experiments/multistartlp/official/set_01_pt_02/logs/heur_mslp/outputs/csvresults_heur_mslp_bash_2.csv;0;5;1;82;0;0.0;0.5;true;42;2;LR2_2_1_t2_40R_40V_02I_05M;/dados/rmelo/PDPTW-SE/benchmark_multi_island_v5/official_experiments/multistartlp/official/set_01_pt_02/configs/genconfig_mslp.conf;genconfig_mslp;/dados/rmelo/PDPTW-SE/benchmark_multi_island_v5/official_experiments/multistartlp/official/set_01_pt_02/logs/heur_mslp/gurobi/40R_40V_02I_05M/LR2_2_1_grb_genconfig_mslp_seed_126.log;random;40R_40V_02I_05M;1;0;1;/dados/rmelo/PDPTW-SE/benchmark_multi_island_v5/official_experiments/multistartlp/official/set_01_pt_02/../../../../instances/orig_ams_fg/40R_40V_02I_06M/t2/LR2_2_1/;60000;4554;0;11082.29;81;41;H;50;95;0;100.0;30.0;true;0.95;100.0;1.0;1.0;1.0;1.0;60;M;60000;60000;false;80;0.89;178.29;1.0;40;10;1000000;-1;3600;6.76;0.61;0.88;mslp;heur;0.21;0.64;-1;3600;60000;I;40;1.0;0.12;LR2_2_1;0;/dados/rmelo/PDPTW-SE/benchmark_multi_island_v5/official_experiments/multistartlp/official/set_01_pt_02/logs;0;0;0;0.0;100.0;1;126;/dados/rmelo/PDPTW-SE/benchmark_multi_island_v5/official_experiments/multistartlp/official/set_01_pt_02/logs/heur_mslp/solutions/40R_40V_02I_05M/LR2_2_1_sol_genconfig_mslp_seed_126.txt;Gurobi;AUTOMATIC;18.34;_bash_2;_seed_126;4055.91;1;78.52;/dados/rmelo/PDPTW-SE/benchmark_multi_island_v5/official_experiments/multistartlp/official/set_01_pt_02/logs/heur_mslp/timelines/40R_40V_02I_05M/LR2_2_1_timeline_genconfig_mslp_seed_126.txt;1011.64;t2;0;7743.87;false
0.05;0.0;0.01;0.01;0.04;0.25;8;/dados/rmelo/PDPTW-SE/benchmark_multi_island_v5/official_experiments/multistartlp/official/set_01_pt_02/logs/heur_mslp/outputs/csvresults_heur_mslp_bash_2.csv;0;6;1;82;0;0.0;0.5;true;42;2;LR2_2_1_t2_40R_40V_02I_06M;/dados/rmelo/PDPTW-SE/benchmark_multi_island_v5/official_experiments/multistartlp/official/set_01_pt_02/configs/genconfig_mslp.conf;genconfig_mslp;/dados/rmelo/PDPTW-SE/benchmark_multi_island_v5/official_experiments/multistartlp/official/set_01_pt_02/logs/heur_mslp/gurobi/40R_40V_02I_06M/LR2_2_1_grb_genconfig_mslp_seed_126.log;random;40R_40V_02I_06M;1;0;1;/dados/rmelo/PDPTW-SE/benchmark_multi_island_v5/official_experiments/multistartlp/official/set_01_pt_02/../../../../instances/orig_ams_fg/40R_40V_02I_06M/t2/LR2_2_1/;60000;4554;0;11082.29;81;41;H;50;95;0;100.0;30.0;true;0.95;100.0;1.0;1.0;1.0;1.0;60;M;60000;60000;false;80;0.89;177.78;1.0;40;10;1000000;-1;3600;7.07;0.61;0.88;mslp;heur;0.21;0.64;-1;3600;60000;I;40;1.0;0.12;LR2_2_1;0;/dados/rmelo/PDPTW-SE/benchmark_multi_island_v5/official_experiments/multistartlp/official/set_01_pt_02/logs;0;0;0;0.0;100.0;1;126;/dados/rmelo/PDPTW-SE/benchmark_multi_island_v5/official_experiments/multistartlp/official/set_01_pt_02/logs/heur_mslp/solutions/40R_40V_02I_06M/LR2_2_1_sol_genconfig_mslp_seed_126.txt;Gurobi;AUTOMATIC;18.03;_bash_2;_seed_126;4241.25;1;83.8;/dados/rmelo/PDPTW-SE/benchmark_multi_island_v5/official_experiments/multistartlp/official/set_01_pt_02/logs/heur_mslp/timelines/40R_40V_02I_06M/LR2_2_1_timeline_genconfig_mslp_seed_126.txt;1092.99;t2;0;7742.21;false
0.05;0.01;0.02;0.02;0.0;0.25;11;/dados/rmelo/PDPTW-SE/benchmark_multi_island_v5/official_experiments/multistartlp/official/set_01_pt_02/logs/heur_mslp/outputs/csvresults_heur_mslp_bash_2.csv;0;5;1;82;0;0.0;0.5;true;42;2;LR2_2_2_t2_40R_40V_02I_05M;/dados/rmelo/PDPTW-SE/benchmark_multi_island_v5/official_experiments/multistartlp/official/set_01_pt_02/configs/genconfig_mslp.conf;genconfig_mslp;/dados/rmelo/PDPTW-SE/benchmark_multi_island_v5/official_experiments/multistartlp/official/set_01_pt_02/logs/heur_mslp/gurobi/40R_40V_02I_05M/LR2_2_2_grb_genconfig_mslp_seed_126.log;random;40R_40V_02I_05M;1;0;1;/dados/rmelo/PDPTW-SE/benchmark_multi_island_v5/official_experiments/multistartlp/official/set_01_pt_02/../../../../instances/orig_ams_fg/40R_40V_02I_06M/t2/LR2_2_2/;60000;57828;0;9522.53;81;41;H;50;95;0;100.0;30.0;true;0.95;100.0;1.0;1.0;1.0;1.0;60;M;60000;60000;false;80;0.81;177.14;0.98;40;10;1000000;-1;3600;7.35;0.65;0.85;mslp;heur;0.25;0.56;-1;3600;60000;I;40;1.0;0.1;LR2_2_2;0;/dados/rmelo/PDPTW-SE/benchmark_multi_island_v5/official_experiments/multistartlp/official/set_01_pt_02/logs;0;0;0;0.0;100.0;1;126;/dados/rmelo/PDPTW-SE/benchmark_multi_island_v5/official_experiments/multistartlp/official/set_01_pt_02/logs/heur_mslp/solutions/40R_40V_02I_05M/LR2_2_2_sol_genconfig_mslp_seed_126.txt;Gurobi;AUTOMATIC;18.41;_bash_2;_seed_126;4408.96;1;1251.62;/dados/rmelo/PDPTW-SE/benchmark_multi_island_v5/official_experiments/multistartlp/official/set_01_pt_02/logs/heur_mslp/timelines/40R_40V_02I_05M/LR2_2_2_timeline_genconfig_mslp_seed_126.txt;1298.27;t2;0;6554.36;false
0.05;0.01;0.02;0.02;0.04;0.12;9;/dados/rmelo/PDPTW-SE/benchmark_multi_island_v5/official_experiments/multistartlp/official/set_01_pt_02/logs/heur_mslp/outputs/csvresults_heur_mslp_bash_2.csv;0;6;1;82;0;0.0;0.5;true;42;2;LR2_2_2_t2_40R_40V_02I_06M;/dados/rmelo/PDPTW-SE/benchmark_multi_island_v5/official_experiments/multistartlp/official/set_01_pt_02/configs/genconfig_mslp.conf;genconfig_mslp;/dados/rmelo/PDPTW-SE/benchmark_multi_island_v5/official_experiments/multistartlp/official/set_01_pt_02/logs/heur_mslp/gurobi/40R_40V_02I_06M/LR2_2_2_grb_genconfig_mslp_seed_126.log;random;40R_40V_02I_06M;1;0;1;/dados/rmelo/PDPTW-SE/benchmark_multi_island_v5/official_experiments/multistartlp/official/set_01_pt_02/../../../../instances/orig_ams_fg/40R_40V_02I_06M/t2/LR2_2_2/;60000;5826;0;9517.32;81;41;H;50;95;0;100.0;30.0;true;0.95;100.0;1.0;1.0;1.0;1.0;60;M;60000;60000;false;80;0.82;177.14;0.98;40;10;1000000;-1;3600;7.62;0.65;0.88;mslp;heur;0.44;0.74;-1;3600;60000;I;40;0.67;0.1;LR2_2_2;0;/dados/rmelo/PDPTW-SE/benchmark_multi_island_v5/official_experiments/multistartlp/official/set_01_pt_02/logs;0;0;0;0.0;100.0;1;126;/dados/rmelo/PDPTW-SE/benchmark_multi_island_v5/official_experiments/multistartlp/official/set_01_pt_02/logs/heur_mslp/solutions/40R_40V_02I_06M/LR2_2_2_sol_genconfig_mslp_seed_126.txt;Gurobi;AUTOMATIC;18.17;_bash_2;_seed_126;4572.84;1;138.5;/dados/rmelo/PDPTW-SE/benchmark_multi_island_v5/official_experiments/multistartlp/official/set_01_pt_02/logs/heur_mslp/timelines/40R_40V_02I_06M/LR2_2_2_timeline_genconfig_mslp_seed_126.txt;1422.88;t2;0;6614.58;false
0.05;0.0;0.02;0.02;0.0;0.02;8;/dados/rmelo/PDPTW-SE/benchmark_multi_island_v5/official_experiments/multistartlp/official/set_01_pt_02/logs/heur_mslp/outputs/csvresults_heur_mslp_bash_2.csv;0;5;1;82;0;0.0;0.5;true;42;2;LR2_2_3_t2_40R_40V_02I_05M;/dados/rmelo/PDPTW-SE/benchmark_multi_island_v5/official_experiments/multistartlp/official/set_01_pt_02/configs/genconfig_mslp.conf;genconfig_mslp;/dados/rmelo/PDPTW-SE/benchmark_multi_island_v5/official_experiments/multistartlp/official/set_01_pt_02/logs/heur_mslp/gurobi/40R_40V_02I_05M/LR2_2_3_grb_genconfig_mslp_seed_126.log;random;40R_40V_02I_05M;1;0;1;/dados/rmelo/PDPTW-SE/benchmark_multi_island_v5/official_experiments/multistartlp/official/set_01_pt_02/../../../../instances/orig_ams_fg/40R_40V_02I_06M/t2/LR2_2_3/;60000;21302;0;7798.36;81;41;H;50;95;0;100.0;30.0;true;0.95;100.0;1.0;1.0;1.0;1.0;60;M;60000;60000;false;72;0.83;183.89;1.0;36;10;1000000;-1;3600;3.83;0.76;0.97;mslp;heur;0.67;0.93;-1;3600;60000;I;40;0.6;0.08;LR2_2_3;0;/dados/rmelo/PDPTW-SE/benchmark_multi_island_v5/official_experiments/multistartlp/official/set_01_pt_02/logs;0;0;0;0.0;100.0;1;126;/dados/rmelo/PDPTW-SE/benchmark_multi_island_v5/official_experiments/multistartlp/official/set_01_pt_02/logs/heur_mslp/solutions/40R_40V_02I_05M/LR2_2_3_sol_genconfig_mslp_seed_126.txt;Gurobi;AUTOMATIC;18.2;_bash_2;_seed_126;2300.2;1;654.74;/dados/rmelo/PDPTW-SE/benchmark_multi_island_v5/official_experiments/multistartlp/official/set_01_pt_02/logs/heur_mslp/timelines/40R_40V_02I_05M/LR2_2_3_timeline_genconfig_mslp_seed_126.txt;1842.33;t2;0;5767.04;false
0.05;0.01;0.02;0.03;0.03;0.05;6;/dados/rmelo/PDPTW-SE/benchmark_multi_island_v5/official_experiments/multistartlp/official/set_01_pt_02/logs/heur_mslp/outputs/csvresults_heur_mslp_bash_2.csv;0;6;1;82;0;0.0;0.5;true;42;2;LR2_2_3_t2_40R_40V_02I_06M;/dados/rmelo/PDPTW-SE/benchmark_multi_island_v5/official_experiments/multistartlp/official/set_01_pt_02/configs/genconfig_mslp.conf;genconfig_mslp;/dados/rmelo/PDPTW-SE/benchmark_multi_island_v5/official_experiments/multistartlp/official/set_01_pt_02/logs/heur_mslp/gurobi/40R_40V_02I_06M/LR2_2_3_grb_genconfig_mslp_seed_126.log;random;40R_40V_02I_06M;1;0;1;/dados/rmelo/PDPTW-SE/benchmark_multi_island_v5/official_experiments/multistartlp/official/set_01_pt_02/../../../../instances/orig_ams_fg/40R_40V_02I_06M/t2/LR2_2_3/;60000;13285;0;8287.82;81;41;H;50;95;0;100.0;30.0;true;0.95;100.0;1.0;1.0;1.0;1.0;60;M;60000;60000;false;72;0.78;183.89;1.0;36;10;1000000;-1;3600;4.01;0.71;0.97;mslp;heur;0.58;0.93;-1;3600;60000;I;40;0.5;0.08;LR2_2_3;0;/dados/rmelo/PDPTW-SE/benchmark_multi_island_v5/official_experiments/multistartlp/official/set_01_pt_02/logs;0;0;0;0.0;100.0;1;126;/dados/rmelo/PDPTW-SE/benchmark_multi_island_v5/official_experiments/multistartlp/official/set_01_pt_02/logs/heur_mslp/solutions/40R_40V_02I_06M/LR2_2_3_sol_genconfig_mslp_seed_126.txt;Gurobi;AUTOMATIC;17.98;_bash_2;_seed_126;2407.26;1;433.16;/dados/rmelo/PDPTW-SE/benchmark_multi_island_v5/official_experiments/multistartlp/official/set_01_pt_02/logs/heur_mslp/timelines/40R_40V_02I_06M/LR2_2_3_timeline_genconfig_mslp_seed_126.txt;1951.95;t2;0;5409.31;false
0.05;0.0;0.01;0.01;0.0;0.0;12;/dados/rmelo/PDPTW-SE/benchmark_multi_island_v5/official_experiments/multistartlp/official/set_01_pt_02/logs/heur_mslp/outputs/csvresults_heur_mslp_bash_2.csv;0;5;1;82;0;0.0;0.5;true;42;2;LR2_2_4_t2_40R_40V_02I_05M;/dados/rmelo/PDPTW-SE/benchmark_multi_island_v5/official_experiments/multistartlp/official/set_01_pt_02/configs/genconfig_mslp.conf;genconfig_mslp;/dados/rmelo/PDPTW-SE/benchmark_multi_island_v5/official_experiments/multistartlp/official/set_01_pt_02/logs/heur_mslp/gurobi/40R_40V_02I_05M/LR2_2_4_grb_genconfig_mslp_seed_126.log;random;40R_40V_02I_05M;1;0;1;/dados/rmelo/PDPTW-SE/benchmark_multi_island_v5/official_experiments/multistartlp/official/set_01_pt_02/../../../../instances/orig_ams_fg/40R_40V_02I_06M/t2/LR2_2_4/;60000;25645;0;4830.36;81;41;H;50;95;0;100.0;30.0;true;0.95;100.0;1.0;1.0;1.0;1.0;60;M;59083;60000;false;78;0.9;166.17;0.97;39;10;1000000;-1;3600;1.83;0.54;0.92;mslp;heur;0.24;0.88;-1;3600;60000;I;40;0.4;0.08;LR2_2_4;0;/dados/rmelo/PDPTW-SE/benchmark_multi_island_v5/official_experiments/multistartlp/official/set_01_pt_02/logs;0;0;0;0.0;98.47;1;126;/dados/rmelo/PDPTW-SE/benchmark_multi_island_v5/official_experiments/multistartlp/official/set_01_pt_02/logs/heur_mslp/solutions/40R_40V_02I_05M/LR2_2_4_sol_genconfig_mslp_seed_126.txt;Gurobi;AUTOMATIC;18.05;_bash_2;_seed_126;1098.51;1;1344.87;/dados/rmelo/PDPTW-SE/benchmark_multi_island_v5/official_experiments/multistartlp/official/set_01_pt_02/logs/heur_mslp/timelines/40R_40V_02I_05M/LR2_2_4_timeline_genconfig_mslp_seed_126.txt;3146.8;t2;0;4079.69;false
0.05;0.0;0.01;0.01;0.0;0.0;13;/dados/rmelo/PDPTW-SE/benchmark_multi_island_v5/official_experiments/multistartlp/official/set_01_pt_02/logs/heur_mslp/outputs/csvresults_heur_mslp_bash_2.csv;0;6;1;82;0;0.0;0.5;true;42;2;LR2_2_4_t2_40R_40V_02I_06M;/dados/rmelo/PDPTW-SE/benchmark_multi_island_v5/official_experiments/multistartlp/official/set_01_pt_02/configs/genconfig_mslp.conf;genconfig_mslp;/dados/rmelo/PDPTW-SE/benchmark_multi_island_v5/official_experiments/multistartlp/official/set_01_pt_02/logs/heur_mslp/gurobi/40R_40V_02I_06M/LR2_2_4_grb_genconfig_mslp_seed_126.log;random;40R_40V_02I_06M;1;0;1;/dados/rmelo/PDPTW-SE/benchmark_multi_island_v5/official_experiments/multistartlp/official/set_01_pt_02/../../../../instances/orig_ams_fg/40R_40V_02I_06M/t2/LR2_2_4/;60000;25645;0;4830.36;81;41;H;50;95;0;100.0;30.0;true;0.95;100.0;1.0;1.0;1.0;1.0;60;M;59085;60000;false;78;0.9;166.17;0.97;39;10;1000000;-1;3600;1.83;0.54;0.92;mslp;heur;0.24;0.88;-1;3600;60000;I;40;0.33;0.08;LR2_2_4;0;/dados/rmelo/PDPTW-SE/benchmark_multi_island_v5/official_experiments/multistartlp/official/set_01_pt_02/logs;0;0;0;0.0;98.48;1;126;/dados/rmelo/PDPTW-SE/benchmark_multi_island_v5/official_experiments/multistartlp/official/set_01_pt_02/logs/heur_mslp/solutions/40R_40V_02I_06M/LR2_2_4_sol_genconfig_mslp_seed_126.txt;Gurobi;AUTOMATIC;18.05;_bash_2;_seed_126;1098.5;1;1422.6;/dados/rmelo/PDPTW-SE/benchmark_multi_island_v5/official_experiments/multistartlp/official/set_01_pt_02/logs/heur_mslp/timelines/40R_40V_02I_06M/LR2_2_4_timeline_genconfig_mslp_seed_126.txt;3327.85;t2;0;4079.69;false
0.05;0.01;0.03;0.04;0.06;0.13;14;/dados/rmelo/PDPTW-SE/benchmark_multi_island_v5/official_experiments/multistartlp/official/set_01_pt_02/logs/heur_mslp/outputs/csvresults_heur_mslp_bash_2.csv;0;5;1;82;0;0.0;0.5;true;42;2;LR2_2_5_t2_40R_40V_02I_05M;/dados/rmelo/PDPTW-SE/benchmark_multi_island_v5/official_experiments/multistartlp/official/set_01_pt_02/configs/genconfig_mslp.conf;genconfig_mslp;/dados/rmelo/PDPTW-SE/benchmark_multi_island_v5/official_experiments/multistartlp/official/set_01_pt_02/logs/heur_mslp/gurobi/40R_40V_02I_05M/LR2_2_5_grb_genconfig_mslp_seed_126.log;random;40R_40V_02I_05M;1;0;1;/dados/rmelo/PDPTW-SE/benchmark_multi_island_v5/official_experiments/multistartlp/official/set_01_pt_02/../../../../instances/orig_ams_fg/40R_40V_02I_06M/t2/LR2_2_5/;60000;55175;0;11053.06;81;41;H;50;95;0;100.0;30.0;true;0.95;100.0;1.0;1.0;1.0;1.0;60;M;60000;60000;false;80;0.86;178.56;1.0;40;10;1000000;-1;3600;9.77;0.75;0.99;mslp;heur;0.65;0.98;-1;3600;60000;I;40;1.0;0.1;LR2_2_5;0;/dados/rmelo/PDPTW-SE/benchmark_multi_island_v5/official_experiments/multistartlp/official/set_01_pt_02/logs;0;0;0;0.0;100.0;1;126;/dados/rmelo/PDPTW-SE/benchmark_multi_island_v5/official_experiments/multistartlp/official/set_01_pt_02/logs/heur_mslp/solutions/40R_40V_02I_05M/LR2_2_5_sol_genconfig_mslp_seed_126.txt;Gurobi;AUTOMATIC;18.15;_bash_2;_seed_126;5864.02;1;1076.28;/dados/rmelo/PDPTW-SE/benchmark_multi_island_v5/official_experiments/multistartlp/official/set_01_pt_02/logs/heur_mslp/timelines/40R_40V_02I_05M/LR2_2_5_timeline_genconfig_mslp_seed_126.txt;1169.65;t2;0;7618.43;false
0.05;0.01;0.03;0.04;0.06;0.13;14;/dados/rmelo/PDPTW-SE/benchmark_multi_island_v5/official_experiments/multistartlp/official/set_01_pt_02/logs/heur_mslp/outputs/csvresults_heur_mslp_bash_2.csv;0;6;1;82;0;0.0;0.5;true;42;2;LR2_2_5_t2_40R_40V_02I_06M;/dados/rmelo/PDPTW-SE/benchmark_multi_island_v5/official_experiments/multistartlp/official/set_01_pt_02/configs/genconfig_mslp.conf;genconfig_mslp;/dados/rmelo/PDPTW-SE/benchmark_multi_island_v5/official_experiments/multistartlp/official/set_01_pt_02/logs/heur_mslp/gurobi/40R_40V_02I_06M/LR2_2_5_grb_genconfig_mslp_seed_126.log;random;40R_40V_02I_06M;1;0;1;/dados/rmelo/PDPTW-SE/benchmark_multi_island_v5/official_experiments/multistartlp/official/set_01_pt_02/../../../../instances/orig_ams_fg/40R_40V_02I_06M/t2/LR2_2_5/;60000;55175;0;11053.06;81;41;H;50;95;0;100.0;30.0;true;0.95;100.0;1.0;1.0;1.0;1.0;60;M;60000;60000;false;80;0.86;178.56;1.0;40;10;1000000;-1;3600;9.77;0.75;0.99;mslp;heur;0.65;0.98;-1;3600;60000;I;40;0.83;0.1;LR2_2_5;0;/dados/rmelo/PDPTW-SE/benchmark_multi_island_v5/official_experiments/multistartlp/official/set_01_pt_02/logs;0;0;0;0.0;100.0;1;126;/dados/rmelo/PDPTW-SE/benchmark_multi_island_v5/official_experiments/multistartlp/official/set_01_pt_02/logs/heur_mslp/solutions/40R_40V_02I_06M/LR2_2_5_sol_genconfig_mslp_seed_126.txt;Gurobi;AUTOMATIC;18.36;_bash_2;_seed_126;5864.12;1;1156.27;/dados/rmelo/PDPTW-SE/benchmark_multi_island_v5/official_experiments/multistartlp/official/set_01_pt_02/logs/heur_mslp/timelines/40R_40V_02I_06M/LR2_2_5_timeline_genconfig_mslp_seed_126.txt;1256.58;t2;0;7618.43;false
0.05;0.08;0.16;0.24;0.04;0.43;0;/dados/rmelo/PDPTW-SE/benchmark_multi_island_v5/official_experiments/multistartlp/official/set_01_pt_02/logs/heur_mslp/outputs/csvresults_heur_mslp_bash_2.csv;0;5;1;82;0;0.0;0.5;false;42;2;LR1_2_1_t1_40R_40V_04I_05M;/dados/rmelo/PDPTW-SE/benchmark_multi_island_v5/official_experiments/multistartlp/official/set_01_pt_02/configs/genconfig_mslp.conf;genconfig_mslp;/dados/rmelo/PDPTW-SE/benchmark_multi_island_v5/official_experiments/multistartlp/official/set_01_pt_02/logs/heur_mslp/gurobi/40R_40V_04I_05M/LR1_2_1_grb_genconfig_mslp_seed_126.log;random;40R_40V_04I_05M;1;60000;1;/dados/rmelo/PDPTW-SE/benchmark_multi_island_v5/official_experiments/multistartlp/official/set_01_pt_02/../../../../instances/orig_ams_fg/40R_40V_04I_06M/t1/LR1_2_1/;60000;0;0;0.0;81;41;H;50;95;0;100.0;30.0;true;0.95;100.0;1.0;1.0;1.0;1.0;60;M;0;0;false;78;0.97;183.87;0.91;39;10;1000000;-1;3600;0.0;0.76;0.47;mslp;heur;0.6;0.13;-1;3600;60000;I;40;1.0;0.25;LR1_2_1;0;/dados/rmelo/PDPTW-SE/benchmark_multi_island_v5/official_experiments/multistartlp/official/set_01_pt_02/logs;0;0;0;100.0;0.0;1;126;/dados/rmelo/PDPTW-SE/benchmark_multi_island_v5/official_experiments/multistartlp/official/set_01_pt_02/logs/heur_mslp/solutions/40R_40V_04I_05M/LR1_2_1_sol_genconfig_mslp_seed_126.txt;Gurobi;AUTOMATIC;18.31;_bash_2;_seed_126;0.0;1;0.0;/dados/rmelo/PDPTW-SE/benchmark_multi_island_v5/official_experiments/multistartlp/official/set_01_pt_02/logs/heur_mslp/timelines/40R_40V_04I_05M/LR1_2_1_timeline_genconfig_mslp_seed_126.txt;112.09;t1;0;Inf;false
0.05;0.15;0.21;0.36;0.03;0.29;5;/dados/rmelo/PDPTW-SE/benchmark_multi_island_v5/official_experiments/multistartlp/official/set_01_pt_02/logs/heur_mslp/outputs/csvresults_heur_mslp_bash_2.csv;0;6;1;82;0;0.0;0.5;true;42;2;LR1_2_1_t1_40R_40V_04I_06M;/dados/rmelo/PDPTW-SE/benchmark_multi_island_v5/official_experiments/multistartlp/official/set_01_pt_02/configs/genconfig_mslp.conf;genconfig_mslp;/dados/rmelo/PDPTW-SE/benchmark_multi_island_v5/official_experiments/multistartlp/official/set_01_pt_02/logs/heur_mslp/gurobi/40R_40V_04I_06M/LR1_2_1_grb_genconfig_mslp_seed_126.log;random;40R_40V_04I_06M;1;59981;1;/dados/rmelo/PDPTW-SE/benchmark_multi_island_v5/official_experiments/multistartlp/official/set_01_pt_02/../../../../instances/orig_ams_fg/40R_40V_04I_06M/t1/LR1_2_1/;60000;49833;0;9165.1;81;41;H;50;95;0;100.0;30.0;true;0.95;100.0;1.0;1.0;1.0;1.0;60;M;19;19;false;78;0.96;183.87;0.94;39;10;1000000;-1;3600;8.09;0.75;0.58;mslp;heur;0.49;0.13;-1;3600;60000;I;40;1.0;0.38;LR1_2_1;0;/dados/rmelo/PDPTW-SE/benchmark_multi_island_v5/official_experiments/multistartlp/official/set_01_pt_02/logs;0;0;0;99.97;100.0;1;126;/dados/rmelo/PDPTW-SE/benchmark_multi_island_v5/official_experiments/multistartlp/official/set_01_pt_02/logs/heur_mslp/solutions/40R_40V_04I_06M/LR1_2_1_sol_genconfig_mslp_seed_126.txt;Gurobi;AUTOMATIC;18.0;_bash_2;_seed_126;1.54;1;141.36;/dados/rmelo/PDPTW-SE/benchmark_multi_island_v5/official_experiments/multistartlp/official/set_01_pt_02/logs/heur_mslp/timelines/40R_40V_04I_06M/LR1_2_1_timeline_genconfig_mslp_seed_126.txt;169.98;t1;0;7259.85;false
0.05;0.08;0.16;0.23;0.04;0.36;0;/dados/rmelo/PDPTW-SE/benchmark_multi_island_v5/official_experiments/multistartlp/official/set_01_pt_02/logs/heur_mslp/outputs/csvresults_heur_mslp_bash_2.csv;0;5;1;82;0;0.0;0.5;false;42;2;LR1_2_2_t1_40R_40V_04I_05M;/dados/rmelo/PDPTW-SE/benchmark_multi_island_v5/official_experiments/multistartlp/official/set_01_pt_02/configs/genconfig_mslp.conf;genconfig_mslp;/dados/rmelo/PDPTW-SE/benchmark_multi_island_v5/official_experiments/multistartlp/official/set_01_pt_02/logs/heur_mslp/gurobi/40R_40V_04I_05M/LR1_2_2_grb_genconfig_mslp_seed_126.log;random;40R_40V_04I_05M;1;60000;1;/dados/rmelo/PDPTW-SE/benchmark_multi_island_v5/official_experiments/multistartlp/official/set_01_pt_02/../../../../instances/orig_ams_fg/40R_40V_04I_06M/t1/LR1_2_2/;60000;0;0;0.0;81;41;H;50;95;0;100.0;30.0;true;0.95;100.0;1.0;1.0;1.0;1.0;60;M;0;0;false;78;0.86;181.11;0.91;39;10;1000000;-1;3600;0.0;0.68;0.48;mslp;heur;0.36;0.1;-1;3600;60000;I;40;1.0;0.25;LR1_2_2;0;/dados/rmelo/PDPTW-SE/benchmark_multi_island_v5/official_experiments/multistartlp/official/set_01_pt_02/logs;0;0;0;100.0;0.0;1;126;/dados/rmelo/PDPTW-SE/benchmark_multi_island_v5/official_experiments/multistartlp/official/set_01_pt_02/logs/heur_mslp/solutions/40R_40V_04I_05M/LR1_2_2_sol_genconfig_mslp_seed_126.txt;Gurobi;AUTOMATIC;17.97;_bash_2;_seed_126;0.0;1;0.0;/dados/rmelo/PDPTW-SE/benchmark_multi_island_v5/official_experiments/multistartlp/official/set_01_pt_02/logs/heur_mslp/timelines/40R_40V_04I_05M/LR1_2_2_timeline_genconfig_mslp_seed_126.txt;123.6;t1;0;Inf;false
0.05;0.16;0.21;0.37;0.0;0.15;2;/dados/rmelo/PDPTW-SE/benchmark_multi_island_v5/official_experiments/multistartlp/official/set_01_pt_02/logs/heur_mslp/outputs/csvresults_heur_mslp_bash_2.csv;0;6;1;82;0;0.0;0.5;true;42;2;LR1_2_2_t1_40R_40V_04I_06M;/dados/rmelo/PDPTW-SE/benchmark_multi_island_v5/official_experiments/multistartlp/official/set_01_pt_02/configs/genconfig_mslp.conf;genconfig_mslp;/dados/rmelo/PDPTW-SE/benchmark_multi_island_v5/official_experiments/multistartlp/official/set_01_pt_02/logs/heur_mslp/gurobi/40R_40V_04I_06M/LR1_2_2_grb_genconfig_mslp_seed_126.log;random;40R_40V_04I_06M;1;59995;1;/dados/rmelo/PDPTW-SE/benchmark_multi_island_v5/official_experiments/multistartlp/official/set_01_pt_02/../../../../instances/orig_ams_fg/40R_40V_04I_06M/t1/LR1_2_2/;60000;16903;0;7206.78;81;41;H;50;95;0;100.0;30.0;true;0.95;100.0;1.0;1.0;1.0;1.0;60;M;5;5;false;78;0.91;181.11;0.96;39;10;1000000;-1;3600;8.23;0.67;0.61;mslp;heur;0.36;0.25;-1;3600;60000;I;40;1.0;0.38;LR1_2_2;0;/dados/rmelo/PDPTW-SE/benchmark_multi_island_v5/official_experiments/multistartlp/official/set_01_pt_02/logs;0;0;0;99.99;100.0;1;126;/dados/rmelo/PDPTW-SE/benchmark_multi_island_v5/official_experiments/multistartlp/official/set_01_pt_02/logs/heur_mslp/solutions/40R_40V_04I_06M/LR1_2_2_sol_genconfig_mslp_seed_126.txt;Gurobi;AUTOMATIC;18.02;_bash_2;_seed_126;0.41;1;46.42;/dados/rmelo/PDPTW-SE/benchmark_multi_island_v5/official_experiments/multistartlp/official/set_01_pt_02/logs/heur_mslp/timelines/40R_40V_04I_06M/LR1_2_2_timeline_genconfig_mslp_seed_126.txt;162.87;t1;0;6382.78;false
0.05;0.07;0.18;0.25;0.02;0.12;2;/dados/rmelo/PDPTW-SE/benchmark_multi_island_v5/official_experiments/multistartlp/official/set_01_pt_02/logs/heur_mslp/outputs/csvresults_heur_mslp_bash_2.csv;0;5;1;82;0;0.0;0.5;true;42;2;LR1_2_3_t1_40R_40V_04I_05M;/dados/rmelo/PDPTW-SE/benchmark_multi_island_v5/official_experiments/multistartlp/official/set_01_pt_02/configs/genconfig_mslp.conf;genconfig_mslp;/dados/rmelo/PDPTW-SE/benchmark_multi_island_v5/official_experiments/multistartlp/official/set_01_pt_02/logs/heur_mslp/gurobi/40R_40V_04I_05M/LR1_2_3_grb_genconfig_mslp_seed_126.log;random;40R_40V_04I_05M;1;59650;1;/dados/rmelo/PDPTW-SE/benchmark_multi_island_v5/official_experiments/multistartlp/official/set_01_pt_02/../../../../instances/orig_ams_fg/40R_40V_04I_06M/t1/LR1_2_3/;60000;1626;0;6180.55;81;41;H;50;95;0;100.0;30.0;true;0.95;100.0;1.0;1.0;1.0;1.0;60;M;350;350;false;86;0.97;184.4;0.98;43;10;1000000;-1;3600;6.05;0.73;0.66;mslp;heur;0.61;0.37;-1;3600;60000;I;40;1.0;0.25;LR1_2_3;0;/dados/rmelo/PDPTW-SE/benchmark_multi_island_v5/official_experiments/multistartlp/official/set_01_pt_02/logs;0;0;0;99.42;100.0;1;126;/dados/rmelo/PDPTW-SE/benchmark_multi_island_v5/official_experiments/multistartlp/official/set_01_pt_02/logs/heur_mslp/solutions/40R_40V_04I_05M/LR1_2_3_sol_genconfig_mslp_seed_126.txt;Gurobi;AUTOMATIC;17.98;_bash_2;_seed_126;21.18;1;7.92;/dados/rmelo/PDPTW-SE/benchmark_multi_island_v5/official_experiments/multistartlp/official/set_01_pt_02/logs/heur_mslp/timelines/40R_40V_04I_05M/LR1_2_3_timeline_genconfig_mslp_seed_126.txt;275.6;t1;0;4656.86;false
0.05;0.08;0.18;0.26;0.02;0.07;9;/dados/rmelo/PDPTW-SE/benchmark_multi_island_v5/official_experiments/multistartlp/official/set_01_pt_02/logs/heur_mslp/outputs/csvresults_heur_mslp_bash_2.csv;0;6;1;82;0;0.0;0.5;true;42;2;LR1_2_3_t1_40R_40V_04I_06M;/dados/rmelo/PDPTW-SE/benchmark_multi_island_v5/official_experiments/multistartlp/official/set_01_pt_02/configs/genconfig_mslp.conf;genconfig_mslp;/dados/rmelo/PDPTW-SE/benchmark_multi_island_v5/official_experiments/multistartlp/official/set_01_pt_02/logs/heur_mslp/gurobi/40R_40V_04I_06M/LR1_2_3_grb_genconfig_mslp_seed_126.log;random;40R_40V_04I_06M;1;58619;1;/dados/rmelo/PDPTW-SE/benchmark_multi_island_v5/official_experiments/multistartlp/official/set_01_pt_02/../../../../instances/orig_ams_fg/40R_40V_04I_06M/t1/LR1_2_3/;60000;17957;0;6093.73;81;41;H;50;95;0;100.0;30.0;true;0.95;100.0;1.0;1.0;1.0;1.0;60;M;1381;1381;false;86;0.9;184.2;1.0;43;10;1000000;-1;3600;5.24;0.67;0.61;mslp;heur;0.15;0.18;-1;3600;60000;I;40;1.0;0.28;LR1_2_3;0;/dados/rmelo/PDPTW-SE/benchmark_multi_island_v5/official_experiments/multistartlp/official/set_01_pt_02/logs;0;0;0;97.7;100.0;1;126;/dados/rmelo/PDPTW-SE/benchmark_multi_island_v5/official_experiments/multistartlp/official/set_01_pt_02/logs/heur_mslp/solutions/40R_40V_04I_06M/LR1_2_3_sol_genconfig_mslp_seed_126.txt;Gurobi;AUTOMATIC;17.93;_bash_2;_seed_126;72.39;1;106.1;/dados/rmelo/PDPTW-SE/benchmark_multi_island_v5/official_experiments/multistartlp/official/set_01_pt_02/logs/heur_mslp/timelines/40R_40V_04I_06M/LR1_2_3_timeline_genconfig_mslp_seed_126.txt;355.82;t1;0;4637.76;false
0.05;0.08;0.14;0.22;0.0;0.04;13;/dados/rmelo/PDPTW-SE/benchmark_multi_island_v5/official_experiments/multistartlp/official/set_01_pt_02/logs/heur_mslp/outputs/csvresults_heur_mslp_bash_2.csv;0;5;1;82;0;0.0;0.5;true;42;2;LR1_2_4_t1_40R_40V_04I_05M;/dados/rmelo/PDPTW-SE/benchmark_multi_island_v5/official_experiments/multistartlp/official/set_01_pt_02/configs/genconfig_mslp.conf;genconfig_mslp;/dados/rmelo/PDPTW-SE/benchmark_multi_island_v5/official_experiments/multistartlp/official/set_01_pt_02/logs/heur_mslp/gurobi/40R_40V_04I_05M/LR1_2_4_grb_genconfig_mslp_seed_126.log;random;40R_40V_04I_05M;1;53040;1;/dados/rmelo/PDPTW-SE/benchmark_multi_island_v5/official_experiments/multistartlp/official/set_01_pt_02/../../../../instances/orig_ams_fg/40R_40V_04I_06M/t1/LR1_2_4/;60000;58709;0;4880.68;81;41;H;50;95;0;100.0;30.0;true;0.95;100.0;1.0;1.0;1.0;1.0;60;M;6960;6960;false;86;0.95;182.11;0.93;43;10;1000000;-1;3600;3.69;0.81;0.67;mslp;heur;0.68;0.37;-1;3600;60000;I;40;1.0;0.18;LR1_2_4;0;/dados/rmelo/PDPTW-SE/benchmark_multi_island_v5/official_experiments/multistartlp/official/set_01_pt_02/logs;0;0;0;88.4;100.0;1;126;/dados/rmelo/PDPTW-SE/benchmark_multi_island_v5/official_experiments/multistartlp/official/set_01_pt_02/logs/heur_mslp/solutions/40R_40V_04I_05M/LR1_2_4_sol_genconfig_mslp_seed_126.txt;Gurobi;AUTOMATIC;18.14;_bash_2;_seed_126;257.07;1;707.14;/dados/rmelo/PDPTW-SE/benchmark_multi_island_v5/official_experiments/multistartlp/official/set_01_pt_02/logs/heur_mslp/timelines/40R_40V_04I_05M/LR1_2_4_timeline_genconfig_mslp_seed_126.txt;723.3;t1;0;3592.31;false
0.05;0.06;0.1;0.16;0.0;0.01;15;/dados/rmelo/PDPTW-SE/benchmark_multi_island_v5/official_experiments/multistartlp/official/set_01_pt_02/logs/heur_mslp/outputs/csvresults_heur_mslp_bash_2.csv;0;6;1;82;0;0.0;0.5;true;42;2;LR1_2_4_t1_40R_40V_04I_06M;/dados/rmelo/PDPTW-SE/benchmark_multi_island_v5/official_experiments/multistartlp/official/set_01_pt_02/configs/genconfig_mslp.conf;genconfig_mslp;/dados/rmelo/PDPTW-SE/benchmark_multi_island_v5/official_experiments/multistartlp/official/set_01_pt_02/logs/heur_mslp/gurobi/40R_40V_04I_06M/LR1_2_4_grb_genconfig_mslp_seed_126.log;random;40R_40V_04I_06M;1;47144;1;/dados/rmelo/PDPTW-SE/benchmark_multi_island_v5/official_experiments/multistartlp/official/set_01_pt_02/../../../../instances/orig_ams_fg/40R_40V_04I_06M/t1/LR1_2_4/;60000;31172;0;4781.71;81;41;H;50;95;0;100.0;30.0;true;0.95;100.0;1.0;1.0;1.0;1.0;60;M;12856;12856;false;86;0.95;181.5;0.97;43;10;1000000;-1;3600;3.15;0.84;0.65;mslp;heur;0.68;0.41;-1;3600;60000;I;40;1.0;0.18;LR1_2_4;0;/dados/rmelo/PDPTW-SE/benchmark_multi_island_v5/official_experiments/multistartlp/official/set_01_pt_02/logs;0;0;0;78.57;100.0;1;126;/dados/rmelo/PDPTW-SE/benchmark_multi_island_v5/official_experiments/multistartlp/official/set_01_pt_02/logs/heur_mslp/solutions/40R_40V_04I_06M/LR1_2_4_sol_genconfig_mslp_seed_126.txt;Gurobi;AUTOMATIC;17.86;_bash_2;_seed_126;405.52;1;468.16;/dados/rmelo/PDPTW-SE/benchmark_multi_island_v5/official_experiments/multistartlp/official/set_01_pt_02/logs/heur_mslp/timelines/40R_40V_04I_06M/LR1_2_4_timeline_genconfig_mslp_seed_126.txt;902.6;t1;0;3731.05;false
0.05;0.13;0.22;0.35;0.01;0.19;6;/dados/rmelo/PDPTW-SE/benchmark_multi_island_v5/official_experiments/multistartlp/official/set_01_pt_02/logs/heur_mslp/outputs/csvresults_heur_mslp_bash_2.csv;0;5;1;82;0;0.0;0.5;true;42;2;LR1_2_5_t1_40R_40V_04I_05M;/dados/rmelo/PDPTW-SE/benchmark_multi_island_v5/official_experiments/multistartlp/official/set_01_pt_02/configs/genconfig_mslp.conf;genconfig_mslp;/dados/rmelo/PDPTW-SE/benchmark_multi_island_v5/official_experiments/multistartlp/official/set_01_pt_02/logs/heur_mslp/gurobi/40R_40V_04I_05M/LR1_2_5_grb_genconfig_mslp_seed_126.log;random;40R_40V_04I_05M;1;59990;1;/dados/rmelo/PDPTW-SE/benchmark_multi_island_v5/official_experiments/multistartlp/official/set_01_pt_02/../../../../instances/orig_ams_fg/40R_40V_04I_06M/t1/LR1_2_5/;60000;55203;0;6556.8;81;41;H;50;95;0;100.0;30.0;true;0.95;100.0;1.0;1.0;1.0;1.0;60;M;10;10;false;86;0.94;181.84;1.0;43;10;1000000;-1;3600;10.55;0.7;0.55;mslp;heur;0.25;0.24;-1;3600;60000;I;40;1.0;0.32;LR1_2_5;0;/dados/rmelo/PDPTW-SE/benchmark_multi_island_v5/official_experiments/multistartlp/official/set_01_pt_02/logs;0;0;0;99.98;100.0;1;126;/dados/rmelo/PDPTW-SE/benchmark_multi_island_v5/official_experiments/multistartlp/official/set_01_pt_02/logs/heur_mslp/solutions/40R_40V_04I_05M/LR1_2_5_sol_genconfig_mslp_seed_126.txt;Gurobi;AUTOMATIC;18.05;_bash_2;_seed_126;1.06;1;194.85;/dados/rmelo/PDPTW-SE/benchmark_multi_island_v5/official_experiments/multistartlp/official/set_01_pt_02/logs/heur_mslp/timelines/40R_40V_04I_05M/LR1_2_5_timeline_genconfig_mslp_seed_126.txt;211.89;t1;0;5742.25;false
0.05;0.07;0.16;0.23;0.0;0.17;7;/dados/rmelo/PDPTW-SE/benchmark_multi_island_v5/official_experiments/multistartlp/official/set_01_pt_02/logs/heur_mslp/outputs/csvresults_heur_mslp_bash_2.csv;0;6;1;82;0;0.0;0.5;true;42;2;LR1_2_5_t1_40R_40V_04I_06M;/dados/rmelo/PDPTW-SE/benchmark_multi_island_v5/official_experiments/multistartlp/official/set_01_pt_02/configs/genconfig_mslp.conf;genconfig_mslp;/dados/rmelo/PDPTW-SE/benchmark_multi_island_v5/official_experiments/multistartlp/official/set_01_pt_02/logs/heur_mslp/gurobi/40R_40V_04I_06M/LR1_2_5_grb_genconfig_mslp_seed_126.log;random;40R_40V_04I_06M;1;59461;1;/dados/rmelo/PDPTW-SE/benchmark_multi_island_v5/official_experiments/multistartlp/official/set_01_pt_02/../../../../instances/orig_ams_fg/40R_40V_04I_06M/t1/LR1_2_5/;60000;2843;0;7261.57;81;41;H;50;95;0;100.0;30.0;true;0.95;100.0;1.0;1.0;1.0;1.0;60;M;539;539;false;86;0.93;180.73;0.98;43;10;1000000;-1;3600;8.5;0.77;0.64;mslp;heur;0.58;0.37;-1;3600;60000;I;40;1.0;0.28;LR1_2_5;0;/dados/rmelo/PDPTW-SE/benchmark_multi_island_v5/official_experiments/multistartlp/official/set_01_pt_02/logs;0;0;0;99.1;100.0;1;126;/dados/rmelo/PDPTW-SE/benchmark_multi_island_v5/official_experiments/multistartlp/official/set_01_pt_02/logs/heur_mslp/solutions/40R_40V_04I_06M/LR1_2_5_sol_genconfig_mslp_seed_126.txt;Gurobi;AUTOMATIC;17.97;_bash_2;_seed_126;45.81;1;14.86;/dados/rmelo/PDPTW-SE/benchmark_multi_island_v5/official_experiments/multistartlp/official/set_01_pt_02/logs/heur_mslp/timelines/40R_40V_04I_06M/LR1_2_5_timeline_genconfig_mslp_seed_126.txt;305.47;t1;0;5346.07;false
0.05;0.04;0.09;0.13;0.06;0.15;6;/dados/rmelo/PDPTW-SE/benchmark_multi_island_v5/official_experiments/multistartlp/official/set_01_pt_02/logs/heur_mslp/outputs/csvresults_heur_mslp_bash_2.csv;0;5;1;82;0;0.0;0.5;true;42;2;LR2_2_1_t2_40R_40V_04I_05M;/dados/rmelo/PDPTW-SE/benchmark_multi_island_v5/official_experiments/multistartlp/official/set_01_pt_02/configs/genconfig_mslp.conf;genconfig_mslp;/dados/rmelo/PDPTW-SE/benchmark_multi_island_v5/official_experiments/multistartlp/official/set_01_pt_02/logs/heur_mslp/gurobi/40R_40V_04I_05M/LR2_2_1_grb_genconfig_mslp_seed_126.log;random;40R_40V_04I_05M;1;0;1;/dados/rmelo/PDPTW-SE/benchmark_multi_island_v5/official_experiments/multistartlp/official/set_01_pt_02/../../../../instances/orig_ams_fg/40R_40V_04I_06M/t2/LR2_2_1/;60000;6113;0;10954.36;81;41;H;50;95;0;100.0;30.0;true;0.95;100.0;1.0;1.0;1.0;1.0;60;M;60000;60000;false;80;0.87;180.09;1.0;40;10;1000000;-1;3600;6.08;0.61;0.95;mslp;heur;0.23;0.86;-1;3600;60000;I;40;1.0;0.12;LR2_2_1;0;/dados/rmelo/PDPTW-SE/benchmark_multi_island_v5/official_experiments/multistartlp/official/set_01_pt_02/logs;0;0;0;0.0;100.0;1;126;/dados/rmelo/PDPTW-SE/benchmark_multi_island_v5/official_experiments/multistartlp/official/set_01_pt_02/logs/heur_mslp/solutions/40R_40V_04I_05M/LR2_2_1_sol_genconfig_mslp_seed_126.txt;Gurobi;AUTOMATIC;18.22;_bash_2;_seed_126;3650.83;1;141.41;/dados/rmelo/PDPTW-SE/benchmark_multi_island_v5/official_experiments/multistartlp/official/set_01_pt_02/logs/heur_mslp/timelines/40R_40V_04I_05M/LR2_2_1_timeline_genconfig_mslp_seed_126.txt;1369.99;t2;0;7741.31;false
0.05;0.04;0.07;0.11;0.02;0.15;14;/dados/rmelo/PDPTW-SE/benchmark_multi_island_v5/official_experiments/multistartlp/official/set_01_pt_02/logs/heur_mslp/outputs/csvresults_heur_mslp_bash_2.csv;0;6;1;82;0;0.0;0.5;true;42;2;LR2_2_1_t2_40R_40V_04I_06M;/dados/rmelo/PDPTW-SE/benchmark_multi_island_v5/official_experiments/multistartlp/official/set_01_pt_02/configs/genconfig_mslp.conf;genconfig_mslp;/dados/rmelo/PDPTW-SE/benchmark_multi_island_v5/official_experiments/multistartlp/official/set_01_pt_02/logs/heur_mslp/gurobi/40R_40V_04I_06M/LR2_2_1_grb_genconfig_mslp_seed_126.log;random;40R_40V_04I_06M;1;0;1;/dados/rmelo/PDPTW-SE/benchmark_multi_island_v5/official_experiments/multistartlp/official/set_01_pt_02/../../../../instances/orig_ams_fg/40R_40V_04I_06M/t2/LR2_2_1/;60000;37903;0;11597.0;81;41;H;50;95;0;100.0;30.0;true;0.95;100.0;1.0;1.0;1.0;1.0;60;M;60000;60000;false;80;0.91;180.09;0.99;40;10;1000000;-1;3600;6.35;0.52;0.81;mslp;heur;0.09;0.26;-1;3600;60000;I;40;1.0;0.15;LR2_2_1;0;/dados/rmelo/PDPTW-SE/benchmark_multi_island_v5/official_experiments/multistartlp/official/set_01_pt_02/logs;0;0;0;0.0;100.0;1;126;/dados/rmelo/PDPTW-SE/benchmark_multi_island_v5/official_experiments/multistartlp/official/set_01_pt_02/logs/heur_mslp/solutions/40R_40V_04I_06M/LR2_2_1_sol_genconfig_mslp_seed_126.txt;Gurobi;AUTOMATIC;18.18;_bash_2;_seed_126;3812.79;1;932.78;/dados/rmelo/PDPTW-SE/benchmark_multi_island_v5/official_experiments/multistartlp/official/set_01_pt_02/logs/heur_mslp/timelines/40R_40V_04I_06M/LR2_2_1_timeline_genconfig_mslp_seed_126.txt;1474.83;t2;0;7956.11;false
0.05;0.04;0.08;0.12;0.08;0.15;6;/dados/rmelo/PDPTW-SE/benchmark_multi_island_v5/official_experiments/multistartlp/official/set_01_pt_02/logs/heur_mslp/outputs/csvresults_heur_mslp_bash_2.csv;0;5;1;82;0;0.0;0.5;true;42;2;LR2_2_2_t2_40R_40V_04I_05M;/dados/rmelo/PDPTW-SE/benchmark_multi_island_v5/official_experiments/multistartlp/official/set_01_pt_02/configs/genconfig_mslp.conf;genconfig_mslp;/dados/rmelo/PDPTW-SE/benchmark_multi_island_v5/official_experiments/multistartlp/official/set_01_pt_02/logs/heur_mslp/gurobi/40R_40V_04I_05M/LR2_2_2_grb_genconfig_mslp_seed_126.log;random;40R_40V_04I_05M;1;19801;1;/dados/rmelo/PDPTW-SE/benchmark_multi_island_v5/official_experiments/multistartlp/official/set_01_pt_02/../../../../instances/orig_ams_fg/40R_40V_04I_06M/t2/LR2_2_2/;60000;34960;0;11554.73;81;41;H;50;95;0;100.0;30.0;true;0.95;100.0;1.0;1.0;1.0;1.0;60;M;40199;40199;false;80;0.79;182.2;0.95;40;10;1000000;-1;3600;6.74;0.67;0.84;mslp;heur;0.38;0.71;-1;3600;60000;I;40;1.0;0.1;LR2_2_2;0;/dados/rmelo/PDPTW-SE/benchmark_multi_island_v5/official_experiments/multistartlp/official/set_01_pt_02/logs;0;0;0;33.0;100.0;1;126;/dados/rmelo/PDPTW-SE/benchmark_multi_island_v5/official_experiments/multistartlp/official/set_01_pt_02/logs/heur_mslp/solutions/40R_40V_04I_05M/LR2_2_2_sol_genconfig_mslp_seed_126.txt;Gurobi;AUTOMATIC;18.08;_bash_2;_seed_126;2710.6;1;872.16;/dados/rmelo/PDPTW-SE/benchmark_multi_island_v5/official_experiments/multistartlp/official/set_01_pt_02/logs/heur_mslp/timelines/40R_40V_04I_05M/LR2_2_2_timeline_genconfig_mslp_seed_126.txt;1493.93;t2;0;6820.26;false
0.05;0.04;0.06;0.1;0.02;0.05;14;/dados/rmelo/PDPTW-SE/benchmark_multi_island_v5/official_experiments/multistartlp/official/set_01_pt_02/logs/heur_mslp/outputs/csvresults_heur_mslp_bash_2.csv;0;6;1;82;0;0.0;0.5;true;42;2;LR2_2_2_t2_40R_40V_04I_06M;/dados/rmelo/PDPTW-SE/benchmark_multi_island_v5/official_experiments/multistartlp/official/set_01_pt_02/configs/genconfig_mslp.conf;genconfig_mslp;/dados/rmelo/PDPTW-SE/benchmark_multi_island_v5/official_experiments/multistartlp/official/set_01_pt_02/logs/heur_mslp/gurobi/40R_40V_04I_06M/LR2_2_2_grb_genconfig_mslp_seed_126.log;random;40R_40V_04I_06M;1;1987;1;/dados/rmelo/PDPTW-SE/benchmark_multi_island_v5/official_experiments/multistartlp/official/set_01_pt_02/../../../../instances/orig_ams_fg/40R_40V_04I_06M/t2/LR2_2_2/;60000;22551;0;8766.1;81;41;H;50;95;0;100.0;30.0;true;0.95;100.0;1.0;1.0;1.0;1.0;60;M;58013;58013;false;80;0.81;182.2;1.0;40;10;1000000;-1;3600;7.22;0.65;0.82;mslp;heur;0.28;0.42;-1;3600;60000;I;40;1.0;0.1;LR2_2_2;0;/dados/rmelo/PDPTW-SE/benchmark_multi_island_v5/official_experiments/multistartlp/official/set_01_pt_02/logs;0;0;0;3.31;100.0;1;126;/dados/rmelo/PDPTW-SE/benchmark_multi_island_v5/official_experiments/multistartlp/official/set_01_pt_02/logs/heur_mslp/solutions/40R_40V_04I_06M/LR2_2_2_sol_genconfig_mslp_seed_126.txt;Gurobi;AUTOMATIC;17.85;_bash_2;_seed_126;4190.51;1;726.04;/dados/rmelo/PDPTW-SE/benchmark_multi_island_v5/official_experiments/multistartlp/official/set_01_pt_02/logs/heur_mslp/timelines/40R_40V_04I_06M/LR2_2_2_timeline_genconfig_mslp_seed_126.txt;1922.93;t2;0;6559.93;false
0.05;0.04;0.08;0.11;0.01;0.04;5;/dados/rmelo/PDPTW-SE/benchmark_multi_island_v5/official_experiments/multistartlp/official/set_01_pt_02/logs/heur_mslp/outputs/csvresults_heur_mslp_bash_2.csv;0;5;1;82;0;0.0;0.5;true;42;2;LR2_2_3_t2_40R_40V_04I_05M;/dados/rmelo/PDPTW-SE/benchmark_multi_island_v5/official_experiments/multistartlp/official/set_01_pt_02/configs/genconfig_mslp.conf;genconfig_mslp;/dados/rmelo/PDPTW-SE/benchmark_multi_island_v5/official_experiments/multistartlp/official/set_01_pt_02/logs/heur_mslp/gurobi/40R_40V_04I_05M/LR2_2_3_grb_genconfig_mslp_seed_126.log;random;40R_40V_04I_05M;1;0;1;/dados/rmelo/PDPTW-SE/benchmark_multi_island_v5/official_experiments/multistartlp/official/set_01_pt_02/../../../../instances/orig_ams_fg/40R_40V_04I_06M/t2/LR2_2_3/;60000;41996;0;9239.0;81;41;H;50;95;0;100.0;30.0;true;0.95;100.0;1.0;1.0;1.0;1.0;60;M;60000;60000;false;72;0.82;191.63;0.97;36;10;1000000;-1;3600;3.24;0.79;0.95;mslp;heur;0.72;0.92;-1;3600;60000;I;40;1.0;0.08;LR2_2_3;0;/dados/rmelo/PDPTW-SE/benchmark_multi_island_v5/official_experiments/multistartlp/official/set_01_pt_02/logs;0;0;0;0.0;100.0;1;126;/dados/rmelo/PDPTW-SE/benchmark_multi_island_v5/official_experiments/multistartlp/official/set_01_pt_02/logs/heur_mslp/solutions/40R_40V_04I_05M/LR2_2_3_sol_genconfig_mslp_seed_126.txt;Gurobi;AUTOMATIC;18.08;_bash_2;_seed_126;1943.53;1;2044.68;/dados/rmelo/PDPTW-SE/benchmark_multi_island_v5/official_experiments/multistartlp/official/set_01_pt_02/logs/heur_mslp/timelines/40R_40V_04I_05M/LR2_2_3_timeline_genconfig_mslp_seed_126.txt;2917.26;t2;0;5988.93;false
0.05;0.04;0.06;0.1;0.01;0.02;11;/dados/rmelo/PDPTW-SE/benchmark_multi_island_v5/official_experiments/multistartlp/official/set_01_pt_02/logs/heur_mslp/outputs/csvresults_heur_mslp_bash_2.csv;0;6;1;82;0;0.0;0.5;true;42;2;LR2_2_3_t2_40R_40V_04I_06M;/dados/rmelo/PDPTW-SE/benchmark_multi_island_v5/official_experiments/multistartlp/official/set_01_pt_02/configs/genconfig_mslp.conf;genconfig_mslp;/dados/rmelo/PDPTW-SE/benchmark_multi_island_v5/official_experiments/multistartlp/official/set_01_pt_02/logs/heur_mslp/gurobi/40R_40V_04I_06M/LR2_2_3_grb_genconfig_mslp_seed_126.log;random;40R_40V_04I_06M;1;0;1;/dados/rmelo/PDPTW-SE/benchmark_multi_island_v5/official_experiments/multistartlp/official/set_01_pt_02/../../../../instances/orig_ams_fg/40R_40V_04I_06M/t2/LR2_2_3/;60000;41996;0;9382.47;81;41;H;50;95;0;100.0;30.0;true;0.95;100.0;1.0;1.0;1.0;1.0;60;M;60000;60000;false;72;0.81;191.63;1.0;36;10;1000000;-1;3600;3.39;0.77;0.96;mslp;heur;0.7;0.92;-1;3600;60000;I;40;1.0;0.08;LR2_2_3;0;/dados/rmelo/PDPTW-SE/benchmark_multi_island_v5/official_experiments/multistartlp/official/set_01_pt_02/logs;0;0;0;0.0;100.0;1;126;/dados/rmelo/PDPTW-SE/benchmark_multi_island_v5/official_experiments/multistartlp/official/set_01_pt_02/logs/heur_mslp/solutions/40R_40V_04I_06M/LR2_2_3_sol_genconfig_mslp_seed_126.txt;Gurobi;AUTOMATIC;17.84;_bash_2;_seed_126;2033.56;1;2146.69;/dados/rmelo/PDPTW-SE/benchmark_multi_island_v5/official_experiments/multistartlp/official/set_01_pt_02/logs/heur_mslp/timelines/40R_40V_04I_06M/LR2_2_3_timeline_genconfig_mslp_seed_126.txt;3064.18;t2;0;5863.74;false
0.05;0.02;0.04;0.06;0.0;0.0;3;/dados/rmelo/PDPTW-SE/benchmark_multi_island_v5/official_experiments/multistartlp/official/set_01_pt_02/logs/heur_mslp/outputs/csvresults_heur_mslp_bash_2.csv;0;5;1;82;0;0.0;0.5;true;42;2;LR2_2_4_t2_40R_40V_04I_05M;/dados/rmelo/PDPTW-SE/benchmark_multi_island_v5/official_experiments/multistartlp/official/set_01_pt_02/configs/genconfig_mslp.conf;genconfig_mslp;/dados/rmelo/PDPTW-SE/benchmark_multi_island_v5/official_experiments/multistartlp/official/set_01_pt_02/logs/heur_mslp/gurobi/40R_40V_04I_05M/LR2_2_4_grb_genconfig_mslp_seed_126.log;random;40R_40V_04I_05M;1;0;1;/dados/rmelo/PDPTW-SE/benchmark_multi_island_v5/official_experiments/multistartlp/official/set_01_pt_02/../../../../instances/orig_ams_fg/40R_40V_04I_06M/t2/LR2_2_4/;40286;321;0;5636.98;81;41;H;50;95;0;100.0;30.0;true;0.95;100.0;1.0;1.0;1.0;1.0;60;M;39057;40286;false;78;0.83;168.46;1.0;39;10;1000000;-1;3600;1.41;0.58;0.92;mslp;heur;0.27;0.77;-1;3600;60000;I;40;1.0;0.08;LR2_2_4;0;/dados/rmelo/PDPTW-SE/benchmark_multi_island_v5/official_experiments/multistartlp/official/set_01_pt_02/logs;0;0;0;0.0;96.95;1;126;/dados/rmelo/PDPTW-SE/benchmark_multi_island_v5/official_experiments/multistartlp/official/set_01_pt_02/logs/heur_mslp/solutions/40R_40V_04I_05M/LR2_2_4_sol_genconfig_mslp_seed_126.txt;Gurobi;AUTOMATIC;17.95;_bash_2;_seed_126;569.02;1;28.28;/dados/rmelo/PDPTW-SE/benchmark_multi_island_v5/official_experiments/multistartlp/official/set_01_pt_02/logs/heur_mslp/timelines/40R_40V_04I_05M/LR2_2_4_timeline_genconfig_mslp_seed_126.txt;3600.09;t2;0;4416.34;false
0.05;0.02;0.04;0.07;0.0;0.0;9;/dados/rmelo/PDPTW-SE/benchmark_multi_island_v5/official_experiments/multistartlp/official/set_01_pt_02/logs/heur_mslp/outputs/csvresults_heur_mslp_bash_2.csv;0;6;1;82;0;0.0;0.5;true;42;2;LR2_2_4_t2_40R_40V_04I_06M;/dados/rmelo/PDPTW-SE/benchmark_multi_island_v5/official_experiments/multistartlp/official/set_01_pt_02/configs/genconfig_mslp.conf;genconfig_mslp;/dados/rmelo/PDPTW-SE/benchmark_multi_island_v5/official_experiments/multistartlp/official/set_01_pt_02/logs/heur_mslp/gurobi/40R_40V_04I_06M/LR2_2_4_grb_genconfig_mslp_seed_126.log;random;40R_40V_04I_06M;1;0;1;/dados/rmelo/PDPTW-SE/benchmark_multi_island_v5/official_experiments/multistartlp/official/set_01_pt_02/../../../../instances/orig_ams_fg/40R_40V_04I_06M/t2/LR2_2_4/;38135;11785;0;6024.66;81;41;H;50;95;0;100.0;30.0;true;0.95;100.0;1.0;1.0;1.0;1.0;60;M;36998;38135;false;78;0.93;167.43;1.0;39;10;1000000;-1;3600;1.46;0.59;0.8;mslp;heur;0.22;0.62;-1;3600;60000;I;40;1.0;0.08;LR2_2_4;0;/dados/rmelo/PDPTW-SE/benchmark_multi_island_v5/official_experiments/multistartlp/official/set_01_pt_02/logs;0;0;0;0.0;97.02;1;126;/dados/rmelo/PDPTW-SE/benchmark_multi_island_v5/official_experiments/multistartlp/official/set_01_pt_02/logs/heur_mslp/solutions/40R_40V_04I_06M/LR2_2_4_sol_genconfig_mslp_seed_126.txt;Gurobi;AUTOMATIC;17.69;_bash_2;_seed_126;557.83;1;1111.59;/dados/rmelo/PDPTW-SE/benchmark_multi_island_v5/official_experiments/multistartlp/official/set_01_pt_02/logs/heur_mslp/timelines/40R_40V_04I_06M/LR2_2_4_timeline_genconfig_mslp_seed_126.txt;3600.09;t2;0;4479.37;false
0.05;0.05;0.1;0.15;0.01;0.11;17;/dados/rmelo/PDPTW-SE/benchmark_multi_island_v5/official_experiments/multistartlp/official/set_01_pt_02/logs/heur_mslp/outputs/csvresults_heur_mslp_bash_2.csv;0;5;1;82;0;0.0;0.5;true;42;2;LR2_2_5_t2_40R_40V_04I_05M;/dados/rmelo/PDPTW-SE/benchmark_multi_island_v5/official_experiments/multistartlp/official/set_01_pt_02/configs/genconfig_mslp.conf;genconfig_mslp;/dados/rmelo/PDPTW-SE/benchmark_multi_island_v5/official_experiments/multistartlp/official/set_01_pt_02/logs/heur_mslp/gurobi/40R_40V_04I_05M/LR2_2_5_grb_genconfig_mslp_seed_126.log;random;40R_40V_04I_05M;1;0;1;/dados/rmelo/PDPTW-SE/benchmark_multi_island_v5/official_experiments/multistartlp/official/set_01_pt_02/../../../../instances/orig_ams_fg/40R_40V_04I_06M/t2/LR2_2_5/;60000;56795;0;12334.89;81;41;H;50;95;0;100.0;30.0;true;0.95;100.0;1.0;1.0;1.0;1.0;60;M;60000;60000;false;80;0.86;177.42;0.99;40;10;1000000;-1;3600;7.88;0.64;0.91;mslp;heur;0.17;0.69;-1;3600;60000;I;40;1.0;0.12;LR2_2_5;0;/dados/rmelo/PDPTW-SE/benchmark_multi_island_v5/official_experiments/multistartlp/official/set_01_pt_02/logs;0;0;0;0.0;100.0;1;126;/dados/rmelo/PDPTW-SE/benchmark_multi_island_v5/official_experiments/multistartlp/official/set_01_pt_02/logs/heur_mslp/solutions/40R_40V_04I_05M/LR2_2_5_sol_genconfig_mslp_seed_126.txt;Gurobi;AUTOMATIC;17.97;_bash_2;_seed_126;4730.32;1;1581.35;/dados/rmelo/PDPTW-SE/benchmark_multi_island_v5/official_experiments/multistartlp/official/set_01_pt_02/logs/heur_mslp/timelines/40R_40V_04I_05M/LR2_2_5_timeline_genconfig_mslp_seed_126.txt;1669.99;t2;0;8168.76;false
0.05;0.03;0.08;0.11;0.04;0.14;4;/dados/rmelo/PDPTW-SE/benchmark_multi_island_v5/official_experiments/multistartlp/official/set_01_pt_02/logs/heur_mslp/outputs/csvresults_heur_mslp_bash_2.csv;0;6;1;82;0;0.0;0.5;true;42;2;LR2_2_5_t2_40R_40V_04I_06M;/dados/rmelo/PDPTW-SE/benchmark_multi_island_v5/official_experiments/multistartlp/official/set_01_pt_02/configs/genconfig_mslp.conf;genconfig_mslp;/dados/rmelo/PDPTW-SE/benchmark_multi_island_v5/official_experiments/multistartlp/official/set_01_pt_02/logs/heur_mslp/gurobi/40R_40V_04I_06M/LR2_2_5_grb_genconfig_mslp_seed_126.log;random;40R_40V_04I_06M;1;0;1;/dados/rmelo/PDPTW-SE/benchmark_multi_island_v5/official_experiments/multistartlp/official/set_01_pt_02/../../../../instances/orig_ams_fg/40R_40V_04I_06M/t2/LR2_2_5/;60000;10704;0;12329.16;81;41;H;50;95;0;100.0;30.0;true;0.95;100.0;1.0;1.0;1.0;1.0;60;M;60000;60000;false;80;0.89;177.42;0.99;40;10;1000000;-1;3600;8.45;0.64;0.87;mslp;heur;0.09;0.5;-1;3600;60000;I;40;1.0;0.12;LR2_2_5;0;/dados/rmelo/PDPTW-SE/benchmark_multi_island_v5/official_experiments/multistartlp/official/set_01_pt_02/logs;0;0;0;0.0;100.0;1;126;/dados/rmelo/PDPTW-SE/benchmark_multi_island_v5/official_experiments/multistartlp/official/set_01_pt_02/logs/heur_mslp/solutions/40R_40V_04I_06M/LR2_2_5_sol_genconfig_mslp_seed_126.txt;Gurobi;AUTOMATIC;18.18;_bash_2;_seed_126;5068.86;1;312.44;/dados/rmelo/PDPTW-SE/benchmark_multi_island_v5/official_experiments/multistartlp/official/set_01_pt_02/logs/heur_mslp/timelines/40R_40V_04I_06M/LR2_2_5_timeline_genconfig_mslp_seed_126.txt;1737.49;t2;0;8151.33;false
0.05;0.04;0.07;0.11;0.01;0.24;1;/dados/rmelo/PDPTW-SE/benchmark_multi_island_v5/official_experiments/multistartlp/official/set_01_pt_02/logs/heur_mslp/outputs/csvresults_heur_mslp_bash_2.csv;0;5;1;122;0;0.0;0.5;true;62;2;LR1_2_1_t1_60R_60V_02I_05M;/dados/rmelo/PDPTW-SE/benchmark_multi_island_v5/official_experiments/multistartlp/official/set_01_pt_02/configs/genconfig_mslp.conf;genconfig_mslp;/dados/rmelo/PDPTW-SE/benchmark_multi_island_v5/official_experiments/multistartlp/official/set_01_pt_02/logs/heur_mslp/gurobi/60R_60V_02I_05M/LR1_2_1_grb_genconfig_mslp_seed_126.log;random;60R_60V_02I_05M;1;59999;1;/dados/rmelo/PDPTW-SE/benchmark_multi_island_v5/official_experiments/multistartlp/official/set_01_pt_02/../../../../instances/orig_ams_fg/60R_60V_02I_06M/t1/LR1_2_1/;60000;1;0;13264.29;121;61;H;50;95;0;100.0;30.0;true;0.95;100.0;1.0;1.0;1.0;1.0;60;M;1;1;false;78;0.95;253.19;1.0;39;10;1000000;-1;3600;6.92;0.52;0.57;mslp;heur;0.31;0.12;-1;3600;60000;I;60;1.0;0.4;LR1_2_1;0;/dados/rmelo/PDPTW-SE/benchmark_multi_island_v5/official_experiments/multistartlp/official/set_01_pt_02/logs;0;0;0;100.0;100.0;1;126;/dados/rmelo/PDPTW-SE/benchmark_multi_island_v5/official_experiments/multistartlp/official/set_01_pt_02/logs/heur_mslp/solutions/60R_60V_02I_05M/LR1_2_1_sol_genconfig_mslp_seed_126.txt;Gurobi;AUTOMATIC;18.12;_bash_2;_seed_126;0.07;1;0.02;/dados/rmelo/PDPTW-SE/benchmark_multi_island_v5/official_experiments/multistartlp/official/set_01_pt_02/logs/heur_mslp/timelines/60R_60V_02I_05M/LR1_2_1_timeline_genconfig_mslp_seed_126.txt;177.85;t1;0;12347.0;false
0.05;0.03;0.06;0.09;0.01;0.24;1;/dados/rmelo/PDPTW-SE/benchmark_multi_island_v5/official_experiments/multistartlp/official/set_01_pt_02/logs/heur_mslp/outputs/csvresults_heur_mslp_bash_2.csv;0;6;1;122;0;0.0;0.5;true;62;2;LR1_2_1_t1_60R_60V_02I_06M;/dados/rmelo/PDPTW-SE/benchmark_multi_island_v5/official_experiments/multistartlp/official/set_01_pt_02/configs/genconfig_mslp.conf;genconfig_mslp;/dados/rmelo/PDPTW-SE/benchmark_multi_island_v5/official_experiments/multistartlp/official/set_01_pt_02/logs/heur_mslp/gurobi/60R_60V_02I_06M/LR1_2_1_grb_genconfig_mslp_seed_126.log;random;60R_60V_02I_06M;1;59999;1;/dados/rmelo/PDPTW-SE/benchmark_multi_island_v5/official_experiments/multistartlp/official/set_01_pt_02/../../../../instances/orig_ams_fg/60R_60V_02I_06M/t1/LR1_2_1/;60000;1;0;13163.62;121;61;H;50;95;0;100.0;30.0;true;0.95;100.0;1.0;1.0;1.0;1.0;60;M;1;1;false;78;0.98;253.19;1.0;39;10;1000000;-1;3600;6.69;0.52;0.58;mslp;heur;0.17;0.12;-1;3600;60000;I;60;1.0;0.4;LR1_2_1;0;/dados/rmelo/PDPTW-SE/benchmark_multi_island_v5/official_experiments/multistartlp/official/set_01_pt_02/logs;0;0;0;100.0;100.0;1;126;/dados/rmelo/PDPTW-SE/benchmark_multi_island_v5/official_experiments/multistartlp/official/set_01_pt_02/logs/heur_mslp/solutions/60R_60V_02I_06M/LR1_2_1_sol_genconfig_mslp_seed_126.txt;Gurobi;AUTOMATIC;18.7;_bash_2;_seed_126;0.07;1;0.02;/dados/rmelo/PDPTW-SE/benchmark_multi_island_v5/official_experiments/multistartlp/official/set_01_pt_02/logs/heur_mslp/timelines/60R_60V_02I_06M/LR1_2_1_timeline_genconfig_mslp_seed_126.txt;197.43;t1;0;12282.42;false
0.05;0.02;0.04;0.05;0.0;0.17;6;/dados/rmelo/PDPTW-SE/benchmark_multi_island_v5/official_experiments/multistartlp/official/set_01_pt_02/logs/heur_mslp/outputs/csvresults_heur_mslp_bash_2.csv;0;5;1;122;0;0.0;0.5;true;62;2;LR1_2_2_t1_60R_60V_02I_05M;/dados/rmelo/PDPTW-SE/benchmark_multi_island_v5/official_experiments/multistartlp/official/set_01_pt_02/configs/genconfig_mslp.conf;genconfig_mslp;/dados/rmelo/PDPTW-SE/benchmark_multi_island_v5/official_experiments/multistartlp/official/set_01_pt_02/logs/heur_mslp/gurobi/60R_60V_02I_05M/LR1_2_2_grb_genconfig_mslp_seed_126.log;random;60R_60V_02I_05M;1;58176;1;/dados/rmelo/PDPTW-SE/benchmark_multi_island_v5/official_experiments/multistartlp/official/set_01_pt_02/../../../../instances/orig_ams_fg/60R_60V_02I_06M/t1/LR1_2_2/;60000;46991;0;9884.5;121;61;H;50;95;0;100.0;30.0;true;0.95;100.0;1.0;1.0;1.0;1.0;60;M;1824;1824;false;78;1.0;183.94;1.0;39;10;1000000;-1;3600;4.38;0.71;0.67;mslp;heur;0.25;0.2;-1;3600;60000;I;60;1.0;0.28;LR1_2_2;0;/dados/rmelo/PDPTW-SE/benchmark_multi_island_v5/official_experiments/multistartlp/official/set_01_pt_02/logs;0;0;0;96.96;100.0;1;126;/dados/rmelo/PDPTW-SE/benchmark_multi_island_v5/official_experiments/multistartlp/official/set_01_pt_02/logs/heur_mslp/solutions/60R_60V_02I_05M/LR1_2_2_sol_genconfig_mslp_seed_126.txt;Gurobi;AUTOMATIC;18.52;_bash_2;_seed_126;79.9;1;385.23;/dados/rmelo/PDPTW-SE/benchmark_multi_island_v5/official_experiments/multistartlp/official/set_01_pt_02/logs/heur_mslp/timelines/60R_60V_02I_05M/LR1_2_2_timeline_genconfig_mslp_seed_126.txt;491.0;t1;0;7693.56;false
0.05;0.01;0.03;0.04;0.0;0.16;7;/dados/rmelo/PDPTW-SE/benchmark_multi_island_v5/official_experiments/multistartlp/official/set_01_pt_02/logs/heur_mslp/outputs/csvresults_heur_mslp_bash_2.csv;0;6;1;122;0;0.0;0.5;true;62;2;LR1_2_2_t1_60R_60V_02I_06M;/dados/rmelo/PDPTW-SE/benchmark_multi_island_v5/official_experiments/multistartlp/official/set_01_pt_02/configs/genconfig_mslp.conf;genconfig_mslp;/dados/rmelo/PDPTW-SE/benchmark_multi_island_v5/official_experiments/multistartlp/official/set_01_pt_02/logs/heur_mslp/gurobi/60R_60V_02I_06M/LR1_2_2_grb_genconfig_mslp_seed_126.log;random;60R_60V_02I_06M;1;57209;1;/dados/rmelo/PDPTW-SE/benchmark_multi_island_v5/official_experiments/multistartlp/official/set_01_pt_02/../../../../instances/orig_ams_fg/60R_60V_02I_06M/t1/LR1_2_2/;60000;53536;0;8985.75;121;61;H;50;95;0;100.0;30.0;true;0.95;100.0;1.0;1.0;1.0;1.0;60;M;2791;2791;false;78;0.99;183.94;0.98;39;10;1000000;-1;3600;4.38;0.79;0.72;mslp;heur;0.55;0.45;-1;3600;60000;I;60;1.0;0.25;LR1_2_2;0;/dados/rmelo/PDPTW-SE/benchmark_multi_island_v5/official_experiments/multistartlp/official/set_01_pt_02/logs;0;0;0;95.35;100.0;1;126;/dados/rmelo/PDPTW-SE/benchmark_multi_island_v5/official_experiments/multistartlp/official/set_01_pt_02/logs/heur_mslp/solutions/60R_60V_02I_06M/LR1_2_2_sol_genconfig_mslp_seed_126.txt;Gurobi;AUTOMATIC;18.36;_bash_2;_seed_126;122.24;1;484.9;/dados/rmelo/PDPTW-SE/benchmark_multi_island_v5/official_experiments/multistartlp/official/set_01_pt_02/logs/heur_mslp/timelines/60R_60V_02I_06M/LR1_2_2_timeline_genconfig_mslp_seed_126.txt;543.27;t1;0;7553.65;false
0.05;0.01;0.03;0.05;0.0;0.07;1;/dados/rmelo/PDPTW-SE/benchmark_multi_island_v5/official_experiments/multistartlp/official/set_01_pt_02/logs/heur_mslp/outputs/csvresults_heur_mslp_bash_2.csv;0;5;1;122;0;0.0;0.5;true;62;2;LR1_2_3_t1_60R_60V_02I_05M;/dados/rmelo/PDPTW-SE/benchmark_multi_island_v5/official_experiments/multistartlp/official/set_01_pt_02/configs/genconfig_mslp.conf;genconfig_mslp;/dados/rmelo/PDPTW-SE/benchmark_multi_island_v5/official_experiments/multistartlp/official/set_01_pt_02/logs/heur_mslp/gurobi/60R_60V_02I_05M/LR1_2_3_grb_genconfig_mslp_seed_126.log;random;60R_60V_02I_05M;1;59999;1;/dados/rmelo/PDPTW-SE/benchmark_multi_island_v5/official_experiments/multistartlp/official/set_01_pt_02/../../../../instances/orig_ams_fg/60R_60V_02I_06M/t1/LR1_2_3/;60000;1;0;8465.06;121;61;H;50;95;0;100.0;30.0;true;0.95;100.0;1.0;1.0;1.0;1.0;60;M;1;1;false;86;0.97;291.37;1.0;43;10;1000000;-1;3600;1.71;0.53;0.6;mslp;heur;0.1;0.21;-1;3600;60000;I;60;1.0;0.25;LR1_2_3;0;/dados/rmelo/PDPTW-SE/benchmark_multi_island_v5/official_experiments/multistartlp/official/set_01_pt_02/logs;0;0;0;100.0;100.0;1;126;/dados/rmelo/PDPTW-SE/benchmark_multi_island_v5/official_experiments/multistartlp/official/set_01_pt_02/logs/heur_mslp/solutions/60R_60V_02I_05M/LR1_2_3_sol_genconfig_mslp_seed_126.txt;Gurobi;AUTOMATIC;18.5;_bash_2;_seed_126;0.02;1;0.02;/dados/rmelo/PDPTW-SE/benchmark_multi_island_v5/official_experiments/multistartlp/official/set_01_pt_02/logs/heur_mslp/timelines/60R_60V_02I_05M/LR1_2_3_timeline_genconfig_mslp_seed_126.txt;240.5;t1;0;8320.23;false
0.05;0.01;0.03;0.04;0.0;0.05;1;/dados/rmelo/PDPTW-SE/benchmark_multi_island_v5/official_experiments/multistartlp/official/set_01_pt_02/logs/heur_mslp/outputs/csvresults_heur_mslp_bash_2.csv;0;6;1;122;0;0.0;0.5;true;62;2;LR1_2_3_t1_60R_60V_02I_06M;/dados/rmelo/PDPTW-SE/benchmark_multi_island_v5/official_experiments/multistartlp/official/set_01_pt_02/configs/genconfig_mslp.conf;genconfig_mslp;/dados/rmelo/PDPTW-SE/benchmark_multi_island_v5/official_experiments/multistartlp/official/set_01_pt_02/logs/heur_mslp/gurobi/60R_60V_02I_06M/LR1_2_3_grb_genconfig_mslp_seed_126.log;random;60R_60V_02I_06M;1;59998;1;/dados/rmelo/PDPTW-SE/benchmark_multi_island_v5/official_experiments/multistartlp/official/set_01_pt_02/../../../../instances/orig_ams_fg/60R_60V_02I_06M/t1/LR1_2_3/;60000;1;0;9658.35;121;61;H;50;95;0;100.0;30.0;true;0.95;100.0;1.0;1.0;1.0;1.0;60;M;2;2;false;86;0.97;291.37;0.98;43;10;1000000;-1;3600;2.52;0.52;0.57;mslp;heur;0.1;0.21;-1;3600;60000;I;60;1.0;0.27;LR1_2_3;0;/dados/rmelo/PDPTW-SE/benchmark_multi_island_v5/official_experiments/multistartlp/official/set_01_pt_02/logs;0;0;0;100.0;100.0;1;126;/dados/rmelo/PDPTW-SE/benchmark_multi_island_v5/official_experiments/multistartlp/official/set_01_pt_02/logs/heur_mslp/solutions/60R_60V_02I_06M/LR1_2_3_sol_genconfig_mslp_seed_126.txt;Gurobi;AUTOMATIC;18.5;_bash_2;_seed_126;0.05;1;0.03;/dados/rmelo/PDPTW-SE/benchmark_multi_island_v5/official_experiments/multistartlp/official/set_01_pt_02/logs/heur_mslp/timelines/60R_60V_02I_06M/LR1_2_3_timeline_genconfig_mslp_seed_126.txt;276.6;t1;0;8725.41;false
0.05;0.01;0.05;0.06;0.0;0.01;9;/dados/rmelo/PDPTW-SE/benchmark_multi_island_v5/official_experiments/multistartlp/official/set_01_pt_02/logs/heur_mslp/outputs/csvresults_heur_mslp_bash_2.csv;0;5;1;122;0;0.0;0.5;true;62;2;LR1_2_4_t1_60R_60V_02I_05M;/dados/rmelo/PDPTW-SE/benchmark_multi_island_v5/official_experiments/multistartlp/official/set_01_pt_02/configs/genconfig_mslp.conf;genconfig_mslp;/dados/rmelo/PDPTW-SE/benchmark_multi_island_v5/official_experiments/multistartlp/official/set_01_pt_02/logs/heur_mslp/gurobi/60R_60V_02I_05M/LR1_2_4_grb_genconfig_mslp_seed_126.log;random;60R_60V_02I_05M;1;54250;1;/dados/rmelo/PDPTW-SE/benchmark_multi_island_v5/official_experiments/multistartlp/official/set_01_pt_02/../../../../instances/orig_ams_fg/60R_60V_02I_06M/t1/LR1_2_4/;60000;54124;0;6497.01;121;61;H;50;95;0;100.0;30.0;true;0.95;100.0;1.0;1.0;1.0;1.0;60;M;5750;5750;false;86;0.98;248.55;1.0;43;10;1000000;-1;3600;1.91;0.79;0.72;mslp;heur;0.58;0.29;-1;3600;60000;I;60;1.0;0.18;LR1_2_4;0;/dados/rmelo/PDPTW-SE/benchmark_multi_island_v5/official_experiments/multistartlp/official/set_01_pt_02/logs;0;0;0;90.42;100.0;1;126;/dados/rmelo/PDPTW-SE/benchmark_multi_island_v5/official_experiments/multistartlp/official/set_01_pt_02/logs/heur_mslp/solutions/60R_60V_02I_05M/LR1_2_4_sol_genconfig_mslp_seed_126.txt;Gurobi;AUTOMATIC;18.35;_bash_2;_seed_126;110.07;1;1035.05;/dados/rmelo/PDPTW-SE/benchmark_multi_island_v5/official_experiments/multistartlp/official/set_01_pt_02/logs/heur_mslp/timelines/60R_60V_02I_05M/LR1_2_4_timeline_genconfig_mslp_seed_126.txt;1148.67;t1;0;5542.17;false
0.05;0.01;0.05;0.06;0.0;0.02;6;/dados/rmelo/PDPTW-SE/benchmark_multi_island_v5/official_experiments/multistartlp/official/set_01_pt_02/logs/heur_mslp/outputs/csvresults_heur_mslp_bash_2.csv;0;6;1;122;0;0.0;0.5;true;62;2;LR1_2_4_t1_60R_60V_02I_06M;/dados/rmelo/PDPTW-SE/benchmark_multi_island_v5/official_experiments/multistartlp/official/set_01_pt_02/configs/genconfig_mslp.conf;genconfig_mslp;/dados/rmelo/PDPTW-SE/benchmark_multi_island_v5/official_experiments/multistartlp/official/set_01_pt_02/logs/heur_mslp/gurobi/60R_60V_02I_06M/LR1_2_4_grb_genconfig_mslp_seed_126.log;random;60R_60V_02I_06M;1;53456;1;/dados/rmelo/PDPTW-SE/benchmark_multi_island_v5/official_experiments/multistartlp/official/set_01_pt_02/../../../../instances/orig_ams_fg/60R_60V_02I_06M/t1/LR1_2_4/;60000;4785;0;6856.14;121;61;H;50;95;0;100.0;30.0;true;0.95;100.0;1.0;1.0;1.0;1.0;60;M;6544;6544;false;86;1.0;248.55;1.0;43;10;1000000;-1;3600;1.79;0.85;0.79;mslp;heur;0.73;0.57;-1;3600;60000;I;60;0.83;0.17;LR1_2_4;0;/dados/rmelo/PDPTW-SE/benchmark_multi_island_v5/official_experiments/multistartlp/official/set_01_pt_02/logs;0;0;0;89.09;100.0;1;126;/dados/rmelo/PDPTW-SE/benchmark_multi_island_v5/official_experiments/multistartlp/official/set_01_pt_02/logs/heur_mslp/solutions/60R_60V_02I_06M/LR1_2_4_sol_genconfig_mslp_seed_126.txt;Gurobi;AUTOMATIC;18.19;_bash_2;_seed_126;116.85;1;100.73;/dados/rmelo/PDPTW-SE/benchmark_multi_island_v5/official_experiments/multistartlp/official/set_01_pt_02/logs/heur_mslp/timelines/60R_60V_02I_06M/LR1_2_4_timeline_genconfig_mslp_seed_126.txt;1260.01;t1;0;5404.63;false
0.05;0.03;0.06;0.09;0.01;0.17;13;/dados/rmelo/PDPTW-SE/benchmark_multi_island_v5/official_experiments/multistartlp/official/set_01_pt_02/logs/heur_mslp/outputs/csvresults_heur_mslp_bash_2.csv;0;5;1;122;0;0.0;0.5;true;62;2;LR1_2_5_t1_60R_60V_02I_05M;/dados/rmelo/PDPTW-SE/benchmark_multi_island_v5/official_experiments/multistartlp/official/set_01_pt_02/configs/genconfig_mslp.conf;genconfig_mslp;/dados/rmelo/PDPTW-SE/benchmark_multi_island_v5/official_experiments/multistartlp/official/set_01_pt_02/logs/heur_mslp/gurobi/60R_60V_02I_05M/LR1_2_5_grb_genconfig_mslp_seed_126.log;random;60R_60V_02I_05M;1;51396;1;/dados/rmelo/PDPTW-SE/benchmark_multi_island_v5/official_experiments/multistartlp/official/set_01_pt_02/../../../../instances/orig_ams_fg/60R_60V_02I_06M/t1/LR1_2_5/;60000;21486;0;9317.89;121;61;H;50;95;0;100.0;30.0;true;0.95;100.0;1.0;1.0;1.0;1.0;60;M;8604;8604;false;86;0.95;182.8;1.0;43;10;1000000;-1;3600;5.82;0.74;0.63;mslp;heur;0.34;0.24;-1;3600;60000;I;60;1.0;0.27;LR1_2_5;0;/dados/rmelo/PDPTW-SE/benchmark_multi_island_v5/official_experiments/multistartlp/official/set_01_pt_02/logs;0;0;0;85.66;100.0;1;126;/dados/rmelo/PDPTW-SE/benchmark_multi_island_v5/official_experiments/multistartlp/official/set_01_pt_02/logs/heur_mslp/solutions/60R_60V_02I_05M/LR1_2_5_sol_genconfig_mslp_seed_126.txt;Gurobi;AUTOMATIC;18.29;_bash_2;_seed_126;500.34;1;274.3;/dados/rmelo/PDPTW-SE/benchmark_multi_island_v5/official_experiments/multistartlp/official/set_01_pt_02/logs/heur_mslp/timelines/60R_60V_02I_05M/LR1_2_5_timeline_genconfig_mslp_seed_126.txt;767.85;t1;0;7534.07;false
0.05;0.02;0.05;0.07;0.02;0.14;12;/dados/rmelo/PDPTW-SE/benchmark_multi_island_v5/official_experiments/multistartlp/official/set_01_pt_02/logs/heur_mslp/outputs/csvresults_heur_mslp_bash_2.csv;0;6;1;122;0;0.0;0.5;true;62;2;LR1_2_5_t1_60R_60V_02I_06M;/dados/rmelo/PDPTW-SE/benchmark_multi_island_v5/official_experiments/multistartlp/official/set_01_pt_02/configs/genconfig_mslp.conf;genconfig_mslp;/dados/rmelo/PDPTW-SE/benchmark_multi_island_v5/official_experiments/multistartlp/official/set_01_pt_02/logs/heur_mslp/gurobi/60R_60V_02I_06M/LR1_2_5_grb_genconfig_mslp_seed_126.log;random;60R_60V_02I_06M;1;39761;1;/dados/rmelo/PDPTW-SE/benchmark_multi_island_v5/official_experiments/multistartlp/official/set_01_pt_02/../../../../instances/orig_ams_fg/60R_60V_02I_06M/t1/LR1_2_5/;60000;21786;0;8914.13;121;61;H;50;95;0;100.0;30.0;true;0.95;100.0;1.0;1.0;1.0;1.0;60;M;20239;20239;false;86;0.95;182.8;1.0;43;10;1000000;-1;3600;5.67;0.74;0.66;mslp;heur;0.4;0.22;-1;3600;60000;I;60;1.0;0.27;LR1_2_5;0;/dados/rmelo/PDPTW-SE/benchmark_multi_island_v5/official_experiments/multistartlp/official/set_01_pt_02/logs;0;0;0;66.27;100.0;1;126;/dados/rmelo/PDPTW-SE/benchmark_multi_island_v5/official_experiments/multistartlp/official/set_01_pt_02/logs/heur_mslp/solutions/60R_60V_02I_06M/LR1_2_5_sol_genconfig_mslp_seed_126.txt;Gurobi;AUTOMATIC;18.33;_bash_2;_seed_126;1147.2;1;380.6;/dados/rmelo/PDPTW-SE/benchmark_multi_island_v5/official_experiments/multistartlp/official/set_01_pt_02/logs/heur_mslp/timelines/60R_60V_02I_06M/LR1_2_5_timeline_genconfig_mslp_seed_126.txt;1049.82;t1;0;7478.07;false
0.05;0.01;0.02;0.03;0.1;0.25;10;/dados/rmelo/PDPTW-SE/benchmark_multi_island_v5/official_experiments/multistartlp/official/set_01_pt_02/logs/heur_mslp/outputs/csvresults_heur_mslp_bash_2.csv;0;5;1;122;0;0.0;0.5;true;62;2;LR2_2_1_t2_60R_60V_02I_05M;/dados/rmelo/PDPTW-SE/benchmark_multi_island_v5/official_experiments/multistartlp/official/set_01_pt_02/configs/genconfig_mslp.conf;genconfig_mslp;/dados/rmelo/PDPTW-SE/benchmark_multi_island_v5/official_experiments/multistartlp/official/set_01_pt_02/logs/heur_mslp/gurobi/60R_60V_02I_05M/LR2_2_1_grb_genconfig_mslp_seed_126.log;random;60R_60V_02I_05M;1;0;1;/dados/rmelo/PDPTW-SE/benchmark_multi_island_v5/official_experiments/multistartlp/official/set_01_pt_02/../../../../instances/orig_ams_fg/60R_60V_02I_06M/t2/LR2_2_1/;60000;43640;0;16095.99;121;61;H;50;95;0;100.0;30.0;true;0.95;100.0;1.0;1.0;1.0;1.0;60;M;60000;60000;false;80;0.91;213.58;1.0;40;10;1000000;-1;3600;5.47;0.69;0.92;mslp;heur;0.39;0.73;-1;3600;60000;I;60;1.0;0.12;LR2_2_1;0;/dados/rmelo/PDPTW-SE/benchmark_multi_island_v5/official_experiments/multistartlp/official/set_01_pt_02/logs;0;0;0;0.0;100.0;1;126;/dados/rmelo/PDPTW-SE/benchmark_multi_island_v5/official_experiments/multistartlp/official/set_01_pt_02/logs/heur_mslp/solutions/60R_60V_02I_05M/LR2_2_1_sol_genconfig_mslp_seed_126.txt;Gurobi;AUTOMATIC;18.34;_bash_2;_seed_126;3284.15;1;1601.86;/dados/rmelo/PDPTW-SE/benchmark_multi_island_v5/official_experiments/multistartlp/official/set_01_pt_02/logs/heur_mslp/timelines/60R_60V_02I_05M/LR2_2_1_timeline_genconfig_mslp_seed_126.txt;2194.75;t2;0;12261.9;false
0.05;0.01;0.02;0.04;0.1;0.25;8;/dados/rmelo/PDPTW-SE/benchmark_multi_island_v5/official_experiments/multistartlp/official/set_01_pt_02/logs/heur_mslp/outputs/csvresults_heur_mslp_bash_2.csv;0;6;1;122;0;0.0;0.5;true;62;2;LR2_2_1_t2_60R_60V_02I_06M;/dados/rmelo/PDPTW-SE/benchmark_multi_island_v5/official_experiments/multistartlp/official/set_01_pt_02/configs/genconfig_mslp.conf;genconfig_mslp;/dados/rmelo/PDPTW-SE/benchmark_multi_island_v5/official_experiments/multistartlp/official/set_01_pt_02/logs/heur_mslp/gurobi/60R_60V_02I_06M/LR2_2_1_grb_genconfig_mslp_seed_126.log;random;60R_60V_02I_06M;1;0;1;/dados/rmelo/PDPTW-SE/benchmark_multi_island_v5/official_experiments/multistartlp/official/set_01_pt_02/../../../../instances/orig_ams_fg/60R_60V_02I_06M/t2/LR2_2_1/;60000;43640;0;16095.99;121;61;H;50;95;0;100.0;30.0;true;0.95;100.0;1.0;1.0;1.0;1.0;60;M;60000;60000;false;80;0.91;213.58;1.0;40;10;1000000;-1;3600;5.78;0.69;0.92;mslp;heur;0.39;0.73;-1;3600;60000;I;60;0.83;0.12;LR2_2_1;0;/dados/rmelo/PDPTW-SE/benchmark_multi_island_v5/official_experiments/multistartlp/official/set_01_pt_02/logs;0;0;0;0.0;100.0;1;126;/dados/rmelo/PDPTW-SE/benchmark_multi_island_v5/official_experiments/multistartlp/official/set_01_pt_02/logs/heur_mslp/solutions/60R_60V_02I_06M/LR2_2_1_sol_genconfig_mslp_seed_126.txt;Gurobi;AUTOMATIC;18.5;_bash_2;_seed_126;3468.3;1;1719.56;/dados/rmelo/PDPTW-SE/benchmark_multi_island_v5/official_experiments/multistartlp/official/set_01_pt_02/logs/heur_mslp/timelines/60R_60V_02I_06M/LR2_2_1_timeline_genconfig_mslp_seed_126.txt;2357.81;t2;0;12261.67;false
0.05;0.01;0.02;0.03;0.01;0.09;5;/dados/rmelo/PDPTW-SE/benchmark_multi_island_v5/official_experiments/multistartlp/official/set_01_pt_02/logs/heur_mslp/outputs/csvresults_heur_mslp_bash_2.csv;0;5;1;122;0;0.0;0.5;true;62;2;LR2_2_2_t2_60R_60V_02I_05M;/dados/rmelo/PDPTW-SE/benchmark_multi_island_v5/official_experiments/multistartlp/official/set_01_pt_02/configs/genconfig_mslp.conf;genconfig_mslp;/dados/rmelo/PDPTW-SE/benchmark_multi_island_v5/official_experiments/multistartlp/official/set_01_pt_02/logs/heur_mslp/gurobi/60R_60V_02I_05M/LR2_2_2_grb_genconfig_mslp_seed_126.log;random;60R_60V_02I_05M;1;1;1;/dados/rmelo/PDPTW-SE/benchmark_multi_island_v5/official_experiments/multistartlp/official/set_01_pt_02/../../../../instances/orig_ams_fg/60R_60V_02I_06M/t2/LR2_2_2/;60000;35366;0;12913.82;121;61;H;50;95;0;100.0;30.0;true;0.95;100.0;1.0;1.0;1.0;1.0;60;M;59999;59999;false;80;0.87;227.65;1.0;40;10;1000000;-1;3600;4.39;0.72;0.95;mslp;heur;0.55;0.89;-1;3600;60000;I;60;0.8;0.08;LR2_2_2;0;/dados/rmelo/PDPTW-SE/benchmark_multi_island_v5/official_experiments/multistartlp/official/set_01_pt_02/logs;0;0;0;0.0;100.0;1;126;/dados/rmelo/PDPTW-SE/benchmark_multi_island_v5/official_experiments/multistartlp/official/set_01_pt_02/logs/heur_mslp/solutions/60R_60V_02I_05M/LR2_2_2_sol_genconfig_mslp_seed_126.txt;Gurobi;AUTOMATIC;18.29;_bash_2;_seed_126;2634.33;1;1750.25;/dados/rmelo/PDPTW-SE/benchmark_multi_island_v5/official_experiments/multistartlp/official/set_01_pt_02/logs/heur_mslp/timelines/60R_60V_02I_05M/LR2_2_2_timeline_genconfig_mslp_seed_126.txt;2965.05;t2;0;9094.04;false
0.05;0.01;0.02;0.02;0.02;0.14;9;/dados/rmelo/PDPTW-SE/benchmark_multi_island_v5/official_experiments/multistartlp/official/set_01_pt_02/logs/heur_mslp/outputs/csvresults_heur_mslp_bash_2.csv;0;6;1;122;0;0.0;0.5;true;62;2;LR2_2_2_t2_60R_60V_02I_06M;/dados/rmelo/PDPTW-SE/benchmark_multi_island_v5/official_experiments/multistartlp/official/set_01_pt_02/configs/genconfig_mslp.conf;genconfig_mslp;/dados/rmelo/PDPTW-SE/benchmark_multi_island_v5/official_experiments/multistartlp/official/set_01_pt_02/logs/heur_mslp/gurobi/60R_60V_02I_06M/LR2_2_2_grb_genconfig_mslp_seed_126.log;random;60R_60V_02I_06M;1;0;1;/dados/rmelo/PDPTW-SE/benchmark_multi_island_v5/official_experiments/multistartlp/official/set_01_pt_02/../../../../instances/orig_ams_fg/60R_60V_02I_06M/t2/LR2_2_2/;60000;6325;0;11872.83;121;61;H;50;95;0;100.0;30.0;true;0.95;100.0;1.0;1.0;1.0;1.0;60;M;60000;60000;false;80;0.82;214.89;1.0;40;10;1000000;-1;3600;4.64;0.75;0.96;mslp;heur;0.58;0.88;-1;3600;60000;I;60;0.67;0.08;LR2_2_2;0;/dados/rmelo/PDPTW-SE/benchmark_multi_island_v5/official_experiments/multistartlp/official/set_01_pt_02/logs;0;0;0;0.0;100.0;1;126;/dados/rmelo/PDPTW-SE/benchmark_multi_island_v5/official_experiments/multistartlp/official/set_01_pt_02/logs/heur_mslp/solutions/60R_60V_02I_06M/LR2_2_2_sol_genconfig_mslp_seed_126.txt;Gurobi;AUTOMATIC;18.41;_bash_2;_seed_126;2781.91;1;335.32;/dados/rmelo/PDPTW-SE/benchmark_multi_island_v5/official_experiments/multistartlp/official/set_01_pt_02/logs/heur_mslp/timelines/60R_60V_02I_06M/LR2_2_2_timeline_genconfig_mslp_seed_126.txt;3144.45;t2;0;9480.18;false
0.05;0.01;0.02;0.02;0.01;0.03;13;/dados/rmelo/PDPTW-SE/benchmark_multi_island_v5/official_experiments/multistartlp/official/set_01_pt_02/logs/heur_mslp/outputs/csvresults_heur_mslp_bash_2.csv;0;5;1;122;0;0.0;0.5;true;62;2;LR2_2_3_t2_60R_60V_02I_05M;/dados/rmelo/PDPTW-SE/benchmark_multi_island_v5/official_experiments/multistartlp/official/set_01_pt_02/configs/genconfig_mslp.conf;genconfig_mslp;/dados/rmelo/PDPTW-SE/benchmark_multi_island_v5/official_experiments/multistartlp/official/set_01_pt_02/logs/heur_mslp/gurobi/60R_60V_02I_05M/LR2_2_3_grb_genconfig_mslp_seed_126.log;random;60R_60V_02I_05M;1;0;1;/dados/rmelo/PDPTW-SE/benchmark_multi_island_v5/official_experiments/multistartlp/official/set_01_pt_02/../../../../instances/orig_ams_fg/60R_60V_02I_06M/t2/LR2_2_3/;54749;48107;0;12867.27;121;61;H;50;95;0;100.0;30.0;true;0.95;100.0;1.0;1.0;1.0;1.0;60;M;54749;54749;false;78;0.84;235.46;1.0;39;10;1000000;-1;3600;3.74;0.59;0.86;mslp;heur;0.08;0.54;-1;3600;60000;I;60;1.0;0.1;LR2_2_3;0;/dados/rmelo/PDPTW-SE/benchmark_multi_island_v5/official_experiments/multistartlp/official/set_01_pt_02/logs;0;0;0;0.0;100.0;1;126;/dados/rmelo/PDPTW-SE/benchmark_multi_island_v5/official_experiments/multistartlp/official/set_01_pt_02/logs/heur_mslp/solutions/60R_60V_02I_05M/LR2_2_3_sol_genconfig_mslp_seed_126.txt;Gurobi;AUTOMATIC;18.14;_bash_2;_seed_126;2045.42;1;3165.29;/dados/rmelo/PDPTW-SE/benchmark_multi_island_v5/official_experiments/multistartlp/official/set_01_pt_02/logs/heur_mslp/timelines/60R_60V_02I_05M/LR2_2_3_timeline_genconfig_mslp_seed_126.txt;3600.02;t2;0;8939.27;false
0.05;0.01;0.02;0.03;0.01;0.03;14;/dados/rmelo/PDPTW-SE/benchmark_multi_island_v5/official_experiments/multistartlp/official/set_01_pt_02/logs/heur_mslp/outputs/csvresults_heur_mslp_bash_2.csv;0;6;1;122;0;0.0;0.5;true;62;2;LR2_2_3_t2_60R_60V_02I_06M;/dados/rmelo/PDPTW-SE/benchmark_multi_island_v5/official_experiments/multistartlp/official/set_01_pt_02/configs/genconfig_mslp.conf;genconfig_mslp;/dados/rmelo/PDPTW-SE/benchmark_multi_island_v5/official_experiments/multistartlp/official/set_01_pt_02/logs/heur_mslp/gurobi/60R_60V_02I_06M/LR2_2_3_grb_genconfig_mslp_seed_126.log;random;60R_60V_02I_06M;1;0;1;/dados/rmelo/PDPTW-SE/benchmark_multi_island_v5/official_experiments/multistartlp/official/set_01_pt_02/../../../../instances/orig_ams_fg/60R_60V_02I_06M/t2/LR2_2_3/;51604;48107;0;12386.46;121;61;H;50;95;0;100.0;30.0;true;0.95;100.0;1.0;1.0;1.0;1.0;60;M;51604;51604;false;78;0.84;235.46;1.0;39;10;1000000;-1;3600;3.74;0.59;0.86;mslp;heur;0.08;0.54;-1;3600;60000;I;60;0.83;0.1;LR2_2_3;0;/dados/rmelo/PDPTW-SE/benchmark_multi_island_v5/official_experiments/multistartlp/official/set_01_pt_02/logs;0;0;0;0.0;100.0;1;126;/dados/rmelo/PDPTW-SE/benchmark_multi_island_v5/official_experiments/multistartlp/official/set_01_pt_02/logs/heur_mslp/solutions/60R_60V_02I_06M/LR2_2_3_sol_genconfig_mslp_seed_126.txt;Gurobi;AUTOMATIC;18.17;_bash_2;_seed_126;1927.8;1;3356.34;/dados/rmelo/PDPTW-SE/benchmark_multi_island_v5/official_experiments/multistartlp/official/set_01_pt_02/logs/heur_mslp/timelines/60R_60V_02I_06M/LR2_2_3_timeline_genconfig_mslp_seed_126.txt;3600.06;t2;0;8939.12;false
0.05;0.01;0.02;0.02;0.0;0.0;9;/dados/rmelo/PDPTW-SE/benchmark_multi_island_v5/official_experiments/multistartlp/official/set_01_pt_02/logs/heur_mslp/outputs/csvresults_heur_mslp_bash_2.csv;0;5;1;122;0;0.0;0.5;true;62;2;LR2_2_4_t2_60R_60V_02I_05M;/dados/rmelo/PDPTW-SE/benchmark_multi_island_v5/official_experiments/multistartlp/official/set_01_pt_02/configs/genconfig_mslp.conf;genconfig_mslp;/dados/rmelo/PDPTW-SE/benchmark_multi_island_v5/official_experiments/multistartlp/official/set_01_pt_02/logs/heur_mslp/gurobi/60R_60V_02I_05M/LR2_2_4_grb_genconfig_mslp_seed_126.log;random;60R_60V_02I_05M;1;0;1;/dados/rmelo/PDPTW-SE/benchmark_multi_island_v5/official_experiments/multistartlp/official/set_01_pt_02/../../../../instances/orig_ams_fg/60R_60V_02I_06M/t2/LR2_2_4/;38807;13317;0;9020.63;121;61;H;50;95;0;100.0;30.0;true;0.95;100.0;1.0;1.0;1.0;1.0;60;M;38753;38807;false;78;0.94;272.38;1.0;39;10;1000000;-1;3600;1.92;0.67;0.97;mslp;heur;0.2;0.95;-1;3600;60000;I;60;0.8;0.07;LR2_2_4;0;/dados/rmelo/PDPTW-SE/benchmark_multi_island_v5/official_experiments/multistartlp/official/set_01_pt_02/logs;0;0;0;0.0;99.86;1;126;/dados/rmelo/PDPTW-SE/benchmark_multi_island_v5/official_experiments/multistartlp/official/set_01_pt_02/logs/heur_mslp/solutions/60R_60V_02I_05M/LR2_2_4_sol_genconfig_mslp_seed_126.txt;Gurobi;AUTOMATIC;18.08;_bash_2;_seed_126;746.18;1;1234.04;/dados/rmelo/PDPTW-SE/benchmark_multi_island_v5/official_experiments/multistartlp/official/set_01_pt_02/logs/heur_mslp/timelines/60R_60V_02I_05M/LR2_2_4_timeline_genconfig_mslp_seed_126.txt;3600.03;t2;0;6827.68;false
0.05;0.01;0.02;0.02;0.0;0.0;9;/dados/rmelo/PDPTW-SE/benchmark_multi_island_v5/official_experiments/multistartlp/official/set_01_pt_02/logs/heur_mslp/outputs/csvresults_heur_mslp_bash_2.csv;0;6;1;122;0;0.0;0.5;true;62;2;LR2_2_4_t2_60R_60V_02I_06M;/dados/rmelo/PDPTW-SE/benchmark_multi_island_v5/official_experiments/multistartlp/official/set_01_pt_02/configs/genconfig_mslp.conf;genconfig_mslp;/dados/rmelo/PDPTW-SE/benchmark_multi_island_v5/official_experiments/multistartlp/official/set_01_pt_02/logs/heur_mslp/gurobi/60R_60V_02I_06M/LR2_2_4_grb_genconfig_mslp_seed_126.log;random;60R_60V_02I_06M;1;0;1;/dados/rmelo/PDPTW-SE/benchmark_multi_island_v5/official_experiments/multistartlp/official/set_01_pt_02/../../../../instances/orig_ams_fg/60R_60V_02I_06M/t2/LR2_2_4/;36948;13317;0;9364.05;121;61;H;50;95;0;100.0;30.0;true;0.95;100.0;1.0;1.0;1.0;1.0;60;M;36900;36948;false;78;0.94;272.38;1.0;39;10;1000000;-1;3600;1.92;0.67;0.97;mslp;heur;0.2;0.95;-1;3600;60000;I;60;0.67;0.07;LR2_2_4;0;/dados/rmelo/PDPTW-SE/benchmark_multi_island_v5/official_experiments/multistartlp/official/set_01_pt_02/logs;0;0;0;0.0;99.87;1;126;/dados/rmelo/PDPTW-SE/benchmark_multi_island_v5/official_experiments/multistartlp/official/set_01_pt_02/logs/heur_mslp/solutions/60R_60V_02I_06M/LR2_2_4_sol_genconfig_mslp_seed_126.txt;Gurobi;AUTOMATIC;17.97;_bash_2;_seed_126;709.44;1;1296.02;/dados/rmelo/PDPTW-SE/benchmark_multi_island_v5/official_experiments/multistartlp/official/set_01_pt_02/logs/heur_mslp/timelines/60R_60V_02I_06M/LR2_2_4_timeline_genconfig_mslp_seed_126.txt;3600.08;t2;0;6827.64;false
0.05;0.01;0.02;0.03;0.0;0.17;15;/dados/rmelo/PDPTW-SE/benchmark_multi_island_v5/official_experiments/multistartlp/official/set_01_pt_02/logs/heur_mslp/outputs/csvresults_heur_mslp_bash_2.csv;0;5;1;122;0;0.0;0.5;true;62;2;LR2_2_5_t2_60R_60V_02I_05M;/dados/rmelo/PDPTW-SE/benchmark_multi_island_v5/official_experiments/multistartlp/official/set_01_pt_02/configs/genconfig_mslp.conf;genconfig_mslp;/dados/rmelo/PDPTW-SE/benchmark_multi_island_v5/official_experiments/multistartlp/official/set_01_pt_02/logs/heur_mslp/gurobi/60R_60V_02I_05M/LR2_2_5_grb_genconfig_mslp_seed_126.log;random;60R_60V_02I_05M;1;0;1;/dados/rmelo/PDPTW-SE/benchmark_multi_island_v5/official_experiments/multistartlp/official/set_01_pt_02/../../../../instances/orig_ams_fg/60R_60V_02I_06M/t2/LR2_2_5/;60000;38627;0;16614.01;121;61;H;50;95;0;100.0;30.0;true;0.95;100.0;1.0;1.0;1.0;1.0;60;M;60000;60000;false;80;0.92;180.52;1.0;40;10;1000000;-1;3600;8.23;0.67;0.96;mslp;heur;0.4;0.9;-1;3600;60000;I;60;0.8;0.12;LR2_2_5;0;/dados/rmelo/PDPTW-SE/benchmark_multi_island_v5/official_experiments/multistartlp/official/set_01_pt_02/logs;0;0;0;0.0;100.0;1;126;/dados/rmelo/PDPTW-SE/benchmark_multi_island_v5/official_experiments/multistartlp/official/set_01_pt_02/logs/heur_mslp/solutions/60R_60V_02I_05M/LR2_2_5_sol_genconfig_mslp_seed_126.txt;Gurobi;AUTOMATIC;18.12;_bash_2;_seed_126;4936.54;1;1654.5;/dados/rmelo/PDPTW-SE/benchmark_multi_island_v5/official_experiments/multistartlp/official/set_01_pt_02/logs/heur_mslp/timelines/60R_60V_02I_05M/LR2_2_5_timeline_genconfig_mslp_seed_126.txt;2562.05;t2;0;11922.06;false
0.05;0.01;0.02;0.03;0.0;0.17;15;/dados/rmelo/PDPTW-SE/benchmark_multi_island_v5/official_experiments/multistartlp/official/set_01_pt_02/logs/heur_mslp/outputs/csvresults_heur_mslp_bash_2.csv;0;6;1;122;0;0.0;0.5;true;62;2;LR2_2_5_t2_60R_60V_02I_06M;/dados/rmelo/PDPTW-SE/benchmark_multi_island_v5/official_experiments/multistartlp/official/set_01_pt_02/configs/genconfig_mslp.conf;genconfig_mslp;/dados/rmelo/PDPTW-SE/benchmark_multi_island_v5/official_experiments/multistartlp/official/set_01_pt_02/logs/heur_mslp/gurobi/60R_60V_02I_06M/LR2_2_5_grb_genconfig_mslp_seed_126.log;random;60R_60V_02I_06M;1;0;1;/dados/rmelo/PDPTW-SE/benchmark_multi_island_v5/official_experiments/multistartlp/official/set_01_pt_02/../../../../instances/orig_ams_fg/60R_60V_02I_06M/t2/LR2_2_5/;60000;38627;0;16614.01;121;61;H;50;95;0;100.0;30.0;true;0.95;100.0;1.0;1.0;1.0;1.0;60;M;60000;60000;false;80;0.92;180.52;1.0;40;10;1000000;-1;3600;8.23;0.67;0.96;mslp;heur;0.4;0.9;-1;3600;60000;I;60;0.67;0.12;LR2_2_5;0;/dados/rmelo/PDPTW-SE/benchmark_multi_island_v5/official_experiments/multistartlp/official/set_01_pt_02/logs;0;0;0;0.0;100.0;1;126;/dados/rmelo/PDPTW-SE/benchmark_multi_island_v5/official_experiments/multistartlp/official/set_01_pt_02/logs/heur_mslp/solutions/60R_60V_02I_06M/LR2_2_5_sol_genconfig_mslp_seed_126.txt;Gurobi;AUTOMATIC;18.19;_bash_2;_seed_126;4936.62;1;1774.93;/dados/rmelo/PDPTW-SE/benchmark_multi_island_v5/official_experiments/multistartlp/official/set_01_pt_02/logs/heur_mslp/timelines/60R_60V_02I_06M/LR2_2_5_timeline_genconfig_mslp_seed_126.txt;2752.11;t2;0;11922.06;false
0.05;0.01;0.04;0.05;0.0;0.55;0;/dados/rmelo/PDPTW-SE/benchmark_multi_island_v5/official_experiments/multistartlp/official/set_01_pt_02/logs/heur_mslp/outputs/csvresults_heur_mslp_bash_2.csv;0;5;1;122;0;0.0;0.5;false;62;2;LR1_2_1_t1_60R_60V_04I_05M;/dados/rmelo/PDPTW-SE/benchmark_multi_island_v5/official_experiments/multistartlp/official/set_01_pt_02/configs/genconfig_mslp.conf;genconfig_mslp;/dados/rmelo/PDPTW-SE/benchmark_multi_island_v5/official_experiments/multistartlp/official/set_01_pt_02/logs/heur_mslp/gurobi/60R_60V_04I_05M/LR1_2_1_grb_genconfig_mslp_seed_126.log;random;60R_60V_04I_05M;1;60000;1;/dados/rmelo/PDPTW-SE/benchmark_multi_island_v5/official_experiments/multistartlp/official/set_01_pt_02/../../../../instances/orig_ams_fg/60R_60V_04I_06M/t1/LR1_2_1/;60000;0;0;0.0;121;61;H;50;95;0;100.0;30.0;true;0.95;100.0;1.0;1.0;1.0;1.0;60;M;0;0;false;78;0.9;183.92;0.6;39;10;1000000;-1;3600;0.0;0.5;0.39;mslp;heur;0.29;0.18;-1;3600;60000;I;60;0.8;0.08;LR1_2_1;0;/dados/rmelo/PDPTW-SE/benchmark_multi_island_v5/official_experiments/multistartlp/official/set_01_pt_02/logs;0;0;0;100.0;0.0;1;126;/dados/rmelo/PDPTW-SE/benchmark_multi_island_v5/official_experiments/multistartlp/official/set_01_pt_02/logs/heur_mslp/solutions/60R_60V_04I_05M/LR1_2_1_sol_genconfig_mslp_seed_126.txt;Gurobi;AUTOMATIC;18.06;_bash_2;_seed_126;0.0;1;0.0;/dados/rmelo/PDPTW-SE/benchmark_multi_island_v5/official_experiments/multistartlp/official/set_01_pt_02/logs/heur_mslp/timelines/60R_60V_04I_05M/LR1_2_1_timeline_genconfig_mslp_seed_126.txt;340.51;t1;0;Inf;false
0.05;0.14;0.19;0.33;0.01;0.3;2;/dados/rmelo/PDPTW-SE/benchmark_multi_island_v5/official_experiments/multistartlp/official/set_01_pt_02/logs/heur_mslp/outputs/csvresults_heur_mslp_bash_2.csv;0;6;1;122;0;0.0;0.5;true;62;2;LR1_2_1_t1_60R_60V_04I_06M;/dados/rmelo/PDPTW-SE/benchmark_multi_island_v5/official_experiments/multistartlp/official/set_01_pt_02/configs/genconfig_mslp.conf;genconfig_mslp;/dados/rmelo/PDPTW-SE/benchmark_multi_island_v5/official_experiments/multistartlp/official/set_01_pt_02/logs/heur_mslp/gurobi/60R_60V_04I_06M/LR1_2_1_grb_genconfig_mslp_seed_126.log;random;60R_60V_04I_06M;1;59998;1;/dados/rmelo/PDPTW-SE/benchmark_multi_island_v5/official_experiments/multistartlp/official/set_01_pt_02/../../../../instances/orig_ams_fg/60R_60V_04I_06M/t1/LR1_2_1/;60000;41390;0;13320.3;121;61;H;50;95;0;100.0;30.0;true;0.95;100.0;1.0;1.0;1.0;1.0;60;M;2;2;false;78;0.94;183.92;0.94;39;10;1000000;-1;3600;8.88;0.58;0.65;mslp;heur;0.2;0.23;-1;3600;60000;I;60;1.0;0.35;LR1_2_1;0;/dados/rmelo/PDPTW-SE/benchmark_multi_island_v5/official_experiments/multistartlp/official/set_01_pt_02/logs;0;0;0;100.0;100.0;1;126;/dados/rmelo/PDPTW-SE/benchmark_multi_island_v5/official_experiments/multistartlp/official/set_01_pt_02/logs/heur_mslp/solutions/60R_60V_04I_06M/LR1_2_1_sol_genconfig_mslp_seed_126.txt;Gurobi;AUTOMATIC;18.17;_bash_2;_seed_126;0.18;1;304.54;/dados/rmelo/PDPTW-SE/benchmark_multi_island_v5/official_experiments/multistartlp/official/set_01_pt_02/logs/heur_mslp/timelines/60R_60V_04I_06M/LR1_2_1_timeline_genconfig_mslp_seed_126.txt;439.95;t1;0;12004.33;false
0.05;0.05;0.13;0.18;0.01;0.36;0;/dados/rmelo/PDPTW-SE/benchmark_multi_island_v5/official_experiments/multistartlp/official/set_01_pt_02/logs/heur_mslp/outputs/csvresults_heur_mslp_bash_2.csv;0;5;1;122;0;0.0;0.5;false;62;2;LR1_2_2_t1_60R_60V_04I_05M;/dados/rmelo/PDPTW-SE/benchmark_multi_island_v5/official_experiments/multistartlp/official/set_01_pt_02/configs/genconfig_mslp.conf;genconfig_mslp;/dados/rmelo/PDPTW-SE/benchmark_multi_island_v5/official_experiments/multistartlp/official/set_01_pt_02/logs/heur_mslp/gurobi/60R_60V_04I_05M/LR1_2_2_grb_genconfig_mslp_seed_126.log;random;60R_60V_04I_05M;1;60000;1;/dados/rmelo/PDPTW-SE/benchmark_multi_island_v5/official_experiments/multistartlp/official/set_01_pt_02/../../../../instances/orig_ams_fg/60R_60V_04I_06M/t1/LR1_2_2/;60000;0;0;0.0;121;61;H;50;95;0;100.0;30.0;true;0.95;100.0;1.0;1.0;1.0;1.0;60;M;0;0;false;78;0.99;184.67;0.72;39;10;1000000;-1;3600;0.0;0.55;0.43;mslp;heur;0.25;0.15;-1;3600;60000;I;60;1.0;0.15;LR1_2_2;0;/dados/rmelo/PDPTW-SE/benchmark_multi_island_v5/official_experiments/multistartlp/official/set_01_pt_02/logs;0;0;0;100.0;0.0;1;126;/dados/rmelo/PDPTW-SE/benchmark_multi_island_v5/official_experiments/multistartlp/official/set_01_pt_02/logs/heur_mslp/solutions/60R_60V_04I_05M/LR1_2_2_sol_genconfig_mslp_seed_126.txt;Gurobi;AUTOMATIC;18.15;_bash_2;_seed_126;0.0;1;0.0;/dados/rmelo/PDPTW-SE/benchmark_multi_island_v5/official_experiments/multistartlp/official/set_01_pt_02/logs/heur_mslp/timelines/60R_60V_04I_05M/LR1_2_2_timeline_genconfig_mslp_seed_126.txt;349.01;t1;0;Inf;false
0.05;0.14;0.24;0.38;0.01;0.19;2;/dados/rmelo/PDPTW-SE/benchmark_multi_island_v5/official_experiments/multistartlp/official/set_01_pt_02/logs/heur_mslp/outputs/csvresults_heur_mslp_bash_2.csv;0;6;1;122;0;0.0;0.5;true;62;2;LR1_2_2_t1_60R_60V_04I_06M;/dados/rmelo/PDPTW-SE/benchmark_multi_island_v5/official_experiments/multistartlp/official/set_01_pt_02/configs/genconfig_mslp.conf;genconfig_mslp;/dados/rmelo/PDPTW-SE/benchmark_multi_island_v5/official_experiments/multistartlp/official/set_01_pt_02/logs/heur_mslp/gurobi/60R_60V_04I_06M/LR1_2_2_grb_genconfig_mslp_seed_126.log;random;60R_60V_04I_06M;1;59998;1;/dados/rmelo/PDPTW-SE/benchmark_multi_island_v5/official_experiments/multistartlp/official/set_01_pt_02/../../../../instances/orig_ams_fg/60R_60V_04I_06M/t1/LR1_2_2/;60000;46659;0;9861.77;121;61;H;50;95;0;100.0;30.0;true;0.95;100.0;1.0;1.0;1.0;1.0;60;M;2;2;false;78;0.99;184.22;0.96;39;10;1000000;-1;3600;6.74;0.55;0.63;mslp;heur;0.19;0.29;-1;3600;60000;I;60;1.0;0.3;LR1_2_2;0;/dados/rmelo/PDPTW-SE/benchmark_multi_island_v5/official_experiments/multistartlp/official/set_01_pt_02/logs;0;0;0;100.0;100.0;1;126;/dados/rmelo/PDPTW-SE/benchmark_multi_island_v5/official_experiments/multistartlp/official/set_01_pt_02/logs/heur_mslp/solutions/60R_60V_04I_06M/LR1_2_2_sol_genconfig_mslp_seed_126.txt;Gurobi;AUTOMATIC;18.08;_bash_2;_seed_126;0.13;1;395.92;/dados/rmelo/PDPTW-SE/benchmark_multi_island_v5/official_experiments/multistartlp/official/set_01_pt_02/logs/heur_mslp/timelines/60R_60V_04I_06M/LR1_2_2_timeline_genconfig_mslp_seed_126.txt;509.43;t1;0;9191.23;false
0.05;0.11;0.17;0.28;0.01;0.06;3;/dados/rmelo/PDPTW-SE/benchmark_multi_island_v5/official_experiments/multistartlp/official/set_01_pt_02/logs/heur_mslp/outputs/csvresults_heur_mslp_bash_2.csv;0;5;1;122;0;0.0;0.5;true;62;2;LR1_2_3_t1_60R_60V_04I_05M;/dados/rmelo/PDPTW-SE/benchmark_multi_island_v5/official_experiments/multistartlp/official/set_01_pt_02/configs/genconfig_mslp.conf;genconfig_mslp;/dados/rmelo/PDPTW-SE/benchmark_multi_island_v5/official_experiments/multistartlp/official/set_01_pt_02/logs/heur_mslp/gurobi/60R_60V_04I_05M/LR1_2_3_grb_genconfig_mslp_seed_126.log;random;60R_60V_04I_05M;1;59993;1;/dados/rmelo/PDPTW-SE/benchmark_multi_island_v5/official_experiments/multistartlp/official/set_01_pt_02/../../../../instances/orig_ams_fg/60R_60V_04I_06M/t1/LR1_2_3/;60000;35553;0;9009.88;121;61;H;50;95;0;100.0;30.0;true;0.95;100.0;1.0;1.0;1.0;1.0;60;M;7;7;false;86;0.97;183.88;0.92;43;10;1000000;-1;3600;6.82;0.5;0.6;mslp;heur;0.35;0.35;-1;3600;60000;I;60;1.0;0.25;LR1_2_3;0;/dados/rmelo/PDPTW-SE/benchmark_multi_island_v5/official_experiments/multistartlp/official/set_01_pt_02/logs;0;0;0;99.99;100.0;1;126;/dados/rmelo/PDPTW-SE/benchmark_multi_island_v5/official_experiments/multistartlp/official/set_01_pt_02/logs/heur_mslp/solutions/60R_60V_04I_05M/LR1_2_3_sol_genconfig_mslp_seed_126.txt;Gurobi;AUTOMATIC;18.08;_bash_2;_seed_126;0.48;1;362.02;/dados/rmelo/PDPTW-SE/benchmark_multi_island_v5/official_experiments/multistartlp/official/set_01_pt_02/logs/heur_mslp/timelines/60R_60V_04I_05M/LR1_2_3_timeline_genconfig_mslp_seed_126.txt;609.65;t1;0;7470.22;false
0.05;0.11;0.15;0.26;0.01;0.05;4;/dados/rmelo/PDPTW-SE/benchmark_multi_island_v5/official_experiments/multistartlp/official/set_01_pt_02/logs/heur_mslp/outputs/csvresults_heur_mslp_bash_2.csv;0;6;1;122;0;0.0;0.5;true;62;2;LR1_2_3_t1_60R_60V_04I_06M;/dados/rmelo/PDPTW-SE/benchmark_multi_island_v5/official_experiments/multistartlp/official/set_01_pt_02/configs/genconfig_mslp.conf;genconfig_mslp;/dados/rmelo/PDPTW-SE/benchmark_multi_island_v5/official_experiments/multistartlp/official/set_01_pt_02/logs/heur_mslp/gurobi/60R_60V_04I_06M/LR1_2_3_grb_genconfig_mslp_seed_126.log;random;60R_60V_04I_06M;1;59906;1;/dados/rmelo/PDPTW-SE/benchmark_multi_island_v5/official_experiments/multistartlp/official/set_01_pt_02/../../../../instances/orig_ams_fg/60R_60V_04I_06M/t1/LR1_2_3/;60000;16656;0;9181.71;121;61;H;50;95;0;100.0;30.0;true;0.95;100.0;1.0;1.0;1.0;1.0;60;M;94;94;false;86;0.98;183.88;1.0;43;10;1000000;-1;3600;6.56;0.5;0.59;mslp;heur;0.27;0.17;-1;3600;60000;I;60;1.0;0.25;LR1_2_3;0;/dados/rmelo/PDPTW-SE/benchmark_multi_island_v5/official_experiments/multistartlp/official/set_01_pt_02/logs;0;0;0;99.84;100.0;1;126;/dados/rmelo/PDPTW-SE/benchmark_multi_island_v5/official_experiments/multistartlp/official/set_01_pt_02/logs/heur_mslp/solutions/60R_60V_04I_06M/LR1_2_3_sol_genconfig_mslp_seed_126.txt;Gurobi;AUTOMATIC;18.03;_bash_2;_seed_126;6.17;1;219.82;/dados/rmelo/PDPTW-SE/benchmark_multi_island_v5/official_experiments/multistartlp/official/set_01_pt_02/logs/heur_mslp/timelines/60R_60V_04I_06M/LR1_2_3_timeline_genconfig_mslp_seed_126.txt;789.83;t1;0;7474.82;false
0.05;0.1;0.16;0.27;0.0;0.03;8;/dados/rmelo/PDPTW-SE/benchmark_multi_island_v5/official_experiments/multistartlp/official/set_01_pt_02/logs/heur_mslp/outputs/csvresults_heur_mslp_bash_2.csv;0;5;1;122;0;0.0;0.5;true;62;2;LR1_2_4_t1_60R_60V_04I_05M;/dados/rmelo/PDPTW-SE/benchmark_multi_island_v5/official_experiments/multistartlp/official/set_01_pt_02/configs/genconfig_mslp.conf;genconfig_mslp;/dados/rmelo/PDPTW-SE/benchmark_multi_island_v5/official_experiments/multistartlp/official/set_01_pt_02/logs/heur_mslp/gurobi/60R_60V_04I_05M/LR1_2_4_grb_genconfig_mslp_seed_126.log;random;60R_60V_04I_05M;1;58035;1;/dados/rmelo/PDPTW-SE/benchmark_multi_island_v5/official_experiments/multistartlp/official/set_01_pt_02/../../../../instances/orig_ams_fg/60R_60V_04I_06M/t1/LR1_2_4/;60000;32828;0;7233.4;121;61;H;50;95;0;100.0;30.0;true;0.95;100.0;1.0;1.0;1.0;1.0;60;M;1965;1965;false;86;0.79;185.48;0.95;43;10;1000000;-1;3600;4.66;0.58;0.7;mslp;heur;0.25;0.12;-1;3600;60000;I;60;1.0;0.18;LR1_2_4;0;/dados/rmelo/PDPTW-SE/benchmark_multi_island_v5/official_experiments/multistartlp/official/set_01_pt_02/logs;0;0;0;96.72;100.0;1;126;/dados/rmelo/PDPTW-SE/benchmark_multi_island_v5/official_experiments/multistartlp/official/set_01_pt_02/logs/heur_mslp/solutions/60R_60V_04I_05M/LR1_2_4_sol_genconfig_mslp_seed_126.txt;Gurobi;AUTOMATIC;17.81;_bash_2;_seed_126;91.58;1;885.65;/dados/rmelo/PDPTW-SE/benchmark_multi_island_v5/official_experiments/multistartlp/official/set_01_pt_02/logs/heur_mslp/timelines/60R_60V_04I_05M/LR1_2_4_timeline_genconfig_mslp_seed_126.txt;1614.77;t1;0;5573.36;false
0.05;0.05;0.1;0.15;0.0;0.0;9;/dados/rmelo/PDPTW-SE/benchmark_multi_island_v5/official_experiments/multistartlp/official/set_01_pt_02/logs/heur_mslp/outputs/csvresults_heur_mslp_bash_2.csv;0;6;1;122;0;0.0;0.5;true;62;2;LR1_2_4_t1_60R_60V_04I_06M;/dados/rmelo/PDPTW-SE/benchmark_multi_island_v5/official_experiments/multistartlp/official/set_01_pt_02/configs/genconfig_mslp.conf;genconfig_mslp;/dados/rmelo/PDPTW-SE/benchmark_multi_island_v5/official_experiments/multistartlp/official/set_01_pt_02/logs/heur_mslp/gurobi/60R_60V_04I_06M/LR1_2_4_grb_genconfig_mslp_seed_126.log;random;60R_60V_04I_06M;1;54502;1;/dados/rmelo/PDPTW-SE/benchmark_multi_island_v5/official_experiments/multistartlp/official/set_01_pt_02/../../../../instances/orig_ams_fg/60R_60V_04I_06M/t1/LR1_2_4/;60000;46755;0;6248.46;121;61;H;50;95;0;100.0;30.0;true;0.95;100.0;1.0;1.0;1.0;1.0;60;M;5498;5498;false;86;0.77;185.48;0.98;43;10;1000000;-1;3600;4.02;0.6;0.74;mslp;heur;0.43;0.53;-1;3600;60000;I;60;1.0;0.17;LR1_2_4;0;/dados/rmelo/PDPTW-SE/benchmark_multi_island_v5/official_experiments/multistartlp/official/set_01_pt_02/logs;0;0;0;90.84;100.0;1;126;/dados/rmelo/PDPTW-SE/benchmark_multi_island_v5/official_experiments/multistartlp/official/set_01_pt_02/logs/heur_mslp/solutions/60R_60V_04I_06M/LR1_2_4_sol_genconfig_mslp_seed_126.txt;Gurobi;AUTOMATIC;17.89;_bash_2;_seed_126;221.0;1;1687.76;/dados/rmelo/PDPTW-SE/benchmark_multi_island_v5/official_experiments/multistartlp/official/set_01_pt_02/logs/heur_mslp/timelines/60R_60V_04I_06M/LR1_2_4_timeline_genconfig_mslp_seed_126.txt;2166.0;t1;0;5266.91;false
0.05;0.15;0.22;0.38;0.03;0.29;0;/dados/rmelo/PDPTW-SE/benchmark_multi_island_v5/official_experiments/multistartlp/official/set_01_pt_02/logs/heur_mslp/outputs/csvresults_heur_mslp_bash_2.csv;0;5;1;122;0;0.0;0.5;false;62;2;LR1_2_5_t1_60R_60V_04I_05M;/dados/rmelo/PDPTW-SE/benchmark_multi_island_v5/official_experiments/multistartlp/official/set_01_pt_02/configs/genconfig_mslp.conf;genconfig_mslp;/dados/rmelo/PDPTW-SE/benchmark_multi_island_v5/official_experiments/multistartlp/official/set_01_pt_02/logs/heur_mslp/gurobi/60R_60V_04I_05M/LR1_2_5_grb_genconfig_mslp_seed_126.log;random;60R_60V_04I_05M;1;60000;1;/dados/rmelo/PDPTW-SE/benchmark_multi_island_v5/official_experiments/multistartlp/official/set_01_pt_02/../../../../instances/orig_ams_fg/60R_60V_04I_06M/t1/LR1_2_5/;60000;0;0;0.0;121;61;H;50;95;0;100.0;30.0;true;0.95;100.0;1.0;1.0;1.0;1.0;60;M;0;0;false;86;0.96;180.52;0.93;43;10;1000000;-1;3600;0.0;0.76;0.53;mslp;heur;0.51;0.17;-1;3600;60000;I;60;1.0;0.22;LR1_2_5;0;/dados/rmelo/PDPTW-SE/benchmark_multi_island_v5/official_experiments/multistartlp/official/set_01_pt_02/logs;0;0;0;100.0;0.0;1;126;/dados/rmelo/PDPTW-SE/benchmark_multi_island_v5/official_experiments/multistartlp/official/set_01_pt_02/logs/heur_mslp/solutions/60R_60V_04I_05M/LR1_2_5_sol_genconfig_mslp_seed_126.txt;Gurobi;AUTOMATIC;17.93;_bash_2;_seed_126;0.0;1;0.0;/dados/rmelo/PDPTW-SE/benchmark_multi_island_v5/official_experiments/multistartlp/official/set_01_pt_02/logs/heur_mslp/timelines/60R_60V_04I_05M/LR1_2_5_timeline_genconfig_mslp_seed_126.txt;312.83;t1;0;Inf;false
0.05;0.17;0.21;0.38;0.03;0.14;2;/dados/rmelo/PDPTW-SE/benchmark_multi_island_v5/official_experiments/multistartlp/official/set_01_pt_02/logs/heur_mslp/outputs/csvresults_heur_mslp_bash_2.csv;0;6;1;122;0;0.0;0.5;true;62;2;LR1_2_5_t1_60R_60V_04I_06M;/dados/rmelo/PDPTW-SE/benchmark_multi_island_v5/official_experiments/multistartlp/official/set_01_pt_02/configs/genconfig_mslp.conf;genconfig_mslp;/dados/rmelo/PDPTW-SE/benchmark_multi_island_v5/official_experiments/multistartlp/official/set_01_pt_02/logs/heur_mslp/gurobi/60R_60V_04I_06M/LR1_2_5_grb_genconfig_mslp_seed_126.log;random;60R_60V_04I_06M;1;59994;1;/dados/rmelo/PDPTW-SE/benchmark_multi_island_v5/official_experiments/multistartlp/official/set_01_pt_02/../../../../instances/orig_ams_fg/60R_60V_04I_06M/t1/LR1_2_5/;60000;25819;0;10242.47;121;61;H;50;95;0;100.0;30.0;true;0.95;100.0;1.0;1.0;1.0;1.0;60;M;6;6;false;86;0.96;180.52;1.0;43;10;1000000;-1;3600;8.84;0.7;0.66;mslp;heur;0.23;0.31;-1;3600;60000;I;60;1.0;0.3;LR1_2_5;0;/dados/rmelo/PDPTW-SE/benchmark_multi_island_v5/official_experiments/multistartlp/official/set_01_pt_02/logs;0;0;0;99.99;100.0;1;126;/dados/rmelo/PDPTW-SE/benchmark_multi_island_v5/official_experiments/multistartlp/official/set_01_pt_02/logs/heur_mslp/solutions/60R_60V_04I_06M/LR1_2_5_sol_genconfig_mslp_seed_126.txt;Gurobi;AUTOMATIC;18.2;_bash_2;_seed_126;0.53;1;191.1;/dados/rmelo/PDPTW-SE/benchmark_multi_island_v5/official_experiments/multistartlp/official/set_01_pt_02/logs/heur_mslp/timelines/60R_60V_04I_06M/LR1_2_5_timeline_genconfig_mslp_seed_126.txt;441.94;t1;0;8520.58;false
0.05;0.05;0.09;0.15;0.03;0.24;9;/dados/rmelo/PDPTW-SE/benchmark_multi_island_v5/official_experiments/multistartlp/official/set_01_pt_02/logs/heur_mslp/outputs/csvresults_heur_mslp_bash_2.csv;0;5;1;122;0;0.0;0.5;true;62;2;LR2_2_1_t2_60R_60V_04I_05M;/dados/rmelo/PDPTW-SE/benchmark_multi_island_v5/official_experiments/multistartlp/official/set_01_pt_02/configs/genconfig_mslp.conf;genconfig_mslp;/dados/rmelo/PDPTW-SE/benchmark_multi_island_v5/official_experiments/multistartlp/official/set_01_pt_02/logs/heur_mslp/gurobi/60R_60V_04I_05M/LR2_2_1_grb_genconfig_mslp_seed_126.log;random;60R_60V_04I_05M;1;14613;1;/dados/rmelo/PDPTW-SE/benchmark_multi_island_v5/official_experiments/multistartlp/official/set_01_pt_02/../../../../instances/orig_ams_fg/60R_60V_04I_06M/t2/LR2_2_1/;60000;9810;0;15509.71;121;61;H;50;95;0;100.0;30.0;true;0.95;100.0;1.0;1.0;1.0;1.0;60;M;45387;45387;false;80;0.87;178.03;1.0;40;10;1000000;-1;3600;5.72;0.6;0.84;mslp;heur;0.21;0.45;-1;3600;60000;I;60;1.0;0.13;LR2_2_1;0;/dados/rmelo/PDPTW-SE/benchmark_multi_island_v5/official_experiments/multistartlp/official/set_01_pt_02/logs;0;0;0;24.36;100.0;1;126;/dados/rmelo/PDPTW-SE/benchmark_multi_island_v5/official_experiments/multistartlp/official/set_01_pt_02/logs/heur_mslp/solutions/60R_60V_04I_05M/LR2_2_1_sol_genconfig_mslp_seed_126.txt;Gurobi;AUTOMATIC;18.16;_bash_2;_seed_126;2595.47;1;456.47;/dados/rmelo/PDPTW-SE/benchmark_multi_island_v5/official_experiments/multistartlp/official/set_01_pt_02/logs/heur_mslp/timelines/60R_60V_04I_05M/LR2_2_1_timeline_genconfig_mslp_seed_126.txt;2781.01;t2;0;12079.5;false
0.05;0.05;0.07;0.12;0.07;0.19;13;/dados/rmelo/PDPTW-SE/benchmark_multi_island_v5/official_experiments/multistartlp/official/set_01_pt_02/logs/heur_mslp/outputs/csvresults_heur_mslp_bash_2.csv;0;6;1;122;0;0.0;0.5;true;62;2;LR2_2_1_t2_60R_60V_04I_06M;/dados/rmelo/PDPTW-SE/benchmark_multi_island_v5/official_experiments/multistartlp/official/set_01_pt_02/configs/genconfig_mslp.conf;genconfig_mslp;/dados/rmelo/PDPTW-SE/benchmark_multi_island_v5/official_experiments/multistartlp/official/set_01_pt_02/logs/heur_mslp/gurobi/60R_60V_04I_06M/LR2_2_1_grb_genconfig_mslp_seed_126.log;random;60R_60V_04I_06M;1;4866;1;/dados/rmelo/PDPTW-SE/benchmark_multi_island_v5/official_experiments/multistartlp/official/set_01_pt_02/../../../../instances/orig_ams_fg/60R_60V_04I_06M/t2/LR2_2_1/;60000;31280;0;16117.46;121;61;H;50;95;0;100.0;30.0;true;0.95;100.0;1.0;1.0;1.0;1.0;60;M;55134;55134;false;80;0.87;177.91;0.99;40;10;1000000;-1;3600;5.94;0.69;0.91;mslp;heur;0.38;0.74;-1;3600;60000;I;60;1.0;0.12;LR2_2_1;0;/dados/rmelo/PDPTW-SE/benchmark_multi_island_v5/official_experiments/multistartlp/official/set_01_pt_02/logs;0;0;0;8.11;100.0;1;126;/dados/rmelo/PDPTW-SE/benchmark_multi_island_v5/official_experiments/multistartlp/official/set_01_pt_02/logs/heur_mslp/solutions/60R_60V_04I_06M/LR2_2_1_sol_genconfig_mslp_seed_126.txt;Gurobi;AUTOMATIC;18.33;_bash_2;_seed_126;3273.66;1;1732.16;/dados/rmelo/PDPTW-SE/benchmark_multi_island_v5/official_experiments/multistartlp/official/set_01_pt_02/logs/heur_mslp/timelines/60R_60V_04I_06M/LR2_2_1_timeline_genconfig_mslp_seed_126.txt;3308.95;t2;0;12187.38;false
0.05;0.04;0.08;0.13;0.02;0.13;9;/dados/rmelo/PDPTW-SE/benchmark_multi_island_v5/official_experiments/multistartlp/official/set_01_pt_02/logs/heur_mslp/outputs/csvresults_heur_mslp_bash_2.csv;0;5;1;122;0;0.0;0.5;true;62;2;LR2_2_2_t2_60R_60V_04I_05M;/dados/rmelo/PDPTW-SE/benchmark_multi_island_v5/official_experiments/multistartlp/official/set_01_pt_02/configs/genconfig_mslp.conf;genconfig_mslp;/dados/rmelo/PDPTW-SE/benchmark_multi_island_v5/official_experiments/multistartlp/official/set_01_pt_02/logs/heur_mslp/gurobi/60R_60V_04I_05M/LR2_2_2_grb_genconfig_mslp_seed_126.log;random;60R_60V_04I_05M;1;30523;1;/dados/rmelo/PDPTW-SE/benchmark_multi_island_v5/official_experiments/multistartlp/official/set_01_pt_02/../../../../instances/orig_ams_fg/60R_60V_04I_06M/t2/LR2_2_2/;60000;9810;0;14606.06;121;61;H;50;95;0;100.0;30.0;true;0.95;100.0;1.0;1.0;1.0;1.0;60;M;29477;29477;false;80;0.79;183.32;1.0;40;10;1000000;-1;3600;5.34;0.63;0.86;mslp;heur;0.11;0.57;-1;3600;60000;I;60;1.0;0.1;LR2_2_2;0;/dados/rmelo/PDPTW-SE/benchmark_multi_island_v5/official_experiments/multistartlp/official/set_01_pt_02/logs;0;0;0;50.87;100.0;1;126;/dados/rmelo/PDPTW-SE/benchmark_multi_island_v5/official_experiments/multistartlp/official/set_01_pt_02/logs/heur_mslp/solutions/60R_60V_04I_05M/LR2_2_2_sol_genconfig_mslp_seed_126.txt;Gurobi;AUTOMATIC;17.96;_bash_2;_seed_126;1574.7;1;502.14;/dados/rmelo/PDPTW-SE/benchmark_multi_island_v5/official_experiments/multistartlp/official/set_01_pt_02/logs/heur_mslp/timelines/60R_60V_04I_05M/LR2_2_2_timeline_genconfig_mslp_seed_126.txt;3060.9;t2;0;9633.24;false
0.05;0.05;0.08;0.13;0.04;0.1;11;/dados/rmelo/PDPTW-SE/benchmark_multi_island_v5/official_experiments/multistartlp/official/set_01_pt_02/logs/heur_mslp/outputs/csvresults_heur_mslp_bash_2.csv;0;6;1;122;0;0.0;0.5;true;62;2;LR2_2_2_t2_60R_60V_04I_06M;/dados/rmelo/PDPTW-SE/benchmark_multi_island_v5/official_experiments/multistartlp/official/set_01_pt_02/configs/genconfig_mslp.conf;genconfig_mslp;/dados/rmelo/PDPTW-SE/benchmark_multi_island_v5/official_experiments/multistartlp/official/set_01_pt_02/logs/heur_mslp/gurobi/60R_60V_04I_06M/LR2_2_2_grb_genconfig_mslp_seed_126.log;random;60R_60V_04I_06M;1;3633;1;/dados/rmelo/PDPTW-SE/benchmark_multi_island_v5/official_experiments/multistartlp/official/set_01_pt_02/../../../../instances/orig_ams_fg/60R_60V_04I_06M/t2/LR2_2_2/;48129;31038;0;14491.5;121;61;H;50;95;0;100.0;30.0;true;0.95;100.0;1.0;1.0;1.0;1.0;60;M;44496;44496;false;80;0.84;183.19;1.0;40;10;1000000;-1;3600;5.56;0.65;0.84;mslp;heur;0.19;0.54;-1;3600;60000;I;60;1.0;0.1;LR2_2_2;0;/dados/rmelo/PDPTW-SE/benchmark_multi_island_v5/official_experiments/multistartlp/official/set_01_pt_02/logs;0;0;0;7.55;100.0;1;126;/dados/rmelo/PDPTW-SE/benchmark_multi_island_v5/official_experiments/multistartlp/official/set_01_pt_02/logs/heur_mslp/solutions/60R_60V_04I_06M/LR2_2_2_sol_genconfig_mslp_seed_126.txt;Gurobi;AUTOMATIC;17.86;_bash_2;_seed_126;2475.21;1;2322.12;/dados/rmelo/PDPTW-SE/benchmark_multi_island_v5/official_experiments/multistartlp/official/set_01_pt_02/logs/heur_mslp/timelines/60R_60V_04I_06M/LR2_2_2_timeline_genconfig_mslp_seed_126.txt;3600.02;t2;0;9947.84;false
0.05;0.06;0.1;0.16;0.0;0.11;17;/dados/rmelo/PDPTW-SE/benchmark_multi_island_v5/official_experiments/multistartlp/official/set_01_pt_02/logs/heur_mslp/outputs/csvresults_heur_mslp_bash_2.csv;0;5;1;122;0;0.0;0.5;true;62;2;LR2_2_3_t2_60R_60V_04I_05M;/dados/rmelo/PDPTW-SE/benchmark_multi_island_v5/official_experiments/multistartlp/official/set_01_pt_02/configs/genconfig_mslp.conf;genconfig_mslp;/dados/rmelo/PDPTW-SE/benchmark_multi_island_v5/official_experiments/multistartlp/official/set_01_pt_02/logs/heur_mslp/gurobi/60R_60V_04I_05M/LR2_2_3_grb_genconfig_mslp_seed_126.log;random;60R_60V_04I_05M;1;134;1;/dados/rmelo/PDPTW-SE/benchmark_multi_island_v5/official_experiments/multistartlp/official/set_01_pt_02/../../../../instances/orig_ams_fg/60R_60V_04I_06M/t2/LR2_2_3/;32251;30652;0;14354.25;121;61;H;50;95;0;100.0;30.0;true;0.95;100.0;1.0;1.0;1.0;1.0;60;M;32117;32117;false;78;0.83;183.91;1.0;39;10;1000000;-1;3600;3.24;0.66;0.87;mslp;heur;0.15;0.34;-1;3600;60000;I;60;1.0;0.1;LR2_2_3;0;/dados/rmelo/PDPTW-SE/benchmark_multi_island_v5/official_experiments/multistartlp/official/set_01_pt_02/logs;0;0;0;0.42;100.0;1;126;/dados/rmelo/PDPTW-SE/benchmark_multi_island_v5/official_experiments/multistartlp/official/set_01_pt_02/logs/heur_mslp/solutions/60R_60V_04I_05M/LR2_2_3_sol_genconfig_mslp_seed_126.txt;Gurobi;AUTOMATIC;17.99;_bash_2;_seed_126;1040.88;1;3422.45;/dados/rmelo/PDPTW-SE/benchmark_multi_island_v5/official_experiments/multistartlp/official/set_01_pt_02/logs/heur_mslp/timelines/60R_60V_04I_05M/LR2_2_3_timeline_genconfig_mslp_seed_126.txt;3600.02;t2;0;10068.22;false
0.05;0.05;0.08;0.13;0.01;0.02;20;/dados/rmelo/PDPTW-SE/benchmark_multi_island_v5/official_experiments/multistartlp/official/set_01_pt_02/logs/heur_mslp/outputs/csvresults_heur_mslp_bash_2.csv;0;6;1;122;0;0.0;0.5;true;62;2;LR2_2_3_t2_60R_60V_04I_06M;/dados/rmelo/PDPTW-SE/benchmark_multi_island_v5/official_experiments/multistartlp/official/set_01_pt_02/configs/genconfig_mslp.conf;genconfig_mslp;/dados/rmelo/PDPTW-SE/benchmark_multi_island_v5/official_experiments/multistartlp/official/set_01_pt_02/logs/heur_mslp/gurobi/60R_60V_04I_06M/LR2_2_3_grb_genconfig_mslp_seed_126.log;random;60R_60V_04I_06M;1;13;1;/dados/rmelo/PDPTW-SE/benchmark_multi_island_v5/official_experiments/multistartlp/official/set_01_pt_02/../../../../instances/orig_ams_fg/60R_60V_04I_06M/t2/LR2_2_3/;30225;23936;0;14130.01;121;61;H;50;95;0;100.0;30.0;true;0.95;100.0;1.0;1.0;1.0;1.0;60;M;30212;30212;false;78;0.86;183.88;1.0;39;10;1000000;-1;3600;3.45;0.65;0.91;mslp;heur;0.08;0.54;-1;3600;60000;I;60;1.0;0.1;LR2_2_3;0;/dados/rmelo/PDPTW-SE/benchmark_multi_island_v5/official_experiments/multistartlp/official/set_01_pt_02/logs;0;0;0;0.04;100.0;1;126;/dados/rmelo/PDPTW-SE/benchmark_multi_island_v5/official_experiments/multistartlp/official/set_01_pt_02/logs/heur_mslp/solutions/60R_60V_04I_06M/LR2_2_3_sol_genconfig_mslp_seed_126.txt;Gurobi;AUTOMATIC;17.87;_bash_2;_seed_126;1041.66;1;2849.53;/dados/rmelo/PDPTW-SE/benchmark_multi_island_v5/official_experiments/multistartlp/official/set_01_pt_02/logs/heur_mslp/timelines/60R_60V_04I_06M/LR2_2_3_timeline_genconfig_mslp_seed_126.txt;3600.06;t2;0;9915.27;false
0.05;0.04;0.05;0.09;0.0;0.0;10;/dados/rmelo/PDPTW-SE/benchmark_multi_island_v5/official_experiments/multistartlp/official/set_01_pt_02/logs/heur_mslp/outputs/csvresults_heur_mslp_bash_2.csv;0;5;1;122;0;0.0;0.5;true;62;2;LR2_2_4_t2_60R_60V_04I_05M;/dados/rmelo/PDPTW-SE/benchmark_multi_island_v5/official_experiments/multistartlp/official/set_01_pt_02/configs/genconfig_mslp.conf;genconfig_mslp;/dados/rmelo/PDPTW-SE/benchmark_multi_island_v5/official_experiments/multistartlp/official/set_01_pt_02/logs/heur_mslp/gurobi/60R_60V_04I_05M/LR2_2_4_grb_genconfig_mslp_seed_126.log;random;60R_60V_04I_05M;1;0;1;/dados/rmelo/PDPTW-SE/benchmark_multi_island_v5/official_experiments/multistartlp/official/set_01_pt_02/../../../../instances/orig_ams_fg/60R_60V_04I_06M/t2/LR2_2_4/;18397;10646;0;8326.63;121;61;H;50;95;0;100.0;30.0;true;0.95;100.0;1.0;1.0;1.0;1.0;60;M;18372;18397;false;78;0.9;180.9;1.0;39;10;1000000;-1;3600;1.15;0.68;0.93;mslp;heur;0.28;0.77;-1;3600;60000;I;60;1.0;0.07;LR2_2_4;0;/dados/rmelo/PDPTW-SE/benchmark_multi_island_v5/official_experiments/multistartlp/official/set_01_pt_02/logs;0;0;0;0.0;99.86;1;126;/dados/rmelo/PDPTW-SE/benchmark_multi_island_v5/official_experiments/multistartlp/official/set_01_pt_02/logs/heur_mslp/solutions/60R_60V_04I_05M/LR2_2_4_sol_genconfig_mslp_seed_126.txt;Gurobi;AUTOMATIC;17.88;_bash_2;_seed_126;210.99;1;2081.33;/dados/rmelo/PDPTW-SE/benchmark_multi_island_v5/official_experiments/multistartlp/official/set_01_pt_02/logs/heur_mslp/timelines/60R_60V_04I_05M/LR2_2_4_timeline_genconfig_mslp_seed_126.txt;3600.08;t2;0;6943.76;false
0.05;0.03;0.05;0.07;0.0;0.0;12;/dados/rmelo/PDPTW-SE/benchmark_multi_island_v5/official_experiments/multistartlp/official/set_01_pt_02/logs/heur_mslp/outputs/csvresults_heur_mslp_bash_2.csv;0;6;1;122;0;0.0;0.5;true;62;2;LR2_2_4_t2_60R_60V_04I_06M;/dados/rmelo/PDPTW-SE/benchmark_multi_island_v5/official_experiments/multistartlp/official/set_01_pt_02/configs/genconfig_mslp.conf;genconfig_mslp;/dados/rmelo/PDPTW-SE/benchmark_multi_island_v5/official_experiments/multistartlp/official/set_01_pt_02/logs/heur_mslp/gurobi/60R_60V_04I_06M/LR2_2_4_grb_genconfig_mslp_seed_126.log;random;60R_60V_04I_06M;1;0;1;/dados/rmelo/PDPTW-SE/benchmark_multi_island_v5/official_experiments/multistartlp/official/set_01_pt_02/../../../../instances/orig_ams_fg/60R_60V_04I_06M/t2/LR2_2_4/;16939;13314;0;9203.51;121;61;H;50;95;0;100.0;30.0;true;0.95;100.0;1.0;1.0;1.0;1.0;60;M;16913;16939;false;78;0.89;180.9;0.98;39;10;1000000;-1;3600;1.18;0.7;0.95;mslp;heur;0.58;0.92;-1;3600;60000;I;60;1.0;0.07;LR2_2_4;0;/dados/rmelo/PDPTW-SE/benchmark_multi_island_v5/official_experiments/multistartlp/official/set_01_pt_02/logs;0;0;0;0.0;99.85;1;126;/dados/rmelo/PDPTW-SE/benchmark_multi_island_v5/official_experiments/multistartlp/official/set_01_pt_02/logs/heur_mslp/solutions/60R_60V_04I_06M/LR2_2_4_sol_genconfig_mslp_seed_126.txt;Gurobi;AUTOMATIC;17.87;_bash_2;_seed_126;200.19;1;2828.65;/dados/rmelo/PDPTW-SE/benchmark_multi_island_v5/official_experiments/multistartlp/official/set_01_pt_02/logs/heur_mslp/timelines/60R_60V_04I_06M/LR2_2_4_timeline_genconfig_mslp_seed_126.txt;3600.09;t2;0;7056.53;false
0.05;0.05;0.09;0.14;0.05;0.21;7;/dados/rmelo/PDPTW-SE/benchmark_multi_island_v5/official_experiments/multistartlp/official/set_01_pt_02/logs/heur_mslp/outputs/csvresults_heur_mslp_bash_2.csv;0;5;1;122;0;0.0;0.5;true;62;2;LR2_2_5_t2_60R_60V_04I_05M;/dados/rmelo/PDPTW-SE/benchmark_multi_island_v5/official_experiments/multistartlp/official/set_01_pt_02/configs/genconfig_mslp.conf;genconfig_mslp;/dados/rmelo/PDPTW-SE/benchmark_multi_island_v5/official_experiments/multistartlp/official/set_01_pt_02/logs/heur_mslp/gurobi/60R_60V_04I_05M/LR2_2_5_grb_genconfig_mslp_seed_126.log;random;60R_60V_04I_05M;1;0;1;/dados/rmelo/PDPTW-SE/benchmark_multi_island_v5/official_experiments/multistartlp/official/set_01_pt_02/../../../../instances/orig_ams_fg/60R_60V_04I_06M/t2/LR2_2_5/;56247;7503;0;17333.54;121;61;H;50;95;0;100.0;30.0;true;0.95;100.0;1.0;1.0;1.0;1.0;60;M;56247;56247;false;80;0.85;180.52;1.0;40;10;1000000;-1;3600;5.61;0.7;0.94;mslp;heur;0.45;0.76;-1;3600;60000;I;60;1.0;0.12;LR2_2_5;0;/dados/rmelo/PDPTW-SE/benchmark_multi_island_v5/official_experiments/multistartlp/official/set_01_pt_02/logs;0;0;0;0.0;100.0;1;126;/dados/rmelo/PDPTW-SE/benchmark_multi_island_v5/official_experiments/multistartlp/official/set_01_pt_02/logs/heur_mslp/solutions/60R_60V_04I_05M/LR2_2_5_sol_genconfig_mslp_seed_126.txt;Gurobi;AUTOMATIC;18.03;_bash_2;_seed_126;3155.32;1;481.43;/dados/rmelo/PDPTW-SE/benchmark_multi_island_v5/official_experiments/multistartlp/official/set_01_pt_02/logs/heur_mslp/timelines/60R_60V_04I_05M/LR2_2_5_timeline_genconfig_mslp_seed_126.txt;3600.02;t2;0;12410.25;false
0.05;0.05;0.08;0.13;0.06;0.2;12;/dados/rmelo/PDPTW-SE/benchmark_multi_island_v5/official_experiments/multistartlp/official/set_01_pt_02/logs/heur_mslp/outputs/csvresults_heur_mslp_bash_2.csv;0;6;1;122;0;0.0;0.5;true;62;2;LR2_2_5_t2_60R_60V_04I_06M;/dados/rmelo/PDPTW-SE/benchmark_multi_island_v5/official_experiments/multistartlp/official/set_01_pt_02/configs/genconfig_mslp.conf;genconfig_mslp;/dados/rmelo/PDPTW-SE/benchmark_multi_island_v5/official_experiments/multistartlp/official/set_01_pt_02/logs/heur_mslp/gurobi/60R_60V_04I_06M/LR2_2_5_grb_genconfig_mslp_seed_126.log;random;60R_60V_04I_06M;1;0;1;/dados/rmelo/PDPTW-SE/benchmark_multi_island_v5/official_experiments/multistartlp/official/set_01_pt_02/../../../../instances/orig_ams_fg/60R_60V_04I_06M/t2/LR2_2_5/;52844;7503;0;15435.23;121;61;H;50;95;0;100.0;30.0;true;0.95;100.0;1.0;1.0;1.0;1.0;60;M;52844;52844;false;80;0.85;180.52;1.0;40;10;1000000;-1;3600;6.08;0.69;0.94;mslp;heur;0.45;0.76;-1;3600;60000;I;60;1.0;0.12;LR2_2_5;0;/dados/rmelo/PDPTW-SE/benchmark_multi_island_v5/official_experiments/multistartlp/official/set_01_pt_02/logs;0;0;0;0.0;100.0;1;126;/dados/rmelo/PDPTW-SE/benchmark_multi_island_v5/official_experiments/multistartlp/official/set_01_pt_02/logs/heur_mslp/solutions/60R_60V_04I_06M/LR2_2_5_sol_genconfig_mslp_seed_126.txt;Gurobi;AUTOMATIC;18.01;_bash_2;_seed_126;3212.81;1;514.3;/dados/rmelo/PDPTW-SE/benchmark_multi_island_v5/official_experiments/multistartlp/official/set_01_pt_02/logs/heur_mslp/timelines/60R_60V_04I_06M/LR2_2_5_timeline_genconfig_mslp_seed_126.txt;3600.03;t2;0;12280.75;false
