Set parameter WLSAccessID
Set parameter WLSSecret
Set parameter LicenseID to value 2661775
Academic license 2661775 - for non-commercial use only - registered to me___@dcc.ufba.br
Parameter 'method_type' with value 'form' successfully set as form of type <class 'str'>
Parameter 'method_code' with value 'melo_hx' successfully set as melo_hx of type <class 'str'>
Parameter 'seed' with value '0' successfully set as 0 of type <class 'int'>
Parameter 'hx_max_time' with value '3600' successfully set as 3600 of type <class 'int'>
Parameter 'elevator' with value '1' successfully set as 1 of type <class 'int'>
Parameter 'threads' with value '8' successfully set as 8 of type <class 'int'>
Parameter 'print_sol' with value '1' successfully set as 1 of type <class 'int'>
Parameter 'constraints_used_melo_mip_str' with value '1-29' successfully set as 1-29 of type <class 'str'>
Instance: lr205_t2_06R_06V_04F_03M
ParameterData(inst_path='/dados/rmelo/PDPTW-SE/benchmark_multi_floor_v3/official_experiments/mip_hexaly/set_02_pt_02/../../../instances/orig_ams_fg/06R_06V_04F_04M/t2/lr205/', name='lr205', type='t2', group='06R_06V_04F_03M', full_name='lr205_t2_06R_06V_04F_03M', method_type='form', method_code='melo_hx', gen_config_file='/dados/rmelo/PDPTW-SE/benchmark_multi_floor_v3/official_experiments/mip_hexaly/set_02_pt_02/configs/genconfig_melo_hx.conf', gen_config_filename='genconfig_melo_hx', greedy_service_order='tightest_tw', cutoff=0, cutoff_machs=3, solver='Gurobi', max_time=7200, gurobi_cuts=1, type_user_cut=0, mip_presolve=-1, print_sol=1, max_nodes=-1, elevator=1, make_instance_feasible=False, output='/dados/rmelo/PDPTW-SE/benchmark_multi_floor_v3/official_experiments/mip_hexaly/set_02_pt_02/logs', epsilon=0.005, epsilon_cap=0.5, warm_start=False, seed=0, rng=<random.Random object at 0x5622060e6990>, alpha=0.2, max_iter=1000000, output_flag_grb_mip=0, output_flag_grb_mslp=0, output_flag_grb_lmns=0, mslp_r='M', mslp_a='60', lmns_r='M', lmns_a='60', lmns_repair_time=30.0, lmns_mip_focus=0, lmns_gap_to_bigger_destruction=50, lmns_gap_to_smaller_destruction=95, lmns_weight_shaw_dist_prox=1.0, lmns_weight_shaw_earl_prox=1.0, lmns_weight_shaw_same_route=1.0, lmns_weight_shaw_demand_sim=1.0, lmns_req_r_apply_mip_start=True, lmns_acceptance_criteria='H', lmns_metropolis_temp=100.0, lmns_simulated_annealing_temp=100.0, lmns_simulated_annealing_cool=0.95, mip_max_time=3600, hx_max_time=3600, csv_file_name='', sol_file_name='', timeline_file_name='', grb_file_name='', validate_synchronization=True, constraints_used_melo_mip_str='1-29', constraints_used_melo_mip=None, run_callback_melo_mip=False, mip_heuristics=0.05, threads=8)
Constraints active in melo MIP
1 2 3 4 5 6 7 8 9 10 11 12 13 14 15 16 17 18 19 20 21 22 23 24 25 26 27 28 29 
[Reading Data] Using files at /dados/rmelo/PDPTW-SE/benchmark_multi_floor_v3/official_experiments/mip_hexaly/set_02_pt_02/../../../instances/orig_ams_fg/06R_06V_04F_04M/t2/lr205/
vehicles: [Vehicle(id=0, cap=34), Vehicle(id=1, cap=43), Vehicle(id=2, cap=52), Vehicle(id=3, cap=43), Vehicle(id=4, cap=52), Vehicle(id=5, cap=52)]
vehicle_types: [Vehicle(id=0, cap=34), Vehicle(id=3, cap=43), Vehicle(id=5, cap=52)]
machines: [Machine(id=0, points=[Point(x=35, y=38, z=0), Point(x=35, y=38, z=1), Point(x=35, y=38, z=2), Point(x=35, y=38, z=3)], spd=0.2), Machine(id=1, points=[Point(x=37, y=38, z=0), Point(x=37, y=38, z=1), Point(x=37, y=38, z=2), Point(x=37, y=38, z=3)], spd=0.2), Machine(id=2, points=[Point(x=33, y=38, z=0), Point(x=33, y=38, z=1), Point(x=33, y=38, z=2), Point(x=33, y=38, z=3)], spd=0.2)]
refs: [0, 1, 2, 3, 4, 5, 6, 10, 11, 8, 12, 7, 9, 0]
V: [0, 1, 2, 3, 4, 5, 6, 7, 8, 9, 10, 11, 12]
V_p: [1, 2, 3, 4, 5, 6]
V_d: [7, 8, 9, 10, 11, 12]
V_p_d: [1, 2, 3, 4, 5, 6, 7, 8, 9, 10, 11, 12]
Vprime: [0, 1, 2, 3, 4, 5, 6, 7, 8, 9, 10, 11, 12, 13]
q: [0, 13, 26, 3, 5, 16, 12, -13, -26, -3, -5, -16, -12, 0]
H: [0, 1, 2]
Machine points:
# Machine 0
	Point(x=35, y=38, z=0)
	Point(x=35, y=38, z=1)
	Point(x=35, y=38, z=2)
	Point(x=35, y=38, z=3)

# Machine 1
	Point(x=37, y=38, z=0)
	Point(x=37, y=38, z=1)
	Point(x=37, y=38, z=2)
	Point(x=37, y=38, z=3)

# Machine 2
	Point(x=33, y=38, z=0)
	Point(x=33, y=38, z=1)
	Point(x=33, y=38, z=2)
	Point(x=33, y=38, z=3)

f: [[0 0 0]
 [1 1 1]
 [0 0 0]
 [1 1 1]
 [2 2 2]
 [3 3 3]
 [0 0 0]
 [3 3 3]
 [1 1 1]
 [0 0 0]
 [2 2 2]
 [3 3 3]
 [0 0 0]
 [0 0 0]]
(0, 0, 0) 0.0
(0, 1, 0) 5.0
(0, 2, 0) 10.0
(0, 3, 0) 15.0
(1, 0, 0) 5.0
(1, 1, 0) 0.0
(1, 2, 0) 5.0
(1, 3, 0) 10.0
(2, 0, 0) 10.0
(2, 1, 0) 5.0
(2, 2, 0) 0.0
(2, 3, 0) 5.0
(3, 0, 0) 15.0
(3, 1, 0) 10.0
(3, 2, 0) 5.0
(3, 3, 0) 0.0
(0, 0, 1) 0.0
(0, 1, 1) 5.0
(0, 2, 1) 10.0
(0, 3, 1) 15.0
(1, 0, 1) 5.0
(1, 1, 1) 0.0
(1, 2, 1) 5.0
(1, 3, 1) 10.0
(2, 0, 1) 10.0
(2, 1, 1) 5.0
(2, 2, 1) 0.0
(2, 3, 1) 5.0
(3, 0, 1) 15.0
(3, 1, 1) 10.0
(3, 2, 1) 5.0
(3, 3, 1) 0.0
(0, 0, 2) 0.0
(0, 1, 2) 5.0
(0, 2, 2) 10.0
(0, 3, 2) 15.0
(1, 0, 2) 5.0
(1, 1, 2) 0.0
(1, 2, 2) 5.0
(1, 3, 2) 10.0
(2, 0, 2) 10.0
(2, 1, 2) 5.0
(2, 2, 2) 0.0
(2, 3, 2) 5.0
(3, 0, 2) 15.0
(3, 1, 2) 10.0
(3, 2, 2) 5.0
(3, 3, 2) 0.0
Number of arcs: 88
M:  (0, np.int64(0)) (1, np.int64(79)) (2, np.int64(1088)) (3, np.int64(1078)) (4, np.int64(1044)) (5, np.int64(1034)) (6, np.int64(1049)) (7, np.int64(1031)) (8, np.int64(16))
JOBS in the order of refs (Vprime)
Node 0: Job(id=0, point=Point(x=35, y=35, z=0), dem=0, earl=0, lat=1000, servt=0, pid=0, did=0)
Node 1: Job(id=3, point=Point(x=55, y=45, z=1), dem=13, earl=436, lat=676, servt=10, pid=0, did=50)
Node 2: Job(id=5, point=Point(x=15, y=30, z=0), dem=26, earl=20, lat=260, servt=10, pid=0, did=53)
Node 3: Job(id=6, point=Point(x=25, y=30, z=1), dem=3, earl=345, lat=585, servt=10, pid=0, did=22)
Node 4: Job(id=7, point=Point(x=20, y=50, z=2), dem=5, earl=251, lat=491, servt=10, pid=0, did=99)
Node 5: Job(id=10, point=Point(x=30, y=60, z=3), dem=16, earl=485, lat=725, servt=10, pid=0, did=17)
Node 6: Job(id=11, point=Point(x=20, y=65, z=0), dem=12, earl=146, lat=386, servt=10, pid=0, did=24)
Node 7: Job(id=50, point=Point(x=47, y=47, z=3), dem=-13, earl=475, lat=715, servt=10, pid=3, did=0)
Node 8: Job(id=53, point=Point(x=37, y=31, z=1), dem=-26, earl=332, lat=572, servt=10, pid=5, did=0)
Node 9: Job(id=22, point=Point(x=45, y=10, z=0), dem=-3, earl=332, lat=572, servt=10, pid=6, did=0)
Node 10: Job(id=99, point=Point(x=20, y=26, z=2), dem=-5, earl=263, lat=503, servt=10, pid=7, did=0)
Node 11: Job(id=17, point=Point(x=5, y=30, z=3), dem=-16, earl=682, lat=922, servt=10, pid=10, did=0)
Node 12: Job(id=24, point=Point(x=65, y=35, z=0), dem=-12, earl=656, lat=896, servt=10, pid=11, did=0)
Node 13: Job(id=0, point=Point(x=35, y=35, z=0), dem=0, earl=0, lat=1000, servt=0, pid=0, did=0)

### Preprocessing Data ###
	-> arcs: 196 (100.0%)
	-> arc_removals: 108 (55.1%)
	-> arc_removals_is_loop: 14 (7.14%)
	-> arc_removals_is_delivery_to_pickup: 8 (4.08%)
	-> arc_removals_is_depot_begin_to_delivery: 6 (3.06%)
	-> arc_removals_is_pickup_to_depot_end: 6 (3.06%)
	-> arc_removals_is_dest_depot_begin: 12 (6.12%)
	-> arc_removals_is_orig_depot_end: 11 (5.61%)
	-> arc_removals_is_capacity_violated: 0 (0.0%)
	-> arc_removals_is_time_window_limited: 38 (19.39%)
	-> arc_removals_is_time_window_pairing_limited: 12 (6.12%)
	-> arc_removals_is_indirect_request_service_impossible: 1 (0.51%)
	-> gamma_vars: 13068 (100.0%)
	-> feas_gamma_vars: 11466 (87.74%)
	-> infeas_gamma_vars_is_next_mtrv_unreachable: 1404 (10.74%)
	-> infeas_gamma_vars_is_iprime_jprime_eq_i_j: 198 (1.52%)
	-> machine_removal_for_an_arc: 0 (0.0%)
##########################

### Model variables summary ###
	-> Total number of variables: 12498
		- x: 528
		- z: 84
		- t: 12
		- tstart: 6
		- tfinal: 6
		- phi: 198
		- alpha: 198
		- gamma: 11466
	-> Number of binary variables: 12276


[14:50:20] Adding routing constraints
[14:50:20] Adding scheduling constraints
[14:50:20] Adding objective function

Model:  expressions = 157794, decisions = 12504, constraints = 45339, objectives = 1
Param:  time limit = 3600 sec, no iteration limit, nb threads = 8
        seed = 0

[objective direction ]:     minimize

[  0 sec,       0 itr]: No feasible solution found (infeas = 42)
[  1 sec,       0 itr]: No feasible solution found (infeas = 42)
[  2 sec,   13779 itr]: No feasible solution found (infeas = 42)
[  3 sec,   28496 itr]: No feasible solution found (infeas = 3)
[  4 sec,   28750 itr]: No feasible solution found (infeas = 3)
[  5 sec,   40487 itr]: No feasible solution found (infeas = 3)
[  6 sec,   51859 itr]: No feasible solution found (infeas = 3)
[  7 sec,   63609 itr]: No feasible solution found (infeas = 3)
[  8 sec,   74875 itr]: No feasible solution found (infeas = 3)
[  9 sec,   86073 itr]: No feasible solution found (infeas = 3)
[ 10 sec,   97138 itr]: No feasible solution found (infeas = 3)
[ 11 sec,  108696 itr]: No feasible solution found (infeas = 3)
[ 12 sec,  119478 itr]: No feasible solution found (infeas = 3)
[ 13 sec,  130178 itr]: No feasible solution found (infeas = 3)
[ 14 sec,  141451 itr]: No feasible solution found (infeas = 2)
[ 15 sec,  153886 itr]: No feasible solution found (infeas = 2)
[ 16 sec,  165553 itr]: No feasible solution found (infeas = 2)
[ 17 sec,  177724 itr]: No feasible solution found (infeas = 2)
[ 18 sec,  201606 itr]: No feasible solution found (infeas = 2)
[ 19 sec,  201606 itr]: No feasible solution found (infeas = 2)
[ 20 sec,  213226 itr]: No feasible solution found (infeas = 2)
[ 21 sec,  225001 itr]: No feasible solution found (infeas = 2)
[ 22 sec,  248592 itr]: No feasible solution found (infeas = 2)
[ 23 sec,  258675 itr]: No feasible solution found (infeas = 2)
[ 24 sec,  258675 itr]: No feasible solution found (infeas = 2)
[ 25 sec,  268540 itr]: No feasible solution found (infeas = 2)
[ 26 sec,  278723 itr]: No feasible solution found (infeas = 2)
[ 27 sec,  288960 itr]: No feasible solution found (infeas = 2)
[ 28 sec,  299250 itr]: No feasible solution found (infeas = 2)
[ 29 sec,  310376 itr]: No feasible solution found (infeas = 2)
[ 30 sec,  332412 itr]: No feasible solution found (infeas = 2)
[ 31 sec,  332412 itr]: No feasible solution found (infeas = 2)
[ 32 sec,  343030 itr]: No feasible solution found (infeas = 2)
[ 33 sec,  353983 itr]: No feasible solution found (infeas = 2)
[ 34 sec,  364244 itr]: No feasible solution found (infeas = 2)
[ 35 sec,  375190 itr]: No feasible solution found (infeas = 2)
[ 36 sec,  385028 itr]: No feasible solution found (infeas = 2)
[ 37 sec,  395773 itr]: No feasible solution found (infeas = 2)
[ 38 sec,  405983 itr]: No feasible solution found (infeas = 2)
[ 39 sec,  416367 itr]: No feasible solution found (infeas = 2)
[ 40 sec,  426486 itr]: No feasible solution found (infeas = 2)
[ 41 sec,  448575 itr]: No feasible solution found (infeas = 2)
[ 42 sec,  459305 itr]: No feasible solution found (infeas = 2)
[ 43 sec,  459305 itr]: No feasible solution found (infeas = 2)
[ 44 sec,  469151 itr]: No feasible solution found (infeas = 2)
[ 45 sec,  478713 itr]: No feasible solution found (infeas = 2)
[ 46 sec,  486661 itr]: No feasible solution found (infeas = 2)
[ 47 sec,  493556 itr]: No feasible solution found (infeas = 2)
[ 48 sec,  500552 itr]: No feasible solution found (infeas = 2)
[ 49 sec,  514776 itr]: No feasible solution found (infeas = 2)
[ 50 sec,  514776 itr]: No feasible solution found (infeas = 2)
[ 51 sec,  522238 itr]: No feasible solution found (infeas = 2)
[ 52 sec,  530914 itr]: No feasible solution found (infeas = 2)
[ 53 sec,  541811 itr]: No feasible solution found (infeas = 2)
[ 54 sec,  552039 itr]: No feasible solution found (infeas = 2)
[ 55 sec,  562156 itr]: No feasible solution found (infeas = 2)
[ 56 sec,  572572 itr]: No feasible solution found (infeas = 1)
[ 57 sec,  582733 itr]:      715.526
[ optimality gap     ]:      100.00%
[ 58 sec,  593513 itr]:      715.526
[ 59 sec,  605285 itr]:        715.5
[ 60 sec,  616262 itr]:        715.5
[ 61 sec,  627293 itr]:        715.5
[ 62 sec,  638143 itr]:        715.5
[ 63 sec,  649059 itr]:        715.5
[ 64 sec,  659861 itr]:        715.5
[ 65 sec,  670960 itr]:        715.5
[ 66 sec,  682024 itr]:        715.5
[ 67 sec,  693386 itr]:        715.5
[ optimality gap     ]:      100.00%
[ 68 sec,  703756 itr]:        715.5
[ 69 sec,  713161 itr]:        715.5
[ 70 sec,  722216 itr]:        715.5
[ 71 sec,  731467 itr]:        715.5
[ 72 sec,  740711 itr]:        715.5
[ 73 sec,  749750 itr]:        715.5
[ 74 sec,  759206 itr]:        715.5
[ 75 sec,  767872 itr]:        715.5
[ 76 sec,  785330 itr]:        715.5
[ 77 sec,  785330 itr]:        715.5
[ optimality gap     ]:      100.00%
[ 78 sec,  793535 itr]:        715.5
[ 79 sec,  802472 itr]:        715.5
[ 80 sec,  811423 itr]:        715.5
[ 81 sec,  827723 itr]:        715.5
[ 82 sec,  836408 itr]:        715.5
[ 83 sec,  844591 itr]:        715.5
[ 84 sec,  853184 itr]:        715.5
[ 85 sec,  861360 itr]:        715.5
[ 86 sec,  861360 itr]:        715.5
[ 87 sec,  869548 itr]:        715.5
[ optimality gap     ]:      100.00%
[ 88 sec,  878838 itr]:        715.5
[ 89 sec,  897111 itr]:        715.5
[ 90 sec,  897111 itr]:        715.5
[ 91 sec,  905862 itr]:        715.5
[ 92 sec,  914190 itr]:        715.5
[ 93 sec,  919952 itr]:        715.5
[ 94 sec,  928086 itr]:        715.5
[ 95 sec,  940638 itr]:        715.5
[ 96 sec,  940638 itr]:        715.5
[ 97 sec,  947057 itr]:        715.5
[ optimality gap     ]:      100.00%
[ 98 sec,  953309 itr]:        715.5
[ 99 sec,  959709 itr]:        715.5
[100 sec,  965981 itr]:        715.5
[101 sec,  972705 itr]:        715.5
[102 sec,  979239 itr]:        715.5
[103 sec,  985698 itr]:        715.5
[104 sec,  992269 itr]:        715.5
[105 sec, 1004574 itr]:        715.5
[106 sec, 1010959 itr]:        715.5
[107 sec, 1017345 itr]:        715.5
[ optimality gap     ]:      100.00%
[108 sec, 1017345 itr]:        715.5
[109 sec, 1030425 itr]:        715.5
[110 sec, 1030425 itr]:        715.5
[111 sec, 1037285 itr]:        715.5
[112 sec, 1050531 itr]:       708.67
[113 sec, 1050531 itr]:       708.67
[114 sec, 1063798 itr]:       708.67
[115 sec, 1063798 itr]:       708.67
[116 sec, 1076303 itr]:       708.67
[117 sec, 1076303 itr]:       708.67
[ optimality gap     ]:      100.00%
[118 sec, 1082649 itr]:       708.67
[119 sec, 1089234 itr]:       708.67
[120 sec, 1095620 itr]:       708.67
[121 sec, 1102242 itr]:       708.67
[122 sec, 1115257 itr]:      708.669
[123 sec, 1121478 itr]:      708.669
[124 sec, 1127420 itr]:      708.669
[125 sec, 1133504 itr]:      708.669
[126 sec, 1140008 itr]:      708.669
[127 sec, 1146260 itr]:      708.669
[ optimality gap     ]:      100.00%
[128 sec, 1146260 itr]:      708.669
[129 sec, 1157748 itr]:      708.669
[130 sec, 1157748 itr]:      708.669
[131 sec, 1168524 itr]:      708.669
[132 sec, 1168524 itr]:      708.669
[133 sec, 1178530 itr]:      708.669
[134 sec, 1183084 itr]:      708.669
[135 sec, 1183084 itr]:      708.669
[136 sec, 1187747 itr]:        695.3
[137 sec, 1191929 itr]:       694.08
[ optimality gap     ]:      100.00%
[138 sec, 1200743 itr]:       694.08
[139 sec, 1200743 itr]:       694.08
[140 sec, 1204954 itr]:       694.08
[141 sec, 1208834 itr]:       694.08
[142 sec, 1212702 itr]:       694.08
[143 sec, 1217050 itr]:      694.079
[144 sec, 1226751 itr]:      694.079
[145 sec, 1226751 itr]:      694.079
[146 sec, 1232316 itr]:      694.079
[147 sec, 1238387 itr]:       693.17
[ optimality gap     ]:      100.00%
[148 sec, 1247695 itr]:       691.54
[149 sec, 1247695 itr]:       691.54
[150 sec, 1252892 itr]:       691.54
[151 sec, 1257089 itr]:       691.54
[152 sec, 1266456 itr]:       691.54
[153 sec, 1266456 itr]:       691.54
[154 sec, 1270983 itr]:      691.539
[155 sec, 1275929 itr]:      691.539
[156 sec, 1281202 itr]:      691.539
[157 sec, 1291087 itr]:      691.539
[ optimality gap     ]:      100.00%
[158 sec, 1296549 itr]:      691.538
[159 sec, 1296549 itr]:       690.27
[160 sec, 1302077 itr]:      690.269
[161 sec, 1311109 itr]:      690.269
[162 sec, 1311109 itr]:      690.269
[163 sec, 1316563 itr]:       689.56
[164 sec, 1320925 itr]:      689.559
[165 sec, 1323875 itr]:      689.559
[166 sec, 1329074 itr]:      689.559
[167 sec, 1331895 itr]:       688.33
[ optimality gap     ]:      100.00%
[168 sec, 1331895 itr]:       687.01
[169 sec, 1334630 itr]:      687.009
[170 sec, 1337988 itr]:      687.009
[171 sec, 1341448 itr]:      687.009
[172 sec, 1348459 itr]:      687.009
[173 sec, 1348459 itr]:      687.009
[174 sec, 1352468 itr]:      687.009
[175 sec, 1355341 itr]:      687.009
[176 sec, 1358019 itr]:      687.009
[177 sec, 1364130 itr]:      687.009
[ optimality gap     ]:      100.00%
[178 sec, 1364130 itr]:      687.009
[179 sec, 1371195 itr]:      687.009
[180 sec, 1371195 itr]:       686.18
[181 sec, 1373991 itr]:       686.18
[182 sec, 1377989 itr]:       672.85
[183 sec, 1382084 itr]:       668.46
[184 sec, 1385164 itr]:       667.32
[185 sec, 1394369 itr]:       665.39
[186 sec, 1401036 itr]:       665.39
[187 sec, 1404389 itr]:       664.95
[ optimality gap     ]:      100.00%
[188 sec, 1404389 itr]:       662.43
[189 sec, 1407182 itr]:       661.03
[190 sec, 1409755 itr]:       660.89
[191 sec, 1412722 itr]:       658.81
[192 sec, 1415552 itr]:       658.81
[193 sec, 1421677 itr]:       658.81
[194 sec, 1421677 itr]:       658.81
[195 sec, 1425448 itr]:       658.81
[196 sec, 1428776 itr]:       658.81
[197 sec, 1432181 itr]:       658.81
[ optimality gap     ]:      100.00%
[198 sec, 1435559 itr]:       658.81
[199 sec, 1438704 itr]:       658.81
[200 sec, 1441735 itr]:      658.809
[201 sec, 1445310 itr]:      658.809
[202 sec, 1448204 itr]:      658.809
[203 sec, 1451303 itr]:      658.809
[204 sec, 1454194 itr]:      658.809
[205 sec, 1457550 itr]:      658.809
[206 sec, 1460378 itr]:      658.809
[207 sec, 1464222 itr]:      658.809
[ optimality gap     ]:      100.00%
[208 sec, 1467625 itr]:      658.809
[209 sec, 1473459 itr]:      658.809
[210 sec, 1473459 itr]:      658.809
[211 sec, 1477043 itr]:      658.809
[212 sec, 1479958 itr]:      658.809
[213 sec, 1482552 itr]:      658.809
[214 sec, 1485257 itr]:      658.809
[215 sec, 1491747 itr]:      658.809
[216 sec, 1491747 itr]:      658.809
[217 sec, 1495815 itr]:      658.809
[ optimality gap     ]:      100.00%
[218 sec, 1499118 itr]:      658.809
[219 sec, 1505562 itr]:      658.809
[220 sec, 1505562 itr]:      658.809
[221 sec, 1511939 itr]:      658.809
[222 sec, 1514832 itr]:      658.809
[223 sec, 1514832 itr]:      658.809
[224 sec, 1520798 itr]:      658.809
[225 sec, 1520798 itr]:      658.809
[226 sec, 1527451 itr]:      658.809
[227 sec, 1527451 itr]:      658.809
[ optimality gap     ]:      100.00%
[228 sec, 1533566 itr]:      658.809
[229 sec, 1533566 itr]:      658.809
[230 sec, 1540193 itr]:      658.809
[231 sec, 1540193 itr]:      658.809
[232 sec, 1542963 itr]:      658.809
[233 sec, 1546216 itr]:      658.809
[234 sec, 1549159 itr]:      658.809
[235 sec, 1552561 itr]:      658.809
[236 sec, 1555840 itr]:      658.809
[237 sec, 1559413 itr]:      658.809
[ optimality gap     ]:      100.00%
[238 sec, 1562557 itr]:      658.809
[239 sec, 1568798 itr]:      658.809
[240 sec, 1568798 itr]:      658.809
[241 sec, 1572151 itr]:      658.809
[242 sec, 1575732 itr]:      658.809
[243 sec, 1583169 itr]:      658.809
[244 sec, 1583169 itr]:      658.809
[245 sec, 1586855 itr]:      658.809
[246 sec, 1589874 itr]:      658.809
[247 sec, 1598317 itr]:        646.8
[ optimality gap     ]:      100.00%
[248 sec, 1606211 itr]:       644.37
[249 sec, 1614398 itr]:       644.37
[250 sec, 1622458 itr]:       644.37
[251 sec, 1630990 itr]:       644.37
[252 sec, 1639555 itr]:      644.369
[253 sec, 1648504 itr]:      644.369
[254 sec, 1657130 itr]:      644.369
[255 sec, 1657130 itr]:      644.369
[256 sec, 1665602 itr]:      644.369
[257 sec, 1683338 itr]:      644.369
[ optimality gap     ]:      100.00%
[258 sec, 1692348 itr]:      644.369
[259 sec, 1700853 itr]:      644.369
[260 sec, 1700853 itr]:      644.369
[261 sec, 1718484 itr]:      644.368
[262 sec, 1727387 itr]:      644.368
[263 sec, 1727387 itr]:      644.368
[264 sec, 1735957 itr]:       643.99
[265 sec, 1753258 itr]:       643.99
[266 sec, 1761880 itr]:       643.99
[267 sec, 1770983 itr]:       643.99
[ optimality gap     ]:      100.00%
[268 sec, 1779889 itr]:       643.99
[269 sec, 1788477 itr]:       643.99
[270 sec, 1797117 itr]:       643.99
[271 sec, 1805686 itr]:      643.988
[272 sec, 1814759 itr]:      643.988
[273 sec, 1823643 itr]:      643.988
[274 sec, 1831771 itr]:      643.988
[275 sec, 1840855 itr]:      643.988
[276 sec, 1840855 itr]:      643.988
[277 sec, 1857984 itr]:      643.988
[ optimality gap     ]:      100.00%
[278 sec, 1867454 itr]:      643.988
[279 sec, 1876282 itr]:      643.988
[280 sec, 1876282 itr]:      643.988
[281 sec, 1885511 itr]:      643.988
[282 sec, 1903422 itr]:      643.988
[283 sec, 1912374 itr]:      643.988
[284 sec, 1920974 itr]:      643.988
[285 sec, 1929754 itr]:      643.988
[286 sec, 1938074 itr]:      643.988
[287 sec, 1946891 itr]:      643.988
[ optimality gap     ]:      100.00%
[288 sec, 1955871 itr]:      643.988
[289 sec, 1964636 itr]:      643.988
[290 sec, 1973749 itr]:      643.988
[291 sec, 1982573 itr]:      643.988
[292 sec, 1991389 itr]:      643.988
[293 sec, 1991389 itr]:       639.67
[294 sec, 1996831 itr]:       639.61
[295 sec, 2000419 itr]:       637.46
[296 sec, 2004530 itr]:       637.46
[297 sec, 2013600 itr]:       637.46
[ optimality gap     ]:      100.00%
[298 sec, 2013600 itr]:       637.46
[299 sec, 2018274 itr]:       637.46
[300 sec, 2022016 itr]:      637.459
[301 sec, 2026513 itr]:      637.459
[302 sec, 2031421 itr]:      637.459
[303 sec, 2035655 itr]:       615.49
[304 sec, 2039412 itr]:       615.11
[305 sec, 2042546 itr]:      615.109
[306 sec, 2045814 itr]:      615.109
[307 sec, 2049642 itr]:      615.109
[ optimality gap     ]:      100.00%
[308 sec, 2053396 itr]:      615.109
[309 sec, 2057464 itr]:      615.109
[310 sec, 2064490 itr]:       612.64
[311 sec, 2064490 itr]:       612.04
[312 sec, 2068096 itr]:       612.04
[313 sec, 2071489 itr]:       612.04
[314 sec, 2075468 itr]:       612.04
[315 sec, 2078967 itr]:       612.04
[316 sec, 2082896 itr]:       612.04
[317 sec, 2086698 itr]:       612.04
[ optimality gap     ]:      100.00%
[318 sec, 2090798 itr]:       612.04
[319 sec, 2094084 itr]:       612.04
[320 sec, 2098208 itr]:      612.039
[321 sec, 2102427 itr]:      612.039
[322 sec, 2106067 itr]:      612.039
[323 sec, 2110048 itr]:      612.039
[324 sec, 2113819 itr]:      612.039
[325 sec, 2117987 itr]:      612.039
[326 sec, 2121957 itr]:      612.039
[327 sec, 2124827 itr]:      612.039
[ optimality gap     ]:      100.00%
[328 sec, 2133154 itr]:      612.039
[329 sec, 2133154 itr]:      612.039
[330 sec, 2137557 itr]:      612.039
[331 sec, 2145895 itr]:      612.039
[332 sec, 2145895 itr]:      612.039
[333 sec, 2149318 itr]:      612.039
[334 sec, 2156561 itr]:      612.039
[335 sec, 2160245 itr]:      612.039
[336 sec, 2160245 itr]:      612.039
[337 sec, 2163658 itr]:      612.039
[ optimality gap     ]:      100.00%
[338 sec, 2171352 itr]:      612.039
[339 sec, 2171352 itr]:      612.039
[340 sec, 2175570 itr]:      612.039
[341 sec, 2179413 itr]:      612.039
[342 sec, 2182435 itr]:      612.039
[343 sec, 2186369 itr]:      612.039
[344 sec, 2190067 itr]:      612.039
[345 sec, 2193939 itr]:      612.039
[346 sec, 2197650 itr]:      612.039
[347 sec, 2200913 itr]:      612.039
[ optimality gap     ]:      100.00%
[348 sec, 2204258 itr]:       611.52
[349 sec, 2208609 itr]:       611.52
[350 sec, 2211990 itr]:       611.52
[351 sec, 2216782 itr]:       611.52
[352 sec, 2225202 itr]:       611.46
[353 sec, 2229403 itr]:       611.46
[354 sec, 2229403 itr]:       611.46
[355 sec, 2233505 itr]:       611.46
[356 sec, 2237956 itr]:       611.46
[357 sec, 2242615 itr]:       611.46
[ optimality gap     ]:      100.00%
[358 sec, 2246029 itr]:       611.46
[359 sec, 2250498 itr]:       611.46
[360 sec, 2254747 itr]:       611.46
[361 sec, 2258956 itr]:       611.46
[362 sec, 2267420 itr]:       611.46
[363 sec, 2267420 itr]:       611.46
[364 sec, 2275330 itr]:       611.46
[365 sec, 2275330 itr]:       611.46
[366 sec, 2284353 itr]:       611.46
[367 sec, 2288484 itr]:       611.46
[ optimality gap     ]:      100.00%
[368 sec, 2292944 itr]:       611.46
[369 sec, 2292944 itr]:       611.46
[370 sec, 2296617 itr]:      611.459
[371 sec, 2301513 itr]:      611.459
[372 sec, 2305807 itr]:      611.459
[373 sec, 2314724 itr]:      611.459
[374 sec, 2314724 itr]:      611.459
[375 sec, 2323819 itr]:      611.459
[376 sec, 2323819 itr]:      611.459
[377 sec, 2327940 itr]:      611.459
[ optimality gap     ]:      100.00%
[378 sec, 2336176 itr]:      611.459
[379 sec, 2336176 itr]:      611.459
[380 sec, 2344983 itr]:      611.459
[381 sec, 2344983 itr]:      611.459
[382 sec, 2353507 itr]:      611.459
[383 sec, 2357830 itr]:      611.459
[384 sec, 2361728 itr]:      611.459
[385 sec, 2361728 itr]:      611.459
[386 sec, 2365216 itr]:      611.459
[387 sec, 2373203 itr]:      611.459
[ optimality gap     ]:      100.00%
[388 sec, 2377684 itr]:      611.459
[389 sec, 2377684 itr]:      611.459
[390 sec, 2382529 itr]:      611.459
[391 sec, 2391139 itr]:      611.459
[392 sec, 2394946 itr]:      611.459
[393 sec, 2394946 itr]:      611.459
[394 sec, 2402819 itr]:      611.459
[395 sec, 2402819 itr]:      611.459
[396 sec, 2410960 itr]:      611.459
[397 sec, 2410960 itr]:      611.459
[ optimality gap     ]:      100.00%
[398 sec, 2419656 itr]:      611.459
[399 sec, 2423838 itr]:      611.459
[400 sec, 2427942 itr]:      611.459
[401 sec, 2427942 itr]:      611.459
[402 sec, 2432838 itr]:      611.459
[403 sec, 2437258 itr]:      611.459
[404 sec, 2445586 itr]:      611.459
[405 sec, 2445586 itr]:      611.459
[406 sec, 2454757 itr]:      611.459
[407 sec, 2454757 itr]:      611.459
[ optimality gap     ]:      100.00%
[408 sec, 2463305 itr]:      611.459
[409 sec, 2463305 itr]:      611.459
[410 sec, 2467526 itr]:      611.459
[411 sec, 2476485 itr]:      611.459
[412 sec, 2476485 itr]:      611.459
[413 sec, 2482266 itr]:      611.459
[414 sec, 2488069 itr]:      611.459
[415 sec, 2492656 itr]:      611.459
[416 sec, 2497070 itr]:      611.459
[417 sec, 2505856 itr]:      611.459
[ optimality gap     ]:      100.00%
[418 sec, 2510709 itr]:      611.459
[419 sec, 2515670 itr]:      611.459
[420 sec, 2520552 itr]:      611.459
[421 sec, 2520552 itr]:      611.459
[422 sec, 2525013 itr]:      611.459
[423 sec, 2529649 itr]:      611.459
[424 sec, 2537620 itr]:      611.459
[425 sec, 2537620 itr]:      611.459
[426 sec, 2545844 itr]:      611.459
[427 sec, 2545844 itr]:      611.459
[ optimality gap     ]:      100.00%
[428 sec, 2550552 itr]:      611.459
[429 sec, 2558633 itr]:      611.459
[430 sec, 2563473 itr]:      611.459
[431 sec, 2563473 itr]:      611.459
[432 sec, 2568531 itr]:      611.459
[433 sec, 2573260 itr]:      611.459
[434 sec, 2578097 itr]:      611.459
[435 sec, 2586954 itr]:      611.459
[436 sec, 2591352 itr]:      611.459
[437 sec, 2596051 itr]:      611.459
[ optimality gap     ]:      100.00%
[438 sec, 2601121 itr]:      611.459
[439 sec, 2601121 itr]:      611.459
[440 sec, 2610076 itr]:      611.459
[441 sec, 2614384 itr]:      611.459
[442 sec, 2614384 itr]:      611.459
[443 sec, 2618595 itr]:      611.459
[444 sec, 2623048 itr]:      611.459
[445 sec, 2627549 itr]:      611.459
[446 sec, 2631929 itr]:      611.459
[447 sec, 2640855 itr]:      611.459
[ optimality gap     ]:      100.00%
[448 sec, 2640855 itr]:      611.459
[449 sec, 2644943 itr]:      611.459
[450 sec, 2654241 itr]:      611.459
[451 sec, 2654241 itr]:      611.459
[452 sec, 2659255 itr]:      611.459
[453 sec, 2663355 itr]:      611.459
[454 sec, 2667858 itr]:      611.459
[455 sec, 2676706 itr]:      611.459
[456 sec, 2681125 itr]:      611.459
[457 sec, 2681125 itr]:      611.459
[ optimality gap     ]:      100.00%
[458 sec, 2689334 itr]:      611.459
[459 sec, 2694112 itr]:      611.459
[460 sec, 2694112 itr]:      611.459
[461 sec, 2703569 itr]:      611.459
[462 sec, 2703569 itr]:      611.459
[463 sec, 2712055 itr]:      611.459
[464 sec, 2712055 itr]:      611.459
[465 sec, 2716675 itr]:      611.459
[466 sec, 2721538 itr]:      611.459
[467 sec, 2730585 itr]:      611.459
[ optimality gap     ]:      100.00%
[468 sec, 2735026 itr]:      611.459
[469 sec, 2735026 itr]:      611.459
[470 sec, 2739883 itr]:      611.459
[471 sec, 2748433 itr]:      611.459
[472 sec, 2748433 itr]:      611.459
[473 sec, 2753029 itr]:      611.459
[474 sec, 2757826 itr]:      611.459
[475 sec, 2762354 itr]:      611.459
[476 sec, 2767271 itr]:      611.459
[477 sec, 2771768 itr]:      611.459
[ optimality gap     ]:      100.00%
[478 sec, 2781156 itr]:      611.459
[479 sec, 2781156 itr]:      611.459
[480 sec, 2785846 itr]:      611.459
[481 sec, 2790408 itr]:      611.459
[482 sec, 2794254 itr]:      611.459
[483 sec, 2798165 itr]:      611.459
[484 sec, 2802745 itr]:      611.459
[485 sec, 2811294 itr]:      611.459
[486 sec, 2811294 itr]:      611.459
[487 sec, 2816016 itr]:      611.459
[ optimality gap     ]:      100.00%
[488 sec, 2820351 itr]:      611.459
[489 sec, 2824734 itr]:      611.459
[490 sec, 2833991 itr]:      611.459
[491 sec, 2833991 itr]:      611.459
[492 sec, 2838226 itr]:      611.459
[493 sec, 2842339 itr]:      611.459
[494 sec, 2847207 itr]:      611.459
[495 sec, 2853684 itr]:      611.459
[496 sec, 2860252 itr]:      611.459
[497 sec, 2866110 itr]:      611.459
[ optimality gap     ]:      100.00%
[498 sec, 2871961 itr]:      611.459
[499 sec, 2878054 itr]:      611.459
[500 sec, 2882200 itr]:      611.459
[501 sec, 2887144 itr]:      611.459
[502 sec, 2892304 itr]:      611.459
[503 sec, 2898061 itr]:      611.459
[504 sec, 2904042 itr]:      611.459
[505 sec, 2910226 itr]:      611.459
[506 sec, 2915190 itr]:      611.459
[507 sec, 2920418 itr]:      611.459
[ optimality gap     ]:      100.00%
[508 sec, 2931195 itr]:      611.459
[509 sec, 2937448 itr]:      611.459
[510 sec, 2943144 itr]:      611.459
[511 sec, 2943144 itr]:      611.459
[512 sec, 2954085 itr]:      611.459
[513 sec, 2954085 itr]:      611.459
[514 sec, 2958805 itr]:      611.459
[515 sec, 2962687 itr]:      611.459
[516 sec, 2966219 itr]:      611.459
[517 sec, 2974870 itr]:      611.459
[ optimality gap     ]:      100.00%
[518 sec, 2979455 itr]:      611.459
[519 sec, 2979455 itr]:      611.459
[520 sec, 2982464 itr]:      611.459
[521 sec, 2986509 itr]:      611.459
[522 sec, 2990825 itr]:      611.459
[523 sec, 2999056 itr]:      611.459
[524 sec, 2999056 itr]:      611.459
[525 sec, 3007306 itr]:      611.459
[526 sec, 3007306 itr]:      611.459
[527 sec, 3015825 itr]:      611.459
[ optimality gap     ]:      100.00%
[528 sec, 3015825 itr]:      611.459
[529 sec, 3020304 itr]:      611.459
[530 sec, 3023634 itr]:      611.459
[531 sec, 3027805 itr]:      611.459
[532 sec, 3032203 itr]:      611.459
[533 sec, 3039568 itr]:      611.459
[534 sec, 3039568 itr]:      611.459
[535 sec, 3043942 itr]:      611.459
[536 sec, 3047781 itr]:      611.459
[537 sec, 3056411 itr]:      611.459
[ optimality gap     ]:      100.00%
[538 sec, 3061139 itr]:      611.459
[539 sec, 3065003 itr]:      611.459
[540 sec, 3069224 itr]:      611.459
[541 sec, 3069224 itr]:      611.459
[542 sec, 3077401 itr]:      611.459
[543 sec, 3077401 itr]:      611.459
[544 sec, 3085388 itr]:      611.459
[545 sec, 3089364 itr]:      611.459
[546 sec, 3089364 itr]:      611.459
[547 sec, 3098340 itr]:      611.459
[ optimality gap     ]:      100.00%
[548 sec, 3102494 itr]:      611.459
[549 sec, 3102494 itr]:      611.459
[550 sec, 3106929 itr]:      611.459
[551 sec, 3115882 itr]:      611.459
[552 sec, 3120107 itr]:      611.459
[553 sec, 3120107 itr]:      611.459
[554 sec, 3124805 itr]:      611.459
[555 sec, 3132839 itr]:      611.459
[556 sec, 3137557 itr]:      611.459
[557 sec, 3137557 itr]:      611.459
[ optimality gap     ]:      100.00%
[558 sec, 3142023 itr]:      611.459
[559 sec, 3149928 itr]:      611.459
[560 sec, 3154339 itr]:      611.459
[561 sec, 3158223 itr]:      611.459
[562 sec, 3162331 itr]:      611.459
[563 sec, 3166441 itr]:      611.459
[564 sec, 3170951 itr]:      611.459
[565 sec, 3170951 itr]:      611.459
[566 sec, 3175625 itr]:      611.459
[567 sec, 3179559 itr]:      611.459
[ optimality gap     ]:      100.00%
[568 sec, 3183536 itr]:      611.459
[569 sec, 3187819 itr]:      611.459
[570 sec, 3192114 itr]:      611.459
[571 sec, 3200540 itr]:      611.459
[572 sec, 3200540 itr]:      611.459
[573 sec, 3208243 itr]:      611.459
[574 sec, 3208243 itr]:      611.459
[575 sec, 3216843 itr]:      611.459
[576 sec, 3216843 itr]:      611.459
[577 sec, 3221126 itr]:      611.459
[ optimality gap     ]:      100.00%
[578 sec, 3229335 itr]:      611.459
[579 sec, 3229335 itr]:      611.459
[580 sec, 3233689 itr]:      611.459
[581 sec, 3237372 itr]:      611.459
[582 sec, 3240932 itr]:      611.459
[583 sec, 3245344 itr]:      611.459
[584 sec, 3249695 itr]:      611.459
[585 sec, 3254332 itr]:      611.459
[586 sec, 3263443 itr]:      611.459
[587 sec, 3263443 itr]:      611.459
[ optimality gap     ]:      100.00%
[588 sec, 3267628 itr]:      611.459
[589 sec, 3271741 itr]:      611.459
[590 sec, 3280685 itr]:      611.459
[591 sec, 3280685 itr]:      611.459
[592 sec, 3289847 itr]:      611.459
[593 sec, 3289847 itr]:      611.459
[594 sec, 3298782 itr]:      611.459
[595 sec, 3303094 itr]:      611.459
[596 sec, 3307233 itr]:      611.459
[597 sec, 3307233 itr]:      611.459
[ optimality gap     ]:      100.00%
[598 sec, 3310625 itr]:      611.459
[599 sec, 3314728 itr]:      611.459
[600 sec, 3318574 itr]:      611.459
[601 sec, 3322236 itr]:      611.459
[602 sec, 3326321 itr]:      611.459
[603 sec, 3330391 itr]:      611.459
[604 sec, 3338423 itr]:      611.459
[605 sec, 3338423 itr]:      611.459
[606 sec, 3342744 itr]:      611.459
[607 sec, 3347195 itr]:      611.459
[ optimality gap     ]:      100.00%
[608 sec, 3351141 itr]:      611.459
[609 sec, 3354935 itr]:      611.459
[610 sec, 3363180 itr]:      611.459
[611 sec, 3367466 itr]:      611.459
[612 sec, 3367466 itr]:      611.459
[613 sec, 3371254 itr]:      611.459
[614 sec, 3375025 itr]:      611.459
[615 sec, 3378979 itr]:      611.459
[616 sec, 3387594 itr]:      611.459
[617 sec, 3387594 itr]:      611.459
[ optimality gap     ]:      100.00%
[618 sec, 3396000 itr]:      611.459
[619 sec, 3399980 itr]:      611.459
[620 sec, 3399980 itr]:      611.459
[621 sec, 3404133 itr]:      611.459
[622 sec, 3412480 itr]:      611.459
[623 sec, 3416878 itr]:      611.459
[624 sec, 3416878 itr]:      611.459
[625 sec, 3421220 itr]:      611.459
[626 sec, 3425199 itr]:      611.459
[627 sec, 3428282 itr]:      611.459
[ optimality gap     ]:      100.00%
[628 sec, 3432262 itr]:      611.459
[629 sec, 3438993 itr]:      611.459
[630 sec, 3438993 itr]:      611.459
[631 sec, 3447304 itr]:      611.459
[632 sec, 3447304 itr]:      611.459
[633 sec, 3451447 itr]:      611.459
[634 sec, 3454887 itr]:      611.459
[635 sec, 3459061 itr]:      611.459
[636 sec, 3463196 itr]:        611.4
[637 sec, 3467268 itr]:        611.4
[ optimality gap     ]:      100.00%
[638 sec, 3475446 itr]:        611.4
[639 sec, 3475446 itr]:        611.4
[640 sec, 3479543 itr]:        611.4
[641 sec, 3482417 itr]:        611.4
[642 sec, 3486721 itr]:        611.4
[643 sec, 3495084 itr]:        611.4
[644 sec, 3499687 itr]:        611.4
[645 sec, 3499687 itr]:        611.4
[646 sec, 3504281 itr]:        611.4
[647 sec, 3508950 itr]:      611.399
[ optimality gap     ]:      100.00%
[648 sec, 3513160 itr]:      611.399
[649 sec, 3521924 itr]:      611.399
[650 sec, 3525988 itr]:      611.399
[651 sec, 3525988 itr]:      611.399
[652 sec, 3533973 itr]:      611.399
[653 sec, 3538148 itr]:      611.399
[654 sec, 3538148 itr]:      611.399
[655 sec, 3545390 itr]:      611.399
[656 sec, 3545390 itr]:      611.399
[657 sec, 3549535 itr]:      611.399
[ optimality gap     ]:      100.00%
[658 sec, 3554142 itr]:      611.399
[659 sec, 3558141 itr]:      611.399
[660 sec, 3562204 itr]:      611.399
[661 sec, 3569965 itr]:      611.399
[662 sec, 3569965 itr]:      611.399
[663 sec, 3574634 itr]:      611.399
[664 sec, 3582835 itr]:      611.399
[665 sec, 3582835 itr]:      611.399
[666 sec, 3591391 itr]:      611.399
[667 sec, 3591391 itr]:      611.399
[ optimality gap     ]:      100.00%
[668 sec, 3596036 itr]:      611.399
[669 sec, 3600140 itr]:      611.399
[670 sec, 3608015 itr]:      611.399
[671 sec, 3612193 itr]:      611.399
[672 sec, 3612193 itr]:      611.399
[673 sec, 3616591 itr]:      611.399
[674 sec, 3620288 itr]:      611.399
[675 sec, 3627771 itr]:      611.399
[676 sec, 3632191 itr]:      611.399
[677 sec, 3636789 itr]:      611.399
[ optimality gap     ]:      100.00%
[678 sec, 3641339 itr]:      611.399
[679 sec, 3645148 itr]:      611.399
[680 sec, 3649124 itr]:      611.399
[681 sec, 3653437 itr]:      611.399
[682 sec, 3653437 itr]:      611.399
[683 sec, 3657280 itr]:      611.399
[684 sec, 3665568 itr]:      611.399
[685 sec, 3665568 itr]:      611.399
[686 sec, 3670392 itr]:      611.399
[687 sec, 3679213 itr]:      611.399
[ optimality gap     ]:      100.00%
[688 sec, 3682956 itr]:      611.399
[689 sec, 3682956 itr]:      611.399
[690 sec, 3687471 itr]:      611.399
[691 sec, 3691542 itr]:      611.399
[692 sec, 3695918 itr]:      611.399
[693 sec, 3700339 itr]:      611.399
[694 sec, 3709366 itr]:      611.399
[695 sec, 3709366 itr]:      611.399
[696 sec, 3718190 itr]:      611.399
[697 sec, 3722389 itr]:      611.399
[ optimality gap     ]:      100.00%
[698 sec, 3722389 itr]:      611.399
[699 sec, 3726225 itr]:      611.399
[700 sec, 3729678 itr]:      611.399
[701 sec, 3733772 itr]:      611.399
[702 sec, 3738123 itr]:      611.399
[703 sec, 3742126 itr]:      611.399
[704 sec, 3748975 itr]:      611.399
[705 sec, 3748975 itr]:      611.399
[706 sec, 3752774 itr]:      611.399
[707 sec, 3756719 itr]:      611.399
[ optimality gap     ]:      100.00%
[708 sec, 3760136 itr]:      611.399
[709 sec, 3768134 itr]:      611.399
[710 sec, 3768134 itr]:      611.399
[711 sec, 3772650 itr]:      611.399
[712 sec, 3776458 itr]:      611.399
[713 sec, 3781071 itr]:      611.399
[714 sec, 3784985 itr]:      611.399
[715 sec, 3788994 itr]:      611.399
[716 sec, 3792774 itr]:      611.399
[717 sec, 3796770 itr]:      611.399
[ optimality gap     ]:      100.00%
[718 sec, 3804442 itr]:      611.399
[719 sec, 3804442 itr]:      611.399
[720 sec, 3808880 itr]:      611.399
[721 sec, 3817866 itr]:      611.399
[722 sec, 3817866 itr]:      611.399
[723 sec, 3822398 itr]:      611.399
[724 sec, 3826385 itr]:      611.399
[725 sec, 3830141 itr]:      611.399
[726 sec, 3838161 itr]:      611.399
[727 sec, 3842022 itr]:      611.399
[ optimality gap     ]:      100.00%
[728 sec, 3842022 itr]:      611.399
[729 sec, 3850994 itr]:      611.399
[730 sec, 3850994 itr]:      611.399
[731 sec, 3854134 itr]:      611.399
[732 sec, 3858220 itr]:      611.399
[733 sec, 3862365 itr]:      611.399
[734 sec, 3866643 itr]:      611.399
[735 sec, 3871144 itr]:      611.399
[736 sec, 3874280 itr]:      611.399
[737 sec, 3878608 itr]:      611.399
[ optimality gap     ]:      100.00%
[738 sec, 3882869 itr]:      611.399
[739 sec, 3886855 itr]:      611.399
[740 sec, 3890884 itr]:      611.399
[741 sec, 3899299 itr]:      611.399
[742 sec, 3899299 itr]:      611.399
[743 sec, 3903168 itr]:      611.399
[744 sec, 3912316 itr]:      611.399
[745 sec, 3912316 itr]:      611.399
[746 sec, 3916719 itr]:      611.399
[747 sec, 3920599 itr]:      611.399
[ optimality gap     ]:      100.00%
[748 sec, 3929356 itr]:      611.399
[749 sec, 3929356 itr]:      611.399
[750 sec, 3933861 itr]:      611.399
[751 sec, 3938530 itr]:      611.399
[752 sec, 3946590 itr]:      611.399
[753 sec, 3946590 itr]:      611.399
[754 sec, 3950510 itr]:      611.399
[755 sec, 3959011 itr]:      611.399
[756 sec, 3959011 itr]:      611.399
[757 sec, 3966980 itr]:      611.399
[ optimality gap     ]:      100.00%
[758 sec, 3971444 itr]:      611.399
[759 sec, 3975159 itr]:      611.399
[760 sec, 3975159 itr]:      611.399
[761 sec, 3979493 itr]:      611.399
[762 sec, 3983370 itr]:      611.399
[763 sec, 3987758 itr]:      611.399
[764 sec, 3996634 itr]:      611.399
[765 sec, 4001041 itr]:      611.399
[766 sec, 4001041 itr]:      611.399
[767 sec, 4009297 itr]:      611.399
[ optimality gap     ]:      100.00%
[768 sec, 4009297 itr]:      611.399
[769 sec, 4013847 itr]:      611.399
[770 sec, 4018298 itr]:      611.399
[771 sec, 4026702 itr]:      611.399
[772 sec, 4031195 itr]:      611.399
[773 sec, 4035669 itr]:      611.399
[774 sec, 4035669 itr]:      611.399
[775 sec, 4043164 itr]:      611.399
[776 sec, 4043164 itr]:      611.399
[777 sec, 4047332 itr]:      611.399
[ optimality gap     ]:      100.00%
[778 sec, 4051913 itr]:      611.399
[779 sec, 4060253 itr]:      611.399
[780 sec, 4060253 itr]:      611.399
[781 sec, 4064428 itr]:      611.399
[782 sec, 4072230 itr]:      611.399
[783 sec, 4072230 itr]:      611.399
[784 sec, 4076335 itr]:      611.399
[785 sec, 4085719 itr]:      611.399
[786 sec, 4090355 itr]:      611.399
[787 sec, 4090355 itr]:      611.399
[ optimality gap     ]:      100.00%
[788 sec, 4094433 itr]:      611.399
[789 sec, 4099185 itr]:      611.399
[790 sec, 4103260 itr]:      611.399
[791 sec, 4107650 itr]:      611.399
[792 sec, 4113904 itr]:      611.399
[793 sec, 4113904 itr]:      611.399
[794 sec, 4117197 itr]:      611.399
[795 sec, 4124147 itr]:      611.399
[796 sec, 4124147 itr]:      611.399
[797 sec, 4127657 itr]:      611.399
[ optimality gap     ]:      100.00%
[798 sec, 4130869 itr]:      611.399
[799 sec, 4134361 itr]:      611.399
[800 sec, 4140641 itr]:      611.399
[801 sec, 4144042 itr]:      611.399
[802 sec, 4144042 itr]:      611.399
[803 sec, 4150875 itr]:      611.399
[804 sec, 4154007 itr]:      611.399
[805 sec, 4154007 itr]:      611.399
[806 sec, 4157501 itr]:      611.399
[807 sec, 4164227 itr]:      611.399
[ optimality gap     ]:      100.00%
[808 sec, 4167550 itr]:      611.399
[809 sec, 4167550 itr]:      611.399
[810 sec, 4171487 itr]:      611.399
[811 sec, 4175521 itr]:      611.399
[812 sec, 4179972 itr]:      611.399
[813 sec, 4184567 itr]:      611.399
[814 sec, 4193251 itr]:      611.399
[815 sec, 4197524 itr]:      611.399
[816 sec, 4202203 itr]:      611.399
[817 sec, 4202203 itr]:      611.399
[ optimality gap     ]:      100.00%
[818 sec, 4205432 itr]:      611.399
[819 sec, 4209310 itr]:      611.399
[820 sec, 4213377 itr]:      611.399
[821 sec, 4217437 itr]:      611.399
[822 sec, 4221730 itr]:      611.399
[823 sec, 4225980 itr]:      611.399
[824 sec, 4234105 itr]:      611.399
[825 sec, 4234105 itr]:      611.399
[826 sec, 4242198 itr]:      611.399
[827 sec, 4242198 itr]:      611.399
[ optimality gap     ]:      100.00%
[828 sec, 4246663 itr]:      611.399
[829 sec, 4251559 itr]:      611.399
[830 sec, 4256389 itr]:      611.399
[831 sec, 4261346 itr]:      611.399
[832 sec, 4265870 itr]:      611.399
[833 sec, 4270108 itr]:      611.399
[834 sec, 4274381 itr]:      611.399
[835 sec, 4279179 itr]:      611.399
[836 sec, 4283873 itr]:      611.399
[837 sec, 4287157 itr]:      611.399
[ optimality gap     ]:      100.00%
[838 sec, 4290659 itr]:      611.399
[839 sec, 4295308 itr]:      611.399
[840 sec, 4299830 itr]:      611.399
[841 sec, 4303643 itr]:      611.399
[842 sec, 4308164 itr]:      611.399
[843 sec, 4316359 itr]:      611.399
[844 sec, 4316359 itr]:      611.399
[845 sec, 4320470 itr]:      611.399
[846 sec, 4324721 itr]:      611.399
[847 sec, 4333053 itr]:      611.399
[ optimality gap     ]:      100.00%
[848 sec, 4336667 itr]:      611.399
[849 sec, 4336667 itr]:      611.399
[850 sec, 4340494 itr]:      611.399
[851 sec, 4344203 itr]:      611.399
[852 sec, 4348585 itr]:      611.399
[853 sec, 4352001 itr]:      611.399
[854 sec, 4360405 itr]:      611.399
[855 sec, 4360405 itr]:      611.399
[856 sec, 4364157 itr]:      611.399
[857 sec, 4368228 itr]:      611.399
[ optimality gap     ]:      100.00%
[858 sec, 4376868 itr]:      611.399
[859 sec, 4376868 itr]:      611.399
[860 sec, 4381757 itr]:      611.399
[861 sec, 4385821 itr]:      611.399
[862 sec, 4389964 itr]:      611.399
[863 sec, 4393253 itr]:      611.399
[864 sec, 4401965 itr]:      611.399
[865 sec, 4401965 itr]:      611.399
[866 sec, 4405877 itr]:      611.399
[867 sec, 4409822 itr]:      611.399
[ optimality gap     ]:      100.00%
[868 sec, 4414216 itr]:      611.399
[869 sec, 4422102 itr]:      611.399
[870 sec, 4422102 itr]:      611.399
[871 sec, 4425386 itr]:      611.399
[872 sec, 4429206 itr]:      611.399
[873 sec, 4432927 itr]:      611.399
[874 sec, 4436496 itr]:      611.399
[875 sec, 4440631 itr]:      611.399
[876 sec, 4444602 itr]:      611.399
[877 sec, 4448399 itr]:      611.399
[ optimality gap     ]:      100.00%
[878 sec, 4453130 itr]:      611.399
[879 sec, 4457117 itr]:      611.399
[880 sec, 4461478 itr]:      611.399
[881 sec, 4468805 itr]:      611.399
[882 sec, 4468805 itr]:      611.399
[883 sec, 4473536 itr]:      611.399
[884 sec, 4477277 itr]:      611.399
[885 sec, 4481943 itr]:      611.399
[886 sec, 4486393 itr]:      611.399
[887 sec, 4489661 itr]:      611.399
[ optimality gap     ]:      100.00%
[888 sec, 4497934 itr]:      611.399
[889 sec, 4502035 itr]:      611.399
[890 sec, 4502035 itr]:      611.399
[891 sec, 4506574 itr]:      611.399
[892 sec, 4510358 itr]:      611.399
[893 sec, 4518998 itr]:      611.399
[894 sec, 4518998 itr]:      611.399
[895 sec, 4521665 itr]:      611.399
[896 sec, 4525834 itr]:      611.399
[897 sec, 4529923 itr]:      611.399
[ optimality gap     ]:      100.00%
[898 sec, 4534467 itr]:      611.399
[899 sec, 4538324 itr]:      611.399
[900 sec, 4542373 itr]:      611.399
[901 sec, 4546334 itr]:      611.399
[902 sec, 4550835 itr]:      611.399
[903 sec, 4559710 itr]:      611.399
[904 sec, 4559710 itr]:      611.399
[905 sec, 4564311 itr]:      611.399
[906 sec, 4572987 itr]:      611.399
[907 sec, 4572987 itr]:      611.399
[ optimality gap     ]:      100.00%
[908 sec, 4581328 itr]:      611.399
[909 sec, 4586099 itr]:      611.399
[910 sec, 4586099 itr]:      611.399
[911 sec, 4593817 itr]:      611.399
[912 sec, 4593817 itr]:      611.399
[913 sec, 4598433 itr]:      611.399
[914 sec, 4606966 itr]:      611.399
[915 sec, 4606966 itr]:      611.399
[916 sec, 4611171 itr]:      611.399
[917 sec, 4614701 itr]:      611.399
[ optimality gap     ]:      100.00%
[918 sec, 4619198 itr]:      611.399
[919 sec, 4627221 itr]:      611.399
[920 sec, 4631224 itr]:      611.399
[921 sec, 4631224 itr]:      611.399
[922 sec, 4635802 itr]:      611.399
[923 sec, 4642109 itr]:      611.399
[924 sec, 4646154 itr]:      611.399
[925 sec, 4650331 itr]:      611.399
[926 sec, 4650331 itr]:      611.399
[927 sec, 4654438 itr]:      611.399
[ optimality gap     ]:      100.00%
[928 sec, 4662869 itr]:      611.399
[929 sec, 4662869 itr]:      611.399
[930 sec, 4671304 itr]:      611.399
[931 sec, 4671304 itr]:      611.399
[932 sec, 4675305 itr]:      611.399
[933 sec, 4683485 itr]:      611.399
[934 sec, 4683485 itr]:      611.399
[935 sec, 4687911 itr]:      611.399
[936 sec, 4696141 itr]:      611.399
[937 sec, 4700167 itr]:      611.399
[ optimality gap     ]:      100.00%
[938 sec, 4700167 itr]:      611.399
[939 sec, 4708518 itr]:      611.399
[940 sec, 4712885 itr]:      611.399
[941 sec, 4716796 itr]:      611.399
[942 sec, 4716796 itr]:      611.399
[943 sec, 4720806 itr]:      611.399
[944 sec, 4724885 itr]:      611.399
[945 sec, 4729088 itr]:      611.399
[946 sec, 4733641 itr]:      611.399
[947 sec, 4737310 itr]:      611.399
[ optimality gap     ]:      100.00%
[948 sec, 4741293 itr]:      611.399
[949 sec, 4745414 itr]:      611.399
[950 sec, 4749234 itr]:      611.399
[951 sec, 4752842 itr]:      611.399
[952 sec, 4755855 itr]:      611.399
[953 sec, 4760385 itr]:      611.399
[954 sec, 4768316 itr]:      611.399
[955 sec, 4772312 itr]:      611.399
[956 sec, 4775797 itr]:      611.399
[957 sec, 4775797 itr]:      611.399
[ optimality gap     ]:      100.00%
[958 sec, 4779710 itr]:      611.399
[959 sec, 4786913 itr]:      611.399
[960 sec, 4786913 itr]:      611.399
[961 sec, 4790557 itr]:      611.399
[962 sec, 4793704 itr]:      611.399
[963 sec, 4797267 itr]:      611.399
[964 sec, 4801517 itr]:      611.399
[965 sec, 4808079 itr]:      611.399
[966 sec, 4812190 itr]:      611.399
[967 sec, 4812190 itr]:      611.399
[ optimality gap     ]:      100.00%
[968 sec, 4816052 itr]:      611.399
[969 sec, 4820267 itr]:      611.399
[970 sec, 4822108 itr]:      611.399
[971 sec, 4824717 itr]:      611.399
[972 sec, 4828172 itr]:      611.399
[973 sec, 4836183 itr]:      611.399
[974 sec, 4836183 itr]:      611.399
[975 sec, 4839947 itr]:      611.399
[976 sec, 4848439 itr]:      611.399
[977 sec, 4848439 itr]:      611.399
[ optimality gap     ]:      100.00%
[978 sec, 4856024 itr]:      611.399
[979 sec, 4856024 itr]:      611.399
[980 sec, 4859921 itr]:      611.399
[981 sec, 4863351 itr]:      611.399
[982 sec, 4866561 itr]:      611.399
[983 sec, 4872350 itr]:      611.399
[984 sec, 4872350 itr]:      611.399
[985 sec, 4876651 itr]:      611.399
[986 sec, 4880232 itr]:      611.399
[987 sec, 4883532 itr]:      611.399
[ optimality gap     ]:      100.00%
[988 sec, 4890471 itr]:      611.399
[989 sec, 4890471 itr]:      611.399
[990 sec, 4893423 itr]:      611.399
[991 sec, 4897679 itr]:      611.399
[992 sec, 4901436 itr]:      611.399
[993 sec, 4908976 itr]:      611.399
[994 sec, 4908976 itr]:      611.399
[995 sec, 4915889 itr]:      611.399
[996 sec, 4920119 itr]:      611.399
[997 sec, 4923429 itr]:      611.399
[ optimality gap     ]:      100.00%
[998 sec, 4923429 itr]:      611.399
[999 sec, 4927531 itr]:      611.399
[1000 sec, 4931742 itr]:      611.399
[1001 sec, 4934493 itr]:      611.399
[1002 sec, 4942144 itr]:      611.399
[1003 sec, 4942144 itr]:      611.399
[1004 sec, 4946253 itr]:      611.399
[1005 sec, 4953668 itr]:      611.399
[1006 sec, 4953668 itr]:      611.399
[1007 sec, 4957284 itr]:      611.399
[ optimality gap      ]:      100.00%
[1008 sec, 4965464 itr]:      611.399
[1009 sec, 4965464 itr]:      611.399
[1010 sec, 4969243 itr]:      611.399
[1011 sec, 4971387 itr]:      611.399
[1012 sec, 4978538 itr]:      611.399
[1013 sec, 4978538 itr]:      611.399
[1014 sec, 4982669 itr]:      611.399
[1015 sec, 4989516 itr]:      611.399
[1016 sec, 4989516 itr]:      611.399
[1017 sec, 4994171 itr]:      611.399
[ optimality gap      ]:      100.00%
[1018 sec, 4998097 itr]:      611.399
[1019 sec, 5001516 itr]:      611.399
[1020 sec, 5009640 itr]:      611.399
[1021 sec, 5009640 itr]:      611.399
[1022 sec, 5014183 itr]:      611.399
[1023 sec, 5018909 itr]:      611.399
[1024 sec, 5026709 itr]:      611.399
[1025 sec, 5026709 itr]:      611.399
[1026 sec, 5030413 itr]:      611.399
[1027 sec, 5034251 itr]:      611.399
[ optimality gap      ]:      100.00%
[1028 sec, 5037624 itr]:      611.399
[1029 sec, 5046371 itr]:      611.399
[1030 sec, 5050341 itr]:      611.399
[1031 sec, 5054252 itr]:      611.399
[1032 sec, 5058022 itr]:      611.399
[1033 sec, 5058022 itr]:      611.399
[1034 sec, 5061999 itr]:      611.399
[1035 sec, 5068159 itr]:      611.399
[1036 sec, 5068159 itr]:      611.399
[1037 sec, 5072137 itr]:      611.399
[ optimality gap      ]:      100.00%
[1038 sec, 5076560 itr]:      611.399
[1039 sec, 5080530 itr]:      611.399
[1040 sec, 5084748 itr]:      611.399
[1041 sec, 5088905 itr]:      611.399
[1042 sec, 5092800 itr]:      611.399
[1043 sec, 5096749 itr]:      611.399
[1044 sec, 5104293 itr]:      611.399
[1045 sec, 5104293 itr]:      611.399
[1046 sec, 5108587 itr]:      611.399
[1047 sec, 5111537 itr]:      611.399
[ optimality gap      ]:      100.00%
[1048 sec, 5115347 itr]:      611.399
[1049 sec, 5122277 itr]:      611.399
[1050 sec, 5122277 itr]:      611.399
[1051 sec, 5130766 itr]:      611.399
[1052 sec, 5130766 itr]:      611.399
[1053 sec, 5135374 itr]:      611.399
[1054 sec, 5139149 itr]:      611.399
[1055 sec, 5143524 itr]:      611.399
[1056 sec, 5147171 itr]:      611.399
[1057 sec, 5151488 itr]:      611.399
[ optimality gap      ]:      100.00%
[1058 sec, 5155505 itr]:      611.399
[1059 sec, 5163358 itr]:      611.399
[1060 sec, 5163358 itr]:      611.399
[1061 sec, 5167304 itr]:      611.399
[1062 sec, 5171176 itr]:      611.399
[1063 sec, 5178379 itr]:      611.399
[1064 sec, 5178379 itr]:      611.399
[1065 sec, 5181850 itr]:      611.399
[1066 sec, 5189195 itr]:      611.399
[1067 sec, 5189195 itr]:      611.399
[ optimality gap      ]:      100.00%
[1068 sec, 5195669 itr]:      611.399
[1069 sec, 5195669 itr]:      611.399
[1070 sec, 5200106 itr]:      611.399
[1071 sec, 5204341 itr]:      611.399
[1072 sec, 5207701 itr]:      611.399
[1073 sec, 5214515 itr]:      611.399
[1074 sec, 5214515 itr]:      611.399
[1075 sec, 5222284 itr]:      611.399
[1076 sec, 5222284 itr]:      611.399
[1077 sec, 5230588 itr]:      611.399
[ optimality gap      ]:      100.00%
[1078 sec, 5230588 itr]:      611.399
[1079 sec, 5234788 itr]:      611.399
[1080 sec, 5238823 itr]:      611.399
[1081 sec, 5246781 itr]:      611.399
[1082 sec, 5246781 itr]:      611.399
[1083 sec, 5250816 itr]:      611.399
[1084 sec, 5254008 itr]:      611.399
[1085 sec, 5257080 itr]:      611.399
[1086 sec, 5260862 itr]:      611.399
[1087 sec, 5266103 itr]:      611.399
[ optimality gap      ]:      100.00%
[1088 sec, 5266103 itr]:      611.399
[1089 sec, 5274594 itr]:      611.399
[1090 sec, 5274594 itr]:      611.399
[1091 sec, 5278923 itr]:      611.399
[1092 sec, 5287026 itr]:      611.399
[1093 sec, 5290911 itr]:      611.399
[1094 sec, 5290911 itr]:      611.399
[1095 sec, 5299149 itr]:      611.399
[1096 sec, 5301522 itr]:      611.399
[1097 sec, 5301522 itr]:      611.399
[ optimality gap      ]:      100.00%
[1098 sec, 5305527 itr]:      611.399
[1099 sec, 5309521 itr]:      611.399
[1100 sec, 5313315 itr]:      611.399
[1101 sec, 5316471 itr]:      611.399
[1102 sec, 5324100 itr]:      611.399
[1103 sec, 5324100 itr]:      611.399
[1104 sec, 5327421 itr]:      611.399
[1105 sec, 5334784 itr]:      611.399
[1106 sec, 5334784 itr]:      611.399
[1107 sec, 5338301 itr]:      611.399
[ optimality gap      ]:      100.00%
[1108 sec, 5341631 itr]:      611.399
[1109 sec, 5348793 itr]:      611.399
[1110 sec, 5352491 itr]:      611.399
[1111 sec, 5352491 itr]:      611.399
[1112 sec, 5356295 itr]:      611.399
[1113 sec, 5359796 itr]:      611.399
[1114 sec, 5368022 itr]:      611.399
[1115 sec, 5368022 itr]:      611.399
[1116 sec, 5371549 itr]:      611.399
[1117 sec, 5375243 itr]:      611.399
[ optimality gap      ]:      100.00%
[1118 sec, 5378839 itr]:      611.399
[1119 sec, 5382727 itr]:      611.399
[1120 sec, 5386659 itr]:      611.399
[1121 sec, 5392944 itr]:      611.399
[1122 sec, 5392944 itr]:      611.399
[1123 sec, 5397122 itr]:      611.399
[1124 sec, 5404420 itr]:      611.399
[1125 sec, 5407755 itr]:      611.399
[1126 sec, 5407755 itr]:      611.399
[1127 sec, 5410211 itr]:      611.399
[ optimality gap      ]:      100.00%
[1128 sec, 5414041 itr]:      611.399
[1129 sec, 5421963 itr]:      611.399
[1130 sec, 5425506 itr]:      611.399
[1131 sec, 5425506 itr]:      611.399
[1132 sec, 5429324 itr]:      611.399
[1133 sec, 5433944 itr]:      611.399
[1134 sec, 5443937 itr]:      611.399
[1135 sec, 5443937 itr]:      611.399
[1136 sec, 5448365 itr]:      611.399
[1137 sec, 5456242 itr]:      611.399
[ optimality gap      ]:      100.00%
[1138 sec, 5456242 itr]:      611.399
[1139 sec, 5460685 itr]:      611.399
[1140 sec, 5467569 itr]:      611.399
[1141 sec, 5471570 itr]:      611.399
[1142 sec, 5471570 itr]:      611.399
[1143 sec, 5480042 itr]:      611.399
[1144 sec, 5480042 itr]:      611.399
[1145 sec, 5484016 itr]:      611.399
[1146 sec, 5487851 itr]:      611.399
[1147 sec, 5495021 itr]:      611.399
[ optimality gap      ]:      100.00%
[1148 sec, 5495021 itr]:      611.399
[1149 sec, 5498715 itr]:      611.399
[1150 sec, 5502129 itr]:      611.399
[1151 sec, 5505185 itr]:      611.399
[1152 sec, 5509229 itr]:      611.399
[1153 sec, 5516660 itr]:      611.399
[1154 sec, 5516660 itr]:      611.399
[1155 sec, 5518883 itr]:      611.399
[1156 sec, 5522907 itr]:      611.399
[1157 sec, 5526470 itr]:      611.399
[ optimality gap      ]:      100.00%
[1158 sec, 5531057 itr]:      611.399
[1159 sec, 5534641 itr]:      611.399
[1160 sec, 5541350 itr]:      611.399
[1161 sec, 5541350 itr]:      611.399
[1162 sec, 5545531 itr]:      611.399
[1163 sec, 5548581 itr]:      611.399
[1164 sec, 5552227 itr]:      611.399
[1165 sec, 5556012 itr]:      611.399
[1166 sec, 5560308 itr]:      611.399
[1167 sec, 5564139 itr]:      611.399
[ optimality gap      ]:      100.00%
[1168 sec, 5568143 itr]:      611.399
[1169 sec, 5571916 itr]:      611.399
[1170 sec, 5576189 itr]:      611.399
[1171 sec, 5580821 itr]:      611.399
[1172 sec, 5584824 itr]:      611.399
[1173 sec, 5588800 itr]:      611.399
[1174 sec, 5596576 itr]:      611.399
[1175 sec, 5600692 itr]:      611.399
[1176 sec, 5600692 itr]:      611.399
[1177 sec, 5609388 itr]:      611.399
[ optimality gap      ]:      100.00%
[1178 sec, 5612777 itr]:      611.399
[1179 sec, 5612777 itr]:      611.399
[1180 sec, 5616625 itr]:      611.399
[1181 sec, 5620864 itr]:      611.399
[1182 sec, 5624465 itr]:      611.399
[1183 sec, 5627318 itr]:      611.399
[1184 sec, 5631386 itr]:      611.399
[1185 sec, 5634381 itr]:      611.399
[1186 sec, 5637943 itr]:      611.399
[1187 sec, 5641834 itr]:      611.399
[ optimality gap      ]:      100.00%
[1188 sec, 5646206 itr]:      611.399
[1189 sec, 5654053 itr]:      611.399
[1190 sec, 5654053 itr]:      611.399
[1191 sec, 5661255 itr]:      611.399
[1192 sec, 5665818 itr]:      611.399
[1193 sec, 5665818 itr]:      611.399
[1194 sec, 5669631 itr]:      611.399
[1195 sec, 5673270 itr]:      611.399
[1196 sec, 5676976 itr]:      611.399
[1197 sec, 5681394 itr]:      611.399
[ optimality gap      ]:      100.00%
[1198 sec, 5689274 itr]:      611.399
[1199 sec, 5689274 itr]:      611.399
[1200 sec, 5697519 itr]:      611.399
[1201 sec, 5701399 itr]:      611.399
[1202 sec, 5701399 itr]:      611.399
[1203 sec, 5705410 itr]:      611.399
[1204 sec, 5709646 itr]:      611.399
[1205 sec, 5717812 itr]:      611.399
[1206 sec, 5717812 itr]:      611.399
[1207 sec, 5722101 itr]:      611.399
[ optimality gap      ]:      100.00%
[1208 sec, 5725989 itr]:      611.399
[1209 sec, 5730246 itr]:      611.399
[1210 sec, 5734644 itr]:      611.399
[1211 sec, 5738852 itr]:      611.399
[1212 sec, 5742957 itr]:      611.399
[1213 sec, 5746546 itr]:      611.399
[1214 sec, 5750788 itr]:      611.399
[1215 sec, 5758249 itr]:      611.399
[1216 sec, 5762446 itr]:      611.399
[1217 sec, 5765915 itr]:      611.399
[ optimality gap      ]:      100.00%
[1218 sec, 5765915 itr]:      611.399
[1219 sec, 5770225 itr]:      611.399
[1220 sec, 5774610 itr]:      611.399
[1221 sec, 5781690 itr]:      611.399
[1222 sec, 5781690 itr]:      611.399
[1223 sec, 5785919 itr]:      611.399
[1224 sec, 5789941 itr]:      611.399
[1225 sec, 5794403 itr]:      611.399
[1226 sec, 5801717 itr]:      611.399
[1227 sec, 5801717 itr]:      611.399
[ optimality gap      ]:      100.00%
[1228 sec, 5805811 itr]:      611.399
[1229 sec, 5808729 itr]:      611.399
[1230 sec, 5812821 itr]:      611.399
[1231 sec, 5816443 itr]:      611.399
[1232 sec, 5820557 itr]:      611.399
[1233 sec, 5829239 itr]:      611.399
[1234 sec, 5829239 itr]:      611.399
[1235 sec, 5837071 itr]:      611.399
[1236 sec, 5837071 itr]:      611.399
[1237 sec, 5843760 itr]:      611.399
[ optimality gap      ]:      100.00%
[1238 sec, 5843760 itr]:      611.399
[1239 sec, 5850937 itr]:      611.399
[1240 sec, 5850937 itr]:      611.399
[1241 sec, 5854775 itr]:      611.399
[1242 sec, 5859285 itr]:      611.399
[1243 sec, 5862702 itr]:      611.399
[1244 sec, 5866040 itr]:      611.399
[1245 sec, 5869201 itr]:      611.399
[1246 sec, 5877229 itr]:      611.399
[1247 sec, 5877229 itr]:      611.399
[ optimality gap      ]:      100.00%
[1248 sec, 5885485 itr]:      611.399
[1249 sec, 5885485 itr]:      611.399
[1250 sec, 5893372 itr]:      611.399
[1251 sec, 5893372 itr]:      611.399
[1252 sec, 5901552 itr]:      611.399
[1253 sec, 5901552 itr]:      611.399
[1254 sec, 5909694 itr]:      611.399
[1255 sec, 5909694 itr]:      611.399
[1256 sec, 5913437 itr]:      611.399
[1257 sec, 5921428 itr]:      611.399
[ optimality gap      ]:      100.00%
[1258 sec, 5921428 itr]:      611.399
[1259 sec, 5925828 itr]:      611.399
[1260 sec, 5929891 itr]:      611.399
[1261 sec, 5934197 itr]:      611.399
[1262 sec, 5938252 itr]:      611.399
[1263 sec, 5942279 itr]:      611.399
[1264 sec, 5946141 itr]:      611.399
[1265 sec, 5949249 itr]:      611.399
[1266 sec, 5952525 itr]:      611.399
[1267 sec, 5954383 itr]:      611.399
[ optimality gap      ]:      100.00%
[1268 sec, 5963204 itr]:      611.399
[1269 sec, 5963204 itr]:      611.399
[1270 sec, 5967002 itr]:      611.399
[1271 sec, 5970479 itr]:      611.399
[1272 sec, 5974950 itr]:      611.399
[1273 sec, 5979337 itr]:      611.399
[1274 sec, 5987086 itr]:      611.399
[1275 sec, 5987086 itr]:      611.399
[1276 sec, 5991081 itr]:      611.399
[1277 sec, 5995504 itr]:      611.399
[ optimality gap      ]:      100.00%
[1278 sec, 5999312 itr]:      611.399
[1279 sec, 6003561 itr]:      611.399
[1280 sec, 6011025 itr]:      611.399
[1281 sec, 6011025 itr]:      611.399
[1282 sec, 6015723 itr]:      611.399
[1283 sec, 6019593 itr]:      611.399
[1284 sec, 6023284 itr]:      611.399
[1285 sec, 6030583 itr]:      611.399
[1286 sec, 6030583 itr]:      611.399
[1287 sec, 6034931 itr]:      611.399
[ optimality gap      ]:      100.00%
[1288 sec, 6038754 itr]:      611.399
[1289 sec, 6042609 itr]:      611.399
[1290 sec, 6050932 itr]:      611.399
[1291 sec, 6050932 itr]:      611.399
[1292 sec, 6058967 itr]:      611.399
[1293 sec, 6058967 itr]:      611.399
[1294 sec, 6062718 itr]:      611.399
[1295 sec, 6070795 itr]:      611.399
[1296 sec, 6074836 itr]:      611.399
[1297 sec, 6079091 itr]:      611.399
[ optimality gap      ]:      100.00%
[1298 sec, 6083342 itr]:      611.399
[1299 sec, 6083342 itr]:      611.399
[1300 sec, 6087220 itr]:      611.399
[1301 sec, 6094923 itr]:      611.399
[1302 sec, 6094923 itr]:      611.399
[1303 sec, 6098625 itr]:      611.399
[1304 sec, 6101835 itr]:      611.399
[1305 sec, 6105870 itr]:      611.399
[1306 sec, 6109645 itr]:      611.399
[1307 sec, 6117249 itr]:      611.399
[ optimality gap      ]:      100.00%
[1308 sec, 6117249 itr]:      611.399
[1309 sec, 6121626 itr]:      611.399
[1310 sec, 6129172 itr]:      611.399
[1311 sec, 6129172 itr]:      611.399
[1312 sec, 6133030 itr]:      611.399
[1313 sec, 6137675 itr]:      611.399
[1314 sec, 6146175 itr]:      611.399
[1315 sec, 6146175 itr]:      611.399
[1316 sec, 6153532 itr]:      611.399
[1317 sec, 6157978 itr]:      611.399
[ optimality gap      ]:      100.00%
[1318 sec, 6157978 itr]:      611.399
[1319 sec, 6161939 itr]:      611.399
[1320 sec, 6166213 itr]:      611.399
[1321 sec, 6170189 itr]:      611.399
[1322 sec, 6173546 itr]:      611.399
[1323 sec, 6177813 itr]:      611.399
[1324 sec, 6181503 itr]:      611.399
[1325 sec, 6184638 itr]:      611.399
[1326 sec, 6191074 itr]:      611.399
[1327 sec, 6191074 itr]:      611.399
[ optimality gap      ]:      100.00%
[1328 sec, 6194565 itr]:      611.399
[1329 sec, 6197583 itr]:      611.399
[1330 sec, 6201535 itr]:      611.399
[1331 sec, 6210593 itr]:      611.399
[1332 sec, 6210593 itr]:      611.399
[1333 sec, 6218773 itr]:      611.399
[1334 sec, 6222919 itr]:      611.399
[1335 sec, 6222919 itr]:      611.399
[1336 sec, 6227164 itr]:      611.399
[1337 sec, 6231038 itr]:      611.399
[ optimality gap      ]:      100.00%
[1338 sec, 6239289 itr]:      611.399
[1339 sec, 6239289 itr]:      611.399
[1340 sec, 6243501 itr]:      611.399
[1341 sec, 6247578 itr]:      611.399
[1342 sec, 6251588 itr]:      611.399
[1343 sec, 6254946 itr]:      611.399
[1344 sec, 6262835 itr]:      611.399
[1345 sec, 6267504 itr]:      611.399
[1346 sec, 6267504 itr]:      611.399
[1347 sec, 6271922 itr]:       610.83
[ optimality gap      ]:      100.00%
[1348 sec, 6275425 itr]:       610.83
[1349 sec, 6282658 itr]:       610.83
[1350 sec, 6282658 itr]:       610.83
[1351 sec, 6286414 itr]:       610.83
[1352 sec, 6290266 itr]:       610.83
[1353 sec, 6293932 itr]:       610.83
[1354 sec, 6298672 itr]:       610.83
[1355 sec, 6302765 itr]:      610.829
[1356 sec, 6306438 itr]:      610.829
[1357 sec, 6310186 itr]:      610.829
[ optimality gap      ]:      100.00%
[1358 sec, 6313922 itr]:      610.829
[1359 sec, 6317357 itr]:      610.829
[1360 sec, 6321072 itr]:      610.829
[1361 sec, 6324512 itr]:      610.829
[1362 sec, 6327525 itr]:      610.829
[1363 sec, 6330571 itr]:      610.829
[1364 sec, 6338623 itr]:      610.829
[1365 sec, 6342397 itr]:      610.829
[1366 sec, 6345931 itr]:      610.829
[1367 sec, 6345931 itr]:      610.829
[ optimality gap      ]:      100.00%
[1368 sec, 6352086 itr]:      610.829
[1369 sec, 6352086 itr]:      610.829
[1370 sec, 6355947 itr]:      610.829
[1371 sec, 6359486 itr]:      610.829
[1372 sec, 6362616 itr]:      610.829
[1373 sec, 6365538 itr]:      610.829
[1374 sec, 6368862 itr]:      610.829
[1375 sec, 6373051 itr]:      610.829
[1376 sec, 6376217 itr]:      610.829
[1377 sec, 6382926 itr]:      610.829
[ optimality gap      ]:      100.00%
[1378 sec, 6382926 itr]:      610.829
[1379 sec, 6389290 itr]:      610.829
[1380 sec, 6389290 itr]:       610.04
[1381 sec, 6392539 itr]:       610.04
[1382 sec, 6398356 itr]:      610.039
[1383 sec, 6402136 itr]:      610.039
[1384 sec, 6405979 itr]:      610.039
[1385 sec, 6409286 itr]:      610.039
[1386 sec, 6412790 itr]:      610.039
[1387 sec, 6416826 itr]:      610.039
[ optimality gap      ]:      100.00%
[1388 sec, 6420936 itr]:      610.039
[1389 sec, 6424460 itr]:      610.039
[1390 sec, 6428362 itr]:      610.039
[1391 sec, 6431890 itr]:      610.039
[1392 sec, 6435144 itr]:      610.039
[1393 sec, 6438095 itr]:      610.039
[1394 sec, 6441802 itr]:      610.039
[1395 sec, 6445138 itr]:      610.039
[1396 sec, 6447918 itr]:      610.039
[1397 sec, 6451145 itr]:      610.039
[ optimality gap      ]:      100.00%
[1398 sec, 6454417 itr]:      610.039
[1399 sec, 6457959 itr]:      610.039
[1400 sec, 6460694 itr]:      610.039
[1401 sec, 6464415 itr]:      610.039
[1402 sec, 6467183 itr]:      610.039
[1403 sec, 6470076 itr]:      610.039
[1404 sec, 6473346 itr]:      610.039
[1405 sec, 6479866 itr]:      610.039
[1406 sec, 6479866 itr]:      610.039
[1407 sec, 6482406 itr]:      610.039
[ optimality gap      ]:      100.00%
[1408 sec, 6485347 itr]:      610.039
[1409 sec, 6491133 itr]:      610.039
[1410 sec, 6491133 itr]:      610.039
[1411 sec, 6493632 itr]:      610.039
[1412 sec, 6496793 itr]:      610.039
[1413 sec, 6499882 itr]:      610.039
[1414 sec, 6503436 itr]:      610.039
[1415 sec, 6506219 itr]:      610.039
[1416 sec, 6509762 itr]:      610.039
[1417 sec, 6513059 itr]:      610.039
[ optimality gap      ]:      100.00%
[1418 sec, 6519606 itr]:      610.039
[1419 sec, 6519606 itr]:      610.039
[1420 sec, 6522510 itr]:      610.039
[1421 sec, 6525507 itr]:      610.039
[1422 sec, 6528504 itr]:      610.039
[1423 sec, 6531757 itr]:      610.039
[1424 sec, 6534314 itr]:      610.039
[1425 sec, 6537667 itr]:      610.039
[1426 sec, 6541221 itr]:      610.039
[1427 sec, 6544838 itr]:      610.039
[ optimality gap      ]:      100.00%
[1428 sec, 6548704 itr]:      610.039
[1429 sec, 6552573 itr]:      610.039
[1430 sec, 6555765 itr]:      610.039
[1431 sec, 6558560 itr]:      610.039
[1432 sec, 6564890 itr]:      610.039
[1433 sec, 6564890 itr]:      610.039
[1434 sec, 6567885 itr]:      610.039
[1435 sec, 6571526 itr]:      610.039
[1436 sec, 6574887 itr]:      610.039
[1437 sec, 6578091 itr]:      610.039
[ optimality gap      ]:      100.00%
[1438 sec, 6581351 itr]:      610.039
[1439 sec, 6584432 itr]:      610.039
[1440 sec, 6587476 itr]:      610.039
[1441 sec, 6590545 itr]:      610.039
[1442 sec, 6594063 itr]:      610.039
[1443 sec, 6597619 itr]:      610.039
[1444 sec, 6604323 itr]:      610.039
[1445 sec, 6607270 itr]:      610.039
[1446 sec, 6607270 itr]:      610.039
[1447 sec, 6610738 itr]:      610.039
[ optimality gap      ]:      100.00%
[1448 sec, 6614310 itr]:      610.039
[1449 sec, 6617569 itr]:      610.039
[1450 sec, 6620649 itr]:      610.039
[1451 sec, 6623753 itr]:      610.039
[1452 sec, 6629136 itr]:      610.039
[1453 sec, 6629136 itr]:      610.039
[1454 sec, 6635113 itr]:      610.039
[1455 sec, 6635113 itr]:      610.039
[1456 sec, 6638507 itr]:      610.039
[1457 sec, 6641269 itr]:      610.039
[ optimality gap      ]:      100.00%
[1458 sec, 6647298 itr]:      610.039
[1459 sec, 6650695 itr]:      610.039
[1460 sec, 6650695 itr]:      610.039
[1461 sec, 6653440 itr]:      610.039
[1462 sec, 6656176 itr]:      610.039
[1463 sec, 6659204 itr]:      610.039
[1464 sec, 6662339 itr]:      610.039
[1465 sec, 6664928 itr]:      610.039
[1466 sec, 6667910 itr]:      610.039
[1467 sec, 6673581 itr]:      610.039
[ optimality gap      ]:      100.00%
[1468 sec, 6673581 itr]:      610.039
[1469 sec, 6676747 itr]:      610.039
[1470 sec, 6679294 itr]:      610.039
[1471 sec, 6685717 itr]:      610.039
[1472 sec, 6688832 itr]:      610.039
[1473 sec, 6688832 itr]:      610.039
[1474 sec, 6692290 itr]:      610.039
[1475 sec, 6698472 itr]:      610.039
[1476 sec, 6698472 itr]:      610.039
[1477 sec, 6704596 itr]:      610.039
[ optimality gap      ]:      100.00%
[1478 sec, 6704596 itr]:      610.039
[1479 sec, 6707326 itr]:      610.039
[1480 sec, 6710212 itr]:      610.039
[1481 sec, 6713306 itr]:      610.039
[1482 sec, 6716102 itr]:      610.039
[1483 sec, 6719384 itr]:      610.039
[1484 sec, 6722765 itr]:      610.039
[1485 sec, 6725364 itr]:      610.039
[1486 sec, 6728388 itr]:      610.039
[1487 sec, 6731474 itr]:      610.039
[ optimality gap      ]:      100.00%
[1488 sec, 6734470 itr]:      610.039
[1489 sec, 6737628 itr]:      610.039
[1490 sec, 6740245 itr]:      610.039
[1491 sec, 6746943 itr]:      610.039
[1492 sec, 6746943 itr]:      610.039
[1493 sec, 6749967 itr]:       608.65
[1494 sec, 6753135 itr]:       608.65
[1495 sec, 6756137 itr]:       608.65
[1496 sec, 6762697 itr]:      608.649
[1497 sec, 6762697 itr]:      608.649
[ optimality gap      ]:      100.00%
[1498 sec, 6766615 itr]:      608.649
[1499 sec, 6771583 itr]:      608.649
[1500 sec, 6774618 itr]:      608.649
[1501 sec, 6780861 itr]:      608.649
[1502 sec, 6784039 itr]:      608.649
[1503 sec, 6784039 itr]:      608.649
[1504 sec, 6787129 itr]:       608.59
[1505 sec, 6794444 itr]:       608.59
[1506 sec, 6797427 itr]:       608.59
[1507 sec, 6797427 itr]:       608.59
[ optimality gap      ]:      100.00%
[1508 sec, 6800323 itr]:       608.59
[1509 sec, 6803886 itr]:      608.589
[1510 sec, 6811702 itr]:      608.589
[1511 sec, 6811702 itr]:      608.589
[1512 sec, 6814949 itr]:      608.589
[1513 sec, 6818600 itr]:      608.589
[1514 sec, 6822323 itr]:      608.589
[1515 sec, 6825480 itr]:      608.589
[1516 sec, 6831979 itr]:      608.589
[1517 sec, 6831979 itr]:      608.589
[ optimality gap      ]:      100.00%
[1518 sec, 6836064 itr]:      608.589
[1519 sec, 6839270 itr]:      608.589
[1520 sec, 6847583 itr]:      608.589
[1521 sec, 6847583 itr]:      608.589
[1522 sec, 6851477 itr]:      608.589
[1523 sec, 6855489 itr]:      608.589
[1524 sec, 6858651 itr]:      608.589
[1525 sec, 6866203 itr]:      608.589
[1526 sec, 6866203 itr]:      608.589
[1527 sec, 6869476 itr]:      608.589
[ optimality gap      ]:      100.00%
[1528 sec, 6877172 itr]:      608.589
[1529 sec, 6877172 itr]:      608.589
[1530 sec, 6881135 itr]:      608.589
[1531 sec, 6884472 itr]:      608.589
[1532 sec, 6888237 itr]:      608.589
[1533 sec, 6891757 itr]:      608.589
[1534 sec, 6895400 itr]:      608.589
[1535 sec, 6898538 itr]:      608.589
[1536 sec, 6901550 itr]:      608.589
[1537 sec, 6904414 itr]:      608.589
[ optimality gap      ]:      100.00%
[1538 sec, 6907955 itr]:      608.589
[1539 sec, 6914825 itr]:      608.589
[1540 sec, 6914825 itr]:      608.589
[1541 sec, 6922334 itr]:      608.589
[1542 sec, 6925244 itr]:      608.589
[1543 sec, 6925244 itr]:      608.589
[1544 sec, 6928882 itr]:      608.589
[1545 sec, 6932117 itr]:      608.589
[1546 sec, 6936154 itr]:      608.589
[1547 sec, 6940040 itr]:      608.589
[ optimality gap      ]:      100.00%
[1548 sec, 6943169 itr]:      608.589
[1549 sec, 6946126 itr]:      608.589
[1550 sec, 6949556 itr]:      608.589
[1551 sec, 6955106 itr]:      608.589
[1552 sec, 6955106 itr]:      608.589
[1553 sec, 6958637 itr]:      608.589
[1554 sec, 6961695 itr]:      608.589
[1555 sec, 6969324 itr]:      608.589
[1556 sec, 6969324 itr]:      608.589
[1557 sec, 6972605 itr]:      608.589
[ optimality gap      ]:      100.00%
[1558 sec, 6976403 itr]:      608.589
[1559 sec, 6983455 itr]:      608.589
[1560 sec, 6983455 itr]:      608.589
[1561 sec, 6986967 itr]:      608.589
[1562 sec, 6990433 itr]:      608.589
[1563 sec, 6994392 itr]:      608.589
[1564 sec, 7001469 itr]:      608.589
[1565 sec, 7001469 itr]:      608.589
[1566 sec, 7005417 itr]:      608.589
[1567 sec, 7008724 itr]:      608.589
[ optimality gap      ]:      100.00%
[1568 sec, 7012593 itr]:      608.589
[1569 sec, 7016841 itr]:      608.589
[1570 sec, 7020472 itr]:      608.589
[1571 sec, 7023756 itr]:      608.589
[1572 sec, 7026854 itr]:      608.589
[1573 sec, 7030076 itr]:      608.589
[1574 sec, 7033569 itr]:      608.589
[1575 sec, 7036930 itr]:      608.589
[1576 sec, 7040615 itr]:      608.589
[1577 sec, 7046563 itr]:      608.589
[ optimality gap      ]:      100.00%
[1578 sec, 7053662 itr]:      608.589
[1579 sec, 7059797 itr]:      608.589
[1580 sec, 7065692 itr]:      608.589
[1581 sec, 7077652 itr]:      608.589
[1582 sec, 7077652 itr]:      608.589
[1583 sec, 7084304 itr]:      608.589
[1584 sec, 7090535 itr]:      608.589
[1585 sec, 7095534 itr]:      608.589
[1586 sec, 7100270 itr]:      608.589
[1587 sec, 7106413 itr]:      608.589
[ optimality gap      ]:      100.00%
[1588 sec, 7113206 itr]:      608.589
[1589 sec, 7119535 itr]:      608.589
[1590 sec, 7124467 itr]:      608.589
[1591 sec, 7130812 itr]:      608.589
[1592 sec, 7137169 itr]:      608.589
[1593 sec, 7143323 itr]:      608.589
[1594 sec, 7149474 itr]:      608.589
[1595 sec, 7154773 itr]:      608.589
[1596 sec, 7160301 itr]:      608.589
[1597 sec, 7166852 itr]:      608.589
[ optimality gap      ]:      100.00%
[1598 sec, 7173334 itr]:      608.589
[1599 sec, 7179344 itr]:      608.589
[1600 sec, 7184022 itr]:      608.589
[1601 sec, 7187595 itr]:      608.589
[1602 sec, 7190909 itr]:      608.589
[1603 sec, 7193713 itr]:      608.589
[1604 sec, 7197289 itr]:      608.589
[1605 sec, 7200836 itr]:      608.589
[1606 sec, 7203764 itr]:      608.589
[1607 sec, 7207179 itr]:      608.589
[ optimality gap      ]:      100.00%
[1608 sec, 7209404 itr]:      608.589
[1609 sec, 7212754 itr]:      608.589
[1610 sec, 7219860 itr]:      608.589
[1611 sec, 7219860 itr]:      608.589
[1612 sec, 7223562 itr]:      608.589
[1613 sec, 7226587 itr]:      608.589
[1614 sec, 7229701 itr]:      608.589
[1615 sec, 7232878 itr]:      608.589
[1616 sec, 7236415 itr]:      608.589
[1617 sec, 7240332 itr]:      608.589
[ optimality gap      ]:      100.00%
[1618 sec, 7243116 itr]:      608.589
[1619 sec, 7246091 itr]:      608.589
[1620 sec, 7249720 itr]:      608.589
[1621 sec, 7253567 itr]:      608.589
[1622 sec, 7261091 itr]:      608.589
[1623 sec, 7261091 itr]:      608.589
[1624 sec, 7264476 itr]:      608.589
[1625 sec, 7270868 itr]:      608.589
[1626 sec, 7270868 itr]:      608.589
[1627 sec, 7274454 itr]:      608.589
[ optimality gap      ]:      100.00%
[1628 sec, 7277014 itr]:      608.589
[1629 sec, 7280281 itr]:      608.589
[1630 sec, 7283363 itr]:      608.589
[1631 sec, 7286584 itr]:      608.589
[1632 sec, 7290121 itr]:      608.589
[1633 sec, 7293645 itr]:      608.589
[1634 sec, 7297350 itr]:      608.589
[1635 sec, 7300676 itr]:      608.589
[1636 sec, 7307580 itr]:      608.589
[1637 sec, 7307580 itr]:      608.589
[ optimality gap      ]:      100.00%
[1638 sec, 7310849 itr]:      608.589
[1639 sec, 7319728 itr]:      608.589
[1640 sec, 7319728 itr]:      608.589
[1641 sec, 7324789 itr]:      608.589
[1642 sec, 7329702 itr]:      608.589
[1643 sec, 7335223 itr]:      608.589
[1644 sec, 7340817 itr]:      608.589
[1645 sec, 7345886 itr]:      608.589
[1646 sec, 7355639 itr]:      608.589
[1647 sec, 7361422 itr]:      608.589
[ optimality gap      ]:      100.00%
[1648 sec, 7361422 itr]:      608.589
[1649 sec, 7366508 itr]:      608.589
[1650 sec, 7371585 itr]:      608.589
[1651 sec, 7376548 itr]:      608.589
[1652 sec, 7386039 itr]:      608.589
[1653 sec, 7386039 itr]:      608.589
[1654 sec, 7396669 itr]:      608.589
[1655 sec, 7402418 itr]:      608.589
[1656 sec, 7402418 itr]:      608.589
[1657 sec, 7407836 itr]:      608.589
[ optimality gap      ]:      100.00%
[1658 sec, 7412493 itr]:      608.589
[1659 sec, 7418041 itr]:      608.589
[1660 sec, 7423576 itr]:      608.589
[1661 sec, 7427910 itr]:      608.589
[1662 sec, 7435370 itr]:      608.589
[1663 sec, 7435370 itr]:      608.589
[1664 sec, 7438262 itr]:      608.589
[1665 sec, 7441498 itr]:      608.589
[1666 sec, 7451320 itr]:      608.589
[1667 sec, 7451320 itr]:      608.589
[ optimality gap      ]:      100.00%
[1668 sec, 7456853 itr]:      608.589
[1669 sec, 7460531 itr]:       608.53
[1670 sec, 7465537 itr]:       608.53
[1671 sec, 7469110 itr]:       608.53
[1672 sec, 7472149 itr]:       608.53
[1673 sec, 7475591 itr]:       608.53
[1674 sec, 7482949 itr]:      608.529
[1675 sec, 7482949 itr]:      608.529
[1676 sec, 7486738 itr]:      608.529
[1677 sec, 7491240 itr]:      608.529
[ optimality gap      ]:      100.00%
[1678 sec, 7497857 itr]:      608.529
[1679 sec, 7502604 itr]:      608.529
[1680 sec, 7506292 itr]:      608.529
[1681 sec, 7509294 itr]:      608.529
[1682 sec, 7513016 itr]:      608.529
[1683 sec, 7516965 itr]:      608.529
[1684 sec, 7524975 itr]:      608.529
[1685 sec, 7528854 itr]:      608.529
[1686 sec, 7528854 itr]:      608.529
[1687 sec, 7532426 itr]:      608.529
[ optimality gap      ]:      100.00%
[1688 sec, 7537008 itr]:      608.529
[1689 sec, 7540880 itr]:      608.529
[1690 sec, 7544444 itr]:      608.529
[1691 sec, 7548396 itr]:      608.529
[1692 sec, 7552104 itr]:      608.529
[1693 sec, 7555726 itr]:      608.529
[1694 sec, 7563490 itr]:      608.529
[1695 sec, 7563490 itr]:      608.529
[1696 sec, 7567435 itr]:      608.529
[1697 sec, 7571270 itr]:      608.529
[ optimality gap      ]:      100.00%
[1698 sec, 7574847 itr]:      608.529
[1699 sec, 7581792 itr]:      608.529
[1700 sec, 7581792 itr]:      608.529
[1701 sec, 7586053 itr]:      608.529
[1702 sec, 7593110 itr]:      608.529
[1703 sec, 7593110 itr]:      608.529
[1704 sec, 7597172 itr]:      608.529
[1705 sec, 7600569 itr]:      608.529
[1706 sec, 7609344 itr]:      608.529
[1707 sec, 7609344 itr]:      608.529
[ optimality gap      ]:      100.00%
[1708 sec, 7617444 itr]:      608.529
[1709 sec, 7617444 itr]:      608.529
[1710 sec, 7621611 itr]:      608.529
[1711 sec, 7625416 itr]:      608.529
[1712 sec, 7629716 itr]:      608.529
[1713 sec, 7633352 itr]:      608.529
[1714 sec, 7636783 itr]:      608.529
[1715 sec, 7640734 itr]:      608.529
[1716 sec, 7644002 itr]:      608.529
[1717 sec, 7652140 itr]:      608.529
[ optimality gap      ]:      100.00%
[1718 sec, 7652140 itr]:      608.529
[1719 sec, 7656062 itr]:      608.529
[1720 sec, 7659599 itr]:      608.529
[1721 sec, 7665831 itr]:      608.529
[1722 sec, 7670011 itr]:      608.529
[1723 sec, 7670011 itr]:      608.529
[1724 sec, 7674327 itr]:      608.529
[1725 sec, 7678409 itr]:      608.529
[1726 sec, 7682297 itr]:      608.529
[1727 sec, 7686502 itr]:      608.529
[ optimality gap      ]:      100.00%
[1728 sec, 7690560 itr]:      608.529
[1729 sec, 7695064 itr]:      608.529
[1730 sec, 7699223 itr]:      608.529
[1731 sec, 7703270 itr]:      608.529
[1732 sec, 7707373 itr]:      608.529
[1733 sec, 7711164 itr]:      608.529
[1734 sec, 7715729 itr]:      608.529
[1735 sec, 7720065 itr]:      608.529
[1736 sec, 7724402 itr]:      608.529
[1737 sec, 7728027 itr]:      608.529
[ optimality gap      ]:      100.00%
[1738 sec, 7732347 itr]:      608.529
[1739 sec, 7739709 itr]:      608.529
[1740 sec, 7739709 itr]:      608.529
[1741 sec, 7743588 itr]:      608.529
[1742 sec, 7751242 itr]:      608.529
[1743 sec, 7751242 itr]:      608.529
[1744 sec, 7755039 itr]:      608.529
[1745 sec, 7762717 itr]:      608.529
[1746 sec, 7762717 itr]:      608.529
[1747 sec, 7770939 itr]:      608.529
[ optimality gap      ]:      100.00%
[1748 sec, 7770939 itr]:      608.529
[1749 sec, 7775233 itr]:      608.529
[1750 sec, 7778951 itr]:      608.529
[1751 sec, 7783011 itr]:      608.529
[1752 sec, 7788488 itr]:      608.529
[1753 sec, 7794024 itr]:      608.529
[1754 sec, 7800094 itr]:      608.529
[1755 sec, 7806085 itr]:      608.529
[1756 sec, 7812269 itr]:      608.529
[1757 sec, 7818840 itr]:      608.529
[ optimality gap      ]:      100.00%
[1758 sec, 7823605 itr]:      608.529
[1759 sec, 7829264 itr]:      608.529
[1760 sec, 7834464 itr]:      608.529
[1761 sec, 7842490 itr]:      608.529
[1762 sec, 7846267 itr]:      608.529
[1763 sec, 7846267 itr]:      608.529
[1764 sec, 7850574 itr]:      608.529
[1765 sec, 7858467 itr]:      608.529
[1766 sec, 7858467 itr]:      608.529
[1767 sec, 7866350 itr]:      608.529
[ optimality gap      ]:      100.00%
[1768 sec, 7866350 itr]:      608.529
[1769 sec, 7874408 itr]:      608.529
[1770 sec, 7874408 itr]:      608.529
[1771 sec, 7878357 itr]:      608.529
[1772 sec, 7885530 itr]:      608.529
[1773 sec, 7885530 itr]:      608.529
[1774 sec, 7889507 itr]:      608.529
[1775 sec, 7893835 itr]:      608.529
[1776 sec, 7897684 itr]:      608.529
[1777 sec, 7904226 itr]:      608.529
[ optimality gap      ]:      100.00%
[1778 sec, 7904226 itr]:      608.529
[1779 sec, 7910791 itr]:      608.529
[1780 sec, 7910791 itr]:      608.529
[1781 sec, 7914829 itr]:      608.529
[1782 sec, 7921448 itr]:      608.529
[1783 sec, 7921448 itr]:      608.529
[1784 sec, 7925680 itr]:      608.529
[1785 sec, 7929097 itr]:      608.529
[1786 sec, 7932758 itr]:      608.529
[1787 sec, 7936117 itr]:      608.529
[ optimality gap      ]:      100.00%
[1788 sec, 7943093 itr]:      608.529
[1789 sec, 7946958 itr]:      608.529
[1790 sec, 7946958 itr]:      608.529
[1791 sec, 7950533 itr]:      608.529
[1792 sec, 7954242 itr]:      608.529
[1793 sec, 7958225 itr]:      608.529
[1794 sec, 7961676 itr]:      608.529
[1795 sec, 7964873 itr]:      608.529
[1796 sec, 7970103 itr]:      608.529
[1797 sec, 7970103 itr]:      608.529
[ optimality gap      ]:      100.00%
[1798 sec, 7976991 itr]:      608.529
[1799 sec, 7976991 itr]:      608.529
[1800 sec, 7980426 itr]:      608.529
[1801 sec, 7984763 itr]:      608.529
[1802 sec, 7987724 itr]:      608.529
[1803 sec, 7991886 itr]:      608.529
[1804 sec, 7998633 itr]:      608.529
[1805 sec, 7998633 itr]:      608.529
[1806 sec, 8005304 itr]:      608.529
[1807 sec, 8005304 itr]:      608.529
[ optimality gap      ]:      100.00%
[1808 sec, 8012468 itr]:      608.529
[1809 sec, 8012468 itr]:      608.529
[1810 sec, 8016110 itr]:      608.529
[1811 sec, 8019023 itr]:      608.529
[1812 sec, 8023015 itr]:      608.529
[1813 sec, 8026904 itr]:      608.529
[1814 sec, 8030002 itr]:      608.529
[1815 sec, 8032997 itr]:      608.529
[1816 sec, 8036533 itr]:      608.529
[1817 sec, 8044123 itr]:      608.529
[ optimality gap      ]:      100.00%
[1818 sec, 8047230 itr]:      608.529
[1819 sec, 8050155 itr]:      608.529
[1820 sec, 8050155 itr]:      608.529
[1821 sec, 8053740 itr]:      608.529
[1822 sec, 8057558 itr]:      608.529
[1823 sec, 8061584 itr]:      608.529
[1824 sec, 8065355 itr]:      608.529
[1825 sec, 8069143 itr]:      608.529
[1826 sec, 8072777 itr]:      608.529
[1827 sec, 8076104 itr]:      608.529
[ optimality gap      ]:      100.00%
[1828 sec, 8079140 itr]:      608.529
[1829 sec, 8086412 itr]:      608.528
[1830 sec, 8086412 itr]:      608.528
[1831 sec, 8089532 itr]:      608.528
[1832 sec, 8098077 itr]:      608.528
[1833 sec, 8098077 itr]:      608.528
[1834 sec, 8101692 itr]:      608.528
[1835 sec, 8105021 itr]:      608.528
[1836 sec, 8108153 itr]:      608.528
[1837 sec, 8111326 itr]:      608.528
[ optimality gap      ]:      100.00%
[1838 sec, 8114849 itr]:      608.528
[1839 sec, 8118215 itr]:      608.528
[1840 sec, 8121987 itr]:      608.528
[1841 sec, 8125838 itr]:      608.528
[1842 sec, 8128462 itr]:      608.528
[1843 sec, 8132430 itr]:      608.528
[1844 sec, 8136039 itr]:      608.528
[1845 sec, 8139621 itr]:      608.528
[1846 sec, 8146649 itr]:      608.528
[1847 sec, 8146649 itr]:      608.528
[ optimality gap      ]:      100.00%
[1848 sec, 8149815 itr]:      608.527
[1849 sec, 8153089 itr]:      608.527
[1850 sec, 8155854 itr]:      608.527
[1851 sec, 8159132 itr]:      608.527
[1852 sec, 8165519 itr]:      608.527
[1853 sec, 8165519 itr]:      608.527
[1854 sec, 8168240 itr]:      608.527
[1855 sec, 8171992 itr]:      608.527
[1856 sec, 8175848 itr]:      608.527
[1857 sec, 8179153 itr]:      608.527
[ optimality gap      ]:      100.00%
[1858 sec, 8182491 itr]:      608.527
[1859 sec, 8186563 itr]:      608.527
[1860 sec, 8189836 itr]:      608.527
[1861 sec, 8192646 itr]:      608.527
[1862 sec, 8196669 itr]:      608.527
[1863 sec, 8200677 itr]:      608.527
[1864 sec, 8204811 itr]:      608.527
[1865 sec, 8208343 itr]:      608.527
[1866 sec, 8212248 itr]:      608.527
[1867 sec, 8219833 itr]:      608.527
[ optimality gap      ]:      100.00%
[1868 sec, 8219833 itr]:      608.527
[1869 sec, 8223205 itr]:      608.527
[1870 sec, 8226737 itr]:      608.527
[1871 sec, 8234411 itr]:      608.527
[1872 sec, 8234411 itr]:      608.527
[1873 sec, 8238042 itr]:      608.527
[1874 sec, 8245011 itr]:      608.527
[1875 sec, 8248484 itr]:      608.527
[1876 sec, 8252470 itr]:      608.527
[1877 sec, 8255858 itr]:      608.527
[ optimality gap      ]:      100.00%
[1878 sec, 8259272 itr]:      608.527
[1879 sec, 8259272 itr]:      608.527
[1880 sec, 8263011 itr]:      608.527
[1881 sec, 8266860 itr]:      608.527
[1882 sec, 8270339 itr]:      608.527
[1883 sec, 8274369 itr]:      608.527
[1884 sec, 8281436 itr]:      608.527
[1885 sec, 8281436 itr]:      608.527
[1886 sec, 8285267 itr]:      608.527
[1887 sec, 8289450 itr]:      608.527
[ optimality gap      ]:      100.00%
[1888 sec, 8293288 itr]:      608.527
[1889 sec, 8297400 itr]:      608.527
[1890 sec, 8300742 itr]:      608.527
[1891 sec, 8304465 itr]:      608.527
[1892 sec, 8308341 itr]:      608.527
[1893 sec, 8312586 itr]:      608.527
[1894 sec, 8320154 itr]:      608.527
[1895 sec, 8323655 itr]:      608.527
[1896 sec, 8323655 itr]:      608.527
[1897 sec, 8327350 itr]:      608.527
[ optimality gap      ]:      100.00%
[1898 sec, 8330066 itr]:      608.527
[1899 sec, 8336773 itr]:      608.527
[1900 sec, 8336773 itr]:      608.527
[1901 sec, 8340200 itr]:      608.527
[1902 sec, 8343840 itr]:      608.527
[1903 sec, 8346668 itr]:      608.527
[1904 sec, 8350358 itr]:      608.527
[1905 sec, 8353668 itr]:      608.527
[1906 sec, 8357241 itr]:      608.527
[1907 sec, 8361107 itr]:      608.527
[ optimality gap      ]:      100.00%
[1908 sec, 8364420 itr]:       604.07
[1909 sec, 8367294 itr]:       604.07
[1910 sec, 8370171 itr]:       604.07
[1911 sec, 8373791 itr]:       604.07
[1912 sec, 8377117 itr]:       604.07
[1913 sec, 8380201 itr]:      604.069
[1914 sec, 8383085 itr]:      604.069
[1915 sec, 8386850 itr]:      604.069
[1916 sec, 8390345 itr]:      604.069
[1917 sec, 8393494 itr]:      604.069
[ optimality gap      ]:      100.00%
[1918 sec, 8396951 itr]:      604.069
[1919 sec, 8400310 itr]:      604.069
[1920 sec, 8402923 itr]:      604.069
[1921 sec, 8406172 itr]:      604.069
[1922 sec, 8412988 itr]:      604.069
[1923 sec, 8412988 itr]:      604.069
[1924 sec, 8416537 itr]:      604.069
[1925 sec, 8419359 itr]:      604.069
[1926 sec, 8422195 itr]:      604.069
[1927 sec, 8426179 itr]:      604.069
[ optimality gap      ]:      100.00%
[1928 sec, 8433432 itr]:      604.069
[1929 sec, 8433432 itr]:      604.069
[1930 sec, 8436897 itr]:      604.069
[1931 sec, 8440552 itr]:      604.069
[1932 sec, 8446398 itr]:      604.069
[1933 sec, 8450056 itr]:      604.069
[1934 sec, 8450056 itr]:      604.069
[1935 sec, 8453207 itr]:      604.069
[1936 sec, 8456777 itr]:      604.069
[1937 sec, 8460207 itr]:      604.069
[ optimality gap      ]:      100.00%
[1938 sec, 8463234 itr]:      604.069
[1939 sec, 8466796 itr]:      604.069
[1940 sec, 8469665 itr]:      604.069
[1941 sec, 8473378 itr]:      604.069
[1942 sec, 8476845 itr]:      604.069
[1943 sec, 8480494 itr]:      604.069
[1944 sec, 8484385 itr]:      604.069
[1945 sec, 8487471 itr]:      604.069
[1946 sec, 8491140 itr]:      604.069
[1947 sec, 8496766 itr]:      604.069
[ optimality gap      ]:      100.00%
[1948 sec, 8496766 itr]:      604.069
[1949 sec, 8500090 itr]:      604.069
[1950 sec, 8503239 itr]:      604.069
[1951 sec, 8507037 itr]:      604.069
[1952 sec, 8513507 itr]:      604.068
[1953 sec, 8513507 itr]:      604.068
[1954 sec, 8520513 itr]:      604.068
[1955 sec, 8520513 itr]:      604.068
[1956 sec, 8526472 itr]:      604.068
[1957 sec, 8530403 itr]:      604.068
[ optimality gap      ]:      100.00%
[1958 sec, 8530403 itr]:      604.068
[1959 sec, 8537546 itr]:      604.068
[1960 sec, 8537546 itr]:      604.068
[1961 sec, 8541040 itr]:      604.068
[1962 sec, 8547763 itr]:      604.068
[1963 sec, 8547763 itr]:      604.068
[1964 sec, 8551123 itr]:      604.068
[1965 sec, 8554163 itr]:      604.068
[1966 sec, 8557197 itr]:      604.068
[1967 sec, 8560793 itr]:      604.068
[ optimality gap      ]:      100.00%
[1968 sec, 8564485 itr]:      604.068
[1969 sec, 8571152 itr]:      604.068
[1970 sec, 8575041 itr]:      604.068
[1971 sec, 8575041 itr]:      604.068
[1972 sec, 8578152 itr]:      604.068
[1973 sec, 8580869 itr]:      604.068
[1974 sec, 8584328 itr]:      604.068
[1975 sec, 8588189 itr]:      604.068
[1976 sec, 8591891 itr]:      604.068
[1977 sec, 8594974 itr]:      604.068
[ optimality gap      ]:      100.00%
[1978 sec, 8598738 itr]:      604.068
[1979 sec, 8602182 itr]:      604.068
[1980 sec, 8605451 itr]:      604.068
[1981 sec, 8611166 itr]:      604.068
[1982 sec, 8611166 itr]:      604.068
[1983 sec, 8617209 itr]:      604.068
[1984 sec, 8617209 itr]:      604.068
[1985 sec, 8620772 itr]:      604.068
[1986 sec, 8623899 itr]:      604.068
[1987 sec, 8627498 itr]:      604.068
[ optimality gap      ]:      100.00%
[1988 sec, 8631386 itr]:      604.068
[1989 sec, 8634659 itr]:      604.068
[1990 sec, 8638060 itr]:      604.068
[1991 sec, 8641916 itr]:      604.068
[1992 sec, 8645441 itr]:      604.068
[1993 sec, 8648152 itr]:      604.068
[1994 sec, 8652047 itr]:      604.068
[1995 sec, 8655668 itr]:      604.068
[1996 sec, 8659445 itr]:      604.068
[1997 sec, 8662154 itr]:      604.068
[ optimality gap      ]:      100.00%
[1998 sec, 8665364 itr]:      604.068
[1999 sec, 8668218 itr]:      604.068
[2000 sec, 8671323 itr]:      604.068
[2001 sec, 8674545 itr]:      604.068
[2002 sec, 8677293 itr]:      604.068
[2003 sec, 8681186 itr]:      604.068
[2004 sec, 8684229 itr]:      604.068
[2005 sec, 8687787 itr]:      604.068
[2006 sec, 8695453 itr]:      604.068
[2007 sec, 8695453 itr]:      604.068
[ optimality gap      ]:      100.00%
[2008 sec, 8702615 itr]:      604.068
[2009 sec, 8702615 itr]:      604.068
[2010 sec, 8710339 itr]:      604.068
[2011 sec, 8710339 itr]:      604.068
[2012 sec, 8713677 itr]:      604.068
[2013 sec, 8717288 itr]:      604.068
[2014 sec, 8720541 itr]:      604.068
[2015 sec, 8723459 itr]:      604.068
[2016 sec, 8726654 itr]:      604.068
[2017 sec, 8730343 itr]:      604.068
[ optimality gap      ]:      100.00%
[2018 sec, 8736823 itr]:      604.068
[2019 sec, 8736823 itr]:      604.068
[2020 sec, 8744346 itr]:      604.068
[2021 sec, 8744346 itr]:      604.068
[2022 sec, 8751196 itr]:      604.068
[2023 sec, 8754912 itr]:      604.068
[2024 sec, 8754912 itr]:      604.068
[2025 sec, 8758506 itr]:      604.068
[2026 sec, 8764099 itr]:      604.068
[2027 sec, 8764099 itr]:      604.068
[ optimality gap      ]:      100.00%
[2028 sec, 8766850 itr]:      604.068
[2029 sec, 8769844 itr]:      604.068
[2030 sec, 8772992 itr]:      604.068
[2031 sec, 8776541 itr]:      604.068
[2032 sec, 8780149 itr]:      604.068
[2033 sec, 8786300 itr]:      604.068
[2034 sec, 8786300 itr]:      604.068
[2035 sec, 8789544 itr]:      604.068
[2036 sec, 8793065 itr]:      604.068
[2037 sec, 8796764 itr]:      604.068
[ optimality gap      ]:      100.00%
[2038 sec, 8800259 itr]:      604.068
[2039 sec, 8803974 itr]:      604.068
[2040 sec, 8810753 itr]:      604.068
[2041 sec, 8814211 itr]:      604.068
[2042 sec, 8814211 itr]:      604.068
[2043 sec, 8817327 itr]:      604.068
[2044 sec, 8821006 itr]:      604.068
[2045 sec, 8824501 itr]:      604.068
[2046 sec, 8828112 itr]:      604.068
[2047 sec, 8831245 itr]:      604.068
[ optimality gap      ]:      100.00%
[2048 sec, 8838334 itr]:      604.068
[2049 sec, 8841309 itr]:      604.068
[2050 sec, 8841309 itr]:      604.068
[2051 sec, 8844877 itr]:      604.068
[2052 sec, 8851381 itr]:      604.068
[2053 sec, 8851381 itr]:      604.068
[2054 sec, 8854382 itr]:      604.068
[2055 sec, 8857284 itr]:      604.068
[2056 sec, 8861044 itr]:      604.068
[2057 sec, 8864083 itr]:      604.068
[ optimality gap      ]:      100.00%
[2058 sec, 8866772 itr]:      604.068
[2059 sec, 8870139 itr]:      604.068
[2060 sec, 8873782 itr]:      604.068
[2061 sec, 8876518 itr]:      604.068
[2062 sec, 8880080 itr]:      604.068
[2063 sec, 8883388 itr]:      604.068
[2064 sec, 8886646 itr]:      604.068
[2065 sec, 8889873 itr]:      604.068
[2066 sec, 8893080 itr]:      604.068
[2067 sec, 8896436 itr]:      604.068
[ optimality gap      ]:      100.00%
[2068 sec, 8899591 itr]:      604.068
[2069 sec, 8902536 itr]:      604.068
[2070 sec, 8905271 itr]:      604.068
[2071 sec, 8908986 itr]:      604.068
[2072 sec, 8912409 itr]:      604.068
[2073 sec, 8916017 itr]:      604.068
[2074 sec, 8919854 itr]:      604.068
[2075 sec, 8922723 itr]:      604.068
[2076 sec, 8925335 itr]:      604.068
[2077 sec, 8928219 itr]:      604.068
[ optimality gap      ]:      100.00%
[2078 sec, 8932052 itr]:      604.068
[2079 sec, 8935987 itr]:      604.068
[2080 sec, 8938903 itr]:      604.068
[2081 sec, 8942110 itr]:      604.068
[2082 sec, 8945511 itr]:      604.068
[2083 sec, 8948682 itr]:      604.068
[2084 sec, 8951639 itr]:      604.068
[2085 sec, 8954878 itr]:      604.068
[2086 sec, 8962278 itr]:      604.068
[2087 sec, 8965883 itr]:      604.068
[ optimality gap      ]:      100.00%
[2088 sec, 8965883 itr]:      604.068
[2089 sec, 8968884 itr]:      604.068
[2090 sec, 8972899 itr]:      604.068
[2091 sec, 8976147 itr]:      604.068
[2092 sec, 8979505 itr]:      604.068
[2093 sec, 8983305 itr]:      604.068
[2094 sec, 8989471 itr]:      604.068
[2095 sec, 8989471 itr]:      604.068
[2096 sec, 8995636 itr]:      604.068
[2097 sec, 8995636 itr]:      604.068
[ optimality gap      ]:      100.00%
[2098 sec, 8998646 itr]:      604.068
[2099 sec, 9001796 itr]:      604.068
[2100 sec, 9008732 itr]:      604.068
[2101 sec, 9008732 itr]:      604.068
[2102 sec, 9012383 itr]:      604.068
[2103 sec, 9016050 itr]:      604.068
[2104 sec, 9019378 itr]:      604.068
[2105 sec, 9022596 itr]:      604.068
[2106 sec, 9026645 itr]:      604.068
[2107 sec, 9030016 itr]:      604.068
[ optimality gap      ]:      100.00%
[2108 sec, 9032568 itr]:      604.068
[2109 sec, 9035321 itr]:      604.068
[2110 sec, 9038931 itr]:      604.068
[2111 sec, 9043048 itr]:      604.068
[2112 sec, 9046921 itr]:      604.068
[2113 sec, 9050184 itr]:      604.068
[2114 sec, 9053178 itr]:      604.068
[2115 sec, 9056342 itr]:      604.068
[2116 sec, 9060065 itr]:      604.068
[2117 sec, 9063157 itr]:      604.068
[ optimality gap      ]:      100.00%
[2118 sec, 9070217 itr]:      604.068
[2119 sec, 9070217 itr]:      604.068
[2120 sec, 9074188 itr]:      604.068
[2121 sec, 9076711 itr]:      604.068
[2122 sec, 9080499 itr]:      604.068
[2123 sec, 9084030 itr]:      604.067
[2124 sec, 9090646 itr]:      604.067
[2125 sec, 9094244 itr]:      604.067
[2126 sec, 9097644 itr]:      604.067
[2127 sec, 9097644 itr]:      604.067
[ optimality gap      ]:      100.00%
[2128 sec, 9101448 itr]:      604.067
[2129 sec, 9104946 itr]:      604.067
[2130 sec, 9107470 itr]:      604.067
[2131 sec, 9110824 itr]:      604.067
[2132 sec, 9114488 itr]:      604.067
[2133 sec, 9117390 itr]:      604.067
[2134 sec, 9121070 itr]:      604.067
[2135 sec, 9124319 itr]:      604.067
[2136 sec, 9126859 itr]:      604.067
[2137 sec, 9130167 itr]:      604.067
[ optimality gap      ]:      100.00%
[2138 sec, 9133131 itr]:      604.067
[2139 sec, 9136162 itr]:      604.067
[2140 sec, 9139516 itr]:      604.067
[2141 sec, 9142682 itr]:      604.067
[2142 sec, 9145759 itr]:      604.067
[2143 sec, 9149347 itr]:      604.067
[2144 sec, 9152062 itr]:      604.067
[2145 sec, 9155492 itr]:      604.067
[2146 sec, 9159445 itr]:      604.067
[2147 sec, 9162496 itr]:      604.067
[ optimality gap      ]:      100.00%
[2148 sec, 9166467 itr]:      604.067
[2149 sec, 9169805 itr]:      604.067
[2150 sec, 9173635 itr]:      604.067
[2151 sec, 9176433 itr]:      604.067
[2152 sec, 9179764 itr]:      604.067
[2153 sec, 9185799 itr]:      604.067
[2154 sec, 9185799 itr]:      604.067
[2155 sec, 9189174 itr]:      604.067
[2156 sec, 9195927 itr]:      604.067
[2157 sec, 9195927 itr]:      604.067
[ optimality gap      ]:      100.00%
[2158 sec, 9199437 itr]:      604.067
[2159 sec, 9203002 itr]:      604.067
[2160 sec, 9206687 itr]:      604.067
[2161 sec, 9209436 itr]:      604.067
[2162 sec, 9215956 itr]:      604.067
[2163 sec, 9215956 itr]:      604.067
[2164 sec, 9218815 itr]:      604.067
[2165 sec, 9222197 itr]:      604.067
[2166 sec, 9225744 itr]:      604.067
[2167 sec, 9229527 itr]:      604.067
[ optimality gap      ]:      100.00%
[2168 sec, 9232755 itr]:      604.067
[2169 sec, 9235848 itr]:      604.067
[2170 sec, 9239453 itr]:      604.067
[2171 sec, 9242836 itr]:      604.067
[2172 sec, 9245962 itr]:      604.067
[2173 sec, 9249655 itr]:      604.067
[2174 sec, 9252898 itr]:      604.067
[2175 sec, 9256313 itr]:      604.067
[2176 sec, 9259353 itr]:      604.067
[2177 sec, 9263057 itr]:      604.067
[ optimality gap      ]:      100.00%
[2178 sec, 9266413 itr]:      604.067
[2179 sec, 9270041 itr]:      604.067
[2180 sec, 9273009 itr]:      604.067
[2181 sec, 9279327 itr]:      604.067
[2182 sec, 9279327 itr]:      604.067
[2183 sec, 9282550 itr]:      604.067
[2184 sec, 9286263 itr]:      604.067
[2185 sec, 9289986 itr]:      604.067
[2186 sec, 9292585 itr]:      604.067
[2187 sec, 9295441 itr]:      604.067
[ optimality gap      ]:      100.00%
[2188 sec, 9299437 itr]:      604.067
[2189 sec, 9302871 itr]:      604.067
[2190 sec, 9310250 itr]:      604.067
[2191 sec, 9310250 itr]:      604.067
[2192 sec, 9313796 itr]:      604.067
[2193 sec, 9317132 itr]:      604.067
[2194 sec, 9320349 itr]:      604.067
[2195 sec, 9324031 itr]:      604.067
[2196 sec, 9327323 itr]:      604.067
[2197 sec, 9330043 itr]:      604.067
[ optimality gap      ]:      100.00%
[2198 sec, 9333422 itr]:      604.067
[2199 sec, 9336014 itr]:      604.067
[2200 sec, 9338349 itr]:      604.067
[2201 sec, 9341619 itr]:      604.067
[2202 sec, 9345061 itr]:      604.067
[2203 sec, 9348512 itr]:      604.067
[2204 sec, 9351441 itr]:      604.067
[2205 sec, 9354777 itr]:      604.067
[2206 sec, 9358354 itr]:      604.067
[2207 sec, 9365334 itr]:      604.067
[ optimality gap      ]:      100.00%
[2208 sec, 9365334 itr]:      604.067
[2209 sec, 9369449 itr]:      604.067
[2210 sec, 9373051 itr]:      604.067
[2211 sec, 9377054 itr]:      604.067
[2212 sec, 9382408 itr]:      604.067
[2213 sec, 9382408 itr]:      604.067
[2214 sec, 9388860 itr]:      604.067
[2215 sec, 9388860 itr]:      604.067
[2216 sec, 9392637 itr]:      604.067
[2217 sec, 9396079 itr]:      604.067
[ optimality gap      ]:      100.00%
[2218 sec, 9400917 itr]:      604.067
[2219 sec, 9400917 itr]:      604.067
[2220 sec, 9404950 itr]:      604.067
[2221 sec, 9410975 itr]:      604.067
[2222 sec, 9410975 itr]:      604.067
[2223 sec, 9414311 itr]:      604.067
[2224 sec, 9417293 itr]:      604.067
[2225 sec, 9420118 itr]:      604.067
[2226 sec, 9423799 itr]:      604.067
[2227 sec, 9427184 itr]:      604.067
[ optimality gap      ]:      100.00%
[2228 sec, 9430469 itr]:      604.067
[2229 sec, 9433017 itr]:      604.067
[2230 sec, 9435866 itr]:      604.067
[2231 sec, 9439291 itr]:      604.067
[2232 sec, 9441486 itr]:      604.067
[2233 sec, 9444775 itr]:      604.067
[2234 sec, 9448240 itr]:      604.067
[2235 sec, 9450641 itr]:      604.067
[2236 sec, 9453557 itr]:      604.067
[2237 sec, 9457225 itr]:      604.067
[ optimality gap      ]:      100.00%
[2238 sec, 9461017 itr]:      604.067
[2239 sec, 9464590 itr]:      604.067
[2240 sec, 9468143 itr]:      604.067
[2241 sec, 9470775 itr]:      604.067
[2242 sec, 9474823 itr]:      604.067
[2243 sec, 9478274 itr]:      604.067
[2244 sec, 9481046 itr]:      604.067
[2245 sec, 9484696 itr]:      604.067
[2246 sec, 9487457 itr]:      604.067
[2247 sec, 9490883 itr]:      604.067
[ optimality gap      ]:      100.00%
[2248 sec, 9493213 itr]:      604.067
[2249 sec, 9496347 itr]:      604.067
[2250 sec, 9499355 itr]:      604.067
[2251 sec, 9502764 itr]:      604.067
[2252 sec, 9505908 itr]:      604.067
[2253 sec, 9508442 itr]:      604.067
[2254 sec, 9511730 itr]:      604.067
[2255 sec, 9514802 itr]:      604.067
[2256 sec, 9517734 itr]:      604.067
[2257 sec, 9520856 itr]:      604.067
[ optimality gap      ]:      100.00%
[2258 sec, 9524195 itr]:      604.067
[2259 sec, 9527213 itr]:      604.067
[2260 sec, 9530410 itr]:      604.067
[2261 sec, 9533336 itr]:      604.067
[2262 sec, 9537574 itr]:      604.067
[2263 sec, 9543484 itr]:      604.067
[2264 sec, 9543484 itr]:      604.067
[2265 sec, 9547024 itr]:      604.067
[2266 sec, 9550840 itr]:      604.067
[2267 sec, 9553933 itr]:      604.067
[ optimality gap      ]:      100.00%
[2268 sec, 9557976 itr]:      604.067
[2269 sec, 9561441 itr]:      604.067
[2270 sec, 9565153 itr]:      604.067
[2271 sec, 9568166 itr]:      604.067
[2272 sec, 9572378 itr]:      604.067
[2273 sec, 9576066 itr]:      604.067
[2274 sec, 9579246 itr]:      604.067
[2275 sec, 9583023 itr]:      604.067
[2276 sec, 9586812 itr]:      604.067
[2277 sec, 9589444 itr]:      604.067
[ optimality gap      ]:      100.00%
[2278 sec, 9593048 itr]:      604.067
[2279 sec, 9596383 itr]:      604.067
[2280 sec, 9599825 itr]:      604.067
[2281 sec, 9602730 itr]:      604.067
[2282 sec, 9606065 itr]:      604.067
[2283 sec, 9609697 itr]:      604.067
[2284 sec, 9613826 itr]:      604.067
[2285 sec, 9617820 itr]:      604.067
[2286 sec, 9621387 itr]:      604.067
[2287 sec, 9624333 itr]:      604.067
[ optimality gap      ]:      100.00%
[2288 sec, 9629762 itr]:      604.067
[2289 sec, 9629762 itr]:      604.067
[2290 sec, 9633905 itr]:      604.067
[2291 sec, 9637159 itr]:      604.067
[2292 sec, 9640196 itr]:      604.067
[2293 sec, 9642780 itr]:      604.067
[2294 sec, 9645997 itr]:      604.067
[2295 sec, 9649283 itr]:      604.067
[2296 sec, 9652644 itr]:      604.067
[2297 sec, 9655032 itr]:      604.067
[ optimality gap      ]:      100.00%
[2298 sec, 9658486 itr]:      604.067
[2299 sec, 9661318 itr]:      604.067
[2300 sec, 9665075 itr]:      604.067
[2301 sec, 9667635 itr]:      604.067
[2302 sec, 9670997 itr]:      604.067
[2303 sec, 9674945 itr]:      604.067
[2304 sec, 9682050 itr]:      604.067
[2305 sec, 9684462 itr]:      604.067
[2306 sec, 9684462 itr]:      604.067
[2307 sec, 9688019 itr]:      604.067
[ optimality gap      ]:      100.00%
[2308 sec, 9691945 itr]:      604.067
[2309 sec, 9694930 itr]:      604.067
[2310 sec, 9698370 itr]:      604.067
[2311 sec, 9702048 itr]:      604.067
[2312 sec, 9709836 itr]:      604.067
[2313 sec, 9709836 itr]:      604.067
[2314 sec, 9712889 itr]:      604.067
[2315 sec, 9716088 itr]:      604.067
[2316 sec, 9719979 itr]:      604.067
[2317 sec, 9723784 itr]:      604.067
[ optimality gap      ]:      100.00%
[2318 sec, 9726793 itr]:      604.067
[2319 sec, 9734130 itr]:      604.067
[2320 sec, 9734130 itr]:      604.067
[2321 sec, 9737784 itr]:      604.067
[2322 sec, 9740138 itr]:      604.067
[2323 sec, 9743313 itr]:      604.067
[2324 sec, 9747207 itr]:      604.067
[2325 sec, 9751271 itr]:      604.067
[2326 sec, 9754314 itr]:      604.067
[2327 sec, 9757481 itr]:      604.067
[ optimality gap      ]:      100.00%
[2328 sec, 9760848 itr]:      604.067
[2329 sec, 9764355 itr]:      604.067
[2330 sec, 9770746 itr]:      604.067
[2331 sec, 9770746 itr]:      604.067
[2332 sec, 9774834 itr]:      604.067
[2333 sec, 9777932 itr]:      604.067
[2334 sec, 9781458 itr]:      604.067
[2335 sec, 9784334 itr]:      604.067
[2336 sec, 9787757 itr]:      604.067
[2337 sec, 9791608 itr]:      604.067
[ optimality gap      ]:      100.00%
[2338 sec, 9794703 itr]:      604.067
[2339 sec, 9798233 itr]:      604.067
[2340 sec, 9801670 itr]:      604.067
[2341 sec, 9804911 itr]:      604.067
[2342 sec, 9808867 itr]:      604.067
[2343 sec, 9812378 itr]:      604.067
[2344 sec, 9816071 itr]:      604.067
[2345 sec, 9823812 itr]:      604.067
[2346 sec, 9823812 itr]:      604.067
[2347 sec, 9827807 itr]:      604.067
[ optimality gap      ]:      100.00%
[2348 sec, 9831186 itr]:      604.067
[2349 sec, 9835090 itr]:      604.067
[2350 sec, 9838761 itr]:      604.067
[2351 sec, 9842385 itr]:      604.067
[2352 sec, 9845728 itr]:      604.067
[2353 sec, 9849134 itr]:      604.067
[2354 sec, 9852883 itr]:      604.067
[2355 sec, 9855946 itr]:      604.067
[2356 sec, 9859395 itr]:      604.067
[2357 sec, 9862435 itr]:      604.067
[ optimality gap      ]:      100.00%
[2358 sec, 9865839 itr]:      604.067
[2359 sec, 9869082 itr]:      604.067
[2360 sec, 9871662 itr]:      604.067
[2361 sec, 9875118 itr]:      604.067
[2362 sec, 9878991 itr]:      604.067
[2363 sec, 9882576 itr]:      604.067
[2364 sec, 9886278 itr]:      604.067
[2365 sec, 9892470 itr]:      604.067
[2366 sec, 9892470 itr]:      604.067
[2367 sec, 9896275 itr]:      604.067
[ optimality gap      ]:      100.00%
[2368 sec, 9900488 itr]:      604.067
[2369 sec, 9903707 itr]:      604.067
[2370 sec, 9906160 itr]:      604.067
[2371 sec, 9912680 itr]:      604.067
[2372 sec, 9912680 itr]:      604.067
[2373 sec, 9916087 itr]:      604.067
[2374 sec, 9919251 itr]:      604.067
[2375 sec, 9922579 itr]:      604.067
[2376 sec, 9926426 itr]:      604.067
[2377 sec, 9929131 itr]:      604.067
[ optimality gap      ]:      100.00%
[2378 sec, 9932144 itr]:      604.067
[2379 sec, 9935748 itr]:      604.067
[2380 sec, 9939751 itr]:      604.067
[2381 sec, 9943480 itr]:      604.067
[2382 sec, 9946654 itr]:      604.067
[2383 sec, 9950674 itr]:      604.067
[2384 sec, 9954597 itr]:      604.067
[2385 sec, 9958213 itr]:      604.067
[2386 sec, 9961255 itr]:      604.067
[2387 sec, 9964719 itr]:      604.067
[ optimality gap      ]:      100.00%
[2388 sec, 9968391 itr]:      604.067
[2389 sec, 9972203 itr]:      604.067
[2390 sec, 9975516 itr]:      604.067
[2391 sec, 9979595 itr]:      604.067
[2392 sec, 9983093 itr]:      604.067
[2393 sec, 9986770 itr]:      604.067
[2394 sec, 9990214 itr]:      604.067
[2395 sec, 9993630 itr]:      604.067
[2396 sec, 9997257 itr]:      604.067
[2397 sec, 10000866 itr]:      604.067
[ optimality gap       ]:      100.00%
[2398 sec, 10005133 itr]:      604.067
[2399 sec, 10008084 itr]:      604.067
[2400 sec, 10011786 itr]:      604.067
[2401 sec, 10015406 itr]:      604.067
[2402 sec, 10018017 itr]:      604.067
[2403 sec, 10021260 itr]:      604.067
[2404 sec, 10028173 itr]:      604.067
[2405 sec, 10028173 itr]:      604.067
[2406 sec, 10031102 itr]:      604.067
[2407 sec, 10035080 itr]:      604.067
[ optimality gap       ]:      100.00%
[2408 sec, 10038080 itr]:      604.067
[2409 sec, 10041689 itr]:      604.067
[2410 sec, 10045063 itr]:      604.067
[2411 sec, 10048991 itr]:      604.067
[2412 sec, 10052237 itr]:      604.067
[2413 sec, 10055562 itr]:      604.067
[2414 sec, 10058966 itr]:      604.067
[2415 sec, 10064794 itr]:      604.067
[2416 sec, 10064794 itr]:      604.067
[2417 sec, 10068098 itr]:      604.067
[ optimality gap       ]:      100.00%
[2418 sec, 10073965 itr]:      604.067
[2419 sec, 10073965 itr]:      604.067
[2420 sec, 10078060 itr]:      604.067
[2421 sec, 10081319 itr]:      604.067
[2422 sec, 10083950 itr]:      604.067
[2423 sec, 10087789 itr]:      604.067
[2424 sec, 10090227 itr]:      604.067
[2425 sec, 10094127 itr]:      604.067
[2426 sec, 10097779 itr]:      604.067
[2427 sec, 10100563 itr]:      604.067
[ optimality gap       ]:      100.00%
[2428 sec, 10104092 itr]:      604.067
[2429 sec, 10107064 itr]:      604.067
[2430 sec, 10113856 itr]:      604.067
[2431 sec, 10113856 itr]:      604.067
[2432 sec, 10117273 itr]:      604.067
[2433 sec, 10121002 itr]:      604.067
[2434 sec, 10124226 itr]:      604.067
[2435 sec, 10127414 itr]:      604.067
[2436 sec, 10130473 itr]:      604.067
[2437 sec, 10136644 itr]:      604.067
[ optimality gap       ]:      100.00%
[2438 sec, 10139857 itr]:      604.067
[2439 sec, 10139857 itr]:      604.067
[2440 sec, 10143512 itr]:      604.067
[2441 sec, 10146577 itr]:      604.067
[2442 sec, 10150329 itr]:      604.067
[2443 sec, 10156373 itr]:      604.067
[2444 sec, 10156373 itr]:      604.067
[2445 sec, 10161777 itr]:      604.067
[2446 sec, 10161777 itr]:      604.067
[2447 sec, 10165228 itr]:      604.067
[ optimality gap       ]:      100.00%
[2448 sec, 10171320 itr]:      604.067
[2449 sec, 10171320 itr]:      604.067
[2450 sec, 10174915 itr]:      604.067
[2451 sec, 10177941 itr]:      604.067
[2452 sec, 10184833 itr]:      604.067
[2453 sec, 10184833 itr]:      604.067
[2454 sec, 10188193 itr]:      604.067
[2455 sec, 10190955 itr]:      604.067
[2456 sec, 10194313 itr]:      604.067
[2457 sec, 10198061 itr]:      604.067
[ optimality gap       ]:      100.00%
[2458 sec, 10200962 itr]:      604.067
[2459 sec, 10203777 itr]:      604.067
[2460 sec, 10210318 itr]:      604.067
[2461 sec, 10210318 itr]:      604.067
[2462 sec, 10213789 itr]:      604.067
[2463 sec, 10216992 itr]:      604.067
[2464 sec, 10220696 itr]:      604.067
[2465 sec, 10224397 itr]:      604.067
[2466 sec, 10227973 itr]:      604.067
[2467 sec, 10231746 itr]:      604.067
[ optimality gap       ]:      100.00%
[2468 sec, 10234632 itr]:      604.067
[2469 sec, 10238633 itr]:      604.067
[2470 sec, 10242661 itr]:      604.067
[2471 sec, 10246388 itr]:      604.067
[2472 sec, 10250168 itr]:      604.067
[2473 sec, 10252821 itr]:      604.067
[2474 sec, 10255766 itr]:      604.067
[2475 sec, 10258952 itr]:      604.067
[2476 sec, 10262815 itr]:      604.067
[2477 sec, 10265729 itr]:      604.067
[ optimality gap       ]:      100.00%
[2478 sec, 10269306 itr]:      604.067
[2479 sec, 10273201 itr]:      604.067
[2480 sec, 10280588 itr]:      604.067
[2481 sec, 10280588 itr]:      604.067
[2482 sec, 10283865 itr]:      604.067
[2483 sec, 10287309 itr]:      604.067
[2484 sec, 10292178 itr]:      604.067
[2485 sec, 10292178 itr]:      604.067
[2486 sec, 10295767 itr]:      604.067
[2487 sec, 10299325 itr]:      604.067
[ optimality gap       ]:      100.00%
[2488 sec, 10302481 itr]:      604.067
[2489 sec, 10308056 itr]:      604.067
[2490 sec, 10308056 itr]:      604.067
[2491 sec, 10311594 itr]:      604.067
[2492 sec, 10314685 itr]:      604.067
[2493 sec, 10317575 itr]:      604.067
[2494 sec, 10321265 itr]:      604.067
[2495 sec, 10324214 itr]:      604.067
[2496 sec, 10326671 itr]:      604.067
[2497 sec, 10330499 itr]:      604.067
[ optimality gap       ]:      100.00%
[2498 sec, 10333824 itr]:      604.067
[2499 sec, 10336984 itr]:      604.067
[2500 sec, 10340861 itr]:      604.067
[2501 sec, 10344221 itr]:      604.067
[2502 sec, 10347635 itr]:      604.067
[2503 sec, 10350454 itr]:      604.067
[2504 sec, 10357168 itr]:      604.067
[2505 sec, 10357168 itr]:      604.067
[2506 sec, 10364921 itr]:      604.067
[2507 sec, 10364921 itr]:      604.067
[ optimality gap       ]:      100.00%
[2508 sec, 10368369 itr]:      604.067
[2509 sec, 10374186 itr]:      604.067
[2510 sec, 10374186 itr]:      604.067
[2511 sec, 10377821 itr]:      604.067
[2512 sec, 10380388 itr]:      604.067
[2513 sec, 10384305 itr]:      604.067
[2514 sec, 10387513 itr]:      604.067
[2515 sec, 10390728 itr]:      604.067
[2516 sec, 10393813 itr]:      604.067
[2517 sec, 10397632 itr]:      604.067
[ optimality gap       ]:      100.00%
[2518 sec, 10400972 itr]:      604.067
[2519 sec, 10404041 itr]:      604.067
[2520 sec, 10407045 itr]:      604.067
[2521 sec, 10410985 itr]:      604.067
[2522 sec, 10413974 itr]:      604.067
[2523 sec, 10417230 itr]:      604.067
[2524 sec, 10420647 itr]:      604.067
[2525 sec, 10423548 itr]:      604.067
[2526 sec, 10426386 itr]:      604.067
[2527 sec, 10429936 itr]:      604.067
[ optimality gap       ]:      100.00%
[2528 sec, 10433912 itr]:      604.067
[2529 sec, 10436648 itr]:      604.067
[2530 sec, 10441713 itr]:      604.067
[2531 sec, 10441713 itr]:      604.067
[2532 sec, 10444988 itr]:      604.067
[2533 sec, 10448317 itr]:      604.067
[2534 sec, 10451841 itr]:      604.067
[2535 sec, 10455307 itr]:      604.067
[2536 sec, 10461619 itr]:      604.067
[2537 sec, 10461619 itr]:      604.067
[ optimality gap       ]:      100.00%
[2538 sec, 10465469 itr]:      604.067
[2539 sec, 10468329 itr]:      604.067
[2540 sec, 10471210 itr]:      604.067
[2541 sec, 10474099 itr]:      604.067
[2542 sec, 10477795 itr]:      604.067
[2543 sec, 10481074 itr]:      604.067
[2544 sec, 10484353 itr]:      604.067
[2545 sec, 10488020 itr]:      604.067
[2546 sec, 10490881 itr]:      604.067
[2547 sec, 10494260 itr]:      604.067
[ optimality gap       ]:      100.00%
[2548 sec, 10497130 itr]:      604.067
[2549 sec, 10500467 itr]:      604.067
[2550 sec, 10503428 itr]:      604.067
[2551 sec, 10507187 itr]:      604.067
[2552 sec, 10510995 itr]:      604.067
[2553 sec, 10515004 itr]:      604.067
[2554 sec, 10517060 itr]:      604.067
[2555 sec, 10519929 itr]:      604.067
[2556 sec, 10526430 itr]:      604.067
[2557 sec, 10526430 itr]:      604.067
[ optimality gap       ]:      100.00%
[2558 sec, 10530446 itr]:      604.067
[2559 sec, 10533941 itr]:      604.067
[2560 sec, 10537091 itr]:      604.067
[2561 sec, 10540774 itr]:      604.067
[2562 sec, 10544417 itr]:      604.067
[2563 sec, 10547494 itr]:      604.067
[2564 sec, 10550409 itr]:      604.067
[2565 sec, 10553020 itr]:      604.067
[2566 sec, 10555747 itr]:      604.067
[2567 sec, 10559305 itr]:      604.067
[ optimality gap       ]:      100.00%
[2568 sec, 10563341 itr]:      604.067
[2569 sec, 10567017 itr]:      604.067
[2570 sec, 10570244 itr]:      604.067
[2571 sec, 10573640 itr]:      604.067
[2572 sec, 10580705 itr]:      604.067
[2573 sec, 10580705 itr]:      604.067
[2574 sec, 10584658 itr]:      604.067
[2575 sec, 10587287 itr]:      604.067
[2576 sec, 10590514 itr]:      604.067
[2577 sec, 10594025 itr]:      604.067
[ optimality gap       ]:      100.00%
[2578 sec, 10597656 itr]:      604.067
[2579 sec, 10600736 itr]:      604.067
[2580 sec, 10604406 itr]:      604.067
[2581 sec, 10607932 itr]:      604.067
[2582 sec, 10611070 itr]:      604.067
[2583 sec, 10614554 itr]:      604.067
[2584 sec, 10618076 itr]:      604.067
[2585 sec, 10621069 itr]:      604.067
[2586 sec, 10624298 itr]:      604.067
[2587 sec, 10627154 itr]:      604.067
[ optimality gap       ]:      100.00%
[2588 sec, 10630526 itr]:      604.067
[2589 sec, 10634339 itr]:      604.067
[2590 sec, 10638127 itr]:      604.067
[2591 sec, 10643562 itr]:      604.067
[2592 sec, 10647671 itr]:      604.067
[2593 sec, 10647671 itr]:      604.067
[2594 sec, 10651581 itr]:      604.067
[2595 sec, 10654244 itr]:      604.067
[2596 sec, 10657707 itr]:      604.067
[2597 sec, 10660177 itr]:      604.067
[ optimality gap       ]:       99.03%
[2598 sec, 10662872 itr]:      604.067
[2599 sec, 10669247 itr]:      604.067
[2600 sec, 10672514 itr]:      604.067
[2601 sec, 10672514 itr]:      604.067
[2602 sec, 10675927 itr]:      604.067
[2603 sec, 10678702 itr]:      604.067
[2604 sec, 10684275 itr]:      604.067
[2605 sec, 10684275 itr]:      604.067
[2606 sec, 10691543 itr]:      604.067
[2607 sec, 10691543 itr]:      604.067
[ optimality gap       ]:       98.46%
[2608 sec, 10695028 itr]:      604.067
[2609 sec, 10702348 itr]:      604.067
[2610 sec, 10702348 itr]:      604.067
[2611 sec, 10705768 itr]:      604.067
[2612 sec, 10708684 itr]:      604.067
[2613 sec, 10712448 itr]:      604.067
[2614 sec, 10715599 itr]:      604.067
[2615 sec, 10719217 itr]:      604.067
[2616 sec, 10722727 itr]:      604.067
[2617 sec, 10726122 itr]:      604.067
[ optimality gap       ]:       98.46%
[2618 sec, 10729703 itr]:      604.067
[2619 sec, 10732985 itr]:      604.067
[2620 sec, 10736122 itr]:      604.067
[2621 sec, 10739146 itr]:      604.067
[2622 sec, 10742404 itr]:      604.067
[2623 sec, 10749232 itr]:      604.067
[2624 sec, 10749232 itr]:      604.067
[2625 sec, 10752763 itr]:      604.067
[2626 sec, 10756415 itr]:      604.067
[2627 sec, 10759621 itr]:      604.067
[ optimality gap       ]:       97.59%
[2628 sec, 10763591 itr]:      604.067
[2629 sec, 10767350 itr]:      604.067
[2630 sec, 10770613 itr]:      604.067
[2631 sec, 10773839 itr]:      604.067
[2632 sec, 10776577 itr]:      604.067
[2633 sec, 10779981 itr]:      604.067
[2634 sec, 10783689 itr]:      604.067
[2635 sec, 10787025 itr]:      604.067
[2636 sec, 10790090 itr]:      604.067
[2637 sec, 10793245 itr]:      604.067
[ optimality gap       ]:       97.40%
[2638 sec, 10799933 itr]:      604.067
[2639 sec, 10799933 itr]:      604.067
[2640 sec, 10803247 itr]:      604.067
[2641 sec, 10806488 itr]:      604.067
[2642 sec, 10809962 itr]:      604.067
[2643 sec, 10812679 itr]:      604.067
[2644 sec, 10816003 itr]:      604.067
[2645 sec, 10818841 itr]:      604.067
[2646 sec, 10825769 itr]:      604.067
[2647 sec, 10825769 itr]:      604.067
[ optimality gap       ]:       93.30%
[2648 sec, 10828982 itr]:      604.067
[2649 sec, 10831297 itr]:      604.067
[2650 sec, 10833713 itr]:      604.067
[2651 sec, 10836064 itr]:      604.067
[2652 sec, 10839689 itr]:      604.067
[2653 sec, 10843427 itr]:      604.067
[2654 sec, 10847380 itr]:      604.067
[2655 sec, 10850859 itr]:      604.067
[2656 sec, 10854194 itr]:      604.067
[2657 sec, 10857194 itr]:      604.067
[ optimality gap       ]:       93.30%
[2658 sec, 10860555 itr]:      604.067
[2659 sec, 10867477 itr]:      604.067
[2660 sec, 10867477 itr]:      604.067
[2661 sec, 10874982 itr]:      604.067
[2662 sec, 10874982 itr]:      604.067
[2663 sec, 10878545 itr]:      604.067
[2664 sec, 10881063 itr]:      604.067
[2665 sec, 10884643 itr]:      604.067
[2666 sec, 10890665 itr]:      604.067
[2667 sec, 10890665 itr]:      604.067
[ optimality gap       ]:       88.62%
[2668 sec, 10897878 itr]:      604.067
[2669 sec, 10897878 itr]:      604.067
[2670 sec, 10901792 itr]:      604.067
[2671 sec, 10905709 itr]:      604.067
[2672 sec, 10909502 itr]:      604.067
[2673 sec, 10915326 itr]:      604.067
[2674 sec, 10915326 itr]:      604.067
[2675 sec, 10922125 itr]:      604.067
[2676 sec, 10922125 itr]:      604.067
[2677 sec, 10925868 itr]:      604.067
[ optimality gap       ]:       88.62%
[2678 sec, 10929446 itr]:      604.067
[2679 sec, 10933457 itr]:      604.067
[2680 sec, 10936984 itr]:      604.067
[2681 sec, 10940155 itr]:      604.067
[2682 sec, 10942135 itr]:      604.067
[2683 sec, 10945603 itr]:      604.067
[2684 sec, 10951417 itr]:      604.067
[2685 sec, 10951417 itr]:      604.067
[2686 sec, 10954556 itr]:      604.067
[2687 sec, 10957227 itr]:      604.067
[ optimality gap       ]:       85.28%
[2688 sec, 10959714 itr]:      604.067
[2689 sec, 10963102 itr]:      604.067
[2690 sec, 10966309 itr]:      604.067
[2691 sec, 10969611 itr]:      604.067
[2692 sec, 10972750 itr]:      604.067
[2693 sec, 10975759 itr]:      604.067
[2694 sec, 10979058 itr]:      604.067
[2695 sec, 10983056 itr]:      604.067
[2696 sec, 10986572 itr]:      604.067
[2697 sec, 10989039 itr]:      604.067
[ optimality gap       ]:       85.28%
[2698 sec, 10992495 itr]:      604.067
[2699 sec, 10995681 itr]:      604.067
[2700 sec, 10998201 itr]:      604.067
[2701 sec, 11001201 itr]:      604.067
[2702 sec, 11004188 itr]:      604.067
[2703 sec, 11007396 itr]:      604.067
[2704 sec, 11011103 itr]:      604.067
[2705 sec, 11014135 itr]:      604.067
[2706 sec, 11017443 itr]:      604.067
[2707 sec, 11021061 itr]:      604.067
[ optimality gap       ]:       85.28%
[2708 sec, 11024615 itr]:      604.067
[2709 sec, 11031185 itr]:      604.067
[2710 sec, 11031185 itr]:      604.067
[2711 sec, 11036855 itr]:      604.067
[2712 sec, 11039847 itr]:      604.067
[2713 sec, 11039847 itr]:      604.067
[2714 sec, 11042924 itr]:      604.067
[2715 sec, 11046159 itr]:      604.067
[2716 sec, 11048955 itr]:      604.067
[2717 sec, 11052419 itr]:      604.067
[ optimality gap       ]:       85.28%
[2718 sec, 11055879 itr]:      604.067
[2719 sec, 11059343 itr]:      604.067
[2720 sec, 11065914 itr]:      604.067
[2721 sec, 11065914 itr]:      604.067
[2722 sec, 11072729 itr]:      604.067
[2723 sec, 11072729 itr]:      604.067
[2724 sec, 11076480 itr]:      604.067
[2725 sec, 11079651 itr]:      604.067
[2726 sec, 11083260 itr]:      604.067
[2727 sec, 11086153 itr]:      604.067
[ optimality gap       ]:       85.28%
[2728 sec, 11089782 itr]:      604.067
[2729 sec, 11096905 itr]:      604.067
[2730 sec, 11096905 itr]:      604.067
[2731 sec, 11099879 itr]:      604.067
[2732 sec, 11103289 itr]:      604.067
[2733 sec, 11107200 itr]:      604.067
[2734 sec, 11110482 itr]:      604.067
[2735 sec, 11114331 itr]:      604.067
[2736 sec, 11117417 itr]:      604.067
[2737 sec, 11124085 itr]:      604.067
[ optimality gap       ]:       85.28%
[2738 sec, 11126806 itr]:      604.067
[2739 sec, 11126806 itr]:      604.067
[2740 sec, 11132860 itr]:      604.067
[2741 sec, 11136370 itr]:      604.067
[2742 sec, 11136370 itr]:      604.067
[2743 sec, 11139978 itr]:      604.067
[2744 sec, 11142461 itr]:      604.067
[2745 sec, 11145505 itr]:      604.067
[2746 sec, 11147788 itr]:      604.067
[2747 sec, 11151514 itr]:      604.067
[ optimality gap       ]:       85.28%
[2748 sec, 11155298 itr]:      604.067
[2749 sec, 11158974 itr]:      604.067
[2750 sec, 11165828 itr]:      604.067
[2751 sec, 11165828 itr]:      604.067
[2752 sec, 11168871 itr]:      604.067
[2753 sec, 11171603 itr]:      604.067
[2754 sec, 11178310 itr]:      604.067
[2755 sec, 11178310 itr]:      604.067
[2756 sec, 11181154 itr]:      604.067
[2757 sec, 11184121 itr]:      604.067
[ optimality gap       ]:       85.28%
[2758 sec, 11189108 itr]:      604.067
[2759 sec, 11189108 itr]:      604.067
[2760 sec, 11191813 itr]:      604.067
[2761 sec, 11195592 itr]:      604.067
[2762 sec, 11198650 itr]:      604.067
[2763 sec, 11202119 itr]:      604.067
[2764 sec, 11205755 itr]:      604.067
[2765 sec, 11209396 itr]:      604.067
[2766 sec, 11212956 itr]:      604.067
[2767 sec, 11219005 itr]:      604.067
[ optimality gap       ]:       85.28%
[2768 sec, 11219005 itr]:      604.067
[2769 sec, 11226716 itr]:      604.067
[2770 sec, 11226716 itr]:      604.067
[2771 sec, 11229978 itr]:      604.067
[2772 sec, 11233713 itr]:      604.067
[2773 sec, 11237248 itr]:      604.067
[2774 sec, 11240740 itr]:      604.067
[2775 sec, 11243844 itr]:      604.067
[2776 sec, 11246545 itr]:      604.067
[2777 sec, 11249247 itr]:      604.067
[ optimality gap       ]:       85.28%
[2778 sec, 11252642 itr]:      604.067
[2779 sec, 11254990 itr]:      604.067
[2780 sec, 11258304 itr]:      604.067
[2781 sec, 11260701 itr]:      604.067
[2782 sec, 11264182 itr]:      604.067
[2783 sec, 11268069 itr]:      604.067
[2784 sec, 11274847 itr]:      604.067
[2785 sec, 11274847 itr]:      604.067
[2786 sec, 11277958 itr]:      604.067
[2787 sec, 11281632 itr]:      604.067
[ optimality gap       ]:       85.28%
[2788 sec, 11285046 itr]:      604.067
[2789 sec, 11288275 itr]:      604.067
[2790 sec, 11291519 itr]:      604.067
[2791 sec, 11294696 itr]:      604.067
[2792 sec, 11298556 itr]:      604.067
[2793 sec, 11305034 itr]:      604.067
[2794 sec, 11305034 itr]:      604.067
[2795 sec, 11307952 itr]:      604.067
[2796 sec, 11314483 itr]:      604.067
[2797 sec, 11314483 itr]:      604.067
[ optimality gap       ]:       85.28%
[2798 sec, 11317730 itr]:      604.067
[2799 sec, 11321637 itr]:      604.067
[2800 sec, 11324961 itr]:      604.067
[2801 sec, 11327414 itr]:      604.067
[2802 sec, 11330203 itr]:      604.067
[2803 sec, 11336708 itr]:      604.067
[2804 sec, 11336708 itr]:      604.067
[2805 sec, 11340421 itr]:      604.067
[2806 sec, 11343637 itr]:      604.067
[2807 sec, 11346989 itr]:      604.067
[ optimality gap       ]:       85.21%
[2808 sec, 11350108 itr]:      604.067
[2809 sec, 11353467 itr]:      604.067
[2810 sec, 11356380 itr]:      604.067
[2811 sec, 11362069 itr]:      604.067
[2812 sec, 11365742 itr]:      604.067
[2813 sec, 11365742 itr]:      604.067
[2814 sec, 11372516 itr]:      604.067
[2815 sec, 11372516 itr]:      604.067
[2816 sec, 11376246 itr]:      604.067
[2817 sec, 11382359 itr]:      604.067
[ optimality gap       ]:       84.68%
[2818 sec, 11382359 itr]:      604.067
[2819 sec, 11385600 itr]:      604.067
[2820 sec, 11388826 itr]:      604.067
[2821 sec, 11391134 itr]:      604.067
[2822 sec, 11394287 itr]:      604.067
[2823 sec, 11397722 itr]:      604.067
[2824 sec, 11398706 itr]:      604.067
[2825 sec, 11401164 itr]:      604.067
[2826 sec, 11403918 itr]:      604.067
[2827 sec, 11406898 itr]:      604.067
[ optimality gap       ]:       84.68%
[2828 sec, 11410457 itr]:      604.067
[2829 sec, 11413760 itr]:      604.067
[2830 sec, 11416767 itr]:      604.067
[2831 sec, 11419730 itr]:      604.067
[2832 sec, 11422642 itr]:      604.067
[2833 sec, 11425983 itr]:      604.067
[2834 sec, 11428694 itr]:      604.067
[2835 sec, 11432496 itr]:      604.067
[2836 sec, 11435971 itr]:      604.067
[2837 sec, 11437865 itr]:      604.067
[ optimality gap       ]:       84.62%
[2838 sec, 11441457 itr]:      604.067
[2839 sec, 11447901 itr]:      604.067
[2840 sec, 11447901 itr]:      604.067
[2841 sec, 11451087 itr]:      604.067
[2842 sec, 11454268 itr]:      604.067
[2843 sec, 11457440 itr]:      604.067
[2844 sec, 11460440 itr]:      604.067
[2845 sec, 11463195 itr]:      604.067
[2846 sec, 11467020 itr]:      604.067
[2847 sec, 11469538 itr]:      604.067
[ optimality gap       ]:       84.57%
[2848 sec, 11475775 itr]:      604.067
[2849 sec, 11475775 itr]:      604.067
[2850 sec, 11479951 itr]:      604.067
[2851 sec, 11483572 itr]:      604.067
[2852 sec, 11487395 itr]:      604.067
[2853 sec, 11491133 itr]:      604.067
[2854 sec, 11498728 itr]:      604.067
[2855 sec, 11498728 itr]:      604.067
[2856 sec, 11502304 itr]:      604.067
[2857 sec, 11505733 itr]:      604.067
[ optimality gap       ]:       83.60%
[2858 sec, 11509070 itr]:      604.067
[2859 sec, 11515105 itr]:      604.067
[2860 sec, 11515105 itr]:      604.067
[2861 sec, 11518045 itr]:      604.067
[2862 sec, 11524963 itr]:      604.067
[2863 sec, 11528616 itr]:      604.067
[2864 sec, 11528616 itr]:      604.067
[2865 sec, 11532103 itr]:      604.067
[2866 sec, 11535970 itr]:      604.067
[2867 sec, 11539498 itr]:      604.067
[ optimality gap       ]:       83.60%
[2868 sec, 11542243 itr]:      604.067
[2869 sec, 11546158 itr]:      604.067
[2870 sec, 11549527 itr]:      604.067
[2871 sec, 11552032 itr]:      604.067
[2872 sec, 11555774 itr]:      604.067
[2873 sec, 11559642 itr]:      604.067
[2874 sec, 11563330 itr]:      604.067
[2875 sec, 11566706 itr]:      604.067
[2876 sec, 11570286 itr]:      604.067
[2877 sec, 11572841 itr]:      604.067
[ optimality gap       ]:       83.57%
[2878 sec, 11576178 itr]:      604.067
[2879 sec, 11582159 itr]:      604.067
[2880 sec, 11585476 itr]:      604.067
[2881 sec, 11585476 itr]:      604.067
[2882 sec, 11591926 itr]:      604.067
[2883 sec, 11591926 itr]:      604.067
[2884 sec, 11595725 itr]:      604.067
[2885 sec, 11598752 itr]:      604.067
[2886 sec, 11601043 itr]:      604.067
[2887 sec, 11604590 itr]:      604.067
[ optimality gap       ]:       83.57%
[2888 sec, 11607529 itr]:      604.067
[2889 sec, 11610643 itr]:      604.067
[2890 sec, 11613979 itr]:      604.067
[2891 sec, 11620203 itr]:      604.067
[2892 sec, 11620203 itr]:      604.067
[2893 sec, 11623139 itr]:      604.067
[2894 sec, 11626608 itr]:      604.067
[2895 sec, 11629675 itr]:      604.067
[2896 sec, 11635547 itr]:      604.067
[2897 sec, 11635547 itr]:      604.067
[ optimality gap       ]:       83.57%
[2898 sec, 11638629 itr]:      604.067
[2899 sec, 11641833 itr]:      604.067
[2900 sec, 11645014 itr]:      604.067
[2901 sec, 11648237 itr]:      604.067
[2902 sec, 11651820 itr]:      604.067
[2903 sec, 11655569 itr]:      604.067
[2904 sec, 11658378 itr]:      604.067
[2905 sec, 11661517 itr]:      604.067
[2906 sec, 11663895 itr]:      604.067
[2907 sec, 11667028 itr]:      604.067
[ optimality gap       ]:       83.57%
[2908 sec, 11669929 itr]:      604.067
[2909 sec, 11673397 itr]:      604.067
[2910 sec, 11676556 itr]:      604.067
[2911 sec, 11680024 itr]:      604.067
[2912 sec, 11683295 itr]:      604.067
[2913 sec, 11686703 itr]:      604.067
[2914 sec, 11694274 itr]:      604.067
[2915 sec, 11694274 itr]:      604.067
[2916 sec, 11697709 itr]:      604.067
[2917 sec, 11700773 itr]:      604.067
[ optimality gap       ]:       83.57%
[2918 sec, 11703665 itr]:      604.067
[2919 sec, 11707062 itr]:      604.067
[2920 sec, 11710183 itr]:      604.067
[2921 sec, 11713884 itr]:      604.067
[2922 sec, 11717411 itr]:      604.067
[2923 sec, 11720874 itr]:      604.067
[2924 sec, 11724242 itr]:      604.067
[2925 sec, 11727173 itr]:      604.067
[2926 sec, 11730704 itr]:      604.067
[2927 sec, 11733866 itr]:      604.067
[ optimality gap       ]:       83.57%
[2928 sec, 11737033 itr]:      604.067
[2929 sec, 11740121 itr]:      604.067
[2930 sec, 11743645 itr]:      604.067
[2931 sec, 11747286 itr]:      604.067
[2932 sec, 11751039 itr]:      604.067
[2933 sec, 11754228 itr]:      604.067
[2934 sec, 11757280 itr]:      604.067
[2935 sec, 11760394 itr]:      604.067
[2936 sec, 11763481 itr]:      604.067
[2937 sec, 11766777 itr]:      604.067
[ optimality gap       ]:       83.57%
[2938 sec, 11773824 itr]:      604.067
[2939 sec, 11777422 itr]:      604.067
[2940 sec, 11777422 itr]:      604.067
[2941 sec, 11784559 itr]:      604.067
[2942 sec, 11784559 itr]:      604.067
[2943 sec, 11788265 itr]:      604.067
[2944 sec, 11792275 itr]:      604.067
[2945 sec, 11794912 itr]:      604.067
[2946 sec, 11801582 itr]:      604.067
[2947 sec, 11801582 itr]:      604.067
[ optimality gap       ]:       83.57%
[2948 sec, 11805068 itr]:      604.067
[2949 sec, 11807822 itr]:      604.067
[2950 sec, 11811410 itr]:      604.067
[2951 sec, 11814507 itr]:      604.067
[2952 sec, 11818407 itr]:      604.067
[2953 sec, 11822200 itr]:      604.067
[2954 sec, 11825673 itr]:      604.067
[2955 sec, 11829139 itr]:      604.067
[2956 sec, 11835971 itr]:      604.067
[2957 sec, 11835971 itr]:      604.067
[ optimality gap       ]:       83.57%
[2958 sec, 11843131 itr]:      604.067
[2959 sec, 11843131 itr]:      604.067
[2960 sec, 11846358 itr]:      604.067
[2961 sec, 11849389 itr]:      604.067
[2962 sec, 11852726 itr]:      604.067
[2963 sec, 11856300 itr]:      604.067
[2964 sec, 11860068 itr]:      604.067
[2965 sec, 11866060 itr]:      604.067
[2966 sec, 11866060 itr]:      604.067
[2967 sec, 11869808 itr]:      604.067
[ optimality gap       ]:       83.57%
[2968 sec, 11876839 itr]:      604.067
[2969 sec, 11876839 itr]:      604.067
[2970 sec, 11880183 itr]:      604.067
[2971 sec, 11886421 itr]:      604.067
[2972 sec, 11886421 itr]:      604.067
[2973 sec, 11889914 itr]:      604.067
[2974 sec, 11893080 itr]:      604.067
[2975 sec, 11896900 itr]:      604.067
[2976 sec, 11900345 itr]:      604.067
[2977 sec, 11903482 itr]:      604.067
[ optimality gap       ]:       83.41%
[2978 sec, 11906767 itr]:      604.067
[2979 sec, 11910220 itr]:      604.067
[2980 sec, 11913943 itr]:      604.067
[2981 sec, 11920563 itr]:      604.067
[2982 sec, 11920563 itr]:      604.067
[2983 sec, 11923101 itr]:      604.067
[2984 sec, 11926140 itr]:      604.067
[2985 sec, 11933025 itr]:      604.067
[2986 sec, 11933025 itr]:      604.067
[2987 sec, 11936366 itr]:      604.067
[ optimality gap       ]:       83.41%
[2988 sec, 11940253 itr]:      604.067
[2989 sec, 11943372 itr]:      604.067
[2990 sec, 11946818 itr]:      604.067
[2991 sec, 11950115 itr]:      604.067
[2992 sec, 11953344 itr]:      604.067
[2993 sec, 11956880 itr]:      604.067
[2994 sec, 11960649 itr]:      604.067
[2995 sec, 11964405 itr]:      604.067
[2996 sec, 11970603 itr]:      604.067
[2997 sec, 11970603 itr]:      604.067
[ optimality gap       ]:       83.06%
[2998 sec, 11976905 itr]:      604.067
[2999 sec, 11976905 itr]:      604.067
[3000 sec, 11979976 itr]:      604.067
[3001 sec, 11982817 itr]:      604.067
[3002 sec, 11988285 itr]:      604.067
[3003 sec, 11988285 itr]:      604.067
[3004 sec, 11991830 itr]:      604.067
[3005 sec, 11994782 itr]:      604.067
[3006 sec, 11998397 itr]:      604.067
[3007 sec, 12002145 itr]:      604.067
[ optimality gap       ]:       82.21%
[3008 sec, 12005558 itr]:      604.067
[3009 sec, 12009163 itr]:      604.067
[3010 sec, 12012727 itr]:      604.067
[3011 sec, 12016384 itr]:      604.067
[3012 sec, 12019768 itr]:      604.067
[3013 sec, 12023462 itr]:      604.067
[3014 sec, 12030872 itr]:      604.067
[3015 sec, 12030872 itr]:      604.067
[3016 sec, 12034373 itr]:      604.067
[3017 sec, 12041653 itr]:      604.067
[ optimality gap       ]:       82.21%
[3018 sec, 12041653 itr]:      604.067
[3019 sec, 12049066 itr]:      604.067
[3020 sec, 12049066 itr]:      604.067
[3021 sec, 12052527 itr]:      604.067
[3022 sec, 12055720 itr]:      604.067
[3023 sec, 12058944 itr]:      604.067
[3024 sec, 12064108 itr]:      604.067
[3025 sec, 12064108 itr]:      604.067
[3026 sec, 12067164 itr]:      604.067
[3027 sec, 12070755 itr]:      604.067
[ optimality gap       ]:       82.21%
[3028 sec, 12074013 itr]:      604.067
[3029 sec, 12076887 itr]:      604.067
[3030 sec, 12082494 itr]:      604.067
[3031 sec, 12082494 itr]:      604.067
[3032 sec, 12089284 itr]:      604.067
[3033 sec, 12089284 itr]:      604.067
[3034 sec, 12092428 itr]:      604.067
[3035 sec, 12095810 itr]:      604.067
[3036 sec, 12098426 itr]:      604.067
[3037 sec, 12100316 itr]:      604.067
[ optimality gap       ]:       82.21%
[3038 sec, 12104113 itr]:      604.067
[3039 sec, 12107155 itr]:      604.067
[3040 sec, 12113271 itr]:      604.067
[3041 sec, 12116717 itr]:      604.067
[3042 sec, 12116717 itr]:      604.067
[3043 sec, 12119924 itr]:      604.067
[3044 sec, 12123668 itr]:      604.067
[3045 sec, 12127098 itr]:      604.067
[3046 sec, 12130761 itr]:      604.067
[3047 sec, 12134290 itr]:      604.067
[ optimality gap       ]:       82.21%
[3048 sec, 12137311 itr]:      604.067
[3049 sec, 12140599 itr]:      604.067
[3050 sec, 12144350 itr]:      604.067
[3051 sec, 12147783 itr]:      604.067
[3052 sec, 12150924 itr]:      604.067
[3053 sec, 12157824 itr]:      604.067
[3054 sec, 12157824 itr]:      604.067
[3055 sec, 12161038 itr]:      604.067
[3056 sec, 12167098 itr]:      604.067
[3057 sec, 12167098 itr]:      604.067
[ optimality gap       ]:       82.21%
[3058 sec, 12172570 itr]:      604.067
[3059 sec, 12172570 itr]:      604.067
[3060 sec, 12175949 itr]:      604.067
[3061 sec, 12182617 itr]:      604.067
[3062 sec, 12185699 itr]:      604.067
[3063 sec, 12185699 itr]:      604.067
[3064 sec, 12189358 itr]:      604.067
[3065 sec, 12192723 itr]:      604.067
[3066 sec, 12196353 itr]:      604.067
[3067 sec, 12198990 itr]:      604.067
[ optimality gap       ]:       82.21%
[3068 sec, 12202206 itr]:      604.067
[3069 sec, 12204138 itr]:      604.067
[3070 sec, 12207637 itr]:      604.067
[3071 sec, 12211183 itr]:      604.067
[3072 sec, 12214334 itr]:      604.067
[3073 sec, 12221540 itr]:      604.067
[3074 sec, 12221540 itr]:      604.067
[3075 sec, 12224378 itr]:      604.067
[3076 sec, 12231013 itr]:      604.067
[3077 sec, 12231013 itr]:      604.067
[ optimality gap       ]:       82.21%
[3078 sec, 12234695 itr]:      604.067
[3079 sec, 12238380 itr]:      604.067
[3080 sec, 12245415 itr]:      604.067
[3081 sec, 12245415 itr]:      604.067
[3082 sec, 12248488 itr]:      604.067
[3083 sec, 12251792 itr]:      604.067
[3084 sec, 12258655 itr]:      604.067
[3085 sec, 12258655 itr]:      604.067
[3086 sec, 12261916 itr]:      604.067
[3087 sec, 12267602 itr]:      604.067
[ optimality gap       ]:       82.21%
[3088 sec, 12267602 itr]:      604.067
[3089 sec, 12270853 itr]:      604.067
[3090 sec, 12276690 itr]:      604.067
[3091 sec, 12276690 itr]:      604.067
[3092 sec, 12280173 itr]:      604.067
[3093 sec, 12283089 itr]:      604.067
[3094 sec, 12286026 itr]:      604.067
[3095 sec, 12289009 itr]:      604.067
[3096 sec, 12292916 itr]:      604.067
[3097 sec, 12296726 itr]:      604.067
[ optimality gap       ]:       82.21%
[3098 sec, 12299587 itr]:      604.067
[3099 sec, 12302548 itr]:      604.067
[3100 sec, 12306047 itr]:      604.067
[3101 sec, 12308397 itr]:      604.067
[3102 sec, 12314250 itr]:      604.067
[3103 sec, 12314250 itr]:      604.067
[3104 sec, 12317628 itr]:      604.067
[3105 sec, 12321231 itr]:      604.067
[3106 sec, 12325263 itr]:      604.067
[3107 sec, 12327634 itr]:      604.067
[ optimality gap       ]:       82.21%
[3108 sec, 12330673 itr]:      604.067
[3109 sec, 12334512 itr]:      604.067
[3110 sec, 12337707 itr]:      604.067
[3111 sec, 12341223 itr]:      604.067
[3112 sec, 12347689 itr]:      604.067
[3113 sec, 12347689 itr]:      604.067
[3114 sec, 12351250 itr]:      604.067
[3115 sec, 12353255 itr]:      604.067
[3116 sec, 12356983 itr]:      604.067
[3117 sec, 12364260 itr]:      604.067
[ optimality gap       ]:       82.21%
[3118 sec, 12364260 itr]:      604.067
[3119 sec, 12367424 itr]:      604.067
[3120 sec, 12373409 itr]:      604.067
[3121 sec, 12373409 itr]:      604.067
[3122 sec, 12380706 itr]:      604.067
[3123 sec, 12383660 itr]:      604.067
[3124 sec, 12383660 itr]:      604.067
[3125 sec, 12386414 itr]:      604.067
[3126 sec, 12389641 itr]:      604.067
[3127 sec, 12391082 itr]:      604.067
[ optimality gap       ]:       82.21%
[3128 sec, 12397941 itr]:      604.067
[3129 sec, 12397941 itr]:      604.067
[3130 sec, 12404734 itr]:      604.067
[3131 sec, 12408456 itr]:      604.067
[3132 sec, 12408456 itr]:      604.067
[3133 sec, 12411366 itr]:      604.067
[3134 sec, 12414637 itr]:      604.067
[3135 sec, 12418396 itr]:      604.067
[3136 sec, 12420975 itr]:      604.067
[3137 sec, 12423255 itr]:      604.067
[ optimality gap       ]:       82.21%
[3138 sec, 12425941 itr]:      604.067
[3139 sec, 12431913 itr]:      604.067
[3140 sec, 12431913 itr]:      604.067
[3141 sec, 12435439 itr]:      604.067
[3142 sec, 12439133 itr]:      604.067
[3143 sec, 12442662 itr]:      604.067
[3144 sec, 12446602 itr]:      604.067
[3145 sec, 12449445 itr]:      604.067
[3146 sec, 12453481 itr]:      604.067
[3147 sec, 12459920 itr]:      604.067
[ optimality gap       ]:       82.21%
[3148 sec, 12459920 itr]:      604.067
[3149 sec, 12465458 itr]:      604.067
[3150 sec, 12465458 itr]:      604.067
[3151 sec, 12469193 itr]:      604.067
[3152 sec, 12473090 itr]:      604.067
[3153 sec, 12476356 itr]:      604.067
[3154 sec, 12479228 itr]:      604.067
[3155 sec, 12482307 itr]:      604.067
[3156 sec, 12486388 itr]:      604.067
[3157 sec, 12489735 itr]:      604.067
[ optimality gap       ]:       82.21%
[3158 sec, 12492987 itr]:      604.067
[3159 sec, 12499168 itr]:      604.067
[3160 sec, 12499168 itr]:      604.067
[3161 sec, 12506107 itr]:      604.067
[3162 sec, 12506107 itr]:      604.067
[3163 sec, 12509822 itr]:      604.067
[3164 sec, 12513214 itr]:      604.067
[3165 sec, 12516429 itr]:      604.067
[3166 sec, 12523067 itr]:      604.067
[3167 sec, 12523067 itr]:      604.067
[ optimality gap       ]:       82.21%
[3168 sec, 12526137 itr]:      604.067
[3169 sec, 12529633 itr]:      604.067
[3170 sec, 12532847 itr]:      604.067
[3171 sec, 12536197 itr]:      604.067
[3172 sec, 12539051 itr]:      604.067
[3173 sec, 12542330 itr]:      604.067
[3174 sec, 12548929 itr]:      604.067
[3175 sec, 12552881 itr]:      604.067
[3176 sec, 12552881 itr]:      604.067
[3177 sec, 12556760 itr]:      604.067
[ optimality gap       ]:       82.21%
[3178 sec, 12559912 itr]:      604.067
[3179 sec, 12566858 itr]:      604.067
[3180 sec, 12566858 itr]:      604.067
[3181 sec, 12570118 itr]:      604.067
[3182 sec, 12574131 itr]:      604.067
[3183 sec, 12574131 itr]:      604.067
[3184 sec, 12577648 itr]:      604.067
[3185 sec, 12580927 itr]:      604.067
[3186 sec, 12584488 itr]:      604.067
[3187 sec, 12587949 itr]:      604.067
[ optimality gap       ]:       82.21%
[3188 sec, 12590906 itr]:      604.067
[3189 sec, 12594514 itr]:      604.067
[3190 sec, 12597729 itr]:      604.067
[3191 sec, 12600482 itr]:      604.067
[3192 sec, 12603820 itr]:      604.067
[3193 sec, 12607240 itr]:      604.067
[3194 sec, 12611054 itr]:      604.067
[3195 sec, 12614692 itr]:      604.067
[3196 sec, 12617615 itr]:      604.067
[3197 sec, 12623595 itr]:      604.067
[ optimality gap       ]:       82.21%
[3198 sec, 12623595 itr]:      604.067
[3199 sec, 12627059 itr]:      604.067
[3200 sec, 12630721 itr]:      604.067
[3201 sec, 12634314 itr]:      604.067
[3202 sec, 12637415 itr]:      604.067
[3203 sec, 12640634 itr]:      604.067
[3204 sec, 12643423 itr]:      604.067
[3205 sec, 12646462 itr]:      604.067
[3206 sec, 12653032 itr]:      604.067
[3207 sec, 12656934 itr]:      604.067
[ optimality gap       ]:       82.21%
[3208 sec, 12656934 itr]:      604.067
[3209 sec, 12660034 itr]:      604.067
[3210 sec, 12663947 itr]:      604.067
[3211 sec, 12667429 itr]:      604.067
[3212 sec, 12670763 itr]:      604.067
[3213 sec, 12673380 itr]:      604.067
[3214 sec, 12679388 itr]:      604.067
[3215 sec, 12679388 itr]:      604.067
[3216 sec, 12682871 itr]:      604.067
[3217 sec, 12685822 itr]:      604.067
[ optimality gap       ]:       82.21%
[3218 sec, 12689131 itr]:      604.067
[3219 sec, 12693142 itr]:      604.067
[3220 sec, 12696117 itr]:      604.067
[3221 sec, 12698720 itr]:      604.067
[3222 sec, 12701648 itr]:      604.067
[3223 sec, 12705007 itr]:      604.067
[3224 sec, 12706814 itr]:      604.067
[3225 sec, 12709753 itr]:      604.067
[3226 sec, 12713180 itr]:      604.067
[3227 sec, 12716301 itr]:      604.067
[ optimality gap       ]:       82.21%
[3228 sec, 12719245 itr]:      604.067
[3229 sec, 12722677 itr]:      604.067
[3230 sec, 12726186 itr]:      604.067
[3231 sec, 12729191 itr]:      604.067
[3232 sec, 12732014 itr]:      604.067
[3233 sec, 12735333 itr]:      604.067
[3234 sec, 12738160 itr]:      604.067
[3235 sec, 12741160 itr]:      604.067
[3236 sec, 12744103 itr]:      604.067
[3237 sec, 12747604 itr]:      604.067
[ optimality gap       ]:       82.21%
[3238 sec, 12751118 itr]:      604.067
[3239 sec, 12754880 itr]:      604.067
[3240 sec, 12757353 itr]:      604.067
[3241 sec, 12761011 itr]:      604.067
[3242 sec, 12764219 itr]:      604.067
[3243 sec, 12767902 itr]:      604.067
[3244 sec, 12771551 itr]:      604.067
[3245 sec, 12774254 itr]:      604.067
[3246 sec, 12777211 itr]:      604.067
[3247 sec, 12780759 itr]:      604.067
[ optimality gap       ]:       82.21%
[3248 sec, 12784659 itr]:      604.067
[3249 sec, 12788115 itr]:      604.067
[3250 sec, 12791912 itr]:      604.067
[3251 sec, 12794554 itr]:      604.067
[3252 sec, 12797477 itr]:      604.067
[3253 sec, 12803807 itr]:      604.067
[3254 sec, 12803807 itr]:      604.067
[3255 sec, 12811116 itr]:      604.067
[3256 sec, 12811116 itr]:      604.067
[3257 sec, 12813517 itr]:      604.067
[ optimality gap       ]:       82.21%
[3258 sec, 12816937 itr]:      604.067
[3259 sec, 12819619 itr]:      604.067
[3260 sec, 12823103 itr]:      604.067
[3261 sec, 12826320 itr]:      604.067
[3262 sec, 12829368 itr]:      604.067
[3263 sec, 12832868 itr]:      604.067
[3264 sec, 12836541 itr]:      604.067
[3265 sec, 12838393 itr]:      604.067
[3266 sec, 12844637 itr]:      604.067
[3267 sec, 12847730 itr]:      604.067
[ optimality gap       ]:       82.21%
[3268 sec, 12850718 itr]:      604.067
[3269 sec, 12850718 itr]:      604.067
[3270 sec, 12854412 itr]:      604.067
[3271 sec, 12859942 itr]:      604.067
[3272 sec, 12859942 itr]:      604.067
[3273 sec, 12864836 itr]:      604.067
[3274 sec, 12864836 itr]:      604.067
[3275 sec, 12868713 itr]:      604.067
[3276 sec, 12871132 itr]:      604.067
[3277 sec, 12874946 itr]:      604.067
[ optimality gap       ]:       82.21%
[3278 sec, 12878584 itr]:      604.067
[3279 sec, 12881743 itr]:      604.067
[3280 sec, 12885021 itr]:      604.067
[3281 sec, 12887428 itr]:      604.067
[3282 sec, 12890473 itr]:      604.067
[3283 sec, 12894221 itr]:      604.067
[3284 sec, 12897730 itr]:      604.067
[3285 sec, 12901730 itr]:      604.067
[3286 sec, 12904758 itr]:      604.067
[3287 sec, 12907382 itr]:      604.067
[ optimality gap       ]:       82.21%
[3288 sec, 12910851 itr]:      604.067
[3289 sec, 12913877 itr]:      604.067
[3290 sec, 12916887 itr]:      604.067
[3291 sec, 12919696 itr]:      604.067
[3292 sec, 12922677 itr]:      604.067
[3293 sec, 12925923 itr]:      604.067
[3294 sec, 12931377 itr]:      604.067
[3295 sec, 12931377 itr]:      604.067
[3296 sec, 12934771 itr]:      604.067
[3297 sec, 12941448 itr]:      604.067
[ optimality gap       ]:       82.21%
[3298 sec, 12941448 itr]:      604.067
[3299 sec, 12944646 itr]:      604.067
[3300 sec, 12951176 itr]:      604.067
[3301 sec, 12951176 itr]:      604.067
[3302 sec, 12953812 itr]:      604.067
[3303 sec, 12956613 itr]:      604.067
[3304 sec, 12960545 itr]:      604.067
[3305 sec, 12963460 itr]:      604.067
[3306 sec, 12966027 itr]:      604.067
[3307 sec, 12969749 itr]:      604.067
[ optimality gap       ]:       82.21%
[3308 sec, 12973138 itr]:      604.067
[3309 sec, 12976386 itr]:      604.067
[3310 sec, 12979651 itr]:      604.067
[3311 sec, 12982466 itr]:      604.067
[3312 sec, 12985952 itr]:      604.067
[3313 sec, 12989008 itr]:      604.067
[3314 sec, 12992539 itr]:      604.067
[3315 sec, 12996321 itr]:      604.067
[3316 sec, 13003940 itr]:      604.067
[3317 sec, 13007596 itr]:      604.067
[ optimality gap       ]:       82.21%
[3318 sec, 13007596 itr]:      604.067
[3319 sec, 13013516 itr]:      604.067
[3320 sec, 13013516 itr]:      604.067
[3321 sec, 13016873 itr]:      604.067
[3322 sec, 13019845 itr]:      604.067
[3323 sec, 13023114 itr]:      604.067
[3324 sec, 13026147 itr]:      604.067
[3325 sec, 13029594 itr]:      604.067
[3326 sec, 13033040 itr]:      604.067
[3327 sec, 13036868 itr]:      604.067
[ optimality gap       ]:       82.21%
[3328 sec, 13040501 itr]:      604.067
[3329 sec, 13046410 itr]:      604.067
[3330 sec, 13046410 itr]:      604.067
[3331 sec, 13049883 itr]:      604.067
[3332 sec, 13053054 itr]:      604.067
[3333 sec, 13056281 itr]:      604.067
[3334 sec, 13059928 itr]:      604.067
[3335 sec, 13062363 itr]:      604.067
[3336 sec, 13065409 itr]:      604.067
[3337 sec, 13068525 itr]:      604.067
[ optimality gap       ]:       82.21%
[3338 sec, 13071914 itr]:      604.067
[3339 sec, 13076032 itr]:      604.067
[3340 sec, 13079864 itr]:      604.067
[3341 sec, 13083108 itr]:      604.067
[3342 sec, 13086180 itr]:      604.067
[3343 sec, 13088616 itr]:      604.067
[3344 sec, 13091922 itr]:      604.067
[3345 sec, 13095237 itr]:      604.067
[3346 sec, 13098512 itr]:      604.067
[3347 sec, 13101936 itr]:      604.067
[ optimality gap       ]:       82.21%
[3348 sec, 13105092 itr]:      604.067
[3349 sec, 13109012 itr]:      604.067
[3350 sec, 13115742 itr]:      604.067
[3351 sec, 13115742 itr]:      604.067
[3352 sec, 13119058 itr]:      604.067
[3353 sec, 13126015 itr]:      604.067
[3354 sec, 13129976 itr]:      604.067
[3355 sec, 13129976 itr]:      604.067
[3356 sec, 13132872 itr]:      604.067
[3357 sec, 13135286 itr]:      604.067
[ optimality gap       ]:       82.21%
[3358 sec, 13139091 itr]:      604.067
[3359 sec, 13142803 itr]:      604.067
[3360 sec, 13144852 itr]:      604.067
[3361 sec, 13152277 itr]:      604.067
[3362 sec, 13152277 itr]:      604.067
[3363 sec, 13155845 itr]:      604.067
[3364 sec, 13158865 itr]:      604.067
[3365 sec, 13161737 itr]:      604.067
[3366 sec, 13165094 itr]:      604.067
[3367 sec, 13168451 itr]:      604.067
[ optimality gap       ]:       82.21%
[3368 sec, 13174117 itr]:      604.067
[3369 sec, 13174117 itr]:      604.067
[3370 sec, 13177319 itr]:      604.067
[3371 sec, 13180150 itr]:      604.067
[3372 sec, 13183378 itr]:      604.067
[3373 sec, 13185751 itr]:      604.067
[3374 sec, 13189177 itr]:      604.067
[3375 sec, 13195036 itr]:      604.067
[3376 sec, 13195036 itr]:      604.067
[3377 sec, 13198457 itr]:      604.067
[ optimality gap       ]:       82.21%
[3378 sec, 13205215 itr]:      604.067
[3379 sec, 13205215 itr]:      604.067
[3380 sec, 13209090 itr]:      604.067
[3381 sec, 13212443 itr]:      604.067
[3382 sec, 13215441 itr]:      604.067
[3383 sec, 13218695 itr]:      604.067
[3384 sec, 13224671 itr]:      604.067
[3385 sec, 13224671 itr]:      604.067
[3386 sec, 13227749 itr]:      604.067
[3387 sec, 13231131 itr]:      604.067
[ optimality gap       ]:       82.21%
[3388 sec, 13233550 itr]:      604.067
[3389 sec, 13236473 itr]:      604.067
[3390 sec, 13240165 itr]:      604.067
[3391 sec, 13243562 itr]:      604.067
[3392 sec, 13246934 itr]:      604.067
[3393 sec, 13249278 itr]:      604.067
[3394 sec, 13251312 itr]:      604.067
[3395 sec, 13258486 itr]:      604.067
[3396 sec, 13258486 itr]:      604.067
[3397 sec, 13262251 itr]:      604.067
[ optimality gap       ]:       82.21%
[3398 sec, 13265947 itr]:      604.067
[3399 sec, 13269272 itr]:      604.067
[3400 sec, 13272569 itr]:      604.067
[3401 sec, 13275655 itr]:      604.067
[3402 sec, 13281802 itr]:      604.067
[3403 sec, 13284881 itr]:      604.067
[3404 sec, 13284881 itr]:      604.067
[3405 sec, 13291347 itr]:      604.067
[3406 sec, 13291347 itr]:      604.067
[3407 sec, 13294765 itr]:      604.067
[ optimality gap       ]:       82.21%
[3408 sec, 13298317 itr]:      604.067
[3409 sec, 13301084 itr]:      604.067
[3410 sec, 13304731 itr]:      604.067
[3411 sec, 13310933 itr]:      604.067
[3412 sec, 13310933 itr]:      604.067
[3413 sec, 13318068 itr]:      604.067
[3414 sec, 13318068 itr]:      604.067
[3415 sec, 13322114 itr]:      604.067
[3416 sec, 13328466 itr]:      604.067
[3417 sec, 13328466 itr]:      604.067
[ optimality gap       ]:       82.21%
[3418 sec, 13332187 itr]:      604.067
[3419 sec, 13335789 itr]:      604.067
[3420 sec, 13338772 itr]:      604.067
[3421 sec, 13342819 itr]:      604.067
[3422 sec, 13346252 itr]:      604.067
[3423 sec, 13349258 itr]:      604.067
[3424 sec, 13352656 itr]:      604.067
[3425 sec, 13355894 itr]:      604.067
[3426 sec, 13359536 itr]:      604.067
[3427 sec, 13362705 itr]:      604.067
[ optimality gap       ]:       82.21%
[3428 sec, 13365551 itr]:      604.067
[3429 sec, 13369200 itr]:      604.067
[3430 sec, 13372690 itr]:      604.067
[3431 sec, 13379054 itr]:      604.067
[3432 sec, 13379054 itr]:      604.067
[3433 sec, 13382555 itr]:      604.067
[3434 sec, 13385848 itr]:      604.067
[3435 sec, 13388795 itr]:      604.067
[3436 sec, 13391954 itr]:      604.067
[3437 sec, 13394795 itr]:      604.067
[ optimality gap       ]:       82.21%
[3438 sec, 13401079 itr]:      604.067
[3439 sec, 13401079 itr]:      604.067
[3440 sec, 13404766 itr]:      604.067
[3441 sec, 13407287 itr]:      604.067
[3442 sec, 13410725 itr]:      604.067
[3443 sec, 13414731 itr]:      604.067
[3444 sec, 13417801 itr]:      604.067
[3445 sec, 13421630 itr]:      604.067
[3446 sec, 13424968 itr]:      604.067
[3447 sec, 13428221 itr]:      604.067
[ optimality gap       ]:       82.21%
[3448 sec, 13431964 itr]:      604.067
[3449 sec, 13434775 itr]:      604.067
[3450 sec, 13438240 itr]:      604.067
[3451 sec, 13440695 itr]:      604.067
[3452 sec, 13444464 itr]:      604.067
[3453 sec, 13447602 itr]:      604.067
[3454 sec, 13450888 itr]:      604.067
[3455 sec, 13453849 itr]:      604.067
[3456 sec, 13456906 itr]:      604.067
[3457 sec, 13459981 itr]:      604.067
[ optimality gap       ]:       82.21%
[3458 sec, 13463512 itr]:      604.067
[3459 sec, 13466682 itr]:      604.067
[3460 sec, 13469836 itr]:      604.067
[3461 sec, 13473391 itr]:      604.067
[3462 sec, 13476000 itr]:      604.067
[3463 sec, 13480255 itr]:      604.067
[3464 sec, 13484104 itr]:      604.067
[3465 sec, 13487453 itr]:      604.067
[3466 sec, 13491159 itr]:      604.067
[3467 sec, 13494562 itr]:      604.067
[ optimality gap       ]:       82.21%
[3468 sec, 13501269 itr]:      604.067
[3469 sec, 13501269 itr]:      604.067
[3470 sec, 13504005 itr]:      604.067
[3471 sec, 13507027 itr]:      604.067
[3472 sec, 13510054 itr]:      604.067
[3473 sec, 13516234 itr]:      604.067
[3474 sec, 13516234 itr]:      604.067
[3475 sec, 13519634 itr]:      604.067
[3476 sec, 13523111 itr]:      604.067
[3477 sec, 13526362 itr]:      604.067
[ optimality gap       ]:       82.21%
[3478 sec, 13529841 itr]:      604.067
[3479 sec, 13532850 itr]:      604.067
[3480 sec, 13536036 itr]:      604.067
[3481 sec, 13539225 itr]:      604.067
[3482 sec, 13546554 itr]:      604.067
[3483 sec, 13546554 itr]:      604.067
[3484 sec, 13550149 itr]:      604.067
[3485 sec, 13556313 itr]:      604.067
[3486 sec, 13556313 itr]:      604.067
[3487 sec, 13563702 itr]:      604.067
[ optimality gap       ]:       82.21%
[3488 sec, 13563702 itr]:      604.067
[3489 sec, 13565841 itr]:      604.067
[3490 sec, 13569039 itr]:      604.067
[3491 sec, 13572289 itr]:      604.067
[3492 sec, 13575451 itr]:      604.067
[3493 sec, 13578452 itr]:      604.067
[3494 sec, 13581414 itr]:      604.067
[3495 sec, 13584561 itr]:      604.067
[3496 sec, 13591831 itr]:      604.067
[3497 sec, 13591831 itr]:      604.067
[ optimality gap       ]:       82.21%
[3498 sec, 13594976 itr]:      604.067
[3499 sec, 13601263 itr]:      604.067
[3500 sec, 13601263 itr]:      604.067
[3501 sec, 13604677 itr]:      604.067
[3502 sec, 13608114 itr]:      604.067
[3503 sec, 13610564 itr]:      604.067
[3504 sec, 13613895 itr]:      604.067
[3505 sec, 13617417 itr]:      604.067
[3506 sec, 13619933 itr]:      604.067
[3507 sec, 13623073 itr]:      604.067
[ optimality gap       ]:       82.21%
[3508 sec, 13626012 itr]:      604.067
[3509 sec, 13629414 itr]:      604.067
[3510 sec, 13632256 itr]:      604.067
[3511 sec, 13635677 itr]:      604.067
[3512 sec, 13639238 itr]:      604.067
[3513 sec, 13642603 itr]:      604.067
[3514 sec, 13645660 itr]:      604.067
[3515 sec, 13651787 itr]:      604.067
[3516 sec, 13651787 itr]:      604.067
[3517 sec, 13655019 itr]:      604.067
[ optimality gap       ]:       82.21%
[3518 sec, 13657747 itr]:      604.067
[3519 sec, 13660677 itr]:      604.067
[3520 sec, 13664641 itr]:      604.067
[3521 sec, 13668468 itr]:      604.067
[3522 sec, 13671451 itr]:      604.067
[3523 sec, 13674667 itr]:      604.067
[3524 sec, 13678324 itr]:      604.067
[3525 sec, 13681193 itr]:      604.067
[3526 sec, 13684084 itr]:      604.067
[3527 sec, 13687083 itr]:      604.067
[ optimality gap       ]:       82.21%
[3528 sec, 13694400 itr]:      604.067
[3529 sec, 13697254 itr]:      604.067
[3530 sec, 13697254 itr]:      604.067
[3531 sec, 13700354 itr]:      604.067
[3532 sec, 13703642 itr]:      604.067
[3533 sec, 13706269 itr]:      604.067
[3534 sec, 13709500 itr]:      604.067
[3535 sec, 13712675 itr]:      604.067
[3536 sec, 13715287 itr]:      604.067
[3537 sec, 13718843 itr]:      604.067
[ optimality gap       ]:       82.21%
[3538 sec, 13722633 itr]:      604.067
[3539 sec, 13726123 itr]:      604.067
[3540 sec, 13728998 itr]:      604.067
[3541 sec, 13733061 itr]:      604.067
[3542 sec, 13736816 itr]:      604.067
[3543 sec, 13740897 itr]:      604.067
[3544 sec, 13744600 itr]:      604.067
[3545 sec, 13747956 itr]:      604.067
[3546 sec, 13750517 itr]:      604.067
[3547 sec, 13754488 itr]:      604.067
[ optimality gap       ]:       82.21%
[3548 sec, 13757512 itr]:      604.067
[3549 sec, 13760487 itr]:      604.067
[3550 sec, 13766187 itr]:      604.067
[3551 sec, 13766187 itr]:      604.067
[3552 sec, 13769041 itr]:      604.067
[3553 sec, 13772242 itr]:      604.067
[3554 sec, 13775820 itr]:      604.067
[3555 sec, 13779791 itr]:      604.067
[3556 sec, 13783213 itr]:      604.067
[3557 sec, 13787050 itr]:      604.067
[ optimality gap       ]:       82.21%
[3558 sec, 13789885 itr]:      604.067
[3559 sec, 13792971 itr]:      604.067
[3560 sec, 13796339 itr]:      604.067
[3561 sec, 13799296 itr]:      604.067
[3562 sec, 13802632 itr]:      604.067
[3563 sec, 13805554 itr]:      604.067
[3564 sec, 13807928 itr]:      604.067
[3565 sec, 13814902 itr]:      604.067
[3566 sec, 13814902 itr]:      604.067
[3567 sec, 13821222 itr]:      604.067
[ optimality gap       ]:       82.21%
[3568 sec, 13821222 itr]:      604.067
[3569 sec, 13824294 itr]:      604.067
[3570 sec, 13827570 itr]:      604.067
[3571 sec, 13834632 itr]:      604.067
[3572 sec, 13834632 itr]:      604.067
[3573 sec, 13838174 itr]:      604.067
[3574 sec, 13841602 itr]:      604.067
[3575 sec, 13848305 itr]:      604.067
[3576 sec, 13848305 itr]:      604.067
[3577 sec, 13851735 itr]:      604.067
[ optimality gap       ]:       82.21%
[3578 sec, 13854145 itr]:      604.067
[3579 sec, 13857002 itr]:      604.067
[3580 sec, 13863127 itr]:      604.067
[3581 sec, 13863127 itr]:      604.067
[3582 sec, 13866806 itr]:      604.067
[3583 sec, 13870257 itr]:      604.067
[3584 sec, 13873277 itr]:      604.067
[3585 sec, 13876635 itr]:      604.067
[3586 sec, 13880134 itr]:      604.067
[3587 sec, 13883525 itr]:      604.067
[ optimality gap       ]:       82.21%
[3588 sec, 13886874 itr]:      604.067
[3589 sec, 13890091 itr]:      604.067
[3590 sec, 13893434 itr]:      604.067
[3591 sec, 13896510 itr]:      604.067
[3592 sec, 13900152 itr]:      604.067
[3593 sec, 13907676 itr]:      604.067
[3594 sec, 13907676 itr]:      604.067
[3595 sec, 13911349 itr]:      604.067
[3596 sec, 13914843 itr]:      604.067
[3597 sec, 13917718 itr]:      604.067
[ optimality gap       ]:       82.21%
[3598 sec, 13920250 itr]:      604.067
[3599 sec, 13925102 itr]:      604.067
[3600 sec, 13925102 itr]:      604.067
[3600 sec, 13928474 itr]:      604.067
[ optimality gap       ]:       82.21%

13928474 iterations performed in 3600 seconds

Feasible solution: 
  obj    =      604.067
  gap    =       82.21%
  bounds =      107.453
Time limit reached, but a feasible solution is available
  objective value = 604.066509205052
  status = HxSolutionStatus.FEASIBLE, iterations = 13928474, time = 3600.00s, gap = 82.21%

[15:50:21.101528] Saving solution to file: /dados/rmelo/PDPTW-SE/benchmark_multi_floor_v3/official_experiments/mip_hexaly/set_02_pt_02/logs/form_melo_hx/solutions/06R_06V_04F_03M/lr205_sol_genconfig_melo_hx.txt

[15:50:21] Saving solution timeline to file: /dados/rmelo/PDPTW-SE/benchmark_multi_floor_v3/official_experiments/mip_hexaly/set_02_pt_02/logs/form_melo_hx/timelines/06R_06V_04F_03M/lr205_timeline_genconfig_melo_hx.txt

[21/09/2025 15:50:21] Writing results to CSV: /dados/rmelo/PDPTW-SE/benchmark_multi_floor_v3/official_experiments/mip_hexaly/set_02_pt_02/logs/form_melo_hx/outputs/csvresults_form_melo_hx.csv
---------------------| VEHICLES |---------------------

Vehicle 2 :
	id: 0
			node: 0
			(x, y, z): (35, 35, 0)
			dem: 0
			earl: 0
			lat: 1000
			servt: 0
			pid: 0
			did: 0
			servST: 204.0720439222722
			(h, h_ind): (-1, -1)
			load: 0.0
			
	Finished service at time: 204.0720439222722
	
	Task 0 -> Task 5: 20.62
	Vehicle arrival at task: 224.6920439222722
	Waiting time until service start time: -0.0
	
	id: 5
			node: 2
			(x, y, z): (15, 30, 0)
			dem: 26
			earl: 20
			lat: 260
			servt: 10
			pid: 0
			did: 53
			servST: 224.6920439222721
			(h, h_ind): (-1, -1)
			load: 26.0
			
	Finished service at time: 234.6920439222721
	
	Task 5 -> Task 11: 35.36
	Vehicle arrival at task: 270.0520439222721
	Waiting time until service start time: -0.0
	
	id: 11
			node: 6
			(x, y, z): (20, 65, 0)
			dem: 12
			earl: 146
			lat: 386
			servt: 10
			pid: 0
			did: 24
			servST: 270.0515146405371
			(h, h_ind): (-1, -1)
			load: 38.0
			
	Finished service at time: 280.0515146405371
	
	Using Machine: 2
			Task 11 -> Machine 2 (Station 0): 29.97
			Vehicle arrival at machine station: 310.02151464053713
			Waiting time until machine travel: -0.0
			Machine travel start time: 310.0209502412498
			Region 0 -> Region 2: 10.0
			Machine arrival at machine station: 320.0209502412498
			
			Machine 2 (Station 2)-> Task 7: 17.69
			Vehicle arrival at task: 337.7109502412498
			Waiting time until service start time: 0.0
			
	id: 7
			node: 4
			(x, y, z): (20, 50, 2)
			dem: 5
			earl: 251
			lat: 491
			servt: 10
			pid: 0
			did: 99
			servST: 337.71097306016173
			(h, h_ind): (2, 0)
			load: 43.0
			
	Finished service at time: 347.71097306016173
	
	Task 7 -> Task 99: 24.0
	Vehicle arrival at task: 371.71097306016173
	Waiting time until service start time: 0.0
	
	id: 99
			node: 10
			(x, y, z): (20, 26, 2)
			dem: -5
			earl: 263
			lat: 503
			servt: 10
			pid: 7
			did: 0
			servST: 371.71097931480955
			(h, h_ind): (-1, -1)
			load: 38.0
			
	Finished service at time: 381.71097931480955
	
	Using Machine: 2
			Task 99 -> Machine 2 (Station 2): 17.69
			Vehicle arrival at machine station: 399.40097931480955
			Waiting time until machine travel: 0.0
			Machine travel start time: 399.40103073688886
			Region 2 -> Region 1: 5.0
			Machine arrival at machine station: 404.40103073688886
			
			Machine 2 (Station 1)-> Task 6: 11.31
			Vehicle arrival at task: 415.71103073688886
			Waiting time until service start time: 0.0
			
	id: 6
			node: 3
			(x, y, z): (25, 30, 1)
			dem: 3
			earl: 345
			lat: 585
			servt: 10
			pid: 0
			did: 22
			servST: 415.7110380840253
			(h, h_ind): (2, 1)
			load: 41.0
			
	Finished service at time: 425.7110380840253
	
	Task 6 -> Task 53: 12.04
	Vehicle arrival at task: 437.7510380840253
	Waiting time until service start time: -0.0
	
	id: 53
			node: 8
			(x, y, z): (37, 31, 1)
			dem: -26
			earl: 332
			lat: 572
			servt: 10
			pid: 5
			did: 0
			servST: 437.75103808402525
			(h, h_ind): (-1, -1)
			load: 15.0
			
	Finished service at time: 447.75103808402525
	
	Task 53 -> Task 3: 22.8
	Vehicle arrival at task: 470.55103808402527
	Waiting time until service start time: -0.0
	
	id: 3
			node: 1
			(x, y, z): (55, 45, 1)
			dem: 13
			earl: 436
			lat: 676
			servt: 10
			pid: 0
			did: 50
			servST: 470.5510380840252
			(h, h_ind): (-1, -1)
			load: 28.0
			
	Finished service at time: 480.5510380840252
	
	Using Machine: 1
			Task 3 -> Machine 1 (Station 1): 19.31
			Vehicle arrival at machine station: 499.8610380840252
			Waiting time until machine travel: 0.0
			Machine travel start time: 499.8610407531814
			Region 1 -> Region 0: 5.0
			Machine arrival at machine station: 504.8610407531814
			
			Machine 1 (Station 0)-> Task 22: 29.12
			Vehicle arrival at task: 533.9810407531813
			Waiting time until service start time: 0.0
			
	id: 22
			node: 9
			(x, y, z): (45, 10, 0)
			dem: -3
			earl: 332
			lat: 572
			servt: 10
			pid: 6
			did: 0
			servST: 533.9810460684715
			(h, h_ind): (1, 0)
			load: 25.0
			
	Finished service at time: 543.9810460684715
	
	Using Machine: 1
			Task 22 -> Machine 1 (Station 0): 29.12
			Vehicle arrival at machine station: 573.1010460684715
			Waiting time until machine travel: -0.0
			Machine travel start time: 573.1010460684714
			Region 0 -> Region 3: 15.0
			Machine arrival at machine station: 588.1010460684714
			
			Machine 1 (Station 3)-> Task 50: 13.45
			Vehicle arrival at task: 601.5510460684715
			Waiting time until service start time: -0.0
			
	id: 50
			node: 7
			(x, y, z): (47, 47, 3)
			dem: -13
			earl: 475
			lat: 715
			servt: 10
			pid: 3
			did: 0
			servST: 601.5504602675117
			(h, h_ind): (1, 1)
			load: 12.0
			
	Finished service at time: 611.5504602675117
	
	Task 50 -> Task 10: 21.4
	Vehicle arrival at task: 632.9504602675116
	Waiting time until service start time: -0.0
	
	id: 10
			node: 5
			(x, y, z): (30, 60, 3)
			dem: 16
			earl: 485
			lat: 725
			servt: 10
			pid: 0
			did: 17
			servST: 632.9496998160723
			(h, h_ind): (-1, -1)
			load: 28.0
			
	Finished service at time: 642.9496998160723
	
	Task 10 -> Task 17: 39.05
	Vehicle arrival at task: 681.9996998160723
	Waiting time until service start time: 0.0
	
	id: 17
			node: 11
			(x, y, z): (5, 30, 3)
			dem: -16
			earl: 682
			lat: 922
			servt: 10
			pid: 10
			did: 0
			servST: 682.0
			(h, h_ind): (-1, -1)
			load: 12.0
			
	Finished service at time: 692.0
	
	Using Machine: 1
			Task 17 -> Machine 1 (Station 3): 32.98
			Vehicle arrival at machine station: 724.98
			Waiting time until machine travel: -0.0
			Machine travel start time: 724.9785515416908
			Region 3 -> Region 0: 15.0
			Machine arrival at machine station: 739.9785515416908
			
			Machine 1 (Station 0)-> Task 24: 28.16
			Vehicle arrival at task: 768.1385515416907
			Waiting time until service start time: 0.0
			
	id: 24
			node: 12
			(x, y, z): (65, 35, 0)
			dem: -12
			earl: 656
			lat: 896
			servt: 10
			pid: 11
			did: 0
			servST: 768.1385531273241
			(h, h_ind): (1, 2)
			load: 0.0
			
	Finished service at time: 778.1385531273241
	
	Task 24 -> Task 0: 30.0
	Vehicle arrival at task: 808.1385531273241
	Waiting time until service start time: 0.0
	
	id: 0
			node: 13
			(x, y, z): (35, 35, 0)
			dem: 0
			earl: 0
			lat: 1000
			servt: 0
			pid: 0
			did: 0
			servST: 808.1385531273241
			(h, h_ind): (-1, -1)
			load: 0.0
			

---------------------| MACHINES |---------------------

Machine 1 :
	setup duration: 5.0
	
	vehicle: 2
	vehicleInd: 8
	(orig, dest): (1, 9)
	(origID, destID): (3, 22)
	(origRegion, destRegion): (1, 0)
	st: 499.8610407531814
	duration: 5.0
	
	setup duration: 0.0
	
	vehicle: 2
	vehicleInd: 9
	(orig, dest): (9, 7)
	(origID, destID): (22, 50)
	(origRegion, destRegion): (0, 3)
	st: 573.1010460684714
	duration: 15.0
	
	setup duration: 0.0
	
	vehicle: 2
	vehicleInd: 12
	(orig, dest): (11, 12)
	(origID, destID): (17, 24)
	(origRegion, destRegion): (3, 0)
	st: 724.9785515416908
	duration: 15.0
	

Machine 2 :
	setup duration: 0.0
	
	vehicle: 2
	vehicleInd: 3
	(orig, dest): (6, 4)
	(origID, destID): (11, 7)
	(origRegion, destRegion): (0, 2)
	st: 310.0209502412498
	duration: 10.0
	
	setup duration: 0.0
	
	vehicle: 2
	vehicleInd: 5
	(orig, dest): (10, 3)
	(origID, destID): (99, 6)
	(origRegion, destRegion): (2, 1)
	st: 399.40103073688886
	duration: 5.0
	

-------------------| COMPL. TIMES |-------------------

Vehicle 0 : 0.0
Vehicle 1 : 0.0
Vehicle 2 : 604.06651
Vehicle 3 : 0.0
Vehicle 4 : 0.0
Vehicle 5 : 0.0
-------------------| STATISTICS |-------------------

    Vehicles used                           : 16.6667
    Machines used                           : 66.6667
    Max load (vehicles)                     : 82.6923
    Min load (vehicles)                     : 82.6923
    Mean load (vehicles)                    : 82.6923
    Min completion time                     : 60.4067
    Max completion time                     : 60.4067
    Mean completion time                    : 60.4067
    Avrg travel time (with vehicle)         : 2.75
    Avrg travel time (only with vehicle)    : 2.5
    Avrg travel time (no vehicle)           : 0.25
    Avrg waiting time (machine travel)      : 0.0
    Avrg waiting time (service)             : 0.0
    Machines travel times (with vehicle)    : [0.0, 3.5, 2.0]
    Machines travel times (no vehicle)      : [0.0, 0.0, 0.5]
    Max load per vehicle                    : [0.0, 0.0, 82.6923, 0.0, 0.0, 0.0]
----------------------------------------------------

TOTAL: 604.06651

Everything is awesome!
