alpha;avrg_machines_travel_time_no_vehicle;avrg_machines_travel_time_only_with_vehicle;avrg_machines_travel_time_with_vehicle;avrg_vehicles_waiting_time_for_a_machine_travel;avrg_vehicles_waiting_time_for_a_service;countImprovements;csvfilename;cutoff;cutoffmachs;depot_begin;depot_end;elevator;epsilon;epsilonCap;feasible;first_delivery;first_pickup;fullname;genconfigfile;genconfigfilename;grbFilename;greedy_service_order;group;gurobiCuts;infeasibleSol;initial_station;instPath;iteration;iterationToBest;largestUpdateOffset;lastSGreedySolValue;last_delivery;last_pickup;lmnsAcceptanceCriteria;lmnsGapToBiggerDestruction;lmnsGapToSmallerDestruction;lmnsMIPFocus;lmnsMetropolisTemp;lmnsRepairTime;lmnsReqRApplyMIPStart;lmnsSimulatedAnnealingCool;lmnsSimulatedAnnealingTemp;lmnsWeightShawDemandSim;lmnsWeightShawDistProx;lmnsWeightShawEarlProx;lmnsWeightShawSameRoute;lmnsa;lmnsr;lpImpr;lpRuns;make_instance_feasible;max_Q;max_completion_time;max_d;max_max_load_all_vehicles;max_q;max_s;maxiter;maxnodes;maxtime;meanLPImprPercentage;mean_completion_time;mean_max_load_all_vehicles;methodCode;methodType;min_completion_time;min_max_load_all_vehicles;mipPresolve;mipmaxtime;mslpa;mslpr;n;n_machines_used;n_vehicles_used;name;num_machs;output;outputFlagGrbLMNS;outputFlagGrbMIP;outputFlagGrbMSLP;percentageInfeasibleSol;percentageLPImpr;printsol;seed;solfilename;solver;solverMethod;startTime;suff_csv;suff_outputs;sumLPImprPercentage;threads;timeToBest;timelineFilename;totalTimeElapsed;type;typeUserCut;value;warmStart
0.05;0.03;0.12;0.14;0.03;0.14;1;/dados/rmelo/PDPTW-SE/benchmark_multi_island_v5/official_experiments/multistartlp/official/set_01_pt_01/logs/heur_mslp/outputs/csvresults_heur_mslp_bash_1.csv;0;3;1;14;0;0.0;0.5;true;8;2;lr101_t1_06R_06V_02I_03M;/dados/rmelo/PDPTW-SE/benchmark_multi_island_v5/official_experiments/multistartlp/official/set_01_pt_01/configs/genconfig_mslp.conf;genconfig_mslp;/dados/rmelo/PDPTW-SE/benchmark_multi_island_v5/official_experiments/multistartlp/official/set_01_pt_01/logs/heur_mslp/gurobi/06R_06V_02I_03M/lr101_grb_genconfig_mslp_seed_24.log;random;06R_06V_02I_03M;1;0;1;/dados/rmelo/PDPTW-SE/benchmark_multi_island_v5/official_experiments/multistartlp/official/set_01_pt_01/../../../../instances/orig_ams_fg/06R_06V_02I_04M/t1/lr101/;60000;1;0;963.5;13;7;H;50;95;0;100.0;30.0;true;0.95;100.0;1.0;1.0;1.0;1.0;60;M;60000;60000;false;52;0.69;77.16;0.6;26;10;1000000;-1;3600;18.34;0.57;0.33;mslp;heur;0.5;0.17;-1;3600;60000;I;6;1.0;1.0;lr101;0;/dados/rmelo/PDPTW-SE/benchmark_multi_island_v5/official_experiments/multistartlp/official/set_01_pt_01/logs;0;0;0;0.0;100.0;1;24;/dados/rmelo/PDPTW-SE/benchmark_multi_island_v5/official_experiments/multistartlp/official/set_01_pt_01/logs/heur_mslp/solutions/06R_06V_02I_03M/lr101_sol_genconfig_mslp_seed_24.txt;Gurobi;AUTOMATIC;17.81;_bash_1;_seed_24;11001.07;1;0.0;/dados/rmelo/PDPTW-SE/benchmark_multi_island_v5/official_experiments/multistartlp/official/set_01_pt_01/logs/heur_mslp/timelines/06R_06V_02I_03M/lr101_timeline_genconfig_mslp_seed_24.txt;88.82;t1;0;784.11;false
0.05;0.03;0.11;0.14;0.03;0.15;2;/dados/rmelo/PDPTW-SE/benchmark_multi_island_v5/official_experiments/multistartlp/official/set_01_pt_01/logs/heur_mslp/outputs/csvresults_heur_mslp_bash_1.csv;0;4;1;14;0;0.0;0.5;true;8;2;lr101_t1_06R_06V_02I_04M;/dados/rmelo/PDPTW-SE/benchmark_multi_island_v5/official_experiments/multistartlp/official/set_01_pt_01/configs/genconfig_mslp.conf;genconfig_mslp;/dados/rmelo/PDPTW-SE/benchmark_multi_island_v5/official_experiments/multistartlp/official/set_01_pt_01/logs/heur_mslp/gurobi/06R_06V_02I_04M/lr101_grb_genconfig_mslp_seed_24.log;random;06R_06V_02I_04M;1;0;1;/dados/rmelo/PDPTW-SE/benchmark_multi_island_v5/official_experiments/multistartlp/official/set_01_pt_01/../../../../instances/orig_ams_fg/06R_06V_02I_04M/t1/lr101/;60000;7;0;953.11;13;7;H;50;95;0;100.0;30.0;true;0.95;100.0;1.0;1.0;1.0;1.0;60;M;60000;60000;false;52;0.64;75.56;0.6;26;10;1000000;-1;3600;19.55;0.55;0.32;mslp;heur;0.47;0.16;-1;3600;60000;I;6;0.75;1.0;lr101;0;/dados/rmelo/PDPTW-SE/benchmark_multi_island_v5/official_experiments/multistartlp/official/set_01_pt_01/logs;0;0;0;0.0;100.0;1;24;/dados/rmelo/PDPTW-SE/benchmark_multi_island_v5/official_experiments/multistartlp/official/set_01_pt_01/logs/heur_mslp/solutions/06R_06V_02I_04M/lr101_sol_genconfig_mslp_seed_24.txt;Gurobi;AUTOMATIC;18.06;_bash_1;_seed_24;11730.62;1;0.3;/dados/rmelo/PDPTW-SE/benchmark_multi_island_v5/official_experiments/multistartlp/official/set_01_pt_01/logs/heur_mslp/timelines/06R_06V_02I_04M/lr101_timeline_genconfig_mslp_seed_24.txt;90.9;t1;0;763.79;false
0.05;0.0;0.1;0.1;0.0;0.07;2;/dados/rmelo/PDPTW-SE/benchmark_multi_island_v5/official_experiments/multistartlp/official/set_01_pt_01/logs/heur_mslp/outputs/csvresults_heur_mslp_bash_1.csv;0;3;1;14;0;0.0;0.5;true;8;2;lr102_t1_06R_06V_02I_03M;/dados/rmelo/PDPTW-SE/benchmark_multi_island_v5/official_experiments/multistartlp/official/set_01_pt_01/configs/genconfig_mslp.conf;genconfig_mslp;/dados/rmelo/PDPTW-SE/benchmark_multi_island_v5/official_experiments/multistartlp/official/set_01_pt_01/logs/heur_mslp/gurobi/06R_06V_02I_03M/lr102_grb_genconfig_mslp_seed_24.log;random;06R_06V_02I_03M;1;0;1;/dados/rmelo/PDPTW-SE/benchmark_multi_island_v5/official_experiments/multistartlp/official/set_01_pt_01/../../../../instances/orig_ams_fg/06R_06V_02I_04M/t1/lr102/;60000;2;0;633.03;13;7;H;50;95;0;100.0;30.0;true;0.95;100.0;1.0;1.0;1.0;1.0;60;M;60000;60000;false;58;0.8;70.38;0.68;29;10;1000000;-1;3600;13.07;0.79;0.43;mslp;heur;0.76;0.1;-1;3600;60000;I;6;0.67;0.5;lr102;0;/dados/rmelo/PDPTW-SE/benchmark_multi_island_v5/official_experiments/multistartlp/official/set_01_pt_01/logs;0;0;0;0.0;100.0;1;24;/dados/rmelo/PDPTW-SE/benchmark_multi_island_v5/official_experiments/multistartlp/official/set_01_pt_01/logs/heur_mslp/solutions/06R_06V_02I_03M/lr102_sol_genconfig_mslp_seed_24.txt;Gurobi;AUTOMATIC;18.0;_bash_1;_seed_24;7842.61;1;0.29;/dados/rmelo/PDPTW-SE/benchmark_multi_island_v5/official_experiments/multistartlp/official/set_01_pt_01/logs/heur_mslp/timelines/06R_06V_02I_03M/lr102_timeline_genconfig_mslp_seed_24.txt;87.33;t1;0;542.25;false
0.05;0.0;0.1;0.1;0.0;0.07;2;/dados/rmelo/PDPTW-SE/benchmark_multi_island_v5/official_experiments/multistartlp/official/set_01_pt_01/logs/heur_mslp/outputs/csvresults_heur_mslp_bash_1.csv;0;4;1;14;0;0.0;0.5;true;8;2;lr102_t1_06R_06V_02I_04M;/dados/rmelo/PDPTW-SE/benchmark_multi_island_v5/official_experiments/multistartlp/official/set_01_pt_01/configs/genconfig_mslp.conf;genconfig_mslp;/dados/rmelo/PDPTW-SE/benchmark_multi_island_v5/official_experiments/multistartlp/official/set_01_pt_01/logs/heur_mslp/gurobi/06R_06V_02I_04M/lr102_grb_genconfig_mslp_seed_24.log;random;06R_06V_02I_04M;1;0;1;/dados/rmelo/PDPTW-SE/benchmark_multi_island_v5/official_experiments/multistartlp/official/set_01_pt_01/../../../../instances/orig_ams_fg/06R_06V_02I_04M/t1/lr102/;60000;2;0;633.03;13;7;H;50;95;0;100.0;30.0;true;0.95;100.0;1.0;1.0;1.0;1.0;60;M;60000;60000;false;58;0.8;68.13;0.68;29;10;1000000;-1;3600;13.13;0.79;0.43;mslp;heur;0.76;0.1;-1;3600;60000;I;6;0.5;0.5;lr102;0;/dados/rmelo/PDPTW-SE/benchmark_multi_island_v5/official_experiments/multistartlp/official/set_01_pt_01/logs;0;0;0;0.0;100.0;1;24;/dados/rmelo/PDPTW-SE/benchmark_multi_island_v5/official_experiments/multistartlp/official/set_01_pt_01/logs/heur_mslp/solutions/06R_06V_02I_04M/lr102_sol_genconfig_mslp_seed_24.txt;Gurobi;AUTOMATIC;18.11;_bash_1;_seed_24;7876.2;1;0.32;/dados/rmelo/PDPTW-SE/benchmark_multi_island_v5/official_experiments/multistartlp/official/set_01_pt_01/logs/heur_mslp/timelines/06R_06V_02I_04M/lr102_timeline_genconfig_mslp_seed_24.txt;89.18;t1;0;542.25;false
0.05;0.04;0.14;0.18;0.0;0.0;5;/dados/rmelo/PDPTW-SE/benchmark_multi_island_v5/official_experiments/multistartlp/official/set_01_pt_01/logs/heur_mslp/outputs/csvresults_heur_mslp_bash_1.csv;0;3;1;14;0;0.0;0.5;true;8;2;lr103_t1_06R_06V_02I_03M;/dados/rmelo/PDPTW-SE/benchmark_multi_island_v5/official_experiments/multistartlp/official/set_01_pt_01/configs/genconfig_mslp.conf;genconfig_mslp;/dados/rmelo/PDPTW-SE/benchmark_multi_island_v5/official_experiments/multistartlp/official/set_01_pt_01/logs/heur_mslp/gurobi/06R_06V_02I_03M/lr103_grb_genconfig_mslp_seed_24.log;random;06R_06V_02I_03M;1;0;1;/dados/rmelo/PDPTW-SE/benchmark_multi_island_v5/official_experiments/multistartlp/official/set_01_pt_01/../../../../instances/orig_ams_fg/06R_06V_02I_04M/t1/lr103/;60000;13;0;570.49;13;7;H;50;95;0;100.0;30.0;true;0.95;100.0;1.0;1.0;1.0;1.0;60;M;60000;60000;false;38;0.77;87.23;0.73;19;10;1000000;-1;3600;19.9;0.66;0.65;mslp;heur;0.56;0.59;-1;3600;60000;I;6;0.67;0.5;lr103;0;/dados/rmelo/PDPTW-SE/benchmark_multi_island_v5/official_experiments/multistartlp/official/set_01_pt_01/logs;0;0;0;0.0;100.0;1;24;/dados/rmelo/PDPTW-SE/benchmark_multi_island_v5/official_experiments/multistartlp/official/set_01_pt_01/logs/heur_mslp/solutions/06R_06V_02I_03M/lr103_sol_genconfig_mslp_seed_24.txt;Gurobi;AUTOMATIC;17.95;_bash_1;_seed_24;11937.51;1;0.31;/dados/rmelo/PDPTW-SE/benchmark_multi_island_v5/official_experiments/multistartlp/official/set_01_pt_01/logs/heur_mslp/timelines/06R_06V_02I_03M/lr103_timeline_genconfig_mslp_seed_24.txt;91.04;t1;0;455.04;false
0.05;0.04;0.14;0.18;0.0;0.0;5;/dados/rmelo/PDPTW-SE/benchmark_multi_island_v5/official_experiments/multistartlp/official/set_01_pt_01/logs/heur_mslp/outputs/csvresults_heur_mslp_bash_1.csv;0;4;1;14;0;0.0;0.5;true;8;2;lr103_t1_06R_06V_02I_04M;/dados/rmelo/PDPTW-SE/benchmark_multi_island_v5/official_experiments/multistartlp/official/set_01_pt_01/configs/genconfig_mslp.conf;genconfig_mslp;/dados/rmelo/PDPTW-SE/benchmark_multi_island_v5/official_experiments/multistartlp/official/set_01_pt_01/logs/heur_mslp/gurobi/06R_06V_02I_04M/lr103_grb_genconfig_mslp_seed_24.log;random;06R_06V_02I_04M;1;0;1;/dados/rmelo/PDPTW-SE/benchmark_multi_island_v5/official_experiments/multistartlp/official/set_01_pt_01/../../../../instances/orig_ams_fg/06R_06V_02I_04M/t1/lr103/;60000;13;0;570.49;13;7;H;50;95;0;100.0;30.0;true;0.95;100.0;1.0;1.0;1.0;1.0;60;M;60000;60000;false;38;0.77;87.23;0.73;19;10;1000000;-1;3600;20.2;0.66;0.65;mslp;heur;0.56;0.59;-1;3600;60000;I;6;0.5;0.5;lr103;0;/dados/rmelo/PDPTW-SE/benchmark_multi_island_v5/official_experiments/multistartlp/official/set_01_pt_01/logs;0;0;0;0.0;100.0;1;24;/dados/rmelo/PDPTW-SE/benchmark_multi_island_v5/official_experiments/multistartlp/official/set_01_pt_01/logs/heur_mslp/solutions/06R_06V_02I_04M/lr103_sol_genconfig_mslp_seed_24.txt;Gurobi;AUTOMATIC;18.0;_bash_1;_seed_24;12121.8;1;0.31;/dados/rmelo/PDPTW-SE/benchmark_multi_island_v5/official_experiments/multistartlp/official/set_01_pt_01/logs/heur_mslp/timelines/06R_06V_02I_04M/lr103_timeline_genconfig_mslp_seed_24.txt;92.5;t1;0;452.25;false
0.05;0.0;0.19;0.19;0.0;0.03;6;/dados/rmelo/PDPTW-SE/benchmark_multi_island_v5/official_experiments/multistartlp/official/set_01_pt_01/logs/heur_mslp/outputs/csvresults_heur_mslp_bash_1.csv;0;3;1;14;0;0.0;0.5;true;8;2;lr104_t1_06R_06V_02I_03M;/dados/rmelo/PDPTW-SE/benchmark_multi_island_v5/official_experiments/multistartlp/official/set_01_pt_01/configs/genconfig_mslp.conf;genconfig_mslp;/dados/rmelo/PDPTW-SE/benchmark_multi_island_v5/official_experiments/multistartlp/official/set_01_pt_01/logs/heur_mslp/gurobi/06R_06V_02I_03M/lr104_grb_genconfig_mslp_seed_24.log;random;06R_06V_02I_03M;1;0;1;/dados/rmelo/PDPTW-SE/benchmark_multi_island_v5/official_experiments/multistartlp/official/set_01_pt_01/../../../../instances/orig_ams_fg/06R_06V_02I_04M/t1/lr104/;60000;36;0;643.42;13;7;H;50;95;0;100.0;30.0;true;0.95;100.0;1.0;1.0;1.0;1.0;60;M;60000;60000;false;40;0.73;72.81;0.58;20;10;1000000;-1;3600;13.48;0.62;0.54;mslp;heur;0.47;0.46;-1;3600;60000;I;6;0.33;0.5;lr104;0;/dados/rmelo/PDPTW-SE/benchmark_multi_island_v5/official_experiments/multistartlp/official/set_01_pt_01/logs;0;0;0;0.0;100.0;1;24;/dados/rmelo/PDPTW-SE/benchmark_multi_island_v5/official_experiments/multistartlp/official/set_01_pt_01/logs/heur_mslp/solutions/06R_06V_02I_03M/lr104_sol_genconfig_mslp_seed_24.txt;Gurobi;AUTOMATIC;17.94;_bash_1;_seed_24;8088.26;1;0.39;/dados/rmelo/PDPTW-SE/benchmark_multi_island_v5/official_experiments/multistartlp/official/set_01_pt_01/logs/heur_mslp/timelines/06R_06V_02I_03M/lr104_timeline_genconfig_mslp_seed_24.txt;87.98;t1;0;431.14;false
0.05;0.0;0.18;0.18;0.0;0.03;5;/dados/rmelo/PDPTW-SE/benchmark_multi_island_v5/official_experiments/multistartlp/official/set_01_pt_01/logs/heur_mslp/outputs/csvresults_heur_mslp_bash_1.csv;0;4;1;14;0;0.0;0.5;true;8;2;lr104_t1_06R_06V_02I_04M;/dados/rmelo/PDPTW-SE/benchmark_multi_island_v5/official_experiments/multistartlp/official/set_01_pt_01/configs/genconfig_mslp.conf;genconfig_mslp;/dados/rmelo/PDPTW-SE/benchmark_multi_island_v5/official_experiments/multistartlp/official/set_01_pt_01/logs/heur_mslp/gurobi/06R_06V_02I_04M/lr104_grb_genconfig_mslp_seed_24.log;random;06R_06V_02I_04M;1;0;1;/dados/rmelo/PDPTW-SE/benchmark_multi_island_v5/official_experiments/multistartlp/official/set_01_pt_01/../../../../instances/orig_ams_fg/06R_06V_02I_04M/t1/lr104/;60000;36;0;642.84;13;7;H;50;95;0;100.0;30.0;true;0.95;100.0;1.0;1.0;1.0;1.0;60;M;60000;60000;false;40;0.73;70.79;0.58;20;10;1000000;-1;3600;13.97;0.62;0.54;mslp;heur;0.46;0.46;-1;3600;60000;I;6;0.25;0.5;lr104;0;/dados/rmelo/PDPTW-SE/benchmark_multi_island_v5/official_experiments/multistartlp/official/set_01_pt_01/logs;0;0;0;0.0;100.0;1;24;/dados/rmelo/PDPTW-SE/benchmark_multi_island_v5/official_experiments/multistartlp/official/set_01_pt_01/logs/heur_mslp/solutions/06R_06V_02I_04M/lr104_sol_genconfig_mslp_seed_24.txt;Gurobi;AUTOMATIC;18.41;_bash_1;_seed_24;8381.28;1;0.34;/dados/rmelo/PDPTW-SE/benchmark_multi_island_v5/official_experiments/multistartlp/official/set_01_pt_01/logs/heur_mslp/timelines/06R_06V_02I_04M/lr104_timeline_genconfig_mslp_seed_24.txt;87.53;t1;0;426.97;false
0.05;0.0;0.15;0.15;0.0;0.05;3;/dados/rmelo/PDPTW-SE/benchmark_multi_island_v5/official_experiments/multistartlp/official/set_01_pt_01/logs/heur_mslp/outputs/csvresults_heur_mslp_bash_1.csv;0;3;1;14;0;0.0;0.5;true;8;2;lr105_t1_06R_06V_02I_03M;/dados/rmelo/PDPTW-SE/benchmark_multi_island_v5/official_experiments/multistartlp/official/set_01_pt_01/configs/genconfig_mslp.conf;genconfig_mslp;/dados/rmelo/PDPTW-SE/benchmark_multi_island_v5/official_experiments/multistartlp/official/set_01_pt_01/logs/heur_mslp/gurobi/06R_06V_02I_03M/lr105_grb_genconfig_mslp_seed_24.log;random;06R_06V_02I_03M;1;0;1;/dados/rmelo/PDPTW-SE/benchmark_multi_island_v5/official_experiments/multistartlp/official/set_01_pt_01/../../../../instances/orig_ams_fg/06R_06V_02I_04M/t1/lr105/;60000;24;0;657.44;13;7;H;50;95;0;100.0;30.0;true;0.95;100.0;1.0;1.0;1.0;1.0;60;M;60000;60000;false;52;0.73;83.11;0.88;26;10;1000000;-1;3600;22.95;0.51;0.47;mslp;heur;0.31;0.16;-1;3600;60000;I;6;0.67;0.67;lr105;0;/dados/rmelo/PDPTW-SE/benchmark_multi_island_v5/official_experiments/multistartlp/official/set_01_pt_01/logs;0;0;0;0.0;100.0;1;24;/dados/rmelo/PDPTW-SE/benchmark_multi_island_v5/official_experiments/multistartlp/official/set_01_pt_01/logs/heur_mslp/solutions/06R_06V_02I_03M/lr105_sol_genconfig_mslp_seed_24.txt;Gurobi;AUTOMATIC;18.2;_bash_1;_seed_24;13770.81;1;0.33;/dados/rmelo/PDPTW-SE/benchmark_multi_island_v5/official_experiments/multistartlp/official/set_01_pt_01/logs/heur_mslp/timelines/06R_06V_02I_03M/lr105_timeline_genconfig_mslp_seed_24.txt;84.97;t1;0;472.54;false
0.05;0.03;0.1;0.13;0.0;0.05;3;/dados/rmelo/PDPTW-SE/benchmark_multi_island_v5/official_experiments/multistartlp/official/set_01_pt_01/logs/heur_mslp/outputs/csvresults_heur_mslp_bash_1.csv;0;4;1;14;0;0.0;0.5;true;8;2;lr105_t1_06R_06V_02I_04M;/dados/rmelo/PDPTW-SE/benchmark_multi_island_v5/official_experiments/multistartlp/official/set_01_pt_01/configs/genconfig_mslp.conf;genconfig_mslp;/dados/rmelo/PDPTW-SE/benchmark_multi_island_v5/official_experiments/multistartlp/official/set_01_pt_01/logs/heur_mslp/gurobi/06R_06V_02I_04M/lr105_grb_genconfig_mslp_seed_24.log;random;06R_06V_02I_04M;1;0;1;/dados/rmelo/PDPTW-SE/benchmark_multi_island_v5/official_experiments/multistartlp/official/set_01_pt_01/../../../../instances/orig_ams_fg/06R_06V_02I_04M/t1/lr105/;60000;24;0;656.7;13;7;H;50;95;0;100.0;30.0;true;0.95;100.0;1.0;1.0;1.0;1.0;60;M;60000;60000;false;52;0.73;83.11;0.88;26;10;1000000;-1;3600;22.98;0.51;0.47;mslp;heur;0.31;0.16;-1;3600;60000;I;6;0.75;0.67;lr105;0;/dados/rmelo/PDPTW-SE/benchmark_multi_island_v5/official_experiments/multistartlp/official/set_01_pt_01/logs;0;0;0;0.0;100.0;1;24;/dados/rmelo/PDPTW-SE/benchmark_multi_island_v5/official_experiments/multistartlp/official/set_01_pt_01/logs/heur_mslp/solutions/06R_06V_02I_04M/lr105_sol_genconfig_mslp_seed_24.txt;Gurobi;AUTOMATIC;18.16;_bash_1;_seed_24;13787.18;1;0.36;/dados/rmelo/PDPTW-SE/benchmark_multi_island_v5/official_experiments/multistartlp/official/set_01_pt_01/logs/heur_mslp/timelines/06R_06V_02I_04M/lr105_timeline_genconfig_mslp_seed_24.txt;86.83;t1;0;471.8;false
0.05;0.01;0.03;0.03;0.14;0.35;4;/dados/rmelo/PDPTW-SE/benchmark_multi_island_v5/official_experiments/multistartlp/official/set_01_pt_01/logs/heur_mslp/outputs/csvresults_heur_mslp_bash_1.csv;0;3;1;14;0;0.0;0.5;true;8;2;lr201_t2_06R_06V_02I_03M;/dados/rmelo/PDPTW-SE/benchmark_multi_island_v5/official_experiments/multistartlp/official/set_01_pt_01/configs/genconfig_mslp.conf;genconfig_mslp;/dados/rmelo/PDPTW-SE/benchmark_multi_island_v5/official_experiments/multistartlp/official/set_01_pt_01/logs/heur_mslp/gurobi/06R_06V_02I_03M/lr201_grb_genconfig_mslp_seed_24.log;random;06R_06V_02I_03M;1;0;1;/dados/rmelo/PDPTW-SE/benchmark_multi_island_v5/official_experiments/multistartlp/official/set_01_pt_01/../../../../instances/orig_ams_fg/06R_06V_02I_04M/t2/lr201/;60000;8;0;1199.66;13;7;H;50;95;0;100.0;30.0;true;0.95;100.0;1.0;1.0;1.0;1.0;60;M;60000;60000;false;52;0.64;77.67;0.87;26;10;1000000;-1;3600;26.42;0.42;0.67;mslp;heur;0.2;0.47;-1;3600;60000;I;6;0.67;0.33;lr201;0;/dados/rmelo/PDPTW-SE/benchmark_multi_island_v5/official_experiments/multistartlp/official/set_01_pt_01/logs;0;0;0;0.0;100.0;1;24;/dados/rmelo/PDPTW-SE/benchmark_multi_island_v5/official_experiments/multistartlp/official/set_01_pt_01/logs/heur_mslp/solutions/06R_06V_02I_03M/lr201_sol_genconfig_mslp_seed_24.txt;Gurobi;AUTOMATIC;18.22;_bash_1;_seed_24;15852.97;1;0.3;/dados/rmelo/PDPTW-SE/benchmark_multi_island_v5/official_experiments/multistartlp/official/set_01_pt_01/logs/heur_mslp/timelines/06R_06V_02I_03M/lr201_timeline_genconfig_mslp_seed_24.txt;86.33;t2;0;841.88;false
0.05;0.01;0.03;0.03;0.14;0.35;4;/dados/rmelo/PDPTW-SE/benchmark_multi_island_v5/official_experiments/multistartlp/official/set_01_pt_01/logs/heur_mslp/outputs/csvresults_heur_mslp_bash_1.csv;0;4;1;14;0;0.0;0.5;true;8;2;lr201_t2_06R_06V_02I_04M;/dados/rmelo/PDPTW-SE/benchmark_multi_island_v5/official_experiments/multistartlp/official/set_01_pt_01/configs/genconfig_mslp.conf;genconfig_mslp;/dados/rmelo/PDPTW-SE/benchmark_multi_island_v5/official_experiments/multistartlp/official/set_01_pt_01/logs/heur_mslp/gurobi/06R_06V_02I_04M/lr201_grb_genconfig_mslp_seed_24.log;random;06R_06V_02I_04M;1;0;1;/dados/rmelo/PDPTW-SE/benchmark_multi_island_v5/official_experiments/multistartlp/official/set_01_pt_01/../../../../instances/orig_ams_fg/06R_06V_02I_04M/t2/lr201/;60000;8;0;1196.82;13;7;H;50;95;0;100.0;30.0;true;0.95;100.0;1.0;1.0;1.0;1.0;60;M;60000;60000;false;52;0.64;75.93;0.87;26;10;1000000;-1;3600;26.65;0.42;0.67;mslp;heur;0.2;0.47;-1;3600;60000;I;6;0.5;0.33;lr201;0;/dados/rmelo/PDPTW-SE/benchmark_multi_island_v5/official_experiments/multistartlp/official/set_01_pt_01/logs;0;0;0;0.0;100.0;1;24;/dados/rmelo/PDPTW-SE/benchmark_multi_island_v5/official_experiments/multistartlp/official/set_01_pt_01/logs/heur_mslp/solutions/06R_06V_02I_04M/lr201_sol_genconfig_mslp_seed_24.txt;Gurobi;AUTOMATIC;18.1;_bash_1;_seed_24;15992.31;1;0.3;/dados/rmelo/PDPTW-SE/benchmark_multi_island_v5/official_experiments/multistartlp/official/set_01_pt_01/logs/heur_mslp/timelines/06R_06V_02I_04M/lr201_timeline_genconfig_mslp_seed_24.txt;88.27;t2;0;840.13;false
0.05;0.01;0.03;0.03;0.0;0.0;5;/dados/rmelo/PDPTW-SE/benchmark_multi_island_v5/official_experiments/multistartlp/official/set_01_pt_01/logs/heur_mslp/outputs/csvresults_heur_mslp_bash_1.csv;0;3;1;14;0;0.0;0.5;true;8;2;lr202_t2_06R_06V_02I_03M;/dados/rmelo/PDPTW-SE/benchmark_multi_island_v5/official_experiments/multistartlp/official/set_01_pt_01/configs/genconfig_mslp.conf;genconfig_mslp;/dados/rmelo/PDPTW-SE/benchmark_multi_island_v5/official_experiments/multistartlp/official/set_01_pt_01/logs/heur_mslp/gurobi/06R_06V_02I_03M/lr202_grb_genconfig_mslp_seed_24.log;random;06R_06V_02I_03M;1;0;1;/dados/rmelo/PDPTW-SE/benchmark_multi_island_v5/official_experiments/multistartlp/official/set_01_pt_01/../../../../instances/orig_ams_fg/06R_06V_02I_04M/t2/lr202/;60000;166;0;1327.61;13;7;H;50;95;0;100.0;30.0;true;0.95;100.0;1.0;1.0;1.0;1.0;60;M;60000;60000;false;38;0.38;87.35;0.92;19;10;1000000;-1;3600;42.9;0.3;0.77;mslp;heur;0.23;0.62;-1;3600;60000;I;6;0.67;0.33;lr202;0;/dados/rmelo/PDPTW-SE/benchmark_multi_island_v5/official_experiments/multistartlp/official/set_01_pt_01/logs;0;0;0;0.0;100.0;1;24;/dados/rmelo/PDPTW-SE/benchmark_multi_island_v5/official_experiments/multistartlp/official/set_01_pt_01/logs/heur_mslp/solutions/06R_06V_02I_03M/lr202_sol_genconfig_mslp_seed_24.txt;Gurobi;AUTOMATIC;17.99;_bash_1;_seed_24;25739.69;1;0.62;/dados/rmelo/PDPTW-SE/benchmark_multi_island_v5/official_experiments/multistartlp/official/set_01_pt_01/logs/heur_mslp/timelines/06R_06V_02I_03M/lr202_timeline_genconfig_mslp_seed_24.txt;96.83;t2;0;606.04;false
0.05;0.01;0.03;0.03;0.0;0.0;5;/dados/rmelo/PDPTW-SE/benchmark_multi_island_v5/official_experiments/multistartlp/official/set_01_pt_01/logs/heur_mslp/outputs/csvresults_heur_mslp_bash_1.csv;0;4;1;14;0;0.0;0.5;true;8;2;lr202_t2_06R_06V_02I_04M;/dados/rmelo/PDPTW-SE/benchmark_multi_island_v5/official_experiments/multistartlp/official/set_01_pt_01/configs/genconfig_mslp.conf;genconfig_mslp;/dados/rmelo/PDPTW-SE/benchmark_multi_island_v5/official_experiments/multistartlp/official/set_01_pt_01/logs/heur_mslp/gurobi/06R_06V_02I_04M/lr202_grb_genconfig_mslp_seed_24.log;random;06R_06V_02I_04M;1;0;1;/dados/rmelo/PDPTW-SE/benchmark_multi_island_v5/official_experiments/multistartlp/official/set_01_pt_01/../../../../instances/orig_ams_fg/06R_06V_02I_04M/t2/lr202/;60000;166;0;1327.61;13;7;H;50;95;0;100.0;30.0;true;0.95;100.0;1.0;1.0;1.0;1.0;60;M;60000;60000;false;38;0.38;87.35;0.92;19;10;1000000;-1;3600;42.9;0.3;0.77;mslp;heur;0.23;0.62;-1;3600;60000;I;6;0.5;0.33;lr202;0;/dados/rmelo/PDPTW-SE/benchmark_multi_island_v5/official_experiments/multistartlp/official/set_01_pt_01/logs;0;0;0;0.0;100.0;1;24;/dados/rmelo/PDPTW-SE/benchmark_multi_island_v5/official_experiments/multistartlp/official/set_01_pt_01/logs/heur_mslp/solutions/06R_06V_02I_04M/lr202_sol_genconfig_mslp_seed_24.txt;Gurobi;AUTOMATIC;18.09;_bash_1;_seed_24;25739.69;1;0.61;/dados/rmelo/PDPTW-SE/benchmark_multi_island_v5/official_experiments/multistartlp/official/set_01_pt_01/logs/heur_mslp/timelines/06R_06V_02I_04M/lr202_timeline_genconfig_mslp_seed_24.txt;98.34;t2;0;606.04;false
0.05;0.01;0.03;0.04;0.1;0.02;6;/dados/rmelo/PDPTW-SE/benchmark_multi_island_v5/official_experiments/multistartlp/official/set_01_pt_01/logs/heur_mslp/outputs/csvresults_heur_mslp_bash_1.csv;0;3;1;14;0;0.0;0.5;true;8;2;lr203_t2_06R_06V_02I_03M;/dados/rmelo/PDPTW-SE/benchmark_multi_island_v5/official_experiments/multistartlp/official/set_01_pt_01/configs/genconfig_mslp.conf;genconfig_mslp;/dados/rmelo/PDPTW-SE/benchmark_multi_island_v5/official_experiments/multistartlp/official/set_01_pt_01/logs/heur_mslp/gurobi/06R_06V_02I_03M/lr203_grb_genconfig_mslp_seed_24.log;random;06R_06V_02I_03M;1;0;1;/dados/rmelo/PDPTW-SE/benchmark_multi_island_v5/official_experiments/multistartlp/official/set_01_pt_01/../../../../instances/orig_ams_fg/06R_06V_02I_04M/t2/lr203/;60000;52;0;1579.24;13;7;H;50;95;0;100.0;30.0;true;0.95;100.0;1.0;1.0;1.0;1.0;60;M;60000;60000;false;32;0.68;85.56;0.88;16;10;1000000;-1;3600;33.11;0.68;0.88;mslp;heur;0.68;0.88;-1;3600;60000;I;6;1.0;0.17;lr203;0;/dados/rmelo/PDPTW-SE/benchmark_multi_island_v5/official_experiments/multistartlp/official/set_01_pt_01/logs;0;0;0;0.0;100.0;1;24;/dados/rmelo/PDPTW-SE/benchmark_multi_island_v5/official_experiments/multistartlp/official/set_01_pt_01/logs/heur_mslp/solutions/06R_06V_02I_03M/lr203_sol_genconfig_mslp_seed_24.txt;Gurobi;AUTOMATIC;18.11;_bash_1;_seed_24;19865.23;1;0.38;/dados/rmelo/PDPTW-SE/benchmark_multi_island_v5/official_experiments/multistartlp/official/set_01_pt_01/logs/heur_mslp/timelines/06R_06V_02I_03M/lr203_timeline_genconfig_mslp_seed_24.txt;98.69;t2;0;676.69;false
0.05;0.01;0.03;0.04;0.1;0.02;6;/dados/rmelo/PDPTW-SE/benchmark_multi_island_v5/official_experiments/multistartlp/official/set_01_pt_01/logs/heur_mslp/outputs/csvresults_heur_mslp_bash_1.csv;0;4;1;14;0;0.0;0.5;true;8;2;lr203_t2_06R_06V_02I_04M;/dados/rmelo/PDPTW-SE/benchmark_multi_island_v5/official_experiments/multistartlp/official/set_01_pt_01/configs/genconfig_mslp.conf;genconfig_mslp;/dados/rmelo/PDPTW-SE/benchmark_multi_island_v5/official_experiments/multistartlp/official/set_01_pt_01/logs/heur_mslp/gurobi/06R_06V_02I_04M/lr203_grb_genconfig_mslp_seed_24.log;random;06R_06V_02I_04M;1;0;1;/dados/rmelo/PDPTW-SE/benchmark_multi_island_v5/official_experiments/multistartlp/official/set_01_pt_01/../../../../instances/orig_ams_fg/06R_06V_02I_04M/t2/lr203/;60000;52;0;1579.24;13;7;H;50;95;0;100.0;30.0;true;0.95;100.0;1.0;1.0;1.0;1.0;60;M;60000;60000;false;32;0.68;85.56;0.88;16;10;1000000;-1;3600;33.14;0.68;0.88;mslp;heur;0.68;0.88;-1;3600;60000;I;6;0.75;0.17;lr203;0;/dados/rmelo/PDPTW-SE/benchmark_multi_island_v5/official_experiments/multistartlp/official/set_01_pt_01/logs;0;0;0;0.0;100.0;1;24;/dados/rmelo/PDPTW-SE/benchmark_multi_island_v5/official_experiments/multistartlp/official/set_01_pt_01/logs/heur_mslp/solutions/06R_06V_02I_04M/lr203_sol_genconfig_mslp_seed_24.txt;Gurobi;AUTOMATIC;17.97;_bash_1;_seed_24;19883.24;1;0.38;/dados/rmelo/PDPTW-SE/benchmark_multi_island_v5/official_experiments/multistartlp/official/set_01_pt_01/logs/heur_mslp/timelines/06R_06V_02I_04M/lr203_timeline_genconfig_mslp_seed_24.txt;100.97;t2;0;676.69;false
0.05;0.0;0.01;0.02;0.0;0.0;10;/dados/rmelo/PDPTW-SE/benchmark_multi_island_v5/official_experiments/multistartlp/official/set_01_pt_01/logs/heur_mslp/outputs/csvresults_heur_mslp_bash_1.csv;0;3;1;14;0;0.0;0.5;true;8;2;lr204_t2_06R_06V_02I_03M;/dados/rmelo/PDPTW-SE/benchmark_multi_island_v5/official_experiments/multistartlp/official/set_01_pt_01/configs/genconfig_mslp.conf;genconfig_mslp;/dados/rmelo/PDPTW-SE/benchmark_multi_island_v5/official_experiments/multistartlp/official/set_01_pt_01/logs/heur_mslp/gurobi/06R_06V_02I_03M/lr204_grb_genconfig_mslp_seed_24.log;random;06R_06V_02I_03M;1;0;1;/dados/rmelo/PDPTW-SE/benchmark_multi_island_v5/official_experiments/multistartlp/official/set_01_pt_01/../../../../instances/orig_ams_fg/06R_06V_02I_04M/t2/lr204/;60000;8244;0;873.15;13;7;H;50;95;0;100.0;30.0;true;0.95;100.0;1.0;1.0;1.0;1.0;60;M;59794;60000;false;38;0.56;82.54;0.87;19;10;1000000;-1;3600;23.56;0.56;0.87;mslp;heur;0.56;0.87;-1;3600;60000;I;6;1.0;0.17;lr204;0;/dados/rmelo/PDPTW-SE/benchmark_multi_island_v5/official_experiments/multistartlp/official/set_01_pt_01/logs;0;0;0;0.0;99.66;1;24;/dados/rmelo/PDPTW-SE/benchmark_multi_island_v5/official_experiments/multistartlp/official/set_01_pt_01/logs/heur_mslp/solutions/06R_06V_02I_03M/lr204_sol_genconfig_mslp_seed_24.txt;Gurobi;AUTOMATIC;18.18;_bash_1;_seed_24;14137.92;1;15.78;/dados/rmelo/PDPTW-SE/benchmark_multi_island_v5/official_experiments/multistartlp/official/set_01_pt_01/logs/heur_mslp/timelines/06R_06V_02I_03M/lr204_timeline_genconfig_mslp_seed_24.txt;111.57;t2;0;559.82;false
0.05;0.0;0.01;0.02;0.0;0.0;4;/dados/rmelo/PDPTW-SE/benchmark_multi_island_v5/official_experiments/multistartlp/official/set_01_pt_01/logs/heur_mslp/outputs/csvresults_heur_mslp_bash_1.csv;0;4;1;14;0;0.0;0.5;true;8;2;lr204_t2_06R_06V_02I_04M;/dados/rmelo/PDPTW-SE/benchmark_multi_island_v5/official_experiments/multistartlp/official/set_01_pt_01/configs/genconfig_mslp.conf;genconfig_mslp;/dados/rmelo/PDPTW-SE/benchmark_multi_island_v5/official_experiments/multistartlp/official/set_01_pt_01/logs/heur_mslp/gurobi/06R_06V_02I_04M/lr204_grb_genconfig_mslp_seed_24.log;random;06R_06V_02I_04M;1;0;1;/dados/rmelo/PDPTW-SE/benchmark_multi_island_v5/official_experiments/multistartlp/official/set_01_pt_01/../../../../instances/orig_ams_fg/06R_06V_02I_04M/t2/lr204/;60000;10540;0;875.21;13;7;H;50;95;0;100.0;30.0;true;0.95;100.0;1.0;1.0;1.0;1.0;60;M;59842;60000;false;38;0.55;80.27;0.94;19;10;1000000;-1;3600;21.44;0.55;0.94;mslp;heur;0.55;0.94;-1;3600;60000;I;6;0.75;0.17;lr204;0;/dados/rmelo/PDPTW-SE/benchmark_multi_island_v5/official_experiments/multistartlp/official/set_01_pt_01/logs;0;0;0;0.0;99.74;1;24;/dados/rmelo/PDPTW-SE/benchmark_multi_island_v5/official_experiments/multistartlp/official/set_01_pt_01/logs/heur_mslp/solutions/06R_06V_02I_04M/lr204_sol_genconfig_mslp_seed_24.txt;Gurobi;AUTOMATIC;18.05;_bash_1;_seed_24;12866.96;1;20.37;/dados/rmelo/PDPTW-SE/benchmark_multi_island_v5/official_experiments/multistartlp/official/set_01_pt_01/logs/heur_mslp/timelines/06R_06V_02I_04M/lr204_timeline_genconfig_mslp_seed_24.txt;113.36;t2;0;553.06;false
0.05;0.0;0.02;0.02;0.0;0.02;3;/dados/rmelo/PDPTW-SE/benchmark_multi_island_v5/official_experiments/multistartlp/official/set_01_pt_01/logs/heur_mslp/outputs/csvresults_heur_mslp_bash_1.csv;0;3;1;14;0;0.0;0.5;true;8;2;lr205_t2_06R_06V_02I_03M;/dados/rmelo/PDPTW-SE/benchmark_multi_island_v5/official_experiments/multistartlp/official/set_01_pt_01/configs/genconfig_mslp.conf;genconfig_mslp;/dados/rmelo/PDPTW-SE/benchmark_multi_island_v5/official_experiments/multistartlp/official/set_01_pt_01/logs/heur_mslp/gurobi/06R_06V_02I_03M/lr205_grb_genconfig_mslp_seed_24.log;random;06R_06V_02I_03M;1;0;1;/dados/rmelo/PDPTW-SE/benchmark_multi_island_v5/official_experiments/multistartlp/official/set_01_pt_01/../../../../instances/orig_ams_fg/06R_06V_02I_04M/t2/lr205/;60000;9;0;1465.75;13;7;H;50;95;0;100.0;30.0;true;0.95;100.0;1.0;1.0;1.0;1.0;60;M;60000;60000;false;52;0.55;104.24;0.95;26;10;1000000;-1;3600;30.76;0.55;0.95;mslp;heur;0.55;0.95;-1;3600;60000;I;6;0.33;0.17;lr205;0;/dados/rmelo/PDPTW-SE/benchmark_multi_island_v5/official_experiments/multistartlp/official/set_01_pt_01/logs;0;0;0;0.0;100.0;1;24;/dados/rmelo/PDPTW-SE/benchmark_multi_island_v5/official_experiments/multistartlp/official/set_01_pt_01/logs/heur_mslp/solutions/06R_06V_02I_03M/lr205_sol_genconfig_mslp_seed_24.txt;Gurobi;AUTOMATIC;18.26;_bash_1;_seed_24;18458.89;1;0.31;/dados/rmelo/PDPTW-SE/benchmark_multi_island_v5/official_experiments/multistartlp/official/set_01_pt_01/logs/heur_mslp/timelines/06R_06V_02I_03M/lr205_timeline_genconfig_mslp_seed_24.txt;91.42;t2;0;551.63;false
0.05;0.0;0.02;0.02;0.0;0.03;3;/dados/rmelo/PDPTW-SE/benchmark_multi_island_v5/official_experiments/multistartlp/official/set_01_pt_01/logs/heur_mslp/outputs/csvresults_heur_mslp_bash_1.csv;0;4;1;14;0;0.0;0.5;true;8;2;lr205_t2_06R_06V_02I_04M;/dados/rmelo/PDPTW-SE/benchmark_multi_island_v5/official_experiments/multistartlp/official/set_01_pt_01/configs/genconfig_mslp.conf;genconfig_mslp;/dados/rmelo/PDPTW-SE/benchmark_multi_island_v5/official_experiments/multistartlp/official/set_01_pt_01/logs/heur_mslp/gurobi/06R_06V_02I_04M/lr205_grb_genconfig_mslp_seed_24.log;random;06R_06V_02I_04M;1;0;1;/dados/rmelo/PDPTW-SE/benchmark_multi_island_v5/official_experiments/multistartlp/official/set_01_pt_01/../../../../instances/orig_ams_fg/06R_06V_02I_04M/t2/lr205/;60000;9;0;1463.23;13;7;H;50;95;0;100.0;30.0;true;0.95;100.0;1.0;1.0;1.0;1.0;60;M;60000;60000;false;52;0.55;101.68;0.95;26;10;1000000;-1;3600;30.71;0.55;0.95;mslp;heur;0.55;0.95;-1;3600;60000;I;6;0.25;0.17;lr205;0;/dados/rmelo/PDPTW-SE/benchmark_multi_island_v5/official_experiments/multistartlp/official/set_01_pt_01/logs;0;0;0;0.0;100.0;1;24;/dados/rmelo/PDPTW-SE/benchmark_multi_island_v5/official_experiments/multistartlp/official/set_01_pt_01/logs/heur_mslp/solutions/06R_06V_02I_04M/lr205_sol_genconfig_mslp_seed_24.txt;Gurobi;AUTOMATIC;18.29;_bash_1;_seed_24;18425.06;1;0.31;/dados/rmelo/PDPTW-SE/benchmark_multi_island_v5/official_experiments/multistartlp/official/set_01_pt_01/logs/heur_mslp/timelines/06R_06V_02I_04M/lr205_timeline_genconfig_mslp_seed_24.txt;93.97;t2;0;549.2;false
0.05;0.19;0.27;0.46;0.0;0.12;2;/dados/rmelo/PDPTW-SE/benchmark_multi_island_v5/official_experiments/multistartlp/official/set_01_pt_01/logs/heur_mslp/outputs/csvresults_heur_mslp_bash_1.csv;0;3;1;14;0;0.0;0.5;true;8;2;lr101_t1_06R_06V_04I_03M;/dados/rmelo/PDPTW-SE/benchmark_multi_island_v5/official_experiments/multistartlp/official/set_01_pt_01/configs/genconfig_mslp.conf;genconfig_mslp;/dados/rmelo/PDPTW-SE/benchmark_multi_island_v5/official_experiments/multistartlp/official/set_01_pt_01/logs/heur_mslp/gurobi/06R_06V_04I_03M/lr101_grb_genconfig_mslp_seed_24.log;random;06R_06V_04I_03M;1;55565;1;/dados/rmelo/PDPTW-SE/benchmark_multi_island_v5/official_experiments/multistartlp/official/set_01_pt_01/../../../../instances/orig_ams_fg/06R_06V_04I_04M/t1/lr101/;60000;2;0;949.01;13;7;H;50;95;0;100.0;30.0;true;0.95;100.0;1.0;1.0;1.0;1.0;60;M;4435;4435;false;52;0.85;85.65;0.5;26;10;1000000;-1;3600;14.74;0.57;0.31;mslp;heur;0.29;0.17;-1;3600;60000;I;6;1.0;1.0;lr101;0;/dados/rmelo/PDPTW-SE/benchmark_multi_island_v5/official_experiments/multistartlp/official/set_01_pt_01/logs;0;0;0;92.61;100.0;1;24;/dados/rmelo/PDPTW-SE/benchmark_multi_island_v5/official_experiments/multistartlp/official/set_01_pt_01/logs/heur_mslp/solutions/06R_06V_04I_03M/lr101_sol_genconfig_mslp_seed_24.txt;Gurobi;AUTOMATIC;17.87;_bash_1;_seed_24;653.83;1;0.29;/dados/rmelo/PDPTW-SE/benchmark_multi_island_v5/official_experiments/multistartlp/official/set_01_pt_01/logs/heur_mslp/timelines/06R_06V_04I_03M/lr101_timeline_genconfig_mslp_seed_24.txt;12.29;t1;0;784.7;false
0.05;0.07;0.2;0.27;0.03;0.13;3;/dados/rmelo/PDPTW-SE/benchmark_multi_island_v5/official_experiments/multistartlp/official/set_01_pt_01/logs/heur_mslp/outputs/csvresults_heur_mslp_bash_1.csv;0;4;1;14;0;0.0;0.5;true;8;2;lr101_t1_06R_06V_04I_04M;/dados/rmelo/PDPTW-SE/benchmark_multi_island_v5/official_experiments/multistartlp/official/set_01_pt_01/configs/genconfig_mslp.conf;genconfig_mslp;/dados/rmelo/PDPTW-SE/benchmark_multi_island_v5/official_experiments/multistartlp/official/set_01_pt_01/logs/heur_mslp/gurobi/06R_06V_04I_04M/lr101_grb_genconfig_mslp_seed_24.log;random;06R_06V_04I_04M;1;32197;1;/dados/rmelo/PDPTW-SE/benchmark_multi_island_v5/official_experiments/multistartlp/official/set_01_pt_01/../../../../instances/orig_ams_fg/06R_06V_04I_04M/t1/lr101/;60000;28;0;949.01;13;7;H;50;95;0;100.0;30.0;true;0.95;100.0;1.0;1.0;1.0;1.0;60;M;27803;27803;false;52;0.81;85.65;0.5;26;10;1000000;-1;3600;16.55;0.55;0.32;mslp;heur;0.29;0.13;-1;3600;60000;I;6;1.0;1.0;lr101;0;/dados/rmelo/PDPTW-SE/benchmark_multi_island_v5/official_experiments/multistartlp/official/set_01_pt_01/logs;0;0;0;53.66;100.0;1;24;/dados/rmelo/PDPTW-SE/benchmark_multi_island_v5/official_experiments/multistartlp/official/set_01_pt_01/logs/heur_mslp/solutions/06R_06V_04I_04M/lr101_sol_genconfig_mslp_seed_24.txt;Gurobi;AUTOMATIC;18.18;_bash_1;_seed_24;4600.01;1;0.32;/dados/rmelo/PDPTW-SE/benchmark_multi_island_v5/official_experiments/multistartlp/official/set_01_pt_01/logs/heur_mslp/timelines/06R_06V_04I_04M/lr101_timeline_genconfig_mslp_seed_24.txt;48.48;t1;0;757.4;false
0.05;0.07;0.34;0.41;0.01;0.04;2;/dados/rmelo/PDPTW-SE/benchmark_multi_island_v5/official_experiments/multistartlp/official/set_01_pt_01/logs/heur_mslp/outputs/csvresults_heur_mslp_bash_1.csv;0;3;1;14;0;0.0;0.5;true;8;2;lr102_t1_06R_06V_04I_03M;/dados/rmelo/PDPTW-SE/benchmark_multi_island_v5/official_experiments/multistartlp/official/set_01_pt_01/configs/genconfig_mslp.conf;genconfig_mslp;/dados/rmelo/PDPTW-SE/benchmark_multi_island_v5/official_experiments/multistartlp/official/set_01_pt_01/logs/heur_mslp/gurobi/06R_06V_04I_03M/lr102_grb_genconfig_mslp_seed_24.log;random;06R_06V_04I_03M;1;40945;1;/dados/rmelo/PDPTW-SE/benchmark_multi_island_v5/official_experiments/multistartlp/official/set_01_pt_01/../../../../instances/orig_ams_fg/06R_06V_04I_04M/t1/lr102/;60000;40;0;807.95;13;7;H;50;95;0;100.0;30.0;true;0.95;100.0;1.0;1.0;1.0;1.0;60;M;19055;19055;false;58;0.94;70.66;0.95;29;10;1000000;-1;3600;11.31;0.89;0.66;mslp;heur;0.85;0.5;-1;3600;60000;I;6;1.0;0.5;lr102;0;/dados/rmelo/PDPTW-SE/benchmark_multi_island_v5/official_experiments/multistartlp/official/set_01_pt_01/logs;0;0;0;68.24;100.0;1;24;/dados/rmelo/PDPTW-SE/benchmark_multi_island_v5/official_experiments/multistartlp/official/set_01_pt_01/logs/heur_mslp/solutions/06R_06V_04I_03M/lr102_sol_genconfig_mslp_seed_24.txt;Gurobi;AUTOMATIC;18.04;_bash_1;_seed_24;2154.81;1;0.32;/dados/rmelo/PDPTW-SE/benchmark_multi_island_v5/official_experiments/multistartlp/official/set_01_pt_01/logs/heur_mslp/timelines/06R_06V_04I_03M/lr102_timeline_genconfig_mslp_seed_24.txt;38.23;t1;0;619.93;false
0.05;0.0;0.33;0.33;0.01;0.04;1;/dados/rmelo/PDPTW-SE/benchmark_multi_island_v5/official_experiments/multistartlp/official/set_01_pt_01/logs/heur_mslp/outputs/csvresults_heur_mslp_bash_1.csv;0;4;1;14;0;0.0;0.5;true;8;2;lr102_t1_06R_06V_04I_04M;/dados/rmelo/PDPTW-SE/benchmark_multi_island_v5/official_experiments/multistartlp/official/set_01_pt_01/configs/genconfig_mslp.conf;genconfig_mslp;/dados/rmelo/PDPTW-SE/benchmark_multi_island_v5/official_experiments/multistartlp/official/set_01_pt_01/logs/heur_mslp/gurobi/06R_06V_04I_04M/lr102_grb_genconfig_mslp_seed_24.log;random;06R_06V_04I_04M;1;809;1;/dados/rmelo/PDPTW-SE/benchmark_multi_island_v5/official_experiments/multistartlp/official/set_01_pt_01/../../../../instances/orig_ams_fg/06R_06V_04I_04M/t1/lr102/;60000;1;0;812.99;13;7;H;50;95;0;100.0;30.0;true;0.95;100.0;1.0;1.0;1.0;1.0;60;M;59191;59191;false;58;0.98;70.66;0.95;29;10;1000000;-1;3600;13.45;0.88;0.53;mslp;heur;0.81;0.1;-1;3600;60000;I;6;0.75;0.5;lr102;0;/dados/rmelo/PDPTW-SE/benchmark_multi_island_v5/official_experiments/multistartlp/official/set_01_pt_01/logs;0;0;0;1.35;100.0;1;24;/dados/rmelo/PDPTW-SE/benchmark_multi_island_v5/official_experiments/multistartlp/official/set_01_pt_01/logs/heur_mslp/solutions/06R_06V_04I_04M/lr102_sol_genconfig_mslp_seed_24.txt;Gurobi;AUTOMATIC;18.45;_bash_1;_seed_24;7960.18;1;0.0;/dados/rmelo/PDPTW-SE/benchmark_multi_island_v5/official_experiments/multistartlp/official/set_01_pt_01/logs/heur_mslp/timelines/06R_06V_04I_04M/lr102_timeline_genconfig_mslp_seed_24.txt;104.12;t1;0;613.22;false
0.05;0.0;0.24;0.24;0.0;0.0;1;/dados/rmelo/PDPTW-SE/benchmark_multi_island_v5/official_experiments/multistartlp/official/set_01_pt_01/logs/heur_mslp/outputs/csvresults_heur_mslp_bash_1.csv;0;3;1;14;0;0.0;0.5;true;8;2;lr103_t1_06R_06V_04I_03M;/dados/rmelo/PDPTW-SE/benchmark_multi_island_v5/official_experiments/multistartlp/official/set_01_pt_01/configs/genconfig_mslp.conf;genconfig_mslp;/dados/rmelo/PDPTW-SE/benchmark_multi_island_v5/official_experiments/multistartlp/official/set_01_pt_01/logs/heur_mslp/gurobi/06R_06V_04I_03M/lr103_grb_genconfig_mslp_seed_24.log;random;06R_06V_04I_03M;1;0;1;/dados/rmelo/PDPTW-SE/benchmark_multi_island_v5/official_experiments/multistartlp/official/set_01_pt_01/../../../../instances/orig_ams_fg/06R_06V_04I_04M/t1/lr103/;60000;1;0;570.57;13;7;H;50;95;0;100.0;30.0;true;0.95;100.0;1.0;1.0;1.0;1.0;60;M;60000;60000;false;38;0.86;71.73;0.73;19;10;1000000;-1;3600;19.26;0.65;0.5;mslp;heur;0.43;0.18;-1;3600;60000;I;6;0.67;0.5;lr103;0;/dados/rmelo/PDPTW-SE/benchmark_multi_island_v5/official_experiments/multistartlp/official/set_01_pt_01/logs;0;0;0;0.0;100.0;1;24;/dados/rmelo/PDPTW-SE/benchmark_multi_island_v5/official_experiments/multistartlp/official/set_01_pt_01/logs/heur_mslp/solutions/06R_06V_04I_03M/lr103_sol_genconfig_mslp_seed_24.txt;Gurobi;AUTOMATIC;18.04;_bash_1;_seed_24;11556.42;1;0.0;/dados/rmelo/PDPTW-SE/benchmark_multi_island_v5/official_experiments/multistartlp/official/set_01_pt_01/logs/heur_mslp/timelines/06R_06V_04I_03M/lr103_timeline_genconfig_mslp_seed_24.txt;98.79;t1;0;448.87;false
0.05;0.02;0.16;0.18;0.0;0.0;1;/dados/rmelo/PDPTW-SE/benchmark_multi_island_v5/official_experiments/multistartlp/official/set_01_pt_01/logs/heur_mslp/outputs/csvresults_heur_mslp_bash_1.csv;0;4;1;14;0;0.0;0.5;true;8;2;lr103_t1_06R_06V_04I_04M;/dados/rmelo/PDPTW-SE/benchmark_multi_island_v5/official_experiments/multistartlp/official/set_01_pt_01/configs/genconfig_mslp.conf;genconfig_mslp;/dados/rmelo/PDPTW-SE/benchmark_multi_island_v5/official_experiments/multistartlp/official/set_01_pt_01/logs/heur_mslp/gurobi/06R_06V_04I_04M/lr103_grb_genconfig_mslp_seed_24.log;random;06R_06V_04I_04M;1;0;1;/dados/rmelo/PDPTW-SE/benchmark_multi_island_v5/official_experiments/multistartlp/official/set_01_pt_01/../../../../instances/orig_ams_fg/06R_06V_04I_04M/t1/lr103/;60000;1;0;568.57;13;7;H;50;95;0;100.0;30.0;true;0.95;100.0;1.0;1.0;1.0;1.0;60;M;60000;60000;false;38;0.86;71.73;0.73;19;10;1000000;-1;3600;19.34;0.65;0.5;mslp;heur;0.42;0.18;-1;3600;60000;I;6;0.75;0.5;lr103;0;/dados/rmelo/PDPTW-SE/benchmark_multi_island_v5/official_experiments/multistartlp/official/set_01_pt_01/logs;0;0;0;0.0;100.0;1;24;/dados/rmelo/PDPTW-SE/benchmark_multi_island_v5/official_experiments/multistartlp/official/set_01_pt_01/logs/heur_mslp/solutions/06R_06V_04I_04M/lr103_sol_genconfig_mslp_seed_24.txt;Gurobi;AUTOMATIC;18.28;_bash_1;_seed_24;11604.25;1;0.0;/dados/rmelo/PDPTW-SE/benchmark_multi_island_v5/official_experiments/multistartlp/official/set_01_pt_01/logs/heur_mslp/timelines/06R_06V_04I_04M/lr103_timeline_genconfig_mslp_seed_24.txt;101.05;t1;0;446.87;false
0.05;0.07;0.19;0.26;0.0;0.01;3;/dados/rmelo/PDPTW-SE/benchmark_multi_island_v5/official_experiments/multistartlp/official/set_01_pt_01/logs/heur_mslp/outputs/csvresults_heur_mslp_bash_1.csv;0;3;1;14;0;0.0;0.5;true;8;2;lr104_t1_06R_06V_04I_03M;/dados/rmelo/PDPTW-SE/benchmark_multi_island_v5/official_experiments/multistartlp/official/set_01_pt_01/configs/genconfig_mslp.conf;genconfig_mslp;/dados/rmelo/PDPTW-SE/benchmark_multi_island_v5/official_experiments/multistartlp/official/set_01_pt_01/logs/heur_mslp/gurobi/06R_06V_04I_03M/lr104_grb_genconfig_mslp_seed_24.log;random;06R_06V_04I_03M;1;0;1;/dados/rmelo/PDPTW-SE/benchmark_multi_island_v5/official_experiments/multistartlp/official/set_01_pt_01/../../../../instances/orig_ams_fg/06R_06V_04I_04M/t1/lr104/;60000;6;0;662.87;13;7;H;50;95;0;100.0;30.0;true;0.95;100.0;1.0;1.0;1.0;1.0;60;M;60000;60000;false;40;0.86;68.79;0.77;20;10;1000000;-1;3600;11.22;0.68;0.57;mslp;heur;0.46;0.46;-1;3600;60000;I;6;1.0;0.5;lr104;0;/dados/rmelo/PDPTW-SE/benchmark_multi_island_v5/official_experiments/multistartlp/official/set_01_pt_01/logs;0;0;0;0.0;100.0;1;24;/dados/rmelo/PDPTW-SE/benchmark_multi_island_v5/official_experiments/multistartlp/official/set_01_pt_01/logs/heur_mslp/solutions/06R_06V_04I_03M/lr104_sol_genconfig_mslp_seed_24.txt;Gurobi;AUTOMATIC;18.13;_bash_1;_seed_24;6731.91;1;0.34;/dados/rmelo/PDPTW-SE/benchmark_multi_island_v5/official_experiments/multistartlp/official/set_01_pt_01/logs/heur_mslp/timelines/06R_06V_04I_03M/lr104_timeline_genconfig_mslp_seed_24.txt;99.17;t1;0;469.54;false
0.05;0.04;0.14;0.18;0.0;0.01;3;/dados/rmelo/PDPTW-SE/benchmark_multi_island_v5/official_experiments/multistartlp/official/set_01_pt_01/logs/heur_mslp/outputs/csvresults_heur_mslp_bash_1.csv;0;4;1;14;0;0.0;0.5;true;8;2;lr104_t1_06R_06V_04I_04M;/dados/rmelo/PDPTW-SE/benchmark_multi_island_v5/official_experiments/multistartlp/official/set_01_pt_01/configs/genconfig_mslp.conf;genconfig_mslp;/dados/rmelo/PDPTW-SE/benchmark_multi_island_v5/official_experiments/multistartlp/official/set_01_pt_01/logs/heur_mslp/gurobi/06R_06V_04I_04M/lr104_grb_genconfig_mslp_seed_24.log;random;06R_06V_04I_04M;1;0;1;/dados/rmelo/PDPTW-SE/benchmark_multi_island_v5/official_experiments/multistartlp/official/set_01_pt_01/../../../../instances/orig_ams_fg/06R_06V_04I_04M/t1/lr104/;60000;6;0;661.65;13;7;H;50;95;0;100.0;30.0;true;0.95;100.0;1.0;1.0;1.0;1.0;60;M;60000;60000;false;40;0.85;68.79;0.77;20;10;1000000;-1;3600;11.9;0.67;0.57;mslp;heur;0.46;0.46;-1;3600;60000;I;6;1.0;0.5;lr104;0;/dados/rmelo/PDPTW-SE/benchmark_multi_island_v5/official_experiments/multistartlp/official/set_01_pt_01/logs;0;0;0;0.0;100.0;1;24;/dados/rmelo/PDPTW-SE/benchmark_multi_island_v5/official_experiments/multistartlp/official/set_01_pt_01/logs/heur_mslp/solutions/06R_06V_04I_04M/lr104_sol_genconfig_mslp_seed_24.txt;Gurobi;AUTOMATIC;17.96;_bash_1;_seed_24;7140.36;1;0.29;/dados/rmelo/PDPTW-SE/benchmark_multi_island_v5/official_experiments/multistartlp/official/set_01_pt_01/logs/heur_mslp/timelines/06R_06V_04I_04M/lr104_timeline_genconfig_mslp_seed_24.txt;99.89;t1;0;465.1;false
0.05;0.13;0.25;0.38;0.0;0.02;4;/dados/rmelo/PDPTW-SE/benchmark_multi_island_v5/official_experiments/multistartlp/official/set_01_pt_01/logs/heur_mslp/outputs/csvresults_heur_mslp_bash_1.csv;0;3;1;14;0;0.0;0.5;true;8;2;lr105_t1_06R_06V_04I_03M;/dados/rmelo/PDPTW-SE/benchmark_multi_island_v5/official_experiments/multistartlp/official/set_01_pt_01/configs/genconfig_mslp.conf;genconfig_mslp;/dados/rmelo/PDPTW-SE/benchmark_multi_island_v5/official_experiments/multistartlp/official/set_01_pt_01/logs/heur_mslp/gurobi/06R_06V_04I_03M/lr105_grb_genconfig_mslp_seed_24.log;random;06R_06V_04I_03M;1;43112;1;/dados/rmelo/PDPTW-SE/benchmark_multi_island_v5/official_experiments/multistartlp/official/set_01_pt_01/../../../../instances/orig_ams_fg/06R_06V_04I_04M/t1/lr105/;60000;28;0;787.22;13;7;H;50;95;0;100.0;30.0;true;0.95;100.0;1.0;1.0;1.0;1.0;60;M;16888;16888;false;52;0.71;85.31;0.88;26;10;1000000;-1;3600;15.85;0.57;0.49;mslp;heur;0.36;0.16;-1;3600;60000;I;6;1.0;0.67;lr105;0;/dados/rmelo/PDPTW-SE/benchmark_multi_island_v5/official_experiments/multistartlp/official/set_01_pt_01/logs;0;0;0;71.85;100.0;1;24;/dados/rmelo/PDPTW-SE/benchmark_multi_island_v5/official_experiments/multistartlp/official/set_01_pt_01/logs/heur_mslp/solutions/06R_06V_04I_03M/lr105_sol_genconfig_mslp_seed_24.txt;Gurobi;AUTOMATIC;18.31;_bash_1;_seed_24;2676.15;1;0.33;/dados/rmelo/PDPTW-SE/benchmark_multi_island_v5/official_experiments/multistartlp/official/set_01_pt_01/logs/heur_mslp/timelines/06R_06V_04I_03M/lr105_timeline_genconfig_mslp_seed_24.txt;33.68;t1;0;521.52;false
0.05;0.07;0.18;0.25;0.0;0.02;5;/dados/rmelo/PDPTW-SE/benchmark_multi_island_v5/official_experiments/multistartlp/official/set_01_pt_01/logs/heur_mslp/outputs/csvresults_heur_mslp_bash_1.csv;0;4;1;14;0;0.0;0.5;true;8;2;lr105_t1_06R_06V_04I_04M;/dados/rmelo/PDPTW-SE/benchmark_multi_island_v5/official_experiments/multistartlp/official/set_01_pt_01/configs/genconfig_mslp.conf;genconfig_mslp;/dados/rmelo/PDPTW-SE/benchmark_multi_island_v5/official_experiments/multistartlp/official/set_01_pt_01/logs/heur_mslp/gurobi/06R_06V_04I_04M/lr105_grb_genconfig_mslp_seed_24.log;random;06R_06V_04I_04M;1;0;1;/dados/rmelo/PDPTW-SE/benchmark_multi_island_v5/official_experiments/multistartlp/official/set_01_pt_01/../../../../instances/orig_ams_fg/06R_06V_04I_04M/t1/lr105/;60000;11;0;840.13;13;7;H;50;95;0;100.0;30.0;true;0.95;100.0;1.0;1.0;1.0;1.0;60;M;60000;60000;false;52;0.69;85.31;0.88;26;10;1000000;-1;3600;18.48;0.56;0.49;mslp;heur;0.37;0.16;-1;3600;60000;I;6;1.0;0.67;lr105;0;/dados/rmelo/PDPTW-SE/benchmark_multi_island_v5/official_experiments/multistartlp/official/set_01_pt_01/logs;0;0;0;0.0;100.0;1;24;/dados/rmelo/PDPTW-SE/benchmark_multi_island_v5/official_experiments/multistartlp/official/set_01_pt_01/logs/heur_mslp/solutions/06R_06V_04I_04M/lr105_sol_genconfig_mslp_seed_24.txt;Gurobi;AUTOMATIC;18.06;_bash_1;_seed_24;11085.22;1;0.31;/dados/rmelo/PDPTW-SE/benchmark_multi_island_v5/official_experiments/multistartlp/official/set_01_pt_01/logs/heur_mslp/timelines/06R_06V_04I_04M/lr105_timeline_genconfig_mslp_seed_24.txt;101.19;t1;0;513.23;false
0.05;0.01;0.06;0.07;0.11;0.34;6;/dados/rmelo/PDPTW-SE/benchmark_multi_island_v5/official_experiments/multistartlp/official/set_01_pt_01/logs/heur_mslp/outputs/csvresults_heur_mslp_bash_1.csv;0;3;1;14;0;0.0;0.5;true;8;2;lr201_t2_06R_06V_04I_03M;/dados/rmelo/PDPTW-SE/benchmark_multi_island_v5/official_experiments/multistartlp/official/set_01_pt_01/configs/genconfig_mslp.conf;genconfig_mslp;/dados/rmelo/PDPTW-SE/benchmark_multi_island_v5/official_experiments/multistartlp/official/set_01_pt_01/logs/heur_mslp/gurobi/06R_06V_04I_03M/lr201_grb_genconfig_mslp_seed_24.log;random;06R_06V_04I_03M;1;0;1;/dados/rmelo/PDPTW-SE/benchmark_multi_island_v5/official_experiments/multistartlp/official/set_01_pt_01/../../../../instances/orig_ams_fg/06R_06V_04I_04M/t2/lr201/;60000;10;0;1220.78;13;7;H;50;95;0;100.0;30.0;true;0.95;100.0;1.0;1.0;1.0;1.0;60;M;60000;60000;false;52;0.72;76.3;0.87;26;10;1000000;-1;3600;23.29;0.45;0.67;mslp;heur;0.18;0.47;-1;3600;60000;I;6;1.0;0.33;lr201;0;/dados/rmelo/PDPTW-SE/benchmark_multi_island_v5/official_experiments/multistartlp/official/set_01_pt_01/logs;0;0;0;0.0;100.0;1;24;/dados/rmelo/PDPTW-SE/benchmark_multi_island_v5/official_experiments/multistartlp/official/set_01_pt_01/logs/heur_mslp/solutions/06R_06V_04I_03M/lr201_sol_genconfig_mslp_seed_24.txt;Gurobi;AUTOMATIC;18.04;_bash_1;_seed_24;13975.12;1;0.3;/dados/rmelo/PDPTW-SE/benchmark_multi_island_v5/official_experiments/multistartlp/official/set_01_pt_01/logs/heur_mslp/timelines/06R_06V_04I_03M/lr201_timeline_genconfig_mslp_seed_24.txt;98.16;t2;0;903.79;false
0.05;0.02;0.04;0.06;0.12;0.31;6;/dados/rmelo/PDPTW-SE/benchmark_multi_island_v5/official_experiments/multistartlp/official/set_01_pt_01/logs/heur_mslp/outputs/csvresults_heur_mslp_bash_1.csv;0;4;1;14;0;0.0;0.5;true;8;2;lr201_t2_06R_06V_04I_04M;/dados/rmelo/PDPTW-SE/benchmark_multi_island_v5/official_experiments/multistartlp/official/set_01_pt_01/configs/genconfig_mslp.conf;genconfig_mslp;/dados/rmelo/PDPTW-SE/benchmark_multi_island_v5/official_experiments/multistartlp/official/set_01_pt_01/logs/heur_mslp/gurobi/06R_06V_04I_04M/lr201_grb_genconfig_mslp_seed_24.log;random;06R_06V_04I_04M;1;0;1;/dados/rmelo/PDPTW-SE/benchmark_multi_island_v5/official_experiments/multistartlp/official/set_01_pt_01/../../../../instances/orig_ams_fg/06R_06V_04I_04M/t2/lr201/;60000;8;0;1218.82;13;7;H;50;95;0;100.0;30.0;true;0.95;100.0;1.0;1.0;1.0;1.0;60;M;60000;60000;false;52;0.65;76.01;0.87;26;10;1000000;-1;3600;23.24;0.45;0.67;mslp;heur;0.25;0.47;-1;3600;60000;I;6;1.0;0.33;lr201;0;/dados/rmelo/PDPTW-SE/benchmark_multi_island_v5/official_experiments/multistartlp/official/set_01_pt_01/logs;0;0;0;0.0;100.0;1;24;/dados/rmelo/PDPTW-SE/benchmark_multi_island_v5/official_experiments/multistartlp/official/set_01_pt_01/logs/heur_mslp/solutions/06R_06V_04I_04M/lr201_sol_genconfig_mslp_seed_24.txt;Gurobi;AUTOMATIC;18.51;_bash_1;_seed_24;13946.16;1;0.3;/dados/rmelo/PDPTW-SE/benchmark_multi_island_v5/official_experiments/multistartlp/official/set_01_pt_01/logs/heur_mslp/timelines/06R_06V_04I_04M/lr201_timeline_genconfig_mslp_seed_24.txt;102.88;t2;0;895.88;false
0.05;0.01;0.05;0.06;0.0;0.0;4;/dados/rmelo/PDPTW-SE/benchmark_multi_island_v5/official_experiments/multistartlp/official/set_01_pt_01/logs/heur_mslp/outputs/csvresults_heur_mslp_bash_1.csv;0;3;1;14;0;0.0;0.5;true;8;2;lr202_t2_06R_06V_04I_03M;/dados/rmelo/PDPTW-SE/benchmark_multi_island_v5/official_experiments/multistartlp/official/set_01_pt_01/configs/genconfig_mslp.conf;genconfig_mslp;/dados/rmelo/PDPTW-SE/benchmark_multi_island_v5/official_experiments/multistartlp/official/set_01_pt_01/logs/heur_mslp/gurobi/06R_06V_04I_03M/lr202_grb_genconfig_mslp_seed_24.log;random;06R_06V_04I_03M;1;0;1;/dados/rmelo/PDPTW-SE/benchmark_multi_island_v5/official_experiments/multistartlp/official/set_01_pt_01/../../../../instances/orig_ams_fg/06R_06V_04I_04M/t2/lr202/;60000;43;0;836.17;13;7;H;50;95;0;100.0;30.0;true;0.95;100.0;1.0;1.0;1.0;1.0;60;M;60000;60000;false;38;0.55;90.37;0.88;19;10;1000000;-1;3600;27.09;0.55;0.88;mslp;heur;0.55;0.88;-1;3600;60000;I;6;1.0;0.17;lr202;0;/dados/rmelo/PDPTW-SE/benchmark_multi_island_v5/official_experiments/multistartlp/official/set_01_pt_01/logs;0;0;0;0.0;100.0;1;24;/dados/rmelo/PDPTW-SE/benchmark_multi_island_v5/official_experiments/multistartlp/official/set_01_pt_01/logs/heur_mslp/solutions/06R_06V_04I_03M/lr202_sol_genconfig_mslp_seed_24.txt;Gurobi;AUTOMATIC;18.1;_bash_1;_seed_24;16253.08;1;0.38;/dados/rmelo/PDPTW-SE/benchmark_multi_island_v5/official_experiments/multistartlp/official/set_01_pt_01/logs/heur_mslp/timelines/06R_06V_04I_03M/lr202_timeline_genconfig_mslp_seed_24.txt;109.97;t2;0;547.87;false
0.05;0.01;0.04;0.05;0.0;0.0;4;/dados/rmelo/PDPTW-SE/benchmark_multi_island_v5/official_experiments/multistartlp/official/set_01_pt_01/logs/heur_mslp/outputs/csvresults_heur_mslp_bash_1.csv;0;4;1;14;0;0.0;0.5;true;8;2;lr202_t2_06R_06V_04I_04M;/dados/rmelo/PDPTW-SE/benchmark_multi_island_v5/official_experiments/multistartlp/official/set_01_pt_01/configs/genconfig_mslp.conf;genconfig_mslp;/dados/rmelo/PDPTW-SE/benchmark_multi_island_v5/official_experiments/multistartlp/official/set_01_pt_01/logs/heur_mslp/gurobi/06R_06V_04I_04M/lr202_grb_genconfig_mslp_seed_24.log;random;06R_06V_04I_04M;1;0;1;/dados/rmelo/PDPTW-SE/benchmark_multi_island_v5/official_experiments/multistartlp/official/set_01_pt_01/../../../../instances/orig_ams_fg/06R_06V_04I_04M/t2/lr202/;60000;43;0;836.17;13;7;H;50;95;0;100.0;30.0;true;0.95;100.0;1.0;1.0;1.0;1.0;60;M;60000;60000;false;38;0.55;88.29;0.88;19;10;1000000;-1;3600;27.21;0.55;0.88;mslp;heur;0.55;0.88;-1;3600;60000;I;6;1.0;0.17;lr202;0;/dados/rmelo/PDPTW-SE/benchmark_multi_island_v5/official_experiments/multistartlp/official/set_01_pt_01/logs;0;0;0;0.0;100.0;1;24;/dados/rmelo/PDPTW-SE/benchmark_multi_island_v5/official_experiments/multistartlp/official/set_01_pt_01/logs/heur_mslp/solutions/06R_06V_04I_04M/lr202_sol_genconfig_mslp_seed_24.txt;Gurobi;AUTOMATIC;18.14;_bash_1;_seed_24;16324.59;1;0.36;/dados/rmelo/PDPTW-SE/benchmark_multi_island_v5/official_experiments/multistartlp/official/set_01_pt_01/logs/heur_mslp/timelines/06R_06V_04I_04M/lr202_timeline_genconfig_mslp_seed_24.txt;110.74;t2;0;547.87;false
0.05;0.03;0.12;0.14;0.04;0.02;5;/dados/rmelo/PDPTW-SE/benchmark_multi_island_v5/official_experiments/multistartlp/official/set_01_pt_01/logs/heur_mslp/outputs/csvresults_heur_mslp_bash_1.csv;0;3;1;14;0;0.0;0.5;true;8;2;lr203_t2_06R_06V_04I_03M;/dados/rmelo/PDPTW-SE/benchmark_multi_island_v5/official_experiments/multistartlp/official/set_01_pt_01/configs/genconfig_mslp.conf;genconfig_mslp;/dados/rmelo/PDPTW-SE/benchmark_multi_island_v5/official_experiments/multistartlp/official/set_01_pt_01/logs/heur_mslp/gurobi/06R_06V_04I_03M/lr203_grb_genconfig_mslp_seed_24.log;random;06R_06V_04I_03M;1;0;1;/dados/rmelo/PDPTW-SE/benchmark_multi_island_v5/official_experiments/multistartlp/official/set_01_pt_01/../../../../instances/orig_ams_fg/06R_06V_04I_04M/t2/lr203/;60000;98;0;1579.24;13;7;H;50;95;0;100.0;30.0;true;0.95;100.0;1.0;1.0;1.0;1.0;60;M;60000;60000;false;32;0.69;82.48;0.88;16;10;1000000;-1;3600;27.81;0.69;0.88;mslp;heur;0.69;0.88;-1;3600;60000;I;6;0.67;0.17;lr203;0;/dados/rmelo/PDPTW-SE/benchmark_multi_island_v5/official_experiments/multistartlp/official/set_01_pt_01/logs;0;0;0;0.0;100.0;1;24;/dados/rmelo/PDPTW-SE/benchmark_multi_island_v5/official_experiments/multistartlp/official/set_01_pt_01/logs/heur_mslp/solutions/06R_06V_04I_03M/lr203_sol_genconfig_mslp_seed_24.txt;Gurobi;AUTOMATIC;18.37;_bash_1;_seed_24;16683.65;1;0.51;/dados/rmelo/PDPTW-SE/benchmark_multi_island_v5/official_experiments/multistartlp/official/set_01_pt_01/logs/heur_mslp/timelines/06R_06V_04I_03M/lr203_timeline_genconfig_mslp_seed_24.txt;111.42;t2;0;685.01;false
0.05;0.02;0.08;0.1;0.03;0.03;5;/dados/rmelo/PDPTW-SE/benchmark_multi_island_v5/official_experiments/multistartlp/official/set_01_pt_01/logs/heur_mslp/outputs/csvresults_heur_mslp_bash_1.csv;0;4;1;14;0;0.0;0.5;true;8;2;lr203_t2_06R_06V_04I_04M;/dados/rmelo/PDPTW-SE/benchmark_multi_island_v5/official_experiments/multistartlp/official/set_01_pt_01/configs/genconfig_mslp.conf;genconfig_mslp;/dados/rmelo/PDPTW-SE/benchmark_multi_island_v5/official_experiments/multistartlp/official/set_01_pt_01/logs/heur_mslp/gurobi/06R_06V_04I_04M/lr203_grb_genconfig_mslp_seed_24.log;random;06R_06V_04I_04M;1;0;1;/dados/rmelo/PDPTW-SE/benchmark_multi_island_v5/official_experiments/multistartlp/official/set_01_pt_01/../../../../instances/orig_ams_fg/06R_06V_04I_04M/t2/lr203/;60000;98;0;1579.24;13;7;H;50;95;0;100.0;30.0;true;0.95;100.0;1.0;1.0;1.0;1.0;60;M;60000;60000;false;32;0.68;81.38;0.88;16;10;1000000;-1;3600;30.58;0.68;0.88;mslp;heur;0.68;0.88;-1;3600;60000;I;6;0.75;0.17;lr203;0;/dados/rmelo/PDPTW-SE/benchmark_multi_island_v5/official_experiments/multistartlp/official/set_01_pt_01/logs;0;0;0;0.0;100.0;1;24;/dados/rmelo/PDPTW-SE/benchmark_multi_island_v5/official_experiments/multistartlp/official/set_01_pt_01/logs/heur_mslp/solutions/06R_06V_04I_04M/lr203_sol_genconfig_mslp_seed_24.txt;Gurobi;AUTOMATIC;17.97;_bash_1;_seed_24;18350.96;1;0.5;/dados/rmelo/PDPTW-SE/benchmark_multi_island_v5/official_experiments/multistartlp/official/set_01_pt_01/logs/heur_mslp/timelines/06R_06V_04I_04M/lr203_timeline_genconfig_mslp_seed_24.txt;114.73;t2;0;681.89;false
0.05;0.04;0.07;0.11;0.0;0.0;9;/dados/rmelo/PDPTW-SE/benchmark_multi_island_v5/official_experiments/multistartlp/official/set_01_pt_01/logs/heur_mslp/outputs/csvresults_heur_mslp_bash_1.csv;0;3;1;14;0;0.0;0.5;true;8;2;lr204_t2_06R_06V_04I_03M;/dados/rmelo/PDPTW-SE/benchmark_multi_island_v5/official_experiments/multistartlp/official/set_01_pt_01/configs/genconfig_mslp.conf;genconfig_mslp;/dados/rmelo/PDPTW-SE/benchmark_multi_island_v5/official_experiments/multistartlp/official/set_01_pt_01/logs/heur_mslp/gurobi/06R_06V_04I_03M/lr204_grb_genconfig_mslp_seed_24.log;random;06R_06V_04I_03M;1;0;1;/dados/rmelo/PDPTW-SE/benchmark_multi_island_v5/official_experiments/multistartlp/official/set_01_pt_01/../../../../instances/orig_ams_fg/06R_06V_04I_04M/t2/lr204/;60000;2757;0;891.65;13;7;H;50;95;0;100.0;30.0;true;0.95;100.0;1.0;1.0;1.0;1.0;60;M;60000;60000;false;38;0.42;82.37;0.82;19;10;1000000;-1;3600;21.59;0.31;0.58;mslp;heur;0.19;0.35;-1;3600;60000;I;6;1.0;0.33;lr204;0;/dados/rmelo/PDPTW-SE/benchmark_multi_island_v5/official_experiments/multistartlp/official/set_01_pt_01/logs;0;0;0;0.0;100.0;1;24;/dados/rmelo/PDPTW-SE/benchmark_multi_island_v5/official_experiments/multistartlp/official/set_01_pt_01/logs/heur_mslp/solutions/06R_06V_04I_03M/lr204_sol_genconfig_mslp_seed_24.txt;Gurobi;AUTOMATIC;18.2;_bash_1;_seed_24;12951.19;1;6.57;/dados/rmelo/PDPTW-SE/benchmark_multi_island_v5/official_experiments/multistartlp/official/set_01_pt_01/logs/heur_mslp/timelines/06R_06V_04I_03M/lr204_timeline_genconfig_mslp_seed_24.txt;129.52;t2;0;610.47;false
0.05;0.01;0.05;0.06;0.0;0.0;7;/dados/rmelo/PDPTW-SE/benchmark_multi_island_v5/official_experiments/multistartlp/official/set_01_pt_01/logs/heur_mslp/outputs/csvresults_heur_mslp_bash_1.csv;0;4;1;14;0;0.0;0.5;true;8;2;lr204_t2_06R_06V_04I_04M;/dados/rmelo/PDPTW-SE/benchmark_multi_island_v5/official_experiments/multistartlp/official/set_01_pt_01/configs/genconfig_mslp.conf;genconfig_mslp;/dados/rmelo/PDPTW-SE/benchmark_multi_island_v5/official_experiments/multistartlp/official/set_01_pt_01/logs/heur_mslp/gurobi/06R_06V_04I_04M/lr204_grb_genconfig_mslp_seed_24.log;random;06R_06V_04I_04M;1;0;1;/dados/rmelo/PDPTW-SE/benchmark_multi_island_v5/official_experiments/multistartlp/official/set_01_pt_01/../../../../instances/orig_ams_fg/06R_06V_04I_04M/t2/lr204/;60000;723;0;891.65;13;7;H;50;95;0;100.0;30.0;true;0.95;100.0;1.0;1.0;1.0;1.0;60;M;60000;60000;false;38;0.41;82.37;0.97;19;10;1000000;-1;3600;22.37;0.3;0.66;mslp;heur;0.19;0.35;-1;3600;60000;I;6;1.0;0.33;lr204;0;/dados/rmelo/PDPTW-SE/benchmark_multi_island_v5/official_experiments/multistartlp/official/set_01_pt_01/logs;0;0;0;0.0;100.0;1;24;/dados/rmelo/PDPTW-SE/benchmark_multi_island_v5/official_experiments/multistartlp/official/set_01_pt_01/logs/heur_mslp/solutions/06R_06V_04I_04M/lr204_sol_genconfig_mslp_seed_24.txt;Gurobi;AUTOMATIC;18.37;_bash_1;_seed_24;13424.43;1;2.03;/dados/rmelo/PDPTW-SE/benchmark_multi_island_v5/official_experiments/multistartlp/official/set_01_pt_01/logs/heur_mslp/timelines/06R_06V_04I_04M/lr204_timeline_genconfig_mslp_seed_24.txt;136.32;t2;0;601.61;false
0.05;0.02;0.05;0.07;0.0;0.0;10;/dados/rmelo/PDPTW-SE/benchmark_multi_island_v5/official_experiments/multistartlp/official/set_01_pt_01/logs/heur_mslp/outputs/csvresults_heur_mslp_bash_1.csv;0;3;1;14;0;0.0;0.5;true;8;2;lr205_t2_06R_06V_04I_03M;/dados/rmelo/PDPTW-SE/benchmark_multi_island_v5/official_experiments/multistartlp/official/set_01_pt_01/configs/genconfig_mslp.conf;genconfig_mslp;/dados/rmelo/PDPTW-SE/benchmark_multi_island_v5/official_experiments/multistartlp/official/set_01_pt_01/logs/heur_mslp/gurobi/06R_06V_04I_03M/lr205_grb_genconfig_mslp_seed_24.log;random;06R_06V_04I_03M;1;0;1;/dados/rmelo/PDPTW-SE/benchmark_multi_island_v5/official_experiments/multistartlp/official/set_01_pt_01/../../../../instances/orig_ams_fg/06R_06V_04I_04M/t2/lr205/;60000;1189;0;1428.45;13;7;H;50;95;0;100.0;30.0;true;0.95;100.0;1.0;1.0;1.0;1.0;60;M;60000;60000;false;52;0.54;68.19;0.88;26;10;1000000;-1;3600;27.12;0.54;0.88;mslp;heur;0.54;0.88;-1;3600;60000;I;6;1.0;0.17;lr205;0;/dados/rmelo/PDPTW-SE/benchmark_multi_island_v5/official_experiments/multistartlp/official/set_01_pt_01/logs;0;0;0;0.0;100.0;1;24;/dados/rmelo/PDPTW-SE/benchmark_multi_island_v5/official_experiments/multistartlp/official/set_01_pt_01/logs/heur_mslp/solutions/06R_06V_04I_03M/lr205_sol_genconfig_mslp_seed_24.txt;Gurobi;AUTOMATIC;18.18;_bash_1;_seed_24;16273.97;1;2.8;/dados/rmelo/PDPTW-SE/benchmark_multi_island_v5/official_experiments/multistartlp/official/set_01_pt_01/logs/heur_mslp/timelines/06R_06V_04I_03M/lr205_timeline_genconfig_mslp_seed_24.txt;118.64;t2;0;535.22;false
0.05;0.01;0.05;0.06;0.0;0.01;8;/dados/rmelo/PDPTW-SE/benchmark_multi_island_v5/official_experiments/multistartlp/official/set_01_pt_01/logs/heur_mslp/outputs/csvresults_heur_mslp_bash_1.csv;0;4;1;14;0;0.0;0.5;true;8;2;lr205_t2_06R_06V_04I_04M;/dados/rmelo/PDPTW-SE/benchmark_multi_island_v5/official_experiments/multistartlp/official/set_01_pt_01/configs/genconfig_mslp.conf;genconfig_mslp;/dados/rmelo/PDPTW-SE/benchmark_multi_island_v5/official_experiments/multistartlp/official/set_01_pt_01/logs/heur_mslp/gurobi/06R_06V_04I_04M/lr205_grb_genconfig_mslp_seed_24.log;random;06R_06V_04I_04M;1;0;1;/dados/rmelo/PDPTW-SE/benchmark_multi_island_v5/official_experiments/multistartlp/official/set_01_pt_01/../../../../instances/orig_ams_fg/06R_06V_04I_04M/t2/lr205/;60000;199;0;1428.45;13;7;H;50;95;0;100.0;30.0;true;0.95;100.0;1.0;1.0;1.0;1.0;60;M;60000;60000;false;52;0.54;68.19;1.0;26;10;1000000;-1;3600;26.8;0.54;1.0;mslp;heur;0.54;1.0;-1;3600;60000;I;6;0.75;0.17;lr205;0;/dados/rmelo/PDPTW-SE/benchmark_multi_island_v5/official_experiments/multistartlp/official/set_01_pt_01/logs;0;0;0;0.0;100.0;1;24;/dados/rmelo/PDPTW-SE/benchmark_multi_island_v5/official_experiments/multistartlp/official/set_01_pt_01/logs/heur_mslp/solutions/06R_06V_04I_04M/lr205_sol_genconfig_mslp_seed_24.txt;Gurobi;AUTOMATIC;18.0;_bash_1;_seed_24;16081.99;1;0.72;/dados/rmelo/PDPTW-SE/benchmark_multi_island_v5/official_experiments/multistartlp/official/set_01_pt_01/logs/heur_mslp/timelines/06R_06V_04I_04M/lr205_timeline_genconfig_mslp_seed_24.txt;123.96;t2;0;535.22;false
0.05;0.06;0.14;0.2;0.0;0.2;6;/dados/rmelo/PDPTW-SE/benchmark_multi_island_v5/official_experiments/multistartlp/official/set_01_pt_01/logs/heur_mslp/outputs/csvresults_heur_mslp_bash_1.csv;0;3;1;18;0;0.0;0.5;true;10;2;lr101_t1_08R_08V_02I_03M;/dados/rmelo/PDPTW-SE/benchmark_multi_island_v5/official_experiments/multistartlp/official/set_01_pt_01/configs/genconfig_mslp.conf;genconfig_mslp;/dados/rmelo/PDPTW-SE/benchmark_multi_island_v5/official_experiments/multistartlp/official/set_01_pt_01/logs/heur_mslp/gurobi/08R_08V_02I_03M/lr101_grb_genconfig_mslp_seed_24.log;random;08R_08V_02I_03M;1;38994;1;/dados/rmelo/PDPTW-SE/benchmark_multi_island_v5/official_experiments/multistartlp/official/set_01_pt_01/../../../../instances/orig_ams_fg/08R_08V_02I_04M/t1/lr101/;60000;1910;0;1346.47;17;9;H;50;95;0;100.0;30.0;true;0.95;100.0;1.0;1.0;1.0;1.0;60;M;21006;21006;false;52;0.79;72.32;0.87;26;10;1000000;-1;3600;21.88;0.59;0.38;mslp;heur;0.49;0.16;-1;3600;60000;I;8;1.0;0.88;lr101;0;/dados/rmelo/PDPTW-SE/benchmark_multi_island_v5/official_experiments/multistartlp/official/set_01_pt_01/logs;0;0;0;64.99;100.0;1;24;/dados/rmelo/PDPTW-SE/benchmark_multi_island_v5/official_experiments/multistartlp/official/set_01_pt_01/logs/heur_mslp/solutions/08R_08V_02I_03M/lr101_sol_genconfig_mslp_seed_24.txt;Gurobi;AUTOMATIC;18.16;_bash_1;_seed_24;4596.99;1;1.81;/dados/rmelo/PDPTW-SE/benchmark_multi_island_v5/official_experiments/multistartlp/official/set_01_pt_01/logs/heur_mslp/timelines/08R_08V_02I_03M/lr101_timeline_genconfig_mslp_seed_24.txt;44.75;t1;0;946.87;false
0.05;0.03;0.11;0.14;0.0;0.2;4;/dados/rmelo/PDPTW-SE/benchmark_multi_island_v5/official_experiments/multistartlp/official/set_01_pt_01/logs/heur_mslp/outputs/csvresults_heur_mslp_bash_1.csv;0;4;1;18;0;0.0;0.5;true;10;2;lr101_t1_08R_08V_02I_04M;/dados/rmelo/PDPTW-SE/benchmark_multi_island_v5/official_experiments/multistartlp/official/set_01_pt_01/configs/genconfig_mslp.conf;genconfig_mslp;/dados/rmelo/PDPTW-SE/benchmark_multi_island_v5/official_experiments/multistartlp/official/set_01_pt_01/logs/heur_mslp/gurobi/08R_08V_02I_04M/lr101_grb_genconfig_mslp_seed_24.log;random;08R_08V_02I_04M;1;19685;1;/dados/rmelo/PDPTW-SE/benchmark_multi_island_v5/official_experiments/multistartlp/official/set_01_pt_01/../../../../instances/orig_ams_fg/08R_08V_02I_04M/t1/lr101/;60000;65;0;1346.47;17;9;H;50;95;0;100.0;30.0;true;0.95;100.0;1.0;1.0;1.0;1.0;60;M;40315;40315;false;52;0.79;72.32;0.87;26;10;1000000;-1;3600;22.33;0.59;0.37;mslp;heur;0.49;0.19;-1;3600;60000;I;8;1.0;0.88;lr101;0;/dados/rmelo/PDPTW-SE/benchmark_multi_island_v5/official_experiments/multistartlp/official/set_01_pt_01/logs;0;0;0;32.81;100.0;1;24;/dados/rmelo/PDPTW-SE/benchmark_multi_island_v5/official_experiments/multistartlp/official/set_01_pt_01/logs/heur_mslp/solutions/08R_08V_02I_04M/lr101_sol_genconfig_mslp_seed_24.txt;Gurobi;AUTOMATIC;17.93;_bash_1;_seed_24;9002.34;1;0.37;/dados/rmelo/PDPTW-SE/benchmark_multi_island_v5/official_experiments/multistartlp/official/set_01_pt_01/logs/heur_mslp/timelines/08R_08V_02I_04M/lr101_timeline_genconfig_mslp_seed_24.txt;78.53;t1;0;948.49;false
0.05;0.06;0.09;0.15;0.0;0.05;8;/dados/rmelo/PDPTW-SE/benchmark_multi_island_v5/official_experiments/multistartlp/official/set_01_pt_01/logs/heur_mslp/outputs/csvresults_heur_mslp_bash_1.csv;0;3;1;18;0;0.0;0.5;true;10;2;lr102_t1_08R_08V_02I_03M;/dados/rmelo/PDPTW-SE/benchmark_multi_island_v5/official_experiments/multistartlp/official/set_01_pt_01/configs/genconfig_mslp.conf;genconfig_mslp;/dados/rmelo/PDPTW-SE/benchmark_multi_island_v5/official_experiments/multistartlp/official/set_01_pt_01/logs/heur_mslp/gurobi/08R_08V_02I_03M/lr102_grb_genconfig_mslp_seed_24.log;random;08R_08V_02I_03M;1;0;1;/dados/rmelo/PDPTW-SE/benchmark_multi_island_v5/official_experiments/multistartlp/official/set_01_pt_01/../../../../instances/orig_ams_fg/08R_08V_02I_04M/t1/lr102/;60000;404;0;933.9;17;9;H;50;95;0;100.0;30.0;true;0.95;100.0;1.0;1.0;1.0;1.0;60;M;60000;60000;false;58;0.8;73.54;0.96;29;10;1000000;-1;3600;15.3;0.67;0.5;mslp;heur;0.38;0.09;-1;3600;60000;I;8;0.67;0.62;lr102;0;/dados/rmelo/PDPTW-SE/benchmark_multi_island_v5/official_experiments/multistartlp/official/set_01_pt_01/logs;0;0;0;0.0;100.0;1;24;/dados/rmelo/PDPTW-SE/benchmark_multi_island_v5/official_experiments/multistartlp/official/set_01_pt_01/logs/heur_mslp/solutions/08R_08V_02I_03M/lr102_sol_genconfig_mslp_seed_24.txt;Gurobi;AUTOMATIC;18.3;_bash_1;_seed_24;9179.52;1;1.08;/dados/rmelo/PDPTW-SE/benchmark_multi_island_v5/official_experiments/multistartlp/official/set_01_pt_01/logs/heur_mslp/timelines/08R_08V_02I_03M/lr102_timeline_genconfig_mslp_seed_24.txt;110.38;t1;0;770.92;false
0.05;0.06;0.09;0.15;0.0;0.05;8;/dados/rmelo/PDPTW-SE/benchmark_multi_island_v5/official_experiments/multistartlp/official/set_01_pt_01/logs/heur_mslp/outputs/csvresults_heur_mslp_bash_1.csv;0;4;1;18;0;0.0;0.5;true;10;2;lr102_t1_08R_08V_02I_04M;/dados/rmelo/PDPTW-SE/benchmark_multi_island_v5/official_experiments/multistartlp/official/set_01_pt_01/configs/genconfig_mslp.conf;genconfig_mslp;/dados/rmelo/PDPTW-SE/benchmark_multi_island_v5/official_experiments/multistartlp/official/set_01_pt_01/logs/heur_mslp/gurobi/08R_08V_02I_04M/lr102_grb_genconfig_mslp_seed_24.log;random;08R_08V_02I_04M;1;0;1;/dados/rmelo/PDPTW-SE/benchmark_multi_island_v5/official_experiments/multistartlp/official/set_01_pt_01/../../../../instances/orig_ams_fg/08R_08V_02I_04M/t1/lr102/;60000;404;0;933.9;17;9;H;50;95;0;100.0;30.0;true;0.95;100.0;1.0;1.0;1.0;1.0;60;M;60000;60000;false;58;0.8;73.54;0.96;29;10;1000000;-1;3600;15.3;0.67;0.5;mslp;heur;0.38;0.09;-1;3600;60000;I;8;0.5;0.62;lr102;0;/dados/rmelo/PDPTW-SE/benchmark_multi_island_v5/official_experiments/multistartlp/official/set_01_pt_01/logs;0;0;0;0.0;100.0;1;24;/dados/rmelo/PDPTW-SE/benchmark_multi_island_v5/official_experiments/multistartlp/official/set_01_pt_01/logs/heur_mslp/solutions/08R_08V_02I_04M/lr102_sol_genconfig_mslp_seed_24.txt;Gurobi;AUTOMATIC;18.05;_bash_1;_seed_24;9179.52;1;1.1;/dados/rmelo/PDPTW-SE/benchmark_multi_island_v5/official_experiments/multistartlp/official/set_01_pt_01/logs/heur_mslp/timelines/08R_08V_02I_04M/lr102_timeline_genconfig_mslp_seed_24.txt;111.46;t1;0;770.92;false
0.05;0.0;0.08;0.08;0.0;0.0;6;/dados/rmelo/PDPTW-SE/benchmark_multi_island_v5/official_experiments/multistartlp/official/set_01_pt_01/logs/heur_mslp/outputs/csvresults_heur_mslp_bash_1.csv;0;3;1;18;0;0.0;0.5;true;10;2;lr103_t1_08R_08V_02I_03M;/dados/rmelo/PDPTW-SE/benchmark_multi_island_v5/official_experiments/multistartlp/official/set_01_pt_01/configs/genconfig_mslp.conf;genconfig_mslp;/dados/rmelo/PDPTW-SE/benchmark_multi_island_v5/official_experiments/multistartlp/official/set_01_pt_01/logs/heur_mslp/gurobi/08R_08V_02I_03M/lr103_grb_genconfig_mslp_seed_24.log;random;08R_08V_02I_03M;1;34;1;/dados/rmelo/PDPTW-SE/benchmark_multi_island_v5/official_experiments/multistartlp/official/set_01_pt_01/../../../../instances/orig_ams_fg/08R_08V_02I_04M/t1/lr103/;60000;316;0;760.2;17;9;H;50;95;0;100.0;30.0;true;0.95;100.0;1.0;1.0;1.0;1.0;60;M;59801;59966;false;38;0.93;83.42;0.85;19;10;1000000;-1;3600;12.24;0.79;0.69;mslp;heur;0.66;0.59;-1;3600;60000;I;8;0.67;0.38;lr103;0;/dados/rmelo/PDPTW-SE/benchmark_multi_island_v5/official_experiments/multistartlp/official/set_01_pt_01/logs;0;0;0;0.06;99.72;1;24;/dados/rmelo/PDPTW-SE/benchmark_multi_island_v5/official_experiments/multistartlp/official/set_01_pt_01/logs/heur_mslp/solutions/08R_08V_02I_03M/lr103_sol_genconfig_mslp_seed_24.txt;Gurobi;AUTOMATIC;18.1;_bash_1;_seed_24;7337.82;1;0.98;/dados/rmelo/PDPTW-SE/benchmark_multi_island_v5/official_experiments/multistartlp/official/set_01_pt_01/logs/heur_mslp/timelines/08R_08V_02I_03M/lr103_timeline_genconfig_mslp_seed_24.txt;118.0;t1;0;546.38;false
0.05;0.0;0.08;0.08;0.0;0.0;6;/dados/rmelo/PDPTW-SE/benchmark_multi_island_v5/official_experiments/multistartlp/official/set_01_pt_01/logs/heur_mslp/outputs/csvresults_heur_mslp_bash_1.csv;0;4;1;18;0;0.0;0.5;true;10;2;lr103_t1_08R_08V_02I_04M;/dados/rmelo/PDPTW-SE/benchmark_multi_island_v5/official_experiments/multistartlp/official/set_01_pt_01/configs/genconfig_mslp.conf;genconfig_mslp;/dados/rmelo/PDPTW-SE/benchmark_multi_island_v5/official_experiments/multistartlp/official/set_01_pt_01/logs/heur_mslp/gurobi/08R_08V_02I_04M/lr103_grb_genconfig_mslp_seed_24.log;random;08R_08V_02I_04M;1;0;1;/dados/rmelo/PDPTW-SE/benchmark_multi_island_v5/official_experiments/multistartlp/official/set_01_pt_01/../../../../instances/orig_ams_fg/08R_08V_02I_04M/t1/lr103/;60000;316;0;760.2;17;9;H;50;95;0;100.0;30.0;true;0.95;100.0;1.0;1.0;1.0;1.0;60;M;59814;60000;false;38;0.93;83.42;0.85;19;10;1000000;-1;3600;12.09;0.79;0.69;mslp;heur;0.66;0.59;-1;3600;60000;I;8;0.5;0.38;lr103;0;/dados/rmelo/PDPTW-SE/benchmark_multi_island_v5/official_experiments/multistartlp/official/set_01_pt_01/logs;0;0;0;0.0;99.69;1;24;/dados/rmelo/PDPTW-SE/benchmark_multi_island_v5/official_experiments/multistartlp/official/set_01_pt_01/logs/heur_mslp/solutions/08R_08V_02I_04M/lr103_sol_genconfig_mslp_seed_24.txt;Gurobi;AUTOMATIC;17.91;_bash_1;_seed_24;7253.45;1;0.99;/dados/rmelo/PDPTW-SE/benchmark_multi_island_v5/official_experiments/multistartlp/official/set_01_pt_01/logs/heur_mslp/timelines/08R_08V_02I_04M/lr103_timeline_genconfig_mslp_seed_24.txt;121.19;t1;0;546.38;false
0.05;0.05;0.1;0.14;0.0;0.02;5;/dados/rmelo/PDPTW-SE/benchmark_multi_island_v5/official_experiments/multistartlp/official/set_01_pt_01/logs/heur_mslp/outputs/csvresults_heur_mslp_bash_1.csv;0;3;1;18;0;0.0;0.5;true;10;2;lr104_t1_08R_08V_02I_03M;/dados/rmelo/PDPTW-SE/benchmark_multi_island_v5/official_experiments/multistartlp/official/set_01_pt_01/configs/genconfig_mslp.conf;genconfig_mslp;/dados/rmelo/PDPTW-SE/benchmark_multi_island_v5/official_experiments/multistartlp/official/set_01_pt_01/logs/heur_mslp/gurobi/08R_08V_02I_03M/lr104_grb_genconfig_mslp_seed_24.log;random;08R_08V_02I_03M;1;0;1;/dados/rmelo/PDPTW-SE/benchmark_multi_island_v5/official_experiments/multistartlp/official/set_01_pt_01/../../../../instances/orig_ams_fg/08R_08V_02I_04M/t1/lr104/;60000;62;0;711.21;17;9;H;50;95;0;100.0;30.0;true;0.95;100.0;1.0;1.0;1.0;1.0;60;M;60000;60000;false;40;0.84;79.52;0.61;20;10;1000000;-1;3600;12.92;0.81;0.56;mslp;heur;0.79;0.48;-1;3600;60000;I;8;0.67;0.38;lr104;0;/dados/rmelo/PDPTW-SE/benchmark_multi_island_v5/official_experiments/multistartlp/official/set_01_pt_01/logs;0;0;0;0.0;100.0;1;24;/dados/rmelo/PDPTW-SE/benchmark_multi_island_v5/official_experiments/multistartlp/official/set_01_pt_01/logs/heur_mslp/solutions/08R_08V_02I_03M/lr104_sol_genconfig_mslp_seed_24.txt;Gurobi;AUTOMATIC;17.96;_bash_1;_seed_24;7750.73;1;0.41;/dados/rmelo/PDPTW-SE/benchmark_multi_island_v5/official_experiments/multistartlp/official/set_01_pt_01/logs/heur_mslp/timelines/08R_08V_02I_03M/lr104_timeline_genconfig_mslp_seed_24.txt;109.92;t1;0;558.37;false
0.05;0.05;0.1;0.14;0.0;0.02;5;/dados/rmelo/PDPTW-SE/benchmark_multi_island_v5/official_experiments/multistartlp/official/set_01_pt_01/logs/heur_mslp/outputs/csvresults_heur_mslp_bash_1.csv;0;4;1;18;0;0.0;0.5;true;10;2;lr104_t1_08R_08V_02I_04M;/dados/rmelo/PDPTW-SE/benchmark_multi_island_v5/official_experiments/multistartlp/official/set_01_pt_01/configs/genconfig_mslp.conf;genconfig_mslp;/dados/rmelo/PDPTW-SE/benchmark_multi_island_v5/official_experiments/multistartlp/official/set_01_pt_01/logs/heur_mslp/gurobi/08R_08V_02I_04M/lr104_grb_genconfig_mslp_seed_24.log;random;08R_08V_02I_04M;1;0;1;/dados/rmelo/PDPTW-SE/benchmark_multi_island_v5/official_experiments/multistartlp/official/set_01_pt_01/../../../../instances/orig_ams_fg/08R_08V_02I_04M/t1/lr104/;60000;62;0;711.21;17;9;H;50;95;0;100.0;30.0;true;0.95;100.0;1.0;1.0;1.0;1.0;60;M;60000;60000;false;40;0.84;78.99;0.61;20;10;1000000;-1;3600;13.12;0.81;0.56;mslp;heur;0.79;0.48;-1;3600;60000;I;8;0.5;0.38;lr104;0;/dados/rmelo/PDPTW-SE/benchmark_multi_island_v5/official_experiments/multistartlp/official/set_01_pt_01/logs;0;0;0;0.0;100.0;1;24;/dados/rmelo/PDPTW-SE/benchmark_multi_island_v5/official_experiments/multistartlp/official/set_01_pt_01/logs/heur_mslp/solutions/08R_08V_02I_04M/lr104_sol_genconfig_mslp_seed_24.txt;Gurobi;AUTOMATIC;18.15;_bash_1;_seed_24;7872.7;1;0.42;/dados/rmelo/PDPTW-SE/benchmark_multi_island_v5/official_experiments/multistartlp/official/set_01_pt_01/logs/heur_mslp/timelines/08R_08V_02I_04M/lr104_timeline_genconfig_mslp_seed_24.txt;111.36;t1;0;558.37;false
0.05;0.0;0.15;0.15;0.0;0.05;4;/dados/rmelo/PDPTW-SE/benchmark_multi_island_v5/official_experiments/multistartlp/official/set_01_pt_01/logs/heur_mslp/outputs/csvresults_heur_mslp_bash_1.csv;0;3;1;18;0;0.0;0.5;true;10;2;lr105_t1_08R_08V_02I_03M;/dados/rmelo/PDPTW-SE/benchmark_multi_island_v5/official_experiments/multistartlp/official/set_01_pt_01/configs/genconfig_mslp.conf;genconfig_mslp;/dados/rmelo/PDPTW-SE/benchmark_multi_island_v5/official_experiments/multistartlp/official/set_01_pt_01/logs/heur_mslp/gurobi/08R_08V_02I_03M/lr105_grb_genconfig_mslp_seed_24.log;random;08R_08V_02I_03M;1;0;1;/dados/rmelo/PDPTW-SE/benchmark_multi_island_v5/official_experiments/multistartlp/official/set_01_pt_01/../../../../instances/orig_ams_fg/08R_08V_02I_04M/t1/lr105/;60000;15;0;851.1;17;9;H;50;95;0;100.0;30.0;true;0.95;100.0;1.0;1.0;1.0;1.0;60;M;60000;60000;false;52;0.81;83.11;0.88;26;10;1000000;-1;3600;18.42;0.61;0.53;mslp;heur;0.43;0.25;-1;3600;60000;I;8;0.67;0.5;lr105;0;/dados/rmelo/PDPTW-SE/benchmark_multi_island_v5/official_experiments/multistartlp/official/set_01_pt_01/logs;0;0;0;0.0;100.0;1;24;/dados/rmelo/PDPTW-SE/benchmark_multi_island_v5/official_experiments/multistartlp/official/set_01_pt_01/logs/heur_mslp/solutions/08R_08V_02I_03M/lr105_sol_genconfig_mslp_seed_24.txt;Gurobi;AUTOMATIC;18.07;_bash_1;_seed_24;11052.85;1;0.35;/dados/rmelo/PDPTW-SE/benchmark_multi_island_v5/official_experiments/multistartlp/official/set_01_pt_01/logs/heur_mslp/timelines/08R_08V_02I_03M/lr105_timeline_genconfig_mslp_seed_24.txt;100.99;t1;0;557.04;false
0.05;0.03;0.1;0.13;0.0;0.05;4;/dados/rmelo/PDPTW-SE/benchmark_multi_island_v5/official_experiments/multistartlp/official/set_01_pt_01/logs/heur_mslp/outputs/csvresults_heur_mslp_bash_1.csv;0;4;1;18;0;0.0;0.5;true;10;2;lr105_t1_08R_08V_02I_04M;/dados/rmelo/PDPTW-SE/benchmark_multi_island_v5/official_experiments/multistartlp/official/set_01_pt_01/configs/genconfig_mslp.conf;genconfig_mslp;/dados/rmelo/PDPTW-SE/benchmark_multi_island_v5/official_experiments/multistartlp/official/set_01_pt_01/logs/heur_mslp/gurobi/08R_08V_02I_04M/lr105_grb_genconfig_mslp_seed_24.log;random;08R_08V_02I_04M;1;0;1;/dados/rmelo/PDPTW-SE/benchmark_multi_island_v5/official_experiments/multistartlp/official/set_01_pt_01/../../../../instances/orig_ams_fg/08R_08V_02I_04M/t1/lr105/;60000;15;0;851.1;17;9;H;50;95;0;100.0;30.0;true;0.95;100.0;1.0;1.0;1.0;1.0;60;M;60000;60000;false;52;0.81;83.11;0.88;26;10;1000000;-1;3600;18.44;0.6;0.53;mslp;heur;0.43;0.25;-1;3600;60000;I;8;0.75;0.5;lr105;0;/dados/rmelo/PDPTW-SE/benchmark_multi_island_v5/official_experiments/multistartlp/official/set_01_pt_01/logs;0;0;0;0.0;100.0;1;24;/dados/rmelo/PDPTW-SE/benchmark_multi_island_v5/official_experiments/multistartlp/official/set_01_pt_01/logs/heur_mslp/solutions/08R_08V_02I_04M/lr105_sol_genconfig_mslp_seed_24.txt;Gurobi;AUTOMATIC;18.12;_bash_1;_seed_24;11064.47;1;0.34;/dados/rmelo/PDPTW-SE/benchmark_multi_island_v5/official_experiments/multistartlp/official/set_01_pt_01/logs/heur_mslp/timelines/08R_08V_02I_04M/lr105_timeline_genconfig_mslp_seed_24.txt;103.8;t1;0;556.3;false
0.05;0.0;0.07;0.07;0.0;0.2;9;/dados/rmelo/PDPTW-SE/benchmark_multi_island_v5/official_experiments/multistartlp/official/set_01_pt_01/logs/heur_mslp/outputs/csvresults_heur_mslp_bash_1.csv;0;3;1;18;0;0.0;0.5;true;10;2;lr201_t2_08R_08V_02I_03M;/dados/rmelo/PDPTW-SE/benchmark_multi_island_v5/official_experiments/multistartlp/official/set_01_pt_01/configs/genconfig_mslp.conf;genconfig_mslp;/dados/rmelo/PDPTW-SE/benchmark_multi_island_v5/official_experiments/multistartlp/official/set_01_pt_01/logs/heur_mslp/gurobi/08R_08V_02I_03M/lr201_grb_genconfig_mslp_seed_24.log;random;08R_08V_02I_03M;1;0;1;/dados/rmelo/PDPTW-SE/benchmark_multi_island_v5/official_experiments/multistartlp/official/set_01_pt_01/../../../../instances/orig_ams_fg/08R_08V_02I_04M/t2/lr201/;60000;154;0;1691.68;17;9;H;50;95;0;100.0;30.0;true;0.95;100.0;1.0;1.0;1.0;1.0;60;M;60000;60000;false;52;0.66;87.48;0.87;26;10;1000000;-1;3600;26.93;0.47;0.85;mslp;heur;0.29;0.83;-1;3600;60000;I;8;0.33;0.25;lr201;0;/dados/rmelo/PDPTW-SE/benchmark_multi_island_v5/official_experiments/multistartlp/official/set_01_pt_01/logs;0;0;0;0.0;100.0;1;24;/dados/rmelo/PDPTW-SE/benchmark_multi_island_v5/official_experiments/multistartlp/official/set_01_pt_01/logs/heur_mslp/solutions/08R_08V_02I_03M/lr201_sol_genconfig_mslp_seed_24.txt;Gurobi;AUTOMATIC;18.06;_bash_1;_seed_24;16155.98;1;0.59;/dados/rmelo/PDPTW-SE/benchmark_multi_island_v5/official_experiments/multistartlp/official/set_01_pt_01/logs/heur_mslp/timelines/08R_08V_02I_03M/lr201_timeline_genconfig_mslp_seed_24.txt;103.91;t2;0;948.1;false
0.05;0.0;0.07;0.07;0.0;0.21;9;/dados/rmelo/PDPTW-SE/benchmark_multi_island_v5/official_experiments/multistartlp/official/set_01_pt_01/logs/heur_mslp/outputs/csvresults_heur_mslp_bash_1.csv;0;4;1;18;0;0.0;0.5;true;10;2;lr201_t2_08R_08V_02I_04M;/dados/rmelo/PDPTW-SE/benchmark_multi_island_v5/official_experiments/multistartlp/official/set_01_pt_01/configs/genconfig_mslp.conf;genconfig_mslp;/dados/rmelo/PDPTW-SE/benchmark_multi_island_v5/official_experiments/multistartlp/official/set_01_pt_01/logs/heur_mslp/gurobi/08R_08V_02I_04M/lr201_grb_genconfig_mslp_seed_24.log;random;08R_08V_02I_04M;1;0;1;/dados/rmelo/PDPTW-SE/benchmark_multi_island_v5/official_experiments/multistartlp/official/set_01_pt_01/../../../../instances/orig_ams_fg/08R_08V_02I_04M/t2/lr201/;60000;154;0;1690.48;17;9;H;50;95;0;100.0;30.0;true;0.95;100.0;1.0;1.0;1.0;1.0;60;M;60000;60000;false;52;0.66;86.34;0.87;26;10;1000000;-1;3600;26.88;0.47;0.85;mslp;heur;0.29;0.83;-1;3600;60000;I;8;0.25;0.25;lr201;0;/dados/rmelo/PDPTW-SE/benchmark_multi_island_v5/official_experiments/multistartlp/official/set_01_pt_01/logs;0;0;0;0.0;100.0;1;24;/dados/rmelo/PDPTW-SE/benchmark_multi_island_v5/official_experiments/multistartlp/official/set_01_pt_01/logs/heur_mslp/solutions/08R_08V_02I_04M/lr201_sol_genconfig_mslp_seed_24.txt;Gurobi;AUTOMATIC;18.23;_bash_1;_seed_24;16125.96;1;0.59;/dados/rmelo/PDPTW-SE/benchmark_multi_island_v5/official_experiments/multistartlp/official/set_01_pt_01/logs/heur_mslp/timelines/08R_08V_02I_04M/lr201_timeline_genconfig_mslp_seed_24.txt;105.43;t2;0;944.72;false
0.05;0.01;0.03;0.04;0.0;0.01;11;/dados/rmelo/PDPTW-SE/benchmark_multi_island_v5/official_experiments/multistartlp/official/set_01_pt_01/logs/heur_mslp/outputs/csvresults_heur_mslp_bash_1.csv;0;3;1;18;0;0.0;0.5;true;10;2;lr202_t2_08R_08V_02I_03M;/dados/rmelo/PDPTW-SE/benchmark_multi_island_v5/official_experiments/multistartlp/official/set_01_pt_01/configs/genconfig_mslp.conf;genconfig_mslp;/dados/rmelo/PDPTW-SE/benchmark_multi_island_v5/official_experiments/multistartlp/official/set_01_pt_01/logs/heur_mslp/gurobi/08R_08V_02I_03M/lr202_grb_genconfig_mslp_seed_24.log;random;08R_08V_02I_03M;1;0;1;/dados/rmelo/PDPTW-SE/benchmark_multi_island_v5/official_experiments/multistartlp/official/set_01_pt_01/../../../../instances/orig_ams_fg/08R_08V_02I_04M/t2/lr202/;60000;48607;0;1361.51;17;9;H;50;95;0;100.0;30.0;true;0.95;100.0;1.0;1.0;1.0;1.0;60;M;60000;60000;false;46;0.41;71.28;0.78;23;10;1000000;-1;3600;34.73;0.35;0.61;mslp;heur;0.28;0.43;-1;3600;60000;I;8;0.67;0.25;lr202;0;/dados/rmelo/PDPTW-SE/benchmark_multi_island_v5/official_experiments/multistartlp/official/set_01_pt_01/logs;0;0;0;0.0;100.0;1;24;/dados/rmelo/PDPTW-SE/benchmark_multi_island_v5/official_experiments/multistartlp/official/set_01_pt_01/logs/heur_mslp/solutions/08R_08V_02I_03M/lr202_sol_genconfig_mslp_seed_24.txt;Gurobi;AUTOMATIC;17.88;_bash_1;_seed_24;20840.0;1;105.23;/dados/rmelo/PDPTW-SE/benchmark_multi_island_v5/official_experiments/multistartlp/official/set_01_pt_01/logs/heur_mslp/timelines/08R_08V_02I_03M/lr202_timeline_genconfig_mslp_seed_24.txt;129.63;t2;0;694.1;false
0.05;0.01;0.03;0.04;0.0;0.01;11;/dados/rmelo/PDPTW-SE/benchmark_multi_island_v5/official_experiments/multistartlp/official/set_01_pt_01/logs/heur_mslp/outputs/csvresults_heur_mslp_bash_1.csv;0;4;1;18;0;0.0;0.5;true;10;2;lr202_t2_08R_08V_02I_04M;/dados/rmelo/PDPTW-SE/benchmark_multi_island_v5/official_experiments/multistartlp/official/set_01_pt_01/configs/genconfig_mslp.conf;genconfig_mslp;/dados/rmelo/PDPTW-SE/benchmark_multi_island_v5/official_experiments/multistartlp/official/set_01_pt_01/logs/heur_mslp/gurobi/08R_08V_02I_04M/lr202_grb_genconfig_mslp_seed_24.log;random;08R_08V_02I_04M;1;0;1;/dados/rmelo/PDPTW-SE/benchmark_multi_island_v5/official_experiments/multistartlp/official/set_01_pt_01/../../../../instances/orig_ams_fg/08R_08V_02I_04M/t2/lr202/;60000;48607;0;1361.51;17;9;H;50;95;0;100.0;30.0;true;0.95;100.0;1.0;1.0;1.0;1.0;60;M;60000;60000;false;46;0.41;71.28;0.78;23;10;1000000;-1;3600;34.75;0.35;0.61;mslp;heur;0.28;0.43;-1;3600;60000;I;8;0.5;0.25;lr202;0;/dados/rmelo/PDPTW-SE/benchmark_multi_island_v5/official_experiments/multistartlp/official/set_01_pt_01/logs;0;0;0;0.0;100.0;1;24;/dados/rmelo/PDPTW-SE/benchmark_multi_island_v5/official_experiments/multistartlp/official/set_01_pt_01/logs/heur_mslp/solutions/08R_08V_02I_04M/lr202_sol_genconfig_mslp_seed_24.txt;Gurobi;AUTOMATIC;18.38;_bash_1;_seed_24;20847.56;1;109.61;/dados/rmelo/PDPTW-SE/benchmark_multi_island_v5/official_experiments/multistartlp/official/set_01_pt_01/logs/heur_mslp/timelines/08R_08V_02I_04M/lr202_timeline_genconfig_mslp_seed_24.txt;135.28;t2;0;694.1;false
0.05;0.0;0.01;0.02;0.0;0.0;12;/dados/rmelo/PDPTW-SE/benchmark_multi_island_v5/official_experiments/multistartlp/official/set_01_pt_01/logs/heur_mslp/outputs/csvresults_heur_mslp_bash_1.csv;0;3;1;18;0;0.0;0.5;true;10;2;lr203_t2_08R_08V_02I_03M;/dados/rmelo/PDPTW-SE/benchmark_multi_island_v5/official_experiments/multistartlp/official/set_01_pt_01/configs/genconfig_mslp.conf;genconfig_mslp;/dados/rmelo/PDPTW-SE/benchmark_multi_island_v5/official_experiments/multistartlp/official/set_01_pt_01/logs/heur_mslp/gurobi/08R_08V_02I_03M/lr203_grb_genconfig_mslp_seed_24.log;random;08R_08V_02I_03M;1;0;1;/dados/rmelo/PDPTW-SE/benchmark_multi_island_v5/official_experiments/multistartlp/official/set_01_pt_01/../../../../instances/orig_ams_fg/08R_08V_02I_04M/t2/lr203/;60000;139;0;1529.23;17;9;H;50;95;0;100.0;30.0;true;0.95;100.0;1.0;1.0;1.0;1.0;60;M;60000;60000;false;34;0.69;102.9;1.0;17;10;1000000;-1;3600;23.97;0.69;1.0;mslp;heur;0.69;1.0;-1;3600;60000;I;8;1.0;0.12;lr203;0;/dados/rmelo/PDPTW-SE/benchmark_multi_island_v5/official_experiments/multistartlp/official/set_01_pt_01/logs;0;0;0;0.0;100.0;1;24;/dados/rmelo/PDPTW-SE/benchmark_multi_island_v5/official_experiments/multistartlp/official/set_01_pt_01/logs/heur_mslp/solutions/08R_08V_02I_03M/lr203_sol_genconfig_mslp_seed_24.txt;Gurobi;AUTOMATIC;18.31;_bash_1;_seed_24;14382.52;1;0.6;/dados/rmelo/PDPTW-SE/benchmark_multi_island_v5/official_experiments/multistartlp/official/set_01_pt_01/logs/heur_mslp/timelines/08R_08V_02I_03M/lr203_timeline_genconfig_mslp_seed_24.txt;130.69;t2;0;685.02;false
0.05;0.0;0.02;0.02;0.0;0.0;12;/dados/rmelo/PDPTW-SE/benchmark_multi_island_v5/official_experiments/multistartlp/official/set_01_pt_01/logs/heur_mslp/outputs/csvresults_heur_mslp_bash_1.csv;0;4;1;18;0;0.0;0.5;true;10;2;lr203_t2_08R_08V_02I_04M;/dados/rmelo/PDPTW-SE/benchmark_multi_island_v5/official_experiments/multistartlp/official/set_01_pt_01/configs/genconfig_mslp.conf;genconfig_mslp;/dados/rmelo/PDPTW-SE/benchmark_multi_island_v5/official_experiments/multistartlp/official/set_01_pt_01/logs/heur_mslp/gurobi/08R_08V_02I_04M/lr203_grb_genconfig_mslp_seed_24.log;random;08R_08V_02I_04M;1;0;1;/dados/rmelo/PDPTW-SE/benchmark_multi_island_v5/official_experiments/multistartlp/official/set_01_pt_01/../../../../instances/orig_ams_fg/08R_08V_02I_04M/t2/lr203/;60000;139;0;1529.19;17;9;H;50;95;0;100.0;30.0;true;0.95;100.0;1.0;1.0;1.0;1.0;60;M;60000;60000;false;34;0.68;102.9;1.0;17;10;1000000;-1;3600;24.29;0.68;1.0;mslp;heur;0.68;1.0;-1;3600;60000;I;8;0.75;0.12;lr203;0;/dados/rmelo/PDPTW-SE/benchmark_multi_island_v5/official_experiments/multistartlp/official/set_01_pt_01/logs;0;0;0;0.0;100.0;1;24;/dados/rmelo/PDPTW-SE/benchmark_multi_island_v5/official_experiments/multistartlp/official/set_01_pt_01/logs/heur_mslp/solutions/08R_08V_02I_04M/lr203_sol_genconfig_mslp_seed_24.txt;Gurobi;AUTOMATIC;18.3;_bash_1;_seed_24;14574.35;1;0.61;/dados/rmelo/PDPTW-SE/benchmark_multi_island_v5/official_experiments/multistartlp/official/set_01_pt_01/logs/heur_mslp/timelines/08R_08V_02I_04M/lr203_timeline_genconfig_mslp_seed_24.txt;134.0;t2;0;684.26;false
0.05;0.0;0.02;0.02;0.0;0.0;11;/dados/rmelo/PDPTW-SE/benchmark_multi_island_v5/official_experiments/multistartlp/official/set_01_pt_01/logs/heur_mslp/outputs/csvresults_heur_mslp_bash_1.csv;0;3;1;18;0;0.0;0.5;true;10;2;lr204_t2_08R_08V_02I_03M;/dados/rmelo/PDPTW-SE/benchmark_multi_island_v5/official_experiments/multistartlp/official/set_01_pt_01/configs/genconfig_mslp.conf;genconfig_mslp;/dados/rmelo/PDPTW-SE/benchmark_multi_island_v5/official_experiments/multistartlp/official/set_01_pt_01/logs/heur_mslp/gurobi/08R_08V_02I_03M/lr204_grb_genconfig_mslp_seed_24.log;random;08R_08V_02I_03M;1;0;1;/dados/rmelo/PDPTW-SE/benchmark_multi_island_v5/official_experiments/multistartlp/official/set_01_pt_01/../../../../instances/orig_ams_fg/08R_08V_02I_04M/t2/lr204/;60000;14319;0;918.39;17;9;H;50;95;0;100.0;30.0;true;0.95;100.0;1.0;1.0;1.0;1.0;60;M;58530;60000;false;38;0.51;129.13;0.96;19;10;1000000;-1;3600;13.1;0.34;0.67;mslp;heur;0.17;0.38;-1;3600;60000;I;8;0.33;0.25;lr204;0;/dados/rmelo/PDPTW-SE/benchmark_multi_island_v5/official_experiments/multistartlp/official/set_01_pt_01/logs;0;0;0;0.0;97.55;1;24;/dados/rmelo/PDPTW-SE/benchmark_multi_island_v5/official_experiments/multistartlp/official/set_01_pt_01/logs/heur_mslp/solutions/08R_08V_02I_03M/lr204_sol_genconfig_mslp_seed_24.txt;Gurobi;AUTOMATIC;18.36;_bash_1;_seed_24;7860.72;1;33.85;/dados/rmelo/PDPTW-SE/benchmark_multi_island_v5/official_experiments/multistartlp/official/set_01_pt_01/logs/heur_mslp/timelines/08R_08V_02I_03M/lr204_timeline_genconfig_mslp_seed_24.txt;140.46;t2;0;683.79;false
0.05;0.0;0.02;0.02;0.0;0.01;10;/dados/rmelo/PDPTW-SE/benchmark_multi_island_v5/official_experiments/multistartlp/official/set_01_pt_01/logs/heur_mslp/outputs/csvresults_heur_mslp_bash_1.csv;0;4;1;18;0;0.0;0.5;true;10;2;lr204_t2_08R_08V_02I_04M;/dados/rmelo/PDPTW-SE/benchmark_multi_island_v5/official_experiments/multistartlp/official/set_01_pt_01/configs/genconfig_mslp.conf;genconfig_mslp;/dados/rmelo/PDPTW-SE/benchmark_multi_island_v5/official_experiments/multistartlp/official/set_01_pt_01/logs/heur_mslp/gurobi/08R_08V_02I_04M/lr204_grb_genconfig_mslp_seed_24.log;random;08R_08V_02I_04M;1;0;1;/dados/rmelo/PDPTW-SE/benchmark_multi_island_v5/official_experiments/multistartlp/official/set_01_pt_01/../../../../instances/orig_ams_fg/08R_08V_02I_04M/t2/lr204/;60000;184;0;915.57;17;9;H;50;95;0;100.0;30.0;true;0.95;100.0;1.0;1.0;1.0;1.0;60;M;58816;60000;false;38;0.54;126.01;0.97;19;10;1000000;-1;3600;13.19;0.34;0.66;mslp;heur;0.14;0.35;-1;3600;60000;I;8;0.75;0.25;lr204;0;/dados/rmelo/PDPTW-SE/benchmark_multi_island_v5/official_experiments/multistartlp/official/set_01_pt_01/logs;0;0;0;0.0;98.03;1;24;/dados/rmelo/PDPTW-SE/benchmark_multi_island_v5/official_experiments/multistartlp/official/set_01_pt_01/logs/heur_mslp/solutions/08R_08V_02I_04M/lr204_sol_genconfig_mslp_seed_24.txt;Gurobi;AUTOMATIC;17.98;_bash_1;_seed_24;7914.72;1;0.74;/dados/rmelo/PDPTW-SE/benchmark_multi_island_v5/official_experiments/multistartlp/official/set_01_pt_01/logs/heur_mslp/timelines/08R_08V_02I_04M/lr204_timeline_genconfig_mslp_seed_24.txt;147.42;t2;0;682.02;false
0.05;0.01;0.02;0.03;0.0;0.0;10;/dados/rmelo/PDPTW-SE/benchmark_multi_island_v5/official_experiments/multistartlp/official/set_01_pt_01/logs/heur_mslp/outputs/csvresults_heur_mslp_bash_1.csv;0;3;1;18;0;0.0;0.5;true;10;2;lr205_t2_08R_08V_02I_03M;/dados/rmelo/PDPTW-SE/benchmark_multi_island_v5/official_experiments/multistartlp/official/set_01_pt_01/configs/genconfig_mslp.conf;genconfig_mslp;/dados/rmelo/PDPTW-SE/benchmark_multi_island_v5/official_experiments/multistartlp/official/set_01_pt_01/logs/heur_mslp/gurobi/08R_08V_02I_03M/lr205_grb_genconfig_mslp_seed_24.log;random;08R_08V_02I_03M;1;0;1;/dados/rmelo/PDPTW-SE/benchmark_multi_island_v5/official_experiments/multistartlp/official/set_01_pt_01/../../../../instances/orig_ams_fg/08R_08V_02I_04M/t2/lr205/;60000;6989;0;1357.6;17;9;H;50;95;0;100.0;30.0;true;0.95;100.0;1.0;1.0;1.0;1.0;60;M;60000;60000;false;52;0.52;83.33;0.88;26;10;1000000;-1;3600;28.06;0.33;0.87;mslp;heur;0.13;0.85;-1;3600;60000;I;8;0.67;0.25;lr205;0;/dados/rmelo/PDPTW-SE/benchmark_multi_island_v5/official_experiments/multistartlp/official/set_01_pt_01/logs;0;0;0;0.0;100.0;1;24;/dados/rmelo/PDPTW-SE/benchmark_multi_island_v5/official_experiments/multistartlp/official/set_01_pt_01/logs/heur_mslp/solutions/08R_08V_02I_03M/lr205_sol_genconfig_mslp_seed_24.txt;Gurobi;AUTOMATIC;18.24;_bash_1;_seed_24;16834.77;1;14.97;/dados/rmelo/PDPTW-SE/benchmark_multi_island_v5/official_experiments/multistartlp/official/set_01_pt_01/logs/heur_mslp/timelines/08R_08V_02I_03M/lr205_timeline_genconfig_mslp_seed_24.txt;126.49;t2;0;650.25;false
0.05;0.0;0.02;0.02;0.0;0.0;11;/dados/rmelo/PDPTW-SE/benchmark_multi_island_v5/official_experiments/multistartlp/official/set_01_pt_01/logs/heur_mslp/outputs/csvresults_heur_mslp_bash_1.csv;0;4;1;18;0;0.0;0.5;true;10;2;lr205_t2_08R_08V_02I_04M;/dados/rmelo/PDPTW-SE/benchmark_multi_island_v5/official_experiments/multistartlp/official/set_01_pt_01/configs/genconfig_mslp.conf;genconfig_mslp;/dados/rmelo/PDPTW-SE/benchmark_multi_island_v5/official_experiments/multistartlp/official/set_01_pt_01/logs/heur_mslp/gurobi/08R_08V_02I_04M/lr205_grb_genconfig_mslp_seed_24.log;random;08R_08V_02I_04M;1;0;1;/dados/rmelo/PDPTW-SE/benchmark_multi_island_v5/official_experiments/multistartlp/official/set_01_pt_01/../../../../instances/orig_ams_fg/08R_08V_02I_04M/t2/lr205/;60000;28089;0;1137.8;17;9;H;50;95;0;100.0;30.0;true;0.95;100.0;1.0;1.0;1.0;1.0;60;M;60000;60000;false;52;0.51;76.69;0.95;26;10;1000000;-1;3600;27.36;0.32;0.92;mslp;heur;0.13;0.88;-1;3600;60000;I;8;0.5;0.25;lr205;0;/dados/rmelo/PDPTW-SE/benchmark_multi_island_v5/official_experiments/multistartlp/official/set_01_pt_01/logs;0;0;0;0.0;100.0;1;24;/dados/rmelo/PDPTW-SE/benchmark_multi_island_v5/official_experiments/multistartlp/official/set_01_pt_01/logs/heur_mslp/solutions/08R_08V_02I_04M/lr205_sol_genconfig_mslp_seed_24.txt;Gurobi;AUTOMATIC;18.24;_bash_1;_seed_24;16417.38;1;61.46;/dados/rmelo/PDPTW-SE/benchmark_multi_island_v5/official_experiments/multistartlp/official/set_01_pt_01/logs/heur_mslp/timelines/08R_08V_02I_04M/lr205_timeline_genconfig_mslp_seed_24.txt;131.84;t2;0;639.29;false
0.05;0.19;0.36;0.55;0.01;0.17;4;/dados/rmelo/PDPTW-SE/benchmark_multi_island_v5/official_experiments/multistartlp/official/set_01_pt_01/logs/heur_mslp/outputs/csvresults_heur_mslp_bash_1.csv;0;3;1;18;0;0.0;0.5;true;10;2;lr101_t1_08R_08V_04I_03M;/dados/rmelo/PDPTW-SE/benchmark_multi_island_v5/official_experiments/multistartlp/official/set_01_pt_01/configs/genconfig_mslp.conf;genconfig_mslp;/dados/rmelo/PDPTW-SE/benchmark_multi_island_v5/official_experiments/multistartlp/official/set_01_pt_01/logs/heur_mslp/gurobi/08R_08V_04I_03M/lr101_grb_genconfig_mslp_seed_24.log;random;08R_08V_04I_03M;1;59738;1;/dados/rmelo/PDPTW-SE/benchmark_multi_island_v5/official_experiments/multistartlp/official/set_01_pt_01/../../../../instances/orig_ams_fg/08R_08V_04I_04M/t1/lr101/;60000;2483;0;1388.08;17;9;H;50;95;0;100.0;30.0;true;0.95;100.0;1.0;1.0;1.0;1.0;60;M;262;262;false;52;0.9;86.6;0.87;26;10;1000000;-1;3600;16.66;0.7;0.38;mslp;heur;0.48;0.16;-1;3600;60000;I;8;1.0;0.88;lr101;0;/dados/rmelo/PDPTW-SE/benchmark_multi_island_v5/official_experiments/multistartlp/official/set_01_pt_01/logs;0;0;0;99.56;100.0;1;24;/dados/rmelo/PDPTW-SE/benchmark_multi_island_v5/official_experiments/multistartlp/official/set_01_pt_01/logs/heur_mslp/solutions/08R_08V_04I_03M/lr101_sol_genconfig_mslp_seed_24.txt;Gurobi;AUTOMATIC;18.05;_bash_1;_seed_24;43.64;1;0.63;/dados/rmelo/PDPTW-SE/benchmark_multi_island_v5/official_experiments/multistartlp/official/set_01_pt_01/logs/heur_mslp/timelines/08R_08V_04I_03M/lr101_timeline_genconfig_mslp_seed_24.txt;7.48;t1;0;1155.57;false
0.05;0.16;0.26;0.42;0.02;0.16;6;/dados/rmelo/PDPTW-SE/benchmark_multi_island_v5/official_experiments/multistartlp/official/set_01_pt_01/logs/heur_mslp/outputs/csvresults_heur_mslp_bash_1.csv;0;4;1;18;0;0.0;0.5;true;10;2;lr101_t1_08R_08V_04I_04M;/dados/rmelo/PDPTW-SE/benchmark_multi_island_v5/official_experiments/multistartlp/official/set_01_pt_01/configs/genconfig_mslp.conf;genconfig_mslp;/dados/rmelo/PDPTW-SE/benchmark_multi_island_v5/official_experiments/multistartlp/official/set_01_pt_01/logs/heur_mslp/gurobi/08R_08V_04I_04M/lr101_grb_genconfig_mslp_seed_24.log;random;08R_08V_04I_04M;1;41720;1;/dados/rmelo/PDPTW-SE/benchmark_multi_island_v5/official_experiments/multistartlp/official/set_01_pt_01/../../../../instances/orig_ams_fg/08R_08V_04I_04M/t1/lr101/;60000;7570;0;1354.75;17;9;H;50;95;0;100.0;30.0;true;0.95;100.0;1.0;1.0;1.0;1.0;60;M;18280;18280;false;52;0.85;86.6;0.87;26;10;1000000;-1;3600;19.6;0.65;0.37;mslp;heur;0.48;0.17;-1;3600;60000;I;8;1.0;0.88;lr101;0;/dados/rmelo/PDPTW-SE/benchmark_multi_island_v5/official_experiments/multistartlp/official/set_01_pt_01/logs;0;0;0;69.53;100.0;1;24;/dados/rmelo/PDPTW-SE/benchmark_multi_island_v5/official_experiments/multistartlp/official/set_01_pt_01/logs/heur_mslp/solutions/08R_08V_04I_04M/lr101_sol_genconfig_mslp_seed_24.txt;Gurobi;AUTOMATIC;18.03;_bash_1;_seed_24;3583.03;1;6.11;/dados/rmelo/PDPTW-SE/benchmark_multi_island_v5/official_experiments/multistartlp/official/set_01_pt_01/logs/heur_mslp/timelines/08R_08V_04I_04M/lr101_timeline_genconfig_mslp_seed_24.txt;45.44;t1;0;1067.57;false
0.05;0.13;0.24;0.37;0.02;0.02;7;/dados/rmelo/PDPTW-SE/benchmark_multi_island_v5/official_experiments/multistartlp/official/set_01_pt_01/logs/heur_mslp/outputs/csvresults_heur_mslp_bash_1.csv;0;3;1;18;0;0.0;0.5;true;10;2;lr102_t1_08R_08V_04I_03M;/dados/rmelo/PDPTW-SE/benchmark_multi_island_v5/official_experiments/multistartlp/official/set_01_pt_01/configs/genconfig_mslp.conf;genconfig_mslp;/dados/rmelo/PDPTW-SE/benchmark_multi_island_v5/official_experiments/multistartlp/official/set_01_pt_01/logs/heur_mslp/gurobi/08R_08V_04I_03M/lr102_grb_genconfig_mslp_seed_24.log;random;08R_08V_04I_03M;1;30821;1;/dados/rmelo/PDPTW-SE/benchmark_multi_island_v5/official_experiments/multistartlp/official/set_01_pt_01/../../../../instances/orig_ams_fg/08R_08V_04I_04M/t1/lr102/;60000;2740;0;979.53;17;9;H;50;95;0;100.0;30.0;true;0.95;100.0;1.0;1.0;1.0;1.0;60;M;29179;29179;false;58;0.98;75.27;0.68;29;10;1000000;-1;3600;14.59;0.67;0.4;mslp;heur;0.35;0.1;-1;3600;60000;I;8;1.0;0.62;lr102;0;/dados/rmelo/PDPTW-SE/benchmark_multi_island_v5/official_experiments/multistartlp/official/set_01_pt_01/logs;0;0;0;51.37;100.0;1;24;/dados/rmelo/PDPTW-SE/benchmark_multi_island_v5/official_experiments/multistartlp/official/set_01_pt_01/logs/heur_mslp/solutions/08R_08V_04I_03M/lr102_sol_genconfig_mslp_seed_24.txt;Gurobi;AUTOMATIC;17.91;_bash_1;_seed_24;4257.38;1;3.07;/dados/rmelo/PDPTW-SE/benchmark_multi_island_v5/official_experiments/multistartlp/official/set_01_pt_01/logs/heur_mslp/timelines/08R_08V_04I_03M/lr102_timeline_genconfig_mslp_seed_24.txt;62.03;t1;0;772.63;false
0.05;0.1;0.18;0.28;0.02;0.02;7;/dados/rmelo/PDPTW-SE/benchmark_multi_island_v5/official_experiments/multistartlp/official/set_01_pt_01/logs/heur_mslp/outputs/csvresults_heur_mslp_bash_1.csv;0;4;1;18;0;0.0;0.5;true;10;2;lr102_t1_08R_08V_04I_04M;/dados/rmelo/PDPTW-SE/benchmark_multi_island_v5/official_experiments/multistartlp/official/set_01_pt_01/configs/genconfig_mslp.conf;genconfig_mslp;/dados/rmelo/PDPTW-SE/benchmark_multi_island_v5/official_experiments/multistartlp/official/set_01_pt_01/logs/heur_mslp/gurobi/08R_08V_04I_04M/lr102_grb_genconfig_mslp_seed_24.log;random;08R_08V_04I_04M;1;30465;1;/dados/rmelo/PDPTW-SE/benchmark_multi_island_v5/official_experiments/multistartlp/official/set_01_pt_01/../../../../instances/orig_ams_fg/08R_08V_04I_04M/t1/lr102/;60000;933;0;978.15;17;9;H;50;95;0;100.0;30.0;true;0.95;100.0;1.0;1.0;1.0;1.0;60;M;29535;29535;false;58;0.98;75.27;0.68;29;10;1000000;-1;3600;14.34;0.67;0.42;mslp;heur;0.35;0.09;-1;3600;60000;I;8;1.0;0.62;lr102;0;/dados/rmelo/PDPTW-SE/benchmark_multi_island_v5/official_experiments/multistartlp/official/set_01_pt_01/logs;0;0;0;50.78;100.0;1;24;/dados/rmelo/PDPTW-SE/benchmark_multi_island_v5/official_experiments/multistartlp/official/set_01_pt_01/logs/heur_mslp/solutions/08R_08V_04I_04M/lr102_sol_genconfig_mslp_seed_24.txt;Gurobi;AUTOMATIC;18.2;_bash_1;_seed_24;4236.17;1;1.33;/dados/rmelo/PDPTW-SE/benchmark_multi_island_v5/official_experiments/multistartlp/official/set_01_pt_01/logs/heur_mslp/timelines/08R_08V_04I_04M/lr102_timeline_genconfig_mslp_seed_24.txt;64.88;t1;0;773.21;false
0.05;0.08;0.18;0.26;0.0;0.0;6;/dados/rmelo/PDPTW-SE/benchmark_multi_island_v5/official_experiments/multistartlp/official/set_01_pt_01/logs/heur_mslp/outputs/csvresults_heur_mslp_bash_1.csv;0;3;1;18;0;0.0;0.5;true;10;2;lr103_t1_08R_08V_04I_03M;/dados/rmelo/PDPTW-SE/benchmark_multi_island_v5/official_experiments/multistartlp/official/set_01_pt_01/configs/genconfig_mslp.conf;genconfig_mslp;/dados/rmelo/PDPTW-SE/benchmark_multi_island_v5/official_experiments/multistartlp/official/set_01_pt_01/logs/heur_mslp/gurobi/08R_08V_04I_03M/lr103_grb_genconfig_mslp_seed_24.log;random;08R_08V_04I_03M;1;11912;1;/dados/rmelo/PDPTW-SE/benchmark_multi_island_v5/official_experiments/multistartlp/official/set_01_pt_01/../../../../instances/orig_ams_fg/08R_08V_04I_04M/t1/lr103/;60000;982;0;793.27;17;9;H;50;95;0;100.0;30.0;true;0.95;100.0;1.0;1.0;1.0;1.0;60;M;48088;48088;false;38;0.97;71.59;1.0;19;10;1000000;-1;3600;11.5;0.82;0.77;mslp;heur;0.55;0.62;-1;3600;60000;I;8;1.0;0.38;lr103;0;/dados/rmelo/PDPTW-SE/benchmark_multi_island_v5/official_experiments/multistartlp/official/set_01_pt_01/logs;0;0;0;19.85;100.0;1;24;/dados/rmelo/PDPTW-SE/benchmark_multi_island_v5/official_experiments/multistartlp/official/set_01_pt_01/logs/heur_mslp/solutions/08R_08V_04I_03M/lr103_sol_genconfig_mslp_seed_24.txt;Gurobi;AUTOMATIC;18.26;_bash_1;_seed_24;5530.32;1;2.12;/dados/rmelo/PDPTW-SE/benchmark_multi_island_v5/official_experiments/multistartlp/official/set_01_pt_01/logs/heur_mslp/timelines/08R_08V_04I_03M/lr103_timeline_genconfig_mslp_seed_24.txt;109.26;t1;0;563.98;false
0.05;0.08;0.18;0.26;0.0;0.0;5;/dados/rmelo/PDPTW-SE/benchmark_multi_island_v5/official_experiments/multistartlp/official/set_01_pt_01/logs/heur_mslp/outputs/csvresults_heur_mslp_bash_1.csv;0;4;1;18;0;0.0;0.5;true;10;2;lr103_t1_08R_08V_04I_04M;/dados/rmelo/PDPTW-SE/benchmark_multi_island_v5/official_experiments/multistartlp/official/set_01_pt_01/configs/genconfig_mslp.conf;genconfig_mslp;/dados/rmelo/PDPTW-SE/benchmark_multi_island_v5/official_experiments/multistartlp/official/set_01_pt_01/logs/heur_mslp/gurobi/08R_08V_04I_04M/lr103_grb_genconfig_mslp_seed_24.log;random;08R_08V_04I_04M;1;772;1;/dados/rmelo/PDPTW-SE/benchmark_multi_island_v5/official_experiments/multistartlp/official/set_01_pt_01/../../../../instances/orig_ams_fg/08R_08V_04I_04M/t1/lr103/;60000;441;0;748.33;17;9;H;50;95;0;100.0;30.0;true;0.95;100.0;1.0;1.0;1.0;1.0;60;M;59228;59228;false;38;0.97;70.03;0.85;19;10;1000000;-1;3600;10.58;0.82;0.72;mslp;heur;0.55;0.62;-1;3600;60000;I;8;0.75;0.38;lr103;0;/dados/rmelo/PDPTW-SE/benchmark_multi_island_v5/official_experiments/multistartlp/official/set_01_pt_01/logs;0;0;0;1.29;100.0;1;24;/dados/rmelo/PDPTW-SE/benchmark_multi_island_v5/official_experiments/multistartlp/official/set_01_pt_01/logs/heur_mslp/solutions/08R_08V_04I_04M/lr103_sol_genconfig_mslp_seed_24.txt;Gurobi;AUTOMATIC;18.11;_bash_1;_seed_24;6264.43;1;1.33;/dados/rmelo/PDPTW-SE/benchmark_multi_island_v5/official_experiments/multistartlp/official/set_01_pt_01/logs/heur_mslp/timelines/08R_08V_04I_04M/lr103_timeline_genconfig_mslp_seed_24.txt;132.03;t1;0;562.45;false
0.05;0.09;0.21;0.3;0.0;0.0;7;/dados/rmelo/PDPTW-SE/benchmark_multi_island_v5/official_experiments/multistartlp/official/set_01_pt_01/logs/heur_mslp/outputs/csvresults_heur_mslp_bash_1.csv;0;3;1;18;0;0.0;0.5;true;10;2;lr104_t1_08R_08V_04I_03M;/dados/rmelo/PDPTW-SE/benchmark_multi_island_v5/official_experiments/multistartlp/official/set_01_pt_01/configs/genconfig_mslp.conf;genconfig_mslp;/dados/rmelo/PDPTW-SE/benchmark_multi_island_v5/official_experiments/multistartlp/official/set_01_pt_01/logs/heur_mslp/gurobi/08R_08V_04I_03M/lr104_grb_genconfig_mslp_seed_24.log;random;08R_08V_04I_03M;1;11213;1;/dados/rmelo/PDPTW-SE/benchmark_multi_island_v5/official_experiments/multistartlp/official/set_01_pt_01/../../../../instances/orig_ams_fg/08R_08V_04I_04M/t1/lr104/;60000;342;0;889.94;17;9;H;50;95;0;100.0;30.0;true;0.95;100.0;1.0;1.0;1.0;1.0;60;M;48787;48787;false;40;0.92;77.35;0.73;20;10;1000000;-1;3600;16.23;0.56;0.5;mslp;heur;0.33;0.27;-1;3600;60000;I;8;1.0;0.62;lr104;0;/dados/rmelo/PDPTW-SE/benchmark_multi_island_v5/official_experiments/multistartlp/official/set_01_pt_01/logs;0;0;0;18.69;100.0;1;24;/dados/rmelo/PDPTW-SE/benchmark_multi_island_v5/official_experiments/multistartlp/official/set_01_pt_01/logs/heur_mslp/solutions/08R_08V_04I_03M/lr104_sol_genconfig_mslp_seed_24.txt;Gurobi;AUTOMATIC;18.08;_bash_1;_seed_24;7919.33;1;0.99;/dados/rmelo/PDPTW-SE/benchmark_multi_island_v5/official_experiments/multistartlp/official/set_01_pt_01/logs/heur_mslp/timelines/08R_08V_04I_03M/lr104_timeline_genconfig_mslp_seed_24.txt;111.15;t1;0;649.57;false
0.05;0.05;0.18;0.23;0.0;0.0;7;/dados/rmelo/PDPTW-SE/benchmark_multi_island_v5/official_experiments/multistartlp/official/set_01_pt_01/logs/heur_mslp/outputs/csvresults_heur_mslp_bash_1.csv;0;4;1;18;0;0.0;0.5;true;10;2;lr104_t1_08R_08V_04I_04M;/dados/rmelo/PDPTW-SE/benchmark_multi_island_v5/official_experiments/multistartlp/official/set_01_pt_01/configs/genconfig_mslp.conf;genconfig_mslp;/dados/rmelo/PDPTW-SE/benchmark_multi_island_v5/official_experiments/multistartlp/official/set_01_pt_01/logs/heur_mslp/gurobi/08R_08V_04I_04M/lr104_grb_genconfig_mslp_seed_24.log;random;08R_08V_04I_04M;1;2036;1;/dados/rmelo/PDPTW-SE/benchmark_multi_island_v5/official_experiments/multistartlp/official/set_01_pt_01/../../../../instances/orig_ams_fg/08R_08V_04I_04M/t1/lr104/;60000;496;0;761.03;17;9;H;50;95;0;100.0;30.0;true;0.95;100.0;1.0;1.0;1.0;1.0;60;M;57964;57964;false;40;0.82;77.35;0.77;20;10;1000000;-1;3600;10.61;0.56;0.53;mslp;heur;0.33;0.3;-1;3600;60000;I;8;1.0;0.62;lr104;0;/dados/rmelo/PDPTW-SE/benchmark_multi_island_v5/official_experiments/multistartlp/official/set_01_pt_01/logs;0;0;0;3.39;100.0;1;24;/dados/rmelo/PDPTW-SE/benchmark_multi_island_v5/official_experiments/multistartlp/official/set_01_pt_01/logs/heur_mslp/solutions/08R_08V_04I_04M/lr104_sol_genconfig_mslp_seed_24.txt;Gurobi;AUTOMATIC;17.97;_bash_1;_seed_24;6152.08;1;1.49;/dados/rmelo/PDPTW-SE/benchmark_multi_island_v5/official_experiments/multistartlp/official/set_01_pt_01/logs/heur_mslp/timelines/08R_08V_04I_04M/lr104_timeline_genconfig_mslp_seed_24.txt;133.65;t1;0;649.55;false
0.05;0.11;0.3;0.42;0.0;0.04;6;/dados/rmelo/PDPTW-SE/benchmark_multi_island_v5/official_experiments/multistartlp/official/set_01_pt_01/logs/heur_mslp/outputs/csvresults_heur_mslp_bash_1.csv;0;3;1;18;0;0.0;0.5;true;10;2;lr105_t1_08R_08V_04I_03M;/dados/rmelo/PDPTW-SE/benchmark_multi_island_v5/official_experiments/multistartlp/official/set_01_pt_01/configs/genconfig_mslp.conf;genconfig_mslp;/dados/rmelo/PDPTW-SE/benchmark_multi_island_v5/official_experiments/multistartlp/official/set_01_pt_01/logs/heur_mslp/gurobi/08R_08V_04I_03M/lr105_grb_genconfig_mslp_seed_24.log;random;08R_08V_04I_03M;1;51846;1;/dados/rmelo/PDPTW-SE/benchmark_multi_island_v5/official_experiments/multistartlp/official/set_01_pt_01/../../../../instances/orig_ams_fg/08R_08V_04I_04M/t1/lr105/;60000;517;0;953.73;17;9;H;50;95;0;100.0;30.0;true;0.95;100.0;1.0;1.0;1.0;1.0;60;M;8154;8154;false;52;0.8;83.91;0.6;26;10;1000000;-1;3600;14.37;0.61;0.45;mslp;heur;0.4;0.35;-1;3600;60000;I;8;1.0;0.62;lr105;0;/dados/rmelo/PDPTW-SE/benchmark_multi_island_v5/official_experiments/multistartlp/official/set_01_pt_01/logs;0;0;0;86.41;100.0;1;24;/dados/rmelo/PDPTW-SE/benchmark_multi_island_v5/official_experiments/multistartlp/official/set_01_pt_01/logs/heur_mslp/solutions/08R_08V_04I_03M/lr105_sol_genconfig_mslp_seed_24.txt;Gurobi;AUTOMATIC;18.24;_bash_1;_seed_24;1171.72;1;0.53;/dados/rmelo/PDPTW-SE/benchmark_multi_island_v5/official_experiments/multistartlp/official/set_01_pt_01/logs/heur_mslp/timelines/08R_08V_04I_03M/lr105_timeline_genconfig_mslp_seed_24.txt;26.84;t1;0;754.77;false
0.05;0.07;0.23;0.3;0.0;0.04;9;/dados/rmelo/PDPTW-SE/benchmark_multi_island_v5/official_experiments/multistartlp/official/set_01_pt_01/logs/heur_mslp/outputs/csvresults_heur_mslp_bash_1.csv;0;4;1;18;0;0.0;0.5;true;10;2;lr105_t1_08R_08V_04I_04M;/dados/rmelo/PDPTW-SE/benchmark_multi_island_v5/official_experiments/multistartlp/official/set_01_pt_01/configs/genconfig_mslp.conf;genconfig_mslp;/dados/rmelo/PDPTW-SE/benchmark_multi_island_v5/official_experiments/multistartlp/official/set_01_pt_01/logs/heur_mslp/gurobi/08R_08V_04I_04M/lr105_grb_genconfig_mslp_seed_24.log;random;08R_08V_04I_04M;1;9270;1;/dados/rmelo/PDPTW-SE/benchmark_multi_island_v5/official_experiments/multistartlp/official/set_01_pt_01/../../../../instances/orig_ams_fg/08R_08V_04I_04M/t1/lr105/;60000;3496;0;1122.84;17;9;H;50;95;0;100.0;30.0;true;0.95;100.0;1.0;1.0;1.0;1.0;60;M;50730;50730;false;52;0.79;83.91;0.76;26;10;1000000;-1;3600;13.56;0.61;0.52;mslp;heur;0.41;0.35;-1;3600;60000;I;8;1.0;0.62;lr105;0;/dados/rmelo/PDPTW-SE/benchmark_multi_island_v5/official_experiments/multistartlp/official/set_01_pt_01/logs;0;0;0;15.45;100.0;1;24;/dados/rmelo/PDPTW-SE/benchmark_multi_island_v5/official_experiments/multistartlp/official/set_01_pt_01/logs/heur_mslp/solutions/08R_08V_04I_04M/lr105_sol_genconfig_mslp_seed_24.txt;Gurobi;AUTOMATIC;18.34;_bash_1;_seed_24;6880.09;1;6.6;/dados/rmelo/PDPTW-SE/benchmark_multi_island_v5/official_experiments/multistartlp/official/set_01_pt_01/logs/heur_mslp/timelines/08R_08V_04I_04M/lr105_timeline_genconfig_mslp_seed_24.txt;106.82;t1;0;751.51;false
0.05;0.01;0.09;0.1;0.16;0.11;7;/dados/rmelo/PDPTW-SE/benchmark_multi_island_v5/official_experiments/multistartlp/official/set_01_pt_01/logs/heur_mslp/outputs/csvresults_heur_mslp_bash_1.csv;0;3;1;18;0;0.0;0.5;true;10;2;lr201_t2_08R_08V_04I_03M;/dados/rmelo/PDPTW-SE/benchmark_multi_island_v5/official_experiments/multistartlp/official/set_01_pt_01/configs/genconfig_mslp.conf;genconfig_mslp;/dados/rmelo/PDPTW-SE/benchmark_multi_island_v5/official_experiments/multistartlp/official/set_01_pt_01/logs/heur_mslp/gurobi/08R_08V_04I_03M/lr201_grb_genconfig_mslp_seed_24.log;random;08R_08V_04I_03M;1;0;1;/dados/rmelo/PDPTW-SE/benchmark_multi_island_v5/official_experiments/multistartlp/official/set_01_pt_01/../../../../instances/orig_ams_fg/08R_08V_04I_04M/t2/lr201/;60000;2401;0;2351.24;17;9;H;50;95;0;100.0;30.0;true;0.95;100.0;1.0;1.0;1.0;1.0;60;M;60000;60000;false;52;0.72;77.67;0.9;26;10;1000000;-1;3600;22.05;0.51;0.88;mslp;heur;0.3;0.87;-1;3600;60000;I;8;1.0;0.25;lr201;0;/dados/rmelo/PDPTW-SE/benchmark_multi_island_v5/official_experiments/multistartlp/official/set_01_pt_01/logs;0;0;0;0.0;100.0;1;24;/dados/rmelo/PDPTW-SE/benchmark_multi_island_v5/official_experiments/multistartlp/official/set_01_pt_01/logs/heur_mslp/solutions/08R_08V_04I_03M/lr201_sol_genconfig_mslp_seed_24.txt;Gurobi;AUTOMATIC;17.96;_bash_1;_seed_24;13230.69;1;5.34;/dados/rmelo/PDPTW-SE/benchmark_multi_island_v5/official_experiments/multistartlp/official/set_01_pt_01/logs/heur_mslp/timelines/08R_08V_04I_03M/lr201_timeline_genconfig_mslp_seed_24.txt;124.34;t2;0;1022.83;false
0.05;0.02;0.06;0.09;0.13;0.13;7;/dados/rmelo/PDPTW-SE/benchmark_multi_island_v5/official_experiments/multistartlp/official/set_01_pt_01/logs/heur_mslp/outputs/csvresults_heur_mslp_bash_1.csv;0;4;1;18;0;0.0;0.5;true;10;2;lr201_t2_08R_08V_04I_04M;/dados/rmelo/PDPTW-SE/benchmark_multi_island_v5/official_experiments/multistartlp/official/set_01_pt_01/configs/genconfig_mslp.conf;genconfig_mslp;/dados/rmelo/PDPTW-SE/benchmark_multi_island_v5/official_experiments/multistartlp/official/set_01_pt_01/logs/heur_mslp/gurobi/08R_08V_04I_04M/lr201_grb_genconfig_mslp_seed_24.log;random;08R_08V_04I_04M;1;0;1;/dados/rmelo/PDPTW-SE/benchmark_multi_island_v5/official_experiments/multistartlp/official/set_01_pt_01/../../../../instances/orig_ams_fg/08R_08V_04I_04M/t2/lr201/;60000;2401;0;2351.24;17;9;H;50;95;0;100.0;30.0;true;0.95;100.0;1.0;1.0;1.0;1.0;60;M;60000;60000;false;52;0.72;77.67;0.9;26;10;1000000;-1;3600;21.84;0.51;0.88;mslp;heur;0.3;0.87;-1;3600;60000;I;8;1.0;0.25;lr201;0;/dados/rmelo/PDPTW-SE/benchmark_multi_island_v5/official_experiments/multistartlp/official/set_01_pt_01/logs;0;0;0;0.0;100.0;1;24;/dados/rmelo/PDPTW-SE/benchmark_multi_island_v5/official_experiments/multistartlp/official/set_01_pt_01/logs/heur_mslp/solutions/08R_08V_04I_04M/lr201_sol_genconfig_mslp_seed_24.txt;Gurobi;AUTOMATIC;18.16;_bash_1;_seed_24;13103.55;1;5.47;/dados/rmelo/PDPTW-SE/benchmark_multi_island_v5/official_experiments/multistartlp/official/set_01_pt_01/logs/heur_mslp/timelines/08R_08V_04I_04M/lr201_timeline_genconfig_mslp_seed_24.txt;127.47;t2;0;1018.91;false
0.05;0.02;0.08;0.09;0.0;0.0;15;/dados/rmelo/PDPTW-SE/benchmark_multi_island_v5/official_experiments/multistartlp/official/set_01_pt_01/logs/heur_mslp/outputs/csvresults_heur_mslp_bash_1.csv;0;3;1;18;0;0.0;0.5;true;10;2;lr202_t2_08R_08V_04I_03M;/dados/rmelo/PDPTW-SE/benchmark_multi_island_v5/official_experiments/multistartlp/official/set_01_pt_01/configs/genconfig_mslp.conf;genconfig_mslp;/dados/rmelo/PDPTW-SE/benchmark_multi_island_v5/official_experiments/multistartlp/official/set_01_pt_01/logs/heur_mslp/gurobi/08R_08V_04I_03M/lr202_grb_genconfig_mslp_seed_24.log;random;08R_08V_04I_03M;1;0;1;/dados/rmelo/PDPTW-SE/benchmark_multi_island_v5/official_experiments/multistartlp/official/set_01_pt_01/../../../../instances/orig_ams_fg/08R_08V_04I_04M/t2/lr202/;60000;19387;0;1365.35;17;9;H;50;95;0;100.0;30.0;true;0.95;100.0;1.0;1.0;1.0;1.0;60;M;60000;60000;false;46;0.48;92.55;0.95;23;10;1000000;-1;3600;25.18;0.4;0.69;mslp;heur;0.31;0.43;-1;3600;60000;I;8;1.0;0.25;lr202;0;/dados/rmelo/PDPTW-SE/benchmark_multi_island_v5/official_experiments/multistartlp/official/set_01_pt_01/logs;0;0;0;0.0;100.0;1;24;/dados/rmelo/PDPTW-SE/benchmark_multi_island_v5/official_experiments/multistartlp/official/set_01_pt_01/logs/heur_mslp/solutions/08R_08V_04I_03M/lr202_sol_genconfig_mslp_seed_24.txt;Gurobi;AUTOMATIC;17.88;_bash_1;_seed_24;15109.97;1;51.15;/dados/rmelo/PDPTW-SE/benchmark_multi_island_v5/official_experiments/multistartlp/official/set_01_pt_01/logs/heur_mslp/timelines/08R_08V_04I_03M/lr202_timeline_genconfig_mslp_seed_24.txt;157.13;t2;0;796.84;false
0.05;0.04;0.05;0.09;0.0;0.0;13;/dados/rmelo/PDPTW-SE/benchmark_multi_island_v5/official_experiments/multistartlp/official/set_01_pt_01/logs/heur_mslp/outputs/csvresults_heur_mslp_bash_1.csv;0;4;1;18;0;0.0;0.5;true;10;2;lr202_t2_08R_08V_04I_04M;/dados/rmelo/PDPTW-SE/benchmark_multi_island_v5/official_experiments/multistartlp/official/set_01_pt_01/configs/genconfig_mslp.conf;genconfig_mslp;/dados/rmelo/PDPTW-SE/benchmark_multi_island_v5/official_experiments/multistartlp/official/set_01_pt_01/logs/heur_mslp/gurobi/08R_08V_04I_04M/lr202_grb_genconfig_mslp_seed_24.log;random;08R_08V_04I_04M;1;0;1;/dados/rmelo/PDPTW-SE/benchmark_multi_island_v5/official_experiments/multistartlp/official/set_01_pt_01/../../../../instances/orig_ams_fg/08R_08V_04I_04M/t2/lr202/;60000;12987;0;1362.57;17;9;H;50;95;0;100.0;30.0;true;0.95;100.0;1.0;1.0;1.0;1.0;60;M;60000;60000;false;46;0.45;88.06;0.78;23;10;1000000;-1;3600;30.4;0.38;0.72;mslp;heur;0.31;0.67;-1;3600;60000;I;8;1.0;0.25;lr202;0;/dados/rmelo/PDPTW-SE/benchmark_multi_island_v5/official_experiments/multistartlp/official/set_01_pt_01/logs;0;0;0;0.0;100.0;1;24;/dados/rmelo/PDPTW-SE/benchmark_multi_island_v5/official_experiments/multistartlp/official/set_01_pt_01/logs/heur_mslp/solutions/08R_08V_04I_04M/lr202_sol_genconfig_mslp_seed_24.txt;Gurobi;AUTOMATIC;18.25;_bash_1;_seed_24;18238.56;1;35.64;/dados/rmelo/PDPTW-SE/benchmark_multi_island_v5/official_experiments/multistartlp/official/set_01_pt_01/logs/heur_mslp/timelines/08R_08V_04I_04M/lr202_timeline_genconfig_mslp_seed_24.txt;162.73;t2;0;760.68;false
0.05;0.01;0.12;0.13;0.01;0.01;6;/dados/rmelo/PDPTW-SE/benchmark_multi_island_v5/official_experiments/multistartlp/official/set_01_pt_01/logs/heur_mslp/outputs/csvresults_heur_mslp_bash_1.csv;0;3;1;18;0;0.0;0.5;true;10;2;lr203_t2_08R_08V_04I_03M;/dados/rmelo/PDPTW-SE/benchmark_multi_island_v5/official_experiments/multistartlp/official/set_01_pt_01/configs/genconfig_mslp.conf;genconfig_mslp;/dados/rmelo/PDPTW-SE/benchmark_multi_island_v5/official_experiments/multistartlp/official/set_01_pt_01/logs/heur_mslp/gurobi/08R_08V_04I_03M/lr203_grb_genconfig_mslp_seed_24.log;random;08R_08V_04I_03M;1;0;1;/dados/rmelo/PDPTW-SE/benchmark_multi_island_v5/official_experiments/multistartlp/official/set_01_pt_01/../../../../instances/orig_ams_fg/08R_08V_04I_04M/t2/lr203/;60000;492;0;868.06;17;9;H;50;95;0;100.0;30.0;true;0.95;100.0;1.0;1.0;1.0;1.0;60;M;60000;60000;false;34;0.68;80.61;1.0;17;10;1000000;-1;3600;21.0;0.68;1.0;mslp;heur;0.68;1.0;-1;3600;60000;I;8;0.67;0.12;lr203;0;/dados/rmelo/PDPTW-SE/benchmark_multi_island_v5/official_experiments/multistartlp/official/set_01_pt_01/logs;0;0;0;0.0;100.0;1;24;/dados/rmelo/PDPTW-SE/benchmark_multi_island_v5/official_experiments/multistartlp/official/set_01_pt_01/logs/heur_mslp/solutions/08R_08V_04I_03M/lr203_sol_genconfig_mslp_seed_24.txt;Gurobi;AUTOMATIC;18.2;_bash_1;_seed_24;12600.48;1;1.48;/dados/rmelo/PDPTW-SE/benchmark_multi_island_v5/official_experiments/multistartlp/official/set_01_pt_01/logs/heur_mslp/timelines/08R_08V_04I_03M/lr203_timeline_genconfig_mslp_seed_24.txt;141.87;t2;0;684.38;false
0.05;0.04;0.08;0.12;0.01;0.01;8;/dados/rmelo/PDPTW-SE/benchmark_multi_island_v5/official_experiments/multistartlp/official/set_01_pt_01/logs/heur_mslp/outputs/csvresults_heur_mslp_bash_1.csv;0;4;1;18;0;0.0;0.5;true;10;2;lr203_t2_08R_08V_04I_04M;/dados/rmelo/PDPTW-SE/benchmark_multi_island_v5/official_experiments/multistartlp/official/set_01_pt_01/configs/genconfig_mslp.conf;genconfig_mslp;/dados/rmelo/PDPTW-SE/benchmark_multi_island_v5/official_experiments/multistartlp/official/set_01_pt_01/logs/heur_mslp/gurobi/08R_08V_04I_04M/lr203_grb_genconfig_mslp_seed_24.log;random;08R_08V_04I_04M;1;0;1;/dados/rmelo/PDPTW-SE/benchmark_multi_island_v5/official_experiments/multistartlp/official/set_01_pt_01/../../../../instances/orig_ams_fg/08R_08V_04I_04M/t2/lr203/;60000;492;0;868.06;17;9;H;50;95;0;100.0;30.0;true;0.95;100.0;1.0;1.0;1.0;1.0;60;M;60000;60000;false;34;0.68;79.65;1.0;17;10;1000000;-1;3600;21.38;0.68;1.0;mslp;heur;0.68;1.0;-1;3600;60000;I;8;0.75;0.12;lr203;0;/dados/rmelo/PDPTW-SE/benchmark_multi_island_v5/official_experiments/multistartlp/official/set_01_pt_01/logs;0;0;0;0.0;100.0;1;24;/dados/rmelo/PDPTW-SE/benchmark_multi_island_v5/official_experiments/multistartlp/official/set_01_pt_01/logs/heur_mslp/solutions/08R_08V_04I_04M/lr203_sol_genconfig_mslp_seed_24.txt;Gurobi;AUTOMATIC;18.11;_bash_1;_seed_24;12828.26;1;1.54;/dados/rmelo/PDPTW-SE/benchmark_multi_island_v5/official_experiments/multistartlp/official/set_01_pt_01/logs/heur_mslp/timelines/08R_08V_04I_04M/lr203_timeline_genconfig_mslp_seed_24.txt;148.86;t2;0;683.66;false
0.05;0.02;0.06;0.08;0.0;0.0;8;/dados/rmelo/PDPTW-SE/benchmark_multi_island_v5/official_experiments/multistartlp/official/set_01_pt_01/logs/heur_mslp/outputs/csvresults_heur_mslp_bash_1.csv;0;3;1;18;0;0.0;0.5;true;10;2;lr204_t2_08R_08V_04I_03M;/dados/rmelo/PDPTW-SE/benchmark_multi_island_v5/official_experiments/multistartlp/official/set_01_pt_01/configs/genconfig_mslp.conf;genconfig_mslp;/dados/rmelo/PDPTW-SE/benchmark_multi_island_v5/official_experiments/multistartlp/official/set_01_pt_01/logs/heur_mslp/gurobi/08R_08V_04I_03M/lr204_grb_genconfig_mslp_seed_24.log;random;08R_08V_04I_03M;1;0;1;/dados/rmelo/PDPTW-SE/benchmark_multi_island_v5/official_experiments/multistartlp/official/set_01_pt_01/../../../../instances/orig_ams_fg/08R_08V_04I_04M/t2/lr204/;60000;954;0;937.81;17;9;H;50;95;0;100.0;30.0;true;0.95;100.0;1.0;1.0;1.0;1.0;60;M;59450;60000;false;38;0.55;97.54;0.92;19;10;1000000;-1;3600;14.17;0.36;0.6;mslp;heur;0.17;0.28;-1;3600;60000;I;8;1.0;0.25;lr204;0;/dados/rmelo/PDPTW-SE/benchmark_multi_island_v5/official_experiments/multistartlp/official/set_01_pt_01/logs;0;0;0;0.0;99.08;1;24;/dados/rmelo/PDPTW-SE/benchmark_multi_island_v5/official_experiments/multistartlp/official/set_01_pt_01/logs/heur_mslp/solutions/08R_08V_04I_03M/lr204_sol_genconfig_mslp_seed_24.txt;Gurobi;AUTOMATIC;18.18;_bash_1;_seed_24;8504.57;1;3.04;/dados/rmelo/PDPTW-SE/benchmark_multi_island_v5/official_experiments/multistartlp/official/set_01_pt_01/logs/heur_mslp/timelines/08R_08V_04I_03M/lr204_timeline_genconfig_mslp_seed_24.txt;167.68;t2;0;725.42;false
0.05;0.02;0.06;0.08;0.0;0.0;7;/dados/rmelo/PDPTW-SE/benchmark_multi_island_v5/official_experiments/multistartlp/official/set_01_pt_01/logs/heur_mslp/outputs/csvresults_heur_mslp_bash_1.csv;0;4;1;18;0;0.0;0.5;true;10;2;lr204_t2_08R_08V_04I_04M;/dados/rmelo/PDPTW-SE/benchmark_multi_island_v5/official_experiments/multistartlp/official/set_01_pt_01/configs/genconfig_mslp.conf;genconfig_mslp;/dados/rmelo/PDPTW-SE/benchmark_multi_island_v5/official_experiments/multistartlp/official/set_01_pt_01/logs/heur_mslp/gurobi/08R_08V_04I_04M/lr204_grb_genconfig_mslp_seed_24.log;random;08R_08V_04I_04M;1;0;1;/dados/rmelo/PDPTW-SE/benchmark_multi_island_v5/official_experiments/multistartlp/official/set_01_pt_01/../../../../instances/orig_ams_fg/08R_08V_04I_04M/t2/lr204/;60000;954;0;937.81;17;9;H;50;95;0;100.0;30.0;true;0.95;100.0;1.0;1.0;1.0;1.0;60;M;59392;60000;false;38;0.55;96.33;0.92;19;10;1000000;-1;3600;14.8;0.36;0.6;mslp;heur;0.17;0.28;-1;3600;60000;I;8;0.75;0.25;lr204;0;/dados/rmelo/PDPTW-SE/benchmark_multi_island_v5/official_experiments/multistartlp/official/set_01_pt_01/logs;0;0;0;0.0;98.99;1;24;/dados/rmelo/PDPTW-SE/benchmark_multi_island_v5/official_experiments/multistartlp/official/set_01_pt_01/logs/heur_mslp/solutions/08R_08V_04I_04M/lr204_sol_genconfig_mslp_seed_24.txt;Gurobi;AUTOMATIC;18.13;_bash_1;_seed_24;8877.43;1;3.29;/dados/rmelo/PDPTW-SE/benchmark_multi_island_v5/official_experiments/multistartlp/official/set_01_pt_01/logs/heur_mslp/timelines/08R_08V_04I_04M/lr204_timeline_genconfig_mslp_seed_24.txt;181.23;t2;0;725.42;false
0.05;0.04;0.06;0.1;0.0;0.0;10;/dados/rmelo/PDPTW-SE/benchmark_multi_island_v5/official_experiments/multistartlp/official/set_01_pt_01/logs/heur_mslp/outputs/csvresults_heur_mslp_bash_1.csv;0;3;1;18;0;0.0;0.5;true;10;2;lr205_t2_08R_08V_04I_03M;/dados/rmelo/PDPTW-SE/benchmark_multi_island_v5/official_experiments/multistartlp/official/set_01_pt_01/configs/genconfig_mslp.conf;genconfig_mslp;/dados/rmelo/PDPTW-SE/benchmark_multi_island_v5/official_experiments/multistartlp/official/set_01_pt_01/logs/heur_mslp/gurobi/08R_08V_04I_03M/lr205_grb_genconfig_mslp_seed_24.log;random;08R_08V_04I_03M;1;0;1;/dados/rmelo/PDPTW-SE/benchmark_multi_island_v5/official_experiments/multistartlp/official/set_01_pt_01/../../../../instances/orig_ams_fg/08R_08V_04I_04M/t2/lr205/;60000;6195;0;835.06;17;9;H;50;95;0;100.0;30.0;true;0.95;100.0;1.0;1.0;1.0;1.0;60;M;60000;60000;false;52;0.66;71.99;0.9;26;10;1000000;-1;3600;27.61;0.66;0.9;mslp;heur;0.66;0.9;-1;3600;60000;I;8;1.0;0.12;lr205;0;/dados/rmelo/PDPTW-SE/benchmark_multi_island_v5/official_experiments/multistartlp/official/set_01_pt_01/logs;0;0;0;0.0;100.0;1;24;/dados/rmelo/PDPTW-SE/benchmark_multi_island_v5/official_experiments/multistartlp/official/set_01_pt_01/logs/heur_mslp/solutions/08R_08V_04I_03M/lr205_sol_genconfig_mslp_seed_24.txt;Gurobi;AUTOMATIC;18.17;_bash_1;_seed_24;16563.65;1;16.32;/dados/rmelo/PDPTW-SE/benchmark_multi_island_v5/official_experiments/multistartlp/official/set_01_pt_01/logs/heur_mslp/timelines/08R_08V_04I_03M/lr205_timeline_genconfig_mslp_seed_24.txt;154.24;t2;0;662.24;false
0.05;0.04;0.09;0.13;0.0;0.01;8;/dados/rmelo/PDPTW-SE/benchmark_multi_island_v5/official_experiments/multistartlp/official/set_01_pt_01/logs/heur_mslp/outputs/csvresults_heur_mslp_bash_1.csv;0;4;1;18;0;0.0;0.5;true;10;2;lr205_t2_08R_08V_04I_04M;/dados/rmelo/PDPTW-SE/benchmark_multi_island_v5/official_experiments/multistartlp/official/set_01_pt_01/configs/genconfig_mslp.conf;genconfig_mslp;/dados/rmelo/PDPTW-SE/benchmark_multi_island_v5/official_experiments/multistartlp/official/set_01_pt_01/logs/heur_mslp/gurobi/08R_08V_04I_04M/lr205_grb_genconfig_mslp_seed_24.log;random;08R_08V_04I_04M;1;0;1;/dados/rmelo/PDPTW-SE/benchmark_multi_island_v5/official_experiments/multistartlp/official/set_01_pt_01/../../../../instances/orig_ams_fg/08R_08V_04I_04M/t2/lr205/;60000;4460;0;828.94;17;9;H;50;95;0;100.0;30.0;true;0.95;100.0;1.0;1.0;1.0;1.0;60;M;60000;60000;false;52;0.66;71.99;0.88;26;10;1000000;-1;3600;27.59;0.66;0.88;mslp;heur;0.66;0.88;-1;3600;60000;I;8;0.5;0.12;lr205;0;/dados/rmelo/PDPTW-SE/benchmark_multi_island_v5/official_experiments/multistartlp/official/set_01_pt_01/logs;0;0;0;0.0;100.0;1;24;/dados/rmelo/PDPTW-SE/benchmark_multi_island_v5/official_experiments/multistartlp/official/set_01_pt_01/logs/heur_mslp/solutions/08R_08V_04I_04M/lr205_sol_genconfig_mslp_seed_24.txt;Gurobi;AUTOMATIC;18.23;_bash_1;_seed_24;16552.01;1;12.53;/dados/rmelo/PDPTW-SE/benchmark_multi_island_v5/official_experiments/multistartlp/official/set_01_pt_01/logs/heur_mslp/timelines/08R_08V_04I_04M/lr205_timeline_genconfig_mslp_seed_24.txt;160.42;t2;0;661.85;false
0.05;0.12;0.19;0.32;0.0;0.12;5;/dados/rmelo/PDPTW-SE/benchmark_multi_island_v5/official_experiments/multistartlp/official/set_01_pt_01/logs/heur_mslp/outputs/csvresults_heur_mslp_bash_1.csv;0;3;1;22;0;0.0;0.5;true;12;2;lr101_t1_10R_10V_02I_03M;/dados/rmelo/PDPTW-SE/benchmark_multi_island_v5/official_experiments/multistartlp/official/set_01_pt_01/configs/genconfig_mslp.conf;genconfig_mslp;/dados/rmelo/PDPTW-SE/benchmark_multi_island_v5/official_experiments/multistartlp/official/set_01_pt_01/logs/heur_mslp/gurobi/10R_10V_02I_03M/lr101_grb_genconfig_mslp_seed_24.log;random;10R_10V_02I_03M;1;57616;1;/dados/rmelo/PDPTW-SE/benchmark_multi_island_v5/official_experiments/multistartlp/official/set_01_pt_01/../../../../instances/orig_ams_fg/10R_10V_02I_04M/t1/lr101/;60000;26776;0;1575.42;21;11;H;50;95;0;100.0;30.0;true;0.95;100.0;1.0;1.0;1.0;1.0;60;M;2384;2384;false;52;0.91;104.84;0.87;26;10;1000000;-1;3600;13.14;0.66;0.37;mslp;heur;0.35;0.16;-1;3600;60000;I;10;1.0;0.8;lr101;0;/dados/rmelo/PDPTW-SE/benchmark_multi_island_v5/official_experiments/multistartlp/official/set_01_pt_01/logs;0;0;0;96.03;100.0;1;24;/dados/rmelo/PDPTW-SE/benchmark_multi_island_v5/official_experiments/multistartlp/official/set_01_pt_01/logs/heur_mslp/solutions/10R_10V_02I_03M/lr101_sol_genconfig_mslp_seed_24.txt;Gurobi;AUTOMATIC;18.28;_bash_1;_seed_24;313.16;1;7.15;/dados/rmelo/PDPTW-SE/benchmark_multi_island_v5/official_experiments/multistartlp/official/set_01_pt_01/logs/heur_mslp/timelines/10R_10V_02I_03M/lr101_timeline_genconfig_mslp_seed_24.txt;15.75;t1;0;1295.99;false
0.05;0.07;0.14;0.2;0.0;0.13;9;/dados/rmelo/PDPTW-SE/benchmark_multi_island_v5/official_experiments/multistartlp/official/set_01_pt_01/logs/heur_mslp/outputs/csvresults_heur_mslp_bash_1.csv;0;4;1;22;0;0.0;0.5;true;12;2;lr101_t1_10R_10V_02I_04M;/dados/rmelo/PDPTW-SE/benchmark_multi_island_v5/official_experiments/multistartlp/official/set_01_pt_01/configs/genconfig_mslp.conf;genconfig_mslp;/dados/rmelo/PDPTW-SE/benchmark_multi_island_v5/official_experiments/multistartlp/official/set_01_pt_01/logs/heur_mslp/gurobi/10R_10V_02I_04M/lr101_grb_genconfig_mslp_seed_24.log;random;10R_10V_02I_04M;1;36153;1;/dados/rmelo/PDPTW-SE/benchmark_multi_island_v5/official_experiments/multistartlp/official/set_01_pt_01/../../../../instances/orig_ams_fg/10R_10V_02I_04M/t1/lr101/;60000;16354;0;1667.59;21;11;H;50;95;0;100.0;30.0;true;0.95;100.0;1.0;1.0;1.0;1.0;60;M;23847;23847;false;52;0.89;97.55;0.87;26;10;1000000;-1;3600;14.15;0.64;0.36;mslp;heur;0.35;0.19;-1;3600;60000;I;10;1.0;0.8;lr101;0;/dados/rmelo/PDPTW-SE/benchmark_multi_island_v5/official_experiments/multistartlp/official/set_01_pt_01/logs;0;0;0;60.26;100.0;1;24;/dados/rmelo/PDPTW-SE/benchmark_multi_island_v5/official_experiments/multistartlp/official/set_01_pt_01/logs/heur_mslp/solutions/10R_10V_02I_04M/lr101_sol_genconfig_mslp_seed_24.txt;Gurobi;AUTOMATIC;18.13;_bash_1;_seed_24;3373.29;1;17.15;/dados/rmelo/PDPTW-SE/benchmark_multi_island_v5/official_experiments/multistartlp/official/set_01_pt_01/logs/heur_mslp/timelines/10R_10V_02I_04M/lr101_timeline_genconfig_mslp_seed_24.txt;61.62;t1;0;1254.94;false
0.05;0.02;0.05;0.07;0.02;0.03;3;/dados/rmelo/PDPTW-SE/benchmark_multi_island_v5/official_experiments/multistartlp/official/set_01_pt_01/logs/heur_mslp/outputs/csvresults_heur_mslp_bash_1.csv;0;3;1;22;0;0.0;0.5;true;12;2;lr102_t1_10R_10V_02I_03M;/dados/rmelo/PDPTW-SE/benchmark_multi_island_v5/official_experiments/multistartlp/official/set_01_pt_01/configs/genconfig_mslp.conf;genconfig_mslp;/dados/rmelo/PDPTW-SE/benchmark_multi_island_v5/official_experiments/multistartlp/official/set_01_pt_01/logs/heur_mslp/gurobi/10R_10V_02I_03M/lr102_grb_genconfig_mslp_seed_24.log;random;10R_10V_02I_03M;1;0;1;/dados/rmelo/PDPTW-SE/benchmark_multi_island_v5/official_experiments/multistartlp/official/set_01_pt_01/../../../../instances/orig_ams_fg/10R_10V_02I_04M/t1/lr102/;60000;8;0;1215.16;21;11;H;50;95;0;100.0;30.0;true;0.95;100.0;1.0;1.0;1.0;1.0;60;M;60000;60000;false;58;0.92;111.15;0.61;29;10;1000000;-1;3600;11.56;0.63;0.45;mslp;heur;0.29;0.19;-1;3600;60000;I;10;1.0;0.6;lr102;0;/dados/rmelo/PDPTW-SE/benchmark_multi_island_v5/official_experiments/multistartlp/official/set_01_pt_01/logs;0;0;0;0.0;100.0;1;24;/dados/rmelo/PDPTW-SE/benchmark_multi_island_v5/official_experiments/multistartlp/official/set_01_pt_01/logs/heur_mslp/solutions/10R_10V_02I_03M/lr102_sol_genconfig_mslp_seed_24.txt;Gurobi;AUTOMATIC;18.41;_bash_1;_seed_24;6936.17;1;0.33;/dados/rmelo/PDPTW-SE/benchmark_multi_island_v5/official_experiments/multistartlp/official/set_01_pt_01/logs/heur_mslp/timelines/10R_10V_02I_03M/lr102_timeline_genconfig_mslp_seed_24.txt;123.85;t1;0;1018.62;false
0.05;0.02;0.05;0.07;0.02;0.03;3;/dados/rmelo/PDPTW-SE/benchmark_multi_island_v5/official_experiments/multistartlp/official/set_01_pt_01/logs/heur_mslp/outputs/csvresults_heur_mslp_bash_1.csv;0;4;1;22;0;0.0;0.5;true;12;2;lr102_t1_10R_10V_02I_04M;/dados/rmelo/PDPTW-SE/benchmark_multi_island_v5/official_experiments/multistartlp/official/set_01_pt_01/configs/genconfig_mslp.conf;genconfig_mslp;/dados/rmelo/PDPTW-SE/benchmark_multi_island_v5/official_experiments/multistartlp/official/set_01_pt_01/logs/heur_mslp/gurobi/10R_10V_02I_04M/lr102_grb_genconfig_mslp_seed_24.log;random;10R_10V_02I_04M;1;0;1;/dados/rmelo/PDPTW-SE/benchmark_multi_island_v5/official_experiments/multistartlp/official/set_01_pt_01/../../../../instances/orig_ams_fg/10R_10V_02I_04M/t1/lr102/;60000;8;0;1215.16;21;11;H;50;95;0;100.0;30.0;true;0.95;100.0;1.0;1.0;1.0;1.0;60;M;60000;60000;false;58;0.92;111.15;0.61;29;10;1000000;-1;3600;11.56;0.63;0.45;mslp;heur;0.29;0.19;-1;3600;60000;I;10;0.75;0.6;lr102;0;/dados/rmelo/PDPTW-SE/benchmark_multi_island_v5/official_experiments/multistartlp/official/set_01_pt_01/logs;0;0;0;0.0;100.0;1;24;/dados/rmelo/PDPTW-SE/benchmark_multi_island_v5/official_experiments/multistartlp/official/set_01_pt_01/logs/heur_mslp/solutions/10R_10V_02I_04M/lr102_sol_genconfig_mslp_seed_24.txt;Gurobi;AUTOMATIC;18.17;_bash_1;_seed_24;6936.17;1;0.33;/dados/rmelo/PDPTW-SE/benchmark_multi_island_v5/official_experiments/multistartlp/official/set_01_pt_01/logs/heur_mslp/timelines/10R_10V_02I_04M/lr102_timeline_genconfig_mslp_seed_24.txt;127.56;t1;0;1018.62;false
0.05;0.0;0.08;0.08;0.0;0.0;2;/dados/rmelo/PDPTW-SE/benchmark_multi_island_v5/official_experiments/multistartlp/official/set_01_pt_01/logs/heur_mslp/outputs/csvresults_heur_mslp_bash_1.csv;0;3;1;22;0;0.0;0.5;true;12;2;lr103_t1_10R_10V_02I_03M;/dados/rmelo/PDPTW-SE/benchmark_multi_island_v5/official_experiments/multistartlp/official/set_01_pt_01/configs/genconfig_mslp.conf;genconfig_mslp;/dados/rmelo/PDPTW-SE/benchmark_multi_island_v5/official_experiments/multistartlp/official/set_01_pt_01/logs/heur_mslp/gurobi/10R_10V_02I_03M/lr103_grb_genconfig_mslp_seed_24.log;random;10R_10V_02I_03M;1;140;1;/dados/rmelo/PDPTW-SE/benchmark_multi_island_v5/official_experiments/multistartlp/official/set_01_pt_01/../../../../instances/orig_ams_fg/10R_10V_02I_04M/t1/lr103/;60000;14;0;750.6;21;11;H;50;95;0;100.0;30.0;true;0.95;100.0;1.0;1.0;1.0;1.0;60;M;59860;59860;false;38;0.94;83.42;0.85;19;10;1000000;-1;3600;8.47;0.88;0.71;mslp;heur;0.79;0.5;-1;3600;60000;I;10;0.67;0.3;lr103;0;/dados/rmelo/PDPTW-SE/benchmark_multi_island_v5/official_experiments/multistartlp/official/set_01_pt_01/logs;0;0;0;0.23;100.0;1;24;/dados/rmelo/PDPTW-SE/benchmark_multi_island_v5/official_experiments/multistartlp/official/set_01_pt_01/logs/heur_mslp/solutions/10R_10V_02I_03M/lr103_sol_genconfig_mslp_seed_24.txt;Gurobi;AUTOMATIC;18.34;_bash_1;_seed_24;5072.8;1;0.36;/dados/rmelo/PDPTW-SE/benchmark_multi_island_v5/official_experiments/multistartlp/official/set_01_pt_01/logs/heur_mslp/timelines/10R_10V_02I_03M/lr103_timeline_genconfig_mslp_seed_24.txt;135.12;t1;0;610.04;false
0.05;0.0;0.08;0.08;0.0;0.0;2;/dados/rmelo/PDPTW-SE/benchmark_multi_island_v5/official_experiments/multistartlp/official/set_01_pt_01/logs/heur_mslp/outputs/csvresults_heur_mslp_bash_1.csv;0;4;1;22;0;0.0;0.5;true;12;2;lr103_t1_10R_10V_02I_04M;/dados/rmelo/PDPTW-SE/benchmark_multi_island_v5/official_experiments/multistartlp/official/set_01_pt_01/configs/genconfig_mslp.conf;genconfig_mslp;/dados/rmelo/PDPTW-SE/benchmark_multi_island_v5/official_experiments/multistartlp/official/set_01_pt_01/logs/heur_mslp/gurobi/10R_10V_02I_04M/lr103_grb_genconfig_mslp_seed_24.log;random;10R_10V_02I_04M;1;2;1;/dados/rmelo/PDPTW-SE/benchmark_multi_island_v5/official_experiments/multistartlp/official/set_01_pt_01/../../../../instances/orig_ams_fg/10R_10V_02I_04M/t1/lr103/;60000;14;0;871.83;21;11;H;50;95;0;100.0;30.0;true;0.95;100.0;1.0;1.0;1.0;1.0;60;M;59998;59998;false;38;0.94;83.42;0.85;19;10;1000000;-1;3600;8.41;0.88;0.71;mslp;heur;0.79;0.5;-1;3600;60000;I;10;0.5;0.3;lr103;0;/dados/rmelo/PDPTW-SE/benchmark_multi_island_v5/official_experiments/multistartlp/official/set_01_pt_01/logs;0;0;0;0.0;100.0;1;24;/dados/rmelo/PDPTW-SE/benchmark_multi_island_v5/official_experiments/multistartlp/official/set_01_pt_01/logs/heur_mslp/solutions/10R_10V_02I_04M/lr103_sol_genconfig_mslp_seed_24.txt;Gurobi;AUTOMATIC;18.34;_bash_1;_seed_24;5043.17;1;0.32;/dados/rmelo/PDPTW-SE/benchmark_multi_island_v5/official_experiments/multistartlp/official/set_01_pt_01/logs/heur_mslp/timelines/10R_10V_02I_04M/lr103_timeline_genconfig_mslp_seed_24.txt;140.86;t1;0;610.04;false
0.05;0.12;0.25;0.37;0.0;0.0;9;/dados/rmelo/PDPTW-SE/benchmark_multi_island_v5/official_experiments/multistartlp/official/set_01_pt_01/logs/heur_mslp/outputs/csvresults_heur_mslp_bash_1.csv;0;3;1;22;0;0.0;0.5;true;12;2;lr104_t1_10R_10V_02I_03M;/dados/rmelo/PDPTW-SE/benchmark_multi_island_v5/official_experiments/multistartlp/official/set_01_pt_01/configs/genconfig_mslp.conf;genconfig_mslp;/dados/rmelo/PDPTW-SE/benchmark_multi_island_v5/official_experiments/multistartlp/official/set_01_pt_01/logs/heur_mslp/gurobi/10R_10V_02I_03M/lr104_grb_genconfig_mslp_seed_24.log;random;10R_10V_02I_03M;1;0;1;/dados/rmelo/PDPTW-SE/benchmark_multi_island_v5/official_experiments/multistartlp/official/set_01_pt_01/../../../../instances/orig_ams_fg/10R_10V_02I_04M/t1/lr104/;60000;21758;0;810.43;21;11;H;50;95;0;100.0;30.0;true;0.95;100.0;1.0;1.0;1.0;1.0;60;M;58731;60000;false;40;0.93;99.32;0.91;20;10;1000000;-1;3600;6.38;0.75;0.6;mslp;heur;0.5;0.36;-1;3600;60000;I;10;0.33;0.4;lr104;0;/dados/rmelo/PDPTW-SE/benchmark_multi_island_v5/official_experiments/multistartlp/official/set_01_pt_01/logs;0;0;0;0.0;97.88;1;24;/dados/rmelo/PDPTW-SE/benchmark_multi_island_v5/official_experiments/multistartlp/official/set_01_pt_01/logs/heur_mslp/solutions/10R_10V_02I_03M/lr104_sol_genconfig_mslp_seed_24.txt;Gurobi;AUTOMATIC;18.21;_bash_1;_seed_24;3825.46;1;43.41;/dados/rmelo/PDPTW-SE/benchmark_multi_island_v5/official_experiments/multistartlp/official/set_01_pt_01/logs/heur_mslp/timelines/10R_10V_02I_03M/lr104_timeline_genconfig_mslp_seed_24.txt;118.95;t1;0;687.39;false
0.05;0.0;0.12;0.12;0.0;0.0;9;/dados/rmelo/PDPTW-SE/benchmark_multi_island_v5/official_experiments/multistartlp/official/set_01_pt_01/logs/heur_mslp/outputs/csvresults_heur_mslp_bash_1.csv;0;4;1;22;0;0.0;0.5;true;12;2;lr104_t1_10R_10V_02I_04M;/dados/rmelo/PDPTW-SE/benchmark_multi_island_v5/official_experiments/multistartlp/official/set_01_pt_01/configs/genconfig_mslp.conf;genconfig_mslp;/dados/rmelo/PDPTW-SE/benchmark_multi_island_v5/official_experiments/multistartlp/official/set_01_pt_01/logs/heur_mslp/gurobi/10R_10V_02I_04M/lr104_grb_genconfig_mslp_seed_24.log;random;10R_10V_02I_04M;1;0;1;/dados/rmelo/PDPTW-SE/benchmark_multi_island_v5/official_experiments/multistartlp/official/set_01_pt_01/../../../../instances/orig_ams_fg/10R_10V_02I_04M/t1/lr104/;60000;13278;0;803.11;21;11;H;50;95;0;100.0;30.0;true;0.95;100.0;1.0;1.0;1.0;1.0;60;M;59898;60000;false;40;0.86;89.04;0.88;20;10;1000000;-1;3600;7.03;0.73;0.61;mslp;heur;0.5;0.35;-1;3600;60000;I;10;0.5;0.4;lr104;0;/dados/rmelo/PDPTW-SE/benchmark_multi_island_v5/official_experiments/multistartlp/official/set_01_pt_01/logs;0;0;0;0.0;99.83;1;24;/dados/rmelo/PDPTW-SE/benchmark_multi_island_v5/official_experiments/multistartlp/official/set_01_pt_01/logs/heur_mslp/solutions/10R_10V_02I_04M/lr104_sol_genconfig_mslp_seed_24.txt;Gurobi;AUTOMATIC;18.31;_bash_1;_seed_24;4219.76;1;28.3;/dados/rmelo/PDPTW-SE/benchmark_multi_island_v5/official_experiments/multistartlp/official/set_01_pt_01/logs/heur_mslp/timelines/10R_10V_02I_04M/lr104_timeline_genconfig_mslp_seed_24.txt;125.32;t1;0;671.72;false
0.05;0.0;0.13;0.13;0.0;0.03;5;/dados/rmelo/PDPTW-SE/benchmark_multi_island_v5/official_experiments/multistartlp/official/set_01_pt_01/logs/heur_mslp/outputs/csvresults_heur_mslp_bash_1.csv;0;3;1;22;0;0.0;0.5;true;12;2;lr105_t1_10R_10V_02I_03M;/dados/rmelo/PDPTW-SE/benchmark_multi_island_v5/official_experiments/multistartlp/official/set_01_pt_01/configs/genconfig_mslp.conf;genconfig_mslp;/dados/rmelo/PDPTW-SE/benchmark_multi_island_v5/official_experiments/multistartlp/official/set_01_pt_01/logs/heur_mslp/gurobi/10R_10V_02I_03M/lr105_grb_genconfig_mslp_seed_24.log;random;10R_10V_02I_03M;1;0;1;/dados/rmelo/PDPTW-SE/benchmark_multi_island_v5/official_experiments/multistartlp/official/set_01_pt_01/../../../../instances/orig_ams_fg/10R_10V_02I_04M/t1/lr105/;60000;287;0;793.06;21;11;H;50;95;0;100.0;30.0;true;0.95;100.0;1.0;1.0;1.0;1.0;60;M;60000;60000;false;52;0.78;83.39;0.88;26;10;1000000;-1;3600;18.65;0.58;0.48;mslp;heur;0.4;0.25;-1;3600;60000;I;10;0.67;0.5;lr105;0;/dados/rmelo/PDPTW-SE/benchmark_multi_island_v5/official_experiments/multistartlp/official/set_01_pt_01/logs;0;0;0;0.0;100.0;1;24;/dados/rmelo/PDPTW-SE/benchmark_multi_island_v5/official_experiments/multistartlp/official/set_01_pt_01/logs/heur_mslp/solutions/10R_10V_02I_03M/lr105_sol_genconfig_mslp_seed_24.txt;Gurobi;AUTOMATIC;18.34;_bash_1;_seed_24;11189.35;1;0.86;/dados/rmelo/PDPTW-SE/benchmark_multi_island_v5/official_experiments/multistartlp/official/set_01_pt_01/logs/heur_mslp/timelines/10R_10V_02I_03M/lr105_timeline_genconfig_mslp_seed_24.txt;113.51;t1;0;671.01;false
0.05;0.0;0.13;0.13;0.0;0.03;5;/dados/rmelo/PDPTW-SE/benchmark_multi_island_v5/official_experiments/multistartlp/official/set_01_pt_01/logs/heur_mslp/outputs/csvresults_heur_mslp_bash_1.csv;0;4;1;22;0;0.0;0.5;true;12;2;lr105_t1_10R_10V_02I_04M;/dados/rmelo/PDPTW-SE/benchmark_multi_island_v5/official_experiments/multistartlp/official/set_01_pt_01/configs/genconfig_mslp.conf;genconfig_mslp;/dados/rmelo/PDPTW-SE/benchmark_multi_island_v5/official_experiments/multistartlp/official/set_01_pt_01/logs/heur_mslp/gurobi/10R_10V_02I_04M/lr105_grb_genconfig_mslp_seed_24.log;random;10R_10V_02I_04M;1;0;1;/dados/rmelo/PDPTW-SE/benchmark_multi_island_v5/official_experiments/multistartlp/official/set_01_pt_01/../../../../instances/orig_ams_fg/10R_10V_02I_04M/t1/lr105/;60000;287;0;793.06;21;11;H;50;95;0;100.0;30.0;true;0.95;100.0;1.0;1.0;1.0;1.0;60;M;60000;60000;false;52;0.78;83.39;0.88;26;10;1000000;-1;3600;18.66;0.58;0.48;mslp;heur;0.4;0.25;-1;3600;60000;I;10;0.5;0.5;lr105;0;/dados/rmelo/PDPTW-SE/benchmark_multi_island_v5/official_experiments/multistartlp/official/set_01_pt_01/logs;0;0;0;0.0;100.0;1;24;/dados/rmelo/PDPTW-SE/benchmark_multi_island_v5/official_experiments/multistartlp/official/set_01_pt_01/logs/heur_mslp/solutions/10R_10V_02I_04M/lr105_sol_genconfig_mslp_seed_24.txt;Gurobi;AUTOMATIC;18.31;_bash_1;_seed_24;11194.47;1;0.85;/dados/rmelo/PDPTW-SE/benchmark_multi_island_v5/official_experiments/multistartlp/official/set_01_pt_01/logs/heur_mslp/timelines/10R_10V_02I_04M/lr105_timeline_genconfig_mslp_seed_24.txt;116.12;t1;0;671.01;false
0.05;0.01;0.04;0.05;0.0;0.11;6;/dados/rmelo/PDPTW-SE/benchmark_multi_island_v5/official_experiments/multistartlp/official/set_01_pt_01/logs/heur_mslp/outputs/csvresults_heur_mslp_bash_1.csv;0;3;1;22;0;0.0;0.5;true;12;2;lr201_t2_10R_10V_02I_03M;/dados/rmelo/PDPTW-SE/benchmark_multi_island_v5/official_experiments/multistartlp/official/set_01_pt_01/configs/genconfig_mslp.conf;genconfig_mslp;/dados/rmelo/PDPTW-SE/benchmark_multi_island_v5/official_experiments/multistartlp/official/set_01_pt_01/logs/heur_mslp/gurobi/10R_10V_02I_03M/lr201_grb_genconfig_mslp_seed_24.log;random;10R_10V_02I_03M;1;0;1;/dados/rmelo/PDPTW-SE/benchmark_multi_island_v5/official_experiments/multistartlp/official/set_01_pt_01/../../../../instances/orig_ams_fg/10R_10V_02I_04M/t2/lr201/;60000;886;0;1717.73;21;11;H;50;95;0;100.0;30.0;true;0.95;100.0;1.0;1.0;1.0;1.0;60;M;60000;60000;false;52;0.7;90.08;1.0;26;10;1000000;-1;3600;26.48;0.5;0.93;mslp;heur;0.3;0.87;-1;3600;60000;I;10;0.67;0.2;lr201;0;/dados/rmelo/PDPTW-SE/benchmark_multi_island_v5/official_experiments/multistartlp/official/set_01_pt_01/logs;0;0;0;0.0;100.0;1;24;/dados/rmelo/PDPTW-SE/benchmark_multi_island_v5/official_experiments/multistartlp/official/set_01_pt_01/logs/heur_mslp/solutions/10R_10V_02I_03M/lr201_sol_genconfig_mslp_seed_24.txt;Gurobi;AUTOMATIC;18.2;_bash_1;_seed_24;15886.84;1;2.31;/dados/rmelo/PDPTW-SE/benchmark_multi_island_v5/official_experiments/multistartlp/official/set_01_pt_01/logs/heur_mslp/timelines/10R_10V_02I_03M/lr201_timeline_genconfig_mslp_seed_24.txt;129.13;t2;0;1006.56;false
0.05;0.01;0.03;0.04;0.0;0.11;6;/dados/rmelo/PDPTW-SE/benchmark_multi_island_v5/official_experiments/multistartlp/official/set_01_pt_01/logs/heur_mslp/outputs/csvresults_heur_mslp_bash_1.csv;0;4;1;22;0;0.0;0.5;true;12;2;lr201_t2_10R_10V_02I_04M;/dados/rmelo/PDPTW-SE/benchmark_multi_island_v5/official_experiments/multistartlp/official/set_01_pt_01/configs/genconfig_mslp.conf;genconfig_mslp;/dados/rmelo/PDPTW-SE/benchmark_multi_island_v5/official_experiments/multistartlp/official/set_01_pt_01/logs/heur_mslp/gurobi/10R_10V_02I_04M/lr201_grb_genconfig_mslp_seed_24.log;random;10R_10V_02I_04M;1;0;1;/dados/rmelo/PDPTW-SE/benchmark_multi_island_v5/official_experiments/multistartlp/official/set_01_pt_01/../../../../instances/orig_ams_fg/10R_10V_02I_04M/t2/lr201/;60000;886;0;1717.73;21;11;H;50;95;0;100.0;30.0;true;0.95;100.0;1.0;1.0;1.0;1.0;60;M;60000;60000;false;52;0.7;90.08;1.0;26;10;1000000;-1;3600;26.5;0.5;0.93;mslp;heur;0.3;0.87;-1;3600;60000;I;10;0.75;0.2;lr201;0;/dados/rmelo/PDPTW-SE/benchmark_multi_island_v5/official_experiments/multistartlp/official/set_01_pt_01/logs;0;0;0;0.0;100.0;1;24;/dados/rmelo/PDPTW-SE/benchmark_multi_island_v5/official_experiments/multistartlp/official/set_01_pt_01/logs/heur_mslp/solutions/10R_10V_02I_04M/lr201_sol_genconfig_mslp_seed_24.txt;Gurobi;AUTOMATIC;18.23;_bash_1;_seed_24;15897.37;1;2.42;/dados/rmelo/PDPTW-SE/benchmark_multi_island_v5/official_experiments/multistartlp/official/set_01_pt_01/logs/heur_mslp/timelines/10R_10V_02I_04M/lr201_timeline_genconfig_mslp_seed_24.txt;132.14;t2;0;1005.86;false
0.05;0.0;0.02;0.03;0.0;0.01;13;/dados/rmelo/PDPTW-SE/benchmark_multi_island_v5/official_experiments/multistartlp/official/set_01_pt_01/logs/heur_mslp/outputs/csvresults_heur_mslp_bash_1.csv;0;3;1;22;0;0.0;0.5;true;12;2;lr202_t2_10R_10V_02I_03M;/dados/rmelo/PDPTW-SE/benchmark_multi_island_v5/official_experiments/multistartlp/official/set_01_pt_01/configs/genconfig_mslp.conf;genconfig_mslp;/dados/rmelo/PDPTW-SE/benchmark_multi_island_v5/official_experiments/multistartlp/official/set_01_pt_01/logs/heur_mslp/gurobi/10R_10V_02I_03M/lr202_grb_genconfig_mslp_seed_24.log;random;10R_10V_02I_03M;1;0;1;/dados/rmelo/PDPTW-SE/benchmark_multi_island_v5/official_experiments/multistartlp/official/set_01_pt_01/../../../../instances/orig_ams_fg/10R_10V_02I_04M/t2/lr202/;60000;30644;0;1523.33;21;11;H;50;95;0;100.0;30.0;true;0.95;100.0;1.0;1.0;1.0;1.0;60;M;60000;60000;false;46;0.49;79.34;0.95;23;10;1000000;-1;3600;27.68;0.41;0.91;mslp;heur;0.32;0.87;-1;3600;60000;I;10;0.67;0.2;lr202;0;/dados/rmelo/PDPTW-SE/benchmark_multi_island_v5/official_experiments/multistartlp/official/set_01_pt_01/logs;0;0;0;0.0;100.0;1;24;/dados/rmelo/PDPTW-SE/benchmark_multi_island_v5/official_experiments/multistartlp/official/set_01_pt_01/logs/heur_mslp/solutions/10R_10V_02I_03M/lr202_sol_genconfig_mslp_seed_24.txt;Gurobi;AUTOMATIC;18.27;_bash_1;_seed_24;16606.29;1;73.72;/dados/rmelo/PDPTW-SE/benchmark_multi_island_v5/official_experiments/multistartlp/official/set_01_pt_01/logs/heur_mslp/timelines/10R_10V_02I_03M/lr202_timeline_genconfig_mslp_seed_24.txt;143.31;t2;0;810.23;false
0.05;0.0;0.02;0.02;0.0;0.01;14;/dados/rmelo/PDPTW-SE/benchmark_multi_island_v5/official_experiments/multistartlp/official/set_01_pt_01/logs/heur_mslp/outputs/csvresults_heur_mslp_bash_1.csv;0;4;1;22;0;0.0;0.5;true;12;2;lr202_t2_10R_10V_02I_04M;/dados/rmelo/PDPTW-SE/benchmark_multi_island_v5/official_experiments/multistartlp/official/set_01_pt_01/configs/genconfig_mslp.conf;genconfig_mslp;/dados/rmelo/PDPTW-SE/benchmark_multi_island_v5/official_experiments/multistartlp/official/set_01_pt_01/logs/heur_mslp/gurobi/10R_10V_02I_04M/lr202_grb_genconfig_mslp_seed_24.log;random;10R_10V_02I_04M;1;0;1;/dados/rmelo/PDPTW-SE/benchmark_multi_island_v5/official_experiments/multistartlp/official/set_01_pt_01/../../../../instances/orig_ams_fg/10R_10V_02I_04M/t2/lr202/;60000;30644;0;1523.33;21;11;H;50;95;0;100.0;30.0;true;0.95;100.0;1.0;1.0;1.0;1.0;60;M;60000;60000;false;46;0.49;78.32;0.95;23;10;1000000;-1;3600;28.09;0.4;0.91;mslp;heur;0.32;0.87;-1;3600;60000;I;10;0.75;0.2;lr202;0;/dados/rmelo/PDPTW-SE/benchmark_multi_island_v5/official_experiments/multistartlp/official/set_01_pt_01/logs;0;0;0;0.0;100.0;1;24;/dados/rmelo/PDPTW-SE/benchmark_multi_island_v5/official_experiments/multistartlp/official/set_01_pt_01/logs/heur_mslp/solutions/10R_10V_02I_04M/lr202_sol_genconfig_mslp_seed_24.txt;Gurobi;AUTOMATIC;18.49;_bash_1;_seed_24;16853.76;1;77.4;/dados/rmelo/PDPTW-SE/benchmark_multi_island_v5/official_experiments/multistartlp/official/set_01_pt_01/logs/heur_mslp/timelines/10R_10V_02I_04M/lr202_timeline_genconfig_mslp_seed_24.txt;150.09;t2;0;809.32;false
0.05;0.01;0.02;0.02;0.01;0.07;10;/dados/rmelo/PDPTW-SE/benchmark_multi_island_v5/official_experiments/multistartlp/official/set_01_pt_01/logs/heur_mslp/outputs/csvresults_heur_mslp_bash_1.csv;0;3;1;22;0;0.0;0.5;true;12;2;lr203_t2_10R_10V_02I_03M;/dados/rmelo/PDPTW-SE/benchmark_multi_island_v5/official_experiments/multistartlp/official/set_01_pt_01/configs/genconfig_mslp.conf;genconfig_mslp;/dados/rmelo/PDPTW-SE/benchmark_multi_island_v5/official_experiments/multistartlp/official/set_01_pt_01/logs/heur_mslp/gurobi/10R_10V_02I_03M/lr203_grb_genconfig_mslp_seed_24.log;random;10R_10V_02I_03M;1;0;1;/dados/rmelo/PDPTW-SE/benchmark_multi_island_v5/official_experiments/multistartlp/official/set_01_pt_01/../../../../instances/orig_ams_fg/10R_10V_02I_04M/t2/lr203/;60000;2421;0;1296.53;21;11;H;50;95;0;100.0;30.0;true;0.95;100.0;1.0;1.0;1.0;1.0;60;M;60000;60000;false;58;0.59;102.9;0.97;29;10;1000000;-1;3600;19.72;0.38;0.93;mslp;heur;0.17;0.89;-1;3600;60000;I;10;0.67;0.2;lr203;0;/dados/rmelo/PDPTW-SE/benchmark_multi_island_v5/official_experiments/multistartlp/official/set_01_pt_01/logs;0;0;0;0.0;100.0;1;24;/dados/rmelo/PDPTW-SE/benchmark_multi_island_v5/official_experiments/multistartlp/official/set_01_pt_01/logs/heur_mslp/solutions/10R_10V_02I_03M/lr203_sol_genconfig_mslp_seed_24.txt;Gurobi;AUTOMATIC;18.43;_bash_1;_seed_24;11829.55;1;8.14;/dados/rmelo/PDPTW-SE/benchmark_multi_island_v5/official_experiments/multistartlp/official/set_01_pt_01/logs/heur_mslp/timelines/10R_10V_02I_03M/lr203_timeline_genconfig_mslp_seed_24.txt;188.35;t2;0;756.99;false
0.05;0.0;0.01;0.01;0.01;0.07;9;/dados/rmelo/PDPTW-SE/benchmark_multi_island_v5/official_experiments/multistartlp/official/set_01_pt_01/logs/heur_mslp/outputs/csvresults_heur_mslp_bash_1.csv;0;4;1;22;0;0.0;0.5;true;12;2;lr203_t2_10R_10V_02I_04M;/dados/rmelo/PDPTW-SE/benchmark_multi_island_v5/official_experiments/multistartlp/official/set_01_pt_01/configs/genconfig_mslp.conf;genconfig_mslp;/dados/rmelo/PDPTW-SE/benchmark_multi_island_v5/official_experiments/multistartlp/official/set_01_pt_01/logs/heur_mslp/gurobi/10R_10V_02I_04M/lr203_grb_genconfig_mslp_seed_24.log;random;10R_10V_02I_04M;1;0;1;/dados/rmelo/PDPTW-SE/benchmark_multi_island_v5/official_experiments/multistartlp/official/set_01_pt_01/../../../../instances/orig_ams_fg/10R_10V_02I_04M/t2/lr203/;60000;2421;0;1296.53;21;11;H;50;95;0;100.0;30.0;true;0.95;100.0;1.0;1.0;1.0;1.0;60;M;60000;60000;false;58;0.59;102.9;0.97;29;10;1000000;-1;3600;20.03;0.38;0.93;mslp;heur;0.17;0.89;-1;3600;60000;I;10;0.75;0.2;lr203;0;/dados/rmelo/PDPTW-SE/benchmark_multi_island_v5/official_experiments/multistartlp/official/set_01_pt_01/logs;0;0;0;0.0;100.0;1;24;/dados/rmelo/PDPTW-SE/benchmark_multi_island_v5/official_experiments/multistartlp/official/set_01_pt_01/logs/heur_mslp/solutions/10R_10V_02I_04M/lr203_sol_genconfig_mslp_seed_24.txt;Gurobi;AUTOMATIC;18.22;_bash_1;_seed_24;12015.9;1;8.47;/dados/rmelo/PDPTW-SE/benchmark_multi_island_v5/official_experiments/multistartlp/official/set_01_pt_01/logs/heur_mslp/timelines/10R_10V_02I_04M/lr203_timeline_genconfig_mslp_seed_24.txt;199.08;t2;0;756.27;false
0.05;0.01;0.03;0.04;0.0;0.0;11;/dados/rmelo/PDPTW-SE/benchmark_multi_island_v5/official_experiments/multistartlp/official/set_01_pt_01/logs/heur_mslp/outputs/csvresults_heur_mslp_bash_1.csv;0;3;1;22;0;0.0;0.5;true;12;2;lr204_t2_10R_10V_02I_03M;/dados/rmelo/PDPTW-SE/benchmark_multi_island_v5/official_experiments/multistartlp/official/set_01_pt_01/configs/genconfig_mslp.conf;genconfig_mslp;/dados/rmelo/PDPTW-SE/benchmark_multi_island_v5/official_experiments/multistartlp/official/set_01_pt_01/logs/heur_mslp/gurobi/10R_10V_02I_03M/lr204_grb_genconfig_mslp_seed_24.log;random;10R_10V_02I_03M;1;0;1;/dados/rmelo/PDPTW-SE/benchmark_multi_island_v5/official_experiments/multistartlp/official/set_01_pt_01/../../../../instances/orig_ams_fg/10R_10V_02I_04M/t2/lr204/;60000;11133;0;1334.8;21;11;H;50;95;0;100.0;30.0;true;0.95;100.0;1.0;1.0;1.0;1.0;60;M;55517;60000;false;38;0.51;88.45;0.97;19;10;1000000;-1;3600;8.79;0.38;0.89;mslp;heur;0.25;0.82;-1;3600;60000;I;10;0.67;0.2;lr204;0;/dados/rmelo/PDPTW-SE/benchmark_multi_island_v5/official_experiments/multistartlp/official/set_01_pt_01/logs;0;0;0;0.0;92.53;1;24;/dados/rmelo/PDPTW-SE/benchmark_multi_island_v5/official_experiments/multistartlp/official/set_01_pt_01/logs/heur_mslp/solutions/10R_10V_02I_03M/lr204_sol_genconfig_mslp_seed_24.txt;Gurobi;AUTOMATIC;17.7;_bash_1;_seed_24;5272.89;1;34.2;/dados/rmelo/PDPTW-SE/benchmark_multi_island_v5/official_experiments/multistartlp/official/set_01_pt_01/logs/heur_mslp/timelines/10R_10V_02I_03M/lr204_timeline_genconfig_mslp_seed_24.txt;180.72;t2;0;761.82;false
0.05;0.01;0.03;0.04;0.0;0.0;9;/dados/rmelo/PDPTW-SE/benchmark_multi_island_v5/official_experiments/multistartlp/official/set_01_pt_01/logs/heur_mslp/outputs/csvresults_heur_mslp_bash_1.csv;0;4;1;22;0;0.0;0.5;true;12;2;lr204_t2_10R_10V_02I_04M;/dados/rmelo/PDPTW-SE/benchmark_multi_island_v5/official_experiments/multistartlp/official/set_01_pt_01/configs/genconfig_mslp.conf;genconfig_mslp;/dados/rmelo/PDPTW-SE/benchmark_multi_island_v5/official_experiments/multistartlp/official/set_01_pt_01/logs/heur_mslp/gurobi/10R_10V_02I_04M/lr204_grb_genconfig_mslp_seed_24.log;random;10R_10V_02I_04M;1;0;1;/dados/rmelo/PDPTW-SE/benchmark_multi_island_v5/official_experiments/multistartlp/official/set_01_pt_01/../../../../instances/orig_ams_fg/10R_10V_02I_04M/t2/lr204/;60000;1838;0;1327.03;21;11;H;50;95;0;100.0;30.0;true;0.95;100.0;1.0;1.0;1.0;1.0;60;M;55196;60000;false;38;0.52;88.45;0.73;19;10;1000000;-1;3600;9.57;0.38;0.71;mslp;heur;0.24;0.69;-1;3600;60000;I;10;0.5;0.2;lr204;0;/dados/rmelo/PDPTW-SE/benchmark_multi_island_v5/official_experiments/multistartlp/official/set_01_pt_01/logs;0;0;0;0.0;91.99;1;24;/dados/rmelo/PDPTW-SE/benchmark_multi_island_v5/official_experiments/multistartlp/official/set_01_pt_01/logs/heur_mslp/solutions/10R_10V_02I_04M/lr204_sol_genconfig_mslp_seed_24.txt;Gurobi;AUTOMATIC;18.25;_bash_1;_seed_24;5739.79;1;6.47;/dados/rmelo/PDPTW-SE/benchmark_multi_island_v5/official_experiments/multistartlp/official/set_01_pt_01/logs/heur_mslp/timelines/10R_10V_02I_04M/lr204_timeline_genconfig_mslp_seed_24.txt;194.33;t2;0;758.42;false
0.05;0.0;0.03;0.03;0.0;0.0;11;/dados/rmelo/PDPTW-SE/benchmark_multi_island_v5/official_experiments/multistartlp/official/set_01_pt_01/logs/heur_mslp/outputs/csvresults_heur_mslp_bash_1.csv;0;3;1;22;0;0.0;0.5;true;12;2;lr205_t2_10R_10V_02I_03M;/dados/rmelo/PDPTW-SE/benchmark_multi_island_v5/official_experiments/multistartlp/official/set_01_pt_01/configs/genconfig_mslp.conf;genconfig_mslp;/dados/rmelo/PDPTW-SE/benchmark_multi_island_v5/official_experiments/multistartlp/official/set_01_pt_01/logs/heur_mslp/gurobi/10R_10V_02I_03M/lr205_grb_genconfig_mslp_seed_24.log;random;10R_10V_02I_03M;1;0;1;/dados/rmelo/PDPTW-SE/benchmark_multi_island_v5/official_experiments/multistartlp/official/set_01_pt_01/../../../../instances/orig_ams_fg/10R_10V_02I_04M/t2/lr205/;60000;26853;0;1879.27;21;11;H;50;95;0;100.0;30.0;true;0.95;100.0;1.0;1.0;1.0;1.0;60;M;60000;60000;false;52;0.6;81.38;1.0;26;10;1000000;-1;3600;31.29;0.38;0.94;mslp;heur;0.16;0.88;-1;3600;60000;I;10;0.33;0.2;lr205;0;/dados/rmelo/PDPTW-SE/benchmark_multi_island_v5/official_experiments/multistartlp/official/set_01_pt_01/logs;0;0;0;0.0;100.0;1;24;/dados/rmelo/PDPTW-SE/benchmark_multi_island_v5/official_experiments/multistartlp/official/set_01_pt_01/logs/heur_mslp/solutions/10R_10V_02I_03M/lr205_sol_genconfig_mslp_seed_24.txt;Gurobi;AUTOMATIC;17.9;_bash_1;_seed_24;18772.59;1;64.51;/dados/rmelo/PDPTW-SE/benchmark_multi_island_v5/official_experiments/multistartlp/official/set_01_pt_01/logs/heur_mslp/timelines/10R_10V_02I_03M/lr205_timeline_genconfig_mslp_seed_24.txt;144.56;t2;0;757.24;false
0.05;0.0;0.03;0.03;0.0;0.0;11;/dados/rmelo/PDPTW-SE/benchmark_multi_island_v5/official_experiments/multistartlp/official/set_01_pt_01/logs/heur_mslp/outputs/csvresults_heur_mslp_bash_1.csv;0;4;1;22;0;0.0;0.5;true;12;2;lr205_t2_10R_10V_02I_04M;/dados/rmelo/PDPTW-SE/benchmark_multi_island_v5/official_experiments/multistartlp/official/set_01_pt_01/configs/genconfig_mslp.conf;genconfig_mslp;/dados/rmelo/PDPTW-SE/benchmark_multi_island_v5/official_experiments/multistartlp/official/set_01_pt_01/logs/heur_mslp/gurobi/10R_10V_02I_04M/lr205_grb_genconfig_mslp_seed_24.log;random;10R_10V_02I_04M;1;0;1;/dados/rmelo/PDPTW-SE/benchmark_multi_island_v5/official_experiments/multistartlp/official/set_01_pt_01/../../../../instances/orig_ams_fg/10R_10V_02I_04M/t2/lr205/;60000;26853;0;1879.27;21;11;H;50;95;0;100.0;30.0;true;0.95;100.0;1.0;1.0;1.0;1.0;60;M;60000;60000;false;52;0.6;81.38;1.0;26;10;1000000;-1;3600;31.29;0.38;0.94;mslp;heur;0.16;0.88;-1;3600;60000;I;10;0.25;0.2;lr205;0;/dados/rmelo/PDPTW-SE/benchmark_multi_island_v5/official_experiments/multistartlp/official/set_01_pt_01/logs;0;0;0;0.0;100.0;1;24;/dados/rmelo/PDPTW-SE/benchmark_multi_island_v5/official_experiments/multistartlp/official/set_01_pt_01/logs/heur_mslp/solutions/10R_10V_02I_04M/lr205_sol_genconfig_mslp_seed_24.txt;Gurobi;AUTOMATIC;18.12;_bash_1;_seed_24;18773.51;1;67.76;/dados/rmelo/PDPTW-SE/benchmark_multi_island_v5/official_experiments/multistartlp/official/set_01_pt_01/logs/heur_mslp/timelines/10R_10V_02I_04M/lr205_timeline_genconfig_mslp_seed_24.txt;150.55;t2;0;757.24;false
0.05;0.27;0.4;0.68;0.02;0.2;3;/dados/rmelo/PDPTW-SE/benchmark_multi_island_v5/official_experiments/multistartlp/official/set_01_pt_01/logs/heur_mslp/outputs/csvresults_heur_mslp_bash_1.csv;0;3;1;22;0;0.0;0.5;true;12;2;lr101_t1_10R_10V_04I_03M;/dados/rmelo/PDPTW-SE/benchmark_multi_island_v5/official_experiments/multistartlp/official/set_01_pt_01/configs/genconfig_mslp.conf;genconfig_mslp;/dados/rmelo/PDPTW-SE/benchmark_multi_island_v5/official_experiments/multistartlp/official/set_01_pt_01/logs/heur_mslp/gurobi/10R_10V_04I_03M/lr101_grb_genconfig_mslp_seed_24.log;random;10R_10V_04I_03M;1;59813;1;/dados/rmelo/PDPTW-SE/benchmark_multi_island_v5/official_experiments/multistartlp/official/set_01_pt_01/../../../../instances/orig_ams_fg/10R_10V_04I_04M/t1/lr101/;60000;840;0;1745.71;21;11;H;50;95;0;100.0;30.0;true;0.95;100.0;1.0;1.0;1.0;1.0;60;M;187;187;false;52;0.89;90.23;0.5;26;10;1000000;-1;3600;22.14;0.58;0.32;mslp;heur;0.42;0.17;-1;3600;60000;I;10;1.0;0.9;lr101;0;/dados/rmelo/PDPTW-SE/benchmark_multi_island_v5/official_experiments/multistartlp/official/set_01_pt_01/logs;0;0;0;99.69;100.0;1;24;/dados/rmelo/PDPTW-SE/benchmark_multi_island_v5/official_experiments/multistartlp/official/set_01_pt_01/logs/heur_mslp/solutions/10R_10V_04I_03M/lr101_sol_genconfig_mslp_seed_24.txt;Gurobi;AUTOMATIC;18.13;_bash_1;_seed_24;41.4;1;0.5;/dados/rmelo/PDPTW-SE/benchmark_multi_island_v5/official_experiments/multistartlp/official/set_01_pt_01/logs/heur_mslp/timelines/10R_10V_04I_03M/lr101_timeline_genconfig_mslp_seed_24.txt;14.01;t1;0;1275.66;false
0.05;0.18;0.31;0.48;0.0;0.17;6;/dados/rmelo/PDPTW-SE/benchmark_multi_island_v5/official_experiments/multistartlp/official/set_01_pt_01/logs/heur_mslp/outputs/csvresults_heur_mslp_bash_1.csv;0;4;1;22;0;0.0;0.5;true;12;2;lr101_t1_10R_10V_04I_04M;/dados/rmelo/PDPTW-SE/benchmark_multi_island_v5/official_experiments/multistartlp/official/set_01_pt_01/configs/genconfig_mslp.conf;genconfig_mslp;/dados/rmelo/PDPTW-SE/benchmark_multi_island_v5/official_experiments/multistartlp/official/set_01_pt_01/logs/heur_mslp/gurobi/10R_10V_04I_04M/lr101_grb_genconfig_mslp_seed_24.log;random;10R_10V_04I_04M;1;36178;1;/dados/rmelo/PDPTW-SE/benchmark_multi_island_v5/official_experiments/multistartlp/official/set_01_pt_01/../../../../instances/orig_ams_fg/10R_10V_04I_04M/t1/lr101/;60000;1034;0;1641.15;21;11;H;50;95;0;100.0;30.0;true;0.95;100.0;1.0;1.0;1.0;1.0;60;M;23822;23822;false;52;0.93;88.67;0.59;26;10;1000000;-1;3600;21.12;0.55;0.32;mslp;heur;0.35;0.13;-1;3600;60000;I;10;1.0;0.9;lr101;0;/dados/rmelo/PDPTW-SE/benchmark_multi_island_v5/official_experiments/multistartlp/official/set_01_pt_01/logs;0;0;0;60.3;100.0;1;24;/dados/rmelo/PDPTW-SE/benchmark_multi_island_v5/official_experiments/multistartlp/official/set_01_pt_01/logs/heur_mslp/solutions/10R_10V_04I_04M/lr101_sol_genconfig_mslp_seed_24.txt;Gurobi;AUTOMATIC;18.27;_bash_1;_seed_24;5030.68;1;1.45;/dados/rmelo/PDPTW-SE/benchmark_multi_island_v5/official_experiments/multistartlp/official/set_01_pt_01/logs/heur_mslp/timelines/10R_10V_04I_04M/lr101_timeline_genconfig_mslp_seed_24.txt;67.56;t1;0;1207.27;false
0.05;0.19;0.27;0.46;0.01;0.03;6;/dados/rmelo/PDPTW-SE/benchmark_multi_island_v5/official_experiments/multistartlp/official/set_01_pt_01/logs/heur_mslp/outputs/csvresults_heur_mslp_bash_1.csv;0;3;1;22;0;0.0;0.5;true;12;2;lr102_t1_10R_10V_04I_03M;/dados/rmelo/PDPTW-SE/benchmark_multi_island_v5/official_experiments/multistartlp/official/set_01_pt_01/configs/genconfig_mslp.conf;genconfig_mslp;/dados/rmelo/PDPTW-SE/benchmark_multi_island_v5/official_experiments/multistartlp/official/set_01_pt_01/logs/heur_mslp/gurobi/10R_10V_04I_03M/lr102_grb_genconfig_mslp_seed_24.log;random;10R_10V_04I_03M;1;42090;1;/dados/rmelo/PDPTW-SE/benchmark_multi_island_v5/official_experiments/multistartlp/official/set_01_pt_01/../../../../instances/orig_ams_fg/10R_10V_04I_04M/t1/lr102/;60000;1066;0;1326.38;21;11;H;50;95;0;100.0;30.0;true;0.95;100.0;1.0;1.0;1.0;1.0;60;M;17910;17910;false;58;0.91;77.99;0.84;29;10;1000000;-1;3600;12.81;0.67;0.52;mslp;heur;0.26;0.28;-1;3600;60000;I;10;1.0;0.6;lr102;0;/dados/rmelo/PDPTW-SE/benchmark_multi_island_v5/official_experiments/multistartlp/official/set_01_pt_01/logs;0;0;0;70.15;100.0;1;24;/dados/rmelo/PDPTW-SE/benchmark_multi_island_v5/official_experiments/multistartlp/official/set_01_pt_01/logs/heur_mslp/solutions/10R_10V_04I_03M/lr102_sol_genconfig_mslp_seed_24.txt;Gurobi;AUTOMATIC;18.4;_bash_1;_seed_24;2293.58;1;1.27;/dados/rmelo/PDPTW-SE/benchmark_multi_island_v5/official_experiments/multistartlp/official/set_01_pt_01/logs/heur_mslp/timelines/10R_10V_04I_03M/lr102_timeline_genconfig_mslp_seed_24.txt;54.38;t1;0;943.35;false
0.05;0.04;0.21;0.25;0.0;0.03;8;/dados/rmelo/PDPTW-SE/benchmark_multi_island_v5/official_experiments/multistartlp/official/set_01_pt_01/logs/heur_mslp/outputs/csvresults_heur_mslp_bash_1.csv;0;4;1;22;0;0.0;0.5;true;12;2;lr102_t1_10R_10V_04I_04M;/dados/rmelo/PDPTW-SE/benchmark_multi_island_v5/official_experiments/multistartlp/official/set_01_pt_01/configs/genconfig_mslp.conf;genconfig_mslp;/dados/rmelo/PDPTW-SE/benchmark_multi_island_v5/official_experiments/multistartlp/official/set_01_pt_01/logs/heur_mslp/gurobi/10R_10V_04I_04M/lr102_grb_genconfig_mslp_seed_24.log;random;10R_10V_04I_04M;1;17845;1;/dados/rmelo/PDPTW-SE/benchmark_multi_island_v5/official_experiments/multistartlp/official/set_01_pt_01/../../../../instances/orig_ams_fg/10R_10V_04I_04M/t1/lr102/;60000;17602;0;1170.06;21;11;H;50;95;0;100.0;30.0;true;0.95;100.0;1.0;1.0;1.0;1.0;60;M;42155;42155;false;58;0.82;76.71;0.96;29;10;1000000;-1;3600;12.0;0.67;0.53;mslp;heur;0.36;0.04;-1;3600;60000;I;10;1.0;0.6;lr102;0;/dados/rmelo/PDPTW-SE/benchmark_multi_island_v5/official_experiments/multistartlp/official/set_01_pt_01/logs;0;0;0;29.74;100.0;1;24;/dados/rmelo/PDPTW-SE/benchmark_multi_island_v5/official_experiments/multistartlp/official/set_01_pt_01/logs/heur_mslp/solutions/10R_10V_04I_04M/lr102_sol_genconfig_mslp_seed_24.txt;Gurobi;AUTOMATIC;18.17;_bash_1;_seed_24;5060.6;1;32.9;/dados/rmelo/PDPTW-SE/benchmark_multi_island_v5/official_experiments/multistartlp/official/set_01_pt_01/logs/heur_mslp/timelines/10R_10V_04I_04M/lr102_timeline_genconfig_mslp_seed_24.txt;110.44;t1;0;938.67;false
0.05;0.09;0.17;0.27;0.0;0.0;7;/dados/rmelo/PDPTW-SE/benchmark_multi_island_v5/official_experiments/multistartlp/official/set_01_pt_01/logs/heur_mslp/outputs/csvresults_heur_mslp_bash_1.csv;0;3;1;22;0;0.0;0.5;true;12;2;lr103_t1_10R_10V_04I_03M;/dados/rmelo/PDPTW-SE/benchmark_multi_island_v5/official_experiments/multistartlp/official/set_01_pt_01/configs/genconfig_mslp.conf;genconfig_mslp;/dados/rmelo/PDPTW-SE/benchmark_multi_island_v5/official_experiments/multistartlp/official/set_01_pt_01/logs/heur_mslp/gurobi/10R_10V_04I_03M/lr103_grb_genconfig_mslp_seed_24.log;random;10R_10V_04I_03M;1;13868;1;/dados/rmelo/PDPTW-SE/benchmark_multi_island_v5/official_experiments/multistartlp/official/set_01_pt_01/../../../../instances/orig_ams_fg/10R_10V_04I_04M/t1/lr103/;60000;651;0;743.02;21;11;H;50;95;0;100.0;30.0;true;0.95;100.0;1.0;1.0;1.0;1.0;60;M;46132;46132;false;38;0.97;67.2;0.78;19;10;1000000;-1;3600;15.05;0.67;0.64;mslp;heur;0.39;0.58;-1;3600;60000;I;10;1.0;0.4;lr103;0;/dados/rmelo/PDPTW-SE/benchmark_multi_island_v5/official_experiments/multistartlp/official/set_01_pt_01/logs;0;0;0;23.11;100.0;1;24;/dados/rmelo/PDPTW-SE/benchmark_multi_island_v5/official_experiments/multistartlp/official/set_01_pt_01/logs/heur_mslp/solutions/10R_10V_04I_03M/lr103_sol_genconfig_mslp_seed_24.txt;Gurobi;AUTOMATIC;18.3;_bash_1;_seed_24;6941.39;1;1.7;/dados/rmelo/PDPTW-SE/benchmark_multi_island_v5/official_experiments/multistartlp/official/set_01_pt_01/logs/heur_mslp/timelines/10R_10V_04I_03M/lr103_timeline_genconfig_mslp_seed_24.txt;121.94;t1;0;615.06;false
0.05;0.0;0.17;0.17;0.0;0.0;6;/dados/rmelo/PDPTW-SE/benchmark_multi_island_v5/official_experiments/multistartlp/official/set_01_pt_01/logs/heur_mslp/outputs/csvresults_heur_mslp_bash_1.csv;0;4;1;22;0;0.0;0.5;true;12;2;lr103_t1_10R_10V_04I_04M;/dados/rmelo/PDPTW-SE/benchmark_multi_island_v5/official_experiments/multistartlp/official/set_01_pt_01/configs/genconfig_mslp.conf;genconfig_mslp;/dados/rmelo/PDPTW-SE/benchmark_multi_island_v5/official_experiments/multistartlp/official/set_01_pt_01/logs/heur_mslp/gurobi/10R_10V_04I_04M/lr103_grb_genconfig_mslp_seed_24.log;random;10R_10V_04I_04M;1;2606;1;/dados/rmelo/PDPTW-SE/benchmark_multi_island_v5/official_experiments/multistartlp/official/set_01_pt_01/../../../../instances/orig_ams_fg/10R_10V_04I_04M/t1/lr103/;60000;87;0;773.48;21;11;H;50;95;0;100.0;30.0;true;0.95;100.0;1.0;1.0;1.0;1.0;60;M;57394;57394;false;38;0.97;66.73;0.96;19;10;1000000;-1;3600;13.77;0.66;0.69;mslp;heur;0.38;0.5;-1;3600;60000;I;10;0.75;0.4;lr103;0;/dados/rmelo/PDPTW-SE/benchmark_multi_island_v5/official_experiments/multistartlp/official/set_01_pt_01/logs;0;0;0;4.34;100.0;1;24;/dados/rmelo/PDPTW-SE/benchmark_multi_island_v5/official_experiments/multistartlp/official/set_01_pt_01/logs/heur_mslp/solutions/10R_10V_04I_04M/lr103_sol_genconfig_mslp_seed_24.txt;Gurobi;AUTOMATIC;18.0;_bash_1;_seed_24;7903.75;1;0.56;/dados/rmelo/PDPTW-SE/benchmark_multi_island_v5/official_experiments/multistartlp/official/set_01_pt_01/logs/heur_mslp/timelines/10R_10V_04I_04M/lr103_timeline_genconfig_mslp_seed_24.txt;151.43;t1;0;611.6;false
0.05;0.11;0.23;0.34;0.0;0.0;9;/dados/rmelo/PDPTW-SE/benchmark_multi_island_v5/official_experiments/multistartlp/official/set_01_pt_01/logs/heur_mslp/outputs/csvresults_heur_mslp_bash_1.csv;0;3;1;22;0;0.0;0.5;true;12;2;lr104_t1_10R_10V_04I_03M;/dados/rmelo/PDPTW-SE/benchmark_multi_island_v5/official_experiments/multistartlp/official/set_01_pt_01/configs/genconfig_mslp.conf;genconfig_mslp;/dados/rmelo/PDPTW-SE/benchmark_multi_island_v5/official_experiments/multistartlp/official/set_01_pt_01/logs/heur_mslp/gurobi/10R_10V_04I_03M/lr104_grb_genconfig_mslp_seed_24.log;random;10R_10V_04I_03M;1;5942;1;/dados/rmelo/PDPTW-SE/benchmark_multi_island_v5/official_experiments/multistartlp/official/set_01_pt_01/../../../../instances/orig_ams_fg/10R_10V_04I_04M/t1/lr104/;60000;34747;0;896.43;21;11;H;50;95;0;100.0;30.0;true;0.95;100.0;1.0;1.0;1.0;1.0;60;M;54058;54058;false;40;0.82;74.36;0.73;20;10;1000000;-1;3600;12.95;0.65;0.5;mslp;heur;0.48;0.28;-1;3600;60000;I;10;1.0;0.5;lr104;0;/dados/rmelo/PDPTW-SE/benchmark_multi_island_v5/official_experiments/multistartlp/official/set_01_pt_01/logs;0;0;0;9.9;100.0;1;24;/dados/rmelo/PDPTW-SE/benchmark_multi_island_v5/official_experiments/multistartlp/official/set_01_pt_01/logs/heur_mslp/solutions/10R_10V_04I_03M/lr104_sol_genconfig_mslp_seed_24.txt;Gurobi;AUTOMATIC;18.09;_bash_1;_seed_24;7000.57;1;78.1;/dados/rmelo/PDPTW-SE/benchmark_multi_island_v5/official_experiments/multistartlp/official/set_01_pt_01/logs/heur_mslp/timelines/10R_10V_04I_03M/lr104_timeline_genconfig_mslp_seed_24.txt;134.18;t1;0;745.94;false
0.05;0.11;0.23;0.34;0.0;0.0;15;/dados/rmelo/PDPTW-SE/benchmark_multi_island_v5/official_experiments/multistartlp/official/set_01_pt_01/logs/heur_mslp/outputs/csvresults_heur_mslp_bash_1.csv;0;4;1;22;0;0.0;0.5;true;12;2;lr104_t1_10R_10V_04I_04M;/dados/rmelo/PDPTW-SE/benchmark_multi_island_v5/official_experiments/multistartlp/official/set_01_pt_01/configs/genconfig_mslp.conf;genconfig_mslp;/dados/rmelo/PDPTW-SE/benchmark_multi_island_v5/official_experiments/multistartlp/official/set_01_pt_01/logs/heur_mslp/gurobi/10R_10V_04I_04M/lr104_grb_genconfig_mslp_seed_24.log;random;10R_10V_04I_04M;1;57;1;/dados/rmelo/PDPTW-SE/benchmark_multi_island_v5/official_experiments/multistartlp/official/set_01_pt_01/../../../../instances/orig_ams_fg/10R_10V_04I_04M/t1/lr104/;60000;9200;0;913.18;21;11;H;50;95;0;100.0;30.0;true;0.95;100.0;1.0;1.0;1.0;1.0;60;M;59943;59943;false;40;0.82;74.24;0.77;20;10;1000000;-1;3600;12.74;0.65;0.59;mslp;heur;0.48;0.42;-1;3600;60000;I;10;0.75;0.5;lr104;0;/dados/rmelo/PDPTW-SE/benchmark_multi_island_v5/official_experiments/multistartlp/official/set_01_pt_01/logs;0;0;0;0.1;100.0;1;24;/dados/rmelo/PDPTW-SE/benchmark_multi_island_v5/official_experiments/multistartlp/official/set_01_pt_01/logs/heur_mslp/solutions/10R_10V_04I_04M/lr104_sol_genconfig_mslp_seed_24.txt;Gurobi;AUTOMATIC;18.31;_bash_1;_seed_24;7636.69;1;23.84;/dados/rmelo/PDPTW-SE/benchmark_multi_island_v5/official_experiments/multistartlp/official/set_01_pt_01/logs/heur_mslp/timelines/10R_10V_04I_04M/lr104_timeline_genconfig_mslp_seed_24.txt;151.78;t1;0;745.94;false
0.05;0.1;0.18;0.28;0.0;0.03;5;/dados/rmelo/PDPTW-SE/benchmark_multi_island_v5/official_experiments/multistartlp/official/set_01_pt_01/logs/heur_mslp/outputs/csvresults_heur_mslp_bash_1.csv;0;3;1;22;0;0.0;0.5;true;12;2;lr105_t1_10R_10V_04I_03M;/dados/rmelo/PDPTW-SE/benchmark_multi_island_v5/official_experiments/multistartlp/official/set_01_pt_01/configs/genconfig_mslp.conf;genconfig_mslp;/dados/rmelo/PDPTW-SE/benchmark_multi_island_v5/official_experiments/multistartlp/official/set_01_pt_01/logs/heur_mslp/gurobi/10R_10V_04I_03M/lr105_grb_genconfig_mslp_seed_24.log;random;10R_10V_04I_03M;1;39945;1;/dados/rmelo/PDPTW-SE/benchmark_multi_island_v5/official_experiments/multistartlp/official/set_01_pt_01/../../../../instances/orig_ams_fg/10R_10V_04I_04M/t1/lr105/;60000;334;0;880.19;21;11;H;50;95;0;100.0;30.0;true;0.95;100.0;1.0;1.0;1.0;1.0;60;M;20055;20055;false;52;0.88;87.59;0.91;26;10;1000000;-1;3600;14.35;0.73;0.65;mslp;heur;0.45;0.35;-1;3600;60000;I;10;1.0;0.4;lr105;0;/dados/rmelo/PDPTW-SE/benchmark_multi_island_v5/official_experiments/multistartlp/official/set_01_pt_01/logs;0;0;0;66.58;100.0;1;24;/dados/rmelo/PDPTW-SE/benchmark_multi_island_v5/official_experiments/multistartlp/official/set_01_pt_01/logs/heur_mslp/solutions/10R_10V_04I_03M/lr105_sol_genconfig_mslp_seed_24.txt;Gurobi;AUTOMATIC;17.96;_bash_1;_seed_24;2877.65;1;0.63;/dados/rmelo/PDPTW-SE/benchmark_multi_island_v5/official_experiments/multistartlp/official/set_01_pt_01/logs/heur_mslp/timelines/10R_10V_04I_03M/lr105_timeline_genconfig_mslp_seed_24.txt;53.8;t1;0;668.46;false
0.05;0.02;0.14;0.16;0.0;0.03;5;/dados/rmelo/PDPTW-SE/benchmark_multi_island_v5/official_experiments/multistartlp/official/set_01_pt_01/logs/heur_mslp/outputs/csvresults_heur_mslp_bash_1.csv;0;4;1;22;0;0.0;0.5;true;12;2;lr105_t1_10R_10V_04I_04M;/dados/rmelo/PDPTW-SE/benchmark_multi_island_v5/official_experiments/multistartlp/official/set_01_pt_01/configs/genconfig_mslp.conf;genconfig_mslp;/dados/rmelo/PDPTW-SE/benchmark_multi_island_v5/official_experiments/multistartlp/official/set_01_pt_01/logs/heur_mslp/gurobi/10R_10V_04I_04M/lr105_grb_genconfig_mslp_seed_24.log;random;10R_10V_04I_04M;1;5568;1;/dados/rmelo/PDPTW-SE/benchmark_multi_island_v5/official_experiments/multistartlp/official/set_01_pt_01/../../../../instances/orig_ams_fg/10R_10V_04I_04M/t1/lr105/;60000;64;0;895.43;21;11;H;50;95;0;100.0;30.0;true;0.95;100.0;1.0;1.0;1.0;1.0;60;M;54432;54432;false;52;0.88;85.82;0.91;26;10;1000000;-1;3600;15.57;0.72;0.67;mslp;heur;0.45;0.44;-1;3600;60000;I;10;1.0;0.4;lr105;0;/dados/rmelo/PDPTW-SE/benchmark_multi_island_v5/official_experiments/multistartlp/official/set_01_pt_01/logs;0;0;0;9.28;100.0;1;24;/dados/rmelo/PDPTW-SE/benchmark_multi_island_v5/official_experiments/multistartlp/official/set_01_pt_01/logs/heur_mslp/solutions/10R_10V_04I_04M/lr105_sol_genconfig_mslp_seed_24.txt;Gurobi;AUTOMATIC;18.16;_bash_1;_seed_24;8473.33;1;0.41;/dados/rmelo/PDPTW-SE/benchmark_multi_island_v5/official_experiments/multistartlp/official/set_01_pt_01/logs/heur_mslp/timelines/10R_10V_04I_04M/lr105_timeline_genconfig_mslp_seed_24.txt;122.99;t1;0;665.48;false
0.05;0.04;0.05;0.09;0.0;0.25;11;/dados/rmelo/PDPTW-SE/benchmark_multi_island_v5/official_experiments/multistartlp/official/set_01_pt_01/logs/heur_mslp/outputs/csvresults_heur_mslp_bash_1.csv;0;3;1;22;0;0.0;0.5;true;12;2;lr201_t2_10R_10V_04I_03M;/dados/rmelo/PDPTW-SE/benchmark_multi_island_v5/official_experiments/multistartlp/official/set_01_pt_01/configs/genconfig_mslp.conf;genconfig_mslp;/dados/rmelo/PDPTW-SE/benchmark_multi_island_v5/official_experiments/multistartlp/official/set_01_pt_01/logs/heur_mslp/gurobi/10R_10V_04I_03M/lr201_grb_genconfig_mslp_seed_24.log;random;10R_10V_04I_03M;1;0;1;/dados/rmelo/PDPTW-SE/benchmark_multi_island_v5/official_experiments/multistartlp/official/set_01_pt_01/../../../../instances/orig_ams_fg/10R_10V_04I_04M/t2/lr201/;60000;10048;0;2061.19;21;11;H;50;95;0;100.0;30.0;true;0.95;100.0;1.0;1.0;1.0;1.0;60;M;60000;60000;false;52;0.69;75.17;0.88;26;10;1000000;-1;3600;21.91;0.42;0.69;mslp;heur;0.1;0.4;-1;3600;60000;I;10;1.0;0.3;lr201;0;/dados/rmelo/PDPTW-SE/benchmark_multi_island_v5/official_experiments/multistartlp/official/set_01_pt_01/logs;0;0;0;0.0;100.0;1;24;/dados/rmelo/PDPTW-SE/benchmark_multi_island_v5/official_experiments/multistartlp/official/set_01_pt_01/logs/heur_mslp/solutions/10R_10V_04I_03M/lr201_sol_genconfig_mslp_seed_24.txt;Gurobi;AUTOMATIC;18.25;_bash_1;_seed_24;13147.71;1;26.55;/dados/rmelo/PDPTW-SE/benchmark_multi_island_v5/official_experiments/multistartlp/official/set_01_pt_01/logs/heur_mslp/timelines/10R_10V_04I_03M/lr201_timeline_genconfig_mslp_seed_24.txt;156.21;t2;0;1271.26;false
0.05;0.03;0.04;0.07;0.0;0.25;9;/dados/rmelo/PDPTW-SE/benchmark_multi_island_v5/official_experiments/multistartlp/official/set_01_pt_01/logs/heur_mslp/outputs/csvresults_heur_mslp_bash_1.csv;0;4;1;22;0;0.0;0.5;true;12;2;lr201_t2_10R_10V_04I_04M;/dados/rmelo/PDPTW-SE/benchmark_multi_island_v5/official_experiments/multistartlp/official/set_01_pt_01/configs/genconfig_mslp.conf;genconfig_mslp;/dados/rmelo/PDPTW-SE/benchmark_multi_island_v5/official_experiments/multistartlp/official/set_01_pt_01/logs/heur_mslp/gurobi/10R_10V_04I_04M/lr201_grb_genconfig_mslp_seed_24.log;random;10R_10V_04I_04M;1;0;1;/dados/rmelo/PDPTW-SE/benchmark_multi_island_v5/official_experiments/multistartlp/official/set_01_pt_01/../../../../instances/orig_ams_fg/10R_10V_04I_04M/t2/lr201/;60000;5311;0;2061.19;21;11;H;50;95;0;100.0;30.0;true;0.95;100.0;1.0;1.0;1.0;1.0;60;M;60000;60000;false;52;0.69;75.04;0.88;26;10;1000000;-1;3600;22.1;0.42;0.73;mslp;heur;0.1;0.5;-1;3600;60000;I;10;1.0;0.3;lr201;0;/dados/rmelo/PDPTW-SE/benchmark_multi_island_v5/official_experiments/multistartlp/official/set_01_pt_01/logs;0;0;0;0.0;100.0;1;24;/dados/rmelo/PDPTW-SE/benchmark_multi_island_v5/official_experiments/multistartlp/official/set_01_pt_01/logs/heur_mslp/solutions/10R_10V_04I_04M/lr201_sol_genconfig_mslp_seed_24.txt;Gurobi;AUTOMATIC;18.3;_bash_1;_seed_24;13261.16;1;15.03;/dados/rmelo/PDPTW-SE/benchmark_multi_island_v5/official_experiments/multistartlp/official/set_01_pt_01/logs/heur_mslp/timelines/10R_10V_04I_04M/lr201_timeline_genconfig_mslp_seed_24.txt;163.09;t2;0;1271.26;false
0.05;0.04;0.11;0.14;0.01;0.0;9;/dados/rmelo/PDPTW-SE/benchmark_multi_island_v5/official_experiments/multistartlp/official/set_01_pt_01/logs/heur_mslp/outputs/csvresults_heur_mslp_bash_1.csv;0;3;1;22;0;0.0;0.5;true;12;2;lr202_t2_10R_10V_04I_03M;/dados/rmelo/PDPTW-SE/benchmark_multi_island_v5/official_experiments/multistartlp/official/set_01_pt_01/configs/genconfig_mslp.conf;genconfig_mslp;/dados/rmelo/PDPTW-SE/benchmark_multi_island_v5/official_experiments/multistartlp/official/set_01_pt_01/logs/heur_mslp/gurobi/10R_10V_04I_03M/lr202_grb_genconfig_mslp_seed_24.log;random;10R_10V_04I_03M;1;26117;1;/dados/rmelo/PDPTW-SE/benchmark_multi_island_v5/official_experiments/multistartlp/official/set_01_pt_01/../../../../instances/orig_ams_fg/10R_10V_04I_04M/t2/lr202/;60000;54816;0;2056.46;21;11;H;50;95;0;100.0;30.0;true;0.95;100.0;1.0;1.0;1.0;1.0;60;M;33883;33883;false;46;0.63;82.05;0.91;23;10;1000000;-1;3600;25.31;0.49;0.79;mslp;heur;0.35;0.67;-1;3600;60000;I;10;1.0;0.2;lr202;0;/dados/rmelo/PDPTW-SE/benchmark_multi_island_v5/official_experiments/multistartlp/official/set_01_pt_01/logs;0;0;0;43.53;100.0;1;24;/dados/rmelo/PDPTW-SE/benchmark_multi_island_v5/official_experiments/multistartlp/official/set_01_pt_01/logs/heur_mslp/solutions/10R_10V_04I_03M/lr202_sol_genconfig_mslp_seed_24.txt;Gurobi;AUTOMATIC;18.07;_bash_1;_seed_24;8574.74;1;113.07;/dados/rmelo/PDPTW-SE/benchmark_multi_island_v5/official_experiments/multistartlp/official/set_01_pt_01/logs/heur_mslp/timelines/10R_10V_04I_03M/lr202_timeline_genconfig_mslp_seed_24.txt;123.75;t2;0;978.55;false
0.05;0.04;0.11;0.14;0.0;0.0;13;/dados/rmelo/PDPTW-SE/benchmark_multi_island_v5/official_experiments/multistartlp/official/set_01_pt_01/logs/heur_mslp/outputs/csvresults_heur_mslp_bash_1.csv;0;4;1;22;0;0.0;0.5;true;12;2;lr202_t2_10R_10V_04I_04M;/dados/rmelo/PDPTW-SE/benchmark_multi_island_v5/official_experiments/multistartlp/official/set_01_pt_01/configs/genconfig_mslp.conf;genconfig_mslp;/dados/rmelo/PDPTW-SE/benchmark_multi_island_v5/official_experiments/multistartlp/official/set_01_pt_01/logs/heur_mslp/gurobi/10R_10V_04I_04M/lr202_grb_genconfig_mslp_seed_24.log;random;10R_10V_04I_04M;1;1761;1;/dados/rmelo/PDPTW-SE/benchmark_multi_island_v5/official_experiments/multistartlp/official/set_01_pt_01/../../../../instances/orig_ams_fg/10R_10V_04I_04M/t2/lr202/;60000;50007;0;1945.75;21;11;H;50;95;0;100.0;30.0;true;0.95;100.0;1.0;1.0;1.0;1.0;60;M;58239;58239;false;46;0.68;81.06;0.91;23;10;1000000;-1;3600;27.84;0.47;0.66;mslp;heur;0.26;0.41;-1;3600;60000;I;10;0.75;0.2;lr202;0;/dados/rmelo/PDPTW-SE/benchmark_multi_island_v5/official_experiments/multistartlp/official/set_01_pt_01/logs;0;0;0;2.94;100.0;1;24;/dados/rmelo/PDPTW-SE/benchmark_multi_island_v5/official_experiments/multistartlp/official/set_01_pt_01/logs/heur_mslp/solutions/10R_10V_04I_04M/lr202_sol_genconfig_mslp_seed_24.txt;Gurobi;AUTOMATIC;18.33;_bash_1;_seed_24;16212.71;1;163.12;/dados/rmelo/PDPTW-SE/benchmark_multi_island_v5/official_experiments/multistartlp/official/set_01_pt_01/logs/heur_mslp/timelines/10R_10V_04I_04M/lr202_timeline_genconfig_mslp_seed_24.txt;195.64;t2;0;944.47;false
0.05;0.02;0.07;0.09;0.02;0.04;9;/dados/rmelo/PDPTW-SE/benchmark_multi_island_v5/official_experiments/multistartlp/official/set_01_pt_01/logs/heur_mslp/outputs/csvresults_heur_mslp_bash_1.csv;0;3;1;22;0;0.0;0.5;true;12;2;lr203_t2_10R_10V_04I_03M;/dados/rmelo/PDPTW-SE/benchmark_multi_island_v5/official_experiments/multistartlp/official/set_01_pt_01/configs/genconfig_mslp.conf;genconfig_mslp;/dados/rmelo/PDPTW-SE/benchmark_multi_island_v5/official_experiments/multistartlp/official/set_01_pt_01/logs/heur_mslp/gurobi/10R_10V_04I_03M/lr203_grb_genconfig_mslp_seed_24.log;random;10R_10V_04I_03M;1;0;1;/dados/rmelo/PDPTW-SE/benchmark_multi_island_v5/official_experiments/multistartlp/official/set_01_pt_01/../../../../instances/orig_ams_fg/10R_10V_04I_04M/t2/lr203/;60000;41027;0;1296.53;21;11;H;50;95;0;100.0;30.0;true;0.95;100.0;1.0;1.0;1.0;1.0;60;M;60000;60000;false;58;0.6;85.67;0.89;29;10;1000000;-1;3600;15.26;0.4;0.77;mslp;heur;0.2;0.64;-1;3600;60000;I;10;1.0;0.2;lr203;0;/dados/rmelo/PDPTW-SE/benchmark_multi_island_v5/official_experiments/multistartlp/official/set_01_pt_01/logs;0;0;0;0.0;100.0;1;24;/dados/rmelo/PDPTW-SE/benchmark_multi_island_v5/official_experiments/multistartlp/official/set_01_pt_01/logs/heur_mslp/solutions/10R_10V_04I_03M/lr203_sol_genconfig_mslp_seed_24.txt;Gurobi;AUTOMATIC;17.93;_bash_1;_seed_24;9154.22;1;157.39;/dados/rmelo/PDPTW-SE/benchmark_multi_island_v5/official_experiments/multistartlp/official/set_01_pt_01/logs/heur_mslp/timelines/10R_10V_04I_03M/lr203_timeline_genconfig_mslp_seed_24.txt;230.13;t2;0;795.51;false
0.05;0.01;0.05;0.06;0.03;0.03;9;/dados/rmelo/PDPTW-SE/benchmark_multi_island_v5/official_experiments/multistartlp/official/set_01_pt_01/logs/heur_mslp/outputs/csvresults_heur_mslp_bash_1.csv;0;4;1;22;0;0.0;0.5;true;12;2;lr203_t2_10R_10V_04I_04M;/dados/rmelo/PDPTW-SE/benchmark_multi_island_v5/official_experiments/multistartlp/official/set_01_pt_01/configs/genconfig_mslp.conf;genconfig_mslp;/dados/rmelo/PDPTW-SE/benchmark_multi_island_v5/official_experiments/multistartlp/official/set_01_pt_01/logs/heur_mslp/gurobi/10R_10V_04I_04M/lr203_grb_genconfig_mslp_seed_24.log;random;10R_10V_04I_04M;1;0;1;/dados/rmelo/PDPTW-SE/benchmark_multi_island_v5/official_experiments/multistartlp/official/set_01_pt_01/../../../../instances/orig_ams_fg/10R_10V_04I_04M/t2/lr203/;60000;7590;0;1296.53;21;11;H;50;95;0;100.0;30.0;true;0.95;100.0;1.0;1.0;1.0;1.0;60;M;60000;60000;false;58;0.59;80.51;0.89;29;10;1000000;-1;3600;16.69;0.39;0.83;mslp;heur;0.2;0.77;-1;3600;60000;I;10;1.0;0.2;lr203;0;/dados/rmelo/PDPTW-SE/benchmark_multi_island_v5/official_experiments/multistartlp/official/set_01_pt_01/logs;0;0;0;0.0;100.0;1;24;/dados/rmelo/PDPTW-SE/benchmark_multi_island_v5/official_experiments/multistartlp/official/set_01_pt_01/logs/heur_mslp/solutions/10R_10V_04I_04M/lr203_sol_genconfig_mslp_seed_24.txt;Gurobi;AUTOMATIC;18.56;_bash_1;_seed_24;10014.1;1;31.99;/dados/rmelo/PDPTW-SE/benchmark_multi_island_v5/official_experiments/multistartlp/official/set_01_pt_01/logs/heur_mslp/timelines/10R_10V_04I_04M/lr203_timeline_genconfig_mslp_seed_24.txt;249.8;t2;0;787.74;false
0.05;0.04;0.06;0.1;0.0;0.0;7;/dados/rmelo/PDPTW-SE/benchmark_multi_island_v5/official_experiments/multistartlp/official/set_01_pt_01/logs/heur_mslp/outputs/csvresults_heur_mslp_bash_1.csv;0;3;1;22;0;0.0;0.5;true;12;2;lr204_t2_10R_10V_04I_03M;/dados/rmelo/PDPTW-SE/benchmark_multi_island_v5/official_experiments/multistartlp/official/set_01_pt_01/configs/genconfig_mslp.conf;genconfig_mslp;/dados/rmelo/PDPTW-SE/benchmark_multi_island_v5/official_experiments/multistartlp/official/set_01_pt_01/logs/heur_mslp/gurobi/10R_10V_04I_03M/lr204_grb_genconfig_mslp_seed_24.log;random;10R_10V_04I_03M;1;0;1;/dados/rmelo/PDPTW-SE/benchmark_multi_island_v5/official_experiments/multistartlp/official/set_01_pt_01/../../../../instances/orig_ams_fg/10R_10V_04I_04M/t2/lr204/;60000;33888;0;1349.86;21;11;H;50;95;0;100.0;30.0;true;0.95;100.0;1.0;1.0;1.0;1.0;60;M;56283;60000;false;38;0.61;82.88;0.82;19;10;1000000;-1;3600;8.52;0.39;0.66;mslp;heur;0.17;0.5;-1;3600;60000;I;10;1.0;0.2;lr204;0;/dados/rmelo/PDPTW-SE/benchmark_multi_island_v5/official_experiments/multistartlp/official/set_01_pt_01/logs;0;0;0;0.0;93.8;1;24;/dados/rmelo/PDPTW-SE/benchmark_multi_island_v5/official_experiments/multistartlp/official/set_01_pt_01/logs/heur_mslp/solutions/10R_10V_04I_03M/lr204_sol_genconfig_mslp_seed_24.txt;Gurobi;AUTOMATIC;18.21;_bash_1;_seed_24;5109.17;1;139.98;/dados/rmelo/PDPTW-SE/benchmark_multi_island_v5/official_experiments/multistartlp/official/set_01_pt_01/logs/heur_mslp/timelines/10R_10V_04I_03M/lr204_timeline_genconfig_mslp_seed_24.txt;247.27;t2;0;785.36;false
0.05;0.03;0.05;0.08;0.0;0.0;7;/dados/rmelo/PDPTW-SE/benchmark_multi_island_v5/official_experiments/multistartlp/official/set_01_pt_01/logs/heur_mslp/outputs/csvresults_heur_mslp_bash_1.csv;0;4;1;22;0;0.0;0.5;true;12;2;lr204_t2_10R_10V_04I_04M;/dados/rmelo/PDPTW-SE/benchmark_multi_island_v5/official_experiments/multistartlp/official/set_01_pt_01/configs/genconfig_mslp.conf;genconfig_mslp;/dados/rmelo/PDPTW-SE/benchmark_multi_island_v5/official_experiments/multistartlp/official/set_01_pt_01/logs/heur_mslp/gurobi/10R_10V_04I_04M/lr204_grb_genconfig_mslp_seed_24.log;random;10R_10V_04I_04M;1;0;1;/dados/rmelo/PDPTW-SE/benchmark_multi_island_v5/official_experiments/multistartlp/official/set_01_pt_01/../../../../instances/orig_ams_fg/10R_10V_04I_04M/t2/lr204/;60000;1881;0;1323.52;21;11;H;50;95;0;100.0;30.0;true;0.95;100.0;1.0;1.0;1.0;1.0;60;M;56451;60000;false;38;0.6;82.88;0.87;19;10;1000000;-1;3600;8.27;0.39;0.8;mslp;heur;0.17;0.73;-1;3600;60000;I;10;1.0;0.2;lr204;0;/dados/rmelo/PDPTW-SE/benchmark_multi_island_v5/official_experiments/multistartlp/official/set_01_pt_01/logs;0;0;0;0.0;94.08;1;24;/dados/rmelo/PDPTW-SE/benchmark_multi_island_v5/official_experiments/multistartlp/official/set_01_pt_01/logs/heur_mslp/solutions/10R_10V_04I_04M/lr204_sol_genconfig_mslp_seed_24.txt;Gurobi;AUTOMATIC;18.17;_bash_1;_seed_24;4962.36;1;8.6;/dados/rmelo/PDPTW-SE/benchmark_multi_island_v5/official_experiments/multistartlp/official/set_01_pt_01/logs/heur_mslp/timelines/10R_10V_04I_04M/lr204_timeline_genconfig_mslp_seed_24.txt;260.53;t2;0;775.54;false
0.05;0.03;0.06;0.09;0.0;0.0;12;/dados/rmelo/PDPTW-SE/benchmark_multi_island_v5/official_experiments/multistartlp/official/set_01_pt_01/logs/heur_mslp/outputs/csvresults_heur_mslp_bash_1.csv;0;3;1;22;0;0.0;0.5;true;12;2;lr205_t2_10R_10V_04I_03M;/dados/rmelo/PDPTW-SE/benchmark_multi_island_v5/official_experiments/multistartlp/official/set_01_pt_01/configs/genconfig_mslp.conf;genconfig_mslp;/dados/rmelo/PDPTW-SE/benchmark_multi_island_v5/official_experiments/multistartlp/official/set_01_pt_01/logs/heur_mslp/gurobi/10R_10V_04I_03M/lr205_grb_genconfig_mslp_seed_24.log;random;10R_10V_04I_03M;1;0;1;/dados/rmelo/PDPTW-SE/benchmark_multi_island_v5/official_experiments/multistartlp/official/set_01_pt_01/../../../../instances/orig_ams_fg/10R_10V_04I_04M/t2/lr205/;60000;15114;0;1444.98;21;11;H;50;95;0;100.0;30.0;true;0.95;100.0;1.0;1.0;1.0;1.0;60;M;60000;60000;false;52;0.67;72.47;1.0;26;10;1000000;-1;3600;26.25;0.4;0.94;mslp;heur;0.13;0.88;-1;3600;60000;I;10;1.0;0.2;lr205;0;/dados/rmelo/PDPTW-SE/benchmark_multi_island_v5/official_experiments/multistartlp/official/set_01_pt_01/logs;0;0;0;0.0;100.0;1;24;/dados/rmelo/PDPTW-SE/benchmark_multi_island_v5/official_experiments/multistartlp/official/set_01_pt_01/logs/heur_mslp/solutions/10R_10V_04I_03M/lr205_sol_genconfig_mslp_seed_24.txt;Gurobi;AUTOMATIC;18.41;_bash_1;_seed_24;15749.06;1;46.22;/dados/rmelo/PDPTW-SE/benchmark_multi_island_v5/official_experiments/multistartlp/official/set_01_pt_01/logs/heur_mslp/timelines/10R_10V_04I_03M/lr205_timeline_genconfig_mslp_seed_24.txt;181.7;t2;0;799.32;false
0.05;0.01;0.04;0.05;0.0;0.0;14;/dados/rmelo/PDPTW-SE/benchmark_multi_island_v5/official_experiments/multistartlp/official/set_01_pt_01/logs/heur_mslp/outputs/csvresults_heur_mslp_bash_1.csv;0;4;1;22;0;0.0;0.5;true;12;2;lr205_t2_10R_10V_04I_04M;/dados/rmelo/PDPTW-SE/benchmark_multi_island_v5/official_experiments/multistartlp/official/set_01_pt_01/configs/genconfig_mslp.conf;genconfig_mslp;/dados/rmelo/PDPTW-SE/benchmark_multi_island_v5/official_experiments/multistartlp/official/set_01_pt_01/logs/heur_mslp/gurobi/10R_10V_04I_04M/lr205_grb_genconfig_mslp_seed_24.log;random;10R_10V_04I_04M;1;0;1;/dados/rmelo/PDPTW-SE/benchmark_multi_island_v5/official_experiments/multistartlp/official/set_01_pt_01/../../../../instances/orig_ams_fg/10R_10V_04I_04M/t2/lr205/;60000;50002;0;1444.2;21;11;H;50;95;0;100.0;30.0;true;0.95;100.0;1.0;1.0;1.0;1.0;60;M;60000;60000;false;52;0.67;72.47;1.0;26;10;1000000;-1;3600;26.56;0.4;0.94;mslp;heur;0.13;0.88;-1;3600;60000;I;10;1.0;0.2;lr205;0;/dados/rmelo/PDPTW-SE/benchmark_multi_island_v5/official_experiments/multistartlp/official/set_01_pt_01/logs;0;0;0;0.0;100.0;1;24;/dados/rmelo/PDPTW-SE/benchmark_multi_island_v5/official_experiments/multistartlp/official/set_01_pt_01/logs/heur_mslp/solutions/10R_10V_04I_04M/lr205_sol_genconfig_mslp_seed_24.txt;Gurobi;AUTOMATIC;18.18;_bash_1;_seed_24;15934.44;1;159.3;/dados/rmelo/PDPTW-SE/benchmark_multi_island_v5/official_experiments/multistartlp/official/set_01_pt_01/logs/heur_mslp/timelines/10R_10V_04I_04M/lr205_timeline_genconfig_mslp_seed_24.txt;191.21;t2;0;793.52;false
0.05;0.12;0.19;0.32;0.0;0.11;11;/dados/rmelo/PDPTW-SE/benchmark_multi_island_v5/official_experiments/multistartlp/official/set_01_pt_01/logs/heur_mslp/outputs/csvresults_heur_mslp_bash_1.csv;0;3;1;26;0;0.0;0.5;true;14;2;lr101_t1_12R_12V_02I_03M;/dados/rmelo/PDPTW-SE/benchmark_multi_island_v5/official_experiments/multistartlp/official/set_01_pt_01/configs/genconfig_mslp.conf;genconfig_mslp;/dados/rmelo/PDPTW-SE/benchmark_multi_island_v5/official_experiments/multistartlp/official/set_01_pt_01/logs/heur_mslp/gurobi/12R_12V_02I_03M/lr101_grb_genconfig_mslp_seed_24.log;random;12R_12V_02I_03M;1;56618;1;/dados/rmelo/PDPTW-SE/benchmark_multi_island_v5/official_experiments/multistartlp/official/set_01_pt_01/../../../../instances/orig_ams_fg/12R_12V_02I_04M/t1/lr101/;60000;58733;0;1899.92;25;13;H;50;95;0;100.0;30.0;true;0.95;100.0;1.0;1.0;1.0;1.0;60;M;3382;3382;false;52;0.91;104.84;0.87;26;10;1000000;-1;3600;15.99;0.59;0.36;mslp;heur;0.21;0.16;-1;3600;60000;I;12;1.0;0.83;lr101;0;/dados/rmelo/PDPTW-SE/benchmark_multi_island_v5/official_experiments/multistartlp/official/set_01_pt_01/logs;0;0;0;94.36;100.0;1;24;/dados/rmelo/PDPTW-SE/benchmark_multi_island_v5/official_experiments/multistartlp/official/set_01_pt_01/logs/heur_mslp/solutions/12R_12V_02I_03M/lr101_sol_genconfig_mslp_seed_24.txt;Gurobi;AUTOMATIC;18.17;_bash_1;_seed_24;540.72;1;21.1;/dados/rmelo/PDPTW-SE/benchmark_multi_island_v5/official_experiments/multistartlp/official/set_01_pt_01/logs/heur_mslp/timelines/12R_12V_02I_03M/lr101_timeline_genconfig_mslp_seed_24.txt;21.49;t1;0;1432.08;false
0.05;0.07;0.14;0.2;0.0;0.12;9;/dados/rmelo/PDPTW-SE/benchmark_multi_island_v5/official_experiments/multistartlp/official/set_01_pt_01/logs/heur_mslp/outputs/csvresults_heur_mslp_bash_1.csv;0;4;1;26;0;0.0;0.5;true;14;2;lr101_t1_12R_12V_02I_04M;/dados/rmelo/PDPTW-SE/benchmark_multi_island_v5/official_experiments/multistartlp/official/set_01_pt_01/configs/genconfig_mslp.conf;genconfig_mslp;/dados/rmelo/PDPTW-SE/benchmark_multi_island_v5/official_experiments/multistartlp/official/set_01_pt_01/logs/heur_mslp/gurobi/12R_12V_02I_04M/lr101_grb_genconfig_mslp_seed_24.log;random;12R_12V_02I_04M;1;34911;1;/dados/rmelo/PDPTW-SE/benchmark_multi_island_v5/official_experiments/multistartlp/official/set_01_pt_01/../../../../instances/orig_ams_fg/12R_12V_02I_04M/t1/lr101/;60000;3015;0;1868.21;25;13;H;50;95;0;100.0;30.0;true;0.95;100.0;1.0;1.0;1.0;1.0;60;M;25089;25089;false;52;0.89;97.55;0.87;26;10;1000000;-1;3600;16.83;0.57;0.37;mslp;heur;0.21;0.16;-1;3600;60000;I;12;1.0;0.83;lr101;0;/dados/rmelo/PDPTW-SE/benchmark_multi_island_v5/official_experiments/multistartlp/official/set_01_pt_01/logs;0;0;0;58.18;100.0;1;24;/dados/rmelo/PDPTW-SE/benchmark_multi_island_v5/official_experiments/multistartlp/official/set_01_pt_01/logs/heur_mslp/solutions/12R_12V_02I_04M/lr101_sol_genconfig_mslp_seed_24.txt;Gurobi;AUTOMATIC;18.27;_bash_1;_seed_24;4223.48;1;3.96;/dados/rmelo/PDPTW-SE/benchmark_multi_island_v5/official_experiments/multistartlp/official/set_01_pt_01/logs/heur_mslp/timelines/12R_12V_02I_04M/lr101_timeline_genconfig_mslp_seed_24.txt;72.61;t1;0;1391.03;false
0.05;0.03;0.15;0.19;0.01;0.06;6;/dados/rmelo/PDPTW-SE/benchmark_multi_island_v5/official_experiments/multistartlp/official/set_01_pt_01/logs/heur_mslp/outputs/csvresults_heur_mslp_bash_1.csv;0;3;1;26;0;0.0;0.5;true;14;2;lr102_t1_12R_12V_02I_03M;/dados/rmelo/PDPTW-SE/benchmark_multi_island_v5/official_experiments/multistartlp/official/set_01_pt_01/configs/genconfig_mslp.conf;genconfig_mslp;/dados/rmelo/PDPTW-SE/benchmark_multi_island_v5/official_experiments/multistartlp/official/set_01_pt_01/logs/heur_mslp/gurobi/12R_12V_02I_03M/lr102_grb_genconfig_mslp_seed_24.log;random;12R_12V_02I_03M;1;3708;1;/dados/rmelo/PDPTW-SE/benchmark_multi_island_v5/official_experiments/multistartlp/official/set_01_pt_01/../../../../instances/orig_ams_fg/12R_12V_02I_04M/t1/lr102/;60000;122;0;1273.43;25;13;H;50;95;0;100.0;30.0;true;0.95;100.0;1.0;1.0;1.0;1.0;60;M;56292;56292;false;62;0.84;79.46;0.97;31;10;1000000;-1;3600;14.77;0.82;0.65;mslp;heur;0.78;0.26;-1;3600;60000;I;12;0.67;0.42;lr102;0;/dados/rmelo/PDPTW-SE/benchmark_multi_island_v5/official_experiments/multistartlp/official/set_01_pt_01/logs;0;0;0;6.18;100.0;1;24;/dados/rmelo/PDPTW-SE/benchmark_multi_island_v5/official_experiments/multistartlp/official/set_01_pt_01/logs/heur_mslp/solutions/12R_12V_02I_03M/lr102_sol_genconfig_mslp_seed_24.txt;Gurobi;AUTOMATIC;18.21;_bash_1;_seed_24;8314.9;1;0.56;/dados/rmelo/PDPTW-SE/benchmark_multi_island_v5/official_experiments/multistartlp/official/set_01_pt_01/logs/heur_mslp/timelines/12R_12V_02I_03M/lr102_timeline_genconfig_mslp_seed_24.txt;127.59;t1;0;981.42;false
0.05;0.03;0.12;0.15;0.01;0.06;5;/dados/rmelo/PDPTW-SE/benchmark_multi_island_v5/official_experiments/multistartlp/official/set_01_pt_01/logs/heur_mslp/outputs/csvresults_heur_mslp_bash_1.csv;0;4;1;26;0;0.0;0.5;true;14;2;lr102_t1_12R_12V_02I_04M;/dados/rmelo/PDPTW-SE/benchmark_multi_island_v5/official_experiments/multistartlp/official/set_01_pt_01/configs/genconfig_mslp.conf;genconfig_mslp;/dados/rmelo/PDPTW-SE/benchmark_multi_island_v5/official_experiments/multistartlp/official/set_01_pt_01/logs/heur_mslp/gurobi/12R_12V_02I_04M/lr102_grb_genconfig_mslp_seed_24.log;random;12R_12V_02I_04M;1;175;1;/dados/rmelo/PDPTW-SE/benchmark_multi_island_v5/official_experiments/multistartlp/official/set_01_pt_01/../../../../instances/orig_ams_fg/12R_12V_02I_04M/t1/lr102/;60000;28;0;1400.08;25;13;H;50;95;0;100.0;30.0;true;0.95;100.0;1.0;1.0;1.0;1.0;60;M;59825;59825;false;62;0.84;77.23;0.97;31;10;1000000;-1;3600;14.45;0.82;0.64;mslp;heur;0.78;0.37;-1;3600;60000;I;12;0.75;0.42;lr102;0;/dados/rmelo/PDPTW-SE/benchmark_multi_island_v5/official_experiments/multistartlp/official/set_01_pt_01/logs;0;0;0;0.29;100.0;1;24;/dados/rmelo/PDPTW-SE/benchmark_multi_island_v5/official_experiments/multistartlp/official/set_01_pt_01/logs/heur_mslp/solutions/12R_12V_02I_04M/lr102_sol_genconfig_mslp_seed_24.txt;Gurobi;AUTOMATIC;18.16;_bash_1;_seed_24;8642.93;1;0.38;/dados/rmelo/PDPTW-SE/benchmark_multi_island_v5/official_experiments/multistartlp/official/set_01_pt_01/logs/heur_mslp/timelines/12R_12V_02I_04M/lr102_timeline_genconfig_mslp_seed_24.txt;140.57;t1;0;975.57;false
0.05;0.02;0.1;0.12;0.0;0.0;9;/dados/rmelo/PDPTW-SE/benchmark_multi_island_v5/official_experiments/multistartlp/official/set_01_pt_01/logs/heur_mslp/outputs/csvresults_heur_mslp_bash_1.csv;0;3;1;26;0;0.0;0.5;true;14;2;lr103_t1_12R_12V_02I_03M;/dados/rmelo/PDPTW-SE/benchmark_multi_island_v5/official_experiments/multistartlp/official/set_01_pt_01/configs/genconfig_mslp.conf;genconfig_mslp;/dados/rmelo/PDPTW-SE/benchmark_multi_island_v5/official_experiments/multistartlp/official/set_01_pt_01/logs/heur_mslp/gurobi/12R_12V_02I_03M/lr103_grb_genconfig_mslp_seed_24.log;random;12R_12V_02I_03M;1;693;1;/dados/rmelo/PDPTW-SE/benchmark_multi_island_v5/official_experiments/multistartlp/official/set_01_pt_01/../../../../instances/orig_ams_fg/12R_12V_02I_04M/t1/lr103/;60000;22505;0;899.49;25;13;H;50;95;0;100.0;30.0;true;0.95;100.0;1.0;1.0;1.0;1.0;60;M;59307;59307;false;58;0.94;82.44;0.93;29;10;1000000;-1;3600;10.3;0.78;0.73;mslp;heur;0.39;0.5;-1;3600;60000;I;12;0.67;0.33;lr103;0;/dados/rmelo/PDPTW-SE/benchmark_multi_island_v5/official_experiments/multistartlp/official/set_01_pt_01/logs;0;0;0;1.16;100.0;1;24;/dados/rmelo/PDPTW-SE/benchmark_multi_island_v5/official_experiments/multistartlp/official/set_01_pt_01/logs/heur_mslp/solutions/12R_12V_02I_03M/lr103_sol_genconfig_mslp_seed_24.txt;Gurobi;AUTOMATIC;18.29;_bash_1;_seed_24;6108.82;1;57.58;/dados/rmelo/PDPTW-SE/benchmark_multi_island_v5/official_experiments/multistartlp/official/set_01_pt_01/logs/heur_mslp/timelines/12R_12V_02I_03M/lr103_timeline_genconfig_mslp_seed_24.txt;151.5;t1;0;716.73;false
0.05;0.02;0.1;0.12;0.0;0.0;8;/dados/rmelo/PDPTW-SE/benchmark_multi_island_v5/official_experiments/multistartlp/official/set_01_pt_01/logs/heur_mslp/outputs/csvresults_heur_mslp_bash_1.csv;0;4;1;26;0;0.0;0.5;true;14;2;lr103_t1_12R_12V_02I_04M;/dados/rmelo/PDPTW-SE/benchmark_multi_island_v5/official_experiments/multistartlp/official/set_01_pt_01/configs/genconfig_mslp.conf;genconfig_mslp;/dados/rmelo/PDPTW-SE/benchmark_multi_island_v5/official_experiments/multistartlp/official/set_01_pt_01/logs/heur_mslp/gurobi/12R_12V_02I_04M/lr103_grb_genconfig_mslp_seed_24.log;random;12R_12V_02I_04M;1;0;1;/dados/rmelo/PDPTW-SE/benchmark_multi_island_v5/official_experiments/multistartlp/official/set_01_pt_01/../../../../instances/orig_ams_fg/12R_12V_02I_04M/t1/lr103/;60000;4334;0;915.14;25;13;H;50;95;0;100.0;30.0;true;0.95;100.0;1.0;1.0;1.0;1.0;60;M;60000;60000;false;58;0.94;74.02;0.93;29;10;1000000;-1;3600;10.65;0.78;0.7;mslp;heur;0.39;0.4;-1;3600;60000;I;12;0.5;0.33;lr103;0;/dados/rmelo/PDPTW-SE/benchmark_multi_island_v5/official_experiments/multistartlp/official/set_01_pt_01/logs;0;0;0;0.0;100.0;1;24;/dados/rmelo/PDPTW-SE/benchmark_multi_island_v5/official_experiments/multistartlp/official/set_01_pt_01/logs/heur_mslp/solutions/12R_12V_02I_04M/lr103_sol_genconfig_mslp_seed_24.txt;Gurobi;AUTOMATIC;18.23;_bash_1;_seed_24;6389.5;1;12.07;/dados/rmelo/PDPTW-SE/benchmark_multi_island_v5/official_experiments/multistartlp/official/set_01_pt_01/logs/heur_mslp/timelines/12R_12V_02I_04M/lr103_timeline_genconfig_mslp_seed_24.txt;157.17;t1;0;714.59;false
0.05;0.03;0.08;0.11;0.0;0.0;15;/dados/rmelo/PDPTW-SE/benchmark_multi_island_v5/official_experiments/multistartlp/official/set_01_pt_01/logs/heur_mslp/outputs/csvresults_heur_mslp_bash_1.csv;0;3;1;26;0;0.0;0.5;true;14;2;lr104_t1_12R_12V_02I_03M;/dados/rmelo/PDPTW-SE/benchmark_multi_island_v5/official_experiments/multistartlp/official/set_01_pt_01/configs/genconfig_mslp.conf;genconfig_mslp;/dados/rmelo/PDPTW-SE/benchmark_multi_island_v5/official_experiments/multistartlp/official/set_01_pt_01/logs/heur_mslp/gurobi/12R_12V_02I_03M/lr104_grb_genconfig_mslp_seed_24.log;random;12R_12V_02I_03M;1;347;1;/dados/rmelo/PDPTW-SE/benchmark_multi_island_v5/official_experiments/multistartlp/official/set_01_pt_01/../../../../instances/orig_ams_fg/12R_12V_02I_04M/t1/lr104/;60000;20154;0;1047.48;25;13;H;50;95;0;100.0;30.0;true;0.95;100.0;1.0;1.0;1.0;1.0;60;M;59653;59653;false;40;0.98;79.0;0.95;20;10;1000000;-1;3600;7.81;0.85;0.76;mslp;heur;0.5;0.54;-1;3600;60000;I;12;1.0;0.33;lr104;0;/dados/rmelo/PDPTW-SE/benchmark_multi_island_v5/official_experiments/multistartlp/official/set_01_pt_01/logs;0;0;0;0.58;100.0;1;24;/dados/rmelo/PDPTW-SE/benchmark_multi_island_v5/official_experiments/multistartlp/official/set_01_pt_01/logs/heur_mslp/solutions/12R_12V_02I_03M/lr104_sol_genconfig_mslp_seed_24.txt;Gurobi;AUTOMATIC;18.02;_bash_1;_seed_24;4659.2;1;53.97;/dados/rmelo/PDPTW-SE/benchmark_multi_island_v5/official_experiments/multistartlp/official/set_01_pt_01/logs/heur_mslp/timelines/12R_12V_02I_03M/lr104_timeline_genconfig_mslp_seed_24.txt;159.49;t1;0;783.29;false
0.05;0.03;0.06;0.09;0.0;0.0;9;/dados/rmelo/PDPTW-SE/benchmark_multi_island_v5/official_experiments/multistartlp/official/set_01_pt_01/logs/heur_mslp/outputs/csvresults_heur_mslp_bash_1.csv;0;4;1;26;0;0.0;0.5;true;14;2;lr104_t1_12R_12V_02I_04M;/dados/rmelo/PDPTW-SE/benchmark_multi_island_v5/official_experiments/multistartlp/official/set_01_pt_01/configs/genconfig_mslp.conf;genconfig_mslp;/dados/rmelo/PDPTW-SE/benchmark_multi_island_v5/official_experiments/multistartlp/official/set_01_pt_01/logs/heur_mslp/gurobi/12R_12V_02I_04M/lr104_grb_genconfig_mslp_seed_24.log;random;12R_12V_02I_04M;1;1;1;/dados/rmelo/PDPTW-SE/benchmark_multi_island_v5/official_experiments/multistartlp/official/set_01_pt_01/../../../../instances/orig_ams_fg/12R_12V_02I_04M/t1/lr104/;60000;43;0;1034.67;25;13;H;50;95;0;100.0;30.0;true;0.95;100.0;1.0;1.0;1.0;1.0;60;M;59999;59999;false;40;0.97;75.57;0.95;20;10;1000000;-1;3600;7.82;0.84;0.76;mslp;heur;0.5;0.54;-1;3600;60000;I;12;1.0;0.33;lr104;0;/dados/rmelo/PDPTW-SE/benchmark_multi_island_v5/official_experiments/multistartlp/official/set_01_pt_01/logs;0;0;0;0.0;100.0;1;24;/dados/rmelo/PDPTW-SE/benchmark_multi_island_v5/official_experiments/multistartlp/official/set_01_pt_01/logs/heur_mslp/solutions/12R_12V_02I_04M/lr104_sol_genconfig_mslp_seed_24.txt;Gurobi;AUTOMATIC;18.19;_bash_1;_seed_24;4689.44;1;0.4;/dados/rmelo/PDPTW-SE/benchmark_multi_island_v5/official_experiments/multistartlp/official/set_01_pt_01/logs/heur_mslp/timelines/12R_12V_02I_04M/lr104_timeline_genconfig_mslp_seed_24.txt;169.81;t1;0;776.1;false
0.05;0.05;0.13;0.19;0.0;0.06;4;/dados/rmelo/PDPTW-SE/benchmark_multi_island_v5/official_experiments/multistartlp/official/set_01_pt_01/logs/heur_mslp/outputs/csvresults_heur_mslp_bash_1.csv;0;3;1;26;0;0.0;0.5;true;14;2;lr105_t1_12R_12V_02I_03M;/dados/rmelo/PDPTW-SE/benchmark_multi_island_v5/official_experiments/multistartlp/official/set_01_pt_01/configs/genconfig_mslp.conf;genconfig_mslp;/dados/rmelo/PDPTW-SE/benchmark_multi_island_v5/official_experiments/multistartlp/official/set_01_pt_01/logs/heur_mslp/gurobi/12R_12V_02I_03M/lr105_grb_genconfig_mslp_seed_24.log;random;12R_12V_02I_03M;1;59255;1;/dados/rmelo/PDPTW-SE/benchmark_multi_island_v5/official_experiments/multistartlp/official/set_01_pt_01/../../../../instances/orig_ams_fg/12R_12V_02I_04M/t1/lr105/;60000;3874;0;1615.01;25;13;H;50;95;0;100.0;30.0;true;0.95;100.0;1.0;1.0;1.0;1.0;60;M;745;745;false;58;0.98;119.48;0.81;29;10;1000000;-1;3600;8.67;0.71;0.47;mslp;heur;0.48;0.29;-1;3600;60000;I;12;1.0;0.58;lr105;0;/dados/rmelo/PDPTW-SE/benchmark_multi_island_v5/official_experiments/multistartlp/official/set_01_pt_01/logs;0;0;0;98.76;100.0;1;24;/dados/rmelo/PDPTW-SE/benchmark_multi_island_v5/official_experiments/multistartlp/official/set_01_pt_01/logs/heur_mslp/solutions/12R_12V_02I_03M/lr105_sol_genconfig_mslp_seed_24.txt;Gurobi;AUTOMATIC;18.24;_bash_1;_seed_24;64.58;1;1.29;/dados/rmelo/PDPTW-SE/benchmark_multi_island_v5/official_experiments/multistartlp/official/set_01_pt_01/logs/heur_mslp/timelines/12R_12V_02I_03M/lr105_timeline_genconfig_mslp_seed_24.txt;14.53;t1;0;1344.91;false
0.05;0.04;0.1;0.15;0.0;0.04;8;/dados/rmelo/PDPTW-SE/benchmark_multi_island_v5/official_experiments/multistartlp/official/set_01_pt_01/logs/heur_mslp/outputs/csvresults_heur_mslp_bash_1.csv;0;4;1;26;0;0.0;0.5;true;14;2;lr105_t1_12R_12V_02I_04M;/dados/rmelo/PDPTW-SE/benchmark_multi_island_v5/official_experiments/multistartlp/official/set_01_pt_01/configs/genconfig_mslp.conf;genconfig_mslp;/dados/rmelo/PDPTW-SE/benchmark_multi_island_v5/official_experiments/multistartlp/official/set_01_pt_01/logs/heur_mslp/gurobi/12R_12V_02I_04M/lr105_grb_genconfig_mslp_seed_24.log;random;12R_12V_02I_04M;1;53475;1;/dados/rmelo/PDPTW-SE/benchmark_multi_island_v5/official_experiments/multistartlp/official/set_01_pt_01/../../../../instances/orig_ams_fg/12R_12V_02I_04M/t1/lr105/;60000;22105;0;1529.1;25;13;H;50;95;0;100.0;30.0;true;0.95;100.0;1.0;1.0;1.0;1.0;60;M;6525;6525;false;58;0.98;119.48;0.98;29;10;1000000;-1;3600;8.4;0.69;0.5;mslp;heur;0.17;0.26;-1;3600;60000;I;12;1.0;0.58;lr105;0;/dados/rmelo/PDPTW-SE/benchmark_multi_island_v5/official_experiments/multistartlp/official/set_01_pt_01/logs;0;0;0;89.12;100.0;1;24;/dados/rmelo/PDPTW-SE/benchmark_multi_island_v5/official_experiments/multistartlp/official/set_01_pt_01/logs/heur_mslp/solutions/12R_12V_02I_04M/lr105_sol_genconfig_mslp_seed_24.txt;Gurobi;AUTOMATIC;18.18;_bash_1;_seed_24;547.81;1;12.27;/dados/rmelo/PDPTW-SE/benchmark_multi_island_v5/official_experiments/multistartlp/official/set_01_pt_01/logs/heur_mslp/timelines/12R_12V_02I_04M/lr105_timeline_genconfig_mslp_seed_24.txt;33.61;t1;0;1297.52;false
0.05;0.01;0.03;0.04;0.06;0.19;13;/dados/rmelo/PDPTW-SE/benchmark_multi_island_v5/official_experiments/multistartlp/official/set_01_pt_01/logs/heur_mslp/outputs/csvresults_heur_mslp_bash_1.csv;0;3;1;26;0;0.0;0.5;true;14;2;lr201_t2_12R_12V_02I_03M;/dados/rmelo/PDPTW-SE/benchmark_multi_island_v5/official_experiments/multistartlp/official/set_01_pt_01/configs/genconfig_mslp.conf;genconfig_mslp;/dados/rmelo/PDPTW-SE/benchmark_multi_island_v5/official_experiments/multistartlp/official/set_01_pt_01/logs/heur_mslp/gurobi/12R_12V_02I_03M/lr201_grb_genconfig_mslp_seed_24.log;random;12R_12V_02I_03M;1;0;1;/dados/rmelo/PDPTW-SE/benchmark_multi_island_v5/official_experiments/multistartlp/official/set_01_pt_01/../../../../instances/orig_ams_fg/12R_12V_02I_04M/t2/lr201/;60000;44841;0;2322.84;25;13;H;50;95;0;100.0;30.0;true;0.95;100.0;1.0;1.0;1.0;1.0;60;M;60000;60000;false;52;0.6;103.14;1.0;26;10;1000000;-1;3600;24.96;0.44;0.99;mslp;heur;0.19;0.96;-1;3600;60000;I;12;1.0;0.25;lr201;0;/dados/rmelo/PDPTW-SE/benchmark_multi_island_v5/official_experiments/multistartlp/official/set_01_pt_01/logs;0;0;0;0.0;100.0;1;24;/dados/rmelo/PDPTW-SE/benchmark_multi_island_v5/official_experiments/multistartlp/official/set_01_pt_01/logs/heur_mslp/solutions/12R_12V_02I_03M/lr201_sol_genconfig_mslp_seed_24.txt;Gurobi;AUTOMATIC;18.23;_bash_1;_seed_24;14977.8;1;111.88;/dados/rmelo/PDPTW-SE/benchmark_multi_island_v5/official_experiments/multistartlp/official/set_01_pt_01/logs/heur_mslp/timelines/12R_12V_02I_03M/lr201_timeline_genconfig_mslp_seed_24.txt;149.77;t2;0;1326.83;false
0.05;0.01;0.03;0.04;0.06;0.19;12;/dados/rmelo/PDPTW-SE/benchmark_multi_island_v5/official_experiments/multistartlp/official/set_01_pt_01/logs/heur_mslp/outputs/csvresults_heur_mslp_bash_1.csv;0;4;1;26;0;0.0;0.5;true;14;2;lr201_t2_12R_12V_02I_04M;/dados/rmelo/PDPTW-SE/benchmark_multi_island_v5/official_experiments/multistartlp/official/set_01_pt_01/configs/genconfig_mslp.conf;genconfig_mslp;/dados/rmelo/PDPTW-SE/benchmark_multi_island_v5/official_experiments/multistartlp/official/set_01_pt_01/logs/heur_mslp/gurobi/12R_12V_02I_04M/lr201_grb_genconfig_mslp_seed_24.log;random;12R_12V_02I_04M;1;0;1;/dados/rmelo/PDPTW-SE/benchmark_multi_island_v5/official_experiments/multistartlp/official/set_01_pt_01/../../../../instances/orig_ams_fg/12R_12V_02I_04M/t2/lr201/;60000;44841;0;2322.84;25;13;H;50;95;0;100.0;30.0;true;0.95;100.0;1.0;1.0;1.0;1.0;60;M;60000;60000;false;52;0.6;103.14;1.0;26;10;1000000;-1;3600;24.98;0.44;0.99;mslp;heur;0.19;0.96;-1;3600;60000;I;12;0.75;0.25;lr201;0;/dados/rmelo/PDPTW-SE/benchmark_multi_island_v5/official_experiments/multistartlp/official/set_01_pt_01/logs;0;0;0;0.0;100.0;1;24;/dados/rmelo/PDPTW-SE/benchmark_multi_island_v5/official_experiments/multistartlp/official/set_01_pt_01/logs/heur_mslp/solutions/12R_12V_02I_04M/lr201_sol_genconfig_mslp_seed_24.txt;Gurobi;AUTOMATIC;18.06;_bash_1;_seed_24;14986.8;1;115.93;/dados/rmelo/PDPTW-SE/benchmark_multi_island_v5/official_experiments/multistartlp/official/set_01_pt_01/logs/heur_mslp/timelines/12R_12V_02I_04M/lr201_timeline_genconfig_mslp_seed_24.txt;154.97;t2;0;1326.13;false
0.05;0.01;0.04;0.04;0.0;0.02;12;/dados/rmelo/PDPTW-SE/benchmark_multi_island_v5/official_experiments/multistartlp/official/set_01_pt_01/logs/heur_mslp/outputs/csvresults_heur_mslp_bash_1.csv;0;3;1;26;0;0.0;0.5;true;14;2;lr202_t2_12R_12V_02I_03M;/dados/rmelo/PDPTW-SE/benchmark_multi_island_v5/official_experiments/multistartlp/official/set_01_pt_01/configs/genconfig_mslp.conf;genconfig_mslp;/dados/rmelo/PDPTW-SE/benchmark_multi_island_v5/official_experiments/multistartlp/official/set_01_pt_01/logs/heur_mslp/gurobi/12R_12V_02I_03M/lr202_grb_genconfig_mslp_seed_24.log;random;12R_12V_02I_03M;1;0;1;/dados/rmelo/PDPTW-SE/benchmark_multi_island_v5/official_experiments/multistartlp/official/set_01_pt_01/../../../../instances/orig_ams_fg/12R_12V_02I_04M/t2/lr202/;60000;19332;0;1715.75;25;13;H;50;95;0;100.0;30.0;true;0.95;100.0;1.0;1.0;1.0;1.0;60;M;60000;60000;false;46;0.68;84.26;0.87;23;10;1000000;-1;3600;25.59;0.44;0.85;mslp;heur;0.21;0.83;-1;3600;60000;I;12;0.67;0.17;lr202;0;/dados/rmelo/PDPTW-SE/benchmark_multi_island_v5/official_experiments/multistartlp/official/set_01_pt_01/logs;0;0;0;0.0;100.0;1;24;/dados/rmelo/PDPTW-SE/benchmark_multi_island_v5/official_experiments/multistartlp/official/set_01_pt_01/logs/heur_mslp/solutions/12R_12V_02I_03M/lr202_sol_genconfig_mslp_seed_24.txt;Gurobi;AUTOMATIC;18.4;_bash_1;_seed_24;15356.24;1;60.8;/dados/rmelo/PDPTW-SE/benchmark_multi_island_v5/official_experiments/multistartlp/official/set_01_pt_01/logs/heur_mslp/timelines/12R_12V_02I_03M/lr202_timeline_genconfig_mslp_seed_24.txt;186.39;t2;0;885.14;false
0.05;0.01;0.04;0.04;0.0;0.02;12;/dados/rmelo/PDPTW-SE/benchmark_multi_island_v5/official_experiments/multistartlp/official/set_01_pt_01/logs/heur_mslp/outputs/csvresults_heur_mslp_bash_1.csv;0;4;1;26;0;0.0;0.5;true;14;2;lr202_t2_12R_12V_02I_04M;/dados/rmelo/PDPTW-SE/benchmark_multi_island_v5/official_experiments/multistartlp/official/set_01_pt_01/configs/genconfig_mslp.conf;genconfig_mslp;/dados/rmelo/PDPTW-SE/benchmark_multi_island_v5/official_experiments/multistartlp/official/set_01_pt_01/logs/heur_mslp/gurobi/12R_12V_02I_04M/lr202_grb_genconfig_mslp_seed_24.log;random;12R_12V_02I_04M;1;0;1;/dados/rmelo/PDPTW-SE/benchmark_multi_island_v5/official_experiments/multistartlp/official/set_01_pt_01/../../../../instances/orig_ams_fg/12R_12V_02I_04M/t2/lr202/;60000;19332;0;1715.75;25;13;H;50;95;0;100.0;30.0;true;0.95;100.0;1.0;1.0;1.0;1.0;60;M;60000;60000;false;46;0.68;84.26;0.87;23;10;1000000;-1;3600;25.62;0.44;0.85;mslp;heur;0.21;0.83;-1;3600;60000;I;12;0.5;0.17;lr202;0;/dados/rmelo/PDPTW-SE/benchmark_multi_island_v5/official_experiments/multistartlp/official/set_01_pt_01/logs;0;0;0;0.0;100.0;1;24;/dados/rmelo/PDPTW-SE/benchmark_multi_island_v5/official_experiments/multistartlp/official/set_01_pt_01/logs/heur_mslp/solutions/12R_12V_02I_04M/lr202_sol_genconfig_mslp_seed_24.txt;Gurobi;AUTOMATIC;17.95;_bash_1;_seed_24;15374.72;1;63.02;/dados/rmelo/PDPTW-SE/benchmark_multi_island_v5/official_experiments/multistartlp/official/set_01_pt_01/logs/heur_mslp/timelines/12R_12V_02I_04M/lr202_timeline_genconfig_mslp_seed_24.txt;195.83;t2;0;885.14;false
0.05;0.0;0.03;0.04;0.0;0.0;13;/dados/rmelo/PDPTW-SE/benchmark_multi_island_v5/official_experiments/multistartlp/official/set_01_pt_01/logs/heur_mslp/outputs/csvresults_heur_mslp_bash_1.csv;0;3;1;26;0;0.0;0.5;true;14;2;lr203_t2_12R_12V_02I_03M;/dados/rmelo/PDPTW-SE/benchmark_multi_island_v5/official_experiments/multistartlp/official/set_01_pt_01/configs/genconfig_mslp.conf;genconfig_mslp;/dados/rmelo/PDPTW-SE/benchmark_multi_island_v5/official_experiments/multistartlp/official/set_01_pt_01/logs/heur_mslp/gurobi/12R_12V_02I_03M/lr203_grb_genconfig_mslp_seed_24.log;random;12R_12V_02I_03M;1;0;1;/dados/rmelo/PDPTW-SE/benchmark_multi_island_v5/official_experiments/multistartlp/official/set_01_pt_01/../../../../instances/orig_ams_fg/12R_12V_02I_04M/t2/lr203/;60000;18372;0;1854.44;25;13;H;50;95;0;100.0;30.0;true;0.95;100.0;1.0;1.0;1.0;1.0;60;M;59969;60000;false;58;0.75;131.86;0.97;29;10;1000000;-1;3600;12.26;0.56;0.92;mslp;heur;0.36;0.86;-1;3600;60000;I;12;0.67;0.17;lr203;0;/dados/rmelo/PDPTW-SE/benchmark_multi_island_v5/official_experiments/multistartlp/official/set_01_pt_01/logs;0;0;0;0.0;99.95;1;24;/dados/rmelo/PDPTW-SE/benchmark_multi_island_v5/official_experiments/multistartlp/official/set_01_pt_01/logs/heur_mslp/solutions/12R_12V_02I_03M/lr203_sol_genconfig_mslp_seed_24.txt;Gurobi;AUTOMATIC;18.03;_bash_1;_seed_24;7355.15;1;68.85;/dados/rmelo/PDPTW-SE/benchmark_multi_island_v5/official_experiments/multistartlp/official/set_01_pt_01/logs/heur_mslp/timelines/12R_12V_02I_03M/lr203_timeline_genconfig_mslp_seed_24.txt;222.88;t2;0;1112.83;false
0.05;0.0;0.02;0.02;0.0;0.0;16;/dados/rmelo/PDPTW-SE/benchmark_multi_island_v5/official_experiments/multistartlp/official/set_01_pt_01/logs/heur_mslp/outputs/csvresults_heur_mslp_bash_1.csv;0;4;1;26;0;0.0;0.5;true;14;2;lr203_t2_12R_12V_02I_04M;/dados/rmelo/PDPTW-SE/benchmark_multi_island_v5/official_experiments/multistartlp/official/set_01_pt_01/configs/genconfig_mslp.conf;genconfig_mslp;/dados/rmelo/PDPTW-SE/benchmark_multi_island_v5/official_experiments/multistartlp/official/set_01_pt_01/logs/heur_mslp/gurobi/12R_12V_02I_04M/lr203_grb_genconfig_mslp_seed_24.log;random;12R_12V_02I_04M;1;0;1;/dados/rmelo/PDPTW-SE/benchmark_multi_island_v5/official_experiments/multistartlp/official/set_01_pt_01/../../../../instances/orig_ams_fg/12R_12V_02I_04M/t2/lr203/;60000;29242;0;1840.1;25;13;H;50;95;0;100.0;30.0;true;0.95;100.0;1.0;1.0;1.0;1.0;60;M;59974;60000;false;58;0.75;129.0;0.95;29;10;1000000;-1;3600;12.31;0.55;0.79;mslp;heur;0.35;0.64;-1;3600;60000;I;12;0.75;0.17;lr203;0;/dados/rmelo/PDPTW-SE/benchmark_multi_island_v5/official_experiments/multistartlp/official/set_01_pt_01/logs;0;0;0;0.0;99.96;1;24;/dados/rmelo/PDPTW-SE/benchmark_multi_island_v5/official_experiments/multistartlp/official/set_01_pt_01/logs/heur_mslp/solutions/12R_12V_02I_04M/lr203_sol_genconfig_mslp_seed_24.txt;Gurobi;AUTOMATIC;18.19;_bash_1;_seed_24;7388.1;1;115.95;/dados/rmelo/PDPTW-SE/benchmark_multi_island_v5/official_experiments/multistartlp/official/set_01_pt_01/logs/heur_mslp/timelines/12R_12V_02I_04M/lr203_timeline_genconfig_mslp_seed_24.txt;237.6;t2;0;1101.49;false
0.05;0.01;0.02;0.03;0.0;0.0;12;/dados/rmelo/PDPTW-SE/benchmark_multi_island_v5/official_experiments/multistartlp/official/set_01_pt_01/logs/heur_mslp/outputs/csvresults_heur_mslp_bash_1.csv;0;3;1;26;0;0.0;0.5;true;14;2;lr204_t2_12R_12V_02I_03M;/dados/rmelo/PDPTW-SE/benchmark_multi_island_v5/official_experiments/multistartlp/official/set_01_pt_01/configs/genconfig_mslp.conf;genconfig_mslp;/dados/rmelo/PDPTW-SE/benchmark_multi_island_v5/official_experiments/multistartlp/official/set_01_pt_01/logs/heur_mslp/gurobi/12R_12V_02I_03M/lr204_grb_genconfig_mslp_seed_24.log;random;12R_12V_02I_03M;1;0;1;/dados/rmelo/PDPTW-SE/benchmark_multi_island_v5/official_experiments/multistartlp/official/set_01_pt_01/../../../../instances/orig_ams_fg/12R_12V_02I_04M/t2/lr204/;60000;8596;0;1159.52;25;13;H;50;95;0;100.0;30.0;true;0.95;100.0;1.0;1.0;1.0;1.0;60;M;44146;60000;false;38;0.73;91.47;1.0;19;10;1000000;-1;3600;5.29;0.42;0.71;mslp;heur;0.11;0.42;-1;3600;60000;I;12;0.67;0.17;lr204;0;/dados/rmelo/PDPTW-SE/benchmark_multi_island_v5/official_experiments/multistartlp/official/set_01_pt_01/logs;0;0;0;0.0;73.58;1;24;/dados/rmelo/PDPTW-SE/benchmark_multi_island_v5/official_experiments/multistartlp/official/set_01_pt_01/logs/heur_mslp/solutions/12R_12V_02I_03M/lr204_sol_genconfig_mslp_seed_24.txt;Gurobi;AUTOMATIC;17.85;_bash_1;_seed_24;3175.86;1;32.96;/dados/rmelo/PDPTW-SE/benchmark_multi_island_v5/official_experiments/multistartlp/official/set_01_pt_01/logs/heur_mslp/timelines/12R_12V_02I_03M/lr204_timeline_genconfig_mslp_seed_24.txt;223.79;t2;0;838.34;false
0.05;0.01;0.02;0.03;0.0;0.0;12;/dados/rmelo/PDPTW-SE/benchmark_multi_island_v5/official_experiments/multistartlp/official/set_01_pt_01/logs/heur_mslp/outputs/csvresults_heur_mslp_bash_1.csv;0;4;1;26;0;0.0;0.5;true;14;2;lr204_t2_12R_12V_02I_04M;/dados/rmelo/PDPTW-SE/benchmark_multi_island_v5/official_experiments/multistartlp/official/set_01_pt_01/configs/genconfig_mslp.conf;genconfig_mslp;/dados/rmelo/PDPTW-SE/benchmark_multi_island_v5/official_experiments/multistartlp/official/set_01_pt_01/logs/heur_mslp/gurobi/12R_12V_02I_04M/lr204_grb_genconfig_mslp_seed_24.log;random;12R_12V_02I_04M;1;0;1;/dados/rmelo/PDPTW-SE/benchmark_multi_island_v5/official_experiments/multistartlp/official/set_01_pt_01/../../../../instances/orig_ams_fg/12R_12V_02I_04M/t2/lr204/;60000;8596;0;1156.91;25;13;H;50;95;0;100.0;30.0;true;0.95;100.0;1.0;1.0;1.0;1.0;60;M;44107;60000;false;38;0.73;91.47;1.0;19;10;1000000;-1;3600;5.38;0.42;0.71;mslp;heur;0.11;0.42;-1;3600;60000;I;12;0.5;0.17;lr204;0;/dados/rmelo/PDPTW-SE/benchmark_multi_island_v5/official_experiments/multistartlp/official/set_01_pt_01/logs;0;0;0;0.0;73.51;1;24;/dados/rmelo/PDPTW-SE/benchmark_multi_island_v5/official_experiments/multistartlp/official/set_01_pt_01/logs/heur_mslp/solutions/12R_12V_02I_04M/lr204_sol_genconfig_mslp_seed_24.txt;Gurobi;AUTOMATIC;18.09;_bash_1;_seed_24;3230.09;1;35.05;/dados/rmelo/PDPTW-SE/benchmark_multi_island_v5/official_experiments/multistartlp/official/set_01_pt_01/logs/heur_mslp/timelines/12R_12V_02I_04M/lr204_timeline_genconfig_mslp_seed_24.txt;238.71;t2;0;838.34;false
0.05;0.01;0.02;0.03;0.0;0.0;10;/dados/rmelo/PDPTW-SE/benchmark_multi_island_v5/official_experiments/multistartlp/official/set_01_pt_01/logs/heur_mslp/outputs/csvresults_heur_mslp_bash_1.csv;0;3;1;26;0;0.0;0.5;true;14;2;lr205_t2_12R_12V_02I_03M;/dados/rmelo/PDPTW-SE/benchmark_multi_island_v5/official_experiments/multistartlp/official/set_01_pt_01/configs/genconfig_mslp.conf;genconfig_mslp;/dados/rmelo/PDPTW-SE/benchmark_multi_island_v5/official_experiments/multistartlp/official/set_01_pt_01/logs/heur_mslp/gurobi/12R_12V_02I_03M/lr205_grb_genconfig_mslp_seed_24.log;random;12R_12V_02I_03M;1;0;1;/dados/rmelo/PDPTW-SE/benchmark_multi_island_v5/official_experiments/multistartlp/official/set_01_pt_01/../../../../instances/orig_ams_fg/12R_12V_02I_04M/t2/lr205/;60000;48067;0;1479.61;25;13;H;50;95;0;100.0;30.0;true;0.95;100.0;1.0;1.0;1.0;1.0;60;M;60000;60000;false;58;0.72;85.62;0.97;29;10;1000000;-1;3600;24.46;0.45;0.9;mslp;heur;0.19;0.83;-1;3600;60000;I;12;1.0;0.17;lr205;0;/dados/rmelo/PDPTW-SE/benchmark_multi_island_v5/official_experiments/multistartlp/official/set_01_pt_01/logs;0;0;0;0.0;100.0;1;24;/dados/rmelo/PDPTW-SE/benchmark_multi_island_v5/official_experiments/multistartlp/official/set_01_pt_01/logs/heur_mslp/solutions/12R_12V_02I_03M/lr205_sol_genconfig_mslp_seed_24.txt;Gurobi;AUTOMATIC;18.38;_bash_1;_seed_24;14677.17;1;153.12;/dados/rmelo/PDPTW-SE/benchmark_multi_island_v5/official_experiments/multistartlp/official/set_01_pt_01/logs/heur_mslp/timelines/12R_12V_02I_03M/lr205_timeline_genconfig_mslp_seed_24.txt;190.97;t2;0;903.33;false
0.05;0.01;0.02;0.03;0.0;0.0;11;/dados/rmelo/PDPTW-SE/benchmark_multi_island_v5/official_experiments/multistartlp/official/set_01_pt_01/logs/heur_mslp/outputs/csvresults_heur_mslp_bash_1.csv;0;4;1;26;0;0.0;0.5;true;14;2;lr205_t2_12R_12V_02I_04M;/dados/rmelo/PDPTW-SE/benchmark_multi_island_v5/official_experiments/multistartlp/official/set_01_pt_01/configs/genconfig_mslp.conf;genconfig_mslp;/dados/rmelo/PDPTW-SE/benchmark_multi_island_v5/official_experiments/multistartlp/official/set_01_pt_01/logs/heur_mslp/gurobi/12R_12V_02I_04M/lr205_grb_genconfig_mslp_seed_24.log;random;12R_12V_02I_04M;1;0;1;/dados/rmelo/PDPTW-SE/benchmark_multi_island_v5/official_experiments/multistartlp/official/set_01_pt_01/../../../../instances/orig_ams_fg/12R_12V_02I_04M/t2/lr205/;60000;48067;0;1479.61;25;13;H;50;95;0;100.0;30.0;true;0.95;100.0;1.0;1.0;1.0;1.0;60;M;60000;60000;false;58;0.71;85.62;0.97;29;10;1000000;-1;3600;24.58;0.45;0.9;mslp;heur;0.19;0.83;-1;3600;60000;I;12;0.75;0.17;lr205;0;/dados/rmelo/PDPTW-SE/benchmark_multi_island_v5/official_experiments/multistartlp/official/set_01_pt_01/logs;0;0;0;0.0;100.0;1;24;/dados/rmelo/PDPTW-SE/benchmark_multi_island_v5/official_experiments/multistartlp/official/set_01_pt_01/logs/heur_mslp/solutions/12R_12V_02I_04M/lr205_sol_genconfig_mslp_seed_24.txt;Gurobi;AUTOMATIC;18.18;_bash_1;_seed_24;14750.25;1;162.57;/dados/rmelo/PDPTW-SE/benchmark_multi_island_v5/official_experiments/multistartlp/official/set_01_pt_01/logs/heur_mslp/timelines/12R_12V_02I_04M/lr205_timeline_genconfig_mslp_seed_24.txt;202.99;t2;0;902.48;false
0.05;0.25;0.39;0.64;0.05;0.14;4;/dados/rmelo/PDPTW-SE/benchmark_multi_island_v5/official_experiments/multistartlp/official/set_01_pt_01/logs/heur_mslp/outputs/csvresults_heur_mslp_bash_1.csv;0;3;1;26;0;0.0;0.5;true;14;2;lr101_t1_12R_12V_04I_03M;/dados/rmelo/PDPTW-SE/benchmark_multi_island_v5/official_experiments/multistartlp/official/set_01_pt_01/configs/genconfig_mslp.conf;genconfig_mslp;/dados/rmelo/PDPTW-SE/benchmark_multi_island_v5/official_experiments/multistartlp/official/set_01_pt_01/logs/heur_mslp/gurobi/12R_12V_04I_03M/lr101_grb_genconfig_mslp_seed_24.log;random;12R_12V_04I_03M;1;59891;1;/dados/rmelo/PDPTW-SE/benchmark_multi_island_v5/official_experiments/multistartlp/official/set_01_pt_01/../../../../instances/orig_ams_fg/12R_12V_04I_04M/t1/lr101/;60000;6086;0;2004.23;25;13;H;50;95;0;100.0;30.0;true;0.95;100.0;1.0;1.0;1.0;1.0;60;M;109;109;false;52;0.85;79.56;0.88;26;10;1000000;-1;3600;20.0;0.59;0.35;mslp;heur;0.4;0.13;-1;3600;60000;I;12;1.0;0.75;lr101;0;/dados/rmelo/PDPTW-SE/benchmark_multi_island_v5/official_experiments/multistartlp/official/set_01_pt_01/logs;0;0;0;99.82;100.0;1;24;/dados/rmelo/PDPTW-SE/benchmark_multi_island_v5/official_experiments/multistartlp/official/set_01_pt_01/logs/heur_mslp/solutions/12R_12V_04I_03M/lr101_sol_genconfig_mslp_seed_24.txt;Gurobi;AUTOMATIC;18.08;_bash_1;_seed_24;21.8;1;1.76;/dados/rmelo/PDPTW-SE/benchmark_multi_island_v5/official_experiments/multistartlp/official/set_01_pt_01/logs/heur_mslp/timelines/12R_12V_04I_03M/lr101_timeline_genconfig_mslp_seed_24.txt;14.46;t1;0;1397.09;false
0.05;0.18;0.29;0.47;0.0;0.12;9;/dados/rmelo/PDPTW-SE/benchmark_multi_island_v5/official_experiments/multistartlp/official/set_01_pt_01/logs/heur_mslp/outputs/csvresults_heur_mslp_bash_1.csv;0;4;1;26;0;0.0;0.5;true;14;2;lr101_t1_12R_12V_04I_04M;/dados/rmelo/PDPTW-SE/benchmark_multi_island_v5/official_experiments/multistartlp/official/set_01_pt_01/configs/genconfig_mslp.conf;genconfig_mslp;/dados/rmelo/PDPTW-SE/benchmark_multi_island_v5/official_experiments/multistartlp/official/set_01_pt_01/logs/heur_mslp/gurobi/12R_12V_04I_04M/lr101_grb_genconfig_mslp_seed_24.log;random;12R_12V_04I_04M;1;53328;1;/dados/rmelo/PDPTW-SE/benchmark_multi_island_v5/official_experiments/multistartlp/official/set_01_pt_01/../../../../instances/orig_ams_fg/12R_12V_04I_04M/t1/lr101/;60000;18932;0;1691.98;25;13;H;50;95;0;100.0;30.0;true;0.95;100.0;1.0;1.0;1.0;1.0;60;M;6672;6672;false;52;0.83;79.12;0.79;26;10;1000000;-1;3600;20.03;0.56;0.4;mslp;heur;0.39;0.13;-1;3600;60000;I;12;1.0;0.75;lr101;0;/dados/rmelo/PDPTW-SE/benchmark_multi_island_v5/official_experiments/multistartlp/official/set_01_pt_01/logs;0;0;0;88.88;100.0;1;24;/dados/rmelo/PDPTW-SE/benchmark_multi_island_v5/official_experiments/multistartlp/official/set_01_pt_01/logs/heur_mslp/solutions/12R_12V_04I_04M/lr101_sol_genconfig_mslp_seed_24.txt;Gurobi;AUTOMATIC;18.06;_bash_1;_seed_24;1336.42;1;12.17;/dados/rmelo/PDPTW-SE/benchmark_multi_island_v5/official_experiments/multistartlp/official/set_01_pt_01/logs/heur_mslp/timelines/12R_12V_04I_04M/lr101_timeline_genconfig_mslp_seed_24.txt;37.22;t1;0;1311.95;false
0.05;0.15;0.21;0.36;0.02;0.07;8;/dados/rmelo/PDPTW-SE/benchmark_multi_island_v5/official_experiments/multistartlp/official/set_01_pt_01/logs/heur_mslp/outputs/csvresults_heur_mslp_bash_1.csv;0;3;1;26;0;0.0;0.5;true;14;2;lr102_t1_12R_12V_04I_03M;/dados/rmelo/PDPTW-SE/benchmark_multi_island_v5/official_experiments/multistartlp/official/set_01_pt_01/configs/genconfig_mslp.conf;genconfig_mslp;/dados/rmelo/PDPTW-SE/benchmark_multi_island_v5/official_experiments/multistartlp/official/set_01_pt_01/logs/heur_mslp/gurobi/12R_12V_04I_03M/lr102_grb_genconfig_mslp_seed_24.log;random;12R_12V_04I_03M;1;37485;1;/dados/rmelo/PDPTW-SE/benchmark_multi_island_v5/official_experiments/multistartlp/official/set_01_pt_01/../../../../instances/orig_ams_fg/12R_12V_04I_04M/t1/lr102/;60000;5737;0;1251.11;25;13;H;50;95;0;100.0;30.0;true;0.95;100.0;1.0;1.0;1.0;1.0;60;M;22515;22515;false;62;0.92;77.78;0.97;31;10;1000000;-1;3600;12.2;0.84;0.63;mslp;heur;0.79;0.26;-1;3600;60000;I;12;1.0;0.42;lr102;0;/dados/rmelo/PDPTW-SE/benchmark_multi_island_v5/official_experiments/multistartlp/official/set_01_pt_01/logs;0;0;0;62.48;100.0;1;24;/dados/rmelo/PDPTW-SE/benchmark_multi_island_v5/official_experiments/multistartlp/official/set_01_pt_01/logs/heur_mslp/solutions/12R_12V_04I_03M/lr102_sol_genconfig_mslp_seed_24.txt;Gurobi;AUTOMATIC;18.15;_bash_1;_seed_24;2747.47;1;6.89;/dados/rmelo/PDPTW-SE/benchmark_multi_island_v5/official_experiments/multistartlp/official/set_01_pt_01/logs/heur_mslp/timelines/12R_12V_04I_03M/lr102_timeline_genconfig_mslp_seed_24.txt;69.21;t1;0;993.9;false
0.05;0.08;0.15;0.23;0.01;0.06;4;/dados/rmelo/PDPTW-SE/benchmark_multi_island_v5/official_experiments/multistartlp/official/set_01_pt_01/logs/heur_mslp/outputs/csvresults_heur_mslp_bash_1.csv;0;4;1;26;0;0.0;0.5;true;14;2;lr102_t1_12R_12V_04I_04M;/dados/rmelo/PDPTW-SE/benchmark_multi_island_v5/official_experiments/multistartlp/official/set_01_pt_01/configs/genconfig_mslp.conf;genconfig_mslp;/dados/rmelo/PDPTW-SE/benchmark_multi_island_v5/official_experiments/multistartlp/official/set_01_pt_01/logs/heur_mslp/gurobi/12R_12V_04I_04M/lr102_grb_genconfig_mslp_seed_24.log;random;12R_12V_04I_04M;1;11114;1;/dados/rmelo/PDPTW-SE/benchmark_multi_island_v5/official_experiments/multistartlp/official/set_01_pt_01/../../../../instances/orig_ams_fg/12R_12V_04I_04M/t1/lr102/;60000;157;0;1275.71;25;13;H;50;95;0;100.0;30.0;true;0.95;100.0;1.0;1.0;1.0;1.0;60;M;48886;48886;false;62;0.88;76.63;0.97;31;10;1000000;-1;3600;13.44;0.83;0.63;mslp;heur;0.79;0.38;-1;3600;60000;I;12;1.0;0.42;lr102;0;/dados/rmelo/PDPTW-SE/benchmark_multi_island_v5/official_experiments/multistartlp/official/set_01_pt_01/logs;0;0;0;18.52;100.0;1;24;/dados/rmelo/PDPTW-SE/benchmark_multi_island_v5/official_experiments/multistartlp/official/set_01_pt_01/logs/heur_mslp/solutions/12R_12V_04I_04M/lr102_sol_genconfig_mslp_seed_24.txt;Gurobi;AUTOMATIC;18.16;_bash_1;_seed_24;6569.14;1;0.7;/dados/rmelo/PDPTW-SE/benchmark_multi_island_v5/official_experiments/multistartlp/official/set_01_pt_01/logs/heur_mslp/timelines/12R_12V_04I_04M/lr102_timeline_genconfig_mslp_seed_24.txt;132.36;t1;0;984.64;false
0.05;0.14;0.2;0.34;0.0;0.0;10;/dados/rmelo/PDPTW-SE/benchmark_multi_island_v5/official_experiments/multistartlp/official/set_01_pt_01/logs/heur_mslp/outputs/csvresults_heur_mslp_bash_1.csv;0;3;1;26;0;0.0;0.5;true;14;2;lr103_t1_12R_12V_04I_03M;/dados/rmelo/PDPTW-SE/benchmark_multi_island_v5/official_experiments/multistartlp/official/set_01_pt_01/configs/genconfig_mslp.conf;genconfig_mslp;/dados/rmelo/PDPTW-SE/benchmark_multi_island_v5/official_experiments/multistartlp/official/set_01_pt_01/logs/heur_mslp/gurobi/12R_12V_04I_03M/lr103_grb_genconfig_mslp_seed_24.log;random;12R_12V_04I_03M;1;33822;1;/dados/rmelo/PDPTW-SE/benchmark_multi_island_v5/official_experiments/multistartlp/official/set_01_pt_01/../../../../instances/orig_ams_fg/12R_12V_04I_04M/t1/lr103/;60000;53272;0;1091.35;25;13;H;50;95;0;100.0;30.0;true;0.95;100.0;1.0;1.0;1.0;1.0;60;M;26178;26178;false;58;0.91;82.02;0.79;29;10;1000000;-1;3600;9.07;0.69;0.54;mslp;heur;0.34;0.28;-1;3600;60000;I;12;1.0;0.42;lr103;0;/dados/rmelo/PDPTW-SE/benchmark_multi_island_v5/official_experiments/multistartlp/official/set_01_pt_01/logs;0;0;0;56.37;100.0;1;24;/dados/rmelo/PDPTW-SE/benchmark_multi_island_v5/official_experiments/multistartlp/official/set_01_pt_01/logs/heur_mslp/solutions/12R_12V_04I_03M/lr103_sol_genconfig_mslp_seed_24.txt;Gurobi;AUTOMATIC;18.12;_bash_1;_seed_24;2374.5;1;96.15;/dados/rmelo/PDPTW-SE/benchmark_multi_island_v5/official_experiments/multistartlp/official/set_01_pt_01/logs/heur_mslp/timelines/12R_12V_04I_03M/lr103_timeline_genconfig_mslp_seed_24.txt;108.25;t1;0;798.7;false
0.05;0.03;0.16;0.19;0.0;0.0;14;/dados/rmelo/PDPTW-SE/benchmark_multi_island_v5/official_experiments/multistartlp/official/set_01_pt_01/logs/heur_mslp/outputs/csvresults_heur_mslp_bash_1.csv;0;4;1;26;0;0.0;0.5;true;14;2;lr103_t1_12R_12V_04I_04M;/dados/rmelo/PDPTW-SE/benchmark_multi_island_v5/official_experiments/multistartlp/official/set_01_pt_01/configs/genconfig_mslp.conf;genconfig_mslp;/dados/rmelo/PDPTW-SE/benchmark_multi_island_v5/official_experiments/multistartlp/official/set_01_pt_01/logs/heur_mslp/gurobi/12R_12V_04I_04M/lr103_grb_genconfig_mslp_seed_24.log;random;12R_12V_04I_04M;1;10582;1;/dados/rmelo/PDPTW-SE/benchmark_multi_island_v5/official_experiments/multistartlp/official/set_01_pt_01/../../../../instances/orig_ams_fg/12R_12V_04I_04M/t1/lr103/;60000;26456;0;1120.12;25;13;H;50;95;0;100.0;30.0;true;0.95;100.0;1.0;1.0;1.0;1.0;60;M;49418;49418;false;58;0.83;79.36;0.76;29;10;1000000;-1;3600;8.55;0.69;0.55;mslp;heur;0.48;0.29;-1;3600;60000;I;12;1.0;0.42;lr103;0;/dados/rmelo/PDPTW-SE/benchmark_multi_island_v5/official_experiments/multistartlp/official/set_01_pt_01/logs;0;0;0;17.64;100.0;1;24;/dados/rmelo/PDPTW-SE/benchmark_multi_island_v5/official_experiments/multistartlp/official/set_01_pt_01/logs/heur_mslp/solutions/12R_12V_04I_04M/lr103_sol_genconfig_mslp_seed_24.txt;Gurobi;AUTOMATIC;18.03;_bash_1;_seed_24;4226.03;1;77.6;/dados/rmelo/PDPTW-SE/benchmark_multi_island_v5/official_experiments/multistartlp/official/set_01_pt_01/logs/heur_mslp/timelines/12R_12V_04I_04M/lr103_timeline_genconfig_mslp_seed_24.txt;175.32;t1;0;793.44;false
0.05;0.09;0.19;0.28;0.0;0.0;11;/dados/rmelo/PDPTW-SE/benchmark_multi_island_v5/official_experiments/multistartlp/official/set_01_pt_01/logs/heur_mslp/outputs/csvresults_heur_mslp_bash_1.csv;0;3;1;26;0;0.0;0.5;true;14;2;lr104_t1_12R_12V_04I_03M;/dados/rmelo/PDPTW-SE/benchmark_multi_island_v5/official_experiments/multistartlp/official/set_01_pt_01/configs/genconfig_mslp.conf;genconfig_mslp;/dados/rmelo/PDPTW-SE/benchmark_multi_island_v5/official_experiments/multistartlp/official/set_01_pt_01/logs/heur_mslp/gurobi/12R_12V_04I_03M/lr104_grb_genconfig_mslp_seed_24.log;random;12R_12V_04I_03M;1;4844;1;/dados/rmelo/PDPTW-SE/benchmark_multi_island_v5/official_experiments/multistartlp/official/set_01_pt_01/../../../../instances/orig_ams_fg/12R_12V_04I_04M/t1/lr104/;60000;479;0;1315.44;25;13;H;50;95;0;100.0;30.0;true;0.95;100.0;1.0;1.0;1.0;1.0;60;M;55156;55156;false;40;0.97;73.33;0.85;20;10;1000000;-1;3600;7.85;0.74;0.61;mslp;heur;0.43;0.3;-1;3600;60000;I;12;1.0;0.42;lr104;0;/dados/rmelo/PDPTW-SE/benchmark_multi_island_v5/official_experiments/multistartlp/official/set_01_pt_01/logs;0;0;0;8.07;100.0;1;24;/dados/rmelo/PDPTW-SE/benchmark_multi_island_v5/official_experiments/multistartlp/official/set_01_pt_01/logs/heur_mslp/solutions/12R_12V_04I_03M/lr104_sol_genconfig_mslp_seed_24.txt;Gurobi;AUTOMATIC;18.22;_bash_1;_seed_24;4328.51;1;1.78;/dados/rmelo/PDPTW-SE/benchmark_multi_island_v5/official_experiments/multistartlp/official/set_01_pt_01/logs/heur_mslp/timelines/12R_12V_04I_03M/lr104_timeline_genconfig_mslp_seed_24.txt;177.97;t1;0;847.82;false
0.05;0.09;0.19;0.28;0.0;0.0;15;/dados/rmelo/PDPTW-SE/benchmark_multi_island_v5/official_experiments/multistartlp/official/set_01_pt_01/logs/heur_mslp/outputs/csvresults_heur_mslp_bash_1.csv;0;4;1;26;0;0.0;0.5;true;14;2;lr104_t1_12R_12V_04I_04M;/dados/rmelo/PDPTW-SE/benchmark_multi_island_v5/official_experiments/multistartlp/official/set_01_pt_01/configs/genconfig_mslp.conf;genconfig_mslp;/dados/rmelo/PDPTW-SE/benchmark_multi_island_v5/official_experiments/multistartlp/official/set_01_pt_01/logs/heur_mslp/gurobi/12R_12V_04I_04M/lr104_grb_genconfig_mslp_seed_24.log;random;12R_12V_04I_04M;1;170;1;/dados/rmelo/PDPTW-SE/benchmark_multi_island_v5/official_experiments/multistartlp/official/set_01_pt_01/../../../../instances/orig_ams_fg/12R_12V_04I_04M/t1/lr104/;60000;3883;0;1137.4;25;13;H;50;95;0;100.0;30.0;true;0.95;100.0;1.0;1.0;1.0;1.0;60;M;59830;59830;false;40;0.97;73.33;0.68;20;10;1000000;-1;3600;7.21;0.74;0.56;mslp;heur;0.43;0.42;-1;3600;60000;I;12;0.75;0.42;lr104;0;/dados/rmelo/PDPTW-SE/benchmark_multi_island_v5/official_experiments/multistartlp/official/set_01_pt_01/logs;0;0;0;0.28;100.0;1;24;/dados/rmelo/PDPTW-SE/benchmark_multi_island_v5/official_experiments/multistartlp/official/set_01_pt_01/logs/heur_mslp/solutions/12R_12V_04I_04M/lr104_sol_genconfig_mslp_seed_24.txt;Gurobi;AUTOMATIC;18.19;_bash_1;_seed_24;4315.31;1;13.08;/dados/rmelo/PDPTW-SE/benchmark_multi_island_v5/official_experiments/multistartlp/official/set_01_pt_01/logs/heur_mslp/timelines/12R_12V_04I_04M/lr104_timeline_genconfig_mslp_seed_24.txt;195.83;t1;0;847.82;false
0.05;0.13;0.21;0.34;0.0;0.03;17;/dados/rmelo/PDPTW-SE/benchmark_multi_island_v5/official_experiments/multistartlp/official/set_01_pt_01/logs/heur_mslp/outputs/csvresults_heur_mslp_bash_1.csv;0;3;1;26;0;0.0;0.5;true;14;2;lr105_t1_12R_12V_04I_03M;/dados/rmelo/PDPTW-SE/benchmark_multi_island_v5/official_experiments/multistartlp/official/set_01_pt_01/configs/genconfig_mslp.conf;genconfig_mslp;/dados/rmelo/PDPTW-SE/benchmark_multi_island_v5/official_experiments/multistartlp/official/set_01_pt_01/logs/heur_mslp/gurobi/12R_12V_04I_03M/lr105_grb_genconfig_mslp_seed_24.log;random;12R_12V_04I_03M;1;34944;1;/dados/rmelo/PDPTW-SE/benchmark_multi_island_v5/official_experiments/multistartlp/official/set_01_pt_01/../../../../instances/orig_ams_fg/12R_12V_04I_04M/t1/lr105/;60000;31677;0;1084.98;25;13;H;50;95;0;100.0;30.0;true;0.95;100.0;1.0;1.0;1.0;1.0;60;M;25056;25056;false;58;0.85;78.09;0.96;29;10;1000000;-1;3600;16.1;0.6;0.55;mslp;heur;0.24;0.34;-1;3600;60000;I;12;1.0;0.5;lr105;0;/dados/rmelo/PDPTW-SE/benchmark_multi_island_v5/official_experiments/multistartlp/official/set_01_pt_01/logs;0;0;0;58.24;100.0;1;24;/dados/rmelo/PDPTW-SE/benchmark_multi_island_v5/official_experiments/multistartlp/official/set_01_pt_01/logs/heur_mslp/solutions/12R_12V_04I_03M/lr105_sol_genconfig_mslp_seed_24.txt;Gurobi;AUTOMATIC;18.19;_bash_1;_seed_24;4032.76;1;41.75;/dados/rmelo/PDPTW-SE/benchmark_multi_island_v5/official_experiments/multistartlp/official/set_01_pt_01/logs/heur_mslp/timelines/12R_12V_04I_03M/lr105_timeline_genconfig_mslp_seed_24.txt;78.66;t1;0;834.01;false
0.05;0.06;0.16;0.22;0.0;0.03;13;/dados/rmelo/PDPTW-SE/benchmark_multi_island_v5/official_experiments/multistartlp/official/set_01_pt_01/logs/heur_mslp/outputs/csvresults_heur_mslp_bash_1.csv;0;4;1;26;0;0.0;0.5;true;14;2;lr105_t1_12R_12V_04I_04M;/dados/rmelo/PDPTW-SE/benchmark_multi_island_v5/official_experiments/multistartlp/official/set_01_pt_01/configs/genconfig_mslp.conf;genconfig_mslp;/dados/rmelo/PDPTW-SE/benchmark_multi_island_v5/official_experiments/multistartlp/official/set_01_pt_01/logs/heur_mslp/gurobi/12R_12V_04I_04M/lr105_grb_genconfig_mslp_seed_24.log;random;12R_12V_04I_04M;1;7524;1;/dados/rmelo/PDPTW-SE/benchmark_multi_island_v5/official_experiments/multistartlp/official/set_01_pt_01/../../../../instances/orig_ams_fg/12R_12V_04I_04M/t1/lr105/;60000;26445;0;1231.46;25;13;H;50;95;0;100.0;30.0;true;0.95;100.0;1.0;1.0;1.0;1.0;60;M;52476;52476;false;58;0.84;78.09;0.98;29;10;1000000;-1;3600;16.87;0.6;0.58;mslp;heur;0.24;0.26;-1;3600;60000;I;12;1.0;0.5;lr105;0;/dados/rmelo/PDPTW-SE/benchmark_multi_island_v5/official_experiments/multistartlp/official/set_01_pt_01/logs;0;0;0;12.54;100.0;1;24;/dados/rmelo/PDPTW-SE/benchmark_multi_island_v5/official_experiments/multistartlp/official/set_01_pt_01/logs/heur_mslp/solutions/12R_12V_04I_04M/lr105_sol_genconfig_mslp_seed_24.txt;Gurobi;AUTOMATIC;18.37;_bash_1;_seed_24;8855.21;1;64.6;/dados/rmelo/PDPTW-SE/benchmark_multi_island_v5/official_experiments/multistartlp/official/set_01_pt_01/logs/heur_mslp/timelines/12R_12V_04I_04M/lr105_timeline_genconfig_mslp_seed_24.txt;145.11;t1;0;833.29;false
0.05;0.02;0.08;0.1;0.06;0.2;9;/dados/rmelo/PDPTW-SE/benchmark_multi_island_v5/official_experiments/multistartlp/official/set_01_pt_01/logs/heur_mslp/outputs/csvresults_heur_mslp_bash_1.csv;0;3;1;26;0;0.0;0.5;true;14;2;lr201_t2_12R_12V_04I_03M;/dados/rmelo/PDPTW-SE/benchmark_multi_island_v5/official_experiments/multistartlp/official/set_01_pt_01/configs/genconfig_mslp.conf;genconfig_mslp;/dados/rmelo/PDPTW-SE/benchmark_multi_island_v5/official_experiments/multistartlp/official/set_01_pt_01/logs/heur_mslp/gurobi/12R_12V_04I_03M/lr201_grb_genconfig_mslp_seed_24.log;random;12R_12V_04I_03M;1;0;1;/dados/rmelo/PDPTW-SE/benchmark_multi_island_v5/official_experiments/multistartlp/official/set_01_pt_01/../../../../instances/orig_ams_fg/12R_12V_04I_04M/t2/lr201/;60000;9896;0;2006.92;25;13;H;50;95;0;100.0;30.0;true;0.95;100.0;1.0;1.0;1.0;1.0;60;M;60000;60000;false;52;0.67;76.95;1.0;26;10;1000000;-1;3600;21.1;0.48;0.91;mslp;heur;0.2;0.85;-1;3600;60000;I;12;1.0;0.25;lr201;0;/dados/rmelo/PDPTW-SE/benchmark_multi_island_v5/official_experiments/multistartlp/official/set_01_pt_01/logs;0;0;0;0.0;100.0;1;24;/dados/rmelo/PDPTW-SE/benchmark_multi_island_v5/official_experiments/multistartlp/official/set_01_pt_01/logs/heur_mslp/solutions/12R_12V_04I_03M/lr201_sol_genconfig_mslp_seed_24.txt;Gurobi;AUTOMATIC;18.17;_bash_1;_seed_24;12662.25;1;31.11;/dados/rmelo/PDPTW-SE/benchmark_multi_island_v5/official_experiments/multistartlp/official/set_01_pt_01/logs/heur_mslp/timelines/12R_12V_04I_03M/lr201_timeline_genconfig_mslp_seed_24.txt;184.65;t2;0;1452.66;false
0.05;0.02;0.06;0.08;0.08;0.2;9;/dados/rmelo/PDPTW-SE/benchmark_multi_island_v5/official_experiments/multistartlp/official/set_01_pt_01/logs/heur_mslp/outputs/csvresults_heur_mslp_bash_1.csv;0;4;1;26;0;0.0;0.5;true;14;2;lr201_t2_12R_12V_04I_04M;/dados/rmelo/PDPTW-SE/benchmark_multi_island_v5/official_experiments/multistartlp/official/set_01_pt_01/configs/genconfig_mslp.conf;genconfig_mslp;/dados/rmelo/PDPTW-SE/benchmark_multi_island_v5/official_experiments/multistartlp/official/set_01_pt_01/logs/heur_mslp/gurobi/12R_12V_04I_04M/lr201_grb_genconfig_mslp_seed_24.log;random;12R_12V_04I_04M;1;0;1;/dados/rmelo/PDPTW-SE/benchmark_multi_island_v5/official_experiments/multistartlp/official/set_01_pt_01/../../../../instances/orig_ams_fg/12R_12V_04I_04M/t2/lr201/;60000;9896;0;2005.34;25;13;H;50;95;0;100.0;30.0;true;0.95;100.0;1.0;1.0;1.0;1.0;60;M;60000;60000;false;52;0.67;76.95;1.0;26;10;1000000;-1;3600;21.42;0.48;0.91;mslp;heur;0.2;0.85;-1;3600;60000;I;12;1.0;0.25;lr201;0;/dados/rmelo/PDPTW-SE/benchmark_multi_island_v5/official_experiments/multistartlp/official/set_01_pt_01/logs;0;0;0;0.0;100.0;1;24;/dados/rmelo/PDPTW-SE/benchmark_multi_island_v5/official_experiments/multistartlp/official/set_01_pt_01/logs/heur_mslp/solutions/12R_12V_04I_04M/lr201_sol_genconfig_mslp_seed_24.txt;Gurobi;AUTOMATIC;18.28;_bash_1;_seed_24;12851.7;1;32.83;/dados/rmelo/PDPTW-SE/benchmark_multi_island_v5/official_experiments/multistartlp/official/set_01_pt_01/logs/heur_mslp/timelines/12R_12V_04I_04M/lr201_timeline_genconfig_mslp_seed_24.txt;195.2;t2;0;1452.19;false
0.05;0.03;0.09;0.12;0.0;0.0;13;/dados/rmelo/PDPTW-SE/benchmark_multi_island_v5/official_experiments/multistartlp/official/set_01_pt_01/logs/heur_mslp/outputs/csvresults_heur_mslp_bash_1.csv;0;3;1;26;0;0.0;0.5;true;14;2;lr202_t2_12R_12V_04I_03M;/dados/rmelo/PDPTW-SE/benchmark_multi_island_v5/official_experiments/multistartlp/official/set_01_pt_01/configs/genconfig_mslp.conf;genconfig_mslp;/dados/rmelo/PDPTW-SE/benchmark_multi_island_v5/official_experiments/multistartlp/official/set_01_pt_01/logs/heur_mslp/gurobi/12R_12V_04I_03M/lr202_grb_genconfig_mslp_seed_24.log;random;12R_12V_04I_03M;1;14409;1;/dados/rmelo/PDPTW-SE/benchmark_multi_island_v5/official_experiments/multistartlp/official/set_01_pt_01/../../../../instances/orig_ams_fg/12R_12V_04I_04M/t2/lr202/;60000;5583;0;1587.79;25;13;H;50;95;0;100.0;30.0;true;0.95;100.0;1.0;1.0;1.0;1.0;60;M;45591;45591;false;46;0.7;74.73;0.98;23;10;1000000;-1;3600;26.44;0.35;0.76;mslp;heur;0.17;0.35;-1;3600;60000;I;12;1.0;0.25;lr202;0;/dados/rmelo/PDPTW-SE/benchmark_multi_island_v5/official_experiments/multistartlp/official/set_01_pt_01/logs;0;0;0;24.02;100.0;1;24;/dados/rmelo/PDPTW-SE/benchmark_multi_island_v5/official_experiments/multistartlp/official/set_01_pt_01/logs/heur_mslp/solutions/12R_12V_04I_03M/lr202_sol_genconfig_mslp_seed_24.txt;Gurobi;AUTOMATIC;18.22;_bash_1;_seed_24;12052.57;1;18.35;/dados/rmelo/PDPTW-SE/benchmark_multi_island_v5/official_experiments/multistartlp/official/set_01_pt_01/logs/heur_mslp/timelines/12R_12V_04I_03M/lr202_timeline_genconfig_mslp_seed_24.txt;194.41;t2;0;1052.05;false
0.05;0.04;0.07;0.11;0.04;0.0;12;/dados/rmelo/PDPTW-SE/benchmark_multi_island_v5/official_experiments/multistartlp/official/set_01_pt_01/logs/heur_mslp/outputs/csvresults_heur_mslp_bash_1.csv;0;4;1;26;0;0.0;0.5;true;14;2;lr202_t2_12R_12V_04I_04M;/dados/rmelo/PDPTW-SE/benchmark_multi_island_v5/official_experiments/multistartlp/official/set_01_pt_01/configs/genconfig_mslp.conf;genconfig_mslp;/dados/rmelo/PDPTW-SE/benchmark_multi_island_v5/official_experiments/multistartlp/official/set_01_pt_01/logs/heur_mslp/gurobi/12R_12V_04I_04M/lr202_grb_genconfig_mslp_seed_24.log;random;12R_12V_04I_04M;1;1008;1;/dados/rmelo/PDPTW-SE/benchmark_multi_island_v5/official_experiments/multistartlp/official/set_01_pt_01/../../../../instances/orig_ams_fg/12R_12V_04I_04M/t2/lr202/;60000;9874;0;2023.86;25;13;H;50;95;0;100.0;30.0;true;0.95;100.0;1.0;1.0;1.0;1.0;60;M;58992;58992;false;46;0.63;71.51;0.91;23;10;1000000;-1;3600;28.15;0.51;0.85;mslp;heur;0.39;0.78;-1;3600;60000;I;12;1.0;0.17;lr202;0;/dados/rmelo/PDPTW-SE/benchmark_multi_island_v5/official_experiments/multistartlp/official/set_01_pt_01/logs;0;0;0;1.68;100.0;1;24;/dados/rmelo/PDPTW-SE/benchmark_multi_island_v5/official_experiments/multistartlp/official/set_01_pt_01/logs/heur_mslp/solutions/12R_12V_04I_04M/lr202_sol_genconfig_mslp_seed_24.txt;Gurobi;AUTOMATIC;17.91;_bash_1;_seed_24;16604.37;1;40.92;/dados/rmelo/PDPTW-SE/benchmark_multi_island_v5/official_experiments/multistartlp/official/set_01_pt_01/logs/heur_mslp/timelines/12R_12V_04I_04M/lr202_timeline_genconfig_mslp_seed_24.txt;247.42;t2;0;1018.39;false
0.05;0.02;0.06;0.08;0.01;0.01;9;/dados/rmelo/PDPTW-SE/benchmark_multi_island_v5/official_experiments/multistartlp/official/set_01_pt_01/logs/heur_mslp/outputs/csvresults_heur_mslp_bash_1.csv;0;3;1;26;0;0.0;0.5;true;14;2;lr203_t2_12R_12V_04I_03M;/dados/rmelo/PDPTW-SE/benchmark_multi_island_v5/official_experiments/multistartlp/official/set_01_pt_01/configs/genconfig_mslp.conf;genconfig_mslp;/dados/rmelo/PDPTW-SE/benchmark_multi_island_v5/official_experiments/multistartlp/official/set_01_pt_01/logs/heur_mslp/gurobi/12R_12V_04I_03M/lr203_grb_genconfig_mslp_seed_24.log;random;12R_12V_04I_03M;1;0;1;/dados/rmelo/PDPTW-SE/benchmark_multi_island_v5/official_experiments/multistartlp/official/set_01_pt_01/../../../../instances/orig_ams_fg/12R_12V_04I_04M/t2/lr203/;60000;20892;0;1269.27;25;13;H;50;95;0;100.0;30.0;true;0.95;100.0;1.0;1.0;1.0;1.0;60;M;60000;60000;false;58;0.68;89.3;0.98;29;10;1000000;-1;3600;14.4;0.44;0.98;mslp;heur;0.2;0.97;-1;3600;60000;I;12;1.0;0.17;lr203;0;/dados/rmelo/PDPTW-SE/benchmark_multi_island_v5/official_experiments/multistartlp/official/set_01_pt_01/logs;0;0;0;0.0;100.0;1;24;/dados/rmelo/PDPTW-SE/benchmark_multi_island_v5/official_experiments/multistartlp/official/set_01_pt_01/logs/heur_mslp/solutions/12R_12V_04I_03M/lr203_sol_genconfig_mslp_seed_24.txt;Gurobi;AUTOMATIC;18.23;_bash_1;_seed_24;8639.37;1;103.28;/dados/rmelo/PDPTW-SE/benchmark_multi_island_v5/official_experiments/multistartlp/official/set_01_pt_01/logs/heur_mslp/timelines/12R_12V_04I_03M/lr203_timeline_genconfig_mslp_seed_24.txt;294.62;t2;0;882.13;false
0.05;0.03;0.04;0.07;0.01;0.01;11;/dados/rmelo/PDPTW-SE/benchmark_multi_island_v5/official_experiments/multistartlp/official/set_01_pt_01/logs/heur_mslp/outputs/csvresults_heur_mslp_bash_1.csv;0;4;1;26;0;0.0;0.5;true;14;2;lr203_t2_12R_12V_04I_04M;/dados/rmelo/PDPTW-SE/benchmark_multi_island_v5/official_experiments/multistartlp/official/set_01_pt_01/configs/genconfig_mslp.conf;genconfig_mslp;/dados/rmelo/PDPTW-SE/benchmark_multi_island_v5/official_experiments/multistartlp/official/set_01_pt_01/logs/heur_mslp/gurobi/12R_12V_04I_04M/lr203_grb_genconfig_mslp_seed_24.log;random;12R_12V_04I_04M;1;0;1;/dados/rmelo/PDPTW-SE/benchmark_multi_island_v5/official_experiments/multistartlp/official/set_01_pt_01/../../../../instances/orig_ams_fg/12R_12V_04I_04M/t2/lr203/;60000;20892;0;1266.7;25;13;H;50;95;0;100.0;30.0;true;0.95;100.0;1.0;1.0;1.0;1.0;60;M;59997;60000;false;58;0.67;89.3;0.98;29;10;1000000;-1;3600;15.13;0.44;0.98;mslp;heur;0.2;0.97;-1;3600;60000;I;12;1.0;0.17;lr203;0;/dados/rmelo/PDPTW-SE/benchmark_multi_island_v5/official_experiments/multistartlp/official/set_01_pt_01/logs;0;0;0;0.0;100.0;1;24;/dados/rmelo/PDPTW-SE/benchmark_multi_island_v5/official_experiments/multistartlp/official/set_01_pt_01/logs/heur_mslp/solutions/12R_12V_04I_04M/lr203_sol_genconfig_mslp_seed_24.txt;Gurobi;AUTOMATIC;18.28;_bash_1;_seed_24;9080.43;1;111.37;/dados/rmelo/PDPTW-SE/benchmark_multi_island_v5/official_experiments/multistartlp/official/set_01_pt_01/logs/heur_mslp/timelines/12R_12V_04I_04M/lr203_timeline_genconfig_mslp_seed_24.txt;317.37;t2;0;873.33;false
0.05;0.01;0.06;0.06;0.0;0.0;7;/dados/rmelo/PDPTW-SE/benchmark_multi_island_v5/official_experiments/multistartlp/official/set_01_pt_01/logs/heur_mslp/outputs/csvresults_heur_mslp_bash_1.csv;0;3;1;26;0;0.0;0.5;true;14;2;lr204_t2_12R_12V_04I_03M;/dados/rmelo/PDPTW-SE/benchmark_multi_island_v5/official_experiments/multistartlp/official/set_01_pt_01/configs/genconfig_mslp.conf;genconfig_mslp;/dados/rmelo/PDPTW-SE/benchmark_multi_island_v5/official_experiments/multistartlp/official/set_01_pt_01/logs/heur_mslp/gurobi/12R_12V_04I_03M/lr204_grb_genconfig_mslp_seed_24.log;random;12R_12V_04I_03M;1;0;1;/dados/rmelo/PDPTW-SE/benchmark_multi_island_v5/official_experiments/multistartlp/official/set_01_pt_01/../../../../instances/orig_ams_fg/12R_12V_04I_04M/t2/lr204/;60000;37429;0;1202.59;25;13;H;50;95;0;100.0;30.0;true;0.95;100.0;1.0;1.0;1.0;1.0;60;M;39953;60000;false;38;0.66;91.65;0.97;19;10;1000000;-1;3600;3.72;0.45;0.78;mslp;heur;0.23;0.59;-1;3600;60000;I;12;1.0;0.17;lr204;0;/dados/rmelo/PDPTW-SE/benchmark_multi_island_v5/official_experiments/multistartlp/official/set_01_pt_01/logs;0;0;0;0.0;66.59;1;24;/dados/rmelo/PDPTW-SE/benchmark_multi_island_v5/official_experiments/multistartlp/official/set_01_pt_01/logs/heur_mslp/solutions/12R_12V_04I_03M/lr204_sol_genconfig_mslp_seed_24.txt;Gurobi;AUTOMATIC;17.99;_bash_1;_seed_24;2233.9;1;193.91;/dados/rmelo/PDPTW-SE/benchmark_multi_island_v5/official_experiments/multistartlp/official/set_01_pt_01/logs/heur_mslp/timelines/12R_12V_04I_03M/lr204_timeline_genconfig_mslp_seed_24.txt;310.07;t2;0;895.29;false
0.05;0.02;0.06;0.08;0.0;0.0;8;/dados/rmelo/PDPTW-SE/benchmark_multi_island_v5/official_experiments/multistartlp/official/set_01_pt_01/logs/heur_mslp/outputs/csvresults_heur_mslp_bash_1.csv;0;4;1;26;0;0.0;0.5;true;14;2;lr204_t2_12R_12V_04I_04M;/dados/rmelo/PDPTW-SE/benchmark_multi_island_v5/official_experiments/multistartlp/official/set_01_pt_01/configs/genconfig_mslp.conf;genconfig_mslp;/dados/rmelo/PDPTW-SE/benchmark_multi_island_v5/official_experiments/multistartlp/official/set_01_pt_01/logs/heur_mslp/gurobi/12R_12V_04I_04M/lr204_grb_genconfig_mslp_seed_24.log;random;12R_12V_04I_04M;1;0;1;/dados/rmelo/PDPTW-SE/benchmark_multi_island_v5/official_experiments/multistartlp/official/set_01_pt_01/../../../../instances/orig_ams_fg/12R_12V_04I_04M/t2/lr204/;60000;37429;0;1122.52;25;13;H;50;95;0;100.0;30.0;true;0.95;100.0;1.0;1.0;1.0;1.0;60;M;41119;60000;false;38;0.66;91.65;0.97;19;10;1000000;-1;3600;4.23;0.45;0.78;mslp;heur;0.23;0.59;-1;3600;60000;I;12;0.75;0.17;lr204;0;/dados/rmelo/PDPTW-SE/benchmark_multi_island_v5/official_experiments/multistartlp/official/set_01_pt_01/logs;0;0;0;0.0;68.53;1;24;/dados/rmelo/PDPTW-SE/benchmark_multi_island_v5/official_experiments/multistartlp/official/set_01_pt_01/logs/heur_mslp/solutions/12R_12V_04I_04M/lr204_sol_genconfig_mslp_seed_24.txt;Gurobi;AUTOMATIC;17.91;_bash_1;_seed_24;2537.97;1;212.1;/dados/rmelo/PDPTW-SE/benchmark_multi_island_v5/official_experiments/multistartlp/official/set_01_pt_01/logs/heur_mslp/timelines/12R_12V_04I_04M/lr204_timeline_genconfig_mslp_seed_24.txt;338.6;t2;0;898.25;false
0.05;0.05;0.09;0.14;0.0;0.0;6;/dados/rmelo/PDPTW-SE/benchmark_multi_island_v5/official_experiments/multistartlp/official/set_01_pt_01/logs/heur_mslp/outputs/csvresults_heur_mslp_bash_1.csv;0;3;1;26;0;0.0;0.5;true;14;2;lr205_t2_12R_12V_04I_03M;/dados/rmelo/PDPTW-SE/benchmark_multi_island_v5/official_experiments/multistartlp/official/set_01_pt_01/configs/genconfig_mslp.conf;genconfig_mslp;/dados/rmelo/PDPTW-SE/benchmark_multi_island_v5/official_experiments/multistartlp/official/set_01_pt_01/logs/heur_mslp/gurobi/12R_12V_04I_03M/lr205_grb_genconfig_mslp_seed_24.log;random;12R_12V_04I_03M;1;0;1;/dados/rmelo/PDPTW-SE/benchmark_multi_island_v5/official_experiments/multistartlp/official/set_01_pt_01/../../../../instances/orig_ams_fg/12R_12V_04I_04M/t2/lr205/;60000;29496;0;2123.88;25;13;H;50;95;0;100.0;30.0;true;0.95;100.0;1.0;1.0;1.0;1.0;60;M;60000;60000;false;58;0.73;78.78;1.0;29;10;1000000;-1;3600;20.96;0.49;0.89;mslp;heur;0.25;0.78;-1;3600;60000;I;12;1.0;0.17;lr205;0;/dados/rmelo/PDPTW-SE/benchmark_multi_island_v5/official_experiments/multistartlp/official/set_01_pt_01/logs;0;0;0;0.0;100.0;1;24;/dados/rmelo/PDPTW-SE/benchmark_multi_island_v5/official_experiments/multistartlp/official/set_01_pt_01/logs/heur_mslp/solutions/12R_12V_04I_03M/lr205_sol_genconfig_mslp_seed_24.txt;Gurobi;AUTOMATIC;18.05;_bash_1;_seed_24;12574.94;1;121.61;/dados/rmelo/PDPTW-SE/benchmark_multi_island_v5/official_experiments/multistartlp/official/set_01_pt_01/logs/heur_mslp/timelines/12R_12V_04I_03M/lr205_timeline_genconfig_mslp_seed_24.txt;247.08;t2;0;980.74;false
0.05;0.03;0.07;0.1;0.0;0.0;8;/dados/rmelo/PDPTW-SE/benchmark_multi_island_v5/official_experiments/multistartlp/official/set_01_pt_01/logs/heur_mslp/outputs/csvresults_heur_mslp_bash_1.csv;0;4;1;26;0;0.0;0.5;true;14;2;lr205_t2_12R_12V_04I_04M;/dados/rmelo/PDPTW-SE/benchmark_multi_island_v5/official_experiments/multistartlp/official/set_01_pt_01/configs/genconfig_mslp.conf;genconfig_mslp;/dados/rmelo/PDPTW-SE/benchmark_multi_island_v5/official_experiments/multistartlp/official/set_01_pt_01/logs/heur_mslp/gurobi/12R_12V_04I_04M/lr205_grb_genconfig_mslp_seed_24.log;random;12R_12V_04I_04M;1;0;1;/dados/rmelo/PDPTW-SE/benchmark_multi_island_v5/official_experiments/multistartlp/official/set_01_pt_01/../../../../instances/orig_ams_fg/12R_12V_04I_04M/t2/lr205/;60000;29496;0;2123.88;25;13;H;50;95;0;100.0;30.0;true;0.95;100.0;1.0;1.0;1.0;1.0;60;M;60000;60000;false;58;0.73;75.38;1.0;29;10;1000000;-1;3600;21.38;0.49;0.89;mslp;heur;0.25;0.78;-1;3600;60000;I;12;1.0;0.17;lr205;0;/dados/rmelo/PDPTW-SE/benchmark_multi_island_v5/official_experiments/multistartlp/official/set_01_pt_01/logs;0;0;0;0.0;100.0;1;24;/dados/rmelo/PDPTW-SE/benchmark_multi_island_v5/official_experiments/multistartlp/official/set_01_pt_01/logs/heur_mslp/solutions/12R_12V_04I_04M/lr205_sol_genconfig_mslp_seed_24.txt;Gurobi;AUTOMATIC;18.24;_bash_1;_seed_24;12825.83;1;129.96;/dados/rmelo/PDPTW-SE/benchmark_multi_island_v5/official_experiments/multistartlp/official/set_01_pt_01/logs/heur_mslp/timelines/12R_12V_04I_04M/lr205_timeline_genconfig_mslp_seed_24.txt;263.71;t2;0;979.34;false
0.05;0.02;0.05;0.07;0.0;0.29;1;/dados/rmelo/PDPTW-SE/benchmark_multi_island_v5/official_experiments/multistartlp/official/set_01_pt_01/logs/heur_mslp/outputs/csvresults_heur_mslp_bash_1.csv;0;5;1;82;0;0.0;0.5;true;42;2;LR1_2_1_t1_40R_40V_02I_05M;/dados/rmelo/PDPTW-SE/benchmark_multi_island_v5/official_experiments/multistartlp/official/set_01_pt_01/configs/genconfig_mslp.conf;genconfig_mslp;/dados/rmelo/PDPTW-SE/benchmark_multi_island_v5/official_experiments/multistartlp/official/set_01_pt_01/logs/heur_mslp/gurobi/40R_40V_02I_05M/LR1_2_1_grb_genconfig_mslp_seed_24.log;random;40R_40V_02I_05M;1;59999;1;/dados/rmelo/PDPTW-SE/benchmark_multi_island_v5/official_experiments/multistartlp/official/set_01_pt_01/../../../../instances/orig_ams_fg/40R_40V_02I_06M/t1/LR1_2_1/;60000;1;0;8920.6;81;41;H;50;95;0;100.0;30.0;true;0.95;100.0;1.0;1.0;1.0;1.0;60;M;1;1;false;78;0.93;223.61;0.99;39;10;1000000;-1;3600;6.09;0.69;0.54;mslp;heur;0.48;0.12;-1;3600;60000;I;40;1.0;0.45;LR1_2_1;0;/dados/rmelo/PDPTW-SE/benchmark_multi_island_v5/official_experiments/multistartlp/official/set_01_pt_01/logs;0;0;0;100.0;100.0;1;24;/dados/rmelo/PDPTW-SE/benchmark_multi_island_v5/official_experiments/multistartlp/official/set_01_pt_01/logs/heur_mslp/solutions/40R_40V_02I_05M/LR1_2_1_sol_genconfig_mslp_seed_24.txt;Gurobi;AUTOMATIC;18.23;_bash_1;_seed_24;0.06;1;0.01;/dados/rmelo/PDPTW-SE/benchmark_multi_island_v5/official_experiments/multistartlp/official/set_01_pt_01/logs/heur_mslp/timelines/40R_40V_02I_05M/LR1_2_1_timeline_genconfig_mslp_seed_24.txt;84.12;t1;0;8377.69;false
0.05;0.02;0.05;0.07;0.0;0.29;1;/dados/rmelo/PDPTW-SE/benchmark_multi_island_v5/official_experiments/multistartlp/official/set_01_pt_01/logs/heur_mslp/outputs/csvresults_heur_mslp_bash_1.csv;0;6;1;82;0;0.0;0.5;true;42;2;LR1_2_1_t1_40R_40V_02I_06M;/dados/rmelo/PDPTW-SE/benchmark_multi_island_v5/official_experiments/multistartlp/official/set_01_pt_01/configs/genconfig_mslp.conf;genconfig_mslp;/dados/rmelo/PDPTW-SE/benchmark_multi_island_v5/official_experiments/multistartlp/official/set_01_pt_01/logs/heur_mslp/gurobi/40R_40V_02I_06M/LR1_2_1_grb_genconfig_mslp_seed_24.log;random;40R_40V_02I_06M;1;59999;1;/dados/rmelo/PDPTW-SE/benchmark_multi_island_v5/official_experiments/multistartlp/official/set_01_pt_01/../../../../instances/orig_ams_fg/40R_40V_02I_06M/t1/LR1_2_1/;60000;1;0;8920.6;81;41;H;50;95;0;100.0;30.0;true;0.95;100.0;1.0;1.0;1.0;1.0;60;M;1;1;false;78;0.93;223.61;0.99;39;10;1000000;-1;3600;6.09;0.69;0.54;mslp;heur;0.48;0.12;-1;3600;60000;I;40;0.83;0.45;LR1_2_1;0;/dados/rmelo/PDPTW-SE/benchmark_multi_island_v5/official_experiments/multistartlp/official/set_01_pt_01/logs;0;0;0;100.0;100.0;1;24;/dados/rmelo/PDPTW-SE/benchmark_multi_island_v5/official_experiments/multistartlp/official/set_01_pt_01/logs/heur_mslp/solutions/40R_40V_02I_06M/LR1_2_1_sol_genconfig_mslp_seed_24.txt;Gurobi;AUTOMATIC;18.39;_bash_1;_seed_24;0.06;1;0.01;/dados/rmelo/PDPTW-SE/benchmark_multi_island_v5/official_experiments/multistartlp/official/set_01_pt_01/logs/heur_mslp/timelines/40R_40V_02I_06M/LR1_2_1_timeline_genconfig_mslp_seed_24.txt;89.81;t1;0;8377.69;false
0.05;0.06;0.1;0.16;0.02;0.16;1;/dados/rmelo/PDPTW-SE/benchmark_multi_island_v5/official_experiments/multistartlp/official/set_01_pt_01/logs/heur_mslp/outputs/csvresults_heur_mslp_bash_1.csv;0;5;1;82;0;0.0;0.5;true;42;2;LR1_2_2_t1_40R_40V_02I_05M;/dados/rmelo/PDPTW-SE/benchmark_multi_island_v5/official_experiments/multistartlp/official/set_01_pt_01/configs/genconfig_mslp.conf;genconfig_mslp;/dados/rmelo/PDPTW-SE/benchmark_multi_island_v5/official_experiments/multistartlp/official/set_01_pt_01/logs/heur_mslp/gurobi/40R_40V_02I_05M/LR1_2_2_grb_genconfig_mslp_seed_24.log;random;40R_40V_02I_05M;1;59999;1;/dados/rmelo/PDPTW-SE/benchmark_multi_island_v5/official_experiments/multistartlp/official/set_01_pt_01/../../../../instances/orig_ams_fg/40R_40V_02I_06M/t1/LR1_2_2/;60000;1;0;7948.86;81;41;H;50;95;0;100.0;30.0;true;0.95;100.0;1.0;1.0;1.0;1.0;60;M;1;1;false;78;1.0;252.99;0.92;39;10;1000000;-1;3600;5.62;0.68;0.5;mslp;heur;0.38;0.18;-1;3600;60000;I;40;1.0;0.42;LR1_2_2;0;/dados/rmelo/PDPTW-SE/benchmark_multi_island_v5/official_experiments/multistartlp/official/set_01_pt_01/logs;0;0;0;100.0;100.0;1;24;/dados/rmelo/PDPTW-SE/benchmark_multi_island_v5/official_experiments/multistartlp/official/set_01_pt_01/logs/heur_mslp/solutions/40R_40V_02I_05M/LR1_2_2_sol_genconfig_mslp_seed_24.txt;Gurobi;AUTOMATIC;18.19;_bash_1;_seed_24;0.06;1;0.01;/dados/rmelo/PDPTW-SE/benchmark_multi_island_v5/official_experiments/multistartlp/official/set_01_pt_01/logs/heur_mslp/timelines/40R_40V_02I_05M/LR1_2_2_timeline_genconfig_mslp_seed_24.txt;95.4;t1;0;7502.15;false
0.05;0.04;0.09;0.13;0.02;0.16;1;/dados/rmelo/PDPTW-SE/benchmark_multi_island_v5/official_experiments/multistartlp/official/set_01_pt_01/logs/heur_mslp/outputs/csvresults_heur_mslp_bash_1.csv;0;6;1;82;0;0.0;0.5;true;42;2;LR1_2_2_t1_40R_40V_02I_06M;/dados/rmelo/PDPTW-SE/benchmark_multi_island_v5/official_experiments/multistartlp/official/set_01_pt_01/configs/genconfig_mslp.conf;genconfig_mslp;/dados/rmelo/PDPTW-SE/benchmark_multi_island_v5/official_experiments/multistartlp/official/set_01_pt_01/logs/heur_mslp/gurobi/40R_40V_02I_06M/LR1_2_2_grb_genconfig_mslp_seed_24.log;random;40R_40V_02I_06M;1;59999;1;/dados/rmelo/PDPTW-SE/benchmark_multi_island_v5/official_experiments/multistartlp/official/set_01_pt_01/../../../../instances/orig_ams_fg/40R_40V_02I_06M/t1/LR1_2_2/;60000;1;0;7948.86;81;41;H;50;95;0;100.0;30.0;true;0.95;100.0;1.0;1.0;1.0;1.0;60;M;1;1;false;78;1.0;252.99;0.92;39;10;1000000;-1;3600;5.58;0.68;0.5;mslp;heur;0.38;0.18;-1;3600;60000;I;40;1.0;0.42;LR1_2_2;0;/dados/rmelo/PDPTW-SE/benchmark_multi_island_v5/official_experiments/multistartlp/official/set_01_pt_01/logs;0;0;0;100.0;100.0;1;24;/dados/rmelo/PDPTW-SE/benchmark_multi_island_v5/official_experiments/multistartlp/official/set_01_pt_01/logs/heur_mslp/solutions/40R_40V_02I_06M/LR1_2_2_sol_genconfig_mslp_seed_24.txt;Gurobi;AUTOMATIC;18.11;_bash_1;_seed_24;0.06;1;0.01;/dados/rmelo/PDPTW-SE/benchmark_multi_island_v5/official_experiments/multistartlp/official/set_01_pt_01/logs/heur_mslp/timelines/40R_40V_02I_06M/LR1_2_2_timeline_genconfig_mslp_seed_24.txt;108.23;t1;0;7505.6;false
0.05;0.02;0.06;0.08;0.0;0.05;4;/dados/rmelo/PDPTW-SE/benchmark_multi_island_v5/official_experiments/multistartlp/official/set_01_pt_01/logs/heur_mslp/outputs/csvresults_heur_mslp_bash_1.csv;0;5;1;82;0;0.0;0.5;true;42;2;LR1_2_3_t1_40R_40V_02I_05M;/dados/rmelo/PDPTW-SE/benchmark_multi_island_v5/official_experiments/multistartlp/official/set_01_pt_01/configs/genconfig_mslp.conf;genconfig_mslp;/dados/rmelo/PDPTW-SE/benchmark_multi_island_v5/official_experiments/multistartlp/official/set_01_pt_01/logs/heur_mslp/gurobi/40R_40V_02I_05M/LR1_2_3_grb_genconfig_mslp_seed_24.log;random;40R_40V_02I_05M;1;59125;1;/dados/rmelo/PDPTW-SE/benchmark_multi_island_v5/official_experiments/multistartlp/official/set_01_pt_01/../../../../instances/orig_ams_fg/40R_40V_02I_06M/t1/LR1_2_3/;60000;25999;0;6267.5;81;41;H;50;95;0;100.0;30.0;true;0.95;100.0;1.0;1.0;1.0;1.0;60;M;875;875;false;86;0.96;234.21;1.0;43;10;1000000;-1;3600;3.15;0.75;0.7;mslp;heur;0.41;0.28;-1;3600;60000;I;40;1.0;0.25;LR1_2_3;0;/dados/rmelo/PDPTW-SE/benchmark_multi_island_v5/official_experiments/multistartlp/official/set_01_pt_01/logs;0;0;0;98.54;100.0;1;24;/dados/rmelo/PDPTW-SE/benchmark_multi_island_v5/official_experiments/multistartlp/official/set_01_pt_01/logs/heur_mslp/solutions/40R_40V_02I_05M/LR1_2_3_sol_genconfig_mslp_seed_24.txt;Gurobi;AUTOMATIC;17.97;_bash_1;_seed_24;27.54;1;94.26;/dados/rmelo/PDPTW-SE/benchmark_multi_island_v5/official_experiments/multistartlp/official/set_01_pt_01/logs/heur_mslp/timelines/40R_40V_02I_05M/LR1_2_3_timeline_genconfig_mslp_seed_24.txt;217.66;t1;0;4740.06;false
0.05;0.02;0.05;0.07;0.0;0.06;5;/dados/rmelo/PDPTW-SE/benchmark_multi_island_v5/official_experiments/multistartlp/official/set_01_pt_01/logs/heur_mslp/outputs/csvresults_heur_mslp_bash_1.csv;0;6;1;82;0;0.0;0.5;true;42;2;LR1_2_3_t1_40R_40V_02I_06M;/dados/rmelo/PDPTW-SE/benchmark_multi_island_v5/official_experiments/multistartlp/official/set_01_pt_01/configs/genconfig_mslp.conf;genconfig_mslp;/dados/rmelo/PDPTW-SE/benchmark_multi_island_v5/official_experiments/multistartlp/official/set_01_pt_01/logs/heur_mslp/gurobi/40R_40V_02I_06M/LR1_2_3_grb_genconfig_mslp_seed_24.log;random;40R_40V_02I_06M;1;59146;1;/dados/rmelo/PDPTW-SE/benchmark_multi_island_v5/official_experiments/multistartlp/official/set_01_pt_01/../../../../instances/orig_ams_fg/40R_40V_02I_06M/t1/LR1_2_3/;60000;32238;0;6089.87;81;41;H;50;95;0;100.0;30.0;true;0.95;100.0;1.0;1.0;1.0;1.0;60;M;854;854;false;86;0.96;234.21;0.9;43;10;1000000;-1;3600;3.15;0.68;0.57;mslp;heur;0.23;0.21;-1;3600;60000;I;40;0.83;0.28;LR1_2_3;0;/dados/rmelo/PDPTW-SE/benchmark_multi_island_v5/official_experiments/multistartlp/official/set_01_pt_01/logs;0;0;0;98.58;100.0;1;24;/dados/rmelo/PDPTW-SE/benchmark_multi_island_v5/official_experiments/multistartlp/official/set_01_pt_01/logs/heur_mslp/solutions/40R_40V_02I_06M/LR1_2_3_sol_genconfig_mslp_seed_24.txt;Gurobi;AUTOMATIC;18.4;_bash_1;_seed_24;26.87;1;124.0;/dados/rmelo/PDPTW-SE/benchmark_multi_island_v5/official_experiments/multistartlp/official/set_01_pt_01/logs/heur_mslp/timelines/40R_40V_02I_06M/LR1_2_3_timeline_genconfig_mslp_seed_24.txt;231.02;t1;0;4712.99;false
0.05;0.02;0.07;0.08;0.0;0.02;9;/dados/rmelo/PDPTW-SE/benchmark_multi_island_v5/official_experiments/multistartlp/official/set_01_pt_01/logs/heur_mslp/outputs/csvresults_heur_mslp_bash_1.csv;0;5;1;82;0;0.0;0.5;true;42;2;LR1_2_4_t1_40R_40V_02I_05M;/dados/rmelo/PDPTW-SE/benchmark_multi_island_v5/official_experiments/multistartlp/official/set_01_pt_01/configs/genconfig_mslp.conf;genconfig_mslp;/dados/rmelo/PDPTW-SE/benchmark_multi_island_v5/official_experiments/multistartlp/official/set_01_pt_01/logs/heur_mslp/gurobi/40R_40V_02I_05M/LR1_2_4_grb_genconfig_mslp_seed_24.log;random;40R_40V_02I_05M;1;44051;1;/dados/rmelo/PDPTW-SE/benchmark_multi_island_v5/official_experiments/multistartlp/official/set_01_pt_01/../../../../instances/orig_ams_fg/40R_40V_02I_06M/t1/LR1_2_4/;60000;32198;0;5038.16;81;41;H;50;95;0;100.0;30.0;true;0.95;100.0;1.0;1.0;1.0;1.0;60;M;15949;15949;false;86;0.97;237.45;0.93;43;10;1000000;-1;3600;3.22;0.83;0.69;mslp;heur;0.56;0.34;-1;3600;60000;I;40;0.8;0.18;LR1_2_4;0;/dados/rmelo/PDPTW-SE/benchmark_multi_island_v5/official_experiments/multistartlp/official/set_01_pt_01/logs;0;0;0;73.42;100.0;1;24;/dados/rmelo/PDPTW-SE/benchmark_multi_island_v5/official_experiments/multistartlp/official/set_01_pt_01/logs/heur_mslp/solutions/40R_40V_02I_05M/LR1_2_4_sol_genconfig_mslp_seed_24.txt;Gurobi;AUTOMATIC;18.1;_bash_1;_seed_24;514.22;1;323.25;/dados/rmelo/PDPTW-SE/benchmark_multi_island_v5/official_experiments/multistartlp/official/set_01_pt_01/logs/heur_mslp/timelines/40R_40V_02I_05M/LR1_2_4_timeline_genconfig_mslp_seed_24.txt;603.92;t1;0;3692.8;false
0.05;0.03;0.06;0.09;0.0;0.01;7;/dados/rmelo/PDPTW-SE/benchmark_multi_island_v5/official_experiments/multistartlp/official/set_01_pt_01/logs/heur_mslp/outputs/csvresults_heur_mslp_bash_1.csv;0;6;1;82;0;0.0;0.5;true;42;2;LR1_2_4_t1_40R_40V_02I_06M;/dados/rmelo/PDPTW-SE/benchmark_multi_island_v5/official_experiments/multistartlp/official/set_01_pt_01/configs/genconfig_mslp.conf;genconfig_mslp;/dados/rmelo/PDPTW-SE/benchmark_multi_island_v5/official_experiments/multistartlp/official/set_01_pt_01/logs/heur_mslp/gurobi/40R_40V_02I_06M/LR1_2_4_grb_genconfig_mslp_seed_24.log;random;40R_40V_02I_06M;1;20818;1;/dados/rmelo/PDPTW-SE/benchmark_multi_island_v5/official_experiments/multistartlp/official/set_01_pt_01/../../../../instances/orig_ams_fg/40R_40V_02I_06M/t1/LR1_2_4/;60000;26395;0;5232.01;81;41;H;50;95;0;100.0;30.0;true;0.95;100.0;1.0;1.0;1.0;1.0;60;M;39182;39182;false;86;0.97;232.24;0.98;43;10;1000000;-1;3600;3.14;0.79;0.71;mslp;heur;0.47;0.49;-1;3600;60000;I;40;0.5;0.18;LR1_2_4;0;/dados/rmelo/PDPTW-SE/benchmark_multi_island_v5/official_experiments/multistartlp/official/set_01_pt_01/logs;0;0;0;34.7;100.0;1;24;/dados/rmelo/PDPTW-SE/benchmark_multi_island_v5/official_experiments/multistartlp/official/set_01_pt_01/logs/heur_mslp/solutions/40R_40V_02I_06M/LR1_2_4_sol_genconfig_mslp_seed_24.txt;Gurobi;AUTOMATIC;18.21;_bash_1;_seed_24;1230.98;1;438.91;/dados/rmelo/PDPTW-SE/benchmark_multi_island_v5/official_experiments/multistartlp/official/set_01_pt_01/logs/heur_mslp/timelines/40R_40V_02I_06M/LR1_2_4_timeline_genconfig_mslp_seed_24.txt;997.72;t1;0;3507.94;false
0.05;0.04;0.08;0.12;0.0;0.16;4;/dados/rmelo/PDPTW-SE/benchmark_multi_island_v5/official_experiments/multistartlp/official/set_01_pt_01/logs/heur_mslp/outputs/csvresults_heur_mslp_bash_1.csv;0;5;1;82;0;0.0;0.5;true;42;2;LR1_2_5_t1_40R_40V_02I_05M;/dados/rmelo/PDPTW-SE/benchmark_multi_island_v5/official_experiments/multistartlp/official/set_01_pt_01/configs/genconfig_mslp.conf;genconfig_mslp;/dados/rmelo/PDPTW-SE/benchmark_multi_island_v5/official_experiments/multistartlp/official/set_01_pt_01/logs/heur_mslp/gurobi/40R_40V_02I_05M/LR1_2_5_grb_genconfig_mslp_seed_24.log;random;40R_40V_02I_05M;1;59979;1;/dados/rmelo/PDPTW-SE/benchmark_multi_island_v5/official_experiments/multistartlp/official/set_01_pt_01/../../../../instances/orig_ams_fg/40R_40V_02I_06M/t1/LR1_2_5/;60000;22702;0;7512.56;81;41;H;50;95;0;100.0;30.0;true;0.95;100.0;1.0;1.0;1.0;1.0;60;M;21;21;false;86;1.0;291.59;0.98;43;10;1000000;-1;3600;7.25;0.7;0.59;mslp;heur;0.42;0.21;-1;3600;60000;I;40;1.0;0.32;LR1_2_5;0;/dados/rmelo/PDPTW-SE/benchmark_multi_island_v5/official_experiments/multistartlp/official/set_01_pt_01/logs;0;0;0;99.96;100.0;1;24;/dados/rmelo/PDPTW-SE/benchmark_multi_island_v5/official_experiments/multistartlp/official/set_01_pt_01/logs/heur_mslp/solutions/40R_40V_02I_05M/LR1_2_5_sol_genconfig_mslp_seed_24.txt;Gurobi;AUTOMATIC;18.49;_bash_1;_seed_24;1.52;1;43.37;/dados/rmelo/PDPTW-SE/benchmark_multi_island_v5/official_experiments/multistartlp/official/set_01_pt_01/logs/heur_mslp/timelines/40R_40V_02I_05M/LR1_2_5_timeline_genconfig_mslp_seed_24.txt;113.48;t1;0;6678.59;false
0.05;0.03;0.07;0.1;0.01;0.06;7;/dados/rmelo/PDPTW-SE/benchmark_multi_island_v5/official_experiments/multistartlp/official/set_01_pt_01/logs/heur_mslp/outputs/csvresults_heur_mslp_bash_1.csv;0;6;1;82;0;0.0;0.5;true;42;2;LR1_2_5_t1_40R_40V_02I_06M;/dados/rmelo/PDPTW-SE/benchmark_multi_island_v5/official_experiments/multistartlp/official/set_01_pt_01/configs/genconfig_mslp.conf;genconfig_mslp;/dados/rmelo/PDPTW-SE/benchmark_multi_island_v5/official_experiments/multistartlp/official/set_01_pt_01/logs/heur_mslp/gurobi/40R_40V_02I_06M/LR1_2_5_grb_genconfig_mslp_seed_24.log;random;40R_40V_02I_06M;1;58551;1;/dados/rmelo/PDPTW-SE/benchmark_multi_island_v5/official_experiments/multistartlp/official/set_01_pt_01/../../../../instances/orig_ams_fg/40R_40V_02I_06M/t1/LR1_2_5/;60000;5534;0;8559.45;81;41;H;50;95;0;100.0;30.0;true;0.95;100.0;1.0;1.0;1.0;1.0;60;M;1449;1449;false;86;0.97;286.41;0.98;43;10;1000000;-1;3600;6.08;0.65;0.56;mslp;heur;0.19;0.15;-1;3600;60000;I;40;1.0;0.32;LR1_2_5;0;/dados/rmelo/PDPTW-SE/benchmark_multi_island_v5/official_experiments/multistartlp/official/set_01_pt_01/logs;0;0;0;97.58;100.0;1;24;/dados/rmelo/PDPTW-SE/benchmark_multi_island_v5/official_experiments/multistartlp/official/set_01_pt_01/logs/heur_mslp/solutions/40R_40V_02I_06M/LR1_2_5_sol_genconfig_mslp_seed_24.txt;Gurobi;AUTOMATIC;18.42;_bash_1;_seed_24;88.06;1;17.73;/dados/rmelo/PDPTW-SE/benchmark_multi_island_v5/official_experiments/multistartlp/official/set_01_pt_01/logs/heur_mslp/timelines/40R_40V_02I_06M/LR1_2_5_timeline_genconfig_mslp_seed_24.txt;191.88;t1;0;6194.94;false
0.05;0.0;0.01;0.02;0.02;0.21;9;/dados/rmelo/PDPTW-SE/benchmark_multi_island_v5/official_experiments/multistartlp/official/set_01_pt_01/logs/heur_mslp/outputs/csvresults_heur_mslp_bash_1.csv;0;5;1;82;0;0.0;0.5;true;42;2;LR2_2_1_t2_40R_40V_02I_05M;/dados/rmelo/PDPTW-SE/benchmark_multi_island_v5/official_experiments/multistartlp/official/set_01_pt_01/configs/genconfig_mslp.conf;genconfig_mslp;/dados/rmelo/PDPTW-SE/benchmark_multi_island_v5/official_experiments/multistartlp/official/set_01_pt_01/logs/heur_mslp/gurobi/40R_40V_02I_05M/LR2_2_1_grb_genconfig_mslp_seed_24.log;random;40R_40V_02I_05M;1;0;1;/dados/rmelo/PDPTW-SE/benchmark_multi_island_v5/official_experiments/multistartlp/official/set_01_pt_01/../../../../instances/orig_ams_fg/40R_40V_02I_06M/t2/LR2_2_1/;60000;26126;0;12210.35;81;41;H;50;95;0;100.0;30.0;true;0.95;100.0;1.0;1.0;1.0;1.0;60;M;60000;60000;false;80;0.89;178.29;0.99;40;10;1000000;-1;3600;6.74;0.62;0.9;mslp;heur;0.32;0.78;-1;3600;60000;I;40;1.0;0.12;LR2_2_1;0;/dados/rmelo/PDPTW-SE/benchmark_multi_island_v5/official_experiments/multistartlp/official/set_01_pt_01/logs;0;0;0;0.0;100.0;1;24;/dados/rmelo/PDPTW-SE/benchmark_multi_island_v5/official_experiments/multistartlp/official/set_01_pt_01/logs/heur_mslp/solutions/40R_40V_02I_05M/LR2_2_1_sol_genconfig_mslp_seed_24.txt;Gurobi;AUTOMATIC;18.29;_bash_1;_seed_24;4044.82;1;456.62;/dados/rmelo/PDPTW-SE/benchmark_multi_island_v5/official_experiments/multistartlp/official/set_01_pt_01/logs/heur_mslp/timelines/40R_40V_02I_05M/LR2_2_1_timeline_genconfig_mslp_seed_24.txt;1041.01;t2;0;7808.5;false
0.05;0.0;0.01;0.01;0.02;0.22;9;/dados/rmelo/PDPTW-SE/benchmark_multi_island_v5/official_experiments/multistartlp/official/set_01_pt_01/logs/heur_mslp/outputs/csvresults_heur_mslp_bash_1.csv;0;6;1;82;0;0.0;0.5;true;42;2;LR2_2_1_t2_40R_40V_02I_06M;/dados/rmelo/PDPTW-SE/benchmark_multi_island_v5/official_experiments/multistartlp/official/set_01_pt_01/configs/genconfig_mslp.conf;genconfig_mslp;/dados/rmelo/PDPTW-SE/benchmark_multi_island_v5/official_experiments/multistartlp/official/set_01_pt_01/logs/heur_mslp/gurobi/40R_40V_02I_06M/LR2_2_1_grb_genconfig_mslp_seed_24.log;random;40R_40V_02I_06M;1;0;1;/dados/rmelo/PDPTW-SE/benchmark_multi_island_v5/official_experiments/multistartlp/official/set_01_pt_01/../../../../instances/orig_ams_fg/40R_40V_02I_06M/t2/LR2_2_1/;60000;26126;0;12208.47;81;41;H;50;95;0;100.0;30.0;true;0.95;100.0;1.0;1.0;1.0;1.0;60;M;60000;60000;false;80;0.89;177.78;0.99;40;10;1000000;-1;3600;7.06;0.62;0.9;mslp;heur;0.32;0.78;-1;3600;60000;I;40;1.0;0.12;LR2_2_1;0;/dados/rmelo/PDPTW-SE/benchmark_multi_island_v5/official_experiments/multistartlp/official/set_01_pt_01/logs;0;0;0;0.0;100.0;1;24;/dados/rmelo/PDPTW-SE/benchmark_multi_island_v5/official_experiments/multistartlp/official/set_01_pt_01/logs/heur_mslp/solutions/40R_40V_02I_06M/LR2_2_1_sol_genconfig_mslp_seed_24.txt;Gurobi;AUTOMATIC;18.73;_bash_1;_seed_24;4234.27;1;493.12;/dados/rmelo/PDPTW-SE/benchmark_multi_island_v5/official_experiments/multistartlp/official/set_01_pt_01/logs/heur_mslp/timelines/40R_40V_02I_06M/LR2_2_1_timeline_genconfig_mslp_seed_24.txt;1127.63;t2;0;7801.98;false
0.05;0.0;0.02;0.03;0.02;0.19;12;/dados/rmelo/PDPTW-SE/benchmark_multi_island_v5/official_experiments/multistartlp/official/set_01_pt_01/logs/heur_mslp/outputs/csvresults_heur_mslp_bash_1.csv;0;5;1;82;0;0.0;0.5;true;42;2;LR2_2_2_t2_40R_40V_02I_05M;/dados/rmelo/PDPTW-SE/benchmark_multi_island_v5/official_experiments/multistartlp/official/set_01_pt_01/configs/genconfig_mslp.conf;genconfig_mslp;/dados/rmelo/PDPTW-SE/benchmark_multi_island_v5/official_experiments/multistartlp/official/set_01_pt_01/logs/heur_mslp/gurobi/40R_40V_02I_05M/LR2_2_2_grb_genconfig_mslp_seed_24.log;random;40R_40V_02I_05M;1;0;1;/dados/rmelo/PDPTW-SE/benchmark_multi_island_v5/official_experiments/multistartlp/official/set_01_pt_01/../../../../instances/orig_ams_fg/40R_40V_02I_06M/t2/LR2_2_2/;60000;18029;0;9205.21;81;41;H;50;95;0;100.0;30.0;true;0.95;100.0;1.0;1.0;1.0;1.0;60;M;60000;60000;false;80;0.8;177.14;1.0;40;10;1000000;-1;3600;7.33;0.65;0.96;mslp;heur;0.37;0.9;-1;3600;60000;I;40;0.8;0.1;LR2_2_2;0;/dados/rmelo/PDPTW-SE/benchmark_multi_island_v5/official_experiments/multistartlp/official/set_01_pt_01/logs;0;0;0;0.0;100.0;1;24;/dados/rmelo/PDPTW-SE/benchmark_multi_island_v5/official_experiments/multistartlp/official/set_01_pt_01/logs/heur_mslp/solutions/40R_40V_02I_05M/LR2_2_2_sol_genconfig_mslp_seed_24.txt;Gurobi;AUTOMATIC;18.65;_bash_1;_seed_24;4398.63;1;405.84;/dados/rmelo/PDPTW-SE/benchmark_multi_island_v5/official_experiments/multistartlp/official/set_01_pt_01/logs/heur_mslp/timelines/40R_40V_02I_05M/LR2_2_2_timeline_genconfig_mslp_seed_24.txt;1339.37;t2;0;6633.49;false
0.05;0.01;0.02;0.03;0.01;0.14;13;/dados/rmelo/PDPTW-SE/benchmark_multi_island_v5/official_experiments/multistartlp/official/set_01_pt_01/logs/heur_mslp/outputs/csvresults_heur_mslp_bash_1.csv;0;6;1;82;0;0.0;0.5;true;42;2;LR2_2_2_t2_40R_40V_02I_06M;/dados/rmelo/PDPTW-SE/benchmark_multi_island_v5/official_experiments/multistartlp/official/set_01_pt_01/configs/genconfig_mslp.conf;genconfig_mslp;/dados/rmelo/PDPTW-SE/benchmark_multi_island_v5/official_experiments/multistartlp/official/set_01_pt_01/logs/heur_mslp/gurobi/40R_40V_02I_06M/LR2_2_2_grb_genconfig_mslp_seed_24.log;random;40R_40V_02I_06M;1;0;1;/dados/rmelo/PDPTW-SE/benchmark_multi_island_v5/official_experiments/multistartlp/official/set_01_pt_01/../../../../instances/orig_ams_fg/40R_40V_02I_06M/t2/LR2_2_2/;60000;45044;0;10640.11;81;41;H;50;95;0;100.0;30.0;true;0.95;100.0;1.0;1.0;1.0;1.0;60;M;60000;60000;false;80;0.8;177.14;1.0;40;10;1000000;-1;3600;7.6;0.65;0.81;mslp;heur;0.33;0.4;-1;3600;60000;I;40;0.67;0.1;LR2_2_2;0;/dados/rmelo/PDPTW-SE/benchmark_multi_island_v5/official_experiments/multistartlp/official/set_01_pt_01/logs;0;0;0;0.0;100.0;1;24;/dados/rmelo/PDPTW-SE/benchmark_multi_island_v5/official_experiments/multistartlp/official/set_01_pt_01/logs/heur_mslp/solutions/40R_40V_02I_06M/LR2_2_2_sol_genconfig_mslp_seed_24.txt;Gurobi;AUTOMATIC;18.74;_bash_1;_seed_24;4559.55;1;1098.74;/dados/rmelo/PDPTW-SE/benchmark_multi_island_v5/official_experiments/multistartlp/official/set_01_pt_01/logs/heur_mslp/timelines/40R_40V_02I_06M/LR2_2_2_timeline_genconfig_mslp_seed_24.txt;1460.89;t2;0;6595.87;false
0.05;0.0;0.02;0.02;0.04;0.05;9;/dados/rmelo/PDPTW-SE/benchmark_multi_island_v5/official_experiments/multistartlp/official/set_01_pt_01/logs/heur_mslp/outputs/csvresults_heur_mslp_bash_1.csv;0;5;1;82;0;0.0;0.5;true;42;2;LR2_2_3_t2_40R_40V_02I_05M;/dados/rmelo/PDPTW-SE/benchmark_multi_island_v5/official_experiments/multistartlp/official/set_01_pt_01/configs/genconfig_mslp.conf;genconfig_mslp;/dados/rmelo/PDPTW-SE/benchmark_multi_island_v5/official_experiments/multistartlp/official/set_01_pt_01/logs/heur_mslp/gurobi/40R_40V_02I_05M/LR2_2_3_grb_genconfig_mslp_seed_24.log;random;40R_40V_02I_05M;1;0;1;/dados/rmelo/PDPTW-SE/benchmark_multi_island_v5/official_experiments/multistartlp/official/set_01_pt_01/../../../../instances/orig_ams_fg/40R_40V_02I_06M/t2/LR2_2_3/;60000;37208;0;9479.11;81;41;H;50;95;0;100.0;30.0;true;0.95;100.0;1.0;1.0;1.0;1.0;60;M;60000;60000;false;72;0.82;183.89;1.0;36;10;1000000;-1;3600;3.84;0.76;0.97;mslp;heur;0.65;0.95;-1;3600;60000;I;40;0.6;0.08;LR2_2_3;0;/dados/rmelo/PDPTW-SE/benchmark_multi_island_v5/official_experiments/multistartlp/official/set_01_pt_01/logs;0;0;0;0.0;100.0;1;24;/dados/rmelo/PDPTW-SE/benchmark_multi_island_v5/official_experiments/multistartlp/official/set_01_pt_01/logs/heur_mslp/solutions/40R_40V_02I_05M/LR2_2_3_sol_genconfig_mslp_seed_24.txt;Gurobi;AUTOMATIC;18.49;_bash_1;_seed_24;2303.3;1;1147.27;/dados/rmelo/PDPTW-SE/benchmark_multi_island_v5/official_experiments/multistartlp/official/set_01_pt_01/logs/heur_mslp/timelines/40R_40V_02I_05M/LR2_2_3_timeline_genconfig_mslp_seed_24.txt;1845.83;t2;0;5757.57;false
0.05;0.01;0.02;0.02;0.03;0.02;5;/dados/rmelo/PDPTW-SE/benchmark_multi_island_v5/official_experiments/multistartlp/official/set_01_pt_01/logs/heur_mslp/outputs/csvresults_heur_mslp_bash_1.csv;0;6;1;82;0;0.0;0.5;true;42;2;LR2_2_3_t2_40R_40V_02I_06M;/dados/rmelo/PDPTW-SE/benchmark_multi_island_v5/official_experiments/multistartlp/official/set_01_pt_01/configs/genconfig_mslp.conf;genconfig_mslp;/dados/rmelo/PDPTW-SE/benchmark_multi_island_v5/official_experiments/multistartlp/official/set_01_pt_01/logs/heur_mslp/gurobi/40R_40V_02I_06M/LR2_2_3_grb_genconfig_mslp_seed_24.log;random;40R_40V_02I_06M;1;0;1;/dados/rmelo/PDPTW-SE/benchmark_multi_island_v5/official_experiments/multistartlp/official/set_01_pt_01/../../../../instances/orig_ams_fg/40R_40V_02I_06M/t2/LR2_2_3/;60000;658;0;9535.82;81;41;H;50;95;0;100.0;30.0;true;0.95;100.0;1.0;1.0;1.0;1.0;60;M;60000;60000;false;72;0.81;183.89;1.0;36;10;1000000;-1;3600;4.01;0.74;0.91;mslp;heur;0.61;0.87;-1;3600;60000;I;40;0.67;0.08;LR2_2_3;0;/dados/rmelo/PDPTW-SE/benchmark_multi_island_v5/official_experiments/multistartlp/official/set_01_pt_01/logs;0;0;0;0.0;100.0;1;24;/dados/rmelo/PDPTW-SE/benchmark_multi_island_v5/official_experiments/multistartlp/official/set_01_pt_01/logs/heur_mslp/solutions/40R_40V_02I_06M/LR2_2_3_sol_genconfig_mslp_seed_24.txt;Gurobi;AUTOMATIC;18.25;_bash_1;_seed_24;2404.02;1;22.43;/dados/rmelo/PDPTW-SE/benchmark_multi_island_v5/official_experiments/multistartlp/official/set_01_pt_01/logs/heur_mslp/timelines/40R_40V_02I_06M/LR2_2_3_timeline_genconfig_mslp_seed_24.txt;2023.93;t2;0;5615.17;false
0.05;0.0;0.01;0.01;0.0;0.0;11;/dados/rmelo/PDPTW-SE/benchmark_multi_island_v5/official_experiments/multistartlp/official/set_01_pt_01/logs/heur_mslp/outputs/csvresults_heur_mslp_bash_1.csv;0;5;1;82;0;0.0;0.5;true;42;2;LR2_2_4_t2_40R_40V_02I_05M;/dados/rmelo/PDPTW-SE/benchmark_multi_island_v5/official_experiments/multistartlp/official/set_01_pt_01/configs/genconfig_mslp.conf;genconfig_mslp;/dados/rmelo/PDPTW-SE/benchmark_multi_island_v5/official_experiments/multistartlp/official/set_01_pt_01/logs/heur_mslp/gurobi/40R_40V_02I_05M/LR2_2_4_grb_genconfig_mslp_seed_24.log;random;40R_40V_02I_05M;1;0;1;/dados/rmelo/PDPTW-SE/benchmark_multi_island_v5/official_experiments/multistartlp/official/set_01_pt_01/../../../../instances/orig_ams_fg/40R_40V_02I_06M/t2/LR2_2_4/;60000;47438;0;5511.87;81;41;H;50;95;0;100.0;30.0;true;0.95;100.0;1.0;1.0;1.0;1.0;60;M;59108;60000;false;78;0.82;166.17;0.97;39;10;1000000;-1;3600;1.86;0.41;0.79;mslp;heur;0.05;0.29;-1;3600;60000;I;40;0.8;0.1;LR2_2_4;0;/dados/rmelo/PDPTW-SE/benchmark_multi_island_v5/official_experiments/multistartlp/official/set_01_pt_01/logs;0;0;0;0.0;98.51;1;24;/dados/rmelo/PDPTW-SE/benchmark_multi_island_v5/official_experiments/multistartlp/official/set_01_pt_01/logs/heur_mslp/solutions/40R_40V_02I_05M/LR2_2_4_sol_genconfig_mslp_seed_24.txt;Gurobi;AUTOMATIC;18.33;_bash_1;_seed_24;1116.08;1;2581.16;/dados/rmelo/PDPTW-SE/benchmark_multi_island_v5/official_experiments/multistartlp/official/set_01_pt_01/logs/heur_mslp/timelines/40R_40V_02I_05M/LR2_2_4_timeline_genconfig_mslp_seed_24.txt;3266.88;t2;0;4111.86;false
0.05;0.0;0.01;0.01;0.0;0.0;11;/dados/rmelo/PDPTW-SE/benchmark_multi_island_v5/official_experiments/multistartlp/official/set_01_pt_01/logs/heur_mslp/outputs/csvresults_heur_mslp_bash_1.csv;0;6;1;82;0;0.0;0.5;true;42;2;LR2_2_4_t2_40R_40V_02I_06M;/dados/rmelo/PDPTW-SE/benchmark_multi_island_v5/official_experiments/multistartlp/official/set_01_pt_01/configs/genconfig_mslp.conf;genconfig_mslp;/dados/rmelo/PDPTW-SE/benchmark_multi_island_v5/official_experiments/multistartlp/official/set_01_pt_01/logs/heur_mslp/gurobi/40R_40V_02I_06M/LR2_2_4_grb_genconfig_mslp_seed_24.log;random;40R_40V_02I_06M;1;0;1;/dados/rmelo/PDPTW-SE/benchmark_multi_island_v5/official_experiments/multistartlp/official/set_01_pt_01/../../../../instances/orig_ams_fg/40R_40V_02I_06M/t2/LR2_2_4/;60000;47438;0;5511.87;81;41;H;50;95;0;100.0;30.0;true;0.95;100.0;1.0;1.0;1.0;1.0;60;M;59115;60000;false;78;0.82;166.17;0.97;39;10;1000000;-1;3600;1.86;0.41;0.79;mslp;heur;0.05;0.29;-1;3600;60000;I;40;0.67;0.1;LR2_2_4;0;/dados/rmelo/PDPTW-SE/benchmark_multi_island_v5/official_experiments/multistartlp/official/set_01_pt_01/logs;0;0;0;0.0;98.52;1;24;/dados/rmelo/PDPTW-SE/benchmark_multi_island_v5/official_experiments/multistartlp/official/set_01_pt_01/logs/heur_mslp/solutions/40R_40V_02I_06M/LR2_2_4_sol_genconfig_mslp_seed_24.txt;Gurobi;AUTOMATIC;18.93;_bash_1;_seed_24;1116.34;1;2737.79;/dados/rmelo/PDPTW-SE/benchmark_multi_island_v5/official_experiments/multistartlp/official/set_01_pt_01/logs/heur_mslp/timelines/40R_40V_02I_06M/LR2_2_4_timeline_genconfig_mslp_seed_24.txt;3462.3;t2;0;4111.86;false
0.05;0.01;0.03;0.04;0.03;0.2;8;/dados/rmelo/PDPTW-SE/benchmark_multi_island_v5/official_experiments/multistartlp/official/set_01_pt_01/logs/heur_mslp/outputs/csvresults_heur_mslp_bash_1.csv;0;5;1;82;0;0.0;0.5;true;42;2;LR2_2_5_t2_40R_40V_02I_05M;/dados/rmelo/PDPTW-SE/benchmark_multi_island_v5/official_experiments/multistartlp/official/set_01_pt_01/configs/genconfig_mslp.conf;genconfig_mslp;/dados/rmelo/PDPTW-SE/benchmark_multi_island_v5/official_experiments/multistartlp/official/set_01_pt_01/logs/heur_mslp/gurobi/40R_40V_02I_05M/LR2_2_5_grb_genconfig_mslp_seed_24.log;random;40R_40V_02I_05M;1;0;1;/dados/rmelo/PDPTW-SE/benchmark_multi_island_v5/official_experiments/multistartlp/official/set_01_pt_01/../../../../instances/orig_ams_fg/40R_40V_02I_06M/t2/LR2_2_5/;60000;1191;0;11317.2;81;41;H;50;95;0;100.0;30.0;true;0.95;100.0;1.0;1.0;1.0;1.0;60;M;60000;60000;false;80;0.84;178.56;1.0;40;10;1000000;-1;3600;9.78;0.75;0.98;mslp;heur;0.66;0.91;-1;3600;60000;I;40;0.8;0.1;LR2_2_5;0;/dados/rmelo/PDPTW-SE/benchmark_multi_island_v5/official_experiments/multistartlp/official/set_01_pt_01/logs;0;0;0;0.0;100.0;1;24;/dados/rmelo/PDPTW-SE/benchmark_multi_island_v5/official_experiments/multistartlp/official/set_01_pt_01/logs/heur_mslp/solutions/40R_40V_02I_05M/LR2_2_5_sol_genconfig_mslp_seed_24.txt;Gurobi;AUTOMATIC;18.62;_bash_1;_seed_24;5867.37;1;25.15;/dados/rmelo/PDPTW-SE/benchmark_multi_island_v5/official_experiments/multistartlp/official/set_01_pt_01/logs/heur_mslp/timelines/40R_40V_02I_05M/LR2_2_5_timeline_genconfig_mslp_seed_24.txt;1233.04;t2;0;7595.62;false
0.05;0.01;0.02;0.03;0.05;0.2;8;/dados/rmelo/PDPTW-SE/benchmark_multi_island_v5/official_experiments/multistartlp/official/set_01_pt_01/logs/heur_mslp/outputs/csvresults_heur_mslp_bash_1.csv;0;6;1;82;0;0.0;0.5;true;42;2;LR2_2_5_t2_40R_40V_02I_06M;/dados/rmelo/PDPTW-SE/benchmark_multi_island_v5/official_experiments/multistartlp/official/set_01_pt_01/configs/genconfig_mslp.conf;genconfig_mslp;/dados/rmelo/PDPTW-SE/benchmark_multi_island_v5/official_experiments/multistartlp/official/set_01_pt_01/logs/heur_mslp/gurobi/40R_40V_02I_06M/LR2_2_5_grb_genconfig_mslp_seed_24.log;random;40R_40V_02I_06M;1;0;1;/dados/rmelo/PDPTW-SE/benchmark_multi_island_v5/official_experiments/multistartlp/official/set_01_pt_01/../../../../instances/orig_ams_fg/40R_40V_02I_06M/t2/LR2_2_5/;60000;1191;0;11317.2;81;41;H;50;95;0;100.0;30.0;true;0.95;100.0;1.0;1.0;1.0;1.0;60;M;60000;60000;false;80;0.84;178.56;1.0;40;10;1000000;-1;3600;9.78;0.75;0.98;mslp;heur;0.66;0.91;-1;3600;60000;I;40;0.83;0.1;LR2_2_5;0;/dados/rmelo/PDPTW-SE/benchmark_multi_island_v5/official_experiments/multistartlp/official/set_01_pt_01/logs;0;0;0;0.0;100.0;1;24;/dados/rmelo/PDPTW-SE/benchmark_multi_island_v5/official_experiments/multistartlp/official/set_01_pt_01/logs/heur_mslp/solutions/40R_40V_02I_06M/LR2_2_5_sol_genconfig_mslp_seed_24.txt;Gurobi;AUTOMATIC;18.77;_bash_1;_seed_24;5867.49;1;26.14;/dados/rmelo/PDPTW-SE/benchmark_multi_island_v5/official_experiments/multistartlp/official/set_01_pt_01/logs/heur_mslp/timelines/40R_40V_02I_06M/LR2_2_5_timeline_genconfig_mslp_seed_24.txt;1299.9;t2;0;7595.62;false
0.05;0.08;0.16;0.24;0.04;0.43;0;/dados/rmelo/PDPTW-SE/benchmark_multi_island_v5/official_experiments/multistartlp/official/set_01_pt_01/logs/heur_mslp/outputs/csvresults_heur_mslp_bash_1.csv;0;5;1;82;0;0.0;0.5;false;42;2;LR1_2_1_t1_40R_40V_04I_05M;/dados/rmelo/PDPTW-SE/benchmark_multi_island_v5/official_experiments/multistartlp/official/set_01_pt_01/configs/genconfig_mslp.conf;genconfig_mslp;/dados/rmelo/PDPTW-SE/benchmark_multi_island_v5/official_experiments/multistartlp/official/set_01_pt_01/logs/heur_mslp/gurobi/40R_40V_04I_05M/LR1_2_1_grb_genconfig_mslp_seed_24.log;random;40R_40V_04I_05M;1;60000;1;/dados/rmelo/PDPTW-SE/benchmark_multi_island_v5/official_experiments/multistartlp/official/set_01_pt_01/../../../../instances/orig_ams_fg/40R_40V_04I_06M/t1/LR1_2_1/;60000;0;0;0.0;81;41;H;50;95;0;100.0;30.0;true;0.95;100.0;1.0;1.0;1.0;1.0;60;M;0;0;false;78;0.97;183.87;0.91;39;10;1000000;-1;3600;0.0;0.76;0.47;mslp;heur;0.6;0.13;-1;3600;60000;I;40;1.0;0.25;LR1_2_1;0;/dados/rmelo/PDPTW-SE/benchmark_multi_island_v5/official_experiments/multistartlp/official/set_01_pt_01/logs;0;0;0;100.0;0.0;1;24;/dados/rmelo/PDPTW-SE/benchmark_multi_island_v5/official_experiments/multistartlp/official/set_01_pt_01/logs/heur_mslp/solutions/40R_40V_04I_05M/LR1_2_1_sol_genconfig_mslp_seed_24.txt;Gurobi;AUTOMATIC;19.25;_bash_1;_seed_24;0.0;1;0.0;/dados/rmelo/PDPTW-SE/benchmark_multi_island_v5/official_experiments/multistartlp/official/set_01_pt_01/logs/heur_mslp/timelines/40R_40V_04I_05M/LR1_2_1_timeline_genconfig_mslp_seed_24.txt;116.5;t1;0;Inf;false
0.05;0.12;0.24;0.36;0.01;0.27;2;/dados/rmelo/PDPTW-SE/benchmark_multi_island_v5/official_experiments/multistartlp/official/set_01_pt_01/logs/heur_mslp/outputs/csvresults_heur_mslp_bash_1.csv;0;6;1;82;0;0.0;0.5;true;42;2;LR1_2_1_t1_40R_40V_04I_06M;/dados/rmelo/PDPTW-SE/benchmark_multi_island_v5/official_experiments/multistartlp/official/set_01_pt_01/configs/genconfig_mslp.conf;genconfig_mslp;/dados/rmelo/PDPTW-SE/benchmark_multi_island_v5/official_experiments/multistartlp/official/set_01_pt_01/logs/heur_mslp/gurobi/40R_40V_04I_06M/LR1_2_1_grb_genconfig_mslp_seed_24.log;random;40R_40V_04I_06M;1;59991;1;/dados/rmelo/PDPTW-SE/benchmark_multi_island_v5/official_experiments/multistartlp/official/set_01_pt_01/../../../../instances/orig_ams_fg/40R_40V_04I_06M/t1/LR1_2_1/;60000;6705;0;8419.68;81;41;H;50;95;0;100.0;30.0;true;0.95;100.0;1.0;1.0;1.0;1.0;60;M;9;9;false;78;0.93;183.87;0.94;39;10;1000000;-1;3600;7.87;0.77;0.62;mslp;heur;0.58;0.23;-1;3600;60000;I;40;1.0;0.38;LR1_2_1;0;/dados/rmelo/PDPTW-SE/benchmark_multi_island_v5/official_experiments/multistartlp/official/set_01_pt_01/logs;0;0;0;99.98;100.0;1;24;/dados/rmelo/PDPTW-SE/benchmark_multi_island_v5/official_experiments/multistartlp/official/set_01_pt_01/logs/heur_mslp/solutions/40R_40V_04I_06M/LR1_2_1_sol_genconfig_mslp_seed_24.txt;Gurobi;AUTOMATIC;18.95;_bash_1;_seed_24;0.71;1;20.08;/dados/rmelo/PDPTW-SE/benchmark_multi_island_v5/official_experiments/multistartlp/official/set_01_pt_01/logs/heur_mslp/timelines/40R_40V_04I_06M/LR1_2_1_timeline_genconfig_mslp_seed_24.txt;175.74;t1;0;7381.25;false
0.05;0.08;0.16;0.23;0.04;0.36;0;/dados/rmelo/PDPTW-SE/benchmark_multi_island_v5/official_experiments/multistartlp/official/set_01_pt_01/logs/heur_mslp/outputs/csvresults_heur_mslp_bash_1.csv;0;5;1;82;0;0.0;0.5;false;42;2;LR1_2_2_t1_40R_40V_04I_05M;/dados/rmelo/PDPTW-SE/benchmark_multi_island_v5/official_experiments/multistartlp/official/set_01_pt_01/configs/genconfig_mslp.conf;genconfig_mslp;/dados/rmelo/PDPTW-SE/benchmark_multi_island_v5/official_experiments/multistartlp/official/set_01_pt_01/logs/heur_mslp/gurobi/40R_40V_04I_05M/LR1_2_2_grb_genconfig_mslp_seed_24.log;random;40R_40V_04I_05M;1;60000;1;/dados/rmelo/PDPTW-SE/benchmark_multi_island_v5/official_experiments/multistartlp/official/set_01_pt_01/../../../../instances/orig_ams_fg/40R_40V_04I_06M/t1/LR1_2_2/;60000;0;0;0.0;81;41;H;50;95;0;100.0;30.0;true;0.95;100.0;1.0;1.0;1.0;1.0;60;M;0;0;false;78;0.86;181.11;0.91;39;10;1000000;-1;3600;0.0;0.68;0.48;mslp;heur;0.36;0.1;-1;3600;60000;I;40;1.0;0.25;LR1_2_2;0;/dados/rmelo/PDPTW-SE/benchmark_multi_island_v5/official_experiments/multistartlp/official/set_01_pt_01/logs;0;0;0;100.0;0.0;1;24;/dados/rmelo/PDPTW-SE/benchmark_multi_island_v5/official_experiments/multistartlp/official/set_01_pt_01/logs/heur_mslp/solutions/40R_40V_04I_05M/LR1_2_2_sol_genconfig_mslp_seed_24.txt;Gurobi;AUTOMATIC;18.34;_bash_1;_seed_24;0.0;1;0.0;/dados/rmelo/PDPTW-SE/benchmark_multi_island_v5/official_experiments/multistartlp/official/set_01_pt_01/logs/heur_mslp/timelines/40R_40V_04I_05M/LR1_2_2_timeline_genconfig_mslp_seed_24.txt;126.41;t1;0;Inf;false
0.05;0.16;0.21;0.36;0.01;0.17;3;/dados/rmelo/PDPTW-SE/benchmark_multi_island_v5/official_experiments/multistartlp/official/set_01_pt_01/logs/heur_mslp/outputs/csvresults_heur_mslp_bash_1.csv;0;6;1;82;0;0.0;0.5;true;42;2;LR1_2_2_t1_40R_40V_04I_06M;/dados/rmelo/PDPTW-SE/benchmark_multi_island_v5/official_experiments/multistartlp/official/set_01_pt_01/configs/genconfig_mslp.conf;genconfig_mslp;/dados/rmelo/PDPTW-SE/benchmark_multi_island_v5/official_experiments/multistartlp/official/set_01_pt_01/logs/heur_mslp/gurobi/40R_40V_04I_06M/LR1_2_2_grb_genconfig_mslp_seed_24.log;random;40R_40V_04I_06M;1;59995;1;/dados/rmelo/PDPTW-SE/benchmark_multi_island_v5/official_experiments/multistartlp/official/set_01_pt_01/../../../../instances/orig_ams_fg/40R_40V_04I_06M/t1/LR1_2_2/;60000;54370;0;7023.55;81;41;H;50;95;0;100.0;30.0;true;0.95;100.0;1.0;1.0;1.0;1.0;60;M;5;5;false;78;0.91;181.11;0.99;39;10;1000000;-1;3600;7.99;0.69;0.63;mslp;heur;0.33;0.32;-1;3600;60000;I;40;1.0;0.35;LR1_2_2;0;/dados/rmelo/PDPTW-SE/benchmark_multi_island_v5/official_experiments/multistartlp/official/set_01_pt_01/logs;0;0;0;99.99;100.0;1;24;/dados/rmelo/PDPTW-SE/benchmark_multi_island_v5/official_experiments/multistartlp/official/set_01_pt_01/logs/heur_mslp/solutions/40R_40V_04I_06M/LR1_2_2_sol_genconfig_mslp_seed_24.txt;Gurobi;AUTOMATIC;18.65;_bash_1;_seed_24;0.4;1;151.56;/dados/rmelo/PDPTW-SE/benchmark_multi_island_v5/official_experiments/multistartlp/official/set_01_pt_01/logs/heur_mslp/timelines/40R_40V_04I_06M/LR1_2_2_timeline_genconfig_mslp_seed_24.txt;167.22;t1;0;6129.57;false
0.05;0.14;0.21;0.35;0.01;0.1;7;/dados/rmelo/PDPTW-SE/benchmark_multi_island_v5/official_experiments/multistartlp/official/set_01_pt_01/logs/heur_mslp/outputs/csvresults_heur_mslp_bash_1.csv;0;5;1;82;0;0.0;0.5;true;42;2;LR1_2_3_t1_40R_40V_04I_05M;/dados/rmelo/PDPTW-SE/benchmark_multi_island_v5/official_experiments/multistartlp/official/set_01_pt_01/configs/genconfig_mslp.conf;genconfig_mslp;/dados/rmelo/PDPTW-SE/benchmark_multi_island_v5/official_experiments/multistartlp/official/set_01_pt_01/logs/heur_mslp/gurobi/40R_40V_04I_05M/LR1_2_3_grb_genconfig_mslp_seed_24.log;random;40R_40V_04I_05M;1;59670;1;/dados/rmelo/PDPTW-SE/benchmark_multi_island_v5/official_experiments/multistartlp/official/set_01_pt_01/../../../../instances/orig_ams_fg/40R_40V_04I_06M/t1/LR1_2_3/;60000;38892;0;5759.87;81;41;H;50;95;0;100.0;30.0;true;0.95;100.0;1.0;1.0;1.0;1.0;60;M;330;330;false;86;0.82;184.4;0.95;43;10;1000000;-1;3600;5.91;0.67;0.63;mslp;heur;0.45;0.33;-1;3600;60000;I;40;1.0;0.28;LR1_2_3;0;/dados/rmelo/PDPTW-SE/benchmark_multi_island_v5/official_experiments/multistartlp/official/set_01_pt_01/logs;0;0;0;99.45;100.0;1;24;/dados/rmelo/PDPTW-SE/benchmark_multi_island_v5/official_experiments/multistartlp/official/set_01_pt_01/logs/heur_mslp/solutions/40R_40V_04I_05M/LR1_2_3_sol_genconfig_mslp_seed_24.txt;Gurobi;AUTOMATIC;18.81;_bash_1;_seed_24;19.52;1;184.61;/dados/rmelo/PDPTW-SE/benchmark_multi_island_v5/official_experiments/multistartlp/official/set_01_pt_01/logs/heur_mslp/timelines/40R_40V_04I_05M/LR1_2_3_timeline_genconfig_mslp_seed_24.txt;284.29;t1;0;4674.72;false
0.05;0.1;0.19;0.29;0.02;0.06;6;/dados/rmelo/PDPTW-SE/benchmark_multi_island_v5/official_experiments/multistartlp/official/set_01_pt_01/logs/heur_mslp/outputs/csvresults_heur_mslp_bash_1.csv;0;6;1;82;0;0.0;0.5;true;42;2;LR1_2_3_t1_40R_40V_04I_06M;/dados/rmelo/PDPTW-SE/benchmark_multi_island_v5/official_experiments/multistartlp/official/set_01_pt_01/configs/genconfig_mslp.conf;genconfig_mslp;/dados/rmelo/PDPTW-SE/benchmark_multi_island_v5/official_experiments/multistartlp/official/set_01_pt_01/logs/heur_mslp/gurobi/40R_40V_04I_06M/LR1_2_3_grb_genconfig_mslp_seed_24.log;random;40R_40V_04I_06M;1;58632;1;/dados/rmelo/PDPTW-SE/benchmark_multi_island_v5/official_experiments/multistartlp/official/set_01_pt_01/../../../../instances/orig_ams_fg/40R_40V_04I_06M/t1/LR1_2_3/;60000;19394;0;5496.84;81;41;H;50;95;0;100.0;30.0;true;0.95;100.0;1.0;1.0;1.0;1.0;60;M;1368;1368;false;86;0.88;184.2;0.88;43;10;1000000;-1;3600;5.3;0.62;0.56;mslp;heur;0.27;0.07;-1;3600;60000;I;40;1.0;0.3;LR1_2_3;0;/dados/rmelo/PDPTW-SE/benchmark_multi_island_v5/official_experiments/multistartlp/official/set_01_pt_01/logs;0;0;0;97.72;100.0;1;24;/dados/rmelo/PDPTW-SE/benchmark_multi_island_v5/official_experiments/multistartlp/official/set_01_pt_01/logs/heur_mslp/solutions/40R_40V_04I_06M/LR1_2_3_sol_genconfig_mslp_seed_24.txt;Gurobi;AUTOMATIC;18.63;_bash_1;_seed_24;72.54;1;123.22;/dados/rmelo/PDPTW-SE/benchmark_multi_island_v5/official_experiments/multistartlp/official/set_01_pt_01/logs/heur_mslp/timelines/40R_40V_04I_06M/LR1_2_3_timeline_genconfig_mslp_seed_24.txt;378.48;t1;0;4742.64;false
0.05;0.04;0.11;0.16;0.02;0.01;11;/dados/rmelo/PDPTW-SE/benchmark_multi_island_v5/official_experiments/multistartlp/official/set_01_pt_01/logs/heur_mslp/outputs/csvresults_heur_mslp_bash_1.csv;0;5;1;82;0;0.0;0.5;true;42;2;LR1_2_4_t1_40R_40V_04I_05M;/dados/rmelo/PDPTW-SE/benchmark_multi_island_v5/official_experiments/multistartlp/official/set_01_pt_01/configs/genconfig_mslp.conf;genconfig_mslp;/dados/rmelo/PDPTW-SE/benchmark_multi_island_v5/official_experiments/multistartlp/official/set_01_pt_01/logs/heur_mslp/gurobi/40R_40V_04I_05M/LR1_2_4_grb_genconfig_mslp_seed_24.log;random;40R_40V_04I_05M;1;52911;1;/dados/rmelo/PDPTW-SE/benchmark_multi_island_v5/official_experiments/multistartlp/official/set_01_pt_01/../../../../instances/orig_ams_fg/40R_40V_04I_06M/t1/LR1_2_4/;60000;22895;0;5246.87;81;41;H;50;95;0;100.0;30.0;true;0.95;100.0;1.0;1.0;1.0;1.0;60;M;7089;7089;false;86;0.95;182.11;1.0;43;10;1000000;-1;3600;3.68;0.73;0.74;mslp;heur;0.2;0.15;-1;3600;60000;I;40;1.0;0.2;LR1_2_4;0;/dados/rmelo/PDPTW-SE/benchmark_multi_island_v5/official_experiments/multistartlp/official/set_01_pt_01/logs;0;0;0;88.18;100.0;1;24;/dados/rmelo/PDPTW-SE/benchmark_multi_island_v5/official_experiments/multistartlp/official/set_01_pt_01/logs/heur_mslp/solutions/40R_40V_04I_05M/LR1_2_4_sol_genconfig_mslp_seed_24.txt;Gurobi;AUTOMATIC;18.68;_bash_1;_seed_24;261.02;1;288.3;/dados/rmelo/PDPTW-SE/benchmark_multi_island_v5/official_experiments/multistartlp/official/set_01_pt_01/logs/heur_mslp/timelines/40R_40V_04I_05M/LR1_2_4_timeline_genconfig_mslp_seed_24.txt;751.37;t1;0;3677.89;false
0.05;0.04;0.1;0.14;0.0;0.0;9;/dados/rmelo/PDPTW-SE/benchmark_multi_island_v5/official_experiments/multistartlp/official/set_01_pt_01/logs/heur_mslp/outputs/csvresults_heur_mslp_bash_1.csv;0;6;1;82;0;0.0;0.5;true;42;2;LR1_2_4_t1_40R_40V_04I_06M;/dados/rmelo/PDPTW-SE/benchmark_multi_island_v5/official_experiments/multistartlp/official/set_01_pt_01/configs/genconfig_mslp.conf;genconfig_mslp;/dados/rmelo/PDPTW-SE/benchmark_multi_island_v5/official_experiments/multistartlp/official/set_01_pt_01/logs/heur_mslp/gurobi/40R_40V_04I_06M/LR1_2_4_grb_genconfig_mslp_seed_24.log;random;40R_40V_04I_06M;1;47121;1;/dados/rmelo/PDPTW-SE/benchmark_multi_island_v5/official_experiments/multistartlp/official/set_01_pt_01/../../../../instances/orig_ams_fg/40R_40V_04I_06M/t1/LR1_2_4/;60000;12669;0;4617.35;81;41;H;50;95;0;100.0;30.0;true;0.95;100.0;1.0;1.0;1.0;1.0;60;M;12879;12879;false;86;0.94;181.5;1.0;43;10;1000000;-1;3600;3.11;0.73;0.66;mslp;heur;0.31;0.23;-1;3600;60000;I;40;1.0;0.2;LR1_2_4;0;/dados/rmelo/PDPTW-SE/benchmark_multi_island_v5/official_experiments/multistartlp/official/set_01_pt_01/logs;0;0;0;78.54;100.0;1;24;/dados/rmelo/PDPTW-SE/benchmark_multi_island_v5/official_experiments/multistartlp/official/set_01_pt_01/logs/heur_mslp/solutions/40R_40V_04I_06M/LR1_2_4_sol_genconfig_mslp_seed_24.txt;Gurobi;AUTOMATIC;18.46;_bash_1;_seed_24;400.26;1;197.07;/dados/rmelo/PDPTW-SE/benchmark_multi_island_v5/official_experiments/multistartlp/official/set_01_pt_01/logs/heur_mslp/timelines/40R_40V_04I_06M/LR1_2_4_timeline_genconfig_mslp_seed_24.txt;935.24;t1;0;3701.8;false
0.05;0.15;0.25;0.4;0.02;0.16;3;/dados/rmelo/PDPTW-SE/benchmark_multi_island_v5/official_experiments/multistartlp/official/set_01_pt_01/logs/heur_mslp/outputs/csvresults_heur_mslp_bash_1.csv;0;5;1;82;0;0.0;0.5;true;42;2;LR1_2_5_t1_40R_40V_04I_05M;/dados/rmelo/PDPTW-SE/benchmark_multi_island_v5/official_experiments/multistartlp/official/set_01_pt_01/configs/genconfig_mslp.conf;genconfig_mslp;/dados/rmelo/PDPTW-SE/benchmark_multi_island_v5/official_experiments/multistartlp/official/set_01_pt_01/logs/heur_mslp/gurobi/40R_40V_04I_05M/LR1_2_5_grb_genconfig_mslp_seed_24.log;random;40R_40V_04I_05M;1;59996;1;/dados/rmelo/PDPTW-SE/benchmark_multi_island_v5/official_experiments/multistartlp/official/set_01_pt_01/../../../../instances/orig_ams_fg/40R_40V_04I_06M/t1/LR1_2_5/;60000;40777;0;6427.62;81;41;H;50;95;0;100.0;30.0;true;0.95;100.0;1.0;1.0;1.0;1.0;60;M;4;4;false;86;0.96;181.84;0.97;43;10;1000000;-1;3600;9.82;0.71;0.53;mslp;heur;0.42;0.1;-1;3600;60000;I;40;1.0;0.32;LR1_2_5;0;/dados/rmelo/PDPTW-SE/benchmark_multi_island_v5/official_experiments/multistartlp/official/set_01_pt_01/logs;0;0;0;99.99;100.0;1;24;/dados/rmelo/PDPTW-SE/benchmark_multi_island_v5/official_experiments/multistartlp/official/set_01_pt_01/logs/heur_mslp/solutions/40R_40V_04I_05M/LR1_2_5_sol_genconfig_mslp_seed_24.txt;Gurobi;AUTOMATIC;18.49;_bash_1;_seed_24;0.39;1;148.54;/dados/rmelo/PDPTW-SE/benchmark_multi_island_v5/official_experiments/multistartlp/official/set_01_pt_01/logs/heur_mslp/timelines/40R_40V_04I_05M/LR1_2_5_timeline_genconfig_mslp_seed_24.txt;218.11;t1;0;5816.59;false
0.05;0.11;0.16;0.27;0.02;0.16;4;/dados/rmelo/PDPTW-SE/benchmark_multi_island_v5/official_experiments/multistartlp/official/set_01_pt_01/logs/heur_mslp/outputs/csvresults_heur_mslp_bash_1.csv;0;6;1;82;0;0.0;0.5;true;42;2;LR1_2_5_t1_40R_40V_04I_06M;/dados/rmelo/PDPTW-SE/benchmark_multi_island_v5/official_experiments/multistartlp/official/set_01_pt_01/configs/genconfig_mslp.conf;genconfig_mslp;/dados/rmelo/PDPTW-SE/benchmark_multi_island_v5/official_experiments/multistartlp/official/set_01_pt_01/logs/heur_mslp/gurobi/40R_40V_04I_06M/LR1_2_5_grb_genconfig_mslp_seed_24.log;random;40R_40V_04I_06M;1;59375;1;/dados/rmelo/PDPTW-SE/benchmark_multi_island_v5/official_experiments/multistartlp/official/set_01_pt_01/../../../../instances/orig_ams_fg/40R_40V_04I_06M/t1/LR1_2_5/;60000;3312;0;6745.96;81;41;H;50;95;0;100.0;30.0;true;0.95;100.0;1.0;1.0;1.0;1.0;60;M;625;625;false;86;0.95;180.73;0.98;43;10;1000000;-1;3600;8.6;0.77;0.67;mslp;heur;0.5;0.27;-1;3600;60000;I;40;1.0;0.28;LR1_2_5;0;/dados/rmelo/PDPTW-SE/benchmark_multi_island_v5/official_experiments/multistartlp/official/set_01_pt_01/logs;0;0;0;98.96;100.0;1;24;/dados/rmelo/PDPTW-SE/benchmark_multi_island_v5/official_experiments/multistartlp/official/set_01_pt_01/logs/heur_mslp/solutions/40R_40V_04I_06M/LR1_2_5_sol_genconfig_mslp_seed_24.txt;Gurobi;AUTOMATIC;18.74;_bash_1;_seed_24;53.73;1;18.18;/dados/rmelo/PDPTW-SE/benchmark_multi_island_v5/official_experiments/multistartlp/official/set_01_pt_01/logs/heur_mslp/timelines/40R_40V_04I_06M/LR1_2_5_timeline_genconfig_mslp_seed_24.txt;322.67;t1;0;5390.8;false
0.05;0.05;0.09;0.14;0.07;0.16;10;/dados/rmelo/PDPTW-SE/benchmark_multi_island_v5/official_experiments/multistartlp/official/set_01_pt_01/logs/heur_mslp/outputs/csvresults_heur_mslp_bash_1.csv;0;5;1;82;0;0.0;0.5;true;42;2;LR2_2_1_t2_40R_40V_04I_05M;/dados/rmelo/PDPTW-SE/benchmark_multi_island_v5/official_experiments/multistartlp/official/set_01_pt_01/configs/genconfig_mslp.conf;genconfig_mslp;/dados/rmelo/PDPTW-SE/benchmark_multi_island_v5/official_experiments/multistartlp/official/set_01_pt_01/logs/heur_mslp/gurobi/40R_40V_04I_05M/LR2_2_1_grb_genconfig_mslp_seed_24.log;random;40R_40V_04I_05M;1;0;1;/dados/rmelo/PDPTW-SE/benchmark_multi_island_v5/official_experiments/multistartlp/official/set_01_pt_01/../../../../instances/orig_ams_fg/40R_40V_04I_06M/t2/LR2_2_1/;60000;15675;0;11668.03;81;41;H;50;95;0;100.0;30.0;true;0.95;100.0;1.0;1.0;1.0;1.0;60;M;60000;60000;false;80;0.89;180.09;1.0;40;10;1000000;-1;3600;6.08;0.63;0.93;mslp;heur;0.22;0.74;-1;3600;60000;I;40;1.0;0.12;LR2_2_1;0;/dados/rmelo/PDPTW-SE/benchmark_multi_island_v5/official_experiments/multistartlp/official/set_01_pt_01/logs;0;0;0;0.0;100.0;1;24;/dados/rmelo/PDPTW-SE/benchmark_multi_island_v5/official_experiments/multistartlp/official/set_01_pt_01/logs/heur_mslp/solutions/40R_40V_04I_05M/LR2_2_1_sol_genconfig_mslp_seed_24.txt;Gurobi;AUTOMATIC;18.64;_bash_1;_seed_24;3650.73;1;378.83;/dados/rmelo/PDPTW-SE/benchmark_multi_island_v5/official_experiments/multistartlp/official/set_01_pt_01/logs/heur_mslp/timelines/40R_40V_04I_05M/LR2_2_1_timeline_genconfig_mslp_seed_24.txt;1441.53;t2;0;7989.89;false
0.05;0.04;0.08;0.12;0.07;0.16;8;/dados/rmelo/PDPTW-SE/benchmark_multi_island_v5/official_experiments/multistartlp/official/set_01_pt_01/logs/heur_mslp/outputs/csvresults_heur_mslp_bash_1.csv;0;6;1;82;0;0.0;0.5;true;42;2;LR2_2_1_t2_40R_40V_04I_06M;/dados/rmelo/PDPTW-SE/benchmark_multi_island_v5/official_experiments/multistartlp/official/set_01_pt_01/configs/genconfig_mslp.conf;genconfig_mslp;/dados/rmelo/PDPTW-SE/benchmark_multi_island_v5/official_experiments/multistartlp/official/set_01_pt_01/logs/heur_mslp/gurobi/40R_40V_04I_06M/LR2_2_1_grb_genconfig_mslp_seed_24.log;random;40R_40V_04I_06M;1;0;1;/dados/rmelo/PDPTW-SE/benchmark_multi_island_v5/official_experiments/multistartlp/official/set_01_pt_01/../../../../instances/orig_ams_fg/40R_40V_04I_06M/t2/LR2_2_1/;60000;15675;0;11838.89;81;41;H;50;95;0;100.0;30.0;true;0.95;100.0;1.0;1.0;1.0;1.0;60;M;60000;60000;false;80;0.89;180.09;1.0;40;10;1000000;-1;3600;6.35;0.63;0.93;mslp;heur;0.22;0.74;-1;3600;60000;I;40;1.0;0.12;LR2_2_1;0;/dados/rmelo/PDPTW-SE/benchmark_multi_island_v5/official_experiments/multistartlp/official/set_01_pt_01/logs;0;0;0;0.0;100.0;1;24;/dados/rmelo/PDPTW-SE/benchmark_multi_island_v5/official_experiments/multistartlp/official/set_01_pt_01/logs/heur_mslp/solutions/40R_40V_04I_06M/LR2_2_1_sol_genconfig_mslp_seed_24.txt;Gurobi;AUTOMATIC;18.76;_bash_1;_seed_24;3810.78;1;398.52;/dados/rmelo/PDPTW-SE/benchmark_multi_island_v5/official_experiments/multistartlp/official/set_01_pt_01/logs/heur_mslp/timelines/40R_40V_04I_06M/LR2_2_1_timeline_genconfig_mslp_seed_24.txt;1518.18;t2;0;7965.0;false
0.05;0.03;0.08;0.1;0.02;0.16;9;/dados/rmelo/PDPTW-SE/benchmark_multi_island_v5/official_experiments/multistartlp/official/set_01_pt_01/logs/heur_mslp/outputs/csvresults_heur_mslp_bash_1.csv;0;5;1;82;0;0.0;0.5;true;42;2;LR2_2_2_t2_40R_40V_04I_05M;/dados/rmelo/PDPTW-SE/benchmark_multi_island_v5/official_experiments/multistartlp/official/set_01_pt_01/configs/genconfig_mslp.conf;genconfig_mslp;/dados/rmelo/PDPTW-SE/benchmark_multi_island_v5/official_experiments/multistartlp/official/set_01_pt_01/logs/heur_mslp/gurobi/40R_40V_04I_05M/LR2_2_2_grb_genconfig_mslp_seed_24.log;random;40R_40V_04I_05M;1;19971;1;/dados/rmelo/PDPTW-SE/benchmark_multi_island_v5/official_experiments/multistartlp/official/set_01_pt_01/../../../../instances/orig_ams_fg/40R_40V_04I_06M/t2/LR2_2_2/;60000;46585;0;9850.68;81;41;H;50;95;0;100.0;30.0;true;0.95;100.0;1.0;1.0;1.0;1.0;60;M;40029;40029;false;80;0.79;182.2;1.0;40;10;1000000;-1;3600;6.75;0.67;0.9;mslp;heur;0.54;0.81;-1;3600;60000;I;40;1.0;0.1;LR2_2_2;0;/dados/rmelo/PDPTW-SE/benchmark_multi_island_v5/official_experiments/multistartlp/official/set_01_pt_01/logs;0;0;0;33.28;100.0;1;24;/dados/rmelo/PDPTW-SE/benchmark_multi_island_v5/official_experiments/multistartlp/official/set_01_pt_01/logs/heur_mslp/solutions/40R_40V_04I_05M/LR2_2_2_sol_genconfig_mslp_seed_24.txt;Gurobi;AUTOMATIC;18.57;_bash_1;_seed_24;2700.31;1;1192.48;/dados/rmelo/PDPTW-SE/benchmark_multi_island_v5/official_experiments/multistartlp/official/set_01_pt_01/logs/heur_mslp/timelines/40R_40V_04I_05M/LR2_2_2_timeline_genconfig_mslp_seed_24.txt;1535.55;t2;0;6798.85;false
0.05;0.03;0.07;0.09;0.03;0.09;13;/dados/rmelo/PDPTW-SE/benchmark_multi_island_v5/official_experiments/multistartlp/official/set_01_pt_01/logs/heur_mslp/outputs/csvresults_heur_mslp_bash_1.csv;0;6;1;82;0;0.0;0.5;true;42;2;LR2_2_2_t2_40R_40V_04I_06M;/dados/rmelo/PDPTW-SE/benchmark_multi_island_v5/official_experiments/multistartlp/official/set_01_pt_01/configs/genconfig_mslp.conf;genconfig_mslp;/dados/rmelo/PDPTW-SE/benchmark_multi_island_v5/official_experiments/multistartlp/official/set_01_pt_01/logs/heur_mslp/gurobi/40R_40V_04I_06M/LR2_2_2_grb_genconfig_mslp_seed_24.log;random;40R_40V_04I_06M;1;1991;1;/dados/rmelo/PDPTW-SE/benchmark_multi_island_v5/official_experiments/multistartlp/official/set_01_pt_01/../../../../instances/orig_ams_fg/40R_40V_04I_06M/t2/LR2_2_2/;60000;8453;0;9484.38;81;41;H;50;95;0;100.0;30.0;true;0.95;100.0;1.0;1.0;1.0;1.0;60;M;58009;58009;false;80;0.8;182.2;0.99;40;10;1000000;-1;3600;7.23;0.66;0.87;mslp;heur;0.39;0.7;-1;3600;60000;I;40;1.0;0.1;LR2_2_2;0;/dados/rmelo/PDPTW-SE/benchmark_multi_island_v5/official_experiments/multistartlp/official/set_01_pt_01/logs;0;0;0;3.32;100.0;1;24;/dados/rmelo/PDPTW-SE/benchmark_multi_island_v5/official_experiments/multistartlp/official/set_01_pt_01/logs/heur_mslp/solutions/40R_40V_04I_06M/LR2_2_2_sol_genconfig_mslp_seed_24.txt;Gurobi;AUTOMATIC;18.67;_bash_1;_seed_24;4196.51;1;281.6;/dados/rmelo/PDPTW-SE/benchmark_multi_island_v5/official_experiments/multistartlp/official/set_01_pt_01/logs/heur_mslp/timelines/40R_40V_04I_06M/LR2_2_2_timeline_genconfig_mslp_seed_24.txt;1994.96;t2;0;6687.94;false
0.05;0.04;0.06;0.1;0.03;0.02;10;/dados/rmelo/PDPTW-SE/benchmark_multi_island_v5/official_experiments/multistartlp/official/set_01_pt_01/logs/heur_mslp/outputs/csvresults_heur_mslp_bash_1.csv;0;5;1;82;0;0.0;0.5;true;42;2;LR2_2_3_t2_40R_40V_04I_05M;/dados/rmelo/PDPTW-SE/benchmark_multi_island_v5/official_experiments/multistartlp/official/set_01_pt_01/configs/genconfig_mslp.conf;genconfig_mslp;/dados/rmelo/PDPTW-SE/benchmark_multi_island_v5/official_experiments/multistartlp/official/set_01_pt_01/logs/heur_mslp/gurobi/40R_40V_04I_05M/LR2_2_3_grb_genconfig_mslp_seed_24.log;random;40R_40V_04I_05M;1;1;1;/dados/rmelo/PDPTW-SE/benchmark_multi_island_v5/official_experiments/multistartlp/official/set_01_pt_01/../../../../instances/orig_ams_fg/40R_40V_04I_06M/t2/LR2_2_3/;60000;36049;0;9575.19;81;41;H;50;95;0;100.0;30.0;true;0.95;100.0;1.0;1.0;1.0;1.0;60;M;59999;59999;false;72;0.82;191.63;1.0;36;10;1000000;-1;3600;3.24;0.57;0.84;mslp;heur;0.04;0.4;-1;3600;60000;I;40;1.0;0.1;LR2_2_3;0;/dados/rmelo/PDPTW-SE/benchmark_multi_island_v5/official_experiments/multistartlp/official/set_01_pt_01/logs;0;0;0;0.0;100.0;1;24;/dados/rmelo/PDPTW-SE/benchmark_multi_island_v5/official_experiments/multistartlp/official/set_01_pt_01/logs/heur_mslp/solutions/40R_40V_04I_05M/LR2_2_3_sol_genconfig_mslp_seed_24.txt;Gurobi;AUTOMATIC;18.51;_bash_1;_seed_24;1942.08;1;1853.38;/dados/rmelo/PDPTW-SE/benchmark_multi_island_v5/official_experiments/multistartlp/official/set_01_pt_01/logs/heur_mslp/timelines/40R_40V_04I_05M/LR2_2_3_timeline_genconfig_mslp_seed_24.txt;3085.15;t2;0;5779.9;false
0.05;0.03;0.07;0.09;0.01;0.01;10;/dados/rmelo/PDPTW-SE/benchmark_multi_island_v5/official_experiments/multistartlp/official/set_01_pt_01/logs/heur_mslp/outputs/csvresults_heur_mslp_bash_1.csv;0;6;1;82;0;0.0;0.5;true;42;2;LR2_2_3_t2_40R_40V_04I_06M;/dados/rmelo/PDPTW-SE/benchmark_multi_island_v5/official_experiments/multistartlp/official/set_01_pt_01/configs/genconfig_mslp.conf;genconfig_mslp;/dados/rmelo/PDPTW-SE/benchmark_multi_island_v5/official_experiments/multistartlp/official/set_01_pt_01/logs/heur_mslp/gurobi/40R_40V_04I_06M/LR2_2_3_grb_genconfig_mslp_seed_24.log;random;40R_40V_04I_06M;1;0;1;/dados/rmelo/PDPTW-SE/benchmark_multi_island_v5/official_experiments/multistartlp/official/set_01_pt_01/../../../../instances/orig_ams_fg/40R_40V_04I_06M/t2/LR2_2_3/;60000;9134;0;9571.46;81;41;H;50;95;0;100.0;30.0;true;0.95;100.0;1.0;1.0;1.0;1.0;60;M;60000;60000;false;72;0.81;191.63;0.97;36;10;1000000;-1;3600;3.38;0.59;0.78;mslp;heur;0.06;0.32;-1;3600;60000;I;40;1.0;0.1;LR2_2_3;0;/dados/rmelo/PDPTW-SE/benchmark_multi_island_v5/official_experiments/multistartlp/official/set_01_pt_01/logs;0;0;0;0.0;100.0;1;24;/dados/rmelo/PDPTW-SE/benchmark_multi_island_v5/official_experiments/multistartlp/official/set_01_pt_01/logs/heur_mslp/solutions/40R_40V_04I_06M/LR2_2_3_sol_genconfig_mslp_seed_24.txt;Gurobi;AUTOMATIC;18.58;_bash_1;_seed_24;2027.91;1;490.79;/dados/rmelo/PDPTW-SE/benchmark_multi_island_v5/official_experiments/multistartlp/official/set_01_pt_01/logs/heur_mslp/timelines/40R_40V_04I_06M/LR2_2_3_timeline_genconfig_mslp_seed_24.txt;3209.08;t2;0;5999.58;false
0.05;0.03;0.04;0.07;0.0;0.0;7;/dados/rmelo/PDPTW-SE/benchmark_multi_island_v5/official_experiments/multistartlp/official/set_01_pt_01/logs/heur_mslp/outputs/csvresults_heur_mslp_bash_1.csv;0;5;1;82;0;0.0;0.5;true;42;2;LR2_2_4_t2_40R_40V_04I_05M;/dados/rmelo/PDPTW-SE/benchmark_multi_island_v5/official_experiments/multistartlp/official/set_01_pt_01/configs/genconfig_mslp.conf;genconfig_mslp;/dados/rmelo/PDPTW-SE/benchmark_multi_island_v5/official_experiments/multistartlp/official/set_01_pt_01/logs/heur_mslp/gurobi/40R_40V_04I_05M/LR2_2_4_grb_genconfig_mslp_seed_24.log;random;40R_40V_04I_05M;1;0;1;/dados/rmelo/PDPTW-SE/benchmark_multi_island_v5/official_experiments/multistartlp/official/set_01_pt_01/../../../../instances/orig_ams_fg/40R_40V_04I_06M/t2/LR2_2_4/;38529;20639;0;6439.42;81;41;H;50;95;0;100.0;30.0;true;0.95;100.0;1.0;1.0;1.0;1.0;60;M;37357;38529;false;78;0.83;168.46;1.0;39;10;1000000;-1;3600;1.43;0.58;0.93;mslp;heur;0.24;0.88;-1;3600;60000;I;40;1.0;0.08;LR2_2_4;0;/dados/rmelo/PDPTW-SE/benchmark_multi_island_v5/official_experiments/multistartlp/official/set_01_pt_01/logs;0;0;0;0.0;96.96;1;24;/dados/rmelo/PDPTW-SE/benchmark_multi_island_v5/official_experiments/multistartlp/official/set_01_pt_01/logs/heur_mslp/solutions/40R_40V_04I_05M/LR2_2_4_sol_genconfig_mslp_seed_24.txt;Gurobi;AUTOMATIC;18.74;_bash_1;_seed_24;549.61;1;1930.32;/dados/rmelo/PDPTW-SE/benchmark_multi_island_v5/official_experiments/multistartlp/official/set_01_pt_01/logs/heur_mslp/timelines/40R_40V_04I_05M/LR2_2_4_timeline_genconfig_mslp_seed_24.txt;3600.06;t2;0;4397.02;false
0.05;0.03;0.05;0.08;0.0;0.0;13;/dados/rmelo/PDPTW-SE/benchmark_multi_island_v5/official_experiments/multistartlp/official/set_01_pt_01/logs/heur_mslp/outputs/csvresults_heur_mslp_bash_1.csv;0;6;1;82;0;0.0;0.5;true;42;2;LR2_2_4_t2_40R_40V_04I_06M;/dados/rmelo/PDPTW-SE/benchmark_multi_island_v5/official_experiments/multistartlp/official/set_01_pt_01/configs/genconfig_mslp.conf;genconfig_mslp;/dados/rmelo/PDPTW-SE/benchmark_multi_island_v5/official_experiments/multistartlp/official/set_01_pt_01/logs/heur_mslp/gurobi/40R_40V_04I_06M/LR2_2_4_grb_genconfig_mslp_seed_24.log;random;40R_40V_04I_06M;1;0;1;/dados/rmelo/PDPTW-SE/benchmark_multi_island_v5/official_experiments/multistartlp/official/set_01_pt_01/../../../../instances/orig_ams_fg/40R_40V_04I_06M/t2/LR2_2_4/;36430;21295;0;5752.77;81;41;H;50;95;0;100.0;30.0;true;0.95;100.0;1.0;1.0;1.0;1.0;60;M;35364;36430;false;78;0.86;167.43;0.92;39;10;1000000;-1;3600;1.49;0.58;0.9;mslp;heur;0.29;0.86;-1;3600;60000;I;40;0.83;0.08;LR2_2_4;0;/dados/rmelo/PDPTW-SE/benchmark_multi_island_v5/official_experiments/multistartlp/official/set_01_pt_01/logs;0;0;0;0.0;97.07;1;24;/dados/rmelo/PDPTW-SE/benchmark_multi_island_v5/official_experiments/multistartlp/official/set_01_pt_01/logs/heur_mslp/solutions/40R_40V_04I_06M/LR2_2_4_sol_genconfig_mslp_seed_24.txt;Gurobi;AUTOMATIC;18.43;_bash_1;_seed_24;541.65;1;2104.98;/dados/rmelo/PDPTW-SE/benchmark_multi_island_v5/official_experiments/multistartlp/official/set_01_pt_01/logs/heur_mslp/timelines/40R_40V_04I_06M/LR2_2_4_timeline_genconfig_mslp_seed_24.txt;3600.04;t2;0;4387.17;false
0.05;0.06;0.09;0.14;0.02;0.1;8;/dados/rmelo/PDPTW-SE/benchmark_multi_island_v5/official_experiments/multistartlp/official/set_01_pt_01/logs/heur_mslp/outputs/csvresults_heur_mslp_bash_1.csv;0;5;1;82;0;0.0;0.5;true;42;2;LR2_2_5_t2_40R_40V_04I_05M;/dados/rmelo/PDPTW-SE/benchmark_multi_island_v5/official_experiments/multistartlp/official/set_01_pt_01/configs/genconfig_mslp.conf;genconfig_mslp;/dados/rmelo/PDPTW-SE/benchmark_multi_island_v5/official_experiments/multistartlp/official/set_01_pt_01/logs/heur_mslp/gurobi/40R_40V_04I_05M/LR2_2_5_grb_genconfig_mslp_seed_24.log;random;40R_40V_04I_05M;1;0;1;/dados/rmelo/PDPTW-SE/benchmark_multi_island_v5/official_experiments/multistartlp/official/set_01_pt_01/../../../../instances/orig_ams_fg/40R_40V_04I_06M/t2/LR2_2_5/;60000;1267;0;11815.97;81;41;H;50;95;0;100.0;30.0;true;0.95;100.0;1.0;1.0;1.0;1.0;60;M;60000;60000;false;80;0.85;177.42;1.0;40;10;1000000;-1;3600;7.89;0.64;0.81;mslp;heur;0.07;0.19;-1;3600;60000;I;40;1.0;0.12;LR2_2_5;0;/dados/rmelo/PDPTW-SE/benchmark_multi_island_v5/official_experiments/multistartlp/official/set_01_pt_01/logs;0;0;0;0.0;100.0;1;24;/dados/rmelo/PDPTW-SE/benchmark_multi_island_v5/official_experiments/multistartlp/official/set_01_pt_01/logs/heur_mslp/solutions/40R_40V_04I_05M/LR2_2_5_sol_genconfig_mslp_seed_24.txt;Gurobi;AUTOMATIC;18.45;_bash_1;_seed_24;4731.06;1;36.38;/dados/rmelo/PDPTW-SE/benchmark_multi_island_v5/official_experiments/multistartlp/official/set_01_pt_01/logs/heur_mslp/timelines/40R_40V_04I_05M/LR2_2_5_timeline_genconfig_mslp_seed_24.txt;1717.51;t2;0;8090.72;false
0.05;0.04;0.07;0.11;0.01;0.15;13;/dados/rmelo/PDPTW-SE/benchmark_multi_island_v5/official_experiments/multistartlp/official/set_01_pt_01/logs/heur_mslp/outputs/csvresults_heur_mslp_bash_1.csv;0;6;1;82;0;0.0;0.5;true;42;2;LR2_2_5_t2_40R_40V_04I_06M;/dados/rmelo/PDPTW-SE/benchmark_multi_island_v5/official_experiments/multistartlp/official/set_01_pt_01/configs/genconfig_mslp.conf;genconfig_mslp;/dados/rmelo/PDPTW-SE/benchmark_multi_island_v5/official_experiments/multistartlp/official/set_01_pt_01/logs/heur_mslp/gurobi/40R_40V_04I_06M/LR2_2_5_grb_genconfig_mslp_seed_24.log;random;40R_40V_04I_06M;1;0;1;/dados/rmelo/PDPTW-SE/benchmark_multi_island_v5/official_experiments/multistartlp/official/set_01_pt_01/../../../../instances/orig_ams_fg/40R_40V_04I_06M/t2/LR2_2_5/;60000;45059;0;11636.22;81;41;H;50;95;0;100.0;30.0;true;0.95;100.0;1.0;1.0;1.0;1.0;60;M;60000;60000;false;80;0.86;177.42;1.0;40;10;1000000;-1;3600;8.46;0.78;0.99;mslp;heur;0.71;0.96;-1;3600;60000;I;40;1.0;0.1;LR2_2_5;0;/dados/rmelo/PDPTW-SE/benchmark_multi_island_v5/official_experiments/multistartlp/official/set_01_pt_01/logs;0;0;0;0.0;100.0;1;24;/dados/rmelo/PDPTW-SE/benchmark_multi_island_v5/official_experiments/multistartlp/official/set_01_pt_01/logs/heur_mslp/solutions/40R_40V_04I_06M/LR2_2_5_sol_genconfig_mslp_seed_24.txt;Gurobi;AUTOMATIC;18.42;_bash_1;_seed_24;5077.73;1;1360.04;/dados/rmelo/PDPTW-SE/benchmark_multi_island_v5/official_experiments/multistartlp/official/set_01_pt_01/logs/heur_mslp/timelines/40R_40V_04I_06M/LR2_2_5_timeline_genconfig_mslp_seed_24.txt;1809.61;t2;0;7904.74;false
0.05;0.04;0.07;0.11;0.01;0.24;1;/dados/rmelo/PDPTW-SE/benchmark_multi_island_v5/official_experiments/multistartlp/official/set_01_pt_01/logs/heur_mslp/outputs/csvresults_heur_mslp_bash_1.csv;0;5;1;122;0;0.0;0.5;true;62;2;LR1_2_1_t1_60R_60V_02I_05M;/dados/rmelo/PDPTW-SE/benchmark_multi_island_v5/official_experiments/multistartlp/official/set_01_pt_01/configs/genconfig_mslp.conf;genconfig_mslp;/dados/rmelo/PDPTW-SE/benchmark_multi_island_v5/official_experiments/multistartlp/official/set_01_pt_01/logs/heur_mslp/gurobi/60R_60V_02I_05M/LR1_2_1_grb_genconfig_mslp_seed_24.log;random;60R_60V_02I_05M;1;59999;1;/dados/rmelo/PDPTW-SE/benchmark_multi_island_v5/official_experiments/multistartlp/official/set_01_pt_01/../../../../instances/orig_ams_fg/60R_60V_02I_06M/t1/LR1_2_1/;60000;1;0;13264.29;121;61;H;50;95;0;100.0;30.0;true;0.95;100.0;1.0;1.0;1.0;1.0;60;M;1;1;false;78;0.95;253.19;1.0;39;10;1000000;-1;3600;6.92;0.52;0.57;mslp;heur;0.31;0.12;-1;3600;60000;I;60;1.0;0.4;LR1_2_1;0;/dados/rmelo/PDPTW-SE/benchmark_multi_island_v5/official_experiments/multistartlp/official/set_01_pt_01/logs;0;0;0;100.0;100.0;1;24;/dados/rmelo/PDPTW-SE/benchmark_multi_island_v5/official_experiments/multistartlp/official/set_01_pt_01/logs/heur_mslp/solutions/60R_60V_02I_05M/LR1_2_1_sol_genconfig_mslp_seed_24.txt;Gurobi;AUTOMATIC;18.82;_bash_1;_seed_24;0.07;1;0.02;/dados/rmelo/PDPTW-SE/benchmark_multi_island_v5/official_experiments/multistartlp/official/set_01_pt_01/logs/heur_mslp/timelines/60R_60V_02I_05M/LR1_2_1_timeline_genconfig_mslp_seed_24.txt;181.15;t1;0;12347.0;false
0.05;0.03;0.06;0.09;0.01;0.24;1;/dados/rmelo/PDPTW-SE/benchmark_multi_island_v5/official_experiments/multistartlp/official/set_01_pt_01/logs/heur_mslp/outputs/csvresults_heur_mslp_bash_1.csv;0;6;1;122;0;0.0;0.5;true;62;2;LR1_2_1_t1_60R_60V_02I_06M;/dados/rmelo/PDPTW-SE/benchmark_multi_island_v5/official_experiments/multistartlp/official/set_01_pt_01/configs/genconfig_mslp.conf;genconfig_mslp;/dados/rmelo/PDPTW-SE/benchmark_multi_island_v5/official_experiments/multistartlp/official/set_01_pt_01/logs/heur_mslp/gurobi/60R_60V_02I_06M/LR1_2_1_grb_genconfig_mslp_seed_24.log;random;60R_60V_02I_06M;1;59999;1;/dados/rmelo/PDPTW-SE/benchmark_multi_island_v5/official_experiments/multistartlp/official/set_01_pt_01/../../../../instances/orig_ams_fg/60R_60V_02I_06M/t1/LR1_2_1/;60000;1;0;13163.62;121;61;H;50;95;0;100.0;30.0;true;0.95;100.0;1.0;1.0;1.0;1.0;60;M;1;1;false;78;0.98;253.19;1.0;39;10;1000000;-1;3600;6.69;0.52;0.58;mslp;heur;0.17;0.12;-1;3600;60000;I;60;1.0;0.4;LR1_2_1;0;/dados/rmelo/PDPTW-SE/benchmark_multi_island_v5/official_experiments/multistartlp/official/set_01_pt_01/logs;0;0;0;100.0;100.0;1;24;/dados/rmelo/PDPTW-SE/benchmark_multi_island_v5/official_experiments/multistartlp/official/set_01_pt_01/logs/heur_mslp/solutions/60R_60V_02I_06M/LR1_2_1_sol_genconfig_mslp_seed_24.txt;Gurobi;AUTOMATIC;18.71;_bash_1;_seed_24;0.07;1;0.02;/dados/rmelo/PDPTW-SE/benchmark_multi_island_v5/official_experiments/multistartlp/official/set_01_pt_01/logs/heur_mslp/timelines/60R_60V_02I_06M/LR1_2_1_timeline_genconfig_mslp_seed_24.txt;199.36;t1;0;12282.42;false
0.05;0.01;0.03;0.05;0.0;0.14;5;/dados/rmelo/PDPTW-SE/benchmark_multi_island_v5/official_experiments/multistartlp/official/set_01_pt_01/logs/heur_mslp/outputs/csvresults_heur_mslp_bash_1.csv;0;5;1;122;0;0.0;0.5;true;62;2;LR1_2_2_t1_60R_60V_02I_05M;/dados/rmelo/PDPTW-SE/benchmark_multi_island_v5/official_experiments/multistartlp/official/set_01_pt_01/configs/genconfig_mslp.conf;genconfig_mslp;/dados/rmelo/PDPTW-SE/benchmark_multi_island_v5/official_experiments/multistartlp/official/set_01_pt_01/logs/heur_mslp/gurobi/60R_60V_02I_05M/LR1_2_2_grb_genconfig_mslp_seed_24.log;random;60R_60V_02I_05M;1;58150;1;/dados/rmelo/PDPTW-SE/benchmark_multi_island_v5/official_experiments/multistartlp/official/set_01_pt_01/../../../../instances/orig_ams_fg/60R_60V_02I_06M/t1/LR1_2_2/;60000;47025;0;9155.8;121;61;H;50;95;0;100.0;30.0;true;0.95;100.0;1.0;1.0;1.0;1.0;60;M;1850;1850;false;78;0.95;183.94;1.0;39;10;1000000;-1;3600;4.44;0.74;0.71;mslp;heur;0.2;0.26;-1;3600;60000;I;60;1.0;0.27;LR1_2_2;0;/dados/rmelo/PDPTW-SE/benchmark_multi_island_v5/official_experiments/multistartlp/official/set_01_pt_01/logs;0;0;0;96.92;100.0;1;24;/dados/rmelo/PDPTW-SE/benchmark_multi_island_v5/official_experiments/multistartlp/official/set_01_pt_01/logs/heur_mslp/solutions/60R_60V_02I_05M/LR1_2_2_sol_genconfig_mslp_seed_24.txt;Gurobi;AUTOMATIC;18.5;_bash_1;_seed_24;82.2;1;402.1;/dados/rmelo/PDPTW-SE/benchmark_multi_island_v5/official_experiments/multistartlp/official/set_01_pt_01/logs/heur_mslp/timelines/60R_60V_02I_05M/LR1_2_2_timeline_genconfig_mslp_seed_24.txt;512.57;t1;0;7548.41;false
0.05;0.01;0.03;0.04;0.01;0.14;4;/dados/rmelo/PDPTW-SE/benchmark_multi_island_v5/official_experiments/multistartlp/official/set_01_pt_01/logs/heur_mslp/outputs/csvresults_heur_mslp_bash_1.csv;0;6;1;122;0;0.0;0.5;true;62;2;LR1_2_2_t1_60R_60V_02I_06M;/dados/rmelo/PDPTW-SE/benchmark_multi_island_v5/official_experiments/multistartlp/official/set_01_pt_01/configs/genconfig_mslp.conf;genconfig_mslp;/dados/rmelo/PDPTW-SE/benchmark_multi_island_v5/official_experiments/multistartlp/official/set_01_pt_01/logs/heur_mslp/gurobi/60R_60V_02I_06M/LR1_2_2_grb_genconfig_mslp_seed_24.log;random;60R_60V_02I_06M;1;57286;1;/dados/rmelo/PDPTW-SE/benchmark_multi_island_v5/official_experiments/multistartlp/official/set_01_pt_01/../../../../instances/orig_ams_fg/60R_60V_02I_06M/t1/LR1_2_2/;60000;7240;0;10039.56;121;61;H;50;95;0;100.0;30.0;true;0.95;100.0;1.0;1.0;1.0;1.0;60;M;2714;2714;false;78;0.96;183.94;0.99;39;10;1000000;-1;3600;4.37;0.77;0.71;mslp;heur;0.57;0.28;-1;3600;60000;I;60;1.0;0.27;LR1_2_2;0;/dados/rmelo/PDPTW-SE/benchmark_multi_island_v5/official_experiments/multistartlp/official/set_01_pt_01/logs;0;0;0;95.48;100.0;1;24;/dados/rmelo/PDPTW-SE/benchmark_multi_island_v5/official_experiments/multistartlp/official/set_01_pt_01/logs/heur_mslp/solutions/60R_60V_02I_06M/LR1_2_2_sol_genconfig_mslp_seed_24.txt;Gurobi;AUTOMATIC;19.02;_bash_1;_seed_24;118.68;1;68.82;/dados/rmelo/PDPTW-SE/benchmark_multi_island_v5/official_experiments/multistartlp/official/set_01_pt_01/logs/heur_mslp/timelines/60R_60V_02I_06M/LR1_2_2_timeline_genconfig_mslp_seed_24.txt;566.59;t1;0;7770.17;false
0.05;0.01;0.03;0.05;0.0;0.07;1;/dados/rmelo/PDPTW-SE/benchmark_multi_island_v5/official_experiments/multistartlp/official/set_01_pt_01/logs/heur_mslp/outputs/csvresults_heur_mslp_bash_1.csv;0;5;1;122;0;0.0;0.5;true;62;2;LR1_2_3_t1_60R_60V_02I_05M;/dados/rmelo/PDPTW-SE/benchmark_multi_island_v5/official_experiments/multistartlp/official/set_01_pt_01/configs/genconfig_mslp.conf;genconfig_mslp;/dados/rmelo/PDPTW-SE/benchmark_multi_island_v5/official_experiments/multistartlp/official/set_01_pt_01/logs/heur_mslp/gurobi/60R_60V_02I_05M/LR1_2_3_grb_genconfig_mslp_seed_24.log;random;60R_60V_02I_05M;1;59998;1;/dados/rmelo/PDPTW-SE/benchmark_multi_island_v5/official_experiments/multistartlp/official/set_01_pt_01/../../../../instances/orig_ams_fg/60R_60V_02I_06M/t1/LR1_2_3/;60000;1;0;9786.65;121;61;H;50;95;0;100.0;30.0;true;0.95;100.0;1.0;1.0;1.0;1.0;60;M;2;2;false;86;0.97;291.37;1.0;43;10;1000000;-1;3600;1.86;0.53;0.6;mslp;heur;0.1;0.21;-1;3600;60000;I;60;1.0;0.25;LR1_2_3;0;/dados/rmelo/PDPTW-SE/benchmark_multi_island_v5/official_experiments/multistartlp/official/set_01_pt_01/logs;0;0;0;100.0;100.0;1;24;/dados/rmelo/PDPTW-SE/benchmark_multi_island_v5/official_experiments/multistartlp/official/set_01_pt_01/logs/heur_mslp/solutions/60R_60V_02I_05M/LR1_2_3_sol_genconfig_mslp_seed_24.txt;Gurobi;AUTOMATIC;18.56;_bash_1;_seed_24;0.04;1;0.03;/dados/rmelo/PDPTW-SE/benchmark_multi_island_v5/official_experiments/multistartlp/official/set_01_pt_01/logs/heur_mslp/timelines/60R_60V_02I_05M/LR1_2_3_timeline_genconfig_mslp_seed_24.txt;248.2;t1;0;8320.23;false
0.05;0.01;0.03;0.04;0.0;0.05;1;/dados/rmelo/PDPTW-SE/benchmark_multi_island_v5/official_experiments/multistartlp/official/set_01_pt_01/logs/heur_mslp/outputs/csvresults_heur_mslp_bash_1.csv;0;6;1;122;0;0.0;0.5;true;62;2;LR1_2_3_t1_60R_60V_02I_06M;/dados/rmelo/PDPTW-SE/benchmark_multi_island_v5/official_experiments/multistartlp/official/set_01_pt_01/configs/genconfig_mslp.conf;genconfig_mslp;/dados/rmelo/PDPTW-SE/benchmark_multi_island_v5/official_experiments/multistartlp/official/set_01_pt_01/logs/heur_mslp/gurobi/60R_60V_02I_06M/LR1_2_3_grb_genconfig_mslp_seed_24.log;random;60R_60V_02I_06M;1;59998;1;/dados/rmelo/PDPTW-SE/benchmark_multi_island_v5/official_experiments/multistartlp/official/set_01_pt_01/../../../../instances/orig_ams_fg/60R_60V_02I_06M/t1/LR1_2_3/;60000;1;0;9758.56;121;61;H;50;95;0;100.0;30.0;true;0.95;100.0;1.0;1.0;1.0;1.0;60;M;2;2;false;86;0.97;291.37;0.98;43;10;1000000;-1;3600;2.71;0.52;0.57;mslp;heur;0.1;0.21;-1;3600;60000;I;60;1.0;0.27;LR1_2_3;0;/dados/rmelo/PDPTW-SE/benchmark_multi_island_v5/official_experiments/multistartlp/official/set_01_pt_01/logs;0;0;0;100.0;100.0;1;24;/dados/rmelo/PDPTW-SE/benchmark_multi_island_v5/official_experiments/multistartlp/official/set_01_pt_01/logs/heur_mslp/solutions/60R_60V_02I_06M/LR1_2_3_sol_genconfig_mslp_seed_24.txt;Gurobi;AUTOMATIC;18.81;_bash_1;_seed_24;0.05;1;0.03;/dados/rmelo/PDPTW-SE/benchmark_multi_island_v5/official_experiments/multistartlp/official/set_01_pt_01/logs/heur_mslp/timelines/60R_60V_02I_06M/LR1_2_3_timeline_genconfig_mslp_seed_24.txt;278.87;t1;0;8725.41;false
0.05;0.01;0.04;0.06;0.0;0.03;10;/dados/rmelo/PDPTW-SE/benchmark_multi_island_v5/official_experiments/multistartlp/official/set_01_pt_01/logs/heur_mslp/outputs/csvresults_heur_mslp_bash_1.csv;0;5;1;122;0;0.0;0.5;true;62;2;LR1_2_4_t1_60R_60V_02I_05M;/dados/rmelo/PDPTW-SE/benchmark_multi_island_v5/official_experiments/multistartlp/official/set_01_pt_01/configs/genconfig_mslp.conf;genconfig_mslp;/dados/rmelo/PDPTW-SE/benchmark_multi_island_v5/official_experiments/multistartlp/official/set_01_pt_01/logs/heur_mslp/gurobi/60R_60V_02I_05M/LR1_2_4_grb_genconfig_mslp_seed_24.log;random;60R_60V_02I_05M;1;54293;1;/dados/rmelo/PDPTW-SE/benchmark_multi_island_v5/official_experiments/multistartlp/official/set_01_pt_01/../../../../instances/orig_ams_fg/60R_60V_02I_06M/t1/LR1_2_4/;60000;22076;0;6959.68;121;61;H;50;95;0;100.0;30.0;true;0.95;100.0;1.0;1.0;1.0;1.0;60;M;5707;5707;false;86;1.0;248.55;0.99;43;10;1000000;-1;3600;1.91;0.79;0.67;mslp;heur;0.4;0.09;-1;3600;60000;I;60;1.0;0.18;LR1_2_4;0;/dados/rmelo/PDPTW-SE/benchmark_multi_island_v5/official_experiments/multistartlp/official/set_01_pt_01/logs;0;0;0;90.49;100.0;1;24;/dados/rmelo/PDPTW-SE/benchmark_multi_island_v5/official_experiments/multistartlp/official/set_01_pt_01/logs/heur_mslp/solutions/60R_60V_02I_05M/LR1_2_4_sol_genconfig_mslp_seed_24.txt;Gurobi;AUTOMATIC;18.67;_bash_1;_seed_24;109.04;1;434.54;/dados/rmelo/PDPTW-SE/benchmark_multi_island_v5/official_experiments/multistartlp/official/set_01_pt_01/logs/heur_mslp/timelines/60R_60V_02I_05M/LR1_2_4_timeline_genconfig_mslp_seed_24.txt;1182.97;t1;0;5499.0;false
0.05;0.01;0.05;0.06;0.0;0.0;11;/dados/rmelo/PDPTW-SE/benchmark_multi_island_v5/official_experiments/multistartlp/official/set_01_pt_01/logs/heur_mslp/outputs/csvresults_heur_mslp_bash_1.csv;0;6;1;122;0;0.0;0.5;true;62;2;LR1_2_4_t1_60R_60V_02I_06M;/dados/rmelo/PDPTW-SE/benchmark_multi_island_v5/official_experiments/multistartlp/official/set_01_pt_01/configs/genconfig_mslp.conf;genconfig_mslp;/dados/rmelo/PDPTW-SE/benchmark_multi_island_v5/official_experiments/multistartlp/official/set_01_pt_01/logs/heur_mslp/gurobi/60R_60V_02I_06M/LR1_2_4_grb_genconfig_mslp_seed_24.log;random;60R_60V_02I_06M;1;53457;1;/dados/rmelo/PDPTW-SE/benchmark_multi_island_v5/official_experiments/multistartlp/official/set_01_pt_01/../../../../instances/orig_ams_fg/60R_60V_02I_06M/t1/LR1_2_4/;60000;41152;0;6682.55;121;61;H;50;95;0;100.0;30.0;true;0.95;100.0;1.0;1.0;1.0;1.0;60;M;6543;6543;false;86;0.98;248.55;0.98;43;10;1000000;-1;3600;1.76;0.78;0.66;mslp;heur;0.38;0.23;-1;3600;60000;I;60;0.83;0.18;LR1_2_4;0;/dados/rmelo/PDPTW-SE/benchmark_multi_island_v5/official_experiments/multistartlp/official/set_01_pt_01/logs;0;0;0;89.1;100.0;1;24;/dados/rmelo/PDPTW-SE/benchmark_multi_island_v5/official_experiments/multistartlp/official/set_01_pt_01/logs/heur_mslp/solutions/60R_60V_02I_06M/LR1_2_4_sol_genconfig_mslp_seed_24.txt;Gurobi;AUTOMATIC;18.79;_bash_1;_seed_24;114.94;1;887.79;/dados/rmelo/PDPTW-SE/benchmark_multi_island_v5/official_experiments/multistartlp/official/set_01_pt_01/logs/heur_mslp/timelines/60R_60V_02I_06M/LR1_2_4_timeline_genconfig_mslp_seed_24.txt;1294.91;t1;0;5462.17;false
0.05;0.03;0.05;0.09;0.0;0.12;11;/dados/rmelo/PDPTW-SE/benchmark_multi_island_v5/official_experiments/multistartlp/official/set_01_pt_01/logs/heur_mslp/outputs/csvresults_heur_mslp_bash_1.csv;0;5;1;122;0;0.0;0.5;true;62;2;LR1_2_5_t1_60R_60V_02I_05M;/dados/rmelo/PDPTW-SE/benchmark_multi_island_v5/official_experiments/multistartlp/official/set_01_pt_01/configs/genconfig_mslp.conf;genconfig_mslp;/dados/rmelo/PDPTW-SE/benchmark_multi_island_v5/official_experiments/multistartlp/official/set_01_pt_01/logs/heur_mslp/gurobi/60R_60V_02I_05M/LR1_2_5_grb_genconfig_mslp_seed_24.log;random;60R_60V_02I_05M;1;51262;1;/dados/rmelo/PDPTW-SE/benchmark_multi_island_v5/official_experiments/multistartlp/official/set_01_pt_01/../../../../instances/orig_ams_fg/60R_60V_02I_06M/t1/LR1_2_5/;60000;53073;0;9081.16;121;61;H;50;95;0;100.0;30.0;true;0.95;100.0;1.0;1.0;1.0;1.0;60;M;8738;8738;false;86;0.96;182.8;1.0;43;10;1000000;-1;3600;5.86;0.74;0.7;mslp;heur;0.26;0.29;-1;3600;60000;I;60;1.0;0.27;LR1_2_5;0;/dados/rmelo/PDPTW-SE/benchmark_multi_island_v5/official_experiments/multistartlp/official/set_01_pt_01/logs;0;0;0;85.44;100.0;1;24;/dados/rmelo/PDPTW-SE/benchmark_multi_island_v5/official_experiments/multistartlp/official/set_01_pt_01/logs/heur_mslp/solutions/60R_60V_02I_05M/LR1_2_5_sol_genconfig_mslp_seed_24.txt;Gurobi;AUTOMATIC;18.77;_bash_1;_seed_24;512.26;1;690.38;/dados/rmelo/PDPTW-SE/benchmark_multi_island_v5/official_experiments/multistartlp/official/set_01_pt_01/logs/heur_mslp/timelines/60R_60V_02I_05M/LR1_2_5_timeline_genconfig_mslp_seed_24.txt;782.17;t1;0;7472.81;false
0.05;0.02;0.04;0.07;0.0;0.16;15;/dados/rmelo/PDPTW-SE/benchmark_multi_island_v5/official_experiments/multistartlp/official/set_01_pt_01/logs/heur_mslp/outputs/csvresults_heur_mslp_bash_1.csv;0;6;1;122;0;0.0;0.5;true;62;2;LR1_2_5_t1_60R_60V_02I_06M;/dados/rmelo/PDPTW-SE/benchmark_multi_island_v5/official_experiments/multistartlp/official/set_01_pt_01/configs/genconfig_mslp.conf;genconfig_mslp;/dados/rmelo/PDPTW-SE/benchmark_multi_island_v5/official_experiments/multistartlp/official/set_01_pt_01/logs/heur_mslp/gurobi/60R_60V_02I_06M/LR1_2_5_grb_genconfig_mslp_seed_24.log;random;60R_60V_02I_06M;1;39841;1;/dados/rmelo/PDPTW-SE/benchmark_multi_island_v5/official_experiments/multistartlp/official/set_01_pt_01/../../../../instances/orig_ams_fg/60R_60V_02I_06M/t1/LR1_2_5/;60000;16428;0;9366.42;121;61;H;50;95;0;100.0;30.0;true;0.95;100.0;1.0;1.0;1.0;1.0;60;M;20159;20159;false;86;0.93;182.8;0.99;43;10;1000000;-1;3600;5.66;0.69;0.66;mslp;heur;0.39;0.3;-1;3600;60000;I;60;1.0;0.28;LR1_2_5;0;/dados/rmelo/PDPTW-SE/benchmark_multi_island_v5/official_experiments/multistartlp/official/set_01_pt_01/logs;0;0;0;66.4;100.0;1;24;/dados/rmelo/PDPTW-SE/benchmark_multi_island_v5/official_experiments/multistartlp/official/set_01_pt_01/logs/heur_mslp/solutions/60R_60V_02I_06M/LR1_2_5_sol_genconfig_mslp_seed_24.txt;Gurobi;AUTOMATIC;18.75;_bash_1;_seed_24;1141.74;1;290.25;/dados/rmelo/PDPTW-SE/benchmark_multi_island_v5/official_experiments/multistartlp/official/set_01_pt_01/logs/heur_mslp/timelines/60R_60V_02I_06M/LR1_2_5_timeline_genconfig_mslp_seed_24.txt;1067.07;t1;0;7454.24;false
0.05;0.01;0.03;0.03;0.03;0.26;15;/dados/rmelo/PDPTW-SE/benchmark_multi_island_v5/official_experiments/multistartlp/official/set_01_pt_01/logs/heur_mslp/outputs/csvresults_heur_mslp_bash_1.csv;0;5;1;122;0;0.0;0.5;true;62;2;LR2_2_1_t2_60R_60V_02I_05M;/dados/rmelo/PDPTW-SE/benchmark_multi_island_v5/official_experiments/multistartlp/official/set_01_pt_01/configs/genconfig_mslp.conf;genconfig_mslp;/dados/rmelo/PDPTW-SE/benchmark_multi_island_v5/official_experiments/multistartlp/official/set_01_pt_01/logs/heur_mslp/gurobi/60R_60V_02I_05M/LR2_2_1_grb_genconfig_mslp_seed_24.log;random;60R_60V_02I_05M;1;0;1;/dados/rmelo/PDPTW-SE/benchmark_multi_island_v5/official_experiments/multistartlp/official/set_01_pt_01/../../../../instances/orig_ams_fg/60R_60V_02I_06M/t2/LR2_2_1/;60000;17798;0;15911.76;121;61;H;50;95;0;100.0;30.0;true;0.95;100.0;1.0;1.0;1.0;1.0;60;M;60000;60000;false;80;0.93;213.58;1.0;40;10;1000000;-1;3600;5.47;0.67;0.94;mslp;heur;0.31;0.79;-1;3600;60000;I;60;0.8;0.12;LR2_2_1;0;/dados/rmelo/PDPTW-SE/benchmark_multi_island_v5/official_experiments/multistartlp/official/set_01_pt_01/logs;0;0;0;0.0;100.0;1;24;/dados/rmelo/PDPTW-SE/benchmark_multi_island_v5/official_experiments/multistartlp/official/set_01_pt_01/logs/heur_mslp/solutions/60R_60V_02I_05M/LR2_2_1_sol_genconfig_mslp_seed_24.txt;Gurobi;AUTOMATIC;18.94;_bash_1;_seed_24;3282.24;1;676.9;/dados/rmelo/PDPTW-SE/benchmark_multi_island_v5/official_experiments/multistartlp/official/set_01_pt_01/logs/heur_mslp/timelines/60R_60V_02I_05M/LR2_2_1_timeline_genconfig_mslp_seed_24.txt;2263.23;t2;0;11882.88;false
0.05;0.01;0.03;0.03;0.03;0.26;16;/dados/rmelo/PDPTW-SE/benchmark_multi_island_v5/official_experiments/multistartlp/official/set_01_pt_01/logs/heur_mslp/outputs/csvresults_heur_mslp_bash_1.csv;0;6;1;122;0;0.0;0.5;true;62;2;LR2_2_1_t2_60R_60V_02I_06M;/dados/rmelo/PDPTW-SE/benchmark_multi_island_v5/official_experiments/multistartlp/official/set_01_pt_01/configs/genconfig_mslp.conf;genconfig_mslp;/dados/rmelo/PDPTW-SE/benchmark_multi_island_v5/official_experiments/multistartlp/official/set_01_pt_01/logs/heur_mslp/gurobi/60R_60V_02I_06M/LR2_2_1_grb_genconfig_mslp_seed_24.log;random;60R_60V_02I_06M;1;0;1;/dados/rmelo/PDPTW-SE/benchmark_multi_island_v5/official_experiments/multistartlp/official/set_01_pt_01/../../../../instances/orig_ams_fg/60R_60V_02I_06M/t2/LR2_2_1/;60000;17798;0;15911.76;121;61;H;50;95;0;100.0;30.0;true;0.95;100.0;1.0;1.0;1.0;1.0;60;M;60000;60000;false;80;0.93;213.58;1.0;40;10;1000000;-1;3600;5.79;0.67;0.94;mslp;heur;0.31;0.79;-1;3600;60000;I;60;0.67;0.12;LR2_2_1;0;/dados/rmelo/PDPTW-SE/benchmark_multi_island_v5/official_experiments/multistartlp/official/set_01_pt_01/logs;0;0;0;0.0;100.0;1;24;/dados/rmelo/PDPTW-SE/benchmark_multi_island_v5/official_experiments/multistartlp/official/set_01_pt_01/logs/heur_mslp/solutions/60R_60V_02I_06M/LR2_2_1_sol_genconfig_mslp_seed_24.txt;Gurobi;AUTOMATIC;18.78;_bash_1;_seed_24;3471.44;1;735.75;/dados/rmelo/PDPTW-SE/benchmark_multi_island_v5/official_experiments/multistartlp/official/set_01_pt_01/logs/heur_mslp/timelines/60R_60V_02I_06M/LR2_2_1_timeline_genconfig_mslp_seed_24.txt;2456.29;t2;0;11882.88;false
0.05;0.01;0.02;0.02;0.0;0.06;6;/dados/rmelo/PDPTW-SE/benchmark_multi_island_v5/official_experiments/multistartlp/official/set_01_pt_01/logs/heur_mslp/outputs/csvresults_heur_mslp_bash_1.csv;0;5;1;122;0;0.0;0.5;true;62;2;LR2_2_2_t2_60R_60V_02I_05M;/dados/rmelo/PDPTW-SE/benchmark_multi_island_v5/official_experiments/multistartlp/official/set_01_pt_01/configs/genconfig_mslp.conf;genconfig_mslp;/dados/rmelo/PDPTW-SE/benchmark_multi_island_v5/official_experiments/multistartlp/official/set_01_pt_01/logs/heur_mslp/gurobi/60R_60V_02I_05M/LR2_2_2_grb_genconfig_mslp_seed_24.log;random;60R_60V_02I_05M;1;2;1;/dados/rmelo/PDPTW-SE/benchmark_multi_island_v5/official_experiments/multistartlp/official/set_01_pt_01/../../../../instances/orig_ams_fg/60R_60V_02I_06M/t2/LR2_2_2/;60000;3504;0;15030.78;121;61;H;50;95;0;100.0;30.0;true;0.95;100.0;1.0;1.0;1.0;1.0;60;M;59998;59998;false;80;0.86;227.65;0.94;40;10;1000000;-1;3600;4.41;0.75;0.87;mslp;heur;0.65;0.69;-1;3600;60000;I;60;1.0;0.08;LR2_2_2;0;/dados/rmelo/PDPTW-SE/benchmark_multi_island_v5/official_experiments/multistartlp/official/set_01_pt_01/logs;0;0;0;0.0;100.0;1;24;/dados/rmelo/PDPTW-SE/benchmark_multi_island_v5/official_experiments/multistartlp/official/set_01_pt_01/logs/heur_mslp/solutions/60R_60V_02I_05M/LR2_2_2_sol_genconfig_mslp_seed_24.txt;Gurobi;AUTOMATIC;18.63;_bash_1;_seed_24;2643.02;1;180.05;/dados/rmelo/PDPTW-SE/benchmark_multi_island_v5/official_experiments/multistartlp/official/set_01_pt_01/logs/heur_mslp/timelines/60R_60V_02I_05M/LR2_2_2_timeline_genconfig_mslp_seed_24.txt;3071.48;t2;0;9527.57;false
0.05;0.01;0.02;0.02;0.01;0.11;11;/dados/rmelo/PDPTW-SE/benchmark_multi_island_v5/official_experiments/multistartlp/official/set_01_pt_01/logs/heur_mslp/outputs/csvresults_heur_mslp_bash_1.csv;0;6;1;122;0;0.0;0.5;true;62;2;LR2_2_2_t2_60R_60V_02I_06M;/dados/rmelo/PDPTW-SE/benchmark_multi_island_v5/official_experiments/multistartlp/official/set_01_pt_01/configs/genconfig_mslp.conf;genconfig_mslp;/dados/rmelo/PDPTW-SE/benchmark_multi_island_v5/official_experiments/multistartlp/official/set_01_pt_01/logs/heur_mslp/gurobi/60R_60V_02I_06M/LR2_2_2_grb_genconfig_mslp_seed_24.log;random;60R_60V_02I_06M;1;0;1;/dados/rmelo/PDPTW-SE/benchmark_multi_island_v5/official_experiments/multistartlp/official/set_01_pt_01/../../../../instances/orig_ams_fg/60R_60V_02I_06M/t2/LR2_2_2/;60000;35877;0;11294.26;121;61;H;50;95;0;100.0;30.0;true;0.95;100.0;1.0;1.0;1.0;1.0;60;M;60000;60000;false;80;0.81;214.89;1.0;40;10;1000000;-1;3600;4.62;0.75;0.95;mslp;heur;0.54;0.85;-1;3600;60000;I;60;0.67;0.08;LR2_2_2;0;/dados/rmelo/PDPTW-SE/benchmark_multi_island_v5/official_experiments/multistartlp/official/set_01_pt_01/logs;0;0;0;0.0;100.0;1;24;/dados/rmelo/PDPTW-SE/benchmark_multi_island_v5/official_experiments/multistartlp/official/set_01_pt_01/logs/heur_mslp/solutions/60R_60V_02I_06M/LR2_2_2_sol_genconfig_mslp_seed_24.txt;Gurobi;AUTOMATIC;18.79;_bash_1;_seed_24;2771.69;1;2037.76;/dados/rmelo/PDPTW-SE/benchmark_multi_island_v5/official_experiments/multistartlp/official/set_01_pt_01/logs/heur_mslp/timelines/60R_60V_02I_06M/LR2_2_2_timeline_genconfig_mslp_seed_24.txt;3403.68;t2;0;9500.31;false
0.05;0.01;0.02;0.02;0.01;0.05;11;/dados/rmelo/PDPTW-SE/benchmark_multi_island_v5/official_experiments/multistartlp/official/set_01_pt_01/logs/heur_mslp/outputs/csvresults_heur_mslp_bash_1.csv;0;5;1;122;0;0.0;0.5;true;62;2;LR2_2_3_t2_60R_60V_02I_05M;/dados/rmelo/PDPTW-SE/benchmark_multi_island_v5/official_experiments/multistartlp/official/set_01_pt_01/configs/genconfig_mslp.conf;genconfig_mslp;/dados/rmelo/PDPTW-SE/benchmark_multi_island_v5/official_experiments/multistartlp/official/set_01_pt_01/logs/heur_mslp/gurobi/60R_60V_02I_05M/LR2_2_3_grb_genconfig_mslp_seed_24.log;random;60R_60V_02I_05M;1;0;1;/dados/rmelo/PDPTW-SE/benchmark_multi_island_v5/official_experiments/multistartlp/official/set_01_pt_01/../../../../instances/orig_ams_fg/60R_60V_02I_06M/t2/LR2_2_3/;52631;23784;0;12211.96;121;61;H;50;95;0;100.0;30.0;true;0.95;100.0;1.0;1.0;1.0;1.0;60;M;52631;52631;false;78;0.86;235.46;1.0;39;10;1000000;-1;3600;3.74;0.6;0.83;mslp;heur;0.09;0.28;-1;3600;60000;I;60;1.0;0.1;LR2_2_3;0;/dados/rmelo/PDPTW-SE/benchmark_multi_island_v5/official_experiments/multistartlp/official/set_01_pt_01/logs;0;0;0;0.0;100.0;1;24;/dados/rmelo/PDPTW-SE/benchmark_multi_island_v5/official_experiments/multistartlp/official/set_01_pt_01/logs/heur_mslp/solutions/60R_60V_02I_05M/LR2_2_3_sol_genconfig_mslp_seed_24.txt;Gurobi;AUTOMATIC;18.68;_bash_1;_seed_24;1968.47;1;1629.61;/dados/rmelo/PDPTW-SE/benchmark_multi_island_v5/official_experiments/multistartlp/official/set_01_pt_01/logs/heur_mslp/timelines/60R_60V_02I_05M/LR2_2_3_timeline_genconfig_mslp_seed_24.txt;3600.04;t2;0;9135.9;false
0.05;0.01;0.01;0.02;0.01;0.05;10;/dados/rmelo/PDPTW-SE/benchmark_multi_island_v5/official_experiments/multistartlp/official/set_01_pt_01/logs/heur_mslp/outputs/csvresults_heur_mslp_bash_1.csv;0;6;1;122;0;0.0;0.5;true;62;2;LR2_2_3_t2_60R_60V_02I_06M;/dados/rmelo/PDPTW-SE/benchmark_multi_island_v5/official_experiments/multistartlp/official/set_01_pt_01/configs/genconfig_mslp.conf;genconfig_mslp;/dados/rmelo/PDPTW-SE/benchmark_multi_island_v5/official_experiments/multistartlp/official/set_01_pt_01/logs/heur_mslp/gurobi/60R_60V_02I_06M/LR2_2_3_grb_genconfig_mslp_seed_24.log;random;60R_60V_02I_06M;1;0;1;/dados/rmelo/PDPTW-SE/benchmark_multi_island_v5/official_experiments/multistartlp/official/set_01_pt_01/../../../../instances/orig_ams_fg/60R_60V_02I_06M/t2/LR2_2_3/;50243;23784;0;12415.62;121;61;H;50;95;0;100.0;30.0;true;0.95;100.0;1.0;1.0;1.0;1.0;60;M;50243;50243;false;78;0.86;235.46;1.0;39;10;1000000;-1;3600;3.74;0.6;0.83;mslp;heur;0.09;0.28;-1;3600;60000;I;60;1.0;0.1;LR2_2_3;0;/dados/rmelo/PDPTW-SE/benchmark_multi_island_v5/official_experiments/multistartlp/official/set_01_pt_01/logs;0;0;0;0.0;100.0;1;24;/dados/rmelo/PDPTW-SE/benchmark_multi_island_v5/official_experiments/multistartlp/official/set_01_pt_01/logs/heur_mslp/solutions/60R_60V_02I_06M/LR2_2_3_sol_genconfig_mslp_seed_24.txt;Gurobi;AUTOMATIC;18.72;_bash_1;_seed_24;1879.82;1;1703.62;/dados/rmelo/PDPTW-SE/benchmark_multi_island_v5/official_experiments/multistartlp/official/set_01_pt_01/logs/heur_mslp/timelines/60R_60V_02I_06M/LR2_2_3_timeline_genconfig_mslp_seed_24.txt;3600.04;t2;0;9135.56;false
0.05;0.01;0.02;0.03;0.0;0.01;8;/dados/rmelo/PDPTW-SE/benchmark_multi_island_v5/official_experiments/multistartlp/official/set_01_pt_01/logs/heur_mslp/outputs/csvresults_heur_mslp_bash_1.csv;0;5;1;122;0;0.0;0.5;true;62;2;LR2_2_4_t2_60R_60V_02I_05M;/dados/rmelo/PDPTW-SE/benchmark_multi_island_v5/official_experiments/multistartlp/official/set_01_pt_01/configs/genconfig_mslp.conf;genconfig_mslp;/dados/rmelo/PDPTW-SE/benchmark_multi_island_v5/official_experiments/multistartlp/official/set_01_pt_01/logs/heur_mslp/gurobi/60R_60V_02I_05M/LR2_2_4_grb_genconfig_mslp_seed_24.log;random;60R_60V_02I_05M;1;0;1;/dados/rmelo/PDPTW-SE/benchmark_multi_island_v5/official_experiments/multistartlp/official/set_01_pt_01/../../../../instances/orig_ams_fg/60R_60V_02I_06M/t2/LR2_2_4/;37963;32564;0;8818.33;121;61;H;50;95;0;100.0;30.0;true;0.95;100.0;1.0;1.0;1.0;1.0;60;M;37909;37963;false;78;0.9;272.38;1.0;39;10;1000000;-1;3600;1.92;0.68;0.95;mslp;heur;0.29;0.92;-1;3600;60000;I;60;0.6;0.07;LR2_2_4;0;/dados/rmelo/PDPTW-SE/benchmark_multi_island_v5/official_experiments/multistartlp/official/set_01_pt_01/logs;0;0;0;0.0;99.86;1;24;/dados/rmelo/PDPTW-SE/benchmark_multi_island_v5/official_experiments/multistartlp/official/set_01_pt_01/logs/heur_mslp/solutions/60R_60V_02I_05M/LR2_2_4_sol_genconfig_mslp_seed_24.txt;Gurobi;AUTOMATIC;18.84;_bash_1;_seed_24;730.68;1;3089.66;/dados/rmelo/PDPTW-SE/benchmark_multi_island_v5/official_experiments/multistartlp/official/set_01_pt_01/logs/heur_mslp/timelines/60R_60V_02I_05M/LR2_2_4_timeline_genconfig_mslp_seed_24.txt;3600.05;t2;0;6851.8;false
0.05;0.01;0.02;0.03;0.0;0.01;8;/dados/rmelo/PDPTW-SE/benchmark_multi_island_v5/official_experiments/multistartlp/official/set_01_pt_01/logs/heur_mslp/outputs/csvresults_heur_mslp_bash_1.csv;0;6;1;122;0;0.0;0.5;true;62;2;LR2_2_4_t2_60R_60V_02I_06M;/dados/rmelo/PDPTW-SE/benchmark_multi_island_v5/official_experiments/multistartlp/official/set_01_pt_01/configs/genconfig_mslp.conf;genconfig_mslp;/dados/rmelo/PDPTW-SE/benchmark_multi_island_v5/official_experiments/multistartlp/official/set_01_pt_01/logs/heur_mslp/gurobi/60R_60V_02I_06M/LR2_2_4_grb_genconfig_mslp_seed_24.log;random;60R_60V_02I_06M;1;0;1;/dados/rmelo/PDPTW-SE/benchmark_multi_island_v5/official_experiments/multistartlp/official/set_01_pt_01/../../../../instances/orig_ams_fg/60R_60V_02I_06M/t2/LR2_2_4/;35703;32564;0;9114.42;121;61;H;50;95;0;100.0;30.0;true;0.95;100.0;1.0;1.0;1.0;1.0;60;M;35656;35703;false;78;0.9;272.38;1.0;39;10;1000000;-1;3600;1.93;0.68;0.95;mslp;heur;0.29;0.92;-1;3600;60000;I;60;0.5;0.07;LR2_2_4;0;/dados/rmelo/PDPTW-SE/benchmark_multi_island_v5/official_experiments/multistartlp/official/set_01_pt_01/logs;0;0;0;0.0;99.87;1;24;/dados/rmelo/PDPTW-SE/benchmark_multi_island_v5/official_experiments/multistartlp/official/set_01_pt_01/logs/heur_mslp/solutions/60R_60V_02I_06M/LR2_2_4_sol_genconfig_mslp_seed_24.txt;Gurobi;AUTOMATIC;18.74;_bash_1;_seed_24;689.18;1;3284.56;/dados/rmelo/PDPTW-SE/benchmark_multi_island_v5/official_experiments/multistartlp/official/set_01_pt_01/logs/heur_mslp/timelines/60R_60V_02I_06M/LR2_2_4_timeline_genconfig_mslp_seed_24.txt;3600.04;t2;0;6851.8;false
0.05;0.01;0.02;0.04;0.01;0.17;10;/dados/rmelo/PDPTW-SE/benchmark_multi_island_v5/official_experiments/multistartlp/official/set_01_pt_01/logs/heur_mslp/outputs/csvresults_heur_mslp_bash_1.csv;0;5;1;122;0;0.0;0.5;true;62;2;LR2_2_5_t2_60R_60V_02I_05M;/dados/rmelo/PDPTW-SE/benchmark_multi_island_v5/official_experiments/multistartlp/official/set_01_pt_01/configs/genconfig_mslp.conf;genconfig_mslp;/dados/rmelo/PDPTW-SE/benchmark_multi_island_v5/official_experiments/multistartlp/official/set_01_pt_01/logs/heur_mslp/gurobi/60R_60V_02I_05M/LR2_2_5_grb_genconfig_mslp_seed_24.log;random;60R_60V_02I_05M;1;0;1;/dados/rmelo/PDPTW-SE/benchmark_multi_island_v5/official_experiments/multistartlp/official/set_01_pt_01/../../../../instances/orig_ams_fg/60R_60V_02I_06M/t2/LR2_2_5/;60000;9299;0;16327.08;121;61;H;50;95;0;100.0;30.0;true;0.95;100.0;1.0;1.0;1.0;1.0;60;M;60000;60000;false;80;0.86;180.52;1.0;40;10;1000000;-1;3600;8.23;0.66;0.98;mslp;heur;0.36;0.94;-1;3600;60000;I;60;0.8;0.12;LR2_2_5;0;/dados/rmelo/PDPTW-SE/benchmark_multi_island_v5/official_experiments/multistartlp/official/set_01_pt_01/logs;0;0;0;0.0;100.0;1;24;/dados/rmelo/PDPTW-SE/benchmark_multi_island_v5/official_experiments/multistartlp/official/set_01_pt_01/logs/heur_mslp/solutions/60R_60V_02I_05M/LR2_2_5_sol_genconfig_mslp_seed_24.txt;Gurobi;AUTOMATIC;18.94;_bash_1;_seed_24;4939.56;1;418.46;/dados/rmelo/PDPTW-SE/benchmark_multi_island_v5/official_experiments/multistartlp/official/set_01_pt_01/logs/heur_mslp/timelines/60R_60V_02I_05M/LR2_2_5_timeline_genconfig_mslp_seed_24.txt;2663.69;t2;0;11628.49;false
0.05;0.01;0.02;0.04;0.01;0.17;10;/dados/rmelo/PDPTW-SE/benchmark_multi_island_v5/official_experiments/multistartlp/official/set_01_pt_01/logs/heur_mslp/outputs/csvresults_heur_mslp_bash_1.csv;0;6;1;122;0;0.0;0.5;true;62;2;LR2_2_5_t2_60R_60V_02I_06M;/dados/rmelo/PDPTW-SE/benchmark_multi_island_v5/official_experiments/multistartlp/official/set_01_pt_01/configs/genconfig_mslp.conf;genconfig_mslp;/dados/rmelo/PDPTW-SE/benchmark_multi_island_v5/official_experiments/multistartlp/official/set_01_pt_01/logs/heur_mslp/gurobi/60R_60V_02I_06M/LR2_2_5_grb_genconfig_mslp_seed_24.log;random;60R_60V_02I_06M;1;0;1;/dados/rmelo/PDPTW-SE/benchmark_multi_island_v5/official_experiments/multistartlp/official/set_01_pt_01/../../../../instances/orig_ams_fg/60R_60V_02I_06M/t2/LR2_2_5/;60000;9299;0;16327.08;121;61;H;50;95;0;100.0;30.0;true;0.95;100.0;1.0;1.0;1.0;1.0;60;M;60000;60000;false;80;0.86;180.52;1.0;40;10;1000000;-1;3600;8.23;0.66;0.98;mslp;heur;0.36;0.94;-1;3600;60000;I;60;0.67;0.12;LR2_2_5;0;/dados/rmelo/PDPTW-SE/benchmark_multi_island_v5/official_experiments/multistartlp/official/set_01_pt_01/logs;0;0;0;0.0;100.0;1;24;/dados/rmelo/PDPTW-SE/benchmark_multi_island_v5/official_experiments/multistartlp/official/set_01_pt_01/logs/heur_mslp/solutions/60R_60V_02I_06M/LR2_2_5_sol_genconfig_mslp_seed_24.txt;Gurobi;AUTOMATIC;18.78;_bash_1;_seed_24;4939.63;1;446.62;/dados/rmelo/PDPTW-SE/benchmark_multi_island_v5/official_experiments/multistartlp/official/set_01_pt_01/logs/heur_mslp/timelines/60R_60V_02I_06M/LR2_2_5_timeline_genconfig_mslp_seed_24.txt;2852.2;t2;0;11628.34;false
0.05;0.01;0.04;0.05;0.0;0.55;0;/dados/rmelo/PDPTW-SE/benchmark_multi_island_v5/official_experiments/multistartlp/official/set_01_pt_01/logs/heur_mslp/outputs/csvresults_heur_mslp_bash_1.csv;0;5;1;122;0;0.0;0.5;false;62;2;LR1_2_1_t1_60R_60V_04I_05M;/dados/rmelo/PDPTW-SE/benchmark_multi_island_v5/official_experiments/multistartlp/official/set_01_pt_01/configs/genconfig_mslp.conf;genconfig_mslp;/dados/rmelo/PDPTW-SE/benchmark_multi_island_v5/official_experiments/multistartlp/official/set_01_pt_01/logs/heur_mslp/gurobi/60R_60V_04I_05M/LR1_2_1_grb_genconfig_mslp_seed_24.log;random;60R_60V_04I_05M;1;60000;1;/dados/rmelo/PDPTW-SE/benchmark_multi_island_v5/official_experiments/multistartlp/official/set_01_pt_01/../../../../instances/orig_ams_fg/60R_60V_04I_06M/t1/LR1_2_1/;60000;0;0;0.0;121;61;H;50;95;0;100.0;30.0;true;0.95;100.0;1.0;1.0;1.0;1.0;60;M;0;0;false;78;0.9;183.92;0.6;39;10;1000000;-1;3600;0.0;0.5;0.39;mslp;heur;0.29;0.18;-1;3600;60000;I;60;0.8;0.08;LR1_2_1;0;/dados/rmelo/PDPTW-SE/benchmark_multi_island_v5/official_experiments/multistartlp/official/set_01_pt_01/logs;0;0;0;100.0;0.0;1;24;/dados/rmelo/PDPTW-SE/benchmark_multi_island_v5/official_experiments/multistartlp/official/set_01_pt_01/logs/heur_mslp/solutions/60R_60V_04I_05M/LR1_2_1_sol_genconfig_mslp_seed_24.txt;Gurobi;AUTOMATIC;18.7;_bash_1;_seed_24;0.0;1;0.0;/dados/rmelo/PDPTW-SE/benchmark_multi_island_v5/official_experiments/multistartlp/official/set_01_pt_01/logs/heur_mslp/timelines/60R_60V_04I_05M/LR1_2_1_timeline_genconfig_mslp_seed_24.txt;354.51;t1;0;Inf;false
0.05;0.13;0.18;0.31;0.01;0.31;1;/dados/rmelo/PDPTW-SE/benchmark_multi_island_v5/official_experiments/multistartlp/official/set_01_pt_01/logs/heur_mslp/outputs/csvresults_heur_mslp_bash_1.csv;0;6;1;122;0;0.0;0.5;true;62;2;LR1_2_1_t1_60R_60V_04I_06M;/dados/rmelo/PDPTW-SE/benchmark_multi_island_v5/official_experiments/multistartlp/official/set_01_pt_01/configs/genconfig_mslp.conf;genconfig_mslp;/dados/rmelo/PDPTW-SE/benchmark_multi_island_v5/official_experiments/multistartlp/official/set_01_pt_01/logs/heur_mslp/gurobi/60R_60V_04I_06M/LR1_2_1_grb_genconfig_mslp_seed_24.log;random;60R_60V_04I_06M;1;59998;1;/dados/rmelo/PDPTW-SE/benchmark_multi_island_v5/official_experiments/multistartlp/official/set_01_pt_01/../../../../instances/orig_ams_fg/60R_60V_04I_06M/t1/LR1_2_1/;60000;9758;0;13642.74;121;61;H;50;95;0;100.0;30.0;true;0.95;100.0;1.0;1.0;1.0;1.0;60;M;2;2;false;78;0.94;183.92;0.97;39;10;1000000;-1;3600;10.56;0.55;0.64;mslp;heur;0.19;0.15;-1;3600;60000;I;60;1.0;0.35;LR1_2_1;0;/dados/rmelo/PDPTW-SE/benchmark_multi_island_v5/official_experiments/multistartlp/official/set_01_pt_01/logs;0;0;0;100.0;100.0;1;24;/dados/rmelo/PDPTW-SE/benchmark_multi_island_v5/official_experiments/multistartlp/official/set_01_pt_01/logs/heur_mslp/solutions/60R_60V_04I_06M/LR1_2_1_sol_genconfig_mslp_seed_24.txt;Gurobi;AUTOMATIC;18.48;_bash_1;_seed_24;0.21;1;73.24;/dados/rmelo/PDPTW-SE/benchmark_multi_island_v5/official_experiments/multistartlp/official/set_01_pt_01/logs/heur_mslp/timelines/60R_60V_04I_06M/LR1_2_1_timeline_genconfig_mslp_seed_24.txt;448.27;t1;0;11470.17;false
0.05;0.05;0.13;0.18;0.01;0.36;0;/dados/rmelo/PDPTW-SE/benchmark_multi_island_v5/official_experiments/multistartlp/official/set_01_pt_01/logs/heur_mslp/outputs/csvresults_heur_mslp_bash_1.csv;0;5;1;122;0;0.0;0.5;false;62;2;LR1_2_2_t1_60R_60V_04I_05M;/dados/rmelo/PDPTW-SE/benchmark_multi_island_v5/official_experiments/multistartlp/official/set_01_pt_01/configs/genconfig_mslp.conf;genconfig_mslp;/dados/rmelo/PDPTW-SE/benchmark_multi_island_v5/official_experiments/multistartlp/official/set_01_pt_01/logs/heur_mslp/gurobi/60R_60V_04I_05M/LR1_2_2_grb_genconfig_mslp_seed_24.log;random;60R_60V_04I_05M;1;60000;1;/dados/rmelo/PDPTW-SE/benchmark_multi_island_v5/official_experiments/multistartlp/official/set_01_pt_01/../../../../instances/orig_ams_fg/60R_60V_04I_06M/t1/LR1_2_2/;60000;0;0;0.0;121;61;H;50;95;0;100.0;30.0;true;0.95;100.0;1.0;1.0;1.0;1.0;60;M;0;0;false;78;0.99;184.67;0.72;39;10;1000000;-1;3600;0.0;0.55;0.43;mslp;heur;0.25;0.15;-1;3600;60000;I;60;1.0;0.15;LR1_2_2;0;/dados/rmelo/PDPTW-SE/benchmark_multi_island_v5/official_experiments/multistartlp/official/set_01_pt_01/logs;0;0;0;100.0;0.0;1;24;/dados/rmelo/PDPTW-SE/benchmark_multi_island_v5/official_experiments/multistartlp/official/set_01_pt_01/logs/heur_mslp/solutions/60R_60V_04I_05M/LR1_2_2_sol_genconfig_mslp_seed_24.txt;Gurobi;AUTOMATIC;18.47;_bash_1;_seed_24;0.0;1;0.0;/dados/rmelo/PDPTW-SE/benchmark_multi_island_v5/official_experiments/multistartlp/official/set_01_pt_01/logs/heur_mslp/timelines/60R_60V_04I_05M/LR1_2_2_timeline_genconfig_mslp_seed_24.txt;362.27;t1;0;Inf;false
0.05;0.12;0.23;0.35;0.03;0.17;1;/dados/rmelo/PDPTW-SE/benchmark_multi_island_v5/official_experiments/multistartlp/official/set_01_pt_01/logs/heur_mslp/outputs/csvresults_heur_mslp_bash_1.csv;0;6;1;122;0;0.0;0.5;true;62;2;LR1_2_2_t1_60R_60V_04I_06M;/dados/rmelo/PDPTW-SE/benchmark_multi_island_v5/official_experiments/multistartlp/official/set_01_pt_01/configs/genconfig_mslp.conf;genconfig_mslp;/dados/rmelo/PDPTW-SE/benchmark_multi_island_v5/official_experiments/multistartlp/official/set_01_pt_01/logs/heur_mslp/gurobi/60R_60V_04I_06M/LR1_2_2_grb_genconfig_mslp_seed_24.log;random;60R_60V_04I_06M;1;59996;1;/dados/rmelo/PDPTW-SE/benchmark_multi_island_v5/official_experiments/multistartlp/official/set_01_pt_01/../../../../instances/orig_ams_fg/60R_60V_04I_06M/t1/LR1_2_2/;60000;7984;0;11211.72;121;61;H;50;95;0;100.0;30.0;true;0.95;100.0;1.0;1.0;1.0;1.0;60;M;4;4;false;78;0.95;184.22;0.95;39;10;1000000;-1;3600;8.14;0.53;0.69;mslp;heur;0.19;0.35;-1;3600;60000;I;60;1.0;0.3;LR1_2_2;0;/dados/rmelo/PDPTW-SE/benchmark_multi_island_v5/official_experiments/multistartlp/official/set_01_pt_01/logs;0;0;0;99.99;100.0;1;24;/dados/rmelo/PDPTW-SE/benchmark_multi_island_v5/official_experiments/multistartlp/official/set_01_pt_01/logs/heur_mslp/solutions/60R_60V_04I_06M/LR1_2_2_sol_genconfig_mslp_seed_24.txt;Gurobi;AUTOMATIC;18.73;_bash_1;_seed_24;0.33;1;70.65;/dados/rmelo/PDPTW-SE/benchmark_multi_island_v5/official_experiments/multistartlp/official/set_01_pt_01/logs/heur_mslp/timelines/60R_60V_04I_06M/LR1_2_2_timeline_genconfig_mslp_seed_24.txt;524.98;t1;0;8862.36;false
0.05;0.15;0.17;0.32;0.01;0.1;2;/dados/rmelo/PDPTW-SE/benchmark_multi_island_v5/official_experiments/multistartlp/official/set_01_pt_01/logs/heur_mslp/outputs/csvresults_heur_mslp_bash_1.csv;0;5;1;122;0;0.0;0.5;true;62;2;LR1_2_3_t1_60R_60V_04I_05M;/dados/rmelo/PDPTW-SE/benchmark_multi_island_v5/official_experiments/multistartlp/official/set_01_pt_01/configs/genconfig_mslp.conf;genconfig_mslp;/dados/rmelo/PDPTW-SE/benchmark_multi_island_v5/official_experiments/multistartlp/official/set_01_pt_01/logs/heur_mslp/gurobi/60R_60V_04I_05M/LR1_2_3_grb_genconfig_mslp_seed_24.log;random;60R_60V_04I_05M;1;59995;1;/dados/rmelo/PDPTW-SE/benchmark_multi_island_v5/official_experiments/multistartlp/official/set_01_pt_01/../../../../instances/orig_ams_fg/60R_60V_04I_06M/t1/LR1_2_3/;60000;11255;0;8864.46;121;61;H;50;95;0;100.0;30.0;true;0.95;100.0;1.0;1.0;1.0;1.0;60;M;5;5;false;86;0.99;183.88;0.9;43;10;1000000;-1;3600;7.0;0.47;0.55;mslp;heur;0.23;0.19;-1;3600;60000;I;60;1.0;0.28;LR1_2_3;0;/dados/rmelo/PDPTW-SE/benchmark_multi_island_v5/official_experiments/multistartlp/official/set_01_pt_01/logs;0;0;0;99.99;100.0;1;24;/dados/rmelo/PDPTW-SE/benchmark_multi_island_v5/official_experiments/multistartlp/official/set_01_pt_01/logs/heur_mslp/solutions/60R_60V_04I_05M/LR1_2_3_sol_genconfig_mslp_seed_24.txt;Gurobi;AUTOMATIC;18.74;_bash_1;_seed_24;0.35;1;119.43;/dados/rmelo/PDPTW-SE/benchmark_multi_island_v5/official_experiments/multistartlp/official/set_01_pt_01/logs/heur_mslp/timelines/60R_60V_04I_05M/LR1_2_3_timeline_genconfig_mslp_seed_24.txt;628.57;t1;0;7941.29;false
0.05;0.12;0.16;0.28;0.02;0.05;2;/dados/rmelo/PDPTW-SE/benchmark_multi_island_v5/official_experiments/multistartlp/official/set_01_pt_01/logs/heur_mslp/outputs/csvresults_heur_mslp_bash_1.csv;0;6;1;122;0;0.0;0.5;true;62;2;LR1_2_3_t1_60R_60V_04I_06M;/dados/rmelo/PDPTW-SE/benchmark_multi_island_v5/official_experiments/multistartlp/official/set_01_pt_01/configs/genconfig_mslp.conf;genconfig_mslp;/dados/rmelo/PDPTW-SE/benchmark_multi_island_v5/official_experiments/multistartlp/official/set_01_pt_01/logs/heur_mslp/gurobi/60R_60V_04I_06M/LR1_2_3_grb_genconfig_mslp_seed_24.log;random;60R_60V_04I_06M;1;59876;1;/dados/rmelo/PDPTW-SE/benchmark_multi_island_v5/official_experiments/multistartlp/official/set_01_pt_01/../../../../instances/orig_ams_fg/60R_60V_04I_06M/t1/LR1_2_3/;60000;2476;0;9534.64;121;61;H;50;95;0;100.0;30.0;true;0.95;100.0;1.0;1.0;1.0;1.0;60;M;124;124;false;86;0.9;183.88;1.0;43;10;1000000;-1;3600;6.3;0.47;0.59;mslp;heur;0.31;0.26;-1;3600;60000;I;60;1.0;0.27;LR1_2_3;0;/dados/rmelo/PDPTW-SE/benchmark_multi_island_v5/official_experiments/multistartlp/official/set_01_pt_01/logs;0;0;0;99.79;100.0;1;24;/dados/rmelo/PDPTW-SE/benchmark_multi_island_v5/official_experiments/multistartlp/official/set_01_pt_01/logs/heur_mslp/solutions/60R_60V_04I_06M/LR1_2_3_sol_genconfig_mslp_seed_24.txt;Gurobi;AUTOMATIC;18.62;_bash_1;_seed_24;7.81;1;34.5;/dados/rmelo/PDPTW-SE/benchmark_multi_island_v5/official_experiments/multistartlp/official/set_01_pt_01/logs/heur_mslp/timelines/60R_60V_04I_06M/LR1_2_3_timeline_genconfig_mslp_seed_24.txt;819.91;t1;0;7473.03;false
0.05;0.1;0.15;0.24;0.0;0.01;16;/dados/rmelo/PDPTW-SE/benchmark_multi_island_v5/official_experiments/multistartlp/official/set_01_pt_01/logs/heur_mslp/outputs/csvresults_heur_mslp_bash_1.csv;0;5;1;122;0;0.0;0.5;true;62;2;LR1_2_4_t1_60R_60V_04I_05M;/dados/rmelo/PDPTW-SE/benchmark_multi_island_v5/official_experiments/multistartlp/official/set_01_pt_01/configs/genconfig_mslp.conf;genconfig_mslp;/dados/rmelo/PDPTW-SE/benchmark_multi_island_v5/official_experiments/multistartlp/official/set_01_pt_01/logs/heur_mslp/gurobi/60R_60V_04I_05M/LR1_2_4_grb_genconfig_mslp_seed_24.log;random;60R_60V_04I_05M;1;57978;1;/dados/rmelo/PDPTW-SE/benchmark_multi_island_v5/official_experiments/multistartlp/official/set_01_pt_01/../../../../instances/orig_ams_fg/60R_60V_04I_06M/t1/LR1_2_4/;60000;31892;0;6616.16;121;61;H;50;95;0;100.0;30.0;true;0.95;100.0;1.0;1.0;1.0;1.0;60;M;2022;2022;false;86;0.8;185.48;0.97;43;10;1000000;-1;3600;4.68;0.58;0.67;mslp;heur;0.21;0.17;-1;3600;60000;I;60;1.0;0.18;LR1_2_4;0;/dados/rmelo/PDPTW-SE/benchmark_multi_island_v5/official_experiments/multistartlp/official/set_01_pt_01/logs;0;0;0;96.63;100.0;1;24;/dados/rmelo/PDPTW-SE/benchmark_multi_island_v5/official_experiments/multistartlp/official/set_01_pt_01/logs/heur_mslp/solutions/60R_60V_04I_05M/LR1_2_4_sol_genconfig_mslp_seed_24.txt;Gurobi;AUTOMATIC;18.67;_bash_1;_seed_24;94.66;1;888.84;/dados/rmelo/PDPTW-SE/benchmark_multi_island_v5/official_experiments/multistartlp/official/set_01_pt_01/logs/heur_mslp/timelines/60R_60V_04I_05M/LR1_2_4_timeline_genconfig_mslp_seed_24.txt;1676.93;t1;0;5556.04;false
0.05;0.04;0.11;0.15;0.0;0.01;10;/dados/rmelo/PDPTW-SE/benchmark_multi_island_v5/official_experiments/multistartlp/official/set_01_pt_01/logs/heur_mslp/outputs/csvresults_heur_mslp_bash_1.csv;0;6;1;122;0;0.0;0.5;true;62;2;LR1_2_4_t1_60R_60V_04I_06M;/dados/rmelo/PDPTW-SE/benchmark_multi_island_v5/official_experiments/multistartlp/official/set_01_pt_01/configs/genconfig_mslp.conf;genconfig_mslp;/dados/rmelo/PDPTW-SE/benchmark_multi_island_v5/official_experiments/multistartlp/official/set_01_pt_01/logs/heur_mslp/gurobi/60R_60V_04I_06M/LR1_2_4_grb_genconfig_mslp_seed_24.log;random;60R_60V_04I_06M;1;54609;1;/dados/rmelo/PDPTW-SE/benchmark_multi_island_v5/official_experiments/multistartlp/official/set_01_pt_01/../../../../instances/orig_ams_fg/60R_60V_04I_06M/t1/LR1_2_4/;60000;50996;0;6975.37;121;61;H;50;95;0;100.0;30.0;true;0.95;100.0;1.0;1.0;1.0;1.0;60;M;5391;5391;false;86;0.78;185.48;0.97;43;10;1000000;-1;3600;3.99;0.63;0.72;mslp;heur;0.44;0.21;-1;3600;60000;I;60;1.0;0.17;LR1_2_4;0;/dados/rmelo/PDPTW-SE/benchmark_multi_island_v5/official_experiments/multistartlp/official/set_01_pt_01/logs;0;0;0;91.02;100.0;1;24;/dados/rmelo/PDPTW-SE/benchmark_multi_island_v5/official_experiments/multistartlp/official/set_01_pt_01/logs/heur_mslp/solutions/60R_60V_04I_06M/LR1_2_4_sol_genconfig_mslp_seed_24.txt;Gurobi;AUTOMATIC;18.27;_bash_1;_seed_24;215.33;1;1888.69;/dados/rmelo/PDPTW-SE/benchmark_multi_island_v5/official_experiments/multistartlp/official/set_01_pt_01/logs/heur_mslp/timelines/60R_60V_04I_06M/LR1_2_4_timeline_genconfig_mslp_seed_24.txt;2226.01;t1;0;5496.35;false
0.05;0.15;0.22;0.38;0.03;0.29;0;/dados/rmelo/PDPTW-SE/benchmark_multi_island_v5/official_experiments/multistartlp/official/set_01_pt_01/logs/heur_mslp/outputs/csvresults_heur_mslp_bash_1.csv;0;5;1;122;0;0.0;0.5;false;62;2;LR1_2_5_t1_60R_60V_04I_05M;/dados/rmelo/PDPTW-SE/benchmark_multi_island_v5/official_experiments/multistartlp/official/set_01_pt_01/configs/genconfig_mslp.conf;genconfig_mslp;/dados/rmelo/PDPTW-SE/benchmark_multi_island_v5/official_experiments/multistartlp/official/set_01_pt_01/logs/heur_mslp/gurobi/60R_60V_04I_05M/LR1_2_5_grb_genconfig_mslp_seed_24.log;random;60R_60V_04I_05M;1;60000;1;/dados/rmelo/PDPTW-SE/benchmark_multi_island_v5/official_experiments/multistartlp/official/set_01_pt_01/../../../../instances/orig_ams_fg/60R_60V_04I_06M/t1/LR1_2_5/;60000;0;0;0.0;121;61;H;50;95;0;100.0;30.0;true;0.95;100.0;1.0;1.0;1.0;1.0;60;M;0;0;false;86;0.96;180.52;0.93;43;10;1000000;-1;3600;0.0;0.76;0.53;mslp;heur;0.51;0.17;-1;3600;60000;I;60;1.0;0.22;LR1_2_5;0;/dados/rmelo/PDPTW-SE/benchmark_multi_island_v5/official_experiments/multistartlp/official/set_01_pt_01/logs;0;0;0;100.0;0.0;1;24;/dados/rmelo/PDPTW-SE/benchmark_multi_island_v5/official_experiments/multistartlp/official/set_01_pt_01/logs/heur_mslp/solutions/60R_60V_04I_05M/LR1_2_5_sol_genconfig_mslp_seed_24.txt;Gurobi;AUTOMATIC;18.62;_bash_1;_seed_24;0.0;1;0.0;/dados/rmelo/PDPTW-SE/benchmark_multi_island_v5/official_experiments/multistartlp/official/set_01_pt_01/logs/heur_mslp/timelines/60R_60V_04I_05M/LR1_2_5_timeline_genconfig_mslp_seed_24.txt;320.21;t1;0;Inf;false
0.05;0.12;0.21;0.32;0.01;0.16;4;/dados/rmelo/PDPTW-SE/benchmark_multi_island_v5/official_experiments/multistartlp/official/set_01_pt_01/logs/heur_mslp/outputs/csvresults_heur_mslp_bash_1.csv;0;6;1;122;0;0.0;0.5;true;62;2;LR1_2_5_t1_60R_60V_04I_06M;/dados/rmelo/PDPTW-SE/benchmark_multi_island_v5/official_experiments/multistartlp/official/set_01_pt_01/configs/genconfig_mslp.conf;genconfig_mslp;/dados/rmelo/PDPTW-SE/benchmark_multi_island_v5/official_experiments/multistartlp/official/set_01_pt_01/logs/heur_mslp/gurobi/60R_60V_04I_06M/LR1_2_5_grb_genconfig_mslp_seed_24.log;random;60R_60V_04I_06M;1;59994;1;/dados/rmelo/PDPTW-SE/benchmark_multi_island_v5/official_experiments/multistartlp/official/set_01_pt_01/../../../../instances/orig_ams_fg/60R_60V_04I_06M/t1/LR1_2_5/;60000;51696;0;9410.98;121;61;H;50;95;0;100.0;30.0;true;0.95;100.0;1.0;1.0;1.0;1.0;60;M;6;6;false;86;0.89;180.52;1.0;43;10;1000000;-1;3600;9.06;0.71;0.67;mslp;heur;0.41;0.38;-1;3600;60000;I;60;1.0;0.3;LR1_2_5;0;/dados/rmelo/PDPTW-SE/benchmark_multi_island_v5/official_experiments/multistartlp/official/set_01_pt_01/logs;0;0;0;99.99;100.0;1;24;/dados/rmelo/PDPTW-SE/benchmark_multi_island_v5/official_experiments/multistartlp/official/set_01_pt_01/logs/heur_mslp/solutions/60R_60V_04I_06M/LR1_2_5_sol_genconfig_mslp_seed_24.txt;Gurobi;AUTOMATIC;18.65;_bash_1;_seed_24;0.54;1;398.64;/dados/rmelo/PDPTW-SE/benchmark_multi_island_v5/official_experiments/multistartlp/official/set_01_pt_01/logs/heur_mslp/timelines/60R_60V_04I_06M/LR1_2_5_timeline_genconfig_mslp_seed_24.txt;463.25;t1;0;8673.83;false
0.05;0.04;0.08;0.12;0.05;0.18;7;/dados/rmelo/PDPTW-SE/benchmark_multi_island_v5/official_experiments/multistartlp/official/set_01_pt_01/logs/heur_mslp/outputs/csvresults_heur_mslp_bash_1.csv;0;5;1;122;0;0.0;0.5;true;62;2;LR2_2_1_t2_60R_60V_04I_05M;/dados/rmelo/PDPTW-SE/benchmark_multi_island_v5/official_experiments/multistartlp/official/set_01_pt_01/configs/genconfig_mslp.conf;genconfig_mslp;/dados/rmelo/PDPTW-SE/benchmark_multi_island_v5/official_experiments/multistartlp/official/set_01_pt_01/logs/heur_mslp/gurobi/60R_60V_04I_05M/LR2_2_1_grb_genconfig_mslp_seed_24.log;random;60R_60V_04I_05M;1;14985;1;/dados/rmelo/PDPTW-SE/benchmark_multi_island_v5/official_experiments/multistartlp/official/set_01_pt_01/../../../../instances/orig_ams_fg/60R_60V_04I_06M/t2/LR2_2_1/;60000;16631;0;15179.59;121;61;H;50;95;0;100.0;30.0;true;0.95;100.0;1.0;1.0;1.0;1.0;60;M;45015;45015;false;80;0.9;178.03;1.0;40;10;1000000;-1;3600;5.71;0.67;0.9;mslp;heur;0.32;0.69;-1;3600;60000;I;60;1.0;0.12;LR2_2_1;0;/dados/rmelo/PDPTW-SE/benchmark_multi_island_v5/official_experiments/multistartlp/official/set_01_pt_01/logs;0;0;0;24.98;100.0;1;24;/dados/rmelo/PDPTW-SE/benchmark_multi_island_v5/official_experiments/multistartlp/official/set_01_pt_01/logs/heur_mslp/solutions/60R_60V_04I_05M/LR2_2_1_sol_genconfig_mslp_seed_24.txt;Gurobi;AUTOMATIC;18.59;_bash_1;_seed_24;2569.66;1;780.38;/dados/rmelo/PDPTW-SE/benchmark_multi_island_v5/official_experiments/multistartlp/official/set_01_pt_01/logs/heur_mslp/timelines/60R_60V_04I_05M/LR2_2_1_timeline_genconfig_mslp_seed_24.txt;2811.77;t2;0;11810.3;false
0.05;0.04;0.06;0.11;0.03;0.19;8;/dados/rmelo/PDPTW-SE/benchmark_multi_island_v5/official_experiments/multistartlp/official/set_01_pt_01/logs/heur_mslp/outputs/csvresults_heur_mslp_bash_1.csv;0;6;1;122;0;0.0;0.5;true;62;2;LR2_2_1_t2_60R_60V_04I_06M;/dados/rmelo/PDPTW-SE/benchmark_multi_island_v5/official_experiments/multistartlp/official/set_01_pt_01/configs/genconfig_mslp.conf;genconfig_mslp;/dados/rmelo/PDPTW-SE/benchmark_multi_island_v5/official_experiments/multistartlp/official/set_01_pt_01/logs/heur_mslp/gurobi/60R_60V_04I_06M/LR2_2_1_grb_genconfig_mslp_seed_24.log;random;60R_60V_04I_06M;1;4787;1;/dados/rmelo/PDPTW-SE/benchmark_multi_island_v5/official_experiments/multistartlp/official/set_01_pt_01/../../../../instances/orig_ams_fg/60R_60V_04I_06M/t2/LR2_2_1/;60000;21223;0;16041.09;121;61;H;50;95;0;100.0;30.0;true;0.95;100.0;1.0;1.0;1.0;1.0;60;M;55213;55213;false;80;0.89;177.91;1.0;40;10;1000000;-1;3600;5.94;0.67;0.94;mslp;heur;0.23;0.8;-1;3600;60000;I;60;1.0;0.12;LR2_2_1;0;/dados/rmelo/PDPTW-SE/benchmark_multi_island_v5/official_experiments/multistartlp/official/set_01_pt_01/logs;0;0;0;7.98;100.0;1;24;/dados/rmelo/PDPTW-SE/benchmark_multi_island_v5/official_experiments/multistartlp/official/set_01_pt_01/logs/heur_mslp/solutions/60R_60V_04I_06M/LR2_2_1_sol_genconfig_mslp_seed_24.txt;Gurobi;AUTOMATIC;18.44;_bash_1;_seed_24;3280.01;1;1200.42;/dados/rmelo/PDPTW-SE/benchmark_multi_island_v5/official_experiments/multistartlp/official/set_01_pt_01/logs/heur_mslp/timelines/60R_60V_04I_06M/LR2_2_1_timeline_genconfig_mslp_seed_24.txt;3390.89;t2;0;11864.88;false
0.05;0.05;0.11;0.16;0.01;0.14;18;/dados/rmelo/PDPTW-SE/benchmark_multi_island_v5/official_experiments/multistartlp/official/set_01_pt_01/logs/heur_mslp/outputs/csvresults_heur_mslp_bash_1.csv;0;5;1;122;0;0.0;0.5;true;62;2;LR2_2_2_t2_60R_60V_04I_05M;/dados/rmelo/PDPTW-SE/benchmark_multi_island_v5/official_experiments/multistartlp/official/set_01_pt_01/configs/genconfig_mslp.conf;genconfig_mslp;/dados/rmelo/PDPTW-SE/benchmark_multi_island_v5/official_experiments/multistartlp/official/set_01_pt_01/logs/heur_mslp/gurobi/60R_60V_04I_05M/LR2_2_2_grb_genconfig_mslp_seed_24.log;random;60R_60V_04I_05M;1;30538;1;/dados/rmelo/PDPTW-SE/benchmark_multi_island_v5/official_experiments/multistartlp/official/set_01_pt_01/../../../../instances/orig_ams_fg/60R_60V_04I_06M/t2/LR2_2_2/;60000;38879;0;13035.29;121;61;H;50;95;0;100.0;30.0;true;0.95;100.0;1.0;1.0;1.0;1.0;60;M;29462;29462;false;80;0.81;183.32;1.0;40;10;1000000;-1;3600;5.35;0.65;0.83;mslp;heur;0.13;0.2;-1;3600;60000;I;60;1.0;0.1;LR2_2_2;0;/dados/rmelo/PDPTW-SE/benchmark_multi_island_v5/official_experiments/multistartlp/official/set_01_pt_01/logs;0;0;0;50.9;100.0;1;24;/dados/rmelo/PDPTW-SE/benchmark_multi_island_v5/official_experiments/multistartlp/official/set_01_pt_01/logs/heur_mslp/solutions/60R_60V_04I_05M/LR2_2_2_sol_genconfig_mslp_seed_24.txt;Gurobi;AUTOMATIC;18.64;_bash_1;_seed_24;1575.9;1;2064.32;/dados/rmelo/PDPTW-SE/benchmark_multi_island_v5/official_experiments/multistartlp/official/set_01_pt_01/logs/heur_mslp/timelines/60R_60V_04I_05M/LR2_2_2_timeline_genconfig_mslp_seed_24.txt;3186.41;t2;0;9881.67;false
0.05;0.05;0.09;0.14;0.01;0.13;4;/dados/rmelo/PDPTW-SE/benchmark_multi_island_v5/official_experiments/multistartlp/official/set_01_pt_01/logs/heur_mslp/outputs/csvresults_heur_mslp_bash_1.csv;0;6;1;122;0;0.0;0.5;true;62;2;LR2_2_2_t2_60R_60V_04I_06M;/dados/rmelo/PDPTW-SE/benchmark_multi_island_v5/official_experiments/multistartlp/official/set_01_pt_01/configs/genconfig_mslp.conf;genconfig_mslp;/dados/rmelo/PDPTW-SE/benchmark_multi_island_v5/official_experiments/multistartlp/official/set_01_pt_01/logs/heur_mslp/gurobi/60R_60V_04I_06M/LR2_2_2_grb_genconfig_mslp_seed_24.log;random;60R_60V_04I_06M;1;3465;1;/dados/rmelo/PDPTW-SE/benchmark_multi_island_v5/official_experiments/multistartlp/official/set_01_pt_01/../../../../instances/orig_ams_fg/60R_60V_04I_06M/t2/LR2_2_2/;45960;29590;0;13912.78;121;61;H;50;95;0;100.0;30.0;true;0.95;100.0;1.0;1.0;1.0;1.0;60;M;42495;42495;false;80;0.83;183.19;0.98;40;10;1000000;-1;3600;5.57;0.66;0.82;mslp;heur;0.23;0.34;-1;3600;60000;I;60;1.0;0.1;LR2_2_2;0;/dados/rmelo/PDPTW-SE/benchmark_multi_island_v5/official_experiments/multistartlp/official/set_01_pt_01/logs;0;0;0;7.54;100.0;1;24;/dados/rmelo/PDPTW-SE/benchmark_multi_island_v5/official_experiments/multistartlp/official/set_01_pt_01/logs/heur_mslp/solutions/60R_60V_04I_06M/LR2_2_2_sol_genconfig_mslp_seed_24.txt;Gurobi;AUTOMATIC;18.77;_bash_1;_seed_24;2365.78;1;2317.67;/dados/rmelo/PDPTW-SE/benchmark_multi_island_v5/official_experiments/multistartlp/official/set_01_pt_01/logs/heur_mslp/timelines/60R_60V_04I_06M/LR2_2_2_timeline_genconfig_mslp_seed_24.txt;3600.06;t2;0;9984.31;false
0.05;0.05;0.1;0.15;0.02;0.07;14;/dados/rmelo/PDPTW-SE/benchmark_multi_island_v5/official_experiments/multistartlp/official/set_01_pt_01/logs/heur_mslp/outputs/csvresults_heur_mslp_bash_1.csv;0;5;1;122;0;0.0;0.5;true;62;2;LR2_2_3_t2_60R_60V_04I_05M;/dados/rmelo/PDPTW-SE/benchmark_multi_island_v5/official_experiments/multistartlp/official/set_01_pt_01/configs/genconfig_mslp.conf;genconfig_mslp;/dados/rmelo/PDPTW-SE/benchmark_multi_island_v5/official_experiments/multistartlp/official/set_01_pt_01/logs/heur_mslp/gurobi/60R_60V_04I_05M/LR2_2_3_grb_genconfig_mslp_seed_24.log;random;60R_60V_04I_05M;1;106;1;/dados/rmelo/PDPTW-SE/benchmark_multi_island_v5/official_experiments/multistartlp/official/set_01_pt_01/../../../../instances/orig_ams_fg/60R_60V_04I_06M/t2/LR2_2_3/;31126;29861;0;12479.16;121;61;H;50;95;0;100.0;30.0;true;0.95;100.0;1.0;1.0;1.0;1.0;60;M;31020;31020;false;78;0.84;183.91;1.0;39;10;1000000;-1;3600;3.24;0.78;0.93;mslp;heur;0.67;0.77;-1;3600;60000;I;60;1.0;0.08;LR2_2_3;0;/dados/rmelo/PDPTW-SE/benchmark_multi_island_v5/official_experiments/multistartlp/official/set_01_pt_01/logs;0;0;0;0.34;100.0;1;24;/dados/rmelo/PDPTW-SE/benchmark_multi_island_v5/official_experiments/multistartlp/official/set_01_pt_01/logs/heur_mslp/solutions/60R_60V_04I_05M/LR2_2_3_sol_genconfig_mslp_seed_24.txt;Gurobi;AUTOMATIC;18.4;_bash_1;_seed_24;1005.89;1;3454.68;/dados/rmelo/PDPTW-SE/benchmark_multi_island_v5/official_experiments/multistartlp/official/set_01_pt_01/logs/heur_mslp/timelines/60R_60V_04I_05M/LR2_2_3_timeline_genconfig_mslp_seed_24.txt;3600.09;t2;0;9906.03;false
0.05;0.05;0.09;0.14;0.01;0.03;14;/dados/rmelo/PDPTW-SE/benchmark_multi_island_v5/official_experiments/multistartlp/official/set_01_pt_01/logs/heur_mslp/outputs/csvresults_heur_mslp_bash_1.csv;0;6;1;122;0;0.0;0.5;true;62;2;LR2_2_3_t2_60R_60V_04I_06M;/dados/rmelo/PDPTW-SE/benchmark_multi_island_v5/official_experiments/multistartlp/official/set_01_pt_01/configs/genconfig_mslp.conf;genconfig_mslp;/dados/rmelo/PDPTW-SE/benchmark_multi_island_v5/official_experiments/multistartlp/official/set_01_pt_01/logs/heur_mslp/gurobi/60R_60V_04I_06M/LR2_2_3_grb_genconfig_mslp_seed_24.log;random;60R_60V_04I_06M;1;10;1;/dados/rmelo/PDPTW-SE/benchmark_multi_island_v5/official_experiments/multistartlp/official/set_01_pt_01/../../../../instances/orig_ams_fg/60R_60V_04I_06M/t2/LR2_2_3/;29109;18109;0;13991.26;121;61;H;50;95;0;100.0;30.0;true;0.95;100.0;1.0;1.0;1.0;1.0;60;M;29099;29099;false;78;0.82;183.88;1.0;39;10;1000000;-1;3600;3.45;0.66;0.82;mslp;heur;0.08;0.06;-1;3600;60000;I;60;1.0;0.1;LR2_2_3;0;/dados/rmelo/PDPTW-SE/benchmark_multi_island_v5/official_experiments/multistartlp/official/set_01_pt_01/logs;0;0;0;0.03;100.0;1;24;/dados/rmelo/PDPTW-SE/benchmark_multi_island_v5/official_experiments/multistartlp/official/set_01_pt_01/logs/heur_mslp/solutions/60R_60V_04I_06M/LR2_2_3_sol_genconfig_mslp_seed_24.txt;Gurobi;AUTOMATIC;18.27;_bash_1;_seed_24;1005.06;1;2241.08;/dados/rmelo/PDPTW-SE/benchmark_multi_island_v5/official_experiments/multistartlp/official/set_01_pt_01/logs/heur_mslp/timelines/60R_60V_04I_06M/LR2_2_3_timeline_genconfig_mslp_seed_24.txt;3600.03;t2;0;10014.97;false
0.05;0.04;0.05;0.09;0.0;0.0;10;/dados/rmelo/PDPTW-SE/benchmark_multi_island_v5/official_experiments/multistartlp/official/set_01_pt_01/logs/heur_mslp/outputs/csvresults_heur_mslp_bash_1.csv;0;5;1;122;0;0.0;0.5;true;62;2;LR2_2_4_t2_60R_60V_04I_05M;/dados/rmelo/PDPTW-SE/benchmark_multi_island_v5/official_experiments/multistartlp/official/set_01_pt_01/configs/genconfig_mslp.conf;genconfig_mslp;/dados/rmelo/PDPTW-SE/benchmark_multi_island_v5/official_experiments/multistartlp/official/set_01_pt_01/logs/heur_mslp/gurobi/60R_60V_04I_05M/LR2_2_4_grb_genconfig_mslp_seed_24.log;random;60R_60V_04I_05M;1;0;1;/dados/rmelo/PDPTW-SE/benchmark_multi_island_v5/official_experiments/multistartlp/official/set_01_pt_01/../../../../instances/orig_ams_fg/60R_60V_04I_06M/t2/LR2_2_4/;17863;16558;0;8896.14;121;61;H;50;95;0;100.0;30.0;true;0.95;100.0;1.0;1.0;1.0;1.0;60;M;17851;17863;false;78;0.88;180.9;1.0;39;10;1000000;-1;3600;1.14;0.56;0.96;mslp;heur;0.22;0.89;-1;3600;60000;I;60;1.0;0.08;LR2_2_4;0;/dados/rmelo/PDPTW-SE/benchmark_multi_island_v5/official_experiments/multistartlp/official/set_01_pt_01/logs;0;0;0;0.0;99.93;1;24;/dados/rmelo/PDPTW-SE/benchmark_multi_island_v5/official_experiments/multistartlp/official/set_01_pt_01/logs/heur_mslp/solutions/60R_60V_04I_05M/LR2_2_4_sol_genconfig_mslp_seed_24.txt;Gurobi;AUTOMATIC;18.49;_bash_1;_seed_24;204.22;1;3337.22;/dados/rmelo/PDPTW-SE/benchmark_multi_island_v5/official_experiments/multistartlp/official/set_01_pt_01/logs/heur_mslp/timelines/60R_60V_04I_05M/LR2_2_4_timeline_genconfig_mslp_seed_24.txt;3600.0;t2;0;7039.95;false
0.05;0.02;0.05;0.07;0.0;0.0;9;/dados/rmelo/PDPTW-SE/benchmark_multi_island_v5/official_experiments/multistartlp/official/set_01_pt_01/logs/heur_mslp/outputs/csvresults_heur_mslp_bash_1.csv;0;6;1;122;0;0.0;0.5;true;62;2;LR2_2_4_t2_60R_60V_04I_06M;/dados/rmelo/PDPTW-SE/benchmark_multi_island_v5/official_experiments/multistartlp/official/set_01_pt_01/configs/genconfig_mslp.conf;genconfig_mslp;/dados/rmelo/PDPTW-SE/benchmark_multi_island_v5/official_experiments/multistartlp/official/set_01_pt_01/logs/heur_mslp/gurobi/60R_60V_04I_06M/LR2_2_4_grb_genconfig_mslp_seed_24.log;random;60R_60V_04I_06M;1;0;1;/dados/rmelo/PDPTW-SE/benchmark_multi_island_v5/official_experiments/multistartlp/official/set_01_pt_01/../../../../instances/orig_ams_fg/60R_60V_04I_06M/t2/LR2_2_4/;16576;14459;0;9123.48;121;61;H;50;95;0;100.0;30.0;true;0.95;100.0;1.0;1.0;1.0;1.0;60;M;16546;16576;false;78;0.95;180.9;1.0;39;10;1000000;-1;3600;1.21;0.7;0.97;mslp;heur;0.25;0.94;-1;3600;60000;I;60;1.0;0.07;LR2_2_4;0;/dados/rmelo/PDPTW-SE/benchmark_multi_island_v5/official_experiments/multistartlp/official/set_01_pt_01/logs;0;0;0;0.0;99.82;1;24;/dados/rmelo/PDPTW-SE/benchmark_multi_island_v5/official_experiments/multistartlp/official/set_01_pt_01/logs/heur_mslp/solutions/60R_60V_04I_06M/LR2_2_4_sol_genconfig_mslp_seed_24.txt;Gurobi;AUTOMATIC;18.41;_bash_1;_seed_24;201.0;1;3139.72;/dados/rmelo/PDPTW-SE/benchmark_multi_island_v5/official_experiments/multistartlp/official/set_01_pt_01/logs/heur_mslp/timelines/60R_60V_04I_06M/LR2_2_4_timeline_genconfig_mslp_seed_24.txt;3600.01;t2;0;7089.68;false
0.05;0.06;0.09;0.15;0.01;0.17;12;/dados/rmelo/PDPTW-SE/benchmark_multi_island_v5/official_experiments/multistartlp/official/set_01_pt_01/logs/heur_mslp/outputs/csvresults_heur_mslp_bash_1.csv;0;5;1;122;0;0.0;0.5;true;62;2;LR2_2_5_t2_60R_60V_04I_05M;/dados/rmelo/PDPTW-SE/benchmark_multi_island_v5/official_experiments/multistartlp/official/set_01_pt_01/configs/genconfig_mslp.conf;genconfig_mslp;/dados/rmelo/PDPTW-SE/benchmark_multi_island_v5/official_experiments/multistartlp/official/set_01_pt_01/logs/heur_mslp/gurobi/60R_60V_04I_05M/LR2_2_5_grb_genconfig_mslp_seed_24.log;random;60R_60V_04I_05M;1;0;1;/dados/rmelo/PDPTW-SE/benchmark_multi_island_v5/official_experiments/multistartlp/official/set_01_pt_01/../../../../instances/orig_ams_fg/60R_60V_04I_06M/t2/LR2_2_5/;53953;817;0;16603.43;121;61;H;50;95;0;100.0;30.0;true;0.95;100.0;1.0;1.0;1.0;1.0;60;M;53953;53953;false;80;0.86;180.52;1.0;40;10;1000000;-1;3600;5.61;0.7;0.97;mslp;heur;0.56;0.85;-1;3600;60000;I;60;1.0;0.12;LR2_2_5;0;/dados/rmelo/PDPTW-SE/benchmark_multi_island_v5/official_experiments/multistartlp/official/set_01_pt_01/logs;0;0;0;0.0;100.0;1;24;/dados/rmelo/PDPTW-SE/benchmark_multi_island_v5/official_experiments/multistartlp/official/set_01_pt_01/logs/heur_mslp/solutions/60R_60V_04I_05M/LR2_2_5_sol_genconfig_mslp_seed_24.txt;Gurobi;AUTOMATIC;18.77;_bash_1;_seed_24;3024.68;1;55.06;/dados/rmelo/PDPTW-SE/benchmark_multi_island_v5/official_experiments/multistartlp/official/set_01_pt_01/logs/heur_mslp/timelines/60R_60V_04I_05M/LR2_2_5_timeline_genconfig_mslp_seed_24.txt;3600.0;t2;0;12347.86;false
0.05;0.05;0.08;0.12;0.05;0.15;11;/dados/rmelo/PDPTW-SE/benchmark_multi_island_v5/official_experiments/multistartlp/official/set_01_pt_01/logs/heur_mslp/outputs/csvresults_heur_mslp_bash_1.csv;0;6;1;122;0;0.0;0.5;true;62;2;LR2_2_5_t2_60R_60V_04I_06M;/dados/rmelo/PDPTW-SE/benchmark_multi_island_v5/official_experiments/multistartlp/official/set_01_pt_01/configs/genconfig_mslp.conf;genconfig_mslp;/dados/rmelo/PDPTW-SE/benchmark_multi_island_v5/official_experiments/multistartlp/official/set_01_pt_01/logs/heur_mslp/gurobi/60R_60V_04I_06M/LR2_2_5_grb_genconfig_mslp_seed_24.log;random;60R_60V_04I_06M;1;0;1;/dados/rmelo/PDPTW-SE/benchmark_multi_island_v5/official_experiments/multistartlp/official/set_01_pt_01/../../../../instances/orig_ams_fg/60R_60V_04I_06M/t2/LR2_2_5/;50756;4695;0;19073.5;121;61;H;50;95;0;100.0;30.0;true;0.95;100.0;1.0;1.0;1.0;1.0;60;M;50756;50756;false;80;0.88;180.52;1.0;40;10;1000000;-1;3600;6.08;0.71;0.96;mslp;heur;0.54;0.85;-1;3600;60000;I;60;1.0;0.12;LR2_2_5;0;/dados/rmelo/PDPTW-SE/benchmark_multi_island_v5/official_experiments/multistartlp/official/set_01_pt_01/logs;0;0;0;0.0;100.0;1;24;/dados/rmelo/PDPTW-SE/benchmark_multi_island_v5/official_experiments/multistartlp/official/set_01_pt_01/logs/heur_mslp/solutions/60R_60V_04I_06M/LR2_2_5_sol_genconfig_mslp_seed_24.txt;Gurobi;AUTOMATIC;18.45;_bash_1;_seed_24;3087.14;1;334.46;/dados/rmelo/PDPTW-SE/benchmark_multi_island_v5/official_experiments/multistartlp/official/set_01_pt_01/logs/heur_mslp/timelines/60R_60V_04I_06M/LR2_2_5_timeline_genconfig_mslp_seed_24.txt;3600.05;t2;0;12624.12;false
