alpha;avrg_machines_travel_time_no_vehicle;avrg_machines_travel_time_only_with_vehicle;avrg_machines_travel_time_with_vehicle;avrg_vehicles_waiting_time_for_a_machine_travel;avrg_vehicles_waiting_time_for_a_service;countImprovements;csvfilename;cutoff;cutoffmachs;depot_begin;depot_end;elevator;epsilon;epsilonCap;feasible;first_delivery;first_pickup;fullname;genconfigfile;genconfigfilename;grbFilename;greedy_service_order;group;gurobiCuts;infeasibleSol;initial_station;instPath;iteration;iterationToBest;largestUpdateOffset;lastSGreedySolValue;last_delivery;last_pickup;lmnsAcceptanceCriteria;lmnsGapToBiggerDestruction;lmnsGapToSmallerDestruction;lmnsMIPFocus;lmnsMetropolisTemp;lmnsRepairTime;lmnsReqRApplyMIPStart;lmnsSimulatedAnnealingCool;lmnsSimulatedAnnealingTemp;lmnsWeightShawDemandSim;lmnsWeightShawDistProx;lmnsWeightShawEarlProx;lmnsWeightShawSameRoute;lmnsa;lmnsr;lpImpr;lpRuns;make_instance_feasible;max_Q;max_completion_time;max_d;max_max_load_all_vehicles;max_q;max_s;maxiter;maxnodes;maxtime;meanLPImprPercentage;mean_completion_time;mean_max_load_all_vehicles;methodCode;methodType;min_completion_time;min_max_load_all_vehicles;mipPresolve;mipmaxtime;mslpa;mslpr;n;n_machines_used;n_vehicles_used;name;num_machs;output;outputFlagGrbLMNS;outputFlagGrbMIP;outputFlagGrbMSLP;percentageInfeasibleSol;percentageLPImpr;printsol;seed;solfilename;solver;solverMethod;startTime;suff_csv;suff_outputs;sumLPImprPercentage;threads;timeToBest;timelineFilename;totalTimeElapsed;type;typeUserCut;value;warmStart
0.05;0.03;0.12;0.14;0.03;0.14;1;/dados/rmelo/PDPTW-SE/benchmark_multi_island_v5/official_experiments/multistartlp/official/set_01_pt_01/logs/heur_mslp/outputs/csvresults_heur_mslp_bash_2.csv;0;3;1;14;0;0.0;0.5;true;8;2;lr101_t1_06R_06V_02I_03M;/dados/rmelo/PDPTW-SE/benchmark_multi_island_v5/official_experiments/multistartlp/official/set_01_pt_01/configs/genconfig_mslp.conf;genconfig_mslp;/dados/rmelo/PDPTW-SE/benchmark_multi_island_v5/official_experiments/multistartlp/official/set_01_pt_01/logs/heur_mslp/gurobi/06R_06V_02I_03M/lr101_grb_genconfig_mslp_seed_41.log;random;06R_06V_02I_03M;1;0;1;/dados/rmelo/PDPTW-SE/benchmark_multi_island_v5/official_experiments/multistartlp/official/set_01_pt_01/../../../../instances/orig_ams_fg/06R_06V_02I_04M/t1/lr101/;60000;1;0;968.36;13;7;H;50;95;0;100.0;30.0;true;0.95;100.0;1.0;1.0;1.0;1.0;60;M;60000;60000;false;52;0.69;77.16;0.6;26;10;1000000;-1;3600;18.33;0.57;0.33;mslp;heur;0.5;0.17;-1;3600;60000;I;6;1.0;1.0;lr101;0;/dados/rmelo/PDPTW-SE/benchmark_multi_island_v5/official_experiments/multistartlp/official/set_01_pt_01/logs;0;0;0;0.0;100.0;1;41;/dados/rmelo/PDPTW-SE/benchmark_multi_island_v5/official_experiments/multistartlp/official/set_01_pt_01/logs/heur_mslp/solutions/06R_06V_02I_03M/lr101_sol_genconfig_mslp_seed_41.txt;Gurobi;AUTOMATIC;17.61;_bash_2;_seed_41;11000.51;1;0.0;/dados/rmelo/PDPTW-SE/benchmark_multi_island_v5/official_experiments/multistartlp/official/set_01_pt_01/logs/heur_mslp/timelines/06R_06V_02I_03M/lr101_timeline_genconfig_mslp_seed_41.txt;88.75;t1;0;784.11;false
0.05;0.03;0.11;0.14;0.03;0.15;2;/dados/rmelo/PDPTW-SE/benchmark_multi_island_v5/official_experiments/multistartlp/official/set_01_pt_01/logs/heur_mslp/outputs/csvresults_heur_mslp_bash_2.csv;0;4;1;14;0;0.0;0.5;true;8;2;lr101_t1_06R_06V_02I_04M;/dados/rmelo/PDPTW-SE/benchmark_multi_island_v5/official_experiments/multistartlp/official/set_01_pt_01/configs/genconfig_mslp.conf;genconfig_mslp;/dados/rmelo/PDPTW-SE/benchmark_multi_island_v5/official_experiments/multistartlp/official/set_01_pt_01/logs/heur_mslp/gurobi/06R_06V_02I_04M/lr101_grb_genconfig_mslp_seed_41.log;random;06R_06V_02I_04M;1;0;1;/dados/rmelo/PDPTW-SE/benchmark_multi_island_v5/official_experiments/multistartlp/official/set_01_pt_01/../../../../instances/orig_ams_fg/06R_06V_02I_04M/t1/lr101/;60000;2;0;957.29;13;7;H;50;95;0;100.0;30.0;true;0.95;100.0;1.0;1.0;1.0;1.0;60;M;60000;60000;false;52;0.64;75.56;0.76;26;10;1000000;-1;3600;19.55;0.55;0.36;mslp;heur;0.47;0.13;-1;3600;60000;I;6;0.75;1.0;lr101;0;/dados/rmelo/PDPTW-SE/benchmark_multi_island_v5/official_experiments/multistartlp/official/set_01_pt_01/logs;0;0;0;0.0;100.0;1;41;/dados/rmelo/PDPTW-SE/benchmark_multi_island_v5/official_experiments/multistartlp/official/set_01_pt_01/logs/heur_mslp/solutions/06R_06V_02I_04M/lr101_sol_genconfig_mslp_seed_41.txt;Gurobi;AUTOMATIC;17.95;_bash_2;_seed_41;11730.54;1;0.28;/dados/rmelo/PDPTW-SE/benchmark_multi_island_v5/official_experiments/multistartlp/official/set_01_pt_01/logs/heur_mslp/timelines/06R_06V_02I_04M/lr101_timeline_genconfig_mslp_seed_41.txt;90.32;t1;0;763.79;false
0.05;0.0;0.1;0.1;0.0;0.07;4;/dados/rmelo/PDPTW-SE/benchmark_multi_island_v5/official_experiments/multistartlp/official/set_01_pt_01/logs/heur_mslp/outputs/csvresults_heur_mslp_bash_2.csv;0;3;1;14;0;0.0;0.5;true;8;2;lr102_t1_06R_06V_02I_03M;/dados/rmelo/PDPTW-SE/benchmark_multi_island_v5/official_experiments/multistartlp/official/set_01_pt_01/configs/genconfig_mslp.conf;genconfig_mslp;/dados/rmelo/PDPTW-SE/benchmark_multi_island_v5/official_experiments/multistartlp/official/set_01_pt_01/logs/heur_mslp/gurobi/06R_06V_02I_03M/lr102_grb_genconfig_mslp_seed_41.log;random;06R_06V_02I_03M;1;0;1;/dados/rmelo/PDPTW-SE/benchmark_multi_island_v5/official_experiments/multistartlp/official/set_01_pt_01/../../../../instances/orig_ams_fg/06R_06V_02I_04M/t1/lr102/;60000;5;0;633.03;13;7;H;50;95;0;100.0;30.0;true;0.95;100.0;1.0;1.0;1.0;1.0;60;M;60000;60000;false;58;0.8;70.38;0.96;29;10;1000000;-1;3600;13.07;0.79;0.51;mslp;heur;0.76;0.09;-1;3600;60000;I;6;0.67;0.5;lr102;0;/dados/rmelo/PDPTW-SE/benchmark_multi_island_v5/official_experiments/multistartlp/official/set_01_pt_01/logs;0;0;0;0.0;100.0;1;41;/dados/rmelo/PDPTW-SE/benchmark_multi_island_v5/official_experiments/multistartlp/official/set_01_pt_01/logs/heur_mslp/solutions/06R_06V_02I_03M/lr102_sol_genconfig_mslp_seed_41.txt;Gurobi;AUTOMATIC;17.96;_bash_2;_seed_41;7844.07;1;0.32;/dados/rmelo/PDPTW-SE/benchmark_multi_island_v5/official_experiments/multistartlp/official/set_01_pt_01/logs/heur_mslp/timelines/06R_06V_02I_03M/lr102_timeline_genconfig_mslp_seed_41.txt;87.91;t1;0;542.25;false
0.05;0.0;0.1;0.1;0.0;0.07;4;/dados/rmelo/PDPTW-SE/benchmark_multi_island_v5/official_experiments/multistartlp/official/set_01_pt_01/logs/heur_mslp/outputs/csvresults_heur_mslp_bash_2.csv;0;4;1;14;0;0.0;0.5;true;8;2;lr102_t1_06R_06V_02I_04M;/dados/rmelo/PDPTW-SE/benchmark_multi_island_v5/official_experiments/multistartlp/official/set_01_pt_01/configs/genconfig_mslp.conf;genconfig_mslp;/dados/rmelo/PDPTW-SE/benchmark_multi_island_v5/official_experiments/multistartlp/official/set_01_pt_01/logs/heur_mslp/gurobi/06R_06V_02I_04M/lr102_grb_genconfig_mslp_seed_41.log;random;06R_06V_02I_04M;1;0;1;/dados/rmelo/PDPTW-SE/benchmark_multi_island_v5/official_experiments/multistartlp/official/set_01_pt_01/../../../../instances/orig_ams_fg/06R_06V_02I_04M/t1/lr102/;60000;5;0;633.03;13;7;H;50;95;0;100.0;30.0;true;0.95;100.0;1.0;1.0;1.0;1.0;60;M;60000;60000;false;58;0.8;68.13;0.96;29;10;1000000;-1;3600;13.13;0.79;0.51;mslp;heur;0.76;0.09;-1;3600;60000;I;6;0.5;0.5;lr102;0;/dados/rmelo/PDPTW-SE/benchmark_multi_island_v5/official_experiments/multistartlp/official/set_01_pt_01/logs;0;0;0;0.0;100.0;1;41;/dados/rmelo/PDPTW-SE/benchmark_multi_island_v5/official_experiments/multistartlp/official/set_01_pt_01/logs/heur_mslp/solutions/06R_06V_02I_04M/lr102_sol_genconfig_mslp_seed_41.txt;Gurobi;AUTOMATIC;17.89;_bash_2;_seed_41;7877.82;1;0.29;/dados/rmelo/PDPTW-SE/benchmark_multi_island_v5/official_experiments/multistartlp/official/set_01_pt_01/logs/heur_mslp/timelines/06R_06V_02I_04M/lr102_timeline_genconfig_mslp_seed_41.txt;88.09;t1;0;542.25;false
0.05;0.0;0.14;0.14;0.0;0.0;4;/dados/rmelo/PDPTW-SE/benchmark_multi_island_v5/official_experiments/multistartlp/official/set_01_pt_01/logs/heur_mslp/outputs/csvresults_heur_mslp_bash_2.csv;0;3;1;14;0;0.0;0.5;true;8;2;lr103_t1_06R_06V_02I_03M;/dados/rmelo/PDPTW-SE/benchmark_multi_island_v5/official_experiments/multistartlp/official/set_01_pt_01/configs/genconfig_mslp.conf;genconfig_mslp;/dados/rmelo/PDPTW-SE/benchmark_multi_island_v5/official_experiments/multistartlp/official/set_01_pt_01/logs/heur_mslp/gurobi/06R_06V_02I_03M/lr103_grb_genconfig_mslp_seed_41.log;random;06R_06V_02I_03M;1;0;1;/dados/rmelo/PDPTW-SE/benchmark_multi_island_v5/official_experiments/multistartlp/official/set_01_pt_01/../../../../instances/orig_ams_fg/06R_06V_02I_04M/t1/lr103/;60000;19;0;597.16;13;7;H;50;95;0;100.0;30.0;true;0.95;100.0;1.0;1.0;1.0;1.0;60;M;60000;60000;false;38;0.77;87.23;1.0;19;10;1000000;-1;3600;19.9;0.66;0.74;mslp;heur;0.56;0.5;-1;3600;60000;I;6;0.67;0.5;lr103;0;/dados/rmelo/PDPTW-SE/benchmark_multi_island_v5/official_experiments/multistartlp/official/set_01_pt_01/logs;0;0;0;0.0;100.0;1;41;/dados/rmelo/PDPTW-SE/benchmark_multi_island_v5/official_experiments/multistartlp/official/set_01_pt_01/logs/heur_mslp/solutions/06R_06V_02I_03M/lr103_sol_genconfig_mslp_seed_41.txt;Gurobi;AUTOMATIC;18.01;_bash_2;_seed_41;11937.94;1;0.34;/dados/rmelo/PDPTW-SE/benchmark_multi_island_v5/official_experiments/multistartlp/official/set_01_pt_01/logs/heur_mslp/timelines/06R_06V_02I_03M/lr103_timeline_genconfig_mslp_seed_41.txt;91.97;t1;0;455.04;false
0.05;0.04;0.14;0.18;0.0;0.0;6;/dados/rmelo/PDPTW-SE/benchmark_multi_island_v5/official_experiments/multistartlp/official/set_01_pt_01/logs/heur_mslp/outputs/csvresults_heur_mslp_bash_2.csv;0;4;1;14;0;0.0;0.5;true;8;2;lr103_t1_06R_06V_02I_04M;/dados/rmelo/PDPTW-SE/benchmark_multi_island_v5/official_experiments/multistartlp/official/set_01_pt_01/configs/genconfig_mslp.conf;genconfig_mslp;/dados/rmelo/PDPTW-SE/benchmark_multi_island_v5/official_experiments/multistartlp/official/set_01_pt_01/logs/heur_mslp/gurobi/06R_06V_02I_04M/lr103_grb_genconfig_mslp_seed_41.log;random;06R_06V_02I_04M;1;0;1;/dados/rmelo/PDPTW-SE/benchmark_multi_island_v5/official_experiments/multistartlp/official/set_01_pt_01/../../../../instances/orig_ams_fg/06R_06V_02I_04M/t1/lr103/;60000;35;0;597.16;13;7;H;50;95;0;100.0;30.0;true;0.95;100.0;1.0;1.0;1.0;1.0;60;M;60000;60000;false;38;0.77;87.23;0.73;19;10;1000000;-1;3600;20.2;0.66;0.58;mslp;heur;0.56;0.42;-1;3600;60000;I;6;0.5;0.5;lr103;0;/dados/rmelo/PDPTW-SE/benchmark_multi_island_v5/official_experiments/multistartlp/official/set_01_pt_01/logs;0;0;0;0.0;100.0;1;41;/dados/rmelo/PDPTW-SE/benchmark_multi_island_v5/official_experiments/multistartlp/official/set_01_pt_01/logs/heur_mslp/solutions/06R_06V_02I_04M/lr103_sol_genconfig_mslp_seed_41.txt;Gurobi;AUTOMATIC;17.66;_bash_2;_seed_41;12120.92;1;0.37;/dados/rmelo/PDPTW-SE/benchmark_multi_island_v5/official_experiments/multistartlp/official/set_01_pt_01/logs/heur_mslp/timelines/06R_06V_02I_04M/lr103_timeline_genconfig_mslp_seed_41.txt;93.25;t1;0;452.25;false
0.05;0.0;0.19;0.19;0.0;0.03;3;/dados/rmelo/PDPTW-SE/benchmark_multi_island_v5/official_experiments/multistartlp/official/set_01_pt_01/logs/heur_mslp/outputs/csvresults_heur_mslp_bash_2.csv;0;3;1;14;0;0.0;0.5;true;8;2;lr104_t1_06R_06V_02I_03M;/dados/rmelo/PDPTW-SE/benchmark_multi_island_v5/official_experiments/multistartlp/official/set_01_pt_01/configs/genconfig_mslp.conf;genconfig_mslp;/dados/rmelo/PDPTW-SE/benchmark_multi_island_v5/official_experiments/multistartlp/official/set_01_pt_01/logs/heur_mslp/gurobi/06R_06V_02I_03M/lr104_grb_genconfig_mslp_seed_41.log;random;06R_06V_02I_03M;1;0;1;/dados/rmelo/PDPTW-SE/benchmark_multi_island_v5/official_experiments/multistartlp/official/set_01_pt_01/../../../../instances/orig_ams_fg/06R_06V_02I_04M/t1/lr104/;60000;3;0;534.19;13;7;H;50;95;0;100.0;30.0;true;0.95;100.0;1.0;1.0;1.0;1.0;60;M;60000;60000;false;40;0.73;72.81;0.57;20;10;1000000;-1;3600;13.5;0.62;0.5;mslp;heur;0.47;0.46;-1;3600;60000;I;6;0.33;0.5;lr104;0;/dados/rmelo/PDPTW-SE/benchmark_multi_island_v5/official_experiments/multistartlp/official/set_01_pt_01/logs;0;0;0;0.0;100.0;1;41;/dados/rmelo/PDPTW-SE/benchmark_multi_island_v5/official_experiments/multistartlp/official/set_01_pt_01/logs/heur_mslp/solutions/06R_06V_02I_03M/lr104_sol_genconfig_mslp_seed_41.txt;Gurobi;AUTOMATIC;18.06;_bash_2;_seed_41;8098.09;1;0.29;/dados/rmelo/PDPTW-SE/benchmark_multi_island_v5/official_experiments/multistartlp/official/set_01_pt_01/logs/heur_mslp/timelines/06R_06V_02I_03M/lr104_timeline_genconfig_mslp_seed_41.txt;87.44;t1;0;431.14;false
0.05;0.0;0.18;0.18;0.0;0.03;3;/dados/rmelo/PDPTW-SE/benchmark_multi_island_v5/official_experiments/multistartlp/official/set_01_pt_01/logs/heur_mslp/outputs/csvresults_heur_mslp_bash_2.csv;0;4;1;14;0;0.0;0.5;true;8;2;lr104_t1_06R_06V_02I_04M;/dados/rmelo/PDPTW-SE/benchmark_multi_island_v5/official_experiments/multistartlp/official/set_01_pt_01/configs/genconfig_mslp.conf;genconfig_mslp;/dados/rmelo/PDPTW-SE/benchmark_multi_island_v5/official_experiments/multistartlp/official/set_01_pt_01/logs/heur_mslp/gurobi/06R_06V_02I_04M/lr104_grb_genconfig_mslp_seed_41.log;random;06R_06V_02I_04M;1;0;1;/dados/rmelo/PDPTW-SE/benchmark_multi_island_v5/official_experiments/multistartlp/official/set_01_pt_01/../../../../instances/orig_ams_fg/06R_06V_02I_04M/t1/lr104/;60000;3;0;532.74;13;7;H;50;95;0;100.0;30.0;true;0.95;100.0;1.0;1.0;1.0;1.0;60;M;60000;60000;false;40;0.73;70.79;0.57;20;10;1000000;-1;3600;13.98;0.62;0.5;mslp;heur;0.46;0.46;-1;3600;60000;I;6;0.25;0.5;lr104;0;/dados/rmelo/PDPTW-SE/benchmark_multi_island_v5/official_experiments/multistartlp/official/set_01_pt_01/logs;0;0;0;0.0;100.0;1;41;/dados/rmelo/PDPTW-SE/benchmark_multi_island_v5/official_experiments/multistartlp/official/set_01_pt_01/logs/heur_mslp/solutions/06R_06V_02I_04M/lr104_sol_genconfig_mslp_seed_41.txt;Gurobi;AUTOMATIC;18.09;_bash_2;_seed_41;8390.76;1;0.3;/dados/rmelo/PDPTW-SE/benchmark_multi_island_v5/official_experiments/multistartlp/official/set_01_pt_01/logs/heur_mslp/timelines/06R_06V_02I_04M/lr104_timeline_genconfig_mslp_seed_41.txt;87.03;t1;0;426.97;false
0.05;0.0;0.15;0.15;0.0;0.05;3;/dados/rmelo/PDPTW-SE/benchmark_multi_island_v5/official_experiments/multistartlp/official/set_01_pt_01/logs/heur_mslp/outputs/csvresults_heur_mslp_bash_2.csv;0;3;1;14;0;0.0;0.5;true;8;2;lr105_t1_06R_06V_02I_03M;/dados/rmelo/PDPTW-SE/benchmark_multi_island_v5/official_experiments/multistartlp/official/set_01_pt_01/configs/genconfig_mslp.conf;genconfig_mslp;/dados/rmelo/PDPTW-SE/benchmark_multi_island_v5/official_experiments/multistartlp/official/set_01_pt_01/logs/heur_mslp/gurobi/06R_06V_02I_03M/lr105_grb_genconfig_mslp_seed_41.log;random;06R_06V_02I_03M;1;0;1;/dados/rmelo/PDPTW-SE/benchmark_multi_island_v5/official_experiments/multistartlp/official/set_01_pt_01/../../../../instances/orig_ams_fg/06R_06V_02I_04M/t1/lr105/;60000;17;0;742.62;13;7;H;50;95;0;100.0;30.0;true;0.95;100.0;1.0;1.0;1.0;1.0;60;M;60000;60000;false;52;0.73;83.11;0.88;26;10;1000000;-1;3600;22.94;0.51;0.49;mslp;heur;0.31;0.21;-1;3600;60000;I;6;0.67;0.67;lr105;0;/dados/rmelo/PDPTW-SE/benchmark_multi_island_v5/official_experiments/multistartlp/official/set_01_pt_01/logs;0;0;0;0.0;100.0;1;41;/dados/rmelo/PDPTW-SE/benchmark_multi_island_v5/official_experiments/multistartlp/official/set_01_pt_01/logs/heur_mslp/solutions/06R_06V_02I_03M/lr105_sol_genconfig_mslp_seed_41.txt;Gurobi;AUTOMATIC;17.96;_bash_2;_seed_41;13764.41;1;0.35;/dados/rmelo/PDPTW-SE/benchmark_multi_island_v5/official_experiments/multistartlp/official/set_01_pt_01/logs/heur_mslp/timelines/06R_06V_02I_03M/lr105_timeline_genconfig_mslp_seed_41.txt;85.11;t1;0;472.54;false
0.05;0.03;0.1;0.13;0.0;0.05;3;/dados/rmelo/PDPTW-SE/benchmark_multi_island_v5/official_experiments/multistartlp/official/set_01_pt_01/logs/heur_mslp/outputs/csvresults_heur_mslp_bash_2.csv;0;4;1;14;0;0.0;0.5;true;8;2;lr105_t1_06R_06V_02I_04M;/dados/rmelo/PDPTW-SE/benchmark_multi_island_v5/official_experiments/multistartlp/official/set_01_pt_01/configs/genconfig_mslp.conf;genconfig_mslp;/dados/rmelo/PDPTW-SE/benchmark_multi_island_v5/official_experiments/multistartlp/official/set_01_pt_01/logs/heur_mslp/gurobi/06R_06V_02I_04M/lr105_grb_genconfig_mslp_seed_41.log;random;06R_06V_02I_04M;1;0;1;/dados/rmelo/PDPTW-SE/benchmark_multi_island_v5/official_experiments/multistartlp/official/set_01_pt_01/../../../../instances/orig_ams_fg/06R_06V_02I_04M/t1/lr105/;60000;17;0;742.62;13;7;H;50;95;0;100.0;30.0;true;0.95;100.0;1.0;1.0;1.0;1.0;60;M;60000;60000;false;52;0.73;83.11;0.88;26;10;1000000;-1;3600;22.97;0.51;0.49;mslp;heur;0.31;0.21;-1;3600;60000;I;6;0.75;0.67;lr105;0;/dados/rmelo/PDPTW-SE/benchmark_multi_island_v5/official_experiments/multistartlp/official/set_01_pt_01/logs;0;0;0;0.0;100.0;1;41;/dados/rmelo/PDPTW-SE/benchmark_multi_island_v5/official_experiments/multistartlp/official/set_01_pt_01/logs/heur_mslp/solutions/06R_06V_02I_04M/lr105_sol_genconfig_mslp_seed_41.txt;Gurobi;AUTOMATIC;18.21;_bash_2;_seed_41;13780.84;1;0.31;/dados/rmelo/PDPTW-SE/benchmark_multi_island_v5/official_experiments/multistartlp/official/set_01_pt_01/logs/heur_mslp/timelines/06R_06V_02I_04M/lr105_timeline_genconfig_mslp_seed_41.txt;86.92;t1;0;471.8;false
0.05;0.01;0.03;0.03;0.14;0.35;4;/dados/rmelo/PDPTW-SE/benchmark_multi_island_v5/official_experiments/multistartlp/official/set_01_pt_01/logs/heur_mslp/outputs/csvresults_heur_mslp_bash_2.csv;0;3;1;14;0;0.0;0.5;true;8;2;lr201_t2_06R_06V_02I_03M;/dados/rmelo/PDPTW-SE/benchmark_multi_island_v5/official_experiments/multistartlp/official/set_01_pt_01/configs/genconfig_mslp.conf;genconfig_mslp;/dados/rmelo/PDPTW-SE/benchmark_multi_island_v5/official_experiments/multistartlp/official/set_01_pt_01/logs/heur_mslp/gurobi/06R_06V_02I_03M/lr201_grb_genconfig_mslp_seed_41.log;random;06R_06V_02I_03M;1;0;1;/dados/rmelo/PDPTW-SE/benchmark_multi_island_v5/official_experiments/multistartlp/official/set_01_pt_01/../../../../instances/orig_ams_fg/06R_06V_02I_04M/t2/lr201/;60000;154;0;1192.38;13;7;H;50;95;0;100.0;30.0;true;0.95;100.0;1.0;1.0;1.0;1.0;60;M;60000;60000;false;52;0.64;77.67;0.87;26;10;1000000;-1;3600;26.42;0.42;0.73;mslp;heur;0.2;0.59;-1;3600;60000;I;6;0.67;0.33;lr201;0;/dados/rmelo/PDPTW-SE/benchmark_multi_island_v5/official_experiments/multistartlp/official/set_01_pt_01/logs;0;0;0;0.0;100.0;1;41;/dados/rmelo/PDPTW-SE/benchmark_multi_island_v5/official_experiments/multistartlp/official/set_01_pt_01/logs/heur_mslp/solutions/06R_06V_02I_03M/lr201_sol_genconfig_mslp_seed_41.txt;Gurobi;AUTOMATIC;18.1;_bash_2;_seed_41;15850.73;1;0.53;/dados/rmelo/PDPTW-SE/benchmark_multi_island_v5/official_experiments/multistartlp/official/set_01_pt_01/logs/heur_mslp/timelines/06R_06V_02I_03M/lr201_timeline_genconfig_mslp_seed_41.txt;86.27;t2;0;841.88;false
0.05;0.01;0.03;0.03;0.14;0.35;4;/dados/rmelo/PDPTW-SE/benchmark_multi_island_v5/official_experiments/multistartlp/official/set_01_pt_01/logs/heur_mslp/outputs/csvresults_heur_mslp_bash_2.csv;0;4;1;14;0;0.0;0.5;true;8;2;lr201_t2_06R_06V_02I_04M;/dados/rmelo/PDPTW-SE/benchmark_multi_island_v5/official_experiments/multistartlp/official/set_01_pt_01/configs/genconfig_mslp.conf;genconfig_mslp;/dados/rmelo/PDPTW-SE/benchmark_multi_island_v5/official_experiments/multistartlp/official/set_01_pt_01/logs/heur_mslp/gurobi/06R_06V_02I_04M/lr201_grb_genconfig_mslp_seed_41.log;random;06R_06V_02I_04M;1;0;1;/dados/rmelo/PDPTW-SE/benchmark_multi_island_v5/official_experiments/multistartlp/official/set_01_pt_01/../../../../instances/orig_ams_fg/06R_06V_02I_04M/t2/lr201/;60000;154;0;1190.63;13;7;H;50;95;0;100.0;30.0;true;0.95;100.0;1.0;1.0;1.0;1.0;60;M;60000;60000;false;52;0.64;75.93;0.87;26;10;1000000;-1;3600;26.65;0.42;0.73;mslp;heur;0.2;0.59;-1;3600;60000;I;6;0.5;0.33;lr201;0;/dados/rmelo/PDPTW-SE/benchmark_multi_island_v5/official_experiments/multistartlp/official/set_01_pt_01/logs;0;0;0;0.0;100.0;1;41;/dados/rmelo/PDPTW-SE/benchmark_multi_island_v5/official_experiments/multistartlp/official/set_01_pt_01/logs/heur_mslp/solutions/06R_06V_02I_04M/lr201_sol_genconfig_mslp_seed_41.txt;Gurobi;AUTOMATIC;18.13;_bash_2;_seed_41;15990.61;1;0.51;/dados/rmelo/PDPTW-SE/benchmark_multi_island_v5/official_experiments/multistartlp/official/set_01_pt_01/logs/heur_mslp/timelines/06R_06V_02I_04M/lr201_timeline_genconfig_mslp_seed_41.txt;87.61;t2;0;840.13;false
0.05;0.0;0.03;0.03;0.0;0.09;6;/dados/rmelo/PDPTW-SE/benchmark_multi_island_v5/official_experiments/multistartlp/official/set_01_pt_01/logs/heur_mslp/outputs/csvresults_heur_mslp_bash_2.csv;0;3;1;14;0;0.0;0.5;true;8;2;lr202_t2_06R_06V_02I_03M;/dados/rmelo/PDPTW-SE/benchmark_multi_island_v5/official_experiments/multistartlp/official/set_01_pt_01/configs/genconfig_mslp.conf;genconfig_mslp;/dados/rmelo/PDPTW-SE/benchmark_multi_island_v5/official_experiments/multistartlp/official/set_01_pt_01/logs/heur_mslp/gurobi/06R_06V_02I_03M/lr202_grb_genconfig_mslp_seed_41.log;random;06R_06V_02I_03M;1;0;1;/dados/rmelo/PDPTW-SE/benchmark_multi_island_v5/official_experiments/multistartlp/official/set_01_pt_01/../../../../instances/orig_ams_fg/06R_06V_02I_04M/t2/lr202/;60000;53;0;1327.61;13;7;H;50;95;0;100.0;30.0;true;0.95;100.0;1.0;1.0;1.0;1.0;60;M;60000;60000;false;38;0.38;87.35;0.74;19;10;1000000;-1;3600;42.89;0.3;0.58;mslp;heur;0.23;0.42;-1;3600;60000;I;6;0.67;0.33;lr202;0;/dados/rmelo/PDPTW-SE/benchmark_multi_island_v5/official_experiments/multistartlp/official/set_01_pt_01/logs;0;0;0;0.0;100.0;1;41;/dados/rmelo/PDPTW-SE/benchmark_multi_island_v5/official_experiments/multistartlp/official/set_01_pt_01/logs/heur_mslp/solutions/06R_06V_02I_03M/lr202_sol_genconfig_mslp_seed_41.txt;Gurobi;AUTOMATIC;18.01;_bash_2;_seed_41;25733.07;1;0.36;/dados/rmelo/PDPTW-SE/benchmark_multi_island_v5/official_experiments/multistartlp/official/set_01_pt_01/logs/heur_mslp/timelines/06R_06V_02I_03M/lr202_timeline_genconfig_mslp_seed_41.txt;96.06;t2;0;606.04;false
0.05;0.0;0.03;0.03;0.0;0.09;6;/dados/rmelo/PDPTW-SE/benchmark_multi_island_v5/official_experiments/multistartlp/official/set_01_pt_01/logs/heur_mslp/outputs/csvresults_heur_mslp_bash_2.csv;0;4;1;14;0;0.0;0.5;true;8;2;lr202_t2_06R_06V_02I_04M;/dados/rmelo/PDPTW-SE/benchmark_multi_island_v5/official_experiments/multistartlp/official/set_01_pt_01/configs/genconfig_mslp.conf;genconfig_mslp;/dados/rmelo/PDPTW-SE/benchmark_multi_island_v5/official_experiments/multistartlp/official/set_01_pt_01/logs/heur_mslp/gurobi/06R_06V_02I_04M/lr202_grb_genconfig_mslp_seed_41.log;random;06R_06V_02I_04M;1;0;1;/dados/rmelo/PDPTW-SE/benchmark_multi_island_v5/official_experiments/multistartlp/official/set_01_pt_01/../../../../instances/orig_ams_fg/06R_06V_02I_04M/t2/lr202/;60000;53;0;1327.61;13;7;H;50;95;0;100.0;30.0;true;0.95;100.0;1.0;1.0;1.0;1.0;60;M;60000;60000;false;38;0.38;87.35;0.74;19;10;1000000;-1;3600;42.89;0.3;0.58;mslp;heur;0.23;0.42;-1;3600;60000;I;6;0.5;0.33;lr202;0;/dados/rmelo/PDPTW-SE/benchmark_multi_island_v5/official_experiments/multistartlp/official/set_01_pt_01/logs;0;0;0;0.0;100.0;1;41;/dados/rmelo/PDPTW-SE/benchmark_multi_island_v5/official_experiments/multistartlp/official/set_01_pt_01/logs/heur_mslp/solutions/06R_06V_02I_04M/lr202_sol_genconfig_mslp_seed_41.txt;Gurobi;AUTOMATIC;17.95;_bash_2;_seed_41;25733.07;1;0.42;/dados/rmelo/PDPTW-SE/benchmark_multi_island_v5/official_experiments/multistartlp/official/set_01_pt_01/logs/heur_mslp/timelines/06R_06V_02I_04M/lr202_timeline_genconfig_mslp_seed_41.txt;98.47;t2;0;606.04;false
0.05;0.01;0.04;0.05;0.09;0.02;4;/dados/rmelo/PDPTW-SE/benchmark_multi_island_v5/official_experiments/multistartlp/official/set_01_pt_01/logs/heur_mslp/outputs/csvresults_heur_mslp_bash_2.csv;0;3;1;14;0;0.0;0.5;true;8;2;lr203_t2_06R_06V_02I_03M;/dados/rmelo/PDPTW-SE/benchmark_multi_island_v5/official_experiments/multistartlp/official/set_01_pt_01/configs/genconfig_mslp.conf;genconfig_mslp;/dados/rmelo/PDPTW-SE/benchmark_multi_island_v5/official_experiments/multistartlp/official/set_01_pt_01/logs/heur_mslp/gurobi/06R_06V_02I_03M/lr203_grb_genconfig_mslp_seed_41.log;random;06R_06V_02I_03M;1;0;1;/dados/rmelo/PDPTW-SE/benchmark_multi_island_v5/official_experiments/multistartlp/official/set_01_pt_01/../../../../instances/orig_ams_fg/06R_06V_02I_04M/t2/lr203/;60000;150;0;1547.99;13;7;H;50;95;0;100.0;30.0;true;0.95;100.0;1.0;1.0;1.0;1.0;60;M;60000;60000;false;32;0.68;85.56;1.0;16;10;1000000;-1;3600;33.05;0.68;1.0;mslp;heur;0.68;1.0;-1;3600;60000;I;6;1.0;0.17;lr203;0;/dados/rmelo/PDPTW-SE/benchmark_multi_island_v5/official_experiments/multistartlp/official/set_01_pt_01/logs;0;0;0;0.0;100.0;1;41;/dados/rmelo/PDPTW-SE/benchmark_multi_island_v5/official_experiments/multistartlp/official/set_01_pt_01/logs/heur_mslp/solutions/06R_06V_02I_03M/lr203_sol_genconfig_mslp_seed_41.txt;Gurobi;AUTOMATIC;18.15;_bash_2;_seed_41;19827.57;1;0.55;/dados/rmelo/PDPTW-SE/benchmark_multi_island_v5/official_experiments/multistartlp/official/set_01_pt_01/logs/heur_mslp/timelines/06R_06V_02I_03M/lr203_timeline_genconfig_mslp_seed_41.txt;98.88;t2;0;676.69;false
0.05;0.01;0.04;0.05;0.09;0.02;4;/dados/rmelo/PDPTW-SE/benchmark_multi_island_v5/official_experiments/multistartlp/official/set_01_pt_01/logs/heur_mslp/outputs/csvresults_heur_mslp_bash_2.csv;0;4;1;14;0;0.0;0.5;true;8;2;lr203_t2_06R_06V_02I_04M;/dados/rmelo/PDPTW-SE/benchmark_multi_island_v5/official_experiments/multistartlp/official/set_01_pt_01/configs/genconfig_mslp.conf;genconfig_mslp;/dados/rmelo/PDPTW-SE/benchmark_multi_island_v5/official_experiments/multistartlp/official/set_01_pt_01/logs/heur_mslp/gurobi/06R_06V_02I_04M/lr203_grb_genconfig_mslp_seed_41.log;random;06R_06V_02I_04M;1;0;1;/dados/rmelo/PDPTW-SE/benchmark_multi_island_v5/official_experiments/multistartlp/official/set_01_pt_01/../../../../instances/orig_ams_fg/06R_06V_02I_04M/t2/lr203/;60000;150;0;1547.99;13;7;H;50;95;0;100.0;30.0;true;0.95;100.0;1.0;1.0;1.0;1.0;60;M;60000;60000;false;32;0.68;85.56;1.0;16;10;1000000;-1;3600;33.07;0.68;1.0;mslp;heur;0.68;1.0;-1;3600;60000;I;6;0.75;0.17;lr203;0;/dados/rmelo/PDPTW-SE/benchmark_multi_island_v5/official_experiments/multistartlp/official/set_01_pt_01/logs;0;0;0;0.0;100.0;1;41;/dados/rmelo/PDPTW-SE/benchmark_multi_island_v5/official_experiments/multistartlp/official/set_01_pt_01/logs/heur_mslp/solutions/06R_06V_02I_04M/lr203_sol_genconfig_mslp_seed_41.txt;Gurobi;AUTOMATIC;17.98;_bash_2;_seed_41;19843.73;1;0.6;/dados/rmelo/PDPTW-SE/benchmark_multi_island_v5/official_experiments/multistartlp/official/set_01_pt_01/logs/heur_mslp/timelines/06R_06V_02I_04M/lr203_timeline_genconfig_mslp_seed_41.txt;100.73;t2;0;676.69;false
0.05;0.0;0.01;0.02;0.0;0.0;9;/dados/rmelo/PDPTW-SE/benchmark_multi_island_v5/official_experiments/multistartlp/official/set_01_pt_01/logs/heur_mslp/outputs/csvresults_heur_mslp_bash_2.csv;0;3;1;14;0;0.0;0.5;true;8;2;lr204_t2_06R_06V_02I_03M;/dados/rmelo/PDPTW-SE/benchmark_multi_island_v5/official_experiments/multistartlp/official/set_01_pt_01/configs/genconfig_mslp.conf;genconfig_mslp;/dados/rmelo/PDPTW-SE/benchmark_multi_island_v5/official_experiments/multistartlp/official/set_01_pt_01/logs/heur_mslp/gurobi/06R_06V_02I_03M/lr204_grb_genconfig_mslp_seed_41.log;random;06R_06V_02I_03M;1;0;1;/dados/rmelo/PDPTW-SE/benchmark_multi_island_v5/official_experiments/multistartlp/official/set_01_pt_01/../../../../instances/orig_ams_fg/06R_06V_02I_04M/t2/lr204/;60000;5682;0;924.67;13;7;H;50;95;0;100.0;30.0;true;0.95;100.0;1.0;1.0;1.0;1.0;60;M;59792;60000;false;38;0.56;82.54;0.87;19;10;1000000;-1;3600;23.56;0.56;0.87;mslp;heur;0.56;0.87;-1;3600;60000;I;6;1.0;0.17;lr204;0;/dados/rmelo/PDPTW-SE/benchmark_multi_island_v5/official_experiments/multistartlp/official/set_01_pt_01/logs;0;0;0;0.0;99.65;1;41;/dados/rmelo/PDPTW-SE/benchmark_multi_island_v5/official_experiments/multistartlp/official/set_01_pt_01/logs/heur_mslp/solutions/06R_06V_02I_03M/lr204_sol_genconfig_mslp_seed_41.txt;Gurobi;AUTOMATIC;18.11;_bash_2;_seed_41;14137.46;1;10.98;/dados/rmelo/PDPTW-SE/benchmark_multi_island_v5/official_experiments/multistartlp/official/set_01_pt_01/logs/heur_mslp/timelines/06R_06V_02I_03M/lr204_timeline_genconfig_mslp_seed_41.txt;111.76;t2;0;559.82;false
0.05;0.0;0.01;0.02;0.0;0.0;6;/dados/rmelo/PDPTW-SE/benchmark_multi_island_v5/official_experiments/multistartlp/official/set_01_pt_01/logs/heur_mslp/outputs/csvresults_heur_mslp_bash_2.csv;0;4;1;14;0;0.0;0.5;true;8;2;lr204_t2_06R_06V_02I_04M;/dados/rmelo/PDPTW-SE/benchmark_multi_island_v5/official_experiments/multistartlp/official/set_01_pt_01/configs/genconfig_mslp.conf;genconfig_mslp;/dados/rmelo/PDPTW-SE/benchmark_multi_island_v5/official_experiments/multistartlp/official/set_01_pt_01/logs/heur_mslp/gurobi/06R_06V_02I_04M/lr204_grb_genconfig_mslp_seed_41.log;random;06R_06V_02I_04M;1;0;1;/dados/rmelo/PDPTW-SE/benchmark_multi_island_v5/official_experiments/multistartlp/official/set_01_pt_01/../../../../instances/orig_ams_fg/06R_06V_02I_04M/t2/lr204/;60000;2387;0;929.97;13;7;H;50;95;0;100.0;30.0;true;0.95;100.0;1.0;1.0;1.0;1.0;60;M;59874;60000;false;38;0.55;80.27;0.79;19;10;1000000;-1;3600;21.48;0.55;0.79;mslp;heur;0.55;0.79;-1;3600;60000;I;6;0.75;0.17;lr204;0;/dados/rmelo/PDPTW-SE/benchmark_multi_island_v5/official_experiments/multistartlp/official/set_01_pt_01/logs;0;0;0;0.0;99.79;1;41;/dados/rmelo/PDPTW-SE/benchmark_multi_island_v5/official_experiments/multistartlp/official/set_01_pt_01/logs/heur_mslp/solutions/06R_06V_02I_04M/lr204_sol_genconfig_mslp_seed_41.txt;Gurobi;AUTOMATIC;18.25;_bash_2;_seed_41;12887.43;1;4.93;/dados/rmelo/PDPTW-SE/benchmark_multi_island_v5/official_experiments/multistartlp/official/set_01_pt_01/logs/heur_mslp/timelines/06R_06V_02I_04M/lr204_timeline_genconfig_mslp_seed_41.txt;114.16;t2;0;553.06;false
0.05;0.0;0.02;0.02;0.0;0.03;4;/dados/rmelo/PDPTW-SE/benchmark_multi_island_v5/official_experiments/multistartlp/official/set_01_pt_01/logs/heur_mslp/outputs/csvresults_heur_mslp_bash_2.csv;0;3;1;14;0;0.0;0.5;true;8;2;lr205_t2_06R_06V_02I_03M;/dados/rmelo/PDPTW-SE/benchmark_multi_island_v5/official_experiments/multistartlp/official/set_01_pt_01/configs/genconfig_mslp.conf;genconfig_mslp;/dados/rmelo/PDPTW-SE/benchmark_multi_island_v5/official_experiments/multistartlp/official/set_01_pt_01/logs/heur_mslp/gurobi/06R_06V_02I_03M/lr205_grb_genconfig_mslp_seed_41.log;random;06R_06V_02I_03M;1;0;1;/dados/rmelo/PDPTW-SE/benchmark_multi_island_v5/official_experiments/multistartlp/official/set_01_pt_01/../../../../instances/orig_ams_fg/06R_06V_02I_04M/t2/lr205/;60000;10;0;818.24;13;7;H;50;95;0;100.0;30.0;true;0.95;100.0;1.0;1.0;1.0;1.0;60;M;60000;60000;false;52;0.55;104.24;0.83;26;10;1000000;-1;3600;30.78;0.55;0.83;mslp;heur;0.55;0.83;-1;3600;60000;I;6;0.33;0.17;lr205;0;/dados/rmelo/PDPTW-SE/benchmark_multi_island_v5/official_experiments/multistartlp/official/set_01_pt_01/logs;0;0;0;0.0;100.0;1;41;/dados/rmelo/PDPTW-SE/benchmark_multi_island_v5/official_experiments/multistartlp/official/set_01_pt_01/logs/heur_mslp/solutions/06R_06V_02I_03M/lr205_sol_genconfig_mslp_seed_41.txt;Gurobi;AUTOMATIC;18.08;_bash_2;_seed_41;18468.33;1;0.31;/dados/rmelo/PDPTW-SE/benchmark_multi_island_v5/official_experiments/multistartlp/official/set_01_pt_01/logs/heur_mslp/timelines/06R_06V_02I_03M/lr205_timeline_genconfig_mslp_seed_41.txt;92.32;t2;0;551.63;false
0.05;0.0;0.02;0.02;0.0;0.0;5;/dados/rmelo/PDPTW-SE/benchmark_multi_island_v5/official_experiments/multistartlp/official/set_01_pt_01/logs/heur_mslp/outputs/csvresults_heur_mslp_bash_2.csv;0;4;1;14;0;0.0;0.5;true;8;2;lr205_t2_06R_06V_02I_04M;/dados/rmelo/PDPTW-SE/benchmark_multi_island_v5/official_experiments/multistartlp/official/set_01_pt_01/configs/genconfig_mslp.conf;genconfig_mslp;/dados/rmelo/PDPTW-SE/benchmark_multi_island_v5/official_experiments/multistartlp/official/set_01_pt_01/logs/heur_mslp/gurobi/06R_06V_02I_04M/lr205_grb_genconfig_mslp_seed_41.log;random;06R_06V_02I_04M;1;0;1;/dados/rmelo/PDPTW-SE/benchmark_multi_island_v5/official_experiments/multistartlp/official/set_01_pt_01/../../../../instances/orig_ams_fg/06R_06V_02I_04M/t2/lr205/;60000;10;0;820.16;13;7;H;50;95;0;100.0;30.0;true;0.95;100.0;1.0;1.0;1.0;1.0;60;M;60000;60000;false;52;0.55;101.68;0.83;26;10;1000000;-1;3600;30.74;0.55;0.83;mslp;heur;0.55;0.83;-1;3600;60000;I;6;0.25;0.17;lr205;0;/dados/rmelo/PDPTW-SE/benchmark_multi_island_v5/official_experiments/multistartlp/official/set_01_pt_01/logs;0;0;0;0.0;100.0;1;41;/dados/rmelo/PDPTW-SE/benchmark_multi_island_v5/official_experiments/multistartlp/official/set_01_pt_01/logs/heur_mslp/solutions/06R_06V_02I_04M/lr205_sol_genconfig_mslp_seed_41.txt;Gurobi;AUTOMATIC;17.94;_bash_2;_seed_41;18442.41;1;0.3;/dados/rmelo/PDPTW-SE/benchmark_multi_island_v5/official_experiments/multistartlp/official/set_01_pt_01/logs/heur_mslp/timelines/06R_06V_02I_04M/lr205_timeline_genconfig_mslp_seed_41.txt;92.66;t2;0;549.2;false
0.05;0.19;0.27;0.46;0.0;0.12;3;/dados/rmelo/PDPTW-SE/benchmark_multi_island_v5/official_experiments/multistartlp/official/set_01_pt_01/logs/heur_mslp/outputs/csvresults_heur_mslp_bash_2.csv;0;3;1;14;0;0.0;0.5;true;8;2;lr101_t1_06R_06V_04I_03M;/dados/rmelo/PDPTW-SE/benchmark_multi_island_v5/official_experiments/multistartlp/official/set_01_pt_01/configs/genconfig_mslp.conf;genconfig_mslp;/dados/rmelo/PDPTW-SE/benchmark_multi_island_v5/official_experiments/multistartlp/official/set_01_pt_01/logs/heur_mslp/gurobi/06R_06V_04I_03M/lr101_grb_genconfig_mslp_seed_41.log;random;06R_06V_04I_03M;1;55476;1;/dados/rmelo/PDPTW-SE/benchmark_multi_island_v5/official_experiments/multistartlp/official/set_01_pt_01/../../../../instances/orig_ams_fg/06R_06V_04I_04M/t1/lr101/;60000;48;0;947.45;13;7;H;50;95;0;100.0;30.0;true;0.95;100.0;1.0;1.0;1.0;1.0;60;M;4524;4524;false;52;0.85;85.65;0.6;26;10;1000000;-1;3600;14.57;0.57;0.34;mslp;heur;0.29;0.13;-1;3600;60000;I;6;1.0;1.0;lr101;0;/dados/rmelo/PDPTW-SE/benchmark_multi_island_v5/official_experiments/multistartlp/official/set_01_pt_01/logs;0;0;0;92.46;100.0;1;41;/dados/rmelo/PDPTW-SE/benchmark_multi_island_v5/official_experiments/multistartlp/official/set_01_pt_01/logs/heur_mslp/solutions/06R_06V_04I_03M/lr101_sol_genconfig_mslp_seed_41.txt;Gurobi;AUTOMATIC;18.03;_bash_2;_seed_41;659.23;1;0.3;/dados/rmelo/PDPTW-SE/benchmark_multi_island_v5/official_experiments/multistartlp/official/set_01_pt_01/logs/heur_mslp/timelines/06R_06V_04I_03M/lr101_timeline_genconfig_mslp_seed_41.txt;12.41;t1;0;784.7;false
0.05;0.07;0.2;0.27;0.03;0.13;6;/dados/rmelo/PDPTW-SE/benchmark_multi_island_v5/official_experiments/multistartlp/official/set_01_pt_01/logs/heur_mslp/outputs/csvresults_heur_mslp_bash_2.csv;0;4;1;14;0;0.0;0.5;true;8;2;lr101_t1_06R_06V_04I_04M;/dados/rmelo/PDPTW-SE/benchmark_multi_island_v5/official_experiments/multistartlp/official/set_01_pt_01/configs/genconfig_mslp.conf;genconfig_mslp;/dados/rmelo/PDPTW-SE/benchmark_multi_island_v5/official_experiments/multistartlp/official/set_01_pt_01/logs/heur_mslp/gurobi/06R_06V_04I_04M/lr101_grb_genconfig_mslp_seed_41.log;random;06R_06V_04I_04M;1;31836;1;/dados/rmelo/PDPTW-SE/benchmark_multi_island_v5/official_experiments/multistartlp/official/set_01_pt_01/../../../../instances/orig_ams_fg/06R_06V_04I_04M/t1/lr101/;60000;256;0;946.67;13;7;H;50;95;0;100.0;30.0;true;0.95;100.0;1.0;1.0;1.0;1.0;60;M;28164;28164;false;52;0.81;85.65;0.5;26;10;1000000;-1;3600;16.53;0.55;0.31;mslp;heur;0.29;0.17;-1;3600;60000;I;6;1.0;1.0;lr101;0;/dados/rmelo/PDPTW-SE/benchmark_multi_island_v5/official_experiments/multistartlp/official/set_01_pt_01/logs;0;0;0;53.06;100.0;1;41;/dados/rmelo/PDPTW-SE/benchmark_multi_island_v5/official_experiments/multistartlp/official/set_01_pt_01/logs/heur_mslp/solutions/06R_06V_04I_04M/lr101_sol_genconfig_mslp_seed_41.txt;Gurobi;AUTOMATIC;18.21;_bash_2;_seed_41;4655.22;1;0.5;/dados/rmelo/PDPTW-SE/benchmark_multi_island_v5/official_experiments/multistartlp/official/set_01_pt_01/logs/heur_mslp/timelines/06R_06V_04I_04M/lr101_timeline_genconfig_mslp_seed_41.txt;48.49;t1;0;757.4;false
0.05;0.07;0.34;0.41;0.01;0.04;2;/dados/rmelo/PDPTW-SE/benchmark_multi_island_v5/official_experiments/multistartlp/official/set_01_pt_01/logs/heur_mslp/outputs/csvresults_heur_mslp_bash_2.csv;0;3;1;14;0;0.0;0.5;true;8;2;lr102_t1_06R_06V_04I_03M;/dados/rmelo/PDPTW-SE/benchmark_multi_island_v5/official_experiments/multistartlp/official/set_01_pt_01/configs/genconfig_mslp.conf;genconfig_mslp;/dados/rmelo/PDPTW-SE/benchmark_multi_island_v5/official_experiments/multistartlp/official/set_01_pt_01/logs/heur_mslp/gurobi/06R_06V_04I_03M/lr102_grb_genconfig_mslp_seed_41.log;random;06R_06V_04I_03M;1;40947;1;/dados/rmelo/PDPTW-SE/benchmark_multi_island_v5/official_experiments/multistartlp/official/set_01_pt_01/../../../../instances/orig_ams_fg/06R_06V_04I_04M/t1/lr102/;60000;37;0;817.59;13;7;H;50;95;0;100.0;30.0;true;0.95;100.0;1.0;1.0;1.0;1.0;60;M;19053;19053;false;58;0.94;70.66;0.95;29;10;1000000;-1;3600;11.32;0.89;0.66;mslp;heur;0.85;0.5;-1;3600;60000;I;6;1.0;0.5;lr102;0;/dados/rmelo/PDPTW-SE/benchmark_multi_island_v5/official_experiments/multistartlp/official/set_01_pt_01/logs;0;0;0;68.24;100.0;1;41;/dados/rmelo/PDPTW-SE/benchmark_multi_island_v5/official_experiments/multistartlp/official/set_01_pt_01/logs/heur_mslp/solutions/06R_06V_04I_03M/lr102_sol_genconfig_mslp_seed_41.txt;Gurobi;AUTOMATIC;17.99;_bash_2;_seed_41;2156.5;1;0.32;/dados/rmelo/PDPTW-SE/benchmark_multi_island_v5/official_experiments/multistartlp/official/set_01_pt_01/logs/heur_mslp/timelines/06R_06V_04I_03M/lr102_timeline_genconfig_mslp_seed_41.txt;38.53;t1;0;619.93;false
0.05;0.0;0.33;0.33;0.01;0.04;1;/dados/rmelo/PDPTW-SE/benchmark_multi_island_v5/official_experiments/multistartlp/official/set_01_pt_01/logs/heur_mslp/outputs/csvresults_heur_mslp_bash_2.csv;0;4;1;14;0;0.0;0.5;true;8;2;lr102_t1_06R_06V_04I_04M;/dados/rmelo/PDPTW-SE/benchmark_multi_island_v5/official_experiments/multistartlp/official/set_01_pt_01/configs/genconfig_mslp.conf;genconfig_mslp;/dados/rmelo/PDPTW-SE/benchmark_multi_island_v5/official_experiments/multistartlp/official/set_01_pt_01/logs/heur_mslp/gurobi/06R_06V_04I_04M/lr102_grb_genconfig_mslp_seed_41.log;random;06R_06V_04I_04M;1;904;1;/dados/rmelo/PDPTW-SE/benchmark_multi_island_v5/official_experiments/multistartlp/official/set_01_pt_01/../../../../instances/orig_ams_fg/06R_06V_04I_04M/t1/lr102/;60000;1;0;807.9;13;7;H;50;95;0;100.0;30.0;true;0.95;100.0;1.0;1.0;1.0;1.0;60;M;59096;59096;false;58;0.98;70.66;0.95;29;10;1000000;-1;3600;13.45;0.88;0.53;mslp;heur;0.81;0.1;-1;3600;60000;I;6;0.75;0.5;lr102;0;/dados/rmelo/PDPTW-SE/benchmark_multi_island_v5/official_experiments/multistartlp/official/set_01_pt_01/logs;0;0;0;1.51;100.0;1;41;/dados/rmelo/PDPTW-SE/benchmark_multi_island_v5/official_experiments/multistartlp/official/set_01_pt_01/logs/heur_mslp/solutions/06R_06V_04I_04M/lr102_sol_genconfig_mslp_seed_41.txt;Gurobi;AUTOMATIC;18.2;_bash_2;_seed_41;7950.42;1;0.0;/dados/rmelo/PDPTW-SE/benchmark_multi_island_v5/official_experiments/multistartlp/official/set_01_pt_01/logs/heur_mslp/timelines/06R_06V_04I_04M/lr102_timeline_genconfig_mslp_seed_41.txt;104.65;t1;0;613.22;false
0.05;0.0;0.24;0.24;0.0;0.0;1;/dados/rmelo/PDPTW-SE/benchmark_multi_island_v5/official_experiments/multistartlp/official/set_01_pt_01/logs/heur_mslp/outputs/csvresults_heur_mslp_bash_2.csv;0;3;1;14;0;0.0;0.5;true;8;2;lr103_t1_06R_06V_04I_03M;/dados/rmelo/PDPTW-SE/benchmark_multi_island_v5/official_experiments/multistartlp/official/set_01_pt_01/configs/genconfig_mslp.conf;genconfig_mslp;/dados/rmelo/PDPTW-SE/benchmark_multi_island_v5/official_experiments/multistartlp/official/set_01_pt_01/logs/heur_mslp/gurobi/06R_06V_04I_03M/lr103_grb_genconfig_mslp_seed_41.log;random;06R_06V_04I_03M;1;0;1;/dados/rmelo/PDPTW-SE/benchmark_multi_island_v5/official_experiments/multistartlp/official/set_01_pt_01/../../../../instances/orig_ams_fg/06R_06V_04I_04M/t1/lr103/;60000;1;0;595.24;13;7;H;50;95;0;100.0;30.0;true;0.95;100.0;1.0;1.0;1.0;1.0;60;M;60000;60000;false;38;0.86;71.73;0.73;19;10;1000000;-1;3600;19.22;0.65;0.5;mslp;heur;0.43;0.18;-1;3600;60000;I;6;0.67;0.5;lr103;0;/dados/rmelo/PDPTW-SE/benchmark_multi_island_v5/official_experiments/multistartlp/official/set_01_pt_01/logs;0;0;0;0.0;100.0;1;41;/dados/rmelo/PDPTW-SE/benchmark_multi_island_v5/official_experiments/multistartlp/official/set_01_pt_01/logs/heur_mslp/solutions/06R_06V_04I_03M/lr103_sol_genconfig_mslp_seed_41.txt;Gurobi;AUTOMATIC;18.18;_bash_2;_seed_41;11531.68;1;0.0;/dados/rmelo/PDPTW-SE/benchmark_multi_island_v5/official_experiments/multistartlp/official/set_01_pt_01/logs/heur_mslp/timelines/06R_06V_04I_03M/lr103_timeline_genconfig_mslp_seed_41.txt;98.1;t1;0;448.87;false
0.05;0.02;0.16;0.18;0.0;0.0;1;/dados/rmelo/PDPTW-SE/benchmark_multi_island_v5/official_experiments/multistartlp/official/set_01_pt_01/logs/heur_mslp/outputs/csvresults_heur_mslp_bash_2.csv;0;4;1;14;0;0.0;0.5;true;8;2;lr103_t1_06R_06V_04I_04M;/dados/rmelo/PDPTW-SE/benchmark_multi_island_v5/official_experiments/multistartlp/official/set_01_pt_01/configs/genconfig_mslp.conf;genconfig_mslp;/dados/rmelo/PDPTW-SE/benchmark_multi_island_v5/official_experiments/multistartlp/official/set_01_pt_01/logs/heur_mslp/gurobi/06R_06V_04I_04M/lr103_grb_genconfig_mslp_seed_41.log;random;06R_06V_04I_04M;1;0;1;/dados/rmelo/PDPTW-SE/benchmark_multi_island_v5/official_experiments/multistartlp/official/set_01_pt_01/../../../../instances/orig_ams_fg/06R_06V_04I_04M/t1/lr103/;60000;1;0;593.24;13;7;H;50;95;0;100.0;30.0;true;0.95;100.0;1.0;1.0;1.0;1.0;60;M;60000;60000;false;38;0.86;71.73;0.73;19;10;1000000;-1;3600;19.3;0.65;0.5;mslp;heur;0.42;0.18;-1;3600;60000;I;6;0.75;0.5;lr103;0;/dados/rmelo/PDPTW-SE/benchmark_multi_island_v5/official_experiments/multistartlp/official/set_01_pt_01/logs;0;0;0;0.0;100.0;1;41;/dados/rmelo/PDPTW-SE/benchmark_multi_island_v5/official_experiments/multistartlp/official/set_01_pt_01/logs/heur_mslp/solutions/06R_06V_04I_04M/lr103_sol_genconfig_mslp_seed_41.txt;Gurobi;AUTOMATIC;18.06;_bash_2;_seed_41;11577.23;1;0.0;/dados/rmelo/PDPTW-SE/benchmark_multi_island_v5/official_experiments/multistartlp/official/set_01_pt_01/logs/heur_mslp/timelines/06R_06V_04I_04M/lr103_timeline_genconfig_mslp_seed_41.txt;100.12;t1;0;446.87;false
0.05;0.07;0.19;0.26;0.0;0.01;6;/dados/rmelo/PDPTW-SE/benchmark_multi_island_v5/official_experiments/multistartlp/official/set_01_pt_01/logs/heur_mslp/outputs/csvresults_heur_mslp_bash_2.csv;0;3;1;14;0;0.0;0.5;true;8;2;lr104_t1_06R_06V_04I_03M;/dados/rmelo/PDPTW-SE/benchmark_multi_island_v5/official_experiments/multistartlp/official/set_01_pt_01/configs/genconfig_mslp.conf;genconfig_mslp;/dados/rmelo/PDPTW-SE/benchmark_multi_island_v5/official_experiments/multistartlp/official/set_01_pt_01/logs/heur_mslp/gurobi/06R_06V_04I_03M/lr104_grb_genconfig_mslp_seed_41.log;random;06R_06V_04I_03M;1;0;1;/dados/rmelo/PDPTW-SE/benchmark_multi_island_v5/official_experiments/multistartlp/official/set_01_pt_01/../../../../instances/orig_ams_fg/06R_06V_04I_04M/t1/lr104/;60000;11;0;546.49;13;7;H;50;95;0;100.0;30.0;true;0.95;100.0;1.0;1.0;1.0;1.0;60;M;60000;60000;false;40;0.86;68.79;0.77;20;10;1000000;-1;3600;11.22;0.68;0.62;mslp;heur;0.46;0.36;-1;3600;60000;I;6;1.0;0.5;lr104;0;/dados/rmelo/PDPTW-SE/benchmark_multi_island_v5/official_experiments/multistartlp/official/set_01_pt_01/logs;0;0;0;0.0;100.0;1;41;/dados/rmelo/PDPTW-SE/benchmark_multi_island_v5/official_experiments/multistartlp/official/set_01_pt_01/logs/heur_mslp/solutions/06R_06V_04I_03M/lr104_sol_genconfig_mslp_seed_41.txt;Gurobi;AUTOMATIC;17.84;_bash_2;_seed_41;6730.1;1;0.3;/dados/rmelo/PDPTW-SE/benchmark_multi_island_v5/official_experiments/multistartlp/official/set_01_pt_01/logs/heur_mslp/timelines/06R_06V_04I_03M/lr104_timeline_genconfig_mslp_seed_41.txt;97.52;t1;0;469.54;false
0.05;0.04;0.14;0.18;0.0;0.01;6;/dados/rmelo/PDPTW-SE/benchmark_multi_island_v5/official_experiments/multistartlp/official/set_01_pt_01/logs/heur_mslp/outputs/csvresults_heur_mslp_bash_2.csv;0;4;1;14;0;0.0;0.5;true;8;2;lr104_t1_06R_06V_04I_04M;/dados/rmelo/PDPTW-SE/benchmark_multi_island_v5/official_experiments/multistartlp/official/set_01_pt_01/configs/genconfig_mslp.conf;genconfig_mslp;/dados/rmelo/PDPTW-SE/benchmark_multi_island_v5/official_experiments/multistartlp/official/set_01_pt_01/logs/heur_mslp/gurobi/06R_06V_04I_04M/lr104_grb_genconfig_mslp_seed_41.log;random;06R_06V_04I_04M;1;0;1;/dados/rmelo/PDPTW-SE/benchmark_multi_island_v5/official_experiments/multistartlp/official/set_01_pt_01/../../../../instances/orig_ams_fg/06R_06V_04I_04M/t1/lr104/;60000;11;0;542.47;13;7;H;50;95;0;100.0;30.0;true;0.95;100.0;1.0;1.0;1.0;1.0;60;M;60000;60000;false;40;0.85;68.79;0.77;20;10;1000000;-1;3600;11.9;0.67;0.62;mslp;heur;0.46;0.36;-1;3600;60000;I;6;1.0;0.5;lr104;0;/dados/rmelo/PDPTW-SE/benchmark_multi_island_v5/official_experiments/multistartlp/official/set_01_pt_01/logs;0;0;0;0.0;100.0;1;41;/dados/rmelo/PDPTW-SE/benchmark_multi_island_v5/official_experiments/multistartlp/official/set_01_pt_01/logs/heur_mslp/solutions/06R_06V_04I_04M/lr104_sol_genconfig_mslp_seed_41.txt;Gurobi;AUTOMATIC;18.04;_bash_2;_seed_41;7141.56;1;0.3;/dados/rmelo/PDPTW-SE/benchmark_multi_island_v5/official_experiments/multistartlp/official/set_01_pt_01/logs/heur_mslp/timelines/06R_06V_04I_04M/lr104_timeline_genconfig_mslp_seed_41.txt;100.92;t1;0;465.1;false
0.05;0.13;0.25;0.38;0.0;0.02;5;/dados/rmelo/PDPTW-SE/benchmark_multi_island_v5/official_experiments/multistartlp/official/set_01_pt_01/logs/heur_mslp/outputs/csvresults_heur_mslp_bash_2.csv;0;3;1;14;0;0.0;0.5;true;8;2;lr105_t1_06R_06V_04I_03M;/dados/rmelo/PDPTW-SE/benchmark_multi_island_v5/official_experiments/multistartlp/official/set_01_pt_01/configs/genconfig_mslp.conf;genconfig_mslp;/dados/rmelo/PDPTW-SE/benchmark_multi_island_v5/official_experiments/multistartlp/official/set_01_pt_01/logs/heur_mslp/gurobi/06R_06V_04I_03M/lr105_grb_genconfig_mslp_seed_41.log;random;06R_06V_04I_03M;1;43092;1;/dados/rmelo/PDPTW-SE/benchmark_multi_island_v5/official_experiments/multistartlp/official/set_01_pt_01/../../../../instances/orig_ams_fg/06R_06V_04I_04M/t1/lr105/;60000;32;0;808.52;13;7;H;50;95;0;100.0;30.0;true;0.95;100.0;1.0;1.0;1.0;1.0;60;M;16908;16908;false;52;0.71;85.31;0.88;26;10;1000000;-1;3600;15.83;0.57;0.49;mslp;heur;0.36;0.16;-1;3600;60000;I;6;1.0;0.67;lr105;0;/dados/rmelo/PDPTW-SE/benchmark_multi_island_v5/official_experiments/multistartlp/official/set_01_pt_01/logs;0;0;0;71.82;100.0;1;41;/dados/rmelo/PDPTW-SE/benchmark_multi_island_v5/official_experiments/multistartlp/official/set_01_pt_01/logs/heur_mslp/solutions/06R_06V_04I_03M/lr105_sol_genconfig_mslp_seed_41.txt;Gurobi;AUTOMATIC;18.24;_bash_2;_seed_41;2677.12;1;0.31;/dados/rmelo/PDPTW-SE/benchmark_multi_island_v5/official_experiments/multistartlp/official/set_01_pt_01/logs/heur_mslp/timelines/06R_06V_04I_03M/lr105_timeline_genconfig_mslp_seed_41.txt;33.51;t1;0;521.52;false
0.05;0.07;0.18;0.25;0.0;0.02;7;/dados/rmelo/PDPTW-SE/benchmark_multi_island_v5/official_experiments/multistartlp/official/set_01_pt_01/logs/heur_mslp/outputs/csvresults_heur_mslp_bash_2.csv;0;4;1;14;0;0.0;0.5;true;8;2;lr105_t1_06R_06V_04I_04M;/dados/rmelo/PDPTW-SE/benchmark_multi_island_v5/official_experiments/multistartlp/official/set_01_pt_01/configs/genconfig_mslp.conf;genconfig_mslp;/dados/rmelo/PDPTW-SE/benchmark_multi_island_v5/official_experiments/multistartlp/official/set_01_pt_01/logs/heur_mslp/gurobi/06R_06V_04I_04M/lr105_grb_genconfig_mslp_seed_41.log;random;06R_06V_04I_04M;1;0;1;/dados/rmelo/PDPTW-SE/benchmark_multi_island_v5/official_experiments/multistartlp/official/set_01_pt_01/../../../../instances/orig_ams_fg/06R_06V_04I_04M/t1/lr105/;60000;229;0;754.54;13;7;H;50;95;0;100.0;30.0;true;0.95;100.0;1.0;1.0;1.0;1.0;60;M;60000;60000;false;52;0.69;85.31;0.88;26;10;1000000;-1;3600;18.47;0.56;0.49;mslp;heur;0.37;0.16;-1;3600;60000;I;6;1.0;0.67;lr105;0;/dados/rmelo/PDPTW-SE/benchmark_multi_island_v5/official_experiments/multistartlp/official/set_01_pt_01/logs;0;0;0;0.0;100.0;1;41;/dados/rmelo/PDPTW-SE/benchmark_multi_island_v5/official_experiments/multistartlp/official/set_01_pt_01/logs/heur_mslp/solutions/06R_06V_04I_04M/lr105_sol_genconfig_mslp_seed_41.txt;Gurobi;AUTOMATIC;18.16;_bash_2;_seed_41;11081.53;1;0.71;/dados/rmelo/PDPTW-SE/benchmark_multi_island_v5/official_experiments/multistartlp/official/set_01_pt_01/logs/heur_mslp/timelines/06R_06V_04I_04M/lr105_timeline_genconfig_mslp_seed_41.txt;101.36;t1;0;513.23;false
0.05;0.01;0.06;0.07;0.11;0.34;4;/dados/rmelo/PDPTW-SE/benchmark_multi_island_v5/official_experiments/multistartlp/official/set_01_pt_01/logs/heur_mslp/outputs/csvresults_heur_mslp_bash_2.csv;0;3;1;14;0;0.0;0.5;true;8;2;lr201_t2_06R_06V_04I_03M;/dados/rmelo/PDPTW-SE/benchmark_multi_island_v5/official_experiments/multistartlp/official/set_01_pt_01/configs/genconfig_mslp.conf;genconfig_mslp;/dados/rmelo/PDPTW-SE/benchmark_multi_island_v5/official_experiments/multistartlp/official/set_01_pt_01/logs/heur_mslp/gurobi/06R_06V_04I_03M/lr201_grb_genconfig_mslp_seed_41.log;random;06R_06V_04I_03M;1;0;1;/dados/rmelo/PDPTW-SE/benchmark_multi_island_v5/official_experiments/multistartlp/official/set_01_pt_01/../../../../instances/orig_ams_fg/06R_06V_04I_04M/t2/lr201/;60000;5;0;1203.31;13;7;H;50;95;0;100.0;30.0;true;0.95;100.0;1.0;1.0;1.0;1.0;60;M;60000;60000;false;52;0.72;76.3;0.87;26;10;1000000;-1;3600;23.32;0.45;0.73;mslp;heur;0.18;0.59;-1;3600;60000;I;6;1.0;0.33;lr201;0;/dados/rmelo/PDPTW-SE/benchmark_multi_island_v5/official_experiments/multistartlp/official/set_01_pt_01/logs;0;0;0;0.0;100.0;1;41;/dados/rmelo/PDPTW-SE/benchmark_multi_island_v5/official_experiments/multistartlp/official/set_01_pt_01/logs/heur_mslp/solutions/06R_06V_04I_03M/lr201_sol_genconfig_mslp_seed_41.txt;Gurobi;AUTOMATIC;18.34;_bash_2;_seed_41;13993.32;1;0.34;/dados/rmelo/PDPTW-SE/benchmark_multi_island_v5/official_experiments/multistartlp/official/set_01_pt_01/logs/heur_mslp/timelines/06R_06V_04I_03M/lr201_timeline_genconfig_mslp_seed_41.txt;99.36;t2;0;903.79;false
0.05;0.02;0.04;0.06;0.12;0.31;5;/dados/rmelo/PDPTW-SE/benchmark_multi_island_v5/official_experiments/multistartlp/official/set_01_pt_01/logs/heur_mslp/outputs/csvresults_heur_mslp_bash_2.csv;0;4;1;14;0;0.0;0.5;true;8;2;lr201_t2_06R_06V_04I_04M;/dados/rmelo/PDPTW-SE/benchmark_multi_island_v5/official_experiments/multistartlp/official/set_01_pt_01/configs/genconfig_mslp.conf;genconfig_mslp;/dados/rmelo/PDPTW-SE/benchmark_multi_island_v5/official_experiments/multistartlp/official/set_01_pt_01/logs/heur_mslp/gurobi/06R_06V_04I_04M/lr201_grb_genconfig_mslp_seed_41.log;random;06R_06V_04I_04M;1;0;1;/dados/rmelo/PDPTW-SE/benchmark_multi_island_v5/official_experiments/multistartlp/official/set_01_pt_01/../../../../instances/orig_ams_fg/06R_06V_04I_04M/t2/lr201/;60000;154;0;1203.31;13;7;H;50;95;0;100.0;30.0;true;0.95;100.0;1.0;1.0;1.0;1.0;60;M;60000;60000;false;52;0.65;76.01;0.87;26;10;1000000;-1;3600;23.28;0.45;0.67;mslp;heur;0.25;0.47;-1;3600;60000;I;6;1.0;0.33;lr201;0;/dados/rmelo/PDPTW-SE/benchmark_multi_island_v5/official_experiments/multistartlp/official/set_01_pt_01/logs;0;0;0;0.0;100.0;1;41;/dados/rmelo/PDPTW-SE/benchmark_multi_island_v5/official_experiments/multistartlp/official/set_01_pt_01/logs/heur_mslp/solutions/06R_06V_04I_04M/lr201_sol_genconfig_mslp_seed_41.txt;Gurobi;AUTOMATIC;18.34;_bash_2;_seed_41;13967.67;1;0.55;/dados/rmelo/PDPTW-SE/benchmark_multi_island_v5/official_experiments/multistartlp/official/set_01_pt_01/logs/heur_mslp/timelines/06R_06V_04I_04M/lr201_timeline_genconfig_mslp_seed_41.txt;102.73;t2;0;895.88;false
0.05;0.01;0.05;0.06;0.0;0.0;4;/dados/rmelo/PDPTW-SE/benchmark_multi_island_v5/official_experiments/multistartlp/official/set_01_pt_01/logs/heur_mslp/outputs/csvresults_heur_mslp_bash_2.csv;0;3;1;14;0;0.0;0.5;true;8;2;lr202_t2_06R_06V_04I_03M;/dados/rmelo/PDPTW-SE/benchmark_multi_island_v5/official_experiments/multistartlp/official/set_01_pt_01/configs/genconfig_mslp.conf;genconfig_mslp;/dados/rmelo/PDPTW-SE/benchmark_multi_island_v5/official_experiments/multistartlp/official/set_01_pt_01/logs/heur_mslp/gurobi/06R_06V_04I_03M/lr202_grb_genconfig_mslp_seed_41.log;random;06R_06V_04I_03M;1;0;1;/dados/rmelo/PDPTW-SE/benchmark_multi_island_v5/official_experiments/multistartlp/official/set_01_pt_01/../../../../instances/orig_ams_fg/06R_06V_04I_04M/t2/lr202/;60000;30;0;858.06;13;7;H;50;95;0;100.0;30.0;true;0.95;100.0;1.0;1.0;1.0;1.0;60;M;60000;60000;false;38;0.55;90.37;0.74;19;10;1000000;-1;3600;27.16;0.55;0.74;mslp;heur;0.55;0.74;-1;3600;60000;I;6;1.0;0.17;lr202;0;/dados/rmelo/PDPTW-SE/benchmark_multi_island_v5/official_experiments/multistartlp/official/set_01_pt_01/logs;0;0;0;0.0;100.0;1;41;/dados/rmelo/PDPTW-SE/benchmark_multi_island_v5/official_experiments/multistartlp/official/set_01_pt_01/logs/heur_mslp/solutions/06R_06V_04I_03M/lr202_sol_genconfig_mslp_seed_41.txt;Gurobi;AUTOMATIC;18.35;_bash_2;_seed_41;16297.25;1;0.35;/dados/rmelo/PDPTW-SE/benchmark_multi_island_v5/official_experiments/multistartlp/official/set_01_pt_01/logs/heur_mslp/timelines/06R_06V_04I_03M/lr202_timeline_genconfig_mslp_seed_41.txt;110.68;t2;0;547.87;false
0.05;0.01;0.04;0.05;0.0;0.0;4;/dados/rmelo/PDPTW-SE/benchmark_multi_island_v5/official_experiments/multistartlp/official/set_01_pt_01/logs/heur_mslp/outputs/csvresults_heur_mslp_bash_2.csv;0;4;1;14;0;0.0;0.5;true;8;2;lr202_t2_06R_06V_04I_04M;/dados/rmelo/PDPTW-SE/benchmark_multi_island_v5/official_experiments/multistartlp/official/set_01_pt_01/configs/genconfig_mslp.conf;genconfig_mslp;/dados/rmelo/PDPTW-SE/benchmark_multi_island_v5/official_experiments/multistartlp/official/set_01_pt_01/logs/heur_mslp/gurobi/06R_06V_04I_04M/lr202_grb_genconfig_mslp_seed_41.log;random;06R_06V_04I_04M;1;0;1;/dados/rmelo/PDPTW-SE/benchmark_multi_island_v5/official_experiments/multistartlp/official/set_01_pt_01/../../../../instances/orig_ams_fg/06R_06V_04I_04M/t2/lr202/;60000;30;0;857.52;13;7;H;50;95;0;100.0;30.0;true;0.95;100.0;1.0;1.0;1.0;1.0;60;M;60000;60000;false;38;0.55;88.29;0.74;19;10;1000000;-1;3600;27.27;0.55;0.74;mslp;heur;0.55;0.74;-1;3600;60000;I;6;1.0;0.17;lr202;0;/dados/rmelo/PDPTW-SE/benchmark_multi_island_v5/official_experiments/multistartlp/official/set_01_pt_01/logs;0;0;0;0.0;100.0;1;41;/dados/rmelo/PDPTW-SE/benchmark_multi_island_v5/official_experiments/multistartlp/official/set_01_pt_01/logs/heur_mslp/solutions/06R_06V_04I_04M/lr202_sol_genconfig_mslp_seed_41.txt;Gurobi;AUTOMATIC;18.35;_bash_2;_seed_41;16360.32;1;0.35;/dados/rmelo/PDPTW-SE/benchmark_multi_island_v5/official_experiments/multistartlp/official/set_01_pt_01/logs/heur_mslp/timelines/06R_06V_04I_04M/lr202_timeline_genconfig_mslp_seed_41.txt;112.12;t2;0;547.87;false
0.05;0.03;0.12;0.14;0.06;0.01;6;/dados/rmelo/PDPTW-SE/benchmark_multi_island_v5/official_experiments/multistartlp/official/set_01_pt_01/logs/heur_mslp/outputs/csvresults_heur_mslp_bash_2.csv;0;3;1;14;0;0.0;0.5;true;8;2;lr203_t2_06R_06V_04I_03M;/dados/rmelo/PDPTW-SE/benchmark_multi_island_v5/official_experiments/multistartlp/official/set_01_pt_01/configs/genconfig_mslp.conf;genconfig_mslp;/dados/rmelo/PDPTW-SE/benchmark_multi_island_v5/official_experiments/multistartlp/official/set_01_pt_01/logs/heur_mslp/gurobi/06R_06V_04I_03M/lr203_grb_genconfig_mslp_seed_41.log;random;06R_06V_04I_03M;1;0;1;/dados/rmelo/PDPTW-SE/benchmark_multi_island_v5/official_experiments/multistartlp/official/set_01_pt_01/../../../../instances/orig_ams_fg/06R_06V_04I_04M/t2/lr203/;60000;34;0;1550.52;13;7;H;50;95;0;100.0;30.0;true;0.95;100.0;1.0;1.0;1.0;1.0;60;M;60000;60000;false;32;0.69;82.48;1.0;16;10;1000000;-1;3600;27.74;0.69;1.0;mslp;heur;0.69;1.0;-1;3600;60000;I;6;0.67;0.17;lr203;0;/dados/rmelo/PDPTW-SE/benchmark_multi_island_v5/official_experiments/multistartlp/official/set_01_pt_01/logs;0;0;0;0.0;100.0;1;41;/dados/rmelo/PDPTW-SE/benchmark_multi_island_v5/official_experiments/multistartlp/official/set_01_pt_01/logs/heur_mslp/solutions/06R_06V_04I_03M/lr203_sol_genconfig_mslp_seed_41.txt;Gurobi;AUTOMATIC;18.22;_bash_2;_seed_41;16645.54;1;0.35;/dados/rmelo/PDPTW-SE/benchmark_multi_island_v5/official_experiments/multistartlp/official/set_01_pt_01/logs/heur_mslp/timelines/06R_06V_04I_03M/lr203_timeline_genconfig_mslp_seed_41.txt;112.76;t2;0;685.01;false
0.05;0.01;0.08;0.09;0.06;0.01;6;/dados/rmelo/PDPTW-SE/benchmark_multi_island_v5/official_experiments/multistartlp/official/set_01_pt_01/logs/heur_mslp/outputs/csvresults_heur_mslp_bash_2.csv;0;4;1;14;0;0.0;0.5;true;8;2;lr203_t2_06R_06V_04I_04M;/dados/rmelo/PDPTW-SE/benchmark_multi_island_v5/official_experiments/multistartlp/official/set_01_pt_01/configs/genconfig_mslp.conf;genconfig_mslp;/dados/rmelo/PDPTW-SE/benchmark_multi_island_v5/official_experiments/multistartlp/official/set_01_pt_01/logs/heur_mslp/gurobi/06R_06V_04I_04M/lr203_grb_genconfig_mslp_seed_41.log;random;06R_06V_04I_04M;1;0;1;/dados/rmelo/PDPTW-SE/benchmark_multi_island_v5/official_experiments/multistartlp/official/set_01_pt_01/../../../../instances/orig_ams_fg/06R_06V_04I_04M/t2/lr203/;60000;34;0;1550.52;13;7;H;50;95;0;100.0;30.0;true;0.95;100.0;1.0;1.0;1.0;1.0;60;M;60000;60000;false;32;0.68;81.38;1.0;16;10;1000000;-1;3600;30.53;0.68;1.0;mslp;heur;0.68;1.0;-1;3600;60000;I;6;0.75;0.17;lr203;0;/dados/rmelo/PDPTW-SE/benchmark_multi_island_v5/official_experiments/multistartlp/official/set_01_pt_01/logs;0;0;0;0.0;100.0;1;41;/dados/rmelo/PDPTW-SE/benchmark_multi_island_v5/official_experiments/multistartlp/official/set_01_pt_01/logs/heur_mslp/solutions/06R_06V_04I_04M/lr203_sol_genconfig_mslp_seed_41.txt;Gurobi;AUTOMATIC;18.04;_bash_2;_seed_41;18320.2;1;0.35;/dados/rmelo/PDPTW-SE/benchmark_multi_island_v5/official_experiments/multistartlp/official/set_01_pt_01/logs/heur_mslp/timelines/06R_06V_04I_04M/lr203_timeline_genconfig_mslp_seed_41.txt;114.02;t2;0;681.89;false
0.05;0.04;0.07;0.11;0.0;0.0;8;/dados/rmelo/PDPTW-SE/benchmark_multi_island_v5/official_experiments/multistartlp/official/set_01_pt_01/logs/heur_mslp/outputs/csvresults_heur_mslp_bash_2.csv;0;3;1;14;0;0.0;0.5;true;8;2;lr204_t2_06R_06V_04I_03M;/dados/rmelo/PDPTW-SE/benchmark_multi_island_v5/official_experiments/multistartlp/official/set_01_pt_01/configs/genconfig_mslp.conf;genconfig_mslp;/dados/rmelo/PDPTW-SE/benchmark_multi_island_v5/official_experiments/multistartlp/official/set_01_pt_01/logs/heur_mslp/gurobi/06R_06V_04I_03M/lr204_grb_genconfig_mslp_seed_41.log;random;06R_06V_04I_03M;1;0;1;/dados/rmelo/PDPTW-SE/benchmark_multi_island_v5/official_experiments/multistartlp/official/set_01_pt_01/../../../../instances/orig_ams_fg/06R_06V_04I_04M/t2/lr204/;60000;2794;0;975.46;13;7;H;50;95;0;100.0;30.0;true;0.95;100.0;1.0;1.0;1.0;1.0;60;M;60000;60000;false;38;0.42;82.37;0.82;19;10;1000000;-1;3600;21.61;0.31;0.55;mslp;heur;0.19;0.28;-1;3600;60000;I;6;1.0;0.33;lr204;0;/dados/rmelo/PDPTW-SE/benchmark_multi_island_v5/official_experiments/multistartlp/official/set_01_pt_01/logs;0;0;0;0.0;100.0;1;41;/dados/rmelo/PDPTW-SE/benchmark_multi_island_v5/official_experiments/multistartlp/official/set_01_pt_01/logs/heur_mslp/solutions/06R_06V_04I_03M/lr204_sol_genconfig_mslp_seed_41.txt;Gurobi;AUTOMATIC;18.28;_bash_2;_seed_41;12964.74;1;6.35;/dados/rmelo/PDPTW-SE/benchmark_multi_island_v5/official_experiments/multistartlp/official/set_01_pt_01/logs/heur_mslp/timelines/06R_06V_04I_03M/lr204_timeline_genconfig_mslp_seed_41.txt;129.02;t2;0;610.47;false
0.05;0.01;0.05;0.06;0.0;0.0;6;/dados/rmelo/PDPTW-SE/benchmark_multi_island_v5/official_experiments/multistartlp/official/set_01_pt_01/logs/heur_mslp/outputs/csvresults_heur_mslp_bash_2.csv;0;4;1;14;0;0.0;0.5;true;8;2;lr204_t2_06R_06V_04I_04M;/dados/rmelo/PDPTW-SE/benchmark_multi_island_v5/official_experiments/multistartlp/official/set_01_pt_01/configs/genconfig_mslp.conf;genconfig_mslp;/dados/rmelo/PDPTW-SE/benchmark_multi_island_v5/official_experiments/multistartlp/official/set_01_pt_01/logs/heur_mslp/gurobi/06R_06V_04I_04M/lr204_grb_genconfig_mslp_seed_41.log;random;06R_06V_04I_04M;1;0;1;/dados/rmelo/PDPTW-SE/benchmark_multi_island_v5/official_experiments/multistartlp/official/set_01_pt_01/../../../../instances/orig_ams_fg/06R_06V_04I_04M/t2/lr204/;60000;3749;0;975.46;13;7;H;50;95;0;100.0;30.0;true;0.95;100.0;1.0;1.0;1.0;1.0;60;M;60000;60000;false;38;0.41;82.37;0.82;19;10;1000000;-1;3600;22.36;0.3;0.53;mslp;heur;0.19;0.24;-1;3600;60000;I;6;1.0;0.33;lr204;0;/dados/rmelo/PDPTW-SE/benchmark_multi_island_v5/official_experiments/multistartlp/official/set_01_pt_01/logs;0;0;0;0.0;100.0;1;41;/dados/rmelo/PDPTW-SE/benchmark_multi_island_v5/official_experiments/multistartlp/official/set_01_pt_01/logs/heur_mslp/solutions/06R_06V_04I_04M/lr204_sol_genconfig_mslp_seed_41.txt;Gurobi;AUTOMATIC;18.15;_bash_2;_seed_41;13415.56;1;8.96;/dados/rmelo/PDPTW-SE/benchmark_multi_island_v5/official_experiments/multistartlp/official/set_01_pt_01/logs/heur_mslp/timelines/06R_06V_04I_04M/lr204_timeline_genconfig_mslp_seed_41.txt;134.87;t2;0;601.61;false
0.05;0.02;0.05;0.07;0.0;0.0;8;/dados/rmelo/PDPTW-SE/benchmark_multi_island_v5/official_experiments/multistartlp/official/set_01_pt_01/logs/heur_mslp/outputs/csvresults_heur_mslp_bash_2.csv;0;3;1;14;0;0.0;0.5;true;8;2;lr205_t2_06R_06V_04I_03M;/dados/rmelo/PDPTW-SE/benchmark_multi_island_v5/official_experiments/multistartlp/official/set_01_pt_01/configs/genconfig_mslp.conf;genconfig_mslp;/dados/rmelo/PDPTW-SE/benchmark_multi_island_v5/official_experiments/multistartlp/official/set_01_pt_01/logs/heur_mslp/gurobi/06R_06V_04I_03M/lr205_grb_genconfig_mslp_seed_41.log;random;06R_06V_04I_03M;1;0;1;/dados/rmelo/PDPTW-SE/benchmark_multi_island_v5/official_experiments/multistartlp/official/set_01_pt_01/../../../../instances/orig_ams_fg/06R_06V_04I_04M/t2/lr205/;60000;113;0;789.8;13;7;H;50;95;0;100.0;30.0;true;0.95;100.0;1.0;1.0;1.0;1.0;60;M;60000;60000;false;52;0.54;68.19;0.88;26;10;1000000;-1;3600;27.16;0.54;0.88;mslp;heur;0.54;0.88;-1;3600;60000;I;6;1.0;0.17;lr205;0;/dados/rmelo/PDPTW-SE/benchmark_multi_island_v5/official_experiments/multistartlp/official/set_01_pt_01/logs;0;0;0;0.0;100.0;1;41;/dados/rmelo/PDPTW-SE/benchmark_multi_island_v5/official_experiments/multistartlp/official/set_01_pt_01/logs/heur_mslp/solutions/06R_06V_04I_03M/lr205_sol_genconfig_mslp_seed_41.txt;Gurobi;AUTOMATIC;18.05;_bash_2;_seed_41;16293.27;1;0.54;/dados/rmelo/PDPTW-SE/benchmark_multi_island_v5/official_experiments/multistartlp/official/set_01_pt_01/logs/heur_mslp/timelines/06R_06V_04I_03M/lr205_timeline_genconfig_mslp_seed_41.txt;119.83;t2;0;535.22;false
0.05;0.01;0.05;0.06;0.0;0.01;9;/dados/rmelo/PDPTW-SE/benchmark_multi_island_v5/official_experiments/multistartlp/official/set_01_pt_01/logs/heur_mslp/outputs/csvresults_heur_mslp_bash_2.csv;0;4;1;14;0;0.0;0.5;true;8;2;lr205_t2_06R_06V_04I_04M;/dados/rmelo/PDPTW-SE/benchmark_multi_island_v5/official_experiments/multistartlp/official/set_01_pt_01/configs/genconfig_mslp.conf;genconfig_mslp;/dados/rmelo/PDPTW-SE/benchmark_multi_island_v5/official_experiments/multistartlp/official/set_01_pt_01/logs/heur_mslp/gurobi/06R_06V_04I_04M/lr205_grb_genconfig_mslp_seed_41.log;random;06R_06V_04I_04M;1;0;1;/dados/rmelo/PDPTW-SE/benchmark_multi_island_v5/official_experiments/multistartlp/official/set_01_pt_01/../../../../instances/orig_ams_fg/06R_06V_04I_04M/t2/lr205/;60000;34;0;794.56;13;7;H;50;95;0;100.0;30.0;true;0.95;100.0;1.0;1.0;1.0;1.0;60;M;60000;60000;false;52;0.54;68.19;0.83;26;10;1000000;-1;3600;26.83;0.54;0.83;mslp;heur;0.54;0.83;-1;3600;60000;I;6;0.75;0.17;lr205;0;/dados/rmelo/PDPTW-SE/benchmark_multi_island_v5/official_experiments/multistartlp/official/set_01_pt_01/logs;0;0;0;0.0;100.0;1;41;/dados/rmelo/PDPTW-SE/benchmark_multi_island_v5/official_experiments/multistartlp/official/set_01_pt_01/logs/heur_mslp/solutions/06R_06V_04I_04M/lr205_sol_genconfig_mslp_seed_41.txt;Gurobi;AUTOMATIC;18.1;_bash_2;_seed_41;16097.86;1;0.35;/dados/rmelo/PDPTW-SE/benchmark_multi_island_v5/official_experiments/multistartlp/official/set_01_pt_01/logs/heur_mslp/timelines/06R_06V_04I_04M/lr205_timeline_genconfig_mslp_seed_41.txt;122.19;t2;0;535.22;false
0.05;0.06;0.14;0.2;0.0;0.2;3;/dados/rmelo/PDPTW-SE/benchmark_multi_island_v5/official_experiments/multistartlp/official/set_01_pt_01/logs/heur_mslp/outputs/csvresults_heur_mslp_bash_2.csv;0;3;1;18;0;0.0;0.5;true;10;2;lr101_t1_08R_08V_02I_03M;/dados/rmelo/PDPTW-SE/benchmark_multi_island_v5/official_experiments/multistartlp/official/set_01_pt_01/configs/genconfig_mslp.conf;genconfig_mslp;/dados/rmelo/PDPTW-SE/benchmark_multi_island_v5/official_experiments/multistartlp/official/set_01_pt_01/logs/heur_mslp/gurobi/08R_08V_02I_03M/lr101_grb_genconfig_mslp_seed_41.log;random;08R_08V_02I_03M;1;39037;1;/dados/rmelo/PDPTW-SE/benchmark_multi_island_v5/official_experiments/multistartlp/official/set_01_pt_01/../../../../instances/orig_ams_fg/08R_08V_02I_04M/t1/lr101/;60000;32;0;1344.99;17;9;H;50;95;0;100.0;30.0;true;0.95;100.0;1.0;1.0;1.0;1.0;60;M;20963;20963;false;52;0.79;72.32;0.87;26;10;1000000;-1;3600;21.88;0.59;0.37;mslp;heur;0.49;0.16;-1;3600;60000;I;8;1.0;0.88;lr101;0;/dados/rmelo/PDPTW-SE/benchmark_multi_island_v5/official_experiments/multistartlp/official/set_01_pt_01/logs;0;0;0;65.06;100.0;1;41;/dados/rmelo/PDPTW-SE/benchmark_multi_island_v5/official_experiments/multistartlp/official/set_01_pt_01/logs/heur_mslp/solutions/08R_08V_02I_03M/lr101_sol_genconfig_mslp_seed_41.txt;Gurobi;AUTOMATIC;18.34;_bash_2;_seed_41;4587.14;1;0.31;/dados/rmelo/PDPTW-SE/benchmark_multi_island_v5/official_experiments/multistartlp/official/set_01_pt_01/logs/heur_mslp/timelines/08R_08V_02I_03M/lr101_timeline_genconfig_mslp_seed_41.txt;44.23;t1;0;946.87;false
0.05;0.03;0.11;0.14;0.0;0.2;5;/dados/rmelo/PDPTW-SE/benchmark_multi_island_v5/official_experiments/multistartlp/official/set_01_pt_01/logs/heur_mslp/outputs/csvresults_heur_mslp_bash_2.csv;0;4;1;18;0;0.0;0.5;true;10;2;lr101_t1_08R_08V_02I_04M;/dados/rmelo/PDPTW-SE/benchmark_multi_island_v5/official_experiments/multistartlp/official/set_01_pt_01/configs/genconfig_mslp.conf;genconfig_mslp;/dados/rmelo/PDPTW-SE/benchmark_multi_island_v5/official_experiments/multistartlp/official/set_01_pt_01/logs/heur_mslp/gurobi/08R_08V_02I_04M/lr101_grb_genconfig_mslp_seed_41.log;random;08R_08V_02I_04M;1;19266;1;/dados/rmelo/PDPTW-SE/benchmark_multi_island_v5/official_experiments/multistartlp/official/set_01_pt_01/../../../../instances/orig_ams_fg/08R_08V_02I_04M/t1/lr101/;60000;182;0;1344.99;17;9;H;50;95;0;100.0;30.0;true;0.95;100.0;1.0;1.0;1.0;1.0;60;M;40734;40734;false;52;0.79;72.32;0.87;26;10;1000000;-1;3600;22.33;0.59;0.37;mslp;heur;0.49;0.16;-1;3600;60000;I;8;1.0;0.88;lr101;0;/dados/rmelo/PDPTW-SE/benchmark_multi_island_v5/official_experiments/multistartlp/official/set_01_pt_01/logs;0;0;0;32.11;100.0;1;41;/dados/rmelo/PDPTW-SE/benchmark_multi_island_v5/official_experiments/multistartlp/official/set_01_pt_01/logs/heur_mslp/solutions/08R_08V_02I_04M/lr101_sol_genconfig_mslp_seed_41.txt;Gurobi;AUTOMATIC;17.92;_bash_2;_seed_41;9096.8;1;0.54;/dados/rmelo/PDPTW-SE/benchmark_multi_island_v5/official_experiments/multistartlp/official/set_01_pt_01/logs/heur_mslp/timelines/08R_08V_02I_04M/lr101_timeline_genconfig_mslp_seed_41.txt;79.16;t1;0;948.49;false
0.05;0.06;0.09;0.15;0.0;0.05;7;/dados/rmelo/PDPTW-SE/benchmark_multi_island_v5/official_experiments/multistartlp/official/set_01_pt_01/logs/heur_mslp/outputs/csvresults_heur_mslp_bash_2.csv;0;3;1;18;0;0.0;0.5;true;10;2;lr102_t1_08R_08V_02I_03M;/dados/rmelo/PDPTW-SE/benchmark_multi_island_v5/official_experiments/multistartlp/official/set_01_pt_01/configs/genconfig_mslp.conf;genconfig_mslp;/dados/rmelo/PDPTW-SE/benchmark_multi_island_v5/official_experiments/multistartlp/official/set_01_pt_01/logs/heur_mslp/gurobi/08R_08V_02I_03M/lr102_grb_genconfig_mslp_seed_41.log;random;08R_08V_02I_03M;1;0;1;/dados/rmelo/PDPTW-SE/benchmark_multi_island_v5/official_experiments/multistartlp/official/set_01_pt_01/../../../../instances/orig_ams_fg/08R_08V_02I_04M/t1/lr102/;60000;1189;0;938.33;17;9;H;50;95;0;100.0;30.0;true;0.95;100.0;1.0;1.0;1.0;1.0;60;M;60000;60000;false;58;0.8;73.54;0.79;29;10;1000000;-1;3600;15.31;0.67;0.47;mslp;heur;0.38;0.09;-1;3600;60000;I;8;0.67;0.62;lr102;0;/dados/rmelo/PDPTW-SE/benchmark_multi_island_v5/official_experiments/multistartlp/official/set_01_pt_01/logs;0;0;0;0.0;100.0;1;41;/dados/rmelo/PDPTW-SE/benchmark_multi_island_v5/official_experiments/multistartlp/official/set_01_pt_01/logs/heur_mslp/solutions/08R_08V_02I_03M/lr102_sol_genconfig_mslp_seed_41.txt;Gurobi;AUTOMATIC;18.36;_bash_2;_seed_41;9184.91;1;2.62;/dados/rmelo/PDPTW-SE/benchmark_multi_island_v5/official_experiments/multistartlp/official/set_01_pt_01/logs/heur_mslp/timelines/08R_08V_02I_03M/lr102_timeline_genconfig_mslp_seed_41.txt;110.53;t1;0;770.92;false
0.05;0.06;0.09;0.15;0.0;0.05;7;/dados/rmelo/PDPTW-SE/benchmark_multi_island_v5/official_experiments/multistartlp/official/set_01_pt_01/logs/heur_mslp/outputs/csvresults_heur_mslp_bash_2.csv;0;4;1;18;0;0.0;0.5;true;10;2;lr102_t1_08R_08V_02I_04M;/dados/rmelo/PDPTW-SE/benchmark_multi_island_v5/official_experiments/multistartlp/official/set_01_pt_01/configs/genconfig_mslp.conf;genconfig_mslp;/dados/rmelo/PDPTW-SE/benchmark_multi_island_v5/official_experiments/multistartlp/official/set_01_pt_01/logs/heur_mslp/gurobi/08R_08V_02I_04M/lr102_grb_genconfig_mslp_seed_41.log;random;08R_08V_02I_04M;1;0;1;/dados/rmelo/PDPTW-SE/benchmark_multi_island_v5/official_experiments/multistartlp/official/set_01_pt_01/../../../../instances/orig_ams_fg/08R_08V_02I_04M/t1/lr102/;60000;1189;0;938.33;17;9;H;50;95;0;100.0;30.0;true;0.95;100.0;1.0;1.0;1.0;1.0;60;M;60000;60000;false;58;0.8;73.54;0.79;29;10;1000000;-1;3600;15.31;0.67;0.47;mslp;heur;0.38;0.09;-1;3600;60000;I;8;0.5;0.62;lr102;0;/dados/rmelo/PDPTW-SE/benchmark_multi_island_v5/official_experiments/multistartlp/official/set_01_pt_01/logs;0;0;0;0.0;100.0;1;41;/dados/rmelo/PDPTW-SE/benchmark_multi_island_v5/official_experiments/multistartlp/official/set_01_pt_01/logs/heur_mslp/solutions/08R_08V_02I_04M/lr102_sol_genconfig_mslp_seed_41.txt;Gurobi;AUTOMATIC;18.25;_bash_2;_seed_41;9184.91;1;2.59;/dados/rmelo/PDPTW-SE/benchmark_multi_island_v5/official_experiments/multistartlp/official/set_01_pt_01/logs/heur_mslp/timelines/08R_08V_02I_04M/lr102_timeline_genconfig_mslp_seed_41.txt;111.76;t1;0;770.92;false
0.05;0.0;0.08;0.08;0.0;0.0;3;/dados/rmelo/PDPTW-SE/benchmark_multi_island_v5/official_experiments/multistartlp/official/set_01_pt_01/logs/heur_mslp/outputs/csvresults_heur_mslp_bash_2.csv;0;3;1;18;0;0.0;0.5;true;10;2;lr103_t1_08R_08V_02I_03M;/dados/rmelo/PDPTW-SE/benchmark_multi_island_v5/official_experiments/multistartlp/official/set_01_pt_01/configs/genconfig_mslp.conf;genconfig_mslp;/dados/rmelo/PDPTW-SE/benchmark_multi_island_v5/official_experiments/multistartlp/official/set_01_pt_01/logs/heur_mslp/gurobi/08R_08V_02I_03M/lr103_grb_genconfig_mslp_seed_41.log;random;08R_08V_02I_03M;1;43;1;/dados/rmelo/PDPTW-SE/benchmark_multi_island_v5/official_experiments/multistartlp/official/set_01_pt_01/../../../../instances/orig_ams_fg/08R_08V_02I_04M/t1/lr103/;60000;14;0;627.49;17;9;H;50;95;0;100.0;30.0;true;0.95;100.0;1.0;1.0;1.0;1.0;60;M;59784;59957;false;38;0.93;83.42;0.85;19;10;1000000;-1;3600;12.26;0.79;0.69;mslp;heur;0.66;0.5;-1;3600;60000;I;8;0.67;0.38;lr103;0;/dados/rmelo/PDPTW-SE/benchmark_multi_island_v5/official_experiments/multistartlp/official/set_01_pt_01/logs;0;0;0;0.07;99.71;1;41;/dados/rmelo/PDPTW-SE/benchmark_multi_island_v5/official_experiments/multistartlp/official/set_01_pt_01/logs/heur_mslp/solutions/08R_08V_02I_03M/lr103_sol_genconfig_mslp_seed_41.txt;Gurobi;AUTOMATIC;18.61;_bash_2;_seed_41;7348.2;1;0.33;/dados/rmelo/PDPTW-SE/benchmark_multi_island_v5/official_experiments/multistartlp/official/set_01_pt_01/logs/heur_mslp/timelines/08R_08V_02I_03M/lr103_timeline_genconfig_mslp_seed_41.txt;117.57;t1;0;546.38;false
0.05;0.0;0.08;0.08;0.0;0.0;3;/dados/rmelo/PDPTW-SE/benchmark_multi_island_v5/official_experiments/multistartlp/official/set_01_pt_01/logs/heur_mslp/outputs/csvresults_heur_mslp_bash_2.csv;0;4;1;18;0;0.0;0.5;true;10;2;lr103_t1_08R_08V_02I_04M;/dados/rmelo/PDPTW-SE/benchmark_multi_island_v5/official_experiments/multistartlp/official/set_01_pt_01/configs/genconfig_mslp.conf;genconfig_mslp;/dados/rmelo/PDPTW-SE/benchmark_multi_island_v5/official_experiments/multistartlp/official/set_01_pt_01/logs/heur_mslp/gurobi/08R_08V_02I_04M/lr103_grb_genconfig_mslp_seed_41.log;random;08R_08V_02I_04M;1;0;1;/dados/rmelo/PDPTW-SE/benchmark_multi_island_v5/official_experiments/multistartlp/official/set_01_pt_01/../../../../instances/orig_ams_fg/08R_08V_02I_04M/t1/lr103/;60000;14;0;773.2;17;9;H;50;95;0;100.0;30.0;true;0.95;100.0;1.0;1.0;1.0;1.0;60;M;59818;60000;false;38;0.93;83.42;0.85;19;10;1000000;-1;3600;12.08;0.79;0.69;mslp;heur;0.66;0.5;-1;3600;60000;I;8;0.5;0.38;lr103;0;/dados/rmelo/PDPTW-SE/benchmark_multi_island_v5/official_experiments/multistartlp/official/set_01_pt_01/logs;0;0;0;0.0;99.7;1;41;/dados/rmelo/PDPTW-SE/benchmark_multi_island_v5/official_experiments/multistartlp/official/set_01_pt_01/logs/heur_mslp/solutions/08R_08V_02I_04M/lr103_sol_genconfig_mslp_seed_41.txt;Gurobi;AUTOMATIC;18.14;_bash_2;_seed_41;7247.97;1;0.32;/dados/rmelo/PDPTW-SE/benchmark_multi_island_v5/official_experiments/multistartlp/official/set_01_pt_01/logs/heur_mslp/timelines/08R_08V_02I_04M/lr103_timeline_genconfig_mslp_seed_41.txt;121.26;t1;0;546.38;false
0.05;0.05;0.1;0.14;0.0;0.02;4;/dados/rmelo/PDPTW-SE/benchmark_multi_island_v5/official_experiments/multistartlp/official/set_01_pt_01/logs/heur_mslp/outputs/csvresults_heur_mslp_bash_2.csv;0;3;1;18;0;0.0;0.5;true;10;2;lr104_t1_08R_08V_02I_03M;/dados/rmelo/PDPTW-SE/benchmark_multi_island_v5/official_experiments/multistartlp/official/set_01_pt_01/configs/genconfig_mslp.conf;genconfig_mslp;/dados/rmelo/PDPTW-SE/benchmark_multi_island_v5/official_experiments/multistartlp/official/set_01_pt_01/logs/heur_mslp/gurobi/08R_08V_02I_03M/lr104_grb_genconfig_mslp_seed_41.log;random;08R_08V_02I_03M;1;0;1;/dados/rmelo/PDPTW-SE/benchmark_multi_island_v5/official_experiments/multistartlp/official/set_01_pt_01/../../../../instances/orig_ams_fg/08R_08V_02I_04M/t1/lr104/;60000;65;0;622.85;17;9;H;50;95;0;100.0;30.0;true;0.95;100.0;1.0;1.0;1.0;1.0;60;M;60000;60000;false;40;0.84;79.52;0.92;20;10;1000000;-1;3600;12.95;0.81;0.72;mslp;heur;0.79;0.5;-1;3600;60000;I;8;0.67;0.38;lr104;0;/dados/rmelo/PDPTW-SE/benchmark_multi_island_v5/official_experiments/multistartlp/official/set_01_pt_01/logs;0;0;0;0.0;100.0;1;41;/dados/rmelo/PDPTW-SE/benchmark_multi_island_v5/official_experiments/multistartlp/official/set_01_pt_01/logs/heur_mslp/solutions/08R_08V_02I_03M/lr104_sol_genconfig_mslp_seed_41.txt;Gurobi;AUTOMATIC;18.2;_bash_2;_seed_41;7767.96;1;0.45;/dados/rmelo/PDPTW-SE/benchmark_multi_island_v5/official_experiments/multistartlp/official/set_01_pt_01/logs/heur_mslp/timelines/08R_08V_02I_03M/lr104_timeline_genconfig_mslp_seed_41.txt;109.12;t1;0;558.37;false
0.05;0.05;0.1;0.14;0.0;0.02;4;/dados/rmelo/PDPTW-SE/benchmark_multi_island_v5/official_experiments/multistartlp/official/set_01_pt_01/logs/heur_mslp/outputs/csvresults_heur_mslp_bash_2.csv;0;4;1;18;0;0.0;0.5;true;10;2;lr104_t1_08R_08V_02I_04M;/dados/rmelo/PDPTW-SE/benchmark_multi_island_v5/official_experiments/multistartlp/official/set_01_pt_01/configs/genconfig_mslp.conf;genconfig_mslp;/dados/rmelo/PDPTW-SE/benchmark_multi_island_v5/official_experiments/multistartlp/official/set_01_pt_01/logs/heur_mslp/gurobi/08R_08V_02I_04M/lr104_grb_genconfig_mslp_seed_41.log;random;08R_08V_02I_04M;1;0;1;/dados/rmelo/PDPTW-SE/benchmark_multi_island_v5/official_experiments/multistartlp/official/set_01_pt_01/../../../../instances/orig_ams_fg/08R_08V_02I_04M/t1/lr104/;60000;65;0;622.85;17;9;H;50;95;0;100.0;30.0;true;0.95;100.0;1.0;1.0;1.0;1.0;60;M;60000;60000;false;40;0.84;78.99;0.92;20;10;1000000;-1;3600;13.15;0.81;0.72;mslp;heur;0.79;0.5;-1;3600;60000;I;8;0.5;0.38;lr104;0;/dados/rmelo/PDPTW-SE/benchmark_multi_island_v5/official_experiments/multistartlp/official/set_01_pt_01/logs;0;0;0;0.0;100.0;1;41;/dados/rmelo/PDPTW-SE/benchmark_multi_island_v5/official_experiments/multistartlp/official/set_01_pt_01/logs/heur_mslp/solutions/08R_08V_02I_04M/lr104_sol_genconfig_mslp_seed_41.txt;Gurobi;AUTOMATIC;18.02;_bash_2;_seed_41;7890.68;1;0.42;/dados/rmelo/PDPTW-SE/benchmark_multi_island_v5/official_experiments/multistartlp/official/set_01_pt_01/logs/heur_mslp/timelines/08R_08V_02I_04M/lr104_timeline_genconfig_mslp_seed_41.txt;112.28;t1;0;558.37;false
0.05;0.0;0.15;0.15;0.0;0.05;4;/dados/rmelo/PDPTW-SE/benchmark_multi_island_v5/official_experiments/multistartlp/official/set_01_pt_01/logs/heur_mslp/outputs/csvresults_heur_mslp_bash_2.csv;0;3;1;18;0;0.0;0.5;true;10;2;lr105_t1_08R_08V_02I_03M;/dados/rmelo/PDPTW-SE/benchmark_multi_island_v5/official_experiments/multistartlp/official/set_01_pt_01/configs/genconfig_mslp.conf;genconfig_mslp;/dados/rmelo/PDPTW-SE/benchmark_multi_island_v5/official_experiments/multistartlp/official/set_01_pt_01/logs/heur_mslp/gurobi/08R_08V_02I_03M/lr105_grb_genconfig_mslp_seed_41.log;random;08R_08V_02I_03M;1;0;1;/dados/rmelo/PDPTW-SE/benchmark_multi_island_v5/official_experiments/multistartlp/official/set_01_pt_01/../../../../instances/orig_ams_fg/08R_08V_02I_04M/t1/lr105/;60000;77;0;719.46;17;9;H;50;95;0;100.0;30.0;true;0.95;100.0;1.0;1.0;1.0;1.0;60;M;60000;60000;false;52;0.81;83.11;0.88;26;10;1000000;-1;3600;18.41;0.61;0.53;mslp;heur;0.43;0.25;-1;3600;60000;I;8;0.67;0.5;lr105;0;/dados/rmelo/PDPTW-SE/benchmark_multi_island_v5/official_experiments/multistartlp/official/set_01_pt_01/logs;0;0;0;0.0;100.0;1;41;/dados/rmelo/PDPTW-SE/benchmark_multi_island_v5/official_experiments/multistartlp/official/set_01_pt_01/logs/heur_mslp/solutions/08R_08V_02I_03M/lr105_sol_genconfig_mslp_seed_41.txt;Gurobi;AUTOMATIC;18.26;_bash_2;_seed_41;11046.9;1;0.42;/dados/rmelo/PDPTW-SE/benchmark_multi_island_v5/official_experiments/multistartlp/official/set_01_pt_01/logs/heur_mslp/timelines/08R_08V_02I_03M/lr105_timeline_genconfig_mslp_seed_41.txt;100.96;t1;0;557.04;false
0.05;0.03;0.1;0.13;0.0;0.05;4;/dados/rmelo/PDPTW-SE/benchmark_multi_island_v5/official_experiments/multistartlp/official/set_01_pt_01/logs/heur_mslp/outputs/csvresults_heur_mslp_bash_2.csv;0;4;1;18;0;0.0;0.5;true;10;2;lr105_t1_08R_08V_02I_04M;/dados/rmelo/PDPTW-SE/benchmark_multi_island_v5/official_experiments/multistartlp/official/set_01_pt_01/configs/genconfig_mslp.conf;genconfig_mslp;/dados/rmelo/PDPTW-SE/benchmark_multi_island_v5/official_experiments/multistartlp/official/set_01_pt_01/logs/heur_mslp/gurobi/08R_08V_02I_04M/lr105_grb_genconfig_mslp_seed_41.log;random;08R_08V_02I_04M;1;0;1;/dados/rmelo/PDPTW-SE/benchmark_multi_island_v5/official_experiments/multistartlp/official/set_01_pt_01/../../../../instances/orig_ams_fg/08R_08V_02I_04M/t1/lr105/;60000;77;0;719.46;17;9;H;50;95;0;100.0;30.0;true;0.95;100.0;1.0;1.0;1.0;1.0;60;M;60000;60000;false;52;0.81;83.11;0.88;26;10;1000000;-1;3600;18.43;0.6;0.53;mslp;heur;0.43;0.25;-1;3600;60000;I;8;0.75;0.5;lr105;0;/dados/rmelo/PDPTW-SE/benchmark_multi_island_v5/official_experiments/multistartlp/official/set_01_pt_01/logs;0;0;0;0.0;100.0;1;41;/dados/rmelo/PDPTW-SE/benchmark_multi_island_v5/official_experiments/multistartlp/official/set_01_pt_01/logs/heur_mslp/solutions/08R_08V_02I_04M/lr105_sol_genconfig_mslp_seed_41.txt;Gurobi;AUTOMATIC;17.96;_bash_2;_seed_41;11058.67;1;0.45;/dados/rmelo/PDPTW-SE/benchmark_multi_island_v5/official_experiments/multistartlp/official/set_01_pt_01/logs/heur_mslp/timelines/08R_08V_02I_04M/lr105_timeline_genconfig_mslp_seed_41.txt;102.66;t1;0;556.3;false
0.05;0.0;0.07;0.07;0.0;0.2;3;/dados/rmelo/PDPTW-SE/benchmark_multi_island_v5/official_experiments/multistartlp/official/set_01_pt_01/logs/heur_mslp/outputs/csvresults_heur_mslp_bash_2.csv;0;3;1;18;0;0.0;0.5;true;10;2;lr201_t2_08R_08V_02I_03M;/dados/rmelo/PDPTW-SE/benchmark_multi_island_v5/official_experiments/multistartlp/official/set_01_pt_01/configs/genconfig_mslp.conf;genconfig_mslp;/dados/rmelo/PDPTW-SE/benchmark_multi_island_v5/official_experiments/multistartlp/official/set_01_pt_01/logs/heur_mslp/gurobi/08R_08V_02I_03M/lr201_grb_genconfig_mslp_seed_41.log;random;08R_08V_02I_03M;1;0;1;/dados/rmelo/PDPTW-SE/benchmark_multi_island_v5/official_experiments/multistartlp/official/set_01_pt_01/../../../../instances/orig_ams_fg/08R_08V_02I_04M/t2/lr201/;60000;42;0;1880.63;17;9;H;50;95;0;100.0;30.0;true;0.95;100.0;1.0;1.0;1.0;1.0;60;M;60000;60000;false;52;0.66;87.48;1.0;26;10;1000000;-1;3600;26.91;0.47;0.93;mslp;heur;0.29;0.87;-1;3600;60000;I;8;0.33;0.25;lr201;0;/dados/rmelo/PDPTW-SE/benchmark_multi_island_v5/official_experiments/multistartlp/official/set_01_pt_01/logs;0;0;0;0.0;100.0;1;41;/dados/rmelo/PDPTW-SE/benchmark_multi_island_v5/official_experiments/multistartlp/official/set_01_pt_01/logs/heur_mslp/solutions/08R_08V_02I_03M/lr201_sol_genconfig_mslp_seed_41.txt;Gurobi;AUTOMATIC;18.16;_bash_2;_seed_41;16147.63;1;0.39;/dados/rmelo/PDPTW-SE/benchmark_multi_island_v5/official_experiments/multistartlp/official/set_01_pt_01/logs/heur_mslp/timelines/08R_08V_02I_03M/lr201_timeline_genconfig_mslp_seed_41.txt;102.99;t2;0;948.1;false
0.05;0.0;0.07;0.07;0.0;0.21;3;/dados/rmelo/PDPTW-SE/benchmark_multi_island_v5/official_experiments/multistartlp/official/set_01_pt_01/logs/heur_mslp/outputs/csvresults_heur_mslp_bash_2.csv;0;4;1;18;0;0.0;0.5;true;10;2;lr201_t2_08R_08V_02I_04M;/dados/rmelo/PDPTW-SE/benchmark_multi_island_v5/official_experiments/multistartlp/official/set_01_pt_01/configs/genconfig_mslp.conf;genconfig_mslp;/dados/rmelo/PDPTW-SE/benchmark_multi_island_v5/official_experiments/multistartlp/official/set_01_pt_01/logs/heur_mslp/gurobi/08R_08V_02I_04M/lr201_grb_genconfig_mslp_seed_41.log;random;08R_08V_02I_04M;1;0;1;/dados/rmelo/PDPTW-SE/benchmark_multi_island_v5/official_experiments/multistartlp/official/set_01_pt_01/../../../../instances/orig_ams_fg/08R_08V_02I_04M/t2/lr201/;60000;42;0;1880.63;17;9;H;50;95;0;100.0;30.0;true;0.95;100.0;1.0;1.0;1.0;1.0;60;M;60000;60000;false;52;0.66;86.34;1.0;26;10;1000000;-1;3600;26.87;0.47;0.93;mslp;heur;0.29;0.87;-1;3600;60000;I;8;0.25;0.25;lr201;0;/dados/rmelo/PDPTW-SE/benchmark_multi_island_v5/official_experiments/multistartlp/official/set_01_pt_01/logs;0;0;0;0.0;100.0;1;41;/dados/rmelo/PDPTW-SE/benchmark_multi_island_v5/official_experiments/multistartlp/official/set_01_pt_01/logs/heur_mslp/solutions/08R_08V_02I_04M/lr201_sol_genconfig_mslp_seed_41.txt;Gurobi;AUTOMATIC;18.25;_bash_2;_seed_41;16122.72;1;0.37;/dados/rmelo/PDPTW-SE/benchmark_multi_island_v5/official_experiments/multistartlp/official/set_01_pt_01/logs/heur_mslp/timelines/08R_08V_02I_04M/lr201_timeline_genconfig_mslp_seed_41.txt;104.48;t2;0;944.72;false
0.05;0.01;0.03;0.04;0.0;0.01;14;/dados/rmelo/PDPTW-SE/benchmark_multi_island_v5/official_experiments/multistartlp/official/set_01_pt_01/logs/heur_mslp/outputs/csvresults_heur_mslp_bash_2.csv;0;3;1;18;0;0.0;0.5;true;10;2;lr202_t2_08R_08V_02I_03M;/dados/rmelo/PDPTW-SE/benchmark_multi_island_v5/official_experiments/multistartlp/official/set_01_pt_01/configs/genconfig_mslp.conf;genconfig_mslp;/dados/rmelo/PDPTW-SE/benchmark_multi_island_v5/official_experiments/multistartlp/official/set_01_pt_01/logs/heur_mslp/gurobi/08R_08V_02I_03M/lr202_grb_genconfig_mslp_seed_41.log;random;08R_08V_02I_03M;1;0;1;/dados/rmelo/PDPTW-SE/benchmark_multi_island_v5/official_experiments/multistartlp/official/set_01_pt_01/../../../../instances/orig_ams_fg/08R_08V_02I_04M/t2/lr202/;60000;9528;0;1495.55;17;9;H;50;95;0;100.0;30.0;true;0.95;100.0;1.0;1.0;1.0;1.0;60;M;60000;60000;false;46;0.41;71.28;0.95;23;10;1000000;-1;3600;34.72;0.35;0.81;mslp;heur;0.28;0.67;-1;3600;60000;I;8;0.67;0.25;lr202;0;/dados/rmelo/PDPTW-SE/benchmark_multi_island_v5/official_experiments/multistartlp/official/set_01_pt_01/logs;0;0;0;0.0;100.0;1;41;/dados/rmelo/PDPTW-SE/benchmark_multi_island_v5/official_experiments/multistartlp/official/set_01_pt_01/logs/heur_mslp/solutions/08R_08V_02I_03M/lr202_sol_genconfig_mslp_seed_41.txt;Gurobi;AUTOMATIC;18.0;_bash_2;_seed_41;20830.9;1;20.83;/dados/rmelo/PDPTW-SE/benchmark_multi_island_v5/official_experiments/multistartlp/official/set_01_pt_01/logs/heur_mslp/timelines/08R_08V_02I_03M/lr202_timeline_genconfig_mslp_seed_41.txt;129.18;t2;0;694.1;false
0.05;0.01;0.03;0.04;0.0;0.01;13;/dados/rmelo/PDPTW-SE/benchmark_multi_island_v5/official_experiments/multistartlp/official/set_01_pt_01/logs/heur_mslp/outputs/csvresults_heur_mslp_bash_2.csv;0;4;1;18;0;0.0;0.5;true;10;2;lr202_t2_08R_08V_02I_04M;/dados/rmelo/PDPTW-SE/benchmark_multi_island_v5/official_experiments/multistartlp/official/set_01_pt_01/configs/genconfig_mslp.conf;genconfig_mslp;/dados/rmelo/PDPTW-SE/benchmark_multi_island_v5/official_experiments/multistartlp/official/set_01_pt_01/logs/heur_mslp/gurobi/08R_08V_02I_04M/lr202_grb_genconfig_mslp_seed_41.log;random;08R_08V_02I_04M;1;0;1;/dados/rmelo/PDPTW-SE/benchmark_multi_island_v5/official_experiments/multistartlp/official/set_01_pt_01/../../../../instances/orig_ams_fg/08R_08V_02I_04M/t2/lr202/;60000;9528;0;1495.55;17;9;H;50;95;0;100.0;30.0;true;0.95;100.0;1.0;1.0;1.0;1.0;60;M;60000;60000;false;46;0.41;71.28;0.95;23;10;1000000;-1;3600;34.73;0.35;0.81;mslp;heur;0.28;0.67;-1;3600;60000;I;8;0.5;0.25;lr202;0;/dados/rmelo/PDPTW-SE/benchmark_multi_island_v5/official_experiments/multistartlp/official/set_01_pt_01/logs;0;0;0;0.0;100.0;1;41;/dados/rmelo/PDPTW-SE/benchmark_multi_island_v5/official_experiments/multistartlp/official/set_01_pt_01/logs/heur_mslp/solutions/08R_08V_02I_04M/lr202_sol_genconfig_mslp_seed_41.txt;Gurobi;AUTOMATIC;17.99;_bash_2;_seed_41;20840.27;1;21.86;/dados/rmelo/PDPTW-SE/benchmark_multi_island_v5/official_experiments/multistartlp/official/set_01_pt_01/logs/heur_mslp/timelines/08R_08V_02I_04M/lr202_timeline_genconfig_mslp_seed_41.txt;134.59;t2;0;694.1;false
0.05;0.0;0.02;0.02;0.0;0.01;9;/dados/rmelo/PDPTW-SE/benchmark_multi_island_v5/official_experiments/multistartlp/official/set_01_pt_01/logs/heur_mslp/outputs/csvresults_heur_mslp_bash_2.csv;0;3;1;18;0;0.0;0.5;true;10;2;lr203_t2_08R_08V_02I_03M;/dados/rmelo/PDPTW-SE/benchmark_multi_island_v5/official_experiments/multistartlp/official/set_01_pt_01/configs/genconfig_mslp.conf;genconfig_mslp;/dados/rmelo/PDPTW-SE/benchmark_multi_island_v5/official_experiments/multistartlp/official/set_01_pt_01/logs/heur_mslp/gurobi/08R_08V_02I_03M/lr203_grb_genconfig_mslp_seed_41.log;random;08R_08V_02I_03M;1;0;1;/dados/rmelo/PDPTW-SE/benchmark_multi_island_v5/official_experiments/multistartlp/official/set_01_pt_01/../../../../instances/orig_ams_fg/08R_08V_02I_04M/t2/lr203/;60000;621;0;1576.59;17;9;H;50;95;0;100.0;30.0;true;0.95;100.0;1.0;1.0;1.0;1.0;60;M;60000;60000;false;34;0.69;102.9;0.85;17;10;1000000;-1;3600;23.93;0.69;0.85;mslp;heur;0.69;0.85;-1;3600;60000;I;8;1.0;0.12;lr203;0;/dados/rmelo/PDPTW-SE/benchmark_multi_island_v5/official_experiments/multistartlp/official/set_01_pt_01/logs;0;0;0;0.0;100.0;1;41;/dados/rmelo/PDPTW-SE/benchmark_multi_island_v5/official_experiments/multistartlp/official/set_01_pt_01/logs/heur_mslp/solutions/08R_08V_02I_03M/lr203_sol_genconfig_mslp_seed_41.txt;Gurobi;AUTOMATIC;18.12;_bash_2;_seed_41;14358.31;1;1.73;/dados/rmelo/PDPTW-SE/benchmark_multi_island_v5/official_experiments/multistartlp/official/set_01_pt_01/logs/heur_mslp/timelines/08R_08V_02I_03M/lr203_timeline_genconfig_mslp_seed_41.txt;131.96;t2;0;685.02;false
0.05;0.0;0.02;0.02;0.0;0.01;9;/dados/rmelo/PDPTW-SE/benchmark_multi_island_v5/official_experiments/multistartlp/official/set_01_pt_01/logs/heur_mslp/outputs/csvresults_heur_mslp_bash_2.csv;0;4;1;18;0;0.0;0.5;true;10;2;lr203_t2_08R_08V_02I_04M;/dados/rmelo/PDPTW-SE/benchmark_multi_island_v5/official_experiments/multistartlp/official/set_01_pt_01/configs/genconfig_mslp.conf;genconfig_mslp;/dados/rmelo/PDPTW-SE/benchmark_multi_island_v5/official_experiments/multistartlp/official/set_01_pt_01/logs/heur_mslp/gurobi/08R_08V_02I_04M/lr203_grb_genconfig_mslp_seed_41.log;random;08R_08V_02I_04M;1;0;1;/dados/rmelo/PDPTW-SE/benchmark_multi_island_v5/official_experiments/multistartlp/official/set_01_pt_01/../../../../instances/orig_ams_fg/08R_08V_02I_04M/t2/lr203/;60000;621;0;1576.59;17;9;H;50;95;0;100.0;30.0;true;0.95;100.0;1.0;1.0;1.0;1.0;60;M;60000;60000;false;34;0.68;102.9;0.85;17;10;1000000;-1;3600;24.25;0.68;0.85;mslp;heur;0.68;0.85;-1;3600;60000;I;8;0.75;0.12;lr203;0;/dados/rmelo/PDPTW-SE/benchmark_multi_island_v5/official_experiments/multistartlp/official/set_01_pt_01/logs;0;0;0;0.0;100.0;1;41;/dados/rmelo/PDPTW-SE/benchmark_multi_island_v5/official_experiments/multistartlp/official/set_01_pt_01/logs/heur_mslp/solutions/08R_08V_02I_04M/lr203_sol_genconfig_mslp_seed_41.txt;Gurobi;AUTOMATIC;18.38;_bash_2;_seed_41;14548.1;1;1.75;/dados/rmelo/PDPTW-SE/benchmark_multi_island_v5/official_experiments/multistartlp/official/set_01_pt_01/logs/heur_mslp/timelines/08R_08V_02I_04M/lr203_timeline_genconfig_mslp_seed_41.txt;135.07;t2;0;684.26;false
0.05;0.0;0.02;0.02;0.0;0.0;8;/dados/rmelo/PDPTW-SE/benchmark_multi_island_v5/official_experiments/multistartlp/official/set_01_pt_01/logs/heur_mslp/outputs/csvresults_heur_mslp_bash_2.csv;0;3;1;18;0;0.0;0.5;true;10;2;lr204_t2_08R_08V_02I_03M;/dados/rmelo/PDPTW-SE/benchmark_multi_island_v5/official_experiments/multistartlp/official/set_01_pt_01/configs/genconfig_mslp.conf;genconfig_mslp;/dados/rmelo/PDPTW-SE/benchmark_multi_island_v5/official_experiments/multistartlp/official/set_01_pt_01/logs/heur_mslp/gurobi/08R_08V_02I_03M/lr204_grb_genconfig_mslp_seed_41.log;random;08R_08V_02I_03M;1;0;1;/dados/rmelo/PDPTW-SE/benchmark_multi_island_v5/official_experiments/multistartlp/official/set_01_pt_01/../../../../instances/orig_ams_fg/08R_08V_02I_04M/t2/lr204/;60000;517;0;914.53;17;9;H;50;95;0;100.0;30.0;true;0.95;100.0;1.0;1.0;1.0;1.0;60;M;58545;60000;false;38;0.51;129.13;0.96;19;10;1000000;-1;3600;13.11;0.34;0.71;mslp;heur;0.17;0.46;-1;3600;60000;I;8;0.33;0.25;lr204;0;/dados/rmelo/PDPTW-SE/benchmark_multi_island_v5/official_experiments/multistartlp/official/set_01_pt_01/logs;0;0;0;0.0;97.58;1;41;/dados/rmelo/PDPTW-SE/benchmark_multi_island_v5/official_experiments/multistartlp/official/set_01_pt_01/logs/heur_mslp/solutions/08R_08V_02I_03M/lr204_sol_genconfig_mslp_seed_41.txt;Gurobi;AUTOMATIC;18.07;_bash_2;_seed_41;7866.67;1;1.53;/dados/rmelo/PDPTW-SE/benchmark_multi_island_v5/official_experiments/multistartlp/official/set_01_pt_01/logs/heur_mslp/timelines/08R_08V_02I_03M/lr204_timeline_genconfig_mslp_seed_41.txt;141.07;t2;0;683.79;false
0.05;0.0;0.02;0.02;0.0;0.01;8;/dados/rmelo/PDPTW-SE/benchmark_multi_island_v5/official_experiments/multistartlp/official/set_01_pt_01/logs/heur_mslp/outputs/csvresults_heur_mslp_bash_2.csv;0;4;1;18;0;0.0;0.5;true;10;2;lr204_t2_08R_08V_02I_04M;/dados/rmelo/PDPTW-SE/benchmark_multi_island_v5/official_experiments/multistartlp/official/set_01_pt_01/configs/genconfig_mslp.conf;genconfig_mslp;/dados/rmelo/PDPTW-SE/benchmark_multi_island_v5/official_experiments/multistartlp/official/set_01_pt_01/logs/heur_mslp/gurobi/08R_08V_02I_04M/lr204_grb_genconfig_mslp_seed_41.log;random;08R_08V_02I_04M;1;0;1;/dados/rmelo/PDPTW-SE/benchmark_multi_island_v5/official_experiments/multistartlp/official/set_01_pt_01/../../../../instances/orig_ams_fg/08R_08V_02I_04M/t2/lr204/;60000;4440;0;913.38;17;9;H;50;95;0;100.0;30.0;true;0.95;100.0;1.0;1.0;1.0;1.0;60;M;58813;60000;false;38;0.54;126.01;0.82;19;10;1000000;-1;3600;13.2;0.34;0.58;mslp;heur;0.14;0.35;-1;3600;60000;I;8;0.75;0.25;lr204;0;/dados/rmelo/PDPTW-SE/benchmark_multi_island_v5/official_experiments/multistartlp/official/set_01_pt_01/logs;0;0;0;0.0;98.02;1;41;/dados/rmelo/PDPTW-SE/benchmark_multi_island_v5/official_experiments/multistartlp/official/set_01_pt_01/logs/heur_mslp/solutions/08R_08V_02I_04M/lr204_sol_genconfig_mslp_seed_41.txt;Gurobi;AUTOMATIC;17.95;_bash_2;_seed_41;7919.24;1;10.84;/dados/rmelo/PDPTW-SE/benchmark_multi_island_v5/official_experiments/multistartlp/official/set_01_pt_01/logs/heur_mslp/timelines/08R_08V_02I_04M/lr204_timeline_genconfig_mslp_seed_41.txt;144.62;t2;0;682.02;false
0.05;0.01;0.02;0.03;0.0;0.0;11;/dados/rmelo/PDPTW-SE/benchmark_multi_island_v5/official_experiments/multistartlp/official/set_01_pt_01/logs/heur_mslp/outputs/csvresults_heur_mslp_bash_2.csv;0;3;1;18;0;0.0;0.5;true;10;2;lr205_t2_08R_08V_02I_03M;/dados/rmelo/PDPTW-SE/benchmark_multi_island_v5/official_experiments/multistartlp/official/set_01_pt_01/configs/genconfig_mslp.conf;genconfig_mslp;/dados/rmelo/PDPTW-SE/benchmark_multi_island_v5/official_experiments/multistartlp/official/set_01_pt_01/logs/heur_mslp/gurobi/08R_08V_02I_03M/lr205_grb_genconfig_mslp_seed_41.log;random;08R_08V_02I_03M;1;0;1;/dados/rmelo/PDPTW-SE/benchmark_multi_island_v5/official_experiments/multistartlp/official/set_01_pt_01/../../../../instances/orig_ams_fg/08R_08V_02I_04M/t2/lr205/;60000;29339;0;1389.14;17;9;H;50;95;0;100.0;30.0;true;0.95;100.0;1.0;1.0;1.0;1.0;60;M;60000;60000;false;52;0.52;83.33;0.9;26;10;1000000;-1;3600;28.09;0.32;0.89;mslp;heur;0.13;0.88;-1;3600;60000;I;8;0.67;0.25;lr205;0;/dados/rmelo/PDPTW-SE/benchmark_multi_island_v5/official_experiments/multistartlp/official/set_01_pt_01/logs;0;0;0;0.0;100.0;1;41;/dados/rmelo/PDPTW-SE/benchmark_multi_island_v5/official_experiments/multistartlp/official/set_01_pt_01/logs/heur_mslp/solutions/08R_08V_02I_03M/lr205_sol_genconfig_mslp_seed_41.txt;Gurobi;AUTOMATIC;18.25;_bash_2;_seed_41;16853.71;1;61.81;/dados/rmelo/PDPTW-SE/benchmark_multi_island_v5/official_experiments/multistartlp/official/set_01_pt_01/logs/heur_mslp/timelines/08R_08V_02I_03M/lr205_timeline_genconfig_mslp_seed_41.txt;126.42;t2;0;649.01;false
0.05;0.0;0.02;0.02;0.0;0.0;9;/dados/rmelo/PDPTW-SE/benchmark_multi_island_v5/official_experiments/multistartlp/official/set_01_pt_01/logs/heur_mslp/outputs/csvresults_heur_mslp_bash_2.csv;0;4;1;18;0;0.0;0.5;true;10;2;lr205_t2_08R_08V_02I_04M;/dados/rmelo/PDPTW-SE/benchmark_multi_island_v5/official_experiments/multistartlp/official/set_01_pt_01/configs/genconfig_mslp.conf;genconfig_mslp;/dados/rmelo/PDPTW-SE/benchmark_multi_island_v5/official_experiments/multistartlp/official/set_01_pt_01/logs/heur_mslp/gurobi/08R_08V_02I_04M/lr205_grb_genconfig_mslp_seed_41.log;random;08R_08V_02I_04M;1;0;1;/dados/rmelo/PDPTW-SE/benchmark_multi_island_v5/official_experiments/multistartlp/official/set_01_pt_01/../../../../instances/orig_ams_fg/08R_08V_02I_04M/t2/lr205/;60000;19744;0;1385.59;17;9;H;50;95;0;100.0;30.0;true;0.95;100.0;1.0;1.0;1.0;1.0;60;M;60000;60000;false;52;0.64;76.69;0.9;26;10;1000000;-1;3600;27.42;0.64;0.9;mslp;heur;0.64;0.9;-1;3600;60000;I;8;0.75;0.12;lr205;0;/dados/rmelo/PDPTW-SE/benchmark_multi_island_v5/official_experiments/multistartlp/official/set_01_pt_01/logs;0;0;0;0.0;100.0;1;41;/dados/rmelo/PDPTW-SE/benchmark_multi_island_v5/official_experiments/multistartlp/official/set_01_pt_01/logs/heur_mslp/solutions/08R_08V_02I_04M/lr205_sol_genconfig_mslp_seed_41.txt;Gurobi;AUTOMATIC;17.97;_bash_2;_seed_41;16451.51;1;44.43;/dados/rmelo/PDPTW-SE/benchmark_multi_island_v5/official_experiments/multistartlp/official/set_01_pt_01/logs/heur_mslp/timelines/08R_08V_02I_04M/lr205_timeline_genconfig_mslp_seed_41.txt;133.88;t2;0;639.95;false
0.05;0.19;0.36;0.55;0.01;0.17;5;/dados/rmelo/PDPTW-SE/benchmark_multi_island_v5/official_experiments/multistartlp/official/set_01_pt_01/logs/heur_mslp/outputs/csvresults_heur_mslp_bash_2.csv;0;3;1;18;0;0.0;0.5;true;10;2;lr101_t1_08R_08V_04I_03M;/dados/rmelo/PDPTW-SE/benchmark_multi_island_v5/official_experiments/multistartlp/official/set_01_pt_01/configs/genconfig_mslp.conf;genconfig_mslp;/dados/rmelo/PDPTW-SE/benchmark_multi_island_v5/official_experiments/multistartlp/official/set_01_pt_01/logs/heur_mslp/gurobi/08R_08V_04I_03M/lr101_grb_genconfig_mslp_seed_41.log;random;08R_08V_04I_03M;1;59756;1;/dados/rmelo/PDPTW-SE/benchmark_multi_island_v5/official_experiments/multistartlp/official/set_01_pt_01/../../../../instances/orig_ams_fg/08R_08V_04I_04M/t1/lr101/;60000;1179;0;1389.9;17;9;H;50;95;0;100.0;30.0;true;0.95;100.0;1.0;1.0;1.0;1.0;60;M;244;244;false;52;0.9;86.6;0.87;26;10;1000000;-1;3600;16.73;0.7;0.36;mslp;heur;0.48;0.16;-1;3600;60000;I;8;1.0;0.88;lr101;0;/dados/rmelo/PDPTW-SE/benchmark_multi_island_v5/official_experiments/multistartlp/official/set_01_pt_01/logs;0;0;0;99.59;100.0;1;41;/dados/rmelo/PDPTW-SE/benchmark_multi_island_v5/official_experiments/multistartlp/official/set_01_pt_01/logs/heur_mslp/solutions/08R_08V_04I_03M/lr101_sol_genconfig_mslp_seed_41.txt;Gurobi;AUTOMATIC;18.1;_bash_2;_seed_41;40.81;1;0.45;/dados/rmelo/PDPTW-SE/benchmark_multi_island_v5/official_experiments/multistartlp/official/set_01_pt_01/logs/heur_mslp/timelines/08R_08V_04I_03M/lr101_timeline_genconfig_mslp_seed_41.txt;7.37;t1;0;1155.57;false
0.05;0.16;0.26;0.42;0.02;0.16;8;/dados/rmelo/PDPTW-SE/benchmark_multi_island_v5/official_experiments/multistartlp/official/set_01_pt_01/logs/heur_mslp/outputs/csvresults_heur_mslp_bash_2.csv;0;4;1;18;0;0.0;0.5;true;10;2;lr101_t1_08R_08V_04I_04M;/dados/rmelo/PDPTW-SE/benchmark_multi_island_v5/official_experiments/multistartlp/official/set_01_pt_01/configs/genconfig_mslp.conf;genconfig_mslp;/dados/rmelo/PDPTW-SE/benchmark_multi_island_v5/official_experiments/multistartlp/official/set_01_pt_01/logs/heur_mslp/gurobi/08R_08V_04I_04M/lr101_grb_genconfig_mslp_seed_41.log;random;08R_08V_04I_04M;1;41770;1;/dados/rmelo/PDPTW-SE/benchmark_multi_island_v5/official_experiments/multistartlp/official/set_01_pt_01/../../../../instances/orig_ams_fg/08R_08V_04I_04M/t1/lr101/;60000;13225;0;1347.14;17;9;H;50;95;0;100.0;30.0;true;0.95;100.0;1.0;1.0;1.0;1.0;60;M;18230;18230;false;52;0.85;86.6;0.87;26;10;1000000;-1;3600;19.6;0.65;0.37;mslp;heur;0.48;0.16;-1;3600;60000;I;8;1.0;0.88;lr101;0;/dados/rmelo/PDPTW-SE/benchmark_multi_island_v5/official_experiments/multistartlp/official/set_01_pt_01/logs;0;0;0;69.62;100.0;1;41;/dados/rmelo/PDPTW-SE/benchmark_multi_island_v5/official_experiments/multistartlp/official/set_01_pt_01/logs/heur_mslp/solutions/08R_08V_04I_04M/lr101_sol_genconfig_mslp_seed_41.txt;Gurobi;AUTOMATIC;18.16;_bash_2;_seed_41;3572.44;1;10.27;/dados/rmelo/PDPTW-SE/benchmark_multi_island_v5/official_experiments/multistartlp/official/set_01_pt_01/logs/heur_mslp/timelines/08R_08V_04I_04M/lr101_timeline_genconfig_mslp_seed_41.txt;45.26;t1;0;1067.57;false
0.05;0.13;0.24;0.37;0.02;0.02;8;/dados/rmelo/PDPTW-SE/benchmark_multi_island_v5/official_experiments/multistartlp/official/set_01_pt_01/logs/heur_mslp/outputs/csvresults_heur_mslp_bash_2.csv;0;3;1;18;0;0.0;0.5;true;10;2;lr102_t1_08R_08V_04I_03M;/dados/rmelo/PDPTW-SE/benchmark_multi_island_v5/official_experiments/multistartlp/official/set_01_pt_01/configs/genconfig_mslp.conf;genconfig_mslp;/dados/rmelo/PDPTW-SE/benchmark_multi_island_v5/official_experiments/multistartlp/official/set_01_pt_01/logs/heur_mslp/gurobi/08R_08V_04I_03M/lr102_grb_genconfig_mslp_seed_41.log;random;08R_08V_04I_03M;1;30624;1;/dados/rmelo/PDPTW-SE/benchmark_multi_island_v5/official_experiments/multistartlp/official/set_01_pt_01/../../../../instances/orig_ams_fg/08R_08V_04I_04M/t1/lr102/;60000;5820;0;971.34;17;9;H;50;95;0;100.0;30.0;true;0.95;100.0;1.0;1.0;1.0;1.0;60;M;29376;29376;false;58;0.98;75.27;0.68;29;10;1000000;-1;3600;14.59;0.67;0.42;mslp;heur;0.35;0.1;-1;3600;60000;I;8;1.0;0.62;lr102;0;/dados/rmelo/PDPTW-SE/benchmark_multi_island_v5/official_experiments/multistartlp/official/set_01_pt_01/logs;0;0;0;51.04;100.0;1;41;/dados/rmelo/PDPTW-SE/benchmark_multi_island_v5/official_experiments/multistartlp/official/set_01_pt_01/logs/heur_mslp/solutions/08R_08V_04I_03M/lr102_sol_genconfig_mslp_seed_41.txt;Gurobi;AUTOMATIC;17.8;_bash_2;_seed_41;4285.35;1;6.34;/dados/rmelo/PDPTW-SE/benchmark_multi_island_v5/official_experiments/multistartlp/official/set_01_pt_01/logs/heur_mslp/timelines/08R_08V_04I_03M/lr102_timeline_genconfig_mslp_seed_41.txt;62.83;t1;0;772.63;false
0.05;0.1;0.18;0.28;0.02;0.02;6;/dados/rmelo/PDPTW-SE/benchmark_multi_island_v5/official_experiments/multistartlp/official/set_01_pt_01/logs/heur_mslp/outputs/csvresults_heur_mslp_bash_2.csv;0;4;1;18;0;0.0;0.5;true;10;2;lr102_t1_08R_08V_04I_04M;/dados/rmelo/PDPTW-SE/benchmark_multi_island_v5/official_experiments/multistartlp/official/set_01_pt_01/configs/genconfig_mslp.conf;genconfig_mslp;/dados/rmelo/PDPTW-SE/benchmark_multi_island_v5/official_experiments/multistartlp/official/set_01_pt_01/logs/heur_mslp/gurobi/08R_08V_04I_04M/lr102_grb_genconfig_mslp_seed_41.log;random;08R_08V_04I_04M;1;30075;1;/dados/rmelo/PDPTW-SE/benchmark_multi_island_v5/official_experiments/multistartlp/official/set_01_pt_01/../../../../instances/orig_ams_fg/08R_08V_04I_04M/t1/lr102/;60000;479;0;940.93;17;9;H;50;95;0;100.0;30.0;true;0.95;100.0;1.0;1.0;1.0;1.0;60;M;29925;29925;false;58;0.98;75.27;0.76;29;10;1000000;-1;3600;14.34;0.67;0.49;mslp;heur;0.35;0.13;-1;3600;60000;I;8;1.0;0.62;lr102;0;/dados/rmelo/PDPTW-SE/benchmark_multi_island_v5/official_experiments/multistartlp/official/set_01_pt_01/logs;0;0;0;50.12;100.0;1;41;/dados/rmelo/PDPTW-SE/benchmark_multi_island_v5/official_experiments/multistartlp/official/set_01_pt_01/logs/heur_mslp/solutions/08R_08V_04I_04M/lr102_sol_genconfig_mslp_seed_41.txt;Gurobi;AUTOMATIC;18.07;_bash_2;_seed_41;4292.17;1;0.85;/dados/rmelo/PDPTW-SE/benchmark_multi_island_v5/official_experiments/multistartlp/official/set_01_pt_01/logs/heur_mslp/timelines/08R_08V_04I_04M/lr102_timeline_genconfig_mslp_seed_41.txt;65.48;t1;0;773.21;false
0.05;0.08;0.18;0.26;0.0;0.0;4;/dados/rmelo/PDPTW-SE/benchmark_multi_island_v5/official_experiments/multistartlp/official/set_01_pt_01/logs/heur_mslp/outputs/csvresults_heur_mslp_bash_2.csv;0;3;1;18;0;0.0;0.5;true;10;2;lr103_t1_08R_08V_04I_03M;/dados/rmelo/PDPTW-SE/benchmark_multi_island_v5/official_experiments/multistartlp/official/set_01_pt_01/configs/genconfig_mslp.conf;genconfig_mslp;/dados/rmelo/PDPTW-SE/benchmark_multi_island_v5/official_experiments/multistartlp/official/set_01_pt_01/logs/heur_mslp/gurobi/08R_08V_04I_03M/lr103_grb_genconfig_mslp_seed_41.log;random;08R_08V_04I_03M;1;11992;1;/dados/rmelo/PDPTW-SE/benchmark_multi_island_v5/official_experiments/multistartlp/official/set_01_pt_01/../../../../instances/orig_ams_fg/08R_08V_04I_04M/t1/lr103/;60000;731;0;624.37;17;9;H;50;95;0;100.0;30.0;true;0.95;100.0;1.0;1.0;1.0;1.0;60;M;48008;48008;false;38;0.97;71.59;0.85;19;10;1000000;-1;3600;11.52;0.82;0.68;mslp;heur;0.55;0.5;-1;3600;60000;I;8;1.0;0.38;lr103;0;/dados/rmelo/PDPTW-SE/benchmark_multi_island_v5/official_experiments/multistartlp/official/set_01_pt_01/logs;0;0;0;19.99;100.0;1;41;/dados/rmelo/PDPTW-SE/benchmark_multi_island_v5/official_experiments/multistartlp/official/set_01_pt_01/logs/heur_mslp/solutions/08R_08V_04I_03M/lr103_sol_genconfig_mslp_seed_41.txt;Gurobi;AUTOMATIC;17.92;_bash_2;_seed_41;5530.14;1;1.62;/dados/rmelo/PDPTW-SE/benchmark_multi_island_v5/official_experiments/multistartlp/official/set_01_pt_01/logs/heur_mslp/timelines/08R_08V_04I_03M/lr103_timeline_genconfig_mslp_seed_41.txt;107.4;t1;0;563.98;false
0.05;0.08;0.18;0.26;0.0;0.0;6;/dados/rmelo/PDPTW-SE/benchmark_multi_island_v5/official_experiments/multistartlp/official/set_01_pt_01/logs/heur_mslp/outputs/csvresults_heur_mslp_bash_2.csv;0;4;1;18;0;0.0;0.5;true;10;2;lr103_t1_08R_08V_04I_04M;/dados/rmelo/PDPTW-SE/benchmark_multi_island_v5/official_experiments/multistartlp/official/set_01_pt_01/configs/genconfig_mslp.conf;genconfig_mslp;/dados/rmelo/PDPTW-SE/benchmark_multi_island_v5/official_experiments/multistartlp/official/set_01_pt_01/logs/heur_mslp/gurobi/08R_08V_04I_04M/lr103_grb_genconfig_mslp_seed_41.log;random;08R_08V_04I_04M;1;777;1;/dados/rmelo/PDPTW-SE/benchmark_multi_island_v5/official_experiments/multistartlp/official/set_01_pt_01/../../../../instances/orig_ams_fg/08R_08V_04I_04M/t1/lr103/;60000;277;0;629.48;17;9;H;50;95;0;100.0;30.0;true;0.95;100.0;1.0;1.0;1.0;1.0;60;M;59223;59223;false;38;0.97;70.03;1.0;19;10;1000000;-1;3600;10.59;0.82;0.76;mslp;heur;0.55;0.42;-1;3600;60000;I;8;0.75;0.38;lr103;0;/dados/rmelo/PDPTW-SE/benchmark_multi_island_v5/official_experiments/multistartlp/official/set_01_pt_01/logs;0;0;0;1.3;100.0;1;41;/dados/rmelo/PDPTW-SE/benchmark_multi_island_v5/official_experiments/multistartlp/official/set_01_pt_01/logs/heur_mslp/solutions/08R_08V_04I_04M/lr103_sol_genconfig_mslp_seed_41.txt;Gurobi;AUTOMATIC;18.21;_bash_2;_seed_41;6273.88;1;0.9;/dados/rmelo/PDPTW-SE/benchmark_multi_island_v5/official_experiments/multistartlp/official/set_01_pt_01/logs/heur_mslp/timelines/08R_08V_04I_04M/lr103_timeline_genconfig_mslp_seed_41.txt;131.09;t1;0;562.45;false
0.05;0.09;0.21;0.3;0.0;0.0;5;/dados/rmelo/PDPTW-SE/benchmark_multi_island_v5/official_experiments/multistartlp/official/set_01_pt_01/logs/heur_mslp/outputs/csvresults_heur_mslp_bash_2.csv;0;3;1;18;0;0.0;0.5;true;10;2;lr104_t1_08R_08V_04I_03M;/dados/rmelo/PDPTW-SE/benchmark_multi_island_v5/official_experiments/multistartlp/official/set_01_pt_01/configs/genconfig_mslp.conf;genconfig_mslp;/dados/rmelo/PDPTW-SE/benchmark_multi_island_v5/official_experiments/multistartlp/official/set_01_pt_01/logs/heur_mslp/gurobi/08R_08V_04I_03M/lr104_grb_genconfig_mslp_seed_41.log;random;08R_08V_04I_03M;1;11138;1;/dados/rmelo/PDPTW-SE/benchmark_multi_island_v5/official_experiments/multistartlp/official/set_01_pt_01/../../../../instances/orig_ams_fg/08R_08V_04I_04M/t1/lr104/;60000;1049;0;867.34;17;9;H;50;95;0;100.0;30.0;true;0.95;100.0;1.0;1.0;1.0;1.0;60;M;48862;48862;false;40;0.92;77.35;0.73;20;10;1000000;-1;3600;16.2;0.56;0.52;mslp;heur;0.33;0.21;-1;3600;60000;I;8;1.0;0.62;lr104;0;/dados/rmelo/PDPTW-SE/benchmark_multi_island_v5/official_experiments/multistartlp/official/set_01_pt_01/logs;0;0;0;18.56;100.0;1;41;/dados/rmelo/PDPTW-SE/benchmark_multi_island_v5/official_experiments/multistartlp/official/set_01_pt_01/logs/heur_mslp/solutions/08R_08V_04I_03M/lr104_sol_genconfig_mslp_seed_41.txt;Gurobi;AUTOMATIC;18.18;_bash_2;_seed_41;7915.75;1;2.36;/dados/rmelo/PDPTW-SE/benchmark_multi_island_v5/official_experiments/multistartlp/official/set_01_pt_01/logs/heur_mslp/timelines/08R_08V_04I_03M/lr104_timeline_genconfig_mslp_seed_41.txt;112.26;t1;0;649.57;false
0.05;0.05;0.18;0.23;0.0;0.0;5;/dados/rmelo/PDPTW-SE/benchmark_multi_island_v5/official_experiments/multistartlp/official/set_01_pt_01/logs/heur_mslp/outputs/csvresults_heur_mslp_bash_2.csv;0;4;1;18;0;0.0;0.5;true;10;2;lr104_t1_08R_08V_04I_04M;/dados/rmelo/PDPTW-SE/benchmark_multi_island_v5/official_experiments/multistartlp/official/set_01_pt_01/configs/genconfig_mslp.conf;genconfig_mslp;/dados/rmelo/PDPTW-SE/benchmark_multi_island_v5/official_experiments/multistartlp/official/set_01_pt_01/logs/heur_mslp/gurobi/08R_08V_04I_04M/lr104_grb_genconfig_mslp_seed_41.log;random;08R_08V_04I_04M;1;2000;1;/dados/rmelo/PDPTW-SE/benchmark_multi_island_v5/official_experiments/multistartlp/official/set_01_pt_01/../../../../instances/orig_ams_fg/08R_08V_04I_04M/t1/lr104/;60000;186;0;863.75;17;9;H;50;95;0;100.0;30.0;true;0.95;100.0;1.0;1.0;1.0;1.0;60;M;58000;58000;false;40;0.82;77.35;0.77;20;10;1000000;-1;3600;10.61;0.56;0.51;mslp;heur;0.33;0.3;-1;3600;60000;I;8;1.0;0.62;lr104;0;/dados/rmelo/PDPTW-SE/benchmark_multi_island_v5/official_experiments/multistartlp/official/set_01_pt_01/logs;0;0;0;3.33;100.0;1;41;/dados/rmelo/PDPTW-SE/benchmark_multi_island_v5/official_experiments/multistartlp/official/set_01_pt_01/logs/heur_mslp/solutions/08R_08V_04I_04M/lr104_sol_genconfig_mslp_seed_41.txt;Gurobi;AUTOMATIC;18.03;_bash_2;_seed_41;6153.55;1;0.72;/dados/rmelo/PDPTW-SE/benchmark_multi_island_v5/official_experiments/multistartlp/official/set_01_pt_01/logs/heur_mslp/timelines/08R_08V_04I_04M/lr104_timeline_genconfig_mslp_seed_41.txt;133.16;t1;0;649.55;false
0.05;0.11;0.3;0.42;0.0;0.04;5;/dados/rmelo/PDPTW-SE/benchmark_multi_island_v5/official_experiments/multistartlp/official/set_01_pt_01/logs/heur_mslp/outputs/csvresults_heur_mslp_bash_2.csv;0;3;1;18;0;0.0;0.5;true;10;2;lr105_t1_08R_08V_04I_03M;/dados/rmelo/PDPTW-SE/benchmark_multi_island_v5/official_experiments/multistartlp/official/set_01_pt_01/configs/genconfig_mslp.conf;genconfig_mslp;/dados/rmelo/PDPTW-SE/benchmark_multi_island_v5/official_experiments/multistartlp/official/set_01_pt_01/logs/heur_mslp/gurobi/08R_08V_04I_03M/lr105_grb_genconfig_mslp_seed_41.log;random;08R_08V_04I_03M;1;51696;1;/dados/rmelo/PDPTW-SE/benchmark_multi_island_v5/official_experiments/multistartlp/official/set_01_pt_01/../../../../instances/orig_ams_fg/08R_08V_04I_04M/t1/lr105/;60000;3973;0;1033.1;17;9;H;50;95;0;100.0;30.0;true;0.95;100.0;1.0;1.0;1.0;1.0;60;M;8304;8304;false;52;0.8;83.91;0.76;26;10;1000000;-1;3600;14.36;0.61;0.52;mslp;heur;0.4;0.44;-1;3600;60000;I;8;1.0;0.62;lr105;0;/dados/rmelo/PDPTW-SE/benchmark_multi_island_v5/official_experiments/multistartlp/official/set_01_pt_01/logs;0;0;0;86.16;100.0;1;41;/dados/rmelo/PDPTW-SE/benchmark_multi_island_v5/official_experiments/multistartlp/official/set_01_pt_01/logs/heur_mslp/solutions/08R_08V_04I_03M/lr105_sol_genconfig_mslp_seed_41.txt;Gurobi;AUTOMATIC;18.27;_bash_2;_seed_41;1192.5;1;2.21;/dados/rmelo/PDPTW-SE/benchmark_multi_island_v5/official_experiments/multistartlp/official/set_01_pt_01/logs/heur_mslp/timelines/08R_08V_04I_03M/lr105_timeline_genconfig_mslp_seed_41.txt;27.34;t1;0;754.77;false
0.05;0.07;0.23;0.3;0.0;0.04;10;/dados/rmelo/PDPTW-SE/benchmark_multi_island_v5/official_experiments/multistartlp/official/set_01_pt_01/logs/heur_mslp/outputs/csvresults_heur_mslp_bash_2.csv;0;4;1;18;0;0.0;0.5;true;10;2;lr105_t1_08R_08V_04I_04M;/dados/rmelo/PDPTW-SE/benchmark_multi_island_v5/official_experiments/multistartlp/official/set_01_pt_01/configs/genconfig_mslp.conf;genconfig_mslp;/dados/rmelo/PDPTW-SE/benchmark_multi_island_v5/official_experiments/multistartlp/official/set_01_pt_01/logs/heur_mslp/gurobi/08R_08V_04I_04M/lr105_grb_genconfig_mslp_seed_41.log;random;08R_08V_04I_04M;1;9198;1;/dados/rmelo/PDPTW-SE/benchmark_multi_island_v5/official_experiments/multistartlp/official/set_01_pt_01/../../../../instances/orig_ams_fg/08R_08V_04I_04M/t1/lr105/;60000;12855;0;1074.57;17;9;H;50;95;0;100.0;30.0;true;0.95;100.0;1.0;1.0;1.0;1.0;60;M;50802;50802;false;52;0.79;83.91;0.6;26;10;1000000;-1;3600;13.56;0.61;0.48;mslp;heur;0.41;0.35;-1;3600;60000;I;8;1.0;0.62;lr105;0;/dados/rmelo/PDPTW-SE/benchmark_multi_island_v5/official_experiments/multistartlp/official/set_01_pt_01/logs;0;0;0;15.33;100.0;1;41;/dados/rmelo/PDPTW-SE/benchmark_multi_island_v5/official_experiments/multistartlp/official/set_01_pt_01/logs/heur_mslp/solutions/08R_08V_04I_04M/lr105_sol_genconfig_mslp_seed_41.txt;Gurobi;AUTOMATIC;18.18;_bash_2;_seed_41;6887.49;1;22.96;/dados/rmelo/PDPTW-SE/benchmark_multi_island_v5/official_experiments/multistartlp/official/set_01_pt_01/logs/heur_mslp/timelines/08R_08V_04I_04M/lr105_timeline_genconfig_mslp_seed_41.txt;105.68;t1;0;751.51;false
0.05;0.01;0.09;0.1;0.16;0.11;5;/dados/rmelo/PDPTW-SE/benchmark_multi_island_v5/official_experiments/multistartlp/official/set_01_pt_01/logs/heur_mslp/outputs/csvresults_heur_mslp_bash_2.csv;0;3;1;18;0;0.0;0.5;true;10;2;lr201_t2_08R_08V_04I_03M;/dados/rmelo/PDPTW-SE/benchmark_multi_island_v5/official_experiments/multistartlp/official/set_01_pt_01/configs/genconfig_mslp.conf;genconfig_mslp;/dados/rmelo/PDPTW-SE/benchmark_multi_island_v5/official_experiments/multistartlp/official/set_01_pt_01/logs/heur_mslp/gurobi/08R_08V_04I_03M/lr201_grb_genconfig_mslp_seed_41.log;random;08R_08V_04I_03M;1;0;1;/dados/rmelo/PDPTW-SE/benchmark_multi_island_v5/official_experiments/multistartlp/official/set_01_pt_01/../../../../instances/orig_ams_fg/08R_08V_04I_04M/t2/lr201/;60000;36;0;1691.52;17;9;H;50;95;0;100.0;30.0;true;0.95;100.0;1.0;1.0;1.0;1.0;60;M;60000;60000;false;52;0.72;77.67;0.9;26;10;1000000;-1;3600;22.06;0.51;0.88;mslp;heur;0.3;0.87;-1;3600;60000;I;8;1.0;0.25;lr201;0;/dados/rmelo/PDPTW-SE/benchmark_multi_island_v5/official_experiments/multistartlp/official/set_01_pt_01/logs;0;0;0;0.0;100.0;1;41;/dados/rmelo/PDPTW-SE/benchmark_multi_island_v5/official_experiments/multistartlp/official/set_01_pt_01/logs/heur_mslp/solutions/08R_08V_04I_03M/lr201_sol_genconfig_mslp_seed_41.txt;Gurobi;AUTOMATIC;18.18;_bash_2;_seed_41;13238.38;1;0.36;/dados/rmelo/PDPTW-SE/benchmark_multi_island_v5/official_experiments/multistartlp/official/set_01_pt_01/logs/heur_mslp/timelines/08R_08V_04I_03M/lr201_timeline_genconfig_mslp_seed_41.txt;125.71;t2;0;1022.83;false
0.05;0.02;0.06;0.09;0.13;0.13;6;/dados/rmelo/PDPTW-SE/benchmark_multi_island_v5/official_experiments/multistartlp/official/set_01_pt_01/logs/heur_mslp/outputs/csvresults_heur_mslp_bash_2.csv;0;4;1;18;0;0.0;0.5;true;10;2;lr201_t2_08R_08V_04I_04M;/dados/rmelo/PDPTW-SE/benchmark_multi_island_v5/official_experiments/multistartlp/official/set_01_pt_01/configs/genconfig_mslp.conf;genconfig_mslp;/dados/rmelo/PDPTW-SE/benchmark_multi_island_v5/official_experiments/multistartlp/official/set_01_pt_01/logs/heur_mslp/gurobi/08R_08V_04I_04M/lr201_grb_genconfig_mslp_seed_41.log;random;08R_08V_04I_04M;1;0;1;/dados/rmelo/PDPTW-SE/benchmark_multi_island_v5/official_experiments/multistartlp/official/set_01_pt_01/../../../../instances/orig_ams_fg/08R_08V_04I_04M/t2/lr201/;60000;36;0;1691.52;17;9;H;50;95;0;100.0;30.0;true;0.95;100.0;1.0;1.0;1.0;1.0;60;M;60000;60000;false;52;0.72;77.67;0.9;26;10;1000000;-1;3600;21.85;0.51;0.88;mslp;heur;0.3;0.87;-1;3600;60000;I;8;1.0;0.25;lr201;0;/dados/rmelo/PDPTW-SE/benchmark_multi_island_v5/official_experiments/multistartlp/official/set_01_pt_01/logs;0;0;0;0.0;100.0;1;41;/dados/rmelo/PDPTW-SE/benchmark_multi_island_v5/official_experiments/multistartlp/official/set_01_pt_01/logs/heur_mslp/solutions/08R_08V_04I_04M/lr201_sol_genconfig_mslp_seed_41.txt;Gurobi;AUTOMATIC;18.15;_bash_2;_seed_41;13108.06;1;0.37;/dados/rmelo/PDPTW-SE/benchmark_multi_island_v5/official_experiments/multistartlp/official/set_01_pt_01/logs/heur_mslp/timelines/08R_08V_04I_04M/lr201_timeline_genconfig_mslp_seed_41.txt;128.83;t2;0;1018.91;false
0.05;0.02;0.07;0.09;0.0;0.0;9;/dados/rmelo/PDPTW-SE/benchmark_multi_island_v5/official_experiments/multistartlp/official/set_01_pt_01/logs/heur_mslp/outputs/csvresults_heur_mslp_bash_2.csv;0;3;1;18;0;0.0;0.5;true;10;2;lr202_t2_08R_08V_04I_03M;/dados/rmelo/PDPTW-SE/benchmark_multi_island_v5/official_experiments/multistartlp/official/set_01_pt_01/configs/genconfig_mslp.conf;genconfig_mslp;/dados/rmelo/PDPTW-SE/benchmark_multi_island_v5/official_experiments/multistartlp/official/set_01_pt_01/logs/heur_mslp/gurobi/08R_08V_04I_03M/lr202_grb_genconfig_mslp_seed_41.log;random;08R_08V_04I_03M;1;0;1;/dados/rmelo/PDPTW-SE/benchmark_multi_island_v5/official_experiments/multistartlp/official/set_01_pt_01/../../../../instances/orig_ams_fg/08R_08V_04I_04M/t2/lr202/;60000;23587;0;1363.51;17;9;H;50;95;0;100.0;30.0;true;0.95;100.0;1.0;1.0;1.0;1.0;60;M;60000;60000;false;46;0.46;92.55;0.78;23;10;1000000;-1;3600;25.16;0.39;0.61;mslp;heur;0.31;0.43;-1;3600;60000;I;8;1.0;0.25;lr202;0;/dados/rmelo/PDPTW-SE/benchmark_multi_island_v5/official_experiments/multistartlp/official/set_01_pt_01/logs;0;0;0;0.0;100.0;1;41;/dados/rmelo/PDPTW-SE/benchmark_multi_island_v5/official_experiments/multistartlp/official/set_01_pt_01/logs/heur_mslp/solutions/08R_08V_04I_03M/lr202_sol_genconfig_mslp_seed_41.txt;Gurobi;AUTOMATIC;18.26;_bash_2;_seed_41;15096.97;1;62.31;/dados/rmelo/PDPTW-SE/benchmark_multi_island_v5/official_experiments/multistartlp/official/set_01_pt_01/logs/heur_mslp/timelines/08R_08V_04I_03M/lr202_timeline_genconfig_mslp_seed_41.txt;158.19;t2;0;773.98;false
0.05;0.04;0.05;0.09;0.0;0.0;12;/dados/rmelo/PDPTW-SE/benchmark_multi_island_v5/official_experiments/multistartlp/official/set_01_pt_01/logs/heur_mslp/outputs/csvresults_heur_mslp_bash_2.csv;0;4;1;18;0;0.0;0.5;true;10;2;lr202_t2_08R_08V_04I_04M;/dados/rmelo/PDPTW-SE/benchmark_multi_island_v5/official_experiments/multistartlp/official/set_01_pt_01/configs/genconfig_mslp.conf;genconfig_mslp;/dados/rmelo/PDPTW-SE/benchmark_multi_island_v5/official_experiments/multistartlp/official/set_01_pt_01/logs/heur_mslp/gurobi/08R_08V_04I_04M/lr202_grb_genconfig_mslp_seed_41.log;random;08R_08V_04I_04M;1;0;1;/dados/rmelo/PDPTW-SE/benchmark_multi_island_v5/official_experiments/multistartlp/official/set_01_pt_01/../../../../instances/orig_ams_fg/08R_08V_04I_04M/t2/lr202/;60000;20169;0;1361.74;17;9;H;50;95;0;100.0;30.0;true;0.95;100.0;1.0;1.0;1.0;1.0;60;M;60000;60000;false;46;0.45;88.06;0.78;23;10;1000000;-1;3600;30.43;0.38;0.61;mslp;heur;0.31;0.43;-1;3600;60000;I;8;1.0;0.25;lr202;0;/dados/rmelo/PDPTW-SE/benchmark_multi_island_v5/official_experiments/multistartlp/official/set_01_pt_01/logs;0;0;0;0.0;100.0;1;41;/dados/rmelo/PDPTW-SE/benchmark_multi_island_v5/official_experiments/multistartlp/official/set_01_pt_01/logs/heur_mslp/solutions/08R_08V_04I_04M/lr202_sol_genconfig_mslp_seed_41.txt;Gurobi;AUTOMATIC;18.38;_bash_2;_seed_41;18259.95;1;56.51;/dados/rmelo/PDPTW-SE/benchmark_multi_island_v5/official_experiments/multistartlp/official/set_01_pt_01/logs/heur_mslp/timelines/08R_08V_04I_04M/lr202_timeline_genconfig_mslp_seed_41.txt;166.93;t2;0;760.68;false
0.05;0.05;0.12;0.16;0.01;0.01;10;/dados/rmelo/PDPTW-SE/benchmark_multi_island_v5/official_experiments/multistartlp/official/set_01_pt_01/logs/heur_mslp/outputs/csvresults_heur_mslp_bash_2.csv;0;3;1;18;0;0.0;0.5;true;10;2;lr203_t2_08R_08V_04I_03M;/dados/rmelo/PDPTW-SE/benchmark_multi_island_v5/official_experiments/multistartlp/official/set_01_pt_01/configs/genconfig_mslp.conf;genconfig_mslp;/dados/rmelo/PDPTW-SE/benchmark_multi_island_v5/official_experiments/multistartlp/official/set_01_pt_01/logs/heur_mslp/gurobi/08R_08V_04I_03M/lr203_grb_genconfig_mslp_seed_41.log;random;08R_08V_04I_03M;1;0;1;/dados/rmelo/PDPTW-SE/benchmark_multi_island_v5/official_experiments/multistartlp/official/set_01_pt_01/../../../../instances/orig_ams_fg/08R_08V_04I_04M/t2/lr203/;60000;4351;0;1537.77;17;9;H;50;95;0;100.0;30.0;true;0.95;100.0;1.0;1.0;1.0;1.0;60;M;60000;60000;false;34;0.68;80.61;1.0;17;10;1000000;-1;3600;20.99;0.68;1.0;mslp;heur;0.68;1.0;-1;3600;60000;I;8;0.67;0.12;lr203;0;/dados/rmelo/PDPTW-SE/benchmark_multi_island_v5/official_experiments/multistartlp/official/set_01_pt_01/logs;0;0;0;0.0;100.0;1;41;/dados/rmelo/PDPTW-SE/benchmark_multi_island_v5/official_experiments/multistartlp/official/set_01_pt_01/logs/heur_mslp/solutions/08R_08V_04I_03M/lr203_sol_genconfig_mslp_seed_41.txt;Gurobi;AUTOMATIC;18.68;_bash_2;_seed_41;12596.55;1;10.66;/dados/rmelo/PDPTW-SE/benchmark_multi_island_v5/official_experiments/multistartlp/official/set_01_pt_01/logs/heur_mslp/timelines/08R_08V_04I_03M/lr203_timeline_genconfig_mslp_seed_41.txt;142.61;t2;0;684.38;false
0.05;0.04;0.08;0.12;0.0;0.0;9;/dados/rmelo/PDPTW-SE/benchmark_multi_island_v5/official_experiments/multistartlp/official/set_01_pt_01/logs/heur_mslp/outputs/csvresults_heur_mslp_bash_2.csv;0;4;1;18;0;0.0;0.5;true;10;2;lr203_t2_08R_08V_04I_04M;/dados/rmelo/PDPTW-SE/benchmark_multi_island_v5/official_experiments/multistartlp/official/set_01_pt_01/configs/genconfig_mslp.conf;genconfig_mslp;/dados/rmelo/PDPTW-SE/benchmark_multi_island_v5/official_experiments/multistartlp/official/set_01_pt_01/logs/heur_mslp/gurobi/08R_08V_04I_04M/lr203_grb_genconfig_mslp_seed_41.log;random;08R_08V_04I_04M;1;0;1;/dados/rmelo/PDPTW-SE/benchmark_multi_island_v5/official_experiments/multistartlp/official/set_01_pt_01/../../../../instances/orig_ams_fg/08R_08V_04I_04M/t2/lr203/;60000;11133;0;1536.44;17;9;H;50;95;0;100.0;30.0;true;0.95;100.0;1.0;1.0;1.0;1.0;60;M;60000;60000;false;34;0.68;79.65;1.0;17;10;1000000;-1;3600;21.36;0.68;1.0;mslp;heur;0.68;1.0;-1;3600;60000;I;8;0.75;0.12;lr203;0;/dados/rmelo/PDPTW-SE/benchmark_multi_island_v5/official_experiments/multistartlp/official/set_01_pt_01/logs;0;0;0;0.0;100.0;1;41;/dados/rmelo/PDPTW-SE/benchmark_multi_island_v5/official_experiments/multistartlp/official/set_01_pt_01/logs/heur_mslp/solutions/08R_08V_04I_04M/lr203_sol_genconfig_mslp_seed_41.txt;Gurobi;AUTOMATIC;18.29;_bash_2;_seed_41;12816.37;1;27.59;/dados/rmelo/PDPTW-SE/benchmark_multi_island_v5/official_experiments/multistartlp/official/set_01_pt_01/logs/heur_mslp/timelines/08R_08V_04I_04M/lr203_timeline_genconfig_mslp_seed_41.txt;147.17;t2;0;683.66;false
0.05;0.03;0.06;0.09;0.0;0.0;7;/dados/rmelo/PDPTW-SE/benchmark_multi_island_v5/official_experiments/multistartlp/official/set_01_pt_01/logs/heur_mslp/outputs/csvresults_heur_mslp_bash_2.csv;0;3;1;18;0;0.0;0.5;true;10;2;lr204_t2_08R_08V_04I_03M;/dados/rmelo/PDPTW-SE/benchmark_multi_island_v5/official_experiments/multistartlp/official/set_01_pt_01/configs/genconfig_mslp.conf;genconfig_mslp;/dados/rmelo/PDPTW-SE/benchmark_multi_island_v5/official_experiments/multistartlp/official/set_01_pt_01/logs/heur_mslp/gurobi/08R_08V_04I_03M/lr204_grb_genconfig_mslp_seed_41.log;random;08R_08V_04I_03M;1;0;1;/dados/rmelo/PDPTW-SE/benchmark_multi_island_v5/official_experiments/multistartlp/official/set_01_pt_01/../../../../instances/orig_ams_fg/08R_08V_04I_04M/t2/lr204/;60000;24810;0;1271.57;17;9;H;50;95;0;100.0;30.0;true;0.95;100.0;1.0;1.0;1.0;1.0;60;M;59449;60000;false;38;0.54;97.54;1.0;19;10;1000000;-1;3600;14.17;0.36;0.66;mslp;heur;0.18;0.32;-1;3600;60000;I;8;1.0;0.25;lr204;0;/dados/rmelo/PDPTW-SE/benchmark_multi_island_v5/official_experiments/multistartlp/official/set_01_pt_01/logs;0;0;0;0.0;99.08;1;41;/dados/rmelo/PDPTW-SE/benchmark_multi_island_v5/official_experiments/multistartlp/official/set_01_pt_01/logs/heur_mslp/solutions/08R_08V_04I_03M/lr204_sol_genconfig_mslp_seed_41.txt;Gurobi;AUTOMATIC;18.57;_bash_2;_seed_41;8504.77;1;70.29;/dados/rmelo/PDPTW-SE/benchmark_multi_island_v5/official_experiments/multistartlp/official/set_01_pt_01/logs/heur_mslp/timelines/08R_08V_04I_03M/lr204_timeline_genconfig_mslp_seed_41.txt;170.48;t2;0;721.23;false
0.05;0.03;0.06;0.09;0.0;0.0;7;/dados/rmelo/PDPTW-SE/benchmark_multi_island_v5/official_experiments/multistartlp/official/set_01_pt_01/logs/heur_mslp/outputs/csvresults_heur_mslp_bash_2.csv;0;4;1;18;0;0.0;0.5;true;10;2;lr204_t2_08R_08V_04I_04M;/dados/rmelo/PDPTW-SE/benchmark_multi_island_v5/official_experiments/multistartlp/official/set_01_pt_01/configs/genconfig_mslp.conf;genconfig_mslp;/dados/rmelo/PDPTW-SE/benchmark_multi_island_v5/official_experiments/multistartlp/official/set_01_pt_01/logs/heur_mslp/gurobi/08R_08V_04I_04M/lr204_grb_genconfig_mslp_seed_41.log;random;08R_08V_04I_04M;1;0;1;/dados/rmelo/PDPTW-SE/benchmark_multi_island_v5/official_experiments/multistartlp/official/set_01_pt_01/../../../../instances/orig_ams_fg/08R_08V_04I_04M/t2/lr204/;60000;24810;0;1270.35;17;9;H;50;95;0;100.0;30.0;true;0.95;100.0;1.0;1.0;1.0;1.0;60;M;59425;60000;false;38;0.54;96.33;1.0;19;10;1000000;-1;3600;14.78;0.36;0.66;mslp;heur;0.18;0.32;-1;3600;60000;I;8;0.75;0.25;lr204;0;/dados/rmelo/PDPTW-SE/benchmark_multi_island_v5/official_experiments/multistartlp/official/set_01_pt_01/logs;0;0;0;0.0;99.04;1;41;/dados/rmelo/PDPTW-SE/benchmark_multi_island_v5/official_experiments/multistartlp/official/set_01_pt_01/logs/heur_mslp/solutions/08R_08V_04I_04M/lr204_sol_genconfig_mslp_seed_41.txt;Gurobi;AUTOMATIC;18.66;_bash_2;_seed_41;8866.48;1;74.43;/dados/rmelo/PDPTW-SE/benchmark_multi_island_v5/official_experiments/multistartlp/official/set_01_pt_01/logs/heur_mslp/timelines/08R_08V_04I_04M/lr204_timeline_genconfig_mslp_seed_41.txt;180.05;t2;0;720.9;false
0.05;0.04;0.06;0.1;0.0;0.0;11;/dados/rmelo/PDPTW-SE/benchmark_multi_island_v5/official_experiments/multistartlp/official/set_01_pt_01/logs/heur_mslp/outputs/csvresults_heur_mslp_bash_2.csv;0;3;1;18;0;0.0;0.5;true;10;2;lr205_t2_08R_08V_04I_03M;/dados/rmelo/PDPTW-SE/benchmark_multi_island_v5/official_experiments/multistartlp/official/set_01_pt_01/configs/genconfig_mslp.conf;genconfig_mslp;/dados/rmelo/PDPTW-SE/benchmark_multi_island_v5/official_experiments/multistartlp/official/set_01_pt_01/logs/heur_mslp/gurobi/08R_08V_04I_03M/lr205_grb_genconfig_mslp_seed_41.log;random;08R_08V_04I_03M;1;0;1;/dados/rmelo/PDPTW-SE/benchmark_multi_island_v5/official_experiments/multistartlp/official/set_01_pt_01/../../../../instances/orig_ams_fg/08R_08V_04I_04M/t2/lr205/;60000;2393;0;863.38;17;9;H;50;95;0;100.0;30.0;true;0.95;100.0;1.0;1.0;1.0;1.0;60;M;60000;60000;false;52;0.66;71.99;0.9;26;10;1000000;-1;3600;27.58;0.66;0.9;mslp;heur;0.66;0.9;-1;3600;60000;I;8;1.0;0.12;lr205;0;/dados/rmelo/PDPTW-SE/benchmark_multi_island_v5/official_experiments/multistartlp/official/set_01_pt_01/logs;0;0;0;0.0;100.0;1;41;/dados/rmelo/PDPTW-SE/benchmark_multi_island_v5/official_experiments/multistartlp/official/set_01_pt_01/logs/heur_mslp/solutions/08R_08V_04I_03M/lr205_sol_genconfig_mslp_seed_41.txt;Gurobi;AUTOMATIC;18.41;_bash_2;_seed_41;16549.04;1;6.57;/dados/rmelo/PDPTW-SE/benchmark_multi_island_v5/official_experiments/multistartlp/official/set_01_pt_01/logs/heur_mslp/timelines/08R_08V_04I_03M/lr205_timeline_genconfig_mslp_seed_41.txt;156.96;t2;0;662.24;false
0.05;0.04;0.09;0.13;0.0;0.01;11;/dados/rmelo/PDPTW-SE/benchmark_multi_island_v5/official_experiments/multistartlp/official/set_01_pt_01/logs/heur_mslp/outputs/csvresults_heur_mslp_bash_2.csv;0;4;1;18;0;0.0;0.5;true;10;2;lr205_t2_08R_08V_04I_04M;/dados/rmelo/PDPTW-SE/benchmark_multi_island_v5/official_experiments/multistartlp/official/set_01_pt_01/configs/genconfig_mslp.conf;genconfig_mslp;/dados/rmelo/PDPTW-SE/benchmark_multi_island_v5/official_experiments/multistartlp/official/set_01_pt_01/logs/heur_mslp/gurobi/08R_08V_04I_04M/lr205_grb_genconfig_mslp_seed_41.log;random;08R_08V_04I_04M;1;0;1;/dados/rmelo/PDPTW-SE/benchmark_multi_island_v5/official_experiments/multistartlp/official/set_01_pt_01/../../../../instances/orig_ams_fg/08R_08V_04I_04M/t2/lr205/;60000;3763;0;857.61;17;9;H;50;95;0;100.0;30.0;true;0.95;100.0;1.0;1.0;1.0;1.0;60;M;60000;60000;false;52;0.66;71.99;0.88;26;10;1000000;-1;3600;27.58;0.66;0.88;mslp;heur;0.66;0.88;-1;3600;60000;I;8;0.5;0.12;lr205;0;/dados/rmelo/PDPTW-SE/benchmark_multi_island_v5/official_experiments/multistartlp/official/set_01_pt_01/logs;0;0;0;0.0;100.0;1;41;/dados/rmelo/PDPTW-SE/benchmark_multi_island_v5/official_experiments/multistartlp/official/set_01_pt_01/logs/heur_mslp/solutions/08R_08V_04I_04M/lr205_sol_genconfig_mslp_seed_41.txt;Gurobi;AUTOMATIC;18.45;_bash_2;_seed_41;16545.43;1;10.31;/dados/rmelo/PDPTW-SE/benchmark_multi_island_v5/official_experiments/multistartlp/official/set_01_pt_01/logs/heur_mslp/timelines/08R_08V_04I_04M/lr205_timeline_genconfig_mslp_seed_41.txt;160.86;t2;0;661.85;false
0.05;0.12;0.19;0.32;0.0;0.12;7;/dados/rmelo/PDPTW-SE/benchmark_multi_island_v5/official_experiments/multistartlp/official/set_01_pt_01/logs/heur_mslp/outputs/csvresults_heur_mslp_bash_2.csv;0;3;1;22;0;0.0;0.5;true;12;2;lr101_t1_10R_10V_02I_03M;/dados/rmelo/PDPTW-SE/benchmark_multi_island_v5/official_experiments/multistartlp/official/set_01_pt_01/configs/genconfig_mslp.conf;genconfig_mslp;/dados/rmelo/PDPTW-SE/benchmark_multi_island_v5/official_experiments/multistartlp/official/set_01_pt_01/logs/heur_mslp/gurobi/10R_10V_02I_03M/lr101_grb_genconfig_mslp_seed_41.log;random;10R_10V_02I_03M;1;57670;1;/dados/rmelo/PDPTW-SE/benchmark_multi_island_v5/official_experiments/multistartlp/official/set_01_pt_01/../../../../instances/orig_ams_fg/10R_10V_02I_04M/t1/lr101/;60000;12169;0;1678.7;21;11;H;50;95;0;100.0;30.0;true;0.95;100.0;1.0;1.0;1.0;1.0;60;M;2330;2330;false;52;0.91;104.84;0.87;26;10;1000000;-1;3600;13.12;0.66;0.37;mslp;heur;0.35;0.16;-1;3600;60000;I;10;1.0;0.8;lr101;0;/dados/rmelo/PDPTW-SE/benchmark_multi_island_v5/official_experiments/multistartlp/official/set_01_pt_01/logs;0;0;0;96.12;100.0;1;41;/dados/rmelo/PDPTW-SE/benchmark_multi_island_v5/official_experiments/multistartlp/official/set_01_pt_01/logs/heur_mslp/solutions/10R_10V_02I_03M/lr101_sol_genconfig_mslp_seed_41.txt;Gurobi;AUTOMATIC;18.92;_bash_2;_seed_41;305.79;1;3.45;/dados/rmelo/PDPTW-SE/benchmark_multi_island_v5/official_experiments/multistartlp/official/set_01_pt_01/logs/heur_mslp/timelines/10R_10V_02I_03M/lr101_timeline_genconfig_mslp_seed_41.txt;15.29;t1;0;1295.99;false
0.05;0.07;0.14;0.2;0.0;0.13;5;/dados/rmelo/PDPTW-SE/benchmark_multi_island_v5/official_experiments/multistartlp/official/set_01_pt_01/logs/heur_mslp/outputs/csvresults_heur_mslp_bash_2.csv;0;4;1;22;0;0.0;0.5;true;12;2;lr101_t1_10R_10V_02I_04M;/dados/rmelo/PDPTW-SE/benchmark_multi_island_v5/official_experiments/multistartlp/official/set_01_pt_01/configs/genconfig_mslp.conf;genconfig_mslp;/dados/rmelo/PDPTW-SE/benchmark_multi_island_v5/official_experiments/multistartlp/official/set_01_pt_01/logs/heur_mslp/gurobi/10R_10V_02I_04M/lr101_grb_genconfig_mslp_seed_41.log;random;10R_10V_02I_04M;1;36217;1;/dados/rmelo/PDPTW-SE/benchmark_multi_island_v5/official_experiments/multistartlp/official/set_01_pt_01/../../../../instances/orig_ams_fg/10R_10V_02I_04M/t1/lr101/;60000;4138;0;1649.68;21;11;H;50;95;0;100.0;30.0;true;0.95;100.0;1.0;1.0;1.0;1.0;60;M;23783;23783;false;52;0.89;97.55;0.87;26;10;1000000;-1;3600;14.15;0.64;0.37;mslp;heur;0.35;0.16;-1;3600;60000;I;10;1.0;0.8;lr101;0;/dados/rmelo/PDPTW-SE/benchmark_multi_island_v5/official_experiments/multistartlp/official/set_01_pt_01/logs;0;0;0;60.36;100.0;1;41;/dados/rmelo/PDPTW-SE/benchmark_multi_island_v5/official_experiments/multistartlp/official/set_01_pt_01/logs/heur_mslp/solutions/10R_10V_02I_04M/lr101_sol_genconfig_mslp_seed_41.txt;Gurobi;AUTOMATIC;18.69;_bash_2;_seed_41;3365.84;1;4.56;/dados/rmelo/PDPTW-SE/benchmark_multi_island_v5/official_experiments/multistartlp/official/set_01_pt_01/logs/heur_mslp/timelines/10R_10V_02I_04M/lr101_timeline_genconfig_mslp_seed_41.txt;62.52;t1;0;1254.94;false
0.05;0.02;0.05;0.07;0.02;0.03;5;/dados/rmelo/PDPTW-SE/benchmark_multi_island_v5/official_experiments/multistartlp/official/set_01_pt_01/logs/heur_mslp/outputs/csvresults_heur_mslp_bash_2.csv;0;3;1;22;0;0.0;0.5;true;12;2;lr102_t1_10R_10V_02I_03M;/dados/rmelo/PDPTW-SE/benchmark_multi_island_v5/official_experiments/multistartlp/official/set_01_pt_01/configs/genconfig_mslp.conf;genconfig_mslp;/dados/rmelo/PDPTW-SE/benchmark_multi_island_v5/official_experiments/multistartlp/official/set_01_pt_01/logs/heur_mslp/gurobi/10R_10V_02I_03M/lr102_grb_genconfig_mslp_seed_41.log;random;10R_10V_02I_03M;1;0;1;/dados/rmelo/PDPTW-SE/benchmark_multi_island_v5/official_experiments/multistartlp/official/set_01_pt_01/../../../../instances/orig_ams_fg/10R_10V_02I_04M/t1/lr102/;60000;42;0;1221.03;21;11;H;50;95;0;100.0;30.0;true;0.95;100.0;1.0;1.0;1.0;1.0;60;M;60000;60000;false;58;0.92;111.15;0.61;29;10;1000000;-1;3600;11.56;0.63;0.44;mslp;heur;0.29;0.29;-1;3600;60000;I;10;1.0;0.6;lr102;0;/dados/rmelo/PDPTW-SE/benchmark_multi_island_v5/official_experiments/multistartlp/official/set_01_pt_01/logs;0;0;0;0.0;100.0;1;41;/dados/rmelo/PDPTW-SE/benchmark_multi_island_v5/official_experiments/multistartlp/official/set_01_pt_01/logs/heur_mslp/solutions/10R_10V_02I_03M/lr102_sol_genconfig_mslp_seed_41.txt;Gurobi;AUTOMATIC;18.54;_bash_2;_seed_41;6935.7;1;0.42;/dados/rmelo/PDPTW-SE/benchmark_multi_island_v5/official_experiments/multistartlp/official/set_01_pt_01/logs/heur_mslp/timelines/10R_10V_02I_03M/lr102_timeline_genconfig_mslp_seed_41.txt;123.07;t1;0;1018.62;false
0.05;0.02;0.05;0.07;0.02;0.03;5;/dados/rmelo/PDPTW-SE/benchmark_multi_island_v5/official_experiments/multistartlp/official/set_01_pt_01/logs/heur_mslp/outputs/csvresults_heur_mslp_bash_2.csv;0;4;1;22;0;0.0;0.5;true;12;2;lr102_t1_10R_10V_02I_04M;/dados/rmelo/PDPTW-SE/benchmark_multi_island_v5/official_experiments/multistartlp/official/set_01_pt_01/configs/genconfig_mslp.conf;genconfig_mslp;/dados/rmelo/PDPTW-SE/benchmark_multi_island_v5/official_experiments/multistartlp/official/set_01_pt_01/logs/heur_mslp/gurobi/10R_10V_02I_04M/lr102_grb_genconfig_mslp_seed_41.log;random;10R_10V_02I_04M;1;0;1;/dados/rmelo/PDPTW-SE/benchmark_multi_island_v5/official_experiments/multistartlp/official/set_01_pt_01/../../../../instances/orig_ams_fg/10R_10V_02I_04M/t1/lr102/;60000;42;0;1221.03;21;11;H;50;95;0;100.0;30.0;true;0.95;100.0;1.0;1.0;1.0;1.0;60;M;60000;60000;false;58;0.92;111.15;0.61;29;10;1000000;-1;3600;11.56;0.63;0.44;mslp;heur;0.29;0.29;-1;3600;60000;I;10;0.75;0.6;lr102;0;/dados/rmelo/PDPTW-SE/benchmark_multi_island_v5/official_experiments/multistartlp/official/set_01_pt_01/logs;0;0;0;0.0;100.0;1;41;/dados/rmelo/PDPTW-SE/benchmark_multi_island_v5/official_experiments/multistartlp/official/set_01_pt_01/logs/heur_mslp/solutions/10R_10V_02I_04M/lr102_sol_genconfig_mslp_seed_41.txt;Gurobi;AUTOMATIC;18.43;_bash_2;_seed_41;6935.7;1;0.4;/dados/rmelo/PDPTW-SE/benchmark_multi_island_v5/official_experiments/multistartlp/official/set_01_pt_01/logs/heur_mslp/timelines/10R_10V_02I_04M/lr102_timeline_genconfig_mslp_seed_41.txt;127.42;t1;0;1018.62;false
0.05;0.0;0.08;0.08;0.0;0.0;3;/dados/rmelo/PDPTW-SE/benchmark_multi_island_v5/official_experiments/multistartlp/official/set_01_pt_01/logs/heur_mslp/outputs/csvresults_heur_mslp_bash_2.csv;0;3;1;22;0;0.0;0.5;true;12;2;lr103_t1_10R_10V_02I_03M;/dados/rmelo/PDPTW-SE/benchmark_multi_island_v5/official_experiments/multistartlp/official/set_01_pt_01/configs/genconfig_mslp.conf;genconfig_mslp;/dados/rmelo/PDPTW-SE/benchmark_multi_island_v5/official_experiments/multistartlp/official/set_01_pt_01/logs/heur_mslp/gurobi/10R_10V_02I_03M/lr103_grb_genconfig_mslp_seed_41.log;random;10R_10V_02I_03M;1;105;1;/dados/rmelo/PDPTW-SE/benchmark_multi_island_v5/official_experiments/multistartlp/official/set_01_pt_01/../../../../instances/orig_ams_fg/10R_10V_02I_04M/t1/lr103/;60000;34;0;719.04;21;11;H;50;95;0;100.0;30.0;true;0.95;100.0;1.0;1.0;1.0;1.0;60;M;59895;59895;false;38;0.94;83.42;0.85;19;10;1000000;-1;3600;8.5;0.88;0.75;mslp;heur;0.79;0.62;-1;3600;60000;I;10;0.67;0.3;lr103;0;/dados/rmelo/PDPTW-SE/benchmark_multi_island_v5/official_experiments/multistartlp/official/set_01_pt_01/logs;0;0;0;0.18;100.0;1;41;/dados/rmelo/PDPTW-SE/benchmark_multi_island_v5/official_experiments/multistartlp/official/set_01_pt_01/logs/heur_mslp/solutions/10R_10V_02I_03M/lr103_sol_genconfig_mslp_seed_41.txt;Gurobi;AUTOMATIC;18.58;_bash_2;_seed_41;5090.12;1;0.37;/dados/rmelo/PDPTW-SE/benchmark_multi_island_v5/official_experiments/multistartlp/official/set_01_pt_01/logs/heur_mslp/timelines/10R_10V_02I_03M/lr103_timeline_genconfig_mslp_seed_41.txt;135.23;t1;0;610.04;false
0.05;0.0;0.08;0.08;0.0;0.0;3;/dados/rmelo/PDPTW-SE/benchmark_multi_island_v5/official_experiments/multistartlp/official/set_01_pt_01/logs/heur_mslp/outputs/csvresults_heur_mslp_bash_2.csv;0;4;1;22;0;0.0;0.5;true;12;2;lr103_t1_10R_10V_02I_04M;/dados/rmelo/PDPTW-SE/benchmark_multi_island_v5/official_experiments/multistartlp/official/set_01_pt_01/configs/genconfig_mslp.conf;genconfig_mslp;/dados/rmelo/PDPTW-SE/benchmark_multi_island_v5/official_experiments/multistartlp/official/set_01_pt_01/logs/heur_mslp/gurobi/10R_10V_02I_04M/lr103_grb_genconfig_mslp_seed_41.log;random;10R_10V_02I_04M;1;1;1;/dados/rmelo/PDPTW-SE/benchmark_multi_island_v5/official_experiments/multistartlp/official/set_01_pt_01/../../../../instances/orig_ams_fg/10R_10V_02I_04M/t1/lr103/;60000;34;0;716.49;21;11;H;50;95;0;100.0;30.0;true;0.95;100.0;1.0;1.0;1.0;1.0;60;M;59999;59999;false;38;0.94;83.42;0.85;19;10;1000000;-1;3600;8.4;0.88;0.75;mslp;heur;0.79;0.62;-1;3600;60000;I;10;0.5;0.3;lr103;0;/dados/rmelo/PDPTW-SE/benchmark_multi_island_v5/official_experiments/multistartlp/official/set_01_pt_01/logs;0;0;0;0.0;100.0;1;41;/dados/rmelo/PDPTW-SE/benchmark_multi_island_v5/official_experiments/multistartlp/official/set_01_pt_01/logs/heur_mslp/solutions/10R_10V_02I_04M/lr103_sol_genconfig_mslp_seed_41.txt;Gurobi;AUTOMATIC;18.46;_bash_2;_seed_41;5038.36;1;0.4;/dados/rmelo/PDPTW-SE/benchmark_multi_island_v5/official_experiments/multistartlp/official/set_01_pt_01/logs/heur_mslp/timelines/10R_10V_02I_04M/lr103_timeline_genconfig_mslp_seed_41.txt;140.59;t1;0;610.04;false
0.05;0.12;0.25;0.37;0.0;0.0;7;/dados/rmelo/PDPTW-SE/benchmark_multi_island_v5/official_experiments/multistartlp/official/set_01_pt_01/logs/heur_mslp/outputs/csvresults_heur_mslp_bash_2.csv;0;3;1;22;0;0.0;0.5;true;12;2;lr104_t1_10R_10V_02I_03M;/dados/rmelo/PDPTW-SE/benchmark_multi_island_v5/official_experiments/multistartlp/official/set_01_pt_01/configs/genconfig_mslp.conf;genconfig_mslp;/dados/rmelo/PDPTW-SE/benchmark_multi_island_v5/official_experiments/multistartlp/official/set_01_pt_01/logs/heur_mslp/gurobi/10R_10V_02I_03M/lr104_grb_genconfig_mslp_seed_41.log;random;10R_10V_02I_03M;1;0;1;/dados/rmelo/PDPTW-SE/benchmark_multi_island_v5/official_experiments/multistartlp/official/set_01_pt_01/../../../../instances/orig_ams_fg/10R_10V_02I_04M/t1/lr104/;60000;35112;0;891.8;21;11;H;50;95;0;100.0;30.0;true;0.95;100.0;1.0;1.0;1.0;1.0;60;M;58631;60000;false;40;0.93;99.32;0.75;20;10;1000000;-1;3600;6.41;0.75;0.51;mslp;heur;0.5;0.35;-1;3600;60000;I;10;0.33;0.4;lr104;0;/dados/rmelo/PDPTW-SE/benchmark_multi_island_v5/official_experiments/multistartlp/official/set_01_pt_01/logs;0;0;0;0.0;97.72;1;41;/dados/rmelo/PDPTW-SE/benchmark_multi_island_v5/official_experiments/multistartlp/official/set_01_pt_01/logs/heur_mslp/solutions/10R_10V_02I_03M/lr104_sol_genconfig_mslp_seed_41.txt;Gurobi;AUTOMATIC;18.51;_bash_2;_seed_41;3843.68;1;70.07;/dados/rmelo/PDPTW-SE/benchmark_multi_island_v5/official_experiments/multistartlp/official/set_01_pt_01/logs/heur_mslp/timelines/10R_10V_02I_03M/lr104_timeline_genconfig_mslp_seed_41.txt;119.81;t1;0;687.39;false
0.05;0.0;0.12;0.12;0.0;0.0;9;/dados/rmelo/PDPTW-SE/benchmark_multi_island_v5/official_experiments/multistartlp/official/set_01_pt_01/logs/heur_mslp/outputs/csvresults_heur_mslp_bash_2.csv;0;4;1;22;0;0.0;0.5;true;12;2;lr104_t1_10R_10V_02I_04M;/dados/rmelo/PDPTW-SE/benchmark_multi_island_v5/official_experiments/multistartlp/official/set_01_pt_01/configs/genconfig_mslp.conf;genconfig_mslp;/dados/rmelo/PDPTW-SE/benchmark_multi_island_v5/official_experiments/multistartlp/official/set_01_pt_01/logs/heur_mslp/gurobi/10R_10V_02I_04M/lr104_grb_genconfig_mslp_seed_41.log;random;10R_10V_02I_04M;1;0;1;/dados/rmelo/PDPTW-SE/benchmark_multi_island_v5/official_experiments/multistartlp/official/set_01_pt_01/../../../../instances/orig_ams_fg/10R_10V_02I_04M/t1/lr104/;60000;34231;0;854.52;21;11;H;50;95;0;100.0;30.0;true;0.95;100.0;1.0;1.0;1.0;1.0;60;M;59864;60000;false;40;0.86;89.04;0.75;20;10;1000000;-1;3600;7.06;0.73;0.58;mslp;heur;0.5;0.46;-1;3600;60000;I;10;0.5;0.4;lr104;0;/dados/rmelo/PDPTW-SE/benchmark_multi_island_v5/official_experiments/multistartlp/official/set_01_pt_01/logs;0;0;0;0.0;99.77;1;41;/dados/rmelo/PDPTW-SE/benchmark_multi_island_v5/official_experiments/multistartlp/official/set_01_pt_01/logs/heur_mslp/solutions/10R_10V_02I_04M/lr104_sol_genconfig_mslp_seed_41.txt;Gurobi;AUTOMATIC;18.48;_bash_2;_seed_41;4238.89;1;71.22;/dados/rmelo/PDPTW-SE/benchmark_multi_island_v5/official_experiments/multistartlp/official/set_01_pt_01/logs/heur_mslp/timelines/10R_10V_02I_04M/lr104_timeline_genconfig_mslp_seed_41.txt;125.35;t1;0;671.72;false
0.05;0.0;0.13;0.13;0.0;0.03;5;/dados/rmelo/PDPTW-SE/benchmark_multi_island_v5/official_experiments/multistartlp/official/set_01_pt_01/logs/heur_mslp/outputs/csvresults_heur_mslp_bash_2.csv;0;3;1;22;0;0.0;0.5;true;12;2;lr105_t1_10R_10V_02I_03M;/dados/rmelo/PDPTW-SE/benchmark_multi_island_v5/official_experiments/multistartlp/official/set_01_pt_01/configs/genconfig_mslp.conf;genconfig_mslp;/dados/rmelo/PDPTW-SE/benchmark_multi_island_v5/official_experiments/multistartlp/official/set_01_pt_01/logs/heur_mslp/gurobi/10R_10V_02I_03M/lr105_grb_genconfig_mslp_seed_41.log;random;10R_10V_02I_03M;1;0;1;/dados/rmelo/PDPTW-SE/benchmark_multi_island_v5/official_experiments/multistartlp/official/set_01_pt_01/../../../../instances/orig_ams_fg/10R_10V_02I_04M/t1/lr105/;60000;51;0;1008.59;21;11;H;50;95;0;100.0;30.0;true;0.95;100.0;1.0;1.0;1.0;1.0;60;M;60000;60000;false;52;0.78;83.39;0.88;26;10;1000000;-1;3600;18.65;0.58;0.53;mslp;heur;0.4;0.37;-1;3600;60000;I;10;0.67;0.5;lr105;0;/dados/rmelo/PDPTW-SE/benchmark_multi_island_v5/official_experiments/multistartlp/official/set_01_pt_01/logs;0;0;0;0.0;100.0;1;41;/dados/rmelo/PDPTW-SE/benchmark_multi_island_v5/official_experiments/multistartlp/official/set_01_pt_01/logs/heur_mslp/solutions/10R_10V_02I_03M/lr105_sol_genconfig_mslp_seed_41.txt;Gurobi;AUTOMATIC;18.38;_bash_2;_seed_41;11187.26;1;0.41;/dados/rmelo/PDPTW-SE/benchmark_multi_island_v5/official_experiments/multistartlp/official/set_01_pt_01/logs/heur_mslp/timelines/10R_10V_02I_03M/lr105_timeline_genconfig_mslp_seed_41.txt;113.32;t1;0;671.01;false
0.05;0.0;0.13;0.13;0.0;0.03;5;/dados/rmelo/PDPTW-SE/benchmark_multi_island_v5/official_experiments/multistartlp/official/set_01_pt_01/logs/heur_mslp/outputs/csvresults_heur_mslp_bash_2.csv;0;4;1;22;0;0.0;0.5;true;12;2;lr105_t1_10R_10V_02I_04M;/dados/rmelo/PDPTW-SE/benchmark_multi_island_v5/official_experiments/multistartlp/official/set_01_pt_01/configs/genconfig_mslp.conf;genconfig_mslp;/dados/rmelo/PDPTW-SE/benchmark_multi_island_v5/official_experiments/multistartlp/official/set_01_pt_01/logs/heur_mslp/gurobi/10R_10V_02I_04M/lr105_grb_genconfig_mslp_seed_41.log;random;10R_10V_02I_04M;1;0;1;/dados/rmelo/PDPTW-SE/benchmark_multi_island_v5/official_experiments/multistartlp/official/set_01_pt_01/../../../../instances/orig_ams_fg/10R_10V_02I_04M/t1/lr105/;60000;51;0;1008.59;21;11;H;50;95;0;100.0;30.0;true;0.95;100.0;1.0;1.0;1.0;1.0;60;M;60000;60000;false;52;0.78;83.39;0.88;26;10;1000000;-1;3600;18.65;0.58;0.53;mslp;heur;0.4;0.37;-1;3600;60000;I;10;0.5;0.5;lr105;0;/dados/rmelo/PDPTW-SE/benchmark_multi_island_v5/official_experiments/multistartlp/official/set_01_pt_01/logs;0;0;0;0.0;100.0;1;41;/dados/rmelo/PDPTW-SE/benchmark_multi_island_v5/official_experiments/multistartlp/official/set_01_pt_01/logs/heur_mslp/solutions/10R_10V_02I_04M/lr105_sol_genconfig_mslp_seed_41.txt;Gurobi;AUTOMATIC;18.43;_bash_2;_seed_41;11192.37;1;0.38;/dados/rmelo/PDPTW-SE/benchmark_multi_island_v5/official_experiments/multistartlp/official/set_01_pt_01/logs/heur_mslp/timelines/10R_10V_02I_04M/lr105_timeline_genconfig_mslp_seed_41.txt;115.69;t1;0;671.01;false
0.05;0.01;0.04;0.05;0.0;0.11;11;/dados/rmelo/PDPTW-SE/benchmark_multi_island_v5/official_experiments/multistartlp/official/set_01_pt_01/logs/heur_mslp/outputs/csvresults_heur_mslp_bash_2.csv;0;3;1;22;0;0.0;0.5;true;12;2;lr201_t2_10R_10V_02I_03M;/dados/rmelo/PDPTW-SE/benchmark_multi_island_v5/official_experiments/multistartlp/official/set_01_pt_01/configs/genconfig_mslp.conf;genconfig_mslp;/dados/rmelo/PDPTW-SE/benchmark_multi_island_v5/official_experiments/multistartlp/official/set_01_pt_01/logs/heur_mslp/gurobi/10R_10V_02I_03M/lr201_grb_genconfig_mslp_seed_41.log;random;10R_10V_02I_03M;1;0;1;/dados/rmelo/PDPTW-SE/benchmark_multi_island_v5/official_experiments/multistartlp/official/set_01_pt_01/../../../../instances/orig_ams_fg/10R_10V_02I_04M/t2/lr201/;60000;433;0;2142.7;21;11;H;50;95;0;100.0;30.0;true;0.95;100.0;1.0;1.0;1.0;1.0;60;M;60000;60000;false;52;0.7;90.08;1.0;26;10;1000000;-1;3600;26.51;0.5;0.93;mslp;heur;0.3;0.87;-1;3600;60000;I;10;0.67;0.2;lr201;0;/dados/rmelo/PDPTW-SE/benchmark_multi_island_v5/official_experiments/multistartlp/official/set_01_pt_01/logs;0;0;0;0.0;100.0;1;41;/dados/rmelo/PDPTW-SE/benchmark_multi_island_v5/official_experiments/multistartlp/official/set_01_pt_01/logs/heur_mslp/solutions/10R_10V_02I_03M/lr201_sol_genconfig_mslp_seed_41.txt;Gurobi;AUTOMATIC;18.79;_bash_2;_seed_41;15903.59;1;1.23;/dados/rmelo/PDPTW-SE/benchmark_multi_island_v5/official_experiments/multistartlp/official/set_01_pt_01/logs/heur_mslp/timelines/10R_10V_02I_03M/lr201_timeline_genconfig_mslp_seed_41.txt;128.97;t2;0;1006.56;false
0.05;0.01;0.03;0.04;0.0;0.11;11;/dados/rmelo/PDPTW-SE/benchmark_multi_island_v5/official_experiments/multistartlp/official/set_01_pt_01/logs/heur_mslp/outputs/csvresults_heur_mslp_bash_2.csv;0;4;1;22;0;0.0;0.5;true;12;2;lr201_t2_10R_10V_02I_04M;/dados/rmelo/PDPTW-SE/benchmark_multi_island_v5/official_experiments/multistartlp/official/set_01_pt_01/configs/genconfig_mslp.conf;genconfig_mslp;/dados/rmelo/PDPTW-SE/benchmark_multi_island_v5/official_experiments/multistartlp/official/set_01_pt_01/logs/heur_mslp/gurobi/10R_10V_02I_04M/lr201_grb_genconfig_mslp_seed_41.log;random;10R_10V_02I_04M;1;0;1;/dados/rmelo/PDPTW-SE/benchmark_multi_island_v5/official_experiments/multistartlp/official/set_01_pt_01/../../../../instances/orig_ams_fg/10R_10V_02I_04M/t2/lr201/;60000;433;0;2142.0;21;11;H;50;95;0;100.0;30.0;true;0.95;100.0;1.0;1.0;1.0;1.0;60;M;60000;60000;false;52;0.7;90.08;1.0;26;10;1000000;-1;3600;26.52;0.5;0.93;mslp;heur;0.3;0.87;-1;3600;60000;I;10;0.75;0.2;lr201;0;/dados/rmelo/PDPTW-SE/benchmark_multi_island_v5/official_experiments/multistartlp/official/set_01_pt_01/logs;0;0;0;0.0;100.0;1;41;/dados/rmelo/PDPTW-SE/benchmark_multi_island_v5/official_experiments/multistartlp/official/set_01_pt_01/logs/heur_mslp/solutions/10R_10V_02I_04M/lr201_sol_genconfig_mslp_seed_41.txt;Gurobi;AUTOMATIC;18.49;_bash_2;_seed_41;15914.19;1;1.28;/dados/rmelo/PDPTW-SE/benchmark_multi_island_v5/official_experiments/multistartlp/official/set_01_pt_01/logs/heur_mslp/timelines/10R_10V_02I_04M/lr201_timeline_genconfig_mslp_seed_41.txt;133.07;t2;0;1005.86;false
0.05;0.0;0.02;0.03;0.0;0.01;12;/dados/rmelo/PDPTW-SE/benchmark_multi_island_v5/official_experiments/multistartlp/official/set_01_pt_01/logs/heur_mslp/outputs/csvresults_heur_mslp_bash_2.csv;0;3;1;22;0;0.0;0.5;true;12;2;lr202_t2_10R_10V_02I_03M;/dados/rmelo/PDPTW-SE/benchmark_multi_island_v5/official_experiments/multistartlp/official/set_01_pt_01/configs/genconfig_mslp.conf;genconfig_mslp;/dados/rmelo/PDPTW-SE/benchmark_multi_island_v5/official_experiments/multistartlp/official/set_01_pt_01/logs/heur_mslp/gurobi/10R_10V_02I_03M/lr202_grb_genconfig_mslp_seed_41.log;random;10R_10V_02I_03M;1;0;1;/dados/rmelo/PDPTW-SE/benchmark_multi_island_v5/official_experiments/multistartlp/official/set_01_pt_01/../../../../instances/orig_ams_fg/10R_10V_02I_04M/t2/lr202/;60000;33902;0;1836.32;21;11;H;50;95;0;100.0;30.0;true;0.95;100.0;1.0;1.0;1.0;1.0;60;M;60000;60000;false;46;0.49;79.34;0.87;23;10;1000000;-1;3600;27.71;0.41;0.83;mslp;heur;0.32;0.78;-1;3600;60000;I;10;0.67;0.2;lr202;0;/dados/rmelo/PDPTW-SE/benchmark_multi_island_v5/official_experiments/multistartlp/official/set_01_pt_01/logs;0;0;0;0.0;100.0;1;41;/dados/rmelo/PDPTW-SE/benchmark_multi_island_v5/official_experiments/multistartlp/official/set_01_pt_01/logs/heur_mslp/solutions/10R_10V_02I_03M/lr202_sol_genconfig_mslp_seed_41.txt;Gurobi;AUTOMATIC;18.41;_bash_2;_seed_41;16626.84;1;81.03;/dados/rmelo/PDPTW-SE/benchmark_multi_island_v5/official_experiments/multistartlp/official/set_01_pt_01/logs/heur_mslp/timelines/10R_10V_02I_03M/lr202_timeline_genconfig_mslp_seed_41.txt;143.39;t2;0;810.23;false
0.05;0.0;0.02;0.02;0.0;0.01;12;/dados/rmelo/PDPTW-SE/benchmark_multi_island_v5/official_experiments/multistartlp/official/set_01_pt_01/logs/heur_mslp/outputs/csvresults_heur_mslp_bash_2.csv;0;4;1;22;0;0.0;0.5;true;12;2;lr202_t2_10R_10V_02I_04M;/dados/rmelo/PDPTW-SE/benchmark_multi_island_v5/official_experiments/multistartlp/official/set_01_pt_01/configs/genconfig_mslp.conf;genconfig_mslp;/dados/rmelo/PDPTW-SE/benchmark_multi_island_v5/official_experiments/multistartlp/official/set_01_pt_01/logs/heur_mslp/gurobi/10R_10V_02I_04M/lr202_grb_genconfig_mslp_seed_41.log;random;10R_10V_02I_04M;1;0;1;/dados/rmelo/PDPTW-SE/benchmark_multi_island_v5/official_experiments/multistartlp/official/set_01_pt_01/../../../../instances/orig_ams_fg/10R_10V_02I_04M/t2/lr202/;60000;33902;0;1836.32;21;11;H;50;95;0;100.0;30.0;true;0.95;100.0;1.0;1.0;1.0;1.0;60;M;60000;60000;false;46;0.49;78.32;0.87;23;10;1000000;-1;3600;28.1;0.4;0.83;mslp;heur;0.32;0.78;-1;3600;60000;I;10;0.75;0.2;lr202;0;/dados/rmelo/PDPTW-SE/benchmark_multi_island_v5/official_experiments/multistartlp/official/set_01_pt_01/logs;0;0;0;0.0;100.0;1;41;/dados/rmelo/PDPTW-SE/benchmark_multi_island_v5/official_experiments/multistartlp/official/set_01_pt_01/logs/heur_mslp/solutions/10R_10V_02I_04M/lr202_sol_genconfig_mslp_seed_41.txt;Gurobi;AUTOMATIC;18.5;_bash_2;_seed_41;16859.19;1;84.38;/dados/rmelo/PDPTW-SE/benchmark_multi_island_v5/official_experiments/multistartlp/official/set_01_pt_01/logs/heur_mslp/timelines/10R_10V_02I_04M/lr202_timeline_genconfig_mslp_seed_41.txt;149.13;t2;0;809.32;false
0.05;0.01;0.02;0.03;0.01;0.05;12;/dados/rmelo/PDPTW-SE/benchmark_multi_island_v5/official_experiments/multistartlp/official/set_01_pt_01/logs/heur_mslp/outputs/csvresults_heur_mslp_bash_2.csv;0;3;1;22;0;0.0;0.5;true;12;2;lr203_t2_10R_10V_02I_03M;/dados/rmelo/PDPTW-SE/benchmark_multi_island_v5/official_experiments/multistartlp/official/set_01_pt_01/configs/genconfig_mslp.conf;genconfig_mslp;/dados/rmelo/PDPTW-SE/benchmark_multi_island_v5/official_experiments/multistartlp/official/set_01_pt_01/logs/heur_mslp/gurobi/10R_10V_02I_03M/lr203_grb_genconfig_mslp_seed_41.log;random;10R_10V_02I_03M;1;0;1;/dados/rmelo/PDPTW-SE/benchmark_multi_island_v5/official_experiments/multistartlp/official/set_01_pt_01/../../../../instances/orig_ams_fg/10R_10V_02I_04M/t2/lr203/;60000;3074;0;1529.23;21;11;H;50;95;0;100.0;30.0;true;0.95;100.0;1.0;1.0;1.0;1.0;60;M;60000;60000;false;58;0.59;102.9;1.0;29;10;1000000;-1;3600;19.71;0.38;0.82;mslp;heur;0.17;0.64;-1;3600;60000;I;10;0.67;0.2;lr203;0;/dados/rmelo/PDPTW-SE/benchmark_multi_island_v5/official_experiments/multistartlp/official/set_01_pt_01/logs;0;0;0;0.0;100.0;1;41;/dados/rmelo/PDPTW-SE/benchmark_multi_island_v5/official_experiments/multistartlp/official/set_01_pt_01/logs/heur_mslp/solutions/10R_10V_02I_03M/lr203_sol_genconfig_mslp_seed_41.txt;Gurobi;AUTOMATIC;18.8;_bash_2;_seed_41;11823.75;1;10.11;/dados/rmelo/PDPTW-SE/benchmark_multi_island_v5/official_experiments/multistartlp/official/set_01_pt_01/logs/heur_mslp/timelines/10R_10V_02I_03M/lr203_timeline_genconfig_mslp_seed_41.txt;189.96;t2;0;756.99;false
0.05;0.01;0.02;0.03;0.01;0.05;9;/dados/rmelo/PDPTW-SE/benchmark_multi_island_v5/official_experiments/multistartlp/official/set_01_pt_01/logs/heur_mslp/outputs/csvresults_heur_mslp_bash_2.csv;0;4;1;22;0;0.0;0.5;true;12;2;lr203_t2_10R_10V_02I_04M;/dados/rmelo/PDPTW-SE/benchmark_multi_island_v5/official_experiments/multistartlp/official/set_01_pt_01/configs/genconfig_mslp.conf;genconfig_mslp;/dados/rmelo/PDPTW-SE/benchmark_multi_island_v5/official_experiments/multistartlp/official/set_01_pt_01/logs/heur_mslp/gurobi/10R_10V_02I_04M/lr203_grb_genconfig_mslp_seed_41.log;random;10R_10V_02I_04M;1;0;1;/dados/rmelo/PDPTW-SE/benchmark_multi_island_v5/official_experiments/multistartlp/official/set_01_pt_01/../../../../instances/orig_ams_fg/10R_10V_02I_04M/t2/lr203/;60000;3074;0;1529.19;21;11;H;50;95;0;100.0;30.0;true;0.95;100.0;1.0;1.0;1.0;1.0;60;M;60000;60000;false;58;0.59;102.9;1.0;29;10;1000000;-1;3600;20.01;0.38;0.82;mslp;heur;0.17;0.64;-1;3600;60000;I;10;0.5;0.2;lr203;0;/dados/rmelo/PDPTW-SE/benchmark_multi_island_v5/official_experiments/multistartlp/official/set_01_pt_01/logs;0;0;0;0.0;100.0;1;41;/dados/rmelo/PDPTW-SE/benchmark_multi_island_v5/official_experiments/multistartlp/official/set_01_pt_01/logs/heur_mslp/solutions/10R_10V_02I_04M/lr203_sol_genconfig_mslp_seed_41.txt;Gurobi;AUTOMATIC;18.34;_bash_2;_seed_41;12007.63;1;10.32;/dados/rmelo/PDPTW-SE/benchmark_multi_island_v5/official_experiments/multistartlp/official/set_01_pt_01/logs/heur_mslp/timelines/10R_10V_02I_04M/lr203_timeline_genconfig_mslp_seed_41.txt;196.45;t2;0;756.27;false
0.05;0.01;0.03;0.04;0.0;0.0;10;/dados/rmelo/PDPTW-SE/benchmark_multi_island_v5/official_experiments/multistartlp/official/set_01_pt_01/logs/heur_mslp/outputs/csvresults_heur_mslp_bash_2.csv;0;3;1;22;0;0.0;0.5;true;12;2;lr204_t2_10R_10V_02I_03M;/dados/rmelo/PDPTW-SE/benchmark_multi_island_v5/official_experiments/multistartlp/official/set_01_pt_01/configs/genconfig_mslp.conf;genconfig_mslp;/dados/rmelo/PDPTW-SE/benchmark_multi_island_v5/official_experiments/multistartlp/official/set_01_pt_01/logs/heur_mslp/gurobi/10R_10V_02I_03M/lr204_grb_genconfig_mslp_seed_41.log;random;10R_10V_02I_03M;1;0;1;/dados/rmelo/PDPTW-SE/benchmark_multi_island_v5/official_experiments/multistartlp/official/set_01_pt_01/../../../../instances/orig_ams_fg/10R_10V_02I_04M/t2/lr204/;60000;40040;0;1169.05;21;11;H;50;95;0;100.0;30.0;true;0.95;100.0;1.0;1.0;1.0;1.0;60;M;55497;60000;false;38;0.51;88.45;0.97;19;10;1000000;-1;3600;8.77;0.38;0.74;mslp;heur;0.24;0.5;-1;3600;60000;I;10;0.67;0.2;lr204;0;/dados/rmelo/PDPTW-SE/benchmark_multi_island_v5/official_experiments/multistartlp/official/set_01_pt_01/logs;0;0;0;0.0;92.5;1;41;/dados/rmelo/PDPTW-SE/benchmark_multi_island_v5/official_experiments/multistartlp/official/set_01_pt_01/logs/heur_mslp/solutions/10R_10V_02I_03M/lr204_sol_genconfig_mslp_seed_41.txt;Gurobi;AUTOMATIC;18.07;_bash_2;_seed_41;5261.39;1;122.33;/dados/rmelo/PDPTW-SE/benchmark_multi_island_v5/official_experiments/multistartlp/official/set_01_pt_01/logs/heur_mslp/timelines/10R_10V_02I_03M/lr204_timeline_genconfig_mslp_seed_41.txt;183.12;t2;0;751.71;false
0.05;0.01;0.03;0.04;0.0;0.0;9;/dados/rmelo/PDPTW-SE/benchmark_multi_island_v5/official_experiments/multistartlp/official/set_01_pt_01/logs/heur_mslp/outputs/csvresults_heur_mslp_bash_2.csv;0;4;1;22;0;0.0;0.5;true;12;2;lr204_t2_10R_10V_02I_04M;/dados/rmelo/PDPTW-SE/benchmark_multi_island_v5/official_experiments/multistartlp/official/set_01_pt_01/configs/genconfig_mslp.conf;genconfig_mslp;/dados/rmelo/PDPTW-SE/benchmark_multi_island_v5/official_experiments/multistartlp/official/set_01_pt_01/logs/heur_mslp/gurobi/10R_10V_02I_04M/lr204_grb_genconfig_mslp_seed_41.log;random;10R_10V_02I_04M;1;0;1;/dados/rmelo/PDPTW-SE/benchmark_multi_island_v5/official_experiments/multistartlp/official/set_01_pt_01/../../../../instances/orig_ams_fg/10R_10V_02I_04M/t2/lr204/;60000;40040;0;1164.11;21;11;H;50;95;0;100.0;30.0;true;0.95;100.0;1.0;1.0;1.0;1.0;60;M;55187;60000;false;38;0.5;88.45;0.97;19;10;1000000;-1;3600;9.5;0.37;0.74;mslp;heur;0.24;0.5;-1;3600;60000;I;10;0.5;0.2;lr204;0;/dados/rmelo/PDPTW-SE/benchmark_multi_island_v5/official_experiments/multistartlp/official/set_01_pt_01/logs;0;0;0;0.0;91.98;1;41;/dados/rmelo/PDPTW-SE/benchmark_multi_island_v5/official_experiments/multistartlp/official/set_01_pt_01/logs/heur_mslp/solutions/10R_10V_02I_04M/lr204_sol_genconfig_mslp_seed_41.txt;Gurobi;AUTOMATIC;18.55;_bash_2;_seed_41;5701.35;1;129.62;/dados/rmelo/PDPTW-SE/benchmark_multi_island_v5/official_experiments/multistartlp/official/set_01_pt_01/logs/heur_mslp/timelines/10R_10V_02I_04M/lr204_timeline_genconfig_mslp_seed_41.txt;193.67;t2;0;747.79;false
0.05;0.01;0.02;0.03;0.0;0.03;12;/dados/rmelo/PDPTW-SE/benchmark_multi_island_v5/official_experiments/multistartlp/official/set_01_pt_01/logs/heur_mslp/outputs/csvresults_heur_mslp_bash_2.csv;0;3;1;22;0;0.0;0.5;true;12;2;lr205_t2_10R_10V_02I_03M;/dados/rmelo/PDPTW-SE/benchmark_multi_island_v5/official_experiments/multistartlp/official/set_01_pt_01/configs/genconfig_mslp.conf;genconfig_mslp;/dados/rmelo/PDPTW-SE/benchmark_multi_island_v5/official_experiments/multistartlp/official/set_01_pt_01/logs/heur_mslp/gurobi/10R_10V_02I_03M/lr205_grb_genconfig_mslp_seed_41.log;random;10R_10V_02I_03M;1;0;1;/dados/rmelo/PDPTW-SE/benchmark_multi_island_v5/official_experiments/multistartlp/official/set_01_pt_01/../../../../instances/orig_ams_fg/10R_10V_02I_04M/t2/lr205/;60000;16172;0;1962.12;21;11;H;50;95;0;100.0;30.0;true;0.95;100.0;1.0;1.0;1.0;1.0;60;M;60000;60000;false;52;0.54;81.38;1.0;26;10;1000000;-1;3600;31.29;0.38;0.83;mslp;heur;0.22;0.65;-1;3600;60000;I;10;0.33;0.2;lr205;0;/dados/rmelo/PDPTW-SE/benchmark_multi_island_v5/official_experiments/multistartlp/official/set_01_pt_01/logs;0;0;0;0.0;100.0;1;41;/dados/rmelo/PDPTW-SE/benchmark_multi_island_v5/official_experiments/multistartlp/official/set_01_pt_01/logs/heur_mslp/solutions/10R_10V_02I_03M/lr205_sol_genconfig_mslp_seed_41.txt;Gurobi;AUTOMATIC;18.37;_bash_2;_seed_41;18774.58;1;39.42;/dados/rmelo/PDPTW-SE/benchmark_multi_island_v5/official_experiments/multistartlp/official/set_01_pt_01/logs/heur_mslp/timelines/10R_10V_02I_03M/lr205_timeline_genconfig_mslp_seed_41.txt;144.4;t2;0;761.09;false
0.05;0.01;0.02;0.03;0.0;0.03;12;/dados/rmelo/PDPTW-SE/benchmark_multi_island_v5/official_experiments/multistartlp/official/set_01_pt_01/logs/heur_mslp/outputs/csvresults_heur_mslp_bash_2.csv;0;4;1;22;0;0.0;0.5;true;12;2;lr205_t2_10R_10V_02I_04M;/dados/rmelo/PDPTW-SE/benchmark_multi_island_v5/official_experiments/multistartlp/official/set_01_pt_01/configs/genconfig_mslp.conf;genconfig_mslp;/dados/rmelo/PDPTW-SE/benchmark_multi_island_v5/official_experiments/multistartlp/official/set_01_pt_01/logs/heur_mslp/gurobi/10R_10V_02I_04M/lr205_grb_genconfig_mslp_seed_41.log;random;10R_10V_02I_04M;1;0;1;/dados/rmelo/PDPTW-SE/benchmark_multi_island_v5/official_experiments/multistartlp/official/set_01_pt_01/../../../../instances/orig_ams_fg/10R_10V_02I_04M/t2/lr205/;60000;16172;0;1962.12;21;11;H;50;95;0;100.0;30.0;true;0.95;100.0;1.0;1.0;1.0;1.0;60;M;60000;60000;false;52;0.54;81.38;1.0;26;10;1000000;-1;3600;31.29;0.38;0.83;mslp;heur;0.22;0.65;-1;3600;60000;I;10;0.25;0.2;lr205;0;/dados/rmelo/PDPTW-SE/benchmark_multi_island_v5/official_experiments/multistartlp/official/set_01_pt_01/logs;0;0;0;0.0;100.0;1;41;/dados/rmelo/PDPTW-SE/benchmark_multi_island_v5/official_experiments/multistartlp/official/set_01_pt_01/logs/heur_mslp/solutions/10R_10V_02I_04M/lr205_sol_genconfig_mslp_seed_41.txt;Gurobi;AUTOMATIC;18.3;_bash_2;_seed_41;18775.18;1;40.45;/dados/rmelo/PDPTW-SE/benchmark_multi_island_v5/official_experiments/multistartlp/official/set_01_pt_01/logs/heur_mslp/timelines/10R_10V_02I_04M/lr205_timeline_genconfig_mslp_seed_41.txt;149.28;t2;0;761.09;false
0.05;0.27;0.4;0.68;0.02;0.2;4;/dados/rmelo/PDPTW-SE/benchmark_multi_island_v5/official_experiments/multistartlp/official/set_01_pt_01/logs/heur_mslp/outputs/csvresults_heur_mslp_bash_2.csv;0;3;1;22;0;0.0;0.5;true;12;2;lr101_t1_10R_10V_04I_03M;/dados/rmelo/PDPTW-SE/benchmark_multi_island_v5/official_experiments/multistartlp/official/set_01_pt_01/configs/genconfig_mslp.conf;genconfig_mslp;/dados/rmelo/PDPTW-SE/benchmark_multi_island_v5/official_experiments/multistartlp/official/set_01_pt_01/logs/heur_mslp/gurobi/10R_10V_04I_03M/lr101_grb_genconfig_mslp_seed_41.log;random;10R_10V_04I_03M;1;59807;1;/dados/rmelo/PDPTW-SE/benchmark_multi_island_v5/official_experiments/multistartlp/official/set_01_pt_01/../../../../instances/orig_ams_fg/10R_10V_04I_04M/t1/lr101/;60000;4734;0;1654.95;21;11;H;50;95;0;100.0;30.0;true;0.95;100.0;1.0;1.0;1.0;1.0;60;M;193;193;false;52;0.89;90.23;0.56;26;10;1000000;-1;3600;22.18;0.58;0.31;mslp;heur;0.42;0.16;-1;3600;60000;I;10;1.0;0.9;lr101;0;/dados/rmelo/PDPTW-SE/benchmark_multi_island_v5/official_experiments/multistartlp/official/set_01_pt_01/logs;0;0;0;99.68;100.0;1;41;/dados/rmelo/PDPTW-SE/benchmark_multi_island_v5/official_experiments/multistartlp/official/set_01_pt_01/logs/heur_mslp/solutions/10R_10V_04I_03M/lr101_sol_genconfig_mslp_seed_41.txt;Gurobi;AUTOMATIC;18.51;_bash_2;_seed_41;42.81;1;1.42;/dados/rmelo/PDPTW-SE/benchmark_multi_island_v5/official_experiments/multistartlp/official/set_01_pt_01/logs/heur_mslp/timelines/10R_10V_04I_03M/lr101_timeline_genconfig_mslp_seed_41.txt;14.05;t1;0;1275.66;false
0.05;0.18;0.31;0.48;0.0;0.17;5;/dados/rmelo/PDPTW-SE/benchmark_multi_island_v5/official_experiments/multistartlp/official/set_01_pt_01/logs/heur_mslp/outputs/csvresults_heur_mslp_bash_2.csv;0;4;1;22;0;0.0;0.5;true;12;2;lr101_t1_10R_10V_04I_04M;/dados/rmelo/PDPTW-SE/benchmark_multi_island_v5/official_experiments/multistartlp/official/set_01_pt_01/configs/genconfig_mslp.conf;genconfig_mslp;/dados/rmelo/PDPTW-SE/benchmark_multi_island_v5/official_experiments/multistartlp/official/set_01_pt_01/logs/heur_mslp/gurobi/10R_10V_04I_04M/lr101_grb_genconfig_mslp_seed_41.log;random;10R_10V_04I_04M;1;36110;1;/dados/rmelo/PDPTW-SE/benchmark_multi_island_v5/official_experiments/multistartlp/official/set_01_pt_01/../../../../instances/orig_ams_fg/10R_10V_04I_04M/t1/lr101/;60000;124;0;1642.75;21;11;H;50;95;0;100.0;30.0;true;0.95;100.0;1.0;1.0;1.0;1.0;60;M;23890;23890;false;52;0.93;88.67;0.6;26;10;1000000;-1;3600;21.11;0.55;0.34;mslp;heur;0.35;0.15;-1;3600;60000;I;10;1.0;0.9;lr101;0;/dados/rmelo/PDPTW-SE/benchmark_multi_island_v5/official_experiments/multistartlp/official/set_01_pt_01/logs;0;0;0;60.18;100.0;1;41;/dados/rmelo/PDPTW-SE/benchmark_multi_island_v5/official_experiments/multistartlp/official/set_01_pt_01/logs/heur_mslp/solutions/10R_10V_04I_04M/lr101_sol_genconfig_mslp_seed_41.txt;Gurobi;AUTOMATIC;18.54;_bash_2;_seed_41;5044.33;1;0.48;/dados/rmelo/PDPTW-SE/benchmark_multi_island_v5/official_experiments/multistartlp/official/set_01_pt_01/logs/heur_mslp/timelines/10R_10V_04I_04M/lr101_timeline_genconfig_mslp_seed_41.txt;68.22;t1;0;1207.27;false
0.05;0.19;0.27;0.46;0.01;0.03;9;/dados/rmelo/PDPTW-SE/benchmark_multi_island_v5/official_experiments/multistartlp/official/set_01_pt_01/logs/heur_mslp/outputs/csvresults_heur_mslp_bash_2.csv;0;3;1;22;0;0.0;0.5;true;12;2;lr102_t1_10R_10V_04I_03M;/dados/rmelo/PDPTW-SE/benchmark_multi_island_v5/official_experiments/multistartlp/official/set_01_pt_01/configs/genconfig_mslp.conf;genconfig_mslp;/dados/rmelo/PDPTW-SE/benchmark_multi_island_v5/official_experiments/multistartlp/official/set_01_pt_01/logs/heur_mslp/gurobi/10R_10V_04I_03M/lr102_grb_genconfig_mslp_seed_41.log;random;10R_10V_04I_03M;1;42012;1;/dados/rmelo/PDPTW-SE/benchmark_multi_island_v5/official_experiments/multistartlp/official/set_01_pt_01/../../../../instances/orig_ams_fg/10R_10V_04I_04M/t1/lr102/;60000;24431;0;1204.19;21;11;H;50;95;0;100.0;30.0;true;0.95;100.0;1.0;1.0;1.0;1.0;60;M;17988;17988;false;58;0.91;77.99;0.76;29;10;1000000;-1;3600;12.76;0.67;0.54;mslp;heur;0.26;0.34;-1;3600;60000;I;10;1.0;0.6;lr102;0;/dados/rmelo/PDPTW-SE/benchmark_multi_island_v5/official_experiments/multistartlp/official/set_01_pt_01/logs;0;0;0;70.02;100.0;1;41;/dados/rmelo/PDPTW-SE/benchmark_multi_island_v5/official_experiments/multistartlp/official/set_01_pt_01/logs/heur_mslp/solutions/10R_10V_04I_03M/lr102_sol_genconfig_mslp_seed_41.txt;Gurobi;AUTOMATIC;18.54;_bash_2;_seed_41;2296.02;1;22.16;/dados/rmelo/PDPTW-SE/benchmark_multi_island_v5/official_experiments/multistartlp/official/set_01_pt_01/logs/heur_mslp/timelines/10R_10V_04I_03M/lr102_timeline_genconfig_mslp_seed_41.txt;54.48;t1;0;943.35;false
0.05;0.04;0.21;0.25;0.0;0.03;9;/dados/rmelo/PDPTW-SE/benchmark_multi_island_v5/official_experiments/multistartlp/official/set_01_pt_01/logs/heur_mslp/outputs/csvresults_heur_mslp_bash_2.csv;0;4;1;22;0;0.0;0.5;true;12;2;lr102_t1_10R_10V_04I_04M;/dados/rmelo/PDPTW-SE/benchmark_multi_island_v5/official_experiments/multistartlp/official/set_01_pt_01/configs/genconfig_mslp.conf;genconfig_mslp;/dados/rmelo/PDPTW-SE/benchmark_multi_island_v5/official_experiments/multistartlp/official/set_01_pt_01/logs/heur_mslp/gurobi/10R_10V_04I_04M/lr102_grb_genconfig_mslp_seed_41.log;random;10R_10V_04I_04M;1;17990;1;/dados/rmelo/PDPTW-SE/benchmark_multi_island_v5/official_experiments/multistartlp/official/set_01_pt_01/../../../../instances/orig_ams_fg/10R_10V_04I_04M/t1/lr102/;60000;5634;0;1185.44;21;11;H;50;95;0;100.0;30.0;true;0.95;100.0;1.0;1.0;1.0;1.0;60;M;42010;42010;false;58;0.82;76.71;0.79;29;10;1000000;-1;3600;12.09;0.67;0.48;mslp;heur;0.36;0.04;-1;3600;60000;I;10;1.0;0.6;lr102;0;/dados/rmelo/PDPTW-SE/benchmark_multi_island_v5/official_experiments/multistartlp/official/set_01_pt_01/logs;0;0;0;29.98;100.0;1;41;/dados/rmelo/PDPTW-SE/benchmark_multi_island_v5/official_experiments/multistartlp/official/set_01_pt_01/logs/heur_mslp/solutions/10R_10V_04I_04M/lr102_sol_genconfig_mslp_seed_41.txt;Gurobi;AUTOMATIC;18.49;_bash_2;_seed_41;5078.85;1;10.57;/dados/rmelo/PDPTW-SE/benchmark_multi_island_v5/official_experiments/multistartlp/official/set_01_pt_01/logs/heur_mslp/timelines/10R_10V_04I_04M/lr102_timeline_genconfig_mslp_seed_41.txt;108.67;t1;0;938.67;false
0.05;0.09;0.17;0.27;0.0;0.0;9;/dados/rmelo/PDPTW-SE/benchmark_multi_island_v5/official_experiments/multistartlp/official/set_01_pt_01/logs/heur_mslp/outputs/csvresults_heur_mslp_bash_2.csv;0;3;1;22;0;0.0;0.5;true;12;2;lr103_t1_10R_10V_04I_03M;/dados/rmelo/PDPTW-SE/benchmark_multi_island_v5/official_experiments/multistartlp/official/set_01_pt_01/configs/genconfig_mslp.conf;genconfig_mslp;/dados/rmelo/PDPTW-SE/benchmark_multi_island_v5/official_experiments/multistartlp/official/set_01_pt_01/logs/heur_mslp/gurobi/10R_10V_04I_03M/lr103_grb_genconfig_mslp_seed_41.log;random;10R_10V_04I_03M;1;13716;1;/dados/rmelo/PDPTW-SE/benchmark_multi_island_v5/official_experiments/multistartlp/official/set_01_pt_01/../../../../instances/orig_ams_fg/10R_10V_04I_04M/t1/lr103/;60000;37;0;720.21;21;11;H;50;95;0;100.0;30.0;true;0.95;100.0;1.0;1.0;1.0;1.0;60;M;46284;46284;false;38;0.97;67.2;0.96;19;10;1000000;-1;3600;15.03;0.67;0.73;mslp;heur;0.39;0.5;-1;3600;60000;I;10;1.0;0.4;lr103;0;/dados/rmelo/PDPTW-SE/benchmark_multi_island_v5/official_experiments/multistartlp/official/set_01_pt_01/logs;0;0;0;22.86;100.0;1;41;/dados/rmelo/PDPTW-SE/benchmark_multi_island_v5/official_experiments/multistartlp/official/set_01_pt_01/logs/heur_mslp/solutions/10R_10V_04I_03M/lr103_sol_genconfig_mslp_seed_41.txt;Gurobi;AUTOMATIC;18.13;_bash_2;_seed_41;6955.02;1;0.37;/dados/rmelo/PDPTW-SE/benchmark_multi_island_v5/official_experiments/multistartlp/official/set_01_pt_01/logs/heur_mslp/timelines/10R_10V_04I_03M/lr103_timeline_genconfig_mslp_seed_41.txt;122.43;t1;0;615.06;false
0.05;0.0;0.17;0.17;0.0;0.0;7;/dados/rmelo/PDPTW-SE/benchmark_multi_island_v5/official_experiments/multistartlp/official/set_01_pt_01/logs/heur_mslp/outputs/csvresults_heur_mslp_bash_2.csv;0;4;1;22;0;0.0;0.5;true;12;2;lr103_t1_10R_10V_04I_04M;/dados/rmelo/PDPTW-SE/benchmark_multi_island_v5/official_experiments/multistartlp/official/set_01_pt_01/configs/genconfig_mslp.conf;genconfig_mslp;/dados/rmelo/PDPTW-SE/benchmark_multi_island_v5/official_experiments/multistartlp/official/set_01_pt_01/logs/heur_mslp/gurobi/10R_10V_04I_04M/lr103_grb_genconfig_mslp_seed_41.log;random;10R_10V_04I_04M;1;2650;1;/dados/rmelo/PDPTW-SE/benchmark_multi_island_v5/official_experiments/multistartlp/official/set_01_pt_01/../../../../instances/orig_ams_fg/10R_10V_04I_04M/t1/lr103/;60000;37;0;948.04;21;11;H;50;95;0;100.0;30.0;true;0.95;100.0;1.0;1.0;1.0;1.0;60;M;57350;57350;false;38;0.97;66.73;0.96;19;10;1000000;-1;3600;13.73;0.66;0.7;mslp;heur;0.38;0.5;-1;3600;60000;I;10;0.75;0.4;lr103;0;/dados/rmelo/PDPTW-SE/benchmark_multi_island_v5/official_experiments/multistartlp/official/set_01_pt_01/logs;0;0;0;4.42;100.0;1;41;/dados/rmelo/PDPTW-SE/benchmark_multi_island_v5/official_experiments/multistartlp/official/set_01_pt_01/logs/heur_mslp/solutions/10R_10V_04I_04M/lr103_sol_genconfig_mslp_seed_41.txt;Gurobi;AUTOMATIC;18.2;_bash_2;_seed_41;7875.39;1;0.38;/dados/rmelo/PDPTW-SE/benchmark_multi_island_v5/official_experiments/multistartlp/official/set_01_pt_01/logs/heur_mslp/timelines/10R_10V_04I_04M/lr103_timeline_genconfig_mslp_seed_41.txt;151.89;t1;0;611.6;false
0.05;0.11;0.23;0.34;0.0;0.0;17;/dados/rmelo/PDPTW-SE/benchmark_multi_island_v5/official_experiments/multistartlp/official/set_01_pt_01/logs/heur_mslp/outputs/csvresults_heur_mslp_bash_2.csv;0;3;1;22;0;0.0;0.5;true;12;2;lr104_t1_10R_10V_04I_03M;/dados/rmelo/PDPTW-SE/benchmark_multi_island_v5/official_experiments/multistartlp/official/set_01_pt_01/configs/genconfig_mslp.conf;genconfig_mslp;/dados/rmelo/PDPTW-SE/benchmark_multi_island_v5/official_experiments/multistartlp/official/set_01_pt_01/logs/heur_mslp/gurobi/10R_10V_04I_03M/lr104_grb_genconfig_mslp_seed_41.log;random;10R_10V_04I_03M;1;5827;1;/dados/rmelo/PDPTW-SE/benchmark_multi_island_v5/official_experiments/multistartlp/official/set_01_pt_01/../../../../instances/orig_ams_fg/10R_10V_04I_04M/t1/lr104/;60000;16225;0;858.18;21;11;H;50;95;0;100.0;30.0;true;0.95;100.0;1.0;1.0;1.0;1.0;60;M;54173;54173;false;40;0.82;74.36;0.73;20;10;1000000;-1;3600;12.92;0.65;0.47;mslp;heur;0.48;0.28;-1;3600;60000;I;10;1.0;0.5;lr104;0;/dados/rmelo/PDPTW-SE/benchmark_multi_island_v5/official_experiments/multistartlp/official/set_01_pt_01/logs;0;0;0;9.71;100.0;1;41;/dados/rmelo/PDPTW-SE/benchmark_multi_island_v5/official_experiments/multistartlp/official/set_01_pt_01/logs/heur_mslp/solutions/10R_10V_04I_03M/lr104_sol_genconfig_mslp_seed_41.txt;Gurobi;AUTOMATIC;18.24;_bash_2;_seed_41;7000.4;1;36.6;/dados/rmelo/PDPTW-SE/benchmark_multi_island_v5/official_experiments/multistartlp/official/set_01_pt_01/logs/heur_mslp/timelines/10R_10V_04I_03M/lr104_timeline_genconfig_mslp_seed_41.txt;134.3;t1;0;745.94;false
0.05;0.11;0.23;0.34;0.0;0.0;12;/dados/rmelo/PDPTW-SE/benchmark_multi_island_v5/official_experiments/multistartlp/official/set_01_pt_01/logs/heur_mslp/outputs/csvresults_heur_mslp_bash_2.csv;0;4;1;22;0;0.0;0.5;true;12;2;lr104_t1_10R_10V_04I_04M;/dados/rmelo/PDPTW-SE/benchmark_multi_island_v5/official_experiments/multistartlp/official/set_01_pt_01/configs/genconfig_mslp.conf;genconfig_mslp;/dados/rmelo/PDPTW-SE/benchmark_multi_island_v5/official_experiments/multistartlp/official/set_01_pt_01/logs/heur_mslp/gurobi/10R_10V_04I_04M/lr104_grb_genconfig_mslp_seed_41.log;random;10R_10V_04I_04M;1;53;1;/dados/rmelo/PDPTW-SE/benchmark_multi_island_v5/official_experiments/multistartlp/official/set_01_pt_01/../../../../instances/orig_ams_fg/10R_10V_04I_04M/t1/lr104/;60000;22617;0;1005.3;21;11;H;50;95;0;100.0;30.0;true;0.95;100.0;1.0;1.0;1.0;1.0;60;M;59947;59947;false;40;0.82;74.24;0.73;20;10;1000000;-1;3600;12.75;0.65;0.53;mslp;heur;0.48;0.42;-1;3600;60000;I;10;0.75;0.5;lr104;0;/dados/rmelo/PDPTW-SE/benchmark_multi_island_v5/official_experiments/multistartlp/official/set_01_pt_01/logs;0;0;0;0.09;100.0;1;41;/dados/rmelo/PDPTW-SE/benchmark_multi_island_v5/official_experiments/multistartlp/official/set_01_pt_01/logs/heur_mslp/solutions/10R_10V_04I_04M/lr104_sol_genconfig_mslp_seed_41.txt;Gurobi;AUTOMATIC;18.3;_bash_2;_seed_41;7641.3;1;57.09;/dados/rmelo/PDPTW-SE/benchmark_multi_island_v5/official_experiments/multistartlp/official/set_01_pt_01/logs/heur_mslp/timelines/10R_10V_04I_04M/lr104_timeline_genconfig_mslp_seed_41.txt;150.69;t1;0;745.94;false
0.05;0.1;0.18;0.28;0.0;0.03;7;/dados/rmelo/PDPTW-SE/benchmark_multi_island_v5/official_experiments/multistartlp/official/set_01_pt_01/logs/heur_mslp/outputs/csvresults_heur_mslp_bash_2.csv;0;3;1;22;0;0.0;0.5;true;12;2;lr105_t1_10R_10V_04I_03M;/dados/rmelo/PDPTW-SE/benchmark_multi_island_v5/official_experiments/multistartlp/official/set_01_pt_01/configs/genconfig_mslp.conf;genconfig_mslp;/dados/rmelo/PDPTW-SE/benchmark_multi_island_v5/official_experiments/multistartlp/official/set_01_pt_01/logs/heur_mslp/gurobi/10R_10V_04I_03M/lr105_grb_genconfig_mslp_seed_41.log;random;10R_10V_04I_03M;1;39772;1;/dados/rmelo/PDPTW-SE/benchmark_multi_island_v5/official_experiments/multistartlp/official/set_01_pt_01/../../../../instances/orig_ams_fg/10R_10V_04I_04M/t1/lr105/;60000;53;0;933.85;21;11;H;50;95;0;100.0;30.0;true;0.95;100.0;1.0;1.0;1.0;1.0;60;M;20228;20228;false;52;0.88;87.59;0.88;26;10;1000000;-1;3600;14.36;0.73;0.6;mslp;heur;0.45;0.35;-1;3600;60000;I;10;1.0;0.4;lr105;0;/dados/rmelo/PDPTW-SE/benchmark_multi_island_v5/official_experiments/multistartlp/official/set_01_pt_01/logs;0;0;0;66.29;100.0;1;41;/dados/rmelo/PDPTW-SE/benchmark_multi_island_v5/official_experiments/multistartlp/official/set_01_pt_01/logs/heur_mslp/solutions/10R_10V_04I_03M/lr105_sol_genconfig_mslp_seed_41.txt;Gurobi;AUTOMATIC;18.16;_bash_2;_seed_41;2905.01;1;0.35;/dados/rmelo/PDPTW-SE/benchmark_multi_island_v5/official_experiments/multistartlp/official/set_01_pt_01/logs/heur_mslp/timelines/10R_10V_04I_03M/lr105_timeline_genconfig_mslp_seed_41.txt;54.07;t1;0;668.46;false
0.05;0.02;0.14;0.16;0.0;0.03;4;/dados/rmelo/PDPTW-SE/benchmark_multi_island_v5/official_experiments/multistartlp/official/set_01_pt_01/logs/heur_mslp/outputs/csvresults_heur_mslp_bash_2.csv;0;4;1;22;0;0.0;0.5;true;12;2;lr105_t1_10R_10V_04I_04M;/dados/rmelo/PDPTW-SE/benchmark_multi_island_v5/official_experiments/multistartlp/official/set_01_pt_01/configs/genconfig_mslp.conf;genconfig_mslp;/dados/rmelo/PDPTW-SE/benchmark_multi_island_v5/official_experiments/multistartlp/official/set_01_pt_01/logs/heur_mslp/gurobi/10R_10V_04I_04M/lr105_grb_genconfig_mslp_seed_41.log;random;10R_10V_04I_04M;1;5521;1;/dados/rmelo/PDPTW-SE/benchmark_multi_island_v5/official_experiments/multistartlp/official/set_01_pt_01/../../../../instances/orig_ams_fg/10R_10V_04I_04M/t1/lr105/;60000;25;0;1147.34;21;11;H;50;95;0;100.0;30.0;true;0.95;100.0;1.0;1.0;1.0;1.0;60;M;54479;54479;false;52;0.88;85.82;0.88;26;10;1000000;-1;3600;15.57;0.72;0.58;mslp;heur;0.45;0.29;-1;3600;60000;I;10;1.0;0.4;lr105;0;/dados/rmelo/PDPTW-SE/benchmark_multi_island_v5/official_experiments/multistartlp/official/set_01_pt_01/logs;0;0;0;9.2;100.0;1;41;/dados/rmelo/PDPTW-SE/benchmark_multi_island_v5/official_experiments/multistartlp/official/set_01_pt_01/logs/heur_mslp/solutions/10R_10V_04I_04M/lr105_sol_genconfig_mslp_seed_41.txt;Gurobi;AUTOMATIC;18.09;_bash_2;_seed_41;8483.35;1;0.34;/dados/rmelo/PDPTW-SE/benchmark_multi_island_v5/official_experiments/multistartlp/official/set_01_pt_01/logs/heur_mslp/timelines/10R_10V_04I_04M/lr105_timeline_genconfig_mslp_seed_41.txt;123.87;t1;0;665.48;false
0.05;0.04;0.05;0.09;0.02;0.25;14;/dados/rmelo/PDPTW-SE/benchmark_multi_island_v5/official_experiments/multistartlp/official/set_01_pt_01/logs/heur_mslp/outputs/csvresults_heur_mslp_bash_2.csv;0;3;1;22;0;0.0;0.5;true;12;2;lr201_t2_10R_10V_04I_03M;/dados/rmelo/PDPTW-SE/benchmark_multi_island_v5/official_experiments/multistartlp/official/set_01_pt_01/configs/genconfig_mslp.conf;genconfig_mslp;/dados/rmelo/PDPTW-SE/benchmark_multi_island_v5/official_experiments/multistartlp/official/set_01_pt_01/logs/heur_mslp/gurobi/10R_10V_04I_03M/lr201_grb_genconfig_mslp_seed_41.log;random;10R_10V_04I_03M;1;0;1;/dados/rmelo/PDPTW-SE/benchmark_multi_island_v5/official_experiments/multistartlp/official/set_01_pt_01/../../../../instances/orig_ams_fg/10R_10V_04I_04M/t2/lr201/;60000;3134;0;2061.19;21;11;H;50;95;0;100.0;30.0;true;0.95;100.0;1.0;1.0;1.0;1.0;60;M;60000;60000;false;52;0.69;75.17;0.88;26;10;1000000;-1;3600;21.9;0.42;0.63;mslp;heur;0.1;0.5;-1;3600;60000;I;10;1.0;0.3;lr201;0;/dados/rmelo/PDPTW-SE/benchmark_multi_island_v5/official_experiments/multistartlp/official/set_01_pt_01/logs;0;0;0;0.0;100.0;1;41;/dados/rmelo/PDPTW-SE/benchmark_multi_island_v5/official_experiments/multistartlp/official/set_01_pt_01/logs/heur_mslp/solutions/10R_10V_04I_03M/lr201_sol_genconfig_mslp_seed_41.txt;Gurobi;AUTOMATIC;18.37;_bash_2;_seed_41;13137.88;1;8.52;/dados/rmelo/PDPTW-SE/benchmark_multi_island_v5/official_experiments/multistartlp/official/set_01_pt_01/logs/heur_mslp/timelines/10R_10V_04I_03M/lr201_timeline_genconfig_mslp_seed_41.txt;155.73;t2;0;1271.26;false
0.05;0.03;0.04;0.07;0.0;0.25;12;/dados/rmelo/PDPTW-SE/benchmark_multi_island_v5/official_experiments/multistartlp/official/set_01_pt_01/logs/heur_mslp/outputs/csvresults_heur_mslp_bash_2.csv;0;4;1;22;0;0.0;0.5;true;12;2;lr201_t2_10R_10V_04I_04M;/dados/rmelo/PDPTW-SE/benchmark_multi_island_v5/official_experiments/multistartlp/official/set_01_pt_01/configs/genconfig_mslp.conf;genconfig_mslp;/dados/rmelo/PDPTW-SE/benchmark_multi_island_v5/official_experiments/multistartlp/official/set_01_pt_01/logs/heur_mslp/gurobi/10R_10V_04I_04M/lr201_grb_genconfig_mslp_seed_41.log;random;10R_10V_04I_04M;1;0;1;/dados/rmelo/PDPTW-SE/benchmark_multi_island_v5/official_experiments/multistartlp/official/set_01_pt_01/../../../../instances/orig_ams_fg/10R_10V_04I_04M/t2/lr201/;60000;3134;0;2061.19;21;11;H;50;95;0;100.0;30.0;true;0.95;100.0;1.0;1.0;1.0;1.0;60;M;60000;60000;false;52;0.69;75.04;0.88;26;10;1000000;-1;3600;22.08;0.42;0.63;mslp;heur;0.1;0.5;-1;3600;60000;I;10;1.0;0.3;lr201;0;/dados/rmelo/PDPTW-SE/benchmark_multi_island_v5/official_experiments/multistartlp/official/set_01_pt_01/logs;0;0;0;0.0;100.0;1;41;/dados/rmelo/PDPTW-SE/benchmark_multi_island_v5/official_experiments/multistartlp/official/set_01_pt_01/logs/heur_mslp/solutions/10R_10V_04I_04M/lr201_sol_genconfig_mslp_seed_41.txt;Gurobi;AUTOMATIC;18.32;_bash_2;_seed_41;13247.68;1;8.97;/dados/rmelo/PDPTW-SE/benchmark_multi_island_v5/official_experiments/multistartlp/official/set_01_pt_01/logs/heur_mslp/timelines/10R_10V_04I_04M/lr201_timeline_genconfig_mslp_seed_41.txt;161.5;t2;0;1271.26;false
0.05;0.04;0.11;0.14;0.01;0.0;8;/dados/rmelo/PDPTW-SE/benchmark_multi_island_v5/official_experiments/multistartlp/official/set_01_pt_01/logs/heur_mslp/outputs/csvresults_heur_mslp_bash_2.csv;0;3;1;22;0;0.0;0.5;true;12;2;lr202_t2_10R_10V_04I_03M;/dados/rmelo/PDPTW-SE/benchmark_multi_island_v5/official_experiments/multistartlp/official/set_01_pt_01/configs/genconfig_mslp.conf;genconfig_mslp;/dados/rmelo/PDPTW-SE/benchmark_multi_island_v5/official_experiments/multistartlp/official/set_01_pt_01/logs/heur_mslp/gurobi/10R_10V_04I_03M/lr202_grb_genconfig_mslp_seed_41.log;random;10R_10V_04I_03M;1;26165;1;/dados/rmelo/PDPTW-SE/benchmark_multi_island_v5/official_experiments/multistartlp/official/set_01_pt_01/../../../../instances/orig_ams_fg/10R_10V_04I_04M/t2/lr202/;60000;4151;0;1610.28;21;11;H;50;95;0;100.0;30.0;true;0.95;100.0;1.0;1.0;1.0;1.0;60;M;33835;33835;false;46;0.63;82.05;0.91;23;10;1000000;-1;3600;25.41;0.49;0.72;mslp;heur;0.35;0.53;-1;3600;60000;I;10;1.0;0.2;lr202;0;/dados/rmelo/PDPTW-SE/benchmark_multi_island_v5/official_experiments/multistartlp/official/set_01_pt_01/logs;0;0;0;43.61;100.0;1;41;/dados/rmelo/PDPTW-SE/benchmark_multi_island_v5/official_experiments/multistartlp/official/set_01_pt_01/logs/heur_mslp/solutions/10R_10V_04I_03M/lr202_sol_genconfig_mslp_seed_41.txt;Gurobi;AUTOMATIC;18.09;_bash_2;_seed_41;8597.22;1;8.9;/dados/rmelo/PDPTW-SE/benchmark_multi_island_v5/official_experiments/multistartlp/official/set_01_pt_01/logs/heur_mslp/timelines/10R_10V_04I_03M/lr202_timeline_genconfig_mslp_seed_41.txt;122.97;t2;0;978.55;false
0.05;0.04;0.11;0.14;0.0;0.0;14;/dados/rmelo/PDPTW-SE/benchmark_multi_island_v5/official_experiments/multistartlp/official/set_01_pt_01/logs/heur_mslp/outputs/csvresults_heur_mslp_bash_2.csv;0;4;1;22;0;0.0;0.5;true;12;2;lr202_t2_10R_10V_04I_04M;/dados/rmelo/PDPTW-SE/benchmark_multi_island_v5/official_experiments/multistartlp/official/set_01_pt_01/configs/genconfig_mslp.conf;genconfig_mslp;/dados/rmelo/PDPTW-SE/benchmark_multi_island_v5/official_experiments/multistartlp/official/set_01_pt_01/logs/heur_mslp/gurobi/10R_10V_04I_04M/lr202_grb_genconfig_mslp_seed_41.log;random;10R_10V_04I_04M;1;1711;1;/dados/rmelo/PDPTW-SE/benchmark_multi_island_v5/official_experiments/multistartlp/official/set_01_pt_01/../../../../instances/orig_ams_fg/10R_10V_04I_04M/t2/lr202/;60000;37472;0;1520.77;21;11;H;50;95;0;100.0;30.0;true;0.95;100.0;1.0;1.0;1.0;1.0;60;M;58289;58289;false;46;0.68;81.06;0.91;23;10;1000000;-1;3600;27.83;0.47;0.77;mslp;heur;0.27;0.63;-1;3600;60000;I;10;0.75;0.2;lr202;0;/dados/rmelo/PDPTW-SE/benchmark_multi_island_v5/official_experiments/multistartlp/official/set_01_pt_01/logs;0;0;0;2.85;100.0;1;41;/dados/rmelo/PDPTW-SE/benchmark_multi_island_v5/official_experiments/multistartlp/official/set_01_pt_01/logs/heur_mslp/solutions/10R_10V_04I_04M/lr202_sol_genconfig_mslp_seed_41.txt;Gurobi;AUTOMATIC;18.17;_bash_2;_seed_41;16222.37;1;121.22;/dados/rmelo/PDPTW-SE/benchmark_multi_island_v5/official_experiments/multistartlp/official/set_01_pt_01/logs/heur_mslp/timelines/10R_10V_04I_04M/lr202_timeline_genconfig_mslp_seed_41.txt;193.63;t2;0;944.88;false
0.05;0.04;0.11;0.14;0.02;0.04;11;/dados/rmelo/PDPTW-SE/benchmark_multi_island_v5/official_experiments/multistartlp/official/set_01_pt_01/logs/heur_mslp/outputs/csvresults_heur_mslp_bash_2.csv;0;3;1;22;0;0.0;0.5;true;12;2;lr203_t2_10R_10V_04I_03M;/dados/rmelo/PDPTW-SE/benchmark_multi_island_v5/official_experiments/multistartlp/official/set_01_pt_01/configs/genconfig_mslp.conf;genconfig_mslp;/dados/rmelo/PDPTW-SE/benchmark_multi_island_v5/official_experiments/multistartlp/official/set_01_pt_01/logs/heur_mslp/gurobi/10R_10V_04I_03M/lr203_grb_genconfig_mslp_seed_41.log;random;10R_10V_04I_03M;1;0;1;/dados/rmelo/PDPTW-SE/benchmark_multi_island_v5/official_experiments/multistartlp/official/set_01_pt_01/../../../../instances/orig_ams_fg/10R_10V_04I_04M/t2/lr203/;60000;50105;0;1525.86;21;11;H;50;95;0;100.0;30.0;true;0.95;100.0;1.0;1.0;1.0;1.0;60;M;60000;60000;false;58;0.6;85.67;0.97;29;10;1000000;-1;3600;15.24;0.4;0.87;mslp;heur;0.2;0.77;-1;3600;60000;I;10;0.67;0.2;lr203;0;/dados/rmelo/PDPTW-SE/benchmark_multi_island_v5/official_experiments/multistartlp/official/set_01_pt_01/logs;0;0;0;0.0;100.0;1;41;/dados/rmelo/PDPTW-SE/benchmark_multi_island_v5/official_experiments/multistartlp/official/set_01_pt_01/logs/heur_mslp/solutions/10R_10V_04I_03M/lr203_sol_genconfig_mslp_seed_41.txt;Gurobi;AUTOMATIC;18.22;_bash_2;_seed_41;9144.18;1;193.33;/dados/rmelo/PDPTW-SE/benchmark_multi_island_v5/official_experiments/multistartlp/official/set_01_pt_01/logs/heur_mslp/timelines/10R_10V_04I_03M/lr203_timeline_genconfig_mslp_seed_41.txt;231.28;t2;0;795.51;false
0.05;0.01;0.05;0.06;0.03;0.03;11;/dados/rmelo/PDPTW-SE/benchmark_multi_island_v5/official_experiments/multistartlp/official/set_01_pt_01/logs/heur_mslp/outputs/csvresults_heur_mslp_bash_2.csv;0;4;1;22;0;0.0;0.5;true;12;2;lr203_t2_10R_10V_04I_04M;/dados/rmelo/PDPTW-SE/benchmark_multi_island_v5/official_experiments/multistartlp/official/set_01_pt_01/configs/genconfig_mslp.conf;genconfig_mslp;/dados/rmelo/PDPTW-SE/benchmark_multi_island_v5/official_experiments/multistartlp/official/set_01_pt_01/logs/heur_mslp/gurobi/10R_10V_04I_04M/lr203_grb_genconfig_mslp_seed_41.log;random;10R_10V_04I_04M;1;0;1;/dados/rmelo/PDPTW-SE/benchmark_multi_island_v5/official_experiments/multistartlp/official/set_01_pt_01/../../../../instances/orig_ams_fg/10R_10V_04I_04M/t2/lr203/;60000;22069;0;1525.86;21;11;H;50;95;0;100.0;30.0;true;0.95;100.0;1.0;1.0;1.0;1.0;60;M;60000;60000;false;58;0.59;80.51;0.97;29;10;1000000;-1;3600;16.69;0.39;0.84;mslp;heur;0.2;0.71;-1;3600;60000;I;10;1.0;0.2;lr203;0;/dados/rmelo/PDPTW-SE/benchmark_multi_island_v5/official_experiments/multistartlp/official/set_01_pt_01/logs;0;0;0;0.0;100.0;1;41;/dados/rmelo/PDPTW-SE/benchmark_multi_island_v5/official_experiments/multistartlp/official/set_01_pt_01/logs/heur_mslp/solutions/10R_10V_04I_04M/lr203_sol_genconfig_mslp_seed_41.txt;Gurobi;AUTOMATIC;18.46;_bash_2;_seed_41;10016.34;1;92.55;/dados/rmelo/PDPTW-SE/benchmark_multi_island_v5/official_experiments/multistartlp/official/set_01_pt_01/logs/heur_mslp/timelines/10R_10V_04I_04M/lr203_timeline_genconfig_mslp_seed_41.txt;248.61;t2;0;787.01;false
0.05;0.03;0.06;0.09;0.0;0.0;11;/dados/rmelo/PDPTW-SE/benchmark_multi_island_v5/official_experiments/multistartlp/official/set_01_pt_01/logs/heur_mslp/outputs/csvresults_heur_mslp_bash_2.csv;0;3;1;22;0;0.0;0.5;true;12;2;lr204_t2_10R_10V_04I_03M;/dados/rmelo/PDPTW-SE/benchmark_multi_island_v5/official_experiments/multistartlp/official/set_01_pt_01/configs/genconfig_mslp.conf;genconfig_mslp;/dados/rmelo/PDPTW-SE/benchmark_multi_island_v5/official_experiments/multistartlp/official/set_01_pt_01/logs/heur_mslp/gurobi/10R_10V_04I_03M/lr204_grb_genconfig_mslp_seed_41.log;random;10R_10V_04I_03M;1;0;1;/dados/rmelo/PDPTW-SE/benchmark_multi_island_v5/official_experiments/multistartlp/official/set_01_pt_01/../../../../instances/orig_ams_fg/10R_10V_04I_04M/t2/lr204/;60000;27159;0;1114.36;21;11;H;50;95;0;100.0;30.0;true;0.95;100.0;1.0;1.0;1.0;1.0;60;M;56247;60000;false;38;0.61;82.88;0.97;19;10;1000000;-1;3600;8.45;0.39;0.74;mslp;heur;0.17;0.5;-1;3600;60000;I;10;1.0;0.2;lr204;0;/dados/rmelo/PDPTW-SE/benchmark_multi_island_v5/official_experiments/multistartlp/official/set_01_pt_01/logs;0;0;0;0.0;93.74;1;41;/dados/rmelo/PDPTW-SE/benchmark_multi_island_v5/official_experiments/multistartlp/official/set_01_pt_01/logs/heur_mslp/solutions/10R_10V_04I_03M/lr204_sol_genconfig_mslp_seed_41.txt;Gurobi;AUTOMATIC;18.02;_bash_2;_seed_41;5067.65;1;113.83;/dados/rmelo/PDPTW-SE/benchmark_multi_island_v5/official_experiments/multistartlp/official/set_01_pt_01/logs/heur_mslp/timelines/10R_10V_04I_03M/lr204_timeline_genconfig_mslp_seed_41.txt;250.64;t2;0;784.9;false
0.05;0.02;0.05;0.07;0.0;0.0;15;/dados/rmelo/PDPTW-SE/benchmark_multi_island_v5/official_experiments/multistartlp/official/set_01_pt_01/logs/heur_mslp/outputs/csvresults_heur_mslp_bash_2.csv;0;4;1;22;0;0.0;0.5;true;12;2;lr204_t2_10R_10V_04I_04M;/dados/rmelo/PDPTW-SE/benchmark_multi_island_v5/official_experiments/multistartlp/official/set_01_pt_01/configs/genconfig_mslp.conf;genconfig_mslp;/dados/rmelo/PDPTW-SE/benchmark_multi_island_v5/official_experiments/multistartlp/official/set_01_pt_01/logs/heur_mslp/gurobi/10R_10V_04I_04M/lr204_grb_genconfig_mslp_seed_41.log;random;10R_10V_04I_04M;1;0;1;/dados/rmelo/PDPTW-SE/benchmark_multi_island_v5/official_experiments/multistartlp/official/set_01_pt_01/../../../../instances/orig_ams_fg/10R_10V_04I_04M/t2/lr204/;60000;18377;0;1125.49;21;11;H;50;95;0;100.0;30.0;true;0.95;100.0;1.0;1.0;1.0;1.0;60;M;56607;60000;false;38;0.61;82.88;0.97;19;10;1000000;-1;3600;8.23;0.39;0.74;mslp;heur;0.17;0.5;-1;3600;60000;I;10;1.0;0.2;lr204;0;/dados/rmelo/PDPTW-SE/benchmark_multi_island_v5/official_experiments/multistartlp/official/set_01_pt_01/logs;0;0;0;0.0;94.34;1;41;/dados/rmelo/PDPTW-SE/benchmark_multi_island_v5/official_experiments/multistartlp/official/set_01_pt_01/logs/heur_mslp/solutions/10R_10V_04I_04M/lr204_sol_genconfig_mslp_seed_41.txt;Gurobi;AUTOMATIC;18.42;_bash_2;_seed_41;4939.02;1;80.73;/dados/rmelo/PDPTW-SE/benchmark_multi_island_v5/official_experiments/multistartlp/official/set_01_pt_01/logs/heur_mslp/timelines/10R_10V_04I_04M/lr204_timeline_genconfig_mslp_seed_41.txt;263.01;t2;0;786.54;false
0.05;0.03;0.05;0.09;0.0;0.0;11;/dados/rmelo/PDPTW-SE/benchmark_multi_island_v5/official_experiments/multistartlp/official/set_01_pt_01/logs/heur_mslp/outputs/csvresults_heur_mslp_bash_2.csv;0;3;1;22;0;0.0;0.5;true;12;2;lr205_t2_10R_10V_04I_03M;/dados/rmelo/PDPTW-SE/benchmark_multi_island_v5/official_experiments/multistartlp/official/set_01_pt_01/configs/genconfig_mslp.conf;genconfig_mslp;/dados/rmelo/PDPTW-SE/benchmark_multi_island_v5/official_experiments/multistartlp/official/set_01_pt_01/logs/heur_mslp/gurobi/10R_10V_04I_03M/lr205_grb_genconfig_mslp_seed_41.log;random;10R_10V_04I_03M;1;0;1;/dados/rmelo/PDPTW-SE/benchmark_multi_island_v5/official_experiments/multistartlp/official/set_01_pt_01/../../../../instances/orig_ams_fg/10R_10V_04I_04M/t2/lr205/;60000;9156;0;1471.63;21;11;H;50;95;0;100.0;30.0;true;0.95;100.0;1.0;1.0;1.0;1.0;60;M;60000;60000;false;52;0.66;72.47;1.0;26;10;1000000;-1;3600;26.25;0.39;0.94;mslp;heur;0.13;0.88;-1;3600;60000;I;10;1.0;0.2;lr205;0;/dados/rmelo/PDPTW-SE/benchmark_multi_island_v5/official_experiments/multistartlp/official/set_01_pt_01/logs;0;0;0;0.0;100.0;1;41;/dados/rmelo/PDPTW-SE/benchmark_multi_island_v5/official_experiments/multistartlp/official/set_01_pt_01/logs/heur_mslp/solutions/10R_10V_04I_03M/lr205_sol_genconfig_mslp_seed_41.txt;Gurobi;AUTOMATIC;18.59;_bash_2;_seed_41;15747.51;1;27.82;/dados/rmelo/PDPTW-SE/benchmark_multi_island_v5/official_experiments/multistartlp/official/set_01_pt_01/logs/heur_mslp/timelines/10R_10V_04I_03M/lr205_timeline_genconfig_mslp_seed_41.txt;181.14;t2;0;787.07;false
0.05;0.02;0.04;0.06;0.0;0.0;14;/dados/rmelo/PDPTW-SE/benchmark_multi_island_v5/official_experiments/multistartlp/official/set_01_pt_01/logs/heur_mslp/outputs/csvresults_heur_mslp_bash_2.csv;0;4;1;22;0;0.0;0.5;true;12;2;lr205_t2_10R_10V_04I_04M;/dados/rmelo/PDPTW-SE/benchmark_multi_island_v5/official_experiments/multistartlp/official/set_01_pt_01/configs/genconfig_mslp.conf;genconfig_mslp;/dados/rmelo/PDPTW-SE/benchmark_multi_island_v5/official_experiments/multistartlp/official/set_01_pt_01/logs/heur_mslp/gurobi/10R_10V_04I_04M/lr205_grb_genconfig_mslp_seed_41.log;random;10R_10V_04I_04M;1;0;1;/dados/rmelo/PDPTW-SE/benchmark_multi_island_v5/official_experiments/multistartlp/official/set_01_pt_01/../../../../instances/orig_ams_fg/10R_10V_04I_04M/t2/lr205/;60000;55827;0;1468.08;21;11;H;50;95;0;100.0;30.0;true;0.95;100.0;1.0;1.0;1.0;1.0;60;M;60000;60000;false;52;0.66;72.47;0.92;26;10;1000000;-1;3600;26.59;0.39;0.9;mslp;heur;0.13;0.88;-1;3600;60000;I;10;1.0;0.2;lr205;0;/dados/rmelo/PDPTW-SE/benchmark_multi_island_v5/official_experiments/multistartlp/official/set_01_pt_01/logs;0;0;0;0.0;100.0;1;41;/dados/rmelo/PDPTW-SE/benchmark_multi_island_v5/official_experiments/multistartlp/official/set_01_pt_01/logs/heur_mslp/solutions/10R_10V_04I_04M/lr205_sol_genconfig_mslp_seed_41.txt;Gurobi;AUTOMATIC;18.65;_bash_2;_seed_41;15956.59;1;178.23;/dados/rmelo/PDPTW-SE/benchmark_multi_island_v5/official_experiments/multistartlp/official/set_01_pt_01/logs/heur_mslp/timelines/10R_10V_04I_04M/lr205_timeline_genconfig_mslp_seed_41.txt;191.84;t2;0;788.21;false
0.05;0.12;0.19;0.32;0.0;0.11;9;/dados/rmelo/PDPTW-SE/benchmark_multi_island_v5/official_experiments/multistartlp/official/set_01_pt_01/logs/heur_mslp/outputs/csvresults_heur_mslp_bash_2.csv;0;3;1;26;0;0.0;0.5;true;14;2;lr101_t1_12R_12V_02I_03M;/dados/rmelo/PDPTW-SE/benchmark_multi_island_v5/official_experiments/multistartlp/official/set_01_pt_01/configs/genconfig_mslp.conf;genconfig_mslp;/dados/rmelo/PDPTW-SE/benchmark_multi_island_v5/official_experiments/multistartlp/official/set_01_pt_01/logs/heur_mslp/gurobi/12R_12V_02I_03M/lr101_grb_genconfig_mslp_seed_41.log;random;12R_12V_02I_03M;1;56532;1;/dados/rmelo/PDPTW-SE/benchmark_multi_island_v5/official_experiments/multistartlp/official/set_01_pt_01/../../../../instances/orig_ams_fg/12R_12V_02I_04M/t1/lr101/;60000;2835;0;1772.0;25;13;H;50;95;0;100.0;30.0;true;0.95;100.0;1.0;1.0;1.0;1.0;60;M;3468;3468;false;52;0.91;104.84;0.87;26;10;1000000;-1;3600;16.0;0.59;0.38;mslp;heur;0.21;0.13;-1;3600;60000;I;12;1.0;0.83;lr101;0;/dados/rmelo/PDPTW-SE/benchmark_multi_island_v5/official_experiments/multistartlp/official/set_01_pt_01/logs;0;0;0;94.22;100.0;1;41;/dados/rmelo/PDPTW-SE/benchmark_multi_island_v5/official_experiments/multistartlp/official/set_01_pt_01/logs/heur_mslp/solutions/12R_12V_02I_03M/lr101_sol_genconfig_mslp_seed_41.txt;Gurobi;AUTOMATIC;18.87;_bash_2;_seed_41;554.75;1;1.34;/dados/rmelo/PDPTW-SE/benchmark_multi_island_v5/official_experiments/multistartlp/official/set_01_pt_01/logs/heur_mslp/timelines/12R_12V_02I_03M/lr101_timeline_genconfig_mslp_seed_41.txt;21.46;t1;0;1432.08;false
0.05;0.07;0.14;0.2;0.0;0.12;7;/dados/rmelo/PDPTW-SE/benchmark_multi_island_v5/official_experiments/multistartlp/official/set_01_pt_01/logs/heur_mslp/outputs/csvresults_heur_mslp_bash_2.csv;0;4;1;26;0;0.0;0.5;true;14;2;lr101_t1_12R_12V_02I_04M;/dados/rmelo/PDPTW-SE/benchmark_multi_island_v5/official_experiments/multistartlp/official/set_01_pt_01/configs/genconfig_mslp.conf;genconfig_mslp;/dados/rmelo/PDPTW-SE/benchmark_multi_island_v5/official_experiments/multistartlp/official/set_01_pt_01/logs/heur_mslp/gurobi/12R_12V_02I_04M/lr101_grb_genconfig_mslp_seed_41.log;random;12R_12V_02I_04M;1;34672;1;/dados/rmelo/PDPTW-SE/benchmark_multi_island_v5/official_experiments/multistartlp/official/set_01_pt_01/../../../../instances/orig_ams_fg/12R_12V_02I_04M/t1/lr101/;60000;567;0;1732.45;25;13;H;50;95;0;100.0;30.0;true;0.95;100.0;1.0;1.0;1.0;1.0;60;M;25328;25328;false;52;0.89;97.55;0.87;26;10;1000000;-1;3600;16.84;0.57;0.37;mslp;heur;0.21;0.16;-1;3600;60000;I;12;1.0;0.83;lr101;0;/dados/rmelo/PDPTW-SE/benchmark_multi_island_v5/official_experiments/multistartlp/official/set_01_pt_01/logs;0;0;0;57.79;100.0;1;41;/dados/rmelo/PDPTW-SE/benchmark_multi_island_v5/official_experiments/multistartlp/official/set_01_pt_01/logs/heur_mslp/solutions/12R_12V_02I_04M/lr101_sol_genconfig_mslp_seed_41.txt;Gurobi;AUTOMATIC;18.64;_bash_2;_seed_41;4266.04;1;1.0;/dados/rmelo/PDPTW-SE/benchmark_multi_island_v5/official_experiments/multistartlp/official/set_01_pt_01/logs/heur_mslp/timelines/12R_12V_02I_04M/lr101_timeline_genconfig_mslp_seed_41.txt;73.38;t1;0;1391.03;false
0.05;0.03;0.15;0.19;0.01;0.06;3;/dados/rmelo/PDPTW-SE/benchmark_multi_island_v5/official_experiments/multistartlp/official/set_01_pt_01/logs/heur_mslp/outputs/csvresults_heur_mslp_bash_2.csv;0;3;1;26;0;0.0;0.5;true;14;2;lr102_t1_12R_12V_02I_03M;/dados/rmelo/PDPTW-SE/benchmark_multi_island_v5/official_experiments/multistartlp/official/set_01_pt_01/configs/genconfig_mslp.conf;genconfig_mslp;/dados/rmelo/PDPTW-SE/benchmark_multi_island_v5/official_experiments/multistartlp/official/set_01_pt_01/logs/heur_mslp/gurobi/12R_12V_02I_03M/lr102_grb_genconfig_mslp_seed_41.log;random;12R_12V_02I_03M;1;3888;1;/dados/rmelo/PDPTW-SE/benchmark_multi_island_v5/official_experiments/multistartlp/official/set_01_pt_01/../../../../instances/orig_ams_fg/12R_12V_02I_04M/t1/lr102/;60000;227;0;1351.06;25;13;H;50;95;0;100.0;30.0;true;0.95;100.0;1.0;1.0;1.0;1.0;60;M;56112;56112;false;62;0.84;79.46;0.97;31;10;1000000;-1;3600;14.77;0.82;0.66;mslp;heur;0.78;0.26;-1;3600;60000;I;12;0.67;0.42;lr102;0;/dados/rmelo/PDPTW-SE/benchmark_multi_island_v5/official_experiments/multistartlp/official/set_01_pt_01/logs;0;0;0;6.48;100.0;1;41;/dados/rmelo/PDPTW-SE/benchmark_multi_island_v5/official_experiments/multistartlp/official/set_01_pt_01/logs/heur_mslp/solutions/12R_12V_02I_03M/lr102_sol_genconfig_mslp_seed_41.txt;Gurobi;AUTOMATIC;18.69;_bash_2;_seed_41;8288.23;1;0.79;/dados/rmelo/PDPTW-SE/benchmark_multi_island_v5/official_experiments/multistartlp/official/set_01_pt_01/logs/heur_mslp/timelines/12R_12V_02I_03M/lr102_timeline_genconfig_mslp_seed_41.txt;129.16;t1;0;981.42;false
0.05;0.03;0.12;0.15;0.01;0.06;5;/dados/rmelo/PDPTW-SE/benchmark_multi_island_v5/official_experiments/multistartlp/official/set_01_pt_01/logs/heur_mslp/outputs/csvresults_heur_mslp_bash_2.csv;0;4;1;26;0;0.0;0.5;true;14;2;lr102_t1_12R_12V_02I_04M;/dados/rmelo/PDPTW-SE/benchmark_multi_island_v5/official_experiments/multistartlp/official/set_01_pt_01/configs/genconfig_mslp.conf;genconfig_mslp;/dados/rmelo/PDPTW-SE/benchmark_multi_island_v5/official_experiments/multistartlp/official/set_01_pt_01/logs/heur_mslp/gurobi/12R_12V_02I_04M/lr102_grb_genconfig_mslp_seed_41.log;random;12R_12V_02I_04M;1;174;1;/dados/rmelo/PDPTW-SE/benchmark_multi_island_v5/official_experiments/multistartlp/official/set_01_pt_01/../../../../instances/orig_ams_fg/12R_12V_02I_04M/t1/lr102/;60000;178;0;1271.35;25;13;H;50;95;0;100.0;30.0;true;0.95;100.0;1.0;1.0;1.0;1.0;60;M;59826;59826;false;62;0.84;77.23;0.97;31;10;1000000;-1;3600;14.44;0.82;0.67;mslp;heur;0.78;0.37;-1;3600;60000;I;12;0.75;0.42;lr102;0;/dados/rmelo/PDPTW-SE/benchmark_multi_island_v5/official_experiments/multistartlp/official/set_01_pt_01/logs;0;0;0;0.29;100.0;1;41;/dados/rmelo/PDPTW-SE/benchmark_multi_island_v5/official_experiments/multistartlp/official/set_01_pt_01/logs/heur_mslp/solutions/12R_12V_02I_04M/lr102_sol_genconfig_mslp_seed_41.txt;Gurobi;AUTOMATIC;18.5;_bash_2;_seed_41;8638.95;1;0.69;/dados/rmelo/PDPTW-SE/benchmark_multi_island_v5/official_experiments/multistartlp/official/set_01_pt_01/logs/heur_mslp/timelines/12R_12V_02I_04M/lr102_timeline_genconfig_mslp_seed_41.txt;140.26;t1;0;975.57;false
0.05;0.02;0.1;0.12;0.0;0.0;4;/dados/rmelo/PDPTW-SE/benchmark_multi_island_v5/official_experiments/multistartlp/official/set_01_pt_01/logs/heur_mslp/outputs/csvresults_heur_mslp_bash_2.csv;0;3;1;26;0;0.0;0.5;true;14;2;lr103_t1_12R_12V_02I_03M;/dados/rmelo/PDPTW-SE/benchmark_multi_island_v5/official_experiments/multistartlp/official/set_01_pt_01/configs/genconfig_mslp.conf;genconfig_mslp;/dados/rmelo/PDPTW-SE/benchmark_multi_island_v5/official_experiments/multistartlp/official/set_01_pt_01/logs/heur_mslp/gurobi/12R_12V_02I_03M/lr103_grb_genconfig_mslp_seed_41.log;random;12R_12V_02I_03M;1;735;1;/dados/rmelo/PDPTW-SE/benchmark_multi_island_v5/official_experiments/multistartlp/official/set_01_pt_01/../../../../instances/orig_ams_fg/12R_12V_02I_04M/t1/lr103/;60000;283;0;922.34;25;13;H;50;95;0;100.0;30.0;true;0.95;100.0;1.0;1.0;1.0;1.0;60;M;59265;59265;false;58;0.94;82.44;0.93;29;10;1000000;-1;3600;10.32;0.78;0.68;mslp;heur;0.39;0.38;-1;3600;60000;I;12;0.67;0.33;lr103;0;/dados/rmelo/PDPTW-SE/benchmark_multi_island_v5/official_experiments/multistartlp/official/set_01_pt_01/logs;0;0;0;1.23;100.0;1;41;/dados/rmelo/PDPTW-SE/benchmark_multi_island_v5/official_experiments/multistartlp/official/set_01_pt_01/logs/heur_mslp/solutions/12R_12V_02I_03M/lr103_sol_genconfig_mslp_seed_41.txt;Gurobi;AUTOMATIC;18.47;_bash_2;_seed_41;6114.39;1;1.01;/dados/rmelo/PDPTW-SE/benchmark_multi_island_v5/official_experiments/multistartlp/official/set_01_pt_01/logs/heur_mslp/timelines/12R_12V_02I_03M/lr103_timeline_genconfig_mslp_seed_41.txt;148.49;t1;0;717.1;false
0.05;0.02;0.1;0.12;0.0;0.0;9;/dados/rmelo/PDPTW-SE/benchmark_multi_island_v5/official_experiments/multistartlp/official/set_01_pt_01/logs/heur_mslp/outputs/csvresults_heur_mslp_bash_2.csv;0;4;1;26;0;0.0;0.5;true;14;2;lr103_t1_12R_12V_02I_04M;/dados/rmelo/PDPTW-SE/benchmark_multi_island_v5/official_experiments/multistartlp/official/set_01_pt_01/configs/genconfig_mslp.conf;genconfig_mslp;/dados/rmelo/PDPTW-SE/benchmark_multi_island_v5/official_experiments/multistartlp/official/set_01_pt_01/logs/heur_mslp/gurobi/12R_12V_02I_04M/lr103_grb_genconfig_mslp_seed_41.log;random;12R_12V_02I_04M;1;0;1;/dados/rmelo/PDPTW-SE/benchmark_multi_island_v5/official_experiments/multistartlp/official/set_01_pt_01/../../../../instances/orig_ams_fg/12R_12V_02I_04M/t1/lr103/;60000;19634;0;1034.16;25;13;H;50;95;0;100.0;30.0;true;0.95;100.0;1.0;1.0;1.0;1.0;60;M;60000;60000;false;58;0.94;74.02;0.93;29;10;1000000;-1;3600;10.61;0.78;0.7;mslp;heur;0.39;0.46;-1;3600;60000;I;12;0.5;0.33;lr103;0;/dados/rmelo/PDPTW-SE/benchmark_multi_island_v5/official_experiments/multistartlp/official/set_01_pt_01/logs;0;0;0;0.0;100.0;1;41;/dados/rmelo/PDPTW-SE/benchmark_multi_island_v5/official_experiments/multistartlp/official/set_01_pt_01/logs/heur_mslp/solutions/12R_12V_02I_04M/lr103_sol_genconfig_mslp_seed_41.txt;Gurobi;AUTOMATIC;18.41;_bash_2;_seed_41;6366.69;1;51.48;/dados/rmelo/PDPTW-SE/benchmark_multi_island_v5/official_experiments/multistartlp/official/set_01_pt_01/logs/heur_mslp/timelines/12R_12V_02I_04M/lr103_timeline_genconfig_mslp_seed_41.txt;157.21;t1;0;714.59;false
0.05;0.03;0.08;0.11;0.0;0.0;13;/dados/rmelo/PDPTW-SE/benchmark_multi_island_v5/official_experiments/multistartlp/official/set_01_pt_01/logs/heur_mslp/outputs/csvresults_heur_mslp_bash_2.csv;0;3;1;26;0;0.0;0.5;true;14;2;lr104_t1_12R_12V_02I_03M;/dados/rmelo/PDPTW-SE/benchmark_multi_island_v5/official_experiments/multistartlp/official/set_01_pt_01/configs/genconfig_mslp.conf;genconfig_mslp;/dados/rmelo/PDPTW-SE/benchmark_multi_island_v5/official_experiments/multistartlp/official/set_01_pt_01/logs/heur_mslp/gurobi/12R_12V_02I_03M/lr104_grb_genconfig_mslp_seed_41.log;random;12R_12V_02I_03M;1;281;1;/dados/rmelo/PDPTW-SE/benchmark_multi_island_v5/official_experiments/multistartlp/official/set_01_pt_01/../../../../instances/orig_ams_fg/12R_12V_02I_04M/t1/lr104/;60000;42344;0;979.07;25;13;H;50;95;0;100.0;30.0;true;0.95;100.0;1.0;1.0;1.0;1.0;60;M;59719;59719;false;40;0.98;79.0;0.95;20;10;1000000;-1;3600;7.84;0.85;0.72;mslp;heur;0.65;0.52;-1;3600;60000;I;12;1.0;0.33;lr104;0;/dados/rmelo/PDPTW-SE/benchmark_multi_island_v5/official_experiments/multistartlp/official/set_01_pt_01/logs;0;0;0;0.47;100.0;1;41;/dados/rmelo/PDPTW-SE/benchmark_multi_island_v5/official_experiments/multistartlp/official/set_01_pt_01/logs/heur_mslp/solutions/12R_12V_02I_03M/lr104_sol_genconfig_mslp_seed_41.txt;Gurobi;AUTOMATIC;18.43;_bash_2;_seed_41;4679.03;1;114.07;/dados/rmelo/PDPTW-SE/benchmark_multi_island_v5/official_experiments/multistartlp/official/set_01_pt_01/logs/heur_mslp/timelines/12R_12V_02I_03M/lr104_timeline_genconfig_mslp_seed_41.txt;161.51;t1;0;778.92;false
0.05;0.03;0.06;0.09;0.0;0.0;11;/dados/rmelo/PDPTW-SE/benchmark_multi_island_v5/official_experiments/multistartlp/official/set_01_pt_01/logs/heur_mslp/outputs/csvresults_heur_mslp_bash_2.csv;0;4;1;26;0;0.0;0.5;true;14;2;lr104_t1_12R_12V_02I_04M;/dados/rmelo/PDPTW-SE/benchmark_multi_island_v5/official_experiments/multistartlp/official/set_01_pt_01/configs/genconfig_mslp.conf;genconfig_mslp;/dados/rmelo/PDPTW-SE/benchmark_multi_island_v5/official_experiments/multistartlp/official/set_01_pt_01/logs/heur_mslp/gurobi/12R_12V_02I_04M/lr104_grb_genconfig_mslp_seed_41.log;random;12R_12V_02I_04M;1;1;1;/dados/rmelo/PDPTW-SE/benchmark_multi_island_v5/official_experiments/multistartlp/official/set_01_pt_01/../../../../instances/orig_ams_fg/12R_12V_02I_04M/t1/lr104/;60000;36457;0;1083.98;25;13;H;50;95;0;100.0;30.0;true;0.95;100.0;1.0;1.0;1.0;1.0;60;M;59999;59999;false;40;0.97;75.57;0.95;20;10;1000000;-1;3600;7.84;0.84;0.75;mslp;heur;0.65;0.58;-1;3600;60000;I;12;1.0;0.33;lr104;0;/dados/rmelo/PDPTW-SE/benchmark_multi_island_v5/official_experiments/multistartlp/official/set_01_pt_01/logs;0;0;0;0.0;100.0;1;41;/dados/rmelo/PDPTW-SE/benchmark_multi_island_v5/official_experiments/multistartlp/official/set_01_pt_01/logs/heur_mslp/solutions/12R_12V_02I_04M/lr104_sol_genconfig_mslp_seed_41.txt;Gurobi;AUTOMATIC;18.52;_bash_2;_seed_41;4705.45;1;102.96;/dados/rmelo/PDPTW-SE/benchmark_multi_island_v5/official_experiments/multistartlp/official/set_01_pt_01/logs/heur_mslp/timelines/12R_12V_02I_04M/lr104_timeline_genconfig_mslp_seed_41.txt;169.36;t1;0;771.33;false
0.05;0.05;0.13;0.19;0.0;0.06;8;/dados/rmelo/PDPTW-SE/benchmark_multi_island_v5/official_experiments/multistartlp/official/set_01_pt_01/logs/heur_mslp/outputs/csvresults_heur_mslp_bash_2.csv;0;3;1;26;0;0.0;0.5;true;14;2;lr105_t1_12R_12V_02I_03M;/dados/rmelo/PDPTW-SE/benchmark_multi_island_v5/official_experiments/multistartlp/official/set_01_pt_01/configs/genconfig_mslp.conf;genconfig_mslp;/dados/rmelo/PDPTW-SE/benchmark_multi_island_v5/official_experiments/multistartlp/official/set_01_pt_01/logs/heur_mslp/gurobi/12R_12V_02I_03M/lr105_grb_genconfig_mslp_seed_41.log;random;12R_12V_02I_03M;1;59303;1;/dados/rmelo/PDPTW-SE/benchmark_multi_island_v5/official_experiments/multistartlp/official/set_01_pt_01/../../../../instances/orig_ams_fg/12R_12V_02I_04M/t1/lr105/;60000;36812;0;1618.37;25;13;H;50;95;0;100.0;30.0;true;0.95;100.0;1.0;1.0;1.0;1.0;60;M;697;697;false;58;0.98;119.48;0.98;29;10;1000000;-1;3600;8.7;0.71;0.5;mslp;heur;0.48;0.23;-1;3600;60000;I;12;1.0;0.58;lr105;0;/dados/rmelo/PDPTW-SE/benchmark_multi_island_v5/official_experiments/multistartlp/official/set_01_pt_01/logs;0;0;0;98.84;100.0;1;41;/dados/rmelo/PDPTW-SE/benchmark_multi_island_v5/official_experiments/multistartlp/official/set_01_pt_01/logs/heur_mslp/solutions/12R_12V_02I_03M/lr105_sol_genconfig_mslp_seed_41.txt;Gurobi;AUTOMATIC;18.62;_bash_2;_seed_41;60.64;1;9.01;/dados/rmelo/PDPTW-SE/benchmark_multi_island_v5/official_experiments/multistartlp/official/set_01_pt_01/logs/heur_mslp/timelines/12R_12V_02I_03M/lr105_timeline_genconfig_mslp_seed_41.txt;14.25;t1;0;1344.91;false
0.05;0.04;0.1;0.15;0.0;0.04;9;/dados/rmelo/PDPTW-SE/benchmark_multi_island_v5/official_experiments/multistartlp/official/set_01_pt_01/logs/heur_mslp/outputs/csvresults_heur_mslp_bash_2.csv;0;4;1;26;0;0.0;0.5;true;14;2;lr105_t1_12R_12V_02I_04M;/dados/rmelo/PDPTW-SE/benchmark_multi_island_v5/official_experiments/multistartlp/official/set_01_pt_01/configs/genconfig_mslp.conf;genconfig_mslp;/dados/rmelo/PDPTW-SE/benchmark_multi_island_v5/official_experiments/multistartlp/official/set_01_pt_01/logs/heur_mslp/gurobi/12R_12V_02I_04M/lr105_grb_genconfig_mslp_seed_41.log;random;12R_12V_02I_04M;1;53590;1;/dados/rmelo/PDPTW-SE/benchmark_multi_island_v5/official_experiments/multistartlp/official/set_01_pt_01/../../../../instances/orig_ams_fg/12R_12V_02I_04M/t1/lr105/;60000;19603;0;1677.98;25;13;H;50;95;0;100.0;30.0;true;0.95;100.0;1.0;1.0;1.0;1.0;60;M;6410;6410;false;58;0.98;119.48;0.81;29;10;1000000;-1;3600;8.4;0.69;0.46;mslp;heur;0.17;0.22;-1;3600;60000;I;12;1.0;0.58;lr105;0;/dados/rmelo/PDPTW-SE/benchmark_multi_island_v5/official_experiments/multistartlp/official/set_01_pt_01/logs;0;0;0;89.32;100.0;1;41;/dados/rmelo/PDPTW-SE/benchmark_multi_island_v5/official_experiments/multistartlp/official/set_01_pt_01/logs/heur_mslp/solutions/12R_12V_02I_04M/lr105_sol_genconfig_mslp_seed_41.txt;Gurobi;AUTOMATIC;18.3;_bash_2;_seed_41;538.6;1;11.1;/dados/rmelo/PDPTW-SE/benchmark_multi_island_v5/official_experiments/multistartlp/official/set_01_pt_01/logs/heur_mslp/timelines/12R_12V_02I_04M/lr105_timeline_genconfig_mslp_seed_41.txt;33.43;t1;0;1297.52;false
0.05;0.01;0.03;0.04;0.06;0.19;14;/dados/rmelo/PDPTW-SE/benchmark_multi_island_v5/official_experiments/multistartlp/official/set_01_pt_01/logs/heur_mslp/outputs/csvresults_heur_mslp_bash_2.csv;0;3;1;26;0;0.0;0.5;true;14;2;lr201_t2_12R_12V_02I_03M;/dados/rmelo/PDPTW-SE/benchmark_multi_island_v5/official_experiments/multistartlp/official/set_01_pt_01/configs/genconfig_mslp.conf;genconfig_mslp;/dados/rmelo/PDPTW-SE/benchmark_multi_island_v5/official_experiments/multistartlp/official/set_01_pt_01/logs/heur_mslp/gurobi/12R_12V_02I_03M/lr201_grb_genconfig_mslp_seed_41.log;random;12R_12V_02I_03M;1;0;1;/dados/rmelo/PDPTW-SE/benchmark_multi_island_v5/official_experiments/multistartlp/official/set_01_pt_01/../../../../instances/orig_ams_fg/12R_12V_02I_04M/t2/lr201/;60000;8894;0;1907.55;25;13;H;50;95;0;100.0;30.0;true;0.95;100.0;1.0;1.0;1.0;1.0;60;M;60000;60000;false;52;0.6;103.14;1.0;26;10;1000000;-1;3600;24.96;0.44;0.93;mslp;heur;0.19;0.83;-1;3600;60000;I;12;1.0;0.25;lr201;0;/dados/rmelo/PDPTW-SE/benchmark_multi_island_v5/official_experiments/multistartlp/official/set_01_pt_01/logs;0;0;0;0.0;100.0;1;41;/dados/rmelo/PDPTW-SE/benchmark_multi_island_v5/official_experiments/multistartlp/official/set_01_pt_01/logs/heur_mslp/solutions/12R_12V_02I_03M/lr201_sol_genconfig_mslp_seed_41.txt;Gurobi;AUTOMATIC;18.36;_bash_2;_seed_41;14976.91;1;22.66;/dados/rmelo/PDPTW-SE/benchmark_multi_island_v5/official_experiments/multistartlp/official/set_01_pt_01/logs/heur_mslp/timelines/12R_12V_02I_03M/lr201_timeline_genconfig_mslp_seed_41.txt;149.39;t2;0;1327.28;false
0.05;0.01;0.03;0.04;0.06;0.19;13;/dados/rmelo/PDPTW-SE/benchmark_multi_island_v5/official_experiments/multistartlp/official/set_01_pt_01/logs/heur_mslp/outputs/csvresults_heur_mslp_bash_2.csv;0;4;1;26;0;0.0;0.5;true;14;2;lr201_t2_12R_12V_02I_04M;/dados/rmelo/PDPTW-SE/benchmark_multi_island_v5/official_experiments/multistartlp/official/set_01_pt_01/configs/genconfig_mslp.conf;genconfig_mslp;/dados/rmelo/PDPTW-SE/benchmark_multi_island_v5/official_experiments/multistartlp/official/set_01_pt_01/logs/heur_mslp/gurobi/12R_12V_02I_04M/lr201_grb_genconfig_mslp_seed_41.log;random;12R_12V_02I_04M;1;0;1;/dados/rmelo/PDPTW-SE/benchmark_multi_island_v5/official_experiments/multistartlp/official/set_01_pt_01/../../../../instances/orig_ams_fg/12R_12V_02I_04M/t2/lr201/;60000;8894;0;1906.85;25;13;H;50;95;0;100.0;30.0;true;0.95;100.0;1.0;1.0;1.0;1.0;60;M;60000;60000;false;52;0.6;103.14;1.0;26;10;1000000;-1;3600;24.98;0.44;0.93;mslp;heur;0.19;0.83;-1;3600;60000;I;12;0.75;0.25;lr201;0;/dados/rmelo/PDPTW-SE/benchmark_multi_island_v5/official_experiments/multistartlp/official/set_01_pt_01/logs;0;0;0;0.0;100.0;1;41;/dados/rmelo/PDPTW-SE/benchmark_multi_island_v5/official_experiments/multistartlp/official/set_01_pt_01/logs/heur_mslp/solutions/12R_12V_02I_04M/lr201_sol_genconfig_mslp_seed_41.txt;Gurobi;AUTOMATIC;18.36;_bash_2;_seed_41;14986.16;1;23.44;/dados/rmelo/PDPTW-SE/benchmark_multi_island_v5/official_experiments/multistartlp/official/set_01_pt_01/logs/heur_mslp/timelines/12R_12V_02I_04M/lr201_timeline_genconfig_mslp_seed_41.txt;156.26;t2;0;1326.58;false
0.05;0.01;0.03;0.04;0.0;0.0;10;/dados/rmelo/PDPTW-SE/benchmark_multi_island_v5/official_experiments/multistartlp/official/set_01_pt_01/logs/heur_mslp/outputs/csvresults_heur_mslp_bash_2.csv;0;3;1;26;0;0.0;0.5;true;14;2;lr202_t2_12R_12V_02I_03M;/dados/rmelo/PDPTW-SE/benchmark_multi_island_v5/official_experiments/multistartlp/official/set_01_pt_01/configs/genconfig_mslp.conf;genconfig_mslp;/dados/rmelo/PDPTW-SE/benchmark_multi_island_v5/official_experiments/multistartlp/official/set_01_pt_01/logs/heur_mslp/gurobi/12R_12V_02I_03M/lr202_grb_genconfig_mslp_seed_41.log;random;12R_12V_02I_03M;1;0;1;/dados/rmelo/PDPTW-SE/benchmark_multi_island_v5/official_experiments/multistartlp/official/set_01_pt_01/../../../../instances/orig_ams_fg/12R_12V_02I_04M/t2/lr202/;60000;45790;0;1453.71;25;13;H;50;95;0;100.0;30.0;true;0.95;100.0;1.0;1.0;1.0;1.0;60;M;60000;60000;false;46;0.68;84.26;0.85;23;10;1000000;-1;3600;25.56;0.45;0.78;mslp;heur;0.21;0.72;-1;3600;60000;I;12;0.67;0.17;lr202;0;/dados/rmelo/PDPTW-SE/benchmark_multi_island_v5/official_experiments/multistartlp/official/set_01_pt_01/logs;0;0;0;0.0;100.0;1;41;/dados/rmelo/PDPTW-SE/benchmark_multi_island_v5/official_experiments/multistartlp/official/set_01_pt_01/logs/heur_mslp/solutions/12R_12V_02I_03M/lr202_sol_genconfig_mslp_seed_41.txt;Gurobi;AUTOMATIC;18.32;_bash_2;_seed_41;15333.9;1;143.19;/dados/rmelo/PDPTW-SE/benchmark_multi_island_v5/official_experiments/multistartlp/official/set_01_pt_01/logs/heur_mslp/timelines/12R_12V_02I_03M/lr202_timeline_genconfig_mslp_seed_41.txt;187.26;t2;0;890.06;false
0.05;0.01;0.03;0.04;0.0;0.0;10;/dados/rmelo/PDPTW-SE/benchmark_multi_island_v5/official_experiments/multistartlp/official/set_01_pt_01/logs/heur_mslp/outputs/csvresults_heur_mslp_bash_2.csv;0;4;1;26;0;0.0;0.5;true;14;2;lr202_t2_12R_12V_02I_04M;/dados/rmelo/PDPTW-SE/benchmark_multi_island_v5/official_experiments/multistartlp/official/set_01_pt_01/configs/genconfig_mslp.conf;genconfig_mslp;/dados/rmelo/PDPTW-SE/benchmark_multi_island_v5/official_experiments/multistartlp/official/set_01_pt_01/logs/heur_mslp/gurobi/12R_12V_02I_04M/lr202_grb_genconfig_mslp_seed_41.log;random;12R_12V_02I_04M;1;0;1;/dados/rmelo/PDPTW-SE/benchmark_multi_island_v5/official_experiments/multistartlp/official/set_01_pt_01/../../../../instances/orig_ams_fg/12R_12V_02I_04M/t2/lr202/;60000;45790;0;1453.71;25;13;H;50;95;0;100.0;30.0;true;0.95;100.0;1.0;1.0;1.0;1.0;60;M;60000;60000;false;46;0.68;84.26;0.85;23;10;1000000;-1;3600;25.59;0.45;0.78;mslp;heur;0.21;0.72;-1;3600;60000;I;12;0.5;0.17;lr202;0;/dados/rmelo/PDPTW-SE/benchmark_multi_island_v5/official_experiments/multistartlp/official/set_01_pt_01/logs;0;0;0;0.0;100.0;1;41;/dados/rmelo/PDPTW-SE/benchmark_multi_island_v5/official_experiments/multistartlp/official/set_01_pt_01/logs/heur_mslp/solutions/12R_12V_02I_04M/lr202_sol_genconfig_mslp_seed_41.txt;Gurobi;AUTOMATIC;18.32;_bash_2;_seed_41;15353.63;1;151.04;/dados/rmelo/PDPTW-SE/benchmark_multi_island_v5/official_experiments/multistartlp/official/set_01_pt_01/logs/heur_mslp/timelines/12R_12V_02I_04M/lr202_timeline_genconfig_mslp_seed_41.txt;197.38;t2;0;890.06;false
0.05;0.0;0.03;0.03;0.0;0.0;15;/dados/rmelo/PDPTW-SE/benchmark_multi_island_v5/official_experiments/multistartlp/official/set_01_pt_01/logs/heur_mslp/outputs/csvresults_heur_mslp_bash_2.csv;0;3;1;26;0;0.0;0.5;true;14;2;lr203_t2_12R_12V_02I_03M;/dados/rmelo/PDPTW-SE/benchmark_multi_island_v5/official_experiments/multistartlp/official/set_01_pt_01/configs/genconfig_mslp.conf;genconfig_mslp;/dados/rmelo/PDPTW-SE/benchmark_multi_island_v5/official_experiments/multistartlp/official/set_01_pt_01/logs/heur_mslp/gurobi/12R_12V_02I_03M/lr203_grb_genconfig_mslp_seed_41.log;random;12R_12V_02I_03M;1;0;1;/dados/rmelo/PDPTW-SE/benchmark_multi_island_v5/official_experiments/multistartlp/official/set_01_pt_01/../../../../instances/orig_ams_fg/12R_12V_02I_04M/t2/lr203/;60000;32985;0;1698.38;25;13;H;50;95;0;100.0;30.0;true;0.95;100.0;1.0;1.0;1.0;1.0;60;M;59961;60000;false;58;0.82;131.86;0.98;29;10;1000000;-1;3600;12.25;0.57;0.98;mslp;heur;0.32;0.97;-1;3600;60000;I;12;0.67;0.17;lr203;0;/dados/rmelo/PDPTW-SE/benchmark_multi_island_v5/official_experiments/multistartlp/official/set_01_pt_01/logs;0;0;0;0.0;99.94;1;41;/dados/rmelo/PDPTW-SE/benchmark_multi_island_v5/official_experiments/multistartlp/official/set_01_pt_01/logs/heur_mslp/solutions/12R_12V_02I_03M/lr203_sol_genconfig_mslp_seed_41.txt;Gurobi;AUTOMATIC;18.47;_bash_2;_seed_41;7350.09;1;123.17;/dados/rmelo/PDPTW-SE/benchmark_multi_island_v5/official_experiments/multistartlp/official/set_01_pt_01/logs/heur_mslp/timelines/12R_12V_02I_03M/lr203_timeline_genconfig_mslp_seed_41.txt;223.34;t2;0;1137.19;false
0.05;0.0;0.03;0.03;0.0;0.0;14;/dados/rmelo/PDPTW-SE/benchmark_multi_island_v5/official_experiments/multistartlp/official/set_01_pt_01/logs/heur_mslp/outputs/csvresults_heur_mslp_bash_2.csv;0;4;1;26;0;0.0;0.5;true;14;2;lr203_t2_12R_12V_02I_04M;/dados/rmelo/PDPTW-SE/benchmark_multi_island_v5/official_experiments/multistartlp/official/set_01_pt_01/configs/genconfig_mslp.conf;genconfig_mslp;/dados/rmelo/PDPTW-SE/benchmark_multi_island_v5/official_experiments/multistartlp/official/set_01_pt_01/logs/heur_mslp/gurobi/12R_12V_02I_04M/lr203_grb_genconfig_mslp_seed_41.log;random;12R_12V_02I_04M;1;0;1;/dados/rmelo/PDPTW-SE/benchmark_multi_island_v5/official_experiments/multistartlp/official/set_01_pt_01/../../../../instances/orig_ams_fg/12R_12V_02I_04M/t2/lr203/;60000;54989;0;1830.83;25;13;H;50;95;0;100.0;30.0;true;0.95;100.0;1.0;1.0;1.0;1.0;60;M;59976;60000;false;58;0.78;129.0;0.95;29;10;1000000;-1;3600;12.29;0.55;0.86;mslp;heur;0.32;0.77;-1;3600;60000;I;12;0.5;0.17;lr203;0;/dados/rmelo/PDPTW-SE/benchmark_multi_island_v5/official_experiments/multistartlp/official/set_01_pt_01/logs;0;0;0;0.0;99.96;1;41;/dados/rmelo/PDPTW-SE/benchmark_multi_island_v5/official_experiments/multistartlp/official/set_01_pt_01/logs/heur_mslp/solutions/12R_12V_02I_04M/lr203_sol_genconfig_mslp_seed_41.txt;Gurobi;AUTOMATIC;18.59;_bash_2;_seed_41;7375.87;1;215.9;/dados/rmelo/PDPTW-SE/benchmark_multi_island_v5/official_experiments/multistartlp/official/set_01_pt_01/logs/heur_mslp/timelines/12R_12V_02I_04M/lr203_timeline_genconfig_mslp_seed_41.txt;235.52;t2;0;1102.23;false
0.05;0.0;0.02;0.03;0.0;0.0;9;/dados/rmelo/PDPTW-SE/benchmark_multi_island_v5/official_experiments/multistartlp/official/set_01_pt_01/logs/heur_mslp/outputs/csvresults_heur_mslp_bash_2.csv;0;3;1;26;0;0.0;0.5;true;14;2;lr204_t2_12R_12V_02I_03M;/dados/rmelo/PDPTW-SE/benchmark_multi_island_v5/official_experiments/multistartlp/official/set_01_pt_01/configs/genconfig_mslp.conf;genconfig_mslp;/dados/rmelo/PDPTW-SE/benchmark_multi_island_v5/official_experiments/multistartlp/official/set_01_pt_01/logs/heur_mslp/gurobi/12R_12V_02I_03M/lr204_grb_genconfig_mslp_seed_41.log;random;12R_12V_02I_03M;1;0;1;/dados/rmelo/PDPTW-SE/benchmark_multi_island_v5/official_experiments/multistartlp/official/set_01_pt_01/../../../../instances/orig_ams_fg/12R_12V_02I_04M/t2/lr204/;60000;4629;0;1050.08;25;13;H;50;95;0;100.0;30.0;true;0.95;100.0;1.0;1.0;1.0;1.0;60;M;44236;60000;false;38;0.62;91.47;1.0;19;10;1000000;-1;3600;5.24;0.42;0.87;mslp;heur;0.21;0.73;-1;3600;60000;I;12;0.67;0.17;lr204;0;/dados/rmelo/PDPTW-SE/benchmark_multi_island_v5/official_experiments/multistartlp/official/set_01_pt_01/logs;0;0;0;0.0;73.73;1;41;/dados/rmelo/PDPTW-SE/benchmark_multi_island_v5/official_experiments/multistartlp/official/set_01_pt_01/logs/heur_mslp/solutions/12R_12V_02I_03M/lr204_sol_genconfig_mslp_seed_41.txt;Gurobi;AUTOMATIC;18.19;_bash_2;_seed_41;3144.23;1;18.21;/dados/rmelo/PDPTW-SE/benchmark_multi_island_v5/official_experiments/multistartlp/official/set_01_pt_01/logs/heur_mslp/timelines/12R_12V_02I_03M/lr204_timeline_genconfig_mslp_seed_41.txt;224.75;t2;0;834.5;false
0.05;0.0;0.02;0.03;0.0;0.0;9;/dados/rmelo/PDPTW-SE/benchmark_multi_island_v5/official_experiments/multistartlp/official/set_01_pt_01/logs/heur_mslp/outputs/csvresults_heur_mslp_bash_2.csv;0;4;1;26;0;0.0;0.5;true;14;2;lr204_t2_12R_12V_02I_04M;/dados/rmelo/PDPTW-SE/benchmark_multi_island_v5/official_experiments/multistartlp/official/set_01_pt_01/configs/genconfig_mslp.conf;genconfig_mslp;/dados/rmelo/PDPTW-SE/benchmark_multi_island_v5/official_experiments/multistartlp/official/set_01_pt_01/logs/heur_mslp/gurobi/12R_12V_02I_04M/lr204_grb_genconfig_mslp_seed_41.log;random;12R_12V_02I_04M;1;0;1;/dados/rmelo/PDPTW-SE/benchmark_multi_island_v5/official_experiments/multistartlp/official/set_01_pt_01/../../../../instances/orig_ams_fg/12R_12V_02I_04M/t2/lr204/;60000;4629;0;1049.38;25;13;H;50;95;0;100.0;30.0;true;0.95;100.0;1.0;1.0;1.0;1.0;60;M;44131;60000;false;38;0.62;91.47;1.0;19;10;1000000;-1;3600;5.33;0.42;0.87;mslp;heur;0.21;0.73;-1;3600;60000;I;12;0.5;0.17;lr204;0;/dados/rmelo/PDPTW-SE/benchmark_multi_island_v5/official_experiments/multistartlp/official/set_01_pt_01/logs;0;0;0;0.0;73.55;1;41;/dados/rmelo/PDPTW-SE/benchmark_multi_island_v5/official_experiments/multistartlp/official/set_01_pt_01/logs/heur_mslp/solutions/12R_12V_02I_04M/lr204_sol_genconfig_mslp_seed_41.txt;Gurobi;AUTOMATIC;18.46;_bash_2;_seed_41;3197.17;1;19.46;/dados/rmelo/PDPTW-SE/benchmark_multi_island_v5/official_experiments/multistartlp/official/set_01_pt_01/logs/heur_mslp/timelines/12R_12V_02I_04M/lr204_timeline_genconfig_mslp_seed_41.txt;241.49;t2;0;834.5;false
0.05;0.01;0.03;0.04;0.0;0.01;12;/dados/rmelo/PDPTW-SE/benchmark_multi_island_v5/official_experiments/multistartlp/official/set_01_pt_01/logs/heur_mslp/outputs/csvresults_heur_mslp_bash_2.csv;0;3;1;26;0;0.0;0.5;true;14;2;lr205_t2_12R_12V_02I_03M;/dados/rmelo/PDPTW-SE/benchmark_multi_island_v5/official_experiments/multistartlp/official/set_01_pt_01/configs/genconfig_mslp.conf;genconfig_mslp;/dados/rmelo/PDPTW-SE/benchmark_multi_island_v5/official_experiments/multistartlp/official/set_01_pt_01/logs/heur_mslp/gurobi/12R_12V_02I_03M/lr205_grb_genconfig_mslp_seed_41.log;random;12R_12V_02I_03M;1;0;1;/dados/rmelo/PDPTW-SE/benchmark_multi_island_v5/official_experiments/multistartlp/official/set_01_pt_01/../../../../instances/orig_ams_fg/12R_12V_02I_04M/t2/lr205/;60000;50117;0;1481.41;25;13;H;50;95;0;100.0;30.0;true;0.95;100.0;1.0;1.0;1.0;1.0;60;M;60000;60000;false;58;0.72;85.62;0.95;29;10;1000000;-1;3600;24.47;0.46;0.82;mslp;heur;0.19;0.69;-1;3600;60000;I;12;0.67;0.17;lr205;0;/dados/rmelo/PDPTW-SE/benchmark_multi_island_v5/official_experiments/multistartlp/official/set_01_pt_01/logs;0;0;0;0.0;100.0;1;41;/dados/rmelo/PDPTW-SE/benchmark_multi_island_v5/official_experiments/multistartlp/official/set_01_pt_01/logs/heur_mslp/solutions/12R_12V_02I_03M/lr205_sol_genconfig_mslp_seed_41.txt;Gurobi;AUTOMATIC;18.71;_bash_2;_seed_41;14684.2;1;160.78;/dados/rmelo/PDPTW-SE/benchmark_multi_island_v5/official_experiments/multistartlp/official/set_01_pt_01/logs/heur_mslp/timelines/12R_12V_02I_03M/lr205_timeline_genconfig_mslp_seed_41.txt;192.68;t2;0;912.26;false
0.05;0.01;0.03;0.04;0.0;0.01;13;/dados/rmelo/PDPTW-SE/benchmark_multi_island_v5/official_experiments/multistartlp/official/set_01_pt_01/logs/heur_mslp/outputs/csvresults_heur_mslp_bash_2.csv;0;4;1;26;0;0.0;0.5;true;14;2;lr205_t2_12R_12V_02I_04M;/dados/rmelo/PDPTW-SE/benchmark_multi_island_v5/official_experiments/multistartlp/official/set_01_pt_01/configs/genconfig_mslp.conf;genconfig_mslp;/dados/rmelo/PDPTW-SE/benchmark_multi_island_v5/official_experiments/multistartlp/official/set_01_pt_01/logs/heur_mslp/gurobi/12R_12V_02I_04M/lr205_grb_genconfig_mslp_seed_41.log;random;12R_12V_02I_04M;1;0;1;/dados/rmelo/PDPTW-SE/benchmark_multi_island_v5/official_experiments/multistartlp/official/set_01_pt_01/../../../../instances/orig_ams_fg/12R_12V_02I_04M/t2/lr205/;60000;50117;0;1481.41;25;13;H;50;95;0;100.0;30.0;true;0.95;100.0;1.0;1.0;1.0;1.0;60;M;60000;60000;false;58;0.72;85.62;0.95;29;10;1000000;-1;3600;24.6;0.46;0.82;mslp;heur;0.19;0.69;-1;3600;60000;I;12;0.5;0.17;lr205;0;/dados/rmelo/PDPTW-SE/benchmark_multi_island_v5/official_experiments/multistartlp/official/set_01_pt_01/logs;0;0;0;0.0;100.0;1;41;/dados/rmelo/PDPTW-SE/benchmark_multi_island_v5/official_experiments/multistartlp/official/set_01_pt_01/logs/heur_mslp/solutions/12R_12V_02I_04M/lr205_sol_genconfig_mslp_seed_41.txt;Gurobi;AUTOMATIC;18.71;_bash_2;_seed_41;14761.51;1;167.59;/dados/rmelo/PDPTW-SE/benchmark_multi_island_v5/official_experiments/multistartlp/official/set_01_pt_01/logs/heur_mslp/timelines/12R_12V_02I_04M/lr205_timeline_genconfig_mslp_seed_41.txt;200.85;t2;0;912.26;false
0.05;0.21;0.39;0.59;0.02;0.14;7;/dados/rmelo/PDPTW-SE/benchmark_multi_island_v5/official_experiments/multistartlp/official/set_01_pt_01/logs/heur_mslp/outputs/csvresults_heur_mslp_bash_2.csv;0;3;1;26;0;0.0;0.5;true;14;2;lr101_t1_12R_12V_04I_03M;/dados/rmelo/PDPTW-SE/benchmark_multi_island_v5/official_experiments/multistartlp/official/set_01_pt_01/configs/genconfig_mslp.conf;genconfig_mslp;/dados/rmelo/PDPTW-SE/benchmark_multi_island_v5/official_experiments/multistartlp/official/set_01_pt_01/logs/heur_mslp/gurobi/12R_12V_04I_03M/lr101_grb_genconfig_mslp_seed_41.log;random;12R_12V_04I_03M;1;59896;1;/dados/rmelo/PDPTW-SE/benchmark_multi_island_v5/official_experiments/multistartlp/official/set_01_pt_01/../../../../instances/orig_ams_fg/12R_12V_04I_04M/t1/lr101/;60000;46874;0;1830.53;25;13;H;50;95;0;100.0;30.0;true;0.95;100.0;1.0;1.0;1.0;1.0;60;M;104;104;false;52;0.75;79.56;0.88;26;10;1000000;-1;3600;19.85;0.58;0.36;mslp;heur;0.4;0.21;-1;3600;60000;I;12;1.0;0.75;lr101;0;/dados/rmelo/PDPTW-SE/benchmark_multi_island_v5/official_experiments/multistartlp/official/set_01_pt_01/logs;0;0;0;99.83;100.0;1;41;/dados/rmelo/PDPTW-SE/benchmark_multi_island_v5/official_experiments/multistartlp/official/set_01_pt_01/logs/heur_mslp/solutions/12R_12V_04I_03M/lr101_sol_genconfig_mslp_seed_41.txt;Gurobi;AUTOMATIC;18.8;_bash_2;_seed_41;20.64;1;10.94;/dados/rmelo/PDPTW-SE/benchmark_multi_island_v5/official_experiments/multistartlp/official/set_01_pt_01/logs/heur_mslp/timelines/12R_12V_04I_03M/lr101_timeline_genconfig_mslp_seed_41.txt;13.87;t1;0;1368.7;false
0.05;0.13;0.29;0.43;0.01;0.11;7;/dados/rmelo/PDPTW-SE/benchmark_multi_island_v5/official_experiments/multistartlp/official/set_01_pt_01/logs/heur_mslp/outputs/csvresults_heur_mslp_bash_2.csv;0;4;1;26;0;0.0;0.5;true;14;2;lr101_t1_12R_12V_04I_04M;/dados/rmelo/PDPTW-SE/benchmark_multi_island_v5/official_experiments/multistartlp/official/set_01_pt_01/configs/genconfig_mslp.conf;genconfig_mslp;/dados/rmelo/PDPTW-SE/benchmark_multi_island_v5/official_experiments/multistartlp/official/set_01_pt_01/logs/heur_mslp/gurobi/12R_12V_04I_04M/lr101_grb_genconfig_mslp_seed_41.log;random;12R_12V_04I_04M;1;53308;1;/dados/rmelo/PDPTW-SE/benchmark_multi_island_v5/official_experiments/multistartlp/official/set_01_pt_01/../../../../instances/orig_ams_fg/12R_12V_04I_04M/t1/lr101/;60000;9592;0;1767.35;25;13;H;50;95;0;100.0;30.0;true;0.95;100.0;1.0;1.0;1.0;1.0;60;M;6692;6692;false;52;0.83;79.12;0.65;26;10;1000000;-1;3600;20.09;0.56;0.36;mslp;heur;0.39;0.13;-1;3600;60000;I;12;1.0;0.75;lr101;0;/dados/rmelo/PDPTW-SE/benchmark_multi_island_v5/official_experiments/multistartlp/official/set_01_pt_01/logs;0;0;0;88.85;100.0;1;41;/dados/rmelo/PDPTW-SE/benchmark_multi_island_v5/official_experiments/multistartlp/official/set_01_pt_01/logs/heur_mslp/solutions/12R_12V_04I_04M/lr101_sol_genconfig_mslp_seed_41.txt;Gurobi;AUTOMATIC;18.9;_bash_2;_seed_41;1344.15;1;6.23;/dados/rmelo/PDPTW-SE/benchmark_multi_island_v5/official_experiments/multistartlp/official/set_01_pt_01/logs/heur_mslp/timelines/12R_12V_04I_04M/lr101_timeline_genconfig_mslp_seed_41.txt;37.68;t1;0;1310.09;false
0.05;0.15;0.22;0.37;0.0;0.07;7;/dados/rmelo/PDPTW-SE/benchmark_multi_island_v5/official_experiments/multistartlp/official/set_01_pt_01/logs/heur_mslp/outputs/csvresults_heur_mslp_bash_2.csv;0;3;1;26;0;0.0;0.5;true;14;2;lr102_t1_12R_12V_04I_03M;/dados/rmelo/PDPTW-SE/benchmark_multi_island_v5/official_experiments/multistartlp/official/set_01_pt_01/configs/genconfig_mslp.conf;genconfig_mslp;/dados/rmelo/PDPTW-SE/benchmark_multi_island_v5/official_experiments/multistartlp/official/set_01_pt_01/logs/heur_mslp/gurobi/12R_12V_04I_03M/lr102_grb_genconfig_mslp_seed_41.log;random;12R_12V_04I_03M;1;37731;1;/dados/rmelo/PDPTW-SE/benchmark_multi_island_v5/official_experiments/multistartlp/official/set_01_pt_01/../../../../instances/orig_ams_fg/12R_12V_04I_04M/t1/lr102/;60000;3972;0;1284.59;25;13;H;50;95;0;100.0;30.0;true;0.95;100.0;1.0;1.0;1.0;1.0;60;M;22269;22269;false;62;0.92;77.78;0.97;31;10;1000000;-1;3600;12.19;0.84;0.61;mslp;heur;0.79;0.38;-1;3600;60000;I;12;1.0;0.42;lr102;0;/dados/rmelo/PDPTW-SE/benchmark_multi_island_v5/official_experiments/multistartlp/official/set_01_pt_01/logs;0;0;0;62.88;100.0;1;41;/dados/rmelo/PDPTW-SE/benchmark_multi_island_v5/official_experiments/multistartlp/official/set_01_pt_01/logs/heur_mslp/solutions/12R_12V_04I_03M/lr102_sol_genconfig_mslp_seed_41.txt;Gurobi;AUTOMATIC;18.68;_bash_2;_seed_41;2713.55;1;4.86;/dados/rmelo/PDPTW-SE/benchmark_multi_island_v5/official_experiments/multistartlp/official/set_01_pt_01/logs/heur_mslp/timelines/12R_12V_04I_03M/lr102_timeline_genconfig_mslp_seed_41.txt;68.8;t1;0;993.9;false
0.05;0.08;0.15;0.23;0.01;0.06;10;/dados/rmelo/PDPTW-SE/benchmark_multi_island_v5/official_experiments/multistartlp/official/set_01_pt_01/logs/heur_mslp/outputs/csvresults_heur_mslp_bash_2.csv;0;4;1;26;0;0.0;0.5;true;14;2;lr102_t1_12R_12V_04I_04M;/dados/rmelo/PDPTW-SE/benchmark_multi_island_v5/official_experiments/multistartlp/official/set_01_pt_01/configs/genconfig_mslp.conf;genconfig_mslp;/dados/rmelo/PDPTW-SE/benchmark_multi_island_v5/official_experiments/multistartlp/official/set_01_pt_01/logs/heur_mslp/gurobi/12R_12V_04I_04M/lr102_grb_genconfig_mslp_seed_41.log;random;12R_12V_04I_04M;1;11166;1;/dados/rmelo/PDPTW-SE/benchmark_multi_island_v5/official_experiments/multistartlp/official/set_01_pt_01/../../../../instances/orig_ams_fg/12R_12V_04I_04M/t1/lr102/;60000;605;0;1341.15;25;13;H;50;95;0;100.0;30.0;true;0.95;100.0;1.0;1.0;1.0;1.0;60;M;48834;48834;false;62;0.88;76.63;0.97;31;10;1000000;-1;3600;13.43;0.83;0.62;mslp;heur;0.79;0.31;-1;3600;60000;I;12;1.0;0.42;lr102;0;/dados/rmelo/PDPTW-SE/benchmark_multi_island_v5/official_experiments/multistartlp/official/set_01_pt_01/logs;0;0;0;18.61;100.0;1;41;/dados/rmelo/PDPTW-SE/benchmark_multi_island_v5/official_experiments/multistartlp/official/set_01_pt_01/logs/heur_mslp/solutions/12R_12V_04I_04M/lr102_sol_genconfig_mslp_seed_41.txt;Gurobi;AUTOMATIC;18.83;_bash_2;_seed_41;6559.42;1;1.66;/dados/rmelo/PDPTW-SE/benchmark_multi_island_v5/official_experiments/multistartlp/official/set_01_pt_01/logs/heur_mslp/timelines/12R_12V_04I_04M/lr102_timeline_genconfig_mslp_seed_41.txt;133.73;t1;0;984.64;false
0.05;0.18;0.22;0.41;0.0;0.01;13;/dados/rmelo/PDPTW-SE/benchmark_multi_island_v5/official_experiments/multistartlp/official/set_01_pt_01/logs/heur_mslp/outputs/csvresults_heur_mslp_bash_2.csv;0;3;1;26;0;0.0;0.5;true;14;2;lr103_t1_12R_12V_04I_03M;/dados/rmelo/PDPTW-SE/benchmark_multi_island_v5/official_experiments/multistartlp/official/set_01_pt_01/configs/genconfig_mslp.conf;genconfig_mslp;/dados/rmelo/PDPTW-SE/benchmark_multi_island_v5/official_experiments/multistartlp/official/set_01_pt_01/logs/heur_mslp/gurobi/12R_12V_04I_03M/lr103_grb_genconfig_mslp_seed_41.log;random;12R_12V_04I_03M;1;33765;1;/dados/rmelo/PDPTW-SE/benchmark_multi_island_v5/official_experiments/multistartlp/official/set_01_pt_01/../../../../instances/orig_ams_fg/12R_12V_04I_04M/t1/lr103/;60000;57026;0;997.68;25;13;H;50;95;0;100.0;30.0;true;0.95;100.0;1.0;1.0;1.0;1.0;60;M;26235;26235;false;58;0.83;82.02;1.0;29;10;1000000;-1;3600;9.13;0.69;0.6;mslp;heur;0.48;0.43;-1;3600;60000;I;12;1.0;0.42;lr103;0;/dados/rmelo/PDPTW-SE/benchmark_multi_island_v5/official_experiments/multistartlp/official/set_01_pt_01/logs;0;0;0;56.28;100.0;1;41;/dados/rmelo/PDPTW-SE/benchmark_multi_island_v5/official_experiments/multistartlp/official/set_01_pt_01/logs/heur_mslp/solutions/12R_12V_04I_03M/lr103_sol_genconfig_mslp_seed_41.txt;Gurobi;AUTOMATIC;18.38;_bash_2;_seed_41;2395.26;1;103.43;/dados/rmelo/PDPTW-SE/benchmark_multi_island_v5/official_experiments/multistartlp/official/set_01_pt_01/logs/heur_mslp/timelines/12R_12V_04I_03M/lr103_timeline_genconfig_mslp_seed_41.txt;108.89;t1;0;796.75;false
0.05;0.03;0.16;0.19;0.0;0.0;6;/dados/rmelo/PDPTW-SE/benchmark_multi_island_v5/official_experiments/multistartlp/official/set_01_pt_01/logs/heur_mslp/outputs/csvresults_heur_mslp_bash_2.csv;0;4;1;26;0;0.0;0.5;true;14;2;lr103_t1_12R_12V_04I_04M;/dados/rmelo/PDPTW-SE/benchmark_multi_island_v5/official_experiments/multistartlp/official/set_01_pt_01/configs/genconfig_mslp.conf;genconfig_mslp;/dados/rmelo/PDPTW-SE/benchmark_multi_island_v5/official_experiments/multistartlp/official/set_01_pt_01/logs/heur_mslp/gurobi/12R_12V_04I_04M/lr103_grb_genconfig_mslp_seed_41.log;random;12R_12V_04I_04M;1;10541;1;/dados/rmelo/PDPTW-SE/benchmark_multi_island_v5/official_experiments/multistartlp/official/set_01_pt_01/../../../../instances/orig_ams_fg/12R_12V_04I_04M/t1/lr103/;60000;11150;0;1156.36;25;13;H;50;95;0;100.0;30.0;true;0.95;100.0;1.0;1.0;1.0;1.0;60;M;49459;49459;false;58;0.9;79.36;0.79;29;10;1000000;-1;3600;8.55;0.69;0.49;mslp;heur;0.34;0.33;-1;3600;60000;I;12;1.0;0.42;lr103;0;/dados/rmelo/PDPTW-SE/benchmark_multi_island_v5/official_experiments/multistartlp/official/set_01_pt_01/logs;0;0;0;17.57;100.0;1;41;/dados/rmelo/PDPTW-SE/benchmark_multi_island_v5/official_experiments/multistartlp/official/set_01_pt_01/logs/heur_mslp/solutions/12R_12V_04I_04M/lr103_sol_genconfig_mslp_seed_41.txt;Gurobi;AUTOMATIC;18.46;_bash_2;_seed_41;4227.96;1;32.65;/dados/rmelo/PDPTW-SE/benchmark_multi_island_v5/official_experiments/multistartlp/official/set_01_pt_01/logs/heur_mslp/timelines/12R_12V_04I_04M/lr103_timeline_genconfig_mslp_seed_41.txt;173.95;t1;0;794.52;false
0.05;0.09;0.19;0.28;0.0;0.0;9;/dados/rmelo/PDPTW-SE/benchmark_multi_island_v5/official_experiments/multistartlp/official/set_01_pt_01/logs/heur_mslp/outputs/csvresults_heur_mslp_bash_2.csv;0;3;1;26;0;0.0;0.5;true;14;2;lr104_t1_12R_12V_04I_03M;/dados/rmelo/PDPTW-SE/benchmark_multi_island_v5/official_experiments/multistartlp/official/set_01_pt_01/configs/genconfig_mslp.conf;genconfig_mslp;/dados/rmelo/PDPTW-SE/benchmark_multi_island_v5/official_experiments/multistartlp/official/set_01_pt_01/logs/heur_mslp/gurobi/12R_12V_04I_03M/lr104_grb_genconfig_mslp_seed_41.log;random;12R_12V_04I_03M;1;4884;1;/dados/rmelo/PDPTW-SE/benchmark_multi_island_v5/official_experiments/multistartlp/official/set_01_pt_01/../../../../instances/orig_ams_fg/12R_12V_04I_04M/t1/lr104/;60000;2385;0;1116.25;25;13;H;50;95;0;100.0;30.0;true;0.95;100.0;1.0;1.0;1.0;1.0;60;M;55116;55116;false;40;0.97;73.33;0.82;20;10;1000000;-1;3600;7.85;0.74;0.6;mslp;heur;0.43;0.42;-1;3600;60000;I;12;1.0;0.42;lr104;0;/dados/rmelo/PDPTW-SE/benchmark_multi_island_v5/official_experiments/multistartlp/official/set_01_pt_01/logs;0;0;0;8.14;100.0;1;41;/dados/rmelo/PDPTW-SE/benchmark_multi_island_v5/official_experiments/multistartlp/official/set_01_pt_01/logs/heur_mslp/solutions/12R_12V_04I_03M/lr104_sol_genconfig_mslp_seed_41.txt;Gurobi;AUTOMATIC;18.43;_bash_2;_seed_41;4328.96;1;7.32;/dados/rmelo/PDPTW-SE/benchmark_multi_island_v5/official_experiments/multistartlp/official/set_01_pt_01/logs/heur_mslp/timelines/12R_12V_04I_03M/lr104_timeline_genconfig_mslp_seed_41.txt;175.92;t1;0;847.82;false
0.05;0.09;0.19;0.28;0.0;0.0;7;/dados/rmelo/PDPTW-SE/benchmark_multi_island_v5/official_experiments/multistartlp/official/set_01_pt_01/logs/heur_mslp/outputs/csvresults_heur_mslp_bash_2.csv;0;4;1;26;0;0.0;0.5;true;14;2;lr104_t1_12R_12V_04I_04M;/dados/rmelo/PDPTW-SE/benchmark_multi_island_v5/official_experiments/multistartlp/official/set_01_pt_01/configs/genconfig_mslp.conf;genconfig_mslp;/dados/rmelo/PDPTW-SE/benchmark_multi_island_v5/official_experiments/multistartlp/official/set_01_pt_01/logs/heur_mslp/gurobi/12R_12V_04I_04M/lr104_grb_genconfig_mslp_seed_41.log;random;12R_12V_04I_04M;1;183;1;/dados/rmelo/PDPTW-SE/benchmark_multi_island_v5/official_experiments/multistartlp/official/set_01_pt_01/../../../../instances/orig_ams_fg/12R_12V_04I_04M/t1/lr104/;60000;1058;0;1057.01;25;13;H;50;95;0;100.0;30.0;true;0.95;100.0;1.0;1.0;1.0;1.0;60;M;59817;59817;false;40;0.97;73.33;0.68;20;10;1000000;-1;3600;7.22;0.74;0.54;mslp;heur;0.43;0.42;-1;3600;60000;I;12;0.75;0.42;lr104;0;/dados/rmelo/PDPTW-SE/benchmark_multi_island_v5/official_experiments/multistartlp/official/set_01_pt_01/logs;0;0;0;0.3;100.0;1;41;/dados/rmelo/PDPTW-SE/benchmark_multi_island_v5/official_experiments/multistartlp/official/set_01_pt_01/logs/heur_mslp/solutions/12R_12V_04I_04M/lr104_sol_genconfig_mslp_seed_41.txt;Gurobi;AUTOMATIC;18.22;_bash_2;_seed_41;4316.48;1;3.76;/dados/rmelo/PDPTW-SE/benchmark_multi_island_v5/official_experiments/multistartlp/official/set_01_pt_01/logs/heur_mslp/timelines/12R_12V_04I_04M/lr104_timeline_genconfig_mslp_seed_41.txt;193.69;t1;0;847.82;false
0.05;0.13;0.21;0.34;0.0;0.03;10;/dados/rmelo/PDPTW-SE/benchmark_multi_island_v5/official_experiments/multistartlp/official/set_01_pt_01/logs/heur_mslp/outputs/csvresults_heur_mslp_bash_2.csv;0;3;1;26;0;0.0;0.5;true;14;2;lr105_t1_12R_12V_04I_03M;/dados/rmelo/PDPTW-SE/benchmark_multi_island_v5/official_experiments/multistartlp/official/set_01_pt_01/configs/genconfig_mslp.conf;genconfig_mslp;/dados/rmelo/PDPTW-SE/benchmark_multi_island_v5/official_experiments/multistartlp/official/set_01_pt_01/logs/heur_mslp/gurobi/12R_12V_04I_03M/lr105_grb_genconfig_mslp_seed_41.log;random;12R_12V_04I_03M;1;34647;1;/dados/rmelo/PDPTW-SE/benchmark_multi_island_v5/official_experiments/multistartlp/official/set_01_pt_01/../../../../instances/orig_ams_fg/12R_12V_04I_04M/t1/lr105/;60000;30285;0;1027.96;25;13;H;50;95;0;100.0;30.0;true;0.95;100.0;1.0;1.0;1.0;1.0;60;M;25353;25353;false;58;0.85;78.09;0.98;29;10;1000000;-1;3600;16.1;0.6;0.54;mslp;heur;0.24;0.26;-1;3600;60000;I;12;1.0;0.5;lr105;0;/dados/rmelo/PDPTW-SE/benchmark_multi_island_v5/official_experiments/multistartlp/official/set_01_pt_01/logs;0;0;0;57.74;100.0;1;41;/dados/rmelo/PDPTW-SE/benchmark_multi_island_v5/official_experiments/multistartlp/official/set_01_pt_01/logs/heur_mslp/solutions/12R_12V_04I_03M/lr105_sol_genconfig_mslp_seed_41.txt;Gurobi;AUTOMATIC;18.64;_bash_2;_seed_41;4083.04;1;39.88;/dados/rmelo/PDPTW-SE/benchmark_multi_island_v5/official_experiments/multistartlp/official/set_01_pt_01/logs/heur_mslp/timelines/12R_12V_04I_03M/lr105_timeline_genconfig_mslp_seed_41.txt;78.72;t1;0;834.01;false
0.05;0.06;0.16;0.22;0.0;0.03;12;/dados/rmelo/PDPTW-SE/benchmark_multi_island_v5/official_experiments/multistartlp/official/set_01_pt_01/logs/heur_mslp/outputs/csvresults_heur_mslp_bash_2.csv;0;4;1;26;0;0.0;0.5;true;14;2;lr105_t1_12R_12V_04I_04M;/dados/rmelo/PDPTW-SE/benchmark_multi_island_v5/official_experiments/multistartlp/official/set_01_pt_01/configs/genconfig_mslp.conf;genconfig_mslp;/dados/rmelo/PDPTW-SE/benchmark_multi_island_v5/official_experiments/multistartlp/official/set_01_pt_01/logs/heur_mslp/gurobi/12R_12V_04I_04M/lr105_grb_genconfig_mslp_seed_41.log;random;12R_12V_04I_04M;1;7472;1;/dados/rmelo/PDPTW-SE/benchmark_multi_island_v5/official_experiments/multistartlp/official/set_01_pt_01/../../../../instances/orig_ams_fg/12R_12V_04I_04M/t1/lr105/;60000;34240;0;1139.27;25;13;H;50;95;0;100.0;30.0;true;0.95;100.0;1.0;1.0;1.0;1.0;60;M;52528;52528;false;58;0.84;78.09;0.98;29;10;1000000;-1;3600;16.87;0.6;0.58;mslp;heur;0.24;0.33;-1;3600;60000;I;12;1.0;0.5;lr105;0;/dados/rmelo/PDPTW-SE/benchmark_multi_island_v5/official_experiments/multistartlp/official/set_01_pt_01/logs;0;0;0;12.45;100.0;1;41;/dados/rmelo/PDPTW-SE/benchmark_multi_island_v5/official_experiments/multistartlp/official/set_01_pt_01/logs/heur_mslp/solutions/12R_12V_04I_04M/lr105_sol_genconfig_mslp_seed_41.txt;Gurobi;AUTOMATIC;18.65;_bash_2;_seed_41;8860.11;1;82.37;/dados/rmelo/PDPTW-SE/benchmark_multi_island_v5/official_experiments/multistartlp/official/set_01_pt_01/logs/heur_mslp/timelines/12R_12V_04I_04M/lr105_timeline_genconfig_mslp_seed_41.txt;144.36;t1;0;833.29;false
0.05;0.02;0.08;0.1;0.0;0.21;16;/dados/rmelo/PDPTW-SE/benchmark_multi_island_v5/official_experiments/multistartlp/official/set_01_pt_01/logs/heur_mslp/outputs/csvresults_heur_mslp_bash_2.csv;0;3;1;26;0;0.0;0.5;true;14;2;lr201_t2_12R_12V_04I_03M;/dados/rmelo/PDPTW-SE/benchmark_multi_island_v5/official_experiments/multistartlp/official/set_01_pt_01/configs/genconfig_mslp.conf;genconfig_mslp;/dados/rmelo/PDPTW-SE/benchmark_multi_island_v5/official_experiments/multistartlp/official/set_01_pt_01/logs/heur_mslp/gurobi/12R_12V_04I_03M/lr201_grb_genconfig_mslp_seed_41.log;random;12R_12V_04I_03M;1;0;1;/dados/rmelo/PDPTW-SE/benchmark_multi_island_v5/official_experiments/multistartlp/official/set_01_pt_01/../../../../instances/orig_ams_fg/12R_12V_04I_04M/t2/lr201/;60000;50230;0;2005.88;25;13;H;50;95;0;100.0;30.0;true;0.95;100.0;1.0;1.0;1.0;1.0;60;M;60000;60000;false;52;0.67;76.95;1.0;26;10;1000000;-1;3600;21.1;0.49;0.86;mslp;heur;0.2;0.73;-1;3600;60000;I;12;1.0;0.25;lr201;0;/dados/rmelo/PDPTW-SE/benchmark_multi_island_v5/official_experiments/multistartlp/official/set_01_pt_01/logs;0;0;0;0.0;100.0;1;41;/dados/rmelo/PDPTW-SE/benchmark_multi_island_v5/official_experiments/multistartlp/official/set_01_pt_01/logs/heur_mslp/solutions/12R_12V_04I_03M/lr201_sol_genconfig_mslp_seed_41.txt;Gurobi;AUTOMATIC;18.4;_bash_2;_seed_41;12658.05;1;155.37;/dados/rmelo/PDPTW-SE/benchmark_multi_island_v5/official_experiments/multistartlp/official/set_01_pt_01/logs/heur_mslp/timelines/12R_12V_04I_03M/lr201_timeline_genconfig_mslp_seed_41.txt;185.59;t2;0;1462.63;false
0.05;0.02;0.06;0.08;0.03;0.21;12;/dados/rmelo/PDPTW-SE/benchmark_multi_island_v5/official_experiments/multistartlp/official/set_01_pt_01/logs/heur_mslp/outputs/csvresults_heur_mslp_bash_2.csv;0;4;1;26;0;0.0;0.5;true;14;2;lr201_t2_12R_12V_04I_04M;/dados/rmelo/PDPTW-SE/benchmark_multi_island_v5/official_experiments/multistartlp/official/set_01_pt_01/configs/genconfig_mslp.conf;genconfig_mslp;/dados/rmelo/PDPTW-SE/benchmark_multi_island_v5/official_experiments/multistartlp/official/set_01_pt_01/logs/heur_mslp/gurobi/12R_12V_04I_04M/lr201_grb_genconfig_mslp_seed_41.log;random;12R_12V_04I_04M;1;0;1;/dados/rmelo/PDPTW-SE/benchmark_multi_island_v5/official_experiments/multistartlp/official/set_01_pt_01/../../../../instances/orig_ams_fg/12R_12V_04I_04M/t2/lr201/;60000;50230;0;2005.88;25;13;H;50;95;0;100.0;30.0;true;0.95;100.0;1.0;1.0;1.0;1.0;60;M;60000;60000;false;52;0.67;76.95;1.0;26;10;1000000;-1;3600;21.42;0.49;0.86;mslp;heur;0.2;0.73;-1;3600;60000;I;12;1.0;0.25;lr201;0;/dados/rmelo/PDPTW-SE/benchmark_multi_island_v5/official_experiments/multistartlp/official/set_01_pt_01/logs;0;0;0;0.0;100.0;1;41;/dados/rmelo/PDPTW-SE/benchmark_multi_island_v5/official_experiments/multistartlp/official/set_01_pt_01/logs/heur_mslp/solutions/12R_12V_04I_04M/lr201_sol_genconfig_mslp_seed_41.txt;Gurobi;AUTOMATIC;18.35;_bash_2;_seed_41;12850.2;1;161.77;/dados/rmelo/PDPTW-SE/benchmark_multi_island_v5/official_experiments/multistartlp/official/set_01_pt_01/logs/heur_mslp/timelines/12R_12V_04I_04M/lr201_timeline_genconfig_mslp_seed_41.txt;193.21;t2;0;1462.16;false
0.05;0.05;0.1;0.15;0.01;0.0;11;/dados/rmelo/PDPTW-SE/benchmark_multi_island_v5/official_experiments/multistartlp/official/set_01_pt_01/logs/heur_mslp/outputs/csvresults_heur_mslp_bash_2.csv;0;3;1;26;0;0.0;0.5;true;14;2;lr202_t2_12R_12V_04I_03M;/dados/rmelo/PDPTW-SE/benchmark_multi_island_v5/official_experiments/multistartlp/official/set_01_pt_01/configs/genconfig_mslp.conf;genconfig_mslp;/dados/rmelo/PDPTW-SE/benchmark_multi_island_v5/official_experiments/multistartlp/official/set_01_pt_01/logs/heur_mslp/gurobi/12R_12V_04I_03M/lr202_grb_genconfig_mslp_seed_41.log;random;12R_12V_04I_03M;1;14567;1;/dados/rmelo/PDPTW-SE/benchmark_multi_island_v5/official_experiments/multistartlp/official/set_01_pt_01/../../../../instances/orig_ams_fg/12R_12V_04I_04M/t2/lr202/;60000;25801;0;2579.7;25;13;H;50;95;0;100.0;30.0;true;0.95;100.0;1.0;1.0;1.0;1.0;60;M;45433;45433;false;46;0.65;74.73;1.0;23;10;1000000;-1;3600;26.48;0.52;0.96;mslp;heur;0.4;0.91;-1;3600;60000;I;12;1.0;0.17;lr202;0;/dados/rmelo/PDPTW-SE/benchmark_multi_island_v5/official_experiments/multistartlp/official/set_01_pt_01/logs;0;0;0;24.28;100.0;1;41;/dados/rmelo/PDPTW-SE/benchmark_multi_island_v5/official_experiments/multistartlp/official/set_01_pt_01/logs/heur_mslp/solutions/12R_12V_04I_03M/lr202_sol_genconfig_mslp_seed_41.txt;Gurobi;AUTOMATIC;18.28;_bash_2;_seed_41;12030.72;1;83.32;/dados/rmelo/PDPTW-SE/benchmark_multi_island_v5/official_experiments/multistartlp/official/set_01_pt_01/logs/heur_mslp/timelines/12R_12V_04I_03M/lr202_timeline_genconfig_mslp_seed_41.txt;193.36;t2;0;1048.37;false
0.05;0.04;0.07;0.11;0.03;0.0;14;/dados/rmelo/PDPTW-SE/benchmark_multi_island_v5/official_experiments/multistartlp/official/set_01_pt_01/logs/heur_mslp/outputs/csvresults_heur_mslp_bash_2.csv;0;4;1;26;0;0.0;0.5;true;14;2;lr202_t2_12R_12V_04I_04M;/dados/rmelo/PDPTW-SE/benchmark_multi_island_v5/official_experiments/multistartlp/official/set_01_pt_01/configs/genconfig_mslp.conf;genconfig_mslp;/dados/rmelo/PDPTW-SE/benchmark_multi_island_v5/official_experiments/multistartlp/official/set_01_pt_01/logs/heur_mslp/gurobi/12R_12V_04I_04M/lr202_grb_genconfig_mslp_seed_41.log;random;12R_12V_04I_04M;1;1033;1;/dados/rmelo/PDPTW-SE/benchmark_multi_island_v5/official_experiments/multistartlp/official/set_01_pt_01/../../../../instances/orig_ams_fg/12R_12V_04I_04M/t2/lr202/;60000;33475;0;1872.9;25;13;H;50;95;0;100.0;30.0;true;0.95;100.0;1.0;1.0;1.0;1.0;60;M;58967;58967;false;46;0.63;71.51;0.87;23;10;1000000;-1;3600;28.1;0.51;0.83;mslp;heur;0.39;0.78;-1;3600;60000;I;12;1.0;0.17;lr202;0;/dados/rmelo/PDPTW-SE/benchmark_multi_island_v5/official_experiments/multistartlp/official/set_01_pt_01/logs;0;0;0;1.72;100.0;1;41;/dados/rmelo/PDPTW-SE/benchmark_multi_island_v5/official_experiments/multistartlp/official/set_01_pt_01/logs/heur_mslp/solutions/12R_12V_04I_04M/lr202_sol_genconfig_mslp_seed_41.txt;Gurobi;AUTOMATIC;18.18;_bash_2;_seed_41;16569.26;1;136.99;/dados/rmelo/PDPTW-SE/benchmark_multi_island_v5/official_experiments/multistartlp/official/set_01_pt_01/logs/heur_mslp/timelines/12R_12V_04I_04M/lr202_timeline_genconfig_mslp_seed_41.txt;244.61;t2;0;1019.39;false
0.05;0.01;0.06;0.07;0.01;0.04;10;/dados/rmelo/PDPTW-SE/benchmark_multi_island_v5/official_experiments/multistartlp/official/set_01_pt_01/logs/heur_mslp/outputs/csvresults_heur_mslp_bash_2.csv;0;3;1;26;0;0.0;0.5;true;14;2;lr203_t2_12R_12V_04I_03M;/dados/rmelo/PDPTW-SE/benchmark_multi_island_v5/official_experiments/multistartlp/official/set_01_pt_01/configs/genconfig_mslp.conf;genconfig_mslp;/dados/rmelo/PDPTW-SE/benchmark_multi_island_v5/official_experiments/multistartlp/official/set_01_pt_01/logs/heur_mslp/gurobi/12R_12V_04I_03M/lr203_grb_genconfig_mslp_seed_41.log;random;12R_12V_04I_03M;1;0;1;/dados/rmelo/PDPTW-SE/benchmark_multi_island_v5/official_experiments/multistartlp/official/set_01_pt_01/../../../../instances/orig_ams_fg/12R_12V_04I_04M/t2/lr203/;60000;9804;0;1628.33;25;13;H;50;95;0;100.0;30.0;true;0.95;100.0;1.0;1.0;1.0;1.0;60;M;60000;60000;false;58;0.71;89.3;0.98;29;10;1000000;-1;3600;14.39;0.45;0.81;mslp;heur;0.19;0.64;-1;3600;60000;I;12;1.0;0.17;lr203;0;/dados/rmelo/PDPTW-SE/benchmark_multi_island_v5/official_experiments/multistartlp/official/set_01_pt_01/logs;0;0;0;0.0;100.0;1;41;/dados/rmelo/PDPTW-SE/benchmark_multi_island_v5/official_experiments/multistartlp/official/set_01_pt_01/logs/heur_mslp/solutions/12R_12V_04I_03M/lr203_sol_genconfig_mslp_seed_41.txt;Gurobi;AUTOMATIC;18.46;_bash_2;_seed_41;8631.95;1;49.3;/dados/rmelo/PDPTW-SE/benchmark_multi_island_v5/official_experiments/multistartlp/official/set_01_pt_01/logs/heur_mslp/timelines/12R_12V_04I_03M/lr203_timeline_genconfig_mslp_seed_41.txt;296.66;t2;0;900.87;false
0.05;0.03;0.04;0.07;0.01;0.02;11;/dados/rmelo/PDPTW-SE/benchmark_multi_island_v5/official_experiments/multistartlp/official/set_01_pt_01/logs/heur_mslp/outputs/csvresults_heur_mslp_bash_2.csv;0;4;1;26;0;0.0;0.5;true;14;2;lr203_t2_12R_12V_04I_04M;/dados/rmelo/PDPTW-SE/benchmark_multi_island_v5/official_experiments/multistartlp/official/set_01_pt_01/configs/genconfig_mslp.conf;genconfig_mslp;/dados/rmelo/PDPTW-SE/benchmark_multi_island_v5/official_experiments/multistartlp/official/set_01_pt_01/logs/heur_mslp/gurobi/12R_12V_04I_04M/lr203_grb_genconfig_mslp_seed_41.log;random;12R_12V_04I_04M;1;0;1;/dados/rmelo/PDPTW-SE/benchmark_multi_island_v5/official_experiments/multistartlp/official/set_01_pt_01/../../../../instances/orig_ams_fg/12R_12V_04I_04M/t2/lr203/;60000;46340;0;1623.35;25;13;H;50;95;0;100.0;30.0;true;0.95;100.0;1.0;1.0;1.0;1.0;60;M;59995;60000;false;58;0.68;89.3;0.98;29;10;1000000;-1;3600;15.13;0.43;0.81;mslp;heur;0.18;0.64;-1;3600;60000;I;12;1.0;0.17;lr203;0;/dados/rmelo/PDPTW-SE/benchmark_multi_island_v5/official_experiments/multistartlp/official/set_01_pt_01/logs;0;0;0;0.0;99.99;1;41;/dados/rmelo/PDPTW-SE/benchmark_multi_island_v5/official_experiments/multistartlp/official/set_01_pt_01/logs/heur_mslp/solutions/12R_12V_04I_04M/lr203_sol_genconfig_mslp_seed_41.txt;Gurobi;AUTOMATIC;18.45;_bash_2;_seed_41;9079.85;1;245.45;/dados/rmelo/PDPTW-SE/benchmark_multi_island_v5/official_experiments/multistartlp/official/set_01_pt_01/logs/heur_mslp/timelines/12R_12V_04I_04M/lr203_timeline_genconfig_mslp_seed_41.txt;317.05;t2;0;868.61;false
0.05;0.02;0.06;0.08;0.0;0.0;9;/dados/rmelo/PDPTW-SE/benchmark_multi_island_v5/official_experiments/multistartlp/official/set_01_pt_01/logs/heur_mslp/outputs/csvresults_heur_mslp_bash_2.csv;0;3;1;26;0;0.0;0.5;true;14;2;lr204_t2_12R_12V_04I_03M;/dados/rmelo/PDPTW-SE/benchmark_multi_island_v5/official_experiments/multistartlp/official/set_01_pt_01/configs/genconfig_mslp.conf;genconfig_mslp;/dados/rmelo/PDPTW-SE/benchmark_multi_island_v5/official_experiments/multistartlp/official/set_01_pt_01/logs/heur_mslp/gurobi/12R_12V_04I_03M/lr204_grb_genconfig_mslp_seed_41.log;random;12R_12V_04I_03M;1;0;1;/dados/rmelo/PDPTW-SE/benchmark_multi_island_v5/official_experiments/multistartlp/official/set_01_pt_01/../../../../instances/orig_ams_fg/12R_12V_04I_04M/t2/lr204/;60000;23660;0;1114.41;25;13;H;50;95;0;100.0;30.0;true;0.95;100.0;1.0;1.0;1.0;1.0;60;M;39772;60000;false;38;0.67;91.65;0.97;19;10;1000000;-1;3600;3.65;0.45;0.85;mslp;heur;0.23;0.73;-1;3600;60000;I;12;1.0;0.17;lr204;0;/dados/rmelo/PDPTW-SE/benchmark_multi_island_v5/official_experiments/multistartlp/official/set_01_pt_01/logs;0;0;0;0.0;66.29;1;41;/dados/rmelo/PDPTW-SE/benchmark_multi_island_v5/official_experiments/multistartlp/official/set_01_pt_01/logs/heur_mslp/solutions/12R_12V_04I_03M/lr204_sol_genconfig_mslp_seed_41.txt;Gurobi;AUTOMATIC;18.15;_bash_2;_seed_41;2191.83;1;124.82;/dados/rmelo/PDPTW-SE/benchmark_multi_island_v5/official_experiments/multistartlp/official/set_01_pt_01/logs/heur_mslp/timelines/12R_12V_04I_03M/lr204_timeline_genconfig_mslp_seed_41.txt;315.31;t2;0;906.72;false
0.05;0.03;0.06;0.09;0.0;0.0;10;/dados/rmelo/PDPTW-SE/benchmark_multi_island_v5/official_experiments/multistartlp/official/set_01_pt_01/logs/heur_mslp/outputs/csvresults_heur_mslp_bash_2.csv;0;4;1;26;0;0.0;0.5;true;14;2;lr204_t2_12R_12V_04I_04M;/dados/rmelo/PDPTW-SE/benchmark_multi_island_v5/official_experiments/multistartlp/official/set_01_pt_01/configs/genconfig_mslp.conf;genconfig_mslp;/dados/rmelo/PDPTW-SE/benchmark_multi_island_v5/official_experiments/multistartlp/official/set_01_pt_01/logs/heur_mslp/gurobi/12R_12V_04I_04M/lr204_grb_genconfig_mslp_seed_41.log;random;12R_12V_04I_04M;1;0;1;/dados/rmelo/PDPTW-SE/benchmark_multi_island_v5/official_experiments/multistartlp/official/set_01_pt_01/../../../../instances/orig_ams_fg/12R_12V_04I_04M/t2/lr204/;60000;54482;0;1109.52;25;13;H;50;95;0;100.0;30.0;true;0.95;100.0;1.0;1.0;1.0;1.0;60;M;40998;60000;false;38;0.67;91.65;1.0;19;10;1000000;-1;3600;4.18;0.45;0.87;mslp;heur;0.23;0.73;-1;3600;60000;I;12;0.75;0.17;lr204;0;/dados/rmelo/PDPTW-SE/benchmark_multi_island_v5/official_experiments/multistartlp/official/set_01_pt_01/logs;0;0;0;0.0;68.33;1;41;/dados/rmelo/PDPTW-SE/benchmark_multi_island_v5/official_experiments/multistartlp/official/set_01_pt_01/logs/heur_mslp/solutions/12R_12V_04I_04M/lr204_sol_genconfig_mslp_seed_41.txt;Gurobi;AUTOMATIC;17.75;_bash_2;_seed_41;2505.98;1;310.13;/dados/rmelo/PDPTW-SE/benchmark_multi_island_v5/official_experiments/multistartlp/official/set_01_pt_01/logs/heur_mslp/timelines/12R_12V_04I_04M/lr204_timeline_genconfig_mslp_seed_41.txt;341.32;t2;0;906.28;false
0.05;0.03;0.09;0.12;0.0;0.0;14;/dados/rmelo/PDPTW-SE/benchmark_multi_island_v5/official_experiments/multistartlp/official/set_01_pt_01/logs/heur_mslp/outputs/csvresults_heur_mslp_bash_2.csv;0;3;1;26;0;0.0;0.5;true;14;2;lr205_t2_12R_12V_04I_03M;/dados/rmelo/PDPTW-SE/benchmark_multi_island_v5/official_experiments/multistartlp/official/set_01_pt_01/configs/genconfig_mslp.conf;genconfig_mslp;/dados/rmelo/PDPTW-SE/benchmark_multi_island_v5/official_experiments/multistartlp/official/set_01_pt_01/logs/heur_mslp/gurobi/12R_12V_04I_03M/lr205_grb_genconfig_mslp_seed_41.log;random;12R_12V_04I_03M;1;0;1;/dados/rmelo/PDPTW-SE/benchmark_multi_island_v5/official_experiments/multistartlp/official/set_01_pt_01/../../../../instances/orig_ams_fg/12R_12V_04I_04M/t2/lr205/;60000;41296;0;1785.25;25;13;H;50;95;0;100.0;30.0;true;0.95;100.0;1.0;1.0;1.0;1.0;60;M;60000;60000;false;58;0.75;78.78;0.95;29;10;1000000;-1;3600;20.94;0.5;0.9;mslp;heur;0.24;0.84;-1;3600;60000;I;12;1.0;0.17;lr205;0;/dados/rmelo/PDPTW-SE/benchmark_multi_island_v5/official_experiments/multistartlp/official/set_01_pt_01/logs;0;0;0;0.0;100.0;1;41;/dados/rmelo/PDPTW-SE/benchmark_multi_island_v5/official_experiments/multistartlp/official/set_01_pt_01/logs/heur_mslp/solutions/12R_12V_04I_03M/lr205_sol_genconfig_mslp_seed_41.txt;Gurobi;AUTOMATIC;18.27;_bash_2;_seed_41;12564.57;1;170.18;/dados/rmelo/PDPTW-SE/benchmark_multi_island_v5/official_experiments/multistartlp/official/set_01_pt_01/logs/heur_mslp/timelines/12R_12V_04I_03M/lr205_timeline_genconfig_mslp_seed_41.txt;247.12;t2;0;990.52;false
0.05;0.03;0.07;0.09;0.0;0.0;13;/dados/rmelo/PDPTW-SE/benchmark_multi_island_v5/official_experiments/multistartlp/official/set_01_pt_01/logs/heur_mslp/outputs/csvresults_heur_mslp_bash_2.csv;0;4;1;26;0;0.0;0.5;true;14;2;lr205_t2_12R_12V_04I_04M;/dados/rmelo/PDPTW-SE/benchmark_multi_island_v5/official_experiments/multistartlp/official/set_01_pt_01/configs/genconfig_mslp.conf;genconfig_mslp;/dados/rmelo/PDPTW-SE/benchmark_multi_island_v5/official_experiments/multistartlp/official/set_01_pt_01/logs/heur_mslp/gurobi/12R_12V_04I_04M/lr205_grb_genconfig_mslp_seed_41.log;random;12R_12V_04I_04M;1;0;1;/dados/rmelo/PDPTW-SE/benchmark_multi_island_v5/official_experiments/multistartlp/official/set_01_pt_01/../../../../instances/orig_ams_fg/12R_12V_04I_04M/t2/lr205/;60000;41296;0;1783.1;25;13;H;50;95;0;100.0;30.0;true;0.95;100.0;1.0;1.0;1.0;1.0;60;M;60000;60000;false;58;0.75;75.38;0.95;29;10;1000000;-1;3600;21.35;0.49;0.9;mslp;heur;0.24;0.84;-1;3600;60000;I;12;1.0;0.17;lr205;0;/dados/rmelo/PDPTW-SE/benchmark_multi_island_v5/official_experiments/multistartlp/official/set_01_pt_01/logs;0;0;0;0.0;100.0;1;41;/dados/rmelo/PDPTW-SE/benchmark_multi_island_v5/official_experiments/multistartlp/official/set_01_pt_01/logs/heur_mslp/solutions/12R_12V_04I_04M/lr205_sol_genconfig_mslp_seed_41.txt;Gurobi;AUTOMATIC;18.15;_bash_2;_seed_41;12810.3;1;180.23;/dados/rmelo/PDPTW-SE/benchmark_multi_island_v5/official_experiments/multistartlp/official/set_01_pt_01/logs/heur_mslp/timelines/12R_12V_04I_04M/lr205_timeline_genconfig_mslp_seed_41.txt;262.11;t2;0;988.81;false
0.05;0.02;0.05;0.07;0.0;0.29;1;/dados/rmelo/PDPTW-SE/benchmark_multi_island_v5/official_experiments/multistartlp/official/set_01_pt_01/logs/heur_mslp/outputs/csvresults_heur_mslp_bash_2.csv;0;5;1;82;0;0.0;0.5;true;42;2;LR1_2_1_t1_40R_40V_02I_05M;/dados/rmelo/PDPTW-SE/benchmark_multi_island_v5/official_experiments/multistartlp/official/set_01_pt_01/configs/genconfig_mslp.conf;genconfig_mslp;/dados/rmelo/PDPTW-SE/benchmark_multi_island_v5/official_experiments/multistartlp/official/set_01_pt_01/logs/heur_mslp/gurobi/40R_40V_02I_05M/LR1_2_1_grb_genconfig_mslp_seed_41.log;random;40R_40V_02I_05M;1;59998;1;/dados/rmelo/PDPTW-SE/benchmark_multi_island_v5/official_experiments/multistartlp/official/set_01_pt_01/../../../../instances/orig_ams_fg/40R_40V_02I_06M/t1/LR1_2_1/;60000;1;0;9543.5;81;41;H;50;95;0;100.0;30.0;true;0.95;100.0;1.0;1.0;1.0;1.0;60;M;2;2;false;78;0.93;223.61;0.99;39;10;1000000;-1;3600;5.48;0.69;0.54;mslp;heur;0.48;0.12;-1;3600;60000;I;40;1.0;0.45;LR1_2_1;0;/dados/rmelo/PDPTW-SE/benchmark_multi_island_v5/official_experiments/multistartlp/official/set_01_pt_01/logs;0;0;0;100.0;100.0;1;41;/dados/rmelo/PDPTW-SE/benchmark_multi_island_v5/official_experiments/multistartlp/official/set_01_pt_01/logs/heur_mslp/solutions/40R_40V_02I_05M/LR1_2_1_sol_genconfig_mslp_seed_41.txt;Gurobi;AUTOMATIC;18.23;_bash_2;_seed_41;0.11;1;0.01;/dados/rmelo/PDPTW-SE/benchmark_multi_island_v5/official_experiments/multistartlp/official/set_01_pt_01/logs/heur_mslp/timelines/40R_40V_02I_05M/LR1_2_1_timeline_genconfig_mslp_seed_41.txt;84.42;t1;0;8377.69;false
0.05;0.02;0.05;0.07;0.0;0.29;1;/dados/rmelo/PDPTW-SE/benchmark_multi_island_v5/official_experiments/multistartlp/official/set_01_pt_01/logs/heur_mslp/outputs/csvresults_heur_mslp_bash_2.csv;0;6;1;82;0;0.0;0.5;true;42;2;LR1_2_1_t1_40R_40V_02I_06M;/dados/rmelo/PDPTW-SE/benchmark_multi_island_v5/official_experiments/multistartlp/official/set_01_pt_01/configs/genconfig_mslp.conf;genconfig_mslp;/dados/rmelo/PDPTW-SE/benchmark_multi_island_v5/official_experiments/multistartlp/official/set_01_pt_01/logs/heur_mslp/gurobi/40R_40V_02I_06M/LR1_2_1_grb_genconfig_mslp_seed_41.log;random;40R_40V_02I_06M;1;59998;1;/dados/rmelo/PDPTW-SE/benchmark_multi_island_v5/official_experiments/multistartlp/official/set_01_pt_01/../../../../instances/orig_ams_fg/40R_40V_02I_06M/t1/LR1_2_1/;60000;1;0;9348.4;81;41;H;50;95;0;100.0;30.0;true;0.95;100.0;1.0;1.0;1.0;1.0;60;M;2;2;false;78;0.93;223.61;0.99;39;10;1000000;-1;3600;5.82;0.69;0.54;mslp;heur;0.48;0.12;-1;3600;60000;I;40;0.83;0.45;LR1_2_1;0;/dados/rmelo/PDPTW-SE/benchmark_multi_island_v5/official_experiments/multistartlp/official/set_01_pt_01/logs;0;0;0;100.0;100.0;1;41;/dados/rmelo/PDPTW-SE/benchmark_multi_island_v5/official_experiments/multistartlp/official/set_01_pt_01/logs/heur_mslp/solutions/40R_40V_02I_06M/LR1_2_1_sol_genconfig_mslp_seed_41.txt;Gurobi;AUTOMATIC;18.04;_bash_2;_seed_41;0.12;1;0.01;/dados/rmelo/PDPTW-SE/benchmark_multi_island_v5/official_experiments/multistartlp/official/set_01_pt_01/logs/heur_mslp/timelines/40R_40V_02I_06M/LR1_2_1_timeline_genconfig_mslp_seed_41.txt;88.33;t1;0;8377.69;false
0.05;0.06;0.1;0.16;0.02;0.16;1;/dados/rmelo/PDPTW-SE/benchmark_multi_island_v5/official_experiments/multistartlp/official/set_01_pt_01/logs/heur_mslp/outputs/csvresults_heur_mslp_bash_2.csv;0;5;1;82;0;0.0;0.5;true;42;2;LR1_2_2_t1_40R_40V_02I_05M;/dados/rmelo/PDPTW-SE/benchmark_multi_island_v5/official_experiments/multistartlp/official/set_01_pt_01/configs/genconfig_mslp.conf;genconfig_mslp;/dados/rmelo/PDPTW-SE/benchmark_multi_island_v5/official_experiments/multistartlp/official/set_01_pt_01/logs/heur_mslp/gurobi/40R_40V_02I_05M/LR1_2_2_grb_genconfig_mslp_seed_41.log;random;40R_40V_02I_05M;1;59999;1;/dados/rmelo/PDPTW-SE/benchmark_multi_island_v5/official_experiments/multistartlp/official/set_01_pt_01/../../../../instances/orig_ams_fg/40R_40V_02I_06M/t1/LR1_2_2/;60000;1;0;7948.86;81;41;H;50;95;0;100.0;30.0;true;0.95;100.0;1.0;1.0;1.0;1.0;60;M;1;1;false;78;1.0;252.99;0.92;39;10;1000000;-1;3600;5.62;0.68;0.5;mslp;heur;0.38;0.18;-1;3600;60000;I;40;1.0;0.42;LR1_2_2;0;/dados/rmelo/PDPTW-SE/benchmark_multi_island_v5/official_experiments/multistartlp/official/set_01_pt_01/logs;0;0;0;100.0;100.0;1;41;/dados/rmelo/PDPTW-SE/benchmark_multi_island_v5/official_experiments/multistartlp/official/set_01_pt_01/logs/heur_mslp/solutions/40R_40V_02I_05M/LR1_2_2_sol_genconfig_mslp_seed_41.txt;Gurobi;AUTOMATIC;18.42;_bash_2;_seed_41;0.06;1;0.01;/dados/rmelo/PDPTW-SE/benchmark_multi_island_v5/official_experiments/multistartlp/official/set_01_pt_01/logs/heur_mslp/timelines/40R_40V_02I_05M/LR1_2_2_timeline_genconfig_mslp_seed_41.txt;95.15;t1;0;7502.15;false
0.05;0.04;0.09;0.13;0.02;0.16;1;/dados/rmelo/PDPTW-SE/benchmark_multi_island_v5/official_experiments/multistartlp/official/set_01_pt_01/logs/heur_mslp/outputs/csvresults_heur_mslp_bash_2.csv;0;6;1;82;0;0.0;0.5;true;42;2;LR1_2_2_t1_40R_40V_02I_06M;/dados/rmelo/PDPTW-SE/benchmark_multi_island_v5/official_experiments/multistartlp/official/set_01_pt_01/configs/genconfig_mslp.conf;genconfig_mslp;/dados/rmelo/PDPTW-SE/benchmark_multi_island_v5/official_experiments/multistartlp/official/set_01_pt_01/logs/heur_mslp/gurobi/40R_40V_02I_06M/LR1_2_2_grb_genconfig_mslp_seed_41.log;random;40R_40V_02I_06M;1;59999;1;/dados/rmelo/PDPTW-SE/benchmark_multi_island_v5/official_experiments/multistartlp/official/set_01_pt_01/../../../../instances/orig_ams_fg/40R_40V_02I_06M/t1/LR1_2_2/;60000;1;0;7948.86;81;41;H;50;95;0;100.0;30.0;true;0.95;100.0;1.0;1.0;1.0;1.0;60;M;1;1;false;78;1.0;252.99;0.92;39;10;1000000;-1;3600;5.58;0.68;0.5;mslp;heur;0.38;0.18;-1;3600;60000;I;40;1.0;0.42;LR1_2_2;0;/dados/rmelo/PDPTW-SE/benchmark_multi_island_v5/official_experiments/multistartlp/official/set_01_pt_01/logs;0;0;0;100.0;100.0;1;41;/dados/rmelo/PDPTW-SE/benchmark_multi_island_v5/official_experiments/multistartlp/official/set_01_pt_01/logs/heur_mslp/solutions/40R_40V_02I_06M/LR1_2_2_sol_genconfig_mslp_seed_41.txt;Gurobi;AUTOMATIC;18.18;_bash_2;_seed_41;0.06;1;0.01;/dados/rmelo/PDPTW-SE/benchmark_multi_island_v5/official_experiments/multistartlp/official/set_01_pt_01/logs/heur_mslp/timelines/40R_40V_02I_06M/LR1_2_2_timeline_genconfig_mslp_seed_41.txt;108.27;t1;0;7505.6;false
0.05;0.02;0.06;0.08;0.01;0.05;6;/dados/rmelo/PDPTW-SE/benchmark_multi_island_v5/official_experiments/multistartlp/official/set_01_pt_01/logs/heur_mslp/outputs/csvresults_heur_mslp_bash_2.csv;0;5;1;82;0;0.0;0.5;true;42;2;LR1_2_3_t1_40R_40V_02I_05M;/dados/rmelo/PDPTW-SE/benchmark_multi_island_v5/official_experiments/multistartlp/official/set_01_pt_01/configs/genconfig_mslp.conf;genconfig_mslp;/dados/rmelo/PDPTW-SE/benchmark_multi_island_v5/official_experiments/multistartlp/official/set_01_pt_01/logs/heur_mslp/gurobi/40R_40V_02I_05M/LR1_2_3_grb_genconfig_mslp_seed_41.log;random;40R_40V_02I_05M;1;59151;1;/dados/rmelo/PDPTW-SE/benchmark_multi_island_v5/official_experiments/multistartlp/official/set_01_pt_01/../../../../instances/orig_ams_fg/40R_40V_02I_06M/t1/LR1_2_3/;60000;34742;0;6268.44;81;41;H;50;95;0;100.0;30.0;true;0.95;100.0;1.0;1.0;1.0;1.0;60;M;849;849;false;86;0.96;234.21;1.0;43;10;1000000;-1;3600;3.05;0.7;0.66;mslp;heur;0.47;0.29;-1;3600;60000;I;40;1.0;0.28;LR1_2_3;0;/dados/rmelo/PDPTW-SE/benchmark_multi_island_v5/official_experiments/multistartlp/official/set_01_pt_01/logs;0;0;0;98.58;100.0;1;41;/dados/rmelo/PDPTW-SE/benchmark_multi_island_v5/official_experiments/multistartlp/official/set_01_pt_01/logs/heur_mslp/solutions/40R_40V_02I_05M/LR1_2_3_sol_genconfig_mslp_seed_41.txt;Gurobi;AUTOMATIC;17.93;_bash_2;_seed_41;25.86;1;128.3;/dados/rmelo/PDPTW-SE/benchmark_multi_island_v5/official_experiments/multistartlp/official/set_01_pt_01/logs/heur_mslp/timelines/40R_40V_02I_05M/LR1_2_3_timeline_genconfig_mslp_seed_41.txt;221.39;t1;0;4913.16;false
0.05;0.02;0.05;0.07;0.0;0.06;3;/dados/rmelo/PDPTW-SE/benchmark_multi_island_v5/official_experiments/multistartlp/official/set_01_pt_01/logs/heur_mslp/outputs/csvresults_heur_mslp_bash_2.csv;0;6;1;82;0;0.0;0.5;true;42;2;LR1_2_3_t1_40R_40V_02I_06M;/dados/rmelo/PDPTW-SE/benchmark_multi_island_v5/official_experiments/multistartlp/official/set_01_pt_01/configs/genconfig_mslp.conf;genconfig_mslp;/dados/rmelo/PDPTW-SE/benchmark_multi_island_v5/official_experiments/multistartlp/official/set_01_pt_01/logs/heur_mslp/gurobi/40R_40V_02I_06M/LR1_2_3_grb_genconfig_mslp_seed_41.log;random;40R_40V_02I_06M;1;59200;1;/dados/rmelo/PDPTW-SE/benchmark_multi_island_v5/official_experiments/multistartlp/official/set_01_pt_01/../../../../instances/orig_ams_fg/40R_40V_02I_06M/t1/LR1_2_3/;60000;20734;0;5401.13;81;41;H;50;95;0;100.0;30.0;true;0.95;100.0;1.0;1.0;1.0;1.0;60;M;800;800;false;86;0.96;234.21;1.0;43;10;1000000;-1;3600;3.07;0.73;0.72;mslp;heur;0.42;0.29;-1;3600;60000;I;40;0.83;0.25;LR1_2_3;0;/dados/rmelo/PDPTW-SE/benchmark_multi_island_v5/official_experiments/multistartlp/official/set_01_pt_01/logs;0;0;0;98.67;100.0;1;41;/dados/rmelo/PDPTW-SE/benchmark_multi_island_v5/official_experiments/multistartlp/official/set_01_pt_01/logs/heur_mslp/solutions/40R_40V_02I_06M/LR1_2_3_sol_genconfig_mslp_seed_41.txt;Gurobi;AUTOMATIC;17.87;_bash_2;_seed_41;24.56;1;78.76;/dados/rmelo/PDPTW-SE/benchmark_multi_island_v5/official_experiments/multistartlp/official/set_01_pt_01/logs/heur_mslp/timelines/40R_40V_02I_06M/LR1_2_3_timeline_genconfig_mslp_seed_41.txt;230.13;t1;0;4600.5;false
0.05;0.04;0.06;0.1;0.0;0.0;5;/dados/rmelo/PDPTW-SE/benchmark_multi_island_v5/official_experiments/multistartlp/official/set_01_pt_01/logs/heur_mslp/outputs/csvresults_heur_mslp_bash_2.csv;0;5;1;82;0;0.0;0.5;true;42;2;LR1_2_4_t1_40R_40V_02I_05M;/dados/rmelo/PDPTW-SE/benchmark_multi_island_v5/official_experiments/multistartlp/official/set_01_pt_01/configs/genconfig_mslp.conf;genconfig_mslp;/dados/rmelo/PDPTW-SE/benchmark_multi_island_v5/official_experiments/multistartlp/official/set_01_pt_01/logs/heur_mslp/gurobi/40R_40V_02I_05M/LR1_2_4_grb_genconfig_mslp_seed_41.log;random;40R_40V_02I_05M;1;44037;1;/dados/rmelo/PDPTW-SE/benchmark_multi_island_v5/official_experiments/multistartlp/official/set_01_pt_01/../../../../instances/orig_ams_fg/40R_40V_02I_06M/t1/LR1_2_4/;60000;15931;0;4697.08;81;41;H;50;95;0;100.0;30.0;true;0.95;100.0;1.0;1.0;1.0;1.0;60;M;15963;15963;false;86;0.97;237.45;0.99;43;10;1000000;-1;3600;3.21;0.85;0.79;mslp;heur;0.54;0.55;-1;3600;60000;I;40;0.8;0.18;LR1_2_4;0;/dados/rmelo/PDPTW-SE/benchmark_multi_island_v5/official_experiments/multistartlp/official/set_01_pt_01/logs;0;0;0;73.4;100.0;1;41;/dados/rmelo/PDPTW-SE/benchmark_multi_island_v5/official_experiments/multistartlp/official/set_01_pt_01/logs/heur_mslp/solutions/40R_40V_02I_05M/LR1_2_4_sol_genconfig_mslp_seed_41.txt;Gurobi;AUTOMATIC;18.0;_bash_2;_seed_41;512.77;1;160.49;/dados/rmelo/PDPTW-SE/benchmark_multi_island_v5/official_experiments/multistartlp/official/set_01_pt_01/logs/heur_mslp/timelines/40R_40V_02I_05M/LR1_2_4_timeline_genconfig_mslp_seed_41.txt;603.64;t1;0;3785.5;false
0.05;0.02;0.05;0.07;0.0;0.02;9;/dados/rmelo/PDPTW-SE/benchmark_multi_island_v5/official_experiments/multistartlp/official/set_01_pt_01/logs/heur_mslp/outputs/csvresults_heur_mslp_bash_2.csv;0;6;1;82;0;0.0;0.5;true;42;2;LR1_2_4_t1_40R_40V_02I_06M;/dados/rmelo/PDPTW-SE/benchmark_multi_island_v5/official_experiments/multistartlp/official/set_01_pt_01/configs/genconfig_mslp.conf;genconfig_mslp;/dados/rmelo/PDPTW-SE/benchmark_multi_island_v5/official_experiments/multistartlp/official/set_01_pt_01/logs/heur_mslp/gurobi/40R_40V_02I_06M/LR1_2_4_grb_genconfig_mslp_seed_41.log;random;40R_40V_02I_06M;1;20825;1;/dados/rmelo/PDPTW-SE/benchmark_multi_island_v5/official_experiments/multistartlp/official/set_01_pt_01/../../../../instances/orig_ams_fg/40R_40V_02I_06M/t1/LR1_2_4/;60000;14228;0;5004.07;81;41;H;50;95;0;100.0;30.0;true;0.95;100.0;1.0;1.0;1.0;1.0;60;M;39175;39175;false;86;0.99;232.24;1.0;43;10;1000000;-1;3600;3.14;0.81;0.75;mslp;heur;0.51;0.2;-1;3600;60000;I;40;0.67;0.18;LR1_2_4;0;/dados/rmelo/PDPTW-SE/benchmark_multi_island_v5/official_experiments/multistartlp/official/set_01_pt_01/logs;0;0;0;34.71;100.0;1;41;/dados/rmelo/PDPTW-SE/benchmark_multi_island_v5/official_experiments/multistartlp/official/set_01_pt_01/logs/heur_mslp/solutions/40R_40V_02I_06M/LR1_2_4_sol_genconfig_mslp_seed_41.txt;Gurobi;AUTOMATIC;18.49;_bash_2;_seed_41;1231.78;1;239.43;/dados/rmelo/PDPTW-SE/benchmark_multi_island_v5/official_experiments/multistartlp/official/set_01_pt_01/logs/heur_mslp/timelines/40R_40V_02I_06M/LR1_2_4_timeline_genconfig_mslp_seed_41.txt;1007.1;t1;0;3596.3;false
0.05;0.05;0.09;0.14;0.01;0.07;1;/dados/rmelo/PDPTW-SE/benchmark_multi_island_v5/official_experiments/multistartlp/official/set_01_pt_01/logs/heur_mslp/outputs/csvresults_heur_mslp_bash_2.csv;0;5;1;82;0;0.0;0.5;true;42;2;LR1_2_5_t1_40R_40V_02I_05M;/dados/rmelo/PDPTW-SE/benchmark_multi_island_v5/official_experiments/multistartlp/official/set_01_pt_01/configs/genconfig_mslp.conf;genconfig_mslp;/dados/rmelo/PDPTW-SE/benchmark_multi_island_v5/official_experiments/multistartlp/official/set_01_pt_01/logs/heur_mslp/gurobi/40R_40V_02I_05M/LR1_2_5_grb_genconfig_mslp_seed_41.log;random;40R_40V_02I_05M;1;59978;1;/dados/rmelo/PDPTW-SE/benchmark_multi_island_v5/official_experiments/multistartlp/official/set_01_pt_01/../../../../instances/orig_ams_fg/40R_40V_02I_06M/t1/LR1_2_5/;60000;1150;0;7684.4;81;41;H;50;95;0;100.0;30.0;true;0.95;100.0;1.0;1.0;1.0;1.0;60;M;22;22;false;86;1.0;291.59;0.98;43;10;1000000;-1;3600;6.26;0.65;0.49;mslp;heur;0.19;0.02;-1;3600;60000;I;40;1.0;0.35;LR1_2_5;0;/dados/rmelo/PDPTW-SE/benchmark_multi_island_v5/official_experiments/multistartlp/official/set_01_pt_01/logs;0;0;0;99.96;100.0;1;41;/dados/rmelo/PDPTW-SE/benchmark_multi_island_v5/official_experiments/multistartlp/official/set_01_pt_01/logs/heur_mslp/solutions/40R_40V_02I_05M/LR1_2_5_sol_genconfig_mslp_seed_41.txt;Gurobi;AUTOMATIC;18.4;_bash_2;_seed_41;1.38;1;2.29;/dados/rmelo/PDPTW-SE/benchmark_multi_island_v5/official_experiments/multistartlp/official/set_01_pt_01/logs/heur_mslp/timelines/40R_40V_02I_05M/LR1_2_5_timeline_genconfig_mslp_seed_41.txt;112.87;t1;0;6640.15;false
0.05;0.02;0.06;0.08;0.0;0.13;6;/dados/rmelo/PDPTW-SE/benchmark_multi_island_v5/official_experiments/multistartlp/official/set_01_pt_01/logs/heur_mslp/outputs/csvresults_heur_mslp_bash_2.csv;0;6;1;82;0;0.0;0.5;true;42;2;LR1_2_5_t1_40R_40V_02I_06M;/dados/rmelo/PDPTW-SE/benchmark_multi_island_v5/official_experiments/multistartlp/official/set_01_pt_01/configs/genconfig_mslp.conf;genconfig_mslp;/dados/rmelo/PDPTW-SE/benchmark_multi_island_v5/official_experiments/multistartlp/official/set_01_pt_01/logs/heur_mslp/gurobi/40R_40V_02I_06M/LR1_2_5_grb_genconfig_mslp_seed_41.log;random;40R_40V_02I_06M;1;58647;1;/dados/rmelo/PDPTW-SE/benchmark_multi_island_v5/official_experiments/multistartlp/official/set_01_pt_01/../../../../instances/orig_ams_fg/40R_40V_02I_06M/t1/LR1_2_5/;60000;7645;0;7977.85;81;41;H;50;95;0;100.0;30.0;true;0.95;100.0;1.0;1.0;1.0;1.0;60;M;1353;1353;false;86;0.98;286.41;0.98;43;10;1000000;-1;3600;6.06;0.71;0.6;mslp;heur;0.24;0.19;-1;3600;60000;I;40;1.0;0.3;LR1_2_5;0;/dados/rmelo/PDPTW-SE/benchmark_multi_island_v5/official_experiments/multistartlp/official/set_01_pt_01/logs;0;0;0;97.74;100.0;1;41;/dados/rmelo/PDPTW-SE/benchmark_multi_island_v5/official_experiments/multistartlp/official/set_01_pt_01/logs/heur_mslp/solutions/40R_40V_02I_06M/LR1_2_5_sol_genconfig_mslp_seed_41.txt;Gurobi;AUTOMATIC;18.4;_bash_2;_seed_41;81.96;1;24.31;/dados/rmelo/PDPTW-SE/benchmark_multi_island_v5/official_experiments/multistartlp/official/set_01_pt_01/logs/heur_mslp/timelines/40R_40V_02I_06M/LR1_2_5_timeline_genconfig_mslp_seed_41.txt;190.65;t1;0;6276.45;false
0.05;0.0;0.01;0.01;0.03;0.25;15;/dados/rmelo/PDPTW-SE/benchmark_multi_island_v5/official_experiments/multistartlp/official/set_01_pt_01/logs/heur_mslp/outputs/csvresults_heur_mslp_bash_2.csv;0;5;1;82;0;0.0;0.5;true;42;2;LR2_2_1_t2_40R_40V_02I_05M;/dados/rmelo/PDPTW-SE/benchmark_multi_island_v5/official_experiments/multistartlp/official/set_01_pt_01/configs/genconfig_mslp.conf;genconfig_mslp;/dados/rmelo/PDPTW-SE/benchmark_multi_island_v5/official_experiments/multistartlp/official/set_01_pt_01/logs/heur_mslp/gurobi/40R_40V_02I_05M/LR2_2_1_grb_genconfig_mslp_seed_41.log;random;40R_40V_02I_05M;1;0;1;/dados/rmelo/PDPTW-SE/benchmark_multi_island_v5/official_experiments/multistartlp/official/set_01_pt_01/../../../../instances/orig_ams_fg/40R_40V_02I_06M/t2/LR2_2_1/;60000;29064;0;11405.46;81;41;H;50;95;0;100.0;30.0;true;0.95;100.0;1.0;1.0;1.0;1.0;60;M;60000;60000;false;80;0.9;178.29;0.98;40;10;1000000;-1;3600;6.76;0.62;0.93;mslp;heur;0.3;0.85;-1;3600;60000;I;40;1.0;0.12;LR2_2_1;0;/dados/rmelo/PDPTW-SE/benchmark_multi_island_v5/official_experiments/multistartlp/official/set_01_pt_01/logs;0;0;0;0.0;100.0;1;41;/dados/rmelo/PDPTW-SE/benchmark_multi_island_v5/official_experiments/multistartlp/official/set_01_pt_01/logs/heur_mslp/solutions/40R_40V_02I_05M/LR2_2_1_sol_genconfig_mslp_seed_41.txt;Gurobi;AUTOMATIC;18.3;_bash_2;_seed_41;4053.13;1;516.03;/dados/rmelo/PDPTW-SE/benchmark_multi_island_v5/official_experiments/multistartlp/official/set_01_pt_01/logs/heur_mslp/timelines/40R_40V_02I_05M/LR2_2_1_timeline_genconfig_mslp_seed_41.txt;1059.03;t2;0;7853.97;false
0.05;0.0;0.01;0.01;0.03;0.25;12;/dados/rmelo/PDPTW-SE/benchmark_multi_island_v5/official_experiments/multistartlp/official/set_01_pt_01/logs/heur_mslp/outputs/csvresults_heur_mslp_bash_2.csv;0;6;1;82;0;0.0;0.5;true;42;2;LR2_2_1_t2_40R_40V_02I_06M;/dados/rmelo/PDPTW-SE/benchmark_multi_island_v5/official_experiments/multistartlp/official/set_01_pt_01/configs/genconfig_mslp.conf;genconfig_mslp;/dados/rmelo/PDPTW-SE/benchmark_multi_island_v5/official_experiments/multistartlp/official/set_01_pt_01/logs/heur_mslp/gurobi/40R_40V_02I_06M/LR2_2_1_grb_genconfig_mslp_seed_41.log;random;40R_40V_02I_06M;1;0;1;/dados/rmelo/PDPTW-SE/benchmark_multi_island_v5/official_experiments/multistartlp/official/set_01_pt_01/../../../../instances/orig_ams_fg/40R_40V_02I_06M/t2/LR2_2_1/;60000;29064;0;11405.46;81;41;H;50;95;0;100.0;30.0;true;0.95;100.0;1.0;1.0;1.0;1.0;60;M;60000;60000;false;80;0.9;177.78;0.98;40;10;1000000;-1;3600;7.06;0.62;0.93;mslp;heur;0.3;0.85;-1;3600;60000;I;40;1.0;0.12;LR2_2_1;0;/dados/rmelo/PDPTW-SE/benchmark_multi_island_v5/official_experiments/multistartlp/official/set_01_pt_01/logs;0;0;0;0.0;100.0;1;41;/dados/rmelo/PDPTW-SE/benchmark_multi_island_v5/official_experiments/multistartlp/official/set_01_pt_01/logs/heur_mslp/solutions/40R_40V_02I_06M/LR2_2_1_sol_genconfig_mslp_seed_41.txt;Gurobi;AUTOMATIC;18.51;_bash_2;_seed_41;4237.81;1;550.05;/dados/rmelo/PDPTW-SE/benchmark_multi_island_v5/official_experiments/multistartlp/official/set_01_pt_01/logs/heur_mslp/timelines/40R_40V_02I_06M/LR2_2_1_timeline_genconfig_mslp_seed_41.txt;1131.18;t2;0;7852.22;false
0.05;0.01;0.02;0.03;0.11;0.07;9;/dados/rmelo/PDPTW-SE/benchmark_multi_island_v5/official_experiments/multistartlp/official/set_01_pt_01/logs/heur_mslp/outputs/csvresults_heur_mslp_bash_2.csv;0;5;1;82;0;0.0;0.5;true;42;2;LR2_2_2_t2_40R_40V_02I_05M;/dados/rmelo/PDPTW-SE/benchmark_multi_island_v5/official_experiments/multistartlp/official/set_01_pt_01/configs/genconfig_mslp.conf;genconfig_mslp;/dados/rmelo/PDPTW-SE/benchmark_multi_island_v5/official_experiments/multistartlp/official/set_01_pt_01/logs/heur_mslp/gurobi/40R_40V_02I_05M/LR2_2_2_grb_genconfig_mslp_seed_41.log;random;40R_40V_02I_05M;1;0;1;/dados/rmelo/PDPTW-SE/benchmark_multi_island_v5/official_experiments/multistartlp/official/set_01_pt_01/../../../../instances/orig_ams_fg/40R_40V_02I_06M/t2/LR2_2_2/;60000;20532;0;9535.1;81;41;H;50;95;0;100.0;30.0;true;0.95;100.0;1.0;1.0;1.0;1.0;60;M;60000;60000;false;80;0.81;177.14;0.96;40;10;1000000;-1;3600;7.34;0.66;0.75;mslp;heur;0.24;0.19;-1;3600;60000;I;40;0.8;0.1;LR2_2_2;0;/dados/rmelo/PDPTW-SE/benchmark_multi_island_v5/official_experiments/multistartlp/official/set_01_pt_01/logs;0;0;0;0.0;100.0;1;41;/dados/rmelo/PDPTW-SE/benchmark_multi_island_v5/official_experiments/multistartlp/official/set_01_pt_01/logs/heur_mslp/solutions/40R_40V_02I_05M/LR2_2_2_sol_genconfig_mslp_seed_41.txt;Gurobi;AUTOMATIC;18.6;_bash_2;_seed_41;4404.56;1;458.02;/dados/rmelo/PDPTW-SE/benchmark_multi_island_v5/official_experiments/multistartlp/official/set_01_pt_01/logs/heur_mslp/timelines/40R_40V_02I_05M/LR2_2_2_timeline_genconfig_mslp_seed_41.txt;1328.03;t2;0;6665.6;false
0.05;0.0;0.02;0.02;0.01;0.05;13;/dados/rmelo/PDPTW-SE/benchmark_multi_island_v5/official_experiments/multistartlp/official/set_01_pt_01/logs/heur_mslp/outputs/csvresults_heur_mslp_bash_2.csv;0;6;1;82;0;0.0;0.5;true;42;2;LR2_2_2_t2_40R_40V_02I_06M;/dados/rmelo/PDPTW-SE/benchmark_multi_island_v5/official_experiments/multistartlp/official/set_01_pt_01/configs/genconfig_mslp.conf;genconfig_mslp;/dados/rmelo/PDPTW-SE/benchmark_multi_island_v5/official_experiments/multistartlp/official/set_01_pt_01/logs/heur_mslp/gurobi/40R_40V_02I_06M/LR2_2_2_grb_genconfig_mslp_seed_41.log;random;40R_40V_02I_06M;1;0;1;/dados/rmelo/PDPTW-SE/benchmark_multi_island_v5/official_experiments/multistartlp/official/set_01_pt_01/../../../../instances/orig_ams_fg/40R_40V_02I_06M/t2/LR2_2_2/;60000;9398;0;9176.79;81;41;H;50;95;0;100.0;30.0;true;0.95;100.0;1.0;1.0;1.0;1.0;60;M;60000;60000;false;80;0.83;177.14;1.0;40;10;1000000;-1;3600;7.6;0.63;0.9;mslp;heur;0.33;0.8;-1;3600;60000;I;40;0.67;0.1;LR2_2_2;0;/dados/rmelo/PDPTW-SE/benchmark_multi_island_v5/official_experiments/multistartlp/official/set_01_pt_01/logs;0;0;0;0.0;100.0;1;41;/dados/rmelo/PDPTW-SE/benchmark_multi_island_v5/official_experiments/multistartlp/official/set_01_pt_01/logs/heur_mslp/solutions/40R_40V_02I_06M/LR2_2_2_sol_genconfig_mslp_seed_41.txt;Gurobi;AUTOMATIC;18.27;_bash_2;_seed_41;4561.64;1;230.0;/dados/rmelo/PDPTW-SE/benchmark_multi_island_v5/official_experiments/multistartlp/official/set_01_pt_01/logs/heur_mslp/timelines/40R_40V_02I_06M/LR2_2_2_timeline_genconfig_mslp_seed_41.txt;1459.83;t2;0;6413.42;false
0.05;0.01;0.02;0.03;0.0;0.02;6;/dados/rmelo/PDPTW-SE/benchmark_multi_island_v5/official_experiments/multistartlp/official/set_01_pt_01/logs/heur_mslp/outputs/csvresults_heur_mslp_bash_2.csv;0;5;1;82;0;0.0;0.5;true;42;2;LR2_2_3_t2_40R_40V_02I_05M;/dados/rmelo/PDPTW-SE/benchmark_multi_island_v5/official_experiments/multistartlp/official/set_01_pt_01/configs/genconfig_mslp.conf;genconfig_mslp;/dados/rmelo/PDPTW-SE/benchmark_multi_island_v5/official_experiments/multistartlp/official/set_01_pt_01/logs/heur_mslp/gurobi/40R_40V_02I_05M/LR2_2_3_grb_genconfig_mslp_seed_41.log;random;40R_40V_02I_05M;1;0;1;/dados/rmelo/PDPTW-SE/benchmark_multi_island_v5/official_experiments/multistartlp/official/set_01_pt_01/../../../../instances/orig_ams_fg/40R_40V_02I_06M/t2/LR2_2_3/;60000;26318;0;8062.66;81;41;H;50;95;0;100.0;30.0;true;0.95;100.0;1.0;1.0;1.0;1.0;60;M;60000;60000;false;72;0.81;183.89;0.97;36;10;1000000;-1;3600;3.85;0.74;0.96;mslp;heur;0.6;0.96;-1;3600;60000;I;40;0.4;0.08;LR2_2_3;0;/dados/rmelo/PDPTW-SE/benchmark_multi_island_v5/official_experiments/multistartlp/official/set_01_pt_01/logs;0;0;0;0.0;100.0;1;41;/dados/rmelo/PDPTW-SE/benchmark_multi_island_v5/official_experiments/multistartlp/official/set_01_pt_01/logs/heur_mslp/solutions/40R_40V_02I_05M/LR2_2_3_sol_genconfig_mslp_seed_41.txt;Gurobi;AUTOMATIC;18.32;_bash_2;_seed_41;2309.53;1;811.93;/dados/rmelo/PDPTW-SE/benchmark_multi_island_v5/official_experiments/multistartlp/official/set_01_pt_01/logs/heur_mslp/timelines/40R_40V_02I_05M/LR2_2_3_timeline_genconfig_mslp_seed_41.txt;1846.21;t2;0;5626.52;false
0.05;0.01;0.01;0.02;0.01;0.05;7;/dados/rmelo/PDPTW-SE/benchmark_multi_island_v5/official_experiments/multistartlp/official/set_01_pt_01/logs/heur_mslp/outputs/csvresults_heur_mslp_bash_2.csv;0;6;1;82;0;0.0;0.5;true;42;2;LR2_2_3_t2_40R_40V_02I_06M;/dados/rmelo/PDPTW-SE/benchmark_multi_island_v5/official_experiments/multistartlp/official/set_01_pt_01/configs/genconfig_mslp.conf;genconfig_mslp;/dados/rmelo/PDPTW-SE/benchmark_multi_island_v5/official_experiments/multistartlp/official/set_01_pt_01/logs/heur_mslp/gurobi/40R_40V_02I_06M/LR2_2_3_grb_genconfig_mslp_seed_41.log;random;40R_40V_02I_06M;1;0;1;/dados/rmelo/PDPTW-SE/benchmark_multi_island_v5/official_experiments/multistartlp/official/set_01_pt_01/../../../../instances/orig_ams_fg/40R_40V_02I_06M/t2/LR2_2_3/;60000;20660;0;7991.05;81;41;H;50;95;0;100.0;30.0;true;0.95;100.0;1.0;1.0;1.0;1.0;60;M;60000;60000;false;72;0.82;183.89;0.99;36;10;1000000;-1;3600;4.01;0.57;0.79;mslp;heur;0.07;0.26;-1;3600;60000;I;40;0.67;0.1;LR2_2_3;0;/dados/rmelo/PDPTW-SE/benchmark_multi_island_v5/official_experiments/multistartlp/official/set_01_pt_01/logs;0;0;0;0.0;100.0;1;41;/dados/rmelo/PDPTW-SE/benchmark_multi_island_v5/official_experiments/multistartlp/official/set_01_pt_01/logs/heur_mslp/solutions/40R_40V_02I_06M/LR2_2_3_sol_genconfig_mslp_seed_41.txt;Gurobi;AUTOMATIC;18.35;_bash_2;_seed_41;2405.41;1;696.84;/dados/rmelo/PDPTW-SE/benchmark_multi_island_v5/official_experiments/multistartlp/official/set_01_pt_01/logs/heur_mslp/timelines/40R_40V_02I_06M/LR2_2_3_timeline_genconfig_mslp_seed_41.txt;2020.91;t2;0;5809.36;false
0.05;0.0;0.01;0.01;0.0;0.0;5;/dados/rmelo/PDPTW-SE/benchmark_multi_island_v5/official_experiments/multistartlp/official/set_01_pt_01/logs/heur_mslp/outputs/csvresults_heur_mslp_bash_2.csv;0;5;1;82;0;0.0;0.5;true;42;2;LR2_2_4_t2_40R_40V_02I_05M;/dados/rmelo/PDPTW-SE/benchmark_multi_island_v5/official_experiments/multistartlp/official/set_01_pt_01/configs/genconfig_mslp.conf;genconfig_mslp;/dados/rmelo/PDPTW-SE/benchmark_multi_island_v5/official_experiments/multistartlp/official/set_01_pt_01/logs/heur_mslp/gurobi/40R_40V_02I_05M/LR2_2_4_grb_genconfig_mslp_seed_41.log;random;40R_40V_02I_05M;1;0;1;/dados/rmelo/PDPTW-SE/benchmark_multi_island_v5/official_experiments/multistartlp/official/set_01_pt_01/../../../../instances/orig_ams_fg/40R_40V_02I_06M/t2/LR2_2_4/;60000;1462;0;5949.52;81;41;H;50;95;0;100.0;30.0;true;0.95;100.0;1.0;1.0;1.0;1.0;60;M;59111;60000;false;78;0.85;166.17;0.98;39;10;1000000;-1;3600;1.86;0.53;0.84;mslp;heur;0.11;0.62;-1;3600;60000;I;40;0.8;0.08;LR2_2_4;0;/dados/rmelo/PDPTW-SE/benchmark_multi_island_v5/official_experiments/multistartlp/official/set_01_pt_01/logs;0;0;0;0.0;98.52;1;41;/dados/rmelo/PDPTW-SE/benchmark_multi_island_v5/official_experiments/multistartlp/official/set_01_pt_01/logs/heur_mslp/solutions/40R_40V_02I_05M/LR2_2_4_sol_genconfig_mslp_seed_41.txt;Gurobi;AUTOMATIC;18.3;_bash_2;_seed_41;1116.9;1;80.67;/dados/rmelo/PDPTW-SE/benchmark_multi_island_v5/official_experiments/multistartlp/official/set_01_pt_01/logs/heur_mslp/timelines/40R_40V_02I_05M/LR2_2_4_timeline_genconfig_mslp_seed_41.txt;3294.62;t2;0;4043.47;false
0.05;0.0;0.01;0.01;0.0;0.0;5;/dados/rmelo/PDPTW-SE/benchmark_multi_island_v5/official_experiments/multistartlp/official/set_01_pt_01/logs/heur_mslp/outputs/csvresults_heur_mslp_bash_2.csv;0;6;1;82;0;0.0;0.5;true;42;2;LR2_2_4_t2_40R_40V_02I_06M;/dados/rmelo/PDPTW-SE/benchmark_multi_island_v5/official_experiments/multistartlp/official/set_01_pt_01/configs/genconfig_mslp.conf;genconfig_mslp;/dados/rmelo/PDPTW-SE/benchmark_multi_island_v5/official_experiments/multistartlp/official/set_01_pt_01/logs/heur_mslp/gurobi/40R_40V_02I_06M/LR2_2_4_grb_genconfig_mslp_seed_41.log;random;40R_40V_02I_06M;1;0;1;/dados/rmelo/PDPTW-SE/benchmark_multi_island_v5/official_experiments/multistartlp/official/set_01_pt_01/../../../../instances/orig_ams_fg/40R_40V_02I_06M/t2/LR2_2_4/;60000;1462;0;5949.52;81;41;H;50;95;0;100.0;30.0;true;0.95;100.0;1.0;1.0;1.0;1.0;60;M;59101;60000;false;78;0.85;166.17;0.98;39;10;1000000;-1;3600;1.86;0.53;0.84;mslp;heur;0.11;0.62;-1;3600;60000;I;40;0.67;0.08;LR2_2_4;0;/dados/rmelo/PDPTW-SE/benchmark_multi_island_v5/official_experiments/multistartlp/official/set_01_pt_01/logs;0;0;0;0.0;98.5;1;41;/dados/rmelo/PDPTW-SE/benchmark_multi_island_v5/official_experiments/multistartlp/official/set_01_pt_01/logs/heur_mslp/solutions/40R_40V_02I_06M/LR2_2_4_sol_genconfig_mslp_seed_41.txt;Gurobi;AUTOMATIC;18.37;_bash_2;_seed_41;1117.1;1;84.32;/dados/rmelo/PDPTW-SE/benchmark_multi_island_v5/official_experiments/multistartlp/official/set_01_pt_01/logs/heur_mslp/timelines/40R_40V_02I_06M/LR2_2_4_timeline_genconfig_mslp_seed_41.txt;3443.75;t2;0;4043.47;false
0.05;0.01;0.03;0.04;0.04;0.16;12;/dados/rmelo/PDPTW-SE/benchmark_multi_island_v5/official_experiments/multistartlp/official/set_01_pt_01/logs/heur_mslp/outputs/csvresults_heur_mslp_bash_2.csv;0;5;1;82;0;0.0;0.5;true;42;2;LR2_2_5_t2_40R_40V_02I_05M;/dados/rmelo/PDPTW-SE/benchmark_multi_island_v5/official_experiments/multistartlp/official/set_01_pt_01/configs/genconfig_mslp.conf;genconfig_mslp;/dados/rmelo/PDPTW-SE/benchmark_multi_island_v5/official_experiments/multistartlp/official/set_01_pt_01/logs/heur_mslp/gurobi/40R_40V_02I_05M/LR2_2_5_grb_genconfig_mslp_seed_41.log;random;40R_40V_02I_05M;1;0;1;/dados/rmelo/PDPTW-SE/benchmark_multi_island_v5/official_experiments/multistartlp/official/set_01_pt_01/../../../../instances/orig_ams_fg/40R_40V_02I_06M/t2/LR2_2_5/;60000;49258;0;14554.86;81;41;H;50;95;0;100.0;30.0;true;0.95;100.0;1.0;1.0;1.0;1.0;60;M;60000;60000;false;80;0.87;178.56;1.0;40;10;1000000;-1;3600;9.75;0.75;0.98;mslp;heur;0.67;0.95;-1;3600;60000;I;40;1.0;0.1;LR2_2_5;0;/dados/rmelo/PDPTW-SE/benchmark_multi_island_v5/official_experiments/multistartlp/official/set_01_pt_01/logs;0;0;0;0.0;100.0;1;41;/dados/rmelo/PDPTW-SE/benchmark_multi_island_v5/official_experiments/multistartlp/official/set_01_pt_01/logs/heur_mslp/solutions/40R_40V_02I_05M/LR2_2_5_sol_genconfig_mslp_seed_41.txt;Gurobi;AUTOMATIC;18.7;_bash_2;_seed_41;5851.91;1;1002.98;/dados/rmelo/PDPTW-SE/benchmark_multi_island_v5/official_experiments/multistartlp/official/set_01_pt_01/logs/heur_mslp/timelines/40R_40V_02I_05M/LR2_2_5_timeline_genconfig_mslp_seed_41.txt;1220.35;t2;0;7641.79;false
0.05;0.01;0.02;0.03;0.04;0.16;12;/dados/rmelo/PDPTW-SE/benchmark_multi_island_v5/official_experiments/multistartlp/official/set_01_pt_01/logs/heur_mslp/outputs/csvresults_heur_mslp_bash_2.csv;0;6;1;82;0;0.0;0.5;true;42;2;LR2_2_5_t2_40R_40V_02I_06M;/dados/rmelo/PDPTW-SE/benchmark_multi_island_v5/official_experiments/multistartlp/official/set_01_pt_01/configs/genconfig_mslp.conf;genconfig_mslp;/dados/rmelo/PDPTW-SE/benchmark_multi_island_v5/official_experiments/multistartlp/official/set_01_pt_01/logs/heur_mslp/gurobi/40R_40V_02I_06M/LR2_2_5_grb_genconfig_mslp_seed_41.log;random;40R_40V_02I_06M;1;0;1;/dados/rmelo/PDPTW-SE/benchmark_multi_island_v5/official_experiments/multistartlp/official/set_01_pt_01/../../../../instances/orig_ams_fg/40R_40V_02I_06M/t2/LR2_2_5/;60000;49258;0;14554.86;81;41;H;50;95;0;100.0;30.0;true;0.95;100.0;1.0;1.0;1.0;1.0;60;M;60000;60000;false;80;0.87;178.56;1.0;40;10;1000000;-1;3600;9.75;0.75;0.98;mslp;heur;0.67;0.95;-1;3600;60000;I;40;1.0;0.1;LR2_2_5;0;/dados/rmelo/PDPTW-SE/benchmark_multi_island_v5/official_experiments/multistartlp/official/set_01_pt_01/logs;0;0;0;0.0;100.0;1;41;/dados/rmelo/PDPTW-SE/benchmark_multi_island_v5/official_experiments/multistartlp/official/set_01_pt_01/logs/heur_mslp/solutions/40R_40V_02I_06M/LR2_2_5_sol_genconfig_mslp_seed_41.txt;Gurobi;AUTOMATIC;19.05;_bash_2;_seed_41;5851.93;1;1075.13;/dados/rmelo/PDPTW-SE/benchmark_multi_island_v5/official_experiments/multistartlp/official/set_01_pt_01/logs/heur_mslp/timelines/40R_40V_02I_06M/LR2_2_5_timeline_genconfig_mslp_seed_41.txt;1308.33;t2;0;7641.79;false
0.05;0.08;0.16;0.24;0.04;0.43;0;/dados/rmelo/PDPTW-SE/benchmark_multi_island_v5/official_experiments/multistartlp/official/set_01_pt_01/logs/heur_mslp/outputs/csvresults_heur_mslp_bash_2.csv;0;5;1;82;0;0.0;0.5;false;42;2;LR1_2_1_t1_40R_40V_04I_05M;/dados/rmelo/PDPTW-SE/benchmark_multi_island_v5/official_experiments/multistartlp/official/set_01_pt_01/configs/genconfig_mslp.conf;genconfig_mslp;/dados/rmelo/PDPTW-SE/benchmark_multi_island_v5/official_experiments/multistartlp/official/set_01_pt_01/logs/heur_mslp/gurobi/40R_40V_04I_05M/LR1_2_1_grb_genconfig_mslp_seed_41.log;random;40R_40V_04I_05M;1;60000;1;/dados/rmelo/PDPTW-SE/benchmark_multi_island_v5/official_experiments/multistartlp/official/set_01_pt_01/../../../../instances/orig_ams_fg/40R_40V_04I_06M/t1/LR1_2_1/;60000;0;0;0.0;81;41;H;50;95;0;100.0;30.0;true;0.95;100.0;1.0;1.0;1.0;1.0;60;M;0;0;false;78;0.97;183.87;0.91;39;10;1000000;-1;3600;0.0;0.76;0.47;mslp;heur;0.6;0.13;-1;3600;60000;I;40;1.0;0.25;LR1_2_1;0;/dados/rmelo/PDPTW-SE/benchmark_multi_island_v5/official_experiments/multistartlp/official/set_01_pt_01/logs;0;0;0;100.0;0.0;1;41;/dados/rmelo/PDPTW-SE/benchmark_multi_island_v5/official_experiments/multistartlp/official/set_01_pt_01/logs/heur_mslp/solutions/40R_40V_04I_05M/LR1_2_1_sol_genconfig_mslp_seed_41.txt;Gurobi;AUTOMATIC;18.52;_bash_2;_seed_41;0.0;1;0.0;/dados/rmelo/PDPTW-SE/benchmark_multi_island_v5/official_experiments/multistartlp/official/set_01_pt_01/logs/heur_mslp/timelines/40R_40V_04I_05M/LR1_2_1_timeline_genconfig_mslp_seed_41.txt;114.97;t1;0;Inf;false
0.05;0.18;0.21;0.39;0.01;0.3;5;/dados/rmelo/PDPTW-SE/benchmark_multi_island_v5/official_experiments/multistartlp/official/set_01_pt_01/logs/heur_mslp/outputs/csvresults_heur_mslp_bash_2.csv;0;6;1;82;0;0.0;0.5;true;42;2;LR1_2_1_t1_40R_40V_04I_06M;/dados/rmelo/PDPTW-SE/benchmark_multi_island_v5/official_experiments/multistartlp/official/set_01_pt_01/configs/genconfig_mslp.conf;genconfig_mslp;/dados/rmelo/PDPTW-SE/benchmark_multi_island_v5/official_experiments/multistartlp/official/set_01_pt_01/logs/heur_mslp/gurobi/40R_40V_04I_06M/LR1_2_1_grb_genconfig_mslp_seed_41.log;random;40R_40V_04I_06M;1;59990;1;/dados/rmelo/PDPTW-SE/benchmark_multi_island_v5/official_experiments/multistartlp/official/set_01_pt_01/../../../../instances/orig_ams_fg/40R_40V_04I_06M/t1/LR1_2_1/;60000;40084;0;8285.99;81;41;H;50;95;0;100.0;30.0;true;0.95;100.0;1.0;1.0;1.0;1.0;60;M;10;10;false;78;0.97;183.87;0.94;39;10;1000000;-1;3600;7.35;0.74;0.56;mslp;heur;0.39;0.15;-1;3600;60000;I;40;1.0;0.4;LR1_2_1;0;/dados/rmelo/PDPTW-SE/benchmark_multi_island_v5/official_experiments/multistartlp/official/set_01_pt_01/logs;0;0;0;99.98;100.0;1;41;/dados/rmelo/PDPTW-SE/benchmark_multi_island_v5/official_experiments/multistartlp/official/set_01_pt_01/logs/heur_mslp/solutions/40R_40V_04I_06M/LR1_2_1_sol_genconfig_mslp_seed_41.txt;Gurobi;AUTOMATIC;18.44;_bash_2;_seed_41;0.74;1;118.28;/dados/rmelo/PDPTW-SE/benchmark_multi_island_v5/official_experiments/multistartlp/official/set_01_pt_01/logs/heur_mslp/timelines/40R_40V_04I_06M/LR1_2_1_timeline_genconfig_mslp_seed_41.txt;177.32;t1;0;7607.68;false
0.05;0.08;0.16;0.23;0.04;0.36;0;/dados/rmelo/PDPTW-SE/benchmark_multi_island_v5/official_experiments/multistartlp/official/set_01_pt_01/logs/heur_mslp/outputs/csvresults_heur_mslp_bash_2.csv;0;5;1;82;0;0.0;0.5;false;42;2;LR1_2_2_t1_40R_40V_04I_05M;/dados/rmelo/PDPTW-SE/benchmark_multi_island_v5/official_experiments/multistartlp/official/set_01_pt_01/configs/genconfig_mslp.conf;genconfig_mslp;/dados/rmelo/PDPTW-SE/benchmark_multi_island_v5/official_experiments/multistartlp/official/set_01_pt_01/logs/heur_mslp/gurobi/40R_40V_04I_05M/LR1_2_2_grb_genconfig_mslp_seed_41.log;random;40R_40V_04I_05M;1;60000;1;/dados/rmelo/PDPTW-SE/benchmark_multi_island_v5/official_experiments/multistartlp/official/set_01_pt_01/../../../../instances/orig_ams_fg/40R_40V_04I_06M/t1/LR1_2_2/;60000;0;0;0.0;81;41;H;50;95;0;100.0;30.0;true;0.95;100.0;1.0;1.0;1.0;1.0;60;M;0;0;false;78;0.86;181.11;0.91;39;10;1000000;-1;3600;0.0;0.68;0.48;mslp;heur;0.36;0.1;-1;3600;60000;I;40;1.0;0.25;LR1_2_2;0;/dados/rmelo/PDPTW-SE/benchmark_multi_island_v5/official_experiments/multistartlp/official/set_01_pt_01/logs;0;0;0;100.0;0.0;1;41;/dados/rmelo/PDPTW-SE/benchmark_multi_island_v5/official_experiments/multistartlp/official/set_01_pt_01/logs/heur_mslp/solutions/40R_40V_04I_05M/LR1_2_2_sol_genconfig_mslp_seed_41.txt;Gurobi;AUTOMATIC;18.51;_bash_2;_seed_41;0.0;1;0.0;/dados/rmelo/PDPTW-SE/benchmark_multi_island_v5/official_experiments/multistartlp/official/set_01_pt_01/logs/heur_mslp/timelines/40R_40V_04I_05M/LR1_2_2_timeline_genconfig_mslp_seed_41.txt;126.61;t1;0;Inf;false
0.05;0.12;0.19;0.31;0.02;0.19;1;/dados/rmelo/PDPTW-SE/benchmark_multi_island_v5/official_experiments/multistartlp/official/set_01_pt_01/logs/heur_mslp/outputs/csvresults_heur_mslp_bash_2.csv;0;6;1;82;0;0.0;0.5;true;42;2;LR1_2_2_t1_40R_40V_04I_06M;/dados/rmelo/PDPTW-SE/benchmark_multi_island_v5/official_experiments/multistartlp/official/set_01_pt_01/configs/genconfig_mslp.conf;genconfig_mslp;/dados/rmelo/PDPTW-SE/benchmark_multi_island_v5/official_experiments/multistartlp/official/set_01_pt_01/logs/heur_mslp/gurobi/40R_40V_04I_06M/LR1_2_2_grb_genconfig_mslp_seed_41.log;random;40R_40V_04I_06M;1;59997;1;/dados/rmelo/PDPTW-SE/benchmark_multi_island_v5/official_experiments/multistartlp/official/set_01_pt_01/../../../../instances/orig_ams_fg/40R_40V_04I_06M/t1/LR1_2_2/;60000;2389;0;7308.11;81;41;H;50;95;0;100.0;30.0;true;0.95;100.0;1.0;1.0;1.0;1.0;60;M;3;3;false;78;0.91;181.11;0.95;39;10;1000000;-1;3600;7.55;0.66;0.64;mslp;heur;0.42;0.19;-1;3600;60000;I;40;1.0;0.35;LR1_2_2;0;/dados/rmelo/PDPTW-SE/benchmark_multi_island_v5/official_experiments/multistartlp/official/set_01_pt_01/logs;0;0;0;100.0;100.0;1;41;/dados/rmelo/PDPTW-SE/benchmark_multi_island_v5/official_experiments/multistartlp/official/set_01_pt_01/logs/heur_mslp/solutions/40R_40V_04I_06M/LR1_2_2_sol_genconfig_mslp_seed_41.txt;Gurobi;AUTOMATIC;18.6;_bash_2;_seed_41;0.23;1;6.84;/dados/rmelo/PDPTW-SE/benchmark_multi_island_v5/official_experiments/multistartlp/official/set_01_pt_01/logs/heur_mslp/timelines/40R_40V_04I_06M/LR1_2_2_timeline_genconfig_mslp_seed_41.txt;170.02;t1;0;5867.31;false
0.05;0.12;0.22;0.34;0.01;0.1;5;/dados/rmelo/PDPTW-SE/benchmark_multi_island_v5/official_experiments/multistartlp/official/set_01_pt_01/logs/heur_mslp/outputs/csvresults_heur_mslp_bash_2.csv;0;5;1;82;0;0.0;0.5;true;42;2;LR1_2_3_t1_40R_40V_04I_05M;/dados/rmelo/PDPTW-SE/benchmark_multi_island_v5/official_experiments/multistartlp/official/set_01_pt_01/configs/genconfig_mslp.conf;genconfig_mslp;/dados/rmelo/PDPTW-SE/benchmark_multi_island_v5/official_experiments/multistartlp/official/set_01_pt_01/logs/heur_mslp/gurobi/40R_40V_04I_05M/LR1_2_3_grb_genconfig_mslp_seed_41.log;random;40R_40V_04I_05M;1;59681;1;/dados/rmelo/PDPTW-SE/benchmark_multi_island_v5/official_experiments/multistartlp/official/set_01_pt_01/../../../../instances/orig_ams_fg/40R_40V_04I_06M/t1/LR1_2_3/;60000;34822;0;6121.51;81;41;H;50;95;0;100.0;30.0;true;0.95;100.0;1.0;1.0;1.0;1.0;60;M;319;319;false;86;0.85;184.4;0.85;43;10;1000000;-1;3600;6.17;0.68;0.58;mslp;heur;0.28;0.07;-1;3600;60000;I;40;1.0;0.28;LR1_2_3;0;/dados/rmelo/PDPTW-SE/benchmark_multi_island_v5/official_experiments/multistartlp/official/set_01_pt_01/logs;0;0;0;99.47;100.0;1;41;/dados/rmelo/PDPTW-SE/benchmark_multi_island_v5/official_experiments/multistartlp/official/set_01_pt_01/logs/heur_mslp/solutions/40R_40V_04I_05M/LR1_2_3_sol_genconfig_mslp_seed_41.txt;Gurobi;AUTOMATIC;18.63;_bash_2;_seed_41;19.68;1;167.43;/dados/rmelo/PDPTW-SE/benchmark_multi_island_v5/official_experiments/multistartlp/official/set_01_pt_01/logs/heur_mslp/timelines/40R_40V_04I_05M/LR1_2_3_timeline_genconfig_mslp_seed_41.txt;287.69;t1;0;4708.74;false
0.05;0.08;0.18;0.26;0.02;0.09;8;/dados/rmelo/PDPTW-SE/benchmark_multi_island_v5/official_experiments/multistartlp/official/set_01_pt_01/logs/heur_mslp/outputs/csvresults_heur_mslp_bash_2.csv;0;6;1;82;0;0.0;0.5;true;42;2;LR1_2_3_t1_40R_40V_04I_06M;/dados/rmelo/PDPTW-SE/benchmark_multi_island_v5/official_experiments/multistartlp/official/set_01_pt_01/configs/genconfig_mslp.conf;genconfig_mslp;/dados/rmelo/PDPTW-SE/benchmark_multi_island_v5/official_experiments/multistartlp/official/set_01_pt_01/logs/heur_mslp/gurobi/40R_40V_04I_06M/LR1_2_3_grb_genconfig_mslp_seed_41.log;random;40R_40V_04I_06M;1;58641;1;/dados/rmelo/PDPTW-SE/benchmark_multi_island_v5/official_experiments/multistartlp/official/set_01_pt_01/../../../../instances/orig_ams_fg/40R_40V_04I_06M/t1/LR1_2_3/;60000;49037;0;5886.05;81;41;H;50;95;0;100.0;30.0;true;0.95;100.0;1.0;1.0;1.0;1.0;60;M;1359;1359;false;86;0.99;184.2;1.0;43;10;1000000;-1;3600;5.17;0.73;0.66;mslp;heur;0.54;0.24;-1;3600;60000;I;40;1.0;0.25;LR1_2_3;0;/dados/rmelo/PDPTW-SE/benchmark_multi_island_v5/official_experiments/multistartlp/official/set_01_pt_01/logs;0;0;0;97.74;100.0;1;41;/dados/rmelo/PDPTW-SE/benchmark_multi_island_v5/official_experiments/multistartlp/official/set_01_pt_01/logs/heur_mslp/solutions/40R_40V_04I_06M/LR1_2_3_sol_genconfig_mslp_seed_41.txt;Gurobi;AUTOMATIC;18.27;_bash_2;_seed_41;70.3;1;302.61;/dados/rmelo/PDPTW-SE/benchmark_multi_island_v5/official_experiments/multistartlp/official/set_01_pt_01/logs/heur_mslp/timelines/40R_40V_04I_06M/LR1_2_3_timeline_genconfig_mslp_seed_41.txt;370.01;t1;0;4618.46;false
0.05;0.09;0.14;0.23;0.0;0.0;7;/dados/rmelo/PDPTW-SE/benchmark_multi_island_v5/official_experiments/multistartlp/official/set_01_pt_01/logs/heur_mslp/outputs/csvresults_heur_mslp_bash_2.csv;0;5;1;82;0;0.0;0.5;true;42;2;LR1_2_4_t1_40R_40V_04I_05M;/dados/rmelo/PDPTW-SE/benchmark_multi_island_v5/official_experiments/multistartlp/official/set_01_pt_01/configs/genconfig_mslp.conf;genconfig_mslp;/dados/rmelo/PDPTW-SE/benchmark_multi_island_v5/official_experiments/multistartlp/official/set_01_pt_01/logs/heur_mslp/gurobi/40R_40V_04I_05M/LR1_2_4_grb_genconfig_mslp_seed_41.log;random;40R_40V_04I_05M;1;53188;1;/dados/rmelo/PDPTW-SE/benchmark_multi_island_v5/official_experiments/multistartlp/official/set_01_pt_01/../../../../instances/orig_ams_fg/40R_40V_04I_06M/t1/LR1_2_4/;60000;23214;0;5368.43;81;41;H;50;95;0;100.0;30.0;true;0.95;100.0;1.0;1.0;1.0;1.0;60;M;6812;6812;false;86;0.95;182.11;0.92;43;10;1000000;-1;3600;3.74;0.84;0.69;mslp;heur;0.67;0.51;-1;3600;60000;I;40;1.0;0.18;LR1_2_4;0;/dados/rmelo/PDPTW-SE/benchmark_multi_island_v5/official_experiments/multistartlp/official/set_01_pt_01/logs;0;0;0;88.65;100.0;1;41;/dados/rmelo/PDPTW-SE/benchmark_multi_island_v5/official_experiments/multistartlp/official/set_01_pt_01/logs/heur_mslp/solutions/40R_40V_04I_05M/LR1_2_4_sol_genconfig_mslp_seed_41.txt;Gurobi;AUTOMATIC;18.79;_bash_2;_seed_41;254.6;1;284.02;/dados/rmelo/PDPTW-SE/benchmark_multi_island_v5/official_experiments/multistartlp/official/set_01_pt_01/logs/heur_mslp/timelines/40R_40V_04I_05M/LR1_2_4_timeline_genconfig_mslp_seed_41.txt;737.08;t1;0;3722.75;false
0.05;0.04;0.11;0.14;0.0;0.02;7;/dados/rmelo/PDPTW-SE/benchmark_multi_island_v5/official_experiments/multistartlp/official/set_01_pt_01/logs/heur_mslp/outputs/csvresults_heur_mslp_bash_2.csv;0;6;1;82;0;0.0;0.5;true;42;2;LR1_2_4_t1_40R_40V_04I_06M;/dados/rmelo/PDPTW-SE/benchmark_multi_island_v5/official_experiments/multistartlp/official/set_01_pt_01/configs/genconfig_mslp.conf;genconfig_mslp;/dados/rmelo/PDPTW-SE/benchmark_multi_island_v5/official_experiments/multistartlp/official/set_01_pt_01/logs/heur_mslp/gurobi/40R_40V_04I_06M/LR1_2_4_grb_genconfig_mslp_seed_41.log;random;40R_40V_04I_06M;1;47229;1;/dados/rmelo/PDPTW-SE/benchmark_multi_island_v5/official_experiments/multistartlp/official/set_01_pt_01/../../../../instances/orig_ams_fg/40R_40V_04I_06M/t1/LR1_2_4/;60000;28923;0;4750.62;81;41;H;50;95;0;100.0;30.0;true;0.95;100.0;1.0;1.0;1.0;1.0;60;M;12771;12771;false;86;0.95;181.5;0.99;43;10;1000000;-1;3600;3.15;0.75;0.62;mslp;heur;0.2;0.18;-1;3600;60000;I;40;1.0;0.2;LR1_2_4;0;/dados/rmelo/PDPTW-SE/benchmark_multi_island_v5/official_experiments/multistartlp/official/set_01_pt_01/logs;0;0;0;78.72;100.0;1;41;/dados/rmelo/PDPTW-SE/benchmark_multi_island_v5/official_experiments/multistartlp/official/set_01_pt_01/logs/heur_mslp/solutions/40R_40V_04I_06M/LR1_2_4_sol_genconfig_mslp_seed_41.txt;Gurobi;AUTOMATIC;18.33;_bash_2;_seed_41;402.22;1;447.73;/dados/rmelo/PDPTW-SE/benchmark_multi_island_v5/official_experiments/multistartlp/official/set_01_pt_01/logs/heur_mslp/timelines/40R_40V_04I_06M/LR1_2_4_timeline_genconfig_mslp_seed_41.txt;929.26;t1;0;3778.76;false
0.05;0.17;0.25;0.42;0.04;0.13;3;/dados/rmelo/PDPTW-SE/benchmark_multi_island_v5/official_experiments/multistartlp/official/set_01_pt_01/logs/heur_mslp/outputs/csvresults_heur_mslp_bash_2.csv;0;5;1;82;0;0.0;0.5;true;42;2;LR1_2_5_t1_40R_40V_04I_05M;/dados/rmelo/PDPTW-SE/benchmark_multi_island_v5/official_experiments/multistartlp/official/set_01_pt_01/configs/genconfig_mslp.conf;genconfig_mslp;/dados/rmelo/PDPTW-SE/benchmark_multi_island_v5/official_experiments/multistartlp/official/set_01_pt_01/logs/heur_mslp/gurobi/40R_40V_04I_05M/LR1_2_5_grb_genconfig_mslp_seed_41.log;random;40R_40V_04I_05M;1;59995;1;/dados/rmelo/PDPTW-SE/benchmark_multi_island_v5/official_experiments/multistartlp/official/set_01_pt_01/../../../../instances/orig_ams_fg/40R_40V_04I_06M/t1/LR1_2_5/;60000;29194;0;6497.8;81;41;H;50;95;0;100.0;30.0;true;0.95;100.0;1.0;1.0;1.0;1.0;60;M;5;5;false;86;0.96;181.84;0.97;43;10;1000000;-1;3600;8.02;0.76;0.52;mslp;heur;0.42;0.1;-1;3600;60000;I;40;1.0;0.3;LR1_2_5;0;/dados/rmelo/PDPTW-SE/benchmark_multi_island_v5/official_experiments/multistartlp/official/set_01_pt_01/logs;0;0;0;99.99;100.0;1;41;/dados/rmelo/PDPTW-SE/benchmark_multi_island_v5/official_experiments/multistartlp/official/set_01_pt_01/logs/heur_mslp/solutions/40R_40V_04I_05M/LR1_2_5_sol_genconfig_mslp_seed_41.txt;Gurobi;AUTOMATIC;18.57;_bash_2;_seed_41;0.4;1;105.46;/dados/rmelo/PDPTW-SE/benchmark_multi_island_v5/official_experiments/multistartlp/official/set_01_pt_01/logs/heur_mslp/timelines/40R_40V_04I_05M/LR1_2_5_timeline_genconfig_mslp_seed_41.txt;216.33;t1;0;5778.81;false
0.05;0.06;0.13;0.2;0.0;0.16;4;/dados/rmelo/PDPTW-SE/benchmark_multi_island_v5/official_experiments/multistartlp/official/set_01_pt_01/logs/heur_mslp/outputs/csvresults_heur_mslp_bash_2.csv;0;6;1;82;0;0.0;0.5;true;42;2;LR1_2_5_t1_40R_40V_04I_06M;/dados/rmelo/PDPTW-SE/benchmark_multi_island_v5/official_experiments/multistartlp/official/set_01_pt_01/configs/genconfig_mslp.conf;genconfig_mslp;/dados/rmelo/PDPTW-SE/benchmark_multi_island_v5/official_experiments/multistartlp/official/set_01_pt_01/logs/heur_mslp/gurobi/40R_40V_04I_06M/LR1_2_5_grb_genconfig_mslp_seed_41.log;random;40R_40V_04I_06M;1;59391;1;/dados/rmelo/PDPTW-SE/benchmark_multi_island_v5/official_experiments/multistartlp/official/set_01_pt_01/../../../../instances/orig_ams_fg/40R_40V_04I_06M/t1/LR1_2_5/;60000;57140;0;5863.1;81;41;H;50;95;0;100.0;30.0;true;0.95;100.0;1.0;1.0;1.0;1.0;60;M;609;609;false;86;0.95;180.73;0.97;43;10;1000000;-1;3600;8.55;0.81;0.63;mslp;heur;0.6;0.37;-1;3600;60000;I;40;1.0;0.25;LR1_2_5;0;/dados/rmelo/PDPTW-SE/benchmark_multi_island_v5/official_experiments/multistartlp/official/set_01_pt_01/logs;0;0;0;98.98;100.0;1;41;/dados/rmelo/PDPTW-SE/benchmark_multi_island_v5/official_experiments/multistartlp/official/set_01_pt_01/logs/heur_mslp/solutions/40R_40V_04I_06M/LR1_2_5_sol_genconfig_mslp_seed_41.txt;Gurobi;AUTOMATIC;18.42;_bash_2;_seed_41;52.04;1;299.0;/dados/rmelo/PDPTW-SE/benchmark_multi_island_v5/official_experiments/multistartlp/official/set_01_pt_01/logs/heur_mslp/timelines/40R_40V_04I_06M/LR1_2_5_timeline_genconfig_mslp_seed_41.txt;314.41;t1;0;5161.72;false
0.05;0.03;0.09;0.12;0.03;0.14;14;/dados/rmelo/PDPTW-SE/benchmark_multi_island_v5/official_experiments/multistartlp/official/set_01_pt_01/logs/heur_mslp/outputs/csvresults_heur_mslp_bash_2.csv;0;5;1;82;0;0.0;0.5;true;42;2;LR2_2_1_t2_40R_40V_04I_05M;/dados/rmelo/PDPTW-SE/benchmark_multi_island_v5/official_experiments/multistartlp/official/set_01_pt_01/configs/genconfig_mslp.conf;genconfig_mslp;/dados/rmelo/PDPTW-SE/benchmark_multi_island_v5/official_experiments/multistartlp/official/set_01_pt_01/logs/heur_mslp/gurobi/40R_40V_04I_05M/LR2_2_1_grb_genconfig_mslp_seed_41.log;random;40R_40V_04I_05M;1;0;1;/dados/rmelo/PDPTW-SE/benchmark_multi_island_v5/official_experiments/multistartlp/official/set_01_pt_01/../../../../instances/orig_ams_fg/40R_40V_04I_06M/t2/LR2_2_1/;60000;58611;0;10023.25;81;41;H;50;95;0;100.0;30.0;true;0.95;100.0;1.0;1.0;1.0;1.0;60;M;60000;60000;false;80;0.88;180.09;1.0;40;10;1000000;-1;3600;6.08;0.63;0.97;mslp;heur;0.31;0.95;-1;3600;60000;I;40;1.0;0.12;LR2_2_1;0;/dados/rmelo/PDPTW-SE/benchmark_multi_island_v5/official_experiments/multistartlp/official/set_01_pt_01/logs;0;0;0;0.0;100.0;1;41;/dados/rmelo/PDPTW-SE/benchmark_multi_island_v5/official_experiments/multistartlp/official/set_01_pt_01/logs/heur_mslp/solutions/40R_40V_04I_05M/LR2_2_1_sol_genconfig_mslp_seed_41.txt;Gurobi;AUTOMATIC;18.67;_bash_2;_seed_41;3648.83;1;1386.44;/dados/rmelo/PDPTW-SE/benchmark_multi_island_v5/official_experiments/multistartlp/official/set_01_pt_01/logs/heur_mslp/timelines/40R_40V_04I_05M/LR2_2_1_timeline_genconfig_mslp_seed_41.txt;1419.29;t2;0;8034.78;false
0.05;0.03;0.06;0.09;0.05;0.22;11;/dados/rmelo/PDPTW-SE/benchmark_multi_island_v5/official_experiments/multistartlp/official/set_01_pt_01/logs/heur_mslp/outputs/csvresults_heur_mslp_bash_2.csv;0;6;1;82;0;0.0;0.5;true;42;2;LR2_2_1_t2_40R_40V_04I_06M;/dados/rmelo/PDPTW-SE/benchmark_multi_island_v5/official_experiments/multistartlp/official/set_01_pt_01/configs/genconfig_mslp.conf;genconfig_mslp;/dados/rmelo/PDPTW-SE/benchmark_multi_island_v5/official_experiments/multistartlp/official/set_01_pt_01/logs/heur_mslp/gurobi/40R_40V_04I_06M/LR2_2_1_grb_genconfig_mslp_seed_41.log;random;40R_40V_04I_06M;1;0;1;/dados/rmelo/PDPTW-SE/benchmark_multi_island_v5/official_experiments/multistartlp/official/set_01_pt_01/../../../../instances/orig_ams_fg/40R_40V_04I_06M/t2/LR2_2_1/;60000;26547;0;10017.05;81;41;H;50;95;0;100.0;30.0;true;0.95;100.0;1.0;1.0;1.0;1.0;60;M;60000;60000;false;80;0.88;180.09;1.0;40;10;1000000;-1;3600;6.34;0.64;0.96;mslp;heur;0.28;0.82;-1;3600;60000;I;40;1.0;0.12;LR2_2_1;0;/dados/rmelo/PDPTW-SE/benchmark_multi_island_v5/official_experiments/multistartlp/official/set_01_pt_01/logs;0;0;0;0.0;100.0;1;41;/dados/rmelo/PDPTW-SE/benchmark_multi_island_v5/official_experiments/multistartlp/official/set_01_pt_01/logs/heur_mslp/solutions/40R_40V_04I_06M/LR2_2_1_sol_genconfig_mslp_seed_41.txt;Gurobi;AUTOMATIC;18.55;_bash_2;_seed_41;3805.92;1;673.98;/dados/rmelo/PDPTW-SE/benchmark_multi_island_v5/official_experiments/multistartlp/official/set_01_pt_01/logs/heur_mslp/timelines/40R_40V_04I_06M/LR2_2_1_timeline_genconfig_mslp_seed_41.txt;1520.57;t2;0;8094.2;false
0.05;0.03;0.08;0.11;0.02;0.17;12;/dados/rmelo/PDPTW-SE/benchmark_multi_island_v5/official_experiments/multistartlp/official/set_01_pt_01/logs/heur_mslp/outputs/csvresults_heur_mslp_bash_2.csv;0;5;1;82;0;0.0;0.5;true;42;2;LR2_2_2_t2_40R_40V_04I_05M;/dados/rmelo/PDPTW-SE/benchmark_multi_island_v5/official_experiments/multistartlp/official/set_01_pt_01/configs/genconfig_mslp.conf;genconfig_mslp;/dados/rmelo/PDPTW-SE/benchmark_multi_island_v5/official_experiments/multistartlp/official/set_01_pt_01/logs/heur_mslp/gurobi/40R_40V_04I_05M/LR2_2_2_grb_genconfig_mslp_seed_41.log;random;40R_40V_04I_05M;1;19991;1;/dados/rmelo/PDPTW-SE/benchmark_multi_island_v5/official_experiments/multistartlp/official/set_01_pt_01/../../../../instances/orig_ams_fg/40R_40V_04I_06M/t2/LR2_2_2/;60000;14987;0;9622.49;81;41;H;50;95;0;100.0;30.0;true;0.95;100.0;1.0;1.0;1.0;1.0;60;M;40009;40009;false;80;0.79;182.2;0.99;40;10;1000000;-1;3600;6.75;0.67;0.89;mslp;heur;0.51;0.8;-1;3600;60000;I;40;1.0;0.1;LR2_2_2;0;/dados/rmelo/PDPTW-SE/benchmark_multi_island_v5/official_experiments/multistartlp/official/set_01_pt_01/logs;0;0;0;33.32;100.0;1;41;/dados/rmelo/PDPTW-SE/benchmark_multi_island_v5/official_experiments/multistartlp/official/set_01_pt_01/logs/heur_mslp/solutions/40R_40V_04I_05M/LR2_2_2_sol_genconfig_mslp_seed_41.txt;Gurobi;AUTOMATIC;18.37;_bash_2;_seed_41;2698.94;1;382.8;/dados/rmelo/PDPTW-SE/benchmark_multi_island_v5/official_experiments/multistartlp/official/set_01_pt_01/logs/heur_mslp/timelines/40R_40V_04I_05M/LR2_2_2_timeline_genconfig_mslp_seed_41.txt;1536.41;t2;0;6793.78;false
0.05;0.04;0.07;0.11;0.02;0.09;12;/dados/rmelo/PDPTW-SE/benchmark_multi_island_v5/official_experiments/multistartlp/official/set_01_pt_01/logs/heur_mslp/outputs/csvresults_heur_mslp_bash_2.csv;0;6;1;82;0;0.0;0.5;true;42;2;LR2_2_2_t2_40R_40V_04I_06M;/dados/rmelo/PDPTW-SE/benchmark_multi_island_v5/official_experiments/multistartlp/official/set_01_pt_01/configs/genconfig_mslp.conf;genconfig_mslp;/dados/rmelo/PDPTW-SE/benchmark_multi_island_v5/official_experiments/multistartlp/official/set_01_pt_01/logs/heur_mslp/gurobi/40R_40V_04I_06M/LR2_2_2_grb_genconfig_mslp_seed_41.log;random;40R_40V_04I_06M;1;1954;1;/dados/rmelo/PDPTW-SE/benchmark_multi_island_v5/official_experiments/multistartlp/official/set_01_pt_01/../../../../instances/orig_ams_fg/40R_40V_04I_06M/t2/LR2_2_2/;60000;32250;0;10910.88;81;41;H;50;95;0;100.0;30.0;true;0.95;100.0;1.0;1.0;1.0;1.0;60;M;58046;58046;false;80;0.83;182.2;1.0;40;10;1000000;-1;3600;7.24;0.63;0.91;mslp;heur;0.26;0.74;-1;3600;60000;I;40;1.0;0.1;LR2_2_2;0;/dados/rmelo/PDPTW-SE/benchmark_multi_island_v5/official_experiments/multistartlp/official/set_01_pt_01/logs;0;0;0;3.26;100.0;1;41;/dados/rmelo/PDPTW-SE/benchmark_multi_island_v5/official_experiments/multistartlp/official/set_01_pt_01/logs/heur_mslp/solutions/40R_40V_04I_06M/LR2_2_2_sol_genconfig_mslp_seed_41.txt;Gurobi;AUTOMATIC;18.5;_bash_2;_seed_41;4201.11;1;1082.34;/dados/rmelo/PDPTW-SE/benchmark_multi_island_v5/official_experiments/multistartlp/official/set_01_pt_01/logs/heur_mslp/timelines/40R_40V_04I_06M/LR2_2_2_timeline_genconfig_mslp_seed_41.txt;2008.63;t2;0;6394.94;false
0.05;0.02;0.06;0.08;0.03;0.03;14;/dados/rmelo/PDPTW-SE/benchmark_multi_island_v5/official_experiments/multistartlp/official/set_01_pt_01/logs/heur_mslp/outputs/csvresults_heur_mslp_bash_2.csv;0;5;1;82;0;0.0;0.5;true;42;2;LR2_2_3_t2_40R_40V_04I_05M;/dados/rmelo/PDPTW-SE/benchmark_multi_island_v5/official_experiments/multistartlp/official/set_01_pt_01/configs/genconfig_mslp.conf;genconfig_mslp;/dados/rmelo/PDPTW-SE/benchmark_multi_island_v5/official_experiments/multistartlp/official/set_01_pt_01/logs/heur_mslp/gurobi/40R_40V_04I_05M/LR2_2_3_grb_genconfig_mslp_seed_41.log;random;40R_40V_04I_05M;1;0;1;/dados/rmelo/PDPTW-SE/benchmark_multi_island_v5/official_experiments/multistartlp/official/set_01_pt_01/../../../../instances/orig_ams_fg/40R_40V_04I_06M/t2/LR2_2_3/;60000;47404;0;9603.92;81;41;H;50;95;0;100.0;30.0;true;0.95;100.0;1.0;1.0;1.0;1.0;60;M;60000;60000;false;72;0.84;191.63;1.0;36;10;1000000;-1;3600;3.24;0.59;0.84;mslp;heur;0.08;0.4;-1;3600;60000;I;40;1.0;0.1;LR2_2_3;0;/dados/rmelo/PDPTW-SE/benchmark_multi_island_v5/official_experiments/multistartlp/official/set_01_pt_01/logs;0;0;0;0.0;100.0;1;41;/dados/rmelo/PDPTW-SE/benchmark_multi_island_v5/official_experiments/multistartlp/official/set_01_pt_01/logs/heur_mslp/solutions/40R_40V_04I_05M/LR2_2_3_sol_genconfig_mslp_seed_41.txt;Gurobi;AUTOMATIC;18.35;_bash_2;_seed_41;1943.32;1;2379.45;/dados/rmelo/PDPTW-SE/benchmark_multi_island_v5/official_experiments/multistartlp/official/set_01_pt_01/logs/heur_mslp/timelines/40R_40V_04I_05M/LR2_2_3_timeline_genconfig_mslp_seed_41.txt;3009.08;t2;0;5981.05;false
0.05;0.04;0.05;0.09;0.0;0.01;12;/dados/rmelo/PDPTW-SE/benchmark_multi_island_v5/official_experiments/multistartlp/official/set_01_pt_01/logs/heur_mslp/outputs/csvresults_heur_mslp_bash_2.csv;0;6;1;82;0;0.0;0.5;true;42;2;LR2_2_3_t2_40R_40V_04I_06M;/dados/rmelo/PDPTW-SE/benchmark_multi_island_v5/official_experiments/multistartlp/official/set_01_pt_01/configs/genconfig_mslp.conf;genconfig_mslp;/dados/rmelo/PDPTW-SE/benchmark_multi_island_v5/official_experiments/multistartlp/official/set_01_pt_01/logs/heur_mslp/gurobi/40R_40V_04I_06M/LR2_2_3_grb_genconfig_mslp_seed_41.log;random;40R_40V_04I_06M;1;0;1;/dados/rmelo/PDPTW-SE/benchmark_multi_island_v5/official_experiments/multistartlp/official/set_01_pt_01/../../../../instances/orig_ams_fg/40R_40V_04I_06M/t2/LR2_2_3/;60000;54494;0;9930.58;81;41;H;50;95;0;100.0;30.0;true;0.95;100.0;1.0;1.0;1.0;1.0;60;M;60000;60000;false;72;0.85;191.63;0.99;36;10;1000000;-1;3600;3.4;0.78;0.98;mslp;heur;0.73;0.97;-1;3600;60000;I;40;1.0;0.08;LR2_2_3;0;/dados/rmelo/PDPTW-SE/benchmark_multi_island_v5/official_experiments/multistartlp/official/set_01_pt_01/logs;0;0;0;0.0;100.0;1;41;/dados/rmelo/PDPTW-SE/benchmark_multi_island_v5/official_experiments/multistartlp/official/set_01_pt_01/logs/heur_mslp/solutions/40R_40V_04I_06M/LR2_2_3_sol_genconfig_mslp_seed_41.txt;Gurobi;AUTOMATIC;18.42;_bash_2;_seed_41;2040.95;1;2902.48;/dados/rmelo/PDPTW-SE/benchmark_multi_island_v5/official_experiments/multistartlp/official/set_01_pt_01/logs/heur_mslp/timelines/40R_40V_04I_06M/LR2_2_3_timeline_genconfig_mslp_seed_41.txt;3194.31;t2;0;5957.01;false
0.05;0.03;0.05;0.07;0.0;0.0;4;/dados/rmelo/PDPTW-SE/benchmark_multi_island_v5/official_experiments/multistartlp/official/set_01_pt_01/logs/heur_mslp/outputs/csvresults_heur_mslp_bash_2.csv;0;5;1;82;0;0.0;0.5;true;42;2;LR2_2_4_t2_40R_40V_04I_05M;/dados/rmelo/PDPTW-SE/benchmark_multi_island_v5/official_experiments/multistartlp/official/set_01_pt_01/configs/genconfig_mslp.conf;genconfig_mslp;/dados/rmelo/PDPTW-SE/benchmark_multi_island_v5/official_experiments/multistartlp/official/set_01_pt_01/logs/heur_mslp/gurobi/40R_40V_04I_05M/LR2_2_4_grb_genconfig_mslp_seed_41.log;random;40R_40V_04I_05M;1;0;1;/dados/rmelo/PDPTW-SE/benchmark_multi_island_v5/official_experiments/multistartlp/official/set_01_pt_01/../../../../instances/orig_ams_fg/40R_40V_04I_06M/t2/LR2_2_4/;38481;5629;0;5176.48;81;41;H;50;95;0;100.0;30.0;true;0.95;100.0;1.0;1.0;1.0;1.0;60;M;37300;38481;false;78;0.9;168.46;1.0;39;10;1000000;-1;3600;1.43;0.58;0.96;mslp;heur;0.19;0.88;-1;3600;60000;I;40;1.0;0.08;LR2_2_4;0;/dados/rmelo/PDPTW-SE/benchmark_multi_island_v5/official_experiments/multistartlp/official/set_01_pt_01/logs;0;0;0;0.0;96.93;1;41;/dados/rmelo/PDPTW-SE/benchmark_multi_island_v5/official_experiments/multistartlp/official/set_01_pt_01/logs/heur_mslp/solutions/40R_40V_04I_05M/LR2_2_4_sol_genconfig_mslp_seed_41.txt;Gurobi;AUTOMATIC;18.48;_bash_2;_seed_41;548.38;1;523.97;/dados/rmelo/PDPTW-SE/benchmark_multi_island_v5/official_experiments/multistartlp/official/set_01_pt_01/logs/heur_mslp/timelines/40R_40V_04I_05M/LR2_2_4_timeline_genconfig_mslp_seed_41.txt;3600.06;t2;0;4445.09;false
0.05;0.02;0.04;0.06;0.0;0.0;10;/dados/rmelo/PDPTW-SE/benchmark_multi_island_v5/official_experiments/multistartlp/official/set_01_pt_01/logs/heur_mslp/outputs/csvresults_heur_mslp_bash_2.csv;0;6;1;82;0;0.0;0.5;true;42;2;LR2_2_4_t2_40R_40V_04I_06M;/dados/rmelo/PDPTW-SE/benchmark_multi_island_v5/official_experiments/multistartlp/official/set_01_pt_01/configs/genconfig_mslp.conf;genconfig_mslp;/dados/rmelo/PDPTW-SE/benchmark_multi_island_v5/official_experiments/multistartlp/official/set_01_pt_01/logs/heur_mslp/gurobi/40R_40V_04I_06M/LR2_2_4_grb_genconfig_mslp_seed_41.log;random;40R_40V_04I_06M;1;0;1;/dados/rmelo/PDPTW-SE/benchmark_multi_island_v5/official_experiments/multistartlp/official/set_01_pt_01/../../../../instances/orig_ams_fg/40R_40V_04I_06M/t2/LR2_2_4/;36573;1533;0;5856.5;81;41;H;50;95;0;100.0;30.0;true;0.95;100.0;1.0;1.0;1.0;1.0;60;M;35462;36573;false;78;0.85;167.43;1.0;39;10;1000000;-1;3600;1.49;0.59;0.95;mslp;heur;0.3;0.88;-1;3600;60000;I;40;1.0;0.08;LR2_2_4;0;/dados/rmelo/PDPTW-SE/benchmark_multi_island_v5/official_experiments/multistartlp/official/set_01_pt_01/logs;0;0;0;0.0;96.96;1;41;/dados/rmelo/PDPTW-SE/benchmark_multi_island_v5/official_experiments/multistartlp/official/set_01_pt_01/logs/heur_mslp/solutions/40R_40V_04I_06M/LR2_2_4_sol_genconfig_mslp_seed_41.txt;Gurobi;AUTOMATIC;18.69;_bash_2;_seed_41;545.05;1;150.63;/dados/rmelo/PDPTW-SE/benchmark_multi_island_v5/official_experiments/multistartlp/official/set_01_pt_01/logs/heur_mslp/timelines/40R_40V_04I_06M/LR2_2_4_timeline_genconfig_mslp_seed_41.txt;3600.08;t2;0;4492.78;false
0.05;0.05;0.08;0.12;0.02;0.27;16;/dados/rmelo/PDPTW-SE/benchmark_multi_island_v5/official_experiments/multistartlp/official/set_01_pt_01/logs/heur_mslp/outputs/csvresults_heur_mslp_bash_2.csv;0;5;1;82;0;0.0;0.5;true;42;2;LR2_2_5_t2_40R_40V_04I_05M;/dados/rmelo/PDPTW-SE/benchmark_multi_island_v5/official_experiments/multistartlp/official/set_01_pt_01/configs/genconfig_mslp.conf;genconfig_mslp;/dados/rmelo/PDPTW-SE/benchmark_multi_island_v5/official_experiments/multistartlp/official/set_01_pt_01/logs/heur_mslp/gurobi/40R_40V_04I_05M/LR2_2_5_grb_genconfig_mslp_seed_41.log;random;40R_40V_04I_05M;1;0;1;/dados/rmelo/PDPTW-SE/benchmark_multi_island_v5/official_experiments/multistartlp/official/set_01_pt_01/../../../../instances/orig_ams_fg/40R_40V_04I_06M/t2/LR2_2_5/;60000;36130;0;12735.09;81;41;H;50;95;0;100.0;30.0;true;0.95;100.0;1.0;1.0;1.0;1.0;60;M;60000;60000;false;80;0.85;177.42;1.0;40;10;1000000;-1;3600;7.88;0.64;0.95;mslp;heur;0.22;0.78;-1;3600;60000;I;40;1.0;0.12;LR2_2_5;0;/dados/rmelo/PDPTW-SE/benchmark_multi_island_v5/official_experiments/multistartlp/official/set_01_pt_01/logs;0;0;0;0.0;100.0;1;41;/dados/rmelo/PDPTW-SE/benchmark_multi_island_v5/official_experiments/multistartlp/official/set_01_pt_01/logs/heur_mslp/solutions/40R_40V_04I_05M/LR2_2_5_sol_genconfig_mslp_seed_41.txt;Gurobi;AUTOMATIC;18.37;_bash_2;_seed_41;4729.49;1;1040.52;/dados/rmelo/PDPTW-SE/benchmark_multi_island_v5/official_experiments/multistartlp/official/set_01_pt_01/logs/heur_mslp/timelines/40R_40V_04I_05M/LR2_2_5_timeline_genconfig_mslp_seed_41.txt;1723.25;t2;0;8142.61;false
0.05;0.04;0.08;0.12;0.02;0.15;14;/dados/rmelo/PDPTW-SE/benchmark_multi_island_v5/official_experiments/multistartlp/official/set_01_pt_01/logs/heur_mslp/outputs/csvresults_heur_mslp_bash_2.csv;0;6;1;82;0;0.0;0.5;true;42;2;LR2_2_5_t2_40R_40V_04I_06M;/dados/rmelo/PDPTW-SE/benchmark_multi_island_v5/official_experiments/multistartlp/official/set_01_pt_01/configs/genconfig_mslp.conf;genconfig_mslp;/dados/rmelo/PDPTW-SE/benchmark_multi_island_v5/official_experiments/multistartlp/official/set_01_pt_01/logs/heur_mslp/gurobi/40R_40V_04I_06M/LR2_2_5_grb_genconfig_mslp_seed_41.log;random;40R_40V_04I_06M;1;0;1;/dados/rmelo/PDPTW-SE/benchmark_multi_island_v5/official_experiments/multistartlp/official/set_01_pt_01/../../../../instances/orig_ams_fg/40R_40V_04I_06M/t2/LR2_2_5/;60000;44415;0;12724.93;81;41;H;50;95;0;100.0;30.0;true;0.95;100.0;1.0;1.0;1.0;1.0;60;M;60000;60000;false;80;0.87;177.42;0.99;40;10;1000000;-1;3600;8.45;0.63;0.94;mslp;heur;0.1;0.86;-1;3600;60000;I;40;1.0;0.12;LR2_2_5;0;/dados/rmelo/PDPTW-SE/benchmark_multi_island_v5/official_experiments/multistartlp/official/set_01_pt_01/logs;0;0;0;0.0;100.0;1;41;/dados/rmelo/PDPTW-SE/benchmark_multi_island_v5/official_experiments/multistartlp/official/set_01_pt_01/logs/heur_mslp/solutions/40R_40V_04I_06M/LR2_2_5_sol_genconfig_mslp_seed_41.txt;Gurobi;AUTOMATIC;18.25;_bash_2;_seed_41;5071.36;1;1369.93;/dados/rmelo/PDPTW-SE/benchmark_multi_island_v5/official_experiments/multistartlp/official/set_01_pt_01/logs/heur_mslp/timelines/40R_40V_04I_06M/LR2_2_5_timeline_genconfig_mslp_seed_41.txt;1850.57;t2;0;8026.77;false
0.05;0.04;0.07;0.11;0.01;0.24;1;/dados/rmelo/PDPTW-SE/benchmark_multi_island_v5/official_experiments/multistartlp/official/set_01_pt_01/logs/heur_mslp/outputs/csvresults_heur_mslp_bash_2.csv;0;5;1;122;0;0.0;0.5;true;62;2;LR1_2_1_t1_60R_60V_02I_05M;/dados/rmelo/PDPTW-SE/benchmark_multi_island_v5/official_experiments/multistartlp/official/set_01_pt_01/configs/genconfig_mslp.conf;genconfig_mslp;/dados/rmelo/PDPTW-SE/benchmark_multi_island_v5/official_experiments/multistartlp/official/set_01_pt_01/logs/heur_mslp/gurobi/60R_60V_02I_05M/LR1_2_1_grb_genconfig_mslp_seed_41.log;random;60R_60V_02I_05M;1;59999;1;/dados/rmelo/PDPTW-SE/benchmark_multi_island_v5/official_experiments/multistartlp/official/set_01_pt_01/../../../../instances/orig_ams_fg/60R_60V_02I_06M/t1/LR1_2_1/;60000;1;0;13264.29;121;61;H;50;95;0;100.0;30.0;true;0.95;100.0;1.0;1.0;1.0;1.0;60;M;1;1;false;78;0.95;253.19;1.0;39;10;1000000;-1;3600;6.92;0.52;0.57;mslp;heur;0.31;0.12;-1;3600;60000;I;60;1.0;0.4;LR1_2_1;0;/dados/rmelo/PDPTW-SE/benchmark_multi_island_v5/official_experiments/multistartlp/official/set_01_pt_01/logs;0;0;0;100.0;100.0;1;41;/dados/rmelo/PDPTW-SE/benchmark_multi_island_v5/official_experiments/multistartlp/official/set_01_pt_01/logs/heur_mslp/solutions/60R_60V_02I_05M/LR1_2_1_sol_genconfig_mslp_seed_41.txt;Gurobi;AUTOMATIC;18.71;_bash_2;_seed_41;0.07;1;0.06;/dados/rmelo/PDPTW-SE/benchmark_multi_island_v5/official_experiments/multistartlp/official/set_01_pt_01/logs/heur_mslp/timelines/60R_60V_02I_05M/LR1_2_1_timeline_genconfig_mslp_seed_41.txt;181.12;t1;0;12347.0;false
0.05;0.03;0.06;0.09;0.01;0.24;1;/dados/rmelo/PDPTW-SE/benchmark_multi_island_v5/official_experiments/multistartlp/official/set_01_pt_01/logs/heur_mslp/outputs/csvresults_heur_mslp_bash_2.csv;0;6;1;122;0;0.0;0.5;true;62;2;LR1_2_1_t1_60R_60V_02I_06M;/dados/rmelo/PDPTW-SE/benchmark_multi_island_v5/official_experiments/multistartlp/official/set_01_pt_01/configs/genconfig_mslp.conf;genconfig_mslp;/dados/rmelo/PDPTW-SE/benchmark_multi_island_v5/official_experiments/multistartlp/official/set_01_pt_01/logs/heur_mslp/gurobi/60R_60V_02I_06M/LR1_2_1_grb_genconfig_mslp_seed_41.log;random;60R_60V_02I_06M;1;59999;1;/dados/rmelo/PDPTW-SE/benchmark_multi_island_v5/official_experiments/multistartlp/official/set_01_pt_01/../../../../instances/orig_ams_fg/60R_60V_02I_06M/t1/LR1_2_1/;60000;1;0;13163.62;121;61;H;50;95;0;100.0;30.0;true;0.95;100.0;1.0;1.0;1.0;1.0;60;M;1;1;false;78;0.98;253.19;1.0;39;10;1000000;-1;3600;6.69;0.52;0.58;mslp;heur;0.17;0.12;-1;3600;60000;I;60;1.0;0.4;LR1_2_1;0;/dados/rmelo/PDPTW-SE/benchmark_multi_island_v5/official_experiments/multistartlp/official/set_01_pt_01/logs;0;0;0;100.0;100.0;1;41;/dados/rmelo/PDPTW-SE/benchmark_multi_island_v5/official_experiments/multistartlp/official/set_01_pt_01/logs/heur_mslp/solutions/60R_60V_02I_06M/LR1_2_1_sol_genconfig_mslp_seed_41.txt;Gurobi;AUTOMATIC;19.06;_bash_2;_seed_41;0.07;1;0.02;/dados/rmelo/PDPTW-SE/benchmark_multi_island_v5/official_experiments/multistartlp/official/set_01_pt_01/logs/heur_mslp/timelines/60R_60V_02I_06M/LR1_2_1_timeline_genconfig_mslp_seed_41.txt;200.44;t1;0;12282.42;false
0.05;0.01;0.03;0.04;0.0;0.15;8;/dados/rmelo/PDPTW-SE/benchmark_multi_island_v5/official_experiments/multistartlp/official/set_01_pt_01/logs/heur_mslp/outputs/csvresults_heur_mslp_bash_2.csv;0;5;1;122;0;0.0;0.5;true;62;2;LR1_2_2_t1_60R_60V_02I_05M;/dados/rmelo/PDPTW-SE/benchmark_multi_island_v5/official_experiments/multistartlp/official/set_01_pt_01/configs/genconfig_mslp.conf;genconfig_mslp;/dados/rmelo/PDPTW-SE/benchmark_multi_island_v5/official_experiments/multistartlp/official/set_01_pt_01/logs/heur_mslp/gurobi/60R_60V_02I_05M/LR1_2_2_grb_genconfig_mslp_seed_41.log;random;60R_60V_02I_05M;1;58187;1;/dados/rmelo/PDPTW-SE/benchmark_multi_island_v5/official_experiments/multistartlp/official/set_01_pt_01/../../../../instances/orig_ams_fg/60R_60V_02I_06M/t1/LR1_2_2/;60000;29446;0;9437.25;121;61;H;50;95;0;100.0;30.0;true;0.95;100.0;1.0;1.0;1.0;1.0;60;M;1813;1813;false;78;0.98;183.94;1.0;39;10;1000000;-1;3600;4.44;0.75;0.71;mslp;heur;0.2;0.35;-1;3600;60000;I;60;1.0;0.27;LR1_2_2;0;/dados/rmelo/PDPTW-SE/benchmark_multi_island_v5/official_experiments/multistartlp/official/set_01_pt_01/logs;0;0;0;96.98;100.0;1;41;/dados/rmelo/PDPTW-SE/benchmark_multi_island_v5/official_experiments/multistartlp/official/set_01_pt_01/logs/heur_mslp/solutions/60R_60V_02I_05M/LR1_2_2_sol_genconfig_mslp_seed_41.txt;Gurobi;AUTOMATIC;18.73;_bash_2;_seed_41;80.52;1;246.25;/dados/rmelo/PDPTW-SE/benchmark_multi_island_v5/official_experiments/multistartlp/official/set_01_pt_01/logs/heur_mslp/timelines/60R_60V_02I_05M/LR1_2_2_timeline_genconfig_mslp_seed_41.txt;500.99;t1;0;7609.07;false
0.05;0.01;0.03;0.04;0.0;0.18;3;/dados/rmelo/PDPTW-SE/benchmark_multi_island_v5/official_experiments/multistartlp/official/set_01_pt_01/logs/heur_mslp/outputs/csvresults_heur_mslp_bash_2.csv;0;6;1;122;0;0.0;0.5;true;62;2;LR1_2_2_t1_60R_60V_02I_06M;/dados/rmelo/PDPTW-SE/benchmark_multi_island_v5/official_experiments/multistartlp/official/set_01_pt_01/configs/genconfig_mslp.conf;genconfig_mslp;/dados/rmelo/PDPTW-SE/benchmark_multi_island_v5/official_experiments/multistartlp/official/set_01_pt_01/logs/heur_mslp/gurobi/60R_60V_02I_06M/LR1_2_2_grb_genconfig_mslp_seed_41.log;random;60R_60V_02I_06M;1;57183;1;/dados/rmelo/PDPTW-SE/benchmark_multi_island_v5/official_experiments/multistartlp/official/set_01_pt_01/../../../../instances/orig_ams_fg/60R_60V_02I_06M/t1/LR1_2_2/;60000;2475;0;9072.49;121;61;H;50;95;0;100.0;30.0;true;0.95;100.0;1.0;1.0;1.0;1.0;60;M;2817;2817;false;78;1.0;183.94;0.98;39;10;1000000;-1;3600;4.37;0.78;0.82;mslp;heur;0.38;0.59;-1;3600;60000;I;60;1.0;0.25;LR1_2_2;0;/dados/rmelo/PDPTW-SE/benchmark_multi_island_v5/official_experiments/multistartlp/official/set_01_pt_01/logs;0;0;0;95.3;100.0;1;41;/dados/rmelo/PDPTW-SE/benchmark_multi_island_v5/official_experiments/multistartlp/official/set_01_pt_01/logs/heur_mslp/solutions/60R_60V_02I_06M/LR1_2_2_sol_genconfig_mslp_seed_41.txt;Gurobi;AUTOMATIC;19.07;_bash_2;_seed_41;122.97;1;23.76;/dados/rmelo/PDPTW-SE/benchmark_multi_island_v5/official_experiments/multistartlp/official/set_01_pt_01/logs/heur_mslp/timelines/60R_60V_02I_06M/LR1_2_2_timeline_genconfig_mslp_seed_41.txt;560.55;t1;0;7406.43;false
0.05;0.01;0.03;0.05;0.0;0.07;1;/dados/rmelo/PDPTW-SE/benchmark_multi_island_v5/official_experiments/multistartlp/official/set_01_pt_01/logs/heur_mslp/outputs/csvresults_heur_mslp_bash_2.csv;0;5;1;122;0;0.0;0.5;true;62;2;LR1_2_3_t1_60R_60V_02I_05M;/dados/rmelo/PDPTW-SE/benchmark_multi_island_v5/official_experiments/multistartlp/official/set_01_pt_01/configs/genconfig_mslp.conf;genconfig_mslp;/dados/rmelo/PDPTW-SE/benchmark_multi_island_v5/official_experiments/multistartlp/official/set_01_pt_01/logs/heur_mslp/gurobi/60R_60V_02I_05M/LR1_2_3_grb_genconfig_mslp_seed_41.log;random;60R_60V_02I_05M;1;59999;1;/dados/rmelo/PDPTW-SE/benchmark_multi_island_v5/official_experiments/multistartlp/official/set_01_pt_01/../../../../instances/orig_ams_fg/60R_60V_02I_06M/t1/LR1_2_3/;60000;1;0;8465.06;121;61;H;50;95;0;100.0;30.0;true;0.95;100.0;1.0;1.0;1.0;1.0;60;M;1;1;false;86;0.97;291.37;1.0;43;10;1000000;-1;3600;1.71;0.53;0.6;mslp;heur;0.1;0.21;-1;3600;60000;I;60;1.0;0.25;LR1_2_3;0;/dados/rmelo/PDPTW-SE/benchmark_multi_island_v5/official_experiments/multistartlp/official/set_01_pt_01/logs;0;0;0;100.0;100.0;1;41;/dados/rmelo/PDPTW-SE/benchmark_multi_island_v5/official_experiments/multistartlp/official/set_01_pt_01/logs/heur_mslp/solutions/60R_60V_02I_05M/LR1_2_3_sol_genconfig_mslp_seed_41.txt;Gurobi;AUTOMATIC;18.92;_bash_2;_seed_41;0.02;1;0.03;/dados/rmelo/PDPTW-SE/benchmark_multi_island_v5/official_experiments/multistartlp/official/set_01_pt_01/logs/heur_mslp/timelines/60R_60V_02I_05M/LR1_2_3_timeline_genconfig_mslp_seed_41.txt;248.03;t1;0;8320.23;false
0.05;0.01;0.03;0.04;0.0;0.05;1;/dados/rmelo/PDPTW-SE/benchmark_multi_island_v5/official_experiments/multistartlp/official/set_01_pt_01/logs/heur_mslp/outputs/csvresults_heur_mslp_bash_2.csv;0;6;1;122;0;0.0;0.5;true;62;2;LR1_2_3_t1_60R_60V_02I_06M;/dados/rmelo/PDPTW-SE/benchmark_multi_island_v5/official_experiments/multistartlp/official/set_01_pt_01/configs/genconfig_mslp.conf;genconfig_mslp;/dados/rmelo/PDPTW-SE/benchmark_multi_island_v5/official_experiments/multistartlp/official/set_01_pt_01/logs/heur_mslp/gurobi/60R_60V_02I_06M/LR1_2_3_grb_genconfig_mslp_seed_41.log;random;60R_60V_02I_06M;1;59998;1;/dados/rmelo/PDPTW-SE/benchmark_multi_island_v5/official_experiments/multistartlp/official/set_01_pt_01/../../../../instances/orig_ams_fg/60R_60V_02I_06M/t1/LR1_2_3/;60000;1;0;9355.34;121;61;H;50;95;0;100.0;30.0;true;0.95;100.0;1.0;1.0;1.0;1.0;60;M;2;2;false;86;0.97;291.37;0.98;43;10;1000000;-1;3600;2.31;0.52;0.57;mslp;heur;0.1;0.21;-1;3600;60000;I;60;1.0;0.27;LR1_2_3;0;/dados/rmelo/PDPTW-SE/benchmark_multi_island_v5/official_experiments/multistartlp/official/set_01_pt_01/logs;0;0;0;100.0;100.0;1;41;/dados/rmelo/PDPTW-SE/benchmark_multi_island_v5/official_experiments/multistartlp/official/set_01_pt_01/logs/heur_mslp/solutions/60R_60V_02I_06M/LR1_2_3_sol_genconfig_mslp_seed_41.txt;Gurobi;AUTOMATIC;18.99;_bash_2;_seed_41;0.05;1;0.03;/dados/rmelo/PDPTW-SE/benchmark_multi_island_v5/official_experiments/multistartlp/official/set_01_pt_01/logs/heur_mslp/timelines/60R_60V_02I_06M/LR1_2_3_timeline_genconfig_mslp_seed_41.txt;281.12;t1;0;8725.41;false
0.05;0.01;0.04;0.06;0.0;0.01;6;/dados/rmelo/PDPTW-SE/benchmark_multi_island_v5/official_experiments/multistartlp/official/set_01_pt_01/logs/heur_mslp/outputs/csvresults_heur_mslp_bash_2.csv;0;5;1;122;0;0.0;0.5;true;62;2;LR1_2_4_t1_60R_60V_02I_05M;/dados/rmelo/PDPTW-SE/benchmark_multi_island_v5/official_experiments/multistartlp/official/set_01_pt_01/configs/genconfig_mslp.conf;genconfig_mslp;/dados/rmelo/PDPTW-SE/benchmark_multi_island_v5/official_experiments/multistartlp/official/set_01_pt_01/logs/heur_mslp/gurobi/60R_60V_02I_05M/LR1_2_4_grb_genconfig_mslp_seed_41.log;random;60R_60V_02I_05M;1;54181;1;/dados/rmelo/PDPTW-SE/benchmark_multi_island_v5/official_experiments/multistartlp/official/set_01_pt_01/../../../../instances/orig_ams_fg/60R_60V_02I_06M/t1/LR1_2_4/;60000;9423;0;6839.28;121;61;H;50;95;0;100.0;30.0;true;0.95;100.0;1.0;1.0;1.0;1.0;60;M;5819;5819;false;86;0.98;248.55;0.93;43;10;1000000;-1;3600;1.92;0.78;0.67;mslp;heur;0.48;0.33;-1;3600;60000;I;60;1.0;0.18;LR1_2_4;0;/dados/rmelo/PDPTW-SE/benchmark_multi_island_v5/official_experiments/multistartlp/official/set_01_pt_01/logs;0;0;0;90.3;100.0;1;41;/dados/rmelo/PDPTW-SE/benchmark_multi_island_v5/official_experiments/multistartlp/official/set_01_pt_01/logs/heur_mslp/solutions/60R_60V_02I_05M/LR1_2_4_sol_genconfig_mslp_seed_41.txt;Gurobi;AUTOMATIC;18.71;_bash_2;_seed_41;111.49;1;188.44;/dados/rmelo/PDPTW-SE/benchmark_multi_island_v5/official_experiments/multistartlp/official/set_01_pt_01/logs/heur_mslp/timelines/60R_60V_02I_05M/LR1_2_4_timeline_genconfig_mslp_seed_41.txt;1197.66;t1;0;5471.49;false
0.05;0.01;0.04;0.05;0.0;0.02;3;/dados/rmelo/PDPTW-SE/benchmark_multi_island_v5/official_experiments/multistartlp/official/set_01_pt_01/logs/heur_mslp/outputs/csvresults_heur_mslp_bash_2.csv;0;6;1;122;0;0.0;0.5;true;62;2;LR1_2_4_t1_60R_60V_02I_06M;/dados/rmelo/PDPTW-SE/benchmark_multi_island_v5/official_experiments/multistartlp/official/set_01_pt_01/configs/genconfig_mslp.conf;genconfig_mslp;/dados/rmelo/PDPTW-SE/benchmark_multi_island_v5/official_experiments/multistartlp/official/set_01_pt_01/logs/heur_mslp/gurobi/60R_60V_02I_06M/LR1_2_4_grb_genconfig_mslp_seed_41.log;random;60R_60V_02I_06M;1;53468;1;/dados/rmelo/PDPTW-SE/benchmark_multi_island_v5/official_experiments/multistartlp/official/set_01_pt_01/../../../../instances/orig_ams_fg/60R_60V_02I_06M/t1/LR1_2_4/;60000;315;0;6667.08;121;61;H;50;95;0;100.0;30.0;true;0.95;100.0;1.0;1.0;1.0;1.0;60;M;6532;6532;false;86;0.99;248.55;0.95;43;10;1000000;-1;3600;1.77;0.87;0.7;mslp;heur;0.66;0.4;-1;3600;60000;I;60;0.83;0.17;LR1_2_4;0;/dados/rmelo/PDPTW-SE/benchmark_multi_island_v5/official_experiments/multistartlp/official/set_01_pt_01/logs;0;0;0;89.11;100.0;1;41;/dados/rmelo/PDPTW-SE/benchmark_multi_island_v5/official_experiments/multistartlp/official/set_01_pt_01/logs/heur_mslp/solutions/60R_60V_02I_06M/LR1_2_4_sol_genconfig_mslp_seed_41.txt;Gurobi;AUTOMATIC;18.51;_bash_2;_seed_41;115.33;1;7.51;/dados/rmelo/PDPTW-SE/benchmark_multi_island_v5/official_experiments/multistartlp/official/set_01_pt_01/logs/heur_mslp/timelines/60R_60V_02I_06M/LR1_2_4_timeline_genconfig_mslp_seed_41.txt;1296.07;t1;0;5484.74;false
0.05;0.03;0.06;0.09;0.0;0.15;6;/dados/rmelo/PDPTW-SE/benchmark_multi_island_v5/official_experiments/multistartlp/official/set_01_pt_01/logs/heur_mslp/outputs/csvresults_heur_mslp_bash_2.csv;0;5;1;122;0;0.0;0.5;true;62;2;LR1_2_5_t1_60R_60V_02I_05M;/dados/rmelo/PDPTW-SE/benchmark_multi_island_v5/official_experiments/multistartlp/official/set_01_pt_01/configs/genconfig_mslp.conf;genconfig_mslp;/dados/rmelo/PDPTW-SE/benchmark_multi_island_v5/official_experiments/multistartlp/official/set_01_pt_01/logs/heur_mslp/gurobi/60R_60V_02I_05M/LR1_2_5_grb_genconfig_mslp_seed_41.log;random;60R_60V_02I_05M;1;51432;1;/dados/rmelo/PDPTW-SE/benchmark_multi_island_v5/official_experiments/multistartlp/official/set_01_pt_01/../../../../instances/orig_ams_fg/60R_60V_02I_06M/t1/LR1_2_5/;60000;11396;0;9436.03;121;61;H;50;95;0;100.0;30.0;true;0.95;100.0;1.0;1.0;1.0;1.0;60;M;8568;8568;false;86;0.96;182.8;1.0;43;10;1000000;-1;3600;5.82;0.74;0.7;mslp;heur;0.31;0.14;-1;3600;60000;I;60;1.0;0.27;LR1_2_5;0;/dados/rmelo/PDPTW-SE/benchmark_multi_island_v5/official_experiments/multistartlp/official/set_01_pt_01/logs;0;0;0;85.72;100.0;1;41;/dados/rmelo/PDPTW-SE/benchmark_multi_island_v5/official_experiments/multistartlp/official/set_01_pt_01/logs/heur_mslp/solutions/60R_60V_02I_05M/LR1_2_5_sol_genconfig_mslp_seed_41.txt;Gurobi;AUTOMATIC;18.84;_bash_2;_seed_41;498.42;1;151.98;/dados/rmelo/PDPTW-SE/benchmark_multi_island_v5/official_experiments/multistartlp/official/set_01_pt_01/logs/heur_mslp/timelines/60R_60V_02I_05M/LR1_2_5_timeline_genconfig_mslp_seed_41.txt;797.46;t1;0;7498.41;false
0.05;0.02;0.05;0.06;0.0;0.17;5;/dados/rmelo/PDPTW-SE/benchmark_multi_island_v5/official_experiments/multistartlp/official/set_01_pt_01/logs/heur_mslp/outputs/csvresults_heur_mslp_bash_2.csv;0;6;1;122;0;0.0;0.5;true;62;2;LR1_2_5_t1_60R_60V_02I_06M;/dados/rmelo/PDPTW-SE/benchmark_multi_island_v5/official_experiments/multistartlp/official/set_01_pt_01/configs/genconfig_mslp.conf;genconfig_mslp;/dados/rmelo/PDPTW-SE/benchmark_multi_island_v5/official_experiments/multistartlp/official/set_01_pt_01/logs/heur_mslp/gurobi/60R_60V_02I_06M/LR1_2_5_grb_genconfig_mslp_seed_41.log;random;60R_60V_02I_06M;1;39762;1;/dados/rmelo/PDPTW-SE/benchmark_multi_island_v5/official_experiments/multistartlp/official/set_01_pt_01/../../../../instances/orig_ams_fg/60R_60V_02I_06M/t1/LR1_2_5/;60000;3168;0;9087.18;121;61;H;50;95;0;100.0;30.0;true;0.95;100.0;1.0;1.0;1.0;1.0;60;M;20238;20238;false;86;0.96;182.8;0.94;43;10;1000000;-1;3600;5.69;0.72;0.68;mslp;heur;0.25;0.31;-1;3600;60000;I;60;1.0;0.27;LR1_2_5;0;/dados/rmelo/PDPTW-SE/benchmark_multi_island_v5/official_experiments/multistartlp/official/set_01_pt_01/logs;0;0;0;66.27;100.0;1;41;/dados/rmelo/PDPTW-SE/benchmark_multi_island_v5/official_experiments/multistartlp/official/set_01_pt_01/logs/heur_mslp/solutions/60R_60V_02I_06M/LR1_2_5_sol_genconfig_mslp_seed_41.txt;Gurobi;AUTOMATIC;18.75;_bash_2;_seed_41;1150.61;1;56.4;/dados/rmelo/PDPTW-SE/benchmark_multi_island_v5/official_experiments/multistartlp/official/set_01_pt_01/logs/heur_mslp/timelines/60R_60V_02I_06M/LR1_2_5_timeline_genconfig_mslp_seed_41.txt;1061.26;t1;0;7333.32;false
0.05;0.01;0.02;0.03;0.04;0.23;11;/dados/rmelo/PDPTW-SE/benchmark_multi_island_v5/official_experiments/multistartlp/official/set_01_pt_01/logs/heur_mslp/outputs/csvresults_heur_mslp_bash_2.csv;0;5;1;122;0;0.0;0.5;true;62;2;LR2_2_1_t2_60R_60V_02I_05M;/dados/rmelo/PDPTW-SE/benchmark_multi_island_v5/official_experiments/multistartlp/official/set_01_pt_01/configs/genconfig_mslp.conf;genconfig_mslp;/dados/rmelo/PDPTW-SE/benchmark_multi_island_v5/official_experiments/multistartlp/official/set_01_pt_01/logs/heur_mslp/gurobi/60R_60V_02I_05M/LR2_2_1_grb_genconfig_mslp_seed_41.log;random;60R_60V_02I_05M;1;0;1;/dados/rmelo/PDPTW-SE/benchmark_multi_island_v5/official_experiments/multistartlp/official/set_01_pt_01/../../../../instances/orig_ams_fg/60R_60V_02I_06M/t2/LR2_2_1/;60000;50756;0;16459.4;121;61;H;50;95;0;100.0;30.0;true;0.95;100.0;1.0;1.0;1.0;1.0;60;M;60000;60000;false;80;0.93;213.58;1.0;40;10;1000000;-1;3600;5.48;0.68;0.97;mslp;heur;0.28;0.91;-1;3600;60000;I;60;1.0;0.12;LR2_2_1;0;/dados/rmelo/PDPTW-SE/benchmark_multi_island_v5/official_experiments/multistartlp/official/set_01_pt_01/logs;0;0;0;0.0;100.0;1;41;/dados/rmelo/PDPTW-SE/benchmark_multi_island_v5/official_experiments/multistartlp/official/set_01_pt_01/logs/heur_mslp/solutions/60R_60V_02I_05M/LR2_2_1_sol_genconfig_mslp_seed_41.txt;Gurobi;AUTOMATIC;19.05;_bash_2;_seed_41;3286.54;1;1908.41;/dados/rmelo/PDPTW-SE/benchmark_multi_island_v5/official_experiments/multistartlp/official/set_01_pt_01/logs/heur_mslp/timelines/60R_60V_02I_05M/LR2_2_1_timeline_genconfig_mslp_seed_41.txt;2252.77;t2;0;12106.75;false
0.05;0.01;0.02;0.03;0.04;0.23;10;/dados/rmelo/PDPTW-SE/benchmark_multi_island_v5/official_experiments/multistartlp/official/set_01_pt_01/logs/heur_mslp/outputs/csvresults_heur_mslp_bash_2.csv;0;6;1;122;0;0.0;0.5;true;62;2;LR2_2_1_t2_60R_60V_02I_06M;/dados/rmelo/PDPTW-SE/benchmark_multi_island_v5/official_experiments/multistartlp/official/set_01_pt_01/configs/genconfig_mslp.conf;genconfig_mslp;/dados/rmelo/PDPTW-SE/benchmark_multi_island_v5/official_experiments/multistartlp/official/set_01_pt_01/logs/heur_mslp/gurobi/60R_60V_02I_06M/LR2_2_1_grb_genconfig_mslp_seed_41.log;random;60R_60V_02I_06M;1;0;1;/dados/rmelo/PDPTW-SE/benchmark_multi_island_v5/official_experiments/multistartlp/official/set_01_pt_01/../../../../instances/orig_ams_fg/60R_60V_02I_06M/t2/LR2_2_1/;60000;50756;0;16459.4;121;61;H;50;95;0;100.0;30.0;true;0.95;100.0;1.0;1.0;1.0;1.0;60;M;60000;60000;false;80;0.93;213.58;1.0;40;10;1000000;-1;3600;5.78;0.68;0.97;mslp;heur;0.28;0.91;-1;3600;60000;I;60;0.83;0.12;LR2_2_1;0;/dados/rmelo/PDPTW-SE/benchmark_multi_island_v5/official_experiments/multistartlp/official/set_01_pt_01/logs;0;0;0;0.0;100.0;1;41;/dados/rmelo/PDPTW-SE/benchmark_multi_island_v5/official_experiments/multistartlp/official/set_01_pt_01/logs/heur_mslp/solutions/60R_60V_02I_06M/LR2_2_1_sol_genconfig_mslp_seed_41.txt;Gurobi;AUTOMATIC;18.87;_bash_2;_seed_41;3467.03;1;2058.34;/dados/rmelo/PDPTW-SE/benchmark_multi_island_v5/official_experiments/multistartlp/official/set_01_pt_01/logs/heur_mslp/timelines/60R_60V_02I_06M/LR2_2_1_timeline_genconfig_mslp_seed_41.txt;2429.9;t2;0;12106.51;false
0.05;0.0;0.01;0.02;0.0;0.11;10;/dados/rmelo/PDPTW-SE/benchmark_multi_island_v5/official_experiments/multistartlp/official/set_01_pt_01/logs/heur_mslp/outputs/csvresults_heur_mslp_bash_2.csv;0;5;1;122;0;0.0;0.5;true;62;2;LR2_2_2_t2_60R_60V_02I_05M;/dados/rmelo/PDPTW-SE/benchmark_multi_island_v5/official_experiments/multistartlp/official/set_01_pt_01/configs/genconfig_mslp.conf;genconfig_mslp;/dados/rmelo/PDPTW-SE/benchmark_multi_island_v5/official_experiments/multistartlp/official/set_01_pt_01/logs/heur_mslp/gurobi/60R_60V_02I_05M/LR2_2_2_grb_genconfig_mslp_seed_41.log;random;60R_60V_02I_05M;1;0;1;/dados/rmelo/PDPTW-SE/benchmark_multi_island_v5/official_experiments/multistartlp/official/set_01_pt_01/../../../../instances/orig_ams_fg/60R_60V_02I_06M/t2/LR2_2_2/;60000;14366;0;11921.61;121;61;H;50;95;0;100.0;30.0;true;0.95;100.0;1.0;1.0;1.0;1.0;60;M;60000;60000;false;80;0.82;227.65;0.99;40;10;1000000;-1;3600;4.41;0.63;0.83;mslp;heur;0.15;0.25;-1;3600;60000;I;60;1.0;0.1;LR2_2_2;0;/dados/rmelo/PDPTW-SE/benchmark_multi_island_v5/official_experiments/multistartlp/official/set_01_pt_01/logs;0;0;0;0.0;100.0;1;41;/dados/rmelo/PDPTW-SE/benchmark_multi_island_v5/official_experiments/multistartlp/official/set_01_pt_01/logs/heur_mslp/solutions/60R_60V_02I_05M/LR2_2_2_sol_genconfig_mslp_seed_41.txt;Gurobi;AUTOMATIC;18.7;_bash_2;_seed_41;2647.73;1;730.87;/dados/rmelo/PDPTW-SE/benchmark_multi_island_v5/official_experiments/multistartlp/official/set_01_pt_01/logs/heur_mslp/timelines/60R_60V_02I_05M/LR2_2_2_timeline_genconfig_mslp_seed_41.txt;3041.68;t2;0;9553.37;false
0.05;0.0;0.01;0.02;0.04;0.11;7;/dados/rmelo/PDPTW-SE/benchmark_multi_island_v5/official_experiments/multistartlp/official/set_01_pt_01/logs/heur_mslp/outputs/csvresults_heur_mslp_bash_2.csv;0;6;1;122;0;0.0;0.5;true;62;2;LR2_2_2_t2_60R_60V_02I_06M;/dados/rmelo/PDPTW-SE/benchmark_multi_island_v5/official_experiments/multistartlp/official/set_01_pt_01/configs/genconfig_mslp.conf;genconfig_mslp;/dados/rmelo/PDPTW-SE/benchmark_multi_island_v5/official_experiments/multistartlp/official/set_01_pt_01/logs/heur_mslp/gurobi/60R_60V_02I_06M/LR2_2_2_grb_genconfig_mslp_seed_41.log;random;60R_60V_02I_06M;1;0;1;/dados/rmelo/PDPTW-SE/benchmark_multi_island_v5/official_experiments/multistartlp/official/set_01_pt_01/../../../../instances/orig_ams_fg/60R_60V_02I_06M/t2/LR2_2_2/;60000;48703;0;13120.85;121;61;H;50;95;0;100.0;30.0;true;0.95;100.0;1.0;1.0;1.0;1.0;60;M;60000;60000;false;80;0.81;214.89;0.99;40;10;1000000;-1;3600;4.62;0.75;0.96;mslp;heur;0.62;0.9;-1;3600;60000;I;60;0.67;0.08;LR2_2_2;0;/dados/rmelo/PDPTW-SE/benchmark_multi_island_v5/official_experiments/multistartlp/official/set_01_pt_01/logs;0;0;0;0.0;100.0;1;41;/dados/rmelo/PDPTW-SE/benchmark_multi_island_v5/official_experiments/multistartlp/official/set_01_pt_01/logs/heur_mslp/solutions/60R_60V_02I_06M/LR2_2_2_sol_genconfig_mslp_seed_41.txt;Gurobi;AUTOMATIC;18.65;_bash_2;_seed_41;2773.31;1;2684.21;/dados/rmelo/PDPTW-SE/benchmark_multi_island_v5/official_experiments/multistartlp/official/set_01_pt_01/logs/heur_mslp/timelines/60R_60V_02I_06M/LR2_2_2_timeline_genconfig_mslp_seed_41.txt;3301.76;t2;0;9468.03;false
0.05;0.01;0.02;0.02;0.0;0.02;7;/dados/rmelo/PDPTW-SE/benchmark_multi_island_v5/official_experiments/multistartlp/official/set_01_pt_01/logs/heur_mslp/outputs/csvresults_heur_mslp_bash_2.csv;0;5;1;122;0;0.0;0.5;true;62;2;LR2_2_3_t2_60R_60V_02I_05M;/dados/rmelo/PDPTW-SE/benchmark_multi_island_v5/official_experiments/multistartlp/official/set_01_pt_01/configs/genconfig_mslp.conf;genconfig_mslp;/dados/rmelo/PDPTW-SE/benchmark_multi_island_v5/official_experiments/multistartlp/official/set_01_pt_01/logs/heur_mslp/gurobi/60R_60V_02I_05M/LR2_2_3_grb_genconfig_mslp_seed_41.log;random;60R_60V_02I_05M;1;0;1;/dados/rmelo/PDPTW-SE/benchmark_multi_island_v5/official_experiments/multistartlp/official/set_01_pt_01/../../../../instances/orig_ams_fg/60R_60V_02I_06M/t2/LR2_2_3/;52973;20878;0;13017.37;121;61;H;50;95;0;100.0;30.0;true;0.95;100.0;1.0;1.0;1.0;1.0;60;M;52973;52973;false;78;0.87;235.46;1.0;39;10;1000000;-1;3600;3.73;0.6;0.9;mslp;heur;0.08;0.67;-1;3600;60000;I;60;1.0;0.1;LR2_2_3;0;/dados/rmelo/PDPTW-SE/benchmark_multi_island_v5/official_experiments/multistartlp/official/set_01_pt_01/logs;0;0;0;0.0;100.0;1;41;/dados/rmelo/PDPTW-SE/benchmark_multi_island_v5/official_experiments/multistartlp/official/set_01_pt_01/logs/heur_mslp/solutions/60R_60V_02I_05M/LR2_2_3_sol_genconfig_mslp_seed_41.txt;Gurobi;AUTOMATIC;18.85;_bash_2;_seed_41;1976.2;1;1422.49;/dados/rmelo/PDPTW-SE/benchmark_multi_island_v5/official_experiments/multistartlp/official/set_01_pt_01/logs/heur_mslp/timelines/60R_60V_02I_05M/LR2_2_3_timeline_genconfig_mslp_seed_41.txt;3600.08;t2;0;9161.55;false
0.05;0.0;0.02;0.02;0.01;0.07;7;/dados/rmelo/PDPTW-SE/benchmark_multi_island_v5/official_experiments/multistartlp/official/set_01_pt_01/logs/heur_mslp/outputs/csvresults_heur_mslp_bash_2.csv;0;6;1;122;0;0.0;0.5;true;62;2;LR2_2_3_t2_60R_60V_02I_06M;/dados/rmelo/PDPTW-SE/benchmark_multi_island_v5/official_experiments/multistartlp/official/set_01_pt_01/configs/genconfig_mslp.conf;genconfig_mslp;/dados/rmelo/PDPTW-SE/benchmark_multi_island_v5/official_experiments/multistartlp/official/set_01_pt_01/logs/heur_mslp/gurobi/60R_60V_02I_06M/LR2_2_3_grb_genconfig_mslp_seed_41.log;random;60R_60V_02I_06M;1;0;1;/dados/rmelo/PDPTW-SE/benchmark_multi_island_v5/official_experiments/multistartlp/official/set_01_pt_01/../../../../instances/orig_ams_fg/60R_60V_02I_06M/t2/LR2_2_3/;50006;28552;0;12427.5;121;61;H;50;95;0;100.0;30.0;true;0.95;100.0;1.0;1.0;1.0;1.0;60;M;50006;50006;false;78;0.86;235.46;1.0;39;10;1000000;-1;3600;3.74;0.7;0.95;mslp;heur;0.17;0.8;-1;3600;60000;I;60;0.83;0.08;LR2_2_3;0;/dados/rmelo/PDPTW-SE/benchmark_multi_island_v5/official_experiments/multistartlp/official/set_01_pt_01/logs;0;0;0;0.0;100.0;1;41;/dados/rmelo/PDPTW-SE/benchmark_multi_island_v5/official_experiments/multistartlp/official/set_01_pt_01/logs/heur_mslp/solutions/60R_60V_02I_06M/LR2_2_3_sol_genconfig_mslp_seed_41.txt;Gurobi;AUTOMATIC;18.54;_bash_2;_seed_41;1868.2;1;2057.17;/dados/rmelo/PDPTW-SE/benchmark_multi_island_v5/official_experiments/multistartlp/official/set_01_pt_01/logs/heur_mslp/timelines/60R_60V_02I_06M/LR2_2_3_timeline_genconfig_mslp_seed_41.txt;3600.0;t2;0;8836.35;false
0.05;0.01;0.02;0.03;0.0;0.0;7;/dados/rmelo/PDPTW-SE/benchmark_multi_island_v5/official_experiments/multistartlp/official/set_01_pt_01/logs/heur_mslp/outputs/csvresults_heur_mslp_bash_2.csv;0;5;1;122;0;0.0;0.5;true;62;2;LR2_2_4_t2_60R_60V_02I_05M;/dados/rmelo/PDPTW-SE/benchmark_multi_island_v5/official_experiments/multistartlp/official/set_01_pt_01/configs/genconfig_mslp.conf;genconfig_mslp;/dados/rmelo/PDPTW-SE/benchmark_multi_island_v5/official_experiments/multistartlp/official/set_01_pt_01/logs/heur_mslp/gurobi/60R_60V_02I_05M/LR2_2_4_grb_genconfig_mslp_seed_41.log;random;60R_60V_02I_05M;1;0;1;/dados/rmelo/PDPTW-SE/benchmark_multi_island_v5/official_experiments/multistartlp/official/set_01_pt_01/../../../../instances/orig_ams_fg/60R_60V_02I_06M/t2/LR2_2_4/;37703;1050;0;8945.7;121;61;H;50;95;0;100.0;30.0;true;0.95;100.0;1.0;1.0;1.0;1.0;60;M;37649;37703;false;78;0.91;272.38;0.99;39;10;1000000;-1;3600;1.93;0.65;0.94;mslp;heur;0.26;0.82;-1;3600;60000;I;60;0.6;0.07;LR2_2_4;0;/dados/rmelo/PDPTW-SE/benchmark_multi_island_v5/official_experiments/multistartlp/official/set_01_pt_01/logs;0;0;0;0.0;99.86;1;41;/dados/rmelo/PDPTW-SE/benchmark_multi_island_v5/official_experiments/multistartlp/official/set_01_pt_01/logs/heur_mslp/solutions/60R_60V_02I_05M/LR2_2_4_sol_genconfig_mslp_seed_41.txt;Gurobi;AUTOMATIC;18.65;_bash_2;_seed_41;727.95;1;100.73;/dados/rmelo/PDPTW-SE/benchmark_multi_island_v5/official_experiments/multistartlp/official/set_01_pt_01/logs/heur_mslp/timelines/60R_60V_02I_05M/LR2_2_4_timeline_genconfig_mslp_seed_41.txt;3600.08;t2;0;6541.03;false
0.05;0.01;0.02;0.03;0.0;0.0;7;/dados/rmelo/PDPTW-SE/benchmark_multi_island_v5/official_experiments/multistartlp/official/set_01_pt_01/logs/heur_mslp/outputs/csvresults_heur_mslp_bash_2.csv;0;6;1;122;0;0.0;0.5;true;62;2;LR2_2_4_t2_60R_60V_02I_06M;/dados/rmelo/PDPTW-SE/benchmark_multi_island_v5/official_experiments/multistartlp/official/set_01_pt_01/configs/genconfig_mslp.conf;genconfig_mslp;/dados/rmelo/PDPTW-SE/benchmark_multi_island_v5/official_experiments/multistartlp/official/set_01_pt_01/logs/heur_mslp/gurobi/60R_60V_02I_06M/LR2_2_4_grb_genconfig_mslp_seed_41.log;random;60R_60V_02I_06M;1;0;1;/dados/rmelo/PDPTW-SE/benchmark_multi_island_v5/official_experiments/multistartlp/official/set_01_pt_01/../../../../instances/orig_ams_fg/60R_60V_02I_06M/t2/LR2_2_4/;35689;1050;0;9952.63;121;61;H;50;95;0;100.0;30.0;true;0.95;100.0;1.0;1.0;1.0;1.0;60;M;35637;35689;false;78;0.91;272.38;0.99;39;10;1000000;-1;3600;1.93;0.65;0.94;mslp;heur;0.26;0.82;-1;3600;60000;I;60;0.5;0.07;LR2_2_4;0;/dados/rmelo/PDPTW-SE/benchmark_multi_island_v5/official_experiments/multistartlp/official/set_01_pt_01/logs;0;0;0;0.0;99.85;1;41;/dados/rmelo/PDPTW-SE/benchmark_multi_island_v5/official_experiments/multistartlp/official/set_01_pt_01/logs/heur_mslp/solutions/60R_60V_02I_06M/LR2_2_4_sol_genconfig_mslp_seed_41.txt;Gurobi;AUTOMATIC;18.76;_bash_2;_seed_41;688.53;1;106.17;/dados/rmelo/PDPTW-SE/benchmark_multi_island_v5/official_experiments/multistartlp/official/set_01_pt_01/logs/heur_mslp/timelines/60R_60V_02I_06M/LR2_2_4_timeline_genconfig_mslp_seed_41.txt;3600.06;t2;0;6541.03;false
0.05;0.02;0.04;0.05;0.01;0.21;9;/dados/rmelo/PDPTW-SE/benchmark_multi_island_v5/official_experiments/multistartlp/official/set_01_pt_01/logs/heur_mslp/outputs/csvresults_heur_mslp_bash_2.csv;0;5;1;122;0;0.0;0.5;true;62;2;LR2_2_5_t2_60R_60V_02I_05M;/dados/rmelo/PDPTW-SE/benchmark_multi_island_v5/official_experiments/multistartlp/official/set_01_pt_01/configs/genconfig_mslp.conf;genconfig_mslp;/dados/rmelo/PDPTW-SE/benchmark_multi_island_v5/official_experiments/multistartlp/official/set_01_pt_01/logs/heur_mslp/gurobi/60R_60V_02I_05M/LR2_2_5_grb_genconfig_mslp_seed_41.log;random;60R_60V_02I_05M;1;0;1;/dados/rmelo/PDPTW-SE/benchmark_multi_island_v5/official_experiments/multistartlp/official/set_01_pt_01/../../../../instances/orig_ams_fg/60R_60V_02I_06M/t2/LR2_2_5/;60000;50070;0;15025.86;121;61;H;50;95;0;100.0;30.0;true;0.95;100.0;1.0;1.0;1.0;1.0;60;M;60000;60000;false;80;0.9;180.52;1.0;40;10;1000000;-1;3600;8.23;0.69;0.97;mslp;heur;0.44;0.91;-1;3600;60000;I;60;0.6;0.12;LR2_2_5;0;/dados/rmelo/PDPTW-SE/benchmark_multi_island_v5/official_experiments/multistartlp/official/set_01_pt_01/logs;0;0;0;0.0;100.0;1;41;/dados/rmelo/PDPTW-SE/benchmark_multi_island_v5/official_experiments/multistartlp/official/set_01_pt_01/logs/heur_mslp/solutions/60R_60V_02I_05M/LR2_2_5_sol_genconfig_mslp_seed_41.txt;Gurobi;AUTOMATIC;18.57;_bash_2;_seed_41;4938.61;1;2282.93;/dados/rmelo/PDPTW-SE/benchmark_multi_island_v5/official_experiments/multistartlp/official/set_01_pt_01/logs/heur_mslp/timelines/60R_60V_02I_05M/LR2_2_5_timeline_genconfig_mslp_seed_41.txt;2731.25;t2;0;12215.95;false
0.05;0.02;0.04;0.05;0.01;0.21;9;/dados/rmelo/PDPTW-SE/benchmark_multi_island_v5/official_experiments/multistartlp/official/set_01_pt_01/logs/heur_mslp/outputs/csvresults_heur_mslp_bash_2.csv;0;6;1;122;0;0.0;0.5;true;62;2;LR2_2_5_t2_60R_60V_02I_06M;/dados/rmelo/PDPTW-SE/benchmark_multi_island_v5/official_experiments/multistartlp/official/set_01_pt_01/configs/genconfig_mslp.conf;genconfig_mslp;/dados/rmelo/PDPTW-SE/benchmark_multi_island_v5/official_experiments/multistartlp/official/set_01_pt_01/logs/heur_mslp/gurobi/60R_60V_02I_06M/LR2_2_5_grb_genconfig_mslp_seed_41.log;random;60R_60V_02I_06M;1;0;1;/dados/rmelo/PDPTW-SE/benchmark_multi_island_v5/official_experiments/multistartlp/official/set_01_pt_01/../../../../instances/orig_ams_fg/60R_60V_02I_06M/t2/LR2_2_5/;60000;50070;0;15025.86;121;61;H;50;95;0;100.0;30.0;true;0.95;100.0;1.0;1.0;1.0;1.0;60;M;60000;60000;false;80;0.9;180.52;1.0;40;10;1000000;-1;3600;8.23;0.69;0.97;mslp;heur;0.44;0.91;-1;3600;60000;I;60;0.5;0.12;LR2_2_5;0;/dados/rmelo/PDPTW-SE/benchmark_multi_island_v5/official_experiments/multistartlp/official/set_01_pt_01/logs;0;0;0;0.0;100.0;1;41;/dados/rmelo/PDPTW-SE/benchmark_multi_island_v5/official_experiments/multistartlp/official/set_01_pt_01/logs/heur_mslp/solutions/60R_60V_02I_06M/LR2_2_5_sol_genconfig_mslp_seed_41.txt;Gurobi;AUTOMATIC;18.87;_bash_2;_seed_41;4938.67;1;2379.07;/dados/rmelo/PDPTW-SE/benchmark_multi_island_v5/official_experiments/multistartlp/official/set_01_pt_01/logs/heur_mslp/timelines/60R_60V_02I_06M/LR2_2_5_timeline_genconfig_mslp_seed_41.txt;2847.52;t2;0;12215.95;false
0.05;0.01;0.04;0.05;0.0;0.55;0;/dados/rmelo/PDPTW-SE/benchmark_multi_island_v5/official_experiments/multistartlp/official/set_01_pt_01/logs/heur_mslp/outputs/csvresults_heur_mslp_bash_2.csv;0;5;1;122;0;0.0;0.5;false;62;2;LR1_2_1_t1_60R_60V_04I_05M;/dados/rmelo/PDPTW-SE/benchmark_multi_island_v5/official_experiments/multistartlp/official/set_01_pt_01/configs/genconfig_mslp.conf;genconfig_mslp;/dados/rmelo/PDPTW-SE/benchmark_multi_island_v5/official_experiments/multistartlp/official/set_01_pt_01/logs/heur_mslp/gurobi/60R_60V_04I_05M/LR1_2_1_grb_genconfig_mslp_seed_41.log;random;60R_60V_04I_05M;1;60000;1;/dados/rmelo/PDPTW-SE/benchmark_multi_island_v5/official_experiments/multistartlp/official/set_01_pt_01/../../../../instances/orig_ams_fg/60R_60V_04I_06M/t1/LR1_2_1/;60000;0;0;0.0;121;61;H;50;95;0;100.0;30.0;true;0.95;100.0;1.0;1.0;1.0;1.0;60;M;0;0;false;78;0.9;183.92;0.6;39;10;1000000;-1;3600;0.0;0.5;0.39;mslp;heur;0.29;0.18;-1;3600;60000;I;60;0.8;0.08;LR1_2_1;0;/dados/rmelo/PDPTW-SE/benchmark_multi_island_v5/official_experiments/multistartlp/official/set_01_pt_01/logs;0;0;0;100.0;0.0;1;41;/dados/rmelo/PDPTW-SE/benchmark_multi_island_v5/official_experiments/multistartlp/official/set_01_pt_01/logs/heur_mslp/solutions/60R_60V_04I_05M/LR1_2_1_sol_genconfig_mslp_seed_41.txt;Gurobi;AUTOMATIC;18.65;_bash_2;_seed_41;0.0;1;0.0;/dados/rmelo/PDPTW-SE/benchmark_multi_island_v5/official_experiments/multistartlp/official/set_01_pt_01/logs/heur_mslp/timelines/60R_60V_04I_05M/LR1_2_1_timeline_genconfig_mslp_seed_41.txt;351.95;t1;0;Inf;false
0.05;0.15;0.18;0.33;0.03;0.27;1;/dados/rmelo/PDPTW-SE/benchmark_multi_island_v5/official_experiments/multistartlp/official/set_01_pt_01/logs/heur_mslp/outputs/csvresults_heur_mslp_bash_2.csv;0;6;1;122;0;0.0;0.5;true;62;2;LR1_2_1_t1_60R_60V_04I_06M;/dados/rmelo/PDPTW-SE/benchmark_multi_island_v5/official_experiments/multistartlp/official/set_01_pt_01/configs/genconfig_mslp.conf;genconfig_mslp;/dados/rmelo/PDPTW-SE/benchmark_multi_island_v5/official_experiments/multistartlp/official/set_01_pt_01/logs/heur_mslp/gurobi/60R_60V_04I_06M/LR1_2_1_grb_genconfig_mslp_seed_41.log;random;60R_60V_04I_06M;1;59999;1;/dados/rmelo/PDPTW-SE/benchmark_multi_island_v5/official_experiments/multistartlp/official/set_01_pt_01/../../../../instances/orig_ams_fg/60R_60V_04I_06M/t1/LR1_2_1/;60000;49940;0;13371.66;121;61;H;50;95;0;100.0;30.0;true;0.95;100.0;1.0;1.0;1.0;1.0;60;M;1;1;false;78;0.96;183.92;0.97;39;10;1000000;-1;3600;14.4;0.5;0.63;mslp;heur;0.19;0.18;-1;3600;60000;I;60;1.0;0.38;LR1_2_1;0;/dados/rmelo/PDPTW-SE/benchmark_multi_island_v5/official_experiments/multistartlp/official/set_01_pt_01/logs;0;0;0;100.0;100.0;1;41;/dados/rmelo/PDPTW-SE/benchmark_multi_island_v5/official_experiments/multistartlp/official/set_01_pt_01/logs/heur_mslp/solutions/60R_60V_04I_06M/LR1_2_1_sol_genconfig_mslp_seed_41.txt;Gurobi;AUTOMATIC;18.46;_bash_2;_seed_41;0.14;1;373.54;/dados/rmelo/PDPTW-SE/benchmark_multi_island_v5/official_experiments/multistartlp/official/set_01_pt_01/logs/heur_mslp/timelines/60R_60V_04I_06M/LR1_2_1_timeline_genconfig_mslp_seed_41.txt;449.46;t1;0;11446.55;false
0.05;0.05;0.13;0.18;0.01;0.36;0;/dados/rmelo/PDPTW-SE/benchmark_multi_island_v5/official_experiments/multistartlp/official/set_01_pt_01/logs/heur_mslp/outputs/csvresults_heur_mslp_bash_2.csv;0;5;1;122;0;0.0;0.5;false;62;2;LR1_2_2_t1_60R_60V_04I_05M;/dados/rmelo/PDPTW-SE/benchmark_multi_island_v5/official_experiments/multistartlp/official/set_01_pt_01/configs/genconfig_mslp.conf;genconfig_mslp;/dados/rmelo/PDPTW-SE/benchmark_multi_island_v5/official_experiments/multistartlp/official/set_01_pt_01/logs/heur_mslp/gurobi/60R_60V_04I_05M/LR1_2_2_grb_genconfig_mslp_seed_41.log;random;60R_60V_04I_05M;1;60000;1;/dados/rmelo/PDPTW-SE/benchmark_multi_island_v5/official_experiments/multistartlp/official/set_01_pt_01/../../../../instances/orig_ams_fg/60R_60V_04I_06M/t1/LR1_2_2/;60000;0;0;0.0;121;61;H;50;95;0;100.0;30.0;true;0.95;100.0;1.0;1.0;1.0;1.0;60;M;0;0;false;78;0.99;184.67;0.72;39;10;1000000;-1;3600;0.0;0.55;0.43;mslp;heur;0.25;0.15;-1;3600;60000;I;60;1.0;0.15;LR1_2_2;0;/dados/rmelo/PDPTW-SE/benchmark_multi_island_v5/official_experiments/multistartlp/official/set_01_pt_01/logs;0;0;0;100.0;0.0;1;41;/dados/rmelo/PDPTW-SE/benchmark_multi_island_v5/official_experiments/multistartlp/official/set_01_pt_01/logs/heur_mslp/solutions/60R_60V_04I_05M/LR1_2_2_sol_genconfig_mslp_seed_41.txt;Gurobi;AUTOMATIC;18.56;_bash_2;_seed_41;0.0;1;0.0;/dados/rmelo/PDPTW-SE/benchmark_multi_island_v5/official_experiments/multistartlp/official/set_01_pt_01/logs/heur_mslp/timelines/60R_60V_04I_05M/LR1_2_2_timeline_genconfig_mslp_seed_41.txt;362.53;t1;0;Inf;false
0.05;0.17;0.27;0.44;0.03;0.17;2;/dados/rmelo/PDPTW-SE/benchmark_multi_island_v5/official_experiments/multistartlp/official/set_01_pt_01/logs/heur_mslp/outputs/csvresults_heur_mslp_bash_2.csv;0;6;1;122;0;0.0;0.5;true;62;2;LR1_2_2_t1_60R_60V_04I_06M;/dados/rmelo/PDPTW-SE/benchmark_multi_island_v5/official_experiments/multistartlp/official/set_01_pt_01/configs/genconfig_mslp.conf;genconfig_mslp;/dados/rmelo/PDPTW-SE/benchmark_multi_island_v5/official_experiments/multistartlp/official/set_01_pt_01/logs/heur_mslp/gurobi/60R_60V_04I_06M/LR1_2_2_grb_genconfig_mslp_seed_41.log;random;60R_60V_04I_06M;1;59995;1;/dados/rmelo/PDPTW-SE/benchmark_multi_island_v5/official_experiments/multistartlp/official/set_01_pt_01/../../../../instances/orig_ams_fg/60R_60V_04I_06M/t1/LR1_2_2/;60000;43263;0;10811.54;121;61;H;50;95;0;100.0;30.0;true;0.95;100.0;1.0;1.0;1.0;1.0;60;M;5;5;false;78;0.99;184.22;0.91;39;10;1000000;-1;3600;9.45;0.52;0.59;mslp;heur;0.27;0.29;-1;3600;60000;I;60;1.0;0.33;LR1_2_2;0;/dados/rmelo/PDPTW-SE/benchmark_multi_island_v5/official_experiments/multistartlp/official/set_01_pt_01/logs;0;0;0;99.99;100.0;1;41;/dados/rmelo/PDPTW-SE/benchmark_multi_island_v5/official_experiments/multistartlp/official/set_01_pt_01/logs/heur_mslp/solutions/60R_60V_04I_06M/LR1_2_2_sol_genconfig_mslp_seed_41.txt;Gurobi;AUTOMATIC;18.84;_bash_2;_seed_41;0.47;1;382.23;/dados/rmelo/PDPTW-SE/benchmark_multi_island_v5/official_experiments/multistartlp/official/set_01_pt_01/logs/heur_mslp/timelines/60R_60V_04I_06M/LR1_2_2_timeline_genconfig_mslp_seed_41.txt;530.96;t1;0;9657.53;false
0.05;0.11;0.18;0.29;0.02;0.09;5;/dados/rmelo/PDPTW-SE/benchmark_multi_island_v5/official_experiments/multistartlp/official/set_01_pt_01/logs/heur_mslp/outputs/csvresults_heur_mslp_bash_2.csv;0;5;1;122;0;0.0;0.5;true;62;2;LR1_2_3_t1_60R_60V_04I_05M;/dados/rmelo/PDPTW-SE/benchmark_multi_island_v5/official_experiments/multistartlp/official/set_01_pt_01/configs/genconfig_mslp.conf;genconfig_mslp;/dados/rmelo/PDPTW-SE/benchmark_multi_island_v5/official_experiments/multistartlp/official/set_01_pt_01/logs/heur_mslp/gurobi/60R_60V_04I_05M/LR1_2_3_grb_genconfig_mslp_seed_41.log;random;60R_60V_04I_05M;1;59988;1;/dados/rmelo/PDPTW-SE/benchmark_multi_island_v5/official_experiments/multistartlp/official/set_01_pt_01/../../../../instances/orig_ams_fg/60R_60V_04I_06M/t1/LR1_2_3/;60000;44205;0;8750.74;121;61;H;50;95;0;100.0;30.0;true;0.95;100.0;1.0;1.0;1.0;1.0;60;M;12;12;false;86;0.99;183.88;1.0;43;10;1000000;-1;3600;6.71;0.49;0.56;mslp;heur;0.31;0.23;-1;3600;60000;I;60;1.0;0.27;LR1_2_3;0;/dados/rmelo/PDPTW-SE/benchmark_multi_island_v5/official_experiments/multistartlp/official/set_01_pt_01/logs;0;0;0;99.98;100.0;1;41;/dados/rmelo/PDPTW-SE/benchmark_multi_island_v5/official_experiments/multistartlp/official/set_01_pt_01/logs/heur_mslp/solutions/60R_60V_04I_05M/LR1_2_3_sol_genconfig_mslp_seed_41.txt;Gurobi;AUTOMATIC;18.77;_bash_2;_seed_41;0.81;1;469.97;/dados/rmelo/PDPTW-SE/benchmark_multi_island_v5/official_experiments/multistartlp/official/set_01_pt_01/logs/heur_mslp/timelines/60R_60V_04I_05M/LR1_2_3_timeline_genconfig_mslp_seed_41.txt;634.81;t1;0;7844.67;false
0.05;0.1;0.15;0.24;0.02;0.07;6;/dados/rmelo/PDPTW-SE/benchmark_multi_island_v5/official_experiments/multistartlp/official/set_01_pt_01/logs/heur_mslp/outputs/csvresults_heur_mslp_bash_2.csv;0;6;1;122;0;0.0;0.5;true;62;2;LR1_2_3_t1_60R_60V_04I_06M;/dados/rmelo/PDPTW-SE/benchmark_multi_island_v5/official_experiments/multistartlp/official/set_01_pt_01/configs/genconfig_mslp.conf;genconfig_mslp;/dados/rmelo/PDPTW-SE/benchmark_multi_island_v5/official_experiments/multistartlp/official/set_01_pt_01/logs/heur_mslp/gurobi/60R_60V_04I_06M/LR1_2_3_grb_genconfig_mslp_seed_41.log;random;60R_60V_04I_06M;1;59876;1;/dados/rmelo/PDPTW-SE/benchmark_multi_island_v5/official_experiments/multistartlp/official/set_01_pt_01/../../../../instances/orig_ams_fg/60R_60V_04I_06M/t1/LR1_2_3/;60000;32163;0;8913.21;121;61;H;50;95;0;100.0;30.0;true;0.95;100.0;1.0;1.0;1.0;1.0;60;M;124;124;false;86;0.99;183.88;0.92;43;10;1000000;-1;3600;6.52;0.48;0.56;mslp;heur;0.16;0.21;-1;3600;60000;I;60;1.0;0.27;LR1_2_3;0;/dados/rmelo/PDPTW-SE/benchmark_multi_island_v5/official_experiments/multistartlp/official/set_01_pt_01/logs;0;0;0;99.79;100.0;1;41;/dados/rmelo/PDPTW-SE/benchmark_multi_island_v5/official_experiments/multistartlp/official/set_01_pt_01/logs/heur_mslp/solutions/60R_60V_04I_06M/LR1_2_3_sol_genconfig_mslp_seed_41.txt;Gurobi;AUTOMATIC;18.76;_bash_2;_seed_41;8.09;1;442.13;/dados/rmelo/PDPTW-SE/benchmark_multi_island_v5/official_experiments/multistartlp/official/set_01_pt_01/logs/heur_mslp/timelines/60R_60V_04I_06M/LR1_2_3_timeline_genconfig_mslp_seed_41.txt;822.65;t1;0;7619.7;false
0.05;0.07;0.13;0.2;0.0;0.0;4;/dados/rmelo/PDPTW-SE/benchmark_multi_island_v5/official_experiments/multistartlp/official/set_01_pt_01/logs/heur_mslp/outputs/csvresults_heur_mslp_bash_2.csv;0;5;1;122;0;0.0;0.5;true;62;2;LR1_2_4_t1_60R_60V_04I_05M;/dados/rmelo/PDPTW-SE/benchmark_multi_island_v5/official_experiments/multistartlp/official/set_01_pt_01/configs/genconfig_mslp.conf;genconfig_mslp;/dados/rmelo/PDPTW-SE/benchmark_multi_island_v5/official_experiments/multistartlp/official/set_01_pt_01/logs/heur_mslp/gurobi/60R_60V_04I_05M/LR1_2_4_grb_genconfig_mslp_seed_41.log;random;60R_60V_04I_05M;1;57956;1;/dados/rmelo/PDPTW-SE/benchmark_multi_island_v5/official_experiments/multistartlp/official/set_01_pt_01/../../../../instances/orig_ams_fg/60R_60V_04I_06M/t1/LR1_2_4/;60000;59597;0;6623.75;121;61;H;50;95;0;100.0;30.0;true;0.95;100.0;1.0;1.0;1.0;1.0;60;M;2044;2044;false;86;0.79;185.48;0.99;43;10;1000000;-1;3600;4.73;0.63;0.71;mslp;heur;0.44;0.37;-1;3600;60000;I;60;1.0;0.17;LR1_2_4;0;/dados/rmelo/PDPTW-SE/benchmark_multi_island_v5/official_experiments/multistartlp/official/set_01_pt_01/logs;0;0;0;96.59;100.0;1;41;/dados/rmelo/PDPTW-SE/benchmark_multi_island_v5/official_experiments/multistartlp/official/set_01_pt_01/logs/heur_mslp/solutions/60R_60V_04I_05M/LR1_2_4_sol_genconfig_mslp_seed_41.txt;Gurobi;AUTOMATIC;18.4;_bash_2;_seed_41;96.64;1;1689.79;/dados/rmelo/PDPTW-SE/benchmark_multi_island_v5/official_experiments/multistartlp/official/set_01_pt_01/logs/heur_mslp/timelines/60R_60V_04I_05M/LR1_2_4_timeline_genconfig_mslp_seed_41.txt;1700.64;t1;0;5457.64;false
0.05;0.07;0.13;0.2;0.0;0.01;10;/dados/rmelo/PDPTW-SE/benchmark_multi_island_v5/official_experiments/multistartlp/official/set_01_pt_01/logs/heur_mslp/outputs/csvresults_heur_mslp_bash_2.csv;0;6;1;122;0;0.0;0.5;true;62;2;LR1_2_4_t1_60R_60V_04I_06M;/dados/rmelo/PDPTW-SE/benchmark_multi_island_v5/official_experiments/multistartlp/official/set_01_pt_01/configs/genconfig_mslp.conf;genconfig_mslp;/dados/rmelo/PDPTW-SE/benchmark_multi_island_v5/official_experiments/multistartlp/official/set_01_pt_01/logs/heur_mslp/gurobi/60R_60V_04I_06M/LR1_2_4_grb_genconfig_mslp_seed_41.log;random;60R_60V_04I_06M;1;54571;1;/dados/rmelo/PDPTW-SE/benchmark_multi_island_v5/official_experiments/multistartlp/official/set_01_pt_01/../../../../instances/orig_ams_fg/60R_60V_04I_06M/t1/LR1_2_4/;60000;37942;0;7783.31;121;61;H;50;95;0;100.0;30.0;true;0.95;100.0;1.0;1.0;1.0;1.0;60;M;5429;5429;false;86;0.8;185.48;0.96;43;10;1000000;-1;3600;4.08;0.63;0.68;mslp;heur;0.45;0.36;-1;3600;60000;I;60;1.0;0.17;LR1_2_4;0;/dados/rmelo/PDPTW-SE/benchmark_multi_island_v5/official_experiments/multistartlp/official/set_01_pt_01/logs;0;0;0;90.95;100.0;1;41;/dados/rmelo/PDPTW-SE/benchmark_multi_island_v5/official_experiments/multistartlp/official/set_01_pt_01/logs/heur_mslp/solutions/60R_60V_04I_06M/LR1_2_4_sol_genconfig_mslp_seed_41.txt;Gurobi;AUTOMATIC;18.55;_bash_2;_seed_41;221.4;1;1409.18;/dados/rmelo/PDPTW-SE/benchmark_multi_island_v5/official_experiments/multistartlp/official/set_01_pt_01/logs/heur_mslp/timelines/60R_60V_04I_06M/LR1_2_4_timeline_genconfig_mslp_seed_41.txt;2233.43;t1;0;5515.92;false
0.05;0.15;0.22;0.38;0.03;0.29;0;/dados/rmelo/PDPTW-SE/benchmark_multi_island_v5/official_experiments/multistartlp/official/set_01_pt_01/logs/heur_mslp/outputs/csvresults_heur_mslp_bash_2.csv;0;5;1;122;0;0.0;0.5;false;62;2;LR1_2_5_t1_60R_60V_04I_05M;/dados/rmelo/PDPTW-SE/benchmark_multi_island_v5/official_experiments/multistartlp/official/set_01_pt_01/configs/genconfig_mslp.conf;genconfig_mslp;/dados/rmelo/PDPTW-SE/benchmark_multi_island_v5/official_experiments/multistartlp/official/set_01_pt_01/logs/heur_mslp/gurobi/60R_60V_04I_05M/LR1_2_5_grb_genconfig_mslp_seed_41.log;random;60R_60V_04I_05M;1;60000;1;/dados/rmelo/PDPTW-SE/benchmark_multi_island_v5/official_experiments/multistartlp/official/set_01_pt_01/../../../../instances/orig_ams_fg/60R_60V_04I_06M/t1/LR1_2_5/;60000;0;0;0.0;121;61;H;50;95;0;100.0;30.0;true;0.95;100.0;1.0;1.0;1.0;1.0;60;M;0;0;false;86;0.96;180.52;0.93;43;10;1000000;-1;3600;0.0;0.76;0.53;mslp;heur;0.51;0.17;-1;3600;60000;I;60;1.0;0.22;LR1_2_5;0;/dados/rmelo/PDPTW-SE/benchmark_multi_island_v5/official_experiments/multistartlp/official/set_01_pt_01/logs;0;0;0;100.0;0.0;1;41;/dados/rmelo/PDPTW-SE/benchmark_multi_island_v5/official_experiments/multistartlp/official/set_01_pt_01/logs/heur_mslp/solutions/60R_60V_04I_05M/LR1_2_5_sol_genconfig_mslp_seed_41.txt;Gurobi;AUTOMATIC;18.63;_bash_2;_seed_41;0.0;1;0.0;/dados/rmelo/PDPTW-SE/benchmark_multi_island_v5/official_experiments/multistartlp/official/set_01_pt_01/logs/heur_mslp/timelines/60R_60V_04I_05M/LR1_2_5_timeline_genconfig_mslp_seed_41.txt;322.01;t1;0;Inf;false
0.05;0.15;0.22;0.38;0.0;0.13;3;/dados/rmelo/PDPTW-SE/benchmark_multi_island_v5/official_experiments/multistartlp/official/set_01_pt_01/logs/heur_mslp/outputs/csvresults_heur_mslp_bash_2.csv;0;6;1;122;0;0.0;0.5;true;62;2;LR1_2_5_t1_60R_60V_04I_06M;/dados/rmelo/PDPTW-SE/benchmark_multi_island_v5/official_experiments/multistartlp/official/set_01_pt_01/configs/genconfig_mslp.conf;genconfig_mslp;/dados/rmelo/PDPTW-SE/benchmark_multi_island_v5/official_experiments/multistartlp/official/set_01_pt_01/logs/heur_mslp/gurobi/60R_60V_04I_06M/LR1_2_5_grb_genconfig_mslp_seed_41.log;random;60R_60V_04I_06M;1;59996;1;/dados/rmelo/PDPTW-SE/benchmark_multi_island_v5/official_experiments/multistartlp/official/set_01_pt_01/../../../../instances/orig_ams_fg/60R_60V_04I_06M/t1/LR1_2_5/;60000;56271;0;9282.2;121;61;H;50;95;0;100.0;30.0;true;0.95;100.0;1.0;1.0;1.0;1.0;60;M;4;4;false;86;0.95;180.52;0.92;43;10;1000000;-1;3600;10.18;0.69;0.64;mslp;heur;0.31;0.29;-1;3600;60000;I;60;1.0;0.3;LR1_2_5;0;/dados/rmelo/PDPTW-SE/benchmark_multi_island_v5/official_experiments/multistartlp/official/set_01_pt_01/logs;0;0;0;99.99;100.0;1;41;/dados/rmelo/PDPTW-SE/benchmark_multi_island_v5/official_experiments/multistartlp/official/set_01_pt_01/logs/heur_mslp/solutions/60R_60V_04I_06M/LR1_2_5_sol_genconfig_mslp_seed_41.txt;Gurobi;AUTOMATIC;18.79;_bash_2;_seed_41;0.41;1;432.27;/dados/rmelo/PDPTW-SE/benchmark_multi_island_v5/official_experiments/multistartlp/official/set_01_pt_01/logs/heur_mslp/timelines/60R_60V_04I_06M/LR1_2_5_timeline_genconfig_mslp_seed_41.txt;461.01;t1;0;8412.56;false
0.05;0.04;0.09;0.14;0.06;0.19;13;/dados/rmelo/PDPTW-SE/benchmark_multi_island_v5/official_experiments/multistartlp/official/set_01_pt_01/logs/heur_mslp/outputs/csvresults_heur_mslp_bash_2.csv;0;5;1;122;0;0.0;0.5;true;62;2;LR2_2_1_t2_60R_60V_04I_05M;/dados/rmelo/PDPTW-SE/benchmark_multi_island_v5/official_experiments/multistartlp/official/set_01_pt_01/configs/genconfig_mslp.conf;genconfig_mslp;/dados/rmelo/PDPTW-SE/benchmark_multi_island_v5/official_experiments/multistartlp/official/set_01_pt_01/logs/heur_mslp/gurobi/60R_60V_04I_05M/LR2_2_1_grb_genconfig_mslp_seed_41.log;random;60R_60V_04I_05M;1;15082;1;/dados/rmelo/PDPTW-SE/benchmark_multi_island_v5/official_experiments/multistartlp/official/set_01_pt_01/../../../../instances/orig_ams_fg/60R_60V_04I_06M/t2/LR2_2_1/;60000;18215;0;14380.17;121;61;H;50;95;0;100.0;30.0;true;0.95;100.0;1.0;1.0;1.0;1.0;60;M;44918;44918;false;80;0.88;178.03;1.0;40;10;1000000;-1;3600;5.71;0.68;0.94;mslp;heur;0.33;0.87;-1;3600;60000;I;60;1.0;0.12;LR2_2_1;0;/dados/rmelo/PDPTW-SE/benchmark_multi_island_v5/official_experiments/multistartlp/official/set_01_pt_01/logs;0;0;0;25.14;100.0;1;41;/dados/rmelo/PDPTW-SE/benchmark_multi_island_v5/official_experiments/multistartlp/official/set_01_pt_01/logs/heur_mslp/solutions/60R_60V_04I_05M/LR2_2_1_sol_genconfig_mslp_seed_41.txt;Gurobi;AUTOMATIC;18.69;_bash_2;_seed_41;2564.43;1;855.98;/dados/rmelo/PDPTW-SE/benchmark_multi_island_v5/official_experiments/multistartlp/official/set_01_pt_01/logs/heur_mslp/timelines/60R_60V_04I_05M/LR2_2_1_timeline_genconfig_mslp_seed_41.txt;2810.37;t2;0;12081.05;false
0.05;0.04;0.07;0.11;0.01;0.24;14;/dados/rmelo/PDPTW-SE/benchmark_multi_island_v5/official_experiments/multistartlp/official/set_01_pt_01/logs/heur_mslp/outputs/csvresults_heur_mslp_bash_2.csv;0;6;1;122;0;0.0;0.5;true;62;2;LR2_2_1_t2_60R_60V_04I_06M;/dados/rmelo/PDPTW-SE/benchmark_multi_island_v5/official_experiments/multistartlp/official/set_01_pt_01/configs/genconfig_mslp.conf;genconfig_mslp;/dados/rmelo/PDPTW-SE/benchmark_multi_island_v5/official_experiments/multistartlp/official/set_01_pt_01/logs/heur_mslp/gurobi/60R_60V_04I_06M/LR2_2_1_grb_genconfig_mslp_seed_41.log;random;60R_60V_04I_06M;1;4773;1;/dados/rmelo/PDPTW-SE/benchmark_multi_island_v5/official_experiments/multistartlp/official/set_01_pt_01/../../../../instances/orig_ams_fg/60R_60V_04I_06M/t2/LR2_2_1/;60000;14426;0;15247.28;121;61;H;50;95;0;100.0;30.0;true;0.95;100.0;1.0;1.0;1.0;1.0;60;M;55227;55227;false;80;0.9;177.91;1.0;40;10;1000000;-1;3600;5.94;0.59;0.88;mslp;heur;0.09;0.55;-1;3600;60000;I;60;1.0;0.13;LR2_2_1;0;/dados/rmelo/PDPTW-SE/benchmark_multi_island_v5/official_experiments/multistartlp/official/set_01_pt_01/logs;0;0;0;7.96;100.0;1;41;/dados/rmelo/PDPTW-SE/benchmark_multi_island_v5/official_experiments/multistartlp/official/set_01_pt_01/logs/heur_mslp/solutions/60R_60V_04I_06M/LR2_2_1_sol_genconfig_mslp_seed_41.txt;Gurobi;AUTOMATIC;18.51;_bash_2;_seed_41;3277.74;1;824.69;/dados/rmelo/PDPTW-SE/benchmark_multi_island_v5/official_experiments/multistartlp/official/set_01_pt_01/logs/heur_mslp/timelines/60R_60V_04I_06M/LR2_2_1_timeline_genconfig_mslp_seed_41.txt;3419.27;t2;0;12030.82;false
0.05;0.05;0.11;0.16;0.03;0.1;8;/dados/rmelo/PDPTW-SE/benchmark_multi_island_v5/official_experiments/multistartlp/official/set_01_pt_01/logs/heur_mslp/outputs/csvresults_heur_mslp_bash_2.csv;0;5;1;122;0;0.0;0.5;true;62;2;LR2_2_2_t2_60R_60V_04I_05M;/dados/rmelo/PDPTW-SE/benchmark_multi_island_v5/official_experiments/multistartlp/official/set_01_pt_01/configs/genconfig_mslp.conf;genconfig_mslp;/dados/rmelo/PDPTW-SE/benchmark_multi_island_v5/official_experiments/multistartlp/official/set_01_pt_01/logs/heur_mslp/gurobi/60R_60V_04I_05M/LR2_2_2_grb_genconfig_mslp_seed_41.log;random;60R_60V_04I_05M;1;30509;1;/dados/rmelo/PDPTW-SE/benchmark_multi_island_v5/official_experiments/multistartlp/official/set_01_pt_01/../../../../instances/orig_ams_fg/60R_60V_04I_06M/t2/LR2_2_2/;60000;59583;0;13043.55;121;61;H;50;95;0;100.0;30.0;true;0.95;100.0;1.0;1.0;1.0;1.0;60;M;29491;29491;false;80;0.81;183.32;1.0;40;10;1000000;-1;3600;5.33;0.66;0.93;mslp;heur;0.39;0.66;-1;3600;60000;I;60;1.0;0.1;LR2_2_2;0;/dados/rmelo/PDPTW-SE/benchmark_multi_island_v5/official_experiments/multistartlp/official/set_01_pt_01/logs;0;0;0;50.85;100.0;1;41;/dados/rmelo/PDPTW-SE/benchmark_multi_island_v5/official_experiments/multistartlp/official/set_01_pt_01/logs/heur_mslp/solutions/60R_60V_04I_05M/LR2_2_2_sol_genconfig_mslp_seed_41.txt;Gurobi;AUTOMATIC;18.79;_bash_2;_seed_41;1572.54;1;3165.31;/dados/rmelo/PDPTW-SE/benchmark_multi_island_v5/official_experiments/multistartlp/official/set_01_pt_01/logs/heur_mslp/timelines/60R_60V_04I_05M/LR2_2_2_timeline_genconfig_mslp_seed_41.txt;3187.13;t2;0;10096.04;false
0.05;0.05;0.08;0.13;0.03;0.12;6;/dados/rmelo/PDPTW-SE/benchmark_multi_island_v5/official_experiments/multistartlp/official/set_01_pt_01/logs/heur_mslp/outputs/csvresults_heur_mslp_bash_2.csv;0;6;1;122;0;0.0;0.5;true;62;2;LR2_2_2_t2_60R_60V_04I_06M;/dados/rmelo/PDPTW-SE/benchmark_multi_island_v5/official_experiments/multistartlp/official/set_01_pt_01/configs/genconfig_mslp.conf;genconfig_mslp;/dados/rmelo/PDPTW-SE/benchmark_multi_island_v5/official_experiments/multistartlp/official/set_01_pt_01/logs/heur_mslp/gurobi/60R_60V_04I_06M/LR2_2_2_grb_genconfig_mslp_seed_41.log;random;60R_60V_04I_06M;1;3472;1;/dados/rmelo/PDPTW-SE/benchmark_multi_island_v5/official_experiments/multistartlp/official/set_01_pt_01/../../../../instances/orig_ams_fg/60R_60V_04I_06M/t2/LR2_2_2/;46604;40545;0;11676.64;121;61;H;50;95;0;100.0;30.0;true;0.95;100.0;1.0;1.0;1.0;1.0;60;M;43132;43132;false;80;0.82;183.19;0.99;40;10;1000000;-1;3600;5.57;0.74;0.93;mslp;heur;0.61;0.79;-1;3600;60000;I;60;1.0;0.08;LR2_2_2;0;/dados/rmelo/PDPTW-SE/benchmark_multi_island_v5/official_experiments/multistartlp/official/set_01_pt_01/logs;0;0;0;7.45;100.0;1;41;/dados/rmelo/PDPTW-SE/benchmark_multi_island_v5/official_experiments/multistartlp/official/set_01_pt_01/logs/heur_mslp/solutions/60R_60V_04I_06M/LR2_2_2_sol_genconfig_mslp_seed_41.txt;Gurobi;AUTOMATIC;18.52;_bash_2;_seed_41;2401.45;1;3132.27;/dados/rmelo/PDPTW-SE/benchmark_multi_island_v5/official_experiments/multistartlp/official/set_01_pt_01/logs/heur_mslp/timelines/60R_60V_04I_06M/LR2_2_2_timeline_genconfig_mslp_seed_41.txt;3600.01;t2;0;9415.13;false
0.05;0.05;0.1;0.15;0.04;0.06;14;/dados/rmelo/PDPTW-SE/benchmark_multi_island_v5/official_experiments/multistartlp/official/set_01_pt_01/logs/heur_mslp/outputs/csvresults_heur_mslp_bash_2.csv;0;5;1;122;0;0.0;0.5;true;62;2;LR2_2_3_t2_60R_60V_04I_05M;/dados/rmelo/PDPTW-SE/benchmark_multi_island_v5/official_experiments/multistartlp/official/set_01_pt_01/configs/genconfig_mslp.conf;genconfig_mslp;/dados/rmelo/PDPTW-SE/benchmark_multi_island_v5/official_experiments/multistartlp/official/set_01_pt_01/logs/heur_mslp/gurobi/60R_60V_04I_05M/LR2_2_3_grb_genconfig_mslp_seed_41.log;random;60R_60V_04I_05M;1;132;1;/dados/rmelo/PDPTW-SE/benchmark_multi_island_v5/official_experiments/multistartlp/official/set_01_pt_01/../../../../instances/orig_ams_fg/60R_60V_04I_06M/t2/LR2_2_3/;31471;26669;0;12652.34;121;61;H;50;95;0;100.0;30.0;true;0.95;100.0;1.0;1.0;1.0;1.0;60;M;31339;31339;false;78;0.85;183.91;1.0;39;10;1000000;-1;3600;3.24;0.79;0.94;mslp;heur;0.7;0.82;-1;3600;60000;I;60;1.0;0.08;LR2_2_3;0;/dados/rmelo/PDPTW-SE/benchmark_multi_island_v5/official_experiments/multistartlp/official/set_01_pt_01/logs;0;0;0;0.42;100.0;1;41;/dados/rmelo/PDPTW-SE/benchmark_multi_island_v5/official_experiments/multistartlp/official/set_01_pt_01/logs/heur_mslp/solutions/60R_60V_04I_05M/LR2_2_3_sol_genconfig_mslp_seed_41.txt;Gurobi;AUTOMATIC;18.5;_bash_2;_seed_41;1016.79;1;3050.53;/dados/rmelo/PDPTW-SE/benchmark_multi_island_v5/official_experiments/multistartlp/official/set_01_pt_01/logs/heur_mslp/timelines/60R_60V_04I_05M/LR2_2_3_timeline_genconfig_mslp_seed_41.txt;3600.05;t2;0;10025.08;false
0.05;0.05;0.08;0.12;0.03;0.06;11;/dados/rmelo/PDPTW-SE/benchmark_multi_island_v5/official_experiments/multistartlp/official/set_01_pt_01/logs/heur_mslp/outputs/csvresults_heur_mslp_bash_2.csv;0;6;1;122;0;0.0;0.5;true;62;2;LR2_2_3_t2_60R_60V_04I_06M;/dados/rmelo/PDPTW-SE/benchmark_multi_island_v5/official_experiments/multistartlp/official/set_01_pt_01/configs/genconfig_mslp.conf;genconfig_mslp;/dados/rmelo/PDPTW-SE/benchmark_multi_island_v5/official_experiments/multistartlp/official/set_01_pt_01/logs/heur_mslp/gurobi/60R_60V_04I_06M/LR2_2_3_grb_genconfig_mslp_seed_41.log;random;60R_60V_04I_06M;1;11;1;/dados/rmelo/PDPTW-SE/benchmark_multi_island_v5/official_experiments/multistartlp/official/set_01_pt_01/../../../../instances/orig_ams_fg/60R_60V_04I_06M/t2/LR2_2_3/;29259;22882;0;13410.4;121;61;H;50;95;0;100.0;30.0;true;0.95;100.0;1.0;1.0;1.0;1.0;60;M;29248;29248;false;78;0.85;183.88;1.0;39;10;1000000;-1;3600;3.44;0.55;0.87;mslp;heur;0.16;0.72;-1;3600;60000;I;60;1.0;0.12;LR2_2_3;0;/dados/rmelo/PDPTW-SE/benchmark_multi_island_v5/official_experiments/multistartlp/official/set_01_pt_01/logs;0;0;0;0.04;100.0;1;41;/dados/rmelo/PDPTW-SE/benchmark_multi_island_v5/official_experiments/multistartlp/official/set_01_pt_01/logs/heur_mslp/solutions/60R_60V_04I_06M/LR2_2_3_sol_genconfig_mslp_seed_41.txt;Gurobi;AUTOMATIC;18.36;_bash_2;_seed_41;1006.56;1;2818.53;/dados/rmelo/PDPTW-SE/benchmark_multi_island_v5/official_experiments/multistartlp/official/set_01_pt_01/logs/heur_mslp/timelines/60R_60V_04I_06M/LR2_2_3_timeline_genconfig_mslp_seed_41.txt;3600.11;t2;0;9793.01;false
0.05;0.04;0.06;0.1;0.01;0.0;8;/dados/rmelo/PDPTW-SE/benchmark_multi_island_v5/official_experiments/multistartlp/official/set_01_pt_01/logs/heur_mslp/outputs/csvresults_heur_mslp_bash_2.csv;0;5;1;122;0;0.0;0.5;true;62;2;LR2_2_4_t2_60R_60V_04I_05M;/dados/rmelo/PDPTW-SE/benchmark_multi_island_v5/official_experiments/multistartlp/official/set_01_pt_01/configs/genconfig_mslp.conf;genconfig_mslp;/dados/rmelo/PDPTW-SE/benchmark_multi_island_v5/official_experiments/multistartlp/official/set_01_pt_01/logs/heur_mslp/gurobi/60R_60V_04I_05M/LR2_2_4_grb_genconfig_mslp_seed_41.log;random;60R_60V_04I_05M;1;0;1;/dados/rmelo/PDPTW-SE/benchmark_multi_island_v5/official_experiments/multistartlp/official/set_01_pt_01/../../../../instances/orig_ams_fg/60R_60V_04I_06M/t2/LR2_2_4/;17833;11715;0;8144.02;121;61;H;50;95;0;100.0;30.0;true;0.95;100.0;1.0;1.0;1.0;1.0;60;M;17813;17833;false;78;0.83;180.9;0.98;39;10;1000000;-1;3600;1.13;0.71;0.97;mslp;heur;0.66;0.94;-1;3600;60000;I;60;1.0;0.07;LR2_2_4;0;/dados/rmelo/PDPTW-SE/benchmark_multi_island_v5/official_experiments/multistartlp/official/set_01_pt_01/logs;0;0;0;0.0;99.89;1;41;/dados/rmelo/PDPTW-SE/benchmark_multi_island_v5/official_experiments/multistartlp/official/set_01_pt_01/logs/heur_mslp/solutions/60R_60V_04I_05M/LR2_2_4_sol_genconfig_mslp_seed_41.txt;Gurobi;AUTOMATIC;18.54;_bash_2;_seed_41;201.46;1;2362.84;/dados/rmelo/PDPTW-SE/benchmark_multi_island_v5/official_experiments/multistartlp/official/set_01_pt_01/logs/heur_mslp/timelines/60R_60V_04I_05M/LR2_2_4_timeline_genconfig_mslp_seed_41.txt;3600.05;t2;0;7226.66;false
0.05;0.03;0.05;0.08;0.0;0.0;13;/dados/rmelo/PDPTW-SE/benchmark_multi_island_v5/official_experiments/multistartlp/official/set_01_pt_01/logs/heur_mslp/outputs/csvresults_heur_mslp_bash_2.csv;0;6;1;122;0;0.0;0.5;true;62;2;LR2_2_4_t2_60R_60V_04I_06M;/dados/rmelo/PDPTW-SE/benchmark_multi_island_v5/official_experiments/multistartlp/official/set_01_pt_01/configs/genconfig_mslp.conf;genconfig_mslp;/dados/rmelo/PDPTW-SE/benchmark_multi_island_v5/official_experiments/multistartlp/official/set_01_pt_01/logs/heur_mslp/gurobi/60R_60V_04I_06M/LR2_2_4_grb_genconfig_mslp_seed_41.log;random;60R_60V_04I_06M;1;0;1;/dados/rmelo/PDPTW-SE/benchmark_multi_island_v5/official_experiments/multistartlp/official/set_01_pt_01/../../../../instances/orig_ams_fg/60R_60V_04I_06M/t2/LR2_2_4/;16621;13113;0;8766.15;121;61;H;50;95;0;100.0;30.0;true;0.95;100.0;1.0;1.0;1.0;1.0;60;M;16594;16621;false;78;0.99;180.9;0.99;39;10;1000000;-1;3600;1.19;0.68;0.97;mslp;heur;0.27;0.96;-1;3600;60000;I;60;1.0;0.07;LR2_2_4;0;/dados/rmelo/PDPTW-SE/benchmark_multi_island_v5/official_experiments/multistartlp/official/set_01_pt_01/logs;0;0;0;0.0;99.84;1;41;/dados/rmelo/PDPTW-SE/benchmark_multi_island_v5/official_experiments/multistartlp/official/set_01_pt_01/logs/heur_mslp/solutions/60R_60V_04I_06M/LR2_2_4_sol_genconfig_mslp_seed_41.txt;Gurobi;AUTOMATIC;18.48;_bash_2;_seed_41;198.22;1;2841.17;/dados/rmelo/PDPTW-SE/benchmark_multi_island_v5/official_experiments/multistartlp/official/set_01_pt_01/logs/heur_mslp/timelines/60R_60V_04I_06M/LR2_2_4_timeline_genconfig_mslp_seed_41.txt;3600.02;t2;0;6944.33;false
0.05;0.06;0.09;0.15;0.03;0.2;9;/dados/rmelo/PDPTW-SE/benchmark_multi_island_v5/official_experiments/multistartlp/official/set_01_pt_01/logs/heur_mslp/outputs/csvresults_heur_mslp_bash_2.csv;0;5;1;122;0;0.0;0.5;true;62;2;LR2_2_5_t2_60R_60V_04I_05M;/dados/rmelo/PDPTW-SE/benchmark_multi_island_v5/official_experiments/multistartlp/official/set_01_pt_01/configs/genconfig_mslp.conf;genconfig_mslp;/dados/rmelo/PDPTW-SE/benchmark_multi_island_v5/official_experiments/multistartlp/official/set_01_pt_01/logs/heur_mslp/gurobi/60R_60V_04I_05M/LR2_2_5_grb_genconfig_mslp_seed_41.log;random;60R_60V_04I_05M;1;0;1;/dados/rmelo/PDPTW-SE/benchmark_multi_island_v5/official_experiments/multistartlp/official/set_01_pt_01/../../../../instances/orig_ams_fg/60R_60V_04I_06M/t2/LR2_2_5/;54437;47415;0;15687.67;121;61;H;50;95;0;100.0;30.0;true;0.95;100.0;1.0;1.0;1.0;1.0;60;M;54437;54437;false;80;0.91;180.52;1.0;40;10;1000000;-1;3600;5.61;0.69;0.93;mslp;heur;0.4;0.82;-1;3600;60000;I;60;1.0;0.12;LR2_2_5;0;/dados/rmelo/PDPTW-SE/benchmark_multi_island_v5/official_experiments/multistartlp/official/set_01_pt_01/logs;0;0;0;0.0;100.0;1;41;/dados/rmelo/PDPTW-SE/benchmark_multi_island_v5/official_experiments/multistartlp/official/set_01_pt_01/logs/heur_mslp/solutions/60R_60V_04I_05M/LR2_2_5_sol_genconfig_mslp_seed_41.txt;Gurobi;AUTOMATIC;18.55;_bash_2;_seed_41;3055.57;1;3137.15;/dados/rmelo/PDPTW-SE/benchmark_multi_island_v5/official_experiments/multistartlp/official/set_01_pt_01/logs/heur_mslp/timelines/60R_60V_04I_05M/LR2_2_5_timeline_genconfig_mslp_seed_41.txt;3600.05;t2;0;12183.51;false
0.05;0.05;0.07;0.12;0.03;0.2;11;/dados/rmelo/PDPTW-SE/benchmark_multi_island_v5/official_experiments/multistartlp/official/set_01_pt_01/logs/heur_mslp/outputs/csvresults_heur_mslp_bash_2.csv;0;6;1;122;0;0.0;0.5;true;62;2;LR2_2_5_t2_60R_60V_04I_06M;/dados/rmelo/PDPTW-SE/benchmark_multi_island_v5/official_experiments/multistartlp/official/set_01_pt_01/configs/genconfig_mslp.conf;genconfig_mslp;/dados/rmelo/PDPTW-SE/benchmark_multi_island_v5/official_experiments/multistartlp/official/set_01_pt_01/logs/heur_mslp/gurobi/60R_60V_04I_06M/LR2_2_5_grb_genconfig_mslp_seed_41.log;random;60R_60V_04I_06M;1;0;1;/dados/rmelo/PDPTW-SE/benchmark_multi_island_v5/official_experiments/multistartlp/official/set_01_pt_01/../../../../instances/orig_ams_fg/60R_60V_04I_06M/t2/LR2_2_5/;51119;47415;0;16069.19;121;61;H;50;95;0;100.0;30.0;true;0.95;100.0;1.0;1.0;1.0;1.0;60;M;51119;51119;false;80;0.91;180.52;1.0;40;10;1000000;-1;3600;6.08;0.67;0.94;mslp;heur;0.38;0.82;-1;3600;60000;I;60;1.0;0.12;LR2_2_5;0;/dados/rmelo/PDPTW-SE/benchmark_multi_island_v5/official_experiments/multistartlp/official/set_01_pt_01/logs;0;0;0;0.0;100.0;1;41;/dados/rmelo/PDPTW-SE/benchmark_multi_island_v5/official_experiments/multistartlp/official/set_01_pt_01/logs/heur_mslp/solutions/60R_60V_04I_06M/LR2_2_5_sol_genconfig_mslp_seed_41.txt;Gurobi;AUTOMATIC;18.5;_bash_2;_seed_41;3107.98;1;3350.95;/dados/rmelo/PDPTW-SE/benchmark_multi_island_v5/official_experiments/multistartlp/official/set_01_pt_01/logs/heur_mslp/timelines/60R_60V_04I_06M/LR2_2_5_timeline_genconfig_mslp_seed_41.txt;3600.04;t2;0;11947.06;false
