name;group;type;full_name;max_Q;n;M;inst_path;method_type;method_code;gen_config_file;greedy_service_order;cutoff;cutoff_machs;solver;max_time;gurobi_cuts;type_user_cut;mip_presolve;print_sol;max_nodes;elevator;make_instance_feasible;output;epsilon;epsilon_cap;warm_start;seed;alpha;max_iter;output_flag_grb_mip;output_flag_grb_mslp;output_flag_grb_lmns;mslp_r;mslp_a;lmns_r;lmns_a;lmns_repair_time;lmns_mip_focus;lmns_gap_to_bigger_destruction;lmns_gap_to_smaller_destruction;lmns_weight_shaw_dist_prox;lmns_weight_shaw_earl_prox;lmns_weight_shaw_same_route;lmns_weight_shaw_demand_sim;lmns_req_r_apply_mip_start;lmns_acceptance_criteria;lmns_metropolis_temp;lmns_simulated_annealing_temp;lmns_simulated_annealing_cool;mip_max_time;hx_max_time;csv_file_name;sol_file_name;timeline_file_name;grb_file_name;validate_synchronization;constraints_used_melo_mip_str;run_callback_melo_mip;mip_heuristics;threads;gen_config_filename;status;optimal;tle_feas;tle_not_feas;obj_value;bestbound;numnodes;time;gap;n_vars;n_bin_vars;n_x_vars;n_z_vars;n_t_vars;n_tstart_vars;n_tfinal_vars;n_phi_vars;n_alpha_vars;n_gamma_vars;c35;c36;c37;c38;c39;c40;c41;c42;c43;c44;c45;c46;c47;n_vehicles_used;n_machines_used;max_max_load_all_vehicles;min_max_load_all_vehicles;mean_max_load_all_vehicles;min_completion_time;max_completion_time;mean_completion_time;avrg_machines_travel_time_with_vehicle;avrg_machines_travel_time_only_with_vehicle;avrg_machines_travel_time_no_vehicle;avrg_vehicles_waiting_time_for_a_machine_travel;avrg_vehicles_waiting_time_for_a_service
lr101;06R_06V_02F_03M;t1;lr101_t1_06R_06V_02F_03M;52;6;[  0  79 308 298 279 269 274 241   6];/dados/rmelo/PDPTW-SE/benchmark_multi_floor_v3/official_experiments/mip_gurobi/set_02_pt_01/../../../instances/orig_ams_fg/06R_06V_02F_04M/t1/lr101/;form;melo;/dados/rmelo/PDPTW-SE/benchmark_multi_floor_v3/official_experiments/mip_gurobi/set_02_pt_01/configs/genconfig_melo.conf;tightest_tw;0;3;Gurobi;7200;1;0;-1;1;-1;1;False;/dados/rmelo/PDPTW-SE/benchmark_multi_floor_v3/official_experiments/mip_gurobi/set_02_pt_01/logs/;0.0;0.5;False;0;0.2;1000000;1;0;0;M;60;M;60;30.0;0;50;95;1.0;1.0;1.0;1.0;True;H;100.0;100.0;0.95;3600;3600;/dados/rmelo/PDPTW-SE/benchmark_multi_floor_v3/official_experiments/mip_gurobi/set_02_pt_01/logs/form_melo/outputs/csvresults_form_melo.csv;/dados/rmelo/PDPTW-SE/benchmark_multi_floor_v3/official_experiments/mip_gurobi/set_02_pt_01/logs/form_melo/solutions/06R_06V_02F_03M/lr101_sol_genconfig_melo.txt;/dados/rmelo/PDPTW-SE/benchmark_multi_floor_v3/official_experiments/mip_gurobi/set_02_pt_01/logs/form_melo/timelines/06R_06V_02F_03M/lr101_timeline_genconfig_melo.txt;/dados/rmelo/PDPTW-SE/benchmark_multi_floor_v3/official_experiments/mip_gurobi/set_02_pt_01/logs/form_melo/gurobi/06R_06V_02F_03M/lr101_grb_genconfig_melo.log;True;1-29;False;0.05;8;genconfig_melo;2;1;0;0;779.06;779.06;1.0;0.08;0.0;465;321;114;84;18;6;6;30;30;177;[];[];[];[];[];[];[];[];[];[];[];[];[];1.0;1.0;0.6;0.21;0.33;0.43;0.74;0.56;0.12;0.07;0.05;0.0;0.11
lr101;06R_06V_02F_04M;t1;lr101_t1_06R_06V_02F_04M;52;6;[  0  79 308 298 280 270 275 241   6];/dados/rmelo/PDPTW-SE/benchmark_multi_floor_v3/official_experiments/mip_gurobi/set_02_pt_01/../../../instances/orig_ams_fg/06R_06V_02F_04M/t1/lr101/;form;melo;/dados/rmelo/PDPTW-SE/benchmark_multi_floor_v3/official_experiments/mip_gurobi/set_02_pt_01/configs/genconfig_melo.conf;tightest_tw;0;4;Gurobi;7200;1;0;-1;1;-1;1;False;/dados/rmelo/PDPTW-SE/benchmark_multi_floor_v3/official_experiments/mip_gurobi/set_02_pt_01/logs/;0.0;0.5;False;0;0.2;1000000;1;0;0;M;60;M;60;30.0;0;50;95;1.0;1.0;1.0;1.0;True;H;100.0;100.0;0.95;3600;3600;/dados/rmelo/PDPTW-SE/benchmark_multi_floor_v3/official_experiments/mip_gurobi/set_02_pt_01/logs/form_melo/outputs/csvresults_form_melo.csv;/dados/rmelo/PDPTW-SE/benchmark_multi_floor_v3/official_experiments/mip_gurobi/set_02_pt_01/logs/form_melo/solutions/06R_06V_02F_04M/lr101_sol_genconfig_melo.txt;/dados/rmelo/PDPTW-SE/benchmark_multi_floor_v3/official_experiments/mip_gurobi/set_02_pt_01/logs/form_melo/timelines/06R_06V_02F_04M/lr101_timeline_genconfig_melo.txt;/dados/rmelo/PDPTW-SE/benchmark_multi_floor_v3/official_experiments/mip_gurobi/set_02_pt_01/logs/form_melo/gurobi/06R_06V_02F_04M/lr101_grb_genconfig_melo.log;True;1-29;False;0.05;8;genconfig_melo;2;1;0;0;766.07;766.07;1.0;0.11;0.0;545;391;114;84;18;6;6;40;40;237;[];[];[];[];[];[];[];[];[];[];[];[];[];1.0;0.75;0.76;0.21;0.35;0.41;0.73;0.56;0.12;0.07;0.05;0.0;0.11
lr102;06R_06V_02F_03M;t1;lr102_t1_06R_06V_02F_03M;58;6;[  0  88 302 292 277 267 272 241   6];/dados/rmelo/PDPTW-SE/benchmark_multi_floor_v3/official_experiments/mip_gurobi/set_02_pt_01/../../../instances/orig_ams_fg/06R_06V_02F_04M/t1/lr102/;form;melo;/dados/rmelo/PDPTW-SE/benchmark_multi_floor_v3/official_experiments/mip_gurobi/set_02_pt_01/configs/genconfig_melo.conf;tightest_tw;0;3;Gurobi;7200;1;0;-1;1;-1;1;False;/dados/rmelo/PDPTW-SE/benchmark_multi_floor_v3/official_experiments/mip_gurobi/set_02_pt_01/logs/;0.0;0.5;False;0;0.2;1000000;1;0;0;M;60;M;60;30.0;0;50;95;1.0;1.0;1.0;1.0;True;H;100.0;100.0;0.95;3600;3600;/dados/rmelo/PDPTW-SE/benchmark_multi_floor_v3/official_experiments/mip_gurobi/set_02_pt_01/logs/form_melo/outputs/csvresults_form_melo.csv;/dados/rmelo/PDPTW-SE/benchmark_multi_floor_v3/official_experiments/mip_gurobi/set_02_pt_01/logs/form_melo/solutions/06R_06V_02F_03M/lr102_sol_genconfig_melo.txt;/dados/rmelo/PDPTW-SE/benchmark_multi_floor_v3/official_experiments/mip_gurobi/set_02_pt_01/logs/form_melo/timelines/06R_06V_02F_03M/lr102_timeline_genconfig_melo.txt;/dados/rmelo/PDPTW-SE/benchmark_multi_floor_v3/official_experiments/mip_gurobi/set_02_pt_01/logs/form_melo/gurobi/06R_06V_02F_03M/lr102_grb_genconfig_melo.log;True;1-29;False;0.05;8;genconfig_melo;2;1;0;0;580.21;580.21;148.0;0.54;0.0;765;609;192;84;18;6;6;42;42;375;[];[];[];[];[];[];[];[];[];[];[];[];[];0.67;0.67;0.6;0.05;0.43;0.4;0.91;0.63;0.13;0.09;0.04;0.0;0.01
lr102;06R_06V_02F_04M;t1;lr102_t1_06R_06V_02F_04M;58;6;[  0  88 302 292 278 268 273 241   6];/dados/rmelo/PDPTW-SE/benchmark_multi_floor_v3/official_experiments/mip_gurobi/set_02_pt_01/../../../instances/orig_ams_fg/06R_06V_02F_04M/t1/lr102/;form;melo;/dados/rmelo/PDPTW-SE/benchmark_multi_floor_v3/official_experiments/mip_gurobi/set_02_pt_01/configs/genconfig_melo.conf;tightest_tw;0;4;Gurobi;7200;1;0;-1;1;-1;1;False;/dados/rmelo/PDPTW-SE/benchmark_multi_floor_v3/official_experiments/mip_gurobi/set_02_pt_01/logs/;0.0;0.5;False;0;0.2;1000000;1;0;0;M;60;M;60;30.0;0;50;95;1.0;1.0;1.0;1.0;True;H;100.0;100.0;0.95;3600;3600;/dados/rmelo/PDPTW-SE/benchmark_multi_floor_v3/official_experiments/mip_gurobi/set_02_pt_01/logs/form_melo/outputs/csvresults_form_melo.csv;/dados/rmelo/PDPTW-SE/benchmark_multi_floor_v3/official_experiments/mip_gurobi/set_02_pt_01/logs/form_melo/solutions/06R_06V_02F_04M/lr102_sol_genconfig_melo.txt;/dados/rmelo/PDPTW-SE/benchmark_multi_floor_v3/official_experiments/mip_gurobi/set_02_pt_01/logs/form_melo/timelines/06R_06V_02F_04M/lr102_timeline_genconfig_melo.txt;/dados/rmelo/PDPTW-SE/benchmark_multi_floor_v3/official_experiments/mip_gurobi/set_02_pt_01/logs/form_melo/gurobi/06R_06V_02F_04M/lr102_grb_genconfig_melo.log;True;1-29;False;0.05;8;genconfig_melo;2;1;0;0;579.78;579.78;113.0;0.97;0.0;890;722;192;84;18;6;6;54;54;476;[];[];[];[];[];[];[];[];[];[];[];[];[];0.67;0.75;0.54;0.05;0.38;0.4;0.91;0.63;0.09;0.06;0.03;0.0;0.01
lr103;06R_06V_02F_03M;t1;lr103_t1_06R_06V_02F_03M;38;6;[  0  58 309 299 279 269 274 241   6];/dados/rmelo/PDPTW-SE/benchmark_multi_floor_v3/official_experiments/mip_gurobi/set_02_pt_01/../../../instances/orig_ams_fg/06R_06V_02F_04M/t1/lr103/;form;melo;/dados/rmelo/PDPTW-SE/benchmark_multi_floor_v3/official_experiments/mip_gurobi/set_02_pt_01/configs/genconfig_melo.conf;tightest_tw;0;3;Gurobi;7200;1;0;-1;1;-1;1;False;/dados/rmelo/PDPTW-SE/benchmark_multi_floor_v3/official_experiments/mip_gurobi/set_02_pt_01/logs/;0.0;0.5;False;0;0.2;1000000;1;0;0;M;60;M;60;30.0;0;50;95;1.0;1.0;1.0;1.0;True;H;100.0;100.0;0.95;3600;3600;/dados/rmelo/PDPTW-SE/benchmark_multi_floor_v3/official_experiments/mip_gurobi/set_02_pt_01/logs/form_melo/outputs/csvresults_form_melo.csv;/dados/rmelo/PDPTW-SE/benchmark_multi_floor_v3/official_experiments/mip_gurobi/set_02_pt_01/logs/form_melo/solutions/06R_06V_02F_03M/lr103_sol_genconfig_melo.txt;/dados/rmelo/PDPTW-SE/benchmark_multi_floor_v3/official_experiments/mip_gurobi/set_02_pt_01/logs/form_melo/timelines/06R_06V_02F_03M/lr103_timeline_genconfig_melo.txt;/dados/rmelo/PDPTW-SE/benchmark_multi_floor_v3/official_experiments/mip_gurobi/set_02_pt_01/logs/form_melo/gurobi/06R_06V_02F_03M/lr103_grb_genconfig_melo.log;True;1-29;False;0.05;8;genconfig_melo;2;1;0;0;606.25;606.25;4302.0;1.65;0.0;1142;977;234;84;18;6;6;51;51;692;[];[];[];[];[];[];[];[];[];[];[];[];[];0.67;0.67;0.81;0.35;0.54;0.4;0.9;0.66;0.11;0.07;0.04;0.0;0.0
lr103;06R_06V_02F_04M;t1;lr103_t1_06R_06V_02F_04M;38;6;[  0  58 308 298 279 269 274 241   6];/dados/rmelo/PDPTW-SE/benchmark_multi_floor_v3/official_experiments/mip_gurobi/set_02_pt_01/../../../instances/orig_ams_fg/06R_06V_02F_04M/t1/lr103/;form;melo;/dados/rmelo/PDPTW-SE/benchmark_multi_floor_v3/official_experiments/mip_gurobi/set_02_pt_01/configs/genconfig_melo.conf;tightest_tw;0;4;Gurobi;7200;1;0;-1;1;-1;1;False;/dados/rmelo/PDPTW-SE/benchmark_multi_floor_v3/official_experiments/mip_gurobi/set_02_pt_01/logs/;0.0;0.5;False;0;0.2;1000000;1;0;0;M;60;M;60;30.0;0;50;95;1.0;1.0;1.0;1.0;True;H;100.0;100.0;0.95;3600;3600;/dados/rmelo/PDPTW-SE/benchmark_multi_floor_v3/official_experiments/mip_gurobi/set_02_pt_01/logs/form_melo/outputs/csvresults_form_melo.csv;/dados/rmelo/PDPTW-SE/benchmark_multi_floor_v3/official_experiments/mip_gurobi/set_02_pt_01/logs/form_melo/solutions/06R_06V_02F_04M/lr103_sol_genconfig_melo.txt;/dados/rmelo/PDPTW-SE/benchmark_multi_floor_v3/official_experiments/mip_gurobi/set_02_pt_01/logs/form_melo/timelines/06R_06V_02F_04M/lr103_timeline_genconfig_melo.txt;/dados/rmelo/PDPTW-SE/benchmark_multi_floor_v3/official_experiments/mip_gurobi/set_02_pt_01/logs/form_melo/gurobi/06R_06V_02F_04M/lr103_grb_genconfig_melo.log;True;1-29;False;0.05;8;genconfig_melo;2;1;0;0;598.51;598.51;5016.0;2.01;0.0;1387;1206;234;84;18;6;6;67;67;905;[];[];[];[];[];[];[];[];[];[];[];[];[];0.67;0.5;0.81;0.24;0.54;0.4;0.88;0.65;0.11;0.07;0.04;0.0;0.0
lr104;06R_06V_02F_03M;t1;lr104_t1_06R_06V_02F_03M;40;6;[  0  61 307 297 279 269 274 241   6];/dados/rmelo/PDPTW-SE/benchmark_multi_floor_v3/official_experiments/mip_gurobi/set_02_pt_01/../../../instances/orig_ams_fg/06R_06V_02F_04M/t1/lr104/;form;melo;/dados/rmelo/PDPTW-SE/benchmark_multi_floor_v3/official_experiments/mip_gurobi/set_02_pt_01/configs/genconfig_melo.conf;tightest_tw;0;3;Gurobi;7200;1;0;-1;1;-1;1;False;/dados/rmelo/PDPTW-SE/benchmark_multi_floor_v3/official_experiments/mip_gurobi/set_02_pt_01/logs/;0.0;0.5;False;0;0.2;1000000;1;0;0;M;60;M;60;30.0;0;50;95;1.0;1.0;1.0;1.0;True;H;100.0;100.0;0.95;3600;3600;/dados/rmelo/PDPTW-SE/benchmark_multi_floor_v3/official_experiments/mip_gurobi/set_02_pt_01/logs/form_melo/outputs/csvresults_form_melo.csv;/dados/rmelo/PDPTW-SE/benchmark_multi_floor_v3/official_experiments/mip_gurobi/set_02_pt_01/logs/form_melo/solutions/06R_06V_02F_03M/lr104_sol_genconfig_melo.txt;/dados/rmelo/PDPTW-SE/benchmark_multi_floor_v3/official_experiments/mip_gurobi/set_02_pt_01/logs/form_melo/timelines/06R_06V_02F_03M/lr104_timeline_genconfig_melo.txt;/dados/rmelo/PDPTW-SE/benchmark_multi_floor_v3/official_experiments/mip_gurobi/set_02_pt_01/logs/form_melo/gurobi/06R_06V_02F_03M/lr104_grb_genconfig_melo.log;True;1-29;False;0.05;8;genconfig_melo;2;1;0;0;431.33;431.33;22945.0;5.12;0.0;1163;998;288;84;18;6;6;51;51;659;[];[];[];[];[];[];[];[];[];[];[];[];[];0.5;0.33;0.58;0.3;0.48;0.38;0.83;0.63;0.07;0.04;0.02;0.0;0.02
lr104;06R_06V_02F_04M;t1;lr104_t1_06R_06V_02F_04M;40;6;[  0  61 307 297 281 271 276 241   6];/dados/rmelo/PDPTW-SE/benchmark_multi_floor_v3/official_experiments/mip_gurobi/set_02_pt_01/../../../instances/orig_ams_fg/06R_06V_02F_04M/t1/lr104/;form;melo;/dados/rmelo/PDPTW-SE/benchmark_multi_floor_v3/official_experiments/mip_gurobi/set_02_pt_01/configs/genconfig_melo.conf;tightest_tw;0;4;Gurobi;7200;1;0;-1;1;-1;1;False;/dados/rmelo/PDPTW-SE/benchmark_multi_floor_v3/official_experiments/mip_gurobi/set_02_pt_01/logs/;0.0;0.5;False;0;0.2;1000000;1;0;0;M;60;M;60;30.0;0;50;95;1.0;1.0;1.0;1.0;True;H;100.0;100.0;0.95;3600;3600;/dados/rmelo/PDPTW-SE/benchmark_multi_floor_v3/official_experiments/mip_gurobi/set_02_pt_01/logs/form_melo/outputs/csvresults_form_melo.csv;/dados/rmelo/PDPTW-SE/benchmark_multi_floor_v3/official_experiments/mip_gurobi/set_02_pt_01/logs/form_melo/solutions/06R_06V_02F_04M/lr104_sol_genconfig_melo.txt;/dados/rmelo/PDPTW-SE/benchmark_multi_floor_v3/official_experiments/mip_gurobi/set_02_pt_01/logs/form_melo/timelines/06R_06V_02F_04M/lr104_timeline_genconfig_melo.txt;/dados/rmelo/PDPTW-SE/benchmark_multi_floor_v3/official_experiments/mip_gurobi/set_02_pt_01/logs/form_melo/gurobi/06R_06V_02F_04M/lr104_grb_genconfig_melo.log;True;1-29;False;0.05;8;genconfig_melo;2;1;0;0;431.33;431.33;8280.0;6.43;0.0;1588;1400;300;84;18;6;6;74;74;1026;[];[];[];[];[];[];[];[];[];[];[];[];[];0.5;0.25;0.7;0.36;0.51;0.38;0.83;0.63;0.07;0.04;0.02;0.0;0.02
lr105;06R_06V_02F_03M;t1;lr105_t1_06R_06V_02F_03M;52;6;[  0  79 298 288 281 271 276 241   6];/dados/rmelo/PDPTW-SE/benchmark_multi_floor_v3/official_experiments/mip_gurobi/set_02_pt_01/../../../instances/orig_ams_fg/06R_06V_02F_04M/t1/lr105/;form;melo;/dados/rmelo/PDPTW-SE/benchmark_multi_floor_v3/official_experiments/mip_gurobi/set_02_pt_01/configs/genconfig_melo.conf;tightest_tw;0;3;Gurobi;7200;1;0;-1;1;-1;1;False;/dados/rmelo/PDPTW-SE/benchmark_multi_floor_v3/official_experiments/mip_gurobi/set_02_pt_01/logs/;0.0;0.5;False;0;0.2;1000000;1;0;0;M;60;M;60;30.0;0;50;95;1.0;1.0;1.0;1.0;True;H;100.0;100.0;0.95;3600;3600;/dados/rmelo/PDPTW-SE/benchmark_multi_floor_v3/official_experiments/mip_gurobi/set_02_pt_01/logs/form_melo/outputs/csvresults_form_melo.csv;/dados/rmelo/PDPTW-SE/benchmark_multi_floor_v3/official_experiments/mip_gurobi/set_02_pt_01/logs/form_melo/solutions/06R_06V_02F_03M/lr105_sol_genconfig_melo.txt;/dados/rmelo/PDPTW-SE/benchmark_multi_floor_v3/official_experiments/mip_gurobi/set_02_pt_01/logs/form_melo/timelines/06R_06V_02F_03M/lr105_timeline_genconfig_melo.txt;/dados/rmelo/PDPTW-SE/benchmark_multi_floor_v3/official_experiments/mip_gurobi/set_02_pt_01/logs/form_melo/gurobi/06R_06V_02F_03M/lr105_grb_genconfig_melo.log;True;1-29;False;0.05;8;genconfig_melo;2;1;0;0;659.67;659.67;1.0;0.02;0.0;286;160;126;84;18;6;6;12;12;22;[];[];[];[];[];[];[];[];[];[];[];[];[];1.0;0.67;0.5;0.21;0.36;0.31;0.61;0.48;0.11;0.07;0.04;0.0;0.04
lr105;06R_06V_02F_04M;t1;lr105_t1_06R_06V_02F_04M;52;6;[  0  79 298 288 283 273 278 241   6];/dados/rmelo/PDPTW-SE/benchmark_multi_floor_v3/official_experiments/mip_gurobi/set_02_pt_01/../../../instances/orig_ams_fg/06R_06V_02F_04M/t1/lr105/;form;melo;/dados/rmelo/PDPTW-SE/benchmark_multi_floor_v3/official_experiments/mip_gurobi/set_02_pt_01/configs/genconfig_melo.conf;tightest_tw;0;4;Gurobi;7200;1;0;-1;1;-1;1;False;/dados/rmelo/PDPTW-SE/benchmark_multi_floor_v3/official_experiments/mip_gurobi/set_02_pt_01/logs/;0.0;0.5;False;0;0.2;1000000;1;0;0;M;60;M;60;30.0;0;50;95;1.0;1.0;1.0;1.0;True;H;100.0;100.0;0.95;3600;3600;/dados/rmelo/PDPTW-SE/benchmark_multi_floor_v3/official_experiments/mip_gurobi/set_02_pt_01/logs/form_melo/outputs/csvresults_form_melo.csv;/dados/rmelo/PDPTW-SE/benchmark_multi_floor_v3/official_experiments/mip_gurobi/set_02_pt_01/logs/form_melo/solutions/06R_06V_02F_04M/lr105_sol_genconfig_melo.txt;/dados/rmelo/PDPTW-SE/benchmark_multi_floor_v3/official_experiments/mip_gurobi/set_02_pt_01/logs/form_melo/timelines/06R_06V_02F_04M/lr105_timeline_genconfig_melo.txt;/dados/rmelo/PDPTW-SE/benchmark_multi_floor_v3/official_experiments/mip_gurobi/set_02_pt_01/logs/form_melo/gurobi/06R_06V_02F_04M/lr105_grb_genconfig_melo.log;True;1-29;False;0.05;8;genconfig_melo;2;1;0;0;654.46;654.46;1.0;0.03;0.0;301;171;126;84;18;6;6;16;16;29;[];[];[];[];[];[];[];[];[];[];[];[];[];1.0;0.5;0.6;0.13;0.39;0.31;0.61;0.47;0.11;0.07;0.04;0.0;0.04
lr101;06R_06V_04F_03M;t1;lr101_t1_06R_06V_04F_03M;52;6;[  0  79 333 323 294 284 299 276  16];/dados/rmelo/PDPTW-SE/benchmark_multi_floor_v3/official_experiments/mip_gurobi/set_02_pt_01/../../../instances/orig_ams_fg/06R_06V_04F_04M/t1/lr101/;form;melo;/dados/rmelo/PDPTW-SE/benchmark_multi_floor_v3/official_experiments/mip_gurobi/set_02_pt_01/configs/genconfig_melo.conf;tightest_tw;0;3;Gurobi;7200;1;0;-1;1;-1;1;False;/dados/rmelo/PDPTW-SE/benchmark_multi_floor_v3/official_experiments/mip_gurobi/set_02_pt_01/logs/;0.0;0.5;False;0;0.2;1000000;1;0;0;M;60;M;60;30.0;0;50;95;1.0;1.0;1.0;1.0;True;H;100.0;100.0;0.95;3600;3600;/dados/rmelo/PDPTW-SE/benchmark_multi_floor_v3/official_experiments/mip_gurobi/set_02_pt_01/logs/form_melo/outputs/csvresults_form_melo.csv;/dados/rmelo/PDPTW-SE/benchmark_multi_floor_v3/official_experiments/mip_gurobi/set_02_pt_01/logs/form_melo/solutions/06R_06V_04F_03M/lr101_sol_genconfig_melo.txt;/dados/rmelo/PDPTW-SE/benchmark_multi_floor_v3/official_experiments/mip_gurobi/set_02_pt_01/logs/form_melo/timelines/06R_06V_04F_03M/lr101_timeline_genconfig_melo.txt;/dados/rmelo/PDPTW-SE/benchmark_multi_floor_v3/official_experiments/mip_gurobi/set_02_pt_01/logs/form_melo/gurobi/06R_06V_04F_03M/lr101_grb_genconfig_melo.log;True;1-29;False;0.05;8;genconfig_melo;2;1;0;0;748.24;748.24;1914.0;0.3;0.0;546;396;138;84;18;6;6;36;36;222;[];[];[];[];[];[];[];[];[];[];[];[];[];0.83;1.0;0.76;0.13;0.42;0.47;0.98;0.61;0.2;0.11;0.09;0.0;0.13
lr101;06R_06V_04F_04M;t1;lr101_t1_06R_06V_04F_04M;52;6;[  0  79 333 323 295 285 300 276  16];/dados/rmelo/PDPTW-SE/benchmark_multi_floor_v3/official_experiments/mip_gurobi/set_02_pt_01/../../../instances/orig_ams_fg/06R_06V_04F_04M/t1/lr101/;form;melo;/dados/rmelo/PDPTW-SE/benchmark_multi_floor_v3/official_experiments/mip_gurobi/set_02_pt_01/configs/genconfig_melo.conf;tightest_tw;0;4;Gurobi;7200;1;0;-1;1;-1;1;False;/dados/rmelo/PDPTW-SE/benchmark_multi_floor_v3/official_experiments/mip_gurobi/set_02_pt_01/logs/;0.0;0.5;False;0;0.2;1000000;1;0;0;M;60;M;60;30.0;0;50;95;1.0;1.0;1.0;1.0;True;H;100.0;100.0;0.95;3600;3600;/dados/rmelo/PDPTW-SE/benchmark_multi_floor_v3/official_experiments/mip_gurobi/set_02_pt_01/logs/form_melo/outputs/csvresults_form_melo.csv;/dados/rmelo/PDPTW-SE/benchmark_multi_floor_v3/official_experiments/mip_gurobi/set_02_pt_01/logs/form_melo/solutions/06R_06V_04F_04M/lr101_sol_genconfig_melo.txt;/dados/rmelo/PDPTW-SE/benchmark_multi_floor_v3/official_experiments/mip_gurobi/set_02_pt_01/logs/form_melo/timelines/06R_06V_04F_04M/lr101_timeline_genconfig_melo.txt;/dados/rmelo/PDPTW-SE/benchmark_multi_floor_v3/official_experiments/mip_gurobi/set_02_pt_01/logs/form_melo/gurobi/06R_06V_04F_04M/lr101_grb_genconfig_melo.log;True;1-29;False;0.05;8;genconfig_melo;2;1;0;0;735.27;735.27;1669.0;0.31;0.0;641;479;138;84;18;6;6;48;48;293;[];[];[];[];[];[];[];[];[];[];[];[];[];0.83;1.0;0.67;0.13;0.4;0.46;0.98;0.6;0.13;0.08;0.05;0.0;0.13
lr102;06R_06V_04F_03M;t1;lr102_t1_06R_06V_04F_03M;58;6;[  0  88 306 296 281 271 286 265  16];/dados/rmelo/PDPTW-SE/benchmark_multi_floor_v3/official_experiments/mip_gurobi/set_02_pt_01/../../../instances/orig_ams_fg/06R_06V_04F_04M/t1/lr102/;form;melo;/dados/rmelo/PDPTW-SE/benchmark_multi_floor_v3/official_experiments/mip_gurobi/set_02_pt_01/configs/genconfig_melo.conf;tightest_tw;0;3;Gurobi;7200;1;0;-1;1;-1;1;False;/dados/rmelo/PDPTW-SE/benchmark_multi_floor_v3/official_experiments/mip_gurobi/set_02_pt_01/logs/;0.0;0.5;False;0;0.2;1000000;1;0;0;M;60;M;60;30.0;0;50;95;1.0;1.0;1.0;1.0;True;H;100.0;100.0;0.95;3600;3600;/dados/rmelo/PDPTW-SE/benchmark_multi_floor_v3/official_experiments/mip_gurobi/set_02_pt_01/logs/form_melo/outputs/csvresults_form_melo.csv;/dados/rmelo/PDPTW-SE/benchmark_multi_floor_v3/official_experiments/mip_gurobi/set_02_pt_01/logs/form_melo/solutions/06R_06V_04F_03M/lr102_sol_genconfig_melo.txt;/dados/rmelo/PDPTW-SE/benchmark_multi_floor_v3/official_experiments/mip_gurobi/set_02_pt_01/logs/form_melo/timelines/06R_06V_04F_03M/lr102_timeline_genconfig_melo.txt;/dados/rmelo/PDPTW-SE/benchmark_multi_floor_v3/official_experiments/mip_gurobi/set_02_pt_01/logs/form_melo/gurobi/06R_06V_04F_03M/lr102_grb_genconfig_melo.log;True;1-29;False;0.05;8;genconfig_melo;2;1;0;0;687.85;687.85;3055.0;0.85;0.0;961;794;156;84;18;6;6;53;53;585;[];[];[];[];[];[];[];[];[];[];[];[];[];0.67;1.0;0.68;0.03;0.36;0.5;0.88;0.73;0.22;0.16;0.06;0.0;0.0
lr102;06R_06V_04F_04M;t1;lr102_t1_06R_06V_04F_04M;58;6;[  0  88 306 296 282 272 287 265  16];/dados/rmelo/PDPTW-SE/benchmark_multi_floor_v3/official_experiments/mip_gurobi/set_02_pt_01/../../../instances/orig_ams_fg/06R_06V_04F_04M/t1/lr102/;form;melo;/dados/rmelo/PDPTW-SE/benchmark_multi_floor_v3/official_experiments/mip_gurobi/set_02_pt_01/configs/genconfig_melo.conf;tightest_tw;0;4;Gurobi;7200;1;0;-1;1;-1;1;False;/dados/rmelo/PDPTW-SE/benchmark_multi_floor_v3/official_experiments/mip_gurobi/set_02_pt_01/logs/;0.0;0.5;False;0;0.2;1000000;1;0;0;M;60;M;60;30.0;0;50;95;1.0;1.0;1.0;1.0;True;H;100.0;100.0;0.95;3600;3600;/dados/rmelo/PDPTW-SE/benchmark_multi_floor_v3/official_experiments/mip_gurobi/set_02_pt_01/logs/form_melo/outputs/csvresults_form_melo.csv;/dados/rmelo/PDPTW-SE/benchmark_multi_floor_v3/official_experiments/mip_gurobi/set_02_pt_01/logs/form_melo/solutions/06R_06V_04F_04M/lr102_sol_genconfig_melo.txt;/dados/rmelo/PDPTW-SE/benchmark_multi_floor_v3/official_experiments/mip_gurobi/set_02_pt_01/logs/form_melo/timelines/06R_06V_04F_04M/lr102_timeline_genconfig_melo.txt;/dados/rmelo/PDPTW-SE/benchmark_multi_floor_v3/official_experiments/mip_gurobi/set_02_pt_01/logs/form_melo/gurobi/06R_06V_04F_04M/lr102_grb_genconfig_melo.log;True;1-29;False;0.05;8;genconfig_melo;2;1;0;0;684.42;684.42;4889.0;1.49;0.0;1163;980;156;84;18;6;6;69;69;755;[];[];[];[];[];[];[];[];[];[];[];[];[];0.67;1.0;0.6;0.03;0.33;0.5;0.86;0.73;0.17;0.12;0.05;0.0;0.0
lr103;06R_06V_04F_03M;t1;lr103_t1_06R_06V_04F_03M;38;6;[  0  58 329 319 289 279 294 271  16];/dados/rmelo/PDPTW-SE/benchmark_multi_floor_v3/official_experiments/mip_gurobi/set_02_pt_01/../../../instances/orig_ams_fg/06R_06V_04F_04M/t1/lr103/;form;melo;/dados/rmelo/PDPTW-SE/benchmark_multi_floor_v3/official_experiments/mip_gurobi/set_02_pt_01/configs/genconfig_melo.conf;tightest_tw;0;3;Gurobi;7200;1;0;-1;1;-1;1;False;/dados/rmelo/PDPTW-SE/benchmark_multi_floor_v3/official_experiments/mip_gurobi/set_02_pt_01/logs/;0.0;0.5;False;0;0.2;1000000;1;0;0;M;60;M;60;30.0;0;50;95;1.0;1.0;1.0;1.0;True;H;100.0;100.0;0.95;3600;3600;/dados/rmelo/PDPTW-SE/benchmark_multi_floor_v3/official_experiments/mip_gurobi/set_02_pt_01/logs/form_melo/outputs/csvresults_form_melo.csv;/dados/rmelo/PDPTW-SE/benchmark_multi_floor_v3/official_experiments/mip_gurobi/set_02_pt_01/logs/form_melo/solutions/06R_06V_04F_03M/lr103_sol_genconfig_melo.txt;/dados/rmelo/PDPTW-SE/benchmark_multi_floor_v3/official_experiments/mip_gurobi/set_02_pt_01/logs/form_melo/timelines/06R_06V_04F_03M/lr103_timeline_genconfig_melo.txt;/dados/rmelo/PDPTW-SE/benchmark_multi_floor_v3/official_experiments/mip_gurobi/set_02_pt_01/logs/form_melo/gurobi/06R_06V_04F_03M/lr103_grb_genconfig_melo.log;True;1-29;False;0.05;8;genconfig_melo;2;1;0;0;932.18;932.18;1.0;0.11;0.0;642;488;114;84;18;6;6;40;40;334;[];[];[];[];[];[];[];[];[];[];[];[];[];1.0;0.67;0.59;0.18;0.39;0.53;0.78;0.65;0.5;0.29;0.21;0.0;0.0
lr103;06R_06V_04F_04M;t1;lr103_t1_06R_06V_04F_04M;38;6;[  0  58 328 318 289 279 294 271  16];/dados/rmelo/PDPTW-SE/benchmark_multi_floor_v3/official_experiments/mip_gurobi/set_02_pt_01/../../../instances/orig_ams_fg/06R_06V_04F_04M/t1/lr103/;form;melo;/dados/rmelo/PDPTW-SE/benchmark_multi_floor_v3/official_experiments/mip_gurobi/set_02_pt_01/configs/genconfig_melo.conf;tightest_tw;0;4;Gurobi;7200;1;0;-1;1;-1;1;False;/dados/rmelo/PDPTW-SE/benchmark_multi_floor_v3/official_experiments/mip_gurobi/set_02_pt_01/logs/;0.0;0.5;False;0;0.2;1000000;1;0;0;M;60;M;60;30.0;0;50;95;1.0;1.0;1.0;1.0;True;H;100.0;100.0;0.95;3600;3600;/dados/rmelo/PDPTW-SE/benchmark_multi_floor_v3/official_experiments/mip_gurobi/set_02_pt_01/logs/form_melo/outputs/csvresults_form_melo.csv;/dados/rmelo/PDPTW-SE/benchmark_multi_floor_v3/official_experiments/mip_gurobi/set_02_pt_01/logs/form_melo/solutions/06R_06V_04F_04M/lr103_sol_genconfig_melo.txt;/dados/rmelo/PDPTW-SE/benchmark_multi_floor_v3/official_experiments/mip_gurobi/set_02_pt_01/logs/form_melo/timelines/06R_06V_04F_04M/lr103_timeline_genconfig_melo.txt;/dados/rmelo/PDPTW-SE/benchmark_multi_floor_v3/official_experiments/mip_gurobi/set_02_pt_01/logs/form_melo/gurobi/06R_06V_04F_04M/lr103_grb_genconfig_melo.log;True;1-29;False;0.05;8;genconfig_melo;2;1;0;0;919.13;919.11;1.0;0.27;0.0;794;626;114;84;18;6;6;54;54;458;[];[];[];[];[];[];[];[];[];[];[];[];[];1.0;1.0;0.73;0.16;0.4;0.52;0.78;0.64;0.22;0.15;0.08;0.0;0.0
lr104;06R_06V_04F_03M;t1;lr104_t1_06R_06V_04F_03M;40;6;[  0  61 371 361 329 319 334 311  16];/dados/rmelo/PDPTW-SE/benchmark_multi_floor_v3/official_experiments/mip_gurobi/set_02_pt_01/../../../instances/orig_ams_fg/06R_06V_04F_04M/t1/lr104/;form;melo;/dados/rmelo/PDPTW-SE/benchmark_multi_floor_v3/official_experiments/mip_gurobi/set_02_pt_01/configs/genconfig_melo.conf;tightest_tw;0;3;Gurobi;7200;1;0;-1;1;-1;1;False;/dados/rmelo/PDPTW-SE/benchmark_multi_floor_v3/official_experiments/mip_gurobi/set_02_pt_01/logs/;0.0;0.5;False;0;0.2;1000000;1;0;0;M;60;M;60;30.0;0;50;95;1.0;1.0;1.0;1.0;True;H;100.0;100.0;0.95;3600;3600;/dados/rmelo/PDPTW-SE/benchmark_multi_floor_v3/official_experiments/mip_gurobi/set_02_pt_01/logs/form_melo/outputs/csvresults_form_melo.csv;/dados/rmelo/PDPTW-SE/benchmark_multi_floor_v3/official_experiments/mip_gurobi/set_02_pt_01/logs/form_melo/solutions/06R_06V_04F_03M/lr104_sol_genconfig_melo.txt;/dados/rmelo/PDPTW-SE/benchmark_multi_floor_v3/official_experiments/mip_gurobi/set_02_pt_01/logs/form_melo/timelines/06R_06V_04F_03M/lr104_timeline_genconfig_melo.txt;/dados/rmelo/PDPTW-SE/benchmark_multi_floor_v3/official_experiments/mip_gurobi/set_02_pt_01/logs/form_melo/gurobi/06R_06V_04F_03M/lr104_grb_genconfig_melo.log;True;1-29;False;0.05;8;genconfig_melo;2;1;0;0;659.55;659.55;4647.0;1.19;0.0;930;766;186;84;18;6;6;50;50;530;[];[];[];[];[];[];[];[];[];[];[];[];[];0.67;1.0;0.73;0.18;0.5;0.34;0.86;0.59;0.14;0.1;0.05;0.0;0.0
lr104;06R_06V_04F_04M;t1;lr104_t1_06R_06V_04F_04M;40;6;[  0  61 371 361 331 321 336 311  16];/dados/rmelo/PDPTW-SE/benchmark_multi_floor_v3/official_experiments/mip_gurobi/set_02_pt_01/../../../instances/orig_ams_fg/06R_06V_04F_04M/t1/lr104/;form;melo;/dados/rmelo/PDPTW-SE/benchmark_multi_floor_v3/official_experiments/mip_gurobi/set_02_pt_01/configs/genconfig_melo.conf;tightest_tw;0;4;Gurobi;7200;1;0;-1;1;-1;1;False;/dados/rmelo/PDPTW-SE/benchmark_multi_floor_v3/official_experiments/mip_gurobi/set_02_pt_01/logs/;0.0;0.5;False;0;0.2;1000000;1;0;0;M;60;M;60;30.0;0;50;95;1.0;1.0;1.0;1.0;True;H;100.0;100.0;0.95;3600;3600;/dados/rmelo/PDPTW-SE/benchmark_multi_floor_v3/official_experiments/mip_gurobi/set_02_pt_01/logs/form_melo/outputs/csvresults_form_melo.csv;/dados/rmelo/PDPTW-SE/benchmark_multi_floor_v3/official_experiments/mip_gurobi/set_02_pt_01/logs/form_melo/solutions/06R_06V_04F_04M/lr104_sol_genconfig_melo.txt;/dados/rmelo/PDPTW-SE/benchmark_multi_floor_v3/official_experiments/mip_gurobi/set_02_pt_01/logs/form_melo/timelines/06R_06V_04F_04M/lr104_timeline_genconfig_melo.txt;/dados/rmelo/PDPTW-SE/benchmark_multi_floor_v3/official_experiments/mip_gurobi/set_02_pt_01/logs/form_melo/gurobi/06R_06V_04F_04M/lr104_grb_genconfig_melo.log;True;1-29;False;0.05;8;genconfig_melo;2;1;0;0;656.61;656.61;5881.0;2.24;0.0;1305;1117;198;84;18;6;6;74;74;845;[];[];[];[];[];[];[];[];[];[];[];[];[];0.67;1.0;0.58;0.18;0.46;0.34;0.85;0.59;0.13;0.07;0.06;0.0;0.0
lr105;06R_06V_04F_03M;t1;lr105_t1_06R_06V_04F_03M;52;6;[  0  79 311 301 281 271 286 261  16];/dados/rmelo/PDPTW-SE/benchmark_multi_floor_v3/official_experiments/mip_gurobi/set_02_pt_01/../../../instances/orig_ams_fg/06R_06V_04F_04M/t1/lr105/;form;melo;/dados/rmelo/PDPTW-SE/benchmark_multi_floor_v3/official_experiments/mip_gurobi/set_02_pt_01/configs/genconfig_melo.conf;tightest_tw;0;3;Gurobi;7200;1;0;-1;1;-1;1;False;/dados/rmelo/PDPTW-SE/benchmark_multi_floor_v3/official_experiments/mip_gurobi/set_02_pt_01/logs/;0.0;0.5;False;0;0.2;1000000;1;0;0;M;60;M;60;30.0;0;50;95;1.0;1.0;1.0;1.0;True;H;100.0;100.0;0.95;3600;3600;/dados/rmelo/PDPTW-SE/benchmark_multi_floor_v3/official_experiments/mip_gurobi/set_02_pt_01/logs/form_melo/outputs/csvresults_form_melo.csv;/dados/rmelo/PDPTW-SE/benchmark_multi_floor_v3/official_experiments/mip_gurobi/set_02_pt_01/logs/form_melo/solutions/06R_06V_04F_03M/lr105_sol_genconfig_melo.txt;/dados/rmelo/PDPTW-SE/benchmark_multi_floor_v3/official_experiments/mip_gurobi/set_02_pt_01/logs/form_melo/timelines/06R_06V_04F_03M/lr105_timeline_genconfig_melo.txt;/dados/rmelo/PDPTW-SE/benchmark_multi_floor_v3/official_experiments/mip_gurobi/set_02_pt_01/logs/form_melo/gurobi/06R_06V_04F_03M/lr105_grb_genconfig_melo.log;True;1-29;False;0.05;8;genconfig_melo;2;1;0;0;864.42;864.42;1.0;0.05;0.0;374;235;114;84;18;6;6;25;25;96;[];[];[];[];[];[];[];[];[];[];[];[];[];1.0;1.0;0.5;0.21;0.36;0.37;0.75;0.63;0.28;0.17;0.11;0.0;0.03
lr105;06R_06V_04F_04M;t1;lr105_t1_06R_06V_04F_04M;52;6;[  0  79 309 299 283 273 288 261  16];/dados/rmelo/PDPTW-SE/benchmark_multi_floor_v3/official_experiments/mip_gurobi/set_02_pt_01/../../../instances/orig_ams_fg/06R_06V_04F_04M/t1/lr105/;form;melo;/dados/rmelo/PDPTW-SE/benchmark_multi_floor_v3/official_experiments/mip_gurobi/set_02_pt_01/configs/genconfig_melo.conf;tightest_tw;0;4;Gurobi;7200;1;0;-1;1;-1;1;False;/dados/rmelo/PDPTW-SE/benchmark_multi_floor_v3/official_experiments/mip_gurobi/set_02_pt_01/logs/;0.0;0.5;False;0;0.2;1000000;1;0;0;M;60;M;60;30.0;0;50;95;1.0;1.0;1.0;1.0;True;H;100.0;100.0;0.95;3600;3600;/dados/rmelo/PDPTW-SE/benchmark_multi_floor_v3/official_experiments/mip_gurobi/set_02_pt_01/logs/form_melo/outputs/csvresults_form_melo.csv;/dados/rmelo/PDPTW-SE/benchmark_multi_floor_v3/official_experiments/mip_gurobi/set_02_pt_01/logs/form_melo/solutions/06R_06V_04F_04M/lr105_sol_genconfig_melo.txt;/dados/rmelo/PDPTW-SE/benchmark_multi_floor_v3/official_experiments/mip_gurobi/set_02_pt_01/logs/form_melo/timelines/06R_06V_04F_04M/lr105_timeline_genconfig_melo.txt;/dados/rmelo/PDPTW-SE/benchmark_multi_floor_v3/official_experiments/mip_gurobi/set_02_pt_01/logs/form_melo/gurobi/06R_06V_04F_04M/lr105_grb_genconfig_melo.log;True;1-29;False;0.05;8;genconfig_melo;2;1;0;0;856.89;856.89;1.0;0.09;0.0;420;273;114;84;18;6;6;33;33;126;[];[];[];[];[];[];[];[];[];[];[];[];[];1.0;1.0;0.5;0.21;0.36;0.37;0.74;0.62;0.21;0.13;0.08;0.0;0.03
lr101;08R_08V_02F_03M;t1;lr101_t1_08R_08V_02F_03M;52;8;[  0  79 291 281 279 269 274 241   6];/dados/rmelo/PDPTW-SE/benchmark_multi_floor_v3/official_experiments/mip_gurobi/set_02_pt_01/../../../instances/orig_ams_fg/08R_08V_02F_04M/t1/lr101/;form;melo;/dados/rmelo/PDPTW-SE/benchmark_multi_floor_v3/official_experiments/mip_gurobi/set_02_pt_01/configs/genconfig_melo.conf;tightest_tw;0;3;Gurobi;7200;1;0;-1;1;-1;1;False;/dados/rmelo/PDPTW-SE/benchmark_multi_floor_v3/official_experiments/mip_gurobi/set_02_pt_01/logs/;0.0;0.5;False;0;0.2;1000000;1;0;0;M;60;M;60;30.0;0;50;95;1.0;1.0;1.0;1.0;True;H;100.0;100.0;0.95;3600;3600;/dados/rmelo/PDPTW-SE/benchmark_multi_floor_v3/official_experiments/mip_gurobi/set_02_pt_01/logs/form_melo/outputs/csvresults_form_melo.csv;/dados/rmelo/PDPTW-SE/benchmark_multi_floor_v3/official_experiments/mip_gurobi/set_02_pt_01/logs/form_melo/solutions/08R_08V_02F_03M/lr101_sol_genconfig_melo.txt;/dados/rmelo/PDPTW-SE/benchmark_multi_floor_v3/official_experiments/mip_gurobi/set_02_pt_01/logs/form_melo/timelines/08R_08V_02F_03M/lr101_timeline_genconfig_melo.txt;/dados/rmelo/PDPTW-SE/benchmark_multi_floor_v3/official_experiments/mip_gurobi/set_02_pt_01/logs/form_melo/gurobi/08R_08V_02F_03M/lr101_grb_genconfig_melo.log;True;1-29;False;0.05;8;genconfig_melo;2;1;0;0;1016.87;1016.87;1.0;0.09;0.0;849;625;264;144;24;8;8;40;40;321;[];[];[];[];[];[];[];[];[];[];[];[];[];1.0;1.0;0.76;0.19;0.36;0.44;0.66;0.55;0.13;0.07;0.06;0.01;0.18
lr101;08R_08V_02F_04M;t1;lr101_t1_08R_08V_02F_04M;52;8;[  0  79 291 281 280 270 275 241   6];/dados/rmelo/PDPTW-SE/benchmark_multi_floor_v3/official_experiments/mip_gurobi/set_02_pt_01/../../../instances/orig_ams_fg/08R_08V_02F_04M/t1/lr101/;form;melo;/dados/rmelo/PDPTW-SE/benchmark_multi_floor_v3/official_experiments/mip_gurobi/set_02_pt_01/configs/genconfig_melo.conf;tightest_tw;0;4;Gurobi;7200;1;0;-1;1;-1;1;False;/dados/rmelo/PDPTW-SE/benchmark_multi_floor_v3/official_experiments/mip_gurobi/set_02_pt_01/logs/;0.0;0.5;False;0;0.2;1000000;1;0;0;M;60;M;60;30.0;0;50;95;1.0;1.0;1.0;1.0;True;H;100.0;100.0;0.95;3600;3600;/dados/rmelo/PDPTW-SE/benchmark_multi_floor_v3/official_experiments/mip_gurobi/set_02_pt_01/logs/form_melo/outputs/csvresults_form_melo.csv;/dados/rmelo/PDPTW-SE/benchmark_multi_floor_v3/official_experiments/mip_gurobi/set_02_pt_01/logs/form_melo/solutions/08R_08V_02F_04M/lr101_sol_genconfig_melo.txt;/dados/rmelo/PDPTW-SE/benchmark_multi_floor_v3/official_experiments/mip_gurobi/set_02_pt_01/logs/form_melo/timelines/08R_08V_02F_04M/lr101_timeline_genconfig_melo.txt;/dados/rmelo/PDPTW-SE/benchmark_multi_floor_v3/official_experiments/mip_gurobi/set_02_pt_01/logs/form_melo/gurobi/08R_08V_02F_04M/lr101_grb_genconfig_melo.log;True;1-29;False;0.05;8;genconfig_melo;2;1;0;0;1004.95;1004.95;1.0;0.09;0.0;992;754;264;144;24;8;8;54;54;436;[];[];[];[];[];[];[];[];[];[];[];[];[];1.0;1.0;0.76;0.19;0.35;0.44;0.64;0.55;0.09;0.05;0.04;0.06;0.18
lr102;08R_08V_02F_03M;t1;lr102_t1_08R_08V_02F_03M;58;8;[  0  88 344 334 313 303 308 277   6];/dados/rmelo/PDPTW-SE/benchmark_multi_floor_v3/official_experiments/mip_gurobi/set_02_pt_01/../../../instances/orig_ams_fg/08R_08V_02F_04M/t1/lr102/;form;melo;/dados/rmelo/PDPTW-SE/benchmark_multi_floor_v3/official_experiments/mip_gurobi/set_02_pt_01/configs/genconfig_melo.conf;tightest_tw;0;3;Gurobi;7200;1;0;-1;1;-1;1;False;/dados/rmelo/PDPTW-SE/benchmark_multi_floor_v3/official_experiments/mip_gurobi/set_02_pt_01/logs/;0.0;0.5;False;0;0.2;1000000;1;0;0;M;60;M;60;30.0;0;50;95;1.0;1.0;1.0;1.0;True;H;100.0;100.0;0.95;3600;3600;/dados/rmelo/PDPTW-SE/benchmark_multi_floor_v3/official_experiments/mip_gurobi/set_02_pt_01/logs/form_melo/outputs/csvresults_form_melo.csv;/dados/rmelo/PDPTW-SE/benchmark_multi_floor_v3/official_experiments/mip_gurobi/set_02_pt_01/logs/form_melo/solutions/08R_08V_02F_03M/lr102_sol_genconfig_melo.txt;/dados/rmelo/PDPTW-SE/benchmark_multi_floor_v3/official_experiments/mip_gurobi/set_02_pt_01/logs/form_melo/timelines/08R_08V_02F_03M/lr102_timeline_genconfig_melo.txt;/dados/rmelo/PDPTW-SE/benchmark_multi_floor_v3/official_experiments/mip_gurobi/set_02_pt_01/logs/form_melo/gurobi/08R_08V_02F_03M/lr102_grb_genconfig_melo.log;True;1-29;False;0.05;8;genconfig_melo;2;1;0;0;858.55;858.55;23626.0;5.92;0.0;1501;1258;392;144;24;8;8;59;59;807;[];[];[];[];[];[];[];[];[];[];[];[];[];0.75;1.0;0.6;0.33;0.46;0.3;0.73;0.54;0.11;0.06;0.04;0.0;0.0
lr102;08R_08V_02F_04M;t1;lr102_t1_08R_08V_02F_04M;58;8;[  0  88 343 333 314 304 309 277   6];/dados/rmelo/PDPTW-SE/benchmark_multi_floor_v3/official_experiments/mip_gurobi/set_02_pt_01/../../../instances/orig_ams_fg/08R_08V_02F_04M/t1/lr102/;form;melo;/dados/rmelo/PDPTW-SE/benchmark_multi_floor_v3/official_experiments/mip_gurobi/set_02_pt_01/configs/genconfig_melo.conf;tightest_tw;0;4;Gurobi;7200;1;0;-1;1;-1;1;False;/dados/rmelo/PDPTW-SE/benchmark_multi_floor_v3/official_experiments/mip_gurobi/set_02_pt_01/logs/;0.0;0.5;False;0;0.2;1000000;1;0;0;M;60;M;60;30.0;0;50;95;1.0;1.0;1.0;1.0;True;H;100.0;100.0;0.95;3600;3600;/dados/rmelo/PDPTW-SE/benchmark_multi_floor_v3/official_experiments/mip_gurobi/set_02_pt_01/logs/form_melo/outputs/csvresults_form_melo.csv;/dados/rmelo/PDPTW-SE/benchmark_multi_floor_v3/official_experiments/mip_gurobi/set_02_pt_01/logs/form_melo/solutions/08R_08V_02F_04M/lr102_sol_genconfig_melo.txt;/dados/rmelo/PDPTW-SE/benchmark_multi_floor_v3/official_experiments/mip_gurobi/set_02_pt_01/logs/form_melo/timelines/08R_08V_02F_04M/lr102_timeline_genconfig_melo.txt;/dados/rmelo/PDPTW-SE/benchmark_multi_floor_v3/official_experiments/mip_gurobi/set_02_pt_01/logs/form_melo/gurobi/08R_08V_02F_04M/lr102_grb_genconfig_melo.log;True;1-29;False;0.05;8;genconfig_melo;2;1;0;0;853.49;853.49;21074.0;10.39;0.0;1892;1626;392;144;24;8;8;82;82;1152;[];[];[];[];[];[];[];[];[];[];[];[];[];0.75;1.0;0.76;0.28;0.46;0.3;0.73;0.53;0.08;0.05;0.03;0.0;0.0
lr103;08R_08V_02F_03M;t1;lr103_t1_08R_08V_02F_03M;38;8;[  0  58 309 299 279 269 274 241   6];/dados/rmelo/PDPTW-SE/benchmark_multi_floor_v3/official_experiments/mip_gurobi/set_02_pt_01/../../../instances/orig_ams_fg/08R_08V_02F_04M/t1/lr103/;form;melo;/dados/rmelo/PDPTW-SE/benchmark_multi_floor_v3/official_experiments/mip_gurobi/set_02_pt_01/configs/genconfig_melo.conf;tightest_tw;0;3;Gurobi;7200;1;0;-1;1;-1;1;False;/dados/rmelo/PDPTW-SE/benchmark_multi_floor_v3/official_experiments/mip_gurobi/set_02_pt_01/logs/;0.0;0.5;False;0;0.2;1000000;1;0;0;M;60;M;60;30.0;0;50;95;1.0;1.0;1.0;1.0;True;H;100.0;100.0;0.95;3600;3600;/dados/rmelo/PDPTW-SE/benchmark_multi_floor_v3/official_experiments/mip_gurobi/set_02_pt_01/logs/form_melo/outputs/csvresults_form_melo.csv;/dados/rmelo/PDPTW-SE/benchmark_multi_floor_v3/official_experiments/mip_gurobi/set_02_pt_01/logs/form_melo/solutions/08R_08V_02F_03M/lr103_sol_genconfig_melo.txt;/dados/rmelo/PDPTW-SE/benchmark_multi_floor_v3/official_experiments/mip_gurobi/set_02_pt_01/logs/form_melo/timelines/08R_08V_02F_03M/lr103_timeline_genconfig_melo.txt;/dados/rmelo/PDPTW-SE/benchmark_multi_floor_v3/official_experiments/mip_gurobi/set_02_pt_01/logs/form_melo/gurobi/08R_08V_02F_03M/lr103_grb_genconfig_melo.log;True;1-29;False;0.05;8;genconfig_melo;2;1;0;0;769.27;769.27;1145281.0;1932.32;0.0;5470;5158;736;144;24;8;8;128;128;4294;[];[];[];[];[];[];[];[];[];[];[];[];[];0.5;0.67;0.92;0.58;0.78;0.73;0.9;0.84;0.15;0.09;0.07;0.0;0.0
lr103;08R_08V_02F_04M;t1;lr103_t1_08R_08V_02F_04M;38;8;[  0  58 308 298 279 269 274 241   6];/dados/rmelo/PDPTW-SE/benchmark_multi_floor_v3/official_experiments/mip_gurobi/set_02_pt_01/../../../instances/orig_ams_fg/08R_08V_02F_04M/t1/lr103/;form;melo;/dados/rmelo/PDPTW-SE/benchmark_multi_floor_v3/official_experiments/mip_gurobi/set_02_pt_01/configs/genconfig_melo.conf;tightest_tw;0;4;Gurobi;7200;1;0;-1;1;-1;1;False;/dados/rmelo/PDPTW-SE/benchmark_multi_floor_v3/official_experiments/mip_gurobi/set_02_pt_01/logs/;0.0;0.5;False;0;0.2;1000000;1;0;0;M;60;M;60;30.0;0;50;95;1.0;1.0;1.0;1.0;True;H;100.0;100.0;0.95;3600;3600;/dados/rmelo/PDPTW-SE/benchmark_multi_floor_v3/official_experiments/mip_gurobi/set_02_pt_01/logs/form_melo/outputs/csvresults_form_melo.csv;/dados/rmelo/PDPTW-SE/benchmark_multi_floor_v3/official_experiments/mip_gurobi/set_02_pt_01/logs/form_melo/solutions/08R_08V_02F_04M/lr103_sol_genconfig_melo.txt;/dados/rmelo/PDPTW-SE/benchmark_multi_floor_v3/official_experiments/mip_gurobi/set_02_pt_01/logs/form_melo/timelines/08R_08V_02F_04M/lr103_timeline_genconfig_melo.txt;/dados/rmelo/PDPTW-SE/benchmark_multi_floor_v3/official_experiments/mip_gurobi/set_02_pt_01/logs/form_melo/gurobi/08R_08V_02F_04M/lr103_grb_genconfig_melo.log;True;1-29;False;0.05;8;genconfig_melo;2;1;0;0;761.6;761.6;1315320.0;2671.75;0.0;6972;6618;736;144;24;8;8;170;170;5712;[];[];[];[];[];[];[];[];[];[];[];[];[];0.5;0.5;0.92;0.59;0.77;0.73;0.88;0.83;0.15;0.09;0.07;0.0;0.0
lr104;08R_08V_02F_03M;t1;lr104_t1_08R_08V_02F_03M;40;8;[  0  61 352 342 323 313 318 286   6];/dados/rmelo/PDPTW-SE/benchmark_multi_floor_v3/official_experiments/mip_gurobi/set_02_pt_01/../../../instances/orig_ams_fg/08R_08V_02F_04M/t1/lr104/;form;melo;/dados/rmelo/PDPTW-SE/benchmark_multi_floor_v3/official_experiments/mip_gurobi/set_02_pt_01/configs/genconfig_melo.conf;tightest_tw;0;3;Gurobi;7200;1;0;-1;1;-1;1;False;/dados/rmelo/PDPTW-SE/benchmark_multi_floor_v3/official_experiments/mip_gurobi/set_02_pt_01/logs/;0.0;0.5;False;0;0.2;1000000;1;0;0;M;60;M;60;30.0;0;50;95;1.0;1.0;1.0;1.0;True;H;100.0;100.0;0.95;3600;3600;/dados/rmelo/PDPTW-SE/benchmark_multi_floor_v3/official_experiments/mip_gurobi/set_02_pt_01/logs/form_melo/outputs/csvresults_form_melo.csv;/dados/rmelo/PDPTW-SE/benchmark_multi_floor_v3/official_experiments/mip_gurobi/set_02_pt_01/logs/form_melo/solutions/08R_08V_02F_03M/lr104_sol_genconfig_melo.txt;/dados/rmelo/PDPTW-SE/benchmark_multi_floor_v3/official_experiments/mip_gurobi/set_02_pt_01/logs/form_melo/timelines/08R_08V_02F_03M/lr104_timeline_genconfig_melo.txt;/dados/rmelo/PDPTW-SE/benchmark_multi_floor_v3/official_experiments/mip_gurobi/set_02_pt_01/logs/form_melo/gurobi/08R_08V_02F_03M/lr104_grb_genconfig_melo.log;True;1-29;False;0.05;8;genconfig_melo;2;1;0;0;765.44;765.44;495173.0;683.58;0.0;3570;3285;624;144;24;8;8;101;101;2560;[];[];[];[];[];[];[];[];[];[];[];[];[];0.5;1.0;0.82;0.35;0.53;0.6;0.77;0.7;0.08;0.05;0.03;0.0;0.01
lr104;08R_08V_02F_04M;t1;lr104_t1_08R_08V_02F_04M;40;8;[  0  61 352 342 323 313 318 286   6];/dados/rmelo/PDPTW-SE/benchmark_multi_floor_v3/official_experiments/mip_gurobi/set_02_pt_01/../../../instances/orig_ams_fg/08R_08V_02F_04M/t1/lr104/;form;melo;/dados/rmelo/PDPTW-SE/benchmark_multi_floor_v3/official_experiments/mip_gurobi/set_02_pt_01/configs/genconfig_melo.conf;tightest_tw;0;4;Gurobi;7200;1;0;-1;1;-1;1;False;/dados/rmelo/PDPTW-SE/benchmark_multi_floor_v3/official_experiments/mip_gurobi/set_02_pt_01/logs/;0.0;0.5;False;0;0.2;1000000;1;0;0;M;60;M;60;30.0;0;50;95;1.0;1.0;1.0;1.0;True;H;100.0;100.0;0.95;3600;3600;/dados/rmelo/PDPTW-SE/benchmark_multi_floor_v3/official_experiments/mip_gurobi/set_02_pt_01/logs/form_melo/outputs/csvresults_form_melo.csv;/dados/rmelo/PDPTW-SE/benchmark_multi_floor_v3/official_experiments/mip_gurobi/set_02_pt_01/logs/form_melo/solutions/08R_08V_02F_04M/lr104_sol_genconfig_melo.txt;/dados/rmelo/PDPTW-SE/benchmark_multi_floor_v3/official_experiments/mip_gurobi/set_02_pt_01/logs/form_melo/timelines/08R_08V_02F_04M/lr104_timeline_genconfig_melo.txt;/dados/rmelo/PDPTW-SE/benchmark_multi_floor_v3/official_experiments/mip_gurobi/set_02_pt_01/logs/form_melo/gurobi/08R_08V_02F_04M/lr104_grb_genconfig_melo.log;True;1-29;False;0.05;8;genconfig_melo;2;1;0;0;762.11;762.11;1051577.0;1438.94;0.0;4629;4307;632;144;24;8;8;138;138;3537;[];[];[];[];[];[];[];[];[];[];[];[];[];0.5;0.75;0.82;0.3;0.53;0.6;0.76;0.69;0.08;0.05;0.03;0.0;0.01
lr105;08R_08V_02F_03M;t1;lr105_t1_08R_08V_02F_03M;52;8;[  0  79 309 299 293 283 288 254   6];/dados/rmelo/PDPTW-SE/benchmark_multi_floor_v3/official_experiments/mip_gurobi/set_02_pt_01/../../../instances/orig_ams_fg/08R_08V_02F_04M/t1/lr105/;form;melo;/dados/rmelo/PDPTW-SE/benchmark_multi_floor_v3/official_experiments/mip_gurobi/set_02_pt_01/configs/genconfig_melo.conf;tightest_tw;0;3;Gurobi;7200;1;0;-1;1;-1;1;False;/dados/rmelo/PDPTW-SE/benchmark_multi_floor_v3/official_experiments/mip_gurobi/set_02_pt_01/logs/;0.0;0.5;False;0;0.2;1000000;1;0;0;M;60;M;60;30.0;0;50;95;1.0;1.0;1.0;1.0;True;H;100.0;100.0;0.95;3600;3600;/dados/rmelo/PDPTW-SE/benchmark_multi_floor_v3/official_experiments/mip_gurobi/set_02_pt_01/logs/form_melo/outputs/csvresults_form_melo.csv;/dados/rmelo/PDPTW-SE/benchmark_multi_floor_v3/official_experiments/mip_gurobi/set_02_pt_01/logs/form_melo/solutions/08R_08V_02F_03M/lr105_sol_genconfig_melo.txt;/dados/rmelo/PDPTW-SE/benchmark_multi_floor_v3/official_experiments/mip_gurobi/set_02_pt_01/logs/form_melo/timelines/08R_08V_02F_03M/lr105_timeline_genconfig_melo.txt;/dados/rmelo/PDPTW-SE/benchmark_multi_floor_v3/official_experiments/mip_gurobi/set_02_pt_01/logs/form_melo/gurobi/08R_08V_02F_03M/lr105_grb_genconfig_melo.log;True;1-29;False;0.05;8;genconfig_melo;2;1;0;0;869.19;869.19;1.0;0.17;0.0;670;456;248;144;24;8;8;30;30;178;[];[];[];[];[];[];[];[];[];[];[];[];[];0.75;1.0;0.76;0.16;0.38;0.33;0.96;0.6;0.12;0.08;0.03;0.0;0.0
lr105;08R_08V_02F_04M;t1;lr105_t1_08R_08V_02F_04M;52;8;[  0  79 309 299 294 284 289 254   6];/dados/rmelo/PDPTW-SE/benchmark_multi_floor_v3/official_experiments/mip_gurobi/set_02_pt_01/../../../instances/orig_ams_fg/08R_08V_02F_04M/t1/lr105/;form;melo;/dados/rmelo/PDPTW-SE/benchmark_multi_floor_v3/official_experiments/mip_gurobi/set_02_pt_01/configs/genconfig_melo.conf;tightest_tw;0;4;Gurobi;7200;1;0;-1;1;-1;1;False;/dados/rmelo/PDPTW-SE/benchmark_multi_floor_v3/official_experiments/mip_gurobi/set_02_pt_01/logs/;0.0;0.5;False;0;0.2;1000000;1;0;0;M;60;M;60;30.0;0;50;95;1.0;1.0;1.0;1.0;True;H;100.0;100.0;0.95;3600;3600;/dados/rmelo/PDPTW-SE/benchmark_multi_floor_v3/official_experiments/mip_gurobi/set_02_pt_01/logs/form_melo/outputs/csvresults_form_melo.csv;/dados/rmelo/PDPTW-SE/benchmark_multi_floor_v3/official_experiments/mip_gurobi/set_02_pt_01/logs/form_melo/solutions/08R_08V_02F_04M/lr105_sol_genconfig_melo.txt;/dados/rmelo/PDPTW-SE/benchmark_multi_floor_v3/official_experiments/mip_gurobi/set_02_pt_01/logs/form_melo/timelines/08R_08V_02F_04M/lr105_timeline_genconfig_melo.txt;/dados/rmelo/PDPTW-SE/benchmark_multi_floor_v3/official_experiments/mip_gurobi/set_02_pt_01/logs/form_melo/gurobi/08R_08V_02F_04M/lr105_grb_genconfig_melo.log;True;1-29;False;0.05;8;genconfig_melo;2;1;0;0;858.77;858.77;1.0;0.21;0.0;749;525;248;144;24;8;8;40;40;237;[];[];[];[];[];[];[];[];[];[];[];[];[];0.75;1.0;0.5;0.21;0.36;0.33;0.96;0.59;0.08;0.06;0.02;0.0;0.0
lr101;08R_08V_04F_03M;t1;lr101_t1_08R_08V_04F_03M;52;8;[  0  79 313 303 279 269 284 261  16];/dados/rmelo/PDPTW-SE/benchmark_multi_floor_v3/official_experiments/mip_gurobi/set_02_pt_01/../../../instances/orig_ams_fg/08R_08V_04F_04M/t1/lr101/;form;melo;/dados/rmelo/PDPTW-SE/benchmark_multi_floor_v3/official_experiments/mip_gurobi/set_02_pt_01/configs/genconfig_melo.conf;tightest_tw;0;3;Gurobi;7200;1;0;-1;1;-1;1;False;/dados/rmelo/PDPTW-SE/benchmark_multi_floor_v3/official_experiments/mip_gurobi/set_02_pt_01/logs/;0.0;0.5;False;0;0.2;1000000;1;0;0;M;60;M;60;30.0;0;50;95;1.0;1.0;1.0;1.0;True;H;100.0;100.0;0.95;3600;3600;/dados/rmelo/PDPTW-SE/benchmark_multi_floor_v3/official_experiments/mip_gurobi/set_02_pt_01/logs/form_melo/outputs/csvresults_form_melo.csv;/dados/rmelo/PDPTW-SE/benchmark_multi_floor_v3/official_experiments/mip_gurobi/set_02_pt_01/logs/form_melo/solutions/08R_08V_04F_03M/lr101_sol_genconfig_melo.txt;/dados/rmelo/PDPTW-SE/benchmark_multi_floor_v3/official_experiments/mip_gurobi/set_02_pt_01/logs/form_melo/timelines/08R_08V_04F_03M/lr101_timeline_genconfig_melo.txt;/dados/rmelo/PDPTW-SE/benchmark_multi_floor_v3/official_experiments/mip_gurobi/set_02_pt_01/logs/form_melo/gurobi/08R_08V_04F_03M/lr101_grb_genconfig_melo.log;True;1-29;False;0.05;8;genconfig_melo;2;1;0;0;1152.25;1152.25;1.0;0.68;0.0;1061;823;232;144;24;8;8;54;54;537;[];[];[];[];[];[];[];[];[];[];[];[];[];1.0;1.0;0.59;0.19;0.35;0.5;0.78;0.63;0.38;0.22;0.17;0.03;0.12
lr101;08R_08V_04F_04M;t1;lr101_t1_08R_08V_04F_04M;52;8;[  0  79 313 303 280 270 285 261  16];/dados/rmelo/PDPTW-SE/benchmark_multi_floor_v3/official_experiments/mip_gurobi/set_02_pt_01/../../../instances/orig_ams_fg/08R_08V_04F_04M/t1/lr101/;form;melo;/dados/rmelo/PDPTW-SE/benchmark_multi_floor_v3/official_experiments/mip_gurobi/set_02_pt_01/configs/genconfig_melo.conf;tightest_tw;0;4;Gurobi;7200;1;0;-1;1;-1;1;False;/dados/rmelo/PDPTW-SE/benchmark_multi_floor_v3/official_experiments/mip_gurobi/set_02_pt_01/logs/;0.0;0.5;False;0;0.2;1000000;1;0;0;M;60;M;60;30.0;0;50;95;1.0;1.0;1.0;1.0;True;H;100.0;100.0;0.95;3600;3600;/dados/rmelo/PDPTW-SE/benchmark_multi_floor_v3/official_experiments/mip_gurobi/set_02_pt_01/logs/form_melo/outputs/csvresults_form_melo.csv;/dados/rmelo/PDPTW-SE/benchmark_multi_floor_v3/official_experiments/mip_gurobi/set_02_pt_01/logs/form_melo/solutions/08R_08V_04F_04M/lr101_sol_genconfig_melo.txt;/dados/rmelo/PDPTW-SE/benchmark_multi_floor_v3/official_experiments/mip_gurobi/set_02_pt_01/logs/form_melo/timelines/08R_08V_04F_04M/lr101_timeline_genconfig_melo.txt;/dados/rmelo/PDPTW-SE/benchmark_multi_floor_v3/official_experiments/mip_gurobi/set_02_pt_01/logs/form_melo/gurobi/08R_08V_04F_04M/lr101_grb_genconfig_melo.log;True;1-29;False;0.05;8;genconfig_melo;2;1;0;0;1132.73;1132.62;1.0;0.91;0.01;1278;1022;232;144;24;8;8;72;72;718;[];[];[];[];[];[];[];[];[];[];[];[];[];1.0;1.0;0.6;0.17;0.35;0.49;0.78;0.62;0.29;0.16;0.13;0.02;0.12
lr102;08R_08V_04F_03M;t1;lr102_t1_08R_08V_04F_03M;58;8;[  0  88 365 355 333 323 338 317  16];/dados/rmelo/PDPTW-SE/benchmark_multi_floor_v3/official_experiments/mip_gurobi/set_02_pt_01/../../../instances/orig_ams_fg/08R_08V_04F_04M/t1/lr102/;form;melo;/dados/rmelo/PDPTW-SE/benchmark_multi_floor_v3/official_experiments/mip_gurobi/set_02_pt_01/configs/genconfig_melo.conf;tightest_tw;0;3;Gurobi;7200;1;0;-1;1;-1;1;False;/dados/rmelo/PDPTW-SE/benchmark_multi_floor_v3/official_experiments/mip_gurobi/set_02_pt_01/logs/;0.0;0.5;False;0;0.2;1000000;1;0;0;M;60;M;60;30.0;0;50;95;1.0;1.0;1.0;1.0;True;H;100.0;100.0;0.95;3600;3600;/dados/rmelo/PDPTW-SE/benchmark_multi_floor_v3/official_experiments/mip_gurobi/set_02_pt_01/logs/form_melo/outputs/csvresults_form_melo.csv;/dados/rmelo/PDPTW-SE/benchmark_multi_floor_v3/official_experiments/mip_gurobi/set_02_pt_01/logs/form_melo/solutions/08R_08V_04F_03M/lr102_sol_genconfig_melo.txt;/dados/rmelo/PDPTW-SE/benchmark_multi_floor_v3/official_experiments/mip_gurobi/set_02_pt_01/logs/form_melo/timelines/08R_08V_04F_03M/lr102_timeline_genconfig_melo.txt;/dados/rmelo/PDPTW-SE/benchmark_multi_floor_v3/official_experiments/mip_gurobi/set_02_pt_01/logs/form_melo/gurobi/08R_08V_04F_03M/lr102_grb_genconfig_melo.log;True;1-29;False;0.05;8;genconfig_melo;2;1;0;0;1030.42;1030.42;17151.0;5.85;0.0;1129;892;312;144;24;8;8;53;53;527;[];[];[];[];[];[];[];[];[];[];[];[];[];0.62;1.0;0.68;0.13;0.46;0.54;0.99;0.72;0.25;0.16;0.09;0.01;0.04
lr102;08R_08V_04F_04M;t1;lr102_t1_08R_08V_04F_04M;58;8;[  0  88 363 353 334 324 339 317  16];/dados/rmelo/PDPTW-SE/benchmark_multi_floor_v3/official_experiments/mip_gurobi/set_02_pt_01/../../../instances/orig_ams_fg/08R_08V_04F_04M/t1/lr102/;form;melo;/dados/rmelo/PDPTW-SE/benchmark_multi_floor_v3/official_experiments/mip_gurobi/set_02_pt_01/configs/genconfig_melo.conf;tightest_tw;0;4;Gurobi;7200;1;0;-1;1;-1;1;False;/dados/rmelo/PDPTW-SE/benchmark_multi_floor_v3/official_experiments/mip_gurobi/set_02_pt_01/logs/;0.0;0.5;False;0;0.2;1000000;1;0;0;M;60;M;60;30.0;0;50;95;1.0;1.0;1.0;1.0;True;H;100.0;100.0;0.95;3600;3600;/dados/rmelo/PDPTW-SE/benchmark_multi_floor_v3/official_experiments/mip_gurobi/set_02_pt_01/logs/form_melo/outputs/csvresults_form_melo.csv;/dados/rmelo/PDPTW-SE/benchmark_multi_floor_v3/official_experiments/mip_gurobi/set_02_pt_01/logs/form_melo/solutions/08R_08V_04F_04M/lr102_sol_genconfig_melo.txt;/dados/rmelo/PDPTW-SE/benchmark_multi_floor_v3/official_experiments/mip_gurobi/set_02_pt_01/logs/form_melo/timelines/08R_08V_04F_04M/lr102_timeline_genconfig_melo.txt;/dados/rmelo/PDPTW-SE/benchmark_multi_floor_v3/official_experiments/mip_gurobi/set_02_pt_01/logs/form_melo/gurobi/08R_08V_04F_04M/lr102_grb_genconfig_melo.log;True;1-29;False;0.05;8;genconfig_melo;2;1;0;0;1003.13;1003.13;7921.0;9.75;0.0;1406;1148;312;144;24;8;8;74;74;762;[];[];[];[];[];[];[];[];[];[];[];[];[];0.62;1.0;0.6;0.13;0.41;0.53;0.9;0.7;0.17;0.12;0.05;0.0;0.03
lr103;08R_08V_04F_03M;t1;lr103_t1_08R_08V_04F_03M;38;8;[  0  58 313 303 279 269 284 261  16];/dados/rmelo/PDPTW-SE/benchmark_multi_floor_v3/official_experiments/mip_gurobi/set_02_pt_01/../../../instances/orig_ams_fg/08R_08V_04F_04M/t1/lr103/;form;melo;/dados/rmelo/PDPTW-SE/benchmark_multi_floor_v3/official_experiments/mip_gurobi/set_02_pt_01/configs/genconfig_melo.conf;tightest_tw;0;3;Gurobi;7200;1;0;-1;1;-1;1;False;/dados/rmelo/PDPTW-SE/benchmark_multi_floor_v3/official_experiments/mip_gurobi/set_02_pt_01/logs/;0.0;0.5;False;0;0.2;1000000;1;0;0;M;60;M;60;30.0;0;50;95;1.0;1.0;1.0;1.0;True;H;100.0;100.0;0.95;3600;3600;/dados/rmelo/PDPTW-SE/benchmark_multi_floor_v3/official_experiments/mip_gurobi/set_02_pt_01/logs/form_melo/outputs/csvresults_form_melo.csv;/dados/rmelo/PDPTW-SE/benchmark_multi_floor_v3/official_experiments/mip_gurobi/set_02_pt_01/logs/form_melo/solutions/08R_08V_04F_03M/lr103_sol_genconfig_melo.txt;/dados/rmelo/PDPTW-SE/benchmark_multi_floor_v3/official_experiments/mip_gurobi/set_02_pt_01/logs/form_melo/timelines/08R_08V_04F_03M/lr103_timeline_genconfig_melo.txt;/dados/rmelo/PDPTW-SE/benchmark_multi_floor_v3/official_experiments/mip_gurobi/set_02_pt_01/logs/form_melo/gurobi/08R_08V_04F_03M/lr103_grb_genconfig_melo.log;True;1-29;False;0.05;8;genconfig_melo;2;1;0;0;1079.92;1079.92;570796.0;458.21;0.0;4292;3994;456;144;24;8;8;114;114;3424;[];[];[];[];[];[];[];[];[];[];[];[];[];0.88;1.0;0.73;0.18;0.51;0.56;0.79;0.67;0.33;0.19;0.14;0.0;0.0
lr103;08R_08V_04F_04M;t1;lr103_t1_08R_08V_04F_04M;38;8;[  0  58 310 300 279 269 284 261  16];/dados/rmelo/PDPTW-SE/benchmark_multi_floor_v3/official_experiments/mip_gurobi/set_02_pt_01/../../../instances/orig_ams_fg/08R_08V_04F_04M/t1/lr103/;form;melo;/dados/rmelo/PDPTW-SE/benchmark_multi_floor_v3/official_experiments/mip_gurobi/set_02_pt_01/configs/genconfig_melo.conf;tightest_tw;0;4;Gurobi;7200;1;0;-1;1;-1;1;False;/dados/rmelo/PDPTW-SE/benchmark_multi_floor_v3/official_experiments/mip_gurobi/set_02_pt_01/logs/;0.0;0.5;False;0;0.2;1000000;1;0;0;M;60;M;60;30.0;0;50;95;1.0;1.0;1.0;1.0;True;H;100.0;100.0;0.95;3600;3600;/dados/rmelo/PDPTW-SE/benchmark_multi_floor_v3/official_experiments/mip_gurobi/set_02_pt_01/logs/form_melo/outputs/csvresults_form_melo.csv;/dados/rmelo/PDPTW-SE/benchmark_multi_floor_v3/official_experiments/mip_gurobi/set_02_pt_01/logs/form_melo/solutions/08R_08V_04F_04M/lr103_sol_genconfig_melo.txt;/dados/rmelo/PDPTW-SE/benchmark_multi_floor_v3/official_experiments/mip_gurobi/set_02_pt_01/logs/form_melo/timelines/08R_08V_04F_04M/lr103_timeline_genconfig_melo.txt;/dados/rmelo/PDPTW-SE/benchmark_multi_floor_v3/official_experiments/mip_gurobi/set_02_pt_01/logs/form_melo/gurobi/08R_08V_04F_04M/lr103_grb_genconfig_melo.log;True;1-29;False;0.05;8;genconfig_melo;2;1;0;0;1065.5;1065.5;800756.0;793.46;0.0;5461;5126;456;144;24;8;8;151;151;4519;[];[];[];[];[];[];[];[];[];[];[];[];[];0.88;1.0;0.73;0.22;0.48;0.54;0.77;0.66;0.24;0.14;0.1;0.0;0.0
lr104;08R_08V_04F_03M;t1;lr104_t1_08R_08V_04F_03M;40;8;[  0  61 382 372 343 333 348 326  16];/dados/rmelo/PDPTW-SE/benchmark_multi_floor_v3/official_experiments/mip_gurobi/set_02_pt_01/../../../instances/orig_ams_fg/08R_08V_04F_04M/t1/lr104/;form;melo;/dados/rmelo/PDPTW-SE/benchmark_multi_floor_v3/official_experiments/mip_gurobi/set_02_pt_01/configs/genconfig_melo.conf;tightest_tw;0;3;Gurobi;7200;1;0;-1;1;-1;1;False;/dados/rmelo/PDPTW-SE/benchmark_multi_floor_v3/official_experiments/mip_gurobi/set_02_pt_01/logs/;0.0;0.5;False;0;0.2;1000000;1;0;0;M;60;M;60;30.0;0;50;95;1.0;1.0;1.0;1.0;True;H;100.0;100.0;0.95;3600;3600;/dados/rmelo/PDPTW-SE/benchmark_multi_floor_v3/official_experiments/mip_gurobi/set_02_pt_01/logs/form_melo/outputs/csvresults_form_melo.csv;/dados/rmelo/PDPTW-SE/benchmark_multi_floor_v3/official_experiments/mip_gurobi/set_02_pt_01/logs/form_melo/solutions/08R_08V_04F_03M/lr104_sol_genconfig_melo.txt;/dados/rmelo/PDPTW-SE/benchmark_multi_floor_v3/official_experiments/mip_gurobi/set_02_pt_01/logs/form_melo/timelines/08R_08V_04F_03M/lr104_timeline_genconfig_melo.txt;/dados/rmelo/PDPTW-SE/benchmark_multi_floor_v3/official_experiments/mip_gurobi/set_02_pt_01/logs/form_melo/gurobi/08R_08V_04F_03M/lr104_grb_genconfig_melo.log;True;1-29;False;0.05;8;genconfig_melo;2;1;0;0;1093.42;1093.38;959074.0;655.44;0.0;3184;2897;416;144;24;8;8;103;103;2378;[];[];[];[];[];[];[];[];[];[];[];[];[];0.88;1.0;0.77;0.06;0.44;0.4;0.64;0.53;0.31;0.19;0.12;0.0;0.0
lr104;08R_08V_04F_04M;t1;lr104_t1_08R_08V_04F_04M;40;8;[  0  61 382 372 343 333 348 326  16];/dados/rmelo/PDPTW-SE/benchmark_multi_floor_v3/official_experiments/mip_gurobi/set_02_pt_01/../../../instances/orig_ams_fg/08R_08V_04F_04M/t1/lr104/;form;melo;/dados/rmelo/PDPTW-SE/benchmark_multi_floor_v3/official_experiments/mip_gurobi/set_02_pt_01/configs/genconfig_melo.conf;tightest_tw;0;4;Gurobi;7200;1;0;-1;1;-1;1;False;/dados/rmelo/PDPTW-SE/benchmark_multi_floor_v3/official_experiments/mip_gurobi/set_02_pt_01/logs/;0.0;0.5;False;0;0.2;1000000;1;0;0;M;60;M;60;30.0;0;50;95;1.0;1.0;1.0;1.0;True;H;100.0;100.0;0.95;3600;3600;/dados/rmelo/PDPTW-SE/benchmark_multi_floor_v3/official_experiments/mip_gurobi/set_02_pt_01/logs/form_melo/outputs/csvresults_form_melo.csv;/dados/rmelo/PDPTW-SE/benchmark_multi_floor_v3/official_experiments/mip_gurobi/set_02_pt_01/logs/form_melo/solutions/08R_08V_04F_04M/lr104_sol_genconfig_melo.txt;/dados/rmelo/PDPTW-SE/benchmark_multi_floor_v3/official_experiments/mip_gurobi/set_02_pt_01/logs/form_melo/timelines/08R_08V_04F_04M/lr104_timeline_genconfig_melo.txt;/dados/rmelo/PDPTW-SE/benchmark_multi_floor_v3/official_experiments/mip_gurobi/set_02_pt_01/logs/form_melo/gurobi/08R_08V_04F_04M/lr104_grb_genconfig_melo.log;True;1-29;False;0.05;8;genconfig_melo;2;1;0;0;1086.0;1085.93;5043871.0;3456.64;0.01;4041;3719;416;144;24;8;8;138;138;3165;[];[];[];[];[];[];[];[];[];[];[];[];[];0.88;1.0;0.73;0.05;0.42;0.38;0.64;0.53;0.22;0.14;0.08;0.0;0.0
lr105;08R_08V_04F_03M;t1;lr105_t1_08R_08V_04F_03M;52;8;[  0  79 349 339 313 303 318 294  16];/dados/rmelo/PDPTW-SE/benchmark_multi_floor_v3/official_experiments/mip_gurobi/set_02_pt_01/../../../instances/orig_ams_fg/08R_08V_04F_04M/t1/lr105/;form;melo;/dados/rmelo/PDPTW-SE/benchmark_multi_floor_v3/official_experiments/mip_gurobi/set_02_pt_01/configs/genconfig_melo.conf;tightest_tw;0;3;Gurobi;7200;1;0;-1;1;-1;1;False;/dados/rmelo/PDPTW-SE/benchmark_multi_floor_v3/official_experiments/mip_gurobi/set_02_pt_01/logs/;0.0;0.5;False;0;0.2;1000000;1;0;0;M;60;M;60;30.0;0;50;95;1.0;1.0;1.0;1.0;True;H;100.0;100.0;0.95;3600;3600;/dados/rmelo/PDPTW-SE/benchmark_multi_floor_v3/official_experiments/mip_gurobi/set_02_pt_01/logs/form_melo/outputs/csvresults_form_melo.csv;/dados/rmelo/PDPTW-SE/benchmark_multi_floor_v3/official_experiments/mip_gurobi/set_02_pt_01/logs/form_melo/solutions/08R_08V_04F_03M/lr105_sol_genconfig_melo.txt;/dados/rmelo/PDPTW-SE/benchmark_multi_floor_v3/official_experiments/mip_gurobi/set_02_pt_01/logs/form_melo/timelines/08R_08V_04F_03M/lr105_timeline_genconfig_melo.txt;/dados/rmelo/PDPTW-SE/benchmark_multi_floor_v3/official_experiments/mip_gurobi/set_02_pt_01/logs/form_melo/gurobi/08R_08V_04F_03M/lr105_grb_genconfig_melo.log;True;1-29;False;0.05;8;genconfig_melo;2;1;0;0;1068.12;1068.12;1.0;0.35;0.0;761;538;224;144;24;8;8;39;39;275;[];[];[];[];[];[];[];[];[];[];[];[];[];0.75;1.0;0.76;0.13;0.39;0.54;0.96;0.68;0.3;0.2;0.1;0.0;0.0
lr105;08R_08V_04F_04M;t1;lr105_t1_08R_08V_04F_04M;52;8;[  0  79 347 337 314 304 319 294  16];/dados/rmelo/PDPTW-SE/benchmark_multi_floor_v3/official_experiments/mip_gurobi/set_02_pt_01/../../../instances/orig_ams_fg/08R_08V_04F_04M/t1/lr105/;form;melo;/dados/rmelo/PDPTW-SE/benchmark_multi_floor_v3/official_experiments/mip_gurobi/set_02_pt_01/configs/genconfig_melo.conf;tightest_tw;0;4;Gurobi;7200;1;0;-1;1;-1;1;False;/dados/rmelo/PDPTW-SE/benchmark_multi_floor_v3/official_experiments/mip_gurobi/set_02_pt_01/logs/;0.0;0.5;False;0;0.2;1000000;1;0;0;M;60;M;60;30.0;0;50;95;1.0;1.0;1.0;1.0;True;H;100.0;100.0;0.95;3600;3600;/dados/rmelo/PDPTW-SE/benchmark_multi_floor_v3/official_experiments/mip_gurobi/set_02_pt_01/logs/form_melo/outputs/csvresults_form_melo.csv;/dados/rmelo/PDPTW-SE/benchmark_multi_floor_v3/official_experiments/mip_gurobi/set_02_pt_01/logs/form_melo/solutions/08R_08V_04F_04M/lr105_sol_genconfig_melo.txt;/dados/rmelo/PDPTW-SE/benchmark_multi_floor_v3/official_experiments/mip_gurobi/set_02_pt_01/logs/form_melo/timelines/08R_08V_04F_04M/lr105_timeline_genconfig_melo.txt;/dados/rmelo/PDPTW-SE/benchmark_multi_floor_v3/official_experiments/mip_gurobi/set_02_pt_01/logs/form_melo/gurobi/08R_08V_04F_04M/lr105_grb_genconfig_melo.log;True;1-29;False;0.05;8;genconfig_melo;2;1;0;0;1052.99;1052.99;1.0;0.42;0.0;876;640;224;144;24;8;8;52;52;364;[];[];[];[];[];[];[];[];[];[];[];[];[];0.75;1.0;0.6;0.21;0.36;0.52;0.96;0.67;0.22;0.15;0.07;0.0;0.0
lr101;10R_10V_02F_03M;t1;lr101_t1_10R_10V_02F_03M;52;10;[  0  79 312 302 287 277 282 241   6];/dados/rmelo/PDPTW-SE/benchmark_multi_floor_v3/official_experiments/mip_gurobi/set_02_pt_01/../../../instances/orig_ams_fg/10R_10V_02F_04M/t1/lr101/;form;melo;/dados/rmelo/PDPTW-SE/benchmark_multi_floor_v3/official_experiments/mip_gurobi/set_02_pt_01/configs/genconfig_melo.conf;tightest_tw;0;3;Gurobi;7200;1;0;-1;1;-1;1;False;/dados/rmelo/PDPTW-SE/benchmark_multi_floor_v3/official_experiments/mip_gurobi/set_02_pt_01/logs/;0.0;0.5;False;0;0.2;1000000;1;0;0;M;60;M;60;30.0;0;50;95;1.0;1.0;1.0;1.0;True;H;100.0;100.0;0.95;3600;3600;/dados/rmelo/PDPTW-SE/benchmark_multi_floor_v3/official_experiments/mip_gurobi/set_02_pt_01/logs/form_melo/outputs/csvresults_form_melo.csv;/dados/rmelo/PDPTW-SE/benchmark_multi_floor_v3/official_experiments/mip_gurobi/set_02_pt_01/logs/form_melo/solutions/10R_10V_02F_03M/lr101_sol_genconfig_melo.txt;/dados/rmelo/PDPTW-SE/benchmark_multi_floor_v3/official_experiments/mip_gurobi/set_02_pt_01/logs/form_melo/timelines/10R_10V_02F_03M/lr101_timeline_genconfig_melo.txt;/dados/rmelo/PDPTW-SE/benchmark_multi_floor_v3/official_experiments/mip_gurobi/set_02_pt_01/logs/form_melo/gurobi/10R_10V_02F_03M/lr101_grb_genconfig_melo.log;True;1-29;False;0.05;8;genconfig_melo;2;1;0;0;1189.92;1189.92;1.0;0.17;0.0;1101;790;420;220;30;10;10;41;41;329;[];[];[];[];[];[];[];[];[];[];[];[];[];0.9;1.0;0.6;0.17;0.36;0.41;0.88;0.57;0.14;0.09;0.05;0.02;0.12
lr101;10R_10V_02F_04M;t1;lr101_t1_10R_10V_02F_04M;52;10;[  0  79 312 302 287 277 282 241   6];/dados/rmelo/PDPTW-SE/benchmark_multi_floor_v3/official_experiments/mip_gurobi/set_02_pt_01/../../../instances/orig_ams_fg/10R_10V_02F_04M/t1/lr101/;form;melo;/dados/rmelo/PDPTW-SE/benchmark_multi_floor_v3/official_experiments/mip_gurobi/set_02_pt_01/configs/genconfig_melo.conf;tightest_tw;0;4;Gurobi;7200;1;0;-1;1;-1;1;False;/dados/rmelo/PDPTW-SE/benchmark_multi_floor_v3/official_experiments/mip_gurobi/set_02_pt_01/logs/;0.0;0.5;False;0;0.2;1000000;1;0;0;M;60;M;60;30.0;0;50;95;1.0;1.0;1.0;1.0;True;H;100.0;100.0;0.95;3600;3600;/dados/rmelo/PDPTW-SE/benchmark_multi_floor_v3/official_experiments/mip_gurobi/set_02_pt_01/logs/form_melo/outputs/csvresults_form_melo.csv;/dados/rmelo/PDPTW-SE/benchmark_multi_floor_v3/official_experiments/mip_gurobi/set_02_pt_01/logs/form_melo/solutions/10R_10V_02F_04M/lr101_sol_genconfig_melo.txt;/dados/rmelo/PDPTW-SE/benchmark_multi_floor_v3/official_experiments/mip_gurobi/set_02_pt_01/logs/form_melo/timelines/10R_10V_02F_04M/lr101_timeline_genconfig_melo.txt;/dados/rmelo/PDPTW-SE/benchmark_multi_floor_v3/official_experiments/mip_gurobi/set_02_pt_01/logs/form_melo/gurobi/10R_10V_02F_04M/lr101_grb_genconfig_melo.log;True;1-29;False;0.05;8;genconfig_melo;2;1;0;0;1186.08;1186.08;1.0;0.14;0.0;1247;922;420;220;30;10;10;55;55;447;[];[];[];[];[];[];[];[];[];[];[];[];[];0.9;1.0;0.76;0.16;0.35;0.41;0.88;0.57;0.1;0.07;0.04;0.0;0.13
lr102;10R_10V_02F_03M;t1;lr102_t1_10R_10V_02F_03M;58;10;[  0  88 341 331 316 306 311 277   6];/dados/rmelo/PDPTW-SE/benchmark_multi_floor_v3/official_experiments/mip_gurobi/set_02_pt_01/../../../instances/orig_ams_fg/10R_10V_02F_04M/t1/lr102/;form;melo;/dados/rmelo/PDPTW-SE/benchmark_multi_floor_v3/official_experiments/mip_gurobi/set_02_pt_01/configs/genconfig_melo.conf;tightest_tw;0;3;Gurobi;7200;1;0;-1;1;-1;1;False;/dados/rmelo/PDPTW-SE/benchmark_multi_floor_v3/official_experiments/mip_gurobi/set_02_pt_01/logs/;0.0;0.5;False;0;0.2;1000000;1;0;0;M;60;M;60;30.0;0;50;95;1.0;1.0;1.0;1.0;True;H;100.0;100.0;0.95;3600;3600;/dados/rmelo/PDPTW-SE/benchmark_multi_floor_v3/official_experiments/mip_gurobi/set_02_pt_01/logs/form_melo/outputs/csvresults_form_melo.csv;/dados/rmelo/PDPTW-SE/benchmark_multi_floor_v3/official_experiments/mip_gurobi/set_02_pt_01/logs/form_melo/solutions/10R_10V_02F_03M/lr102_sol_genconfig_melo.txt;/dados/rmelo/PDPTW-SE/benchmark_multi_floor_v3/official_experiments/mip_gurobi/set_02_pt_01/logs/form_melo/timelines/10R_10V_02F_03M/lr102_timeline_genconfig_melo.txt;/dados/rmelo/PDPTW-SE/benchmark_multi_floor_v3/official_experiments/mip_gurobi/set_02_pt_01/logs/form_melo/gurobi/10R_10V_02F_03M/lr102_grb_genconfig_melo.log;True;1-29;False;0.05;8;genconfig_melo;9;0;1;0;1023.69;1023.57;11987582.0;3600.02;0.01;2359;2009;630;220;30;10;10;80;80;1299;[];[];[];[];[];[];[];[];[];[];[];[];[];0.7;1.0;0.61;0.05;0.38;0.34;0.88;0.55;0.13;0.09;0.04;0.0;0.04
lr102;10R_10V_02F_04M;t1;lr102_t1_10R_10V_02F_04M;58;10;[  0  88 341 331 316 306 311 277   6];/dados/rmelo/PDPTW-SE/benchmark_multi_floor_v3/official_experiments/mip_gurobi/set_02_pt_01/../../../instances/orig_ams_fg/10R_10V_02F_04M/t1/lr102/;form;melo;/dados/rmelo/PDPTW-SE/benchmark_multi_floor_v3/official_experiments/mip_gurobi/set_02_pt_01/configs/genconfig_melo.conf;tightest_tw;0;4;Gurobi;7200;1;0;-1;1;-1;1;False;/dados/rmelo/PDPTW-SE/benchmark_multi_floor_v3/official_experiments/mip_gurobi/set_02_pt_01/logs/;0.0;0.5;False;0;0.2;1000000;1;0;0;M;60;M;60;30.0;0;50;95;1.0;1.0;1.0;1.0;True;H;100.0;100.0;0.95;3600;3600;/dados/rmelo/PDPTW-SE/benchmark_multi_floor_v3/official_experiments/mip_gurobi/set_02_pt_01/logs/form_melo/outputs/csvresults_form_melo.csv;/dados/rmelo/PDPTW-SE/benchmark_multi_floor_v3/official_experiments/mip_gurobi/set_02_pt_01/logs/form_melo/solutions/10R_10V_02F_04M/lr102_sol_genconfig_melo.txt;/dados/rmelo/PDPTW-SE/benchmark_multi_floor_v3/official_experiments/mip_gurobi/set_02_pt_01/logs/form_melo/timelines/10R_10V_02F_04M/lr102_timeline_genconfig_melo.txt;/dados/rmelo/PDPTW-SE/benchmark_multi_floor_v3/official_experiments/mip_gurobi/set_02_pt_01/logs/form_melo/gurobi/10R_10V_02F_04M/lr102_grb_genconfig_melo.log;True;1-29;False;0.05;8;genconfig_melo;9;0;1;0;1019.86;1019.32;10417532.0;3600.01;0.05;3083;2701;660;220;30;10;10;112;112;1929;[];[];[];[];[];[];[];[];[];[];[];[];[];0.7;1.0;0.61;0.03;0.38;0.34;0.88;0.55;0.1;0.07;0.03;0.0;0.04
lr103;10R_10V_02F_03M;t1;lr103_t1_10R_10V_02F_03M;38;10;[  0  58 313 303 281 271 276 242   6];/dados/rmelo/PDPTW-SE/benchmark_multi_floor_v3/official_experiments/mip_gurobi/set_02_pt_01/../../../instances/orig_ams_fg/10R_10V_02F_04M/t1/lr103/;form;melo;/dados/rmelo/PDPTW-SE/benchmark_multi_floor_v3/official_experiments/mip_gurobi/set_02_pt_01/configs/genconfig_melo.conf;tightest_tw;0;3;Gurobi;7200;1;0;-1;1;-1;1;False;/dados/rmelo/PDPTW-SE/benchmark_multi_floor_v3/official_experiments/mip_gurobi/set_02_pt_01/logs/;0.0;0.5;False;0;0.2;1000000;1;0;0;M;60;M;60;30.0;0;50;95;1.0;1.0;1.0;1.0;True;H;100.0;100.0;0.95;3600;3600;/dados/rmelo/PDPTW-SE/benchmark_multi_floor_v3/official_experiments/mip_gurobi/set_02_pt_01/logs/form_melo/outputs/csvresults_form_melo.csv;/dados/rmelo/PDPTW-SE/benchmark_multi_floor_v3/official_experiments/mip_gurobi/set_02_pt_01/logs/form_melo/solutions/10R_10V_02F_03M/lr103_sol_genconfig_melo.txt;/dados/rmelo/PDPTW-SE/benchmark_multi_floor_v3/official_experiments/mip_gurobi/set_02_pt_01/logs/form_melo/timelines/10R_10V_02F_03M/lr103_timeline_genconfig_melo.txt;/dados/rmelo/PDPTW-SE/benchmark_multi_floor_v3/official_experiments/mip_gurobi/set_02_pt_01/logs/form_melo/gurobi/10R_10V_02F_03M/lr103_grb_genconfig_melo.log;True;1-29;False;0.05;8;genconfig_melo;9;0;1;0;1034.38;690.03;1224930.0;3600.01;33.29;7537;7123;1100;220;30;10;10;144;144;5879;[];[];[];[];[];[];[];[];[];[];[];[];[];0.6;1.0;0.88;0.42;0.61;0.34;0.94;0.75;0.13;0.07;0.06;0.0;0.0
lr103;10R_10V_02F_04M;t1;lr103_t1_10R_10V_02F_04M;38;10;[  0  58 311 301 281 271 276 242   6];/dados/rmelo/PDPTW-SE/benchmark_multi_floor_v3/official_experiments/mip_gurobi/set_02_pt_01/../../../instances/orig_ams_fg/10R_10V_02F_04M/t1/lr103/;form;melo;/dados/rmelo/PDPTW-SE/benchmark_multi_floor_v3/official_experiments/mip_gurobi/set_02_pt_01/configs/genconfig_melo.conf;tightest_tw;0;4;Gurobi;7200;1;0;-1;1;-1;1;False;/dados/rmelo/PDPTW-SE/benchmark_multi_floor_v3/official_experiments/mip_gurobi/set_02_pt_01/logs/;0.0;0.5;False;0;0.2;1000000;1;0;0;M;60;M;60;30.0;0;50;95;1.0;1.0;1.0;1.0;True;H;100.0;100.0;0.95;3600;3600;/dados/rmelo/PDPTW-SE/benchmark_multi_floor_v3/official_experiments/mip_gurobi/set_02_pt_01/logs/form_melo/outputs/csvresults_form_melo.csv;/dados/rmelo/PDPTW-SE/benchmark_multi_floor_v3/official_experiments/mip_gurobi/set_02_pt_01/logs/form_melo/solutions/10R_10V_02F_04M/lr103_sol_genconfig_melo.txt;/dados/rmelo/PDPTW-SE/benchmark_multi_floor_v3/official_experiments/mip_gurobi/set_02_pt_01/logs/form_melo/timelines/10R_10V_02F_04M/lr103_timeline_genconfig_melo.txt;/dados/rmelo/PDPTW-SE/benchmark_multi_floor_v3/official_experiments/mip_gurobi/set_02_pt_01/logs/form_melo/gurobi/10R_10V_02F_04M/lr103_grb_genconfig_melo.log;True;1-29;False;0.05;8;genconfig_melo;2;1;0;0;1022.42;1022.42;509088.0;1925.51;0.0;9896;9430;1150;220;30;10;10;196;196;8084;[];[];[];[];[];[];[];[];[];[];[];[];[];0.6;0.75;0.81;0.53;0.63;0.34;0.93;0.74;0.13;0.07;0.06;0.0;0.0
lr104;10R_10V_02F_03M;t1;lr104_t1_10R_10V_02F_03M;40;10;[  0  61 312 302 282 272 277 241   6];/dados/rmelo/PDPTW-SE/benchmark_multi_floor_v3/official_experiments/mip_gurobi/set_02_pt_01/../../../instances/orig_ams_fg/10R_10V_02F_04M/t1/lr104/;form;melo;/dados/rmelo/PDPTW-SE/benchmark_multi_floor_v3/official_experiments/mip_gurobi/set_02_pt_01/configs/genconfig_melo.conf;tightest_tw;0;3;Gurobi;7200;1;0;-1;1;-1;1;False;/dados/rmelo/PDPTW-SE/benchmark_multi_floor_v3/official_experiments/mip_gurobi/set_02_pt_01/logs/;0.0;0.5;False;0;0.2;1000000;1;0;0;M;60;M;60;30.0;0;50;95;1.0;1.0;1.0;1.0;True;H;100.0;100.0;0.95;3600;3600;/dados/rmelo/PDPTW-SE/benchmark_multi_floor_v3/official_experiments/mip_gurobi/set_02_pt_01/logs/form_melo/outputs/csvresults_form_melo.csv;/dados/rmelo/PDPTW-SE/benchmark_multi_floor_v3/official_experiments/mip_gurobi/set_02_pt_01/logs/form_melo/solutions/10R_10V_02F_03M/lr104_sol_genconfig_melo.txt;/dados/rmelo/PDPTW-SE/benchmark_multi_floor_v3/official_experiments/mip_gurobi/set_02_pt_01/logs/form_melo/timelines/10R_10V_02F_03M/lr104_timeline_genconfig_melo.txt;/dados/rmelo/PDPTW-SE/benchmark_multi_floor_v3/official_experiments/mip_gurobi/set_02_pt_01/logs/form_melo/gurobi/10R_10V_02F_03M/lr104_grb_genconfig_melo.log;True;1-29;False;0.05;8;genconfig_melo;9;0;1;0;877.01;341.95;796274.0;3600.02;61.01;6257;5855;1300;220;30;10;10;132;132;4423;[];[];[];[];[];[];[];[];[];[];[];[];[];0.6;0.67;0.75;0.21;0.49;0.49;0.78;0.64;0.15;0.09;0.07;0.0;0.0
lr104;10R_10V_02F_04M;t1;lr104_t1_10R_10V_02F_04M;40;10;[  0  61 312 302 282 272 277 241   6];/dados/rmelo/PDPTW-SE/benchmark_multi_floor_v3/official_experiments/mip_gurobi/set_02_pt_01/../../../instances/orig_ams_fg/10R_10V_02F_04M/t1/lr104/;form;melo;/dados/rmelo/PDPTW-SE/benchmark_multi_floor_v3/official_experiments/mip_gurobi/set_02_pt_01/configs/genconfig_melo.conf;tightest_tw;0;4;Gurobi;7200;1;0;-1;1;-1;1;False;/dados/rmelo/PDPTW-SE/benchmark_multi_floor_v3/official_experiments/mip_gurobi/set_02_pt_01/logs/;0.0;0.5;False;0;0.2;1000000;1;0;0;M;60;M;60;30.0;0;50;95;1.0;1.0;1.0;1.0;True;H;100.0;100.0;0.95;3600;3600;/dados/rmelo/PDPTW-SE/benchmark_multi_floor_v3/official_experiments/mip_gurobi/set_02_pt_01/logs/form_melo/outputs/csvresults_form_melo.csv;/dados/rmelo/PDPTW-SE/benchmark_multi_floor_v3/official_experiments/mip_gurobi/set_02_pt_01/logs/form_melo/solutions/10R_10V_02F_04M/lr104_sol_genconfig_melo.txt;/dados/rmelo/PDPTW-SE/benchmark_multi_floor_v3/official_experiments/mip_gurobi/set_02_pt_01/logs/form_melo/timelines/10R_10V_02F_04M/lr104_timeline_genconfig_melo.txt;/dados/rmelo/PDPTW-SE/benchmark_multi_floor_v3/official_experiments/mip_gurobi/set_02_pt_01/logs/form_melo/gurobi/10R_10V_02F_04M/lr104_grb_genconfig_melo.log;True;1-29;False;0.05;8;genconfig_melo;9;0;1;0;877.01;263.26;388154.0;3600.01;69.98;7675;7231;1300;220;30;10;10;174;174;5757;[];[];[];[];[];[];[];[];[];[];[];[];[];0.6;0.5;0.77;0.21;0.53;0.49;0.78;0.64;0.13;0.09;0.04;0.0;0.0
lr105;10R_10V_02F_03M;t1;lr105_t1_10R_10V_02F_03M;52;10;[  0  79 328 318 293 283 288 254   6];/dados/rmelo/PDPTW-SE/benchmark_multi_floor_v3/official_experiments/mip_gurobi/set_02_pt_01/../../../instances/orig_ams_fg/10R_10V_02F_04M/t1/lr105/;form;melo;/dados/rmelo/PDPTW-SE/benchmark_multi_floor_v3/official_experiments/mip_gurobi/set_02_pt_01/configs/genconfig_melo.conf;tightest_tw;0;3;Gurobi;7200;1;0;-1;1;-1;1;False;/dados/rmelo/PDPTW-SE/benchmark_multi_floor_v3/official_experiments/mip_gurobi/set_02_pt_01/logs/;0.0;0.5;False;0;0.2;1000000;1;0;0;M;60;M;60;30.0;0;50;95;1.0;1.0;1.0;1.0;True;H;100.0;100.0;0.95;3600;3600;/dados/rmelo/PDPTW-SE/benchmark_multi_floor_v3/official_experiments/mip_gurobi/set_02_pt_01/logs/form_melo/outputs/csvresults_form_melo.csv;/dados/rmelo/PDPTW-SE/benchmark_multi_floor_v3/official_experiments/mip_gurobi/set_02_pt_01/logs/form_melo/solutions/10R_10V_02F_03M/lr105_sol_genconfig_melo.txt;/dados/rmelo/PDPTW-SE/benchmark_multi_floor_v3/official_experiments/mip_gurobi/set_02_pt_01/logs/form_melo/timelines/10R_10V_02F_03M/lr105_timeline_genconfig_melo.txt;/dados/rmelo/PDPTW-SE/benchmark_multi_floor_v3/official_experiments/mip_gurobi/set_02_pt_01/logs/form_melo/gurobi/10R_10V_02F_03M/lr105_grb_genconfig_melo.log;True;1-29;False;0.05;8;genconfig_melo;2;1;0;0;1195.87;1195.87;1.0;0.22;0.0;1610;1280;420;220;30;10;10;60;60;800;[];[];[];[];[];[];[];[];[];[];[];[];[];0.8;1.0;0.53;0.04;0.33;0.52;0.7;0.62;0.19;0.11;0.08;0.0;0.02
lr105;10R_10V_02F_04M;t1;lr105_t1_10R_10V_02F_04M;52;10;[  0  79 328 318 294 284 289 254   6];/dados/rmelo/PDPTW-SE/benchmark_multi_floor_v3/official_experiments/mip_gurobi/set_02_pt_01/../../../instances/orig_ams_fg/10R_10V_02F_04M/t1/lr105/;form;melo;/dados/rmelo/PDPTW-SE/benchmark_multi_floor_v3/official_experiments/mip_gurobi/set_02_pt_01/configs/genconfig_melo.conf;tightest_tw;0;4;Gurobi;7200;1;0;-1;1;-1;1;False;/dados/rmelo/PDPTW-SE/benchmark_multi_floor_v3/official_experiments/mip_gurobi/set_02_pt_01/logs/;0.0;0.5;False;0;0.2;1000000;1;0;0;M;60;M;60;30.0;0;50;95;1.0;1.0;1.0;1.0;True;H;100.0;100.0;0.95;3600;3600;/dados/rmelo/PDPTW-SE/benchmark_multi_floor_v3/official_experiments/mip_gurobi/set_02_pt_01/logs/form_melo/outputs/csvresults_form_melo.csv;/dados/rmelo/PDPTW-SE/benchmark_multi_floor_v3/official_experiments/mip_gurobi/set_02_pt_01/logs/form_melo/solutions/10R_10V_02F_04M/lr105_sol_genconfig_melo.txt;/dados/rmelo/PDPTW-SE/benchmark_multi_floor_v3/official_experiments/mip_gurobi/set_02_pt_01/logs/form_melo/timelines/10R_10V_02F_04M/lr105_timeline_genconfig_melo.txt;/dados/rmelo/PDPTW-SE/benchmark_multi_floor_v3/official_experiments/mip_gurobi/set_02_pt_01/logs/form_melo/gurobi/10R_10V_02F_04M/lr105_grb_genconfig_melo.log;True;1-29;False;0.05;8;genconfig_melo;2;1;0;0;1188.48;1188.48;1.0;0.27;0.0;1890;1541;420;220;30;10;10;79;79;1042;[];[];[];[];[];[];[];[];[];[];[];[];[];0.8;1.0;0.53;0.05;0.33;0.52;0.7;0.61;0.13;0.08;0.05;0.0;0.03
lr101;10R_10V_04F_03M;t1;lr101_t1_10R_10V_04F_03M;52;10;[  0  79 313 303 288 278 293 262  16];/dados/rmelo/PDPTW-SE/benchmark_multi_floor_v3/official_experiments/mip_gurobi/set_02_pt_01/../../../instances/orig_ams_fg/10R_10V_04F_04M/t1/lr101/;form;melo;/dados/rmelo/PDPTW-SE/benchmark_multi_floor_v3/official_experiments/mip_gurobi/set_02_pt_01/configs/genconfig_melo.conf;tightest_tw;0;3;Gurobi;7200;1;0;-1;1;-1;1;False;/dados/rmelo/PDPTW-SE/benchmark_multi_floor_v3/official_experiments/mip_gurobi/set_02_pt_01/logs/;0.0;0.5;False;0;0.2;1000000;1;0;0;M;60;M;60;30.0;0;50;95;1.0;1.0;1.0;1.0;True;H;100.0;100.0;0.95;3600;3600;/dados/rmelo/PDPTW-SE/benchmark_multi_floor_v3/official_experiments/mip_gurobi/set_02_pt_01/logs/form_melo/outputs/csvresults_form_melo.csv;/dados/rmelo/PDPTW-SE/benchmark_multi_floor_v3/official_experiments/mip_gurobi/set_02_pt_01/logs/form_melo/solutions/10R_10V_04F_03M/lr101_sol_genconfig_melo.txt;/dados/rmelo/PDPTW-SE/benchmark_multi_floor_v3/official_experiments/mip_gurobi/set_02_pt_01/logs/form_melo/timelines/10R_10V_04F_03M/lr101_timeline_genconfig_melo.txt;/dados/rmelo/PDPTW-SE/benchmark_multi_floor_v3/official_experiments/mip_gurobi/set_02_pt_01/logs/form_melo/gurobi/10R_10V_04F_03M/lr101_grb_genconfig_melo.log;True;1-29;False;0.05;8;genconfig_melo;2;1;0;0;1339.57;1339.57;1.0;1.16;0.0;1391;1061;330;220;30;10;10;60;60;671;[];[];[];[];[];[];[];[];[];[];[];[];[];1.0;1.0;0.6;0.06;0.33;0.43;0.75;0.58;0.41;0.23;0.18;0.02;0.11
lr101;10R_10V_04F_04M;t1;lr101_t1_10R_10V_04F_04M;52;10;[  0  79 313 303 288 278 293 262  16];/dados/rmelo/PDPTW-SE/benchmark_multi_floor_v3/official_experiments/mip_gurobi/set_02_pt_01/../../../instances/orig_ams_fg/10R_10V_04F_04M/t1/lr101/;form;melo;/dados/rmelo/PDPTW-SE/benchmark_multi_floor_v3/official_experiments/mip_gurobi/set_02_pt_01/configs/genconfig_melo.conf;tightest_tw;0;4;Gurobi;7200;1;0;-1;1;-1;1;False;/dados/rmelo/PDPTW-SE/benchmark_multi_floor_v3/official_experiments/mip_gurobi/set_02_pt_01/logs/;0.0;0.5;False;0;0.2;1000000;1;0;0;M;60;M;60;30.0;0;50;95;1.0;1.0;1.0;1.0;True;H;100.0;100.0;0.95;3600;3600;/dados/rmelo/PDPTW-SE/benchmark_multi_floor_v3/official_experiments/mip_gurobi/set_02_pt_01/logs/form_melo/outputs/csvresults_form_melo.csv;/dados/rmelo/PDPTW-SE/benchmark_multi_floor_v3/official_experiments/mip_gurobi/set_02_pt_01/logs/form_melo/solutions/10R_10V_04F_04M/lr101_sol_genconfig_melo.txt;/dados/rmelo/PDPTW-SE/benchmark_multi_floor_v3/official_experiments/mip_gurobi/set_02_pt_01/logs/form_melo/timelines/10R_10V_04F_04M/lr101_timeline_genconfig_melo.txt;/dados/rmelo/PDPTW-SE/benchmark_multi_floor_v3/official_experiments/mip_gurobi/set_02_pt_01/logs/form_melo/gurobi/10R_10V_04F_04M/lr101_grb_genconfig_melo.log;True;1-29;False;0.05;8;genconfig_melo;2;1;0;0;1327.44;1327.44;1.0;0.74;0.0;1646;1297;330;220;30;10;10;79;79;888;[];[];[];[];[];[];[];[];[];[];[];[];[];1.0;1.0;0.76;0.09;0.32;0.43;0.76;0.57;0.31;0.17;0.14;0.03;0.12
lr102;10R_10V_04F_03M;t1;lr102_t1_10R_10V_04F_03M;58;10;[  0  88 360 350 326 316 331 307  16];/dados/rmelo/PDPTW-SE/benchmark_multi_floor_v3/official_experiments/mip_gurobi/set_02_pt_01/../../../instances/orig_ams_fg/10R_10V_04F_04M/t1/lr102/;form;melo;/dados/rmelo/PDPTW-SE/benchmark_multi_floor_v3/official_experiments/mip_gurobi/set_02_pt_01/configs/genconfig_melo.conf;tightest_tw;0;3;Gurobi;7200;1;0;-1;1;-1;1;False;/dados/rmelo/PDPTW-SE/benchmark_multi_floor_v3/official_experiments/mip_gurobi/set_02_pt_01/logs/;0.0;0.5;False;0;0.2;1000000;1;0;0;M;60;M;60;30.0;0;50;95;1.0;1.0;1.0;1.0;True;H;100.0;100.0;0.95;3600;3600;/dados/rmelo/PDPTW-SE/benchmark_multi_floor_v3/official_experiments/mip_gurobi/set_02_pt_01/logs/form_melo/outputs/csvresults_form_melo.csv;/dados/rmelo/PDPTW-SE/benchmark_multi_floor_v3/official_experiments/mip_gurobi/set_02_pt_01/logs/form_melo/solutions/10R_10V_04F_03M/lr102_sol_genconfig_melo.txt;/dados/rmelo/PDPTW-SE/benchmark_multi_floor_v3/official_experiments/mip_gurobi/set_02_pt_01/logs/form_melo/timelines/10R_10V_04F_03M/lr102_timeline_genconfig_melo.txt;/dados/rmelo/PDPTW-SE/benchmark_multi_floor_v3/official_experiments/mip_gurobi/set_02_pt_01/logs/form_melo/gurobi/10R_10V_04F_03M/lr102_grb_genconfig_melo.log;True;1-29;False;0.05;8;genconfig_melo;2;1;0;0;1154.93;1154.93;7863.0;3.36;0.0;1757;1419;450;220;30;10;10;68;68;901;[];[];[];[];[];[];[];[];[];[];[];[];[];0.6;1.0;0.76;0.13;0.45;0.34;0.88;0.7;0.28;0.18;0.1;0.0;0.0
lr102;10R_10V_04F_04M;t1;lr102_t1_10R_10V_04F_04M;58;10;[  0  88 357 347 326 316 331 307  16];/dados/rmelo/PDPTW-SE/benchmark_multi_floor_v3/official_experiments/mip_gurobi/set_02_pt_01/../../../instances/orig_ams_fg/10R_10V_04F_04M/t1/lr102/;form;melo;/dados/rmelo/PDPTW-SE/benchmark_multi_floor_v3/official_experiments/mip_gurobi/set_02_pt_01/configs/genconfig_melo.conf;tightest_tw;0;4;Gurobi;7200;1;0;-1;1;-1;1;False;/dados/rmelo/PDPTW-SE/benchmark_multi_floor_v3/official_experiments/mip_gurobi/set_02_pt_01/logs/;0.0;0.5;False;0;0.2;1000000;1;0;0;M;60;M;60;30.0;0;50;95;1.0;1.0;1.0;1.0;True;H;100.0;100.0;0.95;3600;3600;/dados/rmelo/PDPTW-SE/benchmark_multi_floor_v3/official_experiments/mip_gurobi/set_02_pt_01/logs/form_melo/outputs/csvresults_form_melo.csv;/dados/rmelo/PDPTW-SE/benchmark_multi_floor_v3/official_experiments/mip_gurobi/set_02_pt_01/logs/form_melo/solutions/10R_10V_04F_04M/lr102_sol_genconfig_melo.txt;/dados/rmelo/PDPTW-SE/benchmark_multi_floor_v3/official_experiments/mip_gurobi/set_02_pt_01/logs/form_melo/timelines/10R_10V_04F_04M/lr102_timeline_genconfig_melo.txt;/dados/rmelo/PDPTW-SE/benchmark_multi_floor_v3/official_experiments/mip_gurobi/set_02_pt_01/logs/form_melo/gurobi/10R_10V_04F_04M/lr102_grb_genconfig_melo.log;True;1-29;False;0.05;8;genconfig_melo;2;1;0;0;1144.91;1144.91;7050.0;25.43;0.0;2133;1772;450;220;30;10;10;91;91;1231;[];[];[];[];[];[];[];[];[];[];[];[];[];0.6;1.0;0.68;0.09;0.46;0.34;0.86;0.69;0.21;0.14;0.08;0.0;0.01
lr103;10R_10V_04F_03M;t1;lr103_t1_10R_10V_04F_03M;38;10;[  0  58 344 334 302 292 307 283  16];/dados/rmelo/PDPTW-SE/benchmark_multi_floor_v3/official_experiments/mip_gurobi/set_02_pt_01/../../../instances/orig_ams_fg/10R_10V_04F_04M/t1/lr103/;form;melo;/dados/rmelo/PDPTW-SE/benchmark_multi_floor_v3/official_experiments/mip_gurobi/set_02_pt_01/configs/genconfig_melo.conf;tightest_tw;0;3;Gurobi;7200;1;0;-1;1;-1;1;False;/dados/rmelo/PDPTW-SE/benchmark_multi_floor_v3/official_experiments/mip_gurobi/set_02_pt_01/logs/;0.0;0.5;False;0;0.2;1000000;1;0;0;M;60;M;60;30.0;0;50;95;1.0;1.0;1.0;1.0;True;H;100.0;100.0;0.95;3600;3600;/dados/rmelo/PDPTW-SE/benchmark_multi_floor_v3/official_experiments/mip_gurobi/set_02_pt_01/logs/form_melo/outputs/csvresults_form_melo.csv;/dados/rmelo/PDPTW-SE/benchmark_multi_floor_v3/official_experiments/mip_gurobi/set_02_pt_01/logs/form_melo/solutions/10R_10V_04F_03M/lr103_sol_genconfig_melo.txt;/dados/rmelo/PDPTW-SE/benchmark_multi_floor_v3/official_experiments/mip_gurobi/set_02_pt_01/logs/form_melo/timelines/10R_10V_04F_03M/lr103_timeline_genconfig_melo.txt;/dados/rmelo/PDPTW-SE/benchmark_multi_floor_v3/official_experiments/mip_gurobi/set_02_pt_01/logs/form_melo/gurobi/10R_10V_04F_03M/lr103_grb_genconfig_melo.log;True;1-29;False;0.05;8;genconfig_melo;9;0;1;0;1459.07;1436.64;1537873.0;3600.01;1.54;7277;6856;700;220;30;10;10;151;151;6005;[];[];[];[];[];[];[];[];[];[];[];[];[];0.8;1.0;0.75;0.35;0.54;0.59;0.98;0.72;0.4;0.25;0.15;0.0;0.0
lr103;10R_10V_04F_04M;t1;lr103_t1_10R_10V_04F_04M;38;10;[  0  58 343 333 302 292 307 283  16];/dados/rmelo/PDPTW-SE/benchmark_multi_floor_v3/official_experiments/mip_gurobi/set_02_pt_01/../../../instances/orig_ams_fg/10R_10V_04F_04M/t1/lr103/;form;melo;/dados/rmelo/PDPTW-SE/benchmark_multi_floor_v3/official_experiments/mip_gurobi/set_02_pt_01/configs/genconfig_melo.conf;tightest_tw;0;4;Gurobi;7200;1;0;-1;1;-1;1;False;/dados/rmelo/PDPTW-SE/benchmark_multi_floor_v3/official_experiments/mip_gurobi/set_02_pt_01/logs/;0.0;0.5;False;0;0.2;1000000;1;0;0;M;60;M;60;30.0;0;50;95;1.0;1.0;1.0;1.0;True;H;100.0;100.0;0.95;3600;3600;/dados/rmelo/PDPTW-SE/benchmark_multi_floor_v3/official_experiments/mip_gurobi/set_02_pt_01/logs/form_melo/outputs/csvresults_form_melo.csv;/dados/rmelo/PDPTW-SE/benchmark_multi_floor_v3/official_experiments/mip_gurobi/set_02_pt_01/logs/form_melo/solutions/10R_10V_04F_04M/lr103_sol_genconfig_melo.txt;/dados/rmelo/PDPTW-SE/benchmark_multi_floor_v3/official_experiments/mip_gurobi/set_02_pt_01/logs/form_melo/timelines/10R_10V_04F_04M/lr103_timeline_genconfig_melo.txt;/dados/rmelo/PDPTW-SE/benchmark_multi_floor_v3/official_experiments/mip_gurobi/set_02_pt_01/logs/form_melo/gurobi/10R_10V_04F_04M/lr103_grb_genconfig_melo.log;True;1-29;False;0.05;8;genconfig_melo;9;0;1;0;1435.28;1241.55;822638.0;3600.01;13.5;9860;9383;730;220;30;10;10;207;207;8446;[];[];[];[];[];[];[];[];[];[];[];[];[];0.8;1.0;0.75;0.18;0.51;0.55;0.98;0.71;0.32;0.19;0.13;0.0;0.0
lr104;10R_10V_04F_03M;t1;lr104_t1_10R_10V_04F_03M;40;10;[  0  61 317 307 282 272 287 261  16];/dados/rmelo/PDPTW-SE/benchmark_multi_floor_v3/official_experiments/mip_gurobi/set_02_pt_01/../../../instances/orig_ams_fg/10R_10V_04F_04M/t1/lr104/;form;melo;/dados/rmelo/PDPTW-SE/benchmark_multi_floor_v3/official_experiments/mip_gurobi/set_02_pt_01/configs/genconfig_melo.conf;tightest_tw;0;3;Gurobi;7200;1;0;-1;1;-1;1;False;/dados/rmelo/PDPTW-SE/benchmark_multi_floor_v3/official_experiments/mip_gurobi/set_02_pt_01/logs/;0.0;0.5;False;0;0.2;1000000;1;0;0;M;60;M;60;30.0;0;50;95;1.0;1.0;1.0;1.0;True;H;100.0;100.0;0.95;3600;3600;/dados/rmelo/PDPTW-SE/benchmark_multi_floor_v3/official_experiments/mip_gurobi/set_02_pt_01/logs/form_melo/outputs/csvresults_form_melo.csv;/dados/rmelo/PDPTW-SE/benchmark_multi_floor_v3/official_experiments/mip_gurobi/set_02_pt_01/logs/form_melo/solutions/10R_10V_04F_03M/lr104_sol_genconfig_melo.txt;/dados/rmelo/PDPTW-SE/benchmark_multi_floor_v3/official_experiments/mip_gurobi/set_02_pt_01/logs/form_melo/timelines/10R_10V_04F_03M/lr104_timeline_genconfig_melo.txt;/dados/rmelo/PDPTW-SE/benchmark_multi_floor_v3/official_experiments/mip_gurobi/set_02_pt_01/logs/form_melo/gurobi/10R_10V_04F_03M/lr104_grb_genconfig_melo.log;True;1-29;False;0.05;8;genconfig_melo;9;0;1;0;1223.81;1176.29;2985113.0;3600.01;3.88;4418;4026;670;220;30;10;10;122;122;3234;[];[];[];[];[];[];[];[];[];[];[];[];[];0.7;1.0;0.73;0.3;0.48;0.5;0.97;0.76;0.38;0.23;0.14;0.0;0.0
lr104;10R_10V_04F_04M;t1;lr104_t1_10R_10V_04F_04M;40;10;[  0  61 315 305 282 272 287 261  16];/dados/rmelo/PDPTW-SE/benchmark_multi_floor_v3/official_experiments/mip_gurobi/set_02_pt_01/../../../instances/orig_ams_fg/10R_10V_04F_04M/t1/lr104/;form;melo;/dados/rmelo/PDPTW-SE/benchmark_multi_floor_v3/official_experiments/mip_gurobi/set_02_pt_01/configs/genconfig_melo.conf;tightest_tw;0;4;Gurobi;7200;1;0;-1;1;-1;1;False;/dados/rmelo/PDPTW-SE/benchmark_multi_floor_v3/official_experiments/mip_gurobi/set_02_pt_01/logs/;0.0;0.5;False;0;0.2;1000000;1;0;0;M;60;M;60;30.0;0;50;95;1.0;1.0;1.0;1.0;True;H;100.0;100.0;0.95;3600;3600;/dados/rmelo/PDPTW-SE/benchmark_multi_floor_v3/official_experiments/mip_gurobi/set_02_pt_01/logs/form_melo/outputs/csvresults_form_melo.csv;/dados/rmelo/PDPTW-SE/benchmark_multi_floor_v3/official_experiments/mip_gurobi/set_02_pt_01/logs/form_melo/solutions/10R_10V_04F_04M/lr104_sol_genconfig_melo.txt;/dados/rmelo/PDPTW-SE/benchmark_multi_floor_v3/official_experiments/mip_gurobi/set_02_pt_01/logs/form_melo/timelines/10R_10V_04F_04M/lr104_timeline_genconfig_melo.txt;/dados/rmelo/PDPTW-SE/benchmark_multi_floor_v3/official_experiments/mip_gurobi/set_02_pt_01/logs/form_melo/gurobi/10R_10V_04F_04M/lr104_grb_genconfig_melo.log;True;1-29;False;0.05;8;genconfig_melo;9;0;1;0;1217.41;1154.57;2209288.0;3600.01;5.16;5588;5155;680;220;30;10;10;163;163;4312;[];[];[];[];[];[];[];[];[];[];[];[];[];0.7;1.0;0.73;0.25;0.44;0.5;0.97;0.76;0.29;0.17;0.11;0.0;0.0
lr105;10R_10V_04F_03M;t1;lr105_t1_10R_10V_04F_03M;52;10;[  0  79 357 347 316 306 321 297  16];/dados/rmelo/PDPTW-SE/benchmark_multi_floor_v3/official_experiments/mip_gurobi/set_02_pt_01/../../../instances/orig_ams_fg/10R_10V_04F_04M/t1/lr105/;form;melo;/dados/rmelo/PDPTW-SE/benchmark_multi_floor_v3/official_experiments/mip_gurobi/set_02_pt_01/configs/genconfig_melo.conf;tightest_tw;0;3;Gurobi;7200;1;0;-1;1;-1;1;False;/dados/rmelo/PDPTW-SE/benchmark_multi_floor_v3/official_experiments/mip_gurobi/set_02_pt_01/logs/;0.0;0.5;False;0;0.2;1000000;1;0;0;M;60;M;60;30.0;0;50;95;1.0;1.0;1.0;1.0;True;H;100.0;100.0;0.95;3600;3600;/dados/rmelo/PDPTW-SE/benchmark_multi_floor_v3/official_experiments/mip_gurobi/set_02_pt_01/logs/form_melo/outputs/csvresults_form_melo.csv;/dados/rmelo/PDPTW-SE/benchmark_multi_floor_v3/official_experiments/mip_gurobi/set_02_pt_01/logs/form_melo/solutions/10R_10V_04F_03M/lr105_sol_genconfig_melo.txt;/dados/rmelo/PDPTW-SE/benchmark_multi_floor_v3/official_experiments/mip_gurobi/set_02_pt_01/logs/form_melo/timelines/10R_10V_04F_03M/lr105_timeline_genconfig_melo.txt;/dados/rmelo/PDPTW-SE/benchmark_multi_floor_v3/official_experiments/mip_gurobi/set_02_pt_01/logs/form_melo/gurobi/10R_10V_04F_03M/lr105_grb_genconfig_melo.log;True;1-29;False;0.05;8;genconfig_melo;2;1;0;0;1533.76;1533.76;1.0;1.18;0.0;1483;1150;330;220;30;10;10;63;63;757;[];[];[];[];[];[];[];[];[];[];[];[];[];1.0;1.0;0.53;0.04;0.32;0.45;0.72;0.58;0.49;0.31;0.18;0.0;0.02
lr105;10R_10V_04F_04M;t1;lr105_t1_10R_10V_04F_04M;52;10;[  0  79 355 345 317 307 322 297  16];/dados/rmelo/PDPTW-SE/benchmark_multi_floor_v3/official_experiments/mip_gurobi/set_02_pt_01/../../../instances/orig_ams_fg/10R_10V_04F_04M/t1/lr105/;form;melo;/dados/rmelo/PDPTW-SE/benchmark_multi_floor_v3/official_experiments/mip_gurobi/set_02_pt_01/configs/genconfig_melo.conf;tightest_tw;0;4;Gurobi;7200;1;0;-1;1;-1;1;False;/dados/rmelo/PDPTW-SE/benchmark_multi_floor_v3/official_experiments/mip_gurobi/set_02_pt_01/logs/;0.0;0.5;False;0;0.2;1000000;1;0;0;M;60;M;60;30.0;0;50;95;1.0;1.0;1.0;1.0;True;H;100.0;100.0;0.95;3600;3600;/dados/rmelo/PDPTW-SE/benchmark_multi_floor_v3/official_experiments/mip_gurobi/set_02_pt_01/logs/form_melo/outputs/csvresults_form_melo.csv;/dados/rmelo/PDPTW-SE/benchmark_multi_floor_v3/official_experiments/mip_gurobi/set_02_pt_01/logs/form_melo/solutions/10R_10V_04F_04M/lr105_sol_genconfig_melo.txt;/dados/rmelo/PDPTW-SE/benchmark_multi_floor_v3/official_experiments/mip_gurobi/set_02_pt_01/logs/form_melo/timelines/10R_10V_04F_04M/lr105_timeline_genconfig_melo.txt;/dados/rmelo/PDPTW-SE/benchmark_multi_floor_v3/official_experiments/mip_gurobi/set_02_pt_01/logs/form_melo/gurobi/10R_10V_04F_04M/lr105_grb_genconfig_melo.log;True;1-29;False;0.05;8;genconfig_melo;2;1;0;0;1503.31;1503.31;1.0;1.59;0.0;1737;1385;330;220;30;10;10;82;82;973;[];[];[];[];[];[];[];[];[];[];[];[];[];1.0;1.0;0.53;0.05;0.32;0.43;0.7;0.57;0.36;0.23;0.12;0.0;0.02
lr101;12R_12V_02F_03M;t1;lr101_t1_12R_12V_02F_03M;52;12;[  0  79 336 326 305 295 300 259   6];/dados/rmelo/PDPTW-SE/benchmark_multi_floor_v3/official_experiments/mip_gurobi/set_02_pt_01/../../../instances/orig_ams_fg/12R_12V_02F_04M/t1/lr101/;form;melo;/dados/rmelo/PDPTW-SE/benchmark_multi_floor_v3/official_experiments/mip_gurobi/set_02_pt_01/configs/genconfig_melo.conf;tightest_tw;0;3;Gurobi;7200;1;0;-1;1;-1;1;False;/dados/rmelo/PDPTW-SE/benchmark_multi_floor_v3/official_experiments/mip_gurobi/set_02_pt_01/logs/;0.0;0.5;False;0;0.2;1000000;1;0;0;M;60;M;60;30.0;0;50;95;1.0;1.0;1.0;1.0;True;H;100.0;100.0;0.95;3600;3600;/dados/rmelo/PDPTW-SE/benchmark_multi_floor_v3/official_experiments/mip_gurobi/set_02_pt_01/logs/form_melo/outputs/csvresults_form_melo.csv;/dados/rmelo/PDPTW-SE/benchmark_multi_floor_v3/official_experiments/mip_gurobi/set_02_pt_01/logs/form_melo/solutions/12R_12V_02F_03M/lr101_sol_genconfig_melo.txt;/dados/rmelo/PDPTW-SE/benchmark_multi_floor_v3/official_experiments/mip_gurobi/set_02_pt_01/logs/form_melo/timelines/12R_12V_02F_03M/lr101_timeline_genconfig_melo.txt;/dados/rmelo/PDPTW-SE/benchmark_multi_floor_v3/official_experiments/mip_gurobi/set_02_pt_01/logs/form_melo/gurobi/12R_12V_02F_03M/lr101_grb_genconfig_melo.log;True;1-29;False;0.05;8;genconfig_melo;2;1;0;0;1438.95;1438.95;10930.0;2.43;0.0;1800;1367;564;312;36;12;12;61;61;742;[];[];[];[];[];[];[];[];[];[];[];[];[];0.92;1.0;0.6;0.19;0.36;0.26;0.89;0.53;0.22;0.13;0.08;0.02;0.09
lr101;12R_12V_02F_04M;t1;lr101_t1_12R_12V_02F_04M;52;12;[  0  79 334 324 305 295 300 259   6];/dados/rmelo/PDPTW-SE/benchmark_multi_floor_v3/official_experiments/mip_gurobi/set_02_pt_01/../../../instances/orig_ams_fg/12R_12V_02F_04M/t1/lr101/;form;melo;/dados/rmelo/PDPTW-SE/benchmark_multi_floor_v3/official_experiments/mip_gurobi/set_02_pt_01/configs/genconfig_melo.conf;tightest_tw;0;4;Gurobi;7200;1;0;-1;1;-1;1;False;/dados/rmelo/PDPTW-SE/benchmark_multi_floor_v3/official_experiments/mip_gurobi/set_02_pt_01/logs/;0.0;0.5;False;0;0.2;1000000;1;0;0;M;60;M;60;30.0;0;50;95;1.0;1.0;1.0;1.0;True;H;100.0;100.0;0.95;3600;3600;/dados/rmelo/PDPTW-SE/benchmark_multi_floor_v3/official_experiments/mip_gurobi/set_02_pt_01/logs/form_melo/outputs/csvresults_form_melo.csv;/dados/rmelo/PDPTW-SE/benchmark_multi_floor_v3/official_experiments/mip_gurobi/set_02_pt_01/logs/form_melo/solutions/12R_12V_02F_04M/lr101_sol_genconfig_melo.txt;/dados/rmelo/PDPTW-SE/benchmark_multi_floor_v3/official_experiments/mip_gurobi/set_02_pt_01/logs/form_melo/timelines/12R_12V_02F_04M/lr101_timeline_genconfig_melo.txt;/dados/rmelo/PDPTW-SE/benchmark_multi_floor_v3/official_experiments/mip_gurobi/set_02_pt_01/logs/form_melo/gurobi/12R_12V_02F_04M/lr101_grb_genconfig_melo.log;True;1-29;False;0.05;8;genconfig_melo;2;1;0;0;1429.52;1429.52;1.0;0.38;0.0;2070;1618;564;312;36;12;12;80;80;974;[];[];[];[];[];[];[];[];[];[];[];[];[];0.92;1.0;0.76;0.19;0.36;0.26;0.89;0.52;0.17;0.1;0.07;0.03;0.1
lr102;12R_12V_02F_03M;t1;lr102_t1_12R_12V_02F_03M;62;12;[  0  94 334 324 312 302 307 270   6];/dados/rmelo/PDPTW-SE/benchmark_multi_floor_v3/official_experiments/mip_gurobi/set_02_pt_01/../../../instances/orig_ams_fg/12R_12V_02F_04M/t1/lr102/;form;melo;/dados/rmelo/PDPTW-SE/benchmark_multi_floor_v3/official_experiments/mip_gurobi/set_02_pt_01/configs/genconfig_melo.conf;tightest_tw;0;3;Gurobi;7200;1;0;-1;1;-1;1;False;/dados/rmelo/PDPTW-SE/benchmark_multi_floor_v3/official_experiments/mip_gurobi/set_02_pt_01/logs/;0.0;0.5;False;0;0.2;1000000;1;0;0;M;60;M;60;30.0;0;50;95;1.0;1.0;1.0;1.0;True;H;100.0;100.0;0.95;3600;3600;/dados/rmelo/PDPTW-SE/benchmark_multi_floor_v3/official_experiments/mip_gurobi/set_02_pt_01/logs/form_melo/outputs/csvresults_form_melo.csv;/dados/rmelo/PDPTW-SE/benchmark_multi_floor_v3/official_experiments/mip_gurobi/set_02_pt_01/logs/form_melo/solutions/12R_12V_02F_03M/lr102_sol_genconfig_melo.txt;/dados/rmelo/PDPTW-SE/benchmark_multi_floor_v3/official_experiments/mip_gurobi/set_02_pt_01/logs/form_melo/timelines/12R_12V_02F_03M/lr102_timeline_genconfig_melo.txt;/dados/rmelo/PDPTW-SE/benchmark_multi_floor_v3/official_experiments/mip_gurobi/set_02_pt_01/logs/form_melo/gurobi/12R_12V_02F_03M/lr102_grb_genconfig_melo.log;True;1-29;False;0.05;8;genconfig_melo;9;0;1;0;1404.89;1403.5;11113753.0;3600.01;0.1;2703;2253;792;312;36;12;12;78;78;1383;[];[];[];[];[];[];[];[];[];[];[];[];[];0.67;1.0;0.74;0.03;0.44;0.49;0.91;0.68;0.15;0.09;0.06;0.0;0.11
lr102;12R_12V_02F_04M;t1;lr102_t1_12R_12V_02F_04M;62;12;[  0  94 334 324 312 302 307 270   6];/dados/rmelo/PDPTW-SE/benchmark_multi_floor_v3/official_experiments/mip_gurobi/set_02_pt_01/../../../instances/orig_ams_fg/12R_12V_02F_04M/t1/lr102/;form;melo;/dados/rmelo/PDPTW-SE/benchmark_multi_floor_v3/official_experiments/mip_gurobi/set_02_pt_01/configs/genconfig_melo.conf;tightest_tw;0;4;Gurobi;7200;1;0;-1;1;-1;1;False;/dados/rmelo/PDPTW-SE/benchmark_multi_floor_v3/official_experiments/mip_gurobi/set_02_pt_01/logs/;0.0;0.5;False;0;0.2;1000000;1;0;0;M;60;M;60;30.0;0;50;95;1.0;1.0;1.0;1.0;True;H;100.0;100.0;0.95;3600;3600;/dados/rmelo/PDPTW-SE/benchmark_multi_floor_v3/official_experiments/mip_gurobi/set_02_pt_01/logs/form_melo/outputs/csvresults_form_melo.csv;/dados/rmelo/PDPTW-SE/benchmark_multi_floor_v3/official_experiments/mip_gurobi/set_02_pt_01/logs/form_melo/solutions/12R_12V_02F_04M/lr102_sol_genconfig_melo.txt;/dados/rmelo/PDPTW-SE/benchmark_multi_floor_v3/official_experiments/mip_gurobi/set_02_pt_01/logs/form_melo/timelines/12R_12V_02F_04M/lr102_timeline_genconfig_melo.txt;/dados/rmelo/PDPTW-SE/benchmark_multi_floor_v3/official_experiments/mip_gurobi/set_02_pt_01/logs/form_melo/gurobi/12R_12V_02F_04M/lr102_grb_genconfig_melo.log;True;1-29;False;0.05;8;genconfig_melo;2;1;0;0;1397.72;1397.6;1325557.0;508.54;0.01;3228;2752;792;312;36;12;12;104;104;1856;[];[];[];[];[];[];[];[];[];[];[];[];[];0.67;1.0;0.74;0.04;0.42;0.49;0.85;0.67;0.11;0.07;0.04;0.01;0.1
lr103;12R_12V_02F_03M;t1;lr103_t1_12R_12V_02F_03M;58;12;[  0  88 315 305 283 273 278 241   6];/dados/rmelo/PDPTW-SE/benchmark_multi_floor_v3/official_experiments/mip_gurobi/set_02_pt_01/../../../instances/orig_ams_fg/12R_12V_02F_04M/t1/lr103/;form;melo;/dados/rmelo/PDPTW-SE/benchmark_multi_floor_v3/official_experiments/mip_gurobi/set_02_pt_01/configs/genconfig_melo.conf;tightest_tw;0;3;Gurobi;7200;1;0;-1;1;-1;1;False;/dados/rmelo/PDPTW-SE/benchmark_multi_floor_v3/official_experiments/mip_gurobi/set_02_pt_01/logs/;0.0;0.5;False;0;0.2;1000000;1;0;0;M;60;M;60;30.0;0;50;95;1.0;1.0;1.0;1.0;True;H;100.0;100.0;0.95;3600;3600;/dados/rmelo/PDPTW-SE/benchmark_multi_floor_v3/official_experiments/mip_gurobi/set_02_pt_01/logs/form_melo/outputs/csvresults_form_melo.csv;/dados/rmelo/PDPTW-SE/benchmark_multi_floor_v3/official_experiments/mip_gurobi/set_02_pt_01/logs/form_melo/solutions/12R_12V_02F_03M/lr103_sol_genconfig_melo.txt;/dados/rmelo/PDPTW-SE/benchmark_multi_floor_v3/official_experiments/mip_gurobi/set_02_pt_01/logs/form_melo/timelines/12R_12V_02F_03M/lr103_timeline_genconfig_melo.txt;/dados/rmelo/PDPTW-SE/benchmark_multi_floor_v3/official_experiments/mip_gurobi/set_02_pt_01/logs/form_melo/gurobi/12R_12V_02F_03M/lr103_grb_genconfig_melo.log;True;1-29;False;0.05;8;genconfig_melo;9;0;1;0;1138.05;95.98;97772.0;3600.05;91.57;21000;20379;2412;312;36;12;12;249;249;17718;[];[];[];[];[];[];[];[];[];[];[];[];[];0.58;0.67;1.0;0.16;0.41;0.47;0.87;0.71;0.22;0.13;0.09;0.0;0.0
lr103;12R_12V_02F_04M;t1;lr103_t1_12R_12V_02F_04M;58;12;[  0  88 312 302 283 273 278 241   6];/dados/rmelo/PDPTW-SE/benchmark_multi_floor_v3/official_experiments/mip_gurobi/set_02_pt_01/../../../instances/orig_ams_fg/12R_12V_02F_04M/t1/lr103/;form;melo;/dados/rmelo/PDPTW-SE/benchmark_multi_floor_v3/official_experiments/mip_gurobi/set_02_pt_01/configs/genconfig_melo.conf;tightest_tw;0;4;Gurobi;7200;1;0;-1;1;-1;1;False;/dados/rmelo/PDPTW-SE/benchmark_multi_floor_v3/official_experiments/mip_gurobi/set_02_pt_01/logs/;0.0;0.5;False;0;0.2;1000000;1;0;0;M;60;M;60;30.0;0;50;95;1.0;1.0;1.0;1.0;True;H;100.0;100.0;0.95;3600;3600;/dados/rmelo/PDPTW-SE/benchmark_multi_floor_v3/official_experiments/mip_gurobi/set_02_pt_01/logs/form_melo/outputs/csvresults_form_melo.csv;/dados/rmelo/PDPTW-SE/benchmark_multi_floor_v3/official_experiments/mip_gurobi/set_02_pt_01/logs/form_melo/solutions/12R_12V_02F_04M/lr103_sol_genconfig_melo.txt;/dados/rmelo/PDPTW-SE/benchmark_multi_floor_v3/official_experiments/mip_gurobi/set_02_pt_01/logs/form_melo/timelines/12R_12V_02F_04M/lr103_timeline_genconfig_melo.txt;/dados/rmelo/PDPTW-SE/benchmark_multi_floor_v3/official_experiments/mip_gurobi/set_02_pt_01/logs/form_melo/gurobi/12R_12V_02F_04M/lr103_grb_genconfig_melo.log;True;1-29;False;0.05;8;genconfig_melo;9;0;1;0;1126.13;0.0;34103.0;3600.04;100.0;28216;27505;2472;312;36;12;12;339;339;24694;[];[];[];[];[];[];[];[];[];[];[];[];[];0.58;0.75;0.83;0.15;0.37;0.46;0.87;0.7;0.16;0.09;0.07;0.0;0.0
lr104;12R_12V_02F_03M;t1;lr104_t1_12R_12V_02F_03M;40;12;[  0  61 349 339 319 309 314 278   6];/dados/rmelo/PDPTW-SE/benchmark_multi_floor_v3/official_experiments/mip_gurobi/set_02_pt_01/../../../instances/orig_ams_fg/12R_12V_02F_04M/t1/lr104/;form;melo;/dados/rmelo/PDPTW-SE/benchmark_multi_floor_v3/official_experiments/mip_gurobi/set_02_pt_01/configs/genconfig_melo.conf;tightest_tw;0;3;Gurobi;7200;1;0;-1;1;-1;1;False;/dados/rmelo/PDPTW-SE/benchmark_multi_floor_v3/official_experiments/mip_gurobi/set_02_pt_01/logs/;0.0;0.5;False;0;0.2;1000000;1;0;0;M;60;M;60;30.0;0;50;95;1.0;1.0;1.0;1.0;True;H;100.0;100.0;0.95;3600;3600;/dados/rmelo/PDPTW-SE/benchmark_multi_floor_v3/official_experiments/mip_gurobi/set_02_pt_01/logs/form_melo/outputs/csvresults_form_melo.csv;/dados/rmelo/PDPTW-SE/benchmark_multi_floor_v3/official_experiments/mip_gurobi/set_02_pt_01/logs/form_melo/solutions/12R_12V_02F_03M/lr104_sol_genconfig_melo.txt;/dados/rmelo/PDPTW-SE/benchmark_multi_floor_v3/official_experiments/mip_gurobi/set_02_pt_01/logs/form_melo/timelines/12R_12V_02F_03M/lr104_timeline_genconfig_melo.txt;/dados/rmelo/PDPTW-SE/benchmark_multi_floor_v3/official_experiments/mip_gurobi/set_02_pt_01/logs/form_melo/gurobi/12R_12V_02F_03M/lr104_grb_genconfig_melo.log;True;1-29;False;0.05;8;genconfig_melo;9;0;1;0;1221.86;77.15;63534.0;3600.07;93.69;28612;27936;2400;312;36;12;12;304;304;25232;[];[];[];[];[];[];[];[];[];[];[];[];[];0.58;1.0;0.91;0.12;0.46;0.41;0.96;0.65;0.15;0.09;0.06;0.0;0.0
lr104;12R_12V_02F_04M;t1;lr104_t1_12R_12V_02F_04M;40;12;[  0  61 349 339 319 309 314 278   6];/dados/rmelo/PDPTW-SE/benchmark_multi_floor_v3/official_experiments/mip_gurobi/set_02_pt_01/../../../instances/orig_ams_fg/12R_12V_02F_04M/t1/lr104/;form;melo;/dados/rmelo/PDPTW-SE/benchmark_multi_floor_v3/official_experiments/mip_gurobi/set_02_pt_01/configs/genconfig_melo.conf;tightest_tw;0;4;Gurobi;7200;1;0;-1;1;-1;1;False;/dados/rmelo/PDPTW-SE/benchmark_multi_floor_v3/official_experiments/mip_gurobi/set_02_pt_01/logs/;0.0;0.5;False;0;0.2;1000000;1;0;0;M;60;M;60;30.0;0;50;95;1.0;1.0;1.0;1.0;True;H;100.0;100.0;0.95;3600;3600;/dados/rmelo/PDPTW-SE/benchmark_multi_floor_v3/official_experiments/mip_gurobi/set_02_pt_01/logs/form_melo/outputs/csvresults_form_melo.csv;/dados/rmelo/PDPTW-SE/benchmark_multi_floor_v3/official_experiments/mip_gurobi/set_02_pt_01/logs/form_melo/solutions/12R_12V_02F_04M/lr104_sol_genconfig_melo.txt;/dados/rmelo/PDPTW-SE/benchmark_multi_floor_v3/official_experiments/mip_gurobi/set_02_pt_01/logs/form_melo/timelines/12R_12V_02F_04M/lr104_timeline_genconfig_melo.txt;/dados/rmelo/PDPTW-SE/benchmark_multi_floor_v3/official_experiments/mip_gurobi/set_02_pt_01/logs/form_melo/gurobi/12R_12V_02F_04M/lr104_grb_genconfig_melo.log;True;1-29;False;0.05;8;genconfig_melo;9;0;1;0;1212.6;28.95;35220.0;3600.08;97.61;38684;37899;2448;312;36;12;12;413;413;35038;[];[];[];[];[];[];[];[];[];[];[];[];[];0.58;0.75;0.85;0.12;0.47;0.41;0.94;0.65;0.15;0.09;0.06;0.0;0.0
lr105;12R_12V_02F_03M;t1;lr105_t1_12R_12V_02F_03M;58;12;[  0  88 320 310 288 278 283 246   6];/dados/rmelo/PDPTW-SE/benchmark_multi_floor_v3/official_experiments/mip_gurobi/set_02_pt_01/../../../instances/orig_ams_fg/12R_12V_02F_04M/t1/lr105/;form;melo;/dados/rmelo/PDPTW-SE/benchmark_multi_floor_v3/official_experiments/mip_gurobi/set_02_pt_01/configs/genconfig_melo.conf;tightest_tw;0;3;Gurobi;7200;1;0;-1;1;-1;1;False;/dados/rmelo/PDPTW-SE/benchmark_multi_floor_v3/official_experiments/mip_gurobi/set_02_pt_01/logs/;0.0;0.5;False;0;0.2;1000000;1;0;0;M;60;M;60;30.0;0;50;95;1.0;1.0;1.0;1.0;True;H;100.0;100.0;0.95;3600;3600;/dados/rmelo/PDPTW-SE/benchmark_multi_floor_v3/official_experiments/mip_gurobi/set_02_pt_01/logs/form_melo/outputs/csvresults_form_melo.csv;/dados/rmelo/PDPTW-SE/benchmark_multi_floor_v3/official_experiments/mip_gurobi/set_02_pt_01/logs/form_melo/solutions/12R_12V_02F_03M/lr105_sol_genconfig_melo.txt;/dados/rmelo/PDPTW-SE/benchmark_multi_floor_v3/official_experiments/mip_gurobi/set_02_pt_01/logs/form_melo/timelines/12R_12V_02F_03M/lr105_timeline_genconfig_melo.txt;/dados/rmelo/PDPTW-SE/benchmark_multi_floor_v3/official_experiments/mip_gurobi/set_02_pt_01/logs/form_melo/gurobi/12R_12V_02F_03M/lr105_grb_genconfig_melo.log;True;1-29;False;0.05;8;genconfig_melo;9;0;1;0;1307.38;1306.53;15156174.0;3600.01;0.06;1954;1523;756;312;36;12;12;59;59;708;[];[];[];[];[];[];[];[];[];[];[];[];[];0.67;1.0;0.88;0.19;0.44;0.51;0.9;0.7;0.2;0.11;0.09;0.0;0.02
lr105;12R_12V_02F_04M;t1;lr105_t1_12R_12V_02F_04M;58;12;[  0  88 320 310 288 278 283 246   6];/dados/rmelo/PDPTW-SE/benchmark_multi_floor_v3/official_experiments/mip_gurobi/set_02_pt_01/../../../instances/orig_ams_fg/12R_12V_02F_04M/t1/lr105/;form;melo;/dados/rmelo/PDPTW-SE/benchmark_multi_floor_v3/official_experiments/mip_gurobi/set_02_pt_01/configs/genconfig_melo.conf;tightest_tw;0;4;Gurobi;7200;1;0;-1;1;-1;1;False;/dados/rmelo/PDPTW-SE/benchmark_multi_floor_v3/official_experiments/mip_gurobi/set_02_pt_01/logs/;0.0;0.5;False;0;0.2;1000000;1;0;0;M;60;M;60;30.0;0;50;95;1.0;1.0;1.0;1.0;True;H;100.0;100.0;0.95;3600;3600;/dados/rmelo/PDPTW-SE/benchmark_multi_floor_v3/official_experiments/mip_gurobi/set_02_pt_01/logs/form_melo/outputs/csvresults_form_melo.csv;/dados/rmelo/PDPTW-SE/benchmark_multi_floor_v3/official_experiments/mip_gurobi/set_02_pt_01/logs/form_melo/solutions/12R_12V_02F_04M/lr105_sol_genconfig_melo.txt;/dados/rmelo/PDPTW-SE/benchmark_multi_floor_v3/official_experiments/mip_gurobi/set_02_pt_01/logs/form_melo/timelines/12R_12V_02F_04M/lr105_timeline_genconfig_melo.txt;/dados/rmelo/PDPTW-SE/benchmark_multi_floor_v3/official_experiments/mip_gurobi/set_02_pt_01/logs/form_melo/gurobi/12R_12V_02F_04M/lr105_grb_genconfig_melo.log;True;1-29;False;0.05;8;genconfig_melo;9;0;1;0;1293.82;1282.44;9207114.0;3600.01;0.88;2217;1767;756;312;36;12;12;78;78;933;[];[];[];[];[];[];[];[];[];[];[];[];[];0.67;1.0;0.72;0.26;0.41;0.49;0.9;0.69;0.14;0.09;0.06;0.0;0.02
lr101;12R_12V_04F_03M;t1;lr101_t1_12R_12V_04F_03M;52;12;[  0  79 356 346 325 315 330 299  16];/dados/rmelo/PDPTW-SE/benchmark_multi_floor_v3/official_experiments/mip_gurobi/set_02_pt_01/../../../instances/orig_ams_fg/12R_12V_04F_04M/t1/lr101/;form;melo;/dados/rmelo/PDPTW-SE/benchmark_multi_floor_v3/official_experiments/mip_gurobi/set_02_pt_01/configs/genconfig_melo.conf;tightest_tw;0;3;Gurobi;7200;1;0;-1;1;-1;1;False;/dados/rmelo/PDPTW-SE/benchmark_multi_floor_v3/official_experiments/mip_gurobi/set_02_pt_01/logs/;0.0;0.5;False;0;0.2;1000000;1;0;0;M;60;M;60;30.0;0;50;95;1.0;1.0;1.0;1.0;True;H;100.0;100.0;0.95;3600;3600;/dados/rmelo/PDPTW-SE/benchmark_multi_floor_v3/official_experiments/mip_gurobi/set_02_pt_01/logs/form_melo/outputs/csvresults_form_melo.csv;/dados/rmelo/PDPTW-SE/benchmark_multi_floor_v3/official_experiments/mip_gurobi/set_02_pt_01/logs/form_melo/solutions/12R_12V_04F_03M/lr101_sol_genconfig_melo.txt;/dados/rmelo/PDPTW-SE/benchmark_multi_floor_v3/official_experiments/mip_gurobi/set_02_pt_01/logs/form_melo/timelines/12R_12V_04F_03M/lr101_timeline_genconfig_melo.txt;/dados/rmelo/PDPTW-SE/benchmark_multi_floor_v3/official_experiments/mip_gurobi/set_02_pt_01/logs/form_melo/gurobi/12R_12V_04F_03M/lr101_grb_genconfig_melo.log;True;1-29;False;0.05;8;genconfig_melo;2;1;0;0;1644.1;1644.1;1.0;6.54;0.0;2574;2111;504;312;36;12;12;91;91;1516;[];[];[];[];[];[];[];[];[];[];[];[];[];0.92;1.0;0.6;0.19;0.36;0.24;0.84;0.56;0.6;0.34;0.26;0.02;0.05
lr101;12R_12V_04F_04M;t1;lr101_t1_12R_12V_04F_04M;52;12;[  0  79 355 345 325 315 330 299  16];/dados/rmelo/PDPTW-SE/benchmark_multi_floor_v3/official_experiments/mip_gurobi/set_02_pt_01/../../../instances/orig_ams_fg/12R_12V_04F_04M/t1/lr101/;form;melo;/dados/rmelo/PDPTW-SE/benchmark_multi_floor_v3/official_experiments/mip_gurobi/set_02_pt_01/configs/genconfig_melo.conf;tightest_tw;0;4;Gurobi;7200;1;0;-1;1;-1;1;False;/dados/rmelo/PDPTW-SE/benchmark_multi_floor_v3/official_experiments/mip_gurobi/set_02_pt_01/logs/;0.0;0.5;False;0;0.2;1000000;1;0;0;M;60;M;60;30.0;0;50;95;1.0;1.0;1.0;1.0;True;H;100.0;100.0;0.95;3600;3600;/dados/rmelo/PDPTW-SE/benchmark_multi_floor_v3/official_experiments/mip_gurobi/set_02_pt_01/logs/form_melo/outputs/csvresults_form_melo.csv;/dados/rmelo/PDPTW-SE/benchmark_multi_floor_v3/official_experiments/mip_gurobi/set_02_pt_01/logs/form_melo/solutions/12R_12V_04F_04M/lr101_sol_genconfig_melo.txt;/dados/rmelo/PDPTW-SE/benchmark_multi_floor_v3/official_experiments/mip_gurobi/set_02_pt_01/logs/form_melo/timelines/12R_12V_04F_04M/lr101_timeline_genconfig_melo.txt;/dados/rmelo/PDPTW-SE/benchmark_multi_floor_v3/official_experiments/mip_gurobi/set_02_pt_01/logs/form_melo/gurobi/12R_12V_04F_04M/lr101_grb_genconfig_melo.log;True;1-29;False;0.05;8;genconfig_melo;2;1;0;0;1614.72;1614.59;1.0;5.86;0.01;3069;2578;504;312;36;12;12;119;119;1955;[];[];[];[];[];[];[];[];[];[];[];[];[];0.92;1.0;0.76;0.15;0.37;0.24;0.84;0.55;0.45;0.25;0.2;0.0;0.05
lr102;12R_12V_04F_03M;t1;lr102_t1_12R_12V_04F_03M;62;12;[  0  94 342 332 316 306 321 294  16];/dados/rmelo/PDPTW-SE/benchmark_multi_floor_v3/official_experiments/mip_gurobi/set_02_pt_01/../../../instances/orig_ams_fg/12R_12V_04F_04M/t1/lr102/;form;melo;/dados/rmelo/PDPTW-SE/benchmark_multi_floor_v3/official_experiments/mip_gurobi/set_02_pt_01/configs/genconfig_melo.conf;tightest_tw;0;3;Gurobi;7200;1;0;-1;1;-1;1;False;/dados/rmelo/PDPTW-SE/benchmark_multi_floor_v3/official_experiments/mip_gurobi/set_02_pt_01/logs/;0.0;0.5;False;0;0.2;1000000;1;0;0;M;60;M;60;30.0;0;50;95;1.0;1.0;1.0;1.0;True;H;100.0;100.0;0.95;3600;3600;/dados/rmelo/PDPTW-SE/benchmark_multi_floor_v3/official_experiments/mip_gurobi/set_02_pt_01/logs/form_melo/outputs/csvresults_form_melo.csv;/dados/rmelo/PDPTW-SE/benchmark_multi_floor_v3/official_experiments/mip_gurobi/set_02_pt_01/logs/form_melo/solutions/12R_12V_04F_03M/lr102_sol_genconfig_melo.txt;/dados/rmelo/PDPTW-SE/benchmark_multi_floor_v3/official_experiments/mip_gurobi/set_02_pt_01/logs/form_melo/timelines/12R_12V_04F_03M/lr102_timeline_genconfig_melo.txt;/dados/rmelo/PDPTW-SE/benchmark_multi_floor_v3/official_experiments/mip_gurobi/set_02_pt_01/logs/form_melo/gurobi/12R_12V_04F_03M/lr102_grb_genconfig_melo.log;True;1-29;False;0.05;8;genconfig_melo;9;0;1;0;1632.21;1551.44;4564414.0;3600.01;4.95;2784;2321;588;312;36;12;12;91;91;1642;[];[];[];[];[];[];[];[];[];[];[];[];[];0.83;1.0;0.62;0.03;0.35;0.37;0.86;0.62;0.56;0.33;0.23;0.0;0.04
lr102;12R_12V_04F_04M;t1;lr102_t1_12R_12V_04F_04M;62;12;[  0  94 342 332 316 306 321 294  16];/dados/rmelo/PDPTW-SE/benchmark_multi_floor_v3/official_experiments/mip_gurobi/set_02_pt_01/../../../instances/orig_ams_fg/12R_12V_04F_04M/t1/lr102/;form;melo;/dados/rmelo/PDPTW-SE/benchmark_multi_floor_v3/official_experiments/mip_gurobi/set_02_pt_01/configs/genconfig_melo.conf;tightest_tw;0;4;Gurobi;7200;1;0;-1;1;-1;1;False;/dados/rmelo/PDPTW-SE/benchmark_multi_floor_v3/official_experiments/mip_gurobi/set_02_pt_01/logs/;0.0;0.5;False;0;0.2;1000000;1;0;0;M;60;M;60;30.0;0;50;95;1.0;1.0;1.0;1.0;True;H;100.0;100.0;0.95;3600;3600;/dados/rmelo/PDPTW-SE/benchmark_multi_floor_v3/official_experiments/mip_gurobi/set_02_pt_01/logs/form_melo/outputs/csvresults_form_melo.csv;/dados/rmelo/PDPTW-SE/benchmark_multi_floor_v3/official_experiments/mip_gurobi/set_02_pt_01/logs/form_melo/solutions/12R_12V_04F_04M/lr102_sol_genconfig_melo.txt;/dados/rmelo/PDPTW-SE/benchmark_multi_floor_v3/official_experiments/mip_gurobi/set_02_pt_01/logs/form_melo/timelines/12R_12V_04F_04M/lr102_timeline_genconfig_melo.txt;/dados/rmelo/PDPTW-SE/benchmark_multi_floor_v3/official_experiments/mip_gurobi/set_02_pt_01/logs/form_melo/gurobi/12R_12V_04F_04M/lr102_grb_genconfig_melo.log;True;1-29;False;0.05;8;genconfig_melo;9;0;1;0;1590.25;1566.79;4538121.0;3600.01;1.48;3451;2956;588;312;36;12;12;123;123;2245;[];[];[];[];[];[];[];[];[];[];[];[];[];0.83;1.0;0.74;0.03;0.37;0.36;0.85;0.6;0.4;0.25;0.15;0.0;0.04
lr103;12R_12V_04F_03M;t1;lr103_t1_12R_12V_04F_03M;58;12;[  0  88 315 305 283 273 288 261  16];/dados/rmelo/PDPTW-SE/benchmark_multi_floor_v3/official_experiments/mip_gurobi/set_02_pt_01/../../../instances/orig_ams_fg/12R_12V_04F_04M/t1/lr103/;form;melo;/dados/rmelo/PDPTW-SE/benchmark_multi_floor_v3/official_experiments/mip_gurobi/set_02_pt_01/configs/genconfig_melo.conf;tightest_tw;0;3;Gurobi;7200;1;0;-1;1;-1;1;False;/dados/rmelo/PDPTW-SE/benchmark_multi_floor_v3/official_experiments/mip_gurobi/set_02_pt_01/logs/;0.0;0.5;False;0;0.2;1000000;1;0;0;M;60;M;60;30.0;0;50;95;1.0;1.0;1.0;1.0;True;H;100.0;100.0;0.95;3600;3600;/dados/rmelo/PDPTW-SE/benchmark_multi_floor_v3/official_experiments/mip_gurobi/set_02_pt_01/logs/form_melo/outputs/csvresults_form_melo.csv;/dados/rmelo/PDPTW-SE/benchmark_multi_floor_v3/official_experiments/mip_gurobi/set_02_pt_01/logs/form_melo/solutions/12R_12V_04F_03M/lr103_sol_genconfig_melo.txt;/dados/rmelo/PDPTW-SE/benchmark_multi_floor_v3/official_experiments/mip_gurobi/set_02_pt_01/logs/form_melo/timelines/12R_12V_04F_03M/lr103_timeline_genconfig_melo.txt;/dados/rmelo/PDPTW-SE/benchmark_multi_floor_v3/official_experiments/mip_gurobi/set_02_pt_01/logs/form_melo/gurobi/12R_12V_04F_03M/lr103_grb_genconfig_melo.log;True;1-29;False;0.05;8;genconfig_melo;9;0;1;0;1452.09;814.68;171945.0;3600.01;43.9;15330;14736;1284;312;36;12;12;222;222;13230;[];[];[];[];[];[];[];[];[];[];[];[];[];0.67;1.0;0.83;0.19;0.46;0.6;0.98;0.79;0.47;0.28;0.2;0.0;0.0
lr103;12R_12V_04F_04M;t1;lr103_t1_12R_12V_04F_04M;58;12;[  0  88 312 302 283 273 288 261  16];/dados/rmelo/PDPTW-SE/benchmark_multi_floor_v3/official_experiments/mip_gurobi/set_02_pt_01/../../../instances/orig_ams_fg/12R_12V_04F_04M/t1/lr103/;form;melo;/dados/rmelo/PDPTW-SE/benchmark_multi_floor_v3/official_experiments/mip_gurobi/set_02_pt_01/configs/genconfig_melo.conf;tightest_tw;0;4;Gurobi;7200;1;0;-1;1;-1;1;False;/dados/rmelo/PDPTW-SE/benchmark_multi_floor_v3/official_experiments/mip_gurobi/set_02_pt_01/logs/;0.0;0.5;False;0;0.2;1000000;1;0;0;M;60;M;60;30.0;0;50;95;1.0;1.0;1.0;1.0;True;H;100.0;100.0;0.95;3600;3600;/dados/rmelo/PDPTW-SE/benchmark_multi_floor_v3/official_experiments/mip_gurobi/set_02_pt_01/logs/form_melo/outputs/csvresults_form_melo.csv;/dados/rmelo/PDPTW-SE/benchmark_multi_floor_v3/official_experiments/mip_gurobi/set_02_pt_01/logs/form_melo/solutions/12R_12V_04F_04M/lr103_sol_genconfig_melo.txt;/dados/rmelo/PDPTW-SE/benchmark_multi_floor_v3/official_experiments/mip_gurobi/set_02_pt_01/logs/form_melo/timelines/12R_12V_04F_04M/lr103_timeline_genconfig_melo.txt;/dados/rmelo/PDPTW-SE/benchmark_multi_floor_v3/official_experiments/mip_gurobi/set_02_pt_01/logs/form_melo/gurobi/12R_12V_04F_04M/lr103_grb_genconfig_melo.log;True;1-29;False;0.05;8;genconfig_melo;9;0;1;0;1431.98;650.59;148956.0;3600.02;54.57;20477;19805;1320;312;36;12;12;300;300;18185;[];[];[];[];[];[];[];[];[];[];[];[];[];0.67;1.0;1.0;0.16;0.48;0.6;0.95;0.78;0.34;0.21;0.13;0.0;0.0
lr104;12R_12V_04F_03M;t1;lr104_t1_12R_12V_04F_03M;40;12;[  0  61 372 362 332 322 337 311  16];/dados/rmelo/PDPTW-SE/benchmark_multi_floor_v3/official_experiments/mip_gurobi/set_02_pt_01/../../../instances/orig_ams_fg/12R_12V_04F_04M/t1/lr104/;form;melo;/dados/rmelo/PDPTW-SE/benchmark_multi_floor_v3/official_experiments/mip_gurobi/set_02_pt_01/configs/genconfig_melo.conf;tightest_tw;0;3;Gurobi;7200;1;0;-1;1;-1;1;False;/dados/rmelo/PDPTW-SE/benchmark_multi_floor_v3/official_experiments/mip_gurobi/set_02_pt_01/logs/;0.0;0.5;False;0;0.2;1000000;1;0;0;M;60;M;60;30.0;0;50;95;1.0;1.0;1.0;1.0;True;H;100.0;100.0;0.95;3600;3600;/dados/rmelo/PDPTW-SE/benchmark_multi_floor_v3/official_experiments/mip_gurobi/set_02_pt_01/logs/form_melo/outputs/csvresults_form_melo.csv;/dados/rmelo/PDPTW-SE/benchmark_multi_floor_v3/official_experiments/mip_gurobi/set_02_pt_01/logs/form_melo/solutions/12R_12V_04F_03M/lr104_sol_genconfig_melo.txt;/dados/rmelo/PDPTW-SE/benchmark_multi_floor_v3/official_experiments/mip_gurobi/set_02_pt_01/logs/form_melo/timelines/12R_12V_04F_03M/lr104_timeline_genconfig_melo.txt;/dados/rmelo/PDPTW-SE/benchmark_multi_floor_v3/official_experiments/mip_gurobi/set_02_pt_01/logs/form_melo/gurobi/12R_12V_04F_03M/lr104_grb_genconfig_melo.log;True;1-29;False;0.05;8;genconfig_melo;9;0;1;0;1484.8;567.14;64725.0;3600.05;61.8;30329;29636;1836;312;36;12;12;321;321;27479;[];[];[];[];[];[];[];[];[];[];[];[];[];0.75;1.0;0.73;0.06;0.39;0.32;0.86;0.59;0.41;0.25;0.16;0.0;0.0
lr104;12R_12V_04F_04M;t1;lr104_t1_12R_12V_04F_04M;40;12;[  0  61 370 360 332 322 337 311  16];/dados/rmelo/PDPTW-SE/benchmark_multi_floor_v3/official_experiments/mip_gurobi/set_02_pt_01/../../../instances/orig_ams_fg/12R_12V_04F_04M/t1/lr104/;form;melo;/dados/rmelo/PDPTW-SE/benchmark_multi_floor_v3/official_experiments/mip_gurobi/set_02_pt_01/configs/genconfig_melo.conf;tightest_tw;0;4;Gurobi;7200;1;0;-1;1;-1;1;False;/dados/rmelo/PDPTW-SE/benchmark_multi_floor_v3/official_experiments/mip_gurobi/set_02_pt_01/logs/;0.0;0.5;False;0;0.2;1000000;1;0;0;M;60;M;60;30.0;0;50;95;1.0;1.0;1.0;1.0;True;H;100.0;100.0;0.95;3600;3600;/dados/rmelo/PDPTW-SE/benchmark_multi_floor_v3/official_experiments/mip_gurobi/set_02_pt_01/logs/form_melo/outputs/csvresults_form_melo.csv;/dados/rmelo/PDPTW-SE/benchmark_multi_floor_v3/official_experiments/mip_gurobi/set_02_pt_01/logs/form_melo/solutions/12R_12V_04F_04M/lr104_sol_genconfig_melo.txt;/dados/rmelo/PDPTW-SE/benchmark_multi_floor_v3/official_experiments/mip_gurobi/set_02_pt_01/logs/form_melo/timelines/12R_12V_04F_04M/lr104_timeline_genconfig_melo.txt;/dados/rmelo/PDPTW-SE/benchmark_multi_floor_v3/official_experiments/mip_gurobi/set_02_pt_01/logs/form_melo/gurobi/12R_12V_04F_04M/lr104_grb_genconfig_melo.log;True;1-29;False;0.05;8;genconfig_melo;9;0;1;0;1468.83;498.89;46708.0;3600.07;66.03;42026;41213;1872;312;36;12;12;441;441;38900;[];[];[];[];[];[];[];[];[];[];[];[];[];0.75;1.0;0.77;0.06;0.39;0.31;0.84;0.58;0.31;0.19;0.12;0.0;0.0
lr105;12R_12V_04F_03M;t1;lr105_t1_12R_12V_04F_03M;58;12;[  0  88 342 332 304 294 309 282  16];/dados/rmelo/PDPTW-SE/benchmark_multi_floor_v3/official_experiments/mip_gurobi/set_02_pt_01/../../../instances/orig_ams_fg/12R_12V_04F_04M/t1/lr105/;form;melo;/dados/rmelo/PDPTW-SE/benchmark_multi_floor_v3/official_experiments/mip_gurobi/set_02_pt_01/configs/genconfig_melo.conf;tightest_tw;0;3;Gurobi;7200;1;0;-1;1;-1;1;False;/dados/rmelo/PDPTW-SE/benchmark_multi_floor_v3/official_experiments/mip_gurobi/set_02_pt_01/logs/;0.0;0.5;False;0;0.2;1000000;1;0;0;M;60;M;60;30.0;0;50;95;1.0;1.0;1.0;1.0;True;H;100.0;100.0;0.95;3600;3600;/dados/rmelo/PDPTW-SE/benchmark_multi_floor_v3/official_experiments/mip_gurobi/set_02_pt_01/logs/form_melo/outputs/csvresults_form_melo.csv;/dados/rmelo/PDPTW-SE/benchmark_multi_floor_v3/official_experiments/mip_gurobi/set_02_pt_01/logs/form_melo/solutions/12R_12V_04F_03M/lr105_sol_genconfig_melo.txt;/dados/rmelo/PDPTW-SE/benchmark_multi_floor_v3/official_experiments/mip_gurobi/set_02_pt_01/logs/form_melo/timelines/12R_12V_04F_03M/lr105_timeline_genconfig_melo.txt;/dados/rmelo/PDPTW-SE/benchmark_multi_floor_v3/official_experiments/mip_gurobi/set_02_pt_01/logs/form_melo/gurobi/12R_12V_04F_03M/lr105_grb_genconfig_melo.log;True;1-29;False;0.05;8;genconfig_melo;2;1;0;0;1707.46;1707.46;1.0;2.98;0.0;2616;2155;504;312;36;12;12;89;89;1562;[];[];[];[];[];[];[];[];[];[];[];[];[];0.92;1.0;0.6;0.05;0.32;0.43;0.79;0.62;0.59;0.33;0.26;0.0;0.02
lr105;12R_12V_04F_04M;t1;lr105_t1_12R_12V_04F_04M;58;12;[  0  88 340 330 304 294 309 282  16];/dados/rmelo/PDPTW-SE/benchmark_multi_floor_v3/official_experiments/mip_gurobi/set_02_pt_01/../../../instances/orig_ams_fg/12R_12V_04F_04M/t1/lr105/;form;melo;/dados/rmelo/PDPTW-SE/benchmark_multi_floor_v3/official_experiments/mip_gurobi/set_02_pt_01/configs/genconfig_melo.conf;tightest_tw;0;4;Gurobi;7200;1;0;-1;1;-1;1;False;/dados/rmelo/PDPTW-SE/benchmark_multi_floor_v3/official_experiments/mip_gurobi/set_02_pt_01/logs/;0.0;0.5;False;0;0.2;1000000;1;0;0;M;60;M;60;30.0;0;50;95;1.0;1.0;1.0;1.0;True;H;100.0;100.0;0.95;3600;3600;/dados/rmelo/PDPTW-SE/benchmark_multi_floor_v3/official_experiments/mip_gurobi/set_02_pt_01/logs/form_melo/outputs/csvresults_form_melo.csv;/dados/rmelo/PDPTW-SE/benchmark_multi_floor_v3/official_experiments/mip_gurobi/set_02_pt_01/logs/form_melo/solutions/12R_12V_04F_04M/lr105_sol_genconfig_melo.txt;/dados/rmelo/PDPTW-SE/benchmark_multi_floor_v3/official_experiments/mip_gurobi/set_02_pt_01/logs/form_melo/timelines/12R_12V_04F_04M/lr105_timeline_genconfig_melo.txt;/dados/rmelo/PDPTW-SE/benchmark_multi_floor_v3/official_experiments/mip_gurobi/set_02_pt_01/logs/form_melo/gurobi/12R_12V_04F_04M/lr105_grb_genconfig_melo.log;True;1-29;False;0.05;8;genconfig_melo;2;1;0;0;1687.27;1687.27;98.0;5.01;0.0;3117;2629;504;312;36;12;12;116;116;2009;[];[];[];[];[];[];[];[];[];[];[];[];[];0.92;1.0;0.76;0.04;0.34;0.43;0.79;0.61;0.48;0.25;0.23;0.0;0.02
