alpha;avrg_machines_travel_time_no_vehicle;avrg_machines_travel_time_only_with_vehicle;avrg_machines_travel_time_with_vehicle;avrg_vehicles_waiting_time_for_a_machine_travel;avrg_vehicles_waiting_time_for_a_service;countImprovements;csvfilename;cutoff;cutoffmachs;depot_begin;depot_end;elevator;epsilon;epsilonCap;feasible;first_delivery;first_pickup;fullname;genconfigfile;genconfigfilename;grbFilename;greedy_service_order;group;gurobiCuts;infeasibleSol;initial_station;instPath;iteration;iterationToBest;largestUpdateOffset;lastSGreedySolValue;last_delivery;last_pickup;lmnsAcceptanceCriteria;lmnsGapToBiggerDestruction;lmnsGapToSmallerDestruction;lmnsMIPFocus;lmnsMetropolisTemp;lmnsRepairTime;lmnsReqRApplyMIPStart;lmnsSimulatedAnnealingCool;lmnsSimulatedAnnealingTemp;lmnsWeightShawDemandSim;lmnsWeightShawDistProx;lmnsWeightShawEarlProx;lmnsWeightShawSameRoute;lmnsa;lmnsr;lpImpr;lpRuns;make_instance_feasible;max_Q;max_completion_time;max_d;max_max_load_all_vehicles;max_q;max_s;maxiter;maxnodes;maxtime;meanLPImprPercentage;mean_completion_time;mean_max_load_all_vehicles;methodCode;methodType;min_completion_time;min_max_load_all_vehicles;mipPresolve;mipmaxtime;mslpa;mslpr;n;n_machines_used;n_vehicles_used;name;num_machs;output;outputFlagGrbLMNS;outputFlagGrbMIP;outputFlagGrbMSLP;percentageInfeasibleSol;percentageLPImpr;printsol;seed;solfilename;solver;solverMethod;startTime;suff_csv;suff_outputs;sumLPImprPercentage;threads;timeToBest;timelineFilename;totalTimeElapsed;type;typeUserCut;value;warmStart
0.15;0.01;0.06;0.07;0.0;0.0;5;/dados/rmelo/PDPTW-SE/benchmark_multi_floor_v3/official_experiments/multistartlp/preliminar/set_01_pt_04/logs/heur_mslp/outputs/csvresults_heur_mslp_bash_3.csv;0;3;1;18;1;0.0;0.5;true;10;2;lr107_t1_08R_08V_02F_03M;/dados/rmelo/PDPTW-SE/benchmark_multi_floor_v3/official_experiments/multistartlp/preliminar/set_01_pt_04/configs/genconfig_mslp.conf;genconfig_mslp;/dados/rmelo/PDPTW-SE/benchmark_multi_floor_v3/official_experiments/multistartlp/preliminar/set_01_pt_04/logs/heur_mslp/gurobi/08R_08V_02F_03M/lr107_grb_genconfig_mslp_seed_94_alpha_15p.log;random;08R_08V_02F_03M;1;0;1;/dados/rmelo/PDPTW-SE/benchmark_multi_floor_v3/official_experiments/multistartlp/preliminar/set_01_pt_04/../../../../instances/orig_ams_fg/08R_08V_02F_04M/t1/lr107/;60000;15;0;1100.2;17;9;H;50;95;0;100.0;30.0;true;0.95;100.0;1.0;1.0;1.0;1.0;60;M;60000;60000;false;40;0.94;80.43;0.73;20;10;1000000;-1;3600;16.02;0.73;0.57;mslp;heur;0.47;0.3;-1;3600;60000;I;8;1.0;0.62;lr107;0;/dados/rmelo/PDPTW-SE/benchmark_multi_floor_v3/official_experiments/multistartlp/preliminar/set_01_pt_04/logs;0;0;0;0.0;100.0;1;94;/dados/rmelo/PDPTW-SE/benchmark_multi_floor_v3/official_experiments/multistartlp/preliminar/set_01_pt_04/logs/heur_mslp/solutions/08R_08V_02F_03M/lr107_sol_genconfig_mslp_seed_94_alpha_15p.txt;Gurobi;AUTOMATIC;17.27;_bash_3;_seed_94_alpha_15p;9614.34;1;0.31;/dados/rmelo/PDPTW-SE/benchmark_multi_floor_v3/official_experiments/multistartlp/preliminar/set_01_pt_04/logs/heur_mslp/timelines/08R_08V_02F_03M/lr107_timeline_genconfig_mslp_seed_94_alpha_15p.txt;102.93;t1;0;843.14;false
0.15;0.0;0.01;0.02;0.0;0.0;5;/dados/rmelo/PDPTW-SE/benchmark_multi_floor_v3/official_experiments/multistartlp/preliminar/set_01_pt_04/logs/heur_mslp/outputs/csvresults_heur_mslp_bash_3.csv;0;3;1;18;1;0.0;0.5;true;10;2;lr210_t2_08R_08V_02F_03M;/dados/rmelo/PDPTW-SE/benchmark_multi_floor_v3/official_experiments/multistartlp/preliminar/set_01_pt_04/configs/genconfig_mslp.conf;genconfig_mslp;/dados/rmelo/PDPTW-SE/benchmark_multi_floor_v3/official_experiments/multistartlp/preliminar/set_01_pt_04/logs/heur_mslp/gurobi/08R_08V_02F_03M/lr210_grb_genconfig_mslp_seed_94_alpha_15p.log;random;08R_08V_02F_03M;1;741;1;/dados/rmelo/PDPTW-SE/benchmark_multi_floor_v3/official_experiments/multistartlp/preliminar/set_01_pt_04/../../../../instances/orig_ams_fg/08R_08V_02F_04M/t2/lr210/;60000;3698;0;1237.81;17;9;H;50;95;0;100.0;30.0;true;0.95;100.0;1.0;1.0;1.0;1.0;60;M;59259;59259;false;58;0.72;75.46;1.0;29;10;1000000;-1;3600;30.79;0.72;1.0;mslp;heur;0.72;1.0;-1;3600;60000;I;8;1.0;0.12;lr210;0;/dados/rmelo/PDPTW-SE/benchmark_multi_floor_v3/official_experiments/multistartlp/preliminar/set_01_pt_04/logs;0;0;0;1.24;100.0;1;94;/dados/rmelo/PDPTW-SE/benchmark_multi_floor_v3/official_experiments/multistartlp/preliminar/set_01_pt_04/logs/heur_mslp/solutions/08R_08V_02F_03M/lr210_sol_genconfig_mslp_seed_94_alpha_15p.txt;Gurobi;AUTOMATIC;17.44;_bash_3;_seed_94_alpha_15p;18248.1;1;8.19;/dados/rmelo/PDPTW-SE/benchmark_multi_floor_v3/official_experiments/multistartlp/preliminar/set_01_pt_04/logs/heur_mslp/timelines/08R_08V_02F_03M/lr210_timeline_genconfig_mslp_seed_94_alpha_15p.txt;124.52;t2;0;719.78;false
0.15;0.1;0.19;0.29;0.0;0.05;5;/dados/rmelo/PDPTW-SE/benchmark_multi_floor_v3/official_experiments/multistartlp/preliminar/set_01_pt_04/logs/heur_mslp/outputs/csvresults_heur_mslp_bash_3.csv;0;3;1;18;1;0.0;0.5;true;10;2;lr106_t1_08R_08V_04F_03M;/dados/rmelo/PDPTW-SE/benchmark_multi_floor_v3/official_experiments/multistartlp/preliminar/set_01_pt_04/configs/genconfig_mslp.conf;genconfig_mslp;/dados/rmelo/PDPTW-SE/benchmark_multi_floor_v3/official_experiments/multistartlp/preliminar/set_01_pt_04/logs/heur_mslp/gurobi/08R_08V_04F_03M/lr106_grb_genconfig_mslp_seed_94_alpha_15p.log;random;08R_08V_04F_03M;1;17158;1;/dados/rmelo/PDPTW-SE/benchmark_multi_floor_v3/official_experiments/multistartlp/preliminar/set_01_pt_04/../../../../instances/orig_ams_fg/08R_08V_04F_04M/t1/lr106/;60000;3099;0;1303.35;17;9;H;50;95;0;100.0;30.0;true;0.95;100.0;1.0;1.0;1.0;1.0;60;M;42842;42842;false;52;0.82;85.78;0.81;26;10;1000000;-1;3600;19.16;0.62;0.34;mslp;heur;0.35;0.06;-1;3600;60000;I;8;1.0;0.88;lr106;0;/dados/rmelo/PDPTW-SE/benchmark_multi_floor_v3/official_experiments/multistartlp/preliminar/set_01_pt_04/logs;0;0;0;28.6;100.0;1;94;/dados/rmelo/PDPTW-SE/benchmark_multi_floor_v3/official_experiments/multistartlp/preliminar/set_01_pt_04/logs/heur_mslp/solutions/08R_08V_04F_03M/lr106_sol_genconfig_mslp_seed_94_alpha_15p.txt;Gurobi;AUTOMATIC;17.63;_bash_3;_seed_94_alpha_15p;8207.71;1;5.46;/dados/rmelo/PDPTW-SE/benchmark_multi_floor_v3/official_experiments/multistartlp/preliminar/set_01_pt_04/logs/heur_mslp/timelines/08R_08V_04F_03M/lr106_timeline_genconfig_mslp_seed_94_alpha_15p.txt;93.92;t1;0;1010.71;false
0.15;0.01;0.03;0.04;0.0;0.0;9;/dados/rmelo/PDPTW-SE/benchmark_multi_floor_v3/official_experiments/multistartlp/preliminar/set_01_pt_04/logs/heur_mslp/outputs/csvresults_heur_mslp_bash_3.csv;0;3;1;18;1;0.0;0.5;true;10;2;lr209_t2_08R_08V_04F_03M;/dados/rmelo/PDPTW-SE/benchmark_multi_floor_v3/official_experiments/multistartlp/preliminar/set_01_pt_04/configs/genconfig_mslp.conf;genconfig_mslp;/dados/rmelo/PDPTW-SE/benchmark_multi_floor_v3/official_experiments/multistartlp/preliminar/set_01_pt_04/logs/heur_mslp/gurobi/08R_08V_04F_03M/lr209_grb_genconfig_mslp_seed_94_alpha_15p.log;random;08R_08V_04F_03M;1;0;1;/dados/rmelo/PDPTW-SE/benchmark_multi_floor_v3/official_experiments/multistartlp/preliminar/set_01_pt_04/../../../../instances/orig_ams_fg/08R_08V_04F_04M/t2/lr209/;60000;716;0;1348.88;17;9;H;50;95;0;100.0;30.0;true;0.95;100.0;1.0;1.0;1.0;1.0;60;M;55227;60000;false;46;0.68;79.88;0.77;23;10;1000000;-1;3600;21.49;0.42;0.75;mslp;heur;0.16;0.74;-1;3600;60000;I;8;0.67;0.25;lr209;0;/dados/rmelo/PDPTW-SE/benchmark_multi_floor_v3/official_experiments/multistartlp/preliminar/set_01_pt_04/logs;0;0;0;0.0;92.04;1;94;/dados/rmelo/PDPTW-SE/benchmark_multi_floor_v3/official_experiments/multistartlp/preliminar/set_01_pt_04/logs/heur_mslp/solutions/08R_08V_04F_03M/lr209_sol_genconfig_mslp_seed_94_alpha_15p.txt;Gurobi;AUTOMATIC;17.45;_bash_3;_seed_94_alpha_15p;12892.81;1;2.08;/dados/rmelo/PDPTW-SE/benchmark_multi_floor_v3/official_experiments/multistartlp/preliminar/set_01_pt_04/logs/heur_mslp/timelines/08R_08V_04F_03M/lr209_timeline_genconfig_mslp_seed_94_alpha_15p.txt;147.61;t2;0;838.87;false
0.15;0.04;0.07;0.11;0.0;0.0;11;/dados/rmelo/PDPTW-SE/benchmark_multi_floor_v3/official_experiments/multistartlp/preliminar/set_01_pt_04/logs/heur_mslp/outputs/csvresults_heur_mslp_bash_3.csv;0;3;1;26;1;0.0;0.5;true;14;2;lr109_t1_12R_12V_02F_03M;/dados/rmelo/PDPTW-SE/benchmark_multi_floor_v3/official_experiments/multistartlp/preliminar/set_01_pt_04/configs/genconfig_mslp.conf;genconfig_mslp;/dados/rmelo/PDPTW-SE/benchmark_multi_floor_v3/official_experiments/multistartlp/preliminar/set_01_pt_04/logs/heur_mslp/gurobi/12R_12V_02F_03M/lr109_grb_genconfig_mslp_seed_94_alpha_15p.log;random;12R_12V_02F_03M;1;14470;1;/dados/rmelo/PDPTW-SE/benchmark_multi_floor_v3/official_experiments/multistartlp/preliminar/set_01_pt_04/../../../../instances/orig_ams_fg/12R_12V_02F_04M/t1/lr109/;60000;2954;0;1384.43;25;13;H;50;95;0;100.0;30.0;true;0.95;100.0;1.0;1.0;1.0;1.0;60;M;45530;45530;false;58;0.88;78.59;0.79;29;10;1000000;-1;3600;9.51;0.73;0.51;mslp;heur;0.56;0.25;-1;3600;60000;I;12;1.0;0.5;lr109;0;/dados/rmelo/PDPTW-SE/benchmark_multi_floor_v3/official_experiments/multistartlp/preliminar/set_01_pt_04/logs;0;0;0;24.12;100.0;1;94;/dados/rmelo/PDPTW-SE/benchmark_multi_floor_v3/official_experiments/multistartlp/preliminar/set_01_pt_04/logs/heur_mslp/solutions/12R_12V_02F_03M/lr109_sol_genconfig_mslp_seed_94_alpha_15p.txt;Gurobi;AUTOMATIC;17.5;_bash_3;_seed_94_alpha_15p;4327.91;1;6.15;/dados/rmelo/PDPTW-SE/benchmark_multi_floor_v3/official_experiments/multistartlp/preliminar/set_01_pt_04/logs/heur_mslp/timelines/12R_12V_02F_03M/lr109_timeline_genconfig_mslp_seed_94_alpha_15p.txt;115.16;t1;0;1010.61;false
0.15;0.0;0.02;0.02;0.0;0.0;13;/dados/rmelo/PDPTW-SE/benchmark_multi_floor_v3/official_experiments/multistartlp/preliminar/set_01_pt_04/logs/heur_mslp/outputs/csvresults_heur_mslp_bash_3.csv;0;3;1;26;1;0.0;0.5;true;14;2;lr207_t2_12R_12V_02F_03M;/dados/rmelo/PDPTW-SE/benchmark_multi_floor_v3/official_experiments/multistartlp/preliminar/set_01_pt_04/configs/genconfig_mslp.conf;genconfig_mslp;/dados/rmelo/PDPTW-SE/benchmark_multi_floor_v3/official_experiments/multistartlp/preliminar/set_01_pt_04/logs/heur_mslp/gurobi/12R_12V_02F_03M/lr207_grb_genconfig_mslp_seed_94_alpha_15p.log;random;12R_12V_02F_03M;1;0;1;/dados/rmelo/PDPTW-SE/benchmark_multi_floor_v3/official_experiments/multistartlp/preliminar/set_01_pt_04/../../../../instances/orig_ams_fg/12R_12V_02F_04M/t2/lr207/;60000;21618;0;1578.28;25;13;H;50;95;0;100.0;30.0;true;0.95;100.0;1.0;1.0;1.0;1.0;60;M;59970;60000;false;40;0.85;83.45;0.98;20;10;1000000;-1;3600;13.21;0.55;0.87;mslp;heur;0.25;0.76;-1;3600;60000;I;12;0.67;0.17;lr207;0;/dados/rmelo/PDPTW-SE/benchmark_multi_floor_v3/official_experiments/multistartlp/preliminar/set_01_pt_04/logs;0;0;0;0.0;99.95;1;94;/dados/rmelo/PDPTW-SE/benchmark_multi_floor_v3/official_experiments/multistartlp/preliminar/set_01_pt_04/logs/heur_mslp/solutions/12R_12V_02F_03M/lr207_sol_genconfig_mslp_seed_94_alpha_15p.txt;Gurobi;AUTOMATIC;17.5;_bash_3;_seed_94_alpha_15p;7924.66;1;84.48;/dados/rmelo/PDPTW-SE/benchmark_multi_floor_v3/official_experiments/multistartlp/preliminar/set_01_pt_04/logs/heur_mslp/timelines/12R_12V_02F_03M/lr207_timeline_genconfig_mslp_seed_94_alpha_15p.txt;233.25;t2;0;1104.11;false
0.15;0.19;0.29;0.48;0.0;0.03;18;/dados/rmelo/PDPTW-SE/benchmark_multi_floor_v3/official_experiments/multistartlp/preliminar/set_01_pt_04/logs/heur_mslp/outputs/csvresults_heur_mslp_bash_3.csv;0;3;1;26;1;0.0;0.5;true;14;2;lr106_t1_12R_12V_04F_03M;/dados/rmelo/PDPTW-SE/benchmark_multi_floor_v3/official_experiments/multistartlp/preliminar/set_01_pt_04/configs/genconfig_mslp.conf;genconfig_mslp;/dados/rmelo/PDPTW-SE/benchmark_multi_floor_v3/official_experiments/multistartlp/preliminar/set_01_pt_04/logs/heur_mslp/gurobi/12R_12V_04F_03M/lr106_grb_genconfig_mslp_seed_94_alpha_15p.log;random;12R_12V_04F_03M;1;41658;1;/dados/rmelo/PDPTW-SE/benchmark_multi_floor_v3/official_experiments/multistartlp/preliminar/set_01_pt_04/../../../../instances/orig_ams_fg/12R_12V_04F_04M/t1/lr106/;60000;49448;0;1859.78;25;13;H;50;95;0;100.0;30.0;true;0.95;100.0;1.0;1.0;1.0;1.0;60;M;18342;18342;false;52;1.0;86.16;1.0;26;10;1000000;-1;3600;11.46;0.68;0.4;mslp;heur;0.49;0.17;-1;3600;60000;I;12;1.0;0.75;lr106;0;/dados/rmelo/PDPTW-SE/benchmark_multi_floor_v3/official_experiments/multistartlp/preliminar/set_01_pt_04/logs;0;0;0;69.43;100.0;1;94;/dados/rmelo/PDPTW-SE/benchmark_multi_floor_v3/official_experiments/multistartlp/preliminar/set_01_pt_04/logs/heur_mslp/solutions/12R_12V_04F_03M/lr106_sol_genconfig_mslp_seed_94_alpha_15p.txt;Gurobi;AUTOMATIC;17.59;_bash_3;_seed_94_alpha_15p;2101.24;1;62.46;/dados/rmelo/PDPTW-SE/benchmark_multi_floor_v3/official_experiments/multistartlp/preliminar/set_01_pt_04/logs/heur_mslp/timelines/12R_12V_04F_03M/lr106_timeline_genconfig_mslp_seed_94_alpha_15p.txt;76.04;t1;0;1408.42;false
0.15;0.01;0.03;0.04;0.0;0.01;16;/dados/rmelo/PDPTW-SE/benchmark_multi_floor_v3/official_experiments/multistartlp/preliminar/set_01_pt_04/logs/heur_mslp/outputs/csvresults_heur_mslp_bash_3.csv;0;3;1;26;1;0.0;0.5;true;14;2;lr209_t2_12R_12V_04F_03M;/dados/rmelo/PDPTW-SE/benchmark_multi_floor_v3/official_experiments/multistartlp/preliminar/set_01_pt_04/configs/genconfig_mslp.conf;genconfig_mslp;/dados/rmelo/PDPTW-SE/benchmark_multi_floor_v3/official_experiments/multistartlp/preliminar/set_01_pt_04/logs/heur_mslp/gurobi/12R_12V_04F_03M/lr209_grb_genconfig_mslp_seed_94_alpha_15p.log;random;12R_12V_04F_03M;1;0;1;/dados/rmelo/PDPTW-SE/benchmark_multi_floor_v3/official_experiments/multistartlp/preliminar/set_01_pt_04/../../../../instances/orig_ams_fg/12R_12V_04F_04M/t2/lr209/;60000;30257;0;1802.49;25;13;H;50;95;0;100.0;30.0;true;0.95;100.0;1.0;1.0;1.0;1.0;60;M;60000;60000;false;46;0.62;91.85;1.0;23;10;1000000;-1;3600;14.08;0.6;0.85;mslp;heur;0.58;0.7;-1;3600;60000;I;12;1.0;0.17;lr209;0;/dados/rmelo/PDPTW-SE/benchmark_multi_floor_v3/official_experiments/multistartlp/preliminar/set_01_pt_04/logs;0;0;0;0.0;100.0;1;94;/dados/rmelo/PDPTW-SE/benchmark_multi_floor_v3/official_experiments/multistartlp/preliminar/set_01_pt_04/logs/heur_mslp/solutions/12R_12V_04F_03M/lr209_sol_genconfig_mslp_seed_94_alpha_15p.txt;Gurobi;AUTOMATIC;17.75;_bash_3;_seed_94_alpha_15p;8447.15;1;120.14;/dados/rmelo/PDPTW-SE/benchmark_multi_floor_v3/official_experiments/multistartlp/preliminar/set_01_pt_04/logs/heur_mslp/timelines/12R_12V_04F_03M/lr209_timeline_genconfig_mslp_seed_94_alpha_15p.txt;237.7;t2;0;1196.22;false
0.15;0.02;0.04;0.05;0.0;0.09;2;/dados/rmelo/PDPTW-SE/benchmark_multi_floor_v3/official_experiments/multistartlp/preliminar/set_01_pt_04/logs/heur_mslp/outputs/csvresults_heur_mslp_bash_3.csv;0;5;1;82;1;0.0;0.5;true;42;2;LR1_2_6_t1_40R_40V_02F_05M;/dados/rmelo/PDPTW-SE/benchmark_multi_floor_v3/official_experiments/multistartlp/preliminar/set_01_pt_04/configs/genconfig_mslp.conf;genconfig_mslp;/dados/rmelo/PDPTW-SE/benchmark_multi_floor_v3/official_experiments/multistartlp/preliminar/set_01_pt_04/logs/heur_mslp/gurobi/40R_40V_02F_05M/LR1_2_6_grb_genconfig_mslp_seed_94_alpha_15p.log;random;40R_40V_02F_05M;1;59122;1;/dados/rmelo/PDPTW-SE/benchmark_multi_floor_v3/official_experiments/multistartlp/preliminar/set_01_pt_04/../../../../instances/orig_ams_fg/40R_40V_02F_06M/t1/LR1_2_6/;60000;23257;0;10619.37;81;41;H;50;95;0;100.0;30.0;true;0.95;100.0;1.0;1.0;1.0;1.0;60;M;878;878;false;72;0.97;184.05;0.92;36;10;1000000;-1;3600;4.3;0.4;0.49;mslp;heur;0.16;0.15;-1;3600;60000;I;40;1.0;0.42;LR1_2_6;0;/dados/rmelo/PDPTW-SE/benchmark_multi_floor_v3/official_experiments/multistartlp/preliminar/set_01_pt_04/logs;0;0;0;98.54;100.0;1;94;/dados/rmelo/PDPTW-SE/benchmark_multi_floor_v3/official_experiments/multistartlp/preliminar/set_01_pt_04/logs/heur_mslp/solutions/40R_40V_02F_05M/LR1_2_6_sol_genconfig_mslp_seed_94_alpha_15p.txt;Gurobi;AUTOMATIC;17.46;_bash_3;_seed_94_alpha_15p;37.77;1;79.86;/dados/rmelo/PDPTW-SE/benchmark_multi_floor_v3/official_experiments/multistartlp/preliminar/set_01_pt_04/logs/heur_mslp/timelines/40R_40V_02F_05M/LR1_2_6_timeline_genconfig_mslp_seed_94_alpha_15p.txt;205.92;t1;0;7815.8;false
0.15;0.01;0.01;0.02;0.0;0.11;12;/dados/rmelo/PDPTW-SE/benchmark_multi_floor_v3/official_experiments/multistartlp/preliminar/set_01_pt_04/logs/heur_mslp/outputs/csvresults_heur_mslp_bash_3.csv;0;5;1;82;1;0.0;0.5;true;42;2;LR2_2_9_t2_40R_40V_02F_05M;/dados/rmelo/PDPTW-SE/benchmark_multi_floor_v3/official_experiments/multistartlp/preliminar/set_01_pt_04/configs/genconfig_mslp.conf;genconfig_mslp;/dados/rmelo/PDPTW-SE/benchmark_multi_floor_v3/official_experiments/multistartlp/preliminar/set_01_pt_04/logs/heur_mslp/gurobi/40R_40V_02F_05M/LR2_2_9_grb_genconfig_mslp_seed_94_alpha_15p.log;random;40R_40V_02F_05M;1;0;1;/dados/rmelo/PDPTW-SE/benchmark_multi_floor_v3/official_experiments/multistartlp/preliminar/set_01_pt_04/../../../../instances/orig_ams_fg/40R_40V_02F_06M/t2/LR2_2_9/;60000;40852;0;10334.87;81;41;H;50;95;0;100.0;30.0;true;0.95;100.0;1.0;1.0;1.0;1.0;60;M;60000;60000;false;74;0.79;179.34;1.0;37;10;1000000;-1;3600;7.31;0.63;0.97;mslp;heur;0.29;0.95;-1;3600;60000;I;40;1.0;0.12;LR2_2_9;0;/dados/rmelo/PDPTW-SE/benchmark_multi_floor_v3/official_experiments/multistartlp/preliminar/set_01_pt_04/logs;0;0;0;0.0;100.0;1;94;/dados/rmelo/PDPTW-SE/benchmark_multi_floor_v3/official_experiments/multistartlp/preliminar/set_01_pt_04/logs/heur_mslp/solutions/40R_40V_02F_05M/LR2_2_9_sol_genconfig_mslp_seed_94_alpha_15p.txt;Gurobi;AUTOMATIC;17.64;_bash_3;_seed_94_alpha_15p;4385.0;1;853.02;/dados/rmelo/PDPTW-SE/benchmark_multi_floor_v3/official_experiments/multistartlp/preliminar/set_01_pt_04/logs/heur_mslp/timelines/40R_40V_02F_05M/LR2_2_9_timeline_genconfig_mslp_seed_94_alpha_15p.txt;1252.57;t2;0;8047.01;false
0.15;0.1;0.15;0.25;0.0;0.05;7;/dados/rmelo/PDPTW-SE/benchmark_multi_floor_v3/official_experiments/multistartlp/preliminar/set_01_pt_04/logs/heur_mslp/outputs/csvresults_heur_mslp_bash_3.csv;0;5;1;82;1;0.0;0.5;true;42;2;LR1_2_10_t1_40R_40V_04F_05M;/dados/rmelo/PDPTW-SE/benchmark_multi_floor_v3/official_experiments/multistartlp/preliminar/set_01_pt_04/configs/genconfig_mslp.conf;genconfig_mslp;/dados/rmelo/PDPTW-SE/benchmark_multi_floor_v3/official_experiments/multistartlp/preliminar/set_01_pt_04/logs/heur_mslp/gurobi/40R_40V_04F_05M/LR1_2_10_grb_genconfig_mslp_seed_94_alpha_15p.log;random;40R_40V_04F_05M;1;59481;1;/dados/rmelo/PDPTW-SE/benchmark_multi_floor_v3/official_experiments/multistartlp/preliminar/set_01_pt_04/../../../../instances/orig_ams_fg/40R_40V_04F_06M/t1/LR1_2_10/;60000;45967;0;8937.02;81;41;H;50;95;0;100.0;30.0;true;0.95;100.0;1.0;1.0;1.0;1.0;60;M;519;519;false;72;0.96;178.35;1.0;36;10;1000000;-1;3600;6.23;0.73;0.57;mslp;heur;0.48;0.24;-1;3600;60000;I;40;1.0;0.4;LR1_2_10;0;/dados/rmelo/PDPTW-SE/benchmark_multi_floor_v3/official_experiments/multistartlp/preliminar/set_01_pt_04/logs;0;0;0;99.14;100.0;1;94;/dados/rmelo/PDPTW-SE/benchmark_multi_floor_v3/official_experiments/multistartlp/preliminar/set_01_pt_04/logs/heur_mslp/solutions/40R_40V_04F_05M/LR1_2_10_sol_genconfig_mslp_seed_94_alpha_15p.txt;Gurobi;AUTOMATIC;17.55;_bash_3;_seed_94_alpha_15p;32.33;1;197.27;/dados/rmelo/PDPTW-SE/benchmark_multi_floor_v3/official_experiments/multistartlp/preliminar/set_01_pt_04/logs/heur_mslp/timelines/40R_40V_04F_05M/LR1_2_10_timeline_genconfig_mslp_seed_94_alpha_15p.txt;257.86;t1;0;7426.63;false
0.15;0.02;0.03;0.05;0.01;0.03;11;/dados/rmelo/PDPTW-SE/benchmark_multi_floor_v3/official_experiments/multistartlp/preliminar/set_01_pt_04/logs/heur_mslp/outputs/csvresults_heur_mslp_bash_3.csv;0;5;1;82;1;0.0;0.5;true;42;2;LR2_2_6_t2_40R_40V_04F_05M;/dados/rmelo/PDPTW-SE/benchmark_multi_floor_v3/official_experiments/multistartlp/preliminar/set_01_pt_04/configs/genconfig_mslp.conf;genconfig_mslp;/dados/rmelo/PDPTW-SE/benchmark_multi_floor_v3/official_experiments/multistartlp/preliminar/set_01_pt_04/logs/heur_mslp/gurobi/40R_40V_04F_05M/LR2_2_6_grb_genconfig_mslp_seed_94_alpha_15p.log;random;40R_40V_04F_05M;1;0;1;/dados/rmelo/PDPTW-SE/benchmark_multi_floor_v3/official_experiments/multistartlp/preliminar/set_01_pt_04/../../../../instances/orig_ams_fg/40R_40V_04F_06M/t2/LR2_2_6/;60000;14371;0;10579.1;81;41;H;50;95;0;100.0;30.0;true;0.95;100.0;1.0;1.0;1.0;1.0;60;M;60000;60000;false;80;0.88;192.66;0.99;40;10;1000000;-1;3600;3.23;0.8;0.95;mslp;heur;0.71;0.9;-1;3600;60000;I;40;1.0;0.1;LR2_2_6;0;/dados/rmelo/PDPTW-SE/benchmark_multi_floor_v3/official_experiments/multistartlp/preliminar/set_01_pt_04/logs;0;0;0;0.0;100.0;1;94;/dados/rmelo/PDPTW-SE/benchmark_multi_floor_v3/official_experiments/multistartlp/preliminar/set_01_pt_04/logs/heur_mslp/solutions/40R_40V_04F_05M/LR2_2_6_sol_genconfig_mslp_seed_94_alpha_15p.txt;Gurobi;AUTOMATIC;17.45;_bash_3;_seed_94_alpha_15p;1939.67;1;611.89;/dados/rmelo/PDPTW-SE/benchmark_multi_floor_v3/official_experiments/multistartlp/preliminar/set_01_pt_04/logs/heur_mslp/timelines/40R_40V_04F_05M/LR2_2_6_timeline_genconfig_mslp_seed_94_alpha_15p.txt;2551.56;t2;0;8088.05;false
0.15;0.04;0.07;0.12;0.0;0.05;5;/dados/rmelo/PDPTW-SE/benchmark_multi_floor_v3/official_experiments/multistartlp/preliminar/set_01_pt_04/logs/heur_mslp/outputs/csvresults_heur_mslp_bash_3.csv;0;5;1;122;1;0.0;0.5;true;62;2;LR1_2_6_t1_60R_60V_02F_05M;/dados/rmelo/PDPTW-SE/benchmark_multi_floor_v3/official_experiments/multistartlp/preliminar/set_01_pt_04/configs/genconfig_mslp.conf;genconfig_mslp;/dados/rmelo/PDPTW-SE/benchmark_multi_floor_v3/official_experiments/multistartlp/preliminar/set_01_pt_04/logs/heur_mslp/gurobi/60R_60V_02F_05M/LR1_2_6_grb_genconfig_mslp_seed_94_alpha_15p.log;random;60R_60V_02F_05M;1;58111;1;/dados/rmelo/PDPTW-SE/benchmark_multi_floor_v3/official_experiments/multistartlp/preliminar/set_01_pt_04/../../../../instances/orig_ams_fg/60R_60V_02F_06M/t1/LR1_2_6/;60000;33548;0;11157.15;121;61;H;50;95;0;100.0;30.0;true;0.95;100.0;1.0;1.0;1.0;1.0;60;M;1889;1889;false;82;0.99;191.73;1.0;41;10;1000000;-1;3600;4.92;0.68;0.53;mslp;heur;0.25;0.13;-1;3600;60000;I;60;1.0;0.38;LR1_2_6;0;/dados/rmelo/PDPTW-SE/benchmark_multi_floor_v3/official_experiments/multistartlp/preliminar/set_01_pt_04/logs;0;0;0;96.85;100.0;1;94;/dados/rmelo/PDPTW-SE/benchmark_multi_floor_v3/official_experiments/multistartlp/preliminar/set_01_pt_04/logs/heur_mslp/solutions/60R_60V_02F_05M/LR1_2_6_sol_genconfig_mslp_seed_94_alpha_15p.txt;Gurobi;AUTOMATIC;17.79;_bash_3;_seed_94_alpha_15p;93.02;1;270.72;/dados/rmelo/PDPTW-SE/benchmark_multi_floor_v3/official_experiments/multistartlp/preliminar/set_01_pt_04/logs/heur_mslp/timelines/60R_60V_02F_05M/LR1_2_6_timeline_genconfig_mslp_seed_94_alpha_15p.txt;482.36;t1;0;9864.73;false
0.15;0.01;0.02;0.03;0.0;0.04;6;/dados/rmelo/PDPTW-SE/benchmark_multi_floor_v3/official_experiments/multistartlp/preliminar/set_01_pt_04/logs/heur_mslp/outputs/csvresults_heur_mslp_bash_3.csv;0;5;1;122;1;0.0;0.5;true;62;2;LR2_2_6_t2_60R_60V_02F_05M;/dados/rmelo/PDPTW-SE/benchmark_multi_floor_v3/official_experiments/multistartlp/preliminar/set_01_pt_04/configs/genconfig_mslp.conf;genconfig_mslp;/dados/rmelo/PDPTW-SE/benchmark_multi_floor_v3/official_experiments/multistartlp/preliminar/set_01_pt_04/logs/heur_mslp/gurobi/60R_60V_02F_05M/LR2_2_6_grb_genconfig_mslp_seed_94_alpha_15p.log;random;60R_60V_02F_05M;1;0;1;/dados/rmelo/PDPTW-SE/benchmark_multi_floor_v3/official_experiments/multistartlp/preliminar/set_01_pt_04/../../../../instances/orig_ams_fg/60R_60V_02F_06M/t2/LR2_2_6/;56689;36882;0;12194.19;121;61;H;50;95;0;100.0;30.0;true;0.95;100.0;1.0;1.0;1.0;1.0;60;M;56689;56689;false;80;0.9;185.63;0.98;40;10;1000000;-1;3600;5.32;0.71;0.89;mslp;heur;0.18;0.55;-1;3600;60000;I;60;1.0;0.1;LR2_2_6;0;/dados/rmelo/PDPTW-SE/benchmark_multi_floor_v3/official_experiments/multistartlp/preliminar/set_01_pt_04/logs;0;0;0;0.0;100.0;1;94;/dados/rmelo/PDPTW-SE/benchmark_multi_floor_v3/official_experiments/multistartlp/preliminar/set_01_pt_04/logs/heur_mslp/solutions/60R_60V_02F_05M/LR2_2_6_sol_genconfig_mslp_seed_94_alpha_15p.txt;Gurobi;AUTOMATIC;17.79;_bash_3;_seed_94_alpha_15p;3014.01;1;2343.69;/dados/rmelo/PDPTW-SE/benchmark_multi_floor_v3/official_experiments/multistartlp/preliminar/set_01_pt_04/logs/heur_mslp/timelines/60R_60V_02F_05M/LR2_2_6_timeline_genconfig_mslp_seed_94_alpha_15p.txt;3600.02;t2;0;10804.56;false
0.15;0.15;0.21;0.35;0.01;0.05;7;/dados/rmelo/PDPTW-SE/benchmark_multi_floor_v3/official_experiments/multistartlp/preliminar/set_01_pt_04/logs/heur_mslp/outputs/csvresults_heur_mslp_bash_3.csv;0;5;1;122;1;0.0;0.5;true;62;2;LR1_2_9_t1_60R_60V_04F_05M;/dados/rmelo/PDPTW-SE/benchmark_multi_floor_v3/official_experiments/multistartlp/preliminar/set_01_pt_04/configs/genconfig_mslp.conf;genconfig_mslp;/dados/rmelo/PDPTW-SE/benchmark_multi_floor_v3/official_experiments/multistartlp/preliminar/set_01_pt_04/logs/heur_mslp/gurobi/60R_60V_04F_05M/LR1_2_9_grb_genconfig_mslp_seed_94_alpha_15p.log;random;60R_60V_04F_05M;1;59938;1;/dados/rmelo/PDPTW-SE/benchmark_multi_floor_v3/official_experiments/multistartlp/preliminar/set_01_pt_04/../../../../instances/orig_ams_fg/60R_60V_04F_06M/t1/LR1_2_9/;60000;27245;0;14726.12;121;61;H;50;95;0;100.0;30.0;true;0.95;100.0;1.0;1.0;1.0;1.0;60;M;62;62;false;86;0.93;198.99;0.81;43;10;1000000;-1;3600;7.92;0.66;0.46;mslp;heur;0.35;0.19;-1;3600;60000;I;60;1.0;0.45;LR1_2_9;0;/dados/rmelo/PDPTW-SE/benchmark_multi_floor_v3/official_experiments/multistartlp/preliminar/set_01_pt_04/logs;0;0;0;99.9;100.0;1;94;/dados/rmelo/PDPTW-SE/benchmark_multi_floor_v3/official_experiments/multistartlp/preliminar/set_01_pt_04/logs/heur_mslp/solutions/60R_60V_04F_05M/LR1_2_9_sol_genconfig_mslp_seed_94_alpha_15p.txt;Gurobi;AUTOMATIC;17.68;_bash_3;_seed_94_alpha_15p;4.91;1;230.55;/dados/rmelo/PDPTW-SE/benchmark_multi_floor_v3/official_experiments/multistartlp/preliminar/set_01_pt_04/logs/heur_mslp/timelines/60R_60V_04F_05M/LR1_2_9_timeline_genconfig_mslp_seed_94_alpha_15p.txt;504.77;t1;0;12172.67;false
0.15;0.03;0.05;0.07;0.0;0.0;1;/dados/rmelo/PDPTW-SE/benchmark_multi_floor_v3/official_experiments/multistartlp/preliminar/set_01_pt_04/logs/heur_mslp/outputs/csvresults_heur_mslp_bash_3.csv;0;5;1;122;1;0.0;0.5;true;62;2;LR2_2_7_t2_60R_60V_04F_05M;/dados/rmelo/PDPTW-SE/benchmark_multi_floor_v3/official_experiments/multistartlp/preliminar/set_01_pt_04/configs/genconfig_mslp.conf;genconfig_mslp;/dados/rmelo/PDPTW-SE/benchmark_multi_floor_v3/official_experiments/multistartlp/preliminar/set_01_pt_04/logs/heur_mslp/gurobi/60R_60V_04F_05M/LR2_2_7_grb_genconfig_mslp_seed_94_alpha_15p.log;random;60R_60V_04F_05M;1;7801;1;/dados/rmelo/PDPTW-SE/benchmark_multi_floor_v3/official_experiments/multistartlp/preliminar/set_01_pt_04/../../../../instances/orig_ams_fg/60R_60V_04F_06M/t2/LR2_2_7/;31695;1;0;13136.54;121;61;H;50;95;0;100.0;30.0;true;0.95;100.0;1.0;1.0;1.0;1.0;60;M;23894;23894;false;78;0.89;195.28;1.0;39;10;1000000;-1;3600;1.52;0.71;0.92;mslp;heur;0.18;0.68;-1;3600;60000;I;60;1.0;0.1;LR2_2_7;0;/dados/rmelo/PDPTW-SE/benchmark_multi_floor_v3/official_experiments/multistartlp/preliminar/set_01_pt_04/logs;0;0;0;24.61;100.0;1;94;/dados/rmelo/PDPTW-SE/benchmark_multi_floor_v3/official_experiments/multistartlp/preliminar/set_01_pt_04/logs/heur_mslp/solutions/60R_60V_04F_05M/LR2_2_7_sol_genconfig_mslp_seed_94_alpha_15p.txt;Gurobi;AUTOMATIC;17.66;_bash_3;_seed_94_alpha_15p;362.25;1;0.13;/dados/rmelo/PDPTW-SE/benchmark_multi_floor_v3/official_experiments/multistartlp/preliminar/set_01_pt_04/logs/heur_mslp/timelines/60R_60V_04F_05M/LR2_2_7_timeline_genconfig_mslp_seed_94_alpha_15p.txt;3600.12;t2;0;10775.82;false
0.15;0.01;0.06;0.07;0.0;0.0;4;/dados/rmelo/PDPTW-SE/benchmark_multi_floor_v3/official_experiments/multistartlp/preliminar/set_01_pt_04/logs/heur_mslp/outputs/csvresults_heur_mslp_bash_3.csv;0;3;1;18;1;0.0;0.5;true;10;2;lr107_t1_08R_08V_02F_03M;/dados/rmelo/PDPTW-SE/benchmark_multi_floor_v3/official_experiments/multistartlp/preliminar/set_01_pt_04/configs/genconfig_mslp.conf;genconfig_mslp;/dados/rmelo/PDPTW-SE/benchmark_multi_floor_v3/official_experiments/multistartlp/preliminar/set_01_pt_04/logs/heur_mslp/gurobi/08R_08V_02F_03M/lr107_grb_genconfig_mslp_seed_101_alpha_15p.log;random;08R_08V_02F_03M;1;0;1;/dados/rmelo/PDPTW-SE/benchmark_multi_floor_v3/official_experiments/multistartlp/preliminar/set_01_pt_04/../../../../instances/orig_ams_fg/08R_08V_02F_04M/t1/lr107/;60000;18;0;1163.39;17;9;H;50;95;0;100.0;30.0;true;0.95;100.0;1.0;1.0;1.0;1.0;60;M;60000;60000;false;40;0.94;80.43;0.73;20;10;1000000;-1;3600;16.07;0.73;0.58;mslp;heur;0.47;0.36;-1;3600;60000;I;8;1.0;0.62;lr107;0;/dados/rmelo/PDPTW-SE/benchmark_multi_floor_v3/official_experiments/multistartlp/preliminar/set_01_pt_04/logs;0;0;0;0.0;100.0;1;101;/dados/rmelo/PDPTW-SE/benchmark_multi_floor_v3/official_experiments/multistartlp/preliminar/set_01_pt_04/logs/heur_mslp/solutions/08R_08V_02F_03M/lr107_sol_genconfig_mslp_seed_101_alpha_15p.txt;Gurobi;AUTOMATIC;17.56;_bash_3;_seed_101_alpha_15p;9641.03;1;0.32;/dados/rmelo/PDPTW-SE/benchmark_multi_floor_v3/official_experiments/multistartlp/preliminar/set_01_pt_04/logs/heur_mslp/timelines/08R_08V_02F_03M/lr107_timeline_genconfig_mslp_seed_101_alpha_15p.txt;104.7;t1;0;843.14;false
0.15;0.0;0.01;0.02;0.0;0.0;4;/dados/rmelo/PDPTW-SE/benchmark_multi_floor_v3/official_experiments/multistartlp/preliminar/set_01_pt_04/logs/heur_mslp/outputs/csvresults_heur_mslp_bash_3.csv;0;3;1;18;1;0.0;0.5;true;10;2;lr210_t2_08R_08V_02F_03M;/dados/rmelo/PDPTW-SE/benchmark_multi_floor_v3/official_experiments/multistartlp/preliminar/set_01_pt_04/configs/genconfig_mslp.conf;genconfig_mslp;/dados/rmelo/PDPTW-SE/benchmark_multi_floor_v3/official_experiments/multistartlp/preliminar/set_01_pt_04/logs/heur_mslp/gurobi/08R_08V_02F_03M/lr210_grb_genconfig_mslp_seed_101_alpha_15p.log;random;08R_08V_02F_03M;1;811;1;/dados/rmelo/PDPTW-SE/benchmark_multi_floor_v3/official_experiments/multistartlp/preliminar/set_01_pt_04/../../../../instances/orig_ams_fg/08R_08V_02F_04M/t2/lr210/;60000;1561;0;1583.01;17;9;H;50;95;0;100.0;30.0;true;0.95;100.0;1.0;1.0;1.0;1.0;60;M;59189;59189;false;58;0.72;75.46;1.0;29;10;1000000;-1;3600;30.83;0.72;1.0;mslp;heur;0.72;1.0;-1;3600;60000;I;8;1.0;0.12;lr210;0;/dados/rmelo/PDPTW-SE/benchmark_multi_floor_v3/official_experiments/multistartlp/preliminar/set_01_pt_04/logs;0;0;0;1.35;100.0;1;101;/dados/rmelo/PDPTW-SE/benchmark_multi_floor_v3/official_experiments/multistartlp/preliminar/set_01_pt_04/logs/heur_mslp/solutions/08R_08V_02F_03M/lr210_sol_genconfig_mslp_seed_101_alpha_15p.txt;Gurobi;AUTOMATIC;17.78;_bash_3;_seed_101_alpha_15p;18250.17;1;3.62;/dados/rmelo/PDPTW-SE/benchmark_multi_floor_v3/official_experiments/multistartlp/preliminar/set_01_pt_04/logs/heur_mslp/timelines/08R_08V_02F_03M/lr210_timeline_genconfig_mslp_seed_101_alpha_15p.txt;123.75;t2;0;719.78;false
0.15;0.1;0.19;0.29;0.0;0.05;12;/dados/rmelo/PDPTW-SE/benchmark_multi_floor_v3/official_experiments/multistartlp/preliminar/set_01_pt_04/logs/heur_mslp/outputs/csvresults_heur_mslp_bash_3.csv;0;3;1;18;1;0.0;0.5;true;10;2;lr106_t1_08R_08V_04F_03M;/dados/rmelo/PDPTW-SE/benchmark_multi_floor_v3/official_experiments/multistartlp/preliminar/set_01_pt_04/configs/genconfig_mslp.conf;genconfig_mslp;/dados/rmelo/PDPTW-SE/benchmark_multi_floor_v3/official_experiments/multistartlp/preliminar/set_01_pt_04/logs/heur_mslp/gurobi/08R_08V_04F_03M/lr106_grb_genconfig_mslp_seed_101_alpha_15p.log;random;08R_08V_04F_03M;1;17148;1;/dados/rmelo/PDPTW-SE/benchmark_multi_floor_v3/official_experiments/multistartlp/preliminar/set_01_pt_04/../../../../instances/orig_ams_fg/08R_08V_04F_04M/t1/lr106/;60000;5346;0;1497.61;17;9;H;50;95;0;100.0;30.0;true;0.95;100.0;1.0;1.0;1.0;1.0;60;M;42852;42852;false;52;0.82;85.78;0.81;26;10;1000000;-1;3600;19.16;0.62;0.34;mslp;heur;0.35;0.09;-1;3600;60000;I;8;1.0;0.88;lr106;0;/dados/rmelo/PDPTW-SE/benchmark_multi_floor_v3/official_experiments/multistartlp/preliminar/set_01_pt_04/logs;0;0;0;28.58;100.0;1;101;/dados/rmelo/PDPTW-SE/benchmark_multi_floor_v3/official_experiments/multistartlp/preliminar/set_01_pt_04/logs/heur_mslp/solutions/08R_08V_04F_03M/lr106_sol_genconfig_mslp_seed_101_alpha_15p.txt;Gurobi;AUTOMATIC;17.71;_bash_3;_seed_101_alpha_15p;8208.28;1;9.25;/dados/rmelo/PDPTW-SE/benchmark_multi_floor_v3/official_experiments/multistartlp/preliminar/set_01_pt_04/logs/heur_mslp/timelines/08R_08V_04F_03M/lr106_timeline_genconfig_mslp_seed_101_alpha_15p.txt;96.49;t1;0;1010.71;false
0.15;0.01;0.03;0.04;0.0;0.0;11;/dados/rmelo/PDPTW-SE/benchmark_multi_floor_v3/official_experiments/multistartlp/preliminar/set_01_pt_04/logs/heur_mslp/outputs/csvresults_heur_mslp_bash_3.csv;0;3;1;18;1;0.0;0.5;true;10;2;lr209_t2_08R_08V_04F_03M;/dados/rmelo/PDPTW-SE/benchmark_multi_floor_v3/official_experiments/multistartlp/preliminar/set_01_pt_04/configs/genconfig_mslp.conf;genconfig_mslp;/dados/rmelo/PDPTW-SE/benchmark_multi_floor_v3/official_experiments/multistartlp/preliminar/set_01_pt_04/logs/heur_mslp/gurobi/08R_08V_04F_03M/lr209_grb_genconfig_mslp_seed_101_alpha_15p.log;random;08R_08V_04F_03M;1;0;1;/dados/rmelo/PDPTW-SE/benchmark_multi_floor_v3/official_experiments/multistartlp/preliminar/set_01_pt_04/../../../../instances/orig_ams_fg/08R_08V_04F_04M/t2/lr209/;60000;10556;0;921.14;17;9;H;50;95;0;100.0;30.0;true;0.95;100.0;1.0;1.0;1.0;1.0;60;M;55291;60000;false;46;0.68;79.88;0.93;23;10;1000000;-1;3600;21.64;0.42;0.72;mslp;heur;0.16;0.5;-1;3600;60000;I;8;0.67;0.25;lr209;0;/dados/rmelo/PDPTW-SE/benchmark_multi_floor_v3/official_experiments/multistartlp/preliminar/set_01_pt_04/logs;0;0;0;0.0;92.15;1;101;/dados/rmelo/PDPTW-SE/benchmark_multi_floor_v3/official_experiments/multistartlp/preliminar/set_01_pt_04/logs/heur_mslp/solutions/08R_08V_04F_03M/lr209_sol_genconfig_mslp_seed_101_alpha_15p.txt;Gurobi;AUTOMATIC;17.89;_bash_3;_seed_101_alpha_15p;12982.88;1;27.28;/dados/rmelo/PDPTW-SE/benchmark_multi_floor_v3/official_experiments/multistartlp/preliminar/set_01_pt_04/logs/heur_mslp/timelines/08R_08V_04F_03M/lr209_timeline_genconfig_mslp_seed_101_alpha_15p.txt;149.34;t2;0;838.87;false
0.15;0.04;0.07;0.11;0.0;0.0;15;/dados/rmelo/PDPTW-SE/benchmark_multi_floor_v3/official_experiments/multistartlp/preliminar/set_01_pt_04/logs/heur_mslp/outputs/csvresults_heur_mslp_bash_3.csv;0;3;1;26;1;0.0;0.5;true;14;2;lr109_t1_12R_12V_02F_03M;/dados/rmelo/PDPTW-SE/benchmark_multi_floor_v3/official_experiments/multistartlp/preliminar/set_01_pt_04/configs/genconfig_mslp.conf;genconfig_mslp;/dados/rmelo/PDPTW-SE/benchmark_multi_floor_v3/official_experiments/multistartlp/preliminar/set_01_pt_04/logs/heur_mslp/gurobi/12R_12V_02F_03M/lr109_grb_genconfig_mslp_seed_101_alpha_15p.log;random;12R_12V_02F_03M;1;14526;1;/dados/rmelo/PDPTW-SE/benchmark_multi_floor_v3/official_experiments/multistartlp/preliminar/set_01_pt_04/../../../../instances/orig_ams_fg/12R_12V_02F_04M/t1/lr109/;60000;48346;0;1442.15;25;13;H;50;95;0;100.0;30.0;true;0.95;100.0;1.0;1.0;1.0;1.0;60;M;45474;45474;false;58;0.79;78.59;0.76;29;10;1000000;-1;3600;9.5;0.63;0.42;mslp;heur;0.53;0.24;-1;3600;60000;I;12;1.0;0.58;lr109;0;/dados/rmelo/PDPTW-SE/benchmark_multi_floor_v3/official_experiments/multistartlp/preliminar/set_01_pt_04/logs;0;0;0;24.21;100.0;1;101;/dados/rmelo/PDPTW-SE/benchmark_multi_floor_v3/official_experiments/multistartlp/preliminar/set_01_pt_04/logs/heur_mslp/solutions/12R_12V_02F_03M/lr109_sol_genconfig_mslp_seed_101_alpha_15p.txt;Gurobi;AUTOMATIC;17.81;_bash_3;_seed_101_alpha_15p;4318.69;1;92.3;/dados/rmelo/PDPTW-SE/benchmark_multi_floor_v3/official_experiments/multistartlp/preliminar/set_01_pt_04/logs/heur_mslp/timelines/12R_12V_02F_03M/lr109_timeline_genconfig_mslp_seed_101_alpha_15p.txt;114.48;t1;0;1006.42;false
0.15;0.01;0.01;0.02;0.0;0.0;12;/dados/rmelo/PDPTW-SE/benchmark_multi_floor_v3/official_experiments/multistartlp/preliminar/set_01_pt_04/logs/heur_mslp/outputs/csvresults_heur_mslp_bash_3.csv;0;3;1;26;1;0.0;0.5;true;14;2;lr207_t2_12R_12V_02F_03M;/dados/rmelo/PDPTW-SE/benchmark_multi_floor_v3/official_experiments/multistartlp/preliminar/set_01_pt_04/configs/genconfig_mslp.conf;genconfig_mslp;/dados/rmelo/PDPTW-SE/benchmark_multi_floor_v3/official_experiments/multistartlp/preliminar/set_01_pt_04/logs/heur_mslp/gurobi/12R_12V_02F_03M/lr207_grb_genconfig_mslp_seed_101_alpha_15p.log;random;12R_12V_02F_03M;1;0;1;/dados/rmelo/PDPTW-SE/benchmark_multi_floor_v3/official_experiments/multistartlp/preliminar/set_01_pt_04/../../../../instances/orig_ams_fg/12R_12V_02F_04M/t2/lr207/;60000;7451;0;1533.11;25;13;H;50;95;0;100.0;30.0;true;0.95;100.0;1.0;1.0;1.0;1.0;60;M;59967;60000;false;40;0.72;83.45;0.98;20;10;1000000;-1;3600;13.22;0.56;0.87;mslp;heur;0.4;0.77;-1;3600;60000;I;12;1.0;0.17;lr207;0;/dados/rmelo/PDPTW-SE/benchmark_multi_floor_v3/official_experiments/multistartlp/preliminar/set_01_pt_04/logs;0;0;0;0.0;99.94;1;101;/dados/rmelo/PDPTW-SE/benchmark_multi_floor_v3/official_experiments/multistartlp/preliminar/set_01_pt_04/logs/heur_mslp/solutions/12R_12V_02F_03M/lr207_sol_genconfig_mslp_seed_101_alpha_15p.txt;Gurobi;AUTOMATIC;17.85;_bash_3;_seed_101_alpha_15p;7931.92;1;29.55;/dados/rmelo/PDPTW-SE/benchmark_multi_floor_v3/official_experiments/multistartlp/preliminar/set_01_pt_04/logs/heur_mslp/timelines/12R_12V_02F_03M/lr207_timeline_genconfig_mslp_seed_101_alpha_15p.txt;230.84;t2;0;1122.28;false
0.15;0.2;0.29;0.49;0.0;0.01;13;/dados/rmelo/PDPTW-SE/benchmark_multi_floor_v3/official_experiments/multistartlp/preliminar/set_01_pt_04/logs/heur_mslp/outputs/csvresults_heur_mslp_bash_3.csv;0;3;1;26;1;0.0;0.5;true;14;2;lr106_t1_12R_12V_04F_03M;/dados/rmelo/PDPTW-SE/benchmark_multi_floor_v3/official_experiments/multistartlp/preliminar/set_01_pt_04/configs/genconfig_mslp.conf;genconfig_mslp;/dados/rmelo/PDPTW-SE/benchmark_multi_floor_v3/official_experiments/multistartlp/preliminar/set_01_pt_04/logs/heur_mslp/gurobi/12R_12V_04F_03M/lr106_grb_genconfig_mslp_seed_101_alpha_15p.log;random;12R_12V_04F_03M;1;41610;1;/dados/rmelo/PDPTW-SE/benchmark_multi_floor_v3/official_experiments/multistartlp/preliminar/set_01_pt_04/../../../../instances/orig_ams_fg/12R_12V_04F_04M/t1/lr106/;60000;51798;0;1807.34;25;13;H;50;95;0;100.0;30.0;true;0.95;100.0;1.0;1.0;1.0;1.0;60;M;18390;18390;false;52;1.0;86.16;0.83;26;10;1000000;-1;3600;11.47;0.68;0.42;mslp;heur;0.41;0.17;-1;3600;60000;I;12;1.0;0.75;lr106;0;/dados/rmelo/PDPTW-SE/benchmark_multi_floor_v3/official_experiments/multistartlp/preliminar/set_01_pt_04/logs;0;0;0;69.35;100.0;1;101;/dados/rmelo/PDPTW-SE/benchmark_multi_floor_v3/official_experiments/multistartlp/preliminar/set_01_pt_04/logs/heur_mslp/solutions/12R_12V_04F_03M/lr106_sol_genconfig_mslp_seed_101_alpha_15p.txt;Gurobi;AUTOMATIC;17.73;_bash_3;_seed_101_alpha_15p;2109.07;1;66.75;/dados/rmelo/PDPTW-SE/benchmark_multi_floor_v3/official_experiments/multistartlp/preliminar/set_01_pt_04/logs/heur_mslp/timelines/12R_12V_04F_03M/lr106_timeline_genconfig_mslp_seed_101_alpha_15p.txt;77.27;t1;0;1416.13;false
0.15;0.02;0.03;0.05;0.0;0.01;6;/dados/rmelo/PDPTW-SE/benchmark_multi_floor_v3/official_experiments/multistartlp/preliminar/set_01_pt_04/logs/heur_mslp/outputs/csvresults_heur_mslp_bash_3.csv;0;3;1;26;1;0.0;0.5;true;14;2;lr209_t2_12R_12V_04F_03M;/dados/rmelo/PDPTW-SE/benchmark_multi_floor_v3/official_experiments/multistartlp/preliminar/set_01_pt_04/configs/genconfig_mslp.conf;genconfig_mslp;/dados/rmelo/PDPTW-SE/benchmark_multi_floor_v3/official_experiments/multistartlp/preliminar/set_01_pt_04/logs/heur_mslp/gurobi/12R_12V_04F_03M/lr209_grb_genconfig_mslp_seed_101_alpha_15p.log;random;12R_12V_04F_03M;1;0;1;/dados/rmelo/PDPTW-SE/benchmark_multi_floor_v3/official_experiments/multistartlp/preliminar/set_01_pt_04/../../../../instances/orig_ams_fg/12R_12V_04F_04M/t2/lr209/;60000;9475;0;1949.71;25;13;H;50;95;0;100.0;30.0;true;0.95;100.0;1.0;1.0;1.0;1.0;60;M;60000;60000;false;46;0.71;91.85;0.87;23;10;1000000;-1;3600;14.12;0.6;0.71;mslp;heur;0.49;0.54;-1;3600;60000;I;12;1.0;0.17;lr209;0;/dados/rmelo/PDPTW-SE/benchmark_multi_floor_v3/official_experiments/multistartlp/preliminar/set_01_pt_04/logs;0;0;0;0.0;100.0;1;101;/dados/rmelo/PDPTW-SE/benchmark_multi_floor_v3/official_experiments/multistartlp/preliminar/set_01_pt_04/logs/heur_mslp/solutions/12R_12V_04F_03M/lr209_sol_genconfig_mslp_seed_101_alpha_15p.txt;Gurobi;AUTOMATIC;17.93;_bash_3;_seed_101_alpha_15p;8473.67;1;39.34;/dados/rmelo/PDPTW-SE/benchmark_multi_floor_v3/official_experiments/multistartlp/preliminar/set_01_pt_04/logs/heur_mslp/timelines/12R_12V_04F_03M/lr209_timeline_genconfig_mslp_seed_101_alpha_15p.txt;242.33;t2;0;1199.02;false
0.15;0.02;0.04;0.06;0.0;0.09;2;/dados/rmelo/PDPTW-SE/benchmark_multi_floor_v3/official_experiments/multistartlp/preliminar/set_01_pt_04/logs/heur_mslp/outputs/csvresults_heur_mslp_bash_3.csv;0;5;1;82;1;0.0;0.5;true;42;2;LR1_2_6_t1_40R_40V_02F_05M;/dados/rmelo/PDPTW-SE/benchmark_multi_floor_v3/official_experiments/multistartlp/preliminar/set_01_pt_04/configs/genconfig_mslp.conf;genconfig_mslp;/dados/rmelo/PDPTW-SE/benchmark_multi_floor_v3/official_experiments/multistartlp/preliminar/set_01_pt_04/logs/heur_mslp/gurobi/40R_40V_02F_05M/LR1_2_6_grb_genconfig_mslp_seed_101_alpha_15p.log;random;40R_40V_02F_05M;1;59149;1;/dados/rmelo/PDPTW-SE/benchmark_multi_floor_v3/official_experiments/multistartlp/preliminar/set_01_pt_04/../../../../instances/orig_ams_fg/40R_40V_02F_06M/t1/LR1_2_6/;60000;21528;0;9597.98;81;41;H;50;95;0;100.0;30.0;true;0.95;100.0;1.0;1.0;1.0;1.0;60;M;851;851;false;72;0.97;184.05;0.96;36;10;1000000;-1;3600;4.33;0.4;0.49;mslp;heur;0.22;0.17;-1;3600;60000;I;40;1.0;0.42;LR1_2_6;0;/dados/rmelo/PDPTW-SE/benchmark_multi_floor_v3/official_experiments/multistartlp/preliminar/set_01_pt_04/logs;0;0;0;98.58;100.0;1;101;/dados/rmelo/PDPTW-SE/benchmark_multi_floor_v3/official_experiments/multistartlp/preliminar/set_01_pt_04/logs/heur_mslp/solutions/40R_40V_02F_05M/LR1_2_6_sol_genconfig_mslp_seed_101_alpha_15p.txt;Gurobi;AUTOMATIC;17.8;_bash_3;_seed_101_alpha_15p;36.87;1;73.77;/dados/rmelo/PDPTW-SE/benchmark_multi_floor_v3/official_experiments/multistartlp/preliminar/set_01_pt_04/logs/heur_mslp/timelines/40R_40V_02F_05M/LR1_2_6_timeline_genconfig_mslp_seed_101_alpha_15p.txt;205.89;t1;0;7850.13;false
0.15;0.01;0.01;0.02;0.03;0.1;9;/dados/rmelo/PDPTW-SE/benchmark_multi_floor_v3/official_experiments/multistartlp/preliminar/set_01_pt_04/logs/heur_mslp/outputs/csvresults_heur_mslp_bash_3.csv;0;5;1;82;1;0.0;0.5;true;42;2;LR2_2_9_t2_40R_40V_02F_05M;/dados/rmelo/PDPTW-SE/benchmark_multi_floor_v3/official_experiments/multistartlp/preliminar/set_01_pt_04/configs/genconfig_mslp.conf;genconfig_mslp;/dados/rmelo/PDPTW-SE/benchmark_multi_floor_v3/official_experiments/multistartlp/preliminar/set_01_pt_04/logs/heur_mslp/gurobi/40R_40V_02F_05M/LR2_2_9_grb_genconfig_mslp_seed_101_alpha_15p.log;random;40R_40V_02F_05M;1;0;1;/dados/rmelo/PDPTW-SE/benchmark_multi_floor_v3/official_experiments/multistartlp/preliminar/set_01_pt_04/../../../../instances/orig_ams_fg/40R_40V_02F_06M/t2/LR2_2_9/;60000;46958;0;11007.07;81;41;H;50;95;0;100.0;30.0;true;0.95;100.0;1.0;1.0;1.0;1.0;60;M;60000;60000;false;74;0.77;179.34;1.0;37;10;1000000;-1;3600;7.29;0.66;0.97;mslp;heur;0.44;0.93;-1;3600;60000;I;40;1.0;0.12;LR2_2_9;0;/dados/rmelo/PDPTW-SE/benchmark_multi_floor_v3/official_experiments/multistartlp/preliminar/set_01_pt_04/logs;0;0;0;0.0;100.0;1;101;/dados/rmelo/PDPTW-SE/benchmark_multi_floor_v3/official_experiments/multistartlp/preliminar/set_01_pt_04/logs/heur_mslp/solutions/40R_40V_02F_05M/LR2_2_9_sol_genconfig_mslp_seed_101_alpha_15p.txt;Gurobi;AUTOMATIC;17.81;_bash_3;_seed_101_alpha_15p;4371.62;1;988.65;/dados/rmelo/PDPTW-SE/benchmark_multi_floor_v3/official_experiments/multistartlp/preliminar/set_01_pt_04/logs/heur_mslp/timelines/40R_40V_02F_05M/LR2_2_9_timeline_genconfig_mslp_seed_101_alpha_15p.txt;1261.19;t2;0;8344.38;false
0.15;0.11;0.16;0.27;0.0;0.04;6;/dados/rmelo/PDPTW-SE/benchmark_multi_floor_v3/official_experiments/multistartlp/preliminar/set_01_pt_04/logs/heur_mslp/outputs/csvresults_heur_mslp_bash_3.csv;0;5;1;82;1;0.0;0.5;true;42;2;LR1_2_10_t1_40R_40V_04F_05M;/dados/rmelo/PDPTW-SE/benchmark_multi_floor_v3/official_experiments/multistartlp/preliminar/set_01_pt_04/configs/genconfig_mslp.conf;genconfig_mslp;/dados/rmelo/PDPTW-SE/benchmark_multi_floor_v3/official_experiments/multistartlp/preliminar/set_01_pt_04/logs/heur_mslp/gurobi/40R_40V_04F_05M/LR1_2_10_grb_genconfig_mslp_seed_101_alpha_15p.log;random;40R_40V_04F_05M;1;59451;1;/dados/rmelo/PDPTW-SE/benchmark_multi_floor_v3/official_experiments/multistartlp/preliminar/set_01_pt_04/../../../../instances/orig_ams_fg/40R_40V_04F_06M/t1/LR1_2_10/;60000;7745;0;9056.48;81;41;H;50;95;0;100.0;30.0;true;0.95;100.0;1.0;1.0;1.0;1.0;60;M;549;549;false;72;0.9;178.35;0.86;36;10;1000000;-1;3600;6.19;0.66;0.5;mslp;heur;0.34;0.18;-1;3600;60000;I;40;1.0;0.45;LR1_2_10;0;/dados/rmelo/PDPTW-SE/benchmark_multi_floor_v3/official_experiments/multistartlp/preliminar/set_01_pt_04/logs;0;0;0;99.08;100.0;1;101;/dados/rmelo/PDPTW-SE/benchmark_multi_floor_v3/official_experiments/multistartlp/preliminar/set_01_pt_04/logs/heur_mslp/solutions/40R_40V_04F_05M/LR1_2_10_sol_genconfig_mslp_seed_101_alpha_15p.txt;Gurobi;AUTOMATIC;17.86;_bash_3;_seed_101_alpha_15p;33.96;1;34.28;/dados/rmelo/PDPTW-SE/benchmark_multi_floor_v3/official_experiments/multistartlp/preliminar/set_01_pt_04/logs/heur_mslp/timelines/40R_40V_04F_05M/LR1_2_10_timeline_genconfig_mslp_seed_101_alpha_15p.txt;261.8;t1;0;7528.7;false
0.15;0.02;0.04;0.06;0.01;0.03;8;/dados/rmelo/PDPTW-SE/benchmark_multi_floor_v3/official_experiments/multistartlp/preliminar/set_01_pt_04/logs/heur_mslp/outputs/csvresults_heur_mslp_bash_3.csv;0;5;1;82;1;0.0;0.5;true;42;2;LR2_2_6_t2_40R_40V_04F_05M;/dados/rmelo/PDPTW-SE/benchmark_multi_floor_v3/official_experiments/multistartlp/preliminar/set_01_pt_04/configs/genconfig_mslp.conf;genconfig_mslp;/dados/rmelo/PDPTW-SE/benchmark_multi_floor_v3/official_experiments/multistartlp/preliminar/set_01_pt_04/logs/heur_mslp/gurobi/40R_40V_04F_05M/LR2_2_6_grb_genconfig_mslp_seed_101_alpha_15p.log;random;40R_40V_04F_05M;1;0;1;/dados/rmelo/PDPTW-SE/benchmark_multi_floor_v3/official_experiments/multistartlp/preliminar/set_01_pt_04/../../../../instances/orig_ams_fg/40R_40V_04F_06M/t2/LR2_2_6/;60000;52347;0;10258.42;81;41;H;50;95;0;100.0;30.0;true;0.95;100.0;1.0;1.0;1.0;1.0;60;M;60000;60000;false;80;0.88;192.66;1.0;40;10;1000000;-1;3600;3.23;0.79;0.98;mslp;heur;0.71;0.91;-1;3600;60000;I;40;1.0;0.1;LR2_2_6;0;/dados/rmelo/PDPTW-SE/benchmark_multi_floor_v3/official_experiments/multistartlp/preliminar/set_01_pt_04/logs;0;0;0;0.0;100.0;1;101;/dados/rmelo/PDPTW-SE/benchmark_multi_floor_v3/official_experiments/multistartlp/preliminar/set_01_pt_04/logs/heur_mslp/solutions/40R_40V_04F_05M/LR2_2_6_sol_genconfig_mslp_seed_101_alpha_15p.txt;Gurobi;AUTOMATIC;17.75;_bash_3;_seed_101_alpha_15p;1936.5;1;2230.83;/dados/rmelo/PDPTW-SE/benchmark_multi_floor_v3/official_experiments/multistartlp/preliminar/set_01_pt_04/logs/heur_mslp/timelines/40R_40V_04F_05M/LR2_2_6_timeline_genconfig_mslp_seed_101_alpha_15p.txt;2556.07;t2;0;7997.7;false
0.15;0.04;0.07;0.11;0.01;0.09;5;/dados/rmelo/PDPTW-SE/benchmark_multi_floor_v3/official_experiments/multistartlp/preliminar/set_01_pt_04/logs/heur_mslp/outputs/csvresults_heur_mslp_bash_3.csv;0;5;1;122;1;0.0;0.5;true;62;2;LR1_2_6_t1_60R_60V_02F_05M;/dados/rmelo/PDPTW-SE/benchmark_multi_floor_v3/official_experiments/multistartlp/preliminar/set_01_pt_04/configs/genconfig_mslp.conf;genconfig_mslp;/dados/rmelo/PDPTW-SE/benchmark_multi_floor_v3/official_experiments/multistartlp/preliminar/set_01_pt_04/logs/heur_mslp/gurobi/60R_60V_02F_05M/LR1_2_6_grb_genconfig_mslp_seed_101_alpha_15p.log;random;60R_60V_02F_05M;1;58085;1;/dados/rmelo/PDPTW-SE/benchmark_multi_floor_v3/official_experiments/multistartlp/preliminar/set_01_pt_04/../../../../instances/orig_ams_fg/60R_60V_02F_06M/t1/LR1_2_6/;60000;1490;0;12037.43;121;61;H;50;95;0;100.0;30.0;true;0.95;100.0;1.0;1.0;1.0;1.0;60;M;1915;1915;false;82;0.99;191.73;0.98;41;10;1000000;-1;3600;4.92;0.68;0.49;mslp;heur;0.25;0.16;-1;3600;60000;I;60;1.0;0.4;LR1_2_6;0;/dados/rmelo/PDPTW-SE/benchmark_multi_floor_v3/official_experiments/multistartlp/preliminar/set_01_pt_04/logs;0;0;0;96.81;100.0;1;101;/dados/rmelo/PDPTW-SE/benchmark_multi_floor_v3/official_experiments/multistartlp/preliminar/set_01_pt_04/logs/heur_mslp/solutions/60R_60V_02F_05M/LR1_2_6_sol_genconfig_mslp_seed_101_alpha_15p.txt;Gurobi;AUTOMATIC;17.63;_bash_3;_seed_101_alpha_15p;94.28;1;12.68;/dados/rmelo/PDPTW-SE/benchmark_multi_floor_v3/official_experiments/multistartlp/preliminar/set_01_pt_04/logs/heur_mslp/timelines/60R_60V_02F_05M/LR1_2_6_timeline_genconfig_mslp_seed_101_alpha_15p.txt;478.55;t1;0;10282.41;false
0.15;0.01;0.02;0.03;0.01;0.02;6;/dados/rmelo/PDPTW-SE/benchmark_multi_floor_v3/official_experiments/multistartlp/preliminar/set_01_pt_04/logs/heur_mslp/outputs/csvresults_heur_mslp_bash_3.csv;0;5;1;122;1;0.0;0.5;true;62;2;LR2_2_6_t2_60R_60V_02F_05M;/dados/rmelo/PDPTW-SE/benchmark_multi_floor_v3/official_experiments/multistartlp/preliminar/set_01_pt_04/configs/genconfig_mslp.conf;genconfig_mslp;/dados/rmelo/PDPTW-SE/benchmark_multi_floor_v3/official_experiments/multistartlp/preliminar/set_01_pt_04/logs/heur_mslp/gurobi/60R_60V_02F_05M/LR2_2_6_grb_genconfig_mslp_seed_101_alpha_15p.log;random;60R_60V_02F_05M;1;0;1;/dados/rmelo/PDPTW-SE/benchmark_multi_floor_v3/official_experiments/multistartlp/preliminar/set_01_pt_04/../../../../instances/orig_ams_fg/60R_60V_02F_06M/t2/LR2_2_6/;56275;25512;0;15753.47;121;61;H;50;95;0;100.0;30.0;true;0.95;100.0;1.0;1.0;1.0;1.0;60;M;56275;56275;false;80;0.89;185.63;1.0;40;10;1000000;-1;3600;5.32;0.7;0.95;mslp;heur;0.3;0.81;-1;3600;60000;I;60;1.0;0.1;LR2_2_6;0;/dados/rmelo/PDPTW-SE/benchmark_multi_floor_v3/official_experiments/multistartlp/preliminar/set_01_pt_04/logs;0;0;0;0.0;100.0;1;101;/dados/rmelo/PDPTW-SE/benchmark_multi_floor_v3/official_experiments/multistartlp/preliminar/set_01_pt_04/logs/heur_mslp/solutions/60R_60V_02F_05M/LR2_2_6_sol_genconfig_mslp_seed_101_alpha_15p.txt;Gurobi;AUTOMATIC;17.9;_bash_3;_seed_101_alpha_15p;2993.15;1;1634.05;/dados/rmelo/PDPTW-SE/benchmark_multi_floor_v3/official_experiments/multistartlp/preliminar/set_01_pt_04/logs/heur_mslp/timelines/60R_60V_02F_05M/LR2_2_6_timeline_genconfig_mslp_seed_101_alpha_15p.txt;3600.03;t2;0;10661.65;false
0.15;0.14;0.2;0.33;0.01;0.07;4;/dados/rmelo/PDPTW-SE/benchmark_multi_floor_v3/official_experiments/multistartlp/preliminar/set_01_pt_04/logs/heur_mslp/outputs/csvresults_heur_mslp_bash_3.csv;0;5;1;122;1;0.0;0.5;true;62;2;LR1_2_9_t1_60R_60V_04F_05M;/dados/rmelo/PDPTW-SE/benchmark_multi_floor_v3/official_experiments/multistartlp/preliminar/set_01_pt_04/configs/genconfig_mslp.conf;genconfig_mslp;/dados/rmelo/PDPTW-SE/benchmark_multi_floor_v3/official_experiments/multistartlp/preliminar/set_01_pt_04/logs/heur_mslp/gurobi/60R_60V_04F_05M/LR1_2_9_grb_genconfig_mslp_seed_101_alpha_15p.log;random;60R_60V_04F_05M;1;59956;1;/dados/rmelo/PDPTW-SE/benchmark_multi_floor_v3/official_experiments/multistartlp/preliminar/set_01_pt_04/../../../../instances/orig_ams_fg/60R_60V_04F_06M/t1/LR1_2_9/;60000;41535;0;13961.27;121;61;H;50;95;0;100.0;30.0;true;0.95;100.0;1.0;1.0;1.0;1.0;60;M;44;44;false;86;0.98;198.99;0.93;43;10;1000000;-1;3600;7.93;0.63;0.44;mslp;heur;0.33;0.12;-1;3600;60000;I;60;1.0;0.48;LR1_2_9;0;/dados/rmelo/PDPTW-SE/benchmark_multi_floor_v3/official_experiments/multistartlp/preliminar/set_01_pt_04/logs;0;0;0;99.93;100.0;1;101;/dados/rmelo/PDPTW-SE/benchmark_multi_floor_v3/official_experiments/multistartlp/preliminar/set_01_pt_04/logs/heur_mslp/solutions/60R_60V_04F_05M/LR1_2_9_sol_genconfig_mslp_seed_101_alpha_15p.txt;Gurobi;AUTOMATIC;17.64;_bash_3;_seed_101_alpha_15p;3.49;1;351.89;/dados/rmelo/PDPTW-SE/benchmark_multi_floor_v3/official_experiments/multistartlp/preliminar/set_01_pt_04/logs/heur_mslp/timelines/60R_60V_04F_05M/LR1_2_9_timeline_genconfig_mslp_seed_101_alpha_15p.txt;508.22;t1;0;12599.47;false
0.15;0.03;0.05;0.08;0.0;0.0;2;/dados/rmelo/PDPTW-SE/benchmark_multi_floor_v3/official_experiments/multistartlp/preliminar/set_01_pt_04/logs/heur_mslp/outputs/csvresults_heur_mslp_bash_3.csv;0;5;1;122;1;0.0;0.5;true;62;2;LR2_2_7_t2_60R_60V_04F_05M;/dados/rmelo/PDPTW-SE/benchmark_multi_floor_v3/official_experiments/multistartlp/preliminar/set_01_pt_04/configs/genconfig_mslp.conf;genconfig_mslp;/dados/rmelo/PDPTW-SE/benchmark_multi_floor_v3/official_experiments/multistartlp/preliminar/set_01_pt_04/logs/heur_mslp/gurobi/60R_60V_04F_05M/LR2_2_7_grb_genconfig_mslp_seed_101_alpha_15p.log;random;60R_60V_04F_05M;1;7964;1;/dados/rmelo/PDPTW-SE/benchmark_multi_floor_v3/official_experiments/multistartlp/preliminar/set_01_pt_04/../../../../instances/orig_ams_fg/60R_60V_04F_06M/t2/LR2_2_7/;31639;21979;0;13304.3;121;61;H;50;95;0;100.0;30.0;true;0.95;100.0;1.0;1.0;1.0;1.0;60;M;23675;23675;false;78;0.87;195.28;1.0;39;10;1000000;-1;3600;1.51;0.7;0.91;mslp;heur;0.12;0.54;-1;3600;60000;I;60;1.0;0.1;LR2_2_7;0;/dados/rmelo/PDPTW-SE/benchmark_multi_floor_v3/official_experiments/multistartlp/preliminar/set_01_pt_04/logs;0;0;0;25.17;100.0;1;101;/dados/rmelo/PDPTW-SE/benchmark_multi_floor_v3/official_experiments/multistartlp/preliminar/set_01_pt_04/logs/heur_mslp/solutions/60R_60V_04F_05M/LR2_2_7_sol_genconfig_mslp_seed_101_alpha_15p.txt;Gurobi;AUTOMATIC;17.73;_bash_3;_seed_101_alpha_15p;357.94;1;2505.28;/dados/rmelo/PDPTW-SE/benchmark_multi_floor_v3/official_experiments/multistartlp/preliminar/set_01_pt_04/logs/heur_mslp/timelines/60R_60V_04F_05M/LR2_2_7_timeline_genconfig_mslp_seed_101_alpha_15p.txt;3600.08;t2;0;10690.35;false
0.15;0.01;0.06;0.07;0.0;0.0;5;/dados/rmelo/PDPTW-SE/benchmark_multi_floor_v3/official_experiments/multistartlp/preliminar/set_01_pt_04/logs/heur_mslp/outputs/csvresults_heur_mslp_bash_3.csv;0;3;1;18;1;0.0;0.5;true;10;2;lr107_t1_08R_08V_02F_03M;/dados/rmelo/PDPTW-SE/benchmark_multi_floor_v3/official_experiments/multistartlp/preliminar/set_01_pt_04/configs/genconfig_mslp.conf;genconfig_mslp;/dados/rmelo/PDPTW-SE/benchmark_multi_floor_v3/official_experiments/multistartlp/preliminar/set_01_pt_04/logs/heur_mslp/gurobi/08R_08V_02F_03M/lr107_grb_genconfig_mslp_seed_108_alpha_15p.log;random;08R_08V_02F_03M;1;0;1;/dados/rmelo/PDPTW-SE/benchmark_multi_floor_v3/official_experiments/multistartlp/preliminar/set_01_pt_04/../../../../instances/orig_ams_fg/08R_08V_02F_04M/t1/lr107/;60000;15;0;1085.6;17;9;H;50;95;0;100.0;30.0;true;0.95;100.0;1.0;1.0;1.0;1.0;60;M;60000;60000;false;40;0.94;80.43;0.88;20;10;1000000;-1;3600;16.04;0.73;0.62;mslp;heur;0.47;0.4;-1;3600;60000;I;8;1.0;0.62;lr107;0;/dados/rmelo/PDPTW-SE/benchmark_multi_floor_v3/official_experiments/multistartlp/preliminar/set_01_pt_04/logs;0;0;0;0.0;100.0;1;108;/dados/rmelo/PDPTW-SE/benchmark_multi_floor_v3/official_experiments/multistartlp/preliminar/set_01_pt_04/logs/heur_mslp/solutions/08R_08V_02F_03M/lr107_sol_genconfig_mslp_seed_108_alpha_15p.txt;Gurobi;AUTOMATIC;17.51;_bash_3;_seed_108_alpha_15p;9622.66;1;0.29;/dados/rmelo/PDPTW-SE/benchmark_multi_floor_v3/official_experiments/multistartlp/preliminar/set_01_pt_04/logs/heur_mslp/timelines/08R_08V_02F_03M/lr107_timeline_genconfig_mslp_seed_108_alpha_15p.txt;103.1;t1;0;843.14;false
0.15;0.0;0.02;0.02;0.0;0.0;4;/dados/rmelo/PDPTW-SE/benchmark_multi_floor_v3/official_experiments/multistartlp/preliminar/set_01_pt_04/logs/heur_mslp/outputs/csvresults_heur_mslp_bash_3.csv;0;3;1;18;1;0.0;0.5;true;10;2;lr210_t2_08R_08V_02F_03M;/dados/rmelo/PDPTW-SE/benchmark_multi_floor_v3/official_experiments/multistartlp/preliminar/set_01_pt_04/configs/genconfig_mslp.conf;genconfig_mslp;/dados/rmelo/PDPTW-SE/benchmark_multi_floor_v3/official_experiments/multistartlp/preliminar/set_01_pt_04/logs/heur_mslp/gurobi/08R_08V_02F_03M/lr210_grb_genconfig_mslp_seed_108_alpha_15p.log;random;08R_08V_02F_03M;1;751;1;/dados/rmelo/PDPTW-SE/benchmark_multi_floor_v3/official_experiments/multistartlp/preliminar/set_01_pt_04/../../../../instances/orig_ams_fg/08R_08V_02F_04M/t2/lr210/;60000;3215;0;1315.37;17;9;H;50;95;0;100.0;30.0;true;0.95;100.0;1.0;1.0;1.0;1.0;60;M;59249;59249;false;58;0.71;75.46;0.93;29;10;1000000;-1;3600;30.84;0.71;0.93;mslp;heur;0.71;0.93;-1;3600;60000;I;8;0.67;0.12;lr210;0;/dados/rmelo/PDPTW-SE/benchmark_multi_floor_v3/official_experiments/multistartlp/preliminar/set_01_pt_04/logs;0;0;0;1.25;100.0;1;108;/dados/rmelo/PDPTW-SE/benchmark_multi_floor_v3/official_experiments/multistartlp/preliminar/set_01_pt_04/logs/heur_mslp/solutions/08R_08V_02F_03M/lr210_sol_genconfig_mslp_seed_108_alpha_15p.txt;Gurobi;AUTOMATIC;17.86;_bash_3;_seed_108_alpha_15p;18270.94;1;6.91;/dados/rmelo/PDPTW-SE/benchmark_multi_floor_v3/official_experiments/multistartlp/preliminar/set_01_pt_04/logs/heur_mslp/timelines/08R_08V_02F_03M/lr210_timeline_genconfig_mslp_seed_108_alpha_15p.txt;125.96;t2;0;706.87;false
0.15;0.1;0.19;0.29;0.0;0.05;5;/dados/rmelo/PDPTW-SE/benchmark_multi_floor_v3/official_experiments/multistartlp/preliminar/set_01_pt_04/logs/heur_mslp/outputs/csvresults_heur_mslp_bash_3.csv;0;3;1;18;1;0.0;0.5;true;10;2;lr106_t1_08R_08V_04F_03M;/dados/rmelo/PDPTW-SE/benchmark_multi_floor_v3/official_experiments/multistartlp/preliminar/set_01_pt_04/configs/genconfig_mslp.conf;genconfig_mslp;/dados/rmelo/PDPTW-SE/benchmark_multi_floor_v3/official_experiments/multistartlp/preliminar/set_01_pt_04/logs/heur_mslp/gurobi/08R_08V_04F_03M/lr106_grb_genconfig_mslp_seed_108_alpha_15p.log;random;08R_08V_04F_03M;1;17074;1;/dados/rmelo/PDPTW-SE/benchmark_multi_floor_v3/official_experiments/multistartlp/preliminar/set_01_pt_04/../../../../instances/orig_ams_fg/08R_08V_04F_04M/t1/lr106/;60000;2387;0;1511.88;17;9;H;50;95;0;100.0;30.0;true;0.95;100.0;1.0;1.0;1.0;1.0;60;M;42926;42926;false;52;0.82;85.78;0.81;26;10;1000000;-1;3600;19.16;0.62;0.35;mslp;heur;0.35;0.06;-1;3600;60000;I;8;1.0;0.88;lr106;0;/dados/rmelo/PDPTW-SE/benchmark_multi_floor_v3/official_experiments/multistartlp/preliminar/set_01_pt_04/logs;0;0;0;28.46;100.0;1;108;/dados/rmelo/PDPTW-SE/benchmark_multi_floor_v3/official_experiments/multistartlp/preliminar/set_01_pt_04/logs/heur_mslp/solutions/08R_08V_04F_03M/lr106_sol_genconfig_mslp_seed_108_alpha_15p.txt;Gurobi;AUTOMATIC;17.91;_bash_3;_seed_108_alpha_15p;8224.97;1;4.16;/dados/rmelo/PDPTW-SE/benchmark_multi_floor_v3/official_experiments/multistartlp/preliminar/set_01_pt_04/logs/heur_mslp/timelines/08R_08V_04F_03M/lr106_timeline_genconfig_mslp_seed_108_alpha_15p.txt;97.14;t1;0;1010.71;false
0.15;0.01;0.03;0.04;0.0;0.0;8;/dados/rmelo/PDPTW-SE/benchmark_multi_floor_v3/official_experiments/multistartlp/preliminar/set_01_pt_04/logs/heur_mslp/outputs/csvresults_heur_mslp_bash_3.csv;0;3;1;18;1;0.0;0.5;true;10;2;lr209_t2_08R_08V_04F_03M;/dados/rmelo/PDPTW-SE/benchmark_multi_floor_v3/official_experiments/multistartlp/preliminar/set_01_pt_04/configs/genconfig_mslp.conf;genconfig_mslp;/dados/rmelo/PDPTW-SE/benchmark_multi_floor_v3/official_experiments/multistartlp/preliminar/set_01_pt_04/logs/heur_mslp/gurobi/08R_08V_04F_03M/lr209_grb_genconfig_mslp_seed_108_alpha_15p.log;random;08R_08V_04F_03M;1;0;1;/dados/rmelo/PDPTW-SE/benchmark_multi_floor_v3/official_experiments/multistartlp/preliminar/set_01_pt_04/../../../../instances/orig_ams_fg/08R_08V_04F_04M/t2/lr209/;60000;3905;0;1446.94;17;9;H;50;95;0;100.0;30.0;true;0.95;100.0;1.0;1.0;1.0;1.0;60;M;55240;60000;false;46;0.68;79.88;0.77;23;10;1000000;-1;3600;21.53;0.42;0.75;mslp;heur;0.16;0.74;-1;3600;60000;I;8;0.67;0.25;lr209;0;/dados/rmelo/PDPTW-SE/benchmark_multi_floor_v3/official_experiments/multistartlp/preliminar/set_01_pt_04/logs;0;0;0;0.0;92.07;1;108;/dados/rmelo/PDPTW-SE/benchmark_multi_floor_v3/official_experiments/multistartlp/preliminar/set_01_pt_04/logs/heur_mslp/solutions/08R_08V_04F_03M/lr209_sol_genconfig_mslp_seed_108_alpha_15p.txt;Gurobi;AUTOMATIC;17.93;_bash_3;_seed_108_alpha_15p;12916.71;1;9.95;/dados/rmelo/PDPTW-SE/benchmark_multi_floor_v3/official_experiments/multistartlp/preliminar/set_01_pt_04/logs/heur_mslp/timelines/08R_08V_04F_03M/lr209_timeline_genconfig_mslp_seed_108_alpha_15p.txt;149.62;t2;0;838.87;false
0.15;0.04;0.07;0.11;0.0;0.0;8;/dados/rmelo/PDPTW-SE/benchmark_multi_floor_v3/official_experiments/multistartlp/preliminar/set_01_pt_04/logs/heur_mslp/outputs/csvresults_heur_mslp_bash_3.csv;0;3;1;26;1;0.0;0.5;true;14;2;lr109_t1_12R_12V_02F_03M;/dados/rmelo/PDPTW-SE/benchmark_multi_floor_v3/official_experiments/multistartlp/preliminar/set_01_pt_04/configs/genconfig_mslp.conf;genconfig_mslp;/dados/rmelo/PDPTW-SE/benchmark_multi_floor_v3/official_experiments/multistartlp/preliminar/set_01_pt_04/logs/heur_mslp/gurobi/12R_12V_02F_03M/lr109_grb_genconfig_mslp_seed_108_alpha_15p.log;random;12R_12V_02F_03M;1;14521;1;/dados/rmelo/PDPTW-SE/benchmark_multi_floor_v3/official_experiments/multistartlp/preliminar/set_01_pt_04/../../../../instances/orig_ams_fg/12R_12V_02F_04M/t1/lr109/;60000;1144;0;1247.52;25;13;H;50;95;0;100.0;30.0;true;0.95;100.0;1.0;1.0;1.0;1.0;60;M;45479;45479;false;58;0.87;78.59;0.62;29;10;1000000;-1;3600;9.5;0.73;0.43;mslp;heur;0.56;0.29;-1;3600;60000;I;12;1.0;0.5;lr109;0;/dados/rmelo/PDPTW-SE/benchmark_multi_floor_v3/official_experiments/multistartlp/preliminar/set_01_pt_04/logs;0;0;0;24.2;100.0;1;108;/dados/rmelo/PDPTW-SE/benchmark_multi_floor_v3/official_experiments/multistartlp/preliminar/set_01_pt_04/logs/heur_mslp/solutions/12R_12V_02F_03M/lr109_sol_genconfig_mslp_seed_108_alpha_15p.txt;Gurobi;AUTOMATIC;17.89;_bash_3;_seed_108_alpha_15p;4319.77;1;2.45;/dados/rmelo/PDPTW-SE/benchmark_multi_floor_v3/official_experiments/multistartlp/preliminar/set_01_pt_04/logs/heur_mslp/timelines/12R_12V_02F_03M/lr109_timeline_genconfig_mslp_seed_108_alpha_15p.txt;114.6;t1;0;1010.35;false
0.15;0.01;0.02;0.03;0.0;0.0;15;/dados/rmelo/PDPTW-SE/benchmark_multi_floor_v3/official_experiments/multistartlp/preliminar/set_01_pt_04/logs/heur_mslp/outputs/csvresults_heur_mslp_bash_3.csv;0;3;1;26;1;0.0;0.5;true;14;2;lr207_t2_12R_12V_02F_03M;/dados/rmelo/PDPTW-SE/benchmark_multi_floor_v3/official_experiments/multistartlp/preliminar/set_01_pt_04/configs/genconfig_mslp.conf;genconfig_mslp;/dados/rmelo/PDPTW-SE/benchmark_multi_floor_v3/official_experiments/multistartlp/preliminar/set_01_pt_04/logs/heur_mslp/gurobi/12R_12V_02F_03M/lr207_grb_genconfig_mslp_seed_108_alpha_15p.log;random;12R_12V_02F_03M;1;0;1;/dados/rmelo/PDPTW-SE/benchmark_multi_floor_v3/official_experiments/multistartlp/preliminar/set_01_pt_04/../../../../instances/orig_ams_fg/12R_12V_02F_04M/t2/lr207/;60000;20669;0;1622.38;25;13;H;50;95;0;100.0;30.0;true;0.95;100.0;1.0;1.0;1.0;1.0;60;M;59974;60000;false;40;0.85;83.45;1.0;20;10;1000000;-1;3600;13.25;0.54;0.74;mslp;heur;0.22;0.48;-1;3600;60000;I;12;0.67;0.17;lr207;0;/dados/rmelo/PDPTW-SE/benchmark_multi_floor_v3/official_experiments/multistartlp/preliminar/set_01_pt_04/logs;0;0;0;0.0;99.96;1;108;/dados/rmelo/PDPTW-SE/benchmark_multi_floor_v3/official_experiments/multistartlp/preliminar/set_01_pt_04/logs/heur_mslp/solutions/12R_12V_02F_03M/lr207_sol_genconfig_mslp_seed_108_alpha_15p.txt;Gurobi;AUTOMATIC;17.75;_bash_3;_seed_108_alpha_15p;7952.78;1;80.58;/dados/rmelo/PDPTW-SE/benchmark_multi_floor_v3/official_experiments/multistartlp/preliminar/set_01_pt_04/logs/heur_mslp/timelines/12R_12V_02F_03M/lr207_timeline_genconfig_mslp_seed_108_alpha_15p.txt;232.08;t2;0;1077.43;false
0.15;0.2;0.29;0.49;0.0;0.01;10;/dados/rmelo/PDPTW-SE/benchmark_multi_floor_v3/official_experiments/multistartlp/preliminar/set_01_pt_04/logs/heur_mslp/outputs/csvresults_heur_mslp_bash_3.csv;0;3;1;26;1;0.0;0.5;true;14;2;lr106_t1_12R_12V_04F_03M;/dados/rmelo/PDPTW-SE/benchmark_multi_floor_v3/official_experiments/multistartlp/preliminar/set_01_pt_04/configs/genconfig_mslp.conf;genconfig_mslp;/dados/rmelo/PDPTW-SE/benchmark_multi_floor_v3/official_experiments/multistartlp/preliminar/set_01_pt_04/logs/heur_mslp/gurobi/12R_12V_04F_03M/lr106_grb_genconfig_mslp_seed_108_alpha_15p.log;random;12R_12V_04F_03M;1;41653;1;/dados/rmelo/PDPTW-SE/benchmark_multi_floor_v3/official_experiments/multistartlp/preliminar/set_01_pt_04/../../../../instances/orig_ams_fg/12R_12V_04F_04M/t1/lr106/;60000;57414;0;1826.62;25;13;H;50;95;0;100.0;30.0;true;0.95;100.0;1.0;1.0;1.0;1.0;60;M;18347;18347;false;52;1.0;86.16;0.97;26;10;1000000;-1;3600;11.46;0.68;0.42;mslp;heur;0.41;0.19;-1;3600;60000;I;12;1.0;0.75;lr106;0;/dados/rmelo/PDPTW-SE/benchmark_multi_floor_v3/official_experiments/multistartlp/preliminar/set_01_pt_04/logs;0;0;0;69.42;100.0;1;108;/dados/rmelo/PDPTW-SE/benchmark_multi_floor_v3/official_experiments/multistartlp/preliminar/set_01_pt_04/logs/heur_mslp/solutions/12R_12V_04F_03M/lr106_sol_genconfig_mslp_seed_108_alpha_15p.txt;Gurobi;AUTOMATIC;17.78;_bash_3;_seed_108_alpha_15p;2103.3;1;74.62;/dados/rmelo/PDPTW-SE/benchmark_multi_floor_v3/official_experiments/multistartlp/preliminar/set_01_pt_04/logs/heur_mslp/timelines/12R_12V_04F_03M/lr106_timeline_genconfig_mslp_seed_108_alpha_15p.txt;78.01;t1;0;1416.13;false
0.15;0.02;0.03;0.05;0.0;0.01;14;/dados/rmelo/PDPTW-SE/benchmark_multi_floor_v3/official_experiments/multistartlp/preliminar/set_01_pt_04/logs/heur_mslp/outputs/csvresults_heur_mslp_bash_3.csv;0;3;1;26;1;0.0;0.5;true;14;2;lr209_t2_12R_12V_04F_03M;/dados/rmelo/PDPTW-SE/benchmark_multi_floor_v3/official_experiments/multistartlp/preliminar/set_01_pt_04/configs/genconfig_mslp.conf;genconfig_mslp;/dados/rmelo/PDPTW-SE/benchmark_multi_floor_v3/official_experiments/multistartlp/preliminar/set_01_pt_04/logs/heur_mslp/gurobi/12R_12V_04F_03M/lr209_grb_genconfig_mslp_seed_108_alpha_15p.log;random;12R_12V_04F_03M;1;0;1;/dados/rmelo/PDPTW-SE/benchmark_multi_floor_v3/official_experiments/multistartlp/preliminar/set_01_pt_04/../../../../instances/orig_ams_fg/12R_12V_04F_04M/t2/lr209/;60000;14710;0;1674.5;25;13;H;50;95;0;100.0;30.0;true;0.95;100.0;1.0;1.0;1.0;1.0;60;M;60000;60000;false;46;0.62;91.85;1.0;23;10;1000000;-1;3600;14.13;0.6;0.92;mslp;heur;0.58;0.84;-1;3600;60000;I;12;1.0;0.17;lr209;0;/dados/rmelo/PDPTW-SE/benchmark_multi_floor_v3/official_experiments/multistartlp/preliminar/set_01_pt_04/logs;0;0;0;0.0;100.0;1;108;/dados/rmelo/PDPTW-SE/benchmark_multi_floor_v3/official_experiments/multistartlp/preliminar/set_01_pt_04/logs/heur_mslp/solutions/12R_12V_04F_03M/lr209_sol_genconfig_mslp_seed_108_alpha_15p.txt;Gurobi;AUTOMATIC;17.71;_bash_3;_seed_108_alpha_15p;8475.81;1;58.89;/dados/rmelo/PDPTW-SE/benchmark_multi_floor_v3/official_experiments/multistartlp/preliminar/set_01_pt_04/logs/heur_mslp/timelines/12R_12V_04F_03M/lr209_timeline_genconfig_mslp_seed_108_alpha_15p.txt;238.95;t2;0;1198.0;false
0.15;0.02;0.04;0.06;0.01;0.11;5;/dados/rmelo/PDPTW-SE/benchmark_multi_floor_v3/official_experiments/multistartlp/preliminar/set_01_pt_04/logs/heur_mslp/outputs/csvresults_heur_mslp_bash_3.csv;0;5;1;82;1;0.0;0.5;true;42;2;LR1_2_6_t1_40R_40V_02F_05M;/dados/rmelo/PDPTW-SE/benchmark_multi_floor_v3/official_experiments/multistartlp/preliminar/set_01_pt_04/configs/genconfig_mslp.conf;genconfig_mslp;/dados/rmelo/PDPTW-SE/benchmark_multi_floor_v3/official_experiments/multistartlp/preliminar/set_01_pt_04/logs/heur_mslp/gurobi/40R_40V_02F_05M/LR1_2_6_grb_genconfig_mslp_seed_108_alpha_15p.log;random;40R_40V_02F_05M;1;59090;1;/dados/rmelo/PDPTW-SE/benchmark_multi_floor_v3/official_experiments/multistartlp/preliminar/set_01_pt_04/../../../../instances/orig_ams_fg/40R_40V_02F_06M/t1/LR1_2_6/;60000;46715;0;9221.15;81;41;H;50;95;0;100.0;30.0;true;0.95;100.0;1.0;1.0;1.0;1.0;60;M;910;910;false;72;0.97;184.05;1.0;36;10;1000000;-1;3600;4.27;0.4;0.54;mslp;heur;0.16;0.22;-1;3600;60000;I;40;1.0;0.42;LR1_2_6;0;/dados/rmelo/PDPTW-SE/benchmark_multi_floor_v3/official_experiments/multistartlp/preliminar/set_01_pt_04/logs;0;0;0;98.48;100.0;1;108;/dados/rmelo/PDPTW-SE/benchmark_multi_floor_v3/official_experiments/multistartlp/preliminar/set_01_pt_04/logs/heur_mslp/solutions/40R_40V_02F_05M/LR1_2_6_sol_genconfig_mslp_seed_108_alpha_15p.txt;Gurobi;AUTOMATIC;17.74;_bash_3;_seed_108_alpha_15p;38.87;1;161.2;/dados/rmelo/PDPTW-SE/benchmark_multi_floor_v3/official_experiments/multistartlp/preliminar/set_01_pt_04/logs/heur_mslp/timelines/40R_40V_02F_05M/LR1_2_6_timeline_genconfig_mslp_seed_108_alpha_15p.txt;206.73;t1;0;7845.98;false
0.15;0.0;0.02;0.02;0.0;0.08;10;/dados/rmelo/PDPTW-SE/benchmark_multi_floor_v3/official_experiments/multistartlp/preliminar/set_01_pt_04/logs/heur_mslp/outputs/csvresults_heur_mslp_bash_3.csv;0;5;1;82;1;0.0;0.5;true;42;2;LR2_2_9_t2_40R_40V_02F_05M;/dados/rmelo/PDPTW-SE/benchmark_multi_floor_v3/official_experiments/multistartlp/preliminar/set_01_pt_04/configs/genconfig_mslp.conf;genconfig_mslp;/dados/rmelo/PDPTW-SE/benchmark_multi_floor_v3/official_experiments/multistartlp/preliminar/set_01_pt_04/logs/heur_mslp/gurobi/40R_40V_02F_05M/LR2_2_9_grb_genconfig_mslp_seed_108_alpha_15p.log;random;40R_40V_02F_05M;1;0;1;/dados/rmelo/PDPTW-SE/benchmark_multi_floor_v3/official_experiments/multistartlp/preliminar/set_01_pt_04/../../../../instances/orig_ams_fg/40R_40V_02F_06M/t2/LR2_2_9/;60000;11837;0;11073.65;81;41;H;50;95;0;100.0;30.0;true;0.95;100.0;1.0;1.0;1.0;1.0;60;M;60000;60000;false;74;0.8;179.34;0.99;37;10;1000000;-1;3600;7.29;0.64;0.9;mslp;heur;0.28;0.58;-1;3600;60000;I;40;1.0;0.12;LR2_2_9;0;/dados/rmelo/PDPTW-SE/benchmark_multi_floor_v3/official_experiments/multistartlp/preliminar/set_01_pt_04/logs;0;0;0;0.0;100.0;1;108;/dados/rmelo/PDPTW-SE/benchmark_multi_floor_v3/official_experiments/multistartlp/preliminar/set_01_pt_04/logs/heur_mslp/solutions/40R_40V_02F_05M/LR2_2_9_sol_genconfig_mslp_seed_108_alpha_15p.txt;Gurobi;AUTOMATIC;17.59;_bash_3;_seed_108_alpha_15p;4376.18;1;249.12;/dados/rmelo/PDPTW-SE/benchmark_multi_floor_v3/official_experiments/multistartlp/preliminar/set_01_pt_04/logs/heur_mslp/timelines/40R_40V_02F_05M/LR2_2_9_timeline_genconfig_mslp_seed_108_alpha_15p.txt;1258.07;t2;0;8155.49;false
0.15;0.11;0.15;0.26;0.0;0.04;8;/dados/rmelo/PDPTW-SE/benchmark_multi_floor_v3/official_experiments/multistartlp/preliminar/set_01_pt_04/logs/heur_mslp/outputs/csvresults_heur_mslp_bash_3.csv;0;5;1;82;1;0.0;0.5;true;42;2;LR1_2_10_t1_40R_40V_04F_05M;/dados/rmelo/PDPTW-SE/benchmark_multi_floor_v3/official_experiments/multistartlp/preliminar/set_01_pt_04/configs/genconfig_mslp.conf;genconfig_mslp;/dados/rmelo/PDPTW-SE/benchmark_multi_floor_v3/official_experiments/multistartlp/preliminar/set_01_pt_04/logs/heur_mslp/gurobi/40R_40V_04F_05M/LR1_2_10_grb_genconfig_mslp_seed_108_alpha_15p.log;random;40R_40V_04F_05M;1;59429;1;/dados/rmelo/PDPTW-SE/benchmark_multi_floor_v3/official_experiments/multistartlp/preliminar/set_01_pt_04/../../../../instances/orig_ams_fg/40R_40V_04F_06M/t1/LR1_2_10/;60000;20383;0;8816.92;81;41;H;50;95;0;100.0;30.0;true;0.95;100.0;1.0;1.0;1.0;1.0;60;M;571;571;false;72;0.89;178.35;1.0;36;10;1000000;-1;3600;6.13;0.66;0.55;mslp;heur;0.34;0.11;-1;3600;60000;I;40;1.0;0.45;LR1_2_10;0;/dados/rmelo/PDPTW-SE/benchmark_multi_floor_v3/official_experiments/multistartlp/preliminar/set_01_pt_04/logs;0;0;0;99.05;100.0;1;108;/dados/rmelo/PDPTW-SE/benchmark_multi_floor_v3/official_experiments/multistartlp/preliminar/set_01_pt_04/logs/heur_mslp/solutions/40R_40V_04F_05M/LR1_2_10_sol_genconfig_mslp_seed_108_alpha_15p.txt;Gurobi;AUTOMATIC;17.75;_bash_3;_seed_108_alpha_15p;35.0;1;89.8;/dados/rmelo/PDPTW-SE/benchmark_multi_floor_v3/official_experiments/multistartlp/preliminar/set_01_pt_04/logs/heur_mslp/timelines/40R_40V_04F_05M/LR1_2_10_timeline_genconfig_mslp_seed_108_alpha_15p.txt;262.25;t1;0;7530.54;false
0.15;0.02;0.04;0.06;0.0;0.0;14;/dados/rmelo/PDPTW-SE/benchmark_multi_floor_v3/official_experiments/multistartlp/preliminar/set_01_pt_04/logs/heur_mslp/outputs/csvresults_heur_mslp_bash_3.csv;0;5;1;82;1;0.0;0.5;true;42;2;LR2_2_6_t2_40R_40V_04F_05M;/dados/rmelo/PDPTW-SE/benchmark_multi_floor_v3/official_experiments/multistartlp/preliminar/set_01_pt_04/configs/genconfig_mslp.conf;genconfig_mslp;/dados/rmelo/PDPTW-SE/benchmark_multi_floor_v3/official_experiments/multistartlp/preliminar/set_01_pt_04/logs/heur_mslp/gurobi/40R_40V_04F_05M/LR2_2_6_grb_genconfig_mslp_seed_108_alpha_15p.log;random;40R_40V_04F_05M;1;0;1;/dados/rmelo/PDPTW-SE/benchmark_multi_floor_v3/official_experiments/multistartlp/preliminar/set_01_pt_04/../../../../instances/orig_ams_fg/40R_40V_04F_06M/t2/LR2_2_6/;60000;21440;0;11165.77;81;41;H;50;95;0;100.0;30.0;true;0.95;100.0;1.0;1.0;1.0;1.0;60;M;60000;60000;false;80;0.91;192.66;1.0;40;10;1000000;-1;3600;3.24;0.79;0.93;mslp;heur;0.66;0.72;-1;3600;60000;I;40;1.0;0.1;LR2_2_6;0;/dados/rmelo/PDPTW-SE/benchmark_multi_floor_v3/official_experiments/multistartlp/preliminar/set_01_pt_04/logs;0;0;0;0.0;100.0;1;108;/dados/rmelo/PDPTW-SE/benchmark_multi_floor_v3/official_experiments/multistartlp/preliminar/set_01_pt_04/logs/heur_mslp/solutions/40R_40V_04F_05M/LR2_2_6_sol_genconfig_mslp_seed_108_alpha_15p.txt;Gurobi;AUTOMATIC;17.51;_bash_3;_seed_108_alpha_15p;1946.15;1;908.58;/dados/rmelo/PDPTW-SE/benchmark_multi_floor_v3/official_experiments/multistartlp/preliminar/set_01_pt_04/logs/heur_mslp/timelines/40R_40V_04F_05M/LR2_2_6_timeline_genconfig_mslp_seed_108_alpha_15p.txt;2542.75;t2;0;8036.91;false
0.15;0.05;0.09;0.13;0.0;0.07;8;/dados/rmelo/PDPTW-SE/benchmark_multi_floor_v3/official_experiments/multistartlp/preliminar/set_01_pt_04/logs/heur_mslp/outputs/csvresults_heur_mslp_bash_3.csv;0;5;1;122;1;0.0;0.5;true;62;2;LR1_2_6_t1_60R_60V_02F_05M;/dados/rmelo/PDPTW-SE/benchmark_multi_floor_v3/official_experiments/multistartlp/preliminar/set_01_pt_04/configs/genconfig_mslp.conf;genconfig_mslp;/dados/rmelo/PDPTW-SE/benchmark_multi_floor_v3/official_experiments/multistartlp/preliminar/set_01_pt_04/logs/heur_mslp/gurobi/60R_60V_02F_05M/LR1_2_6_grb_genconfig_mslp_seed_108_alpha_15p.log;random;60R_60V_02F_05M;1;58047;1;/dados/rmelo/PDPTW-SE/benchmark_multi_floor_v3/official_experiments/multistartlp/preliminar/set_01_pt_04/../../../../instances/orig_ams_fg/60R_60V_02F_06M/t1/LR1_2_6/;60000;33466;0;12153.83;121;61;H;50;95;0;100.0;30.0;true;0.95;100.0;1.0;1.0;1.0;1.0;60;M;1953;1953;false;82;0.97;191.73;0.98;41;10;1000000;-1;3600;4.95;0.72;0.5;mslp;heur;0.44;0.11;-1;3600;60000;I;60;1.0;0.37;LR1_2_6;0;/dados/rmelo/PDPTW-SE/benchmark_multi_floor_v3/official_experiments/multistartlp/preliminar/set_01_pt_04/logs;0;0;0;96.74;100.0;1;108;/dados/rmelo/PDPTW-SE/benchmark_multi_floor_v3/official_experiments/multistartlp/preliminar/set_01_pt_04/logs/heur_mslp/solutions/60R_60V_02F_05M/LR1_2_6_sol_genconfig_mslp_seed_108_alpha_15p.txt;Gurobi;AUTOMATIC;17.64;_bash_3;_seed_108_alpha_15p;96.76;1;261.7;/dados/rmelo/PDPTW-SE/benchmark_multi_floor_v3/official_experiments/multistartlp/preliminar/set_01_pt_04/logs/heur_mslp/timelines/60R_60V_02F_05M/LR1_2_6_timeline_genconfig_mslp_seed_108_alpha_15p.txt;470.51;t1;0;10070.03;false
0.15;0.01;0.02;0.03;0.01;0.11;3;/dados/rmelo/PDPTW-SE/benchmark_multi_floor_v3/official_experiments/multistartlp/preliminar/set_01_pt_04/logs/heur_mslp/outputs/csvresults_heur_mslp_bash_3.csv;0;5;1;122;1;0.0;0.5;true;62;2;LR2_2_6_t2_60R_60V_02F_05M;/dados/rmelo/PDPTW-SE/benchmark_multi_floor_v3/official_experiments/multistartlp/preliminar/set_01_pt_04/configs/genconfig_mslp.conf;genconfig_mslp;/dados/rmelo/PDPTW-SE/benchmark_multi_floor_v3/official_experiments/multistartlp/preliminar/set_01_pt_04/logs/heur_mslp/gurobi/60R_60V_02F_05M/LR2_2_6_grb_genconfig_mslp_seed_108_alpha_15p.log;random;60R_60V_02F_05M;1;0;1;/dados/rmelo/PDPTW-SE/benchmark_multi_floor_v3/official_experiments/multistartlp/preliminar/set_01_pt_04/../../../../instances/orig_ams_fg/60R_60V_02F_06M/t2/LR2_2_6/;56545;8937;0;14762.97;121;61;H;50;95;0;100.0;30.0;true;0.95;100.0;1.0;1.0;1.0;1.0;60;M;56545;56545;false;80;0.86;185.63;1.0;40;10;1000000;-1;3600;5.32;0.72;0.92;mslp;heur;0.26;0.61;-1;3600;60000;I;60;1.0;0.1;LR2_2_6;0;/dados/rmelo/PDPTW-SE/benchmark_multi_floor_v3/official_experiments/multistartlp/preliminar/set_01_pt_04/logs;0;0;0;0.0;100.0;1;108;/dados/rmelo/PDPTW-SE/benchmark_multi_floor_v3/official_experiments/multistartlp/preliminar/set_01_pt_04/logs/heur_mslp/solutions/60R_60V_02F_05M/LR2_2_6_sol_genconfig_mslp_seed_108_alpha_15p.txt;Gurobi;AUTOMATIC;17.89;_bash_3;_seed_108_alpha_15p;3006.87;1;573.2;/dados/rmelo/PDPTW-SE/benchmark_multi_floor_v3/official_experiments/multistartlp/preliminar/set_01_pt_04/logs/heur_mslp/timelines/60R_60V_02F_05M/LR2_2_6_timeline_genconfig_mslp_seed_108_alpha_15p.txt;3600.04;t2;0;10999.53;false
0.15;0.15;0.22;0.38;0.0;0.06;3;/dados/rmelo/PDPTW-SE/benchmark_multi_floor_v3/official_experiments/multistartlp/preliminar/set_01_pt_04/logs/heur_mslp/outputs/csvresults_heur_mslp_bash_3.csv;0;5;1;122;1;0.0;0.5;true;62;2;LR1_2_9_t1_60R_60V_04F_05M;/dados/rmelo/PDPTW-SE/benchmark_multi_floor_v3/official_experiments/multistartlp/preliminar/set_01_pt_04/configs/genconfig_mslp.conf;genconfig_mslp;/dados/rmelo/PDPTW-SE/benchmark_multi_floor_v3/official_experiments/multistartlp/preliminar/set_01_pt_04/logs/heur_mslp/gurobi/60R_60V_04F_05M/LR1_2_9_grb_genconfig_mslp_seed_108_alpha_15p.log;random;60R_60V_04F_05M;1;59936;1;/dados/rmelo/PDPTW-SE/benchmark_multi_floor_v3/official_experiments/multistartlp/preliminar/set_01_pt_04/../../../../instances/orig_ams_fg/60R_60V_04F_06M/t1/LR1_2_9/;60000;32972;0;13822.44;121;61;H;50;95;0;100.0;30.0;true;0.95;100.0;1.0;1.0;1.0;1.0;60;M;64;64;false;86;0.98;198.99;0.92;43;10;1000000;-1;3600;7.46;0.64;0.46;mslp;heur;0.35;0.15;-1;3600;60000;I;60;1.0;0.47;LR1_2_9;0;/dados/rmelo/PDPTW-SE/benchmark_multi_floor_v3/official_experiments/multistartlp/preliminar/set_01_pt_04/logs;0;0;0;99.89;100.0;1;108;/dados/rmelo/PDPTW-SE/benchmark_multi_floor_v3/official_experiments/multistartlp/preliminar/set_01_pt_04/logs/heur_mslp/solutions/60R_60V_04F_05M/LR1_2_9_sol_genconfig_mslp_seed_108_alpha_15p.txt;Gurobi;AUTOMATIC;17.63;_bash_3;_seed_108_alpha_15p;4.77;1;278.9;/dados/rmelo/PDPTW-SE/benchmark_multi_floor_v3/official_experiments/multistartlp/preliminar/set_01_pt_04/logs/heur_mslp/timelines/60R_60V_04F_05M/LR1_2_9_timeline_genconfig_mslp_seed_108_alpha_15p.txt;508.59;t1;0;12370.76;false
0.15;0.03;0.05;0.07;0.0;0.03;2;/dados/rmelo/PDPTW-SE/benchmark_multi_floor_v3/official_experiments/multistartlp/preliminar/set_01_pt_04/logs/heur_mslp/outputs/csvresults_heur_mslp_bash_3.csv;0;5;1;122;1;0.0;0.5;true;62;2;LR2_2_7_t2_60R_60V_04F_05M;/dados/rmelo/PDPTW-SE/benchmark_multi_floor_v3/official_experiments/multistartlp/preliminar/set_01_pt_04/configs/genconfig_mslp.conf;genconfig_mslp;/dados/rmelo/PDPTW-SE/benchmark_multi_floor_v3/official_experiments/multistartlp/preliminar/set_01_pt_04/logs/heur_mslp/gurobi/60R_60V_04F_05M/LR2_2_7_grb_genconfig_mslp_seed_108_alpha_15p.log;random;60R_60V_04F_05M;1;8086;1;/dados/rmelo/PDPTW-SE/benchmark_multi_floor_v3/official_experiments/multistartlp/preliminar/set_01_pt_04/../../../../instances/orig_ams_fg/60R_60V_04F_06M/t2/LR2_2_7/;31756;899;0;12571.65;121;61;H;50;95;0;100.0;30.0;true;0.95;100.0;1.0;1.0;1.0;1.0;60;M;23670;23670;false;78;0.9;195.28;0.97;39;10;1000000;-1;3600;1.52;0.7;0.85;mslp;heur;0.16;0.42;-1;3600;60000;I;60;1.0;0.1;LR2_2_7;0;/dados/rmelo/PDPTW-SE/benchmark_multi_floor_v3/official_experiments/multistartlp/preliminar/set_01_pt_04/logs;0;0;0;25.46;100.0;1;108;/dados/rmelo/PDPTW-SE/benchmark_multi_floor_v3/official_experiments/multistartlp/preliminar/set_01_pt_04/logs/heur_mslp/solutions/60R_60V_04F_05M/LR2_2_7_sol_genconfig_mslp_seed_108_alpha_15p.txt;Gurobi;AUTOMATIC;17.84;_bash_3;_seed_108_alpha_15p;360.27;1;101.1;/dados/rmelo/PDPTW-SE/benchmark_multi_floor_v3/official_experiments/multistartlp/preliminar/set_01_pt_04/logs/heur_mslp/timelines/60R_60V_04F_05M/LR2_2_7_timeline_genconfig_mslp_seed_108_alpha_15p.txt;3600.12;t2;0;10718.27;false
0.15;0.01;0.06;0.07;0.0;0.0;3;/dados/rmelo/PDPTW-SE/benchmark_multi_floor_v3/official_experiments/multistartlp/preliminar/set_01_pt_04/logs/heur_mslp/outputs/csvresults_heur_mslp_bash_3.csv;0;3;1;18;1;0.0;0.5;true;10;2;lr107_t1_08R_08V_02F_03M;/dados/rmelo/PDPTW-SE/benchmark_multi_floor_v3/official_experiments/multistartlp/preliminar/set_01_pt_04/configs/genconfig_mslp.conf;genconfig_mslp;/dados/rmelo/PDPTW-SE/benchmark_multi_floor_v3/official_experiments/multistartlp/preliminar/set_01_pt_04/logs/heur_mslp/gurobi/08R_08V_02F_03M/lr107_grb_genconfig_mslp_seed_115_alpha_15p.log;random;08R_08V_02F_03M;1;0;1;/dados/rmelo/PDPTW-SE/benchmark_multi_floor_v3/official_experiments/multistartlp/preliminar/set_01_pt_04/../../../../instances/orig_ams_fg/08R_08V_02F_04M/t1/lr107/;60000;7;0;958.16;17;9;H;50;95;0;100.0;30.0;true;0.95;100.0;1.0;1.0;1.0;1.0;60;M;60000;60000;false;40;0.94;80.43;0.72;20;10;1000000;-1;3600;16.04;0.73;0.57;mslp;heur;0.47;0.3;-1;3600;60000;I;8;1.0;0.62;lr107;0;/dados/rmelo/PDPTW-SE/benchmark_multi_floor_v3/official_experiments/multistartlp/preliminar/set_01_pt_04/logs;0;0;0;0.0;100.0;1;115;/dados/rmelo/PDPTW-SE/benchmark_multi_floor_v3/official_experiments/multistartlp/preliminar/set_01_pt_04/logs/heur_mslp/solutions/08R_08V_02F_03M/lr107_sol_genconfig_mslp_seed_115_alpha_15p.txt;Gurobi;AUTOMATIC;17.42;_bash_3;_seed_115_alpha_15p;9622.45;1;0.29;/dados/rmelo/PDPTW-SE/benchmark_multi_floor_v3/official_experiments/multistartlp/preliminar/set_01_pt_04/logs/heur_mslp/timelines/08R_08V_02F_03M/lr107_timeline_genconfig_mslp_seed_115_alpha_15p.txt;101.71;t1;0;843.14;false
0.15;0.0;0.01;0.02;0.0;0.0;6;/dados/rmelo/PDPTW-SE/benchmark_multi_floor_v3/official_experiments/multistartlp/preliminar/set_01_pt_04/logs/heur_mslp/outputs/csvresults_heur_mslp_bash_3.csv;0;3;1;18;1;0.0;0.5;true;10;2;lr210_t2_08R_08V_02F_03M;/dados/rmelo/PDPTW-SE/benchmark_multi_floor_v3/official_experiments/multistartlp/preliminar/set_01_pt_04/configs/genconfig_mslp.conf;genconfig_mslp;/dados/rmelo/PDPTW-SE/benchmark_multi_floor_v3/official_experiments/multistartlp/preliminar/set_01_pt_04/logs/heur_mslp/gurobi/08R_08V_02F_03M/lr210_grb_genconfig_mslp_seed_115_alpha_15p.log;random;08R_08V_02F_03M;1;797;1;/dados/rmelo/PDPTW-SE/benchmark_multi_floor_v3/official_experiments/multistartlp/preliminar/set_01_pt_04/../../../../instances/orig_ams_fg/08R_08V_02F_04M/t2/lr210/;60000;1048;0;1403.41;17;9;H;50;95;0;100.0;30.0;true;0.95;100.0;1.0;1.0;1.0;1.0;60;M;59203;59203;false;58;0.72;75.46;1.0;29;10;1000000;-1;3600;30.87;0.72;1.0;mslp;heur;0.72;1.0;-1;3600;60000;I;8;1.0;0.12;lr210;0;/dados/rmelo/PDPTW-SE/benchmark_multi_floor_v3/official_experiments/multistartlp/preliminar/set_01_pt_04/logs;0;0;0;1.33;100.0;1;115;/dados/rmelo/PDPTW-SE/benchmark_multi_floor_v3/official_experiments/multistartlp/preliminar/set_01_pt_04/logs/heur_mslp/solutions/08R_08V_02F_03M/lr210_sol_genconfig_mslp_seed_115_alpha_15p.txt;Gurobi;AUTOMATIC;17.67;_bash_3;_seed_115_alpha_15p;18273.42;1;2.59;/dados/rmelo/PDPTW-SE/benchmark_multi_floor_v3/official_experiments/multistartlp/preliminar/set_01_pt_04/logs/heur_mslp/timelines/08R_08V_02F_03M/lr210_timeline_genconfig_mslp_seed_115_alpha_15p.txt;125.05;t2;0;719.78;false
0.15;0.1;0.19;0.29;0.0;0.05;8;/dados/rmelo/PDPTW-SE/benchmark_multi_floor_v3/official_experiments/multistartlp/preliminar/set_01_pt_04/logs/heur_mslp/outputs/csvresults_heur_mslp_bash_3.csv;0;3;1;18;1;0.0;0.5;true;10;2;lr106_t1_08R_08V_04F_03M;/dados/rmelo/PDPTW-SE/benchmark_multi_floor_v3/official_experiments/multistartlp/preliminar/set_01_pt_04/configs/genconfig_mslp.conf;genconfig_mslp;/dados/rmelo/PDPTW-SE/benchmark_multi_floor_v3/official_experiments/multistartlp/preliminar/set_01_pt_04/logs/heur_mslp/gurobi/08R_08V_04F_03M/lr106_grb_genconfig_mslp_seed_115_alpha_15p.log;random;08R_08V_04F_03M;1;17139;1;/dados/rmelo/PDPTW-SE/benchmark_multi_floor_v3/official_experiments/multistartlp/preliminar/set_01_pt_04/../../../../instances/orig_ams_fg/08R_08V_04F_04M/t1/lr106/;60000;583;0;1309.27;17;9;H;50;95;0;100.0;30.0;true;0.95;100.0;1.0;1.0;1.0;1.0;60;M;42861;42861;false;52;0.82;85.78;0.67;26;10;1000000;-1;3600;19.17;0.62;0.33;mslp;heur;0.35;0.06;-1;3600;60000;I;8;1.0;0.88;lr106;0;/dados/rmelo/PDPTW-SE/benchmark_multi_floor_v3/official_experiments/multistartlp/preliminar/set_01_pt_04/logs;0;0;0;28.56;100.0;1;115;/dados/rmelo/PDPTW-SE/benchmark_multi_floor_v3/official_experiments/multistartlp/preliminar/set_01_pt_04/logs/heur_mslp/solutions/08R_08V_04F_03M/lr106_sol_genconfig_mslp_seed_115_alpha_15p.txt;Gurobi;AUTOMATIC;17.85;_bash_3;_seed_115_alpha_15p;8218.3;1;1.2;/dados/rmelo/PDPTW-SE/benchmark_multi_floor_v3/official_experiments/multistartlp/preliminar/set_01_pt_04/logs/heur_mslp/timelines/08R_08V_04F_03M/lr106_timeline_genconfig_mslp_seed_115_alpha_15p.txt;95.33;t1;0;1010.71;false
0.15;0.01;0.03;0.04;0.0;0.0;7;/dados/rmelo/PDPTW-SE/benchmark_multi_floor_v3/official_experiments/multistartlp/preliminar/set_01_pt_04/logs/heur_mslp/outputs/csvresults_heur_mslp_bash_3.csv;0;3;1;18;1;0.0;0.5;true;10;2;lr209_t2_08R_08V_04F_03M;/dados/rmelo/PDPTW-SE/benchmark_multi_floor_v3/official_experiments/multistartlp/preliminar/set_01_pt_04/configs/genconfig_mslp.conf;genconfig_mslp;/dados/rmelo/PDPTW-SE/benchmark_multi_floor_v3/official_experiments/multistartlp/preliminar/set_01_pt_04/logs/heur_mslp/gurobi/08R_08V_04F_03M/lr209_grb_genconfig_mslp_seed_115_alpha_15p.log;random;08R_08V_04F_03M;1;0;1;/dados/rmelo/PDPTW-SE/benchmark_multi_floor_v3/official_experiments/multistartlp/preliminar/set_01_pt_04/../../../../instances/orig_ams_fg/08R_08V_04F_04M/t2/lr209/;60000;21578;0;1341.74;17;9;H;50;95;0;100.0;30.0;true;0.95;100.0;1.0;1.0;1.0;1.0;60;M;55294;60000;false;46;0.68;79.88;0.93;23;10;1000000;-1;3600;21.62;0.42;0.85;mslp;heur;0.16;0.77;-1;3600;60000;I;8;0.67;0.25;lr209;0;/dados/rmelo/PDPTW-SE/benchmark_multi_floor_v3/official_experiments/multistartlp/preliminar/set_01_pt_04/logs;0;0;0;0.0;92.16;1;115;/dados/rmelo/PDPTW-SE/benchmark_multi_floor_v3/official_experiments/multistartlp/preliminar/set_01_pt_04/logs/heur_mslp/solutions/08R_08V_04F_03M/lr209_sol_genconfig_mslp_seed_115_alpha_15p.txt;Gurobi;AUTOMATIC;17.74;_bash_3;_seed_115_alpha_15p;12970.75;1;53.82;/dados/rmelo/PDPTW-SE/benchmark_multi_floor_v3/official_experiments/multistartlp/preliminar/set_01_pt_04/logs/heur_mslp/timelines/08R_08V_04F_03M/lr209_timeline_genconfig_mslp_seed_115_alpha_15p.txt;149.56;t2;0;838.87;false
0.15;0.04;0.07;0.11;0.0;0.0;14;/dados/rmelo/PDPTW-SE/benchmark_multi_floor_v3/official_experiments/multistartlp/preliminar/set_01_pt_04/logs/heur_mslp/outputs/csvresults_heur_mslp_bash_3.csv;0;3;1;26;1;0.0;0.5;true;14;2;lr109_t1_12R_12V_02F_03M;/dados/rmelo/PDPTW-SE/benchmark_multi_floor_v3/official_experiments/multistartlp/preliminar/set_01_pt_04/configs/genconfig_mslp.conf;genconfig_mslp;/dados/rmelo/PDPTW-SE/benchmark_multi_floor_v3/official_experiments/multistartlp/preliminar/set_01_pt_04/logs/heur_mslp/gurobi/12R_12V_02F_03M/lr109_grb_genconfig_mslp_seed_115_alpha_15p.log;random;12R_12V_02F_03M;1;14390;1;/dados/rmelo/PDPTW-SE/benchmark_multi_floor_v3/official_experiments/multistartlp/preliminar/set_01_pt_04/../../../../instances/orig_ams_fg/12R_12V_02F_04M/t1/lr109/;60000;45767;0;1404.63;25;13;H;50;95;0;100.0;30.0;true;0.95;100.0;1.0;1.0;1.0;1.0;60;M;45610;45610;false;58;0.88;78.59;0.79;29;10;1000000;-1;3600;9.52;0.73;0.45;mslp;heur;0.56;0.24;-1;3600;60000;I;12;1.0;0.5;lr109;0;/dados/rmelo/PDPTW-SE/benchmark_multi_floor_v3/official_experiments/multistartlp/preliminar/set_01_pt_04/logs;0;0;0;23.98;100.0;1;115;/dados/rmelo/PDPTW-SE/benchmark_multi_floor_v3/official_experiments/multistartlp/preliminar/set_01_pt_04/logs/heur_mslp/solutions/12R_12V_02F_03M/lr109_sol_genconfig_mslp_seed_115_alpha_15p.txt;Gurobi;AUTOMATIC;17.69;_bash_3;_seed_115_alpha_15p;4341.09;1;86.71;/dados/rmelo/PDPTW-SE/benchmark_multi_floor_v3/official_experiments/multistartlp/preliminar/set_01_pt_04/logs/heur_mslp/timelines/12R_12V_02F_03M/lr109_timeline_genconfig_mslp_seed_115_alpha_15p.txt;114.15;t1;0;1008.76;false
0.15;0.0;0.02;0.02;0.0;0.0;18;/dados/rmelo/PDPTW-SE/benchmark_multi_floor_v3/official_experiments/multistartlp/preliminar/set_01_pt_04/logs/heur_mslp/outputs/csvresults_heur_mslp_bash_3.csv;0;3;1;26;1;0.0;0.5;true;14;2;lr207_t2_12R_12V_02F_03M;/dados/rmelo/PDPTW-SE/benchmark_multi_floor_v3/official_experiments/multistartlp/preliminar/set_01_pt_04/configs/genconfig_mslp.conf;genconfig_mslp;/dados/rmelo/PDPTW-SE/benchmark_multi_floor_v3/official_experiments/multistartlp/preliminar/set_01_pt_04/logs/heur_mslp/gurobi/12R_12V_02F_03M/lr207_grb_genconfig_mslp_seed_115_alpha_15p.log;random;12R_12V_02F_03M;1;0;1;/dados/rmelo/PDPTW-SE/benchmark_multi_floor_v3/official_experiments/multistartlp/preliminar/set_01_pt_04/../../../../instances/orig_ams_fg/12R_12V_02F_04M/t2/lr207/;60000;18067;0;1720.82;25;13;H;50;95;0;100.0;30.0;true;0.95;100.0;1.0;1.0;1.0;1.0;60;M;59979;60000;false;40;0.83;83.45;0.97;20;10;1000000;-1;3600;13.23;0.57;0.95;mslp;heur;0.3;0.92;-1;3600;60000;I;12;0.67;0.17;lr207;0;/dados/rmelo/PDPTW-SE/benchmark_multi_floor_v3/official_experiments/multistartlp/preliminar/set_01_pt_04/logs;0;0;0;0.0;99.96;1;115;/dados/rmelo/PDPTW-SE/benchmark_multi_floor_v3/official_experiments/multistartlp/preliminar/set_01_pt_04/logs/heur_mslp/solutions/12R_12V_02F_03M/lr207_sol_genconfig_mslp_seed_115_alpha_15p.txt;Gurobi;AUTOMATIC;18.13;_bash_3;_seed_115_alpha_15p;7940.44;1;70.76;/dados/rmelo/PDPTW-SE/benchmark_multi_floor_v3/official_experiments/multistartlp/preliminar/set_01_pt_04/logs/heur_mslp/timelines/12R_12V_02F_03M/lr207_timeline_genconfig_mslp_seed_115_alpha_15p.txt;233.3;t2;0;1130.83;false
0.15;0.2;0.29;0.49;0.0;0.01;9;/dados/rmelo/PDPTW-SE/benchmark_multi_floor_v3/official_experiments/multistartlp/preliminar/set_01_pt_04/logs/heur_mslp/outputs/csvresults_heur_mslp_bash_3.csv;0;3;1;26;1;0.0;0.5;true;14;2;lr106_t1_12R_12V_04F_03M;/dados/rmelo/PDPTW-SE/benchmark_multi_floor_v3/official_experiments/multistartlp/preliminar/set_01_pt_04/configs/genconfig_mslp.conf;genconfig_mslp;/dados/rmelo/PDPTW-SE/benchmark_multi_floor_v3/official_experiments/multistartlp/preliminar/set_01_pt_04/logs/heur_mslp/gurobi/12R_12V_04F_03M/lr106_grb_genconfig_mslp_seed_115_alpha_15p.log;random;12R_12V_04F_03M;1;41839;1;/dados/rmelo/PDPTW-SE/benchmark_multi_floor_v3/official_experiments/multistartlp/preliminar/set_01_pt_04/../../../../instances/orig_ams_fg/12R_12V_04F_04M/t1/lr106/;60000;23444;0;1855.6;25;13;H;50;95;0;100.0;30.0;true;0.95;100.0;1.0;1.0;1.0;1.0;60;M;18161;18161;false;52;1.0;86.16;1.0;26;10;1000000;-1;3600;11.5;0.68;0.43;mslp;heur;0.41;0.17;-1;3600;60000;I;12;1.0;0.75;lr106;0;/dados/rmelo/PDPTW-SE/benchmark_multi_floor_v3/official_experiments/multistartlp/preliminar/set_01_pt_04/logs;0;0;0;69.73;100.0;1;115;/dados/rmelo/PDPTW-SE/benchmark_multi_floor_v3/official_experiments/multistartlp/preliminar/set_01_pt_04/logs/heur_mslp/solutions/12R_12V_04F_03M/lr106_sol_genconfig_mslp_seed_115_alpha_15p.txt;Gurobi;AUTOMATIC;17.62;_bash_3;_seed_115_alpha_15p;2087.8;1;29.87;/dados/rmelo/PDPTW-SE/benchmark_multi_floor_v3/official_experiments/multistartlp/preliminar/set_01_pt_04/logs/heur_mslp/timelines/12R_12V_04F_03M/lr106_timeline_genconfig_mslp_seed_115_alpha_15p.txt;75.79;t1;0;1416.13;false
0.15;0.01;0.03;0.04;0.0;0.0;11;/dados/rmelo/PDPTW-SE/benchmark_multi_floor_v3/official_experiments/multistartlp/preliminar/set_01_pt_04/logs/heur_mslp/outputs/csvresults_heur_mslp_bash_3.csv;0;3;1;26;1;0.0;0.5;true;14;2;lr209_t2_12R_12V_04F_03M;/dados/rmelo/PDPTW-SE/benchmark_multi_floor_v3/official_experiments/multistartlp/preliminar/set_01_pt_04/configs/genconfig_mslp.conf;genconfig_mslp;/dados/rmelo/PDPTW-SE/benchmark_multi_floor_v3/official_experiments/multistartlp/preliminar/set_01_pt_04/logs/heur_mslp/gurobi/12R_12V_04F_03M/lr209_grb_genconfig_mslp_seed_115_alpha_15p.log;random;12R_12V_04F_03M;1;0;1;/dados/rmelo/PDPTW-SE/benchmark_multi_floor_v3/official_experiments/multistartlp/preliminar/set_01_pt_04/../../../../instances/orig_ams_fg/12R_12V_04F_04M/t2/lr209/;60000;47355;0;2107.91;25;13;H;50;95;0;100.0;30.0;true;0.95;100.0;1.0;1.0;1.0;1.0;60;M;60000;60000;false;46;0.84;91.85;1.0;23;10;1000000;-1;3600;14.08;0.6;0.92;mslp;heur;0.35;0.83;-1;3600;60000;I;12;1.0;0.17;lr209;0;/dados/rmelo/PDPTW-SE/benchmark_multi_floor_v3/official_experiments/multistartlp/preliminar/set_01_pt_04/logs;0;0;0;0.0;100.0;1;115;/dados/rmelo/PDPTW-SE/benchmark_multi_floor_v3/official_experiments/multistartlp/preliminar/set_01_pt_04/logs/heur_mslp/solutions/12R_12V_04F_03M/lr209_sol_genconfig_mslp_seed_115_alpha_15p.txt;Gurobi;AUTOMATIC;17.57;_bash_3;_seed_115_alpha_15p;8445.5;1;192.45;/dados/rmelo/PDPTW-SE/benchmark_multi_floor_v3/official_experiments/multistartlp/preliminar/set_01_pt_04/logs/heur_mslp/timelines/12R_12V_04F_03M/lr209_timeline_genconfig_mslp_seed_115_alpha_15p.txt;243.25;t2;0;1192.85;false
0.15;0.02;0.04;0.06;0.0;0.08;3;/dados/rmelo/PDPTW-SE/benchmark_multi_floor_v3/official_experiments/multistartlp/preliminar/set_01_pt_04/logs/heur_mslp/outputs/csvresults_heur_mslp_bash_3.csv;0;5;1;82;1;0.0;0.5;true;42;2;LR1_2_6_t1_40R_40V_02F_05M;/dados/rmelo/PDPTW-SE/benchmark_multi_floor_v3/official_experiments/multistartlp/preliminar/set_01_pt_04/configs/genconfig_mslp.conf;genconfig_mslp;/dados/rmelo/PDPTW-SE/benchmark_multi_floor_v3/official_experiments/multistartlp/preliminar/set_01_pt_04/logs/heur_mslp/gurobi/40R_40V_02F_05M/LR1_2_6_grb_genconfig_mslp_seed_115_alpha_15p.log;random;40R_40V_02F_05M;1;59136;1;/dados/rmelo/PDPTW-SE/benchmark_multi_floor_v3/official_experiments/multistartlp/preliminar/set_01_pt_04/../../../../instances/orig_ams_fg/40R_40V_02F_06M/t1/LR1_2_6/;60000;50460;0;9203.74;81;41;H;50;95;0;100.0;30.0;true;0.95;100.0;1.0;1.0;1.0;1.0;60;M;864;864;false;72;0.99;184.05;0.88;36;10;1000000;-1;3600;4.31;0.4;0.52;mslp;heur;0.16;0.1;-1;3600;60000;I;40;1.0;0.42;LR1_2_6;0;/dados/rmelo/PDPTW-SE/benchmark_multi_floor_v3/official_experiments/multistartlp/preliminar/set_01_pt_04/logs;0;0;0;98.56;100.0;1;115;/dados/rmelo/PDPTW-SE/benchmark_multi_floor_v3/official_experiments/multistartlp/preliminar/set_01_pt_04/logs/heur_mslp/solutions/40R_40V_02F_05M/LR1_2_6_sol_genconfig_mslp_seed_115_alpha_15p.txt;Gurobi;AUTOMATIC;17.95;_bash_3;_seed_115_alpha_15p;37.22;1;174.18;/dados/rmelo/PDPTW-SE/benchmark_multi_floor_v3/official_experiments/multistartlp/preliminar/set_01_pt_04/logs/heur_mslp/timelines/40R_40V_02F_05M/LR1_2_6_timeline_genconfig_mslp_seed_115_alpha_15p.txt;207.17;t1;0;7770.95;false
0.15;0.0;0.01;0.02;0.01;0.07;12;/dados/rmelo/PDPTW-SE/benchmark_multi_floor_v3/official_experiments/multistartlp/preliminar/set_01_pt_04/logs/heur_mslp/outputs/csvresults_heur_mslp_bash_3.csv;0;5;1;82;1;0.0;0.5;true;42;2;LR2_2_9_t2_40R_40V_02F_05M;/dados/rmelo/PDPTW-SE/benchmark_multi_floor_v3/official_experiments/multistartlp/preliminar/set_01_pt_04/configs/genconfig_mslp.conf;genconfig_mslp;/dados/rmelo/PDPTW-SE/benchmark_multi_floor_v3/official_experiments/multistartlp/preliminar/set_01_pt_04/logs/heur_mslp/gurobi/40R_40V_02F_05M/LR2_2_9_grb_genconfig_mslp_seed_115_alpha_15p.log;random;40R_40V_02F_05M;1;0;1;/dados/rmelo/PDPTW-SE/benchmark_multi_floor_v3/official_experiments/multistartlp/preliminar/set_01_pt_04/../../../../instances/orig_ams_fg/40R_40V_02F_06M/t2/LR2_2_9/;60000;57860;0;13321.25;81;41;H;50;95;0;100.0;30.0;true;0.95;100.0;1.0;1.0;1.0;1.0;60;M;60000;60000;false;74;0.76;179.34;0.99;37;10;1000000;-1;3600;7.3;0.66;0.96;mslp;heur;0.4;0.95;-1;3600;60000;I;40;1.0;0.12;LR2_2_9;0;/dados/rmelo/PDPTW-SE/benchmark_multi_floor_v3/official_experiments/multistartlp/preliminar/set_01_pt_04/logs;0;0;0;0.0;100.0;1;115;/dados/rmelo/PDPTW-SE/benchmark_multi_floor_v3/official_experiments/multistartlp/preliminar/set_01_pt_04/logs/heur_mslp/solutions/40R_40V_02F_05M/LR2_2_9_sol_genconfig_mslp_seed_115_alpha_15p.txt;Gurobi;AUTOMATIC;17.6;_bash_3;_seed_115_alpha_15p;4381.07;1;1216.97;/dados/rmelo/PDPTW-SE/benchmark_multi_floor_v3/official_experiments/multistartlp/preliminar/set_01_pt_04/logs/heur_mslp/timelines/40R_40V_02F_05M/LR2_2_9_timeline_genconfig_mslp_seed_115_alpha_15p.txt;1261.74;t2;0;8358.4;false
0.15;0.1;0.15;0.26;0.0;0.04;7;/dados/rmelo/PDPTW-SE/benchmark_multi_floor_v3/official_experiments/multistartlp/preliminar/set_01_pt_04/logs/heur_mslp/outputs/csvresults_heur_mslp_bash_3.csv;0;5;1;82;1;0.0;0.5;true;42;2;LR1_2_10_t1_40R_40V_04F_05M;/dados/rmelo/PDPTW-SE/benchmark_multi_floor_v3/official_experiments/multistartlp/preliminar/set_01_pt_04/configs/genconfig_mslp.conf;genconfig_mslp;/dados/rmelo/PDPTW-SE/benchmark_multi_floor_v3/official_experiments/multistartlp/preliminar/set_01_pt_04/logs/heur_mslp/gurobi/40R_40V_04F_05M/LR1_2_10_grb_genconfig_mslp_seed_115_alpha_15p.log;random;40R_40V_04F_05M;1;59468;1;/dados/rmelo/PDPTW-SE/benchmark_multi_floor_v3/official_experiments/multistartlp/preliminar/set_01_pt_04/../../../../instances/orig_ams_fg/40R_40V_04F_06M/t1/LR1_2_10/;60000;21489;0;8116.75;81;41;H;50;95;0;100.0;30.0;true;0.95;100.0;1.0;1.0;1.0;1.0;60;M;532;532;false;72;0.96;178.35;0.95;36;10;1000000;-1;3600;6.21;0.66;0.54;mslp;heur;0.34;0.17;-1;3600;60000;I;40;1.0;0.45;LR1_2_10;0;/dados/rmelo/PDPTW-SE/benchmark_multi_floor_v3/official_experiments/multistartlp/preliminar/set_01_pt_04/logs;0;0;0;99.11;100.0;1;115;/dados/rmelo/PDPTW-SE/benchmark_multi_floor_v3/official_experiments/multistartlp/preliminar/set_01_pt_04/logs/heur_mslp/solutions/40R_40V_04F_05M/LR1_2_10_sol_genconfig_mslp_seed_115_alpha_15p.txt;Gurobi;AUTOMATIC;17.82;_bash_3;_seed_115_alpha_15p;33.03;1;96.84;/dados/rmelo/PDPTW-SE/benchmark_multi_floor_v3/official_experiments/multistartlp/preliminar/set_01_pt_04/logs/heur_mslp/timelines/40R_40V_04F_05M/LR1_2_10_timeline_genconfig_mslp_seed_115_alpha_15p.txt;269.3;t1;0;7502.21;false
0.15;0.02;0.03;0.05;0.01;0.04;9;/dados/rmelo/PDPTW-SE/benchmark_multi_floor_v3/official_experiments/multistartlp/preliminar/set_01_pt_04/logs/heur_mslp/outputs/csvresults_heur_mslp_bash_3.csv;0;5;1;82;1;0.0;0.5;true;42;2;LR2_2_6_t2_40R_40V_04F_05M;/dados/rmelo/PDPTW-SE/benchmark_multi_floor_v3/official_experiments/multistartlp/preliminar/set_01_pt_04/configs/genconfig_mslp.conf;genconfig_mslp;/dados/rmelo/PDPTW-SE/benchmark_multi_floor_v3/official_experiments/multistartlp/preliminar/set_01_pt_04/logs/heur_mslp/gurobi/40R_40V_04F_05M/LR2_2_6_grb_genconfig_mslp_seed_115_alpha_15p.log;random;40R_40V_04F_05M;1;0;1;/dados/rmelo/PDPTW-SE/benchmark_multi_floor_v3/official_experiments/multistartlp/preliminar/set_01_pt_04/../../../../instances/orig_ams_fg/40R_40V_04F_06M/t2/LR2_2_6/;60000;52965;0;10076.84;81;41;H;50;95;0;100.0;30.0;true;0.95;100.0;1.0;1.0;1.0;1.0;60;M;60000;60000;false;80;0.88;192.66;1.0;40;10;1000000;-1;3600;3.24;0.79;0.98;mslp;heur;0.71;0.97;-1;3600;60000;I;40;1.0;0.1;LR2_2_6;0;/dados/rmelo/PDPTW-SE/benchmark_multi_floor_v3/official_experiments/multistartlp/preliminar/set_01_pt_04/logs;0;0;0;0.0;100.0;1;115;/dados/rmelo/PDPTW-SE/benchmark_multi_floor_v3/official_experiments/multistartlp/preliminar/set_01_pt_04/logs/heur_mslp/solutions/40R_40V_04F_05M/LR2_2_6_sol_genconfig_mslp_seed_115_alpha_15p.txt;Gurobi;AUTOMATIC;17.61;_bash_3;_seed_115_alpha_15p;1942.38;1;2225.03;/dados/rmelo/PDPTW-SE/benchmark_multi_floor_v3/official_experiments/multistartlp/preliminar/set_01_pt_04/logs/heur_mslp/timelines/40R_40V_04F_05M/LR2_2_6_timeline_genconfig_mslp_seed_115_alpha_15p.txt;2520.26;t2;0;7990.14;false
0.15;0.04;0.08;0.12;0.0;0.05;5;/dados/rmelo/PDPTW-SE/benchmark_multi_floor_v3/official_experiments/multistartlp/preliminar/set_01_pt_04/logs/heur_mslp/outputs/csvresults_heur_mslp_bash_3.csv;0;5;1;122;1;0.0;0.5;true;62;2;LR1_2_6_t1_60R_60V_02F_05M;/dados/rmelo/PDPTW-SE/benchmark_multi_floor_v3/official_experiments/multistartlp/preliminar/set_01_pt_04/configs/genconfig_mslp.conf;genconfig_mslp;/dados/rmelo/PDPTW-SE/benchmark_multi_floor_v3/official_experiments/multistartlp/preliminar/set_01_pt_04/logs/heur_mslp/gurobi/60R_60V_02F_05M/LR1_2_6_grb_genconfig_mslp_seed_115_alpha_15p.log;random;60R_60V_02F_05M;1;57973;1;/dados/rmelo/PDPTW-SE/benchmark_multi_floor_v3/official_experiments/multistartlp/preliminar/set_01_pt_04/../../../../instances/orig_ams_fg/60R_60V_02F_06M/t1/LR1_2_6/;60000;33133;0;12182.02;121;61;H;50;95;0;100.0;30.0;true;0.95;100.0;1.0;1.0;1.0;1.0;60;M;2027;2027;false;82;0.96;191.73;0.99;41;10;1000000;-1;3600;4.96;0.66;0.49;mslp;heur;0.26;0.11;-1;3600;60000;I;60;1.0;0.4;LR1_2_6;0;/dados/rmelo/PDPTW-SE/benchmark_multi_floor_v3/official_experiments/multistartlp/preliminar/set_01_pt_04/logs;0;0;0;96.62;100.0;1;115;/dados/rmelo/PDPTW-SE/benchmark_multi_floor_v3/official_experiments/multistartlp/preliminar/set_01_pt_04/logs/heur_mslp/solutions/60R_60V_02F_05M/LR1_2_6_sol_genconfig_mslp_seed_115_alpha_15p.txt;Gurobi;AUTOMATIC;17.41;_bash_3;_seed_115_alpha_15p;100.53;1;259.74;/dados/rmelo/PDPTW-SE/benchmark_multi_floor_v3/official_experiments/multistartlp/preliminar/set_01_pt_04/logs/heur_mslp/timelines/60R_60V_02F_05M/LR1_2_6_timeline_genconfig_mslp_seed_115_alpha_15p.txt;474.45;t1;0;10084.05;false
0.15;0.01;0.02;0.03;0.02;0.02;4;/dados/rmelo/PDPTW-SE/benchmark_multi_floor_v3/official_experiments/multistartlp/preliminar/set_01_pt_04/logs/heur_mslp/outputs/csvresults_heur_mslp_bash_3.csv;0;5;1;122;1;0.0;0.5;true;62;2;LR2_2_6_t2_60R_60V_02F_05M;/dados/rmelo/PDPTW-SE/benchmark_multi_floor_v3/official_experiments/multistartlp/preliminar/set_01_pt_04/configs/genconfig_mslp.conf;genconfig_mslp;/dados/rmelo/PDPTW-SE/benchmark_multi_floor_v3/official_experiments/multistartlp/preliminar/set_01_pt_04/logs/heur_mslp/gurobi/60R_60V_02F_05M/LR2_2_6_grb_genconfig_mslp_seed_115_alpha_15p.log;random;60R_60V_02F_05M;1;0;1;/dados/rmelo/PDPTW-SE/benchmark_multi_floor_v3/official_experiments/multistartlp/preliminar/set_01_pt_04/../../../../instances/orig_ams_fg/60R_60V_02F_06M/t2/LR2_2_6/;55001;41187;0;13991.56;121;61;H;50;95;0;100.0;30.0;true;0.95;100.0;1.0;1.0;1.0;1.0;60;M;55001;55001;false;80;0.88;185.63;1.0;40;10;1000000;-1;3600;5.32;0.71;0.96;mslp;heur;0.23;0.85;-1;3600;60000;I;60;1.0;0.1;LR2_2_6;0;/dados/rmelo/PDPTW-SE/benchmark_multi_floor_v3/official_experiments/multistartlp/preliminar/set_01_pt_04/logs;0;0;0;0.0;100.0;1;115;/dados/rmelo/PDPTW-SE/benchmark_multi_floor_v3/official_experiments/multistartlp/preliminar/set_01_pt_04/logs/heur_mslp/solutions/60R_60V_02F_05M/LR2_2_6_sol_genconfig_mslp_seed_115_alpha_15p.txt;Gurobi;AUTOMATIC;17.53;_bash_3;_seed_115_alpha_15p;2926.92;1;2698.08;/dados/rmelo/PDPTW-SE/benchmark_multi_floor_v3/official_experiments/multistartlp/preliminar/set_01_pt_04/logs/heur_mslp/timelines/60R_60V_02F_05M/LR2_2_6_timeline_genconfig_mslp_seed_115_alpha_15p.txt;3600.04;t2;0;10871.2;false
0.15;0.15;0.21;0.36;0.0;0.05;6;/dados/rmelo/PDPTW-SE/benchmark_multi_floor_v3/official_experiments/multistartlp/preliminar/set_01_pt_04/logs/heur_mslp/outputs/csvresults_heur_mslp_bash_3.csv;0;5;1;122;1;0.0;0.5;true;62;2;LR1_2_9_t1_60R_60V_04F_05M;/dados/rmelo/PDPTW-SE/benchmark_multi_floor_v3/official_experiments/multistartlp/preliminar/set_01_pt_04/configs/genconfig_mslp.conf;genconfig_mslp;/dados/rmelo/PDPTW-SE/benchmark_multi_floor_v3/official_experiments/multistartlp/preliminar/set_01_pt_04/logs/heur_mslp/gurobi/60R_60V_04F_05M/LR1_2_9_grb_genconfig_mslp_seed_115_alpha_15p.log;random;60R_60V_04F_05M;1;59945;1;/dados/rmelo/PDPTW-SE/benchmark_multi_floor_v3/official_experiments/multistartlp/preliminar/set_01_pt_04/../../../../instances/orig_ams_fg/60R_60V_04F_06M/t1/LR1_2_9/;60000;51183;0;14148.91;121;61;H;50;95;0;100.0;30.0;true;0.95;100.0;1.0;1.0;1.0;1.0;60;M;55;55;false;86;0.97;198.99;0.98;43;10;1000000;-1;3600;7.76;0.64;0.48;mslp;heur;0.35;0.12;-1;3600;60000;I;60;1.0;0.47;LR1_2_9;0;/dados/rmelo/PDPTW-SE/benchmark_multi_floor_v3/official_experiments/multistartlp/preliminar/set_01_pt_04/logs;0;0;0;99.91;100.0;1;115;/dados/rmelo/PDPTW-SE/benchmark_multi_floor_v3/official_experiments/multistartlp/preliminar/set_01_pt_04/logs/heur_mslp/solutions/60R_60V_04F_05M/LR1_2_9_sol_genconfig_mslp_seed_115_alpha_15p.txt;Gurobi;AUTOMATIC;17.42;_bash_3;_seed_115_alpha_15p;4.27;1;436.43;/dados/rmelo/PDPTW-SE/benchmark_multi_floor_v3/official_experiments/multistartlp/preliminar/set_01_pt_04/logs/heur_mslp/timelines/60R_60V_04F_05M/LR1_2_9_timeline_genconfig_mslp_seed_115_alpha_15p.txt;511.48;t1;0;12392.66;false
0.15;0.03;0.05;0.07;0.0;0.0;1;/dados/rmelo/PDPTW-SE/benchmark_multi_floor_v3/official_experiments/multistartlp/preliminar/set_01_pt_04/logs/heur_mslp/outputs/csvresults_heur_mslp_bash_3.csv;0;5;1;122;1;0.0;0.5;true;62;2;LR2_2_7_t2_60R_60V_04F_05M;/dados/rmelo/PDPTW-SE/benchmark_multi_floor_v3/official_experiments/multistartlp/preliminar/set_01_pt_04/configs/genconfig_mslp.conf;genconfig_mslp;/dados/rmelo/PDPTW-SE/benchmark_multi_floor_v3/official_experiments/multistartlp/preliminar/set_01_pt_04/logs/heur_mslp/gurobi/60R_60V_04F_05M/LR2_2_7_grb_genconfig_mslp_seed_115_alpha_15p.log;random;60R_60V_04F_05M;1;7779;1;/dados/rmelo/PDPTW-SE/benchmark_multi_floor_v3/official_experiments/multistartlp/preliminar/set_01_pt_04/../../../../instances/orig_ams_fg/60R_60V_04F_06M/t2/LR2_2_7/;31687;1;0;13334.55;121;61;H;50;95;0;100.0;30.0;true;0.95;100.0;1.0;1.0;1.0;1.0;60;M;23908;23908;false;78;0.89;195.28;1.0;39;10;1000000;-1;3600;1.51;0.71;0.92;mslp;heur;0.18;0.68;-1;3600;60000;I;60;1.0;0.1;LR2_2_7;0;/dados/rmelo/PDPTW-SE/benchmark_multi_floor_v3/official_experiments/multistartlp/preliminar/set_01_pt_04/logs;0;0;0;24.55;100.0;1;115;/dados/rmelo/PDPTW-SE/benchmark_multi_floor_v3/official_experiments/multistartlp/preliminar/set_01_pt_04/logs/heur_mslp/solutions/60R_60V_04F_05M/LR2_2_7_sol_genconfig_mslp_seed_115_alpha_15p.txt;Gurobi;AUTOMATIC;17.63;_bash_3;_seed_115_alpha_15p;361.24;1;0.13;/dados/rmelo/PDPTW-SE/benchmark_multi_floor_v3/official_experiments/multistartlp/preliminar/set_01_pt_04/logs/heur_mslp/timelines/60R_60V_04F_05M/LR2_2_7_timeline_genconfig_mslp_seed_115_alpha_15p.txt;3600.02;t2;0;10775.82;false
0.15;0.01;0.06;0.07;0.0;0.0;3;/dados/rmelo/PDPTW-SE/benchmark_multi_floor_v3/official_experiments/multistartlp/preliminar/set_01_pt_04/logs/heur_mslp/outputs/csvresults_heur_mslp_bash_3.csv;0;3;1;18;1;0.0;0.5;true;10;2;lr107_t1_08R_08V_02F_03M;/dados/rmelo/PDPTW-SE/benchmark_multi_floor_v3/official_experiments/multistartlp/preliminar/set_01_pt_04/configs/genconfig_mslp.conf;genconfig_mslp;/dados/rmelo/PDPTW-SE/benchmark_multi_floor_v3/official_experiments/multistartlp/preliminar/set_01_pt_04/logs/heur_mslp/gurobi/08R_08V_02F_03M/lr107_grb_genconfig_mslp_seed_122_alpha_15p.log;random;08R_08V_02F_03M;1;0;1;/dados/rmelo/PDPTW-SE/benchmark_multi_floor_v3/official_experiments/multistartlp/preliminar/set_01_pt_04/../../../../instances/orig_ams_fg/08R_08V_02F_04M/t1/lr107/;60000;14;0;1113.95;17;9;H;50;95;0;100.0;30.0;true;0.95;100.0;1.0;1.0;1.0;1.0;60;M;60000;60000;false;40;0.94;80.43;0.73;20;10;1000000;-1;3600;16.02;0.73;0.6;mslp;heur;0.47;0.46;-1;3600;60000;I;8;1.0;0.62;lr107;0;/dados/rmelo/PDPTW-SE/benchmark_multi_floor_v3/official_experiments/multistartlp/preliminar/set_01_pt_04/logs;0;0;0;0.0;100.0;1;122;/dados/rmelo/PDPTW-SE/benchmark_multi_floor_v3/official_experiments/multistartlp/preliminar/set_01_pt_04/logs/heur_mslp/solutions/08R_08V_02F_03M/lr107_sol_genconfig_mslp_seed_122_alpha_15p.txt;Gurobi;AUTOMATIC;17.47;_bash_3;_seed_122_alpha_15p;9609.46;1;0.33;/dados/rmelo/PDPTW-SE/benchmark_multi_floor_v3/official_experiments/multistartlp/preliminar/set_01_pt_04/logs/heur_mslp/timelines/08R_08V_02F_03M/lr107_timeline_genconfig_mslp_seed_122_alpha_15p.txt;99.45;t1;0;843.14;false
0.15;0.0;0.01;0.02;0.0;0.0;5;/dados/rmelo/PDPTW-SE/benchmark_multi_floor_v3/official_experiments/multistartlp/preliminar/set_01_pt_04/logs/heur_mslp/outputs/csvresults_heur_mslp_bash_3.csv;0;3;1;18;1;0.0;0.5;true;10;2;lr210_t2_08R_08V_02F_03M;/dados/rmelo/PDPTW-SE/benchmark_multi_floor_v3/official_experiments/multistartlp/preliminar/set_01_pt_04/configs/genconfig_mslp.conf;genconfig_mslp;/dados/rmelo/PDPTW-SE/benchmark_multi_floor_v3/official_experiments/multistartlp/preliminar/set_01_pt_04/logs/heur_mslp/gurobi/08R_08V_02F_03M/lr210_grb_genconfig_mslp_seed_122_alpha_15p.log;random;08R_08V_02F_03M;1;812;1;/dados/rmelo/PDPTW-SE/benchmark_multi_floor_v3/official_experiments/multistartlp/preliminar/set_01_pt_04/../../../../instances/orig_ams_fg/08R_08V_02F_04M/t2/lr210/;60000;3129;0;936.2;17;9;H;50;95;0;100.0;30.0;true;0.95;100.0;1.0;1.0;1.0;1.0;60;M;59188;59188;false;58;0.72;75.46;1.0;29;10;1000000;-1;3600;30.83;0.72;1.0;mslp;heur;0.72;1.0;-1;3600;60000;I;8;1.0;0.12;lr210;0;/dados/rmelo/PDPTW-SE/benchmark_multi_floor_v3/official_experiments/multistartlp/preliminar/set_01_pt_04/logs;0;0;0;1.35;100.0;1;122;/dados/rmelo/PDPTW-SE/benchmark_multi_floor_v3/official_experiments/multistartlp/preliminar/set_01_pt_04/logs/heur_mslp/solutions/08R_08V_02F_03M/lr210_sol_genconfig_mslp_seed_122_alpha_15p.txt;Gurobi;AUTOMATIC;17.58;_bash_3;_seed_122_alpha_15p;18250.08;1;6.83;/dados/rmelo/PDPTW-SE/benchmark_multi_floor_v3/official_experiments/multistartlp/preliminar/set_01_pt_04/logs/heur_mslp/timelines/08R_08V_02F_03M/lr210_timeline_genconfig_mslp_seed_122_alpha_15p.txt;122.69;t2;0;719.78;false
0.15;0.1;0.19;0.29;0.0;0.05;9;/dados/rmelo/PDPTW-SE/benchmark_multi_floor_v3/official_experiments/multistartlp/preliminar/set_01_pt_04/logs/heur_mslp/outputs/csvresults_heur_mslp_bash_3.csv;0;3;1;18;1;0.0;0.5;true;10;2;lr106_t1_08R_08V_04F_03M;/dados/rmelo/PDPTW-SE/benchmark_multi_floor_v3/official_experiments/multistartlp/preliminar/set_01_pt_04/configs/genconfig_mslp.conf;genconfig_mslp;/dados/rmelo/PDPTW-SE/benchmark_multi_floor_v3/official_experiments/multistartlp/preliminar/set_01_pt_04/logs/heur_mslp/gurobi/08R_08V_04F_03M/lr106_grb_genconfig_mslp_seed_122_alpha_15p.log;random;08R_08V_04F_03M;1;17148;1;/dados/rmelo/PDPTW-SE/benchmark_multi_floor_v3/official_experiments/multistartlp/preliminar/set_01_pt_04/../../../../instances/orig_ams_fg/08R_08V_04F_04M/t1/lr106/;60000;2207;0;1313.42;17;9;H;50;95;0;100.0;30.0;true;0.95;100.0;1.0;1.0;1.0;1.0;60;M;42852;42852;false;52;0.82;85.78;0.81;26;10;1000000;-1;3600;19.16;0.62;0.36;mslp;heur;0.35;0.06;-1;3600;60000;I;8;1.0;0.88;lr106;0;/dados/rmelo/PDPTW-SE/benchmark_multi_floor_v3/official_experiments/multistartlp/preliminar/set_01_pt_04/logs;0;0;0;28.58;100.0;1;122;/dados/rmelo/PDPTW-SE/benchmark_multi_floor_v3/official_experiments/multistartlp/preliminar/set_01_pt_04/logs/heur_mslp/solutions/08R_08V_04F_03M/lr106_sol_genconfig_mslp_seed_122_alpha_15p.txt;Gurobi;AUTOMATIC;17.89;_bash_3;_seed_122_alpha_15p;8208.44;1;3.78;/dados/rmelo/PDPTW-SE/benchmark_multi_floor_v3/official_experiments/multistartlp/preliminar/set_01_pt_04/logs/heur_mslp/timelines/08R_08V_04F_03M/lr106_timeline_genconfig_mslp_seed_122_alpha_15p.txt;96.71;t1;0;1010.71;false
0.15;0.01;0.03;0.04;0.0;0.0;11;/dados/rmelo/PDPTW-SE/benchmark_multi_floor_v3/official_experiments/multistartlp/preliminar/set_01_pt_04/logs/heur_mslp/outputs/csvresults_heur_mslp_bash_3.csv;0;3;1;18;1;0.0;0.5;true;10;2;lr209_t2_08R_08V_04F_03M;/dados/rmelo/PDPTW-SE/benchmark_multi_floor_v3/official_experiments/multistartlp/preliminar/set_01_pt_04/configs/genconfig_mslp.conf;genconfig_mslp;/dados/rmelo/PDPTW-SE/benchmark_multi_floor_v3/official_experiments/multistartlp/preliminar/set_01_pt_04/logs/heur_mslp/gurobi/08R_08V_04F_03M/lr209_grb_genconfig_mslp_seed_122_alpha_15p.log;random;08R_08V_04F_03M;1;0;1;/dados/rmelo/PDPTW-SE/benchmark_multi_floor_v3/official_experiments/multistartlp/preliminar/set_01_pt_04/../../../../instances/orig_ams_fg/08R_08V_04F_04M/t2/lr209/;60000;7111;0;1398.89;17;9;H;50;95;0;100.0;30.0;true;0.95;100.0;1.0;1.0;1.0;1.0;60;M;55250;60000;false;46;0.68;79.88;0.93;23;10;1000000;-1;3600;21.56;0.42;0.72;mslp;heur;0.16;0.5;-1;3600;60000;I;8;0.67;0.25;lr209;0;/dados/rmelo/PDPTW-SE/benchmark_multi_floor_v3/official_experiments/multistartlp/preliminar/set_01_pt_04/logs;0;0;0;0.0;92.08;1;122;/dados/rmelo/PDPTW-SE/benchmark_multi_floor_v3/official_experiments/multistartlp/preliminar/set_01_pt_04/logs/heur_mslp/solutions/08R_08V_04F_03M/lr209_sol_genconfig_mslp_seed_122_alpha_15p.txt;Gurobi;AUTOMATIC;17.72;_bash_3;_seed_122_alpha_15p;12934.86;1;18.27;/dados/rmelo/PDPTW-SE/benchmark_multi_floor_v3/official_experiments/multistartlp/preliminar/set_01_pt_04/logs/heur_mslp/timelines/08R_08V_04F_03M/lr209_timeline_genconfig_mslp_seed_122_alpha_15p.txt;148.68;t2;0;838.87;false
0.15;0.04;0.07;0.11;0.0;0.0;12;/dados/rmelo/PDPTW-SE/benchmark_multi_floor_v3/official_experiments/multistartlp/preliminar/set_01_pt_04/logs/heur_mslp/outputs/csvresults_heur_mslp_bash_3.csv;0;3;1;26;1;0.0;0.5;true;14;2;lr109_t1_12R_12V_02F_03M;/dados/rmelo/PDPTW-SE/benchmark_multi_floor_v3/official_experiments/multistartlp/preliminar/set_01_pt_04/configs/genconfig_mslp.conf;genconfig_mslp;/dados/rmelo/PDPTW-SE/benchmark_multi_floor_v3/official_experiments/multistartlp/preliminar/set_01_pt_04/logs/heur_mslp/gurobi/12R_12V_02F_03M/lr109_grb_genconfig_mslp_seed_122_alpha_15p.log;random;12R_12V_02F_03M;1;14235;1;/dados/rmelo/PDPTW-SE/benchmark_multi_floor_v3/official_experiments/multistartlp/preliminar/set_01_pt_04/../../../../instances/orig_ams_fg/12R_12V_02F_04M/t1/lr109/;60000;32872;0;1245.64;25;13;H;50;95;0;100.0;30.0;true;0.95;100.0;1.0;1.0;1.0;1.0;60;M;45765;45765;false;58;0.88;78.59;0.95;29;10;1000000;-1;3600;9.51;0.73;0.5;mslp;heur;0.56;0.24;-1;3600;60000;I;12;1.0;0.5;lr109;0;/dados/rmelo/PDPTW-SE/benchmark_multi_floor_v3/official_experiments/multistartlp/preliminar/set_01_pt_04/logs;0;0;0;23.72;100.0;1;122;/dados/rmelo/PDPTW-SE/benchmark_multi_floor_v3/official_experiments/multistartlp/preliminar/set_01_pt_04/logs/heur_mslp/solutions/12R_12V_02F_03M/lr109_sol_genconfig_mslp_seed_122_alpha_15p.txt;Gurobi;AUTOMATIC;17.91;_bash_3;_seed_122_alpha_15p;4351.23;1;63.31;/dados/rmelo/PDPTW-SE/benchmark_multi_floor_v3/official_experiments/multistartlp/preliminar/set_01_pt_04/logs/heur_mslp/timelines/12R_12V_02F_03M/lr109_timeline_genconfig_mslp_seed_122_alpha_15p.txt;115.88;t1;0;1008.76;false
0.15;0.01;0.02;0.03;0.0;0.0;14;/dados/rmelo/PDPTW-SE/benchmark_multi_floor_v3/official_experiments/multistartlp/preliminar/set_01_pt_04/logs/heur_mslp/outputs/csvresults_heur_mslp_bash_3.csv;0;3;1;26;1;0.0;0.5;true;14;2;lr207_t2_12R_12V_02F_03M;/dados/rmelo/PDPTW-SE/benchmark_multi_floor_v3/official_experiments/multistartlp/preliminar/set_01_pt_04/configs/genconfig_mslp.conf;genconfig_mslp;/dados/rmelo/PDPTW-SE/benchmark_multi_floor_v3/official_experiments/multistartlp/preliminar/set_01_pt_04/logs/heur_mslp/gurobi/12R_12V_02F_03M/lr207_grb_genconfig_mslp_seed_122_alpha_15p.log;random;12R_12V_02F_03M;1;0;1;/dados/rmelo/PDPTW-SE/benchmark_multi_floor_v3/official_experiments/multistartlp/preliminar/set_01_pt_04/../../../../instances/orig_ams_fg/12R_12V_02F_04M/t2/lr207/;60000;52341;0;1647.65;25;13;H;50;95;0;100.0;30.0;true;0.95;100.0;1.0;1.0;1.0;1.0;60;M;59977;60000;false;40;0.77;83.45;1.0;20;10;1000000;-1;3600;13.18;0.56;0.92;mslp;heur;0.35;0.85;-1;3600;60000;I;12;0.67;0.17;lr207;0;/dados/rmelo/PDPTW-SE/benchmark_multi_floor_v3/official_experiments/multistartlp/preliminar/set_01_pt_04/logs;0;0;0;0.0;99.96;1;122;/dados/rmelo/PDPTW-SE/benchmark_multi_floor_v3/official_experiments/multistartlp/preliminar/set_01_pt_04/logs/heur_mslp/solutions/12R_12V_02F_03M/lr207_sol_genconfig_mslp_seed_122_alpha_15p.txt;Gurobi;AUTOMATIC;17.66;_bash_3;_seed_122_alpha_15p;7906.85;1;201.13;/dados/rmelo/PDPTW-SE/benchmark_multi_floor_v3/official_experiments/multistartlp/preliminar/set_01_pt_04/logs/heur_mslp/timelines/12R_12V_02F_03M/lr207_timeline_genconfig_mslp_seed_122_alpha_15p.txt;230.45;t2;0;1120.9;false
0.15;0.2;0.29;0.49;0.0;0.02;9;/dados/rmelo/PDPTW-SE/benchmark_multi_floor_v3/official_experiments/multistartlp/preliminar/set_01_pt_04/logs/heur_mslp/outputs/csvresults_heur_mslp_bash_3.csv;0;3;1;26;1;0.0;0.5;true;14;2;lr106_t1_12R_12V_04F_03M;/dados/rmelo/PDPTW-SE/benchmark_multi_floor_v3/official_experiments/multistartlp/preliminar/set_01_pt_04/configs/genconfig_mslp.conf;genconfig_mslp;/dados/rmelo/PDPTW-SE/benchmark_multi_floor_v3/official_experiments/multistartlp/preliminar/set_01_pt_04/logs/heur_mslp/gurobi/12R_12V_04F_03M/lr106_grb_genconfig_mslp_seed_122_alpha_15p.log;random;12R_12V_04F_03M;1;41632;1;/dados/rmelo/PDPTW-SE/benchmark_multi_floor_v3/official_experiments/multistartlp/preliminar/set_01_pt_04/../../../../instances/orig_ams_fg/12R_12V_04F_04M/t1/lr106/;60000;14694;0;1830.45;25;13;H;50;95;0;100.0;30.0;true;0.95;100.0;1.0;1.0;1.0;1.0;60;M;18368;18368;false;52;1.0;86.16;0.83;26;10;1000000;-1;3600;11.48;0.68;0.42;mslp;heur;0.41;0.15;-1;3600;60000;I;12;1.0;0.75;lr106;0;/dados/rmelo/PDPTW-SE/benchmark_multi_floor_v3/official_experiments/multistartlp/preliminar/set_01_pt_04/logs;0;0;0;69.39;100.0;1;122;/dados/rmelo/PDPTW-SE/benchmark_multi_floor_v3/official_experiments/multistartlp/preliminar/set_01_pt_04/logs/heur_mslp/solutions/12R_12V_04F_03M/lr106_sol_genconfig_mslp_seed_122_alpha_15p.txt;Gurobi;AUTOMATIC;17.72;_bash_3;_seed_122_alpha_15p;2109.4;1;19.28;/dados/rmelo/PDPTW-SE/benchmark_multi_floor_v3/official_experiments/multistartlp/preliminar/set_01_pt_04/logs/heur_mslp/timelines/12R_12V_04F_03M/lr106_timeline_genconfig_mslp_seed_122_alpha_15p.txt;77.17;t1;0;1416.45;false
0.15;0.01;0.03;0.04;0.0;0.0;11;/dados/rmelo/PDPTW-SE/benchmark_multi_floor_v3/official_experiments/multistartlp/preliminar/set_01_pt_04/logs/heur_mslp/outputs/csvresults_heur_mslp_bash_3.csv;0;3;1;26;1;0.0;0.5;true;14;2;lr209_t2_12R_12V_04F_03M;/dados/rmelo/PDPTW-SE/benchmark_multi_floor_v3/official_experiments/multistartlp/preliminar/set_01_pt_04/configs/genconfig_mslp.conf;genconfig_mslp;/dados/rmelo/PDPTW-SE/benchmark_multi_floor_v3/official_experiments/multistartlp/preliminar/set_01_pt_04/logs/heur_mslp/gurobi/12R_12V_04F_03M/lr209_grb_genconfig_mslp_seed_122_alpha_15p.log;random;12R_12V_04F_03M;1;0;1;/dados/rmelo/PDPTW-SE/benchmark_multi_floor_v3/official_experiments/multistartlp/preliminar/set_01_pt_04/../../../../instances/orig_ams_fg/12R_12V_04F_04M/t2/lr209/;60000;24360;0;1714.42;25;13;H;50;95;0;100.0;30.0;true;0.95;100.0;1.0;1.0;1.0;1.0;60;M;60000;60000;false;46;0.65;91.85;0.87;23;10;1000000;-1;3600;14.16;0.6;0.77;mslp;heur;0.56;0.67;-1;3600;60000;I;12;1.0;0.17;lr209;0;/dados/rmelo/PDPTW-SE/benchmark_multi_floor_v3/official_experiments/multistartlp/preliminar/set_01_pt_04/logs;0;0;0;0.0;100.0;1;122;/dados/rmelo/PDPTW-SE/benchmark_multi_floor_v3/official_experiments/multistartlp/preliminar/set_01_pt_04/logs/heur_mslp/solutions/12R_12V_04F_03M/lr209_sol_genconfig_mslp_seed_122_alpha_15p.txt;Gurobi;AUTOMATIC;17.6;_bash_3;_seed_122_alpha_15p;8493.34;1;96.84;/dados/rmelo/PDPTW-SE/benchmark_multi_floor_v3/official_experiments/multistartlp/preliminar/set_01_pt_04/logs/heur_mslp/timelines/12R_12V_04F_03M/lr209_timeline_genconfig_mslp_seed_122_alpha_15p.txt;238.9;t2;0;1202.08;false
0.15;0.02;0.04;0.06;0.01;0.09;3;/dados/rmelo/PDPTW-SE/benchmark_multi_floor_v3/official_experiments/multistartlp/preliminar/set_01_pt_04/logs/heur_mslp/outputs/csvresults_heur_mslp_bash_3.csv;0;5;1;82;1;0.0;0.5;true;42;2;LR1_2_6_t1_40R_40V_02F_05M;/dados/rmelo/PDPTW-SE/benchmark_multi_floor_v3/official_experiments/multistartlp/preliminar/set_01_pt_04/configs/genconfig_mslp.conf;genconfig_mslp;/dados/rmelo/PDPTW-SE/benchmark_multi_floor_v3/official_experiments/multistartlp/preliminar/set_01_pt_04/logs/heur_mslp/gurobi/40R_40V_02F_05M/LR1_2_6_grb_genconfig_mslp_seed_122_alpha_15p.log;random;40R_40V_02F_05M;1;59124;1;/dados/rmelo/PDPTW-SE/benchmark_multi_floor_v3/official_experiments/multistartlp/preliminar/set_01_pt_04/../../../../instances/orig_ams_fg/40R_40V_02F_06M/t1/LR1_2_6/;60000;54963;0;8809.26;81;41;H;50;95;0;100.0;30.0;true;0.95;100.0;1.0;1.0;1.0;1.0;60;M;876;876;false;72;0.98;184.05;1.0;36;10;1000000;-1;3600;4.3;0.42;0.55;mslp;heur;0.22;0.12;-1;3600;60000;I;40;1.0;0.4;LR1_2_6;0;/dados/rmelo/PDPTW-SE/benchmark_multi_floor_v3/official_experiments/multistartlp/preliminar/set_01_pt_04/logs;0;0;0;98.54;100.0;1;122;/dados/rmelo/PDPTW-SE/benchmark_multi_floor_v3/official_experiments/multistartlp/preliminar/set_01_pt_04/logs/heur_mslp/solutions/40R_40V_02F_05M/LR1_2_6_sol_genconfig_mslp_seed_122_alpha_15p.txt;Gurobi;AUTOMATIC;17.8;_bash_3;_seed_122_alpha_15p;37.7;1;187.33;/dados/rmelo/PDPTW-SE/benchmark_multi_floor_v3/official_experiments/multistartlp/preliminar/set_01_pt_04/logs/heur_mslp/timelines/40R_40V_02F_05M/LR1_2_6_timeline_genconfig_mslp_seed_122_alpha_15p.txt;204.64;t1;0;7760.55;false
0.15;0.01;0.01;0.02;0.01;0.11;8;/dados/rmelo/PDPTW-SE/benchmark_multi_floor_v3/official_experiments/multistartlp/preliminar/set_01_pt_04/logs/heur_mslp/outputs/csvresults_heur_mslp_bash_3.csv;0;5;1;82;1;0.0;0.5;true;42;2;LR2_2_9_t2_40R_40V_02F_05M;/dados/rmelo/PDPTW-SE/benchmark_multi_floor_v3/official_experiments/multistartlp/preliminar/set_01_pt_04/configs/genconfig_mslp.conf;genconfig_mslp;/dados/rmelo/PDPTW-SE/benchmark_multi_floor_v3/official_experiments/multistartlp/preliminar/set_01_pt_04/logs/heur_mslp/gurobi/40R_40V_02F_05M/LR2_2_9_grb_genconfig_mslp_seed_122_alpha_15p.log;random;40R_40V_02F_05M;1;0;1;/dados/rmelo/PDPTW-SE/benchmark_multi_floor_v3/official_experiments/multistartlp/preliminar/set_01_pt_04/../../../../instances/orig_ams_fg/40R_40V_02F_06M/t2/LR2_2_9/;60000;45495;0;11915.83;81;41;H;50;95;0;100.0;30.0;true;0.95;100.0;1.0;1.0;1.0;1.0;60;M;60000;60000;false;74;0.85;179.34;1.0;37;10;1000000;-1;3600;7.29;0.64;0.98;mslp;heur;0.34;0.95;-1;3600;60000;I;40;1.0;0.12;LR2_2_9;0;/dados/rmelo/PDPTW-SE/benchmark_multi_floor_v3/official_experiments/multistartlp/preliminar/set_01_pt_04/logs;0;0;0;0.0;100.0;1;122;/dados/rmelo/PDPTW-SE/benchmark_multi_floor_v3/official_experiments/multistartlp/preliminar/set_01_pt_04/logs/heur_mslp/solutions/40R_40V_02F_05M/LR2_2_9_sol_genconfig_mslp_seed_122_alpha_15p.txt;Gurobi;AUTOMATIC;17.85;_bash_3;_seed_122_alpha_15p;4373.07;1;950.19;/dados/rmelo/PDPTW-SE/benchmark_multi_floor_v3/official_experiments/multistartlp/preliminar/set_01_pt_04/logs/heur_mslp/timelines/40R_40V_02F_05M/LR2_2_9_timeline_genconfig_mslp_seed_122_alpha_15p.txt;1252.66;t2;0;8156.25;false
0.15;0.12;0.15;0.27;0.0;0.04;10;/dados/rmelo/PDPTW-SE/benchmark_multi_floor_v3/official_experiments/multistartlp/preliminar/set_01_pt_04/logs/heur_mslp/outputs/csvresults_heur_mslp_bash_3.csv;0;5;1;82;1;0.0;0.5;true;42;2;LR1_2_10_t1_40R_40V_04F_05M;/dados/rmelo/PDPTW-SE/benchmark_multi_floor_v3/official_experiments/multistartlp/preliminar/set_01_pt_04/configs/genconfig_mslp.conf;genconfig_mslp;/dados/rmelo/PDPTW-SE/benchmark_multi_floor_v3/official_experiments/multistartlp/preliminar/set_01_pt_04/logs/heur_mslp/gurobi/40R_40V_04F_05M/LR1_2_10_grb_genconfig_mslp_seed_122_alpha_15p.log;random;40R_40V_04F_05M;1;59428;1;/dados/rmelo/PDPTW-SE/benchmark_multi_floor_v3/official_experiments/multistartlp/preliminar/set_01_pt_04/../../../../instances/orig_ams_fg/40R_40V_04F_06M/t1/LR1_2_10/;60000;43993;0;8375.72;81;41;H;50;95;0;100.0;30.0;true;0.95;100.0;1.0;1.0;1.0;1.0;60;M;572;572;false;72;0.89;178.35;0.92;36;10;1000000;-1;3600;6.23;0.7;0.52;mslp;heur;0.48;0.15;-1;3600;60000;I;40;1.0;0.42;LR1_2_10;0;/dados/rmelo/PDPTW-SE/benchmark_multi_floor_v3/official_experiments/multistartlp/preliminar/set_01_pt_04/logs;0;0;0;99.05;100.0;1;122;/dados/rmelo/PDPTW-SE/benchmark_multi_floor_v3/official_experiments/multistartlp/preliminar/set_01_pt_04/logs/heur_mslp/solutions/40R_40V_04F_05M/LR1_2_10_sol_genconfig_mslp_seed_122_alpha_15p.txt;Gurobi;AUTOMATIC;17.67;_bash_3;_seed_122_alpha_15p;35.66;1;192.84;/dados/rmelo/PDPTW-SE/benchmark_multi_floor_v3/official_experiments/multistartlp/preliminar/set_01_pt_04/logs/heur_mslp/timelines/40R_40V_04F_05M/LR1_2_10_timeline_genconfig_mslp_seed_122_alpha_15p.txt;263.89;t1;0;7533.34;false
0.15;0.02;0.04;0.06;0.0;0.07;5;/dados/rmelo/PDPTW-SE/benchmark_multi_floor_v3/official_experiments/multistartlp/preliminar/set_01_pt_04/logs/heur_mslp/outputs/csvresults_heur_mslp_bash_3.csv;0;5;1;82;1;0.0;0.5;true;42;2;LR2_2_6_t2_40R_40V_04F_05M;/dados/rmelo/PDPTW-SE/benchmark_multi_floor_v3/official_experiments/multistartlp/preliminar/set_01_pt_04/configs/genconfig_mslp.conf;genconfig_mslp;/dados/rmelo/PDPTW-SE/benchmark_multi_floor_v3/official_experiments/multistartlp/preliminar/set_01_pt_04/logs/heur_mslp/gurobi/40R_40V_04F_05M/LR2_2_6_grb_genconfig_mslp_seed_122_alpha_15p.log;random;40R_40V_04F_05M;1;0;1;/dados/rmelo/PDPTW-SE/benchmark_multi_floor_v3/official_experiments/multistartlp/preliminar/set_01_pt_04/../../../../instances/orig_ams_fg/40R_40V_04F_06M/t2/LR2_2_6/;60000;470;0;10613.57;81;41;H;50;95;0;100.0;30.0;true;0.95;100.0;1.0;1.0;1.0;1.0;60;M;60000;60000;false;80;0.85;192.66;0.95;40;10;1000000;-1;3600;3.24;0.78;0.87;mslp;heur;0.64;0.7;-1;3600;60000;I;40;0.8;0.1;LR2_2_6;0;/dados/rmelo/PDPTW-SE/benchmark_multi_floor_v3/official_experiments/multistartlp/preliminar/set_01_pt_04/logs;0;0;0;0.0;100.0;1;122;/dados/rmelo/PDPTW-SE/benchmark_multi_floor_v3/official_experiments/multistartlp/preliminar/set_01_pt_04/logs/heur_mslp/solutions/40R_40V_04F_05M/LR2_2_6_sol_genconfig_mslp_seed_122_alpha_15p.txt;Gurobi;AUTOMATIC;17.63;_bash_3;_seed_122_alpha_15p;1944.26;1;20.21;/dados/rmelo/PDPTW-SE/benchmark_multi_floor_v3/official_experiments/multistartlp/preliminar/set_01_pt_04/logs/heur_mslp/timelines/40R_40V_04F_05M/LR2_2_6_timeline_genconfig_mslp_seed_122_alpha_15p.txt;2541.49;t2;0;7883.92;false
0.15;0.04;0.08;0.12;0.0;0.07;7;/dados/rmelo/PDPTW-SE/benchmark_multi_floor_v3/official_experiments/multistartlp/preliminar/set_01_pt_04/logs/heur_mslp/outputs/csvresults_heur_mslp_bash_3.csv;0;5;1;122;1;0.0;0.5;true;62;2;LR1_2_6_t1_60R_60V_02F_05M;/dados/rmelo/PDPTW-SE/benchmark_multi_floor_v3/official_experiments/multistartlp/preliminar/set_01_pt_04/configs/genconfig_mslp.conf;genconfig_mslp;/dados/rmelo/PDPTW-SE/benchmark_multi_floor_v3/official_experiments/multistartlp/preliminar/set_01_pt_04/logs/heur_mslp/gurobi/60R_60V_02F_05M/LR1_2_6_grb_genconfig_mslp_seed_122_alpha_15p.log;random;60R_60V_02F_05M;1;58023;1;/dados/rmelo/PDPTW-SE/benchmark_multi_floor_v3/official_experiments/multistartlp/preliminar/set_01_pt_04/../../../../instances/orig_ams_fg/60R_60V_02F_06M/t1/LR1_2_6/;60000;5247;0;11944.61;121;61;H;50;95;0;100.0;30.0;true;0.95;100.0;1.0;1.0;1.0;1.0;60;M;1977;1977;false;82;0.97;191.73;0.91;41;10;1000000;-1;3600;4.93;0.68;0.51;mslp;heur;0.25;0.09;-1;3600;60000;I;60;1.0;0.4;LR1_2_6;0;/dados/rmelo/PDPTW-SE/benchmark_multi_floor_v3/official_experiments/multistartlp/preliminar/set_01_pt_04/logs;0;0;0;96.7;100.0;1;122;/dados/rmelo/PDPTW-SE/benchmark_multi_floor_v3/official_experiments/multistartlp/preliminar/set_01_pt_04/logs/heur_mslp/solutions/60R_60V_02F_05M/LR1_2_6_sol_genconfig_mslp_seed_122_alpha_15p.txt;Gurobi;AUTOMATIC;17.84;_bash_3;_seed_122_alpha_15p;97.52;1;42.1;/dados/rmelo/PDPTW-SE/benchmark_multi_floor_v3/official_experiments/multistartlp/preliminar/set_01_pt_04/logs/heur_mslp/timelines/60R_60V_02F_05M/LR1_2_6_timeline_genconfig_mslp_seed_122_alpha_15p.txt;478.4;t1;0;10351.02;false
0.15;0.01;0.02;0.03;0.01;0.08;5;/dados/rmelo/PDPTW-SE/benchmark_multi_floor_v3/official_experiments/multistartlp/preliminar/set_01_pt_04/logs/heur_mslp/outputs/csvresults_heur_mslp_bash_3.csv;0;5;1;122;1;0.0;0.5;true;62;2;LR2_2_6_t2_60R_60V_02F_05M;/dados/rmelo/PDPTW-SE/benchmark_multi_floor_v3/official_experiments/multistartlp/preliminar/set_01_pt_04/configs/genconfig_mslp.conf;genconfig_mslp;/dados/rmelo/PDPTW-SE/benchmark_multi_floor_v3/official_experiments/multistartlp/preliminar/set_01_pt_04/logs/heur_mslp/gurobi/60R_60V_02F_05M/LR2_2_6_grb_genconfig_mslp_seed_122_alpha_15p.log;random;60R_60V_02F_05M;1;0;1;/dados/rmelo/PDPTW-SE/benchmark_multi_floor_v3/official_experiments/multistartlp/preliminar/set_01_pt_04/../../../../instances/orig_ams_fg/60R_60V_02F_06M/t2/LR2_2_6/;56391;36805;0;15316.73;121;61;H;50;95;0;100.0;30.0;true;0.95;100.0;1.0;1.0;1.0;1.0;60;M;56391;56391;false;80;0.85;185.63;1.0;40;10;1000000;-1;3600;5.32;0.72;0.93;mslp;heur;0.56;0.81;-1;3600;60000;I;60;1.0;0.1;LR2_2_6;0;/dados/rmelo/PDPTW-SE/benchmark_multi_floor_v3/official_experiments/multistartlp/preliminar/set_01_pt_04/logs;0;0;0;0.0;100.0;1;122;/dados/rmelo/PDPTW-SE/benchmark_multi_floor_v3/official_experiments/multistartlp/preliminar/set_01_pt_04/logs/heur_mslp/solutions/60R_60V_02F_05M/LR2_2_6_sol_genconfig_mslp_seed_122_alpha_15p.txt;Gurobi;AUTOMATIC;17.45;_bash_3;_seed_122_alpha_15p;3002.26;1;2351.77;/dados/rmelo/PDPTW-SE/benchmark_multi_floor_v3/official_experiments/multistartlp/preliminar/set_01_pt_04/logs/heur_mslp/timelines/60R_60V_02F_05M/LR2_2_6_timeline_genconfig_mslp_seed_122_alpha_15p.txt;3600.02;t2;0;11026.67;false
0.15;0.14;0.2;0.34;0.0;0.06;6;/dados/rmelo/PDPTW-SE/benchmark_multi_floor_v3/official_experiments/multistartlp/preliminar/set_01_pt_04/logs/heur_mslp/outputs/csvresults_heur_mslp_bash_3.csv;0;5;1;122;1;0.0;0.5;true;62;2;LR1_2_9_t1_60R_60V_04F_05M;/dados/rmelo/PDPTW-SE/benchmark_multi_floor_v3/official_experiments/multistartlp/preliminar/set_01_pt_04/configs/genconfig_mslp.conf;genconfig_mslp;/dados/rmelo/PDPTW-SE/benchmark_multi_floor_v3/official_experiments/multistartlp/preliminar/set_01_pt_04/logs/heur_mslp/gurobi/60R_60V_04F_05M/LR1_2_9_grb_genconfig_mslp_seed_122_alpha_15p.log;random;60R_60V_04F_05M;1;59941;1;/dados/rmelo/PDPTW-SE/benchmark_multi_floor_v3/official_experiments/multistartlp/preliminar/set_01_pt_04/../../../../instances/orig_ams_fg/60R_60V_04F_06M/t1/LR1_2_9/;60000;48699;0;13872.88;121;61;H;50;95;0;100.0;30.0;true;0.95;100.0;1.0;1.0;1.0;1.0;60;M;59;59;false;86;0.98;198.99;0.88;43;10;1000000;-1;3600;7.57;0.66;0.43;mslp;heur;0.35;0.06;-1;3600;60000;I;60;1.0;0.47;LR1_2_9;0;/dados/rmelo/PDPTW-SE/benchmark_multi_floor_v3/official_experiments/multistartlp/preliminar/set_01_pt_04/logs;0;0;0;99.9;100.0;1;122;/dados/rmelo/PDPTW-SE/benchmark_multi_floor_v3/official_experiments/multistartlp/preliminar/set_01_pt_04/logs/heur_mslp/solutions/60R_60V_04F_05M/LR1_2_9_sol_genconfig_mslp_seed_122_alpha_15p.txt;Gurobi;AUTOMATIC;17.78;_bash_3;_seed_122_alpha_15p;4.46;1;411.41;/dados/rmelo/PDPTW-SE/benchmark_multi_floor_v3/official_experiments/multistartlp/preliminar/set_01_pt_04/logs/heur_mslp/timelines/60R_60V_04F_05M/LR1_2_9_timeline_genconfig_mslp_seed_122_alpha_15p.txt;506.23;t1;0;12635.91;false
0.15;0.03;0.05;0.07;0.0;0.0;1;/dados/rmelo/PDPTW-SE/benchmark_multi_floor_v3/official_experiments/multistartlp/preliminar/set_01_pt_04/logs/heur_mslp/outputs/csvresults_heur_mslp_bash_3.csv;0;5;1;122;1;0.0;0.5;true;62;2;LR2_2_7_t2_60R_60V_04F_05M;/dados/rmelo/PDPTW-SE/benchmark_multi_floor_v3/official_experiments/multistartlp/preliminar/set_01_pt_04/configs/genconfig_mslp.conf;genconfig_mslp;/dados/rmelo/PDPTW-SE/benchmark_multi_floor_v3/official_experiments/multistartlp/preliminar/set_01_pt_04/logs/heur_mslp/gurobi/60R_60V_04F_05M/LR2_2_7_grb_genconfig_mslp_seed_122_alpha_15p.log;random;60R_60V_04F_05M;1;8033;1;/dados/rmelo/PDPTW-SE/benchmark_multi_floor_v3/official_experiments/multistartlp/preliminar/set_01_pt_04/../../../../instances/orig_ams_fg/60R_60V_04F_06M/t2/LR2_2_7/;31937;1;0;13678.91;121;61;H;50;95;0;100.0;30.0;true;0.95;100.0;1.0;1.0;1.0;1.0;60;M;23904;23904;false;78;0.89;195.28;1.0;39;10;1000000;-1;3600;1.51;0.71;0.92;mslp;heur;0.18;0.68;-1;3600;60000;I;60;1.0;0.1;LR2_2_7;0;/dados/rmelo/PDPTW-SE/benchmark_multi_floor_v3/official_experiments/multistartlp/preliminar/set_01_pt_04/logs;0;0;0;25.15;100.0;1;122;/dados/rmelo/PDPTW-SE/benchmark_multi_floor_v3/official_experiments/multistartlp/preliminar/set_01_pt_04/logs/heur_mslp/solutions/60R_60V_04F_05M/LR2_2_7_sol_genconfig_mslp_seed_122_alpha_15p.txt;Gurobi;AUTOMATIC;17.84;_bash_3;_seed_122_alpha_15p;361.17;1;0.17;/dados/rmelo/PDPTW-SE/benchmark_multi_floor_v3/official_experiments/multistartlp/preliminar/set_01_pt_04/logs/heur_mslp/timelines/60R_60V_04F_05M/LR2_2_7_timeline_genconfig_mslp_seed_122_alpha_15p.txt;3600.02;t2;0;10775.82;false
0.15;0.01;0.06;0.07;0.0;0.0;2;/dados/rmelo/PDPTW-SE/benchmark_multi_floor_v3/official_experiments/multistartlp/preliminar/set_01_pt_04/logs/heur_mslp/outputs/csvresults_heur_mslp_bash_3.csv;0;3;1;18;1;0.0;0.5;true;10;2;lr107_t1_08R_08V_02F_03M;/dados/rmelo/PDPTW-SE/benchmark_multi_floor_v3/official_experiments/multistartlp/preliminar/set_01_pt_04/configs/genconfig_mslp.conf;genconfig_mslp;/dados/rmelo/PDPTW-SE/benchmark_multi_floor_v3/official_experiments/multistartlp/preliminar/set_01_pt_04/logs/heur_mslp/gurobi/08R_08V_02F_03M/lr107_grb_genconfig_mslp_seed_129_alpha_15p.log;random;08R_08V_02F_03M;1;0;1;/dados/rmelo/PDPTW-SE/benchmark_multi_floor_v3/official_experiments/multistartlp/preliminar/set_01_pt_04/../../../../instances/orig_ams_fg/08R_08V_02F_04M/t1/lr107/;60000;3;0;1033.08;17;9;H;50;95;0;100.0;30.0;true;0.95;100.0;1.0;1.0;1.0;1.0;60;M;60000;60000;false;40;0.94;80.43;0.88;20;10;1000000;-1;3600;16.03;0.73;0.61;mslp;heur;0.47;0.36;-1;3600;60000;I;8;1.0;0.62;lr107;0;/dados/rmelo/PDPTW-SE/benchmark_multi_floor_v3/official_experiments/multistartlp/preliminar/set_01_pt_04/logs;0;0;0;0.0;100.0;1;129;/dados/rmelo/PDPTW-SE/benchmark_multi_floor_v3/official_experiments/multistartlp/preliminar/set_01_pt_04/logs/heur_mslp/solutions/08R_08V_02F_03M/lr107_sol_genconfig_mslp_seed_129_alpha_15p.txt;Gurobi;AUTOMATIC;17.16;_bash_3;_seed_129_alpha_15p;9617.47;1;0.28;/dados/rmelo/PDPTW-SE/benchmark_multi_floor_v3/official_experiments/multistartlp/preliminar/set_01_pt_04/logs/heur_mslp/timelines/08R_08V_02F_03M/lr107_timeline_genconfig_mslp_seed_129_alpha_15p.txt;98.61;t1;0;843.14;false
0.15;0.0;0.02;0.02;0.0;0.0;10;/dados/rmelo/PDPTW-SE/benchmark_multi_floor_v3/official_experiments/multistartlp/preliminar/set_01_pt_04/logs/heur_mslp/outputs/csvresults_heur_mslp_bash_3.csv;0;3;1;18;1;0.0;0.5;true;10;2;lr210_t2_08R_08V_02F_03M;/dados/rmelo/PDPTW-SE/benchmark_multi_floor_v3/official_experiments/multistartlp/preliminar/set_01_pt_04/configs/genconfig_mslp.conf;genconfig_mslp;/dados/rmelo/PDPTW-SE/benchmark_multi_floor_v3/official_experiments/multistartlp/preliminar/set_01_pt_04/logs/heur_mslp/gurobi/08R_08V_02F_03M/lr210_grb_genconfig_mslp_seed_129_alpha_15p.log;random;08R_08V_02F_03M;1;781;1;/dados/rmelo/PDPTW-SE/benchmark_multi_floor_v3/official_experiments/multistartlp/preliminar/set_01_pt_04/../../../../instances/orig_ams_fg/08R_08V_02F_04M/t2/lr210/;60000;31393;0;1578.25;17;9;H;50;95;0;100.0;30.0;true;0.95;100.0;1.0;1.0;1.0;1.0;60;M;59219;59219;false;58;0.71;75.46;0.93;29;10;1000000;-1;3600;30.81;0.71;0.93;mslp;heur;0.71;0.93;-1;3600;60000;I;8;0.67;0.12;lr210;0;/dados/rmelo/PDPTW-SE/benchmark_multi_floor_v3/official_experiments/multistartlp/preliminar/set_01_pt_04/logs;0;0;0;1.3;100.0;1;129;/dados/rmelo/PDPTW-SE/benchmark_multi_floor_v3/official_experiments/multistartlp/preliminar/set_01_pt_04/logs/heur_mslp/solutions/08R_08V_02F_03M/lr210_sol_genconfig_mslp_seed_129_alpha_15p.txt;Gurobi;AUTOMATIC;17.39;_bash_3;_seed_129_alpha_15p;18244.96;1;63.89;/dados/rmelo/PDPTW-SE/benchmark_multi_floor_v3/official_experiments/multistartlp/preliminar/set_01_pt_04/logs/heur_mslp/timelines/08R_08V_02F_03M/lr210_timeline_genconfig_mslp_seed_129_alpha_15p.txt;121.62;t2;0;711.29;false
0.15;0.1;0.19;0.29;0.0;0.05;7;/dados/rmelo/PDPTW-SE/benchmark_multi_floor_v3/official_experiments/multistartlp/preliminar/set_01_pt_04/logs/heur_mslp/outputs/csvresults_heur_mslp_bash_3.csv;0;3;1;18;1;0.0;0.5;true;10;2;lr106_t1_08R_08V_04F_03M;/dados/rmelo/PDPTW-SE/benchmark_multi_floor_v3/official_experiments/multistartlp/preliminar/set_01_pt_04/configs/genconfig_mslp.conf;genconfig_mslp;/dados/rmelo/PDPTW-SE/benchmark_multi_floor_v3/official_experiments/multistartlp/preliminar/set_01_pt_04/logs/heur_mslp/gurobi/08R_08V_04F_03M/lr106_grb_genconfig_mslp_seed_129_alpha_15p.log;random;08R_08V_04F_03M;1;17161;1;/dados/rmelo/PDPTW-SE/benchmark_multi_floor_v3/official_experiments/multistartlp/preliminar/set_01_pt_04/../../../../instances/orig_ams_fg/08R_08V_04F_04M/t1/lr106/;60000;2227;0;1299.6;17;9;H;50;95;0;100.0;30.0;true;0.95;100.0;1.0;1.0;1.0;1.0;60;M;42839;42839;false;52;0.82;85.78;0.81;26;10;1000000;-1;3600;19.16;0.62;0.36;mslp;heur;0.35;0.07;-1;3600;60000;I;8;1.0;0.88;lr106;0;/dados/rmelo/PDPTW-SE/benchmark_multi_floor_v3/official_experiments/multistartlp/preliminar/set_01_pt_04/logs;0;0;0;28.6;100.0;1;129;/dados/rmelo/PDPTW-SE/benchmark_multi_floor_v3/official_experiments/multistartlp/preliminar/set_01_pt_04/logs/heur_mslp/solutions/08R_08V_04F_03M/lr106_sol_genconfig_mslp_seed_129_alpha_15p.txt;Gurobi;AUTOMATIC;17.57;_bash_3;_seed_129_alpha_15p;8207.36;1;4.13;/dados/rmelo/PDPTW-SE/benchmark_multi_floor_v3/official_experiments/multistartlp/preliminar/set_01_pt_04/logs/heur_mslp/timelines/08R_08V_04F_03M/lr106_timeline_genconfig_mslp_seed_129_alpha_15p.txt;95.44;t1;0;1010.71;false
0.15;0.01;0.03;0.04;0.0;0.0;9;/dados/rmelo/PDPTW-SE/benchmark_multi_floor_v3/official_experiments/multistartlp/preliminar/set_01_pt_04/logs/heur_mslp/outputs/csvresults_heur_mslp_bash_3.csv;0;3;1;18;1;0.0;0.5;true;10;2;lr209_t2_08R_08V_04F_03M;/dados/rmelo/PDPTW-SE/benchmark_multi_floor_v3/official_experiments/multistartlp/preliminar/set_01_pt_04/configs/genconfig_mslp.conf;genconfig_mslp;/dados/rmelo/PDPTW-SE/benchmark_multi_floor_v3/official_experiments/multistartlp/preliminar/set_01_pt_04/logs/heur_mslp/gurobi/08R_08V_04F_03M/lr209_grb_genconfig_mslp_seed_129_alpha_15p.log;random;08R_08V_04F_03M;1;0;1;/dados/rmelo/PDPTW-SE/benchmark_multi_floor_v3/official_experiments/multistartlp/preliminar/set_01_pt_04/../../../../instances/orig_ams_fg/08R_08V_04F_04M/t2/lr209/;60000;597;0;1448.79;17;9;H;50;95;0;100.0;30.0;true;0.95;100.0;1.0;1.0;1.0;1.0;60;M;55266;60000;false;46;0.68;79.88;0.93;23;10;1000000;-1;3600;21.58;0.42;0.77;mslp;heur;0.16;0.61;-1;3600;60000;I;8;0.67;0.25;lr209;0;/dados/rmelo/PDPTW-SE/benchmark_multi_floor_v3/official_experiments/multistartlp/preliminar/set_01_pt_04/logs;0;0;0;0.0;92.11;1;129;/dados/rmelo/PDPTW-SE/benchmark_multi_floor_v3/official_experiments/multistartlp/preliminar/set_01_pt_04/logs/heur_mslp/solutions/08R_08V_04F_03M/lr209_sol_genconfig_mslp_seed_129_alpha_15p.txt;Gurobi;AUTOMATIC;17.94;_bash_3;_seed_129_alpha_15p;12946.51;1;2.09;/dados/rmelo/PDPTW-SE/benchmark_multi_floor_v3/official_experiments/multistartlp/preliminar/set_01_pt_04/logs/heur_mslp/timelines/08R_08V_04F_03M/lr209_timeline_genconfig_mslp_seed_129_alpha_15p.txt;151.37;t2;0;838.87;false
0.15;0.04;0.07;0.11;0.0;0.0;12;/dados/rmelo/PDPTW-SE/benchmark_multi_floor_v3/official_experiments/multistartlp/preliminar/set_01_pt_04/logs/heur_mslp/outputs/csvresults_heur_mslp_bash_3.csv;0;3;1;26;1;0.0;0.5;true;14;2;lr109_t1_12R_12V_02F_03M;/dados/rmelo/PDPTW-SE/benchmark_multi_floor_v3/official_experiments/multistartlp/preliminar/set_01_pt_04/configs/genconfig_mslp.conf;genconfig_mslp;/dados/rmelo/PDPTW-SE/benchmark_multi_floor_v3/official_experiments/multistartlp/preliminar/set_01_pt_04/logs/heur_mslp/gurobi/12R_12V_02F_03M/lr109_grb_genconfig_mslp_seed_129_alpha_15p.log;random;12R_12V_02F_03M;1;14547;1;/dados/rmelo/PDPTW-SE/benchmark_multi_floor_v3/official_experiments/multistartlp/preliminar/set_01_pt_04/../../../../instances/orig_ams_fg/12R_12V_02F_04M/t1/lr109/;60000;22585;0;1200.42;25;13;H;50;95;0;100.0;30.0;true;0.95;100.0;1.0;1.0;1.0;1.0;60;M;45453;45453;false;58;0.79;78.59;0.95;29;10;1000000;-1;3600;9.52;0.63;0.43;mslp;heur;0.53;0.21;-1;3600;60000;I;12;1.0;0.58;lr109;0;/dados/rmelo/PDPTW-SE/benchmark_multi_floor_v3/official_experiments/multistartlp/preliminar/set_01_pt_04/logs;0;0;0;24.24;100.0;1;129;/dados/rmelo/PDPTW-SE/benchmark_multi_floor_v3/official_experiments/multistartlp/preliminar/set_01_pt_04/logs/heur_mslp/solutions/12R_12V_02F_03M/lr109_sol_genconfig_mslp_seed_129_alpha_15p.txt;Gurobi;AUTOMATIC;17.68;_bash_3;_seed_129_alpha_15p;4324.92;1;42.85;/dados/rmelo/PDPTW-SE/benchmark_multi_floor_v3/official_experiments/multistartlp/preliminar/set_01_pt_04/logs/heur_mslp/timelines/12R_12V_02F_03M/lr109_timeline_genconfig_mslp_seed_129_alpha_15p.txt;113.59;t1;0;1006.78;false
0.15;0.0;0.02;0.02;0.0;0.0;11;/dados/rmelo/PDPTW-SE/benchmark_multi_floor_v3/official_experiments/multistartlp/preliminar/set_01_pt_04/logs/heur_mslp/outputs/csvresults_heur_mslp_bash_3.csv;0;3;1;26;1;0.0;0.5;true;14;2;lr207_t2_12R_12V_02F_03M;/dados/rmelo/PDPTW-SE/benchmark_multi_floor_v3/official_experiments/multistartlp/preliminar/set_01_pt_04/configs/genconfig_mslp.conf;genconfig_mslp;/dados/rmelo/PDPTW-SE/benchmark_multi_floor_v3/official_experiments/multistartlp/preliminar/set_01_pt_04/logs/heur_mslp/gurobi/12R_12V_02F_03M/lr207_grb_genconfig_mslp_seed_129_alpha_15p.log;random;12R_12V_02F_03M;1;0;1;/dados/rmelo/PDPTW-SE/benchmark_multi_floor_v3/official_experiments/multistartlp/preliminar/set_01_pt_04/../../../../instances/orig_ams_fg/12R_12V_02F_04M/t2/lr207/;60000;40114;0;1776.69;25;13;H;50;95;0;100.0;30.0;true;0.95;100.0;1.0;1.0;1.0;1.0;60;M;59976;60000;false;40;0.78;83.45;0.97;20;10;1000000;-1;3600;13.22;0.55;0.95;mslp;heur;0.32;0.92;-1;3600;60000;I;12;0.67;0.17;lr207;0;/dados/rmelo/PDPTW-SE/benchmark_multi_floor_v3/official_experiments/multistartlp/preliminar/set_01_pt_04/logs;0;0;0;0.0;99.96;1;129;/dados/rmelo/PDPTW-SE/benchmark_multi_floor_v3/official_experiments/multistartlp/preliminar/set_01_pt_04/logs/heur_mslp/solutions/12R_12V_02F_03M/lr207_sol_genconfig_mslp_seed_129_alpha_15p.txt;Gurobi;AUTOMATIC;17.75;_bash_3;_seed_129_alpha_15p;7929.66;1;155.93;/dados/rmelo/PDPTW-SE/benchmark_multi_floor_v3/official_experiments/multistartlp/preliminar/set_01_pt_04/logs/heur_mslp/timelines/12R_12V_02F_03M/lr207_timeline_genconfig_mslp_seed_129_alpha_15p.txt;232.81;t2;0;1102.5;false
0.15;0.17;0.29;0.46;0.0;0.03;14;/dados/rmelo/PDPTW-SE/benchmark_multi_floor_v3/official_experiments/multistartlp/preliminar/set_01_pt_04/logs/heur_mslp/outputs/csvresults_heur_mslp_bash_3.csv;0;3;1;26;1;0.0;0.5;true;14;2;lr106_t1_12R_12V_04F_03M;/dados/rmelo/PDPTW-SE/benchmark_multi_floor_v3/official_experiments/multistartlp/preliminar/set_01_pt_04/configs/genconfig_mslp.conf;genconfig_mslp;/dados/rmelo/PDPTW-SE/benchmark_multi_floor_v3/official_experiments/multistartlp/preliminar/set_01_pt_04/logs/heur_mslp/gurobi/12R_12V_04F_03M/lr106_grb_genconfig_mslp_seed_129_alpha_15p.log;random;12R_12V_04F_03M;1;41692;1;/dados/rmelo/PDPTW-SE/benchmark_multi_floor_v3/official_experiments/multistartlp/preliminar/set_01_pt_04/../../../../instances/orig_ams_fg/12R_12V_04F_04M/t1/lr106/;60000;8941;0;1841.73;25;13;H;50;95;0;100.0;30.0;true;0.95;100.0;1.0;1.0;1.0;1.0;60;M;18308;18308;false;52;1.0;86.16;0.83;26;10;1000000;-1;3600;11.5;0.68;0.39;mslp;heur;0.49;0.19;-1;3600;60000;I;12;1.0;0.75;lr106;0;/dados/rmelo/PDPTW-SE/benchmark_multi_floor_v3/official_experiments/multistartlp/preliminar/set_01_pt_04/logs;0;0;0;69.49;100.0;1;129;/dados/rmelo/PDPTW-SE/benchmark_multi_floor_v3/official_experiments/multistartlp/preliminar/set_01_pt_04/logs/heur_mslp/solutions/12R_12V_04F_03M/lr106_sol_genconfig_mslp_seed_129_alpha_15p.txt;Gurobi;AUTOMATIC;17.79;_bash_3;_seed_129_alpha_15p;2104.95;1;12.17;/dados/rmelo/PDPTW-SE/benchmark_multi_floor_v3/official_experiments/multistartlp/preliminar/set_01_pt_04/logs/heur_mslp/timelines/12R_12V_04F_03M/lr106_timeline_genconfig_mslp_seed_129_alpha_15p.txt;78.11;t1;0;1417.42;false
0.15;0.01;0.02;0.04;0.0;0.02;13;/dados/rmelo/PDPTW-SE/benchmark_multi_floor_v3/official_experiments/multistartlp/preliminar/set_01_pt_04/logs/heur_mslp/outputs/csvresults_heur_mslp_bash_3.csv;0;3;1;26;1;0.0;0.5;true;14;2;lr209_t2_12R_12V_04F_03M;/dados/rmelo/PDPTW-SE/benchmark_multi_floor_v3/official_experiments/multistartlp/preliminar/set_01_pt_04/configs/genconfig_mslp.conf;genconfig_mslp;/dados/rmelo/PDPTW-SE/benchmark_multi_floor_v3/official_experiments/multistartlp/preliminar/set_01_pt_04/logs/heur_mslp/gurobi/12R_12V_04F_03M/lr209_grb_genconfig_mslp_seed_129_alpha_15p.log;random;12R_12V_04F_03M;1;0;1;/dados/rmelo/PDPTW-SE/benchmark_multi_floor_v3/official_experiments/multistartlp/preliminar/set_01_pt_04/../../../../instances/orig_ams_fg/12R_12V_04F_04M/t2/lr209/;60000;11938;0;2134.84;25;13;H;50;95;0;100.0;30.0;true;0.95;100.0;1.0;1.0;1.0;1.0;60;M;60000;60000;false;46;0.84;91.85;1.0;23;10;1000000;-1;3600;14.14;0.6;0.76;mslp;heur;0.37;0.52;-1;3600;60000;I;12;1.0;0.17;lr209;0;/dados/rmelo/PDPTW-SE/benchmark_multi_floor_v3/official_experiments/multistartlp/preliminar/set_01_pt_04/logs;0;0;0;0.0;100.0;1;129;/dados/rmelo/PDPTW-SE/benchmark_multi_floor_v3/official_experiments/multistartlp/preliminar/set_01_pt_04/logs/heur_mslp/solutions/12R_12V_04F_03M/lr209_sol_genconfig_mslp_seed_129_alpha_15p.txt;Gurobi;AUTOMATIC;17.94;_bash_3;_seed_129_alpha_15p;8485.35;1;47.52;/dados/rmelo/PDPTW-SE/benchmark_multi_floor_v3/official_experiments/multistartlp/preliminar/set_01_pt_04/logs/heur_mslp/timelines/12R_12V_04F_03M/lr209_timeline_genconfig_mslp_seed_129_alpha_15p.txt;238.16;t2;0;1209.98;false
0.15;0.02;0.04;0.06;0.02;0.06;2;/dados/rmelo/PDPTW-SE/benchmark_multi_floor_v3/official_experiments/multistartlp/preliminar/set_01_pt_04/logs/heur_mslp/outputs/csvresults_heur_mslp_bash_3.csv;0;5;1;82;1;0.0;0.5;true;42;2;LR1_2_6_t1_40R_40V_02F_05M;/dados/rmelo/PDPTW-SE/benchmark_multi_floor_v3/official_experiments/multistartlp/preliminar/set_01_pt_04/configs/genconfig_mslp.conf;genconfig_mslp;/dados/rmelo/PDPTW-SE/benchmark_multi_floor_v3/official_experiments/multistartlp/preliminar/set_01_pt_04/logs/heur_mslp/gurobi/40R_40V_02F_05M/LR1_2_6_grb_genconfig_mslp_seed_129_alpha_15p.log;random;40R_40V_02F_05M;1;59197;1;/dados/rmelo/PDPTW-SE/benchmark_multi_floor_v3/official_experiments/multistartlp/preliminar/set_01_pt_04/../../../../instances/orig_ams_fg/40R_40V_02F_06M/t1/LR1_2_6/;60000;1775;0;9515.3;81;41;H;50;95;0;100.0;30.0;true;0.95;100.0;1.0;1.0;1.0;1.0;60;M;803;803;false;72;1.0;184.05;1.0;36;10;1000000;-1;3600;4.31;0.43;0.53;mslp;heur;0.16;0.2;-1;3600;60000;I;40;1.0;0.4;LR1_2_6;0;/dados/rmelo/PDPTW-SE/benchmark_multi_floor_v3/official_experiments/multistartlp/preliminar/set_01_pt_04/logs;0;0;0;98.66;100.0;1;129;/dados/rmelo/PDPTW-SE/benchmark_multi_floor_v3/official_experiments/multistartlp/preliminar/set_01_pt_04/logs/heur_mslp/solutions/40R_40V_02F_05M/LR1_2_6_sol_genconfig_mslp_seed_129_alpha_15p.txt;Gurobi;AUTOMATIC;17.97;_bash_3;_seed_129_alpha_15p;34.59;1;6.55;/dados/rmelo/PDPTW-SE/benchmark_multi_floor_v3/official_experiments/multistartlp/preliminar/set_01_pt_04/logs/heur_mslp/timelines/40R_40V_02F_05M/LR1_2_6_timeline_genconfig_mslp_seed_129_alpha_15p.txt;209.33;t1;0;7929.33;false
0.15;0.01;0.01;0.02;0.02;0.05;11;/dados/rmelo/PDPTW-SE/benchmark_multi_floor_v3/official_experiments/multistartlp/preliminar/set_01_pt_04/logs/heur_mslp/outputs/csvresults_heur_mslp_bash_3.csv;0;5;1;82;1;0.0;0.5;true;42;2;LR2_2_9_t2_40R_40V_02F_05M;/dados/rmelo/PDPTW-SE/benchmark_multi_floor_v3/official_experiments/multistartlp/preliminar/set_01_pt_04/configs/genconfig_mslp.conf;genconfig_mslp;/dados/rmelo/PDPTW-SE/benchmark_multi_floor_v3/official_experiments/multistartlp/preliminar/set_01_pt_04/logs/heur_mslp/gurobi/40R_40V_02F_05M/LR2_2_9_grb_genconfig_mslp_seed_129_alpha_15p.log;random;40R_40V_02F_05M;1;0;1;/dados/rmelo/PDPTW-SE/benchmark_multi_floor_v3/official_experiments/multistartlp/preliminar/set_01_pt_04/../../../../instances/orig_ams_fg/40R_40V_02F_06M/t2/LR2_2_9/;60000;40815;0;10834.52;81;41;H;50;95;0;100.0;30.0;true;0.95;100.0;1.0;1.0;1.0;1.0;60;M;60000;60000;false;74;0.77;179.34;1.0;37;10;1000000;-1;3600;7.28;0.64;0.95;mslp;heur;0.3;0.86;-1;3600;60000;I;40;1.0;0.12;LR2_2_9;0;/dados/rmelo/PDPTW-SE/benchmark_multi_floor_v3/official_experiments/multistartlp/preliminar/set_01_pt_04/logs;0;0;0;0.0;100.0;1;129;/dados/rmelo/PDPTW-SE/benchmark_multi_floor_v3/official_experiments/multistartlp/preliminar/set_01_pt_04/logs/heur_mslp/solutions/40R_40V_02F_05M/LR2_2_9_sol_genconfig_mslp_seed_129_alpha_15p.txt;Gurobi;AUTOMATIC;18.02;_bash_3;_seed_129_alpha_15p;4369.21;1;865.51;/dados/rmelo/PDPTW-SE/benchmark_multi_floor_v3/official_experiments/multistartlp/preliminar/set_01_pt_04/logs/heur_mslp/timelines/40R_40V_02F_05M/LR2_2_9_timeline_genconfig_mslp_seed_129_alpha_15p.txt;1269.78;t2;0;8123.15;false
0.15;0.09;0.15;0.24;0.0;0.02;7;/dados/rmelo/PDPTW-SE/benchmark_multi_floor_v3/official_experiments/multistartlp/preliminar/set_01_pt_04/logs/heur_mslp/outputs/csvresults_heur_mslp_bash_3.csv;0;5;1;82;1;0.0;0.5;true;42;2;LR1_2_10_t1_40R_40V_04F_05M;/dados/rmelo/PDPTW-SE/benchmark_multi_floor_v3/official_experiments/multistartlp/preliminar/set_01_pt_04/configs/genconfig_mslp.conf;genconfig_mslp;/dados/rmelo/PDPTW-SE/benchmark_multi_floor_v3/official_experiments/multistartlp/preliminar/set_01_pt_04/logs/heur_mslp/gurobi/40R_40V_04F_05M/LR1_2_10_grb_genconfig_mslp_seed_129_alpha_15p.log;random;40R_40V_04F_05M;1;59467;1;/dados/rmelo/PDPTW-SE/benchmark_multi_floor_v3/official_experiments/multistartlp/preliminar/set_01_pt_04/../../../../instances/orig_ams_fg/40R_40V_04F_06M/t1/LR1_2_10/;60000;21789;0;8505.96;81;41;H;50;95;0;100.0;30.0;true;0.95;100.0;1.0;1.0;1.0;1.0;60;M;533;533;false;72;0.89;178.35;1.0;36;10;1000000;-1;3600;6.23;0.7;0.55;mslp;heur;0.35;0.25;-1;3600;60000;I;40;1.0;0.42;LR1_2_10;0;/dados/rmelo/PDPTW-SE/benchmark_multi_floor_v3/official_experiments/multistartlp/preliminar/set_01_pt_04/logs;0;0;0;99.11;100.0;1;129;/dados/rmelo/PDPTW-SE/benchmark_multi_floor_v3/official_experiments/multistartlp/preliminar/set_01_pt_04/logs/heur_mslp/solutions/40R_40V_04F_05M/LR1_2_10_sol_genconfig_mslp_seed_129_alpha_15p.txt;Gurobi;AUTOMATIC;17.91;_bash_3;_seed_129_alpha_15p;33.19;1;94.91;/dados/rmelo/PDPTW-SE/benchmark_multi_floor_v3/official_experiments/multistartlp/preliminar/set_01_pt_04/logs/heur_mslp/timelines/40R_40V_04F_05M/LR1_2_10_timeline_genconfig_mslp_seed_129_alpha_15p.txt;262.83;t1;0;7492.18;false
0.15;0.03;0.04;0.07;0.0;0.07;13;/dados/rmelo/PDPTW-SE/benchmark_multi_floor_v3/official_experiments/multistartlp/preliminar/set_01_pt_04/logs/heur_mslp/outputs/csvresults_heur_mslp_bash_3.csv;0;5;1;82;1;0.0;0.5;true;42;2;LR2_2_6_t2_40R_40V_04F_05M;/dados/rmelo/PDPTW-SE/benchmark_multi_floor_v3/official_experiments/multistartlp/preliminar/set_01_pt_04/configs/genconfig_mslp.conf;genconfig_mslp;/dados/rmelo/PDPTW-SE/benchmark_multi_floor_v3/official_experiments/multistartlp/preliminar/set_01_pt_04/logs/heur_mslp/gurobi/40R_40V_04F_05M/LR2_2_6_grb_genconfig_mslp_seed_129_alpha_15p.log;random;40R_40V_04F_05M;1;0;1;/dados/rmelo/PDPTW-SE/benchmark_multi_floor_v3/official_experiments/multistartlp/preliminar/set_01_pt_04/../../../../instances/orig_ams_fg/40R_40V_04F_06M/t2/LR2_2_6/;60000;26808;0;10397.09;81;41;H;50;95;0;100.0;30.0;true;0.95;100.0;1.0;1.0;1.0;1.0;60;M;60000;60000;false;80;0.86;192.66;1.0;40;10;1000000;-1;3600;3.25;0.79;0.9;mslp;heur;0.75;0.66;-1;3600;60000;I;40;0.8;0.1;LR2_2_6;0;/dados/rmelo/PDPTW-SE/benchmark_multi_floor_v3/official_experiments/multistartlp/preliminar/set_01_pt_04/logs;0;0;0;0.0;100.0;1;129;/dados/rmelo/PDPTW-SE/benchmark_multi_floor_v3/official_experiments/multistartlp/preliminar/set_01_pt_04/logs/heur_mslp/solutions/40R_40V_04F_05M/LR2_2_6_sol_genconfig_mslp_seed_129_alpha_15p.txt;Gurobi;AUTOMATIC;17.51;_bash_3;_seed_129_alpha_15p;1950.38;1;1136.58;/dados/rmelo/PDPTW-SE/benchmark_multi_floor_v3/official_experiments/multistartlp/preliminar/set_01_pt_04/logs/heur_mslp/timelines/40R_40V_04F_05M/LR2_2_6_timeline_genconfig_mslp_seed_129_alpha_15p.txt;2539.68;t2;0;7969.29;false
0.15;0.04;0.08;0.12;0.0;0.07;4;/dados/rmelo/PDPTW-SE/benchmark_multi_floor_v3/official_experiments/multistartlp/preliminar/set_01_pt_04/logs/heur_mslp/outputs/csvresults_heur_mslp_bash_3.csv;0;5;1;122;1;0.0;0.5;true;62;2;LR1_2_6_t1_60R_60V_02F_05M;/dados/rmelo/PDPTW-SE/benchmark_multi_floor_v3/official_experiments/multistartlp/preliminar/set_01_pt_04/configs/genconfig_mslp.conf;genconfig_mslp;/dados/rmelo/PDPTW-SE/benchmark_multi_floor_v3/official_experiments/multistartlp/preliminar/set_01_pt_04/logs/heur_mslp/gurobi/60R_60V_02F_05M/LR1_2_6_grb_genconfig_mslp_seed_129_alpha_15p.log;random;60R_60V_02F_05M;1;58034;1;/dados/rmelo/PDPTW-SE/benchmark_multi_floor_v3/official_experiments/multistartlp/preliminar/set_01_pt_04/../../../../instances/orig_ams_fg/60R_60V_02F_06M/t1/LR1_2_6/;60000;48541;0;12053.81;121;61;H;50;95;0;100.0;30.0;true;0.95;100.0;1.0;1.0;1.0;1.0;60;M;1966;1966;false;82;0.95;191.73;0.93;41;10;1000000;-1;3600;4.92;0.65;0.53;mslp;heur;0.32;0.13;-1;3600;60000;I;60;1.0;0.4;LR1_2_6;0;/dados/rmelo/PDPTW-SE/benchmark_multi_floor_v3/official_experiments/multistartlp/preliminar/set_01_pt_04/logs;0;0;0;96.72;100.0;1;129;/dados/rmelo/PDPTW-SE/benchmark_multi_floor_v3/official_experiments/multistartlp/preliminar/set_01_pt_04/logs/heur_mslp/solutions/60R_60V_02F_05M/LR1_2_6_sol_genconfig_mslp_seed_129_alpha_15p.txt;Gurobi;AUTOMATIC;17.76;_bash_3;_seed_129_alpha_15p;96.82;1;387.92;/dados/rmelo/PDPTW-SE/benchmark_multi_floor_v3/official_experiments/multistartlp/preliminar/set_01_pt_04/logs/heur_mslp/timelines/60R_60V_02F_05M/LR1_2_6_timeline_genconfig_mslp_seed_129_alpha_15p.txt;478.09;t1;0;9935.22;false
0.15;0.01;0.02;0.02;0.0;0.07;3;/dados/rmelo/PDPTW-SE/benchmark_multi_floor_v3/official_experiments/multistartlp/preliminar/set_01_pt_04/logs/heur_mslp/outputs/csvresults_heur_mslp_bash_3.csv;0;5;1;122;1;0.0;0.5;true;62;2;LR2_2_6_t2_60R_60V_02F_05M;/dados/rmelo/PDPTW-SE/benchmark_multi_floor_v3/official_experiments/multistartlp/preliminar/set_01_pt_04/configs/genconfig_mslp.conf;genconfig_mslp;/dados/rmelo/PDPTW-SE/benchmark_multi_floor_v3/official_experiments/multistartlp/preliminar/set_01_pt_04/logs/heur_mslp/gurobi/60R_60V_02F_05M/LR2_2_6_grb_genconfig_mslp_seed_129_alpha_15p.log;random;60R_60V_02F_05M;1;0;1;/dados/rmelo/PDPTW-SE/benchmark_multi_floor_v3/official_experiments/multistartlp/preliminar/set_01_pt_04/../../../../instances/orig_ams_fg/60R_60V_02F_06M/t2/LR2_2_6/;56273;54430;0;13534.09;121;61;H;50;95;0;100.0;30.0;true;0.95;100.0;1.0;1.0;1.0;1.0;60;M;56273;56273;false;80;0.83;185.63;1.0;40;10;1000000;-1;3600;5.31;0.68;0.99;mslp;heur;0.24;0.96;-1;3600;60000;I;60;1.0;0.1;LR2_2_6;0;/dados/rmelo/PDPTW-SE/benchmark_multi_floor_v3/official_experiments/multistartlp/preliminar/set_01_pt_04/logs;0;0;0;0.0;100.0;1;129;/dados/rmelo/PDPTW-SE/benchmark_multi_floor_v3/official_experiments/multistartlp/preliminar/set_01_pt_04/logs/heur_mslp/solutions/60R_60V_02F_05M/LR2_2_6_sol_genconfig_mslp_seed_129_alpha_15p.txt;Gurobi;AUTOMATIC;17.57;_bash_3;_seed_129_alpha_15p;2988.2;1;3481.95;/dados/rmelo/PDPTW-SE/benchmark_multi_floor_v3/official_experiments/multistartlp/preliminar/set_01_pt_04/logs/heur_mslp/timelines/60R_60V_02F_05M/LR2_2_6_timeline_genconfig_mslp_seed_129_alpha_15p.txt;3600.01;t2;0;10338.21;false
0.15;0.15;0.19;0.34;0.0;0.07;7;/dados/rmelo/PDPTW-SE/benchmark_multi_floor_v3/official_experiments/multistartlp/preliminar/set_01_pt_04/logs/heur_mslp/outputs/csvresults_heur_mslp_bash_3.csv;0;5;1;122;1;0.0;0.5;true;62;2;LR1_2_9_t1_60R_60V_04F_05M;/dados/rmelo/PDPTW-SE/benchmark_multi_floor_v3/official_experiments/multistartlp/preliminar/set_01_pt_04/configs/genconfig_mslp.conf;genconfig_mslp;/dados/rmelo/PDPTW-SE/benchmark_multi_floor_v3/official_experiments/multistartlp/preliminar/set_01_pt_04/logs/heur_mslp/gurobi/60R_60V_04F_05M/LR1_2_9_grb_genconfig_mslp_seed_129_alpha_15p.log;random;60R_60V_04F_05M;1;59949;1;/dados/rmelo/PDPTW-SE/benchmark_multi_floor_v3/official_experiments/multistartlp/preliminar/set_01_pt_04/../../../../instances/orig_ams_fg/60R_60V_04F_06M/t1/LR1_2_9/;60000;34553;0;14848.13;121;61;H;50;95;0;100.0;30.0;true;0.95;100.0;1.0;1.0;1.0;1.0;60;M;51;51;false;86;0.98;198.99;0.95;43;10;1000000;-1;3600;7.68;0.67;0.5;mslp;heur;0.36;0.14;-1;3600;60000;I;60;1.0;0.45;LR1_2_9;0;/dados/rmelo/PDPTW-SE/benchmark_multi_floor_v3/official_experiments/multistartlp/preliminar/set_01_pt_04/logs;0;0;0;99.92;100.0;1;129;/dados/rmelo/PDPTW-SE/benchmark_multi_floor_v3/official_experiments/multistartlp/preliminar/set_01_pt_04/logs/heur_mslp/solutions/60R_60V_04F_05M/LR1_2_9_sol_genconfig_mslp_seed_129_alpha_15p.txt;Gurobi;AUTOMATIC;17.85;_bash_3;_seed_129_alpha_15p;3.92;1;293.36;/dados/rmelo/PDPTW-SE/benchmark_multi_floor_v3/official_experiments/multistartlp/preliminar/set_01_pt_04/logs/heur_mslp/timelines/60R_60V_04F_05M/LR1_2_9_timeline_genconfig_mslp_seed_129_alpha_15p.txt;509.96;t1;0;12487.93;false
0.15;0.03;0.05;0.07;0.0;0.0;1;/dados/rmelo/PDPTW-SE/benchmark_multi_floor_v3/official_experiments/multistartlp/preliminar/set_01_pt_04/logs/heur_mslp/outputs/csvresults_heur_mslp_bash_3.csv;0;5;1;122;1;0.0;0.5;true;62;2;LR2_2_7_t2_60R_60V_04F_05M;/dados/rmelo/PDPTW-SE/benchmark_multi_floor_v3/official_experiments/multistartlp/preliminar/set_01_pt_04/configs/genconfig_mslp.conf;genconfig_mslp;/dados/rmelo/PDPTW-SE/benchmark_multi_floor_v3/official_experiments/multistartlp/preliminar/set_01_pt_04/logs/heur_mslp/gurobi/60R_60V_04F_05M/LR2_2_7_grb_genconfig_mslp_seed_129_alpha_15p.log;random;60R_60V_04F_05M;1;7898;1;/dados/rmelo/PDPTW-SE/benchmark_multi_floor_v3/official_experiments/multistartlp/preliminar/set_01_pt_04/../../../../instances/orig_ams_fg/60R_60V_04F_06M/t2/LR2_2_7/;31769;1;0;14159.73;121;61;H;50;95;0;100.0;30.0;true;0.95;100.0;1.0;1.0;1.0;1.0;60;M;23871;23871;false;78;0.89;195.28;1.0;39;10;1000000;-1;3600;1.52;0.71;0.92;mslp;heur;0.18;0.68;-1;3600;60000;I;60;1.0;0.1;LR2_2_7;0;/dados/rmelo/PDPTW-SE/benchmark_multi_floor_v3/official_experiments/multistartlp/preliminar/set_01_pt_04/logs;0;0;0;24.86;100.0;1;129;/dados/rmelo/PDPTW-SE/benchmark_multi_floor_v3/official_experiments/multistartlp/preliminar/set_01_pt_04/logs/heur_mslp/solutions/60R_60V_04F_05M/LR2_2_7_sol_genconfig_mslp_seed_129_alpha_15p.txt;Gurobi;AUTOMATIC;17.56;_bash_3;_seed_129_alpha_15p;362.41;1;0.16;/dados/rmelo/PDPTW-SE/benchmark_multi_floor_v3/official_experiments/multistartlp/preliminar/set_01_pt_04/logs/heur_mslp/timelines/60R_60V_04F_05M/LR2_2_7_timeline_genconfig_mslp_seed_129_alpha_15p.txt;3600.01;t2;0;10775.82;false
0.15;0.01;0.06;0.07;0.0;0.0;3;/dados/rmelo/PDPTW-SE/benchmark_multi_floor_v3/official_experiments/multistartlp/preliminar/set_01_pt_04/logs/heur_mslp/outputs/csvresults_heur_mslp_bash_3.csv;0;3;1;18;1;0.0;0.5;true;10;2;lr107_t1_08R_08V_02F_03M;/dados/rmelo/PDPTW-SE/benchmark_multi_floor_v3/official_experiments/multistartlp/preliminar/set_01_pt_04/configs/genconfig_mslp.conf;genconfig_mslp;/dados/rmelo/PDPTW-SE/benchmark_multi_floor_v3/official_experiments/multistartlp/preliminar/set_01_pt_04/logs/heur_mslp/gurobi/08R_08V_02F_03M/lr107_grb_genconfig_mslp_seed_136_alpha_15p.log;random;08R_08V_02F_03M;1;0;1;/dados/rmelo/PDPTW-SE/benchmark_multi_floor_v3/official_experiments/multistartlp/preliminar/set_01_pt_04/../../../../instances/orig_ams_fg/08R_08V_02F_04M/t1/lr107/;60000;4;0;1100.2;17;9;H;50;95;0;100.0;30.0;true;0.95;100.0;1.0;1.0;1.0;1.0;60;M;60000;60000;false;40;0.94;80.43;0.73;20;10;1000000;-1;3600;16.04;0.73;0.57;mslp;heur;0.47;0.36;-1;3600;60000;I;8;1.0;0.62;lr107;0;/dados/rmelo/PDPTW-SE/benchmark_multi_floor_v3/official_experiments/multistartlp/preliminar/set_01_pt_04/logs;0;0;0;0.0;100.0;1;136;/dados/rmelo/PDPTW-SE/benchmark_multi_floor_v3/official_experiments/multistartlp/preliminar/set_01_pt_04/logs/heur_mslp/solutions/08R_08V_02F_03M/lr107_sol_genconfig_mslp_seed_136_alpha_15p.txt;Gurobi;AUTOMATIC;17.64;_bash_3;_seed_136_alpha_15p;9625.66;1;0.28;/dados/rmelo/PDPTW-SE/benchmark_multi_floor_v3/official_experiments/multistartlp/preliminar/set_01_pt_04/logs/heur_mslp/timelines/08R_08V_02F_03M/lr107_timeline_genconfig_mslp_seed_136_alpha_15p.txt;99.81;t1;0;843.14;false
0.15;0.0;0.02;0.02;0.0;0.0;4;/dados/rmelo/PDPTW-SE/benchmark_multi_floor_v3/official_experiments/multistartlp/preliminar/set_01_pt_04/logs/heur_mslp/outputs/csvresults_heur_mslp_bash_3.csv;0;3;1;18;1;0.0;0.5;true;10;2;lr210_t2_08R_08V_02F_03M;/dados/rmelo/PDPTW-SE/benchmark_multi_floor_v3/official_experiments/multistartlp/preliminar/set_01_pt_04/configs/genconfig_mslp.conf;genconfig_mslp;/dados/rmelo/PDPTW-SE/benchmark_multi_floor_v3/official_experiments/multistartlp/preliminar/set_01_pt_04/logs/heur_mslp/gurobi/08R_08V_02F_03M/lr210_grb_genconfig_mslp_seed_136_alpha_15p.log;random;08R_08V_02F_03M;1;835;1;/dados/rmelo/PDPTW-SE/benchmark_multi_floor_v3/official_experiments/multistartlp/preliminar/set_01_pt_04/../../../../instances/orig_ams_fg/08R_08V_02F_04M/t2/lr210/;60000;6150;0;912.55;17;9;H;50;95;0;100.0;30.0;true;0.95;100.0;1.0;1.0;1.0;1.0;60;M;59165;59165;false;58;0.71;75.46;0.93;29;10;1000000;-1;3600;30.88;0.71;0.93;mslp;heur;0.71;0.93;-1;3600;60000;I;8;0.67;0.12;lr210;0;/dados/rmelo/PDPTW-SE/benchmark_multi_floor_v3/official_experiments/multistartlp/preliminar/set_01_pt_04/logs;0;0;0;1.39;100.0;1;136;/dados/rmelo/PDPTW-SE/benchmark_multi_floor_v3/official_experiments/multistartlp/preliminar/set_01_pt_04/logs/heur_mslp/solutions/08R_08V_02F_03M/lr210_sol_genconfig_mslp_seed_136_alpha_15p.txt;Gurobi;AUTOMATIC;17.55;_bash_3;_seed_136_alpha_15p;18271.39;1;12.69;/dados/rmelo/PDPTW-SE/benchmark_multi_floor_v3/official_experiments/multistartlp/preliminar/set_01_pt_04/logs/heur_mslp/timelines/08R_08V_02F_03M/lr210_timeline_genconfig_mslp_seed_136_alpha_15p.txt;122.31;t2;0;711.29;false
0.15;0.1;0.19;0.29;0.0;0.05;10;/dados/rmelo/PDPTW-SE/benchmark_multi_floor_v3/official_experiments/multistartlp/preliminar/set_01_pt_04/logs/heur_mslp/outputs/csvresults_heur_mslp_bash_3.csv;0;3;1;18;1;0.0;0.5;true;10;2;lr106_t1_08R_08V_04F_03M;/dados/rmelo/PDPTW-SE/benchmark_multi_floor_v3/official_experiments/multistartlp/preliminar/set_01_pt_04/configs/genconfig_mslp.conf;genconfig_mslp;/dados/rmelo/PDPTW-SE/benchmark_multi_floor_v3/official_experiments/multistartlp/preliminar/set_01_pt_04/logs/heur_mslp/gurobi/08R_08V_04F_03M/lr106_grb_genconfig_mslp_seed_136_alpha_15p.log;random;08R_08V_04F_03M;1;17131;1;/dados/rmelo/PDPTW-SE/benchmark_multi_floor_v3/official_experiments/multistartlp/preliminar/set_01_pt_04/../../../../instances/orig_ams_fg/08R_08V_04F_04M/t1/lr106/;60000;2203;0;1497.54;17;9;H;50;95;0;100.0;30.0;true;0.95;100.0;1.0;1.0;1.0;1.0;60;M;42869;42869;false;52;0.82;85.78;0.67;26;10;1000000;-1;3600;19.17;0.62;0.32;mslp;heur;0.35;0.09;-1;3600;60000;I;8;1.0;0.88;lr106;0;/dados/rmelo/PDPTW-SE/benchmark_multi_floor_v3/official_experiments/multistartlp/preliminar/set_01_pt_04/logs;0;0;0;28.55;100.0;1;136;/dados/rmelo/PDPTW-SE/benchmark_multi_floor_v3/official_experiments/multistartlp/preliminar/set_01_pt_04/logs/heur_mslp/solutions/08R_08V_04F_03M/lr106_sol_genconfig_mslp_seed_136_alpha_15p.txt;Gurobi;AUTOMATIC;17.94;_bash_3;_seed_136_alpha_15p;8219.54;1;3.91;/dados/rmelo/PDPTW-SE/benchmark_multi_floor_v3/official_experiments/multistartlp/preliminar/set_01_pt_04/logs/heur_mslp/timelines/08R_08V_04F_03M/lr106_timeline_genconfig_mslp_seed_136_alpha_15p.txt;96.92;t1;0;1010.71;false
0.15;0.01;0.03;0.04;0.0;0.0;7;/dados/rmelo/PDPTW-SE/benchmark_multi_floor_v3/official_experiments/multistartlp/preliminar/set_01_pt_04/logs/heur_mslp/outputs/csvresults_heur_mslp_bash_3.csv;0;3;1;18;1;0.0;0.5;true;10;2;lr209_t2_08R_08V_04F_03M;/dados/rmelo/PDPTW-SE/benchmark_multi_floor_v3/official_experiments/multistartlp/preliminar/set_01_pt_04/configs/genconfig_mslp.conf;genconfig_mslp;/dados/rmelo/PDPTW-SE/benchmark_multi_floor_v3/official_experiments/multistartlp/preliminar/set_01_pt_04/logs/heur_mslp/gurobi/08R_08V_04F_03M/lr209_grb_genconfig_mslp_seed_136_alpha_15p.log;random;08R_08V_04F_03M;1;0;1;/dados/rmelo/PDPTW-SE/benchmark_multi_floor_v3/official_experiments/multistartlp/preliminar/set_01_pt_04/../../../../instances/orig_ams_fg/08R_08V_04F_04M/t2/lr209/;60000;7062;0;1461.06;17;9;H;50;95;0;100.0;30.0;true;0.95;100.0;1.0;1.0;1.0;1.0;60;M;55216;60000;false;46;0.68;79.88;0.93;23;10;1000000;-1;3600;21.5;0.42;0.72;mslp;heur;0.16;0.5;-1;3600;60000;I;8;0.67;0.25;lr209;0;/dados/rmelo/PDPTW-SE/benchmark_multi_floor_v3/official_experiments/multistartlp/preliminar/set_01_pt_04/logs;0;0;0;0.0;92.03;1;136;/dados/rmelo/PDPTW-SE/benchmark_multi_floor_v3/official_experiments/multistartlp/preliminar/set_01_pt_04/logs/heur_mslp/solutions/08R_08V_04F_03M/lr209_sol_genconfig_mslp_seed_136_alpha_15p.txt;Gurobi;AUTOMATIC;17.74;_bash_3;_seed_136_alpha_15p;12897.87;1;18.03;/dados/rmelo/PDPTW-SE/benchmark_multi_floor_v3/official_experiments/multistartlp/preliminar/set_01_pt_04/logs/heur_mslp/timelines/08R_08V_04F_03M/lr209_timeline_genconfig_mslp_seed_136_alpha_15p.txt;149.73;t2;0;838.87;false
0.15;0.04;0.07;0.11;0.0;0.0;7;/dados/rmelo/PDPTW-SE/benchmark_multi_floor_v3/official_experiments/multistartlp/preliminar/set_01_pt_04/logs/heur_mslp/outputs/csvresults_heur_mslp_bash_3.csv;0;3;1;26;1;0.0;0.5;true;14;2;lr109_t1_12R_12V_02F_03M;/dados/rmelo/PDPTW-SE/benchmark_multi_floor_v3/official_experiments/multistartlp/preliminar/set_01_pt_04/configs/genconfig_mslp.conf;genconfig_mslp;/dados/rmelo/PDPTW-SE/benchmark_multi_floor_v3/official_experiments/multistartlp/preliminar/set_01_pt_04/logs/heur_mslp/gurobi/12R_12V_02F_03M/lr109_grb_genconfig_mslp_seed_136_alpha_15p.log;random;12R_12V_02F_03M;1;14425;1;/dados/rmelo/PDPTW-SE/benchmark_multi_floor_v3/official_experiments/multistartlp/preliminar/set_01_pt_04/../../../../instances/orig_ams_fg/12R_12V_02F_04M/t1/lr109/;60000;8921;0;1233.47;25;13;H;50;95;0;100.0;30.0;true;0.95;100.0;1.0;1.0;1.0;1.0;60;M;45575;45575;false;58;0.79;78.59;0.95;29;10;1000000;-1;3600;9.51;0.63;0.45;mslp;heur;0.53;0.21;-1;3600;60000;I;12;1.0;0.58;lr109;0;/dados/rmelo/PDPTW-SE/benchmark_multi_floor_v3/official_experiments/multistartlp/preliminar/set_01_pt_04/logs;0;0;0;24.04;100.0;1;136;/dados/rmelo/PDPTW-SE/benchmark_multi_floor_v3/official_experiments/multistartlp/preliminar/set_01_pt_04/logs/heur_mslp/solutions/12R_12V_02F_03M/lr109_sol_genconfig_mslp_seed_136_alpha_15p.txt;Gurobi;AUTOMATIC;17.94;_bash_3;_seed_136_alpha_15p;4336.08;1;17.53;/dados/rmelo/PDPTW-SE/benchmark_multi_floor_v3/official_experiments/multistartlp/preliminar/set_01_pt_04/logs/heur_mslp/timelines/12R_12V_02F_03M/lr109_timeline_genconfig_mslp_seed_136_alpha_15p.txt;114.72;t1;0;1006.78;false
0.15;0.01;0.01;0.02;0.0;0.0;9;/dados/rmelo/PDPTW-SE/benchmark_multi_floor_v3/official_experiments/multistartlp/preliminar/set_01_pt_04/logs/heur_mslp/outputs/csvresults_heur_mslp_bash_3.csv;0;3;1;26;1;0.0;0.5;true;14;2;lr207_t2_12R_12V_02F_03M;/dados/rmelo/PDPTW-SE/benchmark_multi_floor_v3/official_experiments/multistartlp/preliminar/set_01_pt_04/configs/genconfig_mslp.conf;genconfig_mslp;/dados/rmelo/PDPTW-SE/benchmark_multi_floor_v3/official_experiments/multistartlp/preliminar/set_01_pt_04/logs/heur_mslp/gurobi/12R_12V_02F_03M/lr207_grb_genconfig_mslp_seed_136_alpha_15p.log;random;12R_12V_02F_03M;1;0;1;/dados/rmelo/PDPTW-SE/benchmark_multi_floor_v3/official_experiments/multistartlp/preliminar/set_01_pt_04/../../../../instances/orig_ams_fg/12R_12V_02F_04M/t2/lr207/;60000;23216;0;1689.46;25;13;H;50;95;0;100.0;30.0;true;0.95;100.0;1.0;1.0;1.0;1.0;60;M;59975;60000;false;40;0.74;83.45;0.95;20;10;1000000;-1;3600;13.18;0.56;0.94;mslp;heur;0.37;0.92;-1;3600;60000;I;12;1.0;0.17;lr207;0;/dados/rmelo/PDPTW-SE/benchmark_multi_floor_v3/official_experiments/multistartlp/preliminar/set_01_pt_04/logs;0;0;0;0.0;99.96;1;136;/dados/rmelo/PDPTW-SE/benchmark_multi_floor_v3/official_experiments/multistartlp/preliminar/set_01_pt_04/logs/heur_mslp/solutions/12R_12V_02F_03M/lr207_sol_genconfig_mslp_seed_136_alpha_15p.txt;Gurobi;AUTOMATIC;17.83;_bash_3;_seed_136_alpha_15p;7909.76;1;90.7;/dados/rmelo/PDPTW-SE/benchmark_multi_floor_v3/official_experiments/multistartlp/preliminar/set_01_pt_04/logs/heur_mslp/timelines/12R_12V_02F_03M/lr207_timeline_genconfig_mslp_seed_136_alpha_15p.txt;232.91;t2;0;1111.23;false
0.15;0.2;0.29;0.49;0.0;0.02;6;/dados/rmelo/PDPTW-SE/benchmark_multi_floor_v3/official_experiments/multistartlp/preliminar/set_01_pt_04/logs/heur_mslp/outputs/csvresults_heur_mslp_bash_3.csv;0;3;1;26;1;0.0;0.5;true;14;2;lr106_t1_12R_12V_04F_03M;/dados/rmelo/PDPTW-SE/benchmark_multi_floor_v3/official_experiments/multistartlp/preliminar/set_01_pt_04/configs/genconfig_mslp.conf;genconfig_mslp;/dados/rmelo/PDPTW-SE/benchmark_multi_floor_v3/official_experiments/multistartlp/preliminar/set_01_pt_04/logs/heur_mslp/gurobi/12R_12V_04F_03M/lr106_grb_genconfig_mslp_seed_136_alpha_15p.log;random;12R_12V_04F_03M;1;41776;1;/dados/rmelo/PDPTW-SE/benchmark_multi_floor_v3/official_experiments/multistartlp/preliminar/set_01_pt_04/../../../../instances/orig_ams_fg/12R_12V_04F_04M/t1/lr106/;60000;53074;0;1800.57;25;13;H;50;95;0;100.0;30.0;true;0.95;100.0;1.0;1.0;1.0;1.0;60;M;18224;18224;false;52;1.0;86.16;0.97;26;10;1000000;-1;3600;11.48;0.68;0.43;mslp;heur;0.41;0.15;-1;3600;60000;I;12;1.0;0.75;lr106;0;/dados/rmelo/PDPTW-SE/benchmark_multi_floor_v3/official_experiments/multistartlp/preliminar/set_01_pt_04/logs;0;0;0;69.63;100.0;1;136;/dados/rmelo/PDPTW-SE/benchmark_multi_floor_v3/official_experiments/multistartlp/preliminar/set_01_pt_04/logs/heur_mslp/solutions/12R_12V_04F_03M/lr106_sol_genconfig_mslp_seed_136_alpha_15p.txt;Gurobi;AUTOMATIC;17.84;_bash_3;_seed_136_alpha_15p;2092.87;1;68.0;/dados/rmelo/PDPTW-SE/benchmark_multi_floor_v3/official_experiments/multistartlp/preliminar/set_01_pt_04/logs/heur_mslp/timelines/12R_12V_04F_03M/lr106_timeline_genconfig_mslp_seed_136_alpha_15p.txt;77.05;t1;0;1416.45;false
0.15;0.02;0.03;0.05;0.0;0.01;20;/dados/rmelo/PDPTW-SE/benchmark_multi_floor_v3/official_experiments/multistartlp/preliminar/set_01_pt_04/logs/heur_mslp/outputs/csvresults_heur_mslp_bash_3.csv;0;3;1;26;1;0.0;0.5;true;14;2;lr209_t2_12R_12V_04F_03M;/dados/rmelo/PDPTW-SE/benchmark_multi_floor_v3/official_experiments/multistartlp/preliminar/set_01_pt_04/configs/genconfig_mslp.conf;genconfig_mslp;/dados/rmelo/PDPTW-SE/benchmark_multi_floor_v3/official_experiments/multistartlp/preliminar/set_01_pt_04/logs/heur_mslp/gurobi/12R_12V_04F_03M/lr209_grb_genconfig_mslp_seed_136_alpha_15p.log;random;12R_12V_04F_03M;1;0;1;/dados/rmelo/PDPTW-SE/benchmark_multi_floor_v3/official_experiments/multistartlp/preliminar/set_01_pt_04/../../../../instances/orig_ams_fg/12R_12V_04F_04M/t2/lr209/;60000;39742;0;1646.69;25;13;H;50;95;0;100.0;30.0;true;0.95;100.0;1.0;1.0;1.0;1.0;60;M;60000;60000;false;46;0.71;91.85;1.0;23;10;1000000;-1;3600;14.12;0.6;0.92;mslp;heur;0.48;0.83;-1;3600;60000;I;12;1.0;0.17;lr209;0;/dados/rmelo/PDPTW-SE/benchmark_multi_floor_v3/official_experiments/multistartlp/preliminar/set_01_pt_04/logs;0;0;0;0.0;100.0;1;136;/dados/rmelo/PDPTW-SE/benchmark_multi_floor_v3/official_experiments/multistartlp/preliminar/set_01_pt_04/logs/heur_mslp/solutions/12R_12V_04F_03M/lr209_sol_genconfig_mslp_seed_136_alpha_15p.txt;Gurobi;AUTOMATIC;17.76;_bash_3;_seed_136_alpha_15p;8471.45;1;159.72;/dados/rmelo/PDPTW-SE/benchmark_multi_floor_v3/official_experiments/multistartlp/preliminar/set_01_pt_04/logs/heur_mslp/timelines/12R_12V_04F_03M/lr209_timeline_genconfig_mslp_seed_136_alpha_15p.txt;240.11;t2;0;1196.49;false
0.15;0.02;0.04;0.06;0.0;0.06;3;/dados/rmelo/PDPTW-SE/benchmark_multi_floor_v3/official_experiments/multistartlp/preliminar/set_01_pt_04/logs/heur_mslp/outputs/csvresults_heur_mslp_bash_3.csv;0;5;1;82;1;0.0;0.5;true;42;2;LR1_2_6_t1_40R_40V_02F_05M;/dados/rmelo/PDPTW-SE/benchmark_multi_floor_v3/official_experiments/multistartlp/preliminar/set_01_pt_04/configs/genconfig_mslp.conf;genconfig_mslp;/dados/rmelo/PDPTW-SE/benchmark_multi_floor_v3/official_experiments/multistartlp/preliminar/set_01_pt_04/logs/heur_mslp/gurobi/40R_40V_02F_05M/LR1_2_6_grb_genconfig_mslp_seed_136_alpha_15p.log;random;40R_40V_02F_05M;1;59142;1;/dados/rmelo/PDPTW-SE/benchmark_multi_floor_v3/official_experiments/multistartlp/preliminar/set_01_pt_04/../../../../instances/orig_ams_fg/40R_40V_02F_06M/t1/LR1_2_6/;60000;47961;0;10010.45;81;41;H;50;95;0;100.0;30.0;true;0.95;100.0;1.0;1.0;1.0;1.0;60;M;858;858;false;72;0.96;184.05;0.97;36;10;1000000;-1;3600;4.31;0.42;0.56;mslp;heur;0.16;0.12;-1;3600;60000;I;40;1.0;0.4;LR1_2_6;0;/dados/rmelo/PDPTW-SE/benchmark_multi_floor_v3/official_experiments/multistartlp/preliminar/set_01_pt_04/logs;0;0;0;98.57;100.0;1;136;/dados/rmelo/PDPTW-SE/benchmark_multi_floor_v3/official_experiments/multistartlp/preliminar/set_01_pt_04/logs/heur_mslp/solutions/40R_40V_02F_05M/LR1_2_6_sol_genconfig_mslp_seed_136_alpha_15p.txt;Gurobi;AUTOMATIC;17.73;_bash_3;_seed_136_alpha_15p;37.02;1;165.52;/dados/rmelo/PDPTW-SE/benchmark_multi_floor_v3/official_experiments/multistartlp/preliminar/set_01_pt_04/logs/heur_mslp/timelines/40R_40V_02F_05M/LR1_2_6_timeline_genconfig_mslp_seed_136_alpha_15p.txt;206.87;t1;0;7760.49;false
0.15;0.01;0.01;0.02;0.01;0.18;8;/dados/rmelo/PDPTW-SE/benchmark_multi_floor_v3/official_experiments/multistartlp/preliminar/set_01_pt_04/logs/heur_mslp/outputs/csvresults_heur_mslp_bash_3.csv;0;5;1;82;1;0.0;0.5;true;42;2;LR2_2_9_t2_40R_40V_02F_05M;/dados/rmelo/PDPTW-SE/benchmark_multi_floor_v3/official_experiments/multistartlp/preliminar/set_01_pt_04/configs/genconfig_mslp.conf;genconfig_mslp;/dados/rmelo/PDPTW-SE/benchmark_multi_floor_v3/official_experiments/multistartlp/preliminar/set_01_pt_04/logs/heur_mslp/gurobi/40R_40V_02F_05M/LR2_2_9_grb_genconfig_mslp_seed_136_alpha_15p.log;random;40R_40V_02F_05M;1;0;1;/dados/rmelo/PDPTW-SE/benchmark_multi_floor_v3/official_experiments/multistartlp/preliminar/set_01_pt_04/../../../../instances/orig_ams_fg/40R_40V_02F_06M/t2/LR2_2_9/;60000;25233;0;11415.66;81;41;H;50;95;0;100.0;30.0;true;0.95;100.0;1.0;1.0;1.0;1.0;60;M;60000;60000;false;74;0.76;179.34;1.0;37;10;1000000;-1;3600;7.3;0.64;0.95;mslp;heur;0.33;0.86;-1;3600;60000;I;40;0.8;0.12;LR2_2_9;0;/dados/rmelo/PDPTW-SE/benchmark_multi_floor_v3/official_experiments/multistartlp/preliminar/set_01_pt_04/logs;0;0;0;0.0;100.0;1;136;/dados/rmelo/PDPTW-SE/benchmark_multi_floor_v3/official_experiments/multistartlp/preliminar/set_01_pt_04/logs/heur_mslp/solutions/40R_40V_02F_05M/LR2_2_9_sol_genconfig_mslp_seed_136_alpha_15p.txt;Gurobi;AUTOMATIC;17.68;_bash_3;_seed_136_alpha_15p;4379.98;1;533.7;/dados/rmelo/PDPTW-SE/benchmark_multi_floor_v3/official_experiments/multistartlp/preliminar/set_01_pt_04/logs/heur_mslp/timelines/40R_40V_02F_05M/LR2_2_9_timeline_genconfig_mslp_seed_136_alpha_15p.txt;1264.37;t2;0;8114.41;false
0.15;0.11;0.17;0.28;0.0;0.02;8;/dados/rmelo/PDPTW-SE/benchmark_multi_floor_v3/official_experiments/multistartlp/preliminar/set_01_pt_04/logs/heur_mslp/outputs/csvresults_heur_mslp_bash_3.csv;0;5;1;82;1;0.0;0.5;true;42;2;LR1_2_10_t1_40R_40V_04F_05M;/dados/rmelo/PDPTW-SE/benchmark_multi_floor_v3/official_experiments/multistartlp/preliminar/set_01_pt_04/configs/genconfig_mslp.conf;genconfig_mslp;/dados/rmelo/PDPTW-SE/benchmark_multi_floor_v3/official_experiments/multistartlp/preliminar/set_01_pt_04/logs/heur_mslp/gurobi/40R_40V_04F_05M/LR1_2_10_grb_genconfig_mslp_seed_136_alpha_15p.log;random;40R_40V_04F_05M;1;59448;1;/dados/rmelo/PDPTW-SE/benchmark_multi_floor_v3/official_experiments/multistartlp/preliminar/set_01_pt_04/../../../../instances/orig_ams_fg/40R_40V_04F_06M/t1/LR1_2_10/;60000;39899;0;8714.9;81;41;H;50;95;0;100.0;30.0;true;0.95;100.0;1.0;1.0;1.0;1.0;60;M;552;552;false;72;0.96;178.35;0.88;36;10;1000000;-1;3600;6.15;0.7;0.53;mslp;heur;0.28;0.21;-1;3600;60000;I;40;1.0;0.42;LR1_2_10;0;/dados/rmelo/PDPTW-SE/benchmark_multi_floor_v3/official_experiments/multistartlp/preliminar/set_01_pt_04/logs;0;0;0;99.08;100.0;1;136;/dados/rmelo/PDPTW-SE/benchmark_multi_floor_v3/official_experiments/multistartlp/preliminar/set_01_pt_04/logs/heur_mslp/solutions/40R_40V_04F_05M/LR1_2_10_sol_genconfig_mslp_seed_136_alpha_15p.txt;Gurobi;AUTOMATIC;17.71;_bash_3;_seed_136_alpha_15p;33.96;1;173.88;/dados/rmelo/PDPTW-SE/benchmark_multi_floor_v3/official_experiments/multistartlp/preliminar/set_01_pt_04/logs/heur_mslp/timelines/40R_40V_04F_05M/LR1_2_10_timeline_genconfig_mslp_seed_136_alpha_15p.txt;262.76;t1;0;7555.77;false
0.15;0.02;0.03;0.05;0.0;0.03;9;/dados/rmelo/PDPTW-SE/benchmark_multi_floor_v3/official_experiments/multistartlp/preliminar/set_01_pt_04/logs/heur_mslp/outputs/csvresults_heur_mslp_bash_3.csv;0;5;1;82;1;0.0;0.5;true;42;2;LR2_2_6_t2_40R_40V_04F_05M;/dados/rmelo/PDPTW-SE/benchmark_multi_floor_v3/official_experiments/multistartlp/preliminar/set_01_pt_04/configs/genconfig_mslp.conf;genconfig_mslp;/dados/rmelo/PDPTW-SE/benchmark_multi_floor_v3/official_experiments/multistartlp/preliminar/set_01_pt_04/logs/heur_mslp/gurobi/40R_40V_04F_05M/LR2_2_6_grb_genconfig_mslp_seed_136_alpha_15p.log;random;40R_40V_04F_05M;1;0;1;/dados/rmelo/PDPTW-SE/benchmark_multi_floor_v3/official_experiments/multistartlp/preliminar/set_01_pt_04/../../../../instances/orig_ams_fg/40R_40V_04F_06M/t2/LR2_2_6/;60000;1802;0;9391.34;81;41;H;50;95;0;100.0;30.0;true;0.95;100.0;1.0;1.0;1.0;1.0;60;M;60000;60000;false;80;0.97;192.66;0.98;40;10;1000000;-1;3600;3.24;0.79;0.93;mslp;heur;0.67;0.89;-1;3600;60000;I;40;1.0;0.1;LR2_2_6;0;/dados/rmelo/PDPTW-SE/benchmark_multi_floor_v3/official_experiments/multistartlp/preliminar/set_01_pt_04/logs;0;0;0;0.0;100.0;1;136;/dados/rmelo/PDPTW-SE/benchmark_multi_floor_v3/official_experiments/multistartlp/preliminar/set_01_pt_04/logs/heur_mslp/solutions/40R_40V_04F_05M/LR2_2_6_sol_genconfig_mslp_seed_136_alpha_15p.txt;Gurobi;AUTOMATIC;17.72;_bash_3;_seed_136_alpha_15p;1942.99;1;77.88;/dados/rmelo/PDPTW-SE/benchmark_multi_floor_v3/official_experiments/multistartlp/preliminar/set_01_pt_04/logs/heur_mslp/timelines/40R_40V_04F_05M/LR2_2_6_timeline_genconfig_mslp_seed_136_alpha_15p.txt;2550.97;t2;0;8047.45;false
0.15;0.04;0.08;0.12;0.0;0.08;8;/dados/rmelo/PDPTW-SE/benchmark_multi_floor_v3/official_experiments/multistartlp/preliminar/set_01_pt_04/logs/heur_mslp/outputs/csvresults_heur_mslp_bash_3.csv;0;5;1;122;1;0.0;0.5;true;62;2;LR1_2_6_t1_60R_60V_02F_05M;/dados/rmelo/PDPTW-SE/benchmark_multi_floor_v3/official_experiments/multistartlp/preliminar/set_01_pt_04/configs/genconfig_mslp.conf;genconfig_mslp;/dados/rmelo/PDPTW-SE/benchmark_multi_floor_v3/official_experiments/multistartlp/preliminar/set_01_pt_04/logs/heur_mslp/gurobi/60R_60V_02F_05M/LR1_2_6_grb_genconfig_mslp_seed_136_alpha_15p.log;random;60R_60V_02F_05M;1;58075;1;/dados/rmelo/PDPTW-SE/benchmark_multi_floor_v3/official_experiments/multistartlp/preliminar/set_01_pt_04/../../../../instances/orig_ams_fg/60R_60V_02F_06M/t1/LR1_2_6/;60000;32947;0;11619.47;121;61;H;50;95;0;100.0;30.0;true;0.95;100.0;1.0;1.0;1.0;1.0;60;M;1925;1925;false;82;0.95;191.73;1.0;41;10;1000000;-1;3600;4.94;0.7;0.51;mslp;heur;0.4;0.13;-1;3600;60000;I;60;1.0;0.38;LR1_2_6;0;/dados/rmelo/PDPTW-SE/benchmark_multi_floor_v3/official_experiments/multistartlp/preliminar/set_01_pt_04/logs;0;0;0;96.79;100.0;1;136;/dados/rmelo/PDPTW-SE/benchmark_multi_floor_v3/official_experiments/multistartlp/preliminar/set_01_pt_04/logs/heur_mslp/solutions/60R_60V_02F_05M/LR1_2_6_sol_genconfig_mslp_seed_136_alpha_15p.txt;Gurobi;AUTOMATIC;17.76;_bash_3;_seed_136_alpha_15p;95.01;1;263.64;/dados/rmelo/PDPTW-SE/benchmark_multi_floor_v3/official_experiments/multistartlp/preliminar/set_01_pt_04/logs/heur_mslp/timelines/60R_60V_02F_05M/LR1_2_6_timeline_genconfig_mslp_seed_136_alpha_15p.txt;481.27;t1;0;10156.67;false
0.15;0.01;0.02;0.02;0.01;0.01;6;/dados/rmelo/PDPTW-SE/benchmark_multi_floor_v3/official_experiments/multistartlp/preliminar/set_01_pt_04/logs/heur_mslp/outputs/csvresults_heur_mslp_bash_3.csv;0;5;1;122;1;0.0;0.5;true;62;2;LR2_2_6_t2_60R_60V_02F_05M;/dados/rmelo/PDPTW-SE/benchmark_multi_floor_v3/official_experiments/multistartlp/preliminar/set_01_pt_04/configs/genconfig_mslp.conf;genconfig_mslp;/dados/rmelo/PDPTW-SE/benchmark_multi_floor_v3/official_experiments/multistartlp/preliminar/set_01_pt_04/logs/heur_mslp/gurobi/60R_60V_02F_05M/LR2_2_6_grb_genconfig_mslp_seed_136_alpha_15p.log;random;60R_60V_02F_05M;1;0;1;/dados/rmelo/PDPTW-SE/benchmark_multi_floor_v3/official_experiments/multistartlp/preliminar/set_01_pt_04/../../../../instances/orig_ams_fg/60R_60V_02F_06M/t2/LR2_2_6/;55993;33981;0;12649.84;121;61;H;50;95;0;100.0;30.0;true;0.95;100.0;1.0;1.0;1.0;1.0;60;M;55993;55993;false;80;0.91;185.63;1.0;40;10;1000000;-1;3600;5.31;0.7;0.85;mslp;heur;0.11;0.19;-1;3600;60000;I;60;1.0;0.1;LR2_2_6;0;/dados/rmelo/PDPTW-SE/benchmark_multi_floor_v3/official_experiments/multistartlp/preliminar/set_01_pt_04/logs;0;0;0;0.0;100.0;1;136;/dados/rmelo/PDPTW-SE/benchmark_multi_floor_v3/official_experiments/multistartlp/preliminar/set_01_pt_04/logs/heur_mslp/solutions/60R_60V_02F_05M/LR2_2_6_sol_genconfig_mslp_seed_136_alpha_15p.txt;Gurobi;AUTOMATIC;17.55;_bash_3;_seed_136_alpha_15p;2975.6;1;2187.69;/dados/rmelo/PDPTW-SE/benchmark_multi_floor_v3/official_experiments/multistartlp/preliminar/set_01_pt_04/logs/heur_mslp/timelines/60R_60V_02F_05M/LR2_2_6_timeline_genconfig_mslp_seed_136_alpha_15p.txt;3600.0;t2;0;10584.95;false
0.15;0.15;0.19;0.34;0.01;0.09;3;/dados/rmelo/PDPTW-SE/benchmark_multi_floor_v3/official_experiments/multistartlp/preliminar/set_01_pt_04/logs/heur_mslp/outputs/csvresults_heur_mslp_bash_3.csv;0;5;1;122;1;0.0;0.5;true;62;2;LR1_2_9_t1_60R_60V_04F_05M;/dados/rmelo/PDPTW-SE/benchmark_multi_floor_v3/official_experiments/multistartlp/preliminar/set_01_pt_04/configs/genconfig_mslp.conf;genconfig_mslp;/dados/rmelo/PDPTW-SE/benchmark_multi_floor_v3/official_experiments/multistartlp/preliminar/set_01_pt_04/logs/heur_mslp/gurobi/60R_60V_04F_05M/LR1_2_9_grb_genconfig_mslp_seed_136_alpha_15p.log;random;60R_60V_04F_05M;1;59951;1;/dados/rmelo/PDPTW-SE/benchmark_multi_floor_v3/official_experiments/multistartlp/preliminar/set_01_pt_04/../../../../instances/orig_ams_fg/60R_60V_04F_06M/t1/LR1_2_9/;60000;2915;0;14206.48;121;61;H;50;95;0;100.0;30.0;true;0.95;100.0;1.0;1.0;1.0;1.0;60;M;49;49;false;86;0.98;198.99;0.86;43;10;1000000;-1;3600;7.98;0.67;0.47;mslp;heur;0.34;0.16;-1;3600;60000;I;60;1.0;0.45;LR1_2_9;0;/dados/rmelo/PDPTW-SE/benchmark_multi_floor_v3/official_experiments/multistartlp/preliminar/set_01_pt_04/logs;0;0;0;99.92;100.0;1;136;/dados/rmelo/PDPTW-SE/benchmark_multi_floor_v3/official_experiments/multistartlp/preliminar/set_01_pt_04/logs/heur_mslp/solutions/60R_60V_04F_05M/LR1_2_9_sol_genconfig_mslp_seed_136_alpha_15p.txt;Gurobi;AUTOMATIC;17.56;_bash_3;_seed_136_alpha_15p;3.91;1;25.31;/dados/rmelo/PDPTW-SE/benchmark_multi_floor_v3/official_experiments/multistartlp/preliminar/set_01_pt_04/logs/heur_mslp/timelines/60R_60V_04F_05M/LR1_2_9_timeline_genconfig_mslp_seed_136_alpha_15p.txt;503.13;t1;0;12505.6;false
0.15;0.03;0.05;0.07;0.01;0.03;2;/dados/rmelo/PDPTW-SE/benchmark_multi_floor_v3/official_experiments/multistartlp/preliminar/set_01_pt_04/logs/heur_mslp/outputs/csvresults_heur_mslp_bash_3.csv;0;5;1;122;1;0.0;0.5;true;62;2;LR2_2_7_t2_60R_60V_04F_05M;/dados/rmelo/PDPTW-SE/benchmark_multi_floor_v3/official_experiments/multistartlp/preliminar/set_01_pt_04/configs/genconfig_mslp.conf;genconfig_mslp;/dados/rmelo/PDPTW-SE/benchmark_multi_floor_v3/official_experiments/multistartlp/preliminar/set_01_pt_04/logs/heur_mslp/gurobi/60R_60V_04F_05M/LR2_2_7_grb_genconfig_mslp_seed_136_alpha_15p.log;random;60R_60V_04F_05M;1;7976;1;/dados/rmelo/PDPTW-SE/benchmark_multi_floor_v3/official_experiments/multistartlp/preliminar/set_01_pt_04/../../../../instances/orig_ams_fg/60R_60V_04F_06M/t2/LR2_2_7/;31900;18;0;12103.26;121;61;H;50;95;0;100.0;30.0;true;0.95;100.0;1.0;1.0;1.0;1.0;60;M;23924;23924;false;78;0.91;195.28;1.0;39;10;1000000;-1;3600;1.52;0.71;0.92;mslp;heur;0.27;0.65;-1;3600;60000;I;60;1.0;0.1;LR2_2_7;0;/dados/rmelo/PDPTW-SE/benchmark_multi_floor_v3/official_experiments/multistartlp/preliminar/set_01_pt_04/logs;0;0;0;25.0;100.0;1;136;/dados/rmelo/PDPTW-SE/benchmark_multi_floor_v3/official_experiments/multistartlp/preliminar/set_01_pt_04/logs/heur_mslp/solutions/60R_60V_04F_05M/LR2_2_7_sol_genconfig_mslp_seed_136_alpha_15p.txt;Gurobi;AUTOMATIC;17.61;_bash_3;_seed_136_alpha_15p;362.93;1;2.5;/dados/rmelo/PDPTW-SE/benchmark_multi_floor_v3/official_experiments/multistartlp/preliminar/set_01_pt_04/logs/heur_mslp/timelines/60R_60V_04F_05M/LR2_2_7_timeline_genconfig_mslp_seed_136_alpha_15p.txt;3600.06;t2;0;10731.56;false
0.15;0.01;0.06;0.07;0.0;0.0;5;/dados/rmelo/PDPTW-SE/benchmark_multi_floor_v3/official_experiments/multistartlp/preliminar/set_01_pt_04/logs/heur_mslp/outputs/csvresults_heur_mslp_bash_3.csv;0;3;1;18;1;0.0;0.5;true;10;2;lr107_t1_08R_08V_02F_03M;/dados/rmelo/PDPTW-SE/benchmark_multi_floor_v3/official_experiments/multistartlp/preliminar/set_01_pt_04/configs/genconfig_mslp.conf;genconfig_mslp;/dados/rmelo/PDPTW-SE/benchmark_multi_floor_v3/official_experiments/multistartlp/preliminar/set_01_pt_04/logs/heur_mslp/gurobi/08R_08V_02F_03M/lr107_grb_genconfig_mslp_seed_143_alpha_15p.log;random;08R_08V_02F_03M;1;0;1;/dados/rmelo/PDPTW-SE/benchmark_multi_floor_v3/official_experiments/multistartlp/preliminar/set_01_pt_04/../../../../instances/orig_ams_fg/08R_08V_02F_04M/t1/lr107/;60000;13;0;1136.5;17;9;H;50;95;0;100.0;30.0;true;0.95;100.0;1.0;1.0;1.0;1.0;60;M;60000;60000;false;40;0.94;80.43;0.72;20;10;1000000;-1;3600;16.03;0.73;0.57;mslp;heur;0.47;0.46;-1;3600;60000;I;8;1.0;0.62;lr107;0;/dados/rmelo/PDPTW-SE/benchmark_multi_floor_v3/official_experiments/multistartlp/preliminar/set_01_pt_04/logs;0;0;0;0.0;100.0;1;143;/dados/rmelo/PDPTW-SE/benchmark_multi_floor_v3/official_experiments/multistartlp/preliminar/set_01_pt_04/logs/heur_mslp/solutions/08R_08V_02F_03M/lr107_sol_genconfig_mslp_seed_143_alpha_15p.txt;Gurobi;AUTOMATIC;17.58;_bash_3;_seed_143_alpha_15p;9619.14;1;0.3;/dados/rmelo/PDPTW-SE/benchmark_multi_floor_v3/official_experiments/multistartlp/preliminar/set_01_pt_04/logs/heur_mslp/timelines/08R_08V_02F_03M/lr107_timeline_genconfig_mslp_seed_143_alpha_15p.txt;99.0;t1;0;843.14;false
0.15;0.0;0.02;0.02;0.0;0.0;6;/dados/rmelo/PDPTW-SE/benchmark_multi_floor_v3/official_experiments/multistartlp/preliminar/set_01_pt_04/logs/heur_mslp/outputs/csvresults_heur_mslp_bash_3.csv;0;3;1;18;1;0.0;0.5;true;10;2;lr210_t2_08R_08V_02F_03M;/dados/rmelo/PDPTW-SE/benchmark_multi_floor_v3/official_experiments/multistartlp/preliminar/set_01_pt_04/configs/genconfig_mslp.conf;genconfig_mslp;/dados/rmelo/PDPTW-SE/benchmark_multi_floor_v3/official_experiments/multistartlp/preliminar/set_01_pt_04/logs/heur_mslp/gurobi/08R_08V_02F_03M/lr210_grb_genconfig_mslp_seed_143_alpha_15p.log;random;08R_08V_02F_03M;1;768;1;/dados/rmelo/PDPTW-SE/benchmark_multi_floor_v3/official_experiments/multistartlp/preliminar/set_01_pt_04/../../../../instances/orig_ams_fg/08R_08V_02F_04M/t2/lr210/;60000;11229;0;1341.68;17;9;H;50;95;0;100.0;30.0;true;0.95;100.0;1.0;1.0;1.0;1.0;60;M;59232;59232;false;58;0.71;75.46;0.93;29;10;1000000;-1;3600;30.78;0.71;0.93;mslp;heur;0.71;0.93;-1;3600;60000;I;8;0.67;0.12;lr210;0;/dados/rmelo/PDPTW-SE/benchmark_multi_floor_v3/official_experiments/multistartlp/preliminar/set_01_pt_04/logs;0;0;0;1.28;100.0;1;143;/dados/rmelo/PDPTW-SE/benchmark_multi_floor_v3/official_experiments/multistartlp/preliminar/set_01_pt_04/logs/heur_mslp/solutions/08R_08V_02F_03M/lr210_sol_genconfig_mslp_seed_143_alpha_15p.txt;Gurobi;AUTOMATIC;17.59;_bash_3;_seed_143_alpha_15p;18230.71;1;22.42;/dados/rmelo/PDPTW-SE/benchmark_multi_floor_v3/official_experiments/multistartlp/preliminar/set_01_pt_04/logs/heur_mslp/timelines/08R_08V_02F_03M/lr210_timeline_genconfig_mslp_seed_143_alpha_15p.txt;120.84;t2;0;706.87;false
0.15;0.1;0.19;0.29;0.0;0.05;6;/dados/rmelo/PDPTW-SE/benchmark_multi_floor_v3/official_experiments/multistartlp/preliminar/set_01_pt_04/logs/heur_mslp/outputs/csvresults_heur_mslp_bash_3.csv;0;3;1;18;1;0.0;0.5;true;10;2;lr106_t1_08R_08V_04F_03M;/dados/rmelo/PDPTW-SE/benchmark_multi_floor_v3/official_experiments/multistartlp/preliminar/set_01_pt_04/configs/genconfig_mslp.conf;genconfig_mslp;/dados/rmelo/PDPTW-SE/benchmark_multi_floor_v3/official_experiments/multistartlp/preliminar/set_01_pt_04/logs/heur_mslp/gurobi/08R_08V_04F_03M/lr106_grb_genconfig_mslp_seed_143_alpha_15p.log;random;08R_08V_04F_03M;1;17401;1;/dados/rmelo/PDPTW-SE/benchmark_multi_floor_v3/official_experiments/multistartlp/preliminar/set_01_pt_04/../../../../instances/orig_ams_fg/08R_08V_04F_04M/t1/lr106/;60000;120;0;1520.08;17;9;H;50;95;0;100.0;30.0;true;0.95;100.0;1.0;1.0;1.0;1.0;60;M;42599;42599;false;52;0.82;85.78;0.67;26;10;1000000;-1;3600;19.15;0.62;0.33;mslp;heur;0.35;0.07;-1;3600;60000;I;8;1.0;0.88;lr106;0;/dados/rmelo/PDPTW-SE/benchmark_multi_floor_v3/official_experiments/multistartlp/preliminar/set_01_pt_04/logs;0;0;0;29.0;100.0;1;143;/dados/rmelo/PDPTW-SE/benchmark_multi_floor_v3/official_experiments/multistartlp/preliminar/set_01_pt_04/logs/heur_mslp/solutions/08R_08V_04F_03M/lr106_sol_genconfig_mslp_seed_143_alpha_15p.txt;Gurobi;AUTOMATIC;17.71;_bash_3;_seed_143_alpha_15p;8156.99;1;0.48;/dados/rmelo/PDPTW-SE/benchmark_multi_floor_v3/official_experiments/multistartlp/preliminar/set_01_pt_04/logs/heur_mslp/timelines/08R_08V_04F_03M/lr106_timeline_genconfig_mslp_seed_143_alpha_15p.txt;96.2;t1;0;1010.71;false
0.15;0.01;0.03;0.04;0.0;0.0;8;/dados/rmelo/PDPTW-SE/benchmark_multi_floor_v3/official_experiments/multistartlp/preliminar/set_01_pt_04/logs/heur_mslp/outputs/csvresults_heur_mslp_bash_3.csv;0;3;1;18;1;0.0;0.5;true;10;2;lr209_t2_08R_08V_04F_03M;/dados/rmelo/PDPTW-SE/benchmark_multi_floor_v3/official_experiments/multistartlp/preliminar/set_01_pt_04/configs/genconfig_mslp.conf;genconfig_mslp;/dados/rmelo/PDPTW-SE/benchmark_multi_floor_v3/official_experiments/multistartlp/preliminar/set_01_pt_04/logs/heur_mslp/gurobi/08R_08V_04F_03M/lr209_grb_genconfig_mslp_seed_143_alpha_15p.log;random;08R_08V_04F_03M;1;0;1;/dados/rmelo/PDPTW-SE/benchmark_multi_floor_v3/official_experiments/multistartlp/preliminar/set_01_pt_04/../../../../instances/orig_ams_fg/08R_08V_04F_04M/t2/lr209/;60000;30890;0;929.26;17;9;H;50;95;0;100.0;30.0;true;0.95;100.0;1.0;1.0;1.0;1.0;60;M;55245;60000;false;46;0.68;79.88;0.93;23;10;1000000;-1;3600;21.54;0.42;0.77;mslp;heur;0.16;0.61;-1;3600;60000;I;8;0.67;0.25;lr209;0;/dados/rmelo/PDPTW-SE/benchmark_multi_floor_v3/official_experiments/multistartlp/preliminar/set_01_pt_04/logs;0;0;0;0.0;92.08;1;143;/dados/rmelo/PDPTW-SE/benchmark_multi_floor_v3/official_experiments/multistartlp/preliminar/set_01_pt_04/logs/heur_mslp/solutions/08R_08V_04F_03M/lr209_sol_genconfig_mslp_seed_143_alpha_15p.txt;Gurobi;AUTOMATIC;17.78;_bash_3;_seed_143_alpha_15p;12921.34;1;78.01;/dados/rmelo/PDPTW-SE/benchmark_multi_floor_v3/official_experiments/multistartlp/preliminar/set_01_pt_04/logs/heur_mslp/timelines/08R_08V_04F_03M/lr209_timeline_genconfig_mslp_seed_143_alpha_15p.txt;151.39;t2;0;838.87;false
0.15;0.04;0.07;0.11;0.0;0.0;7;/dados/rmelo/PDPTW-SE/benchmark_multi_floor_v3/official_experiments/multistartlp/preliminar/set_01_pt_04/logs/heur_mslp/outputs/csvresults_heur_mslp_bash_3.csv;0;3;1;26;1;0.0;0.5;true;14;2;lr109_t1_12R_12V_02F_03M;/dados/rmelo/PDPTW-SE/benchmark_multi_floor_v3/official_experiments/multistartlp/preliminar/set_01_pt_04/configs/genconfig_mslp.conf;genconfig_mslp;/dados/rmelo/PDPTW-SE/benchmark_multi_floor_v3/official_experiments/multistartlp/preliminar/set_01_pt_04/logs/heur_mslp/gurobi/12R_12V_02F_03M/lr109_grb_genconfig_mslp_seed_143_alpha_15p.log;random;12R_12V_02F_03M;1;14439;1;/dados/rmelo/PDPTW-SE/benchmark_multi_floor_v3/official_experiments/multistartlp/preliminar/set_01_pt_04/../../../../instances/orig_ams_fg/12R_12V_02F_04M/t1/lr109/;60000;11103;0;1257.56;25;13;H;50;95;0;100.0;30.0;true;0.95;100.0;1.0;1.0;1.0;1.0;60;M;45561;45561;false;58;0.88;78.59;0.95;29;10;1000000;-1;3600;9.51;0.73;0.52;mslp;heur;0.56;0.29;-1;3600;60000;I;12;1.0;0.5;lr109;0;/dados/rmelo/PDPTW-SE/benchmark_multi_floor_v3/official_experiments/multistartlp/preliminar/set_01_pt_04/logs;0;0;0;24.06;100.0;1;143;/dados/rmelo/PDPTW-SE/benchmark_multi_floor_v3/official_experiments/multistartlp/preliminar/set_01_pt_04/logs/heur_mslp/solutions/12R_12V_02F_03M/lr109_sol_genconfig_mslp_seed_143_alpha_15p.txt;Gurobi;AUTOMATIC;17.82;_bash_3;_seed_143_alpha_15p;4332.19;1;21.69;/dados/rmelo/PDPTW-SE/benchmark_multi_floor_v3/official_experiments/multistartlp/preliminar/set_01_pt_04/logs/heur_mslp/timelines/12R_12V_02F_03M/lr109_timeline_genconfig_mslp_seed_143_alpha_15p.txt;114.4;t1;0;1008.76;false
0.15;0.01;0.02;0.03;0.0;0.0;15;/dados/rmelo/PDPTW-SE/benchmark_multi_floor_v3/official_experiments/multistartlp/preliminar/set_01_pt_04/logs/heur_mslp/outputs/csvresults_heur_mslp_bash_3.csv;0;3;1;26;1;0.0;0.5;true;14;2;lr207_t2_12R_12V_02F_03M;/dados/rmelo/PDPTW-SE/benchmark_multi_floor_v3/official_experiments/multistartlp/preliminar/set_01_pt_04/configs/genconfig_mslp.conf;genconfig_mslp;/dados/rmelo/PDPTW-SE/benchmark_multi_floor_v3/official_experiments/multistartlp/preliminar/set_01_pt_04/logs/heur_mslp/gurobi/12R_12V_02F_03M/lr207_grb_genconfig_mslp_seed_143_alpha_15p.log;random;12R_12V_02F_03M;1;0;1;/dados/rmelo/PDPTW-SE/benchmark_multi_floor_v3/official_experiments/multistartlp/preliminar/set_01_pt_04/../../../../instances/orig_ams_fg/12R_12V_02F_04M/t2/lr207/;60000;39347;0;1467.76;25;13;H;50;95;0;100.0;30.0;true;0.95;100.0;1.0;1.0;1.0;1.0;60;M;59980;60000;false;40;0.88;83.45;0.97;20;10;1000000;-1;3600;13.23;0.56;0.96;mslp;heur;0.25;0.95;-1;3600;60000;I;12;0.67;0.17;lr207;0;/dados/rmelo/PDPTW-SE/benchmark_multi_floor_v3/official_experiments/multistartlp/preliminar/set_01_pt_04/logs;0;0;0;0.0;99.97;1;143;/dados/rmelo/PDPTW-SE/benchmark_multi_floor_v3/official_experiments/multistartlp/preliminar/set_01_pt_04/logs/heur_mslp/solutions/12R_12V_02F_03M/lr207_sol_genconfig_mslp_seed_143_alpha_15p.txt;Gurobi;AUTOMATIC;17.93;_bash_3;_seed_143_alpha_15p;7935.73;1;153.16;/dados/rmelo/PDPTW-SE/benchmark_multi_floor_v3/official_experiments/multistartlp/preliminar/set_01_pt_04/logs/heur_mslp/timelines/12R_12V_02F_03M/lr207_timeline_genconfig_mslp_seed_143_alpha_15p.txt;233.25;t2;0;1126.39;false
0.15;0.2;0.29;0.49;0.0;0.01;10;/dados/rmelo/PDPTW-SE/benchmark_multi_floor_v3/official_experiments/multistartlp/preliminar/set_01_pt_04/logs/heur_mslp/outputs/csvresults_heur_mslp_bash_3.csv;0;3;1;26;1;0.0;0.5;true;14;2;lr106_t1_12R_12V_04F_03M;/dados/rmelo/PDPTW-SE/benchmark_multi_floor_v3/official_experiments/multistartlp/preliminar/set_01_pt_04/configs/genconfig_mslp.conf;genconfig_mslp;/dados/rmelo/PDPTW-SE/benchmark_multi_floor_v3/official_experiments/multistartlp/preliminar/set_01_pt_04/logs/heur_mslp/gurobi/12R_12V_04F_03M/lr106_grb_genconfig_mslp_seed_143_alpha_15p.log;random;12R_12V_04F_03M;1;41599;1;/dados/rmelo/PDPTW-SE/benchmark_multi_floor_v3/official_experiments/multistartlp/preliminar/set_01_pt_04/../../../../instances/orig_ams_fg/12R_12V_04F_04M/t1/lr106/;60000;55995;0;1812.09;25;13;H;50;95;0;100.0;30.0;true;0.95;100.0;1.0;1.0;1.0;1.0;60;M;18401;18401;false;52;0.99;86.16;0.83;26;10;1000000;-1;3600;11.48;0.68;0.41;mslp;heur;0.41;0.17;-1;3600;60000;I;12;1.0;0.75;lr106;0;/dados/rmelo/PDPTW-SE/benchmark_multi_floor_v3/official_experiments/multistartlp/preliminar/set_01_pt_04/logs;0;0;0;69.33;100.0;1;143;/dados/rmelo/PDPTW-SE/benchmark_multi_floor_v3/official_experiments/multistartlp/preliminar/set_01_pt_04/logs/heur_mslp/solutions/12R_12V_04F_03M/lr106_sol_genconfig_mslp_seed_143_alpha_15p.txt;Gurobi;AUTOMATIC;17.92;_bash_3;_seed_143_alpha_15p;2113.34;1;72.99;/dados/rmelo/PDPTW-SE/benchmark_multi_floor_v3/official_experiments/multistartlp/preliminar/set_01_pt_04/logs/heur_mslp/timelines/12R_12V_04F_03M/lr106_timeline_genconfig_mslp_seed_143_alpha_15p.txt;78.24;t1;0;1417.93;false
0.15;0.02;0.03;0.04;0.0;0.02;8;/dados/rmelo/PDPTW-SE/benchmark_multi_floor_v3/official_experiments/multistartlp/preliminar/set_01_pt_04/logs/heur_mslp/outputs/csvresults_heur_mslp_bash_3.csv;0;3;1;26;1;0.0;0.5;true;14;2;lr209_t2_12R_12V_04F_03M;/dados/rmelo/PDPTW-SE/benchmark_multi_floor_v3/official_experiments/multistartlp/preliminar/set_01_pt_04/configs/genconfig_mslp.conf;genconfig_mslp;/dados/rmelo/PDPTW-SE/benchmark_multi_floor_v3/official_experiments/multistartlp/preliminar/set_01_pt_04/logs/heur_mslp/gurobi/12R_12V_04F_03M/lr209_grb_genconfig_mslp_seed_143_alpha_15p.log;random;12R_12V_04F_03M;1;0;1;/dados/rmelo/PDPTW-SE/benchmark_multi_floor_v3/official_experiments/multistartlp/preliminar/set_01_pt_04/../../../../instances/orig_ams_fg/12R_12V_04F_04M/t2/lr209/;60000;3352;0;1683.22;25;13;H;50;95;0;100.0;30.0;true;0.95;100.0;1.0;1.0;1.0;1.0;60;M;60000;60000;false;46;0.68;91.85;1.0;23;10;1000000;-1;3600;14.12;0.59;0.92;mslp;heur;0.5;0.84;-1;3600;60000;I;12;1.0;0.17;lr209;0;/dados/rmelo/PDPTW-SE/benchmark_multi_floor_v3/official_experiments/multistartlp/preliminar/set_01_pt_04/logs;0;0;0;0.0;100.0;1;143;/dados/rmelo/PDPTW-SE/benchmark_multi_floor_v3/official_experiments/multistartlp/preliminar/set_01_pt_04/logs/heur_mslp/solutions/12R_12V_04F_03M/lr209_sol_genconfig_mslp_seed_143_alpha_15p.txt;Gurobi;AUTOMATIC;17.93;_bash_3;_seed_143_alpha_15p;8472.75;1;13.71;/dados/rmelo/PDPTW-SE/benchmark_multi_floor_v3/official_experiments/multistartlp/preliminar/set_01_pt_04/logs/heur_mslp/timelines/12R_12V_04F_03M/lr209_timeline_genconfig_mslp_seed_143_alpha_15p.txt;241.07;t2;0;1183.08;false
0.15;0.02;0.04;0.06;0.02;0.08;2;/dados/rmelo/PDPTW-SE/benchmark_multi_floor_v3/official_experiments/multistartlp/preliminar/set_01_pt_04/logs/heur_mslp/outputs/csvresults_heur_mslp_bash_3.csv;0;5;1;82;1;0.0;0.5;true;42;2;LR1_2_6_t1_40R_40V_02F_05M;/dados/rmelo/PDPTW-SE/benchmark_multi_floor_v3/official_experiments/multistartlp/preliminar/set_01_pt_04/configs/genconfig_mslp.conf;genconfig_mslp;/dados/rmelo/PDPTW-SE/benchmark_multi_floor_v3/official_experiments/multistartlp/preliminar/set_01_pt_04/logs/heur_mslp/gurobi/40R_40V_02F_05M/LR1_2_6_grb_genconfig_mslp_seed_143_alpha_15p.log;random;40R_40V_02F_05M;1;59133;1;/dados/rmelo/PDPTW-SE/benchmark_multi_floor_v3/official_experiments/multistartlp/preliminar/set_01_pt_04/../../../../instances/orig_ams_fg/40R_40V_02F_06M/t1/LR1_2_6/;60000;24002;0;9536.61;81;41;H;50;95;0;100.0;30.0;true;0.95;100.0;1.0;1.0;1.0;1.0;60;M;867;867;false;72;0.98;184.05;0.85;36;10;1000000;-1;3600;4.31;0.4;0.49;mslp;heur;0.16;0.12;-1;3600;60000;I;40;1.0;0.42;LR1_2_6;0;/dados/rmelo/PDPTW-SE/benchmark_multi_floor_v3/official_experiments/multistartlp/preliminar/set_01_pt_04/logs;0;0;0;98.56;100.0;1;143;/dados/rmelo/PDPTW-SE/benchmark_multi_floor_v3/official_experiments/multistartlp/preliminar/set_01_pt_04/logs/heur_mslp/solutions/40R_40V_02F_05M/LR1_2_6_sol_genconfig_mslp_seed_143_alpha_15p.txt;Gurobi;AUTOMATIC;17.85;_bash_3;_seed_143_alpha_15p;37.41;1;83.12;/dados/rmelo/PDPTW-SE/benchmark_multi_floor_v3/official_experiments/multistartlp/preliminar/set_01_pt_04/logs/heur_mslp/timelines/40R_40V_02F_05M/LR1_2_6_timeline_genconfig_mslp_seed_143_alpha_15p.txt;206.11;t1;0;7800.03;false
0.15;0.01;0.02;0.02;0.02;0.1;11;/dados/rmelo/PDPTW-SE/benchmark_multi_floor_v3/official_experiments/multistartlp/preliminar/set_01_pt_04/logs/heur_mslp/outputs/csvresults_heur_mslp_bash_3.csv;0;5;1;82;1;0.0;0.5;true;42;2;LR2_2_9_t2_40R_40V_02F_05M;/dados/rmelo/PDPTW-SE/benchmark_multi_floor_v3/official_experiments/multistartlp/preliminar/set_01_pt_04/configs/genconfig_mslp.conf;genconfig_mslp;/dados/rmelo/PDPTW-SE/benchmark_multi_floor_v3/official_experiments/multistartlp/preliminar/set_01_pt_04/logs/heur_mslp/gurobi/40R_40V_02F_05M/LR2_2_9_grb_genconfig_mslp_seed_143_alpha_15p.log;random;40R_40V_02F_05M;1;0;1;/dados/rmelo/PDPTW-SE/benchmark_multi_floor_v3/official_experiments/multistartlp/preliminar/set_01_pt_04/../../../../instances/orig_ams_fg/40R_40V_02F_06M/t2/LR2_2_9/;60000;55159;0;10249.43;81;41;H;50;95;0;100.0;30.0;true;0.95;100.0;1.0;1.0;1.0;1.0;60;M;60000;60000;false;74;0.81;179.34;1.0;37;10;1000000;-1;3600;7.29;0.54;0.83;mslp;heur;0.12;0.34;-1;3600;60000;I;40;1.0;0.15;LR2_2_9;0;/dados/rmelo/PDPTW-SE/benchmark_multi_floor_v3/official_experiments/multistartlp/preliminar/set_01_pt_04/logs;0;0;0;0.0;100.0;1;143;/dados/rmelo/PDPTW-SE/benchmark_multi_floor_v3/official_experiments/multistartlp/preliminar/set_01_pt_04/logs/heur_mslp/solutions/40R_40V_02F_05M/LR2_2_9_sol_genconfig_mslp_seed_143_alpha_15p.txt;Gurobi;AUTOMATIC;17.82;_bash_3;_seed_143_alpha_15p;4375.43;1;1157.66;/dados/rmelo/PDPTW-SE/benchmark_multi_floor_v3/official_experiments/multistartlp/preliminar/set_01_pt_04/logs/heur_mslp/timelines/40R_40V_02F_05M/LR2_2_9_timeline_genconfig_mslp_seed_143_alpha_15p.txt;1259.01;t2;0;8238.65;false
0.15;0.12;0.16;0.28;0.0;0.02;5;/dados/rmelo/PDPTW-SE/benchmark_multi_floor_v3/official_experiments/multistartlp/preliminar/set_01_pt_04/logs/heur_mslp/outputs/csvresults_heur_mslp_bash_3.csv;0;5;1;82;1;0.0;0.5;true;42;2;LR1_2_10_t1_40R_40V_04F_05M;/dados/rmelo/PDPTW-SE/benchmark_multi_floor_v3/official_experiments/multistartlp/preliminar/set_01_pt_04/configs/genconfig_mslp.conf;genconfig_mslp;/dados/rmelo/PDPTW-SE/benchmark_multi_floor_v3/official_experiments/multistartlp/preliminar/set_01_pt_04/logs/heur_mslp/gurobi/40R_40V_04F_05M/LR1_2_10_grb_genconfig_mslp_seed_143_alpha_15p.log;random;40R_40V_04F_05M;1;59457;1;/dados/rmelo/PDPTW-SE/benchmark_multi_floor_v3/official_experiments/multistartlp/preliminar/set_01_pt_04/../../../../instances/orig_ams_fg/40R_40V_04F_06M/t1/LR1_2_10/;60000;805;0;8752.57;81;41;H;50;95;0;100.0;30.0;true;0.95;100.0;1.0;1.0;1.0;1.0;60;M;543;543;false;72;0.95;178.35;0.92;36;10;1000000;-1;3600;6.26;0.7;0.56;mslp;heur;0.33;0.13;-1;3600;60000;I;40;1.0;0.42;LR1_2_10;0;/dados/rmelo/PDPTW-SE/benchmark_multi_floor_v3/official_experiments/multistartlp/preliminar/set_01_pt_04/logs;0;0;0;99.1;100.0;1;143;/dados/rmelo/PDPTW-SE/benchmark_multi_floor_v3/official_experiments/multistartlp/preliminar/set_01_pt_04/logs/heur_mslp/solutions/40R_40V_04F_05M/LR1_2_10_sol_genconfig_mslp_seed_143_alpha_15p.txt;Gurobi;AUTOMATIC;17.64;_bash_3;_seed_143_alpha_15p;33.98;1;3.99;/dados/rmelo/PDPTW-SE/benchmark_multi_floor_v3/official_experiments/multistartlp/preliminar/set_01_pt_04/logs/heur_mslp/timelines/40R_40V_04F_05M/LR1_2_10_timeline_genconfig_mslp_seed_143_alpha_15p.txt;259.02;t1;0;7584.46;false
0.15;0.02;0.03;0.05;0.0;0.05;10;/dados/rmelo/PDPTW-SE/benchmark_multi_floor_v3/official_experiments/multistartlp/preliminar/set_01_pt_04/logs/heur_mslp/outputs/csvresults_heur_mslp_bash_3.csv;0;5;1;82;1;0.0;0.5;true;42;2;LR2_2_6_t2_40R_40V_04F_05M;/dados/rmelo/PDPTW-SE/benchmark_multi_floor_v3/official_experiments/multistartlp/preliminar/set_01_pt_04/configs/genconfig_mslp.conf;genconfig_mslp;/dados/rmelo/PDPTW-SE/benchmark_multi_floor_v3/official_experiments/multistartlp/preliminar/set_01_pt_04/logs/heur_mslp/gurobi/40R_40V_04F_05M/LR2_2_6_grb_genconfig_mslp_seed_143_alpha_15p.log;random;40R_40V_04F_05M;1;0;1;/dados/rmelo/PDPTW-SE/benchmark_multi_floor_v3/official_experiments/multistartlp/preliminar/set_01_pt_04/../../../../instances/orig_ams_fg/40R_40V_04F_06M/t2/LR2_2_6/;60000;24179;0;11646.28;81;41;H;50;95;0;100.0;30.0;true;0.95;100.0;1.0;1.0;1.0;1.0;60;M;60000;60000;false;80;0.9;192.66;1.0;40;10;1000000;-1;3600;3.23;0.8;0.99;mslp;heur;0.63;0.99;-1;3600;60000;I;40;1.0;0.1;LR2_2_6;0;/dados/rmelo/PDPTW-SE/benchmark_multi_floor_v3/official_experiments/multistartlp/preliminar/set_01_pt_04/logs;0;0;0;0.0;100.0;1;143;/dados/rmelo/PDPTW-SE/benchmark_multi_floor_v3/official_experiments/multistartlp/preliminar/set_01_pt_04/logs/heur_mslp/solutions/40R_40V_04F_05M/LR2_2_6_sol_genconfig_mslp_seed_143_alpha_15p.txt;Gurobi;AUTOMATIC;17.61;_bash_3;_seed_143_alpha_15p;1936.73;1;1024.34;/dados/rmelo/PDPTW-SE/benchmark_multi_floor_v3/official_experiments/multistartlp/preliminar/set_01_pt_04/logs/heur_mslp/timelines/40R_40V_04F_05M/LR2_2_6_timeline_genconfig_mslp_seed_143_alpha_15p.txt;2539.9;t2;0;8066.46;false
0.15;0.04;0.07;0.11;0.0;0.08;7;/dados/rmelo/PDPTW-SE/benchmark_multi_floor_v3/official_experiments/multistartlp/preliminar/set_01_pt_04/logs/heur_mslp/outputs/csvresults_heur_mslp_bash_3.csv;0;5;1;122;1;0.0;0.5;true;62;2;LR1_2_6_t1_60R_60V_02F_05M;/dados/rmelo/PDPTW-SE/benchmark_multi_floor_v3/official_experiments/multistartlp/preliminar/set_01_pt_04/configs/genconfig_mslp.conf;genconfig_mslp;/dados/rmelo/PDPTW-SE/benchmark_multi_floor_v3/official_experiments/multistartlp/preliminar/set_01_pt_04/logs/heur_mslp/gurobi/60R_60V_02F_05M/LR1_2_6_grb_genconfig_mslp_seed_143_alpha_15p.log;random;60R_60V_02F_05M;1;58091;1;/dados/rmelo/PDPTW-SE/benchmark_multi_floor_v3/official_experiments/multistartlp/preliminar/set_01_pt_04/../../../../instances/orig_ams_fg/60R_60V_02F_06M/t1/LR1_2_6/;60000;39803;0;12445.14;121;61;H;50;95;0;100.0;30.0;true;0.95;100.0;1.0;1.0;1.0;1.0;60;M;1909;1909;false;82;0.99;191.73;0.85;41;10;1000000;-1;3600;4.95;0.69;0.55;mslp;heur;0.25;0.13;-1;3600;60000;I;60;1.0;0.38;LR1_2_6;0;/dados/rmelo/PDPTW-SE/benchmark_multi_floor_v3/official_experiments/multistartlp/preliminar/set_01_pt_04/logs;0;0;0;96.82;100.0;1;143;/dados/rmelo/PDPTW-SE/benchmark_multi_floor_v3/official_experiments/multistartlp/preliminar/set_01_pt_04/logs/heur_mslp/solutions/60R_60V_02F_05M/LR1_2_6_sol_genconfig_mslp_seed_143_alpha_15p.txt;Gurobi;AUTOMATIC;17.52;_bash_3;_seed_143_alpha_15p;94.49;1;313.33;/dados/rmelo/PDPTW-SE/benchmark_multi_floor_v3/official_experiments/multistartlp/preliminar/set_01_pt_04/logs/heur_mslp/timelines/60R_60V_02F_05M/LR1_2_6_timeline_genconfig_mslp_seed_143_alpha_15p.txt;473.98;t1;0;10066.16;false
0.15;0.01;0.02;0.02;0.0;0.06;5;/dados/rmelo/PDPTW-SE/benchmark_multi_floor_v3/official_experiments/multistartlp/preliminar/set_01_pt_04/logs/heur_mslp/outputs/csvresults_heur_mslp_bash_3.csv;0;5;1;122;1;0.0;0.5;true;62;2;LR2_2_6_t2_60R_60V_02F_05M;/dados/rmelo/PDPTW-SE/benchmark_multi_floor_v3/official_experiments/multistartlp/preliminar/set_01_pt_04/configs/genconfig_mslp.conf;genconfig_mslp;/dados/rmelo/PDPTW-SE/benchmark_multi_floor_v3/official_experiments/multistartlp/preliminar/set_01_pt_04/logs/heur_mslp/gurobi/60R_60V_02F_05M/LR2_2_6_grb_genconfig_mslp_seed_143_alpha_15p.log;random;60R_60V_02F_05M;1;0;1;/dados/rmelo/PDPTW-SE/benchmark_multi_floor_v3/official_experiments/multistartlp/preliminar/set_01_pt_04/../../../../instances/orig_ams_fg/60R_60V_02F_06M/t2/LR2_2_6/;56169;47517;0;14096.94;121;61;H;50;95;0;100.0;30.0;true;0.95;100.0;1.0;1.0;1.0;1.0;60;M;56169;56169;false;80;0.92;185.63;1.0;40;10;1000000;-1;3600;5.33;0.7;0.93;mslp;heur;0.1;0.64;-1;3600;60000;I;60;1.0;0.1;LR2_2_6;0;/dados/rmelo/PDPTW-SE/benchmark_multi_floor_v3/official_experiments/multistartlp/preliminar/set_01_pt_04/logs;0;0;0;0.0;100.0;1;143;/dados/rmelo/PDPTW-SE/benchmark_multi_floor_v3/official_experiments/multistartlp/preliminar/set_01_pt_04/logs/heur_mslp/solutions/60R_60V_02F_05M/LR2_2_6_sol_genconfig_mslp_seed_143_alpha_15p.txt;Gurobi;AUTOMATIC;17.56;_bash_3;_seed_143_alpha_15p;2993.93;1;3046.1;/dados/rmelo/PDPTW-SE/benchmark_multi_floor_v3/official_experiments/multistartlp/preliminar/set_01_pt_04/logs/heur_mslp/timelines/60R_60V_02F_05M/LR2_2_6_timeline_genconfig_mslp_seed_143_alpha_15p.txt;3600.02;t2;0;10585.1;false
0.15;0.15;0.22;0.37;0.01;0.07;6;/dados/rmelo/PDPTW-SE/benchmark_multi_floor_v3/official_experiments/multistartlp/preliminar/set_01_pt_04/logs/heur_mslp/outputs/csvresults_heur_mslp_bash_3.csv;0;5;1;122;1;0.0;0.5;true;62;2;LR1_2_9_t1_60R_60V_04F_05M;/dados/rmelo/PDPTW-SE/benchmark_multi_floor_v3/official_experiments/multistartlp/preliminar/set_01_pt_04/configs/genconfig_mslp.conf;genconfig_mslp;/dados/rmelo/PDPTW-SE/benchmark_multi_floor_v3/official_experiments/multistartlp/preliminar/set_01_pt_04/logs/heur_mslp/gurobi/60R_60V_04F_05M/LR1_2_9_grb_genconfig_mslp_seed_143_alpha_15p.log;random;60R_60V_04F_05M;1;59933;1;/dados/rmelo/PDPTW-SE/benchmark_multi_floor_v3/official_experiments/multistartlp/preliminar/set_01_pt_04/../../../../instances/orig_ams_fg/60R_60V_04F_06M/t1/LR1_2_9/;60000;32128;0;14049.48;121;61;H;50;95;0;100.0;30.0;true;0.95;100.0;1.0;1.0;1.0;1.0;60;M;67;67;false;86;0.98;198.99;0.88;43;10;1000000;-1;3600;7.81;0.65;0.48;mslp;heur;0.35;0.16;-1;3600;60000;I;60;1.0;0.47;LR1_2_9;0;/dados/rmelo/PDPTW-SE/benchmark_multi_floor_v3/official_experiments/multistartlp/preliminar/set_01_pt_04/logs;0;0;0;99.89;100.0;1;143;/dados/rmelo/PDPTW-SE/benchmark_multi_floor_v3/official_experiments/multistartlp/preliminar/set_01_pt_04/logs/heur_mslp/solutions/60R_60V_04F_05M/LR1_2_9_sol_genconfig_mslp_seed_143_alpha_15p.txt;Gurobi;AUTOMATIC;17.42;_bash_3;_seed_143_alpha_15p;5.23;1;273.76;/dados/rmelo/PDPTW-SE/benchmark_multi_floor_v3/official_experiments/multistartlp/preliminar/set_01_pt_04/logs/heur_mslp/timelines/60R_60V_04F_05M/LR1_2_9_timeline_genconfig_mslp_seed_143_alpha_15p.txt;512.22;t1;0;12481.89;false
0.15;0.03;0.05;0.08;0.0;0.0;2;/dados/rmelo/PDPTW-SE/benchmark_multi_floor_v3/official_experiments/multistartlp/preliminar/set_01_pt_04/logs/heur_mslp/outputs/csvresults_heur_mslp_bash_3.csv;0;5;1;122;1;0.0;0.5;true;62;2;LR2_2_7_t2_60R_60V_04F_05M;/dados/rmelo/PDPTW-SE/benchmark_multi_floor_v3/official_experiments/multistartlp/preliminar/set_01_pt_04/configs/genconfig_mslp.conf;genconfig_mslp;/dados/rmelo/PDPTW-SE/benchmark_multi_floor_v3/official_experiments/multistartlp/preliminar/set_01_pt_04/logs/heur_mslp/gurobi/60R_60V_04F_05M/LR2_2_7_grb_genconfig_mslp_seed_143_alpha_15p.log;random;60R_60V_04F_05M;1;7877;1;/dados/rmelo/PDPTW-SE/benchmark_multi_floor_v3/official_experiments/multistartlp/preliminar/set_01_pt_04/../../../../instances/orig_ams_fg/60R_60V_04F_06M/t2/LR2_2_7/;31597;17208;0;12796.25;121;61;H;50;95;0;100.0;30.0;true;0.95;100.0;1.0;1.0;1.0;1.0;60;M;23720;23720;false;78;0.87;195.28;1.0;39;10;1000000;-1;3600;1.51;0.71;0.91;mslp;heur;0.34;0.82;-1;3600;60000;I;60;1.0;0.1;LR2_2_7;0;/dados/rmelo/PDPTW-SE/benchmark_multi_floor_v3/official_experiments/multistartlp/preliminar/set_01_pt_04/logs;0;0;0;24.93;100.0;1;143;/dados/rmelo/PDPTW-SE/benchmark_multi_floor_v3/official_experiments/multistartlp/preliminar/set_01_pt_04/logs/heur_mslp/solutions/60R_60V_04F_05M/LR2_2_7_sol_genconfig_mslp_seed_143_alpha_15p.txt;Gurobi;AUTOMATIC;17.48;_bash_3;_seed_143_alpha_15p;359.17;1;1963.39;/dados/rmelo/PDPTW-SE/benchmark_multi_floor_v3/official_experiments/multistartlp/preliminar/set_01_pt_04/logs/heur_mslp/timelines/60R_60V_04F_05M/LR2_2_7_timeline_genconfig_mslp_seed_143_alpha_15p.txt;3600.06;t2;0;10760.61;false
0.15;0.01;0.06;0.07;0.0;0.0;5;/dados/rmelo/PDPTW-SE/benchmark_multi_floor_v3/official_experiments/multistartlp/preliminar/set_01_pt_04/logs/heur_mslp/outputs/csvresults_heur_mslp_bash_3.csv;0;3;1;18;1;0.0;0.5;true;10;2;lr107_t1_08R_08V_02F_03M;/dados/rmelo/PDPTW-SE/benchmark_multi_floor_v3/official_experiments/multistartlp/preliminar/set_01_pt_04/configs/genconfig_mslp.conf;genconfig_mslp;/dados/rmelo/PDPTW-SE/benchmark_multi_floor_v3/official_experiments/multistartlp/preliminar/set_01_pt_04/logs/heur_mslp/gurobi/08R_08V_02F_03M/lr107_grb_genconfig_mslp_seed_150_alpha_15p.log;random;08R_08V_02F_03M;1;0;1;/dados/rmelo/PDPTW-SE/benchmark_multi_floor_v3/official_experiments/multistartlp/preliminar/set_01_pt_04/../../../../instances/orig_ams_fg/08R_08V_02F_04M/t1/lr107/;60000;86;0;1085.6;17;9;H;50;95;0;100.0;30.0;true;0.95;100.0;1.0;1.0;1.0;1.0;60;M;60000;60000;false;40;0.94;80.43;0.72;20;10;1000000;-1;3600;16.04;0.73;0.6;mslp;heur;0.47;0.46;-1;3600;60000;I;8;1.0;0.62;lr107;0;/dados/rmelo/PDPTW-SE/benchmark_multi_floor_v3/official_experiments/multistartlp/preliminar/set_01_pt_04/logs;0;0;0;0.0;100.0;1;150;/dados/rmelo/PDPTW-SE/benchmark_multi_floor_v3/official_experiments/multistartlp/preliminar/set_01_pt_04/logs/heur_mslp/solutions/08R_08V_02F_03M/lr107_sol_genconfig_mslp_seed_150_alpha_15p.txt;Gurobi;AUTOMATIC;17.57;_bash_3;_seed_150_alpha_15p;9626.48;1;0.4;/dados/rmelo/PDPTW-SE/benchmark_multi_floor_v3/official_experiments/multistartlp/preliminar/set_01_pt_04/logs/heur_mslp/timelines/08R_08V_02F_03M/lr107_timeline_genconfig_mslp_seed_150_alpha_15p.txt;101.16;t1;0;843.14;false
0.15;0.0;0.02;0.02;0.0;0.0;5;/dados/rmelo/PDPTW-SE/benchmark_multi_floor_v3/official_experiments/multistartlp/preliminar/set_01_pt_04/logs/heur_mslp/outputs/csvresults_heur_mslp_bash_3.csv;0;3;1;18;1;0.0;0.5;true;10;2;lr210_t2_08R_08V_02F_03M;/dados/rmelo/PDPTW-SE/benchmark_multi_floor_v3/official_experiments/multistartlp/preliminar/set_01_pt_04/configs/genconfig_mslp.conf;genconfig_mslp;/dados/rmelo/PDPTW-SE/benchmark_multi_floor_v3/official_experiments/multistartlp/preliminar/set_01_pt_04/logs/heur_mslp/gurobi/08R_08V_02F_03M/lr210_grb_genconfig_mslp_seed_150_alpha_15p.log;random;08R_08V_02F_03M;1;827;1;/dados/rmelo/PDPTW-SE/benchmark_multi_floor_v3/official_experiments/multistartlp/preliminar/set_01_pt_04/../../../../instances/orig_ams_fg/08R_08V_02F_04M/t2/lr210/;60000;30671;0;1319.11;17;9;H;50;95;0;100.0;30.0;true;0.95;100.0;1.0;1.0;1.0;1.0;60;M;59173;59173;false;58;0.71;75.46;0.93;29;10;1000000;-1;3600;30.88;0.71;0.93;mslp;heur;0.71;0.93;-1;3600;60000;I;8;0.67;0.12;lr210;0;/dados/rmelo/PDPTW-SE/benchmark_multi_floor_v3/official_experiments/multistartlp/preliminar/set_01_pt_04/logs;0;0;0;1.38;100.0;1;150;/dados/rmelo/PDPTW-SE/benchmark_multi_floor_v3/official_experiments/multistartlp/preliminar/set_01_pt_04/logs/heur_mslp/solutions/08R_08V_02F_03M/lr210_sol_genconfig_mslp_seed_150_alpha_15p.txt;Gurobi;AUTOMATIC;17.56;_bash_3;_seed_150_alpha_15p;18274.6;1;60.72;/dados/rmelo/PDPTW-SE/benchmark_multi_floor_v3/official_experiments/multistartlp/preliminar/set_01_pt_04/logs/heur_mslp/timelines/08R_08V_02F_03M/lr210_timeline_genconfig_mslp_seed_150_alpha_15p.txt;121.62;t2;0;706.87;false
0.15;0.1;0.19;0.29;0.0;0.05;8;/dados/rmelo/PDPTW-SE/benchmark_multi_floor_v3/official_experiments/multistartlp/preliminar/set_01_pt_04/logs/heur_mslp/outputs/csvresults_heur_mslp_bash_3.csv;0;3;1;18;1;0.0;0.5;true;10;2;lr106_t1_08R_08V_04F_03M;/dados/rmelo/PDPTW-SE/benchmark_multi_floor_v3/official_experiments/multistartlp/preliminar/set_01_pt_04/configs/genconfig_mslp.conf;genconfig_mslp;/dados/rmelo/PDPTW-SE/benchmark_multi_floor_v3/official_experiments/multistartlp/preliminar/set_01_pt_04/logs/heur_mslp/gurobi/08R_08V_04F_03M/lr106_grb_genconfig_mslp_seed_150_alpha_15p.log;random;08R_08V_04F_03M;1;17092;1;/dados/rmelo/PDPTW-SE/benchmark_multi_floor_v3/official_experiments/multistartlp/preliminar/set_01_pt_04/../../../../instances/orig_ams_fg/08R_08V_04F_04M/t1/lr106/;60000;5471;0;1306.72;17;9;H;50;95;0;100.0;30.0;true;0.95;100.0;1.0;1.0;1.0;1.0;60;M;42908;42908;false;52;0.82;85.78;0.67;26;10;1000000;-1;3600;19.17;0.62;0.34;mslp;heur;0.35;0.06;-1;3600;60000;I;8;1.0;0.88;lr106;0;/dados/rmelo/PDPTW-SE/benchmark_multi_floor_v3/official_experiments/multistartlp/preliminar/set_01_pt_04/logs;0;0;0;28.49;100.0;1;150;/dados/rmelo/PDPTW-SE/benchmark_multi_floor_v3/official_experiments/multistartlp/preliminar/set_01_pt_04/logs/heur_mslp/solutions/08R_08V_04F_03M/lr106_sol_genconfig_mslp_seed_150_alpha_15p.txt;Gurobi;AUTOMATIC;18.11;_bash_3;_seed_150_alpha_15p;8226.68;1;9.4;/dados/rmelo/PDPTW-SE/benchmark_multi_floor_v3/official_experiments/multistartlp/preliminar/set_01_pt_04/logs/heur_mslp/timelines/08R_08V_04F_03M/lr106_timeline_genconfig_mslp_seed_150_alpha_15p.txt;98.25;t1;0;1010.71;false
0.15;0.01;0.03;0.04;0.0;0.0;11;/dados/rmelo/PDPTW-SE/benchmark_multi_floor_v3/official_experiments/multistartlp/preliminar/set_01_pt_04/logs/heur_mslp/outputs/csvresults_heur_mslp_bash_3.csv;0;3;1;18;1;0.0;0.5;true;10;2;lr209_t2_08R_08V_04F_03M;/dados/rmelo/PDPTW-SE/benchmark_multi_floor_v3/official_experiments/multistartlp/preliminar/set_01_pt_04/configs/genconfig_mslp.conf;genconfig_mslp;/dados/rmelo/PDPTW-SE/benchmark_multi_floor_v3/official_experiments/multistartlp/preliminar/set_01_pt_04/logs/heur_mslp/gurobi/08R_08V_04F_03M/lr209_grb_genconfig_mslp_seed_150_alpha_15p.log;random;08R_08V_04F_03M;1;0;1;/dados/rmelo/PDPTW-SE/benchmark_multi_floor_v3/official_experiments/multistartlp/preliminar/set_01_pt_04/../../../../instances/orig_ams_fg/08R_08V_04F_04M/t2/lr209/;60000;23560;0;1458.46;17;9;H;50;95;0;100.0;30.0;true;0.95;100.0;1.0;1.0;1.0;1.0;60;M;55190;60000;false;46;0.68;79.88;0.77;23;10;1000000;-1;3600;21.56;0.42;0.69;mslp;heur;0.16;0.61;-1;3600;60000;I;8;0.67;0.25;lr209;0;/dados/rmelo/PDPTW-SE/benchmark_multi_floor_v3/official_experiments/multistartlp/preliminar/set_01_pt_04/logs;0;0;0;0.0;91.98;1;150;/dados/rmelo/PDPTW-SE/benchmark_multi_floor_v3/official_experiments/multistartlp/preliminar/set_01_pt_04/logs/heur_mslp/solutions/08R_08V_04F_03M/lr209_sol_genconfig_mslp_seed_150_alpha_15p.txt;Gurobi;AUTOMATIC;17.82;_bash_3;_seed_150_alpha_15p;12933.25;1;58.23;/dados/rmelo/PDPTW-SE/benchmark_multi_floor_v3/official_experiments/multistartlp/preliminar/set_01_pt_04/logs/heur_mslp/timelines/08R_08V_04F_03M/lr209_timeline_genconfig_mslp_seed_150_alpha_15p.txt;149.97;t2;0;838.87;false
0.15;0.04;0.07;0.11;0.0;0.0;8;/dados/rmelo/PDPTW-SE/benchmark_multi_floor_v3/official_experiments/multistartlp/preliminar/set_01_pt_04/logs/heur_mslp/outputs/csvresults_heur_mslp_bash_3.csv;0;3;1;26;1;0.0;0.5;true;14;2;lr109_t1_12R_12V_02F_03M;/dados/rmelo/PDPTW-SE/benchmark_multi_floor_v3/official_experiments/multistartlp/preliminar/set_01_pt_04/configs/genconfig_mslp.conf;genconfig_mslp;/dados/rmelo/PDPTW-SE/benchmark_multi_floor_v3/official_experiments/multistartlp/preliminar/set_01_pt_04/logs/heur_mslp/gurobi/12R_12V_02F_03M/lr109_grb_genconfig_mslp_seed_150_alpha_15p.log;random;12R_12V_02F_03M;1;14396;1;/dados/rmelo/PDPTW-SE/benchmark_multi_floor_v3/official_experiments/multistartlp/preliminar/set_01_pt_04/../../../../instances/orig_ams_fg/12R_12V_02F_04M/t1/lr109/;60000;52653;0;1305.85;25;13;H;50;95;0;100.0;30.0;true;0.95;100.0;1.0;1.0;1.0;1.0;60;M;45604;45604;false;58;0.79;78.59;0.75;29;10;1000000;-1;3600;9.49;0.63;0.4;mslp;heur;0.53;0.24;-1;3600;60000;I;12;1.0;0.58;lr109;0;/dados/rmelo/PDPTW-SE/benchmark_multi_floor_v3/official_experiments/multistartlp/preliminar/set_01_pt_04/logs;0;0;0;23.99;100.0;1;150;/dados/rmelo/PDPTW-SE/benchmark_multi_floor_v3/official_experiments/multistartlp/preliminar/set_01_pt_04/logs/heur_mslp/solutions/12R_12V_02F_03M/lr109_sol_genconfig_mslp_seed_150_alpha_15p.txt;Gurobi;AUTOMATIC;17.85;_bash_3;_seed_150_alpha_15p;4329.35;1;102.03;/dados/rmelo/PDPTW-SE/benchmark_multi_floor_v3/official_experiments/multistartlp/preliminar/set_01_pt_04/logs/heur_mslp/timelines/12R_12V_02F_03M/lr109_timeline_genconfig_mslp_seed_150_alpha_15p.txt;115.79;t1;0;1006.78;false
0.15;0.0;0.02;0.02;0.0;0.0;17;/dados/rmelo/PDPTW-SE/benchmark_multi_floor_v3/official_experiments/multistartlp/preliminar/set_01_pt_04/logs/heur_mslp/outputs/csvresults_heur_mslp_bash_3.csv;0;3;1;26;1;0.0;0.5;true;14;2;lr207_t2_12R_12V_02F_03M;/dados/rmelo/PDPTW-SE/benchmark_multi_floor_v3/official_experiments/multistartlp/preliminar/set_01_pt_04/configs/genconfig_mslp.conf;genconfig_mslp;/dados/rmelo/PDPTW-SE/benchmark_multi_floor_v3/official_experiments/multistartlp/preliminar/set_01_pt_04/logs/heur_mslp/gurobi/12R_12V_02F_03M/lr207_grb_genconfig_mslp_seed_150_alpha_15p.log;random;12R_12V_02F_03M;1;0;1;/dados/rmelo/PDPTW-SE/benchmark_multi_floor_v3/official_experiments/multistartlp/preliminar/set_01_pt_04/../../../../instances/orig_ams_fg/12R_12V_02F_04M/t2/lr207/;60000;56220;0;1672.16;25;13;H;50;95;0;100.0;30.0;true;0.95;100.0;1.0;1.0;1.0;1.0;60;M;59967;60000;false;40;0.84;83.45;0.98;20;10;1000000;-1;3600;13.21;0.54;0.87;mslp;heur;0.23;0.76;-1;3600;60000;I;12;0.67;0.17;lr207;0;/dados/rmelo/PDPTW-SE/benchmark_multi_floor_v3/official_experiments/multistartlp/preliminar/set_01_pt_04/logs;0;0;0;0.0;99.94;1;150;/dados/rmelo/PDPTW-SE/benchmark_multi_floor_v3/official_experiments/multistartlp/preliminar/set_01_pt_04/logs/heur_mslp/solutions/12R_12V_02F_03M/lr207_sol_genconfig_mslp_seed_150_alpha_15p.txt;Gurobi;AUTOMATIC;17.77;_bash_3;_seed_150_alpha_15p;7925.77;1;215.73;/dados/rmelo/PDPTW-SE/benchmark_multi_floor_v3/official_experiments/multistartlp/preliminar/set_01_pt_04/logs/heur_mslp/timelines/12R_12V_02F_03M/lr207_timeline_genconfig_mslp_seed_150_alpha_15p.txt;230.57;t2;0;1072.99;false
0.15;0.2;0.32;0.52;0.0;0.0;13;/dados/rmelo/PDPTW-SE/benchmark_multi_floor_v3/official_experiments/multistartlp/preliminar/set_01_pt_04/logs/heur_mslp/outputs/csvresults_heur_mslp_bash_3.csv;0;3;1;26;1;0.0;0.5;true;14;2;lr106_t1_12R_12V_04F_03M;/dados/rmelo/PDPTW-SE/benchmark_multi_floor_v3/official_experiments/multistartlp/preliminar/set_01_pt_04/configs/genconfig_mslp.conf;genconfig_mslp;/dados/rmelo/PDPTW-SE/benchmark_multi_floor_v3/official_experiments/multistartlp/preliminar/set_01_pt_04/logs/heur_mslp/gurobi/12R_12V_04F_03M/lr106_grb_genconfig_mslp_seed_150_alpha_15p.log;random;12R_12V_04F_03M;1;41626;1;/dados/rmelo/PDPTW-SE/benchmark_multi_floor_v3/official_experiments/multistartlp/preliminar/set_01_pt_04/../../../../instances/orig_ams_fg/12R_12V_04F_04M/t1/lr106/;60000;31184;0;1732.34;25;13;H;50;95;0;100.0;30.0;true;0.95;100.0;1.0;1.0;1.0;1.0;60;M;18374;18374;false;52;0.85;86.16;0.97;26;10;1000000;-1;3600;11.49;0.68;0.43;mslp;heur;0.56;0.17;-1;3600;60000;I;12;1.0;0.75;lr106;0;/dados/rmelo/PDPTW-SE/benchmark_multi_floor_v3/official_experiments/multistartlp/preliminar/set_01_pt_04/logs;0;0;0;69.38;100.0;1;150;/dados/rmelo/PDPTW-SE/benchmark_multi_floor_v3/official_experiments/multistartlp/preliminar/set_01_pt_04/logs/heur_mslp/solutions/12R_12V_04F_03M/lr106_sol_genconfig_mslp_seed_150_alpha_15p.txt;Gurobi;AUTOMATIC;17.68;_bash_3;_seed_150_alpha_15p;2111.49;1;40.2;/dados/rmelo/PDPTW-SE/benchmark_multi_floor_v3/official_experiments/multistartlp/preliminar/set_01_pt_04/logs/heur_mslp/timelines/12R_12V_04F_03M/lr106_timeline_genconfig_mslp_seed_150_alpha_15p.txt;76.91;t1;0;1412.38;false
0.15;0.02;0.03;0.05;0.0;0.01;14;/dados/rmelo/PDPTW-SE/benchmark_multi_floor_v3/official_experiments/multistartlp/preliminar/set_01_pt_04/logs/heur_mslp/outputs/csvresults_heur_mslp_bash_3.csv;0;3;1;26;1;0.0;0.5;true;14;2;lr209_t2_12R_12V_04F_03M;/dados/rmelo/PDPTW-SE/benchmark_multi_floor_v3/official_experiments/multistartlp/preliminar/set_01_pt_04/configs/genconfig_mslp.conf;genconfig_mslp;/dados/rmelo/PDPTW-SE/benchmark_multi_floor_v3/official_experiments/multistartlp/preliminar/set_01_pt_04/logs/heur_mslp/gurobi/12R_12V_04F_03M/lr209_grb_genconfig_mslp_seed_150_alpha_15p.log;random;12R_12V_04F_03M;1;0;1;/dados/rmelo/PDPTW-SE/benchmark_multi_floor_v3/official_experiments/multistartlp/preliminar/set_01_pt_04/../../../../instances/orig_ams_fg/12R_12V_04F_04M/t2/lr209/;60000;58611;0;1995.52;25;13;H;50;95;0;100.0;30.0;true;0.95;100.0;1.0;1.0;1.0;1.0;60;M;60000;60000;false;46;0.71;91.85;0.68;23;10;1000000;-1;3600;14.13;0.6;0.61;mslp;heur;0.49;0.54;-1;3600;60000;I;12;1.0;0.17;lr209;0;/dados/rmelo/PDPTW-SE/benchmark_multi_floor_v3/official_experiments/multistartlp/preliminar/set_01_pt_04/logs;0;0;0;0.0;100.0;1;150;/dados/rmelo/PDPTW-SE/benchmark_multi_floor_v3/official_experiments/multistartlp/preliminar/set_01_pt_04/logs/heur_mslp/solutions/12R_12V_04F_03M/lr209_sol_genconfig_mslp_seed_150_alpha_15p.txt;Gurobi;AUTOMATIC;17.7;_bash_3;_seed_150_alpha_15p;8476.06;1;234.83;/dados/rmelo/PDPTW-SE/benchmark_multi_floor_v3/official_experiments/multistartlp/preliminar/set_01_pt_04/logs/heur_mslp/timelines/12R_12V_04F_03M/lr209_timeline_genconfig_mslp_seed_150_alpha_15p.txt;240.34;t2;0;1198.41;false
0.15;0.02;0.03;0.05;0.0;0.07;2;/dados/rmelo/PDPTW-SE/benchmark_multi_floor_v3/official_experiments/multistartlp/preliminar/set_01_pt_04/logs/heur_mslp/outputs/csvresults_heur_mslp_bash_3.csv;0;5;1;82;1;0.0;0.5;true;42;2;LR1_2_6_t1_40R_40V_02F_05M;/dados/rmelo/PDPTW-SE/benchmark_multi_floor_v3/official_experiments/multistartlp/preliminar/set_01_pt_04/configs/genconfig_mslp.conf;genconfig_mslp;/dados/rmelo/PDPTW-SE/benchmark_multi_floor_v3/official_experiments/multistartlp/preliminar/set_01_pt_04/logs/heur_mslp/gurobi/40R_40V_02F_05M/LR1_2_6_grb_genconfig_mslp_seed_150_alpha_15p.log;random;40R_40V_02F_05M;1;59141;1;/dados/rmelo/PDPTW-SE/benchmark_multi_floor_v3/official_experiments/multistartlp/preliminar/set_01_pt_04/../../../../instances/orig_ams_fg/40R_40V_02F_06M/t1/LR1_2_6/;60000;1018;0;9071.2;81;41;H;50;95;0;100.0;30.0;true;0.95;100.0;1.0;1.0;1.0;1.0;60;M;859;859;false;72;0.98;184.05;0.96;36;10;1000000;-1;3600;4.27;0.41;0.52;mslp;heur;0.16;0.12;-1;3600;60000;I;40;1.0;0.4;LR1_2_6;0;/dados/rmelo/PDPTW-SE/benchmark_multi_floor_v3/official_experiments/multistartlp/preliminar/set_01_pt_04/logs;0;0;0;98.57;100.0;1;150;/dados/rmelo/PDPTW-SE/benchmark_multi_floor_v3/official_experiments/multistartlp/preliminar/set_01_pt_04/logs/heur_mslp/solutions/40R_40V_02F_05M/LR1_2_6_sol_genconfig_mslp_seed_150_alpha_15p.txt;Gurobi;AUTOMATIC;17.63;_bash_3;_seed_150_alpha_15p;36.68;1;3.81;/dados/rmelo/PDPTW-SE/benchmark_multi_floor_v3/official_experiments/multistartlp/preliminar/set_01_pt_04/logs/heur_mslp/timelines/40R_40V_02F_05M/LR1_2_6_timeline_genconfig_mslp_seed_150_alpha_15p.txt;207.31;t1;0;7552.02;false
0.15;0.0;0.01;0.02;0.01;0.07;12;/dados/rmelo/PDPTW-SE/benchmark_multi_floor_v3/official_experiments/multistartlp/preliminar/set_01_pt_04/logs/heur_mslp/outputs/csvresults_heur_mslp_bash_3.csv;0;5;1;82;1;0.0;0.5;true;42;2;LR2_2_9_t2_40R_40V_02F_05M;/dados/rmelo/PDPTW-SE/benchmark_multi_floor_v3/official_experiments/multistartlp/preliminar/set_01_pt_04/configs/genconfig_mslp.conf;genconfig_mslp;/dados/rmelo/PDPTW-SE/benchmark_multi_floor_v3/official_experiments/multistartlp/preliminar/set_01_pt_04/logs/heur_mslp/gurobi/40R_40V_02F_05M/LR2_2_9_grb_genconfig_mslp_seed_150_alpha_15p.log;random;40R_40V_02F_05M;1;0;1;/dados/rmelo/PDPTW-SE/benchmark_multi_floor_v3/official_experiments/multistartlp/preliminar/set_01_pt_04/../../../../instances/orig_ams_fg/40R_40V_02F_06M/t2/LR2_2_9/;60000;41910;0;11244.68;81;41;H;50;95;0;100.0;30.0;true;0.95;100.0;1.0;1.0;1.0;1.0;60;M;60000;60000;false;74;0.78;179.34;1.0;37;10;1000000;-1;3600;7.3;0.54;0.82;mslp;heur;0.05;0.23;-1;3600;60000;I;40;1.0;0.15;LR2_2_9;0;/dados/rmelo/PDPTW-SE/benchmark_multi_floor_v3/official_experiments/multistartlp/preliminar/set_01_pt_04/logs;0;0;0;0.0;100.0;1;150;/dados/rmelo/PDPTW-SE/benchmark_multi_floor_v3/official_experiments/multistartlp/preliminar/set_01_pt_04/logs/heur_mslp/solutions/40R_40V_02F_05M/LR2_2_9_sol_genconfig_mslp_seed_150_alpha_15p.txt;Gurobi;AUTOMATIC;17.74;_bash_3;_seed_150_alpha_15p;4379.18;1;884.74;/dados/rmelo/PDPTW-SE/benchmark_multi_floor_v3/official_experiments/multistartlp/preliminar/set_01_pt_04/logs/heur_mslp/timelines/40R_40V_02F_05M/LR2_2_9_timeline_genconfig_mslp_seed_150_alpha_15p.txt;1265.18;t2;0;8172.71;false
0.15;0.11;0.15;0.26;0.0;0.03;7;/dados/rmelo/PDPTW-SE/benchmark_multi_floor_v3/official_experiments/multistartlp/preliminar/set_01_pt_04/logs/heur_mslp/outputs/csvresults_heur_mslp_bash_3.csv;0;5;1;82;1;0.0;0.5;true;42;2;LR1_2_10_t1_40R_40V_04F_05M;/dados/rmelo/PDPTW-SE/benchmark_multi_floor_v3/official_experiments/multistartlp/preliminar/set_01_pt_04/configs/genconfig_mslp.conf;genconfig_mslp;/dados/rmelo/PDPTW-SE/benchmark_multi_floor_v3/official_experiments/multistartlp/preliminar/set_01_pt_04/logs/heur_mslp/gurobi/40R_40V_04F_05M/LR1_2_10_grb_genconfig_mslp_seed_150_alpha_15p.log;random;40R_40V_04F_05M;1;59454;1;/dados/rmelo/PDPTW-SE/benchmark_multi_floor_v3/official_experiments/multistartlp/preliminar/set_01_pt_04/../../../../instances/orig_ams_fg/40R_40V_04F_06M/t1/LR1_2_10/;60000;55567;0;8885.17;81;41;H;50;95;0;100.0;30.0;true;0.95;100.0;1.0;1.0;1.0;1.0;60;M;546;546;false;72;0.91;178.35;0.92;36;10;1000000;-1;3600;6.17;0.66;0.5;mslp;heur;0.34;0.06;-1;3600;60000;I;40;1.0;0.45;LR1_2_10;0;/dados/rmelo/PDPTW-SE/benchmark_multi_floor_v3/official_experiments/multistartlp/preliminar/set_01_pt_04/logs;0;0;0;99.09;100.0;1;150;/dados/rmelo/PDPTW-SE/benchmark_multi_floor_v3/official_experiments/multistartlp/preliminar/set_01_pt_04/logs/heur_mslp/solutions/40R_40V_04F_05M/LR1_2_10_sol_genconfig_mslp_seed_150_alpha_15p.txt;Gurobi;AUTOMATIC;17.54;_bash_3;_seed_150_alpha_15p;33.67;1;243.05;/dados/rmelo/PDPTW-SE/benchmark_multi_floor_v3/official_experiments/multistartlp/preliminar/set_01_pt_04/logs/heur_mslp/timelines/40R_40V_04F_05M/LR1_2_10_timeline_genconfig_mslp_seed_150_alpha_15p.txt;262.84;t1;0;7504.11;false
0.15;0.02;0.03;0.06;0.0;0.03;7;/dados/rmelo/PDPTW-SE/benchmark_multi_floor_v3/official_experiments/multistartlp/preliminar/set_01_pt_04/logs/heur_mslp/outputs/csvresults_heur_mslp_bash_3.csv;0;5;1;82;1;0.0;0.5;true;42;2;LR2_2_6_t2_40R_40V_04F_05M;/dados/rmelo/PDPTW-SE/benchmark_multi_floor_v3/official_experiments/multistartlp/preliminar/set_01_pt_04/configs/genconfig_mslp.conf;genconfig_mslp;/dados/rmelo/PDPTW-SE/benchmark_multi_floor_v3/official_experiments/multistartlp/preliminar/set_01_pt_04/logs/heur_mslp/gurobi/40R_40V_04F_05M/LR2_2_6_grb_genconfig_mslp_seed_150_alpha_15p.log;random;40R_40V_04F_05M;1;0;1;/dados/rmelo/PDPTW-SE/benchmark_multi_floor_v3/official_experiments/multistartlp/preliminar/set_01_pt_04/../../../../instances/orig_ams_fg/40R_40V_04F_06M/t2/LR2_2_6/;60000;51487;0;10143.81;81;41;H;50;95;0;100.0;30.0;true;0.95;100.0;1.0;1.0;1.0;1.0;60;M;60000;60000;false;80;0.87;192.66;0.98;40;10;1000000;-1;3600;3.23;0.79;0.92;mslp;heur;0.69;0.78;-1;3600;60000;I;40;1.0;0.1;LR2_2_6;0;/dados/rmelo/PDPTW-SE/benchmark_multi_floor_v3/official_experiments/multistartlp/preliminar/set_01_pt_04/logs;0;0;0;0.0;100.0;1;150;/dados/rmelo/PDPTW-SE/benchmark_multi_floor_v3/official_experiments/multistartlp/preliminar/set_01_pt_04/logs/heur_mslp/solutions/40R_40V_04F_05M/LR2_2_6_sol_genconfig_mslp_seed_150_alpha_15p.txt;Gurobi;AUTOMATIC;17.66;_bash_3;_seed_150_alpha_15p;1937.2;1;2185.87;/dados/rmelo/PDPTW-SE/benchmark_multi_floor_v3/official_experiments/multistartlp/preliminar/set_01_pt_04/logs/heur_mslp/timelines/40R_40V_04F_05M/LR2_2_6_timeline_genconfig_mslp_seed_150_alpha_15p.txt;2545.52;t2;0;8049.54;false
0.15;0.04;0.07;0.11;0.0;0.1;5;/dados/rmelo/PDPTW-SE/benchmark_multi_floor_v3/official_experiments/multistartlp/preliminar/set_01_pt_04/logs/heur_mslp/outputs/csvresults_heur_mslp_bash_3.csv;0;5;1;122;1;0.0;0.5;true;62;2;LR1_2_6_t1_60R_60V_02F_05M;/dados/rmelo/PDPTW-SE/benchmark_multi_floor_v3/official_experiments/multistartlp/preliminar/set_01_pt_04/configs/genconfig_mslp.conf;genconfig_mslp;/dados/rmelo/PDPTW-SE/benchmark_multi_floor_v3/official_experiments/multistartlp/preliminar/set_01_pt_04/logs/heur_mslp/gurobi/60R_60V_02F_05M/LR1_2_6_grb_genconfig_mslp_seed_150_alpha_15p.log;random;60R_60V_02F_05M;1;58019;1;/dados/rmelo/PDPTW-SE/benchmark_multi_floor_v3/official_experiments/multistartlp/preliminar/set_01_pt_04/../../../../instances/orig_ams_fg/60R_60V_02F_06M/t1/LR1_2_6/;60000;54201;0;11866.84;121;61;H;50;95;0;100.0;30.0;true;0.95;100.0;1.0;1.0;1.0;1.0;60;M;1981;1981;false;82;0.93;191.73;0.98;41;10;1000000;-1;3600;4.91;0.69;0.51;mslp;heur;0.26;0.09;-1;3600;60000;I;60;1.0;0.38;LR1_2_6;0;/dados/rmelo/PDPTW-SE/benchmark_multi_floor_v3/official_experiments/multistartlp/preliminar/set_01_pt_04/logs;0;0;0;96.7;100.0;1;150;/dados/rmelo/PDPTW-SE/benchmark_multi_floor_v3/official_experiments/multistartlp/preliminar/set_01_pt_04/logs/heur_mslp/solutions/60R_60V_02F_05M/LR1_2_6_sol_genconfig_mslp_seed_150_alpha_15p.txt;Gurobi;AUTOMATIC;17.6;_bash_3;_seed_150_alpha_15p;97.23;1;433.19;/dados/rmelo/PDPTW-SE/benchmark_multi_floor_v3/official_experiments/multistartlp/preliminar/set_01_pt_04/logs/heur_mslp/timelines/60R_60V_02F_05M/LR1_2_6_timeline_genconfig_mslp_seed_150_alpha_15p.txt;479.2;t1;0;10009.95;false
