alpha;avrg_machines_travel_time_no_vehicle;avrg_machines_travel_time_only_with_vehicle;avrg_machines_travel_time_with_vehicle;avrg_vehicles_waiting_time_for_a_machine_travel;avrg_vehicles_waiting_time_for_a_service;countImprovements;csvfilename;cutoff;cutoffmachs;depot_begin;depot_end;elevator;epsilon;epsilonCap;feasible;first_delivery;first_pickup;fullname;genconfigfile;genconfigfilename;grbFilename;greedy_service_order;group;gurobiCuts;infeasibleSol;initial_station;instPath;iteration;iterationToBest;largestUpdateOffset;lastSGreedySolValue;last_delivery;last_pickup;lmnsAcceptanceCriteria;lmnsGapToBiggerDestruction;lmnsGapToSmallerDestruction;lmnsMIPFocus;lmnsMetropolisTemp;lmnsRepairTime;lmnsReqRApplyMIPStart;lmnsSimulatedAnnealingCool;lmnsSimulatedAnnealingTemp;lmnsWeightShawDemandSim;lmnsWeightShawDistProx;lmnsWeightShawEarlProx;lmnsWeightShawSameRoute;lmnsa;lmnsr;lpImpr;lpRuns;make_instance_feasible;max_Q;max_completion_time;max_d;max_max_load_all_vehicles;max_q;max_s;maxiter;maxnodes;maxtime;meanLPImprPercentage;mean_completion_time;mean_max_load_all_vehicles;methodCode;methodType;min_completion_time;min_max_load_all_vehicles;mipPresolve;mipmaxtime;mslpa;mslpr;n;n_machines_used;n_vehicles_used;name;num_machs;output;outputFlagGrbLMNS;outputFlagGrbMIP;outputFlagGrbMSLP;percentageInfeasibleSol;percentageLPImpr;printsol;seed;solfilename;solver;solverMethod;startTime;suff_csv;suff_outputs;sumLPImprPercentage;threads;timeToBest;timelineFilename;totalTimeElapsed;type;typeUserCut;value;warmStart
0.2;0.01;0.06;0.07;0.0;0.0;5;/dados/rmelo/PDPTW-SE/benchmark_multi_floor_v3/official_experiments/multistartlp/preliminar/set_01_pt_04/logs/heur_mslp/outputs/csvresults_heur_mslp_bash_4.csv;0;3;1;18;1;0.0;0.5;true;10;2;lr107_t1_08R_08V_02F_03M;/dados/rmelo/PDPTW-SE/benchmark_multi_floor_v3/official_experiments/multistartlp/preliminar/set_01_pt_04/configs/genconfig_mslp.conf;genconfig_mslp;/dados/rmelo/PDPTW-SE/benchmark_multi_floor_v3/official_experiments/multistartlp/preliminar/set_01_pt_04/logs/heur_mslp/gurobi/08R_08V_02F_03M/lr107_grb_genconfig_mslp_seed_94_alpha_20p.log;random;08R_08V_02F_03M;1;0;1;/dados/rmelo/PDPTW-SE/benchmark_multi_floor_v3/official_experiments/multistartlp/preliminar/set_01_pt_04/../../../../instances/orig_ams_fg/08R_08V_02F_04M/t1/lr107/;60000;15;0;1100.2;17;9;H;50;95;0;100.0;30.0;true;0.95;100.0;1.0;1.0;1.0;1.0;60;M;60000;60000;false;40;0.94;80.43;0.73;20;10;1000000;-1;3600;15.74;0.73;0.57;mslp;heur;0.47;0.3;-1;3600;60000;I;8;1.0;0.62;lr107;0;/dados/rmelo/PDPTW-SE/benchmark_multi_floor_v3/official_experiments/multistartlp/preliminar/set_01_pt_04/logs;0;0;0;0.0;100.0;1;94;/dados/rmelo/PDPTW-SE/benchmark_multi_floor_v3/official_experiments/multistartlp/preliminar/set_01_pt_04/logs/heur_mslp/solutions/08R_08V_02F_03M/lr107_sol_genconfig_mslp_seed_94_alpha_20p.txt;Gurobi;AUTOMATIC;17.28;_bash_4;_seed_94_alpha_20p;9446.69;1;0.3;/dados/rmelo/PDPTW-SE/benchmark_multi_floor_v3/official_experiments/multistartlp/preliminar/set_01_pt_04/logs/heur_mslp/timelines/08R_08V_02F_03M/lr107_timeline_genconfig_mslp_seed_94_alpha_20p.txt;102.74;t1;0;843.14;false
0.2;0.0;0.02;0.02;0.0;0.0;6;/dados/rmelo/PDPTW-SE/benchmark_multi_floor_v3/official_experiments/multistartlp/preliminar/set_01_pt_04/logs/heur_mslp/outputs/csvresults_heur_mslp_bash_4.csv;0;3;1;18;1;0.0;0.5;true;10;2;lr210_t2_08R_08V_02F_03M;/dados/rmelo/PDPTW-SE/benchmark_multi_floor_v3/official_experiments/multistartlp/preliminar/set_01_pt_04/configs/genconfig_mslp.conf;genconfig_mslp;/dados/rmelo/PDPTW-SE/benchmark_multi_floor_v3/official_experiments/multistartlp/preliminar/set_01_pt_04/logs/heur_mslp/gurobi/08R_08V_02F_03M/lr210_grb_genconfig_mslp_seed_94_alpha_20p.log;random;08R_08V_02F_03M;1;732;1;/dados/rmelo/PDPTW-SE/benchmark_multi_floor_v3/official_experiments/multistartlp/preliminar/set_01_pt_04/../../../../instances/orig_ams_fg/08R_08V_02F_04M/t2/lr210/;60000;4069;0;1543.59;17;9;H;50;95;0;100.0;30.0;true;0.95;100.0;1.0;1.0;1.0;1.0;60;M;59268;59268;false;58;0.71;75.46;0.93;29;10;1000000;-1;3600;30.85;0.71;0.93;mslp;heur;0.71;0.93;-1;3600;60000;I;8;0.67;0.12;lr210;0;/dados/rmelo/PDPTW-SE/benchmark_multi_floor_v3/official_experiments/multistartlp/preliminar/set_01_pt_04/logs;0;0;0;1.22;100.0;1;94;/dados/rmelo/PDPTW-SE/benchmark_multi_floor_v3/official_experiments/multistartlp/preliminar/set_01_pt_04/logs/heur_mslp/solutions/08R_08V_02F_03M/lr210_sol_genconfig_mslp_seed_94_alpha_20p.txt;Gurobi;AUTOMATIC;17.45;_bash_4;_seed_94_alpha_20p;18284.17;1;8.65;/dados/rmelo/PDPTW-SE/benchmark_multi_floor_v3/official_experiments/multistartlp/preliminar/set_01_pt_04/logs/heur_mslp/timelines/08R_08V_02F_03M/lr210_timeline_genconfig_mslp_seed_94_alpha_20p.txt;123.64;t2;0;706.87;false
0.2;0.1;0.19;0.29;0.0;0.05;5;/dados/rmelo/PDPTW-SE/benchmark_multi_floor_v3/official_experiments/multistartlp/preliminar/set_01_pt_04/logs/heur_mslp/outputs/csvresults_heur_mslp_bash_4.csv;0;3;1;18;1;0.0;0.5;true;10;2;lr106_t1_08R_08V_04F_03M;/dados/rmelo/PDPTW-SE/benchmark_multi_floor_v3/official_experiments/multistartlp/preliminar/set_01_pt_04/configs/genconfig_mslp.conf;genconfig_mslp;/dados/rmelo/PDPTW-SE/benchmark_multi_floor_v3/official_experiments/multistartlp/preliminar/set_01_pt_04/logs/heur_mslp/gurobi/08R_08V_04F_03M/lr106_grb_genconfig_mslp_seed_94_alpha_20p.log;random;08R_08V_04F_03M;1;17158;1;/dados/rmelo/PDPTW-SE/benchmark_multi_floor_v3/official_experiments/multistartlp/preliminar/set_01_pt_04/../../../../instances/orig_ams_fg/08R_08V_04F_04M/t1/lr106/;60000;3099;0;1303.35;17;9;H;50;95;0;100.0;30.0;true;0.95;100.0;1.0;1.0;1.0;1.0;60;M;42842;42842;false;52;0.82;85.78;0.81;26;10;1000000;-1;3600;19.16;0.62;0.34;mslp;heur;0.35;0.06;-1;3600;60000;I;8;1.0;0.88;lr106;0;/dados/rmelo/PDPTW-SE/benchmark_multi_floor_v3/official_experiments/multistartlp/preliminar/set_01_pt_04/logs;0;0;0;28.6;100.0;1;94;/dados/rmelo/PDPTW-SE/benchmark_multi_floor_v3/official_experiments/multistartlp/preliminar/set_01_pt_04/logs/heur_mslp/solutions/08R_08V_04F_03M/lr106_sol_genconfig_mslp_seed_94_alpha_20p.txt;Gurobi;AUTOMATIC;17.5;_bash_4;_seed_94_alpha_20p;8207.71;1;5.35;/dados/rmelo/PDPTW-SE/benchmark_multi_floor_v3/official_experiments/multistartlp/preliminar/set_01_pt_04/logs/heur_mslp/timelines/08R_08V_04F_03M/lr106_timeline_genconfig_mslp_seed_94_alpha_20p.txt;95.34;t1;0;1010.71;false
0.2;0.01;0.03;0.04;0.0;0.0;10;/dados/rmelo/PDPTW-SE/benchmark_multi_floor_v3/official_experiments/multistartlp/preliminar/set_01_pt_04/logs/heur_mslp/outputs/csvresults_heur_mslp_bash_4.csv;0;3;1;18;1;0.0;0.5;true;10;2;lr209_t2_08R_08V_04F_03M;/dados/rmelo/PDPTW-SE/benchmark_multi_floor_v3/official_experiments/multistartlp/preliminar/set_01_pt_04/configs/genconfig_mslp.conf;genconfig_mslp;/dados/rmelo/PDPTW-SE/benchmark_multi_floor_v3/official_experiments/multistartlp/preliminar/set_01_pt_04/logs/heur_mslp/gurobi/08R_08V_04F_03M/lr209_grb_genconfig_mslp_seed_94_alpha_20p.log;random;08R_08V_04F_03M;1;0;1;/dados/rmelo/PDPTW-SE/benchmark_multi_floor_v3/official_experiments/multistartlp/preliminar/set_01_pt_04/../../../../instances/orig_ams_fg/08R_08V_04F_04M/t2/lr209/;60000;3952;0;1348.88;17;9;H;50;95;0;100.0;30.0;true;0.95;100.0;1.0;1.0;1.0;1.0;60;M;54522;60000;false;46;0.68;79.88;0.93;23;10;1000000;-1;3600;20.97;0.42;0.85;mslp;heur;0.16;0.77;-1;3600;60000;I;8;0.67;0.25;lr209;0;/dados/rmelo/PDPTW-SE/benchmark_multi_floor_v3/official_experiments/multistartlp/preliminar/set_01_pt_04/logs;0;0;0;0.0;90.87;1;94;/dados/rmelo/PDPTW-SE/benchmark_multi_floor_v3/official_experiments/multistartlp/preliminar/set_01_pt_04/logs/heur_mslp/solutions/08R_08V_04F_03M/lr209_sol_genconfig_mslp_seed_94_alpha_20p.txt;Gurobi;AUTOMATIC;17.42;_bash_4;_seed_94_alpha_20p;12579.94;1;10.25;/dados/rmelo/PDPTW-SE/benchmark_multi_floor_v3/official_experiments/multistartlp/preliminar/set_01_pt_04/logs/heur_mslp/timelines/08R_08V_04F_03M/lr209_timeline_genconfig_mslp_seed_94_alpha_20p.txt;149.66;t2;0;838.87;false
0.2;0.04;0.07;0.11;0.0;0.0;14;/dados/rmelo/PDPTW-SE/benchmark_multi_floor_v3/official_experiments/multistartlp/preliminar/set_01_pt_04/logs/heur_mslp/outputs/csvresults_heur_mslp_bash_4.csv;0;3;1;26;1;0.0;0.5;true;14;2;lr109_t1_12R_12V_02F_03M;/dados/rmelo/PDPTW-SE/benchmark_multi_floor_v3/official_experiments/multistartlp/preliminar/set_01_pt_04/configs/genconfig_mslp.conf;genconfig_mslp;/dados/rmelo/PDPTW-SE/benchmark_multi_floor_v3/official_experiments/multistartlp/preliminar/set_01_pt_04/logs/heur_mslp/gurobi/12R_12V_02F_03M/lr109_grb_genconfig_mslp_seed_94_alpha_20p.log;random;12R_12V_02F_03M;1;14833;1;/dados/rmelo/PDPTW-SE/benchmark_multi_floor_v3/official_experiments/multistartlp/preliminar/set_01_pt_04/../../../../instances/orig_ams_fg/12R_12V_02F_04M/t1/lr109/;60000;51046;0;1434.07;25;13;H;50;95;0;100.0;30.0;true;0.95;100.0;1.0;1.0;1.0;1.0;60;M;45167;45167;false;58;0.88;78.59;0.75;29;10;1000000;-1;3600;9.5;0.73;0.46;mslp;heur;0.56;0.28;-1;3600;60000;I;12;1.0;0.5;lr109;0;/dados/rmelo/PDPTW-SE/benchmark_multi_floor_v3/official_experiments/multistartlp/preliminar/set_01_pt_04/logs;0;0;0;24.72;100.0;1;94;/dados/rmelo/PDPTW-SE/benchmark_multi_floor_v3/official_experiments/multistartlp/preliminar/set_01_pt_04/logs/heur_mslp/solutions/12R_12V_02F_03M/lr109_sol_genconfig_mslp_seed_94_alpha_20p.txt;Gurobi;AUTOMATIC;17.42;_bash_4;_seed_94_alpha_20p;4292.75;1;95.89;/dados/rmelo/PDPTW-SE/benchmark_multi_floor_v3/official_experiments/multistartlp/preliminar/set_01_pt_04/logs/heur_mslp/timelines/12R_12V_02F_03M/lr109_timeline_genconfig_mslp_seed_94_alpha_20p.txt;112.64;t1;0;1008.76;false
0.2;0.01;0.02;0.03;0.0;0.0;13;/dados/rmelo/PDPTW-SE/benchmark_multi_floor_v3/official_experiments/multistartlp/preliminar/set_01_pt_04/logs/heur_mslp/outputs/csvresults_heur_mslp_bash_4.csv;0;3;1;26;1;0.0;0.5;true;14;2;lr207_t2_12R_12V_02F_03M;/dados/rmelo/PDPTW-SE/benchmark_multi_floor_v3/official_experiments/multistartlp/preliminar/set_01_pt_04/configs/genconfig_mslp.conf;genconfig_mslp;/dados/rmelo/PDPTW-SE/benchmark_multi_floor_v3/official_experiments/multistartlp/preliminar/set_01_pt_04/logs/heur_mslp/gurobi/12R_12V_02F_03M/lr207_grb_genconfig_mslp_seed_94_alpha_20p.log;random;12R_12V_02F_03M;1;0;1;/dados/rmelo/PDPTW-SE/benchmark_multi_floor_v3/official_experiments/multistartlp/preliminar/set_01_pt_04/../../../../instances/orig_ams_fg/12R_12V_02F_04M/t2/lr207/;60000;17632;0;1658.73;25;13;H;50;95;0;100.0;30.0;true;0.95;100.0;1.0;1.0;1.0;1.0;60;M;59992;60000;false;40;0.73;83.45;1.0;20;10;1000000;-1;3600;14.01;0.55;0.98;mslp;heur;0.36;0.95;-1;3600;60000;I;12;0.67;0.17;lr207;0;/dados/rmelo/PDPTW-SE/benchmark_multi_floor_v3/official_experiments/multistartlp/preliminar/set_01_pt_04/logs;0;0;0;0.0;99.99;1;94;/dados/rmelo/PDPTW-SE/benchmark_multi_floor_v3/official_experiments/multistartlp/preliminar/set_01_pt_04/logs/heur_mslp/solutions/12R_12V_02F_03M/lr207_sol_genconfig_mslp_seed_94_alpha_20p.txt;Gurobi;AUTOMATIC;17.52;_bash_4;_seed_94_alpha_20p;8403.47;1;67.85;/dados/rmelo/PDPTW-SE/benchmark_multi_floor_v3/official_experiments/multistartlp/preliminar/set_01_pt_04/logs/heur_mslp/timelines/12R_12V_02F_03M/lr207_timeline_genconfig_mslp_seed_94_alpha_20p.txt;230.01;t2;0;1094.81;false
0.2;0.2;0.32;0.52;0.0;0.0;16;/dados/rmelo/PDPTW-SE/benchmark_multi_floor_v3/official_experiments/multistartlp/preliminar/set_01_pt_04/logs/heur_mslp/outputs/csvresults_heur_mslp_bash_4.csv;0;3;1;26;1;0.0;0.5;true;14;2;lr106_t1_12R_12V_04F_03M;/dados/rmelo/PDPTW-SE/benchmark_multi_floor_v3/official_experiments/multistartlp/preliminar/set_01_pt_04/configs/genconfig_mslp.conf;genconfig_mslp;/dados/rmelo/PDPTW-SE/benchmark_multi_floor_v3/official_experiments/multistartlp/preliminar/set_01_pt_04/logs/heur_mslp/gurobi/12R_12V_04F_03M/lr106_grb_genconfig_mslp_seed_94_alpha_20p.log;random;12R_12V_04F_03M;1;41832;1;/dados/rmelo/PDPTW-SE/benchmark_multi_floor_v3/official_experiments/multistartlp/preliminar/set_01_pt_04/../../../../instances/orig_ams_fg/12R_12V_04F_04M/t1/lr106/;60000;33946;0;1693.69;25;13;H;50;95;0;100.0;30.0;true;0.95;100.0;1.0;1.0;1.0;1.0;60;M;18168;18168;false;52;0.82;86.16;0.71;26;10;1000000;-1;3600;11.48;0.69;0.4;mslp;heur;0.57;0.17;-1;3600;60000;I;12;1.0;0.75;lr106;0;/dados/rmelo/PDPTW-SE/benchmark_multi_floor_v3/official_experiments/multistartlp/preliminar/set_01_pt_04/logs;0;0;0;69.72;100.0;1;94;/dados/rmelo/PDPTW-SE/benchmark_multi_floor_v3/official_experiments/multistartlp/preliminar/set_01_pt_04/logs/heur_mslp/solutions/12R_12V_04F_03M/lr106_sol_genconfig_mslp_seed_94_alpha_20p.txt;Gurobi;AUTOMATIC;17.66;_bash_4;_seed_94_alpha_20p;2086.03;1;42.74;/dados/rmelo/PDPTW-SE/benchmark_multi_floor_v3/official_experiments/multistartlp/preliminar/set_01_pt_04/logs/heur_mslp/timelines/12R_12V_04F_03M/lr106_timeline_genconfig_mslp_seed_94_alpha_20p.txt;75.18;t1;0;1422.84;false
0.2;0.02;0.03;0.05;0.01;0.0;15;/dados/rmelo/PDPTW-SE/benchmark_multi_floor_v3/official_experiments/multistartlp/preliminar/set_01_pt_04/logs/heur_mslp/outputs/csvresults_heur_mslp_bash_4.csv;0;3;1;26;1;0.0;0.5;true;14;2;lr209_t2_12R_12V_04F_03M;/dados/rmelo/PDPTW-SE/benchmark_multi_floor_v3/official_experiments/multistartlp/preliminar/set_01_pt_04/configs/genconfig_mslp.conf;genconfig_mslp;/dados/rmelo/PDPTW-SE/benchmark_multi_floor_v3/official_experiments/multistartlp/preliminar/set_01_pt_04/logs/heur_mslp/gurobi/12R_12V_04F_03M/lr209_grb_genconfig_mslp_seed_94_alpha_20p.log;random;12R_12V_04F_03M;1;0;1;/dados/rmelo/PDPTW-SE/benchmark_multi_floor_v3/official_experiments/multistartlp/preliminar/set_01_pt_04/../../../../instances/orig_ams_fg/12R_12V_04F_04M/t2/lr209/;60000;59165;0;1625.3;25;13;H;50;95;0;100.0;30.0;true;0.95;100.0;1.0;1.0;1.0;1.0;60;M;60000;60000;false;46;0.71;91.85;0.87;23;10;1000000;-1;3600;14.73;0.61;0.76;mslp;heur;0.5;0.66;-1;3600;60000;I;12;1.0;0.17;lr209;0;/dados/rmelo/PDPTW-SE/benchmark_multi_floor_v3/official_experiments/multistartlp/preliminar/set_01_pt_04/logs;0;0;0;0.0;100.0;1;94;/dados/rmelo/PDPTW-SE/benchmark_multi_floor_v3/official_experiments/multistartlp/preliminar/set_01_pt_04/logs/heur_mslp/solutions/12R_12V_04F_03M/lr209_sol_genconfig_mslp_seed_94_alpha_20p.txt;Gurobi;AUTOMATIC;17.5;_bash_4;_seed_94_alpha_20p;8838.14;1;229.88;/dados/rmelo/PDPTW-SE/benchmark_multi_floor_v3/official_experiments/multistartlp/preliminar/set_01_pt_04/logs/heur_mslp/timelines/12R_12V_04F_03M/lr209_timeline_genconfig_mslp_seed_94_alpha_20p.txt;233.23;t2;0;1211.69;false
0.2;0.02;0.04;0.06;0.01;0.12;2;/dados/rmelo/PDPTW-SE/benchmark_multi_floor_v3/official_experiments/multistartlp/preliminar/set_01_pt_04/logs/heur_mslp/outputs/csvresults_heur_mslp_bash_4.csv;0;5;1;82;1;0.0;0.5;true;42;2;LR1_2_6_t1_40R_40V_02F_05M;/dados/rmelo/PDPTW-SE/benchmark_multi_floor_v3/official_experiments/multistartlp/preliminar/set_01_pt_04/configs/genconfig_mslp.conf;genconfig_mslp;/dados/rmelo/PDPTW-SE/benchmark_multi_floor_v3/official_experiments/multistartlp/preliminar/set_01_pt_04/logs/heur_mslp/gurobi/40R_40V_02F_05M/LR1_2_6_grb_genconfig_mslp_seed_94_alpha_20p.log;random;40R_40V_02F_05M;1;59087;1;/dados/rmelo/PDPTW-SE/benchmark_multi_floor_v3/official_experiments/multistartlp/preliminar/set_01_pt_04/../../../../instances/orig_ams_fg/40R_40V_02F_06M/t1/LR1_2_6/;60000;19828;0;9752.28;81;41;H;50;95;0;100.0;30.0;true;0.95;100.0;1.0;1.0;1.0;1.0;60;M;913;913;false;72;0.99;184.05;0.96;36;10;1000000;-1;3600;4.36;0.41;0.51;mslp;heur;0.16;0.15;-1;3600;60000;I;40;1.0;0.42;LR1_2_6;0;/dados/rmelo/PDPTW-SE/benchmark_multi_floor_v3/official_experiments/multistartlp/preliminar/set_01_pt_04/logs;0;0;0;98.48;100.0;1;94;/dados/rmelo/PDPTW-SE/benchmark_multi_floor_v3/official_experiments/multistartlp/preliminar/set_01_pt_04/logs/heur_mslp/solutions/40R_40V_02F_05M/LR1_2_6_sol_genconfig_mslp_seed_94_alpha_20p.txt;Gurobi;AUTOMATIC;17.59;_bash_4;_seed_94_alpha_20p;39.77;1;70.56;/dados/rmelo/PDPTW-SE/benchmark_multi_floor_v3/official_experiments/multistartlp/preliminar/set_01_pt_04/logs/heur_mslp/timelines/40R_40V_02F_05M/LR1_2_6_timeline_genconfig_mslp_seed_94_alpha_20p.txt;214.94;t1;0;7939.19;false
0.2;0.01;0.01;0.02;0.0;0.08;13;/dados/rmelo/PDPTW-SE/benchmark_multi_floor_v3/official_experiments/multistartlp/preliminar/set_01_pt_04/logs/heur_mslp/outputs/csvresults_heur_mslp_bash_4.csv;0;5;1;82;1;0.0;0.5;true;42;2;LR2_2_9_t2_40R_40V_02F_05M;/dados/rmelo/PDPTW-SE/benchmark_multi_floor_v3/official_experiments/multistartlp/preliminar/set_01_pt_04/configs/genconfig_mslp.conf;genconfig_mslp;/dados/rmelo/PDPTW-SE/benchmark_multi_floor_v3/official_experiments/multistartlp/preliminar/set_01_pt_04/logs/heur_mslp/gurobi/40R_40V_02F_05M/LR2_2_9_grb_genconfig_mslp_seed_94_alpha_20p.log;random;40R_40V_02F_05M;1;0;1;/dados/rmelo/PDPTW-SE/benchmark_multi_floor_v3/official_experiments/multistartlp/preliminar/set_01_pt_04/../../../../instances/orig_ams_fg/40R_40V_02F_06M/t2/LR2_2_9/;60000;40852;0;10491.22;81;41;H;50;95;0;100.0;30.0;true;0.95;100.0;1.0;1.0;1.0;1.0;60;M;60000;60000;false;74;0.79;179.34;1.0;37;10;1000000;-1;3600;7.33;0.62;0.95;mslp;heur;0.25;0.85;-1;3600;60000;I;40;1.0;0.12;LR2_2_9;0;/dados/rmelo/PDPTW-SE/benchmark_multi_floor_v3/official_experiments/multistartlp/preliminar/set_01_pt_04/logs;0;0;0;0.0;100.0;1;94;/dados/rmelo/PDPTW-SE/benchmark_multi_floor_v3/official_experiments/multistartlp/preliminar/set_01_pt_04/logs/heur_mslp/solutions/40R_40V_02F_05M/LR2_2_9_sol_genconfig_mslp_seed_94_alpha_20p.txt;Gurobi;AUTOMATIC;17.56;_bash_4;_seed_94_alpha_20p;4395.08;1;850.7;/dados/rmelo/PDPTW-SE/benchmark_multi_floor_v3/official_experiments/multistartlp/preliminar/set_01_pt_04/logs/heur_mslp/timelines/40R_40V_02F_05M/LR2_2_9_timeline_genconfig_mslp_seed_94_alpha_20p.txt;1249.03;t2;0;7920.16;false
0.2;0.12;0.16;0.27;0.0;0.05;9;/dados/rmelo/PDPTW-SE/benchmark_multi_floor_v3/official_experiments/multistartlp/preliminar/set_01_pt_04/logs/heur_mslp/outputs/csvresults_heur_mslp_bash_4.csv;0;5;1;82;1;0.0;0.5;true;42;2;LR1_2_10_t1_40R_40V_04F_05M;/dados/rmelo/PDPTW-SE/benchmark_multi_floor_v3/official_experiments/multistartlp/preliminar/set_01_pt_04/configs/genconfig_mslp.conf;genconfig_mslp;/dados/rmelo/PDPTW-SE/benchmark_multi_floor_v3/official_experiments/multistartlp/preliminar/set_01_pt_04/logs/heur_mslp/gurobi/40R_40V_04F_05M/LR1_2_10_grb_genconfig_mslp_seed_94_alpha_20p.log;random;40R_40V_04F_05M;1;59497;1;/dados/rmelo/PDPTW-SE/benchmark_multi_floor_v3/official_experiments/multistartlp/preliminar/set_01_pt_04/../../../../instances/orig_ams_fg/40R_40V_04F_06M/t1/LR1_2_10/;60000;47180;0;8711.16;81;41;H;50;95;0;100.0;30.0;true;0.95;100.0;1.0;1.0;1.0;1.0;60;M;503;503;false;72;0.93;178.35;0.94;36;10;1000000;-1;3600;6.24;0.67;0.5;mslp;heur;0.27;0.08;-1;3600;60000;I;40;1.0;0.45;LR1_2_10;0;/dados/rmelo/PDPTW-SE/benchmark_multi_floor_v3/official_experiments/multistartlp/preliminar/set_01_pt_04/logs;0;0;0;99.16;100.0;1;94;/dados/rmelo/PDPTW-SE/benchmark_multi_floor_v3/official_experiments/multistartlp/preliminar/set_01_pt_04/logs/heur_mslp/solutions/40R_40V_04F_05M/LR1_2_10_sol_genconfig_mslp_seed_94_alpha_20p.txt;Gurobi;AUTOMATIC;17.61;_bash_4;_seed_94_alpha_20p;31.4;1;202.06;/dados/rmelo/PDPTW-SE/benchmark_multi_floor_v3/official_experiments/multistartlp/preliminar/set_01_pt_04/logs/heur_mslp/timelines/40R_40V_04F_05M/LR1_2_10_timeline_genconfig_mslp_seed_94_alpha_20p.txt;257.06;t1;0;7634.22;false
0.2;0.02;0.04;0.06;0.0;0.01;12;/dados/rmelo/PDPTW-SE/benchmark_multi_floor_v3/official_experiments/multistartlp/preliminar/set_01_pt_04/logs/heur_mslp/outputs/csvresults_heur_mslp_bash_4.csv;0;5;1;82;1;0.0;0.5;true;42;2;LR2_2_6_t2_40R_40V_04F_05M;/dados/rmelo/PDPTW-SE/benchmark_multi_floor_v3/official_experiments/multistartlp/preliminar/set_01_pt_04/configs/genconfig_mslp.conf;genconfig_mslp;/dados/rmelo/PDPTW-SE/benchmark_multi_floor_v3/official_experiments/multistartlp/preliminar/set_01_pt_04/logs/heur_mslp/gurobi/40R_40V_04F_05M/LR2_2_6_grb_genconfig_mslp_seed_94_alpha_20p.log;random;40R_40V_04F_05M;1;0;1;/dados/rmelo/PDPTW-SE/benchmark_multi_floor_v3/official_experiments/multistartlp/preliminar/set_01_pt_04/../../../../instances/orig_ams_fg/40R_40V_04F_06M/t2/LR2_2_6/;60000;32887;0;10454.0;81;41;H;50;95;0;100.0;30.0;true;0.95;100.0;1.0;1.0;1.0;1.0;60;M;60000;60000;false;80;0.87;192.66;1.0;40;10;1000000;-1;3600;3.26;0.78;0.96;mslp;heur;0.68;0.9;-1;3600;60000;I;40;1.0;0.1;LR2_2_6;0;/dados/rmelo/PDPTW-SE/benchmark_multi_floor_v3/official_experiments/multistartlp/preliminar/set_01_pt_04/logs;0;0;0;0.0;100.0;1;94;/dados/rmelo/PDPTW-SE/benchmark_multi_floor_v3/official_experiments/multistartlp/preliminar/set_01_pt_04/logs/heur_mslp/solutions/40R_40V_04F_05M/LR2_2_6_sol_genconfig_mslp_seed_94_alpha_20p.txt;Gurobi;AUTOMATIC;17.65;_bash_4;_seed_94_alpha_20p;1956.44;1;1390.6;/dados/rmelo/PDPTW-SE/benchmark_multi_floor_v3/official_experiments/multistartlp/preliminar/set_01_pt_04/logs/heur_mslp/timelines/40R_40V_04F_05M/LR2_2_6_timeline_genconfig_mslp_seed_94_alpha_20p.txt;2530.03;t2;0;7938.95;false
0.2;0.04;0.07;0.11;0.0;0.06;7;/dados/rmelo/PDPTW-SE/benchmark_multi_floor_v3/official_experiments/multistartlp/preliminar/set_01_pt_04/logs/heur_mslp/outputs/csvresults_heur_mslp_bash_4.csv;0;5;1;122;1;0.0;0.5;true;62;2;LR1_2_6_t1_60R_60V_02F_05M;/dados/rmelo/PDPTW-SE/benchmark_multi_floor_v3/official_experiments/multistartlp/preliminar/set_01_pt_04/configs/genconfig_mslp.conf;genconfig_mslp;/dados/rmelo/PDPTW-SE/benchmark_multi_floor_v3/official_experiments/multistartlp/preliminar/set_01_pt_04/logs/heur_mslp/gurobi/60R_60V_02F_05M/LR1_2_6_grb_genconfig_mslp_seed_94_alpha_20p.log;random;60R_60V_02F_05M;1;58057;1;/dados/rmelo/PDPTW-SE/benchmark_multi_floor_v3/official_experiments/multistartlp/preliminar/set_01_pt_04/../../../../instances/orig_ams_fg/60R_60V_02F_06M/t1/LR1_2_6/;60000;50471;0;12329.07;121;61;H;50;95;0;100.0;30.0;true;0.95;100.0;1.0;1.0;1.0;1.0;60;M;1943;1943;false;82;0.97;191.73;0.89;41;10;1000000;-1;3600;4.91;0.72;0.52;mslp;heur;0.26;0.09;-1;3600;60000;I;60;1.0;0.37;LR1_2_6;0;/dados/rmelo/PDPTW-SE/benchmark_multi_floor_v3/official_experiments/multistartlp/preliminar/set_01_pt_04/logs;0;0;0;96.76;100.0;1;94;/dados/rmelo/PDPTW-SE/benchmark_multi_floor_v3/official_experiments/multistartlp/preliminar/set_01_pt_04/logs/heur_mslp/solutions/60R_60V_02F_05M/LR1_2_6_sol_genconfig_mslp_seed_94_alpha_20p.txt;Gurobi;AUTOMATIC;17.51;_bash_4;_seed_94_alpha_20p;95.32;1;399.42;/dados/rmelo/PDPTW-SE/benchmark_multi_floor_v3/official_experiments/multistartlp/preliminar/set_01_pt_04/logs/heur_mslp/timelines/60R_60V_02F_05M/LR1_2_6_timeline_genconfig_mslp_seed_94_alpha_20p.txt;475.05;t1;0;10106.92;false
0.2;0.01;0.02;0.02;0.0;0.06;5;/dados/rmelo/PDPTW-SE/benchmark_multi_floor_v3/official_experiments/multistartlp/preliminar/set_01_pt_04/logs/heur_mslp/outputs/csvresults_heur_mslp_bash_4.csv;0;5;1;122;1;0.0;0.5;true;62;2;LR2_2_6_t2_60R_60V_02F_05M;/dados/rmelo/PDPTW-SE/benchmark_multi_floor_v3/official_experiments/multistartlp/preliminar/set_01_pt_04/configs/genconfig_mslp.conf;genconfig_mslp;/dados/rmelo/PDPTW-SE/benchmark_multi_floor_v3/official_experiments/multistartlp/preliminar/set_01_pt_04/logs/heur_mslp/gurobi/60R_60V_02F_05M/LR2_2_6_grb_genconfig_mslp_seed_94_alpha_20p.log;random;60R_60V_02F_05M;1;0;1;/dados/rmelo/PDPTW-SE/benchmark_multi_floor_v3/official_experiments/multistartlp/preliminar/set_01_pt_04/../../../../instances/orig_ams_fg/60R_60V_02F_06M/t2/LR2_2_6/;56339;12363;0;13637.54;121;61;H;50;95;0;100.0;30.0;true;0.95;100.0;1.0;1.0;1.0;1.0;60;M;56339;56339;false;80;0.91;185.63;1.0;40;10;1000000;-1;3600;5.36;0.72;0.96;mslp;heur;0.26;0.93;-1;3600;60000;I;60;1.0;0.1;LR2_2_6;0;/dados/rmelo/PDPTW-SE/benchmark_multi_floor_v3/official_experiments/multistartlp/preliminar/set_01_pt_04/logs;0;0;0;0.0;100.0;1;94;/dados/rmelo/PDPTW-SE/benchmark_multi_floor_v3/official_experiments/multistartlp/preliminar/set_01_pt_04/logs/heur_mslp/solutions/60R_60V_02F_05M/LR2_2_6_sol_genconfig_mslp_seed_94_alpha_20p.txt;Gurobi;AUTOMATIC;17.61;_bash_4;_seed_94_alpha_20p;3018.9;1;790.93;/dados/rmelo/PDPTW-SE/benchmark_multi_floor_v3/official_experiments/multistartlp/preliminar/set_01_pt_04/logs/heur_mslp/timelines/60R_60V_02F_05M/LR2_2_6_timeline_genconfig_mslp_seed_94_alpha_20p.txt;3600.04;t2;0;10986.8;false
0.2;0.14;0.22;0.36;0.0;0.07;6;/dados/rmelo/PDPTW-SE/benchmark_multi_floor_v3/official_experiments/multistartlp/preliminar/set_01_pt_04/logs/heur_mslp/outputs/csvresults_heur_mslp_bash_4.csv;0;5;1;122;1;0.0;0.5;true;62;2;LR1_2_9_t1_60R_60V_04F_05M;/dados/rmelo/PDPTW-SE/benchmark_multi_floor_v3/official_experiments/multistartlp/preliminar/set_01_pt_04/configs/genconfig_mslp.conf;genconfig_mslp;/dados/rmelo/PDPTW-SE/benchmark_multi_floor_v3/official_experiments/multistartlp/preliminar/set_01_pt_04/logs/heur_mslp/gurobi/60R_60V_04F_05M/LR1_2_9_grb_genconfig_mslp_seed_94_alpha_20p.log;random;60R_60V_04F_05M;1;59957;1;/dados/rmelo/PDPTW-SE/benchmark_multi_floor_v3/official_experiments/multistartlp/preliminar/set_01_pt_04/../../../../instances/orig_ams_fg/60R_60V_04F_06M/t1/LR1_2_9/;60000;28598;0;14318.88;121;61;H;50;95;0;100.0;30.0;true;0.95;100.0;1.0;1.0;1.0;1.0;60;M;43;43;false;86;0.99;198.99;0.85;43;10;1000000;-1;3600;7.79;0.68;0.48;mslp;heur;0.35;0.15;-1;3600;60000;I;60;1.0;0.45;LR1_2_9;0;/dados/rmelo/PDPTW-SE/benchmark_multi_floor_v3/official_experiments/multistartlp/preliminar/set_01_pt_04/logs;0;0;0;99.93;100.0;1;94;/dados/rmelo/PDPTW-SE/benchmark_multi_floor_v3/official_experiments/multistartlp/preliminar/set_01_pt_04/logs/heur_mslp/solutions/60R_60V_04F_05M/LR1_2_9_sol_genconfig_mslp_seed_94_alpha_20p.txt;Gurobi;AUTOMATIC;17.52;_bash_4;_seed_94_alpha_20p;3.35;1;242.58;/dados/rmelo/PDPTW-SE/benchmark_multi_floor_v3/official_experiments/multistartlp/preliminar/set_01_pt_04/logs/heur_mslp/timelines/60R_60V_04F_05M/LR1_2_9_timeline_genconfig_mslp_seed_94_alpha_20p.txt;506.32;t1;0;12688.71;false
0.2;0.03;0.05;0.07;0.0;0.0;1;/dados/rmelo/PDPTW-SE/benchmark_multi_floor_v3/official_experiments/multistartlp/preliminar/set_01_pt_04/logs/heur_mslp/outputs/csvresults_heur_mslp_bash_4.csv;0;5;1;122;1;0.0;0.5;true;62;2;LR2_2_7_t2_60R_60V_04F_05M;/dados/rmelo/PDPTW-SE/benchmark_multi_floor_v3/official_experiments/multistartlp/preliminar/set_01_pt_04/configs/genconfig_mslp.conf;genconfig_mslp;/dados/rmelo/PDPTW-SE/benchmark_multi_floor_v3/official_experiments/multistartlp/preliminar/set_01_pt_04/logs/heur_mslp/gurobi/60R_60V_04F_05M/LR2_2_7_grb_genconfig_mslp_seed_94_alpha_20p.log;random;60R_60V_04F_05M;1;7906;1;/dados/rmelo/PDPTW-SE/benchmark_multi_floor_v3/official_experiments/multistartlp/preliminar/set_01_pt_04/../../../../instances/orig_ams_fg/60R_60V_04F_06M/t2/LR2_2_7/;31801;1;0;12202.85;121;61;H;50;95;0;100.0;30.0;true;0.95;100.0;1.0;1.0;1.0;1.0;60;M;23895;23895;false;78;0.89;195.28;1.0;39;10;1000000;-1;3600;1.59;0.71;0.92;mslp;heur;0.18;0.68;-1;3600;60000;I;60;1.0;0.1;LR2_2_7;0;/dados/rmelo/PDPTW-SE/benchmark_multi_floor_v3/official_experiments/multistartlp/preliminar/set_01_pt_04/logs;0;0;0;24.86;100.0;1;94;/dados/rmelo/PDPTW-SE/benchmark_multi_floor_v3/official_experiments/multistartlp/preliminar/set_01_pt_04/logs/heur_mslp/solutions/60R_60V_04F_05M/LR2_2_7_sol_genconfig_mslp_seed_94_alpha_20p.txt;Gurobi;AUTOMATIC;17.69;_bash_4;_seed_94_alpha_20p;379.33;1;0.14;/dados/rmelo/PDPTW-SE/benchmark_multi_floor_v3/official_experiments/multistartlp/preliminar/set_01_pt_04/logs/heur_mslp/timelines/60R_60V_04F_05M/LR2_2_7_timeline_genconfig_mslp_seed_94_alpha_20p.txt;3600.09;t2;0;10775.82;false
0.2;0.01;0.06;0.07;0.0;0.0;5;/dados/rmelo/PDPTW-SE/benchmark_multi_floor_v3/official_experiments/multistartlp/preliminar/set_01_pt_04/logs/heur_mslp/outputs/csvresults_heur_mslp_bash_4.csv;0;3;1;18;1;0.0;0.5;true;10;2;lr107_t1_08R_08V_02F_03M;/dados/rmelo/PDPTW-SE/benchmark_multi_floor_v3/official_experiments/multistartlp/preliminar/set_01_pt_04/configs/genconfig_mslp.conf;genconfig_mslp;/dados/rmelo/PDPTW-SE/benchmark_multi_floor_v3/official_experiments/multistartlp/preliminar/set_01_pt_04/logs/heur_mslp/gurobi/08R_08V_02F_03M/lr107_grb_genconfig_mslp_seed_101_alpha_20p.log;random;08R_08V_02F_03M;1;0;1;/dados/rmelo/PDPTW-SE/benchmark_multi_floor_v3/official_experiments/multistartlp/preliminar/set_01_pt_04/../../../../instances/orig_ams_fg/08R_08V_02F_04M/t1/lr107/;60000;18;0;1163.39;17;9;H;50;95;0;100.0;30.0;true;0.95;100.0;1.0;1.0;1.0;1.0;60;M;60000;60000;false;40;0.94;80.43;0.73;20;10;1000000;-1;3600;15.79;0.73;0.58;mslp;heur;0.47;0.36;-1;3600;60000;I;8;1.0;0.62;lr107;0;/dados/rmelo/PDPTW-SE/benchmark_multi_floor_v3/official_experiments/multistartlp/preliminar/set_01_pt_04/logs;0;0;0;0.0;100.0;1;101;/dados/rmelo/PDPTW-SE/benchmark_multi_floor_v3/official_experiments/multistartlp/preliminar/set_01_pt_04/logs/heur_mslp/solutions/08R_08V_02F_03M/lr107_sol_genconfig_mslp_seed_101_alpha_20p.txt;Gurobi;AUTOMATIC;17.18;_bash_4;_seed_101_alpha_20p;9472.13;1;0.31;/dados/rmelo/PDPTW-SE/benchmark_multi_floor_v3/official_experiments/multistartlp/preliminar/set_01_pt_04/logs/heur_mslp/timelines/08R_08V_02F_03M/lr107_timeline_genconfig_mslp_seed_101_alpha_20p.txt;104.18;t1;0;843.14;false
0.2;0.0;0.02;0.02;0.0;0.0;5;/dados/rmelo/PDPTW-SE/benchmark_multi_floor_v3/official_experiments/multistartlp/preliminar/set_01_pt_04/logs/heur_mslp/outputs/csvresults_heur_mslp_bash_4.csv;0;3;1;18;1;0.0;0.5;true;10;2;lr210_t2_08R_08V_02F_03M;/dados/rmelo/PDPTW-SE/benchmark_multi_floor_v3/official_experiments/multistartlp/preliminar/set_01_pt_04/configs/genconfig_mslp.conf;genconfig_mslp;/dados/rmelo/PDPTW-SE/benchmark_multi_floor_v3/official_experiments/multistartlp/preliminar/set_01_pt_04/logs/heur_mslp/gurobi/08R_08V_02F_03M/lr210_grb_genconfig_mslp_seed_101_alpha_20p.log;random;08R_08V_02F_03M;1;745;1;/dados/rmelo/PDPTW-SE/benchmark_multi_floor_v3/official_experiments/multistartlp/preliminar/set_01_pt_04/../../../../instances/orig_ams_fg/08R_08V_02F_04M/t2/lr210/;60000;48862;0;987.51;17;9;H;50;95;0;100.0;30.0;true;0.95;100.0;1.0;1.0;1.0;1.0;60;M;59255;59255;false;58;0.71;75.46;0.93;29;10;1000000;-1;3600;30.89;0.71;0.93;mslp;heur;0.71;0.93;-1;3600;60000;I;8;0.67;0.12;lr210;0;/dados/rmelo/PDPTW-SE/benchmark_multi_floor_v3/official_experiments/multistartlp/preliminar/set_01_pt_04/logs;0;0;0;1.24;100.0;1;101;/dados/rmelo/PDPTW-SE/benchmark_multi_floor_v3/official_experiments/multistartlp/preliminar/set_01_pt_04/logs/heur_mslp/solutions/08R_08V_02F_03M/lr210_sol_genconfig_mslp_seed_101_alpha_20p.txt;Gurobi;AUTOMATIC;17.9;_bash_4;_seed_101_alpha_20p;18306.68;1;101.63;/dados/rmelo/PDPTW-SE/benchmark_multi_floor_v3/official_experiments/multistartlp/preliminar/set_01_pt_04/logs/heur_mslp/timelines/08R_08V_02F_03M/lr210_timeline_genconfig_mslp_seed_101_alpha_20p.txt;124.19;t2;0;706.87;false
0.2;0.1;0.19;0.29;0.0;0.05;12;/dados/rmelo/PDPTW-SE/benchmark_multi_floor_v3/official_experiments/multistartlp/preliminar/set_01_pt_04/logs/heur_mslp/outputs/csvresults_heur_mslp_bash_4.csv;0;3;1;18;1;0.0;0.5;true;10;2;lr106_t1_08R_08V_04F_03M;/dados/rmelo/PDPTW-SE/benchmark_multi_floor_v3/official_experiments/multistartlp/preliminar/set_01_pt_04/configs/genconfig_mslp.conf;genconfig_mslp;/dados/rmelo/PDPTW-SE/benchmark_multi_floor_v3/official_experiments/multistartlp/preliminar/set_01_pt_04/logs/heur_mslp/gurobi/08R_08V_04F_03M/lr106_grb_genconfig_mslp_seed_101_alpha_20p.log;random;08R_08V_04F_03M;1;17148;1;/dados/rmelo/PDPTW-SE/benchmark_multi_floor_v3/official_experiments/multistartlp/preliminar/set_01_pt_04/../../../../instances/orig_ams_fg/08R_08V_04F_04M/t1/lr106/;60000;5346;0;1497.61;17;9;H;50;95;0;100.0;30.0;true;0.95;100.0;1.0;1.0;1.0;1.0;60;M;42852;42852;false;52;0.82;85.78;0.81;26;10;1000000;-1;3600;19.16;0.62;0.34;mslp;heur;0.35;0.09;-1;3600;60000;I;8;1.0;0.88;lr106;0;/dados/rmelo/PDPTW-SE/benchmark_multi_floor_v3/official_experiments/multistartlp/preliminar/set_01_pt_04/logs;0;0;0;28.58;100.0;1;101;/dados/rmelo/PDPTW-SE/benchmark_multi_floor_v3/official_experiments/multistartlp/preliminar/set_01_pt_04/logs/heur_mslp/solutions/08R_08V_04F_03M/lr106_sol_genconfig_mslp_seed_101_alpha_20p.txt;Gurobi;AUTOMATIC;17.77;_bash_4;_seed_101_alpha_20p;8208.28;1;8.91;/dados/rmelo/PDPTW-SE/benchmark_multi_floor_v3/official_experiments/multistartlp/preliminar/set_01_pt_04/logs/heur_mslp/timelines/08R_08V_04F_03M/lr106_timeline_genconfig_mslp_seed_101_alpha_20p.txt;96.28;t1;0;1010.71;false
0.2;0.01;0.03;0.04;0.0;0.0;11;/dados/rmelo/PDPTW-SE/benchmark_multi_floor_v3/official_experiments/multistartlp/preliminar/set_01_pt_04/logs/heur_mslp/outputs/csvresults_heur_mslp_bash_4.csv;0;3;1;18;1;0.0;0.5;true;10;2;lr209_t2_08R_08V_04F_03M;/dados/rmelo/PDPTW-SE/benchmark_multi_floor_v3/official_experiments/multistartlp/preliminar/set_01_pt_04/configs/genconfig_mslp.conf;genconfig_mslp;/dados/rmelo/PDPTW-SE/benchmark_multi_floor_v3/official_experiments/multistartlp/preliminar/set_01_pt_04/logs/heur_mslp/gurobi/08R_08V_04F_03M/lr209_grb_genconfig_mslp_seed_101_alpha_20p.log;random;08R_08V_04F_03M;1;0;1;/dados/rmelo/PDPTW-SE/benchmark_multi_floor_v3/official_experiments/multistartlp/preliminar/set_01_pt_04/../../../../instances/orig_ams_fg/08R_08V_04F_04M/t2/lr209/;60000;23640;0;921.14;17;9;H;50;95;0;100.0;30.0;true;0.95;100.0;1.0;1.0;1.0;1.0;60;M;54593;60000;false;46;0.68;79.88;0.77;23;10;1000000;-1;3600;21.06;0.42;0.75;mslp;heur;0.16;0.74;-1;3600;60000;I;8;0.67;0.25;lr209;0;/dados/rmelo/PDPTW-SE/benchmark_multi_floor_v3/official_experiments/multistartlp/preliminar/set_01_pt_04/logs;0;0;0;0.0;90.99;1;101;/dados/rmelo/PDPTW-SE/benchmark_multi_floor_v3/official_experiments/multistartlp/preliminar/set_01_pt_04/logs/heur_mslp/solutions/08R_08V_04F_03M/lr209_sol_genconfig_mslp_seed_101_alpha_20p.txt;Gurobi;AUTOMATIC;17.67;_bash_4;_seed_101_alpha_20p;12635.24;1;60.89;/dados/rmelo/PDPTW-SE/benchmark_multi_floor_v3/official_experiments/multistartlp/preliminar/set_01_pt_04/logs/heur_mslp/timelines/08R_08V_04F_03M/lr209_timeline_genconfig_mslp_seed_101_alpha_20p.txt;150.99;t2;0;838.87;false
0.2;0.04;0.07;0.11;0.0;0.0;14;/dados/rmelo/PDPTW-SE/benchmark_multi_floor_v3/official_experiments/multistartlp/preliminar/set_01_pt_04/logs/heur_mslp/outputs/csvresults_heur_mslp_bash_4.csv;0;3;1;26;1;0.0;0.5;true;14;2;lr109_t1_12R_12V_02F_03M;/dados/rmelo/PDPTW-SE/benchmark_multi_floor_v3/official_experiments/multistartlp/preliminar/set_01_pt_04/configs/genconfig_mslp.conf;genconfig_mslp;/dados/rmelo/PDPTW-SE/benchmark_multi_floor_v3/official_experiments/multistartlp/preliminar/set_01_pt_04/logs/heur_mslp/gurobi/12R_12V_02F_03M/lr109_grb_genconfig_mslp_seed_101_alpha_20p.log;random;12R_12V_02F_03M;1;14723;1;/dados/rmelo/PDPTW-SE/benchmark_multi_floor_v3/official_experiments/multistartlp/preliminar/set_01_pt_04/../../../../instances/orig_ams_fg/12R_12V_02F_04M/t1/lr109/;60000;35206;0;1445.78;25;13;H;50;95;0;100.0;30.0;true;0.95;100.0;1.0;1.0;1.0;1.0;60;M;45277;45277;false;58;0.79;78.59;0.95;29;10;1000000;-1;3600;9.51;0.63;0.43;mslp;heur;0.53;0.23;-1;3600;60000;I;12;1.0;0.58;lr109;0;/dados/rmelo/PDPTW-SE/benchmark_multi_floor_v3/official_experiments/multistartlp/preliminar/set_01_pt_04/logs;0;0;0;24.54;100.0;1;101;/dados/rmelo/PDPTW-SE/benchmark_multi_floor_v3/official_experiments/multistartlp/preliminar/set_01_pt_04/logs/heur_mslp/solutions/12R_12V_02F_03M/lr109_sol_genconfig_mslp_seed_101_alpha_20p.txt;Gurobi;AUTOMATIC;17.82;_bash_4;_seed_101_alpha_20p;4304.07;1;67.16;/dados/rmelo/PDPTW-SE/benchmark_multi_floor_v3/official_experiments/multistartlp/preliminar/set_01_pt_04/logs/heur_mslp/timelines/12R_12V_02F_03M/lr109_timeline_genconfig_mslp_seed_101_alpha_20p.txt;113.52;t1;0;1006.42;false
0.2;0.01;0.02;0.03;0.0;0.0;15;/dados/rmelo/PDPTW-SE/benchmark_multi_floor_v3/official_experiments/multistartlp/preliminar/set_01_pt_04/logs/heur_mslp/outputs/csvresults_heur_mslp_bash_4.csv;0;3;1;26;1;0.0;0.5;true;14;2;lr207_t2_12R_12V_02F_03M;/dados/rmelo/PDPTW-SE/benchmark_multi_floor_v3/official_experiments/multistartlp/preliminar/set_01_pt_04/configs/genconfig_mslp.conf;genconfig_mslp;/dados/rmelo/PDPTW-SE/benchmark_multi_floor_v3/official_experiments/multistartlp/preliminar/set_01_pt_04/logs/heur_mslp/gurobi/12R_12V_02F_03M/lr207_grb_genconfig_mslp_seed_101_alpha_20p.log;random;12R_12V_02F_03M;1;0;1;/dados/rmelo/PDPTW-SE/benchmark_multi_floor_v3/official_experiments/multistartlp/preliminar/set_01_pt_04/../../../../instances/orig_ams_fg/12R_12V_02F_04M/t2/lr207/;60000;45417;0;1516.25;25;13;H;50;95;0;100.0;30.0;true;0.95;100.0;1.0;1.0;1.0;1.0;60;M;59988;60000;false;40;0.88;83.45;0.98;20;10;1000000;-1;3600;14.01;0.55;0.92;mslp;heur;0.23;0.88;-1;3600;60000;I;12;0.67;0.17;lr207;0;/dados/rmelo/PDPTW-SE/benchmark_multi_floor_v3/official_experiments/multistartlp/preliminar/set_01_pt_04/logs;0;0;0;0.0;99.98;1;101;/dados/rmelo/PDPTW-SE/benchmark_multi_floor_v3/official_experiments/multistartlp/preliminar/set_01_pt_04/logs/heur_mslp/solutions/12R_12V_02F_03M/lr207_sol_genconfig_mslp_seed_101_alpha_20p.txt;Gurobi;AUTOMATIC;17.74;_bash_4;_seed_101_alpha_20p;8403.84;1;176.06;/dados/rmelo/PDPTW-SE/benchmark_multi_floor_v3/official_experiments/multistartlp/preliminar/set_01_pt_04/logs/heur_mslp/timelines/12R_12V_02F_03M/lr207_timeline_genconfig_mslp_seed_101_alpha_20p.txt;231.9;t2;0;1105.26;false
0.2;0.2;0.29;0.49;0.0;0.02;8;/dados/rmelo/PDPTW-SE/benchmark_multi_floor_v3/official_experiments/multistartlp/preliminar/set_01_pt_04/logs/heur_mslp/outputs/csvresults_heur_mslp_bash_4.csv;0;3;1;26;1;0.0;0.5;true;14;2;lr106_t1_12R_12V_04F_03M;/dados/rmelo/PDPTW-SE/benchmark_multi_floor_v3/official_experiments/multistartlp/preliminar/set_01_pt_04/configs/genconfig_mslp.conf;genconfig_mslp;/dados/rmelo/PDPTW-SE/benchmark_multi_floor_v3/official_experiments/multistartlp/preliminar/set_01_pt_04/logs/heur_mslp/gurobi/12R_12V_04F_03M/lr106_grb_genconfig_mslp_seed_101_alpha_20p.log;random;12R_12V_04F_03M;1;41724;1;/dados/rmelo/PDPTW-SE/benchmark_multi_floor_v3/official_experiments/multistartlp/preliminar/set_01_pt_04/../../../../instances/orig_ams_fg/12R_12V_04F_04M/t1/lr106/;60000;2223;0;1827.1;25;13;H;50;95;0;100.0;30.0;true;0.95;100.0;1.0;1.0;1.0;1.0;60;M;18276;18276;false;52;1.0;86.16;0.83;26;10;1000000;-1;3600;11.48;0.68;0.41;mslp;heur;0.41;0.19;-1;3600;60000;I;12;1.0;0.75;lr106;0;/dados/rmelo/PDPTW-SE/benchmark_multi_floor_v3/official_experiments/multistartlp/preliminar/set_01_pt_04/logs;0;0;0;69.54;100.0;1;101;/dados/rmelo/PDPTW-SE/benchmark_multi_floor_v3/official_experiments/multistartlp/preliminar/set_01_pt_04/logs/heur_mslp/solutions/12R_12V_04F_03M/lr106_sol_genconfig_mslp_seed_101_alpha_20p.txt;Gurobi;AUTOMATIC;18.02;_bash_4;_seed_101_alpha_20p;2097.36;1;3.17;/dados/rmelo/PDPTW-SE/benchmark_multi_floor_v3/official_experiments/multistartlp/preliminar/set_01_pt_04/logs/heur_mslp/timelines/12R_12V_04F_03M/lr106_timeline_genconfig_mslp_seed_101_alpha_20p.txt;78.14;t1;0;1415.74;false
0.2;0.02;0.03;0.05;0.0;0.01;10;/dados/rmelo/PDPTW-SE/benchmark_multi_floor_v3/official_experiments/multistartlp/preliminar/set_01_pt_04/logs/heur_mslp/outputs/csvresults_heur_mslp_bash_4.csv;0;3;1;26;1;0.0;0.5;true;14;2;lr209_t2_12R_12V_04F_03M;/dados/rmelo/PDPTW-SE/benchmark_multi_floor_v3/official_experiments/multistartlp/preliminar/set_01_pt_04/configs/genconfig_mslp.conf;genconfig_mslp;/dados/rmelo/PDPTW-SE/benchmark_multi_floor_v3/official_experiments/multistartlp/preliminar/set_01_pt_04/logs/heur_mslp/gurobi/12R_12V_04F_03M/lr209_grb_genconfig_mslp_seed_101_alpha_20p.log;random;12R_12V_04F_03M;1;0;1;/dados/rmelo/PDPTW-SE/benchmark_multi_floor_v3/official_experiments/multistartlp/preliminar/set_01_pt_04/../../../../instances/orig_ams_fg/12R_12V_04F_04M/t2/lr209/;60000;9475;0;1949.71;25;13;H;50;95;0;100.0;30.0;true;0.95;100.0;1.0;1.0;1.0;1.0;60;M;60000;60000;false;46;0.71;91.85;0.87;23;10;1000000;-1;3600;14.71;0.6;0.71;mslp;heur;0.49;0.54;-1;3600;60000;I;12;1.0;0.17;lr209;0;/dados/rmelo/PDPTW-SE/benchmark_multi_floor_v3/official_experiments/multistartlp/preliminar/set_01_pt_04/logs;0;0;0;0.0;100.0;1;101;/dados/rmelo/PDPTW-SE/benchmark_multi_floor_v3/official_experiments/multistartlp/preliminar/set_01_pt_04/logs/heur_mslp/solutions/12R_12V_04F_03M/lr209_sol_genconfig_mslp_seed_101_alpha_20p.txt;Gurobi;AUTOMATIC;17.91;_bash_4;_seed_101_alpha_20p;8826.66;1;38.78;/dados/rmelo/PDPTW-SE/benchmark_multi_floor_v3/official_experiments/multistartlp/preliminar/set_01_pt_04/logs/heur_mslp/timelines/12R_12V_04F_03M/lr209_timeline_genconfig_mslp_seed_101_alpha_20p.txt;238.74;t2;0;1199.02;false
0.2;0.02;0.04;0.06;0.02;0.07;2;/dados/rmelo/PDPTW-SE/benchmark_multi_floor_v3/official_experiments/multistartlp/preliminar/set_01_pt_04/logs/heur_mslp/outputs/csvresults_heur_mslp_bash_4.csv;0;5;1;82;1;0.0;0.5;true;42;2;LR1_2_6_t1_40R_40V_02F_05M;/dados/rmelo/PDPTW-SE/benchmark_multi_floor_v3/official_experiments/multistartlp/preliminar/set_01_pt_04/configs/genconfig_mslp.conf;genconfig_mslp;/dados/rmelo/PDPTW-SE/benchmark_multi_floor_v3/official_experiments/multistartlp/preliminar/set_01_pt_04/logs/heur_mslp/gurobi/40R_40V_02F_05M/LR1_2_6_grb_genconfig_mslp_seed_101_alpha_20p.log;random;40R_40V_02F_05M;1;59057;1;/dados/rmelo/PDPTW-SE/benchmark_multi_floor_v3/official_experiments/multistartlp/preliminar/set_01_pt_04/../../../../instances/orig_ams_fg/40R_40V_02F_06M/t1/LR1_2_6/;60000;2788;0;9380.33;81;41;H;50;95;0;100.0;30.0;true;0.95;100.0;1.0;1.0;1.0;1.0;60;M;943;943;false;72;0.99;184.05;0.88;36;10;1000000;-1;3600;4.27;0.39;0.51;mslp;heur;0.16;0.15;-1;3600;60000;I;40;1.0;0.42;LR1_2_6;0;/dados/rmelo/PDPTW-SE/benchmark_multi_floor_v3/official_experiments/multistartlp/preliminar/set_01_pt_04/logs;0;0;0;98.43;100.0;1;101;/dados/rmelo/PDPTW-SE/benchmark_multi_floor_v3/official_experiments/multistartlp/preliminar/set_01_pt_04/logs/heur_mslp/solutions/40R_40V_02F_05M/LR1_2_6_sol_genconfig_mslp_seed_101_alpha_20p.txt;Gurobi;AUTOMATIC;17.73;_bash_4;_seed_101_alpha_20p;40.3;1;9.97;/dados/rmelo/PDPTW-SE/benchmark_multi_floor_v3/official_experiments/multistartlp/preliminar/set_01_pt_04/logs/heur_mslp/timelines/40R_40V_02F_05M/LR1_2_6_timeline_genconfig_mslp_seed_101_alpha_20p.txt;207.65;t1;0;7633.26;false
0.2;0.01;0.01;0.02;0.03;0.1;11;/dados/rmelo/PDPTW-SE/benchmark_multi_floor_v3/official_experiments/multistartlp/preliminar/set_01_pt_04/logs/heur_mslp/outputs/csvresults_heur_mslp_bash_4.csv;0;5;1;82;1;0.0;0.5;true;42;2;LR2_2_9_t2_40R_40V_02F_05M;/dados/rmelo/PDPTW-SE/benchmark_multi_floor_v3/official_experiments/multistartlp/preliminar/set_01_pt_04/configs/genconfig_mslp.conf;genconfig_mslp;/dados/rmelo/PDPTW-SE/benchmark_multi_floor_v3/official_experiments/multistartlp/preliminar/set_01_pt_04/logs/heur_mslp/gurobi/40R_40V_02F_05M/LR2_2_9_grb_genconfig_mslp_seed_101_alpha_20p.log;random;40R_40V_02F_05M;1;0;1;/dados/rmelo/PDPTW-SE/benchmark_multi_floor_v3/official_experiments/multistartlp/preliminar/set_01_pt_04/../../../../instances/orig_ams_fg/40R_40V_02F_06M/t2/LR2_2_9/;60000;46958;0;11073.77;81;41;H;50;95;0;100.0;30.0;true;0.95;100.0;1.0;1.0;1.0;1.0;60;M;60000;60000;false;74;0.77;179.34;1.0;37;10;1000000;-1;3600;7.3;0.66;0.97;mslp;heur;0.44;0.93;-1;3600;60000;I;40;1.0;0.12;LR2_2_9;0;/dados/rmelo/PDPTW-SE/benchmark_multi_floor_v3/official_experiments/multistartlp/preliminar/set_01_pt_04/logs;0;0;0;0.0;100.0;1;101;/dados/rmelo/PDPTW-SE/benchmark_multi_floor_v3/official_experiments/multistartlp/preliminar/set_01_pt_04/logs/heur_mslp/solutions/40R_40V_02F_05M/LR2_2_9_sol_genconfig_mslp_seed_101_alpha_20p.txt;Gurobi;AUTOMATIC;17.55;_bash_4;_seed_101_alpha_20p;4378.2;1;991.97;/dados/rmelo/PDPTW-SE/benchmark_multi_floor_v3/official_experiments/multistartlp/preliminar/set_01_pt_04/logs/heur_mslp/timelines/40R_40V_02F_05M/LR2_2_9_timeline_genconfig_mslp_seed_101_alpha_20p.txt;1267.14;t2;0;8344.38;false
0.2;0.11;0.16;0.27;0.0;0.03;11;/dados/rmelo/PDPTW-SE/benchmark_multi_floor_v3/official_experiments/multistartlp/preliminar/set_01_pt_04/logs/heur_mslp/outputs/csvresults_heur_mslp_bash_4.csv;0;5;1;82;1;0.0;0.5;true;42;2;LR1_2_10_t1_40R_40V_04F_05M;/dados/rmelo/PDPTW-SE/benchmark_multi_floor_v3/official_experiments/multistartlp/preliminar/set_01_pt_04/configs/genconfig_mslp.conf;genconfig_mslp;/dados/rmelo/PDPTW-SE/benchmark_multi_floor_v3/official_experiments/multistartlp/preliminar/set_01_pt_04/logs/heur_mslp/gurobi/40R_40V_04F_05M/LR1_2_10_grb_genconfig_mslp_seed_101_alpha_20p.log;random;40R_40V_04F_05M;1;59447;1;/dados/rmelo/PDPTW-SE/benchmark_multi_floor_v3/official_experiments/multistartlp/preliminar/set_01_pt_04/../../../../instances/orig_ams_fg/40R_40V_04F_06M/t1/LR1_2_10/;60000;34130;0;8569.81;81;41;H;50;95;0;100.0;30.0;true;0.95;100.0;1.0;1.0;1.0;1.0;60;M;553;553;false;72;0.95;178.35;0.95;36;10;1000000;-1;3600;6.23;0.7;0.56;mslp;heur;0.29;0.21;-1;3600;60000;I;40;1.0;0.42;LR1_2_10;0;/dados/rmelo/PDPTW-SE/benchmark_multi_floor_v3/official_experiments/multistartlp/preliminar/set_01_pt_04/logs;0;0;0;99.08;100.0;1;101;/dados/rmelo/PDPTW-SE/benchmark_multi_floor_v3/official_experiments/multistartlp/preliminar/set_01_pt_04/logs/heur_mslp/solutions/40R_40V_04F_05M/LR1_2_10_sol_genconfig_mslp_seed_101_alpha_20p.txt;Gurobi;AUTOMATIC;17.64;_bash_4;_seed_101_alpha_20p;34.45;1;147.54;/dados/rmelo/PDPTW-SE/benchmark_multi_floor_v3/official_experiments/multistartlp/preliminar/set_01_pt_04/logs/heur_mslp/timelines/40R_40V_04F_05M/LR1_2_10_timeline_genconfig_mslp_seed_101_alpha_20p.txt;260.86;t1;0;7495.64;false
0.2;0.02;0.04;0.05;0.0;0.04;11;/dados/rmelo/PDPTW-SE/benchmark_multi_floor_v3/official_experiments/multistartlp/preliminar/set_01_pt_04/logs/heur_mslp/outputs/csvresults_heur_mslp_bash_4.csv;0;5;1;82;1;0.0;0.5;true;42;2;LR2_2_6_t2_40R_40V_04F_05M;/dados/rmelo/PDPTW-SE/benchmark_multi_floor_v3/official_experiments/multistartlp/preliminar/set_01_pt_04/configs/genconfig_mslp.conf;genconfig_mslp;/dados/rmelo/PDPTW-SE/benchmark_multi_floor_v3/official_experiments/multistartlp/preliminar/set_01_pt_04/logs/heur_mslp/gurobi/40R_40V_04F_05M/LR2_2_6_grb_genconfig_mslp_seed_101_alpha_20p.log;random;40R_40V_04F_05M;1;0;1;/dados/rmelo/PDPTW-SE/benchmark_multi_floor_v3/official_experiments/multistartlp/preliminar/set_01_pt_04/../../../../instances/orig_ams_fg/40R_40V_04F_06M/t2/LR2_2_6/;60000;57626;0;10258.42;81;41;H;50;95;0;100.0;30.0;true;0.95;100.0;1.0;1.0;1.0;1.0;60;M;60000;60000;false;80;0.91;192.66;1.0;40;10;1000000;-1;3600;3.28;0.63;0.86;mslp;heur;0.06;0.45;-1;3600;60000;I;40;1.0;0.12;LR2_2_6;0;/dados/rmelo/PDPTW-SE/benchmark_multi_floor_v3/official_experiments/multistartlp/preliminar/set_01_pt_04/logs;0;0;0;0.0;100.0;1;101;/dados/rmelo/PDPTW-SE/benchmark_multi_floor_v3/official_experiments/multistartlp/preliminar/set_01_pt_04/logs/heur_mslp/solutions/40R_40V_04F_05M/LR2_2_6_sol_genconfig_mslp_seed_101_alpha_20p.txt;Gurobi;AUTOMATIC;17.6;_bash_4;_seed_101_alpha_20p;1969.1;1;2448.34;/dados/rmelo/PDPTW-SE/benchmark_multi_floor_v3/official_experiments/multistartlp/preliminar/set_01_pt_04/logs/heur_mslp/timelines/40R_40V_04F_05M/LR2_2_6_timeline_genconfig_mslp_seed_101_alpha_20p.txt;2548.36;t2;0;7939.8;false
0.2;0.04;0.07;0.12;0.0;0.06;6;/dados/rmelo/PDPTW-SE/benchmark_multi_floor_v3/official_experiments/multistartlp/preliminar/set_01_pt_04/logs/heur_mslp/outputs/csvresults_heur_mslp_bash_4.csv;0;5;1;122;1;0.0;0.5;true;62;2;LR1_2_6_t1_60R_60V_02F_05M;/dados/rmelo/PDPTW-SE/benchmark_multi_floor_v3/official_experiments/multistartlp/preliminar/set_01_pt_04/configs/genconfig_mslp.conf;genconfig_mslp;/dados/rmelo/PDPTW-SE/benchmark_multi_floor_v3/official_experiments/multistartlp/preliminar/set_01_pt_04/logs/heur_mslp/gurobi/60R_60V_02F_05M/LR1_2_6_grb_genconfig_mslp_seed_101_alpha_20p.log;random;60R_60V_02F_05M;1;58106;1;/dados/rmelo/PDPTW-SE/benchmark_multi_floor_v3/official_experiments/multistartlp/preliminar/set_01_pt_04/../../../../instances/orig_ams_fg/60R_60V_02F_06M/t1/LR1_2_6/;60000;20916;0;12605.76;121;61;H;50;95;0;100.0;30.0;true;0.95;100.0;1.0;1.0;1.0;1.0;60;M;1894;1894;false;82;0.96;191.73;1.0;41;10;1000000;-1;3600;4.92;0.67;0.5;mslp;heur;0.25;0.13;-1;3600;60000;I;60;1.0;0.4;LR1_2_6;0;/dados/rmelo/PDPTW-SE/benchmark_multi_floor_v3/official_experiments/multistartlp/preliminar/set_01_pt_04/logs;0;0;0;96.84;100.0;1;101;/dados/rmelo/PDPTW-SE/benchmark_multi_floor_v3/official_experiments/multistartlp/preliminar/set_01_pt_04/logs/heur_mslp/solutions/60R_60V_02F_05M/LR1_2_6_sol_genconfig_mslp_seed_101_alpha_20p.txt;Gurobi;AUTOMATIC;17.57;_bash_4;_seed_101_alpha_20p;93.17;1;165.28;/dados/rmelo/PDPTW-SE/benchmark_multi_floor_v3/official_experiments/multistartlp/preliminar/set_01_pt_04/logs/heur_mslp/timelines/60R_60V_02F_05M/LR1_2_6_timeline_genconfig_mslp_seed_101_alpha_20p.txt;475.46;t1;0;10190.17;false
0.2;0.01;0.02;0.03;0.01;0.02;5;/dados/rmelo/PDPTW-SE/benchmark_multi_floor_v3/official_experiments/multistartlp/preliminar/set_01_pt_04/logs/heur_mslp/outputs/csvresults_heur_mslp_bash_4.csv;0;5;1;122;1;0.0;0.5;true;62;2;LR2_2_6_t2_60R_60V_02F_05M;/dados/rmelo/PDPTW-SE/benchmark_multi_floor_v3/official_experiments/multistartlp/preliminar/set_01_pt_04/configs/genconfig_mslp.conf;genconfig_mslp;/dados/rmelo/PDPTW-SE/benchmark_multi_floor_v3/official_experiments/multistartlp/preliminar/set_01_pt_04/logs/heur_mslp/gurobi/60R_60V_02F_05M/LR2_2_6_grb_genconfig_mslp_seed_101_alpha_20p.log;random;60R_60V_02F_05M;1;0;1;/dados/rmelo/PDPTW-SE/benchmark_multi_floor_v3/official_experiments/multistartlp/preliminar/set_01_pt_04/../../../../instances/orig_ams_fg/60R_60V_02F_06M/t2/LR2_2_6/;56540;25512;0;13774.43;121;61;H;50;95;0;100.0;30.0;true;0.95;100.0;1.0;1.0;1.0;1.0;60;M;56540;56540;false;80;0.89;185.63;1.0;40;10;1000000;-1;3600;5.37;0.7;0.95;mslp;heur;0.3;0.81;-1;3600;60000;I;60;1.0;0.1;LR2_2_6;0;/dados/rmelo/PDPTW-SE/benchmark_multi_floor_v3/official_experiments/multistartlp/preliminar/set_01_pt_04/logs;0;0;0;0.0;100.0;1;101;/dados/rmelo/PDPTW-SE/benchmark_multi_floor_v3/official_experiments/multistartlp/preliminar/set_01_pt_04/logs/heur_mslp/solutions/60R_60V_02F_05M/LR2_2_6_sol_genconfig_mslp_seed_101_alpha_20p.txt;Gurobi;AUTOMATIC;17.91;_bash_4;_seed_101_alpha_20p;3035.94;1;1627.89;/dados/rmelo/PDPTW-SE/benchmark_multi_floor_v3/official_experiments/multistartlp/preliminar/set_01_pt_04/logs/heur_mslp/timelines/60R_60V_02F_05M/LR2_2_6_timeline_genconfig_mslp_seed_101_alpha_20p.txt;3600.03;t2;0;10661.65;false
0.2;0.16;0.2;0.36;0.0;0.08;5;/dados/rmelo/PDPTW-SE/benchmark_multi_floor_v3/official_experiments/multistartlp/preliminar/set_01_pt_04/logs/heur_mslp/outputs/csvresults_heur_mslp_bash_4.csv;0;5;1;122;1;0.0;0.5;true;62;2;LR1_2_9_t1_60R_60V_04F_05M;/dados/rmelo/PDPTW-SE/benchmark_multi_floor_v3/official_experiments/multistartlp/preliminar/set_01_pt_04/configs/genconfig_mslp.conf;genconfig_mslp;/dados/rmelo/PDPTW-SE/benchmark_multi_floor_v3/official_experiments/multistartlp/preliminar/set_01_pt_04/logs/heur_mslp/gurobi/60R_60V_04F_05M/LR1_2_9_grb_genconfig_mslp_seed_101_alpha_20p.log;random;60R_60V_04F_05M;1;59948;1;/dados/rmelo/PDPTW-SE/benchmark_multi_floor_v3/official_experiments/multistartlp/preliminar/set_01_pt_04/../../../../instances/orig_ams_fg/60R_60V_04F_06M/t1/LR1_2_9/;60000;35300;0;14402.74;121;61;H;50;95;0;100.0;30.0;true;0.95;100.0;1.0;1.0;1.0;1.0;60;M;52;52;false;86;0.98;198.99;0.98;43;10;1000000;-1;3600;7.89;0.68;0.46;mslp;heur;0.35;0.12;-1;3600;60000;I;60;1.0;0.45;LR1_2_9;0;/dados/rmelo/PDPTW-SE/benchmark_multi_floor_v3/official_experiments/multistartlp/preliminar/set_01_pt_04/logs;0;0;0;99.91;100.0;1;101;/dados/rmelo/PDPTW-SE/benchmark_multi_floor_v3/official_experiments/multistartlp/preliminar/set_01_pt_04/logs/heur_mslp/solutions/60R_60V_04F_05M/LR1_2_9_sol_genconfig_mslp_seed_101_alpha_20p.txt;Gurobi;AUTOMATIC;17.69;_bash_4;_seed_101_alpha_20p;4.1;1;298.22;/dados/rmelo/PDPTW-SE/benchmark_multi_floor_v3/official_experiments/multistartlp/preliminar/set_01_pt_04/logs/heur_mslp/timelines/60R_60V_04F_05M/LR1_2_9_timeline_genconfig_mslp_seed_101_alpha_20p.txt;508.08;t1;0;12598.47;false
0.2;0.03;0.05;0.07;0.0;0.0;1;/dados/rmelo/PDPTW-SE/benchmark_multi_floor_v3/official_experiments/multistartlp/preliminar/set_01_pt_04/logs/heur_mslp/outputs/csvresults_heur_mslp_bash_4.csv;0;5;1;122;1;0.0;0.5;true;62;2;LR2_2_7_t2_60R_60V_04F_05M;/dados/rmelo/PDPTW-SE/benchmark_multi_floor_v3/official_experiments/multistartlp/preliminar/set_01_pt_04/configs/genconfig_mslp.conf;genconfig_mslp;/dados/rmelo/PDPTW-SE/benchmark_multi_floor_v3/official_experiments/multistartlp/preliminar/set_01_pt_04/logs/heur_mslp/gurobi/60R_60V_04F_05M/LR2_2_7_grb_genconfig_mslp_seed_101_alpha_20p.log;random;60R_60V_04F_05M;1;7834;1;/dados/rmelo/PDPTW-SE/benchmark_multi_floor_v3/official_experiments/multistartlp/preliminar/set_01_pt_04/../../../../instances/orig_ams_fg/60R_60V_04F_06M/t2/LR2_2_7/;31694;1;0;13987.05;121;61;H;50;95;0;100.0;30.0;true;0.95;100.0;1.0;1.0;1.0;1.0;60;M;23860;23860;false;78;0.89;195.28;1.0;39;10;1000000;-1;3600;1.56;0.71;0.92;mslp;heur;0.18;0.68;-1;3600;60000;I;60;1.0;0.1;LR2_2_7;0;/dados/rmelo/PDPTW-SE/benchmark_multi_floor_v3/official_experiments/multistartlp/preliminar/set_01_pt_04/logs;0;0;0;24.72;100.0;1;101;/dados/rmelo/PDPTW-SE/benchmark_multi_floor_v3/official_experiments/multistartlp/preliminar/set_01_pt_04/logs/heur_mslp/solutions/60R_60V_04F_05M/LR2_2_7_sol_genconfig_mslp_seed_101_alpha_20p.txt;Gurobi;AUTOMATIC;17.77;_bash_4;_seed_101_alpha_20p;372.73;1;0.14;/dados/rmelo/PDPTW-SE/benchmark_multi_floor_v3/official_experiments/multistartlp/preliminar/set_01_pt_04/logs/heur_mslp/timelines/60R_60V_04F_05M/LR2_2_7_timeline_genconfig_mslp_seed_101_alpha_20p.txt;3600.05;t2;0;10775.82;false
0.2;0.01;0.06;0.07;0.0;0.0;4;/dados/rmelo/PDPTW-SE/benchmark_multi_floor_v3/official_experiments/multistartlp/preliminar/set_01_pt_04/logs/heur_mslp/outputs/csvresults_heur_mslp_bash_4.csv;0;3;1;18;1;0.0;0.5;true;10;2;lr107_t1_08R_08V_02F_03M;/dados/rmelo/PDPTW-SE/benchmark_multi_floor_v3/official_experiments/multistartlp/preliminar/set_01_pt_04/configs/genconfig_mslp.conf;genconfig_mslp;/dados/rmelo/PDPTW-SE/benchmark_multi_floor_v3/official_experiments/multistartlp/preliminar/set_01_pt_04/logs/heur_mslp/gurobi/08R_08V_02F_03M/lr107_grb_genconfig_mslp_seed_108_alpha_20p.log;random;08R_08V_02F_03M;1;0;1;/dados/rmelo/PDPTW-SE/benchmark_multi_floor_v3/official_experiments/multistartlp/preliminar/set_01_pt_04/../../../../instances/orig_ams_fg/08R_08V_02F_04M/t1/lr107/;60000;15;0;1086.54;17;9;H;50;95;0;100.0;30.0;true;0.95;100.0;1.0;1.0;1.0;1.0;60;M;60000;60000;false;40;0.94;80.43;0.88;20;10;1000000;-1;3600;15.76;0.73;0.62;mslp;heur;0.47;0.4;-1;3600;60000;I;8;1.0;0.62;lr107;0;/dados/rmelo/PDPTW-SE/benchmark_multi_floor_v3/official_experiments/multistartlp/preliminar/set_01_pt_04/logs;0;0;0;0.0;100.0;1;108;/dados/rmelo/PDPTW-SE/benchmark_multi_floor_v3/official_experiments/multistartlp/preliminar/set_01_pt_04/logs/heur_mslp/solutions/08R_08V_02F_03M/lr107_sol_genconfig_mslp_seed_108_alpha_20p.txt;Gurobi;AUTOMATIC;17.37;_bash_4;_seed_108_alpha_20p;9458.11;1;0.31;/dados/rmelo/PDPTW-SE/benchmark_multi_floor_v3/official_experiments/multistartlp/preliminar/set_01_pt_04/logs/heur_mslp/timelines/08R_08V_02F_03M/lr107_timeline_genconfig_mslp_seed_108_alpha_20p.txt;102.91;t1;0;843.14;false
0.2;0.0;0.02;0.02;0.0;0.0;3;/dados/rmelo/PDPTW-SE/benchmark_multi_floor_v3/official_experiments/multistartlp/preliminar/set_01_pt_04/logs/heur_mslp/outputs/csvresults_heur_mslp_bash_4.csv;0;3;1;18;1;0.0;0.5;true;10;2;lr210_t2_08R_08V_02F_03M;/dados/rmelo/PDPTW-SE/benchmark_multi_floor_v3/official_experiments/multistartlp/preliminar/set_01_pt_04/configs/genconfig_mslp.conf;genconfig_mslp;/dados/rmelo/PDPTW-SE/benchmark_multi_floor_v3/official_experiments/multistartlp/preliminar/set_01_pt_04/logs/heur_mslp/gurobi/08R_08V_02F_03M/lr210_grb_genconfig_mslp_seed_108_alpha_20p.log;random;08R_08V_02F_03M;1;740;1;/dados/rmelo/PDPTW-SE/benchmark_multi_floor_v3/official_experiments/multistartlp/preliminar/set_01_pt_04/../../../../instances/orig_ams_fg/08R_08V_02F_04M/t2/lr210/;60000;19398;0;1315.37;17;9;H;50;95;0;100.0;30.0;true;0.95;100.0;1.0;1.0;1.0;1.0;60;M;59260;59260;false;58;0.71;75.46;0.93;29;10;1000000;-1;3600;30.86;0.71;0.93;mslp;heur;0.71;0.93;-1;3600;60000;I;8;0.67;0.12;lr210;0;/dados/rmelo/PDPTW-SE/benchmark_multi_floor_v3/official_experiments/multistartlp/preliminar/set_01_pt_04/logs;0;0;0;1.23;100.0;1;108;/dados/rmelo/PDPTW-SE/benchmark_multi_floor_v3/official_experiments/multistartlp/preliminar/set_01_pt_04/logs/heur_mslp/solutions/08R_08V_02F_03M/lr210_sol_genconfig_mslp_seed_108_alpha_20p.txt;Gurobi;AUTOMATIC;17.77;_bash_4;_seed_108_alpha_20p;18289.5;1;40.73;/dados/rmelo/PDPTW-SE/benchmark_multi_floor_v3/official_experiments/multistartlp/preliminar/set_01_pt_04/logs/heur_mslp/timelines/08R_08V_02F_03M/lr210_timeline_genconfig_mslp_seed_108_alpha_20p.txt;124.24;t2;0;711.29;false
0.2;0.1;0.19;0.29;0.0;0.05;5;/dados/rmelo/PDPTW-SE/benchmark_multi_floor_v3/official_experiments/multistartlp/preliminar/set_01_pt_04/logs/heur_mslp/outputs/csvresults_heur_mslp_bash_4.csv;0;3;1;18;1;0.0;0.5;true;10;2;lr106_t1_08R_08V_04F_03M;/dados/rmelo/PDPTW-SE/benchmark_multi_floor_v3/official_experiments/multistartlp/preliminar/set_01_pt_04/configs/genconfig_mslp.conf;genconfig_mslp;/dados/rmelo/PDPTW-SE/benchmark_multi_floor_v3/official_experiments/multistartlp/preliminar/set_01_pt_04/logs/heur_mslp/gurobi/08R_08V_04F_03M/lr106_grb_genconfig_mslp_seed_108_alpha_20p.log;random;08R_08V_04F_03M;1;17074;1;/dados/rmelo/PDPTW-SE/benchmark_multi_floor_v3/official_experiments/multistartlp/preliminar/set_01_pt_04/../../../../instances/orig_ams_fg/08R_08V_04F_04M/t1/lr106/;60000;2387;0;1511.88;17;9;H;50;95;0;100.0;30.0;true;0.95;100.0;1.0;1.0;1.0;1.0;60;M;42926;42926;false;52;0.82;85.78;0.81;26;10;1000000;-1;3600;19.16;0.62;0.35;mslp;heur;0.35;0.06;-1;3600;60000;I;8;1.0;0.88;lr106;0;/dados/rmelo/PDPTW-SE/benchmark_multi_floor_v3/official_experiments/multistartlp/preliminar/set_01_pt_04/logs;0;0;0;28.46;100.0;1;108;/dados/rmelo/PDPTW-SE/benchmark_multi_floor_v3/official_experiments/multistartlp/preliminar/set_01_pt_04/logs/heur_mslp/solutions/08R_08V_04F_03M/lr106_sol_genconfig_mslp_seed_108_alpha_20p.txt;Gurobi;AUTOMATIC;18.03;_bash_4;_seed_108_alpha_20p;8224.97;1;4.33;/dados/rmelo/PDPTW-SE/benchmark_multi_floor_v3/official_experiments/multistartlp/preliminar/set_01_pt_04/logs/heur_mslp/timelines/08R_08V_04F_03M/lr106_timeline_genconfig_mslp_seed_108_alpha_20p.txt;97.84;t1;0;1010.71;false
0.2;0.01;0.03;0.04;0.0;0.0;8;/dados/rmelo/PDPTW-SE/benchmark_multi_floor_v3/official_experiments/multistartlp/preliminar/set_01_pt_04/logs/heur_mslp/outputs/csvresults_heur_mslp_bash_4.csv;0;3;1;18;1;0.0;0.5;true;10;2;lr209_t2_08R_08V_04F_03M;/dados/rmelo/PDPTW-SE/benchmark_multi_floor_v3/official_experiments/multistartlp/preliminar/set_01_pt_04/configs/genconfig_mslp.conf;genconfig_mslp;/dados/rmelo/PDPTW-SE/benchmark_multi_floor_v3/official_experiments/multistartlp/preliminar/set_01_pt_04/logs/heur_mslp/gurobi/08R_08V_04F_03M/lr209_grb_genconfig_mslp_seed_108_alpha_20p.log;random;08R_08V_04F_03M;1;0;1;/dados/rmelo/PDPTW-SE/benchmark_multi_floor_v3/official_experiments/multistartlp/preliminar/set_01_pt_04/../../../../instances/orig_ams_fg/08R_08V_04F_04M/t2/lr209/;60000;12900;0;1446.94;17;9;H;50;95;0;100.0;30.0;true;0.95;100.0;1.0;1.0;1.0;1.0;60;M;54651;60000;false;46;0.68;79.88;0.93;23;10;1000000;-1;3600;21.04;0.42;0.72;mslp;heur;0.16;0.5;-1;3600;60000;I;8;0.67;0.25;lr209;0;/dados/rmelo/PDPTW-SE/benchmark_multi_floor_v3/official_experiments/multistartlp/preliminar/set_01_pt_04/logs;0;0;0;0.0;91.08;1;108;/dados/rmelo/PDPTW-SE/benchmark_multi_floor_v3/official_experiments/multistartlp/preliminar/set_01_pt_04/logs/heur_mslp/solutions/08R_08V_04F_03M/lr209_sol_genconfig_mslp_seed_108_alpha_20p.txt;Gurobi;AUTOMATIC;17.7;_bash_4;_seed_108_alpha_20p;12626.64;1;32.66;/dados/rmelo/PDPTW-SE/benchmark_multi_floor_v3/official_experiments/multistartlp/preliminar/set_01_pt_04/logs/heur_mslp/timelines/08R_08V_04F_03M/lr209_timeline_genconfig_mslp_seed_108_alpha_20p.txt;149.58;t2;0;838.87;false
0.2;0.04;0.07;0.11;0.0;0.0;9;/dados/rmelo/PDPTW-SE/benchmark_multi_floor_v3/official_experiments/multistartlp/preliminar/set_01_pt_04/logs/heur_mslp/outputs/csvresults_heur_mslp_bash_4.csv;0;3;1;26;1;0.0;0.5;true;14;2;lr109_t1_12R_12V_02F_03M;/dados/rmelo/PDPTW-SE/benchmark_multi_floor_v3/official_experiments/multistartlp/preliminar/set_01_pt_04/configs/genconfig_mslp.conf;genconfig_mslp;/dados/rmelo/PDPTW-SE/benchmark_multi_floor_v3/official_experiments/multistartlp/preliminar/set_01_pt_04/logs/heur_mslp/gurobi/12R_12V_02F_03M/lr109_grb_genconfig_mslp_seed_108_alpha_20p.log;random;12R_12V_02F_03M;1;14802;1;/dados/rmelo/PDPTW-SE/benchmark_multi_floor_v3/official_experiments/multistartlp/preliminar/set_01_pt_04/../../../../instances/orig_ams_fg/12R_12V_02F_04M/t1/lr109/;60000;56591;0;1338.28;25;13;H;50;95;0;100.0;30.0;true;0.95;100.0;1.0;1.0;1.0;1.0;60;M;45198;45198;false;58;0.88;78.59;0.62;29;10;1000000;-1;3600;9.49;0.73;0.43;mslp;heur;0.56;0.24;-1;3600;60000;I;12;1.0;0.5;lr109;0;/dados/rmelo/PDPTW-SE/benchmark_multi_floor_v3/official_experiments/multistartlp/preliminar/set_01_pt_04/logs;0;0;0;24.67;100.0;1;108;/dados/rmelo/PDPTW-SE/benchmark_multi_floor_v3/official_experiments/multistartlp/preliminar/set_01_pt_04/logs/heur_mslp/solutions/12R_12V_02F_03M/lr109_sol_genconfig_mslp_seed_108_alpha_20p.txt;Gurobi;AUTOMATIC;17.87;_bash_4;_seed_108_alpha_20p;4290.7;1;108.94;/dados/rmelo/PDPTW-SE/benchmark_multi_floor_v3/official_experiments/multistartlp/preliminar/set_01_pt_04/logs/heur_mslp/timelines/12R_12V_02F_03M/lr109_timeline_genconfig_mslp_seed_108_alpha_20p.txt;115.61;t1;0;1008.76;false
0.2;0.0;0.01;0.02;0.0;0.0;13;/dados/rmelo/PDPTW-SE/benchmark_multi_floor_v3/official_experiments/multistartlp/preliminar/set_01_pt_04/logs/heur_mslp/outputs/csvresults_heur_mslp_bash_4.csv;0;3;1;26;1;0.0;0.5;true;14;2;lr207_t2_12R_12V_02F_03M;/dados/rmelo/PDPTW-SE/benchmark_multi_floor_v3/official_experiments/multistartlp/preliminar/set_01_pt_04/configs/genconfig_mslp.conf;genconfig_mslp;/dados/rmelo/PDPTW-SE/benchmark_multi_floor_v3/official_experiments/multistartlp/preliminar/set_01_pt_04/logs/heur_mslp/gurobi/12R_12V_02F_03M/lr207_grb_genconfig_mslp_seed_108_alpha_20p.log;random;12R_12V_02F_03M;1;0;1;/dados/rmelo/PDPTW-SE/benchmark_multi_floor_v3/official_experiments/multistartlp/preliminar/set_01_pt_04/../../../../instances/orig_ams_fg/12R_12V_02F_04M/t2/lr207/;60000;13755;0;1623.47;25;13;H;50;95;0;100.0;30.0;true;0.95;100.0;1.0;1.0;1.0;1.0;60;M;59990;60000;false;40;0.79;83.45;0.98;20;10;1000000;-1;3600;14.03;0.55;0.92;mslp;heur;0.3;0.88;-1;3600;60000;I;12;1.0;0.17;lr207;0;/dados/rmelo/PDPTW-SE/benchmark_multi_floor_v3/official_experiments/multistartlp/preliminar/set_01_pt_04/logs;0;0;0;0.0;99.98;1;108;/dados/rmelo/PDPTW-SE/benchmark_multi_floor_v3/official_experiments/multistartlp/preliminar/set_01_pt_04/logs/heur_mslp/solutions/12R_12V_02F_03M/lr207_sol_genconfig_mslp_seed_108_alpha_20p.txt;Gurobi;AUTOMATIC;17.85;_bash_4;_seed_108_alpha_20p;8417.23;1;53.75;/dados/rmelo/PDPTW-SE/benchmark_multi_floor_v3/official_experiments/multistartlp/preliminar/set_01_pt_04/logs/heur_mslp/timelines/12R_12V_02F_03M/lr207_timeline_genconfig_mslp_seed_108_alpha_20p.txt;232.13;t2;0;1091.89;false
0.2;0.2;0.29;0.49;0.0;0.02;12;/dados/rmelo/PDPTW-SE/benchmark_multi_floor_v3/official_experiments/multistartlp/preliminar/set_01_pt_04/logs/heur_mslp/outputs/csvresults_heur_mslp_bash_4.csv;0;3;1;26;1;0.0;0.5;true;14;2;lr106_t1_12R_12V_04F_03M;/dados/rmelo/PDPTW-SE/benchmark_multi_floor_v3/official_experiments/multistartlp/preliminar/set_01_pt_04/configs/genconfig_mslp.conf;genconfig_mslp;/dados/rmelo/PDPTW-SE/benchmark_multi_floor_v3/official_experiments/multistartlp/preliminar/set_01_pt_04/logs/heur_mslp/gurobi/12R_12V_04F_03M/lr106_grb_genconfig_mslp_seed_108_alpha_20p.log;random;12R_12V_04F_03M;1;41778;1;/dados/rmelo/PDPTW-SE/benchmark_multi_floor_v3/official_experiments/multistartlp/preliminar/set_01_pt_04/../../../../instances/orig_ams_fg/12R_12V_04F_04M/t1/lr106/;60000;40894;0;1826.62;25;13;H;50;95;0;100.0;30.0;true;0.95;100.0;1.0;1.0;1.0;1.0;60;M;18222;18222;false;52;1.0;86.16;1.0;26;10;1000000;-1;3600;11.47;0.68;0.41;mslp;heur;0.41;0.17;-1;3600;60000;I;12;1.0;0.75;lr106;0;/dados/rmelo/PDPTW-SE/benchmark_multi_floor_v3/official_experiments/multistartlp/preliminar/set_01_pt_04/logs;0;0;0;69.63;100.0;1;108;/dados/rmelo/PDPTW-SE/benchmark_multi_floor_v3/official_experiments/multistartlp/preliminar/set_01_pt_04/logs/heur_mslp/solutions/12R_12V_04F_03M/lr106_sol_genconfig_mslp_seed_108_alpha_20p.txt;Gurobi;AUTOMATIC;17.89;_bash_4;_seed_108_alpha_20p;2090.75;1;52.45;/dados/rmelo/PDPTW-SE/benchmark_multi_floor_v3/official_experiments/multistartlp/preliminar/set_01_pt_04/logs/heur_mslp/timelines/12R_12V_04F_03M/lr106_timeline_genconfig_mslp_seed_108_alpha_20p.txt;77.03;t1;0;1416.45;false
0.2;0.01;0.03;0.04;0.0;0.03;10;/dados/rmelo/PDPTW-SE/benchmark_multi_floor_v3/official_experiments/multistartlp/preliminar/set_01_pt_04/logs/heur_mslp/outputs/csvresults_heur_mslp_bash_4.csv;0;3;1;26;1;0.0;0.5;true;14;2;lr209_t2_12R_12V_04F_03M;/dados/rmelo/PDPTW-SE/benchmark_multi_floor_v3/official_experiments/multistartlp/preliminar/set_01_pt_04/configs/genconfig_mslp.conf;genconfig_mslp;/dados/rmelo/PDPTW-SE/benchmark_multi_floor_v3/official_experiments/multistartlp/preliminar/set_01_pt_04/logs/heur_mslp/gurobi/12R_12V_04F_03M/lr209_grb_genconfig_mslp_seed_108_alpha_20p.log;random;12R_12V_04F_03M;1;0;1;/dados/rmelo/PDPTW-SE/benchmark_multi_floor_v3/official_experiments/multistartlp/preliminar/set_01_pt_04/../../../../instances/orig_ams_fg/12R_12V_04F_04M/t2/lr209/;60000;7346;0;1638.28;25;13;H;50;95;0;100.0;30.0;true;0.95;100.0;1.0;1.0;1.0;1.0;60;M;60000;60000;false;46;0.72;91.85;0.83;23;10;1000000;-1;3600;14.74;0.61;0.81;mslp;heur;0.5;0.79;-1;3600;60000;I;12;1.0;0.17;lr209;0;/dados/rmelo/PDPTW-SE/benchmark_multi_floor_v3/official_experiments/multistartlp/preliminar/set_01_pt_04/logs;0;0;0;0.0;100.0;1;108;/dados/rmelo/PDPTW-SE/benchmark_multi_floor_v3/official_experiments/multistartlp/preliminar/set_01_pt_04/logs/heur_mslp/solutions/12R_12V_04F_03M/lr209_sol_genconfig_mslp_seed_108_alpha_20p.txt;Gurobi;AUTOMATIC;17.95;_bash_4;_seed_108_alpha_20p;8842.39;1;29.44;/dados/rmelo/PDPTW-SE/benchmark_multi_floor_v3/official_experiments/multistartlp/preliminar/set_01_pt_04/logs/heur_mslp/timelines/12R_12V_04F_03M/lr209_timeline_genconfig_mslp_seed_108_alpha_20p.txt;237.9;t2;0;1215.14;false
0.2;0.02;0.04;0.06;0.0;0.08;2;/dados/rmelo/PDPTW-SE/benchmark_multi_floor_v3/official_experiments/multistartlp/preliminar/set_01_pt_04/logs/heur_mslp/outputs/csvresults_heur_mslp_bash_4.csv;0;5;1;82;1;0.0;0.5;true;42;2;LR1_2_6_t1_40R_40V_02F_05M;/dados/rmelo/PDPTW-SE/benchmark_multi_floor_v3/official_experiments/multistartlp/preliminar/set_01_pt_04/configs/genconfig_mslp.conf;genconfig_mslp;/dados/rmelo/PDPTW-SE/benchmark_multi_floor_v3/official_experiments/multistartlp/preliminar/set_01_pt_04/logs/heur_mslp/gurobi/40R_40V_02F_05M/LR1_2_6_grb_genconfig_mslp_seed_108_alpha_20p.log;random;40R_40V_02F_05M;1;59103;1;/dados/rmelo/PDPTW-SE/benchmark_multi_floor_v3/official_experiments/multistartlp/preliminar/set_01_pt_04/../../../../instances/orig_ams_fg/40R_40V_02F_06M/t1/LR1_2_6/;60000;3453;0;8515.4;81;41;H;50;95;0;100.0;30.0;true;0.95;100.0;1.0;1.0;1.0;1.0;60;M;897;897;false;72;1.0;184.05;1.0;36;10;1000000;-1;3600;4.27;0.4;0.5;mslp;heur;0.22;0.12;-1;3600;60000;I;40;1.0;0.42;LR1_2_6;0;/dados/rmelo/PDPTW-SE/benchmark_multi_floor_v3/official_experiments/multistartlp/preliminar/set_01_pt_04/logs;0;0;0;98.5;100.0;1;108;/dados/rmelo/PDPTW-SE/benchmark_multi_floor_v3/official_experiments/multistartlp/preliminar/set_01_pt_04/logs/heur_mslp/solutions/40R_40V_02F_05M/LR1_2_6_sol_genconfig_mslp_seed_108_alpha_20p.txt;Gurobi;AUTOMATIC;17.83;_bash_4;_seed_108_alpha_20p;38.34;1;12.42;/dados/rmelo/PDPTW-SE/benchmark_multi_floor_v3/official_experiments/multistartlp/preliminar/set_01_pt_04/logs/heur_mslp/timelines/40R_40V_02F_05M/LR1_2_6_timeline_genconfig_mslp_seed_108_alpha_20p.txt;212.99;t1;0;7913.67;false
0.2;0.0;0.01;0.02;0.01;0.11;9;/dados/rmelo/PDPTW-SE/benchmark_multi_floor_v3/official_experiments/multistartlp/preliminar/set_01_pt_04/logs/heur_mslp/outputs/csvresults_heur_mslp_bash_4.csv;0;5;1;82;1;0.0;0.5;true;42;2;LR2_2_9_t2_40R_40V_02F_05M;/dados/rmelo/PDPTW-SE/benchmark_multi_floor_v3/official_experiments/multistartlp/preliminar/set_01_pt_04/configs/genconfig_mslp.conf;genconfig_mslp;/dados/rmelo/PDPTW-SE/benchmark_multi_floor_v3/official_experiments/multistartlp/preliminar/set_01_pt_04/logs/heur_mslp/gurobi/40R_40V_02F_05M/LR2_2_9_grb_genconfig_mslp_seed_108_alpha_20p.log;random;40R_40V_02F_05M;1;0;1;/dados/rmelo/PDPTW-SE/benchmark_multi_floor_v3/official_experiments/multistartlp/preliminar/set_01_pt_04/../../../../instances/orig_ams_fg/40R_40V_02F_06M/t2/LR2_2_9/;60000;17697;0;12674.81;81;41;H;50;95;0;100.0;30.0;true;0.95;100.0;1.0;1.0;1.0;1.0;60;M;60000;60000;false;74;0.85;179.34;1.0;37;10;1000000;-1;3600;7.3;0.64;0.96;mslp;heur;0.35;0.86;-1;3600;60000;I;40;1.0;0.12;LR2_2_9;0;/dados/rmelo/PDPTW-SE/benchmark_multi_floor_v3/official_experiments/multistartlp/preliminar/set_01_pt_04/logs;0;0;0;0.0;100.0;1;108;/dados/rmelo/PDPTW-SE/benchmark_multi_floor_v3/official_experiments/multistartlp/preliminar/set_01_pt_04/logs/heur_mslp/solutions/40R_40V_02F_05M/LR2_2_9_sol_genconfig_mslp_seed_108_alpha_20p.txt;Gurobi;AUTOMATIC;17.51;_bash_4;_seed_108_alpha_20p;4380.91;1;375.41;/dados/rmelo/PDPTW-SE/benchmark_multi_floor_v3/official_experiments/multistartlp/preliminar/set_01_pt_04/logs/heur_mslp/timelines/40R_40V_02F_05M/LR2_2_9_timeline_genconfig_mslp_seed_108_alpha_20p.txt;1270.26;t2;0;8160.6;false
0.2;0.12;0.16;0.28;0.01;0.04;5;/dados/rmelo/PDPTW-SE/benchmark_multi_floor_v3/official_experiments/multistartlp/preliminar/set_01_pt_04/logs/heur_mslp/outputs/csvresults_heur_mslp_bash_4.csv;0;5;1;82;1;0.0;0.5;true;42;2;LR1_2_10_t1_40R_40V_04F_05M;/dados/rmelo/PDPTW-SE/benchmark_multi_floor_v3/official_experiments/multistartlp/preliminar/set_01_pt_04/configs/genconfig_mslp.conf;genconfig_mslp;/dados/rmelo/PDPTW-SE/benchmark_multi_floor_v3/official_experiments/multistartlp/preliminar/set_01_pt_04/logs/heur_mslp/gurobi/40R_40V_04F_05M/LR1_2_10_grb_genconfig_mslp_seed_108_alpha_20p.log;random;40R_40V_04F_05M;1;59481;1;/dados/rmelo/PDPTW-SE/benchmark_multi_floor_v3/official_experiments/multistartlp/preliminar/set_01_pt_04/../../../../instances/orig_ams_fg/40R_40V_04F_06M/t1/LR1_2_10/;60000;26619;0;8216.54;81;41;H;50;95;0;100.0;30.0;true;0.95;100.0;1.0;1.0;1.0;1.0;60;M;519;519;false;72;0.91;178.35;0.98;36;10;1000000;-1;3600;6.25;0.59;0.55;mslp;heur;0.3;0.08;-1;3600;60000;I;40;1.0;0.5;LR1_2_10;0;/dados/rmelo/PDPTW-SE/benchmark_multi_floor_v3/official_experiments/multistartlp/preliminar/set_01_pt_04/logs;0;0;0;99.14;100.0;1;108;/dados/rmelo/PDPTW-SE/benchmark_multi_floor_v3/official_experiments/multistartlp/preliminar/set_01_pt_04/logs/heur_mslp/solutions/40R_40V_04F_05M/LR1_2_10_sol_genconfig_mslp_seed_108_alpha_20p.txt;Gurobi;AUTOMATIC;17.78;_bash_4;_seed_108_alpha_20p;32.42;1;114.96;/dados/rmelo/PDPTW-SE/benchmark_multi_floor_v3/official_experiments/multistartlp/preliminar/set_01_pt_04/logs/heur_mslp/timelines/40R_40V_04F_05M/LR1_2_10_timeline_genconfig_mslp_seed_108_alpha_20p.txt;259.75;t1;0;7526.42;false
0.2;0.02;0.03;0.05;0.01;0.05;9;/dados/rmelo/PDPTW-SE/benchmark_multi_floor_v3/official_experiments/multistartlp/preliminar/set_01_pt_04/logs/heur_mslp/outputs/csvresults_heur_mslp_bash_4.csv;0;5;1;82;1;0.0;0.5;true;42;2;LR2_2_6_t2_40R_40V_04F_05M;/dados/rmelo/PDPTW-SE/benchmark_multi_floor_v3/official_experiments/multistartlp/preliminar/set_01_pt_04/configs/genconfig_mslp.conf;genconfig_mslp;/dados/rmelo/PDPTW-SE/benchmark_multi_floor_v3/official_experiments/multistartlp/preliminar/set_01_pt_04/logs/heur_mslp/gurobi/40R_40V_04F_05M/LR2_2_6_grb_genconfig_mslp_seed_108_alpha_20p.log;random;40R_40V_04F_05M;1;0;1;/dados/rmelo/PDPTW-SE/benchmark_multi_floor_v3/official_experiments/multistartlp/preliminar/set_01_pt_04/../../../../instances/orig_ams_fg/40R_40V_04F_06M/t2/LR2_2_6/;60000;975;0;11473.95;81;41;H;50;95;0;100.0;30.0;true;0.95;100.0;1.0;1.0;1.0;1.0;60;M;60000;60000;false;80;0.85;192.66;0.97;40;10;1000000;-1;3600;3.27;0.79;0.91;mslp;heur;0.71;0.82;-1;3600;60000;I;40;1.0;0.1;LR2_2_6;0;/dados/rmelo/PDPTW-SE/benchmark_multi_floor_v3/official_experiments/multistartlp/preliminar/set_01_pt_04/logs;0;0;0;0.0;100.0;1;108;/dados/rmelo/PDPTW-SE/benchmark_multi_floor_v3/official_experiments/multistartlp/preliminar/set_01_pt_04/logs/heur_mslp/solutions/40R_40V_04F_05M/LR2_2_6_sol_genconfig_mslp_seed_108_alpha_20p.txt;Gurobi;AUTOMATIC;17.58;_bash_4;_seed_108_alpha_20p;1962.36;1;41.99;/dados/rmelo/PDPTW-SE/benchmark_multi_floor_v3/official_experiments/multistartlp/preliminar/set_01_pt_04/logs/heur_mslp/timelines/40R_40V_04F_05M/LR2_2_6_timeline_genconfig_mslp_seed_108_alpha_20p.txt;2543.03;t2;0;8038.48;false
0.2;0.05;0.08;0.13;0.0;0.06;4;/dados/rmelo/PDPTW-SE/benchmark_multi_floor_v3/official_experiments/multistartlp/preliminar/set_01_pt_04/logs/heur_mslp/outputs/csvresults_heur_mslp_bash_4.csv;0;5;1;122;1;0.0;0.5;true;62;2;LR1_2_6_t1_60R_60V_02F_05M;/dados/rmelo/PDPTW-SE/benchmark_multi_floor_v3/official_experiments/multistartlp/preliminar/set_01_pt_04/configs/genconfig_mslp.conf;genconfig_mslp;/dados/rmelo/PDPTW-SE/benchmark_multi_floor_v3/official_experiments/multistartlp/preliminar/set_01_pt_04/logs/heur_mslp/gurobi/60R_60V_02F_05M/LR1_2_6_grb_genconfig_mslp_seed_108_alpha_20p.log;random;60R_60V_02F_05M;1;58059;1;/dados/rmelo/PDPTW-SE/benchmark_multi_floor_v3/official_experiments/multistartlp/preliminar/set_01_pt_04/../../../../instances/orig_ams_fg/60R_60V_02F_06M/t1/LR1_2_6/;60000;53708;0;12236.7;121;61;H;50;95;0;100.0;30.0;true;0.95;100.0;1.0;1.0;1.0;1.0;60;M;1941;1941;false;82;0.95;191.73;0.98;41;10;1000000;-1;3600;4.94;0.71;0.52;mslp;heur;0.26;0.11;-1;3600;60000;I;60;1.0;0.38;LR1_2_6;0;/dados/rmelo/PDPTW-SE/benchmark_multi_floor_v3/official_experiments/multistartlp/preliminar/set_01_pt_04/logs;0;0;0;96.76;100.0;1;108;/dados/rmelo/PDPTW-SE/benchmark_multi_floor_v3/official_experiments/multistartlp/preliminar/set_01_pt_04/logs/heur_mslp/solutions/60R_60V_02F_05M/LR1_2_6_sol_genconfig_mslp_seed_108_alpha_20p.txt;Gurobi;AUTOMATIC;17.65;_bash_4;_seed_108_alpha_20p;95.84;1;423.82;/dados/rmelo/PDPTW-SE/benchmark_multi_floor_v3/official_experiments/multistartlp/preliminar/set_01_pt_04/logs/heur_mslp/timelines/60R_60V_02F_05M/LR1_2_6_timeline_genconfig_mslp_seed_108_alpha_20p.txt;473.3;t1;0;10347.35;false
0.2;0.01;0.02;0.03;0.0;0.03;5;/dados/rmelo/PDPTW-SE/benchmark_multi_floor_v3/official_experiments/multistartlp/preliminar/set_01_pt_04/logs/heur_mslp/outputs/csvresults_heur_mslp_bash_4.csv;0;5;1;122;1;0.0;0.5;true;62;2;LR2_2_6_t2_60R_60V_02F_05M;/dados/rmelo/PDPTW-SE/benchmark_multi_floor_v3/official_experiments/multistartlp/preliminar/set_01_pt_04/configs/genconfig_mslp.conf;genconfig_mslp;/dados/rmelo/PDPTW-SE/benchmark_multi_floor_v3/official_experiments/multistartlp/preliminar/set_01_pt_04/logs/heur_mslp/gurobi/60R_60V_02F_05M/LR2_2_6_grb_genconfig_mslp_seed_108_alpha_20p.log;random;60R_60V_02F_05M;1;0;1;/dados/rmelo/PDPTW-SE/benchmark_multi_floor_v3/official_experiments/multistartlp/preliminar/set_01_pt_04/../../../../instances/orig_ams_fg/60R_60V_02F_06M/t2/LR2_2_6/;55928;52684;0;13619.11;121;61;H;50;95;0;100.0;30.0;true;0.95;100.0;1.0;1.0;1.0;1.0;60;M;55928;55928;false;80;0.87;185.63;1.0;40;10;1000000;-1;3600;5.34;0.81;0.98;mslp;heur;0.72;0.96;-1;3600;60000;I;60;1.0;0.08;LR2_2_6;0;/dados/rmelo/PDPTW-SE/benchmark_multi_floor_v3/official_experiments/multistartlp/preliminar/set_01_pt_04/logs;0;0;0;0.0;100.0;1;108;/dados/rmelo/PDPTW-SE/benchmark_multi_floor_v3/official_experiments/multistartlp/preliminar/set_01_pt_04/logs/heur_mslp/solutions/60R_60V_02F_05M/LR2_2_6_sol_genconfig_mslp_seed_108_alpha_20p.txt;Gurobi;AUTOMATIC;17.54;_bash_4;_seed_108_alpha_20p;2988.31;1;3391.19;/dados/rmelo/PDPTW-SE/benchmark_multi_floor_v3/official_experiments/multistartlp/preliminar/set_01_pt_04/logs/heur_mslp/timelines/60R_60V_02F_05M/LR2_2_6_timeline_genconfig_mslp_seed_108_alpha_20p.txt;3600.04;t2;0;10235.25;false
0.2;0.14;0.2;0.34;0.01;0.1;7;/dados/rmelo/PDPTW-SE/benchmark_multi_floor_v3/official_experiments/multistartlp/preliminar/set_01_pt_04/logs/heur_mslp/outputs/csvresults_heur_mslp_bash_4.csv;0;5;1;122;1;0.0;0.5;true;62;2;LR1_2_9_t1_60R_60V_04F_05M;/dados/rmelo/PDPTW-SE/benchmark_multi_floor_v3/official_experiments/multistartlp/preliminar/set_01_pt_04/configs/genconfig_mslp.conf;genconfig_mslp;/dados/rmelo/PDPTW-SE/benchmark_multi_floor_v3/official_experiments/multistartlp/preliminar/set_01_pt_04/logs/heur_mslp/gurobi/60R_60V_04F_05M/LR1_2_9_grb_genconfig_mslp_seed_108_alpha_20p.log;random;60R_60V_04F_05M;1;59955;1;/dados/rmelo/PDPTW-SE/benchmark_multi_floor_v3/official_experiments/multistartlp/preliminar/set_01_pt_04/../../../../instances/orig_ams_fg/60R_60V_04F_06M/t1/LR1_2_9/;60000;47100;0;15162.44;121;61;H;50;95;0;100.0;30.0;true;0.95;100.0;1.0;1.0;1.0;1.0;60;M;45;45;false;86;0.97;198.99;0.99;43;10;1000000;-1;3600;7.82;0.65;0.46;mslp;heur;0.37;0.1;-1;3600;60000;I;60;1.0;0.47;LR1_2_9;0;/dados/rmelo/PDPTW-SE/benchmark_multi_floor_v3/official_experiments/multistartlp/preliminar/set_01_pt_04/logs;0;0;0;99.92;100.0;1;108;/dados/rmelo/PDPTW-SE/benchmark_multi_floor_v3/official_experiments/multistartlp/preliminar/set_01_pt_04/logs/heur_mslp/solutions/60R_60V_04F_05M/LR1_2_9_sol_genconfig_mslp_seed_108_alpha_20p.txt;Gurobi;AUTOMATIC;17.82;_bash_4;_seed_108_alpha_20p;3.52;1;399.53;/dados/rmelo/PDPTW-SE/benchmark_multi_floor_v3/official_experiments/multistartlp/preliminar/set_01_pt_04/logs/heur_mslp/timelines/60R_60V_04F_05M/LR1_2_9_timeline_genconfig_mslp_seed_108_alpha_20p.txt;507.8;t1;0;12480.68;false
0.2;0.03;0.05;0.07;0.0;0.0;1;/dados/rmelo/PDPTW-SE/benchmark_multi_floor_v3/official_experiments/multistartlp/preliminar/set_01_pt_04/logs/heur_mslp/outputs/csvresults_heur_mslp_bash_4.csv;0;5;1;122;1;0.0;0.5;true;62;2;LR2_2_7_t2_60R_60V_04F_05M;/dados/rmelo/PDPTW-SE/benchmark_multi_floor_v3/official_experiments/multistartlp/preliminar/set_01_pt_04/configs/genconfig_mslp.conf;genconfig_mslp;/dados/rmelo/PDPTW-SE/benchmark_multi_floor_v3/official_experiments/multistartlp/preliminar/set_01_pt_04/logs/heur_mslp/gurobi/60R_60V_04F_05M/LR2_2_7_grb_genconfig_mslp_seed_108_alpha_20p.log;random;60R_60V_04F_05M;1;7820;1;/dados/rmelo/PDPTW-SE/benchmark_multi_floor_v3/official_experiments/multistartlp/preliminar/set_01_pt_04/../../../../instances/orig_ams_fg/60R_60V_04F_06M/t2/LR2_2_7/;31904;1;0;12716.07;121;61;H;50;95;0;100.0;30.0;true;0.95;100.0;1.0;1.0;1.0;1.0;60;M;24084;24084;false;78;0.89;195.28;1.0;39;10;1000000;-1;3600;1.56;0.71;0.92;mslp;heur;0.18;0.68;-1;3600;60000;I;60;1.0;0.1;LR2_2_7;0;/dados/rmelo/PDPTW-SE/benchmark_multi_floor_v3/official_experiments/multistartlp/preliminar/set_01_pt_04/logs;0;0;0;24.51;100.0;1;108;/dados/rmelo/PDPTW-SE/benchmark_multi_floor_v3/official_experiments/multistartlp/preliminar/set_01_pt_04/logs/heur_mslp/solutions/60R_60V_04F_05M/LR2_2_7_sol_genconfig_mslp_seed_108_alpha_20p.txt;Gurobi;AUTOMATIC;17.95;_bash_4;_seed_108_alpha_20p;376.28;1;0.14;/dados/rmelo/PDPTW-SE/benchmark_multi_floor_v3/official_experiments/multistartlp/preliminar/set_01_pt_04/logs/heur_mslp/timelines/60R_60V_04F_05M/LR2_2_7_timeline_genconfig_mslp_seed_108_alpha_20p.txt;3600.03;t2;0;10775.82;false
0.2;0.01;0.06;0.07;0.0;0.0;3;/dados/rmelo/PDPTW-SE/benchmark_multi_floor_v3/official_experiments/multistartlp/preliminar/set_01_pt_04/logs/heur_mslp/outputs/csvresults_heur_mslp_bash_4.csv;0;3;1;18;1;0.0;0.5;true;10;2;lr107_t1_08R_08V_02F_03M;/dados/rmelo/PDPTW-SE/benchmark_multi_floor_v3/official_experiments/multistartlp/preliminar/set_01_pt_04/configs/genconfig_mslp.conf;genconfig_mslp;/dados/rmelo/PDPTW-SE/benchmark_multi_floor_v3/official_experiments/multistartlp/preliminar/set_01_pt_04/logs/heur_mslp/gurobi/08R_08V_02F_03M/lr107_grb_genconfig_mslp_seed_115_alpha_20p.log;random;08R_08V_02F_03M;1;0;1;/dados/rmelo/PDPTW-SE/benchmark_multi_floor_v3/official_experiments/multistartlp/preliminar/set_01_pt_04/../../../../instances/orig_ams_fg/08R_08V_02F_04M/t1/lr107/;60000;7;0;958.16;17;9;H;50;95;0;100.0;30.0;true;0.95;100.0;1.0;1.0;1.0;1.0;60;M;60000;60000;false;40;0.94;80.43;0.72;20;10;1000000;-1;3600;15.76;0.73;0.57;mslp;heur;0.47;0.3;-1;3600;60000;I;8;1.0;0.62;lr107;0;/dados/rmelo/PDPTW-SE/benchmark_multi_floor_v3/official_experiments/multistartlp/preliminar/set_01_pt_04/logs;0;0;0;0.0;100.0;1;115;/dados/rmelo/PDPTW-SE/benchmark_multi_floor_v3/official_experiments/multistartlp/preliminar/set_01_pt_04/logs/heur_mslp/solutions/08R_08V_02F_03M/lr107_sol_genconfig_mslp_seed_115_alpha_20p.txt;Gurobi;AUTOMATIC;17.32;_bash_4;_seed_115_alpha_20p;9454.31;1;0.29;/dados/rmelo/PDPTW-SE/benchmark_multi_floor_v3/official_experiments/multistartlp/preliminar/set_01_pt_04/logs/heur_mslp/timelines/08R_08V_02F_03M/lr107_timeline_genconfig_mslp_seed_115_alpha_20p.txt;101.35;t1;0;843.14;false
0.2;0.0;0.01;0.02;0.0;0.0;8;/dados/rmelo/PDPTW-SE/benchmark_multi_floor_v3/official_experiments/multistartlp/preliminar/set_01_pt_04/logs/heur_mslp/outputs/csvresults_heur_mslp_bash_4.csv;0;3;1;18;1;0.0;0.5;true;10;2;lr210_t2_08R_08V_02F_03M;/dados/rmelo/PDPTW-SE/benchmark_multi_floor_v3/official_experiments/multistartlp/preliminar/set_01_pt_04/configs/genconfig_mslp.conf;genconfig_mslp;/dados/rmelo/PDPTW-SE/benchmark_multi_floor_v3/official_experiments/multistartlp/preliminar/set_01_pt_04/logs/heur_mslp/gurobi/08R_08V_02F_03M/lr210_grb_genconfig_mslp_seed_115_alpha_20p.log;random;08R_08V_02F_03M;1;767;1;/dados/rmelo/PDPTW-SE/benchmark_multi_floor_v3/official_experiments/multistartlp/preliminar/set_01_pt_04/../../../../instances/orig_ams_fg/08R_08V_02F_04M/t2/lr210/;60000;7779;0;949.6;17;9;H;50;95;0;100.0;30.0;true;0.95;100.0;1.0;1.0;1.0;1.0;60;M;59233;59233;false;58;0.72;75.46;1.0;29;10;1000000;-1;3600;30.84;0.72;1.0;mslp;heur;0.72;1.0;-1;3600;60000;I;8;1.0;0.12;lr210;0;/dados/rmelo/PDPTW-SE/benchmark_multi_floor_v3/official_experiments/multistartlp/preliminar/set_01_pt_04/logs;0;0;0;1.28;100.0;1;115;/dados/rmelo/PDPTW-SE/benchmark_multi_floor_v3/official_experiments/multistartlp/preliminar/set_01_pt_04/logs/heur_mslp/solutions/08R_08V_02F_03M/lr210_sol_genconfig_mslp_seed_115_alpha_20p.txt;Gurobi;AUTOMATIC;17.69;_bash_4;_seed_115_alpha_20p;18267.28;1;16.73;/dados/rmelo/PDPTW-SE/benchmark_multi_floor_v3/official_experiments/multistartlp/preliminar/set_01_pt_04/logs/heur_mslp/timelines/08R_08V_02F_03M/lr210_timeline_genconfig_mslp_seed_115_alpha_20p.txt;125.69;t2;0;719.78;false
0.2;0.1;0.19;0.29;0.0;0.05;8;/dados/rmelo/PDPTW-SE/benchmark_multi_floor_v3/official_experiments/multistartlp/preliminar/set_01_pt_04/logs/heur_mslp/outputs/csvresults_heur_mslp_bash_4.csv;0;3;1;18;1;0.0;0.5;true;10;2;lr106_t1_08R_08V_04F_03M;/dados/rmelo/PDPTW-SE/benchmark_multi_floor_v3/official_experiments/multistartlp/preliminar/set_01_pt_04/configs/genconfig_mslp.conf;genconfig_mslp;/dados/rmelo/PDPTW-SE/benchmark_multi_floor_v3/official_experiments/multistartlp/preliminar/set_01_pt_04/logs/heur_mslp/gurobi/08R_08V_04F_03M/lr106_grb_genconfig_mslp_seed_115_alpha_20p.log;random;08R_08V_04F_03M;1;17139;1;/dados/rmelo/PDPTW-SE/benchmark_multi_floor_v3/official_experiments/multistartlp/preliminar/set_01_pt_04/../../../../instances/orig_ams_fg/08R_08V_04F_04M/t1/lr106/;60000;583;0;1309.27;17;9;H;50;95;0;100.0;30.0;true;0.95;100.0;1.0;1.0;1.0;1.0;60;M;42861;42861;false;52;0.82;85.78;0.67;26;10;1000000;-1;3600;19.17;0.62;0.33;mslp;heur;0.35;0.06;-1;3600;60000;I;8;1.0;0.88;lr106;0;/dados/rmelo/PDPTW-SE/benchmark_multi_floor_v3/official_experiments/multistartlp/preliminar/set_01_pt_04/logs;0;0;0;28.56;100.0;1;115;/dados/rmelo/PDPTW-SE/benchmark_multi_floor_v3/official_experiments/multistartlp/preliminar/set_01_pt_04/logs/heur_mslp/solutions/08R_08V_04F_03M/lr106_sol_genconfig_mslp_seed_115_alpha_20p.txt;Gurobi;AUTOMATIC;17.73;_bash_4;_seed_115_alpha_20p;8218.3;1;1.49;/dados/rmelo/PDPTW-SE/benchmark_multi_floor_v3/official_experiments/multistartlp/preliminar/set_01_pt_04/logs/heur_mslp/timelines/08R_08V_04F_03M/lr106_timeline_genconfig_mslp_seed_115_alpha_20p.txt;96.31;t1;0;1010.71;false
0.2;0.01;0.03;0.04;0.0;0.0;7;/dados/rmelo/PDPTW-SE/benchmark_multi_floor_v3/official_experiments/multistartlp/preliminar/set_01_pt_04/logs/heur_mslp/outputs/csvresults_heur_mslp_bash_4.csv;0;3;1;18;1;0.0;0.5;true;10;2;lr209_t2_08R_08V_04F_03M;/dados/rmelo/PDPTW-SE/benchmark_multi_floor_v3/official_experiments/multistartlp/preliminar/set_01_pt_04/configs/genconfig_mslp.conf;genconfig_mslp;/dados/rmelo/PDPTW-SE/benchmark_multi_floor_v3/official_experiments/multistartlp/preliminar/set_01_pt_04/logs/heur_mslp/gurobi/08R_08V_04F_03M/lr209_grb_genconfig_mslp_seed_115_alpha_20p.log;random;08R_08V_04F_03M;1;0;1;/dados/rmelo/PDPTW-SE/benchmark_multi_floor_v3/official_experiments/multistartlp/preliminar/set_01_pt_04/../../../../instances/orig_ams_fg/08R_08V_04F_04M/t2/lr209/;60000;21578;0;1341.74;17;9;H;50;95;0;100.0;30.0;true;0.95;100.0;1.0;1.0;1.0;1.0;60;M;54509;60000;false;46;0.68;79.88;0.93;23;10;1000000;-1;3600;21.03;0.42;0.85;mslp;heur;0.16;0.77;-1;3600;60000;I;8;0.67;0.25;lr209;0;/dados/rmelo/PDPTW-SE/benchmark_multi_floor_v3/official_experiments/multistartlp/preliminar/set_01_pt_04/logs;0;0;0;0.0;90.85;1;115;/dados/rmelo/PDPTW-SE/benchmark_multi_floor_v3/official_experiments/multistartlp/preliminar/set_01_pt_04/logs/heur_mslp/solutions/08R_08V_04F_03M/lr209_sol_genconfig_mslp_seed_115_alpha_20p.txt;Gurobi;AUTOMATIC;17.97;_bash_4;_seed_115_alpha_20p;12619.14;1;53.82;/dados/rmelo/PDPTW-SE/benchmark_multi_floor_v3/official_experiments/multistartlp/preliminar/set_01_pt_04/logs/heur_mslp/timelines/08R_08V_04F_03M/lr209_timeline_genconfig_mslp_seed_115_alpha_20p.txt;149.71;t2;0;838.87;false
0.2;0.04;0.07;0.11;0.0;0.0;16;/dados/rmelo/PDPTW-SE/benchmark_multi_floor_v3/official_experiments/multistartlp/preliminar/set_01_pt_04/logs/heur_mslp/outputs/csvresults_heur_mslp_bash_4.csv;0;3;1;26;1;0.0;0.5;true;14;2;lr109_t1_12R_12V_02F_03M;/dados/rmelo/PDPTW-SE/benchmark_multi_floor_v3/official_experiments/multistartlp/preliminar/set_01_pt_04/configs/genconfig_mslp.conf;genconfig_mslp;/dados/rmelo/PDPTW-SE/benchmark_multi_floor_v3/official_experiments/multistartlp/preliminar/set_01_pt_04/logs/heur_mslp/gurobi/12R_12V_02F_03M/lr109_grb_genconfig_mslp_seed_115_alpha_20p.log;random;12R_12V_02F_03M;1;14635;1;/dados/rmelo/PDPTW-SE/benchmark_multi_floor_v3/official_experiments/multistartlp/preliminar/set_01_pt_04/../../../../instances/orig_ams_fg/12R_12V_02F_04M/t1/lr109/;60000;5126;0;1215.67;25;13;H;50;95;0;100.0;30.0;true;0.95;100.0;1.0;1.0;1.0;1.0;60;M;45365;45365;false;58;0.79;78.59;0.95;29;10;1000000;-1;3600;9.52;0.63;0.43;mslp;heur;0.53;0.23;-1;3600;60000;I;12;1.0;0.58;lr109;0;/dados/rmelo/PDPTW-SE/benchmark_multi_floor_v3/official_experiments/multistartlp/preliminar/set_01_pt_04/logs;0;0;0;24.39;100.0;1;115;/dados/rmelo/PDPTW-SE/benchmark_multi_floor_v3/official_experiments/multistartlp/preliminar/set_01_pt_04/logs/heur_mslp/solutions/12R_12V_02F_03M/lr109_sol_genconfig_mslp_seed_115_alpha_20p.txt;Gurobi;AUTOMATIC;18.06;_bash_4;_seed_115_alpha_20p;4320.94;1;10.05;/dados/rmelo/PDPTW-SE/benchmark_multi_floor_v3/official_experiments/multistartlp/preliminar/set_01_pt_04/logs/heur_mslp/timelines/12R_12V_02F_03M/lr109_timeline_genconfig_mslp_seed_115_alpha_20p.txt;113.23;t1;0;1006.42;false
0.2;0.01;0.02;0.03;0.0;0.0;15;/dados/rmelo/PDPTW-SE/benchmark_multi_floor_v3/official_experiments/multistartlp/preliminar/set_01_pt_04/logs/heur_mslp/outputs/csvresults_heur_mslp_bash_4.csv;0;3;1;26;1;0.0;0.5;true;14;2;lr207_t2_12R_12V_02F_03M;/dados/rmelo/PDPTW-SE/benchmark_multi_floor_v3/official_experiments/multistartlp/preliminar/set_01_pt_04/configs/genconfig_mslp.conf;genconfig_mslp;/dados/rmelo/PDPTW-SE/benchmark_multi_floor_v3/official_experiments/multistartlp/preliminar/set_01_pt_04/logs/heur_mslp/gurobi/12R_12V_02F_03M/lr207_grb_genconfig_mslp_seed_115_alpha_20p.log;random;12R_12V_02F_03M;1;0;1;/dados/rmelo/PDPTW-SE/benchmark_multi_floor_v3/official_experiments/multistartlp/preliminar/set_01_pt_04/../../../../instances/orig_ams_fg/12R_12V_02F_04M/t2/lr207/;60000;18333;0;1727.64;25;13;H;50;95;0;100.0;30.0;true;0.95;100.0;1.0;1.0;1.0;1.0;60;M;59989;60000;false;40;0.81;83.45;0.98;20;10;1000000;-1;3600;14.0;0.55;0.81;mslp;heur;0.3;0.65;-1;3600;60000;I;12;0.67;0.17;lr207;0;/dados/rmelo/PDPTW-SE/benchmark_multi_floor_v3/official_experiments/multistartlp/preliminar/set_01_pt_04/logs;0;0;0;0.0;99.98;1;115;/dados/rmelo/PDPTW-SE/benchmark_multi_floor_v3/official_experiments/multistartlp/preliminar/set_01_pt_04/logs/heur_mslp/solutions/12R_12V_02F_03M/lr207_sol_genconfig_mslp_seed_115_alpha_20p.txt;Gurobi;AUTOMATIC;17.92;_bash_4;_seed_115_alpha_20p;8398.67;1;70.38;/dados/rmelo/PDPTW-SE/benchmark_multi_floor_v3/official_experiments/multistartlp/preliminar/set_01_pt_04/logs/heur_mslp/timelines/12R_12V_02F_03M/lr207_timeline_genconfig_mslp_seed_115_alpha_20p.txt;228.2;t2;0;1106.27;false
0.2;0.2;0.29;0.49;0.0;0.02;8;/dados/rmelo/PDPTW-SE/benchmark_multi_floor_v3/official_experiments/multistartlp/preliminar/set_01_pt_04/logs/heur_mslp/outputs/csvresults_heur_mslp_bash_4.csv;0;3;1;26;1;0.0;0.5;true;14;2;lr106_t1_12R_12V_04F_03M;/dados/rmelo/PDPTW-SE/benchmark_multi_floor_v3/official_experiments/multistartlp/preliminar/set_01_pt_04/configs/genconfig_mslp.conf;genconfig_mslp;/dados/rmelo/PDPTW-SE/benchmark_multi_floor_v3/official_experiments/multistartlp/preliminar/set_01_pt_04/logs/heur_mslp/gurobi/12R_12V_04F_03M/lr106_grb_genconfig_mslp_seed_115_alpha_20p.log;random;12R_12V_04F_03M;1;42016;1;/dados/rmelo/PDPTW-SE/benchmark_multi_floor_v3/official_experiments/multistartlp/preliminar/set_01_pt_04/../../../../instances/orig_ams_fg/12R_12V_04F_04M/t1/lr106/;60000;45664;0;1798.51;25;13;H;50;95;0;100.0;30.0;true;0.95;100.0;1.0;1.0;1.0;1.0;60;M;17984;17984;false;52;1.0;86.16;1.0;26;10;1000000;-1;3600;11.48;0.68;0.42;mslp;heur;0.41;0.17;-1;3600;60000;I;12;1.0;0.75;lr106;0;/dados/rmelo/PDPTW-SE/benchmark_multi_floor_v3/official_experiments/multistartlp/preliminar/set_01_pt_04/logs;0;0;0;70.03;100.0;1;115;/dados/rmelo/PDPTW-SE/benchmark_multi_floor_v3/official_experiments/multistartlp/preliminar/set_01_pt_04/logs/heur_mslp/solutions/12R_12V_04F_03M/lr106_sol_genconfig_mslp_seed_115_alpha_20p.txt;Gurobi;AUTOMATIC;17.63;_bash_4;_seed_115_alpha_20p;2064.15;1;57.43;/dados/rmelo/PDPTW-SE/benchmark_multi_floor_v3/official_experiments/multistartlp/preliminar/set_01_pt_04/logs/heur_mslp/timelines/12R_12V_04F_03M/lr106_timeline_genconfig_mslp_seed_115_alpha_20p.txt;75.54;t1;0;1416.45;false
0.2;0.01;0.03;0.04;0.0;0.0;16;/dados/rmelo/PDPTW-SE/benchmark_multi_floor_v3/official_experiments/multistartlp/preliminar/set_01_pt_04/logs/heur_mslp/outputs/csvresults_heur_mslp_bash_4.csv;0;3;1;26;1;0.0;0.5;true;14;2;lr209_t2_12R_12V_04F_03M;/dados/rmelo/PDPTW-SE/benchmark_multi_floor_v3/official_experiments/multistartlp/preliminar/set_01_pt_04/configs/genconfig_mslp.conf;genconfig_mslp;/dados/rmelo/PDPTW-SE/benchmark_multi_floor_v3/official_experiments/multistartlp/preliminar/set_01_pt_04/logs/heur_mslp/gurobi/12R_12V_04F_03M/lr209_grb_genconfig_mslp_seed_115_alpha_20p.log;random;12R_12V_04F_03M;1;0;1;/dados/rmelo/PDPTW-SE/benchmark_multi_floor_v3/official_experiments/multistartlp/preliminar/set_01_pt_04/../../../../instances/orig_ams_fg/12R_12V_04F_04M/t2/lr209/;60000;47355;0;2157.28;25;13;H;50;95;0;100.0;30.0;true;0.95;100.0;1.0;1.0;1.0;1.0;60;M;60000;60000;false;46;0.84;91.85;1.0;23;10;1000000;-1;3600;14.68;0.6;0.92;mslp;heur;0.35;0.83;-1;3600;60000;I;12;1.0;0.17;lr209;0;/dados/rmelo/PDPTW-SE/benchmark_multi_floor_v3/official_experiments/multistartlp/preliminar/set_01_pt_04/logs;0;0;0;0.0;100.0;1;115;/dados/rmelo/PDPTW-SE/benchmark_multi_floor_v3/official_experiments/multistartlp/preliminar/set_01_pt_04/logs/heur_mslp/solutions/12R_12V_04F_03M/lr209_sol_genconfig_mslp_seed_115_alpha_20p.txt;Gurobi;AUTOMATIC;17.45;_bash_4;_seed_115_alpha_20p;8806.91;1;188.25;/dados/rmelo/PDPTW-SE/benchmark_multi_floor_v3/official_experiments/multistartlp/preliminar/set_01_pt_04/logs/heur_mslp/timelines/12R_12V_04F_03M/lr209_timeline_genconfig_mslp_seed_115_alpha_20p.txt;238.33;t2;0;1192.85;false
0.2;0.02;0.04;0.06;0.01;0.11;2;/dados/rmelo/PDPTW-SE/benchmark_multi_floor_v3/official_experiments/multistartlp/preliminar/set_01_pt_04/logs/heur_mslp/outputs/csvresults_heur_mslp_bash_4.csv;0;5;1;82;1;0.0;0.5;true;42;2;LR1_2_6_t1_40R_40V_02F_05M;/dados/rmelo/PDPTW-SE/benchmark_multi_floor_v3/official_experiments/multistartlp/preliminar/set_01_pt_04/configs/genconfig_mslp.conf;genconfig_mslp;/dados/rmelo/PDPTW-SE/benchmark_multi_floor_v3/official_experiments/multistartlp/preliminar/set_01_pt_04/logs/heur_mslp/gurobi/40R_40V_02F_05M/LR1_2_6_grb_genconfig_mslp_seed_115_alpha_20p.log;random;40R_40V_02F_05M;1;59126;1;/dados/rmelo/PDPTW-SE/benchmark_multi_floor_v3/official_experiments/multistartlp/preliminar/set_01_pt_04/../../../../instances/orig_ams_fg/40R_40V_02F_06M/t1/LR1_2_6/;60000;17963;0;9351.99;81;41;H;50;95;0;100.0;30.0;true;0.95;100.0;1.0;1.0;1.0;1.0;60;M;874;874;false;72;0.97;184.05;0.96;36;10;1000000;-1;3600;4.28;0.41;0.51;mslp;heur;0.16;0.19;-1;3600;60000;I;40;1.0;0.42;LR1_2_6;0;/dados/rmelo/PDPTW-SE/benchmark_multi_floor_v3/official_experiments/multistartlp/preliminar/set_01_pt_04/logs;0;0;0;98.54;100.0;1;115;/dados/rmelo/PDPTW-SE/benchmark_multi_floor_v3/official_experiments/multistartlp/preliminar/set_01_pt_04/logs/heur_mslp/solutions/40R_40V_02F_05M/LR1_2_6_sol_genconfig_mslp_seed_115_alpha_20p.txt;Gurobi;AUTOMATIC;17.83;_bash_4;_seed_115_alpha_20p;37.4;1;61.79;/dados/rmelo/PDPTW-SE/benchmark_multi_floor_v3/official_experiments/multistartlp/preliminar/set_01_pt_04/logs/heur_mslp/timelines/40R_40V_02F_05M/LR1_2_6_timeline_genconfig_mslp_seed_115_alpha_20p.txt;206.19;t1;0;7940.82;false
0.2;0.0;0.01;0.02;0.04;0.07;10;/dados/rmelo/PDPTW-SE/benchmark_multi_floor_v3/official_experiments/multistartlp/preliminar/set_01_pt_04/logs/heur_mslp/outputs/csvresults_heur_mslp_bash_4.csv;0;5;1;82;1;0.0;0.5;true;42;2;LR2_2_9_t2_40R_40V_02F_05M;/dados/rmelo/PDPTW-SE/benchmark_multi_floor_v3/official_experiments/multistartlp/preliminar/set_01_pt_04/configs/genconfig_mslp.conf;genconfig_mslp;/dados/rmelo/PDPTW-SE/benchmark_multi_floor_v3/official_experiments/multistartlp/preliminar/set_01_pt_04/logs/heur_mslp/gurobi/40R_40V_02F_05M/LR2_2_9_grb_genconfig_mslp_seed_115_alpha_20p.log;random;40R_40V_02F_05M;1;0;1;/dados/rmelo/PDPTW-SE/benchmark_multi_floor_v3/official_experiments/multistartlp/preliminar/set_01_pt_04/../../../../instances/orig_ams_fg/40R_40V_02F_06M/t2/LR2_2_9/;60000;45118;0;11788.88;81;41;H;50;95;0;100.0;30.0;true;0.95;100.0;1.0;1.0;1.0;1.0;60;M;60000;60000;false;74;0.79;179.34;1.0;37;10;1000000;-1;3600;7.31;0.63;1.0;mslp;heur;0.25;0.99;-1;3600;60000;I;40;0.8;0.12;LR2_2_9;0;/dados/rmelo/PDPTW-SE/benchmark_multi_floor_v3/official_experiments/multistartlp/preliminar/set_01_pt_04/logs;0;0;0;0.0;100.0;1;115;/dados/rmelo/PDPTW-SE/benchmark_multi_floor_v3/official_experiments/multistartlp/preliminar/set_01_pt_04/logs/heur_mslp/solutions/40R_40V_02F_05M/LR2_2_9_sol_genconfig_mslp_seed_115_alpha_20p.txt;Gurobi;AUTOMATIC;17.49;_bash_4;_seed_115_alpha_20p;4384.88;1;946.57;/dados/rmelo/PDPTW-SE/benchmark_multi_floor_v3/official_experiments/multistartlp/preliminar/set_01_pt_04/logs/heur_mslp/timelines/40R_40V_02F_05M/LR2_2_9_timeline_genconfig_mslp_seed_115_alpha_20p.txt;1257.22;t2;0;8041.91;false
0.2;0.11;0.15;0.25;0.0;0.03;4;/dados/rmelo/PDPTW-SE/benchmark_multi_floor_v3/official_experiments/multistartlp/preliminar/set_01_pt_04/logs/heur_mslp/outputs/csvresults_heur_mslp_bash_4.csv;0;5;1;82;1;0.0;0.5;true;42;2;LR1_2_10_t1_40R_40V_04F_05M;/dados/rmelo/PDPTW-SE/benchmark_multi_floor_v3/official_experiments/multistartlp/preliminar/set_01_pt_04/configs/genconfig_mslp.conf;genconfig_mslp;/dados/rmelo/PDPTW-SE/benchmark_multi_floor_v3/official_experiments/multistartlp/preliminar/set_01_pt_04/logs/heur_mslp/gurobi/40R_40V_04F_05M/LR1_2_10_grb_genconfig_mslp_seed_115_alpha_20p.log;random;40R_40V_04F_05M;1;59496;1;/dados/rmelo/PDPTW-SE/benchmark_multi_floor_v3/official_experiments/multistartlp/preliminar/set_01_pt_04/../../../../instances/orig_ams_fg/40R_40V_04F_06M/t1/LR1_2_10/;60000;37798;0;8350.19;81;41;H;50;95;0;100.0;30.0;true;0.95;100.0;1.0;1.0;1.0;1.0;60;M;504;504;false;72;0.91;178.35;0.96;36;10;1000000;-1;3600;6.23;0.67;0.55;mslp;heur;0.39;0.18;-1;3600;60000;I;40;1.0;0.45;LR1_2_10;0;/dados/rmelo/PDPTW-SE/benchmark_multi_floor_v3/official_experiments/multistartlp/preliminar/set_01_pt_04/logs;0;0;0;99.16;100.0;1;115;/dados/rmelo/PDPTW-SE/benchmark_multi_floor_v3/official_experiments/multistartlp/preliminar/set_01_pt_04/logs/heur_mslp/solutions/40R_40V_04F_05M/LR1_2_10_sol_genconfig_mslp_seed_115_alpha_20p.txt;Gurobi;AUTOMATIC;17.73;_bash_4;_seed_115_alpha_20p;31.41;1;164.2;/dados/rmelo/PDPTW-SE/benchmark_multi_floor_v3/official_experiments/multistartlp/preliminar/set_01_pt_04/logs/heur_mslp/timelines/40R_40V_04F_05M/LR1_2_10_timeline_genconfig_mslp_seed_115_alpha_20p.txt;260.3;t1;0;7633.59;false
0.2;0.02;0.03;0.05;0.01;0.04;12;/dados/rmelo/PDPTW-SE/benchmark_multi_floor_v3/official_experiments/multistartlp/preliminar/set_01_pt_04/logs/heur_mslp/outputs/csvresults_heur_mslp_bash_4.csv;0;5;1;82;1;0.0;0.5;true;42;2;LR2_2_6_t2_40R_40V_04F_05M;/dados/rmelo/PDPTW-SE/benchmark_multi_floor_v3/official_experiments/multistartlp/preliminar/set_01_pt_04/configs/genconfig_mslp.conf;genconfig_mslp;/dados/rmelo/PDPTW-SE/benchmark_multi_floor_v3/official_experiments/multistartlp/preliminar/set_01_pt_04/logs/heur_mslp/gurobi/40R_40V_04F_05M/LR2_2_6_grb_genconfig_mslp_seed_115_alpha_20p.log;random;40R_40V_04F_05M;1;0;1;/dados/rmelo/PDPTW-SE/benchmark_multi_floor_v3/official_experiments/multistartlp/preliminar/set_01_pt_04/../../../../instances/orig_ams_fg/40R_40V_04F_06M/t2/LR2_2_6/;60000;52965;0;10508.37;81;41;H;50;95;0;100.0;30.0;true;0.95;100.0;1.0;1.0;1.0;1.0;60;M;60000;60000;false;80;0.88;192.66;1.0;40;10;1000000;-1;3600;3.28;0.79;0.98;mslp;heur;0.71;0.97;-1;3600;60000;I;40;1.0;0.1;LR2_2_6;0;/dados/rmelo/PDPTW-SE/benchmark_multi_floor_v3/official_experiments/multistartlp/preliminar/set_01_pt_04/logs;0;0;0;0.0;100.0;1;115;/dados/rmelo/PDPTW-SE/benchmark_multi_floor_v3/official_experiments/multistartlp/preliminar/set_01_pt_04/logs/heur_mslp/solutions/40R_40V_04F_05M/LR2_2_6_sol_genconfig_mslp_seed_115_alpha_20p.txt;Gurobi;AUTOMATIC;17.52;_bash_4;_seed_115_alpha_20p;1965.32;1;2226.75;/dados/rmelo/PDPTW-SE/benchmark_multi_floor_v3/official_experiments/multistartlp/preliminar/set_01_pt_04/logs/heur_mslp/timelines/40R_40V_04F_05M/LR2_2_6_timeline_genconfig_mslp_seed_115_alpha_20p.txt;2522.21;t2;0;7990.14;false
0.2;0.04;0.08;0.12;0.01;0.1;7;/dados/rmelo/PDPTW-SE/benchmark_multi_floor_v3/official_experiments/multistartlp/preliminar/set_01_pt_04/logs/heur_mslp/outputs/csvresults_heur_mslp_bash_4.csv;0;5;1;122;1;0.0;0.5;true;62;2;LR1_2_6_t1_60R_60V_02F_05M;/dados/rmelo/PDPTW-SE/benchmark_multi_floor_v3/official_experiments/multistartlp/preliminar/set_01_pt_04/configs/genconfig_mslp.conf;genconfig_mslp;/dados/rmelo/PDPTW-SE/benchmark_multi_floor_v3/official_experiments/multistartlp/preliminar/set_01_pt_04/logs/heur_mslp/gurobi/60R_60V_02F_05M/LR1_2_6_grb_genconfig_mslp_seed_115_alpha_20p.log;random;60R_60V_02F_05M;1;58056;1;/dados/rmelo/PDPTW-SE/benchmark_multi_floor_v3/official_experiments/multistartlp/preliminar/set_01_pt_04/../../../../instances/orig_ams_fg/60R_60V_02F_06M/t1/LR1_2_6/;60000;47484;0;12063.71;121;61;H;50;95;0;100.0;30.0;true;0.95;100.0;1.0;1.0;1.0;1.0;60;M;1944;1944;false;82;0.99;191.73;0.96;41;10;1000000;-1;3600;4.91;0.7;0.53;mslp;heur;0.25;0.11;-1;3600;60000;I;60;1.0;0.38;LR1_2_6;0;/dados/rmelo/PDPTW-SE/benchmark_multi_floor_v3/official_experiments/multistartlp/preliminar/set_01_pt_04/logs;0;0;0;96.76;100.0;1;115;/dados/rmelo/PDPTW-SE/benchmark_multi_floor_v3/official_experiments/multistartlp/preliminar/set_01_pt_04/logs/heur_mslp/solutions/60R_60V_02F_05M/LR1_2_6_sol_genconfig_mslp_seed_115_alpha_20p.txt;Gurobi;AUTOMATIC;17.44;_bash_4;_seed_115_alpha_20p;95.53;1;373.23;/dados/rmelo/PDPTW-SE/benchmark_multi_floor_v3/official_experiments/multistartlp/preliminar/set_01_pt_04/logs/heur_mslp/timelines/60R_60V_02F_05M/LR1_2_6_timeline_genconfig_mslp_seed_115_alpha_20p.txt;470.94;t1;0;10223.9;false
0.2;0.01;0.02;0.03;0.01;0.07;4;/dados/rmelo/PDPTW-SE/benchmark_multi_floor_v3/official_experiments/multistartlp/preliminar/set_01_pt_04/logs/heur_mslp/outputs/csvresults_heur_mslp_bash_4.csv;0;5;1;122;1;0.0;0.5;true;62;2;LR2_2_6_t2_60R_60V_02F_05M;/dados/rmelo/PDPTW-SE/benchmark_multi_floor_v3/official_experiments/multistartlp/preliminar/set_01_pt_04/configs/genconfig_mslp.conf;genconfig_mslp;/dados/rmelo/PDPTW-SE/benchmark_multi_floor_v3/official_experiments/multistartlp/preliminar/set_01_pt_04/logs/heur_mslp/gurobi/60R_60V_02F_05M/LR2_2_6_grb_genconfig_mslp_seed_115_alpha_20p.log;random;60R_60V_02F_05M;1;0;1;/dados/rmelo/PDPTW-SE/benchmark_multi_floor_v3/official_experiments/multistartlp/preliminar/set_01_pt_04/../../../../instances/orig_ams_fg/60R_60V_02F_06M/t2/LR2_2_6/;56660;17882;0;15315.5;121;61;H;50;95;0;100.0;30.0;true;0.95;100.0;1.0;1.0;1.0;1.0;60;M;56660;56660;false;80;0.88;185.63;0.99;40;10;1000000;-1;3600;5.37;0.73;0.96;mslp;heur;0.34;0.91;-1;3600;60000;I;60;1.0;0.1;LR2_2_6;0;/dados/rmelo/PDPTW-SE/benchmark_multi_floor_v3/official_experiments/multistartlp/preliminar/set_01_pt_04/logs;0;0;0;0.0;100.0;1;115;/dados/rmelo/PDPTW-SE/benchmark_multi_floor_v3/official_experiments/multistartlp/preliminar/set_01_pt_04/logs/heur_mslp/solutions/60R_60V_02F_05M/LR2_2_6_sol_genconfig_mslp_seed_115_alpha_20p.txt;Gurobi;AUTOMATIC;17.69;_bash_4;_seed_115_alpha_20p;3042.49;1;1139.42;/dados/rmelo/PDPTW-SE/benchmark_multi_floor_v3/official_experiments/multistartlp/preliminar/set_01_pt_04/logs/heur_mslp/timelines/60R_60V_02F_05M/LR2_2_6_timeline_genconfig_mslp_seed_115_alpha_20p.txt;3600.03;t2;0;11030.73;false
0.2;0.13;0.19;0.33;0.0;0.07;4;/dados/rmelo/PDPTW-SE/benchmark_multi_floor_v3/official_experiments/multistartlp/preliminar/set_01_pt_04/logs/heur_mslp/outputs/csvresults_heur_mslp_bash_4.csv;0;5;1;122;1;0.0;0.5;true;62;2;LR1_2_9_t1_60R_60V_04F_05M;/dados/rmelo/PDPTW-SE/benchmark_multi_floor_v3/official_experiments/multistartlp/preliminar/set_01_pt_04/configs/genconfig_mslp.conf;genconfig_mslp;/dados/rmelo/PDPTW-SE/benchmark_multi_floor_v3/official_experiments/multistartlp/preliminar/set_01_pt_04/logs/heur_mslp/gurobi/60R_60V_04F_05M/LR1_2_9_grb_genconfig_mslp_seed_115_alpha_20p.log;random;60R_60V_04F_05M;1;59934;1;/dados/rmelo/PDPTW-SE/benchmark_multi_floor_v3/official_experiments/multistartlp/preliminar/set_01_pt_04/../../../../instances/orig_ams_fg/60R_60V_04F_06M/t1/LR1_2_9/;60000;21853;0;14020.33;121;61;H;50;95;0;100.0;30.0;true;0.95;100.0;1.0;1.0;1.0;1.0;60;M;66;66;false;86;0.98;198.99;0.87;43;10;1000000;-1;3600;7.72;0.65;0.47;mslp;heur;0.34;0.16;-1;3600;60000;I;60;1.0;0.47;LR1_2_9;0;/dados/rmelo/PDPTW-SE/benchmark_multi_floor_v3/official_experiments/multistartlp/preliminar/set_01_pt_04/logs;0;0;0;99.89;100.0;1;115;/dados/rmelo/PDPTW-SE/benchmark_multi_floor_v3/official_experiments/multistartlp/preliminar/set_01_pt_04/logs/heur_mslp/solutions/60R_60V_04F_05M/LR1_2_9_sol_genconfig_mslp_seed_115_alpha_20p.txt;Gurobi;AUTOMATIC;17.89;_bash_4;_seed_115_alpha_20p;5.09;1;189.89;/dados/rmelo/PDPTW-SE/benchmark_multi_floor_v3/official_experiments/multistartlp/preliminar/set_01_pt_04/logs/heur_mslp/timelines/60R_60V_04F_05M/LR1_2_9_timeline_genconfig_mslp_seed_115_alpha_20p.txt;516.56;t1;0;12501.46;false
0.2;0.03;0.05;0.07;0.0;0.0;2;/dados/rmelo/PDPTW-SE/benchmark_multi_floor_v3/official_experiments/multistartlp/preliminar/set_01_pt_04/logs/heur_mslp/outputs/csvresults_heur_mslp_bash_4.csv;0;5;1;122;1;0.0;0.5;true;62;2;LR2_2_7_t2_60R_60V_04F_05M;/dados/rmelo/PDPTW-SE/benchmark_multi_floor_v3/official_experiments/multistartlp/preliminar/set_01_pt_04/configs/genconfig_mslp.conf;genconfig_mslp;/dados/rmelo/PDPTW-SE/benchmark_multi_floor_v3/official_experiments/multistartlp/preliminar/set_01_pt_04/logs/heur_mslp/gurobi/60R_60V_04F_05M/LR2_2_7_grb_genconfig_mslp_seed_115_alpha_20p.log;random;60R_60V_04F_05M;1;7957;1;/dados/rmelo/PDPTW-SE/benchmark_multi_floor_v3/official_experiments/multistartlp/preliminar/set_01_pt_04/../../../../instances/orig_ams_fg/60R_60V_04F_06M/t2/LR2_2_7/;31631;1370;0;13837.98;121;61;H;50;95;0;100.0;30.0;true;0.95;100.0;1.0;1.0;1.0;1.0;60;M;23674;23674;false;78;0.88;195.28;1.0;39;10;1000000;-1;3600;1.57;0.7;0.89;mslp;heur;0.25;0.67;-1;3600;60000;I;60;1.0;0.1;LR2_2_7;0;/dados/rmelo/PDPTW-SE/benchmark_multi_floor_v3/official_experiments/multistartlp/preliminar/set_01_pt_04/logs;0;0;0;25.16;100.0;1;115;/dados/rmelo/PDPTW-SE/benchmark_multi_floor_v3/official_experiments/multistartlp/preliminar/set_01_pt_04/logs/heur_mslp/solutions/60R_60V_04F_05M/LR2_2_7_sol_genconfig_mslp_seed_115_alpha_20p.txt;Gurobi;AUTOMATIC;17.68;_bash_4;_seed_115_alpha_20p;370.55;1;156.56;/dados/rmelo/PDPTW-SE/benchmark_multi_floor_v3/official_experiments/multistartlp/preliminar/set_01_pt_04/logs/heur_mslp/timelines/60R_60V_04F_05M/LR2_2_7_timeline_genconfig_mslp_seed_115_alpha_20p.txt;3600.08;t2;0;10651.71;false
0.2;0.01;0.06;0.07;0.0;0.0;3;/dados/rmelo/PDPTW-SE/benchmark_multi_floor_v3/official_experiments/multistartlp/preliminar/set_01_pt_04/logs/heur_mslp/outputs/csvresults_heur_mslp_bash_4.csv;0;3;1;18;1;0.0;0.5;true;10;2;lr107_t1_08R_08V_02F_03M;/dados/rmelo/PDPTW-SE/benchmark_multi_floor_v3/official_experiments/multistartlp/preliminar/set_01_pt_04/configs/genconfig_mslp.conf;genconfig_mslp;/dados/rmelo/PDPTW-SE/benchmark_multi_floor_v3/official_experiments/multistartlp/preliminar/set_01_pt_04/logs/heur_mslp/gurobi/08R_08V_02F_03M/lr107_grb_genconfig_mslp_seed_122_alpha_20p.log;random;08R_08V_02F_03M;1;0;1;/dados/rmelo/PDPTW-SE/benchmark_multi_floor_v3/official_experiments/multistartlp/preliminar/set_01_pt_04/../../../../instances/orig_ams_fg/08R_08V_02F_04M/t1/lr107/;60000;14;0;1100.2;17;9;H;50;95;0;100.0;30.0;true;0.95;100.0;1.0;1.0;1.0;1.0;60;M;60000;60000;false;40;0.94;80.43;0.73;20;10;1000000;-1;3600;15.73;0.73;0.6;mslp;heur;0.47;0.46;-1;3600;60000;I;8;1.0;0.62;lr107;0;/dados/rmelo/PDPTW-SE/benchmark_multi_floor_v3/official_experiments/multistartlp/preliminar/set_01_pt_04/logs;0;0;0;0.0;100.0;1;122;/dados/rmelo/PDPTW-SE/benchmark_multi_floor_v3/official_experiments/multistartlp/preliminar/set_01_pt_04/logs/heur_mslp/solutions/08R_08V_02F_03M/lr107_sol_genconfig_mslp_seed_122_alpha_20p.txt;Gurobi;AUTOMATIC;17.24;_bash_4;_seed_122_alpha_20p;9439.64;1;0.33;/dados/rmelo/PDPTW-SE/benchmark_multi_floor_v3/official_experiments/multistartlp/preliminar/set_01_pt_04/logs/heur_mslp/timelines/08R_08V_02F_03M/lr107_timeline_genconfig_mslp_seed_122_alpha_20p.txt;99.78;t1;0;843.14;false
0.2;0.0;0.02;0.02;0.0;0.0;6;/dados/rmelo/PDPTW-SE/benchmark_multi_floor_v3/official_experiments/multistartlp/preliminar/set_01_pt_04/logs/heur_mslp/outputs/csvresults_heur_mslp_bash_4.csv;0;3;1;18;1;0.0;0.5;true;10;2;lr210_t2_08R_08V_02F_03M;/dados/rmelo/PDPTW-SE/benchmark_multi_floor_v3/official_experiments/multistartlp/preliminar/set_01_pt_04/configs/genconfig_mslp.conf;genconfig_mslp;/dados/rmelo/PDPTW-SE/benchmark_multi_floor_v3/official_experiments/multistartlp/preliminar/set_01_pt_04/logs/heur_mslp/gurobi/08R_08V_02F_03M/lr210_grb_genconfig_mslp_seed_122_alpha_20p.log;random;08R_08V_02F_03M;1;802;1;/dados/rmelo/PDPTW-SE/benchmark_multi_floor_v3/official_experiments/multistartlp/preliminar/set_01_pt_04/../../../../instances/orig_ams_fg/08R_08V_02F_04M/t2/lr210/;60000;6535;0;1180.72;17;9;H;50;95;0;100.0;30.0;true;0.95;100.0;1.0;1.0;1.0;1.0;60;M;59198;59198;false;58;0.71;75.46;0.93;29;10;1000000;-1;3600;30.85;0.71;0.93;mslp;heur;0.71;0.93;-1;3600;60000;I;8;0.67;0.12;lr210;0;/dados/rmelo/PDPTW-SE/benchmark_multi_floor_v3/official_experiments/multistartlp/preliminar/set_01_pt_04/logs;0;0;0;1.34;100.0;1;122;/dados/rmelo/PDPTW-SE/benchmark_multi_floor_v3/official_experiments/multistartlp/preliminar/set_01_pt_04/logs/heur_mslp/solutions/08R_08V_02F_03M/lr210_sol_genconfig_mslp_seed_122_alpha_20p.txt;Gurobi;AUTOMATIC;17.6;_bash_4;_seed_122_alpha_20p;18260.59;1;13.6;/dados/rmelo/PDPTW-SE/benchmark_multi_floor_v3/official_experiments/multistartlp/preliminar/set_01_pt_04/logs/heur_mslp/timelines/08R_08V_02F_03M/lr210_timeline_genconfig_mslp_seed_122_alpha_20p.txt;122.92;t2;0;706.87;false
0.2;0.1;0.19;0.29;0.0;0.05;9;/dados/rmelo/PDPTW-SE/benchmark_multi_floor_v3/official_experiments/multistartlp/preliminar/set_01_pt_04/logs/heur_mslp/outputs/csvresults_heur_mslp_bash_4.csv;0;3;1;18;1;0.0;0.5;true;10;2;lr106_t1_08R_08V_04F_03M;/dados/rmelo/PDPTW-SE/benchmark_multi_floor_v3/official_experiments/multistartlp/preliminar/set_01_pt_04/configs/genconfig_mslp.conf;genconfig_mslp;/dados/rmelo/PDPTW-SE/benchmark_multi_floor_v3/official_experiments/multistartlp/preliminar/set_01_pt_04/logs/heur_mslp/gurobi/08R_08V_04F_03M/lr106_grb_genconfig_mslp_seed_122_alpha_20p.log;random;08R_08V_04F_03M;1;17148;1;/dados/rmelo/PDPTW-SE/benchmark_multi_floor_v3/official_experiments/multistartlp/preliminar/set_01_pt_04/../../../../instances/orig_ams_fg/08R_08V_04F_04M/t1/lr106/;60000;2207;0;1313.42;17;9;H;50;95;0;100.0;30.0;true;0.95;100.0;1.0;1.0;1.0;1.0;60;M;42852;42852;false;52;0.82;85.78;0.81;26;10;1000000;-1;3600;19.16;0.62;0.36;mslp;heur;0.35;0.06;-1;3600;60000;I;8;1.0;0.88;lr106;0;/dados/rmelo/PDPTW-SE/benchmark_multi_floor_v3/official_experiments/multistartlp/preliminar/set_01_pt_04/logs;0;0;0;28.58;100.0;1;122;/dados/rmelo/PDPTW-SE/benchmark_multi_floor_v3/official_experiments/multistartlp/preliminar/set_01_pt_04/logs/heur_mslp/solutions/08R_08V_04F_03M/lr106_sol_genconfig_mslp_seed_122_alpha_20p.txt;Gurobi;AUTOMATIC;17.85;_bash_4;_seed_122_alpha_20p;8208.44;1;3.93;/dados/rmelo/PDPTW-SE/benchmark_multi_floor_v3/official_experiments/multistartlp/preliminar/set_01_pt_04/logs/heur_mslp/timelines/08R_08V_04F_03M/lr106_timeline_genconfig_mslp_seed_122_alpha_20p.txt;96.22;t1;0;1010.71;false
0.2;0.01;0.03;0.04;0.0;0.0;5;/dados/rmelo/PDPTW-SE/benchmark_multi_floor_v3/official_experiments/multistartlp/preliminar/set_01_pt_04/logs/heur_mslp/outputs/csvresults_heur_mslp_bash_4.csv;0;3;1;18;1;0.0;0.5;true;10;2;lr209_t2_08R_08V_04F_03M;/dados/rmelo/PDPTW-SE/benchmark_multi_floor_v3/official_experiments/multistartlp/preliminar/set_01_pt_04/configs/genconfig_mslp.conf;genconfig_mslp;/dados/rmelo/PDPTW-SE/benchmark_multi_floor_v3/official_experiments/multistartlp/preliminar/set_01_pt_04/logs/heur_mslp/gurobi/08R_08V_04F_03M/lr209_grb_genconfig_mslp_seed_122_alpha_20p.log;random;08R_08V_04F_03M;1;0;1;/dados/rmelo/PDPTW-SE/benchmark_multi_floor_v3/official_experiments/multistartlp/preliminar/set_01_pt_04/../../../../instances/orig_ams_fg/08R_08V_04F_04M/t2/lr209/;60000;7111;0;1364.09;17;9;H;50;95;0;100.0;30.0;true;0.95;100.0;1.0;1.0;1.0;1.0;60;M;54535;60000;false;46;0.68;79.88;0.93;23;10;1000000;-1;3600;21.0;0.42;0.72;mslp;heur;0.16;0.5;-1;3600;60000;I;8;0.67;0.25;lr209;0;/dados/rmelo/PDPTW-SE/benchmark_multi_floor_v3/official_experiments/multistartlp/preliminar/set_01_pt_04/logs;0;0;0;0.0;90.89;1;122;/dados/rmelo/PDPTW-SE/benchmark_multi_floor_v3/official_experiments/multistartlp/preliminar/set_01_pt_04/logs/heur_mslp/solutions/08R_08V_04F_03M/lr209_sol_genconfig_mslp_seed_122_alpha_20p.txt;Gurobi;AUTOMATIC;17.68;_bash_4;_seed_122_alpha_20p;12600.98;1;18.14;/dados/rmelo/PDPTW-SE/benchmark_multi_floor_v3/official_experiments/multistartlp/preliminar/set_01_pt_04/logs/heur_mslp/timelines/08R_08V_04F_03M/lr209_timeline_genconfig_mslp_seed_122_alpha_20p.txt;150.54;t2;0;838.87;false
0.2;0.04;0.07;0.11;0.0;0.0;13;/dados/rmelo/PDPTW-SE/benchmark_multi_floor_v3/official_experiments/multistartlp/preliminar/set_01_pt_04/logs/heur_mslp/outputs/csvresults_heur_mslp_bash_4.csv;0;3;1;26;1;0.0;0.5;true;14;2;lr109_t1_12R_12V_02F_03M;/dados/rmelo/PDPTW-SE/benchmark_multi_floor_v3/official_experiments/multistartlp/preliminar/set_01_pt_04/configs/genconfig_mslp.conf;genconfig_mslp;/dados/rmelo/PDPTW-SE/benchmark_multi_floor_v3/official_experiments/multistartlp/preliminar/set_01_pt_04/logs/heur_mslp/gurobi/12R_12V_02F_03M/lr109_grb_genconfig_mslp_seed_122_alpha_20p.log;random;12R_12V_02F_03M;1;14544;1;/dados/rmelo/PDPTW-SE/benchmark_multi_floor_v3/official_experiments/multistartlp/preliminar/set_01_pt_04/../../../../instances/orig_ams_fg/12R_12V_02F_04M/t1/lr109/;60000;33030;0;1247.81;25;13;H;50;95;0;100.0;30.0;true;0.95;100.0;1.0;1.0;1.0;1.0;60;M;45456;45456;false;58;0.88;78.59;0.62;29;10;1000000;-1;3600;9.52;0.73;0.42;mslp;heur;0.56;0.21;-1;3600;60000;I;12;1.0;0.5;lr109;0;/dados/rmelo/PDPTW-SE/benchmark_multi_floor_v3/official_experiments/multistartlp/preliminar/set_01_pt_04/logs;0;0;0;24.24;100.0;1;122;/dados/rmelo/PDPTW-SE/benchmark_multi_floor_v3/official_experiments/multistartlp/preliminar/set_01_pt_04/logs/heur_mslp/solutions/12R_12V_02F_03M/lr109_sol_genconfig_mslp_seed_122_alpha_20p.txt;Gurobi;AUTOMATIC;17.76;_bash_4;_seed_122_alpha_20p;4327.64;1;62.45;/dados/rmelo/PDPTW-SE/benchmark_multi_floor_v3/official_experiments/multistartlp/preliminar/set_01_pt_04/logs/heur_mslp/timelines/12R_12V_02F_03M/lr109_timeline_genconfig_mslp_seed_122_alpha_20p.txt;113.37;t1;0;1008.76;false
0.2;0.01;0.02;0.03;0.0;0.0;19;/dados/rmelo/PDPTW-SE/benchmark_multi_floor_v3/official_experiments/multistartlp/preliminar/set_01_pt_04/logs/heur_mslp/outputs/csvresults_heur_mslp_bash_4.csv;0;3;1;26;1;0.0;0.5;true;14;2;lr207_t2_12R_12V_02F_03M;/dados/rmelo/PDPTW-SE/benchmark_multi_floor_v3/official_experiments/multistartlp/preliminar/set_01_pt_04/configs/genconfig_mslp.conf;genconfig_mslp;/dados/rmelo/PDPTW-SE/benchmark_multi_floor_v3/official_experiments/multistartlp/preliminar/set_01_pt_04/logs/heur_mslp/gurobi/12R_12V_02F_03M/lr207_grb_genconfig_mslp_seed_122_alpha_20p.log;random;12R_12V_02F_03M;1;0;1;/dados/rmelo/PDPTW-SE/benchmark_multi_floor_v3/official_experiments/multistartlp/preliminar/set_01_pt_04/../../../../instances/orig_ams_fg/12R_12V_02F_04M/t2/lr207/;60000;36195;0;1661.52;25;13;H;50;95;0;100.0;30.0;true;0.95;100.0;1.0;1.0;1.0;1.0;60;M;59986;60000;false;40;0.91;83.45;0.98;20;10;1000000;-1;3600;13.95;0.56;0.92;mslp;heur;0.22;0.88;-1;3600;60000;I;12;0.67;0.17;lr207;0;/dados/rmelo/PDPTW-SE/benchmark_multi_floor_v3/official_experiments/multistartlp/preliminar/set_01_pt_04/logs;0;0;0;0.0;99.98;1;122;/dados/rmelo/PDPTW-SE/benchmark_multi_floor_v3/official_experiments/multistartlp/preliminar/set_01_pt_04/logs/heur_mslp/solutions/12R_12V_02F_03M/lr207_sol_genconfig_mslp_seed_122_alpha_20p.txt;Gurobi;AUTOMATIC;17.75;_bash_4;_seed_122_alpha_20p;8370.95;1;141.69;/dados/rmelo/PDPTW-SE/benchmark_multi_floor_v3/official_experiments/multistartlp/preliminar/set_01_pt_04/logs/heur_mslp/timelines/12R_12V_02F_03M/lr207_timeline_genconfig_mslp_seed_122_alpha_20p.txt;233.69;t2;0;1124.17;false
0.2;0.2;0.29;0.49;0.0;0.02;11;/dados/rmelo/PDPTW-SE/benchmark_multi_floor_v3/official_experiments/multistartlp/preliminar/set_01_pt_04/logs/heur_mslp/outputs/csvresults_heur_mslp_bash_4.csv;0;3;1;26;1;0.0;0.5;true;14;2;lr106_t1_12R_12V_04F_03M;/dados/rmelo/PDPTW-SE/benchmark_multi_floor_v3/official_experiments/multistartlp/preliminar/set_01_pt_04/configs/genconfig_mslp.conf;genconfig_mslp;/dados/rmelo/PDPTW-SE/benchmark_multi_floor_v3/official_experiments/multistartlp/preliminar/set_01_pt_04/logs/heur_mslp/gurobi/12R_12V_04F_03M/lr106_grb_genconfig_mslp_seed_122_alpha_20p.log;random;12R_12V_04F_03M;1;41733;1;/dados/rmelo/PDPTW-SE/benchmark_multi_floor_v3/official_experiments/multistartlp/preliminar/set_01_pt_04/../../../../instances/orig_ams_fg/12R_12V_04F_04M/t1/lr106/;60000;31946;0;1841.27;25;13;H;50;95;0;100.0;30.0;true;0.95;100.0;1.0;1.0;1.0;1.0;60;M;18267;18267;false;52;1.0;86.16;0.97;26;10;1000000;-1;3600;11.49;0.68;0.43;mslp;heur;0.41;0.17;-1;3600;60000;I;12;1.0;0.75;lr106;0;/dados/rmelo/PDPTW-SE/benchmark_multi_floor_v3/official_experiments/multistartlp/preliminar/set_01_pt_04/logs;0;0;0;69.56;100.0;1;122;/dados/rmelo/PDPTW-SE/benchmark_multi_floor_v3/official_experiments/multistartlp/preliminar/set_01_pt_04/logs/heur_mslp/solutions/12R_12V_04F_03M/lr106_sol_genconfig_mslp_seed_122_alpha_20p.txt;Gurobi;AUTOMATIC;17.74;_bash_4;_seed_122_alpha_20p;2099.41;1;41.02;/dados/rmelo/PDPTW-SE/benchmark_multi_floor_v3/official_experiments/multistartlp/preliminar/set_01_pt_04/logs/heur_mslp/timelines/12R_12V_04F_03M/lr106_timeline_genconfig_mslp_seed_122_alpha_20p.txt;76.62;t1;0;1416.45;false
0.2;0.02;0.03;0.05;0.0;0.0;9;/dados/rmelo/PDPTW-SE/benchmark_multi_floor_v3/official_experiments/multistartlp/preliminar/set_01_pt_04/logs/heur_mslp/outputs/csvresults_heur_mslp_bash_4.csv;0;3;1;26;1;0.0;0.5;true;14;2;lr209_t2_12R_12V_04F_03M;/dados/rmelo/PDPTW-SE/benchmark_multi_floor_v3/official_experiments/multistartlp/preliminar/set_01_pt_04/configs/genconfig_mslp.conf;genconfig_mslp;/dados/rmelo/PDPTW-SE/benchmark_multi_floor_v3/official_experiments/multistartlp/preliminar/set_01_pt_04/logs/heur_mslp/gurobi/12R_12V_04F_03M/lr209_grb_genconfig_mslp_seed_122_alpha_20p.log;random;12R_12V_04F_03M;1;0;1;/dados/rmelo/PDPTW-SE/benchmark_multi_floor_v3/official_experiments/multistartlp/preliminar/set_01_pt_04/../../../../instances/orig_ams_fg/12R_12V_04F_04M/t2/lr209/;60000;25548;0;1714.42;25;13;H;50;95;0;100.0;30.0;true;0.95;100.0;1.0;1.0;1.0;1.0;60;M;60000;60000;false;46;0.74;91.85;1.0;23;10;1000000;-1;3600;14.73;0.61;0.93;mslp;heur;0.48;0.87;-1;3600;60000;I;12;1.0;0.17;lr209;0;/dados/rmelo/PDPTW-SE/benchmark_multi_floor_v3/official_experiments/multistartlp/preliminar/set_01_pt_04/logs;0;0;0;0.0;100.0;1;122;/dados/rmelo/PDPTW-SE/benchmark_multi_floor_v3/official_experiments/multistartlp/preliminar/set_01_pt_04/logs/heur_mslp/solutions/12R_12V_04F_03M/lr209_sol_genconfig_mslp_seed_122_alpha_20p.txt;Gurobi;AUTOMATIC;17.85;_bash_4;_seed_122_alpha_20p;8837.85;1;101.06;/dados/rmelo/PDPTW-SE/benchmark_multi_floor_v3/official_experiments/multistartlp/preliminar/set_01_pt_04/logs/heur_mslp/timelines/12R_12V_04F_03M/lr209_timeline_genconfig_mslp_seed_122_alpha_20p.txt;236.56;t2;0;1214.47;false
0.2;0.01;0.03;0.05;0.0;0.1;3;/dados/rmelo/PDPTW-SE/benchmark_multi_floor_v3/official_experiments/multistartlp/preliminar/set_01_pt_04/logs/heur_mslp/outputs/csvresults_heur_mslp_bash_4.csv;0;5;1;82;1;0.0;0.5;true;42;2;LR1_2_6_t1_40R_40V_02F_05M;/dados/rmelo/PDPTW-SE/benchmark_multi_floor_v3/official_experiments/multistartlp/preliminar/set_01_pt_04/configs/genconfig_mslp.conf;genconfig_mslp;/dados/rmelo/PDPTW-SE/benchmark_multi_floor_v3/official_experiments/multistartlp/preliminar/set_01_pt_04/logs/heur_mslp/gurobi/40R_40V_02F_05M/LR1_2_6_grb_genconfig_mslp_seed_122_alpha_20p.log;random;40R_40V_02F_05M;1;59131;1;/dados/rmelo/PDPTW-SE/benchmark_multi_floor_v3/official_experiments/multistartlp/preliminar/set_01_pt_04/../../../../instances/orig_ams_fg/40R_40V_02F_06M/t1/LR1_2_6/;60000;59945;0;8158.82;81;41;H;50;95;0;100.0;30.0;true;0.95;100.0;1.0;1.0;1.0;1.0;60;M;869;869;false;72;0.96;184.05;0.97;36;10;1000000;-1;3600;4.28;0.4;0.5;mslp;heur;0.16;0.1;-1;3600;60000;I;40;1.0;0.42;LR1_2_6;0;/dados/rmelo/PDPTW-SE/benchmark_multi_floor_v3/official_experiments/multistartlp/preliminar/set_01_pt_04/logs;0;0;0;98.55;100.0;1;122;/dados/rmelo/PDPTW-SE/benchmark_multi_floor_v3/official_experiments/multistartlp/preliminar/set_01_pt_04/logs/heur_mslp/solutions/40R_40V_02F_05M/LR1_2_6_sol_genconfig_mslp_seed_122_alpha_20p.txt;Gurobi;AUTOMATIC;17.82;_bash_4;_seed_122_alpha_20p;37.23;1;208.49;/dados/rmelo/PDPTW-SE/benchmark_multi_floor_v3/official_experiments/multistartlp/preliminar/set_01_pt_04/logs/heur_mslp/timelines/40R_40V_02F_05M/LR1_2_6_timeline_genconfig_mslp_seed_122_alpha_20p.txt;208.68;t1;0;7797.1;false
0.2;0.01;0.01;0.02;0.03;0.1;10;/dados/rmelo/PDPTW-SE/benchmark_multi_floor_v3/official_experiments/multistartlp/preliminar/set_01_pt_04/logs/heur_mslp/outputs/csvresults_heur_mslp_bash_4.csv;0;5;1;82;1;0.0;0.5;true;42;2;LR2_2_9_t2_40R_40V_02F_05M;/dados/rmelo/PDPTW-SE/benchmark_multi_floor_v3/official_experiments/multistartlp/preliminar/set_01_pt_04/configs/genconfig_mslp.conf;genconfig_mslp;/dados/rmelo/PDPTW-SE/benchmark_multi_floor_v3/official_experiments/multistartlp/preliminar/set_01_pt_04/logs/heur_mslp/gurobi/40R_40V_02F_05M/LR2_2_9_grb_genconfig_mslp_seed_122_alpha_20p.log;random;40R_40V_02F_05M;1;0;1;/dados/rmelo/PDPTW-SE/benchmark_multi_floor_v3/official_experiments/multistartlp/preliminar/set_01_pt_04/../../../../instances/orig_ams_fg/40R_40V_02F_06M/t2/LR2_2_9/;60000;5237;0;11949.66;81;41;H;50;95;0;100.0;30.0;true;0.95;100.0;1.0;1.0;1.0;1.0;60;M;60000;60000;false;74;0.79;179.34;1.0;37;10;1000000;-1;3600;7.3;0.65;0.98;mslp;heur;0.42;0.93;-1;3600;60000;I;40;1.0;0.12;LR2_2_9;0;/dados/rmelo/PDPTW-SE/benchmark_multi_floor_v3/official_experiments/multistartlp/preliminar/set_01_pt_04/logs;0;0;0;0.0;100.0;1;122;/dados/rmelo/PDPTW-SE/benchmark_multi_floor_v3/official_experiments/multistartlp/preliminar/set_01_pt_04/logs/heur_mslp/solutions/40R_40V_02F_05M/LR2_2_9_sol_genconfig_mslp_seed_122_alpha_20p.txt;Gurobi;AUTOMATIC;17.69;_bash_4;_seed_122_alpha_20p;4379.87;1;111.65;/dados/rmelo/PDPTW-SE/benchmark_multi_floor_v3/official_experiments/multistartlp/preliminar/set_01_pt_04/logs/heur_mslp/timelines/40R_40V_02F_05M/LR2_2_9_timeline_genconfig_mslp_seed_122_alpha_20p.txt;1268.17;t2;0;8203.14;false
0.2;0.12;0.15;0.28;0.0;0.02;10;/dados/rmelo/PDPTW-SE/benchmark_multi_floor_v3/official_experiments/multistartlp/preliminar/set_01_pt_04/logs/heur_mslp/outputs/csvresults_heur_mslp_bash_4.csv;0;5;1;82;1;0.0;0.5;true;42;2;LR1_2_10_t1_40R_40V_04F_05M;/dados/rmelo/PDPTW-SE/benchmark_multi_floor_v3/official_experiments/multistartlp/preliminar/set_01_pt_04/configs/genconfig_mslp.conf;genconfig_mslp;/dados/rmelo/PDPTW-SE/benchmark_multi_floor_v3/official_experiments/multistartlp/preliminar/set_01_pt_04/logs/heur_mslp/gurobi/40R_40V_04F_05M/LR1_2_10_grb_genconfig_mslp_seed_122_alpha_20p.log;random;40R_40V_04F_05M;1;59406;1;/dados/rmelo/PDPTW-SE/benchmark_multi_floor_v3/official_experiments/multistartlp/preliminar/set_01_pt_04/../../../../instances/orig_ams_fg/40R_40V_04F_06M/t1/LR1_2_10/;60000;58095;0;8299.85;81;41;H;50;95;0;100.0;30.0;true;0.95;100.0;1.0;1.0;1.0;1.0;60;M;594;594;false;72;0.89;178.35;1.0;36;10;1000000;-1;3600;6.18;0.65;0.54;mslp;heur;0.31;0.07;-1;3600;60000;I;40;1.0;0.45;LR1_2_10;0;/dados/rmelo/PDPTW-SE/benchmark_multi_floor_v3/official_experiments/multistartlp/preliminar/set_01_pt_04/logs;0;0;0;99.01;100.0;1;122;/dados/rmelo/PDPTW-SE/benchmark_multi_floor_v3/official_experiments/multistartlp/preliminar/set_01_pt_04/logs/heur_mslp/solutions/40R_40V_04F_05M/LR1_2_10_sol_genconfig_mslp_seed_122_alpha_20p.txt;Gurobi;AUTOMATIC;17.73;_bash_4;_seed_122_alpha_20p;36.7;1;253.63;/dados/rmelo/PDPTW-SE/benchmark_multi_floor_v3/official_experiments/multistartlp/preliminar/set_01_pt_04/logs/heur_mslp/timelines/40R_40V_04F_05M/LR1_2_10_timeline_genconfig_mslp_seed_122_alpha_20p.txt;262.09;t1;0;7406.11;false
0.2;0.02;0.03;0.05;0.0;0.03;7;/dados/rmelo/PDPTW-SE/benchmark_multi_floor_v3/official_experiments/multistartlp/preliminar/set_01_pt_04/logs/heur_mslp/outputs/csvresults_heur_mslp_bash_4.csv;0;5;1;82;1;0.0;0.5;true;42;2;LR2_2_6_t2_40R_40V_04F_05M;/dados/rmelo/PDPTW-SE/benchmark_multi_floor_v3/official_experiments/multistartlp/preliminar/set_01_pt_04/configs/genconfig_mslp.conf;genconfig_mslp;/dados/rmelo/PDPTW-SE/benchmark_multi_floor_v3/official_experiments/multistartlp/preliminar/set_01_pt_04/logs/heur_mslp/gurobi/40R_40V_04F_05M/LR2_2_6_grb_genconfig_mslp_seed_122_alpha_20p.log;random;40R_40V_04F_05M;1;0;1;/dados/rmelo/PDPTW-SE/benchmark_multi_floor_v3/official_experiments/multistartlp/preliminar/set_01_pt_04/../../../../instances/orig_ams_fg/40R_40V_04F_06M/t2/LR2_2_6/;60000;10663;0;10482.65;81;41;H;50;95;0;100.0;30.0;true;0.95;100.0;1.0;1.0;1.0;1.0;60;M;60000;60000;false;80;0.92;192.66;0.99;40;10;1000000;-1;3600;3.28;0.79;0.93;mslp;heur;0.57;0.85;-1;3600;60000;I;40;1.0;0.1;LR2_2_6;0;/dados/rmelo/PDPTW-SE/benchmark_multi_floor_v3/official_experiments/multistartlp/preliminar/set_01_pt_04/logs;0;0;0;0.0;100.0;1;122;/dados/rmelo/PDPTW-SE/benchmark_multi_floor_v3/official_experiments/multistartlp/preliminar/set_01_pt_04/logs/heur_mslp/solutions/40R_40V_04F_05M/LR2_2_6_sol_genconfig_mslp_seed_122_alpha_20p.txt;Gurobi;AUTOMATIC;17.42;_bash_4;_seed_122_alpha_20p;1968.84;1;452.11;/dados/rmelo/PDPTW-SE/benchmark_multi_floor_v3/official_experiments/multistartlp/preliminar/set_01_pt_04/logs/heur_mslp/timelines/40R_40V_04F_05M/LR2_2_6_timeline_genconfig_mslp_seed_122_alpha_20p.txt;2536.86;t2;0;7980.78;false
0.2;0.04;0.08;0.12;0.01;0.06;7;/dados/rmelo/PDPTW-SE/benchmark_multi_floor_v3/official_experiments/multistartlp/preliminar/set_01_pt_04/logs/heur_mslp/outputs/csvresults_heur_mslp_bash_4.csv;0;5;1;122;1;0.0;0.5;true;62;2;LR1_2_6_t1_60R_60V_02F_05M;/dados/rmelo/PDPTW-SE/benchmark_multi_floor_v3/official_experiments/multistartlp/preliminar/set_01_pt_04/configs/genconfig_mslp.conf;genconfig_mslp;/dados/rmelo/PDPTW-SE/benchmark_multi_floor_v3/official_experiments/multistartlp/preliminar/set_01_pt_04/logs/heur_mslp/gurobi/60R_60V_02F_05M/LR1_2_6_grb_genconfig_mslp_seed_122_alpha_20p.log;random;60R_60V_02F_05M;1;58113;1;/dados/rmelo/PDPTW-SE/benchmark_multi_floor_v3/official_experiments/multistartlp/preliminar/set_01_pt_04/../../../../instances/orig_ams_fg/60R_60V_02F_06M/t1/LR1_2_6/;60000;45615;0;12089.97;121;61;H;50;95;0;100.0;30.0;true;0.95;100.0;1.0;1.0;1.0;1.0;60;M;1887;1887;false;82;0.96;191.73;1.0;41;10;1000000;-1;3600;4.9;0.72;0.52;mslp;heur;0.46;0.17;-1;3600;60000;I;60;1.0;0.37;LR1_2_6;0;/dados/rmelo/PDPTW-SE/benchmark_multi_floor_v3/official_experiments/multistartlp/preliminar/set_01_pt_04/logs;0;0;0;96.86;100.0;1;122;/dados/rmelo/PDPTW-SE/benchmark_multi_floor_v3/official_experiments/multistartlp/preliminar/set_01_pt_04/logs/heur_mslp/solutions/60R_60V_02F_05M/LR1_2_6_sol_genconfig_mslp_seed_122_alpha_20p.txt;Gurobi;AUTOMATIC;17.56;_bash_4;_seed_122_alpha_20p;92.47;1;362.11;/dados/rmelo/PDPTW-SE/benchmark_multi_floor_v3/official_experiments/multistartlp/preliminar/set_01_pt_04/logs/heur_mslp/timelines/60R_60V_02F_05M/LR1_2_6_timeline_genconfig_mslp_seed_122_alpha_20p.txt;475.91;t1;0;10062.66;false
0.2;0.01;0.02;0.03;0.01;0.02;4;/dados/rmelo/PDPTW-SE/benchmark_multi_floor_v3/official_experiments/multistartlp/preliminar/set_01_pt_04/logs/heur_mslp/outputs/csvresults_heur_mslp_bash_4.csv;0;5;1;122;1;0.0;0.5;true;62;2;LR2_2_6_t2_60R_60V_02F_05M;/dados/rmelo/PDPTW-SE/benchmark_multi_floor_v3/official_experiments/multistartlp/preliminar/set_01_pt_04/configs/genconfig_mslp.conf;genconfig_mslp;/dados/rmelo/PDPTW-SE/benchmark_multi_floor_v3/official_experiments/multistartlp/preliminar/set_01_pt_04/logs/heur_mslp/gurobi/60R_60V_02F_05M/LR2_2_6_grb_genconfig_mslp_seed_122_alpha_20p.log;random;60R_60V_02F_05M;1;0;1;/dados/rmelo/PDPTW-SE/benchmark_multi_floor_v3/official_experiments/multistartlp/preliminar/set_01_pt_04/../../../../instances/orig_ams_fg/60R_60V_02F_06M/t2/LR2_2_6/;55045;15670;0;13844.89;121;61;H;50;95;0;100.0;30.0;true;0.95;100.0;1.0;1.0;1.0;1.0;60;M;55045;55045;false;80;0.86;185.63;0.98;40;10;1000000;-1;3600;5.36;0.72;0.86;mslp;heur;0.24;0.45;-1;3600;60000;I;60;1.0;0.1;LR2_2_6;0;/dados/rmelo/PDPTW-SE/benchmark_multi_floor_v3/official_experiments/multistartlp/preliminar/set_01_pt_04/logs;0;0;0;0.0;100.0;1;122;/dados/rmelo/PDPTW-SE/benchmark_multi_floor_v3/official_experiments/multistartlp/preliminar/set_01_pt_04/logs/heur_mslp/solutions/60R_60V_02F_05M/LR2_2_6_sol_genconfig_mslp_seed_122_alpha_20p.txt;Gurobi;AUTOMATIC;18.07;_bash_4;_seed_122_alpha_20p;2948.81;1;1029.33;/dados/rmelo/PDPTW-SE/benchmark_multi_floor_v3/official_experiments/multistartlp/preliminar/set_01_pt_04/logs/heur_mslp/timelines/60R_60V_02F_05M/LR2_2_6_timeline_genconfig_mslp_seed_122_alpha_20p.txt;3600.03;t2;0;10890.59;false
0.2;0.14;0.2;0.34;0.0;0.07;7;/dados/rmelo/PDPTW-SE/benchmark_multi_floor_v3/official_experiments/multistartlp/preliminar/set_01_pt_04/logs/heur_mslp/outputs/csvresults_heur_mslp_bash_4.csv;0;5;1;122;1;0.0;0.5;true;62;2;LR1_2_9_t1_60R_60V_04F_05M;/dados/rmelo/PDPTW-SE/benchmark_multi_floor_v3/official_experiments/multistartlp/preliminar/set_01_pt_04/configs/genconfig_mslp.conf;genconfig_mslp;/dados/rmelo/PDPTW-SE/benchmark_multi_floor_v3/official_experiments/multistartlp/preliminar/set_01_pt_04/logs/heur_mslp/gurobi/60R_60V_04F_05M/LR1_2_9_grb_genconfig_mslp_seed_122_alpha_20p.log;random;60R_60V_04F_05M;1;59945;1;/dados/rmelo/PDPTW-SE/benchmark_multi_floor_v3/official_experiments/multistartlp/preliminar/set_01_pt_04/../../../../instances/orig_ams_fg/60R_60V_04F_06M/t1/LR1_2_9/;60000;55378;0;14505.82;121;61;H;50;95;0;100.0;30.0;true;0.95;100.0;1.0;1.0;1.0;1.0;60;M;55;55;false;86;0.98;198.99;0.96;43;10;1000000;-1;3600;7.77;0.64;0.46;mslp;heur;0.26;0.05;-1;3600;60000;I;60;1.0;0.47;LR1_2_9;0;/dados/rmelo/PDPTW-SE/benchmark_multi_floor_v3/official_experiments/multistartlp/preliminar/set_01_pt_04/logs;0;0;0;99.91;100.0;1;122;/dados/rmelo/PDPTW-SE/benchmark_multi_floor_v3/official_experiments/multistartlp/preliminar/set_01_pt_04/logs/heur_mslp/solutions/60R_60V_04F_05M/LR1_2_9_sol_genconfig_mslp_seed_122_alpha_20p.txt;Gurobi;AUTOMATIC;17.92;_bash_4;_seed_122_alpha_20p;4.28;1;467.72;/dados/rmelo/PDPTW-SE/benchmark_multi_floor_v3/official_experiments/multistartlp/preliminar/set_01_pt_04/logs/heur_mslp/timelines/60R_60V_04F_05M/LR1_2_9_timeline_genconfig_mslp_seed_122_alpha_20p.txt;506.94;t1;0;12342.33;false
0.2;0.03;0.05;0.07;0.0;0.0;1;/dados/rmelo/PDPTW-SE/benchmark_multi_floor_v3/official_experiments/multistartlp/preliminar/set_01_pt_04/logs/heur_mslp/outputs/csvresults_heur_mslp_bash_4.csv;0;5;1;122;1;0.0;0.5;true;62;2;LR2_2_7_t2_60R_60V_04F_05M;/dados/rmelo/PDPTW-SE/benchmark_multi_floor_v3/official_experiments/multistartlp/preliminar/set_01_pt_04/configs/genconfig_mslp.conf;genconfig_mslp;/dados/rmelo/PDPTW-SE/benchmark_multi_floor_v3/official_experiments/multistartlp/preliminar/set_01_pt_04/logs/heur_mslp/gurobi/60R_60V_04F_05M/LR2_2_7_grb_genconfig_mslp_seed_122_alpha_20p.log;random;60R_60V_04F_05M;1;7833;1;/dados/rmelo/PDPTW-SE/benchmark_multi_floor_v3/official_experiments/multistartlp/preliminar/set_01_pt_04/../../../../instances/orig_ams_fg/60R_60V_04F_06M/t2/LR2_2_7/;31624;1;0;13416.18;121;61;H;50;95;0;100.0;30.0;true;0.95;100.0;1.0;1.0;1.0;1.0;60;M;23791;23791;false;78;0.89;195.28;1.0;39;10;1000000;-1;3600;1.58;0.71;0.92;mslp;heur;0.18;0.68;-1;3600;60000;I;60;1.0;0.1;LR2_2_7;0;/dados/rmelo/PDPTW-SE/benchmark_multi_floor_v3/official_experiments/multistartlp/preliminar/set_01_pt_04/logs;0;0;0;24.77;100.0;1;122;/dados/rmelo/PDPTW-SE/benchmark_multi_floor_v3/official_experiments/multistartlp/preliminar/set_01_pt_04/logs/heur_mslp/solutions/60R_60V_04F_05M/LR2_2_7_sol_genconfig_mslp_seed_122_alpha_20p.txt;Gurobi;AUTOMATIC;17.54;_bash_4;_seed_122_alpha_20p;375.14;1;0.15;/dados/rmelo/PDPTW-SE/benchmark_multi_floor_v3/official_experiments/multistartlp/preliminar/set_01_pt_04/logs/heur_mslp/timelines/60R_60V_04F_05M/LR2_2_7_timeline_genconfig_mslp_seed_122_alpha_20p.txt;3600.05;t2;0;10775.82;false
0.2;0.01;0.06;0.07;0.0;0.0;2;/dados/rmelo/PDPTW-SE/benchmark_multi_floor_v3/official_experiments/multistartlp/preliminar/set_01_pt_04/logs/heur_mslp/outputs/csvresults_heur_mslp_bash_4.csv;0;3;1;18;1;0.0;0.5;true;10;2;lr107_t1_08R_08V_02F_03M;/dados/rmelo/PDPTW-SE/benchmark_multi_floor_v3/official_experiments/multistartlp/preliminar/set_01_pt_04/configs/genconfig_mslp.conf;genconfig_mslp;/dados/rmelo/PDPTW-SE/benchmark_multi_floor_v3/official_experiments/multistartlp/preliminar/set_01_pt_04/logs/heur_mslp/gurobi/08R_08V_02F_03M/lr107_grb_genconfig_mslp_seed_129_alpha_20p.log;random;08R_08V_02F_03M;1;0;1;/dados/rmelo/PDPTW-SE/benchmark_multi_floor_v3/official_experiments/multistartlp/preliminar/set_01_pt_04/../../../../instances/orig_ams_fg/08R_08V_02F_04M/t1/lr107/;60000;3;0;1033.08;17;9;H;50;95;0;100.0;30.0;true;0.95;100.0;1.0;1.0;1.0;1.0;60;M;60000;60000;false;40;0.94;80.43;0.88;20;10;1000000;-1;3600;15.76;0.73;0.61;mslp;heur;0.47;0.36;-1;3600;60000;I;8;1.0;0.62;lr107;0;/dados/rmelo/PDPTW-SE/benchmark_multi_floor_v3/official_experiments/multistartlp/preliminar/set_01_pt_04/logs;0;0;0;0.0;100.0;1;129;/dados/rmelo/PDPTW-SE/benchmark_multi_floor_v3/official_experiments/multistartlp/preliminar/set_01_pt_04/logs/heur_mslp/solutions/08R_08V_02F_03M/lr107_sol_genconfig_mslp_seed_129_alpha_20p.txt;Gurobi;AUTOMATIC;17.42;_bash_4;_seed_129_alpha_20p;9453.8;1;0.28;/dados/rmelo/PDPTW-SE/benchmark_multi_floor_v3/official_experiments/multistartlp/preliminar/set_01_pt_04/logs/heur_mslp/timelines/08R_08V_02F_03M/lr107_timeline_genconfig_mslp_seed_129_alpha_20p.txt;98.96;t1;0;843.14;false
0.2;0.0;0.01;0.02;0.0;0.0;5;/dados/rmelo/PDPTW-SE/benchmark_multi_floor_v3/official_experiments/multistartlp/preliminar/set_01_pt_04/logs/heur_mslp/outputs/csvresults_heur_mslp_bash_4.csv;0;3;1;18;1;0.0;0.5;true;10;2;lr210_t2_08R_08V_02F_03M;/dados/rmelo/PDPTW-SE/benchmark_multi_floor_v3/official_experiments/multistartlp/preliminar/set_01_pt_04/configs/genconfig_mslp.conf;genconfig_mslp;/dados/rmelo/PDPTW-SE/benchmark_multi_floor_v3/official_experiments/multistartlp/preliminar/set_01_pt_04/logs/heur_mslp/gurobi/08R_08V_02F_03M/lr210_grb_genconfig_mslp_seed_129_alpha_20p.log;random;08R_08V_02F_03M;1;769;1;/dados/rmelo/PDPTW-SE/benchmark_multi_floor_v3/official_experiments/multistartlp/preliminar/set_01_pt_04/../../../../instances/orig_ams_fg/08R_08V_02F_04M/t2/lr210/;60000;3572;0;914.5;17;9;H;50;95;0;100.0;30.0;true;0.95;100.0;1.0;1.0;1.0;1.0;60;M;59231;59231;false;58;0.72;75.46;1.0;29;10;1000000;-1;3600;30.85;0.72;1.0;mslp;heur;0.72;1.0;-1;3600;60000;I;8;1.0;0.12;lr210;0;/dados/rmelo/PDPTW-SE/benchmark_multi_floor_v3/official_experiments/multistartlp/preliminar/set_01_pt_04/logs;0;0;0;1.28;100.0;1;129;/dados/rmelo/PDPTW-SE/benchmark_multi_floor_v3/official_experiments/multistartlp/preliminar/set_01_pt_04/logs/heur_mslp/solutions/08R_08V_02F_03M/lr210_sol_genconfig_mslp_seed_129_alpha_20p.txt;Gurobi;AUTOMATIC;17.62;_bash_4;_seed_129_alpha_20p;18272.3;1;7.4;/dados/rmelo/PDPTW-SE/benchmark_multi_floor_v3/official_experiments/multistartlp/preliminar/set_01_pt_04/logs/heur_mslp/timelines/08R_08V_02F_03M/lr210_timeline_genconfig_mslp_seed_129_alpha_20p.txt;121.4;t2;0;719.78;false
0.2;0.1;0.19;0.29;0.0;0.05;7;/dados/rmelo/PDPTW-SE/benchmark_multi_floor_v3/official_experiments/multistartlp/preliminar/set_01_pt_04/logs/heur_mslp/outputs/csvresults_heur_mslp_bash_4.csv;0;3;1;18;1;0.0;0.5;true;10;2;lr106_t1_08R_08V_04F_03M;/dados/rmelo/PDPTW-SE/benchmark_multi_floor_v3/official_experiments/multistartlp/preliminar/set_01_pt_04/configs/genconfig_mslp.conf;genconfig_mslp;/dados/rmelo/PDPTW-SE/benchmark_multi_floor_v3/official_experiments/multistartlp/preliminar/set_01_pt_04/logs/heur_mslp/gurobi/08R_08V_04F_03M/lr106_grb_genconfig_mslp_seed_129_alpha_20p.log;random;08R_08V_04F_03M;1;17161;1;/dados/rmelo/PDPTW-SE/benchmark_multi_floor_v3/official_experiments/multistartlp/preliminar/set_01_pt_04/../../../../instances/orig_ams_fg/08R_08V_04F_04M/t1/lr106/;60000;2227;0;1299.6;17;9;H;50;95;0;100.0;30.0;true;0.95;100.0;1.0;1.0;1.0;1.0;60;M;42839;42839;false;52;0.82;85.78;0.81;26;10;1000000;-1;3600;19.16;0.62;0.36;mslp;heur;0.35;0.07;-1;3600;60000;I;8;1.0;0.88;lr106;0;/dados/rmelo/PDPTW-SE/benchmark_multi_floor_v3/official_experiments/multistartlp/preliminar/set_01_pt_04/logs;0;0;0;28.6;100.0;1;129;/dados/rmelo/PDPTW-SE/benchmark_multi_floor_v3/official_experiments/multistartlp/preliminar/set_01_pt_04/logs/heur_mslp/solutions/08R_08V_04F_03M/lr106_sol_genconfig_mslp_seed_129_alpha_20p.txt;Gurobi;AUTOMATIC;17.68;_bash_4;_seed_129_alpha_20p;8207.36;1;4.14;/dados/rmelo/PDPTW-SE/benchmark_multi_floor_v3/official_experiments/multistartlp/preliminar/set_01_pt_04/logs/heur_mslp/timelines/08R_08V_04F_03M/lr106_timeline_genconfig_mslp_seed_129_alpha_20p.txt;96.31;t1;0;1010.71;false
0.2;0.01;0.03;0.04;0.0;0.0;9;/dados/rmelo/PDPTW-SE/benchmark_multi_floor_v3/official_experiments/multistartlp/preliminar/set_01_pt_04/logs/heur_mslp/outputs/csvresults_heur_mslp_bash_4.csv;0;3;1;18;1;0.0;0.5;true;10;2;lr209_t2_08R_08V_04F_03M;/dados/rmelo/PDPTW-SE/benchmark_multi_floor_v3/official_experiments/multistartlp/preliminar/set_01_pt_04/configs/genconfig_mslp.conf;genconfig_mslp;/dados/rmelo/PDPTW-SE/benchmark_multi_floor_v3/official_experiments/multistartlp/preliminar/set_01_pt_04/logs/heur_mslp/gurobi/08R_08V_04F_03M/lr209_grb_genconfig_mslp_seed_129_alpha_20p.log;random;08R_08V_04F_03M;1;0;1;/dados/rmelo/PDPTW-SE/benchmark_multi_floor_v3/official_experiments/multistartlp/preliminar/set_01_pt_04/../../../../instances/orig_ams_fg/08R_08V_04F_04M/t2/lr209/;60000;597;0;1448.79;17;9;H;50;95;0;100.0;30.0;true;0.95;100.0;1.0;1.0;1.0;1.0;60;M;54433;60000;false;46;0.68;79.88;0.93;23;10;1000000;-1;3600;20.96;0.42;0.77;mslp;heur;0.16;0.61;-1;3600;60000;I;8;0.67;0.25;lr209;0;/dados/rmelo/PDPTW-SE/benchmark_multi_floor_v3/official_experiments/multistartlp/preliminar/set_01_pt_04/logs;0;0;0;0.0;90.72;1;129;/dados/rmelo/PDPTW-SE/benchmark_multi_floor_v3/official_experiments/multistartlp/preliminar/set_01_pt_04/logs/heur_mslp/solutions/08R_08V_04F_03M/lr209_sol_genconfig_mslp_seed_129_alpha_20p.txt;Gurobi;AUTOMATIC;17.78;_bash_4;_seed_129_alpha_20p;12573.8;1;1.84;/dados/rmelo/PDPTW-SE/benchmark_multi_floor_v3/official_experiments/multistartlp/preliminar/set_01_pt_04/logs/heur_mslp/timelines/08R_08V_04F_03M/lr209_timeline_genconfig_mslp_seed_129_alpha_20p.txt;150.05;t2;0;838.87;false
0.2;0.04;0.07;0.11;0.0;0.0;15;/dados/rmelo/PDPTW-SE/benchmark_multi_floor_v3/official_experiments/multistartlp/preliminar/set_01_pt_04/logs/heur_mslp/outputs/csvresults_heur_mslp_bash_4.csv;0;3;1;26;1;0.0;0.5;true;14;2;lr109_t1_12R_12V_02F_03M;/dados/rmelo/PDPTW-SE/benchmark_multi_floor_v3/official_experiments/multistartlp/preliminar/set_01_pt_04/configs/genconfig_mslp.conf;genconfig_mslp;/dados/rmelo/PDPTW-SE/benchmark_multi_floor_v3/official_experiments/multistartlp/preliminar/set_01_pt_04/logs/heur_mslp/gurobi/12R_12V_02F_03M/lr109_grb_genconfig_mslp_seed_129_alpha_20p.log;random;12R_12V_02F_03M;1;14836;1;/dados/rmelo/PDPTW-SE/benchmark_multi_floor_v3/official_experiments/multistartlp/preliminar/set_01_pt_04/../../../../instances/orig_ams_fg/12R_12V_02F_04M/t1/lr109/;60000;11659;0;1251.31;25;13;H;50;95;0;100.0;30.0;true;0.95;100.0;1.0;1.0;1.0;1.0;60;M;45164;45164;false;58;0.88;78.59;0.62;29;10;1000000;-1;3600;9.51;0.73;0.46;mslp;heur;0.56;0.25;-1;3600;60000;I;12;1.0;0.5;lr109;0;/dados/rmelo/PDPTW-SE/benchmark_multi_floor_v3/official_experiments/multistartlp/preliminar/set_01_pt_04/logs;0;0;0;24.73;100.0;1;129;/dados/rmelo/PDPTW-SE/benchmark_multi_floor_v3/official_experiments/multistartlp/preliminar/set_01_pt_04/logs/heur_mslp/solutions/12R_12V_02F_03M/lr109_sol_genconfig_mslp_seed_129_alpha_20p.txt;Gurobi;AUTOMATIC;17.6;_bash_4;_seed_129_alpha_20p;4295.9;1;22.27;/dados/rmelo/PDPTW-SE/benchmark_multi_floor_v3/official_experiments/multistartlp/preliminar/set_01_pt_04/logs/heur_mslp/timelines/12R_12V_02F_03M/lr109_timeline_genconfig_mslp_seed_129_alpha_20p.txt;113.52;t1;0;1008.76;false
0.2;0.0;0.02;0.02;0.0;0.0;12;/dados/rmelo/PDPTW-SE/benchmark_multi_floor_v3/official_experiments/multistartlp/preliminar/set_01_pt_04/logs/heur_mslp/outputs/csvresults_heur_mslp_bash_4.csv;0;3;1;26;1;0.0;0.5;true;14;2;lr207_t2_12R_12V_02F_03M;/dados/rmelo/PDPTW-SE/benchmark_multi_floor_v3/official_experiments/multistartlp/preliminar/set_01_pt_04/configs/genconfig_mslp.conf;genconfig_mslp;/dados/rmelo/PDPTW-SE/benchmark_multi_floor_v3/official_experiments/multistartlp/preliminar/set_01_pt_04/logs/heur_mslp/gurobi/12R_12V_02F_03M/lr207_grb_genconfig_mslp_seed_129_alpha_20p.log;random;12R_12V_02F_03M;1;0;1;/dados/rmelo/PDPTW-SE/benchmark_multi_floor_v3/official_experiments/multistartlp/preliminar/set_01_pt_04/../../../../instances/orig_ams_fg/12R_12V_02F_04M/t2/lr207/;60000;40114;0;1849.59;25;13;H;50;95;0;100.0;30.0;true;0.95;100.0;1.0;1.0;1.0;1.0;60;M;59988;60000;false;40;0.78;83.45;0.97;20;10;1000000;-1;3600;13.97;0.55;0.95;mslp;heur;0.32;0.92;-1;3600;60000;I;12;0.67;0.17;lr207;0;/dados/rmelo/PDPTW-SE/benchmark_multi_floor_v3/official_experiments/multistartlp/preliminar/set_01_pt_04/logs;0;0;0;0.0;99.98;1;129;/dados/rmelo/PDPTW-SE/benchmark_multi_floor_v3/official_experiments/multistartlp/preliminar/set_01_pt_04/logs/heur_mslp/solutions/12R_12V_02F_03M/lr207_sol_genconfig_mslp_seed_129_alpha_20p.txt;Gurobi;AUTOMATIC;17.73;_bash_4;_seed_129_alpha_20p;8384.32;1;155.12;/dados/rmelo/PDPTW-SE/benchmark_multi_floor_v3/official_experiments/multistartlp/preliminar/set_01_pt_04/logs/heur_mslp/timelines/12R_12V_02F_03M/lr207_timeline_genconfig_mslp_seed_129_alpha_20p.txt;231.45;t2;0;1102.5;false
0.2;0.2;0.29;0.49;0.0;0.02;13;/dados/rmelo/PDPTW-SE/benchmark_multi_floor_v3/official_experiments/multistartlp/preliminar/set_01_pt_04/logs/heur_mslp/outputs/csvresults_heur_mslp_bash_4.csv;0;3;1;26;1;0.0;0.5;true;14;2;lr106_t1_12R_12V_04F_03M;/dados/rmelo/PDPTW-SE/benchmark_multi_floor_v3/official_experiments/multistartlp/preliminar/set_01_pt_04/configs/genconfig_mslp.conf;genconfig_mslp;/dados/rmelo/PDPTW-SE/benchmark_multi_floor_v3/official_experiments/multistartlp/preliminar/set_01_pt_04/logs/heur_mslp/gurobi/12R_12V_04F_03M/lr106_grb_genconfig_mslp_seed_129_alpha_20p.log;random;12R_12V_04F_03M;1;41733;1;/dados/rmelo/PDPTW-SE/benchmark_multi_floor_v3/official_experiments/multistartlp/preliminar/set_01_pt_04/../../../../instances/orig_ams_fg/12R_12V_04F_04M/t1/lr106/;60000;18996;0;1708.04;25;13;H;50;95;0;100.0;30.0;true;0.95;100.0;1.0;1.0;1.0;1.0;60;M;18267;18267;false;52;0.99;86.16;1.0;26;10;1000000;-1;3600;11.52;0.68;0.4;mslp;heur;0.41;0.17;-1;3600;60000;I;12;1.0;0.75;lr106;0;/dados/rmelo/PDPTW-SE/benchmark_multi_floor_v3/official_experiments/multistartlp/preliminar/set_01_pt_04/logs;0;0;0;69.56;100.0;1;129;/dados/rmelo/PDPTW-SE/benchmark_multi_floor_v3/official_experiments/multistartlp/preliminar/set_01_pt_04/logs/heur_mslp/solutions/12R_12V_04F_03M/lr106_sol_genconfig_mslp_seed_129_alpha_20p.txt;Gurobi;AUTOMATIC;17.73;_bash_4;_seed_129_alpha_20p;2105.11;1;24.76;/dados/rmelo/PDPTW-SE/benchmark_multi_floor_v3/official_experiments/multistartlp/preliminar/set_01_pt_04/logs/heur_mslp/timelines/12R_12V_04F_03M/lr106_timeline_genconfig_mslp_seed_129_alpha_20p.txt;76.98;t1;0;1416.31;false
0.2;0.02;0.03;0.05;0.0;0.01;11;/dados/rmelo/PDPTW-SE/benchmark_multi_floor_v3/official_experiments/multistartlp/preliminar/set_01_pt_04/logs/heur_mslp/outputs/csvresults_heur_mslp_bash_4.csv;0;3;1;26;1;0.0;0.5;true;14;2;lr209_t2_12R_12V_04F_03M;/dados/rmelo/PDPTW-SE/benchmark_multi_floor_v3/official_experiments/multistartlp/preliminar/set_01_pt_04/configs/genconfig_mslp.conf;genconfig_mslp;/dados/rmelo/PDPTW-SE/benchmark_multi_floor_v3/official_experiments/multistartlp/preliminar/set_01_pt_04/logs/heur_mslp/gurobi/12R_12V_04F_03M/lr209_grb_genconfig_mslp_seed_129_alpha_20p.log;random;12R_12V_04F_03M;1;0;1;/dados/rmelo/PDPTW-SE/benchmark_multi_floor_v3/official_experiments/multistartlp/preliminar/set_01_pt_04/../../../../instances/orig_ams_fg/12R_12V_04F_04M/t2/lr209/;60000;30245;0;2152.07;25;13;H;50;95;0;100.0;30.0;true;0.95;100.0;1.0;1.0;1.0;1.0;60;M;60000;60000;false;46;0.71;91.85;0.96;23;10;1000000;-1;3600;14.73;0.6;0.91;mslp;heur;0.49;0.87;-1;3600;60000;I;12;1.0;0.17;lr209;0;/dados/rmelo/PDPTW-SE/benchmark_multi_floor_v3/official_experiments/multistartlp/preliminar/set_01_pt_04/logs;0;0;0;0.0;100.0;1;129;/dados/rmelo/PDPTW-SE/benchmark_multi_floor_v3/official_experiments/multistartlp/preliminar/set_01_pt_04/logs/heur_mslp/solutions/12R_12V_04F_03M/lr209_sol_genconfig_mslp_seed_129_alpha_20p.txt;Gurobi;AUTOMATIC;17.7;_bash_4;_seed_129_alpha_20p;8835.5;1;118.19;/dados/rmelo/PDPTW-SE/benchmark_multi_floor_v3/official_experiments/multistartlp/preliminar/set_01_pt_04/logs/heur_mslp/timelines/12R_12V_04F_03M/lr209_timeline_genconfig_mslp_seed_129_alpha_20p.txt;234.72;t2;0;1203.68;false
0.2;0.01;0.04;0.05;0.0;0.07;1;/dados/rmelo/PDPTW-SE/benchmark_multi_floor_v3/official_experiments/multistartlp/preliminar/set_01_pt_04/logs/heur_mslp/outputs/csvresults_heur_mslp_bash_4.csv;0;5;1;82;1;0.0;0.5;true;42;2;LR1_2_6_t1_40R_40V_02F_05M;/dados/rmelo/PDPTW-SE/benchmark_multi_floor_v3/official_experiments/multistartlp/preliminar/set_01_pt_04/configs/genconfig_mslp.conf;genconfig_mslp;/dados/rmelo/PDPTW-SE/benchmark_multi_floor_v3/official_experiments/multistartlp/preliminar/set_01_pt_04/logs/heur_mslp/gurobi/40R_40V_02F_05M/LR1_2_6_grb_genconfig_mslp_seed_129_alpha_20p.log;random;40R_40V_02F_05M;1;59140;1;/dados/rmelo/PDPTW-SE/benchmark_multi_floor_v3/official_experiments/multistartlp/preliminar/set_01_pt_04/../../../../instances/orig_ams_fg/40R_40V_02F_06M/t1/LR1_2_6/;60000;1;0;9220.35;81;41;H;50;95;0;100.0;30.0;true;0.95;100.0;1.0;1.0;1.0;1.0;60;M;860;860;false;72;0.97;184.05;1.0;36;10;1000000;-1;3600;4.35;0.43;0.51;mslp;heur;0.22;0.08;-1;3600;60000;I;40;1.0;0.4;LR1_2_6;0;/dados/rmelo/PDPTW-SE/benchmark_multi_floor_v3/official_experiments/multistartlp/preliminar/set_01_pt_04/logs;0;0;0;98.57;100.0;1;129;/dados/rmelo/PDPTW-SE/benchmark_multi_floor_v3/official_experiments/multistartlp/preliminar/set_01_pt_04/logs/heur_mslp/solutions/40R_40V_02F_05M/LR1_2_6_sol_genconfig_mslp_seed_129_alpha_20p.txt;Gurobi;AUTOMATIC;17.85;_bash_4;_seed_129_alpha_20p;37.38;1;0.01;/dados/rmelo/PDPTW-SE/benchmark_multi_floor_v3/official_experiments/multistartlp/preliminar/set_01_pt_04/logs/heur_mslp/timelines/40R_40V_02F_05M/LR1_2_6_timeline_genconfig_mslp_seed_129_alpha_20p.txt;207.83;t1;0;7959.42;false
0.2;0.01;0.01;0.02;0.02;0.05;9;/dados/rmelo/PDPTW-SE/benchmark_multi_floor_v3/official_experiments/multistartlp/preliminar/set_01_pt_04/logs/heur_mslp/outputs/csvresults_heur_mslp_bash_4.csv;0;5;1;82;1;0.0;0.5;true;42;2;LR2_2_9_t2_40R_40V_02F_05M;/dados/rmelo/PDPTW-SE/benchmark_multi_floor_v3/official_experiments/multistartlp/preliminar/set_01_pt_04/configs/genconfig_mslp.conf;genconfig_mslp;/dados/rmelo/PDPTW-SE/benchmark_multi_floor_v3/official_experiments/multistartlp/preliminar/set_01_pt_04/logs/heur_mslp/gurobi/40R_40V_02F_05M/LR2_2_9_grb_genconfig_mslp_seed_129_alpha_20p.log;random;40R_40V_02F_05M;1;0;1;/dados/rmelo/PDPTW-SE/benchmark_multi_floor_v3/official_experiments/multistartlp/preliminar/set_01_pt_04/../../../../instances/orig_ams_fg/40R_40V_02F_06M/t2/LR2_2_9/;60000;40815;0;10834.52;81;41;H;50;95;0;100.0;30.0;true;0.95;100.0;1.0;1.0;1.0;1.0;60;M;60000;60000;false;74;0.77;179.34;1.0;37;10;1000000;-1;3600;7.3;0.64;0.95;mslp;heur;0.3;0.86;-1;3600;60000;I;40;1.0;0.12;LR2_2_9;0;/dados/rmelo/PDPTW-SE/benchmark_multi_floor_v3/official_experiments/multistartlp/preliminar/set_01_pt_04/logs;0;0;0;0.0;100.0;1;129;/dados/rmelo/PDPTW-SE/benchmark_multi_floor_v3/official_experiments/multistartlp/preliminar/set_01_pt_04/logs/heur_mslp/solutions/40R_40V_02F_05M/LR2_2_9_sol_genconfig_mslp_seed_129_alpha_20p.txt;Gurobi;AUTOMATIC;17.54;_bash_4;_seed_129_alpha_20p;4378.96;1;860.86;/dados/rmelo/PDPTW-SE/benchmark_multi_floor_v3/official_experiments/multistartlp/preliminar/set_01_pt_04/logs/heur_mslp/timelines/40R_40V_02F_05M/LR2_2_9_timeline_genconfig_mslp_seed_129_alpha_20p.txt;1263.83;t2;0;8123.15;false
0.2;0.11;0.15;0.26;0.0;0.03;8;/dados/rmelo/PDPTW-SE/benchmark_multi_floor_v3/official_experiments/multistartlp/preliminar/set_01_pt_04/logs/heur_mslp/outputs/csvresults_heur_mslp_bash_4.csv;0;5;1;82;1;0.0;0.5;true;42;2;LR1_2_10_t1_40R_40V_04F_05M;/dados/rmelo/PDPTW-SE/benchmark_multi_floor_v3/official_experiments/multistartlp/preliminar/set_01_pt_04/configs/genconfig_mslp.conf;genconfig_mslp;/dados/rmelo/PDPTW-SE/benchmark_multi_floor_v3/official_experiments/multistartlp/preliminar/set_01_pt_04/logs/heur_mslp/gurobi/40R_40V_04F_05M/LR1_2_10_grb_genconfig_mslp_seed_129_alpha_20p.log;random;40R_40V_04F_05M;1;59455;1;/dados/rmelo/PDPTW-SE/benchmark_multi_floor_v3/official_experiments/multistartlp/preliminar/set_01_pt_04/../../../../instances/orig_ams_fg/40R_40V_04F_06M/t1/LR1_2_10/;60000;49499;0;8943.27;81;41;H;50;95;0;100.0;30.0;true;0.95;100.0;1.0;1.0;1.0;1.0;60;M;545;545;false;72;0.96;178.35;0.9;36;10;1000000;-1;3600;6.3;0.69;0.51;mslp;heur;0.3;0.21;-1;3600;60000;I;40;1.0;0.42;LR1_2_10;0;/dados/rmelo/PDPTW-SE/benchmark_multi_floor_v3/official_experiments/multistartlp/preliminar/set_01_pt_04/logs;0;0;0;99.09;100.0;1;129;/dados/rmelo/PDPTW-SE/benchmark_multi_floor_v3/official_experiments/multistartlp/preliminar/set_01_pt_04/logs/heur_mslp/solutions/40R_40V_04F_05M/LR1_2_10_sol_genconfig_mslp_seed_129_alpha_20p.txt;Gurobi;AUTOMATIC;17.62;_bash_4;_seed_129_alpha_20p;34.33;1;214.48;/dados/rmelo/PDPTW-SE/benchmark_multi_floor_v3/official_experiments/multistartlp/preliminar/set_01_pt_04/logs/heur_mslp/timelines/40R_40V_04F_05M/LR1_2_10_timeline_genconfig_mslp_seed_129_alpha_20p.txt;259.62;t1;0;7481.82;false
0.2;0.02;0.04;0.06;0.0;0.06;13;/dados/rmelo/PDPTW-SE/benchmark_multi_floor_v3/official_experiments/multistartlp/preliminar/set_01_pt_04/logs/heur_mslp/outputs/csvresults_heur_mslp_bash_4.csv;0;5;1;82;1;0.0;0.5;true;42;2;LR2_2_6_t2_40R_40V_04F_05M;/dados/rmelo/PDPTW-SE/benchmark_multi_floor_v3/official_experiments/multistartlp/preliminar/set_01_pt_04/configs/genconfig_mslp.conf;genconfig_mslp;/dados/rmelo/PDPTW-SE/benchmark_multi_floor_v3/official_experiments/multistartlp/preliminar/set_01_pt_04/logs/heur_mslp/gurobi/40R_40V_04F_05M/LR2_2_6_grb_genconfig_mslp_seed_129_alpha_20p.log;random;40R_40V_04F_05M;1;0;1;/dados/rmelo/PDPTW-SE/benchmark_multi_floor_v3/official_experiments/multistartlp/preliminar/set_01_pt_04/../../../../instances/orig_ams_fg/40R_40V_04F_06M/t2/LR2_2_6/;60000;26808;0;9923.78;81;41;H;50;95;0;100.0;30.0;true;0.95;100.0;1.0;1.0;1.0;1.0;60;M;60000;60000;false;80;0.86;192.66;1.0;40;10;1000000;-1;3600;3.28;0.63;0.76;mslp;heur;0.09;0.21;-1;3600;60000;I;40;1.0;0.12;LR2_2_6;0;/dados/rmelo/PDPTW-SE/benchmark_multi_floor_v3/official_experiments/multistartlp/preliminar/set_01_pt_04/logs;0;0;0;0.0;100.0;1;129;/dados/rmelo/PDPTW-SE/benchmark_multi_floor_v3/official_experiments/multistartlp/preliminar/set_01_pt_04/logs/heur_mslp/solutions/40R_40V_04F_05M/LR2_2_6_sol_genconfig_mslp_seed_129_alpha_20p.txt;Gurobi;AUTOMATIC;17.64;_bash_4;_seed_129_alpha_20p;1970.59;1;1140.63;/dados/rmelo/PDPTW-SE/benchmark_multi_floor_v3/official_experiments/multistartlp/preliminar/set_01_pt_04/logs/heur_mslp/timelines/40R_40V_04F_05M/LR2_2_6_timeline_genconfig_mslp_seed_129_alpha_20p.txt;2547.07;t2;0;8045.95;false
0.2;0.05;0.08;0.13;0.0;0.07;7;/dados/rmelo/PDPTW-SE/benchmark_multi_floor_v3/official_experiments/multistartlp/preliminar/set_01_pt_04/logs/heur_mslp/outputs/csvresults_heur_mslp_bash_4.csv;0;5;1;122;1;0.0;0.5;true;62;2;LR1_2_6_t1_60R_60V_02F_05M;/dados/rmelo/PDPTW-SE/benchmark_multi_floor_v3/official_experiments/multistartlp/preliminar/set_01_pt_04/configs/genconfig_mslp.conf;genconfig_mslp;/dados/rmelo/PDPTW-SE/benchmark_multi_floor_v3/official_experiments/multistartlp/preliminar/set_01_pt_04/logs/heur_mslp/gurobi/60R_60V_02F_05M/LR1_2_6_grb_genconfig_mslp_seed_129_alpha_20p.log;random;60R_60V_02F_05M;1;58139;1;/dados/rmelo/PDPTW-SE/benchmark_multi_floor_v3/official_experiments/multistartlp/preliminar/set_01_pt_04/../../../../instances/orig_ams_fg/60R_60V_02F_06M/t1/LR1_2_6/;60000;30068;0;11788.46;121;61;H;50;95;0;100.0;30.0;true;0.95;100.0;1.0;1.0;1.0;1.0;60;M;1861;1861;false;82;0.95;191.73;1.0;41;10;1000000;-1;3600;4.89;0.66;0.48;mslp;heur;0.26;0.1;-1;3600;60000;I;60;1.0;0.4;LR1_2_6;0;/dados/rmelo/PDPTW-SE/benchmark_multi_floor_v3/official_experiments/multistartlp/preliminar/set_01_pt_04/logs;0;0;0;96.9;100.0;1;129;/dados/rmelo/PDPTW-SE/benchmark_multi_floor_v3/official_experiments/multistartlp/preliminar/set_01_pt_04/logs/heur_mslp/solutions/60R_60V_02F_05M/LR1_2_6_sol_genconfig_mslp_seed_129_alpha_20p.txt;Gurobi;AUTOMATIC;17.48;_bash_4;_seed_129_alpha_20p;91.05;1;234.22;/dados/rmelo/PDPTW-SE/benchmark_multi_floor_v3/official_experiments/multistartlp/preliminar/set_01_pt_04/logs/heur_mslp/timelines/60R_60V_02F_05M/LR1_2_6_timeline_genconfig_mslp_seed_129_alpha_20p.txt;470.84;t1;0;10096.82;false
0.2;0.01;0.02;0.02;0.0;0.07;4;/dados/rmelo/PDPTW-SE/benchmark_multi_floor_v3/official_experiments/multistartlp/preliminar/set_01_pt_04/logs/heur_mslp/outputs/csvresults_heur_mslp_bash_4.csv;0;5;1;122;1;0.0;0.5;true;62;2;LR2_2_6_t2_60R_60V_02F_05M;/dados/rmelo/PDPTW-SE/benchmark_multi_floor_v3/official_experiments/multistartlp/preliminar/set_01_pt_04/configs/genconfig_mslp.conf;genconfig_mslp;/dados/rmelo/PDPTW-SE/benchmark_multi_floor_v3/official_experiments/multistartlp/preliminar/set_01_pt_04/logs/heur_mslp/gurobi/60R_60V_02F_05M/LR2_2_6_grb_genconfig_mslp_seed_129_alpha_20p.log;random;60R_60V_02F_05M;1;0;1;/dados/rmelo/PDPTW-SE/benchmark_multi_floor_v3/official_experiments/multistartlp/preliminar/set_01_pt_04/../../../../instances/orig_ams_fg/60R_60V_02F_06M/t2/LR2_2_6/;56408;54430;0;15537.47;121;61;H;50;95;0;100.0;30.0;true;0.95;100.0;1.0;1.0;1.0;1.0;60;M;56408;56408;false;80;0.83;185.63;1.0;40;10;1000000;-1;3600;5.36;0.68;0.99;mslp;heur;0.24;0.96;-1;3600;60000;I;60;1.0;0.1;LR2_2_6;0;/dados/rmelo/PDPTW-SE/benchmark_multi_floor_v3/official_experiments/multistartlp/preliminar/set_01_pt_04/logs;0;0;0;0.0;100.0;1;129;/dados/rmelo/PDPTW-SE/benchmark_multi_floor_v3/official_experiments/multistartlp/preliminar/set_01_pt_04/logs/heur_mslp/solutions/60R_60V_02F_05M/LR2_2_6_sol_genconfig_mslp_seed_129_alpha_20p.txt;Gurobi;AUTOMATIC;17.71;_bash_4;_seed_129_alpha_20p;3020.78;1;3474.27;/dados/rmelo/PDPTW-SE/benchmark_multi_floor_v3/official_experiments/multistartlp/preliminar/set_01_pt_04/logs/heur_mslp/timelines/60R_60V_02F_05M/LR2_2_6_timeline_genconfig_mslp_seed_129_alpha_20p.txt;3600.04;t2;0;10336.0;false
0.2;0.14;0.19;0.34;0.01;0.06;2;/dados/rmelo/PDPTW-SE/benchmark_multi_floor_v3/official_experiments/multistartlp/preliminar/set_01_pt_04/logs/heur_mslp/outputs/csvresults_heur_mslp_bash_4.csv;0;5;1;122;1;0.0;0.5;true;62;2;LR1_2_9_t1_60R_60V_04F_05M;/dados/rmelo/PDPTW-SE/benchmark_multi_floor_v3/official_experiments/multistartlp/preliminar/set_01_pt_04/configs/genconfig_mslp.conf;genconfig_mslp;/dados/rmelo/PDPTW-SE/benchmark_multi_floor_v3/official_experiments/multistartlp/preliminar/set_01_pt_04/logs/heur_mslp/gurobi/60R_60V_04F_05M/LR1_2_9_grb_genconfig_mslp_seed_129_alpha_20p.log;random;60R_60V_04F_05M;1;59944;1;/dados/rmelo/PDPTW-SE/benchmark_multi_floor_v3/official_experiments/multistartlp/preliminar/set_01_pt_04/../../../../instances/orig_ams_fg/60R_60V_04F_06M/t1/LR1_2_9/;60000;1108;0;14080.13;121;61;H;50;95;0;100.0;30.0;true;0.95;100.0;1.0;1.0;1.0;1.0;60;M;56;56;false;86;0.98;198.99;0.95;43;10;1000000;-1;3600;7.77;0.67;0.46;mslp;heur;0.35;0.07;-1;3600;60000;I;60;1.0;0.45;LR1_2_9;0;/dados/rmelo/PDPTW-SE/benchmark_multi_floor_v3/official_experiments/multistartlp/preliminar/set_01_pt_04/logs;0;0;0;99.91;100.0;1;129;/dados/rmelo/PDPTW-SE/benchmark_multi_floor_v3/official_experiments/multistartlp/preliminar/set_01_pt_04/logs/heur_mslp/solutions/60R_60V_04F_05M/LR1_2_9_sol_genconfig_mslp_seed_129_alpha_20p.txt;Gurobi;AUTOMATIC;17.62;_bash_4;_seed_129_alpha_20p;4.35;1;10.07;/dados/rmelo/PDPTW-SE/benchmark_multi_floor_v3/official_experiments/multistartlp/preliminar/set_01_pt_04/logs/heur_mslp/timelines/60R_60V_04F_05M/LR1_2_9_timeline_genconfig_mslp_seed_129_alpha_20p.txt;508.77;t1;0;12395.26;false
0.2;0.03;0.05;0.07;0.0;0.0;1;/dados/rmelo/PDPTW-SE/benchmark_multi_floor_v3/official_experiments/multistartlp/preliminar/set_01_pt_04/logs/heur_mslp/outputs/csvresults_heur_mslp_bash_4.csv;0;5;1;122;1;0.0;0.5;true;62;2;LR2_2_7_t2_60R_60V_04F_05M;/dados/rmelo/PDPTW-SE/benchmark_multi_floor_v3/official_experiments/multistartlp/preliminar/set_01_pt_04/configs/genconfig_mslp.conf;genconfig_mslp;/dados/rmelo/PDPTW-SE/benchmark_multi_floor_v3/official_experiments/multistartlp/preliminar/set_01_pt_04/logs/heur_mslp/gurobi/60R_60V_04F_05M/LR2_2_7_grb_genconfig_mslp_seed_129_alpha_20p.log;random;60R_60V_04F_05M;1;7739;1;/dados/rmelo/PDPTW-SE/benchmark_multi_floor_v3/official_experiments/multistartlp/preliminar/set_01_pt_04/../../../../instances/orig_ams_fg/60R_60V_04F_06M/t2/LR2_2_7/;31816;1;0;14157.83;121;61;H;50;95;0;100.0;30.0;true;0.95;100.0;1.0;1.0;1.0;1.0;60;M;24077;24077;false;78;0.89;195.28;1.0;39;10;1000000;-1;3600;1.56;0.71;0.92;mslp;heur;0.18;0.68;-1;3600;60000;I;60;1.0;0.1;LR2_2_7;0;/dados/rmelo/PDPTW-SE/benchmark_multi_floor_v3/official_experiments/multistartlp/preliminar/set_01_pt_04/logs;0;0;0;24.32;100.0;1;129;/dados/rmelo/PDPTW-SE/benchmark_multi_floor_v3/official_experiments/multistartlp/preliminar/set_01_pt_04/logs/heur_mslp/solutions/60R_60V_04F_05M/LR2_2_7_sol_genconfig_mslp_seed_129_alpha_20p.txt;Gurobi;AUTOMATIC;18.02;_bash_4;_seed_129_alpha_20p;376.79;1;0.14;/dados/rmelo/PDPTW-SE/benchmark_multi_floor_v3/official_experiments/multistartlp/preliminar/set_01_pt_04/logs/heur_mslp/timelines/60R_60V_04F_05M/LR2_2_7_timeline_genconfig_mslp_seed_129_alpha_20p.txt;3600.02;t2;0;10775.82;false
0.2;0.01;0.06;0.07;0.0;0.0;3;/dados/rmelo/PDPTW-SE/benchmark_multi_floor_v3/official_experiments/multistartlp/preliminar/set_01_pt_04/logs/heur_mslp/outputs/csvresults_heur_mslp_bash_4.csv;0;3;1;18;1;0.0;0.5;true;10;2;lr107_t1_08R_08V_02F_03M;/dados/rmelo/PDPTW-SE/benchmark_multi_floor_v3/official_experiments/multistartlp/preliminar/set_01_pt_04/configs/genconfig_mslp.conf;genconfig_mslp;/dados/rmelo/PDPTW-SE/benchmark_multi_floor_v3/official_experiments/multistartlp/preliminar/set_01_pt_04/logs/heur_mslp/gurobi/08R_08V_02F_03M/lr107_grb_genconfig_mslp_seed_136_alpha_20p.log;random;08R_08V_02F_03M;1;0;1;/dados/rmelo/PDPTW-SE/benchmark_multi_floor_v3/official_experiments/multistartlp/preliminar/set_01_pt_04/../../../../instances/orig_ams_fg/08R_08V_02F_04M/t1/lr107/;60000;4;0;1100.2;17;9;H;50;95;0;100.0;30.0;true;0.95;100.0;1.0;1.0;1.0;1.0;60;M;60000;60000;false;40;0.94;80.43;0.73;20;10;1000000;-1;3600;15.76;0.73;0.57;mslp;heur;0.47;0.36;-1;3600;60000;I;8;1.0;0.62;lr107;0;/dados/rmelo/PDPTW-SE/benchmark_multi_floor_v3/official_experiments/multistartlp/preliminar/set_01_pt_04/logs;0;0;0;0.0;100.0;1;136;/dados/rmelo/PDPTW-SE/benchmark_multi_floor_v3/official_experiments/multistartlp/preliminar/set_01_pt_04/logs/heur_mslp/solutions/08R_08V_02F_03M/lr107_sol_genconfig_mslp_seed_136_alpha_20p.txt;Gurobi;AUTOMATIC;17.22;_bash_4;_seed_136_alpha_20p;9455.88;1;0.31;/dados/rmelo/PDPTW-SE/benchmark_multi_floor_v3/official_experiments/multistartlp/preliminar/set_01_pt_04/logs/heur_mslp/timelines/08R_08V_02F_03M/lr107_timeline_genconfig_mslp_seed_136_alpha_20p.txt;98.6;t1;0;843.14;false
0.2;0.0;0.02;0.02;0.0;0.0;4;/dados/rmelo/PDPTW-SE/benchmark_multi_floor_v3/official_experiments/multistartlp/preliminar/set_01_pt_04/logs/heur_mslp/outputs/csvresults_heur_mslp_bash_4.csv;0;3;1;18;1;0.0;0.5;true;10;2;lr210_t2_08R_08V_02F_03M;/dados/rmelo/PDPTW-SE/benchmark_multi_floor_v3/official_experiments/multistartlp/preliminar/set_01_pt_04/configs/genconfig_mslp.conf;genconfig_mslp;/dados/rmelo/PDPTW-SE/benchmark_multi_floor_v3/official_experiments/multistartlp/preliminar/set_01_pt_04/logs/heur_mslp/gurobi/08R_08V_02F_03M/lr210_grb_genconfig_mslp_seed_136_alpha_20p.log;random;08R_08V_02F_03M;1;790;1;/dados/rmelo/PDPTW-SE/benchmark_multi_floor_v3/official_experiments/multistartlp/preliminar/set_01_pt_04/../../../../instances/orig_ams_fg/08R_08V_02F_04M/t2/lr210/;60000;14536;0;1213.98;17;9;H;50;95;0;100.0;30.0;true;0.95;100.0;1.0;1.0;1.0;1.0;60;M;59210;59210;false;58;0.71;75.46;0.93;29;10;1000000;-1;3600;30.91;0.71;0.93;mslp;heur;0.71;0.93;-1;3600;60000;I;8;0.67;0.12;lr210;0;/dados/rmelo/PDPTW-SE/benchmark_multi_floor_v3/official_experiments/multistartlp/preliminar/set_01_pt_04/logs;0;0;0;1.32;100.0;1;136;/dados/rmelo/PDPTW-SE/benchmark_multi_floor_v3/official_experiments/multistartlp/preliminar/set_01_pt_04/logs/heur_mslp/solutions/08R_08V_02F_03M/lr210_sol_genconfig_mslp_seed_136_alpha_20p.txt;Gurobi;AUTOMATIC;17.65;_bash_4;_seed_136_alpha_20p;18299.51;1;30.13;/dados/rmelo/PDPTW-SE/benchmark_multi_floor_v3/official_experiments/multistartlp/preliminar/set_01_pt_04/logs/heur_mslp/timelines/08R_08V_02F_03M/lr210_timeline_genconfig_mslp_seed_136_alpha_20p.txt;123.43;t2;0;706.87;false
0.2;0.1;0.19;0.29;0.0;0.05;10;/dados/rmelo/PDPTW-SE/benchmark_multi_floor_v3/official_experiments/multistartlp/preliminar/set_01_pt_04/logs/heur_mslp/outputs/csvresults_heur_mslp_bash_4.csv;0;3;1;18;1;0.0;0.5;true;10;2;lr106_t1_08R_08V_04F_03M;/dados/rmelo/PDPTW-SE/benchmark_multi_floor_v3/official_experiments/multistartlp/preliminar/set_01_pt_04/configs/genconfig_mslp.conf;genconfig_mslp;/dados/rmelo/PDPTW-SE/benchmark_multi_floor_v3/official_experiments/multistartlp/preliminar/set_01_pt_04/logs/heur_mslp/gurobi/08R_08V_04F_03M/lr106_grb_genconfig_mslp_seed_136_alpha_20p.log;random;08R_08V_04F_03M;1;17131;1;/dados/rmelo/PDPTW-SE/benchmark_multi_floor_v3/official_experiments/multistartlp/preliminar/set_01_pt_04/../../../../instances/orig_ams_fg/08R_08V_04F_04M/t1/lr106/;60000;2203;0;1497.54;17;9;H;50;95;0;100.0;30.0;true;0.95;100.0;1.0;1.0;1.0;1.0;60;M;42869;42869;false;52;0.82;85.78;0.67;26;10;1000000;-1;3600;19.17;0.62;0.32;mslp;heur;0.35;0.09;-1;3600;60000;I;8;1.0;0.88;lr106;0;/dados/rmelo/PDPTW-SE/benchmark_multi_floor_v3/official_experiments/multistartlp/preliminar/set_01_pt_04/logs;0;0;0;28.55;100.0;1;136;/dados/rmelo/PDPTW-SE/benchmark_multi_floor_v3/official_experiments/multistartlp/preliminar/set_01_pt_04/logs/heur_mslp/solutions/08R_08V_04F_03M/lr106_sol_genconfig_mslp_seed_136_alpha_20p.txt;Gurobi;AUTOMATIC;17.79;_bash_4;_seed_136_alpha_20p;8219.54;1;4.08;/dados/rmelo/PDPTW-SE/benchmark_multi_floor_v3/official_experiments/multistartlp/preliminar/set_01_pt_04/logs/heur_mslp/timelines/08R_08V_04F_03M/lr106_timeline_genconfig_mslp_seed_136_alpha_20p.txt;95.86;t1;0;1010.71;false
0.2;0.01;0.03;0.04;0.0;0.0;10;/dados/rmelo/PDPTW-SE/benchmark_multi_floor_v3/official_experiments/multistartlp/preliminar/set_01_pt_04/logs/heur_mslp/outputs/csvresults_heur_mslp_bash_4.csv;0;3;1;18;1;0.0;0.5;true;10;2;lr209_t2_08R_08V_04F_03M;/dados/rmelo/PDPTW-SE/benchmark_multi_floor_v3/official_experiments/multistartlp/preliminar/set_01_pt_04/configs/genconfig_mslp.conf;genconfig_mslp;/dados/rmelo/PDPTW-SE/benchmark_multi_floor_v3/official_experiments/multistartlp/preliminar/set_01_pt_04/logs/heur_mslp/gurobi/08R_08V_04F_03M/lr209_grb_genconfig_mslp_seed_136_alpha_20p.log;random;08R_08V_04F_03M;1;0;1;/dados/rmelo/PDPTW-SE/benchmark_multi_floor_v3/official_experiments/multistartlp/preliminar/set_01_pt_04/../../../../instances/orig_ams_fg/08R_08V_04F_04M/t2/lr209/;60000;14444;0;1418.62;17;9;H;50;95;0;100.0;30.0;true;0.95;100.0;1.0;1.0;1.0;1.0;60;M;54543;60000;false;46;0.68;79.88;0.93;23;10;1000000;-1;3600;20.99;0.42;0.85;mslp;heur;0.16;0.77;-1;3600;60000;I;8;0.67;0.25;lr209;0;/dados/rmelo/PDPTW-SE/benchmark_multi_floor_v3/official_experiments/multistartlp/preliminar/set_01_pt_04/logs;0;0;0;0.0;90.9;1;136;/dados/rmelo/PDPTW-SE/benchmark_multi_floor_v3/official_experiments/multistartlp/preliminar/set_01_pt_04/logs/heur_mslp/solutions/08R_08V_04F_03M/lr209_sol_genconfig_mslp_seed_136_alpha_20p.txt;Gurobi;AUTOMATIC;17.87;_bash_4;_seed_136_alpha_20p;12595.35;1;36.48;/dados/rmelo/PDPTW-SE/benchmark_multi_floor_v3/official_experiments/multistartlp/preliminar/set_01_pt_04/logs/heur_mslp/timelines/08R_08V_04F_03M/lr209_timeline_genconfig_mslp_seed_136_alpha_20p.txt;150.79;t2;0;838.87;false
0.2;0.04;0.07;0.11;0.0;0.0;11;/dados/rmelo/PDPTW-SE/benchmark_multi_floor_v3/official_experiments/multistartlp/preliminar/set_01_pt_04/logs/heur_mslp/outputs/csvresults_heur_mslp_bash_4.csv;0;3;1;26;1;0.0;0.5;true;14;2;lr109_t1_12R_12V_02F_03M;/dados/rmelo/PDPTW-SE/benchmark_multi_floor_v3/official_experiments/multistartlp/preliminar/set_01_pt_04/configs/genconfig_mslp.conf;genconfig_mslp;/dados/rmelo/PDPTW-SE/benchmark_multi_floor_v3/official_experiments/multistartlp/preliminar/set_01_pt_04/logs/heur_mslp/gurobi/12R_12V_02F_03M/lr109_grb_genconfig_mslp_seed_136_alpha_20p.log;random;12R_12V_02F_03M;1;14665;1;/dados/rmelo/PDPTW-SE/benchmark_multi_floor_v3/official_experiments/multistartlp/preliminar/set_01_pt_04/../../../../instances/orig_ams_fg/12R_12V_02F_04M/t1/lr109/;60000;37835;0;1256.02;25;13;H;50;95;0;100.0;30.0;true;0.95;100.0;1.0;1.0;1.0;1.0;60;M;45335;45335;false;58;0.88;78.59;0.62;29;10;1000000;-1;3600;9.53;0.73;0.44;mslp;heur;0.56;0.32;-1;3600;60000;I;12;1.0;0.5;lr109;0;/dados/rmelo/PDPTW-SE/benchmark_multi_floor_v3/official_experiments/multistartlp/preliminar/set_01_pt_04/logs;0;0;0;24.44;100.0;1;136;/dados/rmelo/PDPTW-SE/benchmark_multi_floor_v3/official_experiments/multistartlp/preliminar/set_01_pt_04/logs/heur_mslp/solutions/12R_12V_02F_03M/lr109_sol_genconfig_mslp_seed_136_alpha_20p.txt;Gurobi;AUTOMATIC;17.8;_bash_4;_seed_136_alpha_20p;4322.0;1;72.16;/dados/rmelo/PDPTW-SE/benchmark_multi_floor_v3/official_experiments/multistartlp/preliminar/set_01_pt_04/logs/heur_mslp/timelines/12R_12V_02F_03M/lr109_timeline_genconfig_mslp_seed_136_alpha_20p.txt;114.17;t1;0;1008.76;false
0.2;0.0;0.02;0.02;0.0;0.0;10;/dados/rmelo/PDPTW-SE/benchmark_multi_floor_v3/official_experiments/multistartlp/preliminar/set_01_pt_04/logs/heur_mslp/outputs/csvresults_heur_mslp_bash_4.csv;0;3;1;26;1;0.0;0.5;true;14;2;lr207_t2_12R_12V_02F_03M;/dados/rmelo/PDPTW-SE/benchmark_multi_floor_v3/official_experiments/multistartlp/preliminar/set_01_pt_04/configs/genconfig_mslp.conf;genconfig_mslp;/dados/rmelo/PDPTW-SE/benchmark_multi_floor_v3/official_experiments/multistartlp/preliminar/set_01_pt_04/logs/heur_mslp/gurobi/12R_12V_02F_03M/lr207_grb_genconfig_mslp_seed_136_alpha_20p.log;random;12R_12V_02F_03M;1;0;1;/dados/rmelo/PDPTW-SE/benchmark_multi_floor_v3/official_experiments/multistartlp/preliminar/set_01_pt_04/../../../../instances/orig_ams_fg/12R_12V_02F_04M/t2/lr207/;60000;42836;0;1701.56;25;13;H;50;95;0;100.0;30.0;true;0.95;100.0;1.0;1.0;1.0;1.0;60;M;59988;60000;false;40;0.87;83.45;0.98;20;10;1000000;-1;3600;13.94;0.55;0.8;mslp;heur;0.23;0.62;-1;3600;60000;I;12;0.67;0.17;lr207;0;/dados/rmelo/PDPTW-SE/benchmark_multi_floor_v3/official_experiments/multistartlp/preliminar/set_01_pt_04/logs;0;0;0;0.0;99.98;1;136;/dados/rmelo/PDPTW-SE/benchmark_multi_floor_v3/official_experiments/multistartlp/preliminar/set_01_pt_04/logs/heur_mslp/solutions/12R_12V_02F_03M/lr207_sol_genconfig_mslp_seed_136_alpha_20p.txt;Gurobi;AUTOMATIC;17.85;_bash_4;_seed_136_alpha_20p;8362.36;1;166.46;/dados/rmelo/PDPTW-SE/benchmark_multi_floor_v3/official_experiments/multistartlp/preliminar/set_01_pt_04/logs/heur_mslp/timelines/12R_12V_02F_03M/lr207_timeline_genconfig_mslp_seed_136_alpha_20p.txt;233.0;t2;0;1098.31;false
0.2;0.2;0.29;0.49;0.0;0.02;8;/dados/rmelo/PDPTW-SE/benchmark_multi_floor_v3/official_experiments/multistartlp/preliminar/set_01_pt_04/logs/heur_mslp/outputs/csvresults_heur_mslp_bash_4.csv;0;3;1;26;1;0.0;0.5;true;14;2;lr106_t1_12R_12V_04F_03M;/dados/rmelo/PDPTW-SE/benchmark_multi_floor_v3/official_experiments/multistartlp/preliminar/set_01_pt_04/configs/genconfig_mslp.conf;genconfig_mslp;/dados/rmelo/PDPTW-SE/benchmark_multi_floor_v3/official_experiments/multistartlp/preliminar/set_01_pt_04/logs/heur_mslp/gurobi/12R_12V_04F_03M/lr106_grb_genconfig_mslp_seed_136_alpha_20p.log;random;12R_12V_04F_03M;1;41675;1;/dados/rmelo/PDPTW-SE/benchmark_multi_floor_v3/official_experiments/multistartlp/preliminar/set_01_pt_04/../../../../instances/orig_ams_fg/12R_12V_04F_04M/t1/lr106/;60000;4408;0;1720.03;25;13;H;50;95;0;100.0;30.0;true;0.95;100.0;1.0;1.0;1.0;1.0;60;M;18325;18325;false;52;0.99;86.16;1.0;26;10;1000000;-1;3600;11.5;0.68;0.45;mslp;heur;0.41;0.17;-1;3600;60000;I;12;1.0;0.75;lr106;0;/dados/rmelo/PDPTW-SE/benchmark_multi_floor_v3/official_experiments/multistartlp/preliminar/set_01_pt_04/logs;0;0;0;69.46;100.0;1;136;/dados/rmelo/PDPTW-SE/benchmark_multi_floor_v3/official_experiments/multistartlp/preliminar/set_01_pt_04/logs/heur_mslp/solutions/12R_12V_04F_03M/lr106_sol_genconfig_mslp_seed_136_alpha_20p.txt;Gurobi;AUTOMATIC;17.72;_bash_4;_seed_136_alpha_20p;2107.32;1;6.1;/dados/rmelo/PDPTW-SE/benchmark_multi_floor_v3/official_experiments/multistartlp/preliminar/set_01_pt_04/logs/heur_mslp/timelines/12R_12V_04F_03M/lr106_timeline_genconfig_mslp_seed_136_alpha_20p.txt;77.11;t1;0;1416.31;false
0.2;0.02;0.03;0.05;0.0;0.0;12;/dados/rmelo/PDPTW-SE/benchmark_multi_floor_v3/official_experiments/multistartlp/preliminar/set_01_pt_04/logs/heur_mslp/outputs/csvresults_heur_mslp_bash_4.csv;0;3;1;26;1;0.0;0.5;true;14;2;lr209_t2_12R_12V_04F_03M;/dados/rmelo/PDPTW-SE/benchmark_multi_floor_v3/official_experiments/multistartlp/preliminar/set_01_pt_04/configs/genconfig_mslp.conf;genconfig_mslp;/dados/rmelo/PDPTW-SE/benchmark_multi_floor_v3/official_experiments/multistartlp/preliminar/set_01_pt_04/logs/heur_mslp/gurobi/12R_12V_04F_03M/lr209_grb_genconfig_mslp_seed_136_alpha_20p.log;random;12R_12V_04F_03M;1;0;1;/dados/rmelo/PDPTW-SE/benchmark_multi_floor_v3/official_experiments/multistartlp/preliminar/set_01_pt_04/../../../../instances/orig_ams_fg/12R_12V_04F_04M/t2/lr209/;60000;47504;0;1646.69;25;13;H;50;95;0;100.0;30.0;true;0.95;100.0;1.0;1.0;1.0;1.0;60;M;60000;60000;false;46;0.65;91.85;0.93;23;10;1000000;-1;3600;14.72;0.61;0.87;mslp;heur;0.56;0.82;-1;3600;60000;I;12;1.0;0.17;lr209;0;/dados/rmelo/PDPTW-SE/benchmark_multi_floor_v3/official_experiments/multistartlp/preliminar/set_01_pt_04/logs;0;0;0;0.0;100.0;1;136;/dados/rmelo/PDPTW-SE/benchmark_multi_floor_v3/official_experiments/multistartlp/preliminar/set_01_pt_04/logs/heur_mslp/solutions/12R_12V_04F_03M/lr209_sol_genconfig_mslp_seed_136_alpha_20p.txt;Gurobi;AUTOMATIC;17.74;_bash_4;_seed_136_alpha_20p;8832.49;1;188.56;/dados/rmelo/PDPTW-SE/benchmark_multi_floor_v3/official_experiments/multistartlp/preliminar/set_01_pt_04/logs/heur_mslp/timelines/12R_12V_04F_03M/lr209_timeline_genconfig_mslp_seed_136_alpha_20p.txt;237.94;t2;0;1216.59;false
0.2;0.01;0.04;0.05;0.0;0.07;1;/dados/rmelo/PDPTW-SE/benchmark_multi_floor_v3/official_experiments/multistartlp/preliminar/set_01_pt_04/logs/heur_mslp/outputs/csvresults_heur_mslp_bash_4.csv;0;5;1;82;1;0.0;0.5;true;42;2;LR1_2_6_t1_40R_40V_02F_05M;/dados/rmelo/PDPTW-SE/benchmark_multi_floor_v3/official_experiments/multistartlp/preliminar/set_01_pt_04/configs/genconfig_mslp.conf;genconfig_mslp;/dados/rmelo/PDPTW-SE/benchmark_multi_floor_v3/official_experiments/multistartlp/preliminar/set_01_pt_04/logs/heur_mslp/gurobi/40R_40V_02F_05M/LR1_2_6_grb_genconfig_mslp_seed_136_alpha_20p.log;random;40R_40V_02F_05M;1;59115;1;/dados/rmelo/PDPTW-SE/benchmark_multi_floor_v3/official_experiments/multistartlp/preliminar/set_01_pt_04/../../../../instances/orig_ams_fg/40R_40V_02F_06M/t1/LR1_2_6/;60000;1;0;9816.81;81;41;H;50;95;0;100.0;30.0;true;0.95;100.0;1.0;1.0;1.0;1.0;60;M;885;885;false;72;0.97;184.05;1.0;36;10;1000000;-1;3600;4.35;0.43;0.51;mslp;heur;0.22;0.08;-1;3600;60000;I;40;1.0;0.4;LR1_2_6;0;/dados/rmelo/PDPTW-SE/benchmark_multi_floor_v3/official_experiments/multistartlp/preliminar/set_01_pt_04/logs;0;0;0;98.52;100.0;1;136;/dados/rmelo/PDPTW-SE/benchmark_multi_floor_v3/official_experiments/multistartlp/preliminar/set_01_pt_04/logs/heur_mslp/solutions/40R_40V_02F_05M/LR1_2_6_sol_genconfig_mslp_seed_136_alpha_20p.txt;Gurobi;AUTOMATIC;17.81;_bash_4;_seed_136_alpha_20p;38.48;1;0.01;/dados/rmelo/PDPTW-SE/benchmark_multi_floor_v3/official_experiments/multistartlp/preliminar/set_01_pt_04/logs/heur_mslp/timelines/40R_40V_02F_05M/LR1_2_6_timeline_genconfig_mslp_seed_136_alpha_20p.txt;206.78;t1;0;7959.42;false
0.2;0.01;0.02;0.02;0.0;0.16;18;/dados/rmelo/PDPTW-SE/benchmark_multi_floor_v3/official_experiments/multistartlp/preliminar/set_01_pt_04/logs/heur_mslp/outputs/csvresults_heur_mslp_bash_4.csv;0;5;1;82;1;0.0;0.5;true;42;2;LR2_2_9_t2_40R_40V_02F_05M;/dados/rmelo/PDPTW-SE/benchmark_multi_floor_v3/official_experiments/multistartlp/preliminar/set_01_pt_04/configs/genconfig_mslp.conf;genconfig_mslp;/dados/rmelo/PDPTW-SE/benchmark_multi_floor_v3/official_experiments/multistartlp/preliminar/set_01_pt_04/logs/heur_mslp/gurobi/40R_40V_02F_05M/LR2_2_9_grb_genconfig_mslp_seed_136_alpha_20p.log;random;40R_40V_02F_05M;1;0;1;/dados/rmelo/PDPTW-SE/benchmark_multi_floor_v3/official_experiments/multistartlp/preliminar/set_01_pt_04/../../../../instances/orig_ams_fg/40R_40V_02F_06M/t2/LR2_2_9/;60000;25233;0;11277.69;81;41;H;50;95;0;100.0;30.0;true;0.95;100.0;1.0;1.0;1.0;1.0;60;M;60000;60000;false;74;0.79;179.34;1.0;37;10;1000000;-1;3600;7.33;0.64;0.95;mslp;heur;0.33;0.86;-1;3600;60000;I;40;0.8;0.12;LR2_2_9;0;/dados/rmelo/PDPTW-SE/benchmark_multi_floor_v3/official_experiments/multistartlp/preliminar/set_01_pt_04/logs;0;0;0;0.0;100.0;1;136;/dados/rmelo/PDPTW-SE/benchmark_multi_floor_v3/official_experiments/multistartlp/preliminar/set_01_pt_04/logs/heur_mslp/solutions/40R_40V_02F_05M/LR2_2_9_sol_genconfig_mslp_seed_136_alpha_20p.txt;Gurobi;AUTOMATIC;17.87;_bash_4;_seed_136_alpha_20p;4396.63;1;529.38;/dados/rmelo/PDPTW-SE/benchmark_multi_floor_v3/official_experiments/multistartlp/preliminar/set_01_pt_04/logs/heur_mslp/timelines/40R_40V_02F_05M/LR2_2_9_timeline_genconfig_mslp_seed_136_alpha_20p.txt;1253.86;t2;0;8165.34;false
0.2;0.11;0.16;0.26;0.0;0.02;5;/dados/rmelo/PDPTW-SE/benchmark_multi_floor_v3/official_experiments/multistartlp/preliminar/set_01_pt_04/logs/heur_mslp/outputs/csvresults_heur_mslp_bash_4.csv;0;5;1;82;1;0.0;0.5;true;42;2;LR1_2_10_t1_40R_40V_04F_05M;/dados/rmelo/PDPTW-SE/benchmark_multi_floor_v3/official_experiments/multistartlp/preliminar/set_01_pt_04/configs/genconfig_mslp.conf;genconfig_mslp;/dados/rmelo/PDPTW-SE/benchmark_multi_floor_v3/official_experiments/multistartlp/preliminar/set_01_pt_04/logs/heur_mslp/gurobi/40R_40V_04F_05M/LR1_2_10_grb_genconfig_mslp_seed_136_alpha_20p.log;random;40R_40V_04F_05M;1;59454;1;/dados/rmelo/PDPTW-SE/benchmark_multi_floor_v3/official_experiments/multistartlp/preliminar/set_01_pt_04/../../../../instances/orig_ams_fg/40R_40V_04F_06M/t1/LR1_2_10/;60000;51698;0;8575.9;81;41;H;50;95;0;100.0;30.0;true;0.95;100.0;1.0;1.0;1.0;1.0;60;M;546;546;false;72;0.93;178.35;0.88;36;10;1000000;-1;3600;6.22;0.69;0.53;mslp;heur;0.27;0.25;-1;3600;60000;I;40;1.0;0.42;LR1_2_10;0;/dados/rmelo/PDPTW-SE/benchmark_multi_floor_v3/official_experiments/multistartlp/preliminar/set_01_pt_04/logs;0;0;0;99.09;100.0;1;136;/dados/rmelo/PDPTW-SE/benchmark_multi_floor_v3/official_experiments/multistartlp/preliminar/set_01_pt_04/logs/heur_mslp/solutions/40R_40V_04F_05M/LR1_2_10_sol_genconfig_mslp_seed_136_alpha_20p.txt;Gurobi;AUTOMATIC;17.65;_bash_4;_seed_136_alpha_20p;33.99;1;226.22;/dados/rmelo/PDPTW-SE/benchmark_multi_floor_v3/official_experiments/multistartlp/preliminar/set_01_pt_04/logs/heur_mslp/timelines/40R_40V_04F_05M/LR1_2_10_timeline_genconfig_mslp_seed_136_alpha_20p.txt;262.23;t1;0;7426.96;false
0.2;0.02;0.03;0.05;0.0;0.03;14;/dados/rmelo/PDPTW-SE/benchmark_multi_floor_v3/official_experiments/multistartlp/preliminar/set_01_pt_04/logs/heur_mslp/outputs/csvresults_heur_mslp_bash_4.csv;0;5;1;82;1;0.0;0.5;true;42;2;LR2_2_6_t2_40R_40V_04F_05M;/dados/rmelo/PDPTW-SE/benchmark_multi_floor_v3/official_experiments/multistartlp/preliminar/set_01_pt_04/configs/genconfig_mslp.conf;genconfig_mslp;/dados/rmelo/PDPTW-SE/benchmark_multi_floor_v3/official_experiments/multistartlp/preliminar/set_01_pt_04/logs/heur_mslp/gurobi/40R_40V_04F_05M/LR2_2_6_grb_genconfig_mslp_seed_136_alpha_20p.log;random;40R_40V_04F_05M;1;0;1;/dados/rmelo/PDPTW-SE/benchmark_multi_floor_v3/official_experiments/multistartlp/preliminar/set_01_pt_04/../../../../instances/orig_ams_fg/40R_40V_04F_06M/t2/LR2_2_6/;60000;1802;0;10022.81;81;41;H;50;95;0;100.0;30.0;true;0.95;100.0;1.0;1.0;1.0;1.0;60;M;60000;60000;false;80;0.97;192.66;0.98;40;10;1000000;-1;3600;3.27;0.79;0.93;mslp;heur;0.67;0.89;-1;3600;60000;I;40;1.0;0.1;LR2_2_6;0;/dados/rmelo/PDPTW-SE/benchmark_multi_floor_v3/official_experiments/multistartlp/preliminar/set_01_pt_04/logs;0;0;0;0.0;100.0;1;136;/dados/rmelo/PDPTW-SE/benchmark_multi_floor_v3/official_experiments/multistartlp/preliminar/set_01_pt_04/logs/heur_mslp/solutions/40R_40V_04F_05M/LR2_2_6_sol_genconfig_mslp_seed_136_alpha_20p.txt;Gurobi;AUTOMATIC;17.61;_bash_4;_seed_136_alpha_20p;1962.17;1;76.9;/dados/rmelo/PDPTW-SE/benchmark_multi_floor_v3/official_experiments/multistartlp/preliminar/set_01_pt_04/logs/heur_mslp/timelines/40R_40V_04F_05M/LR2_2_6_timeline_genconfig_mslp_seed_136_alpha_20p.txt;2531.63;t2;0;8047.45;false
0.2;0.04;0.07;0.12;0.01;0.08;7;/dados/rmelo/PDPTW-SE/benchmark_multi_floor_v3/official_experiments/multistartlp/preliminar/set_01_pt_04/logs/heur_mslp/outputs/csvresults_heur_mslp_bash_4.csv;0;5;1;122;1;0.0;0.5;true;62;2;LR1_2_6_t1_60R_60V_02F_05M;/dados/rmelo/PDPTW-SE/benchmark_multi_floor_v3/official_experiments/multistartlp/preliminar/set_01_pt_04/configs/genconfig_mslp.conf;genconfig_mslp;/dados/rmelo/PDPTW-SE/benchmark_multi_floor_v3/official_experiments/multistartlp/preliminar/set_01_pt_04/logs/heur_mslp/gurobi/60R_60V_02F_05M/LR1_2_6_grb_genconfig_mslp_seed_136_alpha_20p.log;random;60R_60V_02F_05M;1;58108;1;/dados/rmelo/PDPTW-SE/benchmark_multi_floor_v3/official_experiments/multistartlp/preliminar/set_01_pt_04/../../../../instances/orig_ams_fg/60R_60V_02F_06M/t1/LR1_2_6/;60000;58921;0;11706.01;121;61;H;50;95;0;100.0;30.0;true;0.95;100.0;1.0;1.0;1.0;1.0;60;M;1892;1892;false;82;0.91;191.73;1.0;41;10;1000000;-1;3600;4.93;0.67;0.53;mslp;heur;0.25;0.11;-1;3600;60000;I;60;1.0;0.4;LR1_2_6;0;/dados/rmelo/PDPTW-SE/benchmark_multi_floor_v3/official_experiments/multistartlp/preliminar/set_01_pt_04/logs;0;0;0;96.85;100.0;1;136;/dados/rmelo/PDPTW-SE/benchmark_multi_floor_v3/official_experiments/multistartlp/preliminar/set_01_pt_04/logs/heur_mslp/solutions/60R_60V_02F_05M/LR1_2_6_sol_genconfig_mslp_seed_136_alpha_20p.txt;Gurobi;AUTOMATIC;17.72;_bash_4;_seed_136_alpha_20p;93.22;1;469.06;/dados/rmelo/PDPTW-SE/benchmark_multi_floor_v3/official_experiments/multistartlp/preliminar/set_01_pt_04/logs/heur_mslp/timelines/60R_60V_02F_05M/LR1_2_6_timeline_genconfig_mslp_seed_136_alpha_20p.txt;477.9;t1;0;10224.57;false
0.2;0.01;0.02;0.03;0.0;0.01;2;/dados/rmelo/PDPTW-SE/benchmark_multi_floor_v3/official_experiments/multistartlp/preliminar/set_01_pt_04/logs/heur_mslp/outputs/csvresults_heur_mslp_bash_4.csv;0;5;1;122;1;0.0;0.5;true;62;2;LR2_2_6_t2_60R_60V_02F_05M;/dados/rmelo/PDPTW-SE/benchmark_multi_floor_v3/official_experiments/multistartlp/preliminar/set_01_pt_04/configs/genconfig_mslp.conf;genconfig_mslp;/dados/rmelo/PDPTW-SE/benchmark_multi_floor_v3/official_experiments/multistartlp/preliminar/set_01_pt_04/logs/heur_mslp/gurobi/60R_60V_02F_05M/LR2_2_6_grb_genconfig_mslp_seed_136_alpha_20p.log;random;60R_60V_02F_05M;1;0;1;/dados/rmelo/PDPTW-SE/benchmark_multi_floor_v3/official_experiments/multistartlp/preliminar/set_01_pt_04/../../../../instances/orig_ams_fg/60R_60V_02F_06M/t2/LR2_2_6/;55987;9673;0;14206.27;121;61;H;50;95;0;100.0;30.0;true;0.95;100.0;1.0;1.0;1.0;1.0;60;M;55987;55987;false;80;0.91;185.63;1.0;40;10;1000000;-1;3600;5.35;0.71;0.86;mslp;heur;0.15;0.28;-1;3600;60000;I;60;1.0;0.1;LR2_2_6;0;/dados/rmelo/PDPTW-SE/benchmark_multi_floor_v3/official_experiments/multistartlp/preliminar/set_01_pt_04/logs;0;0;0;0.0;100.0;1;136;/dados/rmelo/PDPTW-SE/benchmark_multi_floor_v3/official_experiments/multistartlp/preliminar/set_01_pt_04/logs/heur_mslp/solutions/60R_60V_02F_05M/LR2_2_6_sol_genconfig_mslp_seed_136_alpha_20p.txt;Gurobi;AUTOMATIC;17.74;_bash_4;_seed_136_alpha_20p;2994.24;1;624.33;/dados/rmelo/PDPTW-SE/benchmark_multi_floor_v3/official_experiments/multistartlp/preliminar/set_01_pt_04/logs/heur_mslp/timelines/60R_60V_02F_05M/LR2_2_6_timeline_genconfig_mslp_seed_136_alpha_20p.txt;3600.01;t2;0;10731.61;false
0.2;0.13;0.2;0.33;0.01;0.06;4;/dados/rmelo/PDPTW-SE/benchmark_multi_floor_v3/official_experiments/multistartlp/preliminar/set_01_pt_04/logs/heur_mslp/outputs/csvresults_heur_mslp_bash_4.csv;0;5;1;122;1;0.0;0.5;true;62;2;LR1_2_9_t1_60R_60V_04F_05M;/dados/rmelo/PDPTW-SE/benchmark_multi_floor_v3/official_experiments/multistartlp/preliminar/set_01_pt_04/configs/genconfig_mslp.conf;genconfig_mslp;/dados/rmelo/PDPTW-SE/benchmark_multi_floor_v3/official_experiments/multistartlp/preliminar/set_01_pt_04/logs/heur_mslp/gurobi/60R_60V_04F_05M/LR1_2_9_grb_genconfig_mslp_seed_136_alpha_20p.log;random;60R_60V_04F_05M;1;59951;1;/dados/rmelo/PDPTW-SE/benchmark_multi_floor_v3/official_experiments/multistartlp/preliminar/set_01_pt_04/../../../../instances/orig_ams_fg/60R_60V_04F_06M/t1/LR1_2_9/;60000;22217;0;15542.62;121;61;H;50;95;0;100.0;30.0;true;0.95;100.0;1.0;1.0;1.0;1.0;60;M;49;49;false;86;0.97;198.99;1.0;43;10;1000000;-1;3600;7.79;0.67;0.45;mslp;heur;0.35;0.1;-1;3600;60000;I;60;1.0;0.45;LR1_2_9;0;/dados/rmelo/PDPTW-SE/benchmark_multi_floor_v3/official_experiments/multistartlp/preliminar/set_01_pt_04/logs;0;0;0;99.92;100.0;1;136;/dados/rmelo/PDPTW-SE/benchmark_multi_floor_v3/official_experiments/multistartlp/preliminar/set_01_pt_04/logs/heur_mslp/solutions/60R_60V_04F_05M/LR1_2_9_sol_genconfig_mslp_seed_136_alpha_20p.txt;Gurobi;AUTOMATIC;17.95;_bash_4;_seed_136_alpha_20p;3.82;1;189.37;/dados/rmelo/PDPTW-SE/benchmark_multi_floor_v3/official_experiments/multistartlp/preliminar/set_01_pt_04/logs/heur_mslp/timelines/60R_60V_04F_05M/LR1_2_9_timeline_genconfig_mslp_seed_136_alpha_20p.txt;510.13;t1;0;12397.03;false
0.2;0.03;0.05;0.07;0.0;0.0;1;/dados/rmelo/PDPTW-SE/benchmark_multi_floor_v3/official_experiments/multistartlp/preliminar/set_01_pt_04/logs/heur_mslp/outputs/csvresults_heur_mslp_bash_4.csv;0;5;1;122;1;0.0;0.5;true;62;2;LR2_2_7_t2_60R_60V_04F_05M;/dados/rmelo/PDPTW-SE/benchmark_multi_floor_v3/official_experiments/multistartlp/preliminar/set_01_pt_04/configs/genconfig_mslp.conf;genconfig_mslp;/dados/rmelo/PDPTW-SE/benchmark_multi_floor_v3/official_experiments/multistartlp/preliminar/set_01_pt_04/logs/heur_mslp/gurobi/60R_60V_04F_05M/LR2_2_7_grb_genconfig_mslp_seed_136_alpha_20p.log;random;60R_60V_04F_05M;1;7869;1;/dados/rmelo/PDPTW-SE/benchmark_multi_floor_v3/official_experiments/multistartlp/preliminar/set_01_pt_04/../../../../instances/orig_ams_fg/60R_60V_04F_06M/t2/LR2_2_7/;31930;1;0;12900.71;121;61;H;50;95;0;100.0;30.0;true;0.95;100.0;1.0;1.0;1.0;1.0;60;M;24061;24061;false;78;0.89;195.28;1.0;39;10;1000000;-1;3600;1.56;0.71;0.92;mslp;heur;0.18;0.68;-1;3600;60000;I;60;1.0;0.1;LR2_2_7;0;/dados/rmelo/PDPTW-SE/benchmark_multi_floor_v3/official_experiments/multistartlp/preliminar/set_01_pt_04/logs;0;0;0;24.64;100.0;1;136;/dados/rmelo/PDPTW-SE/benchmark_multi_floor_v3/official_experiments/multistartlp/preliminar/set_01_pt_04/logs/heur_mslp/solutions/60R_60V_04F_05M/LR2_2_7_sol_genconfig_mslp_seed_136_alpha_20p.txt;Gurobi;AUTOMATIC;17.75;_bash_4;_seed_136_alpha_20p;375.06;1;0.14;/dados/rmelo/PDPTW-SE/benchmark_multi_floor_v3/official_experiments/multistartlp/preliminar/set_01_pt_04/logs/heur_mslp/timelines/60R_60V_04F_05M/LR2_2_7_timeline_genconfig_mslp_seed_136_alpha_20p.txt;3600.09;t2;0;10775.82;false
0.2;0.01;0.06;0.07;0.0;0.0;5;/dados/rmelo/PDPTW-SE/benchmark_multi_floor_v3/official_experiments/multistartlp/preliminar/set_01_pt_04/logs/heur_mslp/outputs/csvresults_heur_mslp_bash_4.csv;0;3;1;18;1;0.0;0.5;true;10;2;lr107_t1_08R_08V_02F_03M;/dados/rmelo/PDPTW-SE/benchmark_multi_floor_v3/official_experiments/multistartlp/preliminar/set_01_pt_04/configs/genconfig_mslp.conf;genconfig_mslp;/dados/rmelo/PDPTW-SE/benchmark_multi_floor_v3/official_experiments/multistartlp/preliminar/set_01_pt_04/logs/heur_mslp/gurobi/08R_08V_02F_03M/lr107_grb_genconfig_mslp_seed_143_alpha_20p.log;random;08R_08V_02F_03M;1;0;1;/dados/rmelo/PDPTW-SE/benchmark_multi_floor_v3/official_experiments/multistartlp/preliminar/set_01_pt_04/../../../../instances/orig_ams_fg/08R_08V_02F_04M/t1/lr107/;60000;13;0;1136.5;17;9;H;50;95;0;100.0;30.0;true;0.95;100.0;1.0;1.0;1.0;1.0;60;M;60000;60000;false;40;0.94;80.43;0.72;20;10;1000000;-1;3600;15.76;0.73;0.57;mslp;heur;0.47;0.46;-1;3600;60000;I;8;1.0;0.62;lr107;0;/dados/rmelo/PDPTW-SE/benchmark_multi_floor_v3/official_experiments/multistartlp/preliminar/set_01_pt_04/logs;0;0;0;0.0;100.0;1;143;/dados/rmelo/PDPTW-SE/benchmark_multi_floor_v3/official_experiments/multistartlp/preliminar/set_01_pt_04/logs/heur_mslp/solutions/08R_08V_02F_03M/lr107_sol_genconfig_mslp_seed_143_alpha_20p.txt;Gurobi;AUTOMATIC;17.16;_bash_4;_seed_143_alpha_20p;9453.69;1;0.3;/dados/rmelo/PDPTW-SE/benchmark_multi_floor_v3/official_experiments/multistartlp/preliminar/set_01_pt_04/logs/heur_mslp/timelines/08R_08V_02F_03M/lr107_timeline_genconfig_mslp_seed_143_alpha_20p.txt;100.28;t1;0;843.14;false
0.2;0.0;0.02;0.02;0.0;0.0;5;/dados/rmelo/PDPTW-SE/benchmark_multi_floor_v3/official_experiments/multistartlp/preliminar/set_01_pt_04/logs/heur_mslp/outputs/csvresults_heur_mslp_bash_4.csv;0;3;1;18;1;0.0;0.5;true;10;2;lr210_t2_08R_08V_02F_03M;/dados/rmelo/PDPTW-SE/benchmark_multi_floor_v3/official_experiments/multistartlp/preliminar/set_01_pt_04/configs/genconfig_mslp.conf;genconfig_mslp;/dados/rmelo/PDPTW-SE/benchmark_multi_floor_v3/official_experiments/multistartlp/preliminar/set_01_pt_04/logs/heur_mslp/gurobi/08R_08V_02F_03M/lr210_grb_genconfig_mslp_seed_143_alpha_20p.log;random;08R_08V_02F_03M;1;784;1;/dados/rmelo/PDPTW-SE/benchmark_multi_floor_v3/official_experiments/multistartlp/preliminar/set_01_pt_04/../../../../instances/orig_ams_fg/08R_08V_02F_04M/t2/lr210/;60000;5415;0;1400.05;17;9;H;50;95;0;100.0;30.0;true;0.95;100.0;1.0;1.0;1.0;1.0;60;M;59216;59216;false;58;0.71;75.46;0.93;29;10;1000000;-1;3600;30.91;0.71;0.93;mslp;heur;0.71;0.93;-1;3600;60000;I;8;0.67;0.12;lr210;0;/dados/rmelo/PDPTW-SE/benchmark_multi_floor_v3/official_experiments/multistartlp/preliminar/set_01_pt_04/logs;0;0;0;1.31;100.0;1;143;/dados/rmelo/PDPTW-SE/benchmark_multi_floor_v3/official_experiments/multistartlp/preliminar/set_01_pt_04/logs/heur_mslp/solutions/08R_08V_02F_03M/lr210_sol_genconfig_mslp_seed_143_alpha_20p.txt;Gurobi;AUTOMATIC;17.4;_bash_4;_seed_143_alpha_20p;18304.46;1;11.16;/dados/rmelo/PDPTW-SE/benchmark_multi_floor_v3/official_experiments/multistartlp/preliminar/set_01_pt_04/logs/heur_mslp/timelines/08R_08V_02F_03M/lr210_timeline_genconfig_mslp_seed_143_alpha_20p.txt;121.18;t2;0;706.87;false
0.2;0.1;0.19;0.29;0.0;0.05;6;/dados/rmelo/PDPTW-SE/benchmark_multi_floor_v3/official_experiments/multistartlp/preliminar/set_01_pt_04/logs/heur_mslp/outputs/csvresults_heur_mslp_bash_4.csv;0;3;1;18;1;0.0;0.5;true;10;2;lr106_t1_08R_08V_04F_03M;/dados/rmelo/PDPTW-SE/benchmark_multi_floor_v3/official_experiments/multistartlp/preliminar/set_01_pt_04/configs/genconfig_mslp.conf;genconfig_mslp;/dados/rmelo/PDPTW-SE/benchmark_multi_floor_v3/official_experiments/multistartlp/preliminar/set_01_pt_04/logs/heur_mslp/gurobi/08R_08V_04F_03M/lr106_grb_genconfig_mslp_seed_143_alpha_20p.log;random;08R_08V_04F_03M;1;17401;1;/dados/rmelo/PDPTW-SE/benchmark_multi_floor_v3/official_experiments/multistartlp/preliminar/set_01_pt_04/../../../../instances/orig_ams_fg/08R_08V_04F_04M/t1/lr106/;60000;120;0;1520.08;17;9;H;50;95;0;100.0;30.0;true;0.95;100.0;1.0;1.0;1.0;1.0;60;M;42599;42599;false;52;0.82;85.78;0.67;26;10;1000000;-1;3600;19.15;0.62;0.33;mslp;heur;0.35;0.07;-1;3600;60000;I;8;1.0;0.88;lr106;0;/dados/rmelo/PDPTW-SE/benchmark_multi_floor_v3/official_experiments/multistartlp/preliminar/set_01_pt_04/logs;0;0;0;29.0;100.0;1;143;/dados/rmelo/PDPTW-SE/benchmark_multi_floor_v3/official_experiments/multistartlp/preliminar/set_01_pt_04/logs/heur_mslp/solutions/08R_08V_04F_03M/lr106_sol_genconfig_mslp_seed_143_alpha_20p.txt;Gurobi;AUTOMATIC;17.99;_bash_4;_seed_143_alpha_20p;8156.99;1;0.49;/dados/rmelo/PDPTW-SE/benchmark_multi_floor_v3/official_experiments/multistartlp/preliminar/set_01_pt_04/logs/heur_mslp/timelines/08R_08V_04F_03M/lr106_timeline_genconfig_mslp_seed_143_alpha_20p.txt;96.52;t1;0;1010.71;false
0.2;0.01;0.03;0.04;0.0;0.0;7;/dados/rmelo/PDPTW-SE/benchmark_multi_floor_v3/official_experiments/multistartlp/preliminar/set_01_pt_04/logs/heur_mslp/outputs/csvresults_heur_mslp_bash_4.csv;0;3;1;18;1;0.0;0.5;true;10;2;lr209_t2_08R_08V_04F_03M;/dados/rmelo/PDPTW-SE/benchmark_multi_floor_v3/official_experiments/multistartlp/preliminar/set_01_pt_04/configs/genconfig_mslp.conf;genconfig_mslp;/dados/rmelo/PDPTW-SE/benchmark_multi_floor_v3/official_experiments/multistartlp/preliminar/set_01_pt_04/logs/heur_mslp/gurobi/08R_08V_04F_03M/lr209_grb_genconfig_mslp_seed_143_alpha_20p.log;random;08R_08V_04F_03M;1;0;1;/dados/rmelo/PDPTW-SE/benchmark_multi_floor_v3/official_experiments/multistartlp/preliminar/set_01_pt_04/../../../../instances/orig_ams_fg/08R_08V_04F_04M/t2/lr209/;60000;30890;0;922.46;17;9;H;50;95;0;100.0;30.0;true;0.95;100.0;1.0;1.0;1.0;1.0;60;M;54458;60000;false;46;0.68;79.88;0.93;23;10;1000000;-1;3600;20.95;0.42;0.77;mslp;heur;0.16;0.61;-1;3600;60000;I;8;0.67;0.25;lr209;0;/dados/rmelo/PDPTW-SE/benchmark_multi_floor_v3/official_experiments/multistartlp/preliminar/set_01_pt_04/logs;0;0;0;0.0;90.76;1;143;/dados/rmelo/PDPTW-SE/benchmark_multi_floor_v3/official_experiments/multistartlp/preliminar/set_01_pt_04/logs/heur_mslp/solutions/08R_08V_04F_03M/lr209_sol_genconfig_mslp_seed_143_alpha_20p.txt;Gurobi;AUTOMATIC;17.67;_bash_4;_seed_143_alpha_20p;12572.14;1;77.91;/dados/rmelo/PDPTW-SE/benchmark_multi_floor_v3/official_experiments/multistartlp/preliminar/set_01_pt_04/logs/heur_mslp/timelines/08R_08V_04F_03M/lr209_timeline_genconfig_mslp_seed_143_alpha_20p.txt;151.06;t2;0;838.87;false
0.2;0.04;0.07;0.11;0.0;0.0;11;/dados/rmelo/PDPTW-SE/benchmark_multi_floor_v3/official_experiments/multistartlp/preliminar/set_01_pt_04/logs/heur_mslp/outputs/csvresults_heur_mslp_bash_4.csv;0;3;1;26;1;0.0;0.5;true;14;2;lr109_t1_12R_12V_02F_03M;/dados/rmelo/PDPTW-SE/benchmark_multi_floor_v3/official_experiments/multistartlp/preliminar/set_01_pt_04/configs/genconfig_mslp.conf;genconfig_mslp;/dados/rmelo/PDPTW-SE/benchmark_multi_floor_v3/official_experiments/multistartlp/preliminar/set_01_pt_04/logs/heur_mslp/gurobi/12R_12V_02F_03M/lr109_grb_genconfig_mslp_seed_143_alpha_20p.log;random;12R_12V_02F_03M;1;14678;1;/dados/rmelo/PDPTW-SE/benchmark_multi_floor_v3/official_experiments/multistartlp/preliminar/set_01_pt_04/../../../../instances/orig_ams_fg/12R_12V_02F_04M/t1/lr109/;60000;10415;0;1205.72;25;13;H;50;95;0;100.0;30.0;true;0.95;100.0;1.0;1.0;1.0;1.0;60;M;45322;45322;false;58;0.88;78.59;0.95;29;10;1000000;-1;3600;9.52;0.73;0.48;mslp;heur;0.56;0.21;-1;3600;60000;I;12;1.0;0.5;lr109;0;/dados/rmelo/PDPTW-SE/benchmark_multi_floor_v3/official_experiments/multistartlp/preliminar/set_01_pt_04/logs;0;0;0;24.46;100.0;1;143;/dados/rmelo/PDPTW-SE/benchmark_multi_floor_v3/official_experiments/multistartlp/preliminar/set_01_pt_04/logs/heur_mslp/solutions/12R_12V_02F_03M/lr109_sol_genconfig_mslp_seed_143_alpha_20p.txt;Gurobi;AUTOMATIC;17.85;_bash_4;_seed_143_alpha_20p;4312.84;1;20.45;/dados/rmelo/PDPTW-SE/benchmark_multi_floor_v3/official_experiments/multistartlp/preliminar/set_01_pt_04/logs/heur_mslp/timelines/12R_12V_02F_03M/lr109_timeline_genconfig_mslp_seed_143_alpha_20p.txt;115.07;t1;0;1008.76;false
0.2;0.0;0.02;0.02;0.0;0.0;17;/dados/rmelo/PDPTW-SE/benchmark_multi_floor_v3/official_experiments/multistartlp/preliminar/set_01_pt_04/logs/heur_mslp/outputs/csvresults_heur_mslp_bash_4.csv;0;3;1;26;1;0.0;0.5;true;14;2;lr207_t2_12R_12V_02F_03M;/dados/rmelo/PDPTW-SE/benchmark_multi_floor_v3/official_experiments/multistartlp/preliminar/set_01_pt_04/configs/genconfig_mslp.conf;genconfig_mslp;/dados/rmelo/PDPTW-SE/benchmark_multi_floor_v3/official_experiments/multistartlp/preliminar/set_01_pt_04/logs/heur_mslp/gurobi/12R_12V_02F_03M/lr207_grb_genconfig_mslp_seed_143_alpha_20p.log;random;12R_12V_02F_03M;1;0;1;/dados/rmelo/PDPTW-SE/benchmark_multi_floor_v3/official_experiments/multistartlp/preliminar/set_01_pt_04/../../../../instances/orig_ams_fg/12R_12V_02F_04M/t2/lr207/;60000;43356;0;1538.74;25;13;H;50;95;0;100.0;30.0;true;0.95;100.0;1.0;1.0;1.0;1.0;60;M;59989;60000;false;40;0.84;83.45;0.98;20;10;1000000;-1;3600;14.01;0.55;0.97;mslp;heur;0.25;0.96;-1;3600;60000;I;12;0.67;0.17;lr207;0;/dados/rmelo/PDPTW-SE/benchmark_multi_floor_v3/official_experiments/multistartlp/preliminar/set_01_pt_04/logs;0;0;0;0.0;99.98;1;143;/dados/rmelo/PDPTW-SE/benchmark_multi_floor_v3/official_experiments/multistartlp/preliminar/set_01_pt_04/logs/heur_mslp/solutions/12R_12V_02F_03M/lr207_sol_genconfig_mslp_seed_143_alpha_20p.txt;Gurobi;AUTOMATIC;17.87;_bash_4;_seed_143_alpha_20p;8403.07;1;171.97;/dados/rmelo/PDPTW-SE/benchmark_multi_floor_v3/official_experiments/multistartlp/preliminar/set_01_pt_04/logs/heur_mslp/timelines/12R_12V_02F_03M/lr207_timeline_genconfig_mslp_seed_143_alpha_20p.txt;238.01;t2;0;1091.46;false
0.2;0.2;0.29;0.49;0.0;0.02;5;/dados/rmelo/PDPTW-SE/benchmark_multi_floor_v3/official_experiments/multistartlp/preliminar/set_01_pt_04/logs/heur_mslp/outputs/csvresults_heur_mslp_bash_4.csv;0;3;1;26;1;0.0;0.5;true;14;2;lr106_t1_12R_12V_04F_03M;/dados/rmelo/PDPTW-SE/benchmark_multi_floor_v3/official_experiments/multistartlp/preliminar/set_01_pt_04/configs/genconfig_mslp.conf;genconfig_mslp;/dados/rmelo/PDPTW-SE/benchmark_multi_floor_v3/official_experiments/multistartlp/preliminar/set_01_pt_04/logs/heur_mslp/gurobi/12R_12V_04F_03M/lr106_grb_genconfig_mslp_seed_143_alpha_20p.log;random;12R_12V_04F_03M;1;41632;1;/dados/rmelo/PDPTW-SE/benchmark_multi_floor_v3/official_experiments/multistartlp/preliminar/set_01_pt_04/../../../../instances/orig_ams_fg/12R_12V_04F_04M/t1/lr106/;60000;1247;0;1812.09;25;13;H;50;95;0;100.0;30.0;true;0.95;100.0;1.0;1.0;1.0;1.0;60;M;18368;18368;false;52;1.0;86.16;1.0;26;10;1000000;-1;3600;11.49;0.68;0.42;mslp;heur;0.41;0.17;-1;3600;60000;I;12;1.0;0.75;lr106;0;/dados/rmelo/PDPTW-SE/benchmark_multi_floor_v3/official_experiments/multistartlp/preliminar/set_01_pt_04/logs;0;0;0;69.39;100.0;1;143;/dados/rmelo/PDPTW-SE/benchmark_multi_floor_v3/official_experiments/multistartlp/preliminar/set_01_pt_04/logs/heur_mslp/solutions/12R_12V_04F_03M/lr106_sol_genconfig_mslp_seed_143_alpha_20p.txt;Gurobi;AUTOMATIC;17.96;_bash_4;_seed_143_alpha_20p;2109.7;1;2.23;/dados/rmelo/PDPTW-SE/benchmark_multi_floor_v3/official_experiments/multistartlp/preliminar/set_01_pt_04/logs/heur_mslp/timelines/12R_12V_04F_03M/lr106_timeline_genconfig_mslp_seed_143_alpha_20p.txt;77.36;t1;0;1416.45;false
0.2;0.02;0.03;0.05;0.0;0.02;6;/dados/rmelo/PDPTW-SE/benchmark_multi_floor_v3/official_experiments/multistartlp/preliminar/set_01_pt_04/logs/heur_mslp/outputs/csvresults_heur_mslp_bash_4.csv;0;3;1;26;1;0.0;0.5;true;14;2;lr209_t2_12R_12V_04F_03M;/dados/rmelo/PDPTW-SE/benchmark_multi_floor_v3/official_experiments/multistartlp/preliminar/set_01_pt_04/configs/genconfig_mslp.conf;genconfig_mslp;/dados/rmelo/PDPTW-SE/benchmark_multi_floor_v3/official_experiments/multistartlp/preliminar/set_01_pt_04/logs/heur_mslp/gurobi/12R_12V_04F_03M/lr209_grb_genconfig_mslp_seed_143_alpha_20p.log;random;12R_12V_04F_03M;1;0;1;/dados/rmelo/PDPTW-SE/benchmark_multi_floor_v3/official_experiments/multistartlp/preliminar/set_01_pt_04/../../../../instances/orig_ams_fg/12R_12V_04F_04M/t2/lr209/;60000;907;0;1683.22;25;13;H;50;95;0;100.0;30.0;true;0.95;100.0;1.0;1.0;1.0;1.0;60;M;60000;60000;false;46;0.61;91.85;0.87;23;10;1000000;-1;3600;14.68;0.6;0.84;mslp;heur;0.59;0.82;-1;3600;60000;I;12;1.0;0.17;lr209;0;/dados/rmelo/PDPTW-SE/benchmark_multi_floor_v3/official_experiments/multistartlp/preliminar/set_01_pt_04/logs;0;0;0;0.0;100.0;1;143;/dados/rmelo/PDPTW-SE/benchmark_multi_floor_v3/official_experiments/multistartlp/preliminar/set_01_pt_04/logs/heur_mslp/solutions/12R_12V_04F_03M/lr209_sol_genconfig_mslp_seed_143_alpha_20p.txt;Gurobi;AUTOMATIC;17.79;_bash_4;_seed_143_alpha_20p;8805.63;1;4.16;/dados/rmelo/PDPTW-SE/benchmark_multi_floor_v3/official_experiments/multistartlp/preliminar/set_01_pt_04/logs/heur_mslp/timelines/12R_12V_04F_03M/lr209_timeline_genconfig_mslp_seed_143_alpha_20p.txt;239.62;t2;0;1204.02;false
0.2;0.02;0.04;0.05;0.0;0.1;3;/dados/rmelo/PDPTW-SE/benchmark_multi_floor_v3/official_experiments/multistartlp/preliminar/set_01_pt_04/logs/heur_mslp/outputs/csvresults_heur_mslp_bash_4.csv;0;5;1;82;1;0.0;0.5;true;42;2;LR1_2_6_t1_40R_40V_02F_05M;/dados/rmelo/PDPTW-SE/benchmark_multi_floor_v3/official_experiments/multistartlp/preliminar/set_01_pt_04/configs/genconfig_mslp.conf;genconfig_mslp;/dados/rmelo/PDPTW-SE/benchmark_multi_floor_v3/official_experiments/multistartlp/preliminar/set_01_pt_04/logs/heur_mslp/gurobi/40R_40V_02F_05M/LR1_2_6_grb_genconfig_mslp_seed_143_alpha_20p.log;random;40R_40V_02F_05M;1;59140;1;/dados/rmelo/PDPTW-SE/benchmark_multi_floor_v3/official_experiments/multistartlp/preliminar/set_01_pt_04/../../../../instances/orig_ams_fg/40R_40V_02F_06M/t1/LR1_2_6/;60000;39123;0;9447.14;81;41;H;50;95;0;100.0;30.0;true;0.95;100.0;1.0;1.0;1.0;1.0;60;M;860;860;false;72;0.98;184.05;0.93;36;10;1000000;-1;3600;4.25;0.4;0.48;mslp;heur;0.22;0.12;-1;3600;60000;I;40;1.0;0.42;LR1_2_6;0;/dados/rmelo/PDPTW-SE/benchmark_multi_floor_v3/official_experiments/multistartlp/preliminar/set_01_pt_04/logs;0;0;0;98.57;100.0;1;143;/dados/rmelo/PDPTW-SE/benchmark_multi_floor_v3/official_experiments/multistartlp/preliminar/set_01_pt_04/logs/heur_mslp/solutions/40R_40V_02F_05M/LR1_2_6_sol_genconfig_mslp_seed_143_alpha_20p.txt;Gurobi;AUTOMATIC;17.83;_bash_4;_seed_143_alpha_20p;36.58;1;137.48;/dados/rmelo/PDPTW-SE/benchmark_multi_floor_v3/official_experiments/multistartlp/preliminar/set_01_pt_04/logs/heur_mslp/timelines/40R_40V_02F_05M/LR1_2_6_timeline_genconfig_mslp_seed_143_alpha_20p.txt;210.38;t1;0;7795.04;false
0.2;0.01;0.01;0.02;0.0;0.11;13;/dados/rmelo/PDPTW-SE/benchmark_multi_floor_v3/official_experiments/multistartlp/preliminar/set_01_pt_04/logs/heur_mslp/outputs/csvresults_heur_mslp_bash_4.csv;0;5;1;82;1;0.0;0.5;true;42;2;LR2_2_9_t2_40R_40V_02F_05M;/dados/rmelo/PDPTW-SE/benchmark_multi_floor_v3/official_experiments/multistartlp/preliminar/set_01_pt_04/configs/genconfig_mslp.conf;genconfig_mslp;/dados/rmelo/PDPTW-SE/benchmark_multi_floor_v3/official_experiments/multistartlp/preliminar/set_01_pt_04/logs/heur_mslp/gurobi/40R_40V_02F_05M/LR2_2_9_grb_genconfig_mslp_seed_143_alpha_20p.log;random;40R_40V_02F_05M;1;0;1;/dados/rmelo/PDPTW-SE/benchmark_multi_floor_v3/official_experiments/multistartlp/preliminar/set_01_pt_04/../../../../instances/orig_ams_fg/40R_40V_02F_06M/t2/LR2_2_9/;60000;48898;0;10267.29;81;41;H;50;95;0;100.0;30.0;true;0.95;100.0;1.0;1.0;1.0;1.0;60;M;60000;60000;false;74;0.78;179.34;1.0;37;10;1000000;-1;3600;7.3;0.55;0.87;mslp;heur;0.18;0.43;-1;3600;60000;I;40;1.0;0.15;LR2_2_9;0;/dados/rmelo/PDPTW-SE/benchmark_multi_floor_v3/official_experiments/multistartlp/preliminar/set_01_pt_04/logs;0;0;0;0.0;100.0;1;143;/dados/rmelo/PDPTW-SE/benchmark_multi_floor_v3/official_experiments/multistartlp/preliminar/set_01_pt_04/logs/heur_mslp/solutions/40R_40V_02F_05M/LR2_2_9_sol_genconfig_mslp_seed_143_alpha_20p.txt;Gurobi;AUTOMATIC;17.98;_bash_4;_seed_143_alpha_20p;4381.15;1;1029.25;/dados/rmelo/PDPTW-SE/benchmark_multi_floor_v3/official_experiments/multistartlp/preliminar/set_01_pt_04/logs/heur_mslp/timelines/40R_40V_02F_05M/LR2_2_9_timeline_genconfig_mslp_seed_143_alpha_20p.txt;1261.75;t2;0;8395.25;false
0.2;0.11;0.15;0.27;0.0;0.04;15;/dados/rmelo/PDPTW-SE/benchmark_multi_floor_v3/official_experiments/multistartlp/preliminar/set_01_pt_04/logs/heur_mslp/outputs/csvresults_heur_mslp_bash_4.csv;0;5;1;82;1;0.0;0.5;true;42;2;LR1_2_10_t1_40R_40V_04F_05M;/dados/rmelo/PDPTW-SE/benchmark_multi_floor_v3/official_experiments/multistartlp/preliminar/set_01_pt_04/configs/genconfig_mslp.conf;genconfig_mslp;/dados/rmelo/PDPTW-SE/benchmark_multi_floor_v3/official_experiments/multistartlp/preliminar/set_01_pt_04/logs/heur_mslp/gurobi/40R_40V_04F_05M/LR1_2_10_grb_genconfig_mslp_seed_143_alpha_20p.log;random;40R_40V_04F_05M;1;59483;1;/dados/rmelo/PDPTW-SE/benchmark_multi_floor_v3/official_experiments/multistartlp/preliminar/set_01_pt_04/../../../../instances/orig_ams_fg/40R_40V_04F_06M/t1/LR1_2_10/;60000;43975;0;9431.05;81;41;H;50;95;0;100.0;30.0;true;0.95;100.0;1.0;1.0;1.0;1.0;60;M;517;517;false;72;0.94;178.35;1.0;36;10;1000000;-1;3600;6.33;0.62;0.5;mslp;heur;0.22;0.11;-1;3600;60000;I;40;1.0;0.48;LR1_2_10;0;/dados/rmelo/PDPTW-SE/benchmark_multi_floor_v3/official_experiments/multistartlp/preliminar/set_01_pt_04/logs;0;0;0;99.14;100.0;1;143;/dados/rmelo/PDPTW-SE/benchmark_multi_floor_v3/official_experiments/multistartlp/preliminar/set_01_pt_04/logs/heur_mslp/solutions/40R_40V_04F_05M/LR1_2_10_sol_genconfig_mslp_seed_143_alpha_20p.txt;Gurobi;AUTOMATIC;17.73;_bash_4;_seed_143_alpha_20p;32.75;1;191.38;/dados/rmelo/PDPTW-SE/benchmark_multi_floor_v3/official_experiments/multistartlp/preliminar/set_01_pt_04/logs/heur_mslp/timelines/40R_40V_04F_05M/LR1_2_10_timeline_genconfig_mslp_seed_143_alpha_20p.txt;261.68;t1;0;7514.89;false
0.2;0.02;0.03;0.05;0.0;0.05;10;/dados/rmelo/PDPTW-SE/benchmark_multi_floor_v3/official_experiments/multistartlp/preliminar/set_01_pt_04/logs/heur_mslp/outputs/csvresults_heur_mslp_bash_4.csv;0;5;1;82;1;0.0;0.5;true;42;2;LR2_2_6_t2_40R_40V_04F_05M;/dados/rmelo/PDPTW-SE/benchmark_multi_floor_v3/official_experiments/multistartlp/preliminar/set_01_pt_04/configs/genconfig_mslp.conf;genconfig_mslp;/dados/rmelo/PDPTW-SE/benchmark_multi_floor_v3/official_experiments/multistartlp/preliminar/set_01_pt_04/logs/heur_mslp/gurobi/40R_40V_04F_05M/LR2_2_6_grb_genconfig_mslp_seed_143_alpha_20p.log;random;40R_40V_04F_05M;1;0;1;/dados/rmelo/PDPTW-SE/benchmark_multi_floor_v3/official_experiments/multistartlp/preliminar/set_01_pt_04/../../../../instances/orig_ams_fg/40R_40V_04F_06M/t2/LR2_2_6/;60000;24179;0;11935.62;81;41;H;50;95;0;100.0;30.0;true;0.95;100.0;1.0;1.0;1.0;1.0;60;M;60000;60000;false;80;0.9;192.66;1.0;40;10;1000000;-1;3600;3.28;0.8;0.99;mslp;heur;0.63;0.99;-1;3600;60000;I;40;1.0;0.1;LR2_2_6;0;/dados/rmelo/PDPTW-SE/benchmark_multi_floor_v3/official_experiments/multistartlp/preliminar/set_01_pt_04/logs;0;0;0;0.0;100.0;1;143;/dados/rmelo/PDPTW-SE/benchmark_multi_floor_v3/official_experiments/multistartlp/preliminar/set_01_pt_04/logs/heur_mslp/solutions/40R_40V_04F_05M/LR2_2_6_sol_genconfig_mslp_seed_143_alpha_20p.txt;Gurobi;AUTOMATIC;17.65;_bash_4;_seed_143_alpha_20p;1965.27;1;1020.73;/dados/rmelo/PDPTW-SE/benchmark_multi_floor_v3/official_experiments/multistartlp/preliminar/set_01_pt_04/logs/heur_mslp/timelines/40R_40V_04F_05M/LR2_2_6_timeline_genconfig_mslp_seed_143_alpha_20p.txt;2522.41;t2;0;8066.46;false
0.2;0.04;0.08;0.12;0.0;0.05;4;/dados/rmelo/PDPTW-SE/benchmark_multi_floor_v3/official_experiments/multistartlp/preliminar/set_01_pt_04/logs/heur_mslp/outputs/csvresults_heur_mslp_bash_4.csv;0;5;1;122;1;0.0;0.5;true;62;2;LR1_2_6_t1_60R_60V_02F_05M;/dados/rmelo/PDPTW-SE/benchmark_multi_floor_v3/official_experiments/multistartlp/preliminar/set_01_pt_04/configs/genconfig_mslp.conf;genconfig_mslp;/dados/rmelo/PDPTW-SE/benchmark_multi_floor_v3/official_experiments/multistartlp/preliminar/set_01_pt_04/logs/heur_mslp/gurobi/60R_60V_02F_05M/LR1_2_6_grb_genconfig_mslp_seed_143_alpha_20p.log;random;60R_60V_02F_05M;1;58146;1;/dados/rmelo/PDPTW-SE/benchmark_multi_floor_v3/official_experiments/multistartlp/preliminar/set_01_pt_04/../../../../instances/orig_ams_fg/60R_60V_02F_06M/t1/LR1_2_6/;60000;51562;0;12458.05;121;61;H;50;95;0;100.0;30.0;true;0.95;100.0;1.0;1.0;1.0;1.0;60;M;1854;1854;false;82;0.92;191.73;0.99;41;10;1000000;-1;3600;4.94;0.71;0.54;mslp;heur;0.25;0.11;-1;3600;60000;I;60;1.0;0.38;LR1_2_6;0;/dados/rmelo/PDPTW-SE/benchmark_multi_floor_v3/official_experiments/multistartlp/preliminar/set_01_pt_04/logs;0;0;0;96.91;100.0;1;143;/dados/rmelo/PDPTW-SE/benchmark_multi_floor_v3/official_experiments/multistartlp/preliminar/set_01_pt_04/logs/heur_mslp/solutions/60R_60V_02F_05M/LR1_2_6_sol_genconfig_mslp_seed_143_alpha_20p.txt;Gurobi;AUTOMATIC;17.52;_bash_4;_seed_143_alpha_20p;91.6;1;403.97;/dados/rmelo/PDPTW-SE/benchmark_multi_floor_v3/official_experiments/multistartlp/preliminar/set_01_pt_04/logs/heur_mslp/timelines/60R_60V_02F_05M/LR1_2_6_timeline_genconfig_mslp_seed_143_alpha_20p.txt;469.55;t1;0;10332.62;false
0.2;0.01;0.02;0.02;0.0;0.09;3;/dados/rmelo/PDPTW-SE/benchmark_multi_floor_v3/official_experiments/multistartlp/preliminar/set_01_pt_04/logs/heur_mslp/outputs/csvresults_heur_mslp_bash_4.csv;0;5;1;122;1;0.0;0.5;true;62;2;LR2_2_6_t2_60R_60V_02F_05M;/dados/rmelo/PDPTW-SE/benchmark_multi_floor_v3/official_experiments/multistartlp/preliminar/set_01_pt_04/configs/genconfig_mslp.conf;genconfig_mslp;/dados/rmelo/PDPTW-SE/benchmark_multi_floor_v3/official_experiments/multistartlp/preliminar/set_01_pt_04/logs/heur_mslp/gurobi/60R_60V_02F_05M/LR2_2_6_grb_genconfig_mslp_seed_143_alpha_20p.log;random;60R_60V_02F_05M;1;0;1;/dados/rmelo/PDPTW-SE/benchmark_multi_floor_v3/official_experiments/multistartlp/preliminar/set_01_pt_04/../../../../instances/orig_ams_fg/60R_60V_02F_06M/t2/LR2_2_6/;56441;49705;0;15293.19;121;61;H;50;95;0;100.0;30.0;true;0.95;100.0;1.0;1.0;1.0;1.0;60;M;56441;56441;false;80;0.89;185.63;1.0;40;10;1000000;-1;3600;5.37;0.71;0.89;mslp;heur;0.32;0.44;-1;3600;60000;I;60;1.0;0.1;LR2_2_6;0;/dados/rmelo/PDPTW-SE/benchmark_multi_floor_v3/official_experiments/multistartlp/preliminar/set_01_pt_04/logs;0;0;0;0.0;100.0;1;143;/dados/rmelo/PDPTW-SE/benchmark_multi_floor_v3/official_experiments/multistartlp/preliminar/set_01_pt_04/logs/heur_mslp/solutions/60R_60V_02F_05M/LR2_2_6_sol_genconfig_mslp_seed_143_alpha_20p.txt;Gurobi;AUTOMATIC;17.62;_bash_4;_seed_143_alpha_20p;3028.49;1;3171.76;/dados/rmelo/PDPTW-SE/benchmark_multi_floor_v3/official_experiments/multistartlp/preliminar/set_01_pt_04/logs/heur_mslp/timelines/60R_60V_02F_05M/LR2_2_6_timeline_genconfig_mslp_seed_143_alpha_20p.txt;3600.07;t2;0;10788.54;false
0.2;0.15;0.19;0.35;0.01;0.07;4;/dados/rmelo/PDPTW-SE/benchmark_multi_floor_v3/official_experiments/multistartlp/preliminar/set_01_pt_04/logs/heur_mslp/outputs/csvresults_heur_mslp_bash_4.csv;0;5;1;122;1;0.0;0.5;true;62;2;LR1_2_9_t1_60R_60V_04F_05M;/dados/rmelo/PDPTW-SE/benchmark_multi_floor_v3/official_experiments/multistartlp/preliminar/set_01_pt_04/configs/genconfig_mslp.conf;genconfig_mslp;/dados/rmelo/PDPTW-SE/benchmark_multi_floor_v3/official_experiments/multistartlp/preliminar/set_01_pt_04/logs/heur_mslp/gurobi/60R_60V_04F_05M/LR1_2_9_grb_genconfig_mslp_seed_143_alpha_20p.log;random;60R_60V_04F_05M;1;59956;1;/dados/rmelo/PDPTW-SE/benchmark_multi_floor_v3/official_experiments/multistartlp/preliminar/set_01_pt_04/../../../../instances/orig_ams_fg/60R_60V_04F_06M/t1/LR1_2_9/;60000;37613;0;13804.81;121;61;H;50;95;0;100.0;30.0;true;0.95;100.0;1.0;1.0;1.0;1.0;60;M;44;44;false;86;0.99;198.99;0.94;43;10;1000000;-1;3600;7.62;0.66;0.48;mslp;heur;0.36;0.15;-1;3600;60000;I;60;1.0;0.45;LR1_2_9;0;/dados/rmelo/PDPTW-SE/benchmark_multi_floor_v3/official_experiments/multistartlp/preliminar/set_01_pt_04/logs;0;0;0;99.93;100.0;1;143;/dados/rmelo/PDPTW-SE/benchmark_multi_floor_v3/official_experiments/multistartlp/preliminar/set_01_pt_04/logs/heur_mslp/solutions/60R_60V_04F_05M/LR1_2_9_sol_genconfig_mslp_seed_143_alpha_20p.txt;Gurobi;AUTOMATIC;17.73;_bash_4;_seed_143_alpha_20p;3.35;1;317.92;/dados/rmelo/PDPTW-SE/benchmark_multi_floor_v3/official_experiments/multistartlp/preliminar/set_01_pt_04/logs/heur_mslp/timelines/60R_60V_04F_05M/LR1_2_9_timeline_genconfig_mslp_seed_143_alpha_20p.txt;507.3;t1;0;12312.59;false
0.2;0.03;0.05;0.07;0.0;0.0;1;/dados/rmelo/PDPTW-SE/benchmark_multi_floor_v3/official_experiments/multistartlp/preliminar/set_01_pt_04/logs/heur_mslp/outputs/csvresults_heur_mslp_bash_4.csv;0;5;1;122;1;0.0;0.5;true;62;2;LR2_2_7_t2_60R_60V_04F_05M;/dados/rmelo/PDPTW-SE/benchmark_multi_floor_v3/official_experiments/multistartlp/preliminar/set_01_pt_04/configs/genconfig_mslp.conf;genconfig_mslp;/dados/rmelo/PDPTW-SE/benchmark_multi_floor_v3/official_experiments/multistartlp/preliminar/set_01_pt_04/logs/heur_mslp/gurobi/60R_60V_04F_05M/LR2_2_7_grb_genconfig_mslp_seed_143_alpha_20p.log;random;60R_60V_04F_05M;1;7651;1;/dados/rmelo/PDPTW-SE/benchmark_multi_floor_v3/official_experiments/multistartlp/preliminar/set_01_pt_04/../../../../instances/orig_ams_fg/60R_60V_04F_06M/t2/LR2_2_7/;31686;1;0;13390.14;121;61;H;50;95;0;100.0;30.0;true;0.95;100.0;1.0;1.0;1.0;1.0;60;M;24035;24035;false;78;0.89;195.28;1.0;39;10;1000000;-1;3600;1.57;0.71;0.92;mslp;heur;0.18;0.68;-1;3600;60000;I;60;1.0;0.1;LR2_2_7;0;/dados/rmelo/PDPTW-SE/benchmark_multi_floor_v3/official_experiments/multistartlp/preliminar/set_01_pt_04/logs;0;0;0;24.15;100.0;1;143;/dados/rmelo/PDPTW-SE/benchmark_multi_floor_v3/official_experiments/multistartlp/preliminar/set_01_pt_04/logs/heur_mslp/solutions/60R_60V_04F_05M/LR2_2_7_sol_genconfig_mslp_seed_143_alpha_20p.txt;Gurobi;AUTOMATIC;17.94;_bash_4;_seed_143_alpha_20p;376.41;1;0.14;/dados/rmelo/PDPTW-SE/benchmark_multi_floor_v3/official_experiments/multistartlp/preliminar/set_01_pt_04/logs/heur_mslp/timelines/60R_60V_04F_05M/LR2_2_7_timeline_genconfig_mslp_seed_143_alpha_20p.txt;3600.11;t2;0;10775.82;false
0.2;0.01;0.06;0.07;0.0;0.0;5;/dados/rmelo/PDPTW-SE/benchmark_multi_floor_v3/official_experiments/multistartlp/preliminar/set_01_pt_04/logs/heur_mslp/outputs/csvresults_heur_mslp_bash_4.csv;0;3;1;18;1;0.0;0.5;true;10;2;lr107_t1_08R_08V_02F_03M;/dados/rmelo/PDPTW-SE/benchmark_multi_floor_v3/official_experiments/multistartlp/preliminar/set_01_pt_04/configs/genconfig_mslp.conf;genconfig_mslp;/dados/rmelo/PDPTW-SE/benchmark_multi_floor_v3/official_experiments/multistartlp/preliminar/set_01_pt_04/logs/heur_mslp/gurobi/08R_08V_02F_03M/lr107_grb_genconfig_mslp_seed_150_alpha_20p.log;random;08R_08V_02F_03M;1;0;1;/dados/rmelo/PDPTW-SE/benchmark_multi_floor_v3/official_experiments/multistartlp/preliminar/set_01_pt_04/../../../../instances/orig_ams_fg/08R_08V_02F_04M/t1/lr107/;60000;86;0;1085.6;17;9;H;50;95;0;100.0;30.0;true;0.95;100.0;1.0;1.0;1.0;1.0;60;M;60000;60000;false;40;0.94;80.43;0.72;20;10;1000000;-1;3600;15.77;0.73;0.6;mslp;heur;0.47;0.46;-1;3600;60000;I;8;1.0;0.62;lr107;0;/dados/rmelo/PDPTW-SE/benchmark_multi_floor_v3/official_experiments/multistartlp/preliminar/set_01_pt_04/logs;0;0;0;0.0;100.0;1;150;/dados/rmelo/PDPTW-SE/benchmark_multi_floor_v3/official_experiments/multistartlp/preliminar/set_01_pt_04/logs/heur_mslp/solutions/08R_08V_02F_03M/lr107_sol_genconfig_mslp_seed_150_alpha_20p.txt;Gurobi;AUTOMATIC;17.27;_bash_4;_seed_150_alpha_20p;9459.98;1;0.41;/dados/rmelo/PDPTW-SE/benchmark_multi_floor_v3/official_experiments/multistartlp/preliminar/set_01_pt_04/logs/heur_mslp/timelines/08R_08V_02F_03M/lr107_timeline_genconfig_mslp_seed_150_alpha_20p.txt;100.47;t1;0;843.14;false
0.2;0.0;0.02;0.02;0.0;0.0;4;/dados/rmelo/PDPTW-SE/benchmark_multi_floor_v3/official_experiments/multistartlp/preliminar/set_01_pt_04/logs/heur_mslp/outputs/csvresults_heur_mslp_bash_4.csv;0;3;1;18;1;0.0;0.5;true;10;2;lr210_t2_08R_08V_02F_03M;/dados/rmelo/PDPTW-SE/benchmark_multi_floor_v3/official_experiments/multistartlp/preliminar/set_01_pt_04/configs/genconfig_mslp.conf;genconfig_mslp;/dados/rmelo/PDPTW-SE/benchmark_multi_floor_v3/official_experiments/multistartlp/preliminar/set_01_pt_04/logs/heur_mslp/gurobi/08R_08V_02F_03M/lr210_grb_genconfig_mslp_seed_150_alpha_20p.log;random;08R_08V_02F_03M;1;756;1;/dados/rmelo/PDPTW-SE/benchmark_multi_floor_v3/official_experiments/multistartlp/preliminar/set_01_pt_04/../../../../instances/orig_ams_fg/08R_08V_02F_04M/t2/lr210/;60000;7590;0;1363.41;17;9;H;50;95;0;100.0;30.0;true;0.95;100.0;1.0;1.0;1.0;1.0;60;M;59244;59244;false;58;0.71;75.46;0.93;29;10;1000000;-1;3600;30.88;0.71;0.93;mslp;heur;0.71;0.93;-1;3600;60000;I;8;0.67;0.12;lr210;0;/dados/rmelo/PDPTW-SE/benchmark_multi_floor_v3/official_experiments/multistartlp/preliminar/set_01_pt_04/logs;0;0;0;1.26;100.0;1;150;/dados/rmelo/PDPTW-SE/benchmark_multi_floor_v3/official_experiments/multistartlp/preliminar/set_01_pt_04/logs/heur_mslp/solutions/08R_08V_02F_03M/lr210_sol_genconfig_mslp_seed_150_alpha_20p.txt;Gurobi;AUTOMATIC;17.52;_bash_4;_seed_150_alpha_20p;18296.85;1;15.61;/dados/rmelo/PDPTW-SE/benchmark_multi_floor_v3/official_experiments/multistartlp/preliminar/set_01_pt_04/logs/heur_mslp/timelines/08R_08V_02F_03M/lr210_timeline_genconfig_mslp_seed_150_alpha_20p.txt;120.43;t2;0;706.87;false
0.2;0.1;0.19;0.29;0.0;0.05;8;/dados/rmelo/PDPTW-SE/benchmark_multi_floor_v3/official_experiments/multistartlp/preliminar/set_01_pt_04/logs/heur_mslp/outputs/csvresults_heur_mslp_bash_4.csv;0;3;1;18;1;0.0;0.5;true;10;2;lr106_t1_08R_08V_04F_03M;/dados/rmelo/PDPTW-SE/benchmark_multi_floor_v3/official_experiments/multistartlp/preliminar/set_01_pt_04/configs/genconfig_mslp.conf;genconfig_mslp;/dados/rmelo/PDPTW-SE/benchmark_multi_floor_v3/official_experiments/multistartlp/preliminar/set_01_pt_04/logs/heur_mslp/gurobi/08R_08V_04F_03M/lr106_grb_genconfig_mslp_seed_150_alpha_20p.log;random;08R_08V_04F_03M;1;17092;1;/dados/rmelo/PDPTW-SE/benchmark_multi_floor_v3/official_experiments/multistartlp/preliminar/set_01_pt_04/../../../../instances/orig_ams_fg/08R_08V_04F_04M/t1/lr106/;60000;5471;0;1306.72;17;9;H;50;95;0;100.0;30.0;true;0.95;100.0;1.0;1.0;1.0;1.0;60;M;42908;42908;false;52;0.82;85.78;0.67;26;10;1000000;-1;3600;19.17;0.62;0.34;mslp;heur;0.35;0.06;-1;3600;60000;I;8;1.0;0.88;lr106;0;/dados/rmelo/PDPTW-SE/benchmark_multi_floor_v3/official_experiments/multistartlp/preliminar/set_01_pt_04/logs;0;0;0;28.49;100.0;1;150;/dados/rmelo/PDPTW-SE/benchmark_multi_floor_v3/official_experiments/multistartlp/preliminar/set_01_pt_04/logs/heur_mslp/solutions/08R_08V_04F_03M/lr106_sol_genconfig_mslp_seed_150_alpha_20p.txt;Gurobi;AUTOMATIC;18.03;_bash_4;_seed_150_alpha_20p;8226.68;1;9.36;/dados/rmelo/PDPTW-SE/benchmark_multi_floor_v3/official_experiments/multistartlp/preliminar/set_01_pt_04/logs/heur_mslp/timelines/08R_08V_04F_03M/lr106_timeline_genconfig_mslp_seed_150_alpha_20p.txt;96.7;t1;0;1010.71;false
0.2;0.01;0.03;0.04;0.0;0.0;10;/dados/rmelo/PDPTW-SE/benchmark_multi_floor_v3/official_experiments/multistartlp/preliminar/set_01_pt_04/logs/heur_mslp/outputs/csvresults_heur_mslp_bash_4.csv;0;3;1;18;1;0.0;0.5;true;10;2;lr209_t2_08R_08V_04F_03M;/dados/rmelo/PDPTW-SE/benchmark_multi_floor_v3/official_experiments/multistartlp/preliminar/set_01_pt_04/configs/genconfig_mslp.conf;genconfig_mslp;/dados/rmelo/PDPTW-SE/benchmark_multi_floor_v3/official_experiments/multistartlp/preliminar/set_01_pt_04/logs/heur_mslp/gurobi/08R_08V_04F_03M/lr209_grb_genconfig_mslp_seed_150_alpha_20p.log;random;08R_08V_04F_03M;1;0;1;/dados/rmelo/PDPTW-SE/benchmark_multi_floor_v3/official_experiments/multistartlp/preliminar/set_01_pt_04/../../../../instances/orig_ams_fg/08R_08V_04F_04M/t2/lr209/;60000;24321;0;1458.46;17;9;H;50;95;0;100.0;30.0;true;0.95;100.0;1.0;1.0;1.0;1.0;60;M;54522;60000;false;46;0.68;79.88;0.93;23;10;1000000;-1;3600;21.03;0.42;0.77;mslp;heur;0.16;0.61;-1;3600;60000;I;8;0.67;0.25;lr209;0;/dados/rmelo/PDPTW-SE/benchmark_multi_floor_v3/official_experiments/multistartlp/preliminar/set_01_pt_04/logs;0;0;0;0.0;90.87;1;150;/dados/rmelo/PDPTW-SE/benchmark_multi_floor_v3/official_experiments/multistartlp/preliminar/set_01_pt_04/logs/heur_mslp/solutions/08R_08V_04F_03M/lr209_sol_genconfig_mslp_seed_150_alpha_20p.txt;Gurobi;AUTOMATIC;17.71;_bash_4;_seed_150_alpha_20p;12615.91;1;61.55;/dados/rmelo/PDPTW-SE/benchmark_multi_floor_v3/official_experiments/multistartlp/preliminar/set_01_pt_04/logs/heur_mslp/timelines/08R_08V_04F_03M/lr209_timeline_genconfig_mslp_seed_150_alpha_20p.txt;149.65;t2;0;838.87;false
0.2;0.04;0.07;0.11;0.0;0.0;9;/dados/rmelo/PDPTW-SE/benchmark_multi_floor_v3/official_experiments/multistartlp/preliminar/set_01_pt_04/logs/heur_mslp/outputs/csvresults_heur_mslp_bash_4.csv;0;3;1;26;1;0.0;0.5;true;14;2;lr109_t1_12R_12V_02F_03M;/dados/rmelo/PDPTW-SE/benchmark_multi_floor_v3/official_experiments/multistartlp/preliminar/set_01_pt_04/configs/genconfig_mslp.conf;genconfig_mslp;/dados/rmelo/PDPTW-SE/benchmark_multi_floor_v3/official_experiments/multistartlp/preliminar/set_01_pt_04/logs/heur_mslp/gurobi/12R_12V_02F_03M/lr109_grb_genconfig_mslp_seed_150_alpha_20p.log;random;12R_12V_02F_03M;1;14651;1;/dados/rmelo/PDPTW-SE/benchmark_multi_floor_v3/official_experiments/multistartlp/preliminar/set_01_pt_04/../../../../instances/orig_ams_fg/12R_12V_02F_04M/t1/lr109/;60000;36795;0;1157.19;25;13;H;50;95;0;100.0;30.0;true;0.95;100.0;1.0;1.0;1.0;1.0;60;M;45349;45349;false;58;0.79;78.59;0.75;29;10;1000000;-1;3600;9.51;0.63;0.41;mslp;heur;0.53;0.23;-1;3600;60000;I;12;1.0;0.58;lr109;0;/dados/rmelo/PDPTW-SE/benchmark_multi_floor_v3/official_experiments/multistartlp/preliminar/set_01_pt_04/logs;0;0;0;24.42;100.0;1;150;/dados/rmelo/PDPTW-SE/benchmark_multi_floor_v3/official_experiments/multistartlp/preliminar/set_01_pt_04/logs/heur_mslp/solutions/12R_12V_02F_03M/lr109_sol_genconfig_mslp_seed_150_alpha_20p.txt;Gurobi;AUTOMATIC;17.76;_bash_4;_seed_150_alpha_20p;4314.71;1;69.63;/dados/rmelo/PDPTW-SE/benchmark_multi_floor_v3/official_experiments/multistartlp/preliminar/set_01_pt_04/logs/heur_mslp/timelines/12R_12V_02F_03M/lr109_timeline_genconfig_mslp_seed_150_alpha_20p.txt;113.84;t1;0;1006.78;false
0.2;0.0;0.02;0.02;0.0;0.0;13;/dados/rmelo/PDPTW-SE/benchmark_multi_floor_v3/official_experiments/multistartlp/preliminar/set_01_pt_04/logs/heur_mslp/outputs/csvresults_heur_mslp_bash_4.csv;0;3;1;26;1;0.0;0.5;true;14;2;lr207_t2_12R_12V_02F_03M;/dados/rmelo/PDPTW-SE/benchmark_multi_floor_v3/official_experiments/multistartlp/preliminar/set_01_pt_04/configs/genconfig_mslp.conf;genconfig_mslp;/dados/rmelo/PDPTW-SE/benchmark_multi_floor_v3/official_experiments/multistartlp/preliminar/set_01_pt_04/logs/heur_mslp/gurobi/12R_12V_02F_03M/lr207_grb_genconfig_mslp_seed_150_alpha_20p.log;random;12R_12V_02F_03M;1;0;1;/dados/rmelo/PDPTW-SE/benchmark_multi_floor_v3/official_experiments/multistartlp/preliminar/set_01_pt_04/../../../../instances/orig_ams_fg/12R_12V_02F_04M/t2/lr207/;60000;52334;0;1683.78;25;13;H;50;95;0;100.0;30.0;true;0.95;100.0;1.0;1.0;1.0;1.0;60;M;59993;60000;false;40;0.77;83.45;1.0;20;10;1000000;-1;3600;13.95;0.57;0.92;mslp;heur;0.37;0.85;-1;3600;60000;I;12;1.0;0.17;lr207;0;/dados/rmelo/PDPTW-SE/benchmark_multi_floor_v3/official_experiments/multistartlp/preliminar/set_01_pt_04/logs;0;0;0;0.0;99.99;1;150;/dados/rmelo/PDPTW-SE/benchmark_multi_floor_v3/official_experiments/multistartlp/preliminar/set_01_pt_04/logs/heur_mslp/solutions/12R_12V_02F_03M/lr207_sol_genconfig_mslp_seed_150_alpha_20p.txt;Gurobi;AUTOMATIC;17.87;_bash_4;_seed_150_alpha_20p;8372.19;1;201.36;/dados/rmelo/PDPTW-SE/benchmark_multi_floor_v3/official_experiments/multistartlp/preliminar/set_01_pt_04/logs/heur_mslp/timelines/12R_12V_02F_03M/lr207_timeline_genconfig_mslp_seed_150_alpha_20p.txt;230.41;t2;0;1133.1;false
0.2;0.2;0.29;0.49;0.0;0.02;11;/dados/rmelo/PDPTW-SE/benchmark_multi_floor_v3/official_experiments/multistartlp/preliminar/set_01_pt_04/logs/heur_mslp/outputs/csvresults_heur_mslp_bash_4.csv;0;3;1;26;1;0.0;0.5;true;14;2;lr106_t1_12R_12V_04F_03M;/dados/rmelo/PDPTW-SE/benchmark_multi_floor_v3/official_experiments/multistartlp/preliminar/set_01_pt_04/configs/genconfig_mslp.conf;genconfig_mslp;/dados/rmelo/PDPTW-SE/benchmark_multi_floor_v3/official_experiments/multistartlp/preliminar/set_01_pt_04/logs/heur_mslp/gurobi/12R_12V_04F_03M/lr106_grb_genconfig_mslp_seed_150_alpha_20p.log;random;12R_12V_04F_03M;1;41772;1;/dados/rmelo/PDPTW-SE/benchmark_multi_floor_v3/official_experiments/multistartlp/preliminar/set_01_pt_04/../../../../instances/orig_ams_fg/12R_12V_04F_04M/t1/lr106/;60000;7707;0;1750.08;25;13;H;50;95;0;100.0;30.0;true;0.95;100.0;1.0;1.0;1.0;1.0;60;M;18228;18228;false;52;0.99;86.16;0.83;26;10;1000000;-1;3600;11.5;0.68;0.39;mslp;heur;0.41;0.17;-1;3600;60000;I;12;1.0;0.75;lr106;0;/dados/rmelo/PDPTW-SE/benchmark_multi_floor_v3/official_experiments/multistartlp/preliminar/set_01_pt_04/logs;0;0;0;69.62;100.0;1;150;/dados/rmelo/PDPTW-SE/benchmark_multi_floor_v3/official_experiments/multistartlp/preliminar/set_01_pt_04/logs/heur_mslp/solutions/12R_12V_04F_03M/lr106_sol_genconfig_mslp_seed_150_alpha_20p.txt;Gurobi;AUTOMATIC;17.9;_bash_4;_seed_150_alpha_20p;2095.88;1;10.45;/dados/rmelo/PDPTW-SE/benchmark_multi_floor_v3/official_experiments/multistartlp/preliminar/set_01_pt_04/logs/heur_mslp/timelines/12R_12V_04F_03M/lr106_timeline_genconfig_mslp_seed_150_alpha_20p.txt;77.75;t1;0;1416.31;false
0.2;0.02;0.03;0.05;0.0;0.01;8;/dados/rmelo/PDPTW-SE/benchmark_multi_floor_v3/official_experiments/multistartlp/preliminar/set_01_pt_04/logs/heur_mslp/outputs/csvresults_heur_mslp_bash_4.csv;0;3;1;26;1;0.0;0.5;true;14;2;lr209_t2_12R_12V_04F_03M;/dados/rmelo/PDPTW-SE/benchmark_multi_floor_v3/official_experiments/multistartlp/preliminar/set_01_pt_04/configs/genconfig_mslp.conf;genconfig_mslp;/dados/rmelo/PDPTW-SE/benchmark_multi_floor_v3/official_experiments/multistartlp/preliminar/set_01_pt_04/logs/heur_mslp/gurobi/12R_12V_04F_03M/lr209_grb_genconfig_mslp_seed_150_alpha_20p.log;random;12R_12V_04F_03M;1;0;1;/dados/rmelo/PDPTW-SE/benchmark_multi_floor_v3/official_experiments/multistartlp/preliminar/set_01_pt_04/../../../../instances/orig_ams_fg/12R_12V_04F_04M/t2/lr209/;60000;58611;0;1995.52;25;13;H;50;95;0;100.0;30.0;true;0.95;100.0;1.0;1.0;1.0;1.0;60;M;60000;60000;false;46;0.71;91.85;0.68;23;10;1000000;-1;3600;14.69;0.6;0.61;mslp;heur;0.49;0.54;-1;3600;60000;I;12;1.0;0.17;lr209;0;/dados/rmelo/PDPTW-SE/benchmark_multi_floor_v3/official_experiments/multistartlp/preliminar/set_01_pt_04/logs;0;0;0;0.0;100.0;1;150;/dados/rmelo/PDPTW-SE/benchmark_multi_floor_v3/official_experiments/multistartlp/preliminar/set_01_pt_04/logs/heur_mslp/solutions/12R_12V_04F_03M/lr209_sol_genconfig_mslp_seed_150_alpha_20p.txt;Gurobi;AUTOMATIC;17.77;_bash_4;_seed_150_alpha_20p;8811.88;1;233.39;/dados/rmelo/PDPTW-SE/benchmark_multi_floor_v3/official_experiments/multistartlp/preliminar/set_01_pt_04/logs/heur_mslp/timelines/12R_12V_04F_03M/lr209_timeline_genconfig_mslp_seed_150_alpha_20p.txt;238.89;t2;0;1198.41;false
0.2;0.02;0.04;0.06;0.0;0.08;3;/dados/rmelo/PDPTW-SE/benchmark_multi_floor_v3/official_experiments/multistartlp/preliminar/set_01_pt_04/logs/heur_mslp/outputs/csvresults_heur_mslp_bash_4.csv;0;5;1;82;1;0.0;0.5;true;42;2;LR1_2_6_t1_40R_40V_02F_05M;/dados/rmelo/PDPTW-SE/benchmark_multi_floor_v3/official_experiments/multistartlp/preliminar/set_01_pt_04/configs/genconfig_mslp.conf;genconfig_mslp;/dados/rmelo/PDPTW-SE/benchmark_multi_floor_v3/official_experiments/multistartlp/preliminar/set_01_pt_04/logs/heur_mslp/gurobi/40R_40V_02F_05M/LR1_2_6_grb_genconfig_mslp_seed_150_alpha_20p.log;random;40R_40V_02F_05M;1;59153;1;/dados/rmelo/PDPTW-SE/benchmark_multi_floor_v3/official_experiments/multistartlp/preliminar/set_01_pt_04/../../../../instances/orig_ams_fg/40R_40V_02F_06M/t1/LR1_2_6/;60000;17730;0;9410.07;81;41;H;50;95;0;100.0;30.0;true;0.95;100.0;1.0;1.0;1.0;1.0;60;M;847;847;false;72;0.98;184.05;0.98;36;10;1000000;-1;3600;4.28;0.4;0.51;mslp;heur;0.16;0.15;-1;3600;60000;I;40;1.0;0.42;LR1_2_6;0;/dados/rmelo/PDPTW-SE/benchmark_multi_floor_v3/official_experiments/multistartlp/preliminar/set_01_pt_04/logs;0;0;0;98.59;100.0;1;150;/dados/rmelo/PDPTW-SE/benchmark_multi_floor_v3/official_experiments/multistartlp/preliminar/set_01_pt_04/logs/heur_mslp/solutions/40R_40V_02F_05M/LR1_2_6_sol_genconfig_mslp_seed_150_alpha_20p.txt;Gurobi;AUTOMATIC;18.01;_bash_4;_seed_150_alpha_20p;36.23;1;62.15;/dados/rmelo/PDPTW-SE/benchmark_multi_floor_v3/official_experiments/multistartlp/preliminar/set_01_pt_04/logs/heur_mslp/timelines/40R_40V_02F_05M/LR1_2_6_timeline_genconfig_mslp_seed_150_alpha_20p.txt;208.66;t1;0;7804.95;false
0.2;0.0;0.01;0.02;0.01;0.07;12;/dados/rmelo/PDPTW-SE/benchmark_multi_floor_v3/official_experiments/multistartlp/preliminar/set_01_pt_04/logs/heur_mslp/outputs/csvresults_heur_mslp_bash_4.csv;0;5;1;82;1;0.0;0.5;true;42;2;LR2_2_9_t2_40R_40V_02F_05M;/dados/rmelo/PDPTW-SE/benchmark_multi_floor_v3/official_experiments/multistartlp/preliminar/set_01_pt_04/configs/genconfig_mslp.conf;genconfig_mslp;/dados/rmelo/PDPTW-SE/benchmark_multi_floor_v3/official_experiments/multistartlp/preliminar/set_01_pt_04/logs/heur_mslp/gurobi/40R_40V_02F_05M/LR2_2_9_grb_genconfig_mslp_seed_150_alpha_20p.log;random;40R_40V_02F_05M;1;0;1;/dados/rmelo/PDPTW-SE/benchmark_multi_floor_v3/official_experiments/multistartlp/preliminar/set_01_pt_04/../../../../instances/orig_ams_fg/40R_40V_02F_06M/t2/LR2_2_9/;60000;41910;0;11244.68;81;41;H;50;95;0;100.0;30.0;true;0.95;100.0;1.0;1.0;1.0;1.0;60;M;60000;60000;false;74;0.78;179.34;1.0;37;10;1000000;-1;3600;7.32;0.54;0.82;mslp;heur;0.05;0.23;-1;3600;60000;I;40;1.0;0.15;LR2_2_9;0;/dados/rmelo/PDPTW-SE/benchmark_multi_floor_v3/official_experiments/multistartlp/preliminar/set_01_pt_04/logs;0;0;0;0.0;100.0;1;150;/dados/rmelo/PDPTW-SE/benchmark_multi_floor_v3/official_experiments/multistartlp/preliminar/set_01_pt_04/logs/heur_mslp/solutions/40R_40V_02F_05M/LR2_2_9_sol_genconfig_mslp_seed_150_alpha_20p.txt;Gurobi;AUTOMATIC;17.95;_bash_4;_seed_150_alpha_20p;4390.13;1;876.91;/dados/rmelo/PDPTW-SE/benchmark_multi_floor_v3/official_experiments/multistartlp/preliminar/set_01_pt_04/logs/heur_mslp/timelines/40R_40V_02F_05M/LR2_2_9_timeline_genconfig_mslp_seed_150_alpha_20p.txt;1253.67;t2;0;8172.71;false
0.2;0.12;0.16;0.29;0.0;0.04;9;/dados/rmelo/PDPTW-SE/benchmark_multi_floor_v3/official_experiments/multistartlp/preliminar/set_01_pt_04/logs/heur_mslp/outputs/csvresults_heur_mslp_bash_4.csv;0;5;1;82;1;0.0;0.5;true;42;2;LR1_2_10_t1_40R_40V_04F_05M;/dados/rmelo/PDPTW-SE/benchmark_multi_floor_v3/official_experiments/multistartlp/preliminar/set_01_pt_04/configs/genconfig_mslp.conf;genconfig_mslp;/dados/rmelo/PDPTW-SE/benchmark_multi_floor_v3/official_experiments/multistartlp/preliminar/set_01_pt_04/logs/heur_mslp/gurobi/40R_40V_04F_05M/LR1_2_10_grb_genconfig_mslp_seed_150_alpha_20p.log;random;40R_40V_04F_05M;1;59447;1;/dados/rmelo/PDPTW-SE/benchmark_multi_floor_v3/official_experiments/multistartlp/preliminar/set_01_pt_04/../../../../instances/orig_ams_fg/40R_40V_04F_06M/t1/LR1_2_10/;60000;25983;0;8493.36;81;41;H;50;95;0;100.0;30.0;true;0.95;100.0;1.0;1.0;1.0;1.0;60;M;553;553;false;72;0.84;178.35;0.92;36;10;1000000;-1;3600;6.3;0.67;0.51;mslp;heur;0.33;0.08;-1;3600;60000;I;40;1.0;0.45;LR1_2_10;0;/dados/rmelo/PDPTW-SE/benchmark_multi_floor_v3/official_experiments/multistartlp/preliminar/set_01_pt_04/logs;0;0;0;99.08;100.0;1;150;/dados/rmelo/PDPTW-SE/benchmark_multi_floor_v3/official_experiments/multistartlp/preliminar/set_01_pt_04/logs/heur_mslp/solutions/40R_40V_04F_05M/LR1_2_10_sol_genconfig_mslp_seed_150_alpha_20p.txt;Gurobi;AUTOMATIC;17.71;_bash_4;_seed_150_alpha_20p;34.82;1;111.63;/dados/rmelo/PDPTW-SE/benchmark_multi_floor_v3/official_experiments/multistartlp/preliminar/set_01_pt_04/logs/heur_mslp/timelines/40R_40V_04F_05M/LR1_2_10_timeline_genconfig_mslp_seed_150_alpha_20p.txt;257.07;t1;0;7612.88;false
0.2;0.02;0.04;0.06;0.0;0.03;7;/dados/rmelo/PDPTW-SE/benchmark_multi_floor_v3/official_experiments/multistartlp/preliminar/set_01_pt_04/logs/heur_mslp/outputs/csvresults_heur_mslp_bash_4.csv;0;5;1;82;1;0.0;0.5;true;42;2;LR2_2_6_t2_40R_40V_04F_05M;/dados/rmelo/PDPTW-SE/benchmark_multi_floor_v3/official_experiments/multistartlp/preliminar/set_01_pt_04/configs/genconfig_mslp.conf;genconfig_mslp;/dados/rmelo/PDPTW-SE/benchmark_multi_floor_v3/official_experiments/multistartlp/preliminar/set_01_pt_04/logs/heur_mslp/gurobi/40R_40V_04F_05M/LR2_2_6_grb_genconfig_mslp_seed_150_alpha_20p.log;random;40R_40V_04F_05M;1;0;1;/dados/rmelo/PDPTW-SE/benchmark_multi_floor_v3/official_experiments/multistartlp/preliminar/set_01_pt_04/../../../../instances/orig_ams_fg/40R_40V_04F_06M/t2/LR2_2_6/;60000;1383;0;10150.02;81;41;H;50;95;0;100.0;30.0;true;0.95;100.0;1.0;1.0;1.0;1.0;60;M;60000;60000;false;80;0.9;192.66;1.0;40;10;1000000;-1;3600;3.28;0.8;0.95;mslp;heur;0.74;0.8;-1;3600;60000;I;40;1.0;0.1;LR2_2_6;0;/dados/rmelo/PDPTW-SE/benchmark_multi_floor_v3/official_experiments/multistartlp/preliminar/set_01_pt_04/logs;0;0;0;0.0;100.0;1;150;/dados/rmelo/PDPTW-SE/benchmark_multi_floor_v3/official_experiments/multistartlp/preliminar/set_01_pt_04/logs/heur_mslp/solutions/40R_40V_04F_05M/LR2_2_6_sol_genconfig_mslp_seed_150_alpha_20p.txt;Gurobi;AUTOMATIC;17.66;_bash_4;_seed_150_alpha_20p;1965.94;1;59.56;/dados/rmelo/PDPTW-SE/benchmark_multi_floor_v3/official_experiments/multistartlp/preliminar/set_01_pt_04/logs/heur_mslp/timelines/40R_40V_04F_05M/LR2_2_6_timeline_genconfig_mslp_seed_150_alpha_20p.txt;2542.78;t2;0;8064.46;false
0.2;0.04;0.08;0.12;0.01;0.06;4;/dados/rmelo/PDPTW-SE/benchmark_multi_floor_v3/official_experiments/multistartlp/preliminar/set_01_pt_04/logs/heur_mslp/outputs/csvresults_heur_mslp_bash_4.csv;0;5;1;122;1;0.0;0.5;true;62;2;LR1_2_6_t1_60R_60V_02F_05M;/dados/rmelo/PDPTW-SE/benchmark_multi_floor_v3/official_experiments/multistartlp/preliminar/set_01_pt_04/configs/genconfig_mslp.conf;genconfig_mslp;/dados/rmelo/PDPTW-SE/benchmark_multi_floor_v3/official_experiments/multistartlp/preliminar/set_01_pt_04/logs/heur_mslp/gurobi/60R_60V_02F_05M/LR1_2_6_grb_genconfig_mslp_seed_150_alpha_20p.log;random;60R_60V_02F_05M;1;58040;1;/dados/rmelo/PDPTW-SE/benchmark_multi_floor_v3/official_experiments/multistartlp/preliminar/set_01_pt_04/../../../../instances/orig_ams_fg/60R_60V_02F_06M/t1/LR1_2_6/;60000;59250;0;12420.98;121;61;H;50;95;0;100.0;30.0;true;0.95;100.0;1.0;1.0;1.0;1.0;60;M;1960;1960;false;82;0.97;191.73;1.0;41;10;1000000;-1;3600;4.88;0.68;0.52;mslp;heur;0.25;0.11;-1;3600;60000;I;60;1.0;0.4;LR1_2_6;0;/dados/rmelo/PDPTW-SE/benchmark_multi_floor_v3/official_experiments/multistartlp/preliminar/set_01_pt_04/logs;0;0;0;96.73;100.0;1;150;/dados/rmelo/PDPTW-SE/benchmark_multi_floor_v3/official_experiments/multistartlp/preliminar/set_01_pt_04/logs/heur_mslp/solutions/60R_60V_02F_05M/LR1_2_6_sol_genconfig_mslp_seed_150_alpha_20p.txt;Gurobi;AUTOMATIC;17.66;_bash_4;_seed_150_alpha_20p;95.71;1;467.37;/dados/rmelo/PDPTW-SE/benchmark_multi_floor_v3/official_experiments/multistartlp/preliminar/set_01_pt_04/logs/heur_mslp/timelines/60R_60V_02F_05M/LR1_2_6_timeline_genconfig_mslp_seed_150_alpha_20p.txt;473.3;t1;0;10307.81;false
