Set parameter WLSAccessID
Set parameter WLSSecret
Set parameter LicenseID to value 2661775
Academic license 2661775 - for non-commercial use only - registered to me___@dcc.ufba.br
Loading line 2: methodType heur
Loading line 3: methodCode mslp
Loading line 4: seed 0
Loading line 5: threads 1
Loading line 6: greedy_service_order random
Loading line 7: outputFlagGrbMSLP 0
Loading line 8: mslpa 60000
Loading line 9: mslpr I
Loading line 10: maxtime 3600
Loading line 11: output ./logs/
Loading line 12: printsol 1
Loading line 13: solverMethod A
Instance: LR2_2_7_t2_60R_60V_04F_06M

[07:02:27.86] Running Data.readData with file /dados/rmelo/PDPTW-SE/benchmark_multi_floor_v3/official_experiments/multistartlp/preliminar/set_01_pt_02/../../../../instances/orig_ams_fg/60R_60V_04F_06M/t2/LR2_2_7/
vehicles: Vehicle[Vehicle(0, 52), Vehicle(1, 65), Vehicle(2, 78), Vehicle(3, 78), Vehicle(4, 52), Vehicle(5, 65), Vehicle(6, 78), Vehicle(7, 65), Vehicle(8, 78), Vehicle(9, 78), Vehicle(10, 78), Vehicle(11, 52), Vehicle(12, 52), Vehicle(13, 78), Vehicle(14, 65), Vehicle(15, 65), Vehicle(16, 65), Vehicle(17, 78), Vehicle(18, 78), Vehicle(19, 78), Vehicle(20, 52), Vehicle(21, 65), Vehicle(22, 52), Vehicle(23, 52), Vehicle(24, 65), Vehicle(25, 65), Vehicle(26, 65), Vehicle(27, 78), Vehicle(28, 78), Vehicle(29, 65), Vehicle(30, 52), Vehicle(31, 65), Vehicle(32, 52), Vehicle(33, 78), Vehicle(34, 52), Vehicle(35, 65), Vehicle(36, 65), Vehicle(37, 65), Vehicle(38, 78), Vehicle(39, 78), Vehicle(40, 78), Vehicle(41, 65), Vehicle(42, 78), Vehicle(43, 52), Vehicle(44, 65), Vehicle(45, 78), Vehicle(46, 78), Vehicle(47, 65), Vehicle(48, 65), Vehicle(49, 78), Vehicle(50, 65), Vehicle(51, 52), Vehicle(52, 65), Vehicle(53, 65), Vehicle(54, 78), Vehicle(55, 78), Vehicle(56, 65), Vehicle(57, 52), Vehicle(58, 52), Vehicle(59, 78)]
vehicle_types: Vehicle[Vehicle(0, 52), Vehicle(1, 65), Vehicle(2, 78)]
Machine[Machine(0, Point[Point(71, 71, 0), Point(71, 71, 1), Point(71, 71, 2), Point(71, 71, 3)], 0.2), Machine(1, Point[Point(73, 71, 0), Point(73, 71, 1), Point(73, 71, 2), Point(73, 71, 3)], 0.2), Machine(2, Point[Point(69, 71, 0), Point(69, 71, 1), Point(69, 71, 2), Point(69, 71, 3)], 0.2), Machine(3, Point[Point(75, 71, 0), Point(75, 71, 1), Point(75, 71, 2), Point(75, 71, 3)], 0.2), Machine(4, Point[Point(67, 71, 0), Point(67, 71, 1), Point(67, 71, 2), Point(67, 71, 3)], 0.2), Machine(5, Point[Point(77, 71, 0), Point(77, 71, 1), Point(77, 71, 2), Point(77, 71, 3)], 0.2)]
refs: [1, 2, 3, 4, 6, 7, 8, 9, 11, 12, 17, 21, 22, 23, 24, 26, 27, 28, 30, 31, 33, 34, 35, 36, 39, 40, 42, 43, 48, 50, 54, 55, 56, 57, 62, 63, 65, 66, 68, 69, 75, 76, 77, 78, 79, 80, 84, 85, 87, 88, 89, 92, 94, 95, 96, 97, 98, 99, 100, 103, 105, 91, 82, 19, 119, 108, 70, 61, 112, 44, 109, 93, 74, 116, 64, 14, 107, 120, 25, 32, 18, 60, 121, 37, 15, 113, 106, 41, 10, 73, 67, 102, 47, 110, 38, 114, 81, 5, 101, 71, 104, 20, 16, 83, 52, 118, 49, 29, 51, 72, 117, 45, 111, 86, 58, 53, 59, 13, 90, 115, 46, 1]
V: [1, 2, 3, 4, 5, 6, 7, 8, 9, 10, 11, 12, 13, 14, 15, 16, 17, 18, 19, 20, 21, 22, 23, 24, 25, 26, 27, 28, 29, 30, 31, 32, 33, 34, 35, 36, 37, 38, 39, 40, 41, 42, 43, 44, 45, 46, 47, 48, 49, 50, 51, 52, 53, 54, 55, 56, 57, 58, 59, 60, 61, 62, 63, 64, 65, 66, 67, 68, 69, 70, 71, 72, 73, 74, 75, 76, 77, 78, 79, 80, 81, 82, 83, 84, 85, 86, 87, 88, 89, 90, 91, 92, 93, 94, 95, 96, 97, 98, 99, 100, 101, 102, 103, 104, 105, 106, 107, 108, 109, 110, 111, 112, 113, 114, 115, 116, 117, 118, 119, 120, 121]
V_p: [2, 3, 4, 5, 6, 7, 8, 9, 10, 11, 12, 13, 14, 15, 16, 17, 18, 19, 20, 21, 22, 23, 24, 25, 26, 27, 28, 29, 30, 31, 32, 33, 34, 35, 36, 37, 38, 39, 40, 41, 42, 43, 44, 45, 46, 47, 48, 49, 50, 51, 52, 53, 54, 55, 56, 57, 58, 59, 60, 61]
V_d: [62, 63, 64, 65, 66, 67, 68, 69, 70, 71, 72, 73, 74, 75, 76, 77, 78, 79, 80, 81, 82, 83, 84, 85, 86, 87, 88, 89, 90, 91, 92, 93, 94, 95, 96, 97, 98, 99, 100, 101, 102, 103, 104, 105, 106, 107, 108, 109, 110, 111, 112, 113, 114, 115, 116, 117, 118, 119, 120, 121]
Vprime: [1, 2, 3, 4, 5, 6, 7, 8, 9, 10, 11, 12, 13, 14, 15, 16, 17, 18, 19, 20, 21, 22, 23, 24, 25, 26, 27, 28, 29, 30, 31, 32, 33, 34, 35, 36, 37, 38, 39, 40, 41, 42, 43, 44, 45, 46, 47, 48, 49, 50, 51, 52, 53, 54, 55, 56, 57, 58, 59, 60, 61, 62, 63, 64, 65, 66, 67, 68, 69, 70, 71, 72, 73, 74, 75, 76, 77, 78, 79, 80, 81, 82, 83, 84, 85, 86, 87, 88, 89, 90, 91, 92, 93, 94, 95, 96, 97, 98, 99, 100, 101, 102, 103, 104, 105, 106, 107, 108, 109, 110, 111, 112, 113, 114, 115, 116, 117, 118, 119, 120, 121, 122]
V: [1, 2, 3, 4, 5, 6, 7, 8, 9, 10, 11, 12, 13, 14, 15, 16, 17, 18, 19, 20, 21, 22, 23, 24, 25, 26, 27, 28, 29, 30, 31, 32, 33, 34, 35, 36, 37, 38, 39, 40, 41, 42, 43, 44, 45, 46, 47, 48, 49, 50, 51, 52, 53, 54, 55, 56, 57, 58, 59, 60, 61, 62, 63, 64, 65, 66, 67, 68, 69, 70, 71, 72, 73, 74, 75, 76, 77, 78, 79, 80, 81, 82, 83, 84, 85, 86, 87, 88, 89, 90, 91, 92, 93, 94, 95, 96, 97, 98, 99, 100, 101, 102, 103, 104, 105, 106, 107, 108, 109, 110, 111, 112, 113, 114, 115, 116, 117, 118, 119, 120, 121]
q: [0, 7, 20, 14, 27, 22, 13, 8, 13, 9, 22, 19, 5, 8, 13, 13, 21, 12, 11, 13, 12, 24, 8, 20, 15, 6, 15, 20, 22, 26, 10, 9, 13, 16, 19, 17, 12, 9, 9, 29, 39, 9, 7, 20, 15, 25, 23, 4, 32, 16, 20, 26, 35, 13, 33, 11, 10, 23, 18, 16, 20, -7, -20, -14, -27, -22, -13, -8, -13, -9, -22, -19, -5, -8, -13, -13, -21, -12, -11, -13, -12, -24, -8, -20, -15, -6, -15, -20, -22, -26, -10, -9, -13, -16, -19, -17, -12, -9, -9, -29, -39, -9, -7, -20, -15, -25, -23, -4, -32, -16, -20, -26, -35, -13, -33, -11, -10, -23, -18, -16, -20, 0]
H: [1, 2, 3, 4, 5, 6]
f: [[1, 1, 1, 1, 1, 1], [3, 3, 3, 3, 3, 3], [1, 1, 1, 1, 1, 1], [1, 1, 1, 1, 1, 1], [2, 2, 2, 2, 2, 2], [2, 2, 2, 2, 2, 2], [2, 2, 2, 2, 2, 2], [2, 2, 2, 2, 2, 2], [4, 4, 4, 4, 4, 4], [4, 4, 4, 4, 4, 4], [4, 4, 4, 4, 4, 4], [4, 4, 4, 4, 4, 4], [4, 4, 4, 4, 4, 4], [1, 1, 1, 1, 1, 1], [2, 2, 2, 2, 2, 2], [4, 4, 4, 4, 4, 4], [1, 1, 1, 1, 1, 1], [4, 4, 4, 4, 4, 4], [1, 1, 1, 1, 1, 1], [2, 2, 2, 2, 2, 2], [3, 3, 3, 3, 3, 3], [3, 3, 3, 3, 3, 3], [3, 3, 3, 3, 3, 3], [1, 1, 1, 1, 1, 1], [3, 3, 3, 3, 3, 3], [4, 4, 4, 4, 4, 4], [1, 1, 1, 1, 1, 1], [1, 1, 1, 1, 1, 1], [3, 3, 3, 3, 3, 3], [3, 3, 3, 3, 3, 3], [1, 1, 1, 1, 1, 1], [4, 4, 4, 4, 4, 4], [1, 1, 1, 1, 1, 1], [3, 3, 3, 3, 3, 3], [4, 4, 4, 4, 4, 4], [4, 4, 4, 4, 4, 4], [3, 3, 3, 3, 3, 3], [4, 4, 4, 4, 4, 4], [2, 2, 2, 2, 2, 2], [3, 3, 3, 3, 3, 3], [3, 3, 3, 3, 3, 3], [3, 3, 3, 3, 3, 3], [1, 1, 1, 1, 1, 1], [3, 3, 3, 3, 3, 3], [2, 2, 2, 2, 2, 2], [2, 2, 2, 2, 2, 2], [3, 3, 3, 3, 3, 3], [4, 4, 4, 4, 4, 4], [2, 2, 2, 2, 2, 2], [1, 1, 1, 1, 1, 1], [4, 4, 4, 4, 4, 4], [4, 4, 4, 4, 4, 4], [3, 3, 3, 3, 3, 3], [4, 4, 4, 4, 4, 4], [4, 4, 4, 4, 4, 4], [1, 1, 1, 1, 1, 1], [4, 4, 4, 4, 4, 4], [4, 4, 4, 4, 4, 4], [2, 2, 2, 2, 2, 2], [4, 4, 4, 4, 4, 4], [3, 3, 3, 3, 3, 3], [2, 2, 2, 2, 2, 2], [2, 2, 2, 2, 2, 2], [3, 3, 3, 3, 3, 3], [3, 3, 3, 3, 3, 3], [2, 2, 2, 2, 2, 2], [4, 4, 4, 4, 4, 4], [1, 1, 1, 1, 1, 1], [3, 3, 3, 3, 3, 3], [3, 3, 3, 3, 3, 3], [1, 1, 1, 1, 1, 1], [4, 4, 4, 4, 4, 4], [2, 2, 2, 2, 2, 2], [1, 1, 1, 1, 1, 1], [4, 4, 4, 4, 4, 4], [2, 2, 2, 2, 2, 2], [2, 2, 2, 2, 2, 2], [3, 3, 3, 3, 3, 3], [4, 4, 4, 4, 4, 4], [2, 2, 2, 2, 2, 2], [4, 4, 4, 4, 4, 4], [3, 3, 3, 3, 3, 3], [4, 4, 4, 4, 4, 4], [1, 1, 1, 1, 1, 1], [4, 4, 4, 4, 4, 4], [3, 3, 3, 3, 3, 3], [4, 4, 4, 4, 4, 4], [3, 3, 3, 3, 3, 3], [3, 3, 3, 3, 3, 3], [1, 1, 1, 1, 1, 1], [3, 3, 3, 3, 3, 3], [3, 3, 3, 3, 3, 3], [1, 1, 1, 1, 1, 1], [4, 4, 4, 4, 4, 4], [2, 2, 2, 2, 2, 2], [3, 3, 3, 3, 3, 3], [2, 2, 2, 2, 2, 2], [3, 3, 3, 3, 3, 3], [2, 2, 2, 2, 2, 2], [1, 1, 1, 1, 1, 1], [1, 1, 1, 1, 1, 1], [4, 4, 4, 4, 4, 4], [4, 4, 4, 4, 4, 4], [3, 3, 3, 3, 3, 3], [1, 1, 1, 1, 1, 1], [2, 2, 2, 2, 2, 2], [1, 1, 1, 1, 1, 1], [2, 2, 2, 2, 2, 2], [2, 2, 2, 2, 2, 2], [3, 3, 3, 3, 3, 3], [3, 3, 3, 3, 3, 3], [1, 1, 1, 1, 1, 1], [2, 2, 2, 2, 2, 2], [4, 4, 4, 4, 4, 4], [3, 3, 3, 3, 3, 3], [3, 3, 3, 3, 3, 3], [2, 2, 2, 2, 2, 2], [1, 1, 1, 1, 1, 1], [1, 1, 1, 1, 1, 1], [3, 3, 3, 3, 3, 3], [3, 3, 3, 3, 3, 3], [1, 1, 1, 1, 1, 1]]
1 1 1 -> 0.0
1 2 1 -> 5.0
1 3 1 -> 10.0
1 4 1 -> 15.0
2 1 1 -> 5.0
2 2 1 -> 0.0
2 3 1 -> 5.0
2 4 1 -> 10.0
3 1 1 -> 10.0
3 2 1 -> 5.0
3 3 1 -> 0.0
3 4 1 -> 5.0
4 1 1 -> 15.0
4 2 1 -> 10.0
4 3 1 -> 5.0
4 4 1 -> 0.0
1 1 2 -> 0.0
1 2 2 -> 5.0
1 3 2 -> 10.0
1 4 2 -> 15.0
2 1 2 -> 5.0
2 2 2 -> 0.0
2 3 2 -> 5.0
2 4 2 -> 10.0
3 1 2 -> 10.0
3 2 2 -> 5.0
3 3 2 -> 0.0
3 4 2 -> 5.0
4 1 2 -> 15.0
4 2 2 -> 10.0
4 3 2 -> 5.0
4 4 2 -> 0.0
1 1 3 -> 0.0
1 2 3 -> 5.0
1 3 3 -> 10.0
1 4 3 -> 15.0
2 1 3 -> 5.0
2 2 3 -> 0.0
2 3 3 -> 5.0
2 4 3 -> 10.0
3 1 3 -> 10.0
3 2 3 -> 5.0
3 3 3 -> 0.0
3 4 3 -> 5.0
4 1 3 -> 15.0
4 2 3 -> 10.0
4 3 3 -> 5.0
4 4 3 -> 0.0
1 1 4 -> 0.0
1 2 4 -> 5.0
1 3 4 -> 10.0
1 4 4 -> 15.0
2 1 4 -> 5.0
2 2 4 -> 0.0
2 3 4 -> 5.0
2 4 4 -> 10.0
3 1 4 -> 10.0
3 2 4 -> 5.0
3 3 4 -> 0.0
3 4 4 -> 5.0
4 1 4 -> 15.0
4 2 4 -> 10.0
4 3 4 -> 5.0
4 4 4 -> 0.0
1 1 5 -> 0.0
1 2 5 -> 5.0
1 3 5 -> 10.0
1 4 5 -> 15.0
2 1 5 -> 5.0
2 2 5 -> 0.0
2 3 5 -> 5.0
2 4 5 -> 10.0
3 1 5 -> 10.0
3 2 5 -> 5.0
3 3 5 -> 0.0
3 4 5 -> 5.0
4 1 5 -> 15.0
4 2 5 -> 10.0
4 3 5 -> 5.0
4 4 5 -> 0.0
1 1 6 -> 0.0
1 2 6 -> 5.0
1 3 6 -> 10.0
1 4 6 -> 15.0
2 1 6 -> 5.0
2 2 6 -> 0.0
2 3 6 -> 5.0
2 4 6 -> 10.0
3 1 6 -> 10.0
3 2 6 -> 5.0
3 3 6 -> 0.0
3 4 6 -> 5.0
4 1 6 -> 15.0
4 2 6 -> 10.0
4 3 6 -> 5.0
4 4 6 -> 0.0
o: (1, 2, 3) => 5.0
o: (3, 1, 3) => 10.0
o: (1, 3, 5) => 10.0
o: (3, 2, 4) => 5.0
o: (1, 4, 5) => 15.0
o: (4, 3, 6) => 5.0
o: (4, 4, 6) => 0.0
o: (3, 2, 3) => 5.0
o: (3, 3, 5) => 0.0
o: (2, 1, 1) => 5.0
o: (3, 4, 5) => 5.0
o: (1, 3, 2) => 10.0
o: (1, 4, 2) => 15.0
o: (4, 3, 4) => 5.0
o: (2, 2, 1) => 0.0
o: (4, 4, 4) => 0.0
o: (3, 3, 2) => 0.0
o: (3, 4, 2) => 5.0
o: (4, 3, 3) => 5.0
o: (4, 4, 3) => 0.0
o: (1, 1, 5) => 0.0
o: (4, 1, 6) => 15.0
o: (1, 2, 5) => 5.0
o: (3, 1, 5) => 10.0
o: (1, 3, 1) => 10.0
o: (4, 2, 6) => 10.0
o: (1, 1, 2) => 0.0
o: (1, 4, 1) => 15.0
o: (2, 3, 6) => 5.0
o: (4, 1, 4) => 15.0
o: (3, 2, 5) => 5.0
o: (2, 4, 6) => 10.0
o: (3, 3, 1) => 0.0
o: (1, 2, 2) => 5.0
o: (3, 1, 2) => 10.0
o: (3, 4, 1) => 5.0
o: (4, 1, 3) => 15.0
o: (4, 2, 4) => 10.0
o: (3, 2, 2) => 5.0
o: (2, 3, 4) => 5.0
o: (4, 2, 3) => 10.0
o: (2, 4, 4) => 10.0
o: (4, 3, 5) => 5.0
o: (4, 4, 5) => 0.0
o: (1, 1, 1) => 0.0
o: (2, 3, 3) => 5.0
o: (2, 4, 3) => 10.0
o: (2, 1, 6) => 5.0
o: (4, 3, 2) => 5.0
o: (1, 2, 1) => 5.0
o: (3, 1, 1) => 10.0
o: (4, 4, 2) => 0.0
o: (2, 2, 6) => 0.0
o: (3, 2, 1) => 5.0
o: (2, 1, 4) => 5.0
o: (4, 1, 5) => 15.0
o: (2, 1, 3) => 5.0
o: (2, 2, 4) => 0.0
o: (4, 2, 5) => 10.0
o: (4, 3, 1) => 5.0
o: (1, 3, 6) => 10.0
o: (4, 1, 2) => 15.0
o: (4, 4, 1) => 0.0
o: (2, 2, 3) => 0.0
o: (2, 3, 5) => 5.0
o: (1, 4, 6) => 15.0
o: (2, 4, 5) => 10.0
o: (3, 3, 6) => 0.0
o: (4, 2, 2) => 10.0
o: (3, 4, 6) => 5.0
o: (1, 3, 4) => 10.0
o: (2, 3, 2) => 5.0
o: (1, 4, 4) => 15.0
o: (2, 4, 2) => 10.0
o: (1, 3, 3) => 10.0
o: (3, 3, 4) => 0.0
o: (1, 4, 3) => 15.0
o: (3, 4, 4) => 5.0
o: (4, 1, 1) => 15.0
o: (1, 1, 6) => 0.0
o: (2, 1, 5) => 5.0
o: (3, 3, 3) => 0.0
o: (3, 4, 3) => 5.0
o: (4, 2, 1) => 10.0
o: (1, 2, 6) => 5.0
o: (3, 1, 6) => 10.0
o: (2, 2, 5) => 0.0
o: (2, 3, 1) => 5.0
o: (1, 1, 4) => 0.0
o: (2, 1, 2) => 5.0
o: (2, 4, 1) => 10.0
o: (3, 2, 6) => 5.0
o: (1, 1, 3) => 0.0
o: (1, 2, 4) => 5.0
o: (2, 2, 2) => 0.0
o: (3, 1, 4) => 10.0

[118, 2742, 2732, 2643, 2633, 2648, 2566, 16]
JOBS in the order of refs (Vprime)
Node 1: Job(0, Point(70, 70, 0), 0, 0, 2535, 0, 0, 0)
Node 2: Job(2, Point(26, 50, 2), 7, 1490, 1730, 10, 0, 108)
Node 3: Job(3, Point(30, 57, 0), 20, 0, 2483, 10, 0, 95)
Node 4: Job(4, Point(29, 60, 0), 14, 0, 2483, 10, 0, 20)
Node 5: Job(6, Point(137, 137, 1), 27, 339, 579, 10, 0, 191)
Node 6: Job(8, Point(78, 111, 1), 22, 47, 287, 10, 0, 136)
Node 7: Job(9, Point(107, 25, 1), 13, 1035, 1275, 10, 0, 82)
Node 8: Job(10, Point(17, 138, 1), 8, 1670, 1910, 10, 0, 73)
Node 9: Job(12, Point(20, 69, 3), 13, 0, 2475, 10, 0, 164)
Node 10: Job(13, Point(121, 123, 3), 9, 0, 2452, 10, 0, 52)
Node 11: Job(18, Point(79, 72, 3), 22, 0, 2516, 10, 0, 138)
Node 12: Job(23, Point(78, 63, 3), 19, 0, 2515, 10, 0, 110)
Node 13: Job(25, Point(37, 79, 3), 5, 0, 2491, 10, 0, 87)
Node 14: Job(26, Point(64, 132, 0), 8, 170, 410, 10, 0, 173)
Node 15: Job(27, Point(133, 130, 1), 13, 0, 2438, 10, 0, 76)
Node 16: Job(31, Point(140, 42, 3), 13, 0, 2450, 10, 0, 15)
Node 17: Job(32, Point(121, 124, 0), 21, 539, 779, 10, 0, 127)
Node 18: Job(33, Point(42, 29, 3), 12, 0, 2476, 10, 0, 192)
Node 19: Job(35, Point(32, 6, 0), 11, 320, 560, 10, 0, 30)
Node 20: Job(36, Point(41, 36, 1), 13, 146, 386, 10, 0, 37)
Node 21: Job(38, Point(107, 102, 2), 12, 0, 2477, 10, 0, 19)
Node 22: Job(40, Point(132, 133, 2), 24, 0, 2437, 10, 0, 72)
Node 23: Job(41, Point(81, 57, 2), 8, 17, 257, 10, 0, 198)
Node 24: Job(42, Point(120, 52, 0), 20, 0, 2472, 10, 0, 43)
Node 25: Job(45, Point(82, 103, 2), 15, 0, 2490, 10, 0, 16)
Node 26: Job(47, Point(90, 44, 3), 6, 149, 389, 10, 0, 165)
Node 27: Job(50, Point(64, 138, 0), 15, 0, 2457, 10, 0, 124)
Node 28: Job(51, Point(98, 4, 0), 20, 0, 2454, 10, 0, 49)
Node 29: Job(56, Point(86, 40, 2), 22, 0, 2491, 10, 0, 11)
Node 30: Job(58, Point(59, 115, 2), 26, 1195, 1435, 10, 0, 86)
Node 31: Job(64, Point(37, 125, 0), 10, 0, 2461, 10, 0, 79)
Node 32: Job(65, Point(99, 34, 3), 9, 243, 483, 10, 0, 120)
Node 33: Job(66, Point(38, 122, 0), 13, 876, 1116, 10, 0, 55)
Node 34: Job(68, Point(109, 131, 2), 16, 0, 2453, 10, 0, 158)
Node 35: Job(74, Point(48, 47, 3), 19, 31, 271, 10, 0, 44)
Node 36: Job(75, Point(104, 73, 3), 17, 0, 2491, 10, 0, 169)
Node 37: Job(77, Point(103, 44, 2), 12, 0, 2483, 10, 0, 94)
Node 38: Job(78, Point(73, 96, 3), 9, 604, 844, 10, 0, 5)
Node 39: Job(80, Point(71, 70, 1), 9, 0, 2524, 10, 0, 119)
Node 40: Job(81, Point(83, 12, 2), 29, 0, 2466, 10, 0, 83)
Node 41: Job(88, Point(120, 22, 2), 39, 396, 636, 10, 0, 122)
Node 42: Job(89, Point(54, 106, 2), 9, 1117, 1357, 10, 0, 22)
Node 43: Job(90, Point(63, 129, 0), 7, 765, 1005, 10, 0, 17)
Node 44: Job(91, Point(33, 117, 2), 20, 316, 556, 10, 0, 96)
Node 45: Job(92, Point(102, 52, 1), 15, 0, 2489, 10, 0, 61)
Node 46: Job(93, Point(13, 129, 1), 25, 1345, 1585, 10, 0, 189)
Node 47: Job(99, Point(70, 83, 2), 23, 0, 2512, 10, 0, 57)
Node 48: Job(100, Point(12, 48, 3), 4, 172, 412, 10, 0, 34)
Node 49: Job(103, Point(116, 22, 1), 32, 491, 731, 10, 0, 60)
Node 50: Job(105, Point(19, 120, 0), 16, 0, 2454, 10, 0, 85)
Node 51: Job(106, Point(23, 39, 3), 20, 1347, 1587, 10, 0, 179)
Node 52: Job(109, Point(18, 70, 3), 26, 1504, 1744, 10, 0, 53)
Node 53: Job(111, Point(61, 57, 2), 35, 0, 2510, 10, 0, 163)
Node 54: Job(112, Point(123, 84, 3), 13, 1606, 1846, 10, 0, 102)
Node 55: Job(113, Point(37, 73, 3), 33, 0, 2492, 10, 0, 70)
Node 56: Job(114, Point(115, 124, 0), 11, 0, 2455, 10, 0, 63)
Node 57: Job(115, Point(93, 61, 3), 10, 0, 2501, 10, 0, 71)
Node 58: Job(116, Point(89, 39, 3), 23, 36, 276, 10, 0, 14)
Node 59: Job(118, Point(108, 30, 1), 18, 323, 563, 10, 0, 107)
Node 60: Job(121, Point(2, 106, 3), 16, 1487, 1727, 10, 0, 171)
Node 61: Job(123, Point(26, 130, 2), 20, 0, 2451, 10, 0, 54)
Node 62: Job(108, Point(15, 18, 1), -7, 1540, 1780, 10, 2, 0)
Node 63: Job(95, Point(114, 109, 1), -20, 249, 489, 10, 3, 0)
Node 64: Job(20, Point(8, 87, 2), -14, 1545, 1785, 10, 4, 0)
Node 65: Job(191, Point(125, 68, 2), -27, 708, 948, 10, 6, 0)
Node 66: Job(136, Point(92, 138, 1), -22, 0, 2454, 10, 8, 0)
Node 67: Job(82, Point(36, 54, 3), -13, 1428, 1668, 10, 9, 0)
Node 68: Job(73, Point(39, 100, 0), -8, 0, 2482, 10, 10, 0)
Node 69: Job(164, Point(65, 80, 2), -13, 0, 2514, 10, 12, 0)
Node 70: Job(52, Point(61, 34, 2), -9, 1830, 2070, 10, 13, 0)
Node 71: Job(138, Point(100, 99, 0), -22, 1136, 1376, 10, 18, 0)
Node 72: Job(110, Point(16, 62, 3), -19, 1524, 1764, 10, 23, 0)
Node 73: Job(87, Point(34, 72, 1), -5, 0, 2489, 10, 25, 0)
Node 74: Job(173, Point(67, 120, 0), -8, 1375, 1615, 10, 26, 0)
Node 75: Job(76, Point(9, 19, 3), -13, 1431, 1671, 10, 27, 0)
Node 76: Job(15, Point(137, 7, 1), -13, 0, 2434, 10, 31, 0)
Node 77: Job(127, Point(138, 105, 1), -21, 0, 2449, 10, 32, 0)
Node 78: Job(192, Point(44, 36, 2), -12, 131, 371, 10, 33, 0)
Node 79: Job(30, Point(10, 86, 3), -11, 0, 2463, 10, 35, 0)
Node 80: Job(37, Point(106, 10, 1), -13, 1135, 1375, 10, 36, 0)
Node 81: Job(19, Point(104, 32, 3), -12, 0, 2475, 10, 38, 0)
Node 82: Job(72, Point(88, 29, 2), -24, 0, 2481, 10, 40, 0)
Node 83: Job(198, Point(8, 138, 3), -8, 1105, 1345, 10, 41, 0)
Node 84: Job(43, Point(113, 32, 0), -20, 0, 2468, 10, 42, 0)
Node 85: Job(16, Point(50, 106, 3), -15, 1221, 1461, 10, 45, 0)
Node 86: Job(165, Point(28, 62, 2), -6, 0, 2483, 10, 47, 0)
Node 87: Job(124, Point(85, 111, 3), -15, 952, 1192, 10, 50, 0)
Node 88: Job(49, Point(89, 24, 2), -20, 0, 2476, 10, 51, 0)
Node 89: Job(11, Point(37, 138, 2), -22, 0, 2450, 10, 56, 0)
Node 90: Job(86, Point(67, 96, 0), -26, 1908, 2148, 10, 58, 0)
Node 91: Job(79, Point(44, 116, 2), -10, 0, 2473, 10, 64, 0)
Node 92: Job(120, Point(92, 22, 2), -9, 0, 2473, 10, 65, 0)
Node 93: Job(55, Point(84, 88, 0), -13, 1365, 1605, 10, 66, 0)
Node 94: Job(158, Point(54, 41, 3), -16, 1065, 1305, 10, 68, 0)
Node 95: Job(44, Point(137, 101, 1), -19, 617, 857, 10, 74, 0)
Node 96: Job(169, Point(51, 92, 2), -17, 1731, 1971, 10, 75, 0)
Node 97: Job(94, Point(34, 20, 1), -12, 0, 2464, 10, 77, 0)
Node 98: Job(5, Point(69, 116, 2), -9, 0, 2479, 10, 78, 0)
Node 99: Job(119, Point(120, 60, 1), -9, 156, 396, 10, 80, 0)
Node 100: Job(83, Point(16, 92, 0), -29, 0, 2467, 10, 81, 0)
Node 101: Job(122, Point(117, 92, 0), -39, 0, 2474, 10, 88, 0)
Node 102: Job(22, Point(80, 103, 3), -9, 1428, 1668, 10, 89, 0)
Node 103: Job(17, Point(46, 112, 3), -7, 1084, 1324, 10, 90, 0)
Node 104: Job(96, Point(86, 80, 2), -20, 0, 2507, 10, 91, 0)
Node 105: Job(61, Point(104, 54, 0), -15, 150, 390, 10, 92, 0)
Node 106: Job(189, Point(5, 99, 1), -25, 0, 2454, 10, 93, 0)
Node 107: Job(57, Point(69, 115, 0), -23, 0, 2480, 10, 99, 0)
Node 108: Job(34, Point(44, 58, 1), -4, 39, 279, 10, 100, 0)
Node 109: Job(60, Point(107, 77, 1), -32, 0, 2488, 10, 103, 0)
Node 110: Job(85, Point(27, 104, 2), -16, 1949, 2189, 10, 105, 0)
Node 111: Job(179, Point(60, 23, 2), -20, 0, 2477, 10, 106, 0)
Node 112: Job(53, Point(60, 84, 0), -26, 1866, 2106, 10, 109, 0)
Node 113: Job(163, Point(54, 78, 1), -35, 0, 2508, 10, 111, 0)
Node 114: Job(102, Point(109, 78, 3), -13, 0, 2486, 10, 112, 0)
Node 115: Job(70, Point(47, 83, 2), -33, 0, 2499, 10, 113, 0)
Node 116: Job(63, Point(32, 52, 2), -11, 0, 2483, 10, 114, 0)
Node 117: Job(71, Point(139, 68, 1), -10, 0, 2456, 10, 115, 0)
Node 118: Job(14, Point(22, 104, 0), -23, 0, 2467, 10, 116, 0)
Node 119: Job(107, Point(110, 99, 0), -18, 0, 2476, 10, 118, 0)
Node 120: Job(171, Point(66, 82, 2), -16, 0, 2513, 10, 121, 0)
Node 121: Job(54, Point(13, 48, 2), -20, 1622, 1862, 10, 123, 0)
Node 122: Job(0, Point(70, 70, 0), 0, 0, 2535, 0, 0, 0)

### Preprocessing Data ###
	-> arcs: 14884 (100.0%)
	-> arc_removals: 3515 (23.62%)
	-> arc_removals_is_loop: 122 (0.82%)
	-> arc_removals_is_delivery_to_pickup: 62 (0.42%)
	-> arc_removals_is_depot_begin_to_delivery: 60 (0.4%)
	-> arc_removals_is_pickup_to_depot_end: 60 (0.4%)
	-> arc_removals_is_dest_depot_begin: 120 (0.81%)
	-> arc_removals_is_orig_depot_end: 119 (0.8%)
	-> arc_removals_is_capacity_violated: 0 (0.0%)
	-> arc_removals_is_time_window_limited: 2181 (14.65%)
	-> arc_removals_is_time_window_pairing_limited: 568 (3.82%)
	-> arc_removals_is_indirect_request_service_impossible: 223 (1.5%)
	-> gamma_vars: 0 (0%)
	-> feas_gamma_vars: 0 (0%)
	-> infeas_gamma_vars_is_next_mtrv_unreachable: 0 (0%)
	-> infeas_gamma_vars_is_iprime_jprime_eq_i_j: 0 (0%)
	-> machine_removal_for_an_arc: 0 (0.0%)
##########################

[07:02:37.585] Print configuration
------------------------------------------------------
"
[07:02:37.585] Running Multi Start Heuristic"
> Experiment started at 2025-10-05T07:02:37.585
> Instance: LR2_2_7_t2_60R_60V_04F_06M
> Algorithm Parameters:


	>Stop params:
		>  - rule ITERATIONS
		>  - argument 60000.0
		>  - maximum_time 3600

	>General params:
		>  - instPath /dados/rmelo/PDPTW-SE/benchmark_multi_floor_v3/official_experiments/multistartlp/preliminar/set_01_pt_02/../../../../instances/orig_ams_fg/60R_60V_04F_06M/t2/LR2_2_7/
		>  - name LR2_2_7
		>  - type t2
		>  - group 60R_60V_04F_06M
		>  - fullname LR2_2_7_t2_60R_60V_04F_06M
		>  - methodType heur
		>  - methodCode mslp
		>  - genconfigfile /dados/rmelo/PDPTW-SE/benchmark_multi_floor_v3/official_experiments/multistartlp/preliminar/set_01_pt_02/configs/genconfig_mslp.conf
		>  - genconfigfilename genconfig_mslp
		>  - greedy_service_order random
		>  - cutoff 0
		>  - cutoffmachs 6
		>  - num_machs 0
		>  - solver Gurobi
		>  - maxtime 3600
		>  - gurobiCuts 1
		>  - typeUserCut 0
		>  - mipPresolve -1
		>  - printsol 1
		>  - maxnodes -1
		>  - elevator 1
		>  - make_instance_feasible false
		>  - output /dados/rmelo/PDPTW-SE/benchmark_multi_floor_v3/official_experiments/multistartlp/preliminar/set_01_pt_02/logs
		>  - suff_outputs _seed_129_alpha_15p
		>  - suff_csv _bash_3
		>  - epsilon 0.005
		>  - epsilonCap 0.5
		>  - warmStart false
		>  - seed 129
		>  - rng Random.MersenneTwister(129)
		>  - alpha 0.15
		>  - maxiter 1000000
		>  - outputFlagGrbMIP 0
		>  - outputFlagGrbMSLP 0
		>  - outputFlagGrbLMNS 0
		>  - mslpr I
		>  - mslpa 60000
		>  - lmnsr M
		>  - lmnsa 60
		>  - lmnsRepairTime 30.0
		>  - lmnsMIPFocus 0
		>  - lmnsGapToBiggerDestruction 50
		>  - lmnsGapToSmallerDestruction 95
		>  - lmnsWeightShawDistProx 1.0
		>  - lmnsWeightShawEarlProx 1.0
		>  - lmnsWeightShawSameRoute 1.0
		>  - lmnsWeightShawDemandSim 1.0
		>  - lmnsReqRApplyMIPStart true
		>  - lmnsAcceptanceCriteria H
		>  - lmnsMetropolisTemp 100.0
		>  - lmnsSimulatedAnnealingTemp 100.0
		>  - lmnsSimulatedAnnealingCool 0.95
		>  - mipmaxtime 3600
		>  - csvfilename /dados/rmelo/PDPTW-SE/benchmark_multi_floor_v3/official_experiments/multistartlp/preliminar/set_01_pt_02/logs/heur_mslp/outputs/csvresults_heur_mslp_bash_3.csv
		>  - solfilename /dados/rmelo/PDPTW-SE/benchmark_multi_floor_v3/official_experiments/multistartlp/preliminar/set_01_pt_02/logs/heur_mslp/solutions/60R_60V_04F_06M/LR2_2_7_sol_genconfig_mslp_seed_129_alpha_15p.txt
		>  - timelineFilename /dados/rmelo/PDPTW-SE/benchmark_multi_floor_v3/official_experiments/multistartlp/preliminar/set_01_pt_02/logs/heur_mslp/timelines/60R_60V_04F_06M/LR2_2_7_timeline_genconfig_mslp_seed_129_alpha_15p.txt
		>  - grbFilename /dados/rmelo/PDPTW-SE/benchmark_multi_floor_v3/official_experiments/multistartlp/preliminar/set_01_pt_02/logs/heur_mslp/gurobi/60R_60V_04F_06M/LR2_2_7_grb_genconfig_mslp_seed_129_alpha_15p.log
		>  - threads 1
		>  - solverMethod AUTOMATIC

------------------------------------------------------
objValue;greedysol;iteration;time
11418.41;11594.87;1;0.375134
10997.09;11124.43;108;14.159095
10971.63;11021.14;1649;201.054580
10922.50;10999.81;2724;333.870595
10903.31;11087.97;6465;794.890617

[08:02:37.817] Finished running MSLP

[08:02:37.817] Post running MSLP
Best solution value: 10903.31
Total time elapsed: 3600.132178
Time to best: 794.890617
Iterations: 29420
Iterations to best: 6465
Improvements: 5
Infeasible solutions percentage: (7462 / 29420) = 25.3637 %
(LP improvements)/(LP runs) = 21958/21958 = 100.0000 %
Mean LP improvement percentage: 1.5230 %
[08:02:38.136] Writing results to CSV file: /dados/rmelo/PDPTW-SE/benchmark_multi_floor_v3/official_experiments/multistartlp/preliminar/set_01_pt_02/logs/heur_mslp/outputs/csvresults_heur_mslp_bash_3.csv

[08:02:40.117] Saving solution to file:/dados/rmelo/PDPTW-SE/benchmark_multi_floor_v3/official_experiments/multistartlp/preliminar/set_01_pt_02/logs/heur_mslp/solutions/60R_60V_04F_06M/LR2_2_7_sol_genconfig_mslp_seed_129_alpha_15p.txt

[08:02:40.117] Saving solution timeline to file: /dados/rmelo/PDPTW-SE/benchmark_multi_floor_v3/official_experiments/multistartlp/preliminar/set_01_pt_02/logs/heur_mslp/timelines/60R_60V_04F_06M/LR2_2_7_timeline_genconfig_mslp_seed_129_alpha_15p.txt
---------------------| VEHICLES |---------------------

Vehicle 10 :
	id: 0
		node: 1
		(x, y, z): (70, 70, 0)
		dem: 0
		earl: 0
		lat: 2535
		servt: 0
		pid: 0
		did: 0
		servST: 4.650000000000201
		(h, h_ind): (-1, 0)
		load: 0.0

	Finished service at time: 4.650000000000201

	Using Machine: 0
		Task 0 -> Machine 0 (Station 1): 1.41
		Vehicle arrival at machine station: 6.060000000000201
		Waiting time until machine travel: 0.0

		Machine travel start time: 6.060000000000201
		Region 0 -> Region 3: 15.0
		Machine arrival at machine station: 21.0600000000002

		Machine 0 (Station 4)-> Task 113: 34.06
		Vehicle arrival at task: 55.1200000000002
		Waiting time until service start time: 0.0

	id: 113
		node: 55
		(x, y, z): (37, 73, 3)
		dem: 33
		earl: 0
		lat: 2492
		servt: 10
		pid: 0
		did: 70
		servST: 55.1200000000002
		(h, h_ind): (0, 1)
		load: 33.0

	Finished service at time: 65.1200000000002

	Using Machine: 2
		Task 113 -> Machine 2 (Station 4): 32.06
		Vehicle arrival at machine station: 97.1800000000002
		Waiting time until machine travel: 0.0

		Machine travel start time: 97.1800000000002
		Region 3 -> Region 1: 10.0
		Machine arrival at machine station: 107.1800000000002

		Machine 2 (Station 2)-> Task 8: 41.0
		Vehicle arrival at task: 148.1800000000002
		Waiting time until service start time: 0.0

	id: 8
		node: 6
		(x, y, z): (78, 111, 1)
		dem: 22
		earl: 47
		lat: 287
		servt: 10
		pid: 0
		did: 136
		servST: 148.1800000000002
		(h, h_ind): (2, 2)
		load: 55.0

	Finished service at time: 158.1800000000002

	Using Machine: 4
		Task 8 -> Machine 4 (Station 2): 41.48
		Vehicle arrival at machine station: 199.6600000000002
		Waiting time until machine travel: 0.0

		Machine travel start time: 199.6600000000002
		Region 1 -> Region 2: 5.0
		Machine arrival at machine station: 204.6600000000002

		Machine 4 (Station 3)-> Task 70: 23.32
		Vehicle arrival at task: 227.9800000000002
		Waiting time until service start time: 0.0

	id: 70
		node: 115
		(x, y, z): (47, 83, 2)
		dem: -33
		earl: 0
		lat: 2499
		servt: 10
		pid: 113
		did: 0
		servST: 227.9800000000002
		(h, h_ind): (4, 4)
		load: 22.0

	Finished service at time: 237.9800000000002

	Using Machine: 2
		Task 70 -> Machine 2 (Station 3): 25.06
		Vehicle arrival at machine station: 263.0400000000002
		Waiting time until machine travel: 0.0

		Machine travel start time: 263.0400000000002
		Region 2 -> Region 1: 5.0
		Machine arrival at machine station: 268.0400000000002

		Machine 2 (Station 2)-> Task 118: 56.59
		Vehicle arrival at task: 324.6300000000002
		Waiting time until service start time: 0.0

	id: 118
		node: 59
		(x, y, z): (108, 30, 1)
		dem: 18
		earl: 323
		lat: 563
		servt: 10
		pid: 0
		did: 107
		servST: 324.6300000000002
		(h, h_ind): (2, 3)
		load: 40.0

	Finished service at time: 334.6300000000002

	Task 118 -> Task 136: 109.18
	Vehicle arrival at task: 443.81000000000023
	Waiting time until service start time: 0.0

	id: 136
		node: 66
		(x, y, z): (92, 138, 1)
		dem: -22
		earl: 0
		lat: 2454
		servt: 10
		pid: 8
		did: 0
		servST: 443.81000000000023
		(h, h_ind): (-1, 0)
		load: 18.0

	Finished service at time: 453.81000000000023

	Task 136 -> Task 6: 45.01
	Vehicle arrival at task: 498.8200000000002
	Waiting time until service start time: 0.0

	id: 6
		node: 5
		(x, y, z): (137, 137, 1)
		dem: 27
		earl: 339
		lat: 579
		servt: 10
		pid: 0
		did: 191
		servST: 498.8200000000002
		(h, h_ind): (-1, 0)
		load: 45.0

	Finished service at time: 508.8200000000002

	Using Machine: 5
		Task 6 -> Machine 5 (Station 2): 89.2
		Vehicle arrival at machine station: 598.0200000000002
		Waiting time until machine travel: 0.0

		Machine travel start time: 598.0200000000002
		Region 1 -> Region 2: 5.0
		Machine arrival at machine station: 603.0200000000002

		Machine 5 (Station 3)-> Task 99: 13.89
		Vehicle arrival at task: 616.9100000000002
		Waiting time until service start time: 0.0

	id: 99
		node: 47
		(x, y, z): (70, 83, 2)
		dem: 23
		earl: 0
		lat: 2512
		servt: 10
		pid: 0
		did: 57
		servST: 616.9100000000002
		(h, h_ind): (5, 6)
		load: 68.0

	Finished service at time: 626.9100000000002

	Using Machine: 0
		Task 99 -> Machine 0 (Station 3): 12.04
		Vehicle arrival at machine station: 638.9500000000002
		Waiting time until machine travel: 0.0

		Machine travel start time: 638.9500000000002
		Region 2 -> Region 3: 5.0
		Machine arrival at machine station: 643.9500000000002

		Machine 0 (Station 4)-> Task 78: 25.08
		Vehicle arrival at task: 669.0300000000002
		Waiting time until service start time: 0.0

	id: 78
		node: 38
		(x, y, z): (73, 96, 3)
		dem: 9
		earl: 604
		lat: 844
		servt: 10
		pid: 0
		did: 5
		servST: 669.0300000000002
		(h, h_ind): (0, 2)
		load: 77.0

	Finished service at time: 679.0300000000002

	Using Machine: 3
		Task 78 -> Machine 3 (Station 4): 25.08
		Vehicle arrival at machine station: 704.1100000000002
		Waiting time until machine travel: 0.0

		Machine travel start time: 704.1100000000002
		Region 3 -> Region 2: 5.0
		Machine arrival at machine station: 709.1100000000002

		Machine 3 (Station 3)-> Task 191: 50.09
		Vehicle arrival at task: 759.2000000000003
		Waiting time until service start time: 0.0

	id: 191
		node: 65
		(x, y, z): (125, 68, 2)
		dem: -27
		earl: 708
		lat: 948
		servt: 10
		pid: 6
		did: 0
		servST: 759.2000000000003
		(h, h_ind): (3, 4)
		load: 50.0

	Finished service at time: 769.2000000000003

	Task 191 -> Task 38: 38.47
	Vehicle arrival at task: 807.6700000000003
	Waiting time until service start time: 0.0

	id: 38
		node: 21
		(x, y, z): (107, 102, 2)
		dem: 12
		earl: 0
		lat: 2477
		servt: 10
		pid: 0
		did: 19
		servST: 807.6700000000003
		(h, h_ind): (-1, 0)
		load: 62.0

	Finished service at time: 817.6700000000003

	Task 38 -> Task 5: 40.5
	Vehicle arrival at task: 858.1700000000003
	Waiting time until service start time: 0.0

	id: 5
		node: 98
		(x, y, z): (69, 116, 2)
		dem: -9
		earl: 0
		lat: 2479
		servt: 10
		pid: 78
		did: 0
		servST: 858.1700000000003
		(h, h_ind): (-1, 0)
		load: 53.0

	Finished service at time: 868.1700000000003

	Using Machine: 5
		Task 5 -> Machine 5 (Station 3): 45.71
		Vehicle arrival at machine station: 913.8800000000003
		Waiting time until machine travel: 0.0

		Machine travel start time: 913.8800000000003
		Region 2 -> Region 3: 5.0
		Machine arrival at machine station: 918.8800000000003

		Machine 5 (Station 4)-> Task 19: 47.43
		Vehicle arrival at task: 966.3100000000003
		Waiting time until service start time: 0.0

	id: 19
		node: 81
		(x, y, z): (104, 32, 3)
		dem: -12
		earl: 0
		lat: 2475
		servt: 10
		pid: 38
		did: 0
		servST: 966.3100000000003
		(h, h_ind): (5, 13)
		load: 41.0

	Finished service at time: 976.3100000000003

	Using Machine: 3
		Task 19 -> Machine 3 (Station 4): 48.6
		Vehicle arrival at machine station: 1024.9100000000003
		Waiting time until machine travel: 0.0

		Machine travel start time: 1024.9100000000003
		Region 3 -> Region 0: 15.0
		Machine arrival at machine station: 1039.9100000000003

		Machine 3 (Station 1)-> Task 57: 44.41
		Vehicle arrival at task: 1084.3200000000004
		Waiting time until service start time: 0.0

	id: 57
		node: 107
		(x, y, z): (69, 115, 0)
		dem: -23
		earl: 0
		lat: 2480
		servt: 10
		pid: 99
		did: 0
		servST: 1084.3200000000004
		(h, h_ind): (3, 5)
		load: 18.0

	Finished service at time: 1094.3200000000004

	Using Machine: 5
		Task 57 -> Machine 5 (Station 1): 44.72
		Vehicle arrival at machine station: 1139.0400000000004
		Waiting time until machine travel: 0.0

		Machine travel start time: 1139.0400000000004
		Region 0 -> Region 3: 15.0
		Machine arrival at machine station: 1154.0400000000004

		Machine 5 (Station 4)-> Task 23: 8.06
		Vehicle arrival at task: 1162.1000000000004
		Waiting time until service start time: 0.0

	id: 23
		node: 12
		(x, y, z): (78, 63, 3)
		dem: 19
		earl: 0
		lat: 2515
		servt: 10
		pid: 0
		did: 110
		servST: 1162.1000000000004
		(h, h_ind): (5, 17)
		load: 37.0

	Finished service at time: 1172.1000000000004

	Using Machine: 5
		Task 23 -> Machine 5 (Station 4): 8.06
		Vehicle arrival at machine station: 1180.1600000000003
		Waiting time until machine travel: 0.0

		Machine travel start time: 1180.1600000000003
		Region 3 -> Region 0: 15.0
		Machine arrival at machine station: 1195.1600000000003

		Machine 5 (Station 1)-> Task 107: 43.28
		Vehicle arrival at task: 1238.4400000000003
		Waiting time until service start time: 0.0

	id: 107
		node: 119
		(x, y, z): (110, 99, 0)
		dem: -18
		earl: 0
		lat: 2476
		servt: 10
		pid: 118
		did: 0
		servST: 1238.4400000000003
		(h, h_ind): (5, 18)
		load: 19.0

	Finished service at time: 1248.4400000000003

	Using Machine: 5
		Task 107 -> Machine 5 (Station 1): 43.28
		Vehicle arrival at machine station: 1291.7200000000003
		Waiting time until machine travel: 0.0

		Machine travel start time: 1291.7200000000003
		Region 0 -> Region 2: 10.0
		Machine arrival at machine station: 1301.7200000000003

		Machine 5 (Station 3)-> Task 89: 41.88
		Vehicle arrival at task: 1343.6000000000004
		Waiting time until service start time: 0.0

	id: 89
		node: 42
		(x, y, z): (54, 106, 2)
		dem: 9
		earl: 1117
		lat: 1357
		servt: 10
		pid: 0
		did: 22
		servST: 1343.6000000000004
		(h, h_ind): (5, 21)
		load: 28.0

	Finished service at time: 1353.6000000000004

	Task 89 -> Task 58: 10.3
	Vehicle arrival at task: 1363.9000000000003
	Waiting time until service start time: 0.0

	id: 58
		node: 30
		(x, y, z): (59, 115, 2)
		dem: 26
		earl: 1195
		lat: 1435
		servt: 10
		pid: 0
		did: 86
		servST: 1363.9000000000003
		(h, h_ind): (-1, 0)
		load: 54.0

	Finished service at time: 1373.9000000000003

	Using Machine: 2
		Task 58 -> Machine 2 (Station 3): 45.12
		Vehicle arrival at machine station: 1419.0200000000002
		Waiting time until machine travel: 0.0

		Machine travel start time: 1419.0200000000002
		Region 2 -> Region 3: 5.0
		Machine arrival at machine station: 1424.0200000000002

		Machine 2 (Station 4)-> Task 121: 75.59
		Vehicle arrival at task: 1499.6100000000001
		Waiting time until service start time: 0.0

	id: 121
		node: 60
		(x, y, z): (2, 106, 3)
		dem: 16
		earl: 1487
		lat: 1727
		servt: 10
		pid: 0
		did: 171
		servST: 1499.6100000000001
		(h, h_ind): (2, 5)
		load: 70.0

	Finished service at time: 1509.6100000000001

	Task 121 -> Task 22: 78.06
	Vehicle arrival at task: 1587.67
	Waiting time until service start time: 0.0

	id: 22
		node: 102
		(x, y, z): (80, 103, 3)
		dem: -9
		earl: 1428
		lat: 1668
		servt: 10
		pid: 89
		did: 0
		servST: 1587.67
		(h, h_ind): (-1, 0)
		load: 61.0

	Finished service at time: 1597.67

	Using Machine: 2
		Task 22 -> Machine 2 (Station 4): 33.84
		Vehicle arrival at machine station: 1631.51
		Waiting time until machine travel: 0.0

		Machine travel start time: 1631.51
		Region 3 -> Region 2: 5.0
		Machine arrival at machine station: 1636.51

		Machine 2 (Station 3)-> Task 171: 11.4
		Vehicle arrival at task: 1647.91
		Waiting time until service start time: 0.0

	id: 171
		node: 120
		(x, y, z): (66, 82, 2)
		dem: -16
		earl: 0
		lat: 2513
		servt: 10
		pid: 121
		did: 0
		servST: 1647.91
		(h, h_ind): (2, 7)
		load: 45.0

	Finished service at time: 1657.91

	Using Machine: 4
		Task 171 -> Machine 4 (Station 3): 11.05
		Vehicle arrival at machine station: 1668.96
		Waiting time until machine travel: 0.0

		Machine travel start time: 1668.96
		Region 2 -> Region 3: 5.0
		Machine arrival at machine station: 1673.96

		Machine 4 (Station 4)-> Task 110: 51.79
		Vehicle arrival at task: 1725.75
		Waiting time until service start time: 0.0

	id: 110
		node: 72
		(x, y, z): (16, 62, 3)
		dem: -19
		earl: 1524
		lat: 1764
		servt: 10
		pid: 23
		did: 0
		servST: 1725.75
		(h, h_ind): (4, 25)
		load: 26.0

	Finished service at time: 1735.75

	Task 110 -> Task 109: 8.25
	Vehicle arrival at task: 1744.0
	Waiting time until service start time: 0.0

	id: 109
		node: 52
		(x, y, z): (18, 70, 3)
		dem: 26
		earl: 1504
		lat: 1744
		servt: 10
		pid: 0
		did: 53
		servST: 1744.0
		(h, h_ind): (-1, 0)
		load: 52.0

	Finished service at time: 1754.0

	Using Machine: 4
		Task 109 -> Machine 4 (Station 4): 49.01
		Vehicle arrival at machine station: 1803.01
		Waiting time until machine travel: 0.0

		Machine travel start time: 1803.01
		Region 3 -> Region 1: 10.0
		Machine arrival at machine station: 1813.01

		Machine 4 (Station 2)-> Task 10: 83.6
		Vehicle arrival at task: 1896.61
		Waiting time until service start time: 0.0

	id: 10
		node: 8
		(x, y, z): (17, 138, 1)
		dem: 8
		earl: 1670
		lat: 1910
		servt: 10
		pid: 0
		did: 73
		servST: 1896.61
		(h, h_ind): (4, 27)
		load: 60.0

	Finished service at time: 1906.61

	Using Machine: 4
		Task 10 -> Machine 4 (Station 2): 83.6
		Vehicle arrival at machine station: 1990.2099999999998
		Waiting time until machine travel: 0.0

		Machine travel start time: 1990.2099999999998
		Region 1 -> Region 0: 5.0
		Machine arrival at machine station: 1995.2099999999998

		Machine 4 (Station 1)-> Task 73: 40.31
		Vehicle arrival at task: 2035.5199999999998
		Waiting time until service start time: 0.0

	id: 73
		node: 68
		(x, y, z): (39, 100, 0)
		dem: -8
		earl: 0
		lat: 2482
		servt: 10
		pid: 10
		did: 0
		servST: 2035.5199999999998
		(h, h_ind): (4, 28)
		load: 52.0

	Finished service at time: 2045.5199999999998

	Task 73 -> Task 86: 28.28
	Vehicle arrival at task: 2073.7999999999997
	Waiting time until service start time: 0.0

	id: 86
		node: 90
		(x, y, z): (67, 96, 0)
		dem: -26
		earl: 1908
		lat: 2148
		servt: 10
		pid: 58
		did: 0
		servST: 2073.7999999999997
		(h, h_ind): (-1, 0)
		load: 26.0

	Finished service at time: 2083.7999999999997

	Task 86 -> Task 53: 13.89
	Vehicle arrival at task: 2097.6899999999996
	Waiting time until service start time: 0.0

	id: 53
		node: 112
		(x, y, z): (60, 84, 0)
		dem: -26
		earl: 1866
		lat: 2106
		servt: 10
		pid: 109
		did: 0
		servST: 2097.6899999999996
		(h, h_ind): (-1, 0)
		load: 0.0

	Finished service at time: 2107.6899999999996

	Task 53 -> Task 0: 17.2
	Vehicle arrival at task: 2124.8899999999994
	Waiting time until service start time: 0.0

	id: 0
		node: 122
		(x, y, z): (70, 70, 0)
		dem: 0
		earl: 0
		lat: 2535
		servt: 0
		pid: 0
		did: 0
		servST: 2124.8899999999994
		(h, h_ind): (-1, 0)
		load: 0.0


Vehicle 21 :
	id: 0
		node: 1
		(x, y, z): (70, 70, 0)
		dem: 0
		earl: 0
		lat: 2535
		servt: 0
		pid: 0
		did: 0
		servST: 46.579999999999984
		(h, h_ind): (-1, 0)
		load: 0.0

	Finished service at time: 46.579999999999984

	Using Machine: 2
		Task 0 -> Machine 2 (Station 1): 1.41
		Vehicle arrival at machine station: 47.98999999999998
		Waiting time until machine travel: 0.0

		Machine travel start time: 47.98999999999998
		Region 0 -> Region 3: 15.0
		Machine arrival at machine station: 62.98999999999998

		Machine 2 (Station 4)-> Task 74: 31.89
		Vehicle arrival at task: 94.87999999999998
		Waiting time until service start time: 0.0

	id: 74
		node: 35
		(x, y, z): (48, 47, 3)
		dem: 19
		earl: 31
		lat: 271
		servt: 10
		pid: 0
		did: 44
		servST: 94.87999999999998
		(h, h_ind): (2, 1)
		load: 19.0

	Finished service at time: 104.87999999999998

	Task 74 -> Task 12: 35.61
	Vehicle arrival at task: 140.48999999999998
	Waiting time until service start time: 0.0

	id: 12
		node: 9
		(x, y, z): (20, 69, 3)
		dem: 13
		earl: 0
		lat: 2475
		servt: 10
		pid: 0
		did: 164
		servST: 140.48999999999998
		(h, h_ind): (-1, 0)
		load: 32.0

	Finished service at time: 150.48999999999998

	Task 12 -> Task 100: 22.47
	Vehicle arrival at task: 172.95999999999998
	Waiting time until service start time: 0.0

	id: 100
		node: 48
		(x, y, z): (12, 48, 3)
		dem: 4
		earl: 172
		lat: 412
		servt: 10
		pid: 0
		did: 34
		servST: 172.95999999999998
		(h, h_ind): (-1, 0)
		load: 36.0

	Finished service at time: 182.95999999999998

	Using Machine: 4
		Task 100 -> Machine 4 (Station 4): 59.62
		Vehicle arrival at machine station: 242.57999999999998
		Waiting time until machine travel: 0.0

		Machine travel start time: 242.57999999999998
		Region 3 -> Region 1: 10.0
		Machine arrival at machine station: 252.57999999999998

		Machine 4 (Station 2)-> Task 34: 26.42
		Vehicle arrival at task: 279.0
		Waiting time until service start time: 0.0

	id: 34
		node: 108
		(x, y, z): (44, 58, 1)
		dem: -4
		earl: 39
		lat: 279
		servt: 10
		pid: 100
		did: 0
		servST: 279.0
		(h, h_ind): (4, 5)
		load: 32.0

	Finished service at time: 289.0

	Using Machine: 4
		Task 34 -> Machine 4 (Station 2): 26.42
		Vehicle arrival at machine station: 315.42
		Waiting time until machine travel: 0.0

		Machine travel start time: 315.42
		Region 1 -> Region 0: 5.0
		Machine arrival at machine station: 320.42

		Machine 4 (Station 1)-> Task 26: 61.07
		Vehicle arrival at task: 381.49
		Waiting time until service start time: 0.0

	id: 26
		node: 14
		(x, y, z): (64, 132, 0)
		dem: 8
		earl: 170
		lat: 410
		servt: 10
		pid: 0
		did: 173
		servST: 381.49
		(h, h_ind): (4, 7)
		load: 40.0

	Finished service at time: 391.49

	Using Machine: 4
		Task 26 -> Machine 4 (Station 1): 61.07
		Vehicle arrival at machine station: 452.56
		Waiting time until machine travel: 0.0

		Machine travel start time: 452.56
		Region 0 -> Region 2: 10.0
		Machine arrival at machine station: 462.56

		Machine 4 (Station 3)-> Task 91: 57.2
		Vehicle arrival at task: 519.76
		Waiting time until service start time: 0.0

	id: 91
		node: 44
		(x, y, z): (33, 117, 2)
		dem: 20
		earl: 316
		lat: 556
		servt: 10
		pid: 0
		did: 96
		servST: 519.76
		(h, h_ind): (4, 9)
		load: 60.0

	Finished service at time: 529.76

	Using Machine: 1
		Task 91 -> Machine 1 (Station 3): 60.96
		Vehicle arrival at machine station: 590.72
		Waiting time until machine travel: 0.0

		Machine travel start time: 590.72
		Region 2 -> Region 1: 5.0
		Machine arrival at machine station: 595.72

		Machine 1 (Station 2)-> Task 44: 70.68
		Vehicle arrival at task: 666.4000000000001
		Waiting time until service start time: 0.0

	id: 44
		node: 95
		(x, y, z): (137, 101, 1)
		dem: -19
		earl: 617
		lat: 857
		servt: 10
		pid: 74
		did: 0
		servST: 666.4000000000001
		(h, h_ind): (1, 2)
		load: 41.0

	Finished service at time: 676.4000000000001

	Using Machine: 5
		Task 44 -> Machine 5 (Station 2): 67.08
		Vehicle arrival at machine station: 743.4800000000001
		Waiting time until machine travel: 0.0

		Machine travel start time: 743.4800000000001
		Region 1 -> Region 2: 5.0
		Machine arrival at machine station: 748.4800000000001

		Machine 5 (Station 3)-> Task 164: 15.0
		Vehicle arrival at task: 763.4800000000001
		Waiting time until service start time: 0.0

	id: 164
		node: 69
		(x, y, z): (65, 80, 2)
		dem: -13
		earl: 0
		lat: 2514
		servt: 10
		pid: 12
		did: 0
		servST: 763.4800000000001
		(h, h_ind): (5, 9)
		load: 28.0

	Finished service at time: 773.4800000000001

	Using Machine: 4
		Task 164 -> Machine 4 (Station 3): 9.22
		Vehicle arrival at machine station: 782.7000000000002
		Waiting time until machine travel: 0.0

		Machine travel start time: 782.7000000000002
		Region 2 -> Region 0: 10.0
		Machine arrival at machine station: 792.7000000000002

		Machine 4 (Station 1)-> Task 90: 58.14
		Vehicle arrival at task: 850.8400000000001
		Waiting time until service start time: 0.0

	id: 90
		node: 43
		(x, y, z): (63, 129, 0)
		dem: 7
		earl: 765
		lat: 1005
		servt: 10
		pid: 0
		did: 17
		servST: 850.8400000000001
		(h, h_ind): (4, 14)
		load: 35.0

	Finished service at time: 860.8400000000001

	Task 90 -> Task 51: 129.81
	Vehicle arrival at task: 990.6500000000001
	Waiting time until service start time: 0.0

	id: 51
		node: 28
		(x, y, z): (98, 4, 0)
		dem: 20
		earl: 0
		lat: 2454
		servt: 10
		pid: 0
		did: 49
		servST: 990.6500000000001
		(h, h_ind): (-1, 0)
		load: 55.0

	Finished service at time: 1000.6500000000001

	Using Machine: 4
		Task 51 -> Machine 4 (Station 1): 73.82
		Vehicle arrival at machine station: 1074.47
		Waiting time until machine travel: 0.0

		Machine travel start time: 1074.47
		Region 0 -> Region 3: 15.0
		Machine arrival at machine station: 1089.47

		Machine 4 (Station 4)-> Task 17: 46.07
		Vehicle arrival at task: 1135.54
		Waiting time until service start time: 0.0

	id: 17
		node: 103
		(x, y, z): (46, 112, 3)
		dem: -7
		earl: 1084
		lat: 1324
		servt: 10
		pid: 90
		did: 0
		servST: 1135.54
		(h, h_ind): (4, 18)
		load: 48.0

	Finished service at time: 1145.54

	Using Machine: 4
		Task 17 -> Machine 4 (Station 4): 46.07
		Vehicle arrival at machine station: 1191.61
		Waiting time until machine travel: 0.0

		Machine travel start time: 1191.61
		Region 3 -> Region 2: 5.0
		Machine arrival at machine station: 1196.61

		Machine 4 (Station 3)-> Task 49: 51.89
		Vehicle arrival at task: 1248.5
		Waiting time until service start time: 0.0

	id: 49
		node: 88
		(x, y, z): (89, 24, 2)
		dem: -20
		earl: 0
		lat: 2476
		servt: 10
		pid: 51
		did: 0
		servST: 1248.5
		(h, h_ind): (4, 20)
		load: 28.0

	Finished service at time: 1258.5

	Using Machine: 5
		Task 49 -> Machine 5 (Station 3): 48.51
		Vehicle arrival at machine station: 1307.01
		Waiting time until machine travel: 0.0

		Machine travel start time: 1307.01
		Region 2 -> Region 0: 10.0
		Machine arrival at machine station: 1317.01

		Machine 5 (Station 1)-> Task 173: 50.01
		Vehicle arrival at task: 1367.02
		Waiting time until service start time: 7.98

	id: 173
		node: 74
		(x, y, z): (67, 120, 0)
		dem: -8
		earl: 1375
		lat: 1615
		servt: 10
		pid: 26
		did: 0
		servST: 1375.0
		(h, h_ind): (5, 22)
		load: 20.0

	Finished service at time: 1385.0

	Using Machine: 4
		Task 173 -> Machine 4 (Station 1): 49.0
		Vehicle arrival at machine station: 1434.0
		Waiting time until machine travel: 0.0

		Machine travel start time: 1434.0
		Region 0 -> Region 2: 10.0
		Machine arrival at machine station: 1444.0

		Machine 4 (Station 3)-> Task 2: 46.07
		Vehicle arrival at task: 1490.07
		Waiting time until service start time: 0.0

	id: 2
		node: 2
		(x, y, z): (26, 50, 2)
		dem: 7
		earl: 1490
		lat: 1730
		servt: 10
		pid: 0
		did: 108
		servST: 1490.07
		(h, h_ind): (4, 21)
		load: 27.0

	Finished service at time: 1500.07

	Task 2 -> Task 96: 67.08
	Vehicle arrival at task: 1567.1499999999999
	Waiting time until service start time: 0.0

	id: 96
		node: 104
		(x, y, z): (86, 80, 2)
		dem: -20
		earl: 0
		lat: 2507
		servt: 10
		pid: 91
		did: 0
		servST: 1567.1499999999999
		(h, h_ind): (-1, 0)
		load: 7.0

	Finished service at time: 1577.1499999999999

	Using Machine: 3
		Task 96 -> Machine 3 (Station 3): 14.21
		Vehicle arrival at machine station: 1591.36
		Waiting time until machine travel: 0.0

		Machine travel start time: 1591.36
		Region 2 -> Region 1: 5.0
		Machine arrival at machine station: 1596.36

		Machine 3 (Station 2)-> Task 108: 80.06
		Vehicle arrival at task: 1676.4199999999998
		Waiting time until service start time: 0.0

	id: 108
		node: 62
		(x, y, z): (15, 18, 1)
		dem: -7
		earl: 1540
		lat: 1780
		servt: 10
		pid: 2
		did: 0
		servST: 1676.4199999999998
		(h, h_ind): (3, 6)
		load: 0.0

	Finished service at time: 1686.4199999999998

	Using Machine: 2
		Task 108 -> Machine 2 (Station 2): 75.66
		Vehicle arrival at machine station: 1762.08
		Waiting time until machine travel: 0.0

		Machine travel start time: 1762.08
		Region 1 -> Region 0: 5.0
		Machine arrival at machine station: 1767.08

		Machine 2 (Station 1)-> Task 0: 1.41
		Vehicle arrival at task: 1768.49
		Waiting time until service start time: 0.0

	id: 0
		node: 122
		(x, y, z): (70, 70, 0)
		dem: 0
		earl: 0
		lat: 2535
		servt: 0
		pid: 0
		did: 0
		servST: 1768.49
		(h, h_ind): (2, 8)
		load: 0.0


Vehicle 29 :
	id: 0
		node: 1
		(x, y, z): (70, 70, 0)
		dem: 0
		earl: 0
		lat: 2535
		servt: 0
		pid: 0
		did: 0
		servST: 56.190000000000055
		(h, h_ind): (-1, 0)
		load: 0.0

	Finished service at time: 56.190000000000055

	Using Machine: 1
		Task 0 -> Machine 1 (Station 1): 3.16
		Vehicle arrival at machine station: 59.35000000000005
		Waiting time until machine travel: 0.0

		Machine travel start time: 59.35000000000005
		Region 0 -> Region 3: 15.0
		Machine arrival at machine station: 74.35000000000005

		Machine 1 (Station 4)-> Task 116: 35.78
		Vehicle arrival at task: 110.13000000000005
		Waiting time until service start time: 0.0

	id: 116
		node: 58
		(x, y, z): (89, 39, 3)
		dem: 23
		earl: 36
		lat: 276
		servt: 10
		pid: 0
		did: 14
		servST: 110.13000000000005
		(h, h_ind): (1, 1)
		load: 23.0

	Finished service at time: 120.13000000000005

	Using Machine: 5
		Task 116 -> Machine 5 (Station 4): 34.18
		Vehicle arrival at machine station: 154.31000000000006
		Waiting time until machine travel: 0.0

		Machine travel start time: 154.31000000000006
		Region 3 -> Region 2: 5.0
		Machine arrival at machine station: 159.31000000000006

		Machine 5 (Station 3)-> Task 41: 14.56
		Vehicle arrival at task: 173.87000000000006
		Waiting time until service start time: 0.0

	id: 41
		node: 23
		(x, y, z): (81, 57, 2)
		dem: 8
		earl: 17
		lat: 257
		servt: 10
		pid: 0
		did: 198
		servST: 173.87000000000006
		(h, h_ind): (5, 1)
		load: 31.0

	Finished service at time: 183.87000000000006

	Using Machine: 5
		Task 41 -> Machine 5 (Station 3): 14.56
		Vehicle arrival at machine station: 198.43000000000006
		Waiting time until machine travel: 0.0

		Machine travel start time: 198.43000000000006
		Region 2 -> Region 3: 5.0
		Machine arrival at machine station: 203.43000000000006

		Machine 5 (Station 4)-> Task 65: 43.05
		Vehicle arrival at task: 246.48000000000008
		Waiting time until service start time: 0.0

	id: 65
		node: 32
		(x, y, z): (99, 34, 3)
		dem: 9
		earl: 243
		lat: 483
		servt: 10
		pid: 0
		did: 120
		servST: 246.48000000000008
		(h, h_ind): (5, 2)
		load: 40.0

	Finished service at time: 256.4800000000001

	Task 65 -> Task 47: 13.45
	Vehicle arrival at task: 269.93000000000006
	Waiting time until service start time: 0.0

	id: 47
		node: 26
		(x, y, z): (90, 44, 3)
		dem: 6
		earl: 149
		lat: 389
		servt: 10
		pid: 0
		did: 165
		servST: 269.93000000000006
		(h, h_ind): (-1, 0)
		load: 46.0

	Finished service at time: 279.93000000000006

	Using Machine: 3
		Task 47 -> Machine 3 (Station 4): 30.89
		Vehicle arrival at machine station: 310.82000000000005
		Waiting time until machine travel: 0.0

		Machine travel start time: 310.82000000000005
		Region 3 -> Region 2: 5.0
		Machine arrival at machine station: 315.82000000000005

		Machine 3 (Station 3)-> Task 120: 51.87
		Vehicle arrival at task: 367.69000000000005
		Waiting time until service start time: 0.0

	id: 120
		node: 92
		(x, y, z): (92, 22, 2)
		dem: -9
		earl: 0
		lat: 2473
		servt: 10
		pid: 65
		did: 0
		servST: 367.69000000000005
		(h, h_ind): (3, 2)
		load: 37.0

	Finished service at time: 377.69000000000005

	Using Machine: 4
		Task 120 -> Machine 4 (Station 3): 55.01
		Vehicle arrival at machine station: 432.70000000000005
		Waiting time until machine travel: 0.0

		Machine travel start time: 432.70000000000005
		Region 2 -> Region 0: 10.0
		Machine arrival at machine station: 442.70000000000005

		Machine 4 (Station 1)-> Task 64: 61.77
		Vehicle arrival at task: 504.47
		Waiting time until service start time: 0.0

	id: 64
		node: 31
		(x, y, z): (37, 125, 0)
		dem: 10
		earl: 0
		lat: 2461
		servt: 10
		pid: 0
		did: 79
		servST: 504.47
		(h, h_ind): (4, 8)
		load: 47.0

	Finished service at time: 514.47

	Using Machine: 4
		Task 64 -> Machine 4 (Station 1): 61.77
		Vehicle arrival at machine station: 576.24
		Waiting time until machine travel: 0.0

		Machine travel start time: 576.24
		Region 0 -> Region 2: 10.0
		Machine arrival at machine station: 586.24

		Machine 4 (Station 3)-> Task 79: 50.54
		Vehicle arrival at task: 636.78
		Waiting time until service start time: 0.0

	id: 79
		node: 91
		(x, y, z): (44, 116, 2)
		dem: -10
		earl: 0
		lat: 2473
		servt: 10
		pid: 64
		did: 0
		servST: 636.78
		(h, h_ind): (4, 10)
		load: 37.0

	Finished service at time: 646.78

	Task 79 -> Task 165: 56.32
	Vehicle arrival at task: 703.1
	Waiting time until service start time: 0.0

	id: 165
		node: 86
		(x, y, z): (28, 62, 2)
		dem: -6
		earl: 0
		lat: 2483
		servt: 10
		pid: 47
		did: 0
		servST: 703.1
		(h, h_ind): (-1, 0)
		load: 31.0

	Finished service at time: 713.1

	Task 165 -> Task 81: 74.33
	Vehicle arrival at task: 787.4300000000001
	Waiting time until service start time: 0.0

	id: 81
		node: 40
		(x, y, z): (83, 12, 2)
		dem: 29
		earl: 0
		lat: 2466
		servt: 10
		pid: 0
		did: 83
		servST: 787.4300000000001
		(h, h_ind): (-1, 0)
		load: 60.0

	Finished service at time: 797.4300000000001

	Using Machine: 4
		Task 81 -> Machine 4 (Station 3): 61.13
		Vehicle arrival at machine station: 858.5600000000001
		Waiting time until machine travel: 0.0

		Machine travel start time: 858.5600000000001
		Region 2 -> Region 0: 10.0
		Machine arrival at machine station: 868.5600000000001

		Machine 4 (Station 1)-> Task 83: 55.15
		Vehicle arrival at task: 923.71
		Waiting time until service start time: 0.0

	id: 83
		node: 100
		(x, y, z): (16, 92, 0)
		dem: -29
		earl: 0
		lat: 2467
		servt: 10
		pid: 81
		did: 0
		servST: 923.71
		(h, h_ind): (4, 15)
		load: 31.0

	Finished service at time: 933.71

	Task 83 -> Task 14: 13.42
	Vehicle arrival at task: 947.13
	Waiting time until service start time: 0.0

	id: 14
		node: 118
		(x, y, z): (22, 104, 0)
		dem: -23
		earl: 0
		lat: 2467
		servt: 10
		pid: 116
		did: 0
		servST: 947.13
		(h, h_ind): (-1, 0)
		load: 8.0

	Finished service at time: 957.13

	Using Machine: 4
		Task 14 -> Machine 4 (Station 1): 55.8
		Vehicle arrival at machine station: 1012.93
		Waiting time until machine travel: 0.0

		Machine travel start time: 1012.93
		Region 0 -> Region 2: 10.0
		Machine arrival at machine station: 1022.93

		Machine 4 (Station 3)-> Task 45: 35.34
		Vehicle arrival at task: 1058.27
		Waiting time until service start time: 0.0

	id: 45
		node: 25
		(x, y, z): (82, 103, 2)
		dem: 15
		earl: 0
		lat: 2490
		servt: 10
		pid: 0
		did: 16
		servST: 1058.27
		(h, h_ind): (4, 16)
		load: 23.0

	Finished service at time: 1068.27

	Task 45 -> Task 68: 38.9
	Vehicle arrival at task: 1107.17
	Waiting time until service start time: 0.0

	id: 68
		node: 34
		(x, y, z): (109, 131, 2)
		dem: 16
		earl: 0
		lat: 2453
		servt: 10
		pid: 0
		did: 158
		servST: 1107.17
		(h, h_ind): (-1, 0)
		load: 39.0

	Finished service at time: 1117.17

	Using Machine: 1
		Task 68 -> Machine 1 (Station 3): 69.97
		Vehicle arrival at machine station: 1187.14
		Waiting time until machine travel: 0.0

		Machine travel start time: 1187.14
		Region 2 -> Region 3: 5.0
		Machine arrival at machine station: 1192.14

		Machine 1 (Station 4)-> Task 158: 35.51
		Vehicle arrival at task: 1227.65
		Waiting time until service start time: 0.0

	id: 158
		node: 94
		(x, y, z): (54, 41, 3)
		dem: -16
		earl: 1065
		lat: 1305
		servt: 10
		pid: 68
		did: 0
		servST: 1227.65
		(h, h_ind): (1, 3)
		load: 23.0

	Finished service at time: 1237.65

	Task 158 -> Task 198: 107.35
	Vehicle arrival at task: 1345.0
	Waiting time until service start time: 0.0

	id: 198
		node: 83
		(x, y, z): (8, 138, 3)
		dem: -8
		earl: 1105
		lat: 1345
		servt: 10
		pid: 41
		did: 0
		servST: 1345.0
		(h, h_ind): (-1, 0)
		load: 15.0

	Finished service at time: 1355.0

	Task 198 -> Task 16: 52.8
	Vehicle arrival at task: 1407.8
	Waiting time until service start time: 0.0

	id: 16
		node: 85
		(x, y, z): (50, 106, 3)
		dem: -15
		earl: 1221
		lat: 1461
		servt: 10
		pid: 45
		did: 0
		servST: 1407.8
		(h, h_ind): (-1, 0)
		load: 0.0

	Finished service at time: 1417.8

	Using Machine: 2
		Task 16 -> Machine 2 (Station 4): 39.82
		Vehicle arrival at machine station: 1457.62
		Waiting time until machine travel: 0.0

		Machine travel start time: 1457.62
		Region 3 -> Region 0: 15.0
		Machine arrival at machine station: 1472.62

		Machine 2 (Station 1)-> Task 0: 1.41
		Vehicle arrival at task: 1474.03
		Waiting time until service start time: 0.0

	id: 0
		node: 122
		(x, y, z): (70, 70, 0)
		dem: 0
		earl: 0
		lat: 2535
		servt: 0
		pid: 0
		did: 0
		servST: 1474.03
		(h, h_ind): (2, 6)
		load: 0.0


Vehicle 46 :
	id: 0
		node: 1
		(x, y, z): (70, 70, 0)
		dem: 0
		earl: 0
		lat: 2535
		servt: 0
		pid: 0
		did: 0
		servST: 5.909999999999897
		(h, h_ind): (-1, 0)
		load: 0.0

	Finished service at time: 5.909999999999897

	Task 0 -> Task 3: 42.06
	Vehicle arrival at task: 47.9699999999999
	Waiting time until service start time: 0.0

	id: 3
		node: 3
		(x, y, z): (30, 57, 0)
		dem: 20
		earl: 0
		lat: 2483
		servt: 10
		pid: 0
		did: 95
		servST: 47.9699999999999
		(h, h_ind): (-1, 0)
		load: 20.0

	Finished service at time: 57.9699999999999

	Using Machine: 4
		Task 3 -> Machine 4 (Station 1): 39.56
		Vehicle arrival at machine station: 97.5299999999999
		Waiting time until machine travel: 0.0

		Machine travel start time: 97.5299999999999
		Region 0 -> Region 2: 10.0
		Machine arrival at machine station: 107.5299999999999

		Machine 4 (Station 3)-> Task 40: 89.83
		Vehicle arrival at task: 197.3599999999999
		Waiting time until service start time: 0.0

	id: 40
		node: 22
		(x, y, z): (132, 133, 2)
		dem: 24
		earl: 0
		lat: 2437
		servt: 10
		pid: 0
		did: 72
		servST: 197.3599999999999
		(h, h_ind): (4, 2)
		load: 44.0

	Finished service at time: 207.3599999999999

	Task 40 -> Task 72: 112.92
	Vehicle arrival at task: 320.2799999999999
	Waiting time until service start time: 0.0

	id: 72
		node: 82
		(x, y, z): (88, 29, 2)
		dem: -24
		earl: 0
		lat: 2481
		servt: 10
		pid: 40
		did: 0
		servST: 320.2799999999999
		(h, h_ind): (-1, 0)
		load: 20.0

	Finished service at time: 330.2799999999999

	Task 72 -> Task 56: 11.18
	Vehicle arrival at task: 341.4599999999999
	Waiting time until service start time: 0.0

	id: 56
		node: 29
		(x, y, z): (86, 40, 2)
		dem: 22
		earl: 0
		lat: 2491
		servt: 10
		pid: 0
		did: 11
		servST: 341.4599999999999
		(h, h_ind): (-1, 0)
		load: 42.0

	Finished service at time: 351.4599999999999

	Using Machine: 5
		Task 56 -> Machine 5 (Station 3): 32.28
		Vehicle arrival at machine station: 383.7399999999999
		Waiting time until machine travel: 0.0

		Machine travel start time: 383.73999999999995
		Region 2 -> Region 1: 5.0
		Machine arrival at machine station: 388.73999999999995

		Machine 5 (Station 2)-> Task 95: 53.04
		Vehicle arrival at task: 441.78
		Waiting time until service start time: 0.0

	id: 95
		node: 63
		(x, y, z): (114, 109, 1)
		dem: -20
		earl: 249
		lat: 489
		servt: 10
		pid: 3
		did: 0
		servST: 441.78
		(h, h_ind): (5, 4)
		load: 22.0

	Finished service at time: 451.78

	Task 95 -> Task 103: 87.02
	Vehicle arrival at task: 538.8
	Waiting time until service start time: 0.0

	id: 103
		node: 49
		(x, y, z): (116, 22, 1)
		dem: 32
		earl: 491
		lat: 731
		servt: 10
		pid: 0
		did: 60
		servST: 538.8
		(h, h_ind): (-1, 0)
		load: 54.0

	Finished service at time: 548.8

	Using Machine: 4
		Task 103 -> Machine 4 (Station 2): 69.3
		Vehicle arrival at machine station: 618.0999999999999
		Waiting time until machine travel: 0.0

		Machine travel start time: 618.0999999999999
		Region 1 -> Region 0: 5.0
		Machine arrival at machine station: 623.0999999999999

		Machine 4 (Station 1)-> Task 4: 39.56
		Vehicle arrival at task: 662.6599999999999
		Waiting time until service start time: 0.0

	id: 4
		node: 4
		(x, y, z): (29, 60, 0)
		dem: 14
		earl: 0
		lat: 2483
		servt: 10
		pid: 0
		did: 20
		servST: 662.6599999999999
		(h, h_ind): (4, 11)
		load: 68.0

	Finished service at time: 672.6599999999999

	Using Machine: 5
		Task 4 -> Machine 5 (Station 1): 49.24
		Vehicle arrival at machine station: 721.8999999999999
		Waiting time until machine travel: 0.0

		Machine travel start time: 721.8999999999999
		Region 0 -> Region 1: 5.0
		Machine arrival at machine station: 726.8999999999999

		Machine 5 (Station 2)-> Task 60: 30.59
		Vehicle arrival at task: 757.4899999999999
		Waiting time until service start time: 0.0

	id: 60
		node: 109
		(x, y, z): (107, 77, 1)
		dem: -32
		earl: 0
		lat: 2488
		servt: 10
		pid: 103
		did: 0
		servST: 757.4899999999999
		(h, h_ind): (5, 8)
		load: 36.0

	Finished service at time: 767.4899999999999

	Using Machine: 5
		Task 60 -> Machine 5 (Station 2): 30.59
		Vehicle arrival at machine station: 798.0799999999999
		Waiting time until machine travel: 0.0

		Machine travel start time: 798.0799999999999
		Region 1 -> Region 0: 5.0
		Machine arrival at machine station: 803.0799999999999

		Machine 5 (Station 1)-> Task 105: 75.93
		Vehicle arrival at task: 879.01
		Waiting time until service start time: 0.0

	id: 105
		node: 50
		(x, y, z): (19, 120, 0)
		dem: 16
		earl: 0
		lat: 2454
		servt: 10
		pid: 0
		did: 85
		servST: 879.01
		(h, h_ind): (5, 10)
		load: 52.0

	Finished service at time: 889.01

	Using Machine: 5
		Task 105 -> Machine 5 (Station 1): 75.93
		Vehicle arrival at machine station: 964.94
		Waiting time until machine travel: 0.0

		Machine travel start time: 964.94
		Region 0 -> Region 3: 15.0
		Machine arrival at machine station: 979.94

		Machine 5 (Station 4)-> Task 75: 27.07
		Vehicle arrival at task: 1007.0100000000001
		Waiting time until service start time: 0.0

	id: 75
		node: 36
		(x, y, z): (104, 73, 3)
		dem: 17
		earl: 0
		lat: 2491
		servt: 10
		pid: 0
		did: 169
		servST: 1007.0100000000001
		(h, h_ind): (5, 14)
		load: 69.0

	Finished service at time: 1017.0100000000001

	Using Machine: 5
		Task 75 -> Machine 5 (Station 4): 27.07
		Vehicle arrival at machine station: 1044.0800000000002
		Waiting time until machine travel: 0.0

		Machine travel start time: 1044.0800000000002
		Region 3 -> Region 2: 5.0
		Machine arrival at machine station: 1049.0800000000002

		Machine 5 (Station 3)-> Task 11: 78.03
		Vehicle arrival at task: 1127.1100000000001
		Waiting time until service start time: 0.0

	id: 11
		node: 89
		(x, y, z): (37, 138, 2)
		dem: -22
		earl: 0
		lat: 2450
		servt: 10
		pid: 56
		did: 0
		servST: 1127.1100000000001
		(h, h_ind): (5, 15)
		load: 47.0

	Finished service at time: 1137.1100000000001

	Using Machine: 5
		Task 11 -> Machine 5 (Station 3): 78.03
		Vehicle arrival at machine station: 1215.14
		Waiting time until machine travel: 0.0

		Machine travel start time: 1215.14
		Region 2 -> Region 3: 5.0
		Machine arrival at machine station: 1220.14

		Machine 5 (Station 4)-> Task 18: 2.24
		Vehicle arrival at task: 1222.38
		Waiting time until service start time: 0.0

	id: 18
		node: 11
		(x, y, z): (79, 72, 3)
		dem: 22
		earl: 0
		lat: 2516
		servt: 10
		pid: 0
		did: 138
		servST: 1222.38
		(h, h_ind): (5, 19)
		load: 69.0

	Finished service at time: 1232.38

	Using Machine: 5
		Task 18 -> Machine 5 (Station 4): 2.24
		Vehicle arrival at machine station: 1234.6200000000001
		Waiting time until machine travel: 0.0

		Machine travel start time: 1234.6200000000001
		Region 3 -> Region 0: 15.0
		Machine arrival at machine station: 1249.6200000000001

		Machine 5 (Station 1)-> Task 138: 36.24
		Vehicle arrival at task: 1285.8600000000001
		Waiting time until service start time: 0.0

	id: 138
		node: 71
		(x, y, z): (100, 99, 0)
		dem: -22
		earl: 1136
		lat: 1376
		servt: 10
		pid: 18
		did: 0
		servST: 1285.8600000000001
		(h, h_ind): (5, 20)
		load: 47.0

	Finished service at time: 1295.8600000000001

	Task 138 -> Task 42: 51.08
	Vehicle arrival at task: 1346.94
	Waiting time until service start time: 0.0

	id: 42
		node: 24
		(x, y, z): (120, 52, 0)
		dem: 20
		earl: 0
		lat: 2472
		servt: 10
		pid: 0
		did: 43
		servST: 1346.94
		(h, h_ind): (-1, 0)
		load: 67.0

	Finished service at time: 1356.94

	Task 42 -> Task 43: 21.19
	Vehicle arrival at task: 1378.13
	Waiting time until service start time: 0.0

	id: 43
		node: 84
		(x, y, z): (113, 32, 0)
		dem: -20
		earl: 0
		lat: 2468
		servt: 10
		pid: 42
		did: 0
		servST: 1378.13
		(h, h_ind): (-1, 0)
		load: 47.0

	Finished service at time: 1388.13

	Using Machine: 1
		Task 43 -> Machine 1 (Station 1): 55.87
		Vehicle arrival at machine station: 1444.0
		Waiting time until machine travel: 0.0

		Machine travel start time: 1444.0000000000002
		Region 0 -> Region 1: 5.0
		Machine arrival at machine station: 1449.0000000000002

		Machine 1 (Station 2)-> Task 93: 83.45
		Vehicle arrival at task: 1532.4500000000003
		Waiting time until service start time: 0.0

	id: 93
		node: 46
		(x, y, z): (13, 129, 1)
		dem: 25
		earl: 1345
		lat: 1585
		servt: 10
		pid: 0
		did: 189
		servST: 1532.4500000000003
		(h, h_ind): (1, 4)
		load: 72.0

	Finished service at time: 1542.4500000000003

	Task 93 -> Task 189: 31.05
	Vehicle arrival at task: 1573.5000000000002
	Waiting time until service start time: 0.0

	id: 189
		node: 106
		(x, y, z): (5, 99, 1)
		dem: -25
		earl: 0
		lat: 2454
		servt: 10
		pid: 93
		did: 0
		servST: 1573.5000000000002
		(h, h_ind): (-1, 0)
		load: 47.0

	Finished service at time: 1583.5000000000002

	Using Machine: 4
		Task 189 -> Machine 4 (Station 2): 68.03
		Vehicle arrival at machine station: 1651.5300000000002
		Waiting time until machine travel: 0.0

		Machine travel start time: 1651.5300000000002
		Region 1 -> Region 2: 5.0
		Machine arrival at machine station: 1656.5300000000002

		Machine 4 (Station 3)-> Task 123: 71.85
		Vehicle arrival at task: 1728.38
		Waiting time until service start time: 0.0

	id: 123
		node: 61
		(x, y, z): (26, 130, 2)
		dem: 20
		earl: 0
		lat: 2451
		servt: 10
		pid: 0
		did: 54
		servST: 1728.38
		(h, h_ind): (4, 24)
		load: 67.0

	Finished service at time: 1738.38

	Task 123 -> Task 20: 46.62
	Vehicle arrival at task: 1785.0
	Waiting time until service start time: 0.0

	id: 20
		node: 64
		(x, y, z): (8, 87, 2)
		dem: -14
		earl: 1545
		lat: 1785
		servt: 10
		pid: 4
		did: 0
		servST: 1785.0
		(h, h_ind): (-1, 0)
		load: 53.0

	Finished service at time: 1795.0

	Task 20 -> Task 54: 39.32
	Vehicle arrival at task: 1834.32
	Waiting time until service start time: 0.0

	id: 54
		node: 121
		(x, y, z): (13, 48, 2)
		dem: -20
		earl: 1622
		lat: 1862
		servt: 10
		pid: 123
		did: 0
		servST: 1834.32
		(h, h_ind): (-1, 0)
		load: 33.0

	Finished service at time: 1844.32

	Task 54 -> Task 169: 58.14
	Vehicle arrival at task: 1902.46
	Waiting time until service start time: 0.0

	id: 169
		node: 96
		(x, y, z): (51, 92, 2)
		dem: -17
		earl: 1731
		lat: 1971
		servt: 10
		pid: 75
		did: 0
		servST: 1902.46
		(h, h_ind): (-1, 0)
		load: 16.0

	Finished service at time: 1912.46

	Task 169 -> Task 85: 26.83
	Vehicle arrival at task: 1939.29
	Waiting time until service start time: 9.71

	id: 85
		node: 110
		(x, y, z): (27, 104, 2)
		dem: -16
		earl: 1949
		lat: 2189
		servt: 10
		pid: 105
		did: 0
		servST: 1949.0
		(h, h_ind): (-1, 0)
		load: 0.0

	Finished service at time: 1959.0

	Using Machine: 2
		Task 85 -> Machine 2 (Station 3): 53.41
		Vehicle arrival at machine station: 2012.41
		Waiting time until machine travel: 0.0

		Machine travel start time: 2012.41
		Region 2 -> Region 0: 10.0
		Machine arrival at machine station: 2022.41

		Machine 2 (Station 1)-> Task 0: 1.41
		Vehicle arrival at task: 2023.8200000000002
		Waiting time until service start time: 0.0

	id: 0
		node: 122
		(x, y, z): (70, 70, 0)
		dem: 0
		earl: 0
		lat: 2535
		servt: 0
		pid: 0
		did: 0
		servST: 2023.8200000000002
		(h, h_ind): (2, 10)
		load: 0.0


Vehicle 49 :
	id: 0
		node: 1
		(x, y, z): (70, 70, 0)
		dem: 0
		earl: 0
		lat: 2535
		servt: 0
		pid: 0
		did: 0
		servST: 76.44
		(h, h_ind): (-1, 0)
		load: 0.0

	Finished service at time: 76.44

	Using Machine: 3
		Task 0 -> Machine 3 (Station 1): 5.1
		Vehicle arrival at machine station: 81.53999999999999
		Waiting time until machine travel: 0.0

		Machine travel start time: 81.53999999999999
		Region 0 -> Region 1: 5.0
		Machine arrival at machine station: 86.53999999999999

		Machine 3 (Station 2)-> Task 80: 4.12
		Vehicle arrival at task: 90.66
		Waiting time until service start time: 0.0

	id: 80
		node: 39
		(x, y, z): (71, 70, 1)
		dem: 9
		earl: 0
		lat: 2524
		servt: 10
		pid: 0
		did: 119
		servST: 90.66
		(h, h_ind): (3, 1)
		load: 9.0

	Finished service at time: 100.66

	Task 80 -> Task 36: 45.34
	Vehicle arrival at task: 146.0
	Waiting time until service start time: 0.0

	id: 36
		node: 20
		(x, y, z): (41, 36, 1)
		dem: 13
		earl: 146
		lat: 386
		servt: 10
		pid: 0
		did: 37
		servST: 146.0
		(h, h_ind): (-1, 0)
		load: 22.0

	Finished service at time: 156.0

	Task 36 -> Task 119: 82.57
	Vehicle arrival at task: 238.57
	Waiting time until service start time: 0.0

	id: 119
		node: 99
		(x, y, z): (120, 60, 1)
		dem: -9
		earl: 156
		lat: 396
		servt: 10
		pid: 80
		did: 0
		servST: 238.57
		(h, h_ind): (-1, 0)
		load: 13.0

	Finished service at time: 248.57

	Task 119 -> Task 92: 19.7
	Vehicle arrival at task: 268.27
	Waiting time until service start time: 0.0

	id: 92
		node: 45
		(x, y, z): (102, 52, 1)
		dem: 15
		earl: 0
		lat: 2489
		servt: 10
		pid: 0
		did: 61
		servST: 268.27
		(h, h_ind): (-1, 0)
		load: 28.0

	Finished service at time: 278.27

	Using Machine: 5
		Task 92 -> Machine 5 (Station 2): 31.4
		Vehicle arrival at machine station: 309.66999999999996
		Waiting time until machine travel: 0.0

		Machine travel start time: 309.66999999999996
		Region 1 -> Region 0: 5.0
		Machine arrival at machine station: 314.66999999999996

		Machine 5 (Station 1)-> Task 61: 31.91
		Vehicle arrival at task: 346.58
		Waiting time until service start time: -0.0

	id: 61
		node: 105
		(x, y, z): (104, 54, 0)
		dem: -15
		earl: 150
		lat: 390
		servt: 10
		pid: 92
		did: 0
		servST: 346.5799999999999
		(h, h_ind): (5, 3)
		load: 13.0

	Finished service at time: 356.5799999999999

	Task 61 -> Task 35: 86.53
	Vehicle arrival at task: 443.1099999999999
	Waiting time until service start time: 0.0

	id: 35
		node: 19
		(x, y, z): (32, 6, 0)
		dem: 11
		earl: 320
		lat: 560
		servt: 10
		pid: 0
		did: 30
		servST: 443.1099999999999
		(h, h_ind): (-1, 0)
		load: 24.0

	Finished service at time: 453.1099999999999

	Task 35 -> Task 50: 135.82
	Vehicle arrival at task: 588.9299999999998
	Waiting time until service start time: 0.0

	id: 50
		node: 27
		(x, y, z): (64, 138, 0)
		dem: 15
		earl: 0
		lat: 2457
		servt: 10
		pid: 0
		did: 124
		servST: 588.9299999999998
		(h, h_ind): (-1, 0)
		load: 39.0

	Finished service at time: 598.9299999999998

	Using Machine: 5
		Task 50 -> Machine 5 (Station 1): 68.25
		Vehicle arrival at machine station: 667.1799999999998
		Waiting time until machine travel: 0.0

		Machine travel start time: 667.1799999999998
		Region 0 -> Region 3: 15.0
		Machine arrival at machine station: 682.1799999999998

		Machine 5 (Station 4)-> Task 31: 69.35
		Vehicle arrival at task: 751.5299999999999
		Waiting time until service start time: 0.0

	id: 31
		node: 16
		(x, y, z): (140, 42, 3)
		dem: 13
		earl: 0
		lat: 2450
		servt: 10
		pid: 0
		did: 15
		servST: 751.5299999999999
		(h, h_ind): (5, 7)
		load: 52.0

	Finished service at time: 761.5299999999999

	Task 31 -> Task 115: 50.7
	Vehicle arrival at task: 812.2299999999999
	Waiting time until service start time: 0.0

	id: 115
		node: 57
		(x, y, z): (93, 61, 3)
		dem: 10
		earl: 0
		lat: 2501
		servt: 10
		pid: 0
		did: 71
		servST: 812.2299999999999
		(h, h_ind): (-1, 0)
		load: 62.0

	Finished service at time: 822.2299999999999

	Using Machine: 5
		Task 115 -> Machine 5 (Station 4): 18.87
		Vehicle arrival at machine station: 841.0999999999999
		Waiting time until machine travel: 0.0

		Machine travel start time: 841.0999999999999
		Region 3 -> Region 0: 15.0
		Machine arrival at machine station: 856.0999999999999

		Machine 5 (Station 1)-> Task 66: 64.2
		Vehicle arrival at task: 920.3
		Waiting time until service start time: 0.0

	id: 66
		node: 33
		(x, y, z): (38, 122, 0)
		dem: 13
		earl: 876
		lat: 1116
		servt: 10
		pid: 0
		did: 55
		servST: 920.3
		(h, h_ind): (5, 11)
		load: 75.0

	Finished service at time: 930.3

	Using Machine: 2
		Task 66 -> Machine 2 (Station 1): 59.68
		Vehicle arrival at machine station: 989.9799999999999
		Waiting time until machine travel: 0.0

		Machine travel start time: 989.98
		Region 0 -> Region 3: 15.0
		Machine arrival at machine station: 1004.98

		Machine 2 (Station 4)-> Task 124: 43.08
		Vehicle arrival at task: 1048.06
		Waiting time until service start time: 0.0

	id: 124
		node: 87
		(x, y, z): (85, 111, 3)
		dem: -15
		earl: 952
		lat: 1192
		servt: 10
		pid: 50
		did: 0
		servST: 1048.06
		(h, h_ind): (2, 4)
		load: 60.0

	Finished service at time: 1058.06

	Using Machine: 5
		Task 124 -> Machine 5 (Station 4): 40.79
		Vehicle arrival at machine station: 1098.85
		Waiting time until machine travel: 0.0

		Machine travel start time: 1098.85
		Region 3 -> Region 1: 10.0
		Machine arrival at machine station: 1108.85

		Machine 5 (Station 2)-> Task 37: 67.54
		Vehicle arrival at task: 1176.3899999999999
		Waiting time until service start time: 0.0

	id: 37
		node: 80
		(x, y, z): (106, 10, 1)
		dem: -13
		earl: 1135
		lat: 1375
		servt: 10
		pid: 36
		did: 0
		servST: 1176.3899999999999
		(h, h_ind): (5, 16)
		load: 47.0

	Finished service at time: 1186.3899999999999

	Task 37 -> Task 15: 31.14
	Vehicle arrival at task: 1217.53
	Waiting time until service start time: 0.0

	id: 15
		node: 76
		(x, y, z): (137, 7, 1)
		dem: -13
		earl: 0
		lat: 2434
		servt: 10
		pid: 31
		did: 0
		servST: 1217.53
		(h, h_ind): (-1, 0)
		load: 34.0

	Finished service at time: 1227.53

	Task 15 -> Task 9: 34.99
	Vehicle arrival at task: 1262.52
	Waiting time until service start time: 0.0

	id: 9
		node: 7
		(x, y, z): (107, 25, 1)
		dem: 13
		earl: 1035
		lat: 1275
		servt: 10
		pid: 0
		did: 82
		servST: 1262.52
		(h, h_ind): (-1, 0)
		load: 47.0

	Finished service at time: 1272.52

	Task 9 -> Task 71: 53.6
	Vehicle arrival at task: 1326.12
	Waiting time until service start time: 0.0

	id: 71
		node: 117
		(x, y, z): (139, 68, 1)
		dem: -10
		earl: 0
		lat: 2456
		servt: 10
		pid: 115
		did: 0
		servST: 1326.12
		(h, h_ind): (-1, 0)
		load: 37.0

	Finished service at time: 1336.12

	Using Machine: 5
		Task 71 -> Machine 5 (Station 2): 62.07
		Vehicle arrival at machine station: 1398.1899999999998
		Waiting time until machine travel: 0.0

		Machine travel start time: 1398.1899999999998
		Region 1 -> Region 3: 10.0
		Machine arrival at machine station: 1408.1899999999998

		Machine 5 (Station 4)-> Task 82: 44.38
		Vehicle arrival at task: 1452.57
		Waiting time until service start time: 0.0

	id: 82
		node: 67
		(x, y, z): (36, 54, 3)
		dem: -13
		earl: 1428
		lat: 1668
		servt: 10
		pid: 9
		did: 0
		servST: 1452.57
		(h, h_ind): (5, 23)
		load: 24.0

	Finished service at time: 1462.57

	Using Machine: 4
		Task 82 -> Machine 4 (Station 4): 35.36
		Vehicle arrival at machine station: 1497.9299999999998
		Waiting time until machine travel: 0.0

		Machine travel start time: 1497.9299999999998
		Region 3 -> Region 0: 15.0
		Machine arrival at machine station: 1512.9299999999998

		Machine 4 (Station 1)-> Task 55: 24.04
		Vehicle arrival at task: 1536.9699999999998
		Waiting time until service start time: 0.0

	id: 55
		node: 93
		(x, y, z): (84, 88, 0)
		dem: -13
		earl: 1365
		lat: 1605
		servt: 10
		pid: 66
		did: 0
		servST: 1536.9699999999998
		(h, h_ind): (4, 22)
		load: 11.0

	Finished service at time: 1546.9699999999998

	Using Machine: 4
		Task 55 -> Machine 4 (Station 1): 24.04
		Vehicle arrival at machine station: 1571.0099999999998
		Waiting time until machine travel: 0.0

		Machine travel start time: 1571.0099999999998
		Region 0 -> Region 3: 15.0
		Machine arrival at machine station: 1586.0099999999998

		Machine 4 (Station 4)-> Task 30: 58.94
		Vehicle arrival at task: 1644.9499999999998
		Waiting time until service start time: 0.0

	id: 30
		node: 79
		(x, y, z): (10, 86, 3)
		dem: -11
		earl: 0
		lat: 2463
		servt: 10
		pid: 35
		did: 0
		servST: 1644.9499999999998
		(h, h_ind): (4, 23)
		load: 0.0

	Finished service at time: 1654.9499999999998

	Using Machine: 4
		Task 30 -> Machine 4 (Station 4): 58.94
		Vehicle arrival at machine station: 1713.8899999999999
		Waiting time until machine travel: 0.0

		Machine travel start time: 1713.8899999999999
		Region 3 -> Region 0: 15.0
		Machine arrival at machine station: 1728.8899999999999

		Machine 4 (Station 1)-> Task 0: 3.16
		Vehicle arrival at task: 1732.05
		Waiting time until service start time: 0.0

	id: 0
		node: 122
		(x, y, z): (70, 70, 0)
		dem: 0
		earl: 0
		lat: 2535
		servt: 0
		pid: 0
		did: 0
		servST: 1732.05
		(h, h_ind): (4, 26)
		load: 0.0


Vehicle 52 :
	id: 0
		node: 1
		(x, y, z): (70, 70, 0)
		dem: 0
		earl: 0
		lat: 2535
		servt: 0
		pid: 0
		did: 0
		servST: 0.0
		(h, h_ind): (-1, 0)
		load: 0.0

	Finished service at time: 0.0

	Using Machine: 4
		Task 0 -> Machine 4 (Station 1): 3.16
		Vehicle arrival at machine station: 3.16
		Waiting time until machine travel: 0.0

		Machine travel start time: 3.1600000000000037
		Region 0 -> Region 3: 15.0
		Machine arrival at machine station: 18.160000000000004

		Machine 4 (Station 4)-> Task 25: 31.05
		Vehicle arrival at task: 49.21000000000001
		Waiting time until service start time: -0.0

	id: 25
		node: 13
		(x, y, z): (37, 79, 3)
		dem: 5
		earl: 0
		lat: 2491
		servt: 10
		pid: 0
		did: 87
		servST: 49.21
		(h, h_ind): (4, 1)
		load: 5.0

	Finished service at time: 59.21

	Task 25 -> Task 33: 50.25
	Vehicle arrival at task: 109.46000000000001
	Waiting time until service start time: 0.0

	id: 33
		node: 18
		(x, y, z): (42, 29, 3)
		dem: 12
		earl: 0
		lat: 2476
		servt: 10
		pid: 0
		did: 192
		servST: 109.46000000000001
		(h, h_ind): (-1, 0)
		load: 17.0

	Finished service at time: 119.46000000000001

	Using Machine: 4
		Task 33 -> Machine 4 (Station 4): 48.88
		Vehicle arrival at machine station: 168.34
		Waiting time until machine travel: 0.0

		Machine travel start time: 168.34
		Region 3 -> Region 1: 10.0
		Machine arrival at machine station: 178.34

		Machine 4 (Station 2)-> Task 87: 33.02
		Vehicle arrival at task: 211.36
		Waiting time until service start time: 0.0

	id: 87
		node: 73
		(x, y, z): (34, 72, 1)
		dem: -5
		earl: 0
		lat: 2489
		servt: 10
		pid: 25
		did: 0
		servST: 211.36
		(h, h_ind): (4, 3)
		load: 12.0

	Finished service at time: 221.36

	Using Machine: 4
		Task 87 -> Machine 4 (Station 2): 33.02
		Vehicle arrival at machine station: 254.38000000000002
		Waiting time until machine travel: 0.0

		Machine travel start time: 254.38000000000002
		Region 1 -> Region 2: 5.0
		Machine arrival at machine station: 259.38

		Machine 4 (Station 3)-> Task 192: 41.88
		Vehicle arrival at task: 301.26
		Waiting time until service start time: 0.0

	id: 192
		node: 78
		(x, y, z): (44, 36, 2)
		dem: -12
		earl: 131
		lat: 371
		servt: 10
		pid: 33
		did: 0
		servST: 301.26000000000005
		(h, h_ind): (4, 6)
		load: 0.0

	Finished service at time: 311.26000000000005

	Task 192 -> Task 77: 59.54
	Vehicle arrival at task: 370.80000000000007
	Waiting time until service start time: 0.0

	id: 77
		node: 37
		(x, y, z): (103, 44, 2)
		dem: 12
		earl: 0
		lat: 2483
		servt: 10
		pid: 0
		did: 94
		servST: 370.80000000000007
		(h, h_ind): (-1, 0)
		load: 12.0

	Finished service at time: 380.80000000000007

	Task 77 -> Task 88: 27.8
	Vehicle arrival at task: 408.6000000000001
	Waiting time until service start time: 0.0

	id: 88
		node: 41
		(x, y, z): (120, 22, 2)
		dem: 39
		earl: 396
		lat: 636
		servt: 10
		pid: 0
		did: 122
		servST: 408.6000000000001
		(h, h_ind): (-1, 0)
		load: 51.0

	Finished service at time: 418.6000000000001

	Using Machine: 5
		Task 88 -> Machine 5 (Station 3): 65.19
		Vehicle arrival at machine station: 483.7900000000001
		Waiting time until machine travel: 0.0

		Machine travel start time: 483.7900000000001
		Region 2 -> Region 0: 10.0
		Machine arrival at machine station: 493.7900000000001

		Machine 5 (Station 1)-> Task 122: 45.18
		Vehicle arrival at task: 538.97
		Waiting time until service start time: 0.0

	id: 122
		node: 101
		(x, y, z): (117, 92, 0)
		dem: -39
		earl: 0
		lat: 2474
		servt: 10
		pid: 88
		did: 0
		servST: 538.97
		(h, h_ind): (5, 5)
		load: 12.0

	Finished service at time: 548.97

	Using Machine: 3
		Task 122 -> Machine 3 (Station 1): 46.96
		Vehicle arrival at machine station: 595.9300000000001
		Waiting time until machine travel: 0.0

		Machine travel start time: 595.9300000000001
		Region 0 -> Region 2: 10.0
		Machine arrival at machine station: 605.9300000000001

		Machine 3 (Station 3)-> Task 111: 19.8
		Vehicle arrival at task: 625.73
		Waiting time until service start time: 0.0

	id: 111
		node: 53
		(x, y, z): (61, 57, 2)
		dem: 35
		earl: 0
		lat: 2510
		servt: 10
		pid: 0
		did: 163
		servST: 625.73
		(h, h_ind): (3, 3)
		load: 47.0

	Finished service at time: 635.73

	Using Machine: 4
		Task 111 -> Machine 4 (Station 3): 15.23
		Vehicle arrival at machine station: 650.96
		Waiting time until machine travel: 0.0

		Machine travel start time: 650.96
		Region 2 -> Region 1: 5.0
		Machine arrival at machine station: 655.96

		Machine 4 (Station 2)-> Task 163: 14.76
		Vehicle arrival at task: 670.72
		Waiting time until service start time: 0.0

	id: 163
		node: 113
		(x, y, z): (54, 78, 1)
		dem: -35
		earl: 0
		lat: 2508
		servt: 10
		pid: 111
		did: 0
		servST: 670.72
		(h, h_ind): (4, 12)
		load: 12.0

	Finished service at time: 680.72

	Using Machine: 4
		Task 163 -> Machine 4 (Station 2): 14.76
		Vehicle arrival at machine station: 695.48
		Waiting time until machine travel: 0.0

		Machine travel start time: 695.48
		Region 1 -> Region 0: 5.0
		Machine arrival at machine station: 700.48

		Machine 4 (Station 1)-> Task 32: 75.66
		Vehicle arrival at task: 776.14
		Waiting time until service start time: 0.0

	id: 32
		node: 17
		(x, y, z): (121, 124, 0)
		dem: 21
		earl: 539
		lat: 779
		servt: 10
		pid: 0
		did: 127
		servST: 776.14
		(h, h_ind): (4, 13)
		load: 33.0

	Finished service at time: 786.14

	Task 32 -> Task 114: 6.0
	Vehicle arrival at task: 792.14
	Waiting time until service start time: 0.0

	id: 114
		node: 56
		(x, y, z): (115, 124, 0)
		dem: 11
		earl: 0
		lat: 2455
		servt: 10
		pid: 0
		did: 63
		servST: 792.14
		(h, h_ind): (-1, 0)
		load: 44.0

	Finished service at time: 802.14

	Using Machine: 5
		Task 114 -> Machine 5 (Station 1): 65.22
		Vehicle arrival at machine station: 867.36
		Waiting time until machine travel: 0.0

		Machine travel start time: 867.36
		Region 0 -> Region 1: 5.0
		Machine arrival at machine station: 872.36

		Machine 5 (Station 2)-> Task 27: 81.34
		Vehicle arrival at task: 953.7
		Waiting time until service start time: 0.0

	id: 27
		node: 15
		(x, y, z): (133, 130, 1)
		dem: 13
		earl: 0
		lat: 2438
		servt: 10
		pid: 0
		did: 76
		servST: 953.7
		(h, h_ind): (5, 12)
		load: 57.0

	Finished service at time: 963.7

	Using Machine: 4
		Task 27 -> Machine 4 (Station 2): 88.53
		Vehicle arrival at machine station: 1052.23
		Waiting time until machine travel: 0.0

		Machine travel start time: 1052.23
		Region 1 -> Region 2: 5.0
		Machine arrival at machine station: 1057.23

		Machine 4 (Station 3)-> Task 63: 39.82
		Vehicle arrival at task: 1097.05
		Waiting time until service start time: 0.0

	id: 63
		node: 116
		(x, y, z): (32, 52, 2)
		dem: -11
		earl: 0
		lat: 2483
		servt: 10
		pid: 114
		did: 0
		servST: 1097.05
		(h, h_ind): (4, 17)
		load: 46.0

	Finished service at time: 1107.05

	Using Machine: 4
		Task 63 -> Machine 4 (Station 3): 39.82
		Vehicle arrival at machine station: 1146.87
		Waiting time until machine travel: 0.0

		Machine travel start time: 1146.87
		Region 2 -> Region 1: 5.0
		Machine arrival at machine station: 1151.87

		Machine 4 (Station 2)-> Task 94: 60.75
		Vehicle arrival at task: 1212.62
		Waiting time until service start time: 0.0

	id: 94
		node: 97
		(x, y, z): (34, 20, 1)
		dem: -12
		earl: 0
		lat: 2464
		servt: 10
		pid: 77
		did: 0
		servST: 1212.62
		(h, h_ind): (4, 19)
		load: 34.0

	Finished service at time: 1222.62

	Task 94 -> Task 127: 134.32
	Vehicle arrival at task: 1356.9399999999998
	Waiting time until service start time: 0.0

	id: 127
		node: 77
		(x, y, z): (138, 105, 1)
		dem: -21
		earl: 0
		lat: 2449
		servt: 10
		pid: 32
		did: 0
		servST: 1356.9399999999998
		(h, h_ind): (-1, 0)
		load: 13.0

	Finished service at time: 1366.9399999999998

	Using Machine: 5
		Task 127 -> Machine 5 (Station 2): 69.84
		Vehicle arrival at machine station: 1436.7799999999997
		Waiting time until machine travel: 0.0

		Machine travel start time: 1436.7799999999997
		Region 1 -> Region 3: 10.0
		Machine arrival at machine station: 1446.7799999999997

		Machine 5 (Station 4)-> Task 106: 62.77
		Vehicle arrival at task: 1509.5499999999997
		Waiting time until service start time: 0.0

	id: 106
		node: 51
		(x, y, z): (23, 39, 3)
		dem: 20
		earl: 1347
		lat: 1587
		servt: 10
		pid: 0
		did: 179
		servST: 1509.5499999999997
		(h, h_ind): (5, 24)
		load: 33.0

	Finished service at time: 1519.5499999999997

	Task 106 -> Task 76: 24.41
	Vehicle arrival at task: 1543.9599999999998
	Waiting time until service start time: 0.0

	id: 76
		node: 75
		(x, y, z): (9, 19, 3)
		dem: -13
		earl: 1431
		lat: 1671
		servt: 10
		pid: 27
		did: 0
		servST: 1543.9599999999998
		(h, h_ind): (-1, 0)
		load: 20.0

	Finished service at time: 1553.9599999999998

	Task 76 -> Task 112: 131.23
	Vehicle arrival at task: 1685.1899999999998
	Waiting time until service start time: 0.0

	id: 112
		node: 54
		(x, y, z): (123, 84, 3)
		dem: 13
		earl: 1606
		lat: 1846
		servt: 10
		pid: 0
		did: 102
		servST: 1685.1899999999998
		(h, h_ind): (-1, 0)
		load: 33.0

	Finished service at time: 1695.1899999999998

	Task 112 -> Task 13: 39.05
	Vehicle arrival at task: 1734.2399999999998
	Waiting time until service start time: 0.0

	id: 13
		node: 10
		(x, y, z): (121, 123, 3)
		dem: 9
		earl: 0
		lat: 2452
		servt: 10
		pid: 0
		did: 52
		servST: 1734.2399999999998
		(h, h_ind): (-1, 0)
		load: 42.0

	Finished service at time: 1744.2399999999998

	Task 13 -> Task 102: 46.57
	Vehicle arrival at task: 1790.8099999999997
	Waiting time until service start time: 0.0

	id: 102
		node: 114
		(x, y, z): (109, 78, 3)
		dem: -13
		earl: 0
		lat: 2486
		servt: 10
		pid: 112
		did: 0
		servST: 1790.8099999999997
		(h, h_ind): (-1, 0)
		load: 29.0

	Finished service at time: 1800.8099999999997

	Using Machine: 5
		Task 102 -> Machine 5 (Station 4): 32.76
		Vehicle arrival at machine station: 1833.5699999999997
		Waiting time until machine travel: 0.0

		Machine travel start time: 1833.5699999999997
		Region 3 -> Region 2: 5.0
		Machine arrival at machine station: 1838.5699999999997

		Machine 5 (Station 3)-> Task 179: 50.92
		Vehicle arrival at task: 1889.4899999999998
		Waiting time until service start time: 0.0

	id: 179
		node: 111
		(x, y, z): (60, 23, 2)
		dem: -20
		earl: 0
		lat: 2477
		servt: 10
		pid: 106
		did: 0
		servST: 1889.4899999999998
		(h, h_ind): (5, 25)
		load: 9.0

	Finished service at time: 1899.4899999999998

	Task 179 -> Task 52: 11.05
	Vehicle arrival at task: 1910.5399999999997
	Waiting time until service start time: 0.0

	id: 52
		node: 70
		(x, y, z): (61, 34, 2)
		dem: -9
		earl: 1830
		lat: 2070
		servt: 10
		pid: 13
		did: 0
		servST: 1910.5399999999997
		(h, h_ind): (-1, 0)
		load: 0.0

	Finished service at time: 1920.5399999999997

	Using Machine: 2
		Task 52 -> Machine 2 (Station 3): 37.85
		Vehicle arrival at machine station: 1958.3899999999996
		Waiting time until machine travel: 0.0

		Machine travel start time: 1958.3899999999996
		Region 2 -> Region 0: 10.0
		Machine arrival at machine station: 1968.3899999999996

		Machine 2 (Station 1)-> Task 0: 1.41
		Vehicle arrival at task: 1969.7999999999997
		Waiting time until service start time: 0.0

	id: 0
		node: 122
		(x, y, z): (70, 70, 0)
		dem: 0
		earl: 0
		lat: 2535
		servt: 0
		pid: 0
		did: 0
		servST: 1969.7999999999997
		(h, h_ind): (2, 9)
		load: 0.0


---------------------| MACHINES |---------------------

Machine 0 :
	setup duration: 0.0

	vehicle: 10
	vehicleInd: 2
	(orig, dest): (0, 113)
	(origRegion, destRegion): (0, 3)
	st: 6.060000000000201
	duration: 15.0

	setup duration: 5.0

	vehicle: 10
	vehicleInd: 9
	(orig, dest): (99, 78)
	(origRegion, destRegion): (2, 3)
	st: 638.9500000000002
	duration: 5.0


Machine 1 :
	setup duration: 0.0

	vehicle: 29
	vehicleInd: 2
	(orig, dest): (0, 116)
	(origRegion, destRegion): (0, 3)
	st: 59.35000000000005
	duration: 15.0

	setup duration: 5.0

	vehicle: 21
	vehicleInd: 8
	(orig, dest): (91, 44)
	(origRegion, destRegion): (2, 1)
	st: 590.72
	duration: 5.0

	setup duration: 5.0

	vehicle: 29
	vehicleInd: 15
	(orig, dest): (68, 158)
	(origRegion, destRegion): (2, 3)
	st: 1187.14
	duration: 5.0

	setup duration: 15.0

	vehicle: 46
	vehicleInd: 17
	(orig, dest): (43, 93)
	(origRegion, destRegion): (0, 1)
	st: 1444.0000000000002
	duration: 5.0


Machine 2 :
	setup duration: 0.0

	vehicle: 21
	vehicleInd: 2
	(orig, dest): (0, 74)
	(origRegion, destRegion): (0, 3)
	st: 47.98999999999998
	duration: 15.0

	setup duration: 0.0

	vehicle: 10
	vehicleInd: 3
	(orig, dest): (113, 8)
	(origRegion, destRegion): (3, 1)
	st: 97.1800000000002
	duration: 10.0

	setup duration: 5.0

	vehicle: 10
	vehicleInd: 5
	(orig, dest): (70, 118)
	(origRegion, destRegion): (2, 1)
	st: 263.0400000000002
	duration: 5.0

	setup duration: 5.0

	vehicle: 49
	vehicleInd: 12
	(orig, dest): (66, 124)
	(origRegion, destRegion): (0, 3)
	st: 989.98
	duration: 15.0

	setup duration: 5.0

	vehicle: 10
	vehicleInd: 19
	(orig, dest): (58, 121)
	(origRegion, destRegion): (2, 3)
	st: 1419.0200000000002
	duration: 5.0

	setup duration: 0.0

	vehicle: 29
	vehicleInd: 18
	(orig, dest): (16, 0)
	(origRegion, destRegion): (3, 0)
	st: 1457.62
	duration: 15.0

	setup duration: 15.0

	vehicle: 10
	vehicleInd: 21
	(orig, dest): (22, 171)
	(origRegion, destRegion): (3, 2)
	st: 1631.51
	duration: 5.0

	setup duration: 5.0

	vehicle: 21
	vehicleInd: 18
	(orig, dest): (108, 0)
	(origRegion, destRegion): (1, 0)
	st: 1762.08
	duration: 5.0

	setup duration: 10.0

	vehicle: 52
	vehicleInd: 24
	(orig, dest): (52, 0)
	(origRegion, destRegion): (2, 0)
	st: 1958.3899999999996
	duration: 10.0

	setup duration: 10.0

	vehicle: 46
	vehicleInd: 24
	(orig, dest): (85, 0)
	(origRegion, destRegion): (2, 0)
	st: 2012.41
	duration: 10.0


Machine 3 :
	setup duration: 0.0

	vehicle: 49
	vehicleInd: 2
	(orig, dest): (0, 80)
	(origRegion, destRegion): (0, 1)
	st: 81.53999999999999
	duration: 5.0

	setup duration: 10.0

	vehicle: 29
	vehicleInd: 6
	(orig, dest): (47, 120)
	(origRegion, destRegion): (3, 2)
	st: 310.82000000000005
	duration: 5.0

	setup duration: 10.0

	vehicle: 52
	vehicleInd: 9
	(orig, dest): (122, 111)
	(origRegion, destRegion): (0, 2)
	st: 595.9300000000001
	duration: 10.0

	setup duration: 5.0

	vehicle: 10
	vehicleInd: 10
	(orig, dest): (78, 191)
	(origRegion, destRegion): (3, 2)
	st: 704.1100000000002
	duration: 5.0

	setup duration: 5.0

	vehicle: 10
	vehicleInd: 14
	(orig, dest): (19, 57)
	(origRegion, destRegion): (3, 0)
	st: 1024.9100000000003
	duration: 15.0

	setup duration: 10.0

	vehicle: 21
	vehicleInd: 17
	(orig, dest): (96, 108)
	(origRegion, destRegion): (2, 1)
	st: 1591.36
	duration: 5.0


Machine 4 :
	setup duration: 0.0

	vehicle: 52
	vehicleInd: 2
	(orig, dest): (0, 25)
	(origRegion, destRegion): (0, 3)
	st: 3.1600000000000037
	duration: 15.0

	setup duration: 15.0

	vehicle: 46
	vehicleInd: 3
	(orig, dest): (3, 40)
	(origRegion, destRegion): (0, 2)
	st: 97.5299999999999
	duration: 10.0

	setup duration: 5.0

	vehicle: 52
	vehicleInd: 4
	(orig, dest): (33, 87)
	(origRegion, destRegion): (3, 1)
	st: 168.34
	duration: 10.0

	setup duration: 0.0

	vehicle: 10
	vehicleInd: 4
	(orig, dest): (8, 70)
	(origRegion, destRegion): (1, 2)
	st: 199.6600000000002
	duration: 5.0

	setup duration: 5.0

	vehicle: 21
	vehicleInd: 5
	(orig, dest): (100, 34)
	(origRegion, destRegion): (3, 1)
	st: 242.57999999999998
	duration: 10.0

	setup duration: 0.0

	vehicle: 52
	vehicleInd: 5
	(orig, dest): (87, 192)
	(origRegion, destRegion): (1, 2)
	st: 254.38000000000002
	duration: 5.0

	setup duration: 5.0

	vehicle: 21
	vehicleInd: 6
	(orig, dest): (34, 26)
	(origRegion, destRegion): (1, 0)
	st: 315.42
	duration: 5.0

	setup duration: 10.0

	vehicle: 29
	vehicleInd: 7
	(orig, dest): (120, 64)
	(origRegion, destRegion): (2, 0)
	st: 432.70000000000005
	duration: 10.0

	setup duration: 0.0

	vehicle: 21
	vehicleInd: 7
	(orig, dest): (26, 91)
	(origRegion, destRegion): (0, 2)
	st: 452.56
	duration: 10.0

	setup duration: 10.0

	vehicle: 29
	vehicleInd: 8
	(orig, dest): (64, 79)
	(origRegion, destRegion): (0, 2)
	st: 576.24
	duration: 10.0

	setup duration: 5.0

	vehicle: 46
	vehicleInd: 8
	(orig, dest): (103, 4)
	(origRegion, destRegion): (1, 0)
	st: 618.0999999999999
	duration: 5.0

	setup duration: 10.0

	vehicle: 52
	vehicleInd: 10
	(orig, dest): (111, 163)
	(origRegion, destRegion): (2, 1)
	st: 650.96
	duration: 5.0

	setup duration: 0.0

	vehicle: 52
	vehicleInd: 11
	(orig, dest): (163, 32)
	(origRegion, destRegion): (1, 0)
	st: 695.48
	duration: 5.0

	setup duration: 10.0

	vehicle: 21
	vehicleInd: 10
	(orig, dest): (164, 90)
	(origRegion, destRegion): (2, 0)
	st: 782.7000000000002
	duration: 10.0

	setup duration: 10.0

	vehicle: 29
	vehicleInd: 11
	(orig, dest): (81, 83)
	(origRegion, destRegion): (2, 0)
	st: 858.5600000000001
	duration: 10.0

	setup duration: 0.0

	vehicle: 29
	vehicleInd: 13
	(orig, dest): (14, 45)
	(origRegion, destRegion): (0, 2)
	st: 1012.93
	duration: 10.0

	setup duration: 5.0

	vehicle: 52
	vehicleInd: 14
	(orig, dest): (27, 63)
	(origRegion, destRegion): (1, 2)
	st: 1052.23
	duration: 5.0

	setup duration: 10.0

	vehicle: 21
	vehicleInd: 12
	(orig, dest): (51, 17)
	(origRegion, destRegion): (0, 3)
	st: 1074.47
	duration: 15.0

	setup duration: 5.0

	vehicle: 52
	vehicleInd: 15
	(orig, dest): (63, 94)
	(origRegion, destRegion): (2, 1)
	st: 1146.87
	duration: 5.0

	setup duration: 10.0

	vehicle: 21
	vehicleInd: 13
	(orig, dest): (17, 49)
	(origRegion, destRegion): (3, 2)
	st: 1191.61
	duration: 5.0

	setup duration: 10.0

	vehicle: 21
	vehicleInd: 15
	(orig, dest): (173, 2)
	(origRegion, destRegion): (0, 2)
	st: 1434.0
	duration: 10.0

	setup duration: 5.0

	vehicle: 49
	vehicleInd: 18
	(orig, dest): (82, 55)
	(origRegion, destRegion): (3, 0)
	st: 1497.9299999999998
	duration: 15.0

	setup duration: 0.0

	vehicle: 49
	vehicleInd: 19
	(orig, dest): (55, 30)
	(origRegion, destRegion): (0, 3)
	st: 1571.0099999999998
	duration: 15.0

	setup duration: 10.0

	vehicle: 46
	vehicleInd: 19
	(orig, dest): (189, 123)
	(origRegion, destRegion): (1, 2)
	st: 1651.5300000000002
	duration: 5.0

	setup duration: 0.0

	vehicle: 10
	vehicleInd: 22
	(orig, dest): (171, 110)
	(origRegion, destRegion): (2, 3)
	st: 1668.96
	duration: 5.0

	setup duration: 0.0

	vehicle: 49
	vehicleInd: 20
	(orig, dest): (30, 0)
	(origRegion, destRegion): (3, 0)
	st: 1713.8899999999999
	duration: 15.0

	setup duration: 15.0

	vehicle: 10
	vehicleInd: 24
	(orig, dest): (109, 10)
	(origRegion, destRegion): (3, 1)
	st: 1803.01
	duration: 10.0

	setup duration: 0.0

	vehicle: 10
	vehicleInd: 25
	(orig, dest): (10, 73)
	(origRegion, destRegion): (1, 0)
	st: 1990.2099999999998
	duration: 5.0


Machine 5 :
	setup duration: 15.0

	vehicle: 29
	vehicleInd: 3
	(orig, dest): (116, 41)
	(origRegion, destRegion): (3, 2)
	st: 154.31000000000006
	duration: 5.0

	setup duration: 0.0

	vehicle: 29
	vehicleInd: 4
	(orig, dest): (41, 65)
	(origRegion, destRegion): (2, 3)
	st: 198.43000000000006
	duration: 5.0

	setup duration: 10.0

	vehicle: 49
	vehicleInd: 6
	(orig, dest): (92, 61)
	(origRegion, destRegion): (1, 0)
	st: 309.66999999999996
	duration: 5.0

	setup duration: 10.0

	vehicle: 46
	vehicleInd: 6
	(orig, dest): (56, 95)
	(origRegion, destRegion): (2, 1)
	st: 383.73999999999995
	duration: 5.0

	setup duration: 5.0

	vehicle: 52
	vehicleInd: 8
	(orig, dest): (88, 122)
	(origRegion, destRegion): (2, 0)
	st: 483.7900000000001
	duration: 10.0

	setup duration: 5.0

	vehicle: 10
	vehicleInd: 8
	(orig, dest): (6, 99)
	(origRegion, destRegion): (1, 2)
	st: 598.0200000000002
	duration: 5.0

	setup duration: 10.0

	vehicle: 49
	vehicleInd: 9
	(orig, dest): (50, 31)
	(origRegion, destRegion): (0, 3)
	st: 667.1799999999998
	duration: 15.0

	setup duration: 15.0

	vehicle: 46
	vehicleInd: 9
	(orig, dest): (4, 60)
	(origRegion, destRegion): (0, 1)
	st: 721.8999999999999
	duration: 5.0

	setup duration: 0.0

	vehicle: 21
	vehicleInd: 9
	(orig, dest): (44, 164)
	(origRegion, destRegion): (1, 2)
	st: 743.4800000000001
	duration: 5.0

	setup duration: 5.0

	vehicle: 46
	vehicleInd: 10
	(orig, dest): (60, 105)
	(origRegion, destRegion): (1, 0)
	st: 798.0799999999999
	duration: 5.0

	setup duration: 15.0

	vehicle: 49
	vehicleInd: 11
	(orig, dest): (115, 66)
	(origRegion, destRegion): (3, 0)
	st: 841.0999999999999
	duration: 15.0

	setup duration: 0.0

	vehicle: 52
	vehicleInd: 13
	(orig, dest): (114, 27)
	(origRegion, destRegion): (0, 1)
	st: 867.36
	duration: 5.0

	setup duration: 5.0

	vehicle: 10
	vehicleInd: 13
	(orig, dest): (5, 19)
	(origRegion, destRegion): (2, 3)
	st: 913.8800000000003
	duration: 5.0

	setup duration: 15.0

	vehicle: 46
	vehicleInd: 11
	(orig, dest): (105, 75)
	(origRegion, destRegion): (0, 3)
	st: 964.94
	duration: 15.0

	setup duration: 0.0

	vehicle: 46
	vehicleInd: 12
	(orig, dest): (75, 11)
	(origRegion, destRegion): (3, 2)
	st: 1044.0800000000002
	duration: 5.0

	setup duration: 5.0

	vehicle: 49
	vehicleInd: 13
	(orig, dest): (124, 37)
	(origRegion, destRegion): (3, 1)
	st: 1098.85
	duration: 10.0

	setup duration: 5.0

	vehicle: 10
	vehicleInd: 15
	(orig, dest): (57, 23)
	(origRegion, destRegion): (0, 3)
	st: 1139.0400000000004
	duration: 15.0

	setup duration: 0.0

	vehicle: 10
	vehicleInd: 16
	(orig, dest): (23, 107)
	(origRegion, destRegion): (3, 0)
	st: 1180.1600000000003
	duration: 15.0

	setup duration: 10.0

	vehicle: 46
	vehicleInd: 13
	(orig, dest): (11, 18)
	(origRegion, destRegion): (2, 3)
	st: 1215.14
	duration: 5.0

	setup duration: 0.0

	vehicle: 46
	vehicleInd: 14
	(orig, dest): (18, 138)
	(origRegion, destRegion): (3, 0)
	st: 1234.6200000000001
	duration: 15.0

	setup duration: 0.0

	vehicle: 10
	vehicleInd: 17
	(orig, dest): (107, 89)
	(origRegion, destRegion): (0, 2)
	st: 1291.7200000000003
	duration: 10.0

	setup duration: 0.0

	vehicle: 21
	vehicleInd: 14
	(orig, dest): (49, 173)
	(origRegion, destRegion): (2, 0)
	st: 1307.01
	duration: 10.0

	setup duration: 5.0

	vehicle: 49
	vehicleInd: 17
	(orig, dest): (71, 82)
	(origRegion, destRegion): (1, 3)
	st: 1398.1899999999998
	duration: 10.0

	setup duration: 10.0

	vehicle: 52
	vehicleInd: 17
	(orig, dest): (127, 106)
	(origRegion, destRegion): (1, 3)
	st: 1436.7799999999997
	duration: 10.0

	setup duration: 0.0

	vehicle: 52
	vehicleInd: 22
	(orig, dest): (102, 179)
	(origRegion, destRegion): (3, 2)
	st: 1833.5699999999997
	duration: 5.0


-------------------| COMPL. TIMES |-------------------

Vehicle 0 : 0.0
Vehicle 1 : 0.0
Vehicle 2 : 0.0
Vehicle 3 : 0.0
Vehicle 4 : 0.0
Vehicle 5 : 0.0
Vehicle 6 : 0.0
Vehicle 7 : 0.0
Vehicle 8 : 0.0
Vehicle 9 : 0.0
Vehicle 10 : 2120.2399999999993
Vehicle 11 : 0.0
Vehicle 12 : 0.0
Vehicle 13 : 0.0
Vehicle 14 : 0.0
Vehicle 15 : 0.0
Vehicle 16 : 0.0
Vehicle 17 : 0.0
Vehicle 18 : 0.0
Vehicle 19 : 0.0
Vehicle 20 : 0.0
Vehicle 21 : 1721.91
Vehicle 22 : 0.0
Vehicle 23 : 0.0
Vehicle 24 : 0.0
Vehicle 25 : 0.0
Vehicle 26 : 0.0
Vehicle 27 : 0.0
Vehicle 28 : 0.0
Vehicle 29 : 1417.84
Vehicle 30 : 0.0
Vehicle 31 : 0.0
Vehicle 32 : 0.0
Vehicle 33 : 0.0
Vehicle 34 : 0.0
Vehicle 35 : 0.0
Vehicle 36 : 0.0
Vehicle 37 : 0.0
Vehicle 38 : 0.0
Vehicle 39 : 0.0
Vehicle 40 : 0.0
Vehicle 41 : 0.0
Vehicle 42 : 0.0
Vehicle 43 : 0.0
Vehicle 44 : 0.0
Vehicle 45 : 0.0
Vehicle 46 : 2017.9100000000003
Vehicle 47 : 0.0
Vehicle 48 : 0.0
Vehicle 49 : 1655.61
Vehicle 50 : 0.0
Vehicle 51 : 0.0
Vehicle 52 : 1969.7999999999997
Vehicle 53 : 0.0
Vehicle 54 : 0.0
Vehicle 55 : 0.0
Vehicle 56 : 0.0
Vehicle 57 : 0.0
Vehicle 58 : 0.0
Vehicle 59 : 0.0
-------------------| STATISTICS |-------------------

    Vehicles used                           : 10.0
    Machines used                           : 100.0
    Max load (vehicles)                     : 98.7179
    Min load (vehicles)                     : 87.6923
    Mean load (vehicles)                    : 93.2479
    Min completion time                     : 55.9306
    Max completion time                     : 83.6387
    Mean completion time                    : 71.6851
    Avrg travel time (with vehicle)         : 7.0677
    Avrg travel time (only with vehicle)    : 4.2735
    Avrg travel time (no vehicle)           : 2.7942
    Avrg waiting time (machine travel)      : 0.0
    Avrg waiting time (service)             : 0.1574
    Machines travel times (with vehicle)    : [0.9862, 2.1696, 5.9172, 3.3531, 15.7791, 14.2012]
    Machines travel times (no vehicle)      : [0.1972, 0.9862, 2.1696, 1.5779, 6.1144, 5.7199]
    Max load per vehicle                    : [0.0, 0.0, 0.0, 0.0, 0.0, 0.0, 0.0, 0.0, 0.0, 0.0, 98.7179, 0.0, 0.0, 0.0, 0.0, 0.0, 0.0, 0.0, 0.0, 0.0, 0.0, 92.3077, 0.0, 0.0, 0.0, 0.0, 0.0, 0.0, 0.0, 92.3077, 0.0, 0.0, 0.0, 0.0, 0.0, 0.0, 0.0, 0.0, 0.0, 0.0, 0.0, 0.0, 0.0, 0.0, 0.0, 0.0, 92.3077, 0.0, 0.0, 96.1538, 0.0, 0.0, 87.6923, 0.0, 0.0, 0.0, 0.0, 0.0, 0.0, 0.0]

----------------------------------------------------

TOTAL: 10903.309999999998

Everything is awesome!
