Set parameter WLSAccessID
Set parameter WLSSecret
Set parameter LicenseID to value 2661775
Academic license 2661775 - for non-commercial use only - registered to me___@dcc.ufba.br
Parameter 'method_type' with value 'form' successfully set as form of type <class 'str'>
Parameter 'method_code' with value 'melo_hx' successfully set as melo_hx of type <class 'str'>
Parameter 'seed' with value '0' successfully set as 0 of type <class 'int'>
Parameter 'hx_max_time' with value '3600' successfully set as 3600 of type <class 'int'>
Parameter 'threads' with value '8' successfully set as 8 of type <class 'int'>
Parameter 'print_sol' with value '1' successfully set as 1 of type <class 'int'>
Parameter 'constraints_used_melo_mip_str' with value '1-29' successfully set as 1-29 of type <class 'str'>
Instance: lr202_t2_06R_06V_02I_04M
ParameterData(inst_path='/dados/rmelo/PDPTW-SE/benchmark_multi_island_v5/official_experiments/mip_hexaly/set_02_pt_02/../../../instances/orig_ams_fg/06R_06V_02I_04M/t2/lr202/', name='lr202', type='t2', group='06R_06V_02I_04M', full_name='lr202_t2_06R_06V_02I_04M', method_type='form', method_code='melo_hx', gen_config_file='/dados/rmelo/PDPTW-SE/benchmark_multi_island_v5/official_experiments/mip_hexaly/set_02_pt_02/configs/genconfig_melo_hx.conf', gen_config_filename='genconfig_melo_hx', greedy_service_order='tightest_tw', cutoff=0, cutoff_machs=4, solver='Gurobi', max_time=7200, gurobi_cuts=1, type_user_cut=0, mip_presolve=-1, print_sol=1, max_nodes=-1, elevator=0, make_instance_feasible=False, output='/dados/rmelo/PDPTW-SE/benchmark_multi_island_v5/official_experiments/mip_hexaly/set_02_pt_02/logs', epsilon=0.005, epsilon_cap=0.5, warm_start=False, seed=0, rng=<random.Random object at 0x55e760443120>, alpha=0.2, max_iter=1000000, output_flag_grb_mip=0, output_flag_grb_mslp=0, output_flag_grb_lmns=0, mslp_r='M', mslp_a='60', lmns_r='M', lmns_a='60', lmns_repair_time=30.0, lmns_mip_focus=0, lmns_gap_to_bigger_destruction=50, lmns_gap_to_smaller_destruction=95, lmns_weight_shaw_dist_prox=1.0, lmns_weight_shaw_earl_prox=1.0, lmns_weight_shaw_same_route=1.0, lmns_weight_shaw_demand_sim=1.0, lmns_req_r_apply_mip_start=True, lmns_acceptance_criteria='H', lmns_metropolis_temp=100.0, lmns_simulated_annealing_temp=100.0, lmns_simulated_annealing_cool=0.95, mip_max_time=3600, hx_max_time=3600, csv_file_name='', sol_file_name='', timeline_file_name='', grb_file_name='', validate_synchronization=True, constraints_used_melo_mip_str='1-29', constraints_used_melo_mip=None, run_callback_melo_mip=False, mip_heuristics=0.05, threads=8)
Constraints active in melo MIP
1 2 3 4 5 6 7 8 9 10 11 12 13 14 15 16 17 18 19 20 21 22 23 24 25 26 27 28 29 
[Reading Data] Using files at /dados/rmelo/PDPTW-SE/benchmark_multi_island_v5/official_experiments/mip_hexaly/set_02_pt_02/../../../instances/orig_ams_fg/06R_06V_02I_04M/t2/lr202/
vehicles: [Vehicle(id=0, cap=26), Vehicle(id=1, cap=32), Vehicle(id=2, cap=38), Vehicle(id=3, cap=32), Vehicle(id=4, cap=38), Vehicle(id=5, cap=38)]
vehicle_types: [Vehicle(id=0, cap=26), Vehicle(id=3, cap=32), Vehicle(id=5, cap=38)]
machines: [Machine(id=0, points=[Point(x=52, y=33, z=0), Point(x=53, y=46, z=1)], spd=1.0), Machine(id=1, points=[Point(x=53, y=33, z=0), Point(x=51, y=47, z=1)], spd=1.0), Machine(id=2, points=[Point(x=46, y=36, z=0), Point(x=50, y=48, z=1)], spd=1.0), Machine(id=3, points=[Point(x=53, y=32, z=0), Point(x=55, y=48, z=1)], spd=1.0)]
refs: [0, 1, 2, 3, 4, 5, 6, 8, 12, 10, 11, 9, 7, 0]
V: [0, 1, 2, 3, 4, 5, 6, 7, 8, 9, 10, 11, 12]
V_p: [1, 2, 3, 4, 5, 6]
V_d: [7, 8, 9, 10, 11, 12]
V_p_d: [1, 2, 3, 4, 5, 6, 7, 8, 9, 10, 11, 12]
Vprime: [0, 1, 2, 3, 4, 5, 6, 7, 8, 9, 10, 11, 12, 13]
q: [0, 7, 13, 9, 16, 12, 19, -7, -13, -9, -16, -12, -19, 0]
H: [0, 1, 2, 3]
Machine points:
# Machine 0
	Point(x=52, y=33, z=0)
	Point(x=53, y=46, z=1)

# Machine 1
	Point(x=53, y=33, z=0)
	Point(x=51, y=47, z=1)

# Machine 2
	Point(x=46, y=36, z=0)
	Point(x=50, y=48, z=1)

# Machine 3
	Point(x=53, y=32, z=0)
	Point(x=55, y=48, z=1)

f: [[0 0 0 0]
 [0 0 0 0]
 [1 1 1 1]
 [0 0 0 0]
 [1 1 1 1]
 [1 1 1 1]
 [0 0 0 0]
 [0 0 0 0]
 [0 0 0 0]
 [0 0 0 0]
 [1 1 1 1]
 [1 1 1 1]
 [0 0 0 0]
 [0 0 0 0]]
(0, 0, 0) 0.0
(0, 1, 0) 13.04
(1, 0, 0) 13.04
(1, 1, 0) 0.0
(0, 0, 1) 0.0
(0, 1, 1) 14.14
(1, 0, 1) 14.14
(1, 1, 1) 0.0
(0, 0, 2) 0.0
(0, 1, 2) 12.65
(1, 0, 2) 12.65
(1, 1, 2) 0.0
(0, 0, 3) 0.0
(0, 1, 3) 16.12
(1, 0, 3) 16.12
(1, 1, 3) 0.0
Number of arcs: 99
M:  (0, np.int64(0)) (1, np.int64(58)) (2, np.int64(1091)) (3, np.int64(1081)) (4, np.int64(1056)) (5, np.int64(1046)) (6, np.int64(1062)) (7, np.int64(1034)) (8, np.int64(18))
JOBS in the order of refs (Vprime)
Node 0: Job(id=0, point=Point(x=35, y=35, z=0), dem=0, earl=0, lat=1000, servt=0, pid=0, did=0)
Node 1: Job(id=2, point=Point(x=35, y=17, z=0), dem=7, earl=0, lat=972, servt=10, pid=0, did=43)
Node 2: Job(id=3, point=Point(x=55, y=45, z=1), dem=13, earl=0, lat=967, servt=10, pid=0, did=100)
Node 3: Job(id=8, point=Point(x=10, y=43, z=0), dem=9, earl=404, lat=481, servt=10, pid=0, did=55)
Node 4: Job(id=9, point=Point(x=55, y=60, z=1), dem=16, earl=400, lat=497, servt=10, pid=0, did=90)
Node 5: Job(id=11, point=Point(x=20, y=65, z=1), dem=12, earl=206, lat=325, servt=10, pid=0, did=51)
Node 6: Job(id=12, point=Point(x=50, y=35, z=0), dem=19, earl=0, lat=975, servt=10, pid=0, did=26)
Node 7: Job(id=43, point=Point(x=23, y=3, z=0), dem=-7, earl=620, lat=705, servt=10, pid=2, did=0)
Node 8: Job(id=100, point=Point(x=18, y=18, z=0), dem=-13, earl=798, lat=965, servt=10, pid=3, did=0)
Node 9: Job(id=55, point=Point(x=63, y=23, z=0), dem=-9, earl=620, lat=739, servt=10, pid=8, did=0)
Node 10: Job(id=90, point=Point(x=31, y=67, z=1), dem=-16, earl=392, lat=487, servt=10, pid=9, did=0)
Node 11: Job(id=51, point=Point(x=49, y=58, z=1), dem=-12, earl=348, lat=453, servt=10, pid=11, did=0)
Node 12: Job(id=26, point=Point(x=45, y=30, z=0), dem=-19, earl=0, lat=978, servt=10, pid=12, did=0)
Node 13: Job(id=0, point=Point(x=35, y=35, z=0), dem=0, earl=0, lat=1000, servt=0, pid=0, did=0)

### Preprocessing Data ###
	-> arcs: 196 (100.0%)
	-> arc_removals: 97 (49.49%)
	-> arc_removals_is_loop: 14 (7.14%)
	-> arc_removals_is_delivery_to_pickup: 8 (4.08%)
	-> arc_removals_is_depot_begin_to_delivery: 6 (3.06%)
	-> arc_removals_is_pickup_to_depot_end: 6 (3.06%)
	-> arc_removals_is_dest_depot_begin: 12 (6.12%)
	-> arc_removals_is_orig_depot_end: 11 (5.61%)
	-> arc_removals_is_capacity_violated: 0 (0.0%)
	-> arc_removals_is_time_window_limited: 25 (12.76%)
	-> arc_removals_is_time_window_pairing_limited: 11 (5.61%)
	-> arc_removals_is_indirect_request_service_impossible: 4 (2.04%)
	-> gamma_vars: 8100 (100.0%)
	-> feas_gamma_vars: 7124 (87.95%)
	-> infeas_gamma_vars_is_next_mtrv_unreachable: 796 (9.83%)
	-> infeas_gamma_vars_is_iprime_jprime_eq_i_j: 180 (2.22%)
	-> machine_removal_for_an_arc: 0 (0.0%)
##########################

### Model variables summary ###
	-> Total number of variables: 8186
		- x: 594
		- z: 84
		- t: 12
		- tstart: 6
		- tfinal: 6
		- phi: 180
		- alpha: 180
		- gamma: 7124
	-> Number of binary variables: 7982


[14:06:12] Adding routing constraints
[14:06:12] Adding scheduling constraints
[14:06:12] Adding objective function

Model:  expressions = 108300, decisions = 8192, constraints = 29781, objectives = 1
Param:  time limit = 3600 sec, no iteration limit, nb threads = 8
        seed = 0

[objective direction ]:     minimize

[  0 sec,       0 itr]: No feasible solution found (infeas = 42)
[  1 sec,    9639 itr]: No feasible solution found (infeas = 42)
[  2 sec,   22281 itr]: No feasible solution found (infeas = 3)
[  3 sec,   33418 itr]: No feasible solution found (infeas = 2)
[  4 sec,   48595 itr]: No feasible solution found (infeas = 2)
[  5 sec,   69003 itr]: No feasible solution found (infeas = 2)
[  6 sec,  109873 itr]:      820.519
[ optimality gap     ]:      100.00%
[  7 sec,  109873 itr]:      820.519
[  8 sec,  133550 itr]:      820.518
[  9 sec,  159072 itr]:      820.518
[ 10 sec,  184230 itr]:      820.518
[ 11 sec,  208880 itr]:      820.518
[ 12 sec,  234804 itr]:      820.518
[ 13 sec,  260804 itr]:      820.517
[ 14 sec,  285779 itr]:      820.516
[ 15 sec,  334223 itr]:      820.516
[ 16 sec,  334223 itr]:      820.516
[ optimality gap     ]:      100.00%
[ 17 sec,  359409 itr]:      820.516
[ 18 sec,  384316 itr]:      718.936
[ 19 sec,  433793 itr]:      718.159
[ 20 sec,  433793 itr]:      718.159
[ 21 sec,  459659 itr]:      718.159
[ 22 sec,  486180 itr]:      703.749
[ 23 sec,  513332 itr]:      703.748
[ 24 sec,  538980 itr]:      703.748
[ 25 sec,  563902 itr]:      703.748
[ 26 sec,  585448 itr]:      703.748
[ optimality gap     ]:      100.00%
[ 27 sec,  634332 itr]:      703.748
[ 28 sec,  634332 itr]:      703.748
[ 29 sec,  660693 itr]:      703.747
[ 30 sec,  688009 itr]:      703.747
[ 31 sec,  715049 itr]:      703.747
[ 32 sec,  741586 itr]:      703.747
[ 33 sec,  767993 itr]:      703.747
[ 34 sec,  795395 itr]:      703.747
[ 35 sec,  821348 itr]:      703.747
[ 36 sec,  848891 itr]:      703.746
[ optimality gap     ]:      100.00%
[ 37 sec,  873878 itr]:      703.746
[ 38 sec,  898444 itr]:      703.746
[ 39 sec,  924313 itr]:      703.745
[ 40 sec,  950317 itr]:      703.745
[ 41 sec,  970548 itr]:      703.745
[ 42 sec,  989759 itr]:      703.745
[ 43 sec, 1027354 itr]:      703.744
[ 44 sec, 1027354 itr]:      703.744
[ 45 sec, 1067565 itr]:      703.744
[ 46 sec, 1067565 itr]:      703.744
[ optimality gap     ]:      100.00%
[ 47 sec, 1107026 itr]:      703.744
[ 48 sec, 1126298 itr]:      703.744
[ 49 sec, 1146295 itr]:      703.744
[ 50 sec, 1146295 itr]:      703.744
[ 51 sec, 1185412 itr]:      703.744
[ 52 sec, 1204803 itr]:      703.744
[ 53 sec, 1224749 itr]:      703.744
[ 54 sec, 1224749 itr]:      703.744
[ 55 sec, 1244651 itr]:      703.744
[ 56 sec, 1280906 itr]:      703.744
[ optimality gap     ]:      100.00%
[ 57 sec, 1300962 itr]:      703.744
[ 58 sec, 1300962 itr]:      703.744
[ 59 sec, 1321881 itr]:      703.744
[ 60 sec, 1361408 itr]:      703.744
[ 61 sec, 1379217 itr]:      703.744
[ 62 sec, 1379217 itr]:      703.744
[ 63 sec, 1397681 itr]:      703.744
[ 64 sec, 1417282 itr]:      703.744
[ 65 sec, 1455868 itr]:      703.744
[ 66 sec, 1455868 itr]:      703.744
[ optimality gap     ]:      100.00%
[ 67 sec, 1495815 itr]:      703.744
[ 68 sec, 1514114 itr]:      703.744
[ 69 sec, 1533653 itr]:      703.744
[ 70 sec, 1553326 itr]:      703.744
[ 71 sec, 1573700 itr]:      703.744
[ 72 sec, 1592336 itr]:      703.744
[ 73 sec, 1611224 itr]:      703.744
[ 74 sec, 1631423 itr]:      703.744
[ 75 sec, 1651464 itr]:      703.744
[ 76 sec, 1651464 itr]:      703.744
[ optimality gap     ]:      100.00%
[ 77 sec, 1670152 itr]:      703.744
[ 78 sec, 1708235 itr]:      703.744
[ 79 sec, 1726262 itr]:      703.744
[ 80 sec, 1726262 itr]:      703.744
[ 81 sec, 1745508 itr]:      703.744
[ 82 sec, 1764254 itr]:      703.744
[ 83 sec, 1803312 itr]:      703.744
[ 84 sec, 1823414 itr]:      703.744
[ 85 sec, 1844805 itr]:      703.744
[ 86 sec, 1865686 itr]:      703.744
[ optimality gap     ]:      100.00%
[ 87 sec, 1886503 itr]:      703.744
[ 88 sec, 1886503 itr]:      703.744
[ 89 sec, 1908089 itr]:      703.744
[ 90 sec, 1948458 itr]:      703.744
[ 91 sec, 1948458 itr]:      703.744
[ 92 sec, 1988950 itr]:      703.744
[ 93 sec, 1988950 itr]:      703.744
[ 94 sec, 2010642 itr]:        684.6
[ 95 sec, 2030152 itr]:       667.32
[ 96 sec, 2037887 itr]:      667.318
[ optimality gap     ]:      100.00%
[ 97 sec, 2046111 itr]:      667.318
[ 98 sec, 2054197 itr]:      667.316
[ 99 sec, 2061472 itr]:      667.316
[100 sec, 2071418 itr]:      667.316
[101 sec, 2080716 itr]:      667.316
[102 sec, 2089474 itr]:      667.316
[103 sec, 2097600 itr]:      667.316
[104 sec, 2105899 itr]:      667.316
[105 sec, 2114114 itr]:      662.346
[106 sec, 2124273 itr]:      662.346
[ optimality gap     ]:      100.00%
[107 sec, 2129610 itr]:      662.346
[108 sec, 2137146 itr]:      662.346
[109 sec, 2146399 itr]:      662.345
[110 sec, 2155587 itr]:      662.345
[111 sec, 2172793 itr]:      662.345
[112 sec, 2172793 itr]:      662.345
[113 sec, 2189412 itr]:      662.345
[114 sec, 2189412 itr]:      662.345
[115 sec, 2199215 itr]:      662.345
[116 sec, 2207416 itr]:      662.345
[ optimality gap     ]:      100.00%
[117 sec, 2214423 itr]:      662.345
[118 sec, 2223094 itr]:       662.12
[119 sec, 2230921 itr]:       651.95
[120 sec, 2236844 itr]:       649.15
[121 sec, 2244999 itr]:       648.48
[122 sec, 2253565 itr]:      648.228
[123 sec, 2259896 itr]:      648.227
[124 sec, 2274871 itr]:      648.227
[125 sec, 2274871 itr]:      648.227
[126 sec, 2282339 itr]:      648.227
[ optimality gap     ]:      100.00%
[127 sec, 2290360 itr]:       645.84
[128 sec, 2297751 itr]:      645.838
[129 sec, 2307763 itr]:      645.838
[130 sec, 2317256 itr]:      645.837
[131 sec, 2326299 itr]:      645.837
[132 sec, 2335523 itr]:      645.835
[133 sec, 2344664 itr]:      645.835
[134 sec, 2361082 itr]:      645.835
[135 sec, 2361082 itr]:      645.835
[136 sec, 2377265 itr]:      645.834
[ optimality gap     ]:      100.00%
[137 sec, 2377265 itr]:      645.834
[138 sec, 2384210 itr]:      645.834
[139 sec, 2392389 itr]:      645.834
[140 sec, 2401739 itr]:      645.834
[141 sec, 2411410 itr]:      645.834
[142 sec, 2421857 itr]:      645.834
[143 sec, 2429131 itr]:      645.834
[144 sec, 2437314 itr]:      645.834
[145 sec, 2445272 itr]:      645.834
[146 sec, 2452623 itr]:      645.834
[ optimality gap     ]:      100.00%
[147 sec, 2461032 itr]:      645.834
[148 sec, 2469401 itr]:      645.834
[149 sec, 2479653 itr]:      645.833
[150 sec, 2488908 itr]:      645.833
[151 sec, 2498340 itr]:      645.833
[152 sec, 2506622 itr]:      645.833
[153 sec, 2523605 itr]:      645.833
[154 sec, 2523605 itr]:      645.833
[155 sec, 2540317 itr]:      645.833
[156 sec, 2540317 itr]:      645.833
[ optimality gap     ]:      100.00%
[157 sec, 2548925 itr]:      645.833
[158 sec, 2566758 itr]:      645.833
[159 sec, 2566758 itr]:      645.833
[160 sec, 2575562 itr]:      645.833
[161 sec, 2584207 itr]:      645.833
[162 sec, 2592864 itr]:      645.833
[163 sec, 2600815 itr]:      645.833
[164 sec, 2609869 itr]:      645.833
[165 sec, 2618239 itr]:      645.833
[166 sec, 2627017 itr]:      645.833
[ optimality gap     ]:      100.00%
[167 sec, 2636403 itr]:      645.833
[168 sec, 2644749 itr]:      645.833
[169 sec, 2653343 itr]:      645.833
[170 sec, 2663856 itr]:      645.833
[171 sec, 2682602 itr]:      645.833
[172 sec, 2682602 itr]:      645.833
[173 sec, 2693078 itr]:      645.833
[174 sec, 2701391 itr]:      645.833
[175 sec, 2709420 itr]:      645.833
[176 sec, 2718596 itr]:      645.833
[ optimality gap     ]:      100.00%
[177 sec, 2727129 itr]:      645.833
[178 sec, 2743455 itr]:      645.833
[179 sec, 2743455 itr]:      645.833
[180 sec, 2750753 itr]:      645.833
[181 sec, 2758991 itr]:      645.833
[182 sec, 2766996 itr]:      645.833
[183 sec, 2783568 itr]:      645.833
[184 sec, 2783568 itr]:      645.833
[185 sec, 2801352 itr]:      645.833
[186 sec, 2801352 itr]:      645.833
[ optimality gap     ]:      100.00%
[187 sec, 2810875 itr]:      645.833
[188 sec, 2820234 itr]:      645.833
[189 sec, 2828864 itr]:      645.833
[190 sec, 2837674 itr]:      645.833
[191 sec, 2845923 itr]:      645.833
[192 sec, 2854345 itr]:      645.833
[193 sec, 2862250 itr]:      645.833
[194 sec, 2871078 itr]:      645.833
[195 sec, 2880559 itr]:      645.833
[196 sec, 2897121 itr]:      645.833
[ optimality gap     ]:      100.00%
[197 sec, 2897121 itr]:      645.833
[198 sec, 2905198 itr]:      645.833
[199 sec, 2914087 itr]:      645.833
[200 sec, 2922347 itr]:      645.833
[201 sec, 2930542 itr]:      645.833
[202 sec, 2938166 itr]:      645.833
[203 sec, 2944971 itr]:      645.833
[204 sec, 2953534 itr]:      645.833
[205 sec, 2961244 itr]:      645.833
[206 sec, 2968186 itr]:      645.833
[ optimality gap     ]:      100.00%
[207 sec, 2977935 itr]:      645.833
[208 sec, 2985399 itr]:      645.833
[209 sec, 2994699 itr]:      645.833
[210 sec, 3004271 itr]:      645.833
[211 sec, 3020408 itr]:      645.833
[212 sec, 3020408 itr]:      645.833
[213 sec, 3028611 itr]:      645.833
[214 sec, 3035985 itr]:      645.833
[215 sec, 3043384 itr]:      645.833
[216 sec, 3060428 itr]:      645.833
[ optimality gap     ]:      100.00%
[217 sec, 3060428 itr]:      645.833
[218 sec, 3069028 itr]:      645.833
[219 sec, 3077635 itr]:      645.833
[220 sec, 3085440 itr]:      645.833
[221 sec, 3092536 itr]:      645.833
[222 sec, 3100236 itr]:      645.833
[223 sec, 3116916 itr]:      645.833
[224 sec, 3116916 itr]:      645.833
[225 sec, 3125514 itr]:      645.833
[226 sec, 3133344 itr]:      645.833
[ optimality gap     ]:      100.00%
[227 sec, 3140740 itr]:      645.833
[228 sec, 3147541 itr]:      645.833
[229 sec, 3155292 itr]:      645.833
[230 sec, 3163277 itr]:      645.833
[231 sec, 3171758 itr]:      645.833
[232 sec, 3180094 itr]:      645.833
[233 sec, 3188651 itr]:      645.833
[234 sec, 3195100 itr]:      645.833
[235 sec, 3202459 itr]:      645.833
[236 sec, 3210229 itr]:      645.833
[ optimality gap     ]:      100.00%
[237 sec, 3218133 itr]:      645.833
[238 sec, 3234495 itr]:      645.833
[239 sec, 3234495 itr]:      645.833
[240 sec, 3242418 itr]:      645.833
[241 sec, 3250006 itr]:      645.833
[242 sec, 3258154 itr]:      645.833
[243 sec, 3266106 itr]:      645.833
[244 sec, 3274467 itr]:      645.833
[245 sec, 3281768 itr]:      645.833
[246 sec, 3291119 itr]:      645.833
[ optimality gap     ]:      100.00%
[247 sec, 3299832 itr]:      645.833
[248 sec, 3307134 itr]:      645.833
[249 sec, 3315006 itr]:      645.833
[250 sec, 3321788 itr]:       623.03
[251 sec, 3327383 itr]:      623.029
[252 sec, 3332073 itr]:      623.027
[253 sec, 3339160 itr]:      623.027
[254 sec, 3345997 itr]:      623.027
[255 sec, 3353335 itr]:      622.378
[256 sec, 3360123 itr]:      622.377
[ optimality gap     ]:      100.00%
[257 sec, 3367229 itr]:      622.377
[258 sec, 3373779 itr]:      622.377
[259 sec, 3381004 itr]:      622.377
[260 sec, 3392236 itr]:      622.377
[261 sec, 3392236 itr]:      622.377
[262 sec, 3398527 itr]:      622.377
[263 sec, 3404321 itr]:      622.377
[264 sec, 3417451 itr]:      622.376
[265 sec, 3417451 itr]:      622.376
[266 sec, 3423159 itr]:      622.376
[ optimality gap     ]:      100.00%
[267 sec, 3429446 itr]:      622.376
[268 sec, 3435343 itr]:      622.376
[269 sec, 3441281 itr]:      622.376
[270 sec, 3447476 itr]:      622.376
[271 sec, 3453201 itr]:      622.376
[272 sec, 3458488 itr]:      622.376
[273 sec, 3463280 itr]:      622.376
[274 sec, 3467551 itr]:      622.376
[275 sec, 3471763 itr]:      622.376
[276 sec, 3475828 itr]:      622.376
[ optimality gap     ]:      100.00%
[277 sec, 3480708 itr]:      622.376
[278 sec, 3489846 itr]:      622.375
[279 sec, 3489846 itr]:      622.375
[280 sec, 3493308 itr]:      622.375
[281 sec, 3497943 itr]:      622.375
[282 sec, 3506756 itr]:      622.375
[283 sec, 3506756 itr]:      622.375
[284 sec, 3510459 itr]:      622.375
[285 sec, 3515477 itr]:      622.375
[286 sec, 3520206 itr]:      622.375
[ optimality gap     ]:      100.00%
[287 sec, 3524898 itr]:      622.375
[288 sec, 3529780 itr]:      622.375
[289 sec, 3535685 itr]:      622.375
[290 sec, 3541178 itr]:      622.375
[291 sec, 3546878 itr]:      622.375
[292 sec, 3552919 itr]:      622.375
[293 sec, 3556950 itr]:      622.375
[294 sec, 3561824 itr]:      622.375
[295 sec, 3572810 itr]:      622.375
[296 sec, 3572810 itr]:      622.375
[ optimality gap     ]:      100.00%
[297 sec, 3577813 itr]:      622.375
[298 sec, 3584058 itr]:      622.375
[299 sec, 3587937 itr]:      622.375
[300 sec, 3594574 itr]:      622.375
[301 sec, 3599976 itr]:      622.375
[302 sec, 3605579 itr]:      622.375
[303 sec, 3611657 itr]:      622.375
[304 sec, 3617858 itr]:      622.375
[305 sec, 3621955 itr]:      622.375
[306 sec, 3626958 itr]:      622.375
[ optimality gap     ]:      100.00%
[307 sec, 3632802 itr]:      622.375
[308 sec, 3644624 itr]:      622.375
[309 sec, 3644624 itr]:      622.375
[310 sec, 3650915 itr]:      622.375
[311 sec, 3656665 itr]:      622.375
[312 sec, 3663466 itr]:      622.375
[313 sec, 3669436 itr]:      622.375
[314 sec, 3676373 itr]:      622.375
[315 sec, 3683939 itr]:      622.375
[316 sec, 3688382 itr]:      622.375
[ optimality gap     ]:      100.00%
[317 sec, 3693649 itr]:      622.375
[318 sec, 3701166 itr]:      622.375
[319 sec, 3707031 itr]:      622.375
[320 sec, 3713691 itr]:      622.375
[321 sec, 3719660 itr]:      622.375
[322 sec, 3724464 itr]:      622.375
[323 sec, 3730462 itr]:      622.375
[324 sec, 3735837 itr]:      622.375
[325 sec, 3741319 itr]:      622.375
[326 sec, 3746504 itr]:      622.375
[ optimality gap     ]:      100.00%
[327 sec, 3751870 itr]:      622.375
[328 sec, 3756474 itr]:      622.375
[329 sec, 3761253 itr]:      622.375
[330 sec, 3771795 itr]:      622.375
[331 sec, 3771795 itr]:      622.375
[332 sec, 3776917 itr]:      622.375
[333 sec, 3782987 itr]:      622.356
[334 sec, 3787961 itr]:      622.356
[335 sec, 3792298 itr]:      622.356
[336 sec, 3797997 itr]:      622.356
[ optimality gap     ]:      100.00%
[337 sec, 3804556 itr]:      622.356
[338 sec, 3810942 itr]:      621.708
[339 sec, 3816902 itr]:      621.708
[340 sec, 3830423 itr]:      621.708
[341 sec, 3830423 itr]:      621.708
[342 sec, 3836958 itr]:      621.706
[343 sec, 3850078 itr]:      615.959
[344 sec, 3861202 itr]:      615.958
[345 sec, 3872692 itr]:      615.957
[346 sec, 3884536 itr]:      615.957
[ optimality gap     ]:      100.00%
[347 sec, 3896320 itr]:      615.956
[348 sec, 3908204 itr]:      615.956
[349 sec, 3920258 itr]:      615.956
[350 sec, 3932079 itr]:      615.956
[351 sec, 3943767 itr]:      615.956
[352 sec, 3955317 itr]:      615.956
[353 sec, 3967117 itr]:      615.956
[354 sec, 3978560 itr]:      615.956
[355 sec, 3989939 itr]:      615.956
[356 sec, 4001942 itr]:      615.956
[ optimality gap     ]:      100.00%
[357 sec, 4014299 itr]:      606.051
[358 sec, 4014299 itr]:      606.051
[359 sec, 4038312 itr]:      606.038
[360 sec, 4050368 itr]:      606.038
[361 sec, 4062951 itr]:      606.038
[362 sec, 4075134 itr]:      606.038
[363 sec, 4075134 itr]:      606.038
[364 sec, 4099817 itr]:      606.037
[365 sec, 4099817 itr]:      606.037
[366 sec, 4122078 itr]:      606.037
[ optimality gap     ]:      100.00%
[367 sec, 4133319 itr]:      606.037
[368 sec, 4144582 itr]:      606.037
[369 sec, 4156732 itr]:      606.037
[370 sec, 4168886 itr]:      606.037
[371 sec, 4180485 itr]:      606.037
[372 sec, 4191802 itr]:      606.037
[373 sec, 4191802 itr]:      606.037
[374 sec, 4215531 itr]:      606.037
[375 sec, 4227524 itr]:      606.037
[376 sec, 4240021 itr]:      606.037
[ optimality gap     ]:      100.00%
[377 sec, 4251911 itr]:      606.037
[378 sec, 4264212 itr]:      606.037
[379 sec, 4275988 itr]:      606.037
[380 sec, 4275988 itr]:      606.037
[381 sec, 4287830 itr]:      606.037
[382 sec, 4311797 itr]:      606.037
[383 sec, 4311797 itr]:      606.037
[384 sec, 4336479 itr]:      606.037
[385 sec, 4348561 itr]:      606.037
[386 sec, 4360791 itr]:      606.037
[ optimality gap     ]:      100.00%
[387 sec, 4360791 itr]:      606.037
[388 sec, 4384993 itr]:      606.036
[389 sec, 4384993 itr]:      606.036
[390 sec, 4411096 itr]:      606.036
[391 sec, 4423961 itr]:      606.036
[392 sec, 4436342 itr]:      606.036
[393 sec, 4449343 itr]:      606.036
[394 sec, 4461677 itr]:      606.036
[395 sec, 4474674 itr]:      606.036
[396 sec, 4474674 itr]:      606.036
[ optimality gap     ]:      100.00%
[397 sec, 4500375 itr]:      606.036
[398 sec, 4512656 itr]:      606.036
[399 sec, 4524983 itr]:      606.036
[400 sec, 4537604 itr]:      606.036
[401 sec, 4550122 itr]:      606.036
[402 sec, 4562509 itr]:      606.036
[403 sec, 4575403 itr]:      606.036
[404 sec, 4575403 itr]:      606.036
[405 sec, 4600111 itr]:      606.036
[406 sec, 4612682 itr]:      606.036
[ optimality gap     ]:      100.00%
[407 sec, 4612682 itr]:      606.036
[408 sec, 4637982 itr]:      606.036
[409 sec, 4650466 itr]:      606.036
[410 sec, 4663420 itr]:      606.036
[411 sec, 4677004 itr]:      606.036
[412 sec, 4690044 itr]:      606.036
[413 sec, 4703274 itr]:      606.036
[414 sec, 4715748 itr]:      606.036
[415 sec, 4728373 itr]:      606.036
[416 sec, 4741213 itr]:      606.036
[ optimality gap     ]:      100.00%
[417 sec, 4754674 itr]:      606.036
[418 sec, 4754674 itr]:      606.036
[419 sec, 4781713 itr]:      606.036
[420 sec, 4781713 itr]:      606.036
[421 sec, 4808119 itr]:      606.036
[422 sec, 4808119 itr]:      606.036
[423 sec, 4836085 itr]:      606.036
[424 sec, 4836085 itr]:      606.036
[425 sec, 4849792 itr]:      606.036
[426 sec, 4863389 itr]:      606.036
[ optimality gap     ]:      100.00%
[427 sec, 4889850 itr]:      606.036
[428 sec, 4902859 itr]:      606.036
[429 sec, 4915838 itr]:      606.036
[430 sec, 4928920 itr]:      606.036
[431 sec, 4942421 itr]:      606.036
[432 sec, 4955999 itr]:      606.036
[433 sec, 4970209 itr]:      606.036
[434 sec, 4970209 itr]:      606.036
[435 sec, 4998912 itr]:      606.036
[436 sec, 5013701 itr]:      606.036
[ optimality gap     ]:      100.00%
[437 sec, 5028708 itr]:      606.036
[438 sec, 5043476 itr]:      606.036
[439 sec, 5057912 itr]:      606.036
[440 sec, 5072514 itr]:      606.036
[441 sec, 5072514 itr]:      606.036
[442 sec, 5101823 itr]:      606.036
[443 sec, 5116741 itr]:      606.036
[444 sec, 5131488 itr]:      606.036
[445 sec, 5131488 itr]:      606.036
[446 sec, 5160323 itr]:      606.036
[ optimality gap     ]:      100.00%
[447 sec, 5160323 itr]:      606.036
[448 sec, 5189976 itr]:      606.036
[449 sec, 5204586 itr]:      606.036
[450 sec, 5219719 itr]:      606.036
[451 sec, 5234816 itr]:      606.036
[452 sec, 5249355 itr]:      606.036
[453 sec, 5264170 itr]:      606.036
[454 sec, 5278990 itr]:      606.036
[455 sec, 5278990 itr]:      606.036
[456 sec, 5307984 itr]:      606.036
[ optimality gap     ]:      100.00%
[457 sec, 5307984 itr]:      606.036
[458 sec, 5322855 itr]:      606.036
[459 sec, 5338031 itr]:      606.036
[460 sec, 5352466 itr]:      606.036
[461 sec, 5381988 itr]:      606.036
[462 sec, 5396549 itr]:      606.036
[463 sec, 5411315 itr]:      606.036
[464 sec, 5411315 itr]:      606.036
[465 sec, 5426665 itr]:      606.036
[466 sec, 5440977 itr]:      606.036
[ optimality gap     ]:      100.00%
[467 sec, 5469505 itr]:      606.036
[468 sec, 5483800 itr]:      606.036
[469 sec, 5483800 itr]:      606.036
[470 sec, 5498870 itr]:      606.036
[471 sec, 5528394 itr]:      606.036
[472 sec, 5528394 itr]:      606.036
[473 sec, 5557756 itr]:      606.036
[474 sec, 5557756 itr]:      606.036
[475 sec, 5571926 itr]:      606.036
[476 sec, 5586044 itr]:      606.036
[ optimality gap     ]:      100.00%
[477 sec, 5615715 itr]:      606.036
[478 sec, 5630150 itr]:      606.036
[479 sec, 5630150 itr]:      606.036
[480 sec, 5658614 itr]:      606.036
[481 sec, 5671190 itr]:      606.036
[482 sec, 5684220 itr]:      606.036
[483 sec, 5696899 itr]:      606.036
[484 sec, 5710015 itr]:      606.036
[485 sec, 5723903 itr]:      606.036
[486 sec, 5737502 itr]:      606.036
[ optimality gap     ]:      100.00%
[487 sec, 5750128 itr]:      606.036
[488 sec, 5762882 itr]:      606.036
[489 sec, 5775829 itr]:      606.036
[490 sec, 5788819 itr]:      606.036
[491 sec, 5801731 itr]:      606.036
[492 sec, 5814352 itr]:      606.036
[493 sec, 5827328 itr]:      606.036
[494 sec, 5840769 itr]:      606.036
[495 sec, 5855299 itr]:      606.036
[496 sec, 5868943 itr]:      606.036
[ optimality gap     ]:      100.00%
[497 sec, 5882032 itr]:      606.036
[498 sec, 5882032 itr]:      606.036
[499 sec, 5907816 itr]:      606.036
[500 sec, 5920684 itr]:      606.036
[501 sec, 5933922 itr]:      606.036
[502 sec, 5947118 itr]:      606.036
[503 sec, 5960986 itr]:      606.036
[504 sec, 5974658 itr]:      606.036
[505 sec, 5987592 itr]:      606.036
[506 sec, 6000500 itr]:      606.036
[ optimality gap     ]:      100.00%
[507 sec, 6013439 itr]:      606.036
[508 sec, 6026383 itr]:      606.036
[509 sec, 6040207 itr]:      606.036
[510 sec, 6053653 itr]:      606.036
[511 sec, 6053653 itr]:      606.036
[512 sec, 6079045 itr]:      606.036
[513 sec, 6091892 itr]:      606.036
[514 sec, 6104975 itr]:      606.036
[515 sec, 6104975 itr]:      606.036
[516 sec, 6130272 itr]:      606.036
[ optimality gap     ]:      100.00%
[517 sec, 6142942 itr]:      606.036
[518 sec, 6156484 itr]:      606.036
[519 sec, 6170659 itr]:      606.036
[520 sec, 6184406 itr]:      606.036
[521 sec, 6197622 itr]:      606.036
[522 sec, 6210322 itr]:      606.036
[523 sec, 6223126 itr]:      606.036
[524 sec, 6235968 itr]:      606.036
[525 sec, 6248427 itr]:      606.036
[526 sec, 6261464 itr]:      606.036
[ optimality gap     ]:      100.00%
[527 sec, 6275003 itr]:      606.036
[528 sec, 6275003 itr]:      606.036
[529 sec, 6301364 itr]:      606.036
[530 sec, 6314148 itr]:      606.036
[531 sec, 6327184 itr]:      606.036
[532 sec, 6340562 itr]:      606.036
[533 sec, 6353628 itr]:      606.036
[534 sec, 6353628 itr]:      606.036
[535 sec, 6378971 itr]:      606.036
[536 sec, 6378971 itr]:      606.036
[ optimality gap     ]:      100.00%
[537 sec, 6406190 itr]:      606.036
[538 sec, 6419708 itr]:      606.036
[539 sec, 6433115 itr]:      606.036
[540 sec, 6446170 itr]:      606.036
[541 sec, 6446170 itr]:      606.036
[542 sec, 6473725 itr]:      606.036
[543 sec, 6487341 itr]:      606.036
[544 sec, 6500968 itr]:      606.036
[545 sec, 6500968 itr]:      606.036
[546 sec, 6526705 itr]:      606.036
[ optimality gap     ]:      100.00%
[547 sec, 6526705 itr]:      606.036
[548 sec, 6552630 itr]:      606.036
[549 sec, 6566101 itr]:      606.036
[550 sec, 6566101 itr]:      606.036
[551 sec, 6594512 itr]:      606.036
[552 sec, 6607866 itr]:      606.036
[553 sec, 6621129 itr]:      606.036
[554 sec, 6634205 itr]:      606.036
[555 sec, 6634205 itr]:      606.036
[556 sec, 6647237 itr]:      606.036
[ optimality gap     ]:      100.00%
[557 sec, 6675034 itr]:      606.036
[558 sec, 6675034 itr]:      606.036
[559 sec, 6702231 itr]:      606.036
[560 sec, 6715505 itr]:      606.036
[561 sec, 6715505 itr]:      606.036
[562 sec, 6740735 itr]:      606.036
[563 sec, 6753214 itr]:      606.036
[564 sec, 6753214 itr]:      606.036
[565 sec, 6777752 itr]:      606.036
[566 sec, 6777752 itr]:      606.036
[ optimality gap     ]:      100.00%
[567 sec, 6790245 itr]:      606.036
[568 sec, 6815794 itr]:      606.036
[569 sec, 6828456 itr]:      606.036
[570 sec, 6841685 itr]:      606.036
[571 sec, 6854169 itr]:      606.036
[572 sec, 6866458 itr]:      606.036
[573 sec, 6866458 itr]:      606.036
[574 sec, 6891516 itr]:      606.036
[575 sec, 6903972 itr]:      606.036
[576 sec, 6917078 itr]:      606.036
[ optimality gap     ]:      100.00%
[577 sec, 6930305 itr]:      606.036
[578 sec, 6943663 itr]:      606.036
[579 sec, 6956618 itr]:      606.036
[580 sec, 6956618 itr]:      606.036
[581 sec, 6982947 itr]:      606.036
[582 sec, 6982947 itr]:      606.036
[583 sec, 6995971 itr]:      606.036
[584 sec, 7022393 itr]:      606.036
[585 sec, 7022393 itr]:      606.036
[586 sec, 7036126 itr]:      606.036
[ optimality gap     ]:      100.00%
[587 sec, 7061828 itr]:      606.036
[588 sec, 7074146 itr]:      606.036
[589 sec, 7087043 itr]:      606.036
[590 sec, 7099623 itr]:      606.036
[591 sec, 7112492 itr]:      606.036
[592 sec, 7124906 itr]:      606.036
[593 sec, 7136913 itr]:      606.036
[594 sec, 7150071 itr]:      606.036
[595 sec, 7162505 itr]:      606.036
[596 sec, 7174938 itr]:      606.036
[ optimality gap     ]:      100.00%
[597 sec, 7187410 itr]:      606.036
[598 sec, 7199781 itr]:      606.036
[599 sec, 7212637 itr]:      606.036
[600 sec, 7212637 itr]:      606.036
[601 sec, 7242060 itr]:      606.036
[602 sec, 7256516 itr]:      606.036
[603 sec, 7256516 itr]:      606.036
[604 sec, 7281865 itr]:      606.036
[605 sec, 7295129 itr]:      606.036
[606 sec, 7308236 itr]:      606.036
[ optimality gap     ]:      100.00%
[607 sec, 7308236 itr]:      606.036
[608 sec, 7320903 itr]:      606.036
[609 sec, 7347479 itr]:      606.036
[610 sec, 7347479 itr]:      606.036
[611 sec, 7374191 itr]:      606.036
[612 sec, 7388369 itr]:      606.036
[613 sec, 7402595 itr]:      606.036
[614 sec, 7416273 itr]:      606.036
[615 sec, 7430151 itr]:      606.036
[616 sec, 7444342 itr]:      606.036
[ optimality gap     ]:      100.00%
[617 sec, 7458670 itr]:      606.036
[618 sec, 7472803 itr]:      606.036
[619 sec, 7472803 itr]:      606.036
[620 sec, 7502144 itr]:      606.036
[621 sec, 7516019 itr]:      606.036
[622 sec, 7516019 itr]:      606.036
[623 sec, 7543824 itr]:      606.036
[624 sec, 7558612 itr]:      606.036
[625 sec, 7572611 itr]:      606.036
[626 sec, 7587187 itr]:      606.036
[ optimality gap     ]:      100.00%
[627 sec, 7587187 itr]:      606.036
[628 sec, 7601319 itr]:      606.036
[629 sec, 7629353 itr]:      606.036
[630 sec, 7629353 itr]:      606.036
[631 sec, 7659698 itr]:      606.036
[632 sec, 7674886 itr]:      606.036
[633 sec, 7690353 itr]:      606.036
[634 sec, 7705742 itr]:      606.036
[635 sec, 7722445 itr]:      606.036
[636 sec, 7722445 itr]:      606.036
[ optimality gap     ]:      100.00%
[637 sec, 7755812 itr]:      606.036
[638 sec, 7772196 itr]:      606.036
[639 sec, 7787716 itr]:      606.036
[640 sec, 7803492 itr]:      606.036
[641 sec, 7819455 itr]:      606.036
[642 sec, 7834922 itr]:      606.036
[643 sec, 7850852 itr]:      606.036
[644 sec, 7866451 itr]:      606.036
[645 sec, 7882210 itr]:      606.036
[646 sec, 7882210 itr]:      606.036
[ optimality gap     ]:      100.00%
[647 sec, 7913243 itr]:      606.036
[648 sec, 7929131 itr]:      606.036
[649 sec, 7944625 itr]:      606.036
[650 sec, 7944625 itr]:      606.036
[651 sec, 7975801 itr]:      606.036
[652 sec, 7992330 itr]:      606.036
[653 sec, 8008365 itr]:      606.036
[654 sec, 8008365 itr]:      606.036
[655 sec, 8039647 itr]:      606.036
[656 sec, 8055195 itr]:      606.036
[ optimality gap     ]:      100.00%
[657 sec, 8055195 itr]:      606.036
[658 sec, 8087106 itr]:      606.036
[659 sec, 8102772 itr]:      606.036
[660 sec, 8119106 itr]:      606.036
[661 sec, 8136886 itr]:      606.036
[662 sec, 8154730 itr]:      606.036
[663 sec, 8172349 itr]:      606.036
[664 sec, 8189945 itr]:      606.036
[665 sec, 8207995 itr]:      606.036
[666 sec, 8225798 itr]:      606.036
[ optimality gap     ]:      100.00%
[667 sec, 8244241 itr]:      606.036
[668 sec, 8262282 itr]:      606.036
[669 sec, 8281052 itr]:      606.036
[670 sec, 8299859 itr]:      606.036
[671 sec, 8299859 itr]:      606.036
[672 sec, 8337325 itr]:      606.036
[673 sec, 8355778 itr]:      606.036
[674 sec, 8374421 itr]:      606.036
[675 sec, 8393574 itr]:      606.036
[676 sec, 8411788 itr]:      606.036
[ optimality gap     ]:      100.00%
[677 sec, 8429784 itr]:      606.036
[678 sec, 8448406 itr]:      606.036
[679 sec, 8448406 itr]:      606.036
[680 sec, 8467908 itr]:      606.036
[681 sec, 8506039 itr]:      606.036
[682 sec, 8524366 itr]:      606.036
[683 sec, 8543171 itr]:      606.036
[684 sec, 8562012 itr]:      606.036
[685 sec, 8580664 itr]:      606.036
[686 sec, 8600417 itr]:      606.036
[ optimality gap     ]:      100.00%
[687 sec, 8618721 itr]:      606.036
[688 sec, 8637059 itr]:      606.036
[689 sec, 8637059 itr]:      606.036
[690 sec, 8675968 itr]:      606.036
[691 sec, 8695111 itr]:      606.036
[692 sec, 8695111 itr]:      606.036
[693 sec, 8733956 itr]:      606.036
[694 sec, 8753566 itr]:      606.036
[695 sec, 8753566 itr]:      606.036
[696 sec, 8792201 itr]:      606.036
[ optimality gap     ]:      100.00%
[697 sec, 8811480 itr]:      606.036
[698 sec, 8811480 itr]:      606.036
[699 sec, 8831148 itr]:      606.036
[700 sec, 8868647 itr]:      606.036
[701 sec, 8887281 itr]:      606.036
[702 sec, 8887281 itr]:      606.036
[703 sec, 8906172 itr]:      606.036
[704 sec, 8925407 itr]:      606.036
[705 sec, 8962131 itr]:      606.036
[706 sec, 8980496 itr]:      606.036
[ optimality gap     ]:      100.00%
[707 sec, 8999153 itr]:      606.036
[708 sec, 9019496 itr]:      606.036
[709 sec, 9039584 itr]:      606.036
[710 sec, 9058625 itr]:      606.036
[711 sec, 9077605 itr]:      606.036
[712 sec, 9097315 itr]:      606.036
[713 sec, 9116483 itr]:      606.036
[714 sec, 9134870 itr]:      606.036
[715 sec, 9134870 itr]:      606.036
[716 sec, 9173310 itr]:      606.036
[ optimality gap     ]:      100.00%
[717 sec, 9192198 itr]:      606.036
[718 sec, 9211177 itr]:      606.036
[719 sec, 9230319 itr]:      606.036
[720 sec, 9249814 itr]:      606.036
[721 sec, 9268041 itr]:      606.036
[722 sec, 9288397 itr]:      606.036
[723 sec, 9306827 itr]:      606.036
[724 sec, 9325679 itr]:      606.036
[725 sec, 9344700 itr]:      606.036
[726 sec, 9363600 itr]:      606.036
[ optimality gap     ]:      100.00%
[727 sec, 9382076 itr]:      606.036
[728 sec, 9400037 itr]:      606.036
[729 sec, 9419628 itr]:      606.036
[730 sec, 9419628 itr]:      606.036
[731 sec, 9457821 itr]:      606.036
[732 sec, 9476362 itr]:      606.036
[733 sec, 9495864 itr]:      606.036
[734 sec, 9515186 itr]:      606.036
[735 sec, 9533741 itr]:      606.036
[736 sec, 9552627 itr]:      606.036
[ optimality gap     ]:      100.00%
[737 sec, 9571387 itr]:      606.036
[738 sec, 9590694 itr]:      606.036
[739 sec, 9610197 itr]:      606.036
[740 sec, 9629043 itr]:      606.036
[741 sec, 9629043 itr]:      606.036
[742 sec, 9668562 itr]:      606.036
[743 sec, 9668562 itr]:      606.036
[744 sec, 9706764 itr]:      606.036
[745 sec, 9726036 itr]:      606.036
[746 sec, 9745079 itr]:      606.036
[ optimality gap     ]:      100.00%
[747 sec, 9745079 itr]:      606.036
[748 sec, 9783883 itr]:      606.036
[749 sec, 9803114 itr]:      606.036
[750 sec, 9803114 itr]:      606.036
[751 sec, 9823151 itr]:      606.036
[752 sec, 9862508 itr]:      606.036
[753 sec, 9881441 itr]:      606.036
[754 sec, 9900881 itr]:      606.036
[755 sec, 9920318 itr]:      606.036
[756 sec, 9939480 itr]:      606.036
[ optimality gap     ]:      100.00%
[757 sec, 9959139 itr]:      606.036
[758 sec, 9959139 itr]:      606.036
[759 sec, 9978868 itr]:      606.036
[760 sec, 10016511 itr]:      606.036
[761 sec, 10034767 itr]:      606.036
[762 sec, 10053308 itr]:      606.036
[763 sec, 10071552 itr]:      606.036
[764 sec, 10091021 itr]:      606.036
[765 sec, 10109306 itr]:      606.036
[766 sec, 10128918 itr]:      606.036
[ optimality gap      ]:      100.00%
[767 sec, 10128918 itr]:      606.036
[768 sec, 10167402 itr]:      606.036
[769 sec, 10167402 itr]:      606.036
[770 sec, 10205254 itr]:      606.036
[771 sec, 10224802 itr]:      606.036
[772 sec, 10224802 itr]:      606.036
[773 sec, 10262734 itr]:      606.036
[774 sec, 10281313 itr]:      606.036
[775 sec, 10299749 itr]:      606.036
[776 sec, 10318255 itr]:      606.036
[ optimality gap      ]:      100.00%
[777 sec, 10336338 itr]:      606.036
[778 sec, 10352911 itr]:      606.036
[779 sec, 10352911 itr]:      606.036
[780 sec, 10386507 itr]:      606.036
[781 sec, 10403643 itr]:      606.036
[782 sec, 10419981 itr]:      606.036
[783 sec, 10419981 itr]:      606.036
[784 sec, 10454510 itr]:      606.036
[785 sec, 10472458 itr]:      606.036
[786 sec, 10472458 itr]:      606.036
[ optimality gap      ]:      100.00%
[787 sec, 10508666 itr]:      606.036
[788 sec, 10525991 itr]:      606.036
[789 sec, 10543347 itr]:      606.036
[790 sec, 10543347 itr]:      606.036
[791 sec, 10560926 itr]:      606.036
[792 sec, 10597058 itr]:      606.036
[793 sec, 10614706 itr]:      606.036
[794 sec, 10632378 itr]:      606.036
[795 sec, 10651058 itr]:      606.036
[796 sec, 10668901 itr]:      606.036
[ optimality gap      ]:      100.00%
[797 sec, 10687330 itr]:      606.036
[798 sec, 10705935 itr]:      606.036
[799 sec, 10705935 itr]:      606.036
[800 sec, 10724051 itr]:      606.036
[801 sec, 10760387 itr]:      606.036
[802 sec, 10778929 itr]:      606.036
[803 sec, 10797713 itr]:      606.036
[804 sec, 10816782 itr]:      606.036
[805 sec, 10835079 itr]:      606.036
[806 sec, 10835079 itr]:      606.036
[ optimality gap      ]:      100.00%
[807 sec, 10872189 itr]:      606.036
[808 sec, 10891883 itr]:      606.036
[809 sec, 10891883 itr]:      606.036
[810 sec, 10909731 itr]:      606.036
[811 sec, 10943373 itr]:      606.036
[812 sec, 10959700 itr]:      606.036
[813 sec, 10975708 itr]:      606.036
[814 sec, 10975708 itr]:      606.036
[815 sec, 10991799 itr]:      606.036
[816 sec, 11022401 itr]:      606.036
[ optimality gap      ]:      100.00%
[817 sec, 11022401 itr]:      606.036
[818 sec, 11053122 itr]:      606.036
[819 sec, 11069215 itr]:      606.036
[820 sec, 11086058 itr]:      606.036
[821 sec, 11102452 itr]:      606.036
[822 sec, 11102452 itr]:      606.036
[823 sec, 11134804 itr]:      606.036
[824 sec, 11151085 itr]:      606.036
[825 sec, 11167306 itr]:      606.036
[826 sec, 11167306 itr]:      606.036
[ optimality gap      ]:      100.00%
[827 sec, 11198240 itr]:      606.036
[828 sec, 11213211 itr]:      606.036
[829 sec, 11228611 itr]:      606.036
[830 sec, 11243608 itr]:      606.036
[831 sec, 11258749 itr]:      606.036
[832 sec, 11258749 itr]:      606.036
[833 sec, 11274625 itr]:      606.036
[834 sec, 11304860 itr]:      606.036
[835 sec, 11320933 itr]:      606.036
[836 sec, 11336481 itr]:      606.036
[ optimality gap      ]:      100.00%
[837 sec, 11336481 itr]:      606.036
[838 sec, 11367079 itr]:      606.036
[839 sec, 11382866 itr]:      606.036
[840 sec, 11397994 itr]:      606.036
[841 sec, 11413209 itr]:      606.036
[842 sec, 11413209 itr]:      606.036
[843 sec, 11443848 itr]:      606.036
[844 sec, 11459461 itr]:      606.036
[845 sec, 11475275 itr]:      606.036
[846 sec, 11475275 itr]:      606.036
[ optimality gap      ]:      100.00%
[847 sec, 11490647 itr]:      606.036
[848 sec, 11522437 itr]:      606.036
[849 sec, 11522437 itr]:      606.036
[850 sec, 11554262 itr]:      606.036
[851 sec, 11570074 itr]:      606.036
[852 sec, 11585852 itr]:      606.036
[853 sec, 11585852 itr]:      606.036
[854 sec, 11617606 itr]:      606.036
[855 sec, 11617606 itr]:      606.036
[856 sec, 11649498 itr]:      606.036
[ optimality gap      ]:      100.00%
[857 sec, 11666174 itr]:      606.036
[858 sec, 11682312 itr]:      606.036
[859 sec, 11682312 itr]:      606.036
[860 sec, 11714929 itr]:      606.036
[861 sec, 11714929 itr]:      606.036
[862 sec, 11747739 itr]:      606.036
[863 sec, 11763366 itr]:      606.036
[864 sec, 11779523 itr]:      606.036
[865 sec, 11796543 itr]:      606.036
[866 sec, 11813374 itr]:      606.036
[ optimality gap      ]:      100.00%
[867 sec, 11829432 itr]:      606.036
[868 sec, 11845408 itr]:      606.036
[869 sec, 11861712 itr]:      606.036
[870 sec, 11878198 itr]:      606.036
[871 sec, 11878198 itr]:      606.036
[872 sec, 11911182 itr]:      606.036
[873 sec, 11911182 itr]:      606.036
[874 sec, 11944863 itr]:      606.036
[875 sec, 11944863 itr]:      606.036
[876 sec, 11977702 itr]:      606.036
[ optimality gap      ]:      100.00%
[877 sec, 11994167 itr]:      606.036
[878 sec, 12011598 itr]:      606.036
[879 sec, 12028698 itr]:      606.036
[880 sec, 12028698 itr]:      606.036
[881 sec, 12063568 itr]:      606.036
[882 sec, 12063568 itr]:      606.036
[883 sec, 12097058 itr]:      606.036
[884 sec, 12113749 itr]:      606.036
[885 sec, 12130595 itr]:      606.036
[886 sec, 12148169 itr]:      606.036
[ optimality gap      ]:      100.00%
[887 sec, 12165185 itr]:      606.036
[888 sec, 12182501 itr]:      606.036
[889 sec, 12199851 itr]:      606.036
[890 sec, 12217412 itr]:      606.036
[891 sec, 12234876 itr]:      606.036
[892 sec, 12251740 itr]:      606.036
[893 sec, 12269192 itr]:      606.036
[894 sec, 12269192 itr]:      606.036
[895 sec, 12303720 itr]:      606.036
[896 sec, 12321064 itr]:      606.036
[ optimality gap      ]:      100.00%
[897 sec, 12339115 itr]:      606.036
[898 sec, 12339115 itr]:      606.036
[899 sec, 12374627 itr]:      606.036
[900 sec, 12392664 itr]:      606.036
[901 sec, 12409679 itr]:      606.036
[902 sec, 12426893 itr]:      606.036
[903 sec, 12444254 itr]:      606.036
[904 sec, 12461754 itr]:      606.036
[905 sec, 12479578 itr]:      606.036
[906 sec, 12479578 itr]:      606.036
[ optimality gap      ]:      100.00%
[907 sec, 12516197 itr]:      606.036
[908 sec, 12534363 itr]:      606.036
[909 sec, 12552085 itr]:      606.036
[910 sec, 12552085 itr]:      606.036
[911 sec, 12587466 itr]:      606.036
[912 sec, 12587466 itr]:      606.036
[913 sec, 12623955 itr]:      606.036
[914 sec, 12643003 itr]:      606.036
[915 sec, 12662062 itr]:      606.036
[916 sec, 12680491 itr]:      606.036
[ optimality gap      ]:      100.00%
[917 sec, 12680491 itr]:      606.036
[918 sec, 12716458 itr]:      606.036
[919 sec, 12735522 itr]:      606.036
[920 sec, 12753587 itr]:      606.036
[921 sec, 12770236 itr]:      606.036
[922 sec, 12770236 itr]:      606.036
[923 sec, 12804516 itr]:      606.036
[924 sec, 12821872 itr]:      606.036
[925 sec, 12838971 itr]:      606.036
[926 sec, 12838971 itr]:      606.036
[ optimality gap      ]:      100.00%
[927 sec, 12872989 itr]:      606.036
[928 sec, 12890229 itr]:      606.036
[929 sec, 12908283 itr]:      606.036
[930 sec, 12926585 itr]:      606.036
[931 sec, 12926585 itr]:      606.036
[932 sec, 12961822 itr]:      606.036
[933 sec, 12961822 itr]:      606.036
[934 sec, 12978783 itr]:      606.036
[935 sec, 13013234 itr]:      606.036
[936 sec, 13013234 itr]:      606.036
[ optimality gap      ]:      100.00%
[937 sec, 13047967 itr]:      606.036
[938 sec, 13064909 itr]:      606.036
[939 sec, 13064909 itr]:      606.036
[940 sec, 13099674 itr]:      606.036
[941 sec, 13117140 itr]:      606.036
[942 sec, 13134646 itr]:      606.036
[943 sec, 13134646 itr]:      606.036
[944 sec, 13169808 itr]:      606.036
[945 sec, 13187198 itr]:      606.036
[946 sec, 13205304 itr]:      606.036
[ optimality gap      ]:      100.00%
[947 sec, 13222746 itr]:      606.036
[948 sec, 13240449 itr]:      606.036
[949 sec, 13257724 itr]:      606.036
[950 sec, 13275180 itr]:      606.036
[951 sec, 13292241 itr]:      606.036
[952 sec, 13310769 itr]:      606.036
[953 sec, 13328512 itr]:      606.036
[954 sec, 13346111 itr]:      606.036
[955 sec, 13363791 itr]:      606.036
[956 sec, 13382303 itr]:      606.036
[ optimality gap      ]:      100.00%
[957 sec, 13400342 itr]:      606.036
[958 sec, 13400342 itr]:      606.036
[959 sec, 13435562 itr]:      606.036
[960 sec, 13453153 itr]:      606.036
[961 sec, 13470154 itr]:      606.036
[962 sec, 13487650 itr]:      606.036
[963 sec, 13487650 itr]:      606.036
[964 sec, 13522273 itr]:      606.036
[965 sec, 13539319 itr]:      606.036
[966 sec, 13539319 itr]:      606.036
[ optimality gap      ]:      100.00%
[967 sec, 13575030 itr]:      606.036
[968 sec, 13575030 itr]:      606.036
[969 sec, 13608887 itr]:      606.036
[970 sec, 13627188 itr]:      606.036
[971 sec, 13627188 itr]:      606.036
[972 sec, 13661846 itr]:      606.036
[973 sec, 13679854 itr]:      606.036
[974 sec, 13696891 itr]:      606.036
[975 sec, 13696891 itr]:      606.036
[976 sec, 13732475 itr]:      606.036
[ optimality gap      ]:      100.00%
[977 sec, 13749870 itr]:      606.036
[978 sec, 13767547 itr]:      606.036
[979 sec, 13785058 itr]:      606.036
[980 sec, 13785058 itr]:      606.036
[981 sec, 13819249 itr]:      606.036
[982 sec, 13836568 itr]:      606.036
[983 sec, 13853974 itr]:      606.036
[984 sec, 13853974 itr]:      606.036
[985 sec, 13889048 itr]:      606.036
[986 sec, 13907343 itr]:      606.036
[ optimality gap      ]:      100.00%
[987 sec, 13926157 itr]:      606.036
[988 sec, 13944870 itr]:      606.036
[989 sec, 13944870 itr]:      606.036
[990 sec, 13981257 itr]:      606.036
[991 sec, 13999609 itr]:      606.036
[992 sec, 14018101 itr]:      606.036
[993 sec, 14037175 itr]:      606.036
[994 sec, 14055698 itr]:      606.036
[995 sec, 14073725 itr]:      606.036
[996 sec, 14092164 itr]:      606.036
[ optimality gap      ]:      100.00%
[997 sec, 14109926 itr]:      606.036
[998 sec, 14128002 itr]:      606.036
[999 sec, 14146774 itr]:      606.036
[1000 sec, 14146774 itr]:      606.036
[1001 sec, 14183255 itr]:      606.036
[1002 sec, 14201804 itr]:      606.036
[1003 sec, 14220166 itr]:      606.036
[1004 sec, 14237908 itr]:      606.036
[1005 sec, 14255759 itr]:      606.036
[1006 sec, 14273880 itr]:      606.036
[ optimality gap       ]:      100.00%
[1007 sec, 14292051 itr]:      606.036
[1008 sec, 14292051 itr]:      606.036
[1009 sec, 14329318 itr]:      606.036
[1010 sec, 14347763 itr]:      606.036
[1011 sec, 14366201 itr]:      606.036
[1012 sec, 14384122 itr]:      606.036
[1013 sec, 14402726 itr]:      606.036
[1014 sec, 14402726 itr]:      606.036
[1015 sec, 14439200 itr]:      606.036
[1016 sec, 14439200 itr]:      606.036
[ optimality gap       ]:      100.00%
[1017 sec, 14475548 itr]:      606.036
[1018 sec, 14494449 itr]:      606.036
[1019 sec, 14512630 itr]:      606.036
[1020 sec, 14530831 itr]:      606.036
[1021 sec, 14549166 itr]:      606.036
[1022 sec, 14567412 itr]:      606.036
[1023 sec, 14586063 itr]:      606.036
[1024 sec, 14586063 itr]:      606.036
[1025 sec, 14622549 itr]:      606.036
[1026 sec, 14641506 itr]:      606.036
[ optimality gap       ]:      100.00%
[1027 sec, 14660477 itr]:      606.036
[1028 sec, 14679920 itr]:      606.036
[1029 sec, 14698683 itr]:      606.036
[1030 sec, 14716814 itr]:      606.036
[1031 sec, 14735178 itr]:      606.036
[1032 sec, 14753577 itr]:      606.036
[1033 sec, 14771499 itr]:      606.036
[1034 sec, 14789870 itr]:      606.036
[1035 sec, 14808102 itr]:      606.036
[1036 sec, 14808102 itr]:      606.036
[ optimality gap       ]:      100.00%
[1037 sec, 14845122 itr]:      606.036
[1038 sec, 14863388 itr]:      606.036
[1039 sec, 14863388 itr]:      606.036
[1040 sec, 14901465 itr]:      606.036
[1041 sec, 14919898 itr]:      606.036
[1042 sec, 14938070 itr]:      606.036
[1043 sec, 14957019 itr]:      606.036
[1044 sec, 14975500 itr]:      606.036
[1045 sec, 14993847 itr]:      606.036
[1046 sec, 15012544 itr]:      606.036
[ optimality gap       ]:      100.00%
[1047 sec, 15012544 itr]:      606.036
[1048 sec, 15049913 itr]:      606.036
[1049 sec, 15049913 itr]:      606.036
[1050 sec, 15087552 itr]:      606.036
[1051 sec, 15106116 itr]:      606.036
[1052 sec, 15106116 itr]:      606.036
[1053 sec, 15143174 itr]:      606.036
[1054 sec, 15161385 itr]:      606.036
[1055 sec, 15179882 itr]:      606.036
[1056 sec, 15179882 itr]:      606.036
[ optimality gap       ]:      100.00%
[1057 sec, 15218571 itr]:      606.036
[1058 sec, 15237522 itr]:      606.036
[1059 sec, 15237522 itr]:      606.036
[1060 sec, 15274706 itr]:      606.036
[1061 sec, 15293499 itr]:      606.036
[1062 sec, 15312161 itr]:      606.036
[1063 sec, 15331259 itr]:      606.036
[1064 sec, 15331259 itr]:      606.036
[1065 sec, 15368682 itr]:      606.036
[1066 sec, 15387279 itr]:      606.036
[ optimality gap       ]:      100.00%
[1067 sec, 15404979 itr]:      606.036
[1068 sec, 15423345 itr]:      606.036
[1069 sec, 15441435 itr]:      606.036
[1070 sec, 15460193 itr]:      606.036
[1071 sec, 15478204 itr]:      606.036
[1072 sec, 15478204 itr]:      606.036
[1073 sec, 15514969 itr]:      606.036
[1074 sec, 15514969 itr]:      606.036
[1075 sec, 15552669 itr]:      606.036
[1076 sec, 15552669 itr]:      606.036
[ optimality gap       ]:      100.00%
[1077 sec, 15589054 itr]:      606.036
[1078 sec, 15607766 itr]:      606.036
[1079 sec, 15625916 itr]:      606.036
[1080 sec, 15644105 itr]:      606.036
[1081 sec, 15662158 itr]:      606.036
[1082 sec, 15680110 itr]:      606.036
[1083 sec, 15698558 itr]:      606.036
[1084 sec, 15716877 itr]:      606.036
[1085 sec, 15735283 itr]:      606.036
[1086 sec, 15754122 itr]:      606.036
[ optimality gap       ]:      100.00%
[1087 sec, 15772311 itr]:      606.036
[1088 sec, 15772311 itr]:      606.036
[1089 sec, 15808944 itr]:      606.036
[1090 sec, 15827370 itr]:      606.036
[1091 sec, 15845939 itr]:      606.036
[1092 sec, 15864433 itr]:      606.036
[1093 sec, 15864433 itr]:      606.036
[1094 sec, 15900792 itr]:      606.036
[1095 sec, 15918683 itr]:      606.036
[1096 sec, 15936670 itr]:      606.036
[ optimality gap       ]:      100.00%
[1097 sec, 15954608 itr]:      606.036
[1098 sec, 15954608 itr]:      606.036
[1099 sec, 15989957 itr]:      606.036
[1100 sec, 16008290 itr]:      606.036
[1101 sec, 16026052 itr]:      606.036
[1102 sec, 16026052 itr]:      606.036
[1103 sec, 16061590 itr]:      606.036
[1104 sec, 16079739 itr]:      606.036
[1105 sec, 16098036 itr]:      606.036
[1106 sec, 16116451 itr]:      606.036
[ optimality gap       ]:      100.00%
[1107 sec, 16134681 itr]:      606.036
[1108 sec, 16152411 itr]:      606.036
[1109 sec, 16170484 itr]:      606.036
[1110 sec, 16188442 itr]:      606.036
[1111 sec, 16206680 itr]:      606.036
[1112 sec, 16224388 itr]:      606.036
[1113 sec, 16243999 itr]:      606.036
[1114 sec, 16262989 itr]:      606.036
[1115 sec, 16280701 itr]:      606.036
[1116 sec, 16298158 itr]:      606.036
[ optimality gap       ]:      100.00%
[1117 sec, 16316658 itr]:      606.036
[1118 sec, 16316658 itr]:      606.036
[1119 sec, 16352735 itr]:      606.036
[1120 sec, 16352735 itr]:      606.036
[1121 sec, 16389272 itr]:      606.036
[1122 sec, 16408101 itr]:      606.036
[1123 sec, 16426302 itr]:      606.036
[1124 sec, 16444651 itr]:      606.036
[1125 sec, 16444651 itr]:      606.036
[1126 sec, 16481592 itr]:      606.036
[ optimality gap       ]:      100.00%
[1127 sec, 16500346 itr]:      606.036
[1128 sec, 16519442 itr]:      606.036
[1129 sec, 16538232 itr]:      606.036
[1130 sec, 16557196 itr]:      606.036
[1131 sec, 16576461 itr]:      606.036
[1132 sec, 16596217 itr]:      606.036
[1133 sec, 16596217 itr]:      606.036
[1134 sec, 16634174 itr]:      606.036
[1135 sec, 16653120 itr]:      606.036
[1136 sec, 16672510 itr]:      606.036
[ optimality gap       ]:      100.00%
[1137 sec, 16672510 itr]:      606.036
[1138 sec, 16710500 itr]:      606.036
[1139 sec, 16729317 itr]:      606.036
[1140 sec, 16748667 itr]:      606.036
[1141 sec, 16768245 itr]:      606.036
[1142 sec, 16787170 itr]:      606.036
[1143 sec, 16807094 itr]:      606.036
[1144 sec, 16826897 itr]:      606.036
[1145 sec, 16826897 itr]:      606.036
[1146 sec, 16846537 itr]:      606.036
[ optimality gap       ]:      100.00%
[1147 sec, 16865935 itr]:      606.036
[1148 sec, 16904487 itr]:      606.036
[1149 sec, 16904487 itr]:      606.036
[1150 sec, 16922655 itr]:      606.036
[1151 sec, 16959683 itr]:      606.036
[1152 sec, 16979374 itr]:      606.036
[1153 sec, 16979374 itr]:      606.036
[1154 sec, 16998950 itr]:      606.036
[1155 sec, 17038494 itr]:      606.036
[1156 sec, 17038494 itr]:      606.036
[ optimality gap       ]:      100.00%
[1157 sec, 17078467 itr]:      606.036
[1158 sec, 17098224 itr]:      606.036
[1159 sec, 17116855 itr]:      606.036
[1160 sec, 17116855 itr]:      606.036
[1161 sec, 17156753 itr]:      606.036
[1162 sec, 17178076 itr]:      606.036
[1163 sec, 17178076 itr]:      606.036
[1164 sec, 17217969 itr]:      606.036
[1165 sec, 17238164 itr]:      606.036
[1166 sec, 17238164 itr]:      606.036
[ optimality gap       ]:      100.00%
[1167 sec, 17257770 itr]:      606.036
[1168 sec, 17297951 itr]:      606.036
[1169 sec, 17317829 itr]:      606.036
[1170 sec, 17317829 itr]:      606.036
[1171 sec, 17357747 itr]:      606.036
[1172 sec, 17357747 itr]:      606.036
[1173 sec, 17377408 itr]:      606.036
[1174 sec, 17417448 itr]:      606.036
[1175 sec, 17436808 itr]:      606.036
[1176 sec, 17456902 itr]:      606.036
[ optimality gap       ]:      100.00%
[1177 sec, 17456902 itr]:      606.036
[1178 sec, 17496292 itr]:      606.036
[1179 sec, 17496292 itr]:      606.036
[1180 sec, 17536776 itr]:      606.036
[1181 sec, 17536776 itr]:      606.036
[1182 sec, 17557373 itr]:      606.036
[1183 sec, 17596419 itr]:      606.036
[1184 sec, 17596419 itr]:      606.036
[1185 sec, 17616324 itr]:      606.036
[1186 sec, 17657459 itr]:      606.036
[ optimality gap       ]:      100.00%
[1187 sec, 17678615 itr]:      606.036
[1188 sec, 17678615 itr]:      606.036
[1189 sec, 17699388 itr]:      606.036
[1190 sec, 17740244 itr]:      606.036
[1191 sec, 17759751 itr]:      606.036
[1192 sec, 17779791 itr]:      606.036
[1193 sec, 17779791 itr]:      606.036
[1194 sec, 17820531 itr]:      606.036
[1195 sec, 17820531 itr]:      606.036
[1196 sec, 17860743 itr]:      606.036
[ optimality gap       ]:      100.00%
[1197 sec, 17860743 itr]:      606.036
[1198 sec, 17880223 itr]:      606.036
[1199 sec, 17919864 itr]:      606.036
[1200 sec, 17919864 itr]:      606.036
[1201 sec, 17959418 itr]:      606.036
[1202 sec, 17959418 itr]:      606.036
[1203 sec, 17979232 itr]:      606.036
[1204 sec, 17998792 itr]:      606.036
[1205 sec, 18038019 itr]:      606.036
[1206 sec, 18038019 itr]:      606.036
[ optimality gap       ]:      100.00%
[1207 sec, 18057875 itr]:      606.036
[1208 sec, 18098178 itr]:      606.036
[1209 sec, 18117331 itr]:      606.036
[1210 sec, 18136653 itr]:      606.036
[1211 sec, 18136653 itr]:      606.036
[1212 sec, 18175286 itr]:      606.036
[1213 sec, 18195027 itr]:      606.036
[1214 sec, 18195027 itr]:      606.036
[1215 sec, 18235104 itr]:      606.036
[1216 sec, 18255064 itr]:      606.036
[ optimality gap       ]:      100.00%
[1217 sec, 18255064 itr]:      606.036
[1218 sec, 18293899 itr]:      606.036
[1219 sec, 18313207 itr]:      606.036
[1220 sec, 18313207 itr]:      606.036
[1221 sec, 18332186 itr]:      606.036
[1222 sec, 18351752 itr]:      606.036
[1223 sec, 18371639 itr]:      606.036
[1224 sec, 18390963 itr]:      606.036
[1225 sec, 18430160 itr]:      606.036
[1226 sec, 18430160 itr]:      606.036
[ optimality gap       ]:      100.00%
[1227 sec, 18467900 itr]:      606.036
[1228 sec, 18485767 itr]:      606.036
[1229 sec, 18503562 itr]:      606.036
[1230 sec, 18503562 itr]:      606.036
[1231 sec, 18540229 itr]:      606.036
[1232 sec, 18557508 itr]:      606.036
[1233 sec, 18557508 itr]:      606.036
[1234 sec, 18591725 itr]:      606.036
[1235 sec, 18608777 itr]:      606.036
[1236 sec, 18625563 itr]:      606.036
[ optimality gap       ]:      100.00%
[1237 sec, 18643020 itr]:      606.036
[1238 sec, 18660487 itr]:      606.036
[1239 sec, 18660487 itr]:      606.036
[1240 sec, 18695161 itr]:      606.036
[1241 sec, 18714173 itr]:      606.036
[1242 sec, 18733277 itr]:      606.036
[1243 sec, 18751592 itr]:      606.036
[1244 sec, 18768926 itr]:      606.036
[1245 sec, 18768926 itr]:      606.036
[1246 sec, 18803707 itr]:      606.036
[ optimality gap       ]:      100.00%
[1247 sec, 18821359 itr]:      606.036
[1248 sec, 18839287 itr]:      606.036
[1249 sec, 18858568 itr]:      606.036
[1250 sec, 18858568 itr]:      606.036
[1251 sec, 18895013 itr]:      606.036
[1252 sec, 18912467 itr]:      606.036
[1253 sec, 18929587 itr]:      606.036
[1254 sec, 18947649 itr]:      606.036
[1255 sec, 18965353 itr]:      606.036
[1256 sec, 18982925 itr]:      606.036
[ optimality gap       ]:      100.00%
[1257 sec, 19001086 itr]:      606.036
[1258 sec, 19018467 itr]:      606.036
[1259 sec, 19036318 itr]:      606.036
[1260 sec, 19054353 itr]:      606.036
[1261 sec, 19072385 itr]:      606.036
[1262 sec, 19090762 itr]:      606.036
[1263 sec, 19109706 itr]:      606.036
[1264 sec, 19127609 itr]:      606.036
[1265 sec, 19127609 itr]:      606.036
[1266 sec, 19162630 itr]:      606.036
[ optimality gap       ]:      100.00%
[1267 sec, 19179876 itr]:      606.036
[1268 sec, 19197420 itr]:      606.036
[1269 sec, 19215110 itr]:      606.036
[1270 sec, 19232289 itr]:      606.036
[1271 sec, 19249657 itr]:      606.036
[1272 sec, 19266732 itr]:      606.036
[1273 sec, 19283928 itr]:      606.036
[1274 sec, 19301977 itr]:      606.036
[1275 sec, 19319090 itr]:      606.036
[1276 sec, 19336561 itr]:      606.036
[ optimality gap       ]:      100.00%
[1277 sec, 19354037 itr]:      606.036
[1278 sec, 19371325 itr]:      606.036
[1279 sec, 19388588 itr]:      606.036
[1280 sec, 19405630 itr]:      606.036
[1281 sec, 19405630 itr]:      606.036
[1282 sec, 19441862 itr]:      606.036
[1283 sec, 19459583 itr]:      606.036
[1284 sec, 19476624 itr]:      606.036
[1285 sec, 19494351 itr]:      606.036
[1286 sec, 19511836 itr]:      606.036
[ optimality gap       ]:      100.00%
[1287 sec, 19529430 itr]:      606.036
[1288 sec, 19547372 itr]:      606.036
[1289 sec, 19564650 itr]:      606.036
[1290 sec, 19564650 itr]:      606.036
[1291 sec, 19581980 itr]:      606.036
[1292 sec, 19617851 itr]:      606.036
[1293 sec, 19635162 itr]:      606.036
[1294 sec, 19652816 itr]:      606.036
[1295 sec, 19670128 itr]:      606.036
[1296 sec, 19687282 itr]:      606.036
[ optimality gap       ]:      100.00%
[1297 sec, 19705264 itr]:      606.036
[1298 sec, 19723335 itr]:      606.036
[1299 sec, 19723335 itr]:      606.036
[1300 sec, 19759365 itr]:      606.036
[1301 sec, 19777764 itr]:      606.036
[1302 sec, 19796265 itr]:      606.036
[1303 sec, 19814025 itr]:      606.036
[1304 sec, 19831665 itr]:      606.036
[1305 sec, 19831665 itr]:      606.036
[1306 sec, 19869016 itr]:      606.036
[ optimality gap       ]:      100.00%
[1307 sec, 19887341 itr]:      606.036
[1308 sec, 19905228 itr]:      606.036
[1309 sec, 19924275 itr]:      606.036
[1310 sec, 19924275 itr]:      606.036
[1311 sec, 19942572 itr]:      606.036
[1312 sec, 19978686 itr]:      606.036
[1313 sec, 19978686 itr]:      606.036
[1314 sec, 20015060 itr]:      606.036
[1315 sec, 20015060 itr]:      606.036
[1316 sec, 20051063 itr]:      606.036
[ optimality gap       ]:      100.00%
[1317 sec, 20069326 itr]:      606.036
[1318 sec, 20086995 itr]:      606.036
[1319 sec, 20104545 itr]:      606.036
[1320 sec, 20122624 itr]:      606.036
[1321 sec, 20140625 itr]:      606.036
[1322 sec, 20158233 itr]:      606.036
[1323 sec, 20177271 itr]:      606.036
[1324 sec, 20177271 itr]:      606.036
[1325 sec, 20214556 itr]:      606.036
[1326 sec, 20214556 itr]:      606.036
[ optimality gap       ]:      100.00%
[1327 sec, 20252072 itr]:      606.036
[1328 sec, 20252072 itr]:      606.036
[1329 sec, 20288505 itr]:      606.036
[1330 sec, 20306358 itr]:      606.036
[1331 sec, 20324162 itr]:      606.036
[1332 sec, 20342699 itr]:      606.036
[1333 sec, 20342699 itr]:      606.036
[1334 sec, 20378384 itr]:      606.036
[1335 sec, 20397310 itr]:      606.036
[1336 sec, 20415225 itr]:      606.036
[ optimality gap       ]:      100.00%
[1337 sec, 20433718 itr]:      606.036
[1338 sec, 20453681 itr]:      606.036
[1339 sec, 20472528 itr]:      606.036
[1340 sec, 20490997 itr]:      606.036
[1341 sec, 20508769 itr]:      606.036
[1342 sec, 20527386 itr]:      606.036
[1343 sec, 20527386 itr]:      606.036
[1344 sec, 20563192 itr]:      606.036
[1345 sec, 20581056 itr]:      606.036
[1346 sec, 20598697 itr]:      606.036
[ optimality gap       ]:      100.00%
[1347 sec, 20616549 itr]:      606.036
[1348 sec, 20634025 itr]:      606.036
[1349 sec, 20651264 itr]:      606.036
[1350 sec, 20668936 itr]:      606.036
[1351 sec, 20686825 itr]:      606.036
[1352 sec, 20705737 itr]:      606.036
[1353 sec, 20723480 itr]:      606.036
[1354 sec, 20741555 itr]:      606.036
[1355 sec, 20760866 itr]:      606.036
[1356 sec, 20760866 itr]:      606.036
[ optimality gap       ]:      100.00%
[1357 sec, 20797020 itr]:      606.036
[1358 sec, 20797020 itr]:      606.036
[1359 sec, 20833487 itr]:      606.036
[1360 sec, 20852554 itr]:      606.036
[1361 sec, 20852554 itr]:      606.036
[1362 sec, 20871236 itr]:      606.036
[1363 sec, 20909404 itr]:      606.036
[1364 sec, 20927963 itr]:      606.036
[1365 sec, 20946348 itr]:      606.036
[1366 sec, 20946348 itr]:      606.036
[ optimality gap       ]:      100.00%
[1367 sec, 20964550 itr]:      606.036
[1368 sec, 21002149 itr]:      606.036
[1369 sec, 21021865 itr]:      606.036
[1370 sec, 21021865 itr]:      606.036
[1371 sec, 21040173 itr]:      606.036
[1372 sec, 21075822 itr]:      606.036
[1373 sec, 21093324 itr]:      606.036
[1374 sec, 21111317 itr]:      606.036
[1375 sec, 21111317 itr]:      606.036
[1376 sec, 21149261 itr]:      606.036
[ optimality gap       ]:      100.00%
[1377 sec, 21166744 itr]:      606.036
[1378 sec, 21183998 itr]:      606.036
[1379 sec, 21201487 itr]:      606.036
[1380 sec, 21201487 itr]:      606.036
[1381 sec, 21237212 itr]:      606.036
[1382 sec, 21255164 itr]:      606.036
[1383 sec, 21273131 itr]:      606.036
[1384 sec, 21290900 itr]:      606.036
[1385 sec, 21290900 itr]:      606.036
[1386 sec, 21327775 itr]:      606.036
[ optimality gap       ]:      100.00%
[1387 sec, 21347229 itr]:      606.036
[1388 sec, 21366301 itr]:      606.036
[1389 sec, 21384731 itr]:      606.036
[1390 sec, 21402934 itr]:      606.036
[1391 sec, 21402934 itr]:      606.036
[1392 sec, 21439544 itr]:      606.036
[1393 sec, 21457663 itr]:      606.036
[1394 sec, 21477064 itr]:      606.036
[1395 sec, 21495517 itr]:      606.036
[1396 sec, 21514238 itr]:      606.036
[ optimality gap       ]:      100.00%
[1397 sec, 21532387 itr]:      606.036
[1398 sec, 21550130 itr]:      606.036
[1399 sec, 21568732 itr]:      606.036
[1400 sec, 21568732 itr]:      606.036
[1401 sec, 21607205 itr]:      606.036
[1402 sec, 21627234 itr]:      606.036
[1403 sec, 21627234 itr]:      606.036
[1404 sec, 21666049 itr]:      606.036
[1405 sec, 21684931 itr]:      606.036
[1406 sec, 21704947 itr]:      606.036
[ optimality gap       ]:      100.00%
[1407 sec, 21725099 itr]:      606.036
[1408 sec, 21744321 itr]:      606.036
[1409 sec, 21744321 itr]:      606.036
[1410 sec, 21780884 itr]:      606.036
[1411 sec, 21799611 itr]:      606.036
[1412 sec, 21818736 itr]:      606.036
[1413 sec, 21838228 itr]:      606.036
[1414 sec, 21858049 itr]:      606.036
[1415 sec, 21878640 itr]:      606.036
[1416 sec, 21897998 itr]:      606.036
[ optimality gap       ]:      100.00%
[1417 sec, 21897998 itr]:      606.036
[1418 sec, 21936879 itr]:      606.036
[1419 sec, 21955888 itr]:      606.036
[1420 sec, 21974214 itr]:      606.036
[1421 sec, 21974214 itr]:      606.036
[1422 sec, 22011946 itr]:      606.036
[1423 sec, 22011946 itr]:      606.036
[1424 sec, 22049017 itr]:      606.036
[1425 sec, 22067496 itr]:      606.036
[1426 sec, 22067496 itr]:      606.036
[ optimality gap       ]:      100.00%
[1427 sec, 22106028 itr]:      606.036
[1428 sec, 22125499 itr]:      606.036
[1429 sec, 22145929 itr]:      606.036
[1430 sec, 22166164 itr]:      606.036
[1431 sec, 22166164 itr]:      606.036
[1432 sec, 22203963 itr]:      606.036
[1433 sec, 22203963 itr]:      606.036
[1434 sec, 22241872 itr]:      606.036
[1435 sec, 22260742 itr]:      606.036
[1436 sec, 22279688 itr]:      606.036
[ optimality gap       ]:      100.00%
[1437 sec, 22298445 itr]:      606.036
[1438 sec, 22316827 itr]:      606.036
[1439 sec, 22335583 itr]:      606.036
[1440 sec, 22354112 itr]:      606.036
[1441 sec, 22372761 itr]:      606.036
[1442 sec, 22372761 itr]:      606.036
[1443 sec, 22390841 itr]:      606.036
[1444 sec, 22427894 itr]:      606.036
[1445 sec, 22446851 itr]:      606.036
[1446 sec, 22464894 itr]:      606.036
[ optimality gap       ]:      100.00%
[1447 sec, 22482572 itr]:      606.036
[1448 sec, 22500812 itr]:      606.036
[1449 sec, 22518802 itr]:      606.036
[1450 sec, 22537834 itr]:      606.036
[1451 sec, 22556265 itr]:      606.036
[1452 sec, 22556265 itr]:      606.036
[1453 sec, 22574812 itr]:      606.036
[1454 sec, 22611183 itr]:      606.036
[1455 sec, 22628771 itr]:      606.036
[1456 sec, 22646945 itr]:      606.036
[ optimality gap       ]:      100.00%
[1457 sec, 22665132 itr]:      606.036
[1458 sec, 22683709 itr]:      606.036
[1459 sec, 22701614 itr]:      606.036
[1460 sec, 22719451 itr]:      606.036
[1461 sec, 22737191 itr]:      606.036
[1462 sec, 22737191 itr]:      606.036
[1463 sec, 22772552 itr]:      606.036
[1464 sec, 22772552 itr]:      606.036
[1465 sec, 22808233 itr]:      606.036
[1466 sec, 22826710 itr]:      606.036
[ optimality gap       ]:      100.00%
[1467 sec, 22826710 itr]:      606.036
[1468 sec, 22862216 itr]:      606.036
[1469 sec, 22880057 itr]:      606.036
[1470 sec, 22880057 itr]:      606.036
[1471 sec, 22916052 itr]:      606.036
[1472 sec, 22934222 itr]:      606.036
[1473 sec, 22952453 itr]:      606.036
[1474 sec, 22970778 itr]:      606.036
[1475 sec, 22988778 itr]:      606.036
[1476 sec, 23006969 itr]:      606.036
[ optimality gap       ]:      100.00%
[1477 sec, 23024931 itr]:      606.036
[1478 sec, 23042479 itr]:      606.036
[1479 sec, 23060172 itr]:      606.036
[1480 sec, 23077974 itr]:      606.036
[1481 sec, 23095208 itr]:      606.036
[1482 sec, 23112194 itr]:      606.036
[1483 sec, 23129867 itr]:      606.036
[1484 sec, 23147313 itr]:      606.036
[1485 sec, 23147313 itr]:      606.036
[1486 sec, 23181585 itr]:      606.036
[ optimality gap       ]:      100.00%
[1487 sec, 23199162 itr]:      606.036
[1488 sec, 23217638 itr]:      606.036
[1489 sec, 23235666 itr]:      606.036
[1490 sec, 23254101 itr]:      606.036
[1491 sec, 23271565 itr]:      606.036
[1492 sec, 23288725 itr]:      606.036
[1493 sec, 23306604 itr]:      606.036
[1494 sec, 23306604 itr]:      606.036
[1495 sec, 23343340 itr]:      606.036
[1496 sec, 23343340 itr]:      606.036
[ optimality gap       ]:      100.00%
[1497 sec, 23379137 itr]:      606.036
[1498 sec, 23396435 itr]:      606.036
[1499 sec, 23413710 itr]:      606.036
[1500 sec, 23413710 itr]:      606.036
[1501 sec, 23448894 itr]:      606.036
[1502 sec, 23466425 itr]:      606.036
[1503 sec, 23466425 itr]:      606.036
[1504 sec, 23484339 itr]:      606.036
[1505 sec, 23502007 itr]:      606.036
[1506 sec, 23537933 itr]:      606.036
[ optimality gap       ]:      100.00%
[1507 sec, 23537933 itr]:      606.036
[1508 sec, 23573385 itr]:      606.036
[1509 sec, 23573385 itr]:      606.036
[1510 sec, 23609089 itr]:      606.036
[1511 sec, 23627287 itr]:      606.036
[1512 sec, 23627287 itr]:      606.036
[1513 sec, 23663834 itr]:      606.036
[1514 sec, 23681368 itr]:      606.036
[1515 sec, 23681368 itr]:      606.036
[1516 sec, 23717482 itr]:      606.036
[ optimality gap       ]:      100.00%
[1517 sec, 23735474 itr]:      606.036
[1518 sec, 23753635 itr]:      606.036
[1519 sec, 23771619 itr]:      606.036
[1520 sec, 23789624 itr]:      606.036
[1521 sec, 23807577 itr]:      606.036
[1522 sec, 23825793 itr]:      606.036
[1523 sec, 23843667 itr]:      606.036
[1524 sec, 23861948 itr]:      606.036
[1525 sec, 23861948 itr]:      606.036
[1526 sec, 23879965 itr]:      606.036
[ optimality gap       ]:      100.00%
[1527 sec, 23916327 itr]:      606.036
[1528 sec, 23934166 itr]:      606.036
[1529 sec, 23934166 itr]:      606.036
[1530 sec, 23970511 itr]:      606.036
[1531 sec, 23988954 itr]:      606.036
[1532 sec, 24007112 itr]:      606.036
[1533 sec, 24025559 itr]:      606.036
[1534 sec, 24025559 itr]:      606.036
[1535 sec, 24043760 itr]:      606.036
[1536 sec, 24082111 itr]:      606.036
[ optimality gap       ]:      100.00%
[1537 sec, 24082111 itr]:      606.036
[1538 sec, 24119268 itr]:      606.036
[1539 sec, 24137298 itr]:      606.036
[1540 sec, 24156075 itr]:      606.036
[1541 sec, 24174676 itr]:      606.036
[1542 sec, 24193042 itr]:      606.036
[1543 sec, 24211352 itr]:      606.036
[1544 sec, 24228819 itr]:      606.036
[1545 sec, 24247840 itr]:      606.036
[1546 sec, 24266683 itr]:      606.036
[ optimality gap       ]:      100.00%
[1547 sec, 24284883 itr]:      606.036
[1548 sec, 24303434 itr]:      606.036
[1549 sec, 24321491 itr]:      606.036
[1550 sec, 24340426 itr]:      606.036
[1551 sec, 24340426 itr]:      606.036
[1552 sec, 24377453 itr]:      606.036
[1553 sec, 24395391 itr]:      606.036
[1554 sec, 24413717 itr]:      606.036
[1555 sec, 24413717 itr]:      606.036
[1556 sec, 24450664 itr]:      606.036
[ optimality gap       ]:      100.00%
[1557 sec, 24469075 itr]:      606.036
[1558 sec, 24487120 itr]:      606.036
[1559 sec, 24505878 itr]:      606.036
[1560 sec, 24505878 itr]:      606.036
[1561 sec, 24541612 itr]:      606.036
[1562 sec, 24559825 itr]:      606.036
[1563 sec, 24578856 itr]:      606.036
[1564 sec, 24597729 itr]:      606.036
[1565 sec, 24597729 itr]:      606.036
[1566 sec, 24634618 itr]:      606.036
[ optimality gap       ]:      100.00%
[1567 sec, 24653414 itr]:      606.036
[1568 sec, 24672014 itr]:      606.036
[1569 sec, 24690654 itr]:      606.036
[1570 sec, 24709613 itr]:      606.036
[1571 sec, 24728508 itr]:      606.036
[1572 sec, 24746648 itr]:      606.036
[1573 sec, 24765033 itr]:      606.036
[1574 sec, 24784120 itr]:      606.036
[1575 sec, 24802731 itr]:      606.036
[1576 sec, 24821382 itr]:      606.036
[ optimality gap       ]:      100.00%
[1577 sec, 24839856 itr]:      606.036
[1578 sec, 24858325 itr]:      606.036
[1579 sec, 24876849 itr]:      606.036
[1580 sec, 24896343 itr]:      606.036
[1581 sec, 24896343 itr]:      606.036
[1582 sec, 24933867 itr]:      606.036
[1583 sec, 24953008 itr]:      606.036
[1584 sec, 24971970 itr]:      606.036
[1585 sec, 24990262 itr]:      606.036
[1586 sec, 24990262 itr]:      606.036
[ optimality gap       ]:      100.00%
[1587 sec, 25027708 itr]:      606.036
[1588 sec, 25046856 itr]:      606.036
[1589 sec, 25046856 itr]:      606.036
[1590 sec, 25086169 itr]:      606.036
[1591 sec, 25105667 itr]:      606.036
[1592 sec, 25105667 itr]:      606.036
[1593 sec, 25145332 itr]:      606.036
[1594 sec, 25164909 itr]:      606.036
[1595 sec, 25184026 itr]:      606.036
[1596 sec, 25204101 itr]:      606.036
[ optimality gap       ]:      100.00%
[1597 sec, 25223294 itr]:      606.036
[1598 sec, 25243035 itr]:      606.036
[1599 sec, 25262506 itr]:      606.036
[1600 sec, 25282058 itr]:      606.036
[1601 sec, 25301662 itr]:      606.036
[1602 sec, 25301662 itr]:      606.036
[1603 sec, 25340917 itr]:      606.036
[1604 sec, 25340917 itr]:      606.036
[1605 sec, 25360502 itr]:      606.036
[1606 sec, 25399894 itr]:      606.036
[ optimality gap       ]:      100.00%
[1607 sec, 25418954 itr]:      606.036
[1608 sec, 25437886 itr]:      606.036
[1609 sec, 25457133 itr]:      606.036
[1610 sec, 25476980 itr]:      606.036
[1611 sec, 25496251 itr]:      606.036
[1612 sec, 25515645 itr]:      606.036
[1613 sec, 25535403 itr]:      606.036
[1614 sec, 25556031 itr]:      606.036
[1615 sec, 25556031 itr]:      606.036
[1616 sec, 25595006 itr]:      606.036
[ optimality gap       ]:      100.00%
[1617 sec, 25595006 itr]:      606.036
[1618 sec, 25634613 itr]:      606.036
[1619 sec, 25654539 itr]:      606.036
[1620 sec, 25674225 itr]:      606.036
[1621 sec, 25694194 itr]:      606.036
[1622 sec, 25714820 itr]:      606.036
[1623 sec, 25734368 itr]:      606.036
[1624 sec, 25753930 itr]:      606.036
[1625 sec, 25774162 itr]:      606.036
[1626 sec, 25795235 itr]:      606.036
[ optimality gap       ]:      100.00%
[1627 sec, 25815352 itr]:      606.036
[1628 sec, 25835400 itr]:      606.036
[1629 sec, 25855351 itr]:      606.036
[1630 sec, 25875674 itr]:      606.036
[1631 sec, 25895362 itr]:      606.036
[1632 sec, 25895362 itr]:      606.036
[1633 sec, 25934763 itr]:      606.036
[1634 sec, 25954882 itr]:      606.036
[1635 sec, 25975415 itr]:      606.036
[1636 sec, 25975415 itr]:      606.036
[ optimality gap       ]:      100.00%
[1637 sec, 26014796 itr]:      606.036
[1638 sec, 26034622 itr]:      606.036
[1639 sec, 26054363 itr]:      606.036
[1640 sec, 26074173 itr]:      606.036
[1641 sec, 26093804 itr]:      606.036
[1642 sec, 26113889 itr]:      606.036
[1643 sec, 26133378 itr]:      606.036
[1644 sec, 26153101 itr]:      606.036
[1645 sec, 26173102 itr]:      606.036
[1646 sec, 26193121 itr]:      606.036
[ optimality gap       ]:      100.00%
[1647 sec, 26212895 itr]:      606.036
[1648 sec, 26233087 itr]:      606.036
[1649 sec, 26252509 itr]:      606.036
[1650 sec, 26252509 itr]:      606.036
[1651 sec, 26293003 itr]:      606.036
[1652 sec, 26312995 itr]:      606.036
[1653 sec, 26333124 itr]:      606.036
[1654 sec, 26333124 itr]:      606.036
[1655 sec, 26353521 itr]:      606.036
[1656 sec, 26393557 itr]:      606.036
[ optimality gap       ]:      100.00%
[1657 sec, 26414212 itr]:      606.036
[1658 sec, 26434702 itr]:      606.036
[1659 sec, 26454471 itr]:      606.036
[1660 sec, 26474353 itr]:      606.036
[1661 sec, 26495004 itr]:      606.036
[1662 sec, 26516168 itr]:      606.036
[1663 sec, 26537554 itr]:      606.036
[1664 sec, 26559058 itr]:      606.036
[1665 sec, 26580927 itr]:      606.036
[1666 sec, 26602506 itr]:      606.036
[ optimality gap       ]:      100.00%
[1667 sec, 26624170 itr]:      606.036
[1668 sec, 26624170 itr]:      606.036
[1669 sec, 26668256 itr]:      606.036
[1670 sec, 26689998 itr]:      606.036
[1671 sec, 26712055 itr]:      606.036
[1672 sec, 26734310 itr]:      606.036
[1673 sec, 26756477 itr]:      606.036
[1674 sec, 26778219 itr]:      606.036
[1675 sec, 26778219 itr]:      606.036
[1676 sec, 26819031 itr]:      606.036
[ optimality gap       ]:      100.00%
[1677 sec, 26819031 itr]:      606.036
[1678 sec, 26858516 itr]:      606.036
[1679 sec, 26878807 itr]:      606.036
[1680 sec, 26899129 itr]:      606.036
[1681 sec, 26918313 itr]:      606.036
[1682 sec, 26936766 itr]:      606.036
[1683 sec, 26955816 itr]:      606.036
[1684 sec, 26974979 itr]:      606.036
[1685 sec, 26974979 itr]:      606.036
[1686 sec, 27014464 itr]:      606.036
[ optimality gap       ]:      100.00%
[1687 sec, 27033731 itr]:      606.036
[1688 sec, 27053676 itr]:      606.036
[1689 sec, 27074283 itr]:      606.036
[1690 sec, 27094581 itr]:      606.036
[1691 sec, 27115127 itr]:      606.036
[1692 sec, 27135389 itr]:      606.036
[1693 sec, 27135389 itr]:      606.036
[1694 sec, 27174131 itr]:      606.036
[1695 sec, 27195500 itr]:      606.036
[1696 sec, 27214805 itr]:      606.036
[ optimality gap       ]:      100.00%
[1697 sec, 27234801 itr]:      606.036
[1698 sec, 27253617 itr]:      606.036
[1699 sec, 27272641 itr]:      606.036
[1700 sec, 27291604 itr]:      606.036
[1701 sec, 27310146 itr]:      606.036
[1702 sec, 27328730 itr]:      606.036
[1703 sec, 27347657 itr]:      606.036
[1704 sec, 27347657 itr]:      606.036
[1705 sec, 27386951 itr]:      606.036
[1706 sec, 27386951 itr]:      606.036
[ optimality gap       ]:      100.00%
[1707 sec, 27424535 itr]:      606.036
[1708 sec, 27443601 itr]:      606.036
[1709 sec, 27462818 itr]:      606.036
[1710 sec, 27482372 itr]:      606.036
[1711 sec, 27503613 itr]:      606.036
[1712 sec, 27524600 itr]:      606.036
[1713 sec, 27545604 itr]:      606.036
[1714 sec, 27564916 itr]:      606.036
[1715 sec, 27584208 itr]:      606.036
[1716 sec, 27605040 itr]:      606.036
[ optimality gap       ]:      100.00%
[1717 sec, 27625687 itr]:      606.036
[1718 sec, 27645040 itr]:      606.036
[1719 sec, 27663904 itr]:      606.036
[1720 sec, 27682965 itr]:      606.036
[1721 sec, 27701689 itr]:      606.036
[1722 sec, 27720852 itr]:      606.036
[1723 sec, 27739464 itr]:      606.036
[1724 sec, 27758588 itr]:      606.036
[1725 sec, 27777750 itr]:      606.036
[1726 sec, 27796463 itr]:      606.036
[ optimality gap       ]:      100.00%
[1727 sec, 27814999 itr]:      606.036
[1728 sec, 27833627 itr]:      606.036
[1729 sec, 27854288 itr]:      606.036
[1730 sec, 27854288 itr]:      606.036
[1731 sec, 27894370 itr]:      606.036
[1732 sec, 27894370 itr]:      606.036
[1733 sec, 27934712 itr]:      606.036
[1734 sec, 27953766 itr]:      606.036
[1735 sec, 27973314 itr]:      606.036
[1736 sec, 27992368 itr]:      606.036
[ optimality gap       ]:      100.00%
[1737 sec, 28011033 itr]:      606.036
[1738 sec, 28029996 itr]:      606.036
[1739 sec, 28048709 itr]:      606.036
[1740 sec, 28067869 itr]:      606.036
[1741 sec, 28088674 itr]:      606.036
[1742 sec, 28109294 itr]:      606.036
[1743 sec, 28109294 itr]:      606.036
[1744 sec, 28148724 itr]:      606.036
[1745 sec, 28167601 itr]:      606.036
[1746 sec, 28187224 itr]:      606.036
[ optimality gap       ]:      100.00%
[1747 sec, 28206996 itr]:      606.036
[1748 sec, 28228073 itr]:      606.036
[1749 sec, 28250129 itr]:      606.036
[1750 sec, 28270807 itr]:      606.036
[1751 sec, 28290318 itr]:      606.036
[1752 sec, 28310036 itr]:      606.036
[1753 sec, 28329494 itr]:      606.036
[1754 sec, 28329494 itr]:      606.036
[1755 sec, 28368868 itr]:      606.036
[1756 sec, 28388844 itr]:      606.036
[ optimality gap       ]:      100.00%
[1757 sec, 28409887 itr]:      606.036
[1758 sec, 28429496 itr]:      606.036
[1759 sec, 28429496 itr]:      606.036
[1760 sec, 28469126 itr]:      606.036
[1761 sec, 28488076 itr]:      606.036
[1762 sec, 28507293 itr]:      606.036
[1763 sec, 28526637 itr]:      606.036
[1764 sec, 28546290 itr]:      606.036
[1765 sec, 28566146 itr]:      606.036
[1766 sec, 28586777 itr]:      606.036
[ optimality gap       ]:      100.00%
[1767 sec, 28605979 itr]:      606.036
[1768 sec, 28626636 itr]:      606.036
[1769 sec, 28645999 itr]:      606.036
[1770 sec, 28667788 itr]:      606.036
[1771 sec, 28687104 itr]:      606.036
[1772 sec, 28706433 itr]:      606.036
[1773 sec, 28726648 itr]:      606.036
[1774 sec, 28746251 itr]:      606.036
[1775 sec, 28766286 itr]:      606.036
[1776 sec, 28766286 itr]:      606.036
[ optimality gap       ]:      100.00%
[1777 sec, 28804595 itr]:      606.036
[1778 sec, 28825519 itr]:      606.036
[1779 sec, 28845096 itr]:      606.036
[1780 sec, 28863397 itr]:      606.036
[1781 sec, 28863397 itr]:      606.036
[1782 sec, 28901852 itr]:      606.036
[1783 sec, 28920819 itr]:      606.036
[1784 sec, 28939834 itr]:      606.036
[1785 sec, 28959508 itr]:      606.036
[1786 sec, 28959508 itr]:      606.036
[ optimality gap       ]:      100.00%
[1787 sec, 29000489 itr]:      606.036
[1788 sec, 29019172 itr]:      606.036
[1789 sec, 29038216 itr]:      606.036
[1790 sec, 29057388 itr]:      606.036
[1791 sec, 29078294 itr]:      606.036
[1792 sec, 29097598 itr]:      606.036
[1793 sec, 29116776 itr]:      606.036
[1794 sec, 29136284 itr]:      606.036
[1795 sec, 29155355 itr]:      606.036
[1796 sec, 29175649 itr]:      606.036
[ optimality gap       ]:      100.00%
[1797 sec, 29194858 itr]:      606.036
[1798 sec, 29214114 itr]:      606.036
[1799 sec, 29233674 itr]:      606.036
[1800 sec, 29252957 itr]:      606.036
[1801 sec, 29272608 itr]:      606.036
[1802 sec, 29292278 itr]:      606.036
[1803 sec, 29312353 itr]:      606.036
[1804 sec, 29332849 itr]:      606.036
[1805 sec, 29352515 itr]:      606.036
[1806 sec, 29372968 itr]:      606.036
[ optimality gap       ]:      100.00%
[1807 sec, 29391297 itr]:      606.036
[1808 sec, 29391297 itr]:      606.036
[1809 sec, 29409903 itr]:      606.036
[1810 sec, 29429247 itr]:      606.036
[1811 sec, 29469988 itr]:      606.036
[1812 sec, 29489623 itr]:      606.036
[1813 sec, 29508329 itr]:      606.036
[1814 sec, 29527152 itr]:      606.036
[1815 sec, 29545918 itr]:      606.036
[1816 sec, 29564929 itr]:      606.036
[ optimality gap       ]:      100.00%
[1817 sec, 29583333 itr]:      606.036
[1818 sec, 29603676 itr]:      606.036
[1819 sec, 29623386 itr]:      606.036
[1820 sec, 29641741 itr]:      606.036
[1821 sec, 29660239 itr]:      606.036
[1822 sec, 29679394 itr]:      606.036
[1823 sec, 29698892 itr]:      606.036
[1824 sec, 29717668 itr]:      606.036
[1825 sec, 29736828 itr]:      606.036
[1826 sec, 29758417 itr]:      606.036
[ optimality gap       ]:      100.00%
[1827 sec, 29779338 itr]:      606.036
[1828 sec, 29799464 itr]:      606.036
[1829 sec, 29819179 itr]:      606.036
[1830 sec, 29838550 itr]:      606.036
[1831 sec, 29858362 itr]:      606.036
[1832 sec, 29877916 itr]:      606.036
[1833 sec, 29897891 itr]:      606.036
[1834 sec, 29897891 itr]:      606.036
[1835 sec, 29936513 itr]:      606.036
[1836 sec, 29956108 itr]:      606.036
[ optimality gap       ]:      100.00%
[1837 sec, 29976137 itr]:      606.036
[1838 sec, 29997186 itr]:      606.036
[1839 sec, 30016136 itr]:      606.036
[1840 sec, 30016136 itr]:      606.036
[1841 sec, 30053769 itr]:      606.036
[1842 sec, 30072257 itr]:      606.036
[1843 sec, 30091368 itr]:      606.036
[1844 sec, 30110281 itr]:      606.036
[1845 sec, 30130322 itr]:      606.036
[1846 sec, 30149613 itr]:      606.036
[ optimality gap       ]:      100.00%
[1847 sec, 30168994 itr]:      606.036
[1848 sec, 30188668 itr]:      606.036
[1849 sec, 30207959 itr]:      606.036
[1850 sec, 30227470 itr]:      606.036
[1851 sec, 30246977 itr]:      606.036
[1852 sec, 30266342 itr]:      606.036
[1853 sec, 30266342 itr]:      606.036
[1854 sec, 30307489 itr]:      606.036
[1855 sec, 30327331 itr]:      606.036
[1856 sec, 30345819 itr]:      606.036
[ optimality gap       ]:      100.00%
[1857 sec, 30364968 itr]:      606.036
[1858 sec, 30384179 itr]:      606.036
[1859 sec, 30403780 itr]:      606.036
[1860 sec, 30424031 itr]:      606.036
[1861 sec, 30443609 itr]:      606.036
[1862 sec, 30462154 itr]:      606.036
[1863 sec, 30481093 itr]:      606.036
[1864 sec, 30499344 itr]:      606.036
[1865 sec, 30518479 itr]:      606.036
[1866 sec, 30538059 itr]:      606.036
[ optimality gap       ]:      100.00%
[1867 sec, 30557358 itr]:      606.036
[1868 sec, 30576986 itr]:      606.036
[1869 sec, 30596229 itr]:      606.036
[1870 sec, 30615334 itr]:      606.036
[1871 sec, 30634114 itr]:      606.036
[1872 sec, 30652257 itr]:      606.036
[1873 sec, 30671408 itr]:      606.036
[1874 sec, 30690449 itr]:      606.036
[1875 sec, 30708755 itr]:      606.036
[1876 sec, 30727386 itr]:      606.036
[ optimality gap       ]:      100.00%
[1877 sec, 30745964 itr]:      606.036
[1878 sec, 30764684 itr]:      606.036
[1879 sec, 30784265 itr]:      606.036
[1880 sec, 30804260 itr]:      606.036
[1881 sec, 30823510 itr]:      606.036
[1882 sec, 30841725 itr]:      606.036
[1883 sec, 30860610 itr]:      606.036
[1884 sec, 30879648 itr]:      606.036
[1885 sec, 30898484 itr]:      606.036
[1886 sec, 30917055 itr]:      606.036
[ optimality gap       ]:      100.00%
[1887 sec, 30935896 itr]:      606.036
[1888 sec, 30954567 itr]:      606.036
[1889 sec, 30973839 itr]:      606.036
[1890 sec, 30992676 itr]:      606.036
[1891 sec, 31011110 itr]:      606.036
[1892 sec, 31029318 itr]:      606.036
[1893 sec, 31029318 itr]:      606.036
[1894 sec, 31066742 itr]:      606.036
[1895 sec, 31066742 itr]:      606.036
[1896 sec, 31104853 itr]:      606.036
[ optimality gap       ]:      100.00%
[1897 sec, 31124074 itr]:      606.036
[1898 sec, 31142650 itr]:      606.036
[1899 sec, 31161703 itr]:      606.036
[1900 sec, 31180673 itr]:      606.036
[1901 sec, 31199864 itr]:      606.036
[1902 sec, 31218517 itr]:      606.036
[1903 sec, 31237862 itr]:      606.036
[1904 sec, 31257498 itr]:      606.036
[1905 sec, 31276279 itr]:      606.036
[1906 sec, 31295099 itr]:      606.036
[ optimality gap       ]:      100.00%
[1907 sec, 31313655 itr]:      606.036
[1908 sec, 31331884 itr]:      606.036
[1909 sec, 31350224 itr]:      606.036
[1910 sec, 31369412 itr]:      606.036
[1911 sec, 31388212 itr]:      606.036
[1912 sec, 31406686 itr]:      606.036
[1913 sec, 31406686 itr]:      606.036
[1914 sec, 31443734 itr]:      606.036
[1915 sec, 31443734 itr]:      606.036
[1916 sec, 31481945 itr]:      606.036
[ optimality gap       ]:      100.00%
[1917 sec, 31501362 itr]:      606.036
[1918 sec, 31520779 itr]:      606.036
[1919 sec, 31540100 itr]:      606.036
[1920 sec, 31540100 itr]:      606.036
[1921 sec, 31579591 itr]:      606.036
[1922 sec, 31597921 itr]:      606.036
[1923 sec, 31616352 itr]:      606.036
[1924 sec, 31616352 itr]:      606.036
[1925 sec, 31655421 itr]:      606.036
[1926 sec, 31655421 itr]:      606.036
[ optimality gap       ]:      100.00%
[1927 sec, 31692934 itr]:      606.036
[1928 sec, 31711460 itr]:      606.036
[1929 sec, 31730852 itr]:      606.036
[1930 sec, 31748936 itr]:      606.036
[1931 sec, 31767425 itr]:      606.036
[1932 sec, 31786385 itr]:      606.036
[1933 sec, 31806135 itr]:      606.036
[1934 sec, 31824801 itr]:      606.036
[1935 sec, 31843504 itr]:      606.036
[1936 sec, 31862709 itr]:      606.036
[ optimality gap       ]:      100.00%
[1937 sec, 31881972 itr]:      606.036
[1938 sec, 31901624 itr]:      606.036
[1939 sec, 31901624 itr]:      606.036
[1940 sec, 31921426 itr]:      606.036
[1941 sec, 31961956 itr]:      606.036
[1942 sec, 31981492 itr]:      606.036
[1943 sec, 32000072 itr]:      606.036
[1944 sec, 32019607 itr]:      606.036
[1945 sec, 32019607 itr]:      606.036
[1946 sec, 32057645 itr]:      606.036
[ optimality gap       ]:      100.00%
[1947 sec, 32076892 itr]:      606.036
[1948 sec, 32096188 itr]:      606.036
[1949 sec, 32115431 itr]:      606.036
[1950 sec, 32134566 itr]:      606.036
[1951 sec, 32153658 itr]:      606.036
[1952 sec, 32172233 itr]:      606.036
[1953 sec, 32190875 itr]:      606.036
[1954 sec, 32209895 itr]:      606.036
[1955 sec, 32228711 itr]:      606.036
[1956 sec, 32247292 itr]:      606.036
[ optimality gap       ]:      100.00%
[1957 sec, 32266234 itr]:      606.036
[1958 sec, 32284441 itr]:      606.036
[1959 sec, 32284441 itr]:      606.036
[1960 sec, 32302667 itr]:      606.036
[1961 sec, 32320746 itr]:      606.036
[1962 sec, 32358664 itr]:      606.036
[1963 sec, 32377256 itr]:      606.036
[1964 sec, 32377256 itr]:      606.036
[1965 sec, 32415290 itr]:      606.036
[1966 sec, 32433789 itr]:      606.036
[ optimality gap       ]:      100.00%
[1967 sec, 32452251 itr]:      606.036
[1968 sec, 32470074 itr]:      606.036
[1969 sec, 32488337 itr]:      606.036
[1970 sec, 32506539 itr]:      606.036
[1971 sec, 32526004 itr]:      606.036
[1972 sec, 32526004 itr]:      606.036
[1973 sec, 32543532 itr]:      606.036
[1974 sec, 32579552 itr]:      606.036
[1975 sec, 32579552 itr]:      606.036
[1976 sec, 32616621 itr]:      606.036
[ optimality gap       ]:      100.00%
[1977 sec, 32634623 itr]:      606.036
[1978 sec, 32634623 itr]:      606.036
[1979 sec, 32671636 itr]:      606.036
[1980 sec, 32689849 itr]:      606.036
[1981 sec, 32689849 itr]:      606.036
[1982 sec, 32708515 itr]:      606.036
[1983 sec, 32728051 itr]:      606.036
[1984 sec, 32765145 itr]:      606.036
[1985 sec, 32783900 itr]:      606.036
[1986 sec, 32801711 itr]:      606.036
[ optimality gap       ]:      100.00%
[1987 sec, 32819844 itr]:      606.036
[1988 sec, 32837593 itr]:      606.036
[1989 sec, 32837593 itr]:      606.036
[1990 sec, 32874380 itr]:      606.036
[1991 sec, 32874380 itr]:      606.036
[1992 sec, 32910921 itr]:      606.036
[1993 sec, 32929786 itr]:      606.036
[1994 sec, 32929786 itr]:      606.036
[1995 sec, 32967166 itr]:      606.036
[1996 sec, 32985781 itr]:      606.036
[ optimality gap       ]:      100.00%
[1997 sec, 33004517 itr]:      606.036
[1998 sec, 33004517 itr]:      606.036
[1999 sec, 33043355 itr]:      606.036
[2000 sec, 33062224 itr]:      606.036
[2001 sec, 33080868 itr]:      606.036
[2002 sec, 33099292 itr]:      606.036
[2003 sec, 33099292 itr]:      606.036
[2004 sec, 33135517 itr]:      606.036
[2005 sec, 33154905 itr]:      606.036
[2006 sec, 33174358 itr]:      606.036
[ optimality gap       ]:      100.00%
[2007 sec, 33192206 itr]:      606.036
[2008 sec, 33210362 itr]:      606.036
[2009 sec, 33210362 itr]:      606.036
[2010 sec, 33248143 itr]:      606.036
[2011 sec, 33266407 itr]:      606.036
[2012 sec, 33285648 itr]:      606.036
[2013 sec, 33304969 itr]:      606.036
[2014 sec, 33323933 itr]:      606.036
[2015 sec, 33342417 itr]:      606.036
[2016 sec, 33361037 itr]:      606.036
[ optimality gap       ]:      100.00%
[2017 sec, 33379787 itr]:      606.036
[2018 sec, 33397780 itr]:      606.036
[2019 sec, 33416239 itr]:      606.036
[2020 sec, 33434643 itr]:      606.036
[2021 sec, 33453026 itr]:      606.036
[2022 sec, 33471824 itr]:      606.036
[2023 sec, 33491297 itr]:      606.036
[2024 sec, 33510443 itr]:      606.036
[2025 sec, 33529390 itr]:      606.036
[2026 sec, 33529390 itr]:      606.036
[ optimality gap       ]:      100.00%
[2027 sec, 33548770 itr]:      606.036
[2028 sec, 33584969 itr]:      606.036
[2029 sec, 33602864 itr]:      606.036
[2030 sec, 33620410 itr]:      606.036
[2031 sec, 33638876 itr]:      606.036
[2032 sec, 33657829 itr]:      606.036
[2033 sec, 33676124 itr]:      606.036
[2034 sec, 33694934 itr]:      606.036
[2035 sec, 33714116 itr]:      606.036
[2036 sec, 33733170 itr]:      606.036
[ optimality gap       ]:      100.00%
[2037 sec, 33733170 itr]:      606.036
[2038 sec, 33770078 itr]:      606.036
[2039 sec, 33770078 itr]:      606.036
[2040 sec, 33807391 itr]:      606.036
[2041 sec, 33826233 itr]:      606.036
[2042 sec, 33845271 itr]:      606.036
[2043 sec, 33845271 itr]:      606.036
[2044 sec, 33864560 itr]:      606.036
[2045 sec, 33903458 itr]:      606.036
[2046 sec, 33903458 itr]:      606.036
[ optimality gap       ]:      100.00%
[2047 sec, 33942526 itr]:      606.036
[2048 sec, 33961911 itr]:      606.036
[2049 sec, 33981211 itr]:      606.036
[2050 sec, 33999724 itr]:      606.036
[2051 sec, 34018159 itr]:      606.036
[2052 sec, 34036528 itr]:      606.036
[2053 sec, 34036528 itr]:      606.036
[2054 sec, 34073689 itr]:      606.036
[2055 sec, 34092339 itr]:      606.036
[2056 sec, 34092339 itr]:      606.036
[ optimality gap       ]:      100.00%
[2057 sec, 34129701 itr]:      606.036
[2058 sec, 34148846 itr]:      606.036
[2059 sec, 34168019 itr]:      606.036
[2060 sec, 34186532 itr]:      606.036
[2061 sec, 34204514 itr]:      606.036
[2062 sec, 34222469 itr]:      606.036
[2063 sec, 34241014 itr]:      606.036
[2064 sec, 34260666 itr]:      606.036
[2065 sec, 34279476 itr]:      606.036
[2066 sec, 34299159 itr]:      606.036
[ optimality gap       ]:      100.00%
[2067 sec, 34318613 itr]:      606.036
[2068 sec, 34337207 itr]:      606.036
[2069 sec, 34354828 itr]:      606.036
[2070 sec, 34373102 itr]:      606.036
[2071 sec, 34391719 itr]:      606.036
[2072 sec, 34391719 itr]:      606.036
[2073 sec, 34410496 itr]:      606.036
[2074 sec, 34449468 itr]:      606.036
[2075 sec, 34468988 itr]:      606.036
[2076 sec, 34488796 itr]:      606.036
[ optimality gap       ]:      100.00%
[2077 sec, 34508393 itr]:      606.036
[2078 sec, 34527889 itr]:      606.036
[2079 sec, 34546721 itr]:      606.036
[2080 sec, 34566550 itr]:      606.036
[2081 sec, 34566550 itr]:      606.036
[2082 sec, 34604406 itr]:      606.036
[2083 sec, 34623062 itr]:      606.036
[2084 sec, 34642903 itr]:      606.036
[2085 sec, 34642903 itr]:      606.036
[2086 sec, 34662263 itr]:      606.036
[ optimality gap       ]:      100.00%
[2087 sec, 34700893 itr]:      606.036
[2088 sec, 34700893 itr]:      606.036
[2089 sec, 34739021 itr]:      606.036
[2090 sec, 34757698 itr]:      606.036
[2091 sec, 34777213 itr]:      606.036
[2092 sec, 34797247 itr]:      606.036
[2093 sec, 34797247 itr]:      606.036
[2094 sec, 34835446 itr]:      606.036
[2095 sec, 34855063 itr]:      606.036
[2096 sec, 34855063 itr]:      606.036
[ optimality gap       ]:      100.00%
[2097 sec, 34894557 itr]:      606.036
[2098 sec, 34894557 itr]:      606.036
[2099 sec, 34932506 itr]:      606.036
[2100 sec, 34951665 itr]:      606.036
[2101 sec, 34971486 itr]:      606.036
[2102 sec, 34991510 itr]:      606.036
[2103 sec, 35010474 itr]:      606.036
[2104 sec, 35029960 itr]:      606.036
[2105 sec, 35048827 itr]:      606.036
[2106 sec, 35068020 itr]:      606.036
[ optimality gap       ]:      100.00%
[2107 sec, 35087831 itr]:      606.036
[2108 sec, 35106682 itr]:      606.036
[2109 sec, 35125752 itr]:      606.036
[2110 sec, 35145052 itr]:      606.036
[2111 sec, 35164592 itr]:      606.036
[2112 sec, 35184286 itr]:      606.036
[2113 sec, 35184286 itr]:      606.036
[2114 sec, 35222883 itr]:      606.036
[2115 sec, 35241663 itr]:      606.036
[2116 sec, 35241663 itr]:      606.036
[ optimality gap       ]:      100.00%
[2117 sec, 35279665 itr]:      606.036
[2118 sec, 35299559 itr]:      606.036
[2119 sec, 35317726 itr]:      606.036
[2120 sec, 35335932 itr]:      606.036
[2121 sec, 35335932 itr]:      606.036
[2122 sec, 35354617 itr]:      606.036
[2123 sec, 35392848 itr]:      606.036
[2124 sec, 35411155 itr]:      606.036
[2125 sec, 35429635 itr]:      606.036
[2126 sec, 35448760 itr]:      606.036
[ optimality gap       ]:      100.00%
[2127 sec, 35468903 itr]:      606.036
[2128 sec, 35488532 itr]:      606.036
[2129 sec, 35507989 itr]:      606.036
[2130 sec, 35527317 itr]:      606.036
[2131 sec, 35547614 itr]:      606.036
[2132 sec, 35567058 itr]:      606.036
[2133 sec, 35586595 itr]:      606.036
[2134 sec, 35606257 itr]:      606.036
[2135 sec, 35624914 itr]:      606.036
[2136 sec, 35644245 itr]:      606.036
[ optimality gap       ]:      100.00%
[2137 sec, 35644245 itr]:      606.036
[2138 sec, 35681830 itr]:      606.036
[2139 sec, 35701605 itr]:      606.036
[2140 sec, 35720423 itr]:      606.036
[2141 sec, 35738973 itr]:      606.036
[2142 sec, 35758086 itr]:      606.036
[2143 sec, 35758086 itr]:      606.036
[2144 sec, 35798198 itr]:      606.036
[2145 sec, 35817362 itr]:      606.036
[2146 sec, 35836293 itr]:      606.036
[ optimality gap       ]:      100.00%
[2147 sec, 35855150 itr]:      606.036
[2148 sec, 35874848 itr]:      606.036
[2149 sec, 35895420 itr]:      606.036
[2150 sec, 35914334 itr]:      606.036
[2151 sec, 35933262 itr]:      606.036
[2152 sec, 35952482 itr]:      606.036
[2153 sec, 35972414 itr]:      606.036
[2154 sec, 35992537 itr]:      606.036
[2155 sec, 36012219 itr]:      606.036
[2156 sec, 36030960 itr]:      606.036
[ optimality gap       ]:      100.00%
[2157 sec, 36049541 itr]:      606.036
[2158 sec, 36068752 itr]:      606.036
[2159 sec, 36087927 itr]:      606.036
[2160 sec, 36107062 itr]:      606.036
[2161 sec, 36126095 itr]:      606.036
[2162 sec, 36145650 itr]:      606.036
[2163 sec, 36164771 itr]:      606.036
[2164 sec, 36184014 itr]:      606.036
[2165 sec, 36202770 itr]:      606.036
[2166 sec, 36221439 itr]:      606.036
[ optimality gap       ]:      100.00%
[2167 sec, 36241179 itr]:      606.036
[2168 sec, 36241179 itr]:      606.036
[2169 sec, 36280432 itr]:      606.036
[2170 sec, 36299420 itr]:      606.036
[2171 sec, 36317963 itr]:      606.036
[2172 sec, 36336475 itr]:      606.036
[2173 sec, 36355460 itr]:      606.036
[2174 sec, 36375142 itr]:      606.036
[2175 sec, 36395251 itr]:      606.036
[2176 sec, 36414103 itr]:      606.036
[ optimality gap       ]:      100.00%
[2177 sec, 36433086 itr]:      606.036
[2178 sec, 36452015 itr]:      606.036
[2179 sec, 36470836 itr]:      606.036
[2180 sec, 36490969 itr]:      606.036
[2181 sec, 36509688 itr]:      606.036
[2182 sec, 36528512 itr]:      606.036
[2183 sec, 36547238 itr]:      606.036
[2184 sec, 36565688 itr]:      606.036
[2185 sec, 36565688 itr]:      606.036
[2186 sec, 36604517 itr]:      606.036
[ optimality gap       ]:      100.00%
[2187 sec, 36623662 itr]:      606.036
[2188 sec, 36642775 itr]:      606.036
[2189 sec, 36661494 itr]:      606.036
[2190 sec, 36680411 itr]:      606.036
[2191 sec, 36699833 itr]:      606.036
[2192 sec, 36718850 itr]:      606.036
[2193 sec, 36738186 itr]:      606.036
[2194 sec, 36757019 itr]:      606.036
[2195 sec, 36775917 itr]:      606.036
[2196 sec, 36775917 itr]:      606.036
[ optimality gap       ]:      100.00%
[2197 sec, 36813076 itr]:      606.036
[2198 sec, 36832353 itr]:      606.036
[2199 sec, 36852163 itr]:      606.036
[2200 sec, 36852163 itr]:      606.036
[2201 sec, 36891068 itr]:      606.036
[2202 sec, 36910825 itr]:      606.036
[2203 sec, 36931179 itr]:      606.036
[2204 sec, 36951948 itr]:      606.036
[2205 sec, 36970828 itr]:      606.036
[2206 sec, 36990426 itr]:      606.036
[ optimality gap       ]:      100.00%
[2207 sec, 37010147 itr]:      606.036
[2208 sec, 37030798 itr]:      606.036
[2209 sec, 37030798 itr]:      606.036
[2210 sec, 37069697 itr]:      606.036
[2211 sec, 37088598 itr]:      606.036
[2212 sec, 37107624 itr]:      606.036
[2213 sec, 37126402 itr]:      606.036
[2214 sec, 37146417 itr]:      606.036
[2215 sec, 37146417 itr]:      606.036
[2216 sec, 37185220 itr]:      606.036
[ optimality gap       ]:      100.00%
[2217 sec, 37185220 itr]:      606.036
[2218 sec, 37222892 itr]:      606.036
[2219 sec, 37222892 itr]:      606.036
[2220 sec, 37262928 itr]:      606.036
[2221 sec, 37262928 itr]:      606.036
[2222 sec, 37301353 itr]:      606.036
[2223 sec, 37301353 itr]:      606.036
[2224 sec, 37338704 itr]:      606.036
[2225 sec, 37357888 itr]:      606.036
[2226 sec, 37377482 itr]:      606.036
[ optimality gap       ]:      100.00%
[2227 sec, 37396406 itr]:      606.036
[2228 sec, 37415675 itr]:      606.036
[2229 sec, 37434743 itr]:      606.036
[2230 sec, 37454187 itr]:      606.036
[2231 sec, 37473119 itr]:      606.036
[2232 sec, 37492564 itr]:      606.036
[2233 sec, 37511458 itr]:      606.036
[2234 sec, 37531997 itr]:      606.036
[2235 sec, 37552450 itr]:      606.036
[2236 sec, 37571953 itr]:      606.036
[ optimality gap       ]:      100.00%
[2237 sec, 37591289 itr]:      606.036
[2238 sec, 37610299 itr]:      606.036
[2239 sec, 37629675 itr]:      606.036
[2240 sec, 37629675 itr]:      606.036
[2241 sec, 37667821 itr]:      606.036
[2242 sec, 37686877 itr]:      606.036
[2243 sec, 37706184 itr]:      606.036
[2244 sec, 37725705 itr]:      606.036
[2245 sec, 37744980 itr]:      606.036
[2246 sec, 37744980 itr]:      606.036
[ optimality gap       ]:      100.00%
[2247 sec, 37764576 itr]:      606.036
[2248 sec, 37784006 itr]:      606.036
[2249 sec, 37823060 itr]:      606.036
[2250 sec, 37842431 itr]:      606.036
[2251 sec, 37842431 itr]:      606.036
[2252 sec, 37882113 itr]:      606.036
[2253 sec, 37901932 itr]:      606.036
[2254 sec, 37922676 itr]:      606.036
[2255 sec, 37941857 itr]:      606.036
[2256 sec, 37960889 itr]:      606.036
[ optimality gap       ]:      100.00%
[2257 sec, 37980061 itr]:      606.036
[2258 sec, 37999562 itr]:      606.036
[2259 sec, 38017764 itr]:      606.036
[2260 sec, 38036641 itr]:      606.036
[2261 sec, 38055388 itr]:      606.036
[2262 sec, 38074053 itr]:      606.036
[2263 sec, 38093647 itr]:      606.036
[2264 sec, 38112695 itr]:      606.036
[2265 sec, 38112695 itr]:      606.036
[2266 sec, 38150199 itr]:      606.036
[ optimality gap       ]:      100.00%
[2267 sec, 38168869 itr]:      606.036
[2268 sec, 38168869 itr]:      606.036
[2269 sec, 38208073 itr]:      606.036
[2270 sec, 38226912 itr]:      606.036
[2271 sec, 38246512 itr]:      606.036
[2272 sec, 38265849 itr]:      606.036
[2273 sec, 38284637 itr]:      606.036
[2274 sec, 38304084 itr]:      606.036
[2275 sec, 38322742 itr]:      606.036
[2276 sec, 38322742 itr]:      606.036
[ optimality gap       ]:      100.00%
[2277 sec, 38359101 itr]:      606.036
[2278 sec, 38377688 itr]:      606.036
[2279 sec, 38396425 itr]:      606.036
[2280 sec, 38415474 itr]:      606.036
[2281 sec, 38435903 itr]:      606.036
[2282 sec, 38456079 itr]:      606.036
[2283 sec, 38476780 itr]:      606.036
[2284 sec, 38497026 itr]:      606.036
[2285 sec, 38518527 itr]:      606.036
[2286 sec, 38539800 itr]:      606.036
[ optimality gap       ]:      100.00%
[2287 sec, 38561191 itr]:      606.036
[2288 sec, 38561191 itr]:      606.036
[2289 sec, 38603122 itr]:      606.036
[2290 sec, 38625261 itr]:      606.036
[2291 sec, 38646112 itr]:      606.036
[2292 sec, 38667742 itr]:      606.036
[2293 sec, 38689396 itr]:      606.036
[2294 sec, 38711027 itr]:      606.036
[2295 sec, 38733626 itr]:      606.036
[2296 sec, 38755742 itr]:      606.036
[ optimality gap       ]:      100.00%
[2297 sec, 38755742 itr]:      606.036
[2298 sec, 38798927 itr]:      606.036
[2299 sec, 38820964 itr]:      606.036
[2300 sec, 38842924 itr]:      606.036
[2301 sec, 38842924 itr]:      606.036
[2302 sec, 38864437 itr]:      606.036
[2303 sec, 38907237 itr]:      606.036
[2304 sec, 38927424 itr]:      606.036
[2305 sec, 38947799 itr]:      606.036
[2306 sec, 38947799 itr]:      606.036
[ optimality gap       ]:      100.00%
[2307 sec, 38968562 itr]:      606.036
[2308 sec, 39011592 itr]:      606.036
[2309 sec, 39032734 itr]:      606.036
[2310 sec, 39054222 itr]:      606.036
[2311 sec, 39074989 itr]:      606.036
[2312 sec, 39074989 itr]:      606.036
[2313 sec, 39115719 itr]:      606.036
[2314 sec, 39136771 itr]:      606.036
[2315 sec, 39157914 itr]:      606.036
[2316 sec, 39157914 itr]:      606.036
[ optimality gap       ]:      100.00%
[2317 sec, 39178015 itr]:      606.036
[2318 sec, 39219031 itr]:      606.036
[2319 sec, 39219031 itr]:      606.036
[2320 sec, 39259664 itr]:      606.036
[2321 sec, 39259664 itr]:      606.036
[2322 sec, 39280345 itr]:      606.036
[2323 sec, 39322473 itr]:      606.036
[2324 sec, 39342993 itr]:      606.036
[2325 sec, 39364270 itr]:      606.036
[2326 sec, 39385940 itr]:      606.036
[ optimality gap       ]:      100.00%
[2327 sec, 39407616 itr]:      606.036
[2328 sec, 39428967 itr]:      606.036
[2329 sec, 39449664 itr]:      606.036
[2330 sec, 39471132 itr]:      606.036
[2331 sec, 39471132 itr]:      606.036
[2332 sec, 39514710 itr]:      606.036
[2333 sec, 39535373 itr]:      606.036
[2334 sec, 39556922 itr]:      606.036
[2335 sec, 39578011 itr]:      606.036
[2336 sec, 39600328 itr]:      606.036
[ optimality gap       ]:      100.00%
[2337 sec, 39600328 itr]:      606.036
[2338 sec, 39645009 itr]:      606.036
[2339 sec, 39645009 itr]:      606.036
[2340 sec, 39667845 itr]:      606.036
[2341 sec, 39711396 itr]:      606.036
[2342 sec, 39732994 itr]:      606.036
[2343 sec, 39732994 itr]:      606.036
[2344 sec, 39754600 itr]:      606.036
[2345 sec, 39797093 itr]:      606.036
[2346 sec, 39817474 itr]:      606.036
[ optimality gap       ]:      100.00%
[2347 sec, 39839020 itr]:      606.036
[2348 sec, 39839020 itr]:      606.036
[2349 sec, 39861571 itr]:      606.036
[2350 sec, 39905501 itr]:      606.036
[2351 sec, 39905501 itr]:      606.036
[2352 sec, 39948821 itr]:      606.036
[2353 sec, 39970689 itr]:      606.036
[2354 sec, 39991763 itr]:      606.036
[2355 sec, 39991763 itr]:      606.036
[2356 sec, 40012917 itr]:      606.036
[ optimality gap       ]:      100.00%
[2357 sec, 40034013 itr]:      606.036
[2358 sec, 40054726 itr]:      606.036
[2359 sec, 40094847 itr]:      606.036
[2360 sec, 40115135 itr]:      606.036
[2361 sec, 40136877 itr]:      606.036
[2362 sec, 40136877 itr]:      606.036
[2363 sec, 40180927 itr]:      606.036
[2364 sec, 40180927 itr]:      606.036
[2365 sec, 40224049 itr]:      606.036
[2366 sec, 40244680 itr]:      606.036
[ optimality gap       ]:      100.00%
[2367 sec, 40244680 itr]:      606.036
[2368 sec, 40286939 itr]:      606.036
[2369 sec, 40307781 itr]:      606.036
[2370 sec, 40307781 itr]:      606.036
[2371 sec, 40328033 itr]:      606.036
[2372 sec, 40370496 itr]:      606.036
[2373 sec, 40393066 itr]:      606.036
[2374 sec, 40414832 itr]:      606.036
[2375 sec, 40437679 itr]:      606.036
[2376 sec, 40437679 itr]:      606.036
[ optimality gap       ]:      100.00%
[2377 sec, 40460293 itr]:      606.036
[2378 sec, 40481869 itr]:      606.036
[2379 sec, 40503611 itr]:      606.036
[2380 sec, 40545871 itr]:      606.036
[2381 sec, 40567579 itr]:      606.036
[2382 sec, 40590348 itr]:      606.036
[2383 sec, 40612936 itr]:      606.036
[2384 sec, 40635921 itr]:      606.036
[2385 sec, 40635921 itr]:      606.036
[2386 sec, 40679976 itr]:      606.036
[ optimality gap       ]:      100.00%
[2387 sec, 40679976 itr]:      606.036
[2388 sec, 40701659 itr]:      606.036
[2389 sec, 40744544 itr]:      606.036
[2390 sec, 40744544 itr]:      606.036
[2391 sec, 40786974 itr]:      606.036
[2392 sec, 40786974 itr]:      606.036
[2393 sec, 40830216 itr]:      606.036
[2394 sec, 40851685 itr]:      606.036
[2395 sec, 40873093 itr]:      606.036
[2396 sec, 40893665 itr]:      606.036
[ optimality gap       ]:      100.00%
[2397 sec, 40914647 itr]:      606.036
[2398 sec, 40914647 itr]:      606.036
[2399 sec, 40957466 itr]:      606.036
[2400 sec, 40978688 itr]:      606.036
[2401 sec, 40978688 itr]:      606.036
[2402 sec, 41000245 itr]:      606.036
[2403 sec, 41043252 itr]:      606.036
[2404 sec, 41043252 itr]:      606.036
[2405 sec, 41085190 itr]:      606.036
[2406 sec, 41085190 itr]:      606.036
[ optimality gap       ]:      100.00%
[2407 sec, 41127512 itr]:      606.036
[2408 sec, 41148028 itr]:      606.036
[2409 sec, 41169283 itr]:      606.036
[2410 sec, 41169283 itr]:      606.036
[2411 sec, 41190612 itr]:      606.036
[2412 sec, 41232701 itr]:      606.036
[2413 sec, 41253974 itr]:      606.036
[2414 sec, 41275003 itr]:      606.036
[2415 sec, 41296681 itr]:      606.036
[2416 sec, 41296681 itr]:      606.036
[ optimality gap       ]:      100.00%
[2417 sec, 41339976 itr]:      606.036
[2418 sec, 41361223 itr]:      606.036
[2419 sec, 41382758 itr]:      606.036
[2420 sec, 41404746 itr]:      606.036
[2421 sec, 41404746 itr]:      606.036
[2422 sec, 41449642 itr]:      606.036
[2423 sec, 41472656 itr]:      606.036
[2424 sec, 41495125 itr]:      606.036
[2425 sec, 41495125 itr]:      606.036
[2426 sec, 41538568 itr]:      606.036
[ optimality gap       ]:      100.00%
[2427 sec, 41538568 itr]:      606.036
[2428 sec, 41583006 itr]:      606.036
[2429 sec, 41605609 itr]:      606.036
[2430 sec, 41605609 itr]:      606.036
[2431 sec, 41649994 itr]:      606.036
[2432 sec, 41671803 itr]:      606.036
[2433 sec, 41693105 itr]:      606.036
[2434 sec, 41693105 itr]:      606.036
[2435 sec, 41714679 itr]:      606.036
[2436 sec, 41736123 itr]:      606.036
[ optimality gap       ]:      100.00%
[2437 sec, 41756620 itr]:      606.036
[2438 sec, 41797997 itr]:      606.036
[2439 sec, 41797997 itr]:      606.036
[2440 sec, 41840837 itr]:      606.036
[2441 sec, 41861752 itr]:      606.036
[2442 sec, 41883334 itr]:      606.036
[2443 sec, 41883334 itr]:      606.036
[2444 sec, 41926730 itr]:      606.036
[2445 sec, 41926730 itr]:      606.036
[2446 sec, 41969705 itr]:      606.036
[ optimality gap       ]:      100.00%
[2447 sec, 41969705 itr]:      606.036
[2448 sec, 42010574 itr]:      606.036
[2449 sec, 42031410 itr]:      606.036
[2450 sec, 42051246 itr]:      606.036
[2451 sec, 42051246 itr]:      606.036
[2452 sec, 42071914 itr]:      606.036
[2453 sec, 42113210 itr]:      606.036
[2454 sec, 42133388 itr]:      606.036
[2455 sec, 42133388 itr]:      606.036
[2456 sec, 42154861 itr]:      606.036
[ optimality gap       ]:      100.00%
[2457 sec, 42198609 itr]:      606.036
[2458 sec, 42198609 itr]:      606.036
[2459 sec, 42220214 itr]:      606.036
[2460 sec, 42262456 itr]:      606.036
[2461 sec, 42262456 itr]:      606.036
[2462 sec, 42305907 itr]:      606.036
[2463 sec, 42305907 itr]:      606.036
[2464 sec, 42349210 itr]:      606.036
[2465 sec, 42349210 itr]:      606.036
[2466 sec, 42369925 itr]:      606.036
[ optimality gap       ]:      100.00%
[2467 sec, 42413522 itr]:      606.036
[2468 sec, 42434603 itr]:      606.036
[2469 sec, 42456061 itr]:      606.036
[2470 sec, 42477301 itr]:      606.036
[2471 sec, 42498676 itr]:      606.036
[2472 sec, 42520192 itr]:      606.036
[2473 sec, 42520192 itr]:      606.036
[2474 sec, 42563330 itr]:      606.036
[2475 sec, 42583868 itr]:      606.036
[2476 sec, 42583868 itr]:      606.036
[ optimality gap       ]:      100.00%
[2477 sec, 42626159 itr]:      606.036
[2478 sec, 42647320 itr]:      606.036
[2479 sec, 42668131 itr]:      606.036
[2480 sec, 42688686 itr]:      606.036
[2481 sec, 42709618 itr]:      606.036
[2482 sec, 42729254 itr]:      606.036
[2483 sec, 42749721 itr]:      606.036
[2484 sec, 42769312 itr]:      606.036
[2485 sec, 42788886 itr]:      606.036
[2486 sec, 42808919 itr]:      606.036
[ optimality gap       ]:      100.00%
[2487 sec, 42829778 itr]:      606.036
[2488 sec, 42829778 itr]:      606.036
[2489 sec, 42867887 itr]:      606.036
[2490 sec, 42887477 itr]:      606.036
[2491 sec, 42904912 itr]:      606.036
[2492 sec, 42923887 itr]:      606.036
[2493 sec, 42942792 itr]:      606.036
[2494 sec, 42962139 itr]:      606.036
[2495 sec, 42981393 itr]:      606.036
[2496 sec, 43002061 itr]:      606.036
[ optimality gap       ]:      100.00%
[2497 sec, 43022300 itr]:      606.036
[2498 sec, 43041522 itr]:      606.036
[2499 sec, 43060905 itr]:      606.036
[2500 sec, 43080137 itr]:      606.036
[2501 sec, 43099338 itr]:      606.036
[2502 sec, 43118201 itr]:      606.036
[2503 sec, 43139268 itr]:      606.036
[2504 sec, 43158751 itr]:      606.036
[2505 sec, 43178765 itr]:      606.036
[2506 sec, 43178765 itr]:      606.036
[ optimality gap       ]:      100.00%
[2507 sec, 43218018 itr]:      606.036
[2508 sec, 43237377 itr]:      606.036
[2509 sec, 43257158 itr]:      606.036
[2510 sec, 43277926 itr]:      606.036
[2511 sec, 43299084 itr]:      606.036
[2512 sec, 43299084 itr]:      606.036
[2513 sec, 43320325 itr]:      606.036
[2514 sec, 43360064 itr]:      606.036
[2515 sec, 43379956 itr]:      606.036
[2516 sec, 43399818 itr]:      606.036
[ optimality gap       ]:      100.00%
[2517 sec, 43399818 itr]:      606.036
[2518 sec, 43437700 itr]:      606.036
[2519 sec, 43437700 itr]:      606.036
[2520 sec, 43476295 itr]:      606.036
[2521 sec, 43494921 itr]:      606.036
[2522 sec, 43494921 itr]:      606.036
[2523 sec, 43534613 itr]:      606.036
[2524 sec, 43554552 itr]:      606.036
[2525 sec, 43574911 itr]:      606.036
[2526 sec, 43594099 itr]:      606.036
[ optimality gap       ]:      100.00%
[2527 sec, 43613076 itr]:      606.036
[2528 sec, 43613076 itr]:      606.036
[2529 sec, 43651445 itr]:      606.036
[2530 sec, 43671811 itr]:      606.036
[2531 sec, 43690334 itr]:      606.036
[2532 sec, 43709119 itr]:      606.036
[2533 sec, 43727418 itr]:      606.036
[2534 sec, 43727418 itr]:      606.036
[2535 sec, 43765505 itr]:      606.036
[2536 sec, 43784270 itr]:      606.036
[ optimality gap       ]:      100.00%
[2537 sec, 43803527 itr]:      606.036
[2538 sec, 43803527 itr]:      606.036
[2539 sec, 43841182 itr]:      606.036
[2540 sec, 43860263 itr]:      606.036
[2541 sec, 43860263 itr]:      606.036
[2542 sec, 43898954 itr]:      606.036
[2543 sec, 43918634 itr]:      606.036
[2544 sec, 43918634 itr]:      606.036
[2545 sec, 43959284 itr]:      606.036
[2546 sec, 43959284 itr]:      606.036
[ optimality gap       ]:      100.00%
[2547 sec, 43997826 itr]:      606.036
[2548 sec, 43997826 itr]:      606.036
[2549 sec, 44037386 itr]:      606.036
[2550 sec, 44037386 itr]:      606.036
[2551 sec, 44077269 itr]:      606.036
[2552 sec, 44098374 itr]:      606.036
[2553 sec, 44117516 itr]:      606.036
[2554 sec, 44136911 itr]:      606.036
[2555 sec, 44156745 itr]:      606.036
[2556 sec, 44176787 itr]:      606.036
[ optimality gap       ]:      100.00%
[2557 sec, 44197926 itr]:      606.036
[2558 sec, 44197926 itr]:      606.036
[2559 sec, 44237793 itr]:      606.036
[2560 sec, 44257585 itr]:      606.036
[2561 sec, 44276767 itr]:      606.036
[2562 sec, 44298355 itr]:      606.036
[2563 sec, 44318033 itr]:      606.036
[2564 sec, 44337514 itr]:      606.036
[2565 sec, 44357299 itr]:      606.036
[2566 sec, 44376072 itr]:      606.036
[ optimality gap       ]:      100.00%
[2567 sec, 44395780 itr]:      606.036
[2568 sec, 44415844 itr]:      606.036
[2569 sec, 44415844 itr]:      606.036
[2570 sec, 44457052 itr]:      606.036
[2571 sec, 44476959 itr]:      606.036
[2572 sec, 44496261 itr]:      606.036
[2573 sec, 44515884 itr]:      606.036
[2574 sec, 44535217 itr]:      606.036
[2575 sec, 44555310 itr]:      606.036
[2576 sec, 44575861 itr]:      606.036
[ optimality gap       ]:      100.00%
[2577 sec, 44595398 itr]:      606.036
[2578 sec, 44614533 itr]:      606.036
[2579 sec, 44614533 itr]:      606.036
[2580 sec, 44655175 itr]:      606.036
[2581 sec, 44676131 itr]:      606.036
[2582 sec, 44695815 itr]:      606.036
[2583 sec, 44714919 itr]:      606.036
[2584 sec, 44734789 itr]:      606.036
[2585 sec, 44754533 itr]:      606.036
[2586 sec, 44773431 itr]:      606.036
[ optimality gap       ]:      100.00%
[2587 sec, 44793650 itr]:      606.036
[2588 sec, 44813940 itr]:      606.036
[2589 sec, 44833570 itr]:      606.036
[2590 sec, 44854270 itr]:      606.036
[2591 sec, 44873274 itr]:      606.036
[2592 sec, 44891948 itr]:      606.036
[2593 sec, 44911146 itr]:      606.036
[2594 sec, 44929927 itr]:      606.036
[2595 sec, 44929927 itr]:      606.036
[2596 sec, 44968688 itr]:      606.036
[ optimality gap       ]:      100.00%
[2597 sec, 44988266 itr]:      606.036
[2598 sec, 45007420 itr]:      606.036
[2599 sec, 45026007 itr]:      606.036
[2600 sec, 45046090 itr]:      606.036
[2601 sec, 45046090 itr]:      606.036
[2602 sec, 45083750 itr]:      606.036
[2603 sec, 45083750 itr]:      606.036
[2604 sec, 45121614 itr]:      606.036
[2605 sec, 45140268 itr]:      606.036
[2606 sec, 45159741 itr]:      606.036
[ optimality gap       ]:      100.00%
[2607 sec, 45159741 itr]:      606.036
[2608 sec, 45199024 itr]:      606.036
[2609 sec, 45218178 itr]:      606.036
[2610 sec, 45237134 itr]:      606.036
[2611 sec, 45256297 itr]:      606.036
[2612 sec, 45256297 itr]:      606.036
[2613 sec, 45295492 itr]:      606.036
[2614 sec, 45315643 itr]:      606.036
[2615 sec, 45334643 itr]:      606.036
[2616 sec, 45354770 itr]:      606.036
[ optimality gap       ]:      100.00%
[2617 sec, 45374742 itr]:      606.036
[2618 sec, 45394201 itr]:      606.036
[2619 sec, 45413632 itr]:      606.036
[2620 sec, 45434579 itr]:      606.036
[2621 sec, 45454678 itr]:      606.036
[2622 sec, 45474472 itr]:      606.036
[2623 sec, 45493808 itr]:      606.036
[2624 sec, 45512815 itr]:      606.036
[2625 sec, 45533378 itr]:      606.036
[2626 sec, 45552937 itr]:      606.036
[ optimality gap       ]:      100.00%
[2627 sec, 45571899 itr]:      606.036
[2628 sec, 45591178 itr]:      606.036
[2629 sec, 45610384 itr]:      606.036
[2630 sec, 45610384 itr]:      606.036
[2631 sec, 45651127 itr]:      606.036
[2632 sec, 45670982 itr]:      606.036
[2633 sec, 45690982 itr]:      606.036
[2634 sec, 45711115 itr]:      606.036
[2635 sec, 45731350 itr]:      606.036
[2636 sec, 45750928 itr]:      606.036
[ optimality gap       ]:      100.00%
[2637 sec, 45771825 itr]:      606.036
[2638 sec, 45771825 itr]:      606.036
[2639 sec, 45811114 itr]:      606.036
[2640 sec, 45830625 itr]:      606.036
[2641 sec, 45850712 itr]:      606.036
[2642 sec, 45871774 itr]:      606.036
[2643 sec, 45892143 itr]:      606.036
[2644 sec, 45911233 itr]:      606.036
[2645 sec, 45930901 itr]:      606.036
[2646 sec, 45950149 itr]:      606.036
[ optimality gap       ]:      100.00%
[2647 sec, 45950149 itr]:      606.036
[2648 sec, 45988929 itr]:      606.036
[2649 sec, 46008742 itr]:      606.036
[2650 sec, 46028455 itr]:      606.036
[2651 sec, 46028455 itr]:      606.036
[2652 sec, 46069452 itr]:      606.036
[2653 sec, 46088929 itr]:      606.036
[2654 sec, 46108965 itr]:      606.036
[2655 sec, 46108965 itr]:      606.036
[2656 sec, 46147994 itr]:      606.036
[ optimality gap       ]:      100.00%
[2657 sec, 46168345 itr]:      606.036
[2658 sec, 46168345 itr]:      606.036
[2659 sec, 46209683 itr]:      606.036
[2660 sec, 46230007 itr]:      606.036
[2661 sec, 46250056 itr]:      606.036
[2662 sec, 46270148 itr]:      606.036
[2663 sec, 46270148 itr]:      606.036
[2664 sec, 46309623 itr]:      606.036
[2665 sec, 46329666 itr]:      606.036
[2666 sec, 46351224 itr]:      606.036
[ optimality gap       ]:      100.00%
[2667 sec, 46372139 itr]:      606.036
[2668 sec, 46391962 itr]:      606.036
[2669 sec, 46410210 itr]:      606.036
[2670 sec, 46429315 itr]:      606.036
[2671 sec, 46448499 itr]:      606.036
[2672 sec, 46467842 itr]:      606.036
[2673 sec, 46488294 itr]:      606.036
[2674 sec, 46507440 itr]:      606.036
[2675 sec, 46526432 itr]:      606.036
[2676 sec, 46545914 itr]:      606.036
[ optimality gap       ]:      100.00%
[2677 sec, 46565448 itr]:      606.036
[2678 sec, 46584217 itr]:      606.036
[2679 sec, 46604094 itr]:      606.036
[2680 sec, 46604094 itr]:      606.036
[2681 sec, 46623661 itr]:      606.036
[2682 sec, 46662100 itr]:      606.036
[2683 sec, 46662100 itr]:      606.036
[2684 sec, 46699850 itr]:      606.036
[2685 sec, 46718554 itr]:      606.036
[2686 sec, 46737138 itr]:      606.036
[ optimality gap       ]:      100.00%
[2687 sec, 46737138 itr]:      606.036
[2688 sec, 46775713 itr]:      606.036
[2689 sec, 46796279 itr]:      606.036
[2690 sec, 46814891 itr]:      606.036
[2691 sec, 46833958 itr]:      606.036
[2692 sec, 46852554 itr]:      606.036
[2693 sec, 46871611 itr]:      606.036
[2694 sec, 46890611 itr]:      606.036
[2695 sec, 46910953 itr]:      606.036
[2696 sec, 46910953 itr]:      606.036
[ optimality gap       ]:      100.00%
[2697 sec, 46950311 itr]:      606.036
[2698 sec, 46969312 itr]:      606.036
[2699 sec, 46988685 itr]:      606.036
[2700 sec, 47007692 itr]:      606.036
[2701 sec, 47028826 itr]:      606.036
[2702 sec, 47048220 itr]:      606.036
[2703 sec, 47068707 itr]:      606.036
[2704 sec, 47087935 itr]:      606.036
[2705 sec, 47107915 itr]:      606.036
[2706 sec, 47127115 itr]:      606.036
[ optimality gap       ]:      100.00%
[2707 sec, 47148094 itr]:      606.036
[2708 sec, 47169188 itr]:      606.036
[2709 sec, 47187837 itr]:      606.036
[2710 sec, 47206468 itr]:      606.036
[2711 sec, 47225590 itr]:      606.036
[2712 sec, 47244511 itr]:      606.036
[2713 sec, 47262852 itr]:      606.036
[2714 sec, 47282045 itr]:      606.036
[2715 sec, 47302596 itr]:      606.036
[2716 sec, 47322193 itr]:      606.036
[ optimality gap       ]:      100.00%
[2717 sec, 47341044 itr]:      606.036
[2718 sec, 47341044 itr]:      606.036
[2719 sec, 47379914 itr]:      606.036
[2720 sec, 47379914 itr]:      606.036
[2721 sec, 47399732 itr]:      606.036
[2722 sec, 47438137 itr]:      606.036
[2723 sec, 47457679 itr]:      606.036
[2724 sec, 47477496 itr]:      606.036
[2725 sec, 47496868 itr]:      606.036
[2726 sec, 47516465 itr]:      606.036
[ optimality gap       ]:      100.00%
[2727 sec, 47535982 itr]:      606.036
[2728 sec, 47556003 itr]:      606.036
[2729 sec, 47556003 itr]:      606.036
[2730 sec, 47594734 itr]:      606.036
[2731 sec, 47614220 itr]:      606.036
[2732 sec, 47633556 itr]:      606.036
[2733 sec, 47633556 itr]:      606.036
[2734 sec, 47672299 itr]:      606.036
[2735 sec, 47672299 itr]:      606.036
[2736 sec, 47711698 itr]:      606.036
[ optimality gap       ]:      100.00%
[2737 sec, 47731602 itr]:      606.036
[2738 sec, 47751090 itr]:      606.036
[2739 sec, 47771011 itr]:      606.036
[2740 sec, 47790709 itr]:      606.036
[2741 sec, 47790709 itr]:      606.036
[2742 sec, 47829489 itr]:      606.036
[2743 sec, 47849548 itr]:      606.036
[2744 sec, 47870228 itr]:      606.036
[2745 sec, 47891139 itr]:      606.036
[2746 sec, 47911470 itr]:      606.036
[ optimality gap       ]:      100.00%
[2747 sec, 47930200 itr]:      606.036
[2748 sec, 47948862 itr]:      606.036
[2749 sec, 47968355 itr]:      606.036
[2750 sec, 47987891 itr]:      606.036
[2751 sec, 48008325 itr]:      606.036
[2752 sec, 48027050 itr]:      606.036
[2753 sec, 48046257 itr]:      606.036
[2754 sec, 48046257 itr]:      606.036
[2755 sec, 48065248 itr]:      606.036
[2756 sec, 48105843 itr]:      606.036
[ optimality gap       ]:      100.00%
[2757 sec, 48127019 itr]:      606.036
[2758 sec, 48148363 itr]:      606.036
[2759 sec, 48167949 itr]:      606.036
[2760 sec, 48186680 itr]:      606.036
[2761 sec, 48206062 itr]:      606.036
[2762 sec, 48227053 itr]:      606.036
[2763 sec, 48247088 itr]:      606.036
[2764 sec, 48266809 itr]:      606.036
[2765 sec, 48285230 itr]:      606.036
[2766 sec, 48303667 itr]:      606.036
[ optimality gap       ]:      100.00%
[2767 sec, 48322135 itr]:      606.036
[2768 sec, 48340731 itr]:      606.036
[2769 sec, 48359129 itr]:      606.036
[2770 sec, 48377814 itr]:      606.036
[2771 sec, 48398037 itr]:      606.036
[2772 sec, 48416646 itr]:      606.036
[2773 sec, 48435629 itr]:      606.036
[2774 sec, 48435629 itr]:      606.036
[2775 sec, 48474563 itr]:      606.036
[2776 sec, 48494115 itr]:      606.036
[ optimality gap       ]:      100.00%
[2777 sec, 48494115 itr]:      606.036
[2778 sec, 48533497 itr]:      606.036
[2779 sec, 48533497 itr]:      606.036
[2780 sec, 48571845 itr]:      606.036
[2781 sec, 48591695 itr]:      606.036
[2782 sec, 48613457 itr]:      606.036
[2783 sec, 48632959 itr]:      606.036
[2784 sec, 48652832 itr]:      606.036
[2785 sec, 48672203 itr]:      606.036
[2786 sec, 48691672 itr]:      606.036
[ optimality gap       ]:      100.00%
[2787 sec, 48711799 itr]:      606.036
[2788 sec, 48732328 itr]:      606.036
[2789 sec, 48732328 itr]:      606.036
[2790 sec, 48770362 itr]:      606.036
[2791 sec, 48789560 itr]:      606.036
[2792 sec, 48808818 itr]:      606.036
[2793 sec, 48828035 itr]:      606.036
[2794 sec, 48846680 itr]:      606.036
[2795 sec, 48865587 itr]:      606.036
[2796 sec, 48884617 itr]:      606.036
[ optimality gap       ]:      100.00%
[2797 sec, 48902993 itr]:      606.036
[2798 sec, 48922316 itr]:      606.036
[2799 sec, 48940884 itr]:      606.036
[2800 sec, 48960714 itr]:      606.036
[2801 sec, 48960714 itr]:      606.036
[2802 sec, 48999692 itr]:      606.036
[2803 sec, 49019090 itr]:      606.036
[2804 sec, 49038264 itr]:      606.036
[2805 sec, 49057283 itr]:      606.036
[2806 sec, 49075401 itr]:      606.036
[ optimality gap       ]:      100.00%
[2807 sec, 49095490 itr]:      606.036
[2808 sec, 49115175 itr]:      606.036
[2809 sec, 49134599 itr]:      606.036
[2810 sec, 49154000 itr]:      606.036
[2811 sec, 49173998 itr]:      606.036
[2812 sec, 49173998 itr]:      606.036
[2813 sec, 49211669 itr]:      606.036
[2814 sec, 49230696 itr]:      606.036
[2815 sec, 49249560 itr]:      606.036
[2816 sec, 49268227 itr]:      606.036
[ optimality gap       ]:      100.00%
[2817 sec, 49287793 itr]:      606.036
[2818 sec, 49306925 itr]:      606.036
[2819 sec, 49306925 itr]:      606.036
[2820 sec, 49345590 itr]:      606.036
[2821 sec, 49345590 itr]:      606.036
[2822 sec, 49385702 itr]:      606.036
[2823 sec, 49404978 itr]:      606.036
[2824 sec, 49423818 itr]:      606.036
[2825 sec, 49443076 itr]:      606.036
[2826 sec, 49464031 itr]:      606.036
[ optimality gap       ]:      100.00%
[2827 sec, 49483752 itr]:      606.036
[2828 sec, 49503223 itr]:      606.036
[2829 sec, 49522071 itr]:      606.036
[2830 sec, 49541203 itr]:      606.036
[2831 sec, 49541203 itr]:      606.036
[2832 sec, 49579180 itr]:      606.036
[2833 sec, 49599032 itr]:      606.036
[2834 sec, 49618649 itr]:      606.036
[2835 sec, 49618649 itr]:      606.036
[2836 sec, 49658488 itr]:      606.036
[ optimality gap       ]:      100.00%
[2837 sec, 49679029 itr]:      606.036
[2838 sec, 49698474 itr]:      606.036
[2839 sec, 49717873 itr]:      606.036
[2840 sec, 49738752 itr]:      606.036
[2841 sec, 49760194 itr]:      606.036
[2842 sec, 49779748 itr]:      606.036
[2843 sec, 49799002 itr]:      606.036
[2844 sec, 49818049 itr]:      606.036
[2845 sec, 49837832 itr]:      606.036
[2846 sec, 49858369 itr]:      606.036
[ optimality gap       ]:      100.00%
[2847 sec, 49877993 itr]:      606.036
[2848 sec, 49897802 itr]:      606.036
[2849 sec, 49917604 itr]:      606.036
[2850 sec, 49937284 itr]:      606.036
[2851 sec, 49956181 itr]:      606.036
[2852 sec, 49974882 itr]:      606.036
[2853 sec, 49995141 itr]:      606.036
[2854 sec, 49995141 itr]:      606.036
[2855 sec, 50034215 itr]:      606.036
[2856 sec, 50053682 itr]:      606.036
[ optimality gap       ]:      100.00%
[2857 sec, 50072349 itr]:      606.036
[2858 sec, 50091385 itr]:      606.036
[2859 sec, 50110063 itr]:      606.036
[2860 sec, 50110063 itr]:      606.036
[2861 sec, 50150320 itr]:      606.036
[2862 sec, 50150320 itr]:      606.036
[2863 sec, 50188918 itr]:      606.036
[2864 sec, 50208744 itr]:      606.036
[2865 sec, 50227706 itr]:      606.036
[2866 sec, 50246786 itr]:      606.036
[ optimality gap       ]:      100.00%
[2867 sec, 50266165 itr]:      606.036
[2868 sec, 50286412 itr]:      606.036
[2869 sec, 50305974 itr]:      606.036
[2870 sec, 50324873 itr]:      606.036
[2871 sec, 50343555 itr]:      606.036
[2872 sec, 50362256 itr]:      606.036
[2873 sec, 50381579 itr]:      606.036
[2874 sec, 50401452 itr]:      606.036
[2875 sec, 50401452 itr]:      606.036
[2876 sec, 50440705 itr]:      606.036
[ optimality gap       ]:      100.00%
[2877 sec, 50460484 itr]:      606.036
[2878 sec, 50480529 itr]:      606.036
[2879 sec, 50499314 itr]:      606.036
[2880 sec, 50517848 itr]:      606.036
[2881 sec, 50537660 itr]:      606.036
[2882 sec, 50537660 itr]:      606.036
[2883 sec, 50575927 itr]:      606.036
[2884 sec, 50594930 itr]:      606.036
[2885 sec, 50614431 itr]:      606.036
[2886 sec, 50614431 itr]:      606.036
[ optimality gap       ]:      100.00%
[2887 sec, 50653681 itr]:      606.036
[2888 sec, 50653681 itr]:      606.036
[2889 sec, 50692405 itr]:      606.036
[2890 sec, 50712166 itr]:      606.036
[2891 sec, 50732032 itr]:      606.036
[2892 sec, 50751177 itr]:      606.036
[2893 sec, 50770622 itr]:      606.036
[2894 sec, 50790163 itr]:      606.036
[2895 sec, 50809434 itr]:      606.036
[2896 sec, 50828041 itr]:      606.036
[ optimality gap       ]:      100.00%
[2897 sec, 50828041 itr]:      606.036
[2898 sec, 50865884 itr]:      606.036
[2899 sec, 50885449 itr]:      606.036
[2900 sec, 50904701 itr]:      606.036
[2901 sec, 50924506 itr]:      606.036
[2902 sec, 50943703 itr]:      606.036
[2903 sec, 50962846 itr]:      606.036
[2904 sec, 50982386 itr]:      606.036
[2905 sec, 51001825 itr]:      606.036
[2906 sec, 51001825 itr]:      606.036
[ optimality gap       ]:      100.00%
[2907 sec, 51040724 itr]:      606.036
[2908 sec, 51060098 itr]:      606.036
[2909 sec, 51078684 itr]:      606.036
[2910 sec, 51097465 itr]:      606.036
[2911 sec, 51116728 itr]:      606.036
[2912 sec, 51116728 itr]:      606.036
[2913 sec, 51153955 itr]:      606.036
[2914 sec, 51173095 itr]:      606.036
[2915 sec, 51193232 itr]:      606.036
[2916 sec, 51213110 itr]:      606.036
[ optimality gap       ]:      100.00%
[2917 sec, 51231835 itr]:      606.036
[2918 sec, 51231835 itr]:      606.036
[2919 sec, 51269314 itr]:      606.036
[2920 sec, 51289013 itr]:      606.036
[2921 sec, 51289013 itr]:      606.036
[2922 sec, 51309161 itr]:      606.036
[2923 sec, 51347623 itr]:      606.036
[2924 sec, 51367109 itr]:      606.036
[2925 sec, 51386326 itr]:      606.036
[2926 sec, 51405415 itr]:      606.036
[ optimality gap       ]:      100.00%
[2927 sec, 51424302 itr]:      606.036
[2928 sec, 51443425 itr]:      606.036
[2929 sec, 51462315 itr]:      606.036
[2930 sec, 51462315 itr]:      606.036
[2931 sec, 51499848 itr]:      606.036
[2932 sec, 51519331 itr]:      606.036
[2933 sec, 51538972 itr]:      606.036
[2934 sec, 51558333 itr]:      606.036
[2935 sec, 51577752 itr]:      606.036
[2936 sec, 51597340 itr]:      606.036
[ optimality gap       ]:      100.00%
[2937 sec, 51616489 itr]:      606.036
[2938 sec, 51616489 itr]:      606.036
[2939 sec, 51654922 itr]:      606.036
[2940 sec, 51674578 itr]:      606.036
[2941 sec, 51674578 itr]:      606.036
[2942 sec, 51714090 itr]:      606.036
[2943 sec, 51731926 itr]:      606.036
[2944 sec, 51751022 itr]:      606.036
[2945 sec, 51770069 itr]:      606.036
[2946 sec, 51788954 itr]:      606.036
[ optimality gap       ]:      100.00%
[2947 sec, 51807535 itr]:      606.036
[2948 sec, 51807535 itr]:      606.036
[2949 sec, 51845375 itr]:      606.036
[2950 sec, 51863794 itr]:      606.036
[2951 sec, 51882737 itr]:      606.036
[2952 sec, 51882737 itr]:      606.036
[2953 sec, 51920827 itr]:      606.036
[2954 sec, 51920827 itr]:      606.036
[2955 sec, 51958686 itr]:      606.036
[2956 sec, 51978321 itr]:      606.036
[ optimality gap       ]:      100.00%
[2957 sec, 51978321 itr]:      606.036
[2958 sec, 52016073 itr]:      606.036
[2959 sec, 52034817 itr]:      606.036
[2960 sec, 52054347 itr]:      606.036
[2961 sec, 52073241 itr]:      606.036
[2962 sec, 52092231 itr]:      606.036
[2963 sec, 52111493 itr]:      606.036
[2964 sec, 52111493 itr]:      606.036
[2965 sec, 52149489 itr]:      606.036
[2966 sec, 52168189 itr]:      606.036
[ optimality gap       ]:      100.00%
[2967 sec, 52187443 itr]:      606.036
[2968 sec, 52206897 itr]:      606.036
[2969 sec, 52206897 itr]:      606.036
[2970 sec, 52244833 itr]:      606.036
[2971 sec, 52244833 itr]:      606.036
[2972 sec, 52264080 itr]:      606.036
[2973 sec, 52301940 itr]:      606.036
[2974 sec, 52320641 itr]:      606.036
[2975 sec, 52320641 itr]:      606.036
[2976 sec, 52358338 itr]:      606.036
[ optimality gap       ]:      100.00%
[2977 sec, 52377310 itr]:      606.036
[2978 sec, 52396517 itr]:      606.036
[2979 sec, 52396517 itr]:      606.036
[2980 sec, 52435210 itr]:      606.036
[2981 sec, 52454567 itr]:      606.036
[2982 sec, 52474223 itr]:      606.036
[2983 sec, 52493687 itr]:      606.036
[2984 sec, 52512890 itr]:      606.036
[2985 sec, 52532342 itr]:      606.036
[2986 sec, 52551532 itr]:      606.036
[ optimality gap       ]:      100.00%
[2987 sec, 52551532 itr]:      606.036
[2988 sec, 52589767 itr]:      606.036
[2989 sec, 52608905 itr]:      606.036
[2990 sec, 52608905 itr]:      606.036
[2991 sec, 52628864 itr]:      606.036
[2992 sec, 52667684 itr]:      606.036
[2993 sec, 52687180 itr]:      606.036
[2994 sec, 52707459 itr]:      606.036
[2995 sec, 52726836 itr]:      606.036
[2996 sec, 52746736 itr]:      606.036
[ optimality gap       ]:      100.00%
[2997 sec, 52766215 itr]:      606.036
[2998 sec, 52766215 itr]:      606.036
[2999 sec, 52805478 itr]:      606.036
[3000 sec, 52825180 itr]:      606.036
[3001 sec, 52845012 itr]:      606.036
[3002 sec, 52864022 itr]:      606.036
[3003 sec, 52883959 itr]:      606.036
[3004 sec, 52904041 itr]:      606.036
[3005 sec, 52924023 itr]:      606.036
[3006 sec, 52944667 itr]:      606.036
[ optimality gap       ]:      100.00%
[3007 sec, 52964723 itr]:      606.036
[3008 sec, 52984175 itr]:      606.036
[3009 sec, 53003364 itr]:      606.036
[3010 sec, 53022255 itr]:      606.036
[3011 sec, 53042317 itr]:      606.036
[3012 sec, 53061724 itr]:      606.036
[3013 sec, 53081063 itr]:      606.036
[3014 sec, 53081063 itr]:      606.036
[3015 sec, 53099951 itr]:      606.036
[3016 sec, 53140055 itr]:      606.036
[ optimality gap       ]:      100.00%
[3017 sec, 53160095 itr]:      606.036
[3018 sec, 53179876 itr]:      606.036
[3019 sec, 53200344 itr]:      606.036
[3020 sec, 53220596 itr]:      606.036
[3021 sec, 53240292 itr]:      606.036
[3022 sec, 53260021 itr]:      606.036
[3023 sec, 53279803 itr]:      606.036
[3024 sec, 53299890 itr]:      606.036
[3025 sec, 53319710 itr]:      606.036
[3026 sec, 53338602 itr]:      606.036
[ optimality gap       ]:      100.00%
[3027 sec, 53358182 itr]:      606.036
[3028 sec, 53358182 itr]:      606.036
[3029 sec, 53398096 itr]:      606.036
[3030 sec, 53417587 itr]:      606.036
[3031 sec, 53437169 itr]:      606.036
[3032 sec, 53457464 itr]:      606.036
[3033 sec, 53457464 itr]:      606.036
[3034 sec, 53496789 itr]:      606.036
[3035 sec, 53496789 itr]:      606.036
[3036 sec, 53516056 itr]:      606.036
[ optimality gap       ]:      100.00%
[3037 sec, 53555808 itr]:      606.036
[3038 sec, 53575183 itr]:      606.036
[3039 sec, 53594303 itr]:      606.036
[3040 sec, 53613495 itr]:      606.036
[3041 sec, 53632589 itr]:      606.036
[3042 sec, 53651783 itr]:      606.036
[3043 sec, 53671353 itr]:      606.036
[3044 sec, 53690279 itr]:      606.036
[3045 sec, 53690279 itr]:      606.036
[3046 sec, 53730369 itr]:      606.036
[ optimality gap       ]:      100.00%
[3047 sec, 53749912 itr]:      606.036
[3048 sec, 53769699 itr]:      606.036
[3049 sec, 53788684 itr]:      606.036
[3050 sec, 53788684 itr]:      606.036
[3051 sec, 53828984 itr]:      606.036
[3052 sec, 53848267 itr]:      606.036
[3053 sec, 53868534 itr]:      606.036
[3054 sec, 53887812 itr]:      606.036
[3055 sec, 53906976 itr]:      606.036
[3056 sec, 53926217 itr]:      606.036
[ optimality gap       ]:      100.00%
[3057 sec, 53926217 itr]:      606.036
[3058 sec, 53965339 itr]:      606.036
[3059 sec, 53965339 itr]:      606.036
[3060 sec, 54004071 itr]:      606.036
[3061 sec, 54004071 itr]:      606.036
[3062 sec, 54044095 itr]:      606.036
[3063 sec, 54063986 itr]:      606.036
[3064 sec, 54083634 itr]:      606.036
[3065 sec, 54102989 itr]:      606.036
[3066 sec, 54102989 itr]:      606.036
[ optimality gap       ]:      100.00%
[3067 sec, 54122860 itr]:      606.036
[3068 sec, 54163773 itr]:      606.036
[3069 sec, 54183080 itr]:      606.036
[3070 sec, 54202369 itr]:      606.036
[3071 sec, 54222436 itr]:      606.036
[3072 sec, 54222436 itr]:      606.036
[3073 sec, 54262539 itr]:      606.036
[3074 sec, 54282032 itr]:      606.036
[3075 sec, 54302222 itr]:      606.036
[3076 sec, 54321815 itr]:      606.036
[ optimality gap       ]:      100.00%
[3077 sec, 54341566 itr]:      606.036
[3078 sec, 54360706 itr]:      606.036
[3079 sec, 54360706 itr]:      606.036
[3080 sec, 54401301 itr]:      606.036
[3081 sec, 54420793 itr]:      606.036
[3082 sec, 54440639 itr]:      606.036
[3083 sec, 54459964 itr]:      606.036
[3084 sec, 54479385 itr]:      606.036
[3085 sec, 54499618 itr]:      606.036
[3086 sec, 54520063 itr]:      606.036
[ optimality gap       ]:      100.00%
[3087 sec, 54541507 itr]:      606.036
[3088 sec, 54561771 itr]:      606.036
[3089 sec, 54581921 itr]:      606.036
[3090 sec, 54600528 itr]:      606.036
[3091 sec, 54620153 itr]:      606.036
[3092 sec, 54639953 itr]:      606.036
[3093 sec, 54660054 itr]:      606.036
[3094 sec, 54681684 itr]:      606.036
[3095 sec, 54701922 itr]:      606.036
[3096 sec, 54721059 itr]:      606.036
[ optimality gap       ]:      100.00%
[3097 sec, 54721059 itr]:      606.036
[3098 sec, 54760482 itr]:      606.036
[3099 sec, 54780319 itr]:      606.036
[3100 sec, 54799565 itr]:      606.036
[3101 sec, 54819960 itr]:      606.036
[3102 sec, 54839232 itr]:      606.036
[3103 sec, 54860236 itr]:      606.036
[3104 sec, 54879708 itr]:      606.036
[3105 sec, 54898973 itr]:      606.036
[3106 sec, 54919634 itr]:      606.036
[ optimality gap       ]:      100.00%
[3107 sec, 54939649 itr]:      606.036
[3108 sec, 54959110 itr]:      606.036
[3109 sec, 54959110 itr]:      606.036
[3110 sec, 54998180 itr]:      606.036
[3111 sec, 55018431 itr]:      606.036
[3112 sec, 55037997 itr]:      606.036
[3113 sec, 55056964 itr]:      606.036
[3114 sec, 55075532 itr]:      606.036
[3115 sec, 55095329 itr]:      606.036
[3116 sec, 55095329 itr]:      606.036
[ optimality gap       ]:      100.00%
[3117 sec, 55135170 itr]:      606.036
[3118 sec, 55135170 itr]:      606.036
[3119 sec, 55173753 itr]:      606.036
[3120 sec, 55173753 itr]:      606.036
[3121 sec, 55213862 itr]:      606.036
[3122 sec, 55232936 itr]:      606.036
[3123 sec, 55232936 itr]:      606.036
[3124 sec, 55273060 itr]:      606.036
[3125 sec, 55292038 itr]:      606.036
[3126 sec, 55292038 itr]:      606.036
[ optimality gap       ]:      100.00%
[3127 sec, 55312309 itr]:      606.036
[3128 sec, 55352240 itr]:      606.036
[3129 sec, 55371923 itr]:      606.036
[3130 sec, 55391990 itr]:      606.036
[3131 sec, 55412195 itr]:      606.036
[3132 sec, 55432437 itr]:      606.036
[3133 sec, 55452561 itr]:      606.036
[3134 sec, 55452561 itr]:      606.036
[3135 sec, 55492324 itr]:      606.036
[3136 sec, 55512119 itr]:      606.036
[ optimality gap       ]:      100.00%
[3137 sec, 55531666 itr]:      606.036
[3138 sec, 55551799 itr]:      606.036
[3139 sec, 55571673 itr]:      606.036
[3140 sec, 55590973 itr]:      606.036
[3141 sec, 55610344 itr]:      606.036
[3142 sec, 55610344 itr]:      606.036
[3143 sec, 55650002 itr]:      606.036
[3144 sec, 55669745 itr]:      606.036
[3145 sec, 55689893 itr]:      606.036
[3146 sec, 55709050 itr]:      606.036
[ optimality gap       ]:      100.00%
[3147 sec, 55728286 itr]:      606.036
[3148 sec, 55747285 itr]:      606.036
[3149 sec, 55767315 itr]:      606.036
[3150 sec, 55786355 itr]:      606.036
[3151 sec, 55786355 itr]:      606.036
[3152 sec, 55824740 itr]:      606.036
[3153 sec, 55824740 itr]:      606.036
[3154 sec, 55864057 itr]:      606.036
[3155 sec, 55883269 itr]:      606.036
[3156 sec, 55883269 itr]:      606.036
[ optimality gap       ]:      100.00%
[3157 sec, 55922545 itr]:      606.036
[3158 sec, 55942456 itr]:      606.036
[3159 sec, 55962213 itr]:      606.036
[3160 sec, 55962213 itr]:      606.036
[3161 sec, 56001774 itr]:      606.036
[3162 sec, 56021726 itr]:      606.036
[3163 sec, 56041775 itr]:      606.036
[3164 sec, 56061749 itr]:      606.036
[3165 sec, 56061749 itr]:      606.036
[3166 sec, 56081468 itr]:      606.036
[ optimality gap       ]:      100.00%
[3167 sec, 56120375 itr]:      606.036
[3168 sec, 56140289 itr]:      606.036
[3169 sec, 56140289 itr]:      606.036
[3170 sec, 56179566 itr]:      606.036
[3171 sec, 56179566 itr]:      606.036
[3172 sec, 56219664 itr]:      606.036
[3173 sec, 56239837 itr]:      606.036
[3174 sec, 56259894 itr]:      606.036
[3175 sec, 56279382 itr]:      606.036
[3176 sec, 56279382 itr]:      606.036
[ optimality gap       ]:      100.00%
[3177 sec, 56317770 itr]:      606.036
[3178 sec, 56336978 itr]:      606.036
[3179 sec, 56357217 itr]:      606.036
[3180 sec, 56376865 itr]:      606.036
[3181 sec, 56396735 itr]:      606.036
[3182 sec, 56416086 itr]:      606.036
[3183 sec, 56435234 itr]:      606.036
[3184 sec, 56454409 itr]:      606.036
[3185 sec, 56454409 itr]:      606.036
[3186 sec, 56493365 itr]:      606.036
[ optimality gap       ]:      100.00%
[3187 sec, 56512602 itr]:      606.036
[3188 sec, 56512602 itr]:      606.036
[3189 sec, 56533006 itr]:      606.036
[3190 sec, 56571774 itr]:      606.036
[3191 sec, 56591941 itr]:      606.036
[3192 sec, 56612893 itr]:      606.036
[3193 sec, 56632502 itr]:      606.036
[3194 sec, 56652421 itr]:      606.036
[3195 sec, 56671819 itr]:      606.036
[3196 sec, 56691779 itr]:      606.036
[ optimality gap       ]:      100.00%
[3197 sec, 56712046 itr]:      606.036
[3198 sec, 56732228 itr]:      606.036
[3199 sec, 56751941 itr]:      606.036
[3200 sec, 56771372 itr]:      606.036
[3201 sec, 56771372 itr]:      606.036
[3202 sec, 56811422 itr]:      606.036
[3203 sec, 56830679 itr]:      606.036
[3204 sec, 56850687 itr]:      606.036
[3205 sec, 56869606 itr]:      606.036
[3206 sec, 56889483 itr]:      606.036
[ optimality gap       ]:      100.00%
[3207 sec, 56908824 itr]:      606.036
[3208 sec, 56928199 itr]:      606.036
[3209 sec, 56948538 itr]:      606.036
[3210 sec, 56968309 itr]:      606.036
[3211 sec, 56987891 itr]:      606.036
[3212 sec, 57007582 itr]:      606.036
[3213 sec, 57027336 itr]:      606.036
[3214 sec, 57046985 itr]:      606.036
[3215 sec, 57066039 itr]:      606.036
[3216 sec, 57084828 itr]:      606.036
[ optimality gap       ]:      100.00%
[3217 sec, 57104687 itr]:      606.036
[3218 sec, 57125100 itr]:      606.036
[3219 sec, 57145822 itr]:      606.036
[3220 sec, 57165306 itr]:      606.036
[3221 sec, 57185638 itr]:      606.036
[3222 sec, 57206664 itr]:      606.036
[3223 sec, 57206664 itr]:      606.036
[3224 sec, 57245359 itr]:      606.036
[3225 sec, 57245359 itr]:      606.036
[3226 sec, 57283474 itr]:      606.036
[ optimality gap       ]:      100.00%
[3227 sec, 57302827 itr]:      606.036
[3228 sec, 57323359 itr]:      606.036
[3229 sec, 57323359 itr]:      606.036
[3230 sec, 57363649 itr]:      606.036
[3231 sec, 57383541 itr]:      606.036
[3232 sec, 57403161 itr]:      606.036
[3233 sec, 57403161 itr]:      606.036
[3234 sec, 57442672 itr]:      606.036
[3235 sec, 57461816 itr]:      606.036
[3236 sec, 57481515 itr]:      606.036
[ optimality gap       ]:      100.00%
[3237 sec, 57501177 itr]:      606.036
[3238 sec, 57521344 itr]:      606.036
[3239 sec, 57541617 itr]:      606.036
[3240 sec, 57560445 itr]:      606.036
[3241 sec, 57579101 itr]:      606.036
[3242 sec, 57597877 itr]:      606.036
[3243 sec, 57618147 itr]:      606.036
[3244 sec, 57637454 itr]:      606.036
[3245 sec, 57657267 itr]:      606.036
[3246 sec, 57677565 itr]:      606.036
[ optimality gap       ]:      100.00%
[3247 sec, 57696418 itr]:      606.036
[3248 sec, 57696418 itr]:      606.036
[3249 sec, 57715832 itr]:      606.036
[3250 sec, 57755334 itr]:      606.036
[3251 sec, 57774838 itr]:      606.036
[3252 sec, 57794254 itr]:      606.036
[3253 sec, 57813711 itr]:      606.036
[3254 sec, 57832833 itr]:      606.036
[3255 sec, 57851618 itr]:      606.036
[3256 sec, 57851618 itr]:      606.036
[ optimality gap       ]:      100.00%
[3257 sec, 57889782 itr]:      606.036
[3258 sec, 57889782 itr]:      606.036
[3259 sec, 57928918 itr]:      606.036
[3260 sec, 57948665 itr]:      606.036
[3261 sec, 57948665 itr]:      606.036
[3262 sec, 57988497 itr]:      606.036
[3263 sec, 58008542 itr]:      606.036
[3264 sec, 58028390 itr]:      606.036
[3265 sec, 58048376 itr]:      606.036
[3266 sec, 58068672 itr]:      606.036
[ optimality gap       ]:      100.00%
[3267 sec, 58087609 itr]:      606.036
[3268 sec, 58106342 itr]:      606.036
[3269 sec, 58106342 itr]:      606.036
[3270 sec, 58144561 itr]:      606.036
[3271 sec, 58144561 itr]:      606.036
[3272 sec, 58184821 itr]:      606.036
[3273 sec, 58204997 itr]:      606.036
[3274 sec, 58224534 itr]:      606.036
[3275 sec, 58224534 itr]:      606.036
[3276 sec, 58263089 itr]:      606.036
[ optimality gap       ]:      100.00%
[3277 sec, 58282707 itr]:      606.036
[3278 sec, 58302848 itr]:      606.036
[3279 sec, 58323268 itr]:      606.036
[3280 sec, 58343552 itr]:      606.036
[3281 sec, 58363482 itr]:      606.036
[3282 sec, 58383317 itr]:      606.036
[3283 sec, 58403238 itr]:      606.036
[3284 sec, 58422826 itr]:      606.036
[3285 sec, 58443214 itr]:      606.036
[3286 sec, 58463046 itr]:      606.036
[ optimality gap       ]:      100.00%
[3287 sec, 58483109 itr]:      606.036
[3288 sec, 58502935 itr]:      606.036
[3289 sec, 58523280 itr]:      606.036
[3290 sec, 58543425 itr]:      606.036
[3291 sec, 58563878 itr]:      606.036
[3292 sec, 58584245 itr]:      606.036
[3293 sec, 58604365 itr]:      606.036
[3294 sec, 58624048 itr]:      606.036
[3295 sec, 58643441 itr]:      606.036
[3296 sec, 58664212 itr]:      606.036
[ optimality gap       ]:      100.00%
[3297 sec, 58664212 itr]:      606.036
[3298 sec, 58684501 itr]:      606.036
[3299 sec, 58723847 itr]:      606.036
[3300 sec, 58743873 itr]:      606.036
[3301 sec, 58763608 itr]:      606.036
[3302 sec, 58782712 itr]:      606.036
[3303 sec, 58782712 itr]:      606.036
[3304 sec, 58822830 itr]:      606.036
[3305 sec, 58842773 itr]:      606.036
[3306 sec, 58862199 itr]:      606.036
[ optimality gap       ]:      100.00%
[3307 sec, 58881476 itr]:      606.036
[3308 sec, 58901133 itr]:      606.036
[3309 sec, 58901133 itr]:      606.036
[3310 sec, 58920422 itr]:      606.036
[3311 sec, 58959242 itr]:      606.036
[3312 sec, 58959242 itr]:      606.036
[3313 sec, 58978775 itr]:      606.036
[3314 sec, 59017219 itr]:      606.036
[3315 sec, 59036610 itr]:      606.036
[3316 sec, 59036610 itr]:      606.036
[ optimality gap       ]:      100.00%
[3317 sec, 59076788 itr]:      606.036
[3318 sec, 59096110 itr]:      606.036
[3319 sec, 59115647 itr]:      606.036
[3320 sec, 59115647 itr]:      606.036
[3321 sec, 59155265 itr]:      606.036
[3322 sec, 59174937 itr]:      606.036
[3323 sec, 59174937 itr]:      606.036
[3324 sec, 59213748 itr]:      606.036
[3325 sec, 59233075 itr]:      606.036
[3326 sec, 59252051 itr]:      606.036
[ optimality gap       ]:      100.00%
[3327 sec, 59252051 itr]:      606.036
[3328 sec, 59271810 itr]:      606.036
[3329 sec, 59311340 itr]:      606.036
[3330 sec, 59311340 itr]:      606.036
[3331 sec, 59350912 itr]:      606.036
[3332 sec, 59370919 itr]:      606.036
[3333 sec, 59391706 itr]:      606.036
[3334 sec, 59412424 itr]:      606.036
[3335 sec, 59412424 itr]:      606.036
[3336 sec, 59452019 itr]:      606.036
[ optimality gap       ]:      100.00%
[3337 sec, 59472189 itr]:      606.036
[3338 sec, 59492428 itr]:      606.036
[3339 sec, 59511856 itr]:      606.036
[3340 sec, 59531226 itr]:      606.036
[3341 sec, 59550859 itr]:      606.036
[3342 sec, 59550859 itr]:      606.036
[3343 sec, 59571244 itr]:      606.036
[3344 sec, 59611959 itr]:      606.036
[3345 sec, 59631488 itr]:      606.036
[3346 sec, 59650880 itr]:      606.036
[ optimality gap       ]:      100.00%
[3347 sec, 59670944 itr]:      606.036
[3348 sec, 59690864 itr]:      606.036
[3349 sec, 59710099 itr]:      606.036
[3350 sec, 59730660 itr]:      606.036
[3351 sec, 59749831 itr]:      606.036
[3352 sec, 59749831 itr]:      606.036
[3353 sec, 59768958 itr]:      606.036
[3354 sec, 59808418 itr]:      606.036
[3355 sec, 59808418 itr]:      606.036
[3356 sec, 59847819 itr]:      606.036
[ optimality gap       ]:      100.00%
[3357 sec, 59867404 itr]:      606.036
[3358 sec, 59887461 itr]:      606.036
[3359 sec, 59907282 itr]:      606.036
[3360 sec, 59926757 itr]:      606.036
[3361 sec, 59946454 itr]:      606.036
[3362 sec, 59946454 itr]:      606.036
[3363 sec, 59987024 itr]:      606.036
[3364 sec, 60007338 itr]:      606.036
[3365 sec, 60027552 itr]:      606.036
[3366 sec, 60047121 itr]:      606.036
[ optimality gap       ]:      100.00%
[3367 sec, 60066497 itr]:      606.036
[3368 sec, 60086055 itr]:      606.036
[3369 sec, 60106011 itr]:      606.036
[3370 sec, 60125627 itr]:      606.036
[3371 sec, 60145420 itr]:      606.036
[3372 sec, 60164980 itr]:      606.036
[3373 sec, 60184797 itr]:      606.036
[3374 sec, 60204772 itr]:      606.036
[3375 sec, 60224934 itr]:      606.036
[3376 sec, 60244553 itr]:      606.036
[ optimality gap       ]:      100.00%
[3377 sec, 60263996 itr]:      606.036
[3378 sec, 60263996 itr]:      606.036
[3379 sec, 60303619 itr]:      606.036
[3380 sec, 60323131 itr]:      606.036
[3381 sec, 60342294 itr]:      606.036
[3382 sec, 60362108 itr]:      606.036
[3383 sec, 60362108 itr]:      606.036
[3384 sec, 60401554 itr]:      606.036
[3385 sec, 60401554 itr]:      606.036
[3386 sec, 60441737 itr]:      606.036
[ optimality gap       ]:      100.00%
[3387 sec, 60460989 itr]:      606.036
[3388 sec, 60480065 itr]:      606.036
[3389 sec, 60499740 itr]:      606.036
[3390 sec, 60499740 itr]:      606.036
[3391 sec, 60539479 itr]:      606.036
[3392 sec, 60559791 itr]:      606.036
[3393 sec, 60578840 itr]:      606.036
[3394 sec, 60597935 itr]:      606.036
[3395 sec, 60617664 itr]:      606.036
[3396 sec, 60637844 itr]:      606.036
[ optimality gap       ]:      100.00%
[3397 sec, 60657448 itr]:      606.036
[3398 sec, 60677254 itr]:      606.036
[3399 sec, 60697271 itr]:      606.036
[3400 sec, 60697271 itr]:      606.036
[3401 sec, 60738614 itr]:      606.036
[3402 sec, 60759313 itr]:      606.036
[3403 sec, 60759313 itr]:      606.036
[3404 sec, 60779758 itr]:      606.036
[3405 sec, 60820270 itr]:      606.036
[3406 sec, 60840518 itr]:      606.036
[ optimality gap       ]:      100.00%
[3407 sec, 60859966 itr]:      606.036
[3408 sec, 60859966 itr]:      606.036
[3409 sec, 60900475 itr]:      606.036
[3410 sec, 60900475 itr]:      606.036
[3411 sec, 60939133 itr]:      606.036
[3412 sec, 60959039 itr]:      606.036
[3413 sec, 60979380 itr]:      606.036
[3414 sec, 60999090 itr]:      606.036
[3415 sec, 61018944 itr]:      606.036
[3416 sec, 61038875 itr]:      606.036
[ optimality gap       ]:      100.00%
[3417 sec, 61058688 itr]:      606.036
[3418 sec, 61078689 itr]:      606.036
[3419 sec, 61098556 itr]:      606.036
[3420 sec, 61117707 itr]:      606.036
[3421 sec, 61138108 itr]:      606.036
[3422 sec, 61157250 itr]:      606.036
[3423 sec, 61177299 itr]:      606.036
[3424 sec, 61196566 itr]:      606.036
[3425 sec, 61214976 itr]:      606.036
[3426 sec, 61234522 itr]:      606.036
[ optimality gap       ]:      100.00%
[3427 sec, 61254250 itr]:      606.036
[3428 sec, 61273779 itr]:      606.036
[3429 sec, 61292906 itr]:      606.036
[3430 sec, 61313002 itr]:      606.036
[3431 sec, 61331141 itr]:      606.036
[3432 sec, 61351287 itr]:      606.036
[3433 sec, 61351287 itr]:      606.036
[3434 sec, 61390457 itr]:      606.036
[3435 sec, 61390457 itr]:      606.036
[3436 sec, 61430318 itr]:      606.036
[ optimality gap       ]:      100.00%
[3437 sec, 61449389 itr]:      606.036
[3438 sec, 61468789 itr]:      606.036
[3439 sec, 61488194 itr]:      606.036
[3440 sec, 61507292 itr]:      606.036
[3441 sec, 61526388 itr]:      606.036
[3442 sec, 61545090 itr]:      606.036
[3443 sec, 61564875 itr]:      606.036
[3444 sec, 61583984 itr]:      606.036
[3445 sec, 61604066 itr]:      606.036
[3446 sec, 61623257 itr]:      606.036
[ optimality gap       ]:      100.00%
[3447 sec, 61642954 itr]:      606.036
[3448 sec, 61662686 itr]:      606.036
[3449 sec, 61682083 itr]:      606.036
[3450 sec, 61702167 itr]:      606.036
[3451 sec, 61722315 itr]:      606.036
[3452 sec, 61742738 itr]:      606.036
[3453 sec, 61763343 itr]:      606.036
[3454 sec, 61763343 itr]:      606.036
[3455 sec, 61784765 itr]:      606.036
[3456 sec, 61824799 itr]:      606.036
[ optimality gap       ]:      100.00%
[3457 sec, 61824799 itr]:      606.036
[3458 sec, 61864820 itr]:      606.036
[3459 sec, 61884438 itr]:      606.036
[3460 sec, 61884438 itr]:      606.036
[3461 sec, 61922751 itr]:      606.036
[3462 sec, 61941886 itr]:      606.036
[3463 sec, 61961579 itr]:      606.036
[3464 sec, 61961579 itr]:      606.036
[3465 sec, 62001662 itr]:      606.036
[3466 sec, 62001662 itr]:      606.036
[ optimality gap       ]:      100.00%
[3467 sec, 62041877 itr]:      606.036
[3468 sec, 62061770 itr]:      606.036
[3469 sec, 62081769 itr]:      606.036
[3470 sec, 62101370 itr]:      606.036
[3471 sec, 62121047 itr]:      606.036
[3472 sec, 62140262 itr]:      606.036
[3473 sec, 62140262 itr]:      606.036
[3474 sec, 62178739 itr]:      606.036
[3475 sec, 62197560 itr]:      606.036
[3476 sec, 62216221 itr]:      606.036
[ optimality gap       ]:      100.00%
[3477 sec, 62235018 itr]:      606.036
[3478 sec, 62255049 itr]:      606.036
[3479 sec, 62274509 itr]:      606.036
[3480 sec, 62293329 itr]:      606.036
[3481 sec, 62313319 itr]:      606.036
[3482 sec, 62332863 itr]:      606.036
[3483 sec, 62352777 itr]:      606.036
[3484 sec, 62372227 itr]:      606.036
[3485 sec, 62391491 itr]:      606.036
[3486 sec, 62391491 itr]:      606.036
[ optimality gap       ]:      100.00%
[3487 sec, 62430229 itr]:      606.036
[3488 sec, 62449660 itr]:      606.036
[3489 sec, 62469383 itr]:      606.036
[3490 sec, 62489889 itr]:      606.036
[3491 sec, 62510757 itr]:      606.036
[3492 sec, 62530952 itr]:      606.036
[3493 sec, 62550777 itr]:      606.036
[3494 sec, 62569788 itr]:      606.036
[3495 sec, 62589114 itr]:      606.036
[3496 sec, 62608178 itr]:      606.036
[ optimality gap       ]:      100.00%
[3497 sec, 62628949 itr]:      606.036
[3498 sec, 62648578 itr]:      606.036
[3499 sec, 62668102 itr]:      606.036
[3500 sec, 62687851 itr]:      606.036
[3501 sec, 62707301 itr]:      606.036
[3502 sec, 62727059 itr]:      606.036
[3503 sec, 62746072 itr]:      606.036
[3504 sec, 62765502 itr]:      606.036
[3505 sec, 62785548 itr]:      606.036
[3506 sec, 62805555 itr]:      606.036
[ optimality gap       ]:      100.00%
[3507 sec, 62805555 itr]:      606.036
[3508 sec, 62843806 itr]:      606.036
[3509 sec, 62863021 itr]:      606.036
[3510 sec, 62883429 itr]:      606.036
[3511 sec, 62903202 itr]:      606.036
[3512 sec, 62923058 itr]:      606.036
[3513 sec, 62943948 itr]:      606.036
[3514 sec, 62965334 itr]:      606.036
[3515 sec, 62986370 itr]:      606.036
[3516 sec, 63008407 itr]:      606.036
[ optimality gap       ]:      100.00%
[3517 sec, 63030570 itr]:      606.036
[3518 sec, 63052928 itr]:      606.036
[3519 sec, 63075261 itr]:      606.036
[3520 sec, 63097245 itr]:      606.036
[3521 sec, 63097245 itr]:      606.036
[3522 sec, 63141722 itr]:      606.036
[3523 sec, 63164339 itr]:      606.036
[3524 sec, 63164339 itr]:      606.036
[3525 sec, 63206089 itr]:      606.036
[3526 sec, 63226193 itr]:      606.036
[ optimality gap       ]:      100.00%
[3527 sec, 63245603 itr]:      606.036
[3528 sec, 63263977 itr]:      606.036
[3529 sec, 63282521 itr]:      606.036
[3530 sec, 63301464 itr]:      606.036
[3531 sec, 63322256 itr]:      606.036
[3532 sec, 63342225 itr]:      606.036
[3533 sec, 63360760 itr]:      606.036
[3534 sec, 63360760 itr]:      606.036
[3535 sec, 63380628 itr]:      606.036
[3536 sec, 63417703 itr]:      606.036
[ optimality gap       ]:      100.00%
[3537 sec, 63436556 itr]:      606.036
[3538 sec, 63436556 itr]:      606.036
[3539 sec, 63477341 itr]:      606.036
[3540 sec, 63498736 itr]:      606.036
[3541 sec, 63498736 itr]:      606.036
[3542 sec, 63537016 itr]:      606.036
[3543 sec, 63537016 itr]:      606.036
[3544 sec, 63577320 itr]:      606.036
[3545 sec, 63597842 itr]:      606.036
[3546 sec, 63617944 itr]:      606.036
[ optimality gap       ]:      100.00%
[3547 sec, 63636898 itr]:      606.036
[3548 sec, 63656390 itr]:      606.036
[3549 sec, 63675850 itr]:      606.036
[3550 sec, 63675850 itr]:      606.036
[3551 sec, 63716040 itr]:      606.036
[3552 sec, 63716040 itr]:      606.036
[3553 sec, 63754042 itr]:      606.036
[3554 sec, 63773256 itr]:      606.036
[3555 sec, 63793292 itr]:      606.036
[3556 sec, 63813097 itr]:      606.036
[ optimality gap       ]:      100.00%
[3557 sec, 63813097 itr]:      606.036
[3558 sec, 63851948 itr]:      606.036
[3559 sec, 63872315 itr]:      606.036
[3560 sec, 63872315 itr]:      606.036
[3561 sec, 63911134 itr]:      606.036
[3562 sec, 63930766 itr]:      606.036
[3563 sec, 63950952 itr]:      606.036
[3564 sec, 63970885 itr]:      606.036
[3565 sec, 63970885 itr]:      606.036
[3566 sec, 64009190 itr]:      606.036
[ optimality gap       ]:      100.00%
[3567 sec, 64028149 itr]:      606.036
[3568 sec, 64047903 itr]:      606.036
[3569 sec, 64067790 itr]:      606.036
[3570 sec, 64087152 itr]:      606.036
[3571 sec, 64106011 itr]:      606.036
[3572 sec, 64125256 itr]:      606.036
[3573 sec, 64145569 itr]:      606.036
[3574 sec, 64165203 itr]:      606.036
[3575 sec, 64185699 itr]:      606.036
[3576 sec, 64206914 itr]:      606.036
[ optimality gap       ]:      100.00%
[3577 sec, 64225908 itr]:      606.036
[3578 sec, 64245359 itr]:      606.036
[3579 sec, 64245359 itr]:      606.036
[3580 sec, 64283654 itr]:      606.036
[3581 sec, 64305860 itr]:      606.036
[3582 sec, 64325776 itr]:      606.036
[3583 sec, 64345362 itr]:      606.036
[3584 sec, 64345362 itr]:      606.036
[3585 sec, 64386015 itr]:      606.036
[3586 sec, 64407400 itr]:      606.036
[ optimality gap       ]:      100.00%
[3587 sec, 64427368 itr]:      606.036
[3588 sec, 64447315 itr]:      606.036
[3589 sec, 64466889 itr]:      606.036
[3590 sec, 64486555 itr]:      606.036
[3591 sec, 64486555 itr]:      606.036
[3592 sec, 64525926 itr]:      606.036
[3593 sec, 64545098 itr]:      606.036
[3594 sec, 64564270 itr]:      606.036
[3595 sec, 64583492 itr]:      606.036
[3596 sec, 64602295 itr]:      606.036
[ optimality gap       ]:      100.00%
[3597 sec, 64621386 itr]:      606.036
[3598 sec, 64621386 itr]:      606.036
[3599 sec, 64661411 itr]:      606.036
[3600 sec, 64682090 itr]:      606.036
[3600 sec, 64682090 itr]:      606.036
[ optimality gap       ]:      100.00%

64682090 iterations performed in 3600 seconds

Feasible solution: 
  obj    =      606.036
  gap    =      100.00%
  bounds =            0
Time limit reached, but a feasible solution is available
  objective value = 606.0357982254415
  status = HxSolutionStatus.FEASIBLE, iterations = 64682090, time = 3600.00s, gap = 100.00%

[15:06:13.048077] Saving solution to file: /dados/rmelo/PDPTW-SE/benchmark_multi_island_v5/official_experiments/mip_hexaly/set_02_pt_02/logs/form_melo_hx/solutions/06R_06V_02I_04M/lr202_sol_genconfig_melo_hx.txt

[15:06:13] Saving solution timeline to file: /dados/rmelo/PDPTW-SE/benchmark_multi_island_v5/official_experiments/mip_hexaly/set_02_pt_02/logs/form_melo_hx/timelines/06R_06V_02I_04M/lr202_timeline_genconfig_melo_hx.txt

[22/09/2025 15:06:13] Writing results to CSV: /dados/rmelo/PDPTW-SE/benchmark_multi_island_v5/official_experiments/mip_hexaly/set_02_pt_02/logs/form_melo_hx/outputs/csvresults_form_melo_hx.csv
---------------------| VEHICLES |---------------------

Vehicle 3 :
	id: 0
			node: 0
			(x, y, z): (35, 35, 0)
			dem: 0
			earl: 0
			lat: 1000
			servt: 0
			pid: 0
			did: 0
			servST: 454.7509612664569
			(h, h_ind): (-1, -1)
			load: 0.0
			
	Finished service at time: 454.7509612664569
	
	Task 0 -> Task 8: 26.25
	Vehicle arrival at task: 481.0009612664569
	Waiting time until service start time: -0.0
	
	id: 8
			node: 3
			(x, y, z): (10, 43, 0)
			dem: 9
			earl: 404
			lat: 481
			servt: 10
			pid: 0
			did: 55
			servST: 481.0
			(h, h_ind): (-1, -1)
			load: 9.0
			
	Finished service at time: 491.0
	
	Task 8 -> Task 12: 40.79
	Vehicle arrival at task: 531.79
	Waiting time until service start time: 0.75
	
	id: 12
			node: 6
			(x, y, z): (50, 35, 0)
			dem: 19
			earl: 0
			lat: 975
			servt: 10
			pid: 0
			did: 26
			servST: 532.5402254736581
			(h, h_ind): (-1, -1)
			load: 28.0
			
	Finished service at time: 542.5402254736581
	
	Task 12 -> Task 26: 7.07
	Vehicle arrival at task: 549.6102254736581
	Waiting time until service start time: 5.59
	
	id: 26
			node: 12
			(x, y, z): (45, 30, 0)
			dem: -19
			earl: 0
			lat: 978
			servt: 10
			pid: 12
			did: 0
			servST: 555.2043007525051
			(h, h_ind): (-1, -1)
			load: 9.0
			
	Finished service at time: 565.2043007525051
	
	Using Machine: 1
			Task 26 -> Machine 1 (Station 0): 8.54
			Vehicle arrival at machine station: 573.7443007525051
			Waiting time until machine travel: 2.13
			Machine travel start time: 575.8741860248756
			Region 0 -> Region 1: 14.14
			Machine arrival at machine station: 590.0141860248756
			
			Machine 1 (Station 1)-> Task 3: 4.47
			Vehicle arrival at task: 594.4841860248756
			Waiting time until service start time: 0.04
			
	id: 3
			node: 2
			(x, y, z): (55, 45, 1)
			dem: 13
			earl: 0
			lat: 967
			servt: 10
			pid: 0
			did: 100
			servST: 594.5219378111763
			(h, h_ind): (1, 0)
			load: 22.0
			
	Finished service at time: 604.5219378111763
	
	Using Machine: 0
			Task 3 -> Machine 0 (Station 1): 2.24
			Vehicle arrival at machine station: 606.7619378111763
			Waiting time until machine travel: 0.12
			Machine travel start time: 606.8865383834853
			Region 1 -> Region 0: 13.04
			Machine arrival at machine station: 619.9265383834853
			
			Machine 0 (Station 0)-> Task 55: 14.87
			Vehicle arrival at task: 634.7965383834853
			Waiting time until service start time: -0.0
			
	id: 55
			node: 9
			(x, y, z): (63, 23, 0)
			dem: -9
			earl: 620
			lat: 739
			servt: 10
			pid: 8
			did: 0
			servST: 634.7965383834852
			(h, h_ind): (0, 0)
			load: 13.0
			
	Finished service at time: 644.7965383834852
	
	Task 55 -> Task 2: 28.64
	Vehicle arrival at task: 673.4365383834852
	Waiting time until service start time: 3.09
	
	id: 2
			node: 1
			(x, y, z): (35, 17, 0)
			dem: 7
			earl: 0
			lat: 972
			servt: 10
			pid: 0
			did: 43
			servST: 676.5281075540635
			(h, h_ind): (-1, -1)
			load: 20.0
			
	Finished service at time: 686.5281075540635
	
	Task 2 -> Task 43: 18.44
	Vehicle arrival at task: 704.9681075540635
	Waiting time until service start time: 0.03
	
	id: 43
			node: 7
			(x, y, z): (23, 3, 0)
			dem: -7
			earl: 620
			lat: 705
			servt: 10
			pid: 2
			did: 0
			servST: 705.0
			(h, h_ind): (-1, -1)
			load: 13.0
			
	Finished service at time: 715.0
	
	Task 43 -> Task 100: 15.81
	Vehicle arrival at task: 730.81
	Waiting time until service start time: 67.19
	
	id: 100
			node: 8
			(x, y, z): (18, 18, 0)
			dem: -13
			earl: 798
			lat: 965
			servt: 10
			pid: 3
			did: 0
			servST: 798.0
			(h, h_ind): (-1, -1)
			load: 0.0
			
	Finished service at time: 808.0
	
	Task 100 -> Task 0: 24.04
	Vehicle arrival at task: 832.04
	Waiting time until service start time: -0.0
	
	id: 0
			node: 13
			(x, y, z): (35, 35, 0)
			dem: 0
			earl: 0
			lat: 1000
			servt: 0
			pid: 0
			did: 0
			servST: 832.0383415901782
			(h, h_ind): (-1, -1)
			load: 0.0
			

Vehicle 4 :
	id: 0
			node: 0
			(x, y, z): (35, 35, 0)
			dem: 0
			earl: 0
			lat: 1000
			servt: 0
			pid: 0
			did: 0
			servST: 266.82063780413046
			(h, h_ind): (-1, -1)
			load: 0.0
			
	Finished service at time: 266.82063780413046
	
	Using Machine: 2
			Task 0 -> Machine 2 (Station 0): 11.05
			Vehicle arrival at machine station: 277.87063780413047
			Waiting time until machine travel: 0.0
			Machine travel start time: 277.8706493696633
			Region 0 -> Region 1: 12.65
			Machine arrival at machine station: 290.52064936966326
			
			Machine 2 (Station 1)-> Task 11: 34.48
			Vehicle arrival at task: 325.0006493696633
			Waiting time until service start time: -0.0
			
	id: 11
			node: 5
			(x, y, z): (20, 65, 1)
			dem: 12
			earl: 206
			lat: 325
			servt: 10
			pid: 0
			did: 51
			servST: 325.0
			(h, h_ind): (2, 0)
			load: 12.0
			
	Finished service at time: 335.0
	
	Task 11 -> Task 51: 29.83
	Vehicle arrival at task: 364.83
	Waiting time until service start time: 14.35
	
	id: 51
			node: 11
			(x, y, z): (49, 58, 1)
			dem: -12
			earl: 348
			lat: 453
			servt: 10
			pid: 11
			did: 0
			servST: 379.18194031361276
			(h, h_ind): (-1, -1)
			load: 0.0
			
	Finished service at time: 389.18194031361276
	
	Task 51 -> Task 9: 6.32
	Vehicle arrival at task: 395.50194031361275
	Waiting time until service start time: 4.5
	
	id: 9
			node: 4
			(x, y, z): (55, 60, 1)
			dem: 16
			earl: 400
			lat: 497
			servt: 10
			pid: 0
			did: 90
			servST: 400.0
			(h, h_ind): (-1, -1)
			load: 16.0
			
	Finished service at time: 410.0
	
	Task 9 -> Task 90: 25.0
	Vehicle arrival at task: 435.0
	Waiting time until service start time: 0.0
	
	id: 90
			node: 10
			(x, y, z): (31, 67, 1)
			dem: -16
			earl: 392
			lat: 487
			servt: 10
			pid: 9
			did: 0
			servST: 435.0
			(h, h_ind): (-1, -1)
			load: 0.0
			
	Finished service at time: 445.0
	
	Using Machine: 2
			Task 90 -> Machine 2 (Station 1): 26.87
			Vehicle arrival at machine station: 471.87
			Waiting time until machine travel: -0.0
			Machine travel start time: 471.86905748244794
			Region 1 -> Region 0: 12.65
			Machine arrival at machine station: 484.5190574824479
			
			Machine 2 (Station 0)-> Task 0: 11.05
			Vehicle arrival at task: 495.56905748244793
			Waiting time until service start time: -0.0
			
	id: 0
			node: 13
			(x, y, z): (35, 35, 0)
			dem: 0
			earl: 0
			lat: 1000
			servt: 0
			pid: 0
			did: 0
			servST: 495.56905748244776
			(h, h_ind): (2, 1)
			load: 0.0
			

---------------------| MACHINES |---------------------

Machine 0 :
	setup duration: 13.04
	
	vehicle: 3
	vehicleInd: 5
	(orig, dest): (2, 9)
	(origID, destID): (3, 55)
	(origRegion, destRegion): (1, 0)
	st: 606.8865383834853
	duration: 13.04
	

Machine 1 :
	setup duration: 0.0
	
	vehicle: 3
	vehicleInd: 4
	(orig, dest): (12, 2)
	(origID, destID): (26, 3)
	(origRegion, destRegion): (0, 1)
	st: 575.8741860248756
	duration: 14.14
	

Machine 2 :
	setup duration: 0.0
	
	vehicle: 4
	vehicleInd: 1
	(orig, dest): (0, 5)
	(origID, destID): (0, 11)
	(origRegion, destRegion): (0, 1)
	st: 277.8706493696633
	duration: 12.65
	
	setup duration: 0.0
	
	vehicle: 4
	vehicleInd: 5
	(orig, dest): (10, 13)
	(origID, destID): (90, 0)
	(origRegion, destRegion): (1, 0)
	st: 471.86905748244794
	duration: 12.65
	

-------------------| COMPL. TIMES |-------------------

Vehicle 0 : 0.0
Vehicle 1 : 0.0
Vehicle 2 : 0.0
Vehicle 3 : 377.28738
Vehicle 4 : 228.74842
Vehicle 5 : 0.0
-------------------| STATISTICS |-------------------

    Vehicles used                           : 33.3333
    Machines used                           : 75.0
    Max load (vehicles)                     : 87.5
    Min load (vehicles)                     : 42.1053
    Mean load (vehicles)                    : 64.8026
    Min completion time                     : 22.8748
    Max completion time                     : 37.7287
    Mean completion time                    : 30.3018
    Avrg travel time (with vehicle)         : 2.6423
    Avrg travel time (only with vehicle)    : 1.7493
    Avrg travel time (no vehicle)           : 0.893
    Avrg waiting time (machine travel)      : 0.2988
    Avrg waiting time (service)             : 9.8875
    Machines travel times (with vehicle)    : [1.304, 2.828, 3.795, 0.0]
    Machines travel times (no vehicle)      : [0.0, 1.414, 1.265, 0.0]
    Max load per vehicle                    : [0.0, 0.0, 0.0, 87.5, 42.1053, 0.0]
----------------------------------------------------

TOTAL: 606.0358

Everything is awesome!
