alpha;avrg_machines_travel_time_no_vehicle;avrg_machines_travel_time_only_with_vehicle;avrg_machines_travel_time_with_vehicle;avrg_vehicles_waiting_time_for_a_machine_travel;avrg_vehicles_waiting_time_for_a_service;countImprovements;csvfilename;cutoff;cutoffmachs;depot_begin;depot_end;elevator;epsilon;epsilonCap;feasible;first_delivery;first_pickup;fullname;genconfigfile;genconfigfilename;grbFilename;greedy_service_order;group;gurobiCuts;infeasibleSol;initial_station;instPath;iteration;iterationToBest;largestUpdateOffset;lastSGreedySolValue;last_delivery;last_pickup;lmnsAcceptanceCriteria;lmnsGapToBiggerDestruction;lmnsGapToSmallerDestruction;lmnsMIPFocus;lmnsMetropolisTemp;lmnsRepairTime;lmnsReqRApplyMIPStart;lmnsSimulatedAnnealingCool;lmnsSimulatedAnnealingTemp;lmnsWeightShawDemandSim;lmnsWeightShawDistProx;lmnsWeightShawEarlProx;lmnsWeightShawSameRoute;lmnsa;lmnsr;lpImpr;lpRuns;make_instance_feasible;max_Q;max_completion_time;max_d;max_max_load_all_vehicles;max_q;max_s;maxiter;maxnodes;maxtime;meanLPImprPercentage;mean_completion_time;mean_max_load_all_vehicles;methodCode;methodType;min_completion_time;min_max_load_all_vehicles;mipPresolve;mipmaxtime;mslpa;mslpr;n;n_machines_used;n_vehicles_used;name;num_machs;output;outputFlagGrbLMNS;outputFlagGrbMIP;outputFlagGrbMSLP;percentageInfeasibleSol;percentageLPImpr;printsol;seed;solfilename;solver;solverMethod;startTime;suff_csv;suff_outputs;sumLPImprPercentage;threads;timeToBest;timelineFilename;totalTimeElapsed;type;typeUserCut;value;warmStart
0.1;0.01;0.06;0.07;0.0;0.0;6;/dados/rmelo/PDPTW-SE/benchmark_multi_floor_v3/official_experiments/multistartlp/preliminar/set_01_pt_03/logs/heur_mslp/outputs/csvresults_heur_mslp_bash_2.csv;0;3;1;18;1;0.0;0.5;true;10;2;lr107_t1_08R_08V_02F_03M;/dados/rmelo/PDPTW-SE/benchmark_multi_floor_v3/official_experiments/multistartlp/preliminar/set_01_pt_03/configs/genconfig_mslp.conf;genconfig_mslp;/dados/rmelo/PDPTW-SE/benchmark_multi_floor_v3/official_experiments/multistartlp/preliminar/set_01_pt_03/logs/heur_mslp/gurobi/08R_08V_02F_03M/lr107_grb_genconfig_mslp_seed_24_alpha_10p.log;random;08R_08V_02F_03M;1;0;1;/dados/rmelo/PDPTW-SE/benchmark_multi_floor_v3/official_experiments/multistartlp/preliminar/set_01_pt_03/../../../../instances/orig_ams_fg/08R_08V_02F_04M/t1/lr107/;60000;15;0;1132.66;17;9;H;50;95;0;100.0;30.0;true;0.95;100.0;1.0;1.0;1.0;1.0;60;M;60000;60000;false;40;0.94;80.43;0.88;20;10;1000000;-1;3600;15.99;0.73;0.6;mslp;heur;0.47;0.3;-1;3600;60000;I;8;1.0;0.62;lr107;0;/dados/rmelo/PDPTW-SE/benchmark_multi_floor_v3/official_experiments/multistartlp/preliminar/set_01_pt_03/logs;0;0;0;0.0;100.0;1;24;/dados/rmelo/PDPTW-SE/benchmark_multi_floor_v3/official_experiments/multistartlp/preliminar/set_01_pt_03/logs/heur_mslp/solutions/08R_08V_02F_03M/lr107_sol_genconfig_mslp_seed_24_alpha_10p.txt;Gurobi;AUTOMATIC;17.53;_bash_2;_seed_24_alpha_10p;9593.01;1;0.31;/dados/rmelo/PDPTW-SE/benchmark_multi_floor_v3/official_experiments/multistartlp/preliminar/set_01_pt_03/logs/heur_mslp/timelines/08R_08V_02F_03M/lr107_timeline_genconfig_mslp_seed_24_alpha_10p.txt;101.74;t1;0;843.14;false
0.1;0.0;0.01;0.02;0.0;0.0;8;/dados/rmelo/PDPTW-SE/benchmark_multi_floor_v3/official_experiments/multistartlp/preliminar/set_01_pt_03/logs/heur_mslp/outputs/csvresults_heur_mslp_bash_2.csv;0;3;1;18;1;0.0;0.5;true;10;2;lr210_t2_08R_08V_02F_03M;/dados/rmelo/PDPTW-SE/benchmark_multi_floor_v3/official_experiments/multistartlp/preliminar/set_01_pt_03/configs/genconfig_mslp.conf;genconfig_mslp;/dados/rmelo/PDPTW-SE/benchmark_multi_floor_v3/official_experiments/multistartlp/preliminar/set_01_pt_03/logs/heur_mslp/gurobi/08R_08V_02F_03M/lr210_grb_genconfig_mslp_seed_24_alpha_10p.log;random;08R_08V_02F_03M;1;853;1;/dados/rmelo/PDPTW-SE/benchmark_multi_floor_v3/official_experiments/multistartlp/preliminar/set_01_pt_03/../../../../instances/orig_ams_fg/08R_08V_02F_04M/t2/lr210/;60000;4722;0;1549.17;17;9;H;50;95;0;100.0;30.0;true;0.95;100.0;1.0;1.0;1.0;1.0;60;M;59147;59147;false;58;0.72;75.46;1.0;29;10;1000000;-1;3600;31.01;0.72;1.0;mslp;heur;0.72;1.0;-1;3600;60000;I;8;1.0;0.12;lr210;0;/dados/rmelo/PDPTW-SE/benchmark_multi_floor_v3/official_experiments/multistartlp/preliminar/set_01_pt_03/logs;0;0;0;1.42;100.0;1;24;/dados/rmelo/PDPTW-SE/benchmark_multi_floor_v3/official_experiments/multistartlp/preliminar/set_01_pt_03/logs/heur_mslp/solutions/08R_08V_02F_03M/lr210_sol_genconfig_mslp_seed_24_alpha_10p.txt;Gurobi;AUTOMATIC;17.39;_bash_2;_seed_24_alpha_10p;18339.23;1;10.2;/dados/rmelo/PDPTW-SE/benchmark_multi_floor_v3/official_experiments/multistartlp/preliminar/set_01_pt_03/logs/heur_mslp/timelines/08R_08V_02F_03M/lr210_timeline_genconfig_mslp_seed_24_alpha_10p.txt;123.03;t2;0;719.78;false
0.1;0.1;0.19;0.29;0.0;0.05;6;/dados/rmelo/PDPTW-SE/benchmark_multi_floor_v3/official_experiments/multistartlp/preliminar/set_01_pt_03/logs/heur_mslp/outputs/csvresults_heur_mslp_bash_2.csv;0;3;1;18;1;0.0;0.5;true;10;2;lr106_t1_08R_08V_04F_03M;/dados/rmelo/PDPTW-SE/benchmark_multi_floor_v3/official_experiments/multistartlp/preliminar/set_01_pt_03/configs/genconfig_mslp.conf;genconfig_mslp;/dados/rmelo/PDPTW-SE/benchmark_multi_floor_v3/official_experiments/multistartlp/preliminar/set_01_pt_03/logs/heur_mslp/gurobi/08R_08V_04F_03M/lr106_grb_genconfig_mslp_seed_24_alpha_10p.log;random;08R_08V_04F_03M;1;17076;1;/dados/rmelo/PDPTW-SE/benchmark_multi_floor_v3/official_experiments/multistartlp/preliminar/set_01_pt_03/../../../../instances/orig_ams_fg/08R_08V_04F_04M/t1/lr106/;60000;2136;0;1511.85;17;9;H;50;95;0;100.0;30.0;true;0.95;100.0;1.0;1.0;1.0;1.0;60;M;42924;42924;false;52;0.82;85.78;0.81;26;10;1000000;-1;3600;19.16;0.62;0.33;mslp;heur;0.35;0.09;-1;3600;60000;I;8;1.0;0.88;lr106;0;/dados/rmelo/PDPTW-SE/benchmark_multi_floor_v3/official_experiments/multistartlp/preliminar/set_01_pt_03/logs;0;0;0;28.46;100.0;1;24;/dados/rmelo/PDPTW-SE/benchmark_multi_floor_v3/official_experiments/multistartlp/preliminar/set_01_pt_03/logs/heur_mslp/solutions/08R_08V_04F_03M/lr106_sol_genconfig_mslp_seed_24_alpha_10p.txt;Gurobi;AUTOMATIC;17.46;_bash_2;_seed_24_alpha_10p;8224.82;1;4.0;/dados/rmelo/PDPTW-SE/benchmark_multi_floor_v3/official_experiments/multistartlp/preliminar/set_01_pt_03/logs/heur_mslp/timelines/08R_08V_04F_03M/lr106_timeline_genconfig_mslp_seed_24_alpha_10p.txt;95.04;t1;0;1010.71;false
0.1;0.01;0.03;0.04;0.0;0.0;11;/dados/rmelo/PDPTW-SE/benchmark_multi_floor_v3/official_experiments/multistartlp/preliminar/set_01_pt_03/logs/heur_mslp/outputs/csvresults_heur_mslp_bash_2.csv;0;3;1;18;1;0.0;0.5;true;10;2;lr209_t2_08R_08V_04F_03M;/dados/rmelo/PDPTW-SE/benchmark_multi_floor_v3/official_experiments/multistartlp/preliminar/set_01_pt_03/configs/genconfig_mslp.conf;genconfig_mslp;/dados/rmelo/PDPTW-SE/benchmark_multi_floor_v3/official_experiments/multistartlp/preliminar/set_01_pt_03/logs/heur_mslp/gurobi/08R_08V_04F_03M/lr209_grb_genconfig_mslp_seed_24_alpha_10p.log;random;08R_08V_04F_03M;1;0;1;/dados/rmelo/PDPTW-SE/benchmark_multi_floor_v3/official_experiments/multistartlp/preliminar/set_01_pt_03/../../../../instances/orig_ams_fg/08R_08V_04F_04M/t2/lr209/;60000;18075;0;1409.34;17;9;H;50;95;0;100.0;30.0;true;0.95;100.0;1.0;1.0;1.0;1.0;60;M;54464;60000;false;46;0.68;79.88;0.77;23;10;1000000;-1;3600;21.18;0.42;0.75;mslp;heur;0.16;0.74;-1;3600;60000;I;8;0.67;0.25;lr209;0;/dados/rmelo/PDPTW-SE/benchmark_multi_floor_v3/official_experiments/multistartlp/preliminar/set_01_pt_03/logs;0;0;0;0.0;90.77;1;24;/dados/rmelo/PDPTW-SE/benchmark_multi_floor_v3/official_experiments/multistartlp/preliminar/set_01_pt_03/logs/heur_mslp/solutions/08R_08V_04F_03M/lr209_sol_genconfig_mslp_seed_24_alpha_10p.txt;Gurobi;AUTOMATIC;17.7;_bash_2;_seed_24_alpha_10p;12707.92;1;45.48;/dados/rmelo/PDPTW-SE/benchmark_multi_floor_v3/official_experiments/multistartlp/preliminar/set_01_pt_03/logs/heur_mslp/timelines/08R_08V_04F_03M/lr209_timeline_genconfig_mslp_seed_24_alpha_10p.txt;148.88;t2;0;838.87;false
0.1;0.04;0.07;0.11;0.0;0.0;13;/dados/rmelo/PDPTW-SE/benchmark_multi_floor_v3/official_experiments/multistartlp/preliminar/set_01_pt_03/logs/heur_mslp/outputs/csvresults_heur_mslp_bash_2.csv;0;3;1;26;1;0.0;0.5;true;14;2;lr109_t1_12R_12V_02F_03M;/dados/rmelo/PDPTW-SE/benchmark_multi_floor_v3/official_experiments/multistartlp/preliminar/set_01_pt_03/configs/genconfig_mslp.conf;genconfig_mslp;/dados/rmelo/PDPTW-SE/benchmark_multi_floor_v3/official_experiments/multistartlp/preliminar/set_01_pt_03/logs/heur_mslp/gurobi/12R_12V_02F_03M/lr109_grb_genconfig_mslp_seed_24_alpha_10p.log;random;12R_12V_02F_03M;1;14561;1;/dados/rmelo/PDPTW-SE/benchmark_multi_floor_v3/official_experiments/multistartlp/preliminar/set_01_pt_03/../../../../instances/orig_ams_fg/12R_12V_02F_04M/t1/lr109/;60000;59134;0;1247.81;25;13;H;50;95;0;100.0;30.0;true;0.95;100.0;1.0;1.0;1.0;1.0;60;M;45439;45439;false;58;0.79;78.59;0.75;29;10;1000000;-1;3600;9.53;0.63;0.4;mslp;heur;0.53;0.21;-1;3600;60000;I;12;1.0;0.58;lr109;0;/dados/rmelo/PDPTW-SE/benchmark_multi_floor_v3/official_experiments/multistartlp/preliminar/set_01_pt_03/logs;0;0;0;24.27;100.0;1;24;/dados/rmelo/PDPTW-SE/benchmark_multi_floor_v3/official_experiments/multistartlp/preliminar/set_01_pt_03/logs/heur_mslp/solutions/12R_12V_02F_03M/lr109_sol_genconfig_mslp_seed_24_alpha_10p.txt;Gurobi;AUTOMATIC;17.53;_bash_2;_seed_24_alpha_10p;4330.06;1;112.61;/dados/rmelo/PDPTW-SE/benchmark_multi_floor_v3/official_experiments/multistartlp/preliminar/set_01_pt_03/logs/heur_mslp/timelines/12R_12V_02F_03M/lr109_timeline_genconfig_mslp_seed_24_alpha_10p.txt;114.29;t1;0;1006.42;false
0.1;0.0;0.02;0.02;0.0;0.0;17;/dados/rmelo/PDPTW-SE/benchmark_multi_floor_v3/official_experiments/multistartlp/preliminar/set_01_pt_03/logs/heur_mslp/outputs/csvresults_heur_mslp_bash_2.csv;0;3;1;26;1;0.0;0.5;true;14;2;lr207_t2_12R_12V_02F_03M;/dados/rmelo/PDPTW-SE/benchmark_multi_floor_v3/official_experiments/multistartlp/preliminar/set_01_pt_03/configs/genconfig_mslp.conf;genconfig_mslp;/dados/rmelo/PDPTW-SE/benchmark_multi_floor_v3/official_experiments/multistartlp/preliminar/set_01_pt_03/logs/heur_mslp/gurobi/12R_12V_02F_03M/lr207_grb_genconfig_mslp_seed_24_alpha_10p.log;random;12R_12V_02F_03M;1;0;1;/dados/rmelo/PDPTW-SE/benchmark_multi_floor_v3/official_experiments/multistartlp/preliminar/set_01_pt_03/../../../../instances/orig_ams_fg/12R_12V_02F_04M/t2/lr207/;60000;40415;0;1614.55;25;13;H;50;95;0;100.0;30.0;true;0.95;100.0;1.0;1.0;1.0;1.0;60;M;59954;60000;false;40;0.86;83.45;0.98;20;10;1000000;-1;3600;12.62;0.55;0.8;mslp;heur;0.23;0.62;-1;3600;60000;I;12;0.67;0.17;lr207;0;/dados/rmelo/PDPTW-SE/benchmark_multi_floor_v3/official_experiments/multistartlp/preliminar/set_01_pt_03/logs;0;0;0;0.0;99.92;1;24;/dados/rmelo/PDPTW-SE/benchmark_multi_floor_v3/official_experiments/multistartlp/preliminar/set_01_pt_03/logs/heur_mslp/solutions/12R_12V_02F_03M/lr207_sol_genconfig_mslp_seed_24_alpha_10p.txt;Gurobi;AUTOMATIC;17.56;_bash_2;_seed_24_alpha_10p;7574.74;1;155.6;/dados/rmelo/PDPTW-SE/benchmark_multi_floor_v3/official_experiments/multistartlp/preliminar/set_01_pt_03/logs/heur_mslp/timelines/12R_12V_02F_03M/lr207_timeline_genconfig_mslp_seed_24_alpha_10p.txt;230.88;t2;0;1093.31;false
0.1;0.2;0.29;0.49;0.0;0.01;12;/dados/rmelo/PDPTW-SE/benchmark_multi_floor_v3/official_experiments/multistartlp/preliminar/set_01_pt_03/logs/heur_mslp/outputs/csvresults_heur_mslp_bash_2.csv;0;3;1;26;1;0.0;0.5;true;14;2;lr106_t1_12R_12V_04F_03M;/dados/rmelo/PDPTW-SE/benchmark_multi_floor_v3/official_experiments/multistartlp/preliminar/set_01_pt_03/configs/genconfig_mslp.conf;genconfig_mslp;/dados/rmelo/PDPTW-SE/benchmark_multi_floor_v3/official_experiments/multistartlp/preliminar/set_01_pt_03/logs/heur_mslp/gurobi/12R_12V_04F_03M/lr106_grb_genconfig_mslp_seed_24_alpha_10p.log;random;12R_12V_04F_03M;1;40900;1;/dados/rmelo/PDPTW-SE/benchmark_multi_floor_v3/official_experiments/multistartlp/preliminar/set_01_pt_03/../../../../instances/orig_ams_fg/12R_12V_04F_04M/t1/lr106/;60000;9367;0;1746.43;25;13;H;50;95;0;100.0;30.0;true;0.95;100.0;1.0;1.0;1.0;1.0;60;M;19100;19100;false;52;1.0;86.16;0.83;26;10;1000000;-1;3600;11.41;0.68;0.38;mslp;heur;0.41;0.19;-1;3600;60000;I;12;1.0;0.75;lr106;0;/dados/rmelo/PDPTW-SE/benchmark_multi_floor_v3/official_experiments/multistartlp/preliminar/set_01_pt_03/logs;0;0;0;68.17;100.0;1;24;/dados/rmelo/PDPTW-SE/benchmark_multi_floor_v3/official_experiments/multistartlp/preliminar/set_01_pt_03/logs/heur_mslp/solutions/12R_12V_04F_03M/lr106_sol_genconfig_mslp_seed_24_alpha_10p.txt;Gurobi;AUTOMATIC;17.53;_bash_2;_seed_24_alpha_10p;2178.76;1;12.94;/dados/rmelo/PDPTW-SE/benchmark_multi_floor_v3/official_experiments/multistartlp/preliminar/set_01_pt_03/logs/heur_mslp/timelines/12R_12V_04F_03M/lr106_timeline_genconfig_mslp_seed_24_alpha_10p.txt;79.49;t1;0;1416.13;false
0.1;0.02;0.03;0.05;0.0;0.01;8;/dados/rmelo/PDPTW-SE/benchmark_multi_floor_v3/official_experiments/multistartlp/preliminar/set_01_pt_03/logs/heur_mslp/outputs/csvresults_heur_mslp_bash_2.csv;0;3;1;26;1;0.0;0.5;true;14;2;lr209_t2_12R_12V_04F_03M;/dados/rmelo/PDPTW-SE/benchmark_multi_floor_v3/official_experiments/multistartlp/preliminar/set_01_pt_03/configs/genconfig_mslp.conf;genconfig_mslp;/dados/rmelo/PDPTW-SE/benchmark_multi_floor_v3/official_experiments/multistartlp/preliminar/set_01_pt_03/logs/heur_mslp/gurobi/12R_12V_04F_03M/lr209_grb_genconfig_mslp_seed_24_alpha_10p.log;random;12R_12V_04F_03M;1;0;1;/dados/rmelo/PDPTW-SE/benchmark_multi_floor_v3/official_experiments/multistartlp/preliminar/set_01_pt_03/../../../../instances/orig_ams_fg/12R_12V_04F_04M/t2/lr209/;60000;21288;0;1621.85;25;13;H;50;95;0;100.0;30.0;true;0.95;100.0;1.0;1.0;1.0;1.0;60;M;60000;60000;false;46;0.71;91.85;0.87;23;10;1000000;-1;3600;13.52;0.6;0.76;mslp;heur;0.49;0.66;-1;3600;60000;I;12;1.0;0.17;lr209;0;/dados/rmelo/PDPTW-SE/benchmark_multi_floor_v3/official_experiments/multistartlp/preliminar/set_01_pt_03/logs;0;0;0;0.0;100.0;1;24;/dados/rmelo/PDPTW-SE/benchmark_multi_floor_v3/official_experiments/multistartlp/preliminar/set_01_pt_03/logs/heur_mslp/solutions/12R_12V_04F_03M/lr209_sol_genconfig_mslp_seed_24_alpha_10p.txt;Gurobi;AUTOMATIC;17.37;_bash_2;_seed_24_alpha_10p;8112.98;1;85.5;/dados/rmelo/PDPTW-SE/benchmark_multi_floor_v3/official_experiments/multistartlp/preliminar/set_01_pt_03/logs/heur_mslp/timelines/12R_12V_04F_03M/lr209_timeline_genconfig_mslp_seed_24_alpha_10p.txt;239.22;t2;0;1198.41;false
0.1;0.02;0.04;0.06;0.0;0.1;2;/dados/rmelo/PDPTW-SE/benchmark_multi_floor_v3/official_experiments/multistartlp/preliminar/set_01_pt_03/logs/heur_mslp/outputs/csvresults_heur_mslp_bash_2.csv;0;5;1;82;1;0.0;0.5;true;42;2;LR1_2_6_t1_40R_40V_02F_05M;/dados/rmelo/PDPTW-SE/benchmark_multi_floor_v3/official_experiments/multistartlp/preliminar/set_01_pt_03/configs/genconfig_mslp.conf;genconfig_mslp;/dados/rmelo/PDPTW-SE/benchmark_multi_floor_v3/official_experiments/multistartlp/preliminar/set_01_pt_03/logs/heur_mslp/gurobi/40R_40V_02F_05M/LR1_2_6_grb_genconfig_mslp_seed_24_alpha_10p.log;random;40R_40V_02F_05M;1;59135;1;/dados/rmelo/PDPTW-SE/benchmark_multi_floor_v3/official_experiments/multistartlp/preliminar/set_01_pt_03/../../../../instances/orig_ams_fg/40R_40V_02F_06M/t1/LR1_2_6/;60000;20145;0;9489.67;81;41;H;50;95;0;100.0;30.0;true;0.95;100.0;1.0;1.0;1.0;1.0;60;M;865;865;false;72;0.99;184.05;0.9;36;10;1000000;-1;3600;4.31;0.41;0.49;mslp;heur;0.22;0.14;-1;3600;60000;I;40;1.0;0.4;LR1_2_6;0;/dados/rmelo/PDPTW-SE/benchmark_multi_floor_v3/official_experiments/multistartlp/preliminar/set_01_pt_03/logs;0;0;0;98.56;100.0;1;24;/dados/rmelo/PDPTW-SE/benchmark_multi_floor_v3/official_experiments/multistartlp/preliminar/set_01_pt_03/logs/heur_mslp/solutions/40R_40V_02F_05M/LR1_2_6_sol_genconfig_mslp_seed_24_alpha_10p.txt;Gurobi;AUTOMATIC;17.53;_bash_2;_seed_24_alpha_10p;37.26;1;69.55;/dados/rmelo/PDPTW-SE/benchmark_multi_floor_v3/official_experiments/multistartlp/preliminar/set_01_pt_03/logs/heur_mslp/timelines/40R_40V_02F_05M/LR1_2_6_timeline_genconfig_mslp_seed_24_alpha_10p.txt;207.53;t1;0;7585.01;false
0.1;0.0;0.01;0.02;0.01;0.1;12;/dados/rmelo/PDPTW-SE/benchmark_multi_floor_v3/official_experiments/multistartlp/preliminar/set_01_pt_03/logs/heur_mslp/outputs/csvresults_heur_mslp_bash_2.csv;0;5;1;82;1;0.0;0.5;true;42;2;LR2_2_9_t2_40R_40V_02F_05M;/dados/rmelo/PDPTW-SE/benchmark_multi_floor_v3/official_experiments/multistartlp/preliminar/set_01_pt_03/configs/genconfig_mslp.conf;genconfig_mslp;/dados/rmelo/PDPTW-SE/benchmark_multi_floor_v3/official_experiments/multistartlp/preliminar/set_01_pt_03/logs/heur_mslp/gurobi/40R_40V_02F_05M/LR2_2_9_grb_genconfig_mslp_seed_24_alpha_10p.log;random;40R_40V_02F_05M;1;0;1;/dados/rmelo/PDPTW-SE/benchmark_multi_floor_v3/official_experiments/multistartlp/preliminar/set_01_pt_03/../../../../instances/orig_ams_fg/40R_40V_02F_06M/t2/LR2_2_9/;60000;54194;0;11648.27;81;41;H;50;95;0;100.0;30.0;true;0.95;100.0;1.0;1.0;1.0;1.0;60;M;60000;60000;false;74;0.77;179.34;1.0;37;10;1000000;-1;3600;7.33;0.64;0.98;mslp;heur;0.33;0.92;-1;3600;60000;I;40;1.0;0.12;LR2_2_9;0;/dados/rmelo/PDPTW-SE/benchmark_multi_floor_v3/official_experiments/multistartlp/preliminar/set_01_pt_03/logs;0;0;0;0.0;100.0;1;24;/dados/rmelo/PDPTW-SE/benchmark_multi_floor_v3/official_experiments/multistartlp/preliminar/set_01_pt_03/logs/heur_mslp/solutions/40R_40V_02F_05M/LR2_2_9_sol_genconfig_mslp_seed_24_alpha_10p.txt;Gurobi;AUTOMATIC;17.57;_bash_2;_seed_24_alpha_10p;4396.83;1;1144.12;/dados/rmelo/PDPTW-SE/benchmark_multi_floor_v3/official_experiments/multistartlp/preliminar/set_01_pt_03/logs/heur_mslp/timelines/40R_40V_02F_05M/LR2_2_9_timeline_genconfig_mslp_seed_24_alpha_10p.txt;1267.09;t2;0;8149.98;false
0.1;0.12;0.16;0.28;0.0;0.01;5;/dados/rmelo/PDPTW-SE/benchmark_multi_floor_v3/official_experiments/multistartlp/preliminar/set_01_pt_03/logs/heur_mslp/outputs/csvresults_heur_mslp_bash_2.csv;0;5;1;82;1;0.0;0.5;true;42;2;LR1_2_10_t1_40R_40V_04F_05M;/dados/rmelo/PDPTW-SE/benchmark_multi_floor_v3/official_experiments/multistartlp/preliminar/set_01_pt_03/configs/genconfig_mslp.conf;genconfig_mslp;/dados/rmelo/PDPTW-SE/benchmark_multi_floor_v3/official_experiments/multistartlp/preliminar/set_01_pt_03/logs/heur_mslp/gurobi/40R_40V_04F_05M/LR1_2_10_grb_genconfig_mslp_seed_24_alpha_10p.log;random;40R_40V_04F_05M;1;59450;1;/dados/rmelo/PDPTW-SE/benchmark_multi_floor_v3/official_experiments/multistartlp/preliminar/set_01_pt_03/../../../../instances/orig_ams_fg/40R_40V_04F_06M/t1/LR1_2_10/;60000;26971;0;8588.01;81;41;H;50;95;0;100.0;30.0;true;0.95;100.0;1.0;1.0;1.0;1.0;60;M;550;550;false;72;0.9;178.35;0.93;36;10;1000000;-1;3600;6.23;0.65;0.49;mslp;heur;0.21;0.08;-1;3600;60000;I;40;1.0;0.45;LR1_2_10;0;/dados/rmelo/PDPTW-SE/benchmark_multi_floor_v3/official_experiments/multistartlp/preliminar/set_01_pt_03/logs;0;0;0;99.08;100.0;1;24;/dados/rmelo/PDPTW-SE/benchmark_multi_floor_v3/official_experiments/multistartlp/preliminar/set_01_pt_03/logs/heur_mslp/solutions/40R_40V_04F_05M/LR1_2_10_sol_genconfig_mslp_seed_24_alpha_10p.txt;Gurobi;AUTOMATIC;17.45;_bash_2;_seed_24_alpha_10p;34.29;1;118.23;/dados/rmelo/PDPTW-SE/benchmark_multi_floor_v3/official_experiments/multistartlp/preliminar/set_01_pt_03/logs/heur_mslp/timelines/40R_40V_04F_05M/LR1_2_10_timeline_genconfig_mslp_seed_24_alpha_10p.txt;263.07;t1;0;7417.17;false
0.1;0.02;0.04;0.06;0.01;0.02;11;/dados/rmelo/PDPTW-SE/benchmark_multi_floor_v3/official_experiments/multistartlp/preliminar/set_01_pt_03/logs/heur_mslp/outputs/csvresults_heur_mslp_bash_2.csv;0;5;1;82;1;0.0;0.5;true;42;2;LR2_2_6_t2_40R_40V_04F_05M;/dados/rmelo/PDPTW-SE/benchmark_multi_floor_v3/official_experiments/multistartlp/preliminar/set_01_pt_03/configs/genconfig_mslp.conf;genconfig_mslp;/dados/rmelo/PDPTW-SE/benchmark_multi_floor_v3/official_experiments/multistartlp/preliminar/set_01_pt_03/logs/heur_mslp/gurobi/40R_40V_04F_05M/LR2_2_6_grb_genconfig_mslp_seed_24_alpha_10p.log;random;40R_40V_04F_05M;1;0;1;/dados/rmelo/PDPTW-SE/benchmark_multi_floor_v3/official_experiments/multistartlp/preliminar/set_01_pt_03/../../../../instances/orig_ams_fg/40R_40V_04F_06M/t2/LR2_2_6/;60000;49220;0;9976.09;81;41;H;50;95;0;100.0;30.0;true;0.95;100.0;1.0;1.0;1.0;1.0;60;M;60000;60000;false;80;0.9;192.66;1.0;40;10;1000000;-1;3600;3.17;0.79;0.88;mslp;heur;0.7;0.75;-1;3600;60000;I;40;1.0;0.1;LR2_2_6;0;/dados/rmelo/PDPTW-SE/benchmark_multi_floor_v3/official_experiments/multistartlp/preliminar/set_01_pt_03/logs;0;0;0;0.0;100.0;1;24;/dados/rmelo/PDPTW-SE/benchmark_multi_floor_v3/official_experiments/multistartlp/preliminar/set_01_pt_03/logs/heur_mslp/solutions/40R_40V_04F_05M/LR2_2_6_sol_genconfig_mslp_seed_24_alpha_10p.txt;Gurobi;AUTOMATIC;17.56;_bash_2;_seed_24_alpha_10p;1901.98;1;2096.48;/dados/rmelo/PDPTW-SE/benchmark_multi_floor_v3/official_experiments/multistartlp/preliminar/set_01_pt_03/logs/heur_mslp/timelines/40R_40V_04F_05M/LR2_2_6_timeline_genconfig_mslp_seed_24_alpha_10p.txt;2554.13;t2;0;7998.27;false
0.1;0.04;0.07;0.12;0.0;0.08;11;/dados/rmelo/PDPTW-SE/benchmark_multi_floor_v3/official_experiments/multistartlp/preliminar/set_01_pt_03/logs/heur_mslp/outputs/csvresults_heur_mslp_bash_2.csv;0;5;1;122;1;0.0;0.5;true;62;2;LR1_2_6_t1_60R_60V_02F_05M;/dados/rmelo/PDPTW-SE/benchmark_multi_floor_v3/official_experiments/multistartlp/preliminar/set_01_pt_03/configs/genconfig_mslp.conf;genconfig_mslp;/dados/rmelo/PDPTW-SE/benchmark_multi_floor_v3/official_experiments/multistartlp/preliminar/set_01_pt_03/logs/heur_mslp/gurobi/60R_60V_02F_05M/LR1_2_6_grb_genconfig_mslp_seed_24_alpha_10p.log;random;60R_60V_02F_05M;1;58082;1;/dados/rmelo/PDPTW-SE/benchmark_multi_floor_v3/official_experiments/multistartlp/preliminar/set_01_pt_03/../../../../instances/orig_ams_fg/60R_60V_02F_06M/t1/LR1_2_6/;60000;17692;0;11273.1;121;61;H;50;95;0;100.0;30.0;true;0.95;100.0;1.0;1.0;1.0;1.0;60;M;1918;1918;false;82;0.91;191.73;1.0;41;10;1000000;-1;3600;4.99;0.67;0.49;mslp;heur;0.26;0.09;-1;3600;60000;I;60;1.0;0.4;LR1_2_6;0;/dados/rmelo/PDPTW-SE/benchmark_multi_floor_v3/official_experiments/multistartlp/preliminar/set_01_pt_03/logs;0;0;0;96.8;100.0;1;24;/dados/rmelo/PDPTW-SE/benchmark_multi_floor_v3/official_experiments/multistartlp/preliminar/set_01_pt_03/logs/heur_mslp/solutions/60R_60V_02F_05M/LR1_2_6_sol_genconfig_mslp_seed_24_alpha_10p.txt;Gurobi;AUTOMATIC;17.82;_bash_2;_seed_24_alpha_10p;95.67;1;138.85;/dados/rmelo/PDPTW-SE/benchmark_multi_floor_v3/official_experiments/multistartlp/preliminar/set_01_pt_03/logs/heur_mslp/timelines/60R_60V_02F_05M/LR1_2_6_timeline_genconfig_mslp_seed_24_alpha_10p.txt;474.48;t1;0;10161.8;false
0.1;0.01;0.02;0.03;0.01;0.05;6;/dados/rmelo/PDPTW-SE/benchmark_multi_floor_v3/official_experiments/multistartlp/preliminar/set_01_pt_03/logs/heur_mslp/outputs/csvresults_heur_mslp_bash_2.csv;0;5;1;122;1;0.0;0.5;true;62;2;LR2_2_6_t2_60R_60V_02F_05M;/dados/rmelo/PDPTW-SE/benchmark_multi_floor_v3/official_experiments/multistartlp/preliminar/set_01_pt_03/configs/genconfig_mslp.conf;genconfig_mslp;/dados/rmelo/PDPTW-SE/benchmark_multi_floor_v3/official_experiments/multistartlp/preliminar/set_01_pt_03/logs/heur_mslp/gurobi/60R_60V_02F_05M/LR2_2_6_grb_genconfig_mslp_seed_24_alpha_10p.log;random;60R_60V_02F_05M;1;0;1;/dados/rmelo/PDPTW-SE/benchmark_multi_floor_v3/official_experiments/multistartlp/preliminar/set_01_pt_03/../../../../instances/orig_ams_fg/60R_60V_02F_06M/t2/LR2_2_6/;55951;38020;0;13471.94;121;61;H;50;95;0;100.0;30.0;true;0.95;100.0;1.0;1.0;1.0;1.0;60;M;55951;55951;false;80;0.87;185.63;0.98;40;10;1000000;-1;3600;5.24;0.68;0.92;mslp;heur;0.18;0.76;-1;3600;60000;I;60;1.0;0.1;LR2_2_6;0;/dados/rmelo/PDPTW-SE/benchmark_multi_floor_v3/official_experiments/multistartlp/preliminar/set_01_pt_03/logs;0;0;0;0.0;100.0;1;24;/dados/rmelo/PDPTW-SE/benchmark_multi_floor_v3/official_experiments/multistartlp/preliminar/set_01_pt_03/logs/heur_mslp/solutions/60R_60V_02F_05M/LR2_2_6_sol_genconfig_mslp_seed_24_alpha_10p.txt;Gurobi;AUTOMATIC;17.64;_bash_2;_seed_24_alpha_10p;2930.15;1;2448.86;/dados/rmelo/PDPTW-SE/benchmark_multi_floor_v3/official_experiments/multistartlp/preliminar/set_01_pt_03/logs/heur_mslp/timelines/60R_60V_02F_05M/LR2_2_6_timeline_genconfig_mslp_seed_24_alpha_10p.txt;3600.01;t2;0;10406.38;false
0.1;0.14;0.19;0.32;0.01;0.09;7;/dados/rmelo/PDPTW-SE/benchmark_multi_floor_v3/official_experiments/multistartlp/preliminar/set_01_pt_03/logs/heur_mslp/outputs/csvresults_heur_mslp_bash_2.csv;0;5;1;122;1;0.0;0.5;true;62;2;LR1_2_9_t1_60R_60V_04F_05M;/dados/rmelo/PDPTW-SE/benchmark_multi_floor_v3/official_experiments/multistartlp/preliminar/set_01_pt_03/configs/genconfig_mslp.conf;genconfig_mslp;/dados/rmelo/PDPTW-SE/benchmark_multi_floor_v3/official_experiments/multistartlp/preliminar/set_01_pt_03/logs/heur_mslp/gurobi/60R_60V_04F_05M/LR1_2_9_grb_genconfig_mslp_seed_24_alpha_10p.log;random;60R_60V_04F_05M;1;59943;1;/dados/rmelo/PDPTW-SE/benchmark_multi_floor_v3/official_experiments/multistartlp/preliminar/set_01_pt_03/../../../../instances/orig_ams_fg/60R_60V_04F_06M/t1/LR1_2_9/;60000;36881;0;14091.85;121;61;H;50;95;0;100.0;30.0;true;0.95;100.0;1.0;1.0;1.0;1.0;60;M;57;57;false;86;0.98;198.99;0.86;43;10;1000000;-1;3600;7.74;0.66;0.47;mslp;heur;0.35;0.14;-1;3600;60000;I;60;1.0;0.45;LR1_2_9;0;/dados/rmelo/PDPTW-SE/benchmark_multi_floor_v3/official_experiments/multistartlp/preliminar/set_01_pt_03/logs;0;0;0;99.9;100.0;1;24;/dados/rmelo/PDPTW-SE/benchmark_multi_floor_v3/official_experiments/multistartlp/preliminar/set_01_pt_03/logs/heur_mslp/solutions/60R_60V_04F_05M/LR1_2_9_sol_genconfig_mslp_seed_24_alpha_10p.txt;Gurobi;AUTOMATIC;17.74;_bash_2;_seed_24_alpha_10p;4.41;1;316.81;/dados/rmelo/PDPTW-SE/benchmark_multi_floor_v3/official_experiments/multistartlp/preliminar/set_01_pt_03/logs/heur_mslp/timelines/60R_60V_04F_05M/LR1_2_9_timeline_genconfig_mslp_seed_24_alpha_10p.txt;516.03;t1;0;12261.78;false
0.1;0.03;0.05;0.08;0.0;0.0;2;/dados/rmelo/PDPTW-SE/benchmark_multi_floor_v3/official_experiments/multistartlp/preliminar/set_01_pt_03/logs/heur_mslp/outputs/csvresults_heur_mslp_bash_2.csv;0;5;1;122;1;0.0;0.5;true;62;2;LR2_2_7_t2_60R_60V_04F_05M;/dados/rmelo/PDPTW-SE/benchmark_multi_floor_v3/official_experiments/multistartlp/preliminar/set_01_pt_03/configs/genconfig_mslp.conf;genconfig_mslp;/dados/rmelo/PDPTW-SE/benchmark_multi_floor_v3/official_experiments/multistartlp/preliminar/set_01_pt_03/logs/heur_mslp/gurobi/60R_60V_04F_05M/LR2_2_7_grb_genconfig_mslp_seed_24_alpha_10p.log;random;60R_60V_04F_05M;1;7853;1;/dados/rmelo/PDPTW-SE/benchmark_multi_floor_v3/official_experiments/multistartlp/preliminar/set_01_pt_03/../../../../instances/orig_ams_fg/60R_60V_04F_06M/t2/LR2_2_7/;31633;16029;0;12650.87;121;61;H;50;95;0;100.0;30.0;true;0.95;100.0;1.0;1.0;1.0;1.0;60;M;23780;23780;false;78;0.94;195.28;0.99;39;10;1000000;-1;3600;1.44;0.71;0.91;mslp;heur;0.22;0.74;-1;3600;60000;I;60;1.0;0.1;LR2_2_7;0;/dados/rmelo/PDPTW-SE/benchmark_multi_floor_v3/official_experiments/multistartlp/preliminar/set_01_pt_03/logs;0;0;0;24.83;100.0;1;24;/dados/rmelo/PDPTW-SE/benchmark_multi_floor_v3/official_experiments/multistartlp/preliminar/set_01_pt_03/logs/heur_mslp/solutions/60R_60V_04F_05M/LR2_2_7_sol_genconfig_mslp_seed_24_alpha_10p.txt;Gurobi;AUTOMATIC;18.07;_bash_2;_seed_24_alpha_10p;342.47;1;1828.76;/dados/rmelo/PDPTW-SE/benchmark_multi_floor_v3/official_experiments/multistartlp/preliminar/set_01_pt_03/logs/heur_mslp/timelines/60R_60V_04F_05M/LR2_2_7_timeline_genconfig_mslp_seed_24_alpha_10p.txt;3600.04;t2;0;10764.57;false
0.1;0.01;0.06;0.07;0.0;0.0;4;/dados/rmelo/PDPTW-SE/benchmark_multi_floor_v3/official_experiments/multistartlp/preliminar/set_01_pt_03/logs/heur_mslp/outputs/csvresults_heur_mslp_bash_2.csv;0;3;1;18;1;0.0;0.5;true;10;2;lr107_t1_08R_08V_02F_03M;/dados/rmelo/PDPTW-SE/benchmark_multi_floor_v3/official_experiments/multistartlp/preliminar/set_01_pt_03/configs/genconfig_mslp.conf;genconfig_mslp;/dados/rmelo/PDPTW-SE/benchmark_multi_floor_v3/official_experiments/multistartlp/preliminar/set_01_pt_03/logs/heur_mslp/gurobi/08R_08V_02F_03M/lr107_grb_genconfig_mslp_seed_31_alpha_10p.log;random;08R_08V_02F_03M;1;0;1;/dados/rmelo/PDPTW-SE/benchmark_multi_floor_v3/official_experiments/multistartlp/preliminar/set_01_pt_03/../../../../instances/orig_ams_fg/08R_08V_02F_04M/t1/lr107/;60000;24;0;1000.47;17;9;H;50;95;0;100.0;30.0;true;0.95;100.0;1.0;1.0;1.0;1.0;60;M;60000;60000;false;40;0.94;80.43;0.72;20;10;1000000;-1;3600;15.98;0.73;0.58;mslp;heur;0.47;0.46;-1;3600;60000;I;8;1.0;0.62;lr107;0;/dados/rmelo/PDPTW-SE/benchmark_multi_floor_v3/official_experiments/multistartlp/preliminar/set_01_pt_03/logs;0;0;0;0.0;100.0;1;31;/dados/rmelo/PDPTW-SE/benchmark_multi_floor_v3/official_experiments/multistartlp/preliminar/set_01_pt_03/logs/heur_mslp/solutions/08R_08V_02F_03M/lr107_sol_genconfig_mslp_seed_31_alpha_10p.txt;Gurobi;AUTOMATIC;18.25;_bash_2;_seed_31_alpha_10p;9589.93;1;0.36;/dados/rmelo/PDPTW-SE/benchmark_multi_floor_v3/official_experiments/multistartlp/preliminar/set_01_pt_03/logs/heur_mslp/timelines/08R_08V_02F_03M/lr107_timeline_genconfig_mslp_seed_31_alpha_10p.txt;105.66;t1;0;843.14;false
0.1;0.0;0.02;0.02;0.0;0.0;8;/dados/rmelo/PDPTW-SE/benchmark_multi_floor_v3/official_experiments/multistartlp/preliminar/set_01_pt_03/logs/heur_mslp/outputs/csvresults_heur_mslp_bash_2.csv;0;3;1;18;1;0.0;0.5;true;10;2;lr210_t2_08R_08V_02F_03M;/dados/rmelo/PDPTW-SE/benchmark_multi_floor_v3/official_experiments/multistartlp/preliminar/set_01_pt_03/configs/genconfig_mslp.conf;genconfig_mslp;/dados/rmelo/PDPTW-SE/benchmark_multi_floor_v3/official_experiments/multistartlp/preliminar/set_01_pt_03/logs/heur_mslp/gurobi/08R_08V_02F_03M/lr210_grb_genconfig_mslp_seed_31_alpha_10p.log;random;08R_08V_02F_03M;1;826;1;/dados/rmelo/PDPTW-SE/benchmark_multi_floor_v3/official_experiments/multistartlp/preliminar/set_01_pt_03/../../../../instances/orig_ams_fg/08R_08V_02F_04M/t2/lr210/;60000;49572;0;1269.83;17;9;H;50;95;0;100.0;30.0;true;0.95;100.0;1.0;1.0;1.0;1.0;60;M;59174;59174;false;58;0.71;75.46;0.93;29;10;1000000;-1;3600;31.01;0.71;0.93;mslp;heur;0.71;0.93;-1;3600;60000;I;8;0.67;0.12;lr210;0;/dados/rmelo/PDPTW-SE/benchmark_multi_floor_v3/official_experiments/multistartlp/preliminar/set_01_pt_03/logs;0;0;0;1.38;100.0;1;31;/dados/rmelo/PDPTW-SE/benchmark_multi_floor_v3/official_experiments/multistartlp/preliminar/set_01_pt_03/logs/heur_mslp/solutions/08R_08V_02F_03M/lr210_sol_genconfig_mslp_seed_31_alpha_10p.txt;Gurobi;AUTOMATIC;17.79;_bash_2;_seed_31_alpha_10p;18348.12;1;102.93;/dados/rmelo/PDPTW-SE/benchmark_multi_floor_v3/official_experiments/multistartlp/preliminar/set_01_pt_03/logs/heur_mslp/timelines/08R_08V_02F_03M/lr210_timeline_genconfig_mslp_seed_31_alpha_10p.txt;125.11;t2;0;711.53;false
0.1;0.1;0.19;0.29;0.0;0.05;10;/dados/rmelo/PDPTW-SE/benchmark_multi_floor_v3/official_experiments/multistartlp/preliminar/set_01_pt_03/logs/heur_mslp/outputs/csvresults_heur_mslp_bash_2.csv;0;3;1;18;1;0.0;0.5;true;10;2;lr106_t1_08R_08V_04F_03M;/dados/rmelo/PDPTW-SE/benchmark_multi_floor_v3/official_experiments/multistartlp/preliminar/set_01_pt_03/configs/genconfig_mslp.conf;genconfig_mslp;/dados/rmelo/PDPTW-SE/benchmark_multi_floor_v3/official_experiments/multistartlp/preliminar/set_01_pt_03/logs/heur_mslp/gurobi/08R_08V_04F_03M/lr106_grb_genconfig_mslp_seed_31_alpha_10p.log;random;08R_08V_04F_03M;1;17263;1;/dados/rmelo/PDPTW-SE/benchmark_multi_floor_v3/official_experiments/multistartlp/preliminar/set_01_pt_03/../../../../instances/orig_ams_fg/08R_08V_04F_04M/t1/lr106/;60000;7304;0;1487.69;17;9;H;50;95;0;100.0;30.0;true;0.95;100.0;1.0;1.0;1.0;1.0;60;M;42737;42737;false;52;0.82;85.78;0.67;26;10;1000000;-1;3600;19.17;0.62;0.33;mslp;heur;0.35;0.09;-1;3600;60000;I;8;1.0;0.88;lr106;0;/dados/rmelo/PDPTW-SE/benchmark_multi_floor_v3/official_experiments/multistartlp/preliminar/set_01_pt_03/logs;0;0;0;28.77;100.0;1;31;/dados/rmelo/PDPTW-SE/benchmark_multi_floor_v3/official_experiments/multistartlp/preliminar/set_01_pt_03/logs/heur_mslp/solutions/08R_08V_04F_03M/lr106_sol_genconfig_mslp_seed_31_alpha_10p.txt;Gurobi;AUTOMATIC;17.83;_bash_2;_seed_31_alpha_10p;8192.52;1;12.0;/dados/rmelo/PDPTW-SE/benchmark_multi_floor_v3/official_experiments/multistartlp/preliminar/set_01_pt_03/logs/heur_mslp/timelines/08R_08V_04F_03M/lr106_timeline_genconfig_mslp_seed_31_alpha_10p.txt;95.57;t1;0;1010.71;false
0.1;0.01;0.03;0.04;0.0;0.0;9;/dados/rmelo/PDPTW-SE/benchmark_multi_floor_v3/official_experiments/multistartlp/preliminar/set_01_pt_03/logs/heur_mslp/outputs/csvresults_heur_mslp_bash_2.csv;0;3;1;18;1;0.0;0.5;true;10;2;lr209_t2_08R_08V_04F_03M;/dados/rmelo/PDPTW-SE/benchmark_multi_floor_v3/official_experiments/multistartlp/preliminar/set_01_pt_03/configs/genconfig_mslp.conf;genconfig_mslp;/dados/rmelo/PDPTW-SE/benchmark_multi_floor_v3/official_experiments/multistartlp/preliminar/set_01_pt_03/logs/heur_mslp/gurobi/08R_08V_04F_03M/lr209_grb_genconfig_mslp_seed_31_alpha_10p.log;random;08R_08V_04F_03M;1;0;1;/dados/rmelo/PDPTW-SE/benchmark_multi_floor_v3/official_experiments/multistartlp/preliminar/set_01_pt_03/../../../../instances/orig_ams_fg/08R_08V_04F_04M/t2/lr209/;60000;614;0;1151.96;17;9;H;50;95;0;100.0;30.0;true;0.95;100.0;1.0;1.0;1.0;1.0;60;M;54455;60000;false;46;0.68;79.88;0.77;23;10;1000000;-1;3600;21.18;0.42;0.75;mslp;heur;0.16;0.74;-1;3600;60000;I;8;0.67;0.25;lr209;0;/dados/rmelo/PDPTW-SE/benchmark_multi_floor_v3/official_experiments/multistartlp/preliminar/set_01_pt_03/logs;0;0;0;0.0;90.76;1;31;/dados/rmelo/PDPTW-SE/benchmark_multi_floor_v3/official_experiments/multistartlp/preliminar/set_01_pt_03/logs/heur_mslp/solutions/08R_08V_04F_03M/lr209_sol_genconfig_mslp_seed_31_alpha_10p.txt;Gurobi;AUTOMATIC;17.76;_bash_2;_seed_31_alpha_10p;12709.24;1;1.81;/dados/rmelo/PDPTW-SE/benchmark_multi_floor_v3/official_experiments/multistartlp/preliminar/set_01_pt_03/logs/heur_mslp/timelines/08R_08V_04F_03M/lr209_timeline_genconfig_mslp_seed_31_alpha_10p.txt;150.25;t2;0;838.87;false
0.1;0.04;0.07;0.11;0.0;0.0;9;/dados/rmelo/PDPTW-SE/benchmark_multi_floor_v3/official_experiments/multistartlp/preliminar/set_01_pt_03/logs/heur_mslp/outputs/csvresults_heur_mslp_bash_2.csv;0;3;1;26;1;0.0;0.5;true;14;2;lr109_t1_12R_12V_02F_03M;/dados/rmelo/PDPTW-SE/benchmark_multi_floor_v3/official_experiments/multistartlp/preliminar/set_01_pt_03/configs/genconfig_mslp.conf;genconfig_mslp;/dados/rmelo/PDPTW-SE/benchmark_multi_floor_v3/official_experiments/multistartlp/preliminar/set_01_pt_03/logs/heur_mslp/gurobi/12R_12V_02F_03M/lr109_grb_genconfig_mslp_seed_31_alpha_10p.log;random;12R_12V_02F_03M;1;14317;1;/dados/rmelo/PDPTW-SE/benchmark_multi_floor_v3/official_experiments/multistartlp/preliminar/set_01_pt_03/../../../../instances/orig_ams_fg/12R_12V_02F_04M/t1/lr109/;60000;12443;0;1351.49;25;13;H;50;95;0;100.0;30.0;true;0.95;100.0;1.0;1.0;1.0;1.0;60;M;45683;45683;false;58;0.88;78.59;0.79;29;10;1000000;-1;3600;9.53;0.73;0.49;mslp;heur;0.56;0.21;-1;3600;60000;I;12;1.0;0.5;lr109;0;/dados/rmelo/PDPTW-SE/benchmark_multi_floor_v3/official_experiments/multistartlp/preliminar/set_01_pt_03/logs;0;0;0;23.86;100.0;1;31;/dados/rmelo/PDPTW-SE/benchmark_multi_floor_v3/official_experiments/multistartlp/preliminar/set_01_pt_03/logs/heur_mslp/solutions/12R_12V_02F_03M/lr109_sol_genconfig_mslp_seed_31_alpha_10p.txt;Gurobi;AUTOMATIC;17.75;_bash_2;_seed_31_alpha_10p;4355.05;1;23.91;/dados/rmelo/PDPTW-SE/benchmark_multi_floor_v3/official_experiments/multistartlp/preliminar/set_01_pt_03/logs/heur_mslp/timelines/12R_12V_02F_03M/lr109_timeline_genconfig_mslp_seed_31_alpha_10p.txt;114.99;t1;0;1008.76;false
0.1;0.01;0.02;0.02;0.0;0.0;16;/dados/rmelo/PDPTW-SE/benchmark_multi_floor_v3/official_experiments/multistartlp/preliminar/set_01_pt_03/logs/heur_mslp/outputs/csvresults_heur_mslp_bash_2.csv;0;3;1;26;1;0.0;0.5;true;14;2;lr207_t2_12R_12V_02F_03M;/dados/rmelo/PDPTW-SE/benchmark_multi_floor_v3/official_experiments/multistartlp/preliminar/set_01_pt_03/configs/genconfig_mslp.conf;genconfig_mslp;/dados/rmelo/PDPTW-SE/benchmark_multi_floor_v3/official_experiments/multistartlp/preliminar/set_01_pt_03/logs/heur_mslp/gurobi/12R_12V_02F_03M/lr207_grb_genconfig_mslp_seed_31_alpha_10p.log;random;12R_12V_02F_03M;1;0;1;/dados/rmelo/PDPTW-SE/benchmark_multi_floor_v3/official_experiments/multistartlp/preliminar/set_01_pt_03/../../../../instances/orig_ams_fg/12R_12V_02F_04M/t2/lr207/;60000;31825;0;1659.78;25;13;H;50;95;0;100.0;30.0;true;0.95;100.0;1.0;1.0;1.0;1.0;60;M;59963;60000;false;40;0.77;83.45;1.0;20;10;1000000;-1;3600;12.62;0.55;0.95;mslp;heur;0.32;0.9;-1;3600;60000;I;12;0.67;0.17;lr207;0;/dados/rmelo/PDPTW-SE/benchmark_multi_floor_v3/official_experiments/multistartlp/preliminar/set_01_pt_03/logs;0;0;0;0.0;99.94;1;31;/dados/rmelo/PDPTW-SE/benchmark_multi_floor_v3/official_experiments/multistartlp/preliminar/set_01_pt_03/logs/heur_mslp/solutions/12R_12V_02F_03M/lr207_sol_genconfig_mslp_seed_31_alpha_10p.txt;Gurobi;AUTOMATIC;18.36;_bash_2;_seed_31_alpha_10p;7570.17;1;123.31;/dados/rmelo/PDPTW-SE/benchmark_multi_floor_v3/official_experiments/multistartlp/preliminar/set_01_pt_03/logs/heur_mslp/timelines/12R_12V_02F_03M/lr207_timeline_genconfig_mslp_seed_31_alpha_10p.txt;233.31;t2;0;1093.27;false
0.1;0.19;0.29;0.48;0.0;0.03;8;/dados/rmelo/PDPTW-SE/benchmark_multi_floor_v3/official_experiments/multistartlp/preliminar/set_01_pt_03/logs/heur_mslp/outputs/csvresults_heur_mslp_bash_2.csv;0;3;1;26;1;0.0;0.5;true;14;2;lr106_t1_12R_12V_04F_03M;/dados/rmelo/PDPTW-SE/benchmark_multi_floor_v3/official_experiments/multistartlp/preliminar/set_01_pt_03/configs/genconfig_mslp.conf;genconfig_mslp;/dados/rmelo/PDPTW-SE/benchmark_multi_floor_v3/official_experiments/multistartlp/preliminar/set_01_pt_03/logs/heur_mslp/gurobi/12R_12V_04F_03M/lr106_grb_genconfig_mslp_seed_31_alpha_10p.log;random;12R_12V_04F_03M;1;41041;1;/dados/rmelo/PDPTW-SE/benchmark_multi_floor_v3/official_experiments/multistartlp/preliminar/set_01_pt_03/../../../../instances/orig_ams_fg/12R_12V_04F_04M/t1/lr106/;60000;10783;0;1670.52;25;13;H;50;95;0;100.0;30.0;true;0.95;100.0;1.0;1.0;1.0;1.0;60;M;18959;18959;false;52;1.0;86.16;0.83;26;10;1000000;-1;3600;11.41;0.68;0.39;mslp;heur;0.49;0.17;-1;3600;60000;I;12;1.0;0.75;lr106;0;/dados/rmelo/PDPTW-SE/benchmark_multi_floor_v3/official_experiments/multistartlp/preliminar/set_01_pt_03/logs;0;0;0;68.4;100.0;1;31;/dados/rmelo/PDPTW-SE/benchmark_multi_floor_v3/official_experiments/multistartlp/preliminar/set_01_pt_03/logs/heur_mslp/solutions/12R_12V_04F_03M/lr106_sol_genconfig_mslp_seed_31_alpha_10p.txt;Gurobi;AUTOMATIC;17.75;_bash_2;_seed_31_alpha_10p;2163.28;1;14.35;/dados/rmelo/PDPTW-SE/benchmark_multi_floor_v3/official_experiments/multistartlp/preliminar/set_01_pt_03/logs/heur_mslp/timelines/12R_12V_04F_03M/lr106_timeline_genconfig_mslp_seed_31_alpha_10p.txt;78.68;t1;0;1417.55;false
0.1;0.02;0.03;0.05;0.0;0.01;17;/dados/rmelo/PDPTW-SE/benchmark_multi_floor_v3/official_experiments/multistartlp/preliminar/set_01_pt_03/logs/heur_mslp/outputs/csvresults_heur_mslp_bash_2.csv;0;3;1;26;1;0.0;0.5;true;14;2;lr209_t2_12R_12V_04F_03M;/dados/rmelo/PDPTW-SE/benchmark_multi_floor_v3/official_experiments/multistartlp/preliminar/set_01_pt_03/configs/genconfig_mslp.conf;genconfig_mslp;/dados/rmelo/PDPTW-SE/benchmark_multi_floor_v3/official_experiments/multistartlp/preliminar/set_01_pt_03/logs/heur_mslp/gurobi/12R_12V_04F_03M/lr209_grb_genconfig_mslp_seed_31_alpha_10p.log;random;12R_12V_04F_03M;1;0;1;/dados/rmelo/PDPTW-SE/benchmark_multi_floor_v3/official_experiments/multistartlp/preliminar/set_01_pt_03/../../../../instances/orig_ams_fg/12R_12V_04F_04M/t2/lr209/;60000;31784;0;1700.91;25;13;H;50;95;0;100.0;30.0;true;0.95;100.0;1.0;1.0;1.0;1.0;60;M;60000;60000;false;46;0.71;91.85;1.0;23;10;1000000;-1;3600;13.57;0.6;0.77;mslp;heur;0.48;0.54;-1;3600;60000;I;12;1.0;0.17;lr209;0;/dados/rmelo/PDPTW-SE/benchmark_multi_floor_v3/official_experiments/multistartlp/preliminar/set_01_pt_03/logs;0;0;0;0.0;100.0;1;31;/dados/rmelo/PDPTW-SE/benchmark_multi_floor_v3/official_experiments/multistartlp/preliminar/set_01_pt_03/logs/heur_mslp/solutions/12R_12V_04F_03M/lr209_sol_genconfig_mslp_seed_31_alpha_10p.txt;Gurobi;AUTOMATIC;18.32;_bash_2;_seed_31_alpha_10p;8143.82;1;127.76;/dados/rmelo/PDPTW-SE/benchmark_multi_floor_v3/official_experiments/multistartlp/preliminar/set_01_pt_03/logs/heur_mslp/timelines/12R_12V_04F_03M/lr209_timeline_genconfig_mslp_seed_31_alpha_10p.txt;241.68;t2;0;1196.68;false
0.1;0.02;0.04;0.06;0.0;0.06;2;/dados/rmelo/PDPTW-SE/benchmark_multi_floor_v3/official_experiments/multistartlp/preliminar/set_01_pt_03/logs/heur_mslp/outputs/csvresults_heur_mslp_bash_2.csv;0;5;1;82;1;0.0;0.5;true;42;2;LR1_2_6_t1_40R_40V_02F_05M;/dados/rmelo/PDPTW-SE/benchmark_multi_floor_v3/official_experiments/multistartlp/preliminar/set_01_pt_03/configs/genconfig_mslp.conf;genconfig_mslp;/dados/rmelo/PDPTW-SE/benchmark_multi_floor_v3/official_experiments/multistartlp/preliminar/set_01_pt_03/logs/heur_mslp/gurobi/40R_40V_02F_05M/LR1_2_6_grb_genconfig_mslp_seed_31_alpha_10p.log;random;40R_40V_02F_05M;1;59104;1;/dados/rmelo/PDPTW-SE/benchmark_multi_floor_v3/official_experiments/multistartlp/preliminar/set_01_pt_03/../../../../instances/orig_ams_fg/40R_40V_02F_06M/t1/LR1_2_6/;60000;12357;0;9472.06;81;41;H;50;95;0;100.0;30.0;true;0.95;100.0;1.0;1.0;1.0;1.0;60;M;896;896;false;72;0.94;184.05;1.0;36;10;1000000;-1;3600;4.3;0.4;0.52;mslp;heur;0.16;0.12;-1;3600;60000;I;40;1.0;0.42;LR1_2_6;0;/dados/rmelo/PDPTW-SE/benchmark_multi_floor_v3/official_experiments/multistartlp/preliminar/set_01_pt_03/logs;0;0;0;98.51;100.0;1;31;/dados/rmelo/PDPTW-SE/benchmark_multi_floor_v3/official_experiments/multistartlp/preliminar/set_01_pt_03/logs/heur_mslp/solutions/40R_40V_02F_05M/LR1_2_6_sol_genconfig_mslp_seed_31_alpha_10p.txt;Gurobi;AUTOMATIC;17.54;_bash_2;_seed_31_alpha_10p;38.52;1;43.25;/dados/rmelo/PDPTW-SE/benchmark_multi_floor_v3/official_experiments/multistartlp/preliminar/set_01_pt_03/logs/heur_mslp/timelines/40R_40V_02F_05M/LR1_2_6_timeline_genconfig_mslp_seed_31_alpha_10p.txt;208.28;t1;0;7805.77;false
0.1;0.01;0.01;0.02;0.02;0.13;12;/dados/rmelo/PDPTW-SE/benchmark_multi_floor_v3/official_experiments/multistartlp/preliminar/set_01_pt_03/logs/heur_mslp/outputs/csvresults_heur_mslp_bash_2.csv;0;5;1;82;1;0.0;0.5;true;42;2;LR2_2_9_t2_40R_40V_02F_05M;/dados/rmelo/PDPTW-SE/benchmark_multi_floor_v3/official_experiments/multistartlp/preliminar/set_01_pt_03/configs/genconfig_mslp.conf;genconfig_mslp;/dados/rmelo/PDPTW-SE/benchmark_multi_floor_v3/official_experiments/multistartlp/preliminar/set_01_pt_03/logs/heur_mslp/gurobi/40R_40V_02F_05M/LR2_2_9_grb_genconfig_mslp_seed_31_alpha_10p.log;random;40R_40V_02F_05M;1;0;1;/dados/rmelo/PDPTW-SE/benchmark_multi_floor_v3/official_experiments/multistartlp/preliminar/set_01_pt_03/../../../../instances/orig_ams_fg/40R_40V_02F_06M/t2/LR2_2_9/;60000;20546;0;10818.59;81;41;H;50;95;0;100.0;30.0;true;0.95;100.0;1.0;1.0;1.0;1.0;60;M;60000;60000;false;74;0.79;179.34;1.0;37;10;1000000;-1;3600;7.33;0.64;0.96;mslp;heur;0.33;0.84;-1;3600;60000;I;40;1.0;0.12;LR2_2_9;0;/dados/rmelo/PDPTW-SE/benchmark_multi_floor_v3/official_experiments/multistartlp/preliminar/set_01_pt_03/logs;0;0;0;0.0;100.0;1;31;/dados/rmelo/PDPTW-SE/benchmark_multi_floor_v3/official_experiments/multistartlp/preliminar/set_01_pt_03/logs/heur_mslp/solutions/40R_40V_02F_05M/LR2_2_9_sol_genconfig_mslp_seed_31_alpha_10p.txt;Gurobi;AUTOMATIC;17.75;_bash_2;_seed_31_alpha_10p;4396.03;1;429.53;/dados/rmelo/PDPTW-SE/benchmark_multi_floor_v3/official_experiments/multistartlp/preliminar/set_01_pt_03/logs/heur_mslp/timelines/40R_40V_02F_05M/LR2_2_9_timeline_genconfig_mslp_seed_31_alpha_10p.txt;1249.79;t2;0;8137.83;false
0.1;0.11;0.16;0.27;0.0;0.06;7;/dados/rmelo/PDPTW-SE/benchmark_multi_floor_v3/official_experiments/multistartlp/preliminar/set_01_pt_03/logs/heur_mslp/outputs/csvresults_heur_mslp_bash_2.csv;0;5;1;82;1;0.0;0.5;true;42;2;LR1_2_10_t1_40R_40V_04F_05M;/dados/rmelo/PDPTW-SE/benchmark_multi_floor_v3/official_experiments/multistartlp/preliminar/set_01_pt_03/configs/genconfig_mslp.conf;genconfig_mslp;/dados/rmelo/PDPTW-SE/benchmark_multi_floor_v3/official_experiments/multistartlp/preliminar/set_01_pt_03/logs/heur_mslp/gurobi/40R_40V_04F_05M/LR1_2_10_grb_genconfig_mslp_seed_31_alpha_10p.log;random;40R_40V_04F_05M;1;59484;1;/dados/rmelo/PDPTW-SE/benchmark_multi_floor_v3/official_experiments/multistartlp/preliminar/set_01_pt_03/../../../../instances/orig_ams_fg/40R_40V_04F_06M/t1/LR1_2_10/;60000;42124;0;8468.06;81;41;H;50;95;0;100.0;30.0;true;0.95;100.0;1.0;1.0;1.0;1.0;60;M;516;516;false;72;0.89;178.35;0.9;36;10;1000000;-1;3600;6.14;0.63;0.52;mslp;heur;0.29;0.11;-1;3600;60000;I;40;1.0;0.48;LR1_2_10;0;/dados/rmelo/PDPTW-SE/benchmark_multi_floor_v3/official_experiments/multistartlp/preliminar/set_01_pt_03/logs;0;0;0;99.14;100.0;1;31;/dados/rmelo/PDPTW-SE/benchmark_multi_floor_v3/official_experiments/multistartlp/preliminar/set_01_pt_03/logs/heur_mslp/solutions/40R_40V_04F_05M/LR1_2_10_sol_genconfig_mslp_seed_31_alpha_10p.txt;Gurobi;AUTOMATIC;18.04;_bash_2;_seed_31_alpha_10p;31.7;1;187.59;/dados/rmelo/PDPTW-SE/benchmark_multi_floor_v3/official_experiments/multistartlp/preliminar/set_01_pt_03/logs/heur_mslp/timelines/40R_40V_04F_05M/LR1_2_10_timeline_genconfig_mslp_seed_31_alpha_10p.txt;267.66;t1;0;7559.71;false
0.1;0.02;0.04;0.05;0.0;0.03;11;/dados/rmelo/PDPTW-SE/benchmark_multi_floor_v3/official_experiments/multistartlp/preliminar/set_01_pt_03/logs/heur_mslp/outputs/csvresults_heur_mslp_bash_2.csv;0;5;1;82;1;0.0;0.5;true;42;2;LR2_2_6_t2_40R_40V_04F_05M;/dados/rmelo/PDPTW-SE/benchmark_multi_floor_v3/official_experiments/multistartlp/preliminar/set_01_pt_03/configs/genconfig_mslp.conf;genconfig_mslp;/dados/rmelo/PDPTW-SE/benchmark_multi_floor_v3/official_experiments/multistartlp/preliminar/set_01_pt_03/logs/heur_mslp/gurobi/40R_40V_04F_05M/LR2_2_6_grb_genconfig_mslp_seed_31_alpha_10p.log;random;40R_40V_04F_05M;1;0;1;/dados/rmelo/PDPTW-SE/benchmark_multi_floor_v3/official_experiments/multistartlp/preliminar/set_01_pt_03/../../../../instances/orig_ams_fg/40R_40V_04F_06M/t2/LR2_2_6/;60000;40263;0;10282.12;81;41;H;50;95;0;100.0;30.0;true;0.95;100.0;1.0;1.0;1.0;1.0;60;M;60000;60000;false;80;0.89;192.66;0.96;40;10;1000000;-1;3600;3.17;0.79;0.92;mslp;heur;0.64;0.85;-1;3600;60000;I;40;1.0;0.1;LR2_2_6;0;/dados/rmelo/PDPTW-SE/benchmark_multi_floor_v3/official_experiments/multistartlp/preliminar/set_01_pt_03/logs;0;0;0;0.0;100.0;1;31;/dados/rmelo/PDPTW-SE/benchmark_multi_floor_v3/official_experiments/multistartlp/preliminar/set_01_pt_03/logs/heur_mslp/solutions/40R_40V_04F_05M/LR2_2_6_sol_genconfig_mslp_seed_31_alpha_10p.txt;Gurobi;AUTOMATIC;17.59;_bash_2;_seed_31_alpha_10p;1904.7;1;1724.4;/dados/rmelo/PDPTW-SE/benchmark_multi_floor_v3/official_experiments/multistartlp/preliminar/set_01_pt_03/logs/heur_mslp/timelines/40R_40V_04F_05M/LR2_2_6_timeline_genconfig_mslp_seed_31_alpha_10p.txt;2565.32;t2;0;8033.33;false
0.1;0.05;0.08;0.12;0.0;0.08;4;/dados/rmelo/PDPTW-SE/benchmark_multi_floor_v3/official_experiments/multistartlp/preliminar/set_01_pt_03/logs/heur_mslp/outputs/csvresults_heur_mslp_bash_2.csv;0;5;1;122;1;0.0;0.5;true;62;2;LR1_2_6_t1_60R_60V_02F_05M;/dados/rmelo/PDPTW-SE/benchmark_multi_floor_v3/official_experiments/multistartlp/preliminar/set_01_pt_03/configs/genconfig_mslp.conf;genconfig_mslp;/dados/rmelo/PDPTW-SE/benchmark_multi_floor_v3/official_experiments/multistartlp/preliminar/set_01_pt_03/logs/heur_mslp/gurobi/60R_60V_02F_05M/LR1_2_6_grb_genconfig_mslp_seed_31_alpha_10p.log;random;60R_60V_02F_05M;1;58090;1;/dados/rmelo/PDPTW-SE/benchmark_multi_floor_v3/official_experiments/multistartlp/preliminar/set_01_pt_03/../../../../instances/orig_ams_fg/60R_60V_02F_06M/t1/LR1_2_6/;60000;22664;0;12349.13;121;61;H;50;95;0;100.0;30.0;true;0.95;100.0;1.0;1.0;1.0;1.0;60;M;1910;1910;false;82;0.96;191.73;1.0;41;10;1000000;-1;3600;5.0;0.69;0.5;mslp;heur;0.25;0.15;-1;3600;60000;I;60;1.0;0.38;LR1_2_6;0;/dados/rmelo/PDPTW-SE/benchmark_multi_floor_v3/official_experiments/multistartlp/preliminar/set_01_pt_03/logs;0;0;0;96.82;100.0;1;31;/dados/rmelo/PDPTW-SE/benchmark_multi_floor_v3/official_experiments/multistartlp/preliminar/set_01_pt_03/logs/heur_mslp/solutions/60R_60V_02F_05M/LR1_2_6_sol_genconfig_mslp_seed_31_alpha_10p.txt;Gurobi;AUTOMATIC;18.06;_bash_2;_seed_31_alpha_10p;95.58;1;181.52;/dados/rmelo/PDPTW-SE/benchmark_multi_floor_v3/official_experiments/multistartlp/preliminar/set_01_pt_03/logs/heur_mslp/timelines/60R_60V_02F_05M/LR1_2_6_timeline_genconfig_mslp_seed_31_alpha_10p.txt;478.5;t1;0;10095.88;false
0.1;0.01;0.02;0.02;0.0;0.04;2;/dados/rmelo/PDPTW-SE/benchmark_multi_floor_v3/official_experiments/multistartlp/preliminar/set_01_pt_03/logs/heur_mslp/outputs/csvresults_heur_mslp_bash_2.csv;0;5;1;122;1;0.0;0.5;true;62;2;LR2_2_6_t2_60R_60V_02F_05M;/dados/rmelo/PDPTW-SE/benchmark_multi_floor_v3/official_experiments/multistartlp/preliminar/set_01_pt_03/configs/genconfig_mslp.conf;genconfig_mslp;/dados/rmelo/PDPTW-SE/benchmark_multi_floor_v3/official_experiments/multistartlp/preliminar/set_01_pt_03/logs/heur_mslp/gurobi/60R_60V_02F_05M/LR2_2_6_grb_genconfig_mslp_seed_31_alpha_10p.log;random;60R_60V_02F_05M;1;0;1;/dados/rmelo/PDPTW-SE/benchmark_multi_floor_v3/official_experiments/multistartlp/preliminar/set_01_pt_03/../../../../instances/orig_ams_fg/60R_60V_02F_06M/t2/LR2_2_6/;55509;916;0;15041.92;121;61;H;50;95;0;100.0;30.0;true;0.95;100.0;1.0;1.0;1.0;1.0;60;M;55509;55509;false;80;0.85;185.63;1.0;40;10;1000000;-1;3600;5.24;0.76;0.97;mslp;heur;0.64;0.96;-1;3600;60000;I;60;1.0;0.08;LR2_2_6;0;/dados/rmelo/PDPTW-SE/benchmark_multi_floor_v3/official_experiments/multistartlp/preliminar/set_01_pt_03/logs;0;0;0;0.0;100.0;1;31;/dados/rmelo/PDPTW-SE/benchmark_multi_floor_v3/official_experiments/multistartlp/preliminar/set_01_pt_03/logs/heur_mslp/solutions/60R_60V_02F_05M/LR2_2_6_sol_genconfig_mslp_seed_31_alpha_10p.txt;Gurobi;AUTOMATIC;17.76;_bash_2;_seed_31_alpha_10p;2909.58;1;59.78;/dados/rmelo/PDPTW-SE/benchmark_multi_floor_v3/official_experiments/multistartlp/preliminar/set_01_pt_03/logs/heur_mslp/timelines/60R_60V_02F_05M/LR2_2_6_timeline_genconfig_mslp_seed_31_alpha_10p.txt;3600.0;t2;0;9682.01;false
0.1;0.14;0.2;0.34;0.0;0.06;4;/dados/rmelo/PDPTW-SE/benchmark_multi_floor_v3/official_experiments/multistartlp/preliminar/set_01_pt_03/logs/heur_mslp/outputs/csvresults_heur_mslp_bash_2.csv;0;5;1;122;1;0.0;0.5;true;62;2;LR1_2_9_t1_60R_60V_04F_05M;/dados/rmelo/PDPTW-SE/benchmark_multi_floor_v3/official_experiments/multistartlp/preliminar/set_01_pt_03/configs/genconfig_mslp.conf;genconfig_mslp;/dados/rmelo/PDPTW-SE/benchmark_multi_floor_v3/official_experiments/multistartlp/preliminar/set_01_pt_03/logs/heur_mslp/gurobi/60R_60V_04F_05M/LR1_2_9_grb_genconfig_mslp_seed_31_alpha_10p.log;random;60R_60V_04F_05M;1;59953;1;/dados/rmelo/PDPTW-SE/benchmark_multi_floor_v3/official_experiments/multistartlp/preliminar/set_01_pt_03/../../../../instances/orig_ams_fg/60R_60V_04F_06M/t1/LR1_2_9/;60000;53234;0;14533.75;121;61;H;50;95;0;100.0;30.0;true;0.95;100.0;1.0;1.0;1.0;1.0;60;M;47;47;false;86;0.94;198.99;0.93;43;10;1000000;-1;3600;7.58;0.66;0.47;mslp;heur;0.35;0.1;-1;3600;60000;I;60;1.0;0.45;LR1_2_9;0;/dados/rmelo/PDPTW-SE/benchmark_multi_floor_v3/official_experiments/multistartlp/preliminar/set_01_pt_03/logs;0;0;0;99.92;100.0;1;31;/dados/rmelo/PDPTW-SE/benchmark_multi_floor_v3/official_experiments/multistartlp/preliminar/set_01_pt_03/logs/heur_mslp/solutions/60R_60V_04F_05M/LR1_2_9_sol_genconfig_mslp_seed_31_alpha_10p.txt;Gurobi;AUTOMATIC;17.68;_bash_2;_seed_31_alpha_10p;3.56;1;449.59;/dados/rmelo/PDPTW-SE/benchmark_multi_floor_v3/official_experiments/multistartlp/preliminar/set_01_pt_03/logs/heur_mslp/timelines/60R_60V_04F_05M/LR1_2_9_timeline_genconfig_mslp_seed_31_alpha_10p.txt;506.74;t1;0;12341.17;false
0.1;0.03;0.04;0.07;0.0;0.0;2;/dados/rmelo/PDPTW-SE/benchmark_multi_floor_v3/official_experiments/multistartlp/preliminar/set_01_pt_03/logs/heur_mslp/outputs/csvresults_heur_mslp_bash_2.csv;0;5;1;122;1;0.0;0.5;true;62;2;LR2_2_7_t2_60R_60V_04F_05M;/dados/rmelo/PDPTW-SE/benchmark_multi_floor_v3/official_experiments/multistartlp/preliminar/set_01_pt_03/configs/genconfig_mslp.conf;genconfig_mslp;/dados/rmelo/PDPTW-SE/benchmark_multi_floor_v3/official_experiments/multistartlp/preliminar/set_01_pt_03/logs/heur_mslp/gurobi/60R_60V_04F_05M/LR2_2_7_grb_genconfig_mslp_seed_31_alpha_10p.log;random;60R_60V_04F_05M;1;7851;1;/dados/rmelo/PDPTW-SE/benchmark_multi_floor_v3/official_experiments/multistartlp/preliminar/set_01_pt_03/../../../../instances/orig_ams_fg/60R_60V_04F_06M/t2/LR2_2_7/;31397;12449;0;11928.81;121;61;H;50;95;0;100.0;30.0;true;0.95;100.0;1.0;1.0;1.0;1.0;60;M;23546;23546;false;78;0.91;195.28;0.97;39;10;1000000;-1;3600;1.43;0.69;0.86;mslp;heur;0.23;0.42;-1;3600;60000;I;60;1.0;0.1;LR2_2_7;0;/dados/rmelo/PDPTW-SE/benchmark_multi_floor_v3/official_experiments/multistartlp/preliminar/set_01_pt_03/logs;0;0;0;25.01;100.0;1;31;/dados/rmelo/PDPTW-SE/benchmark_multi_floor_v3/official_experiments/multistartlp/preliminar/set_01_pt_03/logs/heur_mslp/solutions/60R_60V_04F_05M/LR2_2_7_sol_genconfig_mslp_seed_31_alpha_10p.txt;Gurobi;AUTOMATIC;17.59;_bash_2;_seed_31_alpha_10p;337.63;1;1427.93;/dados/rmelo/PDPTW-SE/benchmark_multi_floor_v3/official_experiments/multistartlp/preliminar/set_01_pt_03/logs/heur_mslp/timelines/60R_60V_04F_05M/LR2_2_7_timeline_genconfig_mslp_seed_31_alpha_10p.txt;3600.02;t2;0;10515.25;false
0.1;0.01;0.06;0.07;0.0;0.0;6;/dados/rmelo/PDPTW-SE/benchmark_multi_floor_v3/official_experiments/multistartlp/preliminar/set_01_pt_03/logs/heur_mslp/outputs/csvresults_heur_mslp_bash_2.csv;0;3;1;18;1;0.0;0.5;true;10;2;lr107_t1_08R_08V_02F_03M;/dados/rmelo/PDPTW-SE/benchmark_multi_floor_v3/official_experiments/multistartlp/preliminar/set_01_pt_03/configs/genconfig_mslp.conf;genconfig_mslp;/dados/rmelo/PDPTW-SE/benchmark_multi_floor_v3/official_experiments/multistartlp/preliminar/set_01_pt_03/logs/heur_mslp/gurobi/08R_08V_02F_03M/lr107_grb_genconfig_mslp_seed_38_alpha_10p.log;random;08R_08V_02F_03M;1;0;1;/dados/rmelo/PDPTW-SE/benchmark_multi_floor_v3/official_experiments/multistartlp/preliminar/set_01_pt_03/../../../../instances/orig_ams_fg/08R_08V_02F_04M/t1/lr107/;60000;32;0;1085.6;17;9;H;50;95;0;100.0;30.0;true;0.95;100.0;1.0;1.0;1.0;1.0;60;M;60000;60000;false;40;0.94;80.43;0.88;20;10;1000000;-1;3600;15.97;0.73;0.6;mslp;heur;0.47;0.36;-1;3600;60000;I;8;1.0;0.62;lr107;0;/dados/rmelo/PDPTW-SE/benchmark_multi_floor_v3/official_experiments/multistartlp/preliminar/set_01_pt_03/logs;0;0;0;0.0;100.0;1;38;/dados/rmelo/PDPTW-SE/benchmark_multi_floor_v3/official_experiments/multistartlp/preliminar/set_01_pt_03/logs/heur_mslp/solutions/08R_08V_02F_03M/lr107_sol_genconfig_mslp_seed_38_alpha_10p.txt;Gurobi;AUTOMATIC;18.0;_bash_2;_seed_38_alpha_10p;9583.23;1;0.34;/dados/rmelo/PDPTW-SE/benchmark_multi_floor_v3/official_experiments/multistartlp/preliminar/set_01_pt_03/logs/heur_mslp/timelines/08R_08V_02F_03M/lr107_timeline_genconfig_mslp_seed_38_alpha_10p.txt;104.84;t1;0;843.14;false
0.1;0.0;0.02;0.02;0.0;0.0;9;/dados/rmelo/PDPTW-SE/benchmark_multi_floor_v3/official_experiments/multistartlp/preliminar/set_01_pt_03/logs/heur_mslp/outputs/csvresults_heur_mslp_bash_2.csv;0;3;1;18;1;0.0;0.5;true;10;2;lr210_t2_08R_08V_02F_03M;/dados/rmelo/PDPTW-SE/benchmark_multi_floor_v3/official_experiments/multistartlp/preliminar/set_01_pt_03/configs/genconfig_mslp.conf;genconfig_mslp;/dados/rmelo/PDPTW-SE/benchmark_multi_floor_v3/official_experiments/multistartlp/preliminar/set_01_pt_03/logs/heur_mslp/gurobi/08R_08V_02F_03M/lr210_grb_genconfig_mslp_seed_38_alpha_10p.log;random;08R_08V_02F_03M;1;795;1;/dados/rmelo/PDPTW-SE/benchmark_multi_floor_v3/official_experiments/multistartlp/preliminar/set_01_pt_03/../../../../instances/orig_ams_fg/08R_08V_02F_04M/t2/lr210/;60000;9974;0;980.8;17;9;H;50;95;0;100.0;30.0;true;0.95;100.0;1.0;1.0;1.0;1.0;60;M;59205;59205;false;58;0.71;75.46;0.93;29;10;1000000;-1;3600;31.03;0.71;0.93;mslp;heur;0.71;0.93;-1;3600;60000;I;8;0.67;0.12;lr210;0;/dados/rmelo/PDPTW-SE/benchmark_multi_floor_v3/official_experiments/multistartlp/preliminar/set_01_pt_03/logs;0;0;0;1.32;100.0;1;38;/dados/rmelo/PDPTW-SE/benchmark_multi_floor_v3/official_experiments/multistartlp/preliminar/set_01_pt_03/logs/heur_mslp/solutions/08R_08V_02F_03M/lr210_sol_genconfig_mslp_seed_38_alpha_10p.txt;Gurobi;AUTOMATIC;18.13;_bash_2;_seed_38_alpha_10p;18368.57;1;20.99;/dados/rmelo/PDPTW-SE/benchmark_multi_floor_v3/official_experiments/multistartlp/preliminar/set_01_pt_03/logs/heur_mslp/timelines/08R_08V_02F_03M/lr210_timeline_genconfig_mslp_seed_38_alpha_10p.txt;124.52;t2;0;706.87;false
0.1;0.1;0.19;0.29;0.0;0.05;10;/dados/rmelo/PDPTW-SE/benchmark_multi_floor_v3/official_experiments/multistartlp/preliminar/set_01_pt_03/logs/heur_mslp/outputs/csvresults_heur_mslp_bash_2.csv;0;3;1;18;1;0.0;0.5;true;10;2;lr106_t1_08R_08V_04F_03M;/dados/rmelo/PDPTW-SE/benchmark_multi_floor_v3/official_experiments/multistartlp/preliminar/set_01_pt_03/configs/genconfig_mslp.conf;genconfig_mslp;/dados/rmelo/PDPTW-SE/benchmark_multi_floor_v3/official_experiments/multistartlp/preliminar/set_01_pt_03/logs/heur_mslp/gurobi/08R_08V_04F_03M/lr106_grb_genconfig_mslp_seed_38_alpha_10p.log;random;08R_08V_04F_03M;1;17168;1;/dados/rmelo/PDPTW-SE/benchmark_multi_floor_v3/official_experiments/multistartlp/preliminar/set_01_pt_03/../../../../instances/orig_ams_fg/08R_08V_04F_04M/t1/lr106/;60000;6871;0;1317.73;17;9;H;50;95;0;100.0;30.0;true;0.95;100.0;1.0;1.0;1.0;1.0;60;M;42832;42832;false;52;0.82;85.78;0.67;26;10;1000000;-1;3600;19.16;0.62;0.32;mslp;heur;0.35;0.07;-1;3600;60000;I;8;1.0;0.88;lr106;0;/dados/rmelo/PDPTW-SE/benchmark_multi_floor_v3/official_experiments/multistartlp/preliminar/set_01_pt_03/logs;0;0;0;28.61;100.0;1;38;/dados/rmelo/PDPTW-SE/benchmark_multi_floor_v3/official_experiments/multistartlp/preliminar/set_01_pt_03/logs/heur_mslp/solutions/08R_08V_04F_03M/lr106_sol_genconfig_mslp_seed_38_alpha_10p.txt;Gurobi;AUTOMATIC;17.73;_bash_2;_seed_38_alpha_10p;8205.74;1;11.29;/dados/rmelo/PDPTW-SE/benchmark_multi_floor_v3/official_experiments/multistartlp/preliminar/set_01_pt_03/logs/heur_mslp/timelines/08R_08V_04F_03M/lr106_timeline_genconfig_mslp_seed_38_alpha_10p.txt;96.26;t1;0;1010.71;false
0.1;0.01;0.03;0.04;0.0;0.0;10;/dados/rmelo/PDPTW-SE/benchmark_multi_floor_v3/official_experiments/multistartlp/preliminar/set_01_pt_03/logs/heur_mslp/outputs/csvresults_heur_mslp_bash_2.csv;0;3;1;18;1;0.0;0.5;true;10;2;lr209_t2_08R_08V_04F_03M;/dados/rmelo/PDPTW-SE/benchmark_multi_floor_v3/official_experiments/multistartlp/preliminar/set_01_pt_03/configs/genconfig_mslp.conf;genconfig_mslp;/dados/rmelo/PDPTW-SE/benchmark_multi_floor_v3/official_experiments/multistartlp/preliminar/set_01_pt_03/logs/heur_mslp/gurobi/08R_08V_04F_03M/lr209_grb_genconfig_mslp_seed_38_alpha_10p.log;random;08R_08V_04F_03M;1;0;1;/dados/rmelo/PDPTW-SE/benchmark_multi_floor_v3/official_experiments/multistartlp/preliminar/set_01_pt_03/../../../../instances/orig_ams_fg/08R_08V_04F_04M/t2/lr209/;60000;7365;0;1000.55;17;9;H;50;95;0;100.0;30.0;true;0.95;100.0;1.0;1.0;1.0;1.0;60;M;54527;60000;false;46;0.68;79.88;0.93;23;10;1000000;-1;3600;21.23;0.42;0.85;mslp;heur;0.16;0.77;-1;3600;60000;I;8;0.67;0.25;lr209;0;/dados/rmelo/PDPTW-SE/benchmark_multi_floor_v3/official_experiments/multistartlp/preliminar/set_01_pt_03/logs;0;0;0;0.0;90.88;1;38;/dados/rmelo/PDPTW-SE/benchmark_multi_floor_v3/official_experiments/multistartlp/preliminar/set_01_pt_03/logs/heur_mslp/solutions/08R_08V_04F_03M/lr209_sol_genconfig_mslp_seed_38_alpha_10p.txt;Gurobi;AUTOMATIC;18.21;_bash_2;_seed_38_alpha_10p;12737.72;1;18.86;/dados/rmelo/PDPTW-SE/benchmark_multi_floor_v3/official_experiments/multistartlp/preliminar/set_01_pt_03/logs/heur_mslp/timelines/08R_08V_04F_03M/lr209_timeline_genconfig_mslp_seed_38_alpha_10p.txt;150.21;t2;0;838.87;false
0.1;0.04;0.07;0.11;0.0;0.0;12;/dados/rmelo/PDPTW-SE/benchmark_multi_floor_v3/official_experiments/multistartlp/preliminar/set_01_pt_03/logs/heur_mslp/outputs/csvresults_heur_mslp_bash_2.csv;0;3;1;26;1;0.0;0.5;true;14;2;lr109_t1_12R_12V_02F_03M;/dados/rmelo/PDPTW-SE/benchmark_multi_floor_v3/official_experiments/multistartlp/preliminar/set_01_pt_03/configs/genconfig_mslp.conf;genconfig_mslp;/dados/rmelo/PDPTW-SE/benchmark_multi_floor_v3/official_experiments/multistartlp/preliminar/set_01_pt_03/logs/heur_mslp/gurobi/12R_12V_02F_03M/lr109_grb_genconfig_mslp_seed_38_alpha_10p.log;random;12R_12V_02F_03M;1;14425;1;/dados/rmelo/PDPTW-SE/benchmark_multi_floor_v3/official_experiments/multistartlp/preliminar/set_01_pt_03/../../../../instances/orig_ams_fg/12R_12V_02F_04M/t1/lr109/;60000;14589;0;1282.23;25;13;H;50;95;0;100.0;30.0;true;0.95;100.0;1.0;1.0;1.0;1.0;60;M;45575;45575;false;58;0.88;78.59;0.79;29;10;1000000;-1;3600;9.53;0.73;0.49;mslp;heur;0.56;0.21;-1;3600;60000;I;12;1.0;0.5;lr109;0;/dados/rmelo/PDPTW-SE/benchmark_multi_floor_v3/official_experiments/multistartlp/preliminar/set_01_pt_03/logs;0;0;0;24.04;100.0;1;38;/dados/rmelo/PDPTW-SE/benchmark_multi_floor_v3/official_experiments/multistartlp/preliminar/set_01_pt_03/logs/heur_mslp/solutions/12R_12V_02F_03M/lr109_sol_genconfig_mslp_seed_38_alpha_10p.txt;Gurobi;AUTOMATIC;18.03;_bash_2;_seed_38_alpha_10p;4341.8;1;28.04;/dados/rmelo/PDPTW-SE/benchmark_multi_floor_v3/official_experiments/multistartlp/preliminar/set_01_pt_03/logs/heur_mslp/timelines/12R_12V_02F_03M/lr109_timeline_genconfig_mslp_seed_38_alpha_10p.txt;114.9;t1;0;1008.76;false
0.1;0.01;0.02;0.03;0.0;0.0;9;/dados/rmelo/PDPTW-SE/benchmark_multi_floor_v3/official_experiments/multistartlp/preliminar/set_01_pt_03/logs/heur_mslp/outputs/csvresults_heur_mslp_bash_2.csv;0;3;1;26;1;0.0;0.5;true;14;2;lr207_t2_12R_12V_02F_03M;/dados/rmelo/PDPTW-SE/benchmark_multi_floor_v3/official_experiments/multistartlp/preliminar/set_01_pt_03/configs/genconfig_mslp.conf;genconfig_mslp;/dados/rmelo/PDPTW-SE/benchmark_multi_floor_v3/official_experiments/multistartlp/preliminar/set_01_pt_03/logs/heur_mslp/gurobi/12R_12V_02F_03M/lr207_grb_genconfig_mslp_seed_38_alpha_10p.log;random;12R_12V_02F_03M;1;0;1;/dados/rmelo/PDPTW-SE/benchmark_multi_floor_v3/official_experiments/multistartlp/preliminar/set_01_pt_03/../../../../instances/orig_ams_fg/12R_12V_02F_04M/t2/lr207/;60000;13591;0;1673.13;25;13;H;50;95;0;100.0;30.0;true;0.95;100.0;1.0;1.0;1.0;1.0;60;M;59947;60000;false;40;0.96;83.45;0.98;20;10;1000000;-1;3600;12.64;0.55;0.8;mslp;heur;0.14;0.62;-1;3600;60000;I;12;0.67;0.17;lr207;0;/dados/rmelo/PDPTW-SE/benchmark_multi_floor_v3/official_experiments/multistartlp/preliminar/set_01_pt_03/logs;0;0;0;0.0;99.91;1;38;/dados/rmelo/PDPTW-SE/benchmark_multi_floor_v3/official_experiments/multistartlp/preliminar/set_01_pt_03/logs/heur_mslp/solutions/12R_12V_02F_03M/lr207_sol_genconfig_mslp_seed_38_alpha_10p.txt;Gurobi;AUTOMATIC;17.92;_bash_2;_seed_38_alpha_10p;7582.29;1;53.09;/dados/rmelo/PDPTW-SE/benchmark_multi_floor_v3/official_experiments/multistartlp/preliminar/set_01_pt_03/logs/heur_mslp/timelines/12R_12V_02F_03M/lr207_timeline_genconfig_mslp_seed_38_alpha_10p.txt;234.24;t2;0;1107.28;false
0.1;0.2;0.29;0.49;0.0;0.02;10;/dados/rmelo/PDPTW-SE/benchmark_multi_floor_v3/official_experiments/multistartlp/preliminar/set_01_pt_03/logs/heur_mslp/outputs/csvresults_heur_mslp_bash_2.csv;0;3;1;26;1;0.0;0.5;true;14;2;lr106_t1_12R_12V_04F_03M;/dados/rmelo/PDPTW-SE/benchmark_multi_floor_v3/official_experiments/multistartlp/preliminar/set_01_pt_03/configs/genconfig_mslp.conf;genconfig_mslp;/dados/rmelo/PDPTW-SE/benchmark_multi_floor_v3/official_experiments/multistartlp/preliminar/set_01_pt_03/logs/heur_mslp/gurobi/12R_12V_04F_03M/lr106_grb_genconfig_mslp_seed_38_alpha_10p.log;random;12R_12V_04F_03M;1;40848;1;/dados/rmelo/PDPTW-SE/benchmark_multi_floor_v3/official_experiments/multistartlp/preliminar/set_01_pt_03/../../../../instances/orig_ams_fg/12R_12V_04F_04M/t1/lr106/;60000;36050;0;1736.24;25;13;H;50;95;0;100.0;30.0;true;0.95;100.0;1.0;1.0;1.0;1.0;60;M;19152;19152;false;52;1.0;86.16;0.97;26;10;1000000;-1;3600;11.4;0.68;0.43;mslp;heur;0.41;0.21;-1;3600;60000;I;12;1.0;0.75;lr106;0;/dados/rmelo/PDPTW-SE/benchmark_multi_floor_v3/official_experiments/multistartlp/preliminar/set_01_pt_03/logs;0;0;0;68.08;100.0;1;38;/dados/rmelo/PDPTW-SE/benchmark_multi_floor_v3/official_experiments/multistartlp/preliminar/set_01_pt_03/logs/heur_mslp/solutions/12R_12V_04F_03M/lr106_sol_genconfig_mslp_seed_38_alpha_10p.txt;Gurobi;AUTOMATIC;17.79;_bash_2;_seed_38_alpha_10p;2183.69;1;47.08;/dados/rmelo/PDPTW-SE/benchmark_multi_floor_v3/official_experiments/multistartlp/preliminar/set_01_pt_03/logs/heur_mslp/timelines/12R_12V_04F_03M/lr106_timeline_genconfig_mslp_seed_38_alpha_10p.txt;79.14;t1;0;1416.45;false
0.1;0.01;0.03;0.04;0.0;0.0;17;/dados/rmelo/PDPTW-SE/benchmark_multi_floor_v3/official_experiments/multistartlp/preliminar/set_01_pt_03/logs/heur_mslp/outputs/csvresults_heur_mslp_bash_2.csv;0;3;1;26;1;0.0;0.5;true;14;2;lr209_t2_12R_12V_04F_03M;/dados/rmelo/PDPTW-SE/benchmark_multi_floor_v3/official_experiments/multistartlp/preliminar/set_01_pt_03/configs/genconfig_mslp.conf;genconfig_mslp;/dados/rmelo/PDPTW-SE/benchmark_multi_floor_v3/official_experiments/multistartlp/preliminar/set_01_pt_03/logs/heur_mslp/gurobi/12R_12V_04F_03M/lr209_grb_genconfig_mslp_seed_38_alpha_10p.log;random;12R_12V_04F_03M;1;0;1;/dados/rmelo/PDPTW-SE/benchmark_multi_floor_v3/official_experiments/multistartlp/preliminar/set_01_pt_03/../../../../instances/orig_ams_fg/12R_12V_04F_04M/t2/lr209/;60000;32182;0;1940.35;25;13;H;50;95;0;100.0;30.0;true;0.95;100.0;1.0;1.0;1.0;1.0;60;M;60000;60000;false;46;0.84;91.85;1.0;23;10;1000000;-1;3600;13.52;0.6;0.92;mslp;heur;0.35;0.83;-1;3600;60000;I;12;1.0;0.17;lr209;0;/dados/rmelo/PDPTW-SE/benchmark_multi_floor_v3/official_experiments/multistartlp/preliminar/set_01_pt_03/logs;0;0;0;0.0;100.0;1;38;/dados/rmelo/PDPTW-SE/benchmark_multi_floor_v3/official_experiments/multistartlp/preliminar/set_01_pt_03/logs/heur_mslp/solutions/12R_12V_04F_03M/lr209_sol_genconfig_mslp_seed_38_alpha_10p.txt;Gurobi;AUTOMATIC;17.78;_bash_2;_seed_38_alpha_10p;8114.53;1;128.35;/dados/rmelo/PDPTW-SE/benchmark_multi_floor_v3/official_experiments/multistartlp/preliminar/set_01_pt_03/logs/heur_mslp/timelines/12R_12V_04F_03M/lr209_timeline_genconfig_mslp_seed_38_alpha_10p.txt;239.46;t2;0;1191.07;false
0.1;0.02;0.04;0.05;0.0;0.12;2;/dados/rmelo/PDPTW-SE/benchmark_multi_floor_v3/official_experiments/multistartlp/preliminar/set_01_pt_03/logs/heur_mslp/outputs/csvresults_heur_mslp_bash_2.csv;0;5;1;82;1;0.0;0.5;true;42;2;LR1_2_6_t1_40R_40V_02F_05M;/dados/rmelo/PDPTW-SE/benchmark_multi_floor_v3/official_experiments/multistartlp/preliminar/set_01_pt_03/configs/genconfig_mslp.conf;genconfig_mslp;/dados/rmelo/PDPTW-SE/benchmark_multi_floor_v3/official_experiments/multistartlp/preliminar/set_01_pt_03/logs/heur_mslp/gurobi/40R_40V_02F_05M/LR1_2_6_grb_genconfig_mslp_seed_38_alpha_10p.log;random;40R_40V_02F_05M;1;59118;1;/dados/rmelo/PDPTW-SE/benchmark_multi_floor_v3/official_experiments/multistartlp/preliminar/set_01_pt_03/../../../../instances/orig_ams_fg/40R_40V_02F_06M/t1/LR1_2_6/;60000;383;0;9595.52;81;41;H;50;95;0;100.0;30.0;true;0.95;100.0;1.0;1.0;1.0;1.0;60;M;882;882;false;72;0.94;184.05;0.94;36;10;1000000;-1;3600;4.33;0.4;0.53;mslp;heur;0.22;0.15;-1;3600;60000;I;40;1.0;0.42;LR1_2_6;0;/dados/rmelo/PDPTW-SE/benchmark_multi_floor_v3/official_experiments/multistartlp/preliminar/set_01_pt_03/logs;0;0;0;98.53;100.0;1;38;/dados/rmelo/PDPTW-SE/benchmark_multi_floor_v3/official_experiments/multistartlp/preliminar/set_01_pt_03/logs/heur_mslp/solutions/40R_40V_02F_05M/LR1_2_6_sol_genconfig_mslp_seed_38_alpha_10p.txt;Gurobi;AUTOMATIC;17.5;_bash_2;_seed_38_alpha_10p;38.18;1;1.69;/dados/rmelo/PDPTW-SE/benchmark_multi_floor_v3/official_experiments/multistartlp/preliminar/set_01_pt_03/logs/heur_mslp/timelines/40R_40V_02F_05M/LR1_2_6_timeline_genconfig_mslp_seed_38_alpha_10p.txt;206.61;t1;0;7845.98;false
0.1;0.01;0.01;0.02;0.02;0.07;11;/dados/rmelo/PDPTW-SE/benchmark_multi_floor_v3/official_experiments/multistartlp/preliminar/set_01_pt_03/logs/heur_mslp/outputs/csvresults_heur_mslp_bash_2.csv;0;5;1;82;1;0.0;0.5;true;42;2;LR2_2_9_t2_40R_40V_02F_05M;/dados/rmelo/PDPTW-SE/benchmark_multi_floor_v3/official_experiments/multistartlp/preliminar/set_01_pt_03/configs/genconfig_mslp.conf;genconfig_mslp;/dados/rmelo/PDPTW-SE/benchmark_multi_floor_v3/official_experiments/multistartlp/preliminar/set_01_pt_03/logs/heur_mslp/gurobi/40R_40V_02F_05M/LR2_2_9_grb_genconfig_mslp_seed_38_alpha_10p.log;random;40R_40V_02F_05M;1;0;1;/dados/rmelo/PDPTW-SE/benchmark_multi_floor_v3/official_experiments/multistartlp/preliminar/set_01_pt_03/../../../../instances/orig_ams_fg/40R_40V_02F_06M/t2/LR2_2_9/;60000;42335;0;11924.85;81;41;H;50;95;0;100.0;30.0;true;0.95;100.0;1.0;1.0;1.0;1.0;60;M;60000;60000;false;74;0.78;179.34;1.0;37;10;1000000;-1;3600;7.33;0.63;0.99;mslp;heur;0.28;0.97;-1;3600;60000;I;40;1.0;0.12;LR2_2_9;0;/dados/rmelo/PDPTW-SE/benchmark_multi_floor_v3/official_experiments/multistartlp/preliminar/set_01_pt_03/logs;0;0;0;0.0;100.0;1;38;/dados/rmelo/PDPTW-SE/benchmark_multi_floor_v3/official_experiments/multistartlp/preliminar/set_01_pt_03/logs/heur_mslp/solutions/40R_40V_02F_05M/LR2_2_9_sol_genconfig_mslp_seed_38_alpha_10p.txt;Gurobi;AUTOMATIC;18.07;_bash_2;_seed_38_alpha_10p;4398.72;1;901.23;/dados/rmelo/PDPTW-SE/benchmark_multi_floor_v3/official_experiments/multistartlp/preliminar/set_01_pt_03/logs/heur_mslp/timelines/40R_40V_02F_05M/LR2_2_9_timeline_genconfig_mslp_seed_38_alpha_10p.txt;1273.2;t2;0;7990.15;false
0.1;0.1;0.15;0.25;0.0;0.03;6;/dados/rmelo/PDPTW-SE/benchmark_multi_floor_v3/official_experiments/multistartlp/preliminar/set_01_pt_03/logs/heur_mslp/outputs/csvresults_heur_mslp_bash_2.csv;0;5;1;82;1;0.0;0.5;true;42;2;LR1_2_10_t1_40R_40V_04F_05M;/dados/rmelo/PDPTW-SE/benchmark_multi_floor_v3/official_experiments/multistartlp/preliminar/set_01_pt_03/configs/genconfig_mslp.conf;genconfig_mslp;/dados/rmelo/PDPTW-SE/benchmark_multi_floor_v3/official_experiments/multistartlp/preliminar/set_01_pt_03/logs/heur_mslp/gurobi/40R_40V_04F_05M/LR1_2_10_grb_genconfig_mslp_seed_38_alpha_10p.log;random;40R_40V_04F_05M;1;59435;1;/dados/rmelo/PDPTW-SE/benchmark_multi_floor_v3/official_experiments/multistartlp/preliminar/set_01_pt_03/../../../../instances/orig_ams_fg/40R_40V_04F_06M/t1/LR1_2_10/;60000;8021;0;8903.32;81;41;H;50;95;0;100.0;30.0;true;0.95;100.0;1.0;1.0;1.0;1.0;60;M;565;565;false;72;0.9;178.35;0.9;36;10;1000000;-1;3600;6.13;0.64;0.5;mslp;heur;0.22;0.12;-1;3600;60000;I;40;1.0;0.45;LR1_2_10;0;/dados/rmelo/PDPTW-SE/benchmark_multi_floor_v3/official_experiments/multistartlp/preliminar/set_01_pt_03/logs;0;0;0;99.06;100.0;1;38;/dados/rmelo/PDPTW-SE/benchmark_multi_floor_v3/official_experiments/multistartlp/preliminar/set_01_pt_03/logs/heur_mslp/solutions/40R_40V_04F_05M/LR1_2_10_sol_genconfig_mslp_seed_38_alpha_10p.txt;Gurobi;AUTOMATIC;17.53;_bash_2;_seed_38_alpha_10p;34.66;1;35.93;/dados/rmelo/PDPTW-SE/benchmark_multi_floor_v3/official_experiments/multistartlp/preliminar/set_01_pt_03/logs/heur_mslp/timelines/40R_40V_04F_05M/LR1_2_10_timeline_genconfig_mslp_seed_38_alpha_10p.txt;265.4;t1;0;7318.57;false
0.1;0.02;0.03;0.06;0.01;0.02;14;/dados/rmelo/PDPTW-SE/benchmark_multi_floor_v3/official_experiments/multistartlp/preliminar/set_01_pt_03/logs/heur_mslp/outputs/csvresults_heur_mslp_bash_2.csv;0;5;1;82;1;0.0;0.5;true;42;2;LR2_2_6_t2_40R_40V_04F_05M;/dados/rmelo/PDPTW-SE/benchmark_multi_floor_v3/official_experiments/multistartlp/preliminar/set_01_pt_03/configs/genconfig_mslp.conf;genconfig_mslp;/dados/rmelo/PDPTW-SE/benchmark_multi_floor_v3/official_experiments/multistartlp/preliminar/set_01_pt_03/logs/heur_mslp/gurobi/40R_40V_04F_05M/LR2_2_6_grb_genconfig_mslp_seed_38_alpha_10p.log;random;40R_40V_04F_05M;1;0;1;/dados/rmelo/PDPTW-SE/benchmark_multi_floor_v3/official_experiments/multistartlp/preliminar/set_01_pt_03/../../../../instances/orig_ams_fg/40R_40V_04F_06M/t2/LR2_2_6/;60000;48271;0;9881.38;81;41;H;50;95;0;100.0;30.0;true;0.95;100.0;1.0;1.0;1.0;1.0;60;M;60000;60000;false;80;0.86;192.66;1.0;40;10;1000000;-1;3600;3.18;0.78;0.97;mslp;heur;0.62;0.94;-1;3600;60000;I;40;1.0;0.1;LR2_2_6;0;/dados/rmelo/PDPTW-SE/benchmark_multi_floor_v3/official_experiments/multistartlp/preliminar/set_01_pt_03/logs;0;0;0;0.0;100.0;1;38;/dados/rmelo/PDPTW-SE/benchmark_multi_floor_v3/official_experiments/multistartlp/preliminar/set_01_pt_03/logs/heur_mslp/solutions/40R_40V_04F_05M/LR2_2_6_sol_genconfig_mslp_seed_38_alpha_10p.txt;Gurobi;AUTOMATIC;17.68;_bash_2;_seed_38_alpha_10p;1910.18;1;2056.2;/dados/rmelo/PDPTW-SE/benchmark_multi_floor_v3/official_experiments/multistartlp/preliminar/set_01_pt_03/logs/heur_mslp/timelines/40R_40V_04F_05M/LR2_2_6_timeline_genconfig_mslp_seed_38_alpha_10p.txt;2554.5;t2;0;7956.52;false
0.1;0.04;0.08;0.12;0.0;0.07;6;/dados/rmelo/PDPTW-SE/benchmark_multi_floor_v3/official_experiments/multistartlp/preliminar/set_01_pt_03/logs/heur_mslp/outputs/csvresults_heur_mslp_bash_2.csv;0;5;1;122;1;0.0;0.5;true;62;2;LR1_2_6_t1_60R_60V_02F_05M;/dados/rmelo/PDPTW-SE/benchmark_multi_floor_v3/official_experiments/multistartlp/preliminar/set_01_pt_03/configs/genconfig_mslp.conf;genconfig_mslp;/dados/rmelo/PDPTW-SE/benchmark_multi_floor_v3/official_experiments/multistartlp/preliminar/set_01_pt_03/logs/heur_mslp/gurobi/60R_60V_02F_05M/LR1_2_6_grb_genconfig_mslp_seed_38_alpha_10p.log;random;60R_60V_02F_05M;1;58019;1;/dados/rmelo/PDPTW-SE/benchmark_multi_floor_v3/official_experiments/multistartlp/preliminar/set_01_pt_03/../../../../instances/orig_ams_fg/60R_60V_02F_06M/t1/LR1_2_6/;60000;35961;0;11937.95;121;61;H;50;95;0;100.0;30.0;true;0.95;100.0;1.0;1.0;1.0;1.0;60;M;1981;1981;false;82;0.93;191.73;0.91;41;10;1000000;-1;3600;4.97;0.7;0.51;mslp;heur;0.28;0.1;-1;3600;60000;I;60;1.0;0.38;LR1_2_6;0;/dados/rmelo/PDPTW-SE/benchmark_multi_floor_v3/official_experiments/multistartlp/preliminar/set_01_pt_03/logs;0;0;0;96.7;100.0;1;38;/dados/rmelo/PDPTW-SE/benchmark_multi_floor_v3/official_experiments/multistartlp/preliminar/set_01_pt_03/logs/heur_mslp/solutions/60R_60V_02F_05M/LR1_2_6_sol_genconfig_mslp_seed_38_alpha_10p.txt;Gurobi;AUTOMATIC;17.63;_bash_2;_seed_38_alpha_10p;98.4;1;288.4;/dados/rmelo/PDPTW-SE/benchmark_multi_floor_v3/official_experiments/multistartlp/preliminar/set_01_pt_03/logs/heur_mslp/timelines/60R_60V_02F_05M/LR1_2_6_timeline_genconfig_mslp_seed_38_alpha_10p.txt;480.22;t1;0;10168.53;false
0.1;0.01;0.02;0.03;0.0;0.04;5;/dados/rmelo/PDPTW-SE/benchmark_multi_floor_v3/official_experiments/multistartlp/preliminar/set_01_pt_03/logs/heur_mslp/outputs/csvresults_heur_mslp_bash_2.csv;0;5;1;122;1;0.0;0.5;true;62;2;LR2_2_6_t2_60R_60V_02F_05M;/dados/rmelo/PDPTW-SE/benchmark_multi_floor_v3/official_experiments/multistartlp/preliminar/set_01_pt_03/configs/genconfig_mslp.conf;genconfig_mslp;/dados/rmelo/PDPTW-SE/benchmark_multi_floor_v3/official_experiments/multistartlp/preliminar/set_01_pt_03/logs/heur_mslp/gurobi/60R_60V_02F_05M/LR2_2_6_grb_genconfig_mslp_seed_38_alpha_10p.log;random;60R_60V_02F_05M;1;0;1;/dados/rmelo/PDPTW-SE/benchmark_multi_floor_v3/official_experiments/multistartlp/preliminar/set_01_pt_03/../../../../instances/orig_ams_fg/60R_60V_02F_06M/t2/LR2_2_6/;55753;19588;0;12983.34;121;61;H;50;95;0;100.0;30.0;true;0.95;100.0;1.0;1.0;1.0;1.0;60;M;55753;55753;false;80;0.92;185.63;1.0;40;10;1000000;-1;3600;5.25;0.71;0.98;mslp;heur;0.24;0.96;-1;3600;60000;I;60;0.8;0.1;LR2_2_6;0;/dados/rmelo/PDPTW-SE/benchmark_multi_floor_v3/official_experiments/multistartlp/preliminar/set_01_pt_03/logs;0;0;0;0.0;100.0;1;38;/dados/rmelo/PDPTW-SE/benchmark_multi_floor_v3/official_experiments/multistartlp/preliminar/set_01_pt_03/logs/heur_mslp/solutions/60R_60V_02F_05M/LR2_2_6_sol_genconfig_mslp_seed_38_alpha_10p.txt;Gurobi;AUTOMATIC;17.94;_bash_2;_seed_38_alpha_10p;2924.69;1;1268.63;/dados/rmelo/PDPTW-SE/benchmark_multi_floor_v3/official_experiments/multistartlp/preliminar/set_01_pt_03/logs/heur_mslp/timelines/60R_60V_02F_05M/LR2_2_6_timeline_genconfig_mslp_seed_38_alpha_10p.txt;3600.01;t2;0;10768.77;false
0.1;0.13;0.21;0.34;0.0;0.06;7;/dados/rmelo/PDPTW-SE/benchmark_multi_floor_v3/official_experiments/multistartlp/preliminar/set_01_pt_03/logs/heur_mslp/outputs/csvresults_heur_mslp_bash_2.csv;0;5;1;122;1;0.0;0.5;true;62;2;LR1_2_9_t1_60R_60V_04F_05M;/dados/rmelo/PDPTW-SE/benchmark_multi_floor_v3/official_experiments/multistartlp/preliminar/set_01_pt_03/configs/genconfig_mslp.conf;genconfig_mslp;/dados/rmelo/PDPTW-SE/benchmark_multi_floor_v3/official_experiments/multistartlp/preliminar/set_01_pt_03/logs/heur_mslp/gurobi/60R_60V_04F_05M/LR1_2_9_grb_genconfig_mslp_seed_38_alpha_10p.log;random;60R_60V_04F_05M;1;59948;1;/dados/rmelo/PDPTW-SE/benchmark_multi_floor_v3/official_experiments/multistartlp/preliminar/set_01_pt_03/../../../../instances/orig_ams_fg/60R_60V_04F_06M/t1/LR1_2_9/;60000;44574;0;14383.88;121;61;H;50;95;0;100.0;30.0;true;0.95;100.0;1.0;1.0;1.0;1.0;60;M;52;52;false;86;0.96;198.99;0.93;43;10;1000000;-1;3600;7.73;0.64;0.45;mslp;heur;0.35;0.06;-1;3600;60000;I;60;1.0;0.47;LR1_2_9;0;/dados/rmelo/PDPTW-SE/benchmark_multi_floor_v3/official_experiments/multistartlp/preliminar/set_01_pt_03/logs;0;0;0;99.91;100.0;1;38;/dados/rmelo/PDPTW-SE/benchmark_multi_floor_v3/official_experiments/multistartlp/preliminar/set_01_pt_03/logs/heur_mslp/solutions/60R_60V_04F_05M/LR1_2_9_sol_genconfig_mslp_seed_38_alpha_10p.txt;Gurobi;AUTOMATIC;17.61;_bash_2;_seed_38_alpha_10p;4.02;1;376.4;/dados/rmelo/PDPTW-SE/benchmark_multi_floor_v3/official_experiments/multistartlp/preliminar/set_01_pt_03/logs/heur_mslp/timelines/60R_60V_04F_05M/LR1_2_9_timeline_genconfig_mslp_seed_38_alpha_10p.txt;506.19;t1;0;12372.73;false
0.1;0.02;0.04;0.07;0.01;0.02;3;/dados/rmelo/PDPTW-SE/benchmark_multi_floor_v3/official_experiments/multistartlp/preliminar/set_01_pt_03/logs/heur_mslp/outputs/csvresults_heur_mslp_bash_2.csv;0;5;1;122;1;0.0;0.5;true;62;2;LR2_2_7_t2_60R_60V_04F_05M;/dados/rmelo/PDPTW-SE/benchmark_multi_floor_v3/official_experiments/multistartlp/preliminar/set_01_pt_03/configs/genconfig_mslp.conf;genconfig_mslp;/dados/rmelo/PDPTW-SE/benchmark_multi_floor_v3/official_experiments/multistartlp/preliminar/set_01_pt_03/logs/heur_mslp/gurobi/60R_60V_04F_05M/LR2_2_7_grb_genconfig_mslp_seed_38_alpha_10p.log;random;60R_60V_04F_05M;1;7836;1;/dados/rmelo/PDPTW-SE/benchmark_multi_floor_v3/official_experiments/multistartlp/preliminar/set_01_pt_03/../../../../instances/orig_ams_fg/60R_60V_04F_06M/t2/LR2_2_7/;31498;31310;0;12266.43;121;61;H;50;95;0;100.0;30.0;true;0.95;100.0;1.0;1.0;1.0;1.0;60;M;23661;23662;false;78;0.95;195.28;1.0;39;10;1000000;-1;3600;1.46;0.7;0.95;mslp;heur;0.31;0.88;-1;3600;60000;I;60;1.0;0.1;LR2_2_7;0;/dados/rmelo/PDPTW-SE/benchmark_multi_floor_v3/official_experiments/multistartlp/preliminar/set_01_pt_03/logs;0;0;0;24.88;100.0;1;38;/dados/rmelo/PDPTW-SE/benchmark_multi_floor_v3/official_experiments/multistartlp/preliminar/set_01_pt_03/logs/heur_mslp/solutions/60R_60V_04F_05M/LR2_2_7_sol_genconfig_mslp_seed_38_alpha_10p.txt;Gurobi;AUTOMATIC;17.78;_bash_2;_seed_38_alpha_10p;344.45;1;3578.4;/dados/rmelo/PDPTW-SE/benchmark_multi_floor_v3/official_experiments/multistartlp/preliminar/set_01_pt_03/logs/heur_mslp/timelines/60R_60V_04F_05M/LR2_2_7_timeline_genconfig_mslp_seed_38_alpha_10p.txt;3600.03;t2;0;10685.3;false
0.1;0.01;0.06;0.07;0.0;0.0;3;/dados/rmelo/PDPTW-SE/benchmark_multi_floor_v3/official_experiments/multistartlp/preliminar/set_01_pt_03/logs/heur_mslp/outputs/csvresults_heur_mslp_bash_2.csv;0;3;1;18;1;0.0;0.5;true;10;2;lr107_t1_08R_08V_02F_03M;/dados/rmelo/PDPTW-SE/benchmark_multi_floor_v3/official_experiments/multistartlp/preliminar/set_01_pt_03/configs/genconfig_mslp.conf;genconfig_mslp;/dados/rmelo/PDPTW-SE/benchmark_multi_floor_v3/official_experiments/multistartlp/preliminar/set_01_pt_03/logs/heur_mslp/gurobi/08R_08V_02F_03M/lr107_grb_genconfig_mslp_seed_45_alpha_10p.log;random;08R_08V_02F_03M;1;0;1;/dados/rmelo/PDPTW-SE/benchmark_multi_floor_v3/official_experiments/multistartlp/preliminar/set_01_pt_03/../../../../instances/orig_ams_fg/08R_08V_02F_04M/t1/lr107/;60000;9;0;1027.36;17;9;H;50;95;0;100.0;30.0;true;0.95;100.0;1.0;1.0;1.0;1.0;60;M;60000;60000;false;40;0.94;80.43;0.88;20;10;1000000;-1;3600;15.99;0.73;0.58;mslp;heur;0.47;0.46;-1;3600;60000;I;8;1.0;0.62;lr107;0;/dados/rmelo/PDPTW-SE/benchmark_multi_floor_v3/official_experiments/multistartlp/preliminar/set_01_pt_03/logs;0;0;0;0.0;100.0;1;45;/dados/rmelo/PDPTW-SE/benchmark_multi_floor_v3/official_experiments/multistartlp/preliminar/set_01_pt_03/logs/heur_mslp/solutions/08R_08V_02F_03M/lr107_sol_genconfig_mslp_seed_45_alpha_10p.txt;Gurobi;AUTOMATIC;17.63;_bash_2;_seed_45_alpha_10p;9591.62;1;0.3;/dados/rmelo/PDPTW-SE/benchmark_multi_floor_v3/official_experiments/multistartlp/preliminar/set_01_pt_03/logs/heur_mslp/timelines/08R_08V_02F_03M/lr107_timeline_genconfig_mslp_seed_45_alpha_10p.txt;104.3;t1;0;843.14;false
0.1;0.0;0.02;0.02;0.0;0.0;7;/dados/rmelo/PDPTW-SE/benchmark_multi_floor_v3/official_experiments/multistartlp/preliminar/set_01_pt_03/logs/heur_mslp/outputs/csvresults_heur_mslp_bash_2.csv;0;3;1;18;1;0.0;0.5;true;10;2;lr210_t2_08R_08V_02F_03M;/dados/rmelo/PDPTW-SE/benchmark_multi_floor_v3/official_experiments/multistartlp/preliminar/set_01_pt_03/configs/genconfig_mslp.conf;genconfig_mslp;/dados/rmelo/PDPTW-SE/benchmark_multi_floor_v3/official_experiments/multistartlp/preliminar/set_01_pt_03/logs/heur_mslp/gurobi/08R_08V_02F_03M/lr210_grb_genconfig_mslp_seed_45_alpha_10p.log;random;08R_08V_02F_03M;1;836;1;/dados/rmelo/PDPTW-SE/benchmark_multi_floor_v3/official_experiments/multistartlp/preliminar/set_01_pt_03/../../../../instances/orig_ams_fg/08R_08V_02F_04M/t2/lr210/;60000;51783;0;1252.3;17;9;H;50;95;0;100.0;30.0;true;0.95;100.0;1.0;1.0;1.0;1.0;60;M;59164;59164;false;58;0.71;75.46;0.93;29;10;1000000;-1;3600;31.0;0.71;0.93;mslp;heur;0.71;0.93;-1;3600;60000;I;8;0.67;0.12;lr210;0;/dados/rmelo/PDPTW-SE/benchmark_multi_floor_v3/official_experiments/multistartlp/preliminar/set_01_pt_03/logs;0;0;0;1.39;100.0;1;45;/dados/rmelo/PDPTW-SE/benchmark_multi_floor_v3/official_experiments/multistartlp/preliminar/set_01_pt_03/logs/heur_mslp/solutions/08R_08V_02F_03M/lr210_sol_genconfig_mslp_seed_45_alpha_10p.txt;Gurobi;AUTOMATIC;17.92;_bash_2;_seed_45_alpha_10p;18340.99;1;107.88;/dados/rmelo/PDPTW-SE/benchmark_multi_floor_v3/official_experiments/multistartlp/preliminar/set_01_pt_03/logs/heur_mslp/timelines/08R_08V_02F_03M/lr210_timeline_genconfig_mslp_seed_45_alpha_10p.txt;124.81;t2;0;706.87;false
0.1;0.1;0.19;0.29;0.0;0.05;9;/dados/rmelo/PDPTW-SE/benchmark_multi_floor_v3/official_experiments/multistartlp/preliminar/set_01_pt_03/logs/heur_mslp/outputs/csvresults_heur_mslp_bash_2.csv;0;3;1;18;1;0.0;0.5;true;10;2;lr106_t1_08R_08V_04F_03M;/dados/rmelo/PDPTW-SE/benchmark_multi_floor_v3/official_experiments/multistartlp/preliminar/set_01_pt_03/configs/genconfig_mslp.conf;genconfig_mslp;/dados/rmelo/PDPTW-SE/benchmark_multi_floor_v3/official_experiments/multistartlp/preliminar/set_01_pt_03/logs/heur_mslp/gurobi/08R_08V_04F_03M/lr106_grb_genconfig_mslp_seed_45_alpha_10p.log;random;08R_08V_04F_03M;1;17013;1;/dados/rmelo/PDPTW-SE/benchmark_multi_floor_v3/official_experiments/multistartlp/preliminar/set_01_pt_03/../../../../instances/orig_ams_fg/08R_08V_04F_04M/t1/lr106/;60000;774;0;1320.14;17;9;H;50;95;0;100.0;30.0;true;0.95;100.0;1.0;1.0;1.0;1.0;60;M;42987;42987;false;52;0.82;85.78;0.67;26;10;1000000;-1;3600;19.15;0.62;0.33;mslp;heur;0.35;0.09;-1;3600;60000;I;8;1.0;0.88;lr106;0;/dados/rmelo/PDPTW-SE/benchmark_multi_floor_v3/official_experiments/multistartlp/preliminar/set_01_pt_03/logs;0;0;0;28.36;100.0;1;45;/dados/rmelo/PDPTW-SE/benchmark_multi_floor_v3/official_experiments/multistartlp/preliminar/set_01_pt_03/logs/heur_mslp/solutions/08R_08V_04F_03M/lr106_sol_genconfig_mslp_seed_45_alpha_10p.txt;Gurobi;AUTOMATIC;18.01;_bash_2;_seed_45_alpha_10p;8232.42;1;1.56;/dados/rmelo/PDPTW-SE/benchmark_multi_floor_v3/official_experiments/multistartlp/preliminar/set_01_pt_03/logs/heur_mslp/timelines/08R_08V_04F_03M/lr106_timeline_genconfig_mslp_seed_45_alpha_10p.txt;96.29;t1;0;1010.71;false
0.1;0.01;0.03;0.04;0.0;0.0;6;/dados/rmelo/PDPTW-SE/benchmark_multi_floor_v3/official_experiments/multistartlp/preliminar/set_01_pt_03/logs/heur_mslp/outputs/csvresults_heur_mslp_bash_2.csv;0;3;1;18;1;0.0;0.5;true;10;2;lr209_t2_08R_08V_04F_03M;/dados/rmelo/PDPTW-SE/benchmark_multi_floor_v3/official_experiments/multistartlp/preliminar/set_01_pt_03/configs/genconfig_mslp.conf;genconfig_mslp;/dados/rmelo/PDPTW-SE/benchmark_multi_floor_v3/official_experiments/multistartlp/preliminar/set_01_pt_03/logs/heur_mslp/gurobi/08R_08V_04F_03M/lr209_grb_genconfig_mslp_seed_45_alpha_10p.log;random;08R_08V_04F_03M;1;0;1;/dados/rmelo/PDPTW-SE/benchmark_multi_floor_v3/official_experiments/multistartlp/preliminar/set_01_pt_03/../../../../instances/orig_ams_fg/08R_08V_04F_04M/t2/lr209/;60000;5562;0;1516.7;17;9;H;50;95;0;100.0;30.0;true;0.95;100.0;1.0;1.0;1.0;1.0;60;M;54314;60000;false;46;0.68;79.88;0.93;23;10;1000000;-1;3600;21.18;0.42;0.85;mslp;heur;0.16;0.77;-1;3600;60000;I;8;0.67;0.25;lr209;0;/dados/rmelo/PDPTW-SE/benchmark_multi_floor_v3/official_experiments/multistartlp/preliminar/set_01_pt_03/logs;0;0;0;0.0;90.52;1;45;/dados/rmelo/PDPTW-SE/benchmark_multi_floor_v3/official_experiments/multistartlp/preliminar/set_01_pt_03/logs/heur_mslp/solutions/08R_08V_04F_03M/lr209_sol_genconfig_mslp_seed_45_alpha_10p.txt;Gurobi;AUTOMATIC;17.72;_bash_2;_seed_45_alpha_10p;12708.41;1;14.46;/dados/rmelo/PDPTW-SE/benchmark_multi_floor_v3/official_experiments/multistartlp/preliminar/set_01_pt_03/logs/heur_mslp/timelines/08R_08V_04F_03M/lr209_timeline_genconfig_mslp_seed_45_alpha_10p.txt;151.71;t2;0;838.87;false
0.1;0.04;0.07;0.11;0.0;0.0;13;/dados/rmelo/PDPTW-SE/benchmark_multi_floor_v3/official_experiments/multistartlp/preliminar/set_01_pt_03/logs/heur_mslp/outputs/csvresults_heur_mslp_bash_2.csv;0;3;1;26;1;0.0;0.5;true;14;2;lr109_t1_12R_12V_02F_03M;/dados/rmelo/PDPTW-SE/benchmark_multi_floor_v3/official_experiments/multistartlp/preliminar/set_01_pt_03/configs/genconfig_mslp.conf;genconfig_mslp;/dados/rmelo/PDPTW-SE/benchmark_multi_floor_v3/official_experiments/multistartlp/preliminar/set_01_pt_03/logs/heur_mslp/gurobi/12R_12V_02F_03M/lr109_grb_genconfig_mslp_seed_45_alpha_10p.log;random;12R_12V_02F_03M;1;14341;1;/dados/rmelo/PDPTW-SE/benchmark_multi_floor_v3/official_experiments/multistartlp/preliminar/set_01_pt_03/../../../../instances/orig_ams_fg/12R_12V_02F_04M/t1/lr109/;60000;41114;0;1273.94;25;13;H;50;95;0;100.0;30.0;true;0.95;100.0;1.0;1.0;1.0;1.0;60;M;45659;45659;false;58;0.79;78.59;0.95;29;10;1000000;-1;3600;9.53;0.63;0.4;mslp;heur;0.53;0.19;-1;3600;60000;I;12;1.0;0.58;lr109;0;/dados/rmelo/PDPTW-SE/benchmark_multi_floor_v3/official_experiments/multistartlp/preliminar/set_01_pt_03/logs;0;0;0;23.9;100.0;1;45;/dados/rmelo/PDPTW-SE/benchmark_multi_floor_v3/official_experiments/multistartlp/preliminar/set_01_pt_03/logs/heur_mslp/solutions/12R_12V_02F_03M/lr109_sol_genconfig_mslp_seed_45_alpha_10p.txt;Gurobi;AUTOMATIC;18.19;_bash_2;_seed_45_alpha_10p;4350.97;1;78.46;/dados/rmelo/PDPTW-SE/benchmark_multi_floor_v3/official_experiments/multistartlp/preliminar/set_01_pt_03/logs/heur_mslp/timelines/12R_12V_02F_03M/lr109_timeline_genconfig_mslp_seed_45_alpha_10p.txt;114.47;t1;0;1006.78;false
0.1;0.0;0.02;0.02;0.0;0.0;11;/dados/rmelo/PDPTW-SE/benchmark_multi_floor_v3/official_experiments/multistartlp/preliminar/set_01_pt_03/logs/heur_mslp/outputs/csvresults_heur_mslp_bash_2.csv;0;3;1;26;1;0.0;0.5;true;14;2;lr207_t2_12R_12V_02F_03M;/dados/rmelo/PDPTW-SE/benchmark_multi_floor_v3/official_experiments/multistartlp/preliminar/set_01_pt_03/configs/genconfig_mslp.conf;genconfig_mslp;/dados/rmelo/PDPTW-SE/benchmark_multi_floor_v3/official_experiments/multistartlp/preliminar/set_01_pt_03/logs/heur_mslp/gurobi/12R_12V_02F_03M/lr207_grb_genconfig_mslp_seed_45_alpha_10p.log;random;12R_12V_02F_03M;1;0;1;/dados/rmelo/PDPTW-SE/benchmark_multi_floor_v3/official_experiments/multistartlp/preliminar/set_01_pt_03/../../../../instances/orig_ams_fg/12R_12V_02F_04M/t2/lr207/;60000;52824;0;1655.54;25;13;H;50;95;0;100.0;30.0;true;0.95;100.0;1.0;1.0;1.0;1.0;60;M;59954;60000;false;40;0.77;83.45;0.95;20;10;1000000;-1;3600;12.66;0.55;0.72;mslp;heur;0.32;0.5;-1;3600;60000;I;12;0.67;0.17;lr207;0;/dados/rmelo/PDPTW-SE/benchmark_multi_floor_v3/official_experiments/multistartlp/preliminar/set_01_pt_03/logs;0;0;0;0.0;99.92;1;45;/dados/rmelo/PDPTW-SE/benchmark_multi_floor_v3/official_experiments/multistartlp/preliminar/set_01_pt_03/logs/heur_mslp/solutions/12R_12V_02F_03M/lr207_sol_genconfig_mslp_seed_45_alpha_10p.txt;Gurobi;AUTOMATIC;17.95;_bash_2;_seed_45_alpha_10p;7598.18;1;209.52;/dados/rmelo/PDPTW-SE/benchmark_multi_floor_v3/official_experiments/multistartlp/preliminar/set_01_pt_03/logs/heur_mslp/timelines/12R_12V_02F_03M/lr207_timeline_genconfig_mslp_seed_45_alpha_10p.txt;237.77;t2;0;1094.69;false
0.1;0.22;0.32;0.54;0.0;0.0;12;/dados/rmelo/PDPTW-SE/benchmark_multi_floor_v3/official_experiments/multistartlp/preliminar/set_01_pt_03/logs/heur_mslp/outputs/csvresults_heur_mslp_bash_2.csv;0;3;1;26;1;0.0;0.5;true;14;2;lr106_t1_12R_12V_04F_03M;/dados/rmelo/PDPTW-SE/benchmark_multi_floor_v3/official_experiments/multistartlp/preliminar/set_01_pt_03/configs/genconfig_mslp.conf;genconfig_mslp;/dados/rmelo/PDPTW-SE/benchmark_multi_floor_v3/official_experiments/multistartlp/preliminar/set_01_pt_03/logs/heur_mslp/gurobi/12R_12V_04F_03M/lr106_grb_genconfig_mslp_seed_45_alpha_10p.log;random;12R_12V_04F_03M;1;41036;1;/dados/rmelo/PDPTW-SE/benchmark_multi_floor_v3/official_experiments/multistartlp/preliminar/set_01_pt_03/../../../../instances/orig_ams_fg/12R_12V_04F_04M/t1/lr106/;60000;35261;0;1682.88;25;13;H;50;95;0;100.0;30.0;true;0.95;100.0;1.0;1.0;1.0;1.0;60;M;18964;18964;false;52;0.86;86.16;0.65;26;10;1000000;-1;3600;11.42;0.69;0.4;mslp;heur;0.56;0.21;-1;3600;60000;I;12;1.0;0.75;lr106;0;/dados/rmelo/PDPTW-SE/benchmark_multi_floor_v3/official_experiments/multistartlp/preliminar/set_01_pt_03/logs;0;0;0;68.39;100.0;1;45;/dados/rmelo/PDPTW-SE/benchmark_multi_floor_v3/official_experiments/multistartlp/preliminar/set_01_pt_03/logs/heur_mslp/solutions/12R_12V_04F_03M/lr106_sol_genconfig_mslp_seed_45_alpha_10p.txt;Gurobi;AUTOMATIC;17.9;_bash_2;_seed_45_alpha_10p;2165.63;1;46.66;/dados/rmelo/PDPTW-SE/benchmark_multi_floor_v3/official_experiments/multistartlp/preliminar/set_01_pt_03/logs/heur_mslp/timelines/12R_12V_04F_03M/lr106_timeline_genconfig_mslp_seed_45_alpha_10p.txt;79.23;t1;0;1418.71;false
0.1;0.01;0.03;0.04;0.0;0.01;16;/dados/rmelo/PDPTW-SE/benchmark_multi_floor_v3/official_experiments/multistartlp/preliminar/set_01_pt_03/logs/heur_mslp/outputs/csvresults_heur_mslp_bash_2.csv;0;3;1;26;1;0.0;0.5;true;14;2;lr209_t2_12R_12V_04F_03M;/dados/rmelo/PDPTW-SE/benchmark_multi_floor_v3/official_experiments/multistartlp/preliminar/set_01_pt_03/configs/genconfig_mslp.conf;genconfig_mslp;/dados/rmelo/PDPTW-SE/benchmark_multi_floor_v3/official_experiments/multistartlp/preliminar/set_01_pt_03/logs/heur_mslp/gurobi/12R_12V_04F_03M/lr209_grb_genconfig_mslp_seed_45_alpha_10p.log;random;12R_12V_04F_03M;1;0;1;/dados/rmelo/PDPTW-SE/benchmark_multi_floor_v3/official_experiments/multistartlp/preliminar/set_01_pt_03/../../../../instances/orig_ams_fg/12R_12V_04F_04M/t2/lr209/;60000;34211;0;1533.76;25;13;H;50;95;0;100.0;30.0;true;0.95;100.0;1.0;1.0;1.0;1.0;60;M;60000;60000;false;46;0.71;91.85;0.87;23;10;1000000;-1;3600;13.56;0.6;0.76;mslp;heur;0.48;0.66;-1;3600;60000;I;12;1.0;0.17;lr209;0;/dados/rmelo/PDPTW-SE/benchmark_multi_floor_v3/official_experiments/multistartlp/preliminar/set_01_pt_03/logs;0;0;0;0.0;100.0;1;45;/dados/rmelo/PDPTW-SE/benchmark_multi_floor_v3/official_experiments/multistartlp/preliminar/set_01_pt_03/logs/heur_mslp/solutions/12R_12V_04F_03M/lr209_sol_genconfig_mslp_seed_45_alpha_10p.txt;Gurobi;AUTOMATIC;17.74;_bash_2;_seed_45_alpha_10p;8134.83;1;136.15;/dados/rmelo/PDPTW-SE/benchmark_multi_floor_v3/official_experiments/multistartlp/preliminar/set_01_pt_03/logs/heur_mslp/timelines/12R_12V_04F_03M/lr209_timeline_genconfig_mslp_seed_45_alpha_10p.txt;238.42;t2;0;1196.68;false
0.1;0.02;0.04;0.06;0.01;0.1;4;/dados/rmelo/PDPTW-SE/benchmark_multi_floor_v3/official_experiments/multistartlp/preliminar/set_01_pt_03/logs/heur_mslp/outputs/csvresults_heur_mslp_bash_2.csv;0;5;1;82;1;0.0;0.5;true;42;2;LR1_2_6_t1_40R_40V_02F_05M;/dados/rmelo/PDPTW-SE/benchmark_multi_floor_v3/official_experiments/multistartlp/preliminar/set_01_pt_03/configs/genconfig_mslp.conf;genconfig_mslp;/dados/rmelo/PDPTW-SE/benchmark_multi_floor_v3/official_experiments/multistartlp/preliminar/set_01_pt_03/logs/heur_mslp/gurobi/40R_40V_02F_05M/LR1_2_6_grb_genconfig_mslp_seed_45_alpha_10p.log;random;40R_40V_02F_05M;1;59088;1;/dados/rmelo/PDPTW-SE/benchmark_multi_floor_v3/official_experiments/multistartlp/preliminar/set_01_pt_03/../../../../instances/orig_ams_fg/40R_40V_02F_06M/t1/LR1_2_6/;60000;23527;0;9342.25;81;41;H;50;95;0;100.0;30.0;true;0.95;100.0;1.0;1.0;1.0;1.0;60;M;912;912;false;72;1.0;184.05;0.93;36;10;1000000;-1;3600;4.32;0.42;0.56;mslp;heur;0.22;0.17;-1;3600;60000;I;40;1.0;0.4;LR1_2_6;0;/dados/rmelo/PDPTW-SE/benchmark_multi_floor_v3/official_experiments/multistartlp/preliminar/set_01_pt_03/logs;0;0;0;98.48;100.0;1;45;/dados/rmelo/PDPTW-SE/benchmark_multi_floor_v3/official_experiments/multistartlp/preliminar/set_01_pt_03/logs/heur_mslp/solutions/40R_40V_02F_05M/LR1_2_6_sol_genconfig_mslp_seed_45_alpha_10p.txt;Gurobi;AUTOMATIC;17.63;_bash_2;_seed_45_alpha_10p;39.38;1;83.45;/dados/rmelo/PDPTW-SE/benchmark_multi_floor_v3/official_experiments/multistartlp/preliminar/set_01_pt_03/logs/heur_mslp/timelines/40R_40V_02F_05M/LR1_2_6_timeline_genconfig_mslp_seed_45_alpha_10p.txt;212.6;t1;0;7725.95;false
0.1;0.0;0.01;0.02;0.01;0.09;7;/dados/rmelo/PDPTW-SE/benchmark_multi_floor_v3/official_experiments/multistartlp/preliminar/set_01_pt_03/logs/heur_mslp/outputs/csvresults_heur_mslp_bash_2.csv;0;5;1;82;1;0.0;0.5;true;42;2;LR2_2_9_t2_40R_40V_02F_05M;/dados/rmelo/PDPTW-SE/benchmark_multi_floor_v3/official_experiments/multistartlp/preliminar/set_01_pt_03/configs/genconfig_mslp.conf;genconfig_mslp;/dados/rmelo/PDPTW-SE/benchmark_multi_floor_v3/official_experiments/multistartlp/preliminar/set_01_pt_03/logs/heur_mslp/gurobi/40R_40V_02F_05M/LR2_2_9_grb_genconfig_mslp_seed_45_alpha_10p.log;random;40R_40V_02F_05M;1;0;1;/dados/rmelo/PDPTW-SE/benchmark_multi_floor_v3/official_experiments/multistartlp/preliminar/set_01_pt_03/../../../../instances/orig_ams_fg/40R_40V_02F_06M/t2/LR2_2_9/;60000;49431;0;11177.42;81;41;H;50;95;0;100.0;30.0;true;0.95;100.0;1.0;1.0;1.0;1.0;60;M;60000;60000;false;74;0.78;179.34;1.0;37;10;1000000;-1;3600;7.33;0.63;0.97;mslp;heur;0.3;0.93;-1;3600;60000;I;40;1.0;0.12;LR2_2_9;0;/dados/rmelo/PDPTW-SE/benchmark_multi_floor_v3/official_experiments/multistartlp/preliminar/set_01_pt_03/logs;0;0;0;0.0;100.0;1;45;/dados/rmelo/PDPTW-SE/benchmark_multi_floor_v3/official_experiments/multistartlp/preliminar/set_01_pt_03/logs/heur_mslp/solutions/40R_40V_02F_05M/LR2_2_9_sol_genconfig_mslp_seed_45_alpha_10p.txt;Gurobi;AUTOMATIC;17.66;_bash_2;_seed_45_alpha_10p;4398.32;1;1046.53;/dados/rmelo/PDPTW-SE/benchmark_multi_floor_v3/official_experiments/multistartlp/preliminar/set_01_pt_03/logs/heur_mslp/timelines/40R_40V_02F_05M/LR2_2_9_timeline_genconfig_mslp_seed_45_alpha_10p.txt;1270.37;t2;0;7986.87;false
0.1;0.11;0.16;0.27;0.0;0.02;9;/dados/rmelo/PDPTW-SE/benchmark_multi_floor_v3/official_experiments/multistartlp/preliminar/set_01_pt_03/logs/heur_mslp/outputs/csvresults_heur_mslp_bash_2.csv;0;5;1;82;1;0.0;0.5;true;42;2;LR1_2_10_t1_40R_40V_04F_05M;/dados/rmelo/PDPTW-SE/benchmark_multi_floor_v3/official_experiments/multistartlp/preliminar/set_01_pt_03/configs/genconfig_mslp.conf;genconfig_mslp;/dados/rmelo/PDPTW-SE/benchmark_multi_floor_v3/official_experiments/multistartlp/preliminar/set_01_pt_03/logs/heur_mslp/gurobi/40R_40V_04F_05M/LR1_2_10_grb_genconfig_mslp_seed_45_alpha_10p.log;random;40R_40V_04F_05M;1;59496;1;/dados/rmelo/PDPTW-SE/benchmark_multi_floor_v3/official_experiments/multistartlp/preliminar/set_01_pt_03/../../../../instances/orig_ams_fg/40R_40V_04F_06M/t1/LR1_2_10/;60000;34606;0;9034.45;81;41;H;50;95;0;100.0;30.0;true;0.95;100.0;1.0;1.0;1.0;1.0;60;M;504;504;false;72;0.99;178.35;0.99;36;10;1000000;-1;3600;6.23;0.66;0.52;mslp;heur;0.32;0.18;-1;3600;60000;I;40;1.0;0.45;LR1_2_10;0;/dados/rmelo/PDPTW-SE/benchmark_multi_floor_v3/official_experiments/multistartlp/preliminar/set_01_pt_03/logs;0;0;0;99.16;100.0;1;45;/dados/rmelo/PDPTW-SE/benchmark_multi_floor_v3/official_experiments/multistartlp/preliminar/set_01_pt_03/logs/heur_mslp/solutions/40R_40V_04F_05M/LR1_2_10_sol_genconfig_mslp_seed_45_alpha_10p.txt;Gurobi;AUTOMATIC;17.52;_bash_2;_seed_45_alpha_10p;31.42;1;148.59;/dados/rmelo/PDPTW-SE/benchmark_multi_floor_v3/official_experiments/multistartlp/preliminar/set_01_pt_03/logs/heur_mslp/timelines/40R_40V_04F_05M/LR1_2_10_timeline_genconfig_mslp_seed_45_alpha_10p.txt;259.42;t1;0;7488.57;false
0.1;0.02;0.04;0.06;0.0;0.02;6;/dados/rmelo/PDPTW-SE/benchmark_multi_floor_v3/official_experiments/multistartlp/preliminar/set_01_pt_03/logs/heur_mslp/outputs/csvresults_heur_mslp_bash_2.csv;0;5;1;82;1;0.0;0.5;true;42;2;LR2_2_6_t2_40R_40V_04F_05M;/dados/rmelo/PDPTW-SE/benchmark_multi_floor_v3/official_experiments/multistartlp/preliminar/set_01_pt_03/configs/genconfig_mslp.conf;genconfig_mslp;/dados/rmelo/PDPTW-SE/benchmark_multi_floor_v3/official_experiments/multistartlp/preliminar/set_01_pt_03/logs/heur_mslp/gurobi/40R_40V_04F_05M/LR2_2_6_grb_genconfig_mslp_seed_45_alpha_10p.log;random;40R_40V_04F_05M;1;0;1;/dados/rmelo/PDPTW-SE/benchmark_multi_floor_v3/official_experiments/multistartlp/preliminar/set_01_pt_03/../../../../instances/orig_ams_fg/40R_40V_04F_06M/t2/LR2_2_6/;60000;362;0;10036.22;81;41;H;50;95;0;100.0;30.0;true;0.95;100.0;1.0;1.0;1.0;1.0;60;M;60000;60000;false;80;0.86;192.66;1.0;40;10;1000000;-1;3600;3.18;0.78;0.99;mslp;heur;0.6;0.98;-1;3600;60000;I;40;1.0;0.1;LR2_2_6;0;/dados/rmelo/PDPTW-SE/benchmark_multi_floor_v3/official_experiments/multistartlp/preliminar/set_01_pt_03/logs;0;0;0;0.0;100.0;1;45;/dados/rmelo/PDPTW-SE/benchmark_multi_floor_v3/official_experiments/multistartlp/preliminar/set_01_pt_03/logs/heur_mslp/solutions/40R_40V_04F_05M/LR2_2_6_sol_genconfig_mslp_seed_45_alpha_10p.txt;Gurobi;AUTOMATIC;17.62;_bash_2;_seed_45_alpha_10p;1908.34;1;15.79;/dados/rmelo/PDPTW-SE/benchmark_multi_floor_v3/official_experiments/multistartlp/preliminar/set_01_pt_03/logs/heur_mslp/timelines/40R_40V_04F_05M/LR2_2_6_timeline_genconfig_mslp_seed_45_alpha_10p.txt;2566.77;t2;0;7915.51;false
0.1;0.04;0.07;0.11;0.0;0.08;5;/dados/rmelo/PDPTW-SE/benchmark_multi_floor_v3/official_experiments/multistartlp/preliminar/set_01_pt_03/logs/heur_mslp/outputs/csvresults_heur_mslp_bash_2.csv;0;5;1;122;1;0.0;0.5;true;62;2;LR1_2_6_t1_60R_60V_02F_05M;/dados/rmelo/PDPTW-SE/benchmark_multi_floor_v3/official_experiments/multistartlp/preliminar/set_01_pt_03/configs/genconfig_mslp.conf;genconfig_mslp;/dados/rmelo/PDPTW-SE/benchmark_multi_floor_v3/official_experiments/multistartlp/preliminar/set_01_pt_03/logs/heur_mslp/gurobi/60R_60V_02F_05M/LR1_2_6_grb_genconfig_mslp_seed_45_alpha_10p.log;random;60R_60V_02F_05M;1;58025;1;/dados/rmelo/PDPTW-SE/benchmark_multi_floor_v3/official_experiments/multistartlp/preliminar/set_01_pt_03/../../../../instances/orig_ams_fg/60R_60V_02F_06M/t1/LR1_2_6/;60000;4390;0;11490.04;121;61;H;50;95;0;100.0;30.0;true;0.95;100.0;1.0;1.0;1.0;1.0;60;M;1975;1975;false;82;0.98;191.73;1.0;41;10;1000000;-1;3600;4.97;0.68;0.51;mslp;heur;0.43;0.13;-1;3600;60000;I;60;1.0;0.38;LR1_2_6;0;/dados/rmelo/PDPTW-SE/benchmark_multi_floor_v3/official_experiments/multistartlp/preliminar/set_01_pt_03/logs;0;0;0;96.71;100.0;1;45;/dados/rmelo/PDPTW-SE/benchmark_multi_floor_v3/official_experiments/multistartlp/preliminar/set_01_pt_03/logs/heur_mslp/solutions/60R_60V_02F_05M/LR1_2_6_sol_genconfig_mslp_seed_45_alpha_10p.txt;Gurobi;AUTOMATIC;18.2;_bash_2;_seed_45_alpha_10p;98.15;1;35.2;/dados/rmelo/PDPTW-SE/benchmark_multi_floor_v3/official_experiments/multistartlp/preliminar/set_01_pt_03/logs/heur_mslp/timelines/60R_60V_02F_05M/LR1_2_6_timeline_genconfig_mslp_seed_45_alpha_10p.txt;479.66;t1;0;9988.29;false
0.1;0.01;0.02;0.03;0.01;0.01;5;/dados/rmelo/PDPTW-SE/benchmark_multi_floor_v3/official_experiments/multistartlp/preliminar/set_01_pt_03/logs/heur_mslp/outputs/csvresults_heur_mslp_bash_2.csv;0;5;1;122;1;0.0;0.5;true;62;2;LR2_2_6_t2_60R_60V_02F_05M;/dados/rmelo/PDPTW-SE/benchmark_multi_floor_v3/official_experiments/multistartlp/preliminar/set_01_pt_03/configs/genconfig_mslp.conf;genconfig_mslp;/dados/rmelo/PDPTW-SE/benchmark_multi_floor_v3/official_experiments/multistartlp/preliminar/set_01_pt_03/logs/heur_mslp/gurobi/60R_60V_02F_05M/LR2_2_6_grb_genconfig_mslp_seed_45_alpha_10p.log;random;60R_60V_02F_05M;1;0;1;/dados/rmelo/PDPTW-SE/benchmark_multi_floor_v3/official_experiments/multistartlp/preliminar/set_01_pt_03/../../../../instances/orig_ams_fg/60R_60V_02F_06M/t2/LR2_2_6/;55867;7634;0;13491.99;121;61;H;50;95;0;100.0;30.0;true;0.95;100.0;1.0;1.0;1.0;1.0;60;M;55867;55867;false;80;0.86;185.63;1.0;40;10;1000000;-1;3600;5.22;0.71;0.87;mslp;heur;0.26;0.39;-1;3600;60000;I;60;1.0;0.1;LR2_2_6;0;/dados/rmelo/PDPTW-SE/benchmark_multi_floor_v3/official_experiments/multistartlp/preliminar/set_01_pt_03/logs;0;0;0;0.0;100.0;1;45;/dados/rmelo/PDPTW-SE/benchmark_multi_floor_v3/official_experiments/multistartlp/preliminar/set_01_pt_03/logs/heur_mslp/solutions/60R_60V_02F_05M/LR2_2_6_sol_genconfig_mslp_seed_45_alpha_10p.txt;Gurobi;AUTOMATIC;17.87;_bash_2;_seed_45_alpha_10p;2918.75;1;490.34;/dados/rmelo/PDPTW-SE/benchmark_multi_floor_v3/official_experiments/multistartlp/preliminar/set_01_pt_03/logs/heur_mslp/timelines/60R_60V_02F_05M/LR2_2_6_timeline_genconfig_mslp_seed_45_alpha_10p.txt;3600.01;t2;0;10779.81;false
0.1;0.15;0.22;0.36;0.01;0.08;3;/dados/rmelo/PDPTW-SE/benchmark_multi_floor_v3/official_experiments/multistartlp/preliminar/set_01_pt_03/logs/heur_mslp/outputs/csvresults_heur_mslp_bash_2.csv;0;5;1;122;1;0.0;0.5;true;62;2;LR1_2_9_t1_60R_60V_04F_05M;/dados/rmelo/PDPTW-SE/benchmark_multi_floor_v3/official_experiments/multistartlp/preliminar/set_01_pt_03/configs/genconfig_mslp.conf;genconfig_mslp;/dados/rmelo/PDPTW-SE/benchmark_multi_floor_v3/official_experiments/multistartlp/preliminar/set_01_pt_03/logs/heur_mslp/gurobi/60R_60V_04F_05M/LR1_2_9_grb_genconfig_mslp_seed_45_alpha_10p.log;random;60R_60V_04F_05M;1;59945;1;/dados/rmelo/PDPTW-SE/benchmark_multi_floor_v3/official_experiments/multistartlp/preliminar/set_01_pt_03/../../../../instances/orig_ams_fg/60R_60V_04F_06M/t1/LR1_2_9/;60000;6519;0;15159.35;121;61;H;50;95;0;100.0;30.0;true;0.95;100.0;1.0;1.0;1.0;1.0;60;M;55;55;false;86;0.95;198.99;0.86;43;10;1000000;-1;3600;7.73;0.64;0.45;mslp;heur;0.35;0.06;-1;3600;60000;I;60;1.0;0.47;LR1_2_9;0;/dados/rmelo/PDPTW-SE/benchmark_multi_floor_v3/official_experiments/multistartlp/preliminar/set_01_pt_03/logs;0;0;0;99.91;100.0;1;45;/dados/rmelo/PDPTW-SE/benchmark_multi_floor_v3/official_experiments/multistartlp/preliminar/set_01_pt_03/logs/heur_mslp/solutions/60R_60V_04F_05M/LR1_2_9_sol_genconfig_mslp_seed_45_alpha_10p.txt;Gurobi;AUTOMATIC;17.71;_bash_2;_seed_45_alpha_10p;4.25;1;55.84;/dados/rmelo/PDPTW-SE/benchmark_multi_floor_v3/official_experiments/multistartlp/preliminar/set_01_pt_03/logs/heur_mslp/timelines/60R_60V_04F_05M/LR1_2_9_timeline_genconfig_mslp_seed_45_alpha_10p.txt;508.18;t1;0;12422.37;false
0.1;0.03;0.05;0.08;0.0;0.01;2;/dados/rmelo/PDPTW-SE/benchmark_multi_floor_v3/official_experiments/multistartlp/preliminar/set_01_pt_03/logs/heur_mslp/outputs/csvresults_heur_mslp_bash_2.csv;0;5;1;122;1;0.0;0.5;true;62;2;LR2_2_7_t2_60R_60V_04F_05M;/dados/rmelo/PDPTW-SE/benchmark_multi_floor_v3/official_experiments/multistartlp/preliminar/set_01_pt_03/configs/genconfig_mslp.conf;genconfig_mslp;/dados/rmelo/PDPTW-SE/benchmark_multi_floor_v3/official_experiments/multistartlp/preliminar/set_01_pt_03/logs/heur_mslp/gurobi/60R_60V_04F_05M/LR2_2_7_grb_genconfig_mslp_seed_45_alpha_10p.log;random;60R_60V_04F_05M;1;7707;1;/dados/rmelo/PDPTW-SE/benchmark_multi_floor_v3/official_experiments/multistartlp/preliminar/set_01_pt_03/../../../../instances/orig_ams_fg/60R_60V_04F_06M/t2/LR2_2_7/;31352;6240;0;12907.07;121;61;H;50;95;0;100.0;30.0;true;0.95;100.0;1.0;1.0;1.0;1.0;60;M;23645;23645;false;78;0.87;195.28;0.99;39;10;1000000;-1;3600;1.45;0.71;0.94;mslp;heur;0.32;0.89;-1;3600;60000;I;60;1.0;0.1;LR2_2_7;0;/dados/rmelo/PDPTW-SE/benchmark_multi_floor_v3/official_experiments/multistartlp/preliminar/set_01_pt_03/logs;0;0;0;24.58;100.0;1;45;/dados/rmelo/PDPTW-SE/benchmark_multi_floor_v3/official_experiments/multistartlp/preliminar/set_01_pt_03/logs/heur_mslp/solutions/60R_60V_04F_05M/LR2_2_7_sol_genconfig_mslp_seed_45_alpha_10p.txt;Gurobi;AUTOMATIC;17.46;_bash_2;_seed_45_alpha_10p;343.1;1;715.14;/dados/rmelo/PDPTW-SE/benchmark_multi_floor_v3/official_experiments/multistartlp/preliminar/set_01_pt_03/logs/heur_mslp/timelines/60R_60V_04F_05M/LR2_2_7_timeline_genconfig_mslp_seed_45_alpha_10p.txt;3600.07;t2;0;10772.86;false
0.1;0.01;0.06;0.07;0.0;0.0;3;/dados/rmelo/PDPTW-SE/benchmark_multi_floor_v3/official_experiments/multistartlp/preliminar/set_01_pt_03/logs/heur_mslp/outputs/csvresults_heur_mslp_bash_2.csv;0;3;1;18;1;0.0;0.5;true;10;2;lr107_t1_08R_08V_02F_03M;/dados/rmelo/PDPTW-SE/benchmark_multi_floor_v3/official_experiments/multistartlp/preliminar/set_01_pt_03/configs/genconfig_mslp.conf;genconfig_mslp;/dados/rmelo/PDPTW-SE/benchmark_multi_floor_v3/official_experiments/multistartlp/preliminar/set_01_pt_03/logs/heur_mslp/gurobi/08R_08V_02F_03M/lr107_grb_genconfig_mslp_seed_52_alpha_10p.log;random;08R_08V_02F_03M;1;0;1;/dados/rmelo/PDPTW-SE/benchmark_multi_floor_v3/official_experiments/multistartlp/preliminar/set_01_pt_03/../../../../instances/orig_ams_fg/08R_08V_02F_04M/t1/lr107/;60000;13;0;1006.12;17;9;H;50;95;0;100.0;30.0;true;0.95;100.0;1.0;1.0;1.0;1.0;60;M;60000;60000;false;40;0.94;80.43;0.72;20;10;1000000;-1;3600;15.98;0.73;0.56;mslp;heur;0.47;0.4;-1;3600;60000;I;8;1.0;0.62;lr107;0;/dados/rmelo/PDPTW-SE/benchmark_multi_floor_v3/official_experiments/multistartlp/preliminar/set_01_pt_03/logs;0;0;0;0.0;100.0;1;52;/dados/rmelo/PDPTW-SE/benchmark_multi_floor_v3/official_experiments/multistartlp/preliminar/set_01_pt_03/logs/heur_mslp/solutions/08R_08V_02F_03M/lr107_sol_genconfig_mslp_seed_52_alpha_10p.txt;Gurobi;AUTOMATIC;17.91;_bash_2;_seed_52_alpha_10p;9590.64;1;0.31;/dados/rmelo/PDPTW-SE/benchmark_multi_floor_v3/official_experiments/multistartlp/preliminar/set_01_pt_03/logs/heur_mslp/timelines/08R_08V_02F_03M/lr107_timeline_genconfig_mslp_seed_52_alpha_10p.txt;104.5;t1;0;843.14;false
0.1;0.0;0.02;0.02;0.0;0.0;2;/dados/rmelo/PDPTW-SE/benchmark_multi_floor_v3/official_experiments/multistartlp/preliminar/set_01_pt_03/logs/heur_mslp/outputs/csvresults_heur_mslp_bash_2.csv;0;3;1;18;1;0.0;0.5;true;10;2;lr210_t2_08R_08V_02F_03M;/dados/rmelo/PDPTW-SE/benchmark_multi_floor_v3/official_experiments/multistartlp/preliminar/set_01_pt_03/configs/genconfig_mslp.conf;genconfig_mslp;/dados/rmelo/PDPTW-SE/benchmark_multi_floor_v3/official_experiments/multistartlp/preliminar/set_01_pt_03/logs/heur_mslp/gurobi/08R_08V_02F_03M/lr210_grb_genconfig_mslp_seed_52_alpha_10p.log;random;08R_08V_02F_03M;1;870;1;/dados/rmelo/PDPTW-SE/benchmark_multi_floor_v3/official_experiments/multistartlp/preliminar/set_01_pt_03/../../../../instances/orig_ams_fg/08R_08V_02F_04M/t2/lr210/;60000;4;0;927.39;17;9;H;50;95;0;100.0;30.0;true;0.95;100.0;1.0;1.0;1.0;1.0;60;M;59130;59130;false;58;0.71;75.46;0.93;29;10;1000000;-1;3600;31.02;0.71;0.93;mslp;heur;0.71;0.93;-1;3600;60000;I;8;0.67;0.12;lr210;0;/dados/rmelo/PDPTW-SE/benchmark_multi_floor_v3/official_experiments/multistartlp/preliminar/set_01_pt_03/logs;0;0;0;1.45;100.0;1;52;/dados/rmelo/PDPTW-SE/benchmark_multi_floor_v3/official_experiments/multistartlp/preliminar/set_01_pt_03/logs/heur_mslp/solutions/08R_08V_02F_03M/lr210_sol_genconfig_mslp_seed_52_alpha_10p.txt;Gurobi;AUTOMATIC;18.07;_bash_2;_seed_52_alpha_10p;18340.44;1;0.3;/dados/rmelo/PDPTW-SE/benchmark_multi_floor_v3/official_experiments/multistartlp/preliminar/set_01_pt_03/logs/heur_mslp/timelines/08R_08V_02F_03M/lr210_timeline_genconfig_mslp_seed_52_alpha_10p.txt;124.9;t2;0;711.53;false
0.1;0.1;0.19;0.29;0.0;0.05;7;/dados/rmelo/PDPTW-SE/benchmark_multi_floor_v3/official_experiments/multistartlp/preliminar/set_01_pt_03/logs/heur_mslp/outputs/csvresults_heur_mslp_bash_2.csv;0;3;1;18;1;0.0;0.5;true;10;2;lr106_t1_08R_08V_04F_03M;/dados/rmelo/PDPTW-SE/benchmark_multi_floor_v3/official_experiments/multistartlp/preliminar/set_01_pt_03/configs/genconfig_mslp.conf;genconfig_mslp;/dados/rmelo/PDPTW-SE/benchmark_multi_floor_v3/official_experiments/multistartlp/preliminar/set_01_pt_03/logs/heur_mslp/gurobi/08R_08V_04F_03M/lr106_grb_genconfig_mslp_seed_52_alpha_10p.log;random;08R_08V_04F_03M;1;16979;1;/dados/rmelo/PDPTW-SE/benchmark_multi_floor_v3/official_experiments/multistartlp/preliminar/set_01_pt_03/../../../../instances/orig_ams_fg/08R_08V_04F_04M/t1/lr106/;60000;868;0;1309.55;17;9;H;50;95;0;100.0;30.0;true;0.95;100.0;1.0;1.0;1.0;1.0;60;M;43021;43021;false;52;0.82;85.78;0.67;26;10;1000000;-1;3600;19.17;0.62;0.31;mslp;heur;0.35;0.09;-1;3600;60000;I;8;1.0;0.88;lr106;0;/dados/rmelo/PDPTW-SE/benchmark_multi_floor_v3/official_experiments/multistartlp/preliminar/set_01_pt_03/logs;0;0;0;28.3;100.0;1;52;/dados/rmelo/PDPTW-SE/benchmark_multi_floor_v3/official_experiments/multistartlp/preliminar/set_01_pt_03/logs/heur_mslp/solutions/08R_08V_04F_03M/lr106_sol_genconfig_mslp_seed_52_alpha_10p.txt;Gurobi;AUTOMATIC;18.27;_bash_2;_seed_52_alpha_10p;8247.04;1;1.72;/dados/rmelo/PDPTW-SE/benchmark_multi_floor_v3/official_experiments/multistartlp/preliminar/set_01_pt_03/logs/heur_mslp/timelines/08R_08V_04F_03M/lr106_timeline_genconfig_mslp_seed_52_alpha_10p.txt;98.2;t1;0;1010.71;false
0.1;0.01;0.03;0.04;0.0;0.0;5;/dados/rmelo/PDPTW-SE/benchmark_multi_floor_v3/official_experiments/multistartlp/preliminar/set_01_pt_03/logs/heur_mslp/outputs/csvresults_heur_mslp_bash_2.csv;0;3;1;18;1;0.0;0.5;true;10;2;lr209_t2_08R_08V_04F_03M;/dados/rmelo/PDPTW-SE/benchmark_multi_floor_v3/official_experiments/multistartlp/preliminar/set_01_pt_03/configs/genconfig_mslp.conf;genconfig_mslp;/dados/rmelo/PDPTW-SE/benchmark_multi_floor_v3/official_experiments/multistartlp/preliminar/set_01_pt_03/logs/heur_mslp/gurobi/08R_08V_04F_03M/lr209_grb_genconfig_mslp_seed_52_alpha_10p.log;random;08R_08V_04F_03M;1;0;1;/dados/rmelo/PDPTW-SE/benchmark_multi_floor_v3/official_experiments/multistartlp/preliminar/set_01_pt_03/../../../../instances/orig_ams_fg/08R_08V_04F_04M/t2/lr209/;60000;5580;0;1472.92;17;9;H;50;95;0;100.0;30.0;true;0.95;100.0;1.0;1.0;1.0;1.0;60;M;54384;60000;false;46;0.68;79.88;0.77;23;10;1000000;-1;3600;21.17;0.42;0.75;mslp;heur;0.16;0.74;-1;3600;60000;I;8;0.67;0.25;lr209;0;/dados/rmelo/PDPTW-SE/benchmark_multi_floor_v3/official_experiments/multistartlp/preliminar/set_01_pt_03/logs;0;0;0;0.0;90.64;1;52;/dados/rmelo/PDPTW-SE/benchmark_multi_floor_v3/official_experiments/multistartlp/preliminar/set_01_pt_03/logs/heur_mslp/solutions/08R_08V_04F_03M/lr209_sol_genconfig_mslp_seed_52_alpha_10p.txt;Gurobi;AUTOMATIC;17.89;_bash_2;_seed_52_alpha_10p;12702.26;1;14.46;/dados/rmelo/PDPTW-SE/benchmark_multi_floor_v3/official_experiments/multistartlp/preliminar/set_01_pt_03/logs/heur_mslp/timelines/08R_08V_04F_03M/lr209_timeline_genconfig_mslp_seed_52_alpha_10p.txt;151.21;t2;0;838.87;false
0.1;0.04;0.07;0.11;0.0;0.0;12;/dados/rmelo/PDPTW-SE/benchmark_multi_floor_v3/official_experiments/multistartlp/preliminar/set_01_pt_03/logs/heur_mslp/outputs/csvresults_heur_mslp_bash_2.csv;0;3;1;26;1;0.0;0.5;true;14;2;lr109_t1_12R_12V_02F_03M;/dados/rmelo/PDPTW-SE/benchmark_multi_floor_v3/official_experiments/multistartlp/preliminar/set_01_pt_03/configs/genconfig_mslp.conf;genconfig_mslp;/dados/rmelo/PDPTW-SE/benchmark_multi_floor_v3/official_experiments/multistartlp/preliminar/set_01_pt_03/logs/heur_mslp/gurobi/12R_12V_02F_03M/lr109_grb_genconfig_mslp_seed_52_alpha_10p.log;random;12R_12V_02F_03M;1;14519;1;/dados/rmelo/PDPTW-SE/benchmark_multi_floor_v3/official_experiments/multistartlp/preliminar/set_01_pt_03/../../../../instances/orig_ams_fg/12R_12V_02F_04M/t1/lr109/;60000;15780;0;1459.2;25;13;H;50;95;0;100.0;30.0;true;0.95;100.0;1.0;1.0;1.0;1.0;60;M;45481;45481;false;58;0.79;78.59;0.76;29;10;1000000;-1;3600;9.52;0.63;0.41;mslp;heur;0.53;0.21;-1;3600;60000;I;12;1.0;0.58;lr109;0;/dados/rmelo/PDPTW-SE/benchmark_multi_floor_v3/official_experiments/multistartlp/preliminar/set_01_pt_03/logs;0;0;0;24.2;100.0;1;52;/dados/rmelo/PDPTW-SE/benchmark_multi_floor_v3/official_experiments/multistartlp/preliminar/set_01_pt_03/logs/heur_mslp/solutions/12R_12V_02F_03M/lr109_sol_genconfig_mslp_seed_52_alpha_10p.txt;Gurobi;AUTOMATIC;17.74;_bash_2;_seed_52_alpha_10p;4328.5;1;30.18;/dados/rmelo/PDPTW-SE/benchmark_multi_floor_v3/official_experiments/multistartlp/preliminar/set_01_pt_03/logs/heur_mslp/timelines/12R_12V_02F_03M/lr109_timeline_genconfig_mslp_seed_52_alpha_10p.txt;115.6;t1;0;1006.42;false
0.1;0.0;0.02;0.02;0.0;0.0;13;/dados/rmelo/PDPTW-SE/benchmark_multi_floor_v3/official_experiments/multistartlp/preliminar/set_01_pt_03/logs/heur_mslp/outputs/csvresults_heur_mslp_bash_2.csv;0;3;1;26;1;0.0;0.5;true;14;2;lr207_t2_12R_12V_02F_03M;/dados/rmelo/PDPTW-SE/benchmark_multi_floor_v3/official_experiments/multistartlp/preliminar/set_01_pt_03/configs/genconfig_mslp.conf;genconfig_mslp;/dados/rmelo/PDPTW-SE/benchmark_multi_floor_v3/official_experiments/multistartlp/preliminar/set_01_pt_03/logs/heur_mslp/gurobi/12R_12V_02F_03M/lr207_grb_genconfig_mslp_seed_52_alpha_10p.log;random;12R_12V_02F_03M;1;0;1;/dados/rmelo/PDPTW-SE/benchmark_multi_floor_v3/official_experiments/multistartlp/preliminar/set_01_pt_03/../../../../instances/orig_ams_fg/12R_12V_02F_04M/t2/lr207/;60000;28138;0;1545.69;25;13;H;50;95;0;100.0;30.0;true;0.95;100.0;1.0;1.0;1.0;1.0;60;M;59947;60000;false;40;0.86;83.45;0.98;20;10;1000000;-1;3600;12.66;0.55;0.97;mslp;heur;0.23;0.96;-1;3600;60000;I;12;0.67;0.17;lr207;0;/dados/rmelo/PDPTW-SE/benchmark_multi_floor_v3/official_experiments/multistartlp/preliminar/set_01_pt_03/logs;0;0;0;0.0;99.91;1;52;/dados/rmelo/PDPTW-SE/benchmark_multi_floor_v3/official_experiments/multistartlp/preliminar/set_01_pt_03/logs/heur_mslp/solutions/12R_12V_02F_03M/lr207_sol_genconfig_mslp_seed_52_alpha_10p.txt;Gurobi;AUTOMATIC;17.76;_bash_2;_seed_52_alpha_10p;7594.48;1;108.4;/dados/rmelo/PDPTW-SE/benchmark_multi_floor_v3/official_experiments/multistartlp/preliminar/set_01_pt_03/logs/heur_mslp/timelines/12R_12V_02F_03M/lr207_timeline_genconfig_mslp_seed_52_alpha_10p.txt;231.44;t2;0;1091.81;false
0.1;0.2;0.29;0.49;0.0;0.01;10;/dados/rmelo/PDPTW-SE/benchmark_multi_floor_v3/official_experiments/multistartlp/preliminar/set_01_pt_03/logs/heur_mslp/outputs/csvresults_heur_mslp_bash_2.csv;0;3;1;26;1;0.0;0.5;true;14;2;lr106_t1_12R_12V_04F_03M;/dados/rmelo/PDPTW-SE/benchmark_multi_floor_v3/official_experiments/multistartlp/preliminar/set_01_pt_03/configs/genconfig_mslp.conf;genconfig_mslp;/dados/rmelo/PDPTW-SE/benchmark_multi_floor_v3/official_experiments/multistartlp/preliminar/set_01_pt_03/logs/heur_mslp/gurobi/12R_12V_04F_03M/lr106_grb_genconfig_mslp_seed_52_alpha_10p.log;random;12R_12V_04F_03M;1;40869;1;/dados/rmelo/PDPTW-SE/benchmark_multi_floor_v3/official_experiments/multistartlp/preliminar/set_01_pt_03/../../../../instances/orig_ams_fg/12R_12V_04F_04M/t1/lr106/;60000;57466;0;1789.88;25;13;H;50;95;0;100.0;30.0;true;0.95;100.0;1.0;1.0;1.0;1.0;60;M;19131;19131;false;52;1.0;86.16;0.83;26;10;1000000;-1;3600;11.39;0.68;0.41;mslp;heur;0.41;0.15;-1;3600;60000;I;12;1.0;0.75;lr106;0;/dados/rmelo/PDPTW-SE/benchmark_multi_floor_v3/official_experiments/multistartlp/preliminar/set_01_pt_03/logs;0;0;0;68.11;100.0;1;52;/dados/rmelo/PDPTW-SE/benchmark_multi_floor_v3/official_experiments/multistartlp/preliminar/set_01_pt_03/logs/heur_mslp/solutions/12R_12V_04F_03M/lr106_sol_genconfig_mslp_seed_52_alpha_10p.txt;Gurobi;AUTOMATIC;18.02;_bash_2;_seed_52_alpha_10p;2179.66;1;76.07;/dados/rmelo/PDPTW-SE/benchmark_multi_floor_v3/official_experiments/multistartlp/preliminar/set_01_pt_03/logs/heur_mslp/timelines/12R_12V_04F_03M/lr106_timeline_genconfig_mslp_seed_52_alpha_10p.txt;79.43;t1;0;1416.13;false
0.1;0.02;0.03;0.05;0.0;0.01;17;/dados/rmelo/PDPTW-SE/benchmark_multi_floor_v3/official_experiments/multistartlp/preliminar/set_01_pt_03/logs/heur_mslp/outputs/csvresults_heur_mslp_bash_2.csv;0;3;1;26;1;0.0;0.5;true;14;2;lr209_t2_12R_12V_04F_03M;/dados/rmelo/PDPTW-SE/benchmark_multi_floor_v3/official_experiments/multistartlp/preliminar/set_01_pt_03/configs/genconfig_mslp.conf;genconfig_mslp;/dados/rmelo/PDPTW-SE/benchmark_multi_floor_v3/official_experiments/multistartlp/preliminar/set_01_pt_03/logs/heur_mslp/gurobi/12R_12V_04F_03M/lr209_grb_genconfig_mslp_seed_52_alpha_10p.log;random;12R_12V_04F_03M;1;0;1;/dados/rmelo/PDPTW-SE/benchmark_multi_floor_v3/official_experiments/multistartlp/preliminar/set_01_pt_03/../../../../instances/orig_ams_fg/12R_12V_04F_04M/t2/lr209/;60000;18756;0;1997.19;25;13;H;50;95;0;100.0;30.0;true;0.95;100.0;1.0;1.0;1.0;1.0;60;M;60000;60000;false;46;0.62;91.85;1.0;23;10;1000000;-1;3600;13.57;0.6;0.92;mslp;heur;0.58;0.83;-1;3600;60000;I;12;1.0;0.17;lr209;0;/dados/rmelo/PDPTW-SE/benchmark_multi_floor_v3/official_experiments/multistartlp/preliminar/set_01_pt_03/logs;0;0;0;0.0;100.0;1;52;/dados/rmelo/PDPTW-SE/benchmark_multi_floor_v3/official_experiments/multistartlp/preliminar/set_01_pt_03/logs/heur_mslp/solutions/12R_12V_04F_03M/lr209_sol_genconfig_mslp_seed_52_alpha_10p.txt;Gurobi;AUTOMATIC;17.9;_bash_2;_seed_52_alpha_10p;8139.47;1;74.44;/dados/rmelo/PDPTW-SE/benchmark_multi_floor_v3/official_experiments/multistartlp/preliminar/set_01_pt_03/logs/heur_mslp/timelines/12R_12V_04F_03M/lr209_timeline_genconfig_mslp_seed_52_alpha_10p.txt;238.88;t2;0;1198.51;false
0.1;0.02;0.04;0.05;0.01;0.07;4;/dados/rmelo/PDPTW-SE/benchmark_multi_floor_v3/official_experiments/multistartlp/preliminar/set_01_pt_03/logs/heur_mslp/outputs/csvresults_heur_mslp_bash_2.csv;0;5;1;82;1;0.0;0.5;true;42;2;LR1_2_6_t1_40R_40V_02F_05M;/dados/rmelo/PDPTW-SE/benchmark_multi_floor_v3/official_experiments/multistartlp/preliminar/set_01_pt_03/configs/genconfig_mslp.conf;genconfig_mslp;/dados/rmelo/PDPTW-SE/benchmark_multi_floor_v3/official_experiments/multistartlp/preliminar/set_01_pt_03/logs/heur_mslp/gurobi/40R_40V_02F_05M/LR1_2_6_grb_genconfig_mslp_seed_52_alpha_10p.log;random;40R_40V_02F_05M;1;59139;1;/dados/rmelo/PDPTW-SE/benchmark_multi_floor_v3/official_experiments/multistartlp/preliminar/set_01_pt_03/../../../../instances/orig_ams_fg/40R_40V_02F_06M/t1/LR1_2_6/;60000;18758;0;9175.81;81;41;H;50;95;0;100.0;30.0;true;0.95;100.0;1.0;1.0;1.0;1.0;60;M;861;861;false;72;0.94;184.05;0.97;36;10;1000000;-1;3600;4.34;0.41;0.49;mslp;heur;0.21;0.12;-1;3600;60000;I;40;1.0;0.4;LR1_2_6;0;/dados/rmelo/PDPTW-SE/benchmark_multi_floor_v3/official_experiments/multistartlp/preliminar/set_01_pt_03/logs;0;0;0;98.56;100.0;1;52;/dados/rmelo/PDPTW-SE/benchmark_multi_floor_v3/official_experiments/multistartlp/preliminar/set_01_pt_03/logs/heur_mslp/solutions/40R_40V_02F_05M/LR1_2_6_sol_genconfig_mslp_seed_52_alpha_10p.txt;Gurobi;AUTOMATIC;17.61;_bash_2;_seed_52_alpha_10p;37.41;1;64.33;/dados/rmelo/PDPTW-SE/benchmark_multi_floor_v3/official_experiments/multistartlp/preliminar/set_01_pt_03/logs/heur_mslp/timelines/40R_40V_02F_05M/LR1_2_6_timeline_genconfig_mslp_seed_52_alpha_10p.txt;207.05;t1;0;7526.88;false
0.1;0.0;0.01;0.02;0.01;0.07;16;/dados/rmelo/PDPTW-SE/benchmark_multi_floor_v3/official_experiments/multistartlp/preliminar/set_01_pt_03/logs/heur_mslp/outputs/csvresults_heur_mslp_bash_2.csv;0;5;1;82;1;0.0;0.5;true;42;2;LR2_2_9_t2_40R_40V_02F_05M;/dados/rmelo/PDPTW-SE/benchmark_multi_floor_v3/official_experiments/multistartlp/preliminar/set_01_pt_03/configs/genconfig_mslp.conf;genconfig_mslp;/dados/rmelo/PDPTW-SE/benchmark_multi_floor_v3/official_experiments/multistartlp/preliminar/set_01_pt_03/logs/heur_mslp/gurobi/40R_40V_02F_05M/LR2_2_9_grb_genconfig_mslp_seed_52_alpha_10p.log;random;40R_40V_02F_05M;1;0;1;/dados/rmelo/PDPTW-SE/benchmark_multi_floor_v3/official_experiments/multistartlp/preliminar/set_01_pt_03/../../../../instances/orig_ams_fg/40R_40V_02F_06M/t2/LR2_2_9/;60000;35753;0;9973.5;81;41;H;50;95;0;100.0;30.0;true;0.95;100.0;1.0;1.0;1.0;1.0;60;M;60000;60000;false;74;0.86;179.34;1.0;37;10;1000000;-1;3600;7.33;0.64;0.95;mslp;heur;0.2;0.77;-1;3600;60000;I;40;1.0;0.12;LR2_2_9;0;/dados/rmelo/PDPTW-SE/benchmark_multi_floor_v3/official_experiments/multistartlp/preliminar/set_01_pt_03/logs;0;0;0;0.0;100.0;1;52;/dados/rmelo/PDPTW-SE/benchmark_multi_floor_v3/official_experiments/multistartlp/preliminar/set_01_pt_03/logs/heur_mslp/solutions/40R_40V_02F_05M/LR2_2_9_sol_genconfig_mslp_seed_52_alpha_10p.txt;Gurobi;AUTOMATIC;17.92;_bash_2;_seed_52_alpha_10p;4395.55;1;753.84;/dados/rmelo/PDPTW-SE/benchmark_multi_floor_v3/official_experiments/multistartlp/preliminar/set_01_pt_03/logs/heur_mslp/timelines/40R_40V_02F_05M/LR2_2_9_timeline_genconfig_mslp_seed_52_alpha_10p.txt;1261.83;t2;0;8146.98;false
0.1;0.11;0.15;0.26;0.0;0.05;5;/dados/rmelo/PDPTW-SE/benchmark_multi_floor_v3/official_experiments/multistartlp/preliminar/set_01_pt_03/logs/heur_mslp/outputs/csvresults_heur_mslp_bash_2.csv;0;5;1;82;1;0.0;0.5;true;42;2;LR1_2_10_t1_40R_40V_04F_05M;/dados/rmelo/PDPTW-SE/benchmark_multi_floor_v3/official_experiments/multistartlp/preliminar/set_01_pt_03/configs/genconfig_mslp.conf;genconfig_mslp;/dados/rmelo/PDPTW-SE/benchmark_multi_floor_v3/official_experiments/multistartlp/preliminar/set_01_pt_03/logs/heur_mslp/gurobi/40R_40V_04F_05M/LR1_2_10_grb_genconfig_mslp_seed_52_alpha_10p.log;random;40R_40V_04F_05M;1;59459;1;/dados/rmelo/PDPTW-SE/benchmark_multi_floor_v3/official_experiments/multistartlp/preliminar/set_01_pt_03/../../../../instances/orig_ams_fg/40R_40V_04F_06M/t1/LR1_2_10/;60000;9651;0;9137.88;81;41;H;50;95;0;100.0;30.0;true;0.95;100.0;1.0;1.0;1.0;1.0;60;M;541;541;false;72;0.91;178.35;0.99;36;10;1000000;-1;3600;6.23;0.69;0.54;mslp;heur;0.41;0.13;-1;3600;60000;I;40;1.0;0.42;LR1_2_10;0;/dados/rmelo/PDPTW-SE/benchmark_multi_floor_v3/official_experiments/multistartlp/preliminar/set_01_pt_03/logs;0;0;0;99.1;100.0;1;52;/dados/rmelo/PDPTW-SE/benchmark_multi_floor_v3/official_experiments/multistartlp/preliminar/set_01_pt_03/logs/heur_mslp/solutions/40R_40V_04F_05M/LR1_2_10_sol_genconfig_mslp_seed_52_alpha_10p.txt;Gurobi;AUTOMATIC;17.41;_bash_2;_seed_52_alpha_10p;33.72;1;42.37;/dados/rmelo/PDPTW-SE/benchmark_multi_floor_v3/official_experiments/multistartlp/preliminar/set_01_pt_03/logs/heur_mslp/timelines/40R_40V_04F_05M/LR1_2_10_timeline_genconfig_mslp_seed_52_alpha_10p.txt;262.05;t1;0;7414.83;false
0.1;0.02;0.03;0.05;0.0;0.04;10;/dados/rmelo/PDPTW-SE/benchmark_multi_floor_v3/official_experiments/multistartlp/preliminar/set_01_pt_03/logs/heur_mslp/outputs/csvresults_heur_mslp_bash_2.csv;0;5;1;82;1;0.0;0.5;true;42;2;LR2_2_6_t2_40R_40V_04F_05M;/dados/rmelo/PDPTW-SE/benchmark_multi_floor_v3/official_experiments/multistartlp/preliminar/set_01_pt_03/configs/genconfig_mslp.conf;genconfig_mslp;/dados/rmelo/PDPTW-SE/benchmark_multi_floor_v3/official_experiments/multistartlp/preliminar/set_01_pt_03/logs/heur_mslp/gurobi/40R_40V_04F_05M/LR2_2_6_grb_genconfig_mslp_seed_52_alpha_10p.log;random;40R_40V_04F_05M;1;0;1;/dados/rmelo/PDPTW-SE/benchmark_multi_floor_v3/official_experiments/multistartlp/preliminar/set_01_pt_03/../../../../instances/orig_ams_fg/40R_40V_04F_06M/t2/LR2_2_6/;60000;5207;0;10394.85;81;41;H;50;95;0;100.0;30.0;true;0.95;100.0;1.0;1.0;1.0;1.0;60;M;60000;60000;false;80;0.88;192.66;0.98;40;10;1000000;-1;3600;3.19;0.78;0.91;mslp;heur;0.68;0.81;-1;3600;60000;I;40;1.0;0.1;LR2_2_6;0;/dados/rmelo/PDPTW-SE/benchmark_multi_floor_v3/official_experiments/multistartlp/preliminar/set_01_pt_03/logs;0;0;0;0.0;100.0;1;52;/dados/rmelo/PDPTW-SE/benchmark_multi_floor_v3/official_experiments/multistartlp/preliminar/set_01_pt_03/logs/heur_mslp/solutions/40R_40V_04F_05M/LR2_2_6_sol_genconfig_mslp_seed_52_alpha_10p.txt;Gurobi;AUTOMATIC;17.71;_bash_2;_seed_52_alpha_10p;1914.18;1;222.05;/dados/rmelo/PDPTW-SE/benchmark_multi_floor_v3/official_experiments/multistartlp/preliminar/set_01_pt_03/logs/heur_mslp/timelines/40R_40V_04F_05M/LR2_2_6_timeline_genconfig_mslp_seed_52_alpha_10p.txt;2556.26;t2;0;7931.47;false
0.1;0.04;0.07;0.11;0.01;0.07;7;/dados/rmelo/PDPTW-SE/benchmark_multi_floor_v3/official_experiments/multistartlp/preliminar/set_01_pt_03/logs/heur_mslp/outputs/csvresults_heur_mslp_bash_2.csv;0;5;1;122;1;0.0;0.5;true;62;2;LR1_2_6_t1_60R_60V_02F_05M;/dados/rmelo/PDPTW-SE/benchmark_multi_floor_v3/official_experiments/multistartlp/preliminar/set_01_pt_03/configs/genconfig_mslp.conf;genconfig_mslp;/dados/rmelo/PDPTW-SE/benchmark_multi_floor_v3/official_experiments/multistartlp/preliminar/set_01_pt_03/logs/heur_mslp/gurobi/60R_60V_02F_05M/LR1_2_6_grb_genconfig_mslp_seed_52_alpha_10p.log;random;60R_60V_02F_05M;1;58015;1;/dados/rmelo/PDPTW-SE/benchmark_multi_floor_v3/official_experiments/multistartlp/preliminar/set_01_pt_03/../../../../instances/orig_ams_fg/60R_60V_02F_06M/t1/LR1_2_6/;60000;12118;0;12652.14;121;61;H;50;95;0;100.0;30.0;true;0.95;100.0;1.0;1.0;1.0;1.0;60;M;1985;1985;false;82;0.94;191.73;0.89;41;10;1000000;-1;3600;4.95;0.69;0.53;mslp;heur;0.27;0.1;-1;3600;60000;I;60;1.0;0.38;LR1_2_6;0;/dados/rmelo/PDPTW-SE/benchmark_multi_floor_v3/official_experiments/multistartlp/preliminar/set_01_pt_03/logs;0;0;0;96.69;100.0;1;52;/dados/rmelo/PDPTW-SE/benchmark_multi_floor_v3/official_experiments/multistartlp/preliminar/set_01_pt_03/logs/heur_mslp/solutions/60R_60V_02F_05M/LR1_2_6_sol_genconfig_mslp_seed_52_alpha_10p.txt;Gurobi;AUTOMATIC;18.0;_bash_2;_seed_52_alpha_10p;98.32;1;96.43;/dados/rmelo/PDPTW-SE/benchmark_multi_floor_v3/official_experiments/multistartlp/preliminar/set_01_pt_03/logs/heur_mslp/timelines/60R_60V_02F_05M/LR1_2_6_timeline_genconfig_mslp_seed_52_alpha_10p.txt;481.53;t1;0;10129.84;false
0.1;0.01;0.02;0.03;0.0;0.03;8;/dados/rmelo/PDPTW-SE/benchmark_multi_floor_v3/official_experiments/multistartlp/preliminar/set_01_pt_03/logs/heur_mslp/outputs/csvresults_heur_mslp_bash_2.csv;0;5;1;122;1;0.0;0.5;true;62;2;LR2_2_6_t2_60R_60V_02F_05M;/dados/rmelo/PDPTW-SE/benchmark_multi_floor_v3/official_experiments/multistartlp/preliminar/set_01_pt_03/configs/genconfig_mslp.conf;genconfig_mslp;/dados/rmelo/PDPTW-SE/benchmark_multi_floor_v3/official_experiments/multistartlp/preliminar/set_01_pt_03/logs/heur_mslp/gurobi/60R_60V_02F_05M/LR2_2_6_grb_genconfig_mslp_seed_52_alpha_10p.log;random;60R_60V_02F_05M;1;0;1;/dados/rmelo/PDPTW-SE/benchmark_multi_floor_v3/official_experiments/multistartlp/preliminar/set_01_pt_03/../../../../instances/orig_ams_fg/60R_60V_02F_06M/t2/LR2_2_6/;56130;48750;0;14439.07;121;61;H;50;95;0;100.0;30.0;true;0.95;100.0;1.0;1.0;1.0;1.0;60;M;56130;56130;false;80;0.84;185.63;1.0;40;10;1000000;-1;3600;5.24;0.71;0.88;mslp;heur;0.28;0.42;-1;3600;60000;I;60;1.0;0.1;LR2_2_6;0;/dados/rmelo/PDPTW-SE/benchmark_multi_floor_v3/official_experiments/multistartlp/preliminar/set_01_pt_03/logs;0;0;0;0.0;100.0;1;52;/dados/rmelo/PDPTW-SE/benchmark_multi_floor_v3/official_experiments/multistartlp/preliminar/set_01_pt_03/logs/heur_mslp/solutions/60R_60V_02F_05M/LR2_2_6_sol_genconfig_mslp_seed_52_alpha_10p.txt;Gurobi;AUTOMATIC;18.21;_bash_2;_seed_52_alpha_10p;2942.11;1;3128.26;/dados/rmelo/PDPTW-SE/benchmark_multi_floor_v3/official_experiments/multistartlp/preliminar/set_01_pt_03/logs/heur_mslp/timelines/60R_60V_02F_05M/LR2_2_6_timeline_genconfig_mslp_seed_52_alpha_10p.txt;3600.05;t2;0;10792.65;false
0.1;0.14;0.19;0.33;0.0;0.08;4;/dados/rmelo/PDPTW-SE/benchmark_multi_floor_v3/official_experiments/multistartlp/preliminar/set_01_pt_03/logs/heur_mslp/outputs/csvresults_heur_mslp_bash_2.csv;0;5;1;122;1;0.0;0.5;true;62;2;LR1_2_9_t1_60R_60V_04F_05M;/dados/rmelo/PDPTW-SE/benchmark_multi_floor_v3/official_experiments/multistartlp/preliminar/set_01_pt_03/configs/genconfig_mslp.conf;genconfig_mslp;/dados/rmelo/PDPTW-SE/benchmark_multi_floor_v3/official_experiments/multistartlp/preliminar/set_01_pt_03/logs/heur_mslp/gurobi/60R_60V_04F_05M/LR1_2_9_grb_genconfig_mslp_seed_52_alpha_10p.log;random;60R_60V_04F_05M;1;59943;1;/dados/rmelo/PDPTW-SE/benchmark_multi_floor_v3/official_experiments/multistartlp/preliminar/set_01_pt_03/../../../../instances/orig_ams_fg/60R_60V_04F_06M/t1/LR1_2_9/;60000;9185;0;14371.84;121;61;H;50;95;0;100.0;30.0;true;0.95;100.0;1.0;1.0;1.0;1.0;60;M;57;57;false;86;0.96;198.99;0.97;43;10;1000000;-1;3600;7.65;0.65;0.46;mslp;heur;0.35;0.13;-1;3600;60000;I;60;1.0;0.47;LR1_2_9;0;/dados/rmelo/PDPTW-SE/benchmark_multi_floor_v3/official_experiments/multistartlp/preliminar/set_01_pt_03/logs;0;0;0;99.9;100.0;1;52;/dados/rmelo/PDPTW-SE/benchmark_multi_floor_v3/official_experiments/multistartlp/preliminar/set_01_pt_03/logs/heur_mslp/solutions/60R_60V_04F_05M/LR1_2_9_sol_genconfig_mslp_seed_52_alpha_10p.txt;Gurobi;AUTOMATIC;18.07;_bash_2;_seed_52_alpha_10p;4.36;1;79.81;/dados/rmelo/PDPTW-SE/benchmark_multi_floor_v3/official_experiments/multistartlp/preliminar/set_01_pt_03/logs/heur_mslp/timelines/60R_60V_04F_05M/LR1_2_9_timeline_genconfig_mslp_seed_52_alpha_10p.txt;522.07;t1;0;12593.15;false
0.1;0.02;0.05;0.07;0.0;0.0;2;/dados/rmelo/PDPTW-SE/benchmark_multi_floor_v3/official_experiments/multistartlp/preliminar/set_01_pt_03/logs/heur_mslp/outputs/csvresults_heur_mslp_bash_2.csv;0;5;1;122;1;0.0;0.5;true;62;2;LR2_2_7_t2_60R_60V_04F_05M;/dados/rmelo/PDPTW-SE/benchmark_multi_floor_v3/official_experiments/multistartlp/preliminar/set_01_pt_03/configs/genconfig_mslp.conf;genconfig_mslp;/dados/rmelo/PDPTW-SE/benchmark_multi_floor_v3/official_experiments/multistartlp/preliminar/set_01_pt_03/logs/heur_mslp/gurobi/60R_60V_04F_05M/LR2_2_7_grb_genconfig_mslp_seed_52_alpha_10p.log;random;60R_60V_04F_05M;1;7852;1;/dados/rmelo/PDPTW-SE/benchmark_multi_floor_v3/official_experiments/multistartlp/preliminar/set_01_pt_03/../../../../instances/orig_ams_fg/60R_60V_04F_06M/t2/LR2_2_7/;31211;13053;0;12759.08;121;61;H;50;95;0;100.0;30.0;true;0.95;100.0;1.0;1.0;1.0;1.0;60;M;23359;23359;false;78;0.88;195.28;1.0;39;10;1000000;-1;3600;1.46;0.6;0.81;mslp;heur;0.1;0.23;-1;3600;60000;I;60;1.0;0.12;LR2_2_7;0;/dados/rmelo/PDPTW-SE/benchmark_multi_floor_v3/official_experiments/multistartlp/preliminar/set_01_pt_03/logs;0;0;0;25.16;100.0;1;52;/dados/rmelo/PDPTW-SE/benchmark_multi_floor_v3/official_experiments/multistartlp/preliminar/set_01_pt_03/logs/heur_mslp/solutions/60R_60V_04F_05M/LR2_2_7_sol_genconfig_mslp_seed_52_alpha_10p.txt;Gurobi;AUTOMATIC;17.72;_bash_2;_seed_52_alpha_10p;340.42;1;1500.53;/dados/rmelo/PDPTW-SE/benchmark_multi_floor_v3/official_experiments/multistartlp/preliminar/set_01_pt_03/logs/heur_mslp/timelines/60R_60V_04F_05M/LR2_2_7_timeline_genconfig_mslp_seed_52_alpha_10p.txt;3600.03;t2;0;10633.79;false
0.1;0.01;0.06;0.07;0.0;0.0;3;/dados/rmelo/PDPTW-SE/benchmark_multi_floor_v3/official_experiments/multistartlp/preliminar/set_01_pt_03/logs/heur_mslp/outputs/csvresults_heur_mslp_bash_2.csv;0;3;1;18;1;0.0;0.5;true;10;2;lr107_t1_08R_08V_02F_03M;/dados/rmelo/PDPTW-SE/benchmark_multi_floor_v3/official_experiments/multistartlp/preliminar/set_01_pt_03/configs/genconfig_mslp.conf;genconfig_mslp;/dados/rmelo/PDPTW-SE/benchmark_multi_floor_v3/official_experiments/multistartlp/preliminar/set_01_pt_03/logs/heur_mslp/gurobi/08R_08V_02F_03M/lr107_grb_genconfig_mslp_seed_59_alpha_10p.log;random;08R_08V_02F_03M;1;0;1;/dados/rmelo/PDPTW-SE/benchmark_multi_floor_v3/official_experiments/multistartlp/preliminar/set_01_pt_03/../../../../instances/orig_ams_fg/08R_08V_02F_04M/t1/lr107/;60000;35;0;1017.21;17;9;H;50;95;0;100.0;30.0;true;0.95;100.0;1.0;1.0;1.0;1.0;60;M;60000;60000;false;40;0.94;80.43;0.73;20;10;1000000;-1;3600;15.96;0.73;0.58;mslp;heur;0.47;0.36;-1;3600;60000;I;8;1.0;0.62;lr107;0;/dados/rmelo/PDPTW-SE/benchmark_multi_floor_v3/official_experiments/multistartlp/preliminar/set_01_pt_03/logs;0;0;0;0.0;100.0;1;59;/dados/rmelo/PDPTW-SE/benchmark_multi_floor_v3/official_experiments/multistartlp/preliminar/set_01_pt_03/logs/heur_mslp/solutions/08R_08V_02F_03M/lr107_sol_genconfig_mslp_seed_59_alpha_10p.txt;Gurobi;AUTOMATIC;17.66;_bash_2;_seed_59_alpha_10p;9573.91;1;0.31;/dados/rmelo/PDPTW-SE/benchmark_multi_floor_v3/official_experiments/multistartlp/preliminar/set_01_pt_03/logs/heur_mslp/timelines/08R_08V_02F_03M/lr107_timeline_genconfig_mslp_seed_59_alpha_10p.txt;103.42;t1;0;843.14;false
0.1;0.0;0.02;0.02;0.0;0.0;5;/dados/rmelo/PDPTW-SE/benchmark_multi_floor_v3/official_experiments/multistartlp/preliminar/set_01_pt_03/logs/heur_mslp/outputs/csvresults_heur_mslp_bash_2.csv;0;3;1;18;1;0.0;0.5;true;10;2;lr210_t2_08R_08V_02F_03M;/dados/rmelo/PDPTW-SE/benchmark_multi_floor_v3/official_experiments/multistartlp/preliminar/set_01_pt_03/configs/genconfig_mslp.conf;genconfig_mslp;/dados/rmelo/PDPTW-SE/benchmark_multi_floor_v3/official_experiments/multistartlp/preliminar/set_01_pt_03/logs/heur_mslp/gurobi/08R_08V_02F_03M/lr210_grb_genconfig_mslp_seed_59_alpha_10p.log;random;08R_08V_02F_03M;1;846;1;/dados/rmelo/PDPTW-SE/benchmark_multi_floor_v3/official_experiments/multistartlp/preliminar/set_01_pt_03/../../../../instances/orig_ams_fg/08R_08V_02F_04M/t2/lr210/;60000;11105;0;1570.38;17;9;H;50;95;0;100.0;30.0;true;0.95;100.0;1.0;1.0;1.0;1.0;60;M;59154;59154;false;58;0.71;75.46;0.93;29;10;1000000;-1;3600;31.05;0.71;0.93;mslp;heur;0.71;0.93;-1;3600;60000;I;8;0.67;0.12;lr210;0;/dados/rmelo/PDPTW-SE/benchmark_multi_floor_v3/official_experiments/multistartlp/preliminar/set_01_pt_03/logs;0;0;0;1.41;100.0;1;59;/dados/rmelo/PDPTW-SE/benchmark_multi_floor_v3/official_experiments/multistartlp/preliminar/set_01_pt_03/logs/heur_mslp/solutions/08R_08V_02F_03M/lr210_sol_genconfig_mslp_seed_59_alpha_10p.txt;Gurobi;AUTOMATIC;17.72;_bash_2;_seed_59_alpha_10p;18367.52;1;23.24;/dados/rmelo/PDPTW-SE/benchmark_multi_floor_v3/official_experiments/multistartlp/preliminar/set_01_pt_03/logs/heur_mslp/timelines/08R_08V_02F_03M/lr210_timeline_genconfig_mslp_seed_59_alpha_10p.txt;126.49;t2;0;711.53;false
0.1;0.1;0.19;0.29;0.0;0.05;13;/dados/rmelo/PDPTW-SE/benchmark_multi_floor_v3/official_experiments/multistartlp/preliminar/set_01_pt_03/logs/heur_mslp/outputs/csvresults_heur_mslp_bash_2.csv;0;3;1;18;1;0.0;0.5;true;10;2;lr106_t1_08R_08V_04F_03M;/dados/rmelo/PDPTW-SE/benchmark_multi_floor_v3/official_experiments/multistartlp/preliminar/set_01_pt_03/configs/genconfig_mslp.conf;genconfig_mslp;/dados/rmelo/PDPTW-SE/benchmark_multi_floor_v3/official_experiments/multistartlp/preliminar/set_01_pt_03/logs/heur_mslp/gurobi/08R_08V_04F_03M/lr106_grb_genconfig_mslp_seed_59_alpha_10p.log;random;08R_08V_04F_03M;1;17197;1;/dados/rmelo/PDPTW-SE/benchmark_multi_floor_v3/official_experiments/multistartlp/preliminar/set_01_pt_03/../../../../instances/orig_ams_fg/08R_08V_04F_04M/t1/lr106/;60000;6044;0;1316.67;17;9;H;50;95;0;100.0;30.0;true;0.95;100.0;1.0;1.0;1.0;1.0;60;M;42803;42803;false;52;0.82;85.78;0.81;26;10;1000000;-1;3600;19.17;0.62;0.36;mslp;heur;0.35;0.06;-1;3600;60000;I;8;1.0;0.88;lr106;0;/dados/rmelo/PDPTW-SE/benchmark_multi_floor_v3/official_experiments/multistartlp/preliminar/set_01_pt_03/logs;0;0;0;28.66;100.0;1;59;/dados/rmelo/PDPTW-SE/benchmark_multi_floor_v3/official_experiments/multistartlp/preliminar/set_01_pt_03/logs/heur_mslp/solutions/08R_08V_04F_03M/lr106_sol_genconfig_mslp_seed_59_alpha_10p.txt;Gurobi;AUTOMATIC;18.13;_bash_2;_seed_59_alpha_10p;8205.21;1;10.59;/dados/rmelo/PDPTW-SE/benchmark_multi_floor_v3/official_experiments/multistartlp/preliminar/set_01_pt_03/logs/heur_mslp/timelines/08R_08V_04F_03M/lr106_timeline_genconfig_mslp_seed_59_alpha_10p.txt;96.67;t1;0;1010.71;false
0.1;0.01;0.03;0.04;0.0;0.0;13;/dados/rmelo/PDPTW-SE/benchmark_multi_floor_v3/official_experiments/multistartlp/preliminar/set_01_pt_03/logs/heur_mslp/outputs/csvresults_heur_mslp_bash_2.csv;0;3;1;18;1;0.0;0.5;true;10;2;lr209_t2_08R_08V_04F_03M;/dados/rmelo/PDPTW-SE/benchmark_multi_floor_v3/official_experiments/multistartlp/preliminar/set_01_pt_03/configs/genconfig_mslp.conf;genconfig_mslp;/dados/rmelo/PDPTW-SE/benchmark_multi_floor_v3/official_experiments/multistartlp/preliminar/set_01_pt_03/logs/heur_mslp/gurobi/08R_08V_04F_03M/lr209_grb_genconfig_mslp_seed_59_alpha_10p.log;random;08R_08V_04F_03M;1;0;1;/dados/rmelo/PDPTW-SE/benchmark_multi_floor_v3/official_experiments/multistartlp/preliminar/set_01_pt_03/../../../../instances/orig_ams_fg/08R_08V_04F_04M/t2/lr209/;60000;9106;0;1381.24;17;9;H;50;95;0;100.0;30.0;true;0.95;100.0;1.0;1.0;1.0;1.0;60;M;54276;60000;false;46;0.68;79.88;0.93;23;10;1000000;-1;3600;21.12;0.42;0.85;mslp;heur;0.16;0.77;-1;3600;60000;I;8;0.67;0.25;lr209;0;/dados/rmelo/PDPTW-SE/benchmark_multi_floor_v3/official_experiments/multistartlp/preliminar/set_01_pt_03/logs;0;0;0;0.0;90.46;1;59;/dados/rmelo/PDPTW-SE/benchmark_multi_floor_v3/official_experiments/multistartlp/preliminar/set_01_pt_03/logs/heur_mslp/solutions/08R_08V_04F_03M/lr209_sol_genconfig_mslp_seed_59_alpha_10p.txt;Gurobi;AUTOMATIC;17.98;_bash_2;_seed_59_alpha_10p;12670.48;1;23.26;/dados/rmelo/PDPTW-SE/benchmark_multi_floor_v3/official_experiments/multistartlp/preliminar/set_01_pt_03/logs/heur_mslp/timelines/08R_08V_04F_03M/lr209_timeline_genconfig_mslp_seed_59_alpha_10p.txt;150.68;t2;0;838.87;false
0.1;0.04;0.07;0.11;0.0;0.0;8;/dados/rmelo/PDPTW-SE/benchmark_multi_floor_v3/official_experiments/multistartlp/preliminar/set_01_pt_03/logs/heur_mslp/outputs/csvresults_heur_mslp_bash_2.csv;0;3;1;26;1;0.0;0.5;true;14;2;lr109_t1_12R_12V_02F_03M;/dados/rmelo/PDPTW-SE/benchmark_multi_floor_v3/official_experiments/multistartlp/preliminar/set_01_pt_03/configs/genconfig_mslp.conf;genconfig_mslp;/dados/rmelo/PDPTW-SE/benchmark_multi_floor_v3/official_experiments/multistartlp/preliminar/set_01_pt_03/logs/heur_mslp/gurobi/12R_12V_02F_03M/lr109_grb_genconfig_mslp_seed_59_alpha_10p.log;random;12R_12V_02F_03M;1;14381;1;/dados/rmelo/PDPTW-SE/benchmark_multi_floor_v3/official_experiments/multistartlp/preliminar/set_01_pt_03/../../../../instances/orig_ams_fg/12R_12V_02F_04M/t1/lr109/;60000;43180;0;1189.04;25;13;H;50;95;0;100.0;30.0;true;0.95;100.0;1.0;1.0;1.0;1.0;60;M;45619;45619;false;58;0.79;78.59;0.76;29;10;1000000;-1;3600;9.53;0.63;0.42;mslp;heur;0.53;0.25;-1;3600;60000;I;12;1.0;0.58;lr109;0;/dados/rmelo/PDPTW-SE/benchmark_multi_floor_v3/official_experiments/multistartlp/preliminar/set_01_pt_03/logs;0;0;0;23.97;100.0;1;59;/dados/rmelo/PDPTW-SE/benchmark_multi_floor_v3/official_experiments/multistartlp/preliminar/set_01_pt_03/logs/heur_mslp/solutions/12R_12V_02F_03M/lr109_sol_genconfig_mslp_seed_59_alpha_10p.txt;Gurobi;AUTOMATIC;18.15;_bash_2;_seed_59_alpha_10p;4349.73;1;84.22;/dados/rmelo/PDPTW-SE/benchmark_multi_floor_v3/official_experiments/multistartlp/preliminar/set_01_pt_03/logs/heur_mslp/timelines/12R_12V_02F_03M/lr109_timeline_genconfig_mslp_seed_59_alpha_10p.txt;115.88;t1;0;1006.42;false
0.1;0.0;0.02;0.02;0.0;0.0;10;/dados/rmelo/PDPTW-SE/benchmark_multi_floor_v3/official_experiments/multistartlp/preliminar/set_01_pt_03/logs/heur_mslp/outputs/csvresults_heur_mslp_bash_2.csv;0;3;1;26;1;0.0;0.5;true;14;2;lr207_t2_12R_12V_02F_03M;/dados/rmelo/PDPTW-SE/benchmark_multi_floor_v3/official_experiments/multistartlp/preliminar/set_01_pt_03/configs/genconfig_mslp.conf;genconfig_mslp;/dados/rmelo/PDPTW-SE/benchmark_multi_floor_v3/official_experiments/multistartlp/preliminar/set_01_pt_03/logs/heur_mslp/gurobi/12R_12V_02F_03M/lr207_grb_genconfig_mslp_seed_59_alpha_10p.log;random;12R_12V_02F_03M;1;0;1;/dados/rmelo/PDPTW-SE/benchmark_multi_floor_v3/official_experiments/multistartlp/preliminar/set_01_pt_03/../../../../instances/orig_ams_fg/12R_12V_02F_04M/t2/lr207/;60000;24397;0;1600.71;25;13;H;50;95;0;100.0;30.0;true;0.95;100.0;1.0;1.0;1.0;1.0;60;M;59958;60000;false;40;0.72;83.45;0.95;20;10;1000000;-1;3600;12.61;0.54;0.85;mslp;heur;0.37;0.76;-1;3600;60000;I;12;0.67;0.17;lr207;0;/dados/rmelo/PDPTW-SE/benchmark_multi_floor_v3/official_experiments/multistartlp/preliminar/set_01_pt_03/logs;0;0;0;0.0;99.93;1;59;/dados/rmelo/PDPTW-SE/benchmark_multi_floor_v3/official_experiments/multistartlp/preliminar/set_01_pt_03/logs/heur_mslp/solutions/12R_12V_02F_03M/lr207_sol_genconfig_mslp_seed_59_alpha_10p.txt;Gurobi;AUTOMATIC;17.73;_bash_2;_seed_59_alpha_10p;7565.81;1;95.45;/dados/rmelo/PDPTW-SE/benchmark_multi_floor_v3/official_experiments/multistartlp/preliminar/set_01_pt_03/logs/heur_mslp/timelines/12R_12V_02F_03M/lr207_timeline_genconfig_mslp_seed_59_alpha_10p.txt;233.61;t2;0;1087.93;false
0.1;0.2;0.32;0.52;0.01;0.01;12;/dados/rmelo/PDPTW-SE/benchmark_multi_floor_v3/official_experiments/multistartlp/preliminar/set_01_pt_03/logs/heur_mslp/outputs/csvresults_heur_mslp_bash_2.csv;0;3;1;26;1;0.0;0.5;true;14;2;lr106_t1_12R_12V_04F_03M;/dados/rmelo/PDPTW-SE/benchmark_multi_floor_v3/official_experiments/multistartlp/preliminar/set_01_pt_03/configs/genconfig_mslp.conf;genconfig_mslp;/dados/rmelo/PDPTW-SE/benchmark_multi_floor_v3/official_experiments/multistartlp/preliminar/set_01_pt_03/logs/heur_mslp/gurobi/12R_12V_04F_03M/lr106_grb_genconfig_mslp_seed_59_alpha_10p.log;random;12R_12V_04F_03M;1;40874;1;/dados/rmelo/PDPTW-SE/benchmark_multi_floor_v3/official_experiments/multistartlp/preliminar/set_01_pt_03/../../../../instances/orig_ams_fg/12R_12V_04F_04M/t1/lr106/;60000;57735;0;1676.08;25;13;H;50;95;0;100.0;30.0;true;0.95;100.0;1.0;1.0;1.0;1.0;60;M;19126;19126;false;52;0.81;86.16;0.97;26;10;1000000;-1;3600;11.45;0.69;0.44;mslp;heur;0.56;0.17;-1;3600;60000;I;12;1.0;0.75;lr106;0;/dados/rmelo/PDPTW-SE/benchmark_multi_floor_v3/official_experiments/multistartlp/preliminar/set_01_pt_03/logs;0;0;0;68.12;100.0;1;59;/dados/rmelo/PDPTW-SE/benchmark_multi_floor_v3/official_experiments/multistartlp/preliminar/set_01_pt_03/logs/heur_mslp/solutions/12R_12V_04F_03M/lr106_sol_genconfig_mslp_seed_59_alpha_10p.txt;Gurobi;AUTOMATIC;18.1;_bash_2;_seed_59_alpha_10p;2189.49;1;76.86;/dados/rmelo/PDPTW-SE/benchmark_multi_floor_v3/official_experiments/multistartlp/preliminar/set_01_pt_03/logs/heur_mslp/timelines/12R_12V_04F_03M/lr106_timeline_genconfig_mslp_seed_59_alpha_10p.txt;79.74;t1;0;1425.98;false
0.1;0.02;0.03;0.05;0.0;0.01;8;/dados/rmelo/PDPTW-SE/benchmark_multi_floor_v3/official_experiments/multistartlp/preliminar/set_01_pt_03/logs/heur_mslp/outputs/csvresults_heur_mslp_bash_2.csv;0;3;1;26;1;0.0;0.5;true;14;2;lr209_t2_12R_12V_04F_03M;/dados/rmelo/PDPTW-SE/benchmark_multi_floor_v3/official_experiments/multistartlp/preliminar/set_01_pt_03/configs/genconfig_mslp.conf;genconfig_mslp;/dados/rmelo/PDPTW-SE/benchmark_multi_floor_v3/official_experiments/multistartlp/preliminar/set_01_pt_03/logs/heur_mslp/gurobi/12R_12V_04F_03M/lr209_grb_genconfig_mslp_seed_59_alpha_10p.log;random;12R_12V_04F_03M;1;0;1;/dados/rmelo/PDPTW-SE/benchmark_multi_floor_v3/official_experiments/multistartlp/preliminar/set_01_pt_03/../../../../instances/orig_ams_fg/12R_12V_04F_04M/t2/lr209/;60000;28056;0;1552.0;25;13;H;50;95;0;100.0;30.0;true;0.95;100.0;1.0;1.0;1.0;1.0;60;M;60000;60000;false;46;0.71;91.85;1.0;23;10;1000000;-1;3600;13.56;0.6;0.92;mslp;heur;0.49;0.83;-1;3600;60000;I;12;1.0;0.17;lr209;0;/dados/rmelo/PDPTW-SE/benchmark_multi_floor_v3/official_experiments/multistartlp/preliminar/set_01_pt_03/logs;0;0;0;0.0;100.0;1;59;/dados/rmelo/PDPTW-SE/benchmark_multi_floor_v3/official_experiments/multistartlp/preliminar/set_01_pt_03/logs/heur_mslp/solutions/12R_12V_04F_03M/lr209_sol_genconfig_mslp_seed_59_alpha_10p.txt;Gurobi;AUTOMATIC;18.04;_bash_2;_seed_59_alpha_10p;8133.4;1;111.62;/dados/rmelo/PDPTW-SE/benchmark_multi_floor_v3/official_experiments/multistartlp/preliminar/set_01_pt_03/logs/heur_mslp/timelines/12R_12V_04F_03M/lr209_timeline_genconfig_mslp_seed_59_alpha_10p.txt;237.24;t2;0;1200.0;false
0.1;0.01;0.04;0.05;0.0;0.08;3;/dados/rmelo/PDPTW-SE/benchmark_multi_floor_v3/official_experiments/multistartlp/preliminar/set_01_pt_03/logs/heur_mslp/outputs/csvresults_heur_mslp_bash_2.csv;0;5;1;82;1;0.0;0.5;true;42;2;LR1_2_6_t1_40R_40V_02F_05M;/dados/rmelo/PDPTW-SE/benchmark_multi_floor_v3/official_experiments/multistartlp/preliminar/set_01_pt_03/configs/genconfig_mslp.conf;genconfig_mslp;/dados/rmelo/PDPTW-SE/benchmark_multi_floor_v3/official_experiments/multistartlp/preliminar/set_01_pt_03/logs/heur_mslp/gurobi/40R_40V_02F_05M/LR1_2_6_grb_genconfig_mslp_seed_59_alpha_10p.log;random;40R_40V_02F_05M;1;59133;1;/dados/rmelo/PDPTW-SE/benchmark_multi_floor_v3/official_experiments/multistartlp/preliminar/set_01_pt_03/../../../../instances/orig_ams_fg/40R_40V_02F_06M/t1/LR1_2_6/;60000;25191;0;9215.66;81;41;H;50;95;0;100.0;30.0;true;0.95;100.0;1.0;1.0;1.0;1.0;60;M;867;867;false;72;0.97;184.05;0.88;36;10;1000000;-1;3600;4.3;0.43;0.51;mslp;heur;0.22;0.17;-1;3600;60000;I;40;1.0;0.4;LR1_2_6;0;/dados/rmelo/PDPTW-SE/benchmark_multi_floor_v3/official_experiments/multistartlp/preliminar/set_01_pt_03/logs;0;0;0;98.56;100.0;1;59;/dados/rmelo/PDPTW-SE/benchmark_multi_floor_v3/official_experiments/multistartlp/preliminar/set_01_pt_03/logs/heur_mslp/solutions/40R_40V_02F_05M/LR1_2_6_sol_genconfig_mslp_seed_59_alpha_10p.txt;Gurobi;AUTOMATIC;17.96;_bash_2;_seed_59_alpha_10p;37.29;1;90.99;/dados/rmelo/PDPTW-SE/benchmark_multi_floor_v3/official_experiments/multistartlp/preliminar/set_01_pt_03/logs/heur_mslp/timelines/40R_40V_02F_05M/LR1_2_6_timeline_genconfig_mslp_seed_59_alpha_10p.txt;216.91;t1;0;7892.53;false
0.1;0.0;0.01;0.02;0.02;0.21;13;/dados/rmelo/PDPTW-SE/benchmark_multi_floor_v3/official_experiments/multistartlp/preliminar/set_01_pt_03/logs/heur_mslp/outputs/csvresults_heur_mslp_bash_2.csv;0;5;1;82;1;0.0;0.5;true;42;2;LR2_2_9_t2_40R_40V_02F_05M;/dados/rmelo/PDPTW-SE/benchmark_multi_floor_v3/official_experiments/multistartlp/preliminar/set_01_pt_03/configs/genconfig_mslp.conf;genconfig_mslp;/dados/rmelo/PDPTW-SE/benchmark_multi_floor_v3/official_experiments/multistartlp/preliminar/set_01_pt_03/logs/heur_mslp/gurobi/40R_40V_02F_05M/LR2_2_9_grb_genconfig_mslp_seed_59_alpha_10p.log;random;40R_40V_02F_05M;1;0;1;/dados/rmelo/PDPTW-SE/benchmark_multi_floor_v3/official_experiments/multistartlp/preliminar/set_01_pt_03/../../../../instances/orig_ams_fg/40R_40V_02F_06M/t2/LR2_2_9/;60000;7037;0;11439.78;81;41;H;50;95;0;100.0;30.0;true;0.95;100.0;1.0;1.0;1.0;1.0;60;M;60000;60000;false;74;0.82;179.34;1.0;37;10;1000000;-1;3600;7.32;0.53;0.86;mslp;heur;0.12;0.26;-1;3600;60000;I;40;1.0;0.15;LR2_2_9;0;/dados/rmelo/PDPTW-SE/benchmark_multi_floor_v3/official_experiments/multistartlp/preliminar/set_01_pt_03/logs;0;0;0;0.0;100.0;1;59;/dados/rmelo/PDPTW-SE/benchmark_multi_floor_v3/official_experiments/multistartlp/preliminar/set_01_pt_03/logs/heur_mslp/solutions/40R_40V_02F_05M/LR2_2_9_sol_genconfig_mslp_seed_59_alpha_10p.txt;Gurobi;AUTOMATIC;17.83;_bash_2;_seed_59_alpha_10p;4393.32;1;149.96;/dados/rmelo/PDPTW-SE/benchmark_multi_floor_v3/official_experiments/multistartlp/preliminar/set_01_pt_03/logs/heur_mslp/timelines/40R_40V_02F_05M/LR2_2_9_timeline_genconfig_mslp_seed_59_alpha_10p.txt;1270.54;t2;0;8011.05;false
0.1;0.1;0.14;0.24;0.0;0.03;8;/dados/rmelo/PDPTW-SE/benchmark_multi_floor_v3/official_experiments/multistartlp/preliminar/set_01_pt_03/logs/heur_mslp/outputs/csvresults_heur_mslp_bash_2.csv;0;5;1;82;1;0.0;0.5;true;42;2;LR1_2_10_t1_40R_40V_04F_05M;/dados/rmelo/PDPTW-SE/benchmark_multi_floor_v3/official_experiments/multistartlp/preliminar/set_01_pt_03/configs/genconfig_mslp.conf;genconfig_mslp;/dados/rmelo/PDPTW-SE/benchmark_multi_floor_v3/official_experiments/multistartlp/preliminar/set_01_pt_03/logs/heur_mslp/gurobi/40R_40V_04F_05M/LR1_2_10_grb_genconfig_mslp_seed_59_alpha_10p.log;random;40R_40V_04F_05M;1;59428;1;/dados/rmelo/PDPTW-SE/benchmark_multi_floor_v3/official_experiments/multistartlp/preliminar/set_01_pt_03/../../../../instances/orig_ams_fg/40R_40V_04F_06M/t1/LR1_2_10/;60000;39885;0;8613.95;81;41;H;50;95;0;100.0;30.0;true;0.95;100.0;1.0;1.0;1.0;1.0;60;M;572;572;false;72;0.89;178.35;0.92;36;10;1000000;-1;3600;6.09;0.65;0.53;mslp;heur;0.35;0.13;-1;3600;60000;I;40;1.0;0.45;LR1_2_10;0;/dados/rmelo/PDPTW-SE/benchmark_multi_floor_v3/official_experiments/multistartlp/preliminar/set_01_pt_03/logs;0;0;0;99.05;100.0;1;59;/dados/rmelo/PDPTW-SE/benchmark_multi_floor_v3/official_experiments/multistartlp/preliminar/set_01_pt_03/logs/heur_mslp/solutions/40R_40V_04F_05M/LR1_2_10_sol_genconfig_mslp_seed_59_alpha_10p.txt;Gurobi;AUTOMATIC;17.85;_bash_2;_seed_59_alpha_10p;34.86;1;172.82;/dados/rmelo/PDPTW-SE/benchmark_multi_floor_v3/official_experiments/multistartlp/preliminar/set_01_pt_03/logs/heur_mslp/timelines/40R_40V_04F_05M/LR1_2_10_timeline_genconfig_mslp_seed_59_alpha_10p.txt;260.13;t1;0;7457.94;false
0.1;0.02;0.03;0.06;0.0;0.01;8;/dados/rmelo/PDPTW-SE/benchmark_multi_floor_v3/official_experiments/multistartlp/preliminar/set_01_pt_03/logs/heur_mslp/outputs/csvresults_heur_mslp_bash_2.csv;0;5;1;82;1;0.0;0.5;true;42;2;LR2_2_6_t2_40R_40V_04F_05M;/dados/rmelo/PDPTW-SE/benchmark_multi_floor_v3/official_experiments/multistartlp/preliminar/set_01_pt_03/configs/genconfig_mslp.conf;genconfig_mslp;/dados/rmelo/PDPTW-SE/benchmark_multi_floor_v3/official_experiments/multistartlp/preliminar/set_01_pt_03/logs/heur_mslp/gurobi/40R_40V_04F_05M/LR2_2_6_grb_genconfig_mslp_seed_59_alpha_10p.log;random;40R_40V_04F_05M;1;0;1;/dados/rmelo/PDPTW-SE/benchmark_multi_floor_v3/official_experiments/multistartlp/preliminar/set_01_pt_03/../../../../instances/orig_ams_fg/40R_40V_04F_06M/t2/LR2_2_6/;60000;20400;0;10096.5;81;41;H;50;95;0;100.0;30.0;true;0.95;100.0;1.0;1.0;1.0;1.0;60;M;60000;60000;false;80;0.86;192.66;1.0;40;10;1000000;-1;3600;3.18;0.79;0.92;mslp;heur;0.69;0.79;-1;3600;60000;I;40;1.0;0.1;LR2_2_6;0;/dados/rmelo/PDPTW-SE/benchmark_multi_floor_v3/official_experiments/multistartlp/preliminar/set_01_pt_03/logs;0;0;0;0.0;100.0;1;59;/dados/rmelo/PDPTW-SE/benchmark_multi_floor_v3/official_experiments/multistartlp/preliminar/set_01_pt_03/logs/heur_mslp/solutions/40R_40V_04F_05M/LR2_2_6_sol_genconfig_mslp_seed_59_alpha_10p.txt;Gurobi;AUTOMATIC;17.7;_bash_2;_seed_59_alpha_10p;1909.28;1;860.3;/dados/rmelo/PDPTW-SE/benchmark_multi_floor_v3/official_experiments/multistartlp/preliminar/set_01_pt_03/logs/heur_mslp/timelines/40R_40V_04F_05M/LR2_2_6_timeline_genconfig_mslp_seed_59_alpha_10p.txt;2525.89;t2;0;7993.16;false
0.1;0.05;0.08;0.12;0.01;0.06;6;/dados/rmelo/PDPTW-SE/benchmark_multi_floor_v3/official_experiments/multistartlp/preliminar/set_01_pt_03/logs/heur_mslp/outputs/csvresults_heur_mslp_bash_2.csv;0;5;1;122;1;0.0;0.5;true;62;2;LR1_2_6_t1_60R_60V_02F_05M;/dados/rmelo/PDPTW-SE/benchmark_multi_floor_v3/official_experiments/multistartlp/preliminar/set_01_pt_03/configs/genconfig_mslp.conf;genconfig_mslp;/dados/rmelo/PDPTW-SE/benchmark_multi_floor_v3/official_experiments/multistartlp/preliminar/set_01_pt_03/logs/heur_mslp/gurobi/60R_60V_02F_05M/LR1_2_6_grb_genconfig_mslp_seed_59_alpha_10p.log;random;60R_60V_02F_05M;1;58020;1;/dados/rmelo/PDPTW-SE/benchmark_multi_floor_v3/official_experiments/multistartlp/preliminar/set_01_pt_03/../../../../instances/orig_ams_fg/60R_60V_02F_06M/t1/LR1_2_6/;60000;23512;0;11066.27;121;61;H;50;95;0;100.0;30.0;true;0.95;100.0;1.0;1.0;1.0;1.0;60;M;1980;1980;false;82;0.95;191.73;0.91;41;10;1000000;-1;3600;4.96;0.69;0.53;mslp;heur;0.39;0.11;-1;3600;60000;I;60;1.0;0.38;LR1_2_6;0;/dados/rmelo/PDPTW-SE/benchmark_multi_floor_v3/official_experiments/multistartlp/preliminar/set_01_pt_03/logs;0;0;0;96.7;100.0;1;59;/dados/rmelo/PDPTW-SE/benchmark_multi_floor_v3/official_experiments/multistartlp/preliminar/set_01_pt_03/logs/heur_mslp/solutions/60R_60V_02F_05M/LR1_2_6_sol_genconfig_mslp_seed_59_alpha_10p.txt;Gurobi;AUTOMATIC;17.91;_bash_2;_seed_59_alpha_10p;98.25;1;191.9;/dados/rmelo/PDPTW-SE/benchmark_multi_floor_v3/official_experiments/multistartlp/preliminar/set_01_pt_03/logs/heur_mslp/timelines/60R_60V_02F_05M/LR1_2_6_timeline_genconfig_mslp_seed_59_alpha_10p.txt;487.93;t1;0;10065.39;false
0.1;0.01;0.02;0.02;0.0;0.02;6;/dados/rmelo/PDPTW-SE/benchmark_multi_floor_v3/official_experiments/multistartlp/preliminar/set_01_pt_03/logs/heur_mslp/outputs/csvresults_heur_mslp_bash_2.csv;0;5;1;122;1;0.0;0.5;true;62;2;LR2_2_6_t2_60R_60V_02F_05M;/dados/rmelo/PDPTW-SE/benchmark_multi_floor_v3/official_experiments/multistartlp/preliminar/set_01_pt_03/configs/genconfig_mslp.conf;genconfig_mslp;/dados/rmelo/PDPTW-SE/benchmark_multi_floor_v3/official_experiments/multistartlp/preliminar/set_01_pt_03/logs/heur_mslp/gurobi/60R_60V_02F_05M/LR2_2_6_grb_genconfig_mslp_seed_59_alpha_10p.log;random;60R_60V_02F_05M;1;0;1;/dados/rmelo/PDPTW-SE/benchmark_multi_floor_v3/official_experiments/multistartlp/preliminar/set_01_pt_03/../../../../instances/orig_ams_fg/60R_60V_02F_06M/t2/LR2_2_6/;55930;36162;0;13755.55;121;61;H;50;95;0;100.0;30.0;true;0.95;100.0;1.0;1.0;1.0;1.0;60;M;55930;55930;false;80;0.89;185.63;1.0;40;10;1000000;-1;3600;5.22;0.69;0.87;mslp;heur;0.1;0.34;-1;3600;60000;I;60;1.0;0.1;LR2_2_6;0;/dados/rmelo/PDPTW-SE/benchmark_multi_floor_v3/official_experiments/multistartlp/preliminar/set_01_pt_03/logs;0;0;0;0.0;100.0;1;59;/dados/rmelo/PDPTW-SE/benchmark_multi_floor_v3/official_experiments/multistartlp/preliminar/set_01_pt_03/logs/heur_mslp/solutions/60R_60V_02F_05M/LR2_2_6_sol_genconfig_mslp_seed_59_alpha_10p.txt;Gurobi;AUTOMATIC;17.7;_bash_2;_seed_59_alpha_10p;2920.1;1;2328.26;/dados/rmelo/PDPTW-SE/benchmark_multi_floor_v3/official_experiments/multistartlp/preliminar/set_01_pt_03/logs/heur_mslp/timelines/60R_60V_02F_05M/LR2_2_6_timeline_genconfig_mslp_seed_59_alpha_10p.txt;3600.03;t2;0;10493.63;false
0.1;0.15;0.21;0.36;0.0;0.05;5;/dados/rmelo/PDPTW-SE/benchmark_multi_floor_v3/official_experiments/multistartlp/preliminar/set_01_pt_03/logs/heur_mslp/outputs/csvresults_heur_mslp_bash_2.csv;0;5;1;122;1;0.0;0.5;true;62;2;LR1_2_9_t1_60R_60V_04F_05M;/dados/rmelo/PDPTW-SE/benchmark_multi_floor_v3/official_experiments/multistartlp/preliminar/set_01_pt_03/configs/genconfig_mslp.conf;genconfig_mslp;/dados/rmelo/PDPTW-SE/benchmark_multi_floor_v3/official_experiments/multistartlp/preliminar/set_01_pt_03/logs/heur_mslp/gurobi/60R_60V_04F_05M/LR1_2_9_grb_genconfig_mslp_seed_59_alpha_10p.log;random;60R_60V_04F_05M;1;59945;1;/dados/rmelo/PDPTW-SE/benchmark_multi_floor_v3/official_experiments/multistartlp/preliminar/set_01_pt_03/../../../../instances/orig_ams_fg/60R_60V_04F_06M/t1/LR1_2_9/;60000;20043;0;14803.65;121;61;H;50;95;0;100.0;30.0;true;0.95;100.0;1.0;1.0;1.0;1.0;60;M;55;55;false;86;0.97;198.99;0.88;43;10;1000000;-1;3600;7.89;0.66;0.46;mslp;heur;0.29;0.07;-1;3600;60000;I;60;1.0;0.45;LR1_2_9;0;/dados/rmelo/PDPTW-SE/benchmark_multi_floor_v3/official_experiments/multistartlp/preliminar/set_01_pt_03/logs;0;0;0;99.91;100.0;1;59;/dados/rmelo/PDPTW-SE/benchmark_multi_floor_v3/official_experiments/multistartlp/preliminar/set_01_pt_03/logs/heur_mslp/solutions/60R_60V_04F_05M/LR1_2_9_sol_genconfig_mslp_seed_59_alpha_10p.txt;Gurobi;AUTOMATIC;18.27;_bash_2;_seed_59_alpha_10p;4.34;1;172.26;/dados/rmelo/PDPTW-SE/benchmark_multi_floor_v3/official_experiments/multistartlp/preliminar/set_01_pt_03/logs/heur_mslp/timelines/60R_60V_04F_05M/LR1_2_9_timeline_genconfig_mslp_seed_59_alpha_10p.txt;515.72;t1;0;12254.51;false
0.1;0.02;0.04;0.07;0.0;0.0;2;/dados/rmelo/PDPTW-SE/benchmark_multi_floor_v3/official_experiments/multistartlp/preliminar/set_01_pt_03/logs/heur_mslp/outputs/csvresults_heur_mslp_bash_2.csv;0;5;1;122;1;0.0;0.5;true;62;2;LR2_2_7_t2_60R_60V_04F_05M;/dados/rmelo/PDPTW-SE/benchmark_multi_floor_v3/official_experiments/multistartlp/preliminar/set_01_pt_03/configs/genconfig_mslp.conf;genconfig_mslp;/dados/rmelo/PDPTW-SE/benchmark_multi_floor_v3/official_experiments/multistartlp/preliminar/set_01_pt_03/logs/heur_mslp/gurobi/60R_60V_04F_05M/LR2_2_7_grb_genconfig_mslp_seed_59_alpha_10p.log;random;60R_60V_04F_05M;1;7949;1;/dados/rmelo/PDPTW-SE/benchmark_multi_floor_v3/official_experiments/multistartlp/preliminar/set_01_pt_03/../../../../instances/orig_ams_fg/60R_60V_04F_06M/t2/LR2_2_7/;31546;2851;0;13369.41;121;61;H;50;95;0;100.0;30.0;true;0.95;100.0;1.0;1.0;1.0;1.0;60;M;23597;23597;false;78;0.87;195.28;0.97;39;10;1000000;-1;3600;1.44;0.7;0.85;mslp;heur;0.34;0.5;-1;3600;60000;I;60;1.0;0.1;LR2_2_7;0;/dados/rmelo/PDPTW-SE/benchmark_multi_floor_v3/official_experiments/multistartlp/preliminar/set_01_pt_03/logs;0;0;0;25.2;100.0;1;59;/dados/rmelo/PDPTW-SE/benchmark_multi_floor_v3/official_experiments/multistartlp/preliminar/set_01_pt_03/logs/heur_mslp/solutions/60R_60V_04F_05M/LR2_2_7_sol_genconfig_mslp_seed_59_alpha_10p.txt;Gurobi;AUTOMATIC;17.65;_bash_2;_seed_59_alpha_10p;340.82;1;326.12;/dados/rmelo/PDPTW-SE/benchmark_multi_floor_v3/official_experiments/multistartlp/preliminar/set_01_pt_03/logs/heur_mslp/timelines/60R_60V_04F_05M/LR2_2_7_timeline_genconfig_mslp_seed_59_alpha_10p.txt;3600.03;t2;0;10722.08;false
0.1;0.01;0.06;0.07;0.0;0.0;4;/dados/rmelo/PDPTW-SE/benchmark_multi_floor_v3/official_experiments/multistartlp/preliminar/set_01_pt_03/logs/heur_mslp/outputs/csvresults_heur_mslp_bash_2.csv;0;3;1;18;1;0.0;0.5;true;10;2;lr107_t1_08R_08V_02F_03M;/dados/rmelo/PDPTW-SE/benchmark_multi_floor_v3/official_experiments/multistartlp/preliminar/set_01_pt_03/configs/genconfig_mslp.conf;genconfig_mslp;/dados/rmelo/PDPTW-SE/benchmark_multi_floor_v3/official_experiments/multistartlp/preliminar/set_01_pt_03/logs/heur_mslp/gurobi/08R_08V_02F_03M/lr107_grb_genconfig_mslp_seed_66_alpha_10p.log;random;08R_08V_02F_03M;1;0;1;/dados/rmelo/PDPTW-SE/benchmark_multi_floor_v3/official_experiments/multistartlp/preliminar/set_01_pt_03/../../../../instances/orig_ams_fg/08R_08V_02F_04M/t1/lr107/;60000;9;0;1017.21;17;9;H;50;95;0;100.0;30.0;true;0.95;100.0;1.0;1.0;1.0;1.0;60;M;60000;60000;false;40;0.94;80.43;0.72;20;10;1000000;-1;3600;15.99;0.73;0.54;mslp;heur;0.47;0.36;-1;3600;60000;I;8;1.0;0.62;lr107;0;/dados/rmelo/PDPTW-SE/benchmark_multi_floor_v3/official_experiments/multistartlp/preliminar/set_01_pt_03/logs;0;0;0;0.0;100.0;1;66;/dados/rmelo/PDPTW-SE/benchmark_multi_floor_v3/official_experiments/multistartlp/preliminar/set_01_pt_03/logs/heur_mslp/solutions/08R_08V_02F_03M/lr107_sol_genconfig_mslp_seed_66_alpha_10p.txt;Gurobi;AUTOMATIC;17.48;_bash_2;_seed_66_alpha_10p;9596.72;1;0.29;/dados/rmelo/PDPTW-SE/benchmark_multi_floor_v3/official_experiments/multistartlp/preliminar/set_01_pt_03/logs/heur_mslp/timelines/08R_08V_02F_03M/lr107_timeline_genconfig_mslp_seed_66_alpha_10p.txt;103.81;t1;0;843.14;false
0.1;0.0;0.02;0.02;0.0;0.0;3;/dados/rmelo/PDPTW-SE/benchmark_multi_floor_v3/official_experiments/multistartlp/preliminar/set_01_pt_03/logs/heur_mslp/outputs/csvresults_heur_mslp_bash_2.csv;0;3;1;18;1;0.0;0.5;true;10;2;lr210_t2_08R_08V_02F_03M;/dados/rmelo/PDPTW-SE/benchmark_multi_floor_v3/official_experiments/multistartlp/preliminar/set_01_pt_03/configs/genconfig_mslp.conf;genconfig_mslp;/dados/rmelo/PDPTW-SE/benchmark_multi_floor_v3/official_experiments/multistartlp/preliminar/set_01_pt_03/logs/heur_mslp/gurobi/08R_08V_02F_03M/lr210_grb_genconfig_mslp_seed_66_alpha_10p.log;random;08R_08V_02F_03M;1;873;1;/dados/rmelo/PDPTW-SE/benchmark_multi_floor_v3/official_experiments/multistartlp/preliminar/set_01_pt_03/../../../../instances/orig_ams_fg/08R_08V_02F_04M/t2/lr210/;60000;26902;0;1524.72;17;9;H;50;95;0;100.0;30.0;true;0.95;100.0;1.0;1.0;1.0;1.0;60;M;59127;59127;false;58;0.71;75.46;0.93;29;10;1000000;-1;3600;31.01;0.71;0.93;mslp;heur;0.71;0.93;-1;3600;60000;I;8;0.67;0.12;lr210;0;/dados/rmelo/PDPTW-SE/benchmark_multi_floor_v3/official_experiments/multistartlp/preliminar/set_01_pt_03/logs;0;0;0;1.46;100.0;1;66;/dados/rmelo/PDPTW-SE/benchmark_multi_floor_v3/official_experiments/multistartlp/preliminar/set_01_pt_03/logs/heur_mslp/solutions/08R_08V_02F_03M/lr210_sol_genconfig_mslp_seed_66_alpha_10p.txt;Gurobi;AUTOMATIC;18.13;_bash_2;_seed_66_alpha_10p;18333.06;1;56.75;/dados/rmelo/PDPTW-SE/benchmark_multi_floor_v3/official_experiments/multistartlp/preliminar/set_01_pt_03/logs/heur_mslp/timelines/08R_08V_02F_03M/lr210_timeline_genconfig_mslp_seed_66_alpha_10p.txt;125.28;t2;0;706.87;false
0.1;0.1;0.19;0.29;0.0;0.05;5;/dados/rmelo/PDPTW-SE/benchmark_multi_floor_v3/official_experiments/multistartlp/preliminar/set_01_pt_03/logs/heur_mslp/outputs/csvresults_heur_mslp_bash_2.csv;0;3;1;18;1;0.0;0.5;true;10;2;lr106_t1_08R_08V_04F_03M;/dados/rmelo/PDPTW-SE/benchmark_multi_floor_v3/official_experiments/multistartlp/preliminar/set_01_pt_03/configs/genconfig_mslp.conf;genconfig_mslp;/dados/rmelo/PDPTW-SE/benchmark_multi_floor_v3/official_experiments/multistartlp/preliminar/set_01_pt_03/logs/heur_mslp/gurobi/08R_08V_04F_03M/lr106_grb_genconfig_mslp_seed_66_alpha_10p.log;random;08R_08V_04F_03M;1;17248;1;/dados/rmelo/PDPTW-SE/benchmark_multi_floor_v3/official_experiments/multistartlp/preliminar/set_01_pt_03/../../../../instances/orig_ams_fg/08R_08V_04F_04M/t1/lr106/;60000;7644;0;1306.72;17;9;H;50;95;0;100.0;30.0;true;0.95;100.0;1.0;1.0;1.0;1.0;60;M;42752;42752;false;52;0.82;85.78;0.81;26;10;1000000;-1;3600;19.16;0.62;0.36;mslp;heur;0.35;0.06;-1;3600;60000;I;8;1.0;0.88;lr106;0;/dados/rmelo/PDPTW-SE/benchmark_multi_floor_v3/official_experiments/multistartlp/preliminar/set_01_pt_03/logs;0;0;0;28.75;100.0;1;66;/dados/rmelo/PDPTW-SE/benchmark_multi_floor_v3/official_experiments/multistartlp/preliminar/set_01_pt_03/logs/heur_mslp/solutions/08R_08V_04F_03M/lr106_sol_genconfig_mslp_seed_66_alpha_10p.txt;Gurobi;AUTOMATIC;17.67;_bash_2;_seed_66_alpha_10p;8189.51;1;13.03;/dados/rmelo/PDPTW-SE/benchmark_multi_floor_v3/official_experiments/multistartlp/preliminar/set_01_pt_03/logs/heur_mslp/timelines/08R_08V_04F_03M/lr106_timeline_genconfig_mslp_seed_66_alpha_10p.txt;95.29;t1;0;1010.71;false
0.1;0.01;0.03;0.04;0.0;0.0;8;/dados/rmelo/PDPTW-SE/benchmark_multi_floor_v3/official_experiments/multistartlp/preliminar/set_01_pt_03/logs/heur_mslp/outputs/csvresults_heur_mslp_bash_2.csv;0;3;1;18;1;0.0;0.5;true;10;2;lr209_t2_08R_08V_04F_03M;/dados/rmelo/PDPTW-SE/benchmark_multi_floor_v3/official_experiments/multistartlp/preliminar/set_01_pt_03/configs/genconfig_mslp.conf;genconfig_mslp;/dados/rmelo/PDPTW-SE/benchmark_multi_floor_v3/official_experiments/multistartlp/preliminar/set_01_pt_03/logs/heur_mslp/gurobi/08R_08V_04F_03M/lr209_grb_genconfig_mslp_seed_66_alpha_10p.log;random;08R_08V_04F_03M;1;0;1;/dados/rmelo/PDPTW-SE/benchmark_multi_floor_v3/official_experiments/multistartlp/preliminar/set_01_pt_03/../../../../instances/orig_ams_fg/08R_08V_04F_04M/t2/lr209/;60000;4964;0;938.86;17;9;H;50;95;0;100.0;30.0;true;0.95;100.0;1.0;1.0;1.0;1.0;60;M;54251;60000;false;46;0.68;79.88;0.93;23;10;1000000;-1;3600;21.11;0.42;0.77;mslp;heur;0.16;0.61;-1;3600;60000;I;8;0.67;0.25;lr209;0;/dados/rmelo/PDPTW-SE/benchmark_multi_floor_v3/official_experiments/multistartlp/preliminar/set_01_pt_03/logs;0;0;0;0.0;90.42;1;66;/dados/rmelo/PDPTW-SE/benchmark_multi_floor_v3/official_experiments/multistartlp/preliminar/set_01_pt_03/logs/heur_mslp/solutions/08R_08V_04F_03M/lr209_sol_genconfig_mslp_seed_66_alpha_10p.txt;Gurobi;AUTOMATIC;17.71;_bash_2;_seed_66_alpha_10p;12668.39;1;12.96;/dados/rmelo/PDPTW-SE/benchmark_multi_floor_v3/official_experiments/multistartlp/preliminar/set_01_pt_03/logs/heur_mslp/timelines/08R_08V_04F_03M/lr209_timeline_genconfig_mslp_seed_66_alpha_10p.txt;150.18;t2;0;838.87;false
0.1;0.04;0.07;0.11;0.0;0.0;10;/dados/rmelo/PDPTW-SE/benchmark_multi_floor_v3/official_experiments/multistartlp/preliminar/set_01_pt_03/logs/heur_mslp/outputs/csvresults_heur_mslp_bash_2.csv;0;3;1;26;1;0.0;0.5;true;14;2;lr109_t1_12R_12V_02F_03M;/dados/rmelo/PDPTW-SE/benchmark_multi_floor_v3/official_experiments/multistartlp/preliminar/set_01_pt_03/configs/genconfig_mslp.conf;genconfig_mslp;/dados/rmelo/PDPTW-SE/benchmark_multi_floor_v3/official_experiments/multistartlp/preliminar/set_01_pt_03/logs/heur_mslp/gurobi/12R_12V_02F_03M/lr109_grb_genconfig_mslp_seed_66_alpha_10p.log;random;12R_12V_02F_03M;1;14605;1;/dados/rmelo/PDPTW-SE/benchmark_multi_floor_v3/official_experiments/multistartlp/preliminar/set_01_pt_03/../../../../instances/orig_ams_fg/12R_12V_02F_04M/t1/lr109/;60000;34036;0;1350.74;25;13;H;50;95;0;100.0;30.0;true;0.95;100.0;1.0;1.0;1.0;1.0;60;M;45395;45395;false;58;0.79;78.59;0.75;29;10;1000000;-1;3600;9.53;0.63;0.41;mslp;heur;0.53;0.24;-1;3600;60000;I;12;1.0;0.58;lr109;0;/dados/rmelo/PDPTW-SE/benchmark_multi_floor_v3/official_experiments/multistartlp/preliminar/set_01_pt_03/logs;0;0;0;24.34;100.0;1;66;/dados/rmelo/PDPTW-SE/benchmark_multi_floor_v3/official_experiments/multistartlp/preliminar/set_01_pt_03/logs/heur_mslp/solutions/12R_12V_02F_03M/lr109_sol_genconfig_mslp_seed_66_alpha_10p.txt;Gurobi;AUTOMATIC;17.88;_bash_2;_seed_66_alpha_10p;4325.83;1;65.12;/dados/rmelo/PDPTW-SE/benchmark_multi_floor_v3/official_experiments/multistartlp/preliminar/set_01_pt_03/logs/heur_mslp/timelines/12R_12V_02F_03M/lr109_timeline_genconfig_mslp_seed_66_alpha_10p.txt;114.3;t1;0;1006.78;false
0.1;0.0;0.01;0.02;0.0;0.0;9;/dados/rmelo/PDPTW-SE/benchmark_multi_floor_v3/official_experiments/multistartlp/preliminar/set_01_pt_03/logs/heur_mslp/outputs/csvresults_heur_mslp_bash_2.csv;0;3;1;26;1;0.0;0.5;true;14;2;lr207_t2_12R_12V_02F_03M;/dados/rmelo/PDPTW-SE/benchmark_multi_floor_v3/official_experiments/multistartlp/preliminar/set_01_pt_03/configs/genconfig_mslp.conf;genconfig_mslp;/dados/rmelo/PDPTW-SE/benchmark_multi_floor_v3/official_experiments/multistartlp/preliminar/set_01_pt_03/logs/heur_mslp/gurobi/12R_12V_02F_03M/lr207_grb_genconfig_mslp_seed_66_alpha_10p.log;random;12R_12V_02F_03M;1;0;1;/dados/rmelo/PDPTW-SE/benchmark_multi_floor_v3/official_experiments/multistartlp/preliminar/set_01_pt_03/../../../../instances/orig_ams_fg/12R_12V_02F_04M/t2/lr207/;60000;48602;0;1660.54;25;13;H;50;95;0;100.0;30.0;true;0.95;100.0;1.0;1.0;1.0;1.0;60;M;59950;60000;false;40;0.77;83.45;0.94;20;10;1000000;-1;3600;12.67;0.54;0.92;mslp;heur;0.32;0.9;-1;3600;60000;I;12;1.0;0.17;lr207;0;/dados/rmelo/PDPTW-SE/benchmark_multi_floor_v3/official_experiments/multistartlp/preliminar/set_01_pt_03/logs;0;0;0;0.0;99.92;1;66;/dados/rmelo/PDPTW-SE/benchmark_multi_floor_v3/official_experiments/multistartlp/preliminar/set_01_pt_03/logs/heur_mslp/solutions/12R_12V_02F_03M/lr207_sol_genconfig_mslp_seed_66_alpha_10p.txt;Gurobi;AUTOMATIC;17.75;_bash_2;_seed_66_alpha_10p;7602.79;1;188.35;/dados/rmelo/PDPTW-SE/benchmark_multi_floor_v3/official_experiments/multistartlp/preliminar/set_01_pt_03/logs/heur_mslp/timelines/12R_12V_02F_03M/lr207_timeline_genconfig_mslp_seed_66_alpha_10p.txt;232.23;t2;0;1089.49;false
0.1;0.2;0.32;0.52;0.0;0.0;8;/dados/rmelo/PDPTW-SE/benchmark_multi_floor_v3/official_experiments/multistartlp/preliminar/set_01_pt_03/logs/heur_mslp/outputs/csvresults_heur_mslp_bash_2.csv;0;3;1;26;1;0.0;0.5;true;14;2;lr106_t1_12R_12V_04F_03M;/dados/rmelo/PDPTW-SE/benchmark_multi_floor_v3/official_experiments/multistartlp/preliminar/set_01_pt_03/configs/genconfig_mslp.conf;genconfig_mslp;/dados/rmelo/PDPTW-SE/benchmark_multi_floor_v3/official_experiments/multistartlp/preliminar/set_01_pt_03/logs/heur_mslp/gurobi/12R_12V_04F_03M/lr106_grb_genconfig_mslp_seed_66_alpha_10p.log;random;12R_12V_04F_03M;1;40813;1;/dados/rmelo/PDPTW-SE/benchmark_multi_floor_v3/official_experiments/multistartlp/preliminar/set_01_pt_03/../../../../instances/orig_ams_fg/12R_12V_04F_04M/t1/lr106/;60000;31318;0;1768.52;25;13;H;50;95;0;100.0;30.0;true;0.95;100.0;1.0;1.0;1.0;1.0;60;M;19187;19187;false;52;0.83;86.16;0.71;26;10;1000000;-1;3600;11.41;0.69;0.4;mslp;heur;0.59;0.17;-1;3600;60000;I;12;1.0;0.75;lr106;0;/dados/rmelo/PDPTW-SE/benchmark_multi_floor_v3/official_experiments/multistartlp/preliminar/set_01_pt_03/logs;0;0;0;68.02;100.0;1;66;/dados/rmelo/PDPTW-SE/benchmark_multi_floor_v3/official_experiments/multistartlp/preliminar/set_01_pt_03/logs/heur_mslp/solutions/12R_12V_04F_03M/lr106_sol_genconfig_mslp_seed_66_alpha_10p.txt;Gurobi;AUTOMATIC;17.78;_bash_2;_seed_66_alpha_10p;2189.6;1;41.36;/dados/rmelo/PDPTW-SE/benchmark_multi_floor_v3/official_experiments/multistartlp/preliminar/set_01_pt_03/logs/heur_mslp/timelines/12R_12V_04F_03M/lr106_timeline_genconfig_mslp_seed_66_alpha_10p.txt;78.98;t1;0;1422.71;false
0.1;0.01;0.03;0.04;0.01;0.0;11;/dados/rmelo/PDPTW-SE/benchmark_multi_floor_v3/official_experiments/multistartlp/preliminar/set_01_pt_03/logs/heur_mslp/outputs/csvresults_heur_mslp_bash_2.csv;0;3;1;26;1;0.0;0.5;true;14;2;lr209_t2_12R_12V_04F_03M;/dados/rmelo/PDPTW-SE/benchmark_multi_floor_v3/official_experiments/multistartlp/preliminar/set_01_pt_03/configs/genconfig_mslp.conf;genconfig_mslp;/dados/rmelo/PDPTW-SE/benchmark_multi_floor_v3/official_experiments/multistartlp/preliminar/set_01_pt_03/logs/heur_mslp/gurobi/12R_12V_04F_03M/lr209_grb_genconfig_mslp_seed_66_alpha_10p.log;random;12R_12V_04F_03M;1;0;1;/dados/rmelo/PDPTW-SE/benchmark_multi_floor_v3/official_experiments/multistartlp/preliminar/set_01_pt_03/../../../../instances/orig_ams_fg/12R_12V_04F_04M/t2/lr209/;60000;21295;0;1643.01;25;13;H;50;95;0;100.0;30.0;true;0.95;100.0;1.0;1.0;1.0;1.0;60;M;60000;60000;false;46;0.71;91.85;1.0;23;10;1000000;-1;3600;13.56;0.6;0.92;mslp;heur;0.48;0.83;-1;3600;60000;I;12;1.0;0.17;lr209;0;/dados/rmelo/PDPTW-SE/benchmark_multi_floor_v3/official_experiments/multistartlp/preliminar/set_01_pt_03/logs;0;0;0;0.0;100.0;1;66;/dados/rmelo/PDPTW-SE/benchmark_multi_floor_v3/official_experiments/multistartlp/preliminar/set_01_pt_03/logs/heur_mslp/solutions/12R_12V_04F_03M/lr209_sol_genconfig_mslp_seed_66_alpha_10p.txt;Gurobi;AUTOMATIC;18.08;_bash_2;_seed_66_alpha_10p;8133.26;1;85.24;/dados/rmelo/PDPTW-SE/benchmark_multi_floor_v3/official_experiments/multistartlp/preliminar/set_01_pt_03/logs/heur_mslp/timelines/12R_12V_04F_03M/lr209_timeline_genconfig_mslp_seed_66_alpha_10p.txt;238.24;t2;0;1196.49;false
0.1;0.02;0.03;0.05;0.0;0.13;5;/dados/rmelo/PDPTW-SE/benchmark_multi_floor_v3/official_experiments/multistartlp/preliminar/set_01_pt_03/logs/heur_mslp/outputs/csvresults_heur_mslp_bash_2.csv;0;5;1;82;1;0.0;0.5;true;42;2;LR1_2_6_t1_40R_40V_02F_05M;/dados/rmelo/PDPTW-SE/benchmark_multi_floor_v3/official_experiments/multistartlp/preliminar/set_01_pt_03/configs/genconfig_mslp.conf;genconfig_mslp;/dados/rmelo/PDPTW-SE/benchmark_multi_floor_v3/official_experiments/multistartlp/preliminar/set_01_pt_03/logs/heur_mslp/gurobi/40R_40V_02F_05M/LR1_2_6_grb_genconfig_mslp_seed_66_alpha_10p.log;random;40R_40V_02F_05M;1;59184;1;/dados/rmelo/PDPTW-SE/benchmark_multi_floor_v3/official_experiments/multistartlp/preliminar/set_01_pt_03/../../../../instances/orig_ams_fg/40R_40V_02F_06M/t1/LR1_2_6/;60000;56343;0;8784.37;81;41;H;50;95;0;100.0;30.0;true;0.95;100.0;1.0;1.0;1.0;1.0;60;M;816;816;false;72;0.94;184.05;0.93;36;10;1000000;-1;3600;4.27;0.4;0.49;mslp;heur;0.16;0.12;-1;3600;60000;I;40;1.0;0.42;LR1_2_6;0;/dados/rmelo/PDPTW-SE/benchmark_multi_floor_v3/official_experiments/multistartlp/preliminar/set_01_pt_03/logs;0;0;0;98.64;100.0;1;66;/dados/rmelo/PDPTW-SE/benchmark_multi_floor_v3/official_experiments/multistartlp/preliminar/set_01_pt_03/logs/heur_mslp/solutions/40R_40V_02F_05M/LR1_2_6_sol_genconfig_mslp_seed_66_alpha_10p.txt;Gurobi;AUTOMATIC;17.76;_bash_2;_seed_66_alpha_10p;34.82;1;195.55;/dados/rmelo/PDPTW-SE/benchmark_multi_floor_v3/official_experiments/multistartlp/preliminar/set_01_pt_03/logs/heur_mslp/timelines/40R_40V_02F_05M/LR1_2_6_timeline_genconfig_mslp_seed_66_alpha_10p.txt;208.41;t1;0;7770.8;false
0.1;0.0;0.01;0.02;0.01;0.16;8;/dados/rmelo/PDPTW-SE/benchmark_multi_floor_v3/official_experiments/multistartlp/preliminar/set_01_pt_03/logs/heur_mslp/outputs/csvresults_heur_mslp_bash_2.csv;0;5;1;82;1;0.0;0.5;true;42;2;LR2_2_9_t2_40R_40V_02F_05M;/dados/rmelo/PDPTW-SE/benchmark_multi_floor_v3/official_experiments/multistartlp/preliminar/set_01_pt_03/configs/genconfig_mslp.conf;genconfig_mslp;/dados/rmelo/PDPTW-SE/benchmark_multi_floor_v3/official_experiments/multistartlp/preliminar/set_01_pt_03/logs/heur_mslp/gurobi/40R_40V_02F_05M/LR2_2_9_grb_genconfig_mslp_seed_66_alpha_10p.log;random;40R_40V_02F_05M;1;0;1;/dados/rmelo/PDPTW-SE/benchmark_multi_floor_v3/official_experiments/multistartlp/preliminar/set_01_pt_03/../../../../instances/orig_ams_fg/40R_40V_02F_06M/t2/LR2_2_9/;60000;48128;0;11581.28;81;41;H;50;95;0;100.0;30.0;true;0.95;100.0;1.0;1.0;1.0;1.0;60;M;60000;60000;false;74;0.78;179.34;1.0;37;10;1000000;-1;3600;7.33;0.65;0.97;mslp;heur;0.49;0.93;-1;3600;60000;I;40;1.0;0.12;LR2_2_9;0;/dados/rmelo/PDPTW-SE/benchmark_multi_floor_v3/official_experiments/multistartlp/preliminar/set_01_pt_03/logs;0;0;0;0.0;100.0;1;66;/dados/rmelo/PDPTW-SE/benchmark_multi_floor_v3/official_experiments/multistartlp/preliminar/set_01_pt_03/logs/heur_mslp/solutions/40R_40V_02F_05M/LR2_2_9_sol_genconfig_mslp_seed_66_alpha_10p.txt;Gurobi;AUTOMATIC;17.53;_bash_2;_seed_66_alpha_10p;4396.33;1;1006.42;/dados/rmelo/PDPTW-SE/benchmark_multi_floor_v3/official_experiments/multistartlp/preliminar/set_01_pt_03/logs/heur_mslp/timelines/40R_40V_02F_05M/LR2_2_9_timeline_genconfig_mslp_seed_66_alpha_10p.txt;1254.27;t2;0;8236.08;false
0.1;0.1;0.15;0.25;0.0;0.05;6;/dados/rmelo/PDPTW-SE/benchmark_multi_floor_v3/official_experiments/multistartlp/preliminar/set_01_pt_03/logs/heur_mslp/outputs/csvresults_heur_mslp_bash_2.csv;0;5;1;82;1;0.0;0.5;true;42;2;LR1_2_10_t1_40R_40V_04F_05M;/dados/rmelo/PDPTW-SE/benchmark_multi_floor_v3/official_experiments/multistartlp/preliminar/set_01_pt_03/configs/genconfig_mslp.conf;genconfig_mslp;/dados/rmelo/PDPTW-SE/benchmark_multi_floor_v3/official_experiments/multistartlp/preliminar/set_01_pt_03/logs/heur_mslp/gurobi/40R_40V_04F_05M/LR1_2_10_grb_genconfig_mslp_seed_66_alpha_10p.log;random;40R_40V_04F_05M;1;59466;1;/dados/rmelo/PDPTW-SE/benchmark_multi_floor_v3/official_experiments/multistartlp/preliminar/set_01_pt_03/../../../../instances/orig_ams_fg/40R_40V_04F_06M/t1/LR1_2_10/;60000;15574;0;8565.65;81;41;H;50;95;0;100.0;30.0;true;0.95;100.0;1.0;1.0;1.0;1.0;60;M;534;534;false;72;0.93;178.35;0.92;36;10;1000000;-1;3600;6.2;0.69;0.55;mslp;heur;0.22;0.08;-1;3600;60000;I;40;1.0;0.42;LR1_2_10;0;/dados/rmelo/PDPTW-SE/benchmark_multi_floor_v3/official_experiments/multistartlp/preliminar/set_01_pt_03/logs;0;0;0;99.11;100.0;1;66;/dados/rmelo/PDPTW-SE/benchmark_multi_floor_v3/official_experiments/multistartlp/preliminar/set_01_pt_03/logs/heur_mslp/solutions/40R_40V_04F_05M/LR1_2_10_sol_genconfig_mslp_seed_66_alpha_10p.txt;Gurobi;AUTOMATIC;17.56;_bash_2;_seed_66_alpha_10p;33.11;1;67.58;/dados/rmelo/PDPTW-SE/benchmark_multi_floor_v3/official_experiments/multistartlp/preliminar/set_01_pt_03/logs/heur_mslp/timelines/40R_40V_04F_05M/LR1_2_10_timeline_genconfig_mslp_seed_66_alpha_10p.txt;259.47;t1;0;7469.82;false
0.1;0.02;0.04;0.06;0.01;0.02;10;/dados/rmelo/PDPTW-SE/benchmark_multi_floor_v3/official_experiments/multistartlp/preliminar/set_01_pt_03/logs/heur_mslp/outputs/csvresults_heur_mslp_bash_2.csv;0;5;1;82;1;0.0;0.5;true;42;2;LR2_2_6_t2_40R_40V_04F_05M;/dados/rmelo/PDPTW-SE/benchmark_multi_floor_v3/official_experiments/multistartlp/preliminar/set_01_pt_03/configs/genconfig_mslp.conf;genconfig_mslp;/dados/rmelo/PDPTW-SE/benchmark_multi_floor_v3/official_experiments/multistartlp/preliminar/set_01_pt_03/logs/heur_mslp/gurobi/40R_40V_04F_05M/LR2_2_6_grb_genconfig_mslp_seed_66_alpha_10p.log;random;40R_40V_04F_05M;1;0;1;/dados/rmelo/PDPTW-SE/benchmark_multi_floor_v3/official_experiments/multistartlp/preliminar/set_01_pt_03/../../../../instances/orig_ams_fg/40R_40V_04F_06M/t2/LR2_2_6/;60000;27811;0;9589.81;81;41;H;50;95;0;100.0;30.0;true;0.95;100.0;1.0;1.0;1.0;1.0;60;M;60000;60000;false;80;0.86;192.66;0.98;40;10;1000000;-1;3600;3.18;0.63;0.8;mslp;heur;0.06;0.45;-1;3600;60000;I;40;1.0;0.12;LR2_2_6;0;/dados/rmelo/PDPTW-SE/benchmark_multi_floor_v3/official_experiments/multistartlp/preliminar/set_01_pt_03/logs;0;0;0;0.0;100.0;1;66;/dados/rmelo/PDPTW-SE/benchmark_multi_floor_v3/official_experiments/multistartlp/preliminar/set_01_pt_03/logs/heur_mslp/solutions/40R_40V_04F_05M/LR2_2_6_sol_genconfig_mslp_seed_66_alpha_10p.txt;Gurobi;AUTOMATIC;17.53;_bash_2;_seed_66_alpha_10p;1909.31;1;1174.66;/dados/rmelo/PDPTW-SE/benchmark_multi_floor_v3/official_experiments/multistartlp/preliminar/set_01_pt_03/logs/heur_mslp/timelines/40R_40V_04F_05M/LR2_2_6_timeline_genconfig_mslp_seed_66_alpha_10p.txt;2534.83;t2;0;7990.45;false
0.1;0.04;0.08;0.12;0.0;0.1;5;/dados/rmelo/PDPTW-SE/benchmark_multi_floor_v3/official_experiments/multistartlp/preliminar/set_01_pt_03/logs/heur_mslp/outputs/csvresults_heur_mslp_bash_2.csv;0;5;1;122;1;0.0;0.5;true;62;2;LR1_2_6_t1_60R_60V_02F_05M;/dados/rmelo/PDPTW-SE/benchmark_multi_floor_v3/official_experiments/multistartlp/preliminar/set_01_pt_03/configs/genconfig_mslp.conf;genconfig_mslp;/dados/rmelo/PDPTW-SE/benchmark_multi_floor_v3/official_experiments/multistartlp/preliminar/set_01_pt_03/logs/heur_mslp/gurobi/60R_60V_02F_05M/LR1_2_6_grb_genconfig_mslp_seed_66_alpha_10p.log;random;60R_60V_02F_05M;1;58080;1;/dados/rmelo/PDPTW-SE/benchmark_multi_floor_v3/official_experiments/multistartlp/preliminar/set_01_pt_03/../../../../instances/orig_ams_fg/60R_60V_02F_06M/t1/LR1_2_6/;60000;32866;0;11742.78;121;61;H;50;95;0;100.0;30.0;true;0.95;100.0;1.0;1.0;1.0;1.0;60;M;1920;1920;false;82;0.97;191.73;1.0;41;10;1000000;-1;3600;4.96;0.66;0.51;mslp;heur;0.27;0.09;-1;3600;60000;I;60;1.0;0.4;LR1_2_6;0;/dados/rmelo/PDPTW-SE/benchmark_multi_floor_v3/official_experiments/multistartlp/preliminar/set_01_pt_03/logs;0;0;0;96.8;100.0;1;66;/dados/rmelo/PDPTW-SE/benchmark_multi_floor_v3/official_experiments/multistartlp/preliminar/set_01_pt_03/logs/heur_mslp/solutions/60R_60V_02F_05M/LR1_2_6_sol_genconfig_mslp_seed_66_alpha_10p.txt;Gurobi;AUTOMATIC;17.53;_bash_2;_seed_66_alpha_10p;95.3;1;260.22;/dados/rmelo/PDPTW-SE/benchmark_multi_floor_v3/official_experiments/multistartlp/preliminar/set_01_pt_03/logs/heur_mslp/timelines/60R_60V_02F_05M/LR1_2_6_timeline_genconfig_mslp_seed_66_alpha_10p.txt;473.01;t1;0;10089.04;false
0.1;0.01;0.02;0.03;0.0;0.05;11;/dados/rmelo/PDPTW-SE/benchmark_multi_floor_v3/official_experiments/multistartlp/preliminar/set_01_pt_03/logs/heur_mslp/outputs/csvresults_heur_mslp_bash_2.csv;0;5;1;122;1;0.0;0.5;true;62;2;LR2_2_6_t2_60R_60V_02F_05M;/dados/rmelo/PDPTW-SE/benchmark_multi_floor_v3/official_experiments/multistartlp/preliminar/set_01_pt_03/configs/genconfig_mslp.conf;genconfig_mslp;/dados/rmelo/PDPTW-SE/benchmark_multi_floor_v3/official_experiments/multistartlp/preliminar/set_01_pt_03/logs/heur_mslp/gurobi/60R_60V_02F_05M/LR2_2_6_grb_genconfig_mslp_seed_66_alpha_10p.log;random;60R_60V_02F_05M;1;0;1;/dados/rmelo/PDPTW-SE/benchmark_multi_floor_v3/official_experiments/multistartlp/preliminar/set_01_pt_03/../../../../instances/orig_ams_fg/60R_60V_02F_06M/t2/LR2_2_6/;56219;49384;0;13602.7;121;61;H;50;95;0;100.0;30.0;true;0.95;100.0;1.0;1.0;1.0;1.0;60;M;56219;56219;false;80;0.86;185.63;1.0;40;10;1000000;-1;3600;5.25;0.71;0.85;mslp;heur;0.26;0.29;-1;3600;60000;I;60;1.0;0.1;LR2_2_6;0;/dados/rmelo/PDPTW-SE/benchmark_multi_floor_v3/official_experiments/multistartlp/preliminar/set_01_pt_03/logs;0;0;0;0.0;100.0;1;66;/dados/rmelo/PDPTW-SE/benchmark_multi_floor_v3/official_experiments/multistartlp/preliminar/set_01_pt_03/logs/heur_mslp/solutions/60R_60V_02F_05M/LR2_2_6_sol_genconfig_mslp_seed_66_alpha_10p.txt;Gurobi;AUTOMATIC;17.58;_bash_2;_seed_66_alpha_10p;2952.78;1;3163.08;/dados/rmelo/PDPTW-SE/benchmark_multi_floor_v3/official_experiments/multistartlp/preliminar/set_01_pt_03/logs/heur_mslp/timelines/60R_60V_02F_05M/LR2_2_6_timeline_genconfig_mslp_seed_66_alpha_10p.txt;3600.03;t2;0;10730.6;false
0.1;0.13;0.21;0.34;0.0;0.06;4;/dados/rmelo/PDPTW-SE/benchmark_multi_floor_v3/official_experiments/multistartlp/preliminar/set_01_pt_03/logs/heur_mslp/outputs/csvresults_heur_mslp_bash_2.csv;0;5;1;122;1;0.0;0.5;true;62;2;LR1_2_9_t1_60R_60V_04F_05M;/dados/rmelo/PDPTW-SE/benchmark_multi_floor_v3/official_experiments/multistartlp/preliminar/set_01_pt_03/configs/genconfig_mslp.conf;genconfig_mslp;/dados/rmelo/PDPTW-SE/benchmark_multi_floor_v3/official_experiments/multistartlp/preliminar/set_01_pt_03/logs/heur_mslp/gurobi/60R_60V_04F_05M/LR1_2_9_grb_genconfig_mslp_seed_66_alpha_10p.log;random;60R_60V_04F_05M;1;59941;1;/dados/rmelo/PDPTW-SE/benchmark_multi_floor_v3/official_experiments/multistartlp/preliminar/set_01_pt_03/../../../../instances/orig_ams_fg/60R_60V_04F_06M/t1/LR1_2_9/;60000;14704;0;14418.65;121;61;H;50;95;0;100.0;30.0;true;0.95;100.0;1.0;1.0;1.0;1.0;60;M;59;59;false;86;0.95;198.99;0.74;43;10;1000000;-1;3600;7.77;0.68;0.45;mslp;heur;0.35;0.1;-1;3600;60000;I;60;1.0;0.45;LR1_2_9;0;/dados/rmelo/PDPTW-SE/benchmark_multi_floor_v3/official_experiments/multistartlp/preliminar/set_01_pt_03/logs;0;0;0;99.9;100.0;1;66;/dados/rmelo/PDPTW-SE/benchmark_multi_floor_v3/official_experiments/multistartlp/preliminar/set_01_pt_03/logs/heur_mslp/solutions/60R_60V_04F_05M/LR1_2_9_sol_genconfig_mslp_seed_66_alpha_10p.txt;Gurobi;AUTOMATIC;17.6;_bash_2;_seed_66_alpha_10p;4.59;1;125.2;/dados/rmelo/PDPTW-SE/benchmark_multi_floor_v3/official_experiments/multistartlp/preliminar/set_01_pt_03/logs/heur_mslp/timelines/60R_60V_04F_05M/LR1_2_9_timeline_genconfig_mslp_seed_66_alpha_10p.txt;508.97;t1;0;12566.96;false
0.1;0.03;0.05;0.08;0.0;0.02;3;/dados/rmelo/PDPTW-SE/benchmark_multi_floor_v3/official_experiments/multistartlp/preliminar/set_01_pt_03/logs/heur_mslp/outputs/csvresults_heur_mslp_bash_2.csv;0;5;1;122;1;0.0;0.5;true;62;2;LR2_2_7_t2_60R_60V_04F_05M;/dados/rmelo/PDPTW-SE/benchmark_multi_floor_v3/official_experiments/multistartlp/preliminar/set_01_pt_03/configs/genconfig_mslp.conf;genconfig_mslp;/dados/rmelo/PDPTW-SE/benchmark_multi_floor_v3/official_experiments/multistartlp/preliminar/set_01_pt_03/logs/heur_mslp/gurobi/60R_60V_04F_05M/LR2_2_7_grb_genconfig_mslp_seed_66_alpha_10p.log;random;60R_60V_04F_05M;1;7615;1;/dados/rmelo/PDPTW-SE/benchmark_multi_floor_v3/official_experiments/multistartlp/preliminar/set_01_pt_03/../../../../instances/orig_ams_fg/60R_60V_04F_06M/t2/LR2_2_7/;31231;20104;0;12048.38;121;61;H;50;95;0;100.0;30.0;true;0.95;100.0;1.0;1.0;1.0;1.0;60;M;23616;23616;false;78;0.89;195.28;1.0;39;10;1000000;-1;3600;1.45;0.71;0.91;mslp;heur;0.27;0.74;-1;3600;60000;I;60;1.0;0.1;LR2_2_7;0;/dados/rmelo/PDPTW-SE/benchmark_multi_floor_v3/official_experiments/multistartlp/preliminar/set_01_pt_03/logs;0;0;0;24.38;100.0;1;66;/dados/rmelo/PDPTW-SE/benchmark_multi_floor_v3/official_experiments/multistartlp/preliminar/set_01_pt_03/logs/heur_mslp/solutions/60R_60V_04F_05M/LR2_2_7_sol_genconfig_mslp_seed_66_alpha_10p.txt;Gurobi;AUTOMATIC;17.69;_bash_2;_seed_66_alpha_10p;341.63;1;2313.0;/dados/rmelo/PDPTW-SE/benchmark_multi_floor_v3/official_experiments/multistartlp/preliminar/set_01_pt_03/logs/heur_mslp/timelines/60R_60V_04F_05M/LR2_2_7_timeline_genconfig_mslp_seed_66_alpha_10p.txt;3600.11;t2;0;10749.21;false
0.1;0.01;0.06;0.07;0.0;0.0;3;/dados/rmelo/PDPTW-SE/benchmark_multi_floor_v3/official_experiments/multistartlp/preliminar/set_01_pt_03/logs/heur_mslp/outputs/csvresults_heur_mslp_bash_2.csv;0;3;1;18;1;0.0;0.5;true;10;2;lr107_t1_08R_08V_02F_03M;/dados/rmelo/PDPTW-SE/benchmark_multi_floor_v3/official_experiments/multistartlp/preliminar/set_01_pt_03/configs/genconfig_mslp.conf;genconfig_mslp;/dados/rmelo/PDPTW-SE/benchmark_multi_floor_v3/official_experiments/multistartlp/preliminar/set_01_pt_03/logs/heur_mslp/gurobi/08R_08V_02F_03M/lr107_grb_genconfig_mslp_seed_73_alpha_10p.log;random;08R_08V_02F_03M;1;0;1;/dados/rmelo/PDPTW-SE/benchmark_multi_floor_v3/official_experiments/multistartlp/preliminar/set_01_pt_03/../../../../instances/orig_ams_fg/08R_08V_02F_04M/t1/lr107/;60000;6;0;1132.66;17;9;H;50;95;0;100.0;30.0;true;0.95;100.0;1.0;1.0;1.0;1.0;60;M;60000;60000;false;40;0.94;80.43;0.72;20;10;1000000;-1;3600;15.98;0.73;0.54;mslp;heur;0.47;0.36;-1;3600;60000;I;8;1.0;0.62;lr107;0;/dados/rmelo/PDPTW-SE/benchmark_multi_floor_v3/official_experiments/multistartlp/preliminar/set_01_pt_03/logs;0;0;0;0.0;100.0;1;73;/dados/rmelo/PDPTW-SE/benchmark_multi_floor_v3/official_experiments/multistartlp/preliminar/set_01_pt_03/logs/heur_mslp/solutions/08R_08V_02F_03M/lr107_sol_genconfig_mslp_seed_73_alpha_10p.txt;Gurobi;AUTOMATIC;17.84;_bash_2;_seed_73_alpha_10p;9589.61;1;0.3;/dados/rmelo/PDPTW-SE/benchmark_multi_floor_v3/official_experiments/multistartlp/preliminar/set_01_pt_03/logs/heur_mslp/timelines/08R_08V_02F_03M/lr107_timeline_genconfig_mslp_seed_73_alpha_10p.txt;105.37;t1;0;843.14;false
0.1;0.0;0.02;0.02;0.0;0.0;3;/dados/rmelo/PDPTW-SE/benchmark_multi_floor_v3/official_experiments/multistartlp/preliminar/set_01_pt_03/logs/heur_mslp/outputs/csvresults_heur_mslp_bash_2.csv;0;3;1;18;1;0.0;0.5;true;10;2;lr210_t2_08R_08V_02F_03M;/dados/rmelo/PDPTW-SE/benchmark_multi_floor_v3/official_experiments/multistartlp/preliminar/set_01_pt_03/configs/genconfig_mslp.conf;genconfig_mslp;/dados/rmelo/PDPTW-SE/benchmark_multi_floor_v3/official_experiments/multistartlp/preliminar/set_01_pt_03/logs/heur_mslp/gurobi/08R_08V_02F_03M/lr210_grb_genconfig_mslp_seed_73_alpha_10p.log;random;08R_08V_02F_03M;1;860;1;/dados/rmelo/PDPTW-SE/benchmark_multi_floor_v3/official_experiments/multistartlp/preliminar/set_01_pt_03/../../../../instances/orig_ams_fg/08R_08V_02F_04M/t2/lr210/;60000;10155;0;1290.12;17;9;H;50;95;0;100.0;30.0;true;0.95;100.0;1.0;1.0;1.0;1.0;60;M;59140;59140;false;58;0.71;75.46;0.93;29;10;1000000;-1;3600;31.03;0.71;0.93;mslp;heur;0.71;0.93;-1;3600;60000;I;8;0.67;0.12;lr210;0;/dados/rmelo/PDPTW-SE/benchmark_multi_floor_v3/official_experiments/multistartlp/preliminar/set_01_pt_03/logs;0;0;0;1.43;100.0;1;73;/dados/rmelo/PDPTW-SE/benchmark_multi_floor_v3/official_experiments/multistartlp/preliminar/set_01_pt_03/logs/heur_mslp/solutions/08R_08V_02F_03M/lr210_sol_genconfig_mslp_seed_73_alpha_10p.txt;Gurobi;AUTOMATIC;18.28;_bash_2;_seed_73_alpha_10p;18348.85;1;22.44;/dados/rmelo/PDPTW-SE/benchmark_multi_floor_v3/official_experiments/multistartlp/preliminar/set_01_pt_03/logs/heur_mslp/timelines/08R_08V_02F_03M/lr210_timeline_genconfig_mslp_seed_73_alpha_10p.txt;125.16;t2;0;706.87;false
0.1;0.1;0.19;0.29;0.0;0.05;4;/dados/rmelo/PDPTW-SE/benchmark_multi_floor_v3/official_experiments/multistartlp/preliminar/set_01_pt_03/logs/heur_mslp/outputs/csvresults_heur_mslp_bash_2.csv;0;3;1;18;1;0.0;0.5;true;10;2;lr106_t1_08R_08V_04F_03M;/dados/rmelo/PDPTW-SE/benchmark_multi_floor_v3/official_experiments/multistartlp/preliminar/set_01_pt_03/configs/genconfig_mslp.conf;genconfig_mslp;/dados/rmelo/PDPTW-SE/benchmark_multi_floor_v3/official_experiments/multistartlp/preliminar/set_01_pt_03/logs/heur_mslp/gurobi/08R_08V_04F_03M/lr106_grb_genconfig_mslp_seed_73_alpha_10p.log;random;08R_08V_04F_03M;1;17046;1;/dados/rmelo/PDPTW-SE/benchmark_multi_floor_v3/official_experiments/multistartlp/preliminar/set_01_pt_03/../../../../instances/orig_ams_fg/08R_08V_04F_04M/t1/lr106/;60000;719;0;1304.58;17;9;H;50;95;0;100.0;30.0;true;0.95;100.0;1.0;1.0;1.0;1.0;60;M;42954;42954;false;52;0.82;85.78;0.81;26;10;1000000;-1;3600;19.16;0.62;0.33;mslp;heur;0.35;0.06;-1;3600;60000;I;8;1.0;0.88;lr106;0;/dados/rmelo/PDPTW-SE/benchmark_multi_floor_v3/official_experiments/multistartlp/preliminar/set_01_pt_03/logs;0;0;0;28.41;100.0;1;73;/dados/rmelo/PDPTW-SE/benchmark_multi_floor_v3/official_experiments/multistartlp/preliminar/set_01_pt_03/logs/heur_mslp/solutions/08R_08V_04F_03M/lr106_sol_genconfig_mslp_seed_73_alpha_10p.txt;Gurobi;AUTOMATIC;18.31;_bash_2;_seed_73_alpha_10p;8228.16;1;1.58;/dados/rmelo/PDPTW-SE/benchmark_multi_floor_v3/official_experiments/multistartlp/preliminar/set_01_pt_03/logs/heur_mslp/timelines/08R_08V_04F_03M/lr106_timeline_genconfig_mslp_seed_73_alpha_10p.txt;98.04;t1;0;1010.71;false
0.1;0.01;0.03;0.04;0.0;0.0;7;/dados/rmelo/PDPTW-SE/benchmark_multi_floor_v3/official_experiments/multistartlp/preliminar/set_01_pt_03/logs/heur_mslp/outputs/csvresults_heur_mslp_bash_2.csv;0;3;1;18;1;0.0;0.5;true;10;2;lr209_t2_08R_08V_04F_03M;/dados/rmelo/PDPTW-SE/benchmark_multi_floor_v3/official_experiments/multistartlp/preliminar/set_01_pt_03/configs/genconfig_mslp.conf;genconfig_mslp;/dados/rmelo/PDPTW-SE/benchmark_multi_floor_v3/official_experiments/multistartlp/preliminar/set_01_pt_03/logs/heur_mslp/gurobi/08R_08V_04F_03M/lr209_grb_genconfig_mslp_seed_73_alpha_10p.log;random;08R_08V_04F_03M;1;0;1;/dados/rmelo/PDPTW-SE/benchmark_multi_floor_v3/official_experiments/multistartlp/preliminar/set_01_pt_03/../../../../instances/orig_ams_fg/08R_08V_04F_04M/t2/lr209/;60000;4311;0;924.64;17;9;H;50;95;0;100.0;30.0;true;0.95;100.0;1.0;1.0;1.0;1.0;60;M;54444;60000;false;46;0.68;79.88;0.93;23;10;1000000;-1;3600;21.14;0.42;0.77;mslp;heur;0.16;0.61;-1;3600;60000;I;8;0.67;0.25;lr209;0;/dados/rmelo/PDPTW-SE/benchmark_multi_floor_v3/official_experiments/multistartlp/preliminar/set_01_pt_03/logs;0;0;0;0.0;90.74;1;73;/dados/rmelo/PDPTW-SE/benchmark_multi_floor_v3/official_experiments/multistartlp/preliminar/set_01_pt_03/logs/heur_mslp/solutions/08R_08V_04F_03M/lr209_sol_genconfig_mslp_seed_73_alpha_10p.txt;Gurobi;AUTOMATIC;18.29;_bash_2;_seed_73_alpha_10p;12681.58;1;11.28;/dados/rmelo/PDPTW-SE/benchmark_multi_floor_v3/official_experiments/multistartlp/preliminar/set_01_pt_03/logs/heur_mslp/timelines/08R_08V_04F_03M/lr209_timeline_genconfig_mslp_seed_73_alpha_10p.txt;150.5;t2;0;838.87;false
0.1;0.04;0.07;0.11;0.0;0.0;13;/dados/rmelo/PDPTW-SE/benchmark_multi_floor_v3/official_experiments/multistartlp/preliminar/set_01_pt_03/logs/heur_mslp/outputs/csvresults_heur_mslp_bash_2.csv;0;3;1;26;1;0.0;0.5;true;14;2;lr109_t1_12R_12V_02F_03M;/dados/rmelo/PDPTW-SE/benchmark_multi_floor_v3/official_experiments/multistartlp/preliminar/set_01_pt_03/configs/genconfig_mslp.conf;genconfig_mslp;/dados/rmelo/PDPTW-SE/benchmark_multi_floor_v3/official_experiments/multistartlp/preliminar/set_01_pt_03/logs/heur_mslp/gurobi/12R_12V_02F_03M/lr109_grb_genconfig_mslp_seed_73_alpha_10p.log;random;12R_12V_02F_03M;1;14383;1;/dados/rmelo/PDPTW-SE/benchmark_multi_floor_v3/official_experiments/multistartlp/preliminar/set_01_pt_03/../../../../instances/orig_ams_fg/12R_12V_02F_04M/t1/lr109/;60000;54456;0;1158.06;25;13;H;50;95;0;100.0;30.0;true;0.95;100.0;1.0;1.0;1.0;1.0;60;M;45617;45617;false;58;0.79;78.59;0.62;29;10;1000000;-1;3600;9.52;0.63;0.38;mslp;heur;0.53;0.21;-1;3600;60000;I;12;1.0;0.58;lr109;0;/dados/rmelo/PDPTW-SE/benchmark_multi_floor_v3/official_experiments/multistartlp/preliminar/set_01_pt_03/logs;0;0;0;23.97;100.0;1;73;/dados/rmelo/PDPTW-SE/benchmark_multi_floor_v3/official_experiments/multistartlp/preliminar/set_01_pt_03/logs/heur_mslp/solutions/12R_12V_02F_03M/lr109_sol_genconfig_mslp_seed_73_alpha_10p.txt;Gurobi;AUTOMATIC;18.26;_bash_2;_seed_73_alpha_10p;4340.65;1;105.17;/dados/rmelo/PDPTW-SE/benchmark_multi_floor_v3/official_experiments/multistartlp/preliminar/set_01_pt_03/logs/heur_mslp/timelines/12R_12V_02F_03M/lr109_timeline_genconfig_mslp_seed_73_alpha_10p.txt;116.01;t1;0;1006.42;false
0.1;0.0;0.02;0.02;0.0;0.0;9;/dados/rmelo/PDPTW-SE/benchmark_multi_floor_v3/official_experiments/multistartlp/preliminar/set_01_pt_03/logs/heur_mslp/outputs/csvresults_heur_mslp_bash_2.csv;0;3;1;26;1;0.0;0.5;true;14;2;lr207_t2_12R_12V_02F_03M;/dados/rmelo/PDPTW-SE/benchmark_multi_floor_v3/official_experiments/multistartlp/preliminar/set_01_pt_03/configs/genconfig_mslp.conf;genconfig_mslp;/dados/rmelo/PDPTW-SE/benchmark_multi_floor_v3/official_experiments/multistartlp/preliminar/set_01_pt_03/logs/heur_mslp/gurobi/12R_12V_02F_03M/lr207_grb_genconfig_mslp_seed_73_alpha_10p.log;random;12R_12V_02F_03M;1;0;1;/dados/rmelo/PDPTW-SE/benchmark_multi_floor_v3/official_experiments/multistartlp/preliminar/set_01_pt_03/../../../../instances/orig_ams_fg/12R_12V_02F_04M/t2/lr207/;60000;47672;0;1569.61;25;13;H;50;95;0;100.0;30.0;true;0.95;100.0;1.0;1.0;1.0;1.0;60;M;59951;60000;false;40;0.78;83.45;0.98;20;10;1000000;-1;3600;12.63;0.54;0.92;mslp;heur;0.3;0.88;-1;3600;60000;I;12;0.67;0.17;lr207;0;/dados/rmelo/PDPTW-SE/benchmark_multi_floor_v3/official_experiments/multistartlp/preliminar/set_01_pt_03/logs;0;0;0;0.0;99.92;1;73;/dados/rmelo/PDPTW-SE/benchmark_multi_floor_v3/official_experiments/multistartlp/preliminar/set_01_pt_03/logs/heur_mslp/solutions/12R_12V_02F_03M/lr207_sol_genconfig_mslp_seed_73_alpha_10p.txt;Gurobi;AUTOMATIC;17.95;_bash_2;_seed_73_alpha_10p;7580.52;1;186.6;/dados/rmelo/PDPTW-SE/benchmark_multi_floor_v3/official_experiments/multistartlp/preliminar/set_01_pt_03/logs/heur_mslp/timelines/12R_12V_02F_03M/lr207_timeline_genconfig_mslp_seed_73_alpha_10p.txt;234.94;t2;0;1077.52;false
0.1;0.2;0.29;0.49;0.0;0.02;14;/dados/rmelo/PDPTW-SE/benchmark_multi_floor_v3/official_experiments/multistartlp/preliminar/set_01_pt_03/logs/heur_mslp/outputs/csvresults_heur_mslp_bash_2.csv;0;3;1;26;1;0.0;0.5;true;14;2;lr106_t1_12R_12V_04F_03M;/dados/rmelo/PDPTW-SE/benchmark_multi_floor_v3/official_experiments/multistartlp/preliminar/set_01_pt_03/configs/genconfig_mslp.conf;genconfig_mslp;/dados/rmelo/PDPTW-SE/benchmark_multi_floor_v3/official_experiments/multistartlp/preliminar/set_01_pt_03/logs/heur_mslp/gurobi/12R_12V_04F_03M/lr106_grb_genconfig_mslp_seed_73_alpha_10p.log;random;12R_12V_04F_03M;1;40867;1;/dados/rmelo/PDPTW-SE/benchmark_multi_floor_v3/official_experiments/multistartlp/preliminar/set_01_pt_03/../../../../instances/orig_ams_fg/12R_12V_04F_04M/t1/lr106/;60000;13968;0;1896.6;25;13;H;50;95;0;100.0;30.0;true;0.95;100.0;1.0;1.0;1.0;1.0;60;M;19133;19133;false;52;1.0;86.16;0.83;26;10;1000000;-1;3600;11.43;0.68;0.4;mslp;heur;0.41;0.17;-1;3600;60000;I;12;1.0;0.75;lr106;0;/dados/rmelo/PDPTW-SE/benchmark_multi_floor_v3/official_experiments/multistartlp/preliminar/set_01_pt_03/logs;0;0;0;68.11;100.0;1;73;/dados/rmelo/PDPTW-SE/benchmark_multi_floor_v3/official_experiments/multistartlp/preliminar/set_01_pt_03/logs/heur_mslp/solutions/12R_12V_04F_03M/lr106_sol_genconfig_mslp_seed_73_alpha_10p.txt;Gurobi;AUTOMATIC;17.79;_bash_2;_seed_73_alpha_10p;2186.71;1;18.34;/dados/rmelo/PDPTW-SE/benchmark_multi_floor_v3/official_experiments/multistartlp/preliminar/set_01_pt_03/logs/heur_mslp/timelines/12R_12V_04F_03M/lr106_timeline_genconfig_mslp_seed_73_alpha_10p.txt;79.12;t1;0;1416.45;false
0.1;0.0;0.03;0.03;0.0;0.0;11;/dados/rmelo/PDPTW-SE/benchmark_multi_floor_v3/official_experiments/multistartlp/preliminar/set_01_pt_03/logs/heur_mslp/outputs/csvresults_heur_mslp_bash_2.csv;0;3;1;26;1;0.0;0.5;true;14;2;lr209_t2_12R_12V_04F_03M;/dados/rmelo/PDPTW-SE/benchmark_multi_floor_v3/official_experiments/multistartlp/preliminar/set_01_pt_03/configs/genconfig_mslp.conf;genconfig_mslp;/dados/rmelo/PDPTW-SE/benchmark_multi_floor_v3/official_experiments/multistartlp/preliminar/set_01_pt_03/logs/heur_mslp/gurobi/12R_12V_04F_03M/lr209_grb_genconfig_mslp_seed_73_alpha_10p.log;random;12R_12V_04F_03M;1;0;1;/dados/rmelo/PDPTW-SE/benchmark_multi_floor_v3/official_experiments/multistartlp/preliminar/set_01_pt_03/../../../../instances/orig_ams_fg/12R_12V_04F_04M/t2/lr209/;60000;46705;0;1622.89;25;13;H;50;95;0;100.0;30.0;true;0.95;100.0;1.0;1.0;1.0;1.0;60;M;60000;60000;false;46;0.74;91.85;1.0;23;10;1000000;-1;3600;13.54;0.59;0.83;mslp;heur;0.43;0.66;-1;3600;60000;I;12;1.0;0.17;lr209;0;/dados/rmelo/PDPTW-SE/benchmark_multi_floor_v3/official_experiments/multistartlp/preliminar/set_01_pt_03/logs;0;0;0;0.0;100.0;1;73;/dados/rmelo/PDPTW-SE/benchmark_multi_floor_v3/official_experiments/multistartlp/preliminar/set_01_pt_03/logs/heur_mslp/solutions/12R_12V_04F_03M/lr209_sol_genconfig_mslp_seed_73_alpha_10p.txt;Gurobi;AUTOMATIC;17.78;_bash_2;_seed_73_alpha_10p;8126.99;1;185.98;/dados/rmelo/PDPTW-SE/benchmark_multi_floor_v3/official_experiments/multistartlp/preliminar/set_01_pt_03/logs/heur_mslp/timelines/12R_12V_04F_03M/lr209_timeline_genconfig_mslp_seed_73_alpha_10p.txt;238.26;t2;0;1172.52;false
0.1;0.02;0.04;0.06;0.0;0.07;3;/dados/rmelo/PDPTW-SE/benchmark_multi_floor_v3/official_experiments/multistartlp/preliminar/set_01_pt_03/logs/heur_mslp/outputs/csvresults_heur_mslp_bash_2.csv;0;5;1;82;1;0.0;0.5;true;42;2;LR1_2_6_t1_40R_40V_02F_05M;/dados/rmelo/PDPTW-SE/benchmark_multi_floor_v3/official_experiments/multistartlp/preliminar/set_01_pt_03/configs/genconfig_mslp.conf;genconfig_mslp;/dados/rmelo/PDPTW-SE/benchmark_multi_floor_v3/official_experiments/multistartlp/preliminar/set_01_pt_03/logs/heur_mslp/gurobi/40R_40V_02F_05M/LR1_2_6_grb_genconfig_mslp_seed_73_alpha_10p.log;random;40R_40V_02F_05M;1;59146;1;/dados/rmelo/PDPTW-SE/benchmark_multi_floor_v3/official_experiments/multistartlp/preliminar/set_01_pt_03/../../../../instances/orig_ams_fg/40R_40V_02F_06M/t1/LR1_2_6/;60000;22960;0;9375.47;81;41;H;50;95;0;100.0;30.0;true;0.95;100.0;1.0;1.0;1.0;1.0;60;M;854;854;false;72;0.97;184.05;1.0;36;10;1000000;-1;3600;4.34;0.4;0.53;mslp;heur;0.16;0.15;-1;3600;60000;I;40;1.0;0.42;LR1_2_6;0;/dados/rmelo/PDPTW-SE/benchmark_multi_floor_v3/official_experiments/multistartlp/preliminar/set_01_pt_03/logs;0;0;0;98.58;100.0;1;73;/dados/rmelo/PDPTW-SE/benchmark_multi_floor_v3/official_experiments/multistartlp/preliminar/set_01_pt_03/logs/heur_mslp/solutions/40R_40V_02F_05M/LR1_2_6_sol_genconfig_mslp_seed_73_alpha_10p.txt;Gurobi;AUTOMATIC;17.88;_bash_2;_seed_73_alpha_10p;37.05;1;78.3;/dados/rmelo/PDPTW-SE/benchmark_multi_floor_v3/official_experiments/multistartlp/preliminar/set_01_pt_03/logs/heur_mslp/timelines/40R_40V_02F_05M/LR1_2_6_timeline_genconfig_mslp_seed_73_alpha_10p.txt;206.72;t1;0;7786.11;false
0.1;0.01;0.01;0.02;0.03;0.12;11;/dados/rmelo/PDPTW-SE/benchmark_multi_floor_v3/official_experiments/multistartlp/preliminar/set_01_pt_03/logs/heur_mslp/outputs/csvresults_heur_mslp_bash_2.csv;0;5;1;82;1;0.0;0.5;true;42;2;LR2_2_9_t2_40R_40V_02F_05M;/dados/rmelo/PDPTW-SE/benchmark_multi_floor_v3/official_experiments/multistartlp/preliminar/set_01_pt_03/configs/genconfig_mslp.conf;genconfig_mslp;/dados/rmelo/PDPTW-SE/benchmark_multi_floor_v3/official_experiments/multistartlp/preliminar/set_01_pt_03/logs/heur_mslp/gurobi/40R_40V_02F_05M/LR2_2_9_grb_genconfig_mslp_seed_73_alpha_10p.log;random;40R_40V_02F_05M;1;0;1;/dados/rmelo/PDPTW-SE/benchmark_multi_floor_v3/official_experiments/multistartlp/preliminar/set_01_pt_03/../../../../instances/orig_ams_fg/40R_40V_02F_06M/t2/LR2_2_9/;60000;50036;0;10842.65;81;41;H;50;95;0;100.0;30.0;true;0.95;100.0;1.0;1.0;1.0;1.0;60;M;60000;60000;false;74;0.76;179.34;1.0;37;10;1000000;-1;3600;7.33;0.64;0.98;mslp;heur;0.36;0.94;-1;3600;60000;I;40;1.0;0.12;LR2_2_9;0;/dados/rmelo/PDPTW-SE/benchmark_multi_floor_v3/official_experiments/multistartlp/preliminar/set_01_pt_03/logs;0;0;0;0.0;100.0;1;73;/dados/rmelo/PDPTW-SE/benchmark_multi_floor_v3/official_experiments/multistartlp/preliminar/set_01_pt_03/logs/heur_mslp/solutions/40R_40V_02F_05M/LR2_2_9_sol_genconfig_mslp_seed_73_alpha_10p.txt;Gurobi;AUTOMATIC;17.66;_bash_2;_seed_73_alpha_10p;4397.3;1;1061.35;/dados/rmelo/PDPTW-SE/benchmark_multi_floor_v3/official_experiments/multistartlp/preliminar/set_01_pt_03/logs/heur_mslp/timelines/40R_40V_02F_05M/LR2_2_9_timeline_genconfig_mslp_seed_73_alpha_10p.txt;1271.35;t2;0;8122.21;false
0.1;0.11;0.16;0.27;0.0;0.06;9;/dados/rmelo/PDPTW-SE/benchmark_multi_floor_v3/official_experiments/multistartlp/preliminar/set_01_pt_03/logs/heur_mslp/outputs/csvresults_heur_mslp_bash_2.csv;0;5;1;82;1;0.0;0.5;true;42;2;LR1_2_10_t1_40R_40V_04F_05M;/dados/rmelo/PDPTW-SE/benchmark_multi_floor_v3/official_experiments/multistartlp/preliminar/set_01_pt_03/configs/genconfig_mslp.conf;genconfig_mslp;/dados/rmelo/PDPTW-SE/benchmark_multi_floor_v3/official_experiments/multistartlp/preliminar/set_01_pt_03/logs/heur_mslp/gurobi/40R_40V_04F_05M/LR1_2_10_grb_genconfig_mslp_seed_73_alpha_10p.log;random;40R_40V_04F_05M;1;59475;1;/dados/rmelo/PDPTW-SE/benchmark_multi_floor_v3/official_experiments/multistartlp/preliminar/set_01_pt_03/../../../../instances/orig_ams_fg/40R_40V_04F_06M/t1/LR1_2_10/;60000;45851;0;8305.56;81;41;H;50;95;0;100.0;30.0;true;0.95;100.0;1.0;1.0;1.0;1.0;60;M;525;525;false;72;0.9;178.35;0.85;36;10;1000000;-1;3600;6.24;0.66;0.47;mslp;heur;0.39;0.18;-1;3600;60000;I;40;1.0;0.45;LR1_2_10;0;/dados/rmelo/PDPTW-SE/benchmark_multi_floor_v3/official_experiments/multistartlp/preliminar/set_01_pt_03/logs;0;0;0;99.12;100.0;1;73;/dados/rmelo/PDPTW-SE/benchmark_multi_floor_v3/official_experiments/multistartlp/preliminar/set_01_pt_03/logs/heur_mslp/solutions/40R_40V_04F_05M/LR1_2_10_sol_genconfig_mslp_seed_73_alpha_10p.txt;Gurobi;AUTOMATIC;17.42;_bash_2;_seed_73_alpha_10p;32.77;1;199.12;/dados/rmelo/PDPTW-SE/benchmark_multi_floor_v3/official_experiments/multistartlp/preliminar/set_01_pt_03/logs/heur_mslp/timelines/40R_40V_04F_05M/LR1_2_10_timeline_genconfig_mslp_seed_73_alpha_10p.txt;261.05;t1;0;7480.32;false
0.1;0.02;0.03;0.05;0.01;0.03;12;/dados/rmelo/PDPTW-SE/benchmark_multi_floor_v3/official_experiments/multistartlp/preliminar/set_01_pt_03/logs/heur_mslp/outputs/csvresults_heur_mslp_bash_2.csv;0;5;1;82;1;0.0;0.5;true;42;2;LR2_2_6_t2_40R_40V_04F_05M;/dados/rmelo/PDPTW-SE/benchmark_multi_floor_v3/official_experiments/multistartlp/preliminar/set_01_pt_03/configs/genconfig_mslp.conf;genconfig_mslp;/dados/rmelo/PDPTW-SE/benchmark_multi_floor_v3/official_experiments/multistartlp/preliminar/set_01_pt_03/logs/heur_mslp/gurobi/40R_40V_04F_05M/LR2_2_6_grb_genconfig_mslp_seed_73_alpha_10p.log;random;40R_40V_04F_05M;1;0;1;/dados/rmelo/PDPTW-SE/benchmark_multi_floor_v3/official_experiments/multistartlp/preliminar/set_01_pt_03/../../../../instances/orig_ams_fg/40R_40V_04F_06M/t2/LR2_2_6/;60000;55024;0;10366.22;81;41;H;50;95;0;100.0;30.0;true;0.95;100.0;1.0;1.0;1.0;1.0;60;M;60000;60000;false;80;0.87;192.66;0.99;40;10;1000000;-1;3600;3.19;0.78;0.97;mslp;heur;0.65;0.96;-1;3600;60000;I;40;1.0;0.1;LR2_2_6;0;/dados/rmelo/PDPTW-SE/benchmark_multi_floor_v3/official_experiments/multistartlp/preliminar/set_01_pt_03/logs;0;0;0;0.0;100.0;1;73;/dados/rmelo/PDPTW-SE/benchmark_multi_floor_v3/official_experiments/multistartlp/preliminar/set_01_pt_03/logs/heur_mslp/solutions/40R_40V_04F_05M/LR2_2_6_sol_genconfig_mslp_seed_73_alpha_10p.txt;Gurobi;AUTOMATIC;17.6;_bash_2;_seed_73_alpha_10p;1913.52;1;2326.28;/dados/rmelo/PDPTW-SE/benchmark_multi_floor_v3/official_experiments/multistartlp/preliminar/set_01_pt_03/logs/heur_mslp/timelines/40R_40V_04F_05M/LR2_2_6_timeline_genconfig_mslp_seed_73_alpha_10p.txt;2536.88;t2;0;7885.49;false
0.1;0.04;0.07;0.12;0.0;0.06;6;/dados/rmelo/PDPTW-SE/benchmark_multi_floor_v3/official_experiments/multistartlp/preliminar/set_01_pt_03/logs/heur_mslp/outputs/csvresults_heur_mslp_bash_2.csv;0;5;1;122;1;0.0;0.5;true;62;2;LR1_2_6_t1_60R_60V_02F_05M;/dados/rmelo/PDPTW-SE/benchmark_multi_floor_v3/official_experiments/multistartlp/preliminar/set_01_pt_03/configs/genconfig_mslp.conf;genconfig_mslp;/dados/rmelo/PDPTW-SE/benchmark_multi_floor_v3/official_experiments/multistartlp/preliminar/set_01_pt_03/logs/heur_mslp/gurobi/60R_60V_02F_05M/LR1_2_6_grb_genconfig_mslp_seed_73_alpha_10p.log;random;60R_60V_02F_05M;1;58010;1;/dados/rmelo/PDPTW-SE/benchmark_multi_floor_v3/official_experiments/multistartlp/preliminar/set_01_pt_03/../../../../instances/orig_ams_fg/60R_60V_02F_06M/t1/LR1_2_6/;60000;36782;0;12048.7;121;61;H;50;95;0;100.0;30.0;true;0.95;100.0;1.0;1.0;1.0;1.0;60;M;1990;1990;false;82;0.95;191.73;0.99;41;10;1000000;-1;3600;4.98;0.68;0.57;mslp;heur;0.25;0.2;-1;3600;60000;I;60;1.0;0.38;LR1_2_6;0;/dados/rmelo/PDPTW-SE/benchmark_multi_floor_v3/official_experiments/multistartlp/preliminar/set_01_pt_03/logs;0;0;0;96.68;100.0;1;73;/dados/rmelo/PDPTW-SE/benchmark_multi_floor_v3/official_experiments/multistartlp/preliminar/set_01_pt_03/logs/heur_mslp/solutions/60R_60V_02F_05M/LR1_2_6_sol_genconfig_mslp_seed_73_alpha_10p.txt;Gurobi;AUTOMATIC;17.86;_bash_2;_seed_73_alpha_10p;99.02;1;295.51;/dados/rmelo/PDPTW-SE/benchmark_multi_floor_v3/official_experiments/multistartlp/preliminar/set_01_pt_03/logs/heur_mslp/timelines/60R_60V_02F_05M/LR1_2_6_timeline_genconfig_mslp_seed_73_alpha_10p.txt;480.19;t1;0;9961.23;false
0.1;0.01;0.02;0.03;0.0;0.12;8;/dados/rmelo/PDPTW-SE/benchmark_multi_floor_v3/official_experiments/multistartlp/preliminar/set_01_pt_03/logs/heur_mslp/outputs/csvresults_heur_mslp_bash_2.csv;0;5;1;122;1;0.0;0.5;true;62;2;LR2_2_6_t2_60R_60V_02F_05M;/dados/rmelo/PDPTW-SE/benchmark_multi_floor_v3/official_experiments/multistartlp/preliminar/set_01_pt_03/configs/genconfig_mslp.conf;genconfig_mslp;/dados/rmelo/PDPTW-SE/benchmark_multi_floor_v3/official_experiments/multistartlp/preliminar/set_01_pt_03/logs/heur_mslp/gurobi/60R_60V_02F_05M/LR2_2_6_grb_genconfig_mslp_seed_73_alpha_10p.log;random;60R_60V_02F_05M;1;0;1;/dados/rmelo/PDPTW-SE/benchmark_multi_floor_v3/official_experiments/multistartlp/preliminar/set_01_pt_03/../../../../instances/orig_ams_fg/60R_60V_02F_06M/t2/LR2_2_6/;56270;28821;0;13857.69;121;61;H;50;95;0;100.0;30.0;true;0.95;100.0;1.0;1.0;1.0;1.0;60;M;56270;56270;false;80;0.91;185.63;1.0;40;10;1000000;-1;3600;5.25;0.7;0.87;mslp;heur;0.25;0.33;-1;3600;60000;I;60;1.0;0.1;LR2_2_6;0;/dados/rmelo/PDPTW-SE/benchmark_multi_floor_v3/official_experiments/multistartlp/preliminar/set_01_pt_03/logs;0;0;0;0.0;100.0;1;73;/dados/rmelo/PDPTW-SE/benchmark_multi_floor_v3/official_experiments/multistartlp/preliminar/set_01_pt_03/logs/heur_mslp/solutions/60R_60V_02F_05M/LR2_2_6_sol_genconfig_mslp_seed_73_alpha_10p.txt;Gurobi;AUTOMATIC;17.75;_bash_2;_seed_73_alpha_10p;2954.99;1;1849.87;/dados/rmelo/PDPTW-SE/benchmark_multi_floor_v3/official_experiments/multistartlp/preliminar/set_01_pt_03/logs/heur_mslp/timelines/60R_60V_02F_05M/LR2_2_6_timeline_genconfig_mslp_seed_73_alpha_10p.txt;3600.01;t2;0;10673.68;false
0.1;0.15;0.2;0.35;0.0;0.06;3;/dados/rmelo/PDPTW-SE/benchmark_multi_floor_v3/official_experiments/multistartlp/preliminar/set_01_pt_03/logs/heur_mslp/outputs/csvresults_heur_mslp_bash_2.csv;0;5;1;122;1;0.0;0.5;true;62;2;LR1_2_9_t1_60R_60V_04F_05M;/dados/rmelo/PDPTW-SE/benchmark_multi_floor_v3/official_experiments/multistartlp/preliminar/set_01_pt_03/configs/genconfig_mslp.conf;genconfig_mslp;/dados/rmelo/PDPTW-SE/benchmark_multi_floor_v3/official_experiments/multistartlp/preliminar/set_01_pt_03/logs/heur_mslp/gurobi/60R_60V_04F_05M/LR1_2_9_grb_genconfig_mslp_seed_73_alpha_10p.log;random;60R_60V_04F_05M;1;59940;1;/dados/rmelo/PDPTW-SE/benchmark_multi_floor_v3/official_experiments/multistartlp/preliminar/set_01_pt_03/../../../../instances/orig_ams_fg/60R_60V_04F_06M/t1/LR1_2_9/;60000;38222;0;14034.82;121;61;H;50;95;0;100.0;30.0;true;0.95;100.0;1.0;1.0;1.0;1.0;60;M;60;60;false;86;0.91;198.99;0.84;43;10;1000000;-1;3600;7.73;0.66;0.45;mslp;heur;0.35;0.06;-1;3600;60000;I;60;1.0;0.45;LR1_2_9;0;/dados/rmelo/PDPTW-SE/benchmark_multi_floor_v3/official_experiments/multistartlp/preliminar/set_01_pt_03/logs;0;0;0;99.9;100.0;1;73;/dados/rmelo/PDPTW-SE/benchmark_multi_floor_v3/official_experiments/multistartlp/preliminar/set_01_pt_03/logs/heur_mslp/solutions/60R_60V_04F_05M/LR1_2_9_sol_genconfig_mslp_seed_73_alpha_10p.txt;Gurobi;AUTOMATIC;17.56;_bash_2;_seed_73_alpha_10p;4.64;1;326.16;/dados/rmelo/PDPTW-SE/benchmark_multi_floor_v3/official_experiments/multistartlp/preliminar/set_01_pt_03/logs/heur_mslp/timelines/60R_60V_04F_05M/LR1_2_9_timeline_genconfig_mslp_seed_73_alpha_10p.txt;511.39;t1;0;12343.36;false
0.1;0.03;0.04;0.07;0.0;0.0;2;/dados/rmelo/PDPTW-SE/benchmark_multi_floor_v3/official_experiments/multistartlp/preliminar/set_01_pt_03/logs/heur_mslp/outputs/csvresults_heur_mslp_bash_2.csv;0;5;1;122;1;0.0;0.5;true;62;2;LR2_2_7_t2_60R_60V_04F_05M;/dados/rmelo/PDPTW-SE/benchmark_multi_floor_v3/official_experiments/multistartlp/preliminar/set_01_pt_03/configs/genconfig_mslp.conf;genconfig_mslp;/dados/rmelo/PDPTW-SE/benchmark_multi_floor_v3/official_experiments/multistartlp/preliminar/set_01_pt_03/logs/heur_mslp/gurobi/60R_60V_04F_05M/LR2_2_7_grb_genconfig_mslp_seed_73_alpha_10p.log;random;60R_60V_04F_05M;1;7706;1;/dados/rmelo/PDPTW-SE/benchmark_multi_floor_v3/official_experiments/multistartlp/preliminar/set_01_pt_03/../../../../instances/orig_ams_fg/60R_60V_04F_06M/t2/LR2_2_7/;30981;24446;0;12721.6;121;61;H;50;95;0;100.0;30.0;true;0.95;100.0;1.0;1.0;1.0;1.0;60;M;23275;23275;false;78;0.98;195.28;0.97;39;10;1000000;-1;3600;1.45;0.85;0.9;mslp;heur;0.77;0.69;-1;3600;60000;I;60;1.0;0.08;LR2_2_7;0;/dados/rmelo/PDPTW-SE/benchmark_multi_floor_v3/official_experiments/multistartlp/preliminar/set_01_pt_03/logs;0;0;0;24.87;100.0;1;73;/dados/rmelo/PDPTW-SE/benchmark_multi_floor_v3/official_experiments/multistartlp/preliminar/set_01_pt_03/logs/heur_mslp/solutions/60R_60V_04F_05M/LR2_2_7_sol_genconfig_mslp_seed_73_alpha_10p.txt;Gurobi;AUTOMATIC;17.46;_bash_2;_seed_73_alpha_10p;337.84;1;2840.57;/dados/rmelo/PDPTW-SE/benchmark_multi_floor_v3/official_experiments/multistartlp/preliminar/set_01_pt_03/logs/heur_mslp/timelines/60R_60V_04F_05M/LR2_2_7_timeline_genconfig_mslp_seed_73_alpha_10p.txt;3600.08;t2;0;10719.65;false
0.1;0.01;0.06;0.07;0.0;0.0;3;/dados/rmelo/PDPTW-SE/benchmark_multi_floor_v3/official_experiments/multistartlp/preliminar/set_01_pt_03/logs/heur_mslp/outputs/csvresults_heur_mslp_bash_2.csv;0;3;1;18;1;0.0;0.5;true;10;2;lr107_t1_08R_08V_02F_03M;/dados/rmelo/PDPTW-SE/benchmark_multi_floor_v3/official_experiments/multistartlp/preliminar/set_01_pt_03/configs/genconfig_mslp.conf;genconfig_mslp;/dados/rmelo/PDPTW-SE/benchmark_multi_floor_v3/official_experiments/multistartlp/preliminar/set_01_pt_03/logs/heur_mslp/gurobi/08R_08V_02F_03M/lr107_grb_genconfig_mslp_seed_80_alpha_10p.log;random;08R_08V_02F_03M;1;0;1;/dados/rmelo/PDPTW-SE/benchmark_multi_floor_v3/official_experiments/multistartlp/preliminar/set_01_pt_03/../../../../instances/orig_ams_fg/08R_08V_02F_04M/t1/lr107/;60000;4;0;1085.6;17;9;H;50;95;0;100.0;30.0;true;0.95;100.0;1.0;1.0;1.0;1.0;60;M;60000;60000;false;40;0.94;80.43;0.73;20;10;1000000;-1;3600;15.94;0.73;0.57;mslp;heur;0.47;0.36;-1;3600;60000;I;8;1.0;0.62;lr107;0;/dados/rmelo/PDPTW-SE/benchmark_multi_floor_v3/official_experiments/multistartlp/preliminar/set_01_pt_03/logs;0;0;0;0.0;100.0;1;80;/dados/rmelo/PDPTW-SE/benchmark_multi_floor_v3/official_experiments/multistartlp/preliminar/set_01_pt_03/logs/heur_mslp/solutions/08R_08V_02F_03M/lr107_sol_genconfig_mslp_seed_80_alpha_10p.txt;Gurobi;AUTOMATIC;18.17;_bash_2;_seed_80_alpha_10p;9562.78;1;0.33;/dados/rmelo/PDPTW-SE/benchmark_multi_floor_v3/official_experiments/multistartlp/preliminar/set_01_pt_03/logs/heur_mslp/timelines/08R_08V_02F_03M/lr107_timeline_genconfig_mslp_seed_80_alpha_10p.txt;105.45;t1;0;843.14;false
0.1;0.0;0.02;0.02;0.0;0.0;5;/dados/rmelo/PDPTW-SE/benchmark_multi_floor_v3/official_experiments/multistartlp/preliminar/set_01_pt_03/logs/heur_mslp/outputs/csvresults_heur_mslp_bash_2.csv;0;3;1;18;1;0.0;0.5;true;10;2;lr210_t2_08R_08V_02F_03M;/dados/rmelo/PDPTW-SE/benchmark_multi_floor_v3/official_experiments/multistartlp/preliminar/set_01_pt_03/configs/genconfig_mslp.conf;genconfig_mslp;/dados/rmelo/PDPTW-SE/benchmark_multi_floor_v3/official_experiments/multistartlp/preliminar/set_01_pt_03/logs/heur_mslp/gurobi/08R_08V_02F_03M/lr210_grb_genconfig_mslp_seed_80_alpha_10p.log;random;08R_08V_02F_03M;1;891;1;/dados/rmelo/PDPTW-SE/benchmark_multi_floor_v3/official_experiments/multistartlp/preliminar/set_01_pt_03/../../../../instances/orig_ams_fg/08R_08V_02F_04M/t2/lr210/;60000;21420;0;1345.87;17;9;H;50;95;0;100.0;30.0;true;0.95;100.0;1.0;1.0;1.0;1.0;60;M;59109;59109;false;58;0.71;75.46;0.93;29;10;1000000;-1;3600;31.02;0.71;0.93;mslp;heur;0.71;0.93;-1;3600;60000;I;8;0.67;0.12;lr210;0;/dados/rmelo/PDPTW-SE/benchmark_multi_floor_v3/official_experiments/multistartlp/preliminar/set_01_pt_03/logs;0;0;0;1.48;100.0;1;80;/dados/rmelo/PDPTW-SE/benchmark_multi_floor_v3/official_experiments/multistartlp/preliminar/set_01_pt_03/logs/heur_mslp/solutions/08R_08V_02F_03M/lr210_sol_genconfig_mslp_seed_80_alpha_10p.txt;Gurobi;AUTOMATIC;17.59;_bash_2;_seed_80_alpha_10p;18334.78;1;45.17;/dados/rmelo/PDPTW-SE/benchmark_multi_floor_v3/official_experiments/multistartlp/preliminar/set_01_pt_03/logs/heur_mslp/timelines/08R_08V_02F_03M/lr210_timeline_genconfig_mslp_seed_80_alpha_10p.txt;124.93;t2;0;706.87;false
0.1;0.1;0.19;0.29;0.0;0.05;9;/dados/rmelo/PDPTW-SE/benchmark_multi_floor_v3/official_experiments/multistartlp/preliminar/set_01_pt_03/logs/heur_mslp/outputs/csvresults_heur_mslp_bash_2.csv;0;3;1;18;1;0.0;0.5;true;10;2;lr106_t1_08R_08V_04F_03M;/dados/rmelo/PDPTW-SE/benchmark_multi_floor_v3/official_experiments/multistartlp/preliminar/set_01_pt_03/configs/genconfig_mslp.conf;genconfig_mslp;/dados/rmelo/PDPTW-SE/benchmark_multi_floor_v3/official_experiments/multistartlp/preliminar/set_01_pt_03/logs/heur_mslp/gurobi/08R_08V_04F_03M/lr106_grb_genconfig_mslp_seed_80_alpha_10p.log;random;08R_08V_04F_03M;1;16950;1;/dados/rmelo/PDPTW-SE/benchmark_multi_floor_v3/official_experiments/multistartlp/preliminar/set_01_pt_03/../../../../instances/orig_ams_fg/08R_08V_04F_04M/t1/lr106/;60000;6792;0;1321.2;17;9;H;50;95;0;100.0;30.0;true;0.95;100.0;1.0;1.0;1.0;1.0;60;M;43050;43050;false;52;0.82;85.78;0.67;26;10;1000000;-1;3600;19.15;0.62;0.33;mslp;heur;0.35;0.07;-1;3600;60000;I;8;1.0;0.88;lr106;0;/dados/rmelo/PDPTW-SE/benchmark_multi_floor_v3/official_experiments/multistartlp/preliminar/set_01_pt_03/logs;0;0;0;28.25;100.0;1;80;/dados/rmelo/PDPTW-SE/benchmark_multi_floor_v3/official_experiments/multistartlp/preliminar/set_01_pt_03/logs/heur_mslp/solutions/08R_08V_04F_03M/lr106_sol_genconfig_mslp_seed_80_alpha_10p.txt;Gurobi;AUTOMATIC;18.24;_bash_2;_seed_80_alpha_10p;8244.25;1;11.76;/dados/rmelo/PDPTW-SE/benchmark_multi_floor_v3/official_experiments/multistartlp/preliminar/set_01_pt_03/logs/heur_mslp/timelines/08R_08V_04F_03M/lr106_timeline_genconfig_mslp_seed_80_alpha_10p.txt;97.62;t1;0;1010.71;false
0.1;0.01;0.03;0.04;0.0;0.0;7;/dados/rmelo/PDPTW-SE/benchmark_multi_floor_v3/official_experiments/multistartlp/preliminar/set_01_pt_03/logs/heur_mslp/outputs/csvresults_heur_mslp_bash_2.csv;0;3;1;18;1;0.0;0.5;true;10;2;lr209_t2_08R_08V_04F_03M;/dados/rmelo/PDPTW-SE/benchmark_multi_floor_v3/official_experiments/multistartlp/preliminar/set_01_pt_03/configs/genconfig_mslp.conf;genconfig_mslp;/dados/rmelo/PDPTW-SE/benchmark_multi_floor_v3/official_experiments/multistartlp/preliminar/set_01_pt_03/logs/heur_mslp/gurobi/08R_08V_04F_03M/lr209_grb_genconfig_mslp_seed_80_alpha_10p.log;random;08R_08V_04F_03M;1;0;1;/dados/rmelo/PDPTW-SE/benchmark_multi_floor_v3/official_experiments/multistartlp/preliminar/set_01_pt_03/../../../../instances/orig_ams_fg/08R_08V_04F_04M/t2/lr209/;60000;4297;0;937.95;17;9;H;50;95;0;100.0;30.0;true;0.95;100.0;1.0;1.0;1.0;1.0;60;M;54443;60000;false;46;0.68;79.88;0.93;23;10;1000000;-1;3600;21.15;0.42;0.85;mslp;heur;0.16;0.77;-1;3600;60000;I;8;0.67;0.25;lr209;0;/dados/rmelo/PDPTW-SE/benchmark_multi_floor_v3/official_experiments/multistartlp/preliminar/set_01_pt_03/logs;0;0;0;0.0;90.74;1;80;/dados/rmelo/PDPTW-SE/benchmark_multi_floor_v3/official_experiments/multistartlp/preliminar/set_01_pt_03/logs/heur_mslp/solutions/08R_08V_04F_03M/lr209_sol_genconfig_mslp_seed_80_alpha_10p.txt;Gurobi;AUTOMATIC;17.89;_bash_2;_seed_80_alpha_10p;12692.71;1;11.24;/dados/rmelo/PDPTW-SE/benchmark_multi_floor_v3/official_experiments/multistartlp/preliminar/set_01_pt_03/logs/heur_mslp/timelines/08R_08V_04F_03M/lr209_timeline_genconfig_mslp_seed_80_alpha_10p.txt;151.6;t2;0;838.87;false
0.1;0.04;0.07;0.11;0.0;0.0;9;/dados/rmelo/PDPTW-SE/benchmark_multi_floor_v3/official_experiments/multistartlp/preliminar/set_01_pt_03/logs/heur_mslp/outputs/csvresults_heur_mslp_bash_2.csv;0;3;1;26;1;0.0;0.5;true;14;2;lr109_t1_12R_12V_02F_03M;/dados/rmelo/PDPTW-SE/benchmark_multi_floor_v3/official_experiments/multistartlp/preliminar/set_01_pt_03/configs/genconfig_mslp.conf;genconfig_mslp;/dados/rmelo/PDPTW-SE/benchmark_multi_floor_v3/official_experiments/multistartlp/preliminar/set_01_pt_03/logs/heur_mslp/gurobi/12R_12V_02F_03M/lr109_grb_genconfig_mslp_seed_80_alpha_10p.log;random;12R_12V_02F_03M;1;14460;1;/dados/rmelo/PDPTW-SE/benchmark_multi_floor_v3/official_experiments/multistartlp/preliminar/set_01_pt_03/../../../../instances/orig_ams_fg/12R_12V_02F_04M/t1/lr109/;60000;43269;0;1179.71;25;13;H;50;95;0;100.0;30.0;true;0.95;100.0;1.0;1.0;1.0;1.0;60;M;45540;45540;false;58;0.88;78.59;0.79;29;10;1000000;-1;3600;9.53;0.73;0.48;mslp;heur;0.56;0.29;-1;3600;60000;I;12;1.0;0.5;lr109;0;/dados/rmelo/PDPTW-SE/benchmark_multi_floor_v3/official_experiments/multistartlp/preliminar/set_01_pt_03/logs;0;0;0;24.1;100.0;1;80;/dados/rmelo/PDPTW-SE/benchmark_multi_floor_v3/official_experiments/multistartlp/preliminar/set_01_pt_03/logs/heur_mslp/solutions/12R_12V_02F_03M/lr109_sol_genconfig_mslp_seed_80_alpha_10p.txt;Gurobi;AUTOMATIC;17.8;_bash_2;_seed_80_alpha_10p;4338.17;1;80.28;/dados/rmelo/PDPTW-SE/benchmark_multi_floor_v3/official_experiments/multistartlp/preliminar/set_01_pt_03/logs/heur_mslp/timelines/12R_12V_02F_03M/lr109_timeline_genconfig_mslp_seed_80_alpha_10p.txt;112.27;t1;0;1008.76;false
0.1;0.01;0.01;0.02;0.0;0.0;17;/dados/rmelo/PDPTW-SE/benchmark_multi_floor_v3/official_experiments/multistartlp/preliminar/set_01_pt_03/logs/heur_mslp/outputs/csvresults_heur_mslp_bash_2.csv;0;3;1;26;1;0.0;0.5;true;14;2;lr207_t2_12R_12V_02F_03M;/dados/rmelo/PDPTW-SE/benchmark_multi_floor_v3/official_experiments/multistartlp/preliminar/set_01_pt_03/configs/genconfig_mslp.conf;genconfig_mslp;/dados/rmelo/PDPTW-SE/benchmark_multi_floor_v3/official_experiments/multistartlp/preliminar/set_01_pt_03/logs/heur_mslp/gurobi/12R_12V_02F_03M/lr207_grb_genconfig_mslp_seed_80_alpha_10p.log;random;12R_12V_02F_03M;1;0;1;/dados/rmelo/PDPTW-SE/benchmark_multi_floor_v3/official_experiments/multistartlp/preliminar/set_01_pt_03/../../../../instances/orig_ams_fg/12R_12V_02F_04M/t2/lr207/;60000;28020;0;1685.86;25;13;H;50;95;0;100.0;30.0;true;0.95;100.0;1.0;1.0;1.0;1.0;60;M;59952;60000;false;40;0.77;83.45;0.91;20;10;1000000;-1;3600;12.66;0.54;0.9;mslp;heur;0.32;0.9;-1;3600;60000;I;12;1.0;0.17;lr207;0;/dados/rmelo/PDPTW-SE/benchmark_multi_floor_v3/official_experiments/multistartlp/preliminar/set_01_pt_03/logs;0;0;0;0.0;99.92;1;80;/dados/rmelo/PDPTW-SE/benchmark_multi_floor_v3/official_experiments/multistartlp/preliminar/set_01_pt_03/logs/heur_mslp/solutions/12R_12V_02F_03M/lr207_sol_genconfig_mslp_seed_80_alpha_10p.txt;Gurobi;AUTOMATIC;17.93;_bash_2;_seed_80_alpha_10p;7594.13;1;111.3;/dados/rmelo/PDPTW-SE/benchmark_multi_floor_v3/official_experiments/multistartlp/preliminar/set_01_pt_03/logs/heur_mslp/timelines/12R_12V_02F_03M/lr207_timeline_genconfig_mslp_seed_80_alpha_10p.txt;237.92;t2;0;1089.21;false
0.1;0.2;0.32;0.52;0.0;0.0;17;/dados/rmelo/PDPTW-SE/benchmark_multi_floor_v3/official_experiments/multistartlp/preliminar/set_01_pt_03/logs/heur_mslp/outputs/csvresults_heur_mslp_bash_2.csv;0;3;1;26;1;0.0;0.5;true;14;2;lr106_t1_12R_12V_04F_03M;/dados/rmelo/PDPTW-SE/benchmark_multi_floor_v3/official_experiments/multistartlp/preliminar/set_01_pt_03/configs/genconfig_mslp.conf;genconfig_mslp;/dados/rmelo/PDPTW-SE/benchmark_multi_floor_v3/official_experiments/multistartlp/preliminar/set_01_pt_03/logs/heur_mslp/gurobi/12R_12V_04F_03M/lr106_grb_genconfig_mslp_seed_80_alpha_10p.log;random;12R_12V_04F_03M;1;41063;1;/dados/rmelo/PDPTW-SE/benchmark_multi_floor_v3/official_experiments/multistartlp/preliminar/set_01_pt_03/../../../../instances/orig_ams_fg/12R_12V_04F_04M/t1/lr106/;60000;51054;0;1771.14;25;13;H;50;95;0;100.0;30.0;true;0.95;100.0;1.0;1.0;1.0;1.0;60;M;18937;18937;false;52;0.85;86.16;0.97;26;10;1000000;-1;3600;11.42;0.68;0.39;mslp;heur;0.56;0.21;-1;3600;60000;I;12;1.0;0.75;lr106;0;/dados/rmelo/PDPTW-SE/benchmark_multi_floor_v3/official_experiments/multistartlp/preliminar/set_01_pt_03/logs;0;0;0;68.44;100.0;1;80;/dados/rmelo/PDPTW-SE/benchmark_multi_floor_v3/official_experiments/multistartlp/preliminar/set_01_pt_03/logs/heur_mslp/solutions/12R_12V_04F_03M/lr106_sol_genconfig_mslp_seed_80_alpha_10p.txt;Gurobi;AUTOMATIC;17.9;_bash_2;_seed_80_alpha_10p;2162.99;1;67.54;/dados/rmelo/PDPTW-SE/benchmark_multi_floor_v3/official_experiments/multistartlp/preliminar/set_01_pt_03/logs/heur_mslp/timelines/12R_12V_04F_03M/lr106_timeline_genconfig_mslp_seed_80_alpha_10p.txt;79.35;t1;0;1412.38;false
0.1;0.02;0.03;0.05;0.0;0.01;10;/dados/rmelo/PDPTW-SE/benchmark_multi_floor_v3/official_experiments/multistartlp/preliminar/set_01_pt_03/logs/heur_mslp/outputs/csvresults_heur_mslp_bash_2.csv;0;3;1;26;1;0.0;0.5;true;14;2;lr209_t2_12R_12V_04F_03M;/dados/rmelo/PDPTW-SE/benchmark_multi_floor_v3/official_experiments/multistartlp/preliminar/set_01_pt_03/configs/genconfig_mslp.conf;genconfig_mslp;/dados/rmelo/PDPTW-SE/benchmark_multi_floor_v3/official_experiments/multistartlp/preliminar/set_01_pt_03/logs/heur_mslp/gurobi/12R_12V_04F_03M/lr209_grb_genconfig_mslp_seed_80_alpha_10p.log;random;12R_12V_04F_03M;1;0;1;/dados/rmelo/PDPTW-SE/benchmark_multi_floor_v3/official_experiments/multistartlp/preliminar/set_01_pt_03/../../../../instances/orig_ams_fg/12R_12V_04F_04M/t2/lr209/;60000;12417;0;1570.02;25;13;H;50;95;0;100.0;30.0;true;0.95;100.0;1.0;1.0;1.0;1.0;60;M;60000;60000;false;46;0.63;91.85;0.87;23;10;1000000;-1;3600;13.55;0.6;0.83;mslp;heur;0.57;0.8;-1;3600;60000;I;12;1.0;0.17;lr209;0;/dados/rmelo/PDPTW-SE/benchmark_multi_floor_v3/official_experiments/multistartlp/preliminar/set_01_pt_03/logs;0;0;0;0.0;100.0;1;80;/dados/rmelo/PDPTW-SE/benchmark_multi_floor_v3/official_experiments/multistartlp/preliminar/set_01_pt_03/logs/heur_mslp/solutions/12R_12V_04F_03M/lr209_sol_genconfig_mslp_seed_80_alpha_10p.txt;Gurobi;AUTOMATIC;17.69;_bash_2;_seed_80_alpha_10p;8130.11;1;49.06;/dados/rmelo/PDPTW-SE/benchmark_multi_floor_v3/official_experiments/multistartlp/preliminar/set_01_pt_03/logs/heur_mslp/timelines/12R_12V_04F_03M/lr209_timeline_genconfig_mslp_seed_80_alpha_10p.txt;235.89;t2;0;1203.61;false
0.1;0.02;0.04;0.06;0.0;0.07;3;/dados/rmelo/PDPTW-SE/benchmark_multi_floor_v3/official_experiments/multistartlp/preliminar/set_01_pt_03/logs/heur_mslp/outputs/csvresults_heur_mslp_bash_2.csv;0;5;1;82;1;0.0;0.5;true;42;2;LR1_2_6_t1_40R_40V_02F_05M;/dados/rmelo/PDPTW-SE/benchmark_multi_floor_v3/official_experiments/multistartlp/preliminar/set_01_pt_03/configs/genconfig_mslp.conf;genconfig_mslp;/dados/rmelo/PDPTW-SE/benchmark_multi_floor_v3/official_experiments/multistartlp/preliminar/set_01_pt_03/logs/heur_mslp/gurobi/40R_40V_02F_05M/LR1_2_6_grb_genconfig_mslp_seed_80_alpha_10p.log;random;40R_40V_02F_05M;1;59113;1;/dados/rmelo/PDPTW-SE/benchmark_multi_floor_v3/official_experiments/multistartlp/preliminar/set_01_pt_03/../../../../instances/orig_ams_fg/40R_40V_02F_06M/t1/LR1_2_6/;60000;57566;0;9185.69;81;41;H;50;95;0;100.0;30.0;true;0.95;100.0;1.0;1.0;1.0;1.0;60;M;887;887;false;72;0.96;184.05;0.96;36;10;1000000;-1;3600;4.3;0.4;0.52;mslp;heur;0.16;0.12;-1;3600;60000;I;40;1.0;0.42;LR1_2_6;0;/dados/rmelo/PDPTW-SE/benchmark_multi_floor_v3/official_experiments/multistartlp/preliminar/set_01_pt_03/logs;0;0;0;98.52;100.0;1;80;/dados/rmelo/PDPTW-SE/benchmark_multi_floor_v3/official_experiments/multistartlp/preliminar/set_01_pt_03/logs/heur_mslp/solutions/40R_40V_02F_05M/LR1_2_6_sol_genconfig_mslp_seed_80_alpha_10p.txt;Gurobi;AUTOMATIC;17.67;_bash_2;_seed_80_alpha_10p;38.16;1;200.55;/dados/rmelo/PDPTW-SE/benchmark_multi_floor_v3/official_experiments/multistartlp/preliminar/set_01_pt_03/logs/heur_mslp/timelines/40R_40V_02F_05M/LR1_2_6_timeline_genconfig_mslp_seed_80_alpha_10p.txt;208.91;t1;0;7883.08;false
0.1;0.01;0.01;0.02;0.04;0.1;13;/dados/rmelo/PDPTW-SE/benchmark_multi_floor_v3/official_experiments/multistartlp/preliminar/set_01_pt_03/logs/heur_mslp/outputs/csvresults_heur_mslp_bash_2.csv;0;5;1;82;1;0.0;0.5;true;42;2;LR2_2_9_t2_40R_40V_02F_05M;/dados/rmelo/PDPTW-SE/benchmark_multi_floor_v3/official_experiments/multistartlp/preliminar/set_01_pt_03/configs/genconfig_mslp.conf;genconfig_mslp;/dados/rmelo/PDPTW-SE/benchmark_multi_floor_v3/official_experiments/multistartlp/preliminar/set_01_pt_03/logs/heur_mslp/gurobi/40R_40V_02F_05M/LR2_2_9_grb_genconfig_mslp_seed_80_alpha_10p.log;random;40R_40V_02F_05M;1;0;1;/dados/rmelo/PDPTW-SE/benchmark_multi_floor_v3/official_experiments/multistartlp/preliminar/set_01_pt_03/../../../../instances/orig_ams_fg/40R_40V_02F_06M/t2/LR2_2_9/;60000;34300;0;11809.82;81;41;H;50;95;0;100.0;30.0;true;0.95;100.0;1.0;1.0;1.0;1.0;60;M;60000;60000;false;74;0.8;179.34;1.0;37;10;1000000;-1;3600;7.32;0.64;0.95;mslp;heur;0.42;0.82;-1;3600;60000;I;40;1.0;0.12;LR2_2_9;0;/dados/rmelo/PDPTW-SE/benchmark_multi_floor_v3/official_experiments/multistartlp/preliminar/set_01_pt_03/logs;0;0;0;0.0;100.0;1;80;/dados/rmelo/PDPTW-SE/benchmark_multi_floor_v3/official_experiments/multistartlp/preliminar/set_01_pt_03/logs/heur_mslp/solutions/40R_40V_02F_05M/LR2_2_9_sol_genconfig_mslp_seed_80_alpha_10p.txt;Gurobi;AUTOMATIC;18.05;_bash_2;_seed_80_alpha_10p;4393.71;1;728.01;/dados/rmelo/PDPTW-SE/benchmark_multi_floor_v3/official_experiments/multistartlp/preliminar/set_01_pt_03/logs/heur_mslp/timelines/40R_40V_02F_05M/LR2_2_9_timeline_genconfig_mslp_seed_80_alpha_10p.txt;1267.61;t2;0;8049.23;false
0.1;0.12;0.15;0.28;0.0;0.04;4;/dados/rmelo/PDPTW-SE/benchmark_multi_floor_v3/official_experiments/multistartlp/preliminar/set_01_pt_03/logs/heur_mslp/outputs/csvresults_heur_mslp_bash_2.csv;0;5;1;82;1;0.0;0.5;true;42;2;LR1_2_10_t1_40R_40V_04F_05M;/dados/rmelo/PDPTW-SE/benchmark_multi_floor_v3/official_experiments/multistartlp/preliminar/set_01_pt_03/configs/genconfig_mslp.conf;genconfig_mslp;/dados/rmelo/PDPTW-SE/benchmark_multi_floor_v3/official_experiments/multistartlp/preliminar/set_01_pt_03/logs/heur_mslp/gurobi/40R_40V_04F_05M/LR1_2_10_grb_genconfig_mslp_seed_80_alpha_10p.log;random;40R_40V_04F_05M;1;59434;1;/dados/rmelo/PDPTW-SE/benchmark_multi_floor_v3/official_experiments/multistartlp/preliminar/set_01_pt_03/../../../../instances/orig_ams_fg/40R_40V_04F_06M/t1/LR1_2_10/;60000;54339;0;8456.39;81;41;H;50;95;0;100.0;30.0;true;0.95;100.0;1.0;1.0;1.0;1.0;60;M;566;566;false;72;0.97;178.35;1.0;36;10;1000000;-1;3600;6.24;0.65;0.53;mslp;heur;0.3;0.11;-1;3600;60000;I;40;1.0;0.45;LR1_2_10;0;/dados/rmelo/PDPTW-SE/benchmark_multi_floor_v3/official_experiments/multistartlp/preliminar/set_01_pt_03/logs;0;0;0;99.06;100.0;1;80;/dados/rmelo/PDPTW-SE/benchmark_multi_floor_v3/official_experiments/multistartlp/preliminar/set_01_pt_03/logs/heur_mslp/solutions/40R_40V_04F_05M/LR1_2_10_sol_genconfig_mslp_seed_80_alpha_10p.txt;Gurobi;AUTOMATIC;17.97;_bash_2;_seed_80_alpha_10p;35.29;1;244.35;/dados/rmelo/PDPTW-SE/benchmark_multi_floor_v3/official_experiments/multistartlp/preliminar/set_01_pt_03/logs/heur_mslp/timelines/40R_40V_04F_05M/LR1_2_10_timeline_genconfig_mslp_seed_80_alpha_10p.txt;270.14;t1;0;7442.24;false
0.1;0.02;0.04;0.06;0.0;0.01;12;/dados/rmelo/PDPTW-SE/benchmark_multi_floor_v3/official_experiments/multistartlp/preliminar/set_01_pt_03/logs/heur_mslp/outputs/csvresults_heur_mslp_bash_2.csv;0;5;1;82;1;0.0;0.5;true;42;2;LR2_2_6_t2_40R_40V_04F_05M;/dados/rmelo/PDPTW-SE/benchmark_multi_floor_v3/official_experiments/multistartlp/preliminar/set_01_pt_03/configs/genconfig_mslp.conf;genconfig_mslp;/dados/rmelo/PDPTW-SE/benchmark_multi_floor_v3/official_experiments/multistartlp/preliminar/set_01_pt_03/logs/heur_mslp/gurobi/40R_40V_04F_05M/LR2_2_6_grb_genconfig_mslp_seed_80_alpha_10p.log;random;40R_40V_04F_05M;1;0;1;/dados/rmelo/PDPTW-SE/benchmark_multi_floor_v3/official_experiments/multistartlp/preliminar/set_01_pt_03/../../../../instances/orig_ams_fg/40R_40V_04F_06M/t2/LR2_2_6/;60000;45457;0;9989.5;81;41;H;50;95;0;100.0;30.0;true;0.95;100.0;1.0;1.0;1.0;1.0;60;M;60000;60000;false;80;0.88;192.66;1.0;40;10;1000000;-1;3600;3.18;0.78;0.96;mslp;heur;0.6;0.86;-1;3600;60000;I;40;1.0;0.1;LR2_2_6;0;/dados/rmelo/PDPTW-SE/benchmark_multi_floor_v3/official_experiments/multistartlp/preliminar/set_01_pt_03/logs;0;0;0;0.0;100.0;1;80;/dados/rmelo/PDPTW-SE/benchmark_multi_floor_v3/official_experiments/multistartlp/preliminar/set_01_pt_03/logs/heur_mslp/solutions/40R_40V_04F_05M/LR2_2_6_sol_genconfig_mslp_seed_80_alpha_10p.txt;Gurobi;AUTOMATIC;17.99;_bash_2;_seed_80_alpha_10p;1908.45;1;1913.08;/dados/rmelo/PDPTW-SE/benchmark_multi_floor_v3/official_experiments/multistartlp/preliminar/set_01_pt_03/logs/heur_mslp/timelines/40R_40V_04F_05M/LR2_2_6_timeline_genconfig_mslp_seed_80_alpha_10p.txt;2523.04;t2;0;7938.13;false
0.1;0.05;0.07;0.12;0.0;0.05;4;/dados/rmelo/PDPTW-SE/benchmark_multi_floor_v3/official_experiments/multistartlp/preliminar/set_01_pt_03/logs/heur_mslp/outputs/csvresults_heur_mslp_bash_2.csv;0;5;1;122;1;0.0;0.5;true;62;2;LR1_2_6_t1_60R_60V_02F_05M;/dados/rmelo/PDPTW-SE/benchmark_multi_floor_v3/official_experiments/multistartlp/preliminar/set_01_pt_03/configs/genconfig_mslp.conf;genconfig_mslp;/dados/rmelo/PDPTW-SE/benchmark_multi_floor_v3/official_experiments/multistartlp/preliminar/set_01_pt_03/logs/heur_mslp/gurobi/60R_60V_02F_05M/LR1_2_6_grb_genconfig_mslp_seed_80_alpha_10p.log;random;60R_60V_02F_05M;1;58044;1;/dados/rmelo/PDPTW-SE/benchmark_multi_floor_v3/official_experiments/multistartlp/preliminar/set_01_pt_03/../../../../instances/orig_ams_fg/60R_60V_02F_06M/t1/LR1_2_6/;60000;34215;0;11685.84;121;61;H;50;95;0;100.0;30.0;true;0.95;100.0;1.0;1.0;1.0;1.0;60;M;1956;1956;false;82;0.98;191.73;0.97;41;10;1000000;-1;3600;4.96;0.68;0.51;mslp;heur;0.26;0.09;-1;3600;60000;I;60;1.0;0.38;LR1_2_6;0;/dados/rmelo/PDPTW-SE/benchmark_multi_floor_v3/official_experiments/multistartlp/preliminar/set_01_pt_03/logs;0;0;0;96.74;100.0;1;80;/dados/rmelo/PDPTW-SE/benchmark_multi_floor_v3/official_experiments/multistartlp/preliminar/set_01_pt_03/logs/heur_mslp/solutions/60R_60V_02F_05M/LR1_2_6_sol_genconfig_mslp_seed_80_alpha_10p.txt;Gurobi;AUTOMATIC;17.97;_bash_2;_seed_80_alpha_10p;97.11;1;277.19;/dados/rmelo/PDPTW-SE/benchmark_multi_floor_v3/official_experiments/multistartlp/preliminar/set_01_pt_03/logs/heur_mslp/timelines/60R_60V_02F_05M/LR1_2_6_timeline_genconfig_mslp_seed_80_alpha_10p.txt;484.48;t1;0;9858.62;false
