Set parameter WLSAccessID
Set parameter WLSSecret
Set parameter LicenseID to value 2661775
Academic license 2661775 - for non-commercial use only - registered to me___@dcc.ufba.br
Loading line 2: methodType heur
Loading line 3: methodCode mslp
Loading line 4: seed 0
Loading line 5: threads 1
Loading line 6: greedy_service_order random
Loading line 7: outputFlagGrbMSLP 0
Loading line 8: mslpa 60000
Loading line 9: mslpr I
Loading line 10: maxtime 3600
Loading line 11: output ./logs/
Loading line 12: printsol 1
Loading line 13: solverMethod A
Instance: LR1_2_9_t1_60R_60V_04F_05M

[05:45:17.64] Running Data.readData with file /dados/rmelo/PDPTW-SE/benchmark_multi_floor_v3/official_experiments/multistartlp/preliminar/set_01_pt_03/../../../../instances/orig_ams_fg/60R_60V_04F_06M/t1/LR1_2_9/
vehicles: Vehicle[Vehicle(0, 58), Vehicle(1, 72), Vehicle(2, 86), Vehicle(3, 72), Vehicle(4, 72), Vehicle(5, 58), Vehicle(6, 58), Vehicle(7, 72), Vehicle(8, 58), Vehicle(9, 72), Vehicle(10, 72), Vehicle(11, 58), Vehicle(12, 72), Vehicle(13, 72), Vehicle(14, 86), Vehicle(15, 58), Vehicle(16, 72), Vehicle(17, 58), Vehicle(18, 86), Vehicle(19, 58), Vehicle(20, 86), Vehicle(21, 58), Vehicle(22, 58), Vehicle(23, 58), Vehicle(24, 86), Vehicle(25, 58), Vehicle(26, 86), Vehicle(27, 86), Vehicle(28, 72), Vehicle(29, 58), Vehicle(30, 58), Vehicle(31, 86), Vehicle(32, 72), Vehicle(33, 86), Vehicle(34, 72), Vehicle(35, 72), Vehicle(36, 72), Vehicle(37, 72), Vehicle(38, 86), Vehicle(39, 72), Vehicle(40, 58), Vehicle(41, 86), Vehicle(42, 86), Vehicle(43, 86), Vehicle(44, 72), Vehicle(45, 58), Vehicle(46, 72), Vehicle(47, 72), Vehicle(48, 58), Vehicle(49, 86), Vehicle(50, 72), Vehicle(51, 72), Vehicle(52, 86), Vehicle(53, 86), Vehicle(54, 58), Vehicle(55, 58), Vehicle(56, 86), Vehicle(57, 58), Vehicle(58, 72), Vehicle(59, 86)]
vehicle_types: Vehicle[Vehicle(0, 58), Vehicle(1, 72), Vehicle(2, 86)]
Machine[Machine(0, Point[Point(71, 70, 0), Point(71, 70, 1), Point(71, 70, 2), Point(71, 70, 3)], 0.2), Machine(1, Point[Point(73, 70, 0), Point(73, 70, 1), Point(73, 70, 2), Point(73, 70, 3)], 0.2), Machine(2, Point[Point(69, 70, 0), Point(69, 70, 1), Point(69, 70, 2), Point(69, 70, 3)], 0.2), Machine(3, Point[Point(75, 70, 0), Point(75, 70, 1), Point(75, 70, 2), Point(75, 70, 3)], 0.2), Machine(4, Point[Point(67, 70, 0), Point(67, 70, 1), Point(67, 70, 2), Point(67, 70, 3)], 0.2)]
refs: [1, 2, 3, 5, 7, 8, 14, 16, 17, 18, 19, 20, 21, 22, 23, 27, 29, 31, 32, 34, 36, 37, 39, 40, 42, 43, 44, 46, 47, 49, 51, 52, 56, 57, 58, 59, 62, 63, 65, 66, 67, 68, 69, 70, 71, 78, 79, 80, 84, 86, 87, 90, 91, 93, 95, 96, 97, 107, 108, 109, 110, 41, 35, 26, 25, 15, 45, 54, 92, 30, 103, 38, 104, 94, 100, 10, 119, 28, 82, 112, 4, 102, 24, 106, 89, 76, 13, 75, 77, 118, 11, 120, 83, 115, 114, 111, 33, 121, 117, 113, 60, 12, 73, 53, 105, 50, 48, 6, 116, 74, 72, 98, 81, 99, 64, 85, 61, 55, 9, 101, 88, 1]
V: [1, 2, 3, 4, 5, 6, 7, 8, 9, 10, 11, 12, 13, 14, 15, 16, 17, 18, 19, 20, 21, 22, 23, 24, 25, 26, 27, 28, 29, 30, 31, 32, 33, 34, 35, 36, 37, 38, 39, 40, 41, 42, 43, 44, 45, 46, 47, 48, 49, 50, 51, 52, 53, 54, 55, 56, 57, 58, 59, 60, 61, 62, 63, 64, 65, 66, 67, 68, 69, 70, 71, 72, 73, 74, 75, 76, 77, 78, 79, 80, 81, 82, 83, 84, 85, 86, 87, 88, 89, 90, 91, 92, 93, 94, 95, 96, 97, 98, 99, 100, 101, 102, 103, 104, 105, 106, 107, 108, 109, 110, 111, 112, 113, 114, 115, 116, 117, 118, 119, 120, 121]
V_p: [2, 3, 4, 5, 6, 7, 8, 9, 10, 11, 12, 13, 14, 15, 16, 17, 18, 19, 20, 21, 22, 23, 24, 25, 26, 27, 28, 29, 30, 31, 32, 33, 34, 35, 36, 37, 38, 39, 40, 41, 42, 43, 44, 45, 46, 47, 48, 49, 50, 51, 52, 53, 54, 55, 56, 57, 58, 59, 60, 61]
V_d: [62, 63, 64, 65, 66, 67, 68, 69, 70, 71, 72, 73, 74, 75, 76, 77, 78, 79, 80, 81, 82, 83, 84, 85, 86, 87, 88, 89, 90, 91, 92, 93, 94, 95, 96, 97, 98, 99, 100, 101, 102, 103, 104, 105, 106, 107, 108, 109, 110, 111, 112, 113, 114, 115, 116, 117, 118, 119, 120, 121]
Vprime: [1, 2, 3, 4, 5, 6, 7, 8, 9, 10, 11, 12, 13, 14, 15, 16, 17, 18, 19, 20, 21, 22, 23, 24, 25, 26, 27, 28, 29, 30, 31, 32, 33, 34, 35, 36, 37, 38, 39, 40, 41, 42, 43, 44, 45, 46, 47, 48, 49, 50, 51, 52, 53, 54, 55, 56, 57, 58, 59, 60, 61, 62, 63, 64, 65, 66, 67, 68, 69, 70, 71, 72, 73, 74, 75, 76, 77, 78, 79, 80, 81, 82, 83, 84, 85, 86, 87, 88, 89, 90, 91, 92, 93, 94, 95, 96, 97, 98, 99, 100, 101, 102, 103, 104, 105, 106, 107, 108, 109, 110, 111, 112, 113, 114, 115, 116, 117, 118, 119, 120, 121, 122]
V: [1, 2, 3, 4, 5, 6, 7, 8, 9, 10, 11, 12, 13, 14, 15, 16, 17, 18, 19, 20, 21, 22, 23, 24, 25, 26, 27, 28, 29, 30, 31, 32, 33, 34, 35, 36, 37, 38, 39, 40, 41, 42, 43, 44, 45, 46, 47, 48, 49, 50, 51, 52, 53, 54, 55, 56, 57, 58, 59, 60, 61, 62, 63, 64, 65, 66, 67, 68, 69, 70, 71, 72, 73, 74, 75, 76, 77, 78, 79, 80, 81, 82, 83, 84, 85, 86, 87, 88, 89, 90, 91, 92, 93, 94, 95, 96, 97, 98, 99, 100, 101, 102, 103, 104, 105, 106, 107, 108, 109, 110, 111, 112, 113, 114, 115, 116, 117, 118, 119, 120, 121]
q: [0, 34, 8, 19, 22, 21, 13, 13, 11, 7, 43, 10, 18, 13, 10, 8, 12, 18, 18, 17, 9, 30, 9, 13, 18, 32, 23, 31, 24, 9, 12, 10, 17, 23, 20, 32, 16, 21, 18, 37, 14, 4, 4, 23, 25, 3, 20, 34, 13, 14, 29, 22, 30, 27, 5, 26, 18, 19, 20, 17, 9, -34, -8, -19, -22, -21, -13, -13, -11, -7, -43, -10, -18, -13, -10, -8, -12, -18, -18, -17, -9, -30, -9, -13, -18, -32, -23, -31, -24, -9, -12, -10, -17, -23, -20, -32, -16, -21, -18, -37, -14, -4, -4, -23, -25, -3, -20, -34, -13, -14, -29, -22, -30, -27, -5, -26, -18, -19, -20, -17, -9, 0]
H: [1, 2, 3, 4, 5]
f: [[1, 1, 1, 1, 1], [1, 1, 1, 1, 1], [3, 3, 3, 3, 3], [1, 1, 1, 1, 1], [2, 2, 2, 2, 2], [3, 3, 3, 3, 3], [3, 3, 3, 3, 3], [1, 1, 1, 1, 1], [1, 1, 1, 1, 1], [2, 2, 2, 2, 2], [1, 1, 1, 1, 1], [4, 4, 4, 4, 4], [1, 1, 1, 1, 1], [1, 1, 1, 1, 1], [3, 3, 3, 3, 3], [1, 1, 1, 1, 1], [2, 2, 2, 2, 2], [4, 4, 4, 4, 4], [2, 2, 2, 2, 2], [3, 3, 3, 3, 3], [3, 3, 3, 3, 3], [3, 3, 3, 3, 3], [1, 1, 1, 1, 1], [1, 1, 1, 1, 1], [1, 1, 1, 1, 1], [3, 3, 3, 3, 3], [3, 3, 3, 3, 3], [2, 2, 2, 2, 2], [4, 4, 4, 4, 4], [1, 1, 1, 1, 1], [2, 2, 2, 2, 2], [2, 2, 2, 2, 2], [2, 2, 2, 2, 2], [1, 1, 1, 1, 1], [2, 2, 2, 2, 2], [2, 2, 2, 2, 2], [3, 3, 3, 3, 3], [4, 4, 4, 4, 4], [2, 2, 2, 2, 2], [1, 1, 1, 1, 1], [1, 1, 1, 1, 1], [3, 3, 3, 3, 3], [1, 1, 1, 1, 1], [3, 3, 3, 3, 3], [4, 4, 4, 4, 4], [3, 3, 3, 3, 3], [1, 1, 1, 1, 1], [3, 3, 3, 3, 3], [2, 2, 2, 2, 2], [2, 2, 2, 2, 2], [3, 3, 3, 3, 3], [3, 3, 3, 3, 3], [2, 2, 2, 2, 2], [1, 1, 1, 1, 1], [1, 1, 1, 1, 1], [4, 4, 4, 4, 4], [2, 2, 2, 2, 2], [4, 4, 4, 4, 4], [3, 3, 3, 3, 3], [4, 4, 4, 4, 4], [4, 4, 4, 4, 4], [1, 1, 1, 1, 1], [2, 2, 2, 2, 2], [3, 3, 3, 3, 3], [3, 3, 3, 3, 3], [1, 1, 1, 1, 1], [2, 2, 2, 2, 2], [2, 2, 2, 2, 2], [2, 2, 2, 2, 2], [1, 1, 1, 1, 1], [3, 3, 3, 3, 3], [4, 4, 4, 4, 4], [3, 3, 3, 3, 3], [1, 1, 1, 1, 1], [1, 1, 1, 1, 1], [4, 4, 4, 4, 4], [2, 2, 2, 2, 2], [4, 4, 4, 4, 4], [1, 1, 1, 1, 1], [3, 3, 3, 3, 3], [4, 4, 4, 4, 4], [3, 3, 3, 3, 3], [1, 1, 1, 1, 1], [3, 3, 3, 3, 3], [3, 3, 3, 3, 3], [2, 2, 2, 2, 2], [1, 1, 1, 1, 1], [3, 3, 3, 3, 3], [2, 2, 2, 2, 2], [1, 1, 1, 1, 1], [1, 1, 1, 1, 1], [2, 2, 2, 2, 2], [2, 2, 2, 2, 2], [2, 2, 2, 2, 2], [3, 3, 3, 3, 3], [4, 4, 4, 4, 4], [3, 3, 3, 3, 3], [2, 2, 2, 2, 2], [4, 4, 4, 4, 4], [3, 3, 3, 3, 3], [2, 2, 2, 2, 2], [2, 2, 2, 2, 2], [4, 4, 4, 4, 4], [4, 4, 4, 4, 4], [1, 1, 1, 1, 1], [3, 3, 3, 3, 3], [1, 1, 1, 1, 1], [4, 4, 4, 4, 4], [3, 3, 3, 3, 3], [2, 2, 2, 2, 2], [4, 4, 4, 4, 4], [2, 2, 2, 2, 2], [2, 2, 2, 2, 2], [1, 1, 1, 1, 1], [4, 4, 4, 4, 4], [1, 1, 1, 1, 1], [1, 1, 1, 1, 1], [3, 3, 3, 3, 3], [4, 4, 4, 4, 4], [1, 1, 1, 1, 1], [1, 1, 1, 1, 1], [1, 1, 1, 1, 1]]
1 1 1 -> 0.0
1 2 1 -> 5.0
1 3 1 -> 10.0
1 4 1 -> 15.0
2 1 1 -> 5.0
2 2 1 -> 0.0
2 3 1 -> 5.0
2 4 1 -> 10.0
3 1 1 -> 10.0
3 2 1 -> 5.0
3 3 1 -> 0.0
3 4 1 -> 5.0
4 1 1 -> 15.0
4 2 1 -> 10.0
4 3 1 -> 5.0
4 4 1 -> 0.0
1 1 2 -> 0.0
1 2 2 -> 5.0
1 3 2 -> 10.0
1 4 2 -> 15.0
2 1 2 -> 5.0
2 2 2 -> 0.0
2 3 2 -> 5.0
2 4 2 -> 10.0
3 1 2 -> 10.0
3 2 2 -> 5.0
3 3 2 -> 0.0
3 4 2 -> 5.0
4 1 2 -> 15.0
4 2 2 -> 10.0
4 3 2 -> 5.0
4 4 2 -> 0.0
1 1 3 -> 0.0
1 2 3 -> 5.0
1 3 3 -> 10.0
1 4 3 -> 15.0
2 1 3 -> 5.0
2 2 3 -> 0.0
2 3 3 -> 5.0
2 4 3 -> 10.0
3 1 3 -> 10.0
3 2 3 -> 5.0
3 3 3 -> 0.0
3 4 3 -> 5.0
4 1 3 -> 15.0
4 2 3 -> 10.0
4 3 3 -> 5.0
4 4 3 -> 0.0
1 1 4 -> 0.0
1 2 4 -> 5.0
1 3 4 -> 10.0
1 4 4 -> 15.0
2 1 4 -> 5.0
2 2 4 -> 0.0
2 3 4 -> 5.0
2 4 4 -> 10.0
3 1 4 -> 10.0
3 2 4 -> 5.0
3 3 4 -> 0.0
3 4 4 -> 5.0
4 1 4 -> 15.0
4 2 4 -> 10.0
4 3 4 -> 5.0
4 4 4 -> 0.0
1 1 5 -> 0.0
1 2 5 -> 5.0
1 3 5 -> 10.0
1 4 5 -> 15.0
2 1 5 -> 5.0
2 2 5 -> 0.0
2 3 5 -> 5.0
2 4 5 -> 10.0
3 1 5 -> 10.0
3 2 5 -> 5.0
3 3 5 -> 0.0
3 4 5 -> 5.0
4 1 5 -> 15.0
4 2 5 -> 10.0
4 3 5 -> 5.0
4 4 5 -> 0.0
o: (1, 2, 3) => 5.0
o: (3, 1, 3) => 10.0
o: (1, 3, 5) => 10.0
o: (3, 2, 4) => 5.0
o: (1, 4, 5) => 15.0
o: (3, 2, 3) => 5.0
o: (3, 3, 5) => 0.0
o: (2, 1, 1) => 5.0
o: (3, 4, 5) => 5.0
o: (1, 3, 2) => 10.0
o: (1, 4, 2) => 15.0
o: (4, 3, 4) => 5.0
o: (2, 2, 1) => 0.0
o: (4, 4, 4) => 0.0
o: (3, 3, 2) => 0.0
o: (3, 4, 2) => 5.0
o: (4, 3, 3) => 5.0
o: (4, 4, 3) => 0.0
o: (1, 1, 5) => 0.0
o: (1, 2, 5) => 5.0
o: (3, 1, 5) => 10.0
o: (1, 3, 1) => 10.0
o: (1, 1, 2) => 0.0
o: (1, 4, 1) => 15.0
o: (4, 1, 4) => 15.0
o: (3, 2, 5) => 5.0
o: (3, 3, 1) => 0.0
o: (1, 2, 2) => 5.0
o: (3, 1, 2) => 10.0
o: (3, 4, 1) => 5.0
o: (4, 1, 3) => 15.0
o: (4, 2, 4) => 10.0
o: (3, 2, 2) => 5.0
o: (2, 3, 4) => 5.0
o: (4, 2, 3) => 10.0
o: (2, 4, 4) => 10.0
o: (4, 3, 5) => 5.0
o: (4, 4, 5) => 0.0
o: (1, 1, 1) => 0.0
o: (2, 3, 3) => 5.0
o: (2, 4, 3) => 10.0
o: (4, 3, 2) => 5.0
o: (1, 2, 1) => 5.0
o: (3, 1, 1) => 10.0
o: (4, 4, 2) => 0.0
o: (3, 2, 1) => 5.0
o: (2, 1, 4) => 5.0
o: (4, 1, 5) => 15.0
o: (2, 1, 3) => 5.0
o: (2, 2, 4) => 0.0
o: (4, 2, 5) => 10.0
o: (4, 3, 1) => 5.0
o: (4, 1, 2) => 15.0
o: (4, 4, 1) => 0.0
o: (2, 2, 3) => 0.0
o: (2, 3, 5) => 5.0
o: (2, 4, 5) => 10.0
o: (4, 2, 2) => 10.0
o: (1, 3, 4) => 10.0
o: (2, 3, 2) => 5.0
o: (1, 4, 4) => 15.0
o: (2, 4, 2) => 10.0
o: (1, 3, 3) => 10.0
o: (3, 3, 4) => 0.0
o: (1, 4, 3) => 15.0
o: (3, 4, 4) => 5.0
o: (4, 1, 1) => 15.0
o: (2, 1, 5) => 5.0
o: (3, 3, 3) => 0.0
o: (3, 4, 3) => 5.0
o: (4, 2, 1) => 10.0
o: (2, 2, 5) => 0.0
o: (2, 3, 1) => 5.0
o: (1, 1, 4) => 0.0
o: (2, 1, 2) => 5.0
o: (2, 4, 1) => 10.0
o: (1, 1, 3) => 0.0
o: (1, 2, 4) => 5.0
o: (2, 2, 2) => 0.0
o: (3, 1, 4) => 10.0

[130, 898, 888, 796, 786, 801, 719, 16]
JOBS in the order of refs (Vprime)
Node 1: Job(0, Point(70, 70, 0), 0, 0, 688, 0, 0, 0)
Node 2: Job(1, Point(107, 77, 0), 34, 37, 124, 10, 0, 51)
Node 3: Job(2, Point(109, 139, 2), 8, 94, 162, 10, 0, 42)
Node 4: Job(4, Point(48, 47, 0), 19, 31, 106, 10, 0, 29)
Node 5: Job(7, Point(86, 40, 1), 22, 34, 54, 10, 0, 28)
Node 6: Job(8, Point(121, 124, 2), 21, 147, 183, 10, 0, 17)
Node 7: Job(15, Point(41, 36, 2), 13, 44, 115, 10, 0, 56)
Node 8: Job(18, Point(104, 54, 0), 13, 41, 94, 10, 0, 66)
Node 9: Job(19, Point(22, 104, 0), 11, 209, 283, 10, 0, 114)
Node 10: Job(20, Point(46, 133, 1), 7, 67, 115, 10, 0, 34)
Node 11: Job(21, Point(138, 78, 0), 43, 176, 259, 10, 0, 126)
Node 12: Job(22, Point(16, 92, 3), 10, 339, 409, 10, 0, 47)
Node 13: Job(23, Point(18, 104, 0), 18, 324, 379, 10, 0, 127)
Node 14: Job(25, Point(107, 25, 0), 13, 249, 329, 10, 0, 116)
Node 15: Job(26, Point(139, 73, 2), 10, 71, 134, 10, 0, 123)
Node 16: Job(30, Point(64, 132, 0), 8, 62, 121, 10, 0, 10)
Node 17: Job(33, Point(30, 21, 1), 12, 304, 371, 10, 0, 191)
Node 18: Job(35, Point(82, 100, 3), 18, 94, 145, 10, 0, 32)
Node 19: Job(38, Point(50, 112, 1), 18, 212, 282, 10, 0, 102)
Node 20: Job(41, Point(81, 36, 2), 17, 43, 111, 10, 0, 137)
Node 21: Job(44, Point(113, 35, 2), 9, 55, 139, 10, 0, 3)
Node 22: Job(46, Point(44, 58, 2), 30, 28, 93, 10, 0, 125)
Node 23: Job(49, Point(117, 4, 0), 9, 407, 459, 10, 0, 27)
Node 24: Job(50, Point(140, 42, 0), 13, 79, 152, 10, 0, 130)
Node 25: Job(53, Point(103, 119, 0), 18, 315, 383, 10, 0, 111)
Node 26: Job(54, Point(32, 52, 2), 32, 142, 190, 10, 0, 96)
Node 27: Job(55, Point(89, 39, 2), 23, 36, 67, 10, 0, 14)
Node 28: Job(57, Point(39, 100, 1), 31, 43, 121, 10, 0, 95)
Node 29: Job(58, Point(5, 99, 3), 24, 319, 359, 10, 0, 97)
Node 30: Job(60, Point(73, 96, 0), 9, 144, 219, 10, 0, 183)
Node 31: Job(63, Point(103, 44, 1), 12, 42, 72, 10, 0, 11)
Node 32: Job(64, Point(97, 12, 1), 10, 183, 260, 10, 0, 195)
Node 33: Job(69, Point(104, 73, 1), 17, 238, 290, 10, 0, 103)
Node 34: Job(71, Point(15, 4, 0), 23, 85, 166, 10, 0, 175)
Node 35: Job(72, Point(54, 33, 1), 20, 40, 117, 10, 0, 167)
Node 36: Job(73, Point(70, 94, 1), 32, 24, 104, 10, 0, 136)
Node 37: Job(76, Point(109, 131, 2), 16, 206, 276, 10, 0, 40)
Node 38: Job(77, Point(10, 111, 3), 21, 465, 551, 10, 0, 198)
Node 39: Job(80, Point(92, 22, 1), 18, 178, 231, 10, 0, 182)
Node 40: Job(81, Point(85, 75, 0), 37, 15, 85, 10, 0, 138)
Node 41: Job(82, Point(10, 86, 0), 14, 375, 477, 10, 0, 74)
Node 42: Job(85, Point(12, 48, 2), 4, 62, 159, 10, 0, 12)
Node 43: Job(87, Point(79, 80, 0), 4, 13, 56, 10, 0, 92)
Node 44: Job(89, Point(28, 62, 2), 23, 182, 241, 10, 0, 65)
Node 45: Job(90, Point(50, 106, 3), 25, 314, 356, 10, 0, 128)
Node 46: Job(98, Point(49, 140, 2), 3, 224, 275, 10, 0, 62)
Node 47: Job(99, Point(69, 115, 0), 20, 214, 246, 10, 0, 59)
Node 48: Job(100, Point(36, 124, 2), 34, 237, 261, 10, 0, 6)
Node 49: Job(104, Point(38, 122, 1), 13, 212, 287, 10, 0, 177)
Node 50: Job(106, Point(29, 60, 1), 14, 42, 126, 10, 0, 94)
Node 51: Job(109, Point(83, 12, 2), 29, 226, 264, 10, 0, 91)
Node 52: Job(112, Point(78, 111, 2), 22, 41, 118, 10, 0, 121)
Node 53: Job(113, Point(116, 83, 1), 30, 157, 231, 10, 0, 101)
Node 54: Job(115, Point(137, 137, 0), 27, 94, 150, 10, 0, 122)
Node 55: Job(117, Point(116, 13, 0), 5, 73, 147, 10, 0, 79)
Node 56: Job(118, Point(59, 115, 3), 26, 289, 368, 10, 0, 105)
Node 57: Job(120, Point(120, 60, 1), 18, 50, 136, 10, 0, 75)
Node 58: Job(132, Point(78, 63, 3), 19, 10, 41, 10, 0, 67)
Node 59: Job(133, Point(98, 4, 2), 20, 165, 220, 10, 0, 9)
Node 60: Job(134, Point(103, 77, 3), 17, 282, 329, 10, 0, 124)
Node 61: Job(135, Point(58, 11, 3), 9, 110, 175, 10, 0, 110)
Node 62: Job(51, Point(139, 68, 0), -34, 69, 139, 10, 1, 0)
Node 63: Job(42, Point(115, 124, 1), -8, 399, 454, 10, 2, 0)
Node 64: Job(29, Point(20, 69, 2), -19, 353, 434, 10, 4, 0)
Node 65: Job(28, Point(90, 14, 2), -22, 461, 496, 10, 7, 0)
Node 66: Job(17, Point(104, 139, 0), -21, 325, 376, 10, 8, 0)
Node 67: Job(56, Point(54, 41, 1), -13, 266, 327, 10, 15, 0)
Node 68: Job(66, Point(140, 36, 1), -13, 162, 220, 10, 18, 0)
Node 69: Job(114, Point(29, 94, 1), -11, 280, 332, 10, 19, 0)
Node 70: Job(34, Point(63, 129, 0), -7, 202, 240, 10, 20, 0)
Node 71: Job(126, Point(139, 72, 2), -43, 333, 371, 10, 21, 0)
Node 72: Job(47, Point(8, 87, 3), -10, 387, 446, 10, 22, 0)
Node 73: Job(127, Point(2, 106, 2), -18, 405, 478, 10, 23, 0)
Node 74: Job(116, Point(110, 28, 0), -13, 291, 349, 10, 25, 0)
Node 75: Job(123, Point(137, 84, 0), -10, 207, 263, 10, 26, 0)
Node 76: Job(10, Point(40, 113, 3), -8, 466, 517, 10, 30, 0)
Node 77: Job(191, Point(4, 44, 1), -12, 414, 447, 10, 33, 0)
Node 78: Job(32, Point(54, 106, 3), -18, 277, 342, 10, 35, 0)
Node 79: Job(102, Point(17, 138, 0), -18, 409, 487, 10, 38, 0)
Node 80: Job(137, Point(104, 32, 2), -17, 120, 179, 10, 41, 0)
Node 81: Job(3, Point(120, 22, 3), -9, 208, 271, 10, 44, 0)
Node 82: Job(125, Point(30, 57, 2), -30, 219, 272, 10, 46, 0)
Node 83: Job(27, Point(101, 0, 0), -9, 483, 543, 10, 49, 0)
Node 84: Job(130, Point(126, 23, 2), -13, 260, 297, 10, 50, 0)
Node 85: Job(111, Point(80, 103, 2), -18, 374, 427, 10, 53, 0)
Node 86: Job(96, Point(18, 70, 1), -32, 378, 433, 10, 54, 0)
Node 87: Job(14, Point(102, 52, 0), -23, 140, 208, 10, 55, 0)
Node 88: Job(95, Point(19, 120, 2), -31, 236, 317, 10, 57, 0)
Node 89: Job(97, Point(58, 80, 1), -24, 441, 509, 10, 58, 0)
Node 90: Job(183, Point(67, 120, 0), -9, 347, 400, 10, 60, 0)
Node 91: Job(11, Point(129, 24, 0), -12, 309, 390, 10, 63, 0)
Node 92: Job(195, Point(105, 2, 1), -10, 208, 269, 10, 64, 0)
Node 93: Job(103, Point(103, 82, 1), -17, 307, 376, 10, 69, 0)
Node 94: Job(175, Point(60, 54, 1), -23, 233, 275, 10, 71, 0)
Node 95: Job(167, Point(39, 13, 2), -20, 369, 413, 10, 72, 0)
Node 96: Job(136, Point(26, 130, 3), -32, 266, 300, 10, 73, 0)
Node 97: Job(40, Point(92, 138, 2), -16, 381, 452, 10, 76, 0)
Node 98: Job(198, Point(27, 104, 1), -21, 544, 618, 10, 77, 0)
Node 99: Job(182, Point(89, 24, 3), -18, 280, 353, 10, 80, 0)
Node 100: Job(138, Point(55, 102, 2), -37, 285, 374, 10, 81, 0)
Node 101: Job(74, Point(35, 90, 1), -14, 423, 499, 10, 82, 0)
Node 102: Job(12, Point(12, 84, 1), -4, 200, 278, 10, 85, 0)
Node 103: Job(92, Point(120, 102, 3), -4, 76, 148, 10, 87, 0)
Node 104: Job(65, Point(16, 62, 3), -23, 355, 467, 10, 89, 0)
Node 105: Job(128, Point(64, 138, 0), -25, 410, 500, 10, 90, 0)
Node 106: Job(62, Point(55, 127, 2), -3, 253, 294, 10, 98, 0)
Node 107: Job(59, Point(67, 96, 0), -20, 491, 523, 10, 99, 0)
Node 108: Job(6, Point(12, 138, 3), -34, 367, 402, 10, 100, 0)
Node 109: Job(177, Point(13, 129, 2), -13, 345, 387, 10, 104, 0)
Node 110: Job(94, Point(4, 71, 1), -14, 131, 219, 10, 106, 0)
Node 111: Job(91, Point(83, 38, 3), -29, 478, 505, 10, 109, 0)
Node 112: Job(121, Point(85, 111, 1), -22, 230, 306, 10, 112, 0)
Node 113: Job(101, Point(84, 88, 1), -30, 329, 414, 10, 113, 0)
Node 114: Job(122, Point(121, 123, 0), -27, 239, 306, 10, 115, 0)
Node 115: Job(79, Point(113, 45, 3), -5, 264, 364, 10, 117, 0)
Node 116: Job(105, Point(70, 83, 0), -26, 479, 521, 10, 118, 0)
Node 117: Job(75, Point(88, 29, 0), -18, 514, 580, 10, 120, 0)
Node 118: Job(67, Point(90, 44, 2), -19, 33, 102, 10, 132, 0)
Node 119: Job(9, Point(61, 57, 3), -20, 368, 411, 10, 133, 0)
Node 120: Job(124, Point(103, 86, 0), -17, 296, 369, 10, 134, 0)
Node 121: Job(110, Point(34, 72, 0), -9, 542, 586, 10, 135, 0)
Node 122: Job(0, Point(70, 70, 0), 0, 0, 688, 0, 0, 0)

### Preprocessing Data ###
	-> arcs: 14884 (100.0%)
	-> arc_removals: 13179 (88.54%)
	-> arc_removals_is_loop: 122 (0.82%)
	-> arc_removals_is_delivery_to_pickup: 62 (0.42%)
	-> arc_removals_is_depot_begin_to_delivery: 60 (0.4%)
	-> arc_removals_is_pickup_to_depot_end: 60 (0.4%)
	-> arc_removals_is_dest_depot_begin: 120 (0.81%)
	-> arc_removals_is_orig_depot_end: 119 (0.8%)
	-> arc_removals_is_capacity_violated: 0 (0.0%)
	-> arc_removals_is_time_window_limited: 8685 (58.35%)
	-> arc_removals_is_time_window_pairing_limited: 3772 (25.34%)
	-> arc_removals_is_indirect_request_service_impossible: 179 (1.2%)
	-> gamma_vars: 0 (0%)
	-> feas_gamma_vars: 0 (0%)
	-> infeas_gamma_vars_is_next_mtrv_unreachable: 0 (0%)
	-> infeas_gamma_vars_is_iprime_jprime_eq_i_j: 0 (0%)
	-> machine_removal_for_an_arc: 0 (0.0%)
##########################

[05:45:27.397] Print configuration
------------------------------------------------------
"
[05:45:27.397] Running Multi Start Heuristic"
> Experiment started at 2025-10-08T05:45:27.397
> Instance: LR1_2_9_t1_60R_60V_04F_05M
> Algorithm Parameters:


	>Stop params:
		>  - rule ITERATIONS
		>  - argument 60000.0
		>  - maximum_time 3600

	>General params:
		>  - instPath /dados/rmelo/PDPTW-SE/benchmark_multi_floor_v3/official_experiments/multistartlp/preliminar/set_01_pt_03/../../../../instances/orig_ams_fg/60R_60V_04F_06M/t1/LR1_2_9/
		>  - name LR1_2_9
		>  - type t1
		>  - group 60R_60V_04F_05M
		>  - fullname LR1_2_9_t1_60R_60V_04F_05M
		>  - methodType heur
		>  - methodCode mslp
		>  - genconfigfile /dados/rmelo/PDPTW-SE/benchmark_multi_floor_v3/official_experiments/multistartlp/preliminar/set_01_pt_03/configs/genconfig_mslp.conf
		>  - genconfigfilename genconfig_mslp
		>  - greedy_service_order random
		>  - cutoff 0
		>  - cutoffmachs 5
		>  - num_machs 0
		>  - solver Gurobi
		>  - maxtime 3600
		>  - gurobiCuts 1
		>  - typeUserCut 0
		>  - mipPresolve -1
		>  - printsol 1
		>  - maxnodes -1
		>  - elevator 1
		>  - make_instance_feasible false
		>  - output /dados/rmelo/PDPTW-SE/benchmark_multi_floor_v3/official_experiments/multistartlp/preliminar/set_01_pt_03/logs
		>  - suff_outputs _seed_31_alpha_10p
		>  - suff_csv _bash_2
		>  - epsilon 0.005
		>  - epsilonCap 0.5
		>  - warmStart false
		>  - seed 31
		>  - rng Random.MersenneTwister(31)
		>  - alpha 0.1
		>  - maxiter 1000000
		>  - outputFlagGrbMIP 0
		>  - outputFlagGrbMSLP 0
		>  - outputFlagGrbLMNS 0
		>  - mslpr I
		>  - mslpa 60000
		>  - lmnsr M
		>  - lmnsa 60
		>  - lmnsRepairTime 30.0
		>  - lmnsMIPFocus 0
		>  - lmnsGapToBiggerDestruction 50
		>  - lmnsGapToSmallerDestruction 95
		>  - lmnsWeightShawDistProx 1.0
		>  - lmnsWeightShawEarlProx 1.0
		>  - lmnsWeightShawSameRoute 1.0
		>  - lmnsWeightShawDemandSim 1.0
		>  - lmnsReqRApplyMIPStart true
		>  - lmnsAcceptanceCriteria H
		>  - lmnsMetropolisTemp 100.0
		>  - lmnsSimulatedAnnealingTemp 100.0
		>  - lmnsSimulatedAnnealingCool 0.95
		>  - mipmaxtime 3600
		>  - csvfilename /dados/rmelo/PDPTW-SE/benchmark_multi_floor_v3/official_experiments/multistartlp/preliminar/set_01_pt_03/logs/heur_mslp/outputs/csvresults_heur_mslp_bash_2.csv
		>  - solfilename /dados/rmelo/PDPTW-SE/benchmark_multi_floor_v3/official_experiments/multistartlp/preliminar/set_01_pt_03/logs/heur_mslp/solutions/60R_60V_04F_05M/LR1_2_9_sol_genconfig_mslp_seed_31_alpha_10p.txt
		>  - timelineFilename /dados/rmelo/PDPTW-SE/benchmark_multi_floor_v3/official_experiments/multistartlp/preliminar/set_01_pt_03/logs/heur_mslp/timelines/60R_60V_04F_05M/LR1_2_9_timeline_genconfig_mslp_seed_31_alpha_10p.txt
		>  - grbFilename /dados/rmelo/PDPTW-SE/benchmark_multi_floor_v3/official_experiments/multistartlp/preliminar/set_01_pt_03/logs/heur_mslp/gurobi/60R_60V_04F_05M/LR1_2_9_grb_genconfig_mslp_seed_31_alpha_10p.log
		>  - threads 1
		>  - solverMethod AUTOMATIC

------------------------------------------------------

[05:45:27.499] Starting running MSLP
objValue;greedysol;iteration;time
13121.87;14312.89;1;0.035752
13072.07;14186.48;7069;59.938854
12713.28;13615.04;13110;110.835995
12341.17;13121.96;53234;449.589964

[05:53:55.012] Finished running MSLP
System CPU time: 0.45 seconds

[05:53:55.081] Post running MSLP
Best solution value: 12341.17
Total time elapsed: 506.738241
Time to best: 449.589964
Iterations: 60000
Iterations to best: 53234
Improvements: 4
Infeasible solutions percentage: (59953 / 60000) = 99.9217 %
(LP improvements)/(LP runs) = 47/47 = 100.0000 %
Mean LP improvement percentage: 7.5764 %
[05:53:55.32] Writing results to CSV file: /dados/rmelo/PDPTW-SE/benchmark_multi_floor_v3/official_experiments/multistartlp/preliminar/set_01_pt_03/logs/heur_mslp/outputs/csvresults_heur_mslp_bash_2.csv

[05:53:57.264] Saving solution to file:/dados/rmelo/PDPTW-SE/benchmark_multi_floor_v3/official_experiments/multistartlp/preliminar/set_01_pt_03/logs/heur_mslp/solutions/60R_60V_04F_05M/LR1_2_9_sol_genconfig_mslp_seed_31_alpha_10p.txt

[05:53:57.264] Saving solution timeline to file: /dados/rmelo/PDPTW-SE/benchmark_multi_floor_v3/official_experiments/multistartlp/preliminar/set_01_pt_03/logs/heur_mslp/timelines/60R_60V_04F_05M/LR1_2_9_timeline_genconfig_mslp_seed_31_alpha_10p.txt
---------------------| VEHICLES |---------------------

Vehicle 1 :
	id: 0
		node: 1
		(x, y, z): (70, 70, 0)
		dem: 0
		earl: 0
		lat: 688
		servt: 0
		pid: 0
		did: 0
		servST: 71.17000000000002
		(h, h_ind): (-1, 0)
		load: 0.0

	Finished service at time: 71.17000000000002

	Using Machine: 3
		Task 0 -> Machine 3 (Station 1): 5.0
		Vehicle arrival at machine station: 76.17000000000002
		Waiting time until machine travel: 0.0

		Machine travel start time: 76.17000000000002
		Region 0 -> Region 2: 10.0
		Machine arrival at machine station: 86.17000000000002

		Machine 3 (Station 3)-> Task 8: 70.94
		Vehicle arrival at task: 157.11
		Waiting time until service start time: 0.0

	id: 8
		node: 6
		(x, y, z): (121, 124, 2)
		dem: 21
		earl: 147
		lat: 183
		servt: 10
		pid: 0
		did: 17
		servST: 157.11
		(h, h_ind): (3, 4)
		load: 21.0

	Finished service at time: 167.11

	Using Machine: 1
		Task 8 -> Machine 1 (Station 3): 72.25
		Vehicle arrival at machine station: 239.36
		Waiting time until machine travel: 0.0

		Machine travel start time: 239.36
		Region 2 -> Region 0: 10.0
		Machine arrival at machine station: 249.36

		Machine 1 (Station 1)-> Task 17: 75.64
		Vehicle arrival at task: 325.0
		Waiting time until service start time: 0.0

	id: 17
		node: 66
		(x, y, z): (104, 139, 0)
		dem: -21
		earl: 325
		lat: 376
		servt: 10
		pid: 8
		did: 0
		servST: 325.0
		(h, h_ind): (1, 8)
		load: 0.0

	Finished service at time: 335.0

	Task 17 -> Task 0: 76.92
	Vehicle arrival at task: 411.92
	Waiting time until service start time: 0.0

	id: 0
		node: 122
		(x, y, z): (70, 70, 0)
		dem: 0
		earl: 0
		lat: 688
		servt: 0
		pid: 0
		did: 0
		servST: 411.92
		(h, h_ind): (-1, 0)
		load: 0.0


Vehicle 5 :
	id: 0
		node: 1
		(x, y, z): (70, 70, 0)
		dem: 0
		earl: 0
		lat: 688
		servt: 0
		pid: 0
		did: 0
		servST: 4.360000000000014
		(h, h_ind): (-1, 0)
		load: 0.0

	Finished service at time: 4.360000000000014

	Using Machine: 2
		Task 0 -> Machine 2 (Station 1): 1.0
		Vehicle arrival at machine station: 5.360000000000014
		Waiting time until machine travel: 0.0

		Machine travel start time: 5.360000000000014
		Region 0 -> Region 1: 5.0
		Machine arrival at machine station: 10.360000000000014

		Machine 2 (Station 2)-> Task 57: 42.43
		Vehicle arrival at task: 52.79000000000001
		Waiting time until service start time: 6.82

	id: 57
		node: 28
		(x, y, z): (39, 100, 1)
		dem: 31
		earl: 43
		lat: 121
		servt: 10
		pid: 0
		did: 95
		servST: 59.60999999999999
		(h, h_ind): (2, 1)
		load: 31.0

	Finished service at time: 69.60999999999999

	Using Machine: 4
		Task 57 -> Machine 4 (Station 2): 41.04
		Vehicle arrival at machine station: 110.64999999999998
		Waiting time until machine travel: 0.0

		Machine travel start time: 110.64999999999999
		Region 1 -> Region 2: 5.0
		Machine arrival at machine station: 115.64999999999999

		Machine 4 (Station 3)-> Task 89: 39.81
		Vehicle arrival at task: 155.45999999999998
		Waiting time until service start time: 26.54

	id: 89
		node: 44
		(x, y, z): (28, 62, 2)
		dem: 23
		earl: 182
		lat: 241
		servt: 10
		pid: 0
		did: 65
		servST: 182.0
		(h, h_ind): (4, 6)
		load: 54.0

	Finished service at time: 192.0

	Task 89 -> Task 95: 58.69
	Vehicle arrival at task: 250.69
	Waiting time until service start time: 0.0

	id: 95
		node: 88
		(x, y, z): (19, 120, 2)
		dem: -31
		earl: 236
		lat: 317
		servt: 10
		pid: 57
		did: 0
		servST: 250.69
		(h, h_ind): (-1, 0)
		load: 23.0

	Finished service at time: 260.69

	Using Machine: 4
		Task 95 -> Machine 4 (Station 3): 69.31
		Vehicle arrival at machine station: 330.0
		Waiting time until machine travel: 0.0

		Machine travel start time: 330.0
		Region 2 -> Region 3: 5.0
		Machine arrival at machine station: 335.0

		Machine 4 (Station 4)-> Task 65: 51.62
		Vehicle arrival at task: 386.62
		Waiting time until service start time: 0.0

	id: 65
		node: 104
		(x, y, z): (16, 62, 3)
		dem: -23
		earl: 355
		lat: 467
		servt: 10
		pid: 89
		did: 0
		servST: 386.62
		(h, h_ind): (4, 15)
		load: 0.0

	Finished service at time: 396.62

	Using Machine: 2
		Task 65 -> Machine 2 (Station 4): 53.6
		Vehicle arrival at machine station: 450.22
		Waiting time until machine travel: 0.0

		Machine travel start time: 450.22
		Region 3 -> Region 0: 15.0
		Machine arrival at machine station: 465.22

		Machine 2 (Station 1)-> Task 0: 1.0
		Vehicle arrival at task: 466.22
		Waiting time until service start time: 0.0

	id: 0
		node: 122
		(x, y, z): (70, 70, 0)
		dem: 0
		earl: 0
		lat: 688
		servt: 0
		pid: 0
		did: 0
		servST: 466.22
		(h, h_ind): (2, 13)
		load: 0.0


Vehicle 7 :
	id: 0
		node: 1
		(x, y, z): (70, 70, 0)
		dem: 0
		earl: 0
		lat: 688
		servt: 0
		pid: 0
		did: 0
		servST: 14.360000000000014
		(h, h_ind): (-1, 0)
		load: 0.0

	Finished service at time: 14.360000000000014

	Using Machine: 2
		Task 0 -> Machine 2 (Station 1): 1.0
		Vehicle arrival at machine station: 15.360000000000014
		Waiting time until machine travel: 0.0

		Machine travel start time: 15.360000000000014
		Region 0 -> Region 1: 5.0
		Machine arrival at machine station: 20.360000000000014

		Machine 2 (Station 2)-> Task 20: 67.07
		Vehicle arrival at task: 87.43
		Waiting time until service start time: 0.0

	id: 20
		node: 10
		(x, y, z): (46, 133, 1)
		dem: 7
		earl: 67
		lat: 115
		servt: 10
		pid: 0
		did: 34
		servST: 87.43
		(h, h_ind): (2, 2)
		load: 7.0

	Finished service at time: 97.43

	Using Machine: 4
		Task 20 -> Machine 4 (Station 2): 66.41
		Vehicle arrival at machine station: 163.84
		Waiting time until machine travel: 0.0

		Machine travel start time: 163.84
		Region 1 -> Region 0: 5.0
		Machine arrival at machine station: 168.84

		Machine 4 (Station 1)-> Task 60: 26.68
		Vehicle arrival at task: 195.52
		Waiting time until service start time: 0.0

	id: 60
		node: 30
		(x, y, z): (73, 96, 0)
		dem: 9
		earl: 144
		lat: 219
		servt: 10
		pid: 0
		did: 183
		servST: 195.52
		(h, h_ind): (4, 8)
		load: 16.0

	Finished service at time: 205.52

	Task 60 -> Task 34: 34.48
	Vehicle arrival at task: 240.0
	Waiting time until service start time: 0.0

	id: 34
		node: 70
		(x, y, z): (63, 129, 0)
		dem: -7
		earl: 202
		lat: 240
		servt: 10
		pid: 20
		did: 0
		servST: 240.0
		(h, h_ind): (-1, 0)
		load: 9.0

	Finished service at time: 250.0

	Task 34 -> Task 183: 9.85
	Vehicle arrival at task: 259.85
	Waiting time until service start time: 87.15

	id: 183
		node: 90
		(x, y, z): (67, 120, 0)
		dem: -9
		earl: 347
		lat: 400
		servt: 10
		pid: 60
		did: 0
		servST: 347.0
		(h, h_ind): (-1, 0)
		load: 0.0

	Finished service at time: 357.0

	Task 183 -> Task 0: 50.09
	Vehicle arrival at task: 407.09000000000003
	Waiting time until service start time: 0.0

	id: 0
		node: 122
		(x, y, z): (70, 70, 0)
		dem: 0
		earl: 0
		lat: 688
		servt: 0
		pid: 0
		did: 0
		servST: 407.09000000000003
		(h, h_ind): (-1, 0)
		load: 0.0


Vehicle 9 :
	id: 0
		node: 1
		(x, y, z): (70, 70, 0)
		dem: 0
		earl: 0
		lat: 688
		servt: 0
		pid: 0
		did: 0
		servST: 36.06
		(h, h_ind): (-1, 0)
		load: 0.0

	Finished service at time: 36.06

	Using Machine: 1
		Task 0 -> Machine 1 (Station 1): 3.0
		Vehicle arrival at machine station: 39.06
		Waiting time until machine travel: 0.0

		Machine travel start time: 39.06
		Region 0 -> Region 3: 15.0
		Machine arrival at machine station: 54.06

		Machine 1 (Station 4)-> Task 135: 60.88
		Vehicle arrival at task: 114.94
		Waiting time until service start time: 0.0

	id: 135
		node: 61
		(x, y, z): (58, 11, 3)
		dem: 9
		earl: 110
		lat: 175
		servt: 10
		pid: 0
		did: 110
		servST: 114.94
		(h, h_ind): (1, 3)
		load: 9.0

	Finished service at time: 124.94

	Using Machine: 1
		Task 135 -> Machine 1 (Station 4): 60.88
		Vehicle arrival at machine station: 185.82
		Waiting time until machine travel: 0.0

		Machine travel start time: 185.82
		Region 3 -> Region 0: 15.0
		Machine arrival at machine station: 200.82

		Machine 1 (Station 1)-> Task 99: 45.18
		Vehicle arrival at task: 246.0
		Waiting time until service start time: 0.0

	id: 99
		node: 47
		(x, y, z): (69, 115, 0)
		dem: 20
		earl: 214
		lat: 246
		servt: 10
		pid: 0
		did: 59
		servST: 246.0
		(h, h_ind): (1, 7)
		load: 29.0

	Finished service at time: 256.0

	Task 99 -> Task 53: 34.23
	Vehicle arrival at task: 290.23
	Waiting time until service start time: 24.77

	id: 53
		node: 25
		(x, y, z): (103, 119, 0)
		dem: 18
		earl: 315
		lat: 383
		servt: 10
		pid: 0
		did: 111
		servST: 315.0
		(h, h_ind): (-1, 0)
		load: 47.0

	Finished service at time: 325.0

	Using Machine: 3
		Task 53 -> Machine 3 (Station 1): 56.44
		Vehicle arrival at machine station: 381.44
		Waiting time until machine travel: 0.0

		Machine travel start time: 381.44
		Region 0 -> Region 2: 10.0
		Machine arrival at machine station: 391.44

		Machine 3 (Station 3)-> Task 111: 33.38
		Vehicle arrival at task: 424.82
		Waiting time until service start time: 0.0

	id: 111
		node: 85
		(x, y, z): (80, 103, 2)
		dem: -18
		earl: 374
		lat: 427
		servt: 10
		pid: 53
		did: 0
		servST: 424.82
		(h, h_ind): (3, 14)
		load: 29.0

	Finished service at time: 434.82

	Using Machine: 4
		Task 111 -> Machine 4 (Station 3): 35.47
		Vehicle arrival at machine station: 470.28999999999996
		Waiting time until machine travel: 0.0

		Machine travel start time: 470.28999999999996
		Region 2 -> Region 0: 10.0
		Machine arrival at machine station: 480.28999999999996

		Machine 4 (Station 1)-> Task 59: 26.0
		Vehicle arrival at task: 506.28999999999996
		Waiting time until service start time: 0.0

	id: 59
		node: 107
		(x, y, z): (67, 96, 0)
		dem: -20
		earl: 491
		lat: 523
		servt: 10
		pid: 99
		did: 0
		servST: 506.28999999999996
		(h, h_ind): (4, 22)
		load: 9.0

	Finished service at time: 516.29

	Task 59 -> Task 110: 40.8
	Vehicle arrival at task: 557.0899999999999
	Waiting time until service start time: 0.0

	id: 110
		node: 121
		(x, y, z): (34, 72, 0)
		dem: -9
		earl: 542
		lat: 586
		servt: 10
		pid: 135
		did: 0
		servST: 557.0899999999999
		(h, h_ind): (-1, 0)
		load: 0.0

	Finished service at time: 567.0899999999999

	Task 110 -> Task 0: 36.06
	Vehicle arrival at task: 603.1499999999999
	Waiting time until service start time: 0.0

	id: 0
		node: 122
		(x, y, z): (70, 70, 0)
		dem: 0
		earl: 0
		lat: 688
		servt: 0
		pid: 0
		did: 0
		servST: 603.1499999999999
		(h, h_ind): (-1, 0)
		load: 0.0


Vehicle 10 :
	id: 0
		node: 1
		(x, y, z): (70, 70, 0)
		dem: 0
		earl: 0
		lat: 688
		servt: 0
		pid: 0
		did: 0
		servST: 0.6299999999999955
		(h, h_ind): (-1, 0)
		load: 0.0

	Finished service at time: 0.6299999999999955

	Using Machine: 4
		Task 0 -> Machine 4 (Station 1): 3.0
		Vehicle arrival at machine station: 3.6299999999999955
		Waiting time until machine travel: 0.0

		Machine travel start time: 3.6299999999999955
		Region 0 -> Region 1: 5.0
		Machine arrival at machine station: 8.629999999999995

		Machine 4 (Station 2)-> Task 73: 24.19
		Vehicle arrival at task: 32.81999999999999
		Waiting time until service start time: 33.64

	id: 73
		node: 36
		(x, y, z): (70, 94, 1)
		dem: 32
		earl: 24
		lat: 104
		servt: 10
		pid: 0
		did: 136
		servST: 66.46
		(h, h_ind): (4, 1)
		load: 32.0

	Finished service at time: 76.46

	Using Machine: 4
		Task 73 -> Machine 4 (Station 2): 24.19
		Vehicle arrival at machine station: 100.64999999999999
		Waiting time until machine travel: 0.0

		Machine travel start time: 100.64999999999999
		Region 1 -> Region 2: 5.0
		Machine arrival at machine station: 105.64999999999999

		Machine 4 (Station 3)-> Task 54: 39.36
		Vehicle arrival at task: 145.01
		Waiting time until service start time: 0.0

	id: 54
		node: 26
		(x, y, z): (32, 52, 2)
		dem: 32
		earl: 142
		lat: 190
		servt: 10
		pid: 0
		did: 96
		servST: 145.01
		(h, h_ind): (4, 5)
		load: 64.0

	Finished service at time: 155.01

	Using Machine: 4
		Task 54 -> Machine 4 (Station 3): 39.36
		Vehicle arrival at machine station: 194.37
		Waiting time until machine travel: 0.0

		Machine travel start time: 194.37
		Region 2 -> Region 3: 5.0
		Machine arrival at machine station: 199.37

		Machine 4 (Station 4)-> Task 136: 72.67
		Vehicle arrival at task: 272.04
		Waiting time until service start time: 0.0

	id: 136
		node: 96
		(x, y, z): (26, 130, 3)
		dem: -32
		earl: 266
		lat: 300
		servt: 10
		pid: 73
		did: 0
		servST: 272.04
		(h, h_ind): (4, 10)
		load: 32.0

	Finished service at time: 282.04

	Task 136 -> Task 118: 36.25
	Vehicle arrival at task: 318.29
	Waiting time until service start time: 0.0

	id: 118
		node: 56
		(x, y, z): (59, 115, 3)
		dem: 26
		earl: 289
		lat: 368
		servt: 10
		pid: 0
		did: 105
		servST: 318.29
		(h, h_ind): (-1, 0)
		load: 58.0

	Finished service at time: 328.29

	Using Machine: 4
		Task 118 -> Machine 4 (Station 4): 45.71
		Vehicle arrival at machine station: 374.0
		Waiting time until machine travel: 0.0

		Machine travel start time: 374.0
		Region 3 -> Region 1: 10.0
		Machine arrival at machine station: 384.0

		Machine 4 (Station 2)-> Task 96: 49.0
		Vehicle arrival at task: 433.0
		Waiting time until service start time: 0.0

	id: 96
		node: 86
		(x, y, z): (18, 70, 1)
		dem: -32
		earl: 378
		lat: 433
		servt: 10
		pid: 54
		did: 0
		servST: 433.0
		(h, h_ind): (4, 17)
		load: 26.0

	Finished service at time: 443.0

	Using Machine: 4
		Task 96 -> Machine 4 (Station 2): 49.0
		Vehicle arrival at machine station: 492.0
		Waiting time until machine travel: 0.0

		Machine travel start time: 492.0
		Region 1 -> Region 0: 5.0
		Machine arrival at machine station: 497.0

		Machine 4 (Station 1)-> Task 105: 13.34
		Vehicle arrival at task: 510.34
		Waiting time until service start time: 0.0

	id: 105
		node: 116
		(x, y, z): (70, 83, 0)
		dem: -26
		earl: 479
		lat: 521
		servt: 10
		pid: 118
		did: 0
		servST: 510.34
		(h, h_ind): (4, 23)
		load: 0.0

	Finished service at time: 520.3399999999999

	Task 105 -> Task 0: 13.0
	Vehicle arrival at task: 533.3399999999999
	Waiting time until service start time: 0.0

	id: 0
		node: 122
		(x, y, z): (70, 70, 0)
		dem: 0
		earl: 0
		lat: 688
		servt: 0
		pid: 0
		did: 0
		servST: 533.3399999999999
		(h, h_ind): (-1, 0)
		load: 0.0


Vehicle 12 :
	id: 0
		node: 1
		(x, y, z): (70, 70, 0)
		dem: 0
		earl: 0
		lat: 688
		servt: 0
		pid: 0
		did: 0
		servST: 6.060000000000002
		(h, h_ind): (-1, 0)
		load: 0.0

	Finished service at time: 6.060000000000002

	Using Machine: 1
		Task 0 -> Machine 1 (Station 1): 3.0
		Vehicle arrival at machine station: 9.060000000000002
		Waiting time until machine travel: 0.0

		Machine travel start time: 9.060000000000002
		Region 0 -> Region 1: 5.0
		Machine arrival at machine station: 14.060000000000002

		Machine 1 (Station 2)-> Task 63: 39.7
		Vehicle arrival at task: 53.760000000000005
		Waiting time until service start time: 18.24

	id: 63
		node: 31
		(x, y, z): (103, 44, 1)
		dem: 12
		earl: 42
		lat: 72
		servt: 10
		pid: 0
		did: 11
		servST: 72.0
		(h, h_ind): (1, 1)
		load: 12.0

	Finished service at time: 82.0

	Task 63 -> Task 120: 23.35
	Vehicle arrival at task: 105.35
	Waiting time until service start time: 0.0

	id: 120
		node: 57
		(x, y, z): (120, 60, 1)
		dem: 18
		earl: 50
		lat: 136
		servt: 10
		pid: 0
		did: 75
		servST: 105.35
		(h, h_ind): (-1, 0)
		load: 30.0

	Finished service at time: 115.35

	Task 120 -> Task 64: 53.23
	Vehicle arrival at task: 168.57999999999998
	Waiting time until service start time: 25.15

	id: 64
		node: 32
		(x, y, z): (97, 12, 1)
		dem: 10
		earl: 183
		lat: 260
		servt: 10
		pid: 0
		did: 195
		servST: 193.73000000000002
		(h, h_ind): (-1, 0)
		load: 40.0

	Finished service at time: 203.73000000000002

	Task 64 -> Task 195: 12.81
	Vehicle arrival at task: 216.54000000000002
	Waiting time until service start time: 0.0

	id: 195
		node: 92
		(x, y, z): (105, 2, 1)
		dem: -10
		earl: 208
		lat: 269
		servt: 10
		pid: 64
		did: 0
		servST: 216.54000000000002
		(h, h_ind): (-1, 0)
		load: 30.0

	Finished service at time: 226.54000000000002

	Using Machine: 3
		Task 195 -> Machine 3 (Station 2): 74.32
		Vehicle arrival at machine station: 300.86
		Waiting time until machine travel: 0.0

		Machine travel start time: 300.86
		Region 1 -> Region 0: 5.0
		Machine arrival at machine station: 305.86

		Machine 3 (Station 1)-> Task 11: 70.94
		Vehicle arrival at task: 376.8
		Waiting time until service start time: 13.2

	id: 11
		node: 91
		(x, y, z): (129, 24, 0)
		dem: -12
		earl: 309
		lat: 390
		servt: 10
		pid: 63
		did: 0
		servST: 390.0
		(h, h_ind): (3, 12)
		load: 18.0

	Finished service at time: 400.0

	Task 11 -> Task 49: 23.32
	Vehicle arrival at task: 423.32
	Waiting time until service start time: 0.0

	id: 49
		node: 23
		(x, y, z): (117, 4, 0)
		dem: 9
		earl: 407
		lat: 459
		servt: 10
		pid: 0
		did: 27
		servST: 423.32
		(h, h_ind): (-1, 0)
		load: 27.0

	Finished service at time: 433.32

	Task 49 -> Task 27: 16.49
	Vehicle arrival at task: 449.81
	Waiting time until service start time: 33.19

	id: 27
		node: 83
		(x, y, z): (101, 0, 0)
		dem: -9
		earl: 483
		lat: 543
		servt: 10
		pid: 49
		did: 0
		servST: 483.0
		(h, h_ind): (-1, 0)
		load: 18.0

	Finished service at time: 493.0

	Task 27 -> Task 75: 31.78
	Vehicle arrival at task: 524.78
	Waiting time until service start time: 0.0

	id: 75
		node: 117
		(x, y, z): (88, 29, 0)
		dem: -18
		earl: 514
		lat: 580
		servt: 10
		pid: 120
		did: 0
		servST: 524.78
		(h, h_ind): (-1, 0)
		load: 0.0

	Finished service at time: 534.78

	Task 75 -> Task 0: 44.78
	Vehicle arrival at task: 579.56
	Waiting time until service start time: 0.0

	id: 0
		node: 122
		(x, y, z): (70, 70, 0)
		dem: 0
		earl: 0
		lat: 688
		servt: 0
		pid: 0
		did: 0
		servST: 579.56
		(h, h_ind): (-1, 0)
		load: 0.0


Vehicle 13 :
	id: 0
		node: 1
		(x, y, z): (70, 70, 0)
		dem: 0
		earl: 0
		lat: 688
		servt: 0
		pid: 0
		did: 0
		servST: 20.970000000000006
		(h, h_ind): (-1, 0)
		load: 0.0

	Finished service at time: 20.970000000000006

	Task 0 -> Task 81: 15.81
	Vehicle arrival at task: 36.78000000000001
	Waiting time until service start time: 0.0

	id: 81
		node: 40
		(x, y, z): (85, 75, 0)
		dem: 37
		earl: 15
		lat: 85
		servt: 10
		pid: 0
		did: 138
		servST: 36.78000000000001
		(h, h_ind): (-1, 0)
		load: 37.0

	Finished service at time: 46.78000000000001

	Using Machine: 4
		Task 81 -> Machine 4 (Station 1): 18.68
		Vehicle arrival at machine station: 65.46000000000001
		Waiting time until machine travel: 0.0

		Machine travel start time: 65.46000000000001
		Region 0 -> Region 1: 5.0
		Machine arrival at machine station: 70.46000000000001

		Machine 4 (Station 2)-> Task 106: 39.29
		Vehicle arrival at task: 109.75
		Waiting time until service start time: 0.0

	id: 106
		node: 50
		(x, y, z): (29, 60, 1)
		dem: 14
		earl: 42
		lat: 126
		servt: 10
		pid: 0
		did: 94
		servST: 109.75
		(h, h_ind): (4, 4)
		load: 51.0

	Finished service at time: 119.75

	Task 106 -> Task 94: 27.31
	Vehicle arrival at task: 147.06
	Waiting time until service start time: 0.0

	id: 94
		node: 110
		(x, y, z): (4, 71, 1)
		dem: -14
		earl: 131
		lat: 219
		servt: 10
		pid: 106
		did: 0
		servST: 147.06
		(h, h_ind): (-1, 0)
		load: 37.0

	Finished service at time: 157.06

	Task 94 -> Task 104: 61.29
	Vehicle arrival at task: 218.35
	Waiting time until service start time: 0.0

	id: 104
		node: 49
		(x, y, z): (38, 122, 1)
		dem: 13
		earl: 212
		lat: 287
		servt: 10
		pid: 0
		did: 177
		servST: 218.35
		(h, h_ind): (-1, 0)
		load: 50.0

	Finished service at time: 228.35

	Using Machine: 4
		Task 104 -> Machine 4 (Station 2): 59.54
		Vehicle arrival at machine station: 287.89
		Waiting time until machine travel: 0.0

		Machine travel start time: 287.89
		Region 1 -> Region 2: 5.0
		Machine arrival at machine station: 292.89

		Machine 4 (Station 3)-> Task 138: 34.18
		Vehicle arrival at task: 327.07
		Waiting time until service start time: 0.0

	id: 138
		node: 100
		(x, y, z): (55, 102, 2)
		dem: -37
		earl: 285
		lat: 374
		servt: 10
		pid: 81
		did: 0
		servST: 327.07
		(h, h_ind): (4, 13)
		load: 13.0

	Finished service at time: 337.07

	Task 138 -> Task 177: 49.93
	Vehicle arrival at task: 387.0
	Waiting time until service start time: 0.0

	id: 177
		node: 109
		(x, y, z): (13, 129, 2)
		dem: -13
		earl: 345
		lat: 387
		servt: 10
		pid: 104
		did: 0
		servST: 387.0
		(h, h_ind): (-1, 0)
		load: 0.0

	Finished service at time: 397.0

	Using Machine: 1
		Task 177 -> Machine 1 (Station 3): 84.15
		Vehicle arrival at machine station: 481.15
		Waiting time until machine travel: 0.0

		Machine travel start time: 481.15
		Region 2 -> Region 0: 10.0
		Machine arrival at machine station: 491.15

		Machine 1 (Station 1)-> Task 0: 3.0
		Vehicle arrival at task: 494.15
		Waiting time until service start time: 0.0

	id: 0
		node: 122
		(x, y, z): (70, 70, 0)
		dem: 0
		earl: 0
		lat: 688
		servt: 0
		pid: 0
		did: 0
		servST: 494.15
		(h, h_ind): (1, 13)
		load: 0.0


Vehicle 15 :
	id: 0
		node: 1
		(x, y, z): (70, 70, 0)
		dem: 0
		earl: 0
		lat: 688
		servt: 0
		pid: 0
		did: 0
		servST: 10.629999999999995
		(h, h_ind): (-1, 0)
		load: 0.0

	Finished service at time: 10.629999999999995

	Using Machine: 4
		Task 0 -> Machine 4 (Station 1): 3.0
		Vehicle arrival at machine station: 13.629999999999995
		Waiting time until machine travel: 0.0

		Machine travel start time: 13.629999999999995
		Region 0 -> Region 2: 10.0
		Machine arrival at machine station: 23.629999999999995

		Machine 4 (Station 3)-> Task 15: 42.8
		Vehicle arrival at task: 66.42999999999999
		Waiting time until service start time: 0.0

	id: 15
		node: 7
		(x, y, z): (41, 36, 2)
		dem: 13
		earl: 44
		lat: 115
		servt: 10
		pid: 0
		did: 56
		servST: 66.42999999999999
		(h, h_ind): (4, 2)
		load: 13.0

	Finished service at time: 76.42999999999999

	Task 15 -> Task 85: 31.38
	Vehicle arrival at task: 107.80999999999999
	Waiting time until service start time: 0.0

	id: 85
		node: 42
		(x, y, z): (12, 48, 2)
		dem: 4
		earl: 62
		lat: 159
		servt: 10
		pid: 0
		did: 12
		servST: 107.80999999999999
		(h, h_ind): (-1, 0)
		load: 17.0

	Finished service at time: 117.80999999999999

	Using Machine: 2
		Task 85 -> Machine 2 (Station 3): 61.1
		Vehicle arrival at machine station: 178.91
		Waiting time until machine travel: 4.14

		Machine travel start time: 183.05
		Region 2 -> Region 1: 5.0
		Machine arrival at machine station: 188.05

		Machine 2 (Station 2)-> Task 12: 58.69
		Vehicle arrival at task: 246.74
		Waiting time until service start time: 10.15

	id: 12
		node: 102
		(x, y, z): (12, 84, 1)
		dem: -4
		earl: 200
		lat: 278
		servt: 10
		pid: 85
		did: 0
		servST: 256.89
		(h, h_ind): (2, 8)
		load: 13.0

	Finished service at time: 266.89

	Task 12 -> Task 56: 60.11
	Vehicle arrival at task: 327.0
	Waiting time until service start time: 0.0

	id: 56
		node: 67
		(x, y, z): (54, 41, 1)
		dem: -13
		earl: 266
		lat: 327
		servt: 10
		pid: 15
		did: 0
		servST: 327.0
		(h, h_ind): (-1, 0)
		load: 0.0

	Finished service at time: 337.0

	Task 56 -> Task 33: 31.24
	Vehicle arrival at task: 368.24
	Waiting time until service start time: 0.0

	id: 33
		node: 17
		(x, y, z): (30, 21, 1)
		dem: 12
		earl: 304
		lat: 371
		servt: 10
		pid: 0
		did: 191
		servST: 368.24
		(h, h_ind): (-1, 0)
		load: 12.0

	Finished service at time: 378.24

	Task 33 -> Task 191: 34.71
	Vehicle arrival at task: 412.95
	Waiting time until service start time: 1.05

	id: 191
		node: 77
		(x, y, z): (4, 44, 1)
		dem: -12
		earl: 414
		lat: 447
		servt: 10
		pid: 33
		did: 0
		servST: 414.0
		(h, h_ind): (-1, 0)
		load: 0.0

	Finished service at time: 424.0

	Using Machine: 2
		Task 191 -> Machine 2 (Station 2): 70.01
		Vehicle arrival at machine station: 494.01
		Waiting time until machine travel: 0.0

		Machine travel start time: 494.01
		Region 1 -> Region 0: 5.0
		Machine arrival at machine station: 499.01

		Machine 2 (Station 1)-> Task 0: 1.0
		Vehicle arrival at task: 500.01
		Waiting time until service start time: 0.0

	id: 0
		node: 122
		(x, y, z): (70, 70, 0)
		dem: 0
		earl: 0
		lat: 688
		servt: 0
		pid: 0
		did: 0
		servST: 500.01
		(h, h_ind): (2, 15)
		load: 0.0


Vehicle 19 :
	id: 0
		node: 1
		(x, y, z): (70, 70, 0)
		dem: 0
		earl: 0
		lat: 688
		servt: 0
		pid: 0
		did: 0
		servST: 55.25
		(h, h_ind): (-1, 0)
		load: 0.0

	Finished service at time: 55.25

	Task 0 -> Task 115: 94.75
	Vehicle arrival at task: 150.0
	Waiting time until service start time: 0.0

	id: 115
		node: 54
		(x, y, z): (137, 137, 0)
		dem: 27
		earl: 94
		lat: 150
		servt: 10
		pid: 0
		did: 122
		servST: 150.0
		(h, h_ind): (-1, 0)
		load: 27.0

	Finished service at time: 160.0

	Task 115 -> Task 122: 21.26
	Vehicle arrival at task: 181.26
	Waiting time until service start time: 57.74

	id: 122
		node: 114
		(x, y, z): (121, 123, 0)
		dem: -27
		earl: 239
		lat: 306
		servt: 10
		pid: 115
		did: 0
		servST: 239.0
		(h, h_ind): (-1, 0)
		load: 0.0

	Finished service at time: 249.0

	Task 122 -> Task 0: 73.55
	Vehicle arrival at task: 322.55
	Waiting time until service start time: 0.0

	id: 0
		node: 122
		(x, y, z): (70, 70, 0)
		dem: 0
		earl: 0
		lat: 688
		servt: 0
		pid: 0
		did: 0
		servST: 322.55
		(h, h_ind): (-1, 0)
		load: 0.0


Vehicle 20 :
	id: 0
		node: 1
		(x, y, z): (70, 70, 0)
		dem: 0
		earl: 0
		lat: 688
		servt: 0
		pid: 0
		did: 0
		servST: 12.809999999999988
		(h, h_ind): (-1, 0)
		load: 0.0

	Finished service at time: 12.809999999999988

	Task 0 -> Task 50: 75.39
	Vehicle arrival at task: 88.19999999999999
	Waiting time until service start time: 0.0

	id: 50
		node: 24
		(x, y, z): (140, 42, 0)
		dem: 13
		earl: 79
		lat: 152
		servt: 10
		pid: 0
		did: 130
		servST: 88.19999999999999
		(h, h_ind): (-1, 0)
		load: 13.0

	Finished service at time: 98.19999999999999

	Using Machine: 1
		Task 50 -> Machine 1 (Station 1): 72.62
		Vehicle arrival at machine station: 170.82
		Waiting time until machine travel: 0.0

		Machine travel start time: 170.82
		Region 0 -> Region 2: 10.0
		Machine arrival at machine station: 180.82

		Machine 1 (Station 3)-> Task 109: 58.86
		Vehicle arrival at task: 239.68
		Waiting time until service start time: 2.94

	id: 109
		node: 51
		(x, y, z): (83, 12, 2)
		dem: 29
		earl: 226
		lat: 264
		servt: 10
		pid: 0
		did: 91
		servST: 242.62
		(h, h_ind): (1, 6)
		load: 42.0

	Finished service at time: 252.62

	Task 109 -> Task 130: 44.38
	Vehicle arrival at task: 297.0
	Waiting time until service start time: 0.0

	id: 130
		node: 84
		(x, y, z): (126, 23, 2)
		dem: -13
		earl: 260
		lat: 297
		servt: 10
		pid: 50
		did: 0
		servST: 297.0
		(h, h_ind): (-1, 0)
		load: 29.0

	Finished service at time: 307.0

	Using Machine: 1
		Task 130 -> Machine 1 (Station 3): 70.84
		Vehicle arrival at machine station: 377.84000000000003
		Waiting time until machine travel: 1.07

		Machine travel start time: 378.90999999999997
		Region 2 -> Region 3: 5.0
		Machine arrival at machine station: 383.90999999999997

		Machine 1 (Station 4)-> Task 91: 33.53
		Vehicle arrival at task: 417.43999999999994
		Waiting time until service start time: 60.56

	id: 91
		node: 111
		(x, y, z): (83, 38, 3)
		dem: -29
		earl: 478
		lat: 505
		servt: 10
		pid: 109
		did: 0
		servST: 478.0
		(h, h_ind): (1, 11)
		load: 0.0

	Finished service at time: 488.0

	Using Machine: 1
		Task 91 -> Machine 1 (Station 4): 33.53
		Vehicle arrival at machine station: 521.53
		Waiting time until machine travel: 0.0

		Machine travel start time: 521.53
		Region 3 -> Region 0: 15.0
		Machine arrival at machine station: 536.53

		Machine 1 (Station 1)-> Task 0: 3.0
		Vehicle arrival at task: 539.53
		Waiting time until service start time: 0.0

	id: 0
		node: 122
		(x, y, z): (70, 70, 0)
		dem: 0
		earl: 0
		lat: 688
		servt: 0
		pid: 0
		did: 0
		servST: 539.53
		(h, h_ind): (1, 14)
		load: 0.0


Vehicle 21 :
	id: 0
		node: 1
		(x, y, z): (70, 70, 0)
		dem: 0
		earl: 0
		lat: 688
		servt: 0
		pid: 0
		did: 0
		servST: 24.360000000000014
		(h, h_ind): (-1, 0)
		load: 0.0

	Finished service at time: 24.360000000000014

	Using Machine: 2
		Task 0 -> Machine 2 (Station 1): 1.0
		Vehicle arrival at machine station: 25.360000000000014
		Waiting time until machine travel: 0.0

		Machine travel start time: 25.360000000000014
		Region 0 -> Region 2: 10.0
		Machine arrival at machine station: 35.360000000000014

		Machine 2 (Station 3)-> Task 112: 41.98
		Vehicle arrival at task: 77.34
		Waiting time until service start time: 0.0

	id: 112
		node: 52
		(x, y, z): (78, 111, 2)
		dem: 22
		earl: 41
		lat: 118
		servt: 10
		pid: 0
		did: 121
		servST: 77.34
		(h, h_ind): (2, 3)
		load: 22.0

	Finished service at time: 87.34

	Task 112 -> Task 2: 41.77
	Vehicle arrival at task: 129.11
	Waiting time until service start time: 0.0

	id: 2
		node: 3
		(x, y, z): (109, 139, 2)
		dem: 8
		earl: 94
		lat: 162
		servt: 10
		pid: 0
		did: 42
		servST: 129.11
		(h, h_ind): (-1, 0)
		load: 30.0

	Finished service at time: 139.11

	Using Machine: 3
		Task 2 -> Machine 3 (Station 3): 76.92
		Vehicle arrival at machine station: 216.03000000000003
		Waiting time until machine travel: 0.0

		Machine travel start time: 216.03000000000003
		Region 2 -> Region 1: 5.0
		Machine arrival at machine station: 221.03000000000003

		Machine 3 (Station 2)-> Task 69: 29.15
		Vehicle arrival at task: 250.18000000000004
		Waiting time until service start time: 0.0

	id: 69
		node: 33
		(x, y, z): (104, 73, 1)
		dem: 17
		earl: 238
		lat: 290
		servt: 10
		pid: 0
		did: 103
		servST: 250.18000000000004
		(h, h_ind): (3, 9)
		load: 47.0

	Finished service at time: 260.18000000000006

	Task 69 -> Task 121: 42.49
	Vehicle arrival at task: 302.6700000000001
	Waiting time until service start time: -0.0

	id: 121
		node: 112
		(x, y, z): (85, 111, 1)
		dem: -22
		earl: 230
		lat: 306
		servt: 10
		pid: 112
		did: 0
		servST: 302.67
		(h, h_ind): (-1, 0)
		load: 25.0

	Finished service at time: 312.67

	Task 121 -> Task 103: 34.13
	Vehicle arrival at task: 346.8
	Waiting time until service start time: 0.0

	id: 103
		node: 93
		(x, y, z): (103, 82, 1)
		dem: -17
		earl: 307
		lat: 376
		servt: 10
		pid: 69
		did: 0
		servST: 346.8
		(h, h_ind): (-1, 0)
		load: 8.0

	Finished service at time: 356.8

	Task 103 -> Task 42: 43.68
	Vehicle arrival at task: 400.48
	Waiting time until service start time: 0.0

	id: 42
		node: 63
		(x, y, z): (115, 124, 1)
		dem: -8
		earl: 399
		lat: 454
		servt: 10
		pid: 2
		did: 0
		servST: 400.48
		(h, h_ind): (-1, 0)
		load: 0.0

	Finished service at time: 410.48

	Using Machine: 0
		Task 42 -> Machine 0 (Station 2): 69.66
		Vehicle arrival at machine station: 480.14
		Waiting time until machine travel: 0.0

		Machine travel start time: 480.14
		Region 1 -> Region 0: 5.0
		Machine arrival at machine station: 485.14

		Machine 0 (Station 1)-> Task 0: 1.0
		Vehicle arrival at task: 486.14
		Waiting time until service start time: 0.0

	id: 0
		node: 122
		(x, y, z): (70, 70, 0)
		dem: 0
		earl: 0
		lat: 688
		servt: 0
		pid: 0
		did: 0
		servST: 486.14
		(h, h_ind): (0, 11)
		load: 0.0


Vehicle 22 :
	id: 0
		node: 1
		(x, y, z): (70, 70, 0)
		dem: 0
		earl: 0
		lat: 688
		servt: 0
		pid: 0
		did: 0
		servST: 13.379999999999999
		(h, h_ind): (-1, 0)
		load: 0.0

	Finished service at time: 13.379999999999999

	Using Machine: 3
		Task 0 -> Machine 3 (Station 1): 5.0
		Vehicle arrival at machine station: 18.38
		Waiting time until machine travel: 0.0

		Machine travel start time: 18.38
		Region 0 -> Region 3: 15.0
		Machine arrival at machine station: 33.379999999999995

		Machine 3 (Station 4)-> Task 132: 7.62
		Vehicle arrival at task: 40.99999999999999
		Waiting time until service start time: 0.0

	id: 132
		node: 58
		(x, y, z): (78, 63, 3)
		dem: 19
		earl: 10
		lat: 41
		servt: 10
		pid: 0
		did: 67
		servST: 41.0
		(h, h_ind): (3, 2)
		load: 19.0

	Finished service at time: 51.0

	Using Machine: 3
		Task 132 -> Machine 3 (Station 4): 7.62
		Vehicle arrival at machine station: 58.62
		Waiting time until machine travel: 0.0

		Machine travel start time: 58.620000000000005
		Region 3 -> Region 2: 5.0
		Machine arrival at machine station: 63.620000000000005

		Machine 3 (Station 3)-> Task 67: 30.02
		Vehicle arrival at task: 93.64
		Waiting time until service start time: 8.36

	id: 67
		node: 118
		(x, y, z): (90, 44, 2)
		dem: -19
		earl: 33
		lat: 102
		servt: 10
		pid: 132
		did: 0
		servST: 102.0
		(h, h_ind): (3, 3)
		load: 0.0

	Finished service at time: 112.0

	Using Machine: 4
		Task 67 -> Machine 4 (Station 3): 34.71
		Vehicle arrival at machine station: 146.71
		Waiting time until machine travel: 2.13

		Machine travel start time: 148.84
		Region 2 -> Region 0: 10.0
		Machine arrival at machine station: 158.84

		Machine 4 (Station 1)-> Task 23: 59.64
		Vehicle arrival at task: 218.48000000000002
		Waiting time until service start time: 105.52

	id: 23
		node: 13
		(x, y, z): (18, 104, 0)
		dem: 18
		earl: 324
		lat: 379
		servt: 10
		pid: 0
		did: 127
		servST: 324.0
		(h, h_ind): (4, 7)
		load: 18.0

	Finished service at time: 334.0

	Using Machine: 4
		Task 23 -> Machine 4 (Station 1): 59.64
		Vehicle arrival at machine station: 393.64
		Waiting time until machine travel: 0.0

		Machine travel start time: 393.64
		Region 0 -> Region 2: 10.0
		Machine arrival at machine station: 403.64

		Machine 4 (Station 3)-> Task 127: 74.3
		Vehicle arrival at task: 477.94
		Waiting time until service start time: 0.0

	id: 127
		node: 73
		(x, y, z): (2, 106, 2)
		dem: -18
		earl: 405
		lat: 478
		servt: 10
		pid: 23
		did: 0
		servST: 477.94
		(h, h_ind): (4, 19)
		load: 0.0

	Finished service at time: 487.94

	Using Machine: 2
		Task 127 -> Machine 2 (Station 3): 76.06
		Vehicle arrival at machine station: 564.0
		Waiting time until machine travel: 0.0

		Machine travel start time: 564.0
		Region 2 -> Region 0: 10.0
		Machine arrival at machine station: 574.0

		Machine 2 (Station 1)-> Task 0: 1.0
		Vehicle arrival at task: 575.0
		Waiting time until service start time: 0.0

	id: 0
		node: 122
		(x, y, z): (70, 70, 0)
		dem: 0
		earl: 0
		lat: 688
		servt: 0
		pid: 0
		did: 0
		servST: 575.0
		(h, h_ind): (2, 17)
		load: 0.0


Vehicle 24 :
	id: 0
		node: 1
		(x, y, z): (70, 70, 0)
		dem: 0
		earl: 0
		lat: 688
		servt: 0
		pid: 0
		did: 0
		servST: 72.39000000000001
		(h, h_ind): (-1, 0)
		load: 0.0

	Finished service at time: 72.39000000000001

	Using Machine: 1
		Task 0 -> Machine 1 (Station 1): 3.0
		Vehicle arrival at machine station: 75.39000000000001
		Waiting time until machine travel: 0.0

		Machine travel start time: 75.39000000000001
		Region 0 -> Region 2: 10.0
		Machine arrival at machine station: 85.39000000000001

		Machine 1 (Station 3)-> Task 44: 53.15
		Vehicle arrival at task: 138.54000000000002
		Waiting time until service start time: 0.0

	id: 44
		node: 21
		(x, y, z): (113, 35, 2)
		dem: 9
		earl: 55
		lat: 139
		servt: 10
		pid: 0
		did: 3
		servST: 138.54000000000002
		(h, h_ind): (1, 4)
		load: 9.0

	Finished service at time: 148.54000000000002

	Using Machine: 3
		Task 44 -> Machine 3 (Station 3): 51.66
		Vehicle arrival at machine station: 200.20000000000002
		Waiting time until machine travel: 0.0

		Machine travel start time: 200.20000000000002
		Region 2 -> Region 3: 5.0
		Machine arrival at machine station: 205.20000000000002

		Machine 3 (Station 4)-> Task 3: 65.8
		Vehicle arrival at task: 271.0
		Waiting time until service start time: 0.0

	id: 3
		node: 81
		(x, y, z): (120, 22, 3)
		dem: -9
		earl: 208
		lat: 271
		servt: 10
		pid: 44
		did: 0
		servST: 271.0
		(h, h_ind): (3, 8)
		load: 0.0

	Finished service at time: 281.0

	Using Machine: 1
		Task 3 -> Machine 1 (Station 4): 67.18
		Vehicle arrival at machine station: 348.18
		Waiting time until machine travel: 0.0

		Machine travel start time: 348.18
		Region 3 -> Region 0: 15.0
		Machine arrival at machine station: 363.18

		Machine 1 (Station 1)-> Task 0: 3.0
		Vehicle arrival at task: 366.18
		Waiting time until service start time: 0.0

	id: 0
		node: 122
		(x, y, z): (70, 70, 0)
		dem: 0
		earl: 0
		lat: 688
		servt: 0
		pid: 0
		did: 0
		servST: 366.18
		(h, h_ind): (1, 10)
		load: 0.0


Vehicle 26 :
	id: 0
		node: 1
		(x, y, z): (70, 70, 0)
		dem: 0
		earl: 0
		lat: 688
		servt: 0
		pid: 0
		did: 0
		servST: 153.9
		(h, h_ind): (-1, 0)
		load: 0.0

	Finished service at time: 153.9

	Task 0 -> Task 19: 58.82
	Vehicle arrival at task: 212.72
	Waiting time until service start time: 0.0

	id: 19
		node: 9
		(x, y, z): (22, 104, 0)
		dem: 11
		earl: 209
		lat: 283
		servt: 10
		pid: 0
		did: 114
		servST: 212.72
		(h, h_ind): (-1, 0)
		load: 11.0

	Finished service at time: 222.72

	Using Machine: 4
		Task 19 -> Machine 4 (Station 1): 56.4
		Vehicle arrival at machine station: 279.12
		Waiting time until machine travel: 0.0

		Machine travel start time: 279.12
		Region 0 -> Region 1: 5.0
		Machine arrival at machine station: 284.12

		Machine 4 (Station 2)-> Task 114: 44.94
		Vehicle arrival at task: 329.06
		Waiting time until service start time: 0.0

	id: 114
		node: 69
		(x, y, z): (29, 94, 1)
		dem: -11
		earl: 280
		lat: 332
		servt: 10
		pid: 19
		did: 0
		servST: 329.06
		(h, h_ind): (4, 12)
		load: 0.0

	Finished service at time: 339.06

	Using Machine: 4
		Task 114 -> Machine 4 (Station 2): 44.94
		Vehicle arrival at machine station: 384.0
		Waiting time until machine travel: 0.0

		Machine travel start time: 384.0
		Region 1 -> Region 0: 5.0
		Machine arrival at machine station: 389.0

		Machine 4 (Station 1)-> Task 0: 3.0
		Vehicle arrival at task: 392.0
		Waiting time until service start time: 0.0

	id: 0
		node: 122
		(x, y, z): (70, 70, 0)
		dem: 0
		earl: 0
		lat: 688
		servt: 0
		pid: 0
		did: 0
		servST: 392.0
		(h, h_ind): (4, 18)
		load: 0.0


Vehicle 28 :
	id: 0
		node: 1
		(x, y, z): (70, 70, 0)
		dem: 0
		earl: 0
		lat: 688
		servt: 0
		pid: 0
		did: 0
		servST: 12.920000000000016
		(h, h_ind): (-1, 0)
		load: 0.0

	Finished service at time: 12.920000000000016

	Task 0 -> Task 18: 37.58
	Vehicle arrival at task: 50.500000000000014
	Waiting time until service start time: 0.0

	id: 18
		node: 8
		(x, y, z): (104, 54, 0)
		dem: 13
		earl: 41
		lat: 94
		servt: 10
		pid: 0
		did: 66
		servST: 50.500000000000014
		(h, h_ind): (-1, 0)
		load: 13.0

	Finished service at time: 60.500000000000014

	Using Machine: 1
		Task 18 -> Machine 1 (Station 1): 34.89
		Vehicle arrival at machine station: 95.39000000000001
		Waiting time until machine travel: 0.0

		Machine travel start time: 95.39000000000001
		Region 0 -> Region 1: 5.0
		Machine arrival at machine station: 100.39000000000001

		Machine 1 (Station 2)-> Task 66: 75.13
		Vehicle arrival at task: 175.52
		Waiting time until service start time: 0.0

	id: 66
		node: 68
		(x, y, z): (140, 36, 1)
		dem: -13
		earl: 162
		lat: 220
		servt: 10
		pid: 18
		did: 0
		servST: 175.52
		(h, h_ind): (1, 5)
		load: 0.0

	Finished service at time: 185.52

	Using Machine: 0
		Task 66 -> Machine 0 (Station 2): 76.92
		Vehicle arrival at machine station: 262.44
		Waiting time until machine travel: 0.0

		Machine travel start time: 262.44
		Region 1 -> Region 0: 5.0
		Machine arrival at machine station: 267.44

		Machine 0 (Station 1)-> Task 25: 57.63
		Vehicle arrival at task: 325.07
		Waiting time until service start time: 0.0

	id: 25
		node: 14
		(x, y, z): (107, 25, 0)
		dem: 13
		earl: 249
		lat: 329
		servt: 10
		pid: 0
		did: 116
		servST: 325.07
		(h, h_ind): (0, 7)
		load: 13.0

	Finished service at time: 335.07

	Task 25 -> Task 116: 4.24
	Vehicle arrival at task: 339.31
	Waiting time until service start time: 0.0

	id: 116
		node: 74
		(x, y, z): (110, 28, 0)
		dem: -13
		earl: 291
		lat: 349
		servt: 10
		pid: 25
		did: 0
		servST: 339.31
		(h, h_ind): (-1, 0)
		load: 0.0

	Finished service at time: 349.31

	Task 116 -> Task 0: 58.0
	Vehicle arrival at task: 407.31
	Waiting time until service start time: 0.0

	id: 0
		node: 122
		(x, y, z): (70, 70, 0)
		dem: 0
		earl: 0
		lat: 688
		servt: 0
		pid: 0
		did: 0
		servST: 407.31
		(h, h_ind): (-1, 0)
		load: 0.0


Vehicle 31 :
	id: 0
		node: 1
		(x, y, z): (70, 70, 0)
		dem: 0
		earl: 0
		lat: 688
		servt: 0
		pid: 0
		did: 0
		servST: 30.629999999999995
		(h, h_ind): (-1, 0)
		load: 0.0

	Finished service at time: 30.629999999999995

	Using Machine: 4
		Task 0 -> Machine 4 (Station 1): 3.0
		Vehicle arrival at machine station: 33.629999999999995
		Waiting time until machine travel: 0.0

		Machine travel start time: 33.629999999999995
		Region 0 -> Region 2: 10.0
		Machine arrival at machine station: 43.629999999999995

		Machine 4 (Station 3)-> Task 46: 25.94
		Vehicle arrival at task: 69.57
		Waiting time until service start time: 0.0

	id: 46
		node: 22
		(x, y, z): (44, 58, 2)
		dem: 30
		earl: 28
		lat: 93
		servt: 10
		pid: 0
		did: 125
		servST: 69.57
		(h, h_ind): (4, 3)
		load: 30.0

	Finished service at time: 79.57

	Using Machine: 2
		Task 46 -> Machine 2 (Station 3): 27.73
		Vehicle arrival at machine station: 107.3
		Waiting time until machine travel: 0.0

		Machine travel start time: 107.3
		Region 2 -> Region 3: 5.0
		Machine arrival at machine station: 112.3

		Machine 2 (Station 4)-> Task 35: 32.7
		Vehicle arrival at task: 145.0
		Waiting time until service start time: 0.0

	id: 35
		node: 18
		(x, y, z): (82, 100, 3)
		dem: 18
		earl: 94
		lat: 145
		servt: 10
		pid: 0
		did: 32
		servST: 145.0
		(h, h_ind): (2, 5)
		load: 48.0

	Finished service at time: 155.0

	Using Machine: 0
		Task 35 -> Machine 0 (Station 4): 31.95
		Vehicle arrival at machine station: 186.95
		Waiting time until machine travel: 11.93

		Machine travel start time: 198.88
		Region 3 -> Region 2: 5.0
		Machine arrival at machine station: 203.88

		Machine 0 (Station 3)-> Task 125: 43.01
		Vehicle arrival at task: 246.89
		Waiting time until service start time: 0.0

	id: 125
		node: 82
		(x, y, z): (30, 57, 2)
		dem: -30
		earl: 219
		lat: 272
		servt: 10
		pid: 46
		did: 0
		servST: 246.89
		(h, h_ind): (0, 6)
		load: 18.0

	Finished service at time: 256.89

	Using Machine: 2
		Task 125 -> Machine 2 (Station 3): 41.11
		Vehicle arrival at machine station: 298.0
		Waiting time until machine travel: 0.0

		Machine travel start time: 298.0
		Region 2 -> Region 3: 5.0
		Machine arrival at machine station: 303.0

		Machine 2 (Station 4)-> Task 32: 39.0
		Vehicle arrival at task: 342.0
		Waiting time until service start time: 0.0

	id: 32
		node: 78
		(x, y, z): (54, 106, 3)
		dem: -18
		earl: 277
		lat: 342
		servt: 10
		pid: 35
		did: 0
		servST: 342.0
		(h, h_ind): (2, 11)
		load: 0.0

	Finished service at time: 352.0

	Task 32 -> Task 22: 40.5
	Vehicle arrival at task: 392.5
	Waiting time until service start time: 16.5

	id: 22
		node: 12
		(x, y, z): (16, 92, 3)
		dem: 10
		earl: 339
		lat: 409
		servt: 10
		pid: 0
		did: 47
		servST: 409.0
		(h, h_ind): (-1, 0)
		load: 10.0

	Finished service at time: 419.0

	Task 22 -> Task 47: 9.43
	Vehicle arrival at task: 428.43
	Waiting time until service start time: 2.49

	id: 47
		node: 72
		(x, y, z): (8, 87, 3)
		dem: -10
		earl: 387
		lat: 446
		servt: 10
		pid: 22
		did: 0
		servST: 430.92
		(h, h_ind): (-1, 0)
		load: 0.0

	Finished service at time: 440.92

	Task 47 -> Task 77: 24.08
	Vehicle arrival at task: 465.0
	Waiting time until service start time: 0.0

	id: 77
		node: 38
		(x, y, z): (10, 111, 3)
		dem: 21
		earl: 465
		lat: 551
		servt: 10
		pid: 0
		did: 198
		servST: 465.0
		(h, h_ind): (-1, 0)
		load: 21.0

	Finished service at time: 475.0

	Using Machine: 4
		Task 77 -> Machine 4 (Station 4): 70.21
		Vehicle arrival at machine station: 545.21
		Waiting time until machine travel: 0.0

		Machine travel start time: 545.21
		Region 3 -> Region 1: 10.0
		Machine arrival at machine station: 555.21

		Machine 4 (Station 2)-> Task 198: 52.5
		Vehicle arrival at task: 607.71
		Waiting time until service start time: 0.0

	id: 198
		node: 98
		(x, y, z): (27, 104, 1)
		dem: -21
		earl: 544
		lat: 618
		servt: 10
		pid: 77
		did: 0
		servST: 607.71
		(h, h_ind): (4, 24)
		load: 0.0

	Finished service at time: 617.71

	Using Machine: 2
		Task 198 -> Machine 2 (Station 2): 54.04
		Vehicle arrival at machine station: 671.75
		Waiting time until machine travel: 0.0

		Machine travel start time: 671.75
		Region 1 -> Region 0: 5.0
		Machine arrival at machine station: 676.75

		Machine 2 (Station 1)-> Task 0: 1.0
		Vehicle arrival at task: 677.75
		Waiting time until service start time: 0.0

	id: 0
		node: 122
		(x, y, z): (70, 70, 0)
		dem: 0
		earl: 0
		lat: 688
		servt: 0
		pid: 0
		did: 0
		servST: 677.75
		(h, h_ind): (2, 18)
		load: 0.0


Vehicle 33 :
	id: 0
		node: 1
		(x, y, z): (70, 70, 0)
		dem: 0
		earl: 0
		lat: 688
		servt: 0
		pid: 0
		did: 0
		servST: 7.230000000000018
		(h, h_ind): (-1, 0)
		load: 0.0

	Finished service at time: 7.230000000000018

	Using Machine: 0
		Task 0 -> Machine 0 (Station 1): 1.0
		Vehicle arrival at machine station: 8.230000000000018
		Waiting time until machine travel: 0.0

		Machine travel start time: 8.230000000000018
		Region 0 -> Region 2: 10.0
		Machine arrival at machine station: 18.230000000000018

		Machine 0 (Station 3)-> Task 55: 35.85
		Vehicle arrival at task: 54.08000000000002
		Waiting time until service start time: 0.0

	id: 55
		node: 27
		(x, y, z): (89, 39, 2)
		dem: 23
		earl: 36
		lat: 67
		servt: 10
		pid: 0
		did: 14
		servST: 54.08000000000002
		(h, h_ind): (0, 1)
		load: 23.0

	Finished service at time: 64.08000000000001

	Using Machine: 3
		Task 55 -> Machine 3 (Station 3): 34.01
		Vehicle arrival at machine station: 98.09
		Waiting time until machine travel: 0.0

		Machine travel start time: 98.09000000000002
		Region 2 -> Region 0: 10.0
		Machine arrival at machine station: 108.09000000000002

		Machine 3 (Station 1)-> Task 14: 32.45
		Vehicle arrival at task: 140.54000000000002
		Waiting time until service start time: 0.0

	id: 14
		node: 87
		(x, y, z): (102, 52, 0)
		dem: -23
		earl: 140
		lat: 208
		servt: 10
		pid: 55
		did: 0
		servST: 140.54000000000002
		(h, h_ind): (3, 5)
		load: 0.0

	Finished service at time: 150.54000000000002

	Using Machine: 3
		Task 14 -> Machine 3 (Station 1): 32.45
		Vehicle arrival at machine station: 182.99
		Waiting time until machine travel: 0.0

		Machine travel start time: 182.99
		Region 0 -> Region 1: 5.0
		Machine arrival at machine station: 187.99

		Machine 3 (Station 2)-> Task 113: 43.01
		Vehicle arrival at task: 231.0
		Waiting time until service start time: 0.0

	id: 113
		node: 53
		(x, y, z): (116, 83, 1)
		dem: 30
		earl: 157
		lat: 231
		servt: 10
		pid: 0
		did: 101
		servST: 231.0
		(h, h_ind): (3, 7)
		load: 30.0

	Finished service at time: 241.0

	Task 113 -> Task 101: 32.39
	Vehicle arrival at task: 273.39
	Waiting time until service start time: 55.61

	id: 101
		node: 113
		(x, y, z): (84, 88, 1)
		dem: -30
		earl: 329
		lat: 414
		servt: 10
		pid: 113
		did: 0
		servST: 329.0
		(h, h_ind): (-1, 0)
		load: 0.0

	Finished service at time: 339.0

	Using Machine: 0
		Task 101 -> Machine 0 (Station 2): 22.2
		Vehicle arrival at machine station: 361.2
		Waiting time until machine travel: 0.0

		Machine travel start time: 361.2
		Region 1 -> Region 0: 5.0
		Machine arrival at machine station: 366.2

		Machine 0 (Station 1)-> Task 0: 1.0
		Vehicle arrival at task: 367.2
		Waiting time until service start time: 0.0

	id: 0
		node: 122
		(x, y, z): (70, 70, 0)
		dem: 0
		earl: 0
		lat: 688
		servt: 0
		pid: 0
		did: 0
		servST: 367.2
		(h, h_ind): (0, 8)
		load: 0.0


Vehicle 35 :
	id: 0
		node: 1
		(x, y, z): (70, 70, 0)
		dem: 0
		earl: 0
		lat: 688
		servt: 0
		pid: 0
		did: 0
		servST: 24.33
		(h, h_ind): (-1, 0)
		load: 0.0

	Finished service at time: 24.33

	Task 0 -> Task 4: 31.83
	Vehicle arrival at task: 56.16
	Waiting time until service start time: 0.0

	id: 4
		node: 4
		(x, y, z): (48, 47, 0)
		dem: 19
		earl: 31
		lat: 106
		servt: 10
		pid: 0
		did: 29
		servST: 56.16
		(h, h_ind): (-1, 0)
		load: 19.0

	Finished service at time: 66.16

	Using Machine: 2
		Task 4 -> Machine 2 (Station 1): 31.14
		Vehicle arrival at machine station: 97.3
		Waiting time until machine travel: 0.0

		Machine travel start time: 97.3
		Region 0 -> Region 1: 5.0
		Machine arrival at machine station: 102.3

		Machine 2 (Station 2)-> Task 80: 53.23
		Vehicle arrival at task: 155.53
		Waiting time until service start time: 22.47

	id: 80
		node: 39
		(x, y, z): (92, 22, 1)
		dem: 18
		earl: 178
		lat: 231
		servt: 10
		pid: 0
		did: 182
		servST: 178.0
		(h, h_ind): (2, 4)
		load: 37.0

	Finished service at time: 188.0

	Using Machine: 3
		Task 80 -> Machine 3 (Station 2): 50.92
		Vehicle arrival at machine station: 238.92000000000002
		Waiting time until machine travel: 0.0

		Machine travel start time: 238.92000000000002
		Region 1 -> Region 3: 10.0
		Machine arrival at machine station: 248.92000000000002

		Machine 3 (Station 4)-> Task 182: 48.08
		Vehicle arrival at task: 297.0
		Waiting time until service start time: 0.0

	id: 182
		node: 99
		(x, y, z): (89, 24, 3)
		dem: -18
		earl: 280
		lat: 353
		servt: 10
		pid: 80
		did: 0
		servST: 297.0
		(h, h_ind): (3, 10)
		load: 19.0

	Finished service at time: 307.0

	Using Machine: 4
		Task 182 -> Machine 4 (Station 4): 50.99
		Vehicle arrival at machine station: 357.99
		Waiting time until machine travel: 0.0

		Machine travel start time: 357.99
		Region 3 -> Region 2: 5.0
		Machine arrival at machine station: 362.99

		Machine 4 (Station 3)-> Task 29: 47.01
		Vehicle arrival at task: 410.0
		Waiting time until service start time: 0.0

	id: 29
		node: 64
		(x, y, z): (20, 69, 2)
		dem: -19
		earl: 353
		lat: 434
		servt: 10
		pid: 4
		did: 0
		servST: 410.0
		(h, h_ind): (4, 16)
		load: 0.0

	Finished service at time: 420.0

	Using Machine: 3
		Task 29 -> Machine 3 (Station 3): 55.01
		Vehicle arrival at machine station: 475.01
		Waiting time until machine travel: 0.0

		Machine travel start time: 475.01
		Region 2 -> Region 0: 10.0
		Machine arrival at machine station: 485.01

		Machine 3 (Station 1)-> Task 0: 5.0
		Vehicle arrival at task: 490.01
		Waiting time until service start time: 0.0

	id: 0
		node: 122
		(x, y, z): (70, 70, 0)
		dem: 0
		earl: 0
		lat: 688
		servt: 0
		pid: 0
		did: 0
		servST: 490.01
		(h, h_ind): (3, 15)
		load: 0.0


Vehicle 37 :
	id: 0
		node: 1
		(x, y, z): (70, 70, 0)
		dem: 0
		earl: 0
		lat: 688
		servt: 0
		pid: 0
		did: 0
		servST: 4.440000000000012
		(h, h_ind): (-1, 0)
		load: 0.0

	Finished service at time: 4.440000000000012

	Task 0 -> Task 71: 85.91
	Vehicle arrival at task: 90.35000000000001
	Waiting time until service start time: 0.0

	id: 71
		node: 34
		(x, y, z): (15, 4, 0)
		dem: 23
		earl: 85
		lat: 166
		servt: 10
		pid: 0
		did: 175
		servST: 90.35000000000001
		(h, h_ind): (-1, 0)
		load: 23.0

	Finished service at time: 100.35000000000001

	Using Machine: 4
		Task 71 -> Machine 4 (Station 1): 84.02
		Vehicle arrival at machine station: 184.37
		Waiting time until machine travel: 0.0

		Machine travel start time: 184.37
		Region 0 -> Region 1: 5.0
		Machine arrival at machine station: 189.37

		Machine 4 (Station 2)-> Task 175: 17.46
		Vehicle arrival at task: 206.83
		Waiting time until service start time: 26.17

	id: 175
		node: 94
		(x, y, z): (60, 54, 1)
		dem: -23
		earl: 233
		lat: 275
		servt: 10
		pid: 71
		did: 0
		servST: 233.0
		(h, h_ind): (4, 9)
		load: 0.0

	Finished service at time: 243.0

	Using Machine: 2
		Task 175 -> Machine 2 (Station 2): 18.36
		Vehicle arrival at machine station: 261.36
		Waiting time until machine travel: 0.0

		Machine travel start time: 261.36
		Region 1 -> Region 3: 10.0
		Machine arrival at machine station: 271.36

		Machine 2 (Station 4)-> Task 90: 40.71
		Vehicle arrival at task: 312.07
		Waiting time until service start time: 1.93

	id: 90
		node: 45
		(x, y, z): (50, 106, 3)
		dem: 25
		earl: 314
		lat: 356
		servt: 10
		pid: 0
		did: 128
		servST: 314.0
		(h, h_ind): (2, 10)
		load: 25.0

	Finished service at time: 324.0

	Using Machine: 2
		Task 90 -> Machine 2 (Station 4): 40.71
		Vehicle arrival at machine station: 364.71
		Waiting time until machine travel: 0.0

		Machine travel start time: 364.71
		Region 3 -> Region 0: 15.0
		Machine arrival at machine station: 379.71

		Machine 2 (Station 1)-> Task 128: 68.18
		Vehicle arrival at task: 447.89
		Waiting time until service start time: 0.0

	id: 128
		node: 105
		(x, y, z): (64, 138, 0)
		dem: -25
		earl: 410
		lat: 500
		servt: 10
		pid: 90
		did: 0
		servST: 447.89
		(h, h_ind): (2, 12)
		load: 0.0

	Finished service at time: 457.89

	Task 128 -> Task 0: 68.26
	Vehicle arrival at task: 526.15
	Waiting time until service start time: 0.0

	id: 0
		node: 122
		(x, y, z): (70, 70, 0)
		dem: 0
		earl: 0
		lat: 688
		servt: 0
		pid: 0
		did: 0
		servST: 526.15
		(h, h_ind): (-1, 0)
		load: 0.0


Vehicle 39 :
	id: 0
		node: 1
		(x, y, z): (70, 70, 0)
		dem: 0
		earl: 0
		lat: 688
		servt: 0
		pid: 0
		did: 0
		servST: 33.31999999999999
		(h, h_ind): (-1, 0)
		load: 0.0

	Finished service at time: 33.31999999999999

	Using Machine: 0
		Task 0 -> Machine 0 (Station 1): 1.0
		Vehicle arrival at machine station: 34.31999999999999
		Waiting time until machine travel: 0.0

		Machine travel start time: 34.31999999999999
		Region 0 -> Region 2: 10.0
		Machine arrival at machine station: 44.31999999999999

		Machine 0 (Station 3)-> Task 41: 35.44
		Vehicle arrival at task: 79.75999999999999
		Waiting time until service start time: 0.0

	id: 41
		node: 20
		(x, y, z): (81, 36, 2)
		dem: 17
		earl: 43
		lat: 111
		servt: 10
		pid: 0
		did: 137
		servST: 79.75999999999999
		(h, h_ind): (0, 2)
		load: 17.0

	Finished service at time: 89.75999999999999

	Task 41 -> Task 137: 23.35
	Vehicle arrival at task: 113.10999999999999
	Waiting time until service start time: 6.89

	id: 137
		node: 80
		(x, y, z): (104, 32, 2)
		dem: -17
		earl: 120
		lat: 179
		servt: 10
		pid: 41
		did: 0
		servST: 120.0
		(h, h_ind): (-1, 0)
		load: 0.0

	Finished service at time: 130.0

	Task 137 -> Task 133: 28.64
	Vehicle arrival at task: 158.64
	Waiting time until service start time: 6.36

	id: 133
		node: 59
		(x, y, z): (98, 4, 2)
		dem: 20
		earl: 165
		lat: 220
		servt: 10
		pid: 0
		did: 9
		servST: 165.0
		(h, h_ind): (-1, 0)
		load: 20.0

	Finished service at time: 175.0

	Using Machine: 4
		Task 133 -> Machine 4 (Station 3): 72.92
		Vehicle arrival at machine station: 247.92000000000002
		Waiting time until machine travel: 0.0

		Machine travel start time: 247.92000000000002
		Region 2 -> Region 3: 5.0
		Machine arrival at machine station: 252.92000000000002

		Machine 4 (Station 4)-> Task 58: 68.45
		Vehicle arrival at task: 321.37
		Waiting time until service start time: 0.0

	id: 58
		node: 29
		(x, y, z): (5, 99, 3)
		dem: 24
		earl: 319
		lat: 359
		servt: 10
		pid: 0
		did: 97
		servST: 321.37
		(h, h_ind): (4, 11)
		load: 44.0

	Finished service at time: 331.37

	Task 58 -> Task 9: 70.0
	Vehicle arrival at task: 401.37
	Waiting time until service start time: 0.0

	id: 9
		node: 119
		(x, y, z): (61, 57, 3)
		dem: -20
		earl: 368
		lat: 411
		servt: 10
		pid: 133
		did: 0
		servST: 401.37
		(h, h_ind): (-1, 0)
		load: 24.0

	Finished service at time: 411.37

	Using Machine: 4
		Task 9 -> Machine 4 (Station 4): 14.32
		Vehicle arrival at machine station: 425.69
		Waiting time until machine travel: 0.0

		Machine travel start time: 425.69
		Region 3 -> Region 1: 10.0
		Machine arrival at machine station: 435.69

		Machine 4 (Station 2)-> Task 97: 13.45
		Vehicle arrival at task: 449.14
		Waiting time until service start time: 0.0

	id: 97
		node: 89
		(x, y, z): (58, 80, 1)
		dem: -24
		earl: 441
		lat: 509
		servt: 10
		pid: 58
		did: 0
		servST: 449.14
		(h, h_ind): (4, 20)
		load: 0.0

	Finished service at time: 459.14

	Using Machine: 2
		Task 97 -> Machine 2 (Station 2): 14.87
		Vehicle arrival at machine station: 474.01
		Waiting time until machine travel: 0.0

		Machine travel start time: 474.01
		Region 1 -> Region 0: 5.0
		Machine arrival at machine station: 479.01

		Machine 2 (Station 1)-> Task 0: 1.0
		Vehicle arrival at task: 480.01
		Waiting time until service start time: 0.0

	id: 0
		node: 122
		(x, y, z): (70, 70, 0)
		dem: 0
		earl: 0
		lat: 688
		servt: 0
		pid: 0
		did: 0
		servST: 480.01
		(h, h_ind): (2, 14)
		load: 0.0


Vehicle 40 :
	id: 0
		node: 1
		(x, y, z): (70, 70, 0)
		dem: 0
		earl: 0
		lat: 688
		servt: 0
		pid: 0
		did: 0
		servST: 18.05999999999999
		(h, h_ind): (-1, 0)
		load: 0.0

	Finished service at time: 18.05999999999999

	Task 0 -> Task 87: 13.45
	Vehicle arrival at task: 31.50999999999999
	Waiting time until service start time: 0.0

	id: 87
		node: 43
		(x, y, z): (79, 80, 0)
		dem: 4
		earl: 13
		lat: 56
		servt: 10
		pid: 0
		did: 92
		servST: 31.50999999999999
		(h, h_ind): (-1, 0)
		load: 4.0

	Finished service at time: 41.50999999999999

	Using Machine: 0
		Task 87 -> Machine 0 (Station 1): 12.81
		Vehicle arrival at machine station: 54.31999999999999
		Waiting time until machine travel: 0.0

		Machine travel start time: 54.31999999999999
		Region 0 -> Region 3: 15.0
		Machine arrival at machine station: 69.32

		Machine 0 (Station 4)-> Task 92: 58.52
		Vehicle arrival at task: 127.84
		Waiting time until service start time: 0.0

	id: 92
		node: 103
		(x, y, z): (120, 102, 3)
		dem: -4
		earl: 76
		lat: 148
		servt: 10
		pid: 87
		did: 0
		servST: 127.84
		(h, h_ind): (0, 3)
		load: 0.0

	Finished service at time: 137.84

	Using Machine: 2
		Task 92 -> Machine 2 (Station 4): 60.21
		Vehicle arrival at machine station: 198.05
		Waiting time until machine travel: 0.0

		Machine travel start time: 198.05
		Region 3 -> Region 2: 5.0
		Machine arrival at machine station: 203.05

		Machine 2 (Station 3)-> Task 76: 72.95
		Vehicle arrival at task: 276.0
		Waiting time until service start time: 0.0

	id: 76
		node: 37
		(x, y, z): (109, 131, 2)
		dem: 16
		earl: 206
		lat: 276
		servt: 10
		pid: 0
		did: 40
		servST: 276.0
		(h, h_ind): (2, 9)
		load: 16.0

	Finished service at time: 286.0

	Task 76 -> Task 40: 18.38
	Vehicle arrival at task: 304.38
	Waiting time until service start time: 76.62

	id: 40
		node: 97
		(x, y, z): (92, 138, 2)
		dem: -16
		earl: 381
		lat: 452
		servt: 10
		pid: 76
		did: 0
		servST: 381.0
		(h, h_ind): (-1, 0)
		load: 0.0

	Finished service at time: 391.0

	Using Machine: 0
		Task 40 -> Machine 0 (Station 3): 71.17
		Vehicle arrival at machine station: 462.17
		Waiting time until machine travel: 0.0

		Machine travel start time: 462.17
		Region 2 -> Region 0: 10.0
		Machine arrival at machine station: 472.17

		Machine 0 (Station 1)-> Task 0: 1.0
		Vehicle arrival at task: 473.17
		Waiting time until service start time: 0.0

	id: 0
		node: 122
		(x, y, z): (70, 70, 0)
		dem: 0
		earl: 0
		lat: 688
		servt: 0
		pid: 0
		did: 0
		servST: 473.17
		(h, h_ind): (0, 10)
		load: 0.0


Vehicle 43 :
	id: 0
		node: 1
		(x, y, z): (70, 70, 0)
		dem: 0
		earl: 0
		lat: 688
		servt: 0
		pid: 0
		did: 0
		servST: 144.15
		(h, h_ind): (-1, 0)
		load: 0.0

	Finished service at time: 144.15

	Task 0 -> Task 21: 68.47
	Vehicle arrival at task: 212.62
	Waiting time until service start time: 0.0

	id: 21
		node: 11
		(x, y, z): (138, 78, 0)
		dem: 43
		earl: 176
		lat: 259
		servt: 10
		pid: 0
		did: 126
		servST: 212.62
		(h, h_ind): (-1, 0)
		load: 43.0

	Finished service at time: 222.62

	Using Machine: 1
		Task 21 -> Machine 1 (Station 1): 65.49
		Vehicle arrival at machine station: 288.11
		Waiting time until machine travel: 0.0

		Machine travel start time: 288.11
		Region 0 -> Region 2: 10.0
		Machine arrival at machine station: 298.11

		Machine 1 (Station 3)-> Task 126: 66.03
		Vehicle arrival at task: 364.14
		Waiting time until service start time: 0.0

	id: 126
		node: 71
		(x, y, z): (139, 72, 2)
		dem: -43
		earl: 333
		lat: 371
		servt: 10
		pid: 21
		did: 0
		servST: 364.14
		(h, h_ind): (1, 9)
		load: 0.0

	Finished service at time: 374.14

	Using Machine: 0
		Task 126 -> Machine 0 (Station 3): 68.03
		Vehicle arrival at machine station: 442.16999999999996
		Waiting time until machine travel: 0.0

		Machine travel start time: 442.17
		Region 2 -> Region 0: 10.0
		Machine arrival at machine station: 452.17

		Machine 0 (Station 1)-> Task 0: 1.0
		Vehicle arrival at task: 453.17
		Waiting time until service start time: 0.0

	id: 0
		node: 122
		(x, y, z): (70, 70, 0)
		dem: 0
		earl: 0
		lat: 688
		servt: 0
		pid: 0
		did: 0
		servST: 453.17
		(h, h_ind): (0, 9)
		load: 0.0


Vehicle 46 :
	id: 0
		node: 1
		(x, y, z): (70, 70, 0)
		dem: 0
		earl: 0
		lat: 688
		servt: 0
		pid: 0
		did: 0
		servST: 3.379999999999999
		(h, h_ind): (-1, 0)
		load: 0.0

	Finished service at time: 3.379999999999999

	Using Machine: 3
		Task 0 -> Machine 3 (Station 1): 5.0
		Vehicle arrival at machine station: 8.379999999999999
		Waiting time until machine travel: 0.0

		Machine travel start time: 8.379999999999999
		Region 0 -> Region 1: 5.0
		Machine arrival at machine station: 13.379999999999999

		Machine 3 (Station 2)-> Task 7: 31.95
		Vehicle arrival at task: 45.33
		Waiting time until service start time: 0.0

	id: 7
		node: 5
		(x, y, z): (86, 40, 1)
		dem: 22
		earl: 34
		lat: 54
		servt: 10
		pid: 0
		did: 28
		servST: 45.33
		(h, h_ind): (3, 1)
		load: 22.0

	Finished service at time: 55.33

	Task 7 -> Task 72: 32.76
	Vehicle arrival at task: 88.09
	Waiting time until service start time: 0.0

	id: 72
		node: 35
		(x, y, z): (54, 33, 1)
		dem: 20
		earl: 40
		lat: 117
		servt: 10
		pid: 0
		did: 167
		servST: 88.09
		(h, h_ind): (-1, 0)
		load: 42.0

	Finished service at time: 98.09

	Using Machine: 2
		Task 72 -> Machine 2 (Station 2): 39.92
		Vehicle arrival at machine station: 138.01
		Waiting time until machine travel: 0.0

		Machine travel start time: 138.01
		Region 1 -> Region 2: 5.0
		Machine arrival at machine station: 143.01

		Machine 2 (Station 3)-> Task 98: 72.8
		Vehicle arrival at task: 215.81
		Waiting time until service start time: 12.87

	id: 98
		node: 46
		(x, y, z): (49, 140, 2)
		dem: 3
		earl: 224
		lat: 275
		servt: 10
		pid: 0
		did: 62
		servST: 228.68
		(h, h_ind): (2, 6)
		load: 45.0

	Finished service at time: 238.68

	Task 98 -> Task 62: 14.32
	Vehicle arrival at task: 253.0
	Waiting time until service start time: 0.0

	id: 62
		node: 106
		(x, y, z): (55, 127, 2)
		dem: -3
		earl: 253
		lat: 294
		servt: 10
		pid: 98
		did: 0
		servST: 253.0
		(h, h_ind): (-1, 0)
		load: 42.0

	Finished service at time: 263.0

	Task 62 -> Task 167: 115.12
	Vehicle arrival at task: 378.12
	Waiting time until service start time: 0.0

	id: 167
		node: 95
		(x, y, z): (39, 13, 2)
		dem: -20
		earl: 369
		lat: 413
		servt: 10
		pid: 72
		did: 0
		servST: 378.12
		(h, h_ind): (-1, 0)
		load: 22.0

	Finished service at time: 388.12

	Task 167 -> Task 28: 51.01
	Vehicle arrival at task: 439.13
	Waiting time until service start time: 21.87

	id: 28
		node: 65
		(x, y, z): (90, 14, 2)
		dem: -22
		earl: 461
		lat: 496
		servt: 10
		pid: 7
		did: 0
		servST: 461.0
		(h, h_ind): (-1, 0)
		load: 0.0

	Finished service at time: 471.0

	Using Machine: 0
		Task 28 -> Machine 0 (Station 3): 59.14
		Vehicle arrival at machine station: 530.14
		Waiting time until machine travel: 0.0

		Machine travel start time: 530.14
		Region 2 -> Region 0: 10.0
		Machine arrival at machine station: 540.14

		Machine 0 (Station 1)-> Task 0: 1.0
		Vehicle arrival at task: 541.14
		Waiting time until service start time: 0.0

	id: 0
		node: 122
		(x, y, z): (70, 70, 0)
		dem: 0
		earl: 0
		lat: 688
		servt: 0
		pid: 0
		did: 0
		servST: 541.14
		(h, h_ind): (0, 12)
		load: 0.0


Vehicle 53 :
	id: 0
		node: 1
		(x, y, z): (70, 70, 0)
		dem: 0
		earl: 0
		lat: 688
		servt: 0
		pid: 0
		did: 0
		servST: 16.060000000000002
		(h, h_ind): (-1, 0)
		load: 0.0

	Finished service at time: 16.060000000000002

	Using Machine: 1
		Task 0 -> Machine 1 (Station 1): 3.0
		Vehicle arrival at machine station: 19.060000000000002
		Waiting time until machine travel: 0.0

		Machine travel start time: 19.060000000000002
		Region 0 -> Region 2: 10.0
		Machine arrival at machine station: 29.060000000000002

		Machine 1 (Station 3)-> Task 26: 66.07
		Vehicle arrival at task: 95.13
		Waiting time until service start time: 0.0

	id: 26
		node: 15
		(x, y, z): (139, 73, 2)
		dem: 10
		earl: 71
		lat: 134
		servt: 10
		pid: 0
		did: 123
		servST: 95.13
		(h, h_ind): (1, 2)
		load: 10.0

	Finished service at time: 105.13

	Using Machine: 3
		Task 26 -> Machine 3 (Station 3): 64.07
		Vehicle arrival at machine station: 169.2
		Waiting time until machine travel: 0.0

		Machine travel start time: 169.2
		Region 2 -> Region 0: 10.0
		Machine arrival at machine station: 179.2

		Machine 3 (Station 1)-> Task 123: 63.56
		Vehicle arrival at task: 242.76
		Waiting time until service start time: 0.0

	id: 123
		node: 75
		(x, y, z): (137, 84, 0)
		dem: -10
		earl: 207
		lat: 263
		servt: 10
		pid: 26
		did: 0
		servST: 242.76
		(h, h_ind): (3, 6)
		load: 0.0

	Finished service at time: 252.76

	Task 123 -> Task 82: 127.02
	Vehicle arrival at task: 379.78
	Waiting time until service start time: 0.0

	id: 82
		node: 41
		(x, y, z): (10, 86, 0)
		dem: 14
		earl: 375
		lat: 477
		servt: 10
		pid: 0
		did: 74
		servST: 379.78
		(h, h_ind): (-1, 0)
		load: 14.0

	Finished service at time: 389.78

	Using Machine: 4
		Task 82 -> Machine 4 (Station 1): 59.2
		Vehicle arrival at machine station: 448.97999999999996
		Waiting time until machine travel: 0.0

		Machine travel start time: 448.97999999999996
		Region 0 -> Region 1: 5.0
		Machine arrival at machine station: 453.97999999999996

		Machine 4 (Station 2)-> Task 74: 37.74
		Vehicle arrival at task: 491.71999999999997
		Waiting time until service start time: 0.0

	id: 74
		node: 101
		(x, y, z): (35, 90, 1)
		dem: -14
		earl: 423
		lat: 499
		servt: 10
		pid: 82
		did: 0
		servST: 491.71999999999997
		(h, h_ind): (4, 21)
		load: 0.0

	Finished service at time: 501.71999999999997

	Using Machine: 2
		Task 74 -> Machine 2 (Station 2): 39.45
		Vehicle arrival at machine station: 541.17
		Waiting time until machine travel: 0.0

		Machine travel start time: 541.17
		Region 1 -> Region 0: 5.0
		Machine arrival at machine station: 546.17

		Machine 2 (Station 1)-> Task 0: 1.0
		Vehicle arrival at task: 547.17
		Waiting time until service start time: 0.0

	id: 0
		node: 122
		(x, y, z): (70, 70, 0)
		dem: 0
		earl: 0
		lat: 688
		servt: 0
		pid: 0
		did: 0
		servST: 547.17
		(h, h_ind): (2, 16)
		load: 0.0


Vehicle 54 :
	id: 0
		node: 1
		(x, y, z): (70, 70, 0)
		dem: 0
		earl: 0
		lat: 688
		servt: 0
		pid: 0
		did: 0
		servST: 24.949999999999996
		(h, h_ind): (-1, 0)
		load: 0.0

	Finished service at time: 24.949999999999996

	Task 0 -> Task 1: 37.66
	Vehicle arrival at task: 62.60999999999999
	Waiting time until service start time: 0.0

	id: 1
		node: 2
		(x, y, z): (107, 77, 0)
		dem: 34
		earl: 37
		lat: 124
		servt: 10
		pid: 0
		did: 51
		servST: 62.60999999999999
		(h, h_ind): (-1, 0)
		load: 34.0

	Finished service at time: 72.60999999999999

	Task 1 -> Task 51: 33.24
	Vehicle arrival at task: 105.85
	Waiting time until service start time: 0.0

	id: 51
		node: 62
		(x, y, z): (139, 68, 0)
		dem: -34
		earl: 69
		lat: 139
		servt: 10
		pid: 1
		did: 0
		servST: 105.85
		(h, h_ind): (-1, 0)
		load: 0.0

	Finished service at time: 115.85

	Using Machine: 0
		Task 51 -> Machine 0 (Station 1): 68.03
		Vehicle arrival at machine station: 183.88
		Waiting time until machine travel: 0.0

		Machine travel start time: 183.88
		Region 0 -> Region 3: 15.0
		Machine arrival at machine station: 198.88

		Machine 0 (Station 4)-> Task 134: 32.76
		Vehicle arrival at task: 231.64
		Waiting time until service start time: 50.36

	id: 134
		node: 60
		(x, y, z): (103, 77, 3)
		dem: 17
		earl: 282
		lat: 329
		servt: 10
		pid: 0
		did: 124
		servST: 282.0
		(h, h_ind): (0, 5)
		load: 17.0

	Finished service at time: 292.0

	Using Machine: 3
		Task 134 -> Machine 3 (Station 4): 28.86
		Vehicle arrival at machine station: 320.86
		Waiting time until machine travel: 0.0

		Machine travel start time: 320.86
		Region 3 -> Region 0: 15.0
		Machine arrival at machine station: 335.86

		Machine 3 (Station 1)-> Task 124: 32.25
		Vehicle arrival at task: 368.11
		Waiting time until service start time: 0.0

	id: 124
		node: 120
		(x, y, z): (103, 86, 0)
		dem: -17
		earl: 296
		lat: 369
		servt: 10
		pid: 134
		did: 0
		servST: 368.11
		(h, h_ind): (3, 13)
		load: 0.0

	Finished service at time: 378.11

	Task 124 -> Task 0: 36.67
	Vehicle arrival at task: 414.78000000000003
	Waiting time until service start time: 0.0

	id: 0
		node: 122
		(x, y, z): (70, 70, 0)
		dem: 0
		earl: 0
		lat: 688
		servt: 0
		pid: 0
		did: 0
		servST: 414.78000000000003
		(h, h_ind): (-1, 0)
		load: 0.0


Vehicle 55 :
	id: 0
		node: 1
		(x, y, z): (70, 70, 0)
		dem: 0
		earl: 0
		lat: 688
		servt: 0
		pid: 0
		did: 0
		servST: 28.240000000000016
		(h, h_ind): (-1, 0)
		load: 0.0

	Finished service at time: 28.240000000000016

	Task 0 -> Task 30: 62.29
	Vehicle arrival at task: 90.53000000000002
	Waiting time until service start time: 0.0

	id: 30
		node: 16
		(x, y, z): (64, 132, 0)
		dem: 8
		earl: 62
		lat: 121
		servt: 10
		pid: 0
		did: 10
		servST: 90.53000000000002
		(h, h_ind): (-1, 0)
		load: 8.0

	Finished service at time: 100.53000000000002

	Using Machine: 0
		Task 30 -> Machine 0 (Station 1): 62.39
		Vehicle arrival at machine station: 162.92000000000002
		Waiting time until machine travel: 0.0

		Machine travel start time: 162.92000000000002
		Region 0 -> Region 2: 10.0
		Machine arrival at machine station: 172.92000000000002

		Machine 0 (Station 3)-> Task 100: 64.35
		Vehicle arrival at task: 237.27
		Waiting time until service start time: 0.0

	id: 100
		node: 48
		(x, y, z): (36, 124, 2)
		dem: 34
		earl: 237
		lat: 261
		servt: 10
		pid: 0
		did: 6
		servST: 237.27
		(h, h_ind): (0, 4)
		load: 42.0

	Finished service at time: 247.27

	Using Machine: 4
		Task 100 -> Machine 4 (Station 3): 62.27
		Vehicle arrival at machine station: 309.54
		Waiting time until machine travel: 0.0

		Machine travel start time: 309.54
		Region 2 -> Region 3: 5.0
		Machine arrival at machine station: 314.54

		Machine 4 (Station 4)-> Task 6: 87.46
		Vehicle arrival at task: 402.0
		Waiting time until service start time: 0.0

	id: 6
		node: 108
		(x, y, z): (12, 138, 3)
		dem: -34
		earl: 367
		lat: 402
		servt: 10
		pid: 100
		did: 0
		servST: 402.0
		(h, h_ind): (4, 14)
		load: 8.0

	Finished service at time: 412.0

	Task 6 -> Task 10: 37.54
	Vehicle arrival at task: 449.54
	Waiting time until service start time: 16.46

	id: 10
		node: 76
		(x, y, z): (40, 113, 3)
		dem: -8
		earl: 466
		lat: 517
		servt: 10
		pid: 30
		did: 0
		servST: 466.0
		(h, h_ind): (-1, 0)
		load: 0.0

	Finished service at time: 476.0

	Using Machine: 3
		Task 10 -> Machine 3 (Station 4): 55.44
		Vehicle arrival at machine station: 531.44
		Waiting time until machine travel: 0.0

		Machine travel start time: 531.44
		Region 3 -> Region 0: 15.0
		Machine arrival at machine station: 546.44

		Machine 3 (Station 1)-> Task 0: 5.0
		Vehicle arrival at task: 551.44
		Waiting time until service start time: 0.0

	id: 0
		node: 122
		(x, y, z): (70, 70, 0)
		dem: 0
		earl: 0
		lat: 688
		servt: 0
		pid: 0
		did: 0
		servST: 551.44
		(h, h_ind): (3, 16)
		load: 0.0


Vehicle 58 :
	id: 0
		node: 1
		(x, y, z): (70, 70, 0)
		dem: 0
		earl: 0
		lat: 688
		servt: 0
		pid: 0
		did: 0
		servST: 4.139999999999958
		(h, h_ind): (-1, 0)
		load: 0.0

	Finished service at time: 4.139999999999958

	Task 0 -> Task 117: 73.25
	Vehicle arrival at task: 77.38999999999996
	Waiting time until service start time: 0.0

	id: 117
		node: 55
		(x, y, z): (116, 13, 0)
		dem: 5
		earl: 73
		lat: 147
		servt: 10
		pid: 0
		did: 79
		servST: 77.38999999999996
		(h, h_ind): (-1, 0)
		load: 5.0

	Finished service at time: 87.38999999999996

	Using Machine: 2
		Task 117 -> Machine 2 (Station 1): 73.88
		Vehicle arrival at machine station: 161.26999999999995
		Waiting time until machine travel: 0.0

		Machine travel start time: 161.26999999999995
		Region 0 -> Region 1: 5.0
		Machine arrival at machine station: 166.26999999999995

		Machine 2 (Station 2)-> Task 38: 46.1
		Vehicle arrival at task: 212.36999999999995
		Waiting time until service start time: 0.0

	id: 38
		node: 19
		(x, y, z): (50, 112, 1)
		dem: 18
		earl: 212
		lat: 282
		servt: 10
		pid: 0
		did: 102
		servST: 212.36999999999995
		(h, h_ind): (2, 7)
		load: 23.0

	Finished service at time: 222.36999999999995

	Using Machine: 3
		Task 38 -> Machine 3 (Station 2): 48.88
		Vehicle arrival at machine station: 271.24999999999994
		Waiting time until machine travel: 0.0

		Machine travel start time: 271.24999999999994
		Region 1 -> Region 3: 10.0
		Machine arrival at machine station: 281.24999999999994

		Machine 3 (Station 4)-> Task 79: 45.49
		Vehicle arrival at task: 326.73999999999995
		Waiting time until service start time: 0.0

	id: 79
		node: 115
		(x, y, z): (113, 45, 3)
		dem: -5
		earl: 264
		lat: 364
		servt: 10
		pid: 117
		did: 0
		servST: 326.73999999999995
		(h, h_ind): (3, 11)
		load: 18.0

	Finished service at time: 336.73999999999995

	Using Machine: 1
		Task 79 -> Machine 1 (Station 4): 47.17
		Vehicle arrival at machine station: 383.90999999999997
		Waiting time until machine travel: 0.0

		Machine travel start time: 383.90999999999997
		Region 3 -> Region 0: 15.0
		Machine arrival at machine station: 398.90999999999997

		Machine 1 (Station 1)-> Task 102: 88.09
		Vehicle arrival at task: 487.0
		Waiting time until service start time: 0.0

	id: 102
		node: 79
		(x, y, z): (17, 138, 0)
		dem: -18
		earl: 409
		lat: 487
		servt: 10
		pid: 38
		did: 0
		servST: 487.0
		(h, h_ind): (1, 12)
		load: 0.0

	Finished service at time: 497.0

	Task 102 -> Task 0: 86.21
	Vehicle arrival at task: 583.21
	Waiting time until service start time: 0.0

	id: 0
		node: 122
		(x, y, z): (70, 70, 0)
		dem: 0
		earl: 0
		lat: 688
		servt: 0
		pid: 0
		did: 0
		servST: 583.21
		(h, h_ind): (-1, 0)
		load: 0.0


---------------------| MACHINES |---------------------

Machine 0 :
	setup duration: 0.0

	vehicle: 33
	vehicleInd: 2
	(orig, dest): (0, 55)
	(origRegion, destRegion): (0, 2)
	st: 8.230000000000018
	duration: 10.0

	setup duration: 10.0

	vehicle: 39
	vehicleInd: 2
	(orig, dest): (0, 41)
	(origRegion, destRegion): (0, 2)
	st: 34.31999999999999
	duration: 10.0

	setup duration: 10.0

	vehicle: 40
	vehicleInd: 3
	(orig, dest): (87, 92)
	(origRegion, destRegion): (0, 3)
	st: 54.31999999999999
	duration: 15.0

	setup duration: 15.0

	vehicle: 55
	vehicleInd: 3
	(orig, dest): (30, 100)
	(origRegion, destRegion): (0, 2)
	st: 162.92000000000002
	duration: 10.0

	setup duration: 10.0

	vehicle: 54
	vehicleInd: 4
	(orig, dest): (51, 134)
	(origRegion, destRegion): (0, 3)
	st: 183.88
	duration: 15.0

	setup duration: 0.0

	vehicle: 31
	vehicleInd: 4
	(orig, dest): (35, 125)
	(origRegion, destRegion): (3, 2)
	st: 198.88
	duration: 5.0

	setup duration: 5.0

	vehicle: 28
	vehicleInd: 4
	(orig, dest): (66, 25)
	(origRegion, destRegion): (1, 0)
	st: 262.44
	duration: 5.0

	setup duration: 5.0

	vehicle: 33
	vehicleInd: 6
	(orig, dest): (101, 0)
	(origRegion, destRegion): (1, 0)
	st: 361.2
	duration: 5.0

	setup duration: 10.0

	vehicle: 43
	vehicleInd: 4
	(orig, dest): (126, 0)
	(origRegion, destRegion): (2, 0)
	st: 442.17
	duration: 10.0

	setup duration: 10.0

	vehicle: 40
	vehicleInd: 6
	(orig, dest): (40, 0)
	(origRegion, destRegion): (2, 0)
	st: 462.17
	duration: 10.0

	setup duration: 5.0

	vehicle: 21
	vehicleInd: 8
	(orig, dest): (42, 0)
	(origRegion, destRegion): (1, 0)
	st: 480.14
	duration: 5.0

	setup duration: 10.0

	vehicle: 46
	vehicleInd: 8
	(orig, dest): (28, 0)
	(origRegion, destRegion): (2, 0)
	st: 530.14
	duration: 10.0


Machine 1 :
	setup duration: 0.0

	vehicle: 12
	vehicleInd: 2
	(orig, dest): (0, 63)
	(origRegion, destRegion): (0, 1)
	st: 9.060000000000002
	duration: 5.0

	setup duration: 5.0

	vehicle: 53
	vehicleInd: 2
	(orig, dest): (0, 26)
	(origRegion, destRegion): (0, 2)
	st: 19.060000000000002
	duration: 10.0

	setup duration: 10.0

	vehicle: 9
	vehicleInd: 2
	(orig, dest): (0, 135)
	(origRegion, destRegion): (0, 3)
	st: 39.06
	duration: 15.0

	setup duration: 15.0

	vehicle: 24
	vehicleInd: 2
	(orig, dest): (0, 44)
	(origRegion, destRegion): (0, 2)
	st: 75.39000000000001
	duration: 10.0

	setup duration: 10.0

	vehicle: 28
	vehicleInd: 3
	(orig, dest): (18, 66)
	(origRegion, destRegion): (0, 1)
	st: 95.39000000000001
	duration: 5.0

	setup duration: 5.0

	vehicle: 20
	vehicleInd: 3
	(orig, dest): (50, 109)
	(origRegion, destRegion): (0, 2)
	st: 170.82
	duration: 10.0

	setup duration: 5.0

	vehicle: 9
	vehicleInd: 3
	(orig, dest): (135, 99)
	(origRegion, destRegion): (3, 0)
	st: 185.82
	duration: 15.0

	setup duration: 10.0

	vehicle: 1
	vehicleInd: 3
	(orig, dest): (8, 17)
	(origRegion, destRegion): (2, 0)
	st: 239.36
	duration: 10.0

	setup duration: 0.0

	vehicle: 43
	vehicleInd: 3
	(orig, dest): (21, 126)
	(origRegion, destRegion): (0, 2)
	st: 288.11
	duration: 10.0

	setup duration: 5.0

	vehicle: 24
	vehicleInd: 4
	(orig, dest): (3, 0)
	(origRegion, destRegion): (3, 0)
	st: 348.18
	duration: 15.0

	setup duration: 10.0

	vehicle: 20
	vehicleInd: 5
	(orig, dest): (130, 91)
	(origRegion, destRegion): (2, 3)
	st: 378.90999999999997
	duration: 5.0

	setup duration: 0.0

	vehicle: 58
	vehicleInd: 5
	(orig, dest): (79, 102)
	(origRegion, destRegion): (3, 0)
	st: 383.90999999999997
	duration: 15.0

	setup duration: 10.0

	vehicle: 13
	vehicleInd: 8
	(orig, dest): (177, 0)
	(origRegion, destRegion): (2, 0)
	st: 481.15
	duration: 10.0

	setup duration: 15.0

	vehicle: 20
	vehicleInd: 6
	(orig, dest): (91, 0)
	(origRegion, destRegion): (3, 0)
	st: 521.53
	duration: 15.0


Machine 2 :
	setup duration: 0.0

	vehicle: 5
	vehicleInd: 2
	(orig, dest): (0, 57)
	(origRegion, destRegion): (0, 1)
	st: 5.360000000000014
	duration: 5.0

	setup duration: 5.0

	vehicle: 7
	vehicleInd: 2
	(orig, dest): (0, 20)
	(origRegion, destRegion): (0, 1)
	st: 15.360000000000014
	duration: 5.0

	setup duration: 5.0

	vehicle: 21
	vehicleInd: 2
	(orig, dest): (0, 112)
	(origRegion, destRegion): (0, 2)
	st: 25.360000000000014
	duration: 10.0

	setup duration: 10.0

	vehicle: 35
	vehicleInd: 3
	(orig, dest): (4, 80)
	(origRegion, destRegion): (0, 1)
	st: 97.3
	duration: 5.0

	setup duration: 5.0

	vehicle: 31
	vehicleInd: 3
	(orig, dest): (46, 35)
	(origRegion, destRegion): (2, 3)
	st: 107.3
	duration: 5.0

	setup duration: 10.0

	vehicle: 46
	vehicleInd: 4
	(orig, dest): (72, 98)
	(origRegion, destRegion): (1, 2)
	st: 138.01
	duration: 5.0

	setup duration: 10.0

	vehicle: 58
	vehicleInd: 3
	(orig, dest): (117, 38)
	(origRegion, destRegion): (0, 1)
	st: 161.26999999999995
	duration: 5.0

	setup duration: 5.0

	vehicle: 15
	vehicleInd: 4
	(orig, dest): (85, 12)
	(origRegion, destRegion): (2, 1)
	st: 183.05
	duration: 5.0

	setup duration: 10.0

	vehicle: 40
	vehicleInd: 4
	(orig, dest): (92, 76)
	(origRegion, destRegion): (3, 2)
	st: 198.05
	duration: 5.0

	setup duration: 5.0

	vehicle: 37
	vehicleInd: 4
	(orig, dest): (175, 90)
	(origRegion, destRegion): (1, 3)
	st: 261.36
	duration: 10.0

	setup duration: 5.0

	vehicle: 31
	vehicleInd: 5
	(orig, dest): (125, 32)
	(origRegion, destRegion): (2, 3)
	st: 298.0
	duration: 5.0

	setup duration: 0.0

	vehicle: 37
	vehicleInd: 5
	(orig, dest): (90, 128)
	(origRegion, destRegion): (3, 0)
	st: 364.71
	duration: 15.0

	setup duration: 15.0

	vehicle: 5
	vehicleInd: 6
	(orig, dest): (65, 0)
	(origRegion, destRegion): (3, 0)
	st: 450.22
	duration: 15.0

	setup duration: 5.0

	vehicle: 39
	vehicleInd: 8
	(orig, dest): (97, 0)
	(origRegion, destRegion): (1, 0)
	st: 474.01
	duration: 5.0

	setup duration: 5.0

	vehicle: 15
	vehicleInd: 8
	(orig, dest): (191, 0)
	(origRegion, destRegion): (1, 0)
	st: 494.01
	duration: 5.0

	setup duration: 5.0

	vehicle: 53
	vehicleInd: 6
	(orig, dest): (74, 0)
	(origRegion, destRegion): (1, 0)
	st: 541.17
	duration: 5.0

	setup duration: 10.0

	vehicle: 22
	vehicleInd: 6
	(orig, dest): (127, 0)
	(origRegion, destRegion): (2, 0)
	st: 564.0
	duration: 10.0

	setup duration: 5.0

	vehicle: 31
	vehicleInd: 10
	(orig, dest): (198, 0)
	(origRegion, destRegion): (1, 0)
	st: 671.75
	duration: 5.0


Machine 3 :
	setup duration: 0.0

	vehicle: 46
	vehicleInd: 2
	(orig, dest): (0, 7)
	(origRegion, destRegion): (0, 1)
	st: 8.379999999999999
	duration: 5.0

	setup duration: 5.0

	vehicle: 22
	vehicleInd: 2
	(orig, dest): (0, 132)
	(origRegion, destRegion): (0, 3)
	st: 18.38
	duration: 15.0

	setup duration: 0.0

	vehicle: 22
	vehicleInd: 3
	(orig, dest): (132, 67)
	(origRegion, destRegion): (3, 2)
	st: 58.620000000000005
	duration: 5.0

	setup duration: 10.0

	vehicle: 1
	vehicleInd: 2
	(orig, dest): (0, 8)
	(origRegion, destRegion): (0, 2)
	st: 76.17000000000002
	duration: 10.0

	setup duration: 0.0

	vehicle: 33
	vehicleInd: 3
	(orig, dest): (55, 14)
	(origRegion, destRegion): (2, 0)
	st: 98.09000000000002
	duration: 10.0

	setup duration: 10.0

	vehicle: 53
	vehicleInd: 3
	(orig, dest): (26, 123)
	(origRegion, destRegion): (2, 0)
	st: 169.2
	duration: 10.0

	setup duration: 0.0

	vehicle: 33
	vehicleInd: 4
	(orig, dest): (14, 113)
	(origRegion, destRegion): (0, 1)
	st: 182.99
	duration: 5.0

	setup duration: 5.0

	vehicle: 24
	vehicleInd: 3
	(orig, dest): (44, 3)
	(origRegion, destRegion): (2, 3)
	st: 200.20000000000002
	duration: 5.0

	setup duration: 5.0

	vehicle: 21
	vehicleInd: 4
	(orig, dest): (2, 69)
	(origRegion, destRegion): (2, 1)
	st: 216.03000000000003
	duration: 5.0

	setup duration: 0.0

	vehicle: 35
	vehicleInd: 4
	(orig, dest): (80, 182)
	(origRegion, destRegion): (1, 3)
	st: 238.92000000000002
	duration: 10.0

	setup duration: 10.0

	vehicle: 58
	vehicleInd: 4
	(orig, dest): (38, 79)
	(origRegion, destRegion): (1, 3)
	st: 271.24999999999994
	duration: 10.0

	setup duration: 10.0

	vehicle: 12
	vehicleInd: 6
	(orig, dest): (195, 11)
	(origRegion, destRegion): (1, 0)
	st: 300.86
	duration: 5.0

	setup duration: 15.0

	vehicle: 54
	vehicleInd: 5
	(orig, dest): (134, 124)
	(origRegion, destRegion): (3, 0)
	st: 320.86
	duration: 15.0

	setup duration: 0.0

	vehicle: 9
	vehicleInd: 5
	(orig, dest): (53, 111)
	(origRegion, destRegion): (0, 2)
	st: 381.44
	duration: 10.0

	setup duration: 0.0

	vehicle: 35
	vehicleInd: 6
	(orig, dest): (29, 0)
	(origRegion, destRegion): (2, 0)
	st: 475.01
	duration: 10.0

	setup duration: 15.0

	vehicle: 55
	vehicleInd: 6
	(orig, dest): (10, 0)
	(origRegion, destRegion): (3, 0)
	st: 531.44
	duration: 15.0


Machine 4 :
	setup duration: 0.0

	vehicle: 10
	vehicleInd: 2
	(orig, dest): (0, 73)
	(origRegion, destRegion): (0, 1)
	st: 3.6299999999999955
	duration: 5.0

	setup duration: 5.0

	vehicle: 15
	vehicleInd: 2
	(orig, dest): (0, 15)
	(origRegion, destRegion): (0, 2)
	st: 13.629999999999995
	duration: 10.0

	setup duration: 10.0

	vehicle: 31
	vehicleInd: 2
	(orig, dest): (0, 46)
	(origRegion, destRegion): (0, 2)
	st: 33.629999999999995
	duration: 10.0

	setup duration: 10.0

	vehicle: 13
	vehicleInd: 3
	(orig, dest): (81, 106)
	(origRegion, destRegion): (0, 1)
	st: 65.46000000000001
	duration: 5.0

	setup duration: 0.0

	vehicle: 10
	vehicleInd: 3
	(orig, dest): (73, 54)
	(origRegion, destRegion): (1, 2)
	st: 100.64999999999999
	duration: 5.0

	setup duration: 5.0

	vehicle: 5
	vehicleInd: 3
	(orig, dest): (57, 89)
	(origRegion, destRegion): (1, 2)
	st: 110.64999999999999
	duration: 5.0

	setup duration: 0.0

	vehicle: 22
	vehicleInd: 4
	(orig, dest): (67, 23)
	(origRegion, destRegion): (2, 0)
	st: 148.84
	duration: 10.0

	setup duration: 5.0

	vehicle: 7
	vehicleInd: 3
	(orig, dest): (20, 60)
	(origRegion, destRegion): (1, 0)
	st: 163.84
	duration: 5.0

	setup duration: 0.0

	vehicle: 37
	vehicleInd: 3
	(orig, dest): (71, 175)
	(origRegion, destRegion): (0, 1)
	st: 184.37
	duration: 5.0

	setup duration: 5.0

	vehicle: 10
	vehicleInd: 4
	(orig, dest): (54, 136)
	(origRegion, destRegion): (2, 3)
	st: 194.37
	duration: 5.0

	setup duration: 5.0

	vehicle: 39
	vehicleInd: 5
	(orig, dest): (133, 58)
	(origRegion, destRegion): (2, 3)
	st: 247.92000000000002
	duration: 5.0

	setup duration: 15.0

	vehicle: 26
	vehicleInd: 3
	(orig, dest): (19, 114)
	(origRegion, destRegion): (0, 1)
	st: 279.12
	duration: 5.0

	setup duration: 0.0

	vehicle: 13
	vehicleInd: 6
	(orig, dest): (104, 138)
	(origRegion, destRegion): (1, 2)
	st: 287.89
	duration: 5.0

	setup duration: 0.0

	vehicle: 55
	vehicleInd: 4
	(orig, dest): (100, 6)
	(origRegion, destRegion): (2, 3)
	st: 309.54
	duration: 5.0

	setup duration: 5.0

	vehicle: 5
	vehicleInd: 5
	(orig, dest): (95, 65)
	(origRegion, destRegion): (2, 3)
	st: 330.0
	duration: 5.0

	setup duration: 0.0

	vehicle: 35
	vehicleInd: 5
	(orig, dest): (182, 29)
	(origRegion, destRegion): (3, 2)
	st: 357.99
	duration: 5.0

	setup duration: 5.0

	vehicle: 10
	vehicleInd: 6
	(orig, dest): (118, 96)
	(origRegion, destRegion): (3, 1)
	st: 374.0
	duration: 10.0

	setup duration: 0.0

	vehicle: 26
	vehicleInd: 4
	(orig, dest): (114, 0)
	(origRegion, destRegion): (1, 0)
	st: 384.0
	duration: 5.0

	setup duration: 0.0

	vehicle: 22
	vehicleInd: 5
	(orig, dest): (23, 127)
	(origRegion, destRegion): (0, 2)
	st: 393.64
	duration: 10.0

	setup duration: 5.0

	vehicle: 39
	vehicleInd: 7
	(orig, dest): (9, 97)
	(origRegion, destRegion): (3, 1)
	st: 425.69
	duration: 10.0

	setup duration: 5.0

	vehicle: 53
	vehicleInd: 5
	(orig, dest): (82, 74)
	(origRegion, destRegion): (0, 1)
	st: 448.97999999999996
	duration: 5.0

	setup duration: 5.0

	vehicle: 9
	vehicleInd: 6
	(orig, dest): (111, 59)
	(origRegion, destRegion): (2, 0)
	st: 470.28999999999996
	duration: 10.0

	setup duration: 5.0

	vehicle: 10
	vehicleInd: 7
	(orig, dest): (96, 105)
	(origRegion, destRegion): (1, 0)
	st: 492.0
	duration: 5.0

	setup duration: 15.0

	vehicle: 31
	vehicleInd: 9
	(orig, dest): (77, 198)
	(origRegion, destRegion): (3, 1)
	st: 545.21
	duration: 10.0


-------------------| COMPL. TIMES |-------------------

Vehicle 0 : 0.0
Vehicle 1 : 340.75
Vehicle 2 : 0.0
Vehicle 3 : 0.0
Vehicle 4 : 0.0
Vehicle 5 : 461.86
Vehicle 6 : 0.0
Vehicle 7 : 392.73
Vehicle 8 : 0.0
Vehicle 9 : 567.0899999999999
Vehicle 10 : 532.7099999999999
Vehicle 11 : 0.0
Vehicle 12 : 573.5
Vehicle 13 : 473.17999999999995
Vehicle 14 : 0.0
Vehicle 15 : 489.38
Vehicle 16 : 0.0
Vehicle 17 : 0.0
Vehicle 18 : 0.0
Vehicle 19 : 267.3
Vehicle 20 : 526.72
Vehicle 21 : 461.78
Vehicle 22 : 561.62
Vehicle 23 : 0.0
Vehicle 24 : 293.78999999999996
Vehicle 25 : 0.0
Vehicle 26 : 238.1
Vehicle 27 : 0.0
Vehicle 28 : 394.39
Vehicle 29 : 0.0
Vehicle 30 : 0.0
Vehicle 31 : 647.12
Vehicle 32 : 0.0
Vehicle 33 : 359.96999999999997
Vehicle 34 : 0.0
Vehicle 35 : 465.68
Vehicle 36 : 0.0
Vehicle 37 : 521.7099999999999
Vehicle 38 : 0.0
Vehicle 39 : 446.69
Vehicle 40 : 455.11
Vehicle 41 : 0.0
Vehicle 42 : 0.0
Vehicle 43 : 309.02
Vehicle 44 : 0.0
Vehicle 45 : 0.0
Vehicle 46 : 537.76
Vehicle 47 : 0.0
Vehicle 48 : 0.0
Vehicle 49 : 0.0
Vehicle 50 : 0.0
Vehicle 51 : 0.0
Vehicle 52 : 0.0
Vehicle 53 : 531.1099999999999
Vehicle 54 : 389.83000000000004
Vehicle 55 : 523.2
Vehicle 56 : 0.0
Vehicle 57 : 0.0
Vehicle 58 : 579.07
Vehicle 59 : 0.0
-------------------| STATISTICS |-------------------

    Vehicles used                           : 45.0
    Machines used                           : 100.0
    Max load (vehicles)                     : 93.1034
    Min load (vehicles)                     : 10.4651
    Mean load (vehicles)                    : 46.745
    Min completion time                     : 34.6076
    Max completion time                     : 94.0581
    Mean completion time                    : 66.4361
    Avrg travel time (with vehicle)         : 34.4477
    Avrg travel time (only with vehicle)    : 20.0581
    Avrg travel time (no vehicle)           : 14.3895
    Avrg waiting time (machine travel)      : 0.1212
    Avrg waiting time (service)             : 6.0961
    Machines travel times (with vehicle)    : [29.0698, 36.3372, 34.8837, 33.4302, 38.5174]
    Machines travel times (no vehicle)      : [13.0814, 14.5349, 16.7151, 12.3547, 15.2616]
    Max load per vehicle                    : [0.0, 29.1667, 0.0, 0.0, 0.0, 93.1034, 0.0, 22.2222, 0.0, 65.2778, 88.8889, 0.0, 55.5556, 70.8333, 0.0, 29.3103, 0.0, 0.0, 0.0, 46.5517, 48.8372, 81.0345, 32.7586, 0.0, 10.4651, 0.0, 12.7907, 0.0, 18.0556, 0.0, 0.0, 55.814, 0.0, 34.8837, 0.0, 51.3889, 0.0, 34.7222, 0.0, 61.1111, 27.5862, 0.0, 0.0, 50.0, 0.0, 0.0, 62.5, 0.0, 0.0, 0.0, 0.0, 0.0, 0.0, 16.2791, 58.6207, 72.4138, 0.0, 0.0, 31.9444, 0.0]

----------------------------------------------------

TOTAL: 12341.17

Everything is awesome!
