Set parameter WLSAccessID
Set parameter WLSSecret
Set parameter LicenseID to value 2661775
Academic license 2661775 - for non-commercial use only - registered to me___@dcc.ufba.br
Parameter 'method_type' with value 'form' successfully set as form of type <class 'str'>
Parameter 'method_code' with value 'melo_hx' successfully set as melo_hx of type <class 'str'>
Parameter 'seed' with value '0' successfully set as 0 of type <class 'int'>
Parameter 'hx_max_time' with value '3600' successfully set as 3600 of type <class 'int'>
Parameter 'elevator' with value '1' successfully set as 1 of type <class 'int'>
Parameter 'threads' with value '8' successfully set as 8 of type <class 'int'>
Parameter 'print_sol' with value '1' successfully set as 1 of type <class 'int'>
Parameter 'constraints_used_melo_mip_str' with value '1-29' successfully set as 1-29 of type <class 'str'>
Instance: lr205_t2_10R_10V_02F_04M
ParameterData(inst_path='/dados/rmelo/PDPTW-SE/benchmark_multi_floor_v3/official_experiments/mip_hexaly/set_02_pt_02/../../../instances/orig_ams_fg/10R_10V_02F_04M/t2/lr205/', name='lr205', type='t2', group='10R_10V_02F_04M', full_name='lr205_t2_10R_10V_02F_04M', method_type='form', method_code='melo_hx', gen_config_file='/dados/rmelo/PDPTW-SE/benchmark_multi_floor_v3/official_experiments/mip_hexaly/set_02_pt_02/configs/genconfig_melo_hx.conf', gen_config_filename='genconfig_melo_hx', greedy_service_order='tightest_tw', cutoff=0, cutoff_machs=4, solver='Gurobi', max_time=7200, gurobi_cuts=1, type_user_cut=0, mip_presolve=-1, print_sol=1, max_nodes=-1, elevator=1, make_instance_feasible=False, output='/dados/rmelo/PDPTW-SE/benchmark_multi_floor_v3/official_experiments/mip_hexaly/set_02_pt_02/logs', epsilon=0.005, epsilon_cap=0.5, warm_start=False, seed=0, rng=<random.Random object at 0x55e0842325b0>, alpha=0.2, max_iter=1000000, output_flag_grb_mip=0, output_flag_grb_mslp=0, output_flag_grb_lmns=0, mslp_r='M', mslp_a='60', lmns_r='M', lmns_a='60', lmns_repair_time=30.0, lmns_mip_focus=0, lmns_gap_to_bigger_destruction=50, lmns_gap_to_smaller_destruction=95, lmns_weight_shaw_dist_prox=1.0, lmns_weight_shaw_earl_prox=1.0, lmns_weight_shaw_same_route=1.0, lmns_weight_shaw_demand_sim=1.0, lmns_req_r_apply_mip_start=True, lmns_acceptance_criteria='H', lmns_metropolis_temp=100.0, lmns_simulated_annealing_temp=100.0, lmns_simulated_annealing_cool=0.95, mip_max_time=3600, hx_max_time=3600, csv_file_name='', sol_file_name='', timeline_file_name='', grb_file_name='', validate_synchronization=True, constraints_used_melo_mip_str='1-29', constraints_used_melo_mip=None, run_callback_melo_mip=False, mip_heuristics=0.05, threads=8)
Constraints active in melo MIP
1 2 3 4 5 6 7 8 9 10 11 12 13 14 15 16 17 18 19 20 21 22 23 24 25 26 27 28 29 
[Reading Data] Using files at /dados/rmelo/PDPTW-SE/benchmark_multi_floor_v3/official_experiments/mip_hexaly/set_02_pt_02/../../../instances/orig_ams_fg/10R_10V_02F_04M/t2/lr205/
vehicles: [Vehicle(id=0, cap=34), Vehicle(id=1, cap=43), Vehicle(id=2, cap=52), Vehicle(id=3, cap=43), Vehicle(id=4, cap=52), Vehicle(id=5, cap=52), Vehicle(id=6, cap=43), Vehicle(id=7, cap=34), Vehicle(id=8, cap=43), Vehicle(id=9, cap=52)]
vehicle_types: [Vehicle(id=7, cap=34), Vehicle(id=8, cap=43), Vehicle(id=9, cap=52)]
machines: [Machine(id=0, points=[Point(x=35, y=42, z=0), Point(x=35, y=42, z=1)], spd=0.2), Machine(id=1, points=[Point(x=37, y=42, z=0), Point(x=37, y=42, z=1)], spd=0.2), Machine(id=2, points=[Point(x=33, y=42, z=0), Point(x=33, y=42, z=1)], spd=0.2), Machine(id=3, points=[Point(x=39, y=42, z=0), Point(x=39, y=42, z=1)], spd=0.2)]
refs: [0, 1, 2, 3, 4, 6, 7, 8, 9, 12, 13, 16, 17, 14, 20, 11, 15, 18, 10, 19, 5, 0]
V: [0, 1, 2, 3, 4, 5, 6, 7, 8, 9, 10, 11, 12, 13, 14, 15, 16, 17, 18, 19, 20]
V_p: [1, 2, 3, 4, 5, 6, 7, 8, 9, 10]
V_d: [11, 12, 13, 14, 15, 16, 17, 18, 19, 20]
V_p_d: [1, 2, 3, 4, 5, 6, 7, 8, 9, 10, 11, 12, 13, 14, 15, 16, 17, 18, 19, 20]
Vprime: [0, 1, 2, 3, 4, 5, 6, 7, 8, 9, 10, 11, 12, 13, 14, 15, 16, 17, 18, 19, 20, 21]
q: [0, 13, 26, 3, 5, 16, 12, 19, 20, 12, 9, -13, -26, -3, -5, -16, -12, -19, -20, -12, -9, 0]
H: [0, 1, 2, 3]
Machine points:
# Machine 0
	Point(x=35, y=42, z=0)
	Point(x=35, y=42, z=1)

# Machine 1
	Point(x=37, y=42, z=0)
	Point(x=37, y=42, z=1)

# Machine 2
	Point(x=33, y=42, z=0)
	Point(x=33, y=42, z=1)

# Machine 3
	Point(x=39, y=42, z=0)
	Point(x=39, y=42, z=1)

f: [[0 0 0 0]
 [1 1 1 1]
 [0 0 0 0]
 [1 1 1 1]
 [0 0 0 0]
 [1 1 1 1]
 [1 1 1 1]
 [0 0 0 0]
 [1 1 1 1]
 [0 0 0 0]
 [0 0 0 0]
 [0 0 0 0]
 [1 1 1 1]
 [1 1 1 1]
 [1 1 1 1]
 [0 0 0 0]
 [1 1 1 1]
 [0 0 0 0]
 [1 1 1 1]
 [1 1 1 1]
 [0 0 0 0]
 [0 0 0 0]]
(0, 0, 0) 0.0
(0, 1, 0) 5.0
(1, 0, 0) 5.0
(1, 1, 0) 0.0
(0, 0, 1) 0.0
(0, 1, 1) 5.0
(1, 0, 1) 5.0
(1, 1, 1) 0.0
(0, 0, 2) 0.0
(0, 1, 2) 5.0
(1, 0, 2) 5.0
(1, 1, 2) 0.0
(0, 0, 3) 0.0
(0, 1, 3) 5.0
(1, 0, 3) 5.0
(1, 1, 3) 0.0
Number of arcs: 241
M:  (0, np.int64(0)) (1, np.int64(79)) (2, np.int64(1083)) (3, np.int64(1073)) (4, np.int64(1051)) (5, np.int64(1041)) (6, np.int64(1046)) (7, np.int64(1011)) (8, np.int64(6))
JOBS in the order of refs (Vprime)
Node 0: Job(id=0, point=Point(x=35, y=35, z=0), dem=0, earl=0, lat=1000, servt=0, pid=0, did=0)
Node 1: Job(id=3, point=Point(x=55, y=45, z=1), dem=13, earl=436, lat=676, servt=10, pid=0, did=50)
Node 2: Job(id=5, point=Point(x=15, y=30, z=0), dem=26, earl=20, lat=260, servt=10, pid=0, did=53)
Node 3: Job(id=6, point=Point(x=25, y=30, z=1), dem=3, earl=345, lat=585, servt=10, pid=0, did=22)
Node 4: Job(id=7, point=Point(x=20, y=50, z=0), dem=5, earl=251, lat=491, servt=10, pid=0, did=99)
Node 5: Job(id=10, point=Point(x=30, y=60, z=1), dem=16, earl=485, lat=725, servt=10, pid=0, did=17)
Node 6: Job(id=11, point=Point(x=20, y=65, z=1), dem=12, earl=146, lat=386, servt=10, pid=0, did=24)
Node 7: Job(id=12, point=Point(x=50, y=35, z=0), dem=19, earl=167, lat=407, servt=10, pid=0, did=66)
Node 8: Job(id=14, point=Point(x=15, y=10, z=1), dem=20, earl=32, lat=272, servt=10, pid=0, did=16)
Node 9: Job(id=18, point=Point(x=20, y=40, z=0), dem=12, earl=286, lat=526, servt=10, pid=0, did=74)
Node 10: Job(id=20, point=Point(x=45, y=65, z=0), dem=9, earl=504, lat=744, servt=10, pid=0, did=9)
Node 11: Job(id=50, point=Point(x=47, y=47, z=0), dem=-13, earl=475, lat=715, servt=10, pid=3, did=0)
Node 12: Job(id=53, point=Point(x=37, y=31, z=1), dem=-26, earl=332, lat=572, servt=10, pid=5, did=0)
Node 13: Job(id=22, point=Point(x=45, y=10, z=1), dem=-3, earl=332, lat=572, servt=10, pid=6, did=0)
Node 14: Job(id=99, point=Point(x=20, y=26, z=1), dem=-5, earl=263, lat=503, servt=10, pid=7, did=0)
Node 15: Job(id=17, point=Point(x=5, y=30, z=0), dem=-16, earl=682, lat=922, servt=10, pid=10, did=0)
Node 16: Job(id=24, point=Point(x=65, y=35, z=1), dem=-12, earl=656, lat=896, servt=10, pid=11, did=0)
Node 17: Job(id=66, point=Point(x=49, y=73, z=0), dem=-19, earl=523, lat=763, servt=10, pid=12, did=0)
Node 18: Job(id=16, point=Point(x=10, y=20, z=1), dem=-20, earl=203, lat=443, servt=10, pid=14, did=0)
Node 19: Job(id=74, point=Point(x=46, y=13, z=1), dem=-12, earl=622, lat=862, servt=10, pid=18, did=0)
Node 20: Job(id=9, point=Point(x=55, y=60, z=0), dem=-9, earl=329, lat=569, servt=10, pid=20, did=0)
Node 21: Job(id=0, point=Point(x=35, y=35, z=0), dem=0, earl=0, lat=1000, servt=0, pid=0, did=0)

### Preprocessing Data ###
	-> arcs: 484 (100.0%)
	-> arc_removals: 243 (50.21%)
	-> arc_removals_is_loop: 22 (4.55%)
	-> arc_removals_is_delivery_to_pickup: 12 (2.48%)
	-> arc_removals_is_depot_begin_to_delivery: 10 (2.07%)
	-> arc_removals_is_pickup_to_depot_end: 10 (2.07%)
	-> arc_removals_is_dest_depot_begin: 20 (4.13%)
	-> arc_removals_is_orig_depot_end: 19 (3.93%)
	-> arc_removals_is_capacity_violated: 0 (0.0%)
	-> arc_removals_is_time_window_limited: 107 (22.11%)
	-> arc_removals_is_time_window_pairing_limited: 38 (7.85%)
	-> arc_removals_is_indirect_request_service_impossible: 5 (1.03%)
	-> gamma_vars: 59293 (100.0%)
	-> feas_gamma_vars: 49553 (83.57%)
	-> infeas_gamma_vars_is_next_mtrv_unreachable: 9253 (15.61%)
	-> infeas_gamma_vars_is_iprime_jprime_eq_i_j: 487 (0.82%)
	-> machine_removal_for_an_arc: 1 (0.21%)
##########################

### Model variables summary ###
	-> Total number of variables: 53197
		- x: 2410
		- z: 220
		- t: 20
		- tstart: 10
		- tfinal: 10
		- phi: 487
		- alpha: 487
		- gamma: 49553
	-> Number of binary variables: 52670


[21:43:18] Adding routing constraints
[21:43:18] Adding scheduling constraints
[21:43:19] Adding objective function

Model:  expressions = 681871, decisions = 53207, constraints = 196326, objectives = 1
Param:  time limit = 3600 sec, no iteration limit, nb threads = 8
        seed = 0

[objective direction ]:     minimize

[  0 sec,       0 itr]: No feasible solution found (infeas = 70)
[  1 sec,    2094 itr]: No feasible solution found (infeas = 70)
[  2 sec,    6246 itr]: No feasible solution found (infeas = 70)
[  3 sec,    6246 itr]: No feasible solution found (infeas = 70)
[  4 sec,    9417 itr]: No feasible solution found (infeas = 70)
[  5 sec,   12450 itr]: No feasible solution found (infeas = 70)
[  6 sec,   18619 itr]: No feasible solution found (infeas = 10)
[  7 sec,   18619 itr]: No feasible solution found (infeas = 10)
[  8 sec,   21487 itr]: No feasible solution found (infeas = 9)
[  9 sec,   28419 itr]: No feasible solution found (infeas = 8)
[ 10 sec,   32225 itr]: No feasible solution found (infeas = 8)
[ 11 sec,   35518 itr]: No feasible solution found (infeas = 8)
[ 12 sec,   39313 itr]: No feasible solution found (infeas = 7)
[ 13 sec,   39313 itr]: No feasible solution found (infeas = 7)
[ 14 sec,   42833 itr]: No feasible solution found (infeas = 7)
[ 15 sec,   46586 itr]: No feasible solution found (infeas = 7)
[ 16 sec,   53794 itr]: No feasible solution found (infeas = 7)
[ 17 sec,   53794 itr]: No feasible solution found (infeas = 7)
[ 18 sec,   57329 itr]: No feasible solution found (infeas = 7)
[ 19 sec,   60493 itr]: No feasible solution found (infeas = 7)
[ 20 sec,   64706 itr]: No feasible solution found (infeas = 7)
[ 21 sec,   68972 itr]: No feasible solution found (infeas = 7)
[ 22 sec,   73373 itr]: No feasible solution found (infeas = 7)
[ 23 sec,   77480 itr]: No feasible solution found (infeas = 7)
[ 24 sec,   81497 itr]: No feasible solution found (infeas = 7)
[ 25 sec,   85762 itr]: No feasible solution found (infeas = 7)
[ 26 sec,   89558 itr]: No feasible solution found (infeas = 7)
[ 27 sec,   93588 itr]: No feasible solution found (infeas = 7)
[ 28 sec,  100979 itr]: No feasible solution found (infeas = 7)
[ 29 sec,  100979 itr]: No feasible solution found (infeas = 7)
[ 30 sec,  108195 itr]: No feasible solution found (infeas = 7)
[ 31 sec,  108195 itr]: No feasible solution found (infeas = 7)
[ 32 sec,  115895 itr]: No feasible solution found (infeas = 7)
[ 33 sec,  119218 itr]: No feasible solution found (infeas = 7)
[ 34 sec,  122519 itr]: No feasible solution found (infeas = 7)
[ 35 sec,  126060 itr]: No feasible solution found (infeas = 7)
[ 36 sec,  129150 itr]: No feasible solution found (infeas = 7)
[ 37 sec,  131599 itr]: No feasible solution found (infeas = 7)
[ 38 sec,  134018 itr]: No feasible solution found (infeas = 7)
[ 39 sec,  136345 itr]: No feasible solution found (infeas = 7)
[ 40 sec,  138660 itr]: No feasible solution found (infeas = 7)
[ 41 sec,  140838 itr]: No feasible solution found (infeas = 7)
[ 42 sec,  142858 itr]: No feasible solution found (infeas = 7)
[ 43 sec,  145081 itr]: No feasible solution found (infeas = 7)
[ 44 sec,  147208 itr]: No feasible solution found (infeas = 7)
[ 45 sec,  149254 itr]: No feasible solution found (infeas = 7)
[ 46 sec,  151333 itr]: No feasible solution found (infeas = 7)
[ 47 sec,  153451 itr]: No feasible solution found (infeas = 7)
[ 48 sec,  155370 itr]: No feasible solution found (infeas = 7)
[ 49 sec,  157205 itr]: No feasible solution found (infeas = 7)
[ 50 sec,  159033 itr]: No feasible solution found (infeas = 7)
[ 51 sec,  160746 itr]: No feasible solution found (infeas = 7)
[ 52 sec,  162487 itr]: No feasible solution found (infeas = 7)
[ 53 sec,  164131 itr]: No feasible solution found (infeas = 7)
[ 54 sec,  165838 itr]: No feasible solution found (infeas = 7)
[ 55 sec,  167448 itr]: No feasible solution found (infeas = 7)
[ 56 sec,  169007 itr]: No feasible solution found (infeas = 7)
[ 57 sec,  170490 itr]: No feasible solution found (infeas = 7)
[ 58 sec,  172005 itr]: No feasible solution found (infeas = 7)
[ 59 sec,  173436 itr]: No feasible solution found (infeas = 7)
[ 60 sec,  175071 itr]: No feasible solution found (infeas = 7)
[ 61 sec,  176598 itr]: No feasible solution found (infeas = 7)
[ 62 sec,  178219 itr]: No feasible solution found (infeas = 7)
[ 63 sec,  179946 itr]: No feasible solution found (infeas = 7)
[ 64 sec,  181541 itr]: No feasible solution found (infeas = 7)
[ 65 sec,  183023 itr]: No feasible solution found (infeas = 7)
[ 66 sec,  184509 itr]: No feasible solution found (infeas = 7)
[ 67 sec,  186055 itr]: No feasible solution found (infeas = 7)
[ 68 sec,  187625 itr]: No feasible solution found (infeas = 7)
[ 69 sec,  189035 itr]: No feasible solution found (infeas = 7)
[ 70 sec,  190585 itr]: No feasible solution found (infeas = 7)
[ 71 sec,  192203 itr]: No feasible solution found (infeas = 7)
[ 72 sec,  193874 itr]: No feasible solution found (infeas = 7)
[ 73 sec,  195341 itr]: No feasible solution found (infeas = 7)
[ 74 sec,  196761 itr]: No feasible solution found (infeas = 7)
[ 75 sec,  198225 itr]: No feasible solution found (infeas = 7)
[ 76 sec,  199622 itr]: No feasible solution found (infeas = 7)
[ 77 sec,  200970 itr]: No feasible solution found (infeas = 5)
[ 78 sec,  200970 itr]: No feasible solution found (infeas = 5)
[ 79 sec,  203833 itr]: No feasible solution found (infeas = 5)
[ 80 sec,  205459 itr]: No feasible solution found (infeas = 5)
[ 81 sec,  205459 itr]: No feasible solution found (infeas = 5)
[ 82 sec,  208427 itr]: No feasible solution found (infeas = 5)
[ 83 sec,  209931 itr]: No feasible solution found (infeas = 5)
[ 84 sec,  211346 itr]: No feasible solution found (infeas = 5)
[ 85 sec,  211346 itr]: No feasible solution found (infeas = 5)
[ 86 sec,  214414 itr]: No feasible solution found (infeas = 5)
[ 87 sec,  214414 itr]: No feasible solution found (infeas = 5)
[ 88 sec,  217540 itr]: No feasible solution found (infeas = 5)
[ 89 sec,  218978 itr]: No feasible solution found (infeas = 5)
[ 90 sec,  220603 itr]: No feasible solution found (infeas = 5)
[ 91 sec,  222186 itr]: No feasible solution found (infeas = 5)
[ 92 sec,  223576 itr]: No feasible solution found (infeas = 5)
[ 93 sec,  225093 itr]: No feasible solution found (infeas = 5)
[ 94 sec,  226731 itr]: No feasible solution found (infeas = 5)
[ 95 sec,  228417 itr]: No feasible solution found (infeas = 5)
[ 96 sec,  229897 itr]: No feasible solution found (infeas = 5)
[ 97 sec,  231348 itr]: No feasible solution found (infeas = 5)
[ 98 sec,  232922 itr]: No feasible solution found (infeas = 5)
[ 99 sec,  234539 itr]: No feasible solution found (infeas = 5)
[100 sec,  234539 itr]: No feasible solution found (infeas = 5)
[101 sec,  236038 itr]: No feasible solution found (infeas = 5)
[102 sec,  239126 itr]: No feasible solution found (infeas = 5)
[103 sec,  240806 itr]: No feasible solution found (infeas = 5)
[104 sec,  242351 itr]: No feasible solution found (infeas = 5)
[105 sec,  242351 itr]: No feasible solution found (infeas = 5)
[106 sec,  245498 itr]: No feasible solution found (infeas = 5)
[107 sec,  247139 itr]: No feasible solution found (infeas = 5)
[108 sec,  248873 itr]: No feasible solution found (infeas = 5)
[109 sec,  250619 itr]: No feasible solution found (infeas = 5)
[110 sec,  252444 itr]: No feasible solution found (infeas = 5)
[111 sec,  254042 itr]: No feasible solution found (infeas = 5)
[112 sec,  254042 itr]: No feasible solution found (infeas = 5)
[113 sec,  257772 itr]: No feasible solution found (infeas = 5)
[114 sec,  257772 itr]: No feasible solution found (infeas = 5)
[115 sec,  261963 itr]: No feasible solution found (infeas = 5)
[116 sec,  264200 itr]: No feasible solution found (infeas = 5)
[117 sec,  264200 itr]: No feasible solution found (infeas = 5)
[118 sec,  268704 itr]: No feasible solution found (infeas = 5)
[119 sec,  270989 itr]: No feasible solution found (infeas = 5)
[120 sec,  273363 itr]: No feasible solution found (infeas = 5)
[121 sec,  273363 itr]: No feasible solution found (infeas = 5)
[122 sec,  277897 itr]: No feasible solution found (infeas = 5)
[123 sec,  280088 itr]: No feasible solution found (infeas = 5)
[124 sec,  280088 itr]: No feasible solution found (infeas = 5)
[125 sec,  284377 itr]: No feasible solution found (infeas = 5)
[126 sec,  286453 itr]: No feasible solution found (infeas = 5)
[127 sec,  288802 itr]: No feasible solution found (infeas = 5)
[128 sec,  291014 itr]: No feasible solution found (infeas = 5)
[129 sec,  293321 itr]: No feasible solution found (infeas = 5)
[130 sec,  295625 itr]: No feasible solution found (infeas = 5)
[131 sec,  297820 itr]: No feasible solution found (infeas = 5)
[132 sec,  299947 itr]: No feasible solution found (infeas = 5)
[133 sec,  302370 itr]: No feasible solution found (infeas = 5)
[134 sec,  304924 itr]: No feasible solution found (infeas = 5)
[135 sec,  307210 itr]: No feasible solution found (infeas = 5)
[136 sec,  307210 itr]: No feasible solution found (infeas = 5)
[137 sec,  311897 itr]: No feasible solution found (infeas = 5)
[138 sec,  311897 itr]: No feasible solution found (infeas = 5)
[139 sec,  314379 itr]: No feasible solution found (infeas = 5)
[140 sec,  316757 itr]: No feasible solution found (infeas = 5)
[141 sec,  321440 itr]: No feasible solution found (infeas = 5)
[142 sec,  323887 itr]: No feasible solution found (infeas = 5)
[143 sec,  326157 itr]: No feasible solution found (infeas = 5)
[144 sec,  326157 itr]: No feasible solution found (infeas = 5)
[145 sec,  330864 itr]: No feasible solution found (infeas = 5)
[146 sec,  333180 itr]: No feasible solution found (infeas = 5)
[147 sec,  333180 itr]: No feasible solution found (infeas = 5)
[148 sec,  338120 itr]: No feasible solution found (infeas = 5)
[149 sec,  338120 itr]: No feasible solution found (infeas = 5)
[150 sec,  340571 itr]: No feasible solution found (infeas = 5)
[151 sec,  345688 itr]: No feasible solution found (infeas = 5)
[152 sec,  348164 itr]: No feasible solution found (infeas = 5)
[153 sec,  348164 itr]: No feasible solution found (infeas = 5)
[154 sec,  350715 itr]: No feasible solution found (infeas = 5)
[155 sec,  355661 itr]: No feasible solution found (infeas = 5)
[156 sec,  358130 itr]: No feasible solution found (infeas = 5)
[157 sec,  358130 itr]: No feasible solution found (infeas = 5)
[158 sec,  360615 itr]: No feasible solution found (infeas = 5)
[159 sec,  363102 itr]: No feasible solution found (infeas = 5)
[160 sec,  367880 itr]: No feasible solution found (infeas = 5)
[161 sec,  367880 itr]: No feasible solution found (infeas = 5)
[162 sec,  370493 itr]: No feasible solution found (infeas = 5)
[163 sec,  375438 itr]: No feasible solution found (infeas = 5)
[164 sec,  378203 itr]: No feasible solution found (infeas = 5)
[165 sec,  378203 itr]: No feasible solution found (infeas = 5)
[166 sec,  380789 itr]: No feasible solution found (infeas = 5)
[167 sec,  385770 itr]: No feasible solution found (infeas = 5)
[168 sec,  388249 itr]: No feasible solution found (infeas = 5)
[169 sec,  388249 itr]: No feasible solution found (infeas = 5)
[170 sec,  390693 itr]: No feasible solution found (infeas = 5)
[171 sec,  393163 itr]: No feasible solution found (infeas = 5)
[172 sec,  395578 itr]: No feasible solution found (infeas = 5)
[173 sec,  400525 itr]: No feasible solution found (infeas = 5)
[174 sec,  402898 itr]: No feasible solution found (infeas = 5)
[175 sec,  405415 itr]: No feasible solution found (infeas = 5)
[176 sec,  405415 itr]: No feasible solution found (infeas = 5)
[177 sec,  407864 itr]: No feasible solution found (infeas = 5)
[178 sec,  410227 itr]: No feasible solution found (infeas = 5)
[179 sec,  415505 itr]: No feasible solution found (infeas = 5)
[180 sec,  415505 itr]: No feasible solution found (infeas = 5)
[181 sec,  418072 itr]: No feasible solution found (infeas = 5)
[182 sec,  420557 itr]: No feasible solution found (infeas = 5)
[183 sec,  425423 itr]: No feasible solution found (infeas = 5)
[184 sec,  425423 itr]: No feasible solution found (infeas = 5)
[185 sec,  427788 itr]: No feasible solution found (infeas = 5)
[186 sec,  432373 itr]: No feasible solution found (infeas = 5)
[187 sec,  434621 itr]: No feasible solution found (infeas = 5)
[188 sec,  437073 itr]: No feasible solution found (infeas = 5)
[189 sec,  437073 itr]: No feasible solution found (infeas = 5)
[190 sec,  439418 itr]: No feasible solution found (infeas = 5)
[191 sec,  441878 itr]: No feasible solution found (infeas = 5)
[192 sec,  444223 itr]: No feasible solution found (infeas = 5)
[193 sec,  448874 itr]: No feasible solution found (infeas = 5)
[194 sec,  448874 itr]: No feasible solution found (infeas = 5)
[195 sec,  453168 itr]: No feasible solution found (infeas = 5)
[196 sec,  453168 itr]: No feasible solution found (infeas = 5)
[197 sec,  455563 itr]: No feasible solution found (infeas = 5)
[198 sec,  458016 itr]: No feasible solution found (infeas = 5)
[199 sec,  460340 itr]: No feasible solution found (infeas = 5)
[200 sec,  462856 itr]: No feasible solution found (infeas = 5)
[201 sec,  467463 itr]: No feasible solution found (infeas = 5)
[202 sec,  469743 itr]: No feasible solution found (infeas = 5)
[203 sec,  471971 itr]: No feasible solution found (infeas = 5)
[204 sec,  471971 itr]: No feasible solution found (infeas = 5)
[205 sec,  476534 itr]: No feasible solution found (infeas = 5)
[206 sec,  478923 itr]: No feasible solution found (infeas = 5)
[207 sec,  481459 itr]: No feasible solution found (infeas = 5)
[208 sec,  483901 itr]: No feasible solution found (infeas = 5)
[209 sec,  485713 itr]: No feasible solution found (infeas = 5)
[210 sec,  485713 itr]: No feasible solution found (infeas = 5)
[211 sec,  489031 itr]: No feasible solution found (infeas = 5)
[212 sec,  490293 itr]: No feasible solution found (infeas = 5)
[213 sec,  491710 itr]: No feasible solution found (infeas = 5)
[214 sec,  491710 itr]: No feasible solution found (infeas = 5)
[215 sec,  494259 itr]: No feasible solution found (infeas = 5)
[216 sec,  494259 itr]: No feasible solution found (infeas = 5)
[217 sec,  495642 itr]: No feasible solution found (infeas = 5)
[218 sec,  496909 itr]: No feasible solution found (infeas = 5)
[219 sec,  498115 itr]: No feasible solution found (infeas = 5)
[220 sec,  499243 itr]: No feasible solution found (infeas = 5)
[221 sec,  500411 itr]: No feasible solution found (infeas = 5)
[222 sec,  502627 itr]: No feasible solution found (infeas = 5)
[223 sec,  503748 itr]: No feasible solution found (infeas = 5)
[224 sec,  503748 itr]: No feasible solution found (infeas = 5)
[225 sec,  504970 itr]: No feasible solution found (infeas = 5)
[226 sec,  507202 itr]: No feasible solution found (infeas = 5)
[227 sec,  507202 itr]: No feasible solution found (infeas = 5)
[228 sec,  508189 itr]: No feasible solution found (infeas = 5)
[229 sec,  509352 itr]: No feasible solution found (infeas = 5)
[230 sec,  510549 itr]: No feasible solution found (infeas = 5)
[231 sec,  513111 itr]: No feasible solution found (infeas = 5)
[232 sec,  513111 itr]: No feasible solution found (infeas = 5)
[233 sec,  515523 itr]: No feasible solution found (infeas = 5)
[234 sec,  516757 itr]: No feasible solution found (infeas = 5)
[235 sec,  517947 itr]: No feasible solution found (infeas = 5)
[236 sec,  519186 itr]: No feasible solution found (infeas = 5)
[237 sec,  519186 itr]: No feasible solution found (infeas = 5)
[238 sec,  521692 itr]: No feasible solution found (infeas = 5)
[239 sec,  522953 itr]: No feasible solution found (infeas = 5)
[240 sec,  524087 itr]: No feasible solution found (infeas = 5)
[241 sec,  524087 itr]: No feasible solution found (infeas = 5)
[242 sec,  528279 itr]: No feasible solution found (infeas = 5)
[243 sec,  528279 itr]: No feasible solution found (infeas = 5)
[244 sec,  533067 itr]: No feasible solution found (infeas = 5)
[245 sec,  535357 itr]: No feasible solution found (infeas = 5)
[246 sec,  535357 itr]: No feasible solution found (infeas = 5)
[247 sec,  540259 itr]: No feasible solution found (infeas = 5)
[248 sec,  542582 itr]: No feasible solution found (infeas = 5)
[249 sec,  544994 itr]: No feasible solution found (infeas = 5)
[250 sec,  547367 itr]: No feasible solution found (infeas = 5)
[251 sec,  549705 itr]: No feasible solution found (infeas = 5)
[252 sec,  549705 itr]: No feasible solution found (infeas = 5)
[253 sec,  552088 itr]: No feasible solution found (infeas = 5)
[254 sec,  554476 itr]: No feasible solution found (infeas = 5)
[255 sec,  556846 itr]: No feasible solution found (infeas = 5)
[256 sec,  561625 itr]: No feasible solution found (infeas = 5)
[257 sec,  561625 itr]: No feasible solution found (infeas = 5)
[258 sec,  566513 itr]: No feasible solution found (infeas = 5)
[259 sec,  568888 itr]: No feasible solution found (infeas = 5)
[260 sec,  571148 itr]: No feasible solution found (infeas = 5)
[261 sec,  573538 itr]: No feasible solution found (infeas = 5)
[262 sec,  573538 itr]: No feasible solution found (infeas = 5)
[263 sec,  575993 itr]: No feasible solution found (infeas = 5)
[264 sec,  580914 itr]: No feasible solution found (infeas = 5)
[265 sec,  580914 itr]: No feasible solution found (infeas = 5)
[266 sec,  583347 itr]: No feasible solution found (infeas = 5)
[267 sec,  585708 itr]: No feasible solution found (infeas = 5)
[268 sec,  590546 itr]: No feasible solution found (infeas = 5)
[269 sec,  590546 itr]: No feasible solution found (infeas = 5)
[270 sec,  592967 itr]: No feasible solution found (infeas = 5)
[271 sec,  595449 itr]: No feasible solution found (infeas = 5)
[272 sec,  597749 itr]: No feasible solution found (infeas = 5)
[273 sec,  600176 itr]: No feasible solution found (infeas = 5)
[274 sec,  604884 itr]: No feasible solution found (infeas = 5)
[275 sec,  604884 itr]: No feasible solution found (infeas = 5)
[276 sec,  607278 itr]: No feasible solution found (infeas = 5)
[277 sec,  609549 itr]: No feasible solution found (infeas = 5)
[278 sec,  611894 itr]: No feasible solution found (infeas = 5)
[279 sec,  614262 itr]: No feasible solution found (infeas = 5)
[280 sec,  616539 itr]: No feasible solution found (infeas = 5)
[281 sec,  618898 itr]: No feasible solution found (infeas = 5)
[282 sec,  623721 itr]: No feasible solution found (infeas = 5)
[283 sec,  626195 itr]: No feasible solution found (infeas = 5)
[284 sec,  626195 itr]: No feasible solution found (infeas = 5)
[285 sec,  628584 itr]: No feasible solution found (infeas = 5)
[286 sec,  630939 itr]: No feasible solution found (infeas = 5)
[287 sec,  633363 itr]: No feasible solution found (infeas = 5)
[288 sec,  638138 itr]: No feasible solution found (infeas = 5)
[289 sec,  640494 itr]: No feasible solution found (infeas = 5)
[290 sec,  640494 itr]: No feasible solution found (infeas = 5)
[291 sec,  642816 itr]: No feasible solution found (infeas = 5)
[292 sec,  647530 itr]: No feasible solution found (infeas = 5)
[293 sec,  649667 itr]: No feasible solution found (infeas = 5)
[294 sec,  651830 itr]: No feasible solution found (infeas = 5)
[295 sec,  654083 itr]: No feasible solution found (infeas = 5)
[296 sec,  656324 itr]: No feasible solution found (infeas = 5)
[297 sec,  658567 itr]: No feasible solution found (infeas = 5)
[298 sec,  660638 itr]: No feasible solution found (infeas = 5)
[299 sec,  660638 itr]: No feasible solution found (infeas = 5)
[300 sec,  665332 itr]: No feasible solution found (infeas = 5)
[301 sec,  667568 itr]: No feasible solution found (infeas = 5)
[302 sec,  669575 itr]: No feasible solution found (infeas = 5)
[303 sec,  671915 itr]: No feasible solution found (infeas = 5)
[304 sec,  674187 itr]: No feasible solution found (infeas = 5)
[305 sec,  676352 itr]: No feasible solution found (infeas = 5)
[306 sec,  678567 itr]: No feasible solution found (infeas = 5)
[307 sec,  680700 itr]: No feasible solution found (infeas = 5)
[308 sec,  682802 itr]: No feasible solution found (infeas = 5)
[309 sec,  684974 itr]: No feasible solution found (infeas = 5)
[310 sec,  687000 itr]: No feasible solution found (infeas = 5)
[311 sec,  689169 itr]: No feasible solution found (infeas = 5)
[312 sec,  691351 itr]: No feasible solution found (infeas = 5)
[313 sec,  693511 itr]: No feasible solution found (infeas = 5)
[314 sec,  695678 itr]: No feasible solution found (infeas = 5)
[315 sec,  697853 itr]: No feasible solution found (infeas = 5)
[316 sec,  699950 itr]: No feasible solution found (infeas = 5)
[317 sec,  702112 itr]: No feasible solution found (infeas = 5)
[318 sec,  704347 itr]: No feasible solution found (infeas = 5)
[319 sec,  706502 itr]: No feasible solution found (infeas = 5)
[320 sec,  708704 itr]: No feasible solution found (infeas = 5)
[321 sec,  710863 itr]: No feasible solution found (infeas = 5)
[322 sec,  713191 itr]: No feasible solution found (infeas = 5)
[323 sec,  715459 itr]: No feasible solution found (infeas = 5)
[324 sec,  717671 itr]: No feasible solution found (infeas = 5)
[325 sec,  719832 itr]: No feasible solution found (infeas = 5)
[326 sec,  722039 itr]: No feasible solution found (infeas = 5)
[327 sec,  724244 itr]: No feasible solution found (infeas = 5)
[328 sec,  726542 itr]: No feasible solution found (infeas = 5)
[329 sec,  728833 itr]: No feasible solution found (infeas = 5)
[330 sec,  731028 itr]: No feasible solution found (infeas = 5)
[331 sec,  733293 itr]: No feasible solution found (infeas = 5)
[332 sec,  735496 itr]: No feasible solution found (infeas = 5)
[333 sec,  737671 itr]: No feasible solution found (infeas = 5)
[334 sec,  739832 itr]: No feasible solution found (infeas = 5)
[335 sec,  741906 itr]: No feasible solution found (infeas = 5)
[336 sec,  744119 itr]: No feasible solution found (infeas = 5)
[337 sec,  746484 itr]: No feasible solution found (infeas = 5)
[338 sec,  748657 itr]: No feasible solution found (infeas = 5)
[339 sec,  751014 itr]: No feasible solution found (infeas = 5)
[340 sec,  753372 itr]: No feasible solution found (infeas = 5)
[341 sec,  755605 itr]: No feasible solution found (infeas = 5)
[342 sec,  757926 itr]: No feasible solution found (infeas = 5)
[343 sec,  760136 itr]: No feasible solution found (infeas = 5)
[344 sec,  762448 itr]: No feasible solution found (infeas = 5)
[345 sec,  764647 itr]: No feasible solution found (infeas = 5)
[346 sec,  766973 itr]: No feasible solution found (infeas = 5)
[347 sec,  769332 itr]: No feasible solution found (infeas = 5)
[348 sec,  771564 itr]: No feasible solution found (infeas = 5)
[349 sec,  773780 itr]: No feasible solution found (infeas = 5)
[350 sec,  773780 itr]: No feasible solution found (infeas = 5)
[351 sec,  778186 itr]: No feasible solution found (infeas = 5)
[352 sec,  780503 itr]: No feasible solution found (infeas = 5)
[353 sec,  782773 itr]: No feasible solution found (infeas = 5)
[354 sec,  785024 itr]: No feasible solution found (infeas = 5)
[355 sec,  787367 itr]: No feasible solution found (infeas = 5)
[356 sec,  789618 itr]: No feasible solution found (infeas = 5)
[357 sec,  791631 itr]: No feasible solution found (infeas = 5)
[358 sec,  793748 itr]: No feasible solution found (infeas = 5)
[359 sec,  796000 itr]: No feasible solution found (infeas = 5)
[360 sec,  798279 itr]: No feasible solution found (infeas = 5)
[361 sec,  800507 itr]: No feasible solution found (infeas = 5)
[362 sec,  802631 itr]: No feasible solution found (infeas = 5)
[363 sec,  805058 itr]: No feasible solution found (infeas = 5)
[364 sec,  807462 itr]: No feasible solution found (infeas = 5)
[365 sec,  809817 itr]: No feasible solution found (infeas = 5)
[366 sec,  812387 itr]: No feasible solution found (infeas = 5)
[367 sec,  814660 itr]: No feasible solution found (infeas = 5)
[368 sec,  816951 itr]: No feasible solution found (infeas = 5)
[369 sec,  819184 itr]: No feasible solution found (infeas = 5)
[370 sec,  821620 itr]: No feasible solution found (infeas = 5)
[371 sec,  823956 itr]: No feasible solution found (infeas = 5)
[372 sec,  826063 itr]: No feasible solution found (infeas = 5)
[373 sec,  828320 itr]: No feasible solution found (infeas = 5)
[374 sec,  830716 itr]: No feasible solution found (infeas = 5)
[375 sec,  833037 itr]: No feasible solution found (infeas = 5)
[376 sec,  835464 itr]: No feasible solution found (infeas = 5)
[377 sec,  837805 itr]: No feasible solution found (infeas = 5)
[378 sec,  840118 itr]: No feasible solution found (infeas = 5)
[379 sec,  842561 itr]: No feasible solution found (infeas = 5)
[380 sec,  844798 itr]: No feasible solution found (infeas = 5)
[381 sec,  847243 itr]: No feasible solution found (infeas = 5)
[382 sec,  849642 itr]: No feasible solution found (infeas = 5)
[383 sec,  852083 itr]: No feasible solution found (infeas = 5)
[384 sec,  854567 itr]: No feasible solution found (infeas = 5)
[385 sec,  856883 itr]: No feasible solution found (infeas = 5)
[386 sec,  858999 itr]: No feasible solution found (infeas = 5)
[387 sec,  861236 itr]: No feasible solution found (infeas = 5)
[388 sec,  863391 itr]: No feasible solution found (infeas = 5)
[389 sec,  865724 itr]: No feasible solution found (infeas = 5)
[390 sec,  868042 itr]: No feasible solution found (infeas = 5)
[391 sec,  870315 itr]: No feasible solution found (infeas = 5)
[392 sec,  872714 itr]: No feasible solution found (infeas = 5)
[393 sec,  874996 itr]: No feasible solution found (infeas = 5)
[394 sec,  877381 itr]: No feasible solution found (infeas = 5)
[395 sec,  879708 itr]: No feasible solution found (infeas = 5)
[396 sec,  881984 itr]: No feasible solution found (infeas = 5)
[397 sec,  884311 itr]: No feasible solution found (infeas = 5)
[398 sec,  886705 itr]: No feasible solution found (infeas = 5)
[399 sec,  889055 itr]: No feasible solution found (infeas = 5)
[400 sec,  891579 itr]: No feasible solution found (infeas = 5)
[401 sec,  894026 itr]: No feasible solution found (infeas = 5)
[402 sec,  896474 itr]: No feasible solution found (infeas = 5)
[403 sec,  898866 itr]: No feasible solution found (infeas = 5)
[404 sec,  901323 itr]: No feasible solution found (infeas = 5)
[405 sec,  903749 itr]: No feasible solution found (infeas = 5)
[406 sec,  906233 itr]: No feasible solution found (infeas = 5)
[407 sec,  908638 itr]: No feasible solution found (infeas = 5)
[408 sec,  911022 itr]: No feasible solution found (infeas = 5)
[409 sec,  913545 itr]: No feasible solution found (infeas = 5)
[410 sec,  916127 itr]: No feasible solution found (infeas = 5)
[411 sec,  918537 itr]: No feasible solution found (infeas = 5)
[412 sec,  921050 itr]: No feasible solution found (infeas = 5)
[413 sec,  923363 itr]: No feasible solution found (infeas = 5)
[414 sec,  925778 itr]: No feasible solution found (infeas = 5)
[415 sec,  928227 itr]: No feasible solution found (infeas = 5)
[416 sec,  930726 itr]: No feasible solution found (infeas = 5)
[417 sec,  930726 itr]: No feasible solution found (infeas = 5)
[418 sec,  935616 itr]: No feasible solution found (infeas = 5)
[419 sec,  937974 itr]: No feasible solution found (infeas = 5)
[420 sec,  940311 itr]: No feasible solution found (infeas = 5)
[421 sec,  942715 itr]: No feasible solution found (infeas = 5)
[422 sec,  945358 itr]: No feasible solution found (infeas = 5)
[423 sec,  947905 itr]: No feasible solution found (infeas = 5)
[424 sec,  950574 itr]: No feasible solution found (infeas = 5)
[425 sec,  952920 itr]: No feasible solution found (infeas = 5)
[426 sec,  955410 itr]: No feasible solution found (infeas = 5)
[427 sec,  957798 itr]: No feasible solution found (infeas = 5)
[428 sec,  960162 itr]: No feasible solution found (infeas = 5)
[429 sec,  962564 itr]: No feasible solution found (infeas = 5)
[430 sec,  964828 itr]: No feasible solution found (infeas = 5)
[431 sec,  967209 itr]: No feasible solution found (infeas = 5)
[432 sec,  969518 itr]: No feasible solution found (infeas = 5)
[433 sec,  971886 itr]: No feasible solution found (infeas = 5)
[434 sec,  974209 itr]: No feasible solution found (infeas = 5)
[435 sec,  976697 itr]: No feasible solution found (infeas = 5)
[436 sec,  979080 itr]: No feasible solution found (infeas = 5)
[437 sec,  981366 itr]: No feasible solution found (infeas = 5)
[438 sec,  983616 itr]: No feasible solution found (infeas = 5)
[439 sec,  986018 itr]: No feasible solution found (infeas = 5)
[440 sec,  988003 itr]: No feasible solution found (infeas = 5)
[441 sec,  990107 itr]: No feasible solution found (infeas = 5)
[442 sec,  992230 itr]: No feasible solution found (infeas = 5)
[443 sec,  994406 itr]: No feasible solution found (infeas = 5)
[444 sec,  996661 itr]: No feasible solution found (infeas = 5)
[445 sec,  998901 itr]: No feasible solution found (infeas = 5)
[446 sec, 1001127 itr]: No feasible solution found (infeas = 5)
[447 sec, 1003255 itr]: No feasible solution found (infeas = 5)
[448 sec, 1005458 itr]: No feasible solution found (infeas = 5)
[449 sec, 1007574 itr]: No feasible solution found (infeas = 5)
[450 sec, 1009661 itr]: No feasible solution found (infeas = 5)
[451 sec, 1011923 itr]: No feasible solution found (infeas = 5)
[452 sec, 1014127 itr]: No feasible solution found (infeas = 5)
[453 sec, 1016303 itr]: No feasible solution found (infeas = 5)
[454 sec, 1018606 itr]: No feasible solution found (infeas = 5)
[455 sec, 1020733 itr]: No feasible solution found (infeas = 5)
[456 sec, 1022907 itr]: No feasible solution found (infeas = 5)
[457 sec, 1025050 itr]: No feasible solution found (infeas = 5)
[458 sec, 1027279 itr]: No feasible solution found (infeas = 5)
[459 sec, 1029378 itr]: No feasible solution found (infeas = 5)
[460 sec, 1031546 itr]: No feasible solution found (infeas = 5)
[461 sec, 1033697 itr]: No feasible solution found (infeas = 5)
[462 sec, 1035855 itr]: No feasible solution found (infeas = 5)
[463 sec, 1037985 itr]: No feasible solution found (infeas = 5)
[464 sec, 1040153 itr]: No feasible solution found (infeas = 5)
[465 sec, 1040153 itr]: No feasible solution found (infeas = 5)
[466 sec, 1044613 itr]: No feasible solution found (infeas = 5)
[467 sec, 1046789 itr]: No feasible solution found (infeas = 5)
[468 sec, 1048945 itr]: No feasible solution found (infeas = 5)
[469 sec, 1051094 itr]: No feasible solution found (infeas = 5)
[470 sec, 1053186 itr]: No feasible solution found (infeas = 5)
[471 sec, 1055268 itr]: No feasible solution found (infeas = 5)
[472 sec, 1057531 itr]: No feasible solution found (infeas = 5)
[473 sec, 1059640 itr]: No feasible solution found (infeas = 5)
[474 sec, 1061790 itr]: No feasible solution found (infeas = 5)
[475 sec, 1064065 itr]: No feasible solution found (infeas = 5)
[476 sec, 1066286 itr]: No feasible solution found (infeas = 5)
[477 sec, 1068507 itr]: No feasible solution found (infeas = 5)
[478 sec, 1070696 itr]: No feasible solution found (infeas = 5)
[479 sec, 1072957 itr]: No feasible solution found (infeas = 5)
[480 sec, 1075255 itr]: No feasible solution found (infeas = 5)
[481 sec, 1077587 itr]: No feasible solution found (infeas = 5)
[482 sec, 1079973 itr]: No feasible solution found (infeas = 5)
[483 sec, 1082394 itr]: No feasible solution found (infeas = 5)
[484 sec, 1084747 itr]: No feasible solution found (infeas = 5)
[485 sec, 1086829 itr]: No feasible solution found (infeas = 5)
[486 sec, 1089074 itr]: No feasible solution found (infeas = 5)
[487 sec, 1091227 itr]: No feasible solution found (infeas = 5)
[488 sec, 1093408 itr]: No feasible solution found (infeas = 5)
[489 sec, 1095424 itr]: No feasible solution found (infeas = 5)
[490 sec, 1097414 itr]: No feasible solution found (infeas = 5)
[491 sec, 1097414 itr]: No feasible solution found (infeas = 5)
[492 sec, 1099603 itr]: No feasible solution found (infeas = 5)
[493 sec, 1103985 itr]: No feasible solution found (infeas = 5)
[494 sec, 1106250 itr]: No feasible solution found (infeas = 5)
[495 sec, 1108577 itr]: No feasible solution found (infeas = 5)
[496 sec, 1110802 itr]: No feasible solution found (infeas = 5)
[497 sec, 1112925 itr]: No feasible solution found (infeas = 5)
[498 sec, 1115093 itr]: No feasible solution found (infeas = 5)
[499 sec, 1117086 itr]: No feasible solution found (infeas = 5)
[500 sec, 1119218 itr]: No feasible solution found (infeas = 5)
[501 sec, 1121186 itr]: No feasible solution found (infeas = 5)
[502 sec, 1123352 itr]: No feasible solution found (infeas = 5)
[503 sec, 1123352 itr]: No feasible solution found (infeas = 5)
[504 sec, 1127638 itr]: No feasible solution found (infeas = 5)
[505 sec, 1127638 itr]: No feasible solution found (infeas = 5)
[506 sec, 1129811 itr]: No feasible solution found (infeas = 5)
[507 sec, 1134260 itr]: No feasible solution found (infeas = 5)
[508 sec, 1136409 itr]: No feasible solution found (infeas = 5)
[509 sec, 1138522 itr]: No feasible solution found (infeas = 5)
[510 sec, 1140704 itr]: No feasible solution found (infeas = 5)
[511 sec, 1142951 itr]: No feasible solution found (infeas = 5)
[512 sec, 1145271 itr]: No feasible solution found (infeas = 5)
[513 sec, 1147426 itr]: No feasible solution found (infeas = 5)
[514 sec, 1149650 itr]: No feasible solution found (infeas = 5)
[515 sec, 1151916 itr]: No feasible solution found (infeas = 5)
[516 sec, 1154111 itr]: No feasible solution found (infeas = 5)
[517 sec, 1156399 itr]: No feasible solution found (infeas = 5)
[518 sec, 1158744 itr]: No feasible solution found (infeas = 5)
[519 sec, 1160978 itr]: No feasible solution found (infeas = 5)
[520 sec, 1163180 itr]: No feasible solution found (infeas = 5)
[521 sec, 1165169 itr]: No feasible solution found (infeas = 5)
[522 sec, 1167250 itr]: No feasible solution found (infeas = 5)
[523 sec, 1169389 itr]: No feasible solution found (infeas = 5)
[524 sec, 1171501 itr]: No feasible solution found (infeas = 5)
[525 sec, 1173492 itr]: No feasible solution found (infeas = 5)
[526 sec, 1175713 itr]: No feasible solution found (infeas = 5)
[527 sec, 1177852 itr]: No feasible solution found (infeas = 5)
[528 sec, 1179987 itr]: No feasible solution found (infeas = 5)
[529 sec, 1182064 itr]: No feasible solution found (infeas = 5)
[530 sec, 1184055 itr]: No feasible solution found (infeas = 5)
[531 sec, 1184055 itr]: No feasible solution found (infeas = 5)
[532 sec, 1188306 itr]: No feasible solution found (infeas = 5)
[533 sec, 1190490 itr]: No feasible solution found (infeas = 5)
[534 sec, 1192523 itr]: No feasible solution found (infeas = 5)
[535 sec, 1194737 itr]: No feasible solution found (infeas = 5)
[536 sec, 1197018 itr]: No feasible solution found (infeas = 5)
[537 sec, 1199134 itr]: No feasible solution found (infeas = 5)
[538 sec, 1201422 itr]: No feasible solution found (infeas = 5)
[539 sec, 1203526 itr]: No feasible solution found (infeas = 5)
[540 sec, 1205597 itr]: No feasible solution found (infeas = 5)
[541 sec, 1207678 itr]: No feasible solution found (infeas = 5)
[542 sec, 1209796 itr]: No feasible solution found (infeas = 5)
[543 sec, 1211778 itr]: No feasible solution found (infeas = 5)
[544 sec, 1213614 itr]: No feasible solution found (infeas = 5)
[545 sec, 1215701 itr]: No feasible solution found (infeas = 5)
[546 sec, 1217851 itr]: No feasible solution found (infeas = 5)
[547 sec, 1219900 itr]: No feasible solution found (infeas = 5)
[548 sec, 1222036 itr]: No feasible solution found (infeas = 5)
[549 sec, 1224161 itr]: No feasible solution found (infeas = 5)
[550 sec, 1226193 itr]: No feasible solution found (infeas = 5)
[551 sec, 1228358 itr]: No feasible solution found (infeas = 5)
[552 sec, 1230612 itr]: No feasible solution found (infeas = 5)
[553 sec, 1230612 itr]: No feasible solution found (infeas = 5)
[554 sec, 1234885 itr]: No feasible solution found (infeas = 5)
[555 sec, 1237023 itr]: No feasible solution found (infeas = 5)
[556 sec, 1239239 itr]: No feasible solution found (infeas = 5)
[557 sec, 1241352 itr]: No feasible solution found (infeas = 5)
[558 sec, 1241352 itr]: No feasible solution found (infeas = 5)
[559 sec, 1245880 itr]: No feasible solution found (infeas = 5)
[560 sec, 1248067 itr]: No feasible solution found (infeas = 5)
[561 sec, 1250096 itr]: No feasible solution found (infeas = 5)
[562 sec, 1252155 itr]: No feasible solution found (infeas = 5)
[563 sec, 1254104 itr]: No feasible solution found (infeas = 5)
[564 sec, 1256371 itr]: No feasible solution found (infeas = 5)
[565 sec, 1258591 itr]: No feasible solution found (infeas = 5)
[566 sec, 1260782 itr]: No feasible solution found (infeas = 5)
[567 sec, 1262922 itr]: No feasible solution found (infeas = 5)
[568 sec, 1265197 itr]: No feasible solution found (infeas = 5)
[569 sec, 1267591 itr]: No feasible solution found (infeas = 5)
[570 sec, 1269893 itr]: No feasible solution found (infeas = 5)
[571 sec, 1272098 itr]: No feasible solution found (infeas = 5)
[572 sec, 1274356 itr]: No feasible solution found (infeas = 5)
[573 sec, 1274356 itr]: No feasible solution found (infeas = 5)
[574 sec, 1278886 itr]: No feasible solution found (infeas = 5)
[575 sec, 1280995 itr]: No feasible solution found (infeas = 5)
[576 sec, 1280995 itr]: No feasible solution found (infeas = 5)
[577 sec, 1285704 itr]: No feasible solution found (infeas = 5)
[578 sec, 1285704 itr]: No feasible solution found (infeas = 5)
[579 sec, 1290109 itr]: No feasible solution found (infeas = 5)
[580 sec, 1290109 itr]: No feasible solution found (infeas = 5)
[581 sec, 1294523 itr]: No feasible solution found (infeas = 5)
[582 sec, 1296755 itr]: No feasible solution found (infeas = 5)
[583 sec, 1298956 itr]: No feasible solution found (infeas = 5)
[584 sec, 1298956 itr]: No feasible solution found (infeas = 5)
[585 sec, 1303299 itr]: No feasible solution found (infeas = 5)
[586 sec, 1305485 itr]: No feasible solution found (infeas = 5)
[587 sec, 1307574 itr]: No feasible solution found (infeas = 5)
[588 sec, 1309724 itr]: No feasible solution found (infeas = 5)
[589 sec, 1312027 itr]: No feasible solution found (infeas = 5)
[590 sec, 1314204 itr]: No feasible solution found (infeas = 5)
[591 sec, 1316609 itr]: No feasible solution found (infeas = 5)
[592 sec, 1318865 itr]: No feasible solution found (infeas = 5)
[593 sec, 1321148 itr]: No feasible solution found (infeas = 5)
[594 sec, 1323485 itr]: No feasible solution found (infeas = 5)
[595 sec, 1325886 itr]: No feasible solution found (infeas = 5)
[596 sec, 1328267 itr]: No feasible solution found (infeas = 5)
[597 sec, 1330514 itr]: No feasible solution found (infeas = 5)
[598 sec, 1332659 itr]: No feasible solution found (infeas = 5)
[599 sec, 1334940 itr]: No feasible solution found (infeas = 5)
[600 sec, 1336910 itr]: No feasible solution found (infeas = 5)
[601 sec, 1339190 itr]: No feasible solution found (infeas = 5)
[602 sec, 1341529 itr]: No feasible solution found (infeas = 5)
[603 sec, 1343934 itr]: No feasible solution found (infeas = 5)
[604 sec, 1346405 itr]: No feasible solution found (infeas = 5)
[605 sec, 1348877 itr]: No feasible solution found (infeas = 5)
[606 sec, 1350897 itr]: No feasible solution found (infeas = 5)
[607 sec, 1353043 itr]: No feasible solution found (infeas = 5)
[608 sec, 1354901 itr]: No feasible solution found (infeas = 5)
[609 sec, 1357057 itr]: No feasible solution found (infeas = 5)
[610 sec, 1359327 itr]: No feasible solution found (infeas = 5)
[611 sec, 1361560 itr]: No feasible solution found (infeas = 5)
[612 sec, 1363522 itr]: No feasible solution found (infeas = 5)
[613 sec, 1365774 itr]: No feasible solution found (infeas = 5)
[614 sec, 1367977 itr]: No feasible solution found (infeas = 5)
[615 sec, 1370288 itr]: No feasible solution found (infeas = 5)
[616 sec, 1372514 itr]: No feasible solution found (infeas = 5)
[617 sec, 1374724 itr]: No feasible solution found (infeas = 5)
[618 sec, 1376697 itr]: No feasible solution found (infeas = 5)
[619 sec, 1378954 itr]: No feasible solution found (infeas = 5)
[620 sec, 1381097 itr]: No feasible solution found (infeas = 5)
[621 sec, 1383325 itr]: No feasible solution found (infeas = 5)
[622 sec, 1385645 itr]: No feasible solution found (infeas = 5)
[623 sec, 1387926 itr]: No feasible solution found (infeas = 5)
[624 sec, 1390180 itr]: No feasible solution found (infeas = 5)
[625 sec, 1392406 itr]: No feasible solution found (infeas = 5)
[626 sec, 1394539 itr]: No feasible solution found (infeas = 5)
[627 sec, 1396745 itr]: No feasible solution found (infeas = 5)
[628 sec, 1398797 itr]: No feasible solution found (infeas = 5)
[629 sec, 1400932 itr]: No feasible solution found (infeas = 5)
[630 sec, 1403174 itr]: No feasible solution found (infeas = 5)
[631 sec, 1405316 itr]: No feasible solution found (infeas = 5)
[632 sec, 1407472 itr]: No feasible solution found (infeas = 5)
[633 sec, 1409851 itr]: No feasible solution found (infeas = 5)
[634 sec, 1411834 itr]: No feasible solution found (infeas = 5)
[635 sec, 1414056 itr]: No feasible solution found (infeas = 5)
[636 sec, 1416106 itr]: No feasible solution found (infeas = 5)
[637 sec, 1418355 itr]: No feasible solution found (infeas = 5)
[638 sec, 1420485 itr]: No feasible solution found (infeas = 5)
[639 sec, 1422793 itr]: No feasible solution found (infeas = 5)
[640 sec, 1425133 itr]: No feasible solution found (infeas = 5)
[641 sec, 1427361 itr]: No feasible solution found (infeas = 5)
[642 sec, 1429580 itr]: No feasible solution found (infeas = 5)
[643 sec, 1429580 itr]: No feasible solution found (infeas = 5)
[644 sec, 1433945 itr]: No feasible solution found (infeas = 5)
[645 sec, 1436199 itr]: No feasible solution found (infeas = 5)
[646 sec, 1438485 itr]: No feasible solution found (infeas = 5)
[647 sec, 1440510 itr]: No feasible solution found (infeas = 5)
[648 sec, 1442879 itr]: No feasible solution found (infeas = 5)
[649 sec, 1445165 itr]: No feasible solution found (infeas = 5)
[650 sec, 1447303 itr]: No feasible solution found (infeas = 5)
[651 sec, 1449593 itr]: No feasible solution found (infeas = 5)
[652 sec, 1451783 itr]: No feasible solution found (infeas = 5)
[653 sec, 1453986 itr]: No feasible solution found (infeas = 5)
[654 sec, 1456046 itr]: No feasible solution found (infeas = 5)
[655 sec, 1458028 itr]: No feasible solution found (infeas = 5)
[656 sec, 1459972 itr]: No feasible solution found (infeas = 5)
[657 sec, 1462124 itr]: No feasible solution found (infeas = 5)
[658 sec, 1464191 itr]: No feasible solution found (infeas = 5)
[659 sec, 1466146 itr]: No feasible solution found (infeas = 5)
[660 sec, 1468492 itr]: No feasible solution found (infeas = 5)
[661 sec, 1470805 itr]: No feasible solution found (infeas = 5)
[662 sec, 1473132 itr]: No feasible solution found (infeas = 5)
[663 sec, 1475366 itr]: No feasible solution found (infeas = 5)
[664 sec, 1477656 itr]: No feasible solution found (infeas = 5)
[665 sec, 1479907 itr]: No feasible solution found (infeas = 5)
[666 sec, 1482053 itr]: No feasible solution found (infeas = 5)
[667 sec, 1484274 itr]: No feasible solution found (infeas = 5)
[668 sec, 1486558 itr]: No feasible solution found (infeas = 5)
[669 sec, 1488854 itr]: No feasible solution found (infeas = 5)
[670 sec, 1490983 itr]: No feasible solution found (infeas = 5)
[671 sec, 1493354 itr]: No feasible solution found (infeas = 5)
[672 sec, 1495588 itr]: No feasible solution found (infeas = 5)
[673 sec, 1497898 itr]: No feasible solution found (infeas = 5)
[674 sec, 1500095 itr]: No feasible solution found (infeas = 5)
[675 sec, 1502277 itr]: No feasible solution found (infeas = 5)
[676 sec, 1504562 itr]: No feasible solution found (infeas = 5)
[677 sec, 1506602 itr]: No feasible solution found (infeas = 5)
[678 sec, 1506602 itr]: No feasible solution found (infeas = 5)
[679 sec, 1510957 itr]: No feasible solution found (infeas = 5)
[680 sec, 1510957 itr]: No feasible solution found (infeas = 5)
[681 sec, 1513297 itr]: No feasible solution found (infeas = 5)
[682 sec, 1517740 itr]: No feasible solution found (infeas = 5)
[683 sec, 1519972 itr]: No feasible solution found (infeas = 5)
[684 sec, 1522146 itr]: No feasible solution found (infeas = 5)
[685 sec, 1524452 itr]: No feasible solution found (infeas = 5)
[686 sec, 1524452 itr]: No feasible solution found (infeas = 5)
[687 sec, 1526526 itr]: No feasible solution found (infeas = 5)
[688 sec, 1528602 itr]: No feasible solution found (infeas = 5)
[689 sec, 1532484 itr]: No feasible solution found (infeas = 5)
[690 sec, 1534499 itr]: No feasible solution found (infeas = 5)
[691 sec, 1534499 itr]: No feasible solution found (infeas = 5)
[692 sec, 1536618 itr]: No feasible solution found (infeas = 5)
[693 sec, 1540619 itr]: No feasible solution found (infeas = 5)
[694 sec, 1540619 itr]: No feasible solution found (infeas = 5)
[695 sec, 1544621 itr]: No feasible solution found (infeas = 5)
[696 sec, 1544621 itr]: No feasible solution found (infeas = 5)
[697 sec, 1549252 itr]: No feasible solution found (infeas = 5)
[698 sec, 1551597 itr]: No feasible solution found (infeas = 5)
[699 sec, 1553610 itr]: No feasible solution found (infeas = 5)
[700 sec, 1555721 itr]: No feasible solution found (infeas = 5)
[701 sec, 1555721 itr]: No feasible solution found (infeas = 5)
[702 sec, 1560385 itr]: No feasible solution found (infeas = 5)
[703 sec, 1562662 itr]: No feasible solution found (infeas = 5)
[704 sec, 1564994 itr]: No feasible solution found (infeas = 5)
[705 sec, 1567414 itr]: No feasible solution found (infeas = 5)
[706 sec, 1569752 itr]: No feasible solution found (infeas = 5)
[707 sec, 1571973 itr]: No feasible solution found (infeas = 5)
[708 sec, 1574284 itr]: No feasible solution found (infeas = 5)
[709 sec, 1576690 itr]: No feasible solution found (infeas = 5)
[710 sec, 1579163 itr]: No feasible solution found (infeas = 5)
[711 sec, 1581559 itr]: No feasible solution found (infeas = 5)
[712 sec, 1583848 itr]: No feasible solution found (infeas = 5)
[713 sec, 1586057 itr]: No feasible solution found (infeas = 5)
[714 sec, 1588173 itr]: No feasible solution found (infeas = 5)
[715 sec, 1590300 itr]: No feasible solution found (infeas = 5)
[716 sec, 1592621 itr]: No feasible solution found (infeas = 5)
[717 sec, 1594784 itr]: No feasible solution found (infeas = 5)
[718 sec, 1597090 itr]: No feasible solution found (infeas = 5)
[719 sec, 1599348 itr]: No feasible solution found (infeas = 5)
[720 sec, 1601569 itr]: No feasible solution found (infeas = 5)
[721 sec, 1603883 itr]: No feasible solution found (infeas = 5)
[722 sec, 1606219 itr]: No feasible solution found (infeas = 5)
[723 sec, 1608433 itr]: No feasible solution found (infeas = 5)
[724 sec, 1610762 itr]: No feasible solution found (infeas = 5)
[725 sec, 1612960 itr]: No feasible solution found (infeas = 5)
[726 sec, 1615129 itr]: No feasible solution found (infeas = 5)
[727 sec, 1617259 itr]: No feasible solution found (infeas = 5)
[728 sec, 1619373 itr]: No feasible solution found (infeas = 5)
[729 sec, 1621526 itr]: No feasible solution found (infeas = 5)
[730 sec, 1623662 itr]: No feasible solution found (infeas = 5)
[731 sec, 1625852 itr]: No feasible solution found (infeas = 5)
[732 sec, 1628061 itr]: No feasible solution found (infeas = 5)
[733 sec, 1630178 itr]: No feasible solution found (infeas = 5)
[734 sec, 1632237 itr]: No feasible solution found (infeas = 5)
[735 sec, 1634334 itr]: No feasible solution found (infeas = 5)
[736 sec, 1636546 itr]: No feasible solution found (infeas = 5)
[737 sec, 1638648 itr]: No feasible solution found (infeas = 5)
[738 sec, 1640804 itr]: No feasible solution found (infeas = 5)
[739 sec, 1643102 itr]: No feasible solution found (infeas = 5)
[740 sec, 1645264 itr]: No feasible solution found (infeas = 5)
[741 sec, 1647431 itr]: No feasible solution found (infeas = 5)
[742 sec, 1649585 itr]: No feasible solution found (infeas = 5)
[743 sec, 1651739 itr]: No feasible solution found (infeas = 5)
[744 sec, 1653903 itr]: No feasible solution found (infeas = 5)
[745 sec, 1655979 itr]: No feasible solution found (infeas = 5)
[746 sec, 1658107 itr]: No feasible solution found (infeas = 5)
[747 sec, 1660174 itr]: No feasible solution found (infeas = 5)
[748 sec, 1662308 itr]: No feasible solution found (infeas = 5)
[749 sec, 1664422 itr]: No feasible solution found (infeas = 5)
[750 sec, 1666566 itr]: No feasible solution found (infeas = 5)
[751 sec, 1668769 itr]: No feasible solution found (infeas = 5)
[752 sec, 1671008 itr]: No feasible solution found (infeas = 5)
[753 sec, 1673208 itr]: No feasible solution found (infeas = 5)
[754 sec, 1675329 itr]: No feasible solution found (infeas = 5)
[755 sec, 1677482 itr]: No feasible solution found (infeas = 5)
[756 sec, 1679624 itr]: No feasible solution found (infeas = 5)
[757 sec, 1681776 itr]: No feasible solution found (infeas = 5)
[758 sec, 1684120 itr]: No feasible solution found (infeas = 5)
[759 sec, 1684120 itr]: No feasible solution found (infeas = 5)
[760 sec, 1688782 itr]: No feasible solution found (infeas = 5)
[761 sec, 1691166 itr]: No feasible solution found (infeas = 5)
[762 sec, 1693172 itr]: No feasible solution found (infeas = 5)
[763 sec, 1695137 itr]: No feasible solution found (infeas = 5)
[764 sec, 1697172 itr]: No feasible solution found (infeas = 5)
[765 sec, 1699368 itr]: No feasible solution found (infeas = 5)
[766 sec, 1701601 itr]: No feasible solution found (infeas = 5)
[767 sec, 1703960 itr]: No feasible solution found (infeas = 5)
[768 sec, 1703960 itr]: No feasible solution found (infeas = 5)
[769 sec, 1708097 itr]: No feasible solution found (infeas = 5)
[770 sec, 1709985 itr]: No feasible solution found (infeas = 5)
[771 sec, 1712022 itr]: No feasible solution found (infeas = 5)
[772 sec, 1714062 itr]: No feasible solution found (infeas = 5)
[773 sec, 1716111 itr]: No feasible solution found (infeas = 5)
[774 sec, 1716111 itr]: No feasible solution found (infeas = 5)
[775 sec, 1720402 itr]: No feasible solution found (infeas = 5)
[776 sec, 1722652 itr]: No feasible solution found (infeas = 5)
[777 sec, 1722652 itr]: No feasible solution found (infeas = 5)
[778 sec, 1726254 itr]: No feasible solution found (infeas = 5)
[779 sec, 1728305 itr]: No feasible solution found (infeas = 5)
[780 sec, 1730540 itr]: No feasible solution found (infeas = 5)
[781 sec, 1732757 itr]: No feasible solution found (infeas = 5)
[782 sec, 1735049 itr]: No feasible solution found (infeas = 5)
[783 sec, 1735049 itr]: No feasible solution found (infeas = 5)
[784 sec, 1739358 itr]: No feasible solution found (infeas = 5)
[785 sec, 1741514 itr]: No feasible solution found (infeas = 5)
[786 sec, 1743769 itr]: No feasible solution found (infeas = 5)
[787 sec, 1745947 itr]: No feasible solution found (infeas = 5)
[788 sec, 1747972 itr]: No feasible solution found (infeas = 5)
[789 sec, 1749945 itr]: No feasible solution found (infeas = 5)
[790 sec, 1749945 itr]: No feasible solution found (infeas = 5)
[791 sec, 1753678 itr]: No feasible solution found (infeas = 5)
[792 sec, 1755593 itr]: No feasible solution found (infeas = 5)
[793 sec, 1757669 itr]: No feasible solution found (infeas = 5)
[794 sec, 1757669 itr]: No feasible solution found (infeas = 5)
[795 sec, 1761823 itr]: No feasible solution found (infeas = 5)
[796 sec, 1761823 itr]: No feasible solution found (infeas = 5)
[797 sec, 1763907 itr]: No feasible solution found (infeas = 5)
[798 sec, 1768066 itr]: No feasible solution found (infeas = 5)
[799 sec, 1770289 itr]: No feasible solution found (infeas = 5)
[800 sec, 1770289 itr]: No feasible solution found (infeas = 5)
[801 sec, 1772562 itr]: No feasible solution found (infeas = 5)
[802 sec, 1774807 itr]: No feasible solution found (infeas = 5)
[803 sec, 1779040 itr]: No feasible solution found (infeas = 5)
[804 sec, 1781052 itr]: No feasible solution found (infeas = 5)
[805 sec, 1781052 itr]: No feasible solution found (infeas = 5)
[806 sec, 1783166 itr]: No feasible solution found (infeas = 5)
[807 sec, 1785245 itr]: No feasible solution found (infeas = 5)
[808 sec, 1789150 itr]: No feasible solution found (infeas = 5)
[809 sec, 1789150 itr]: No feasible solution found (infeas = 5)
[810 sec, 1793037 itr]: No feasible solution found (infeas = 5)
[811 sec, 1795033 itr]: No feasible solution found (infeas = 5)
[812 sec, 1797078 itr]: No feasible solution found (infeas = 5)
[813 sec, 1797078 itr]: No feasible solution found (infeas = 5)
[814 sec, 1799288 itr]: No feasible solution found (infeas = 5)
[815 sec, 1803421 itr]: No feasible solution found (infeas = 5)
[816 sec, 1803421 itr]: No feasible solution found (infeas = 5)
[817 sec, 1807475 itr]: No feasible solution found (infeas = 5)
[818 sec, 1807475 itr]: No feasible solution found (infeas = 5)
[819 sec, 1811644 itr]: No feasible solution found (infeas = 5)
[820 sec, 1811644 itr]: No feasible solution found (infeas = 5)
[821 sec, 1815881 itr]: No feasible solution found (infeas = 5)
[822 sec, 1815881 itr]: No feasible solution found (infeas = 5)
[823 sec, 1817855 itr]: No feasible solution found (infeas = 5)
[824 sec, 1819878 itr]: No feasible solution found (infeas = 5)
[825 sec, 1824002 itr]: No feasible solution found (infeas = 5)
[826 sec, 1826149 itr]: No feasible solution found (infeas = 5)
[827 sec, 1826149 itr]: No feasible solution found (infeas = 5)
[828 sec, 1828103 itr]: No feasible solution found (infeas = 5)
[829 sec, 1829996 itr]: No feasible solution found (infeas = 5)
[830 sec, 1831891 itr]: No feasible solution found (infeas = 5)
[831 sec, 1833848 itr]: No feasible solution found (infeas = 5)
[832 sec, 1835720 itr]: No feasible solution found (infeas = 5)
[833 sec, 1839433 itr]: No feasible solution found (infeas = 5)
[834 sec, 1839433 itr]: No feasible solution found (infeas = 5)
[835 sec, 1843395 itr]: No feasible solution found (infeas = 5)
[836 sec, 1843395 itr]: No feasible solution found (infeas = 5)
[837 sec, 1845321 itr]: No feasible solution found (infeas = 5)
[838 sec, 1847166 itr]: No feasible solution found (infeas = 5)
[839 sec, 1849129 itr]: No feasible solution found (infeas = 5)
[840 sec, 1851157 itr]: No feasible solution found (infeas = 5)
[841 sec, 1854963 itr]: No feasible solution found (infeas = 5)
[842 sec, 1854963 itr]: No feasible solution found (infeas = 5)
[843 sec, 1856793 itr]: No feasible solution found (infeas = 5)
[844 sec, 1858664 itr]: No feasible solution found (infeas = 5)
[845 sec, 1862523 itr]: No feasible solution found (infeas = 5)
[846 sec, 1864428 itr]: No feasible solution found (infeas = 5)
[847 sec, 1864428 itr]: No feasible solution found (infeas = 5)
[848 sec, 1868195 itr]: No feasible solution found (infeas = 5)
[849 sec, 1868195 itr]: No feasible solution found (infeas = 5)
[850 sec, 1871566 itr]: No feasible solution found (infeas = 5)
[851 sec, 1873522 itr]: No feasible solution found (infeas = 5)
[852 sec, 1875227 itr]: No feasible solution found (infeas = 5)
[853 sec, 1877104 itr]: No feasible solution found (infeas = 5)
[854 sec, 1879065 itr]: No feasible solution found (infeas = 5)
[855 sec, 1881071 itr]: No feasible solution found (infeas = 5)
[856 sec, 1883017 itr]: No feasible solution found (infeas = 5)
[857 sec, 1883017 itr]: No feasible solution found (infeas = 5)
[858 sec, 1885065 itr]: No feasible solution found (infeas = 5)
[859 sec, 1887137 itr]: No feasible solution found (infeas = 5)
[860 sec, 1888987 itr]: No feasible solution found (infeas = 5)
[861 sec, 1893107 itr]: No feasible solution found (infeas = 5)
[862 sec, 1895127 itr]: No feasible solution found (infeas = 5)
[863 sec, 1897134 itr]: No feasible solution found (infeas = 5)
[864 sec, 1899097 itr]: No feasible solution found (infeas = 5)
[865 sec, 1901154 itr]: No feasible solution found (infeas = 5)
[866 sec, 1901154 itr]: No feasible solution found (infeas = 5)
[867 sec, 1905488 itr]: No feasible solution found (infeas = 5)
[868 sec, 1905488 itr]: No feasible solution found (infeas = 5)
[869 sec, 1907498 itr]: No feasible solution found (infeas = 5)
[870 sec, 1911566 itr]: No feasible solution found (infeas = 5)
[871 sec, 1911566 itr]: No feasible solution found (infeas = 5)
[872 sec, 1913693 itr]: No feasible solution found (infeas = 5)
[873 sec, 1915796 itr]: No feasible solution found (infeas = 5)
[874 sec, 1917880 itr]: No feasible solution found (infeas = 5)
[875 sec, 1919924 itr]: No feasible solution found (infeas = 5)
[876 sec, 1922057 itr]: No feasible solution found (infeas = 5)
[877 sec, 1924109 itr]: No feasible solution found (infeas = 5)
[878 sec, 1926094 itr]: No feasible solution found (infeas = 5)
[879 sec, 1928097 itr]: No feasible solution found (infeas = 5)
[880 sec, 1932420 itr]: No feasible solution found (infeas = 5)
[881 sec, 1932420 itr]: No feasible solution found (infeas = 5)
[882 sec, 1934606 itr]: No feasible solution found (infeas = 5)
[883 sec, 1936731 itr]: No feasible solution found (infeas = 5)
[884 sec, 1940917 itr]: No feasible solution found (infeas = 5)
[885 sec, 1943033 itr]: No feasible solution found (infeas = 5)
[886 sec, 1943033 itr]: No feasible solution found (infeas = 5)
[887 sec, 1945259 itr]: No feasible solution found (infeas = 5)
[888 sec, 1949579 itr]: No feasible solution found (infeas = 5)
[889 sec, 1951751 itr]: No feasible solution found (infeas = 5)
[890 sec, 1951751 itr]: No feasible solution found (infeas = 5)
[891 sec, 1955933 itr]: No feasible solution found (infeas = 5)
[892 sec, 1957757 itr]: No feasible solution found (infeas = 5)
[893 sec, 1959856 itr]: No feasible solution found (infeas = 5)
[894 sec, 1961873 itr]: No feasible solution found (infeas = 5)
[895 sec, 1961873 itr]: No feasible solution found (infeas = 5)
[896 sec, 1966335 itr]: No feasible solution found (infeas = 5)
[897 sec, 1968362 itr]: No feasible solution found (infeas = 5)
[898 sec, 1970519 itr]: No feasible solution found (infeas = 5)
[899 sec, 1970519 itr]: No feasible solution found (infeas = 5)
[900 sec, 1974631 itr]: No feasible solution found (infeas = 5)
[901 sec, 1974631 itr]: No feasible solution found (infeas = 5)
[902 sec, 1976712 itr]: No feasible solution found (infeas = 5)
[903 sec, 1980971 itr]: No feasible solution found (infeas = 5)
[904 sec, 1980971 itr]: No feasible solution found (infeas = 5)
[905 sec, 1982929 itr]: No feasible solution found (infeas = 5)
[906 sec, 1985012 itr]: No feasible solution found (infeas = 5)
[907 sec, 1986995 itr]: No feasible solution found (infeas = 5)
[908 sec, 1990575 itr]: No feasible solution found (infeas = 5)
[909 sec, 1990575 itr]: No feasible solution found (infeas = 5)
[910 sec, 1992512 itr]: No feasible solution found (infeas = 5)
[911 sec, 1996271 itr]: No feasible solution found (infeas = 5)
[912 sec, 1996271 itr]: No feasible solution found (infeas = 5)
[913 sec, 2000091 itr]: No feasible solution found (infeas = 5)
[914 sec, 2000091 itr]: No feasible solution found (infeas = 5)
[915 sec, 2004025 itr]: No feasible solution found (infeas = 5)
[916 sec, 2005855 itr]: No feasible solution found (infeas = 5)
[917 sec, 2007696 itr]: No feasible solution found (infeas = 5)
[918 sec, 2007696 itr]: No feasible solution found (infeas = 5)
[919 sec, 2009763 itr]: No feasible solution found (infeas = 5)
[920 sec, 2011648 itr]: No feasible solution found (infeas = 5)
[921 sec, 2015642 itr]: No feasible solution found (infeas = 5)
[922 sec, 2015642 itr]: No feasible solution found (infeas = 5)
[923 sec, 2017661 itr]: No feasible solution found (infeas = 5)
[924 sec, 2019506 itr]: No feasible solution found (infeas = 5)
[925 sec, 2021414 itr]: No feasible solution found (infeas = 5)
[926 sec, 2025266 itr]: No feasible solution found (infeas = 5)
[927 sec, 2027085 itr]: No feasible solution found (infeas = 5)
[928 sec, 2029186 itr]: No feasible solution found (infeas = 5)
[929 sec, 2031014 itr]: No feasible solution found (infeas = 5)
[930 sec, 2031014 itr]: No feasible solution found (infeas = 5)
[931 sec, 2034894 itr]: No feasible solution found (infeas = 5)
[932 sec, 2036868 itr]: No feasible solution found (infeas = 5)
[933 sec, 2038706 itr]: No feasible solution found (infeas = 5)
[934 sec, 2040532 itr]: No feasible solution found (infeas = 5)
[935 sec, 2040532 itr]: No feasible solution found (infeas = 5)
[936 sec, 2042304 itr]: No feasible solution found (infeas = 5)
[937 sec, 2046131 itr]: No feasible solution found (infeas = 5)
[938 sec, 2048043 itr]: No feasible solution found (infeas = 5)
[939 sec, 2049869 itr]: No feasible solution found (infeas = 5)
[940 sec, 2051665 itr]: No feasible solution found (infeas = 5)
[941 sec, 2053536 itr]: No feasible solution found (infeas = 5)
[942 sec, 2055537 itr]: No feasible solution found (infeas = 5)
[943 sec, 2057296 itr]: No feasible solution found (infeas = 5)
[944 sec, 2059296 itr]: No feasible solution found (infeas = 5)
[945 sec, 2061320 itr]: No feasible solution found (infeas = 5)
[946 sec, 2063204 itr]: No feasible solution found (infeas = 5)
[947 sec, 2065006 itr]: No feasible solution found (infeas = 5)
[948 sec, 2066864 itr]: No feasible solution found (infeas = 5)
[949 sec, 2068761 itr]: No feasible solution found (infeas = 5)
[950 sec, 2070782 itr]: No feasible solution found (infeas = 5)
[951 sec, 2072666 itr]: No feasible solution found (infeas = 5)
[952 sec, 2074418 itr]: No feasible solution found (infeas = 5)
[953 sec, 2076338 itr]: No feasible solution found (infeas = 5)
[954 sec, 2078337 itr]: No feasible solution found (infeas = 5)
[955 sec, 2080444 itr]: No feasible solution found (infeas = 5)
[956 sec, 2082298 itr]: No feasible solution found (infeas = 5)
[957 sec, 2084139 itr]: No feasible solution found (infeas = 5)
[958 sec, 2085924 itr]: No feasible solution found (infeas = 5)
[959 sec, 2087947 itr]: No feasible solution found (infeas = 5)
[960 sec, 2089850 itr]: No feasible solution found (infeas = 5)
[961 sec, 2091856 itr]: No feasible solution found (infeas = 5)
[962 sec, 2093764 itr]: No feasible solution found (infeas = 5)
[963 sec, 2095767 itr]: No feasible solution found (infeas = 5)
[964 sec, 2097585 itr]: No feasible solution found (infeas = 5)
[965 sec, 2099560 itr]: No feasible solution found (infeas = 5)
[966 sec, 2101607 itr]: No feasible solution found (infeas = 5)
[967 sec, 2103639 itr]: No feasible solution found (infeas = 5)
[968 sec, 2105594 itr]: No feasible solution found (infeas = 5)
[969 sec, 2107555 itr]: No feasible solution found (infeas = 5)
[970 sec, 2109479 itr]: No feasible solution found (infeas = 5)
[971 sec, 2111444 itr]: No feasible solution found (infeas = 5)
[972 sec, 2113343 itr]: No feasible solution found (infeas = 5)
[973 sec, 2115349 itr]: No feasible solution found (infeas = 5)
[974 sec, 2117215 itr]: No feasible solution found (infeas = 5)
[975 sec, 2118986 itr]: No feasible solution found (infeas = 5)
[976 sec, 2120797 itr]: No feasible solution found (infeas = 5)
[977 sec, 2122579 itr]: No feasible solution found (infeas = 5)
[978 sec, 2124321 itr]: No feasible solution found (infeas = 5)
[979 sec, 2126241 itr]: No feasible solution found (infeas = 5)
[980 sec, 2128165 itr]: No feasible solution found (infeas = 5)
[981 sec, 2130070 itr]: No feasible solution found (infeas = 5)
[982 sec, 2131746 itr]: No feasible solution found (infeas = 5)
[983 sec, 2133515 itr]: No feasible solution found (infeas = 5)
[984 sec, 2135349 itr]: No feasible solution found (infeas = 5)
[985 sec, 2137211 itr]: No feasible solution found (infeas = 5)
[986 sec, 2138979 itr]: No feasible solution found (infeas = 5)
[987 sec, 2141071 itr]: No feasible solution found (infeas = 5)
[988 sec, 2142940 itr]: No feasible solution found (infeas = 5)
[989 sec, 2144899 itr]: No feasible solution found (infeas = 5)
[990 sec, 2146992 itr]: No feasible solution found (infeas = 5)
[991 sec, 2148741 itr]: No feasible solution found (infeas = 5)
[992 sec, 2150937 itr]: No feasible solution found (infeas = 5)
[993 sec, 2152878 itr]: No feasible solution found (infeas = 5)
[994 sec, 2154833 itr]: No feasible solution found (infeas = 5)
[995 sec, 2156720 itr]: No feasible solution found (infeas = 5)
[996 sec, 2158579 itr]: No feasible solution found (infeas = 5)
[997 sec, 2160450 itr]: No feasible solution found (infeas = 5)
[998 sec, 2162235 itr]: No feasible solution found (infeas = 5)
[999 sec, 2164206 itr]: No feasible solution found (infeas = 5)
[1000 sec, 2165916 itr]: No feasible solution found (infeas = 5)
[1001 sec, 2167812 itr]: No feasible solution found (infeas = 5)
[1002 sec, 2169764 itr]: No feasible solution found (infeas = 5)
[1003 sec, 2171777 itr]: No feasible solution found (infeas = 5)
[1004 sec, 2173817 itr]: No feasible solution found (infeas = 5)
[1005 sec, 2175861 itr]: No feasible solution found (infeas = 5)
[1006 sec, 2177945 itr]: No feasible solution found (infeas = 5)
[1007 sec, 2180034 itr]: No feasible solution found (infeas = 5)
[1008 sec, 2182129 itr]: No feasible solution found (infeas = 5)
[1009 sec, 2184140 itr]: No feasible solution found (infeas = 5)
[1010 sec, 2185906 itr]: No feasible solution found (infeas = 5)
[1011 sec, 2187767 itr]: No feasible solution found (infeas = 5)
[1012 sec, 2189788 itr]: No feasible solution found (infeas = 5)
[1013 sec, 2191827 itr]: No feasible solution found (infeas = 5)
[1014 sec, 2193892 itr]: No feasible solution found (infeas = 5)
[1015 sec, 2195895 itr]: No feasible solution found (infeas = 5)
[1016 sec, 2195895 itr]: No feasible solution found (infeas = 5)
[1017 sec, 2199866 itr]: No feasible solution found (infeas = 5)
[1018 sec, 2201932 itr]: No feasible solution found (infeas = 5)
[1019 sec, 2203948 itr]: No feasible solution found (infeas = 5)
[1020 sec, 2205967 itr]: No feasible solution found (infeas = 5)
[1021 sec, 2207969 itr]: No feasible solution found (infeas = 5)
[1022 sec, 2210042 itr]: No feasible solution found (infeas = 5)
[1023 sec, 2211973 itr]: No feasible solution found (infeas = 5)
[1024 sec, 2214078 itr]: No feasible solution found (infeas = 5)
[1025 sec, 2216059 itr]: No feasible solution found (infeas = 5)
[1026 sec, 2217923 itr]: No feasible solution found (infeas = 5)
[1027 sec, 2219954 itr]: No feasible solution found (infeas = 5)
[1028 sec, 2222006 itr]: No feasible solution found (infeas = 5)
[1029 sec, 2223962 itr]: No feasible solution found (infeas = 5)
[1030 sec, 2223962 itr]: No feasible solution found (infeas = 5)
[1031 sec, 2227875 itr]: No feasible solution found (infeas = 5)
[1032 sec, 2229766 itr]: No feasible solution found (infeas = 5)
[1033 sec, 2231797 itr]: No feasible solution found (infeas = 5)
[1034 sec, 2233813 itr]: No feasible solution found (infeas = 5)
[1035 sec, 2235913 itr]: No feasible solution found (infeas = 5)
[1036 sec, 2237850 itr]: No feasible solution found (infeas = 5)
[1037 sec, 2239887 itr]: No feasible solution found (infeas = 5)
[1038 sec, 2241778 itr]: No feasible solution found (infeas = 5)
[1039 sec, 2243711 itr]: No feasible solution found (infeas = 5)
[1040 sec, 2245671 itr]: No feasible solution found (infeas = 5)
[1041 sec, 2247583 itr]: No feasible solution found (infeas = 5)
[1042 sec, 2249657 itr]: No feasible solution found (infeas = 5)
[1043 sec, 2251586 itr]: No feasible solution found (infeas = 5)
[1044 sec, 2253582 itr]: No feasible solution found (infeas = 5)
[1045 sec, 2255471 itr]: No feasible solution found (infeas = 5)
[1046 sec, 2257401 itr]: No feasible solution found (infeas = 5)
[1047 sec, 2259400 itr]: No feasible solution found (infeas = 5)
[1048 sec, 2261340 itr]: No feasible solution found (infeas = 5)
[1049 sec, 2263326 itr]: No feasible solution found (infeas = 5)
[1050 sec, 2265205 itr]: No feasible solution found (infeas = 5)
[1051 sec, 2267171 itr]: No feasible solution found (infeas = 5)
[1052 sec, 2269005 itr]: No feasible solution found (infeas = 5)
[1053 sec, 2270883 itr]: No feasible solution found (infeas = 5)
[1054 sec, 2272806 itr]: No feasible solution found (infeas = 5)
[1055 sec, 2274830 itr]: No feasible solution found (infeas = 5)
[1056 sec, 2276501 itr]: No feasible solution found (infeas = 5)
[1057 sec, 2278443 itr]: No feasible solution found (infeas = 5)
[1058 sec, 2280247 itr]: No feasible solution found (infeas = 5)
[1059 sec, 2282102 itr]: No feasible solution found (infeas = 5)
[1060 sec, 2283882 itr]: No feasible solution found (infeas = 5)
[1061 sec, 2285706 itr]: No feasible solution found (infeas = 5)
[1062 sec, 2287528 itr]: No feasible solution found (infeas = 5)
[1063 sec, 2289511 itr]: No feasible solution found (infeas = 5)
[1064 sec, 2289511 itr]: No feasible solution found (infeas = 5)
[1065 sec, 2293385 itr]: No feasible solution found (infeas = 5)
[1066 sec, 2295239 itr]: No feasible solution found (infeas = 5)
[1067 sec, 2295239 itr]: No feasible solution found (infeas = 5)
[1068 sec, 2298948 itr]: No feasible solution found (infeas = 5)
[1069 sec, 2300899 itr]: No feasible solution found (infeas = 5)
[1070 sec, 2302791 itr]: No feasible solution found (infeas = 5)
[1071 sec, 2304895 itr]: No feasible solution found (infeas = 5)
[1072 sec, 2306891 itr]: No feasible solution found (infeas = 5)
[1073 sec, 2308874 itr]: No feasible solution found (infeas = 5)
[1074 sec, 2310893 itr]: No feasible solution found (infeas = 5)
[1075 sec, 2312901 itr]: No feasible solution found (infeas = 5)
[1076 sec, 2314784 itr]: No feasible solution found (infeas = 5)
[1077 sec, 2316649 itr]: No feasible solution found (infeas = 5)
[1078 sec, 2318414 itr]: No feasible solution found (infeas = 5)
[1079 sec, 2320271 itr]: No feasible solution found (infeas = 5)
[1080 sec, 2322064 itr]: No feasible solution found (infeas = 5)
[1081 sec, 2323948 itr]: No feasible solution found (infeas = 5)
[1082 sec, 2325882 itr]: No feasible solution found (infeas = 5)
[1083 sec, 2327807 itr]: No feasible solution found (infeas = 5)
[1084 sec, 2329686 itr]: No feasible solution found (infeas = 5)
[1085 sec, 2331637 itr]: No feasible solution found (infeas = 5)
[1086 sec, 2333391 itr]: No feasible solution found (infeas = 5)
[1087 sec, 2335394 itr]: No feasible solution found (infeas = 5)
[1088 sec, 2337467 itr]: No feasible solution found (infeas = 5)
[1089 sec, 2339460 itr]: No feasible solution found (infeas = 5)
[1090 sec, 2341497 itr]: No feasible solution found (infeas = 5)
[1091 sec, 2343405 itr]: No feasible solution found (infeas = 5)
[1092 sec, 2345168 itr]: No feasible solution found (infeas = 5)
[1093 sec, 2347184 itr]: No feasible solution found (infeas = 5)
[1094 sec, 2349007 itr]: No feasible solution found (infeas = 5)
[1095 sec, 2351101 itr]: No feasible solution found (infeas = 5)
[1096 sec, 2353002 itr]: No feasible solution found (infeas = 5)
[1097 sec, 2355036 itr]: No feasible solution found (infeas = 5)
[1098 sec, 2357030 itr]: No feasible solution found (infeas = 5)
[1099 sec, 2358970 itr]: No feasible solution found (infeas = 5)
[1100 sec, 2358970 itr]: No feasible solution found (infeas = 5)
[1101 sec, 2362935 itr]: No feasible solution found (infeas = 5)
[1102 sec, 2364965 itr]: No feasible solution found (infeas = 5)
[1103 sec, 2366938 itr]: No feasible solution found (infeas = 5)
[1104 sec, 2368770 itr]: No feasible solution found (infeas = 5)
[1105 sec, 2370677 itr]: No feasible solution found (infeas = 5)
[1106 sec, 2372629 itr]: No feasible solution found (infeas = 5)
[1107 sec, 2374753 itr]: No feasible solution found (infeas = 5)
[1108 sec, 2376661 itr]: No feasible solution found (infeas = 5)
[1109 sec, 2378578 itr]: No feasible solution found (infeas = 5)
[1110 sec, 2380543 itr]: No feasible solution found (infeas = 5)
[1111 sec, 2382373 itr]: No feasible solution found (infeas = 5)
[1112 sec, 2382373 itr]: No feasible solution found (infeas = 5)
[1113 sec, 2386138 itr]: No feasible solution found (infeas = 5)
[1114 sec, 2388053 itr]: No feasible solution found (infeas = 5)
[1115 sec, 2389959 itr]: No feasible solution found (infeas = 5)
[1116 sec, 2391784 itr]: No feasible solution found (infeas = 5)
[1117 sec, 2393621 itr]: No feasible solution found (infeas = 5)
[1118 sec, 2395341 itr]: No feasible solution found (infeas = 5)
[1119 sec, 2397234 itr]: No feasible solution found (infeas = 5)
[1120 sec, 2399138 itr]: No feasible solution found (infeas = 5)
[1121 sec, 2400933 itr]: No feasible solution found (infeas = 5)
[1122 sec, 2402569 itr]: No feasible solution found (infeas = 5)
[1123 sec, 2404513 itr]: No feasible solution found (infeas = 5)
[1124 sec, 2406239 itr]: No feasible solution found (infeas = 5)
[1125 sec, 2408057 itr]: No feasible solution found (infeas = 5)
[1126 sec, 2409854 itr]: No feasible solution found (infeas = 5)
[1127 sec, 2411803 itr]: No feasible solution found (infeas = 5)
[1128 sec, 2413662 itr]: No feasible solution found (infeas = 5)
[1129 sec, 2415547 itr]: No feasible solution found (infeas = 5)
[1130 sec, 2417348 itr]: No feasible solution found (infeas = 5)
[1131 sec, 2419112 itr]: No feasible solution found (infeas = 5)
[1132 sec, 2420841 itr]: No feasible solution found (infeas = 5)
[1133 sec, 2420841 itr]: No feasible solution found (infeas = 5)
[1134 sec, 2424541 itr]: No feasible solution found (infeas = 5)
[1135 sec, 2426358 itr]: No feasible solution found (infeas = 5)
[1136 sec, 2428127 itr]: No feasible solution found (infeas = 5)
[1137 sec, 2429997 itr]: No feasible solution found (infeas = 5)
[1138 sec, 2431795 itr]: No feasible solution found (infeas = 5)
[1139 sec, 2433634 itr]: No feasible solution found (infeas = 5)
[1140 sec, 2435568 itr]: No feasible solution found (infeas = 5)
[1141 sec, 2437470 itr]: No feasible solution found (infeas = 5)
[1142 sec, 2439352 itr]: No feasible solution found (infeas = 5)
[1143 sec, 2441197 itr]: No feasible solution found (infeas = 5)
[1144 sec, 2443048 itr]: No feasible solution found (infeas = 5)
[1145 sec, 2444965 itr]: No feasible solution found (infeas = 5)
[1146 sec, 2446836 itr]: No feasible solution found (infeas = 5)
[1147 sec, 2448731 itr]: No feasible solution found (infeas = 5)
[1148 sec, 2450572 itr]: No feasible solution found (infeas = 5)
[1149 sec, 2452402 itr]: No feasible solution found (infeas = 5)
[1150 sec, 2454291 itr]: No feasible solution found (infeas = 5)
[1151 sec, 2456215 itr]: No feasible solution found (infeas = 5)
[1152 sec, 2458206 itr]: No feasible solution found (infeas = 5)
[1153 sec, 2460141 itr]: No feasible solution found (infeas = 5)
[1154 sec, 2462103 itr]: No feasible solution found (infeas = 5)
[1155 sec, 2464083 itr]: No feasible solution found (infeas = 5)
[1156 sec, 2466058 itr]: No feasible solution found (infeas = 5)
[1157 sec, 2467950 itr]: No feasible solution found (infeas = 5)
[1158 sec, 2469850 itr]: No feasible solution found (infeas = 5)
[1159 sec, 2471679 itr]: No feasible solution found (infeas = 5)
[1160 sec, 2473537 itr]: No feasible solution found (infeas = 5)
[1161 sec, 2475356 itr]: No feasible solution found (infeas = 5)
[1162 sec, 2477195 itr]: No feasible solution found (infeas = 5)
[1163 sec, 2479048 itr]: No feasible solution found (infeas = 5)
[1164 sec, 2481060 itr]: No feasible solution found (infeas = 5)
[1165 sec, 2482857 itr]: No feasible solution found (infeas = 5)
[1166 sec, 2484655 itr]: No feasible solution found (infeas = 5)
[1167 sec, 2486464 itr]: No feasible solution found (infeas = 5)
[1168 sec, 2488367 itr]: No feasible solution found (infeas = 5)
[1169 sec, 2490315 itr]: No feasible solution found (infeas = 5)
[1170 sec, 2492313 itr]: No feasible solution found (infeas = 5)
[1171 sec, 2494236 itr]: No feasible solution found (infeas = 5)
[1172 sec, 2496090 itr]: No feasible solution found (infeas = 5)
[1173 sec, 2498019 itr]: No feasible solution found (infeas = 5)
[1174 sec, 2499915 itr]: No feasible solution found (infeas = 5)
[1175 sec, 2501844 itr]: No feasible solution found (infeas = 5)
[1176 sec, 2503550 itr]: No feasible solution found (infeas = 5)
[1177 sec, 2505438 itr]: No feasible solution found (infeas = 5)
[1178 sec, 2507333 itr]: No feasible solution found (infeas = 5)
[1179 sec, 2509247 itr]: No feasible solution found (infeas = 5)
[1180 sec, 2510990 itr]: No feasible solution found (infeas = 5)
[1181 sec, 2512908 itr]: No feasible solution found (infeas = 5)
[1182 sec, 2514923 itr]: No feasible solution found (infeas = 5)
[1183 sec, 2516922 itr]: No feasible solution found (infeas = 5)
[1184 sec, 2518848 itr]: No feasible solution found (infeas = 5)
[1185 sec, 2520816 itr]: No feasible solution found (infeas = 5)
[1186 sec, 2522656 itr]: No feasible solution found (infeas = 5)
[1187 sec, 2522656 itr]: No feasible solution found (infeas = 5)
[1188 sec, 2526509 itr]: No feasible solution found (infeas = 5)
[1189 sec, 2528425 itr]: No feasible solution found (infeas = 5)
[1190 sec, 2530373 itr]: No feasible solution found (infeas = 5)
[1191 sec, 2532361 itr]: No feasible solution found (infeas = 5)
[1192 sec, 2534233 itr]: No feasible solution found (infeas = 5)
[1193 sec, 2536247 itr]: No feasible solution found (infeas = 5)
[1194 sec, 2538151 itr]: No feasible solution found (infeas = 5)
[1195 sec, 2540030 itr]: No feasible solution found (infeas = 5)
[1196 sec, 2541743 itr]: No feasible solution found (infeas = 5)
[1197 sec, 2543685 itr]: No feasible solution found (infeas = 5)
[1198 sec, 2545777 itr]: No feasible solution found (infeas = 5)
[1199 sec, 2547702 itr]: No feasible solution found (infeas = 5)
[1200 sec, 2549630 itr]: No feasible solution found (infeas = 5)
[1201 sec, 2551628 itr]: No feasible solution found (infeas = 5)
[1202 sec, 2553364 itr]: No feasible solution found (infeas = 5)
[1203 sec, 2555252 itr]: No feasible solution found (infeas = 5)
[1204 sec, 2557196 itr]: No feasible solution found (infeas = 5)
[1205 sec, 2559224 itr]: No feasible solution found (infeas = 5)
[1206 sec, 2561069 itr]: No feasible solution found (infeas = 5)
[1207 sec, 2563042 itr]: No feasible solution found (infeas = 5)
[1208 sec, 2564945 itr]: No feasible solution found (infeas = 5)
[1209 sec, 2566962 itr]: No feasible solution found (infeas = 5)
[1210 sec, 2568717 itr]: No feasible solution found (infeas = 5)
[1211 sec, 2570724 itr]: No feasible solution found (infeas = 5)
[1212 sec, 2572602 itr]: No feasible solution found (infeas = 5)
[1213 sec, 2574571 itr]: No feasible solution found (infeas = 5)
[1214 sec, 2576562 itr]: No feasible solution found (infeas = 5)
[1215 sec, 2578673 itr]: No feasible solution found (infeas = 5)
[1216 sec, 2580589 itr]: No feasible solution found (infeas = 5)
[1217 sec, 2582509 itr]: No feasible solution found (infeas = 5)
[1218 sec, 2584491 itr]: No feasible solution found (infeas = 5)
[1219 sec, 2586339 itr]: No feasible solution found (infeas = 5)
[1220 sec, 2588240 itr]: No feasible solution found (infeas = 5)
[1221 sec, 2590257 itr]: No feasible solution found (infeas = 5)
[1222 sec, 2592231 itr]: No feasible solution found (infeas = 5)
[1223 sec, 2594117 itr]: No feasible solution found (infeas = 5)
[1224 sec, 2596113 itr]: No feasible solution found (infeas = 5)
[1225 sec, 2597989 itr]: No feasible solution found (infeas = 5)
[1226 sec, 2599934 itr]: No feasible solution found (infeas = 5)
[1227 sec, 2601999 itr]: No feasible solution found (infeas = 5)
[1228 sec, 2603917 itr]: No feasible solution found (infeas = 5)
[1229 sec, 2605840 itr]: No feasible solution found (infeas = 5)
[1230 sec, 2607788 itr]: No feasible solution found (infeas = 5)
[1231 sec, 2609626 itr]: No feasible solution found (infeas = 5)
[1232 sec, 2611451 itr]: No feasible solution found (infeas = 5)
[1233 sec, 2613400 itr]: No feasible solution found (infeas = 5)
[1234 sec, 2615413 itr]: No feasible solution found (infeas = 5)
[1235 sec, 2617213 itr]: No feasible solution found (infeas = 5)
[1236 sec, 2619103 itr]: No feasible solution found (infeas = 5)
[1237 sec, 2620919 itr]: No feasible solution found (infeas = 5)
[1238 sec, 2620919 itr]: No feasible solution found (infeas = 5)
[1239 sec, 2624563 itr]: No feasible solution found (infeas = 5)
[1240 sec, 2626451 itr]: No feasible solution found (infeas = 5)
[1241 sec, 2628329 itr]: No feasible solution found (infeas = 5)
[1242 sec, 2630316 itr]: No feasible solution found (infeas = 5)
[1243 sec, 2632225 itr]: No feasible solution found (infeas = 5)
[1244 sec, 2634153 itr]: No feasible solution found (infeas = 5)
[1245 sec, 2636134 itr]: No feasible solution found (infeas = 5)
[1246 sec, 2638142 itr]: No feasible solution found (infeas = 5)
[1247 sec, 2640017 itr]: No feasible solution found (infeas = 5)
[1248 sec, 2641994 itr]: No feasible solution found (infeas = 5)
[1249 sec, 2643843 itr]: No feasible solution found (infeas = 5)
[1250 sec, 2645689 itr]: No feasible solution found (infeas = 5)
[1251 sec, 2647616 itr]: No feasible solution found (infeas = 5)
[1252 sec, 2649527 itr]: No feasible solution found (infeas = 5)
[1253 sec, 2651497 itr]: No feasible solution found (infeas = 5)
[1254 sec, 2653452 itr]: No feasible solution found (infeas = 5)
[1255 sec, 2655248 itr]: No feasible solution found (infeas = 5)
[1256 sec, 2657034 itr]: No feasible solution found (infeas = 5)
[1257 sec, 2658837 itr]: No feasible solution found (infeas = 5)
[1258 sec, 2660562 itr]: No feasible solution found (infeas = 5)
[1259 sec, 2662354 itr]: No feasible solution found (infeas = 5)
[1260 sec, 2664137 itr]: No feasible solution found (infeas = 5)
[1261 sec, 2666027 itr]: No feasible solution found (infeas = 5)
[1262 sec, 2667870 itr]: No feasible solution found (infeas = 5)
[1263 sec, 2669620 itr]: No feasible solution found (infeas = 5)
[1264 sec, 2671526 itr]: No feasible solution found (infeas = 5)
[1265 sec, 2673395 itr]: No feasible solution found (infeas = 5)
[1266 sec, 2675261 itr]: No feasible solution found (infeas = 5)
[1267 sec, 2677121 itr]: No feasible solution found (infeas = 5)
[1268 sec, 2678919 itr]: No feasible solution found (infeas = 5)
[1269 sec, 2680773 itr]: No feasible solution found (infeas = 5)
[1270 sec, 2682689 itr]: No feasible solution found (infeas = 5)
[1271 sec, 2682689 itr]: No feasible solution found (infeas = 5)
[1272 sec, 2686471 itr]: No feasible solution found (infeas = 5)
[1273 sec, 2688386 itr]: No feasible solution found (infeas = 5)
[1274 sec, 2690343 itr]: No feasible solution found (infeas = 5)
[1275 sec, 2692386 itr]: No feasible solution found (infeas = 5)
[1276 sec, 2694254 itr]: No feasible solution found (infeas = 5)
[1277 sec, 2696067 itr]: No feasible solution found (infeas = 5)
[1278 sec, 2697908 itr]: No feasible solution found (infeas = 5)
[1279 sec, 2699827 itr]: No feasible solution found (infeas = 5)
[1280 sec, 2701807 itr]: No feasible solution found (infeas = 5)
[1281 sec, 2701807 itr]: No feasible solution found (infeas = 5)
[1282 sec, 2705409 itr]: No feasible solution found (infeas = 5)
[1283 sec, 2707250 itr]: No feasible solution found (infeas = 5)
[1284 sec, 2708937 itr]: No feasible solution found (infeas = 5)
[1285 sec, 2710862 itr]: No feasible solution found (infeas = 5)
[1286 sec, 2712599 itr]: No feasible solution found (infeas = 5)
[1287 sec, 2714435 itr]: No feasible solution found (infeas = 5)
[1288 sec, 2716320 itr]: No feasible solution found (infeas = 5)
[1289 sec, 2718203 itr]: No feasible solution found (infeas = 5)
[1290 sec, 2719886 itr]: No feasible solution found (infeas = 5)
[1291 sec, 2721747 itr]: No feasible solution found (infeas = 5)
[1292 sec, 2723585 itr]: No feasible solution found (infeas = 5)
[1293 sec, 2725441 itr]: No feasible solution found (infeas = 5)
[1294 sec, 2727475 itr]: No feasible solution found (infeas = 5)
[1295 sec, 2729349 itr]: No feasible solution found (infeas = 5)
[1296 sec, 2731294 itr]: No feasible solution found (infeas = 5)
[1297 sec, 2733207 itr]: No feasible solution found (infeas = 5)
[1298 sec, 2735113 itr]: No feasible solution found (infeas = 5)
[1299 sec, 2737031 itr]: No feasible solution found (infeas = 5)
[1300 sec, 2738879 itr]: No feasible solution found (infeas = 5)
[1301 sec, 2740605 itr]: No feasible solution found (infeas = 5)
[1302 sec, 2742603 itr]: No feasible solution found (infeas = 5)
[1303 sec, 2744494 itr]: No feasible solution found (infeas = 5)
[1304 sec, 2746381 itr]: No feasible solution found (infeas = 5)
[1305 sec, 2748276 itr]: No feasible solution found (infeas = 5)
[1306 sec, 2750250 itr]: No feasible solution found (infeas = 5)
[1307 sec, 2752233 itr]: No feasible solution found (infeas = 5)
[1308 sec, 2754147 itr]: No feasible solution found (infeas = 5)
[1309 sec, 2756170 itr]: No feasible solution found (infeas = 5)
[1310 sec, 2758142 itr]: No feasible solution found (infeas = 5)
[1311 sec, 2760269 itr]: No feasible solution found (infeas = 5)
[1312 sec, 2762046 itr]: No feasible solution found (infeas = 5)
[1313 sec, 2763909 itr]: No feasible solution found (infeas = 5)
[1314 sec, 2765753 itr]: No feasible solution found (infeas = 5)
[1315 sec, 2767544 itr]: No feasible solution found (infeas = 5)
[1316 sec, 2769184 itr]: No feasible solution found (infeas = 5)
[1317 sec, 2769184 itr]: No feasible solution found (infeas = 5)
[1318 sec, 2772590 itr]: No feasible solution found (infeas = 5)
[1319 sec, 2774327 itr]: No feasible solution found (infeas = 5)
[1320 sec, 2774327 itr]: No feasible solution found (infeas = 5)
[1321 sec, 2777643 itr]: No feasible solution found (infeas = 5)
[1322 sec, 2779295 itr]: No feasible solution found (infeas = 5)
[1323 sec, 2779295 itr]: No feasible solution found (infeas = 5)
[1324 sec, 2781114 itr]: No feasible solution found (infeas = 5)
[1325 sec, 2784461 itr]: No feasible solution found (infeas = 5)
[1326 sec, 2786204 itr]: No feasible solution found (infeas = 5)
[1327 sec, 2787922 itr]: No feasible solution found (infeas = 5)
[1328 sec, 2789799 itr]: No feasible solution found (infeas = 5)
[1329 sec, 2791521 itr]: No feasible solution found (infeas = 5)
[1330 sec, 2793193 itr]: No feasible solution found (infeas = 5)
[1331 sec, 2794875 itr]: No feasible solution found (infeas = 5)
[1332 sec, 2796423 itr]: No feasible solution found (infeas = 5)
[1333 sec, 2798058 itr]: No feasible solution found (infeas = 5)
[1334 sec, 2798058 itr]: No feasible solution found (infeas = 5)
[1335 sec, 2801219 itr]: No feasible solution found (infeas = 5)
[1336 sec, 2802818 itr]: No feasible solution found (infeas = 5)
[1337 sec, 2804462 itr]: No feasible solution found (infeas = 5)
[1338 sec, 2806168 itr]: No feasible solution found (infeas = 5)
[1339 sec, 2807757 itr]: No feasible solution found (infeas = 5)
[1340 sec, 2809403 itr]: No feasible solution found (infeas = 5)
[1341 sec, 2811242 itr]: No feasible solution found (infeas = 5)
[1342 sec, 2812693 itr]: No feasible solution found (infeas = 5)
[1343 sec, 2814272 itr]: No feasible solution found (infeas = 5)
[1344 sec, 2815862 itr]: No feasible solution found (infeas = 5)
[1345 sec, 2817573 itr]: No feasible solution found (infeas = 5)
[1346 sec, 2819241 itr]: No feasible solution found (infeas = 5)
[1347 sec, 2820906 itr]: No feasible solution found (infeas = 5)
[1348 sec, 2822450 itr]: No feasible solution found (infeas = 5)
[1349 sec, 2824094 itr]: No feasible solution found (infeas = 5)
[1350 sec, 2825840 itr]: No feasible solution found (infeas = 5)
[1351 sec, 2827469 itr]: No feasible solution found (infeas = 5)
[1352 sec, 2829246 itr]: No feasible solution found (infeas = 5)
[1353 sec, 2830997 itr]: No feasible solution found (infeas = 5)
[1354 sec, 2832686 itr]: No feasible solution found (infeas = 5)
[1355 sec, 2834551 itr]: No feasible solution found (infeas = 5)
[1356 sec, 2836165 itr]: No feasible solution found (infeas = 5)
[1357 sec, 2837796 itr]: No feasible solution found (infeas = 5)
[1358 sec, 2837796 itr]: No feasible solution found (infeas = 5)
[1359 sec, 2841018 itr]: No feasible solution found (infeas = 5)
[1360 sec, 2842764 itr]: No feasible solution found (infeas = 5)
[1361 sec, 2844365 itr]:      1342.09
[ optimality gap      ]:      100.00%
[1362 sec, 2846205 itr]:      1342.09
[1363 sec, 2847738 itr]:      1341.33
[1364 sec, 2849488 itr]:      1341.33
[1365 sec, 2851197 itr]:      1341.33
[1366 sec, 2852890 itr]:      1341.33
[1367 sec, 2854271 itr]:      1340.14
[1368 sec, 2854271 itr]:      1340.14
[1369 sec, 2855988 itr]:      1340.14
[1370 sec, 2857679 itr]:      1340.14
[1371 sec, 2861199 itr]:      1340.14
[ optimality gap      ]:      100.00%
[1372 sec, 2863035 itr]:      1340.14
[1373 sec, 2864644 itr]:      1340.14
[1374 sec, 2866706 itr]:      1340.14
[1375 sec, 2866706 itr]:      1340.14
[1376 sec, 2869960 itr]:      1340.14
[1377 sec, 2871722 itr]:      1340.14
[1378 sec, 2873435 itr]:      1305.01
[1379 sec, 2875045 itr]:      1305.01
[1380 sec, 2875045 itr]:      1305.01
[1381 sec, 2876655 itr]:      1305.01
[ optimality gap      ]:      100.00%
[1382 sec, 2878582 itr]:      1305.01
[1383 sec, 2878582 itr]:      1305.01
[1384 sec, 2878582 itr]:      1305.01
[1385 sec, 2878745 itr]:      1304.91
[1386 sec, 2881639 itr]:      1304.91
[1387 sec, 2881639 itr]:      1304.91
[1388 sec, 2883208 itr]:       1304.9
[1389 sec, 2884735 itr]:       1304.9
[1390 sec, 2886092 itr]:       1304.9
[1391 sec, 2888557 itr]:       1304.9
[ optimality gap      ]:      100.00%
[1392 sec, 2890227 itr]:       1304.9
[1393 sec, 2891552 itr]:       1304.9
[1394 sec, 2893309 itr]:       1304.9
[1395 sec, 2893309 itr]:       1304.9
[1396 sec, 2896524 itr]:       1304.9
[1397 sec, 2897935 itr]:       1304.9
[1398 sec, 2897935 itr]:       1304.9
[1399 sec, 2899322 itr]:       1304.9
[1400 sec, 2902279 itr]:       1304.9
[1401 sec, 2903957 itr]:       1304.9
[ optimality gap      ]:      100.00%
[1402 sec, 2905435 itr]:       1304.9
[1403 sec, 2907264 itr]:       1304.9
[1404 sec, 2909160 itr]:       1304.9
[1405 sec, 2909160 itr]:       1304.9
[1406 sec, 2909160 itr]:      1223.79
[1407 sec, 2911245 itr]:      1223.79
[1408 sec, 2911245 itr]:      1223.24
[1409 sec, 2912808 itr]:      1223.24
[1410 sec, 2914647 itr]:      1221.05
[1411 sec, 2917321 itr]:      1221.05
[ optimality gap      ]:      100.00%
[1412 sec, 2917321 itr]:      1218.41
[1413 sec, 2920823 itr]:      1218.41
[1414 sec, 2920823 itr]:      1218.41
[1415 sec, 2922708 itr]:      1218.41
[1416 sec, 2924276 itr]:      1218.41
[1417 sec, 2925297 itr]:      1217.86
[1418 sec, 2926656 itr]:      1217.86
[1419 sec, 2928325 itr]:      1217.86
[1420 sec, 2931850 itr]:      1217.86
[1421 sec, 2931850 itr]:      1217.86
[ optimality gap      ]:      100.00%
[1422 sec, 2935168 itr]:      1217.86
[1423 sec, 2936696 itr]:      1217.86
[1424 sec, 2938203 itr]:      1217.86
[1425 sec, 2938203 itr]:      1217.86
[1426 sec, 2941052 itr]:      1217.86
[1427 sec, 2942671 itr]:      1217.86
[1428 sec, 2944421 itr]:      1217.86
[1429 sec, 2944421 itr]:      1217.86
[1430 sec, 2947322 itr]:      1217.86
[1431 sec, 2948855 itr]:      1217.86
[ optimality gap      ]:      100.00%
[1432 sec, 2948855 itr]:      1217.71
[1433 sec, 2952402 itr]:      1217.71
[1434 sec, 2954118 itr]:      1217.71
[1435 sec, 2955172 itr]:      1217.71
[1436 sec, 2956906 itr]:      1217.71
[1437 sec, 2956906 itr]:      1217.71
[1438 sec, 2960288 itr]:      1217.71
[1439 sec, 2960288 itr]:      1217.71
[1440 sec, 2963098 itr]:      1217.71
[1441 sec, 2963098 itr]:      1217.71
[ optimality gap      ]:      100.00%
[1442 sec, 2965620 itr]:      1217.71
[1443 sec, 2965620 itr]:      1217.71
[1444 sec, 2967501 itr]:      1217.71
[1445 sec, 2970025 itr]:      1217.71
[1446 sec, 2971524 itr]:      1217.71
[1447 sec, 2971524 itr]:      1217.71
[1448 sec, 2973128 itr]:      1217.71
[1449 sec, 2974574 itr]:      1217.71
[1450 sec, 2977383 itr]:      1217.71
[1451 sec, 2978630 itr]:      1217.71
[ optimality gap      ]:      100.00%
[1452 sec, 2979966 itr]:      1217.71
[1453 sec, 2981539 itr]:      1217.71
[1454 sec, 2982849 itr]:      1217.71
[1455 sec, 2982849 itr]:      1217.71
[1456 sec, 2985572 itr]:      1217.71
[1457 sec, 2987173 itr]:      1217.71
[1458 sec, 2988720 itr]:      1217.71
[1459 sec, 2990160 itr]:      1217.71
[1460 sec, 2991496 itr]:      1217.71
[1461 sec, 2993156 itr]:      1217.71
[ optimality gap      ]:      100.00%
[1462 sec, 2994531 itr]:      1215.57
[1463 sec, 2996736 itr]:      1215.57
[1464 sec, 2998694 itr]:      1212.39
[1465 sec, 3000943 itr]:      1212.15
[1466 sec, 3002753 itr]:      1212.14
[1467 sec, 3004835 itr]:      1208.49
[1468 sec, 3006989 itr]:      1208.49
[1469 sec, 3006989 itr]:      1208.49
[1470 sec, 3011109 itr]:      1208.49
[1471 sec, 3013281 itr]:      1207.57
[ optimality gap      ]:      100.00%
[1472 sec, 3013281 itr]:      1207.57
[1473 sec, 3017717 itr]:      1207.57
[1474 sec, 3020015 itr]:      1207.57
[1475 sec, 3022225 itr]:      1207.57
[1476 sec, 3022225 itr]:      1207.57
[1477 sec, 3026351 itr]:      1207.57
[1478 sec, 3028505 itr]:      1207.57
[1479 sec, 3028505 itr]:      1207.57
[1480 sec, 3032573 itr]:      1207.57
[1481 sec, 3034772 itr]:      1207.57
[ optimality gap      ]:      100.00%
[1482 sec, 3036761 itr]:      1207.57
[1483 sec, 3038768 itr]:      1207.57
[1484 sec, 3040794 itr]:      1207.57
[1485 sec, 3040794 itr]:      1207.57
[1486 sec, 3045337 itr]:      1207.57
[1487 sec, 3047637 itr]:      1207.57
[1488 sec, 3049496 itr]:      1207.57
[1489 sec, 3049496 itr]:      1207.57
[1490 sec, 3051733 itr]:      1207.57
[1491 sec, 3055935 itr]:      1207.57
[ optimality gap      ]:      100.00%
[1492 sec, 3058071 itr]:      1207.57
[1493 sec, 3060123 itr]:      1207.57
[1494 sec, 3060123 itr]:      1207.57
[1495 sec, 3063542 itr]:      1207.57
[1496 sec, 3065585 itr]:      1207.57
[1497 sec, 3067633 itr]:      1207.57
[1498 sec, 3069475 itr]:      1207.57
[1499 sec, 3071539 itr]:      1207.57
[1500 sec, 3073549 itr]:      1207.57
[1501 sec, 3073549 itr]:      1207.57
[ optimality gap      ]:      100.00%
[1502 sec, 3074779 itr]:      1207.57
[1503 sec, 3078575 itr]:      1207.57
[1504 sec, 3080526 itr]:      1207.57
[1505 sec, 3082496 itr]:      1207.57
[1506 sec, 3084544 itr]:      1207.57
[1507 sec, 3086514 itr]:      1207.57
[1508 sec, 3088709 itr]:      1207.57
[1509 sec, 3088709 itr]:      1207.57
[1510 sec, 3092854 itr]:      1207.57
[1511 sec, 3094782 itr]:      1207.57
[ optimality gap      ]:      100.00%
[1512 sec, 3096801 itr]:      1207.57
[1513 sec, 3096801 itr]:      1207.57
[1514 sec, 3100671 itr]:      1207.57
[1515 sec, 3102665 itr]:      1207.57
[1516 sec, 3104778 itr]:      1207.57
[1517 sec, 3104778 itr]:      1207.57
[1518 sec, 3108724 itr]:      1207.56
[1519 sec, 3108724 itr]:      1207.56
[1520 sec, 3112651 itr]:      1207.56
[1521 sec, 3114659 itr]:      1207.56
[ optimality gap      ]:      100.00%
[1522 sec, 3116663 itr]:      1207.56
[1523 sec, 3118588 itr]:      1207.56
[1524 sec, 3120559 itr]:      1207.56
[1525 sec, 3120559 itr]:      1207.56
[1526 sec, 3124403 itr]:      1207.56
[1527 sec, 3126361 itr]:      1207.56
[1528 sec, 3128388 itr]:      1207.56
[1529 sec, 3130570 itr]:      1207.56
[1530 sec, 3132758 itr]:      1207.56
[1531 sec, 3132758 itr]:      1207.56
[ optimality gap      ]:      100.00%
[1532 sec, 3136494 itr]:      1207.56
[1533 sec, 3138586 itr]:      1207.56
[1534 sec, 3138586 itr]:      1207.56
[1535 sec, 3140676 itr]:      1207.56
[1536 sec, 3144592 itr]:      1207.56
[1537 sec, 3146559 itr]:      1207.32
[1538 sec, 3146559 itr]:      1207.32
[1539 sec, 3150539 itr]:      1207.32
[1540 sec, 3152820 itr]:      1207.32
[1541 sec, 3154786 itr]:      1207.32
[ optimality gap      ]:      100.00%
[1542 sec, 3156768 itr]:      1207.32
[1543 sec, 3158756 itr]:      1207.32
[1544 sec, 3161041 itr]:      1207.32
[1545 sec, 3163050 itr]:      1207.32
[1546 sec, 3165158 itr]:      1207.32
[1547 sec, 3167229 itr]:      1207.32
[1548 sec, 3169402 itr]:      1207.32
[1549 sec, 3171341 itr]:      1207.32
[1550 sec, 3173449 itr]:      1207.32
[1551 sec, 3175659 itr]:      1207.32
[ optimality gap      ]:      100.00%
[1552 sec, 3177915 itr]:      1207.32
[1553 sec, 3179927 itr]:      1207.32
[1554 sec, 3181924 itr]:      1207.32
[1555 sec, 3184053 itr]:      1207.32
[1556 sec, 3186145 itr]:      1207.32
[1557 sec, 3188124 itr]:      1207.32
[1558 sec, 3190149 itr]:      1207.32
[1559 sec, 3192142 itr]:      1207.32
[1560 sec, 3194189 itr]:      1207.32
[1561 sec, 3196281 itr]:      1207.32
[ optimality gap      ]:      100.00%
[1562 sec, 3198363 itr]:      1207.32
[1563 sec, 3200480 itr]:      1207.32
[1564 sec, 3202416 itr]:      1207.32
[1565 sec, 3202416 itr]:      1207.32
[1566 sec, 3206179 itr]:      1207.32
[1567 sec, 3207932 itr]:      1207.32
[1568 sec, 3207932 itr]:      1207.32
[1569 sec, 3211405 itr]:      1207.32
[1570 sec, 3211405 itr]:      1207.32
[1571 sec, 3213329 itr]:      1207.32
[ optimality gap      ]:      100.00%
[1572 sec, 3215158 itr]:      1207.32
[1573 sec, 3217204 itr]:      1207.32
[1574 sec, 3220388 itr]:      1207.32
[1575 sec, 3221993 itr]:      1207.32
[1576 sec, 3221993 itr]:      1207.32
[1577 sec, 3226240 itr]:      1207.32
[1578 sec, 3228432 itr]:      1207.32
[1579 sec, 3228432 itr]:      1207.32
[1580 sec, 3231880 itr]:      1207.32
[1581 sec, 3234066 itr]:      1207.32
[ optimality gap      ]:      100.00%
[1582 sec, 3236228 itr]:      1207.32
[1583 sec, 3238519 itr]:      1207.32
[1584 sec, 3240836 itr]:      1207.32
[1585 sec, 3243012 itr]:      1207.32
[1586 sec, 3245213 itr]:      1207.32
[1587 sec, 3247370 itr]:      1207.32
[1588 sec, 3247370 itr]:      1207.32
[1589 sec, 3251553 itr]:      1207.32
[1590 sec, 3253709 itr]:      1207.32
[1591 sec, 3255796 itr]:      1207.32
[ optimality gap      ]:      100.00%
[1592 sec, 3257841 itr]:      1207.32
[1593 sec, 3259983 itr]:      1207.32
[1594 sec, 3259983 itr]:      1207.32
[1595 sec, 3263956 itr]:      1207.32
[1596 sec, 3266051 itr]:      1207.32
[1597 sec, 3268123 itr]:      1207.32
[1598 sec, 3270328 itr]:      1207.32
[1599 sec, 3270328 itr]:      1207.32
[1600 sec, 3274716 itr]:      1207.32
[1601 sec, 3274716 itr]:      1207.32
[ optimality gap      ]:      100.00%
[1602 sec, 3278974 itr]:      1207.32
[1603 sec, 3281099 itr]:      1207.32
[1604 sec, 3283266 itr]:      1207.32
[1605 sec, 3285507 itr]:      1207.32
[1606 sec, 3287436 itr]:      1207.32
[1607 sec, 3289509 itr]:      1207.32
[1608 sec, 3291821 itr]:      1207.32
[1609 sec, 3291821 itr]:      1207.32
[1610 sec, 3294082 itr]:      1207.32
[1611 sec, 3298751 itr]:      1207.32
[ optimality gap      ]:      100.00%
[1612 sec, 3300852 itr]:      1207.32
[1613 sec, 3303198 itr]:      1207.32
[1614 sec, 3305624 itr]:      1207.32
[1615 sec, 3308254 itr]:      1207.32
[1616 sec, 3310515 itr]:      1207.32
[1617 sec, 3312719 itr]:      1207.32
[1618 sec, 3314903 itr]:      1207.32
[1619 sec, 3317061 itr]:      1207.32
[1620 sec, 3319433 itr]:      1207.32
[1621 sec, 3321846 itr]:      1207.32
[ optimality gap      ]:      100.00%
[1622 sec, 3324209 itr]:      1207.32
[1623 sec, 3326554 itr]:      1207.32
[1624 sec, 3328838 itr]:      1207.32
[1625 sec, 3331077 itr]:      1207.32
[1626 sec, 3333499 itr]:      1207.32
[1627 sec, 3335726 itr]:      1207.32
[1628 sec, 3337967 itr]:      1207.32
[1629 sec, 3340259 itr]:      1207.32
[1630 sec, 3342268 itr]:      1207.32
[1631 sec, 3342268 itr]:      1207.32
[ optimality gap      ]:      100.00%
[1632 sec, 3346224 itr]:      1207.32
[1633 sec, 3346224 itr]:      1207.32
[1634 sec, 3348449 itr]:      1207.32
[1635 sec, 3352966 itr]:      1207.32
[1636 sec, 3352966 itr]:      1207.32
[1637 sec, 3357393 itr]:      1207.32
[1638 sec, 3359526 itr]:      1207.32
[1639 sec, 3361134 itr]:      1207.32
[1640 sec, 3363293 itr]:      1207.32
[1641 sec, 3365395 itr]:      1207.32
[ optimality gap      ]:      100.00%
[1642 sec, 3365395 itr]:      1207.32
[1643 sec, 3369579 itr]:      1207.32
[1644 sec, 3369579 itr]:      1207.32
[1645 sec, 3373556 itr]:      1207.32
[1646 sec, 3375487 itr]:      1207.32
[1647 sec, 3377429 itr]:      1207.32
[1648 sec, 3379636 itr]:      1207.32
[1649 sec, 3381576 itr]:      1207.32
[1650 sec, 3383862 itr]:      1207.32
[1651 sec, 3383862 itr]:      1207.32
[ optimality gap      ]:      100.00%
[1652 sec, 3388085 itr]:      1207.32
[1653 sec, 3390266 itr]:      1207.32
[1654 sec, 3392084 itr]:      1207.32
[1655 sec, 3394231 itr]:      1207.32
[1656 sec, 3396477 itr]:      1207.32
[1657 sec, 3396477 itr]:      1207.32
[1658 sec, 3400487 itr]:      1207.32
[1659 sec, 3402616 itr]:      1207.32
[1660 sec, 3404665 itr]:      1207.32
[1661 sec, 3406443 itr]:      1207.32
[ optimality gap      ]:      100.00%
[1662 sec, 3408565 itr]:      1207.32
[1663 sec, 3410782 itr]:      1207.32
[1664 sec, 3412830 itr]:      1207.32
[1665 sec, 3412830 itr]:      1207.32
[1666 sec, 3416921 itr]:      1207.32
[1667 sec, 3419028 itr]:      1207.32
[1668 sec, 3421181 itr]:      1207.32
[1669 sec, 3423267 itr]:      1207.32
[1670 sec, 3425457 itr]:      1207.32
[1671 sec, 3427628 itr]:      1207.32
[ optimality gap      ]:      100.00%
[1672 sec, 3429695 itr]:      1207.32
[1673 sec, 3431405 itr]:      1207.32
[1674 sec, 3433656 itr]:      1207.32
[1675 sec, 3435940 itr]:      1207.32
[1676 sec, 3438072 itr]:      1207.32
[1677 sec, 3438072 itr]:      1207.32
[1678 sec, 3442128 itr]:      1207.32
[1679 sec, 3444195 itr]:      1207.32
[1680 sec, 3446230 itr]:      1207.32
[1681 sec, 3448287 itr]:      1207.32
[ optimality gap      ]:      100.00%
[1682 sec, 3450263 itr]:      1207.32
[1683 sec, 3450263 itr]:      1207.32
[1684 sec, 3454510 itr]:      1207.32
[1685 sec, 3456399 itr]:      1207.32
[1686 sec, 3456399 itr]:      1207.32
[1687 sec, 3458470 itr]:      1207.32
[1688 sec, 3462552 itr]:      1207.32
[1689 sec, 3464516 itr]:      1207.32
[1690 sec, 3466643 itr]:      1207.32
[1691 sec, 3466643 itr]:      1207.32
[ optimality gap      ]:      100.00%
[1692 sec, 3468704 itr]:      1207.32
[1693 sec, 3470902 itr]:      1207.32
[1694 sec, 3474270 itr]:      1205.51
[1695 sec, 3475906 itr]:      1205.51
[1696 sec, 3477491 itr]:      1202.88
[1697 sec, 3478911 itr]:      1202.88
[1698 sec, 3480491 itr]:      1202.88
[1699 sec, 3482080 itr]:      1202.88
[1700 sec, 3483611 itr]:      1202.88
[1701 sec, 3485004 itr]:      1202.88
[ optimality gap      ]:      100.00%
[1702 sec, 3485004 itr]:      1201.79
[1703 sec, 3488316 itr]:      1201.79
[1704 sec, 3488316 itr]:      1201.79
[1705 sec, 3490108 itr]:      1201.79
[1706 sec, 3493745 itr]:      1201.79
[1707 sec, 3493745 itr]:      1201.79
[1708 sec, 3495507 itr]:      1201.79
[1709 sec, 3497154 itr]:      1201.79
[1710 sec, 3500499 itr]:      1201.79
[1711 sec, 3502219 itr]:      1201.79
[ optimality gap      ]:      100.00%
[1712 sec, 3504148 itr]:      1201.79
[1713 sec, 3504148 itr]:      1201.79
[1714 sec, 3506028 itr]:      1201.79
[1715 sec, 3507794 itr]:      1201.79
[1716 sec, 3511159 itr]:      1201.79
[1717 sec, 3512987 itr]:      1201.79
[1718 sec, 3514795 itr]:      1201.79
[1719 sec, 3514795 itr]:      1201.79
[1720 sec, 3518275 itr]:      1201.79
[1721 sec, 3518275 itr]:      1201.79
[ optimality gap      ]:      100.00%
[1722 sec, 3519778 itr]:      1201.79
[1723 sec, 3521479 itr]:      1201.79
[1724 sec, 3523212 itr]:      1201.79
[1725 sec, 3526085 itr]:      1201.54
[1726 sec, 3527521 itr]:      1201.54
[1727 sec, 3527521 itr]:      1201.54
[1728 sec, 3530492 itr]:      1201.54
[1729 sec, 3531902 itr]:      1201.54
[1730 sec, 3533274 itr]:      1201.54
[1731 sec, 3534605 itr]:      1201.54
[ optimality gap      ]:      100.00%
[1732 sec, 3535909 itr]:      1201.54
[1733 sec, 3537202 itr]:      1201.54
[1734 sec, 3537202 itr]:      1201.54
[1735 sec, 3539542 itr]:      1201.54
[1736 sec, 3539542 itr]:      1201.54
[1737 sec, 3541735 itr]:      1201.54
[1738 sec, 3542753 itr]:      1201.54
[1739 sec, 3543279 itr]:      1201.54
[1740 sec, 3544240 itr]:      1201.54
[1741 sec, 3545092 itr]:      1201.54
[ optimality gap      ]:      100.00%
[1742 sec, 3546040 itr]:      1201.54
[1743 sec, 3547000 itr]:      1201.54
[1744 sec, 3547927 itr]:      1201.54
[1745 sec, 3547927 itr]:      1201.54
[1746 sec, 3549768 itr]:      1201.54
[1747 sec, 3550679 itr]:      1201.54
[1748 sec, 3550679 itr]:      1201.54
[1749 sec, 3551538 itr]:      1201.54
[1750 sec, 3553194 itr]:      1201.54
[1751 sec, 3553194 itr]:      1201.54
[ optimality gap      ]:      100.00%
[1752 sec, 3554888 itr]:      1201.54
[1753 sec, 3555837 itr]:      1201.54
[1754 sec, 3556843 itr]:      1201.54
[1755 sec, 3557943 itr]:      1201.54
[1756 sec, 3558832 itr]:      1201.54
[1757 sec, 3559645 itr]:      1201.54
[1758 sec, 3560574 itr]:      1201.54
[1759 sec, 3561569 itr]:      1201.54
[1760 sec, 3561569 itr]:       1198.3
[1761 sec, 3563464 itr]:       1198.3
[ optimality gap      ]:      100.00%
[1762 sec, 3564465 itr]:       1198.3
[1763 sec, 3565532 itr]:       1198.3
[1764 sec, 3565532 itr]:       1198.3
[1765 sec, 3567605 itr]:       1198.3
[1766 sec, 3567605 itr]:       1198.3
[1767 sec, 3568480 itr]:       1198.3
[1768 sec, 3569361 itr]:       1198.3
[1769 sec, 3570302 itr]:      1188.92
[1770 sec, 3571376 itr]:      1188.92
[1771 sec, 3572278 itr]:      1188.92
[ optimality gap      ]:      100.00%
[1772 sec, 3572278 itr]:      1188.92
[1773 sec, 3573158 itr]:      1188.92
[1774 sec, 3574047 itr]:      1188.92
[1775 sec, 3574937 itr]:      1188.92
[1776 sec, 3576530 itr]:      1188.92
[1777 sec, 3576530 itr]:      1188.92
[1778 sec, 3578395 itr]:      1188.92
[1779 sec, 3578395 itr]:      1188.92
[1780 sec, 3579439 itr]:      1188.92
[1781 sec, 3580385 itr]:      1188.92
[ optimality gap      ]:      100.00%
[1782 sec, 3581173 itr]:      1188.92
[1783 sec, 3581799 itr]:      1188.92
[1784 sec, 3582556 itr]:      1188.92
[1785 sec, 3583340 itr]:      1188.92
[1786 sec, 3585225 itr]:      1188.92
[1787 sec, 3585225 itr]:      1188.92
[1788 sec, 3587075 itr]:      1188.92
[1789 sec, 3588078 itr]:      1188.92
[1790 sec, 3589060 itr]:      1188.92
[1791 sec, 3590010 itr]:      1188.92
[ optimality gap      ]:      100.00%
[1792 sec, 3590995 itr]:      1188.92
[1793 sec, 3591896 itr]:      1188.92
[1794 sec, 3592836 itr]:      1188.92
[1795 sec, 3593777 itr]:      1188.92
[1796 sec, 3594836 itr]:      1188.92
[1797 sec, 3595840 itr]:      1188.92
[1798 sec, 3596780 itr]:      1188.92
[1799 sec, 3597751 itr]:      1188.92
[1800 sec, 3598772 itr]:      1188.92
[1801 sec, 3599856 itr]:      1188.92
[ optimality gap      ]:      100.00%
[1802 sec, 3600883 itr]:      1188.92
[1803 sec, 3601928 itr]:      1188.92
[1804 sec, 3603043 itr]:      1188.92
[1805 sec, 3603043 itr]:      1188.92
[1806 sec, 3603948 itr]:      1188.92
[1807 sec, 3606165 itr]:      1188.92
[1808 sec, 3606165 itr]:      1188.92
[1809 sec, 3608567 itr]:      1188.92
[1810 sec, 3609689 itr]:      1188.92
[1811 sec, 3610955 itr]:      1188.92
[ optimality gap      ]:      100.00%
[1812 sec, 3610955 itr]:      1188.92
[1813 sec, 3612213 itr]:      1188.92
[1814 sec, 3614504 itr]:      1188.92
[1815 sec, 3615926 itr]:      1186.78
[1816 sec, 3615926 itr]:      1186.78
[1817 sec, 3617238 itr]:      1186.78
[1818 sec, 3618610 itr]:      1186.75
[1819 sec, 3619575 itr]:      1186.75
[1820 sec, 3621583 itr]:      1186.74
[1821 sec, 3623021 itr]:      1186.74
[ optimality gap      ]:      100.00%
[1822 sec, 3624280 itr]:      1186.74
[1823 sec, 3625472 itr]:      1186.74
[1824 sec, 3625472 itr]:      1186.74
[1825 sec, 3627602 itr]:      1186.74
[1826 sec, 3627602 itr]:      1186.74
[1827 sec, 3629906 itr]:      1186.74
[1828 sec, 3629906 itr]:      1186.74
[1829 sec, 3632134 itr]:      1186.74
[1830 sec, 3633339 itr]:      1186.74
[1831 sec, 3633339 itr]:      1186.74
[ optimality gap      ]:      100.00%
[1832 sec, 3634537 itr]:      1186.74
[1833 sec, 3635723 itr]:      1186.74
[1834 sec, 3638117 itr]:      1186.74
[1835 sec, 3639424 itr]:      1186.74
[1836 sec, 3640652 itr]:      1186.74
[1837 sec, 3641667 itr]:      1186.74
[1838 sec, 3641667 itr]:      1186.74
[1839 sec, 3643895 itr]:      1186.74
[1840 sec, 3645015 itr]:      1186.74
[1841 sec, 3645015 itr]:      1186.74
[ optimality gap      ]:      100.00%
[1842 sec, 3647367 itr]:      1186.74
[1843 sec, 3647367 itr]:      1186.74
[1844 sec, 3649762 itr]:      1186.74
[1845 sec, 3649762 itr]:      1186.74
[1846 sec, 3652101 itr]:      1186.74
[1847 sec, 3652101 itr]:      1186.74
[1848 sec, 3654345 itr]:      1186.74
[1849 sec, 3654345 itr]:      1186.74
[1850 sec, 3655457 itr]:      1186.74
[1851 sec, 3656432 itr]:      1186.74
[ optimality gap      ]:      100.00%
[1852 sec, 3657654 itr]:      1186.74
[1853 sec, 3658922 itr]:      1186.74
[1854 sec, 3661335 itr]:      1186.74
[1855 sec, 3662618 itr]:      1186.74
[1856 sec, 3662618 itr]:      1186.74
[1857 sec, 3664819 itr]:      1186.74
[1858 sec, 3664819 itr]:      1186.74
[1859 sec, 3665926 itr]:      1186.74
[1860 sec, 3668465 itr]:      1186.74
[1861 sec, 3669598 itr]:      1186.74
[ optimality gap      ]:      100.00%
[1862 sec, 3669598 itr]:      1186.74
[1863 sec, 3672107 itr]:      1186.74
[1864 sec, 3672107 itr]:      1186.74
[1865 sec, 3673315 itr]:      1186.74
[1866 sec, 3675809 itr]:      1186.74
[1867 sec, 3675809 itr]:      1186.74
[1868 sec, 3676541 itr]:      1186.74
[1869 sec, 3677735 itr]:      1186.74
[1870 sec, 3678546 itr]:      1186.74
[1871 sec, 3679757 itr]:      1186.74
[ optimality gap      ]:      100.00%
[1872 sec, 3682138 itr]:      1186.74
[1873 sec, 3683241 itr]:      1186.74
[1874 sec, 3683241 itr]:      1186.74
[1875 sec, 3684365 itr]:      1186.74
[1876 sec, 3685593 itr]:      1186.74
[1877 sec, 3687734 itr]:      1186.74
[1878 sec, 3687734 itr]:      1186.74
[1879 sec, 3688871 itr]:      1186.74
[1880 sec, 3691258 itr]:      1186.74
[1881 sec, 3692417 itr]:      1186.74
[ optimality gap      ]:      100.00%
[1882 sec, 3692417 itr]:      1186.74
[1883 sec, 3694979 itr]:      1186.74
[1884 sec, 3694979 itr]:      1186.74
[1885 sec, 3696241 itr]:      1186.74
[1886 sec, 3698715 itr]:      1186.74
[1887 sec, 3700046 itr]:      1186.74
[1888 sec, 3701367 itr]:      1186.74
[1889 sec, 3702644 itr]:      1186.74
[1890 sec, 3702644 itr]:      1186.74
[1891 sec, 3703922 itr]:      1186.74
[ optimality gap      ]:      100.00%
[1892 sec, 3705227 itr]:      1186.74
[1893 sec, 3707367 itr]:      1186.74
[1894 sec, 3708687 itr]:      1186.74
[1895 sec, 3708687 itr]:      1186.74
[1896 sec, 3710834 itr]:      1186.74
[1897 sec, 3712036 itr]:      1186.74
[1898 sec, 3712036 itr]:      1186.74
[1899 sec, 3714682 itr]:      1186.74
[1900 sec, 3715827 itr]:      1186.74
[1901 sec, 3717055 itr]:      1186.74
[ optimality gap      ]:      100.00%
[1902 sec, 3717055 itr]:      1186.74
[1903 sec, 3718240 itr]:      1186.74
[1904 sec, 3719350 itr]:      1186.74
[1905 sec, 3720634 itr]:      1186.74
[1906 sec, 3723072 itr]:      1186.74
[1907 sec, 3724373 itr]:      1186.74
[1908 sec, 3725520 itr]:      1186.74
[1909 sec, 3725520 itr]:      1186.74
[1910 sec, 3727862 itr]:      1186.74
[1911 sec, 3727862 itr]:      1186.74
[ optimality gap      ]:      100.00%
[1912 sec, 3729985 itr]:      1186.74
[1913 sec, 3729985 itr]:      1186.74
[1914 sec, 3732186 itr]:      1186.74
[1915 sec, 3732186 itr]:      1186.74
[1916 sec, 3734393 itr]:      1186.74
[1917 sec, 3735395 itr]:      1186.74
[1918 sec, 3735395 itr]:      1186.74
[1919 sec, 3736434 itr]:      1186.74
[1920 sec, 3737526 itr]:      1186.74
[1921 sec, 3739662 itr]:      1186.74
[ optimality gap      ]:      100.00%
[1922 sec, 3739662 itr]:      1186.74
[1923 sec, 3741830 itr]:      1186.74
[1924 sec, 3741830 itr]:      1186.74
[1925 sec, 3743967 itr]:      1186.74
[1926 sec, 3745093 itr]:      1186.74
[1927 sec, 3746331 itr]:      1186.74
[1928 sec, 3747488 itr]:      1186.74
[1929 sec, 3748660 itr]:      1186.74
[1930 sec, 3749594 itr]:      1186.74
[1931 sec, 3750673 itr]:      1186.74
[ optimality gap      ]:      100.00%
[1932 sec, 3750673 itr]:      1186.74
[1933 sec, 3752318 itr]:      1186.74
[1934 sec, 3752318 itr]:      1186.74
[1935 sec, 3754563 itr]:      1186.74
[1936 sec, 3755756 itr]:      1186.74
[1937 sec, 3756807 itr]:      1186.74
[1938 sec, 3758013 itr]:      1186.74
[1939 sec, 3758013 itr]:      1186.74
[1940 sec, 3759095 itr]:      1186.74
[1941 sec, 3760113 itr]:      1186.74
[ optimality gap      ]:      100.00%
[1942 sec, 3762407 itr]:      1186.74
[1943 sec, 3763566 itr]:      1186.74
[1944 sec, 3764764 itr]:      1186.74
[1945 sec, 3765889 itr]:      1186.74
[1946 sec, 3767155 itr]:      1186.74
[1947 sec, 3767155 itr]:      1186.74
[1948 sec, 3769275 itr]:      1186.74
[1949 sec, 3770381 itr]:      1186.74
[1950 sec, 3771413 itr]:      1186.74
[1951 sec, 3772640 itr]:      1186.74
[ optimality gap      ]:      100.00%
[1952 sec, 3773791 itr]:      1186.74
[1953 sec, 3774820 itr]:      1186.74
[1954 sec, 3774820 itr]:      1186.74
[1955 sec, 3776912 itr]:      1186.74
[1956 sec, 3778003 itr]:      1186.74
[1957 sec, 3779218 itr]:      1186.74
[1958 sec, 3779218 itr]:      1186.74
[1959 sec, 3780468 itr]:      1186.74
[1960 sec, 3782360 itr]:      1186.74
[1961 sec, 3783567 itr]:      1186.74
[ optimality gap      ]:      100.00%
[1962 sec, 3784791 itr]:      1186.74
[1963 sec, 3784791 itr]:      1186.74
[1964 sec, 3787043 itr]:      1186.74
[1965 sec, 3788221 itr]:      1186.74
[1966 sec, 3788221 itr]:      1186.74
[1967 sec, 3790624 itr]:      1186.74
[1968 sec, 3791920 itr]:      1186.74
[1969 sec, 3791920 itr]:      1186.74
[1970 sec, 3793942 itr]:      1186.74
[1971 sec, 3795027 itr]:      1186.74
[ optimality gap      ]:      100.00%
[1972 sec, 3796105 itr]:      1186.74
[1973 sec, 3796105 itr]:      1186.74
[1974 sec, 3797230 itr]:      1186.74
[1975 sec, 3798475 itr]:      1186.74
[1976 sec, 3800828 itr]:      1186.74
[1977 sec, 3801888 itr]:      1186.74
[1978 sec, 3803156 itr]:      1186.74
[1979 sec, 3803156 itr]:      1186.74
[1980 sec, 3805643 itr]:      1186.74
[1981 sec, 3806874 itr]:      1186.74
[ optimality gap      ]:      100.00%
[1982 sec, 3808168 itr]:      1186.74
[1983 sec, 3809395 itr]:      1186.74
[1984 sec, 3810634 itr]:      1186.74
[1985 sec, 3810634 itr]:      1186.74
[1986 sec, 3811746 itr]:      1186.74
[1987 sec, 3814249 itr]:      1186.74
[1988 sec, 3814249 itr]:      1186.74
[1989 sec, 3816933 itr]:      1186.74
[1990 sec, 3816933 itr]:      1186.74
[1991 sec, 3819530 itr]:      1186.74
[ optimality gap      ]:      100.00%
[1992 sec, 3820853 itr]:      1186.74
[1993 sec, 3820853 itr]:      1186.74
[1994 sec, 3822230 itr]:      1186.74
[1995 sec, 3824717 itr]:      1186.74
[1996 sec, 3824717 itr]:      1186.74
[1997 sec, 3826198 itr]:      1186.74
[1998 sec, 3827048 itr]:      1186.74
[1999 sec, 3829697 itr]:      1186.74
[2000 sec, 3831055 itr]:      1186.74
[2001 sec, 3832289 itr]:      1186.74
[ optimality gap      ]:      100.00%
[2002 sec, 3832289 itr]:      1186.74
[2003 sec, 3834909 itr]:      1186.74
[2004 sec, 3834909 itr]:      1186.74
[2005 sec, 3836219 itr]:      1186.74
[2006 sec, 3838806 itr]:      1186.74
[2007 sec, 3838806 itr]:      1186.74
[2008 sec, 3839830 itr]:      1186.74
[2009 sec, 3841976 itr]:      1186.74
[2010 sec, 3843187 itr]:      1186.74
[2011 sec, 3843187 itr]:      1186.74
[ optimality gap      ]:      100.00%
[2012 sec, 3844527 itr]:      1186.74
[2013 sec, 3845385 itr]:      1186.74
[2014 sec, 3847885 itr]:      1186.74
[2015 sec, 3847885 itr]:      1186.74
[2016 sec, 3849264 itr]:      1186.74
[2017 sec, 3850577 itr]:      1186.74
[2018 sec, 3851675 itr]:      1186.74
[2019 sec, 3853313 itr]:      1186.74
[2020 sec, 3854534 itr]:      1186.74
[2021 sec, 3855760 itr]:      1186.74
[ optimality gap      ]:      100.00%
[2022 sec, 3857084 itr]:      1186.74
[2023 sec, 3857084 itr]:      1186.74
[2024 sec, 3859708 itr]:      1186.74
[2025 sec, 3859708 itr]:      1186.74
[2026 sec, 3862350 itr]:      1186.74
[2027 sec, 3863535 itr]:      1186.74
[2028 sec, 3864785 itr]:      1186.74
[2029 sec, 3864785 itr]:      1186.74
[2030 sec, 3867358 itr]:      1186.74
[2031 sec, 3867358 itr]:      1186.74
[ optimality gap      ]:      100.00%
[2032 sec, 3868605 itr]:      1186.74
[2033 sec, 3869847 itr]:      1186.74
[2034 sec, 3872013 itr]:      1186.74
[2035 sec, 3872013 itr]:      1186.74
[2036 sec, 3874588 itr]:      1186.74
[2037 sec, 3875872 itr]:      1186.74
[2038 sec, 3877057 itr]:      1186.74
[2039 sec, 3878507 itr]:      1186.74
[2040 sec, 3879778 itr]:      1186.74
[2041 sec, 3879778 itr]:      1186.74
[ optimality gap      ]:      100.00%
[2042 sec, 3882331 itr]:      1186.74
[2043 sec, 3883709 itr]:      1186.74
[2044 sec, 3884969 itr]:      1186.74
[2045 sec, 3886162 itr]:      1186.74
[2046 sec, 3887428 itr]:      1186.74
[2047 sec, 3887428 itr]:      1186.74
[2048 sec, 3888709 itr]:      1186.74
[2049 sec, 3889919 itr]:      1186.74
[2050 sec, 3891088 itr]:      1186.74
[2051 sec, 3892376 itr]:      1186.74
[ optimality gap      ]:      100.00%
[2052 sec, 3893746 itr]:      1186.49
[2053 sec, 3894856 itr]:      1186.49
[2054 sec, 3895998 itr]:      1186.49
[2055 sec, 3897242 itr]:      1186.49
[2056 sec, 3898321 itr]:      1186.49
[2057 sec, 3899583 itr]:      1186.49
[2058 sec, 3900787 itr]:      1186.49
[2059 sec, 3903456 itr]:      1186.49
[2060 sec, 3904730 itr]:      1186.49
[2061 sec, 3904730 itr]:      1186.49
[ optimality gap      ]:      100.00%
[2062 sec, 3907406 itr]:      1186.49
[2063 sec, 3907406 itr]:      1186.49
[2064 sec, 3909790 itr]:      1186.49
[2065 sec, 3911171 itr]:      1186.49
[2066 sec, 3911171 itr]:      1186.49
[2067 sec, 3912457 itr]:      1186.49
[2068 sec, 3915011 itr]:      1186.49
[2069 sec, 3916289 itr]:      1186.49
[2070 sec, 3916289 itr]:      1186.49
[2071 sec, 3917689 itr]:      1186.49
[ optimality gap      ]:      100.00%
[2072 sec, 3919865 itr]:      1186.49
[2073 sec, 3921251 itr]:      1186.49
[2074 sec, 3922473 itr]:      1186.49
[2075 sec, 3922473 itr]:      1186.49
[2076 sec, 3924944 itr]:      1186.49
[2077 sec, 3926148 itr]:      1186.49
[2078 sec, 3927434 itr]:      1186.49
[2079 sec, 3928840 itr]:      1186.49
[2080 sec, 3928840 itr]:      1186.49
[2081 sec, 3930217 itr]:      1186.49
[ optimality gap      ]:      100.00%
[2082 sec, 3931352 itr]:      1186.49
[2083 sec, 3933338 itr]:      1186.49
[2084 sec, 3934700 itr]:      1186.49
[2085 sec, 3936012 itr]:      1186.49
[2086 sec, 3936012 itr]:      1186.49
[2087 sec, 3937280 itr]:      1186.49
[2088 sec, 3939474 itr]:      1186.49
[2089 sec, 3940681 itr]:      1186.49
[2090 sec, 3941929 itr]:      1186.49
[2091 sec, 3941929 itr]:      1186.49
[ optimality gap      ]:      100.00%
[2092 sec, 3943473 itr]:      1186.49
[2093 sec, 3945999 itr]:      1186.49
[2094 sec, 3947027 itr]:      1186.49
[2095 sec, 3947027 itr]:      1186.49
[2096 sec, 3948022 itr]:      1186.49
[2097 sec, 3949746 itr]:      1186.49
[2098 sec, 3949746 itr]:      1186.49
[2099 sec, 3950838 itr]:      1186.49
[2100 sec, 3952676 itr]:      1186.49
[2101 sec, 3952676 itr]:      1186.49
[ optimality gap      ]:      100.00%
[2102 sec, 3953753 itr]:      1186.49
[2103 sec, 3955848 itr]:      1186.49
[2104 sec, 3956861 itr]:      1186.49
[2105 sec, 3957783 itr]:      1186.49
[2106 sec, 3958846 itr]:      1186.49
[2107 sec, 3960014 itr]:      1186.49
[2108 sec, 3960014 itr]:      1186.49
[2109 sec, 3960633 itr]:      1186.49
[2110 sec, 3962019 itr]:      1186.49
[2111 sec, 3962019 itr]:      1186.49
[ optimality gap      ]:      100.00%
[2112 sec, 3963739 itr]:      1186.49
[2113 sec, 3964856 itr]:      1186.49
[2114 sec, 3964856 itr]:      1186.49
[2115 sec, 3967165 itr]:      1186.49
[2116 sec, 3968293 itr]:      1186.49
[2117 sec, 3969326 itr]:      1186.49
[2118 sec, 3969326 itr]:      1186.49
[2119 sec, 3971173 itr]:      1186.49
[2120 sec, 3972224 itr]:      1186.49
[2121 sec, 3973332 itr]:      1186.49
[ optimality gap      ]:      100.00%
[2122 sec, 3974432 itr]:      1186.49
[2123 sec, 3975463 itr]:      1186.49
[2124 sec, 3976506 itr]:      1186.49
[2125 sec, 3977598 itr]:      1186.49
[2126 sec, 3978708 itr]:      1186.49
[2127 sec, 3979738 itr]:      1186.49
[2128 sec, 3980837 itr]:      1186.49
[2129 sec, 3980837 itr]:      1186.49
[2130 sec, 3982818 itr]:      1186.49
[2131 sec, 3983995 itr]:      1186.49
[ optimality gap      ]:      100.00%
[2132 sec, 3983995 itr]:      1186.49
[2133 sec, 3983995 itr]:      1186.49
[2134 sec, 3985182 itr]:      1186.49
[2135 sec, 3985473 itr]:      1186.49
[2136 sec, 3986592 itr]:      1186.49
[2137 sec, 3987705 itr]:      1186.49
[2138 sec, 3988816 itr]:      1186.49
[2139 sec, 3990027 itr]:      1186.49
[2140 sec, 3992131 itr]:      1186.49
[2141 sec, 3992131 itr]:      1186.49
[ optimality gap      ]:      100.00%
[2142 sec, 3993299 itr]:      1186.49
[2143 sec, 3994371 itr]:      1186.49
[2144 sec, 3996746 itr]:      1186.49
[2145 sec, 3997837 itr]:      1186.49
[2146 sec, 3999072 itr]:      1186.49
[2147 sec, 4000162 itr]:      1186.49
[2148 sec, 4001289 itr]:      1186.49
[2149 sec, 4002410 itr]:      1186.49
[2150 sec, 4002410 itr]:      1186.49
[2151 sec, 4004467 itr]:      1186.49
[ optimality gap      ]:      100.00%
[2152 sec, 4005669 itr]:      1186.49
[2153 sec, 4006838 itr]:      1186.49
[2154 sec, 4008071 itr]:      1186.49
[2155 sec, 4009351 itr]:      1186.49
[2156 sec, 4009351 itr]:      1186.49
[2157 sec, 4011533 itr]:      1186.49
[2158 sec, 4011533 itr]:      1186.49
[2159 sec, 4012653 itr]:      1186.49
[2160 sec, 4014993 itr]:      1186.49
[2161 sec, 4014993 itr]:      1186.49
[ optimality gap      ]:      100.00%
[2162 sec, 4016864 itr]:      1186.49
[2163 sec, 4018077 itr]:      1186.49
[2164 sec, 4019318 itr]:      1186.49
[2165 sec, 4020478 itr]:      1186.49
[2166 sec, 4021739 itr]:      1186.49
[2167 sec, 4021739 itr]:      1186.49
[2168 sec, 4023879 itr]:      1186.49
[2169 sec, 4025050 itr]:      1186.49
[2170 sec, 4026263 itr]:      1186.49
[2171 sec, 4027464 itr]:      1186.49
[ optimality gap      ]:      100.00%
[2172 sec, 4028669 itr]:      1186.49
[2173 sec, 4028669 itr]:      1186.49
[2174 sec, 4029876 itr]:      1186.49
[2175 sec, 4032007 itr]:      1186.49
[2176 sec, 4032661 itr]:      1186.49
[2177 sec, 4033805 itr]:      1186.49
[2178 sec, 4034982 itr]:      1186.49
[2179 sec, 4035643 itr]:      1186.49
[2180 sec, 4036712 itr]:      1186.49
[2181 sec, 4037783 itr]:      1186.49
[ optimality gap      ]:      100.00%
[2182 sec, 4037783 itr]:      1186.49
[2183 sec, 4040073 itr]:      1186.49
[2184 sec, 4041301 itr]:      1186.49
[2185 sec, 4041301 itr]:      1186.49
[2186 sec, 4042497 itr]:      1186.49
[2187 sec, 4044744 itr]:      1186.49
[2188 sec, 4045886 itr]:      1186.49
[2189 sec, 4045886 itr]:      1186.49
[2190 sec, 4048194 itr]:      1186.49
[2191 sec, 4048194 itr]:      1186.49
[ optimality gap      ]:      100.00%
[2192 sec, 4049377 itr]:      1186.49
[2193 sec, 4051884 itr]:      1186.49
[2194 sec, 4053290 itr]:      1186.49
[2195 sec, 4053290 itr]:      1186.49
[2196 sec, 4055903 itr]:      1186.49
[2197 sec, 4055903 itr]:      1186.49
[2198 sec, 4057212 itr]:      1186.49
[2199 sec, 4058416 itr]:      1186.49
[2200 sec, 4059600 itr]:      1186.49
[2201 sec, 4062087 itr]:      1186.49
[ optimality gap      ]:      100.00%
[2202 sec, 4062087 itr]:      1186.49
[2203 sec, 4063355 itr]:      1186.49
[2204 sec, 4065900 itr]:      1186.49
[2205 sec, 4067117 itr]:      1186.49
[2206 sec, 4068309 itr]:      1186.49
[2207 sec, 4069500 itr]:      1186.49
[2208 sec, 4069500 itr]:      1186.49
[2209 sec, 4070720 itr]:      1186.49
[2210 sec, 4071959 itr]:      1186.49
[2211 sec, 4074434 itr]:      1186.49
[ optimality gap      ]:      100.00%
[2212 sec, 4074434 itr]:      1186.49
[2213 sec, 4075668 itr]:      1186.49
[2214 sec, 4078115 itr]:      1186.49
[2215 sec, 4079298 itr]:      1186.49
[2216 sec, 4079298 itr]:      1186.49
[2217 sec, 4081472 itr]:      1186.49
[2218 sec, 4081472 itr]:      1186.49
[2219 sec, 4082578 itr]:      1186.49
[2220 sec, 4084526 itr]:      1186.49
[2221 sec, 4084526 itr]:      1186.49
[ optimality gap      ]:      100.00%
[2222 sec, 4085649 itr]:      1186.49
[2223 sec, 4087872 itr]:      1186.49
[2224 sec, 4089025 itr]:      1186.49
[2225 sec, 4089025 itr]:      1186.49
[2226 sec, 4090082 itr]:      1186.49
[2227 sec, 4091963 itr]:      1186.49
[2228 sec, 4091963 itr]:      1186.49
[2229 sec, 4094250 itr]:      1186.49
[2230 sec, 4094250 itr]:      1186.49
[2231 sec, 4095400 itr]:      1186.49
[ optimality gap      ]:      100.00%
[2232 sec, 4096424 itr]:      1186.49
[2233 sec, 4097481 itr]:      1186.49
[2234 sec, 4099288 itr]:      1186.49
[2235 sec, 4100325 itr]:      1186.49
[2236 sec, 4101429 itr]:      1186.49
[2237 sec, 4102511 itr]:      1186.49
[2238 sec, 4103589 itr]:      1186.49
[2239 sec, 4103589 itr]:      1186.49
[2240 sec, 4105962 itr]:      1186.49
[2241 sec, 4105962 itr]:      1186.49
[ optimality gap      ]:      100.00%
[2242 sec, 4108227 itr]:      1186.49
[2243 sec, 4108227 itr]:      1186.49
[2244 sec, 4110313 itr]:      1186.49
[2245 sec, 4110313 itr]:      1186.49
[2246 sec, 4112625 itr]:      1186.49
[2247 sec, 4112625 itr]:      1186.49
[2248 sec, 4114930 itr]:      1186.49
[2249 sec, 4115558 itr]:      1186.49
[2250 sec, 4115558 itr]:      1186.49
[2251 sec, 4117934 itr]:      1186.49
[ optimality gap      ]:      100.00%
[2252 sec, 4117934 itr]:      1186.49
[2253 sec, 4120228 itr]:      1186.49
[2254 sec, 4120228 itr]:      1186.49
[2255 sec, 4122532 itr]:      1186.49
[2256 sec, 4122532 itr]:      1186.49
[2257 sec, 4123724 itr]:      1186.49
[2258 sec, 4125908 itr]:      1186.49
[2259 sec, 4127062 itr]:      1186.49
[2260 sec, 4128202 itr]:      1186.49
[2261 sec, 4128202 itr]:      1186.49
[ optimality gap      ]:      100.00%
[2262 sec, 4129905 itr]:      1186.49
[2263 sec, 4130937 itr]:      1186.49
[2264 sec, 4130937 itr]:      1186.49
[2265 sec, 4132188 itr]:      1186.49
[2266 sec, 4134383 itr]:      1186.49
[2267 sec, 4135476 itr]:      1186.49
[2268 sec, 4136496 itr]:      1186.49
[2269 sec, 4136496 itr]:      1186.49
[2270 sec, 4137613 itr]:      1186.49
[2271 sec, 4138613 itr]:      1182.86
[ optimality gap      ]:      100.00%
[2272 sec, 4140640 itr]:      1182.86
[2273 sec, 4140640 itr]:      1182.86
[2274 sec, 4142438 itr]:      1182.77
[2275 sec, 4143544 itr]:      1182.77
[2276 sec, 4144731 itr]:      1182.77
[2277 sec, 4145759 itr]:      1125.61
[2278 sec, 4147087 itr]:      1125.51
[2279 sec, 4148489 itr]:      1125.43
[2280 sec, 4149935 itr]:      1125.43
[2281 sec, 4149935 itr]:      1125.43
[ optimality gap      ]:      100.00%
[2282 sec, 4152907 itr]:      1125.43
[2283 sec, 4154525 itr]:      1125.43
[2284 sec, 4155903 itr]:      1125.43
[2285 sec, 4155903 itr]:      1125.43
[2286 sec, 4158606 itr]:      1125.43
[2287 sec, 4158606 itr]:      1125.43
[2288 sec, 4161471 itr]:      1125.43
[2289 sec, 4161471 itr]:      1125.43
[2290 sec, 4164012 itr]:      1125.43
[2291 sec, 4165349 itr]:      1125.43
[ optimality gap      ]:      100.00%
[2292 sec, 4166767 itr]:      1125.43
[2293 sec, 4168008 itr]:      1125.43
[2294 sec, 4169309 itr]:      1125.43
[2295 sec, 4170683 itr]:      1125.43
[2296 sec, 4172036 itr]:      1125.43
[2297 sec, 4173334 itr]:      1125.43
[2298 sec, 4174693 itr]:      1125.43
[2299 sec, 4176059 itr]:      1125.43
[2300 sec, 4177411 itr]:      1125.43
[2301 sec, 4177411 itr]:      1125.43
[ optimality gap      ]:      100.00%
[2302 sec, 4180107 itr]:      1125.43
[2303 sec, 4181433 itr]:      1125.43
[2304 sec, 4182677 itr]:      1125.43
[2305 sec, 4183908 itr]:      1125.43
[2306 sec, 4185230 itr]:      1125.43
[2307 sec, 4186445 itr]:      1125.43
[2308 sec, 4187839 itr]:      1125.43
[2309 sec, 4189151 itr]:      1125.43
[2310 sec, 4190518 itr]:      1125.43
[2311 sec, 4190518 itr]:      1125.43
[ optimality gap      ]:      100.00%
[2312 sec, 4193030 itr]:      1125.43
[2313 sec, 4194302 itr]:      1125.43
[2314 sec, 4194302 itr]:      1125.43
[2315 sec, 4196910 itr]:      1125.43
[2316 sec, 4198205 itr]:      1125.43
[2317 sec, 4199473 itr]:      1125.43
[2318 sec, 4200968 itr]:      1125.43
[2319 sec, 4202308 itr]:      1125.43
[2320 sec, 4203613 itr]:      1125.43
[2321 sec, 4205021 itr]:      1125.43
[ optimality gap      ]:      100.00%
[2322 sec, 4205021 itr]:      1125.43
[2323 sec, 4207583 itr]:      1125.43
[2324 sec, 4207583 itr]:      1125.43
[2325 sec, 4210212 itr]:      1125.43
[2326 sec, 4210212 itr]:      1125.43
[2327 sec, 4212736 itr]:      1125.43
[2328 sec, 4214174 itr]:      1125.43
[2329 sec, 4214174 itr]:      1125.43
[2330 sec, 4216762 itr]:      1125.43
[2331 sec, 4216762 itr]:      1125.43
[ optimality gap      ]:      100.00%
[2332 sec, 4219391 itr]:      1125.43
[2333 sec, 4220591 itr]:      1125.43
[2334 sec, 4221923 itr]:      1125.43
[2335 sec, 4221923 itr]:      1125.43
[2336 sec, 4224497 itr]:      1125.43
[2337 sec, 4225861 itr]:      1125.43
[2338 sec, 4227118 itr]:      1125.43
[2339 sec, 4228310 itr]:      1125.43
[2340 sec, 4229622 itr]:      1125.43
[2341 sec, 4230891 itr]:      1125.43
[ optimality gap      ]:      100.00%
[2342 sec, 4232188 itr]:      1125.43
[2343 sec, 4233443 itr]:      1125.43
[2344 sec, 4234737 itr]:      1125.43
[2345 sec, 4234737 itr]:      1125.43
[2346 sec, 4237425 itr]:      1125.43
[2347 sec, 4238820 itr]:      1125.43
[2348 sec, 4240057 itr]:      1125.43
[2349 sec, 4241329 itr]:      1125.43
[2350 sec, 4242698 itr]:      1125.43
[2351 sec, 4244015 itr]:      1125.43
[ optimality gap      ]:      100.00%
[2352 sec, 4245328 itr]:      1125.43
[2353 sec, 4245328 itr]:      1125.43
[2354 sec, 4248094 itr]:      1125.43
[2355 sec, 4249456 itr]:      1125.43
[2356 sec, 4250732 itr]:      1125.43
[2357 sec, 4251962 itr]:      1125.43
[2358 sec, 4251962 itr]:      1125.43
[2359 sec, 4253431 itr]:      1125.43
[2360 sec, 4256176 itr]:      1125.43
[2361 sec, 4257461 itr]:      1125.43
[ optimality gap      ]:      100.00%
[2362 sec, 4257461 itr]:      1125.43
[2363 sec, 4258744 itr]:      1125.43
[2364 sec, 4260142 itr]:      1125.43
[2365 sec, 4262803 itr]:      1125.43
[2366 sec, 4264149 itr]:      1125.43
[2367 sec, 4265496 itr]:      1125.43
[2368 sec, 4266822 itr]:      1125.43
[2369 sec, 4268234 itr]:      1125.43
[2370 sec, 4269747 itr]:      1125.43
[2371 sec, 4269747 itr]:      1125.43
[ optimality gap      ]:      100.00%
[2372 sec, 4272819 itr]:      1125.43
[2373 sec, 4274342 itr]:      1125.43
[2374 sec, 4274342 itr]:      1125.43
[2375 sec, 4277140 itr]:      1125.43
[2376 sec, 4278539 itr]:      1125.43
[2377 sec, 4278539 itr]:      1125.43
[2378 sec, 4279879 itr]:      1125.43
[2379 sec, 4282619 itr]:      1125.43
[2380 sec, 4284004 itr]:      1125.43
[2381 sec, 4284004 itr]:      1125.43
[ optimality gap      ]:      100.00%
[2382 sec, 4286579 itr]:      1125.43
[2383 sec, 4287824 itr]:      1125.43
[2384 sec, 4289247 itr]:      1125.43
[2385 sec, 4289247 itr]:      1125.43
[2386 sec, 4291738 itr]:      1125.43
[2387 sec, 4293044 itr]:      1125.43
[2388 sec, 4294459 itr]:      1125.43
[2389 sec, 4295832 itr]:      1125.43
[2390 sec, 4295832 itr]:      1125.43
[2391 sec, 4298539 itr]:      1125.43
[ optimality gap      ]:      100.00%
[2392 sec, 4299901 itr]:      1125.43
[2393 sec, 4301209 itr]:      1125.43
[2394 sec, 4302540 itr]:      1125.43
[2395 sec, 4303922 itr]:      1125.43
[2396 sec, 4305265 itr]:      1125.43
[2397 sec, 4306514 itr]:      1125.43
[2398 sec, 4307935 itr]:      1125.43
[2399 sec, 4309291 itr]:      1125.43
[2400 sec, 4309291 itr]:      1125.43
[2401 sec, 4311929 itr]:      1125.43
[ optimality gap      ]:      100.00%
[2402 sec, 4313189 itr]:      1125.43
[2403 sec, 4314448 itr]:      1125.43
[2404 sec, 4315810 itr]:      1125.43
[2405 sec, 4317066 itr]:      1125.43
[2406 sec, 4318419 itr]:      1125.43
[2407 sec, 4319679 itr]:      1125.43
[2408 sec, 4320935 itr]:      1125.43
[2409 sec, 4322296 itr]:      1125.43
[2410 sec, 4323652 itr]:      1125.43
[2411 sec, 4324957 itr]:      1125.43
[ optimality gap      ]:      100.00%
[2412 sec, 4326252 itr]:      1125.43
[2413 sec, 4327560 itr]:      1125.43
[2414 sec, 4328880 itr]:      1125.43
[2415 sec, 4330141 itr]:      1125.43
[2416 sec, 4330141 itr]:      1125.43
[2417 sec, 4331343 itr]:      1125.43
[2418 sec, 4333989 itr]:      1125.43
[2419 sec, 4333989 itr]:      1125.43
[2420 sec, 4335261 itr]:      1125.43
[2421 sec, 4337865 itr]:      1125.43
[ optimality gap      ]:      100.00%
[2422 sec, 4339193 itr]:      1125.43
[2423 sec, 4340572 itr]:      1125.43
[2424 sec, 4342002 itr]:      1125.43
[2425 sec, 4343155 itr]:      1125.43
[2426 sec, 4343155 itr]:      1125.43
[2427 sec, 4345946 itr]:      1121.43
[2428 sec, 4347239 itr]:      1121.43
[2429 sec, 4348608 itr]:      1121.09
[2430 sec, 4348608 itr]:      1121.09
[2431 sec, 4349914 itr]:      1121.04
[ optimality gap      ]:      100.00%
[2432 sec, 4351214 itr]:      1121.04
[2433 sec, 4353720 itr]:      1121.04
[2434 sec, 4355183 itr]:      1121.04
[2435 sec, 4356468 itr]:      1121.04
[2436 sec, 4356468 itr]:      1121.04
[2437 sec, 4359026 itr]:      1121.04
[2438 sec, 4360262 itr]:      1121.04
[2439 sec, 4360262 itr]:      1121.04
[2440 sec, 4363048 itr]:      1121.04
[2441 sec, 4363048 itr]:      1121.04
[ optimality gap      ]:      100.00%
[2442 sec, 4365651 itr]:      1121.04
[2443 sec, 4367131 itr]:      1121.04
[2444 sec, 4368577 itr]:      1121.04
[2445 sec, 4369844 itr]:      1121.04
[2446 sec, 4369844 itr]:      1121.04
[2447 sec, 4371213 itr]:      1121.04
[2448 sec, 4372452 itr]:      1121.04
[2449 sec, 4375076 itr]:      1121.04
[2450 sec, 4376348 itr]:      1121.04
[2451 sec, 4377672 itr]:      1121.04
[ optimality gap      ]:      100.00%
[2452 sec, 4378925 itr]:      1121.04
[2453 sec, 4380320 itr]:      1121.04
[2454 sec, 4381767 itr]:      1121.04
[2455 sec, 4383148 itr]:      1121.04
[2456 sec, 4384518 itr]:      1121.04
[2457 sec, 4385735 itr]:      1121.04
[2458 sec, 4387001 itr]:      1121.04
[2459 sec, 4388283 itr]:      1121.04
[2460 sec, 4389536 itr]:      1121.04
[2461 sec, 4389536 itr]:      1121.04
[ optimality gap      ]:      100.00%
[2462 sec, 4392192 itr]:      1121.04
[2463 sec, 4393440 itr]:      1121.04
[2464 sec, 4394798 itr]:      1121.04
[2465 sec, 4396204 itr]:      1121.04
[2466 sec, 4396204 itr]:      1121.04
[2467 sec, 4398913 itr]:      1121.04
[2468 sec, 4400345 itr]:      1121.04
[2469 sec, 4400345 itr]:      1121.04
[2470 sec, 4403162 itr]:      1121.04
[2471 sec, 4403162 itr]:      1121.04
[ optimality gap      ]:      100.00%
[2472 sec, 4405796 itr]:      1121.04
[2473 sec, 4405796 itr]:      1121.04
[2474 sec, 4408598 itr]:      1121.04
[2475 sec, 4409989 itr]:      1121.04
[2476 sec, 4411261 itr]:      1121.04
[2477 sec, 4411261 itr]:      1121.04
[2478 sec, 4412664 itr]:      1121.04
[2479 sec, 4414104 itr]:      1121.04
[2480 sec, 4416893 itr]:      1121.04
[2481 sec, 4418329 itr]:      1121.04
[ optimality gap      ]:      100.00%
[2482 sec, 4419957 itr]:      1121.04
[2483 sec, 4421410 itr]:      1121.04
[2484 sec, 4421410 itr]:      1121.04
[2485 sec, 4422782 itr]:      1121.04
[2486 sec, 4424158 itr]:      1121.04
[2487 sec, 4425632 itr]:      1121.04
[2488 sec, 4427025 itr]:      1121.04
[2489 sec, 4429605 itr]:      1121.04
[2490 sec, 4431045 itr]:      1121.04
[2491 sec, 4432427 itr]:      1121.04
[ optimality gap      ]:      100.00%
[2492 sec, 4432427 itr]:      1121.04
[2493 sec, 4435270 itr]:      1121.04
[2494 sec, 4436715 itr]:      1121.04
[2495 sec, 4438175 itr]:      1121.04
[2496 sec, 4439616 itr]:      1121.04
[2497 sec, 4440896 itr]:      1121.04
[2498 sec, 4440896 itr]:      1121.04
[2499 sec, 4443454 itr]:      1121.04
[2500 sec, 4444792 itr]:      1121.04
[2501 sec, 4446112 itr]:      1121.04
[ optimality gap      ]:      100.00%
[2502 sec, 4447498 itr]:      1121.04
[2503 sec, 4448769 itr]:      1121.04
[2504 sec, 4448769 itr]:      1121.04
[2505 sec, 4451342 itr]:      1121.04
[2506 sec, 4452636 itr]:      1121.04
[2507 sec, 4452636 itr]:      1121.04
[2508 sec, 4453992 itr]:      1121.04
[2509 sec, 4456641 itr]:      1121.04
[2510 sec, 4458030 itr]:      1121.04
[2511 sec, 4459524 itr]:      1121.04
[ optimality gap      ]:      100.00%
[2512 sec, 4460963 itr]:      1121.04
[2513 sec, 4462338 itr]:      1121.04
[2514 sec, 4463830 itr]:      1121.04
[2515 sec, 4463830 itr]:      1121.04
[2516 sec, 4465183 itr]:      1121.04
[2517 sec, 4467697 itr]:      1121.04
[2518 sec, 4469036 itr]:      1121.04
[2519 sec, 4470323 itr]:      1121.04
[2520 sec, 4471627 itr]:      1121.04
[2521 sec, 4472967 itr]:      1121.04
[ optimality gap      ]:      100.00%
[2522 sec, 4472967 itr]:      1121.04
[2523 sec, 4475683 itr]:      1121.04
[2524 sec, 4477026 itr]:      1121.04
[2525 sec, 4477026 itr]:      1121.04
[2526 sec, 4479664 itr]:      1121.04
[2527 sec, 4480991 itr]:      1121.04
[2528 sec, 4482227 itr]:      1121.04
[2529 sec, 4483432 itr]:      1121.04
[2530 sec, 4483432 itr]:      1121.04
[2531 sec, 4486057 itr]:      1121.04
[ optimality gap      ]:      100.00%
[2532 sec, 4487343 itr]:      1121.04
[2533 sec, 4488694 itr]:      1121.04
[2534 sec, 4490052 itr]:      1121.04
[2535 sec, 4491414 itr]:      1121.04
[2536 sec, 4492777 itr]:      1121.04
[2537 sec, 4494128 itr]:      1121.04
[2538 sec, 4495455 itr]:      1121.04
[2539 sec, 4496769 itr]:      1121.04
[2540 sec, 4496769 itr]:      1121.04
[2541 sec, 4499409 itr]:      1121.04
[ optimality gap      ]:      100.00%
[2542 sec, 4499409 itr]:      1121.04
[2543 sec, 4502260 itr]:      1121.04
[2544 sec, 4502260 itr]:      1121.04
[2545 sec, 4503787 itr]:      1121.04
[2546 sec, 4506486 itr]:      1121.04
[2547 sec, 4507904 itr]:      1121.04
[2548 sec, 4507904 itr]:      1121.04
[2549 sec, 4510599 itr]:      1121.04
[2550 sec, 4511993 itr]:      1121.04
[2551 sec, 4513437 itr]:      1121.04
[ optimality gap      ]:      100.00%
[2552 sec, 4514869 itr]:      1121.04
[2553 sec, 4514869 itr]:      1121.04
[2554 sec, 4517415 itr]:      1121.04
[2555 sec, 4517415 itr]:      1121.04
[2556 sec, 4520207 itr]:      1121.04
[2557 sec, 4521501 itr]:      1121.04
[2558 sec, 4522847 itr]:      1121.04
[2559 sec, 4524225 itr]:      1121.04
[2560 sec, 4525631 itr]:      1121.04
[2561 sec, 4526873 itr]:      1121.04
[ optimality gap      ]:      100.00%
[2562 sec, 4528245 itr]:      1121.04
[2563 sec, 4528245 itr]:      1121.04
[2564 sec, 4529615 itr]:      1121.04
[2565 sec, 4530886 itr]:      1121.04
[2566 sec, 4533484 itr]:      1121.04
[2567 sec, 4533484 itr]:      1121.04
[2568 sec, 4536094 itr]:      1121.04
[2569 sec, 4536094 itr]:      1121.04
[2570 sec, 4538678 itr]:      1121.04
[2571 sec, 4540051 itr]:      1121.04
[ optimality gap      ]:      100.00%
[2572 sec, 4540051 itr]:      1121.04
[2573 sec, 4541370 itr]:      1121.04
[2574 sec, 4544072 itr]:      1121.04
[2575 sec, 4545398 itr]:      1121.04
[2576 sec, 4546981 itr]:      1121.04
[2577 sec, 4548471 itr]:      1121.04
[2578 sec, 4548471 itr]:      1121.04
[2579 sec, 4551213 itr]:      1121.04
[2580 sec, 4552531 itr]:      1121.04
[2581 sec, 4553828 itr]:      1121.04
[ optimality gap      ]:      100.00%
[2582 sec, 4555140 itr]:      1121.04
[2583 sec, 4555140 itr]:      1121.04
[2584 sec, 4556372 itr]:      1121.04
[2585 sec, 4557668 itr]:      1121.04
[2586 sec, 4560335 itr]:      1121.04
[2587 sec, 4560335 itr]:      1121.04
[2588 sec, 4561594 itr]:      1121.04
[2589 sec, 4564187 itr]:      1121.04
[2590 sec, 4565491 itr]:      1121.04
[2591 sec, 4566825 itr]:      1121.04
[ optimality gap      ]:      100.00%
[2592 sec, 4568151 itr]:      1121.04
[2593 sec, 4569427 itr]:      1121.04
[2594 sec, 4570680 itr]:      1121.04
[2595 sec, 4570680 itr]:      1121.04
[2596 sec, 4573226 itr]:      1121.04
[2597 sec, 4574587 itr]:      1121.04
[2598 sec, 4575857 itr]:      1121.04
[2599 sec, 4577137 itr]:      1121.04
[2600 sec, 4578434 itr]:      1121.04
[2601 sec, 4579707 itr]:      1121.04
[ optimality gap      ]:      100.00%
[2602 sec, 4579707 itr]:      1121.04
[2603 sec, 4582176 itr]:      1121.04
[2604 sec, 4582176 itr]:      1121.04
[2605 sec, 4584669 itr]:      1121.04
[2606 sec, 4585859 itr]:      1121.04
[2607 sec, 4586860 itr]:      1100.31
[2608 sec, 4587924 itr]:      1088.95
[2609 sec, 4587924 itr]:      1088.95
[2610 sec, 4588928 itr]:      1088.95
[2611 sec, 4589965 itr]:      1088.95
[ optimality gap      ]:      100.00%
[2612 sec, 4591542 itr]:      1088.95
[2613 sec, 4592636 itr]:      1088.95
[2614 sec, 4593501 itr]:      1088.95
[2615 sec, 4593501 itr]:      1088.95
[2616 sec, 4594392 itr]:      1088.95
[2617 sec, 4595418 itr]:      1088.95
[2618 sec, 4597450 itr]:      1088.95
[2619 sec, 4597450 itr]:      1088.95
[2620 sec, 4598536 itr]:      1088.95
[2621 sec, 4599365 itr]:      1088.95
[ optimality gap      ]:      100.00%
[2622 sec, 4600528 itr]:      1088.95
[2623 sec, 4600528 itr]:      1088.95
[2624 sec, 4601584 itr]:      1088.95
[2625 sec, 4602495 itr]:      1088.95
[2626 sec, 4603480 itr]:      1088.95
[2627 sec, 4604517 itr]:      1088.95
[2628 sec, 4605423 itr]:      1088.95
[2629 sec, 4607314 itr]:      1088.95
[2630 sec, 4608272 itr]:      1088.95
[2631 sec, 4609203 itr]:      1088.95
[ optimality gap      ]:      100.00%
[2632 sec, 4610299 itr]:      1088.95
[2633 sec, 4611330 itr]:      1088.95
[2634 sec, 4612381 itr]:      1088.95
[2635 sec, 4612381 itr]:      1088.95
[2636 sec, 4614296 itr]:      1088.95
[2637 sec, 4614296 itr]:      1088.95
[2638 sec, 4616366 itr]:      1088.95
[2639 sec, 4617501 itr]:      1088.95
[2640 sec, 4617501 itr]:      1088.95
[2641 sec, 4618647 itr]:      1088.95
[ optimality gap      ]:      100.00%
[2642 sec, 4619630 itr]:      1088.95
[2643 sec, 4620460 itr]:      1088.95
[2644 sec, 4622611 itr]:      1088.95
[2645 sec, 4622611 itr]:      1088.95
[2646 sec, 4624524 itr]:      1088.95
[2647 sec, 4624524 itr]:      1088.95
[2648 sec, 4625615 itr]:      1088.95
[2649 sec, 4626365 itr]:      1088.95
[2650 sec, 4628489 itr]:      1088.95
[2651 sec, 4628489 itr]:      1088.95
[ optimality gap      ]:      100.00%
[2652 sec, 4630400 itr]:      1088.95
[2653 sec, 4630400 itr]:      1088.95
[2654 sec, 4631942 itr]:      1088.95
[2655 sec, 4632760 itr]:      1088.95
[2656 sec, 4633871 itr]:      1088.95
[2657 sec, 4634926 itr]:      1088.95
[2658 sec, 4634926 itr]:      1088.95
[2659 sec, 4637151 itr]:      1088.95
[2660 sec, 4637151 itr]:      1088.95
[2661 sec, 4638282 itr]:      1088.95
[ optimality gap      ]:      100.00%
[2662 sec, 4639319 itr]:      1088.95
[2663 sec, 4641230 itr]:      1088.95
[2664 sec, 4642042 itr]:      1088.95
[2665 sec, 4642042 itr]:      1088.95
[2666 sec, 4643034 itr]:      1088.95
[2667 sec, 4645064 itr]:      1088.95
[2668 sec, 4645064 itr]:      1088.95
[2669 sec, 4646035 itr]:      1088.95
[2670 sec, 4648051 itr]:      1088.95
[2671 sec, 4648051 itr]:      1088.95
[ optimality gap      ]:      100.00%
[2672 sec, 4650270 itr]:      1088.95
[2673 sec, 4650270 itr]:      1088.95
[2674 sec, 4651340 itr]:      1088.95
[2675 sec, 4653502 itr]:      1088.95
[2676 sec, 4654559 itr]:      1088.95
[2677 sec, 4655505 itr]:      1088.95
[2678 sec, 4655505 itr]:      1088.95
[2679 sec, 4656503 itr]:      1088.95
[2680 sec, 4657531 itr]:      1088.95
[2681 sec, 4658552 itr]:      1088.95
[ optimality gap      ]:      100.00%
[2682 sec, 4660614 itr]:      1088.95
[2683 sec, 4661599 itr]:      1088.95
[2684 sec, 4662639 itr]:      1088.95
[2685 sec, 4662639 itr]:      1088.95
[2686 sec, 4663581 itr]:      1088.95
[2687 sec, 4664693 itr]:      1088.95
[2688 sec, 4666324 itr]:      1088.95
[2689 sec, 4666324 itr]:      1088.95
[2690 sec, 4667347 itr]:      1088.95
[2691 sec, 4668026 itr]:      1088.95
[ optimality gap      ]:      100.00%
[2692 sec, 4669946 itr]:      1088.95
[2693 sec, 4669946 itr]:      1088.95
[2694 sec, 4670976 itr]:      1087.28
[2695 sec, 4672318 itr]:      1087.28
[2696 sec, 4672318 itr]:      1087.28
[2697 sec, 4674359 itr]:      1087.28
[2698 sec, 4675331 itr]:      1087.28
[2699 sec, 4675331 itr]:      1087.28
[2700 sec, 4676562 itr]:      1087.28
[2701 sec, 4677511 itr]:      1087.28
[ optimality gap      ]:      100.00%
[2702 sec, 4679706 itr]:      1087.28
[2703 sec, 4679706 itr]:      1087.28
[2704 sec, 4681912 itr]:      1087.28
[2705 sec, 4683005 itr]:      1087.28
[2706 sec, 4683005 itr]:      1087.28
[2707 sec, 4684915 itr]:      1087.28
[2708 sec, 4684915 itr]:      1087.28
[2709 sec, 4685996 itr]:      1087.28
[2710 sec, 4686973 itr]:      1087.28
[2711 sec, 4687938 itr]:      1087.28
[ optimality gap      ]:      100.00%
[2712 sec, 4689880 itr]:      1087.28
[2713 sec, 4689880 itr]:      1087.28
[2714 sec, 4691768 itr]:      1087.28
[2715 sec, 4691768 itr]:      1087.28
[2716 sec, 4692820 itr]:      1087.28
[2717 sec, 4694424 itr]:      1087.28
[2718 sec, 4695297 itr]:      1087.28
[2719 sec, 4695297 itr]:      1087.28
[2720 sec, 4696223 itr]:      1087.28
[2721 sec, 4698301 itr]:      1087.28
[ optimality gap      ]:      100.00%
[2722 sec, 4698301 itr]:      1087.28
[2723 sec, 4700415 itr]:      1087.28
[2724 sec, 4700415 itr]:      1087.28
[2725 sec, 4702458 itr]:      1087.28
[2726 sec, 4703410 itr]:      1087.28
[2727 sec, 4704526 itr]:      1087.28
[2728 sec, 4705465 itr]:      1087.28
[2729 sec, 4705465 itr]:      1087.28
[2730 sec, 4707462 itr]:      1087.28
[2731 sec, 4708455 itr]:      1087.28
[ optimality gap      ]:      100.00%
[2732 sec, 4709430 itr]:      1087.28
[2733 sec, 4709430 itr]:      1087.28
[2734 sec, 4710565 itr]:      1087.28
[2735 sec, 4711622 itr]:      1087.28
[2736 sec, 4712659 itr]:      1087.28
[2737 sec, 4713493 itr]:      1087.28
[2738 sec, 4714364 itr]:      1087.28
[2739 sec, 4715346 itr]:      1087.28
[2740 sec, 4715945 itr]:      1087.28
[2741 sec, 4718099 itr]:      1087.28
[ optimality gap      ]:      100.00%
[2742 sec, 4718099 itr]:      1087.28
[2743 sec, 4719215 itr]:      1087.28
[2744 sec, 4720286 itr]:      1087.28
[2745 sec, 4722242 itr]:      1087.28
[2746 sec, 4723380 itr]:      1087.28
[2747 sec, 4724385 itr]:      1087.28
[2748 sec, 4724385 itr]:      1087.28
[2749 sec, 4726402 itr]:      1087.28
[2750 sec, 4726402 itr]:      1087.28
[2751 sec, 4728388 itr]:      1087.28
[ optimality gap      ]:      100.00%
[2752 sec, 4729497 itr]:      1087.28
[2753 sec, 4729497 itr]:      1087.28
[2754 sec, 4731320 itr]:      1087.28
[2755 sec, 4732285 itr]:      1087.28
[2756 sec, 4732285 itr]:      1087.28
[2757 sec, 4733286 itr]:      1087.28
[2758 sec, 4734234 itr]:      1087.28
[2759 sec, 4736247 itr]:      1087.28
[2760 sec, 4736247 itr]:      1087.28
[2761 sec, 4737164 itr]:      1087.28
[ optimality gap      ]:      100.00%
[2762 sec, 4738242 itr]:      1087.28
[2763 sec, 4739212 itr]:      1087.28
[2764 sec, 4740271 itr]:      1087.28
[2765 sec, 4742072 itr]:      1087.28
[2766 sec, 4742072 itr]:      1087.28
[2767 sec, 4742987 itr]:      1087.28
[2768 sec, 4745035 itr]:      1087.28
[2769 sec, 4746040 itr]:      1087.28
[2770 sec, 4746040 itr]:      1087.28
[2771 sec, 4746963 itr]:      1087.28
[ optimality gap      ]:      100.00%
[2772 sec, 4747968 itr]:      1087.28
[2773 sec, 4748843 itr]:      1087.28
[2774 sec, 4750876 itr]:      1087.28
[2775 sec, 4751991 itr]:      1087.28
[2776 sec, 4753049 itr]:      1087.28
[2777 sec, 4753945 itr]:      1087.28
[2778 sec, 4755027 itr]:      1087.28
[2779 sec, 4755932 itr]:      1087.28
[2780 sec, 4756881 itr]:      1087.28
[2781 sec, 4757831 itr]:      1087.28
[ optimality gap      ]:      100.00%
[2782 sec, 4758860 itr]:      1087.28
[2783 sec, 4759918 itr]:      1087.28
[2784 sec, 4759918 itr]:      1087.28
[2785 sec, 4760899 itr]:      1087.28
[2786 sec, 4762500 itr]:      1087.28
[2787 sec, 4762500 itr]:      1087.28
[2788 sec, 4764704 itr]:      1087.28
[2789 sec, 4765739 itr]:      1087.28
[2790 sec, 4765739 itr]:      1087.28
[2791 sec, 4767510 itr]:      1087.28
[ optimality gap      ]:      100.00%
[2792 sec, 4767510 itr]:      1087.28
[2793 sec, 4768642 itr]:      1087.28
[2794 sec, 4770590 itr]:      1087.28
[2795 sec, 4770590 itr]:      1087.28
[2796 sec, 4771496 itr]:      1087.28
[2797 sec, 4773413 itr]:      1087.28
[2798 sec, 4774402 itr]:      1087.28
[2799 sec, 4775430 itr]:      1087.28
[2800 sec, 4776462 itr]:      1087.28
[2801 sec, 4776462 itr]:      1087.28
[ optimality gap      ]:      100.00%
[2802 sec, 4778389 itr]:      1087.28
[2803 sec, 4779319 itr]:      1087.28
[2804 sec, 4779319 itr]:      1087.28
[2805 sec, 4780180 itr]:      1087.28
[2806 sec, 4781927 itr]:      1087.28
[2807 sec, 4782909 itr]:      1087.28
[2808 sec, 4783902 itr]:      1087.28
[2809 sec, 4784863 itr]:      1087.28
[2810 sec, 4785733 itr]:      1087.28
[2811 sec, 4785733 itr]:      1087.28
[ optimality gap      ]:      100.00%
[2812 sec, 4787500 itr]:      1087.28
[2813 sec, 4787500 itr]:      1087.28
[2814 sec, 4789266 itr]:      1087.28
[2815 sec, 4790251 itr]:      1087.28
[2816 sec, 4791160 itr]:      1087.28
[2817 sec, 4792110 itr]:      1087.28
[2818 sec, 4793129 itr]:      1087.28
[2819 sec, 4794094 itr]:      1087.28
[2820 sec, 4794094 itr]:      1087.28
[2821 sec, 4795207 itr]:      1087.28
[ optimality gap      ]:      100.00%
[2822 sec, 4797182 itr]:      1087.28
[2823 sec, 4798384 itr]:      1087.28
[2824 sec, 4798384 itr]:      1087.28
[2825 sec, 4800219 itr]:      1087.28
[2826 sec, 4800219 itr]:      1087.28
[2827 sec, 4801268 itr]:      1087.28
[2828 sec, 4803278 itr]:      1087.28
[2829 sec, 4803278 itr]:      1087.28
[2830 sec, 4804363 itr]:      1087.28
[2831 sec, 4806081 itr]:      1087.28
[ optimality gap      ]:      100.00%
[2832 sec, 4807106 itr]:      1087.28
[2833 sec, 4807106 itr]:      1087.28
[2834 sec, 4808070 itr]:      1087.28
[2835 sec, 4809942 itr]:      1087.28
[2836 sec, 4809942 itr]:      1087.28
[2837 sec, 4811004 itr]:      1087.28
[2838 sec, 4812112 itr]:      1087.28
[2839 sec, 4813184 itr]:      1087.28
[2840 sec, 4814924 itr]:      1087.28
[2841 sec, 4816094 itr]:      1087.28
[ optimality gap      ]:      100.00%
[2842 sec, 4817365 itr]:      1087.28
[2843 sec, 4817365 itr]:      1087.28
[2844 sec, 4818553 itr]:      1087.28
[2845 sec, 4820039 itr]:      1087.28
[2846 sec, 4820039 itr]:      1087.28
[2847 sec, 4821960 itr]:      1087.28
[2848 sec, 4821960 itr]:      1087.28
[2849 sec, 4824084 itr]:      1087.28
[2850 sec, 4824084 itr]:      1087.28
[2851 sec, 4825185 itr]:      1087.28
[ optimality gap      ]:      100.00%
[2852 sec, 4825971 itr]:      1087.28
[2853 sec, 4827117 itr]:      1087.28
[2854 sec, 4828136 itr]:      1087.28
[2855 sec, 4828925 itr]:      1087.28
[2856 sec, 4830816 itr]:      1087.28
[2857 sec, 4830816 itr]:      1087.28
[2858 sec, 4831920 itr]:      1087.28
[2859 sec, 4832962 itr]:      1087.28
[2860 sec, 4834035 itr]:      1087.28
[2861 sec, 4835096 itr]:      1087.28
[ optimality gap      ]:      100.00%
[2862 sec, 4836058 itr]:      1087.28
[2863 sec, 4837155 itr]:      1087.28
[2864 sec, 4839107 itr]:      1087.28
[2865 sec, 4839107 itr]:      1087.28
[2866 sec, 4841210 itr]:      1087.28
[2867 sec, 4841210 itr]:      1087.28
[2868 sec, 4842204 itr]:      1087.28
[2869 sec, 4843190 itr]:      1087.28
[2870 sec, 4844851 itr]:      1087.28
[2871 sec, 4845865 itr]:      1087.28
[ optimality gap      ]:      100.00%
[2872 sec, 4846912 itr]:      1087.28
[2873 sec, 4847953 itr]:      1087.28
[2874 sec, 4849012 itr]:      1087.28
[2875 sec, 4850190 itr]:      1087.28
[2876 sec, 4851223 itr]:      1087.28
[2877 sec, 4851223 itr]:      1087.28
[2878 sec, 4852073 itr]:      1087.28
[2879 sec, 4854038 itr]:      1087.28
[2880 sec, 4854038 itr]:      1087.28
[2881 sec, 4854973 itr]:      1087.28
[ optimality gap      ]:      100.00%
[2882 sec, 4855877 itr]:      1087.28
[2883 sec, 4857922 itr]:      1087.28
[2884 sec, 4858929 itr]:      1087.28
[2885 sec, 4860021 itr]:      1087.28
[2886 sec, 4860993 itr]:      1087.28
[2887 sec, 4862140 itr]:      1087.28
[2888 sec, 4862140 itr]:      1087.28
[2889 sec, 4863787 itr]:      1087.28
[2890 sec, 4863787 itr]:      1087.28
[2891 sec, 4865589 itr]:      1087.28
[ optimality gap      ]:      100.00%
[2892 sec, 4865589 itr]:      1087.28
[2893 sec, 4867478 itr]:      1087.28
[2894 sec, 4868402 itr]:      1087.28
[2895 sec, 4869287 itr]:      1087.28
[2896 sec, 4870168 itr]:      1087.28
[2897 sec, 4871215 itr]:      1087.28
[2898 sec, 4871215 itr]:      1087.28
[2899 sec, 4872184 itr]:      1087.28
[2900 sec, 4873695 itr]:      1087.28
[2901 sec, 4874684 itr]:      1087.28
[ optimality gap      ]:      100.00%
[2902 sec, 4874684 itr]:      1087.28
[2903 sec, 4875529 itr]:      1087.28
[2904 sec, 4876563 itr]:      1087.28
[2905 sec, 4877612 itr]:      1087.28
[2906 sec, 4879470 itr]:      1087.28
[2907 sec, 4879470 itr]:      1087.28
[2908 sec, 4880590 itr]:      1087.28
[2909 sec, 4882272 itr]:      1087.28
[2910 sec, 4882272 itr]:      1087.28
[2911 sec, 4883889 itr]:      1087.28
[ optimality gap      ]:      100.00%
[2912 sec, 4883889 itr]:      1087.28
[2913 sec, 4885864 itr]:      1087.28
[2914 sec, 4886863 itr]:      1087.28
[2915 sec, 4886863 itr]:      1087.28
[2916 sec, 4887830 itr]:      1087.28
[2917 sec, 4889500 itr]:      1087.28
[2918 sec, 4889500 itr]:      1087.28
[2919 sec, 4890227 itr]:      1087.28
[2920 sec, 4891443 itr]:      1087.28
[2921 sec, 4892466 itr]:      1087.28
[ optimality gap      ]:      100.00%
[2922 sec, 4893531 itr]:      1087.28
[2923 sec, 4894410 itr]:      1087.28
[2924 sec, 4895453 itr]:      1087.28
[2925 sec, 4895453 itr]:      1087.28
[2926 sec, 4896490 itr]:      1087.22
[2927 sec, 4897175 itr]:      1087.22
[2928 sec, 4898433 itr]:      1087.22
[2929 sec, 4898433 itr]:      1087.22
[2930 sec, 4900203 itr]:      1087.22
[2931 sec, 4900203 itr]:      1087.22
[ optimality gap      ]:      100.00%
[2932 sec, 4901884 itr]:      1087.11
[2933 sec, 4901884 itr]:      1087.11
[2934 sec, 4904027 itr]:      1087.11
[2935 sec, 4904027 itr]:      1087.11
[2936 sec, 4905007 itr]:      1087.11
[2937 sec, 4906072 itr]:      1087.11
[2938 sec, 4907180 itr]:      1087.11
[2939 sec, 4907180 itr]:      1087.11
[2940 sec, 4908951 itr]:      1087.11
[2941 sec, 4908951 itr]:      1087.11
[ optimality gap      ]:      100.00%
[2942 sec, 4910864 itr]:      1087.11
[2943 sec, 4910864 itr]:      1087.11
[2944 sec, 4912492 itr]:      1087.11
[2945 sec, 4912492 itr]:      1087.11
[2946 sec, 4913758 itr]:      1087.11
[2947 sec, 4913758 itr]:      1087.11
[2948 sec, 4914781 itr]:      1087.11
[2949 sec, 4916644 itr]:      1087.11
[2950 sec, 4916644 itr]:      1087.11
[2951 sec, 4918357 itr]:      1087.11
[ optimality gap      ]:      100.00%
[2952 sec, 4918357 itr]:      1087.11
[2953 sec, 4919466 itr]:      1087.11
[2954 sec, 4920830 itr]:      1087.11
[2955 sec, 4921957 itr]:      1087.11
[2956 sec, 4924130 itr]:      1087.11
[2957 sec, 4925249 itr]:      1087.11
[2958 sec, 4926679 itr]:      1087.11
[2959 sec, 4926679 itr]:      1087.11
[2960 sec, 4927738 itr]:      1087.11
[2961 sec, 4928715 itr]:      1087.11
[ optimality gap      ]:      100.00%
[2962 sec, 4929331 itr]:      1087.11
[2963 sec, 4931152 itr]:      1087.11
[2964 sec, 4931797 itr]:      1087.11
[2965 sec, 4931797 itr]:      1087.11
[2966 sec, 4933867 itr]:      1087.11
[2967 sec, 4933867 itr]:      1087.11
[2968 sec, 4934789 itr]:      1087.11
[2969 sec, 4935799 itr]:      1087.11
[2970 sec, 4936757 itr]:      1087.11
[2971 sec, 4937768 itr]:      1087.11
[ optimality gap      ]:      100.00%
[2972 sec, 4939480 itr]:      1087.11
[2973 sec, 4939480 itr]:      1087.11
[2974 sec, 4940323 itr]:      1087.11
[2975 sec, 4941412 itr]:      1087.11
[2976 sec, 4943189 itr]:      1087.11
[2977 sec, 4943189 itr]:      1087.11
[2978 sec, 4945468 itr]:      1087.11
[2979 sec, 4946691 itr]:      1087.11
[2980 sec, 4946691 itr]:      1087.11
[2981 sec, 4948650 itr]:      1087.11
[ optimality gap      ]:      100.00%
[2982 sec, 4949810 itr]:      1087.11
[2983 sec, 4950801 itr]:      1087.11
[2984 sec, 4951895 itr]:      1087.11
[2985 sec, 4951895 itr]:      1087.11
[2986 sec, 4953955 itr]:      1087.11
[2987 sec, 4955027 itr]:      1087.11
[2988 sec, 4956030 itr]:      1087.11
[2989 sec, 4956030 itr]:      1087.11
[2990 sec, 4957762 itr]:      1087.11
[2991 sec, 4957762 itr]:      1087.11
[ optimality gap      ]:      100.00%
[2992 sec, 4959721 itr]:      1087.11
[2993 sec, 4959721 itr]:      1087.11
[2994 sec, 4960902 itr]:      1087.11
[2995 sec, 4962110 itr]:      1087.11
[2996 sec, 4963195 itr]:      1087.11
[2997 sec, 4965269 itr]:      1087.11
[2998 sec, 4965269 itr]:      1087.11
[2999 sec, 4966290 itr]:      1087.11
[3000 sec, 4967316 itr]:      1087.11
[3001 sec, 4968365 itr]:      1087.11
[ optimality gap      ]:      100.00%
[3002 sec, 4969404 itr]:      1087.11
[3003 sec, 4970235 itr]:      1087.11
[3004 sec, 4971179 itr]:      1087.11
[3005 sec, 4971818 itr]:      1087.11
[3006 sec, 4972658 itr]:      1087.11
[3007 sec, 4974475 itr]:      1087.11
[3008 sec, 4974475 itr]:      1087.11
[3009 sec, 4975438 itr]:      1087.11
[3010 sec, 4976258 itr]:      1087.11
[3011 sec, 4976898 itr]:      1087.11
[ optimality gap      ]:      100.00%
[3012 sec, 4978815 itr]:      1087.11
[3013 sec, 4978815 itr]:      1087.11
[3014 sec, 4979899 itr]:      1087.11
[3015 sec, 4980947 itr]:      1087.11
[3016 sec, 4981789 itr]:      1087.11
[3017 sec, 4982602 itr]:      1087.11
[3018 sec, 4983992 itr]:      1087.11
[3019 sec, 4984911 itr]:      1087.11
[3020 sec, 4985928 itr]:      1087.11
[3021 sec, 4985928 itr]:      1087.11
[ optimality gap      ]:      100.00%
[3022 sec, 4986832 itr]:      1087.11
[3023 sec, 4987606 itr]:      1087.11
[3024 sec, 4988092 itr]:      1087.11
[3025 sec, 4989967 itr]:      1087.11
[3026 sec, 4990935 itr]:      1087.11
[3027 sec, 4990935 itr]:      1087.11
[3028 sec, 4991968 itr]:      1087.11
[3029 sec, 4993369 itr]:      1087.11
[3030 sec, 4994395 itr]:      1087.11
[3031 sec, 4994395 itr]:      1087.11
[ optimality gap      ]:      100.00%
[3032 sec, 4995360 itr]:      1087.11
[3033 sec, 4996392 itr]:      1087.11
[3034 sec, 4997312 itr]:      1087.11
[3035 sec, 4998224 itr]:      1087.11
[3036 sec, 4999015 itr]:      1087.11
[3037 sec, 5000023 itr]:      1087.11
[3038 sec, 5000823 itr]:      1087.11
[3039 sec, 5002858 itr]:      1087.11
[3040 sec, 5003770 itr]:      1087.11
[3041 sec, 5003770 itr]:      1087.11
[ optimality gap      ]:      100.00%
[3042 sec, 5004896 itr]:      1087.11
[3043 sec, 5006545 itr]:      1087.11
[3044 sec, 5007553 itr]:      1087.11
[3045 sec, 5007553 itr]:      1087.11
[3046 sec, 5008575 itr]:      1087.11
[3047 sec, 5009123 itr]:      1087.11
[3048 sec, 5010169 itr]:      1087.11
[3049 sec, 5011672 itr]:      1087.11
[3050 sec, 5012565 itr]:      1087.11
[3051 sec, 5012565 itr]:      1087.11
[ optimality gap      ]:      100.00%
[3052 sec, 5014430 itr]:      1087.11
[3053 sec, 5014430 itr]:      1087.11
[3054 sec, 5016228 itr]:      1087.11
[3055 sec, 5016228 itr]:      1087.11
[3056 sec, 5017244 itr]:      1087.11
[3057 sec, 5017993 itr]:      1087.11
[3058 sec, 5019623 itr]:      1087.11
[3059 sec, 5019623 itr]:      1087.11
[3060 sec, 5021711 itr]:      1087.11
[3061 sec, 5022716 itr]:      1087.11
[ optimality gap      ]:      100.00%
[3062 sec, 5023845 itr]:      1087.11
[3063 sec, 5023845 itr]:      1087.11
[3064 sec, 5024945 itr]:      1087.11
[3065 sec, 5025809 itr]:      1087.11
[3066 sec, 5027608 itr]:      1087.11
[3067 sec, 5027608 itr]:      1087.11
[3068 sec, 5028141 itr]:      1087.11
[3069 sec, 5028864 itr]:      1087.11
[3070 sec, 5030585 itr]:      1087.11
[3071 sec, 5030585 itr]:      1087.11
[ optimality gap      ]:      100.00%
[3072 sec, 5031562 itr]:      1087.11
[3073 sec, 5032441 itr]:      1087.11
[3074 sec, 5034159 itr]:      1087.11
[3075 sec, 5035166 itr]:      1087.11
[3076 sec, 5035166 itr]:      1087.11
[3077 sec, 5036103 itr]:      1087.11
[3078 sec, 5037589 itr]:      1087.11
[3079 sec, 5037589 itr]:      1087.11
[3080 sec, 5039495 itr]:      1087.11
[3081 sec, 5040567 itr]:      1087.11
[ optimality gap      ]:      100.00%
[3082 sec, 5040567 itr]:      1087.11
[3083 sec, 5042621 itr]:      1087.11
[3084 sec, 5043574 itr]:      1087.11
[3085 sec, 5044555 itr]:      1087.11
[3086 sec, 5045442 itr]:      1087.11
[3087 sec, 5045442 itr]:      1087.11
[3088 sec, 5047436 itr]:      1087.11
[3089 sec, 5048283 itr]:      1087.11
[3090 sec, 5049329 itr]:      1087.11
[3091 sec, 5049329 itr]:      1087.11
[ optimality gap      ]:      100.00%
[3092 sec, 5050535 itr]:      1087.11
[3093 sec, 5051532 itr]:      1087.11
[3094 sec, 5052535 itr]:      1087.11
[3095 sec, 5053416 itr]:      1087.11
[3096 sec, 5053929 itr]:      1087.11
[3097 sec, 5053929 itr]:      1087.11
[3098 sec, 5056081 itr]:      1087.11
[3099 sec, 5056081 itr]:      1087.11
[3100 sec, 5056686 itr]:      1087.11
[3101 sec, 5057671 itr]:      1087.11
[ optimality gap      ]:      100.00%
[3102 sec, 5058675 itr]:      1087.11
[3103 sec, 5060010 itr]:      1087.11
[3104 sec, 5060010 itr]:      1087.11
[3105 sec, 5060458 itr]:      1087.11
[3106 sec, 5062351 itr]:      1087.11
[3107 sec, 5062351 itr]:      1087.11
[3108 sec, 5063457 itr]:      1087.11
[3109 sec, 5064210 itr]:      1087.11
[3110 sec, 5065328 itr]:      1087.11
[3111 sec, 5067656 itr]:      1087.11
[ optimality gap      ]:      100.00%
[3112 sec, 5067656 itr]:      1087.11
[3113 sec, 5068773 itr]:      1087.11
[3114 sec, 5069799 itr]:      1087.11
[3115 sec, 5070632 itr]:      1087.11
[3116 sec, 5071107 itr]:      1087.11
[3117 sec, 5071697 itr]:      1087.11
[3118 sec, 5072756 itr]:      1087.11
[3119 sec, 5073765 itr]:      1087.11
[3120 sec, 5074594 itr]:      1087.11
[3121 sec, 5075248 itr]:      1087.11
[ optimality gap      ]:      100.00%
[3122 sec, 5076054 itr]:      1087.11
[3123 sec, 5077006 itr]:      1087.11
[3124 sec, 5077915 itr]:      1087.11
[3125 sec, 5078785 itr]:      1087.11
[3126 sec, 5080560 itr]:      1087.11
[3127 sec, 5080560 itr]:      1087.11
[3128 sec, 5081643 itr]:      1087.11
[3129 sec, 5082798 itr]:      1087.11
[3130 sec, 5085162 itr]:      1087.11
[3131 sec, 5086129 itr]:      1084.11
[ optimality gap      ]:      100.00%
[3132 sec, 5086129 itr]:      1084.11
[3133 sec, 5087371 itr]:      1084.11
[3134 sec, 5088871 itr]:      1084.11
[3135 sec, 5090255 itr]:      1084.11
[3136 sec, 5090255 itr]:      1084.11
[3137 sec, 5091508 itr]:      1084.11
[3138 sec, 5092585 itr]:      1084.06
[3139 sec, 5094880 itr]:      1084.06
[3140 sec, 5095969 itr]:      1084.06
[3141 sec, 5095969 itr]:      1084.06
[ optimality gap      ]:      100.00%
[3142 sec, 5097177 itr]:      1084.06
[3143 sec, 5098389 itr]:      1084.06
[3144 sec, 5099456 itr]:      1084.06
[3145 sec, 5100588 itr]:      1084.06
[3146 sec, 5101295 itr]:      1084.06
[3147 sec, 5102427 itr]:      1084.06
[3148 sec, 5104632 itr]:      1084.06
[3149 sec, 5104632 itr]:      1084.06
[3150 sec, 5106858 itr]:      1084.06
[3151 sec, 5106858 itr]:      1084.06
[ optimality gap      ]:      100.00%
[3152 sec, 5108011 itr]:      1084.06
[3153 sec, 5109228 itr]:      1084.06
[3154 sec, 5110455 itr]:      1084.06
[3155 sec, 5112503 itr]:      1084.06
[3156 sec, 5113760 itr]:      1084.06
[3157 sec, 5113760 itr]:      1084.06
[3158 sec, 5116397 itr]:      1084.06
[3159 sec, 5116397 itr]:      1084.06
[3160 sec, 5117554 itr]:      1084.06
[3161 sec, 5118808 itr]:      1084.06
[ optimality gap      ]:      100.00%
[3162 sec, 5119978 itr]:      1084.06
[3163 sec, 5122114 itr]:      1084.06
[3164 sec, 5122114 itr]:      1084.06
[3165 sec, 5122890 itr]:      1084.06
[3166 sec, 5124029 itr]:      1084.06
[3167 sec, 5125274 itr]:      1084.06
[3168 sec, 5126243 itr]:      1084.06
[3169 sec, 5127278 itr]:      1084.06
[3170 sec, 5128168 itr]:      1084.06
[3171 sec, 5128168 itr]:      1084.06
[ optimality gap      ]:      100.00%
[3172 sec, 5129461 itr]:      1084.06
[3173 sec, 5131928 itr]:      1084.06
[3174 sec, 5131928 itr]:      1084.06
[3175 sec, 5133856 itr]:      1084.06
[3176 sec, 5133856 itr]:      1084.06
[3177 sec, 5136571 itr]:      1084.06
[3178 sec, 5136571 itr]:      1084.06
[3179 sec, 5137488 itr]:      1084.06
[3180 sec, 5138540 itr]:      1084.06
[3181 sec, 5139230 itr]:      1084.06
[ optimality gap      ]:      100.00%
[3182 sec, 5140754 itr]:      1084.06
[3183 sec, 5142079 itr]:      1084.06
[3184 sec, 5142079 itr]:      1084.06
[3185 sec, 5143295 itr]:      1084.06
[3186 sec, 5145494 itr]:      1084.06
[3187 sec, 5146668 itr]:      1084.06
[3188 sec, 5146668 itr]:      1084.06
[3189 sec, 5149075 itr]:      1084.06
[3190 sec, 5149075 itr]:      1084.06
[3191 sec, 5150306 itr]:      1084.06
[ optimality gap      ]:      100.00%
[3192 sec, 5151582 itr]:      1084.06
[3193 sec, 5152538 itr]:      1084.06
[3194 sec, 5153624 itr]:      1084.06
[3195 sec, 5155589 itr]:      1084.06
[3196 sec, 5156795 itr]:      1084.06
[3197 sec, 5157467 itr]:      1084.06
[3198 sec, 5158737 itr]:      1084.06
[3199 sec, 5158737 itr]:      1084.06
[3200 sec, 5159910 itr]:      1084.06
[3201 sec, 5161124 itr]:      1084.06
[ optimality gap      ]:      100.00%
[3202 sec, 5161999 itr]:      1084.06
[3203 sec, 5163180 itr]:      1084.06
[3204 sec, 5164913 itr]:      1084.06
[3205 sec, 5164913 itr]:      1084.06
[3206 sec, 5165633 itr]:      1084.06
[3207 sec, 5166711 itr]:      1084.06
[3208 sec, 5167800 itr]:      1084.06
[3209 sec, 5168924 itr]:      1084.06
[3210 sec, 5169866 itr]:      1084.06
[3211 sec, 5171335 itr]:      1084.06
[ optimality gap      ]:      100.00%
[3212 sec, 5173616 itr]:      1084.06
[3213 sec, 5173616 itr]:      1084.06
[3214 sec, 5174726 itr]:      1084.06
[3215 sec, 5175448 itr]:      1084.06
[3216 sec, 5176155 itr]:      1084.06
[3217 sec, 5178297 itr]:      1084.06
[3218 sec, 5178297 itr]:      1084.06
[3219 sec, 5179388 itr]:      1084.06
[3220 sec, 5181075 itr]:      1084.06
[3221 sec, 5182255 itr]:      1084.06
[ optimality gap      ]:      100.00%
[3222 sec, 5182255 itr]:      1084.06
[3223 sec, 5183326 itr]:      1084.06
[3224 sec, 5185249 itr]:      1084.06
[3225 sec, 5185249 itr]:      1084.06
[3226 sec, 5186294 itr]:      1084.06
[3227 sec, 5188086 itr]:      1084.06
[3228 sec, 5188978 itr]:      1084.06
[3229 sec, 5190147 itr]:      1084.06
[3230 sec, 5190147 itr]:      1084.06
[3231 sec, 5190790 itr]:      1084.06
[ optimality gap      ]:      100.00%
[3232 sec, 5192835 itr]:      1084.06
[3233 sec, 5192835 itr]:      1084.06
[3234 sec, 5195161 itr]:      1084.06
[3235 sec, 5196307 itr]:      1084.06
[3236 sec, 5196307 itr]:      1084.06
[3237 sec, 5198416 itr]:      1084.06
[3238 sec, 5198416 itr]:      1084.06
[3239 sec, 5199739 itr]:      1084.06
[3240 sec, 5200629 itr]:      1084.06
[3241 sec, 5201534 itr]:      1084.06
[ optimality gap      ]:      100.00%
[3242 sec, 5202658 itr]:      1084.06
[3243 sec, 5203775 itr]:      1084.06
[3244 sec, 5205436 itr]:      1084.06
[3245 sec, 5205436 itr]:      1084.06
[3246 sec, 5207492 itr]:      1084.06
[3247 sec, 5207492 itr]:      1084.06
[3248 sec, 5208718 itr]:      1084.06
[3249 sec, 5209844 itr]:      1084.06
[3250 sec, 5211076 itr]:      1084.06
[3251 sec, 5213201 itr]:      1084.06
[ optimality gap      ]:      100.00%
[3252 sec, 5214257 itr]:      1084.06
[3253 sec, 5214257 itr]:      1084.06
[3254 sec, 5215460 itr]:      1084.06
[3255 sec, 5216136 itr]:      1084.06
[3256 sec, 5218755 itr]:      1084.06
[3257 sec, 5218755 itr]:      1084.06
[3258 sec, 5220002 itr]:      1084.06
[3259 sec, 5221019 itr]:      1084.06
[3260 sec, 5222074 itr]:      1084.06
[3261 sec, 5223306 itr]:      1084.06
[ optimality gap      ]:      100.00%
[3262 sec, 5223916 itr]:      1084.06
[3263 sec, 5225100 itr]:      1084.06
[3264 sec, 5227215 itr]:      1084.06
[3265 sec, 5227215 itr]:      1084.06
[3266 sec, 5228423 itr]:      1084.06
[3267 sec, 5229214 itr]:      1084.06
[3268 sec, 5229872 itr]:      1084.06
[3269 sec, 5232373 itr]:      1084.06
[3270 sec, 5232373 itr]:      1084.06
[3271 sec, 5234362 itr]:      1084.06
[ optimality gap      ]:      100.00%
[3272 sec, 5234362 itr]:      1084.06
[3273 sec, 5235519 itr]:      1084.06
[3274 sec, 5235946 itr]:      1084.06
[3275 sec, 5236866 itr]:      1084.06
[3276 sec, 5237780 itr]:      1084.06
[3277 sec, 5238662 itr]:      1084.06
[3278 sec, 5239043 itr]:      1084.06
[3279 sec, 5239903 itr]:      1084.06
[3280 sec, 5241261 itr]:      1084.06
[3281 sec, 5243190 itr]:      1084.06
[ optimality gap      ]:      100.00%
[3282 sec, 5244359 itr]:      1084.06
[3283 sec, 5244359 itr]:      1084.06
[3284 sec, 5245550 itr]:      1084.06
[3285 sec, 5246724 itr]:      1084.06
[3286 sec, 5246991 itr]:      1084.06
[3287 sec, 5249149 itr]:      1084.06
[3288 sec, 5250484 itr]:      1084.06
[3289 sec, 5251637 itr]:      1084.06
[3290 sec, 5251637 itr]:      1084.06
[3291 sec, 5253811 itr]:      1084.06
[ optimality gap      ]:      100.00%
[3292 sec, 5253811 itr]:      1084.06
[3293 sec, 5254920 itr]:      1084.06
[3294 sec, 5255931 itr]:      1084.06
[3295 sec, 5257096 itr]:      1084.06
[3296 sec, 5257991 itr]:      1084.06
[3297 sec, 5259888 itr]:      1084.06
[3298 sec, 5259888 itr]:      1084.06
[3299 sec, 5261173 itr]:      1084.06
[3300 sec, 5262376 itr]:      1084.06
[3301 sec, 5262413 itr]:      1084.06
[ optimality gap      ]:      100.00%
[3302 sec, 5263259 itr]:      1084.06
[3303 sec, 5265297 itr]:      1084.06
[3304 sec, 5266544 itr]:      1084.06
[3305 sec, 5266544 itr]:      1084.06
[3306 sec, 5267352 itr]:      1084.06
[3307 sec, 5268192 itr]:      1084.06
[3308 sec, 5269353 itr]:      1084.06
[3309 sec, 5269881 itr]:      1084.06
[3310 sec, 5270863 itr]:      1084.06
[3311 sec, 5271429 itr]:      1084.06
[ optimality gap      ]:      100.00%
[3312 sec, 5273758 itr]:      1084.06
[3313 sec, 5273758 itr]:      1084.06
[3314 sec, 5274850 itr]:      1084.06
[3315 sec, 5275608 itr]:      1084.06
[3316 sec, 5276417 itr]:      1084.06
[3317 sec, 5278927 itr]:      1084.06
[3318 sec, 5278927 itr]:      1084.06
[3319 sec, 5280294 itr]:      1084.06
[3320 sec, 5281577 itr]:      1084.06
[3321 sec, 5283772 itr]:      1084.06
[ optimality gap      ]:      100.00%
[3322 sec, 5283772 itr]:      1084.06
[3323 sec, 5284430 itr]:      1084.06
[3324 sec, 5285122 itr]:      1084.06
[3325 sec, 5286450 itr]:      1084.06
[3326 sec, 5287906 itr]:      1084.06
[3327 sec, 5289314 itr]:      1084.06
[3328 sec, 5289314 itr]:      1084.06
[3329 sec, 5290478 itr]:      1084.06
[3330 sec, 5291667 itr]:      1084.06
[3331 sec, 5293647 itr]:      1084.06
[ optimality gap      ]:      100.00%
[3332 sec, 5293647 itr]:      1084.06
[3333 sec, 5294783 itr]:      1084.06
[3334 sec, 5295954 itr]:      1084.06
[3335 sec, 5297645 itr]:      1084.06
[3336 sec, 5297645 itr]:      1084.06
[3337 sec, 5298771 itr]:      1084.06
[3338 sec, 5300510 itr]:      1084.06
[3339 sec, 5300510 itr]:      1084.06
[3340 sec, 5301731 itr]:      1084.06
[3341 sec, 5302056 itr]:      1084.06
[ optimality gap      ]:      100.00%
[3342 sec, 5304224 itr]:      1084.06
[3343 sec, 5305423 itr]:      1084.06
[3344 sec, 5306442 itr]:      1084.06
[3345 sec, 5306442 itr]:      1084.06
[3346 sec, 5307640 itr]:      1084.06
[3347 sec, 5308692 itr]:      1084.06
[3348 sec, 5309790 itr]:      1084.06
[3349 sec, 5310664 itr]:      1084.06
[3350 sec, 5310664 itr]:      1084.06
[3351 sec, 5312947 itr]:      1084.06
[ optimality gap      ]:      100.00%
[3352 sec, 5313758 itr]:      1084.06
[3353 sec, 5314871 itr]:      1084.06
[3354 sec, 5316114 itr]:      1084.06
[3355 sec, 5316114 itr]:      1084.06
[3356 sec, 5316901 itr]:      1084.06
[3357 sec, 5318893 itr]:      1084.06
[3358 sec, 5318893 itr]:      1084.06
[3359 sec, 5321400 itr]:      1084.06
[3360 sec, 5321400 itr]:      1084.06
[3361 sec, 5322638 itr]:      1084.06
[ optimality gap      ]:      100.00%
[3362 sec, 5324519 itr]:      1084.06
[3363 sec, 5325698 itr]:      1084.06
[3364 sec, 5325698 itr]:      1084.06
[3365 sec, 5327088 itr]:      1084.06
[3366 sec, 5328974 itr]:      1084.06
[3367 sec, 5330096 itr]:      1084.06
[3368 sec, 5331162 itr]:      1084.06
[3369 sec, 5332323 itr]:      1084.06
[3370 sec, 5333424 itr]:      1084.06
[3371 sec, 5333424 itr]:      1084.06
[ optimality gap      ]:      100.00%
[3372 sec, 5334135 itr]:      1084.06
[3373 sec, 5334844 itr]:      1084.06
[3374 sec, 5336034 itr]:      1084.06
[3375 sec, 5337087 itr]:      1084.06
[3376 sec, 5338062 itr]:      1084.06
[3377 sec, 5339084 itr]:      1084.06
[3378 sec, 5340226 itr]:      1084.06
[3379 sec, 5342710 itr]:      1083.48
[3380 sec, 5343887 itr]:      1083.41
[3381 sec, 5345100 itr]:      1083.39
[ optimality gap      ]:      100.00%
[3382 sec, 5346208 itr]:      1083.39
[3383 sec, 5347434 itr]:      1083.39
[3384 sec, 5348612 itr]:      1083.39
[3385 sec, 5348612 itr]:      1083.39
[3386 sec, 5350006 itr]:      1083.39
[3387 sec, 5351257 itr]:      1083.39
[3388 sec, 5352393 itr]:      1083.39
[3389 sec, 5353688 itr]:      1083.39
[3390 sec, 5354796 itr]:      1083.39
[3391 sec, 5356476 itr]:      1083.39
[ optimality gap      ]:      100.00%
[3392 sec, 5357649 itr]:      1083.39
[3393 sec, 5358768 itr]:      1083.39
[3394 sec, 5358768 itr]:      1083.39
[3395 sec, 5359949 itr]:      1083.39
[3396 sec, 5360880 itr]:      1083.39
[3397 sec, 5361904 itr]:      1083.39
[3398 sec, 5364078 itr]:      1083.39
[3399 sec, 5364951 itr]:      1083.39
[3400 sec, 5366080 itr]:      1083.39
[3401 sec, 5366080 itr]:      1083.39
[ optimality gap      ]:      100.00%
[3402 sec, 5367720 itr]:      1083.39
[3403 sec, 5368938 itr]:      1083.39
[3404 sec, 5368938 itr]:      1083.39
[3405 sec, 5370131 itr]:      1083.39
[3406 sec, 5371287 itr]:      1083.39
[3407 sec, 5372512 itr]:      1083.39
[3408 sec, 5373799 itr]:      1083.39
[3409 sec, 5375508 itr]:      1083.39
[3410 sec, 5376695 itr]:      1083.39
[3411 sec, 5377626 itr]:      1083.39
[ optimality gap      ]:      100.00%
[3412 sec, 5378913 itr]:      1083.39
[3413 sec, 5380091 itr]:      1083.39
[3414 sec, 5380091 itr]:      1083.39
[3415 sec, 5380670 itr]:      1083.39
[3416 sec, 5382340 itr]:      1083.39
[3417 sec, 5382340 itr]:      1083.39
[3418 sec, 5384174 itr]:      1083.39
[3419 sec, 5385189 itr]:      1083.39
[3420 sec, 5385189 itr]:      1083.39
[3421 sec, 5387314 itr]:      1083.39
[ optimality gap      ]:      100.00%
[3422 sec, 5387314 itr]:      1083.39
[3423 sec, 5388598 itr]:      1083.39
[3424 sec, 5390562 itr]:      1083.39
[3425 sec, 5391526 itr]:      1083.39
[3426 sec, 5391526 itr]:      1083.39
[3427 sec, 5392578 itr]:      1083.39
[3428 sec, 5393289 itr]:      1083.39
[3429 sec, 5394095 itr]:      1083.39
[3430 sec, 5394465 itr]:      1083.39
[3431 sec, 5395612 itr]:      1083.39
[ optimality gap      ]:      100.00%
[3432 sec, 5398021 itr]:      1083.39
[3433 sec, 5399281 itr]:      1083.39
[3434 sec, 5399281 itr]:      1083.39
[3435 sec, 5400534 itr]:      1083.39
[3436 sec, 5402670 itr]:      1083.39
[3437 sec, 5403760 itr]:      1083.39
[3438 sec, 5403760 itr]:      1083.39
[3439 sec, 5405743 itr]:      1083.39
[3440 sec, 5405743 itr]:      1083.39
[3441 sec, 5407730 itr]:      1083.39
[ optimality gap      ]:      100.00%
[3442 sec, 5407730 itr]:      1083.39
[3443 sec, 5408924 itr]:      1060.25
[3444 sec, 5410446 itr]:      1058.71
[3445 sec, 5410446 itr]:      1058.71
[3446 sec, 5411601 itr]:      1058.71
[3447 sec, 5412654 itr]:      1058.71
[3448 sec, 5413680 itr]:      1058.71
[3449 sec, 5414747 itr]:      1058.71
[3450 sec, 5416889 itr]:      1058.71
[3451 sec, 5417940 itr]:      1058.71
[ optimality gap      ]:      100.00%
[3452 sec, 5418538 itr]:      1058.71
[3453 sec, 5418538 itr]:      1058.71
[3454 sec, 5420295 itr]:      1058.71
[3455 sec, 5421367 itr]:      1058.71
[3456 sec, 5422481 itr]:      1058.71
[3457 sec, 5422481 itr]:      1058.71
[3458 sec, 5423532 itr]:      1058.71
[3459 sec, 5424287 itr]:      1058.71
[3460 sec, 5426349 itr]:      1058.71
[3461 sec, 5426349 itr]:      1058.71
[ optimality gap      ]:      100.00%
[3462 sec, 5427274 itr]:      1058.71
[3463 sec, 5429354 itr]:      1058.71
[3464 sec, 5430359 itr]:      1058.71
[3465 sec, 5431374 itr]:      1058.71
[3466 sec, 5431374 itr]:      1058.71
[3467 sec, 5433478 itr]:      1058.71
[3468 sec, 5433478 itr]:      1058.71
[3469 sec, 5435564 itr]:      1058.71
[3470 sec, 5435564 itr]:      1058.71
[3471 sec, 5437515 itr]:      1058.71
[ optimality gap      ]:      100.00%
[3472 sec, 5438583 itr]:      1058.71
[3473 sec, 5439568 itr]:      1058.71
[3474 sec, 5440621 itr]:      1058.71
[3475 sec, 5441609 itr]:      1058.71
[3476 sec, 5441609 itr]:      1058.71
[3477 sec, 5442605 itr]:      1058.71
[3478 sec, 5444754 itr]:      1058.71
[3479 sec, 5445739 itr]:      1058.71
[3480 sec, 5446789 itr]:      1058.71
[3481 sec, 5447739 itr]:      1058.71
[ optimality gap      ]:      100.00%
[3482 sec, 5448790 itr]:      1058.71
[3483 sec, 5448790 itr]:      1027.83
[3484 sec, 5450924 itr]:      1026.61
[3485 sec, 5452723 itr]:      1026.61
[3486 sec, 5454447 itr]:      1026.61
[3487 sec, 5454447 itr]:      1026.61
[3488 sec, 5457868 itr]:      1026.61
[3489 sec, 5459615 itr]:      1026.61
[3490 sec, 5461256 itr]:      1026.61
[3491 sec, 5461256 itr]:      1026.61
[ optimality gap      ]:      100.00%
[3492 sec, 5464428 itr]:      1026.61
[3493 sec, 5464428 itr]:      1026.61
[3494 sec, 5467772 itr]:      1026.61
[3495 sec, 5467772 itr]:      1026.61
[3496 sec, 5469253 itr]:      1026.61
[3497 sec, 5472323 itr]:      1026.61
[3498 sec, 5474010 itr]:      1026.61
[3499 sec, 5475646 itr]:      1026.61
[3500 sec, 5477180 itr]:      1026.61
[3501 sec, 5477180 itr]:      1026.61
[ optimality gap      ]:      100.00%
[3502 sec, 5478682 itr]:      1026.61
[3503 sec, 5481726 itr]:      1026.61
[3504 sec, 5483263 itr]:      1026.61
[3505 sec, 5484801 itr]:      1026.61
[3506 sec, 5486279 itr]:      1026.61
[3507 sec, 5487574 itr]:      1026.61
[3508 sec, 5488971 itr]:      1026.61
[3509 sec, 5490440 itr]:      1026.61
[3510 sec, 5491774 itr]:      1026.61
[3511 sec, 5493205 itr]:      1026.61
[ optimality gap      ]:      100.00%
[3512 sec, 5494613 itr]:      1026.61
[3513 sec, 5496114 itr]:      1026.61
[3514 sec, 5497507 itr]:      1026.61
[3515 sec, 5497507 itr]:      1026.61
[3516 sec, 5500112 itr]:      1026.61
[3517 sec, 5501543 itr]:      1026.61
[3518 sec, 5502966 itr]:      1026.61
[3519 sec, 5504369 itr]:      1026.61
[3520 sec, 5505704 itr]:      1026.61
[3521 sec, 5507297 itr]:      1026.61
[ optimality gap      ]:      100.00%
[3522 sec, 5508725 itr]:      1026.61
[3523 sec, 5508725 itr]:      1026.61
[3524 sec, 5511531 itr]:      1026.61
[3525 sec, 5512953 itr]:      1026.61
[3526 sec, 5514299 itr]:      1026.61
[3527 sec, 5515702 itr]:      1026.61
[3528 sec, 5515702 itr]:      1026.61
[3529 sec, 5518745 itr]:      1026.61
[3530 sec, 5520265 itr]:      1026.61
[3531 sec, 5521630 itr]:      1026.61
[ optimality gap      ]:      100.00%
[3532 sec, 5522894 itr]:      1026.61
[3533 sec, 5522894 itr]:      1026.61
[3534 sec, 5524342 itr]:       1025.8
[3535 sec, 5527147 itr]:       1025.8
[3536 sec, 5528593 itr]:       1025.8
[3537 sec, 5530164 itr]:       1025.8
[3538 sec, 5530164 itr]:       1025.8
[3539 sec, 5532977 itr]:       1025.8
[3540 sec, 5534597 itr]:       1025.8
[3541 sec, 5536170 itr]:       1025.8
[ optimality gap      ]:      100.00%
[3542 sec, 5537789 itr]:       1025.8
[3543 sec, 5539453 itr]:       1025.8
[3544 sec, 5541211 itr]:       1025.8
[3545 sec, 5541211 itr]:       1025.8
[3546 sec, 5544023 itr]:       1025.8
[3547 sec, 5545480 itr]:       1025.8
[3548 sec, 5545480 itr]:       1025.8
[3549 sec, 5547160 itr]:       1025.8
[3550 sec, 5550386 itr]:       1025.8
[3551 sec, 5551961 itr]:       1025.8
[ optimality gap      ]:      100.00%
[3552 sec, 5553458 itr]:       1025.8
[3553 sec, 5555087 itr]:       1025.8
[3554 sec, 5555087 itr]:       1025.8
[3555 sec, 5558462 itr]:       1025.8
[3556 sec, 5558462 itr]:       1025.8
[3557 sec, 5561710 itr]:       1025.8
[3558 sec, 5563316 itr]:       1025.8
[3559 sec, 5564621 itr]:       1025.8
[3560 sec, 5565993 itr]:       1025.8
[3561 sec, 5565993 itr]:       1025.8
[ optimality gap      ]:      100.00%
[3562 sec, 5569104 itr]:       1025.8
[3563 sec, 5570509 itr]:       1025.8
[3564 sec, 5570509 itr]:       1025.8
[3565 sec, 5571959 itr]:       1025.8
[3566 sec, 5574424 itr]:       1025.3
[3567 sec, 5574424 itr]:       1025.3
[3568 sec, 5575864 itr]:      1025.14
[3569 sec, 5578932 itr]:       1025.1
[3570 sec, 5580332 itr]:       1025.1
[3571 sec, 5581744 itr]:       1025.1
[ optimality gap      ]:      100.00%
[3572 sec, 5583188 itr]:       1025.1
[3573 sec, 5584765 itr]:       1025.1
[3574 sec, 5586053 itr]:       1025.1
[3575 sec, 5586053 itr]:       1025.1
[3576 sec, 5588821 itr]:       1025.1
[3577 sec, 5590360 itr]:       1025.1
[3578 sec, 5591869 itr]:       1025.1
[3579 sec, 5593174 itr]:       1025.1
[3580 sec, 5594683 itr]:       1025.1
[3581 sec, 5596151 itr]:       1025.1
[ optimality gap      ]:      100.00%
[3582 sec, 5596151 itr]:       1025.1
[3583 sec, 5597788 itr]:       1025.1
[3584 sec, 5600897 itr]:       1025.1
[3585 sec, 5602390 itr]:       1025.1
[3586 sec, 5602390 itr]:       1025.1
[3587 sec, 5605773 itr]:       1025.1
[3588 sec, 5607579 itr]:       1025.1
[3589 sec, 5609138 itr]:       1025.1
[3590 sec, 5610681 itr]:       1025.1
[3591 sec, 5612390 itr]:       1025.1
[ optimality gap      ]:      100.00%
[3592 sec, 5613718 itr]:       1025.1
[3593 sec, 5613718 itr]:       1025.1
[3594 sec, 5616674 itr]:       1025.1
[3595 sec, 5618221 itr]:       1025.1
[3596 sec, 5618221 itr]:       1025.1
[3597 sec, 5621329 itr]:       1025.1
[3598 sec, 5621329 itr]:       1025.1
[3599 sec, 5624145 itr]:       1025.1
[3600 sec, 5625778 itr]:       1025.1
[3600 sec, 5625778 itr]:       1025.1
[ optimality gap      ]:      100.00%

5625778 iterations performed in 3600 seconds

Feasible solution: 
  obj    =       1025.1
  gap    =      100.00%
  bounds =            0
Time limit reached, but a feasible solution is available
  objective value = 1025.09903237104
  status = HxSolutionStatus.FEASIBLE, iterations = 5625778, time = 3600.00s, gap = 100.00%

[22:43:23.330219] Saving solution to file: /dados/rmelo/PDPTW-SE/benchmark_multi_floor_v3/official_experiments/mip_hexaly/set_02_pt_02/logs/form_melo_hx/solutions/10R_10V_02F_04M/lr205_sol_genconfig_melo_hx.txt

[22:43:23] Saving solution timeline to file: /dados/rmelo/PDPTW-SE/benchmark_multi_floor_v3/official_experiments/mip_hexaly/set_02_pt_02/logs/form_melo_hx/timelines/10R_10V_02F_04M/lr205_timeline_genconfig_melo_hx.txt

[22/09/2025 22:43:23] Writing results to CSV: /dados/rmelo/PDPTW-SE/benchmark_multi_floor_v3/official_experiments/mip_hexaly/set_02_pt_02/logs/form_melo_hx/outputs/csvresults_form_melo_hx.csv
---------------------| VEHICLES |---------------------

Vehicle 0 :
	id: 0
			node: 0
			(x, y, z): (35, 35, 0)
			dem: 0
			earl: 0
			lat: 1000
			servt: 0
			pid: 0
			did: 0
			servST: 239.3800000000001
			(h, h_ind): (-1, -1)
			load: 0.0
			
	Finished service at time: 239.3800000000001
	
	Task 0 -> Task 5: 20.62
	Vehicle arrival at task: 260.0000000000001
	Waiting time until service start time: -0.0
	
	id: 5
			node: 2
			(x, y, z): (15, 30, 0)
			dem: 26
			earl: 20
			lat: 260
			servt: 10
			pid: 0
			did: 53
			servST: 260.0
			(h, h_ind): (-1, -1)
			load: 26.000045156422257
			
	Finished service at time: 270.0
	
	Task 5 -> Task 7: 20.62
	Vehicle arrival at task: 290.62
	Waiting time until service start time: -0.0
	
	id: 7
			node: 4
			(x, y, z): (20, 50, 0)
			dem: 5
			earl: 251
			lat: 491
			servt: 10
			pid: 0
			did: 99
			servST: 290.6199999999999
			(h, h_ind): (-1, -1)
			load: 31.000045156422257
			
	Finished service at time: 300.6199999999999
	
	Using Machine: 2
			Task 7 -> Machine 2 (Station 0): 15.26
			Vehicle arrival at machine station: 315.8799999999999
			Waiting time until machine travel: 0.0
			Machine travel start time: 315.8800000000001
			Region 0 -> Region 1: 5.0
			Machine arrival at machine station: 320.8800000000001
			
			Machine 2 (Station 1)-> Task 53: 11.7
			Vehicle arrival at task: 332.5800000000001
			Waiting time until service start time: -0.0
			
	id: 53
			node: 12
			(x, y, z): (37, 31, 1)
			dem: -26
			earl: 332
			lat: 572
			servt: 10
			pid: 5
			did: 0
			servST: 332.5799999999999
			(h, h_ind): (2, 0)
			load: 5.0000451564222566
			
	Finished service at time: 342.5799999999999
	
	Task 53 -> Task 6: 12.04
	Vehicle arrival at task: 354.61999999999995
	Waiting time until service start time: -0.0
	
	id: 6
			node: 3
			(x, y, z): (25, 30, 1)
			dem: 3
			earl: 345
			lat: 585
			servt: 10
			pid: 0
			did: 22
			servST: 354.6199999999999
			(h, h_ind): (-1, -1)
			load: 8.000045156422257
			
	Finished service at time: 364.6199999999999
	
	Task 6 -> Task 22: 28.28
	Vehicle arrival at task: 392.89999999999986
	Waiting time until service start time: 0.0
	
	id: 22
			node: 13
			(x, y, z): (45, 10, 1)
			dem: -3
			earl: 332
			lat: 572
			servt: 10
			pid: 6
			did: 0
			servST: 392.89999999999986
			(h, h_ind): (-1, -1)
			load: 5.0000451564222566
			
	Finished service at time: 402.89999999999986
	
	Task 22 -> Task 3: 36.4
	Vehicle arrival at task: 439.29999999999984
	Waiting time until service start time: 0.0
	
	id: 3
			node: 1
			(x, y, z): (55, 45, 1)
			dem: 13
			earl: 436
			lat: 676
			servt: 10
			pid: 0
			did: 50
			servST: 439.29999999999984
			(h, h_ind): (-1, -1)
			load: 18.000045156422257
			
	Finished service at time: 449.29999999999984
	
	Task 3 -> Task 99: 39.82
	Vehicle arrival at task: 489.11999999999983
	Waiting time until service start time: -0.0
	
	id: 99
			node: 14
			(x, y, z): (20, 26, 1)
			dem: -5
			earl: 263
			lat: 503
			servt: 10
			pid: 7
			did: 0
			servST: 489.1199999999998
			(h, h_ind): (-1, -1)
			load: 13.000045156422257
			
	Finished service at time: 499.1199999999998
	
	Using Machine: 1
			Task 99 -> Machine 1 (Station 1): 23.35
			Vehicle arrival at machine station: 522.4699999999998
			Waiting time until machine travel: -0.0
			Machine travel start time: 522.4699999999997
			Region 1 -> Region 0: 5.0
			Machine arrival at machine station: 527.4699999999997
			
			Machine 1 (Station 0)-> Task 50: 11.18
			Vehicle arrival at task: 538.6499999999996
			Waiting time until service start time: -0.0
			
	id: 50
			node: 11
			(x, y, z): (47, 47, 0)
			dem: -13
			earl: 475
			lat: 715
			servt: 10
			pid: 3
			did: 0
			servST: 538.6499999999995
			(h, h_ind): (1, 1)
			load: 4.5156422256553697e-05
			
	Finished service at time: 548.6499999999995
	
	Task 50 -> Task 0: 16.97
	Vehicle arrival at task: 565.6199999999995
	Waiting time until service start time: 0.0
	
	id: 0
			node: 21
			(x, y, z): (35, 35, 0)
			dem: 0
			earl: 0
			lat: 1000
			servt: 0
			pid: 0
			did: 0
			servST: 565.6199999999995
			(h, h_ind): (-1, -1)
			load: 4.5156422256553697e-05
			

Vehicle 5 :
	id: 0
			node: 0
			(x, y, z): (35, 35, 0)
			dem: 0
			earl: 0
			lat: 1000
			servt: 0
			pid: 0
			did: 0
			servST: 188.41050718158468
			(h, h_ind): (-1, -1)
			load: 0.0
			
	Finished service at time: 188.41050718158468
	
	Task 0 -> Task 12: 15.0
	Vehicle arrival at task: 203.41050718158468
	Waiting time until service start time: 0.0
	
	id: 12
			node: 7
			(x, y, z): (50, 35, 0)
			dem: 19
			earl: 167
			lat: 407
			servt: 10
			pid: 0
			did: 66
			servST: 203.41050718158468
			(h, h_ind): (-1, -1)
			load: 18.999999999999993
			
	Finished service at time: 213.41050718158468
	
	Using Machine: 1
			Task 12 -> Machine 1 (Station 0): 14.76
			Vehicle arrival at machine station: 228.17050718158467
			Waiting time until machine travel: 0.0
			Machine travel start time: 228.1705071815849
			Region 0 -> Region 1: 5.0
			Machine arrival at machine station: 233.1705071815849
			
			Machine 1 (Station 1)-> Task 14: 38.83
			Vehicle arrival at task: 272.0005071815849
			Waiting time until service start time: -0.0
			
	id: 14
			node: 8
			(x, y, z): (15, 10, 1)
			dem: 20
			earl: 32
			lat: 272
			servt: 10
			pid: 0
			did: 16
			servST: 272.0
			(h, h_ind): (1, 0)
			load: 39.00001471309858
			
	Finished service at time: 282.0
	
	Task 14 -> Task 16: 11.18
	Vehicle arrival at task: 293.18
	Waiting time until service start time: 3.42
	
	id: 16
			node: 18
			(x, y, z): (10, 20, 1)
			dem: -20
			earl: 203
			lat: 443
			servt: 10
			pid: 14
			did: 0
			servST: 296.6044677340091
			(h, h_ind): (-1, -1)
			load: 19.000014713098576
			
	Finished service at time: 306.6044677340091
	
	Task 16 -> Task 11: 46.1
	Vehicle arrival at task: 352.70446773400914
	Waiting time until service start time: 0.0
	
	id: 11
			node: 6
			(x, y, z): (20, 65, 1)
			dem: 12
			earl: 146
			lat: 386
			servt: 10
			pid: 0
			did: 24
			servST: 352.7063854683936
			(h, h_ind): (-1, -1)
			load: 31.000014713098576
			
	Finished service at time: 362.7063854683936
	
	Using Machine: 3
			Task 11 -> Machine 3 (Station 1): 29.83
			Vehicle arrival at machine station: 392.5363854683936
			Waiting time until machine travel: -0.0
			Machine travel start time: 392.5363854683935
			Region 1 -> Region 0: 5.0
			Machine arrival at machine station: 397.5363854683935
			
			Machine 3 (Station 0)-> Task 18: 19.1
			Vehicle arrival at task: 416.63638546839354
			Waiting time until service start time: -0.0
			
	id: 18
			node: 9
			(x, y, z): (20, 40, 0)
			dem: 12
			earl: 286
			lat: 526
			servt: 10
			pid: 0
			did: 74
			servST: 416.6363854683934
			(h, h_ind): (3, 0)
			load: 43.00001471309858
			
	Finished service at time: 426.6363854683934
	
	Task 18 -> Task 20: 35.36
	Vehicle arrival at task: 461.99638546839344
	Waiting time until service start time: 42.0
	
	id: 20
			node: 10
			(x, y, z): (45, 65, 0)
			dem: 9
			earl: 504
			lat: 744
			servt: 10
			pid: 0
			did: 9
			servST: 504.0
			(h, h_ind): (-1, -1)
			load: 52.0
			
	Finished service at time: 514.0
	
	Task 20 -> Task 9: 11.18
	Vehicle arrival at task: 525.18
	Waiting time until service start time: 0.0
	
	id: 9
			node: 20
			(x, y, z): (55, 60, 0)
			dem: -9
			earl: 329
			lat: 569
			servt: 10
			pid: 20
			did: 0
			servST: 525.18
			(h, h_ind): (-1, -1)
			load: 43.00000446038814
			
	Finished service at time: 535.18
	
	Task 9 -> Task 66: 14.32
	Vehicle arrival at task: 549.5
	Waiting time until service start time: -0.0
	
	id: 66
			node: 17
			(x, y, z): (49, 73, 0)
			dem: -19
			earl: 523
			lat: 763
			servt: 10
			pid: 12
			did: 0
			servST: 549.4989385008778
			(h, h_ind): (-1, -1)
			load: 24.000004460388144
			
	Finished service at time: 559.4989385008778
	
	Using Machine: 1
			Task 66 -> Machine 1 (Station 0): 33.24
			Vehicle arrival at machine station: 592.7389385008778
			Waiting time until machine travel: -0.0
			Machine travel start time: 592.7389385008776
			Region 0 -> Region 1: 5.0
			Machine arrival at machine station: 597.7389385008776
			
			Machine 1 (Station 1)-> Task 74: 30.36
			Vehicle arrival at task: 628.0989385008776
			Waiting time until service start time: 0.0
			
	id: 74
			node: 19
			(x, y, z): (46, 13, 1)
			dem: -12
			earl: 622
			lat: 862
			servt: 10
			pid: 18
			did: 0
			servST: 628.0989385008777
			(h, h_ind): (1, 2)
			load: 12.000004460388144
			
	Finished service at time: 638.0989385008777
	
	Task 74 -> Task 10: 49.65
	Vehicle arrival at task: 687.7489385008777
	Waiting time until service start time: 0.0
	
	id: 10
			node: 5
			(x, y, z): (30, 60, 1)
			dem: 16
			earl: 485
			lat: 725
			servt: 10
			pid: 0
			did: 17
			servST: 687.7489385008777
			(h, h_ind): (-1, -1)
			load: 28.0
			
	Finished service at time: 697.7489385008777
	
	Using Machine: 1
			Task 10 -> Machine 1 (Station 1): 19.31
			Vehicle arrival at machine station: 717.0589385008776
			Waiting time until machine travel: 0.0
			Machine travel start time: 717.0589385008776
			Region 1 -> Region 0: 5.0
			Machine arrival at machine station: 722.0589385008776
			
			Machine 1 (Station 0)-> Task 17: 34.18
			Vehicle arrival at task: 756.2389385008776
			Waiting time until service start time: -0.0
			
	id: 17
			node: 15
			(x, y, z): (5, 30, 0)
			dem: -16
			earl: 682
			lat: 922
			servt: 10
			pid: 10
			did: 0
			servST: 756.2389385008775
			(h, h_ind): (1, 3)
			load: 12.0
			
	Finished service at time: 766.2389385008775
	
	Using Machine: 2
			Task 17 -> Machine 2 (Station 0): 30.46
			Vehicle arrival at machine station: 796.6989385008775
			Waiting time until machine travel: 0.0
			Machine travel start time: 796.6994305221252
			Region 0 -> Region 1: 5.0
			Machine arrival at machine station: 801.6994305221252
			
			Machine 2 (Station 1)-> Task 24: 32.76
			Vehicle arrival at task: 834.4594305221252
			Waiting time until service start time: 0.0
			
	id: 24
			node: 16
			(x, y, z): (65, 35, 1)
			dem: -12
			earl: 656
			lat: 896
			servt: 10
			pid: 11
			did: 0
			servST: 834.4595395526253
			(h, h_ind): (2, 1)
			load: 0.0
			
	Finished service at time: 844.4595395526253
	
	Using Machine: 0
			Task 24 -> Machine 0 (Station 1): 30.81
			Vehicle arrival at machine station: 875.2695395526252
			Waiting time until machine travel: 0.0
			Machine travel start time: 875.2695395526252
			Region 1 -> Region 0: 5.0
			Machine arrival at machine station: 880.2695395526252
			
			Machine 0 (Station 0)-> Task 0: 7.0
			Vehicle arrival at task: 887.2695395526252
			Waiting time until service start time: 0.0
			
	id: 0
			node: 21
			(x, y, z): (35, 35, 0)
			dem: 0
			earl: 0
			lat: 1000
			servt: 0
			pid: 0
			did: 0
			servST: 887.2695395526252
			(h, h_ind): (0, 0)
			load: 0.0
			

---------------------| MACHINES |---------------------

Machine 0 :
	setup duration: 5.0
	
	vehicle: 5
	vehicleInd: 13
	(orig, dest): (16, 21)
	(origID, destID): (24, 0)
	(origRegion, destRegion): (1, 0)
	st: 875.2695395526252
	duration: 5.0
	

Machine 1 :
	setup duration: 0.0
	
	vehicle: 5
	vehicleInd: 2
	(orig, dest): (7, 8)
	(origID, destID): (12, 14)
	(origRegion, destRegion): (0, 1)
	st: 228.1705071815849
	duration: 5.0
	
	setup duration: 0.0
	
	vehicle: 0
	vehicleInd: 8
	(orig, dest): (14, 11)
	(origID, destID): (99, 50)
	(origRegion, destRegion): (1, 0)
	st: 522.4699999999997
	duration: 5.0
	
	setup duration: 0.0
	
	vehicle: 5
	vehicleInd: 9
	(orig, dest): (17, 19)
	(origID, destID): (66, 74)
	(origRegion, destRegion): (0, 1)
	st: 592.7389385008776
	duration: 5.0
	
	setup duration: 0.0
	
	vehicle: 5
	vehicleInd: 11
	(orig, dest): (5, 15)
	(origID, destID): (10, 17)
	(origRegion, destRegion): (1, 0)
	st: 717.0589385008776
	duration: 5.0
	

Machine 2 :
	setup duration: 0.0
	
	vehicle: 0
	vehicleInd: 3
	(orig, dest): (4, 12)
	(origID, destID): (7, 53)
	(origRegion, destRegion): (0, 1)
	st: 315.8800000000001
	duration: 5.0
	
	setup duration: 5.0
	
	vehicle: 5
	vehicleInd: 12
	(orig, dest): (15, 16)
	(origID, destID): (17, 24)
	(origRegion, destRegion): (0, 1)
	st: 796.6994305221252
	duration: 5.0
	

Machine 3 :
	setup duration: 5.0
	
	vehicle: 5
	vehicleInd: 5
	(orig, dest): (6, 9)
	(origID, destID): (11, 18)
	(origRegion, destRegion): (1, 0)
	st: 392.5363854683935
	duration: 5.0
	

-------------------| COMPL. TIMES |-------------------

Vehicle 0 : 326.24
Vehicle 1 : 0.0
Vehicle 2 : 0.0
Vehicle 3 : 0.0
Vehicle 4 : 0.0
Vehicle 5 : 698.85903
Vehicle 6 : 0.0
Vehicle 7 : 0.0
Vehicle 8 : 0.0
Vehicle 9 : 0.0
-------------------| STATISTICS |-------------------

    Vehicles used                           : 20.0
    Machines used                           : 100.0
    Max load (vehicles)                     : 100.0
    Min load (vehicles)                     : 91.1766
    Mean load (vehicles)                    : 95.5883
    Min completion time                     : 32.624
    Max completion time                     : 69.8859
    Mean completion time                    : 51.255
    Avrg travel time (with vehicle)         : 1.375
    Avrg travel time (only with vehicle)    : 1.0
    Avrg travel time (no vehicle)           : 0.375
    Avrg waiting time (machine travel)      : 0.0
    Avrg waiting time (service)             : 3.0052
    Machines travel times (with vehicle)    : [0.5, 2.5, 2.0, 0.5]
    Machines travel times (no vehicle)      : [0.0, 0.5, 1.0, 0.0]
    Max load per vehicle                    : [91.1766, 0.0, 0.0, 0.0, 0.0, 100.0, 0.0, 0.0, 0.0, 0.0]
----------------------------------------------------

TOTAL: 1025.0990299999999

Everything is awesome!
