Set parameter WLSAccessID
Set parameter WLSSecret
Set parameter LicenseID to value 2661775
Academic license 2661775 - for non-commercial use only - registered to me___@dcc.ufba.br
Parameter 'method_type' with value 'form' successfully set as form of type <class 'str'>
Parameter 'method_code' with value 'melo_hx' successfully set as melo_hx of type <class 'str'>
Parameter 'seed' with value '0' successfully set as 0 of type <class 'int'>
Parameter 'hx_max_time' with value '3600' successfully set as 3600 of type <class 'int'>
Parameter 'threads' with value '8' successfully set as 8 of type <class 'int'>
Parameter 'print_sol' with value '1' successfully set as 1 of type <class 'int'>
Parameter 'constraints_used_melo_mip_str' with value '1-29' successfully set as 1-29 of type <class 'str'>
Instance: lr103_t1_08R_08V_04I_03M
ParameterData(inst_path='/dados/rmelo/PDPTW-SE/benchmark_multi_island_v5/official_experiments/mip_hexaly/set_02_pt_01/../../../instances/orig_ams_fg/08R_08V_04I_04M/t1/lr103/', name='lr103', type='t1', group='08R_08V_04I_03M', full_name='lr103_t1_08R_08V_04I_03M', method_type='form', method_code='melo_hx', gen_config_file='/dados/rmelo/PDPTW-SE/benchmark_multi_island_v5/official_experiments/mip_hexaly/set_02_pt_01/configs/genconfig_melo_hx.conf', gen_config_filename='genconfig_melo_hx', greedy_service_order='tightest_tw', cutoff=0, cutoff_machs=3, solver='Gurobi', max_time=7200, gurobi_cuts=1, type_user_cut=0, mip_presolve=-1, print_sol=1, max_nodes=-1, elevator=0, make_instance_feasible=False, output='/dados/rmelo/PDPTW-SE/benchmark_multi_island_v5/official_experiments/mip_hexaly/set_02_pt_01/logs', epsilon=0.005, epsilon_cap=0.5, warm_start=False, seed=0, rng=<random.Random object at 0x55d1cdebbd90>, alpha=0.2, max_iter=1000000, output_flag_grb_mip=0, output_flag_grb_mslp=0, output_flag_grb_lmns=0, mslp_r='M', mslp_a='60', lmns_r='M', lmns_a='60', lmns_repair_time=30.0, lmns_mip_focus=0, lmns_gap_to_bigger_destruction=50, lmns_gap_to_smaller_destruction=95, lmns_weight_shaw_dist_prox=1.0, lmns_weight_shaw_earl_prox=1.0, lmns_weight_shaw_same_route=1.0, lmns_weight_shaw_demand_sim=1.0, lmns_req_r_apply_mip_start=True, lmns_acceptance_criteria='H', lmns_metropolis_temp=100.0, lmns_simulated_annealing_temp=100.0, lmns_simulated_annealing_cool=0.95, mip_max_time=3600, hx_max_time=3600, csv_file_name='', sol_file_name='', timeline_file_name='', grb_file_name='', validate_synchronization=True, constraints_used_melo_mip_str='1-29', constraints_used_melo_mip=None, run_callback_melo_mip=False, mip_heuristics=0.05, threads=8)
Constraints active in melo MIP
1 2 3 4 5 6 7 8 9 10 11 12 13 14 15 16 17 18 19 20 21 22 23 24 25 26 27 28 29 
[Reading Data] Using files at /dados/rmelo/PDPTW-SE/benchmark_multi_island_v5/official_experiments/mip_hexaly/set_02_pt_01/../../../instances/orig_ams_fg/08R_08V_04I_04M/t1/lr103/
vehicles: [Vehicle(id=0, cap=26), Vehicle(id=1, cap=32), Vehicle(id=2, cap=38), Vehicle(id=3, cap=26), Vehicle(id=4, cap=26), Vehicle(id=5, cap=32), Vehicle(id=6, cap=38), Vehicle(id=7, cap=26)]
vehicle_types: [Vehicle(id=7, cap=26), Vehicle(id=5, cap=32), Vehicle(id=6, cap=38)]
machines: [Machine(id=0, points=[Point(x=37, y=34, z=0), Point(x=27, y=33, z=1), Point(x=20, y=43, z=2), Point(x=42, y=68, z=3)], spd=1.0), Machine(id=1, points=[Point(x=38, y=35, z=0), Point(x=27, y=32, z=1), Point(x=20, y=44, z=2), Point(x=43, y=67, z=3)], spd=1.0), Machine(id=2, points=[Point(x=39, y=35, z=0), Point(x=24, y=33, z=1), Point(x=20, y=45, z=2), Point(x=44, y=67, z=3)], spd=1.0)]
refs: [0, 1, 3, 4, 5, 7, 8, 9, 10, 2, 12, 11, 14, 15, 13, 16, 6, 0]
V: [0, 1, 2, 3, 4, 5, 6, 7, 8, 9, 10, 11, 12, 13, 14, 15, 16]
V_p: [1, 2, 3, 4, 5, 6, 7, 8]
V_d: [9, 10, 11, 12, 13, 14, 15, 16]
V_p_d: [1, 2, 3, 4, 5, 6, 7, 8, 9, 10, 11, 12, 13, 14, 15, 16]
Vprime: [0, 1, 2, 3, 4, 5, 6, 7, 8, 9, 10, 11, 12, 13, 14, 15, 16, 17]
q: [0, 7, 5, 9, 16, 19, 19, 12, 17, -7, -5, -9, -16, -19, -19, -12, -17, 0]
H: [0, 1, 2]
Machine points:
# Machine 0
	Point(x=37, y=34, z=0)
	Point(x=27, y=33, z=1)
	Point(x=20, y=43, z=2)
	Point(x=42, y=68, z=3)

# Machine 1
	Point(x=38, y=35, z=0)
	Point(x=27, y=32, z=1)
	Point(x=20, y=44, z=2)
	Point(x=43, y=67, z=3)

# Machine 2
	Point(x=39, y=35, z=0)
	Point(x=24, y=33, z=1)
	Point(x=20, y=45, z=2)
	Point(x=44, y=67, z=3)

f: [[0 0 0]
 [1 1 1]
 [2 2 2]
 [2 2 2]
 [3 3 3]
 [0 0 0]
 [1 1 1]
 [2 2 2]
 [2 2 2]
 [0 0 0]
 [2 2 2]
 [2 2 2]
 [3 3 3]
 [0 0 0]
 [1 1 1]
 [1 1 1]
 [2 2 2]
 [0 0 0]]
(0, 0, 0) 0.0
(0, 1, 0) 10.05
(0, 2, 0) 19.24
(0, 3, 0) 34.37
(1, 0, 0) 10.05
(1, 1, 0) 0.0
(1, 2, 0) 12.21
(1, 3, 0) 38.08
(2, 0, 0) 19.24
(2, 1, 0) 12.21
(2, 2, 0) 0.0
(2, 3, 0) 33.3
(3, 0, 0) 34.37
(3, 1, 0) 38.08
(3, 2, 0) 33.3
(3, 3, 0) 0.0
(0, 0, 1) 0.0
(0, 1, 1) 11.4
(0, 2, 1) 20.12
(0, 3, 1) 32.39
(1, 0, 1) 11.4
(1, 1, 1) 0.0
(1, 2, 1) 13.89
(1, 3, 1) 38.48
(2, 0, 1) 20.12
(2, 1, 1) 13.89
(2, 2, 1) 0.0
(2, 3, 1) 32.53
(3, 0, 1) 32.39
(3, 1, 1) 38.48
(3, 2, 1) 32.53
(3, 3, 1) 0.0
(0, 0, 2) 0.0
(0, 1, 2) 15.13
(0, 2, 2) 21.47
(0, 3, 2) 32.39
(1, 0, 2) 15.13
(1, 1, 2) 0.0
(1, 2, 2) 12.65
(1, 3, 2) 39.45
(2, 0, 2) 21.47
(2, 1, 2) 12.65
(2, 2, 2) 0.0
(2, 3, 2) 32.56
(3, 0, 2) 32.39
(3, 1, 2) 39.45
(3, 2, 2) 32.56
(3, 3, 2) 0.0
Number of arcs: 114
M:  (0, np.int64(0)) (1, np.int64(58)) (2, np.int64(300)) (3, np.int64(290)) (4, np.int64(264)) (5, np.int64(254)) (6, np.int64(294)) (7, np.int64(310)) (8, np.int64(41))
JOBS in the order of refs (Vprime)
Node 0: Job(id=0, point=Point(x=35, y=35, z=0), dem=0, earl=0, lat=230, servt=0, pid=0, did=0)
Node 1: Job(id=2, point=Point(x=35, y=17, z=1), dem=7, earl=0, lat=202, servt=10, pid=0, did=4)
Node 2: Job(id=7, point=Point(x=20, y=50, z=2), dem=5, earl=0, lat=198, servt=10, pid=0, did=47)
Node 3: Job(id=8, point=Point(x=10, y=43, z=2), dem=9, earl=95, lat=105, servt=10, pid=0, did=46)
Node 4: Job(id=9, point=Point(x=55, y=60, z=3), dem=16, earl=97, lat=107, servt=10, pid=0, did=66)
Node 5: Job(id=12, point=Point(x=50, y=35, z=0), dem=19, earl=0, lat=205, servt=10, pid=0, did=80)
Node 6: Job(id=16, point=Point(x=10, y=20, z=1), dem=19, earl=0, lat=190, servt=10, pid=0, did=61)
Node 7: Job(id=18, point=Point(x=20, y=40, z=2), dem=12, earl=0, lat=204, servt=10, pid=0, did=89)
Node 8: Job(id=19, point=Point(x=15, y=60, z=2), dem=17, earl=0, lat=187, servt=10, pid=0, did=11)
Node 9: Job(id=4, point=Point(x=55, y=20, z=0), dem=-7, earl=149, lat=159, servt=10, pid=2, did=0)
Node 10: Job(id=47, point=Point(x=8, y=56, z=2), dem=-5, earl=0, lat=185, servt=10, pid=7, did=0)
Node 11: Job(id=46, point=Point(x=2, y=48, z=2), dem=-9, earl=0, lat=184, servt=10, pid=8, did=0)
Node 12: Job(id=66, point=Point(x=49, y=73, z=3), dem=-16, earl=127, lat=137, servt=10, pid=9, did=0)
Node 13: Job(id=80, point=Point(x=56, y=37, z=0), dem=-19, earl=182, lat=192, servt=10, pid=12, did=0)
Node 14: Job(id=61, point=Point(x=12, y=24, z=1), dem=-19, earl=0, lat=194, servt=10, pid=16, did=0)
Node 15: Job(id=89, point=Point(x=26, y=35, z=1), dem=-12, earl=0, lat=211, servt=10, pid=18, did=0)
Node 16: Job(id=11, point=Point(x=20, y=65, z=2), dem=-17, earl=67, lat=77, servt=10, pid=19, did=0)
Node 17: Job(id=0, point=Point(x=35, y=35, z=0), dem=0, earl=0, lat=230, servt=0, pid=0, did=0)

### Preprocessing Data ###
	-> arcs: 324 (100.0%)
	-> arc_removals: 210 (64.81%)
	-> arc_removals_is_loop: 18 (5.56%)
	-> arc_removals_is_delivery_to_pickup: 10 (3.09%)
	-> arc_removals_is_depot_begin_to_delivery: 8 (2.47%)
	-> arc_removals_is_pickup_to_depot_end: 8 (2.47%)
	-> arc_removals_is_dest_depot_begin: 16 (4.94%)
	-> arc_removals_is_orig_depot_end: 15 (4.63%)
	-> arc_removals_is_capacity_violated: 0 (0.0%)
	-> arc_removals_is_time_window_limited: 67 (20.68%)
	-> arc_removals_is_time_window_pairing_limited: 65 (20.06%)
	-> arc_removals_is_indirect_request_service_impossible: 3 (0.93%)
	-> gamma_vars: 13872 (100.0%)
	-> feas_gamma_vars: 11113 (80.11%)
	-> infeas_gamma_vars_is_next_mtrv_unreachable: 2555 (18.42%)
	-> infeas_gamma_vars_is_iprime_jprime_eq_i_j: 204 (1.47%)
	-> machine_removal_for_an_arc: 0 (0.0%)
##########################

### Model variables summary ###
	-> Total number of variables: 12609
		- x: 912
		- z: 144
		- t: 16
		- tstart: 8
		- tfinal: 8
		- phi: 204
		- alpha: 204
		- gamma: 11113
	-> Number of binary variables: 12373


[11:15:42] Adding routing constraints
[11:15:42] Adding scheduling constraints
[11:15:43] Adding objective function

Model:  expressions = 170102, decisions = 12617, constraints = 46917, objectives = 1
Param:  time limit = 3600 sec, no iteration limit, nb threads = 8
        seed = 0

[objective direction ]:     minimize

[  0 sec,       0 itr]: No feasible solution found (infeas = 56)
[  1 sec,       0 itr]: No feasible solution found (infeas = 56)
[  2 sec,    8176 itr]: No feasible solution found (infeas = 56)
[  3 sec,   21428 itr]: No feasible solution found (infeas = 9)
[  4 sec,   21428 itr]: No feasible solution found (infeas = 9)
[  5 sec,   27744 itr]: No feasible solution found (infeas = 9)
[  6 sec,   34461 itr]: No feasible solution found (infeas = 9)
[  7 sec,   41203 itr]: No feasible solution found (infeas = 9)
[  8 sec,   55018 itr]: No feasible solution found (infeas = 9)
[  9 sec,   55018 itr]: No feasible solution found (infeas = 9)
[ 10 sec,   62416 itr]: No feasible solution found (infeas = 9)
[ 11 sec,   69670 itr]: No feasible solution found (infeas = 9)
[ 12 sec,   76681 itr]: No feasible solution found (infeas = 9)
[ 13 sec,   83747 itr]: No feasible solution found (infeas = 9)
[ 14 sec,   90703 itr]: No feasible solution found (infeas = 9)
[ 15 sec,   97602 itr]: No feasible solution found (infeas = 9)
[ 16 sec,  104728 itr]: No feasible solution found (infeas = 9)
[ 17 sec,  118811 itr]: No feasible solution found (infeas = 9)
[ 18 sec,  118811 itr]: No feasible solution found (infeas = 9)
[ 19 sec,  125765 itr]: No feasible solution found (infeas = 9)
[ 20 sec,  133521 itr]: No feasible solution found (infeas = 9)
[ 21 sec,  140278 itr]: No feasible solution found (infeas = 9)
[ 22 sec,  152583 itr]: No feasible solution found (infeas = 9)
[ 23 sec,  157988 itr]: No feasible solution found (infeas = 9)
[ 24 sec,  157988 itr]: No feasible solution found (infeas = 9)
[ 25 sec,  168110 itr]: No feasible solution found (infeas = 9)
[ 26 sec,  168110 itr]: No feasible solution found (infeas = 9)
[ 27 sec,  172697 itr]: No feasible solution found (infeas = 9)
[ 28 sec,  177244 itr]: No feasible solution found (infeas = 9)
[ 29 sec,  181954 itr]: No feasible solution found (infeas = 9)
[ 30 sec,  191353 itr]: No feasible solution found (infeas = 9)
[ 31 sec,  191353 itr]: No feasible solution found (infeas = 9)
[ 32 sec,  196116 itr]: No feasible solution found (infeas = 9)
[ 33 sec,  200937 itr]: No feasible solution found (infeas = 9)
[ 34 sec,  205875 itr]: No feasible solution found (infeas = 9)
[ 35 sec,  210771 itr]: No feasible solution found (infeas = 9)
[ 36 sec,  215648 itr]: No feasible solution found (infeas = 9)
[ 37 sec,  220579 itr]: No feasible solution found (infeas = 9)
[ 38 sec,  226258 itr]: No feasible solution found (infeas = 9)
[ 39 sec,  237209 itr]: No feasible solution found (infeas = 9)
[ 40 sec,  241628 itr]: No feasible solution found (infeas = 9)
[ 41 sec,  241628 itr]: No feasible solution found (infeas = 9)
[ 42 sec,  246336 itr]: No feasible solution found (infeas = 9)
[ 43 sec,  251087 itr]: No feasible solution found (infeas = 9)
[ 44 sec,  256212 itr]: No feasible solution found (infeas = 9)
[ 45 sec,  267061 itr]: No feasible solution found (infeas = 9)
[ 46 sec,  272072 itr]: No feasible solution found (infeas = 9)
[ 47 sec,  272072 itr]: No feasible solution found (infeas = 9)
[ 48 sec,  282083 itr]: No feasible solution found (infeas = 9)
[ 49 sec,  287220 itr]: No feasible solution found (infeas = 9)
[ 50 sec,  292450 itr]: No feasible solution found (infeas = 9)
[ 51 sec,  292450 itr]: No feasible solution found (infeas = 9)
[ 52 sec,  297585 itr]: No feasible solution found (infeas = 9)
[ 53 sec,  307875 itr]: No feasible solution found (infeas = 9)
[ 54 sec,  312860 itr]: No feasible solution found (infeas = 9)
[ 55 sec,  318063 itr]: No feasible solution found (infeas = 9)
[ 56 sec,  323076 itr]: No feasible solution found (infeas = 9)
[ 57 sec,  328208 itr]: No feasible solution found (infeas = 9)
[ 58 sec,  333272 itr]: No feasible solution found (infeas = 9)
[ 59 sec,  333272 itr]: No feasible solution found (infeas = 9)
[ 60 sec,  343289 itr]: No feasible solution found (infeas = 9)
[ 61 sec,  343289 itr]: No feasible solution found (infeas = 9)
[ 62 sec,  353139 itr]: No feasible solution found (infeas = 9)
[ 63 sec,  358183 itr]: No feasible solution found (infeas = 9)
[ 64 sec,  363323 itr]: No feasible solution found (infeas = 9)
[ 65 sec,  368347 itr]: No feasible solution found (infeas = 9)
[ 66 sec,  373413 itr]: No feasible solution found (infeas = 9)
[ 67 sec,  378365 itr]: No feasible solution found (infeas = 8)
[ 68 sec,  378365 itr]: No feasible solution found (infeas = 8)
[ 69 sec,  387893 itr]: No feasible solution found (infeas = 8)
[ 70 sec,  387893 itr]: No feasible solution found (infeas = 8)
[ 71 sec,  392636 itr]: No feasible solution found (infeas = 8)
[ 72 sec,  397537 itr]: No feasible solution found (infeas = 8)
[ 73 sec,  402623 itr]: No feasible solution found (infeas = 8)
[ 74 sec,  407337 itr]: No feasible solution found (infeas = 8)
[ 75 sec,  416880 itr]: No feasible solution found (infeas = 8)
[ 76 sec,  421870 itr]: No feasible solution found (infeas = 8)
[ 77 sec,  426715 itr]: No feasible solution found (infeas = 8)
[ 78 sec,  431457 itr]: No feasible solution found (infeas = 8)
[ 79 sec,  431457 itr]: No feasible solution found (infeas = 8)
[ 80 sec,  441110 itr]: No feasible solution found (infeas = 8)
[ 81 sec,  441110 itr]: No feasible solution found (infeas = 8)
[ 82 sec,  450843 itr]: No feasible solution found (infeas = 8)
[ 83 sec,  455809 itr]: No feasible solution found (infeas = 8)
[ 84 sec,  460779 itr]: No feasible solution found (infeas = 8)
[ 85 sec,  460779 itr]: No feasible solution found (infeas = 8)
[ 86 sec,  470573 itr]: No feasible solution found (infeas = 8)
[ 87 sec,  475455 itr]: No feasible solution found (infeas = 8)
[ 88 sec,  480302 itr]: No feasible solution found (infeas = 8)
[ 89 sec,  485128 itr]: No feasible solution found (infeas = 8)
[ 90 sec,  490093 itr]: No feasible solution found (infeas = 8)
[ 91 sec,  490093 itr]: No feasible solution found (infeas = 8)
[ 92 sec,  499559 itr]: No feasible solution found (infeas = 8)
[ 93 sec,  504326 itr]: No feasible solution found (infeas = 8)
[ 94 sec,  509129 itr]: No feasible solution found (infeas = 8)
[ 95 sec,  514195 itr]: No feasible solution found (infeas = 8)
[ 96 sec,  518994 itr]: No feasible solution found (infeas = 8)
[ 97 sec,  523805 itr]: No feasible solution found (infeas = 8)
[ 98 sec,  523805 itr]: No feasible solution found (infeas = 8)
[ 99 sec,  533557 itr]: No feasible solution found (infeas = 8)
[100 sec,  538517 itr]: No feasible solution found (infeas = 8)
[101 sec,  543377 itr]: No feasible solution found (infeas = 8)
[102 sec,  548353 itr]: No feasible solution found (infeas = 8)
[103 sec,  553213 itr]: No feasible solution found (infeas = 8)
[104 sec,  553213 itr]: No feasible solution found (infeas = 8)
[105 sec,  563326 itr]: No feasible solution found (infeas = 8)
[106 sec,  568357 itr]: No feasible solution found (infeas = 8)
[107 sec,  573263 itr]: No feasible solution found (infeas = 8)
[108 sec,  578242 itr]: No feasible solution found (infeas = 8)
[109 sec,  583218 itr]: No feasible solution found (infeas = 8)
[110 sec,  588140 itr]: No feasible solution found (infeas = 8)
[111 sec,  593263 itr]: No feasible solution found (infeas = 8)
[112 sec,  598161 itr]: No feasible solution found (infeas = 8)
[113 sec,  602900 itr]: No feasible solution found (infeas = 8)
[114 sec,  607659 itr]: No feasible solution found (infeas = 8)
[115 sec,  612517 itr]: No feasible solution found (infeas = 8)
[116 sec,  617454 itr]: No feasible solution found (infeas = 8)
[117 sec,  622532 itr]: No feasible solution found (infeas = 8)
[118 sec,  627670 itr]: No feasible solution found (infeas = 8)
[119 sec,  632924 itr]: No feasible solution found (infeas = 8)
[120 sec,  638092 itr]: No feasible solution found (infeas = 8)
[121 sec,  643430 itr]: No feasible solution found (infeas = 8)
[122 sec,  643430 itr]: No feasible solution found (infeas = 8)
[123 sec,  648736 itr]: No feasible solution found (infeas = 8)
[124 sec,  659407 itr]: No feasible solution found (infeas = 8)
[125 sec,  664576 itr]: No feasible solution found (infeas = 8)
[126 sec,  669866 itr]: No feasible solution found (infeas = 8)
[127 sec,  674864 itr]: No feasible solution found (infeas = 8)
[128 sec,  680217 itr]: No feasible solution found (infeas = 8)
[129 sec,  685286 itr]: No feasible solution found (infeas = 8)
[130 sec,  690510 itr]: No feasible solution found (infeas = 8)
[131 sec,  690510 itr]: No feasible solution found (infeas = 8)
[132 sec,  695480 itr]: No feasible solution found (infeas = 8)
[133 sec,  705671 itr]: No feasible solution found (infeas = 8)
[134 sec,  710723 itr]: No feasible solution found (infeas = 8)
[135 sec,  715599 itr]: No feasible solution found (infeas = 8)
[136 sec,  720629 itr]: No feasible solution found (infeas = 8)
[137 sec,  725501 itr]: No feasible solution found (infeas = 8)
[138 sec,  730565 itr]: No feasible solution found (infeas = 8)
[139 sec,  735783 itr]: No feasible solution found (infeas = 8)
[140 sec,  735783 itr]: No feasible solution found (infeas = 8)
[141 sec,  746139 itr]: No feasible solution found (infeas = 8)
[142 sec,  751560 itr]: No feasible solution found (infeas = 8)
[143 sec,  756986 itr]: No feasible solution found (infeas = 8)
[144 sec,  762349 itr]: No feasible solution found (infeas = 8)
[145 sec,  767461 itr]: No feasible solution found (infeas = 8)
[146 sec,  772770 itr]: No feasible solution found (infeas = 8)
[147 sec,  777892 itr]: No feasible solution found (infeas = 8)
[148 sec,  777892 itr]: No feasible solution found (infeas = 8)
[149 sec,  782998 itr]: No feasible solution found (infeas = 8)
[150 sec,  793305 itr]: No feasible solution found (infeas = 8)
[151 sec,  798319 itr]: No feasible solution found (infeas = 8)
[152 sec,  803219 itr]: No feasible solution found (infeas = 8)
[153 sec,  803219 itr]: No feasible solution found (infeas = 8)
[154 sec,  808073 itr]: No feasible solution found (infeas = 8)
[155 sec,  813054 itr]: No feasible solution found (infeas = 8)
[156 sec,  822863 itr]: No feasible solution found (infeas = 8)
[157 sec,  827695 itr]: No feasible solution found (infeas = 8)
[158 sec,  827695 itr]: No feasible solution found (infeas = 8)
[159 sec,  837315 itr]: No feasible solution found (infeas = 7)
[160 sec,  837315 itr]: No feasible solution found (infeas = 7)
[161 sec,  842155 itr]: No feasible solution found (infeas = 7)
[162 sec,  846772 itr]: No feasible solution found (infeas = 7)
[163 sec,  851524 itr]: No feasible solution found (infeas = 7)
[164 sec,  861163 itr]: No feasible solution found (infeas = 7)
[165 sec,  866092 itr]: No feasible solution found (infeas = 7)
[166 sec,  866092 itr]: No feasible solution found (infeas = 7)
[167 sec,  875754 itr]: No feasible solution found (infeas = 7)
[168 sec,  875754 itr]: No feasible solution found (infeas = 7)
[169 sec,  885665 itr]: No feasible solution found (infeas = 7)
[170 sec,  885665 itr]:       655.28
[ optimality gap     ]:       85.63%
[171 sec,  893886 itr]:       655.28
[172 sec,  893886 itr]:       655.28
[173 sec,  898832 itr]:       655.28
[174 sec,  903591 itr]:       655.28
[175 sec,  908583 itr]:       655.28
[176 sec,  916401 itr]:      655.279
[177 sec,  916401 itr]:      655.279
[178 sec,  926281 itr]:      655.279
[179 sec,  926281 itr]:      655.279
[180 sec,  930711 itr]:      655.279
[ optimality gap     ]:       85.63%
[181 sec,  935409 itr]:      655.279
[182 sec,  940058 itr]:      655.279
[183 sec,  949271 itr]:      655.279
[184 sec,  949271 itr]:      655.279
[185 sec,  953589 itr]:      655.279
[186 sec,  957929 itr]:      655.279
[187 sec,  965989 itr]:      655.279
[188 sec,  965989 itr]:      655.279
[189 sec,  970264 itr]:      655.279
[190 sec,  974275 itr]:      655.279
[ optimality gap     ]:       85.63%
[191 sec,  977910 itr]:      655.279
[192 sec,  982623 itr]:      655.279
[193 sec,  986679 itr]:      655.279
[194 sec,  993675 itr]:      655.275
[195 sec,  993675 itr]:      655.275
[196 sec,  997955 itr]:      655.266
[197 sec, 1002344 itr]:      655.157
[198 sec, 1007968 itr]:       612.25
[199 sec, 1009211 itr]:       612.25
[200 sec, 1012090 itr]:       612.25
[ optimality gap     ]:       84.62%
[201 sec, 1015555 itr]:       612.25
[202 sec, 1019322 itr]:       612.25
[203 sec, 1023296 itr]:       612.25
[204 sec, 1026561 itr]:       612.25
[205 sec, 1029760 itr]:       612.25
[206 sec, 1033808 itr]:       612.25
[207 sec, 1036950 itr]:       612.25
[208 sec, 1041045 itr]:       612.25
[209 sec, 1044807 itr]:       612.25
[210 sec, 1047541 itr]:       612.25
[ optimality gap     ]:       84.62%
[211 sec, 1051995 itr]:       612.25
[212 sec, 1060480 itr]:       612.25
[213 sec, 1060480 itr]:       612.25
[214 sec, 1066102 itr]:       612.25
[215 sec, 1069494 itr]:       612.25
[216 sec, 1077841 itr]:      612.249
[217 sec, 1077841 itr]:      612.249
[218 sec, 1082451 itr]:      612.249
[219 sec, 1093801 itr]:      612.249
[220 sec, 1093801 itr]:      612.249
[ optimality gap     ]:       84.62%
[221 sec, 1100469 itr]:      612.249
[222 sec, 1107008 itr]:      612.249
[223 sec, 1113644 itr]:      612.249
[224 sec, 1119026 itr]:      612.249
[225 sec, 1124189 itr]:      612.249
[226 sec, 1128336 itr]:      612.249
[227 sec, 1132975 itr]:      612.249
[228 sec, 1136975 itr]:      612.249
[229 sec, 1142732 itr]:      612.249
[230 sec, 1148532 itr]:      612.249
[ optimality gap     ]:       84.62%
[231 sec, 1152898 itr]:      612.249
[232 sec, 1156945 itr]:      612.249
[233 sec, 1161720 itr]:      612.249
[234 sec, 1164697 itr]:      612.249
[235 sec, 1170778 itr]:      612.249
[236 sec, 1177190 itr]:      612.249
[237 sec, 1184072 itr]:      612.249
[238 sec, 1194235 itr]:      612.249
[239 sec, 1194235 itr]:      612.249
[240 sec, 1199165 itr]:      612.249
[ optimality gap     ]:       84.62%
[241 sec, 1204961 itr]:      612.249
[242 sec, 1210432 itr]:      612.249
[243 sec, 1215278 itr]:      612.249
[244 sec, 1219606 itr]:      612.249
[245 sec, 1225571 itr]:      612.249
[246 sec, 1230914 itr]:      612.249
[247 sec, 1236367 itr]:      612.249
[248 sec, 1242593 itr]:      612.249
[249 sec, 1253397 itr]:      612.249
[250 sec, 1253397 itr]:      612.249
[ optimality gap     ]:       84.62%
[251 sec, 1259452 itr]:      612.249
[252 sec, 1264921 itr]:      612.249
[253 sec, 1276255 itr]:      612.249
[254 sec, 1276255 itr]:      612.249
[255 sec, 1281767 itr]:      612.249
[256 sec, 1287260 itr]:      612.249
[257 sec, 1293485 itr]:      612.249
[258 sec, 1297787 itr]:      612.249
[259 sec, 1301234 itr]:      612.249
[260 sec, 1303904 itr]:      612.249
[ optimality gap     ]:       84.62%
[261 sec, 1307213 itr]:      612.249
[262 sec, 1312037 itr]:      612.249
[263 sec, 1316344 itr]:      612.249
[264 sec, 1321032 itr]:      612.249
[265 sec, 1326080 itr]:      612.249
[266 sec, 1330565 itr]:      612.249
[267 sec, 1335363 itr]:      612.249
[268 sec, 1340712 itr]:      612.249
[269 sec, 1346105 itr]:      612.249
[270 sec, 1350887 itr]:      612.249
[ optimality gap     ]:       84.62%
[271 sec, 1354862 itr]:      612.249
[272 sec, 1358850 itr]:      612.249
[273 sec, 1362706 itr]:      612.249
[274 sec, 1367594 itr]:      612.249
[275 sec, 1376920 itr]:      612.249
[276 sec, 1376920 itr]:      612.249
[277 sec, 1381181 itr]:      612.249
[278 sec, 1385785 itr]:      612.249
[279 sec, 1389779 itr]:      612.249
[280 sec, 1394168 itr]:      612.249
[ optimality gap     ]:       84.62%
[281 sec, 1398416 itr]:      612.249
[282 sec, 1400865 itr]:      612.249
[283 sec, 1406050 itr]:      612.249
[284 sec, 1411517 itr]:      612.249
[285 sec, 1416018 itr]:      612.249
[286 sec, 1416595 itr]:      612.249
[287 sec, 1421024 itr]:      612.249
[288 sec, 1426820 itr]:      612.249
[289 sec, 1430916 itr]:      612.249
[290 sec, 1435859 itr]:      612.249
[ optimality gap     ]:       84.62%
[291 sec, 1445324 itr]:      612.249
[292 sec, 1445324 itr]:      612.249
[293 sec, 1450915 itr]:      612.249
[294 sec, 1456164 itr]:      612.249
[295 sec, 1461148 itr]:      612.249
[296 sec, 1466682 itr]:      612.249
[297 sec, 1469477 itr]:      612.249
[298 sec, 1472831 itr]:      612.249
[299 sec, 1475564 itr]:      612.249
[300 sec, 1479153 itr]:      612.249
[ optimality gap     ]:       84.62%
[301 sec, 1484228 itr]:      612.249
[302 sec, 1489036 itr]:      612.249
[303 sec, 1498542 itr]:      612.249
[304 sec, 1498542 itr]:      612.249
[305 sec, 1503571 itr]:      612.249
[306 sec, 1508517 itr]:      612.249
[307 sec, 1514251 itr]:      612.249
[308 sec, 1518408 itr]:      612.249
[309 sec, 1523643 itr]:      612.249
[310 sec, 1527568 itr]:      612.249
[ optimality gap     ]:       84.62%
[311 sec, 1532784 itr]:      612.249
[312 sec, 1536609 itr]:      612.249
[313 sec, 1545499 itr]:      612.249
[314 sec, 1545499 itr]:      612.249
[315 sec, 1550178 itr]:      612.249
[316 sec, 1554108 itr]:      612.249
[317 sec, 1563444 itr]:      612.249
[318 sec, 1563444 itr]:      612.249
[319 sec, 1568516 itr]:      612.249
[320 sec, 1573107 itr]:      612.249
[ optimality gap     ]:       84.62%
[321 sec, 1577920 itr]:      612.249
[322 sec, 1583140 itr]:      612.249
[323 sec, 1588627 itr]:      612.249
[324 sec, 1593991 itr]:      612.249
[325 sec, 1599077 itr]:      612.249
[326 sec, 1603880 itr]:      612.249
[327 sec, 1609273 itr]:      612.249
[328 sec, 1611867 itr]:      612.249
[329 sec, 1617115 itr]:      612.249
[330 sec, 1620524 itr]:      612.249
[ optimality gap     ]:       84.62%
[331 sec, 1629473 itr]:      612.249
[332 sec, 1629473 itr]:      612.249
[333 sec, 1634094 itr]:      612.249
[334 sec, 1638005 itr]:      612.249
[335 sec, 1642509 itr]:      612.249
[336 sec, 1647235 itr]:      612.249
[337 sec, 1652221 itr]:      612.249
[338 sec, 1653435 itr]:      612.249
[339 sec, 1656853 itr]:      612.249
[340 sec, 1660729 itr]:      612.249
[ optimality gap     ]:       84.62%
[341 sec, 1664704 itr]:      612.249
[342 sec, 1667776 itr]:      612.249
[343 sec, 1671725 itr]:      612.249
[344 sec, 1679136 itr]:      612.249
[345 sec, 1679136 itr]:      612.249
[346 sec, 1686860 itr]:      612.249
[347 sec, 1686860 itr]:      612.249
[348 sec, 1691771 itr]:      612.249
[349 sec, 1695668 itr]:      612.249
[350 sec, 1699968 itr]:      612.249
[ optimality gap     ]:       84.62%
[351 sec, 1703991 itr]:      612.249
[352 sec, 1707355 itr]:      612.249
[353 sec, 1715525 itr]:      612.249
[354 sec, 1715525 itr]:      612.249
[355 sec, 1719872 itr]:      612.249
[356 sec, 1723827 itr]:      612.249
[357 sec, 1731072 itr]:      612.249
[358 sec, 1731072 itr]:      612.249
[359 sec, 1739472 itr]:      612.249
[360 sec, 1739472 itr]:      612.249
[ optimality gap     ]:       84.62%
[361 sec, 1743895 itr]:      612.249
[362 sec, 1748541 itr]:      612.249
[363 sec, 1750651 itr]:      612.249
[364 sec, 1758241 itr]:        600.7
[365 sec, 1758241 itr]:        600.7
[366 sec, 1762623 itr]:        600.7
[367 sec, 1766646 itr]:        600.7
[368 sec, 1770700 itr]:        600.7
[369 sec, 1775118 itr]:        600.7
[370 sec, 1779761 itr]:        600.7
[ optimality gap     ]:       84.32%
[371 sec, 1787418 itr]:        600.7
[372 sec, 1791834 itr]:        600.7
[373 sec, 1791834 itr]:        600.7
[374 sec, 1796798 itr]:        600.7
[375 sec, 1801258 itr]:        600.7
[376 sec, 1804907 itr]:        600.7
[377 sec, 1809333 itr]:        600.7
[378 sec, 1813837 itr]:      600.699
[379 sec, 1818577 itr]:      600.699
[380 sec, 1827839 itr]:      600.699
[ optimality gap     ]:       84.32%
[381 sec, 1832327 itr]:      600.699
[382 sec, 1832327 itr]:      600.699
[383 sec, 1836093 itr]:      600.699
[384 sec, 1839842 itr]:      600.699
[385 sec, 1843776 itr]:      600.699
[386 sec, 1853118 itr]:      600.699
[387 sec, 1857877 itr]:      600.699
[388 sec, 1857877 itr]:      600.699
[389 sec, 1863574 itr]:      600.699
[390 sec, 1867020 itr]:      600.699
[ optimality gap     ]:       84.32%
[391 sec, 1871043 itr]:      600.699
[392 sec, 1878579 itr]:      600.699
[393 sec, 1878579 itr]:      600.699
[394 sec, 1883597 itr]:      600.699
[395 sec, 1887864 itr]:      600.699
[396 sec, 1892552 itr]:      600.699
[397 sec, 1896939 itr]:      600.699
[398 sec, 1906327 itr]:      600.699
[399 sec, 1906327 itr]:      600.699
[400 sec, 1910393 itr]:      600.699
[ optimality gap     ]:       84.32%
[401 sec, 1919339 itr]:      600.699
[402 sec, 1919339 itr]:      600.699
[403 sec, 1927907 itr]:      600.699
[404 sec, 1932548 itr]:      600.699
[405 sec, 1932548 itr]:      600.699
[406 sec, 1936790 itr]:      600.699
[407 sec, 1941247 itr]:      600.699
[408 sec, 1950301 itr]:      600.699
[409 sec, 1950301 itr]:      600.699
[410 sec, 1954307 itr]:      600.699
[ optimality gap     ]:       84.32%
[411 sec, 1958898 itr]:      600.699
[412 sec, 1964023 itr]:      600.699
[413 sec, 1969048 itr]:      600.699
[414 sec, 1973034 itr]:      600.699
[415 sec, 1977092 itr]:      600.699
[416 sec, 1982408 itr]:      600.699
[417 sec, 1987634 itr]:      600.699
[418 sec, 1992820 itr]:      600.699
[419 sec, 1998180 itr]:      600.699
[420 sec, 2005054 itr]:      600.699
[ optimality gap     ]:       84.32%
[421 sec, 2005054 itr]:      600.699
[422 sec, 2009245 itr]:      600.699
[423 sec, 2013400 itr]:      600.699
[424 sec, 2017590 itr]:      600.699
[425 sec, 2021462 itr]:      600.699
[426 sec, 2025600 itr]:      600.699
[427 sec, 2029802 itr]:      600.699
[428 sec, 2034384 itr]:      600.699
[429 sec, 2038472 itr]:      600.699
[430 sec, 2042735 itr]:      600.699
[ optimality gap     ]:       84.32%
[431 sec, 2046450 itr]:      600.699
[432 sec, 2050695 itr]:      600.699
[433 sec, 2055154 itr]:      600.699
[434 sec, 2060475 itr]:      600.699
[435 sec, 2062521 itr]:      600.699
[436 sec, 2064982 itr]:      600.699
[437 sec, 2074814 itr]:      600.699
[438 sec, 2079538 itr]:      600.699
[439 sec, 2084531 itr]:      600.699
[440 sec, 2089334 itr]:      600.699
[ optimality gap     ]:       84.32%
[441 sec, 2089334 itr]:      600.699
[442 sec, 2094500 itr]:      600.699
[443 sec, 2097667 itr]:      600.699
[444 sec, 2102477 itr]:      600.699
[445 sec, 2105765 itr]:      600.699
[446 sec, 2110551 itr]:      600.699
[447 sec, 2118262 itr]:      600.699
[448 sec, 2118262 itr]:      600.699
[449 sec, 2121808 itr]:      600.699
[450 sec, 2128464 itr]:      600.699
[ optimality gap     ]:       84.32%
[451 sec, 2132725 itr]:      600.699
[452 sec, 2136948 itr]:      600.699
[453 sec, 2141090 itr]:      600.699
[454 sec, 2141090 itr]:      600.699
[455 sec, 2145229 itr]:      600.699
[456 sec, 2149106 itr]:      600.699
[457 sec, 2153229 itr]:      600.699
[458 sec, 2156591 itr]:      600.699
[459 sec, 2165260 itr]:      600.699
[460 sec, 2165260 itr]:      600.699
[ optimality gap     ]:       84.32%
[461 sec, 2169412 itr]:      600.699
[462 sec, 2171881 itr]:      600.699
[463 sec, 2175282 itr]:      600.699
[464 sec, 2184156 itr]:      600.699
[465 sec, 2184156 itr]:      600.699
[466 sec, 2192922 itr]:      600.699
[467 sec, 2192922 itr]:      600.699
[468 sec, 2195536 itr]:      600.699
[469 sec, 2200296 itr]:      600.699
[470 sec, 2205057 itr]:      600.699
[ optimality gap     ]:       84.32%
[471 sec, 2209921 itr]:      600.699
[472 sec, 2213246 itr]:      600.699
[473 sec, 2216686 itr]:      600.699
[474 sec, 2220047 itr]:      600.699
[475 sec, 2223587 itr]:      600.699
[476 sec, 2230152 itr]:      600.699
[477 sec, 2230152 itr]:      600.699
[478 sec, 2234554 itr]:      600.699
[479 sec, 2238364 itr]:      600.699
[480 sec, 2242878 itr]:      600.699
[ optimality gap     ]:       84.32%
[481 sec, 2246533 itr]:      600.699
[482 sec, 2249528 itr]:      600.699
[483 sec, 2252945 itr]:      600.699
[484 sec, 2256806 itr]:      600.699
[485 sec, 2264354 itr]:      600.699
[486 sec, 2264354 itr]:      600.699
[487 sec, 2268293 itr]:      600.699
[488 sec, 2275833 itr]:      600.699
[489 sec, 2275833 itr]:      600.699
[490 sec, 2280307 itr]:      600.699
[ optimality gap     ]:       84.32%
[491 sec, 2284055 itr]:      600.699
[492 sec, 2287604 itr]:      600.699
[493 sec, 2291574 itr]:      600.699
[494 sec, 2299782 itr]:      600.699
[495 sec, 2299782 itr]:      600.699
[496 sec, 2303502 itr]:      600.699
[497 sec, 2306726 itr]:      600.699
[498 sec, 2311189 itr]:      600.699
[499 sec, 2319602 itr]:      600.699
[500 sec, 2319602 itr]:      600.699
[ optimality gap     ]:       84.32%
[501 sec, 2323828 itr]:      600.699
[502 sec, 2327704 itr]:      600.699
[503 sec, 2331792 itr]:      600.699
[504 sec, 2335230 itr]:      600.699
[505 sec, 2343471 itr]:      600.699
[506 sec, 2347956 itr]:      600.699
[507 sec, 2347956 itr]:      600.699
[508 sec, 2352169 itr]:      600.699
[509 sec, 2356154 itr]:      600.699
[510 sec, 2364552 itr]:      600.699
[ optimality gap     ]:       84.32%
[511 sec, 2364552 itr]:      600.699
[512 sec, 2368703 itr]:      600.699
[513 sec, 2373212 itr]:      600.699
[514 sec, 2377942 itr]:      600.699
[515 sec, 2382161 itr]:      600.699
[516 sec, 2386012 itr]:      600.699
[517 sec, 2389844 itr]:      600.699
[518 sec, 2394000 itr]:      600.699
[519 sec, 2398141 itr]:      600.699
[520 sec, 2402792 itr]:      600.699
[ optimality gap     ]:       84.32%
[521 sec, 2407355 itr]:      600.699
[522 sec, 2411359 itr]:      600.699
[523 sec, 2420448 itr]:      600.699
[524 sec, 2420448 itr]:      600.699
[525 sec, 2425333 itr]:      600.699
[526 sec, 2429340 itr]:      600.699
[527 sec, 2433799 itr]:      600.699
[528 sec, 2438291 itr]:      600.699
[529 sec, 2447629 itr]:      600.699
[530 sec, 2447629 itr]:      600.699
[ optimality gap     ]:       84.32%
[531 sec, 2456328 itr]:      600.699
[532 sec, 2456328 itr]:      600.699
[533 sec, 2465761 itr]:      600.699
[534 sec, 2465761 itr]:      600.699
[535 sec, 2474321 itr]:      600.699
[536 sec, 2474321 itr]:      600.699
[537 sec, 2478815 itr]:      600.699
[538 sec, 2483433 itr]:      600.699
[539 sec, 2492200 itr]:      600.699
[540 sec, 2492200 itr]:      600.699
[ optimality gap     ]:       84.32%
[541 sec, 2496492 itr]:      600.699
[542 sec, 2500845 itr]:      600.699
[543 sec, 2505543 itr]:      600.699
[544 sec, 2510424 itr]:      600.699
[545 sec, 2515039 itr]:      600.699
[546 sec, 2519660 itr]:      600.699
[547 sec, 2524343 itr]:      600.699
[548 sec, 2528840 itr]:      600.699
[549 sec, 2537376 itr]:      600.699
[550 sec, 2542000 itr]:      600.699
[ optimality gap     ]:       84.32%
[551 sec, 2542000 itr]:      600.699
[552 sec, 2546474 itr]:      600.699
[553 sec, 2555558 itr]:      600.699
[554 sec, 2560160 itr]:      600.699
[555 sec, 2560160 itr]:      600.699
[556 sec, 2564314 itr]:      600.699
[557 sec, 2572357 itr]:      600.699
[558 sec, 2572357 itr]:      600.699
[559 sec, 2577264 itr]:      600.699
[560 sec, 2583647 itr]:      600.699
[ optimality gap     ]:       84.32%
[561 sec, 2587980 itr]:      600.699
[562 sec, 2587980 itr]:      600.699
[563 sec, 2592005 itr]:      600.699
[564 sec, 2596284 itr]:      600.699
[565 sec, 2600767 itr]:      600.699
[566 sec, 2605385 itr]:      600.699
[567 sec, 2609600 itr]:      600.699
[568 sec, 2613946 itr]:      600.699
[569 sec, 2618638 itr]:      600.699
[570 sec, 2623082 itr]:      600.699
[ optimality gap     ]:       84.32%
[571 sec, 2627891 itr]:      600.699
[572 sec, 2631459 itr]:      600.699
[573 sec, 2633788 itr]:      600.699
[574 sec, 2636339 itr]:      600.699
[575 sec, 2640733 itr]:      600.699
[576 sec, 2644998 itr]:      600.699
[577 sec, 2649228 itr]:      600.699
[578 sec, 2657328 itr]:      600.699
[579 sec, 2657328 itr]:      600.699
[580 sec, 2661801 itr]:      600.699
[ optimality gap     ]:       84.32%
[581 sec, 2666148 itr]:      600.699
[582 sec, 2670117 itr]:      600.699
[583 sec, 2673575 itr]:      600.699
[584 sec, 2675579 itr]:      600.699
[585 sec, 2679982 itr]:      600.699
[586 sec, 2684650 itr]:      600.699
[587 sec, 2689497 itr]:      600.699
[588 sec, 2693902 itr]:      600.699
[589 sec, 2698574 itr]:      600.699
[590 sec, 2702548 itr]:      600.699
[ optimality gap     ]:       84.32%
[591 sec, 2711904 itr]:      600.699
[592 sec, 2711904 itr]:      600.699
[593 sec, 2720103 itr]:      600.699
[594 sec, 2720103 itr]:      600.699
[595 sec, 2725202 itr]:      600.699
[596 sec, 2729422 itr]:      600.699
[597 sec, 2737860 itr]:      600.699
[598 sec, 2737860 itr]:      600.699
[599 sec, 2742694 itr]:      600.699
[600 sec, 2747175 itr]:      600.699
[ optimality gap     ]:       84.32%
[601 sec, 2751458 itr]:      600.699
[602 sec, 2755555 itr]:      600.699
[603 sec, 2759526 itr]:      600.699
[604 sec, 2767487 itr]:      600.699
[605 sec, 2767487 itr]:      600.699
[606 sec, 2771744 itr]:      600.699
[607 sec, 2775554 itr]:      600.699
[608 sec, 2779685 itr]:      600.699
[609 sec, 2783458 itr]:      600.699
[610 sec, 2787522 itr]:      600.699
[ optimality gap     ]:       84.32%
[611 sec, 2790618 itr]:      600.699
[612 sec, 2798567 itr]:      600.699
[613 sec, 2798567 itr]:      600.699
[614 sec, 2802418 itr]:      600.699
[615 sec, 2809797 itr]:      600.699
[616 sec, 2813929 itr]:      600.699
[617 sec, 2817920 itr]:      600.699
[618 sec, 2821125 itr]:      600.699
[619 sec, 2821125 itr]:      600.699
[620 sec, 2824715 itr]:      600.699
[ optimality gap     ]:       84.32%
[621 sec, 2825905 itr]:      600.699
[622 sec, 2828935 itr]:      600.699
[623 sec, 2836493 itr]:      600.699
[624 sec, 2836493 itr]:      600.699
[625 sec, 2840104 itr]:      600.699
[626 sec, 2847622 itr]:      600.699
[627 sec, 2847622 itr]:      600.699
[628 sec, 2855274 itr]:      600.699
[629 sec, 2855274 itr]:      600.699
[630 sec, 2859678 itr]:      600.699
[ optimality gap     ]:       84.32%
[631 sec, 2863430 itr]:      600.699
[632 sec, 2867461 itr]:      600.699
[633 sec, 2872406 itr]:      600.699
[634 sec, 2877198 itr]:      600.699
[635 sec, 2881437 itr]:      600.699
[636 sec, 2886346 itr]:      600.699
[637 sec, 2890382 itr]:      600.699
[638 sec, 2894466 itr]:      600.699
[639 sec, 2898729 itr]:      600.699
[640 sec, 2902071 itr]:      600.699
[ optimality gap     ]:       84.32%
[641 sec, 2905515 itr]:      600.699
[642 sec, 2909355 itr]:      600.699
[643 sec, 2913576 itr]:      600.699
[644 sec, 2917379 itr]:      600.699
[645 sec, 2920775 itr]:      600.699
[646 sec, 2924291 itr]:      600.699
[647 sec, 2928573 itr]:      600.699
[648 sec, 2932523 itr]:      600.699
[649 sec, 2935743 itr]:      600.699
[650 sec, 2939649 itr]:      600.699
[ optimality gap     ]:       84.32%
[651 sec, 2942446 itr]:      600.699
[652 sec, 2946713 itr]:      600.699
[653 sec, 2950249 itr]:      600.699
[654 sec, 2953690 itr]:      600.699
[655 sec, 2960771 itr]:      600.699
[656 sec, 2960771 itr]:      600.699
[657 sec, 2969126 itr]:      600.699
[658 sec, 2969126 itr]:      600.699
[659 sec, 2973089 itr]:      600.699
[660 sec, 2975965 itr]:      600.699
[ optimality gap     ]:       84.32%
[661 sec, 2983351 itr]:      600.699
[662 sec, 2983351 itr]:      600.699
[663 sec, 2987788 itr]:      600.699
[664 sec, 2996123 itr]:      600.699
[665 sec, 2996123 itr]:      600.699
[666 sec, 3001187 itr]:      600.699
[667 sec, 3005694 itr]:      600.699
[668 sec, 3014685 itr]:      600.699
[669 sec, 3014685 itr]:      600.699
[670 sec, 3023051 itr]:      600.699
[ optimality gap     ]:       84.32%
[671 sec, 3023051 itr]:      600.699
[672 sec, 3027797 itr]:      600.699
[673 sec, 3036020 itr]:      600.699
[674 sec, 3036020 itr]:      600.699
[675 sec, 3040450 itr]:      600.699
[676 sec, 3048221 itr]:      600.699
[677 sec, 3048221 itr]:      600.699
[678 sec, 3052417 itr]:      600.699
[679 sec, 3056723 itr]:      600.699
[680 sec, 3060380 itr]:      600.699
[ optimality gap     ]:       84.32%
[681 sec, 3064738 itr]:      600.699
[682 sec, 3071649 itr]:      600.699
[683 sec, 3074976 itr]:      600.699
[684 sec, 3079095 itr]:      600.699
[685 sec, 3079095 itr]:      600.699
[686 sec, 3083566 itr]:      600.699
[687 sec, 3087786 itr]:      600.699
[688 sec, 3092077 itr]:      600.699
[689 sec, 3100301 itr]:      600.699
[690 sec, 3100301 itr]:      600.699
[ optimality gap     ]:       84.32%
[691 sec, 3104735 itr]:      600.699
[692 sec, 3108241 itr]:      600.699
[693 sec, 3116255 itr]:      600.699
[694 sec, 3116255 itr]:      600.699
[695 sec, 3120532 itr]:      600.699
[696 sec, 3123843 itr]:      600.699
[697 sec, 3131646 itr]:      600.699
[698 sec, 3136044 itr]:      600.699
[699 sec, 3139831 itr]:      600.699
[700 sec, 3139831 itr]:      600.699
[ optimality gap     ]:       84.32%
[701 sec, 3148213 itr]:      600.699
[702 sec, 3148213 itr]:      600.699
[703 sec, 3152525 itr]:      600.699
[704 sec, 3156764 itr]:      600.699
[705 sec, 3161146 itr]:      600.699
[706 sec, 3165171 itr]:      600.699
[707 sec, 3169267 itr]:      600.699
[708 sec, 3173233 itr]:      600.699
[709 sec, 3175967 itr]:      600.699
[710 sec, 3177795 itr]:      600.699
[ optimality gap     ]:       84.32%
[711 sec, 3181015 itr]:      600.699
[712 sec, 3184519 itr]:      600.699
[713 sec, 3192392 itr]:      600.699
[714 sec, 3192392 itr]:      600.699
[715 sec, 3200818 itr]:      600.699
[716 sec, 3200818 itr]:      600.699
[717 sec, 3205126 itr]:      600.699
[718 sec, 3209221 itr]:      600.699
[719 sec, 3212966 itr]:      600.699
[720 sec, 3215256 itr]:      600.699
[ optimality gap     ]:       84.32%
[721 sec, 3219050 itr]:      600.699
[722 sec, 3223312 itr]:      600.699
[723 sec, 3227150 itr]:      600.699
[724 sec, 3230729 itr]:      600.699
[725 sec, 3238924 itr]:      600.699
[726 sec, 3238924 itr]:      600.699
[727 sec, 3242306 itr]:      600.699
[728 sec, 3246373 itr]:      600.699
[729 sec, 3255200 itr]:      600.699
[730 sec, 3255200 itr]:      600.699
[ optimality gap     ]:       84.32%
[731 sec, 3259179 itr]:      600.699
[732 sec, 3262975 itr]:      600.699
[733 sec, 3267506 itr]:      600.699
[734 sec, 3276406 itr]:      600.699
[735 sec, 3280738 itr]:      600.699
[736 sec, 3280738 itr]:      600.699
[737 sec, 3284294 itr]:      600.699
[738 sec, 3292716 itr]:      600.699
[739 sec, 3292716 itr]:      600.699
[740 sec, 3297332 itr]:      600.699
[ optimality gap     ]:       84.32%
[741 sec, 3302007 itr]:      600.699
[742 sec, 3311165 itr]:      600.699
[743 sec, 3315836 itr]:      600.699
[744 sec, 3315836 itr]:      600.699
[745 sec, 3325611 itr]:      600.699
[746 sec, 3325611 itr]:      600.699
[747 sec, 3330073 itr]:      600.699
[748 sec, 3334855 itr]:      600.699
[749 sec, 3339586 itr]:      600.699
[750 sec, 3343989 itr]:      600.699
[ optimality gap     ]:       84.32%
[751 sec, 3348579 itr]:      600.699
[752 sec, 3353231 itr]:      600.699
[753 sec, 3358096 itr]:      600.699
[754 sec, 3362429 itr]:      600.699
[755 sec, 3366383 itr]:      600.699
[756 sec, 3371027 itr]:      600.699
[757 sec, 3375955 itr]:      600.699
[758 sec, 3381232 itr]:      600.699
[759 sec, 3386319 itr]:      600.699
[760 sec, 3391174 itr]:      600.699
[ optimality gap     ]:       84.32%
[761 sec, 3396312 itr]:      600.699
[762 sec, 3401633 itr]:      600.699
[763 sec, 3404947 itr]:      600.699
[764 sec, 3409485 itr]:      600.699
[765 sec, 3414052 itr]:      600.699
[766 sec, 3418813 itr]:      600.699
[767 sec, 3428431 itr]:      600.699
[768 sec, 3428431 itr]:      600.699
[769 sec, 3433175 itr]:      600.699
[770 sec, 3437864 itr]:      600.699
[ optimality gap     ]:       84.32%
[771 sec, 3442665 itr]:      600.699
[772 sec, 3447506 itr]:      600.699
[773 sec, 3452560 itr]:      600.699
[774 sec, 3457476 itr]:      600.699
[775 sec, 3460697 itr]:      600.699
[776 sec, 3466199 itr]:      600.699
[777 sec, 3475633 itr]:      600.699
[778 sec, 3475633 itr]:      600.699
[779 sec, 3481004 itr]:      600.699
[780 sec, 3491374 itr]:      600.699
[ optimality gap     ]:       84.32%
[781 sec, 3491374 itr]:      600.699
[782 sec, 3496248 itr]:      600.699
[783 sec, 3500399 itr]:      600.699
[784 sec, 3504687 itr]:      600.699
[785 sec, 3509516 itr]:      600.699
[786 sec, 3513850 itr]:      600.699
[787 sec, 3519047 itr]:      600.699
[788 sec, 3523940 itr]:      600.699
[789 sec, 3533295 itr]:      600.699
[790 sec, 3533295 itr]:      600.699
[ optimality gap     ]:       84.32%
[791 sec, 3538122 itr]:      600.699
[792 sec, 3542683 itr]:      600.699
[793 sec, 3547607 itr]:      600.699
[794 sec, 3551582 itr]:      600.699
[795 sec, 3556155 itr]:      600.699
[796 sec, 3565427 itr]:      600.699
[797 sec, 3565427 itr]:      600.699
[798 sec, 3570525 itr]:      600.699
[799 sec, 3574612 itr]:      600.699
[800 sec, 3579030 itr]:      600.699
[ optimality gap     ]:       84.32%
[801 sec, 3583630 itr]:      600.699
[802 sec, 3587874 itr]:      600.699
[803 sec, 3591547 itr]:      600.699
[804 sec, 3596224 itr]:      600.699
[805 sec, 3600371 itr]:      600.699
[806 sec, 3604575 itr]:      600.699
[807 sec, 3613033 itr]:      600.699
[808 sec, 3613033 itr]:      600.699
[809 sec, 3617594 itr]:      600.699
[810 sec, 3624763 itr]:      600.699
[ optimality gap     ]:       84.32%
[811 sec, 3629063 itr]:      600.699
[812 sec, 3633170 itr]:      600.699
[813 sec, 3633170 itr]:      600.699
[814 sec, 3638703 itr]:      600.699
[815 sec, 3638703 itr]:      600.699
[816 sec, 3642108 itr]:      600.699
[817 sec, 3646177 itr]:      600.699
[818 sec, 3653649 itr]:      600.699
[819 sec, 3657194 itr]:      600.699
[820 sec, 3657194 itr]:      600.699
[ optimality gap     ]:       84.32%
[821 sec, 3664448 itr]:      600.699
[822 sec, 3664448 itr]:      600.699
[823 sec, 3668730 itr]:      600.699
[824 sec, 3676138 itr]:      600.699
[825 sec, 3676138 itr]:      600.699
[826 sec, 3680350 itr]:      600.699
[827 sec, 3684735 itr]:      600.699
[828 sec, 3689203 itr]:      600.699
[829 sec, 3693777 itr]:      600.699
[830 sec, 3697278 itr]:      600.699
[ optimality gap     ]:       84.32%
[831 sec, 3701487 itr]:      600.699
[832 sec, 3705745 itr]:      600.699
[833 sec, 3714169 itr]:      600.699
[834 sec, 3714169 itr]:      600.699
[835 sec, 3717706 itr]:      600.699
[836 sec, 3721360 itr]:      600.699
[837 sec, 3729523 itr]:      600.699
[838 sec, 3733788 itr]:      600.699
[839 sec, 3733788 itr]:      600.699
[840 sec, 3742059 itr]:      600.699
[ optimality gap     ]:       84.32%
[841 sec, 3746712 itr]:      600.699
[842 sec, 3746712 itr]:      600.699
[843 sec, 3755185 itr]:      600.699
[844 sec, 3755185 itr]:      600.699
[845 sec, 3759902 itr]:      600.699
[846 sec, 3764317 itr]:      600.699
[847 sec, 3768971 itr]:      600.699
[848 sec, 3773298 itr]:      600.699
[849 sec, 3777397 itr]:      600.699
[850 sec, 3780028 itr]:      600.699
[ optimality gap     ]:       84.32%
[851 sec, 3784595 itr]:      600.699
[852 sec, 3789077 itr]:      600.699
[853 sec, 3793108 itr]:      600.699
[854 sec, 3796978 itr]:      600.699
[855 sec, 3801588 itr]:      600.699
[856 sec, 3809011 itr]:      600.699
[857 sec, 3809011 itr]:      600.699
[858 sec, 3813329 itr]:      600.699
[859 sec, 3816997 itr]:      600.699
[860 sec, 3821530 itr]:      600.699
[ optimality gap     ]:       84.32%
[861 sec, 3823145 itr]:      600.699
[862 sec, 3831783 itr]:      600.699
[863 sec, 3831783 itr]:      600.699
[864 sec, 3839997 itr]:      600.699
[865 sec, 3839997 itr]:      600.699
[866 sec, 3844848 itr]:      600.699
[867 sec, 3849313 itr]:      600.699
[868 sec, 3853929 itr]:      600.699
[869 sec, 3858230 itr]:      600.699
[870 sec, 3866429 itr]:      600.699
[ optimality gap     ]:       84.32%
[871 sec, 3866429 itr]:      600.699
[872 sec, 3869215 itr]:      600.699
[873 sec, 3869215 itr]:      600.699
[874 sec, 3878002 itr]:      600.699
[875 sec, 3878002 itr]:      600.699
[876 sec, 3882487 itr]:      600.699
[877 sec, 3887138 itr]:      600.699
[878 sec, 3891697 itr]:      600.699
[879 sec, 3895747 itr]:      600.699
[880 sec, 3903959 itr]:      600.699
[ optimality gap     ]:       84.32%
[881 sec, 3907314 itr]:      600.699
[882 sec, 3907314 itr]:      600.699
[883 sec, 3915596 itr]:      600.699
[884 sec, 3920301 itr]:      600.699
[885 sec, 3920301 itr]:      600.699
[886 sec, 3925159 itr]:      600.699
[887 sec, 3929797 itr]:      600.699
[888 sec, 3939227 itr]:      600.699
[889 sec, 3939227 itr]:      600.699
[890 sec, 3944370 itr]:      600.699
[ optimality gap     ]:       84.32%
[891 sec, 3948526 itr]:      600.699
[892 sec, 3957440 itr]:      600.699
[893 sec, 3957440 itr]:      600.699
[894 sec, 3962153 itr]:      600.699
[895 sec, 3966169 itr]:      600.699
[896 sec, 3974797 itr]:      600.699
[897 sec, 3974797 itr]:      600.699
[898 sec, 3979427 itr]:      600.699
[899 sec, 3983511 itr]:      600.699
[900 sec, 3987450 itr]:      600.699
[ optimality gap     ]:       84.32%
[901 sec, 3995359 itr]:      600.699
[902 sec, 3995359 itr]:      600.699
[903 sec, 4002332 itr]:      600.699
[904 sec, 4002332 itr]:      600.699
[905 sec, 4010607 itr]:      600.699
[906 sec, 4010607 itr]:      600.699
[907 sec, 4014549 itr]:      600.699
[908 sec, 4018338 itr]:      600.699
[909 sec, 4022453 itr]:      600.699
[910 sec, 4026122 itr]:      600.699
[ optimality gap     ]:       84.32%
[911 sec, 4033842 itr]:      600.699
[912 sec, 4033842 itr]:      600.699
[913 sec, 4041921 itr]:      600.699
[914 sec, 4041921 itr]:      600.699
[915 sec, 4049810 itr]:      600.699
[916 sec, 4049810 itr]:      600.699
[917 sec, 4057490 itr]:      600.699
[918 sec, 4057490 itr]:      600.699
[919 sec, 4061083 itr]:      600.699
[920 sec, 4065653 itr]:      600.699
[ optimality gap     ]:       84.32%
[921 sec, 4069592 itr]:      600.699
[922 sec, 4073884 itr]:      600.699
[923 sec, 4077600 itr]:      600.699
[924 sec, 4082299 itr]:      600.699
[925 sec, 4086656 itr]:      600.699
[926 sec, 4090313 itr]:      600.699
[927 sec, 4094065 itr]:      600.699
[928 sec, 4097262 itr]:      600.699
[929 sec, 4102334 itr]:      600.699
[930 sec, 4107013 itr]:      600.699
[ optimality gap     ]:       84.32%
[931 sec, 4112000 itr]:      600.699
[932 sec, 4116387 itr]:      600.699
[933 sec, 4123635 itr]:      600.699
[934 sec, 4123635 itr]:      600.699
[935 sec, 4128960 itr]:      600.699
[936 sec, 4136401 itr]:      600.699
[937 sec, 4139643 itr]:      600.699
[938 sec, 4139643 itr]:      600.699
[939 sec, 4140307 itr]:      600.699
[940 sec, 4144016 itr]:      600.699
[ optimality gap     ]:       84.32%
[941 sec, 4148170 itr]:      600.699
[942 sec, 4152325 itr]:      600.699
[943 sec, 4156413 itr]:      600.699
[944 sec, 4161440 itr]:      600.699
[945 sec, 4165699 itr]:      600.699
[946 sec, 4169925 itr]:      600.699
[947 sec, 4175864 itr]:      600.699
[948 sec, 4180333 itr]:      600.699
[949 sec, 4184394 itr]:      600.699
[950 sec, 4189016 itr]:      600.699
[ optimality gap     ]:       84.32%
[951 sec, 4199016 itr]:      600.699
[952 sec, 4199016 itr]:      600.699
[953 sec, 4209196 itr]:      600.699
[954 sec, 4209196 itr]:      600.699
[955 sec, 4218589 itr]:      600.699
[956 sec, 4218589 itr]:      600.699
[957 sec, 4227744 itr]:      600.699
[958 sec, 4227744 itr]:      600.699
[959 sec, 4237739 itr]:      600.699
[960 sec, 4237739 itr]:      600.699
[ optimality gap     ]:       84.32%
[961 sec, 4241957 itr]:      600.699
[962 sec, 4246884 itr]:      600.699
[963 sec, 4248706 itr]:      600.699
[964 sec, 4257184 itr]:      600.699
[965 sec, 4257184 itr]:      600.699
[966 sec, 4266333 itr]:      600.699
[967 sec, 4266333 itr]:      600.699
[968 sec, 4271366 itr]:      600.699
[969 sec, 4275317 itr]:      600.699
[970 sec, 4280183 itr]:      600.699
[ optimality gap     ]:       84.32%
[971 sec, 4284155 itr]:      600.699
[972 sec, 4294648 itr]:      600.699
[973 sec, 4294648 itr]:      600.699
[974 sec, 4302418 itr]:      600.699
[975 sec, 4305941 itr]:      600.699
[976 sec, 4310788 itr]:      600.699
[977 sec, 4310788 itr]:      600.699
[978 sec, 4315101 itr]:      600.699
[979 sec, 4320357 itr]:      600.699
[980 sec, 4324506 itr]:      600.699
[ optimality gap     ]:       84.32%
[981 sec, 4327288 itr]:      600.699
[982 sec, 4331781 itr]:      600.699
[983 sec, 4342327 itr]:      600.699
[984 sec, 4342327 itr]:      600.699
[985 sec, 4347210 itr]:      600.699
[986 sec, 4354967 itr]:      600.699
[987 sec, 4354967 itr]:      600.699
[988 sec, 4360797 itr]:      600.699
[989 sec, 4369651 itr]:      600.699
[990 sec, 4369651 itr]:      600.699
[ optimality gap     ]:       80.38%
[991 sec, 4377982 itr]:      600.699
[992 sec, 4377982 itr]:      600.699
[993 sec, 4382593 itr]:      600.699
[994 sec, 4387055 itr]:      600.699
[995 sec, 4392651 itr]:      600.699
[996 sec, 4396904 itr]:      600.699
[997 sec, 4401314 itr]:      600.699
[998 sec, 4405814 itr]:      600.699
[999 sec, 4406153 itr]:      600.699
[1000 sec, 4411139 itr]:      600.699
[ optimality gap      ]:       80.01%
[1001 sec, 4420404 itr]:      600.699
[1002 sec, 4425524 itr]:      600.699
[1003 sec, 4425524 itr]:      600.699
[1004 sec, 4429379 itr]:      600.699
[1005 sec, 4436622 itr]:      600.699
[1006 sec, 4436622 itr]:      600.699
[1007 sec, 4446364 itr]:      600.699
[1008 sec, 4446364 itr]:      600.699
[1009 sec, 4450461 itr]:      600.699
[1010 sec, 4454842 itr]:      600.699
[ optimality gap      ]:       79.50%
[1011 sec, 4460245 itr]:      600.699
[1012 sec, 4464500 itr]:      600.699
[1013 sec, 4468364 itr]:      600.699
[1014 sec, 4471586 itr]:      600.699
[1015 sec, 4476650 itr]:      600.699
[1016 sec, 4480812 itr]:      600.699
[1017 sec, 4490878 itr]:      600.699
[1018 sec, 4490878 itr]:      600.699
[1019 sec, 4495198 itr]:      600.699
[1020 sec, 4503487 itr]:      600.699
[ optimality gap      ]:       79.50%
[1021 sec, 4506307 itr]:      600.699
[1022 sec, 4506307 itr]:      600.699
[1023 sec, 4516426 itr]:      600.699
[1024 sec, 4516426 itr]:      600.699
[1025 sec, 4519897 itr]:      600.699
[1026 sec, 4524067 itr]:      600.699
[1027 sec, 4524067 itr]:      600.699
[1028 sec, 4531725 itr]:      600.699
[1029 sec, 4536300 itr]:      600.699
[1030 sec, 4536300 itr]:      600.699
[ optimality gap      ]:       79.50%
[1031 sec, 4540887 itr]:      600.699
[1032 sec, 4544528 itr]:      600.699
[1033 sec, 4548783 itr]:      600.699
[1034 sec, 4553404 itr]:      600.699
[1035 sec, 4561185 itr]:      600.699
[1036 sec, 4565950 itr]:      600.699
[1037 sec, 4565950 itr]:      600.699
[1038 sec, 4570938 itr]:      600.699
[1039 sec, 4576404 itr]:      600.699
[1040 sec, 4579410 itr]:      600.699
[ optimality gap      ]:       79.50%
[1041 sec, 4589168 itr]:      600.699
[1042 sec, 4593801 itr]:      600.699
[1043 sec, 4593801 itr]:      600.699
[1044 sec, 4599118 itr]:      600.699
[1045 sec, 4608605 itr]:      600.699
[1046 sec, 4613812 itr]:      600.699
[1047 sec, 4613812 itr]:      600.699
[1048 sec, 4617521 itr]:      600.699
[1049 sec, 4627729 itr]:      600.699
[1050 sec, 4627729 itr]:      600.699
[ optimality gap      ]:       79.50%
[1051 sec, 4632318 itr]:      600.699
[1052 sec, 4636365 itr]:      600.699
[1053 sec, 4640869 itr]:      600.699
[1054 sec, 4644117 itr]:      600.699
[1055 sec, 4647862 itr]:      600.699
[1056 sec, 4652325 itr]:      600.699
[1057 sec, 4656995 itr]:      600.699
[1058 sec, 4661622 itr]:      600.699
[1059 sec, 4665916 itr]:      600.699
[1060 sec, 4669741 itr]:      600.699
[ optimality gap      ]:       79.50%
[1061 sec, 4673434 itr]:      600.699
[1062 sec, 4678199 itr]:      600.699
[1063 sec, 4682147 itr]:      600.699
[1064 sec, 4687292 itr]:      600.699
[1065 sec, 4692042 itr]:      600.699
[1066 sec, 4697389 itr]:      600.699
[1067 sec, 4702203 itr]:      600.699
[1068 sec, 4711115 itr]:      600.699
[1069 sec, 4711115 itr]:      600.699
[1070 sec, 4715276 itr]:      600.699
[ optimality gap      ]:       79.50%
[1071 sec, 4719951 itr]:      600.699
[1072 sec, 4723814 itr]:      600.699
[1073 sec, 4727572 itr]:      600.699
[1074 sec, 4735419 itr]:      600.699
[1075 sec, 4735419 itr]:      600.699
[1076 sec, 4739734 itr]:      600.699
[1077 sec, 4743970 itr]:      600.699
[1078 sec, 4747911 itr]:      600.699
[1079 sec, 4749580 itr]:      600.699
[1080 sec, 4754080 itr]:      600.699
[ optimality gap      ]:       79.50%
[1081 sec, 4763103 itr]:      600.699
[1082 sec, 4768071 itr]:      600.699
[1083 sec, 4768071 itr]:      600.699
[1084 sec, 4772413 itr]:      600.699
[1085 sec, 4775134 itr]:      600.699
[1086 sec, 4783410 itr]:      600.699
[1087 sec, 4787865 itr]:      600.699
[1088 sec, 4787865 itr]:      600.699
[1089 sec, 4797242 itr]:      600.699
[1090 sec, 4797242 itr]:      600.699
[ optimality gap      ]:       79.50%
[1091 sec, 4801836 itr]:      600.699
[1092 sec, 4806153 itr]:      600.699
[1093 sec, 4809489 itr]:      600.699
[1094 sec, 4818237 itr]:      600.699
[1095 sec, 4822277 itr]:      600.699
[1096 sec, 4822277 itr]:      600.699
[1097 sec, 4831376 itr]:      600.699
[1098 sec, 4831376 itr]:      600.699
[1099 sec, 4835502 itr]:      600.699
[1100 sec, 4839793 itr]:      600.699
[ optimality gap      ]:       79.50%
[1101 sec, 4843678 itr]:      600.699
[1102 sec, 4847634 itr]:      600.699
[1103 sec, 4849824 itr]:      600.699
[1104 sec, 4854413 itr]:      600.699
[1105 sec, 4859175 itr]:      600.699
[1106 sec, 4861016 itr]:      600.699
[1107 sec, 4861956 itr]:      600.699
[1108 sec, 4865342 itr]:      600.699
[1109 sec, 4869045 itr]:      600.699
[1110 sec, 4871885 itr]:      600.699
[ optimality gap      ]:       79.50%
[1111 sec, 4875126 itr]:      600.699
[1112 sec, 4881155 itr]:      600.699
[1113 sec, 4881155 itr]:      600.699
[1114 sec, 4887209 itr]:      600.699
[1115 sec, 4887209 itr]:      600.699
[1116 sec, 4890232 itr]:      600.699
[1117 sec, 4891750 itr]:      600.699
[1118 sec, 4894590 itr]:      600.699
[1119 sec, 4900717 itr]:      600.699
[1120 sec, 4900717 itr]:      600.699
[ optimality gap      ]:       79.50%
[1121 sec, 4906685 itr]:      600.699
[1122 sec, 4906685 itr]:      600.699
[1123 sec, 4909493 itr]:      600.699
[1124 sec, 4912276 itr]:      600.699
[1125 sec, 4914687 itr]:      600.699
[1126 sec, 4916343 itr]:      600.699
[1127 sec, 4918851 itr]:      600.699
[1128 sec, 4921790 itr]:      600.699
[1129 sec, 4926067 itr]:      600.699
[1130 sec, 4926067 itr]:      600.699
[ optimality gap      ]:       79.50%
[1131 sec, 4932339 itr]:      600.699
[1132 sec, 4935274 itr]:      600.699
[1133 sec, 4935274 itr]:      600.699
[1134 sec, 4938337 itr]:      600.699
[1135 sec, 4941016 itr]:      600.699
[1136 sec, 4944450 itr]:      600.699
[1137 sec, 4949733 itr]:      600.699
[1138 sec, 4949733 itr]:      600.699
[1139 sec, 4951828 itr]:      600.699
[1140 sec, 4954633 itr]:      600.699
[ optimality gap      ]:       79.50%
[1141 sec, 4957674 itr]:      600.699
[1142 sec, 4960947 itr]:      600.699
[1143 sec, 4964646 itr]:      600.699
[1144 sec, 4970936 itr]:      600.699
[1145 sec, 4970936 itr]:      600.699
[1146 sec, 4973009 itr]:      600.699
[1147 sec, 4978576 itr]:      600.699
[1148 sec, 4978576 itr]:      600.699
[1149 sec, 4983970 itr]:      600.699
[1150 sec, 4983970 itr]:      600.699
[ optimality gap      ]:       79.50%
[1151 sec, 4986774 itr]:      600.699
[1152 sec, 4990414 itr]:      600.699
[1153 sec, 4994256 itr]:      600.699
[1154 sec, 4998861 itr]:      600.699
[1155 sec, 5001282 itr]:      600.699
[1156 sec, 5003866 itr]:      600.699
[1157 sec, 5010140 itr]:      600.699
[1158 sec, 5010140 itr]:      600.699
[1159 sec, 5014750 itr]:      600.699
[1160 sec, 5019147 itr]:      600.699
[ optimality gap      ]:       79.50%
[1161 sec, 5022450 itr]:      600.699
[1162 sec, 5026917 itr]:      600.699
[1163 sec, 5031550 itr]:      600.699
[1164 sec, 5036140 itr]:      600.699
[1165 sec, 5040436 itr]:      600.699
[1166 sec, 5048983 itr]:      600.699
[1167 sec, 5053319 itr]:      600.699
[1168 sec, 5057411 itr]:      600.699
[1169 sec, 5057411 itr]:      600.699
[1170 sec, 5066240 itr]:      600.699
[ optimality gap      ]:       79.50%
[1171 sec, 5066240 itr]:      600.699
[1172 sec, 5069399 itr]:      600.699
[1173 sec, 5073925 itr]:      600.699
[1174 sec, 5077168 itr]:      600.699
[1175 sec, 5081965 itr]:      600.699
[1176 sec, 5089684 itr]:      600.699
[1177 sec, 5089684 itr]:        566.6
[1178 sec, 5094002 itr]:        566.6
[1179 sec, 5098635 itr]:        566.6
[1180 sec, 5102934 itr]:        566.6
[ optimality gap      ]:       78.26%
[1181 sec, 5106943 itr]:        566.6
[1182 sec, 5111494 itr]:        566.6
[1183 sec, 5115002 itr]:        566.6
[1184 sec, 5123885 itr]:        566.6
[1185 sec, 5127431 itr]:      566.599
[1186 sec, 5127431 itr]:      566.599
[1187 sec, 5135049 itr]:      566.599
[1188 sec, 5135049 itr]:      566.599
[1189 sec, 5139484 itr]:      566.599
[1190 sec, 5143615 itr]:      566.599
[ optimality gap      ]:       78.26%
[1191 sec, 5147645 itr]:      566.599
[1192 sec, 5151584 itr]:      566.599
[1193 sec, 5154602 itr]:      566.599
[1194 sec, 5159161 itr]:      566.599
[1195 sec, 5163705 itr]:      566.599
[1196 sec, 5173352 itr]:      566.599
[1197 sec, 5173352 itr]:      566.599
[1198 sec, 5177992 itr]:      566.599
[1199 sec, 5182846 itr]:      566.599
[1200 sec, 5187288 itr]:      566.599
[ optimality gap      ]:       78.26%
[1201 sec, 5192055 itr]:      566.599
[1202 sec, 5196759 itr]:      566.599
[1203 sec, 5201207 itr]:      566.599
[1204 sec, 5208271 itr]:      566.599
[1205 sec, 5208271 itr]:      566.599
[1206 sec, 5212857 itr]:      566.599
[1207 sec, 5216862 itr]:      566.599
[1208 sec, 5220992 itr]:      566.599
[1209 sec, 5224856 itr]:      566.599
[1210 sec, 5229566 itr]:      566.599
[ optimality gap      ]:       78.26%
[1211 sec, 5234304 itr]:      566.599
[1212 sec, 5237764 itr]:      566.599
[1213 sec, 5242575 itr]:      566.599
[1214 sec, 5249714 itr]:      566.599
[1215 sec, 5254093 itr]:      566.599
[1216 sec, 5254093 itr]:      566.599
[1217 sec, 5258898 itr]:      566.599
[1218 sec, 5263107 itr]:      566.599
[1219 sec, 5267453 itr]:      566.599
[1220 sec, 5271819 itr]:      566.599
[ optimality gap      ]:       78.26%
[1221 sec, 5273680 itr]:      566.599
[1222 sec, 5278040 itr]:      566.599
[1223 sec, 5282556 itr]:      566.599
[1224 sec, 5286908 itr]:      566.599
[1225 sec, 5295749 itr]:      566.599
[1226 sec, 5300334 itr]:      566.599
[1227 sec, 5300334 itr]:      566.599
[1228 sec, 5304669 itr]:      566.599
[1229 sec, 5309000 itr]:      566.599
[1230 sec, 5317065 itr]:      566.599
[ optimality gap      ]:       78.26%
[1231 sec, 5317065 itr]:      566.599
[1232 sec, 5320837 itr]:      566.599
[1233 sec, 5325252 itr]:      566.599
[1234 sec, 5329018 itr]:      566.599
[1235 sec, 5338034 itr]:      566.599
[1236 sec, 5341742 itr]:      566.599
[1237 sec, 5341742 itr]:      566.599
[1238 sec, 5346411 itr]:      566.599
[1239 sec, 5351036 itr]:      566.599
[1240 sec, 5355809 itr]:      566.599
[ optimality gap      ]:       78.26%
[1241 sec, 5364565 itr]:      566.599
[1242 sec, 5364565 itr]:      566.599
[1243 sec, 5368372 itr]:      566.599
[1244 sec, 5373257 itr]:      566.599
[1245 sec, 5378043 itr]:      566.599
[1246 sec, 5382823 itr]:      566.599
[1247 sec, 5391257 itr]:      566.599
[1248 sec, 5391257 itr]:      566.599
[1249 sec, 5395757 itr]:      566.599
[1250 sec, 5400537 itr]:      566.599
[ optimality gap      ]:       78.26%
[1251 sec, 5404096 itr]:      566.599
[1252 sec, 5408503 itr]:      566.599
[1253 sec, 5410494 itr]:      566.599
[1254 sec, 5415259 itr]:      566.599
[1255 sec, 5419014 itr]:      566.599
[1256 sec, 5419014 itr]:      566.599
[1257 sec, 5423070 itr]:      566.599
[1258 sec, 5431982 itr]:      566.599
[1259 sec, 5431982 itr]:      566.599
[1260 sec, 5436441 itr]:      566.599
[ optimality gap      ]:       78.26%
[1261 sec, 5441016 itr]:      566.599
[1262 sec, 5450129 itr]:      566.599
[1263 sec, 5450129 itr]:      566.599
[1264 sec, 5454679 itr]:      566.599
[1265 sec, 5459169 itr]:      566.599
[1266 sec, 5467567 itr]:      566.599
[1267 sec, 5467567 itr]:      566.599
[1268 sec, 5472004 itr]:      566.599
[1269 sec, 5475873 itr]:      566.599
[1270 sec, 5484767 itr]:      566.599
[ optimality gap      ]:       78.26%
[1271 sec, 5484767 itr]:      566.599
[1272 sec, 5488916 itr]:      566.599
[1273 sec, 5493515 itr]:      566.599
[1274 sec, 5498135 itr]:      566.599
[1275 sec, 5502707 itr]:      566.599
[1276 sec, 5507061 itr]:      566.599
[1277 sec, 5511297 itr]:      566.599
[1278 sec, 5514955 itr]:      566.599
[1279 sec, 5519523 itr]:      566.599
[1280 sec, 5526435 itr]:      566.599
[ optimality gap      ]:       78.26%
[1281 sec, 5530794 itr]:      566.599
[1282 sec, 5530794 itr]:      566.599
[1283 sec, 5539193 itr]:      566.598
[1284 sec, 5539193 itr]:      566.598
[1285 sec, 5547374 itr]:      566.598
[1286 sec, 5552005 itr]:      566.598
[1287 sec, 5556339 itr]:      566.598
[1288 sec, 5560817 itr]:      566.598
[1289 sec, 5560817 itr]:      566.598
[1290 sec, 5565204 itr]:      566.598
[ optimality gap      ]:       78.26%
[1291 sec, 5567892 itr]:      566.598
[1292 sec, 5572134 itr]:      566.598
[1293 sec, 5575688 itr]:      566.598
[1294 sec, 5580313 itr]:      566.598
[1295 sec, 5588882 itr]:      566.598
[1296 sec, 5593716 itr]:      566.598
[1297 sec, 5593716 itr]:      566.598
[1298 sec, 5601810 itr]:      566.598
[1299 sec, 5605751 itr]:      566.598
[1300 sec, 5610192 itr]:      566.598
[ optimality gap      ]:       78.26%
[1301 sec, 5610192 itr]:      566.598
[1302 sec, 5614935 itr]:      566.598
[1303 sec, 5619230 itr]:      566.598
[1304 sec, 5623770 itr]:      566.598
[1305 sec, 5628233 itr]:      566.598
[1306 sec, 5632702 itr]:      566.598
[1307 sec, 5636921 itr]:      566.598
[1308 sec, 5639783 itr]:      566.598
[1309 sec, 5648496 itr]:      566.598
[1310 sec, 5648496 itr]:      566.598
[ optimality gap      ]:       78.26%
[1311 sec, 5655510 itr]:      566.598
[1312 sec, 5660254 itr]:      566.598
[1313 sec, 5660254 itr]:      566.598
[1314 sec, 5664938 itr]:      566.598
[1315 sec, 5669974 itr]:      566.598
[1316 sec, 5674963 itr]:      566.598
[1317 sec, 5679113 itr]:      566.598
[1318 sec, 5683677 itr]:      566.598
[1319 sec, 5688762 itr]:      566.598
[1320 sec, 5697194 itr]:      566.598
[ optimality gap      ]:       78.26%
[1321 sec, 5697194 itr]:      566.598
[1322 sec, 5701598 itr]:      566.598
[1323 sec, 5705254 itr]:      566.598
[1324 sec, 5709958 itr]:      566.598
[1325 sec, 5714717 itr]:      566.598
[1326 sec, 5719220 itr]:      566.598
[1327 sec, 5723030 itr]:      566.598
[1328 sec, 5727353 itr]:      566.598
[1329 sec, 5732121 itr]:      566.598
[1330 sec, 5741062 itr]:      566.598
[ optimality gap      ]:       78.26%
[1331 sec, 5741062 itr]:      566.598
[1332 sec, 5745645 itr]:      566.598
[1333 sec, 5749631 itr]:      566.598
[1334 sec, 5752745 itr]:      566.598
[1335 sec, 5761867 itr]:      566.598
[1336 sec, 5761867 itr]:      566.598
[1337 sec, 5766506 itr]:      566.598
[1338 sec, 5775066 itr]:      566.598
[1339 sec, 5775066 itr]:      566.598
[1340 sec, 5780028 itr]:      566.598
[ optimality gap      ]:       78.26%
[1341 sec, 5784950 itr]:      566.598
[1342 sec, 5789360 itr]:      566.598
[1343 sec, 5793466 itr]:      566.598
[1344 sec, 5798090 itr]:      566.598
[1345 sec, 5805512 itr]:      566.598
[1346 sec, 5810429 itr]:      566.598
[1347 sec, 5810429 itr]:      566.598
[1348 sec, 5815306 itr]:      566.598
[1349 sec, 5819870 itr]:      566.598
[1350 sec, 5829150 itr]:      566.598
[ optimality gap      ]:       78.26%
[1351 sec, 5829150 itr]:      566.598
[1352 sec, 5833903 itr]:      566.598
[1353 sec, 5843787 itr]:      566.598
[1354 sec, 5843787 itr]:      566.598
[1355 sec, 5852971 itr]:      566.598
[1356 sec, 5852971 itr]:      566.598
[1357 sec, 5857626 itr]:      566.598
[1358 sec, 5861894 itr]:      566.598
[1359 sec, 5870930 itr]:      566.598
[1360 sec, 5875443 itr]:      566.598
[ optimality gap      ]:       78.26%
[1361 sec, 5875443 itr]:      566.598
[1362 sec, 5880040 itr]:      566.598
[1363 sec, 5884898 itr]:      566.598
[1364 sec, 5889465 itr]:      566.598
[1365 sec, 5893862 itr]:      566.598
[1366 sec, 5898031 itr]:      566.598
[1367 sec, 5902747 itr]:      566.598
[1368 sec, 5906174 itr]:      566.598
[1369 sec, 5910661 itr]:      566.598
[1370 sec, 5914428 itr]:      566.598
[ optimality gap      ]:       78.26%
[1371 sec, 5919125 itr]:      566.598
[1372 sec, 5923569 itr]:      566.598
[1373 sec, 5927989 itr]:      566.598
[1374 sec, 5932368 itr]:      566.598
[1375 sec, 5936167 itr]:      566.598
[1376 sec, 5940814 itr]:      566.598
[1377 sec, 5945468 itr]:      566.598
[1378 sec, 5949935 itr]:      566.598
[1379 sec, 5953057 itr]:      566.598
[1380 sec, 5956294 itr]:      566.598
[ optimality gap      ]:       78.26%
[1381 sec, 5960524 itr]:      566.598
[1382 sec, 5964969 itr]:      566.598
[1383 sec, 5969578 itr]:      566.598
[1384 sec, 5974480 itr]:      566.598
[1385 sec, 5980810 itr]:      566.598
[1386 sec, 5980810 itr]:      566.598
[1387 sec, 5984372 itr]:      566.598
[1388 sec, 5989065 itr]:      566.598
[1389 sec, 5996611 itr]:      566.598
[1390 sec, 5996611 itr]:       563.83
[ optimality gap      ]:       78.16%
[1391 sec, 6001359 itr]:       563.83
[1392 sec, 6005735 itr]:       563.83
[1393 sec, 6010322 itr]:       563.83
[1394 sec, 6016362 itr]:       563.83
[1395 sec, 6016362 itr]:       563.83
[1396 sec, 6020125 itr]:       563.83
[1397 sec, 6024017 itr]:       563.83
[1398 sec, 6028380 itr]:      563.829
[1399 sec, 6032345 itr]:      563.829
[1400 sec, 6036496 itr]:      563.829
[ optimality gap      ]:       78.16%
[1401 sec, 6040005 itr]:      563.829
[1402 sec, 6044439 itr]:      563.829
[1403 sec, 6052466 itr]:      563.829
[1404 sec, 6052466 itr]:      563.829
[1405 sec, 6056480 itr]:      563.829
[1406 sec, 6060551 itr]:      563.829
[1407 sec, 6067927 itr]:      563.829
[1408 sec, 6067927 itr]:      563.829
[1409 sec, 6072474 itr]:      563.829
[1410 sec, 6076629 itr]:      563.829
[ optimality gap      ]:       78.16%
[1411 sec, 6081190 itr]:      563.829
[1412 sec, 6085633 itr]:      563.829
[1413 sec, 6088010 itr]:      563.829
[1414 sec, 6090898 itr]:      563.829
[1415 sec, 6095769 itr]:      563.829
[1416 sec, 6104465 itr]:      563.829
[1417 sec, 6104465 itr]:      563.829
[1418 sec, 6109139 itr]:      563.829
[1419 sec, 6113260 itr]:      563.829
[1420 sec, 6117918 itr]:      563.829
[ optimality gap      ]:       78.16%
[1421 sec, 6122097 itr]:      563.829
[1422 sec, 6125621 itr]:      563.829
[1423 sec, 6129768 itr]:      563.829
[1424 sec, 6133910 itr]:      563.829
[1425 sec, 6138281 itr]:      563.829
[1426 sec, 6142891 itr]:      563.829
[1427 sec, 6147650 itr]:      563.829
[1428 sec, 6152031 itr]:      563.829
[1429 sec, 6156211 itr]:      563.829
[1430 sec, 6159809 itr]:      563.829
[ optimality gap      ]:       78.16%
[1431 sec, 6163881 itr]:      563.829
[1432 sec, 6168557 itr]:      563.829
[1433 sec, 6178269 itr]:      563.829
[1434 sec, 6182882 itr]:      563.829
[1435 sec, 6182882 itr]:      563.829
[1436 sec, 6187579 itr]:      563.829
[1437 sec, 6191505 itr]:      563.829
[1438 sec, 6196095 itr]:      563.829
[1439 sec, 6203814 itr]:      563.829
[1440 sec, 6203814 itr]:      563.829
[ optimality gap      ]:       78.16%
[1441 sec, 6208395 itr]:      563.829
[1442 sec, 6213261 itr]:      563.829
[1443 sec, 6217272 itr]:      563.829
[1444 sec, 6221839 itr]:      563.829
[1445 sec, 6226292 itr]:      563.829
[1446 sec, 6229585 itr]:      563.829
[1447 sec, 6233284 itr]:      563.829
[1448 sec, 6238050 itr]:      563.829
[1449 sec, 6242768 itr]:      563.829
[1450 sec, 6252189 itr]:      563.829
[ optimality gap      ]:       78.16%
[1451 sec, 6252189 itr]:      563.829
[1452 sec, 6256637 itr]:      563.829
[1453 sec, 6261246 itr]:      563.829
[1454 sec, 6268805 itr]:      563.829
[1455 sec, 6268805 itr]:      563.829
[1456 sec, 6273344 itr]:      563.829
[1457 sec, 6277700 itr]:      563.829
[1458 sec, 6281444 itr]:      563.829
[1459 sec, 6285435 itr]:      563.829
[1460 sec, 6293624 itr]:      563.829
[ optimality gap      ]:       78.16%
[1461 sec, 6293624 itr]:      563.829
[1462 sec, 6298481 itr]:      563.829
[1463 sec, 6303239 itr]:      563.829
[1464 sec, 6307284 itr]:      563.829
[1465 sec, 6311839 itr]:      563.829
[1466 sec, 6316129 itr]:      563.829
[1467 sec, 6320178 itr]:      563.829
[1468 sec, 6329429 itr]:      563.829
[1469 sec, 6329429 itr]:      563.829
[1470 sec, 6334027 itr]:      563.829
[ optimality gap      ]:       78.16%
[1471 sec, 6342924 itr]:      563.829
[1472 sec, 6347034 itr]:      563.829
[1473 sec, 6347034 itr]:      563.829
[1474 sec, 6355578 itr]:      563.829
[1475 sec, 6355578 itr]:      563.829
[1476 sec, 6359966 itr]:      563.829
[1477 sec, 6364413 itr]:      563.829
[1478 sec, 6368766 itr]:      563.829
[1479 sec, 6377276 itr]:      563.829
[1480 sec, 6377276 itr]:      563.829
[ optimality gap      ]:       78.16%
[1481 sec, 6386450 itr]:      563.829
[1482 sec, 6386450 itr]:      563.829
[1483 sec, 6395316 itr]:      563.829
[1484 sec, 6395316 itr]:      563.829
[1485 sec, 6400171 itr]:      563.829
[1486 sec, 6408480 itr]:      563.829
[1487 sec, 6408480 itr]:      563.829
[1488 sec, 6413385 itr]:      563.829
[1489 sec, 6418200 itr]:      563.829
[1490 sec, 6423233 itr]:      563.829
[ optimality gap      ]:       78.16%
[1491 sec, 6428012 itr]:      563.829
[1492 sec, 6432811 itr]:      563.829
[1493 sec, 6432811 itr]:      563.829
[1494 sec, 6437298 itr]:      563.829
[1495 sec, 6444597 itr]:      563.829
[1496 sec, 6449248 itr]:      563.829
[1497 sec, 6449248 itr]:      563.829
[1498 sec, 6456248 itr]:      563.829
[1499 sec, 6456248 itr]:      563.829
[1500 sec, 6460550 itr]:      563.829
[ optimality gap      ]:       78.16%
[1501 sec, 6468626 itr]:      563.829
[1502 sec, 6468626 itr]:      563.829
[1503 sec, 6472860 itr]:      563.829
[1504 sec, 6476561 itr]:      563.829
[1505 sec, 6478721 itr]:      563.829
[1506 sec, 6486553 itr]:      563.829
[1507 sec, 6490918 itr]:      563.829
[1508 sec, 6490918 itr]:      563.829
[1509 sec, 6495489 itr]:      563.829
[1510 sec, 6502694 itr]:      563.829
[ optimality gap      ]:       78.16%
[1511 sec, 6506973 itr]:      563.829
[1512 sec, 6511116 itr]:      563.829
[1513 sec, 6515670 itr]:      563.829
[1514 sec, 6515670 itr]:      563.829
[1515 sec, 6520420 itr]:      563.829
[1516 sec, 6524938 itr]:      563.829
[1517 sec, 6532333 itr]:      563.829
[1518 sec, 6532333 itr]:      563.829
[1519 sec, 6536747 itr]:      563.829
[1520 sec, 6541066 itr]:      563.829
[ optimality gap      ]:       78.16%
[1521 sec, 6544344 itr]:      563.829
[1522 sec, 6546547 itr]:      563.829
[1523 sec, 6551001 itr]:      563.829
[1524 sec, 6555384 itr]:      563.829
[1525 sec, 6558956 itr]:      563.829
[1526 sec, 6563368 itr]:      563.829
[1527 sec, 6567732 itr]:      563.829
[1528 sec, 6572100 itr]:      563.829
[1529 sec, 6575646 itr]:      563.829
[1530 sec, 6578755 itr]:      563.829
[ optimality gap      ]:       78.16%
[1531 sec, 6583137 itr]:      563.829
[1532 sec, 6587045 itr]:      563.829
[1533 sec, 6595666 itr]:      563.829
[1534 sec, 6600556 itr]:      563.829
[1535 sec, 6604474 itr]:      563.829
[1536 sec, 6604474 itr]:      563.829
[1537 sec, 6608263 itr]:      563.829
[1538 sec, 6613037 itr]:      563.829
[1539 sec, 6617318 itr]:      563.829
[1540 sec, 6621319 itr]:      563.829
[ optimality gap      ]:       78.16%
[1541 sec, 6625495 itr]:      563.829
[1542 sec, 6629972 itr]:      563.829
[1543 sec, 6634793 itr]:      563.829
[1544 sec, 6638315 itr]:      563.829
[1545 sec, 6642438 itr]:      563.829
[1546 sec, 6646449 itr]:      563.829
[1547 sec, 6650556 itr]:      563.829
[1548 sec, 6654814 itr]:      563.829
[1549 sec, 6657424 itr]:      563.829
[1550 sec, 6661268 itr]:      563.829
[ optimality gap      ]:       78.16%
[1551 sec, 6661268 itr]:      563.829
[1552 sec, 6665806 itr]:      563.829
[1553 sec, 6670254 itr]:      563.829
[1554 sec, 6674379 itr]:      563.829
[1555 sec, 6678776 itr]:      563.829
[1556 sec, 6682278 itr]:      563.829
[1557 sec, 6686354 itr]:      563.829
[1558 sec, 6694460 itr]:      563.829
[1559 sec, 6694460 itr]:      563.829
[1560 sec, 6698868 itr]:      563.829
[ optimality gap      ]:       78.16%
[1561 sec, 6703319 itr]:      563.829
[1562 sec, 6708268 itr]:      563.829
[1563 sec, 6712565 itr]:      563.829
[1564 sec, 6717056 itr]:      563.829
[1565 sec, 6725667 itr]:      563.829
[1566 sec, 6725667 itr]:      563.829
[1567 sec, 6730345 itr]:      563.829
[1568 sec, 6734592 itr]:      563.829
[1569 sec, 6738415 itr]:      563.829
[1570 sec, 6741529 itr]:      563.829
[ optimality gap      ]:       78.16%
[1571 sec, 6746155 itr]:      563.829
[1572 sec, 6754401 itr]:      563.829
[1573 sec, 6754401 itr]:      563.829
[1574 sec, 6759161 itr]:      563.829
[1575 sec, 6762821 itr]:      563.829
[1576 sec, 6771137 itr]:      563.829
[1577 sec, 6771137 itr]:      563.829
[1578 sec, 6775644 itr]:      563.829
[1579 sec, 6775644 itr]:      563.829
[1580 sec, 6780080 itr]:      563.829
[ optimality gap      ]:       78.16%
[1581 sec, 6784806 itr]:      563.829
[1582 sec, 6789312 itr]:      563.829
[1583 sec, 6793832 itr]:      563.829
[1584 sec, 6797726 itr]:      563.829
[1585 sec, 6800651 itr]:      563.829
[1586 sec, 6803683 itr]:      563.829
[1587 sec, 6812842 itr]:      563.829
[1588 sec, 6816563 itr]:      563.829
[1589 sec, 6816563 itr]:      563.829
[1590 sec, 6821715 itr]:      563.829
[ optimality gap      ]:       78.16%
[1591 sec, 6827050 itr]:      563.829
[1592 sec, 6830861 itr]:      563.829
[1593 sec, 6835866 itr]:      563.829
[1594 sec, 6839935 itr]:      563.829
[1595 sec, 6848531 itr]:      563.829
[1596 sec, 6853489 itr]:      563.829
[1597 sec, 6858553 itr]:      563.829
[1598 sec, 6863872 itr]:      563.829
[1599 sec, 6863872 itr]:      563.829
[1600 sec, 6868559 itr]:      563.829
[ optimality gap      ]:       78.16%
[1601 sec, 6871674 itr]:      563.829
[1602 sec, 6876058 itr]:      563.829
[1603 sec, 6881065 itr]:      563.829
[1604 sec, 6890165 itr]:      563.829
[1605 sec, 6890165 itr]:      563.829
[1606 sec, 6894270 itr]:      563.829
[1607 sec, 6899104 itr]:      563.829
[1608 sec, 6903218 itr]:      563.829
[1609 sec, 6907775 itr]:      563.829
[1610 sec, 6916974 itr]:      563.829
[ optimality gap      ]:       78.16%
[1611 sec, 6916974 itr]:      563.829
[1612 sec, 6921698 itr]:      563.829
[1613 sec, 6929845 itr]:      563.829
[1614 sec, 6929845 itr]:      563.829
[1615 sec, 6934770 itr]:      563.829
[1616 sec, 6939139 itr]:      563.829
[1617 sec, 6943857 itr]:      563.829
[1618 sec, 6948782 itr]:      563.829
[1619 sec, 6952591 itr]:      563.829
[1620 sec, 6957415 itr]:      563.829
[ optimality gap      ]:       78.16%
[1621 sec, 6967011 itr]:      563.829
[1622 sec, 6967011 itr]:      563.829
[1623 sec, 6971917 itr]:      563.829
[1624 sec, 6980336 itr]:      563.829
[1625 sec, 6980336 itr]:      563.829
[1626 sec, 6985013 itr]:      563.829
[1627 sec, 6988960 itr]:      563.829
[1628 sec, 6993634 itr]:      563.829
[1629 sec, 6998423 itr]:      563.829
[1630 sec, 7000377 itr]:      563.829
[ optimality gap      ]:       78.16%
[1631 sec, 7004414 itr]:      563.829
[1632 sec, 7008855 itr]:      563.829
[1633 sec, 7013375 itr]:      563.829
[1634 sec, 7017411 itr]:      563.829
[1635 sec, 7021933 itr]:      563.829
[1636 sec, 7030250 itr]:      563.829
[1637 sec, 7034998 itr]:      563.829
[1638 sec, 7034998 itr]:      563.829
[1639 sec, 7039540 itr]:      563.829
[1640 sec, 7043795 itr]:      563.829
[ optimality gap      ]:       78.16%
[1641 sec, 7052442 itr]:      563.829
[1642 sec, 7056860 itr]:      563.829
[1643 sec, 7056860 itr]:      563.829
[1644 sec, 7065730 itr]:      563.829
[1645 sec, 7065730 itr]:      563.829
[1646 sec, 7069243 itr]:      563.829
[1647 sec, 7073258 itr]:      563.829
[1648 sec, 7081783 itr]:      563.829
[1649 sec, 7081783 itr]:      563.829
[1650 sec, 7085901 itr]:      563.829
[ optimality gap      ]:       78.16%
[1651 sec, 7094296 itr]:      563.829
[1652 sec, 7094296 itr]:      563.829
[1653 sec, 7098331 itr]:      563.829
[1654 sec, 7102320 itr]:      563.829
[1655 sec, 7106203 itr]:      563.829
[1656 sec, 7110896 itr]:      563.829
[1657 sec, 7115432 itr]:      563.829
[1658 sec, 7120163 itr]:      563.829
[1659 sec, 7128902 itr]:      563.829
[1660 sec, 7128902 itr]:      563.829
[ optimality gap      ]:       78.16%
[1661 sec, 7136836 itr]:      563.829
[1662 sec, 7141759 itr]:      563.829
[1663 sec, 7141759 itr]:      563.829
[1664 sec, 7146538 itr]:      563.829
[1665 sec, 7150548 itr]:      563.829
[1666 sec, 7159472 itr]:      563.829
[1667 sec, 7159472 itr]:      563.829
[1668 sec, 7164088 itr]:      563.829
[1669 sec, 7172389 itr]:      563.829
[1670 sec, 7172389 itr]:      563.829
[ optimality gap      ]:       78.16%
[1671 sec, 7176300 itr]:      563.829
[1672 sec, 7180315 itr]:      563.829
[1673 sec, 7188826 itr]:      563.829
[1674 sec, 7193585 itr]:      563.829
[1675 sec, 7193585 itr]:      563.829
[1676 sec, 7197846 itr]:      563.829
[1677 sec, 7201521 itr]:      563.829
[1678 sec, 7208890 itr]:      563.829
[1679 sec, 7208890 itr]:      563.829
[1680 sec, 7213311 itr]:      563.829
[ optimality gap      ]:       78.16%
[1681 sec, 7215539 itr]:      563.829
[1682 sec, 7219854 itr]:      563.829
[1683 sec, 7224297 itr]:      563.829
[1684 sec, 7228288 itr]:      563.829
[1685 sec, 7232914 itr]:      563.829
[1686 sec, 7240903 itr]:      563.829
[1687 sec, 7240903 itr]:      563.829
[1688 sec, 7248339 itr]:      563.829
[1689 sec, 7248339 itr]:      563.829
[1690 sec, 7256934 itr]:      563.829
[ optimality gap      ]:       78.16%
[1691 sec, 7261176 itr]:      563.829
[1692 sec, 7261176 itr]:      563.829
[1693 sec, 7264530 itr]:      563.829
[1694 sec, 7273116 itr]:      563.829
[1695 sec, 7273116 itr]:      563.829
[1696 sec, 7277351 itr]:      563.829
[1697 sec, 7281490 itr]:      563.829
[1698 sec, 7290469 itr]:      563.829
[1699 sec, 7290469 itr]:      563.829
[1700 sec, 7295056 itr]:      563.829
[ optimality gap      ]:       78.16%
[1701 sec, 7299320 itr]:      563.829
[1702 sec, 7303987 itr]:      563.829
[1703 sec, 7308500 itr]:      563.829
[1704 sec, 7311587 itr]:      563.829
[1705 sec, 7315975 itr]:      563.829
[1706 sec, 7324150 itr]:      563.829
[1707 sec, 7328940 itr]:      563.829
[1708 sec, 7328940 itr]:      563.829
[1709 sec, 7338127 itr]:      563.829
[1710 sec, 7338127 itr]:      563.829
[ optimality gap      ]:       78.16%
[1711 sec, 7342958 itr]:      563.829
[1712 sec, 7346613 itr]:      563.829
[1713 sec, 7350847 itr]:      563.829
[1714 sec, 7358962 itr]:      563.829
[1715 sec, 7358962 itr]:      563.829
[1716 sec, 7363650 itr]:      563.829
[1717 sec, 7368335 itr]:      563.829
[1718 sec, 7372449 itr]:      563.829
[1719 sec, 7381551 itr]:      563.829
[1720 sec, 7381551 itr]:      563.829
[ optimality gap      ]:       78.16%
[1721 sec, 7386324 itr]:      563.829
[1722 sec, 7390098 itr]:      563.829
[1723 sec, 7398793 itr]:      563.829
[1724 sec, 7398793 itr]:      563.829
[1725 sec, 7403378 itr]:      563.829
[1726 sec, 7407975 itr]:      563.829
[1727 sec, 7412499 itr]:      563.829
[1728 sec, 7416713 itr]:      563.829
[1729 sec, 7425245 itr]:      563.829
[1730 sec, 7425245 itr]:      563.829
[ optimality gap      ]:       78.16%
[1731 sec, 7430224 itr]:      563.829
[1732 sec, 7439212 itr]:      563.829
[1733 sec, 7439212 itr]:      563.829
[1734 sec, 7444004 itr]:      563.829
[1735 sec, 7448534 itr]:      563.829
[1736 sec, 7453130 itr]:      563.829
[1737 sec, 7456378 itr]:      563.829
[1738 sec, 7463602 itr]:      563.829
[1739 sec, 7463602 itr]:      563.829
[1740 sec, 7467264 itr]:      563.829
[ optimality gap      ]:       78.16%
[1741 sec, 7471426 itr]:      563.829
[1742 sec, 7478631 itr]:      563.829
[1743 sec, 7478631 itr]:      563.829
[1744 sec, 7482732 itr]:      563.829
[1745 sec, 7487234 itr]:      563.829
[1746 sec, 7491573 itr]:      563.829
[1747 sec, 7495744 itr]:      563.829
[1748 sec, 7504637 itr]:      563.829
[1749 sec, 7504637 itr]:      563.829
[1750 sec, 7513309 itr]:      563.829
[ optimality gap      ]:       78.16%
[1751 sec, 7513309 itr]:      563.829
[1752 sec, 7517845 itr]:      563.829
[1753 sec, 7522495 itr]:      563.829
[1754 sec, 7526451 itr]:      563.829
[1755 sec, 7530955 itr]:      563.829
[1756 sec, 7535314 itr]:      563.829
[1757 sec, 7539264 itr]:      563.829
[1758 sec, 7542586 itr]:      563.829
[1759 sec, 7551813 itr]:      563.829
[1760 sec, 7551813 itr]:      563.829
[ optimality gap      ]:       78.16%
[1761 sec, 7561142 itr]:      563.829
[1762 sec, 7561142 itr]:      563.829
[1763 sec, 7565866 itr]:      563.829
[1764 sec, 7570478 itr]:      563.829
[1765 sec, 7575270 itr]:      563.829
[1766 sec, 7579859 itr]:      563.829
[1767 sec, 7584351 itr]:      563.829
[1768 sec, 7587902 itr]:      563.829
[1769 sec, 7590974 itr]:      563.829
[1770 sec, 7595213 itr]:      563.829
[ optimality gap      ]:       78.16%
[1771 sec, 7604375 itr]:      563.829
[1772 sec, 7604375 itr]:      563.829
[1773 sec, 7613287 itr]:      563.829
[1774 sec, 7613287 itr]:      563.829
[1775 sec, 7617975 itr]:      563.829
[1776 sec, 7621582 itr]:      563.829
[1777 sec, 7624809 itr]:      563.829
[1778 sec, 7629021 itr]:      563.829
[1779 sec, 7633413 itr]:      563.829
[1780 sec, 7637685 itr]:      563.829
[ optimality gap      ]:       78.16%
[1781 sec, 7642066 itr]:      563.829
[1782 sec, 7646300 itr]:      563.829
[1783 sec, 7654462 itr]:      563.829
[1784 sec, 7654462 itr]:      563.829
[1785 sec, 7663546 itr]:      563.829
[1786 sec, 7663546 itr]:      563.829
[1787 sec, 7672411 itr]:      563.829
[1788 sec, 7677152 itr]:      563.829
[1789 sec, 7677152 itr]:      563.829
[1790 sec, 7681745 itr]:      563.829
[ optimality gap      ]:       78.16%
[1791 sec, 7686362 itr]:      563.829
[1792 sec, 7695488 itr]:      563.829
[1793 sec, 7695488 itr]:      563.829
[1794 sec, 7699650 itr]:      563.829
[1795 sec, 7703489 itr]:      563.829
[1796 sec, 7710183 itr]:      563.829
[1797 sec, 7714952 itr]:      563.829
[1798 sec, 7719106 itr]:      563.829
[1799 sec, 7719106 itr]:      563.829
[1800 sec, 7725804 itr]:      563.829
[ optimality gap      ]:       78.16%
[1801 sec, 7729836 itr]:      563.829
[1802 sec, 7729836 itr]:      563.829
[1803 sec, 7734782 itr]:      563.829
[1804 sec, 7739138 itr]:      563.829
[1805 sec, 7743561 itr]:      563.829
[1806 sec, 7753063 itr]:      563.829
[1807 sec, 7753063 itr]:      563.829
[1808 sec, 7757183 itr]:      563.829
[1809 sec, 7761773 itr]:      563.829
[1810 sec, 7765882 itr]:      563.829
[ optimality gap      ]:       78.16%
[1811 sec, 7769685 itr]:      563.829
[1812 sec, 7777958 itr]:      563.829
[1813 sec, 7782147 itr]:      563.829
[1814 sec, 7786913 itr]:      563.829
[1815 sec, 7786913 itr]:      563.829
[1816 sec, 7790454 itr]:      563.829
[1817 sec, 7798595 itr]:      563.829
[1818 sec, 7798595 itr]:      563.829
[1819 sec, 7803409 itr]:      563.829
[1820 sec, 7807951 itr]:      563.829
[ optimality gap      ]:       78.16%
[1821 sec, 7812628 itr]:      563.829
[1822 sec, 7816877 itr]:      563.829
[1823 sec, 7820558 itr]:      563.829
[1824 sec, 7824724 itr]:      563.829
[1825 sec, 7828854 itr]:      563.829
[1826 sec, 7837204 itr]:      563.829
[1827 sec, 7837204 itr]:      563.829
[1828 sec, 7841556 itr]:      563.829
[1829 sec, 7844503 itr]:      563.829
[1830 sec, 7849095 itr]:      563.829
[ optimality gap      ]:       78.16%
[1831 sec, 7853619 itr]:      563.829
[1832 sec, 7857996 itr]:      563.829
[1833 sec, 7866959 itr]:      563.829
[1834 sec, 7866959 itr]:      563.829
[1835 sec, 7871310 itr]:      563.829
[1836 sec, 7875466 itr]:      563.829
[1837 sec, 7877684 itr]:      563.829
[1838 sec, 7881729 itr]:      563.829
[1839 sec, 7885981 itr]:      563.829
[1840 sec, 7889452 itr]:      563.829
[ optimality gap      ]:       78.16%
[1841 sec, 7893878 itr]:      563.829
[1842 sec, 7898558 itr]:      563.829
[1843 sec, 7903076 itr]:      563.829
[1844 sec, 7907009 itr]:      563.829
[1845 sec, 7910784 itr]:      563.829
[1846 sec, 7913481 itr]:      563.829
[1847 sec, 7920818 itr]:      563.829
[1848 sec, 7925505 itr]:      563.829
[1849 sec, 7925505 itr]:      563.829
[1850 sec, 7935057 itr]:      563.829
[ optimality gap      ]:       78.16%
[1851 sec, 7939546 itr]:      563.829
[1852 sec, 7943913 itr]:      563.829
[1853 sec, 7948597 itr]:      563.829
[1854 sec, 7948597 itr]:      563.829
[1855 sec, 7952887 itr]:      563.829
[1856 sec, 7957574 itr]:      563.829
[1857 sec, 7966768 itr]:      563.829
[1858 sec, 7966768 itr]:      563.829
[1859 sec, 7975520 itr]:      563.829
[1860 sec, 7979524 itr]:      563.829
[ optimality gap      ]:       78.16%
[1861 sec, 7979524 itr]:      563.829
[1862 sec, 7983194 itr]:      563.829
[1863 sec, 7987384 itr]:      563.829
[1864 sec, 7996243 itr]:      563.829
[1865 sec, 8001094 itr]:      563.829
[1866 sec, 8001094 itr]:      563.829
[1867 sec, 8005927 itr]:      563.829
[1868 sec, 8009681 itr]:      563.829
[1869 sec, 8011814 itr]:      563.829
[1870 sec, 8016682 itr]:      563.829
[ optimality gap      ]:       78.16%
[1871 sec, 8019564 itr]:      563.829
[1872 sec, 8024147 itr]:      563.829
[1873 sec, 8026442 itr]:      563.829
[1874 sec, 8029301 itr]:      563.829
[1875 sec, 8033781 itr]:      563.829
[1876 sec, 8037984 itr]:      563.829
[1877 sec, 8042045 itr]:      563.829
[1878 sec, 8046558 itr]:      563.829
[1879 sec, 8050898 itr]:      563.829
[1880 sec, 8055591 itr]:      563.829
[ optimality gap      ]:       78.16%
[1881 sec, 8059707 itr]:      563.829
[1882 sec, 8063236 itr]:      563.829
[1883 sec, 8067053 itr]:      563.829
[1884 sec, 8071538 itr]:      563.829
[1885 sec, 8076197 itr]:      563.829
[1886 sec, 8080346 itr]:      563.829
[1887 sec, 8084211 itr]:      563.829
[1888 sec, 8093735 itr]:      563.829
[1889 sec, 8093735 itr]:      563.829
[1890 sec, 8098518 itr]:      563.829
[ optimality gap      ]:       78.16%
[1891 sec, 8102741 itr]:      563.829
[1892 sec, 8107375 itr]:      563.829
[1893 sec, 8111798 itr]:      563.829
[1894 sec, 8115825 itr]:      563.829
[1895 sec, 8122933 itr]:      563.829
[1896 sec, 8122933 itr]:      563.829
[1897 sec, 8127123 itr]:      563.829
[1898 sec, 8131774 itr]:      563.829
[1899 sec, 8140215 itr]:      563.829
[1900 sec, 8144753 itr]:      563.829
[ optimality gap      ]:       78.16%
[1901 sec, 8149726 itr]:      563.829
[1902 sec, 8149726 itr]:      563.829
[1903 sec, 8154352 itr]:      563.829
[1904 sec, 8158778 itr]:      563.829
[1905 sec, 8163546 itr]:      563.829
[1906 sec, 8166691 itr]:      563.829
[1907 sec, 8175842 itr]:      563.829
[1908 sec, 8175842 itr]:      563.829
[1909 sec, 8180592 itr]:      563.829
[1910 sec, 8184769 itr]:      563.829
[ optimality gap      ]:       78.16%
[1911 sec, 8193392 itr]:      563.829
[1912 sec, 8193392 itr]:      563.829
[1913 sec, 8198059 itr]:      563.829
[1914 sec, 8202324 itr]:      563.829
[1915 sec, 8206958 itr]:      563.829
[1916 sec, 8216165 itr]:      563.829
[1917 sec, 8216165 itr]:      563.829
[1918 sec, 8220926 itr]:      563.829
[1919 sec, 8225796 itr]:      563.829
[1920 sec, 8229785 itr]:      563.829
[ optimality gap      ]:       78.16%
[1921 sec, 8233670 itr]:      563.829
[1922 sec, 8237579 itr]:      563.829
[1923 sec, 8242440 itr]:      563.829
[1924 sec, 8246901 itr]:      563.829
[1925 sec, 8250471 itr]:      563.829
[1926 sec, 8252678 itr]:      563.829
[1927 sec, 8256435 itr]:      563.829
[1928 sec, 8260668 itr]:      563.829
[1929 sec, 8270515 itr]:      563.829
[1930 sec, 8270515 itr]:      563.829
[ optimality gap      ]:       78.16%
[1931 sec, 8278643 itr]:      563.829
[1932 sec, 8283152 itr]:      563.829
[1933 sec, 8287516 itr]:      563.829
[1934 sec, 8287516 itr]:      563.829
[1935 sec, 8291890 itr]:      563.829
[1936 sec, 8296322 itr]:      563.829
[1937 sec, 8300206 itr]:      563.829
[1938 sec, 8305085 itr]:      563.829
[1939 sec, 8310138 itr]:      563.829
[1940 sec, 8317554 itr]:      563.829
[ optimality gap      ]:       78.16%
[1941 sec, 8317554 itr]:      563.829
[1942 sec, 8322417 itr]:      563.829
[1943 sec, 8325941 itr]:      563.829
[1944 sec, 8329667 itr]:      563.829
[1945 sec, 8333843 itr]:      563.829
[1946 sec, 8338344 itr]:      563.829
[1947 sec, 8342844 itr]:      563.829
[1948 sec, 8346952 itr]:      563.829
[1949 sec, 8351701 itr]:      563.829
[1950 sec, 8359411 itr]:      563.829
[ optimality gap      ]:       78.16%
[1951 sec, 8359411 itr]:      563.829
[1952 sec, 8363885 itr]:      563.829
[1953 sec, 8368444 itr]:      563.829
[1954 sec, 8371929 itr]:      563.829
[1955 sec, 8376190 itr]:      563.829
[1956 sec, 8380411 itr]:      563.829
[1957 sec, 8388170 itr]:      563.829
[1958 sec, 8392891 itr]:      563.829
[1959 sec, 8392891 itr]:      563.829
[1960 sec, 8401619 itr]:      563.829
[ optimality gap      ]:       78.16%
[1961 sec, 8401619 itr]:      563.829
[1962 sec, 8409324 itr]:      563.829
[1963 sec, 8409324 itr]:      563.829
[1964 sec, 8413841 itr]:      563.829
[1965 sec, 8418139 itr]:      563.829
[1966 sec, 8423160 itr]:      563.829
[1967 sec, 8431630 itr]:      563.829
[1968 sec, 8435630 itr]:      563.829
[1969 sec, 8435630 itr]:      563.829
[1970 sec, 8439600 itr]:      563.829
[ optimality gap      ]:       78.16%
[1971 sec, 8443411 itr]:      563.829
[1972 sec, 8448293 itr]:      563.829
[1973 sec, 8453415 itr]:      563.829
[1974 sec, 8458303 itr]:      563.829
[1975 sec, 8463101 itr]:      563.829
[1976 sec, 8467863 itr]:      563.829
[1977 sec, 8472141 itr]:      563.829
[1978 sec, 8481698 itr]:      563.829
[1979 sec, 8481698 itr]:      563.829
[1980 sec, 8486201 itr]:      563.829
[ optimality gap      ]:       78.16%
[1981 sec, 8490620 itr]:      563.829
[1982 sec, 8494932 itr]:      563.829
[1983 sec, 8499686 itr]:      563.829
[1984 sec, 8503918 itr]:      563.829
[1985 sec, 8508529 itr]:      563.829
[1986 sec, 8512842 itr]:      563.829
[1987 sec, 8522434 itr]:      563.829
[1988 sec, 8526587 itr]:      563.829
[1989 sec, 8526587 itr]:      563.829
[1990 sec, 8530755 itr]:      563.829
[ optimality gap      ]:       78.16%
[1991 sec, 8533859 itr]:      563.829
[1992 sec, 8538151 itr]:      563.829
[1993 sec, 8542806 itr]:      563.829
[1994 sec, 8546707 itr]:      563.829
[1995 sec, 8550485 itr]:      563.829
[1996 sec, 8554904 itr]:      563.829
[1997 sec, 8559047 itr]:      563.829
[1998 sec, 8562959 itr]:      563.829
[1999 sec, 8567058 itr]:      563.829
[2000 sec, 8571092 itr]:      563.829
[ optimality gap      ]:       78.16%
[2001 sec, 8575547 itr]:      563.829
[2002 sec, 8580441 itr]:      563.829
[2003 sec, 8585200 itr]:      563.829
[2004 sec, 8588786 itr]:      563.829
[2005 sec, 8593093 itr]:      563.829
[2006 sec, 8596216 itr]:      563.829
[2007 sec, 8601211 itr]:      563.829
[2008 sec, 8605541 itr]:      563.829
[2009 sec, 8614917 itr]:      563.829
[2010 sec, 8619511 itr]:      563.829
[ optimality gap      ]:       78.16%
[2011 sec, 8623356 itr]:      563.829
[2012 sec, 8623356 itr]:      563.829
[2013 sec, 8628262 itr]:      563.829
[2014 sec, 8632213 itr]:      563.829
[2015 sec, 8636755 itr]:      563.829
[2016 sec, 8642153 itr]:      563.829
[2017 sec, 8647186 itr]:      563.829
[2018 sec, 8656416 itr]:      563.829
[2019 sec, 8656416 itr]:      563.829
[2020 sec, 8661101 itr]:      563.829
[ optimality gap      ]:       78.16%
[2021 sec, 8665537 itr]:      563.829
[2022 sec, 8670414 itr]:      563.829
[2023 sec, 8674963 itr]:      563.829
[2024 sec, 8683931 itr]:      563.829
[2025 sec, 8689019 itr]:      563.829
[2026 sec, 8689019 itr]:      563.829
[2027 sec, 8694040 itr]:      563.829
[2028 sec, 8703400 itr]:      563.829
[2029 sec, 8703400 itr]:      563.829
[2030 sec, 8708458 itr]:      563.829
[ optimality gap      ]:       78.16%
[2031 sec, 8711914 itr]:      563.829
[2032 sec, 8716331 itr]:      563.829
[2033 sec, 8718632 itr]:      563.829
[2034 sec, 8723384 itr]:      563.829
[2035 sec, 8728216 itr]:      563.829
[2036 sec, 8738042 itr]:      563.829
[2037 sec, 8738042 itr]:      563.829
[2038 sec, 8744796 itr]:      563.829
[2039 sec, 8744796 itr]:      563.829
[2040 sec, 8749058 itr]:      563.829
[ optimality gap      ]:       78.16%
[2041 sec, 8754006 itr]:      563.829
[2042 sec, 8757789 itr]:      563.829
[2043 sec, 8761679 itr]:      563.829
[2044 sec, 8766463 itr]:      563.829
[2045 sec, 8771694 itr]:      563.829
[2046 sec, 8776302 itr]:      563.829
[2047 sec, 8781393 itr]:      563.829
[2048 sec, 8786603 itr]:      563.829
[2049 sec, 8791315 itr]:      563.829
[2050 sec, 8795898 itr]:      563.829
[ optimality gap      ]:       78.16%
[2051 sec, 8800443 itr]:      563.829
[2052 sec, 8804227 itr]:      563.829
[2053 sec, 8809384 itr]:      563.829
[2054 sec, 8814012 itr]:      563.829
[2055 sec, 8819378 itr]:      563.829
[2056 sec, 8824188 itr]:      563.829
[2057 sec, 8834217 itr]:      563.829
[2058 sec, 8838426 itr]:      563.829
[2059 sec, 8842075 itr]:      563.829
[2060 sec, 8842075 itr]:      563.829
[ optimality gap      ]:       78.16%
[2061 sec, 8846338 itr]:      563.829
[2062 sec, 8850939 itr]:      563.829
[2063 sec, 8855951 itr]:      563.829
[2064 sec, 8860695 itr]:      563.829
[2065 sec, 8865882 itr]:      563.829
[2066 sec, 8871179 itr]:      563.829
[2067 sec, 8875564 itr]:      563.829
[2068 sec, 8885201 itr]:      563.829
[2069 sec, 8885201 itr]:      563.829
[2070 sec, 8889721 itr]:      563.829
[ optimality gap      ]:       78.16%
[2071 sec, 8893583 itr]:      563.829
[2072 sec, 8898394 itr]:      563.829
[2073 sec, 8908348 itr]:      563.829
[2074 sec, 8908348 itr]:      563.829
[2075 sec, 8917554 itr]:      563.829
[2076 sec, 8917554 itr]:      563.829
[2077 sec, 8922165 itr]:      563.829
[2078 sec, 8931483 itr]:      563.829
[2079 sec, 8931483 itr]:      563.829
[2080 sec, 8936536 itr]:      563.829
[ optimality gap      ]:       78.16%
[2081 sec, 8940715 itr]:      563.829
[2082 sec, 8945474 itr]:      563.829
[2083 sec, 8950003 itr]:      563.829
[2084 sec, 8953931 itr]:      563.829
[2085 sec, 8957703 itr]:      563.829
[2086 sec, 8962640 itr]:      563.829
[2087 sec, 8967303 itr]:      563.829
[2088 sec, 8971870 itr]:      563.829
[2089 sec, 8976331 itr]:      563.829
[2090 sec, 8981215 itr]:      563.829
[ optimality gap      ]:       78.16%
[2091 sec, 8985543 itr]:      563.829
[2092 sec, 8989748 itr]:      563.829
[2093 sec, 8994378 itr]:      563.829
[2094 sec, 8998794 itr]:      563.829
[2095 sec, 9009081 itr]:      563.829
[2096 sec, 9009081 itr]:      563.829
[2097 sec, 9013879 itr]:      563.829
[2098 sec, 9018711 itr]:      563.829
[2099 sec, 9023733 itr]:      563.829
[2100 sec, 9028408 itr]:      563.829
[ optimality gap      ]:       78.16%
[2101 sec, 9033734 itr]:      563.829
[2102 sec, 9036320 itr]:      563.829
[2103 sec, 9040593 itr]:      563.829
[2104 sec, 9043299 itr]:      563.829
[2105 sec, 9044336 itr]:      563.829
[2106 sec, 9052692 itr]:      563.829
[2107 sec, 9052692 itr]:      563.829
[2108 sec, 9058016 itr]:      563.829
[2109 sec, 9063354 itr]:      563.829
[2110 sec, 9070823 itr]:      563.829
[ optimality gap      ]:       78.16%
[2111 sec, 9070823 itr]:      563.829
[2112 sec, 9075900 itr]:      563.829
[2113 sec, 9080596 itr]:      563.829
[2114 sec, 9083351 itr]:      563.829
[2115 sec, 9090806 itr]:      563.829
[2116 sec, 9090806 itr]:      563.829
[2117 sec, 9095835 itr]:      563.829
[2118 sec, 9099153 itr]:      563.829
[2119 sec, 9108379 itr]:      563.829
[2120 sec, 9108379 itr]:      563.829
[ optimality gap      ]:       78.16%
[2121 sec, 9112435 itr]:      563.829
[2122 sec, 9117495 itr]:      563.829
[2123 sec, 9122557 itr]:      563.829
[2124 sec, 9126930 itr]:      563.829
[2125 sec, 9136172 itr]:      563.829
[2126 sec, 9141401 itr]:      563.829
[2127 sec, 9141401 itr]:      563.829
[2128 sec, 9151522 itr]:      563.829
[2129 sec, 9151522 itr]:      563.829
[2130 sec, 9156170 itr]:      563.829
[ optimality gap      ]:       78.16%
[2131 sec, 9165281 itr]:      563.829
[2132 sec, 9165281 itr]:      563.829
[2133 sec, 9168932 itr]:      563.829
[2134 sec, 9173692 itr]:      563.829
[2135 sec, 9182956 itr]:      563.829
[2136 sec, 9182956 itr]:      563.829
[2137 sec, 9188246 itr]:      563.829
[2138 sec, 9193405 itr]:      563.829
[2139 sec, 9198272 itr]:      563.829
[2140 sec, 9207668 itr]:      563.829
[ optimality gap      ]:       78.16%
[2141 sec, 9207668 itr]:      563.829
[2142 sec, 9212524 itr]:      563.829
[2143 sec, 9222471 itr]:      563.829
[2144 sec, 9222471 itr]:      563.829
[2145 sec, 9227684 itr]:      563.829
[2146 sec, 9232850 itr]:      563.829
[2147 sec, 9237208 itr]:      563.829
[2148 sec, 9241164 itr]:      563.829
[2149 sec, 9246381 itr]:      563.829
[2150 sec, 9251018 itr]:      563.829
[ optimality gap      ]:       78.16%
[2151 sec, 9255812 itr]:      563.829
[2152 sec, 9260209 itr]:      563.829
[2153 sec, 9264231 itr]:      563.829
[2154 sec, 9265781 itr]:      563.829
[2155 sec, 9269802 itr]:      563.829
[2156 sec, 9275006 itr]:      563.829
[2157 sec, 9280029 itr]:      563.829
[2158 sec, 9284763 itr]:      563.829
[2159 sec, 9294916 itr]:      563.829
[2160 sec, 9294916 itr]:      563.829
[ optimality gap      ]:       78.16%
[2161 sec, 9300044 itr]:      563.829
[2162 sec, 9309052 itr]:      563.829
[2163 sec, 9309052 itr]:      563.829
[2164 sec, 9318363 itr]:      563.829
[2165 sec, 9318363 itr]:      563.829
[2166 sec, 9323610 itr]:      563.829
[2167 sec, 9333574 itr]:      563.829
[2168 sec, 9333574 itr]:      563.829
[2169 sec, 9344575 itr]:      563.829
[2170 sec, 9344575 itr]:      563.829
[ optimality gap      ]:       78.16%
[2171 sec, 9349645 itr]:      563.829
[2172 sec, 9359713 itr]:      563.829
[2173 sec, 9359713 itr]:      563.829
[2174 sec, 9365148 itr]:      563.829
[2175 sec, 9370647 itr]:      563.829
[2176 sec, 9380976 itr]:      563.829
[2177 sec, 9380976 itr]:      563.829
[2178 sec, 9390977 itr]:      563.829
[2179 sec, 9390977 itr]:      563.829
[2180 sec, 9395499 itr]:      563.829
[ optimality gap      ]:       78.16%
[2181 sec, 9400329 itr]:      563.829
[2182 sec, 9405881 itr]:      563.829
[2183 sec, 9410982 itr]:      563.829
[2184 sec, 9416097 itr]:      563.829
[2185 sec, 9426647 itr]:      563.829
[2186 sec, 9426647 itr]:      563.829
[2187 sec, 9431844 itr]:      563.829
[2188 sec, 9442495 itr]:      563.829
[2189 sec, 9442495 itr]:      563.829
[2190 sec, 9452619 itr]:      563.829
[ optimality gap      ]:       78.16%
[2191 sec, 9452619 itr]:      563.829
[2192 sec, 9462168 itr]:      563.829
[2193 sec, 9462168 itr]:      563.829
[2194 sec, 9467556 itr]:      563.829
[2195 sec, 9477641 itr]:      563.829
[2196 sec, 9477641 itr]:      563.829
[2197 sec, 9482835 itr]:      563.829
[2198 sec, 9487976 itr]:      563.829
[2199 sec, 9495879 itr]:      563.829
[2200 sec, 9495879 itr]:      563.829
[ optimality gap      ]:       78.16%
[2201 sec, 9505280 itr]:      563.829
[2202 sec, 9505280 itr]:      563.829
[2203 sec, 9514043 itr]:      563.829
[2204 sec, 9518315 itr]:      563.829
[2205 sec, 9518315 itr]:      563.829
[2206 sec, 9528521 itr]:      563.829
[2207 sec, 9528521 itr]:      563.829
[2208 sec, 9533503 itr]:      563.829
[2209 sec, 9537706 itr]:      563.829
[2210 sec, 9544870 itr]:      563.829
[ optimality gap      ]:       78.16%
[2211 sec, 9544870 itr]:      563.829
[2212 sec, 9549891 itr]:      563.829
[2213 sec, 9554656 itr]:      563.829
[2214 sec, 9559379 itr]:      563.829
[2215 sec, 9568051 itr]:      563.829
[2216 sec, 9568051 itr]:      563.829
[2217 sec, 9577825 itr]:      563.829
[2218 sec, 9577825 itr]:      563.829
[2219 sec, 9586937 itr]:      563.829
[2220 sec, 9592309 itr]:      563.829
[ optimality gap      ]:       78.16%
[2221 sec, 9592309 itr]:      563.829
[2222 sec, 9597660 itr]:      563.829
[2223 sec, 9602955 itr]:      563.829
[2224 sec, 9606985 itr]:      563.829
[2225 sec, 9611205 itr]:      563.829
[2226 sec, 9616049 itr]:      563.829
[2227 sec, 9621358 itr]:      563.829
[2228 sec, 9626704 itr]:      563.829
[2229 sec, 9631610 itr]:      563.829
[2230 sec, 9636671 itr]:      563.829
[ optimality gap      ]:       78.16%
[2231 sec, 9646452 itr]:      563.829
[2232 sec, 9646452 itr]:      563.829
[2233 sec, 9651729 itr]:      563.829
[2234 sec, 9660195 itr]:      563.829
[2235 sec, 9660195 itr]:      563.829
[2236 sec, 9664586 itr]:      563.829
[2237 sec, 9674091 itr]:      563.829
[2238 sec, 9679339 itr]:      563.829
[2239 sec, 9679339 itr]:      563.829
[2240 sec, 9684506 itr]:      563.829
[ optimality gap      ]:       78.16%
[2241 sec, 9689476 itr]:      563.829
[2242 sec, 9698822 itr]:      563.829
[2243 sec, 9698822 itr]:      563.829
[2244 sec, 9703858 itr]:      563.829
[2245 sec, 9709207 itr]:      563.829
[2246 sec, 9714714 itr]:      563.829
[2247 sec, 9717407 itr]:      563.829
[2248 sec, 9721561 itr]:      563.829
[2249 sec, 9726224 itr]:      563.829
[2250 sec, 9735468 itr]:      563.829
[ optimality gap      ]:       78.16%
[2251 sec, 9740808 itr]:      563.829
[2252 sec, 9740808 itr]:      563.829
[2253 sec, 9745632 itr]:      563.829
[2254 sec, 9750545 itr]:      563.829
[2255 sec, 9755600 itr]:      563.829
[2256 sec, 9760291 itr]:      563.829
[2257 sec, 9770567 itr]:      563.829
[2258 sec, 9775005 itr]:      563.829
[2259 sec, 9775005 itr]:      563.829
[2260 sec, 9780211 itr]:      563.829
[ optimality gap      ]:       78.16%
[2261 sec, 9784348 itr]:      563.829
[2262 sec, 9794798 itr]:      563.829
[2263 sec, 9794798 itr]:      563.829
[2264 sec, 9799999 itr]:      563.829
[2265 sec, 9809965 itr]:      563.829
[2266 sec, 9809965 itr]:      563.829
[2267 sec, 9815553 itr]:      563.829
[2268 sec, 9820413 itr]:      563.829
[2269 sec, 9831110 itr]:      563.829
[2270 sec, 9831110 itr]:      563.829
[ optimality gap      ]:       78.16%
[2271 sec, 9836319 itr]:      563.829
[2272 sec, 9845459 itr]:      563.829
[2273 sec, 9845459 itr]:      563.829
[2274 sec, 9850776 itr]:      563.829
[2275 sec, 9855670 itr]:      563.829
[2276 sec, 9860193 itr]:      563.829
[2277 sec, 9865367 itr]:      563.829
[2278 sec, 9875383 itr]:      563.829
[2279 sec, 9875383 itr]:      563.829
[2280 sec, 9879394 itr]:      563.829
[ optimality gap      ]:       78.16%
[2281 sec, 9884261 itr]:      563.829
[2282 sec, 9887405 itr]:      563.829
[2283 sec, 9896792 itr]:      563.829
[2284 sec, 9896792 itr]:      563.829
[2285 sec, 9901662 itr]:      563.829
[2286 sec, 9906602 itr]:      563.829
[2287 sec, 9910663 itr]:      563.829
[2288 sec, 9919874 itr]:      563.829
[2289 sec, 9919874 itr]:      563.829
[2290 sec, 9923419 itr]:      563.829
[ optimality gap      ]:       78.16%
[2291 sec, 9928057 itr]:      563.829
[2292 sec, 9932515 itr]:      563.829
[2293 sec, 9941026 itr]:      563.829
[2294 sec, 9941026 itr]:      563.829
[2295 sec, 9944729 itr]:      563.829
[2296 sec, 9948645 itr]:      563.829
[2297 sec, 9952857 itr]:      563.829
[2298 sec, 9961705 itr]:      563.829
[2299 sec, 9961705 itr]:      563.829
[2300 sec, 9966244 itr]:      563.829
[ optimality gap      ]:       78.16%
[2301 sec, 9970504 itr]:      563.829
[2302 sec, 9973890 itr]:      563.829
[2303 sec, 9981141 itr]:      563.829
[2304 sec, 9986625 itr]:      563.829
[2305 sec, 9986625 itr]:      563.829
[2306 sec, 9990789 itr]:      563.829
[2307 sec, 9994951 itr]:      563.829
[2308 sec, 9999920 itr]:      563.829
[2309 sec, 10007056 itr]:      563.829
[2310 sec, 10007056 itr]:      563.829
[ optimality gap       ]:       78.16%
[2311 sec, 10011948 itr]:      563.829
[2312 sec, 10016622 itr]:      563.829
[2313 sec, 10020710 itr]:      563.829
[2314 sec, 10028615 itr]:      563.829
[2315 sec, 10028615 itr]:      563.829
[2316 sec, 10033429 itr]:      563.829
[2317 sec, 10037420 itr]:      563.829
[2318 sec, 10046322 itr]:      563.829
[2319 sec, 10046322 itr]:      563.829
[2320 sec, 10051116 itr]:      563.829
[ optimality gap       ]:       78.16%
[2321 sec, 10054981 itr]:      563.829
[2322 sec, 10059034 itr]:      563.829
[2323 sec, 10062710 itr]:      563.829
[2324 sec, 10067235 itr]:      563.829
[2325 sec, 10071547 itr]:      563.829
[2326 sec, 10076453 itr]:      563.829
[2327 sec, 10081341 itr]:      563.829
[2328 sec, 10087297 itr]:      563.829
[2329 sec, 10087297 itr]:      563.829
[2330 sec, 10092117 itr]:      563.829
[ optimality gap       ]:       78.16%
[2331 sec, 10096666 itr]:      563.829
[2332 sec, 10100641 itr]:      563.829
[2333 sec, 10109969 itr]:      563.829
[2334 sec, 10109969 itr]:      563.829
[2335 sec, 10114955 itr]:      563.829
[2336 sec, 10118884 itr]:      563.829
[2337 sec, 10123237 itr]:      563.829
[2338 sec, 10127718 itr]:      563.829
[2339 sec, 10132659 itr]:      563.829
[2340 sec, 10141816 itr]:      563.829
[ optimality gap       ]:       78.16%
[2341 sec, 10141816 itr]:      563.829
[2342 sec, 10146578 itr]:      563.829
[2343 sec, 10151136 itr]:      563.829
[2344 sec, 10160950 itr]:      563.829
[2345 sec, 10160950 itr]:      563.829
[2346 sec, 10165889 itr]:      563.829
[2347 sec, 10175116 itr]:      563.829
[2348 sec, 10175116 itr]:      563.829
[2349 sec, 10185284 itr]:      563.829
[2350 sec, 10188898 itr]:      563.829
[ optimality gap       ]:       78.16%
[2351 sec, 10193800 itr]:      563.829
[2352 sec, 10193800 itr]:      563.829
[2353 sec, 10199141 itr]:      563.829
[2354 sec, 10208612 itr]:      563.829
[2355 sec, 10208612 itr]:      563.829
[2356 sec, 10212885 itr]:      563.829
[2357 sec, 10216393 itr]:      563.829
[2358 sec, 10221118 itr]:      563.829
[2359 sec, 10229723 itr]:      563.829
[2360 sec, 10229723 itr]:      563.829
[ optimality gap       ]:       78.16%
[2361 sec, 10234893 itr]:      563.829
[2362 sec, 10243908 itr]:      563.829
[2363 sec, 10243908 itr]:      563.829
[2364 sec, 10248081 itr]:      563.829
[2365 sec, 10252571 itr]:      563.829
[2366 sec, 10260023 itr]:      563.829
[2367 sec, 10260023 itr]:      563.829
[2368 sec, 10263170 itr]:      563.829
[2369 sec, 10268020 itr]:      563.829
[2370 sec, 10272251 itr]:      563.829
[ optimality gap       ]:       78.16%
[2371 sec, 10280648 itr]:      563.829
[2372 sec, 10280648 itr]:      563.829
[2373 sec, 10289245 itr]:      563.829
[2374 sec, 10289245 itr]:      563.829
[2375 sec, 10297964 itr]:      563.829
[2376 sec, 10297964 itr]:      563.829
[2377 sec, 10306403 itr]:      563.829
[2378 sec, 10311051 itr]:      563.829
[2379 sec, 10315145 itr]:      563.829
[2380 sec, 10319019 itr]:      563.829
[ optimality gap       ]:       78.16%
[2381 sec, 10323237 itr]:      563.829
[2382 sec, 10323237 itr]:      563.829
[2383 sec, 10332038 itr]:      563.829
[2384 sec, 10332038 itr]:      563.829
[2385 sec, 10336393 itr]:      563.829
[2386 sec, 10340790 itr]:      563.829
[2387 sec, 10345617 itr]:      563.829
[2388 sec, 10349951 itr]:      563.829
[2389 sec, 10354144 itr]:      563.829
[2390 sec, 10357995 itr]:      563.829
[ optimality gap       ]:       78.16%
[2391 sec, 10362664 itr]:      563.829
[2392 sec, 10367563 itr]:      563.829
[2393 sec, 10372106 itr]:      563.829
[2394 sec, 10380450 itr]:      563.829
[2395 sec, 10380450 itr]:      563.829
[2396 sec, 10384107 itr]:      563.829
[2397 sec, 10387496 itr]:      563.829
[2398 sec, 10396312 itr]:      563.829
[2399 sec, 10396312 itr]:      563.829
[2400 sec, 10400349 itr]:      563.829
[ optimality gap       ]:       78.16%
[2401 sec, 10404280 itr]:      563.829
[2402 sec, 10408648 itr]:      563.829
[2403 sec, 10413447 itr]:      563.829
[2404 sec, 10416238 itr]:      563.829
[2405 sec, 10424537 itr]:      563.829
[2406 sec, 10424537 itr]:      563.829
[2407 sec, 10432232 itr]:      563.829
[2408 sec, 10436910 itr]:      563.829
[2409 sec, 10436910 itr]:      563.829
[2410 sec, 10443984 itr]:      563.829
[ optimality gap       ]:       78.16%
[2411 sec, 10448273 itr]:      563.829
[2412 sec, 10448273 itr]:      563.829
[2413 sec, 10452513 itr]:      563.829
[2414 sec, 10456993 itr]:      563.829
[2415 sec, 10460694 itr]:      563.829
[2416 sec, 10464397 itr]:      563.829
[2417 sec, 10467574 itr]:      563.829
[2418 sec, 10472089 itr]:      563.829
[2419 sec, 10481408 itr]:      563.829
[2420 sec, 10481408 itr]:      563.829
[ optimality gap       ]:       78.16%
[2421 sec, 10490895 itr]:      563.829
[2422 sec, 10490895 itr]:      563.829
[2423 sec, 10495867 itr]:      563.829
[2424 sec, 10504605 itr]:      563.829
[2425 sec, 10504605 itr]:      563.829
[2426 sec, 10509766 itr]:      563.829
[2427 sec, 10517987 itr]:      563.829
[2428 sec, 10517987 itr]:      563.829
[2429 sec, 10522577 itr]:      563.829
[2430 sec, 10526789 itr]:      563.829
[ optimality gap       ]:       78.16%
[2431 sec, 10531149 itr]:      563.829
[2432 sec, 10541429 itr]:      563.829
[2433 sec, 10546462 itr]:      563.829
[2434 sec, 10546462 itr]:      563.829
[2435 sec, 10551018 itr]:      563.829
[2436 sec, 10554762 itr]:      563.829
[2437 sec, 10559281 itr]:      563.829
[2438 sec, 10564544 itr]:      563.829
[2439 sec, 10569657 itr]:      563.829
[2440 sec, 10574582 itr]:      563.829
[ optimality gap       ]:       78.16%
[2441 sec, 10576725 itr]:      563.829
[2442 sec, 10579234 itr]:      563.829
[2443 sec, 10583775 itr]:      563.829
[2444 sec, 10588694 itr]:      563.829
[2445 sec, 10593605 itr]:      563.829
[2446 sec, 10598288 itr]:      563.829
[2447 sec, 10602795 itr]:      563.829
[2448 sec, 10607899 itr]:      563.829
[2449 sec, 10616487 itr]:      563.829
[2450 sec, 10621626 itr]:      563.829
[ optimality gap       ]:       78.16%
[2451 sec, 10621626 itr]:      563.829
[2452 sec, 10626759 itr]:      563.829
[2453 sec, 10630932 itr]:      563.829
[2454 sec, 10639732 itr]:      563.829
[2455 sec, 10639732 itr]:      563.829
[2456 sec, 10643749 itr]:      563.829
[2457 sec, 10648324 itr]:      563.829
[2458 sec, 10657869 itr]:      563.829
[2459 sec, 10657869 itr]:      563.829
[2460 sec, 10663038 itr]:      563.829
[ optimality gap       ]:       78.16%
[2461 sec, 10671598 itr]:      563.829
[2462 sec, 10676628 itr]:      563.829
[2463 sec, 10681816 itr]:      563.829
[2464 sec, 10681816 itr]:      563.829
[2465 sec, 10687167 itr]:      563.829
[2466 sec, 10691672 itr]:      563.829
[2467 sec, 10701270 itr]:      563.829
[2468 sec, 10706381 itr]:      563.829
[2469 sec, 10706381 itr]:      563.829
[2470 sec, 10711418 itr]:      563.829
[ optimality gap       ]:       78.16%
[2471 sec, 10719261 itr]:      563.829
[2472 sec, 10719261 itr]:      563.829
[2473 sec, 10724301 itr]:      563.829
[2474 sec, 10728296 itr]:      563.829
[2475 sec, 10737535 itr]:      563.829
[2476 sec, 10742545 itr]:      563.829
[2477 sec, 10742545 itr]:      563.829
[2478 sec, 10747575 itr]:      563.829
[2479 sec, 10752302 itr]:      563.829
[2480 sec, 10756626 itr]:      563.829
[ optimality gap       ]:       78.16%
[2481 sec, 10761659 itr]:      563.829
[2482 sec, 10770510 itr]:      563.829
[2483 sec, 10770510 itr]:      563.829
[2484 sec, 10775670 itr]:      563.829
[2485 sec, 10779876 itr]:      563.829
[2486 sec, 10784966 itr]:      563.829
[2487 sec, 10789834 itr]:      563.829
[2488 sec, 10793840 itr]:      563.829
[2489 sec, 10803553 itr]:      563.829
[2490 sec, 10803553 itr]:      563.829
[ optimality gap       ]:       78.16%
[2491 sec, 10813024 itr]:      563.829
[2492 sec, 10813024 itr]:      563.829
[2493 sec, 10817851 itr]:      563.829
[2494 sec, 10822804 itr]:      563.829
[2495 sec, 10825123 itr]:      563.829
[2496 sec, 10828203 itr]:      563.829
[2497 sec, 10831803 itr]:      563.829
[2498 sec, 10836145 itr]:      563.829
[2499 sec, 10844166 itr]:      563.829
[2500 sec, 10844166 itr]:      563.829
[ optimality gap       ]:       78.16%
[2501 sec, 10848215 itr]:      563.829
[2502 sec, 10852555 itr]:      563.829
[2503 sec, 10856855 itr]:      563.829
[2504 sec, 10861712 itr]:      563.829
[2505 sec, 10865578 itr]:      563.829
[2506 sec, 10867905 itr]:      563.829
[2507 sec, 10875942 itr]:      563.829
[2508 sec, 10875942 itr]:      563.829
[2509 sec, 10880054 itr]:      563.829
[2510 sec, 10889511 itr]:      563.829
[ optimality gap       ]:       78.16%
[2511 sec, 10889511 itr]:      563.829
[2512 sec, 10893835 itr]:      563.829
[2513 sec, 10898001 itr]:      563.829
[2514 sec, 10907202 itr]:      563.829
[2515 sec, 10907202 itr]:      563.829
[2516 sec, 10912299 itr]:      563.829
[2517 sec, 10916878 itr]:      563.829
[2518 sec, 10920814 itr]:      563.829
[2519 sec, 10926008 itr]:      563.829
[2520 sec, 10930026 itr]:      563.829
[ optimality gap       ]:       78.16%
[2521 sec, 10934237 itr]:      563.829
[2522 sec, 10939223 itr]:      563.829
[2523 sec, 10943633 itr]:      563.829
[2524 sec, 10948059 itr]:      563.829
[2525 sec, 10951943 itr]:      563.829
[2526 sec, 10956524 itr]:      563.829
[2527 sec, 10960750 itr]:      563.829
[2528 sec, 10965513 itr]:      563.829
[2529 sec, 10969065 itr]:      563.829
[2530 sec, 10972979 itr]:      563.829
[ optimality gap       ]:       78.16%
[2531 sec, 10981059 itr]:      563.829
[2532 sec, 10981059 itr]:      563.829
[2533 sec, 10990264 itr]:      563.829
[2534 sec, 10990264 itr]:      563.829
[2535 sec, 10998657 itr]:      563.829
[2536 sec, 10998657 itr]:      563.829
[2537 sec, 11004076 itr]:      563.829
[2538 sec, 11008245 itr]:      563.829
[2539 sec, 11013145 itr]:      563.829
[2540 sec, 11017309 itr]:      563.829
[ optimality gap       ]:       78.16%
[2541 sec, 11021478 itr]:      563.829
[2542 sec, 11026315 itr]:      563.829
[2543 sec, 11030659 itr]:      563.829
[2544 sec, 11035634 itr]:      563.829
[2545 sec, 11039144 itr]:      563.829
[2546 sec, 11047471 itr]:      563.829
[2547 sec, 11047471 itr]:      563.829
[2548 sec, 11050729 itr]:      563.829
[2549 sec, 11054202 itr]:      563.829
[2550 sec, 11063278 itr]:      563.829
[ optimality gap       ]:       78.16%
[2551 sec, 11066825 itr]:      563.829
[2552 sec, 11066825 itr]:      563.829
[2553 sec, 11073872 itr]:      563.829
[2554 sec, 11073872 itr]:      563.829
[2555 sec, 11078693 itr]:      563.829
[2556 sec, 11082314 itr]:      563.829
[2557 sec, 11087100 itr]:      563.829
[2558 sec, 11092185 itr]:      563.829
[2559 sec, 11095943 itr]:      563.829
[2560 sec, 11100428 itr]:      563.829
[ optimality gap       ]:       78.16%
[2561 sec, 11104607 itr]:      563.829
[2562 sec, 11111363 itr]:      563.829
[2563 sec, 11111363 itr]:      563.829
[2564 sec, 11116420 itr]:      563.829
[2565 sec, 11120571 itr]:      563.829
[2566 sec, 11128790 itr]:      563.829
[2567 sec, 11128790 itr]:      563.829
[2568 sec, 11132706 itr]:      563.829
[2569 sec, 11136640 itr]:      563.829
[2570 sec, 11141411 itr]:      563.829
[ optimality gap       ]:       78.16%
[2571 sec, 11145162 itr]:      563.829
[2572 sec, 11149184 itr]:      563.829
[2573 sec, 11157314 itr]:      563.829
[2574 sec, 11157314 itr]:      563.829
[2575 sec, 11165385 itr]:      563.829
[2576 sec, 11170634 itr]:      563.829
[2577 sec, 11170634 itr]:      563.829
[2578 sec, 11174425 itr]:      563.829
[2579 sec, 11177389 itr]:      563.829
[2580 sec, 11180794 itr]:      563.829
[ optimality gap       ]:       78.16%
[2581 sec, 11184807 itr]:      563.829
[2582 sec, 11187638 itr]:      563.829
[2583 sec, 11192007 itr]:      563.829
[2584 sec, 11196387 itr]:      563.829
[2585 sec, 11200300 itr]:      563.829
[2586 sec, 11203936 itr]:      563.829
[2587 sec, 11207840 itr]:      563.829
[2588 sec, 11210875 itr]:      563.829
[2589 sec, 11215272 itr]:      563.829
[2590 sec, 11219504 itr]:      563.829
[ optimality gap       ]:       78.16%
[2591 sec, 11223761 itr]:      563.829
[2592 sec, 11226969 itr]:      563.829
[2593 sec, 11230979 itr]:      563.829
[2594 sec, 11238576 itr]:      563.829
[2595 sec, 11238576 itr]:      563.829
[2596 sec, 11242698 itr]:      563.829
[2597 sec, 11246206 itr]:      563.829
[2598 sec, 11255009 itr]:      563.829
[2599 sec, 11255009 itr]:      563.829
[2600 sec, 11263467 itr]:      563.829
[ optimality gap       ]:       78.16%
[2601 sec, 11267888 itr]:      563.829
[2602 sec, 11267888 itr]:      563.829
[2603 sec, 11271452 itr]:      563.829
[2604 sec, 11272533 itr]:      563.829
[2605 sec, 11279410 itr]:      563.829
[2606 sec, 11279410 itr]:      563.829
[2607 sec, 11287985 itr]:      563.829
[2608 sec, 11287985 itr]:      563.829
[2609 sec, 11293033 itr]:      563.829
[2610 sec, 11300947 itr]:      563.829
[ optimality gap       ]:       78.16%
[2611 sec, 11300947 itr]:      563.829
[2612 sec, 11309716 itr]:      563.829
[2613 sec, 11313834 itr]:      563.829
[2614 sec, 11313834 itr]:      563.829
[2615 sec, 11318581 itr]:      563.829
[2616 sec, 11322638 itr]:      563.829
[2617 sec, 11326498 itr]:      563.829
[2618 sec, 11330796 itr]:      563.829
[2619 sec, 11334797 itr]:      563.829
[2620 sec, 11338380 itr]:      563.829
[ optimality gap       ]:       78.16%
[2621 sec, 11342230 itr]:      563.829
[2622 sec, 11350961 itr]:      563.829
[2623 sec, 11350961 itr]:      563.829
[2624 sec, 11355010 itr]:      563.829
[2625 sec, 11359401 itr]:      563.829
[2626 sec, 11363271 itr]:      563.829
[2627 sec, 11371038 itr]:      563.829
[2628 sec, 11375488 itr]:      563.829
[2629 sec, 11375488 itr]:      563.829
[2630 sec, 11383674 itr]:      563.829
[ optimality gap       ]:       78.16%
[2631 sec, 11383674 itr]:      563.829
[2632 sec, 11385865 itr]:      563.829
[2633 sec, 11389290 itr]:      563.829
[2634 sec, 11393426 itr]:      563.829
[2635 sec, 11394251 itr]:      563.829
[2636 sec, 11398106 itr]:      563.829
[2637 sec, 11402601 itr]:      563.829
[2638 sec, 11406409 itr]:      563.829
[2639 sec, 11412908 itr]:      563.829
[2640 sec, 11412908 itr]:      563.829
[ optimality gap       ]:       78.16%
[2641 sec, 11416145 itr]:      563.829
[2642 sec, 11424844 itr]:      563.829
[2643 sec, 11424844 itr]:      563.829
[2644 sec, 11429010 itr]:      563.829
[2645 sec, 11433398 itr]:      563.829
[2646 sec, 11437414 itr]:      563.829
[2647 sec, 11441073 itr]:      563.829
[2648 sec, 11445242 itr]:      563.829
[2649 sec, 11448652 itr]:      563.829
[2650 sec, 11456873 itr]:      563.829
[ optimality gap       ]:       78.16%
[2651 sec, 11456873 itr]:      563.829
[2652 sec, 11460965 itr]:      563.829
[2653 sec, 11465394 itr]:      563.829
[2654 sec, 11469525 itr]:      563.829
[2655 sec, 11473937 itr]:      563.829
[2656 sec, 11477996 itr]:      563.829
[2657 sec, 11481507 itr]:      563.829
[2658 sec, 11484757 itr]:      563.829
[2659 sec, 11489119 itr]:      563.829
[2660 sec, 11495939 itr]:      563.829
[ optimality gap       ]:       78.16%
[2661 sec, 11495939 itr]:      563.829
[2662 sec, 11503300 itr]:      563.829
[2663 sec, 11503300 itr]:      563.829
[2664 sec, 11511288 itr]:      563.829
[2665 sec, 11516146 itr]:      563.829
[2666 sec, 11516146 itr]:      563.829
[2667 sec, 11520397 itr]:      563.829
[2668 sec, 11522947 itr]:      563.829
[2669 sec, 11526525 itr]:      563.829
[2670 sec, 11530354 itr]:      563.829
[ optimality gap       ]:       78.16%
[2671 sec, 11533780 itr]:      563.829
[2672 sec, 11537222 itr]:      563.829
[2673 sec, 11541163 itr]:      563.829
[2674 sec, 11545557 itr]:      563.829
[2675 sec, 11550350 itr]:      563.829
[2676 sec, 11550350 itr]:      563.829
[2677 sec, 11553228 itr]:      563.829
[2678 sec, 11555600 itr]:      563.829
[2679 sec, 11561181 itr]:      563.829
[2680 sec, 11561181 itr]:      563.829
[ optimality gap       ]:       78.16%
[2681 sec, 11563906 itr]:      563.829
[2682 sec, 11566899 itr]:      563.829
[2683 sec, 11570456 itr]:      563.829
[2684 sec, 11573604 itr]:      563.829
[2685 sec, 11576990 itr]:      563.829
[2686 sec, 11580026 itr]:      563.829
[2687 sec, 11583533 itr]:      563.829
[2688 sec, 11586552 itr]:      563.829
[2689 sec, 11590022 itr]:      563.829
[2690 sec, 11593739 itr]:      563.829
[ optimality gap       ]:       78.16%
[2691 sec, 11597592 itr]:      563.829
[2692 sec, 11600777 itr]:      563.829
[2693 sec, 11604698 itr]:      563.829
[2694 sec, 11607712 itr]:      563.829
[2695 sec, 11609733 itr]:      563.829
[2696 sec, 11613364 itr]:      563.829
[2697 sec, 11621182 itr]:      563.829
[2698 sec, 11621182 itr]:      563.829
[2699 sec, 11624871 itr]:      563.829
[2700 sec, 11627568 itr]:      563.829
[ optimality gap       ]:       78.16%
[2701 sec, 11631060 itr]:      563.829
[2702 sec, 11636408 itr]:      563.829
[2703 sec, 11641048 itr]:      563.829
[2704 sec, 11645083 itr]:      563.829
[2705 sec, 11648246 itr]:      563.829
[2706 sec, 11648246 itr]:      563.829
[2707 sec, 11652364 itr]:      563.829
[2708 sec, 11656910 itr]:      563.829
[2709 sec, 11661329 itr]:      563.829
[2710 sec, 11665523 itr]:      563.829
[ optimality gap       ]:       78.16%
[2711 sec, 11669490 itr]:      563.829
[2712 sec, 11675824 itr]:      563.829
[2713 sec, 11675824 itr]:      563.829
[2714 sec, 11680298 itr]:      563.829
[2715 sec, 11684288 itr]:      563.829
[2716 sec, 11688739 itr]:      563.829
[2717 sec, 11692780 itr]:      563.829
[2718 sec, 11696330 itr]:      563.829
[2719 sec, 11703813 itr]:      563.829
[2720 sec, 11703813 itr]:      563.829
[ optimality gap       ]:       78.16%
[2721 sec, 11708496 itr]:      563.829
[2722 sec, 11713018 itr]:      563.829
[2723 sec, 11717126 itr]:      563.829
[2724 sec, 11725860 itr]:      563.829
[2725 sec, 11725860 itr]:      563.829
[2726 sec, 11730749 itr]:      563.829
[2727 sec, 11735199 itr]:      563.829
[2728 sec, 11739539 itr]:      563.829
[2729 sec, 11744113 itr]:      563.829
[2730 sec, 11748589 itr]:      563.829
[ optimality gap       ]:       78.16%
[2731 sec, 11758125 itr]:      563.829
[2732 sec, 11758125 itr]:      563.829
[2733 sec, 11763029 itr]:      563.829
[2734 sec, 11766894 itr]:      563.829
[2735 sec, 11776806 itr]:      563.829
[2736 sec, 11780988 itr]:      563.829
[2737 sec, 11780988 itr]:      563.829
[2738 sec, 11785113 itr]:      563.829
[2739 sec, 11793834 itr]:      563.829
[2740 sec, 11793834 itr]:      563.829
[ optimality gap       ]:       78.16%
[2741 sec, 11798895 itr]:      563.829
[2742 sec, 11803057 itr]:      563.829
[2743 sec, 11808172 itr]:      563.829
[2744 sec, 11812965 itr]:      563.829
[2745 sec, 11821870 itr]:      563.829
[2746 sec, 11821870 itr]:      563.829
[2747 sec, 11826282 itr]:      563.829
[2748 sec, 11830514 itr]:      563.829
[2749 sec, 11834856 itr]:      563.829
[2750 sec, 11844506 itr]:      563.829
[ optimality gap       ]:       78.16%
[2751 sec, 11844506 itr]:      563.829
[2752 sec, 11849373 itr]:      563.829
[2753 sec, 11854467 itr]:      563.829
[2754 sec, 11858000 itr]:      563.829
[2755 sec, 11862978 itr]:      563.829
[2756 sec, 11871589 itr]:      563.829
[2757 sec, 11876690 itr]:      563.829
[2758 sec, 11876690 itr]:      563.829
[2759 sec, 11881756 itr]:      563.829
[2760 sec, 11890671 itr]:      563.829
[ optimality gap       ]:       78.16%
[2761 sec, 11890671 itr]:      563.829
[2762 sec, 11894664 itr]:      563.829
[2763 sec, 11899359 itr]:      563.829
[2764 sec, 11904595 itr]:      563.829
[2765 sec, 11907696 itr]:      563.829
[2766 sec, 11916909 itr]:      563.829
[2767 sec, 11921585 itr]:      563.829
[2768 sec, 11921585 itr]:      563.829
[2769 sec, 11926687 itr]:      563.829
[2770 sec, 11931330 itr]:      563.829
[ optimality gap       ]:       78.16%
[2771 sec, 11936159 itr]:      563.829
[2772 sec, 11940856 itr]:      563.829
[2773 sec, 11944486 itr]:      563.829
[2774 sec, 11948782 itr]:      563.829
[2775 sec, 11951123 itr]:      563.829
[2776 sec, 11953753 itr]:      563.829
[2777 sec, 11957338 itr]:      563.829
[2778 sec, 11961533 itr]:      563.829
[2779 sec, 11966036 itr]:      563.829
[2780 sec, 11969980 itr]:      563.829
[ optimality gap       ]:       78.16%
[2781 sec, 11973814 itr]:      563.829
[2782 sec, 11978154 itr]:      563.829
[2783 sec, 11985035 itr]:      563.829
[2784 sec, 11985035 itr]:      563.829
[2785 sec, 11989000 itr]:      563.829
[2786 sec, 11993617 itr]:      563.829
[2787 sec, 11998632 itr]:      563.829
[2788 sec, 12002207 itr]:      563.829
[2789 sec, 12010370 itr]:      563.829
[2790 sec, 12010370 itr]:      563.829
[ optimality gap       ]:       78.16%
[2791 sec, 12014297 itr]:      563.829
[2792 sec, 12018280 itr]:      563.829
[2793 sec, 12022375 itr]:      563.829
[2794 sec, 12029490 itr]:      563.829
[2795 sec, 12029490 itr]:      563.829
[2796 sec, 12033967 itr]:      563.829
[2797 sec, 12038357 itr]:      563.829
[2798 sec, 12045933 itr]:      563.829
[2799 sec, 12050654 itr]:      563.829
[2800 sec, 12050654 itr]:      563.829
[ optimality gap       ]:       78.16%
[2801 sec, 12054332 itr]:      563.829
[2802 sec, 12057366 itr]:      563.829
[2803 sec, 12058209 itr]:      563.829
[2804 sec, 12066081 itr]:      563.829
[2805 sec, 12066081 itr]:      563.829
[2806 sec, 12070263 itr]:      563.829
[2807 sec, 12073716 itr]:      563.829
[2808 sec, 12081681 itr]:      563.829
[2809 sec, 12081681 itr]:      563.829
[2810 sec, 12086166 itr]:      563.829
[ optimality gap       ]:       78.16%
[2811 sec, 12094108 itr]:      563.829
[2812 sec, 12094108 itr]:      563.829
[2813 sec, 12103350 itr]:      563.829
[2814 sec, 12103350 itr]:      563.829
[2815 sec, 12107932 itr]:      563.829
[2816 sec, 12116286 itr]:      563.829
[2817 sec, 12121153 itr]:      563.829
[2818 sec, 12125345 itr]:      563.829
[2819 sec, 12125345 itr]:      563.829
[2820 sec, 12130023 itr]:      563.829
[ optimality gap       ]:       78.16%
[2821 sec, 12134542 itr]:      563.829
[2822 sec, 12138510 itr]:      563.829
[2823 sec, 12143303 itr]:      563.829
[2824 sec, 12146979 itr]:      563.829
[2825 sec, 12151037 itr]:      563.829
[2826 sec, 12155743 itr]:      563.829
[2827 sec, 12159868 itr]:      563.829
[2828 sec, 12163623 itr]:      563.829
[2829 sec, 12167537 itr]:      563.829
[2830 sec, 12175260 itr]:      563.829
[ optimality gap       ]:       78.16%
[2831 sec, 12179771 itr]:      563.829
[2832 sec, 12179771 itr]:      563.829
[2833 sec, 12187529 itr]:      563.829
[2834 sec, 12187529 itr]:      563.829
[2835 sec, 12191046 itr]:      563.829
[2836 sec, 12195795 itr]:      563.829
[2837 sec, 12199746 itr]:      563.829
[2838 sec, 12204189 itr]:      563.829
[2839 sec, 12209258 itr]:      563.829
[2840 sec, 12213055 itr]:      563.829
[ optimality gap       ]:       78.16%
[2841 sec, 12217781 itr]:      563.829
[2842 sec, 12225214 itr]:      563.829
[2843 sec, 12225214 itr]:      563.829
[2844 sec, 12234048 itr]:      563.829
[2845 sec, 12234048 itr]:      563.829
[2846 sec, 12238150 itr]:      563.829
[2847 sec, 12241779 itr]:      563.829
[2848 sec, 12245105 itr]:      563.829
[2849 sec, 12253519 itr]:      563.829
[2850 sec, 12258528 itr]:      563.829
[ optimality gap       ]:       78.16%
[2851 sec, 12258528 itr]:      563.829
[2852 sec, 12266678 itr]:      563.829
[2853 sec, 12266678 itr]:      563.829
[2854 sec, 12270375 itr]:      563.829
[2855 sec, 12274991 itr]:      563.829
[2856 sec, 12283561 itr]:      563.829
[2857 sec, 12283561 itr]:      563.829
[2858 sec, 12288085 itr]:      563.829
[2859 sec, 12297279 itr]:      563.829
[2860 sec, 12297279 itr]:      563.829
[ optimality gap       ]:       78.16%
[2861 sec, 12301792 itr]:      563.829
[2862 sec, 12305344 itr]:      563.829
[2863 sec, 12309355 itr]:      563.829
[2864 sec, 12312653 itr]:      563.829
[2865 sec, 12317095 itr]:      563.829
[2866 sec, 12320577 itr]:      563.829
[2867 sec, 12324666 itr]:      563.829
[2868 sec, 12328925 itr]:      563.829
[2869 sec, 12333139 itr]:      563.829
[2870 sec, 12337966 itr]:      563.829
[ optimality gap       ]:       78.16%
[2871 sec, 12341892 itr]:      563.829
[2872 sec, 12344568 itr]:      563.829
[2873 sec, 12349013 itr]:      563.829
[2874 sec, 12353663 itr]:      563.829
[2875 sec, 12363470 itr]:      563.829
[2876 sec, 12363470 itr]:      563.829
[2877 sec, 12368595 itr]:      563.829
[2878 sec, 12373345 itr]:      563.829
[2879 sec, 12377789 itr]:      563.828
[2880 sec, 12382874 itr]:      563.828
[ optimality gap       ]:       78.16%
[2881 sec, 12392305 itr]:      563.828
[2882 sec, 12392305 itr]:      563.828
[2883 sec, 12397311 itr]:      563.828
[2884 sec, 12401562 itr]:      563.828
[2885 sec, 12406316 itr]:      563.828
[2886 sec, 12410349 itr]:      563.828
[2887 sec, 12414891 itr]:      563.828
[2888 sec, 12422668 itr]:      563.828
[2889 sec, 12422668 itr]:      563.828
[2890 sec, 12430208 itr]:      563.828
[ optimality gap       ]:       78.16%
[2891 sec, 12430208 itr]:      563.828
[2892 sec, 12434752 itr]:      563.828
[2893 sec, 12438916 itr]:      563.828
[2894 sec, 12444110 itr]:      563.828
[2895 sec, 12448640 itr]:      563.828
[2896 sec, 12456017 itr]:      563.828
[2897 sec, 12456017 itr]:      563.828
[2898 sec, 12460489 itr]:      563.828
[2899 sec, 12464949 itr]:      563.828
[2900 sec, 12469279 itr]:      563.828
[ optimality gap       ]:       78.16%
[2901 sec, 12473211 itr]:      563.828
[2902 sec, 12478639 itr]:      563.828
[2903 sec, 12483466 itr]:      563.828
[2904 sec, 12487994 itr]:      563.828
[2905 sec, 12493341 itr]:      563.828
[2906 sec, 12498375 itr]:      563.828
[2907 sec, 12503144 itr]:      563.828
[2908 sec, 12506505 itr]:      563.828
[2909 sec, 12509244 itr]:      563.828
[2910 sec, 12513763 itr]:      563.828
[ optimality gap       ]:       78.16%
[2911 sec, 12519021 itr]:      563.828
[2912 sec, 12523438 itr]:      563.828
[2913 sec, 12527627 itr]:      563.828
[2914 sec, 12536869 itr]:      563.828
[2915 sec, 12536869 itr]:      563.828
[2916 sec, 12541172 itr]:      563.828
[2917 sec, 12545205 itr]:      563.828
[2918 sec, 12550262 itr]:      563.828
[2919 sec, 12555379 itr]:      563.828
[2920 sec, 12560505 itr]:      563.828
[ optimality gap       ]:       78.16%
[2921 sec, 12564063 itr]:      563.828
[2922 sec, 12568161 itr]:      563.828
[2923 sec, 12572737 itr]:      563.828
[2924 sec, 12576585 itr]:      563.828
[2925 sec, 12580568 itr]:      563.828
[2926 sec, 12585565 itr]:      563.828
[2927 sec, 12590003 itr]:      563.828
[2928 sec, 12594657 itr]:      563.828
[2929 sec, 12600182 itr]:      563.828
[2930 sec, 12610063 itr]:      563.828
[ optimality gap       ]:       78.16%
[2931 sec, 12610063 itr]:      563.828
[2932 sec, 12615469 itr]:      563.828
[2933 sec, 12619459 itr]:      563.828
[2934 sec, 12624116 itr]:      563.828
[2935 sec, 12628729 itr]:      563.828
[2936 sec, 12638321 itr]:      563.828
[2937 sec, 12638321 itr]:      563.828
[2938 sec, 12641898 itr]:      563.828
[2939 sec, 12647618 itr]:      563.828
[2940 sec, 12657143 itr]:      563.828
[ optimality gap       ]:       78.16%
[2941 sec, 12657143 itr]:      563.828
[2942 sec, 12662294 itr]:      563.828
[2943 sec, 12666258 itr]:      563.828
[2944 sec, 12671271 itr]:      563.828
[2945 sec, 12676424 itr]:      563.828
[2946 sec, 12681121 itr]:      563.828
[2947 sec, 12684989 itr]:      563.828
[2948 sec, 12693739 itr]:      563.828
[2949 sec, 12693739 itr]:      563.828
[2950 sec, 12697868 itr]:      563.828
[ optimality gap       ]:       78.16%
[2951 sec, 12702419 itr]:      563.828
[2952 sec, 12704893 itr]:      563.828
[2953 sec, 12709727 itr]:      563.828
[2954 sec, 12715017 itr]:      563.828
[2955 sec, 12719211 itr]:      563.828
[2956 sec, 12724119 itr]:      563.828
[2957 sec, 12728547 itr]:      563.828
[2958 sec, 12729527 itr]:      563.828
[2959 sec, 12738337 itr]:      563.828
[2960 sec, 12738337 itr]:      563.828
[ optimality gap       ]:       78.16%
[2961 sec, 12743174 itr]:      563.828
[2962 sec, 12752630 itr]:      563.828
[2963 sec, 12752630 itr]:      563.828
[2964 sec, 12761237 itr]:      563.828
[2965 sec, 12761237 itr]:      563.828
[2966 sec, 12765155 itr]:      563.828
[2967 sec, 12770260 itr]:      563.828
[2968 sec, 12776233 itr]:      563.828
[2969 sec, 12776233 itr]:      563.828
[2970 sec, 12781113 itr]:      563.828
[ optimality gap       ]:       78.16%
[2971 sec, 12785645 itr]:      563.828
[2972 sec, 12789849 itr]:      563.828
[2973 sec, 12798804 itr]:      563.828
[2974 sec, 12798804 itr]:      563.828
[2975 sec, 12802877 itr]:      563.828
[2976 sec, 12807780 itr]:      563.828
[2977 sec, 12812892 itr]:      563.828
[2978 sec, 12817461 itr]:      563.828
[2979 sec, 12821975 itr]:      563.828
[2980 sec, 12826505 itr]:      563.828
[ optimality gap       ]:       78.16%
[2981 sec, 12831288 itr]:      563.828
[2982 sec, 12835771 itr]:      563.828
[2983 sec, 12840943 itr]:      563.828
[2984 sec, 12843845 itr]:      563.828
[2985 sec, 12845936 itr]:      563.828
[2986 sec, 12851070 itr]:      563.828
[2987 sec, 12855403 itr]:      563.828
[2988 sec, 12859820 itr]:      563.828
[2989 sec, 12864924 itr]:      563.828
[2990 sec, 12869342 itr]:      563.828
[ optimality gap       ]:       78.16%
[2991 sec, 12873488 itr]:      563.828
[2992 sec, 12878316 itr]:      563.828
[2993 sec, 12883668 itr]:      563.828
[2994 sec, 12891356 itr]:      563.828
[2995 sec, 12891356 itr]:      563.828
[2996 sec, 12894350 itr]:      563.828
[2997 sec, 12897986 itr]:      563.828
[2998 sec, 12905409 itr]:      563.828
[2999 sec, 12910358 itr]:      563.828
[3000 sec, 12910358 itr]:      563.828
[ optimality gap       ]:       78.16%
[3001 sec, 12915512 itr]:      563.828
[3002 sec, 12920555 itr]:      563.828
[3003 sec, 12925867 itr]:      563.828
[3004 sec, 12930234 itr]:      563.828
[3005 sec, 12934961 itr]:      563.828
[3006 sec, 12938474 itr]:      563.828
[3007 sec, 12947130 itr]:      563.828
[3008 sec, 12947130 itr]:      563.828
[3009 sec, 12951849 itr]:      563.828
[3010 sec, 12955848 itr]:      563.828
[ optimality gap       ]:       78.16%
[3011 sec, 12962083 itr]:      563.828
[3012 sec, 12962083 itr]:      563.828
[3013 sec, 12967265 itr]:      563.828
[3014 sec, 12971432 itr]:      563.828
[3015 sec, 12974533 itr]:      563.828
[3016 sec, 12983807 itr]:      563.828
[3017 sec, 12988090 itr]:      563.828
[3018 sec, 12988090 itr]:      563.828
[3019 sec, 12991793 itr]:      563.828
[3020 sec, 12995925 itr]:      563.828
[ optimality gap       ]:       78.16%
[3021 sec, 13000178 itr]:      563.828
[3022 sec, 13008308 itr]:      563.828
[3023 sec, 13008308 itr]:      563.828
[3024 sec, 13013128 itr]:      563.828
[3025 sec, 13017944 itr]:      563.828
[3026 sec, 13022714 itr]:      563.828
[3027 sec, 13026769 itr]:      563.828
[3028 sec, 13030102 itr]:      563.828
[3029 sec, 13033667 itr]:      563.828
[3030 sec, 13038918 itr]:      563.828
[ optimality gap       ]:       78.16%
[3031 sec, 13047983 itr]:      563.828
[3032 sec, 13047983 itr]:      563.828
[3033 sec, 13052971 itr]:      563.828
[3034 sec, 13057759 itr]:      563.828
[3035 sec, 13062199 itr]:      563.828
[3036 sec, 13066165 itr]:      563.828
[3037 sec, 13068910 itr]:      563.828
[3038 sec, 13078108 itr]:      563.828
[3039 sec, 13081990 itr]:      563.828
[3040 sec, 13081990 itr]:      563.828
[ optimality gap       ]:       78.16%
[3041 sec, 13087092 itr]:      563.828
[3042 sec, 13091431 itr]:      563.828
[3043 sec, 13095905 itr]:      563.828
[3044 sec, 13105207 itr]:      563.828
[3045 sec, 13110136 itr]:      563.828
[3046 sec, 13110136 itr]:      563.828
[3047 sec, 13115053 itr]:      563.828
[3048 sec, 13119270 itr]:      563.828
[3049 sec, 13123270 itr]:      563.828
[3050 sec, 13127841 itr]:      563.828
[ optimality gap       ]:       78.16%
[3051 sec, 13131907 itr]:      563.828
[3052 sec, 13140431 itr]:      563.828
[3053 sec, 13144603 itr]:      563.828
[3054 sec, 13144603 itr]:      563.828
[3055 sec, 13147868 itr]:      563.828
[3056 sec, 13151680 itr]:      563.828
[3057 sec, 13156351 itr]:      563.828
[3058 sec, 13165320 itr]:      563.828
[3059 sec, 13168718 itr]:      563.828
[3060 sec, 13168718 itr]:      563.828
[ optimality gap       ]:       78.16%
[3061 sec, 13172982 itr]:      563.828
[3062 sec, 13177412 itr]:      563.828
[3063 sec, 13180544 itr]:      563.828
[3064 sec, 13184256 itr]:      563.828
[3065 sec, 13188657 itr]:      563.828
[3066 sec, 13195041 itr]:      563.828
[3067 sec, 13195041 itr]:      563.828
[3068 sec, 13203496 itr]:      563.828
[3069 sec, 13208333 itr]:      563.828
[3070 sec, 13208333 itr]:      563.828
[ optimality gap       ]:       78.16%
[3071 sec, 13213480 itr]:      563.828
[3072 sec, 13221839 itr]:      563.828
[3073 sec, 13221839 itr]:      563.828
[3074 sec, 13225448 itr]:      563.828
[3075 sec, 13230391 itr]:      563.828
[3076 sec, 13234887 itr]:      563.828
[3077 sec, 13239991 itr]:      563.828
[3078 sec, 13244304 itr]:      563.828
[3079 sec, 13247731 itr]:      563.828
[3080 sec, 13252282 itr]:      563.828
[ optimality gap       ]:       78.16%
[3081 sec, 13256992 itr]:      563.828
[3082 sec, 13261985 itr]:      563.828
[3083 sec, 13267351 itr]:      563.828
[3084 sec, 13276476 itr]:      563.828
[3085 sec, 13280123 itr]:      563.828
[3086 sec, 13280123 itr]:      563.828
[3087 sec, 13284908 itr]:      563.828
[3088 sec, 13290149 itr]:      563.828
[3089 sec, 13294315 itr]:      563.828
[3090 sec, 13299015 itr]:      563.828
[ optimality gap       ]:       78.16%
[3091 sec, 13302037 itr]:      563.828
[3092 sec, 13310161 itr]:      563.828
[3093 sec, 13310161 itr]:      563.828
[3094 sec, 13313906 itr]:      563.828
[3095 sec, 13318139 itr]:      563.828
[3096 sec, 13322216 itr]:      563.828
[3097 sec, 13325943 itr]:      563.828
[3098 sec, 13335078 itr]:      563.828
[3099 sec, 13340024 itr]:      563.828
[3100 sec, 13340024 itr]:      563.828
[ optimality gap       ]:       78.16%
[3101 sec, 13349160 itr]:      563.828
[3102 sec, 13353966 itr]:      563.828
[3103 sec, 13353966 itr]:      563.828
[3104 sec, 13359290 itr]:      563.828
[3105 sec, 13367899 itr]:      563.828
[3106 sec, 13367899 itr]:      563.828
[3107 sec, 13371955 itr]:      563.828
[3108 sec, 13377213 itr]:      563.828
[3109 sec, 13382040 itr]:      563.828
[3110 sec, 13387278 itr]:      563.828
[ optimality gap       ]:       77.88%
[3111 sec, 13396885 itr]:      563.828
[3112 sec, 13400767 itr]:      563.828
[3113 sec, 13405758 itr]:      563.828
[3114 sec, 13409452 itr]:      563.828
[3115 sec, 13409452 itr]:      563.828
[3116 sec, 13418927 itr]:      563.828
[3117 sec, 13422922 itr]:      563.828
[3118 sec, 13422922 itr]:      563.828
[3119 sec, 13431655 itr]:      563.828
[3120 sec, 13436186 itr]:      563.828
[ optimality gap       ]:       77.88%
[3121 sec, 13436186 itr]:      563.828
[3122 sec, 13440592 itr]:      563.828
[3123 sec, 13444893 itr]:      563.828
[3124 sec, 13449299 itr]:      563.828
[3125 sec, 13452789 itr]:      563.828
[3126 sec, 13456771 itr]:      563.828
[3127 sec, 13464284 itr]:      563.828
[3128 sec, 13464284 itr]:      563.828
[3129 sec, 13468678 itr]:      563.828
[3130 sec, 13472761 itr]:      563.828
[ optimality gap       ]:       77.88%
[3131 sec, 13480023 itr]:      563.828
[3132 sec, 13483659 itr]:      563.828
[3133 sec, 13483659 itr]:      563.828
[3134 sec, 13487527 itr]:      563.828
[3135 sec, 13491381 itr]:      563.828
[3136 sec, 13496116 itr]:      563.828
[3137 sec, 13499359 itr]:      563.828
[3138 sec, 13503698 itr]:      563.828
[3139 sec, 13507538 itr]:      563.828
[3140 sec, 13512053 itr]:      563.828
[ optimality gap       ]:       77.88%
[3141 sec, 13516532 itr]:      563.828
[3142 sec, 13519074 itr]:      563.828
[3143 sec, 13521636 itr]:      563.828
[3144 sec, 13529824 itr]:      563.828
[3145 sec, 13529824 itr]:      563.828
[3146 sec, 13538367 itr]:      563.828
[3147 sec, 13538367 itr]:      563.828
[3148 sec, 13543057 itr]:      563.828
[3149 sec, 13547438 itr]:      563.828
[3150 sec, 13551449 itr]:      563.828
[ optimality gap       ]:       77.88%
[3151 sec, 13558134 itr]:      563.828
[3152 sec, 13558134 itr]:      563.828
[3153 sec, 13562738 itr]:      563.828
[3154 sec, 13566736 itr]:      563.828
[3155 sec, 13570665 itr]:      563.828
[3156 sec, 13574413 itr]:      563.828
[3157 sec, 13578732 itr]:      563.828
[3158 sec, 13583297 itr]:      563.828
[3159 sec, 13587983 itr]:      563.828
[3160 sec, 13592599 itr]:      563.828
[ optimality gap       ]:       77.88%
[3161 sec, 13597155 itr]:      563.828
[3162 sec, 13601010 itr]:      563.828
[3163 sec, 13605633 itr]:      563.828
[3164 sec, 13610390 itr]:      563.828
[3165 sec, 13614714 itr]:      563.828
[3166 sec, 13614714 itr]:      563.828
[3167 sec, 13622772 itr]:      563.828
[3168 sec, 13626656 itr]:      563.828
[3169 sec, 13626656 itr]:      563.828
[3170 sec, 13631010 itr]:      563.828
[ optimality gap       ]:       77.88%
[3171 sec, 13638239 itr]:      563.828
[3172 sec, 13638239 itr]:      563.828
[3173 sec, 13640292 itr]:      563.828
[3174 sec, 13641983 itr]:      563.828
[3175 sec, 13650852 itr]:      563.828
[3176 sec, 13650852 itr]:      563.828
[3177 sec, 13654732 itr]:      563.828
[3178 sec, 13657506 itr]:      563.828
[3179 sec, 13660284 itr]:      563.828
[3180 sec, 13664988 itr]:      563.828
[ optimality gap       ]:       77.88%
[3181 sec, 13669163 itr]:      563.828
[3182 sec, 13672540 itr]:      563.828
[3183 sec, 13677201 itr]:      563.828
[3184 sec, 13681133 itr]:      563.828
[3185 sec, 13685145 itr]:      563.828
[3186 sec, 13689637 itr]:      563.828
[3187 sec, 13693191 itr]:      563.828
[3188 sec, 13697363 itr]:      563.828
[3189 sec, 13701043 itr]:      563.828
[3190 sec, 13705327 itr]:      563.828
[ optimality gap       ]:       77.88%
[3191 sec, 13714292 itr]:      563.828
[3192 sec, 13714292 itr]:      563.828
[3193 sec, 13718426 itr]:      563.828
[3194 sec, 13722993 itr]:      563.828
[3195 sec, 13726272 itr]:      563.828
[3196 sec, 13730406 itr]:      563.828
[3197 sec, 13739384 itr]:      563.828
[3198 sec, 13743499 itr]:      563.828
[3199 sec, 13743499 itr]:      563.828
[3200 sec, 13748963 itr]:      563.828
[ optimality gap       ]:       77.88%
[3201 sec, 13748963 itr]:      563.828
[3202 sec, 13751859 itr]:      563.828
[3203 sec, 13757638 itr]:      563.828
[3204 sec, 13757638 itr]:      563.828
[3205 sec, 13761397 itr]:      563.828
[3206 sec, 13768508 itr]:      563.828
[3207 sec, 13768508 itr]:      563.828
[3208 sec, 13776727 itr]:      563.828
[3209 sec, 13776727 itr]:      563.828
[3210 sec, 13780935 itr]:      563.828
[ optimality gap       ]:       77.77%
[3211 sec, 13784784 itr]:      563.828
[3212 sec, 13788400 itr]:      563.828
[3213 sec, 13792037 itr]:      563.828
[3214 sec, 13795903 itr]:      563.828
[3215 sec, 13800118 itr]:      563.828
[3216 sec, 13803941 itr]:      563.828
[3217 sec, 13808244 itr]:      563.828
[3218 sec, 13817000 itr]:      563.828
[3219 sec, 13817000 itr]:      563.828
[3220 sec, 13821164 itr]:      563.828
[ optimality gap       ]:       77.77%
[3221 sec, 13829601 itr]:      563.828
[3222 sec, 13829601 itr]:      563.828
[3223 sec, 13833945 itr]:      563.828
[3224 sec, 13837423 itr]:      563.828
[3225 sec, 13845524 itr]:      563.828
[3226 sec, 13845524 itr]:      563.828
[3227 sec, 13853255 itr]:      563.828
[3228 sec, 13853255 itr]:      563.828
[3229 sec, 13857353 itr]:      563.828
[3230 sec, 13861198 itr]:      563.828
[ optimality gap       ]:       77.77%
[3231 sec, 13866612 itr]:      563.828
[3232 sec, 13866612 itr]:      563.828
[3233 sec, 13870835 itr]:      563.828
[3234 sec, 13874154 itr]:      563.828
[3235 sec, 13878279 itr]:      563.828
[3236 sec, 13882708 itr]:      563.828
[3237 sec, 13886946 itr]:      563.828
[3238 sec, 13894566 itr]:      563.828
[3239 sec, 13894566 itr]:      563.828
[3240 sec, 13902582 itr]:      563.828
[ optimality gap       ]:       77.77%
[3241 sec, 13907191 itr]:      563.828
[3242 sec, 13907191 itr]:      563.828
[3243 sec, 13915176 itr]:      563.828
[3244 sec, 13915176 itr]:      563.828
[3245 sec, 13919355 itr]:      563.828
[3246 sec, 13922456 itr]:      563.828
[3247 sec, 13930987 itr]:      563.828
[3248 sec, 13930987 itr]:      563.828
[3249 sec, 13934753 itr]:      563.828
[3250 sec, 13938763 itr]:      563.828
[ optimality gap       ]:       77.77%
[3251 sec, 13947288 itr]:      563.828
[3252 sec, 13947288 itr]:      563.828
[3253 sec, 13951865 itr]:      563.828
[3254 sec, 13959468 itr]:      563.828
[3255 sec, 13963489 itr]:      563.828
[3256 sec, 13967991 itr]:      563.828
[3257 sec, 13967991 itr]:      563.828
[3258 sec, 13971756 itr]:      563.828
[3259 sec, 13979832 itr]:      563.828
[3260 sec, 13979832 itr]:      563.828
[ optimality gap       ]:       77.77%
[3261 sec, 13984532 itr]:      563.828
[3262 sec, 13992119 itr]:      563.828
[3263 sec, 13996442 itr]:      563.828
[3264 sec, 14000433 itr]:      563.828
[3265 sec, 14000433 itr]:      563.828
[3266 sec, 14004453 itr]:      563.828
[3267 sec, 14008635 itr]:      563.828
[3268 sec, 14016560 itr]:      563.828
[3269 sec, 14020496 itr]:      563.828
[3270 sec, 14020496 itr]:      563.828
[ optimality gap       ]:       77.77%
[3271 sec, 14025160 itr]:      563.828
[3272 sec, 14031117 itr]:      563.828
[3273 sec, 14034995 itr]:      563.828
[3274 sec, 14034995 itr]:      563.828
[3275 sec, 14039614 itr]:      563.828
[3276 sec, 14047745 itr]:      563.828
[3277 sec, 14047745 itr]:      563.828
[3278 sec, 14054672 itr]:      563.828
[3279 sec, 14054672 itr]:      563.828
[3280 sec, 14063235 itr]:      563.828
[ optimality gap       ]:       77.77%
[3281 sec, 14063235 itr]:      563.828
[3282 sec, 14071329 itr]:      563.828
[3283 sec, 14071329 itr]:      563.828
[3284 sec, 14076168 itr]:      563.828
[3285 sec, 14080322 itr]:      563.828
[3286 sec, 14085033 itr]:      563.828
[3287 sec, 14089556 itr]:      563.828
[3288 sec, 14093867 itr]:      563.828
[3289 sec, 14102281 itr]:      563.828
[3290 sec, 14102281 itr]:      563.828
[ optimality gap       ]:       77.77%
[3291 sec, 14105657 itr]:      563.828
[3292 sec, 14110266 itr]:      563.828
[3293 sec, 14113896 itr]:      563.828
[3294 sec, 14117858 itr]:      563.828
[3295 sec, 14122554 itr]:      563.828
[3296 sec, 14126795 itr]:      563.828
[3297 sec, 14131141 itr]:      563.828
[3298 sec, 14136218 itr]:      563.828
[3299 sec, 14137954 itr]:      563.828
[3300 sec, 14141441 itr]:      563.828
[ optimality gap       ]:       77.77%
[3301 sec, 14143024 itr]:      563.828
[3302 sec, 14147541 itr]:      563.828
[3303 sec, 14151733 itr]:      563.828
[3304 sec, 14155398 itr]:      563.828
[3305 sec, 14157915 itr]:      563.828
[3306 sec, 14161509 itr]:      563.828
[3307 sec, 14165866 itr]:      563.828
[3308 sec, 14169977 itr]:      563.828
[3309 sec, 14173449 itr]:      563.828
[3310 sec, 14180474 itr]:      563.828
[ optimality gap       ]:       77.77%
[3311 sec, 14180474 itr]:      563.828
[3312 sec, 14184798 itr]:      563.828
[3313 sec, 14188251 itr]:      563.828
[3314 sec, 14191305 itr]:      563.828
[3315 sec, 14195156 itr]:      563.828
[3316 sec, 14197979 itr]:      563.828
[3317 sec, 14201656 itr]:      563.828
[3318 sec, 14205664 itr]:      563.828
[3319 sec, 14209990 itr]:      563.828
[3320 sec, 14217725 itr]:      563.828
[ optimality gap       ]:       77.77%
[3321 sec, 14217725 itr]:      563.828
[3322 sec, 14224827 itr]:      563.828
[3323 sec, 14229047 itr]:      563.828
[3324 sec, 14229047 itr]:      563.828
[3325 sec, 14233355 itr]:      563.828
[3326 sec, 14236735 itr]:      563.828
[3327 sec, 14240953 itr]:      563.828
[3328 sec, 14244602 itr]:      563.828
[3329 sec, 14246678 itr]:      563.828
[3330 sec, 14248615 itr]:      563.828
[ optimality gap       ]:       77.77%
[3331 sec, 14253097 itr]:      563.828
[3332 sec, 14261754 itr]:      563.828
[3333 sec, 14261754 itr]:      563.828
[3334 sec, 14266038 itr]:      563.828
[3335 sec, 14270700 itr]:      563.828
[3336 sec, 14275105 itr]:      563.828
[3337 sec, 14278059 itr]:      563.828
[3338 sec, 14282309 itr]:      563.828
[3339 sec, 14284085 itr]:      563.828
[3340 sec, 14288605 itr]:      563.828
[ optimality gap       ]:       77.77%
[3341 sec, 14292284 itr]:      563.828
[3342 sec, 14296523 itr]:      563.828
[3343 sec, 14303838 itr]:      563.828
[3344 sec, 14303838 itr]:      563.828
[3345 sec, 14308140 itr]:      563.828
[3346 sec, 14312201 itr]:      563.828
[3347 sec, 14315444 itr]:      563.828
[3348 sec, 14319788 itr]:      563.828
[3349 sec, 14328680 itr]:      563.828
[3350 sec, 14328680 itr]:      563.828
[ optimality gap       ]:       77.77%
[3351 sec, 14332298 itr]:      563.828
[3352 sec, 14335413 itr]:      563.828
[3353 sec, 14339239 itr]:      563.828
[3354 sec, 14342987 itr]:      563.828
[3355 sec, 14347233 itr]:      563.828
[3356 sec, 14350481 itr]:      563.828
[3357 sec, 14353242 itr]:      563.828
[3358 sec, 14356920 itr]:      563.828
[3359 sec, 14361243 itr]:      563.828
[3360 sec, 14364580 itr]:      563.828
[ optimality gap       ]:       77.77%
[3361 sec, 14368429 itr]:      563.828
[3362 sec, 14372737 itr]:      563.828
[3363 sec, 14377231 itr]:      563.828
[3364 sec, 14381256 itr]:      563.828
[3365 sec, 14385935 itr]:      563.828
[3366 sec, 14394132 itr]:      563.828
[3367 sec, 14394132 itr]:      563.828
[3368 sec, 14398561 itr]:      563.828
[3369 sec, 14403073 itr]:      563.828
[3370 sec, 14407536 itr]:      563.828
[ optimality gap       ]:       77.77%
[3371 sec, 14410875 itr]:      563.828
[3372 sec, 14415003 itr]:      563.828
[3373 sec, 14419323 itr]:      563.828
[3374 sec, 14422920 itr]:      563.828
[3375 sec, 14427551 itr]:      563.828
[3376 sec, 14436055 itr]:      563.828
[3377 sec, 14436055 itr]:      563.828
[3378 sec, 14444689 itr]:      563.828
[3379 sec, 14444689 itr]:      563.828
[3380 sec, 14453637 itr]:      563.828
[ optimality gap       ]:       77.77%
[3381 sec, 14453637 itr]:      563.828
[3382 sec, 14458085 itr]:      563.828
[3383 sec, 14462045 itr]:      563.828
[3384 sec, 14469899 itr]:      563.828
[3385 sec, 14469899 itr]:      563.828
[3386 sec, 14474400 itr]:      563.828
[3387 sec, 14478388 itr]:      563.828
[3388 sec, 14482319 itr]:      563.828
[3389 sec, 14482319 itr]:      563.828
[3390 sec, 14486500 itr]:      563.828
[ optimality gap       ]:       77.77%
[3391 sec, 14490084 itr]:      563.828
[3392 sec, 14493773 itr]:      563.828
[3393 sec, 14498021 itr]:      563.828
[3394 sec, 14503025 itr]:      563.828
[3395 sec, 14507468 itr]:      563.828
[3396 sec, 14511177 itr]:      563.828
[3397 sec, 14520418 itr]:      563.828
[3398 sec, 14520418 itr]:      563.828
[3399 sec, 14524698 itr]:      563.828
[3400 sec, 14529340 itr]:      563.828
[ optimality gap       ]:       77.77%
[3401 sec, 14537291 itr]:      563.828
[3402 sec, 14541535 itr]:      563.828
[3403 sec, 14541535 itr]:      563.828
[3404 sec, 14546029 itr]:      563.828
[3405 sec, 14550395 itr]:      563.828
[3406 sec, 14554700 itr]:      563.828
[3407 sec, 14559038 itr]:      563.828
[3408 sec, 14568004 itr]:      563.828
[3409 sec, 14572372 itr]:      563.828
[3410 sec, 14572372 itr]:      563.828
[ optimality gap       ]:       77.77%
[3411 sec, 14580957 itr]:      563.828
[3412 sec, 14580957 itr]:      563.828
[3413 sec, 14584452 itr]:      563.828
[3414 sec, 14587591 itr]:      563.828
[3415 sec, 14590857 itr]:      563.828
[3416 sec, 14595353 itr]:      563.828
[3417 sec, 14599402 itr]:      563.828
[3418 sec, 14603005 itr]:      563.828
[3419 sec, 14607720 itr]:      563.828
[3420 sec, 14616918 itr]:      563.828
[ optimality gap       ]:       77.77%
[3421 sec, 14616918 itr]:      563.828
[3422 sec, 14621866 itr]:      563.828
[3423 sec, 14625948 itr]:      563.828
[3424 sec, 14630513 itr]:      563.828
[3425 sec, 14635317 itr]:      563.828
[3426 sec, 14644419 itr]:      563.828
[3427 sec, 14649241 itr]:      563.828
[3428 sec, 14649241 itr]:      563.828
[3429 sec, 14654358 itr]:      563.828
[3430 sec, 14658349 itr]:      563.828
[ optimality gap       ]:       77.77%
[3431 sec, 14662711 itr]:      563.828
[3432 sec, 14667535 itr]:      563.828
[3433 sec, 14676160 itr]:      563.828
[3434 sec, 14676160 itr]:      563.828
[3435 sec, 14680477 itr]:      563.828
[3436 sec, 14684735 itr]:      563.828
[3437 sec, 14688878 itr]:      563.828
[3438 sec, 14698231 itr]:      563.828
[3439 sec, 14703077 itr]:      563.828
[3440 sec, 14703077 itr]:      563.828
[ optimality gap       ]:       77.77%
[3441 sec, 14707116 itr]:      563.828
[3442 sec, 14711669 itr]:      563.828
[3443 sec, 14715901 itr]:      563.828
[3444 sec, 14724265 itr]:      563.828
[3445 sec, 14728187 itr]:      563.828
[3446 sec, 14728187 itr]:      563.828
[3447 sec, 14736711 itr]:      563.828
[3448 sec, 14736711 itr]:      563.828
[3449 sec, 14740635 itr]:      563.828
[3450 sec, 14745227 itr]:      563.828
[ optimality gap       ]:       77.77%
[3451 sec, 14749704 itr]:      563.828
[3452 sec, 14753755 itr]:      563.828
[3453 sec, 14761830 itr]:      563.828
[3454 sec, 14761830 itr]:      563.828
[3455 sec, 14765871 itr]:      563.828
[3456 sec, 14773823 itr]:      563.828
[3457 sec, 14778528 itr]:      563.828
[3458 sec, 14778528 itr]:      563.828
[3459 sec, 14783248 itr]:      563.828
[3460 sec, 14790696 itr]:      563.828
[ optimality gap       ]:       77.77%
[3461 sec, 14790696 itr]:      563.828
[3462 sec, 14795023 itr]:      563.828
[3463 sec, 14798545 itr]:      563.828
[3464 sec, 14806363 itr]:      563.828
[3465 sec, 14806363 itr]:      563.828
[3466 sec, 14814114 itr]:      563.828
[3467 sec, 14814114 itr]:      563.828
[3468 sec, 14818158 itr]:      563.828
[3469 sec, 14822270 itr]:      563.828
[3470 sec, 14826350 itr]:      563.828
[ optimality gap       ]:       77.63%
[3471 sec, 14830626 itr]:      563.828
[3472 sec, 14835111 itr]:      563.828
[3473 sec, 14843052 itr]:      563.828
[3474 sec, 14843052 itr]:      563.828
[3475 sec, 14846692 itr]:      563.828
[3476 sec, 14850855 itr]:      563.828
[3477 sec, 14854739 itr]:      563.828
[3478 sec, 14858524 itr]:      563.828
[3479 sec, 14862992 itr]:      563.828
[3480 sec, 14867251 itr]:      563.828
[ optimality gap       ]:       77.63%
[3481 sec, 14873111 itr]:      563.828
[3482 sec, 14876784 itr]:      563.828
[3483 sec, 14876784 itr]:      563.828
[3484 sec, 14881147 itr]:      563.828
[3485 sec, 14885494 itr]:      563.828
[3486 sec, 14889011 itr]:      563.828
[3487 sec, 14893147 itr]:      563.828
[3488 sec, 14897346 itr]:      563.828
[3489 sec, 14901918 itr]:      563.828
[3490 sec, 14906338 itr]:      563.828
[ optimality gap       ]:       77.63%
[3491 sec, 14910665 itr]:      563.828
[3492 sec, 14914709 itr]:      563.828
[3493 sec, 14918591 itr]:      563.828
[3494 sec, 14922300 itr]:      563.828
[3495 sec, 14930492 itr]:      563.828
[3496 sec, 14930492 itr]:      563.828
[3497 sec, 14937456 itr]:      563.828
[3498 sec, 14937456 itr]:      563.828
[3499 sec, 14946106 itr]:      563.828
[3500 sec, 14946106 itr]:      563.828
[ optimality gap       ]:       77.63%
[3501 sec, 14954150 itr]:      563.828
[3502 sec, 14954150 itr]:      563.828
[3503 sec, 14958790 itr]:      563.828
[3504 sec, 14960873 itr]:      563.828
[3505 sec, 14969145 itr]:      563.828
[3506 sec, 14969145 itr]:      563.828
[3507 sec, 14973505 itr]:      563.828
[3508 sec, 14977867 itr]:      563.828
[3509 sec, 14981941 itr]:      563.828
[3510 sec, 14985541 itr]:      563.828
[ optimality gap       ]:       77.63%
[3511 sec, 14989118 itr]:      563.828
[3512 sec, 14993637 itr]:      563.828
[3513 sec, 15001629 itr]:      563.828
[3514 sec, 15001629 itr]:      563.828
[3515 sec, 15006473 itr]:      563.828
[3516 sec, 15010408 itr]:      563.828
[3517 sec, 15015066 itr]:      563.828
[3518 sec, 15019333 itr]:      563.828
[3519 sec, 15023074 itr]:      563.828
[3520 sec, 15027514 itr]:      563.828
[ optimality gap       ]:       77.63%
[3521 sec, 15031580 itr]:      563.828
[3522 sec, 15040957 itr]:      563.828
[3523 sec, 15045294 itr]:      563.828
[3524 sec, 15045294 itr]:      563.828
[3525 sec, 15049843 itr]:      563.828
[3526 sec, 15054828 itr]:      563.828
[3527 sec, 15059291 itr]:      563.828
[3528 sec, 15064281 itr]:      563.828
[3529 sec, 15072593 itr]:      563.828
[3530 sec, 15072593 itr]:      563.828
[ optimality gap       ]:       77.63%
[3531 sec, 15076873 itr]:      563.828
[3532 sec, 15080995 itr]:      563.828
[3533 sec, 15089889 itr]:      563.828
[3534 sec, 15089889 itr]:      563.828
[3535 sec, 15094802 itr]:      563.828
[3536 sec, 15099424 itr]:      563.828
[3537 sec, 15102270 itr]:      563.828
[3538 sec, 15110900 itr]:      563.828
[3539 sec, 15110900 itr]:      563.828
[3540 sec, 15115449 itr]:      563.828
[ optimality gap       ]:       77.63%
[3541 sec, 15119986 itr]:      563.828
[3542 sec, 15123601 itr]:      563.828
[3543 sec, 15132705 itr]:      563.828
[3544 sec, 15132705 itr]:      563.828
[3545 sec, 15137214 itr]:      563.828
[3546 sec, 15141728 itr]:      563.828
[3547 sec, 15146710 itr]:      563.828
[3548 sec, 15155715 itr]:      563.828
[3549 sec, 15155715 itr]:      563.828
[3550 sec, 15160265 itr]:      563.828
[ optimality gap       ]:       77.63%
[3551 sec, 15164735 itr]:      563.828
[3552 sec, 15168602 itr]:      563.828
[3553 sec, 15172830 itr]:      563.828
[3554 sec, 15176539 itr]:      563.828
[3555 sec, 15180573 itr]:      563.828
[3556 sec, 15183899 itr]:      563.828
[3557 sec, 15183899 itr]:      563.828
[3558 sec, 15188051 itr]:      563.828
[3559 sec, 15192563 itr]:      563.828
[3560 sec, 15195976 itr]:      563.828
[ optimality gap       ]:       77.63%
[3561 sec, 15203023 itr]:      563.828
[3562 sec, 15203023 itr]:      563.828
[3563 sec, 15206715 itr]:      563.828
[3564 sec, 15215859 itr]:      563.828
[3565 sec, 15215859 itr]:      563.828
[3566 sec, 15220392 itr]:      563.828
[3567 sec, 15224445 itr]:      563.828
[3568 sec, 15232357 itr]:      563.828
[3569 sec, 15236482 itr]:      563.828
[3570 sec, 15236482 itr]:      563.828
[ optimality gap       ]:       77.63%
[3571 sec, 15243662 itr]:      563.828
[3572 sec, 15248532 itr]:      563.828
[3573 sec, 15253208 itr]:      563.828
[3574 sec, 15253208 itr]:      563.828
[3575 sec, 15257760 itr]:      563.828
[3576 sec, 15259185 itr]:      563.828
[3577 sec, 15262963 itr]:      563.828
[3578 sec, 15266978 itr]:      563.828
[3579 sec, 15271028 itr]:      563.828
[3580 sec, 15274505 itr]:      563.828
[ optimality gap       ]:       77.63%
[3581 sec, 15283486 itr]:      563.828
[3582 sec, 15283486 itr]:      563.828
[3583 sec, 15287526 itr]:      563.828
[3584 sec, 15290749 itr]:      563.828
[3585 sec, 15294392 itr]:      563.828
[3586 sec, 15303078 itr]:      563.828
[3587 sec, 15307750 itr]:      563.828
[3588 sec, 15307750 itr]:      563.828
[3589 sec, 15315196 itr]:      563.828
[3590 sec, 15315196 itr]:      563.828
[ optimality gap       ]:       77.63%
[3591 sec, 15319789 itr]:      563.828
[3592 sec, 15327802 itr]:      563.828
[3593 sec, 15327802 itr]:      563.828
[3594 sec, 15335616 itr]:      563.828
[3595 sec, 15335616 itr]:      563.828
[3596 sec, 15340426 itr]:      563.828
[3597 sec, 15344556 itr]:      563.828
[3598 sec, 15353148 itr]:      563.828
[3599 sec, 15353148 itr]:      563.828
[3600 sec, 15358202 itr]:      563.828
[ optimality gap       ]:       77.63%
[3600 sec, 15359803 itr]:      563.828
[ optimality gap       ]:       77.63%

15359803 iterations performed in 3600 seconds

Feasible solution: 
  obj    =      563.828
  gap    =       77.63%
  bounds =      126.121
Time limit reached, but a feasible solution is available
  objective value = 563.82826739773
  status = HxSolutionStatus.FEASIBLE, iterations = 15359803, time = 3600.00s, gap = 77.63%

[12:15:44.208849] Saving solution to file: /dados/rmelo/PDPTW-SE/benchmark_multi_island_v5/official_experiments/mip_hexaly/set_02_pt_01/logs/form_melo_hx/solutions/08R_08V_04I_03M/lr103_sol_genconfig_melo_hx.txt

[12:15:44] Saving solution timeline to file: /dados/rmelo/PDPTW-SE/benchmark_multi_island_v5/official_experiments/mip_hexaly/set_02_pt_01/logs/form_melo_hx/timelines/08R_08V_04I_03M/lr103_timeline_genconfig_melo_hx.txt

[22/09/2025 12:15:44] Writing results to CSV: /dados/rmelo/PDPTW-SE/benchmark_multi_island_v5/official_experiments/mip_hexaly/set_02_pt_01/logs/form_melo_hx/outputs/csvresults_form_melo_hx.csv
---------------------| VEHICLES |---------------------

Vehicle 5 :
	id: 0
			node: 0
			(x, y, z): (35, 35, 0)
			dem: 0
			earl: 0
			lat: 230
			servt: 0
			pid: 0
			did: 0
			servST: 8.8301698176449
			(h, h_ind): (-1, -1)
			load: 0.0
			
	Finished service at time: 8.8301698176449
	
	Using Machine: 0
			Task 0 -> Machine 0 (Station 0): 2.24
			Vehicle arrival at machine station: 11.070169817644901
			Waiting time until machine travel: 0.0
			Machine travel start time: 11.070170712735868
			Region 0 -> Region 1: 10.05
			Machine arrival at machine station: 21.12017071273587
			
			Machine 0 (Station 1)-> Task 2: 17.89
			Vehicle arrival at task: 39.01017071273587
			Waiting time until service start time: -0.0
			
	id: 2
			node: 1
			(x, y, z): (35, 17, 1)
			dem: 7
			earl: 0
			lat: 202
			servt: 10
			pid: 0
			did: 4
			servST: 39.01016981764491
			(h, h_ind): (0, 0)
			load: 7.0
			
	Finished service at time: 49.01016981764491
	
	Task 2 -> Task 16: 25.18
	Vehicle arrival at task: 74.19016981764491
	Waiting time until service start time: 0.0
	
	id: 16
			node: 6
			(x, y, z): (10, 20, 1)
			dem: 19
			earl: 0
			lat: 190
			servt: 10
			pid: 0
			did: 61
			servST: 74.19016981764491
			(h, h_ind): (-1, -1)
			load: 26.0
			
	Finished service at time: 84.19016981764491
	
	Task 16 -> Task 61: 4.47
	Vehicle arrival at task: 88.66016981764491
	Waiting time until service start time: -0.0
	
	id: 61
			node: 14
			(x, y, z): (12, 24, 1)
			dem: -19
			earl: 0
			lat: 194
			servt: 10
			pid: 16
			did: 0
			servST: 88.66015276820326
			(h, h_ind): (-1, -1)
			load: 7.0
			
	Finished service at time: 98.66015276820326
	
	Using Machine: 0
			Task 61 -> Machine 0 (Station 1): 17.49
			Vehicle arrival at machine station: 116.15015276820326
			Waiting time until machine travel: 0.0
			Machine travel start time: 116.15024836533864
			Region 1 -> Region 0: 10.05
			Machine arrival at machine station: 126.20024836533864
			
			Machine 0 (Station 0)-> Task 4: 22.8
			Vehicle arrival at task: 149.00024836533865
			Waiting time until service start time: -0.0
			
	id: 4
			node: 9
			(x, y, z): (55, 20, 0)
			dem: -7
			earl: 149
			lat: 159
			servt: 10
			pid: 2
			did: 0
			servST: 149.0
			(h, h_ind): (0, 1)
			load: 0.0
			
	Finished service at time: 159.0
	
	Task 4 -> Task 12: 15.81
	Vehicle arrival at task: 174.81
	Waiting time until service start time: -0.0
	
	id: 12
			node: 5
			(x, y, z): (50, 35, 0)
			dem: 19
			earl: 0
			lat: 205
			servt: 10
			pid: 0
			did: 80
			servST: 174.80965064804442
			(h, h_ind): (-1, -1)
			load: 19.0
			
	Finished service at time: 184.80965064804442
	
	Task 12 -> Task 80: 6.32
	Vehicle arrival at task: 191.12965064804442
	Waiting time until service start time: 0.0
	
	id: 80
			node: 13
			(x, y, z): (56, 37, 0)
			dem: -19
			earl: 182
			lat: 192
			servt: 10
			pid: 12
			did: 0
			servST: 191.12975780132598
			(h, h_ind): (-1, -1)
			load: 0.0
			
	Finished service at time: 201.12975780132598
	
	Task 80 -> Task 0: 21.1
	Vehicle arrival at task: 222.22975780132597
	Waiting time until service start time: -0.0
	
	id: 0
			node: 17
			(x, y, z): (35, 35, 0)
			dem: 0
			earl: 0
			lat: 230
			servt: 0
			pid: 0
			did: 0
			servST: 222.22941416809428
			(h, h_ind): (-1, -1)
			load: 0.0
			

Vehicle 6 :
	id: 0
			node: 0
			(x, y, z): (35, 35, 0)
			dem: 0
			earl: 0
			lat: 230
			servt: 0
			pid: 0
			did: 0
			servST: 3.460216196300017
			(h, h_ind): (-1, -1)
			load: 0.0
			
	Finished service at time: 3.460216196300017
	
	Using Machine: 1
			Task 0 -> Machine 1 (Station 0): 3.0
			Vehicle arrival at machine station: 6.460216196300017
			Waiting time until machine travel: 0.0
			Machine travel start time: 6.460216196300017
			Region 0 -> Region 2: 20.12
			Machine arrival at machine station: 26.580216196300018
			
			Machine 1 (Station 2)-> Task 7: 6.0
			Vehicle arrival at task: 32.580216196300015
			Waiting time until service start time: -0.0
			
	id: 7
			node: 2
			(x, y, z): (20, 50, 2)
			dem: 5
			earl: 0
			lat: 198
			servt: 10
			pid: 0
			did: 47
			servST: 32.580209669896064
			(h, h_ind): (1, 0)
			load: 5.000000560022297
			
	Finished service at time: 42.580209669896064
	
	Task 7 -> Task 19: 11.18
	Vehicle arrival at task: 53.760209669896064
	Waiting time until service start time: 0.0
	
	id: 19
			node: 8
			(x, y, z): (15, 60, 2)
			dem: 17
			earl: 0
			lat: 187
			servt: 10
			pid: 0
			did: 11
			servST: 53.76020966989607
			(h, h_ind): (-1, -1)
			load: 21.9999988327385
			
	Finished service at time: 63.76020966989607
	
	Task 19 -> Task 11: 7.07
	Vehicle arrival at task: 70.83020966989608
	Waiting time until service start time: -0.0
	
	id: 11
			node: 16
			(x, y, z): (20, 65, 2)
			dem: -17
			earl: 67
			lat: 77
			servt: 10
			pid: 19
			did: 0
			servST: 70.83020966989606
			(h, h_ind): (-1, -1)
			load: 5.0
			
	Finished service at time: 80.83020966989606
	
	Task 11 -> Task 8: 24.17
	Vehicle arrival at task: 105.00020966989607
	Waiting time until service start time: -0.0
	
	id: 8
			node: 3
			(x, y, z): (10, 43, 2)
			dem: 9
			earl: 95
			lat: 105
			servt: 10
			pid: 0
			did: 46
			servST: 105.0
			(h, h_ind): (-1, -1)
			load: 13.999998519662121
			
	Finished service at time: 115.0
	
	Task 8 -> Task 46: 9.43
	Vehicle arrival at task: 124.43
	Waiting time until service start time: 0.0
	
	id: 46
			node: 11
			(x, y, z): (2, 48, 2)
			dem: -9
			earl: 0
			lat: 184
			servt: 10
			pid: 8
			did: 0
			servST: 124.43000145966322
			(h, h_ind): (-1, -1)
			load: 5.000000299499927
			
	Finished service at time: 134.43000145966323
	
	Task 46 -> Task 47: 10.0
	Vehicle arrival at task: 144.43000145966323
	Waiting time until service start time: -0.0
	
	id: 47
			node: 10
			(x, y, z): (8, 56, 2)
			dem: -5
			earl: 0
			lat: 185
			servt: 10
			pid: 7
			did: 0
			servST: 144.430000572695
			(h, h_ind): (-1, -1)
			load: 0.0
			
	Finished service at time: 154.430000572695
	
	Task 47 -> Task 18: 20.0
	Vehicle arrival at task: 174.430000572695
	Waiting time until service start time: -0.0
	
	id: 18
			node: 7
			(x, y, z): (20, 40, 2)
			dem: 12
			earl: 0
			lat: 204
			servt: 10
			pid: 0
			did: 89
			servST: 174.43
			(h, h_ind): (-1, -1)
			load: 12.0
			
	Finished service at time: 184.43
	
	Using Machine: 0
			Task 18 -> Machine 0 (Station 2): 3.0
			Vehicle arrival at machine station: 187.43
			Waiting time until machine travel: 0.0
			Machine travel start time: 187.43
			Region 2 -> Region 1: 12.21
			Machine arrival at machine station: 199.64000000000001
			
			Machine 0 (Station 1)-> Task 89: 2.24
			Vehicle arrival at task: 201.88000000000002
			Waiting time until service start time: -0.0
			
	id: 89
			node: 15
			(x, y, z): (26, 35, 1)
			dem: -12
			earl: 0
			lat: 211
			servt: 10
			pid: 18
			did: 0
			servST: 201.8796045456092
			(h, h_ind): (0, 2)
			load: 0.0
			
	Finished service at time: 211.8796045456092
	
	Using Machine: 0
			Task 89 -> Machine 0 (Station 1): 2.24
			Vehicle arrival at machine station: 214.1196045456092
			Waiting time until machine travel: -0.0
			Machine travel start time: 214.11960319849263
			Region 1 -> Region 0: 10.05
			Machine arrival at machine station: 224.16960319849264
			
			Machine 0 (Station 0)-> Task 0: 2.24
			Vehicle arrival at task: 226.40960319849265
			Waiting time until service start time: 0.0
			
	id: 0
			node: 17
			(x, y, z): (35, 35, 0)
			dem: 0
			earl: 0
			lat: 230
			servt: 0
			pid: 0
			did: 0
			servST: 226.4096045456092
			(h, h_ind): (0, 3)
			load: 0.0
			

Vehicle 7 :
	id: 0
			node: 0
			(x, y, z): (35, 35, 0)
			dem: 0
			earl: 0
			lat: 230
			servt: 0
			pid: 0
			did: 0
			servST: 53.4000734328215
			(h, h_ind): (-1, -1)
			load: 0.0
			
	Finished service at time: 53.4000734328215
	
	Using Machine: 1
			Task 0 -> Machine 1 (Station 0): 3.0
			Vehicle arrival at machine station: 56.4000734328215
			Waiting time until machine travel: 0.0
			Machine travel start time: 56.4000734328215
			Region 0 -> Region 3: 32.39
			Machine arrival at machine station: 88.7900734328215
			
			Machine 1 (Station 3)-> Task 9: 13.89
			Vehicle arrival at task: 102.6800734328215
			Waiting time until service start time: -0.0
			
	id: 9
			node: 4
			(x, y, z): (55, 60, 3)
			dem: 16
			earl: 97
			lat: 107
			servt: 10
			pid: 0
			did: 66
			servST: 102.67995395551827
			(h, h_ind): (1, 1)
			load: 16.0
			
	Finished service at time: 112.67995395551827
	
	Task 9 -> Task 66: 14.32
	Vehicle arrival at task: 126.99995395551827
	Waiting time until service start time: 0.0
	
	id: 66
			node: 12
			(x, y, z): (49, 73, 3)
			dem: -16
			earl: 127
			lat: 137
			servt: 10
			pid: 9
			did: 0
			servST: 127.0
			(h, h_ind): (-1, -1)
			load: 0.0
			
	Finished service at time: 137.0
	
	Using Machine: 1
			Task 66 -> Machine 1 (Station 3): 8.49
			Vehicle arrival at machine station: 145.49
			Waiting time until machine travel: -0.0
			Machine travel start time: 145.48970968069742
			Region 3 -> Region 0: 32.39
			Machine arrival at machine station: 177.87970968069743
			
			Machine 1 (Station 0)-> Task 0: 3.0
			Vehicle arrival at task: 180.87970968069743
			Waiting time until service start time: -0.0
			
	id: 0
			node: 17
			(x, y, z): (35, 35, 0)
			dem: 0
			earl: 0
			lat: 230
			servt: 0
			pid: 0
			did: 0
			servST: 180.8797092563719
			(h, h_ind): (1, 2)
			load: 0.0
			

---------------------| MACHINES |---------------------

Machine 0 :
	setup duration: 0.0
	
	vehicle: 5
	vehicleInd: 1
	(orig, dest): (0, 1)
	(origID, destID): (0, 2)
	(origRegion, destRegion): (0, 1)
	st: 11.070170712735868
	duration: 10.05
	
	setup duration: 0.0
	
	vehicle: 5
	vehicleInd: 4
	(orig, dest): (14, 9)
	(origID, destID): (61, 4)
	(origRegion, destRegion): (1, 0)
	st: 116.15024836533864
	duration: 10.05
	
	setup duration: 19.24
	
	vehicle: 6
	vehicleInd: 8
	(orig, dest): (7, 15)
	(origID, destID): (18, 89)
	(origRegion, destRegion): (2, 1)
	st: 187.43
	duration: 12.21
	
	setup duration: 0.0
	
	vehicle: 6
	vehicleInd: 9
	(orig, dest): (15, 17)
	(origID, destID): (89, 0)
	(origRegion, destRegion): (1, 0)
	st: 214.11960319849263
	duration: 10.05
	

Machine 1 :
	setup duration: 0.0
	
	vehicle: 6
	vehicleInd: 1
	(orig, dest): (0, 2)
	(origID, destID): (0, 7)
	(origRegion, destRegion): (0, 2)
	st: 6.460216196300017
	duration: 20.12
	
	setup duration: 20.12
	
	vehicle: 7
	vehicleInd: 1
	(orig, dest): (0, 4)
	(origID, destID): (0, 9)
	(origRegion, destRegion): (0, 3)
	st: 56.4000734328215
	duration: 32.39
	
	setup duration: 0.0
	
	vehicle: 7
	vehicleInd: 3
	(orig, dest): (12, 17)
	(origID, destID): (66, 0)
	(origRegion, destRegion): (3, 0)
	st: 145.48970968069742
	duration: 32.39
	

-------------------| COMPL. TIMES |-------------------

Vehicle 0 : 0.0
Vehicle 1 : 0.0
Vehicle 2 : 0.0
Vehicle 3 : 0.0
Vehicle 4 : 0.0
Vehicle 5 : 213.39924
Vehicle 6 : 222.94939
Vehicle 7 : 127.47964
-------------------| STATISTICS |-------------------

    Vehicles used                           : 37.5
    Machines used                           : 66.6667
    Max load (vehicles)                     : 81.25
    Min load (vehicles)                     : 57.8947
    Mean load (vehicles)                    : 66.8944
    Min completion time                     : 55.4259
    Max completion time                     : 96.9345
    Mean completion time                    : 81.7142
    Avrg travel time (with vehicle)         : 40.8848
    Avrg travel time (only with vehicle)    : 27.6652
    Avrg travel time (no vehicle)           : 13.2196
    Avrg waiting time (machine travel)      : 0.0
    Avrg waiting time (service)             : 0.0
    Machines travel times (with vehicle)    : [31.1522, 50.6174, 0.0]
    Machines travel times (no vehicle)      : [12.7348, 13.7043, 0.0]
    Max load per vehicle                    : [0.0, 0.0, 0.0, 0.0, 0.0, 81.25, 57.8947, 61.5385]
----------------------------------------------------

TOTAL: 563.82827

Everything is awesome!
