Set parameter WLSAccessID
Set parameter WLSSecret
Set parameter LicenseID to value 2661775
Academic license 2661775 - for non-commercial use only - registered to me___@dcc.ufba.br
Loading line 2: methodType heur
Loading line 3: methodCode mslp
Loading line 4: seed 0
Loading line 5: threads 1
Loading line 6: greedy_service_order random
Loading line 7: outputFlagGrbMSLP 0
Loading line 8: mslpa 60000
Loading line 9: mslpr I
Loading line 10: maxtime 3600
Loading line 11: output ./logs/
Loading line 12: printsol 1
Loading line 13: solverMethod A
Instance: LR1_2_9_t1_60R_60V_04F_05M

[17:50:59.967] Running Data.readData with file /dados/rmelo/PDPTW-SE/benchmark_multi_floor_v3/official_experiments/multistartlp/preliminar/set_01_pt_04/../../../../instances/orig_ams_fg/60R_60V_04F_06M/t1/LR1_2_9/
vehicles: Vehicle[Vehicle(0, 58), Vehicle(1, 72), Vehicle(2, 86), Vehicle(3, 72), Vehicle(4, 72), Vehicle(5, 58), Vehicle(6, 58), Vehicle(7, 72), Vehicle(8, 58), Vehicle(9, 72), Vehicle(10, 72), Vehicle(11, 58), Vehicle(12, 72), Vehicle(13, 72), Vehicle(14, 86), Vehicle(15, 58), Vehicle(16, 72), Vehicle(17, 58), Vehicle(18, 86), Vehicle(19, 58), Vehicle(20, 86), Vehicle(21, 58), Vehicle(22, 58), Vehicle(23, 58), Vehicle(24, 86), Vehicle(25, 58), Vehicle(26, 86), Vehicle(27, 86), Vehicle(28, 72), Vehicle(29, 58), Vehicle(30, 58), Vehicle(31, 86), Vehicle(32, 72), Vehicle(33, 86), Vehicle(34, 72), Vehicle(35, 72), Vehicle(36, 72), Vehicle(37, 72), Vehicle(38, 86), Vehicle(39, 72), Vehicle(40, 58), Vehicle(41, 86), Vehicle(42, 86), Vehicle(43, 86), Vehicle(44, 72), Vehicle(45, 58), Vehicle(46, 72), Vehicle(47, 72), Vehicle(48, 58), Vehicle(49, 86), Vehicle(50, 72), Vehicle(51, 72), Vehicle(52, 86), Vehicle(53, 86), Vehicle(54, 58), Vehicle(55, 58), Vehicle(56, 86), Vehicle(57, 58), Vehicle(58, 72), Vehicle(59, 86)]
vehicle_types: Vehicle[Vehicle(0, 58), Vehicle(1, 72), Vehicle(2, 86)]
Machine[Machine(0, Point[Point(71, 70, 0), Point(71, 70, 1), Point(71, 70, 2), Point(71, 70, 3)], 0.2), Machine(1, Point[Point(73, 70, 0), Point(73, 70, 1), Point(73, 70, 2), Point(73, 70, 3)], 0.2), Machine(2, Point[Point(69, 70, 0), Point(69, 70, 1), Point(69, 70, 2), Point(69, 70, 3)], 0.2), Machine(3, Point[Point(75, 70, 0), Point(75, 70, 1), Point(75, 70, 2), Point(75, 70, 3)], 0.2), Machine(4, Point[Point(67, 70, 0), Point(67, 70, 1), Point(67, 70, 2), Point(67, 70, 3)], 0.2)]
refs: [1, 2, 3, 5, 7, 8, 14, 16, 17, 18, 19, 20, 21, 22, 23, 27, 29, 31, 32, 34, 36, 37, 39, 40, 42, 43, 44, 46, 47, 49, 51, 52, 56, 57, 58, 59, 62, 63, 65, 66, 67, 68, 69, 70, 71, 78, 79, 80, 84, 86, 87, 90, 91, 93, 95, 96, 97, 107, 108, 109, 110, 41, 35, 26, 25, 15, 45, 54, 92, 30, 103, 38, 104, 94, 100, 10, 119, 28, 82, 112, 4, 102, 24, 106, 89, 76, 13, 75, 77, 118, 11, 120, 83, 115, 114, 111, 33, 121, 117, 113, 60, 12, 73, 53, 105, 50, 48, 6, 116, 74, 72, 98, 81, 99, 64, 85, 61, 55, 9, 101, 88, 1]
V: [1, 2, 3, 4, 5, 6, 7, 8, 9, 10, 11, 12, 13, 14, 15, 16, 17, 18, 19, 20, 21, 22, 23, 24, 25, 26, 27, 28, 29, 30, 31, 32, 33, 34, 35, 36, 37, 38, 39, 40, 41, 42, 43, 44, 45, 46, 47, 48, 49, 50, 51, 52, 53, 54, 55, 56, 57, 58, 59, 60, 61, 62, 63, 64, 65, 66, 67, 68, 69, 70, 71, 72, 73, 74, 75, 76, 77, 78, 79, 80, 81, 82, 83, 84, 85, 86, 87, 88, 89, 90, 91, 92, 93, 94, 95, 96, 97, 98, 99, 100, 101, 102, 103, 104, 105, 106, 107, 108, 109, 110, 111, 112, 113, 114, 115, 116, 117, 118, 119, 120, 121]
V_p: [2, 3, 4, 5, 6, 7, 8, 9, 10, 11, 12, 13, 14, 15, 16, 17, 18, 19, 20, 21, 22, 23, 24, 25, 26, 27, 28, 29, 30, 31, 32, 33, 34, 35, 36, 37, 38, 39, 40, 41, 42, 43, 44, 45, 46, 47, 48, 49, 50, 51, 52, 53, 54, 55, 56, 57, 58, 59, 60, 61]
V_d: [62, 63, 64, 65, 66, 67, 68, 69, 70, 71, 72, 73, 74, 75, 76, 77, 78, 79, 80, 81, 82, 83, 84, 85, 86, 87, 88, 89, 90, 91, 92, 93, 94, 95, 96, 97, 98, 99, 100, 101, 102, 103, 104, 105, 106, 107, 108, 109, 110, 111, 112, 113, 114, 115, 116, 117, 118, 119, 120, 121]
Vprime: [1, 2, 3, 4, 5, 6, 7, 8, 9, 10, 11, 12, 13, 14, 15, 16, 17, 18, 19, 20, 21, 22, 23, 24, 25, 26, 27, 28, 29, 30, 31, 32, 33, 34, 35, 36, 37, 38, 39, 40, 41, 42, 43, 44, 45, 46, 47, 48, 49, 50, 51, 52, 53, 54, 55, 56, 57, 58, 59, 60, 61, 62, 63, 64, 65, 66, 67, 68, 69, 70, 71, 72, 73, 74, 75, 76, 77, 78, 79, 80, 81, 82, 83, 84, 85, 86, 87, 88, 89, 90, 91, 92, 93, 94, 95, 96, 97, 98, 99, 100, 101, 102, 103, 104, 105, 106, 107, 108, 109, 110, 111, 112, 113, 114, 115, 116, 117, 118, 119, 120, 121, 122]
V: [1, 2, 3, 4, 5, 6, 7, 8, 9, 10, 11, 12, 13, 14, 15, 16, 17, 18, 19, 20, 21, 22, 23, 24, 25, 26, 27, 28, 29, 30, 31, 32, 33, 34, 35, 36, 37, 38, 39, 40, 41, 42, 43, 44, 45, 46, 47, 48, 49, 50, 51, 52, 53, 54, 55, 56, 57, 58, 59, 60, 61, 62, 63, 64, 65, 66, 67, 68, 69, 70, 71, 72, 73, 74, 75, 76, 77, 78, 79, 80, 81, 82, 83, 84, 85, 86, 87, 88, 89, 90, 91, 92, 93, 94, 95, 96, 97, 98, 99, 100, 101, 102, 103, 104, 105, 106, 107, 108, 109, 110, 111, 112, 113, 114, 115, 116, 117, 118, 119, 120, 121]
q: [0, 34, 8, 19, 22, 21, 13, 13, 11, 7, 43, 10, 18, 13, 10, 8, 12, 18, 18, 17, 9, 30, 9, 13, 18, 32, 23, 31, 24, 9, 12, 10, 17, 23, 20, 32, 16, 21, 18, 37, 14, 4, 4, 23, 25, 3, 20, 34, 13, 14, 29, 22, 30, 27, 5, 26, 18, 19, 20, 17, 9, -34, -8, -19, -22, -21, -13, -13, -11, -7, -43, -10, -18, -13, -10, -8, -12, -18, -18, -17, -9, -30, -9, -13, -18, -32, -23, -31, -24, -9, -12, -10, -17, -23, -20, -32, -16, -21, -18, -37, -14, -4, -4, -23, -25, -3, -20, -34, -13, -14, -29, -22, -30, -27, -5, -26, -18, -19, -20, -17, -9, 0]
H: [1, 2, 3, 4, 5]
f: [[1, 1, 1, 1, 1], [1, 1, 1, 1, 1], [3, 3, 3, 3, 3], [1, 1, 1, 1, 1], [2, 2, 2, 2, 2], [3, 3, 3, 3, 3], [3, 3, 3, 3, 3], [1, 1, 1, 1, 1], [1, 1, 1, 1, 1], [2, 2, 2, 2, 2], [1, 1, 1, 1, 1], [4, 4, 4, 4, 4], [1, 1, 1, 1, 1], [1, 1, 1, 1, 1], [3, 3, 3, 3, 3], [1, 1, 1, 1, 1], [2, 2, 2, 2, 2], [4, 4, 4, 4, 4], [2, 2, 2, 2, 2], [3, 3, 3, 3, 3], [3, 3, 3, 3, 3], [3, 3, 3, 3, 3], [1, 1, 1, 1, 1], [1, 1, 1, 1, 1], [1, 1, 1, 1, 1], [3, 3, 3, 3, 3], [3, 3, 3, 3, 3], [2, 2, 2, 2, 2], [4, 4, 4, 4, 4], [1, 1, 1, 1, 1], [2, 2, 2, 2, 2], [2, 2, 2, 2, 2], [2, 2, 2, 2, 2], [1, 1, 1, 1, 1], [2, 2, 2, 2, 2], [2, 2, 2, 2, 2], [3, 3, 3, 3, 3], [4, 4, 4, 4, 4], [2, 2, 2, 2, 2], [1, 1, 1, 1, 1], [1, 1, 1, 1, 1], [3, 3, 3, 3, 3], [1, 1, 1, 1, 1], [3, 3, 3, 3, 3], [4, 4, 4, 4, 4], [3, 3, 3, 3, 3], [1, 1, 1, 1, 1], [3, 3, 3, 3, 3], [2, 2, 2, 2, 2], [2, 2, 2, 2, 2], [3, 3, 3, 3, 3], [3, 3, 3, 3, 3], [2, 2, 2, 2, 2], [1, 1, 1, 1, 1], [1, 1, 1, 1, 1], [4, 4, 4, 4, 4], [2, 2, 2, 2, 2], [4, 4, 4, 4, 4], [3, 3, 3, 3, 3], [4, 4, 4, 4, 4], [4, 4, 4, 4, 4], [1, 1, 1, 1, 1], [2, 2, 2, 2, 2], [3, 3, 3, 3, 3], [3, 3, 3, 3, 3], [1, 1, 1, 1, 1], [2, 2, 2, 2, 2], [2, 2, 2, 2, 2], [2, 2, 2, 2, 2], [1, 1, 1, 1, 1], [3, 3, 3, 3, 3], [4, 4, 4, 4, 4], [3, 3, 3, 3, 3], [1, 1, 1, 1, 1], [1, 1, 1, 1, 1], [4, 4, 4, 4, 4], [2, 2, 2, 2, 2], [4, 4, 4, 4, 4], [1, 1, 1, 1, 1], [3, 3, 3, 3, 3], [4, 4, 4, 4, 4], [3, 3, 3, 3, 3], [1, 1, 1, 1, 1], [3, 3, 3, 3, 3], [3, 3, 3, 3, 3], [2, 2, 2, 2, 2], [1, 1, 1, 1, 1], [3, 3, 3, 3, 3], [2, 2, 2, 2, 2], [1, 1, 1, 1, 1], [1, 1, 1, 1, 1], [2, 2, 2, 2, 2], [2, 2, 2, 2, 2], [2, 2, 2, 2, 2], [3, 3, 3, 3, 3], [4, 4, 4, 4, 4], [3, 3, 3, 3, 3], [2, 2, 2, 2, 2], [4, 4, 4, 4, 4], [3, 3, 3, 3, 3], [2, 2, 2, 2, 2], [2, 2, 2, 2, 2], [4, 4, 4, 4, 4], [4, 4, 4, 4, 4], [1, 1, 1, 1, 1], [3, 3, 3, 3, 3], [1, 1, 1, 1, 1], [4, 4, 4, 4, 4], [3, 3, 3, 3, 3], [2, 2, 2, 2, 2], [4, 4, 4, 4, 4], [2, 2, 2, 2, 2], [2, 2, 2, 2, 2], [1, 1, 1, 1, 1], [4, 4, 4, 4, 4], [1, 1, 1, 1, 1], [1, 1, 1, 1, 1], [3, 3, 3, 3, 3], [4, 4, 4, 4, 4], [1, 1, 1, 1, 1], [1, 1, 1, 1, 1], [1, 1, 1, 1, 1]]
1 1 1 -> 0.0
1 2 1 -> 5.0
1 3 1 -> 10.0
1 4 1 -> 15.0
2 1 1 -> 5.0
2 2 1 -> 0.0
2 3 1 -> 5.0
2 4 1 -> 10.0
3 1 1 -> 10.0
3 2 1 -> 5.0
3 3 1 -> 0.0
3 4 1 -> 5.0
4 1 1 -> 15.0
4 2 1 -> 10.0
4 3 1 -> 5.0
4 4 1 -> 0.0
1 1 2 -> 0.0
1 2 2 -> 5.0
1 3 2 -> 10.0
1 4 2 -> 15.0
2 1 2 -> 5.0
2 2 2 -> 0.0
2 3 2 -> 5.0
2 4 2 -> 10.0
3 1 2 -> 10.0
3 2 2 -> 5.0
3 3 2 -> 0.0
3 4 2 -> 5.0
4 1 2 -> 15.0
4 2 2 -> 10.0
4 3 2 -> 5.0
4 4 2 -> 0.0
1 1 3 -> 0.0
1 2 3 -> 5.0
1 3 3 -> 10.0
1 4 3 -> 15.0
2 1 3 -> 5.0
2 2 3 -> 0.0
2 3 3 -> 5.0
2 4 3 -> 10.0
3 1 3 -> 10.0
3 2 3 -> 5.0
3 3 3 -> 0.0
3 4 3 -> 5.0
4 1 3 -> 15.0
4 2 3 -> 10.0
4 3 3 -> 5.0
4 4 3 -> 0.0
1 1 4 -> 0.0
1 2 4 -> 5.0
1 3 4 -> 10.0
1 4 4 -> 15.0
2 1 4 -> 5.0
2 2 4 -> 0.0
2 3 4 -> 5.0
2 4 4 -> 10.0
3 1 4 -> 10.0
3 2 4 -> 5.0
3 3 4 -> 0.0
3 4 4 -> 5.0
4 1 4 -> 15.0
4 2 4 -> 10.0
4 3 4 -> 5.0
4 4 4 -> 0.0
1 1 5 -> 0.0
1 2 5 -> 5.0
1 3 5 -> 10.0
1 4 5 -> 15.0
2 1 5 -> 5.0
2 2 5 -> 0.0
2 3 5 -> 5.0
2 4 5 -> 10.0
3 1 5 -> 10.0
3 2 5 -> 5.0
3 3 5 -> 0.0
3 4 5 -> 5.0
4 1 5 -> 15.0
4 2 5 -> 10.0
4 3 5 -> 5.0
4 4 5 -> 0.0
o: (1, 2, 3) => 5.0
o: (3, 1, 3) => 10.0
o: (1, 3, 5) => 10.0
o: (3, 2, 4) => 5.0
o: (1, 4, 5) => 15.0
o: (3, 2, 3) => 5.0
o: (3, 3, 5) => 0.0
o: (2, 1, 1) => 5.0
o: (3, 4, 5) => 5.0
o: (1, 3, 2) => 10.0
o: (1, 4, 2) => 15.0
o: (4, 3, 4) => 5.0
o: (2, 2, 1) => 0.0
o: (4, 4, 4) => 0.0
o: (3, 3, 2) => 0.0
o: (3, 4, 2) => 5.0
o: (4, 3, 3) => 5.0
o: (4, 4, 3) => 0.0
o: (1, 1, 5) => 0.0
o: (1, 2, 5) => 5.0
o: (3, 1, 5) => 10.0
o: (1, 3, 1) => 10.0
o: (1, 1, 2) => 0.0
o: (1, 4, 1) => 15.0
o: (4, 1, 4) => 15.0
o: (3, 2, 5) => 5.0
o: (3, 3, 1) => 0.0
o: (1, 2, 2) => 5.0
o: (3, 1, 2) => 10.0
o: (3, 4, 1) => 5.0
o: (4, 1, 3) => 15.0
o: (4, 2, 4) => 10.0
o: (3, 2, 2) => 5.0
o: (2, 3, 4) => 5.0
o: (4, 2, 3) => 10.0
o: (2, 4, 4) => 10.0
o: (4, 3, 5) => 5.0
o: (4, 4, 5) => 0.0
o: (1, 1, 1) => 0.0
o: (2, 3, 3) => 5.0
o: (2, 4, 3) => 10.0
o: (4, 3, 2) => 5.0
o: (1, 2, 1) => 5.0
o: (3, 1, 1) => 10.0
o: (4, 4, 2) => 0.0
o: (3, 2, 1) => 5.0
o: (2, 1, 4) => 5.0
o: (4, 1, 5) => 15.0
o: (2, 1, 3) => 5.0
o: (2, 2, 4) => 0.0
o: (4, 2, 5) => 10.0
o: (4, 3, 1) => 5.0
o: (4, 1, 2) => 15.0
o: (4, 4, 1) => 0.0
o: (2, 2, 3) => 0.0
o: (2, 3, 5) => 5.0
o: (2, 4, 5) => 10.0
o: (4, 2, 2) => 10.0
o: (1, 3, 4) => 10.0
o: (2, 3, 2) => 5.0
o: (1, 4, 4) => 15.0
o: (2, 4, 2) => 10.0
o: (1, 3, 3) => 10.0
o: (3, 3, 4) => 0.0
o: (1, 4, 3) => 15.0
o: (3, 4, 4) => 5.0
o: (4, 1, 1) => 15.0
o: (2, 1, 5) => 5.0
o: (3, 3, 3) => 0.0
o: (3, 4, 3) => 5.0
o: (4, 2, 1) => 10.0
o: (2, 2, 5) => 0.0
o: (2, 3, 1) => 5.0
o: (1, 1, 4) => 0.0
o: (2, 1, 2) => 5.0
o: (2, 4, 1) => 10.0
o: (1, 1, 3) => 0.0
o: (1, 2, 4) => 5.0
o: (2, 2, 2) => 0.0
o: (3, 1, 4) => 10.0

[130, 898, 888, 796, 786, 801, 719, 16]
JOBS in the order of refs (Vprime)
Node 1: Job(0, Point(70, 70, 0), 0, 0, 688, 0, 0, 0)
Node 2: Job(1, Point(107, 77, 0), 34, 37, 124, 10, 0, 51)
Node 3: Job(2, Point(109, 139, 2), 8, 94, 162, 10, 0, 42)
Node 4: Job(4, Point(48, 47, 0), 19, 31, 106, 10, 0, 29)
Node 5: Job(7, Point(86, 40, 1), 22, 34, 54, 10, 0, 28)
Node 6: Job(8, Point(121, 124, 2), 21, 147, 183, 10, 0, 17)
Node 7: Job(15, Point(41, 36, 2), 13, 44, 115, 10, 0, 56)
Node 8: Job(18, Point(104, 54, 0), 13, 41, 94, 10, 0, 66)
Node 9: Job(19, Point(22, 104, 0), 11, 209, 283, 10, 0, 114)
Node 10: Job(20, Point(46, 133, 1), 7, 67, 115, 10, 0, 34)
Node 11: Job(21, Point(138, 78, 0), 43, 176, 259, 10, 0, 126)
Node 12: Job(22, Point(16, 92, 3), 10, 339, 409, 10, 0, 47)
Node 13: Job(23, Point(18, 104, 0), 18, 324, 379, 10, 0, 127)
Node 14: Job(25, Point(107, 25, 0), 13, 249, 329, 10, 0, 116)
Node 15: Job(26, Point(139, 73, 2), 10, 71, 134, 10, 0, 123)
Node 16: Job(30, Point(64, 132, 0), 8, 62, 121, 10, 0, 10)
Node 17: Job(33, Point(30, 21, 1), 12, 304, 371, 10, 0, 191)
Node 18: Job(35, Point(82, 100, 3), 18, 94, 145, 10, 0, 32)
Node 19: Job(38, Point(50, 112, 1), 18, 212, 282, 10, 0, 102)
Node 20: Job(41, Point(81, 36, 2), 17, 43, 111, 10, 0, 137)
Node 21: Job(44, Point(113, 35, 2), 9, 55, 139, 10, 0, 3)
Node 22: Job(46, Point(44, 58, 2), 30, 28, 93, 10, 0, 125)
Node 23: Job(49, Point(117, 4, 0), 9, 407, 459, 10, 0, 27)
Node 24: Job(50, Point(140, 42, 0), 13, 79, 152, 10, 0, 130)
Node 25: Job(53, Point(103, 119, 0), 18, 315, 383, 10, 0, 111)
Node 26: Job(54, Point(32, 52, 2), 32, 142, 190, 10, 0, 96)
Node 27: Job(55, Point(89, 39, 2), 23, 36, 67, 10, 0, 14)
Node 28: Job(57, Point(39, 100, 1), 31, 43, 121, 10, 0, 95)
Node 29: Job(58, Point(5, 99, 3), 24, 319, 359, 10, 0, 97)
Node 30: Job(60, Point(73, 96, 0), 9, 144, 219, 10, 0, 183)
Node 31: Job(63, Point(103, 44, 1), 12, 42, 72, 10, 0, 11)
Node 32: Job(64, Point(97, 12, 1), 10, 183, 260, 10, 0, 195)
Node 33: Job(69, Point(104, 73, 1), 17, 238, 290, 10, 0, 103)
Node 34: Job(71, Point(15, 4, 0), 23, 85, 166, 10, 0, 175)
Node 35: Job(72, Point(54, 33, 1), 20, 40, 117, 10, 0, 167)
Node 36: Job(73, Point(70, 94, 1), 32, 24, 104, 10, 0, 136)
Node 37: Job(76, Point(109, 131, 2), 16, 206, 276, 10, 0, 40)
Node 38: Job(77, Point(10, 111, 3), 21, 465, 551, 10, 0, 198)
Node 39: Job(80, Point(92, 22, 1), 18, 178, 231, 10, 0, 182)
Node 40: Job(81, Point(85, 75, 0), 37, 15, 85, 10, 0, 138)
Node 41: Job(82, Point(10, 86, 0), 14, 375, 477, 10, 0, 74)
Node 42: Job(85, Point(12, 48, 2), 4, 62, 159, 10, 0, 12)
Node 43: Job(87, Point(79, 80, 0), 4, 13, 56, 10, 0, 92)
Node 44: Job(89, Point(28, 62, 2), 23, 182, 241, 10, 0, 65)
Node 45: Job(90, Point(50, 106, 3), 25, 314, 356, 10, 0, 128)
Node 46: Job(98, Point(49, 140, 2), 3, 224, 275, 10, 0, 62)
Node 47: Job(99, Point(69, 115, 0), 20, 214, 246, 10, 0, 59)
Node 48: Job(100, Point(36, 124, 2), 34, 237, 261, 10, 0, 6)
Node 49: Job(104, Point(38, 122, 1), 13, 212, 287, 10, 0, 177)
Node 50: Job(106, Point(29, 60, 1), 14, 42, 126, 10, 0, 94)
Node 51: Job(109, Point(83, 12, 2), 29, 226, 264, 10, 0, 91)
Node 52: Job(112, Point(78, 111, 2), 22, 41, 118, 10, 0, 121)
Node 53: Job(113, Point(116, 83, 1), 30, 157, 231, 10, 0, 101)
Node 54: Job(115, Point(137, 137, 0), 27, 94, 150, 10, 0, 122)
Node 55: Job(117, Point(116, 13, 0), 5, 73, 147, 10, 0, 79)
Node 56: Job(118, Point(59, 115, 3), 26, 289, 368, 10, 0, 105)
Node 57: Job(120, Point(120, 60, 1), 18, 50, 136, 10, 0, 75)
Node 58: Job(132, Point(78, 63, 3), 19, 10, 41, 10, 0, 67)
Node 59: Job(133, Point(98, 4, 2), 20, 165, 220, 10, 0, 9)
Node 60: Job(134, Point(103, 77, 3), 17, 282, 329, 10, 0, 124)
Node 61: Job(135, Point(58, 11, 3), 9, 110, 175, 10, 0, 110)
Node 62: Job(51, Point(139, 68, 0), -34, 69, 139, 10, 1, 0)
Node 63: Job(42, Point(115, 124, 1), -8, 399, 454, 10, 2, 0)
Node 64: Job(29, Point(20, 69, 2), -19, 353, 434, 10, 4, 0)
Node 65: Job(28, Point(90, 14, 2), -22, 461, 496, 10, 7, 0)
Node 66: Job(17, Point(104, 139, 0), -21, 325, 376, 10, 8, 0)
Node 67: Job(56, Point(54, 41, 1), -13, 266, 327, 10, 15, 0)
Node 68: Job(66, Point(140, 36, 1), -13, 162, 220, 10, 18, 0)
Node 69: Job(114, Point(29, 94, 1), -11, 280, 332, 10, 19, 0)
Node 70: Job(34, Point(63, 129, 0), -7, 202, 240, 10, 20, 0)
Node 71: Job(126, Point(139, 72, 2), -43, 333, 371, 10, 21, 0)
Node 72: Job(47, Point(8, 87, 3), -10, 387, 446, 10, 22, 0)
Node 73: Job(127, Point(2, 106, 2), -18, 405, 478, 10, 23, 0)
Node 74: Job(116, Point(110, 28, 0), -13, 291, 349, 10, 25, 0)
Node 75: Job(123, Point(137, 84, 0), -10, 207, 263, 10, 26, 0)
Node 76: Job(10, Point(40, 113, 3), -8, 466, 517, 10, 30, 0)
Node 77: Job(191, Point(4, 44, 1), -12, 414, 447, 10, 33, 0)
Node 78: Job(32, Point(54, 106, 3), -18, 277, 342, 10, 35, 0)
Node 79: Job(102, Point(17, 138, 0), -18, 409, 487, 10, 38, 0)
Node 80: Job(137, Point(104, 32, 2), -17, 120, 179, 10, 41, 0)
Node 81: Job(3, Point(120, 22, 3), -9, 208, 271, 10, 44, 0)
Node 82: Job(125, Point(30, 57, 2), -30, 219, 272, 10, 46, 0)
Node 83: Job(27, Point(101, 0, 0), -9, 483, 543, 10, 49, 0)
Node 84: Job(130, Point(126, 23, 2), -13, 260, 297, 10, 50, 0)
Node 85: Job(111, Point(80, 103, 2), -18, 374, 427, 10, 53, 0)
Node 86: Job(96, Point(18, 70, 1), -32, 378, 433, 10, 54, 0)
Node 87: Job(14, Point(102, 52, 0), -23, 140, 208, 10, 55, 0)
Node 88: Job(95, Point(19, 120, 2), -31, 236, 317, 10, 57, 0)
Node 89: Job(97, Point(58, 80, 1), -24, 441, 509, 10, 58, 0)
Node 90: Job(183, Point(67, 120, 0), -9, 347, 400, 10, 60, 0)
Node 91: Job(11, Point(129, 24, 0), -12, 309, 390, 10, 63, 0)
Node 92: Job(195, Point(105, 2, 1), -10, 208, 269, 10, 64, 0)
Node 93: Job(103, Point(103, 82, 1), -17, 307, 376, 10, 69, 0)
Node 94: Job(175, Point(60, 54, 1), -23, 233, 275, 10, 71, 0)
Node 95: Job(167, Point(39, 13, 2), -20, 369, 413, 10, 72, 0)
Node 96: Job(136, Point(26, 130, 3), -32, 266, 300, 10, 73, 0)
Node 97: Job(40, Point(92, 138, 2), -16, 381, 452, 10, 76, 0)
Node 98: Job(198, Point(27, 104, 1), -21, 544, 618, 10, 77, 0)
Node 99: Job(182, Point(89, 24, 3), -18, 280, 353, 10, 80, 0)
Node 100: Job(138, Point(55, 102, 2), -37, 285, 374, 10, 81, 0)
Node 101: Job(74, Point(35, 90, 1), -14, 423, 499, 10, 82, 0)
Node 102: Job(12, Point(12, 84, 1), -4, 200, 278, 10, 85, 0)
Node 103: Job(92, Point(120, 102, 3), -4, 76, 148, 10, 87, 0)
Node 104: Job(65, Point(16, 62, 3), -23, 355, 467, 10, 89, 0)
Node 105: Job(128, Point(64, 138, 0), -25, 410, 500, 10, 90, 0)
Node 106: Job(62, Point(55, 127, 2), -3, 253, 294, 10, 98, 0)
Node 107: Job(59, Point(67, 96, 0), -20, 491, 523, 10, 99, 0)
Node 108: Job(6, Point(12, 138, 3), -34, 367, 402, 10, 100, 0)
Node 109: Job(177, Point(13, 129, 2), -13, 345, 387, 10, 104, 0)
Node 110: Job(94, Point(4, 71, 1), -14, 131, 219, 10, 106, 0)
Node 111: Job(91, Point(83, 38, 3), -29, 478, 505, 10, 109, 0)
Node 112: Job(121, Point(85, 111, 1), -22, 230, 306, 10, 112, 0)
Node 113: Job(101, Point(84, 88, 1), -30, 329, 414, 10, 113, 0)
Node 114: Job(122, Point(121, 123, 0), -27, 239, 306, 10, 115, 0)
Node 115: Job(79, Point(113, 45, 3), -5, 264, 364, 10, 117, 0)
Node 116: Job(105, Point(70, 83, 0), -26, 479, 521, 10, 118, 0)
Node 117: Job(75, Point(88, 29, 0), -18, 514, 580, 10, 120, 0)
Node 118: Job(67, Point(90, 44, 2), -19, 33, 102, 10, 132, 0)
Node 119: Job(9, Point(61, 57, 3), -20, 368, 411, 10, 133, 0)
Node 120: Job(124, Point(103, 86, 0), -17, 296, 369, 10, 134, 0)
Node 121: Job(110, Point(34, 72, 0), -9, 542, 586, 10, 135, 0)
Node 122: Job(0, Point(70, 70, 0), 0, 0, 688, 0, 0, 0)

### Preprocessing Data ###
	-> arcs: 14884 (100.0%)
	-> arc_removals: 13179 (88.54%)
	-> arc_removals_is_loop: 122 (0.82%)
	-> arc_removals_is_delivery_to_pickup: 62 (0.42%)
	-> arc_removals_is_depot_begin_to_delivery: 60 (0.4%)
	-> arc_removals_is_pickup_to_depot_end: 60 (0.4%)
	-> arc_removals_is_dest_depot_begin: 120 (0.81%)
	-> arc_removals_is_orig_depot_end: 119 (0.8%)
	-> arc_removals_is_capacity_violated: 0 (0.0%)
	-> arc_removals_is_time_window_limited: 8685 (58.35%)
	-> arc_removals_is_time_window_pairing_limited: 3772 (25.34%)
	-> arc_removals_is_indirect_request_service_impossible: 179 (1.2%)
	-> gamma_vars: 0 (0%)
	-> feas_gamma_vars: 0 (0%)
	-> infeas_gamma_vars_is_next_mtrv_unreachable: 0 (0%)
	-> infeas_gamma_vars_is_iprime_jprime_eq_i_j: 0 (0%)
	-> machine_removal_for_an_arc: 0 (0.0%)
##########################

[17:51:09.776] Print configuration
------------------------------------------------------
"
[17:51:09.776] Running Multi Start Heuristic"
> Experiment started at 2025-10-08T17:51:09.776
> Instance: LR1_2_9_t1_60R_60V_04F_05M
> Algorithm Parameters:


	>Stop params:
		>  - rule ITERATIONS
		>  - argument 60000.0
		>  - maximum_time 3600

	>General params:
		>  - instPath /dados/rmelo/PDPTW-SE/benchmark_multi_floor_v3/official_experiments/multistartlp/preliminar/set_01_pt_04/../../../../instances/orig_ams_fg/60R_60V_04F_06M/t1/LR1_2_9/
		>  - name LR1_2_9
		>  - type t1
		>  - group 60R_60V_04F_05M
		>  - fullname LR1_2_9_t1_60R_60V_04F_05M
		>  - methodType heur
		>  - methodCode mslp
		>  - genconfigfile /dados/rmelo/PDPTW-SE/benchmark_multi_floor_v3/official_experiments/multistartlp/preliminar/set_01_pt_04/configs/genconfig_mslp.conf
		>  - genconfigfilename genconfig_mslp
		>  - greedy_service_order random
		>  - cutoff 0
		>  - cutoffmachs 5
		>  - num_machs 0
		>  - solver Gurobi
		>  - maxtime 3600
		>  - gurobiCuts 1
		>  - typeUserCut 0
		>  - mipPresolve -1
		>  - printsol 1
		>  - maxnodes -1
		>  - elevator 1
		>  - make_instance_feasible false
		>  - output /dados/rmelo/PDPTW-SE/benchmark_multi_floor_v3/official_experiments/multistartlp/preliminar/set_01_pt_04/logs
		>  - suff_outputs _seed_122_alpha_10p
		>  - suff_csv _bash_2
		>  - epsilon 0.005
		>  - epsilonCap 0.5
		>  - warmStart false
		>  - seed 122
		>  - rng Random.MersenneTwister(122)
		>  - alpha 0.1
		>  - maxiter 1000000
		>  - outputFlagGrbMIP 0
		>  - outputFlagGrbMSLP 0
		>  - outputFlagGrbLMNS 0
		>  - mslpr I
		>  - mslpa 60000
		>  - lmnsr M
		>  - lmnsa 60
		>  - lmnsRepairTime 30.0
		>  - lmnsMIPFocus 0
		>  - lmnsGapToBiggerDestruction 50
		>  - lmnsGapToSmallerDestruction 95
		>  - lmnsWeightShawDistProx 1.0
		>  - lmnsWeightShawEarlProx 1.0
		>  - lmnsWeightShawSameRoute 1.0
		>  - lmnsWeightShawDemandSim 1.0
		>  - lmnsReqRApplyMIPStart true
		>  - lmnsAcceptanceCriteria H
		>  - lmnsMetropolisTemp 100.0
		>  - lmnsSimulatedAnnealingTemp 100.0
		>  - lmnsSimulatedAnnealingCool 0.95
		>  - mipmaxtime 3600
		>  - csvfilename /dados/rmelo/PDPTW-SE/benchmark_multi_floor_v3/official_experiments/multistartlp/preliminar/set_01_pt_04/logs/heur_mslp/outputs/csvresults_heur_mslp_bash_2.csv
		>  - solfilename /dados/rmelo/PDPTW-SE/benchmark_multi_floor_v3/official_experiments/multistartlp/preliminar/set_01_pt_04/logs/heur_mslp/solutions/60R_60V_04F_05M/LR1_2_9_sol_genconfig_mslp_seed_122_alpha_10p.txt
		>  - timelineFilename /dados/rmelo/PDPTW-SE/benchmark_multi_floor_v3/official_experiments/multistartlp/preliminar/set_01_pt_04/logs/heur_mslp/timelines/60R_60V_04F_05M/LR1_2_9_timeline_genconfig_mslp_seed_122_alpha_10p.txt
		>  - grbFilename /dados/rmelo/PDPTW-SE/benchmark_multi_floor_v3/official_experiments/multistartlp/preliminar/set_01_pt_04/logs/heur_mslp/gurobi/60R_60V_04F_05M/LR1_2_9_grb_genconfig_mslp_seed_122_alpha_10p.log
		>  - threads 1
		>  - solverMethod AUTOMATIC

------------------------------------------------------

[17:51:09.878] Starting running MSLP
objValue;greedysol;iteration;time
13121.87;14312.89;1;0.061349
12945.76;14553.54;3096;26.322106
12744.85;13699.66;18360;155.503266
12716.81;13743.59;19557;165.555588
12598.17;13534.32;32010;271.360812
12235.67;13175.04;54214;457.700975

[17:59:36.175] Finished running MSLP
System CPU time: 0.41 seconds

[17:59:36.242] Post running MSLP
Best solution value: 12235.67
Total time elapsed: 506.033470
Time to best: 457.700975
Iterations: 60000
Iterations to best: 54214
Improvements: 6
Infeasible solutions percentage: (59961 / 60000) = 99.9350 %
(LP improvements)/(LP runs) = 39/39 = 100.0000 %
Mean LP improvement percentage: 7.7797 %
[17:59:36.481] Writing results to CSV file: /dados/rmelo/PDPTW-SE/benchmark_multi_floor_v3/official_experiments/multistartlp/preliminar/set_01_pt_04/logs/heur_mslp/outputs/csvresults_heur_mslp_bash_2.csv

[17:59:38.438] Saving solution to file:/dados/rmelo/PDPTW-SE/benchmark_multi_floor_v3/official_experiments/multistartlp/preliminar/set_01_pt_04/logs/heur_mslp/solutions/60R_60V_04F_05M/LR1_2_9_sol_genconfig_mslp_seed_122_alpha_10p.txt

[17:59:38.438] Saving solution timeline to file: /dados/rmelo/PDPTW-SE/benchmark_multi_floor_v3/official_experiments/multistartlp/preliminar/set_01_pt_04/logs/heur_mslp/timelines/60R_60V_04F_05M/LR1_2_9_timeline_genconfig_mslp_seed_122_alpha_10p.txt
---------------------| VEHICLES |---------------------

Vehicle 1 :
	id: 0
		node: 1
		(x, y, z): (70, 70, 0)
		dem: 0
		earl: 0
		lat: 688
		servt: 0
		pid: 0
		did: 0
		servST: 7.540000000000006
		(h, h_ind): (-1, 0)
		load: 0.0

	Finished service at time: 7.540000000000006

	Using Machine: 3
		Task 0 -> Machine 3 (Station 1): 5.0
		Vehicle arrival at machine station: 12.540000000000006
		Waiting time until machine travel: 0.0

		Machine travel start time: 12.540000000000006
		Region 0 -> Region 2: 10.0
		Machine arrival at machine station: 22.540000000000006

		Machine 3 (Station 3)-> Task 41: 34.53
		Vehicle arrival at task: 57.07000000000001
		Waiting time until service start time: 0.0

	id: 41
		node: 20
		(x, y, z): (81, 36, 2)
		dem: 17
		earl: 43
		lat: 111
		servt: 10
		pid: 0
		did: 137
		servST: 57.07000000000001
		(h, h_ind): (3, 1)
		load: 17.0

	Finished service at time: 67.07000000000001

	Task 41 -> Task 44: 32.02
	Vehicle arrival at task: 99.09
	Waiting time until service start time: 0.0

	id: 44
		node: 21
		(x, y, z): (113, 35, 2)
		dem: 9
		earl: 55
		lat: 139
		servt: 10
		pid: 0
		did: 3
		servST: 99.09
		(h, h_ind): (-1, 0)
		load: 26.0

	Finished service at time: 109.09

	Task 44 -> Task 137: 9.49
	Vehicle arrival at task: 118.58
	Waiting time until service start time: 1.42

	id: 137
		node: 80
		(x, y, z): (104, 32, 2)
		dem: -17
		earl: 120
		lat: 179
		servt: 10
		pid: 41
		did: 0
		servST: 120.0
		(h, h_ind): (-1, 0)
		load: 9.0

	Finished service at time: 130.0

	Using Machine: 2
		Task 137 -> Machine 2 (Station 3): 51.66
		Vehicle arrival at machine station: 181.66
		Waiting time until machine travel: 0.0

		Machine travel start time: 181.66
		Region 2 -> Region 3: 5.0
		Machine arrival at machine station: 186.66

		Machine 2 (Station 4)-> Task 3: 70.04
		Vehicle arrival at task: 256.7
		Waiting time until service start time: 0.0

	id: 3
		node: 81
		(x, y, z): (120, 22, 3)
		dem: -9
		earl: 208
		lat: 271
		servt: 10
		pid: 44
		did: 0
		servST: 256.7
		(h, h_ind): (2, 7)
		load: 0.0

	Finished service at time: 266.7

	Using Machine: 4
		Task 3 -> Machine 4 (Station 4): 71.51
		Vehicle arrival at machine station: 338.21
		Waiting time until machine travel: 0.0

		Machine travel start time: 338.21
		Region 3 -> Region 0: 15.0
		Machine arrival at machine station: 353.21

		Machine 4 (Station 1)-> Task 0: 3.0
		Vehicle arrival at task: 356.21
		Waiting time until service start time: 0.0

	id: 0
		node: 122
		(x, y, z): (70, 70, 0)
		dem: 0
		earl: 0
		lat: 688
		servt: 0
		pid: 0
		did: 0
		servST: 356.21
		(h, h_ind): (4, 14)
		load: 0.0


Vehicle 2 :
	id: 0
		node: 1
		(x, y, z): (70, 70, 0)
		dem: 0
		earl: 0
		lat: 688
		servt: 0
		pid: 0
		did: 0
		servST: 4.299999999999997
		(h, h_ind): (-1, 0)
		load: 0.0

	Finished service at time: 4.299999999999997

	Using Machine: 1
		Task 0 -> Machine 1 (Station 1): 3.0
		Vehicle arrival at machine station: 7.299999999999997
		Waiting time until machine travel: 0.0

		Machine travel start time: 7.299999999999997
		Region 0 -> Region 2: 10.0
		Machine arrival at machine station: 17.299999999999997

		Machine 1 (Station 3)-> Task 55: 34.89
		Vehicle arrival at task: 52.19
		Waiting time until service start time: 2.5

	id: 55
		node: 27
		(x, y, z): (89, 39, 2)
		dem: 23
		earl: 36
		lat: 67
		servt: 10
		pid: 0
		did: 14
		servST: 54.68999999999998
		(h, h_ind): (1, 1)
		load: 23.0

	Finished service at time: 64.68999999999998

	Using Machine: 1
		Task 55 -> Machine 1 (Station 3): 34.89
		Vehicle arrival at machine station: 99.57999999999998
		Waiting time until machine travel: 0.0

		Machine travel start time: 99.57999999999998
		Region 2 -> Region 0: 10.0
		Machine arrival at machine station: 109.57999999999998

		Machine 1 (Station 1)-> Task 14: 34.13
		Vehicle arrival at task: 143.70999999999998
		Waiting time until service start time: 0.0

	id: 14
		node: 87
		(x, y, z): (102, 52, 0)
		dem: -23
		earl: 140
		lat: 208
		servt: 10
		pid: 55
		did: 0
		servST: 143.70999999999998
		(h, h_ind): (1, 6)
		load: 0.0

	Finished service at time: 153.70999999999998

	Using Machine: 3
		Task 14 -> Machine 3 (Station 1): 32.45
		Vehicle arrival at machine station: 186.15999999999997
		Waiting time until machine travel: 0.0

		Machine travel start time: 186.16
		Region 0 -> Region 3: 15.0
		Machine arrival at machine station: 201.16

		Machine 3 (Station 4)-> Task 134: 28.86
		Vehicle arrival at task: 230.01999999999998
		Waiting time until service start time: 51.98

	id: 134
		node: 60
		(x, y, z): (103, 77, 3)
		dem: 17
		earl: 282
		lat: 329
		servt: 10
		pid: 0
		did: 124
		servST: 282.0
		(h, h_ind): (3, 7)
		load: 17.0

	Finished service at time: 292.0

	Using Machine: 3
		Task 134 -> Machine 3 (Station 4): 28.86
		Vehicle arrival at machine station: 320.86
		Waiting time until machine travel: 0.0

		Machine travel start time: 320.86
		Region 3 -> Region 0: 15.0
		Machine arrival at machine station: 335.86

		Machine 3 (Station 1)-> Task 124: 32.25
		Vehicle arrival at task: 368.11
		Waiting time until service start time: 0.0

	id: 124
		node: 120
		(x, y, z): (103, 86, 0)
		dem: -17
		earl: 296
		lat: 369
		servt: 10
		pid: 134
		did: 0
		servST: 368.11
		(h, h_ind): (3, 11)
		load: 0.0

	Finished service at time: 378.11

	Task 124 -> Task 0: 36.67
	Vehicle arrival at task: 414.78000000000003
	Waiting time until service start time: 0.0

	id: 0
		node: 122
		(x, y, z): (70, 70, 0)
		dem: 0
		earl: 0
		lat: 688
		servt: 0
		pid: 0
		did: 0
		servST: 414.78000000000003
		(h, h_ind): (-1, 0)
		load: 0.0


Vehicle 3 :
	id: 0
		node: 1
		(x, y, z): (70, 70, 0)
		dem: 0
		earl: 0
		lat: 688
		servt: 0
		pid: 0
		did: 0
		servST: 8.800000000000002
		(h, h_ind): (-1, 0)
		load: 0.0

	Finished service at time: 8.800000000000002

	Task 0 -> Task 81: 15.81
	Vehicle arrival at task: 24.610000000000003
	Waiting time until service start time: 0.0

	id: 81
		node: 40
		(x, y, z): (85, 75, 0)
		dem: 37
		earl: 15
		lat: 85
		servt: 10
		pid: 0
		did: 138
		servST: 24.610000000000003
		(h, h_ind): (-1, 0)
		load: 37.0

	Finished service at time: 34.61

	Task 81 -> Task 87: 7.81
	Vehicle arrival at task: 42.42
	Waiting time until service start time: 0.0

	id: 87
		node: 43
		(x, y, z): (79, 80, 0)
		dem: 4
		earl: 13
		lat: 56
		servt: 10
		pid: 0
		did: 92
		servST: 42.42
		(h, h_ind): (-1, 0)
		load: 41.0

	Finished service at time: 52.42

	Using Machine: 1
		Task 87 -> Machine 1 (Station 1): 11.66
		Vehicle arrival at machine station: 64.08
		Waiting time until machine travel: 0.0

		Machine travel start time: 64.08
		Region 0 -> Region 3: 15.0
		Machine arrival at machine station: 79.08

		Machine 1 (Station 4)-> Task 92: 56.86
		Vehicle arrival at task: 135.94
		Waiting time until service start time: 0.0

	id: 92
		node: 103
		(x, y, z): (120, 102, 3)
		dem: -4
		earl: 76
		lat: 148
		servt: 10
		pid: 87
		did: 0
		servST: 135.94
		(h, h_ind): (1, 4)
		load: 37.0

	Finished service at time: 145.94

	Using Machine: 3
		Task 92 -> Machine 3 (Station 4): 55.22
		Vehicle arrival at machine station: 201.16
		Waiting time until machine travel: 0.0

		Machine travel start time: 201.16
		Region 3 -> Region 2: 5.0
		Machine arrival at machine station: 206.16

		Machine 3 (Station 3)-> Task 76: 69.84
		Vehicle arrival at task: 276.0
		Waiting time until service start time: 0.0

	id: 76
		node: 37
		(x, y, z): (109, 131, 2)
		dem: 16
		earl: 206
		lat: 276
		servt: 10
		pid: 0
		did: 40
		servST: 276.0
		(h, h_ind): (3, 8)
		load: 53.0

	Finished service at time: 286.0

	Task 76 -> Task 138: 61.29
	Vehicle arrival at task: 347.29
	Waiting time until service start time: -0.0

	id: 138
		node: 100
		(x, y, z): (55, 102, 2)
		dem: -37
		earl: 285
		lat: 374
		servt: 10
		pid: 81
		did: 0
		servST: 347.28999999999996
		(h, h_ind): (-1, 0)
		load: 16.0

	Finished service at time: 357.28999999999996

	Task 138 -> Task 40: 51.62
	Vehicle arrival at task: 408.90999999999997
	Waiting time until service start time: 0.94

	id: 40
		node: 97
		(x, y, z): (92, 138, 2)
		dem: -16
		earl: 381
		lat: 452
		servt: 10
		pid: 76
		did: 0
		servST: 409.84999999999997
		(h, h_ind): (-1, 0)
		load: 0.0

	Finished service at time: 419.84999999999997

	Using Machine: 0
		Task 40 -> Machine 0 (Station 3): 71.17
		Vehicle arrival at machine station: 491.02
		Waiting time until machine travel: 0.0

		Machine travel start time: 491.02
		Region 2 -> Region 0: 10.0
		Machine arrival at machine station: 501.02

		Machine 0 (Station 1)-> Task 0: 1.0
		Vehicle arrival at task: 502.02
		Waiting time until service start time: 0.0

	id: 0
		node: 122
		(x, y, z): (70, 70, 0)
		dem: 0
		earl: 0
		lat: 688
		servt: 0
		pid: 0
		did: 0
		servST: 502.02
		(h, h_ind): (0, 10)
		load: 0.0


Vehicle 5 :
	id: 0
		node: 1
		(x, y, z): (70, 70, 0)
		dem: 0
		earl: 0
		lat: 688
		servt: 0
		pid: 0
		did: 0
		servST: 0.0
		(h, h_ind): (-1, 0)
		load: 0.0

	Finished service at time: 0.0

	Task 0 -> Task 71: 85.91
	Vehicle arrival at task: 85.91
	Waiting time until service start time: 0.0

	id: 71
		node: 34
		(x, y, z): (15, 4, 0)
		dem: 23
		earl: 85
		lat: 166
		servt: 10
		pid: 0
		did: 175
		servST: 85.91
		(h, h_ind): (-1, 0)
		load: 23.0

	Finished service at time: 95.91

	Task 71 -> Task 60: 108.76
	Vehicle arrival at task: 204.67000000000002
	Waiting time until service start time: 0.0

	id: 60
		node: 30
		(x, y, z): (73, 96, 0)
		dem: 9
		earl: 144
		lat: 219
		servt: 10
		pid: 0
		did: 183
		servST: 204.67000000000002
		(h, h_ind): (-1, 0)
		load: 32.0

	Finished service at time: 214.67000000000002

	Using Machine: 2
		Task 60 -> Machine 2 (Station 1): 26.31
		Vehicle arrival at machine station: 240.98000000000002
		Waiting time until machine travel: 0.0

		Machine travel start time: 240.98000000000002
		Region 0 -> Region 1: 5.0
		Machine arrival at machine station: 245.98000000000002

		Machine 2 (Station 2)-> Task 175: 18.36
		Vehicle arrival at task: 264.34000000000003
		Waiting time until service start time: 0.0

	id: 175
		node: 94
		(x, y, z): (60, 54, 1)
		dem: -23
		earl: 233
		lat: 275
		servt: 10
		pid: 71
		did: 0
		servST: 264.34000000000003
		(h, h_ind): (2, 9)
		load: 9.0

	Finished service at time: 274.34000000000003

	Using Machine: 2
		Task 175 -> Machine 2 (Station 2): 18.36
		Vehicle arrival at machine station: 292.70000000000005
		Waiting time until machine travel: 0.0

		Machine travel start time: 292.70000000000005
		Region 1 -> Region 0: 5.0
		Machine arrival at machine station: 297.70000000000005

		Machine 2 (Station 1)-> Task 183: 50.04
		Vehicle arrival at task: 347.74000000000007
		Waiting time until service start time: 0.0

	id: 183
		node: 90
		(x, y, z): (67, 120, 0)
		dem: -9
		earl: 347
		lat: 400
		servt: 10
		pid: 60
		did: 0
		servST: 347.74000000000007
		(h, h_ind): (2, 11)
		load: 0.0

	Finished service at time: 357.74000000000007

	Task 183 -> Task 0: 50.09
	Vehicle arrival at task: 407.83000000000004
	Waiting time until service start time: 0.0

	id: 0
		node: 122
		(x, y, z): (70, 70, 0)
		dem: 0
		earl: 0
		lat: 688
		servt: 0
		pid: 0
		did: 0
		servST: 407.83000000000004
		(h, h_ind): (-1, 0)
		load: 0.0


Vehicle 6 :
	id: 0
		node: 1
		(x, y, z): (70, 70, 0)
		dem: 0
		earl: 0
		lat: 688
		servt: 0
		pid: 0
		did: 0
		servST: 0.0
		(h, h_ind): (-1, 0)
		load: 0.0

	Finished service at time: 0.0

	Task 0 -> Task 1: 37.66
	Vehicle arrival at task: 37.66
	Waiting time until service start time: 0.0

	id: 1
		node: 2
		(x, y, z): (107, 77, 0)
		dem: 34
		earl: 37
		lat: 124
		servt: 10
		pid: 0
		did: 51
		servST: 37.66
		(h, h_ind): (-1, 0)
		load: 34.0

	Finished service at time: 47.66

	Task 1 -> Task 51: 33.24
	Vehicle arrival at task: 80.9
	Waiting time until service start time: 0.0

	id: 51
		node: 62
		(x, y, z): (139, 68, 0)
		dem: -34
		earl: 69
		lat: 139
		servt: 10
		pid: 1
		did: 0
		servST: 80.9
		(h, h_ind): (-1, 0)
		load: 0.0

	Finished service at time: 90.9

	Using Machine: 1
		Task 51 -> Machine 1 (Station 1): 66.03
		Vehicle arrival at machine station: 156.93
		Waiting time until machine travel: 0.0

		Machine travel start time: 156.93
		Region 0 -> Region 1: 5.0
		Machine arrival at machine station: 161.93

		Machine 1 (Station 2)-> Task 104: 62.68
		Vehicle arrival at task: 224.61
		Waiting time until service start time: 0.0

	id: 104
		node: 49
		(x, y, z): (38, 122, 1)
		dem: 13
		earl: 212
		lat: 287
		servt: 10
		pid: 0
		did: 177
		servST: 224.61
		(h, h_ind): (1, 8)
		load: 13.0

	Finished service at time: 234.61

	Using Machine: 4
		Task 104 -> Machine 4 (Station 2): 59.54
		Vehicle arrival at machine station: 294.15000000000003
		Waiting time until machine travel: -0.0

		Machine travel start time: 294.15
		Region 1 -> Region 2: 5.0
		Machine arrival at machine station: 299.15

		Machine 4 (Station 3)-> Task 177: 79.98
		Vehicle arrival at task: 379.13
		Waiting time until service start time: 0.0

	id: 177
		node: 109
		(x, y, z): (13, 129, 2)
		dem: -13
		earl: 345
		lat: 387
		servt: 10
		pid: 104
		did: 0
		servST: 379.13
		(h, h_ind): (4, 12)
		load: 0.0

	Finished service at time: 389.13

	Using Machine: 2
		Task 177 -> Machine 2 (Station 3): 81.34
		Vehicle arrival at machine station: 470.47
		Waiting time until machine travel: 0.0

		Machine travel start time: 470.47
		Region 2 -> Region 0: 10.0
		Machine arrival at machine station: 480.47

		Machine 2 (Station 1)-> Task 0: 1.0
		Vehicle arrival at task: 481.47
		Waiting time until service start time: 0.0

	id: 0
		node: 122
		(x, y, z): (70, 70, 0)
		dem: 0
		earl: 0
		lat: 688
		servt: 0
		pid: 0
		did: 0
		servST: 481.47
		(h, h_ind): (2, 16)
		load: 0.0


Vehicle 8 :
	id: 0
		node: 1
		(x, y, z): (70, 70, 0)
		dem: 0
		earl: 0
		lat: 688
		servt: 0
		pid: 0
		did: 0
		servST: 55.25
		(h, h_ind): (-1, 0)
		load: 0.0

	Finished service at time: 55.25

	Task 0 -> Task 115: 94.75
	Vehicle arrival at task: 150.0
	Waiting time until service start time: 0.0

	id: 115
		node: 54
		(x, y, z): (137, 137, 0)
		dem: 27
		earl: 94
		lat: 150
		servt: 10
		pid: 0
		did: 122
		servST: 150.0
		(h, h_ind): (-1, 0)
		load: 27.0

	Finished service at time: 160.0

	Task 115 -> Task 122: 21.26
	Vehicle arrival at task: 181.26
	Waiting time until service start time: 57.74

	id: 122
		node: 114
		(x, y, z): (121, 123, 0)
		dem: -27
		earl: 239
		lat: 306
		servt: 10
		pid: 115
		did: 0
		servST: 239.0
		(h, h_ind): (-1, 0)
		load: 0.0

	Finished service at time: 249.0

	Task 122 -> Task 82: 117.0
	Vehicle arrival at task: 366.0
	Waiting time until service start time: 9.0

	id: 82
		node: 41
		(x, y, z): (10, 86, 0)
		dem: 14
		earl: 375
		lat: 477
		servt: 10
		pid: 0
		did: 74
		servST: 375.0
		(h, h_ind): (-1, 0)
		load: 14.0

	Finished service at time: 385.0

	Using Machine: 4
		Task 82 -> Machine 4 (Station 1): 59.2
		Vehicle arrival at machine station: 444.2
		Waiting time until machine travel: 0.0

		Machine travel start time: 444.2
		Region 0 -> Region 1: 5.0
		Machine arrival at machine station: 449.2

		Machine 4 (Station 2)-> Task 74: 37.74
		Vehicle arrival at task: 486.94
		Waiting time until service start time: 0.0

	id: 74
		node: 101
		(x, y, z): (35, 90, 1)
		dem: -14
		earl: 423
		lat: 499
		servt: 10
		pid: 82
		did: 0
		servST: 486.94
		(h, h_ind): (4, 19)
		load: 0.0

	Finished service at time: 496.94

	Using Machine: 2
		Task 74 -> Machine 2 (Station 2): 39.45
		Vehicle arrival at machine station: 536.39
		Waiting time until machine travel: 0.0

		Machine travel start time: 536.39
		Region 1 -> Region 0: 5.0
		Machine arrival at machine station: 541.39

		Machine 2 (Station 1)-> Task 0: 1.0
		Vehicle arrival at task: 542.39
		Waiting time until service start time: 0.0

	id: 0
		node: 122
		(x, y, z): (70, 70, 0)
		dem: 0
		earl: 0
		lat: 688
		servt: 0
		pid: 0
		did: 0
		servST: 542.39
		(h, h_ind): (2, 17)
		load: 0.0


Vehicle 10 :
	id: 0
		node: 1
		(x, y, z): (70, 70, 0)
		dem: 0
		earl: 0
		lat: 688
		servt: 0
		pid: 0
		did: 0
		servST: 27.169999999999995
		(h, h_ind): (-1, 0)
		load: 0.0

	Finished service at time: 27.169999999999995

	Task 0 -> Task 30: 62.29
	Vehicle arrival at task: 89.46
	Waiting time until service start time: 0.0

	id: 30
		node: 16
		(x, y, z): (64, 132, 0)
		dem: 8
		earl: 62
		lat: 121
		servt: 10
		pid: 0
		did: 10
		servST: 89.46
		(h, h_ind): (-1, 0)
		load: 8.0

	Finished service at time: 99.46

	Using Machine: 2
		Task 30 -> Machine 2 (Station 1): 62.2
		Vehicle arrival at machine station: 161.66
		Waiting time until machine travel: 0.0

		Machine travel start time: 161.66
		Region 0 -> Region 2: 10.0
		Machine arrival at machine station: 171.66

		Machine 2 (Station 3)-> Task 100: 63.29
		Vehicle arrival at task: 234.95
		Waiting time until service start time: 2.32

	id: 100
		node: 48
		(x, y, z): (36, 124, 2)
		dem: 34
		earl: 237
		lat: 261
		servt: 10
		pid: 0
		did: 6
		servST: 237.27
		(h, h_ind): (2, 5)
		load: 42.0

	Finished service at time: 247.27

	Using Machine: 4
		Task 100 -> Machine 4 (Station 3): 62.27
		Vehicle arrival at machine station: 309.54
		Waiting time until machine travel: 0.0

		Machine travel start time: 309.54
		Region 2 -> Region 3: 5.0
		Machine arrival at machine station: 314.54

		Machine 4 (Station 4)-> Task 6: 87.46
		Vehicle arrival at task: 402.0
		Waiting time until service start time: 0.0

	id: 6
		node: 108
		(x, y, z): (12, 138, 3)
		dem: -34
		earl: 367
		lat: 402
		servt: 10
		pid: 100
		did: 0
		servST: 402.0
		(h, h_ind): (4, 13)
		load: 8.0

	Finished service at time: 412.0

	Task 6 -> Task 10: 37.54
	Vehicle arrival at task: 449.54
	Waiting time until service start time: 16.46

	id: 10
		node: 76
		(x, y, z): (40, 113, 3)
		dem: -8
		earl: 466
		lat: 517
		servt: 10
		pid: 30
		did: 0
		servST: 466.0
		(h, h_ind): (-1, 0)
		load: 0.0

	Finished service at time: 476.0

	Using Machine: 1
		Task 10 -> Machine 1 (Station 4): 54.2
		Vehicle arrival at machine station: 530.2
		Waiting time until machine travel: 0.0

		Machine travel start time: 530.2
		Region 3 -> Region 0: 15.0
		Machine arrival at machine station: 545.2

		Machine 1 (Station 1)-> Task 0: 3.0
		Vehicle arrival at task: 548.2
		Waiting time until service start time: 0.0

	id: 0
		node: 122
		(x, y, z): (70, 70, 0)
		dem: 0
		earl: 0
		lat: 688
		servt: 0
		pid: 0
		did: 0
		servST: 548.2
		(h, h_ind): (1, 15)
		load: 0.0


Vehicle 11 :
	id: 0
		node: 1
		(x, y, z): (70, 70, 0)
		dem: 0
		earl: 0
		lat: 688
		servt: 0
		pid: 0
		did: 0
		servST: 2.8699999999999974
		(h, h_ind): (-1, 0)
		load: 0.0

	Finished service at time: 2.8699999999999974

	Using Machine: 4
		Task 0 -> Machine 4 (Station 1): 3.0
		Vehicle arrival at machine station: 5.869999999999997
		Waiting time until machine travel: 0.0

		Machine travel start time: 5.869999999999997
		Region 0 -> Region 1: 5.0
		Machine arrival at machine station: 10.869999999999997

		Machine 4 (Station 2)-> Task 7: 35.51
		Vehicle arrival at task: 46.379999999999995
		Waiting time until service start time: 0.0

	id: 7
		node: 5
		(x, y, z): (86, 40, 1)
		dem: 22
		earl: 34
		lat: 54
		servt: 10
		pid: 0
		did: 28
		servST: 46.379999999999995
		(h, h_ind): (4, 1)
		load: 22.0

	Finished service at time: 56.379999999999995

	Using Machine: 1
		Task 7 -> Machine 1 (Station 2): 32.7
		Vehicle arrival at machine station: 89.08
		Waiting time until machine travel: 0.0

		Machine travel start time: 89.08
		Region 1 -> Region 2: 5.0
		Machine arrival at machine station: 94.08

		Machine 1 (Station 3)-> Task 8: 72.25
		Vehicle arrival at task: 166.32999999999998
		Waiting time until service start time: 0.0

	id: 8
		node: 6
		(x, y, z): (121, 124, 2)
		dem: 21
		earl: 147
		lat: 183
		servt: 10
		pid: 0
		did: 17
		servST: 166.32999999999998
		(h, h_ind): (1, 5)
		load: 43.0

	Finished service at time: 176.32999999999998

	Using Machine: 1
		Task 8 -> Machine 1 (Station 3): 72.25
		Vehicle arrival at machine station: 248.57999999999998
		Waiting time until machine travel: 0.0

		Machine travel start time: 248.57999999999998
		Region 2 -> Region 0: 10.0
		Machine arrival at machine station: 258.58

		Machine 1 (Station 1)-> Task 17: 75.64
		Vehicle arrival at task: 334.21999999999997
		Waiting time until service start time: 0.0

	id: 17
		node: 66
		(x, y, z): (104, 139, 0)
		dem: -21
		earl: 325
		lat: 376
		servt: 10
		pid: 8
		did: 0
		servST: 334.21999999999997
		(h, h_ind): (1, 11)
		load: 22.0

	Finished service at time: 344.21999999999997

	Using Machine: 3
		Task 17 -> Machine 3 (Station 1): 74.85
		Vehicle arrival at machine station: 419.06999999999994
		Waiting time until machine travel: 0.0

		Machine travel start time: 419.06999999999994
		Region 0 -> Region 2: 10.0
		Machine arrival at machine station: 429.06999999999994

		Machine 3 (Station 3)-> Task 28: 57.97
		Vehicle arrival at task: 487.03999999999996
		Waiting time until service start time: 0.0

	id: 28
		node: 65
		(x, y, z): (90, 14, 2)
		dem: -22
		earl: 461
		lat: 496
		servt: 10
		pid: 7
		did: 0
		servST: 487.03999999999996
		(h, h_ind): (3, 14)
		load: 0.0

	Finished service at time: 497.03999999999996

	Using Machine: 0
		Task 28 -> Machine 0 (Station 3): 59.14
		Vehicle arrival at machine station: 556.18
		Waiting time until machine travel: 0.0

		Machine travel start time: 556.18
		Region 2 -> Region 0: 10.0
		Machine arrival at machine station: 566.18

		Machine 0 (Station 1)-> Task 0: 1.0
		Vehicle arrival at task: 567.18
		Waiting time until service start time: 0.0

	id: 0
		node: 122
		(x, y, z): (70, 70, 0)
		dem: 0
		earl: 0
		lat: 688
		servt: 0
		pid: 0
		did: 0
		servST: 567.18
		(h, h_ind): (0, 12)
		load: 0.0


Vehicle 14 :
	id: 0
		node: 1
		(x, y, z): (70, 70, 0)
		dem: 0
		earl: 0
		lat: 688
		servt: 0
		pid: 0
		did: 0
		servST: 3.3000000000000114
		(h, h_ind): (-1, 0)
		load: 0.0

	Finished service at time: 3.3000000000000114

	Task 0 -> Task 4: 31.83
	Vehicle arrival at task: 35.13000000000001
	Waiting time until service start time: 0.0

	id: 4
		node: 4
		(x, y, z): (48, 47, 0)
		dem: 19
		earl: 31
		lat: 106
		servt: 10
		pid: 0
		did: 29
		servST: 35.13000000000001
		(h, h_ind): (-1, 0)
		load: 19.0

	Finished service at time: 45.13000000000001

	Using Machine: 4
		Task 4 -> Machine 4 (Station 1): 29.83
		Vehicle arrival at machine station: 74.96000000000001
		Waiting time until machine travel: 0.0

		Machine travel start time: 74.96000000000001
		Region 0 -> Region 1: 5.0
		Machine arrival at machine station: 79.96000000000001

		Machine 4 (Station 2)-> Task 57: 41.04
		Vehicle arrival at task: 121.0
		Waiting time until service start time: 0.0

	id: 57
		node: 28
		(x, y, z): (39, 100, 1)
		dem: 31
		earl: 43
		lat: 121
		servt: 10
		pid: 0
		did: 95
		servST: 121.0
		(h, h_ind): (4, 6)
		load: 50.0

	Finished service at time: 131.0

	Using Machine: 2
		Task 57 -> Machine 2 (Station 2): 42.43
		Vehicle arrival at machine station: 173.43
		Waiting time until machine travel: 3.23

		Machine travel start time: 176.66
		Region 1 -> Region 2: 5.0
		Machine arrival at machine station: 181.66

		Machine 2 (Station 3)-> Task 95: 70.71
		Vehicle arrival at task: 252.37
		Waiting time until service start time: 0.0

	id: 95
		node: 88
		(x, y, z): (19, 120, 2)
		dem: -31
		earl: 236
		lat: 317
		servt: 10
		pid: 57
		did: 0
		servST: 252.37
		(h, h_ind): (2, 6)
		load: 19.0

	Finished service at time: 262.37

	Task 95 -> Task 29: 51.01
	Vehicle arrival at task: 313.38
	Waiting time until service start time: 39.62

	id: 29
		node: 64
		(x, y, z): (20, 69, 2)
		dem: -19
		earl: 353
		lat: 434
		servt: 10
		pid: 4
		did: 0
		servST: 353.0
		(h, h_ind): (-1, 0)
		load: 0.0

	Finished service at time: 363.0

	Using Machine: 2
		Task 29 -> Machine 2 (Station 3): 49.01
		Vehicle arrival at machine station: 412.01
		Waiting time until machine travel: 0.0

		Machine travel start time: 412.01
		Region 2 -> Region 0: 10.0
		Machine arrival at machine station: 422.01

		Machine 2 (Station 1)-> Task 0: 1.0
		Vehicle arrival at task: 423.01
		Waiting time until service start time: 0.0

	id: 0
		node: 122
		(x, y, z): (70, 70, 0)
		dem: 0
		earl: 0
		lat: 688
		servt: 0
		pid: 0
		did: 0
		servST: 423.01
		(h, h_ind): (2, 15)
		load: 0.0


Vehicle 15 :
	id: 0
		node: 1
		(x, y, z): (70, 70, 0)
		dem: 0
		earl: 0
		lat: 688
		servt: 0
		pid: 0
		did: 0
		servST: 44.06999999999999
		(h, h_ind): (-1, 0)
		load: 0.0

	Finished service at time: 44.06999999999999

	Using Machine: 2
		Task 0 -> Machine 2 (Station 1): 1.0
		Vehicle arrival at machine station: 45.06999999999999
		Waiting time until machine travel: 0.0

		Machine travel start time: 45.06999999999999
		Region 0 -> Region 2: 10.0
		Machine arrival at machine station: 55.06999999999999

		Machine 2 (Station 3)-> Task 46: 27.73
		Vehicle arrival at task: 82.8
		Waiting time until service start time: 0.0

	id: 46
		node: 22
		(x, y, z): (44, 58, 2)
		dem: 30
		earl: 28
		lat: 93
		servt: 10
		pid: 0
		did: 125
		servST: 82.8
		(h, h_ind): (2, 2)
		load: 30.0

	Finished service at time: 92.8

	Task 46 -> Task 15: 22.2
	Vehicle arrival at task: 115.0
	Waiting time until service start time: 0.0

	id: 15
		node: 7
		(x, y, z): (41, 36, 2)
		dem: 13
		earl: 44
		lat: 115
		servt: 10
		pid: 0
		did: 56
		servST: 115.0
		(h, h_ind): (-1, 0)
		load: 43.0

	Finished service at time: 125.0

	Task 15 -> Task 125: 23.71
	Vehicle arrival at task: 148.71
	Waiting time until service start time: 70.29

	id: 125
		node: 82
		(x, y, z): (30, 57, 2)
		dem: -30
		earl: 219
		lat: 272
		servt: 10
		pid: 46
		did: 0
		servST: 219.0
		(h, h_ind): (-1, 0)
		load: 13.0

	Finished service at time: 229.0

	Task 125 -> Task 89: 5.39
	Vehicle arrival at task: 234.39
	Waiting time until service start time: 0.0

	id: 89
		node: 44
		(x, y, z): (28, 62, 2)
		dem: 23
		earl: 182
		lat: 241
		servt: 10
		pid: 0
		did: 65
		servST: 234.39
		(h, h_ind): (-1, 0)
		load: 36.0

	Finished service at time: 244.39

	Using Machine: 4
		Task 89 -> Machine 4 (Station 3): 39.81
		Vehicle arrival at machine station: 284.2
		Waiting time until machine travel: 0.0

		Machine travel start time: 284.2
		Region 2 -> Region 1: 5.0
		Machine arrival at machine station: 289.2

		Machine 4 (Station 2)-> Task 56: 31.78
		Vehicle arrival at task: 320.98
		Waiting time until service start time: 0.0

	id: 56
		node: 67
		(x, y, z): (54, 41, 1)
		dem: -13
		earl: 266
		lat: 327
		servt: 10
		pid: 15
		did: 0
		servST: 320.98
		(h, h_ind): (4, 11)
		load: 23.0

	Finished service at time: 330.98

	Using Machine: 4
		Task 56 -> Machine 4 (Station 2): 31.78
		Vehicle arrival at machine station: 362.76
		Waiting time until machine travel: 0.0

		Machine travel start time: 362.76
		Region 1 -> Region 3: 10.0
		Machine arrival at machine station: 372.76

		Machine 4 (Station 4)-> Task 65: 51.62
		Vehicle arrival at task: 424.38
		Waiting time until service start time: 0.0

	id: 65
		node: 104
		(x, y, z): (16, 62, 3)
		dem: -23
		earl: 355
		lat: 467
		servt: 10
		pid: 89
		did: 0
		servST: 424.38
		(h, h_ind): (4, 15)
		load: 0.0

	Finished service at time: 434.38

	Using Machine: 1
		Task 65 -> Machine 1 (Station 4): 57.56
		Vehicle arrival at machine station: 491.94
		Waiting time until machine travel: 0.0

		Machine travel start time: 491.94
		Region 3 -> Region 0: 15.0
		Machine arrival at machine station: 506.94

		Machine 1 (Station 1)-> Task 0: 3.0
		Vehicle arrival at task: 509.94
		Waiting time until service start time: 0.0

	id: 0
		node: 122
		(x, y, z): (70, 70, 0)
		dem: 0
		earl: 0
		lat: 688
		servt: 0
		pid: 0
		did: 0
		servST: 509.94
		(h, h_ind): (1, 14)
		load: 0.0


Vehicle 16 :
	id: 0
		node: 1
		(x, y, z): (70, 70, 0)
		dem: 0
		earl: 0
		lat: 688
		servt: 0
		pid: 0
		did: 0
		servST: 83.34000000000002
		(h, h_ind): (-1, 0)
		load: 0.0

	Finished service at time: 83.34000000000002

	Using Machine: 0
		Task 0 -> Machine 0 (Station 1): 1.0
		Vehicle arrival at machine station: 84.34000000000002
		Waiting time until machine travel: 0.0

		Machine travel start time: 84.34000000000002
		Region 0 -> Region 3: 15.0
		Machine arrival at machine station: 99.34000000000002

		Machine 0 (Station 4)-> Task 135: 60.42
		Vehicle arrival at task: 159.76000000000002
		Waiting time until service start time: 0.0

	id: 135
		node: 61
		(x, y, z): (58, 11, 3)
		dem: 9
		earl: 110
		lat: 175
		servt: 10
		pid: 0
		did: 110
		servST: 159.76000000000002
		(h, h_ind): (0, 3)
		load: 9.0

	Finished service at time: 169.76000000000002

	Using Machine: 3
		Task 135 -> Machine 3 (Station 4): 61.4
		Vehicle arrival at machine station: 231.16000000000003
		Waiting time until machine travel: 0.0

		Machine travel start time: 231.16000000000003
		Region 3 -> Region 1: 10.0
		Machine arrival at machine station: 241.16000000000003

		Machine 3 (Station 2)-> Task 69: 29.15
		Vehicle arrival at task: 270.31
		Waiting time until service start time: 0.0

	id: 69
		node: 33
		(x, y, z): (104, 73, 1)
		dem: 17
		earl: 238
		lat: 290
		servt: 10
		pid: 0
		did: 103
		servST: 270.31
		(h, h_ind): (3, 9)
		load: 26.0

	Finished service at time: 280.31

	Task 69 -> Task 103: 9.06
	Vehicle arrival at task: 289.37
	Waiting time until service start time: 17.63

	id: 103
		node: 93
		(x, y, z): (103, 82, 1)
		dem: -17
		earl: 307
		lat: 376
		servt: 10
		pid: 69
		did: 0
		servST: 307.0
		(h, h_ind): (-1, 0)
		load: 9.0

	Finished service at time: 317.0

	Using Machine: 2
		Task 103 -> Machine 2 (Station 2): 36.06
		Vehicle arrival at machine station: 353.06
		Waiting time until machine travel: 0.0

		Machine travel start time: 353.06
		Region 1 -> Region 0: 5.0
		Machine arrival at machine station: 358.06

		Machine 2 (Station 1)-> Task 110: 35.06
		Vehicle arrival at task: 393.12
		Waiting time until service start time: 148.88

	id: 110
		node: 121
		(x, y, z): (34, 72, 0)
		dem: -9
		earl: 542
		lat: 586
		servt: 10
		pid: 135
		did: 0
		servST: 542.0
		(h, h_ind): (2, 13)
		load: 0.0

	Finished service at time: 552.0

	Task 110 -> Task 0: 36.06
	Vehicle arrival at task: 588.06
	Waiting time until service start time: 0.0

	id: 0
		node: 122
		(x, y, z): (70, 70, 0)
		dem: 0
		earl: 0
		lat: 688
		servt: 0
		pid: 0
		did: 0
		servST: 588.06
		(h, h_ind): (-1, 0)
		load: 0.0


Vehicle 17 :
	id: 0
		node: 1
		(x, y, z): (70, 70, 0)
		dem: 0
		earl: 0
		lat: 688
		servt: 0
		pid: 0
		did: 0
		servST: 44.25
		(h, h_ind): (-1, 0)
		load: 0.0

	Finished service at time: 44.25

	Task 0 -> Task 117: 73.25
	Vehicle arrival at task: 117.5
	Waiting time until service start time: 0.0

	id: 117
		node: 55
		(x, y, z): (116, 13, 0)
		dem: 5
		earl: 73
		lat: 147
		servt: 10
		pid: 0
		did: 79
		servST: 117.5
		(h, h_ind): (-1, 0)
		load: 5.0

	Finished service at time: 127.5

	Using Machine: 0
		Task 117 -> Machine 0 (Station 1): 72.62
		Vehicle arrival at machine station: 200.12
		Waiting time until machine travel: 0.0

		Machine travel start time: 200.12
		Region 0 -> Region 3: 15.0
		Machine arrival at machine station: 215.12

		Machine 0 (Station 4)-> Task 79: 48.88
		Vehicle arrival at task: 264.0
		Waiting time until service start time: 0.0

	id: 79
		node: 115
		(x, y, z): (113, 45, 3)
		dem: -5
		earl: 264
		lat: 364
		servt: 10
		pid: 117
		did: 0
		servST: 264.0
		(h, h_ind): (0, 5)
		load: 0.0

	Finished service at time: 274.0

	Using Machine: 2
		Task 79 -> Machine 2 (Station 4): 50.61
		Vehicle arrival at machine station: 324.61
		Waiting time until machine travel: 0.0

		Machine travel start time: 324.61
		Region 3 -> Region 0: 15.0
		Machine arrival at machine station: 339.61

		Machine 2 (Station 1)-> Task 0: 1.0
		Vehicle arrival at task: 340.61
		Waiting time until service start time: 0.0

	id: 0
		node: 122
		(x, y, z): (70, 70, 0)
		dem: 0
		earl: 0
		lat: 688
		servt: 0
		pid: 0
		did: 0
		servST: 340.61
		(h, h_ind): (2, 12)
		load: 0.0


Vehicle 21 :
	id: 0
		node: 1
		(x, y, z): (70, 70, 0)
		dem: 0
		earl: 0
		lat: 688
		servt: 0
		pid: 0
		did: 0
		servST: 27.540000000000006
		(h, h_ind): (-1, 0)
		load: 0.0

	Finished service at time: 27.540000000000006

	Using Machine: 3
		Task 0 -> Machine 3 (Station 1): 5.0
		Vehicle arrival at machine station: 32.540000000000006
		Waiting time until machine travel: 0.0

		Machine travel start time: 32.540000000000006
		Region 0 -> Region 2: 10.0
		Machine arrival at machine station: 42.540000000000006

		Machine 3 (Station 3)-> Task 26: 64.07
		Vehicle arrival at task: 106.61
		Waiting time until service start time: 0.0

	id: 26
		node: 15
		(x, y, z): (139, 73, 2)
		dem: 10
		earl: 71
		lat: 134
		servt: 10
		pid: 0
		did: 123
		servST: 106.61
		(h, h_ind): (3, 2)
		load: 10.0

	Finished service at time: 116.61

	Using Machine: 1
		Task 26 -> Machine 1 (Station 3): 66.07
		Vehicle arrival at machine station: 182.68
		Waiting time until machine travel: 0.0

		Machine travel start time: 182.68
		Region 2 -> Region 0: 10.0
		Machine arrival at machine station: 192.68

		Machine 1 (Station 1)-> Task 123: 65.51
		Vehicle arrival at task: 258.19
		Waiting time until service start time: 0.0

	id: 123
		node: 75
		(x, y, z): (137, 84, 0)
		dem: -10
		earl: 207
		lat: 263
		servt: 10
		pid: 26
		did: 0
		servST: 258.19
		(h, h_ind): (1, 9)
		load: 0.0

	Finished service at time: 268.19

	Task 123 -> Task 53: 48.8
	Vehicle arrival at task: 316.99
	Waiting time until service start time: 0.0

	id: 53
		node: 25
		(x, y, z): (103, 119, 0)
		dem: 18
		earl: 315
		lat: 383
		servt: 10
		pid: 0
		did: 111
		servST: 316.99
		(h, h_ind): (-1, 0)
		load: 18.0

	Finished service at time: 326.99

	Using Machine: 3
		Task 53 -> Machine 3 (Station 1): 56.44
		Vehicle arrival at machine station: 383.43
		Waiting time until machine travel: 0.0

		Machine travel start time: 383.43
		Region 0 -> Region 2: 10.0
		Machine arrival at machine station: 393.43

		Machine 3 (Station 3)-> Task 111: 33.38
		Vehicle arrival at task: 426.81
		Waiting time until service start time: 0.0

	id: 111
		node: 85
		(x, y, z): (80, 103, 2)
		dem: -18
		earl: 374
		lat: 427
		servt: 10
		pid: 53
		did: 0
		servST: 426.81
		(h, h_ind): (3, 13)
		load: 0.0

	Finished service at time: 436.81

	Using Machine: 0
		Task 111 -> Machine 0 (Station 3): 34.21
		Vehicle arrival at machine station: 471.02
		Waiting time until machine travel: 0.0

		Machine travel start time: 471.02
		Region 2 -> Region 0: 10.0
		Machine arrival at machine station: 481.02

		Machine 0 (Station 1)-> Task 0: 1.0
		Vehicle arrival at task: 482.02
		Waiting time until service start time: 0.0

	id: 0
		node: 122
		(x, y, z): (70, 70, 0)
		dem: 0
		earl: 0
		lat: 688
		servt: 0
		pid: 0
		did: 0
		servST: 482.02
		(h, h_ind): (0, 9)
		load: 0.0


Vehicle 28 :
	id: 0
		node: 1
		(x, y, z): (70, 70, 0)
		dem: 0
		earl: 0
		lat: 688
		servt: 0
		pid: 0
		did: 0
		servST: 60.91999999999999
		(h, h_ind): (-1, 0)
		load: 0.0

	Finished service at time: 60.91999999999999

	Using Machine: 4
		Task 0 -> Machine 4 (Station 1): 3.0
		Vehicle arrival at machine station: 63.91999999999999
		Waiting time until machine travel: 0.0

		Machine travel start time: 63.91999999999999
		Region 0 -> Region 1: 5.0
		Machine arrival at machine station: 68.91999999999999

		Machine 4 (Station 2)-> Task 72: 39.22
		Vehicle arrival at task: 108.13999999999999
		Waiting time until service start time: 0.0

	id: 72
		node: 35
		(x, y, z): (54, 33, 1)
		dem: 20
		earl: 40
		lat: 117
		servt: 10
		pid: 0
		did: 167
		servST: 108.13999999999999
		(h, h_ind): (4, 5)
		load: 20.0

	Finished service at time: 118.13999999999999

	Using Machine: 4
		Task 72 -> Machine 4 (Station 2): 39.22
		Vehicle arrival at machine station: 157.35999999999999
		Waiting time until machine travel: 0.0

		Machine travel start time: 157.35999999999999
		Region 1 -> Region 2: 5.0
		Machine arrival at machine station: 162.35999999999999

		Machine 4 (Station 3)-> Task 98: 72.28
		Vehicle arrival at task: 234.64
		Waiting time until service start time: 0.0

	id: 98
		node: 46
		(x, y, z): (49, 140, 2)
		dem: 3
		earl: 224
		lat: 275
		servt: 10
		pid: 0
		did: 62
		servST: 234.64
		(h, h_ind): (4, 7)
		load: 23.0

	Finished service at time: 244.64

	Task 98 -> Task 62: 14.32
	Vehicle arrival at task: 258.96
	Waiting time until service start time: 0.0

	id: 62
		node: 106
		(x, y, z): (55, 127, 2)
		dem: -3
		earl: 253
		lat: 294
		servt: 10
		pid: 98
		did: 0
		servST: 258.96
		(h, h_ind): (-1, 0)
		load: 20.0

	Finished service at time: 268.96

	Task 62 -> Task 167: 115.12
	Vehicle arrival at task: 384.08
	Waiting time until service start time: 0.0

	id: 167
		node: 95
		(x, y, z): (39, 13, 2)
		dem: -20
		earl: 369
		lat: 413
		servt: 10
		pid: 72
		did: 0
		servST: 384.08
		(h, h_ind): (-1, 0)
		load: 0.0

	Finished service at time: 394.08

	Using Machine: 4
		Task 167 -> Machine 4 (Station 3): 63.51
		Vehicle arrival at machine station: 457.59
		Waiting time until machine travel: 0.0

		Machine travel start time: 457.59
		Region 2 -> Region 0: 10.0
		Machine arrival at machine station: 467.59

		Machine 4 (Station 1)-> Task 0: 3.0
		Vehicle arrival at task: 470.59
		Waiting time until service start time: 0.0

	id: 0
		node: 122
		(x, y, z): (70, 70, 0)
		dem: 0
		earl: 0
		lat: 688
		servt: 0
		pid: 0
		did: 0
		servST: 470.59
		(h, h_ind): (4, 20)
		load: 0.0


Vehicle 29 :
	id: 0
		node: 1
		(x, y, z): (70, 70, 0)
		dem: 0
		earl: 0
		lat: 688
		servt: 0
		pid: 0
		did: 0
		servST: 150.18
		(h, h_ind): (-1, 0)
		load: 0.0

	Finished service at time: 150.18

	Task 0 -> Task 19: 58.82
	Vehicle arrival at task: 209.0
	Waiting time until service start time: 0.0

	id: 19
		node: 9
		(x, y, z): (22, 104, 0)
		dem: 11
		earl: 209
		lat: 283
		servt: 10
		pid: 0
		did: 114
		servST: 209.0
		(h, h_ind): (-1, 0)
		load: 11.0

	Finished service at time: 219.0

	Using Machine: 2
		Task 19 -> Machine 2 (Station 1): 58.01
		Vehicle arrival at machine station: 277.01
		Waiting time until machine travel: 0.0

		Machine travel start time: 277.01
		Region 0 -> Region 1: 5.0
		Machine arrival at machine station: 282.01

		Machine 2 (Station 2)-> Task 114: 46.65
		Vehicle arrival at task: 328.65999999999997
		Waiting time until service start time: 0.0

	id: 114
		node: 69
		(x, y, z): (29, 94, 1)
		dem: -11
		earl: 280
		lat: 332
		servt: 10
		pid: 19
		did: 0
		servST: 328.65999999999997
		(h, h_ind): (2, 10)
		load: 0.0

	Finished service at time: 338.65999999999997

	Using Machine: 2
		Task 114 -> Machine 2 (Station 2): 46.65
		Vehicle arrival at machine station: 385.30999999999995
		Waiting time until machine travel: 0.0

		Machine travel start time: 385.30999999999995
		Region 1 -> Region 0: 5.0
		Machine arrival at machine station: 390.30999999999995

		Machine 2 (Station 1)-> Task 0: 1.0
		Vehicle arrival at task: 391.30999999999995
		Waiting time until service start time: 0.0

	id: 0
		node: 122
		(x, y, z): (70, 70, 0)
		dem: 0
		earl: 0
		lat: 688
		servt: 0
		pid: 0
		did: 0
		servST: 391.30999999999995
		(h, h_ind): (2, 14)
		load: 0.0


Vehicle 30 :
	id: 0
		node: 1
		(x, y, z): (70, 70, 0)
		dem: 0
		earl: 0
		lat: 688
		servt: 0
		pid: 0
		did: 0
		servST: 2.5200000000000067
		(h, h_ind): (-1, 0)
		load: 0.0

	Finished service at time: 2.5200000000000067

	Using Machine: 2
		Task 0 -> Machine 2 (Station 1): 1.0
		Vehicle arrival at machine station: 3.5200000000000067
		Waiting time until machine travel: 0.0

		Machine travel start time: 3.5200000000000067
		Region 0 -> Region 3: 15.0
		Machine arrival at machine station: 18.520000000000007

		Machine 2 (Station 4)-> Task 132: 11.4
		Vehicle arrival at task: 29.92000000000001
		Waiting time until service start time: -0.0

	id: 132
		node: 58
		(x, y, z): (78, 63, 3)
		dem: 19
		earl: 10
		lat: 41
		servt: 10
		pid: 0
		did: 67
		servST: 29.920000000000005
		(h, h_ind): (2, 1)
		load: 19.0

	Finished service at time: 39.92

	Using Machine: 3
		Task 132 -> Machine 3 (Station 4): 7.62
		Vehicle arrival at machine station: 47.54
		Waiting time until machine travel: 0.0

		Machine travel start time: 47.540000000000006
		Region 3 -> Region 2: 5.0
		Machine arrival at machine station: 52.540000000000006

		Machine 3 (Station 3)-> Task 67: 30.02
		Vehicle arrival at task: 82.56
		Waiting time until service start time: 0.0

	id: 67
		node: 118
		(x, y, z): (90, 44, 2)
		dem: -19
		earl: 33
		lat: 102
		servt: 10
		pid: 132
		did: 0
		servST: 82.56
		(h, h_ind): (3, 3)
		load: 0.0

	Finished service at time: 92.56

	Using Machine: 1
		Task 67 -> Machine 1 (Station 3): 31.06
		Vehicle arrival at machine station: 123.62
		Waiting time until machine travel: 0.0

		Machine travel start time: 123.62
		Region 2 -> Region 1: 5.0
		Machine arrival at machine station: 128.62

		Machine 1 (Station 2)-> Task 80: 51.62
		Vehicle arrival at task: 180.24
		Waiting time until service start time: 0.0

	id: 80
		node: 39
		(x, y, z): (92, 22, 1)
		dem: 18
		earl: 178
		lat: 231
		servt: 10
		pid: 0
		did: 182
		servST: 180.24
		(h, h_ind): (1, 7)
		load: 18.0

	Finished service at time: 190.24

	Using Machine: 3
		Task 80 -> Machine 3 (Station 2): 50.92
		Vehicle arrival at machine station: 241.16000000000003
		Waiting time until machine travel: 0.0

		Machine travel start time: 241.16000000000003
		Region 1 -> Region 3: 10.0
		Machine arrival at machine station: 251.16000000000003

		Machine 3 (Station 4)-> Task 182: 48.08
		Vehicle arrival at task: 299.24
		Waiting time until service start time: 0.0

	id: 182
		node: 99
		(x, y, z): (89, 24, 3)
		dem: -18
		earl: 280
		lat: 353
		servt: 10
		pid: 80
		did: 0
		servST: 299.24
		(h, h_ind): (3, 10)
		load: 0.0

	Finished service at time: 309.24

	Task 182 -> Task 22: 99.76
	Vehicle arrival at task: 409.0
	Waiting time until service start time: 0.0

	id: 22
		node: 12
		(x, y, z): (16, 92, 3)
		dem: 10
		earl: 339
		lat: 409
		servt: 10
		pid: 0
		did: 47
		servST: 409.0
		(h, h_ind): (-1, 0)
		load: 10.0

	Finished service at time: 419.0

	Task 22 -> Task 47: 9.43
	Vehicle arrival at task: 428.43
	Waiting time until service start time: 2.49

	id: 47
		node: 72
		(x, y, z): (8, 87, 3)
		dem: -10
		earl: 387
		lat: 446
		servt: 10
		pid: 22
		did: 0
		servST: 430.92
		(h, h_ind): (-1, 0)
		load: 0.0

	Finished service at time: 440.92

	Task 47 -> Task 77: 24.08
	Vehicle arrival at task: 465.0
	Waiting time until service start time: 0.0

	id: 77
		node: 38
		(x, y, z): (10, 111, 3)
		dem: 21
		earl: 465
		lat: 551
		servt: 10
		pid: 0
		did: 198
		servST: 465.0
		(h, h_ind): (-1, 0)
		load: 21.0

	Finished service at time: 475.0

	Using Machine: 4
		Task 77 -> Machine 4 (Station 4): 70.21
		Vehicle arrival at machine station: 545.21
		Waiting time until machine travel: 0.0

		Machine travel start time: 545.21
		Region 3 -> Region 1: 10.0
		Machine arrival at machine station: 555.21

		Machine 4 (Station 2)-> Task 198: 52.5
		Vehicle arrival at task: 607.71
		Waiting time until service start time: 0.0

	id: 198
		node: 98
		(x, y, z): (27, 104, 1)
		dem: -21
		earl: 544
		lat: 618
		servt: 10
		pid: 77
		did: 0
		servST: 607.71
		(h, h_ind): (4, 23)
		load: 0.0

	Finished service at time: 617.71

	Using Machine: 2
		Task 198 -> Machine 2 (Station 2): 54.04
		Vehicle arrival at machine station: 671.75
		Waiting time until machine travel: 0.0

		Machine travel start time: 671.75
		Region 1 -> Region 0: 5.0
		Machine arrival at machine station: 676.75

		Machine 2 (Station 1)-> Task 0: 1.0
		Vehicle arrival at task: 677.75
		Waiting time until service start time: 0.0

	id: 0
		node: 122
		(x, y, z): (70, 70, 0)
		dem: 0
		earl: 0
		lat: 688
		servt: 0
		pid: 0
		did: 0
		servST: 677.75
		(h, h_ind): (2, 19)
		load: 0.0


Vehicle 31 :
	id: 0
		node: 1
		(x, y, z): (70, 70, 0)
		dem: 0
		earl: 0
		lat: 688
		servt: 0
		pid: 0
		did: 0
		servST: 25.04000000000002
		(h, h_ind): (-1, 0)
		load: 0.0

	Finished service at time: 25.04000000000002

	Using Machine: 4
		Task 0 -> Machine 4 (Station 1): 3.0
		Vehicle arrival at machine station: 28.04000000000002
		Waiting time until machine travel: 0.0

		Machine travel start time: 28.04000000000002
		Region 0 -> Region 1: 5.0
		Machine arrival at machine station: 33.04000000000002

		Machine 4 (Station 2)-> Task 20: 66.41
		Vehicle arrival at task: 99.45000000000002
		Waiting time until service start time: 0.0

	id: 20
		node: 10
		(x, y, z): (46, 133, 1)
		dem: 7
		earl: 67
		lat: 115
		servt: 10
		pid: 0
		did: 34
		servST: 99.45000000000002
		(h, h_ind): (4, 3)
		load: 7.0

	Finished service at time: 109.45000000000002

	Using Machine: 4
		Task 20 -> Machine 4 (Station 2): 66.41
		Vehicle arrival at machine station: 175.86
		Waiting time until machine travel: 0.0

		Machine travel start time: 175.86
		Region 1 -> Region 0: 5.0
		Machine arrival at machine station: 180.86

		Machine 4 (Station 1)-> Task 34: 59.14
		Vehicle arrival at task: 240.0
		Waiting time until service start time: 0.0

	id: 34
		node: 70
		(x, y, z): (63, 129, 0)
		dem: -7
		earl: 202
		lat: 240
		servt: 10
		pid: 20
		did: 0
		servST: 240.0
		(h, h_ind): (4, 8)
		load: 0.0

	Finished service at time: 250.0

	Task 34 -> Task 23: 51.48
	Vehicle arrival at task: 301.48
	Waiting time until service start time: 22.52

	id: 23
		node: 13
		(x, y, z): (18, 104, 0)
		dem: 18
		earl: 324
		lat: 379
		servt: 10
		pid: 0
		did: 127
		servST: 324.0
		(h, h_ind): (-1, 0)
		load: 18.0

	Finished service at time: 334.0

	Using Machine: 4
		Task 23 -> Machine 4 (Station 1): 59.64
		Vehicle arrival at machine station: 393.64
		Waiting time until machine travel: 0.0

		Machine travel start time: 393.64
		Region 0 -> Region 2: 10.0
		Machine arrival at machine station: 403.64

		Machine 4 (Station 3)-> Task 127: 74.3
		Vehicle arrival at task: 477.94
		Waiting time until service start time: 0.0

	id: 127
		node: 73
		(x, y, z): (2, 106, 2)
		dem: -18
		earl: 405
		lat: 478
		servt: 10
		pid: 23
		did: 0
		servST: 477.94
		(h, h_ind): (4, 17)
		load: 0.0

	Finished service at time: 487.94

	Using Machine: 2
		Task 127 -> Machine 2 (Station 3): 76.06
		Vehicle arrival at machine station: 564.0
		Waiting time until machine travel: 0.0

		Machine travel start time: 564.0
		Region 2 -> Region 0: 10.0
		Machine arrival at machine station: 574.0

		Machine 2 (Station 1)-> Task 0: 1.0
		Vehicle arrival at task: 575.0
		Waiting time until service start time: 0.0

	id: 0
		node: 122
		(x, y, z): (70, 70, 0)
		dem: 0
		earl: 0
		lat: 688
		servt: 0
		pid: 0
		did: 0
		servST: 575.0
		(h, h_ind): (2, 18)
		load: 0.0


Vehicle 40 :
	id: 0
		node: 1
		(x, y, z): (70, 70, 0)
		dem: 0
		earl: 0
		lat: 688
		servt: 0
		pid: 0
		did: 0
		servST: 24.299999999999997
		(h, h_ind): (-1, 0)
		load: 0.0

	Finished service at time: 24.299999999999997

	Using Machine: 1
		Task 0 -> Machine 1 (Station 1): 3.0
		Vehicle arrival at machine station: 27.299999999999997
		Waiting time until machine travel: 0.0

		Machine travel start time: 27.299999999999997
		Region 0 -> Region 1: 5.0
		Machine arrival at machine station: 32.3

		Machine 1 (Station 2)-> Task 63: 39.7
		Vehicle arrival at task: 72.0
		Waiting time until service start time: 0.0

	id: 63
		node: 31
		(x, y, z): (103, 44, 1)
		dem: 12
		earl: 42
		lat: 72
		servt: 10
		pid: 0
		did: 11
		servST: 72.0
		(h, h_ind): (1, 2)
		load: 12.0

	Finished service at time: 82.0

	Using Machine: 0
		Task 63 -> Machine 0 (Station 2): 41.23
		Vehicle arrival at machine station: 123.22999999999999
		Waiting time until machine travel: 0.0

		Machine travel start time: 123.22999999999999
		Region 1 -> Region 0: 5.0
		Machine arrival at machine station: 128.23

		Machine 0 (Station 1)-> Task 99: 45.04
		Vehicle arrival at task: 173.26999999999998
		Waiting time until service start time: 48.04

	id: 99
		node: 47
		(x, y, z): (69, 115, 0)
		dem: 20
		earl: 214
		lat: 246
		servt: 10
		pid: 0
		did: 59
		servST: 221.31
		(h, h_ind): (0, 4)
		load: 32.0

	Finished service at time: 231.31

	Task 99 -> Task 25: 97.69
	Vehicle arrival at task: 329.0
	Waiting time until service start time: 0.0

	id: 25
		node: 14
		(x, y, z): (107, 25, 0)
		dem: 13
		earl: 249
		lat: 329
		servt: 10
		pid: 0
		did: 116
		servST: 329.0
		(h, h_ind): (-1, 0)
		load: 45.0

	Finished service at time: 339.0

	Task 25 -> Task 116: 4.24
	Vehicle arrival at task: 343.24
	Waiting time until service start time: 5.76

	id: 116
		node: 74
		(x, y, z): (110, 28, 0)
		dem: -13
		earl: 291
		lat: 349
		servt: 10
		pid: 25
		did: 0
		servST: 349.0
		(h, h_ind): (-1, 0)
		load: 32.0

	Finished service at time: 359.0

	Task 116 -> Task 11: 19.42
	Vehicle arrival at task: 378.42
	Waiting time until service start time: 0.0

	id: 11
		node: 91
		(x, y, z): (129, 24, 0)
		dem: -12
		earl: 309
		lat: 390
		servt: 10
		pid: 63
		did: 0
		servST: 378.42
		(h, h_ind): (-1, 0)
		load: 20.0

	Finished service at time: 388.42

	Task 11 -> Task 59: 95.02
	Vehicle arrival at task: 483.44
	Waiting time until service start time: 7.56

	id: 59
		node: 107
		(x, y, z): (67, 96, 0)
		dem: -20
		earl: 491
		lat: 523
		servt: 10
		pid: 99
		did: 0
		servST: 491.0
		(h, h_ind): (-1, 0)
		load: 0.0

	Finished service at time: 501.0

	Task 59 -> Task 0: 26.17
	Vehicle arrival at task: 527.17
	Waiting time until service start time: 0.0

	id: 0
		node: 122
		(x, y, z): (70, 70, 0)
		dem: 0
		earl: 0
		lat: 688
		servt: 0
		pid: 0
		did: 0
		servST: 527.17
		(h, h_ind): (-1, 0)
		load: 0.0


Vehicle 41 :
	id: 0
		node: 1
		(x, y, z): (70, 70, 0)
		dem: 0
		earl: 0
		lat: 688
		servt: 0
		pid: 0
		did: 0
		servST: 39.359999999999985
		(h, h_ind): (-1, 0)
		load: 0.0

	Finished service at time: 39.359999999999985

	Using Machine: 4
		Task 0 -> Machine 4 (Station 1): 3.0
		Vehicle arrival at machine station: 42.359999999999985
		Waiting time until machine travel: 0.0

		Machine travel start time: 42.359999999999985
		Region 0 -> Region 2: 10.0
		Machine arrival at machine station: 52.359999999999985

		Machine 4 (Station 3)-> Task 85: 59.24
		Vehicle arrival at task: 111.6
		Waiting time until service start time: 0.0

	id: 85
		node: 42
		(x, y, z): (12, 48, 2)
		dem: 4
		earl: 62
		lat: 159
		servt: 10
		pid: 0
		did: 12
		servST: 111.6
		(h, h_ind): (4, 4)
		load: 4.0

	Finished service at time: 121.6

	Task 85 -> Task 54: 20.4
	Vehicle arrival at task: 142.0
	Waiting time until service start time: 0.0

	id: 54
		node: 26
		(x, y, z): (32, 52, 2)
		dem: 32
		earl: 142
		lat: 190
		servt: 10
		pid: 0
		did: 96
		servST: 142.0
		(h, h_ind): (-1, 0)
		load: 36.0

	Finished service at time: 152.0

	Using Machine: 4
		Task 54 -> Machine 4 (Station 3): 39.36
		Vehicle arrival at machine station: 191.36
		Waiting time until machine travel: 0.0

		Machine travel start time: 191.36
		Region 2 -> Region 1: 5.0
		Machine arrival at machine station: 196.36

		Machine 4 (Station 2)-> Task 12: 56.75
		Vehicle arrival at task: 253.11
		Waiting time until service start time: 0.0

	id: 12
		node: 102
		(x, y, z): (12, 84, 1)
		dem: -4
		earl: 200
		lat: 278
		servt: 10
		pid: 85
		did: 0
		servST: 253.11
		(h, h_ind): (4, 9)
		load: 32.0

	Finished service at time: 263.11

	Task 12 -> Task 33: 65.52
	Vehicle arrival at task: 328.63
	Waiting time until service start time: 0.0

	id: 33
		node: 17
		(x, y, z): (30, 21, 1)
		dem: 12
		earl: 304
		lat: 371
		servt: 10
		pid: 0
		did: 191
		servST: 328.63
		(h, h_ind): (-1, 0)
		load: 44.0

	Finished service at time: 338.63

	Task 33 -> Task 96: 50.45
	Vehicle arrival at task: 389.08
	Waiting time until service start time: 0.0

	id: 96
		node: 86
		(x, y, z): (18, 70, 1)
		dem: -32
		earl: 378
		lat: 433
		servt: 10
		pid: 54
		did: 0
		servST: 389.08
		(h, h_ind): (-1, 0)
		load: 12.0

	Finished service at time: 399.08

	Task 96 -> Task 191: 29.53
	Vehicle arrival at task: 428.61
	Waiting time until service start time: 0.0

	id: 191
		node: 77
		(x, y, z): (4, 44, 1)
		dem: -12
		earl: 414
		lat: 447
		servt: 10
		pid: 33
		did: 0
		servST: 428.61
		(h, h_ind): (-1, 0)
		load: 0.0

	Finished service at time: 438.61

	Using Machine: 4
		Task 191 -> Machine 4 (Station 2): 68.15
		Vehicle arrival at machine station: 506.76
		Waiting time until machine travel: 0.0

		Machine travel start time: 506.76
		Region 1 -> Region 0: 5.0
		Machine arrival at machine station: 511.76

		Machine 4 (Station 1)-> Task 0: 3.0
		Vehicle arrival at task: 514.76
		Waiting time until service start time: 0.0

	id: 0
		node: 122
		(x, y, z): (70, 70, 0)
		dem: 0
		earl: 0
		lat: 688
		servt: 0
		pid: 0
		did: 0
		servST: 514.76
		(h, h_ind): (4, 22)
		load: 0.0


Vehicle 42 :
	id: 0
		node: 1
		(x, y, z): (70, 70, 0)
		dem: 0
		earl: 0
		lat: 688
		servt: 0
		pid: 0
		did: 0
		servST: 147.02
		(h, h_ind): (-1, 0)
		load: 0.0

	Finished service at time: 147.02

	Task 0 -> Task 21: 68.47
	Vehicle arrival at task: 215.49
	Waiting time until service start time: 0.0

	id: 21
		node: 11
		(x, y, z): (138, 78, 0)
		dem: 43
		earl: 176
		lat: 259
		servt: 10
		pid: 0
		did: 126
		servST: 215.49
		(h, h_ind): (-1, 0)
		load: 43.0

	Finished service at time: 225.49

	Using Machine: 0
		Task 21 -> Machine 0 (Station 1): 67.48
		Vehicle arrival at machine station: 292.97
		Waiting time until machine travel: 0.0

		Machine travel start time: 292.97
		Region 0 -> Region 2: 10.0
		Machine arrival at machine station: 302.97

		Machine 0 (Station 3)-> Task 126: 68.03
		Vehicle arrival at task: 371.0
		Waiting time until service start time: 0.0

	id: 126
		node: 71
		(x, y, z): (139, 72, 2)
		dem: -43
		earl: 333
		lat: 371
		servt: 10
		pid: 21
		did: 0
		servST: 371.0
		(h, h_ind): (0, 6)
		load: 0.0

	Finished service at time: 381.0

	Using Machine: 0
		Task 126 -> Machine 0 (Station 3): 68.03
		Vehicle arrival at machine station: 449.03
		Waiting time until machine travel: 0.0

		Machine travel start time: 449.03
		Region 2 -> Region 0: 10.0
		Machine arrival at machine station: 459.03

		Machine 0 (Station 1)-> Task 0: 1.0
		Vehicle arrival at task: 460.03
		Waiting time until service start time: 0.0

	id: 0
		node: 122
		(x, y, z): (70, 70, 0)
		dem: 0
		earl: 0
		lat: 688
		servt: 0
		pid: 0
		did: 0
		servST: 460.03
		(h, h_ind): (0, 8)
		load: 0.0


Vehicle 43 :
	id: 0
		node: 1
		(x, y, z): (70, 70, 0)
		dem: 0
		earl: 0
		lat: 688
		servt: 0
		pid: 0
		did: 0
		servST: 27.190000000000012
		(h, h_ind): (-1, 0)
		load: 0.0

	Finished service at time: 27.190000000000012

	Using Machine: 0
		Task 0 -> Machine 0 (Station 1): 1.0
		Vehicle arrival at machine station: 28.190000000000012
		Waiting time until machine travel: 0.0

		Machine travel start time: 28.190000000000012
		Region 0 -> Region 2: 10.0
		Machine arrival at machine station: 38.19000000000001

		Machine 0 (Station 3)-> Task 112: 41.59
		Vehicle arrival at task: 79.78000000000002
		Waiting time until service start time: 0.0

	id: 112
		node: 52
		(x, y, z): (78, 111, 2)
		dem: 22
		earl: 41
		lat: 118
		servt: 10
		pid: 0
		did: 121
		servST: 79.78000000000002
		(h, h_ind): (0, 1)
		load: 22.0

	Finished service at time: 89.78000000000002

	Using Machine: 3
		Task 112 -> Machine 3 (Station 3): 41.11
		Vehicle arrival at machine station: 130.89000000000001
		Waiting time until machine travel: 0.0

		Machine travel start time: 130.89000000000001
		Region 2 -> Region 1: 5.0
		Machine arrival at machine station: 135.89000000000001

		Machine 3 (Station 2)-> Task 113: 43.01
		Vehicle arrival at task: 178.9
		Waiting time until service start time: 0.0

	id: 113
		node: 53
		(x, y, z): (116, 83, 1)
		dem: 30
		earl: 157
		lat: 231
		servt: 10
		pid: 0
		did: 101
		servST: 178.9
		(h, h_ind): (3, 5)
		load: 52.0

	Finished service at time: 188.9

	Task 113 -> Task 38: 72.09
	Vehicle arrival at task: 260.99
	Waiting time until service start time: 0.0

	id: 38
		node: 19
		(x, y, z): (50, 112, 1)
		dem: 18
		earl: 212
		lat: 282
		servt: 10
		pid: 0
		did: 102
		servST: 260.99
		(h, h_ind): (-1, 0)
		load: 70.0

	Finished service at time: 270.99

	Task 38 -> Task 121: 35.01
	Vehicle arrival at task: 306.0
	Waiting time until service start time: 0.0

	id: 121
		node: 112
		(x, y, z): (85, 111, 1)
		dem: -22
		earl: 230
		lat: 306
		servt: 10
		pid: 112
		did: 0
		servST: 306.0
		(h, h_ind): (-1, 0)
		load: 48.0

	Finished service at time: 316.0

	Task 121 -> Task 101: 23.02
	Vehicle arrival at task: 339.02
	Waiting time until service start time: 0.0

	id: 101
		node: 113
		(x, y, z): (84, 88, 1)
		dem: -30
		earl: 329
		lat: 414
		servt: 10
		pid: 113
		did: 0
		servST: 339.02
		(h, h_ind): (-1, 0)
		load: 18.0

	Finished service at time: 349.02

	Using Machine: 0
		Task 101 -> Machine 0 (Station 2): 22.2
		Vehicle arrival at machine station: 371.21999999999997
		Waiting time until machine travel: 0.0

		Machine travel start time: 371.21999999999997
		Region 1 -> Region 0: 5.0
		Machine arrival at machine station: 376.21999999999997

		Machine 0 (Station 1)-> Task 102: 86.83
		Vehicle arrival at task: 463.04999999999995
		Waiting time until service start time: 0.0

	id: 102
		node: 79
		(x, y, z): (17, 138, 0)
		dem: -18
		earl: 409
		lat: 487
		servt: 10
		pid: 38
		did: 0
		servST: 463.04999999999995
		(h, h_ind): (0, 7)
		load: 0.0

	Finished service at time: 473.04999999999995

	Task 102 -> Task 0: 86.21
	Vehicle arrival at task: 559.26
	Waiting time until service start time: 0.0

	id: 0
		node: 122
		(x, y, z): (70, 70, 0)
		dem: 0
		earl: 0
		lat: 688
		servt: 0
		pid: 0
		did: 0
		servST: 559.26
		(h, h_ind): (-1, 0)
		load: 0.0


Vehicle 45 :
	id: 0
		node: 1
		(x, y, z): (70, 70, 0)
		dem: 0
		earl: 0
		lat: 688
		servt: 0
		pid: 0
		did: 0
		servST: 15.04000000000002
		(h, h_ind): (-1, 0)
		load: 0.0

	Finished service at time: 15.04000000000002

	Using Machine: 4
		Task 0 -> Machine 4 (Station 1): 3.0
		Vehicle arrival at machine station: 18.04000000000002
		Waiting time until machine travel: 0.0

		Machine travel start time: 18.04000000000002
		Region 0 -> Region 1: 5.0
		Machine arrival at machine station: 23.04000000000002

		Machine 4 (Station 2)-> Task 73: 24.19
		Vehicle arrival at task: 47.23000000000002
		Waiting time until service start time: 21.05

	id: 73
		node: 36
		(x, y, z): (70, 94, 1)
		dem: 32
		earl: 24
		lat: 104
		servt: 10
		pid: 0
		did: 136
		servST: 68.28
		(h, h_ind): (4, 2)
		load: 32.0

	Finished service at time: 78.28

	Using Machine: 2
		Task 73 -> Machine 2 (Station 2): 24.02
		Vehicle arrival at machine station: 102.3
		Waiting time until machine travel: 0.0

		Machine travel start time: 102.3
		Region 1 -> Region 3: 10.0
		Machine arrival at machine station: 112.3

		Machine 2 (Station 4)-> Task 35: 32.7
		Vehicle arrival at task: 145.0
		Waiting time until service start time: 0.0

	id: 35
		node: 18
		(x, y, z): (82, 100, 3)
		dem: 18
		earl: 94
		lat: 145
		servt: 10
		pid: 0
		did: 32
		servST: 145.0
		(h, h_ind): (2, 4)
		load: 50.0

	Finished service at time: 155.0

	Task 35 -> Task 136: 63.53
	Vehicle arrival at task: 218.53
	Waiting time until service start time: 47.47

	id: 136
		node: 96
		(x, y, z): (26, 130, 3)
		dem: -32
		earl: 266
		lat: 300
		servt: 10
		pid: 73
		did: 0
		servST: 266.0
		(h, h_ind): (-1, 0)
		load: 18.0

	Finished service at time: 276.0

	Task 136 -> Task 32: 36.88
	Vehicle arrival at task: 312.88
	Waiting time until service start time: 0.0

	id: 32
		node: 78
		(x, y, z): (54, 106, 3)
		dem: -18
		earl: 277
		lat: 342
		servt: 10
		pid: 35
		did: 0
		servST: 312.88
		(h, h_ind): (-1, 0)
		load: 0.0

	Finished service at time: 322.88

	Task 32 -> Task 90: 4.0
	Vehicle arrival at task: 326.88
	Waiting time until service start time: 0.0

	id: 90
		node: 45
		(x, y, z): (50, 106, 3)
		dem: 25
		earl: 314
		lat: 356
		servt: 10
		pid: 0
		did: 128
		servST: 326.88
		(h, h_ind): (-1, 0)
		load: 25.0

	Finished service at time: 336.88

	Using Machine: 4
		Task 90 -> Machine 4 (Station 4): 39.81
		Vehicle arrival at machine station: 376.69
		Waiting time until machine travel: 0.0

		Machine travel start time: 376.69
		Region 3 -> Region 0: 15.0
		Machine arrival at machine station: 391.69

		Machine 4 (Station 1)-> Task 128: 68.07
		Vehicle arrival at task: 459.76
		Waiting time until service start time: 0.0

	id: 128
		node: 105
		(x, y, z): (64, 138, 0)
		dem: -25
		earl: 410
		lat: 500
		servt: 10
		pid: 90
		did: 0
		servST: 459.76
		(h, h_ind): (4, 16)
		load: 0.0

	Finished service at time: 469.76

	Task 128 -> Task 0: 68.26
	Vehicle arrival at task: 538.02
	Waiting time until service start time: 0.0

	id: 0
		node: 122
		(x, y, z): (70, 70, 0)
		dem: 0
		earl: 0
		lat: 688
		servt: 0
		pid: 0
		did: 0
		servST: 538.02
		(h, h_ind): (-1, 0)
		load: 0.0


Vehicle 46 :
	id: 0
		node: 1
		(x, y, z): (70, 70, 0)
		dem: 0
		earl: 0
		lat: 688
		servt: 0
		pid: 0
		did: 0
		servST: 4.20000000000001
		(h, h_ind): (-1, 0)
		load: 0.0

	Finished service at time: 4.20000000000001

	Task 0 -> Task 18: 37.58
	Vehicle arrival at task: 41.78000000000001
	Waiting time until service start time: 0.0

	id: 18
		node: 8
		(x, y, z): (104, 54, 0)
		dem: 13
		earl: 41
		lat: 94
		servt: 10
		pid: 0
		did: 66
		servST: 41.78000000000001
		(h, h_ind): (-1, 0)
		load: 13.0

	Finished service at time: 51.78000000000001

	Using Machine: 3
		Task 18 -> Machine 3 (Station 1): 33.12
		Vehicle arrival at machine station: 84.9
		Waiting time until machine travel: 0.0

		Machine travel start time: 84.9
		Region 0 -> Region 1: 5.0
		Machine arrival at machine station: 89.9

		Machine 3 (Station 2)-> Task 120: 46.1
		Vehicle arrival at task: 136.0
		Waiting time until service start time: 0.0

	id: 120
		node: 57
		(x, y, z): (120, 60, 1)
		dem: 18
		earl: 50
		lat: 136
		servt: 10
		pid: 0
		did: 75
		servST: 136.0
		(h, h_ind): (3, 4)
		load: 31.0

	Finished service at time: 146.0

	Task 120 -> Task 66: 31.24
	Vehicle arrival at task: 177.24
	Waiting time until service start time: 9.71

	id: 66
		node: 68
		(x, y, z): (140, 36, 1)
		dem: -13
		earl: 162
		lat: 220
		servt: 10
		pid: 18
		did: 0
		servST: 186.95
		(h, h_ind): (-1, 0)
		load: 18.0

	Finished service at time: 196.95

	Task 66 -> Task 64: 49.24
	Vehicle arrival at task: 246.19
	Waiting time until service start time: 0.0

	id: 64
		node: 32
		(x, y, z): (97, 12, 1)
		dem: 10
		earl: 183
		lat: 260
		servt: 10
		pid: 0
		did: 195
		servST: 246.19
		(h, h_ind): (-1, 0)
		load: 28.0

	Finished service at time: 256.19

	Task 64 -> Task 195: 12.81
	Vehicle arrival at task: 269.0
	Waiting time until service start time: 0.0

	id: 195
		node: 92
		(x, y, z): (105, 2, 1)
		dem: -10
		earl: 208
		lat: 269
		servt: 10
		pid: 64
		did: 0
		servST: 269.0
		(h, h_ind): (-1, 0)
		load: 18.0

	Finished service at time: 279.0

	Using Machine: 3
		Task 195 -> Machine 3 (Station 2): 74.32
		Vehicle arrival at machine station: 353.32
		Waiting time until machine travel: 0.0

		Machine travel start time: 353.32
		Region 1 -> Region 0: 5.0
		Machine arrival at machine station: 358.32

		Machine 3 (Station 1)-> Task 49: 78.23
		Vehicle arrival at task: 436.55
		Waiting time until service start time: 0.0

	id: 49
		node: 23
		(x, y, z): (117, 4, 0)
		dem: 9
		earl: 407
		lat: 459
		servt: 10
		pid: 0
		did: 27
		servST: 436.55
		(h, h_ind): (3, 12)
		load: 27.0

	Finished service at time: 446.55

	Task 49 -> Task 27: 16.49
	Vehicle arrival at task: 463.04
	Waiting time until service start time: 19.96

	id: 27
		node: 83
		(x, y, z): (101, 0, 0)
		dem: -9
		earl: 483
		lat: 543
		servt: 10
		pid: 49
		did: 0
		servST: 483.0
		(h, h_ind): (-1, 0)
		load: 18.0

	Finished service at time: 493.0

	Task 27 -> Task 75: 31.78
	Vehicle arrival at task: 524.78
	Waiting time until service start time: 0.0

	id: 75
		node: 117
		(x, y, z): (88, 29, 0)
		dem: -18
		earl: 514
		lat: 580
		servt: 10
		pid: 120
		did: 0
		servST: 524.78
		(h, h_ind): (-1, 0)
		load: 0.0

	Finished service at time: 534.78

	Task 75 -> Task 0: 44.78
	Vehicle arrival at task: 579.56
	Waiting time until service start time: 0.0

	id: 0
		node: 122
		(x, y, z): (70, 70, 0)
		dem: 0
		earl: 0
		lat: 688
		servt: 0
		pid: 0
		did: 0
		servST: 579.56
		(h, h_ind): (-1, 0)
		load: 0.0


Vehicle 49 :
	id: 0
		node: 1
		(x, y, z): (70, 70, 0)
		dem: 0
		earl: 0
		lat: 688
		servt: 0
		pid: 0
		did: 0
		servST: 81.91
		(h, h_ind): (-1, 0)
		load: 0.0

	Finished service at time: 81.91

	Using Machine: 2
		Task 0 -> Machine 2 (Station 1): 1.0
		Vehicle arrival at machine station: 82.91
		Waiting time until machine travel: 0.0

		Machine travel start time: 82.91
		Region 0 -> Region 2: 10.0
		Machine arrival at machine station: 92.91

		Machine 2 (Station 3)-> Task 133: 72.09
		Vehicle arrival at task: 165.0
		Waiting time until service start time: 0.0

	id: 133
		node: 59
		(x, y, z): (98, 4, 2)
		dem: 20
		earl: 165
		lat: 220
		servt: 10
		pid: 0
		did: 9
		servST: 165.0
		(h, h_ind): (2, 3)
		load: 20.0

	Finished service at time: 175.0

	Using Machine: 4
		Task 133 -> Machine 4 (Station 3): 72.92
		Vehicle arrival at machine station: 247.92000000000002
		Waiting time until machine travel: 0.0

		Machine travel start time: 247.92000000000002
		Region 2 -> Region 3: 5.0
		Machine arrival at machine station: 252.92000000000002

		Machine 4 (Station 4)-> Task 58: 68.45
		Vehicle arrival at task: 321.37
		Waiting time until service start time: 0.0

	id: 58
		node: 29
		(x, y, z): (5, 99, 3)
		dem: 24
		earl: 319
		lat: 359
		servt: 10
		pid: 0
		did: 97
		servST: 321.37
		(h, h_ind): (4, 10)
		load: 44.0

	Finished service at time: 331.37

	Task 58 -> Task 9: 70.0
	Vehicle arrival at task: 401.37
	Waiting time until service start time: 0.0

	id: 9
		node: 119
		(x, y, z): (61, 57, 3)
		dem: -20
		earl: 368
		lat: 411
		servt: 10
		pid: 133
		did: 0
		servST: 401.37
		(h, h_ind): (-1, 0)
		load: 24.0

	Finished service at time: 411.37

	Using Machine: 4
		Task 9 -> Machine 4 (Station 4): 14.32
		Vehicle arrival at machine station: 425.69
		Waiting time until machine travel: 0.0

		Machine travel start time: 425.69
		Region 3 -> Region 1: 10.0
		Machine arrival at machine station: 435.69

		Machine 4 (Station 2)-> Task 97: 13.45
		Vehicle arrival at task: 449.14
		Waiting time until service start time: 0.0

	id: 97
		node: 89
		(x, y, z): (58, 80, 1)
		dem: -24
		earl: 441
		lat: 509
		servt: 10
		pid: 58
		did: 0
		servST: 449.14
		(h, h_ind): (4, 18)
		load: 0.0

	Finished service at time: 459.14

	Using Machine: 4
		Task 97 -> Machine 4 (Station 2): 13.45
		Vehicle arrival at machine station: 472.59
		Waiting time until machine travel: 0.0

		Machine travel start time: 472.59
		Region 1 -> Region 0: 5.0
		Machine arrival at machine station: 477.59

		Machine 4 (Station 1)-> Task 0: 3.0
		Vehicle arrival at task: 480.59
		Waiting time until service start time: 0.0

	id: 0
		node: 122
		(x, y, z): (70, 70, 0)
		dem: 0
		earl: 0
		lat: 688
		servt: 0
		pid: 0
		did: 0
		servST: 480.59
		(h, h_ind): (4, 21)
		load: 0.0


Vehicle 50 :
	id: 0
		node: 1
		(x, y, z): (70, 70, 0)
		dem: 0
		earl: 0
		lat: 688
		servt: 0
		pid: 0
		did: 0
		servST: 40.57
		(h, h_ind): (-1, 0)
		load: 0.0

	Finished service at time: 40.57

	Using Machine: 1
		Task 0 -> Machine 1 (Station 1): 3.0
		Vehicle arrival at machine station: 43.57
		Waiting time until machine travel: 0.0

		Machine travel start time: 43.57
		Region 0 -> Region 1: 5.0
		Machine arrival at machine station: 48.57

		Machine 1 (Station 2)-> Task 106: 45.12
		Vehicle arrival at task: 93.69
		Waiting time until service start time: 0.0

	id: 106
		node: 50
		(x, y, z): (29, 60, 1)
		dem: 14
		earl: 42
		lat: 126
		servt: 10
		pid: 0
		did: 94
		servST: 93.69
		(h, h_ind): (1, 3)
		load: 14.0

	Finished service at time: 103.69

	Task 106 -> Task 94: 27.31
	Vehicle arrival at task: 131.0
	Waiting time until service start time: 0.0

	id: 94
		node: 110
		(x, y, z): (4, 71, 1)
		dem: -14
		earl: 131
		lat: 219
		servt: 10
		pid: 106
		did: 0
		servST: 131.0
		(h, h_ind): (-1, 0)
		load: 0.0

	Finished service at time: 141.0

	Using Machine: 2
		Task 94 -> Machine 2 (Station 2): 65.01
		Vehicle arrival at machine station: 206.01
		Waiting time until machine travel: 0.0

		Machine travel start time: 206.01
		Region 1 -> Region 0: 5.0
		Machine arrival at machine station: 211.01

		Machine 2 (Station 1)-> Task 0: 1.0
		Vehicle arrival at task: 212.01
		Waiting time until service start time: 0.0

	id: 0
		node: 122
		(x, y, z): (70, 70, 0)
		dem: 0
		earl: 0
		lat: 688
		servt: 0
		pid: 0
		did: 0
		servST: 212.01
		(h, h_ind): (2, 8)
		load: 0.0


Vehicle 53 :
	id: 0
		node: 1
		(x, y, z): (70, 70, 0)
		dem: 0
		earl: 0
		lat: 688
		servt: 0
		pid: 0
		did: 0
		servST: 10.0
		(h, h_ind): (-1, 0)
		load: 0.0

	Finished service at time: 10.0

	Task 0 -> Task 50: 75.39
	Vehicle arrival at task: 85.39
	Waiting time until service start time: 0.0

	id: 50
		node: 24
		(x, y, z): (140, 42, 0)
		dem: 13
		earl: 79
		lat: 152
		servt: 10
		pid: 0
		did: 130
		servST: 85.39
		(h, h_ind): (-1, 0)
		load: 13.0

	Finished service at time: 95.39

	Using Machine: 3
		Task 50 -> Machine 3 (Station 1): 70.77
		Vehicle arrival at machine station: 166.16
		Waiting time until machine travel: 0.0

		Machine travel start time: 166.16
		Region 0 -> Region 2: 10.0
		Machine arrival at machine station: 176.16

		Machine 3 (Station 3)-> Task 109: 58.55
		Vehicle arrival at task: 234.70999999999998
		Waiting time until service start time: 0.0

	id: 109
		node: 51
		(x, y, z): (83, 12, 2)
		dem: 29
		earl: 226
		lat: 264
		servt: 10
		pid: 0
		did: 91
		servST: 234.70999999999998
		(h, h_ind): (3, 6)
		load: 42.0

	Finished service at time: 244.70999999999998

	Task 109 -> Task 130: 44.38
	Vehicle arrival at task: 289.09
	Waiting time until service start time: 0.0

	id: 130
		node: 84
		(x, y, z): (126, 23, 2)
		dem: -13
		earl: 260
		lat: 297
		servt: 10
		pid: 50
		did: 0
		servST: 289.09
		(h, h_ind): (-1, 0)
		load: 29.0

	Finished service at time: 299.09

	Using Machine: 1
		Task 130 -> Machine 1 (Station 3): 70.84
		Vehicle arrival at machine station: 369.92999999999995
		Waiting time until machine travel: 0.0

		Machine travel start time: 369.92999999999995
		Region 2 -> Region 3: 5.0
		Machine arrival at machine station: 374.92999999999995

		Machine 1 (Station 4)-> Task 91: 33.53
		Vehicle arrival at task: 408.4599999999999
		Waiting time until service start time: 69.54

	id: 91
		node: 111
		(x, y, z): (83, 38, 3)
		dem: -29
		earl: 478
		lat: 505
		servt: 10
		pid: 109
		did: 0
		servST: 478.0
		(h, h_ind): (1, 13)
		load: 0.0

	Finished service at time: 488.0

	Using Machine: 0
		Task 91 -> Machine 0 (Station 4): 34.18
		Vehicle arrival at machine station: 522.18
		Waiting time until machine travel: 0.0

		Machine travel start time: 522.18
		Region 3 -> Region 0: 15.0
		Machine arrival at machine station: 537.18

		Machine 0 (Station 1)-> Task 0: 1.0
		Vehicle arrival at task: 538.18
		Waiting time until service start time: 0.0

	id: 0
		node: 122
		(x, y, z): (70, 70, 0)
		dem: 0
		earl: 0
		lat: 688
		servt: 0
		pid: 0
		did: 0
		servST: 538.18
		(h, h_ind): (0, 11)
		load: 0.0


Vehicle 54 :
	id: 0
		node: 1
		(x, y, z): (70, 70, 0)
		dem: 0
		earl: 0
		lat: 688
		servt: 0
		pid: 0
		did: 0
		servST: 59.270000000000024
		(h, h_ind): (-1, 0)
		load: 0.0

	Finished service at time: 59.270000000000024

	Using Machine: 0
		Task 0 -> Machine 0 (Station 1): 1.0
		Vehicle arrival at machine station: 60.270000000000024
		Waiting time until machine travel: 0.0

		Machine travel start time: 60.270000000000024
		Region 0 -> Region 2: 10.0
		Machine arrival at machine station: 70.27000000000002

		Machine 0 (Station 3)-> Task 2: 78.77
		Vehicle arrival at task: 149.04000000000002
		Waiting time until service start time: 0.0

	id: 2
		node: 3
		(x, y, z): (109, 139, 2)
		dem: 8
		earl: 94
		lat: 162
		servt: 10
		pid: 0
		did: 42
		servST: 149.04000000000002
		(h, h_ind): (0, 2)
		load: 8.0

	Finished service at time: 159.04000000000002

	Using Machine: 1
		Task 2 -> Machine 1 (Station 3): 77.83
		Vehicle arrival at machine station: 236.87
		Waiting time until machine travel: 0.0

		Machine travel start time: 236.87
		Region 2 -> Region 3: 5.0
		Machine arrival at machine station: 241.87

		Machine 1 (Station 4)-> Task 118: 47.13
		Vehicle arrival at task: 289.0
		Waiting time until service start time: 0.0

	id: 118
		node: 56
		(x, y, z): (59, 115, 3)
		dem: 26
		earl: 289
		lat: 368
		servt: 10
		pid: 0
		did: 105
		servST: 289.0
		(h, h_ind): (1, 10)
		load: 34.0

	Finished service at time: 299.0

	Using Machine: 1
		Task 118 -> Machine 1 (Station 4): 47.13
		Vehicle arrival at machine station: 346.13
		Waiting time until machine travel: 0.0

		Machine travel start time: 346.13
		Region 3 -> Region 1: 10.0
		Machine arrival at machine station: 356.13

		Machine 1 (Station 2)-> Task 42: 68.41
		Vehicle arrival at task: 424.53999999999996
		Waiting time until service start time: 0.0

	id: 42
		node: 63
		(x, y, z): (115, 124, 1)
		dem: -8
		earl: 399
		lat: 454
		servt: 10
		pid: 2
		did: 0
		servST: 424.53999999999996
		(h, h_ind): (1, 12)
		load: 26.0

	Finished service at time: 434.53999999999996

	Using Machine: 3
		Task 42 -> Machine 3 (Station 2): 67.2
		Vehicle arrival at machine station: 501.73999999999995
		Waiting time until machine travel: 0.0

		Machine travel start time: 501.73999999999995
		Region 1 -> Region 0: 5.0
		Machine arrival at machine station: 506.73999999999995

		Machine 3 (Station 1)-> Task 105: 13.93
		Vehicle arrival at task: 520.67
		Waiting time until service start time: 0.0

	id: 105
		node: 116
		(x, y, z): (70, 83, 0)
		dem: -26
		earl: 479
		lat: 521
		servt: 10
		pid: 118
		did: 0
		servST: 520.67
		(h, h_ind): (3, 15)
		load: 0.0

	Finished service at time: 530.67

	Task 105 -> Task 0: 13.0
	Vehicle arrival at task: 543.67
	Waiting time until service start time: 0.0

	id: 0
		node: 122
		(x, y, z): (70, 70, 0)
		dem: 0
		earl: 0
		lat: 688
		servt: 0
		pid: 0
		did: 0
		servST: 543.67
		(h, h_ind): (-1, 0)
		load: 0.0


---------------------| MACHINES |---------------------

Machine 0 :
	setup duration: 0.0

	vehicle: 43
	vehicleInd: 2
	(orig, dest): (0, 112)
	(origRegion, destRegion): (0, 2)
	st: 28.190000000000012
	duration: 10.0

	setup duration: 10.0

	vehicle: 54
	vehicleInd: 2
	(orig, dest): (0, 2)
	(origRegion, destRegion): (0, 2)
	st: 60.270000000000024
	duration: 10.0

	setup duration: 10.0

	vehicle: 16
	vehicleInd: 2
	(orig, dest): (0, 135)
	(origRegion, destRegion): (0, 3)
	st: 84.34000000000002
	duration: 15.0

	setup duration: 10.0

	vehicle: 40
	vehicleInd: 3
	(orig, dest): (63, 99)
	(origRegion, destRegion): (1, 0)
	st: 123.22999999999999
	duration: 5.0

	setup duration: 0.0

	vehicle: 17
	vehicleInd: 3
	(orig, dest): (117, 79)
	(origRegion, destRegion): (0, 3)
	st: 200.12
	duration: 15.0

	setup duration: 15.0

	vehicle: 42
	vehicleInd: 3
	(orig, dest): (21, 126)
	(origRegion, destRegion): (0, 2)
	st: 292.97
	duration: 10.0

	setup duration: 5.0

	vehicle: 43
	vehicleInd: 7
	(orig, dest): (101, 102)
	(origRegion, destRegion): (1, 0)
	st: 371.21999999999997
	duration: 5.0

	setup duration: 10.0

	vehicle: 42
	vehicleInd: 4
	(orig, dest): (126, 0)
	(origRegion, destRegion): (2, 0)
	st: 449.03
	duration: 10.0

	setup duration: 10.0

	vehicle: 21
	vehicleInd: 6
	(orig, dest): (111, 0)
	(origRegion, destRegion): (2, 0)
	st: 471.02
	duration: 10.0

	setup duration: 10.0

	vehicle: 3
	vehicleInd: 8
	(orig, dest): (40, 0)
	(origRegion, destRegion): (2, 0)
	st: 491.02
	duration: 10.0

	setup duration: 15.0

	vehicle: 53
	vehicleInd: 6
	(orig, dest): (91, 0)
	(origRegion, destRegion): (3, 0)
	st: 522.18
	duration: 15.0

	setup duration: 10.0

	vehicle: 11
	vehicleInd: 6
	(orig, dest): (28, 0)
	(origRegion, destRegion): (2, 0)
	st: 556.18
	duration: 10.0


Machine 1 :
	setup duration: 0.0

	vehicle: 2
	vehicleInd: 2
	(orig, dest): (0, 55)
	(origRegion, destRegion): (0, 2)
	st: 7.299999999999997
	duration: 10.0

	setup duration: 10.0

	vehicle: 40
	vehicleInd: 2
	(orig, dest): (0, 63)
	(origRegion, destRegion): (0, 1)
	st: 27.299999999999997
	duration: 5.0

	setup duration: 5.0

	vehicle: 50
	vehicleInd: 2
	(orig, dest): (0, 106)
	(origRegion, destRegion): (0, 1)
	st: 43.57
	duration: 5.0

	setup duration: 5.0

	vehicle: 3
	vehicleInd: 4
	(orig, dest): (87, 92)
	(origRegion, destRegion): (0, 3)
	st: 64.08
	duration: 15.0

	setup duration: 10.0

	vehicle: 11
	vehicleInd: 3
	(orig, dest): (7, 8)
	(origRegion, destRegion): (1, 2)
	st: 89.08
	duration: 5.0

	setup duration: 0.0

	vehicle: 2
	vehicleInd: 3
	(orig, dest): (55, 14)
	(origRegion, destRegion): (2, 0)
	st: 99.57999999999998
	duration: 10.0

	setup duration: 10.0

	vehicle: 30
	vehicleInd: 4
	(orig, dest): (67, 80)
	(origRegion, destRegion): (2, 1)
	st: 123.62
	duration: 5.0

	setup duration: 5.0

	vehicle: 6
	vehicleInd: 4
	(orig, dest): (51, 104)
	(origRegion, destRegion): (0, 1)
	st: 156.93
	duration: 5.0

	setup duration: 5.0

	vehicle: 21
	vehicleInd: 3
	(orig, dest): (26, 123)
	(origRegion, destRegion): (2, 0)
	st: 182.68
	duration: 10.0

	setup duration: 10.0

	vehicle: 54
	vehicleInd: 3
	(orig, dest): (2, 118)
	(origRegion, destRegion): (2, 3)
	st: 236.87
	duration: 5.0

	setup duration: 5.0

	vehicle: 11
	vehicleInd: 4
	(orig, dest): (8, 17)
	(origRegion, destRegion): (2, 0)
	st: 248.57999999999998
	duration: 10.0

	setup duration: 15.0

	vehicle: 54
	vehicleInd: 4
	(orig, dest): (118, 42)
	(origRegion, destRegion): (3, 1)
	st: 346.13
	duration: 10.0

	setup duration: 5.0

	vehicle: 53
	vehicleInd: 5
	(orig, dest): (130, 91)
	(origRegion, destRegion): (2, 3)
	st: 369.92999999999995
	duration: 5.0

	setup duration: 0.0

	vehicle: 15
	vehicleInd: 8
	(orig, dest): (65, 0)
	(origRegion, destRegion): (3, 0)
	st: 491.94
	duration: 15.0

	setup duration: 15.0

	vehicle: 10
	vehicleInd: 6
	(orig, dest): (10, 0)
	(origRegion, destRegion): (3, 0)
	st: 530.2
	duration: 15.0


Machine 2 :
	setup duration: 0.0

	vehicle: 30
	vehicleInd: 2
	(orig, dest): (0, 132)
	(origRegion, destRegion): (0, 3)
	st: 3.5200000000000067
	duration: 15.0

	setup duration: 15.0

	vehicle: 15
	vehicleInd: 2
	(orig, dest): (0, 46)
	(origRegion, destRegion): (0, 2)
	st: 45.06999999999999
	duration: 10.0

	setup duration: 10.0

	vehicle: 49
	vehicleInd: 2
	(orig, dest): (0, 133)
	(origRegion, destRegion): (0, 2)
	st: 82.91
	duration: 10.0

	setup duration: 5.0

	vehicle: 45
	vehicleInd: 3
	(orig, dest): (73, 35)
	(origRegion, destRegion): (1, 3)
	st: 102.3
	duration: 10.0

	setup duration: 15.0

	vehicle: 10
	vehicleInd: 3
	(orig, dest): (30, 100)
	(origRegion, destRegion): (0, 2)
	st: 161.66
	duration: 10.0

	setup duration: 5.0

	vehicle: 14
	vehicleInd: 4
	(orig, dest): (57, 95)
	(origRegion, destRegion): (1, 2)
	st: 176.66
	duration: 5.0

	setup duration: 0.0

	vehicle: 1
	vehicleInd: 5
	(orig, dest): (137, 3)
	(origRegion, destRegion): (2, 3)
	st: 181.66
	duration: 5.0

	setup duration: 10.0

	vehicle: 50
	vehicleInd: 4
	(orig, dest): (94, 0)
	(origRegion, destRegion): (1, 0)
	st: 206.01
	duration: 5.0

	setup duration: 0.0

	vehicle: 5
	vehicleInd: 4
	(orig, dest): (60, 175)
	(origRegion, destRegion): (0, 1)
	st: 240.98000000000002
	duration: 5.0

	setup duration: 5.0

	vehicle: 29
	vehicleInd: 3
	(orig, dest): (19, 114)
	(origRegion, destRegion): (0, 1)
	st: 277.01
	duration: 5.0

	setup duration: 0.0

	vehicle: 5
	vehicleInd: 5
	(orig, dest): (175, 183)
	(origRegion, destRegion): (1, 0)
	st: 292.70000000000005
	duration: 5.0

	setup duration: 15.0

	vehicle: 17
	vehicleInd: 4
	(orig, dest): (79, 0)
	(origRegion, destRegion): (3, 0)
	st: 324.61
	duration: 15.0

	setup duration: 5.0

	vehicle: 16
	vehicleInd: 5
	(orig, dest): (103, 110)
	(origRegion, destRegion): (1, 0)
	st: 353.06
	duration: 5.0

	setup duration: 5.0

	vehicle: 29
	vehicleInd: 4
	(orig, dest): (114, 0)
	(origRegion, destRegion): (1, 0)
	st: 385.30999999999995
	duration: 5.0

	setup duration: 10.0

	vehicle: 14
	vehicleInd: 6
	(orig, dest): (29, 0)
	(origRegion, destRegion): (2, 0)
	st: 412.01
	duration: 10.0

	setup duration: 10.0

	vehicle: 6
	vehicleInd: 6
	(orig, dest): (177, 0)
	(origRegion, destRegion): (2, 0)
	st: 470.47
	duration: 10.0

	setup duration: 5.0

	vehicle: 8
	vehicleInd: 6
	(orig, dest): (74, 0)
	(origRegion, destRegion): (1, 0)
	st: 536.39
	duration: 5.0

	setup duration: 10.0

	vehicle: 31
	vehicleInd: 6
	(orig, dest): (127, 0)
	(origRegion, destRegion): (2, 0)
	st: 564.0
	duration: 10.0

	setup duration: 5.0

	vehicle: 30
	vehicleInd: 10
	(orig, dest): (198, 0)
	(origRegion, destRegion): (1, 0)
	st: 671.75
	duration: 5.0


Machine 3 :
	setup duration: 0.0

	vehicle: 1
	vehicleInd: 2
	(orig, dest): (0, 41)
	(origRegion, destRegion): (0, 2)
	st: 12.540000000000006
	duration: 10.0

	setup duration: 10.0

	vehicle: 21
	vehicleInd: 2
	(orig, dest): (0, 26)
	(origRegion, destRegion): (0, 2)
	st: 32.540000000000006
	duration: 10.0

	setup duration: 5.0

	vehicle: 30
	vehicleInd: 3
	(orig, dest): (132, 67)
	(origRegion, destRegion): (3, 2)
	st: 47.540000000000006
	duration: 5.0

	setup duration: 10.0

	vehicle: 46
	vehicleInd: 3
	(orig, dest): (18, 120)
	(origRegion, destRegion): (0, 1)
	st: 84.9
	duration: 5.0

	setup duration: 5.0

	vehicle: 43
	vehicleInd: 3
	(orig, dest): (112, 113)
	(origRegion, destRegion): (2, 1)
	st: 130.89000000000001
	duration: 5.0

	setup duration: 5.0

	vehicle: 53
	vehicleInd: 3
	(orig, dest): (50, 109)
	(origRegion, destRegion): (0, 2)
	st: 166.16
	duration: 10.0

	setup duration: 10.0

	vehicle: 2
	vehicleInd: 4
	(orig, dest): (14, 134)
	(origRegion, destRegion): (0, 3)
	st: 186.16
	duration: 15.0

	setup duration: 0.0

	vehicle: 3
	vehicleInd: 5
	(orig, dest): (92, 76)
	(origRegion, destRegion): (3, 2)
	st: 201.16
	duration: 5.0

	setup duration: 5.0

	vehicle: 16
	vehicleInd: 3
	(orig, dest): (135, 69)
	(origRegion, destRegion): (3, 1)
	st: 231.16000000000003
	duration: 10.0

	setup duration: 0.0

	vehicle: 30
	vehicleInd: 5
	(orig, dest): (80, 182)
	(origRegion, destRegion): (1, 3)
	st: 241.16000000000003
	duration: 10.0

	setup duration: 0.0

	vehicle: 2
	vehicleInd: 5
	(orig, dest): (134, 124)
	(origRegion, destRegion): (3, 0)
	st: 320.86
	duration: 15.0

	setup duration: 5.0

	vehicle: 46
	vehicleInd: 7
	(orig, dest): (195, 49)
	(origRegion, destRegion): (1, 0)
	st: 353.32
	duration: 5.0

	setup duration: 0.0

	vehicle: 21
	vehicleInd: 5
	(orig, dest): (53, 111)
	(origRegion, destRegion): (0, 2)
	st: 383.43
	duration: 10.0

	setup duration: 10.0

	vehicle: 11
	vehicleInd: 5
	(orig, dest): (17, 28)
	(origRegion, destRegion): (0, 2)
	st: 419.06999999999994
	duration: 10.0

	setup duration: 5.0

	vehicle: 54
	vehicleInd: 5
	(orig, dest): (42, 105)
	(origRegion, destRegion): (1, 0)
	st: 501.73999999999995
	duration: 5.0


Machine 4 :
	setup duration: 0.0

	vehicle: 11
	vehicleInd: 2
	(orig, dest): (0, 7)
	(origRegion, destRegion): (0, 1)
	st: 5.869999999999997
	duration: 5.0

	setup duration: 5.0

	vehicle: 45
	vehicleInd: 2
	(orig, dest): (0, 73)
	(origRegion, destRegion): (0, 1)
	st: 18.04000000000002
	duration: 5.0

	setup duration: 5.0

	vehicle: 31
	vehicleInd: 2
	(orig, dest): (0, 20)
	(origRegion, destRegion): (0, 1)
	st: 28.04000000000002
	duration: 5.0

	setup duration: 5.0

	vehicle: 41
	vehicleInd: 2
	(orig, dest): (0, 85)
	(origRegion, destRegion): (0, 2)
	st: 42.359999999999985
	duration: 10.0

	setup duration: 10.0

	vehicle: 28
	vehicleInd: 2
	(orig, dest): (0, 72)
	(origRegion, destRegion): (0, 1)
	st: 63.91999999999999
	duration: 5.0

	setup duration: 5.0

	vehicle: 14
	vehicleInd: 3
	(orig, dest): (4, 57)
	(origRegion, destRegion): (0, 1)
	st: 74.96000000000001
	duration: 5.0

	setup duration: 0.0

	vehicle: 28
	vehicleInd: 3
	(orig, dest): (72, 98)
	(origRegion, destRegion): (1, 2)
	st: 157.35999999999999
	duration: 5.0

	setup duration: 5.0

	vehicle: 31
	vehicleInd: 3
	(orig, dest): (20, 34)
	(origRegion, destRegion): (1, 0)
	st: 175.86
	duration: 5.0

	setup duration: 10.0

	vehicle: 41
	vehicleInd: 4
	(orig, dest): (54, 12)
	(origRegion, destRegion): (2, 1)
	st: 191.36
	duration: 5.0

	setup duration: 5.0

	vehicle: 49
	vehicleInd: 3
	(orig, dest): (133, 58)
	(origRegion, destRegion): (2, 3)
	st: 247.92000000000002
	duration: 5.0

	setup duration: 5.0

	vehicle: 15
	vehicleInd: 6
	(orig, dest): (89, 56)
	(origRegion, destRegion): (2, 1)
	st: 284.2
	duration: 5.0

	setup duration: 0.0

	vehicle: 6
	vehicleInd: 5
	(orig, dest): (104, 177)
	(origRegion, destRegion): (1, 2)
	st: 294.15
	duration: 5.0

	setup duration: 0.0

	vehicle: 10
	vehicleInd: 4
	(orig, dest): (100, 6)
	(origRegion, destRegion): (2, 3)
	st: 309.54
	duration: 5.0

	setup duration: 0.0

	vehicle: 1
	vehicleInd: 6
	(orig, dest): (3, 0)
	(origRegion, destRegion): (3, 0)
	st: 338.21
	duration: 15.0

	setup duration: 5.0

	vehicle: 15
	vehicleInd: 7
	(orig, dest): (56, 65)
	(origRegion, destRegion): (1, 3)
	st: 362.76
	duration: 10.0

	setup duration: 0.0

	vehicle: 45
	vehicleInd: 7
	(orig, dest): (90, 128)
	(origRegion, destRegion): (3, 0)
	st: 376.69
	duration: 15.0

	setup duration: 0.0

	vehicle: 31
	vehicleInd: 5
	(orig, dest): (23, 127)
	(origRegion, destRegion): (0, 2)
	st: 393.64
	duration: 10.0

	setup duration: 5.0

	vehicle: 49
	vehicleInd: 5
	(orig, dest): (9, 97)
	(origRegion, destRegion): (3, 1)
	st: 425.69
	duration: 10.0

	setup duration: 5.0

	vehicle: 8
	vehicleInd: 5
	(orig, dest): (82, 74)
	(origRegion, destRegion): (0, 1)
	st: 444.2
	duration: 5.0

	setup duration: 5.0

	vehicle: 28
	vehicleInd: 6
	(orig, dest): (167, 0)
	(origRegion, destRegion): (2, 0)
	st: 457.59
	duration: 10.0

	setup duration: 5.0

	vehicle: 49
	vehicleInd: 6
	(orig, dest): (97, 0)
	(origRegion, destRegion): (1, 0)
	st: 472.59
	duration: 5.0

	setup duration: 5.0

	vehicle: 41
	vehicleInd: 8
	(orig, dest): (191, 0)
	(origRegion, destRegion): (1, 0)
	st: 506.76
	duration: 5.0

	setup duration: 15.0

	vehicle: 30
	vehicleInd: 9
	(orig, dest): (77, 198)
	(origRegion, destRegion): (3, 1)
	st: 545.21
	duration: 10.0


-------------------| COMPL. TIMES |-------------------

Vehicle 0 : 0.0
Vehicle 1 : 348.66999999999996
Vehicle 2 : 410.48
Vehicle 3 : 493.21999999999997
Vehicle 4 : 0.0
Vehicle 5 : 407.83000000000004
Vehicle 6 : 481.47
Vehicle 7 : 0.0
Vehicle 8 : 487.14
Vehicle 9 : 0.0
Vehicle 10 : 521.0300000000001
Vehicle 11 : 564.31
Vehicle 12 : 0.0
Vehicle 13 : 0.0
Vehicle 14 : 419.71
Vehicle 15 : 465.87
Vehicle 16 : 504.7199999999999
Vehicle 17 : 296.36
Vehicle 18 : 0.0
Vehicle 19 : 0.0
Vehicle 20 : 0.0
Vehicle 21 : 454.47999999999996
Vehicle 22 : 0.0
Vehicle 23 : 0.0
Vehicle 24 : 0.0
Vehicle 25 : 0.0
Vehicle 26 : 0.0
Vehicle 27 : 0.0
Vehicle 28 : 409.66999999999996
Vehicle 29 : 241.12999999999994
Vehicle 30 : 675.23
Vehicle 31 : 549.96
Vehicle 32 : 0.0
Vehicle 33 : 0.0
Vehicle 34 : 0.0
Vehicle 35 : 0.0
Vehicle 36 : 0.0
Vehicle 37 : 0.0
Vehicle 38 : 0.0
Vehicle 39 : 0.0
Vehicle 40 : 502.86999999999995
Vehicle 41 : 475.4
Vehicle 42 : 313.01
Vehicle 43 : 532.0699999999999
Vehicle 44 : 0.0
Vehicle 45 : 522.98
Vehicle 46 : 575.3599999999999
Vehicle 47 : 0.0
Vehicle 48 : 0.0
Vehicle 49 : 398.67999999999995
Vehicle 50 : 171.44
Vehicle 51 : 0.0
Vehicle 52 : 0.0
Vehicle 53 : 528.18
Vehicle 54 : 484.3999999999999
Vehicle 55 : 0.0
Vehicle 56 : 0.0
Vehicle 57 : 0.0
Vehicle 58 : 0.0
Vehicle 59 : 0.0
-------------------| STATISTICS |-------------------

    Vehicles used                           : 45.0
    Machines used                           : 100.0
    Max load (vehicles)                     : 86.2069
    Min load (vehicles)                     : 8.6207
    Mean load (vehicles)                    : 48.6239
    Min completion time                     : 24.9186
    Max completion time                     : 98.1439
    Mean completion time                    : 65.8682
    Avrg travel time (with vehicle)         : 35.0291
    Avrg travel time (only with vehicle)    : 20.3488
    Avrg travel time (no vehicle)           : 14.6802
    Avrg waiting time (machine travel)      : 0.0285
    Avrg waiting time (service)             : 4.8396
    Machines travel times (with vehicle)    : [33.4302, 33.4302, 40.6977, 29.0698, 38.5174]
    Machines travel times (no vehicle)      : [15.2616, 14.5349, 18.8953, 10.1744, 14.5349]
    Max load per vehicle                    : [0.0, 36.1111, 26.7442, 73.6111, 0.0, 55.1724, 58.6207, 0.0, 46.5517, 0.0, 58.3333, 74.1379, 0.0, 0.0, 58.1395, 74.1379, 36.1111, 8.6207, 0.0, 0.0, 0.0, 31.0345, 0.0, 0.0, 0.0, 0.0, 0.0, 0.0, 31.9444, 18.9655, 36.2069, 20.9302, 0.0, 0.0, 0.0, 0.0, 0.0, 0.0, 0.0, 0.0, 77.5862, 51.1628, 50.0, 81.3953, 0.0, 86.2069, 43.0556, 0.0, 0.0, 51.1628, 19.4444, 0.0, 0.0, 48.8372, 58.6207, 0.0, 0.0, 0.0, 0.0, 0.0]

----------------------------------------------------

TOTAL: 12235.669999999998

Everything is awesome!
