Set parameter WLSAccessID
Set parameter WLSSecret
Set parameter LicenseID to value 2661775
Academic license 2661775 - for non-commercial use only - registered to me___@dcc.ufba.br
Parameter 'method_type' with value 'form' successfully set as form of type <class 'str'>
Parameter 'method_code' with value 'melo_hx' successfully set as melo_hx of type <class 'str'>
Parameter 'seed' with value '0' successfully set as 0 of type <class 'int'>
Parameter 'hx_max_time' with value '3600' successfully set as 3600 of type <class 'int'>
Parameter 'threads' with value '8' successfully set as 8 of type <class 'int'>
Parameter 'print_sol' with value '1' successfully set as 1 of type <class 'int'>
Parameter 'constraints_used_melo_mip_str' with value '1-29' successfully set as 1-29 of type <class 'str'>
Instance: lr202_t2_06R_06V_02I_03M
ParameterData(inst_path='/dados/rmelo/PDPTW-SE/benchmark_multi_island_v5/official_experiments/mip_hexaly/set_02_pt_02/../../../instances/orig_ams_fg/06R_06V_02I_04M/t2/lr202/', name='lr202', type='t2', group='06R_06V_02I_03M', full_name='lr202_t2_06R_06V_02I_03M', method_type='form', method_code='melo_hx', gen_config_file='/dados/rmelo/PDPTW-SE/benchmark_multi_island_v5/official_experiments/mip_hexaly/set_02_pt_02/configs/genconfig_melo_hx.conf', gen_config_filename='genconfig_melo_hx', greedy_service_order='tightest_tw', cutoff=0, cutoff_machs=3, solver='Gurobi', max_time=7200, gurobi_cuts=1, type_user_cut=0, mip_presolve=-1, print_sol=1, max_nodes=-1, elevator=0, make_instance_feasible=False, output='/dados/rmelo/PDPTW-SE/benchmark_multi_island_v5/official_experiments/mip_hexaly/set_02_pt_02/logs', epsilon=0.005, epsilon_cap=0.5, warm_start=False, seed=0, rng=<random.Random object at 0x55cb96e28350>, alpha=0.2, max_iter=1000000, output_flag_grb_mip=0, output_flag_grb_mslp=0, output_flag_grb_lmns=0, mslp_r='M', mslp_a='60', lmns_r='M', lmns_a='60', lmns_repair_time=30.0, lmns_mip_focus=0, lmns_gap_to_bigger_destruction=50, lmns_gap_to_smaller_destruction=95, lmns_weight_shaw_dist_prox=1.0, lmns_weight_shaw_earl_prox=1.0, lmns_weight_shaw_same_route=1.0, lmns_weight_shaw_demand_sim=1.0, lmns_req_r_apply_mip_start=True, lmns_acceptance_criteria='H', lmns_metropolis_temp=100.0, lmns_simulated_annealing_temp=100.0, lmns_simulated_annealing_cool=0.95, mip_max_time=3600, hx_max_time=3600, csv_file_name='', sol_file_name='', timeline_file_name='', grb_file_name='', validate_synchronization=True, constraints_used_melo_mip_str='1-29', constraints_used_melo_mip=None, run_callback_melo_mip=False, mip_heuristics=0.05, threads=8)
Constraints active in melo MIP
1 2 3 4 5 6 7 8 9 10 11 12 13 14 15 16 17 18 19 20 21 22 23 24 25 26 27 28 29 
[Reading Data] Using files at /dados/rmelo/PDPTW-SE/benchmark_multi_island_v5/official_experiments/mip_hexaly/set_02_pt_02/../../../instances/orig_ams_fg/06R_06V_02I_04M/t2/lr202/
vehicles: [Vehicle(id=0, cap=26), Vehicle(id=1, cap=32), Vehicle(id=2, cap=38), Vehicle(id=3, cap=32), Vehicle(id=4, cap=38), Vehicle(id=5, cap=38)]
vehicle_types: [Vehicle(id=0, cap=26), Vehicle(id=3, cap=32), Vehicle(id=5, cap=38)]
machines: [Machine(id=0, points=[Point(x=52, y=33, z=0), Point(x=53, y=46, z=1)], spd=1.0), Machine(id=1, points=[Point(x=53, y=33, z=0), Point(x=51, y=47, z=1)], spd=1.0), Machine(id=2, points=[Point(x=46, y=36, z=0), Point(x=50, y=48, z=1)], spd=1.0)]
refs: [0, 1, 2, 3, 4, 5, 6, 8, 12, 10, 11, 9, 7, 0]
V: [0, 1, 2, 3, 4, 5, 6, 7, 8, 9, 10, 11, 12]
V_p: [1, 2, 3, 4, 5, 6]
V_d: [7, 8, 9, 10, 11, 12]
V_p_d: [1, 2, 3, 4, 5, 6, 7, 8, 9, 10, 11, 12]
Vprime: [0, 1, 2, 3, 4, 5, 6, 7, 8, 9, 10, 11, 12, 13]
q: [0, 7, 13, 9, 16, 12, 19, -7, -13, -9, -16, -12, -19, 0]
H: [0, 1, 2]
Machine points:
# Machine 0
	Point(x=52, y=33, z=0)
	Point(x=53, y=46, z=1)

# Machine 1
	Point(x=53, y=33, z=0)
	Point(x=51, y=47, z=1)

# Machine 2
	Point(x=46, y=36, z=0)
	Point(x=50, y=48, z=1)

f: [[0 0 0]
 [0 0 0]
 [1 1 1]
 [0 0 0]
 [1 1 1]
 [1 1 1]
 [0 0 0]
 [0 0 0]
 [0 0 0]
 [0 0 0]
 [1 1 1]
 [1 1 1]
 [0 0 0]
 [0 0 0]]
(0, 0, 0) 0.0
(0, 1, 0) 13.04
(1, 0, 0) 13.04
(1, 1, 0) 0.0
(0, 0, 1) 0.0
(0, 1, 1) 14.14
(1, 0, 1) 14.14
(1, 1, 1) 0.0
(0, 0, 2) 0.0
(0, 1, 2) 12.65
(1, 0, 2) 12.65
(1, 1, 2) 0.0
Number of arcs: 99
M:  (0, np.int64(0)) (1, np.int64(58)) (2, np.int64(1091)) (3, np.int64(1081)) (4, np.int64(1056)) (5, np.int64(1046)) (6, np.int64(1060)) (7, np.int64(1030)) (8, np.int64(16))
JOBS in the order of refs (Vprime)
Node 0: Job(id=0, point=Point(x=35, y=35, z=0), dem=0, earl=0, lat=1000, servt=0, pid=0, did=0)
Node 1: Job(id=2, point=Point(x=35, y=17, z=0), dem=7, earl=0, lat=972, servt=10, pid=0, did=43)
Node 2: Job(id=3, point=Point(x=55, y=45, z=1), dem=13, earl=0, lat=967, servt=10, pid=0, did=100)
Node 3: Job(id=8, point=Point(x=10, y=43, z=0), dem=9, earl=404, lat=481, servt=10, pid=0, did=55)
Node 4: Job(id=9, point=Point(x=55, y=60, z=1), dem=16, earl=400, lat=497, servt=10, pid=0, did=90)
Node 5: Job(id=11, point=Point(x=20, y=65, z=1), dem=12, earl=206, lat=325, servt=10, pid=0, did=51)
Node 6: Job(id=12, point=Point(x=50, y=35, z=0), dem=19, earl=0, lat=975, servt=10, pid=0, did=26)
Node 7: Job(id=43, point=Point(x=23, y=3, z=0), dem=-7, earl=620, lat=705, servt=10, pid=2, did=0)
Node 8: Job(id=100, point=Point(x=18, y=18, z=0), dem=-13, earl=798, lat=965, servt=10, pid=3, did=0)
Node 9: Job(id=55, point=Point(x=63, y=23, z=0), dem=-9, earl=620, lat=739, servt=10, pid=8, did=0)
Node 10: Job(id=90, point=Point(x=31, y=67, z=1), dem=-16, earl=392, lat=487, servt=10, pid=9, did=0)
Node 11: Job(id=51, point=Point(x=49, y=58, z=1), dem=-12, earl=348, lat=453, servt=10, pid=11, did=0)
Node 12: Job(id=26, point=Point(x=45, y=30, z=0), dem=-19, earl=0, lat=978, servt=10, pid=12, did=0)
Node 13: Job(id=0, point=Point(x=35, y=35, z=0), dem=0, earl=0, lat=1000, servt=0, pid=0, did=0)

### Preprocessing Data ###
	-> arcs: 196 (100.0%)
	-> arc_removals: 97 (49.49%)
	-> arc_removals_is_loop: 14 (7.14%)
	-> arc_removals_is_delivery_to_pickup: 8 (4.08%)
	-> arc_removals_is_depot_begin_to_delivery: 6 (3.06%)
	-> arc_removals_is_pickup_to_depot_end: 6 (3.06%)
	-> arc_removals_is_dest_depot_begin: 12 (6.12%)
	-> arc_removals_is_orig_depot_end: 11 (5.61%)
	-> arc_removals_is_capacity_violated: 0 (0.0%)
	-> arc_removals_is_time_window_limited: 25 (12.76%)
	-> arc_removals_is_time_window_pairing_limited: 11 (5.61%)
	-> arc_removals_is_indirect_request_service_impossible: 4 (2.04%)
	-> gamma_vars: 6075 (100.0%)
	-> feas_gamma_vars: 5352 (88.1%)
	-> infeas_gamma_vars_is_next_mtrv_unreachable: 588 (9.68%)
	-> infeas_gamma_vars_is_iprime_jprime_eq_i_j: 135 (2.22%)
	-> machine_removal_for_an_arc: 0 (0.0%)
##########################

### Model variables summary ###
	-> Total number of variables: 6324
		- x: 594
		- z: 84
		- t: 12
		- tstart: 6
		- tfinal: 6
		- phi: 135
		- alpha: 135
		- gamma: 5352
	-> Number of binary variables: 6165


[13:06:11] Adding routing constraints
[13:06:12] Adding scheduling constraints
[13:06:12] Adding objective function

Model:  expressions = 84302, decisions = 6330, constraints = 22890, objectives = 1
Param:  time limit = 3600 sec, no iteration limit, nb threads = 8
        seed = 0

[objective direction ]:     minimize

[  0 sec,       0 itr]: No feasible solution found (infeas = 42)
[  1 sec,    7169 itr]: No feasible solution found (infeas = 42)
[  2 sec,   20752 itr]: No feasible solution found (infeas = 6)
[  3 sec,   38442 itr]: No feasible solution found (infeas = 2)
[  4 sec,   63169 itr]: No feasible solution found (infeas = 2)
[  5 sec,  104641 itr]: No feasible solution found (infeas = 2)
[  6 sec,  118433 itr]: No feasible solution found (infeas = 2)
[  7 sec,  135917 itr]: No feasible solution found (infeas = 2)
[  8 sec,  151027 itr]: No feasible solution found (infeas = 2)
[  9 sec,  164864 itr]: No feasible solution found (infeas = 2)
[ 10 sec,  164864 itr]: No feasible solution found (infeas = 2)
[ 11 sec,  190379 itr]: No feasible solution found (infeas = 2)
[ 12 sec,  203139 itr]: No feasible solution found (infeas = 2)
[ 13 sec,  203139 itr]: No feasible solution found (infeas = 2)
[ 14 sec,  228781 itr]: No feasible solution found (infeas = 2)
[ 15 sec,  241522 itr]:      923.051
[ optimality gap     ]:      100.00%
[ 16 sec,  254157 itr]:      923.049
[ 17 sec,  266604 itr]:      923.048
[ 18 sec,  279912 itr]:      923.046
[ 19 sec,  279912 itr]:       808.03
[ 20 sec,  315333 itr]:      808.027
[ 21 sec,  339206 itr]:      808.027
[ 22 sec,  363165 itr]:      808.026
[ 23 sec,  387022 itr]:      808.026
[ 24 sec,  387022 itr]:       799.78
[ 25 sec,  432800 itr]:      799.777
[ optimality gap     ]:      100.00%
[ 26 sec,  454524 itr]:      783.928
[ 27 sec,  476110 itr]:      783.927
[ 28 sec,  499136 itr]:      770.929
[ 29 sec,  499136 itr]:      770.929
[ 30 sec,  544361 itr]:      770.926
[ 31 sec,  568580 itr]:      770.926
[ 32 sec,  592532 itr]:      770.926
[ 33 sec,  616180 itr]:      770.926
[ 34 sec,  640242 itr]:      770.926
[ 35 sec,  664821 itr]:      770.926
[ optimality gap     ]:      100.00%
[ 36 sec,  664821 itr]:       764.21
[ 37 sec,  688382 itr]:      764.208
[ 38 sec,  710215 itr]:       743.36
[ 39 sec,  727760 itr]:       728.41
[ 40 sec,  736940 itr]:      728.409
[ 41 sec,  745633 itr]:      728.408
[ 42 sec,  755683 itr]:       715.77
[ 43 sec,  767649 itr]:      715.769
[ 44 sec,  780203 itr]:      715.768
[ 45 sec,  806748 itr]:      715.768
[ optimality gap     ]:      100.00%
[ 46 sec,  806748 itr]:      715.768
[ 47 sec,  819611 itr]:      715.768
[ 48 sec,  832492 itr]:      715.767
[ 49 sec,  845590 itr]:      715.767
[ 50 sec,  873641 itr]:      715.767
[ 51 sec,  873641 itr]:      715.767
[ 52 sec,  884300 itr]:      715.767
[ 53 sec,  896719 itr]:      715.767
[ 54 sec,  913046 itr]:      715.767
[ 55 sec,  927511 itr]:       714.82
[ optimality gap     ]:      100.00%
[ 56 sec,  938964 itr]:      714.819
[ 57 sec,  947502 itr]:       708.63
[ 58 sec,  956655 itr]:      708.629
[ 59 sec,  965330 itr]:      708.628
[ 60 sec,  971919 itr]:      708.628
[ 61 sec,  979861 itr]:       706.59
[ 62 sec,  985775 itr]:       702.81
[ 63 sec,  995595 itr]:        675.3
[ 64 sec, 1002952 itr]:        675.3
[ 65 sec, 1010685 itr]:      675.297
[ optimality gap     ]:      100.00%
[ 66 sec, 1017984 itr]:      675.297
[ 67 sec, 1024297 itr]:      675.297
[ 68 sec, 1031460 itr]:      675.297
[ 69 sec, 1038461 itr]:      675.296
[ 70 sec, 1046008 itr]:      675.296
[ 71 sec, 1053381 itr]:      675.296
[ 72 sec, 1060418 itr]:      675.296
[ 73 sec, 1067184 itr]:      675.296
[ 74 sec, 1074143 itr]:      675.295
[ 75 sec, 1081731 itr]:      675.295
[ optimality gap     ]:      100.00%
[ 76 sec, 1088871 itr]:      675.295
[ 77 sec, 1096970 itr]:      675.295
[ 78 sec, 1105195 itr]:      675.295
[ 79 sec, 1113757 itr]:      675.295
[ 80 sec, 1120427 itr]:      675.295
[ 81 sec, 1127382 itr]:       631.27
[ 82 sec, 1134689 itr]:       621.78
[ 83 sec, 1143595 itr]:      621.779
[ 84 sec, 1152471 itr]:      621.777
[ 85 sec, 1163371 itr]:      621.777
[ optimality gap     ]:      100.00%
[ 86 sec, 1192318 itr]:      615.999
[ 87 sec, 1217185 itr]:      615.997
[ 88 sec, 1242133 itr]:      615.997
[ 89 sec, 1267089 itr]:      615.997
[ 90 sec, 1293220 itr]:      615.996
[ 91 sec, 1319630 itr]:      615.996
[ 92 sec, 1344951 itr]:      615.996
[ 93 sec, 1370511 itr]:      615.996
[ 94 sec, 1396455 itr]:      615.996
[ 95 sec, 1422576 itr]:      615.996
[ optimality gap     ]:      100.00%
[ 96 sec, 1447838 itr]:      615.996
[ 97 sec, 1473248 itr]:      615.996
[ 98 sec, 1473248 itr]:      615.996
[ 99 sec, 1521882 itr]:      615.996
[100 sec, 1546696 itr]:      606.039
[101 sec, 1546696 itr]:      606.039
[102 sec, 1598116 itr]:      606.037
[103 sec, 1598116 itr]:      606.037
[104 sec, 1648604 itr]:      606.036
[105 sec, 1672878 itr]:      606.036
[ optimality gap     ]:      100.00%
[106 sec, 1672878 itr]:      606.036
[107 sec, 1723018 itr]:      606.036
[108 sec, 1747273 itr]:      606.036
[109 sec, 1772052 itr]:      606.036
[110 sec, 1796372 itr]:      606.036
[111 sec, 1821170 itr]:      606.036
[112 sec, 1847031 itr]:      606.036
[113 sec, 1871465 itr]:      606.036
[114 sec, 1897607 itr]:      606.036
[115 sec, 1922298 itr]:      606.036
[ optimality gap     ]:      100.00%
[116 sec, 1948274 itr]:      606.036
[117 sec, 1948274 itr]:      606.036
[118 sec, 1999574 itr]:      606.036
[119 sec, 2023440 itr]:      606.036
[120 sec, 2046708 itr]:      606.036
[121 sec, 2070404 itr]:      606.036
[122 sec, 2093335 itr]:      606.036
[123 sec, 2093335 itr]:      606.036
[124 sec, 2138575 itr]:      606.036
[125 sec, 2158973 itr]:      606.036
[ optimality gap     ]:      100.00%
[126 sec, 2179258 itr]:      606.036
[127 sec, 2200632 itr]:      606.036
[128 sec, 2222246 itr]:      606.036
[129 sec, 2244371 itr]:      606.036
[130 sec, 2244371 itr]:      606.036
[131 sec, 2289502 itr]:      606.036
[132 sec, 2312123 itr]:      606.036
[133 sec, 2333852 itr]:      606.036
[134 sec, 2356865 itr]:      606.036
[135 sec, 2378966 itr]:      606.036
[ optimality gap     ]:      100.00%
[136 sec, 2400856 itr]:      606.036
[137 sec, 2423301 itr]:      606.036
[138 sec, 2446581 itr]:      606.036
[139 sec, 2468216 itr]:      606.036
[140 sec, 2490073 itr]:      606.036
[141 sec, 2511624 itr]:      606.036
[142 sec, 2511624 itr]:      606.036
[143 sec, 2534016 itr]:      606.036
[144 sec, 2578036 itr]:      606.036
[145 sec, 2599748 itr]:      606.036
[ optimality gap     ]:      100.00%
[146 sec, 2622400 itr]:      606.036
[147 sec, 2645412 itr]:      606.036
[148 sec, 2667807 itr]:      606.036
[149 sec, 2688863 itr]:      606.036
[150 sec, 2688863 itr]:      606.036
[151 sec, 2727381 itr]:      606.036
[152 sec, 2748417 itr]:      606.036
[153 sec, 2748417 itr]:      606.036
[154 sec, 2790884 itr]:      606.036
[155 sec, 2811870 itr]:      606.036
[ optimality gap     ]:      100.00%
[156 sec, 2832572 itr]:      606.036
[157 sec, 2853955 itr]:      606.036
[158 sec, 2875104 itr]:      606.036
[159 sec, 2896194 itr]:      606.036
[160 sec, 2917087 itr]:      606.036
[161 sec, 2937790 itr]:      606.036
[162 sec, 2937790 itr]:      606.036
[163 sec, 2958952 itr]:      606.036
[164 sec, 3000624 itr]:      606.036
[165 sec, 3021373 itr]:      606.036
[ optimality gap     ]:      100.00%
[166 sec, 3042039 itr]:      606.036
[167 sec, 3062963 itr]:      606.036
[168 sec, 3083900 itr]:      606.036
[169 sec, 3104691 itr]:      606.036
[170 sec, 3125712 itr]:      606.036
[171 sec, 3145750 itr]:      606.036
[172 sec, 3166268 itr]:      606.036
[173 sec, 3187028 itr]:      606.036
[174 sec, 3208017 itr]:      606.036
[175 sec, 3229103 itr]:      606.036
[ optimality gap     ]:      100.00%
[176 sec, 3250627 itr]:      606.036
[177 sec, 3272338 itr]:      606.036
[178 sec, 3292954 itr]:      606.036
[179 sec, 3292954 itr]:      606.036
[180 sec, 3313975 itr]:      606.036
[181 sec, 3335205 itr]:      606.036
[182 sec, 3356848 itr]:      606.036
[183 sec, 3378374 itr]:      606.036
[184 sec, 3399821 itr]:      606.036
[185 sec, 3441377 itr]:      606.036
[ optimality gap     ]:      100.00%
[186 sec, 3462468 itr]:      606.036
[187 sec, 3482741 itr]:      606.036
[188 sec, 3503838 itr]:      606.036
[189 sec, 3525190 itr]:      606.036
[190 sec, 3525190 itr]:      606.036
[191 sec, 3567179 itr]:      606.036
[192 sec, 3588155 itr]:      606.036
[193 sec, 3610462 itr]:      606.036
[194 sec, 3632843 itr]:      606.036
[195 sec, 3632843 itr]:      606.036
[ optimality gap     ]:      100.00%
[196 sec, 3677840 itr]:      606.036
[197 sec, 3701077 itr]:      606.036
[198 sec, 3723420 itr]:      606.036
[199 sec, 3746176 itr]:      606.036
[200 sec, 3769315 itr]:      606.036
[201 sec, 3769315 itr]:      606.036
[202 sec, 3792320 itr]:      606.036
[203 sec, 3815702 itr]:      606.036
[204 sec, 3861483 itr]:      606.036
[205 sec, 3884389 itr]:      606.036
[ optimality gap     ]:      100.00%
[206 sec, 3884389 itr]:      606.036
[207 sec, 3930360 itr]:      606.036
[208 sec, 3954302 itr]:      606.036
[209 sec, 3978319 itr]:      606.036
[210 sec, 4002021 itr]:      606.036
[211 sec, 4025546 itr]:      606.036
[212 sec, 4049022 itr]:      606.036
[213 sec, 4071809 itr]:      606.036
[214 sec, 4071809 itr]:      606.036
[215 sec, 4094901 itr]:      606.036
[ optimality gap     ]:      100.00%
[216 sec, 4141092 itr]:      606.036
[217 sec, 4141092 itr]:      606.036
[218 sec, 4164304 itr]:      606.036
[219 sec, 4187863 itr]:      606.036
[220 sec, 4233675 itr]:      606.036
[221 sec, 4257381 itr]:      606.036
[222 sec, 4281000 itr]:      606.036
[223 sec, 4304525 itr]:      606.036
[224 sec, 4304525 itr]:      606.036
[225 sec, 4327518 itr]:      606.036
[ optimality gap     ]:      100.00%
[226 sec, 4351332 itr]:      606.036
[227 sec, 4395810 itr]:      606.036
[228 sec, 4419628 itr]:      606.036
[229 sec, 4443191 itr]:      606.036
[230 sec, 4443191 itr]:      606.036
[231 sec, 4491240 itr]:      606.036
[232 sec, 4491240 itr]:      606.036
[233 sec, 4540031 itr]:      606.036
[234 sec, 4565359 itr]:      606.036
[235 sec, 4590598 itr]:      606.036
[ optimality gap     ]:      100.00%
[236 sec, 4614706 itr]:      606.036
[237 sec, 4639519 itr]:      606.036
[238 sec, 4664422 itr]:      606.036
[239 sec, 4689732 itr]:      606.036
[240 sec, 4689732 itr]:      606.036
[241 sec, 4737684 itr]:      606.036
[242 sec, 4737684 itr]:      606.036
[243 sec, 4781763 itr]:      606.036
[244 sec, 4805676 itr]:      606.036
[245 sec, 4830681 itr]:      606.036
[ optimality gap     ]:      100.00%
[246 sec, 4853301 itr]:      606.036
[247 sec, 4853301 itr]:      606.036
[248 sec, 4900217 itr]:      606.036
[249 sec, 4922031 itr]:      606.036
[250 sec, 4943972 itr]:      606.036
[251 sec, 4966253 itr]:      606.036
[252 sec, 4988770 itr]:      606.036
[253 sec, 5010918 itr]:      606.036
[254 sec, 5032562 itr]:      606.036
[255 sec, 5032562 itr]:      606.036
[ optimality gap     ]:      100.00%
[256 sec, 5076720 itr]:      606.036
[257 sec, 5098539 itr]:      606.036
[258 sec, 5119855 itr]:      606.036
[259 sec, 5142120 itr]:      606.036
[260 sec, 5142120 itr]:      606.036
[261 sec, 5187515 itr]:      606.036
[262 sec, 5209787 itr]:      606.036
[263 sec, 5232438 itr]:      606.036
[264 sec, 5255549 itr]:      606.036
[265 sec, 5278151 itr]:      606.036
[ optimality gap     ]:      100.00%
[266 sec, 5300359 itr]:      606.036
[267 sec, 5322143 itr]:      606.036
[268 sec, 5344286 itr]:      606.036
[269 sec, 5366203 itr]:      606.036
[270 sec, 5387863 itr]:      606.036
[271 sec, 5387863 itr]:      606.036
[272 sec, 5431684 itr]:      606.036
[273 sec, 5453373 itr]:      606.036
[274 sec, 5474060 itr]:      606.036
[275 sec, 5495750 itr]:      606.036
[ optimality gap     ]:      100.00%
[276 sec, 5517585 itr]:      606.036
[277 sec, 5539189 itr]:      606.036
[278 sec, 5560848 itr]:      606.036
[279 sec, 5582591 itr]:      606.036
[280 sec, 5605290 itr]:      606.036
[281 sec, 5628269 itr]:      606.036
[282 sec, 5651771 itr]:      606.036
[283 sec, 5674969 itr]:      606.036
[284 sec, 5697771 itr]:      606.036
[285 sec, 5719342 itr]:      606.036
[ optimality gap     ]:      100.00%
[286 sec, 5741336 itr]:      606.036
[287 sec, 5763660 itr]:      606.036
[288 sec, 5786914 itr]:      606.036
[289 sec, 5808947 itr]:      606.036
[290 sec, 5808947 itr]:      606.036
[291 sec, 5830583 itr]:      606.036
[292 sec, 5874586 itr]:      606.036
[293 sec, 5897150 itr]:      606.036
[294 sec, 5918594 itr]:      606.036
[295 sec, 5940126 itr]:      606.036
[ optimality gap     ]:      100.00%
[296 sec, 5962615 itr]:      606.036
[297 sec, 5985688 itr]:      606.036
[298 sec, 6008923 itr]:      606.036
[299 sec, 6008923 itr]:      606.036
[300 sec, 6055007 itr]:      606.036
[301 sec, 6078063 itr]:      606.036
[302 sec, 6078063 itr]:      606.036
[303 sec, 6121835 itr]:      606.036
[304 sec, 6144698 itr]:      606.036
[305 sec, 6167969 itr]:      606.036
[ optimality gap     ]:      100.00%
[306 sec, 6190977 itr]:      606.036
[307 sec, 6214125 itr]:      606.036
[308 sec, 6237599 itr]:      606.036
[309 sec, 6260961 itr]:      606.036
[310 sec, 6283695 itr]:      606.036
[311 sec, 6306988 itr]:      606.036
[312 sec, 6329865 itr]:      606.036
[313 sec, 6329865 itr]:      606.036
[314 sec, 6351478 itr]:      606.036
[315 sec, 6396600 itr]:      606.036
[ optimality gap     ]:      100.00%
[316 sec, 6420291 itr]:      606.036
[317 sec, 6444611 itr]:      606.036
[318 sec, 6444611 itr]:      606.036
[319 sec, 6490613 itr]:      606.036
[320 sec, 6513068 itr]:      606.036
[321 sec, 6537220 itr]:      606.036
[322 sec, 6559783 itr]:      606.036
[323 sec, 6581546 itr]:      606.036
[324 sec, 6603122 itr]:      606.036
[325 sec, 6625355 itr]:      606.036
[ optimality gap     ]:      100.00%
[326 sec, 6647356 itr]:      606.036
[327 sec, 6669791 itr]:      606.036
[328 sec, 6691298 itr]:      606.036
[329 sec, 6691298 itr]:      606.036
[330 sec, 6712879 itr]:      606.036
[331 sec, 6757933 itr]:      606.036
[332 sec, 6781892 itr]:      606.036
[333 sec, 6805261 itr]:      606.036
[334 sec, 6828069 itr]:      606.036
[335 sec, 6850738 itr]:      606.036
[ optimality gap     ]:      100.00%
[336 sec, 6874255 itr]:      606.036
[337 sec, 6896121 itr]:      606.036
[338 sec, 6919845 itr]:      606.036
[339 sec, 6942316 itr]:      606.036
[340 sec, 6964356 itr]:      606.036
[341 sec, 6985682 itr]:      606.036
[342 sec, 7008346 itr]:      606.036
[343 sec, 7032525 itr]:      606.036
[344 sec, 7056956 itr]:      606.036
[345 sec, 7080527 itr]:      606.036
[ optimality gap     ]:      100.00%
[346 sec, 7103999 itr]:      606.036
[347 sec, 7127715 itr]:      606.036
[348 sec, 7151391 itr]:      606.036
[349 sec, 7151391 itr]:      606.036
[350 sec, 7197514 itr]:      606.036
[351 sec, 7221332 itr]:      606.036
[352 sec, 7244404 itr]:      606.036
[353 sec, 7267195 itr]:      606.036
[354 sec, 7290164 itr]:      606.036
[355 sec, 7312518 itr]:      606.036
[ optimality gap     ]:      100.00%
[356 sec, 7335825 itr]:      606.036
[357 sec, 7357962 itr]:      606.036
[358 sec, 7357962 itr]:      606.036
[359 sec, 7380209 itr]:      606.036
[360 sec, 7426007 itr]:      606.036
[361 sec, 7449565 itr]:      606.036
[362 sec, 7471287 itr]:      606.036
[363 sec, 7493066 itr]:      606.036
[364 sec, 7514525 itr]:      606.036
[365 sec, 7535918 itr]:      606.036
[ optimality gap     ]:      100.00%
[366 sec, 7535918 itr]:      606.036
[367 sec, 7581292 itr]:      606.036
[368 sec, 7603071 itr]:      606.036
[369 sec, 7625069 itr]:      606.036
[370 sec, 7647189 itr]:      606.036
[371 sec, 7668875 itr]:      606.036
[372 sec, 7690944 itr]:      606.036
[373 sec, 7690944 itr]:      606.036
[374 sec, 7735402 itr]:      606.036
[375 sec, 7735402 itr]:      606.036
[ optimality gap     ]:      100.00%
[376 sec, 7777985 itr]:      606.036
[377 sec, 7777985 itr]:      606.036
[378 sec, 7820626 itr]:      606.036
[379 sec, 7842108 itr]:      606.036
[380 sec, 7863351 itr]:      606.036
[381 sec, 7886627 itr]:      606.036
[382 sec, 7908049 itr]:      606.036
[383 sec, 7929857 itr]:      606.036
[384 sec, 7952152 itr]:      606.036
[385 sec, 7974082 itr]:      606.036
[ optimality gap     ]:      100.00%
[386 sec, 7995760 itr]:      606.036
[387 sec, 8018109 itr]:      606.036
[388 sec, 8039967 itr]:      606.036
[389 sec, 8061825 itr]:      606.036
[390 sec, 8084978 itr]:      606.036
[391 sec, 8084978 itr]:      606.036
[392 sec, 8128510 itr]:      606.036
[393 sec, 8150708 itr]:      606.036
[394 sec, 8173246 itr]:      606.036
[395 sec, 8196037 itr]:      606.036
[ optimality gap     ]:      100.00%
[396 sec, 8218843 itr]:      606.036
[397 sec, 8218843 itr]:      606.036
[398 sec, 8264390 itr]:      606.036
[399 sec, 8288077 itr]:      606.036
[400 sec, 8311816 itr]:      606.036
[401 sec, 8334134 itr]:      606.036
[402 sec, 8357451 itr]:      606.036
[403 sec, 8381650 itr]:      606.036
[404 sec, 8403569 itr]:      606.036
[405 sec, 8425391 itr]:      606.036
[ optimality gap     ]:      100.00%
[406 sec, 8448392 itr]:      606.036
[407 sec, 8472003 itr]:      606.036
[408 sec, 8472003 itr]:      606.036
[409 sec, 8517786 itr]:      606.036
[410 sec, 8541028 itr]:      606.036
[411 sec, 8564131 itr]:      606.036
[412 sec, 8587115 itr]:      606.036
[413 sec, 8587115 itr]:      606.036
[414 sec, 8631585 itr]:      606.036
[415 sec, 8653528 itr]:      606.036
[ optimality gap     ]:      100.00%
[416 sec, 8676643 itr]:      606.036
[417 sec, 8699925 itr]:      606.036
[418 sec, 8722890 itr]:      606.036
[419 sec, 8722890 itr]:      606.036
[420 sec, 8768171 itr]:      606.036
[421 sec, 8790580 itr]:      606.036
[422 sec, 8812710 itr]:      606.036
[423 sec, 8834786 itr]:      606.036
[424 sec, 8856024 itr]:      606.036
[425 sec, 8876082 itr]:      606.036
[ optimality gap     ]:      100.00%
[426 sec, 8897184 itr]:      606.036
[427 sec, 8897184 itr]:      606.036
[428 sec, 8937803 itr]:      606.036
[429 sec, 8957948 itr]:      606.036
[430 sec, 8978958 itr]:      606.036
[431 sec, 8978958 itr]:      606.036
[432 sec, 9019748 itr]:      606.036
[433 sec, 9040673 itr]:      606.036
[434 sec, 9061191 itr]:      606.036
[435 sec, 9080779 itr]:      606.036
[ optimality gap     ]:      100.00%
[436 sec, 9101367 itr]:      606.036
[437 sec, 9122484 itr]:      606.036
[438 sec, 9143303 itr]:      606.036
[439 sec, 9163892 itr]:      606.036
[440 sec, 9184858 itr]:      606.036
[441 sec, 9205493 itr]:      606.036
[442 sec, 9205493 itr]:      606.036
[443 sec, 9247073 itr]:      606.036
[444 sec, 9267926 itr]:      606.036
[445 sec, 9288804 itr]:      606.036
[ optimality gap     ]:      100.00%
[446 sec, 9309262 itr]:      606.036
[447 sec, 9330234 itr]:      606.036
[448 sec, 9350789 itr]:      606.036
[449 sec, 9371922 itr]:      606.036
[450 sec, 9391930 itr]:      606.036
[451 sec, 9412725 itr]:      606.036
[452 sec, 9433301 itr]:      606.036
[453 sec, 9453883 itr]:      606.036
[454 sec, 9475730 itr]:      606.036
[455 sec, 9475730 itr]:      606.036
[ optimality gap     ]:      100.00%
[456 sec, 9495963 itr]:      606.036
[457 sec, 9516088 itr]:      606.036
[458 sec, 9557295 itr]:      606.036
[459 sec, 9557295 itr]:      606.036
[460 sec, 9576931 itr]:      606.036
[461 sec, 9596607 itr]:      606.036
[462 sec, 9637711 itr]:      606.036
[463 sec, 9657810 itr]:      606.036
[464 sec, 9678806 itr]:      606.036
[465 sec, 9699696 itr]:      606.036
[ optimality gap     ]:      100.00%
[466 sec, 9699696 itr]:      606.036
[467 sec, 9739976 itr]:      606.036
[468 sec, 9760132 itr]:      606.036
[469 sec, 9779985 itr]:      606.036
[470 sec, 9800247 itr]:      606.036
[471 sec, 9820884 itr]:      606.036
[472 sec, 9842361 itr]:      606.036
[473 sec, 9842361 itr]:      606.036
[474 sec, 9882969 itr]:      606.036
[475 sec, 9882969 itr]:      606.036
[ optimality gap     ]:      100.00%
[476 sec, 9924455 itr]:      606.036
[477 sec, 9945487 itr]:      606.036
[478 sec, 9967315 itr]:      606.036
[479 sec, 9967315 itr]:      606.036
[480 sec, 10012050 itr]:      606.036
[481 sec, 10033537 itr]:      606.036
[482 sec, 10033537 itr]:      606.036
[483 sec, 10075160 itr]:      606.036
[484 sec, 10096910 itr]:      606.036
[485 sec, 10117875 itr]:      606.036
[ optimality gap      ]:      100.00%
[486 sec, 10117875 itr]:      606.036
[487 sec, 10161475 itr]:      606.036
[488 sec, 10184235 itr]:      606.036
[489 sec, 10206733 itr]:      606.036
[490 sec, 10229953 itr]:      606.036
[491 sec, 10252628 itr]:      606.036
[492 sec, 10274596 itr]:      606.036
[493 sec, 10296894 itr]:      606.036
[494 sec, 10319463 itr]:      606.036
[495 sec, 10342803 itr]:      606.036
[ optimality gap      ]:      100.00%
[496 sec, 10365528 itr]:      606.036
[497 sec, 10388516 itr]:      606.036
[498 sec, 10411801 itr]:      606.036
[499 sec, 10433986 itr]:      606.036
[500 sec, 10433986 itr]:      606.036
[501 sec, 10479692 itr]:      606.036
[502 sec, 10503173 itr]:      606.036
[503 sec, 10503173 itr]:      606.036
[504 sec, 10548389 itr]:      606.036
[505 sec, 10548389 itr]:      606.036
[ optimality gap      ]:      100.00%
[506 sec, 10593803 itr]:      606.036
[507 sec, 10616316 itr]:      606.036
[508 sec, 10639094 itr]:      606.036
[509 sec, 10661416 itr]:      606.036
[510 sec, 10684475 itr]:      606.036
[511 sec, 10707769 itr]:      606.036
[512 sec, 10730781 itr]:      606.036
[513 sec, 10730781 itr]:      606.036
[514 sec, 10775206 itr]:      606.036
[515 sec, 10797173 itr]:      606.036
[ optimality gap      ]:      100.00%
[516 sec, 10797173 itr]:      606.036
[517 sec, 10844336 itr]:      606.036
[518 sec, 10867494 itr]:      606.036
[519 sec, 10889364 itr]:      606.036
[520 sec, 10911820 itr]:      606.036
[521 sec, 10934441 itr]:      606.036
[522 sec, 10956902 itr]:      606.036
[523 sec, 10980180 itr]:      606.036
[524 sec, 11003628 itr]:      606.036
[525 sec, 11027233 itr]:      606.036
[ optimality gap      ]:      100.00%
[526 sec, 11050017 itr]:      606.036
[527 sec, 11050017 itr]:      606.036
[528 sec, 11095790 itr]:      606.036
[529 sec, 11095790 itr]:      606.036
[530 sec, 11142246 itr]:      606.036
[531 sec, 11165065 itr]:      606.036
[532 sec, 11187568 itr]:      606.036
[533 sec, 11210481 itr]:      606.036
[534 sec, 11234530 itr]:      606.036
[535 sec, 11257210 itr]:      606.036
[ optimality gap      ]:      100.00%
[536 sec, 11279645 itr]:      606.036
[537 sec, 11303256 itr]:      606.036
[538 sec, 11325843 itr]:      606.036
[539 sec, 11347542 itr]:      606.036
[540 sec, 11347542 itr]:      606.036
[541 sec, 11390399 itr]:      606.036
[542 sec, 11413736 itr]:      606.036
[543 sec, 11437168 itr]:      606.036
[544 sec, 11460771 itr]:      606.036
[545 sec, 11483161 itr]:      606.036
[ optimality gap      ]:      100.00%
[546 sec, 11505680 itr]:      606.036
[547 sec, 11529035 itr]:      606.036
[548 sec, 11552390 itr]:      606.036
[549 sec, 11575933 itr]:      606.036
[550 sec, 11598985 itr]:      606.036
[551 sec, 11622332 itr]:      606.036
[552 sec, 11644133 itr]:      606.036
[553 sec, 11665271 itr]:      606.036
[554 sec, 11685797 itr]:      606.036
[555 sec, 11706084 itr]:      606.036
[ optimality gap      ]:      100.00%
[556 sec, 11706084 itr]:      606.036
[557 sec, 11749104 itr]:      606.036
[558 sec, 11770714 itr]:      606.036
[559 sec, 11770714 itr]:      606.036
[560 sec, 11814137 itr]:      606.036
[561 sec, 11836704 itr]:      606.036
[562 sec, 11860070 itr]:      606.036
[563 sec, 11883052 itr]:      606.036
[564 sec, 11907305 itr]:      606.036
[565 sec, 11931664 itr]:      606.036
[ optimality gap      ]:      100.00%
[566 sec, 11955910 itr]:      606.036
[567 sec, 11955910 itr]:      606.036
[568 sec, 12005397 itr]:      606.036
[569 sec, 12029114 itr]:      606.036
[570 sec, 12052283 itr]:      606.036
[571 sec, 12075190 itr]:      606.036
[572 sec, 12075190 itr]:      606.036
[573 sec, 12122762 itr]:      606.036
[574 sec, 12146524 itr]:      606.036
[575 sec, 12169950 itr]:      606.036
[ optimality gap      ]:      100.00%
[576 sec, 12169950 itr]:      606.036
[577 sec, 12217121 itr]:      606.036
[578 sec, 12240351 itr]:      606.036
[579 sec, 12263895 itr]:      606.036
[580 sec, 12288102 itr]:      606.036
[581 sec, 12288102 itr]:      606.036
[582 sec, 12311408 itr]:      606.036
[583 sec, 12357595 itr]:      606.036
[584 sec, 12381990 itr]:      606.036
[585 sec, 12406465 itr]:      606.036
[ optimality gap      ]:      100.00%
[586 sec, 12406465 itr]:      606.036
[587 sec, 12430278 itr]:      606.036
[588 sec, 12479147 itr]:      606.036
[589 sec, 12503421 itr]:      606.036
[590 sec, 12528261 itr]:      606.036
[591 sec, 12528261 itr]:      606.036
[592 sec, 12577872 itr]:      606.036
[593 sec, 12602906 itr]:      606.036
[594 sec, 12602906 itr]:      606.036
[595 sec, 12652069 itr]:      606.036
[ optimality gap      ]:      100.00%
[596 sec, 12676502 itr]:      606.036
[597 sec, 12700851 itr]:      606.036
[598 sec, 12724735 itr]:      606.036
[599 sec, 12748357 itr]:      606.036
[600 sec, 12773039 itr]:      606.036
[601 sec, 12773039 itr]:      606.036
[602 sec, 12821350 itr]:      606.036
[603 sec, 12845347 itr]:      606.036
[604 sec, 12869174 itr]:      606.036
[605 sec, 12893500 itr]:      606.036
[ optimality gap      ]:      100.00%
[606 sec, 12893500 itr]:      606.036
[607 sec, 12942577 itr]:      606.036
[608 sec, 12967256 itr]:      606.036
[609 sec, 12989339 itr]:      606.036
[610 sec, 13011596 itr]:      606.036
[611 sec, 13033112 itr]:      606.036
[612 sec, 13056750 itr]:      606.036
[613 sec, 13079191 itr]:      606.036
[614 sec, 13079191 itr]:      606.036
[615 sec, 13124065 itr]:      606.036
[ optimality gap      ]:      100.00%
[616 sec, 13146446 itr]:      606.036
[617 sec, 13169595 itr]:      606.036
[618 sec, 13190733 itr]:      606.036
[619 sec, 13212755 itr]:      606.036
[620 sec, 13235530 itr]:      606.036
[621 sec, 13259247 itr]:      606.036
[622 sec, 13283617 itr]:      606.036
[623 sec, 13307140 itr]:      606.036
[624 sec, 13307140 itr]:      606.036
[625 sec, 13352408 itr]:      606.036
[ optimality gap      ]:      100.00%
[626 sec, 13376360 itr]:      606.036
[627 sec, 13398648 itr]:      606.036
[628 sec, 13421545 itr]:      606.036
[629 sec, 13446028 itr]:      606.036
[630 sec, 13446028 itr]:      606.036
[631 sec, 13493561 itr]:      606.036
[632 sec, 13516821 itr]:      606.036
[633 sec, 13539440 itr]:      606.036
[634 sec, 13539440 itr]:      606.036
[635 sec, 13585351 itr]:      606.036
[ optimality gap      ]:      100.00%
[636 sec, 13609805 itr]:      606.036
[637 sec, 13634562 itr]:      606.036
[638 sec, 13656745 itr]:      606.036
[639 sec, 13679258 itr]:      606.036
[640 sec, 13701760 itr]:      606.036
[641 sec, 13701760 itr]:      606.036
[642 sec, 13748559 itr]:      606.036
[643 sec, 13771100 itr]:      606.036
[644 sec, 13793791 itr]:      606.036
[645 sec, 13816040 itr]:      606.036
[ optimality gap      ]:      100.00%
[646 sec, 13838548 itr]:      606.036
[647 sec, 13860653 itr]:      606.036
[648 sec, 13882854 itr]:      606.036
[649 sec, 13882854 itr]:      606.036
[650 sec, 13927988 itr]:      606.036
[651 sec, 13950817 itr]:      606.036
[652 sec, 13976344 itr]:      606.036
[653 sec, 13998893 itr]:      606.036
[654 sec, 14022268 itr]:      606.036
[655 sec, 14045688 itr]:      606.036
[ optimality gap      ]:      100.00%
[656 sec, 14045688 itr]:      606.036
[657 sec, 14092452 itr]:      606.036
[658 sec, 14115093 itr]:      606.036
[659 sec, 14138983 itr]:      606.036
[660 sec, 14162209 itr]:      606.036
[661 sec, 14184220 itr]:      606.036
[662 sec, 14206581 itr]:      606.036
[663 sec, 14228688 itr]:      606.036
[664 sec, 14250916 itr]:      606.036
[665 sec, 14272566 itr]:      606.036
[ optimality gap      ]:      100.00%
[666 sec, 14272566 itr]:      606.036
[667 sec, 14316733 itr]:      606.036
[668 sec, 14338846 itr]:      606.036
[669 sec, 14361128 itr]:      606.036
[670 sec, 14383555 itr]:      606.036
[671 sec, 14404829 itr]:      606.036
[672 sec, 14428409 itr]:      606.036
[673 sec, 14451725 itr]:      606.036
[674 sec, 14476642 itr]:      606.036
[675 sec, 14476642 itr]:      606.036
[ optimality gap      ]:      100.00%
[676 sec, 14519723 itr]:      606.036
[677 sec, 14541865 itr]:      606.036
[678 sec, 14564163 itr]:      606.036
[679 sec, 14586670 itr]:      606.036
[680 sec, 14586670 itr]:      606.036
[681 sec, 14632874 itr]:      606.036
[682 sec, 14655345 itr]:      606.036
[683 sec, 14655345 itr]:      606.036
[684 sec, 14701688 itr]:      606.036
[685 sec, 14726519 itr]:      606.036
[ optimality gap      ]:      100.00%
[686 sec, 14749236 itr]:      606.036
[687 sec, 14771906 itr]:      606.036
[688 sec, 14794566 itr]:      606.036
[689 sec, 14818488 itr]:      606.036
[690 sec, 14840663 itr]:      606.036
[691 sec, 14862748 itr]:      606.036
[692 sec, 14885265 itr]:      606.036
[693 sec, 14907371 itr]:      606.036
[694 sec, 14931283 itr]:      606.036
[695 sec, 14953350 itr]:      606.036
[ optimality gap      ]:      100.00%
[696 sec, 14975561 itr]:      606.036
[697 sec, 14998665 itr]:      606.036
[698 sec, 15022658 itr]:      606.036
[699 sec, 15045364 itr]:      606.036
[700 sec, 15067575 itr]:      606.036
[701 sec, 15090814 itr]:      606.036
[702 sec, 15114188 itr]:      606.036
[703 sec, 15114188 itr]:      606.036
[704 sec, 15161404 itr]:      606.036
[705 sec, 15185049 itr]:      606.036
[ optimality gap      ]:      100.00%
[706 sec, 15209308 itr]:      606.036
[707 sec, 15209308 itr]:      606.036
[708 sec, 15255202 itr]:      606.036
[709 sec, 15277571 itr]:      606.036
[710 sec, 15299509 itr]:      606.036
[711 sec, 15322104 itr]:      606.036
[712 sec, 15344375 itr]:      606.036
[713 sec, 15344375 itr]:      606.036
[714 sec, 15390174 itr]:      606.036
[715 sec, 15413846 itr]:      606.036
[ optimality gap      ]:      100.00%
[716 sec, 15437160 itr]:      606.036
[717 sec, 15460185 itr]:      606.036
[718 sec, 15483872 itr]:      606.036
[719 sec, 15508031 itr]:      606.036
[720 sec, 15530172 itr]:      606.036
[721 sec, 15530172 itr]:      606.036
[722 sec, 15575971 itr]:      606.036
[723 sec, 15598369 itr]:      606.036
[724 sec, 15598369 itr]:      606.036
[725 sec, 15643710 itr]:      606.036
[ optimality gap      ]:      100.00%
[726 sec, 15666872 itr]:      606.036
[727 sec, 15689691 itr]:      606.036
[728 sec, 15712657 itr]:      606.036
[729 sec, 15712657 itr]:      606.036
[730 sec, 15759946 itr]:      606.036
[731 sec, 15782822 itr]:      606.036
[732 sec, 15805443 itr]:      606.036
[733 sec, 15805443 itr]:      606.036
[734 sec, 15851693 itr]:      606.036
[735 sec, 15876001 itr]:      606.036
[ optimality gap      ]:      100.00%
[736 sec, 15898625 itr]:      606.036
[737 sec, 15898625 itr]:      606.036
[738 sec, 15944570 itr]:      606.036
[739 sec, 15968810 itr]:      606.036
[740 sec, 15997292 itr]:      606.036
[741 sec, 16027681 itr]:      606.036
[742 sec, 16056264 itr]:      606.036
[743 sec, 16084640 itr]:      606.036
[744 sec, 16115193 itr]:      606.036
[745 sec, 16144084 itr]:      606.036
[ optimality gap      ]:      100.00%
[746 sec, 16171980 itr]:      606.036
[747 sec, 16200656 itr]:      606.036
[748 sec, 16230724 itr]:      606.036
[749 sec, 16260261 itr]:      606.036
[750 sec, 16289903 itr]:      606.036
[751 sec, 16289903 itr]:      606.036
[752 sec, 16349052 itr]:      606.036
[753 sec, 16376779 itr]:      606.036
[754 sec, 16404475 itr]:      606.036
[755 sec, 16433311 itr]:      606.036
[ optimality gap      ]:      100.00%
[756 sec, 16462646 itr]:      606.036
[757 sec, 16490007 itr]:      606.036
[758 sec, 16517575 itr]:      606.036
[759 sec, 16517575 itr]:      606.036
[760 sec, 16573782 itr]:      606.036
[761 sec, 16602131 itr]:      606.036
[762 sec, 16631525 itr]:      606.036
[763 sec, 16659269 itr]:      606.036
[764 sec, 16688258 itr]:      606.036
[765 sec, 16717204 itr]:      606.036
[ optimality gap      ]:      100.00%
[766 sec, 16744912 itr]:      606.036
[767 sec, 16772238 itr]:      606.036
[768 sec, 16799587 itr]:      606.036
[769 sec, 16799587 itr]:      606.036
[770 sec, 16860337 itr]:      606.036
[771 sec, 16889627 itr]:      606.036
[772 sec, 16889627 itr]:      606.036
[773 sec, 16947518 itr]:      606.036
[774 sec, 16947518 itr]:      606.036
[775 sec, 17003920 itr]:      606.036
[ optimality gap      ]:      100.00%
[776 sec, 17033318 itr]:      606.036
[777 sec, 17062092 itr]:      606.036
[778 sec, 17092250 itr]:      606.036
[779 sec, 17120059 itr]:      606.036
[780 sec, 17148310 itr]:      606.036
[781 sec, 17176950 itr]:      606.036
[782 sec, 17206239 itr]:      606.036
[783 sec, 17234634 itr]:      606.036
[784 sec, 17262700 itr]:      606.036
[785 sec, 17291109 itr]:      606.036
[ optimality gap      ]:      100.00%
[786 sec, 17320344 itr]:      606.036
[787 sec, 17350450 itr]:      606.036
[788 sec, 17379534 itr]:      606.036
[789 sec, 17408834 itr]:      606.036
[790 sec, 17408834 itr]:      606.036
[791 sec, 17468278 itr]:      606.036
[792 sec, 17497192 itr]:      606.036
[793 sec, 17526905 itr]:      606.036
[794 sec, 17556960 itr]:      606.036
[795 sec, 17585492 itr]:      606.036
[ optimality gap      ]:      100.00%
[796 sec, 17613411 itr]:      606.036
[797 sec, 17642665 itr]:      606.036
[798 sec, 17642665 itr]:      606.036
[799 sec, 17701929 itr]:      606.036
[800 sec, 17731601 itr]:      606.036
[801 sec, 17761220 itr]:      606.036
[802 sec, 17791155 itr]:      606.036
[803 sec, 17820096 itr]:      606.036
[804 sec, 17849696 itr]:      606.036
[805 sec, 17879344 itr]:      606.036
[ optimality gap      ]:      100.00%
[806 sec, 17879344 itr]:      606.036
[807 sec, 17937865 itr]:      606.036
[808 sec, 17968478 itr]:      606.036
[809 sec, 17968478 itr]:      606.036
[810 sec, 18026785 itr]:      606.036
[811 sec, 18055410 itr]:      606.036
[812 sec, 18085490 itr]:      606.036
[813 sec, 18115560 itr]:      606.036
[814 sec, 18145426 itr]:      606.036
[815 sec, 18175738 itr]:      606.036
[ optimality gap      ]:      100.00%
[816 sec, 18204872 itr]:      606.036
[817 sec, 18234233 itr]:      606.036
[818 sec, 18234233 itr]:      606.036
[819 sec, 18292890 itr]:      606.036
[820 sec, 18322007 itr]:      606.036
[821 sec, 18351500 itr]:      606.036
[822 sec, 18381529 itr]:      606.036
[823 sec, 18410074 itr]:      606.036
[824 sec, 18439239 itr]:      606.036
[825 sec, 18469857 itr]:      606.036
[ optimality gap      ]:      100.00%
[826 sec, 18501303 itr]:      606.036
[827 sec, 18531732 itr]:      606.036
[828 sec, 18562157 itr]:      606.036
[829 sec, 18591404 itr]:      606.036
[830 sec, 18591404 itr]:      606.036
[831 sec, 18652818 itr]:      606.036
[832 sec, 18683691 itr]:      606.036
[833 sec, 18714039 itr]:      606.036
[834 sec, 18744575 itr]:      606.036
[835 sec, 18773647 itr]:      606.036
[ optimality gap      ]:      100.00%
[836 sec, 18773647 itr]:      606.036
[837 sec, 18830667 itr]:      606.036
[838 sec, 18859186 itr]:      606.036
[839 sec, 18889399 itr]:      606.036
[840 sec, 18918999 itr]:      606.036
[841 sec, 18948865 itr]:      606.036
[842 sec, 18980161 itr]:      606.036
[843 sec, 19009206 itr]:      606.036
[844 sec, 19009206 itr]:      606.036
[845 sec, 19068478 itr]:      606.036
[ optimality gap      ]:      100.00%
[846 sec, 19098435 itr]:      606.036
[847 sec, 19127896 itr]:      606.036
[848 sec, 19158754 itr]:      606.036
[849 sec, 19189167 itr]:      606.036
[850 sec, 19218618 itr]:      606.036
[851 sec, 19248956 itr]:      606.036
[852 sec, 19280219 itr]:      606.036
[853 sec, 19309530 itr]:      606.036
[854 sec, 19309530 itr]:      606.036
[855 sec, 19370669 itr]:      606.036
[ optimality gap      ]:      100.00%
[856 sec, 19400667 itr]:      606.036
[857 sec, 19431198 itr]:      606.036
[858 sec, 19463440 itr]:      606.036
[859 sec, 19493658 itr]:      606.036
[860 sec, 19493658 itr]:      606.036
[861 sec, 19554755 itr]:      606.036
[862 sec, 19586017 itr]:      606.036
[863 sec, 19616730 itr]:      606.036
[864 sec, 19647755 itr]:      606.036
[865 sec, 19678391 itr]:      606.036
[ optimality gap      ]:      100.00%
[866 sec, 19709206 itr]:      606.036
[867 sec, 19709206 itr]:      606.036
[868 sec, 19768281 itr]:      606.036
[869 sec, 19797513 itr]:      606.036
[870 sec, 19827393 itr]:      606.036
[871 sec, 19856276 itr]:      606.036
[872 sec, 19886005 itr]:      606.036
[873 sec, 19916786 itr]:      606.036
[874 sec, 19946985 itr]:      606.036
[875 sec, 19977627 itr]:      606.036
[ optimality gap      ]:      100.00%
[876 sec, 20008692 itr]:      606.036
[877 sec, 20038115 itr]:      606.036
[878 sec, 20068255 itr]:      606.036
[879 sec, 20098352 itr]:      606.036
[880 sec, 20098352 itr]:      606.036
[881 sec, 20158082 itr]:      606.036
[882 sec, 20188521 itr]:      606.036
[883 sec, 20218090 itr]:      606.036
[884 sec, 20247656 itr]:      606.036
[885 sec, 20247656 itr]:      606.036
[ optimality gap      ]:      100.00%
[886 sec, 20308184 itr]:      606.036
[887 sec, 20338042 itr]:      606.036
[888 sec, 20367752 itr]:      606.036
[889 sec, 20397818 itr]:      606.036
[890 sec, 20426666 itr]:      606.036
[891 sec, 20455841 itr]:      606.036
[892 sec, 20455841 itr]:      606.036
[893 sec, 20516695 itr]:      606.036
[894 sec, 20546883 itr]:      606.036
[895 sec, 20575661 itr]:      606.036
[ optimality gap      ]:      100.00%
[896 sec, 20604887 itr]:      606.036
[897 sec, 20635630 itr]:      606.036
[898 sec, 20635630 itr]:      606.036
[899 sec, 20694737 itr]:      606.036
[900 sec, 20694737 itr]:      606.036
[901 sec, 20724107 itr]:      606.036
[902 sec, 20781862 itr]:      606.036
[903 sec, 20810068 itr]:      606.036
[904 sec, 20839552 itr]:      606.036
[905 sec, 20869578 itr]:      606.036
[ optimality gap      ]:      100.00%
[906 sec, 20899969 itr]:      606.036
[907 sec, 20930255 itr]:      606.036
[908 sec, 20959262 itr]:      606.036
[909 sec, 20990683 itr]:      606.036
[910 sec, 21022664 itr]:      606.036
[911 sec, 21053688 itr]:      606.036
[912 sec, 21085864 itr]:      606.036
[913 sec, 21117349 itr]:      606.036
[914 sec, 21146535 itr]:      606.036
[915 sec, 21175815 itr]:      606.036
[ optimality gap      ]:      100.00%
[916 sec, 21207289 itr]:      606.036
[917 sec, 21207289 itr]:      606.036
[918 sec, 21269828 itr]:      606.036
[919 sec, 21300628 itr]:      606.036
[920 sec, 21331682 itr]:      606.036
[921 sec, 21363314 itr]:      606.036
[922 sec, 21395189 itr]:      606.036
[923 sec, 21425438 itr]:      606.036
[924 sec, 21456404 itr]:      606.036
[925 sec, 21485065 itr]:      606.036
[ optimality gap      ]:      100.00%
[926 sec, 21514983 itr]:      606.036
[927 sec, 21544923 itr]:      606.036
[928 sec, 21544923 itr]:      606.036
[929 sec, 21605986 itr]:      606.036
[930 sec, 21637646 itr]:      606.036
[931 sec, 21667248 itr]:      606.036
[932 sec, 21699322 itr]:      606.036
[933 sec, 21730254 itr]:      606.036
[934 sec, 21760628 itr]:      606.036
[935 sec, 21790318 itr]:      606.036
[ optimality gap      ]:      100.00%
[936 sec, 21820030 itr]:      606.036
[937 sec, 21849576 itr]:      606.036
[938 sec, 21879724 itr]:      606.036
[939 sec, 21879724 itr]:      606.036
[940 sec, 21941477 itr]:      606.036
[941 sec, 21972030 itr]:      606.036
[942 sec, 22002961 itr]:      606.036
[943 sec, 22033440 itr]:      606.036
[944 sec, 22063167 itr]:      606.036
[945 sec, 22092687 itr]:      606.036
[ optimality gap      ]:      100.00%
[946 sec, 22123736 itr]:      606.036
[947 sec, 22152699 itr]:      606.036
[948 sec, 22182783 itr]:      606.036
[949 sec, 22213461 itr]:      606.036
[950 sec, 22244388 itr]:      606.036
[951 sec, 22274872 itr]:      606.036
[952 sec, 22307229 itr]:      606.036
[953 sec, 22339997 itr]:      606.036
[954 sec, 22372890 itr]:      606.036
[955 sec, 22406110 itr]:      606.036
[ optimality gap      ]:      100.00%
[956 sec, 22439678 itr]:      606.036
[957 sec, 22473931 itr]:      606.036
[958 sec, 22507949 itr]:      606.036
[959 sec, 22542298 itr]:      606.036
[960 sec, 22542298 itr]:      606.036
[961 sec, 22609964 itr]:      606.036
[962 sec, 22645022 itr]:      606.036
[963 sec, 22678934 itr]:      606.036
[964 sec, 22713875 itr]:      606.036
[965 sec, 22747389 itr]:      606.036
[ optimality gap      ]:      100.00%
[966 sec, 22747389 itr]:      606.036
[967 sec, 22814984 itr]:      606.036
[968 sec, 22849905 itr]:      606.036
[969 sec, 22849905 itr]:      606.036
[970 sec, 22917708 itr]:      606.036
[971 sec, 22917708 itr]:      606.036
[972 sec, 22985089 itr]:      606.036
[973 sec, 23020664 itr]:      606.036
[974 sec, 23055252 itr]:      606.036
[975 sec, 23088874 itr]:      606.036
[ optimality gap      ]:      100.00%
[976 sec, 23122665 itr]:      606.036
[977 sec, 23156746 itr]:      606.036
[978 sec, 23190321 itr]:      606.036
[979 sec, 23225742 itr]:      606.036
[980 sec, 23260617 itr]:      606.036
[981 sec, 23295825 itr]:      606.036
[982 sec, 23330432 itr]:      606.036
[983 sec, 23365033 itr]:      606.036
[984 sec, 23399784 itr]:      606.036
[985 sec, 23399784 itr]:      606.036
[ optimality gap      ]:      100.00%
[986 sec, 23468621 itr]:      606.036
[987 sec, 23468621 itr]:      606.036
[988 sec, 23501760 itr]:      606.036
[989 sec, 23570445 itr]:      606.036
[990 sec, 23604134 itr]:      606.036
[991 sec, 23639382 itr]:      606.036
[992 sec, 23673577 itr]:      606.036
[993 sec, 23707787 itr]:      606.036
[994 sec, 23707787 itr]:      606.036
[995 sec, 23776811 itr]:      606.036
[ optimality gap      ]:      100.00%
[996 sec, 23776811 itr]:      606.036
[997 sec, 23810248 itr]:      606.036
[998 sec, 23842745 itr]:      606.036
[999 sec, 23876085 itr]:      606.036
[1000 sec, 23942607 itr]:      606.036
[1001 sec, 23976029 itr]:      606.036
[1002 sec, 24009658 itr]:      606.036
[1003 sec, 24009658 itr]:      606.036
[1004 sec, 24077071 itr]:      606.036
[1005 sec, 24109402 itr]:      606.036
[ optimality gap       ]:      100.00%
[1006 sec, 24142042 itr]:      606.036
[1007 sec, 24142042 itr]:      606.036
[1008 sec, 24208413 itr]:      606.036
[1009 sec, 24241655 itr]:      606.036
[1010 sec, 24274413 itr]:      606.036
[1011 sec, 24274413 itr]:      606.036
[1012 sec, 24307600 itr]:      606.036
[1013 sec, 24339640 itr]:      606.036
[1014 sec, 24404147 itr]:      606.036
[1015 sec, 24436736 itr]:      606.036
[ optimality gap       ]:      100.00%
[1016 sec, 24469626 itr]:      606.036
[1017 sec, 24502078 itr]:      606.036
[1018 sec, 24535492 itr]:      606.036
[1019 sec, 24569200 itr]:      606.036
[1020 sec, 24602292 itr]:      606.036
[1021 sec, 24634984 itr]:      606.036
[1022 sec, 24667866 itr]:      606.036
[1023 sec, 24667866 itr]:      606.036
[1024 sec, 24700613 itr]:      606.036
[1025 sec, 24757274 itr]:      606.036
[ optimality gap       ]:      100.00%
[1026 sec, 24786600 itr]:      606.036
[1027 sec, 24816381 itr]:      606.036
[1028 sec, 24846791 itr]:      606.036
[1029 sec, 24876265 itr]:      606.036
[1030 sec, 24905962 itr]:      606.036
[1031 sec, 24937620 itr]:      606.036
[1032 sec, 24937620 itr]:      606.036
[1033 sec, 24999215 itr]:      606.036
[1034 sec, 25028732 itr]:      606.036
[1035 sec, 25057417 itr]:      606.036
[ optimality gap       ]:      100.00%
[1036 sec, 25085377 itr]:      606.036
[1037 sec, 25113304 itr]:      606.036
[1038 sec, 25143186 itr]:      606.036
[1039 sec, 25171717 itr]:      606.036
[1040 sec, 25199798 itr]:      606.036
[1041 sec, 25230579 itr]:      606.036
[1042 sec, 25259743 itr]:      606.036
[1043 sec, 25259743 itr]:      606.036
[1044 sec, 25318460 itr]:      606.036
[1045 sec, 25346769 itr]:      606.036
[ optimality gap       ]:      100.00%
[1046 sec, 25375496 itr]:      606.036
[1047 sec, 25404005 itr]:      606.036
[1048 sec, 25404005 itr]:      606.036
[1049 sec, 25460342 itr]:      606.036
[1050 sec, 25460342 itr]:      606.036
[1051 sec, 25489687 itr]:      606.036
[1052 sec, 25518978 itr]:      606.036
[1053 sec, 25577882 itr]:      606.036
[1054 sec, 25606421 itr]:      606.036
[1055 sec, 25634750 itr]:      606.036
[ optimality gap       ]:      100.00%
[1056 sec, 25663429 itr]:      606.036
[1057 sec, 25693398 itr]:      606.036
[1058 sec, 25724541 itr]:      606.036
[1059 sec, 25752811 itr]:      606.036
[1060 sec, 25781803 itr]:      606.036
[1061 sec, 25811427 itr]:      606.036
[1062 sec, 25840907 itr]:      606.036
[1063 sec, 25871068 itr]:      606.036
[1064 sec, 25900794 itr]:      606.036
[1065 sec, 25929018 itr]:      606.036
[ optimality gap       ]:      100.00%
[1066 sec, 25959021 itr]:      606.036
[1067 sec, 25989949 itr]:      606.036
[1068 sec, 26019790 itr]:      606.036
[1069 sec, 26049506 itr]:      606.036
[1070 sec, 26079954 itr]:      606.036
[1071 sec, 26108988 itr]:      606.036
[1072 sec, 26137631 itr]:      606.036
[1073 sec, 26166531 itr]:      606.036
[1074 sec, 26197745 itr]:      606.036
[1075 sec, 26197745 itr]:      606.036
[ optimality gap       ]:      100.00%
[1076 sec, 26257176 itr]:      606.036
[1077 sec, 26286412 itr]:      606.036
[1078 sec, 26316505 itr]:      606.036
[1079 sec, 26345803 itr]:      606.036
[1080 sec, 26374256 itr]:      606.036
[1081 sec, 26402233 itr]:      606.036
[1082 sec, 26431139 itr]:      606.036
[1083 sec, 26459797 itr]:      606.036
[1084 sec, 26459797 itr]:      606.036
[1085 sec, 26516470 itr]:      606.036
[ optimality gap       ]:      100.00%
[1086 sec, 26544715 itr]:      606.036
[1087 sec, 26573829 itr]:      606.036
[1088 sec, 26601952 itr]:      606.036
[1089 sec, 26601952 itr]:      606.036
[1090 sec, 26629431 itr]:      606.036
[1091 sec, 26685567 itr]:      606.036
[1092 sec, 26715243 itr]:      606.036
[1093 sec, 26743866 itr]:      606.036
[1094 sec, 26771834 itr]:      606.036
[1095 sec, 26800239 itr]:      606.036
[ optimality gap       ]:      100.00%
[1096 sec, 26829470 itr]:      606.036
[1097 sec, 26858956 itr]:      606.036
[1098 sec, 26858956 itr]:      606.036
[1099 sec, 26918595 itr]:      606.036
[1100 sec, 26947491 itr]:      606.036
[1101 sec, 26978931 itr]:      606.036
[1102 sec, 27008392 itr]:      606.036
[1103 sec, 27039982 itr]:      606.036
[1104 sec, 27069817 itr]:      606.036
[1105 sec, 27099014 itr]:      606.036
[ optimality gap       ]:      100.00%
[1106 sec, 27099014 itr]:      606.036
[1107 sec, 27156149 itr]:      606.036
[1108 sec, 27184020 itr]:      606.036
[1109 sec, 27214448 itr]:      606.036
[1110 sec, 27243231 itr]:      606.036
[1111 sec, 27271808 itr]:      606.036
[1112 sec, 27301492 itr]:      606.036
[1113 sec, 27330629 itr]:      606.036
[1114 sec, 27330629 itr]:      606.036
[1115 sec, 27388565 itr]:      606.036
[ optimality gap       ]:      100.00%
[1116 sec, 27388565 itr]:      606.036
[1117 sec, 27447298 itr]:      606.036
[1118 sec, 27475707 itr]:      606.036
[1119 sec, 27504002 itr]:      606.036
[1120 sec, 27532442 itr]:      606.036
[1121 sec, 27560436 itr]:      606.036
[1122 sec, 27590142 itr]:      606.036
[1123 sec, 27619205 itr]:      606.036
[1124 sec, 27649163 itr]:      606.036
[1125 sec, 27677482 itr]:      606.036
[ optimality gap       ]:      100.00%
[1126 sec, 27706103 itr]:      606.036
[1127 sec, 27735352 itr]:      606.036
[1128 sec, 27764777 itr]:      606.036
[1129 sec, 27793133 itr]:      606.036
[1130 sec, 27793133 itr]:      606.036
[1131 sec, 27852984 itr]:      606.036
[1132 sec, 27852984 itr]:      606.036
[1133 sec, 27912018 itr]:      606.036
[1134 sec, 27942310 itr]:      606.036
[1135 sec, 27970480 itr]:      606.036
[ optimality gap       ]:      100.00%
[1136 sec, 27998641 itr]:      606.036
[1137 sec, 28027249 itr]:      606.036
[1138 sec, 28058373 itr]:      606.036
[1139 sec, 28058373 itr]:      606.036
[1140 sec, 28118651 itr]:      606.036
[1141 sec, 28118651 itr]:      606.036
[1142 sec, 28175080 itr]:      606.036
[1143 sec, 28175080 itr]:      606.036
[1144 sec, 28231988 itr]:      606.036
[1145 sec, 28260332 itr]:      606.036
[ optimality gap       ]:      100.00%
[1146 sec, 28288285 itr]:      606.036
[1147 sec, 28317929 itr]:      606.036
[1148 sec, 28347896 itr]:      606.036
[1149 sec, 28377312 itr]:      606.036
[1150 sec, 28407274 itr]:      606.036
[1151 sec, 28435520 itr]:      606.036
[1152 sec, 28463795 itr]:      606.036
[1153 sec, 28493300 itr]:      606.036
[1154 sec, 28522033 itr]:      606.036
[1155 sec, 28551323 itr]:      606.036
[ optimality gap       ]:      100.00%
[1156 sec, 28580137 itr]:      606.036
[1157 sec, 28609760 itr]:      606.036
[1158 sec, 28639459 itr]:      606.036
[1159 sec, 28668217 itr]:      606.036
[1160 sec, 28668217 itr]:      606.036
[1161 sec, 28725968 itr]:      606.036
[1162 sec, 28755273 itr]:      606.036
[1163 sec, 28784632 itr]:      606.036
[1164 sec, 28815225 itr]:      606.036
[1165 sec, 28844946 itr]:      606.036
[ optimality gap       ]:      100.00%
[1166 sec, 28844946 itr]:      606.036
[1167 sec, 28903183 itr]:      606.036
[1168 sec, 28903183 itr]:      606.036
[1169 sec, 28961661 itr]:      606.036
[1170 sec, 28961661 itr]:      606.036
[1171 sec, 29021341 itr]:      606.036
[1172 sec, 29050471 itr]:      606.036
[1173 sec, 29081583 itr]:      606.036
[1174 sec, 29110983 itr]:      606.036
[1175 sec, 29110983 itr]:      606.036
[ optimality gap       ]:      100.00%
[1176 sec, 29170671 itr]:      606.036
[1177 sec, 29201329 itr]:      606.036
[1178 sec, 29228598 itr]:      606.036
[1179 sec, 29228598 itr]:      606.036
[1180 sec, 29286557 itr]:      606.036
[1181 sec, 29313898 itr]:      606.036
[1182 sec, 29342195 itr]:      606.036
[1183 sec, 29371584 itr]:      606.036
[1184 sec, 29401649 itr]:      606.036
[1185 sec, 29429615 itr]:      606.036
[ optimality gap       ]:      100.00%
[1186 sec, 29458544 itr]:      606.036
[1187 sec, 29487588 itr]:      606.036
[1188 sec, 29517627 itr]:      606.036
[1189 sec, 29517627 itr]:      606.036
[1190 sec, 29547362 itr]:      606.036
[1191 sec, 29606088 itr]:      606.036
[1192 sec, 29634744 itr]:      606.036
[1193 sec, 29634744 itr]:      606.036
[1194 sec, 29693053 itr]:      606.036
[1195 sec, 29722691 itr]:      606.036
[ optimality gap       ]:      100.00%
[1196 sec, 29752192 itr]:      606.036
[1197 sec, 29752192 itr]:      606.036
[1198 sec, 29781853 itr]:      606.036
[1199 sec, 29841389 itr]:      606.036
[1200 sec, 29870863 itr]:      606.036
[1201 sec, 29870863 itr]:      606.036
[1202 sec, 29899765 itr]:      606.036
[1203 sec, 29960044 itr]:      606.036
[1204 sec, 29989567 itr]:      606.036
[1205 sec, 30018520 itr]:      606.036
[ optimality gap       ]:      100.00%
[1206 sec, 30047739 itr]:      606.036
[1207 sec, 30076025 itr]:      606.036
[1208 sec, 30104150 itr]:      606.036
[1209 sec, 30104150 itr]:      606.036
[1210 sec, 30132483 itr]:      606.036
[1211 sec, 30190151 itr]:      606.036
[1212 sec, 30218012 itr]:      606.036
[1213 sec, 30246610 itr]:      606.036
[1214 sec, 30274995 itr]:      606.036
[1215 sec, 30303656 itr]:      606.036
[ optimality gap       ]:      100.00%
[1216 sec, 30332582 itr]:      606.036
[1217 sec, 30361527 itr]:      606.036
[1218 sec, 30390035 itr]:      606.036
[1219 sec, 30390035 itr]:      606.036
[1220 sec, 30417750 itr]:      606.036
[1221 sec, 30446647 itr]:      606.036
[1222 sec, 30475537 itr]:      606.036
[1223 sec, 30533789 itr]:      606.036
[1224 sec, 30533789 itr]:      606.036
[1225 sec, 30594272 itr]:      606.036
[ optimality gap       ]:      100.00%
[1226 sec, 30623413 itr]:      606.036
[1227 sec, 30652436 itr]:      606.036
[1228 sec, 30682415 itr]:      606.036
[1229 sec, 30711359 itr]:      606.036
[1230 sec, 30740657 itr]:      606.036
[1231 sec, 30769605 itr]:      606.036
[1232 sec, 30798749 itr]:      606.036
[1233 sec, 30827730 itr]:      606.036
[1234 sec, 30856894 itr]:      606.036
[1235 sec, 30886851 itr]:      606.036
[ optimality gap       ]:      100.00%
[1236 sec, 30917015 itr]:      606.036
[1237 sec, 30945941 itr]:      606.036
[1238 sec, 30945941 itr]:      606.036
[1239 sec, 31002355 itr]:      606.036
[1240 sec, 31032683 itr]:      606.036
[1241 sec, 31032683 itr]:      606.036
[1242 sec, 31089833 itr]:      606.036
[1243 sec, 31117495 itr]:      606.036
[1244 sec, 31146328 itr]:      606.036
[1245 sec, 31175024 itr]:      606.036
[ optimality gap       ]:      100.00%
[1246 sec, 31175024 itr]:      606.036
[1247 sec, 31232738 itr]:      606.036
[1248 sec, 31260917 itr]:      606.036
[1249 sec, 31290530 itr]:      606.036
[1250 sec, 31320075 itr]:      606.036
[1251 sec, 31320075 itr]:      606.036
[1252 sec, 31378035 itr]:      606.036
[1253 sec, 31406494 itr]:      606.036
[1254 sec, 31435539 itr]:      606.036
[1255 sec, 31464387 itr]:      606.036
[ optimality gap       ]:      100.00%
[1256 sec, 31464387 itr]:      606.036
[1257 sec, 31521703 itr]:      606.036
[1258 sec, 31551306 itr]:      606.036
[1259 sec, 31579776 itr]:      606.036
[1260 sec, 31609128 itr]:      606.036
[1261 sec, 31636781 itr]:      606.036
[1262 sec, 31665364 itr]:      606.036
[1263 sec, 31693984 itr]:      606.036
[1264 sec, 31693984 itr]:      606.036
[1265 sec, 31750049 itr]:      606.036
[ optimality gap       ]:      100.00%
[1266 sec, 31779411 itr]:      606.036
[1267 sec, 31779411 itr]:      606.036
[1268 sec, 31837596 itr]:      606.036
[1269 sec, 31866011 itr]:      606.036
[1270 sec, 31896285 itr]:      606.036
[1271 sec, 31925716 itr]:      606.036
[1272 sec, 31954825 itr]:      606.036
[1273 sec, 31983892 itr]:      606.036
[1274 sec, 32013248 itr]:      606.036
[1275 sec, 32042177 itr]:      606.036
[ optimality gap       ]:      100.00%
[1276 sec, 32042177 itr]:      606.036
[1277 sec, 32100741 itr]:      606.036
[1278 sec, 32130317 itr]:      606.036
[1279 sec, 32158854 itr]:      606.036
[1280 sec, 32189056 itr]:      606.036
[1281 sec, 32217825 itr]:      606.036
[1282 sec, 32247062 itr]:      606.036
[1283 sec, 32274440 itr]:      606.036
[1284 sec, 32302774 itr]:      606.036
[1285 sec, 32331630 itr]:      606.036
[ optimality gap       ]:      100.00%
[1286 sec, 32360067 itr]:      606.036
[1287 sec, 32388726 itr]:      606.036
[1288 sec, 32417541 itr]:      606.036
[1289 sec, 32445824 itr]:      606.036
[1290 sec, 32475375 itr]:      606.036
[1291 sec, 32504317 itr]:      606.036
[1292 sec, 32534615 itr]:      606.036
[1293 sec, 32562413 itr]:      606.036
[1294 sec, 32590051 itr]:      606.036
[1295 sec, 32617124 itr]:      606.036
[ optimality gap       ]:      100.00%
[1296 sec, 32644711 itr]:      606.036
[1297 sec, 32672978 itr]:      606.036
[1298 sec, 32701632 itr]:      606.036
[1299 sec, 32729819 itr]:      606.036
[1300 sec, 32758112 itr]:      606.036
[1301 sec, 32785977 itr]:      606.036
[1302 sec, 32785977 itr]:      606.036
[1303 sec, 32845318 itr]:      606.036
[1304 sec, 32874528 itr]:      606.036
[1305 sec, 32903454 itr]:      606.036
[ optimality gap       ]:      100.00%
[1306 sec, 32932301 itr]:      606.036
[1307 sec, 32961924 itr]:      606.036
[1308 sec, 32992008 itr]:      606.036
[1309 sec, 32992008 itr]:      606.036
[1310 sec, 33021392 itr]:      606.036
[1311 sec, 33080213 itr]:      606.036
[1312 sec, 33109084 itr]:      606.036
[1313 sec, 33138183 itr]:      606.036
[1314 sec, 33138183 itr]:      606.036
[1315 sec, 33195492 itr]:      606.036
[ optimality gap       ]:      100.00%
[1316 sec, 33223978 itr]:      606.036
[1317 sec, 33223978 itr]:      606.036
[1318 sec, 33280955 itr]:      606.036
[1319 sec, 33309080 itr]:      606.036
[1320 sec, 33309080 itr]:      606.036
[1321 sec, 33366880 itr]:      606.036
[1322 sec, 33394949 itr]:      606.036
[1323 sec, 33423573 itr]:      606.036
[1324 sec, 33452501 itr]:      606.036
[1325 sec, 33481206 itr]:      606.036
[ optimality gap       ]:      100.00%
[1326 sec, 33509303 itr]:      606.036
[1327 sec, 33537596 itr]:      606.036
[1328 sec, 33565920 itr]:      606.036
[1329 sec, 33594555 itr]:      606.036
[1330 sec, 33623586 itr]:      606.036
[1331 sec, 33651932 itr]:      606.036
[1332 sec, 33680255 itr]:      606.036
[1333 sec, 33709779 itr]:      606.036
[1334 sec, 33738263 itr]:      606.036
[1335 sec, 33765926 itr]:      606.036
[ optimality gap       ]:      100.00%
[1336 sec, 33765926 itr]:      606.036
[1337 sec, 33824018 itr]:      606.036
[1338 sec, 33852902 itr]:      606.036
[1339 sec, 33880747 itr]:      606.036
[1340 sec, 33908746 itr]:      606.036
[1341 sec, 33908746 itr]:      606.036
[1342 sec, 33965815 itr]:      606.036
[1343 sec, 33994163 itr]:      606.036
[1344 sec, 34022631 itr]:      606.036
[1345 sec, 34050655 itr]:      606.036
[ optimality gap       ]:      100.00%
[1346 sec, 34079437 itr]:      606.036
[1347 sec, 34079437 itr]:      606.036
[1348 sec, 34136134 itr]:      606.036
[1349 sec, 34164731 itr]:      606.036
[1350 sec, 34193280 itr]:      606.036
[1351 sec, 34221980 itr]:      606.036
[1352 sec, 34251509 itr]:      606.036
[1353 sec, 34280045 itr]:      606.036
[1354 sec, 34308717 itr]:      606.036
[1355 sec, 34337942 itr]:      606.036
[ optimality gap       ]:      100.00%
[1356 sec, 34366493 itr]:      606.036
[1357 sec, 34396037 itr]:      606.036
[1358 sec, 34396037 itr]:      606.036
[1359 sec, 34426092 itr]:      606.036
[1360 sec, 34485192 itr]:      606.036
[1361 sec, 34515350 itr]:      606.036
[1362 sec, 34545928 itr]:      606.036
[1363 sec, 34576135 itr]:      606.036
[1364 sec, 34576135 itr]:      606.036
[1365 sec, 34635814 itr]:      606.036
[ optimality gap       ]:      100.00%
[1366 sec, 34666041 itr]:      606.036
[1367 sec, 34695942 itr]:      606.036
[1368 sec, 34725468 itr]:      606.036
[1369 sec, 34754496 itr]:      606.036
[1370 sec, 34754496 itr]:      606.036
[1371 sec, 34814007 itr]:      606.036
[1372 sec, 34843633 itr]:      606.036
[1373 sec, 34873375 itr]:      606.036
[1374 sec, 34903349 itr]:      606.036
[1375 sec, 34933844 itr]:      606.036
[ optimality gap       ]:      100.00%
[1376 sec, 34963345 itr]:      606.036
[1377 sec, 34963345 itr]:      606.036
[1378 sec, 35025850 itr]:      606.036
[1379 sec, 35056710 itr]:      606.036
[1380 sec, 35086724 itr]:      606.036
[1381 sec, 35117666 itr]:      606.036
[1382 sec, 35148129 itr]:      606.036
[1383 sec, 35148129 itr]:      606.036
[1384 sec, 35178962 itr]:      606.036
[1385 sec, 35209441 itr]:      606.036
[ optimality gap       ]:      100.00%
[1386 sec, 35270833 itr]:      606.036
[1387 sec, 35302301 itr]:      606.036
[1388 sec, 35332545 itr]:      606.036
[1389 sec, 35332545 itr]:      606.036
[1390 sec, 35393741 itr]:      606.036
[1391 sec, 35423917 itr]:      606.036
[1392 sec, 35454651 itr]:      606.036
[1393 sec, 35484024 itr]:      606.036
[1394 sec, 35514233 itr]:      606.036
[1395 sec, 35545006 itr]:      606.036
[ optimality gap       ]:      100.00%
[1396 sec, 35574916 itr]:      606.036
[1397 sec, 35604505 itr]:      606.036
[1398 sec, 35604505 itr]:      606.036
[1399 sec, 35664027 itr]:      606.036
[1400 sec, 35693639 itr]:      606.036
[1401 sec, 35724244 itr]:      606.036
[1402 sec, 35754478 itr]:      606.036
[1403 sec, 35784226 itr]:      606.036
[1404 sec, 35784226 itr]:      606.036
[1405 sec, 35815071 itr]:      606.036
[ optimality gap       ]:      100.00%
[1406 sec, 35844148 itr]:      606.036
[1407 sec, 35903132 itr]:      606.036
[1408 sec, 35932591 itr]:      606.036
[1409 sec, 35961721 itr]:      606.036
[1410 sec, 35990746 itr]:      606.036
[1411 sec, 36020001 itr]:      606.036
[1412 sec, 36050832 itr]:      606.036
[1413 sec, 36050832 itr]:      606.036
[1414 sec, 36079849 itr]:      606.036
[1415 sec, 36139427 itr]:      606.036
[ optimality gap       ]:      100.00%
[1416 sec, 36168073 itr]:      606.036
[1417 sec, 36197135 itr]:      606.036
[1418 sec, 36225799 itr]:      606.036
[1419 sec, 36254600 itr]:      606.036
[1420 sec, 36284351 itr]:      606.036
[1421 sec, 36313300 itr]:      606.036
[1422 sec, 36339219 itr]:      606.036
[1423 sec, 36368763 itr]:      606.036
[1424 sec, 36397857 itr]:      606.036
[1425 sec, 36426827 itr]:      606.036
[ optimality gap       ]:      100.00%
[1426 sec, 36456838 itr]:      606.036
[1427 sec, 36485612 itr]:      606.036
[1428 sec, 36515319 itr]:      606.036
[1429 sec, 36515319 itr]:      606.036
[1430 sec, 36573642 itr]:      606.036
[1431 sec, 36603363 itr]:      606.036
[1432 sec, 36633710 itr]:      606.036
[1433 sec, 36633710 itr]:      606.036
[1434 sec, 36692946 itr]:      606.036
[1435 sec, 36722654 itr]:      606.036
[ optimality gap       ]:      100.00%
[1436 sec, 36751970 itr]:      606.036
[1437 sec, 36780977 itr]:      606.036
[1438 sec, 36810461 itr]:      606.036
[1439 sec, 36839187 itr]:      606.036
[1440 sec, 36868191 itr]:      606.036
[1441 sec, 36897313 itr]:      606.036
[1442 sec, 36926569 itr]:      606.036
[1443 sec, 36955824 itr]:      606.036
[1444 sec, 36985483 itr]:      606.036
[1445 sec, 36985483 itr]:      606.036
[ optimality gap       ]:      100.00%
[1446 sec, 37044881 itr]:      606.036
[1447 sec, 37074644 itr]:      606.036
[1448 sec, 37074644 itr]:      606.036
[1449 sec, 37133990 itr]:      606.036
[1450 sec, 37163031 itr]:      606.036
[1451 sec, 37192464 itr]:      606.036
[1452 sec, 37221864 itr]:      606.036
[1453 sec, 37221864 itr]:      606.036
[1454 sec, 37246822 itr]:      606.036
[1455 sec, 37305043 itr]:      606.036
[ optimality gap       ]:      100.00%
[1456 sec, 37305043 itr]:      606.036
[1457 sec, 37365623 itr]:      606.036
[1458 sec, 37395855 itr]:      606.036
[1459 sec, 37395855 itr]:      606.036
[1460 sec, 37457649 itr]:      606.036
[1461 sec, 37487617 itr]:      606.036
[1462 sec, 37487617 itr]:      606.036
[1463 sec, 37548706 itr]:      606.036
[1464 sec, 37579171 itr]:      606.036
[1465 sec, 37608470 itr]:      606.036
[ optimality gap       ]:      100.00%
[1466 sec, 37637996 itr]:      606.036
[1467 sec, 37668855 itr]:      606.036
[1468 sec, 37668855 itr]:      606.036
[1469 sec, 37728317 itr]:      606.036
[1470 sec, 37758771 itr]:      606.036
[1471 sec, 37787836 itr]:      606.036
[1472 sec, 37817713 itr]:      606.036
[1473 sec, 37817713 itr]:      606.036
[1474 sec, 37877069 itr]:      606.036
[1475 sec, 37906088 itr]:      606.036
[ optimality gap       ]:      100.00%
[1476 sec, 37934516 itr]:      606.036
[1477 sec, 37963748 itr]:      606.036
[1478 sec, 37992873 itr]:      606.036
[1479 sec, 38022023 itr]:      606.036
[1480 sec, 38050163 itr]:      606.036
[1481 sec, 38079416 itr]:      606.036
[1482 sec, 38107984 itr]:      606.036
[1483 sec, 38136226 itr]:      606.036
[1484 sec, 38165445 itr]:      606.036
[1485 sec, 38193924 itr]:      606.036
[ optimality gap       ]:      100.00%
[1486 sec, 38222582 itr]:      606.036
[1487 sec, 38222582 itr]:      606.036
[1488 sec, 38281282 itr]:      606.036
[1489 sec, 38310931 itr]:      606.036
[1490 sec, 38339945 itr]:      606.036
[1491 sec, 38369265 itr]:      606.036
[1492 sec, 38398575 itr]:      606.036
[1493 sec, 38428250 itr]:      606.036
[1494 sec, 38457906 itr]:      606.036
[1495 sec, 38487195 itr]:      606.036
[ optimality gap       ]:      100.00%
[1496 sec, 38516608 itr]:      606.036
[1497 sec, 38516608 itr]:      606.036
[1498 sec, 38575045 itr]:      606.036
[1499 sec, 38604584 itr]:      606.036
[1500 sec, 38634049 itr]:      606.036
[1501 sec, 38662524 itr]:      606.036
[1502 sec, 38662524 itr]:      606.036
[1503 sec, 38720529 itr]:      606.036
[1504 sec, 38749364 itr]:      606.036
[1505 sec, 38778482 itr]:      606.036
[ optimality gap       ]:      100.00%
[1506 sec, 38807821 itr]:      606.036
[1507 sec, 38838560 itr]:      606.036
[1508 sec, 38867151 itr]:      606.036
[1509 sec, 38896039 itr]:      606.036
[1510 sec, 38926331 itr]:      606.036
[1511 sec, 38955061 itr]:      606.036
[1512 sec, 38955061 itr]:      606.036
[1513 sec, 39013455 itr]:      606.036
[1514 sec, 39043382 itr]:      606.036
[1515 sec, 39072984 itr]:      606.036
[ optimality gap       ]:      100.00%
[1516 sec, 39102362 itr]:      606.036
[1517 sec, 39131997 itr]:      606.036
[1518 sec, 39161560 itr]:      606.036
[1519 sec, 39191473 itr]:      606.036
[1520 sec, 39221412 itr]:      606.036
[1521 sec, 39251043 itr]:      606.036
[1522 sec, 39280877 itr]:      606.036
[1523 sec, 39310084 itr]:      606.036
[1524 sec, 39339899 itr]:      606.036
[1525 sec, 39369780 itr]:      606.036
[ optimality gap       ]:      100.00%
[1526 sec, 39398619 itr]:      606.036
[1527 sec, 39428045 itr]:      606.036
[1528 sec, 39458234 itr]:      606.036
[1529 sec, 39486725 itr]:      606.036
[1530 sec, 39517276 itr]:      606.036
[1531 sec, 39517276 itr]:      606.036
[1532 sec, 39576373 itr]:      606.036
[1533 sec, 39606284 itr]:      606.036
[1534 sec, 39636082 itr]:      606.036
[1535 sec, 39664025 itr]:      606.036
[ optimality gap       ]:      100.00%
[1536 sec, 39664025 itr]:      606.036
[1537 sec, 39721678 itr]:      606.036
[1538 sec, 39751509 itr]:      606.036
[1539 sec, 39780659 itr]:      606.036
[1540 sec, 39809686 itr]:      606.036
[1541 sec, 39838553 itr]:      606.036
[1542 sec, 39867742 itr]:      606.036
[1543 sec, 39896559 itr]:      606.036
[1544 sec, 39925737 itr]:      606.036
[1545 sec, 39954084 itr]:      606.036
[ optimality gap       ]:      100.00%
[1546 sec, 39983480 itr]:      606.036
[1547 sec, 40013115 itr]:      606.036
[1548 sec, 40043153 itr]:      606.036
[1549 sec, 40043153 itr]:      606.036
[1550 sec, 40101403 itr]:      606.036
[1551 sec, 40131071 itr]:      606.036
[1552 sec, 40131071 itr]:      606.036
[1553 sec, 40190088 itr]:      606.036
[1554 sec, 40219222 itr]:      606.036
[1555 sec, 40248178 itr]:      606.036
[ optimality gap       ]:      100.00%
[1556 sec, 40248178 itr]:      606.036
[1557 sec, 40309187 itr]:      606.036
[1558 sec, 40338503 itr]:      606.036
[1559 sec, 40367558 itr]:      606.036
[1560 sec, 40396327 itr]:      606.036
[1561 sec, 40426499 itr]:      606.036
[1562 sec, 40455808 itr]:      606.036
[1563 sec, 40484874 itr]:      606.036
[1564 sec, 40515612 itr]:      606.036
[1565 sec, 40545148 itr]:      606.036
[ optimality gap       ]:      100.00%
[1566 sec, 40574096 itr]:      606.036
[1567 sec, 40603452 itr]:      606.036
[1568 sec, 40633524 itr]:      606.036
[1569 sec, 40633524 itr]:      606.036
[1570 sec, 40693026 itr]:      606.036
[1571 sec, 40721849 itr]:      606.036
[1572 sec, 40752354 itr]:      606.036
[1573 sec, 40783421 itr]:      606.036
[1574 sec, 40813830 itr]:      606.036
[1575 sec, 40843927 itr]:      606.036
[ optimality gap       ]:      100.00%
[1576 sec, 40873623 itr]:      606.036
[1577 sec, 40903414 itr]:      606.036
[1578 sec, 40933833 itr]:      606.036
[1579 sec, 40933833 itr]:      606.036
[1580 sec, 40992883 itr]:      606.036
[1581 sec, 41023155 itr]:      606.036
[1582 sec, 41053387 itr]:      606.036
[1583 sec, 41053387 itr]:      606.036
[1584 sec, 41112214 itr]:      606.036
[1585 sec, 41112214 itr]:      606.036
[ optimality gap       ]:      100.00%
[1586 sec, 41173846 itr]:      606.036
[1587 sec, 41204120 itr]:      606.036
[1588 sec, 41235089 itr]:      606.036
[1589 sec, 41264512 itr]:      606.036
[1590 sec, 41293196 itr]:      606.036
[1591 sec, 41322610 itr]:      606.036
[1592 sec, 41322610 itr]:      606.036
[1593 sec, 41381776 itr]:      606.036
[1594 sec, 41411187 itr]:      606.036
[1595 sec, 41441574 itr]:      606.036
[ optimality gap       ]:      100.00%
[1596 sec, 41472200 itr]:      606.036
[1597 sec, 41502312 itr]:      606.036
[1598 sec, 41532435 itr]:      606.036
[1599 sec, 41563075 itr]:      606.036
[1600 sec, 41593336 itr]:      606.036
[1601 sec, 41623334 itr]:      606.036
[1602 sec, 41653701 itr]:      606.036
[1603 sec, 41683829 itr]:      606.036
[1604 sec, 41713355 itr]:      606.036
[1605 sec, 41743581 itr]:      606.036
[ optimality gap       ]:      100.00%
[1606 sec, 41773521 itr]:      606.036
[1607 sec, 41803477 itr]:      606.036
[1608 sec, 41834022 itr]:      606.036
[1609 sec, 41862741 itr]:      606.036
[1610 sec, 41862741 itr]:      606.036
[1611 sec, 41922035 itr]:      606.036
[1612 sec, 41951069 itr]:      606.036
[1613 sec, 41980704 itr]:      606.036
[1614 sec, 42010444 itr]:      606.036
[1615 sec, 42010444 itr]:      606.036
[ optimality gap       ]:      100.00%
[1616 sec, 42069822 itr]:      606.036
[1617 sec, 42099569 itr]:      606.036
[1618 sec, 42129598 itr]:      606.036
[1619 sec, 42159684 itr]:      606.036
[1620 sec, 42189526 itr]:      606.036
[1621 sec, 42218309 itr]:      606.036
[1622 sec, 42248269 itr]:      606.036
[1623 sec, 42278256 itr]:      606.036
[1624 sec, 42308391 itr]:      606.036
[1625 sec, 42338556 itr]:      606.036
[ optimality gap       ]:      100.00%
[1626 sec, 42368117 itr]:      606.036
[1627 sec, 42398006 itr]:      606.036
[1628 sec, 42428539 itr]:      606.036
[1629 sec, 42459841 itr]:      606.036
[1630 sec, 42490551 itr]:      606.036
[1631 sec, 42521620 itr]:      606.036
[1632 sec, 42551945 itr]:      606.036
[1633 sec, 42581993 itr]:      606.036
[1634 sec, 42611926 itr]:      606.036
[1635 sec, 42641959 itr]:      606.036
[ optimality gap       ]:      100.00%
[1636 sec, 42671547 itr]:      606.036
[1637 sec, 42671547 itr]:      606.036
[1638 sec, 42731104 itr]:      606.036
[1639 sec, 42731104 itr]:      606.036
[1640 sec, 42790313 itr]:      606.036
[1641 sec, 42819587 itr]:      606.036
[1642 sec, 42819587 itr]:      606.036
[1643 sec, 42878182 itr]:      606.036
[1644 sec, 42878182 itr]:      606.036
[1645 sec, 42936769 itr]:      606.036
[ optimality gap       ]:      100.00%
[1646 sec, 42965996 itr]:      606.036
[1647 sec, 42965996 itr]:      606.036
[1648 sec, 43026514 itr]:      606.036
[1649 sec, 43057918 itr]:      606.036
[1650 sec, 43087723 itr]:      606.036
[1651 sec, 43117121 itr]:      606.036
[1652 sec, 43146207 itr]:      606.036
[1653 sec, 43176071 itr]:      606.036
[1654 sec, 43205814 itr]:      606.036
[1655 sec, 43235382 itr]:      606.036
[ optimality gap       ]:      100.00%
[1656 sec, 43265292 itr]:      606.036
[1657 sec, 43295228 itr]:      606.036
[1658 sec, 43324808 itr]:      606.036
[1659 sec, 43353331 itr]:      606.036
[1660 sec, 43383079 itr]:      606.036
[1661 sec, 43412388 itr]:      606.036
[1662 sec, 43441866 itr]:      606.036
[1663 sec, 43471859 itr]:      606.036
[1664 sec, 43471859 itr]:      606.036
[1665 sec, 43532331 itr]:      606.036
[ optimality gap       ]:      100.00%
[1666 sec, 43563738 itr]:      606.036
[1667 sec, 43594116 itr]:      606.036
[1668 sec, 43623834 itr]:      606.036
[1669 sec, 43653116 itr]:      606.036
[1670 sec, 43682548 itr]:      606.036
[1671 sec, 43711950 itr]:      606.036
[1672 sec, 43740498 itr]:      606.036
[1673 sec, 43769805 itr]:      606.036
[1674 sec, 43798525 itr]:      606.036
[1675 sec, 43828259 itr]:      606.036
[ optimality gap       ]:      100.00%
[1676 sec, 43857596 itr]:      606.036
[1677 sec, 43887178 itr]:      606.036
[1678 sec, 43916771 itr]:      606.036
[1679 sec, 43947263 itr]:      606.036
[1680 sec, 43977309 itr]:      606.036
[1681 sec, 44006862 itr]:      606.036
[1682 sec, 44039295 itr]:      606.036
[1683 sec, 44071079 itr]:      606.036
[1684 sec, 44103504 itr]:      606.036
[1685 sec, 44135176 itr]:      606.036
[ optimality gap       ]:      100.00%
[1686 sec, 44165462 itr]:      606.036
[1687 sec, 44195953 itr]:      606.036
[1688 sec, 44227494 itr]:      606.036
[1689 sec, 44259119 itr]:      606.036
[1690 sec, 44291091 itr]:      606.036
[1691 sec, 44291091 itr]:      606.036
[1692 sec, 44354084 itr]:      606.036
[1693 sec, 44385828 itr]:      606.036
[1694 sec, 44416633 itr]:      606.036
[1695 sec, 44447080 itr]:      606.036
[ optimality gap       ]:      100.00%
[1696 sec, 44447080 itr]:      606.036
[1697 sec, 44478075 itr]:      606.036
[1698 sec, 44509720 itr]:      606.036
[1699 sec, 44572896 itr]:      606.036
[1700 sec, 44603607 itr]:      606.036
[1701 sec, 44635017 itr]:      606.036
[1702 sec, 44635017 itr]:      606.036
[1703 sec, 44697584 itr]:      606.036
[1704 sec, 44729056 itr]:      606.036
[1705 sec, 44758457 itr]:      606.036
[ optimality gap       ]:      100.00%
[1706 sec, 44788262 itr]:      606.036
[1707 sec, 44817523 itr]:      606.036
[1708 sec, 44847685 itr]:      606.036
[1709 sec, 44877640 itr]:      606.036
[1710 sec, 44906976 itr]:      606.036
[1711 sec, 44936151 itr]:      606.036
[1712 sec, 44965713 itr]:      606.036
[1713 sec, 44995820 itr]:      606.036
[1714 sec, 45024210 itr]:      606.036
[1715 sec, 45053425 itr]:      606.036
[ optimality gap       ]:      100.00%
[1716 sec, 45083363 itr]:      606.036
[1717 sec, 45112715 itr]:      606.036
[1718 sec, 45141516 itr]:      606.036
[1719 sec, 45172428 itr]:      606.036
[1720 sec, 45203144 itr]:      606.036
[1721 sec, 45235069 itr]:      606.036
[1722 sec, 45266626 itr]:      606.036
[1723 sec, 45266626 itr]:      606.036
[1724 sec, 45330069 itr]:      606.036
[1725 sec, 45362356 itr]:      606.036
[ optimality gap       ]:      100.00%
[1726 sec, 45362356 itr]:      606.036
[1727 sec, 45426620 itr]:      606.036
[1728 sec, 45459652 itr]:      606.036
[1729 sec, 45459652 itr]:      606.036
[1730 sec, 45523478 itr]:      606.036
[1731 sec, 45523478 itr]:      606.036
[1732 sec, 45556039 itr]:      606.036
[1733 sec, 45587521 itr]:      606.036
[1734 sec, 45619244 itr]:      606.036
[1735 sec, 45681021 itr]:      606.036
[ optimality gap       ]:      100.00%
[1736 sec, 45681021 itr]:      606.036
[1737 sec, 45712039 itr]:      606.036
[1738 sec, 45775480 itr]:      606.036
[1739 sec, 45806683 itr]:      606.036
[1740 sec, 45838047 itr]:      606.036
[1741 sec, 45869196 itr]:      606.036
[1742 sec, 45900558 itr]:      606.036
[1743 sec, 45900558 itr]:      606.036
[1744 sec, 45932424 itr]:      606.036
[1745 sec, 45996302 itr]:      606.036
[ optimality gap       ]:      100.00%
[1746 sec, 46027282 itr]:      606.036
[1747 sec, 46059045 itr]:      606.036
[1748 sec, 46059045 itr]:      606.036
[1749 sec, 46090266 itr]:      606.036
[1750 sec, 46152432 itr]:      606.036
[1751 sec, 46183037 itr]:      606.036
[1752 sec, 46213856 itr]:      606.036
[1753 sec, 46245659 itr]:      606.036
[1754 sec, 46277252 itr]:      606.036
[1755 sec, 46308364 itr]:      606.036
[ optimality gap       ]:      100.00%
[1756 sec, 46340101 itr]:      606.036
[1757 sec, 46371673 itr]:      606.036
[1758 sec, 46371673 itr]:      606.036
[1759 sec, 46402576 itr]:      606.036
[1760 sec, 46466048 itr]:      606.036
[1761 sec, 46496900 itr]:      606.036
[1762 sec, 46528167 itr]:      606.036
[1763 sec, 46559522 itr]:      606.036
[1764 sec, 46559522 itr]:      606.036
[1765 sec, 46622183 itr]:      606.036
[ optimality gap       ]:      100.00%
[1766 sec, 46653448 itr]:      606.036
[1767 sec, 46685896 itr]:      606.036
[1768 sec, 46717994 itr]:      606.036
[1769 sec, 46749858 itr]:      606.036
[1770 sec, 46781664 itr]:      606.036
[1771 sec, 46781664 itr]:      606.036
[1772 sec, 46846027 itr]:      606.036
[1773 sec, 46878546 itr]:      606.036
[1774 sec, 46878546 itr]:      606.036
[1775 sec, 46941913 itr]:      606.036
[ optimality gap       ]:      100.00%
[1776 sec, 46941913 itr]:      606.036
[1777 sec, 47004980 itr]:      606.036
[1778 sec, 47037024 itr]:      606.036
[1779 sec, 47068656 itr]:      606.036
[1780 sec, 47099968 itr]:      606.036
[1781 sec, 47131155 itr]:      606.036
[1782 sec, 47162418 itr]:      606.036
[1783 sec, 47162418 itr]:      606.036
[1784 sec, 47225236 itr]:      606.036
[1785 sec, 47256235 itr]:      606.036
[ optimality gap       ]:      100.00%
[1786 sec, 47256235 itr]:      606.036
[1787 sec, 47317080 itr]:      606.036
[1788 sec, 47317080 itr]:      606.036
[1789 sec, 47348206 itr]:      606.036
[1790 sec, 47411261 itr]:      606.036
[1791 sec, 47442739 itr]:      606.036
[1792 sec, 47474370 itr]:      606.036
[1793 sec, 47474370 itr]:      606.036
[1794 sec, 47505937 itr]:      606.036
[1795 sec, 47536716 itr]:      606.036
[ optimality gap       ]:      100.00%
[1796 sec, 47599825 itr]:      606.036
[1797 sec, 47599825 itr]:      606.036
[1798 sec, 47663840 itr]:      606.036
[1799 sec, 47663840 itr]:      606.036
[1800 sec, 47695607 itr]:      606.036
[1801 sec, 47759019 itr]:      606.036
[1802 sec, 47790159 itr]:      606.036
[1803 sec, 47821681 itr]:      606.036
[1804 sec, 47821681 itr]:      606.036
[1805 sec, 47885176 itr]:      606.036
[ optimality gap       ]:      100.00%
[1806 sec, 47916580 itr]:      606.036
[1807 sec, 47947789 itr]:      606.036
[1808 sec, 47947789 itr]:      606.036
[1809 sec, 48009488 itr]:      606.036
[1810 sec, 48009488 itr]:      606.036
[1811 sec, 48040819 itr]:      606.036
[1812 sec, 48104389 itr]:      606.036
[1813 sec, 48136459 itr]:      606.036
[1814 sec, 48167457 itr]:      606.036
[1815 sec, 48199052 itr]:      606.036
[ optimality gap       ]:      100.00%
[1816 sec, 48229998 itr]:      606.036
[1817 sec, 48229998 itr]:      606.036
[1818 sec, 48261574 itr]:      606.036
[1819 sec, 48293268 itr]:      606.036
[1820 sec, 48356142 itr]:      606.036
[1821 sec, 48388037 itr]:      606.036
[1822 sec, 48388037 itr]:      606.036
[1823 sec, 48420060 itr]:      606.036
[1824 sec, 48483553 itr]:      606.036
[1825 sec, 48515750 itr]:      606.036
[ optimality gap       ]:      100.00%
[1826 sec, 48515750 itr]:      606.036
[1827 sec, 48548668 itr]:      606.036
[1828 sec, 48613228 itr]:      606.036
[1829 sec, 48645843 itr]:      606.036
[1830 sec, 48645843 itr]:      606.036
[1831 sec, 48710756 itr]:      606.036
[1832 sec, 48742778 itr]:      606.036
[1833 sec, 48742778 itr]:      606.036
[1834 sec, 48773773 itr]:      606.036
[1835 sec, 48804983 itr]:      606.036
[ optimality gap       ]:      100.00%
[1836 sec, 48868802 itr]:      606.036
[1837 sec, 48900274 itr]:      606.036
[1838 sec, 48900274 itr]:      606.036
[1839 sec, 48931909 itr]:      606.036
[1840 sec, 48993539 itr]:      606.036
[1841 sec, 49025013 itr]:      606.036
[1842 sec, 49056753 itr]:      606.036
[1843 sec, 49088713 itr]:      606.036
[1844 sec, 49088713 itr]:      606.036
[1845 sec, 49151150 itr]:      606.036
[ optimality gap       ]:      100.00%
[1846 sec, 49151150 itr]:      606.036
[1847 sec, 49213395 itr]:      606.036
[1848 sec, 49245060 itr]:      606.036
[1849 sec, 49245060 itr]:      606.036
[1850 sec, 49276023 itr]:      606.036
[1851 sec, 49338104 itr]:      606.036
[1852 sec, 49338104 itr]:      606.036
[1853 sec, 49369699 itr]:      606.036
[1854 sec, 49433903 itr]:      606.036
[1855 sec, 49466815 itr]:      606.036
[ optimality gap       ]:      100.00%
[1856 sec, 49466815 itr]:      606.036
[1857 sec, 49530725 itr]:      606.036
[1858 sec, 49562872 itr]:      606.036
[1859 sec, 49562872 itr]:      606.036
[1860 sec, 49594843 itr]:      606.036
[1861 sec, 49659537 itr]:      606.036
[1862 sec, 49659537 itr]:      606.036
[1863 sec, 49723499 itr]:      606.036
[1864 sec, 49752516 itr]:      606.036
[1865 sec, 49780281 itr]:      606.036
[ optimality gap       ]:      100.00%
[1866 sec, 49808958 itr]:      606.036
[1867 sec, 49837824 itr]:      606.036
[1868 sec, 49867530 itr]:      606.036
[1869 sec, 49896909 itr]:      606.036
[1870 sec, 49924731 itr]:      606.036
[1871 sec, 49953658 itr]:      606.036
[1872 sec, 49982763 itr]:      606.036
[1873 sec, 50011264 itr]:      606.036
[1874 sec, 50011264 itr]:      606.036
[1875 sec, 50039052 itr]:      606.036
[ optimality gap       ]:      100.00%
[1876 sec, 50096041 itr]:      606.036
[1877 sec, 50123651 itr]:      606.036
[1878 sec, 50123651 itr]:      606.036
[1879 sec, 50180046 itr]:      606.036
[1880 sec, 50207840 itr]:      606.036
[1881 sec, 50236043 itr]:      606.036
[1882 sec, 50263983 itr]:      606.036
[1883 sec, 50292186 itr]:      606.036
[1884 sec, 50321423 itr]:      606.036
[1885 sec, 50348543 itr]:      606.036
[ optimality gap       ]:      100.00%
[1886 sec, 50375958 itr]:      606.036
[1887 sec, 50403350 itr]:      606.036
[1888 sec, 50431725 itr]:      606.036
[1889 sec, 50460562 itr]:      606.036
[1890 sec, 50488863 itr]:      606.036
[1891 sec, 50518825 itr]:      606.036
[1892 sec, 50548100 itr]:      606.036
[1893 sec, 50576460 itr]:      606.036
[1894 sec, 50576460 itr]:      606.036
[1895 sec, 50634679 itr]:      606.036
[ optimality gap       ]:      100.00%
[1896 sec, 50663656 itr]:      606.036
[1897 sec, 50691516 itr]:      606.036
[1898 sec, 50691516 itr]:      606.036
[1899 sec, 50749690 itr]:      606.036
[1900 sec, 50780005 itr]:      606.036
[1901 sec, 50809161 itr]:      606.036
[1902 sec, 50837234 itr]:      606.036
[1903 sec, 50864979 itr]:      606.036
[1904 sec, 50892832 itr]:      606.036
[1905 sec, 50920793 itr]:      606.036
[ optimality gap       ]:      100.00%
[1906 sec, 50951779 itr]:      606.036
[1907 sec, 50980500 itr]:      606.036
[1908 sec, 51008627 itr]:      606.036
[1909 sec, 51036418 itr]:      606.036
[1910 sec, 51064397 itr]:      606.036
[1911 sec, 51092516 itr]:      606.036
[1912 sec, 51121499 itr]:      606.036
[1913 sec, 51149592 itr]:      606.036
[1914 sec, 51177702 itr]:      606.036
[1915 sec, 51205618 itr]:      606.036
[ optimality gap       ]:      100.00%
[1916 sec, 51234362 itr]:      606.036
[1917 sec, 51264225 itr]:      606.036
[1918 sec, 51292814 itr]:      606.036
[1919 sec, 51321762 itr]:      606.036
[1920 sec, 51350739 itr]:      606.036
[1921 sec, 51381066 itr]:      606.036
[1922 sec, 51410613 itr]:      606.036
[1923 sec, 51438386 itr]:      606.036
[1924 sec, 51465931 itr]:      606.036
[1925 sec, 51495209 itr]:      606.036
[ optimality gap       ]:      100.00%
[1926 sec, 51523602 itr]:      606.036
[1927 sec, 51523602 itr]:      606.036
[1928 sec, 51580002 itr]:      606.036
[1929 sec, 51580002 itr]:      606.036
[1930 sec, 51638181 itr]:      606.036
[1931 sec, 51667143 itr]:      606.036
[1932 sec, 51696424 itr]:      606.036
[1933 sec, 51726968 itr]:      606.036
[1934 sec, 51756257 itr]:      606.036
[1935 sec, 51785066 itr]:      606.036
[ optimality gap       ]:      100.00%
[1936 sec, 51813351 itr]:      606.036
[1937 sec, 51841629 itr]:      606.036
[1938 sec, 51870106 itr]:      606.036
[1939 sec, 51898366 itr]:      606.036
[1940 sec, 51898366 itr]:      606.036
[1941 sec, 51958442 itr]:      606.036
[1942 sec, 51989759 itr]:      606.036
[1943 sec, 51989759 itr]:      606.036
[1944 sec, 52019030 itr]:      606.036
[1945 sec, 52078824 itr]:      606.036
[ optimality gap       ]:      100.00%
[1946 sec, 52078824 itr]:      606.036
[1947 sec, 52138039 itr]:      606.036
[1948 sec, 52167136 itr]:      606.036
[1949 sec, 52197537 itr]:      606.036
[1950 sec, 52197537 itr]:      606.036
[1951 sec, 52256398 itr]:      606.036
[1952 sec, 52286487 itr]:      606.036
[1953 sec, 52315477 itr]:      606.036
[1954 sec, 52343886 itr]:      606.036
[1955 sec, 52372550 itr]:      606.036
[ optimality gap       ]:      100.00%
[1956 sec, 52403368 itr]:      606.036
[1957 sec, 52433847 itr]:      606.036
[1958 sec, 52462954 itr]:      606.036
[1959 sec, 52491733 itr]:      606.036
[1960 sec, 52520547 itr]:      606.036
[1961 sec, 52549521 itr]:      606.036
[1962 sec, 52579355 itr]:      606.036
[1963 sec, 52610291 itr]:      606.036
[1964 sec, 52641798 itr]:      606.036
[1965 sec, 52671388 itr]:      606.036
[ optimality gap       ]:      100.00%
[1966 sec, 52701211 itr]:      606.036
[1967 sec, 52730486 itr]:      606.036
[1968 sec, 52760051 itr]:      606.036
[1969 sec, 52789758 itr]:      606.036
[1970 sec, 52789758 itr]:      606.036
[1971 sec, 52848970 itr]:      606.036
[1972 sec, 52881796 itr]:      606.036
[1973 sec, 52910918 itr]:      606.036
[1974 sec, 52941007 itr]:      606.036
[1975 sec, 52971448 itr]:      606.036
[ optimality gap       ]:      100.00%
[1976 sec, 53001903 itr]:      606.036
[1977 sec, 53033050 itr]:      606.036
[1978 sec, 53063980 itr]:      606.036
[1979 sec, 53094576 itr]:      606.036
[1980 sec, 53124370 itr]:      606.036
[1981 sec, 53152762 itr]:      606.036
[1982 sec, 53182206 itr]:      606.036
[1983 sec, 53212095 itr]:      606.036
[1984 sec, 53241356 itr]:      606.036
[1985 sec, 53271585 itr]:      606.036
[ optimality gap       ]:      100.00%
[1986 sec, 53300497 itr]:      606.036
[1987 sec, 53329302 itr]:      606.036
[1988 sec, 53359837 itr]:      606.036
[1989 sec, 53359837 itr]:      606.036
[1990 sec, 53420404 itr]:      606.036
[1991 sec, 53450136 itr]:      606.036
[1992 sec, 53480712 itr]:      606.036
[1993 sec, 53510032 itr]:      606.036
[1994 sec, 53538716 itr]:      606.036
[1995 sec, 53567538 itr]:      606.036
[ optimality gap       ]:      100.00%
[1996 sec, 53597718 itr]:      606.036
[1997 sec, 53627416 itr]:      606.036
[1998 sec, 53657346 itr]:      606.036
[1999 sec, 53657346 itr]:      606.036
[2000 sec, 53718035 itr]:      606.036
[2001 sec, 53747702 itr]:      606.036
[2002 sec, 53777541 itr]:      606.036
[2003 sec, 53777541 itr]:      606.036
[2004 sec, 53809027 itr]:      606.036
[2005 sec, 53868024 itr]:      606.036
[ optimality gap       ]:      100.00%
[2006 sec, 53897852 itr]:      606.036
[2007 sec, 53926589 itr]:      606.036
[2008 sec, 53956043 itr]:      606.036
[2009 sec, 53987326 itr]:      606.036
[2010 sec, 54016800 itr]:      606.036
[2011 sec, 54046792 itr]:      606.036
[2012 sec, 54078902 itr]:      606.036
[2013 sec, 54078902 itr]:      606.036
[2014 sec, 54140097 itr]:      606.036
[2015 sec, 54169686 itr]:      606.036
[ optimality gap       ]:      100.00%
[2016 sec, 54200409 itr]:      606.036
[2017 sec, 54200409 itr]:      606.036
[2018 sec, 54230329 itr]:      606.036
[2019 sec, 54259291 itr]:      606.036
[2020 sec, 54318441 itr]:      606.036
[2021 sec, 54347356 itr]:      606.036
[2022 sec, 54376643 itr]:      606.036
[2023 sec, 54405151 itr]:      606.036
[2024 sec, 54434151 itr]:      606.036
[2025 sec, 54465850 itr]:      606.036
[ optimality gap       ]:      100.00%
[2026 sec, 54498134 itr]:      606.036
[2027 sec, 54498134 itr]:      606.036
[2028 sec, 54555704 itr]:      606.036
[2029 sec, 54584395 itr]:      606.036
[2030 sec, 54613481 itr]:      606.036
[2031 sec, 54613481 itr]:      606.036
[2032 sec, 54672261 itr]:      606.036
[2033 sec, 54701385 itr]:      606.036
[2034 sec, 54730213 itr]:      606.036
[2035 sec, 54730213 itr]:      606.036
[ optimality gap       ]:      100.00%
[2036 sec, 54787485 itr]:      606.036
[2037 sec, 54817126 itr]:      606.036
[2038 sec, 54846404 itr]:      606.036
[2039 sec, 54876833 itr]:      606.036
[2040 sec, 54906743 itr]:      606.036
[2041 sec, 54906743 itr]:      606.036
[2042 sec, 54965467 itr]:      606.036
[2043 sec, 54965467 itr]:      606.036
[2044 sec, 55024128 itr]:      606.036
[2045 sec, 55024128 itr]:      606.036
[ optimality gap       ]:      100.00%
[2046 sec, 55084002 itr]:      606.036
[2047 sec, 55112834 itr]:      606.036
[2048 sec, 55142127 itr]:      606.036
[2049 sec, 55173142 itr]:      606.036
[2050 sec, 55173142 itr]:      606.036
[2051 sec, 55233499 itr]:      606.036
[2052 sec, 55263020 itr]:      606.036
[2053 sec, 55294480 itr]:      606.036
[2054 sec, 55324672 itr]:      606.036
[2055 sec, 55355779 itr]:      606.036
[ optimality gap       ]:      100.00%
[2056 sec, 55355779 itr]:      606.036
[2057 sec, 55416481 itr]:      606.036
[2058 sec, 55446650 itr]:      606.036
[2059 sec, 55476842 itr]:      606.036
[2060 sec, 55506034 itr]:      606.036
[2061 sec, 55535744 itr]:      606.036
[2062 sec, 55565931 itr]:      606.036
[2063 sec, 55565931 itr]:      606.036
[2064 sec, 55629186 itr]:      606.036
[2065 sec, 55660107 itr]:      606.036
[ optimality gap       ]:      100.00%
[2066 sec, 55691235 itr]:      606.036
[2067 sec, 55722622 itr]:      606.036
[2068 sec, 55722622 itr]:      606.036
[2069 sec, 55784492 itr]:      606.036
[2070 sec, 55814828 itr]:      606.036
[2071 sec, 55845484 itr]:      606.036
[2072 sec, 55876743 itr]:      606.036
[2073 sec, 55907443 itr]:      606.036
[2074 sec, 55938694 itr]:      606.036
[2075 sec, 55970176 itr]:      606.036
[ optimality gap       ]:      100.00%
[2076 sec, 56000613 itr]:      606.036
[2077 sec, 56030748 itr]:      606.036
[2078 sec, 56061009 itr]:      606.036
[2079 sec, 56092206 itr]:      606.036
[2080 sec, 56122812 itr]:      606.036
[2081 sec, 56122812 itr]:      606.036
[2082 sec, 56187883 itr]:      606.036
[2083 sec, 56217134 itr]:      606.036
[2084 sec, 56247138 itr]:      606.036
[2085 sec, 56278676 itr]:      606.036
[ optimality gap       ]:      100.00%
[2086 sec, 56309936 itr]:      606.036
[2087 sec, 56309936 itr]:      606.036
[2088 sec, 56370560 itr]:      606.036
[2089 sec, 56400500 itr]:      606.036
[2090 sec, 56431251 itr]:      606.036
[2091 sec, 56461859 itr]:      606.036
[2092 sec, 56491587 itr]:      606.036
[2093 sec, 56491587 itr]:      606.036
[2094 sec, 56553211 itr]:      606.036
[2095 sec, 56583455 itr]:      606.036
[ optimality gap       ]:      100.00%
[2096 sec, 56612884 itr]:      606.036
[2097 sec, 56644121 itr]:      606.036
[2098 sec, 56674469 itr]:      606.036
[2099 sec, 56705234 itr]:      606.036
[2100 sec, 56735358 itr]:      606.036
[2101 sec, 56765623 itr]:      606.036
[2102 sec, 56796027 itr]:      606.036
[2103 sec, 56825988 itr]:      606.036
[2104 sec, 56856101 itr]:      606.036
[2105 sec, 56885676 itr]:      606.036
[ optimality gap       ]:      100.00%
[2106 sec, 56917341 itr]:      606.036
[2107 sec, 56947057 itr]:      606.036
[2108 sec, 56977307 itr]:      606.036
[2109 sec, 57007964 itr]:      606.036
[2110 sec, 57007964 itr]:      606.036
[2111 sec, 57069398 itr]:      606.036
[2112 sec, 57100818 itr]:      606.036
[2113 sec, 57131441 itr]:      606.036
[2114 sec, 57164517 itr]:      606.036
[2115 sec, 57194330 itr]:      606.036
[ optimality gap       ]:      100.00%
[2116 sec, 57222931 itr]:      606.036
[2117 sec, 57252517 itr]:      606.036
[2118 sec, 57252517 itr]:      606.036
[2119 sec, 57314251 itr]:      606.036
[2120 sec, 57344252 itr]:      606.036
[2121 sec, 57375160 itr]:      606.036
[2122 sec, 57405410 itr]:      606.036
[2123 sec, 57435133 itr]:      606.036
[2124 sec, 57435133 itr]:      606.036
[2125 sec, 57497344 itr]:      606.036
[ optimality gap       ]:      100.00%
[2126 sec, 57497344 itr]:      606.036
[2127 sec, 57558236 itr]:      606.036
[2128 sec, 57558236 itr]:      606.036
[2129 sec, 57617217 itr]:      606.036
[2130 sec, 57646436 itr]:      606.036
[2131 sec, 57676431 itr]:      606.036
[2132 sec, 57707010 itr]:      606.036
[2133 sec, 57735647 itr]:      606.036
[2134 sec, 57767950 itr]:      606.036
[2135 sec, 57798245 itr]:      606.036
[ optimality gap       ]:      100.00%
[2136 sec, 57827784 itr]:      606.036
[2137 sec, 57857346 itr]:      606.036
[2138 sec, 57887564 itr]:      606.036
[2139 sec, 57887564 itr]:      606.036
[2140 sec, 57917215 itr]:      606.036
[2141 sec, 57975121 itr]:      606.036
[2142 sec, 57975121 itr]:      606.036
[2143 sec, 58031650 itr]:      606.036
[2144 sec, 58060363 itr]:      606.036
[2145 sec, 58092154 itr]:      606.036
[ optimality gap       ]:      100.00%
[2146 sec, 58122484 itr]:      606.036
[2147 sec, 58152407 itr]:      606.036
[2148 sec, 58181742 itr]:      606.036
[2149 sec, 58212366 itr]:      606.036
[2150 sec, 58242146 itr]:      606.036
[2151 sec, 58272072 itr]:      606.036
[2152 sec, 58302882 itr]:      606.036
[2153 sec, 58333551 itr]:      606.036
[2154 sec, 58364375 itr]:      606.036
[2155 sec, 58394932 itr]:      606.036
[ optimality gap       ]:      100.00%
[2156 sec, 58425538 itr]:      606.036
[2157 sec, 58456012 itr]:      606.036
[2158 sec, 58486264 itr]:      606.036
[2159 sec, 58517493 itr]:      606.036
[2160 sec, 58547616 itr]:      606.036
[2161 sec, 58577735 itr]:      606.036
[2162 sec, 58607868 itr]:      606.036
[2163 sec, 58638372 itr]:      606.036
[2164 sec, 58667667 itr]:      606.036
[2165 sec, 58667667 itr]:      606.036
[ optimality gap       ]:      100.00%
[2166 sec, 58728746 itr]:      606.036
[2167 sec, 58760210 itr]:      606.036
[2168 sec, 58790717 itr]:      606.036
[2169 sec, 58790717 itr]:      606.036
[2170 sec, 58850268 itr]:      606.036
[2171 sec, 58879770 itr]:      606.036
[2172 sec, 58911357 itr]:      606.036
[2173 sec, 58941105 itr]:      606.036
[2174 sec, 58941105 itr]:      606.036
[2175 sec, 59001046 itr]:      606.036
[ optimality gap       ]:      100.00%
[2176 sec, 59031259 itr]:      606.036
[2177 sec, 59031259 itr]:      606.036
[2178 sec, 59090411 itr]:      606.036
[2179 sec, 59090411 itr]:      606.036
[2180 sec, 59152037 itr]:      606.036
[2181 sec, 59152037 itr]:      606.036
[2182 sec, 59216128 itr]:      606.036
[2183 sec, 59216128 itr]:      606.036
[2184 sec, 59276412 itr]:      606.036
[2185 sec, 59306623 itr]:      606.036
[ optimality gap       ]:      100.00%
[2186 sec, 59306623 itr]:      606.036
[2187 sec, 59369628 itr]:      606.036
[2188 sec, 59369628 itr]:      606.036
[2189 sec, 59399150 itr]:      606.036
[2190 sec, 59458468 itr]:      606.036
[2191 sec, 59487423 itr]:      606.036
[2192 sec, 59517458 itr]:      606.036
[2193 sec, 59549195 itr]:      606.036
[2194 sec, 59580167 itr]:      606.036
[2195 sec, 59609593 itr]:      606.036
[ optimality gap       ]:      100.00%
[2196 sec, 59639995 itr]:      606.036
[2197 sec, 59670126 itr]:      606.036
[2198 sec, 59700551 itr]:      606.036
[2199 sec, 59700551 itr]:      606.036
[2200 sec, 59759301 itr]:      606.036
[2201 sec, 59759301 itr]:      606.036
[2202 sec, 59820522 itr]:      606.036
[2203 sec, 59850500 itr]:      606.036
[2204 sec, 59880260 itr]:      606.036
[2205 sec, 59911320 itr]:      606.036
[ optimality gap       ]:      100.00%
[2206 sec, 59942484 itr]:      606.036
[2207 sec, 59971924 itr]:      606.036
[2208 sec, 60001561 itr]:      606.036
[2209 sec, 60030896 itr]:      606.036
[2210 sec, 60060269 itr]:      606.036
[2211 sec, 60093264 itr]:      606.036
[2212 sec, 60122370 itr]:      606.036
[2213 sec, 60152341 itr]:      606.036
[2214 sec, 60183228 itr]:      606.036
[2215 sec, 60213313 itr]:      606.036
[ optimality gap       ]:      100.00%
[2216 sec, 60243815 itr]:      606.036
[2217 sec, 60275125 itr]:      606.036
[2218 sec, 60305301 itr]:      606.036
[2219 sec, 60335404 itr]:      606.036
[2220 sec, 60365826 itr]:      606.036
[2221 sec, 60397208 itr]:      606.036
[2222 sec, 60426462 itr]:      606.036
[2223 sec, 60455026 itr]:      606.036
[2224 sec, 60484141 itr]:      606.036
[2225 sec, 60514381 itr]:      606.036
[ optimality gap       ]:      100.00%
[2226 sec, 60545737 itr]:      606.036
[2227 sec, 60576612 itr]:      606.036
[2228 sec, 60607286 itr]:      606.036
[2229 sec, 60637525 itr]:      606.036
[2230 sec, 60669043 itr]:      606.036
[2231 sec, 60669043 itr]:      606.036
[2232 sec, 60702004 itr]:      606.036
[2233 sec, 60762842 itr]:      606.036
[2234 sec, 60793790 itr]:      606.036
[2235 sec, 60823521 itr]:      606.036
[ optimality gap       ]:      100.00%
[2236 sec, 60854018 itr]:      606.036
[2237 sec, 60885101 itr]:      606.036
[2238 sec, 60915914 itr]:      606.036
[2239 sec, 60946338 itr]:      606.036
[2240 sec, 60977543 itr]:      606.036
[2241 sec, 61009077 itr]:      606.036
[2242 sec, 61040835 itr]:      606.036
[2243 sec, 61071818 itr]:      606.036
[2244 sec, 61102225 itr]:      606.036
[2245 sec, 61132559 itr]:      606.036
[ optimality gap       ]:      100.00%
[2246 sec, 61164757 itr]:      606.036
[2247 sec, 61196840 itr]:      606.036
[2248 sec, 61227946 itr]:      606.036
[2249 sec, 61258562 itr]:      606.036
[2250 sec, 61258562 itr]:      606.036
[2251 sec, 61321171 itr]:      606.036
[2252 sec, 61350561 itr]:      606.036
[2253 sec, 61379594 itr]:      606.036
[2254 sec, 61409894 itr]:      606.036
[2255 sec, 61441874 itr]:      606.036
[ optimality gap       ]:      100.00%
[2256 sec, 61472512 itr]:      606.036
[2257 sec, 61502442 itr]:      606.036
[2258 sec, 61531712 itr]:      606.036
[2259 sec, 61562132 itr]:      606.036
[2260 sec, 61592458 itr]:      606.036
[2261 sec, 61623095 itr]:      606.036
[2262 sec, 61652921 itr]:      606.036
[2263 sec, 61684071 itr]:      606.036
[2264 sec, 61715599 itr]:      606.036
[2265 sec, 61747117 itr]:      606.036
[ optimality gap       ]:      100.00%
[2266 sec, 61777465 itr]:      606.036
[2267 sec, 61808096 itr]:      606.036
[2268 sec, 61838739 itr]:      606.036
[2269 sec, 61868290 itr]:      606.036
[2270 sec, 61898983 itr]:      606.036
[2271 sec, 61929542 itr]:      606.036
[2272 sec, 61958872 itr]:      606.036
[2273 sec, 61989570 itr]:      606.036
[2274 sec, 62019418 itr]:      606.036
[2275 sec, 62049346 itr]:      606.036
[ optimality gap       ]:      100.00%
[2276 sec, 62080747 itr]:      606.036
[2277 sec, 62111662 itr]:      606.036
[2278 sec, 62141707 itr]:      606.036
[2279 sec, 62171969 itr]:      606.036
[2280 sec, 62200864 itr]:      606.036
[2281 sec, 62231199 itr]:      606.036
[2282 sec, 62261200 itr]:      606.036
[2283 sec, 62291633 itr]:      606.036
[2284 sec, 62320851 itr]:      606.036
[2285 sec, 62350841 itr]:      606.036
[ optimality gap       ]:      100.00%
[2286 sec, 62380940 itr]:      606.036
[2287 sec, 62409515 itr]:      606.036
[2288 sec, 62439170 itr]:      606.036
[2289 sec, 62470363 itr]:      606.036
[2290 sec, 62500467 itr]:      606.036
[2291 sec, 62500467 itr]:      606.036
[2292 sec, 62559429 itr]:      606.036
[2293 sec, 62589213 itr]:      606.036
[2294 sec, 62589213 itr]:      606.036
[2295 sec, 62650849 itr]:      606.036
[ optimality gap       ]:      100.00%
[2296 sec, 62650849 itr]:      606.036
[2297 sec, 62683215 itr]:      606.036
[2298 sec, 62745195 itr]:      606.036
[2299 sec, 62775346 itr]:      606.036
[2300 sec, 62807787 itr]:      606.036
[2301 sec, 62838891 itr]:      606.036
[2302 sec, 62868676 itr]:      606.036
[2303 sec, 62899252 itr]:      606.036
[2304 sec, 62930249 itr]:      606.036
[2305 sec, 62960136 itr]:      606.036
[ optimality gap       ]:      100.00%
[2306 sec, 62989036 itr]:      606.036
[2307 sec, 63019204 itr]:      606.036
[2308 sec, 63049655 itr]:      606.036
[2309 sec, 63081051 itr]:      606.036
[2310 sec, 63111027 itr]:      606.036
[2311 sec, 63141342 itr]:      606.036
[2312 sec, 63171984 itr]:      606.036
[2313 sec, 63203636 itr]:      606.036
[2314 sec, 63234090 itr]:      606.036
[2315 sec, 63264299 itr]:      606.036
[ optimality gap       ]:      100.00%
[2316 sec, 63264299 itr]:      606.036
[2317 sec, 63324547 itr]:      606.036
[2318 sec, 63324547 itr]:      606.036
[2319 sec, 63385729 itr]:      606.036
[2320 sec, 63417171 itr]:      606.036
[2321 sec, 63447141 itr]:      606.036
[2322 sec, 63476395 itr]:      606.036
[2323 sec, 63476395 itr]:      606.036
[2324 sec, 63506002 itr]:      606.036
[2325 sec, 63566410 itr]:      606.036
[ optimality gap       ]:      100.00%
[2326 sec, 63566410 itr]:      606.036
[2327 sec, 63626099 itr]:      606.036
[2328 sec, 63656173 itr]:      606.036
[2329 sec, 63686679 itr]:      606.036
[2330 sec, 63686679 itr]:      606.036
[2331 sec, 63747283 itr]:      606.036
[2332 sec, 63747283 itr]:      606.036
[2333 sec, 63809900 itr]:      606.036
[2334 sec, 63841653 itr]:      606.036
[2335 sec, 63874239 itr]:      606.036
[ optimality gap       ]:      100.00%
[2336 sec, 63906420 itr]:      606.036
[2337 sec, 63939366 itr]:      606.036
[2338 sec, 63968883 itr]:      606.036
[2339 sec, 63999001 itr]:      606.036
[2340 sec, 64029138 itr]:      606.036
[2341 sec, 64059249 itr]:      606.036
[2342 sec, 64089362 itr]:      606.036
[2343 sec, 64120657 itr]:      606.036
[2344 sec, 64150680 itr]:      606.036
[2345 sec, 64181991 itr]:      606.036
[ optimality gap       ]:      100.00%
[2346 sec, 64212943 itr]:      606.036
[2347 sec, 64243612 itr]:      606.036
[2348 sec, 64273574 itr]:      606.036
[2349 sec, 64302884 itr]:      606.036
[2350 sec, 64332626 itr]:      606.036
[2351 sec, 64332626 itr]:      606.036
[2352 sec, 64392401 itr]:      606.036
[2353 sec, 64422377 itr]:      606.036
[2354 sec, 64452805 itr]:      606.036
[2355 sec, 64483964 itr]:      606.036
[ optimality gap       ]:      100.00%
[2356 sec, 64514291 itr]:      606.036
[2357 sec, 64544693 itr]:      606.036
[2358 sec, 64575459 itr]:      606.036
[2359 sec, 64605372 itr]:      606.036
[2360 sec, 64637268 itr]:      606.036
[2361 sec, 64669468 itr]:      606.036
[2362 sec, 64699636 itr]:      606.036
[2363 sec, 64730820 itr]:      606.036
[2364 sec, 64762481 itr]:      606.036
[2365 sec, 64792151 itr]:      606.036
[ optimality gap       ]:      100.00%
[2366 sec, 64821687 itr]:      606.036
[2367 sec, 64851699 itr]:      606.036
[2368 sec, 64880682 itr]:      606.036
[2369 sec, 64910155 itr]:      606.036
[2370 sec, 64939824 itr]:      606.036
[2371 sec, 64970306 itr]:      606.036
[2372 sec, 64999712 itr]:      606.036
[2373 sec, 65029147 itr]:      606.036
[2374 sec, 65058229 itr]:      606.036
[2375 sec, 65088743 itr]:      606.036
[ optimality gap       ]:      100.00%
[2376 sec, 65117736 itr]:      606.036
[2377 sec, 65146700 itr]:      606.036
[2378 sec, 65177452 itr]:      606.036
[2379 sec, 65208167 itr]:      606.036
[2380 sec, 65240871 itr]:      606.036
[2381 sec, 65273435 itr]:      606.036
[2382 sec, 65302122 itr]:      606.036
[2383 sec, 65330448 itr]:      606.036
[2384 sec, 65359333 itr]:      606.036
[2385 sec, 65359333 itr]:      606.036
[ optimality gap       ]:      100.00%
[2386 sec, 65418022 itr]:      606.036
[2387 sec, 65448585 itr]:      606.036
[2388 sec, 65478985 itr]:      606.036
[2389 sec, 65509869 itr]:      606.036
[2390 sec, 65538997 itr]:      606.036
[2391 sec, 65568729 itr]:      606.036
[2392 sec, 65598979 itr]:      606.036
[2393 sec, 65630084 itr]:      606.036
[2394 sec, 65659432 itr]:      606.036
[2395 sec, 65688697 itr]:      606.036
[ optimality gap       ]:      100.00%
[2396 sec, 65718875 itr]:      606.036
[2397 sec, 65748317 itr]:      606.036
[2398 sec, 65781019 itr]:      606.036
[2399 sec, 65812208 itr]:      606.036
[2400 sec, 65841583 itr]:      606.036
[2401 sec, 65870454 itr]:      606.036
[2402 sec, 65899411 itr]:      606.036
[2403 sec, 65928371 itr]:      606.036
[2404 sec, 65957825 itr]:      606.036
[2405 sec, 65986847 itr]:      606.036
[ optimality gap       ]:      100.00%
[2406 sec, 66016367 itr]:      606.036
[2407 sec, 66046535 itr]:      606.036
[2408 sec, 66076299 itr]:      606.036
[2409 sec, 66105897 itr]:      606.036
[2410 sec, 66136283 itr]:      606.036
[2411 sec, 66167411 itr]:      606.036
[2412 sec, 66196542 itr]:      606.036
[2413 sec, 66224752 itr]:      606.036
[2414 sec, 66254042 itr]:      606.036
[2415 sec, 66283557 itr]:      606.036
[ optimality gap       ]:      100.00%
[2416 sec, 66312786 itr]:      606.036
[2417 sec, 66342553 itr]:      606.036
[2418 sec, 66371494 itr]:      606.036
[2419 sec, 66400588 itr]:      606.036
[2420 sec, 66430295 itr]:      606.036
[2421 sec, 66459654 itr]:      606.036
[2422 sec, 66490476 itr]:      606.036
[2423 sec, 66490476 itr]:      606.036
[2424 sec, 66521608 itr]:      606.036
[2425 sec, 66582582 itr]:      606.036
[ optimality gap       ]:      100.00%
[2426 sec, 66612246 itr]:      606.036
[2427 sec, 66612246 itr]:      606.036
[2428 sec, 66672024 itr]:      606.036
[2429 sec, 66701123 itr]:      606.036
[2430 sec, 66730476 itr]:      606.036
[2431 sec, 66759566 itr]:      606.036
[2432 sec, 66788718 itr]:      606.036
[2433 sec, 66819226 itr]:      606.036
[2434 sec, 66819226 itr]:      606.036
[2435 sec, 66878183 itr]:      606.036
[ optimality gap       ]:      100.00%
[2436 sec, 66907183 itr]:      606.036
[2437 sec, 66936360 itr]:      606.036
[2438 sec, 66966870 itr]:      606.036
[2439 sec, 66995893 itr]:      606.036
[2440 sec, 67026369 itr]:      606.036
[2441 sec, 67057074 itr]:      606.036
[2442 sec, 67090299 itr]:      606.036
[2443 sec, 67120731 itr]:      606.036
[2444 sec, 67150870 itr]:      606.036
[2445 sec, 67180880 itr]:      606.036
[ optimality gap       ]:      100.00%
[2446 sec, 67211936 itr]:      606.036
[2447 sec, 67242882 itr]:      606.036
[2448 sec, 67272903 itr]:      606.036
[2449 sec, 67303062 itr]:      606.036
[2450 sec, 67333392 itr]:      606.036
[2451 sec, 67364105 itr]:      606.036
[2452 sec, 67393055 itr]:      606.036
[2453 sec, 67422470 itr]:      606.036
[2454 sec, 67452052 itr]:      606.036
[2455 sec, 67483303 itr]:      606.036
[ optimality gap       ]:      100.00%
[2456 sec, 67514280 itr]:      606.036
[2457 sec, 67544049 itr]:      606.036
[2458 sec, 67575513 itr]:      606.036
[2459 sec, 67605340 itr]:      606.036
[2460 sec, 67635262 itr]:      606.036
[2461 sec, 67665085 itr]:      606.036
[2462 sec, 67694742 itr]:      606.036
[2463 sec, 67726178 itr]:      606.036
[2464 sec, 67726178 itr]:      606.036
[2465 sec, 67785099 itr]:      606.036
[ optimality gap       ]:      100.00%
[2466 sec, 67785099 itr]:      606.036
[2467 sec, 67844456 itr]:      606.036
[2468 sec, 67874053 itr]:      606.036
[2469 sec, 67904355 itr]:      606.036
[2470 sec, 67934494 itr]:      606.036
[2471 sec, 67964638 itr]:      606.036
[2472 sec, 67994728 itr]:      606.036
[2473 sec, 68024601 itr]:      606.036
[2474 sec, 68053491 itr]:      606.036
[2475 sec, 68083074 itr]:      606.036
[ optimality gap       ]:      100.00%
[2476 sec, 68113031 itr]:      606.036
[2477 sec, 68142930 itr]:      606.036
[2478 sec, 68172830 itr]:      606.036
[2479 sec, 68205394 itr]:      606.036
[2480 sec, 68236160 itr]:      606.036
[2481 sec, 68236160 itr]:      606.036
[2482 sec, 68294922 itr]:      606.036
[2483 sec, 68325261 itr]:      606.036
[2484 sec, 68325261 itr]:      606.036
[2485 sec, 68386078 itr]:      606.036
[ optimality gap       ]:      100.00%
[2486 sec, 68418770 itr]:      606.036
[2487 sec, 68449282 itr]:      606.036
[2488 sec, 68449282 itr]:      606.036
[2489 sec, 68481505 itr]:      606.036
[2490 sec, 68512232 itr]:      606.036
[2491 sec, 68571806 itr]:      606.036
[2492 sec, 68601392 itr]:      606.036
[2493 sec, 68632842 itr]:      606.036
[2494 sec, 68662988 itr]:      606.036
[2495 sec, 68662988 itr]:      606.036
[ optimality gap       ]:      100.00%
[2496 sec, 68724345 itr]:      606.036
[2497 sec, 68754592 itr]:      606.036
[2498 sec, 68785318 itr]:      606.036
[2499 sec, 68816294 itr]:      606.036
[2500 sec, 68816294 itr]:      606.036
[2501 sec, 68846769 itr]:      606.036
[2502 sec, 68909147 itr]:      606.036
[2503 sec, 68909147 itr]:      606.036
[2504 sec, 68968576 itr]:      606.036
[2505 sec, 68999844 itr]:      606.036
[ optimality gap       ]:      100.00%
[2506 sec, 69029475 itr]:      606.036
[2507 sec, 69059897 itr]:      606.036
[2508 sec, 69090594 itr]:      606.036
[2509 sec, 69121160 itr]:      606.036
[2510 sec, 69151205 itr]:      606.036
[2511 sec, 69181861 itr]:      606.036
[2512 sec, 69214558 itr]:      606.036
[2513 sec, 69244970 itr]:      606.036
[2514 sec, 69274706 itr]:      606.036
[2515 sec, 69274706 itr]:      606.036
[ optimality gap       ]:      100.00%
[2516 sec, 69304061 itr]:      606.036
[2517 sec, 69367344 itr]:      606.036
[2518 sec, 69399022 itr]:      606.036
[2519 sec, 69429902 itr]:      606.036
[2520 sec, 69459686 itr]:      606.036
[2521 sec, 69490871 itr]:      606.036
[2522 sec, 69520005 itr]:      606.036
[2523 sec, 69549899 itr]:      606.036
[2524 sec, 69549899 itr]:      606.036
[2525 sec, 69609561 itr]:      606.036
[ optimality gap       ]:      100.00%
[2526 sec, 69609561 itr]:      606.036
[2527 sec, 69670467 itr]:      606.036
[2528 sec, 69699915 itr]:      606.036
[2529 sec, 69730081 itr]:      606.036
[2530 sec, 69760305 itr]:      606.036
[2531 sec, 69790326 itr]:      606.036
[2532 sec, 69820721 itr]:      606.036
[2533 sec, 69820721 itr]:      606.036
[2534 sec, 69882540 itr]:      606.036
[2535 sec, 69914963 itr]:      606.036
[ optimality gap       ]:      100.00%
[2536 sec, 69945009 itr]:      606.036
[2537 sec, 69975077 itr]:      606.036
[2538 sec, 70004979 itr]:      606.036
[2539 sec, 70034948 itr]:      606.036
[2540 sec, 70064889 itr]:      606.036
[2541 sec, 70096654 itr]:      606.036
[2542 sec, 70127404 itr]:      606.036
[2543 sec, 70157193 itr]:      606.036
[2544 sec, 70187273 itr]:      606.036
[2545 sec, 70218881 itr]:      606.036
[ optimality gap       ]:      100.00%
[2546 sec, 70251427 itr]:      606.036
[2547 sec, 70282855 itr]:      606.036
[2548 sec, 70282855 itr]:      606.036
[2549 sec, 70343923 itr]:      606.036
[2550 sec, 70376697 itr]:      606.036
[2551 sec, 70410458 itr]:      606.036
[2552 sec, 70441327 itr]:      606.036
[2553 sec, 70472954 itr]:      606.036
[2554 sec, 70503703 itr]:      606.036
[2555 sec, 70533612 itr]:      606.036
[ optimality gap       ]:      100.00%
[2556 sec, 70562821 itr]:      606.036
[2557 sec, 70593075 itr]:      606.036
[2558 sec, 70623500 itr]:      606.036
[2559 sec, 70653432 itr]:      606.036
[2560 sec, 70653432 itr]:      606.036
[2561 sec, 70712746 itr]:      606.036
[2562 sec, 70742705 itr]:      606.036
[2563 sec, 70742705 itr]:      606.036
[2564 sec, 70801756 itr]:      606.036
[2565 sec, 70831706 itr]:      606.036
[ optimality gap       ]:      100.00%
[2566 sec, 70862263 itr]:      606.036
[2567 sec, 70862263 itr]:      606.036
[2568 sec, 70922470 itr]:      606.036
[2569 sec, 70952851 itr]:      606.036
[2570 sec, 70982008 itr]:      606.036
[2571 sec, 71012759 itr]:      606.036
[2572 sec, 71045469 itr]:      606.036
[2573 sec, 71077677 itr]:      606.036
[2574 sec, 71108203 itr]:      606.036
[2575 sec, 71138289 itr]:      606.036
[ optimality gap       ]:      100.00%
[2576 sec, 71169112 itr]:      606.036
[2577 sec, 71200803 itr]:      606.036
[2578 sec, 71231475 itr]:      606.036
[2579 sec, 71262130 itr]:      606.036
[2580 sec, 71262130 itr]:      606.036
[2581 sec, 71323826 itr]:      606.036
[2582 sec, 71354640 itr]:      606.036
[2583 sec, 71386758 itr]:      606.036
[2584 sec, 71419565 itr]:      606.036
[2585 sec, 71451681 itr]:      606.036
[ optimality gap       ]:      100.00%
[2586 sec, 71482348 itr]:      606.036
[2587 sec, 71512393 itr]:      606.036
[2588 sec, 71542925 itr]:      606.036
[2589 sec, 71542925 itr]:      606.036
[2590 sec, 71573472 itr]:      606.036
[2591 sec, 71603944 itr]:      606.036
[2592 sec, 71664640 itr]:      606.036
[2593 sec, 71695185 itr]:      606.036
[2594 sec, 71724944 itr]:      606.036
[2595 sec, 71754710 itr]:      606.036
[ optimality gap       ]:      100.00%
[2596 sec, 71785530 itr]:      606.036
[2597 sec, 71815677 itr]:      606.036
[2598 sec, 71815677 itr]:      606.036
[2599 sec, 71877465 itr]:      606.036
[2600 sec, 71907345 itr]:      606.036
[2601 sec, 71938721 itr]:      606.036
[2602 sec, 71969380 itr]:      606.036
[2603 sec, 71999210 itr]:      606.036
[2604 sec, 72030077 itr]:      606.036
[2605 sec, 72062517 itr]:      606.036
[ optimality gap       ]:      100.00%
[2606 sec, 72093778 itr]:      606.036
[2607 sec, 72124087 itr]:      606.036
[2608 sec, 72154290 itr]:      606.036
[2609 sec, 72185096 itr]:      606.036
[2610 sec, 72215776 itr]:      606.036
[2611 sec, 72246596 itr]:      606.036
[2612 sec, 72277185 itr]:      606.036
[2613 sec, 72307252 itr]:      606.036
[2614 sec, 72307252 itr]:      606.036
[2615 sec, 72338671 itr]:      606.036
[ optimality gap       ]:      100.00%
[2616 sec, 72399067 itr]:      606.036
[2617 sec, 72430107 itr]:      606.036
[2618 sec, 72430107 itr]:      606.036
[2619 sec, 72492278 itr]:      606.036
[2620 sec, 72522231 itr]:      606.036
[2621 sec, 72551751 itr]:      606.036
[2622 sec, 72551751 itr]:      606.036
[2623 sec, 72614940 itr]:      606.036
[2624 sec, 72644963 itr]:      606.036
[2625 sec, 72676734 itr]:      606.036
[ optimality gap       ]:      100.00%
[2626 sec, 72706239 itr]:      606.036
[2627 sec, 72735616 itr]:      606.036
[2628 sec, 72766440 itr]:      606.036
[2629 sec, 72795390 itr]:      606.036
[2630 sec, 72824659 itr]:      606.036
[2631 sec, 72855462 itr]:      606.036
[2632 sec, 72885025 itr]:      606.036
[2633 sec, 72914815 itr]:      606.036
[2634 sec, 72943718 itr]:      606.036
[2635 sec, 72972622 itr]:      606.036
[ optimality gap       ]:      100.00%
[2636 sec, 73004497 itr]:      606.036
[2637 sec, 73034656 itr]:      606.036
[2638 sec, 73064151 itr]:      606.036
[2639 sec, 73095100 itr]:      606.036
[2640 sec, 73124826 itr]:      606.036
[2641 sec, 73124826 itr]:      606.036
[2642 sec, 73185777 itr]:      606.036
[2643 sec, 73215399 itr]:      606.036
[2644 sec, 73244943 itr]:      606.036
[2645 sec, 73274886 itr]:      606.036
[ optimality gap       ]:      100.00%
[2646 sec, 73274886 itr]:      606.036
[2647 sec, 73304460 itr]:      606.036
[2648 sec, 73364931 itr]:      606.036
[2649 sec, 73394040 itr]:      606.036
[2650 sec, 73394040 itr]:      606.036
[2651 sec, 73424010 itr]:      606.036
[2652 sec, 73484456 itr]:      606.036
[2653 sec, 73515473 itr]:      606.036
[2654 sec, 73546909 itr]:      606.036
[2655 sec, 73576905 itr]:      606.036
[ optimality gap       ]:      100.00%
[2656 sec, 73607584 itr]:      606.036
[2657 sec, 73639250 itr]:      606.036
[2658 sec, 73669202 itr]:      606.036
[2659 sec, 73669202 itr]:      606.036
[2660 sec, 73731132 itr]:      606.036
[2661 sec, 73761858 itr]:      606.036
[2662 sec, 73761858 itr]:      606.036
[2663 sec, 73821514 itr]:      606.036
[2664 sec, 73851726 itr]:      606.036
[2665 sec, 73881831 itr]:      606.036
[ optimality gap       ]:      100.00%
[2666 sec, 73911810 itr]:      606.036
[2667 sec, 73942318 itr]:      606.036
[2668 sec, 73942318 itr]:      606.036
[2669 sec, 73972575 itr]:      606.036
[2670 sec, 74032835 itr]:      606.036
[2671 sec, 74063388 itr]:      606.036
[2672 sec, 74094715 itr]:      606.036
[2673 sec, 74124998 itr]:      606.036
[2674 sec, 74155227 itr]:      606.036
[2675 sec, 74186787 itr]:      606.036
[ optimality gap       ]:      100.00%
[2676 sec, 74217528 itr]:      606.036
[2677 sec, 74247422 itr]:      606.036
[2678 sec, 74276572 itr]:      606.036
[2679 sec, 74306706 itr]:      606.036
[2680 sec, 74337040 itr]:      606.036
[2681 sec, 74368593 itr]:      606.036
[2682 sec, 74398255 itr]:      606.036
[2683 sec, 74428477 itr]:      606.036
[2684 sec, 74458861 itr]:      606.036
[2685 sec, 74489086 itr]:      606.036
[ optimality gap       ]:      100.00%
[2686 sec, 74489086 itr]:      606.036
[2687 sec, 74549488 itr]:      606.036
[2688 sec, 74580319 itr]:      606.036
[2689 sec, 74580319 itr]:      606.036
[2690 sec, 74643699 itr]:      606.036
[2691 sec, 74674258 itr]:      606.036
[2692 sec, 74705231 itr]:      606.036
[2693 sec, 74735665 itr]:      606.036
[2694 sec, 74766943 itr]:      606.036
[2695 sec, 74800407 itr]:      606.036
[ optimality gap       ]:      100.00%
[2696 sec, 74831066 itr]:      606.036
[2697 sec, 74861361 itr]:      606.036
[2698 sec, 74891749 itr]:      606.036
[2699 sec, 74924988 itr]:      606.036
[2700 sec, 74957087 itr]:      606.036
[2701 sec, 74988681 itr]:      606.036
[2702 sec, 75019325 itr]:      606.036
[2703 sec, 75048692 itr]:      606.036
[2704 sec, 75079406 itr]:      606.036
[2705 sec, 75109802 itr]:      606.036
[ optimality gap       ]:      100.00%
[2706 sec, 75140501 itr]:      606.036
[2707 sec, 75171900 itr]:      606.036
[2708 sec, 75202598 itr]:      606.036
[2709 sec, 75232984 itr]:      606.036
[2710 sec, 75262649 itr]:      606.036
[2711 sec, 75293437 itr]:      606.036
[2712 sec, 75293437 itr]:      606.036
[2713 sec, 75352528 itr]:      606.036
[2714 sec, 75384062 itr]:      606.036
[2715 sec, 75414505 itr]:      606.036
[ optimality gap       ]:      100.00%
[2716 sec, 75444351 itr]:      606.036
[2717 sec, 75474698 itr]:      606.036
[2718 sec, 75505315 itr]:      606.036
[2719 sec, 75535467 itr]:      606.036
[2720 sec, 75566378 itr]:      606.036
[2721 sec, 75597118 itr]:      606.036
[2722 sec, 75626500 itr]:      606.036
[2723 sec, 75656337 itr]:      606.036
[2724 sec, 75656337 itr]:      606.036
[2725 sec, 75716849 itr]:      606.036
[ optimality gap       ]:      100.00%
[2726 sec, 75749321 itr]:      606.036
[2727 sec, 75779405 itr]:      606.036
[2728 sec, 75809509 itr]:      606.036
[2729 sec, 75840652 itr]:      606.036
[2730 sec, 75870988 itr]:      606.036
[2731 sec, 75901426 itr]:      606.036
[2732 sec, 75901426 itr]:      606.036
[2733 sec, 75966276 itr]:      606.036
[2734 sec, 75996581 itr]:      606.036
[2735 sec, 76026479 itr]:      606.036
[ optimality gap       ]:      100.00%
[2736 sec, 76056395 itr]:      606.036
[2737 sec, 76086148 itr]:      606.036
[2738 sec, 76117092 itr]:      606.036
[2739 sec, 76147120 itr]:      606.036
[2740 sec, 76177217 itr]:      606.036
[2741 sec, 76177217 itr]:      606.036
[2742 sec, 76237988 itr]:      606.036
[2743 sec, 76268243 itr]:      606.036
[2744 sec, 76298324 itr]:      606.036
[2745 sec, 76298324 itr]:      606.036
[ optimality gap       ]:      100.00%
[2746 sec, 76359425 itr]:      606.036
[2747 sec, 76389695 itr]:      606.036
[2748 sec, 76420477 itr]:      606.036
[2749 sec, 76450055 itr]:      606.036
[2750 sec, 76480744 itr]:      606.036
[2751 sec, 76480744 itr]:      606.036
[2752 sec, 76542976 itr]:      606.036
[2753 sec, 76572615 itr]:      606.036
[2754 sec, 76603091 itr]:      606.036
[2755 sec, 76603091 itr]:      606.036
[ optimality gap       ]:      100.00%
[2756 sec, 76662792 itr]:      606.036
[2757 sec, 76693170 itr]:      606.036
[2758 sec, 76722684 itr]:      606.036
[2759 sec, 76722684 itr]:      606.036
[2760 sec, 76785276 itr]:      606.036
[2761 sec, 76815864 itr]:      606.036
[2762 sec, 76846216 itr]:      606.036
[2763 sec, 76846216 itr]:      606.036
[2764 sec, 76907801 itr]:      606.036
[2765 sec, 76939082 itr]:      606.036
[ optimality gap       ]:      100.00%
[2766 sec, 76939082 itr]:      606.036
[2767 sec, 76970615 itr]:      606.036
[2768 sec, 77034497 itr]:      606.036
[2769 sec, 77066045 itr]:      606.036
[2770 sec, 77096802 itr]:      606.036
[2771 sec, 77128789 itr]:      606.036
[2772 sec, 77162205 itr]:      606.036
[2773 sec, 77194664 itr]:      606.036
[2774 sec, 77225369 itr]:      606.036
[2775 sec, 77256799 itr]:      606.036
[ optimality gap       ]:      100.00%
[2776 sec, 77288197 itr]:      606.036
[2777 sec, 77319522 itr]:      606.036
[2778 sec, 77351066 itr]:      606.036
[2779 sec, 77381709 itr]:      606.036
[2780 sec, 77412809 itr]:      606.036
[2781 sec, 77443982 itr]:      606.036
[2782 sec, 77473708 itr]:      606.036
[2783 sec, 77504301 itr]:      606.036
[2784 sec, 77504301 itr]:      606.036
[2785 sec, 77566733 itr]:      606.036
[ optimality gap       ]:      100.00%
[2786 sec, 77598209 itr]:      606.036
[2787 sec, 77628250 itr]:      606.036
[2788 sec, 77658922 itr]:      606.036
[2789 sec, 77689909 itr]:      606.036
[2790 sec, 77721256 itr]:      606.036
[2791 sec, 77721256 itr]:      606.036
[2792 sec, 77783034 itr]:      606.036
[2793 sec, 77812686 itr]:      606.036
[2794 sec, 77843158 itr]:      606.036
[2795 sec, 77875004 itr]:      606.036
[ optimality gap       ]:      100.00%
[2796 sec, 77907153 itr]:      606.036
[2797 sec, 77936196 itr]:      606.036
[2798 sec, 77966220 itr]:      606.036
[2799 sec, 77996227 itr]:      606.036
[2800 sec, 78027291 itr]:      606.036
[2801 sec, 78057131 itr]:      606.036
[2802 sec, 78057131 itr]:      606.036
[2803 sec, 78087139 itr]:      606.036
[2804 sec, 78148583 itr]:      606.036
[2805 sec, 78179196 itr]:      606.036
[ optimality gap       ]:      100.00%
[2806 sec, 78209959 itr]:      606.036
[2807 sec, 78241116 itr]:      606.036
[2808 sec, 78272169 itr]:      606.036
[2809 sec, 78302839 itr]:      606.036
[2810 sec, 78332716 itr]:      606.036
[2811 sec, 78364125 itr]:      606.036
[2812 sec, 78393839 itr]:      606.036
[2813 sec, 78424662 itr]:      606.036
[2814 sec, 78455712 itr]:      606.036
[2815 sec, 78485987 itr]:      606.036
[ optimality gap       ]:      100.00%
[2816 sec, 78517682 itr]:      606.036
[2817 sec, 78548614 itr]:      606.036
[2818 sec, 78579449 itr]:      606.036
[2819 sec, 78608631 itr]:      606.036
[2820 sec, 78639216 itr]:      606.036
[2821 sec, 78669683 itr]:      606.036
[2822 sec, 78698990 itr]:      606.036
[2823 sec, 78726742 itr]:      606.036
[2824 sec, 78755819 itr]:      606.036
[2825 sec, 78786828 itr]:      606.036
[ optimality gap       ]:      100.00%
[2826 sec, 78816707 itr]:      606.036
[2827 sec, 78847231 itr]:      606.036
[2828 sec, 78877564 itr]:      606.036
[2829 sec, 78906985 itr]:      606.036
[2830 sec, 78937426 itr]:      606.036
[2831 sec, 78969228 itr]:      606.036
[2832 sec, 78999654 itr]:      606.036
[2833 sec, 79029062 itr]:      606.036
[2834 sec, 79059754 itr]:      606.036
[2835 sec, 79090390 itr]:      606.036
[ optimality gap       ]:      100.00%
[2836 sec, 79120305 itr]:      606.036
[2837 sec, 79151016 itr]:      606.036
[2838 sec, 79180679 itr]:      606.036
[2839 sec, 79209971 itr]:      606.036
[2840 sec, 79240862 itr]:      606.036
[2841 sec, 79271875 itr]:      606.036
[2842 sec, 79304065 itr]:      606.036
[2843 sec, 79335584 itr]:      606.036
[2844 sec, 79365752 itr]:      606.036
[2845 sec, 79396373 itr]:      606.036
[ optimality gap       ]:      100.00%
[2846 sec, 79426706 itr]:      606.036
[2847 sec, 79457651 itr]:      606.036
[2848 sec, 79489034 itr]:      606.036
[2849 sec, 79518706 itr]:      606.036
[2850 sec, 79548427 itr]:      606.036
[2851 sec, 79578785 itr]:      606.036
[2852 sec, 79608127 itr]:      606.036
[2853 sec, 79608127 itr]:      606.036
[2854 sec, 79668098 itr]:      606.036
[2855 sec, 79668098 itr]:      606.036
[ optimality gap       ]:      100.00%
[2856 sec, 79728110 itr]:      606.036
[2857 sec, 79758985 itr]:      606.036
[2858 sec, 79789997 itr]:      606.036
[2859 sec, 79819585 itr]:      606.036
[2860 sec, 79819585 itr]:      606.036
[2861 sec, 79879296 itr]:      606.036
[2862 sec, 79909160 itr]:      606.036
[2863 sec, 79938951 itr]:      606.036
[2864 sec, 79938951 itr]:      606.036
[2865 sec, 79999204 itr]:      606.036
[ optimality gap       ]:      100.00%
[2866 sec, 80029080 itr]:      606.036
[2867 sec, 80058946 itr]:      606.036
[2868 sec, 80058946 itr]:      606.036
[2869 sec, 80089418 itr]:      606.036
[2870 sec, 80148788 itr]:      606.036
[2871 sec, 80148788 itr]:      606.036
[2872 sec, 80210446 itr]:      606.036
[2873 sec, 80240712 itr]:      606.036
[2874 sec, 80271016 itr]:      606.036
[2875 sec, 80301199 itr]:      606.036
[ optimality gap       ]:      100.00%
[2876 sec, 80331358 itr]:      606.036
[2877 sec, 80362524 itr]:      606.036
[2878 sec, 80394169 itr]:      606.036
[2879 sec, 80424689 itr]:      606.036
[2880 sec, 80455204 itr]:      606.036
[2881 sec, 80485112 itr]:      606.036
[2882 sec, 80515258 itr]:      606.036
[2883 sec, 80544694 itr]:      606.036
[2884 sec, 80544694 itr]:      606.036
[2885 sec, 80605176 itr]:      606.036
[ optimality gap       ]:      100.00%
[2886 sec, 80636638 itr]:      606.036
[2887 sec, 80667573 itr]:      606.036
[2888 sec, 80696764 itr]:      606.036
[2889 sec, 80726695 itr]:      606.036
[2890 sec, 80756962 itr]:      606.036
[2891 sec, 80787105 itr]:      606.036
[2892 sec, 80816982 itr]:      606.036
[2893 sec, 80845982 itr]:      606.036
[2894 sec, 80845982 itr]:      606.036
[2895 sec, 80906193 itr]:      606.036
[ optimality gap       ]:      100.00%
[2896 sec, 80936263 itr]:      606.036
[2897 sec, 80966572 itr]:      606.036
[2898 sec, 80997333 itr]:      606.035
[2899 sec, 80997333 itr]:      606.035
[2900 sec, 81058398 itr]:      606.035
[2901 sec, 81089903 itr]:      606.035
[2902 sec, 81120230 itr]:      606.035
[2903 sec, 81150390 itr]:      606.035
[2904 sec, 81181516 itr]:      606.035
[2905 sec, 81212290 itr]:      606.035
[ optimality gap       ]:      100.00%
[2906 sec, 81243520 itr]:      606.035
[2907 sec, 81273527 itr]:      606.035
[2908 sec, 81304323 itr]:      606.035
[2909 sec, 81334902 itr]:      606.035
[2910 sec, 81364678 itr]:      606.035
[2911 sec, 81394608 itr]:      606.035
[2912 sec, 81424821 itr]:      606.035
[2913 sec, 81455378 itr]:      606.035
[2914 sec, 81486243 itr]:      606.035
[2915 sec, 81517134 itr]:      606.035
[ optimality gap       ]:      100.00%
[2916 sec, 81547374 itr]:      606.035
[2917 sec, 81577939 itr]:      606.035
[2918 sec, 81607198 itr]:      606.035
[2919 sec, 81636573 itr]:      606.035
[2920 sec, 81667170 itr]:      606.035
[2921 sec, 81696320 itr]:      606.035
[2922 sec, 81726141 itr]:      606.035
[2923 sec, 81726141 itr]:      606.035
[2924 sec, 81756792 itr]:      606.035
[2925 sec, 81815796 itr]:      606.035
[ optimality gap       ]:      100.00%
[2926 sec, 81846744 itr]:      606.035
[2927 sec, 81846744 itr]:      606.035
[2928 sec, 81905406 itr]:      606.035
[2929 sec, 81935612 itr]:      606.035
[2930 sec, 81965771 itr]:      606.035
[2931 sec, 81995501 itr]:      606.035
[2932 sec, 82024984 itr]:      606.035
[2933 sec, 82054390 itr]:      606.035
[2934 sec, 82084248 itr]:      606.035
[2935 sec, 82114246 itr]:      606.035
[ optimality gap       ]:      100.00%
[2936 sec, 82114246 itr]:      606.035
[2937 sec, 82174649 itr]:      606.035
[2938 sec, 82205012 itr]:      606.035
[2939 sec, 82235661 itr]:      606.035
[2940 sec, 82266157 itr]:      606.035
[2941 sec, 82296033 itr]:      606.035
[2942 sec, 82326455 itr]:      606.035
[2943 sec, 82356599 itr]:      606.035
[2944 sec, 82386956 itr]:      606.035
[2945 sec, 82416923 itr]:      606.035
[ optimality gap       ]:      100.00%
[2946 sec, 82446419 itr]:      606.035
[2947 sec, 82476860 itr]:      606.035
[2948 sec, 82507642 itr]:      606.035
[2949 sec, 82507642 itr]:      606.035
[2950 sec, 82570319 itr]:      606.035
[2951 sec, 82599793 itr]:      606.035
[2952 sec, 82629561 itr]:      606.035
[2953 sec, 82660010 itr]:      606.035
[2954 sec, 82690453 itr]:      606.035
[2955 sec, 82720740 itr]:      606.035
[ optimality gap       ]:      100.00%
[2956 sec, 82751667 itr]:      606.035
[2957 sec, 82782048 itr]:      606.035
[2958 sec, 82813244 itr]:      606.035
[2959 sec, 82843682 itr]:      606.035
[2960 sec, 82874109 itr]:      606.035
[2961 sec, 82904437 itr]:      606.035
[2962 sec, 82934371 itr]:      606.035
[2963 sec, 82964798 itr]:      606.035
[2964 sec, 82995083 itr]:      606.035
[2965 sec, 82995083 itr]:      606.035
[ optimality gap       ]:      100.00%
[2966 sec, 83054462 itr]:      606.035
[2967 sec, 83085031 itr]:      606.035
[2968 sec, 83115237 itr]:      606.035
[2969 sec, 83143795 itr]:      606.035
[2970 sec, 83173606 itr]:      606.035
[2971 sec, 83203856 itr]:      606.035
[2972 sec, 83233061 itr]:      606.035
[2973 sec, 83262999 itr]:      606.035
[2974 sec, 83293203 itr]:      606.035
[2975 sec, 83323222 itr]:      606.035
[ optimality gap       ]:      100.00%
[2976 sec, 83353248 itr]:      606.035
[2977 sec, 83353248 itr]:      606.035
[2978 sec, 83415430 itr]:      606.035
[2979 sec, 83445324 itr]:      606.035
[2980 sec, 83475708 itr]:      606.035
[2981 sec, 83506521 itr]:      606.035
[2982 sec, 83538190 itr]:      606.035
[2983 sec, 83569884 itr]:      606.035
[2984 sec, 83599991 itr]:      606.035
[2985 sec, 83599991 itr]:      606.035
[ optimality gap       ]:      100.00%
[2986 sec, 83659735 itr]:      606.035
[2987 sec, 83689969 itr]:      606.035
[2988 sec, 83720553 itr]:      606.035
[2989 sec, 83750861 itr]:      606.035
[2990 sec, 83781218 itr]:      606.035
[2991 sec, 83810852 itr]:      606.035
[2992 sec, 83841249 itr]:      606.035
[2993 sec, 83871298 itr]:      606.035
[2994 sec, 83900121 itr]:      606.035
[2995 sec, 83929696 itr]:      606.035
[ optimality gap       ]:      100.00%
[2996 sec, 83960068 itr]:      606.035
[2997 sec, 83990344 itr]:      606.035
[2998 sec, 83990344 itr]:      606.035
[2999 sec, 84021861 itr]:      606.035
[3000 sec, 84082470 itr]:      606.035
[3001 sec, 84082470 itr]:      606.035
[3002 sec, 84143546 itr]:      606.035
[3003 sec, 84173107 itr]:      606.035
[3004 sec, 84203490 itr]:      606.035
[3005 sec, 84203490 itr]:      606.035
[ optimality gap       ]:      100.00%
[3006 sec, 84263126 itr]:      606.035
[3007 sec, 84294201 itr]:      606.035
[3008 sec, 84325058 itr]:      606.035
[3009 sec, 84355190 itr]:      606.035
[3010 sec, 84385134 itr]:      606.035
[3011 sec, 84414850 itr]:      606.035
[3012 sec, 84444691 itr]:      606.035
[3013 sec, 84474804 itr]:      606.035
[3014 sec, 84504182 itr]:      606.035
[3015 sec, 84533225 itr]:      606.035
[ optimality gap       ]:      100.00%
[3016 sec, 84563669 itr]:      606.035
[3017 sec, 84563669 itr]:      606.035
[3018 sec, 84622911 itr]:      606.035
[3019 sec, 84652642 itr]:      606.035
[3020 sec, 84652642 itr]:      606.035
[3021 sec, 84712479 itr]:      606.035
[3022 sec, 84742678 itr]:      606.035
[3023 sec, 84774435 itr]:      606.035
[3024 sec, 84803530 itr]:      606.035
[3025 sec, 84833155 itr]:      606.035
[ optimality gap       ]:      100.00%
[3026 sec, 84862827 itr]:      606.035
[3027 sec, 84891806 itr]:      606.035
[3028 sec, 84923194 itr]:      606.035
[3029 sec, 84952207 itr]:      606.035
[3030 sec, 84981392 itr]:      606.035
[3031 sec, 85011538 itr]:      606.035
[3032 sec, 85041065 itr]:      606.035
[3033 sec, 85070421 itr]:      606.035
[3034 sec, 85099598 itr]:      606.035
[3035 sec, 85099598 itr]:      606.035
[ optimality gap       ]:      100.00%
[3036 sec, 85158527 itr]:      606.035
[3037 sec, 85188233 itr]:      606.035
[3038 sec, 85217140 itr]:      606.035
[3039 sec, 85217140 itr]:      606.035
[3040 sec, 85275841 itr]:      606.035
[3041 sec, 85304900 itr]:      606.035
[3042 sec, 85334937 itr]:      606.035
[3043 sec, 85364556 itr]:      606.035
[3044 sec, 85394272 itr]:      606.035
[3045 sec, 85424362 itr]:      606.035
[ optimality gap       ]:      100.00%
[3046 sec, 85454004 itr]:      606.035
[3047 sec, 85483749 itr]:      606.035
[3048 sec, 85512961 itr]:      606.035
[3049 sec, 85542803 itr]:      606.035
[3050 sec, 85542803 itr]:      606.035
[3051 sec, 85601000 itr]:      606.035
[3052 sec, 85601000 itr]:      606.035
[3053 sec, 85660453 itr]:      606.035
[3054 sec, 85689921 itr]:      606.035
[3055 sec, 85719056 itr]:      606.035
[ optimality gap       ]:      100.00%
[3056 sec, 85748708 itr]:      606.035
[3057 sec, 85777256 itr]:      606.035
[3058 sec, 85806565 itr]:      606.035
[3059 sec, 85806565 itr]:      606.035
[3060 sec, 85866346 itr]:      606.035
[3061 sec, 85896332 itr]:      606.035
[3062 sec, 85925663 itr]:      606.035
[3063 sec, 85955560 itr]:      606.035
[3064 sec, 85985188 itr]:      606.035
[3065 sec, 86014593 itr]:      606.035
[ optimality gap       ]:      100.00%
[3066 sec, 86045164 itr]:      606.035
[3067 sec, 86074785 itr]:      606.035
[3068 sec, 86104220 itr]:      606.035
[3069 sec, 86133551 itr]:      606.035
[3070 sec, 86162731 itr]:      606.035
[3071 sec, 86192379 itr]:      606.035
[3072 sec, 86222304 itr]:      606.035
[3073 sec, 86251062 itr]:      606.035
[3074 sec, 86279675 itr]:      606.035
[3075 sec, 86279675 itr]:      606.035
[ optimality gap       ]:      100.00%
[3076 sec, 86338082 itr]:      606.035
[3077 sec, 86366854 itr]:      606.035
[3078 sec, 86396391 itr]:      606.035
[3079 sec, 86425160 itr]:      606.035
[3080 sec, 86425160 itr]:      606.035
[3081 sec, 86454099 itr]:      606.035
[3082 sec, 86513582 itr]:      606.035
[3083 sec, 86543709 itr]:      606.035
[3084 sec, 86572604 itr]:      606.035
[3085 sec, 86601288 itr]:      606.035
[ optimality gap       ]:      100.00%
[3086 sec, 86629421 itr]:      606.035
[3087 sec, 86658431 itr]:      606.035
[3088 sec, 86689505 itr]:      606.035
[3089 sec, 86719484 itr]:      606.035
[3090 sec, 86749006 itr]:      606.035
[3091 sec, 86778811 itr]:      606.035
[3092 sec, 86778811 itr]:      606.035
[3093 sec, 86836221 itr]:      606.035
[3094 sec, 86836221 itr]:      606.035
[3095 sec, 86894361 itr]:      606.035
[ optimality gap       ]:      100.00%
[3096 sec, 86923147 itr]:      606.035
[3097 sec, 86951758 itr]:      606.035
[3098 sec, 86981630 itr]:      606.035
[3099 sec, 87011222 itr]:      606.035
[3100 sec, 87011222 itr]:      606.035
[3101 sec, 87071736 itr]:      606.035
[3102 sec, 87071736 itr]:      606.035
[3103 sec, 87130002 itr]:      606.035
[3104 sec, 87159099 itr]:      606.035
[3105 sec, 87189270 itr]:      606.035
[ optimality gap       ]:      100.00%
[3106 sec, 87219154 itr]:      606.035
[3107 sec, 87248357 itr]:      606.035
[3108 sec, 87277022 itr]:      606.035
[3109 sec, 87305895 itr]:      606.035
[3110 sec, 87335080 itr]:      606.035
[3111 sec, 87365054 itr]:      606.035
[3112 sec, 87395332 itr]:      606.035
[3113 sec, 87426257 itr]:      606.035
[3114 sec, 87426257 itr]:      606.035
[3115 sec, 87486050 itr]:      606.035
[ optimality gap       ]:      100.00%
[3116 sec, 87515267 itr]:      606.035
[3117 sec, 87544765 itr]:      606.035
[3118 sec, 87574311 itr]:      606.035
[3119 sec, 87602753 itr]:      606.035
[3120 sec, 87632459 itr]:      606.035
[3121 sec, 87661285 itr]:      606.035
[3122 sec, 87691277 itr]:      606.035
[3123 sec, 87720885 itr]:      606.035
[3124 sec, 87749849 itr]:      606.035
[3125 sec, 87779250 itr]:      606.035
[ optimality gap       ]:      100.00%
[3126 sec, 87810850 itr]:      606.035
[3127 sec, 87843177 itr]:      606.035
[3128 sec, 87873096 itr]:      606.035
[3129 sec, 87901297 itr]:      606.035
[3130 sec, 87931184 itr]:      606.035
[3131 sec, 87961596 itr]:      606.035
[3132 sec, 87990263 itr]:      606.035
[3133 sec, 88019358 itr]:      606.035
[3134 sec, 88049483 itr]:      606.035
[3135 sec, 88079594 itr]:      606.035
[ optimality gap       ]:      100.00%
[3136 sec, 88079594 itr]:      606.035
[3137 sec, 88109653 itr]:      606.035
[3138 sec, 88169684 itr]:      606.035
[3139 sec, 88200400 itr]:      606.035
[3140 sec, 88230387 itr]:      606.035
[3141 sec, 88259805 itr]:      606.035
[3142 sec, 88288990 itr]:      606.035
[3143 sec, 88318654 itr]:      606.035
[3144 sec, 88318654 itr]:      606.035
[3145 sec, 88377337 itr]:      606.035
[ optimality gap       ]:      100.00%
[3146 sec, 88407339 itr]:      606.035
[3147 sec, 88437117 itr]:      606.035
[3148 sec, 88466234 itr]:      606.035
[3149 sec, 88495947 itr]:      606.035
[3150 sec, 88525663 itr]:      606.035
[3151 sec, 88554974 itr]:      606.035
[3152 sec, 88584715 itr]:      606.035
[3153 sec, 88614393 itr]:      606.035
[3154 sec, 88644398 itr]:      606.035
[3155 sec, 88672389 itr]:      606.035
[ optimality gap       ]:      100.00%
[3156 sec, 88701441 itr]:      606.035
[3157 sec, 88730990 itr]:      606.035
[3158 sec, 88761356 itr]:      606.035
[3159 sec, 88790708 itr]:      606.035
[3160 sec, 88820150 itr]:      606.035
[3161 sec, 88850168 itr]:      606.035
[3162 sec, 88879713 itr]:      606.035
[3163 sec, 88909790 itr]:      606.035
[3164 sec, 88939166 itr]:      606.035
[3165 sec, 88969619 itr]:      606.035
[ optimality gap       ]:      100.00%
[3166 sec, 88999621 itr]:      606.035
[3167 sec, 89028572 itr]:      606.035
[3168 sec, 89057481 itr]:      606.035
[3169 sec, 89086680 itr]:      606.035
[3170 sec, 89114684 itr]:      606.035
[3171 sec, 89142962 itr]:      606.035
[3172 sec, 89172946 itr]:      606.035
[3173 sec, 89203515 itr]:      606.035
[3174 sec, 89203515 itr]:      606.035
[3175 sec, 89264005 itr]:      606.035
[ optimality gap       ]:      100.00%
[3176 sec, 89294728 itr]:      606.035
[3177 sec, 89324557 itr]:      606.035
[3178 sec, 89354448 itr]:      606.035
[3179 sec, 89384711 itr]:      606.035
[3180 sec, 89415377 itr]:      606.035
[3181 sec, 89447191 itr]:      606.035
[3182 sec, 89476873 itr]:      606.035
[3183 sec, 89476873 itr]:      606.035
[3184 sec, 89536868 itr]:      606.035
[3185 sec, 89567164 itr]:      606.035
[ optimality gap       ]:      100.00%
[3186 sec, 89597853 itr]:      606.035
[3187 sec, 89627909 itr]:      606.035
[3188 sec, 89657734 itr]:      606.035
[3189 sec, 89688259 itr]:      606.035
[3190 sec, 89719070 itr]:      606.035
[3191 sec, 89748209 itr]:      606.035
[3192 sec, 89778019 itr]:      606.035
[3193 sec, 89808192 itr]:      606.035
[3194 sec, 89837619 itr]:      606.035
[3195 sec, 89866971 itr]:      606.035
[ optimality gap       ]:      100.00%
[3196 sec, 89895479 itr]:      606.035
[3197 sec, 89926451 itr]:      606.035
[3198 sec, 89956628 itr]:      606.035
[3199 sec, 89986024 itr]:      606.035
[3200 sec, 90016131 itr]:      606.035
[3201 sec, 90046923 itr]:      606.035
[3202 sec, 90076214 itr]:      606.035
[3203 sec, 90105418 itr]:      606.035
[3204 sec, 90134685 itr]:      606.035
[3205 sec, 90164441 itr]:      606.035
[ optimality gap       ]:      100.00%
[3206 sec, 90193284 itr]:      606.035
[3207 sec, 90222381 itr]:      606.035
[3208 sec, 90251660 itr]:      606.035
[3209 sec, 90251660 itr]:      606.035
[3210 sec, 90311308 itr]:      606.035
[3211 sec, 90342096 itr]:      606.035
[3212 sec, 90342096 itr]:      606.035
[3213 sec, 90402429 itr]:      606.035
[3214 sec, 90432640 itr]:      606.035
[3215 sec, 90462601 itr]:      606.035
[ optimality gap       ]:      100.00%
[3216 sec, 90494065 itr]:      606.035
[3217 sec, 90521790 itr]:      606.035
[3218 sec, 90551373 itr]:      606.035
[3219 sec, 90581305 itr]:      606.035
[3220 sec, 90611223 itr]:      606.035
[3221 sec, 90641856 itr]:      606.035
[3222 sec, 90671079 itr]:      606.035
[3223 sec, 90700119 itr]:      606.035
[3224 sec, 90700119 itr]:      606.035
[3225 sec, 90729021 itr]:      606.035
[ optimality gap       ]:      100.00%
[3226 sec, 90789832 itr]:      606.035
[3227 sec, 90819167 itr]:      606.035
[3228 sec, 90848974 itr]:      606.035
[3229 sec, 90880463 itr]:      606.035
[3230 sec, 90911307 itr]:      606.035
[3231 sec, 90941852 itr]:      606.035
[3232 sec, 90973313 itr]:      606.035
[3233 sec, 91004051 itr]:      606.035
[3234 sec, 91034636 itr]:      606.035
[3235 sec, 91065775 itr]:      606.035
[ optimality gap       ]:      100.00%
[3236 sec, 91096341 itr]:      606.035
[3237 sec, 91124740 itr]:      606.035
[3238 sec, 91153769 itr]:      606.035
[3239 sec, 91183998 itr]:      606.035
[3240 sec, 91213450 itr]:      606.035
[3241 sec, 91242879 itr]:      606.035
[3242 sec, 91273841 itr]:      606.035
[3243 sec, 91303264 itr]:      606.035
[3244 sec, 91303264 itr]:      606.035
[3245 sec, 91362673 itr]:      606.035
[ optimality gap       ]:      100.00%
[3246 sec, 91362673 itr]:      606.035
[3247 sec, 91423462 itr]:      606.035
[3248 sec, 91423462 itr]:      606.035
[3249 sec, 91484008 itr]:      606.035
[3250 sec, 91513672 itr]:      606.035
[3251 sec, 91542370 itr]:      606.035
[3252 sec, 91572433 itr]:      606.035
[3253 sec, 91602279 itr]:      606.035
[3254 sec, 91632477 itr]:      606.035
[3255 sec, 91661734 itr]:      606.035
[ optimality gap       ]:      100.00%
[3256 sec, 91691347 itr]:      606.035
[3257 sec, 91720648 itr]:      606.035
[3258 sec, 91750941 itr]:      606.035
[3259 sec, 91780823 itr]:      606.035
[3260 sec, 91811192 itr]:      606.035
[3261 sec, 91840522 itr]:      606.035
[3262 sec, 91870020 itr]:      606.035
[3263 sec, 91899118 itr]:      606.035
[3264 sec, 91929606 itr]:      606.035
[3265 sec, 91960224 itr]:      606.035
[ optimality gap       ]:      100.00%
[3266 sec, 91990300 itr]:      606.035
[3267 sec, 92021268 itr]:      606.035
[3268 sec, 92051297 itr]:      606.035
[3269 sec, 92081829 itr]:      606.035
[3270 sec, 92081829 itr]:      606.035
[3271 sec, 92142468 itr]:      606.035
[3272 sec, 92171737 itr]:      606.035
[3273 sec, 92171737 itr]:      606.035
[3274 sec, 92201524 itr]:      606.035
[3275 sec, 92261584 itr]:      606.035
[ optimality gap       ]:      100.00%
[3276 sec, 92291471 itr]:      606.035
[3277 sec, 92320512 itr]:      606.035
[3278 sec, 92350530 itr]:      606.035
[3279 sec, 92380921 itr]:      606.035
[3280 sec, 92410199 itr]:      606.035
[3281 sec, 92438859 itr]:      606.035
[3282 sec, 92469105 itr]:      606.035
[3283 sec, 92499706 itr]:      606.035
[3284 sec, 92531977 itr]:      606.035
[3285 sec, 92561915 itr]:      606.035
[ optimality gap       ]:      100.00%
[3286 sec, 92592954 itr]:      606.035
[3287 sec, 92623512 itr]:      606.035
[3288 sec, 92654778 itr]:      606.035
[3289 sec, 92685418 itr]:      606.035
[3290 sec, 92685418 itr]:      606.035
[3291 sec, 92715540 itr]:      606.035
[3292 sec, 92775533 itr]:      606.035
[3293 sec, 92805181 itr]:      606.035
[3294 sec, 92836051 itr]:      606.035
[3295 sec, 92866234 itr]:      606.035
[ optimality gap       ]:      100.00%
[3296 sec, 92896460 itr]:      606.035
[3297 sec, 92926369 itr]:      606.035
[3298 sec, 92957491 itr]:      606.035
[3299 sec, 92988701 itr]:      606.035
[3300 sec, 93018550 itr]:      606.035
[3301 sec, 93049181 itr]:      606.035
[3302 sec, 93081701 itr]:      606.035
[3303 sec, 93081701 itr]:      606.035
[3304 sec, 93141753 itr]:      606.035
[3305 sec, 93171695 itr]:      606.035
[ optimality gap       ]:      100.00%
[3306 sec, 93203517 itr]:      606.035
[3307 sec, 93203517 itr]:      606.035
[3308 sec, 93264332 itr]:      606.035
[3309 sec, 93264332 itr]:      606.035
[3310 sec, 93293756 itr]:      606.035
[3311 sec, 93354263 itr]:      606.035
[3312 sec, 93384316 itr]:      606.035
[3313 sec, 93384316 itr]:      606.035
[3314 sec, 93444987 itr]:      606.035
[3315 sec, 93475565 itr]:      606.035
[ optimality gap       ]:      100.00%
[3316 sec, 93505653 itr]:      606.035
[3317 sec, 93537912 itr]:      606.035
[3318 sec, 93537912 itr]:      606.035
[3319 sec, 93602868 itr]:      606.035
[3320 sec, 93634384 itr]:      606.035
[3321 sec, 93634384 itr]:      606.035
[3322 sec, 93696176 itr]:      606.035
[3323 sec, 93696176 itr]:      606.035
[3324 sec, 93760662 itr]:      606.035
[3325 sec, 93792391 itr]:      606.035
[ optimality gap       ]:      100.00%
[3326 sec, 93792391 itr]:      606.035
[3327 sec, 93857129 itr]:      606.035
[3328 sec, 93889586 itr]:      606.035
[3329 sec, 93921616 itr]:      606.035
[3330 sec, 93952945 itr]:      606.035
[3331 sec, 93984298 itr]:      606.035
[3332 sec, 94016036 itr]:      606.035
[3333 sec, 94048758 itr]:      606.035
[3334 sec, 94080215 itr]:      606.035
[3335 sec, 94111329 itr]:      606.035
[ optimality gap       ]:      100.00%
[3336 sec, 94143854 itr]:      606.035
[3337 sec, 94175294 itr]:      606.035
[3338 sec, 94206934 itr]:      606.035
[3339 sec, 94238919 itr]:      606.035
[3340 sec, 94271039 itr]:      606.035
[3341 sec, 94302351 itr]:      606.035
[3342 sec, 94334271 itr]:      606.035
[3343 sec, 94366631 itr]:      606.035
[3344 sec, 94399313 itr]:      606.035
[3345 sec, 94431347 itr]:      606.035
[ optimality gap       ]:      100.00%
[3346 sec, 94463545 itr]:      606.035
[3347 sec, 94495995 itr]:      606.035
[3348 sec, 94528455 itr]:      606.035
[3349 sec, 94559346 itr]:      606.035
[3350 sec, 94593208 itr]:      606.035
[3351 sec, 94624652 itr]:      606.035
[3352 sec, 94656161 itr]:      606.035
[3353 sec, 94687163 itr]:      606.035
[3354 sec, 94718281 itr]:      606.035
[3355 sec, 94718281 itr]:      606.035
[ optimality gap       ]:      100.00%
[3356 sec, 94781155 itr]:      606.035
[3357 sec, 94814173 itr]:      606.035
[3358 sec, 94845214 itr]:      606.035
[3359 sec, 94845214 itr]:      606.035
[3360 sec, 94907468 itr]:      606.035
[3361 sec, 94938466 itr]:      606.035
[3362 sec, 94969834 itr]:      606.035
[3363 sec, 95002338 itr]:      606.035
[3364 sec, 95034778 itr]:      606.035
[3365 sec, 95067703 itr]:      606.035
[ optimality gap       ]:      100.00%
[3366 sec, 95067703 itr]:      606.035
[3367 sec, 95131504 itr]:      606.035
[3368 sec, 95164036 itr]:      606.035
[3369 sec, 95195108 itr]:      606.035
[3370 sec, 95227124 itr]:      606.035
[3371 sec, 95259780 itr]:      606.035
[3372 sec, 95291143 itr]:      606.035
[3373 sec, 95323363 itr]:      606.035
[3374 sec, 95355157 itr]:      606.035
[3375 sec, 95386095 itr]:      606.035
[ optimality gap       ]:      100.00%
[3376 sec, 95418248 itr]:      606.035
[3377 sec, 95451337 itr]:      606.035
[3378 sec, 95483511 itr]:      606.035
[3379 sec, 95516559 itr]:      606.035
[3380 sec, 95548398 itr]:      606.035
[3381 sec, 95580361 itr]:      606.035
[3382 sec, 95612438 itr]:      606.035
[3383 sec, 95645204 itr]:      606.035
[3384 sec, 95677460 itr]:      606.035
[3385 sec, 95709475 itr]:      606.035
[ optimality gap       ]:      100.00%
[3386 sec, 95741780 itr]:      606.035
[3387 sec, 95773926 itr]:      606.035
[3388 sec, 95805731 itr]:      606.035
[3389 sec, 95838699 itr]:      606.035
[3390 sec, 95870993 itr]:      606.035
[3391 sec, 95904327 itr]:      606.035
[3392 sec, 95936168 itr]:      606.035
[3393 sec, 95968155 itr]:      606.035
[3394 sec, 96000282 itr]:      606.035
[3395 sec, 96033317 itr]:      606.035
[ optimality gap       ]:      100.00%
[3396 sec, 96065132 itr]:      606.035
[3397 sec, 96095914 itr]:      606.035
[3398 sec, 96128096 itr]:      606.035
[3399 sec, 96159256 itr]:      606.035
[3400 sec, 96191262 itr]:      606.035
[3401 sec, 96223070 itr]:      606.035
[3402 sec, 96254982 itr]:      606.035
[3403 sec, 96286922 itr]:      606.035
[3404 sec, 96317735 itr]:      606.035
[3405 sec, 96349914 itr]:      606.035
[ optimality gap       ]:      100.00%
[3406 sec, 96380307 itr]:      606.035
[3407 sec, 96411640 itr]:      606.035
[3408 sec, 96443443 itr]:      606.035
[3409 sec, 96475195 itr]:      606.035
[3410 sec, 96508547 itr]:      606.035
[3411 sec, 96543397 itr]:      606.035
[3412 sec, 96575856 itr]:      606.035
[3413 sec, 96607888 itr]:      606.035
[3414 sec, 96640227 itr]:      606.035
[3415 sec, 96673519 itr]:      606.035
[ optimality gap       ]:      100.00%
[3416 sec, 96705719 itr]:      606.035
[3417 sec, 96737763 itr]:      606.035
[3418 sec, 96770917 itr]:      606.035
[3419 sec, 96802235 itr]:      606.035
[3420 sec, 96833612 itr]:      606.035
[3421 sec, 96865388 itr]:      606.035
[3422 sec, 96897015 itr]:      606.035
[3423 sec, 96929574 itr]:      606.035
[3424 sec, 96961834 itr]:      606.035
[3425 sec, 96993624 itr]:      606.035
[ optimality gap       ]:      100.00%
[3426 sec, 97025217 itr]:      606.035
[3427 sec, 97025217 itr]:      606.035
[3428 sec, 97089407 itr]:      606.035
[3429 sec, 97121210 itr]:      606.035
[3430 sec, 97154214 itr]:      606.035
[3431 sec, 97186348 itr]:      606.035
[3432 sec, 97218211 itr]:      606.035
[3433 sec, 97218211 itr]:      606.035
[3434 sec, 97282465 itr]:      606.035
[3435 sec, 97315648 itr]:      606.035
[ optimality gap       ]:      100.00%
[3436 sec, 97348007 itr]:      606.035
[3437 sec, 97379775 itr]:      606.035
[3438 sec, 97411607 itr]:      606.035
[3439 sec, 97441817 itr]:      606.035
[3440 sec, 97473088 itr]:      606.035
[3441 sec, 97503947 itr]:      606.035
[3442 sec, 97535306 itr]:      606.035
[3443 sec, 97565614 itr]:      606.035
[3444 sec, 97596749 itr]:      606.035
[3445 sec, 97628722 itr]:      606.035
[ optimality gap       ]:      100.00%
[3446 sec, 97658397 itr]:      606.035
[3447 sec, 97688819 itr]:      606.035
[3448 sec, 97719828 itr]:      606.035
[3449 sec, 97750444 itr]:      606.035
[3450 sec, 97782037 itr]:      606.035
[3451 sec, 97814716 itr]:      606.035
[3452 sec, 97847002 itr]:      606.035
[3453 sec, 97879377 itr]:      606.035
[3454 sec, 97911144 itr]:      606.035
[3455 sec, 97911144 itr]:      606.035
[ optimality gap       ]:      100.00%
[3456 sec, 97981065 itr]:      606.035
[3457 sec, 98015030 itr]:      606.035
[3458 sec, 98050259 itr]:      606.035
[3459 sec, 98085658 itr]:      606.035
[3460 sec, 98085658 itr]:      606.035
[3461 sec, 98121488 itr]:      606.035
[3462 sec, 98188168 itr]:      606.035
[3463 sec, 98219944 itr]:      606.035
[3464 sec, 98219944 itr]:      606.035
[3465 sec, 98253644 itr]:      606.035
[ optimality gap       ]:      100.00%
[3466 sec, 98322533 itr]:      606.035
[3467 sec, 98355428 itr]:      606.035
[3468 sec, 98389385 itr]:      606.035
[3469 sec, 98423935 itr]:      606.035
[3470 sec, 98459356 itr]:      606.035
[3471 sec, 98494880 itr]:      606.035
[3472 sec, 98494880 itr]:      606.035
[3473 sec, 98528965 itr]:      606.035
[3474 sec, 98596175 itr]:      606.035
[3475 sec, 98631808 itr]:      606.035
[ optimality gap       ]:      100.00%
[3476 sec, 98666266 itr]:      606.035
[3477 sec, 98701858 itr]:      606.035
[3478 sec, 98701858 itr]:      606.035
[3479 sec, 98771421 itr]:      606.035
[3480 sec, 98805327 itr]:      606.035
[3481 sec, 98837184 itr]:      606.035
[3482 sec, 98868272 itr]:      606.035
[3483 sec, 98901062 itr]:      606.035
[3484 sec, 98934213 itr]:      606.035
[3485 sec, 98967348 itr]:      606.035
[ optimality gap       ]:      100.00%
[3486 sec, 99000927 itr]:      606.035
[3487 sec, 99000927 itr]:      606.035
[3488 sec, 99067932 itr]:      606.035
[3489 sec, 99101407 itr]:      606.035
[3490 sec, 99136270 itr]:      606.035
[3491 sec, 99169862 itr]:      606.035
[3492 sec, 99169862 itr]:      606.035
[3493 sec, 99203606 itr]:      606.035
[3494 sec, 99267634 itr]:      606.035
[3495 sec, 99298493 itr]:      606.035
[ optimality gap       ]:      100.00%
[3496 sec, 99329033 itr]:      606.035
[3497 sec, 99359368 itr]:      606.035
[3498 sec, 99389227 itr]:      606.035
[3499 sec, 99422640 itr]:      606.035
[3500 sec, 99456162 itr]:      606.035
[3501 sec, 99488802 itr]:      606.035
[3502 sec, 99519898 itr]:      606.035
[3503 sec, 99550368 itr]:      606.035
[3504 sec, 99583249 itr]:      606.035
[3505 sec, 99615547 itr]:      606.035
[ optimality gap       ]:      100.00%
[3506 sec, 99646955 itr]:      606.035
[3507 sec, 99677888 itr]:      606.035
[3508 sec, 99708938 itr]:      606.035
[3509 sec, 99740873 itr]:      606.035
[3510 sec, 99771956 itr]:      606.035
[3511 sec, 99804213 itr]:      606.035
[3512 sec, 99804213 itr]:      606.035
[3513 sec, 99871421 itr]:      606.035
[3514 sec, 99903229 itr]:      606.035
[3515 sec, 99935173 itr]:      606.035
[ optimality gap       ]:      100.00%
[3516 sec, 99968156 itr]:      606.035
[3517 sec, 100000484 itr]:      606.035
[3518 sec, 100032779 itr]:      606.035
[3519 sec, 100063924 itr]:      606.035
[3520 sec, 100096579 itr]:      606.035
[3521 sec, 100129798 itr]:      606.035
[3522 sec, 100129798 itr]:      606.035
[3523 sec, 100195822 itr]:      606.035
[3524 sec, 100226845 itr]:      606.035
[3525 sec, 100258673 itr]:      606.035
[ optimality gap        ]:      100.00%
[3526 sec, 100291413 itr]:      606.035
[3527 sec, 100322630 itr]:      606.035
[3528 sec, 100354060 itr]:      606.035
[3529 sec, 100387017 itr]:      606.035
[3530 sec, 100419011 itr]:      606.035
[3531 sec, 100449930 itr]:      606.035
[3532 sec, 100481686 itr]:      606.035
[3533 sec, 100513897 itr]:      606.035
[3534 sec, 100546655 itr]:      606.035
[3535 sec, 100579361 itr]:      606.035
[ optimality gap        ]:      100.00%
[3536 sec, 100611131 itr]:      606.035
[3537 sec, 100643517 itr]:      606.035
[3538 sec, 100675787 itr]:      606.035
[3539 sec, 100675787 itr]:      606.035
[3540 sec, 100740748 itr]:      606.035
[3541 sec, 100772956 itr]:      606.035
[3542 sec, 100772956 itr]:      606.035
[3543 sec, 100806302 itr]:      606.035
[3544 sec, 100870391 itr]:      606.035
[3545 sec, 100902788 itr]:      606.035
[ optimality gap        ]:      100.00%
[3546 sec, 100902788 itr]:      606.035
[3547 sec, 100969569 itr]:      606.035
[3548 sec, 101002177 itr]:      606.035
[3549 sec, 101035082 itr]:      606.035
[3550 sec, 101066996 itr]:      606.035
[3551 sec, 101099836 itr]:      606.035
[3552 sec, 101132495 itr]:      606.035
[3553 sec, 101164878 itr]:      606.035
[3554 sec, 101197006 itr]:      606.035
[3555 sec, 101231206 itr]:      606.035
[ optimality gap        ]:      100.00%
[3556 sec, 101265267 itr]:      606.035
[3557 sec, 101297962 itr]:      606.035
[3558 sec, 101331352 itr]:      606.035
[3559 sec, 101365036 itr]:      606.035
[3560 sec, 101398555 itr]:      606.035
[3561 sec, 101431841 itr]:      606.035
[3562 sec, 101431841 itr]:      606.035
[3563 sec, 101497206 itr]:      606.035
[3564 sec, 101529402 itr]:      606.035
[3565 sec, 101562907 itr]:      606.035
[ optimality gap        ]:      100.00%
[3566 sec, 101596273 itr]:      606.035
[3567 sec, 101629468 itr]:      606.035
[3568 sec, 101661382 itr]:      606.035
[3569 sec, 101694077 itr]:      606.035
[3570 sec, 101728027 itr]:      606.035
[3571 sec, 101761402 itr]:      606.035
[3572 sec, 101793242 itr]:      606.035
[3573 sec, 101793242 itr]:      606.035
[3574 sec, 101860068 itr]:      606.035
[3575 sec, 101892451 itr]:      606.035
[ optimality gap        ]:      100.00%
[3576 sec, 101925441 itr]:      606.035
[3577 sec, 101958460 itr]:      606.035
[3578 sec, 101992438 itr]:      606.035
[3579 sec, 102027892 itr]:      606.035
[3580 sec, 102027892 itr]:      606.035
[3581 sec, 102093922 itr]:      606.035
[3582 sec, 102093922 itr]:      606.035
[3583 sec, 102159355 itr]:      606.035
[3584 sec, 102191650 itr]:      606.035
[3585 sec, 102224654 itr]:      606.035
[ optimality gap        ]:      100.00%
[3586 sec, 102257276 itr]:      606.035
[3587 sec, 102289394 itr]:      606.035
[3588 sec, 102322897 itr]:      606.035
[3589 sec, 102356588 itr]:      606.035
[3590 sec, 102388841 itr]:      606.035
[3591 sec, 102421506 itr]:      606.035
[3592 sec, 102421506 itr]:      606.035
[3593 sec, 102486510 itr]:      606.035
[3594 sec, 102518391 itr]:      606.035
[3595 sec, 102550701 itr]:      606.035
[ optimality gap        ]:      100.00%
[3596 sec, 102583026 itr]:      606.035
[3597 sec, 102615053 itr]:      606.035
[3598 sec, 102648402 itr]:      606.035
[3599 sec, 102681117 itr]:      606.035
[3600 sec, 102713711 itr]:      606.035
[3600 sec, 102713711 itr]:      606.035
[ optimality gap        ]:      100.00%

102713711 iterations performed in 3600 seconds

Feasible solution: 
  obj    =      606.035
  gap    =      100.00%
  bounds =            0
Time limit reached, but a feasible solution is available
  objective value = 606.0353569106901
  status = HxSolutionStatus.FEASIBLE, iterations = 102713711, time = 3600.00s, gap = 100.00%

[14:06:12.080687] Saving solution to file: /dados/rmelo/PDPTW-SE/benchmark_multi_island_v5/official_experiments/mip_hexaly/set_02_pt_02/logs/form_melo_hx/solutions/06R_06V_02I_03M/lr202_sol_genconfig_melo_hx.txt

[14:06:12] Saving solution timeline to file: /dados/rmelo/PDPTW-SE/benchmark_multi_island_v5/official_experiments/mip_hexaly/set_02_pt_02/logs/form_melo_hx/timelines/06R_06V_02I_03M/lr202_timeline_genconfig_melo_hx.txt

[22/09/2025 14:06:12] Writing results to CSV: /dados/rmelo/PDPTW-SE/benchmark_multi_island_v5/official_experiments/mip_hexaly/set_02_pt_02/logs/form_melo_hx/outputs/csvresults_form_melo_hx.csv
---------------------| VEHICLES |---------------------

Vehicle 1 :
	id: 0
			node: 0
			(x, y, z): (35, 35, 0)
			dem: 0
			earl: 0
			lat: 1000
			servt: 0
			pid: 0
			did: 0
			servST: 454.7509336228311
			(h, h_ind): (-1, -1)
			load: 0.0
			
	Finished service at time: 454.7509336228311
	
	Task 0 -> Task 8: 26.25
	Vehicle arrival at task: 481.0009336228311
	Waiting time until service start time: -0.0
	
	id: 8
			node: 3
			(x, y, z): (10, 43, 0)
			dem: 9
			earl: 404
			lat: 481
			servt: 10
			pid: 0
			did: 55
			servST: 481.0
			(h, h_ind): (-1, -1)
			load: 9.000013602225351
			
	Finished service at time: 491.0
	
	Task 8 -> Task 2: 36.07
	Vehicle arrival at task: 527.07
	Waiting time until service start time: 2.53
	
	id: 2
			node: 1
			(x, y, z): (35, 17, 0)
			dem: 7
			earl: 0
			lat: 972
			servt: 10
			pid: 0
			did: 43
			servST: 529.6033654848469
			(h, h_ind): (-1, -1)
			load: 16.00001360222535
			
	Finished service at time: 539.6033654848469
	
	Using Machine: 0
			Task 2 -> Machine 0 (Station 0): 23.35
			Vehicle arrival at machine station: 562.9533654848469
			Waiting time until machine travel: 0.02
			Machine travel start time: 562.9731489032505
			Region 0 -> Region 1: 13.04
			Machine arrival at machine station: 576.0131489032505
			
			Machine 0 (Station 1)-> Task 3: 2.24
			Vehicle arrival at task: 578.2531489032505
			Waiting time until service start time: 0.01
			
	id: 3
			node: 2
			(x, y, z): (55, 45, 1)
			dem: 13
			earl: 0
			lat: 967
			servt: 10
			pid: 0
			did: 100
			servST: 578.258352111578
			(h, h_ind): (0, 0)
			load: 29.00001360222535
			
	Finished service at time: 588.258352111578
	
	Using Machine: 1
			Task 3 -> Machine 1 (Station 1): 4.47
			Vehicle arrival at machine station: 592.728352111578
			Waiting time until machine travel: 1.81
			Machine travel start time: 594.5367390746254
			Region 1 -> Region 0: 14.14
			Machine arrival at machine station: 608.6767390746254
			
			Machine 1 (Station 0)-> Task 43: 42.43
			Vehicle arrival at task: 651.1067390746254
			Waiting time until service start time: 3.87
			
	id: 43
			node: 7
			(x, y, z): (23, 3, 0)
			dem: -7
			earl: 620
			lat: 705
			servt: 10
			pid: 2
			did: 0
			servST: 654.9797918860172
			(h, h_ind): (1, 0)
			load: 22.000029503652453
			
	Finished service at time: 664.9797918860172
	
	Task 43 -> Task 55: 44.72
	Vehicle arrival at task: 709.6997918860172
	Waiting time until service start time: 0.0
	
	id: 55
			node: 9
			(x, y, z): (63, 23, 0)
			dem: -9
			earl: 620
			lat: 739
			servt: 10
			pid: 8
			did: 0
			servST: 709.6997918860172
			(h, h_ind): (-1, -1)
			load: 13.000029503652453
			
	Finished service at time: 719.6997918860172
	
	Task 55 -> Task 12: 17.69
	Vehicle arrival at task: 737.3897918860173
	Waiting time until service start time: 0.0
	
	id: 12
			node: 6
			(x, y, z): (50, 35, 0)
			dem: 19
			earl: 0
			lat: 975
			servt: 10
			pid: 0
			did: 26
			servST: 737.3897918860173
			(h, h_ind): (-1, -1)
			load: 32.0
			
	Finished service at time: 747.3897918860173
	
	Task 12 -> Task 26: 7.07
	Vehicle arrival at task: 754.4597918860173
	Waiting time until service start time: 0.01
	
	id: 26
			node: 12
			(x, y, z): (45, 30, 0)
			dem: -19
			earl: 0
			lat: 978
			servt: 10
			pid: 12
			did: 0
			servST: 754.468318007457
			(h, h_ind): (-1, -1)
			load: 13.0
			
	Finished service at time: 764.468318007457
	
	Task 26 -> Task 100: 29.55
	Vehicle arrival at task: 794.018318007457
	Waiting time until service start time: 3.98
	
	id: 100
			node: 8
			(x, y, z): (18, 18, 0)
			dem: -13
			earl: 798
			lat: 965
			servt: 10
			pid: 3
			did: 0
			servST: 798.0
			(h, h_ind): (-1, -1)
			load: 0.0
			
	Finished service at time: 808.0
	
	Task 100 -> Task 0: 24.04
	Vehicle arrival at task: 832.04
	Waiting time until service start time: -0.0
	
	id: 0
			node: 13
			(x, y, z): (35, 35, 0)
			dem: 0
			earl: 0
			lat: 1000
			servt: 0
			pid: 0
			did: 0
			servST: 832.0383515685628
			(h, h_ind): (-1, -1)
			load: 0.0
			

Vehicle 3 :
	id: 0
			node: 0
			(x, y, z): (35, 35, 0)
			dem: 0
			earl: 0
			lat: 1000
			servt: 0
			pid: 0
			did: 0
			servST: 266.8206334512513
			(h, h_ind): (-1, -1)
			load: 0.0
			
	Finished service at time: 266.8206334512513
	
	Using Machine: 2
			Task 0 -> Machine 2 (Station 0): 11.05
			Vehicle arrival at machine station: 277.8706334512513
			Waiting time until machine travel: 0.0
			Machine travel start time: 277.8706334512515
			Region 0 -> Region 1: 12.65
			Machine arrival at machine station: 290.52063345125146
			
			Machine 2 (Station 1)-> Task 11: 34.48
			Vehicle arrival at task: 325.0006334512515
			Waiting time until service start time: -0.0
			
	id: 11
			node: 5
			(x, y, z): (20, 65, 1)
			dem: 12
			earl: 206
			lat: 325
			servt: 10
			pid: 0
			did: 51
			servST: 325.0
			(h, h_ind): (2, 0)
			load: 12.0
			
	Finished service at time: 335.0
	
	Task 11 -> Task 51: 29.83
	Vehicle arrival at task: 364.83
	Waiting time until service start time: 3.87
	
	id: 51
			node: 11
			(x, y, z): (49, 58, 1)
			dem: -12
			earl: 348
			lat: 453
			servt: 10
			pid: 11
			did: 0
			servST: 368.6959491717599
			(h, h_ind): (-1, -1)
			load: 0.0
			
	Finished service at time: 378.6959491717599
	
	Task 51 -> Task 9: 6.32
	Vehicle arrival at task: 385.01594917175987
	Waiting time until service start time: 14.98
	
	id: 9
			node: 4
			(x, y, z): (55, 60, 1)
			dem: 16
			earl: 400
			lat: 497
			servt: 10
			pid: 0
			did: 90
			servST: 400.0
			(h, h_ind): (-1, -1)
			load: 16.000000081418392
			
	Finished service at time: 410.0
	
	Task 9 -> Task 90: 25.0
	Vehicle arrival at task: 435.0
	Waiting time until service start time: 0.0
	
	id: 90
			node: 10
			(x, y, z): (31, 67, 1)
			dem: -16
			earl: 392
			lat: 487
			servt: 10
			pid: 9
			did: 0
			servST: 435.0
			(h, h_ind): (-1, -1)
			load: 0.0
			
	Finished service at time: 445.0
	
	Using Machine: 2
			Task 90 -> Machine 2 (Station 1): 26.87
			Vehicle arrival at machine station: 471.87
			Waiting time until machine travel: -0.0
			Machine travel start time: 471.8691064695983
			Region 1 -> Region 0: 12.65
			Machine arrival at machine station: 484.5191064695983
			
			Machine 2 (Station 0)-> Task 0: 11.05
			Vehicle arrival at task: 495.5691064695983
			Waiting time until service start time: 0.0
			
	id: 0
			node: 13
			(x, y, z): (35, 35, 0)
			dem: 0
			earl: 0
			lat: 1000
			servt: 0
			pid: 0
			did: 0
			servST: 495.5692875133893
			(h, h_ind): (2, 1)
			load: 0.0
			

---------------------| MACHINES |---------------------

Machine 0 :
	setup duration: 0.0
	
	vehicle: 1
	vehicleInd: 3
	(orig, dest): (1, 2)
	(origID, destID): (2, 3)
	(origRegion, destRegion): (0, 1)
	st: 562.9731489032505
	duration: 13.04
	

Machine 1 :
	setup duration: 14.14
	
	vehicle: 1
	vehicleInd: 4
	(orig, dest): (2, 7)
	(origID, destID): (3, 43)
	(origRegion, destRegion): (1, 0)
	st: 594.5367390746254
	duration: 14.14
	

Machine 2 :
	setup duration: 0.0
	
	vehicle: 3
	vehicleInd: 1
	(orig, dest): (0, 5)
	(origID, destID): (0, 11)
	(origRegion, destRegion): (0, 1)
	st: 277.8706334512515
	duration: 12.65
	
	setup duration: 0.0
	
	vehicle: 3
	vehicleInd: 5
	(orig, dest): (10, 13)
	(origID, destID): (90, 0)
	(origRegion, destRegion): (1, 0)
	st: 471.8691064695983
	duration: 12.65
	

-------------------| COMPL. TIMES |-------------------

Vehicle 0 : 0.0
Vehicle 1 : 377.2867
Vehicle 2 : -0.0
Vehicle 3 : 228.74865
Vehicle 4 : 0.0
Vehicle 5 : 0.0
-------------------| STATISTICS |-------------------

    Vehicles used                           : 33.3333
    Machines used                           : 100.0
    Max load (vehicles)                     : 100.0
    Min load (vehicles)                     : 50.0
    Mean load (vehicles)                    : 75.0
    Min completion time                     : 22.8749
    Max completion time                     : 37.7287
    Mean completion time                    : 30.3018
    Avrg travel time (with vehicle)         : 2.6057
    Avrg travel time (only with vehicle)    : 1.7493
    Avrg travel time (no vehicle)           : 0.8563
    Avrg waiting time (machine travel)      : 0.2423
    Avrg waiting time (service)             : 3.8029
    Machines travel times (with vehicle)    : [2.608, 1.414, 3.795]
    Machines travel times (no vehicle)      : [1.304, 0.0, 1.265]
    Max load per vehicle                    : [0.0, 100.0, 0.0, 50.0, 0.0, 0.0]
----------------------------------------------------

TOTAL: 606.03535

Everything is awesome!
