Set parameter WLSAccessID
Set parameter WLSSecret
Set parameter LicenseID to value 2661775
Academic license 2661775 - for non-commercial use only - registered to me___@dcc.ufba.br
Parameter 'method_type' with value 'form' successfully set as form of type <class 'str'>
Parameter 'method_code' with value 'melo_hx' successfully set as melo_hx of type <class 'str'>
Parameter 'seed' with value '0' successfully set as 0 of type <class 'int'>
Parameter 'hx_max_time' with value '3600' successfully set as 3600 of type <class 'int'>
Parameter 'threads' with value '8' successfully set as 8 of type <class 'int'>
Parameter 'print_sol' with value '1' successfully set as 1 of type <class 'int'>
Parameter 'constraints_used_melo_mip_str' with value '1-29' successfully set as 1-29 of type <class 'str'>
Instance: lr204_t2_06R_06V_04I_04M
ParameterData(inst_path='/dados/rmelo/PDPTW-SE/benchmark_multi_island_v5/official_experiments/mip_hexaly/set_02_pt_02/../../../instances/orig_ams_fg/06R_06V_04I_04M/t2/lr204/', name='lr204', type='t2', group='06R_06V_04I_04M', full_name='lr204_t2_06R_06V_04I_04M', method_type='form', method_code='melo_hx', gen_config_file='/dados/rmelo/PDPTW-SE/benchmark_multi_island_v5/official_experiments/mip_hexaly/set_02_pt_02/configs/genconfig_melo_hx.conf', gen_config_filename='genconfig_melo_hx', greedy_service_order='tightest_tw', cutoff=0, cutoff_machs=4, solver='Gurobi', max_time=7200, gurobi_cuts=1, type_user_cut=0, mip_presolve=-1, print_sol=1, max_nodes=-1, elevator=0, make_instance_feasible=False, output='/dados/rmelo/PDPTW-SE/benchmark_multi_island_v5/official_experiments/mip_hexaly/set_02_pt_02/logs', epsilon=0.005, epsilon_cap=0.5, warm_start=False, seed=0, rng=<random.Random object at 0x5577005b6680>, alpha=0.2, max_iter=1000000, output_flag_grb_mip=0, output_flag_grb_mslp=0, output_flag_grb_lmns=0, mslp_r='M', mslp_a='60', lmns_r='M', lmns_a='60', lmns_repair_time=30.0, lmns_mip_focus=0, lmns_gap_to_bigger_destruction=50, lmns_gap_to_smaller_destruction=95, lmns_weight_shaw_dist_prox=1.0, lmns_weight_shaw_earl_prox=1.0, lmns_weight_shaw_same_route=1.0, lmns_weight_shaw_demand_sim=1.0, lmns_req_r_apply_mip_start=True, lmns_acceptance_criteria='H', lmns_metropolis_temp=100.0, lmns_simulated_annealing_temp=100.0, lmns_simulated_annealing_cool=0.95, mip_max_time=3600, hx_max_time=3600, csv_file_name='', sol_file_name='', timeline_file_name='', grb_file_name='', validate_synchronization=True, constraints_used_melo_mip_str='1-29', constraints_used_melo_mip=None, run_callback_melo_mip=False, mip_heuristics=0.05, threads=8)
Constraints active in melo MIP
1 2 3 4 5 6 7 8 9 10 11 12 13 14 15 16 17 18 19 20 21 22 23 24 25 26 27 28 29 
[Reading Data] Using files at /dados/rmelo/PDPTW-SE/benchmark_multi_island_v5/official_experiments/mip_hexaly/set_02_pt_02/../../../instances/orig_ams_fg/06R_06V_04I_04M/t2/lr204/
vehicles: [Vehicle(id=0, cap=26), Vehicle(id=1, cap=32), Vehicle(id=2, cap=38), Vehicle(id=3, cap=26), Vehicle(id=4, cap=32), Vehicle(id=5, cap=38)]
vehicle_types: [Vehicle(id=3, cap=26), Vehicle(id=4, cap=32), Vehicle(id=5, cap=38)]
machines: [Machine(id=0, points=[Point(x=47, y=35, z=0), Point(x=56, y=47, z=1), Point(x=29, y=51, z=2), Point(x=60, y=3, z=3)], spd=1.0), Machine(id=1, points=[Point(x=46, y=35, z=0), Point(x=55, y=48, z=1), Point(x=28, y=51, z=2), Point(x=61, y=3, z=3)], spd=1.0), Machine(id=2, points=[Point(x=45, y=35, z=0), Point(x=56, y=48, z=1), Point(x=27, y=50, z=2), Point(x=62, y=3, z=3)], spd=1.0), Machine(id=3, points=[Point(x=49, y=33, z=0), Point(x=55, y=49, z=1), Point(x=31, y=55, z=2), Point(x=63, y=4, z=3)], spd=1.0)]
refs: [0, 2, 3, 4, 6, 7, 8, 10, 1, 9, 12, 11, 5, 0]
V: [0, 1, 2, 3, 4, 5, 6, 7, 8, 9, 10, 11, 12]
V_p: [1, 2, 3, 4, 5, 6]
V_d: [7, 8, 9, 10, 11, 12]
V_p_d: [1, 2, 3, 4, 5, 6, 7, 8, 9, 10, 11, 12]
Vprime: [0, 1, 2, 3, 4, 5, 6, 7, 8, 9, 10, 11, 12, 13]
q: [0, 5, 9, 16, 12, 19, 8, -5, -9, -16, -12, -19, -8, 0]
H: [0, 1, 2, 3]
Machine points:
# Machine 0
	Point(x=47, y=35, z=0)
	Point(x=56, y=47, z=1)
	Point(x=29, y=51, z=2)
	Point(x=60, y=3, z=3)

# Machine 1
	Point(x=46, y=35, z=0)
	Point(x=55, y=48, z=1)
	Point(x=28, y=51, z=2)
	Point(x=61, y=3, z=3)

# Machine 2
	Point(x=45, y=35, z=0)
	Point(x=56, y=48, z=1)
	Point(x=27, y=50, z=2)
	Point(x=62, y=3, z=3)

# Machine 3
	Point(x=49, y=33, z=0)
	Point(x=55, y=49, z=1)
	Point(x=31, y=55, z=2)
	Point(x=63, y=4, z=3)

f: [[0 0 0 0]
 [2 2 2 2]
 [2 2 2 2]
 [1 1 1 1]
 [2 2 2 2]
 [0 0 0 0]
 [0 0 0 0]
 [2 2 2 2]
 [1 1 1 1]
 [0 0 0 0]
 [3 3 3 3]
 [1 1 1 1]
 [2 2 2 2]
 [0 0 0 0]]
(0, 0, 0) 0.0
(0, 1, 0) 15.0
(0, 2, 0) 24.08
(0, 3, 0) 34.54
(1, 0, 0) 15.0
(1, 1, 0) 0.0
(1, 2, 0) 27.29
(1, 3, 0) 44.18
(2, 0, 0) 24.08
(2, 1, 0) 27.29
(2, 2, 0) 0.0
(2, 3, 0) 57.14
(3, 0, 0) 34.54
(3, 1, 0) 44.18
(3, 2, 0) 57.14
(3, 3, 0) 0.0
(0, 0, 1) 0.0
(0, 1, 1) 15.81
(0, 2, 1) 24.08
(0, 3, 1) 35.34
(1, 0, 1) 15.81
(1, 1, 1) 0.0
(1, 2, 1) 27.17
(1, 3, 1) 45.4
(2, 0, 1) 24.08
(2, 1, 1) 27.17
(2, 2, 1) 0.0
(2, 3, 1) 58.25
(3, 0, 1) 35.34
(3, 1, 1) 45.4
(3, 2, 1) 58.25
(3, 3, 1) 0.0
(0, 0, 2) 0.0
(0, 1, 2) 17.03
(0, 2, 2) 23.43
(0, 3, 2) 36.24
(1, 0, 2) 17.03
(1, 1, 2) 0.0
(1, 2, 2) 29.07
(1, 3, 2) 45.4
(2, 0, 2) 23.43
(2, 1, 2) 29.07
(2, 2, 2) 0.0
(2, 3, 2) 58.6
(3, 0, 2) 36.24
(3, 1, 2) 45.4
(3, 2, 2) 58.6
(3, 3, 2) 0.0
(0, 0, 3) 0.0
(0, 1, 3) 17.09
(0, 2, 3) 28.43
(0, 3, 3) 32.2
(1, 0, 3) 17.09
(1, 1, 3) 0.0
(1, 2, 3) 24.74
(1, 3, 3) 45.71
(2, 0, 3) 28.43
(2, 1, 3) 24.74
(2, 2, 3) 0.0
(2, 3, 3) 60.21
(3, 0, 3) 32.2
(3, 1, 3) 45.71
(3, 2, 3) 60.21
(3, 3, 3) 0.0
Number of arcs: 121
M:  (0, np.int64(0)) (1, np.int64(58)) (2, np.int64(1094)) (3, np.int64(1084)) (4, np.int64(1046)) (5, np.int64(1036)) (6, np.int64(1096)) (7, np.int64(1122)) (8, np.int64(62))
JOBS in the order of refs (Vprime)
Node 0: Job(id=0, point=Point(x=35, y=35, z=0), dem=0, earl=0, lat=1000, servt=0, pid=0, did=0)
Node 1: Job(id=7, point=Point(x=20, y=50, z=2), dem=5, earl=0, lat=968, servt=10, pid=0, did=31)
Node 2: Job(id=8, point=Point(x=10, y=43, z=2), dem=9, earl=404, lat=481, servt=10, pid=0, did=3)
Node 3: Job(id=9, point=Point(x=55, y=60, z=1), dem=16, earl=400, lat=497, servt=10, pid=0, did=21)
Node 4: Job(id=11, point=Point(x=20, y=65, z=2), dem=12, earl=206, lat=325, servt=10, pid=0, did=67)
Node 5: Job(id=12, point=Point(x=50, y=35, z=0), dem=19, earl=0, lat=975, servt=10, pid=0, did=35)
Node 6: Job(id=15, point=Point(x=30, y=5, z=0), dem=8, earl=175, lat=300, servt=10, pid=0, did=10)
Node 7: Job(id=31, point=Point(x=31, y=52, z=2), dem=-5, earl=0, lat=972, servt=10, pid=7, did=0)
Node 8: Job(id=3, point=Point(x=55, y=45, z=1), dem=-9, earl=0, lat=967, servt=10, pid=8, did=0)
Node 9: Job(id=21, point=Point(x=45, y=20, z=0), dem=-16, earl=0, lat=971, servt=10, pid=9, did=0)
Node 10: Job(id=67, point=Point(x=67, y=5, z=3), dem=-12, earl=294, lat=401, servt=10, pid=11, did=0)
Node 11: Job(id=35, point=Point(x=63, y=65, z=1), dem=-19, earl=0, lat=948, servt=10, pid=12, did=0)
Node 12: Job(id=10, point=Point(x=30, y=60, z=2), dem=-8, earl=0, lat=964, servt=10, pid=15, did=0)
Node 13: Job(id=0, point=Point(x=35, y=35, z=0), dem=0, earl=0, lat=1000, servt=0, pid=0, did=0)

### Preprocessing Data ###
	-> arcs: 196 (100.0%)
	-> arc_removals: 75 (38.27%)
	-> arc_removals_is_loop: 14 (7.14%)
	-> arc_removals_is_delivery_to_pickup: 8 (4.08%)
	-> arc_removals_is_depot_begin_to_delivery: 6 (3.06%)
	-> arc_removals_is_pickup_to_depot_end: 6 (3.06%)
	-> arc_removals_is_dest_depot_begin: 12 (6.12%)
	-> arc_removals_is_orig_depot_end: 11 (5.61%)
	-> arc_removals_is_capacity_violated: 0 (0.0%)
	-> arc_removals_is_time_window_limited: 14 (7.14%)
	-> arc_removals_is_time_window_pairing_limited: 2 (1.02%)
	-> arc_removals_is_indirect_request_service_impossible: 2 (1.02%)
	-> gamma_vars: 31684 (100.0%)
	-> feas_gamma_vars: 27795 (87.73%)
	-> infeas_gamma_vars_is_next_mtrv_unreachable: 3533 (11.15%)
	-> infeas_gamma_vars_is_iprime_jprime_eq_i_j: 356 (1.12%)
	-> machine_removal_for_an_arc: 0 (0.0%)
##########################

### Model variables summary ###
	-> Total number of variables: 29341
		- x: 726
		- z: 84
		- t: 12
		- tstart: 6
		- tfinal: 6
		- phi: 356
		- alpha: 356
		- gamma: 27795
	-> Number of binary variables: 28961


[23:26:41] Adding routing constraints
[23:26:41] Adding scheduling constraints
[23:26:42] Adding objective function

Model:  expressions = 359791, decisions = 29347, constraints = 106226, objectives = 1
Param:  time limit = 3600 sec, no iteration limit, nb threads = 8
        seed = 0

[objective direction ]:     minimize

[  0 sec,       0 itr]: No feasible solution found (infeas = 42)
[  1 sec,    3823 itr]: No feasible solution found (infeas = 42)
[  2 sec,    4728 itr]: No feasible solution found (infeas = 42)
[  3 sec,    9729 itr]: No feasible solution found (infeas = 42)
[  4 sec,   14679 itr]: No feasible solution found (infeas = 21)
[  5 sec,   18987 itr]: No feasible solution found (infeas = 8)
[  6 sec,   23683 itr]: No feasible solution found (infeas = 8)
[  7 sec,   33071 itr]: No feasible solution found (infeas = 8)
[  8 sec,   33071 itr]: No feasible solution found (infeas = 8)
[  9 sec,   37849 itr]: No feasible solution found (infeas = 8)
[ 10 sec,   47947 itr]: No feasible solution found (infeas = 6)
[ 11 sec,   52878 itr]: No feasible solution found (infeas = 6)
[ 12 sec,   52878 itr]: No feasible solution found (infeas = 6)
[ 13 sec,   62106 itr]: No feasible solution found (infeas = 6)
[ 14 sec,   62106 itr]: No feasible solution found (infeas = 6)
[ 15 sec,   66714 itr]: No feasible solution found (infeas = 6)
[ 16 sec,   71967 itr]: No feasible solution found (infeas = 6)
[ 17 sec,   82669 itr]: No feasible solution found (infeas = 6)
[ 18 sec,   87921 itr]: No feasible solution found (infeas = 6)
[ 19 sec,   87921 itr]: No feasible solution found (infeas = 6)
[ 20 sec,   97974 itr]: No feasible solution found (infeas = 6)
[ 21 sec,   97974 itr]: No feasible solution found (infeas = 6)
[ 22 sec,  108228 itr]: No feasible solution found (infeas = 6)
[ 23 sec,  108228 itr]: No feasible solution found (infeas = 6)
[ 24 sec,  113177 itr]: No feasible solution found (infeas = 6)
[ 25 sec,  118065 itr]: No feasible solution found (infeas = 6)
[ 26 sec,  127771 itr]: No feasible solution found (infeas = 6)
[ 27 sec,  127771 itr]: No feasible solution found (infeas = 6)
[ 28 sec,  136700 itr]: No feasible solution found (infeas = 6)
[ 29 sec,  136700 itr]: No feasible solution found (infeas = 6)
[ 30 sec,  140761 itr]: No feasible solution found (infeas = 6)
[ 31 sec,  145040 itr]: No feasible solution found (infeas = 6)
[ 32 sec,  149403 itr]: No feasible solution found (infeas = 6)
[ 33 sec,  158024 itr]: No feasible solution found (infeas = 6)
[ 34 sec,  162051 itr]: No feasible solution found (infeas = 6)
[ 35 sec,  162051 itr]: No feasible solution found (infeas = 6)
[ 36 sec,  166330 itr]: No feasible solution found (infeas = 6)
[ 37 sec,  174654 itr]: No feasible solution found (infeas = 6)
[ 38 sec,  174654 itr]: No feasible solution found (infeas = 6)
[ 39 sec,  180070 itr]: No feasible solution found (infeas = 5)
[ 40 sec,  180070 itr]: No feasible solution found (infeas = 5)
[ 41 sec,  183327 itr]: No feasible solution found (infeas = 5)
[ 42 sec,  186485 itr]: No feasible solution found (infeas = 5)
[ 43 sec,  192545 itr]: No feasible solution found (infeas = 5)
[ 44 sec,  192545 itr]: No feasible solution found (infeas = 5)
[ 45 sec,  197958 itr]: No feasible solution found (infeas = 5)
[ 46 sec,  197958 itr]: No feasible solution found (infeas = 5)
[ 47 sec,  202866 itr]: No feasible solution found (infeas = 5)
[ 48 sec,  205261 itr]: No feasible solution found (infeas = 5)
[ 49 sec,  205261 itr]: No feasible solution found (infeas = 5)
[ 50 sec,  207691 itr]: No feasible solution found (infeas = 5)
[ 51 sec,  210034 itr]: No feasible solution found (infeas = 5)
[ 52 sec,  212285 itr]: No feasible solution found (infeas = 5)
[ 53 sec,  214594 itr]: No feasible solution found (infeas = 5)
[ 54 sec,  216864 itr]: No feasible solution found (infeas = 5)
[ 55 sec,  219046 itr]: No feasible solution found (infeas = 5)
[ 56 sec,  221380 itr]: No feasible solution found (infeas = 5)
[ 57 sec,  224289 itr]: No feasible solution found (infeas = 5)
[ 58 sec,  227133 itr]: No feasible solution found (infeas = 5)
[ 59 sec,  232611 itr]: No feasible solution found (infeas = 5)
[ 60 sec,  232611 itr]: No feasible solution found (infeas = 5)
[ 61 sec,  235466 itr]: No feasible solution found (infeas = 5)
[ 62 sec,  238488 itr]: No feasible solution found (infeas = 5)
[ 63 sec,  241455 itr]: No feasible solution found (infeas = 5)
[ 64 sec,  247499 itr]: No feasible solution found (infeas = 5)
[ 65 sec,  247499 itr]: No feasible solution found (infeas = 5)
[ 66 sec,  250644 itr]: No feasible solution found (infeas = 5)
[ 67 sec,  253590 itr]: No feasible solution found (infeas = 5)
[ 68 sec,  260839 itr]: No feasible solution found (infeas = 5)
[ 69 sec,  260839 itr]: No feasible solution found (infeas = 5)
[ 70 sec,  264669 itr]: No feasible solution found (infeas = 5)
[ 71 sec,  268826 itr]: No feasible solution found (infeas = 5)
[ 72 sec,  272699 itr]: No feasible solution found (infeas = 5)
[ 73 sec,  280224 itr]: No feasible solution found (infeas = 5)
[ 74 sec,  280224 itr]: No feasible solution found (infeas = 5)
[ 75 sec,  287981 itr]: No feasible solution found (infeas = 5)
[ 76 sec,  287981 itr]: No feasible solution found (infeas = 5)
[ 77 sec,  292219 itr]: No feasible solution found (infeas = 5)
[ 78 sec,  296139 itr]: No feasible solution found (infeas = 5)
[ 79 sec,  300218 itr]: No feasible solution found (infeas = 5)
[ 80 sec,  307338 itr]: No feasible solution found (infeas = 5)
[ 81 sec,  307338 itr]: No feasible solution found (infeas = 5)
[ 82 sec,  310753 itr]: No feasible solution found (infeas = 5)
[ 83 sec,  317500 itr]: No feasible solution found (infeas = 5)
[ 84 sec,  317500 itr]: No feasible solution found (infeas = 5)
[ 85 sec,  324043 itr]: No feasible solution found (infeas = 5)
[ 86 sec,  327190 itr]: No feasible solution found (infeas = 5)
[ 87 sec,  330238 itr]: No feasible solution found (infeas = 5)
[ 88 sec,  333389 itr]: No feasible solution found (infeas = 5)
[ 89 sec,  336381 itr]: No feasible solution found (infeas = 5)
[ 90 sec,  339528 itr]: No feasible solution found (infeas = 5)
[ 91 sec,  342736 itr]: No feasible solution found (infeas = 5)
[ 92 sec,  345908 itr]: No feasible solution found (infeas = 5)
[ 93 sec,  349158 itr]: No feasible solution found (infeas = 5)
[ 94 sec,  352288 itr]: No feasible solution found (infeas = 5)
[ 95 sec,  352288 itr]: No feasible solution found (infeas = 5)
[ 96 sec,  358798 itr]: No feasible solution found (infeas = 5)
[ 97 sec,  362266 itr]: No feasible solution found (infeas = 5)
[ 98 sec,  365505 itr]: No feasible solution found (infeas = 5)
[ 99 sec,  368937 itr]: No feasible solution found (infeas = 5)
[100 sec,  372286 itr]: No feasible solution found (infeas = 5)
[101 sec,  375733 itr]: No feasible solution found (infeas = 5)
[102 sec,  375733 itr]: No feasible solution found (infeas = 5)
[103 sec,  382130 itr]: No feasible solution found (infeas = 5)
[104 sec,  385154 itr]: No feasible solution found (infeas = 5)
[105 sec,  385154 itr]: No feasible solution found (infeas = 5)
[106 sec,  388165 itr]: No feasible solution found (infeas = 5)
[107 sec,  394271 itr]: No feasible solution found (infeas = 5)
[108 sec,  394271 itr]: No feasible solution found (infeas = 5)
[109 sec,  400183 itr]: No feasible solution found (infeas = 5)
[110 sec,  400183 itr]: No feasible solution found (infeas = 5)
[111 sec,  403022 itr]: No feasible solution found (infeas = 5)
[112 sec,  405999 itr]: No feasible solution found (infeas = 5)
[113 sec,  408884 itr]: No feasible solution found (infeas = 5)
[114 sec,  414839 itr]: No feasible solution found (infeas = 5)
[115 sec,  414839 itr]: No feasible solution found (infeas = 5)
[116 sec,  417746 itr]: No feasible solution found (infeas = 5)
[117 sec,  423999 itr]: No feasible solution found (infeas = 5)
[118 sec,  423999 itr]: No feasible solution found (infeas = 5)
[119 sec,  427040 itr]: No feasible solution found (infeas = 5)
[120 sec,  430026 itr]: No feasible solution found (infeas = 5)
[121 sec,  433129 itr]: No feasible solution found (infeas = 5)
[122 sec,  436019 itr]: No feasible solution found (infeas = 5)
[123 sec,  438822 itr]: No feasible solution found (infeas = 5)
[124 sec,  441795 itr]: No feasible solution found (infeas = 5)
[125 sec,  447536 itr]: No feasible solution found (infeas = 5)
[126 sec,  447536 itr]: No feasible solution found (infeas = 5)
[127 sec,  453409 itr]: No feasible solution found (infeas = 5)
[128 sec,  453409 itr]: No feasible solution found (infeas = 5)
[129 sec,  456620 itr]: No feasible solution found (infeas = 5)
[130 sec,  463149 itr]: No feasible solution found (infeas = 5)
[131 sec,  466476 itr]: No feasible solution found (infeas = 5)
[132 sec,  466476 itr]: No feasible solution found (infeas = 5)
[133 sec,  472848 itr]: No feasible solution found (infeas = 5)
[134 sec,  476219 itr]: No feasible solution found (infeas = 5)
[135 sec,  476219 itr]: No feasible solution found (infeas = 5)
[136 sec,  479562 itr]: No feasible solution found (infeas = 5)
[137 sec,  486274 itr]: No feasible solution found (infeas = 5)
[138 sec,  486274 itr]: No feasible solution found (infeas = 5)
[139 sec,  492922 itr]: No feasible solution found (infeas = 5)
[140 sec,  492922 itr]: No feasible solution found (infeas = 5)
[141 sec,  499560 itr]: No feasible solution found (infeas = 5)
[142 sec,  499560 itr]: No feasible solution found (infeas = 5)
[143 sec,  506138 itr]: No feasible solution found (infeas = 5)
[144 sec,  509411 itr]: No feasible solution found (infeas = 5)
[145 sec,  512833 itr]: No feasible solution found (infeas = 5)
[146 sec,  516364 itr]: No feasible solution found (infeas = 5)
[147 sec,  519994 itr]: No feasible solution found (infeas = 5)
[148 sec,  523551 itr]: No feasible solution found (infeas = 5)
[149 sec,  526956 itr]: No feasible solution found (infeas = 5)
[150 sec,  526956 itr]: No feasible solution found (infeas = 5)
[151 sec,  533748 itr]: No feasible solution found (infeas = 5)
[152 sec,  537218 itr]: No feasible solution found (infeas = 5)
[153 sec,  540628 itr]: No feasible solution found (infeas = 5)
[154 sec,  543810 itr]: No feasible solution found (infeas = 5)
[155 sec,  546964 itr]: No feasible solution found (infeas = 5)
[156 sec,  546964 itr]: No feasible solution found (infeas = 5)
[157 sec,  553696 itr]: No feasible solution found (infeas = 5)
[158 sec,  557268 itr]: No feasible solution found (infeas = 5)
[159 sec,  560806 itr]: No feasible solution found (infeas = 5)
[160 sec,  563899 itr]: No feasible solution found (infeas = 5)
[161 sec,  567167 itr]: No feasible solution found (infeas = 5)
[162 sec,  570645 itr]: No feasible solution found (infeas = 5)
[163 sec,  574187 itr]: No feasible solution found (infeas = 5)
[164 sec,  577617 itr]: No feasible solution found (infeas = 5)
[165 sec,  577617 itr]: No feasible solution found (infeas = 5)
[166 sec,  584058 itr]: No feasible solution found (infeas = 5)
[167 sec,  584058 itr]: No feasible solution found (infeas = 5)
[168 sec,  590802 itr]: No feasible solution found (infeas = 5)
[169 sec,  594163 itr]: No feasible solution found (infeas = 5)
[170 sec,  594163 itr]: No feasible solution found (infeas = 5)
[171 sec,  600402 itr]: No feasible solution found (infeas = 5)
[172 sec,  600402 itr]: No feasible solution found (infeas = 5)
[173 sec,  603763 itr]: No feasible solution found (infeas = 5)
[174 sec,  610428 itr]: No feasible solution found (infeas = 5)
[175 sec,  613861 itr]: No feasible solution found (infeas = 5)
[176 sec,  617332 itr]: No feasible solution found (infeas = 5)
[177 sec,  617332 itr]: No feasible solution found (infeas = 5)
[178 sec,  624276 itr]: No feasible solution found (infeas = 5)
[179 sec,  624276 itr]: No feasible solution found (infeas = 5)
[180 sec,  631764 itr]: No feasible solution found (infeas = 5)
[181 sec,  634729 itr]: No feasible solution found (infeas = 5)
[182 sec,  637706 itr]: No feasible solution found (infeas = 5)
[183 sec,  637706 itr]: No feasible solution found (infeas = 5)
[184 sec,  643471 itr]: No feasible solution found (infeas = 5)
[185 sec,  643471 itr]: No feasible solution found (infeas = 5)
[186 sec,  649103 itr]: No feasible solution found (infeas = 5)
[187 sec,  649103 itr]: No feasible solution found (infeas = 5)
[188 sec,  654792 itr]: No feasible solution found (infeas = 5)
[189 sec,  657713 itr]: No feasible solution found (infeas = 5)
[190 sec,  660468 itr]: No feasible solution found (infeas = 5)
[191 sec,  663259 itr]: No feasible solution found (infeas = 5)
[192 sec,  666174 itr]: No feasible solution found (infeas = 5)
[193 sec,  668829 itr]: No feasible solution found (infeas = 5)
[194 sec,  668829 itr]: No feasible solution found (infeas = 5)
[195 sec,  671677 itr]: No feasible solution found (infeas = 5)
[196 sec,  674398 itr]: No feasible solution found (infeas = 5)
[197 sec,  677307 itr]: No feasible solution found (infeas = 5)
[198 sec,  680261 itr]: No feasible solution found (infeas = 5)
[199 sec,  686337 itr]: No feasible solution found (infeas = 5)
[200 sec,  689342 itr]: No feasible solution found (infeas = 5)
[201 sec,  692409 itr]: No feasible solution found (infeas = 5)
[202 sec,  695449 itr]: No feasible solution found (infeas = 5)
[203 sec,  698418 itr]: No feasible solution found (infeas = 5)
[204 sec,  698418 itr]: No feasible solution found (infeas = 5)
[205 sec,  704346 itr]: No feasible solution found (infeas = 5)
[206 sec,  707230 itr]: No feasible solution found (infeas = 5)
[207 sec,  707230 itr]: No feasible solution found (infeas = 5)
[208 sec,  713094 itr]: No feasible solution found (infeas = 5)
[209 sec,  715889 itr]: No feasible solution found (infeas = 5)
[210 sec,  718546 itr]: No feasible solution found (infeas = 5)
[211 sec,  718546 itr]: No feasible solution found (infeas = 5)
[212 sec,  724207 itr]: No feasible solution found (infeas = 5)
[213 sec,  724207 itr]: No feasible solution found (infeas = 5)
[214 sec,  729942 itr]: No feasible solution found (infeas = 5)
[215 sec,  729942 itr]: No feasible solution found (infeas = 5)
[216 sec,  735917 itr]: No feasible solution found (infeas = 5)
[217 sec,  738854 itr]: No feasible solution found (infeas = 5)
[218 sec,  741903 itr]: No feasible solution found (infeas = 5)
[219 sec,  744892 itr]: No feasible solution found (infeas = 5)
[220 sec,  747512 itr]: No feasible solution found (infeas = 5)
[221 sec,  750474 itr]: No feasible solution found (infeas = 5)
[222 sec,  750474 itr]: No feasible solution found (infeas = 5)
[223 sec,  756382 itr]: No feasible solution found (infeas = 5)
[224 sec,  759002 itr]: No feasible solution found (infeas = 5)
[225 sec,  761603 itr]: No feasible solution found (infeas = 5)
[226 sec,  761603 itr]: No feasible solution found (infeas = 5)
[227 sec,  766352 itr]: No feasible solution found (infeas = 5)
[228 sec,  766352 itr]: No feasible solution found (infeas = 5)
[229 sec,  768777 itr]: No feasible solution found (infeas = 5)
[230 sec,  771233 itr]: No feasible solution found (infeas = 5)
[231 sec,  773699 itr]: No feasible solution found (infeas = 5)
[232 sec,  779074 itr]: No feasible solution found (infeas = 5)
[233 sec,  779074 itr]: No feasible solution found (infeas = 5)
[234 sec,  785024 itr]: No feasible solution found (infeas = 5)
[235 sec,  785024 itr]: No feasible solution found (infeas = 5)
[236 sec,  791410 itr]: No feasible solution found (infeas = 5)
[237 sec,  791410 itr]: No feasible solution found (infeas = 5)
[238 sec,  794731 itr]: No feasible solution found (infeas = 5)
[239 sec,  801444 itr]: No feasible solution found (infeas = 5)
[240 sec,  801444 itr]: No feasible solution found (infeas = 5)
[241 sec,  807915 itr]: No feasible solution found (infeas = 5)
[242 sec,  807915 itr]: No feasible solution found (infeas = 5)
[243 sec,  814586 itr]: No feasible solution found (infeas = 5)
[244 sec,  814586 itr]: No feasible solution found (infeas = 5)
[245 sec,  817865 itr]: No feasible solution found (infeas = 5)
[246 sec,  821188 itr]: No feasible solution found (infeas = 5)
[247 sec,  824456 itr]: No feasible solution found (infeas = 5)
[248 sec,  827851 itr]: No feasible solution found (infeas = 5)
[249 sec,  831168 itr]: No feasible solution found (infeas = 5)
[250 sec,  834433 itr]: No feasible solution found (infeas = 5)
[251 sec,  837586 itr]: No feasible solution found (infeas = 5)
[252 sec,  840914 itr]: No feasible solution found (infeas = 5)
[253 sec,  844305 itr]: No feasible solution found (infeas = 5)
[254 sec,  847636 itr]: No feasible solution found (infeas = 5)
[255 sec,  854168 itr]: No feasible solution found (infeas = 5)
[256 sec,  854168 itr]: No feasible solution found (infeas = 5)
[257 sec,  857554 itr]: No feasible solution found (infeas = 5)
[258 sec,  861091 itr]: No feasible solution found (infeas = 5)
[259 sec,  867677 itr]: No feasible solution found (infeas = 5)
[260 sec,  867677 itr]: No feasible solution found (infeas = 5)
[261 sec,  871064 itr]: No feasible solution found (infeas = 5)
[262 sec,  877625 itr]: No feasible solution found (infeas = 5)
[263 sec,  880888 itr]: No feasible solution found (infeas = 5)
[264 sec,  884287 itr]: No feasible solution found (infeas = 5)
[265 sec,  887824 itr]: No feasible solution found (infeas = 5)
[266 sec,  887824 itr]: No feasible solution found (infeas = 5)
[267 sec,  891105 itr]: No feasible solution found (infeas = 5)
[268 sec,  894454 itr]: No feasible solution found (infeas = 5)
[269 sec,  897535 itr]: No feasible solution found (infeas = 5)
[270 sec,  903837 itr]: No feasible solution found (infeas = 5)
[271 sec,  906895 itr]: No feasible solution found (infeas = 5)
[272 sec,  906895 itr]: No feasible solution found (infeas = 5)
[273 sec,  912860 itr]: No feasible solution found (infeas = 5)
[274 sec,  915470 itr]: No feasible solution found (infeas = 5)
[275 sec,  915470 itr]: No feasible solution found (infeas = 5)
[276 sec,  917813 itr]: No feasible solution found (infeas = 5)
[277 sec,  920269 itr]: No feasible solution found (infeas = 5)
[278 sec,  925681 itr]: No feasible solution found (infeas = 5)
[279 sec,  925681 itr]: No feasible solution found (infeas = 5)
[280 sec,  928333 itr]: No feasible solution found (infeas = 5)
[281 sec,  931052 itr]: No feasible solution found (infeas = 5)
[282 sec,  936441 itr]: No feasible solution found (infeas = 5)
[283 sec,  939152 itr]: No feasible solution found (infeas = 5)
[284 sec,  939152 itr]:       786.05
[ optimality gap     ]:      100.00%
[285 sec,  941323 itr]:      786.049
[286 sec,  943456 itr]:      786.049
[287 sec,  945098 itr]:      786.049
[288 sec,  946967 itr]:      786.049
[289 sec,  950715 itr]:      786.049
[290 sec,  952562 itr]:      786.049
[291 sec,  954552 itr]:      786.049
[292 sec,  954552 itr]:      786.049
[293 sec,  958625 itr]:      786.049
[294 sec,  960628 itr]:      786.049
[ optimality gap     ]:      100.00%
[295 sec,  960628 itr]:      786.049
[296 sec,  964394 itr]:      786.049
[297 sec,  964394 itr]:      786.049
[298 sec,  965913 itr]:      786.049
[299 sec,  967565 itr]:      786.049
[300 sec,  969282 itr]:      786.049
[301 sec,  973271 itr]:      786.049
[302 sec,  973271 itr]:      786.049
[303 sec,  975466 itr]:      786.049
[304 sec,  977744 itr]:      786.049
[ optimality gap     ]:      100.00%
[305 sec,  979462 itr]:      786.049
[306 sec,  981211 itr]:      786.049
[307 sec,  982377 itr]:      786.049
[308 sec,  986905 itr]:      786.049
[309 sec,  986905 itr]:      786.049
[310 sec,  988421 itr]:      786.049
[311 sec,  990127 itr]:      786.049
[312 sec,  993138 itr]:      786.049
[313 sec,  993138 itr]:      786.049
[314 sec,  994713 itr]:      786.049
[ optimality gap     ]:      100.00%
[315 sec,  996211 itr]:      786.049
[316 sec,  998055 itr]:      786.049
[317 sec,  999887 itr]:      786.049
[318 sec, 1001115 itr]:      786.049
[319 sec, 1002890 itr]:      786.049
[320 sec, 1004858 itr]:      786.049
[321 sec, 1006343 itr]:      786.049
[322 sec, 1008412 itr]:      786.049
[323 sec, 1010025 itr]:      786.049
[324 sec, 1012074 itr]:      786.049
[ optimality gap     ]:      100.00%
[325 sec, 1014129 itr]:      786.049
[326 sec, 1015677 itr]:      786.049
[327 sec, 1017625 itr]:       735.13
[328 sec, 1019246 itr]:       735.13
[329 sec, 1020778 itr]:       735.13
[330 sec, 1022346 itr]:       735.13
[331 sec, 1023716 itr]:       735.13
[332 sec, 1025757 itr]:       735.13
[333 sec, 1025757 itr]:       735.13
[334 sec, 1027113 itr]:       735.13
[ optimality gap     ]:      100.00%
[335 sec, 1028387 itr]:       735.13
[336 sec, 1030462 itr]:       735.13
[337 sec, 1030462 itr]:       735.13
[338 sec, 1032955 itr]:       735.13
[339 sec, 1032955 itr]:       735.13
[340 sec, 1033945 itr]:       735.13
[341 sec, 1036654 itr]:       735.13
[342 sec, 1038146 itr]:       735.13
[343 sec, 1038146 itr]:       735.13
[344 sec, 1041006 itr]:       734.72
[ optimality gap     ]:      100.00%
[345 sec, 1041006 itr]:       734.72
[346 sec, 1043160 itr]:       734.72
[347 sec, 1047078 itr]:      734.719
[348 sec, 1047078 itr]:      734.719
[349 sec, 1048955 itr]:      734.719
[350 sec, 1051163 itr]:      734.719
[351 sec, 1052846 itr]:      734.719
[352 sec, 1054375 itr]:      734.719
[353 sec, 1058148 itr]:      734.719
[354 sec, 1058148 itr]:      734.719
[ optimality gap     ]:      100.00%
[355 sec, 1060615 itr]:      734.718
[356 sec, 1062243 itr]:      734.718
[357 sec, 1064336 itr]:      734.718
[358 sec, 1068441 itr]:      734.718
[359 sec, 1070324 itr]:      734.718
[360 sec, 1072737 itr]:      734.718
[361 sec, 1072737 itr]:      734.718
[362 sec, 1075040 itr]:      734.718
[363 sec, 1079070 itr]:      734.718
[364 sec, 1079070 itr]:      734.718
[ optimality gap     ]:      100.00%
[365 sec, 1081416 itr]:      734.718
[366 sec, 1085562 itr]:      734.718
[367 sec, 1085562 itr]:      734.718
[368 sec, 1087731 itr]:      734.718
[369 sec, 1089493 itr]:      734.718
[370 sec, 1091877 itr]:      734.718
[371 sec, 1094315 itr]:      734.718
[372 sec, 1096333 itr]:      734.718
[373 sec, 1098399 itr]:      734.718
[374 sec, 1102061 itr]:      734.718
[ optimality gap     ]:      100.00%
[375 sec, 1102061 itr]:      734.718
[376 sec, 1104075 itr]:      734.718
[377 sec, 1106161 itr]:      734.718
[378 sec, 1109606 itr]:      734.718
[379 sec, 1109606 itr]:       658.77
[380 sec, 1111461 itr]:       658.77
[381 sec, 1113916 itr]:      658.769
[382 sec, 1115240 itr]:      658.769
[383 sec, 1115240 itr]:      658.769
[384 sec, 1116357 itr]:      658.769
[ optimality gap     ]:      100.00%
[385 sec, 1117647 itr]:      658.769
[386 sec, 1119022 itr]:      658.769
[387 sec, 1120205 itr]:      658.769
[388 sec, 1121486 itr]:      658.769
[389 sec, 1122795 itr]:      658.769
[390 sec, 1124159 itr]:      658.769
[391 sec, 1125692 itr]:      658.769
[392 sec, 1127167 itr]:      658.769
[393 sec, 1129898 itr]:      658.769
[394 sec, 1129898 itr]:      658.769
[ optimality gap     ]:      100.00%
[395 sec, 1131354 itr]:      658.769
[396 sec, 1132148 itr]:      658.769
[397 sec, 1133342 itr]:      658.769
[398 sec, 1135283 itr]:      658.769
[399 sec, 1136663 itr]:      658.769
[400 sec, 1138136 itr]:      658.769
[401 sec, 1138136 itr]:      658.769
[402 sec, 1138988 itr]:      658.769
[403 sec, 1139793 itr]:      658.769
[404 sec, 1141233 itr]:      658.769
[ optimality gap     ]:      100.00%
[405 sec, 1142309 itr]:      658.769
[406 sec, 1143467 itr]:      658.769
[407 sec, 1144415 itr]:      658.769
[408 sec, 1145488 itr]:      658.769
[409 sec, 1148343 itr]:      658.769
[410 sec, 1148343 itr]:      658.769
[411 sec, 1149875 itr]:      658.769
[412 sec, 1151086 itr]:      658.769
[413 sec, 1152579 itr]:      658.769
[414 sec, 1153916 itr]:      658.769
[ optimality gap     ]:      100.00%
[415 sec, 1155320 itr]:      658.769
[416 sec, 1156352 itr]:      658.769
[417 sec, 1157861 itr]:      658.769
[418 sec, 1159190 itr]:       647.86
[419 sec, 1160782 itr]:       647.86
[420 sec, 1165838 itr]:      647.859
[421 sec, 1168274 itr]:      647.859
[422 sec, 1170793 itr]:      647.859
[423 sec, 1170793 itr]:      647.859
[424 sec, 1173260 itr]:      647.858
[ optimality gap     ]:      100.00%
[425 sec, 1177579 itr]:      647.858
[426 sec, 1180045 itr]:      647.858
[427 sec, 1182539 itr]:      647.858
[428 sec, 1184981 itr]:      647.858
[429 sec, 1187453 itr]:      647.858
[430 sec, 1189934 itr]:      647.858
[431 sec, 1192533 itr]:      647.858
[432 sec, 1195161 itr]:      647.858
[433 sec, 1197699 itr]:      647.858
[434 sec, 1200318 itr]:      647.858
[ optimality gap     ]:      100.00%
[435 sec, 1202902 itr]:      647.858
[436 sec, 1205501 itr]:      647.858
[437 sec, 1208016 itr]:      647.858
[438 sec, 1210529 itr]:      647.858
[439 sec, 1213113 itr]:      647.858
[440 sec, 1213113 itr]:      647.858
[441 sec, 1217907 itr]:      647.858
[442 sec, 1220859 itr]:      647.858
[443 sec, 1223491 itr]:      647.858
[444 sec, 1226117 itr]:      647.858
[ optimality gap     ]:      100.00%
[445 sec, 1226117 itr]:      647.858
[446 sec, 1231328 itr]:      647.858
[447 sec, 1233888 itr]:      647.858
[448 sec, 1236515 itr]:      647.858
[449 sec, 1239152 itr]:      647.858
[450 sec, 1241718 itr]:      647.858
[451 sec, 1244208 itr]:      647.858
[452 sec, 1246738 itr]:      647.858
[453 sec, 1249334 itr]:      647.858
[454 sec, 1249334 itr]:      647.858
[ optimality gap     ]:      100.00%
[455 sec, 1254577 itr]:      647.858
[456 sec, 1257218 itr]:      647.858
[457 sec, 1259794 itr]:      647.858
[458 sec, 1262391 itr]:      647.858
[459 sec, 1264999 itr]:      647.858
[460 sec, 1267724 itr]:      647.858
[461 sec, 1270379 itr]:      647.858
[462 sec, 1272946 itr]:      647.858
[463 sec, 1275816 itr]:      647.858
[464 sec, 1278719 itr]:      647.858
[ optimality gap     ]:      100.00%
[465 sec, 1278719 itr]:      647.858
[466 sec, 1284221 itr]:      647.858
[467 sec, 1284221 itr]:      647.858
[468 sec, 1289544 itr]:      647.858
[469 sec, 1292187 itr]:      647.858
[470 sec, 1294844 itr]:      647.858
[471 sec, 1297602 itr]:      647.858
[472 sec, 1300246 itr]:      647.858
[473 sec, 1302855 itr]:      647.858
[474 sec, 1305502 itr]:      647.858
[ optimality gap     ]:      100.00%
[475 sec, 1305502 itr]:      647.858
[476 sec, 1308237 itr]:      647.858
[477 sec, 1313560 itr]:      647.858
[478 sec, 1316310 itr]:      647.858
[479 sec, 1318945 itr]:      647.858
[480 sec, 1321612 itr]:      647.858
[481 sec, 1324340 itr]:      647.858
[482 sec, 1326943 itr]:      647.858
[483 sec, 1329729 itr]:      647.858
[484 sec, 1332445 itr]:      647.858
[ optimality gap     ]:      100.00%
[485 sec, 1335102 itr]:      647.858
[486 sec, 1337794 itr]:      647.858
[487 sec, 1340488 itr]:      647.858
[488 sec, 1340488 itr]:      647.858
[489 sec, 1346033 itr]:      647.858
[490 sec, 1346033 itr]:      647.858
[491 sec, 1351776 itr]:      647.858
[492 sec, 1354944 itr]:      647.858
[493 sec, 1357933 itr]:      647.858
[494 sec, 1360796 itr]:      647.858
[ optimality gap     ]:      100.00%
[495 sec, 1360796 itr]:      647.858
[496 sec, 1363452 itr]:      647.858
[497 sec, 1368770 itr]:      647.858
[498 sec, 1371494 itr]:      647.858
[499 sec, 1374055 itr]:      647.858
[500 sec, 1376728 itr]:      647.858
[501 sec, 1379437 itr]:      647.858
[502 sec, 1382043 itr]:      647.858
[503 sec, 1384618 itr]:      647.858
[504 sec, 1384618 itr]:      647.858
[ optimality gap     ]:      100.00%
[505 sec, 1389833 itr]:      647.858
[506 sec, 1392518 itr]:      647.858
[507 sec, 1395179 itr]:      647.858
[508 sec, 1397872 itr]:      647.858
[509 sec, 1400465 itr]:      647.857
[510 sec, 1403010 itr]:      647.857
[511 sec, 1405598 itr]:      647.857
[512 sec, 1408275 itr]:      647.857
[513 sec, 1410917 itr]:      647.857
[514 sec, 1413570 itr]:      647.857
[ optimality gap     ]:      100.00%
[515 sec, 1416075 itr]:      647.857
[516 sec, 1418664 itr]:      647.857
[517 sec, 1421241 itr]:      647.857
[518 sec, 1423868 itr]:      647.857
[519 sec, 1426554 itr]:      647.857
[520 sec, 1429141 itr]:      647.857
[521 sec, 1431714 itr]:      647.857
[522 sec, 1434250 itr]:      647.857
[523 sec, 1436913 itr]:      647.857
[524 sec, 1439466 itr]:      647.857
[ optimality gap     ]:      100.00%
[525 sec, 1442023 itr]:      647.857
[526 sec, 1444686 itr]:      647.857
[527 sec, 1447345 itr]:      647.857
[528 sec, 1450286 itr]:      647.857
[529 sec, 1453284 itr]:      647.857
[530 sec, 1453284 itr]:      647.857
[531 sec, 1458489 itr]:      647.857
[532 sec, 1461081 itr]:      647.857
[533 sec, 1463699 itr]:      647.857
[534 sec, 1466316 itr]:      647.857
[ optimality gap     ]:      100.00%
[535 sec, 1468937 itr]:      647.857
[536 sec, 1471622 itr]:      647.857
[537 sec, 1471622 itr]:      647.857
[538 sec, 1476547 itr]:      647.857
[539 sec, 1476547 itr]:      647.857
[540 sec, 1482042 itr]:      647.857
[541 sec, 1484737 itr]:      647.857
[542 sec, 1487472 itr]:      647.857
[543 sec, 1490145 itr]:      647.857
[544 sec, 1492830 itr]:      647.857
[ optimality gap     ]:      100.00%
[545 sec, 1492830 itr]:      647.857
[546 sec, 1498316 itr]:      647.857
[547 sec, 1501044 itr]:      647.857
[548 sec, 1503757 itr]:      647.857
[549 sec, 1506509 itr]:      647.857
[550 sec, 1509254 itr]:      647.857
[551 sec, 1511899 itr]:      647.857
[552 sec, 1514571 itr]:      647.857
[553 sec, 1514571 itr]:      647.857
[554 sec, 1517221 itr]:      647.857
[ optimality gap     ]:      100.00%
[555 sec, 1522645 itr]:      647.857
[556 sec, 1525561 itr]:      647.857
[557 sec, 1525561 itr]:      647.857
[558 sec, 1531035 itr]:      647.857
[559 sec, 1533687 itr]:      647.857
[560 sec, 1536384 itr]:      647.857
[561 sec, 1539101 itr]:      647.857
[562 sec, 1539101 itr]:      647.857
[563 sec, 1544737 itr]:      647.857
[564 sec, 1547410 itr]:      647.857
[ optimality gap     ]:      100.00%
[565 sec, 1550057 itr]:      647.857
[566 sec, 1552751 itr]:      647.857
[567 sec, 1555397 itr]:      647.857
[568 sec, 1558130 itr]:      647.857
[569 sec, 1560704 itr]:      647.857
[570 sec, 1563457 itr]:      647.857
[571 sec, 1566140 itr]:      647.857
[572 sec, 1568801 itr]:      647.857
[573 sec, 1571389 itr]:       644.22
[574 sec, 1574033 itr]:       644.22
[ optimality gap     ]:      100.00%
[575 sec, 1574033 itr]:       644.22
[576 sec, 1578583 itr]:       642.88
[577 sec, 1581064 itr]:       642.88
[578 sec, 1583454 itr]:       642.88
[579 sec, 1585778 itr]:      642.879
[580 sec, 1588034 itr]:      642.879
[581 sec, 1590329 itr]:      642.879
[582 sec, 1590329 itr]:      642.879
[583 sec, 1592600 itr]:      642.879
[584 sec, 1594886 itr]:      642.879
[ optimality gap     ]:      100.00%
[585 sec, 1599640 itr]:      642.749
[586 sec, 1599640 itr]:      642.749
[587 sec, 1604200 itr]:      642.749
[588 sec, 1606621 itr]:      642.749
[589 sec, 1609187 itr]:      642.749
[590 sec, 1611760 itr]:      642.749
[591 sec, 1614112 itr]:      642.749
[592 sec, 1614112 itr]:      642.749
[593 sec, 1618943 itr]:      642.749
[594 sec, 1621238 itr]:      642.749
[ optimality gap     ]:      100.00%
[595 sec, 1623613 itr]:      642.749
[596 sec, 1626003 itr]:      642.749
[597 sec, 1626003 itr]:      642.749
[598 sec, 1630900 itr]:      642.749
[599 sec, 1633292 itr]:      642.749
[600 sec, 1635674 itr]:      642.749
[601 sec, 1638178 itr]:      642.749
[602 sec, 1640672 itr]:      642.749
[603 sec, 1643045 itr]:      642.749
[604 sec, 1645556 itr]:      642.749
[ optimality gap     ]:      100.00%
[605 sec, 1648007 itr]:      642.749
[606 sec, 1650500 itr]:      642.749
[607 sec, 1653013 itr]:      642.749
[608 sec, 1655348 itr]:      642.749
[609 sec, 1655348 itr]:      642.749
[610 sec, 1659991 itr]:      642.748
[611 sec, 1659991 itr]:      642.748
[612 sec, 1665163 itr]:      642.748
[613 sec, 1667659 itr]:      642.748
[614 sec, 1670086 itr]:      642.748
[ optimality gap     ]:      100.00%
[615 sec, 1670086 itr]:      642.748
[616 sec, 1674917 itr]:      642.748
[617 sec, 1677421 itr]:      642.748
[618 sec, 1679847 itr]:      642.748
[619 sec, 1682294 itr]:      642.748
[620 sec, 1684833 itr]:      642.748
[621 sec, 1687215 itr]:      642.748
[622 sec, 1689709 itr]:      642.748
[623 sec, 1692139 itr]:      642.748
[624 sec, 1692139 itr]:      642.748
[ optimality gap     ]:      100.00%
[625 sec, 1696980 itr]:      642.748
[626 sec, 1696980 itr]:      642.748
[627 sec, 1699468 itr]:      642.748
[628 sec, 1704832 itr]:      642.748
[629 sec, 1704832 itr]:      642.748
[630 sec, 1709870 itr]:      642.748
[631 sec, 1709870 itr]:      642.748
[632 sec, 1714733 itr]:      642.748
[633 sec, 1714733 itr]:      642.748
[634 sec, 1719696 itr]:      642.748
[ optimality gap     ]:      100.00%
[635 sec, 1722148 itr]:      642.748
[636 sec, 1724665 itr]:      642.748
[637 sec, 1727111 itr]:      642.748
[638 sec, 1729539 itr]:      642.748
[639 sec, 1731937 itr]:      642.748
[640 sec, 1731937 itr]:      642.748
[641 sec, 1734531 itr]:      642.748
[642 sec, 1739513 itr]:      642.748
[643 sec, 1741926 itr]:      642.748
[644 sec, 1744569 itr]:      642.748
[ optimality gap     ]:      100.00%
[645 sec, 1747229 itr]:      642.748
[646 sec, 1747229 itr]:      642.748
[647 sec, 1752413 itr]:      642.748
[648 sec, 1754864 itr]:      642.748
[649 sec, 1757247 itr]:      642.748
[650 sec, 1759668 itr]:      642.748
[651 sec, 1762065 itr]:      642.748
[652 sec, 1764401 itr]:      642.748
[653 sec, 1766721 itr]:      642.748
[654 sec, 1769186 itr]:      642.748
[ optimality gap     ]:      100.00%
[655 sec, 1771661 itr]:      642.748
[656 sec, 1774052 itr]:      642.748
[657 sec, 1774052 itr]:      642.748
[658 sec, 1778463 itr]:      642.748
[659 sec, 1780966 itr]:      642.748
[660 sec, 1783457 itr]:      642.748
[661 sec, 1785962 itr]:      642.748
[662 sec, 1788438 itr]:      642.748
[663 sec, 1790880 itr]:      642.748
[664 sec, 1793353 itr]:      642.748
[ optimality gap     ]:      100.00%
[665 sec, 1795819 itr]:      642.748
[666 sec, 1798345 itr]:      642.748
[667 sec, 1800860 itr]:      642.748
[668 sec, 1803499 itr]:      642.748
[669 sec, 1803499 itr]:      642.748
[670 sec, 1806161 itr]:      642.748
[671 sec, 1810997 itr]:      642.748
[672 sec, 1813431 itr]:      642.748
[673 sec, 1815964 itr]:      642.748
[674 sec, 1818519 itr]:      642.748
[ optimality gap     ]:      100.00%
[675 sec, 1818519 itr]:      642.748
[676 sec, 1823748 itr]:      642.748
[677 sec, 1826295 itr]:      642.748
[678 sec, 1828751 itr]:      642.748
[679 sec, 1831232 itr]:      642.748
[680 sec, 1833695 itr]:      642.748
[681 sec, 1836162 itr]:      642.748
[682 sec, 1838733 itr]:      642.748
[683 sec, 1841264 itr]:      642.748
[684 sec, 1843777 itr]:      642.748
[ optimality gap     ]:      100.00%
[685 sec, 1846402 itr]:      642.748
[686 sec, 1849060 itr]:      642.748
[687 sec, 1851916 itr]:      642.748
[688 sec, 1854676 itr]:      642.748
[689 sec, 1857384 itr]:      642.748
[690 sec, 1860077 itr]:      642.748
[691 sec, 1862625 itr]:      642.748
[692 sec, 1862625 itr]:      642.748
[693 sec, 1865254 itr]:      642.748
[694 sec, 1870447 itr]:      642.748
[ optimality gap     ]:      100.00%
[695 sec, 1873054 itr]:      642.748
[696 sec, 1873054 itr]:      642.748
[697 sec, 1877884 itr]:      642.748
[698 sec, 1880284 itr]:      642.748
[699 sec, 1882628 itr]:      642.748
[700 sec, 1885058 itr]:      642.748
[701 sec, 1887520 itr]:      642.748
[702 sec, 1887520 itr]:      642.748
[703 sec, 1892435 itr]:      642.748
[704 sec, 1892435 itr]:      642.748
[ optimality gap     ]:      100.00%
[705 sec, 1897148 itr]:      642.748
[706 sec, 1897148 itr]:      642.748
[707 sec, 1901899 itr]:      642.748
[708 sec, 1901899 itr]:      642.748
[709 sec, 1904678 itr]:      642.748
[710 sec, 1907146 itr]:      642.748
[711 sec, 1912025 itr]:      642.748
[712 sec, 1914412 itr]:      642.748
[713 sec, 1916729 itr]:      642.748
[714 sec, 1919069 itr]:      642.748
[ optimality gap     ]:      100.00%
[715 sec, 1921438 itr]:      642.748
[716 sec, 1923792 itr]:      642.748
[717 sec, 1926173 itr]:      642.748
[718 sec, 1928585 itr]:      642.748
[719 sec, 1931042 itr]:      642.748
[720 sec, 1933523 itr]:      642.748
[721 sec, 1933523 itr]:      642.748
[722 sec, 1938257 itr]:      642.748
[723 sec, 1940645 itr]:      642.748
[724 sec, 1943014 itr]:      642.748
[ optimality gap     ]:      100.00%
[725 sec, 1943014 itr]:      642.748
[726 sec, 1945443 itr]:      642.748
[727 sec, 1947830 itr]:      642.748
[728 sec, 1952488 itr]:      642.748
[729 sec, 1955034 itr]:      642.747
[730 sec, 1955034 itr]:      642.747
[731 sec, 1959812 itr]:      642.747
[732 sec, 1962284 itr]:      642.747
[733 sec, 1964854 itr]:      642.747
[734 sec, 1967352 itr]:      642.747
[ optimality gap     ]:      100.00%
[735 sec, 1969819 itr]:      642.747
[736 sec, 1972334 itr]:      642.747
[737 sec, 1974684 itr]:      642.747
[738 sec, 1974684 itr]:      642.747
[739 sec, 1979752 itr]:      642.747
[740 sec, 1982407 itr]:      642.747
[741 sec, 1985137 itr]:      642.747
[742 sec, 1985137 itr]:      642.747
[743 sec, 1990187 itr]:      642.747
[744 sec, 1992693 itr]:      642.747
[ optimality gap     ]:      100.00%
[745 sec, 1995066 itr]:      642.747
[746 sec, 1997592 itr]:      642.747
[747 sec, 2000129 itr]:      642.747
[748 sec, 2002698 itr]:      642.747
[749 sec, 2005362 itr]:      642.747
[750 sec, 2007831 itr]:      642.747
[751 sec, 2010331 itr]:      642.747
[752 sec, 2012842 itr]:      642.747
[753 sec, 2015399 itr]:      642.747
[754 sec, 2017862 itr]:       641.41
[ optimality gap     ]:      100.00%
[755 sec, 2020347 itr]:       641.41
[756 sec, 2022959 itr]:       641.41
[757 sec, 2025659 itr]:      641.409
[758 sec, 2028130 itr]:      641.409
[759 sec, 2030646 itr]:      641.409
[760 sec, 2033218 itr]:      641.409
[761 sec, 2035672 itr]:      641.409
[762 sec, 2038178 itr]:      641.409
[763 sec, 2040659 itr]:      641.409
[764 sec, 2043020 itr]:      641.409
[ optimality gap     ]:      100.00%
[765 sec, 2045527 itr]:      641.409
[766 sec, 2047963 itr]:      641.409
[767 sec, 2050418 itr]:      641.409
[768 sec, 2052986 itr]:      641.409
[769 sec, 2055463 itr]:      641.409
[770 sec, 2057859 itr]:      641.409
[771 sec, 2060425 itr]:      641.409
[772 sec, 2062918 itr]:      641.409
[773 sec, 2062918 itr]:      641.409
[774 sec, 2067425 itr]:      641.408
[ optimality gap     ]:      100.00%
[775 sec, 2069951 itr]:      641.408
[776 sec, 2072371 itr]:      641.408
[777 sec, 2074971 itr]:      641.408
[778 sec, 2077681 itr]:      639.408
[779 sec, 2077681 itr]:      639.408
[780 sec, 2082769 itr]:      639.408
[781 sec, 2082769 itr]:      639.408
[782 sec, 2087835 itr]:      639.408
[783 sec, 2090414 itr]:      639.408
[784 sec, 2092885 itr]:      639.408
[ optimality gap     ]:      100.00%
[785 sec, 2095404 itr]:      639.408
[786 sec, 2098051 itr]:      639.408
[787 sec, 2100491 itr]:      639.408
[788 sec, 2102931 itr]:      639.408
[789 sec, 2102931 itr]:      639.408
[790 sec, 2108036 itr]:      639.408
[791 sec, 2110503 itr]:      639.408
[792 sec, 2113039 itr]:      639.408
[793 sec, 2115635 itr]:      639.408
[794 sec, 2118097 itr]:      639.408
[ optimality gap     ]:      100.00%
[795 sec, 2120483 itr]:      639.408
[796 sec, 2120483 itr]:      639.408
[797 sec, 2125516 itr]:      639.408
[798 sec, 2128234 itr]:      639.408
[799 sec, 2130888 itr]:      639.408
[800 sec, 2133549 itr]:      639.408
[801 sec, 2136079 itr]:      639.408
[802 sec, 2138736 itr]:      639.408
[803 sec, 2141186 itr]:      639.408
[804 sec, 2143719 itr]:      639.408
[ optimality gap     ]:      100.00%
[805 sec, 2146187 itr]:      639.408
[806 sec, 2148644 itr]:      639.408
[807 sec, 2151208 itr]:      639.408
[808 sec, 2151208 itr]:      639.408
[809 sec, 2156226 itr]:      639.408
[810 sec, 2158793 itr]:      639.408
[811 sec, 2161355 itr]:      639.408
[812 sec, 2164026 itr]:      639.408
[813 sec, 2166715 itr]:      639.408
[814 sec, 2166715 itr]:      639.408
[ optimality gap     ]:      100.00%
[815 sec, 2172045 itr]:      639.408
[816 sec, 2174659 itr]:      639.408
[817 sec, 2174659 itr]:      639.408
[818 sec, 2179565 itr]:      639.408
[819 sec, 2181968 itr]:      639.408
[820 sec, 2184547 itr]:      639.408
[821 sec, 2187152 itr]:      639.408
[822 sec, 2189549 itr]:      639.408
[823 sec, 2189549 itr]:      639.408
[824 sec, 2194450 itr]:      639.408
[ optimality gap     ]:      100.00%
[825 sec, 2194450 itr]:      639.408
[826 sec, 2196960 itr]:      639.408
[827 sec, 2202204 itr]:      639.408
[828 sec, 2202204 itr]:      639.408
[829 sec, 2207207 itr]:      639.408
[830 sec, 2209758 itr]:      639.408
[831 sec, 2209758 itr]:      639.408
[832 sec, 2215023 itr]:      639.408
[833 sec, 2217621 itr]:      639.408
[834 sec, 2220250 itr]:      639.408
[ optimality gap     ]:      100.00%
[835 sec, 2222808 itr]:      639.408
[836 sec, 2225320 itr]:      639.408
[837 sec, 2227869 itr]:      639.408
[838 sec, 2227869 itr]:      639.408
[839 sec, 2232932 itr]:      639.408
[840 sec, 2232932 itr]:      639.408
[841 sec, 2238233 itr]:      639.408
[842 sec, 2240889 itr]:      639.408
[843 sec, 2243428 itr]:      639.408
[844 sec, 2246075 itr]:      639.408
[ optimality gap     ]:      100.00%
[845 sec, 2248571 itr]:      639.408
[846 sec, 2251183 itr]:      639.408
[847 sec, 2253570 itr]:      639.408
[848 sec, 2255974 itr]:      639.408
[849 sec, 2258401 itr]:      639.408
[850 sec, 2260844 itr]:      639.408
[851 sec, 2263385 itr]:      639.408
[852 sec, 2263385 itr]:      639.408
[853 sec, 2268271 itr]:      639.408
[854 sec, 2270742 itr]:      639.407
[ optimality gap     ]:      100.00%
[855 sec, 2273297 itr]:      639.407
[856 sec, 2275806 itr]:      639.407
[857 sec, 2278193 itr]:      639.407
[858 sec, 2280649 itr]:      639.407
[859 sec, 2283091 itr]:      639.407
[860 sec, 2285596 itr]:      639.407
[861 sec, 2287972 itr]:      639.407
[862 sec, 2290365 itr]:      639.407
[863 sec, 2292813 itr]:      639.407
[864 sec, 2292813 itr]:      639.407
[ optimality gap     ]:      100.00%
[865 sec, 2298084 itr]:      639.407
[866 sec, 2300746 itr]:      639.407
[867 sec, 2303713 itr]:      639.407
[868 sec, 2306844 itr]:      639.407
[869 sec, 2309889 itr]:      639.407
[870 sec, 2312605 itr]:      639.407
[871 sec, 2315369 itr]:      639.407
[872 sec, 2315369 itr]:      639.407
[873 sec, 2318051 itr]:      639.407
[874 sec, 2323571 itr]:      639.407
[ optimality gap     ]:      100.00%
[875 sec, 2326207 itr]:      639.407
[876 sec, 2328732 itr]:      639.407
[877 sec, 2331333 itr]:      639.407
[878 sec, 2333951 itr]:      639.407
[879 sec, 2336661 itr]:      639.407
[880 sec, 2339408 itr]:      639.407
[881 sec, 2342039 itr]:      639.407
[882 sec, 2344719 itr]:      639.407
[883 sec, 2347223 itr]:      639.407
[884 sec, 2349866 itr]:      639.407
[ optimality gap     ]:      100.00%
[885 sec, 2352524 itr]:      639.407
[886 sec, 2355018 itr]:      639.407
[887 sec, 2357538 itr]:      639.407
[888 sec, 2360127 itr]:      639.407
[889 sec, 2360127 itr]:      639.407
[890 sec, 2362813 itr]:      639.407
[891 sec, 2368070 itr]:      639.407
[892 sec, 2370894 itr]:      639.407
[893 sec, 2373486 itr]:      639.407
[894 sec, 2373486 itr]:      639.407
[ optimality gap     ]:      100.00%
[895 sec, 2378451 itr]:      639.407
[896 sec, 2380934 itr]:      639.407
[897 sec, 2380934 itr]:      639.407
[898 sec, 2385971 itr]:      639.407
[899 sec, 2388507 itr]:      639.407
[900 sec, 2391125 itr]:      639.407
[901 sec, 2393674 itr]:      639.407
[902 sec, 2396215 itr]:      639.407
[903 sec, 2398742 itr]:      639.407
[904 sec, 2401251 itr]:      639.407
[ optimality gap     ]:      100.00%
[905 sec, 2403779 itr]:      639.407
[906 sec, 2406174 itr]:      639.407
[907 sec, 2408717 itr]:      639.407
[908 sec, 2411222 itr]:      639.407
[909 sec, 2413638 itr]:      639.407
[910 sec, 2416093 itr]:      639.407
[911 sec, 2418533 itr]:      639.407
[912 sec, 2418533 itr]:      639.407
[913 sec, 2423650 itr]:      639.407
[914 sec, 2423650 itr]:      639.407
[ optimality gap     ]:      100.00%
[915 sec, 2428430 itr]:      639.407
[916 sec, 2430839 itr]:      639.407
[917 sec, 2430839 itr]:      639.407
[918 sec, 2435723 itr]:      639.407
[919 sec, 2438118 itr]:      639.407
[920 sec, 2440573 itr]:      639.407
[921 sec, 2443004 itr]:      639.407
[922 sec, 2445465 itr]:      639.407
[923 sec, 2445465 itr]:      639.407
[924 sec, 2450181 itr]:      639.407
[ optimality gap     ]:      100.00%
[925 sec, 2450181 itr]:      639.407
[926 sec, 2454856 itr]:      639.407
[927 sec, 2457203 itr]:      639.407
[928 sec, 2459650 itr]:      639.407
[929 sec, 2462213 itr]:      639.407
[930 sec, 2464617 itr]:      639.407
[931 sec, 2464617 itr]:      639.407
[932 sec, 2469701 itr]:      639.407
[933 sec, 2472323 itr]:      639.407
[934 sec, 2472323 itr]:      639.407
[ optimality gap     ]:      100.00%
[935 sec, 2477375 itr]:      639.407
[936 sec, 2479906 itr]:      639.407
[937 sec, 2482341 itr]:      639.407
[938 sec, 2482341 itr]:      639.407
[939 sec, 2487225 itr]:      639.407
[940 sec, 2489695 itr]:      639.407
[941 sec, 2492149 itr]:      639.407
[942 sec, 2494542 itr]:      639.407
[943 sec, 2494542 itr]:      639.407
[944 sec, 2499267 itr]:      639.407
[ optimality gap     ]:      100.00%
[945 sec, 2501654 itr]:      639.407
[946 sec, 2504005 itr]:      639.407
[947 sec, 2504005 itr]:      639.407
[948 sec, 2508862 itr]:      639.407
[949 sec, 2511329 itr]:      639.407
[950 sec, 2513719 itr]:      639.407
[951 sec, 2516191 itr]:      639.407
[952 sec, 2518645 itr]:      639.407
[953 sec, 2521027 itr]:      639.407
[954 sec, 2523474 itr]:      639.407
[ optimality gap     ]:      100.00%
[955 sec, 2525959 itr]:      639.407
[956 sec, 2525959 itr]:      639.407
[957 sec, 2530760 itr]:      639.407
[958 sec, 2533285 itr]:      639.407
[959 sec, 2535752 itr]:      639.407
[960 sec, 2538097 itr]:      639.407
[961 sec, 2538097 itr]:      639.407
[962 sec, 2543000 itr]:      639.407
[963 sec, 2545430 itr]:      639.407
[964 sec, 2547827 itr]:      639.407
[ optimality gap     ]:      100.00%
[965 sec, 2550265 itr]:      639.407
[966 sec, 2552735 itr]:      639.407
[967 sec, 2555144 itr]:      639.407
[968 sec, 2555144 itr]:      639.407
[969 sec, 2559947 itr]:      639.407
[970 sec, 2562377 itr]:      639.407
[971 sec, 2564810 itr]:      639.407
[972 sec, 2564810 itr]:      639.407
[973 sec, 2569635 itr]:      639.407
[974 sec, 2569635 itr]:      639.407
[ optimality gap     ]:      100.00%
[975 sec, 2572203 itr]:      639.407
[976 sec, 2577066 itr]:      639.407
[977 sec, 2579420 itr]:      639.407
[978 sec, 2581733 itr]:      639.407
[979 sec, 2584160 itr]:      639.407
[980 sec, 2586525 itr]:      639.407
[981 sec, 2586525 itr]:      639.407
[982 sec, 2591170 itr]:      639.407
[983 sec, 2591170 itr]:      639.407
[984 sec, 2595984 itr]:      639.407
[ optimality gap     ]:      100.00%
[985 sec, 2598317 itr]:      639.407
[986 sec, 2600827 itr]:      639.407
[987 sec, 2600827 itr]:      639.407
[988 sec, 2605585 itr]:      639.407
[989 sec, 2608038 itr]:      639.407
[990 sec, 2610487 itr]:      639.407
[991 sec, 2610487 itr]:      639.407
[992 sec, 2615211 itr]:      639.407
[993 sec, 2617535 itr]:      639.407
[994 sec, 2617535 itr]:      639.407
[ optimality gap     ]:      100.00%
[995 sec, 2622466 itr]:      639.407
[996 sec, 2622466 itr]:      639.407
[997 sec, 2626824 itr]:      639.407
[998 sec, 2629162 itr]:      639.407
[999 sec, 2631528 itr]:      639.407
[1000 sec, 2633763 itr]:      639.407
[1001 sec, 2636079 itr]:      639.407
[1002 sec, 2638467 itr]:      639.407
[1003 sec, 2638467 itr]:      639.407
[1004 sec, 2643337 itr]:      639.407
[ optimality gap      ]:      100.00%
[1005 sec, 2645732 itr]:      639.407
[1006 sec, 2648083 itr]:      639.407
[1007 sec, 2650481 itr]:      639.407
[1008 sec, 2652825 itr]:      639.407
[1009 sec, 2652825 itr]:      639.407
[1010 sec, 2657840 itr]:      639.407
[1011 sec, 2660280 itr]:      639.407
[1012 sec, 2660280 itr]:      639.407
[1013 sec, 2662728 itr]:      639.407
[1014 sec, 2665129 itr]:      639.407
[ optimality gap      ]:      100.00%
[1015 sec, 2670043 itr]:      639.407
[1016 sec, 2672421 itr]:      639.407
[1017 sec, 2674813 itr]:      639.407
[1018 sec, 2677212 itr]:      639.407
[1019 sec, 2679776 itr]:      639.407
[1020 sec, 2682367 itr]:      639.407
[1021 sec, 2685126 itr]:      639.407
[1022 sec, 2687639 itr]:      639.407
[1023 sec, 2690312 itr]:      639.407
[1024 sec, 2692779 itr]:      639.407
[ optimality gap      ]:      100.00%
[1025 sec, 2692779 itr]:      639.407
[1026 sec, 2697754 itr]:      639.407
[1027 sec, 2700237 itr]:      639.407
[1028 sec, 2702648 itr]:      639.407
[1029 sec, 2705055 itr]:      639.407
[1030 sec, 2707602 itr]:      639.407
[1031 sec, 2710165 itr]:      639.407
[1032 sec, 2710165 itr]:      639.407
[1033 sec, 2715048 itr]:      639.407
[1034 sec, 2715048 itr]:      639.407
[ optimality gap      ]:      100.00%
[1035 sec, 2717534 itr]:      639.407
[1036 sec, 2719796 itr]:      639.407
[1037 sec, 2724831 itr]:      639.407
[1038 sec, 2727213 itr]:      639.407
[1039 sec, 2729657 itr]:      639.407
[1040 sec, 2729657 itr]:      639.407
[1041 sec, 2732116 itr]:      639.407
[1042 sec, 2737081 itr]:      639.407
[1043 sec, 2739582 itr]:      639.407
[1044 sec, 2742125 itr]:      639.407
[ optimality gap      ]:      100.00%
[1045 sec, 2742125 itr]:      639.407
[1046 sec, 2747205 itr]:      639.407
[1047 sec, 2747205 itr]:      639.407
[1048 sec, 2752278 itr]:      639.407
[1049 sec, 2754741 itr]:      639.407
[1050 sec, 2757110 itr]:      639.407
[1051 sec, 2757110 itr]:      639.407
[1052 sec, 2762044 itr]:      639.407
[1053 sec, 2764575 itr]:      639.407
[1054 sec, 2767111 itr]:      639.407
[ optimality gap      ]:      100.00%
[1055 sec, 2769633 itr]:      639.407
[1056 sec, 2772046 itr]:      639.407
[1057 sec, 2772046 itr]:      639.407
[1058 sec, 2774532 itr]:      639.407
[1059 sec, 2779583 itr]:      639.407
[1060 sec, 2782049 itr]:      639.407
[1061 sec, 2782049 itr]:      639.407
[1062 sec, 2787163 itr]:      639.407
[1063 sec, 2787163 itr]:      639.407
[1064 sec, 2792144 itr]:      639.407
[ optimality gap      ]:      100.00%
[1065 sec, 2794588 itr]:      639.407
[1066 sec, 2794588 itr]:      639.407
[1067 sec, 2799783 itr]:      639.407
[1068 sec, 2802271 itr]:      639.407
[1069 sec, 2804774 itr]:      639.407
[1070 sec, 2804774 itr]:      639.407
[1071 sec, 2809701 itr]:      639.407
[1072 sec, 2812201 itr]:      639.407
[1073 sec, 2812201 itr]:      639.407
[1074 sec, 2816848 itr]:      639.407
[ optimality gap      ]:      100.00%
[1075 sec, 2819302 itr]:      639.407
[1076 sec, 2821663 itr]:      639.407
[1077 sec, 2821663 itr]:      639.407
[1078 sec, 2824230 itr]:      639.407
[1079 sec, 2829113 itr]:      639.407
[1080 sec, 2831486 itr]:      639.407
[1081 sec, 2833925 itr]:      639.407
[1082 sec, 2833925 itr]:      639.407
[1083 sec, 2836387 itr]:      639.407
[1084 sec, 2841366 itr]:      639.407
[ optimality gap      ]:      100.00%
[1085 sec, 2843995 itr]:      639.407
[1086 sec, 2843995 itr]:      639.407
[1087 sec, 2846570 itr]:      639.407
[1088 sec, 2851444 itr]:      639.407
[1089 sec, 2854002 itr]:      639.407
[1090 sec, 2856542 itr]:      639.407
[1091 sec, 2859048 itr]:      639.407
[1092 sec, 2861554 itr]:      639.407
[1093 sec, 2861554 itr]:      639.407
[1094 sec, 2866561 itr]:      639.407
[ optimality gap      ]:      100.00%
[1095 sec, 2866561 itr]:      639.407
[1096 sec, 2871622 itr]:      639.407
[1097 sec, 2874064 itr]:      639.407
[1098 sec, 2876505 itr]:      639.407
[1099 sec, 2879058 itr]:      639.407
[1100 sec, 2879058 itr]:       633.53
[1101 sec, 2881374 itr]:       632.38
[1102 sec, 2883586 itr]:       632.38
[1103 sec, 2885570 itr]:      632.379
[1104 sec, 2887607 itr]:      632.379
[ optimality gap      ]:      100.00%
[1105 sec, 2892113 itr]:      632.379
[1106 sec, 2892113 itr]:      632.379
[1107 sec, 2896770 itr]:      632.379
[1108 sec, 2896770 itr]:      632.379
[1109 sec, 2899214 itr]:      632.379
[1110 sec, 2901523 itr]:      632.379
[1111 sec, 2903576 itr]:      632.379
[1112 sec, 2905515 itr]:      632.379
[1113 sec, 2909927 itr]:      632.379
[1114 sec, 2912064 itr]:      632.379
[ optimality gap      ]:      100.00%
[1115 sec, 2912064 itr]:      632.379
[1116 sec, 2914162 itr]:      632.379
[1117 sec, 2915955 itr]:      632.379
[1118 sec, 2917598 itr]:      632.379
[1119 sec, 2921993 itr]:      632.378
[1120 sec, 2921993 itr]:      632.378
[1121 sec, 2926635 itr]:      632.378
[1122 sec, 2926635 itr]:      632.378
[1123 sec, 2931200 itr]:      632.378
[1124 sec, 2933355 itr]:      632.378
[ optimality gap      ]:      100.00%
[1125 sec, 2935156 itr]:      632.378
[1126 sec, 2935156 itr]:      632.378
[1127 sec, 2939036 itr]:      632.378
[1128 sec, 2940930 itr]:      632.378
[1129 sec, 2940930 itr]:      632.378
[1130 sec, 2945105 itr]:      632.378
[1131 sec, 2945105 itr]:      632.378
[1132 sec, 2949068 itr]:      632.378
[1133 sec, 2951310 itr]:      632.378
[1134 sec, 2953466 itr]:      632.378
[ optimality gap      ]:      100.00%
[1135 sec, 2955492 itr]:      632.378
[1136 sec, 2957743 itr]:      632.378
[1137 sec, 2957743 itr]:      632.378
[1138 sec, 2960177 itr]:      632.378
[1139 sec, 2962441 itr]:      632.378
[1140 sec, 2964277 itr]:      632.378
[1141 sec, 2966499 itr]:      632.378
[1142 sec, 2971108 itr]:      632.378
[1143 sec, 2971108 itr]:      632.378
[1144 sec, 2973365 itr]:      632.378
[ optimality gap      ]:      100.00%
[1145 sec, 2976988 itr]:      632.378
[1146 sec, 2976988 itr]:      632.378
[1147 sec, 2981673 itr]:      632.378
[1148 sec, 2983340 itr]:      632.378
[1149 sec, 2985621 itr]:      632.378
[1150 sec, 2987906 itr]:      632.377
[1151 sec, 2987906 itr]:      632.377
[1152 sec, 2990130 itr]:      632.377
[1153 sec, 2992606 itr]:      632.377
[1154 sec, 2994455 itr]:      632.377
[ optimality gap      ]:      100.00%
[1155 sec, 2996439 itr]:      632.377
[1156 sec, 3000371 itr]:      632.377
[1157 sec, 3000371 itr]:      632.377
[1158 sec, 3002770 itr]:      632.377
[1159 sec, 3007157 itr]:      632.377
[1160 sec, 3009445 itr]:      632.377
[1161 sec, 3009445 itr]:      632.377
[1162 sec, 3011571 itr]:      632.377
[1163 sec, 3013649 itr]:      632.377
[1164 sec, 3015835 itr]:      632.377
[ optimality gap      ]:      100.00%
[1165 sec, 3019933 itr]:      632.377
[1166 sec, 3019933 itr]:      632.377
[1167 sec, 3022180 itr]:      632.377
[1168 sec, 3024229 itr]:      632.377
[1169 sec, 3028782 itr]:      632.377
[1170 sec, 3031231 itr]:      632.377
[1171 sec, 3033615 itr]:      632.377
[1172 sec, 3033615 itr]:      632.377
[1173 sec, 3035546 itr]:      632.377
[1174 sec, 3038025 itr]:      632.377
[ optimality gap      ]:      100.00%
[1175 sec, 3040295 itr]:      632.377
[1176 sec, 3044920 itr]:      632.377
[1177 sec, 3047267 itr]:      632.377
[1178 sec, 3049513 itr]:      632.377
[1179 sec, 3052039 itr]:      632.377
[1180 sec, 3052039 itr]:      632.377
[1181 sec, 3054309 itr]:      632.377
[1182 sec, 3058821 itr]:      632.377
[1183 sec, 3058821 itr]:      632.377
[1184 sec, 3061218 itr]:      632.377
[ optimality gap      ]:      100.00%
[1185 sec, 3065185 itr]:      632.377
[1186 sec, 3067569 itr]:      632.377
[1187 sec, 3069878 itr]:      632.377
[1188 sec, 3072235 itr]:      632.377
[1189 sec, 3074108 itr]:      632.377
[1190 sec, 3076608 itr]:      632.377
[1191 sec, 3076608 itr]:      632.377
[1192 sec, 3078645 itr]:      632.377
[1193 sec, 3082753 itr]:      632.377
[1194 sec, 3085134 itr]:      632.377
[ optimality gap      ]:      100.00%
[1195 sec, 3087576 itr]:      632.377
[1196 sec, 3089826 itr]:      632.377
[1197 sec, 3092130 itr]:      632.377
[1198 sec, 3092130 itr]:      632.377
[1199 sec, 3097021 itr]:      632.377
[1200 sec, 3098809 itr]:      632.377
[1201 sec, 3098809 itr]:      632.377
[1202 sec, 3100708 itr]:      632.377
[1203 sec, 3105139 itr]:      632.377
[1204 sec, 3107547 itr]:      632.377
[ optimality gap      ]:      100.00%
[1205 sec, 3109841 itr]:      632.377
[1206 sec, 3112199 itr]:      632.377
[1207 sec, 3112199 itr]:      632.377
[1208 sec, 3116573 itr]:      632.377
[1209 sec, 3116573 itr]:      632.377
[1210 sec, 3120647 itr]:      632.377
[1211 sec, 3122957 itr]:      632.377
[1212 sec, 3124761 itr]:      632.377
[1213 sec, 3126815 itr]:      632.377
[1214 sec, 3129264 itr]:      632.377
[ optimality gap      ]:      100.00%
[1215 sec, 3131813 itr]:      632.377
[1216 sec, 3134420 itr]:      632.377
[1217 sec, 3134420 itr]:      632.377
[1218 sec, 3136635 itr]:      632.377
[1219 sec, 3140895 itr]:      632.377
[1220 sec, 3143357 itr]:      632.377
[1221 sec, 3143357 itr]:      632.377
[1222 sec, 3145800 itr]:      632.377
[1223 sec, 3148111 itr]:      632.377
[1224 sec, 3152717 itr]:      632.377
[ optimality gap      ]:      100.00%
[1225 sec, 3152717 itr]:      632.377
[1226 sec, 3157179 itr]:      632.377
[1227 sec, 3159636 itr]:      632.377
[1228 sec, 3159636 itr]:      632.377
[1229 sec, 3164247 itr]:      632.377
[1230 sec, 3164247 itr]:      632.377
[1231 sec, 3166948 itr]:      632.377
[1232 sec, 3169532 itr]:      632.377
[1233 sec, 3171695 itr]:      632.377
[1234 sec, 3176704 itr]:      632.377
[ optimality gap      ]:      100.00%
[1235 sec, 3178585 itr]:      632.377
[1236 sec, 3178585 itr]:      632.377
[1237 sec, 3183114 itr]:      632.377
[1238 sec, 3185468 itr]:      632.377
[1239 sec, 3187975 itr]:      632.377
[1240 sec, 3187975 itr]:      632.377
[1241 sec, 3190002 itr]:      632.377
[1242 sec, 3194813 itr]:      632.377
[1243 sec, 3194813 itr]:      632.377
[1244 sec, 3197355 itr]:      632.377
[ optimality gap      ]:      100.00%
[1245 sec, 3201336 itr]:      632.377
[1246 sec, 3201336 itr]:      632.377
[1247 sec, 3203927 itr]:      632.377
[1248 sec, 3208218 itr]:      632.377
[1249 sec, 3208218 itr]:      632.377
[1250 sec, 3210119 itr]:      632.377
[1251 sec, 3214217 itr]:      632.377
[1252 sec, 3216542 itr]:      632.377
[1253 sec, 3218585 itr]:      632.377
[1254 sec, 3218585 itr]:      632.377
[ optimality gap      ]:      100.00%
[1255 sec, 3220838 itr]:      632.377
[1256 sec, 3225427 itr]:      632.377
[1257 sec, 3227804 itr]:      632.377
[1258 sec, 3227804 itr]:      632.377
[1259 sec, 3230335 itr]:      632.377
[1260 sec, 3232631 itr]:      632.377
[1261 sec, 3235024 itr]:      632.377
[1262 sec, 3237416 itr]:      632.377
[1263 sec, 3241705 itr]:      632.377
[1264 sec, 3241705 itr]:      632.377
[ optimality gap      ]:      100.00%
[1265 sec, 3244147 itr]:      632.377
[1266 sec, 3248208 itr]:      632.377
[1267 sec, 3248208 itr]:      632.377
[1268 sec, 3250980 itr]:      632.377
[1269 sec, 3253185 itr]:      632.377
[1270 sec, 3255481 itr]:      632.377
[1271 sec, 3259613 itr]:      632.377
[1272 sec, 3259613 itr]:      632.377
[1273 sec, 3261985 itr]:      632.377
[1274 sec, 3266595 itr]:      632.377
[ optimality gap      ]:      100.00%
[1275 sec, 3268891 itr]:      632.377
[1276 sec, 3268891 itr]:      632.377
[1277 sec, 3271343 itr]:      632.377
[1278 sec, 3275993 itr]:      632.377
[1279 sec, 3275993 itr]:      632.377
[1280 sec, 3278413 itr]:      632.377
[1281 sec, 3282953 itr]:      632.377
[1282 sec, 3282953 itr]:      632.377
[1283 sec, 3285441 itr]:      632.377
[1284 sec, 3287891 itr]:      632.377
[ optimality gap      ]:      100.00%
[1285 sec, 3290167 itr]:      632.377
[1286 sec, 3291874 itr]:      632.377
[1287 sec, 3294315 itr]:      632.377
[1288 sec, 3299138 itr]:      632.377
[1289 sec, 3299138 itr]:      632.377
[1290 sec, 3303788 itr]:      632.377
[1291 sec, 3303788 itr]:      632.377
[1292 sec, 3308232 itr]:      632.377
[1293 sec, 3310034 itr]:      632.377
[1294 sec, 3312461 itr]:      632.377
[ optimality gap      ]:      100.00%
[1295 sec, 3312461 itr]:      632.377
[1296 sec, 3317362 itr]:      632.377
[1297 sec, 3317362 itr]:      632.377
[1298 sec, 3319812 itr]:      632.377
[1299 sec, 3324841 itr]:      632.377
[1300 sec, 3327278 itr]:      632.377
[1301 sec, 3329810 itr]:      632.377
[1302 sec, 3332047 itr]:      632.377
[1303 sec, 3332047 itr]:      632.377
[1304 sec, 3336836 itr]:      632.377
[ optimality gap      ]:      100.00%
[1305 sec, 3336836 itr]:      632.377
[1306 sec, 3341145 itr]:      632.377
[1307 sec, 3342992 itr]:      632.377
[1308 sec, 3342992 itr]:      632.377
[1309 sec, 3345481 itr]:      632.377
[1310 sec, 3347774 itr]:      632.377
[1311 sec, 3349731 itr]:      632.377
[1312 sec, 3351636 itr]:      632.377
[1313 sec, 3354193 itr]:      632.377
[1314 sec, 3356682 itr]:      632.377
[ optimality gap      ]:      100.00%
[1315 sec, 3360590 itr]:      632.377
[1316 sec, 3363045 itr]:      632.377
[1317 sec, 3363045 itr]:      632.377
[1318 sec, 3364365 itr]:      632.377
[1319 sec, 3366392 itr]:      632.377
[1320 sec, 3370816 itr]:      632.377
[1321 sec, 3372622 itr]:      632.377
[1322 sec, 3375038 itr]:      632.377
[1323 sec, 3377551 itr]:      632.377
[1324 sec, 3379922 itr]:      632.377
[ optimality gap      ]:      100.00%
[1325 sec, 3379922 itr]:      632.377
[1326 sec, 3383331 itr]:      632.377
[1327 sec, 3385525 itr]:      632.377
[1328 sec, 3385525 itr]:      632.377
[1329 sec, 3389574 itr]:      632.377
[1330 sec, 3392124 itr]:      632.377
[1331 sec, 3394469 itr]:      632.377
[1332 sec, 3396305 itr]:      632.377
[1333 sec, 3396305 itr]:      632.377
[1334 sec, 3398548 itr]:      632.377
[ optimality gap      ]:      100.00%
[1335 sec, 3400735 itr]:      632.377
[1336 sec, 3403241 itr]:      632.377
[1337 sec, 3407840 itr]:      632.377
[1338 sec, 3407840 itr]:      632.377
[1339 sec, 3410172 itr]:      632.377
[1340 sec, 3414701 itr]:      632.377
[1341 sec, 3416293 itr]:      632.377
[1342 sec, 3418437 itr]:      632.377
[1343 sec, 3418437 itr]:      632.377
[1344 sec, 3422824 itr]:      632.377
[ optimality gap      ]:      100.00%
[1345 sec, 3425285 itr]:      632.377
[1346 sec, 3427529 itr]:      632.377
[1347 sec, 3427529 itr]:      632.377
[1348 sec, 3432540 itr]:      632.377
[1349 sec, 3434967 itr]:      632.377
[1350 sec, 3434967 itr]:      632.377
[1351 sec, 3439635 itr]:      632.377
[1352 sec, 3439635 itr]:      632.377
[1353 sec, 3444134 itr]:      632.377
[1354 sec, 3444134 itr]:      632.377
[ optimality gap      ]:      100.00%
[1355 sec, 3448157 itr]:      632.377
[1356 sec, 3448157 itr]:      632.377
[1357 sec, 3449981 itr]:      632.377
[1358 sec, 3452329 itr]:      632.377
[1359 sec, 3454553 itr]:      632.377
[1360 sec, 3458797 itr]:      632.377
[1361 sec, 3458797 itr]:      632.377
[1362 sec, 3463642 itr]:      632.377
[1363 sec, 3463642 itr]:      632.377
[1364 sec, 3468436 itr]:      632.377
[ optimality gap      ]:      100.00%
[1365 sec, 3468436 itr]:      632.377
[1366 sec, 3470689 itr]:      632.377
[1367 sec, 3474151 itr]:      632.377
[1368 sec, 3474151 itr]:      632.377
[1369 sec, 3478577 itr]:      632.377
[1370 sec, 3478577 itr]:      632.377
[1371 sec, 3480819 itr]:      632.377
[1372 sec, 3482962 itr]:      632.377
[1373 sec, 3485358 itr]:      632.377
[1374 sec, 3490250 itr]:      632.377
[ optimality gap      ]:      100.00%
[1375 sec, 3490250 itr]:      632.377
[1376 sec, 3493534 itr]:      632.377
[1377 sec, 3493534 itr]:      632.377
[1378 sec, 3495974 itr]:      632.377
[1379 sec, 3497869 itr]:      632.377
[1380 sec, 3500166 itr]:      632.377
[1381 sec, 3502452 itr]:      632.377
[1382 sec, 3504668 itr]:      632.377
[1383 sec, 3507120 itr]:      632.377
[1384 sec, 3511344 itr]:      632.377
[ optimality gap      ]:      100.00%
[1385 sec, 3513661 itr]:      632.377
[1386 sec, 3516028 itr]:      632.377
[1387 sec, 3518512 itr]:      632.377
[1388 sec, 3518512 itr]:      632.377
[1389 sec, 3520880 itr]:      632.377
[1390 sec, 3523421 itr]:      632.377
[1391 sec, 3525354 itr]:      632.377
[1392 sec, 3527838 itr]:      632.377
[1393 sec, 3529790 itr]:      632.377
[1394 sec, 3531611 itr]:      632.377
[ optimality gap      ]:      100.00%
[1395 sec, 3534002 itr]:      632.377
[1396 sec, 3537741 itr]:      632.377
[1397 sec, 3537741 itr]:      632.377
[1398 sec, 3539785 itr]:      632.377
[1399 sec, 3542122 itr]:      632.377
[1400 sec, 3544589 itr]:      632.377
[1401 sec, 3548773 itr]:      632.377
[1402 sec, 3551133 itr]:      632.377
[1403 sec, 3551133 itr]:      632.377
[1404 sec, 3555501 itr]:      632.377
[ optimality gap      ]:      100.00%
[1405 sec, 3557873 itr]:      632.377
[1406 sec, 3557873 itr]:      632.377
[1407 sec, 3559664 itr]:      632.377
[1408 sec, 3563828 itr]:      632.377
[1409 sec, 3563828 itr]:      632.377
[1410 sec, 3566271 itr]:      632.377
[1411 sec, 3568585 itr]:      632.377
[1412 sec, 3573558 itr]:      632.377
[1413 sec, 3573558 itr]:      632.377
[1414 sec, 3575979 itr]:      632.377
[ optimality gap      ]:      100.00%
[1415 sec, 3579963 itr]:      632.377
[1416 sec, 3579963 itr]:      632.377
[1417 sec, 3582294 itr]:      632.377
[1418 sec, 3584131 itr]:      632.377
[1419 sec, 3585943 itr]:      632.377
[1420 sec, 3590876 itr]:      632.377
[1421 sec, 3590876 itr]:      632.377
[1422 sec, 3593156 itr]:      632.377
[1423 sec, 3595671 itr]:      632.377
[1424 sec, 3600127 itr]:      632.377
[ optimality gap      ]:      100.00%
[1425 sec, 3600127 itr]:      632.377
[1426 sec, 3602466 itr]:      632.377
[1427 sec, 3607008 itr]:      631.299
[1428 sec, 3609333 itr]:      631.299
[1429 sec, 3609333 itr]:      631.299
[1430 sec, 3611729 itr]:       618.57
[1431 sec, 3613861 itr]:       611.11
[1432 sec, 3617410 itr]:       611.11
[1433 sec, 3617410 itr]:       611.11
[1434 sec, 3619106 itr]:      611.109
[ optimality gap      ]:      100.00%
[1435 sec, 3621119 itr]:      611.109
[1436 sec, 3622710 itr]:      611.109
[1437 sec, 3624768 itr]:      611.109
[1438 sec, 3628542 itr]:      611.109
[1439 sec, 3628542 itr]:      611.109
[1440 sec, 3630310 itr]:      611.109
[1441 sec, 3632087 itr]:      611.109
[1442 sec, 3634167 itr]:      611.109
[1443 sec, 3636211 itr]:      611.109
[1444 sec, 3638067 itr]:      611.109
[ optimality gap      ]:      100.00%
[1445 sec, 3639934 itr]:      611.109
[1446 sec, 3641492 itr]:      611.109
[1447 sec, 3644984 itr]:      611.109
[1448 sec, 3644984 itr]:      611.109
[1449 sec, 3647241 itr]:      611.109
[1450 sec, 3649135 itr]:      611.109
[1451 sec, 3651009 itr]:      611.109
[1452 sec, 3652649 itr]:      611.109
[1453 sec, 3654296 itr]:      611.109
[1454 sec, 3655539 itr]:      611.109
[ optimality gap      ]:      100.00%
[1455 sec, 3657339 itr]:      611.109
[1456 sec, 3659321 itr]:      611.109
[1457 sec, 3661188 itr]:      611.109
[1458 sec, 3663454 itr]:      611.109
[1459 sec, 3665617 itr]:      611.109
[1460 sec, 3666698 itr]:      611.109
[1461 sec, 3670148 itr]:      611.109
[1462 sec, 3670148 itr]:      611.109
[1463 sec, 3671674 itr]:      611.109
[1464 sec, 3673826 itr]:      611.109
[ optimality gap      ]:      100.00%
[1465 sec, 3675915 itr]:      611.109
[1466 sec, 3677318 itr]:      611.109
[1467 sec, 3678613 itr]:      611.109
[1468 sec, 3680606 itr]:      611.109
[1469 sec, 3682291 itr]:      611.109
[1470 sec, 3684305 itr]:      611.109
[1471 sec, 3685822 itr]:      611.109
[1472 sec, 3689248 itr]:      611.109
[1473 sec, 3689248 itr]:      611.109
[1474 sec, 3693245 itr]:      611.108
[ optimality gap      ]:      100.00%
[1475 sec, 3694966 itr]:      611.108
[1476 sec, 3696576 itr]:      611.108
[1477 sec, 3698391 itr]:      611.108
[1478 sec, 3698391 itr]:      611.108
[1479 sec, 3699905 itr]:      611.108
[1480 sec, 3701527 itr]:      611.108
[1481 sec, 3703294 itr]:      611.108
[1482 sec, 3707073 itr]:      611.108
[1483 sec, 3707073 itr]:      611.108
[1484 sec, 3709828 itr]:      611.108
[ optimality gap      ]:      100.00%
[1485 sec, 3709828 itr]:      611.108
[1486 sec, 3711480 itr]:      611.108
[1487 sec, 3713518 itr]:      611.108
[1488 sec, 3715281 itr]:      611.108
[1489 sec, 3716980 itr]:      611.108
[1490 sec, 3721051 itr]:      611.108
[1491 sec, 3721051 itr]:      611.108
[1492 sec, 3723258 itr]:      611.108
[1493 sec, 3725079 itr]:      611.108
[1494 sec, 3726811 itr]:      611.108
[ optimality gap      ]:      100.00%
[1495 sec, 3728648 itr]:      611.108
[1496 sec, 3732462 itr]:      611.108
[1497 sec, 3734538 itr]:      611.108
[1498 sec, 3734538 itr]:      611.108
[1499 sec, 3738457 itr]:      611.108
[1500 sec, 3738457 itr]:      611.108
[1501 sec, 3741627 itr]:      611.108
[1502 sec, 3741627 itr]:      611.108
[1503 sec, 3743498 itr]:      611.108
[1504 sec, 3746918 itr]:      611.108
[ optimality gap      ]:      100.00%
[1505 sec, 3749102 itr]:      611.108
[1506 sec, 3749102 itr]:      611.108
[1507 sec, 3752665 itr]:      611.108
[1508 sec, 3752665 itr]:      611.108
[1509 sec, 3756022 itr]:      611.108
[1510 sec, 3758115 itr]:      611.108
[1511 sec, 3758115 itr]:      611.108
[1512 sec, 3762056 itr]:       607.83
[1513 sec, 3762056 itr]:       607.83
[1514 sec, 3764158 itr]:      607.829
[ optimality gap      ]:      100.00%
[1515 sec, 3767898 itr]:      607.828
[1516 sec, 3767898 itr]:      607.828
[1517 sec, 3769907 itr]:       594.47
[1518 sec, 3772977 itr]:       594.47
[1519 sec, 3772977 itr]:       593.27
[1520 sec, 3774534 itr]:       591.93
[1521 sec, 3775849 itr]:       591.93
[1522 sec, 3777503 itr]:       591.93
[1523 sec, 3779592 itr]:      591.929
[1524 sec, 3783454 itr]:      591.929
[ optimality gap      ]:      100.00%
[1525 sec, 3783454 itr]:      591.929
[1526 sec, 3785395 itr]:       591.39
[1527 sec, 3788473 itr]:       591.39
[1528 sec, 3788473 itr]:       591.39
[1529 sec, 3789888 itr]:        589.9
[1530 sec, 3791447 itr]:       589.53
[1531 sec, 3794968 itr]:       588.75
[1532 sec, 3796983 itr]:       588.44
[1533 sec, 3799154 itr]:        587.7
[1534 sec, 3801347 itr]:      587.699
[ optimality gap      ]:      100.00%
[1535 sec, 3801347 itr]:      587.699
[1536 sec, 3803433 itr]:      587.699
[1537 sec, 3807938 itr]:      587.699
[1538 sec, 3810114 itr]:      587.699
[1539 sec, 3812326 itr]:      587.698
[1540 sec, 3814561 itr]:      587.698
[1541 sec, 3816889 itr]:      587.698
[1542 sec, 3819165 itr]:      587.698
[1543 sec, 3821400 itr]:      587.698
[1544 sec, 3823784 itr]:      587.698
[ optimality gap      ]:      100.00%
[1545 sec, 3826106 itr]:      587.698
[1546 sec, 3828219 itr]:      587.698
[1547 sec, 3830557 itr]:      587.698
[1548 sec, 3832884 itr]:      587.698
[1549 sec, 3835199 itr]:      587.698
[1550 sec, 3837440 itr]:      587.698
[1551 sec, 3839825 itr]:      587.698
[1552 sec, 3839825 itr]:      587.698
[1553 sec, 3844393 itr]:      587.698
[1554 sec, 3846518 itr]:      587.698
[ optimality gap      ]:      100.00%
[1555 sec, 3848714 itr]:      587.698
[1556 sec, 3850860 itr]:      587.698
[1557 sec, 3853172 itr]:      587.698
[1558 sec, 3853172 itr]:      587.698
[1559 sec, 3857747 itr]:      587.698
[1560 sec, 3860001 itr]:      587.698
[1561 sec, 3862288 itr]:      587.698
[1562 sec, 3862288 itr]:      587.698
[1563 sec, 3866783 itr]:      587.698
[1564 sec, 3869047 itr]:      587.698
[ optimality gap      ]:      100.00%
[1565 sec, 3869047 itr]:      587.698
[1566 sec, 3871334 itr]:      587.698
[1567 sec, 3875337 itr]:      587.698
[1568 sec, 3877540 itr]:      587.698
[1569 sec, 3877540 itr]:      587.698
[1570 sec, 3882185 itr]:      587.698
[1571 sec, 3882185 itr]:      587.698
[1572 sec, 3886815 itr]:      587.698
[1573 sec, 3889069 itr]:      587.698
[1574 sec, 3891336 itr]:      587.698
[ optimality gap      ]:      100.00%
[1575 sec, 3891336 itr]:      587.698
[1576 sec, 3895982 itr]:      587.698
[1577 sec, 3895982 itr]:      587.698
[1578 sec, 3900446 itr]:      587.698
[1579 sec, 3902708 itr]:      587.698
[1580 sec, 3904996 itr]:      587.698
[1581 sec, 3907235 itr]:      587.698
[1582 sec, 3909502 itr]:      587.698
[1583 sec, 3911856 itr]:      587.698
[1584 sec, 3914086 itr]:      587.698
[ optimality gap      ]:      100.00%
[1585 sec, 3916425 itr]:      587.698
[1586 sec, 3916425 itr]:      587.698
[1587 sec, 3918771 itr]:      587.698
[1588 sec, 3921162 itr]:      587.698
[1589 sec, 3925993 itr]:      587.698
[1590 sec, 3928299 itr]:      587.698
[1591 sec, 3928299 itr]:      587.698
[1592 sec, 3933017 itr]:      587.698
[1593 sec, 3933017 itr]:      587.698
[1594 sec, 3937801 itr]:      587.698
[ optimality gap      ]:      100.00%
[1595 sec, 3940049 itr]:      587.698
[1596 sec, 3942354 itr]:      587.698
[1597 sec, 3944812 itr]:      587.698
[1598 sec, 3947159 itr]:      587.698
[1599 sec, 3949504 itr]:      587.698
[1600 sec, 3951930 itr]:      587.698
[1601 sec, 3954311 itr]:      587.698
[1602 sec, 3956673 itr]:      587.698
[1603 sec, 3956673 itr]:      587.698
[1604 sec, 3961285 itr]:      587.698
[ optimality gap      ]:      100.00%
[1605 sec, 3963588 itr]:      587.698
[1606 sec, 3965959 itr]:      587.698
[1607 sec, 3968286 itr]:      587.698
[1608 sec, 3970608 itr]:      587.698
[1609 sec, 3972937 itr]:      587.698
[1610 sec, 3972937 itr]:      587.698
[1611 sec, 3977587 itr]:      587.698
[1612 sec, 3979956 itr]:      587.698
[1613 sec, 3982359 itr]:      587.698
[1614 sec, 3984674 itr]:      587.698
[ optimality gap      ]:      100.00%
[1615 sec, 3987052 itr]:      587.698
[1616 sec, 3987052 itr]:      587.698
[1617 sec, 3991738 itr]:      587.698
[1618 sec, 3994081 itr]:      587.698
[1619 sec, 3996388 itr]:      587.698
[1620 sec, 3998798 itr]:      587.698
[1621 sec, 4001133 itr]:      587.698
[1622 sec, 4003454 itr]:      587.698
[1623 sec, 4003454 itr]:      587.698
[1624 sec, 4008045 itr]:      587.698
[ optimality gap      ]:      100.00%
[1625 sec, 4010389 itr]:      587.698
[1626 sec, 4012694 itr]:      587.698
[1627 sec, 4014985 itr]:      587.698
[1628 sec, 4017275 itr]:      587.698
[1629 sec, 4019536 itr]:      587.698
[1630 sec, 4021966 itr]:      587.698
[1631 sec, 4024283 itr]:      587.698
[1632 sec, 4026734 itr]:      587.698
[1633 sec, 4029202 itr]:      587.698
[1634 sec, 4029202 itr]:      587.698
[ optimality gap      ]:      100.00%
[1635 sec, 4033975 itr]:      587.698
[1636 sec, 4033975 itr]:      587.698
[1637 sec, 4038629 itr]:      587.698
[1638 sec, 4041011 itr]:      587.698
[1639 sec, 4043309 itr]:      587.698
[1640 sec, 4043309 itr]:      587.698
[1641 sec, 4045708 itr]:      587.698
[1642 sec, 4047942 itr]:      587.698
[1643 sec, 4052365 itr]:      587.698
[1644 sec, 4052365 itr]:      587.698
[ optimality gap      ]:      100.00%
[1645 sec, 4057048 itr]:      587.698
[1646 sec, 4057048 itr]:      587.698
[1647 sec, 4061556 itr]:      587.698
[1648 sec, 4061556 itr]:      587.698
[1649 sec, 4066296 itr]:      587.698
[1650 sec, 4068577 itr]:      587.698
[1651 sec, 4070909 itr]:      587.698
[1652 sec, 4073129 itr]:      587.698
[1653 sec, 4073129 itr]:      587.698
[1654 sec, 4077724 itr]:      587.698
[ optimality gap      ]:      100.00%
[1655 sec, 4079972 itr]:      587.698
[1656 sec, 4082219 itr]:      587.698
[1657 sec, 4084505 itr]:      587.698
[1658 sec, 4086886 itr]:      587.698
[1659 sec, 4086886 itr]:      587.698
[1660 sec, 4091420 itr]:      587.698
[1661 sec, 4093685 itr]:      587.698
[1662 sec, 4096021 itr]:      587.698
[1663 sec, 4096021 itr]:      587.698
[1664 sec, 4100518 itr]:      587.698
[ optimality gap      ]:      100.00%
[1665 sec, 4102701 itr]:      587.698
[1666 sec, 4104985 itr]:      587.698
[1667 sec, 4104985 itr]:      587.698
[1668 sec, 4109585 itr]:      587.698
[1669 sec, 4109585 itr]:      587.698
[1670 sec, 4114295 itr]:      587.698
[1671 sec, 4114295 itr]:      587.698
[1672 sec, 4118925 itr]:      587.698
[1673 sec, 4121329 itr]:      587.698
[1674 sec, 4123591 itr]:      587.698
[ optimality gap      ]:      100.00%
[1675 sec, 4123591 itr]:      587.698
[1676 sec, 4128156 itr]:      587.698
[1677 sec, 4130397 itr]:      587.698
[1678 sec, 4130397 itr]:      587.698
[1679 sec, 4135266 itr]:      587.698
[1680 sec, 4137552 itr]:      587.698
[1681 sec, 4139880 itr]:      587.698
[1682 sec, 4142142 itr]:      587.698
[1683 sec, 4144432 itr]:      587.698
[1684 sec, 4146749 itr]:      587.698
[ optimality gap      ]:      100.00%
[1685 sec, 4148921 itr]:      587.698
[1686 sec, 4151218 itr]:      587.698
[1687 sec, 4153477 itr]:      587.698
[1688 sec, 4155830 itr]:      587.698
[1689 sec, 4158072 itr]:      587.698
[1690 sec, 4160317 itr]:      587.698
[1691 sec, 4162628 itr]:      587.698
[1692 sec, 4162628 itr]:      587.698
[1693 sec, 4165028 itr]:      587.698
[1694 sec, 4169662 itr]:      587.698
[ optimality gap      ]:      100.00%
[1695 sec, 4171886 itr]:      587.698
[1696 sec, 4174183 itr]:      587.698
[1697 sec, 4176487 itr]:      587.698
[1698 sec, 4176487 itr]:      587.698
[1699 sec, 4181121 itr]:      587.698
[1700 sec, 4181121 itr]:      587.698
[1701 sec, 4183571 itr]:      587.698
[1702 sec, 4188362 itr]:      587.698
[1703 sec, 4190729 itr]:      587.698
[1704 sec, 4192981 itr]:      587.698
[ optimality gap      ]:      100.00%
[1705 sec, 4192981 itr]:      587.698
[1706 sec, 4197685 itr]:      587.698
[1707 sec, 4197685 itr]:      587.698
[1708 sec, 4202375 itr]:      587.698
[1709 sec, 4204480 itr]:      587.698
[1710 sec, 4206807 itr]:      587.698
[1711 sec, 4206807 itr]:      587.698
[1712 sec, 4211424 itr]:      587.698
[1713 sec, 4213694 itr]:      587.698
[1714 sec, 4213694 itr]:      587.698
[ optimality gap      ]:      100.00%
[1715 sec, 4218357 itr]:      587.698
[1716 sec, 4220703 itr]:      587.698
[1717 sec, 4223012 itr]:      587.698
[1718 sec, 4225245 itr]:      587.698
[1719 sec, 4227489 itr]:      587.698
[1720 sec, 4229648 itr]:      587.698
[1721 sec, 4229648 itr]:      587.698
[1722 sec, 4231912 itr]:      587.698
[1723 sec, 4236490 itr]:      587.698
[1724 sec, 4238820 itr]:      587.698
[ optimality gap      ]:      100.00%
[1725 sec, 4241148 itr]:      587.698
[1726 sec, 4243430 itr]:      587.698
[1727 sec, 4245725 itr]:      587.698
[1728 sec, 4248037 itr]:      587.698
[1729 sec, 4250240 itr]:      587.698
[1730 sec, 4250240 itr]:      587.698
[1731 sec, 4254836 itr]:      587.698
[1732 sec, 4254836 itr]:      587.698
[1733 sec, 4259664 itr]:      587.698
[1734 sec, 4262020 itr]:      587.698
[ optimality gap      ]:      100.00%
[1735 sec, 4264444 itr]:      587.698
[1736 sec, 4266856 itr]:      587.698
[1737 sec, 4269211 itr]:      587.698
[1738 sec, 4271576 itr]:      587.698
[1739 sec, 4273853 itr]:      587.698
[1740 sec, 4276161 itr]:      587.698
[1741 sec, 4278499 itr]:      587.698
[1742 sec, 4280844 itr]:      587.698
[1743 sec, 4283111 itr]:      587.698
[1744 sec, 4285520 itr]:      587.698
[ optimality gap      ]:      100.00%
[1745 sec, 4285520 itr]:      587.698
[1746 sec, 4287989 itr]:      587.698
[1747 sec, 4290273 itr]:      587.698
[1748 sec, 4294793 itr]:      587.698
[1749 sec, 4294793 itr]:      587.698
[1750 sec, 4299272 itr]:      587.698
[1751 sec, 4301513 itr]:      587.698
[1752 sec, 4303750 itr]:      587.698
[1753 sec, 4306027 itr]:      587.698
[1754 sec, 4306027 itr]:      587.698
[ optimality gap      ]:      100.00%
[1755 sec, 4310501 itr]:      587.698
[1756 sec, 4312759 itr]:      587.698
[1757 sec, 4314979 itr]:      587.698
[1758 sec, 4317223 itr]:      587.698
[1759 sec, 4319539 itr]:      587.698
[1760 sec, 4321712 itr]:      587.698
[1761 sec, 4324067 itr]:      587.698
[1762 sec, 4324067 itr]:      587.698
[1763 sec, 4328638 itr]:      587.698
[1764 sec, 4330997 itr]:      587.698
[ optimality gap      ]:      100.00%
[1765 sec, 4333368 itr]:      587.698
[1766 sec, 4335783 itr]:      587.698
[1767 sec, 4335783 itr]:      587.698
[1768 sec, 4340416 itr]:      587.698
[1769 sec, 4342825 itr]:      587.698
[1770 sec, 4345134 itr]:      587.698
[1771 sec, 4347489 itr]:      587.698
[1772 sec, 4349810 itr]:      587.698
[1773 sec, 4351898 itr]:      587.698
[1774 sec, 4354216 itr]:      587.698
[ optimality gap      ]:      100.00%
[1775 sec, 4356446 itr]:      587.698
[1776 sec, 4358806 itr]:      587.698
[1777 sec, 4358806 itr]:      587.698
[1778 sec, 4363417 itr]:      587.698
[1779 sec, 4365801 itr]:      587.698
[1780 sec, 4365801 itr]:      587.698
[1781 sec, 4370366 itr]:      587.698
[1782 sec, 4372722 itr]:      587.698
[1783 sec, 4374961 itr]:      587.698
[1784 sec, 4374961 itr]:      587.698
[ optimality gap      ]:      100.00%
[1785 sec, 4379627 itr]:      587.698
[1786 sec, 4381955 itr]:      587.698
[1787 sec, 4384283 itr]:      587.698
[1788 sec, 4386511 itr]:      587.698
[1789 sec, 4388777 itr]:      587.698
[1790 sec, 4388777 itr]:      587.698
[1791 sec, 4393289 itr]:      587.698
[1792 sec, 4395603 itr]:      587.698
[1793 sec, 4397859 itr]:      587.698
[1794 sec, 4400151 itr]:      587.698
[ optimality gap      ]:      100.00%
[1795 sec, 4402527 itr]:      587.698
[1796 sec, 4402527 itr]:      587.698
[1797 sec, 4404837 itr]:      587.698
[1798 sec, 4409356 itr]:      587.698
[1799 sec, 4409356 itr]:      587.698
[1800 sec, 4413824 itr]:      587.698
[1801 sec, 4416091 itr]:      587.698
[1802 sec, 4418459 itr]:      587.698
[1803 sec, 4420569 itr]:      587.698
[1804 sec, 4422939 itr]:      587.698
[ optimality gap      ]:      100.00%
[1805 sec, 4425220 itr]:      587.698
[1806 sec, 4427463 itr]:      587.698
[1807 sec, 4429779 itr]:      587.698
[1808 sec, 4432113 itr]:      587.698
[1809 sec, 4434450 itr]:      587.698
[1810 sec, 4436771 itr]:      587.698
[1811 sec, 4439056 itr]:      587.698
[1812 sec, 4441275 itr]:      587.698
[1813 sec, 4443600 itr]:      587.698
[1814 sec, 4443600 itr]:      587.698
[ optimality gap      ]:      100.00%
[1815 sec, 4448246 itr]:      587.698
[1816 sec, 4450582 itr]:      587.698
[1817 sec, 4452944 itr]:      587.698
[1818 sec, 4455336 itr]:      587.698
[1819 sec, 4457722 itr]:      587.698
[1820 sec, 4460170 itr]:      587.698
[1821 sec, 4460170 itr]:      587.698
[1822 sec, 4464885 itr]:      587.698
[1823 sec, 4467273 itr]:      587.698
[1824 sec, 4469550 itr]:      587.698
[ optimality gap      ]:      100.00%
[1825 sec, 4471911 itr]:      587.698
[1826 sec, 4474305 itr]:      587.698
[1827 sec, 4476528 itr]:      587.698
[1828 sec, 4476528 itr]:      587.698
[1829 sec, 4478771 itr]:      587.698
[1830 sec, 4483301 itr]:      587.698
[1831 sec, 4485564 itr]:      587.698
[1832 sec, 4487805 itr]:      587.698
[1833 sec, 4490107 itr]:      587.698
[1834 sec, 4490107 itr]:      587.698
[ optimality gap      ]:      100.00%
[1835 sec, 4494551 itr]:      587.698
[1836 sec, 4496947 itr]:      587.698
[1837 sec, 4499461 itr]:      587.698
[1838 sec, 4499461 itr]:      587.698
[1839 sec, 4504510 itr]:      587.698
[1840 sec, 4507121 itr]:      587.698
[1841 sec, 4509729 itr]:      587.698
[1842 sec, 4509729 itr]:      587.698
[1843 sec, 4514562 itr]:      587.698
[1844 sec, 4516926 itr]:      587.698
[ optimality gap      ]:      100.00%
[1845 sec, 4516926 itr]:      587.698
[1846 sec, 4521584 itr]:      587.698
[1847 sec, 4523891 itr]:      587.698
[1848 sec, 4523891 itr]:      587.698
[1849 sec, 4526247 itr]:      587.698
[1850 sec, 4530640 itr]:      587.698
[1851 sec, 4532948 itr]:      587.698
[1852 sec, 4535311 itr]:      587.698
[1853 sec, 4535311 itr]:      587.698
[1854 sec, 4537485 itr]:      587.698
[ optimality gap      ]:      100.00%
[1855 sec, 4539759 itr]:      587.698
[1856 sec, 4544268 itr]:      587.698
[1857 sec, 4546509 itr]:      587.698
[1858 sec, 4548760 itr]:      587.698
[1859 sec, 4550969 itr]:      587.698
[1860 sec, 4553308 itr]:      587.698
[1861 sec, 4555548 itr]:      587.698
[1862 sec, 4557896 itr]:      587.698
[1863 sec, 4560056 itr]:      587.698
[1864 sec, 4562391 itr]:      587.698
[ optimality gap      ]:      100.00%
[1865 sec, 4564604 itr]:      587.698
[1866 sec, 4564604 itr]:      587.698
[1867 sec, 4569317 itr]:      587.698
[1868 sec, 4571697 itr]:      587.698
[1869 sec, 4571697 itr]:      587.698
[1870 sec, 4576400 itr]:      587.698
[1871 sec, 4578804 itr]:      587.698
[1872 sec, 4581126 itr]:      587.698
[1873 sec, 4583516 itr]:      587.698
[1874 sec, 4585929 itr]:      587.698
[ optimality gap      ]:      100.00%
[1875 sec, 4588313 itr]:      587.698
[1876 sec, 4590579 itr]:      587.698
[1877 sec, 4592882 itr]:      587.698
[1878 sec, 4595118 itr]:      587.698
[1879 sec, 4595118 itr]:      587.698
[1880 sec, 4599687 itr]:      587.698
[1881 sec, 4601993 itr]:      587.698
[1882 sec, 4604209 itr]:      587.698
[1883 sec, 4604209 itr]:      587.698
[1884 sec, 4608636 itr]:      587.698
[ optimality gap      ]:      100.00%
[1885 sec, 4608636 itr]:      587.698
[1886 sec, 4613166 itr]:      587.698
[1887 sec, 4615514 itr]:      587.698
[1888 sec, 4617857 itr]:      587.698
[1889 sec, 4620378 itr]:      587.698
[1890 sec, 4622706 itr]:      587.698
[1891 sec, 4622706 itr]:      587.698
[1892 sec, 4627709 itr]:      587.698
[1893 sec, 4630364 itr]:      587.698
[1894 sec, 4632915 itr]:      587.698
[ optimality gap      ]:      100.00%
[1895 sec, 4635575 itr]:      587.698
[1896 sec, 4638158 itr]:      587.698
[1897 sec, 4640789 itr]:      587.698
[1898 sec, 4640789 itr]:      587.698
[1899 sec, 4646144 itr]:      587.698
[1900 sec, 4648691 itr]:      587.698
[1901 sec, 4651260 itr]:      587.698
[1902 sec, 4651260 itr]:      587.698
[1903 sec, 4656540 itr]:      587.698
[1904 sec, 4659155 itr]:      587.698
[ optimality gap      ]:      100.00%
[1905 sec, 4661695 itr]:      587.698
[1906 sec, 4664341 itr]:      587.698
[1907 sec, 4666945 itr]:      587.698
[1908 sec, 4666945 itr]:      587.698
[1909 sec, 4672177 itr]:      587.698
[1910 sec, 4674752 itr]:      587.698
[1911 sec, 4674752 itr]:      587.698
[1912 sec, 4677294 itr]:      587.698
[1913 sec, 4682576 itr]:      587.698
[1914 sec, 4685172 itr]:      587.698
[ optimality gap      ]:      100.00%
[1915 sec, 4687794 itr]:      587.698
[1916 sec, 4690427 itr]:      587.698
[1917 sec, 4692982 itr]:      587.698
[1918 sec, 4695617 itr]:      587.698
[1919 sec, 4695617 itr]:      587.698
[1920 sec, 4700829 itr]:      587.698
[1921 sec, 4703346 itr]:      587.698
[1922 sec, 4703346 itr]:      587.698
[1923 sec, 4705967 itr]:      587.698
[1924 sec, 4710863 itr]:      587.698
[ optimality gap      ]:      100.00%
[1925 sec, 4713485 itr]:      587.698
[1926 sec, 4716068 itr]:      587.698
[1927 sec, 4718678 itr]:      587.698
[1928 sec, 4718678 itr]:      587.698
[1929 sec, 4723890 itr]:      587.698
[1930 sec, 4726409 itr]:      587.698
[1931 sec, 4728986 itr]:      587.698
[1932 sec, 4731619 itr]:      587.698
[1933 sec, 4734213 itr]:      587.698
[1934 sec, 4736664 itr]:      587.698
[ optimality gap      ]:      100.00%
[1935 sec, 4739215 itr]:      587.698
[1936 sec, 4739215 itr]:      587.698
[1937 sec, 4744342 itr]:      587.698
[1938 sec, 4744342 itr]:      587.698
[1939 sec, 4749461 itr]:      587.698
[1940 sec, 4752053 itr]:      587.698
[1941 sec, 4754730 itr]:      587.698
[1942 sec, 4757183 itr]:      587.698
[1943 sec, 4759753 itr]:      587.698
[1944 sec, 4759753 itr]:      587.698
[ optimality gap      ]:      100.00%
[1945 sec, 4764820 itr]:      587.698
[1946 sec, 4767256 itr]:      587.698
[1947 sec, 4769818 itr]:      587.698
[1948 sec, 4772588 itr]:      587.698
[1949 sec, 4775117 itr]:      587.698
[1950 sec, 4777619 itr]:      587.698
[1951 sec, 4780192 itr]:      587.698
[1952 sec, 4782761 itr]:      587.698
[1953 sec, 4785374 itr]:      587.698
[1954 sec, 4787980 itr]:      587.698
[ optimality gap      ]:      100.00%
[1955 sec, 4790436 itr]:      587.698
[1956 sec, 4793049 itr]:      587.698
[1957 sec, 4795649 itr]:      587.698
[1958 sec, 4795649 itr]:      587.698
[1959 sec, 4800892 itr]:      587.698
[1960 sec, 4803627 itr]:      587.698
[1961 sec, 4806248 itr]:      587.698
[1962 sec, 4808858 itr]:      587.698
[1963 sec, 4811491 itr]:      587.698
[1964 sec, 4811491 itr]:      587.698
[ optimality gap      ]:      100.00%
[1965 sec, 4816660 itr]:      587.698
[1966 sec, 4816660 itr]:      587.698
[1967 sec, 4819223 itr]:      587.698
[1968 sec, 4824637 itr]:      587.698
[1969 sec, 4827310 itr]:      587.698
[1970 sec, 4827310 itr]:      587.698
[1971 sec, 4829910 itr]:      587.698
[1972 sec, 4834987 itr]:      587.698
[1973 sec, 4837635 itr]:      587.698
[1974 sec, 4840301 itr]:      587.698
[ optimality gap      ]:      100.00%
[1975 sec, 4843058 itr]:      587.698
[1976 sec, 4845646 itr]:      587.698
[1977 sec, 4848262 itr]:      587.698
[1978 sec, 4848262 itr]:      587.698
[1979 sec, 4853629 itr]:      587.698
[1980 sec, 4856314 itr]:      587.698
[1981 sec, 4858946 itr]:      587.698
[1982 sec, 4861660 itr]:      587.698
[1983 sec, 4864271 itr]:      587.698
[1984 sec, 4864271 itr]:      587.698
[ optimality gap      ]:      100.00%
[1985 sec, 4869619 itr]:      587.698
[1986 sec, 4872413 itr]:      587.698
[1987 sec, 4872413 itr]:      587.698
[1988 sec, 4875107 itr]:      587.698
[1989 sec, 4877725 itr]:      587.698
[1990 sec, 4880247 itr]:      587.698
[1991 sec, 4882878 itr]:      587.698
[1992 sec, 4887901 itr]:      587.698
[1993 sec, 4890536 itr]:      587.698
[1994 sec, 4890536 itr]:      587.698
[ optimality gap      ]:      100.00%
[1995 sec, 4895574 itr]:      587.698
[1996 sec, 4898079 itr]:      587.698
[1997 sec, 4900576 itr]:      587.698
[1998 sec, 4903040 itr]:      587.698
[1999 sec, 4905649 itr]:      587.698
[2000 sec, 4908221 itr]:      587.698
[2001 sec, 4910754 itr]:      587.698
[2002 sec, 4913280 itr]:      587.698
[2003 sec, 4915762 itr]:      587.698
[2004 sec, 4918299 itr]:      587.698
[ optimality gap      ]:      100.00%
[2005 sec, 4920713 itr]:      587.698
[2006 sec, 4923457 itr]:      587.698
[2007 sec, 4926079 itr]:      587.698
[2008 sec, 4928739 itr]:      587.698
[2009 sec, 4928739 itr]:      587.698
[2010 sec, 4934086 itr]:      587.698
[2011 sec, 4936741 itr]:      587.698
[2012 sec, 4936741 itr]:      587.698
[2013 sec, 4939418 itr]:      587.698
[2014 sec, 4941911 itr]:      587.698
[ optimality gap      ]:      100.00%
[2015 sec, 4947086 itr]:      587.698
[2016 sec, 4949773 itr]:      587.698
[2017 sec, 4952306 itr]:      587.698
[2018 sec, 4952306 itr]:      587.698
[2019 sec, 4957471 itr]:      587.698
[2020 sec, 4960020 itr]:      587.698
[2021 sec, 4962513 itr]:      587.698
[2022 sec, 4965082 itr]:      587.698
[2023 sec, 4967719 itr]:      587.698
[2024 sec, 4970272 itr]:      587.698
[ optimality gap      ]:      100.00%
[2025 sec, 4972953 itr]:      587.698
[2026 sec, 4975579 itr]:      587.698
[2027 sec, 4975579 itr]:      587.698
[2028 sec, 4978272 itr]:      587.698
[2029 sec, 4983433 itr]:      587.698
[2030 sec, 4985981 itr]:      587.698
[2031 sec, 4988510 itr]:      587.698
[2032 sec, 4991185 itr]:      587.698
[2033 sec, 4993837 itr]:      587.698
[2034 sec, 4996641 itr]:      587.698
[ optimality gap      ]:      100.00%
[2035 sec, 4999250 itr]:      587.698
[2036 sec, 5001835 itr]:      587.698
[2037 sec, 5004477 itr]:      587.698
[2038 sec, 5007052 itr]:      587.698
[2039 sec, 5009574 itr]:      587.698
[2040 sec, 5009574 itr]:      587.698
[2041 sec, 5014760 itr]:      587.698
[2042 sec, 5017459 itr]:      587.698
[2043 sec, 5019998 itr]:      587.698
[2044 sec, 5022558 itr]:      587.698
[ optimality gap      ]:      100.00%
[2045 sec, 5022558 itr]:      587.698
[2046 sec, 5027845 itr]:      587.698
[2047 sec, 5030494 itr]:      587.698
[2048 sec, 5032991 itr]:      587.698
[2049 sec, 5035608 itr]:      587.698
[2050 sec, 5038039 itr]:      587.698
[2051 sec, 5038039 itr]:      587.698
[2052 sec, 5043250 itr]:      587.698
[2053 sec, 5045753 itr]:      587.698
[2054 sec, 5045753 itr]:      587.698
[ optimality gap      ]:      100.00%
[2055 sec, 5050847 itr]:      587.698
[2056 sec, 5053341 itr]:      587.698
[2057 sec, 5053341 itr]:      587.698
[2058 sec, 5058437 itr]:      587.698
[2059 sec, 5061012 itr]:      587.698
[2060 sec, 5061012 itr]:      587.698
[2061 sec, 5066349 itr]:      587.698
[2062 sec, 5069035 itr]:      587.698
[2063 sec, 5071801 itr]:      587.698
[2064 sec, 5074661 itr]:      587.698
[ optimality gap      ]:      100.00%
[2065 sec, 5074661 itr]:      587.698
[2066 sec, 5079895 itr]:      587.698
[2067 sec, 5079895 itr]:      587.698
[2068 sec, 5085195 itr]:      587.698
[2069 sec, 5087696 itr]:      587.698
[2070 sec, 5090359 itr]:      587.698
[2071 sec, 5093060 itr]:      587.698
[2072 sec, 5095670 itr]:      587.698
[2073 sec, 5098308 itr]:      587.698
[2074 sec, 5100928 itr]:      587.698
[ optimality gap      ]:      100.00%
[2075 sec, 5103533 itr]:      587.698
[2076 sec, 5106017 itr]:      587.698
[2077 sec, 5108440 itr]:      587.698
[2078 sec, 5111016 itr]:      587.698
[2079 sec, 5113575 itr]:      587.698
[2080 sec, 5116185 itr]:      587.698
[2081 sec, 5118704 itr]:      587.698
[2082 sec, 5121284 itr]:      587.698
[2083 sec, 5123877 itr]:      587.698
[2084 sec, 5126467 itr]:      587.698
[ optimality gap      ]:      100.00%
[2085 sec, 5128977 itr]:      587.698
[2086 sec, 5131404 itr]:      587.698
[2087 sec, 5134019 itr]:      587.698
[2088 sec, 5136650 itr]:      587.698
[2089 sec, 5139232 itr]:      587.698
[2090 sec, 5139232 itr]:      587.698
[2091 sec, 5145024 itr]:      587.698
[2092 sec, 5145024 itr]:      587.698
[2093 sec, 5150517 itr]:      587.698
[2094 sec, 5150517 itr]:      587.698
[ optimality gap      ]:      100.00%
[2095 sec, 5153270 itr]:      587.698
[2096 sec, 5158764 itr]:      587.698
[2097 sec, 5161419 itr]:      587.698
[2098 sec, 5164119 itr]:      587.698
[2099 sec, 5166839 itr]:      587.698
[2100 sec, 5166839 itr]:      587.698
[2101 sec, 5172341 itr]:      587.698
[2102 sec, 5175149 itr]:      587.698
[2103 sec, 5177995 itr]:      587.698
[2104 sec, 5180785 itr]:      587.698
[ optimality gap      ]:      100.00%
[2105 sec, 5183778 itr]:      587.698
[2106 sec, 5186516 itr]:      587.698
[2107 sec, 5186516 itr]:      587.698
[2108 sec, 5192253 itr]:      587.698
[2109 sec, 5195066 itr]:      587.698
[2110 sec, 5197798 itr]:      587.698
[2111 sec, 5200762 itr]:      587.698
[2112 sec, 5200762 itr]:      587.698
[2113 sec, 5206485 itr]:      587.698
[2114 sec, 5209329 itr]:      587.698
[ optimality gap      ]:      100.00%
[2115 sec, 5212052 itr]:      587.698
[2116 sec, 5214895 itr]:      587.698
[2117 sec, 5217563 itr]:      587.698
[2118 sec, 5220459 itr]:      587.698
[2119 sec, 5223198 itr]:      587.698
[2120 sec, 5226042 itr]:      587.698
[2121 sec, 5228990 itr]:      587.698
[2122 sec, 5231584 itr]:      587.698
[2123 sec, 5234415 itr]:      587.698
[2124 sec, 5237305 itr]:      587.698
[ optimality gap      ]:      100.00%
[2125 sec, 5240098 itr]:      587.698
[2126 sec, 5240098 itr]:      587.698
[2127 sec, 5245660 itr]:      587.698
[2128 sec, 5248551 itr]:      587.698
[2129 sec, 5251303 itr]:      587.698
[2130 sec, 5254077 itr]:      587.698
[2131 sec, 5256741 itr]:      587.698
[2132 sec, 5259417 itr]:      587.698
[2133 sec, 5259417 itr]:      587.698
[2134 sec, 5264894 itr]:      587.698
[ optimality gap      ]:      100.00%
[2135 sec, 5267603 itr]:      587.698
[2136 sec, 5270314 itr]:      587.698
[2137 sec, 5273106 itr]:      587.698
[2138 sec, 5275941 itr]:      587.698
[2139 sec, 5278808 itr]:      587.698
[2140 sec, 5281648 itr]:      587.698
[2141 sec, 5284475 itr]:      587.698
[2142 sec, 5287303 itr]:      587.698
[2143 sec, 5290063 itr]:      587.698
[2144 sec, 5292930 itr]:      587.698
[ optimality gap      ]:      100.00%
[2145 sec, 5295705 itr]:      587.698
[2146 sec, 5298332 itr]:      587.698
[2147 sec, 5301079 itr]:      587.698
[2148 sec, 5303844 itr]:      587.698
[2149 sec, 5303844 itr]:      587.698
[2150 sec, 5309282 itr]:      587.698
[2151 sec, 5312059 itr]:      587.698
[2152 sec, 5312059 itr]:      587.698
[2153 sec, 5315080 itr]:      587.698
[2154 sec, 5320912 itr]:      587.698
[ optimality gap      ]:      100.00%
[2155 sec, 5323811 itr]:      587.698
[2156 sec, 5326771 itr]:      587.698
[2157 sec, 5329708 itr]:      587.698
[2158 sec, 5329708 itr]:      587.698
[2159 sec, 5335388 itr]:      587.698
[2160 sec, 5338179 itr]:      587.698
[2161 sec, 5341111 itr]:      587.698
[2162 sec, 5344034 itr]:      587.698
[2163 sec, 5346895 itr]:      587.698
[2164 sec, 5349870 itr]:      587.698
[ optimality gap      ]:      100.00%
[2165 sec, 5352704 itr]:      587.698
[2166 sec, 5352704 itr]:      587.698
[2167 sec, 5355442 itr]:      587.698
[2168 sec, 5358062 itr]:      587.698
[2169 sec, 5363529 itr]:      587.698
[2170 sec, 5366446 itr]:      587.698
[2171 sec, 5369069 itr]:      587.698
[2172 sec, 5369069 itr]:      587.698
[2173 sec, 5374776 itr]:      587.698
[2174 sec, 5377753 itr]:      587.698
[ optimality gap      ]:      100.00%
[2175 sec, 5377753 itr]:      587.698
[2176 sec, 5383520 itr]:      587.698
[2177 sec, 5383520 itr]:      587.698
[2178 sec, 5389142 itr]:      587.698
[2179 sec, 5392087 itr]:      587.698
[2180 sec, 5394778 itr]:      587.698
[2181 sec, 5397595 itr]:      587.698
[2182 sec, 5397595 itr]:      587.698
[2183 sec, 5400561 itr]:      587.698
[2184 sec, 5406370 itr]:      587.698
[ optimality gap      ]:      100.00%
[2185 sec, 5409309 itr]:      587.698
[2186 sec, 5412224 itr]:      587.698
[2187 sec, 5412224 itr]:      587.698
[2188 sec, 5417955 itr]:      587.698
[2189 sec, 5420513 itr]:      587.698
[2190 sec, 5423097 itr]:      587.698
[2191 sec, 5423097 itr]:      587.698
[2192 sec, 5428376 itr]:      587.698
[2193 sec, 5430933 itr]:      587.698
[2194 sec, 5430933 itr]:      587.698
[ optimality gap      ]:      100.00%
[2195 sec, 5436073 itr]:      587.698
[2196 sec, 5438646 itr]:      587.698
[2197 sec, 5438646 itr]:      587.698
[2198 sec, 5441269 itr]:      587.698
[2199 sec, 5444053 itr]:      587.698
[2200 sec, 5446697 itr]:      587.698
[2201 sec, 5449340 itr]:      587.698
[2202 sec, 5454895 itr]:      587.698
[2203 sec, 5454895 itr]:      587.698
[2204 sec, 5460501 itr]:      587.698
[ optimality gap      ]:      100.00%
[2205 sec, 5460501 itr]:      587.698
[2206 sec, 5463371 itr]:      587.698
[2207 sec, 5466310 itr]:      587.698
[2208 sec, 5471882 itr]:      587.698
[2209 sec, 5471882 itr]:      587.698
[2210 sec, 5477750 itr]:      587.698
[2211 sec, 5477750 itr]:      587.698
[2212 sec, 5480638 itr]:      587.698
[2213 sec, 5486253 itr]:      587.698
[2214 sec, 5486253 itr]:      587.698
[ optimality gap      ]:      100.00%
[2215 sec, 5489058 itr]:      587.698
[2216 sec, 5492057 itr]:      587.698
[2217 sec, 5494915 itr]:      587.698
[2218 sec, 5500845 itr]:      587.698
[2219 sec, 5503779 itr]:      587.698
[2220 sec, 5503779 itr]:      587.698
[2221 sec, 5509412 itr]:      587.698
[2222 sec, 5509412 itr]:      587.698
[2223 sec, 5514861 itr]:      587.698
[2224 sec, 5517520 itr]:      587.698
[ optimality gap      ]:      100.00%
[2225 sec, 5517520 itr]:      587.698
[2226 sec, 5523082 itr]:      587.698
[2227 sec, 5525939 itr]:      587.698
[2228 sec, 5525939 itr]:      587.698
[2229 sec, 5528713 itr]:      587.698
[2230 sec, 5534237 itr]:      587.698
[2231 sec, 5534237 itr]:      587.698
[2232 sec, 5537197 itr]:      587.698
[2233 sec, 5543079 itr]:      587.698
[2234 sec, 5543079 itr]:      587.698
[ optimality gap      ]:      100.00%
[2235 sec, 5545977 itr]:      587.698
[2236 sec, 5551823 itr]:      587.698
[2237 sec, 5554664 itr]:      587.698
[2238 sec, 5554664 itr]:      587.698
[2239 sec, 5557612 itr]:      587.698
[2240 sec, 5563426 itr]:      587.698
[2241 sec, 5563426 itr]:      587.698
[2242 sec, 5569288 itr]:      587.698
[2243 sec, 5569288 itr]:      587.698
[2244 sec, 5574746 itr]:      587.698
[ optimality gap      ]:      100.00%
[2245 sec, 5574746 itr]:      587.698
[2246 sec, 5577420 itr]:      587.698
[2247 sec, 5582584 itr]:      587.698
[2248 sec, 5582584 itr]:      587.698
[2249 sec, 5588301 itr]:      587.698
[2250 sec, 5591123 itr]:      587.698
[2251 sec, 5591123 itr]:      587.698
[2252 sec, 5596898 itr]:      587.698
[2253 sec, 5596898 itr]:      587.698
[2254 sec, 5599939 itr]:      587.698
[ optimality gap      ]:      100.00%
[2255 sec, 5605653 itr]:      587.698
[2256 sec, 5605653 itr]:      587.698
[2257 sec, 5611324 itr]:      587.698
[2258 sec, 5611324 itr]:      587.698
[2259 sec, 5617032 itr]:      587.698
[2260 sec, 5617032 itr]:      587.698
[2261 sec, 5619961 itr]:      587.698
[2262 sec, 5622938 itr]:      587.698
[2263 sec, 5629054 itr]:      587.698
[2264 sec, 5629054 itr]:      587.698
[ optimality gap      ]:      100.00%
[2265 sec, 5632007 itr]:      587.698
[2266 sec, 5637850 itr]:      587.698
[2267 sec, 5637850 itr]:      587.698
[2268 sec, 5643922 itr]:      587.698
[2269 sec, 5646793 itr]:      587.698
[2270 sec, 5649598 itr]:      587.698
[2271 sec, 5649598 itr]:      587.698
[2272 sec, 5652623 itr]:      587.698
[2273 sec, 5655503 itr]:      587.698
[2274 sec, 5661524 itr]:      587.698
[ optimality gap      ]:      100.00%
[2275 sec, 5664334 itr]:      587.698
[2276 sec, 5664334 itr]:      587.698
[2277 sec, 5667328 itr]:      587.698
[2278 sec, 5670168 itr]:      587.698
[2279 sec, 5673163 itr]:      587.698
[2280 sec, 5678900 itr]:      587.698
[2281 sec, 5678900 itr]:      587.698
[2282 sec, 5681858 itr]:      587.698
[2283 sec, 5684824 itr]:      587.698
[2284 sec, 5687805 itr]:      587.698
[ optimality gap      ]:      100.00%
[2285 sec, 5693633 itr]:      587.698
[2286 sec, 5696520 itr]:      587.698
[2287 sec, 5699244 itr]:      587.698
[2288 sec, 5701830 itr]:      587.698
[2289 sec, 5704548 itr]:      587.698
[2290 sec, 5707455 itr]:      587.698
[2291 sec, 5707455 itr]:      587.698
[2292 sec, 5713275 itr]:      587.698
[2293 sec, 5716022 itr]:      587.698
[2294 sec, 5718943 itr]:      587.698
[ optimality gap      ]:      100.00%
[2295 sec, 5718943 itr]:      587.698
[2296 sec, 5724942 itr]:      587.698
[2297 sec, 5724942 itr]:      587.698
[2298 sec, 5730812 itr]:      587.698
[2299 sec, 5733725 itr]:      587.698
[2300 sec, 5736648 itr]:      587.698
[2301 sec, 5736648 itr]:      587.698
[2302 sec, 5739583 itr]:      587.698
[2303 sec, 5742497 itr]:      587.698
[2304 sec, 5748264 itr]:      587.698
[ optimality gap      ]:      100.00%
[2305 sec, 5748264 itr]:      587.698
[2306 sec, 5751342 itr]:      587.698
[2307 sec, 5754273 itr]:      587.698
[2308 sec, 5757158 itr]:      587.698
[2309 sec, 5762939 itr]:      587.698
[2310 sec, 5762939 itr]:      587.698
[2311 sec, 5768706 itr]:      587.698
[2312 sec, 5768706 itr]:      587.698
[2313 sec, 5771507 itr]:      587.698
[2314 sec, 5774301 itr]:      587.698
[ optimality gap      ]:      100.00%
[2315 sec, 5779882 itr]:      587.698
[2316 sec, 5782865 itr]:      587.698
[2317 sec, 5785895 itr]:      587.698
[2318 sec, 5785895 itr]:      587.698
[2319 sec, 5788800 itr]:      587.698
[2320 sec, 5791770 itr]:      587.698
[2321 sec, 5797783 itr]:      587.698
[2322 sec, 5800581 itr]:      587.698
[2323 sec, 5800581 itr]:      587.698
[2324 sec, 5806412 itr]:      587.698
[ optimality gap      ]:      100.00%
[2325 sec, 5806412 itr]:      587.698
[2326 sec, 5809299 itr]:      587.698
[2327 sec, 5815107 itr]:      587.698
[2328 sec, 5815107 itr]:      587.698
[2329 sec, 5821095 itr]:      587.698
[2330 sec, 5821095 itr]:      587.698
[2331 sec, 5823934 itr]:      587.698
[2332 sec, 5827023 itr]:      587.698
[2333 sec, 5832702 itr]:      587.698
[2334 sec, 5835390 itr]:      587.698
[ optimality gap      ]:      100.00%
[2335 sec, 5838017 itr]:      587.698
[2336 sec, 5838017 itr]:      587.698
[2337 sec, 5840650 itr]:      587.698
[2338 sec, 5846005 itr]:      587.698
[2339 sec, 5848537 itr]:      587.698
[2340 sec, 5851145 itr]:      587.698
[2341 sec, 5851145 itr]:      587.698
[2342 sec, 5853859 itr]:      587.698
[2343 sec, 5859078 itr]:      587.698
[2344 sec, 5861592 itr]:      587.698
[ optimality gap      ]:      100.00%
[2345 sec, 5864126 itr]:      587.698
[2346 sec, 5866622 itr]:      587.698
[2347 sec, 5869066 itr]:      587.698
[2348 sec, 5871733 itr]:      587.698
[2349 sec, 5871733 itr]:      587.698
[2350 sec, 5876881 itr]:      587.698
[2351 sec, 5879458 itr]:      587.698
[2352 sec, 5882081 itr]:      587.698
[2353 sec, 5884694 itr]:      587.698
[2354 sec, 5887219 itr]:      587.698
[ optimality gap      ]:      100.00%
[2355 sec, 5889721 itr]:      587.698
[2356 sec, 5892438 itr]:      587.698
[2357 sec, 5895000 itr]:      587.698
[2358 sec, 5895000 itr]:      587.698
[2359 sec, 5897770 itr]:      587.698
[2360 sec, 5903228 itr]:      587.698
[2361 sec, 5906008 itr]:      587.698
[2362 sec, 5908617 itr]:      587.698
[2363 sec, 5911121 itr]:      587.698
[2364 sec, 5911121 itr]:      587.698
[ optimality gap      ]:      100.00%
[2365 sec, 5913710 itr]:      587.698
[2366 sec, 5918628 itr]:      587.698
[2367 sec, 5918628 itr]:      587.698
[2368 sec, 5923928 itr]:      587.698
[2369 sec, 5923928 itr]:      587.698
[2370 sec, 5928985 itr]:      587.698
[2371 sec, 5931565 itr]:      587.698
[2372 sec, 5934166 itr]:      587.698
[2373 sec, 5936776 itr]:      587.698
[2374 sec, 5936776 itr]:      587.698
[ optimality gap      ]:      100.00%
[2375 sec, 5941967 itr]:      587.698
[2376 sec, 5944634 itr]:      587.698
[2377 sec, 5947397 itr]:      587.698
[2378 sec, 5950118 itr]:      587.698
[2379 sec, 5950118 itr]:      587.698
[2380 sec, 5955948 itr]:      587.698
[2381 sec, 5955948 itr]:      587.698
[2382 sec, 5961167 itr]:      587.698
[2383 sec, 5963985 itr]:      587.698
[2384 sec, 5966611 itr]:      587.698
[ optimality gap      ]:      100.00%
[2385 sec, 5969437 itr]:      587.698
[2386 sec, 5972309 itr]:      587.698
[2387 sec, 5974927 itr]:      587.698
[2388 sec, 5977447 itr]:      587.698
[2389 sec, 5980086 itr]:      587.698
[2390 sec, 5982634 itr]:      587.698
[2391 sec, 5985169 itr]:      587.698
[2392 sec, 5985169 itr]:      587.698
[2393 sec, 5990499 itr]:      587.698
[2394 sec, 5993087 itr]:      587.698
[ optimality gap      ]:      100.00%
[2395 sec, 5995677 itr]:      587.698
[2396 sec, 5998256 itr]:      587.698
[2397 sec, 6000899 itr]:      587.698
[2398 sec, 6000899 itr]:      587.698
[2399 sec, 6006430 itr]:      587.698
[2400 sec, 6009106 itr]:      587.698
[2401 sec, 6011545 itr]:      587.698
[2402 sec, 6014113 itr]:      587.698
[2403 sec, 6016833 itr]:      587.698
[2404 sec, 6019294 itr]:      587.698
[ optimality gap      ]:      100.00%
[2405 sec, 6021789 itr]:      587.698
[2406 sec, 6024369 itr]:      587.698
[2407 sec, 6024369 itr]:      587.698
[2408 sec, 6029600 itr]:      587.698
[2409 sec, 6032178 itr]:      587.698
[2410 sec, 6034624 itr]:      587.698
[2411 sec, 6037262 itr]:      587.698
[2412 sec, 6039756 itr]:      587.698
[2413 sec, 6042237 itr]:      587.698
[2414 sec, 6044793 itr]:      587.698
[ optimality gap      ]:      100.00%
[2415 sec, 6047360 itr]:      587.698
[2416 sec, 6047360 itr]:      587.698
[2417 sec, 6052501 itr]:      587.698
[2418 sec, 6055030 itr]:      587.698
[2419 sec, 6057508 itr]:      587.698
[2420 sec, 6060117 itr]:      587.698
[2421 sec, 6062820 itr]:      587.698
[2422 sec, 6062820 itr]:      587.698
[2423 sec, 6068037 itr]:      587.698
[2424 sec, 6070618 itr]:      587.698
[ optimality gap      ]:      100.00%
[2425 sec, 6073227 itr]:      587.698
[2426 sec, 6075698 itr]:      587.698
[2427 sec, 6075698 itr]:      587.698
[2428 sec, 6080864 itr]:      587.698
[2429 sec, 6083220 itr]:      587.698
[2430 sec, 6085744 itr]:      587.698
[2431 sec, 6085744 itr]:      587.698
[2432 sec, 6090763 itr]:      587.698
[2433 sec, 6093367 itr]:      587.698
[2434 sec, 6095795 itr]:      587.698
[ optimality gap      ]:      100.00%
[2435 sec, 6098281 itr]:      587.698
[2436 sec, 6100832 itr]:      587.698
[2437 sec, 6103467 itr]:      587.698
[2438 sec, 6106106 itr]:      587.698
[2439 sec, 6108678 itr]:      587.698
[2440 sec, 6111207 itr]:      587.698
[2441 sec, 6111207 itr]:      587.698
[2442 sec, 6116348 itr]:      587.698
[2443 sec, 6116348 itr]:      587.698
[2444 sec, 6119002 itr]:      587.698
[ optimality gap      ]:      100.00%
[2445 sec, 6124283 itr]:      587.698
[2446 sec, 6126743 itr]:      587.698
[2447 sec, 6129380 itr]:      587.698
[2448 sec, 6132076 itr]:      587.698
[2449 sec, 6134752 itr]:      587.698
[2450 sec, 6137241 itr]:      587.698
[2451 sec, 6139930 itr]:      587.698
[2452 sec, 6139930 itr]:      587.698
[2453 sec, 6145482 itr]:      587.698
[2454 sec, 6148136 itr]:      587.698
[ optimality gap      ]:      100.00%
[2455 sec, 6150699 itr]:      587.698
[2456 sec, 6150699 itr]:      587.698
[2457 sec, 6155651 itr]:      587.698
[2458 sec, 6158324 itr]:      587.698
[2459 sec, 6161020 itr]:      587.698
[2460 sec, 6163543 itr]:      587.698
[2461 sec, 6163543 itr]:      587.698
[2462 sec, 6166067 itr]:      587.698
[2463 sec, 6171209 itr]:      587.698
[2464 sec, 6173905 itr]:      587.698
[ optimality gap      ]:      100.00%
[2465 sec, 6176369 itr]:      587.698
[2466 sec, 6178816 itr]:      587.698
[2467 sec, 6181377 itr]:      587.698
[2468 sec, 6183960 itr]:      587.698
[2469 sec, 6186435 itr]:      587.698
[2470 sec, 6188979 itr]:      587.698
[2471 sec, 6188979 itr]:      587.698
[2472 sec, 6194055 itr]:      587.698
[2473 sec, 6194055 itr]:      587.698
[2474 sec, 6199287 itr]:      587.698
[ optimality gap      ]:      100.00%
[2475 sec, 6199287 itr]:      587.698
[2476 sec, 6204607 itr]:      587.698
[2477 sec, 6204607 itr]:      587.698
[2478 sec, 6209673 itr]:      587.698
[2479 sec, 6209673 itr]:      587.698
[2480 sec, 6214870 itr]:      587.698
[2481 sec, 6217507 itr]:      587.698
[2482 sec, 6220169 itr]:      587.698
[2483 sec, 6222775 itr]:      587.698
[2484 sec, 6222775 itr]:      587.698
[ optimality gap      ]:      100.00%
[2485 sec, 6228030 itr]:      587.698
[2486 sec, 6230684 itr]:      587.698
[2487 sec, 6233233 itr]:      587.698
[2488 sec, 6235707 itr]:      587.698
[2489 sec, 6238200 itr]:      587.698
[2490 sec, 6240744 itr]:      587.698
[2491 sec, 6243360 itr]:      587.698
[2492 sec, 6246051 itr]:      587.698
[2493 sec, 6246051 itr]:      587.698
[2494 sec, 6248635 itr]:      587.698
[ optimality gap      ]:      100.00%
[2495 sec, 6253852 itr]:      587.698
[2496 sec, 6256511 itr]:      587.698
[2497 sec, 6256511 itr]:      587.698
[2498 sec, 6262107 itr]:      587.698
[2499 sec, 6264664 itr]:      587.698
[2500 sec, 6267205 itr]:      587.698
[2501 sec, 6269882 itr]:      587.698
[2502 sec, 6272462 itr]:      587.698
[2503 sec, 6275078 itr]:      587.698
[2504 sec, 6277578 itr]:      587.698
[ optimality gap      ]:      100.00%
[2505 sec, 6280180 itr]:      587.698
[2506 sec, 6280180 itr]:      587.698
[2507 sec, 6285409 itr]:      587.698
[2508 sec, 6287935 itr]:      587.698
[2509 sec, 6290652 itr]:      587.698
[2510 sec, 6293370 itr]:      587.698
[2511 sec, 6296089 itr]:      587.698
[2512 sec, 6298549 itr]:      587.698
[2513 sec, 6301048 itr]:      587.698
[2514 sec, 6303641 itr]:      587.698
[ optimality gap      ]:      100.00%
[2515 sec, 6306209 itr]:      587.698
[2516 sec, 6308753 itr]:      587.698
[2517 sec, 6308753 itr]:      587.698
[2518 sec, 6311454 itr]:      587.698
[2519 sec, 6316776 itr]:      587.698
[2520 sec, 6319275 itr]:      587.698
[2521 sec, 6319275 itr]:      587.698
[2522 sec, 6324430 itr]:      587.698
[2523 sec, 6324430 itr]:      587.698
[2524 sec, 6329713 itr]:      587.698
[ optimality gap      ]:      100.00%
[2525 sec, 6329713 itr]:      587.698
[2526 sec, 6332332 itr]:      587.698
[2527 sec, 6337446 itr]:      587.698
[2528 sec, 6340018 itr]:      587.698
[2529 sec, 6342557 itr]:      587.698
[2530 sec, 6345251 itr]:      587.698
[2531 sec, 6347852 itr]:      587.698
[2532 sec, 6347852 itr]:      587.698
[2533 sec, 6352855 itr]:      587.698
[2534 sec, 6355340 itr]:      587.698
[ optimality gap      ]:      100.00%
[2535 sec, 6357810 itr]:      587.698
[2536 sec, 6360389 itr]:      587.698
[2537 sec, 6362922 itr]:      587.698
[2538 sec, 6365537 itr]:      587.698
[2539 sec, 6368056 itr]:      587.698
[2540 sec, 6370506 itr]:      587.698
[2541 sec, 6373126 itr]:      587.698
[2542 sec, 6375650 itr]:      587.698
[2543 sec, 6375650 itr]:      587.698
[2544 sec, 6380945 itr]:      587.698
[ optimality gap      ]:      100.00%
[2545 sec, 6383381 itr]:      587.698
[2546 sec, 6385802 itr]:      587.698
[2547 sec, 6388387 itr]:      587.698
[2548 sec, 6388387 itr]:      587.698
[2549 sec, 6393693 itr]:      587.698
[2550 sec, 6396374 itr]:      587.698
[2551 sec, 6399018 itr]:      587.698
[2552 sec, 6401691 itr]:      587.698
[2553 sec, 6404262 itr]:      587.698
[2554 sec, 6406905 itr]:      587.698
[ optimality gap      ]:      100.00%
[2555 sec, 6406905 itr]:      587.698
[2556 sec, 6412347 itr]:      587.698
[2557 sec, 6414799 itr]:      587.698
[2558 sec, 6417401 itr]:      587.698
[2559 sec, 6420239 itr]:      587.698
[2560 sec, 6422962 itr]:      587.698
[2561 sec, 6425546 itr]:      587.698
[2562 sec, 6428228 itr]:      587.698
[2563 sec, 6430743 itr]:      587.698
[2564 sec, 6433341 itr]:      587.698
[ optimality gap      ]:      100.00%
[2565 sec, 6435849 itr]:      587.698
[2566 sec, 6438518 itr]:      587.698
[2567 sec, 6441155 itr]:      587.698
[2568 sec, 6443864 itr]:      587.698
[2569 sec, 6443864 itr]:      587.698
[2570 sec, 6449266 itr]:      587.698
[2571 sec, 6451939 itr]:      587.698
[2572 sec, 6451939 itr]:      587.698
[2573 sec, 6456931 itr]:      587.698
[2574 sec, 6459528 itr]:      587.698
[ optimality gap      ]:      100.00%
[2575 sec, 6462121 itr]:      587.698
[2576 sec, 6464659 itr]:      587.698
[2577 sec, 6464659 itr]:      587.698
[2578 sec, 6469808 itr]:      587.698
[2579 sec, 6472401 itr]:      587.698
[2580 sec, 6475056 itr]:      587.698
[2581 sec, 6477622 itr]:      587.698
[2582 sec, 6480215 itr]:      587.698
[2583 sec, 6482785 itr]:      587.698
[2584 sec, 6482785 itr]:      587.698
[ optimality gap      ]:      100.00%
[2585 sec, 6488092 itr]:      587.698
[2586 sec, 6490671 itr]:      587.698
[2587 sec, 6493196 itr]:      587.698
[2588 sec, 6493196 itr]:      587.698
[2589 sec, 6498387 itr]:      587.698
[2590 sec, 6500965 itr]:      587.698
[2591 sec, 6503501 itr]:      587.698
[2592 sec, 6503501 itr]:      587.698
[2593 sec, 6506154 itr]:      587.698
[2594 sec, 6511373 itr]:      587.698
[ optimality gap      ]:      100.00%
[2595 sec, 6511373 itr]:      587.698
[2596 sec, 6516413 itr]:      587.698
[2597 sec, 6518861 itr]:      587.698
[2598 sec, 6521351 itr]:      587.698
[2599 sec, 6523800 itr]:      587.698
[2600 sec, 6526268 itr]:      587.698
[2601 sec, 6528732 itr]:      587.698
[2602 sec, 6531154 itr]:      587.698
[2603 sec, 6531154 itr]:      587.698
[2604 sec, 6536247 itr]:      587.698
[ optimality gap      ]:      100.00%
[2605 sec, 6536247 itr]:      587.698
[2606 sec, 6538825 itr]:      587.698
[2607 sec, 6543673 itr]:      587.698
[2608 sec, 6546291 itr]:      587.698
[2609 sec, 6546291 itr]:      587.698
[2610 sec, 6551450 itr]:      587.698
[2611 sec, 6553939 itr]:      587.698
[2612 sec, 6556429 itr]:      587.698
[2613 sec, 6558851 itr]:      587.698
[2614 sec, 6561587 itr]:      587.698
[ optimality gap      ]:      100.00%
[2615 sec, 6561587 itr]:      587.698
[2616 sec, 6566744 itr]:      587.698
[2617 sec, 6566744 itr]:      587.698
[2618 sec, 6571758 itr]:      587.698
[2619 sec, 6574245 itr]:      587.698
[2620 sec, 6576674 itr]:      587.698
[2621 sec, 6579139 itr]:      587.698
[2622 sec, 6581687 itr]:      587.698
[2623 sec, 6583999 itr]:      587.698
[2624 sec, 6586468 itr]:      587.698
[ optimality gap      ]:      100.00%
[2625 sec, 6586468 itr]:      587.698
[2626 sec, 6589108 itr]:      587.698
[2627 sec, 6594317 itr]:      587.698
[2628 sec, 6596880 itr]:      587.698
[2629 sec, 6599271 itr]:      587.698
[2630 sec, 6599271 itr]:      587.698
[2631 sec, 6604291 itr]:      587.698
[2632 sec, 6606680 itr]:      587.698
[2633 sec, 6609300 itr]:      587.698
[2634 sec, 6611884 itr]:      587.698
[ optimality gap      ]:      100.00%
[2635 sec, 6614462 itr]:      587.698
[2636 sec, 6614462 itr]:      587.698
[2637 sec, 6619339 itr]:      587.698
[2638 sec, 6621905 itr]:      587.698
[2639 sec, 6624496 itr]:      587.698
[2640 sec, 6627188 itr]:      587.698
[2641 sec, 6627188 itr]:      587.698
[2642 sec, 6632415 itr]:      587.698
[2643 sec, 6635073 itr]:      587.698
[2644 sec, 6637746 itr]:      587.698
[ optimality gap      ]:      100.00%
[2645 sec, 6640373 itr]:      587.698
[2646 sec, 6643107 itr]:      587.698
[2647 sec, 6645858 itr]:      587.698
[2648 sec, 6645858 itr]:      587.698
[2649 sec, 6651159 itr]:      587.698
[2650 sec, 6653715 itr]:      587.698
[2651 sec, 6656185 itr]:      587.698
[2652 sec, 6658775 itr]:      587.698
[2653 sec, 6661403 itr]:      587.698
[2654 sec, 6663883 itr]:      587.698
[ optimality gap      ]:      100.00%
[2655 sec, 6666483 itr]:      587.698
[2656 sec, 6668981 itr]:      587.698
[2657 sec, 6671574 itr]:      587.698
[2658 sec, 6674087 itr]:      587.698
[2659 sec, 6676589 itr]:      587.698
[2660 sec, 6679091 itr]:      587.698
[2661 sec, 6681550 itr]:      587.698
[2662 sec, 6684080 itr]:      587.698
[2663 sec, 6686709 itr]:      587.698
[2664 sec, 6689224 itr]:      587.698
[ optimality gap      ]:      100.00%
[2665 sec, 6691798 itr]:      587.698
[2666 sec, 6694379 itr]:      587.698
[2667 sec, 6694379 itr]:      587.698
[2668 sec, 6699426 itr]:      587.698
[2669 sec, 6701945 itr]:      587.698
[2670 sec, 6704512 itr]:      587.698
[2671 sec, 6707022 itr]:      587.698
[2672 sec, 6709497 itr]:      587.698
[2673 sec, 6711950 itr]:      587.698
[2674 sec, 6714466 itr]:      587.698
[ optimality gap      ]:      100.00%
[2675 sec, 6716898 itr]:      587.698
[2676 sec, 6719273 itr]:      587.698
[2677 sec, 6721668 itr]:      587.698
[2678 sec, 6724262 itr]:      587.698
[2679 sec, 6726959 itr]:      587.698
[2680 sec, 6726959 itr]:      587.698
[2681 sec, 6732027 itr]:      587.698
[2682 sec, 6734527 itr]:      587.698
[2683 sec, 6734527 itr]:      587.698
[2684 sec, 6737055 itr]:      587.698
[ optimality gap      ]:      100.00%
[2685 sec, 6742011 itr]:      587.698
[2686 sec, 6744569 itr]:      587.698
[2687 sec, 6744569 itr]:      587.698
[2688 sec, 6749678 itr]:      587.698
[2689 sec, 6752080 itr]:      587.698
[2690 sec, 6754651 itr]:      587.698
[2691 sec, 6757092 itr]:      587.698
[2692 sec, 6759749 itr]:      587.698
[2693 sec, 6762272 itr]:      587.698
[2694 sec, 6764811 itr]:      587.698
[ optimality gap      ]:      100.00%
[2695 sec, 6764811 itr]:      587.698
[2696 sec, 6767346 itr]:      587.698
[2697 sec, 6772487 itr]:      587.698
[2698 sec, 6775120 itr]:      587.698
[2699 sec, 6777603 itr]:      587.698
[2700 sec, 6777603 itr]:      587.698
[2701 sec, 6782910 itr]:      587.698
[2702 sec, 6782910 itr]:      587.698
[2703 sec, 6787817 itr]:      587.698
[2704 sec, 6787817 itr]:      587.698
[ optimality gap      ]:      100.00%
[2705 sec, 6792759 itr]:      587.698
[2706 sec, 6792759 itr]:      587.698
[2707 sec, 6797616 itr]:      587.698
[2708 sec, 6800108 itr]:      587.698
[2709 sec, 6802588 itr]:      587.698
[2710 sec, 6805097 itr]:      587.698
[2711 sec, 6807594 itr]:      587.698
[2712 sec, 6810124 itr]:      587.698
[2713 sec, 6812641 itr]:      587.698
[2714 sec, 6814994 itr]:      587.698
[ optimality gap      ]:      100.00%
[2715 sec, 6817500 itr]:      587.698
[2716 sec, 6819907 itr]:      587.698
[2717 sec, 6819907 itr]:      587.698
[2718 sec, 6824986 itr]:      587.698
[2719 sec, 6827503 itr]:      587.698
[2720 sec, 6829982 itr]:      587.698
[2721 sec, 6832389 itr]:      587.698
[2722 sec, 6834944 itr]:      587.698
[2723 sec, 6834944 itr]:      587.698
[2724 sec, 6840136 itr]:      587.698
[ optimality gap      ]:      100.00%
[2725 sec, 6842619 itr]:      587.698
[2726 sec, 6842619 itr]:      587.698
[2727 sec, 6847582 itr]:      587.698
[2728 sec, 6847582 itr]:      587.698
[2729 sec, 6852665 itr]:      587.698
[2730 sec, 6855227 itr]:      587.698
[2731 sec, 6855227 itr]:      587.698
[2732 sec, 6860292 itr]:      587.698
[2733 sec, 6862773 itr]:      587.698
[2734 sec, 6865273 itr]:      587.698
[ optimality gap      ]:      100.00%
[2735 sec, 6867848 itr]:      587.698
[2736 sec, 6870362 itr]:      587.698
[2737 sec, 6872802 itr]:      587.698
[2738 sec, 6872802 itr]:      587.698
[2739 sec, 6877898 itr]:      587.698
[2740 sec, 6880388 itr]:      587.698
[2741 sec, 6882885 itr]:      587.698
[2742 sec, 6885407 itr]:      587.698
[2743 sec, 6885407 itr]:      587.698
[2744 sec, 6888115 itr]:      587.698
[ optimality gap      ]:      100.00%
[2745 sec, 6892979 itr]:      587.698
[2746 sec, 6895596 itr]:      587.698
[2747 sec, 6897913 itr]:      587.698
[2748 sec, 6900382 itr]:      587.698
[2749 sec, 6902866 itr]:      587.698
[2750 sec, 6902866 itr]:      587.698
[2751 sec, 6907936 itr]:      587.698
[2752 sec, 6910507 itr]:      587.698
[2753 sec, 6913037 itr]:      587.698
[2754 sec, 6915694 itr]:      587.698
[ optimality gap      ]:      100.00%
[2755 sec, 6915694 itr]:      587.698
[2756 sec, 6920622 itr]:      587.698
[2757 sec, 6920622 itr]:      587.698
[2758 sec, 6925622 itr]:      587.698
[2759 sec, 6928095 itr]:      587.698
[2760 sec, 6930681 itr]:      587.698
[2761 sec, 6933233 itr]:      587.698
[2762 sec, 6935768 itr]:      587.698
[2763 sec, 6938283 itr]:      587.698
[2764 sec, 6940923 itr]:      587.698
[ optimality gap      ]:      100.00%
[2765 sec, 6943400 itr]:      587.698
[2766 sec, 6945930 itr]:      587.698
[2767 sec, 6948495 itr]:      587.698
[2768 sec, 6951093 itr]:      587.698
[2769 sec, 6953719 itr]:      587.698
[2770 sec, 6956262 itr]:      587.698
[2771 sec, 6958770 itr]:      587.698
[2772 sec, 6961296 itr]:      587.698
[2773 sec, 6961296 itr]:      587.698
[2774 sec, 6966472 itr]:      587.698
[ optimality gap      ]:      100.00%
[2775 sec, 6966472 itr]:      587.698
[2776 sec, 6971789 itr]:      587.698
[2777 sec, 6974419 itr]:      587.698
[2778 sec, 6977141 itr]:      587.698
[2779 sec, 6979732 itr]:      587.698
[2780 sec, 6982269 itr]:      587.698
[2781 sec, 6982269 itr]:      587.698
[2782 sec, 6987703 itr]:      587.698
[2783 sec, 6987703 itr]:      587.698
[2784 sec, 6992936 itr]:      587.698
[ optimality gap      ]:      100.00%
[2785 sec, 6995435 itr]:      587.698
[2786 sec, 6997993 itr]:      587.698
[2787 sec, 6997993 itr]:      587.698
[2788 sec, 7002975 itr]:      587.698
[2789 sec, 7005459 itr]:      587.698
[2790 sec, 7008005 itr]:      587.698
[2791 sec, 7010599 itr]:      587.698
[2792 sec, 7013182 itr]:      587.698
[2793 sec, 7015675 itr]:      587.698
[2794 sec, 7015675 itr]:      587.698
[ optimality gap      ]:      100.00%
[2795 sec, 7020869 itr]:      587.698
[2796 sec, 7020869 itr]:      587.698
[2797 sec, 7023374 itr]:      587.698
[2798 sec, 7025827 itr]:      587.698
[2799 sec, 7030902 itr]:      587.698
[2800 sec, 7033535 itr]:      587.698
[2801 sec, 7036084 itr]:      587.698
[2802 sec, 7038578 itr]:      587.698
[2803 sec, 7038578 itr]:      587.698
[2804 sec, 7041074 itr]:      587.698
[ optimality gap      ]:      100.00%
[2805 sec, 7043492 itr]:      587.698
[2806 sec, 7046016 itr]:      587.698
[2807 sec, 7051171 itr]:      587.698
[2808 sec, 7053617 itr]:      587.698
[2809 sec, 7056043 itr]:      587.698
[2810 sec, 7058531 itr]:      587.698
[2811 sec, 7060925 itr]:      587.698
[2812 sec, 7063391 itr]:      587.698
[2813 sec, 7065981 itr]:      587.698
[2814 sec, 7068572 itr]:      587.698
[ optimality gap      ]:      100.00%
[2815 sec, 7068572 itr]:      587.698
[2816 sec, 7073460 itr]:      587.698
[2817 sec, 7076083 itr]:      587.698
[2818 sec, 7078556 itr]:      587.698
[2819 sec, 7081095 itr]:      587.698
[2820 sec, 7083529 itr]:      587.698
[2821 sec, 7085958 itr]:      587.698
[2822 sec, 7088577 itr]:      587.698
[2823 sec, 7091019 itr]:      587.698
[2824 sec, 7091019 itr]:      587.698
[ optimality gap      ]:      100.00%
[2825 sec, 7095960 itr]:      587.698
[2826 sec, 7098405 itr]:      587.698
[2827 sec, 7098405 itr]:      587.698
[2828 sec, 7103383 itr]:      587.698
[2829 sec, 7105778 itr]:      587.698
[2830 sec, 7108217 itr]:      587.698
[2831 sec, 7110691 itr]:      587.698
[2832 sec, 7113196 itr]:      587.698
[2833 sec, 7113196 itr]:      587.698
[2834 sec, 7115664 itr]:      587.698
[ optimality gap      ]:      100.00%
[2835 sec, 7120652 itr]:      587.698
[2836 sec, 7123041 itr]:      587.698
[2837 sec, 7125456 itr]:      587.698
[2838 sec, 7128004 itr]:      587.698
[2839 sec, 7130478 itr]:      587.698
[2840 sec, 7132904 itr]:      587.698
[2841 sec, 7135285 itr]:      587.698
[2842 sec, 7135285 itr]:      587.698
[2843 sec, 7140041 itr]:      587.698
[2844 sec, 7142440 itr]:      587.698
[ optimality gap      ]:      100.00%
[2845 sec, 7144831 itr]:      587.698
[2846 sec, 7147269 itr]:      587.698
[2847 sec, 7149662 itr]:      587.698
[2848 sec, 7152095 itr]:      587.698
[2849 sec, 7154623 itr]:      587.698
[2850 sec, 7154623 itr]:      587.698
[2851 sec, 7159583 itr]:      587.698
[2852 sec, 7161965 itr]:      587.698
[2853 sec, 7164345 itr]:      587.698
[2854 sec, 7166822 itr]:      587.698
[ optimality gap      ]:      100.00%
[2855 sec, 7169353 itr]:      587.698
[2856 sec, 7171799 itr]:      587.698
[2857 sec, 7174375 itr]:      587.698
[2858 sec, 7174375 itr]:      587.698
[2859 sec, 7179388 itr]:      587.698
[2860 sec, 7179388 itr]:      587.698
[2861 sec, 7184293 itr]:      587.698
[2862 sec, 7184293 itr]:      587.698
[2863 sec, 7189149 itr]:      587.698
[2864 sec, 7191623 itr]:      587.698
[ optimality gap      ]:      100.00%
[2865 sec, 7194055 itr]:      587.698
[2866 sec, 7194055 itr]:      587.698
[2867 sec, 7198871 itr]:      587.698
[2868 sec, 7198871 itr]:      587.698
[2869 sec, 7201414 itr]:      587.698
[2870 sec, 7203889 itr]:      587.698
[2871 sec, 7206366 itr]:      587.698
[2872 sec, 7211448 itr]:      587.698
[2873 sec, 7213935 itr]:      587.698
[2874 sec, 7216428 itr]:      587.698
[ optimality gap      ]:      100.00%
[2875 sec, 7216428 itr]:      587.698
[2876 sec, 7218868 itr]:      587.698
[2877 sec, 7223696 itr]:      587.698
[2878 sec, 7223696 itr]:      587.698
[2879 sec, 7226127 itr]:      587.698
[2880 sec, 7230742 itr]:      587.698
[2881 sec, 7233101 itr]:      587.698
[2882 sec, 7235517 itr]:      587.698
[2883 sec, 7237870 itr]:      587.698
[2884 sec, 7240298 itr]:      587.698
[ optimality gap      ]:      100.00%
[2885 sec, 7242693 itr]:      587.698
[2886 sec, 7245056 itr]:      587.698
[2887 sec, 7247530 itr]:      587.698
[2888 sec, 7249889 itr]:      587.698
[2889 sec, 7252262 itr]:      587.698
[2890 sec, 7254645 itr]:      587.698
[2891 sec, 7257091 itr]:      587.698
[2892 sec, 7259416 itr]:      587.698
[2893 sec, 7259416 itr]:      587.698
[2894 sec, 7264090 itr]:      587.698
[ optimality gap      ]:      100.00%
[2895 sec, 7266481 itr]:      587.698
[2896 sec, 7266481 itr]:      587.698
[2897 sec, 7268967 itr]:      587.698
[2898 sec, 7273692 itr]:      587.698
[2899 sec, 7275986 itr]:      587.698
[2900 sec, 7275986 itr]:      587.698
[2901 sec, 7278435 itr]:      587.698
[2902 sec, 7283160 itr]:      587.698
[2903 sec, 7285589 itr]:      587.698
[2904 sec, 7287964 itr]:      587.698
[ optimality gap      ]:      100.00%
[2905 sec, 7287964 itr]:      587.698
[2906 sec, 7292769 itr]:      587.698
[2907 sec, 7295112 itr]:      587.698
[2908 sec, 7297551 itr]:      587.698
[2909 sec, 7300065 itr]:      587.698
[2910 sec, 7300065 itr]:      587.698
[2911 sec, 7305072 itr]:      587.698
[2912 sec, 7307520 itr]:      587.698
[2913 sec, 7309838 itr]:      587.698
[2914 sec, 7312256 itr]:      587.698
[ optimality gap      ]:      100.00%
[2915 sec, 7314725 itr]:      587.698
[2916 sec, 7317080 itr]:      587.698
[2917 sec, 7319622 itr]:      587.698
[2918 sec, 7321978 itr]:      587.698
[2919 sec, 7324315 itr]:      587.698
[2920 sec, 7326613 itr]:      587.698
[2921 sec, 7329036 itr]:      587.698
[2922 sec, 7331319 itr]:      587.698
[2923 sec, 7331319 itr]:      587.698
[2924 sec, 7335926 itr]:      587.698
[ optimality gap      ]:      100.00%
[2925 sec, 7335926 itr]:      587.698
[2926 sec, 7340557 itr]:      587.698
[2927 sec, 7342915 itr]:      587.698
[2928 sec, 7345297 itr]:      587.698
[2929 sec, 7347655 itr]:      587.698
[2930 sec, 7350087 itr]:      587.698
[2931 sec, 7352398 itr]:      587.698
[2932 sec, 7354696 itr]:      587.698
[2933 sec, 7356932 itr]:      587.698
[2934 sec, 7359317 itr]:      587.698
[ optimality gap      ]:      100.00%
[2935 sec, 7361725 itr]:      587.698
[2936 sec, 7364093 itr]:      587.698
[2937 sec, 7364093 itr]:      587.698
[2938 sec, 7368732 itr]:      587.698
[2939 sec, 7371093 itr]:      587.698
[2940 sec, 7373380 itr]:      587.698
[2941 sec, 7375713 itr]:      587.698
[2942 sec, 7378191 itr]:      587.698
[2943 sec, 7380749 itr]:      587.698
[2944 sec, 7383242 itr]:      587.698
[ optimality gap      ]:      100.00%
[2945 sec, 7385722 itr]:      587.698
[2946 sec, 7385722 itr]:      587.698
[2947 sec, 7388143 itr]:      587.698
[2948 sec, 7392960 itr]:      587.698
[2949 sec, 7395308 itr]:      587.698
[2950 sec, 7397607 itr]:      587.698
[2951 sec, 7400040 itr]:      587.698
[2952 sec, 7402433 itr]:      587.698
[2953 sec, 7404786 itr]:      587.698
[2954 sec, 7407092 itr]:      587.698
[ optimality gap      ]:      100.00%
[2955 sec, 7409499 itr]:      587.698
[2956 sec, 7409499 itr]:      587.698
[2957 sec, 7414257 itr]:      587.698
[2958 sec, 7416628 itr]:      587.698
[2959 sec, 7419006 itr]:      587.698
[2960 sec, 7419006 itr]:      587.698
[2961 sec, 7423658 itr]:      587.698
[2962 sec, 7426102 itr]:      587.698
[2963 sec, 7428586 itr]:      587.698
[2964 sec, 7431106 itr]:      587.698
[ optimality gap      ]:      100.00%
[2965 sec, 7433531 itr]:      587.698
[2966 sec, 7435847 itr]:      587.698
[2967 sec, 7435847 itr]:      587.698
[2968 sec, 7438296 itr]:      587.698
[2969 sec, 7440648 itr]:      587.698
[2970 sec, 7445504 itr]:      587.698
[2971 sec, 7445504 itr]:      587.698
[2972 sec, 7447959 itr]:      587.698
[2973 sec, 7452767 itr]:      587.698
[2974 sec, 7455245 itr]:      587.698
[ optimality gap      ]:      100.00%
[2975 sec, 7457783 itr]:      587.698
[2976 sec, 7460415 itr]:      587.698
[2977 sec, 7462779 itr]:      587.698
[2978 sec, 7462779 itr]:      587.698
[2979 sec, 7467567 itr]:      587.698
[2980 sec, 7467567 itr]:      587.698
[2981 sec, 7472445 itr]:      587.698
[2982 sec, 7472445 itr]:      587.698
[2983 sec, 7477236 itr]:      587.698
[2984 sec, 7479673 itr]:      587.698
[ optimality gap      ]:      100.00%
[2985 sec, 7479673 itr]:      587.698
[2986 sec, 7484648 itr]:      587.698
[2987 sec, 7487086 itr]:      587.698
[2988 sec, 7489475 itr]:      587.698
[2989 sec, 7491870 itr]:      587.698
[2990 sec, 7494276 itr]:      587.698
[2991 sec, 7496695 itr]:      587.698
[2992 sec, 7499119 itr]:      587.698
[2993 sec, 7501475 itr]:      587.698
[2994 sec, 7503749 itr]:      587.698
[ optimality gap      ]:      100.00%
[2995 sec, 7506117 itr]:      587.698
[2996 sec, 7508575 itr]:      587.698
[2997 sec, 7510920 itr]:      587.698
[2998 sec, 7513336 itr]:      587.698
[2999 sec, 7513336 itr]:      587.698
[3000 sec, 7518176 itr]:      587.698
[3001 sec, 7520609 itr]:      587.698
[3002 sec, 7523145 itr]:      587.698
[3003 sec, 7525595 itr]:      587.698
[3004 sec, 7527974 itr]:      587.698
[ optimality gap      ]:      100.00%
[3005 sec, 7530280 itr]:      587.698
[3006 sec, 7530280 itr]:      587.698
[3007 sec, 7532801 itr]:      587.698
[3008 sec, 7535211 itr]:      587.698
[3009 sec, 7539901 itr]:      587.698
[3010 sec, 7539901 itr]:      587.698
[3011 sec, 7542258 itr]:      587.698
[3012 sec, 7544779 itr]:      587.698
[3013 sec, 7549505 itr]:      587.698
[3014 sec, 7551744 itr]:      587.698
[ optimality gap      ]:      100.00%
[3015 sec, 7554188 itr]:      587.698
[3016 sec, 7556607 itr]:      587.698
[3017 sec, 7559036 itr]:      587.698
[3018 sec, 7561412 itr]:      587.698
[3019 sec, 7563735 itr]:      587.698
[3020 sec, 7563735 itr]:      587.698
[3021 sec, 7568460 itr]:      587.698
[3022 sec, 7570789 itr]:      587.698
[3023 sec, 7570789 itr]:      587.698
[3024 sec, 7575377 itr]:      587.698
[ optimality gap      ]:      100.00%
[3025 sec, 7575377 itr]:      587.698
[3026 sec, 7580134 itr]:      587.698
[3027 sec, 7582414 itr]:      587.698
[3028 sec, 7584909 itr]:      587.698
[3029 sec, 7584909 itr]:      587.698
[3030 sec, 7589679 itr]:      587.698
[3031 sec, 7592100 itr]:      587.698
[3032 sec, 7592100 itr]:      587.698
[3033 sec, 7596852 itr]:      587.698
[3034 sec, 7599167 itr]:      587.698
[ optimality gap      ]:      100.00%
[3035 sec, 7599167 itr]:      587.698
[3036 sec, 7603852 itr]:      587.698
[3037 sec, 7603852 itr]:      587.698
[3038 sec, 7608664 itr]:      587.698
[3039 sec, 7610983 itr]:      587.698
[3040 sec, 7613383 itr]:      587.698
[3041 sec, 7613383 itr]:      587.698
[3042 sec, 7615754 itr]:      587.698
[3043 sec, 7618101 itr]:      587.698
[3044 sec, 7620452 itr]:      587.698
[ optimality gap      ]:      100.00%
[3045 sec, 7625048 itr]:      587.698
[3046 sec, 7627396 itr]:      587.698
[3047 sec, 7629661 itr]:      587.698
[3048 sec, 7632069 itr]:      587.698
[3049 sec, 7634405 itr]:      587.698
[3050 sec, 7634405 itr]:      587.698
[3051 sec, 7639134 itr]:      587.698
[3052 sec, 7641418 itr]:      587.698
[3053 sec, 7643826 itr]:      587.698
[3054 sec, 7646241 itr]:      587.698
[ optimality gap      ]:      100.00%
[3055 sec, 7646241 itr]:      587.698
[3056 sec, 7648636 itr]:      587.698
[3057 sec, 7653384 itr]:      587.698
[3058 sec, 7653384 itr]:      587.698
[3059 sec, 7658102 itr]:      587.698
[3060 sec, 7660541 itr]:      587.698
[3061 sec, 7663014 itr]:      587.698
[3062 sec, 7665252 itr]:      587.698
[3063 sec, 7665252 itr]:      587.698
[3064 sec, 7670067 itr]:      587.698
[ optimality gap      ]:      100.00%
[3065 sec, 7670067 itr]:      587.698
[3066 sec, 7674703 itr]:      587.698
[3067 sec, 7677070 itr]:      587.698
[3068 sec, 7677070 itr]:      587.698
[3069 sec, 7681684 itr]:      587.698
[3070 sec, 7684046 itr]:      587.698
[3071 sec, 7686524 itr]:      587.698
[3072 sec, 7686524 itr]:      587.698
[3073 sec, 7691230 itr]:      587.698
[3074 sec, 7691230 itr]:      587.698
[ optimality gap      ]:      100.00%
[3075 sec, 7693571 itr]:      587.698
[3076 sec, 7698426 itr]:      587.698
[3077 sec, 7698426 itr]:      587.698
[3078 sec, 7703215 itr]:      587.698
[3079 sec, 7703215 itr]:      587.698
[3080 sec, 7705719 itr]:      587.698
[3081 sec, 7710515 itr]:      587.698
[3082 sec, 7712886 itr]:      587.698
[3083 sec, 7715097 itr]:      587.698
[3084 sec, 7717454 itr]:      587.698
[ optimality gap      ]:      100.00%
[3085 sec, 7717454 itr]:      587.698
[3086 sec, 7722653 itr]:      587.698
[3087 sec, 7722653 itr]:      587.698
[3088 sec, 7727396 itr]:      587.698
[3089 sec, 7729694 itr]:      587.698
[3090 sec, 7729694 itr]:      587.698
[3091 sec, 7734581 itr]:      587.698
[3092 sec, 7734581 itr]:      587.698
[3093 sec, 7739253 itr]:      587.698
[3094 sec, 7741573 itr]:      587.698
[ optimality gap      ]:      100.00%
[3095 sec, 7743867 itr]:      587.698
[3096 sec, 7746251 itr]:      587.698
[3097 sec, 7748725 itr]:      587.698
[3098 sec, 7751124 itr]:      587.698
[3099 sec, 7753444 itr]:      587.698
[3100 sec, 7755774 itr]:      587.698
[3101 sec, 7755774 itr]:      587.698
[3102 sec, 7760499 itr]:      587.698
[3103 sec, 7760499 itr]:      587.698
[3104 sec, 7762960 itr]:      587.698
[ optimality gap      ]:      100.00%
[3105 sec, 7767730 itr]:      587.698
[3106 sec, 7770110 itr]:      587.698
[3107 sec, 7770110 itr]:      587.698
[3108 sec, 7774822 itr]:      587.698
[3109 sec, 7777292 itr]:      587.698
[3110 sec, 7777292 itr]:      587.698
[3111 sec, 7782208 itr]:      587.698
[3112 sec, 7784660 itr]:      587.698
[3113 sec, 7787124 itr]:      587.698
[3114 sec, 7789474 itr]:      587.698
[ optimality gap      ]:      100.00%
[3115 sec, 7791868 itr]:      587.698
[3116 sec, 7794328 itr]:      587.698
[3117 sec, 7796799 itr]:      587.698
[3118 sec, 7799246 itr]:      587.698
[3119 sec, 7799246 itr]:      587.698
[3120 sec, 7803855 itr]:      587.698
[3121 sec, 7806261 itr]:      587.698
[3122 sec, 7808650 itr]:      587.698
[3123 sec, 7808650 itr]:      587.698
[3124 sec, 7813408 itr]:      587.698
[ optimality gap      ]:      100.00%
[3125 sec, 7815681 itr]:      587.698
[3126 sec, 7817936 itr]:      587.698
[3127 sec, 7820457 itr]:      587.698
[3128 sec, 7822904 itr]:      587.698
[3129 sec, 7825270 itr]:      587.698
[3130 sec, 7825270 itr]:      587.698
[3131 sec, 7827666 itr]:      587.698
[3132 sec, 7832457 itr]:      587.698
[3133 sec, 7834865 itr]:      587.698
[3134 sec, 7837350 itr]:      587.698
[ optimality gap      ]:      100.00%
[3135 sec, 7839649 itr]:      587.698
[3136 sec, 7842042 itr]:      587.698
[3137 sec, 7842042 itr]:      587.698
[3138 sec, 7846798 itr]:      587.698
[3139 sec, 7849293 itr]:      587.698
[3140 sec, 7851624 itr]:      587.698
[3141 sec, 7853876 itr]:      587.698
[3142 sec, 7853876 itr]:      587.698
[3143 sec, 7858637 itr]:      587.698
[3144 sec, 7861032 itr]:      587.698
[ optimality gap      ]:      100.00%
[3145 sec, 7863411 itr]:      587.698
[3146 sec, 7863411 itr]:      587.698
[3147 sec, 7868228 itr]:      587.698
[3148 sec, 7870626 itr]:      587.698
[3149 sec, 7872973 itr]:      587.698
[3150 sec, 7872973 itr]:      587.698
[3151 sec, 7875405 itr]:      587.698
[3152 sec, 7879996 itr]:      587.698
[3153 sec, 7879996 itr]:      587.698
[3154 sec, 7884786 itr]:      587.698
[ optimality gap      ]:      100.00%
[3155 sec, 7884786 itr]:      587.698
[3156 sec, 7889317 itr]:      587.698
[3157 sec, 7891658 itr]:      587.698
[3158 sec, 7891658 itr]:      587.698
[3159 sec, 7894006 itr]:      587.698
[3160 sec, 7898635 itr]:      587.698
[3161 sec, 7898635 itr]:      587.698
[3162 sec, 7903562 itr]:      587.698
[3163 sec, 7903562 itr]:      587.698
[3164 sec, 7908342 itr]:      587.698
[ optimality gap      ]:      100.00%
[3165 sec, 7908342 itr]:      587.698
[3166 sec, 7913136 itr]:      587.698
[3167 sec, 7915443 itr]:      587.698
[3168 sec, 7917871 itr]:      587.698
[3169 sec, 7920255 itr]:      587.698
[3170 sec, 7922622 itr]:      587.698
[3171 sec, 7924914 itr]:      587.698
[3172 sec, 7924914 itr]:      587.698
[3173 sec, 7929645 itr]:      587.698
[3174 sec, 7932021 itr]:      587.698
[ optimality gap      ]:      100.00%
[3175 sec, 7934425 itr]:      587.698
[3176 sec, 7934425 itr]:      587.698
[3177 sec, 7936745 itr]:      587.698
[3178 sec, 7941495 itr]:      587.698
[3179 sec, 7943871 itr]:      587.698
[3180 sec, 7943871 itr]:      587.698
[3181 sec, 7948653 itr]:      587.698
[3182 sec, 7951123 itr]:      587.698
[3183 sec, 7953615 itr]:      587.698
[3184 sec, 7956047 itr]:      587.698
[ optimality gap      ]:      100.00%
[3185 sec, 7958392 itr]:      587.698
[3186 sec, 7960717 itr]:      587.698
[3187 sec, 7963119 itr]:      587.698
[3188 sec, 7965490 itr]:      587.698
[3189 sec, 7967866 itr]:      587.698
[3190 sec, 7970277 itr]:      587.698
[3191 sec, 7972557 itr]:      587.698
[3192 sec, 7974861 itr]:      587.698
[3193 sec, 7977136 itr]:      587.698
[3194 sec, 7979480 itr]:      587.698
[ optimality gap      ]:      100.00%
[3195 sec, 7979480 itr]:      587.698
[3196 sec, 7984250 itr]:      587.698
[3197 sec, 7986474 itr]:      587.698
[3198 sec, 7988772 itr]:      587.698
[3199 sec, 7991068 itr]:      587.698
[3200 sec, 7993429 itr]:      587.698
[3201 sec, 7995930 itr]:      587.698
[3202 sec, 7998368 itr]:      587.698
[3203 sec, 8000822 itr]:      587.698
[3204 sec, 8003251 itr]:      587.698
[ optimality gap      ]:      100.00%
[3205 sec, 8005677 itr]:      587.698
[3206 sec, 8005677 itr]:      587.698
[3207 sec, 8008009 itr]:      587.698
[3208 sec, 8012696 itr]:      587.698
[3209 sec, 8015105 itr]:      587.698
[3210 sec, 8017470 itr]:      587.698
[3211 sec, 8019877 itr]:      587.698
[3212 sec, 8019877 itr]:      587.698
[3213 sec, 8024598 itr]:      587.698
[3214 sec, 8027010 itr]:      587.698
[ optimality gap      ]:      100.00%
[3215 sec, 8029426 itr]:      587.698
[3216 sec, 8029426 itr]:      587.698
[3217 sec, 8034129 itr]:      587.698
[3218 sec, 8036354 itr]:      587.698
[3219 sec, 8038748 itr]:      587.698
[3220 sec, 8041102 itr]:      587.698
[3221 sec, 8043494 itr]:      587.698
[3222 sec, 8045882 itr]:      587.698
[3223 sec, 8048261 itr]:      587.698
[3224 sec, 8050649 itr]:      587.698
[ optimality gap      ]:      100.00%
[3225 sec, 8052991 itr]:      587.698
[3226 sec, 8052991 itr]:      587.698
[3227 sec, 8055373 itr]:      587.698
[3228 sec, 8059994 itr]:      587.698
[3229 sec, 8062377 itr]:      587.698
[3230 sec, 8062377 itr]:      587.698
[3231 sec, 8067080 itr]:      587.698
[3232 sec, 8069470 itr]:      587.698
[3233 sec, 8071855 itr]:      587.698
[3234 sec, 8074245 itr]:      587.698
[ optimality gap      ]:      100.00%
[3235 sec, 8076613 itr]:      587.698
[3236 sec, 8079055 itr]:      587.698
[3237 sec, 8081378 itr]:      587.698
[3238 sec, 8083738 itr]:      587.698
[3239 sec, 8086133 itr]:      587.698
[3240 sec, 8088536 itr]:      587.698
[3241 sec, 8090981 itr]:      587.698
[3242 sec, 8093367 itr]:      587.698
[3243 sec, 8093367 itr]:      587.698
[3244 sec, 8098085 itr]:      587.698
[ optimality gap      ]:      100.00%
[3245 sec, 8100461 itr]:      587.698
[3246 sec, 8102829 itr]:      587.698
[3247 sec, 8105095 itr]:      587.698
[3248 sec, 8107487 itr]:      587.698
[3249 sec, 8109721 itr]:      587.698
[3250 sec, 8112131 itr]:      587.698
[3251 sec, 8114552 itr]:      587.698
[3252 sec, 8117032 itr]:      587.698
[3253 sec, 8117032 itr]:      587.698
[3254 sec, 8119552 itr]:      587.698
[ optimality gap      ]:      100.00%
[3255 sec, 8124352 itr]:      587.698
[3256 sec, 8126754 itr]:      587.698
[3257 sec, 8129215 itr]:      587.698
[3258 sec, 8131582 itr]:      587.698
[3259 sec, 8133952 itr]:      587.698
[3260 sec, 8136263 itr]:      587.698
[3261 sec, 8138596 itr]:      587.698
[3262 sec, 8140841 itr]:      587.698
[3263 sec, 8140841 itr]:      587.698
[3264 sec, 8145555 itr]:      587.698
[ optimality gap      ]:      100.00%
[3265 sec, 8145555 itr]:      587.698
[3266 sec, 8150405 itr]:      587.698
[3267 sec, 8150405 itr]:      587.698
[3268 sec, 8155140 itr]:      587.698
[3269 sec, 8155140 itr]:      587.698
[3270 sec, 8159827 itr]:      587.698
[3271 sec, 8159827 itr]:      587.698
[3272 sec, 8164700 itr]:      587.698
[3273 sec, 8167170 itr]:      587.698
[3274 sec, 8169759 itr]:      587.698
[ optimality gap      ]:      100.00%
[3275 sec, 8172130 itr]:      587.698
[3276 sec, 8174527 itr]:      587.698
[3277 sec, 8176994 itr]:      587.698
[3278 sec, 8176994 itr]:      587.698
[3279 sec, 8181761 itr]:      587.698
[3280 sec, 8184112 itr]:      587.698
[3281 sec, 8186452 itr]:      587.698
[3282 sec, 8186452 itr]:      587.698
[3283 sec, 8190845 itr]:      587.698
[3284 sec, 8193179 itr]:      587.698
[ optimality gap      ]:      100.00%
[3285 sec, 8195532 itr]:      587.698
[3286 sec, 8197764 itr]:      587.698
[3287 sec, 8200044 itr]:      587.698
[3288 sec, 8202395 itr]:      587.698
[3289 sec, 8204734 itr]:      587.698
[3290 sec, 8204734 itr]:      587.698
[3291 sec, 8209619 itr]:      587.698
[3292 sec, 8211873 itr]:      587.698
[3293 sec, 8214251 itr]:      587.698
[3294 sec, 8214251 itr]:      587.698
[ optimality gap      ]:      100.00%
[3295 sec, 8218872 itr]:      587.698
[3296 sec, 8221175 itr]:      587.698
[3297 sec, 8223364 itr]:      587.698
[3298 sec, 8225579 itr]:      587.698
[3299 sec, 8227853 itr]:      587.698
[3300 sec, 8227853 itr]:      587.698
[3301 sec, 8230221 itr]:      587.698
[3302 sec, 8235105 itr]:      587.698
[3303 sec, 8237431 itr]:      587.698
[3304 sec, 8237431 itr]:      587.698
[ optimality gap      ]:      100.00%
[3305 sec, 8242168 itr]:      587.698
[3306 sec, 8244488 itr]:      587.698
[3307 sec, 8246811 itr]:      587.698
[3308 sec, 8249194 itr]:      587.698
[3309 sec, 8249194 itr]:      587.698
[3310 sec, 8253876 itr]:      587.698
[3311 sec, 8256277 itr]:      587.698
[3312 sec, 8258710 itr]:      587.698
[3313 sec, 8261061 itr]:      587.698
[3314 sec, 8263233 itr]:      587.698
[ optimality gap      ]:      100.00%
[3315 sec, 8265487 itr]:      587.698
[3316 sec, 8265487 itr]:      587.698
[3317 sec, 8267713 itr]:      587.698
[3318 sec, 8272632 itr]:      587.698
[3319 sec, 8274996 itr]:      587.698
[3320 sec, 8274996 itr]:      587.698
[3321 sec, 8279757 itr]:      587.698
[3322 sec, 8279757 itr]:      587.698
[3323 sec, 8284604 itr]:      587.698
[3324 sec, 8286911 itr]:      587.698
[ optimality gap      ]:      100.00%
[3325 sec, 8289228 itr]:      587.698
[3326 sec, 8289228 itr]:      587.698
[3327 sec, 8293842 itr]:      587.698
[3328 sec, 8296109 itr]:      587.698
[3329 sec, 8298497 itr]:      587.698
[3330 sec, 8300845 itr]:      587.698
[3331 sec, 8303190 itr]:      587.698
[3332 sec, 8303190 itr]:      587.698
[3333 sec, 8307795 itr]:      587.698
[3334 sec, 8310004 itr]:      587.698
[ optimality gap      ]:      100.00%
[3335 sec, 8310004 itr]:      587.698
[3336 sec, 8314665 itr]:      587.698
[3337 sec, 8317025 itr]:      587.698
[3338 sec, 8317025 itr]:      587.698
[3339 sec, 8321603 itr]:      587.698
[3340 sec, 8321603 itr]:      587.698
[3341 sec, 8326213 itr]:      587.698
[3342 sec, 8326213 itr]:      587.698
[3343 sec, 8330722 itr]:      587.698
[3344 sec, 8330722 itr]:      587.698
[ optimality gap      ]:      100.00%
[3345 sec, 8335214 itr]:      587.698
[3346 sec, 8335214 itr]:      587.698
[3347 sec, 8337466 itr]:      587.698
[3348 sec, 8339718 itr]:      587.698
[3349 sec, 8344293 itr]:      587.698
[3350 sec, 8346545 itr]:      587.698
[3351 sec, 8349023 itr]:      587.698
[3352 sec, 8351415 itr]:      587.698
[3353 sec, 8351415 itr]:      587.698
[3354 sec, 8356179 itr]:      587.698
[ optimality gap      ]:      100.00%
[3355 sec, 8358504 itr]:      587.698
[3356 sec, 8358504 itr]:      587.698
[3357 sec, 8363304 itr]:      587.698
[3358 sec, 8365664 itr]:      587.698
[3359 sec, 8367949 itr]:      587.698
[3360 sec, 8370258 itr]:      587.698
[3361 sec, 8372558 itr]:      587.698
[3362 sec, 8372558 itr]:      587.698
[3363 sec, 8374953 itr]:      587.698
[3364 sec, 8379519 itr]:      587.698
[ optimality gap      ]:      100.00%
[3365 sec, 8381717 itr]:      587.698
[3366 sec, 8384137 itr]:      587.698
[3367 sec, 8384137 itr]:      587.698
[3368 sec, 8388853 itr]:      587.698
[3369 sec, 8391028 itr]:      587.698
[3370 sec, 8391028 itr]:      587.698
[3371 sec, 8395566 itr]:      587.698
[3372 sec, 8397774 itr]:      587.698
[3373 sec, 8400115 itr]:      587.698
[3374 sec, 8402539 itr]:      587.698
[ optimality gap      ]:      100.00%
[3375 sec, 8404925 itr]:      587.698
[3376 sec, 8407312 itr]:      587.698
[3377 sec, 8409643 itr]:      587.698
[3378 sec, 8412035 itr]:      587.698
[3379 sec, 8414477 itr]:      587.698
[3380 sec, 8414477 itr]:      587.698
[3381 sec, 8419483 itr]:      587.698
[3382 sec, 8419483 itr]:      587.698
[3383 sec, 8421803 itr]:      587.698
[3384 sec, 8426589 itr]:      587.698
[ optimality gap      ]:      100.00%
[3385 sec, 8429089 itr]:      587.698
[3386 sec, 8431536 itr]:      587.698
[3387 sec, 8434060 itr]:      587.698
[3388 sec, 8436629 itr]:      587.698
[3389 sec, 8439036 itr]:      587.698
[3390 sec, 8439036 itr]:      587.698
[3391 sec, 8443974 itr]:      587.698
[3392 sec, 8446330 itr]:      587.698
[3393 sec, 8446330 itr]:      587.698
[3394 sec, 8448727 itr]:      587.698
[ optimality gap      ]:      100.00%
[3395 sec, 8453516 itr]:      587.698
[3396 sec, 8453516 itr]:      587.698
[3397 sec, 8458259 itr]:      587.698
[3398 sec, 8460581 itr]:      587.698
[3399 sec, 8462858 itr]:      587.698
[3400 sec, 8465250 itr]:      587.698
[3401 sec, 8467584 itr]:      587.698
[3402 sec, 8467584 itr]:      587.698
[3403 sec, 8472306 itr]:      587.698
[3404 sec, 8474652 itr]:      587.698
[ optimality gap      ]:      100.00%
[3405 sec, 8477059 itr]:      587.698
[3406 sec, 8479378 itr]:      587.698
[3407 sec, 8481665 itr]:      587.698
[3408 sec, 8481665 itr]:      587.698
[3409 sec, 8486286 itr]:      587.698
[3410 sec, 8488738 itr]:      587.698
[3411 sec, 8491127 itr]:      587.698
[3412 sec, 8493496 itr]:      587.698
[3413 sec, 8495879 itr]:      587.698
[3414 sec, 8498260 itr]:      587.698
[ optimality gap      ]:      100.00%
[3415 sec, 8498260 itr]:      587.698
[3416 sec, 8502863 itr]:      587.698
[3417 sec, 8505257 itr]:      587.698
[3418 sec, 8507470 itr]:      587.698
[3419 sec, 8509869 itr]:      587.698
[3420 sec, 8512190 itr]:      587.698
[3421 sec, 8514538 itr]:      587.698
[3422 sec, 8516885 itr]:      587.698
[3423 sec, 8519159 itr]:      587.698
[3424 sec, 8521490 itr]:      587.698
[ optimality gap      ]:      100.00%
[3425 sec, 8523860 itr]:      587.698
[3426 sec, 8523860 itr]:      587.698
[3427 sec, 8528548 itr]:      587.698
[3428 sec, 8530935 itr]:      587.698
[3429 sec, 8533347 itr]:      587.698
[3430 sec, 8535650 itr]:      587.698
[3431 sec, 8535650 itr]:      587.698
[3432 sec, 8540351 itr]:      587.698
[3433 sec, 8542609 itr]:      587.698
[3434 sec, 8542609 itr]:      587.698
[ optimality gap      ]:      100.00%
[3435 sec, 8547272 itr]:      587.698
[3436 sec, 8549646 itr]:      587.698
[3437 sec, 8552043 itr]:      587.698
[3438 sec, 8554492 itr]:      587.698
[3439 sec, 8556924 itr]:      587.698
[3440 sec, 8556924 itr]:      587.698
[3441 sec, 8561767 itr]:      587.698
[3442 sec, 8564183 itr]:      587.698
[3443 sec, 8564183 itr]:      587.698
[3444 sec, 8568921 itr]:      587.698
[ optimality gap      ]:      100.00%
[3445 sec, 8568921 itr]:      587.698
[3446 sec, 8573552 itr]:      587.698
[3447 sec, 8576063 itr]:      587.698
[3448 sec, 8578379 itr]:      587.698
[3449 sec, 8580624 itr]:      587.698
[3450 sec, 8582795 itr]:      587.698
[3451 sec, 8585012 itr]:      587.698
[3452 sec, 8585012 itr]:      587.698
[3453 sec, 8589718 itr]:      587.698
[3454 sec, 8591951 itr]:      587.698
[ optimality gap      ]:      100.00%
[3455 sec, 8594308 itr]:      587.698
[3456 sec, 8596687 itr]:      587.698
[3457 sec, 8599029 itr]:      587.698
[3458 sec, 8601381 itr]:      587.698
[3459 sec, 8603688 itr]:      587.698
[3460 sec, 8606007 itr]:      587.698
[3461 sec, 8608377 itr]:      587.698
[3462 sec, 8610649 itr]:      587.698
[3463 sec, 8612970 itr]:      587.698
[3464 sec, 8612970 itr]:      587.698
[ optimality gap      ]:      100.00%
[3465 sec, 8617610 itr]:      587.698
[3466 sec, 8619905 itr]:      587.698
[3467 sec, 8622304 itr]:      587.698
[3468 sec, 8624790 itr]:      587.698
[3469 sec, 8627082 itr]:      587.698
[3470 sec, 8629501 itr]:      587.698
[3471 sec, 8631815 itr]:      587.698
[3472 sec, 8633993 itr]:      587.698
[3473 sec, 8636391 itr]:      587.698
[3474 sec, 8638665 itr]:      587.698
[ optimality gap      ]:      100.00%
[3475 sec, 8638665 itr]:      587.698
[3476 sec, 8643260 itr]:      587.698
[3477 sec, 8643260 itr]:      587.698
[3478 sec, 8645600 itr]:      587.698
[3479 sec, 8650214 itr]:      587.698
[3480 sec, 8652547 itr]:      587.698
[3481 sec, 8652547 itr]:      587.698
[3482 sec, 8657177 itr]:      587.698
[3483 sec, 8659558 itr]:      587.698
[3484 sec, 8661996 itr]:      587.698
[ optimality gap      ]:      100.00%
[3485 sec, 8664245 itr]:      587.698
[3486 sec, 8666628 itr]:      587.698
[3487 sec, 8668898 itr]:      587.698
[3488 sec, 8671180 itr]:      587.698
[3489 sec, 8673515 itr]:      587.698
[3490 sec, 8673515 itr]:      587.698
[3491 sec, 8678086 itr]:      587.698
[3492 sec, 8680257 itr]:      587.698
[3493 sec, 8682579 itr]:      587.698
[3494 sec, 8684959 itr]:      587.698
[ optimality gap      ]:      100.00%
[3495 sec, 8687261 itr]:      587.698
[3496 sec, 8689559 itr]:      587.698
[3497 sec, 8689559 itr]:      587.698
[3498 sec, 8694246 itr]:      587.698
[3499 sec, 8694246 itr]:      587.698
[3500 sec, 8696561 itr]:      587.698
[3501 sec, 8701237 itr]:      587.698
[3502 sec, 8703673 itr]:      587.698
[3503 sec, 8703673 itr]:      587.698
[3504 sec, 8708292 itr]:      587.698
[ optimality gap      ]:      100.00%
[3505 sec, 8710578 itr]:      587.698
[3506 sec, 8710578 itr]:      587.698
[3507 sec, 8715088 itr]:      587.698
[3508 sec, 8717447 itr]:      587.698
[3509 sec, 8719725 itr]:      587.698
[3510 sec, 8722048 itr]:      587.698
[3511 sec, 8724514 itr]:      587.698
[3512 sec, 8726907 itr]:      587.698
[3513 sec, 8729312 itr]:      587.698
[3514 sec, 8731666 itr]:      587.698
[ optimality gap      ]:      100.00%
[3515 sec, 8731666 itr]:      587.698
[3516 sec, 8736399 itr]:      587.698
[3517 sec, 8738722 itr]:      587.698
[3518 sec, 8740989 itr]:      587.698
[3519 sec, 8743366 itr]:      587.698
[3520 sec, 8745714 itr]:      587.698
[3521 sec, 8748103 itr]:      587.698
[3522 sec, 8750418 itr]:      587.698
[3523 sec, 8752749 itr]:      587.698
[3524 sec, 8752749 itr]:      587.698
[ optimality gap      ]:      100.00%
[3525 sec, 8757370 itr]:      587.698
[3526 sec, 8759727 itr]:      587.698
[3527 sec, 8762134 itr]:      587.698
[3528 sec, 8764527 itr]:      587.698
[3529 sec, 8764527 itr]:      587.698
[3530 sec, 8766935 itr]:      587.698
[3531 sec, 8769212 itr]:      587.698
[3532 sec, 8771487 itr]:      587.698
[3533 sec, 8773841 itr]:      587.698
[3534 sec, 8776043 itr]:      587.698
[ optimality gap      ]:      100.00%
[3535 sec, 8780692 itr]:      587.698
[3536 sec, 8783135 itr]:      587.698
[3537 sec, 8783135 itr]:      587.698
[3538 sec, 8787675 itr]:      587.698
[3539 sec, 8787675 itr]:      587.698
[3540 sec, 8792425 itr]:      587.698
[3541 sec, 8794823 itr]:      587.698
[3542 sec, 8797331 itr]:      587.698
[3543 sec, 8799731 itr]:      587.698
[3544 sec, 8802036 itr]:      587.698
[ optimality gap      ]:      100.00%
[3545 sec, 8802036 itr]:      587.698
[3546 sec, 8806891 itr]:      587.698
[3547 sec, 8809235 itr]:      587.698
[3548 sec, 8811551 itr]:      587.698
[3549 sec, 8813822 itr]:      587.698
[3550 sec, 8816187 itr]:      587.698
[3551 sec, 8818454 itr]:      587.698
[3552 sec, 8820784 itr]:      587.698
[3553 sec, 8823112 itr]:      587.698
[3554 sec, 8823112 itr]:      587.698
[ optimality gap      ]:      100.00%
[3555 sec, 8827805 itr]:      587.698
[3556 sec, 8830015 itr]:      587.698
[3557 sec, 8832254 itr]:      587.698
[3558 sec, 8834549 itr]:      587.698
[3559 sec, 8836951 itr]:      587.698
[3560 sec, 8839252 itr]:      587.698
[3561 sec, 8841613 itr]:      587.698
[3562 sec, 8843853 itr]:      587.698
[3563 sec, 8846146 itr]:      587.698
[3564 sec, 8848504 itr]:      587.698
[ optimality gap      ]:      100.00%
[3565 sec, 8850740 itr]:      587.698
[3566 sec, 8852942 itr]:      587.698
[3567 sec, 8855310 itr]:      587.698
[3568 sec, 8855310 itr]:      587.698
[3569 sec, 8857630 itr]:      587.698
[3570 sec, 8862364 itr]:      587.698
[3571 sec, 8862364 itr]:      587.698
[3572 sec, 8867124 itr]:      587.698
[3573 sec, 8869508 itr]:      587.698
[3574 sec, 8871871 itr]:      587.698
[ optimality gap      ]:      100.00%
[3575 sec, 8871871 itr]:      587.698
[3576 sec, 8876561 itr]:      587.698
[3577 sec, 8878912 itr]:      587.698
[3578 sec, 8878912 itr]:      587.698
[3579 sec, 8883499 itr]:      587.698
[3580 sec, 8883499 itr]:      587.698
[3581 sec, 8888098 itr]:      587.698
[3582 sec, 8890405 itr]:      587.698
[3583 sec, 8890405 itr]:      587.698
[3584 sec, 8895070 itr]:      587.698
[ optimality gap      ]:      100.00%
[3585 sec, 8895070 itr]:      587.698
[3586 sec, 8899842 itr]:      587.698
[3587 sec, 8899842 itr]:      587.698
[3588 sec, 8904550 itr]:      587.698
[3589 sec, 8906864 itr]:      587.698
[3590 sec, 8906864 itr]:      587.698
[3591 sec, 8911689 itr]:      587.698
[3592 sec, 8914043 itr]:      587.698
[3593 sec, 8916477 itr]:      587.698
[3594 sec, 8918851 itr]:      587.698
[ optimality gap      ]:      100.00%
[3595 sec, 8921222 itr]:      587.698
[3596 sec, 8923569 itr]:      587.698
[3597 sec, 8926033 itr]:      587.698
[3598 sec, 8928496 itr]:      587.698
[3599 sec, 8930862 itr]:      587.698
[3600 sec, 8930862 itr]:      587.698
[3600 sec, 8933159 itr]:      587.698
[ optimality gap      ]:      100.00%

8933159 iterations performed in 3600 seconds

Feasible solution: 
  obj    =      587.698
  gap    =      100.00%
  bounds =            0
Time limit reached, but a feasible solution is available
  objective value = 587.6977505068855
  status = HxSolutionStatus.FEASIBLE, iterations = 8933159, time = 3600.00s, gap = 100.00%

[00:26:44.204203] Saving solution to file: /dados/rmelo/PDPTW-SE/benchmark_multi_island_v5/official_experiments/mip_hexaly/set_02_pt_02/logs/form_melo_hx/solutions/06R_06V_04I_04M/lr204_sol_genconfig_melo_hx.txt

[00:26:44] Saving solution timeline to file: /dados/rmelo/PDPTW-SE/benchmark_multi_island_v5/official_experiments/mip_hexaly/set_02_pt_02/logs/form_melo_hx/timelines/06R_06V_04I_04M/lr204_timeline_genconfig_melo_hx.txt

[23/09/2025 00:26:44] Writing results to CSV: /dados/rmelo/PDPTW-SE/benchmark_multi_island_v5/official_experiments/mip_hexaly/set_02_pt_02/logs/form_melo_hx/outputs/csvresults_form_melo_hx.csv
---------------------| VEHICLES |---------------------

Vehicle 1 :
	id: 0
			node: 0
			(x, y, z): (35, 35, 0)
			dem: 0
			earl: 0
			lat: 1000
			servt: 0
			pid: 0
			did: 0
			servST: 117.36010740166904
			(h, h_ind): (-1, -1)
			load: 0.0
			
	Finished service at time: 117.36010740166904
	
	Using Machine: 2
			Task 0 -> Machine 2 (Station 0): 10.0
			Vehicle arrival at machine station: 127.36010740166904
			Waiting time until machine travel: -0.0
			Machine travel start time: 127.35996011485145
			Region 0 -> Region 2: 23.43
			Machine arrival at machine station: 150.78996011485145
			
			Machine 2 (Station 2)-> Task 7: 7.0
			Vehicle arrival at task: 157.78996011485145
			Waiting time until service start time: -0.0
			
	id: 7
			node: 1
			(x, y, z): (20, 50, 2)
			dem: 5
			earl: 0
			lat: 968
			servt: 10
			pid: 0
			did: 31
			servST: 157.78996011485128
			(h, h_ind): (2, 0)
			load: 5.0
			
	Finished service at time: 167.78996011485128
	
	Task 7 -> Task 31: 11.18
	Vehicle arrival at task: 178.9699601148513
	Waiting time until service start time: 0.0
	
	id: 31
			node: 7
			(x, y, z): (31, 52, 2)
			dem: -5
			earl: 0
			lat: 972
			servt: 10
			pid: 7
			did: 0
			servST: 178.9699740661388
			(h, h_ind): (-1, -1)
			load: 0.0
			
	Finished service at time: 188.9699740661388
	
	Task 31 -> Task 11: 17.03
	Vehicle arrival at task: 205.9999740661388
	Waiting time until service start time: 0.0
	
	id: 11
			node: 4
			(x, y, z): (20, 65, 2)
			dem: 12
			earl: 206
			lat: 325
			servt: 10
			pid: 0
			did: 67
			servST: 206.0
			(h, h_ind): (-1, -1)
			load: 12.000000646989886
			
	Finished service at time: 216.0
	
	Using Machine: 3
			Task 11 -> Machine 3 (Station 2): 14.87
			Vehicle arrival at machine station: 230.87
			Waiting time until machine travel: 0.0
			Machine travel start time: 230.87000129095816
			Region 2 -> Region 3: 60.21
			Machine arrival at machine station: 291.08000129095814
			
			Machine 3 (Station 3)-> Task 67: 4.12
			Vehicle arrival at task: 295.20000129095814
			Waiting time until service start time: -0.0
			
	id: 67
			node: 10
			(x, y, z): (67, 5, 3)
			dem: -12
			earl: 294
			lat: 401
			servt: 10
			pid: 11
			did: 0
			servST: 295.2
			(h, h_ind): (3, 0)
			load: 0.0
			
	Finished service at time: 305.2
	
	Using Machine: 3
			Task 67 -> Machine 3 (Station 3): 4.12
			Vehicle arrival at machine station: 309.32
			Waiting time until machine travel: -0.0
			Machine travel start time: 309.31938186694754
			Region 3 -> Region 0: 32.2
			Machine arrival at machine station: 341.5193818669475
			
			Machine 3 (Station 0)-> Task 0: 14.14
			Vehicle arrival at task: 355.6593818669475
			Waiting time until service start time: -0.0
			
	id: 0
			node: 13
			(x, y, z): (35, 35, 0)
			dem: 0
			earl: 0
			lat: 1000
			servt: 0
			pid: 0
			did: 0
			servST: 355.65938186694746
			(h, h_ind): (3, 1)
			load: 0.0
			

Vehicle 2 :
	id: 0
			node: 0
			(x, y, z): (35, 35, 0)
			dem: 0
			earl: 0
			lat: 1000
			servt: 0
			pid: 0
			did: 0
			servST: 253.64105484115618
			(h, h_ind): (-1, -1)
			load: 0.0
			
	Finished service at time: 253.64105484115618
	
	Task 0 -> Task 15: 30.41
	Vehicle arrival at task: 284.0510548411562
	Waiting time until service start time: 0.0
	
	id: 15
			node: 6
			(x, y, z): (30, 5, 0)
			dem: 8
			earl: 175
			lat: 300
			servt: 10
			pid: 0
			did: 10
			servST: 284.0510548411562
			(h, h_ind): (-1, -1)
			load: 8.000002593331516
			
	Finished service at time: 294.0510548411562
	
	Task 15 -> Task 12: 36.06
	Vehicle arrival at task: 330.1110548411562
	Waiting time until service start time: -0.0
	
	id: 12
			node: 5
			(x, y, z): (50, 35, 0)
			dem: 19
			earl: 0
			lat: 975
			servt: 10
			pid: 0
			did: 35
			servST: 330.11105314205923
			(h, h_ind): (-1, -1)
			load: 27.000002593331516
			
	Finished service at time: 340.11105314205923
	
	Using Machine: 3
			Task 12 -> Machine 3 (Station 0): 2.24
			Vehicle arrival at machine station: 342.35105314205924
			Waiting time until machine travel: -0.0
			Machine travel start time: 342.351053142059
			Region 0 -> Region 2: 28.43
			Machine arrival at machine station: 370.781053142059
			
			Machine 3 (Station 2)-> Task 10: 5.1
			Vehicle arrival at task: 375.88105314205905
			Waiting time until service start time: -0.0
			
	id: 10
			node: 12
			(x, y, z): (30, 60, 2)
			dem: -8
			earl: 0
			lat: 964
			servt: 10
			pid: 15
			did: 0
			servST: 375.8807614462749
			(h, h_ind): (3, 2)
			load: 19.000002593331516
			
	Finished service at time: 385.8807614462749
	
	Task 10 -> Task 8: 26.25
	Vehicle arrival at task: 412.1307614462749
	Waiting time until service start time: 0.0
	
	id: 8
			node: 2
			(x, y, z): (10, 43, 2)
			dem: 9
			earl: 404
			lat: 481
			servt: 10
			pid: 0
			did: 3
			servST: 412.13081688308745
			(h, h_ind): (-1, -1)
			load: 28.000002593331516
			
	Finished service at time: 422.13081688308745
	
	Using Machine: 1
			Task 8 -> Machine 1 (Station 2): 19.7
			Vehicle arrival at machine station: 441.83081688308744
			Waiting time until machine travel: 0.0
			Machine travel start time: 441.83097667272745
			Region 2 -> Region 1: 27.17
			Machine arrival at machine station: 469.00097667272746
			
			Machine 1 (Station 1)-> Task 3: 3.0
			Vehicle arrival at task: 472.00097667272746
			Waiting time until service start time: 0.0
			
	id: 3
			node: 8
			(x, y, z): (55, 45, 1)
			dem: -9
			earl: 0
			lat: 967
			servt: 10
			pid: 8
			did: 0
			servST: 472.0009933294009
			(h, h_ind): (1, 0)
			load: 19.000002593331516
			
	Finished service at time: 482.0009933294009
	
	Task 3 -> Task 9: 15.0
	Vehicle arrival at task: 497.0009933294009
	Waiting time until service start time: -0.0
	
	id: 9
			node: 3
			(x, y, z): (55, 60, 1)
			dem: 16
			earl: 400
			lat: 497
			servt: 10
			pid: 0
			did: 21
			servST: 497.0
			(h, h_ind): (-1, -1)
			load: 35.000002593331516
			
	Finished service at time: 507.0
	
	Task 9 -> Task 35: 9.43
	Vehicle arrival at task: 516.43
	Waiting time until service start time: 0.0
	
	id: 35
			node: 11
			(x, y, z): (63, 65, 1)
			dem: -19
			earl: 0
			lat: 948
			servt: 10
			pid: 12
			did: 0
			servST: 516.430000574003
			(h, h_ind): (-1, -1)
			load: 16.000002593331516
			
	Finished service at time: 526.430000574003
	
	Using Machine: 3
			Task 35 -> Machine 3 (Station 1): 17.89
			Vehicle arrival at machine station: 544.320000574003
			Waiting time until machine travel: -0.0
			Machine travel start time: 544.3199999999999
			Region 1 -> Region 0: 17.09
			Machine arrival at machine station: 561.41
			
			Machine 3 (Station 0)-> Task 21: 13.6
			Vehicle arrival at task: 575.01
			Waiting time until service start time: 0.0
			
	id: 21
			node: 9
			(x, y, z): (45, 20, 0)
			dem: -16
			earl: 0
			lat: 971
			servt: 10
			pid: 9
			did: 0
			servST: 575.01
			(h, h_ind): (3, 3)
			load: 2.593331515754471e-06
			
	Finished service at time: 585.01
	
	Task 21 -> Task 0: 18.03
	Vehicle arrival at task: 603.04
	Waiting time until service start time: -0.0
	
	id: 0
			node: 13
			(x, y, z): (35, 35, 0)
			dem: 0
			earl: 0
			lat: 1000
			servt: 0
			pid: 0
			did: 0
			servST: 603.0395338543636
			(h, h_ind): (-1, -1)
			load: 2.593331515754471e-06
			

---------------------| MACHINES |---------------------

Machine 1 :
	setup duration: 24.08
	
	vehicle: 2
	vehicleInd: 5
	(orig, dest): (2, 8)
	(origID, destID): (8, 3)
	(origRegion, destRegion): (2, 1)
	st: 441.83097667272745
	duration: 27.17
	

Machine 2 :
	setup duration: 0.0
	
	vehicle: 1
	vehicleInd: 1
	(orig, dest): (0, 1)
	(origID, destID): (0, 7)
	(origRegion, destRegion): (0, 2)
	st: 127.35996011485145
	duration: 23.43
	

Machine 3 :
	setup duration: 28.43
	
	vehicle: 1
	vehicleInd: 4
	(orig, dest): (4, 10)
	(origID, destID): (11, 67)
	(origRegion, destRegion): (2, 3)
	st: 230.87000129095816
	duration: 60.21
	
	setup duration: 0.0
	
	vehicle: 1
	vehicleInd: 5
	(orig, dest): (10, 13)
	(origID, destID): (67, 0)
	(origRegion, destRegion): (3, 0)
	st: 309.31938186694754
	duration: 32.2
	
	setup duration: 0.0
	
	vehicle: 2
	vehicleInd: 3
	(orig, dest): (5, 12)
	(origID, destID): (12, 10)
	(origRegion, destRegion): (0, 2)
	st: 342.351053142059
	duration: 28.43
	
	setup duration: 24.74
	
	vehicle: 2
	vehicleInd: 8
	(orig, dest): (11, 9)
	(origID, destID): (35, 21)
	(origRegion, destRegion): (1, 0)
	st: 544.3199999999999
	duration: 17.09
	

-------------------| COMPL. TIMES |-------------------

Vehicle 0 : 0.0
Vehicle 1 : 238.29927
Vehicle 2 : 349.39848
Vehicle 3 : 0.0
Vehicle 4 : 0.0
Vehicle 5 : 0.0
-------------------| STATISTICS |-------------------

    Vehicles used                           : 33.3333
    Machines used                           : 75.0
    Max load (vehicles)                     : 92.1053
    Min load (vehicles)                     : 37.5
    Mean load (vehicles)                    : 64.8026
    Min completion time                     : 23.8299
    Max completion time                     : 34.9398
    Mean completion time                    : 29.3849
    Avrg travel time (with vehicle)         : 9.407
    Avrg travel time (only with vehicle)    : 6.2843
    Avrg travel time (no vehicle)           : 3.1227
    Avrg waiting time (machine travel)      : 0.0
    Avrg waiting time (service)             : 0.0
    Machines travel times (with vehicle)    : [0.0, 5.434, 4.046, 18.741]
    Machines travel times (no vehicle)      : [0.0, 2.717, 1.703, 4.948]
    Max load per vehicle                    : [0.0, 37.5, 92.1053, 0.0, 0.0, 0.0]
----------------------------------------------------

TOTAL: 587.69775

Everything is awesome!
