alpha;avrg_machines_travel_time_no_vehicle;avrg_machines_travel_time_only_with_vehicle;avrg_machines_travel_time_with_vehicle;avrg_vehicles_waiting_time_for_a_machine_travel;avrg_vehicles_waiting_time_for_a_service;countImprovements;csvfilename;cutoff;cutoffmachs;depot_begin;depot_end;elevator;epsilon;epsilonCap;feasible;first_delivery;first_pickup;fullname;genconfigfile;genconfigfilename;grbFilename;greedy_service_order;group;gurobiCuts;infeasibleSol;initial_station;instPath;iteration;iterationToBest;largestUpdateOffset;lastSGreedySolValue;last_delivery;last_pickup;lmnsAcceptanceCriteria;lmnsGapToBiggerDestruction;lmnsGapToSmallerDestruction;lmnsMIPFocus;lmnsMetropolisTemp;lmnsRepairTime;lmnsReqRApplyMIPStart;lmnsSimulatedAnnealingCool;lmnsSimulatedAnnealingTemp;lmnsWeightShawDemandSim;lmnsWeightShawDistProx;lmnsWeightShawEarlProx;lmnsWeightShawSameRoute;lmnsa;lmnsr;lpImpr;lpRuns;make_instance_feasible;max_Q;max_completion_time;max_d;max_max_load_all_vehicles;max_q;max_s;maxiter;maxnodes;maxtime;meanLPImprPercentage;mean_completion_time;mean_max_load_all_vehicles;methodCode;methodType;min_completion_time;min_max_load_all_vehicles;mipPresolve;mipmaxtime;mslpa;mslpr;n;n_machines_used;n_vehicles_used;name;num_machs;output;outputFlagGrbLMNS;outputFlagGrbMIP;outputFlagGrbMSLP;percentageInfeasibleSol;percentageLPImpr;printsol;seed;solfilename;solver;solverMethod;startTime;suff_csv;suff_outputs;sumLPImprPercentage;threads;timeToBest;timelineFilename;totalTimeElapsed;type;typeUserCut;value;warmStart
0.15;0.0;0.12;0.12;0.0;0.0;6;/dados/rmelo/PDPTW-SE/benchmark_multi_island_v5/official_experiments/multistartlp/preliminar/set_01_pt_01/logs/heur_mslp/outputs/csvresults_heur_mslp_bash_3.csv;0;4;1;18;0;0.0;0.5;true;10;2;lr109_t1_08R_08V_02I_04M;/dados/rmelo/PDPTW-SE/benchmark_multi_island_v5/official_experiments/multistartlp/preliminar/set_01_pt_01/configs/genconfig_mslp.conf;genconfig_mslp;/dados/rmelo/PDPTW-SE/benchmark_multi_island_v5/official_experiments/multistartlp/preliminar/set_01_pt_01/logs/heur_mslp/gurobi/08R_08V_02I_04M/lr109_grb_genconfig_mslp_seed_24_alpha_15p.log;random;08R_08V_02I_04M;1;0;1;/dados/rmelo/PDPTW-SE/benchmark_multi_island_v5/official_experiments/multistartlp/preliminar/set_01_pt_01/../../../../instances/orig_ams_fg/08R_08V_02I_04M/t1/lr109/;60000;194;0;697.42;17;9;H;50;95;0;100.0;30.0;true;0.95;100.0;1.0;1.0;1.0;1.0;60;M;60000;60000;false;52;0.91;78.96;0.6;26;10;1000000;-1;3600;9.45;0.77;0.46;mslp;heur;0.59;0.28;-1;3600;60000;I;8;0.5;0.38;lr109;0;/dados/rmelo/PDPTW-SE/benchmark_multi_island_v5/official_experiments/multistartlp/preliminar/set_01_pt_01/logs;0;0;0;0.0;100.0;1;24;/dados/rmelo/PDPTW-SE/benchmark_multi_island_v5/official_experiments/multistartlp/preliminar/set_01_pt_01/logs/heur_mslp/solutions/08R_08V_02I_04M/lr109_sol_genconfig_mslp_seed_24_alpha_15p.txt;Gurobi;AUTOMATIC;1.75944599613e9;_bash_3;_seed_24_alpha_15p;5670.39;1;0.75;/dados/rmelo/PDPTW-SE/benchmark_multi_island_v5/official_experiments/multistartlp/preliminar/set_01_pt_01/logs/heur_mslp/timelines/08R_08V_02I_04M/lr109_timeline_genconfig_mslp_seed_24_alpha_15p.txt;137.21;t1;0;533.17;false
0.15;0.0;0.02;0.02;0.0;0.0;9;/dados/rmelo/PDPTW-SE/benchmark_multi_island_v5/official_experiments/multistartlp/preliminar/set_01_pt_01/logs/heur_mslp/outputs/csvresults_heur_mslp_bash_3.csv;0;4;1;18;0;0.0;0.5;true;10;2;lr209_t2_08R_08V_02I_04M;/dados/rmelo/PDPTW-SE/benchmark_multi_island_v5/official_experiments/multistartlp/preliminar/set_01_pt_01/configs/genconfig_mslp.conf;genconfig_mslp;/dados/rmelo/PDPTW-SE/benchmark_multi_island_v5/official_experiments/multistartlp/preliminar/set_01_pt_01/logs/heur_mslp/gurobi/08R_08V_02I_04M/lr209_grb_genconfig_mslp_seed_24_alpha_15p.log;random;08R_08V_02I_04M;1;0;1;/dados/rmelo/PDPTW-SE/benchmark_multi_island_v5/official_experiments/multistartlp/preliminar/set_01_pt_01/../../../../instances/orig_ams_fg/08R_08V_02I_04M/t2/lr209/;60000;12650;0;797.71;17;9;H;50;95;0;100.0;30.0;true;0.95;100.0;1.0;1.0;1.0;1.0;60;M;59021;60000;false;46;0.56;77.81;0.82;23;10;1000000;-1;3600;20.66;0.56;0.82;mslp;heur;0.56;0.82;-1;3600;60000;I;8;0.75;0.12;lr209;0;/dados/rmelo/PDPTW-SE/benchmark_multi_island_v5/official_experiments/multistartlp/preliminar/set_01_pt_01/logs;0;0;0;0.0;98.37;1;24;/dados/rmelo/PDPTW-SE/benchmark_multi_island_v5/official_experiments/multistartlp/preliminar/set_01_pt_01/logs/heur_mslp/solutions/08R_08V_02I_04M/lr209_sol_genconfig_mslp_seed_24_alpha_15p.txt;Gurobi;AUTOMATIC;1.75944615372e9;_bash_3;_seed_24_alpha_15p;12393.82;1;31.89;/dados/rmelo/PDPTW-SE/benchmark_multi_island_v5/official_experiments/multistartlp/preliminar/set_01_pt_01/logs/heur_mslp/timelines/08R_08V_02I_04M/lr209_timeline_genconfig_mslp_seed_24_alpha_15p.txt;146.89;t2;0;562.22;false
0.15;0.0;0.24;0.24;0.0;0.01;7;/dados/rmelo/PDPTW-SE/benchmark_multi_island_v5/official_experiments/multistartlp/preliminar/set_01_pt_01/logs/heur_mslp/outputs/csvresults_heur_mslp_bash_3.csv;0;4;1;18;0;0.0;0.5;true;10;2;lr106_t1_08R_08V_02I_04M;/dados/rmelo/PDPTW-SE/benchmark_multi_island_v5/official_experiments/multistartlp/preliminar/set_01_pt_01/configs/genconfig_mslp.conf;genconfig_mslp;/dados/rmelo/PDPTW-SE/benchmark_multi_island_v5/official_experiments/multistartlp/preliminar/set_01_pt_01/logs/heur_mslp/gurobi/08R_08V_02I_04M/lr106_grb_genconfig_mslp_seed_24_alpha_15p.log;random;08R_08V_02I_04M;1;0;1;/dados/rmelo/PDPTW-SE/benchmark_multi_island_v5/official_experiments/multistartlp/preliminar/set_01_pt_01/../../../../instances/orig_ams_fg/08R_08V_02I_04M/t1/lr106/;60000;69;0;742.54;17;9;H;50;95;0;100.0;30.0;true;0.95;100.0;1.0;1.0;1.0;1.0;60;M;60000;60000;false;52;0.83;104.47;0.85;26;10;1000000;-1;3600;18.77;0.62;0.56;mslp;heur;0.45;0.21;-1;3600;60000;I;8;0.25;0.5;lr106;0;/dados/rmelo/PDPTW-SE/benchmark_multi_island_v5/official_experiments/multistartlp/preliminar/set_01_pt_01/logs;0;0;0;0.0;100.0;1;24;/dados/rmelo/PDPTW-SE/benchmark_multi_island_v5/official_experiments/multistartlp/preliminar/set_01_pt_01/logs/heur_mslp/solutions/08R_08V_02I_04M/lr106_sol_genconfig_mslp_seed_24_alpha_15p.txt;Gurobi;AUTOMATIC;1.75944632276e9;_bash_3;_seed_24_alpha_15p;11259.47;1;0.46;/dados/rmelo/PDPTW-SE/benchmark_multi_island_v5/official_experiments/multistartlp/preliminar/set_01_pt_01/logs/heur_mslp/timelines/08R_08V_02I_04M/lr106_timeline_genconfig_mslp_seed_24_alpha_15p.txt;122.1;t1;0;602.78;false
0.15;0.01;0.01;0.02;0.0;0.0;12;/dados/rmelo/PDPTW-SE/benchmark_multi_island_v5/official_experiments/multistartlp/preliminar/set_01_pt_01/logs/heur_mslp/outputs/csvresults_heur_mslp_bash_3.csv;0;4;1;18;0;0.0;0.5;true;10;2;lr208_t2_08R_08V_02I_04M;/dados/rmelo/PDPTW-SE/benchmark_multi_island_v5/official_experiments/multistartlp/preliminar/set_01_pt_01/configs/genconfig_mslp.conf;genconfig_mslp;/dados/rmelo/PDPTW-SE/benchmark_multi_island_v5/official_experiments/multistartlp/preliminar/set_01_pt_01/logs/heur_mslp/gurobi/08R_08V_02I_04M/lr208_grb_genconfig_mslp_seed_24_alpha_15p.log;random;08R_08V_02I_04M;1;0;1;/dados/rmelo/PDPTW-SE/benchmark_multi_island_v5/official_experiments/multistartlp/preliminar/set_01_pt_01/../../../../instances/orig_ams_fg/08R_08V_02I_04M/t2/lr208/;60000;46620;0;702.25;17;9;H;50;95;0;100.0;30.0;true;0.95;100.0;1.0;1.0;1.0;1.0;60;M;46275;60000;false;38;0.55;75.47;0.97;19;10;1000000;-1;3600;4.83;0.55;0.97;mslp;heur;0.55;0.97;-1;3600;60000;I;8;0.75;0.12;lr208;0;/dados/rmelo/PDPTW-SE/benchmark_multi_island_v5/official_experiments/multistartlp/preliminar/set_01_pt_01/logs;0;0;0;0.0;77.12;1;24;/dados/rmelo/PDPTW-SE/benchmark_multi_island_v5/official_experiments/multistartlp/preliminar/set_01_pt_01/logs/heur_mslp/solutions/08R_08V_02I_04M/lr208_sol_genconfig_mslp_seed_24_alpha_15p.txt;Gurobi;AUTOMATIC;1.75944646648e9;_bash_3;_seed_24_alpha_15p;2900.44;1;132.0;/dados/rmelo/PDPTW-SE/benchmark_multi_island_v5/official_experiments/multistartlp/preliminar/set_01_pt_01/logs/heur_mslp/timelines/08R_08V_02I_04M/lr208_timeline_genconfig_mslp_seed_24_alpha_15p.txt;169.52;t2;0;550.57;false
0.15;0.03;0.21;0.25;0.0;0.0;8;/dados/rmelo/PDPTW-SE/benchmark_multi_island_v5/official_experiments/multistartlp/preliminar/set_01_pt_01/logs/heur_mslp/outputs/csvresults_heur_mslp_bash_3.csv;0;4;1;18;0;0.0;0.5;true;10;2;lr110_t1_08R_08V_04I_04M;/dados/rmelo/PDPTW-SE/benchmark_multi_island_v5/official_experiments/multistartlp/preliminar/set_01_pt_01/configs/genconfig_mslp.conf;genconfig_mslp;/dados/rmelo/PDPTW-SE/benchmark_multi_island_v5/official_experiments/multistartlp/preliminar/set_01_pt_01/logs/heur_mslp/gurobi/08R_08V_04I_04M/lr110_grb_genconfig_mslp_seed_24_alpha_15p.log;random;08R_08V_04I_04M;1;3621;1;/dados/rmelo/PDPTW-SE/benchmark_multi_island_v5/official_experiments/multistartlp/preliminar/set_01_pt_01/../../../../instances/orig_ams_fg/08R_08V_04I_04M/t1/lr110/;60000;23815;0;794.46;17;9;H;50;95;0;100.0;30.0;true;0.95;100.0;1.0;1.0;1.0;1.0;60;M;56379;56379;false;52;0.89;73.36;0.82;26;10;1000000;-1;3600;8.28;0.58;0.53;mslp;heur;0.35;0.1;-1;3600;60000;I;8;1.0;0.62;lr110;0;/dados/rmelo/PDPTW-SE/benchmark_multi_island_v5/official_experiments/multistartlp/preliminar/set_01_pt_01/logs;0;0;0;6.04;100.0;1;24;/dados/rmelo/PDPTW-SE/benchmark_multi_island_v5/official_experiments/multistartlp/preliminar/set_01_pt_01/logs/heur_mslp/solutions/08R_08V_04I_04M/lr110_sol_genconfig_mslp_seed_24_alpha_15p.txt;Gurobi;AUTOMATIC;1.75944665827e9;_bash_3;_seed_24_alpha_15p;4669.28;1;55.4;/dados/rmelo/PDPTW-SE/benchmark_multi_island_v5/official_experiments/multistartlp/preliminar/set_01_pt_01/logs/heur_mslp/timelines/08R_08V_04I_04M/lr110_timeline_genconfig_mslp_seed_24_alpha_15p.txt;138.83;t1;0;672.57;false
0.15;0.04;0.06;0.09;0.0;0.0;12;/dados/rmelo/PDPTW-SE/benchmark_multi_island_v5/official_experiments/multistartlp/preliminar/set_01_pt_01/logs/heur_mslp/outputs/csvresults_heur_mslp_bash_3.csv;0;4;1;18;0;0.0;0.5;true;10;2;lr209_t2_08R_08V_04I_04M;/dados/rmelo/PDPTW-SE/benchmark_multi_island_v5/official_experiments/multistartlp/preliminar/set_01_pt_01/configs/genconfig_mslp.conf;genconfig_mslp;/dados/rmelo/PDPTW-SE/benchmark_multi_island_v5/official_experiments/multistartlp/preliminar/set_01_pt_01/logs/heur_mslp/gurobi/08R_08V_04I_04M/lr209_grb_genconfig_mslp_seed_24_alpha_15p.log;random;08R_08V_04I_04M;1;0;1;/dados/rmelo/PDPTW-SE/benchmark_multi_island_v5/official_experiments/multistartlp/preliminar/set_01_pt_01/../../../../instances/orig_ams_fg/08R_08V_04I_04M/t2/lr209/;60000;16703;0;820.37;17;9;H;50;95;0;100.0;30.0;true;0.95;100.0;1.0;1.0;1.0;1.0;60;M;59296;60000;false;46;0.62;78.66;0.82;23;10;1000000;-1;3600;22.84;0.62;0.82;mslp;heur;0.62;0.82;-1;3600;60000;I;8;0.75;0.12;lr209;0;/dados/rmelo/PDPTW-SE/benchmark_multi_island_v5/official_experiments/multistartlp/preliminar/set_01_pt_01/logs;0;0;0;0.0;98.83;1;24;/dados/rmelo/PDPTW-SE/benchmark_multi_island_v5/official_experiments/multistartlp/preliminar/set_01_pt_01/logs/heur_mslp/solutions/08R_08V_04I_04M/lr209_sol_genconfig_mslp_seed_24_alpha_15p.txt;Gurobi;AUTOMATIC;1.759446819e9;_bash_3;_seed_24_alpha_15p;13706.71;1;53.53;/dados/rmelo/PDPTW-SE/benchmark_multi_island_v5/official_experiments/multistartlp/preliminar/set_01_pt_01/logs/heur_mslp/timelines/08R_08V_04I_04M/lr209_timeline_genconfig_mslp_seed_24_alpha_15p.txt;191.53;t2;0;618.4;false
0.15;0.08;0.17;0.25;0.0;0.0;7;/dados/rmelo/PDPTW-SE/benchmark_multi_island_v5/official_experiments/multistartlp/preliminar/set_01_pt_01/logs/heur_mslp/outputs/csvresults_heur_mslp_bash_3.csv;0;4;1;18;0;0.0;0.5;true;10;2;lr109_t1_08R_08V_04I_04M;/dados/rmelo/PDPTW-SE/benchmark_multi_island_v5/official_experiments/multistartlp/preliminar/set_01_pt_01/configs/genconfig_mslp.conf;genconfig_mslp;/dados/rmelo/PDPTW-SE/benchmark_multi_island_v5/official_experiments/multistartlp/preliminar/set_01_pt_01/logs/heur_mslp/gurobi/08R_08V_04I_04M/lr109_grb_genconfig_mslp_seed_24_alpha_15p.log;random;08R_08V_04I_04M;1;0;1;/dados/rmelo/PDPTW-SE/benchmark_multi_island_v5/official_experiments/multistartlp/preliminar/set_01_pt_01/../../../../instances/orig_ams_fg/08R_08V_04I_04M/t1/lr109/;60000;194;0;706.7;17;9;H;50;95;0;100.0;30.0;true;0.95;100.0;1.0;1.0;1.0;1.0;60;M;60000;60000;false;52;0.9;65.14;0.5;26;10;1000000;-1;3600;12.51;0.6;0.33;mslp;heur;0.42;0.16;-1;3600;60000;I;8;0.75;0.5;lr109;0;/dados/rmelo/PDPTW-SE/benchmark_multi_island_v5/official_experiments/multistartlp/preliminar/set_01_pt_01/logs;0;0;0;0.0;100.0;1;24;/dados/rmelo/PDPTW-SE/benchmark_multi_island_v5/official_experiments/multistartlp/preliminar/set_01_pt_01/logs/heur_mslp/solutions/08R_08V_04I_04M/lr109_sol_genconfig_mslp_seed_24_alpha_15p.txt;Gurobi;AUTOMATIC;1.75944703291e9;_bash_3;_seed_24_alpha_15p;7506.8;1;0.79;/dados/rmelo/PDPTW-SE/benchmark_multi_island_v5/official_experiments/multistartlp/preliminar/set_01_pt_01/logs/heur_mslp/timelines/08R_08V_04I_04M/lr109_timeline_genconfig_mslp_seed_24_alpha_15p.txt;139.05;t1;0;555.44;false
0.15;0.02;0.04;0.06;0.0;0.0;7;/dados/rmelo/PDPTW-SE/benchmark_multi_island_v5/official_experiments/multistartlp/preliminar/set_01_pt_01/logs/heur_mslp/outputs/csvresults_heur_mslp_bash_3.csv;0;4;1;18;0;0.0;0.5;true;10;2;lr208_t2_08R_08V_04I_04M;/dados/rmelo/PDPTW-SE/benchmark_multi_island_v5/official_experiments/multistartlp/preliminar/set_01_pt_01/configs/genconfig_mslp.conf;genconfig_mslp;/dados/rmelo/PDPTW-SE/benchmark_multi_island_v5/official_experiments/multistartlp/preliminar/set_01_pt_01/logs/heur_mslp/gurobi/08R_08V_04I_04M/lr208_grb_genconfig_mslp_seed_24_alpha_15p.log;random;08R_08V_04I_04M;1;0;1;/dados/rmelo/PDPTW-SE/benchmark_multi_island_v5/official_experiments/multistartlp/preliminar/set_01_pt_01/../../../../instances/orig_ams_fg/08R_08V_04I_04M/t2/lr208/;60000;44221;0;820.57;17;9;H;50;95;0;100.0;30.0;true;0.95;100.0;1.0;1.0;1.0;1.0;60;M;33136;60000;false;38;0.62;77.91;0.97;19;10;1000000;-1;3600;3.74;0.62;0.97;mslp;heur;0.62;0.97;-1;3600;60000;I;8;1.0;0.12;lr208;0;/dados/rmelo/PDPTW-SE/benchmark_multi_island_v5/official_experiments/multistartlp/preliminar/set_01_pt_01/logs;0;0;0;0.0;55.23;1;24;/dados/rmelo/PDPTW-SE/benchmark_multi_island_v5/official_experiments/multistartlp/preliminar/set_01_pt_01/logs/heur_mslp/solutions/08R_08V_04I_04M/lr208_sol_genconfig_mslp_seed_24_alpha_15p.txt;Gurobi;AUTOMATIC;1.75944719243e9;_bash_3;_seed_24_alpha_15p;2246.52;1;182.88;/dados/rmelo/PDPTW-SE/benchmark_multi_island_v5/official_experiments/multistartlp/preliminar/set_01_pt_01/logs/heur_mslp/timelines/08R_08V_04I_04M/lr208_timeline_genconfig_mslp_seed_24_alpha_15p.txt;247.58;t2;0;621.53;false
0.15;0.0;0.07;0.07;0.0;0.0;10;/dados/rmelo/PDPTW-SE/benchmark_multi_island_v5/official_experiments/multistartlp/preliminar/set_01_pt_01/logs/heur_mslp/outputs/csvresults_heur_mslp_bash_3.csv;0;4;1;26;0;0.0;0.5;true;14;2;lr109_t1_12R_12V_02I_04M;/dados/rmelo/PDPTW-SE/benchmark_multi_island_v5/official_experiments/multistartlp/preliminar/set_01_pt_01/configs/genconfig_mslp.conf;genconfig_mslp;/dados/rmelo/PDPTW-SE/benchmark_multi_island_v5/official_experiments/multistartlp/preliminar/set_01_pt_01/logs/heur_mslp/gurobi/12R_12V_02I_04M/lr109_grb_genconfig_mslp_seed_24_alpha_15p.log;random;12R_12V_02I_04M;1;0;1;/dados/rmelo/PDPTW-SE/benchmark_multi_island_v5/official_experiments/multistartlp/preliminar/set_01_pt_01/../../../../instances/orig_ams_fg/12R_12V_02I_04M/t1/lr109/;60000;2129;0;964.34;25;13;H;50;95;0;100.0;30.0;true;0.95;100.0;1.0;1.0;1.0;1.0;60;M;60000;60000;false;58;0.83;96.56;0.92;29;10;1000000;-1;3600;8.84;0.79;0.62;mslp;heur;0.73;0.32;-1;3600;60000;I;12;0.5;0.33;lr109;0;/dados/rmelo/PDPTW-SE/benchmark_multi_island_v5/official_experiments/multistartlp/preliminar/set_01_pt_01/logs;0;0;0;0.0;100.0;1;24;/dados/rmelo/PDPTW-SE/benchmark_multi_island_v5/official_experiments/multistartlp/preliminar/set_01_pt_01/logs/heur_mslp/solutions/12R_12V_02I_04M/lr109_sol_genconfig_mslp_seed_24_alpha_15p.txt;Gurobi;AUTOMATIC;1.75944746052e9;_bash_3;_seed_24_alpha_15p;5302.51;1;6.0;/dados/rmelo/PDPTW-SE/benchmark_multi_island_v5/official_experiments/multistartlp/preliminar/set_01_pt_01/logs/heur_mslp/timelines/12R_12V_02I_04M/lr109_timeline_genconfig_mslp_seed_24_alpha_15p.txt;155.74;t1;0;722.63;false
0.15;0.01;0.02;0.03;0.0;0.0;7;/dados/rmelo/PDPTW-SE/benchmark_multi_island_v5/official_experiments/multistartlp/preliminar/set_01_pt_01/logs/heur_mslp/outputs/csvresults_heur_mslp_bash_3.csv;0;4;1;26;0;0.0;0.5;true;14;2;lr208_t2_12R_12V_02I_04M;/dados/rmelo/PDPTW-SE/benchmark_multi_island_v5/official_experiments/multistartlp/preliminar/set_01_pt_01/configs/genconfig_mslp.conf;genconfig_mslp;/dados/rmelo/PDPTW-SE/benchmark_multi_island_v5/official_experiments/multistartlp/preliminar/set_01_pt_01/logs/heur_mslp/gurobi/12R_12V_02I_04M/lr208_grb_genconfig_mslp_seed_24_alpha_15p.log;random;12R_12V_02I_04M;1;0;1;/dados/rmelo/PDPTW-SE/benchmark_multi_island_v5/official_experiments/multistartlp/preliminar/set_01_pt_01/../../../../instances/orig_ams_fg/12R_12V_02I_04M/t2/lr208/;60000;9811;0;1235.86;25;13;H;50;95;0;100.0;30.0;true;0.95;100.0;1.0;1.0;1.0;1.0;60;M;51509;60000;false;58;0.77;113.97;0.98;29;10;1000000;-1;3600;6.21;0.77;0.98;mslp;heur;0.77;0.98;-1;3600;60000;I;12;0.5;0.08;lr208;0;/dados/rmelo/PDPTW-SE/benchmark_multi_island_v5/official_experiments/multistartlp/preliminar/set_01_pt_01/logs;0;0;0;0.0;85.85;1;24;/dados/rmelo/PDPTW-SE/benchmark_multi_island_v5/official_experiments/multistartlp/preliminar/set_01_pt_01/logs/heur_mslp/solutions/12R_12V_02I_04M/lr208_sol_genconfig_mslp_seed_24_alpha_15p.txt;Gurobi;AUTOMATIC;1.75944763716e9;_bash_3;_seed_24_alpha_15p;3728.51;1;48.57;/dados/rmelo/PDPTW-SE/benchmark_multi_island_v5/official_experiments/multistartlp/preliminar/set_01_pt_01/logs/heur_mslp/timelines/12R_12V_02I_04M/lr208_timeline_genconfig_mslp_seed_24_alpha_15p.txt;290.99;t2;0;770.3;false
0.15;0.02;0.08;0.1;0.0;0.0;9;/dados/rmelo/PDPTW-SE/benchmark_multi_island_v5/official_experiments/multistartlp/preliminar/set_01_pt_01/logs/heur_mslp/outputs/csvresults_heur_mslp_bash_3.csv;0;4;1;26;0;0.0;0.5;true;14;2;lr110_t1_12R_12V_02I_04M;/dados/rmelo/PDPTW-SE/benchmark_multi_island_v5/official_experiments/multistartlp/preliminar/set_01_pt_01/configs/genconfig_mslp.conf;genconfig_mslp;/dados/rmelo/PDPTW-SE/benchmark_multi_island_v5/official_experiments/multistartlp/preliminar/set_01_pt_01/logs/heur_mslp/gurobi/12R_12V_02I_04M/lr110_grb_genconfig_mslp_seed_24_alpha_15p.log;random;12R_12V_02I_04M;1;1586;1;/dados/rmelo/PDPTW-SE/benchmark_multi_island_v5/official_experiments/multistartlp/preliminar/set_01_pt_01/../../../../instances/orig_ams_fg/12R_12V_02I_04M/t1/lr110/;60000;4220;0;1319.44;25;13;H;50;95;0;100.0;30.0;true;0.95;100.0;1.0;1.0;1.0;1.0;60;M;58414;58414;false;52;0.99;121.03;0.76;26;10;1000000;-1;3600;4.65;0.7;0.52;mslp;heur;0.52;0.19;-1;3600;60000;I;12;1.0;0.5;lr110;0;/dados/rmelo/PDPTW-SE/benchmark_multi_island_v5/official_experiments/multistartlp/preliminar/set_01_pt_01/logs;0;0;0;2.64;100.0;1;24;/dados/rmelo/PDPTW-SE/benchmark_multi_island_v5/official_experiments/multistartlp/preliminar/set_01_pt_01/logs/heur_mslp/solutions/12R_12V_02I_04M/lr110_sol_genconfig_mslp_seed_24_alpha_15p.txt;Gurobi;AUTOMATIC;1.75944794938e9;_bash_3;_seed_24_alpha_15p;2718.47;1;12.52;/dados/rmelo/PDPTW-SE/benchmark_multi_island_v5/official_experiments/multistartlp/preliminar/set_01_pt_01/logs/heur_mslp/timelines/12R_12V_02I_04M/lr110_timeline_genconfig_mslp_seed_24_alpha_15p.txt;165.41;t1;0;971.55;false
0.15;0.0;0.03;0.03;0.0;0.0;15;/dados/rmelo/PDPTW-SE/benchmark_multi_island_v5/official_experiments/multistartlp/preliminar/set_01_pt_01/logs/heur_mslp/outputs/csvresults_heur_mslp_bash_3.csv;0;4;1;26;0;0.0;0.5;true;14;2;lr207_t2_12R_12V_02I_04M;/dados/rmelo/PDPTW-SE/benchmark_multi_island_v5/official_experiments/multistartlp/preliminar/set_01_pt_01/configs/genconfig_mslp.conf;genconfig_mslp;/dados/rmelo/PDPTW-SE/benchmark_multi_island_v5/official_experiments/multistartlp/preliminar/set_01_pt_01/logs/heur_mslp/gurobi/12R_12V_02I_04M/lr207_grb_genconfig_mslp_seed_24_alpha_15p.log;random;12R_12V_02I_04M;1;0;1;/dados/rmelo/PDPTW-SE/benchmark_multi_island_v5/official_experiments/multistartlp/preliminar/set_01_pt_01/../../../../instances/orig_ams_fg/12R_12V_02I_04M/t2/lr207/;60000;18453;0;1629.17;25;13;H;50;95;0;100.0;30.0;true;0.95;100.0;1.0;1.0;1.0;1.0;60;M;59872;60000;false;40;0.88;107.37;1.0;20;10;1000000;-1;3600;14.24;0.88;1.0;mslp;heur;0.88;1.0;-1;3600;60000;I;12;0.25;0.08;lr207;0;/dados/rmelo/PDPTW-SE/benchmark_multi_island_v5/official_experiments/multistartlp/preliminar/set_01_pt_01/logs;0;0;0;0.0;99.79;1;24;/dados/rmelo/PDPTW-SE/benchmark_multi_island_v5/official_experiments/multistartlp/preliminar/set_01_pt_01/logs/heur_mslp/solutions/12R_12V_02I_04M/lr207_sol_genconfig_mslp_seed_24_alpha_15p.txt;Gurobi;AUTOMATIC;1.75944813706e9;_bash_3;_seed_24_alpha_15p;8543.85;1;80.12;/dados/rmelo/PDPTW-SE/benchmark_multi_island_v5/official_experiments/multistartlp/preliminar/set_01_pt_01/logs/heur_mslp/timelines/12R_12V_02I_04M/lr207_timeline_genconfig_mslp_seed_24_alpha_15p.txt;259.27;t2;0;880.86;false
0.15;0.1;0.2;0.3;0.0;0.0;7;/dados/rmelo/PDPTW-SE/benchmark_multi_island_v5/official_experiments/multistartlp/preliminar/set_01_pt_01/logs/heur_mslp/outputs/csvresults_heur_mslp_bash_3.csv;0;4;1;26;0;0.0;0.5;true;14;2;lr110_t1_12R_12V_04I_04M;/dados/rmelo/PDPTW-SE/benchmark_multi_island_v5/official_experiments/multistartlp/preliminar/set_01_pt_01/configs/genconfig_mslp.conf;genconfig_mslp;/dados/rmelo/PDPTW-SE/benchmark_multi_island_v5/official_experiments/multistartlp/preliminar/set_01_pt_01/logs/heur_mslp/gurobi/12R_12V_04I_04M/lr110_grb_genconfig_mslp_seed_24_alpha_15p.log;random;12R_12V_04I_04M;1;894;1;/dados/rmelo/PDPTW-SE/benchmark_multi_island_v5/official_experiments/multistartlp/preliminar/set_01_pt_01/../../../../instances/orig_ams_fg/12R_12V_04I_04M/t1/lr110/;60000;2826;0;948.72;25;13;H;50;95;0;100.0;30.0;true;0.95;100.0;1.0;1.0;1.0;1.0;60;M;59106;59106;false;52;0.72;72.82;0.85;26;10;1000000;-1;3600;12.8;0.57;0.41;mslp;heur;0.37;0.15;-1;3600;60000;I;12;1.0;0.5;lr110;0;/dados/rmelo/PDPTW-SE/benchmark_multi_island_v5/official_experiments/multistartlp/preliminar/set_01_pt_01/logs;0;0;0;1.49;100.0;1;24;/dados/rmelo/PDPTW-SE/benchmark_multi_island_v5/official_experiments/multistartlp/preliminar/set_01_pt_01/logs/heur_mslp/solutions/12R_12V_04I_04M/lr110_sol_genconfig_mslp_seed_24_alpha_15p.txt;Gurobi;AUTOMATIC;1.75944841859e9;_bash_3;_seed_24_alpha_15p;7565.83;1;9.03;/dados/rmelo/PDPTW-SE/benchmark_multi_island_v5/official_experiments/multistartlp/preliminar/set_01_pt_01/logs/heur_mslp/timelines/12R_12V_04I_04M/lr110_timeline_genconfig_mslp_seed_24_alpha_15p.txt;181.01;t1;0;788.9;false
0.15;0.02;0.05;0.07;0.0;0.0;11;/dados/rmelo/PDPTW-SE/benchmark_multi_island_v5/official_experiments/multistartlp/preliminar/set_01_pt_01/logs/heur_mslp/outputs/csvresults_heur_mslp_bash_3.csv;0;4;1;26;0;0.0;0.5;true;14;2;lr207_t2_12R_12V_04I_04M;/dados/rmelo/PDPTW-SE/benchmark_multi_island_v5/official_experiments/multistartlp/preliminar/set_01_pt_01/configs/genconfig_mslp.conf;genconfig_mslp;/dados/rmelo/PDPTW-SE/benchmark_multi_island_v5/official_experiments/multistartlp/preliminar/set_01_pt_01/logs/heur_mslp/gurobi/12R_12V_04I_04M/lr207_grb_genconfig_mslp_seed_24_alpha_15p.log;random;12R_12V_04I_04M;1;0;1;/dados/rmelo/PDPTW-SE/benchmark_multi_island_v5/official_experiments/multistartlp/preliminar/set_01_pt_01/../../../../instances/orig_ams_fg/12R_12V_04I_04M/t2/lr207/;60000;27858;0;1483.26;25;13;H;50;95;0;100.0;30.0;true;0.95;100.0;1.0;1.0;1.0;1.0;60;M;59957;60000;false;40;0.9;86.12;0.97;20;10;1000000;-1;3600;15.7;0.9;0.97;mslp;heur;0.9;0.97;-1;3600;60000;I;12;1.0;0.08;lr207;0;/dados/rmelo/PDPTW-SE/benchmark_multi_island_v5/official_experiments/multistartlp/preliminar/set_01_pt_01/logs;0;0;0;0.0;99.93;1;24;/dados/rmelo/PDPTW-SE/benchmark_multi_island_v5/official_experiments/multistartlp/preliminar/set_01_pt_01/logs/heur_mslp/solutions/12R_12V_04I_04M/lr207_sol_genconfig_mslp_seed_24_alpha_15p.txt;Gurobi;AUTOMATIC;1.75944862015e9;_bash_3;_seed_24_alpha_15p;9421.34;1;160.72;/dados/rmelo/PDPTW-SE/benchmark_multi_island_v5/official_experiments/multistartlp/preliminar/set_01_pt_01/logs/heur_mslp/timelines/12R_12V_04I_04M/lr207_timeline_genconfig_mslp_seed_24_alpha_15p.txt;345.71;t2;0;903.65;false
0.15;0.08;0.2;0.28;0.0;0.04;9;/dados/rmelo/PDPTW-SE/benchmark_multi_island_v5/official_experiments/multistartlp/preliminar/set_01_pt_01/logs/heur_mslp/outputs/csvresults_heur_mslp_bash_3.csv;0;4;1;26;0;0.0;0.5;true;14;2;lr108_t1_12R_12V_04I_04M;/dados/rmelo/PDPTW-SE/benchmark_multi_island_v5/official_experiments/multistartlp/preliminar/set_01_pt_01/configs/genconfig_mslp.conf;genconfig_mslp;/dados/rmelo/PDPTW-SE/benchmark_multi_island_v5/official_experiments/multistartlp/preliminar/set_01_pt_01/logs/heur_mslp/gurobi/12R_12V_04I_04M/lr108_grb_genconfig_mslp_seed_24_alpha_15p.log;random;12R_12V_04I_04M;1;496;1;/dados/rmelo/PDPTW-SE/benchmark_multi_island_v5/official_experiments/multistartlp/preliminar/set_01_pt_01/../../../../instances/orig_ams_fg/12R_12V_04I_04M/t1/lr108/;60000;20916;0;1059.85;25;13;H;50;95;0;100.0;30.0;true;0.95;100.0;1.0;1.0;1.0;1.0;60;M;59504;59504;false;58;0.97;75.48;0.75;29;10;1000000;-1;3600;5.88;0.91;0.62;mslp;heur;0.81;0.5;-1;3600;60000;I;12;0.75;0.33;lr108;0;/dados/rmelo/PDPTW-SE/benchmark_multi_island_v5/official_experiments/multistartlp/preliminar/set_01_pt_01/logs;0;0;0;0.83;100.0;1;24;/dados/rmelo/PDPTW-SE/benchmark_multi_island_v5/official_experiments/multistartlp/preliminar/set_01_pt_01/logs/heur_mslp/solutions/12R_12V_04I_04M/lr108_sol_genconfig_mslp_seed_24_alpha_15p.txt;Gurobi;AUTOMATIC;1.75944898654e9;_bash_3;_seed_24_alpha_15p;3498.72;1;69.96;/dados/rmelo/PDPTW-SE/benchmark_multi_island_v5/official_experiments/multistartlp/preliminar/set_01_pt_01/logs/heur_mslp/timelines/12R_12V_04I_04M/lr108_timeline_genconfig_mslp_seed_24_alpha_15p.txt;199.68;t1;0;834.52;false
0.15;0.02;0.05;0.07;0.0;0.0;11;/dados/rmelo/PDPTW-SE/benchmark_multi_island_v5/official_experiments/multistartlp/preliminar/set_01_pt_01/logs/heur_mslp/outputs/csvresults_heur_mslp_bash_3.csv;0;4;1;26;0;0.0;0.5;true;14;2;lr207_t2_12R_12V_04I_04M;/dados/rmelo/PDPTW-SE/benchmark_multi_island_v5/official_experiments/multistartlp/preliminar/set_01_pt_01/configs/genconfig_mslp.conf;genconfig_mslp;/dados/rmelo/PDPTW-SE/benchmark_multi_island_v5/official_experiments/multistartlp/preliminar/set_01_pt_01/logs/heur_mslp/gurobi/12R_12V_04I_04M/lr207_grb_genconfig_mslp_seed_24_alpha_15p.log;random;12R_12V_04I_04M;1;0;1;/dados/rmelo/PDPTW-SE/benchmark_multi_island_v5/official_experiments/multistartlp/preliminar/set_01_pt_01/../../../../instances/orig_ams_fg/12R_12V_04I_04M/t2/lr207/;60000;27858;0;1483.26;25;13;H;50;95;0;100.0;30.0;true;0.95;100.0;1.0;1.0;1.0;1.0;60;M;59957;60000;false;40;0.9;86.12;0.97;20;10;1000000;-1;3600;15.7;0.9;0.97;mslp;heur;0.9;0.97;-1;3600;60000;I;12;1.0;0.08;lr207;0;/dados/rmelo/PDPTW-SE/benchmark_multi_island_v5/official_experiments/multistartlp/preliminar/set_01_pt_01/logs;0;0;0;0.0;99.93;1;24;/dados/rmelo/PDPTW-SE/benchmark_multi_island_v5/official_experiments/multistartlp/preliminar/set_01_pt_01/logs/heur_mslp/solutions/12R_12V_04I_04M/lr207_sol_genconfig_mslp_seed_24_alpha_15p.txt;Gurobi;AUTOMATIC;1.75944920715e9;_bash_3;_seed_24_alpha_15p;9421.34;1;157.99;/dados/rmelo/PDPTW-SE/benchmark_multi_island_v5/official_experiments/multistartlp/preliminar/set_01_pt_01/logs/heur_mslp/timelines/12R_12V_04I_04M/lr207_timeline_genconfig_mslp_seed_24_alpha_15p.txt;338.87;t2;0;903.65;false
0.15;0.02;0.06;0.08;0.0;0.1;4;/dados/rmelo/PDPTW-SE/benchmark_multi_island_v5/official_experiments/multistartlp/preliminar/set_01_pt_01/logs/heur_mslp/outputs/csvresults_heur_mslp_bash_3.csv;0;6;1;82;0;0.0;0.5;true;42;2;LR1_2_6_t1_40R_40V_02I_06M;/dados/rmelo/PDPTW-SE/benchmark_multi_island_v5/official_experiments/multistartlp/preliminar/set_01_pt_01/configs/genconfig_mslp.conf;genconfig_mslp;/dados/rmelo/PDPTW-SE/benchmark_multi_island_v5/official_experiments/multistartlp/preliminar/set_01_pt_01/logs/heur_mslp/gurobi/40R_40V_02I_06M/LR1_2_6_grb_genconfig_mslp_seed_24_alpha_15p.log;random;40R_40V_02I_06M;1;58155;1;/dados/rmelo/PDPTW-SE/benchmark_multi_island_v5/official_experiments/multistartlp/preliminar/set_01_pt_01/../../../../instances/orig_ams_fg/40R_40V_02I_06M/t1/LR1_2_6/;60000;35914;0;6874.68;81;41;H;50;95;0;100.0;30.0;true;0.95;100.0;1.0;1.0;1.0;1.0;60;M;1845;1845;false;72;0.97;213.59;0.96;36;10;1000000;-1;3600;4.92;0.74;0.73;mslp;heur;0.49;0.29;-1;3600;60000;I;40;1.0;0.3;LR1_2_6;0;/dados/rmelo/PDPTW-SE/benchmark_multi_island_v5/official_experiments/multistartlp/preliminar/set_01_pt_01/logs;0;0;0;96.92;100.0;1;24;/dados/rmelo/PDPTW-SE/benchmark_multi_island_v5/official_experiments/multistartlp/preliminar/set_01_pt_01/logs/heur_mslp/solutions/40R_40V_02I_06M/LR1_2_6_sol_genconfig_mslp_seed_24_alpha_15p.txt;Gurobi;AUTOMATIC;1.75944956662e9;_bash_3;_seed_24_alpha_15p;90.79;1;154.46;/dados/rmelo/PDPTW-SE/benchmark_multi_island_v5/official_experiments/multistartlp/preliminar/set_01_pt_01/logs/heur_mslp/timelines/40R_40V_02I_06M/LR1_2_6_timeline_genconfig_mslp_seed_24_alpha_15p.txt;259.98;t1;0;5637.53;false
0.15;0.01;0.02;0.03;0.0;0.13;6;/dados/rmelo/PDPTW-SE/benchmark_multi_island_v5/official_experiments/multistartlp/preliminar/set_01_pt_01/logs/heur_mslp/outputs/csvresults_heur_mslp_bash_3.csv;0;6;1;82;0;0.0;0.5;true;42;2;LR2_2_10_t2_40R_40V_02I_06M;/dados/rmelo/PDPTW-SE/benchmark_multi_island_v5/official_experiments/multistartlp/preliminar/set_01_pt_01/configs/genconfig_mslp.conf;genconfig_mslp;/dados/rmelo/PDPTW-SE/benchmark_multi_island_v5/official_experiments/multistartlp/preliminar/set_01_pt_01/logs/heur_mslp/gurobi/40R_40V_02I_06M/LR2_2_10_grb_genconfig_mslp_seed_24_alpha_15p.log;random;40R_40V_02I_06M;1;0;1;/dados/rmelo/PDPTW-SE/benchmark_multi_island_v5/official_experiments/multistartlp/preliminar/set_01_pt_01/../../../../instances/orig_ams_fg/40R_40V_02I_06M/t2/LR2_2_10/;60000;5677;0;9498.99;81;41;H;50;95;0;100.0;30.0;true;0.95;100.0;1.0;1.0;1.0;1.0;60;M;60000;60000;false;80;0.91;269.32;1.0;40;10;1000000;-1;3600;6.32;0.65;0.93;mslp;heur;0.46;0.84;-1;3600;60000;I;40;0.67;0.1;LR2_2_10;0;/dados/rmelo/PDPTW-SE/benchmark_multi_island_v5/official_experiments/multistartlp/preliminar/set_01_pt_01/logs;0;0;0;0.0;100.0;1;24;/dados/rmelo/PDPTW-SE/benchmark_multi_island_v5/official_experiments/multistartlp/preliminar/set_01_pt_01/logs/heur_mslp/solutions/40R_40V_02I_06M/LR2_2_10_sol_genconfig_mslp_seed_24_alpha_15p.txt;Gurobi;AUTOMATIC;1.75944984709e9;_bash_3;_seed_24_alpha_15p;3794.29;1;136.44;/dados/rmelo/PDPTW-SE/benchmark_multi_island_v5/official_experiments/multistartlp/preliminar/set_01_pt_01/logs/heur_mslp/timelines/40R_40V_02I_06M/LR2_2_10_timeline_genconfig_mslp_seed_24_alpha_15p.txt;1444.83;t2;0;6557.72;false
0.15;0.01;0.03;0.04;0.0;0.01;7;/dados/rmelo/PDPTW-SE/benchmark_multi_island_v5/official_experiments/multistartlp/preliminar/set_01_pt_01/logs/heur_mslp/outputs/csvresults_heur_mslp_bash_3.csv;0;6;1;82;0;0.0;0.5;true;42;2;LR1_2_8_t1_40R_40V_02I_06M;/dados/rmelo/PDPTW-SE/benchmark_multi_island_v5/official_experiments/multistartlp/preliminar/set_01_pt_01/configs/genconfig_mslp.conf;genconfig_mslp;/dados/rmelo/PDPTW-SE/benchmark_multi_island_v5/official_experiments/multistartlp/preliminar/set_01_pt_01/logs/heur_mslp/gurobi/40R_40V_02I_06M/LR1_2_8_grb_genconfig_mslp_seed_24_alpha_15p.log;random;40R_40V_02I_06M;1;55542;1;/dados/rmelo/PDPTW-SE/benchmark_multi_island_v5/official_experiments/multistartlp/preliminar/set_01_pt_01/../../../../instances/orig_ams_fg/40R_40V_02I_06M/t1/LR1_2_8/;60000;41271;0;5352.58;81;41;H;50;95;0;100.0;30.0;true;0.95;100.0;1.0;1.0;1.0;1.0;60;M;4458;4458;false;86;1.0;260.25;0.95;43;10;1000000;-1;3600;1.89;0.83;0.67;mslp;heur;0.65;0.24;-1;3600;60000;I;40;0.83;0.18;LR1_2_8;0;/dados/rmelo/PDPTW-SE/benchmark_multi_island_v5/official_experiments/multistartlp/preliminar/set_01_pt_01/logs;0;0;0;92.57;100.0;1;24;/dados/rmelo/PDPTW-SE/benchmark_multi_island_v5/official_experiments/multistartlp/preliminar/set_01_pt_01/logs/heur_mslp/solutions/40R_40V_02I_06M/LR1_2_8_sol_genconfig_mslp_seed_24_alpha_15p.txt;Gurobi;AUTOMATIC;1.75945131271e9;_bash_3;_seed_24_alpha_15p;84.15;1;282.5;/dados/rmelo/PDPTW-SE/benchmark_multi_island_v5/official_experiments/multistartlp/preliminar/set_01_pt_01/logs/heur_mslp/timelines/40R_40V_02I_06M/LR1_2_8_timeline_genconfig_mslp_seed_24_alpha_15p.txt;410.5;t1;0;3978.25;false
0.15;0.01;0.02;0.03;0.0;0.13;6;/dados/rmelo/PDPTW-SE/benchmark_multi_island_v5/official_experiments/multistartlp/preliminar/set_01_pt_01/logs/heur_mslp/outputs/csvresults_heur_mslp_bash_3.csv;0;6;1;82;0;0.0;0.5;true;42;2;LR2_2_10_t2_40R_40V_02I_06M;/dados/rmelo/PDPTW-SE/benchmark_multi_island_v5/official_experiments/multistartlp/preliminar/set_01_pt_01/configs/genconfig_mslp.conf;genconfig_mslp;/dados/rmelo/PDPTW-SE/benchmark_multi_island_v5/official_experiments/multistartlp/preliminar/set_01_pt_01/logs/heur_mslp/gurobi/40R_40V_02I_06M/LR2_2_10_grb_genconfig_mslp_seed_24_alpha_15p.log;random;40R_40V_02I_06M;1;0;1;/dados/rmelo/PDPTW-SE/benchmark_multi_island_v5/official_experiments/multistartlp/preliminar/set_01_pt_01/../../../../instances/orig_ams_fg/40R_40V_02I_06M/t2/LR2_2_10/;60000;5677;0;9498.99;81;41;H;50;95;0;100.0;30.0;true;0.95;100.0;1.0;1.0;1.0;1.0;60;M;60000;60000;false;80;0.91;269.32;1.0;40;10;1000000;-1;3600;6.32;0.65;0.93;mslp;heur;0.46;0.84;-1;3600;60000;I;40;0.67;0.1;LR2_2_10;0;/dados/rmelo/PDPTW-SE/benchmark_multi_island_v5/official_experiments/multistartlp/preliminar/set_01_pt_01/logs;0;0;0;0.0;100.0;1;24;/dados/rmelo/PDPTW-SE/benchmark_multi_island_v5/official_experiments/multistartlp/preliminar/set_01_pt_01/logs/heur_mslp/solutions/40R_40V_02I_06M/LR2_2_10_sol_genconfig_mslp_seed_24_alpha_15p.txt;Gurobi;AUTOMATIC;1.75945174392e9;_bash_3;_seed_24_alpha_15p;3794.29;1;135.9;/dados/rmelo/PDPTW-SE/benchmark_multi_island_v5/official_experiments/multistartlp/preliminar/set_01_pt_01/logs/heur_mslp/timelines/40R_40V_02I_06M/LR2_2_10_timeline_genconfig_mslp_seed_24_alpha_15p.txt;1431.74;t2;0;6557.72;false
0.15;0.05;0.11;0.16;0.0;0.03;9;/dados/rmelo/PDPTW-SE/benchmark_multi_island_v5/official_experiments/multistartlp/preliminar/set_01_pt_01/logs/heur_mslp/outputs/csvresults_heur_mslp_bash_3.csv;0;6;1;82;0;0.0;0.5;true;42;2;LR1_2_10_t1_40R_40V_04I_06M;/dados/rmelo/PDPTW-SE/benchmark_multi_island_v5/official_experiments/multistartlp/preliminar/set_01_pt_01/configs/genconfig_mslp.conf;genconfig_mslp;/dados/rmelo/PDPTW-SE/benchmark_multi_island_v5/official_experiments/multistartlp/preliminar/set_01_pt_01/logs/heur_mslp/gurobi/40R_40V_04I_06M/LR1_2_10_grb_genconfig_mslp_seed_24_alpha_15p.log;random;40R_40V_04I_06M;1;15038;1;/dados/rmelo/PDPTW-SE/benchmark_multi_island_v5/official_experiments/multistartlp/preliminar/set_01_pt_01/../../../../instances/orig_ams_fg/40R_40V_04I_06M/t1/LR1_2_10/;60000;44779;0;5983.31;81;41;H;50;95;0;100.0;30.0;true;0.95;100.0;1.0;1.0;1.0;1.0;60;M;44962;44962;false;72;0.95;175.77;0.98;36;10;1000000;-1;3600;6.33;0.65;0.75;mslp;heur;0.23;0.32;-1;3600;60000;I;40;1.0;0.25;LR1_2_10;0;/dados/rmelo/PDPTW-SE/benchmark_multi_island_v5/official_experiments/multistartlp/preliminar/set_01_pt_01/logs;0;0;0;25.06;100.0;1;24;/dados/rmelo/PDPTW-SE/benchmark_multi_island_v5/official_experiments/multistartlp/preliminar/set_01_pt_01/logs/heur_mslp/solutions/40R_40V_04I_06M/LR1_2_10_sol_genconfig_mslp_seed_24_alpha_15p.txt;Gurobi;AUTOMATIC;1.75945319641e9;_bash_3;_seed_24_alpha_15p;2845.01;1;721.95;/dados/rmelo/PDPTW-SE/benchmark_multi_island_v5/official_experiments/multistartlp/preliminar/set_01_pt_01/logs/heur_mslp/timelines/40R_40V_04I_06M/LR1_2_10_timeline_genconfig_mslp_seed_24_alpha_15p.txt;967.49;t1;0;4110.74;false
0.15;0.04;0.07;0.11;0.02;0.0;4;/dados/rmelo/PDPTW-SE/benchmark_multi_island_v5/official_experiments/multistartlp/preliminar/set_01_pt_01/logs/heur_mslp/outputs/csvresults_heur_mslp_bash_3.csv;0;6;1;82;0;0.0;0.5;true;42;2;LR2_2_7_t2_40R_40V_04I_06M;/dados/rmelo/PDPTW-SE/benchmark_multi_island_v5/official_experiments/multistartlp/preliminar/set_01_pt_01/configs/genconfig_mslp.conf;genconfig_mslp;/dados/rmelo/PDPTW-SE/benchmark_multi_island_v5/official_experiments/multistartlp/preliminar/set_01_pt_01/logs/heur_mslp/gurobi/40R_40V_04I_06M/LR2_2_7_grb_genconfig_mslp_seed_24_alpha_15p.log;random;40R_40V_04I_06M;1;0;1;/dados/rmelo/PDPTW-SE/benchmark_multi_island_v5/official_experiments/multistartlp/preliminar/set_01_pt_01/../../../../instances/orig_ams_fg/40R_40V_04I_06M/t2/LR2_2_7/;55621;13785;0;7371.17;81;41;H;50;95;0;100.0;30.0;true;0.95;100.0;1.0;1.0;1.0;1.0;60;M;55616;55621;false;78;0.84;185.38;1.0;39;10;1000000;-1;3600;2.62;0.74;0.93;mslp;heur;0.6;0.87;-1;3600;60000;I;40;1.0;0.08;LR2_2_7;0;/dados/rmelo/PDPTW-SE/benchmark_multi_island_v5/official_experiments/multistartlp/preliminar/set_01_pt_01/logs;0;0;0;0.0;99.99;1;24;/dados/rmelo/PDPTW-SE/benchmark_multi_island_v5/official_experiments/multistartlp/preliminar/set_01_pt_01/logs/heur_mslp/solutions/40R_40V_04I_06M/LR2_2_7_sol_genconfig_mslp_seed_24_alpha_15p.txt;Gurobi;AUTOMATIC;1.75945418455e9;_bash_3;_seed_24_alpha_15p;1457.24;1;892.85;/dados/rmelo/PDPTW-SE/benchmark_multi_island_v5/official_experiments/multistartlp/preliminar/set_01_pt_01/logs/heur_mslp/timelines/40R_40V_04I_06M/LR2_2_7_timeline_genconfig_mslp_seed_24_alpha_15p.txt;3600.03;t2;0;5593.53;false
0.15;0.02;0.11;0.14;0.0;0.01;14;/dados/rmelo/PDPTW-SE/benchmark_multi_island_v5/official_experiments/multistartlp/preliminar/set_01_pt_01/logs/heur_mslp/outputs/csvresults_heur_mslp_bash_3.csv;0;6;1;82;0;0.0;0.5;true;42;2;LR1_2_8_t1_40R_40V_04I_06M;/dados/rmelo/PDPTW-SE/benchmark_multi_island_v5/official_experiments/multistartlp/preliminar/set_01_pt_01/configs/genconfig_mslp.conf;genconfig_mslp;/dados/rmelo/PDPTW-SE/benchmark_multi_island_v5/official_experiments/multistartlp/preliminar/set_01_pt_01/logs/heur_mslp/gurobi/40R_40V_04I_06M/LR1_2_8_grb_genconfig_mslp_seed_24_alpha_15p.log;random;40R_40V_04I_06M;1;16457;1;/dados/rmelo/PDPTW-SE/benchmark_multi_island_v5/official_experiments/multistartlp/preliminar/set_01_pt_01/../../../../instances/orig_ams_fg/40R_40V_04I_06M/t1/LR1_2_8/;60000;12223;0;5200.74;81;41;H;50;95;0;100.0;30.0;true;0.95;100.0;1.0;1.0;1.0;1.0;60;M;43537;43543;false;86;0.99;175.25;0.95;43;10;1000000;-1;3600;2.6;0.76;0.61;mslp;heur;0.23;0.12;-1;3600;60000;I;40;0.83;0.18;LR1_2_8;0;/dados/rmelo/PDPTW-SE/benchmark_multi_island_v5/official_experiments/multistartlp/preliminar/set_01_pt_01/logs;0;0;0;27.43;99.99;1;24;/dados/rmelo/PDPTW-SE/benchmark_multi_island_v5/official_experiments/multistartlp/preliminar/set_01_pt_01/logs/heur_mslp/solutions/40R_40V_04I_06M/LR1_2_8_sol_genconfig_mslp_seed_24_alpha_15p.txt;Gurobi;AUTOMATIC;1.7594578051e9;_bash_3;_seed_24_alpha_15p;1130.77;1;362.07;/dados/rmelo/PDPTW-SE/benchmark_multi_island_v5/official_experiments/multistartlp/preliminar/set_01_pt_01/logs/heur_mslp/timelines/40R_40V_04I_06M/LR1_2_8_timeline_genconfig_mslp_seed_24_alpha_15p.txt;1778.51;t1;0;3364.68;false
0.15;0.03;0.06;0.09;0.0;0.04;10;/dados/rmelo/PDPTW-SE/benchmark_multi_island_v5/official_experiments/multistartlp/preliminar/set_01_pt_01/logs/heur_mslp/outputs/csvresults_heur_mslp_bash_3.csv;0;6;1;82;0;0.0;0.5;true;42;2;LR2_2_6_t2_40R_40V_04I_06M;/dados/rmelo/PDPTW-SE/benchmark_multi_island_v5/official_experiments/multistartlp/preliminar/set_01_pt_01/configs/genconfig_mslp.conf;genconfig_mslp;/dados/rmelo/PDPTW-SE/benchmark_multi_island_v5/official_experiments/multistartlp/preliminar/set_01_pt_01/logs/heur_mslp/gurobi/40R_40V_04I_06M/LR2_2_6_grb_genconfig_mslp_seed_24_alpha_15p.log;random;40R_40V_04I_06M;1;0;1;/dados/rmelo/PDPTW-SE/benchmark_multi_island_v5/official_experiments/multistartlp/preliminar/set_01_pt_01/../../../../instances/orig_ams_fg/40R_40V_04I_06M/t2/LR2_2_6/;60000;32553;0;8304.34;81;41;H;50;95;0;100.0;30.0;true;0.95;100.0;1.0;1.0;1.0;1.0;60;M;60000;60000;false;80;0.84;181.23;1.0;40;10;1000000;-1;3600;4.48;0.82;0.95;mslp;heur;0.79;0.9;-1;3600;60000;I;40;1.0;0.08;LR2_2_6;0;/dados/rmelo/PDPTW-SE/benchmark_multi_island_v5/official_experiments/multistartlp/preliminar/set_01_pt_01/logs;0;0;0;0.0;100.0;1;24;/dados/rmelo/PDPTW-SE/benchmark_multi_island_v5/official_experiments/multistartlp/preliminar/set_01_pt_01/logs/heur_mslp/solutions/40R_40V_04I_06M/LR2_2_6_sol_genconfig_mslp_seed_24_alpha_15p.txt;Gurobi;AUTOMATIC;1.75945960451e9;_bash_3;_seed_24_alpha_15p;2686.27;1;1644.45;/dados/rmelo/PDPTW-SE/benchmark_multi_island_v5/official_experiments/multistartlp/preliminar/set_01_pt_01/logs/heur_mslp/timelines/40R_40V_04I_06M/LR2_2_6_timeline_genconfig_mslp_seed_24_alpha_15p.txt;3023.83;t2;0;6236.84;false
0.15;0.04;0.08;0.12;0.0;0.05;1;/dados/rmelo/PDPTW-SE/benchmark_multi_island_v5/official_experiments/multistartlp/preliminar/set_01_pt_01/logs/heur_mslp/outputs/csvresults_heur_mslp_bash_3.csv;0;6;1;122;0;0.0;0.5;true;62;2;LR1_2_6_t1_60R_60V_02I_06M;/dados/rmelo/PDPTW-SE/benchmark_multi_island_v5/official_experiments/multistartlp/preliminar/set_01_pt_01/configs/genconfig_mslp.conf;genconfig_mslp;/dados/rmelo/PDPTW-SE/benchmark_multi_island_v5/official_experiments/multistartlp/preliminar/set_01_pt_01/logs/heur_mslp/gurobi/60R_60V_02I_06M/LR1_2_6_grb_genconfig_mslp_seed_24_alpha_15p.log;random;60R_60V_02I_06M;1;59999;1;/dados/rmelo/PDPTW-SE/benchmark_multi_island_v5/official_experiments/multistartlp/preliminar/set_01_pt_01/../../../../instances/orig_ams_fg/60R_60V_02I_06M/t1/LR1_2_6/;60000;1;0;10597.13;121;61;H;50;95;0;100.0;30.0;true;0.95;100.0;1.0;1.0;1.0;1.0;60;M;1;1;false;82;0.96;277.16;1.0;41;10;1000000;-1;3600;2.74;0.68;0.54;mslp;heur;0.44;0.11;-1;3600;60000;I;60;1.0;0.35;LR1_2_6;0;/dados/rmelo/PDPTW-SE/benchmark_multi_island_v5/official_experiments/multistartlp/preliminar/set_01_pt_01/logs;0;0;0;100.0;100.0;1;24;/dados/rmelo/PDPTW-SE/benchmark_multi_island_v5/official_experiments/multistartlp/preliminar/set_01_pt_01/logs/heur_mslp/solutions/60R_60V_02I_06M/LR1_2_6_sol_genconfig_mslp_seed_24_alpha_15p.txt;Gurobi;AUTOMATIC;1.75946264888e9;_bash_3;_seed_24_alpha_15p;0.03;1;0.06;/dados/rmelo/PDPTW-SE/benchmark_multi_island_v5/official_experiments/multistartlp/preliminar/set_01_pt_01/logs/heur_mslp/timelines/60R_60V_02I_06M/LR1_2_6_timeline_genconfig_mslp_seed_24_alpha_15p.txt;219.1;t1;0;10306.72;false
0.15;0.0;0.01;0.02;0.0;0.0;4;/dados/rmelo/PDPTW-SE/benchmark_multi_island_v5/official_experiments/multistartlp/preliminar/set_01_pt_01/logs/heur_mslp/outputs/csvresults_heur_mslp_bash_3.csv;0;6;1;122;0;0.0;0.5;true;62;2;LR2_2_8_t2_60R_60V_02I_06M;/dados/rmelo/PDPTW-SE/benchmark_multi_island_v5/official_experiments/multistartlp/preliminar/set_01_pt_01/configs/genconfig_mslp.conf;genconfig_mslp;/dados/rmelo/PDPTW-SE/benchmark_multi_island_v5/official_experiments/multistartlp/preliminar/set_01_pt_01/logs/heur_mslp/gurobi/60R_60V_02I_06M/LR2_2_8_grb_genconfig_mslp_seed_24_alpha_15p.log;random;60R_60V_02I_06M;1;0;1;/dados/rmelo/PDPTW-SE/benchmark_multi_island_v5/official_experiments/multistartlp/preliminar/set_01_pt_01/../../../../instances/orig_ams_fg/60R_60V_02I_06M/t2/LR2_2_8/;34014;29322;0;9156.32;121;61;H;50;95;0;100.0;30.0;true;0.95;100.0;1.0;1.0;1.0;1.0;60;M;33868;34014;false;80;0.99;227.5;1.0;40;10;1000000;-1;3600;1.55;0.68;0.83;mslp;heur;0.15;0.32;-1;3600;60000;I;60;0.5;0.07;LR2_2_8;0;/dados/rmelo/PDPTW-SE/benchmark_multi_island_v5/official_experiments/multistartlp/preliminar/set_01_pt_01/logs;0;0;0;0.0;99.57;1;24;/dados/rmelo/PDPTW-SE/benchmark_multi_island_v5/official_experiments/multistartlp/preliminar/set_01_pt_01/logs/heur_mslp/solutions/60R_60V_02I_06M/LR2_2_8_sol_genconfig_mslp_seed_24_alpha_15p.txt;Gurobi;AUTOMATIC;1.75946288892e9;_bash_3;_seed_24_alpha_15p;528.46;1;3105.44;/dados/rmelo/PDPTW-SE/benchmark_multi_island_v5/official_experiments/multistartlp/preliminar/set_01_pt_01/logs/heur_mslp/timelines/60R_60V_02I_06M/LR2_2_8_timeline_genconfig_mslp_seed_24_alpha_15p.txt;3600.02;t2;0;6852.26;false
0.15;0.01;0.04;0.05;0.0;0.04;11;/dados/rmelo/PDPTW-SE/benchmark_multi_island_v5/official_experiments/multistartlp/preliminar/set_01_pt_01/logs/heur_mslp/outputs/csvresults_heur_mslp_bash_3.csv;0;6;1;122;0;0.0;0.5;true;62;2;LR1_2_9_t1_60R_60V_02I_06M;/dados/rmelo/PDPTW-SE/benchmark_multi_island_v5/official_experiments/multistartlp/preliminar/set_01_pt_01/configs/genconfig_mslp.conf;genconfig_mslp;/dados/rmelo/PDPTW-SE/benchmark_multi_island_v5/official_experiments/multistartlp/preliminar/set_01_pt_01/logs/heur_mslp/gurobi/60R_60V_02I_06M/LR1_2_9_grb_genconfig_mslp_seed_24_alpha_15p.log;random;60R_60V_02I_06M;1;23355;1;/dados/rmelo/PDPTW-SE/benchmark_multi_island_v5/official_experiments/multistartlp/preliminar/set_01_pt_01/../../../../instances/orig_ams_fg/60R_60V_02I_06M/t1/LR1_2_9/;60000;46816;0;8655.45;121;61;H;50;95;0;100.0;30.0;true;0.95;100.0;1.0;1.0;1.0;1.0;60;M;36645;36645;false;86;0.94;182.58;1.0;43;10;1000000;-1;3600;6.29;0.75;0.79;mslp;heur;0.55;0.21;-1;3600;60000;I;60;1.0;0.23;LR1_2_9;0;/dados/rmelo/PDPTW-SE/benchmark_multi_island_v5/official_experiments/multistartlp/preliminar/set_01_pt_01/logs;0;0;0;38.92;100.0;1;24;/dados/rmelo/PDPTW-SE/benchmark_multi_island_v5/official_experiments/multistartlp/preliminar/set_01_pt_01/logs/heur_mslp/solutions/60R_60V_02I_06M/LR1_2_9_sol_genconfig_mslp_seed_24_alpha_15p.txt;Gurobi;AUTOMATIC;1.75946650991e9;_bash_3;_seed_24_alpha_15p;2304.67;1;992.09;/dados/rmelo/PDPTW-SE/benchmark_multi_island_v5/official_experiments/multistartlp/preliminar/set_01_pt_01/logs/heur_mslp/timelines/60R_60V_02I_06M/LR1_2_9_timeline_genconfig_mslp_seed_24_alpha_15p.txt;1268.14;t1;0;6632.35;false
0.15;0.01;0.02;0.03;0.01;0.08;4;/dados/rmelo/PDPTW-SE/benchmark_multi_island_v5/official_experiments/multistartlp/preliminar/set_01_pt_01/logs/heur_mslp/outputs/csvresults_heur_mslp_bash_3.csv;0;6;1;122;0;0.0;0.5;true;62;2;LR2_2_10_t2_60R_60V_02I_06M;/dados/rmelo/PDPTW-SE/benchmark_multi_island_v5/official_experiments/multistartlp/preliminar/set_01_pt_01/configs/genconfig_mslp.conf;genconfig_mslp;/dados/rmelo/PDPTW-SE/benchmark_multi_island_v5/official_experiments/multistartlp/preliminar/set_01_pt_01/logs/heur_mslp/gurobi/60R_60V_02I_06M/LR2_2_10_grb_genconfig_mslp_seed_24_alpha_15p.log;random;60R_60V_02I_06M;1;0;1;/dados/rmelo/PDPTW-SE/benchmark_multi_island_v5/official_experiments/multistartlp/preliminar/set_01_pt_01/../../../../instances/orig_ams_fg/60R_60V_02I_06M/t2/LR2_2_10/;60000;31260;0;15770.6;121;61;H;50;95;0;100.0;30.0;true;0.95;100.0;1.0;1.0;1.0;1.0;60;M;60000;60000;false;80;0.89;300.67;0.99;40;10;1000000;-1;3600;7.08;0.69;0.87;mslp;heur;0.17;0.45;-1;3600;60000;I;60;0.83;0.1;LR2_2_10;0;/dados/rmelo/PDPTW-SE/benchmark_multi_island_v5/official_experiments/multistartlp/preliminar/set_01_pt_01/logs;0;0;0;0.0;100.0;1;24;/dados/rmelo/PDPTW-SE/benchmark_multi_island_v5/official_experiments/multistartlp/preliminar/set_01_pt_01/logs/heur_mslp/solutions/60R_60V_02I_06M/LR2_2_10_sol_genconfig_mslp_seed_24_alpha_15p.txt;Gurobi;AUTOMATIC;1.75946779947e9;_bash_3;_seed_24_alpha_15p;4250.24;1;1548.49;/dados/rmelo/PDPTW-SE/benchmark_multi_island_v5/official_experiments/multistartlp/preliminar/set_01_pt_01/logs/heur_mslp/timelines/60R_60V_02I_06M/LR2_2_10_timeline_genconfig_mslp_seed_24_alpha_15p.txt;2959.03;t2;0;10553.99;false
0.15;0.11;0.16;0.27;0.02;0.15;1;/dados/rmelo/PDPTW-SE/benchmark_multi_island_v5/official_experiments/multistartlp/preliminar/set_01_pt_01/logs/heur_mslp/outputs/csvresults_heur_mslp_bash_3.csv;0;6;1;122;0;0.0;0.5;true;62;2;LR1_2_6_t1_60R_60V_04I_06M;/dados/rmelo/PDPTW-SE/benchmark_multi_island_v5/official_experiments/multistartlp/preliminar/set_01_pt_01/configs/genconfig_mslp.conf;genconfig_mslp;/dados/rmelo/PDPTW-SE/benchmark_multi_island_v5/official_experiments/multistartlp/preliminar/set_01_pt_01/logs/heur_mslp/gurobi/60R_60V_04I_06M/LR1_2_6_grb_genconfig_mslp_seed_24_alpha_15p.log;random;60R_60V_04I_06M;1;59999;1;/dados/rmelo/PDPTW-SE/benchmark_multi_island_v5/official_experiments/multistartlp/preliminar/set_01_pt_01/../../../../instances/orig_ams_fg/60R_60V_04I_06M/t1/LR1_2_6/;60000;26125;0;9161.27;121;61;H;50;95;0;100.0;30.0;true;0.95;100.0;1.0;1.0;1.0;1.0;60;M;1;1;false;82;0.95;184.15;1.0;41;10;1000000;-1;3600;6.29;0.53;0.53;mslp;heur;0.23;0.11;-1;3600;60000;I;60;1.0;0.33;LR1_2_6;0;/dados/rmelo/PDPTW-SE/benchmark_multi_island_v5/official_experiments/multistartlp/preliminar/set_01_pt_01/logs;0;0;0;100.0;100.0;1;24;/dados/rmelo/PDPTW-SE/benchmark_multi_island_v5/official_experiments/multistartlp/preliminar/set_01_pt_01/logs/heur_mslp/solutions/60R_60V_04I_06M/LR1_2_6_sol_genconfig_mslp_seed_24_alpha_15p.txt;Gurobi;AUTOMATIC;1.75947077945e9;_bash_3;_seed_24_alpha_15p;0.06;1;229.44;/dados/rmelo/PDPTW-SE/benchmark_multi_island_v5/official_experiments/multistartlp/preliminar/set_01_pt_01/logs/heur_mslp/timelines/60R_60V_04I_06M/LR1_2_6_timeline_genconfig_mslp_seed_24_alpha_15p.txt;526.11;t1;0;8585.11;false
0.15;0.02;0.04;0.06;0.0;0.0;3;/dados/rmelo/PDPTW-SE/benchmark_multi_island_v5/official_experiments/multistartlp/preliminar/set_01_pt_01/logs/heur_mslp/outputs/csvresults_heur_mslp_bash_3.csv;0;6;1;122;0;0.0;0.5;true;62;2;LR2_2_8_t2_60R_60V_04I_06M;/dados/rmelo/PDPTW-SE/benchmark_multi_island_v5/official_experiments/multistartlp/preliminar/set_01_pt_01/configs/genconfig_mslp.conf;genconfig_mslp;/dados/rmelo/PDPTW-SE/benchmark_multi_island_v5/official_experiments/multistartlp/preliminar/set_01_pt_01/logs/heur_mslp/gurobi/60R_60V_04I_06M/LR2_2_8_grb_genconfig_mslp_seed_24_alpha_15p.log;random;60R_60V_04I_06M;1;0;1;/dados/rmelo/PDPTW-SE/benchmark_multi_island_v5/official_experiments/multistartlp/preliminar/set_01_pt_01/../../../../instances/orig_ams_fg/60R_60V_04I_06M/t2/LR2_2_8/;18447;8200;0;9541.47;121;61;H;50;95;0;100.0;30.0;true;0.95;100.0;1.0;1.0;1.0;1.0;60;M;18355;18447;false;80;0.99;181.1;1.0;40;10;1000000;-1;3600;1.15;0.58;0.86;mslp;heur;0.11;0.43;-1;3600;60000;I;60;1.0;0.08;LR2_2_8;0;/dados/rmelo/PDPTW-SE/benchmark_multi_island_v5/official_experiments/multistartlp/preliminar/set_01_pt_01/logs;0;0;0;0.0;99.5;1;24;/dados/rmelo/PDPTW-SE/benchmark_multi_island_v5/official_experiments/multistartlp/preliminar/set_01_pt_01/logs/heur_mslp/solutions/60R_60V_04I_06M/LR2_2_8_sol_genconfig_mslp_seed_24_alpha_15p.txt;Gurobi;AUTOMATIC;1.75947132642e9;_bash_3;_seed_24_alpha_15p;211.92;1;1604.66;/dados/rmelo/PDPTW-SE/benchmark_multi_island_v5/official_experiments/multistartlp/preliminar/set_01_pt_01/logs/heur_mslp/timelines/60R_60V_04I_06M/LR2_2_8_timeline_genconfig_mslp_seed_24_alpha_15p.txt;3600.16;t2;0;7370.73;false
0.15;0.1;0.14;0.24;0.0;0.08;7;/dados/rmelo/PDPTW-SE/benchmark_multi_island_v5/official_experiments/multistartlp/preliminar/set_01_pt_01/logs/heur_mslp/outputs/csvresults_heur_mslp_bash_3.csv;0;6;1;122;0;0.0;0.5;true;62;2;LR1_2_9_t1_60R_60V_04I_06M;/dados/rmelo/PDPTW-SE/benchmark_multi_island_v5/official_experiments/multistartlp/preliminar/set_01_pt_01/configs/genconfig_mslp.conf;genconfig_mslp;/dados/rmelo/PDPTW-SE/benchmark_multi_island_v5/official_experiments/multistartlp/preliminar/set_01_pt_01/logs/heur_mslp/gurobi/60R_60V_04I_06M/LR1_2_9_grb_genconfig_mslp_seed_24_alpha_15p.log;random;60R_60V_04I_06M;1;59471;1;/dados/rmelo/PDPTW-SE/benchmark_multi_island_v5/official_experiments/multistartlp/preliminar/set_01_pt_01/../../../../instances/orig_ams_fg/60R_60V_04I_06M/t1/LR1_2_9/;60000;26984;0;8305.29;121;61;H;50;95;0;100.0;30.0;true;0.95;100.0;1.0;1.0;1.0;1.0;60;M;529;529;false;86;0.94;181.44;1.0;43;10;1000000;-1;3600;6.98;0.77;0.74;mslp;heur;0.52;0.27;-1;3600;60000;I;60;1.0;0.23;LR1_2_9;0;/dados/rmelo/PDPTW-SE/benchmark_multi_island_v5/official_experiments/multistartlp/preliminar/set_01_pt_01/logs;0;0;0;99.12;100.0;1;24;/dados/rmelo/PDPTW-SE/benchmark_multi_island_v5/official_experiments/multistartlp/preliminar/set_01_pt_01/logs/heur_mslp/solutions/60R_60V_04I_06M/LR1_2_9_sol_genconfig_mslp_seed_24_alpha_15p.txt;Gurobi;AUTOMATIC;1.75947494768e9;_bash_3;_seed_24_alpha_15p;36.92;1;305.0;/dados/rmelo/PDPTW-SE/benchmark_multi_island_v5/official_experiments/multistartlp/preliminar/set_01_pt_01/logs/heur_mslp/timelines/60R_60V_04I_06M/LR1_2_9_timeline_genconfig_mslp_seed_24_alpha_15p.txt;679.74;t1;0;6860.72;false
0.15;0.02;0.04;0.06;0.0;0.0;3;/dados/rmelo/PDPTW-SE/benchmark_multi_island_v5/official_experiments/multistartlp/preliminar/set_01_pt_01/logs/heur_mslp/outputs/csvresults_heur_mslp_bash_3.csv;0;6;1;122;0;0.0;0.5;true;62;2;LR2_2_8_t2_60R_60V_04I_06M;/dados/rmelo/PDPTW-SE/benchmark_multi_island_v5/official_experiments/multistartlp/preliminar/set_01_pt_01/configs/genconfig_mslp.conf;genconfig_mslp;/dados/rmelo/PDPTW-SE/benchmark_multi_island_v5/official_experiments/multistartlp/preliminar/set_01_pt_01/logs/heur_mslp/gurobi/60R_60V_04I_06M/LR2_2_8_grb_genconfig_mslp_seed_24_alpha_15p.log;random;60R_60V_04I_06M;1;0;1;/dados/rmelo/PDPTW-SE/benchmark_multi_island_v5/official_experiments/multistartlp/preliminar/set_01_pt_01/../../../../instances/orig_ams_fg/60R_60V_04I_06M/t2/LR2_2_8/;18341;8200;0;9537.1;121;61;H;50;95;0;100.0;30.0;true;0.95;100.0;1.0;1.0;1.0;1.0;60;M;18250;18341;false;80;0.99;181.1;1.0;40;10;1000000;-1;3600;1.15;0.58;0.86;mslp;heur;0.11;0.43;-1;3600;60000;I;60;1.0;0.08;LR2_2_8;0;/dados/rmelo/PDPTW-SE/benchmark_multi_island_v5/official_experiments/multistartlp/preliminar/set_01_pt_01/logs;0;0;0;0.0;99.5;1;24;/dados/rmelo/PDPTW-SE/benchmark_multi_island_v5/official_experiments/multistartlp/preliminar/set_01_pt_01/logs/heur_mslp/solutions/60R_60V_04I_06M/LR2_2_8_sol_genconfig_mslp_seed_24_alpha_15p.txt;Gurobi;AUTOMATIC;1.75947564878e9;_bash_3;_seed_24_alpha_15p;210.8;1;1610.44;/dados/rmelo/PDPTW-SE/benchmark_multi_island_v5/official_experiments/multistartlp/preliminar/set_01_pt_01/logs/heur_mslp/timelines/60R_60V_04I_06M/LR2_2_8_timeline_genconfig_mslp_seed_24_alpha_15p.txt;3600.02;t2;0;7370.73;false
0.15;0.0;0.12;0.12;0.0;0.0;10;/dados/rmelo/PDPTW-SE/benchmark_multi_island_v5/official_experiments/multistartlp/preliminar/set_01_pt_01/logs/heur_mslp/outputs/csvresults_heur_mslp_bash_3.csv;0;4;1;18;0;0.0;0.5;true;10;2;lr109_t1_08R_08V_02I_04M;/dados/rmelo/PDPTW-SE/benchmark_multi_island_v5/official_experiments/multistartlp/preliminar/set_01_pt_01/configs/genconfig_mslp.conf;genconfig_mslp;/dados/rmelo/PDPTW-SE/benchmark_multi_island_v5/official_experiments/multistartlp/preliminar/set_01_pt_01/logs/heur_mslp/gurobi/08R_08V_02I_04M/lr109_grb_genconfig_mslp_seed_31_alpha_15p.log;random;08R_08V_02I_04M;1;0;1;/dados/rmelo/PDPTW-SE/benchmark_multi_island_v5/official_experiments/multistartlp/preliminar/set_01_pt_01/../../../../instances/orig_ams_fg/08R_08V_02I_04M/t1/lr109/;60000;89;0;588.89;17;9;H;50;95;0;100.0;30.0;true;0.95;100.0;1.0;1.0;1.0;1.0;60;M;60000;60000;false;52;0.91;78.96;0.6;26;10;1000000;-1;3600;9.45;0.77;0.46;mslp;heur;0.59;0.28;-1;3600;60000;I;8;0.5;0.38;lr109;0;/dados/rmelo/PDPTW-SE/benchmark_multi_island_v5/official_experiments/multistartlp/preliminar/set_01_pt_01/logs;0;0;0;0.0;100.0;1;31;/dados/rmelo/PDPTW-SE/benchmark_multi_island_v5/official_experiments/multistartlp/preliminar/set_01_pt_01/logs/heur_mslp/solutions/08R_08V_02I_04M/lr109_sol_genconfig_mslp_seed_31_alpha_15p.txt;Gurobi;AUTOMATIC;1.75947927004e9;_bash_3;_seed_31_alpha_15p;5667.65;1;0.53;/dados/rmelo/PDPTW-SE/benchmark_multi_island_v5/official_experiments/multistartlp/preliminar/set_01_pt_01/logs/heur_mslp/timelines/08R_08V_02I_04M/lr109_timeline_genconfig_mslp_seed_31_alpha_15p.txt;126.64;t1;0;533.17;false
0.15;0.01;0.02;0.03;0.0;0.0;7;/dados/rmelo/PDPTW-SE/benchmark_multi_island_v5/official_experiments/multistartlp/preliminar/set_01_pt_01/logs/heur_mslp/outputs/csvresults_heur_mslp_bash_3.csv;0;4;1;18;0;0.0;0.5;true;10;2;lr209_t2_08R_08V_02I_04M;/dados/rmelo/PDPTW-SE/benchmark_multi_island_v5/official_experiments/multistartlp/preliminar/set_01_pt_01/configs/genconfig_mslp.conf;genconfig_mslp;/dados/rmelo/PDPTW-SE/benchmark_multi_island_v5/official_experiments/multistartlp/preliminar/set_01_pt_01/logs/heur_mslp/gurobi/08R_08V_02I_04M/lr209_grb_genconfig_mslp_seed_31_alpha_15p.log;random;08R_08V_02I_04M;1;0;1;/dados/rmelo/PDPTW-SE/benchmark_multi_island_v5/official_experiments/multistartlp/preliminar/set_01_pt_01/../../../../instances/orig_ams_fg/08R_08V_02I_04M/t2/lr209/;60000;13376;0;818.99;17;9;H;50;95;0;100.0;30.0;true;0.95;100.0;1.0;1.0;1.0;1.0;60;M;58960;60000;false;46;0.57;77.81;0.82;23;10;1000000;-1;3600;20.67;0.57;0.82;mslp;heur;0.57;0.82;-1;3600;60000;I;8;0.75;0.12;lr209;0;/dados/rmelo/PDPTW-SE/benchmark_multi_island_v5/official_experiments/multistartlp/preliminar/set_01_pt_01/logs;0;0;0;0.0;98.27;1;31;/dados/rmelo/PDPTW-SE/benchmark_multi_island_v5/official_experiments/multistartlp/preliminar/set_01_pt_01/logs/heur_mslp/solutions/08R_08V_02I_04M/lr209_sol_genconfig_mslp_seed_31_alpha_15p.txt;Gurobi;AUTOMATIC;1.75947941736e9;_bash_3;_seed_31_alpha_15p;12399.59;1;32.21;/dados/rmelo/PDPTW-SE/benchmark_multi_island_v5/official_experiments/multistartlp/preliminar/set_01_pt_01/logs/heur_mslp/timelines/08R_08V_02I_04M/lr209_timeline_genconfig_mslp_seed_31_alpha_15p.txt;145.58;t2;0;570.16;false
0.15;0.0;0.24;0.24;0.0;0.01;5;/dados/rmelo/PDPTW-SE/benchmark_multi_island_v5/official_experiments/multistartlp/preliminar/set_01_pt_01/logs/heur_mslp/outputs/csvresults_heur_mslp_bash_3.csv;0;4;1;18;0;0.0;0.5;true;10;2;lr106_t1_08R_08V_02I_04M;/dados/rmelo/PDPTW-SE/benchmark_multi_island_v5/official_experiments/multistartlp/preliminar/set_01_pt_01/configs/genconfig_mslp.conf;genconfig_mslp;/dados/rmelo/PDPTW-SE/benchmark_multi_island_v5/official_experiments/multistartlp/preliminar/set_01_pt_01/logs/heur_mslp/gurobi/08R_08V_02I_04M/lr106_grb_genconfig_mslp_seed_31_alpha_15p.log;random;08R_08V_02I_04M;1;0;1;/dados/rmelo/PDPTW-SE/benchmark_multi_island_v5/official_experiments/multistartlp/preliminar/set_01_pt_01/../../../../instances/orig_ams_fg/08R_08V_02I_04M/t1/lr106/;60000;38;0;741.01;17;9;H;50;95;0;100.0;30.0;true;0.95;100.0;1.0;1.0;1.0;1.0;60;M;60000;60000;false;52;0.83;104.47;0.85;26;10;1000000;-1;3600;18.77;0.62;0.52;mslp;heur;0.45;0.26;-1;3600;60000;I;8;0.25;0.5;lr106;0;/dados/rmelo/PDPTW-SE/benchmark_multi_island_v5/official_experiments/multistartlp/preliminar/set_01_pt_01/logs;0;0;0;0.0;100.0;1;31;/dados/rmelo/PDPTW-SE/benchmark_multi_island_v5/official_experiments/multistartlp/preliminar/set_01_pt_01/logs/heur_mslp/solutions/08R_08V_02I_04M/lr106_sol_genconfig_mslp_seed_31_alpha_15p.txt;Gurobi;AUTOMATIC;1.75947958419e9;_bash_3;_seed_31_alpha_15p;11264.84;1;0.36;/dados/rmelo/PDPTW-SE/benchmark_multi_island_v5/official_experiments/multistartlp/preliminar/set_01_pt_01/logs/heur_mslp/timelines/08R_08V_02I_04M/lr106_timeline_genconfig_mslp_seed_31_alpha_15p.txt;120.85;t1;0;602.78;false
0.15;0.01;0.01;0.02;0.0;0.0;4;/dados/rmelo/PDPTW-SE/benchmark_multi_island_v5/official_experiments/multistartlp/preliminar/set_01_pt_01/logs/heur_mslp/outputs/csvresults_heur_mslp_bash_3.csv;0;4;1;18;0;0.0;0.5;true;10;2;lr208_t2_08R_08V_02I_04M;/dados/rmelo/PDPTW-SE/benchmark_multi_island_v5/official_experiments/multistartlp/preliminar/set_01_pt_01/configs/genconfig_mslp.conf;genconfig_mslp;/dados/rmelo/PDPTW-SE/benchmark_multi_island_v5/official_experiments/multistartlp/preliminar/set_01_pt_01/logs/heur_mslp/gurobi/08R_08V_02I_04M/lr208_grb_genconfig_mslp_seed_31_alpha_15p.log;random;08R_08V_02I_04M;1;0;1;/dados/rmelo/PDPTW-SE/benchmark_multi_island_v5/official_experiments/multistartlp/preliminar/set_01_pt_01/../../../../instances/orig_ams_fg/08R_08V_02I_04M/t2/lr208/;60000;594;0;737.24;17;9;H;50;95;0;100.0;30.0;true;0.95;100.0;1.0;1.0;1.0;1.0;60;M;46416;60000;false;38;0.55;75.47;0.97;19;10;1000000;-1;3600;4.79;0.55;0.97;mslp;heur;0.55;0.97;-1;3600;60000;I;8;0.75;0.12;lr208;0;/dados/rmelo/PDPTW-SE/benchmark_multi_island_v5/official_experiments/multistartlp/preliminar/set_01_pt_01/logs;0;0;0;0.0;77.36;1;31;/dados/rmelo/PDPTW-SE/benchmark_multi_island_v5/official_experiments/multistartlp/preliminar/set_01_pt_01/logs/heur_mslp/solutions/08R_08V_02I_04M/lr208_sol_genconfig_mslp_seed_31_alpha_15p.txt;Gurobi;AUTOMATIC;1.75947972598e9;_bash_3;_seed_31_alpha_15p;2876.18;1;1.95;/dados/rmelo/PDPTW-SE/benchmark_multi_island_v5/official_experiments/multistartlp/preliminar/set_01_pt_01/logs/heur_mslp/timelines/08R_08V_02I_04M/lr208_timeline_genconfig_mslp_seed_31_alpha_15p.txt;168.7;t2;0;552.29;false
0.15;0.03;0.21;0.25;0.0;0.0;6;/dados/rmelo/PDPTW-SE/benchmark_multi_island_v5/official_experiments/multistartlp/preliminar/set_01_pt_01/logs/heur_mslp/outputs/csvresults_heur_mslp_bash_3.csv;0;4;1;18;0;0.0;0.5;true;10;2;lr110_t1_08R_08V_04I_04M;/dados/rmelo/PDPTW-SE/benchmark_multi_island_v5/official_experiments/multistartlp/preliminar/set_01_pt_01/configs/genconfig_mslp.conf;genconfig_mslp;/dados/rmelo/PDPTW-SE/benchmark_multi_island_v5/official_experiments/multistartlp/preliminar/set_01_pt_01/logs/heur_mslp/gurobi/08R_08V_04I_04M/lr110_grb_genconfig_mslp_seed_31_alpha_15p.log;random;08R_08V_04I_04M;1;3885;1;/dados/rmelo/PDPTW-SE/benchmark_multi_island_v5/official_experiments/multistartlp/preliminar/set_01_pt_01/../../../../instances/orig_ams_fg/08R_08V_04I_04M/t1/lr110/;60000;6979;0;851.77;17;9;H;50;95;0;100.0;30.0;true;0.95;100.0;1.0;1.0;1.0;1.0;60;M;56115;56115;false;52;0.89;73.36;0.69;26;10;1000000;-1;3600;8.28;0.58;0.46;mslp;heur;0.35;0.15;-1;3600;60000;I;8;1.0;0.62;lr110;0;/dados/rmelo/PDPTW-SE/benchmark_multi_island_v5/official_experiments/multistartlp/preliminar/set_01_pt_01/logs;0;0;0;6.48;100.0;1;31;/dados/rmelo/PDPTW-SE/benchmark_multi_island_v5/official_experiments/multistartlp/preliminar/set_01_pt_01/logs/heur_mslp/solutions/08R_08V_04I_04M/lr110_sol_genconfig_mslp_seed_31_alpha_15p.txt;Gurobi;AUTOMATIC;1.75947991545e9;_bash_3;_seed_31_alpha_15p;4646.94;1;16.51;/dados/rmelo/PDPTW-SE/benchmark_multi_island_v5/official_experiments/multistartlp/preliminar/set_01_pt_01/logs/heur_mslp/timelines/08R_08V_04I_04M/lr110_timeline_genconfig_mslp_seed_31_alpha_15p.txt;140.37;t1;0;672.57;false
0.15;0.04;0.06;0.09;0.0;0.0;15;/dados/rmelo/PDPTW-SE/benchmark_multi_island_v5/official_experiments/multistartlp/preliminar/set_01_pt_01/logs/heur_mslp/outputs/csvresults_heur_mslp_bash_3.csv;0;4;1;18;0;0.0;0.5;true;10;2;lr209_t2_08R_08V_04I_04M;/dados/rmelo/PDPTW-SE/benchmark_multi_island_v5/official_experiments/multistartlp/preliminar/set_01_pt_01/configs/genconfig_mslp.conf;genconfig_mslp;/dados/rmelo/PDPTW-SE/benchmark_multi_island_v5/official_experiments/multistartlp/preliminar/set_01_pt_01/logs/heur_mslp/gurobi/08R_08V_04I_04M/lr209_grb_genconfig_mslp_seed_31_alpha_15p.log;random;08R_08V_04I_04M;1;0;1;/dados/rmelo/PDPTW-SE/benchmark_multi_island_v5/official_experiments/multistartlp/preliminar/set_01_pt_01/../../../../instances/orig_ams_fg/08R_08V_04I_04M/t2/lr209/;60000;23903;0;1103.21;17;9;H;50;95;0;100.0;30.0;true;0.95;100.0;1.0;1.0;1.0;1.0;60;M;59298;60000;false;46;0.62;78.66;0.67;23;10;1000000;-1;3600;22.89;0.62;0.67;mslp;heur;0.62;0.67;-1;3600;60000;I;8;0.75;0.12;lr209;0;/dados/rmelo/PDPTW-SE/benchmark_multi_island_v5/official_experiments/multistartlp/preliminar/set_01_pt_01/logs;0;0;0;0.0;98.83;1;31;/dados/rmelo/PDPTW-SE/benchmark_multi_island_v5/official_experiments/multistartlp/preliminar/set_01_pt_01/logs/heur_mslp/solutions/08R_08V_04I_04M/lr209_sol_genconfig_mslp_seed_31_alpha_15p.txt;Gurobi;AUTOMATIC;1.7594800768e9;_bash_3;_seed_31_alpha_15p;13736.43;1;76.92;/dados/rmelo/PDPTW-SE/benchmark_multi_island_v5/official_experiments/multistartlp/preliminar/set_01_pt_01/logs/heur_mslp/timelines/08R_08V_04I_04M/lr209_timeline_genconfig_mslp_seed_31_alpha_15p.txt;193.88;t2;0;618.4;false
0.15;0.08;0.17;0.25;0.0;0.0;6;/dados/rmelo/PDPTW-SE/benchmark_multi_island_v5/official_experiments/multistartlp/preliminar/set_01_pt_01/logs/heur_mslp/outputs/csvresults_heur_mslp_bash_3.csv;0;4;1;18;0;0.0;0.5;true;10;2;lr109_t1_08R_08V_04I_04M;/dados/rmelo/PDPTW-SE/benchmark_multi_island_v5/official_experiments/multistartlp/preliminar/set_01_pt_01/configs/genconfig_mslp.conf;genconfig_mslp;/dados/rmelo/PDPTW-SE/benchmark_multi_island_v5/official_experiments/multistartlp/preliminar/set_01_pt_01/logs/heur_mslp/gurobi/08R_08V_04I_04M/lr109_grb_genconfig_mslp_seed_31_alpha_15p.log;random;08R_08V_04I_04M;1;0;1;/dados/rmelo/PDPTW-SE/benchmark_multi_island_v5/official_experiments/multistartlp/preliminar/set_01_pt_01/../../../../instances/orig_ams_fg/08R_08V_04I_04M/t1/lr109/;60000;34;0;685.24;17;9;H;50;95;0;100.0;30.0;true;0.95;100.0;1.0;1.0;1.0;1.0;60;M;60000;60000;false;52;0.9;65.14;0.6;26;10;1000000;-1;3600;12.51;0.6;0.41;mslp;heur;0.42;0.13;-1;3600;60000;I;8;0.75;0.5;lr109;0;/dados/rmelo/PDPTW-SE/benchmark_multi_island_v5/official_experiments/multistartlp/preliminar/set_01_pt_01/logs;0;0;0;0.0;100.0;1;31;/dados/rmelo/PDPTW-SE/benchmark_multi_island_v5/official_experiments/multistartlp/preliminar/set_01_pt_01/logs/heur_mslp/solutions/08R_08V_04I_04M/lr109_sol_genconfig_mslp_seed_31_alpha_15p.txt;Gurobi;AUTOMATIC;1.75948029183e9;_bash_3;_seed_31_alpha_15p;7505.35;1;0.35;/dados/rmelo/PDPTW-SE/benchmark_multi_island_v5/official_experiments/multistartlp/preliminar/set_01_pt_01/logs/heur_mslp/timelines/08R_08V_04I_04M/lr109_timeline_genconfig_mslp_seed_31_alpha_15p.txt;138.59;t1;0;555.44;false
0.15;0.02;0.04;0.06;0.0;0.0;9;/dados/rmelo/PDPTW-SE/benchmark_multi_island_v5/official_experiments/multistartlp/preliminar/set_01_pt_01/logs/heur_mslp/outputs/csvresults_heur_mslp_bash_3.csv;0;4;1;18;0;0.0;0.5;true;10;2;lr208_t2_08R_08V_04I_04M;/dados/rmelo/PDPTW-SE/benchmark_multi_island_v5/official_experiments/multistartlp/preliminar/set_01_pt_01/configs/genconfig_mslp.conf;genconfig_mslp;/dados/rmelo/PDPTW-SE/benchmark_multi_island_v5/official_experiments/multistartlp/preliminar/set_01_pt_01/logs/heur_mslp/gurobi/08R_08V_04I_04M/lr208_grb_genconfig_mslp_seed_31_alpha_15p.log;random;08R_08V_04I_04M;1;0;1;/dados/rmelo/PDPTW-SE/benchmark_multi_island_v5/official_experiments/multistartlp/preliminar/set_01_pt_01/../../../../instances/orig_ams_fg/08R_08V_04I_04M/t2/lr208/;60000;26584;0;1170.99;17;9;H;50;95;0;100.0;30.0;true;0.95;100.0;1.0;1.0;1.0;1.0;60;M;32974;60000;false;38;0.62;77.91;0.97;19;10;1000000;-1;3600;3.66;0.62;0.97;mslp;heur;0.62;0.97;-1;3600;60000;I;8;1.0;0.12;lr208;0;/dados/rmelo/PDPTW-SE/benchmark_multi_island_v5/official_experiments/multistartlp/preliminar/set_01_pt_01/logs;0;0;0;0.0;54.96;1;31;/dados/rmelo/PDPTW-SE/benchmark_multi_island_v5/official_experiments/multistartlp/preliminar/set_01_pt_01/logs/heur_mslp/solutions/08R_08V_04I_04M/lr208_sol_genconfig_mslp_seed_31_alpha_15p.txt;Gurobi;AUTOMATIC;1.75948045081e9;_bash_3;_seed_31_alpha_15p;2196.22;1;106.47;/dados/rmelo/PDPTW-SE/benchmark_multi_island_v5/official_experiments/multistartlp/preliminar/set_01_pt_01/logs/heur_mslp/timelines/08R_08V_04I_04M/lr208_timeline_genconfig_mslp_seed_31_alpha_15p.txt;239.76;t2;0;623.07;false
0.15;0.0;0.07;0.07;0.0;0.0;10;/dados/rmelo/PDPTW-SE/benchmark_multi_island_v5/official_experiments/multistartlp/preliminar/set_01_pt_01/logs/heur_mslp/outputs/csvresults_heur_mslp_bash_3.csv;0;4;1;26;0;0.0;0.5;true;14;2;lr109_t1_12R_12V_02I_04M;/dados/rmelo/PDPTW-SE/benchmark_multi_island_v5/official_experiments/multistartlp/preliminar/set_01_pt_01/configs/genconfig_mslp.conf;genconfig_mslp;/dados/rmelo/PDPTW-SE/benchmark_multi_island_v5/official_experiments/multistartlp/preliminar/set_01_pt_01/logs/heur_mslp/gurobi/12R_12V_02I_04M/lr109_grb_genconfig_mslp_seed_31_alpha_15p.log;random;12R_12V_02I_04M;1;0;1;/dados/rmelo/PDPTW-SE/benchmark_multi_island_v5/official_experiments/multistartlp/preliminar/set_01_pt_01/../../../../instances/orig_ams_fg/12R_12V_02I_04M/t1/lr109/;60000;2579;0;949.08;25;13;H;50;95;0;100.0;30.0;true;0.95;100.0;1.0;1.0;1.0;1.0;60;M;60000;60000;false;58;0.83;96.56;0.98;29;10;1000000;-1;3600;8.82;0.79;0.69;mslp;heur;0.73;0.32;-1;3600;60000;I;12;0.5;0.33;lr109;0;/dados/rmelo/PDPTW-SE/benchmark_multi_island_v5/official_experiments/multistartlp/preliminar/set_01_pt_01/logs;0;0;0;0.0;100.0;1;31;/dados/rmelo/PDPTW-SE/benchmark_multi_island_v5/official_experiments/multistartlp/preliminar/set_01_pt_01/logs/heur_mslp/solutions/12R_12V_02I_04M/lr109_sol_genconfig_mslp_seed_31_alpha_15p.txt;Gurobi;AUTOMATIC;1.7594807117e9;_bash_3;_seed_31_alpha_15p;5290.15;1;7.28;/dados/rmelo/PDPTW-SE/benchmark_multi_island_v5/official_experiments/multistartlp/preliminar/set_01_pt_01/logs/heur_mslp/timelines/12R_12V_02I_04M/lr109_timeline_genconfig_mslp_seed_31_alpha_15p.txt;157.72;t1;0;722.63;false
0.15;0.01;0.01;0.02;0.0;0.0;7;/dados/rmelo/PDPTW-SE/benchmark_multi_island_v5/official_experiments/multistartlp/preliminar/set_01_pt_01/logs/heur_mslp/outputs/csvresults_heur_mslp_bash_3.csv;0;4;1;26;0;0.0;0.5;true;14;2;lr208_t2_12R_12V_02I_04M;/dados/rmelo/PDPTW-SE/benchmark_multi_island_v5/official_experiments/multistartlp/preliminar/set_01_pt_01/configs/genconfig_mslp.conf;genconfig_mslp;/dados/rmelo/PDPTW-SE/benchmark_multi_island_v5/official_experiments/multistartlp/preliminar/set_01_pt_01/logs/heur_mslp/gurobi/12R_12V_02I_04M/lr208_grb_genconfig_mslp_seed_31_alpha_15p.log;random;12R_12V_02I_04M;1;0;1;/dados/rmelo/PDPTW-SE/benchmark_multi_island_v5/official_experiments/multistartlp/preliminar/set_01_pt_01/../../../../instances/orig_ams_fg/12R_12V_02I_04M/t2/lr208/;60000;6919;0;1052.37;25;13;H;50;95;0;100.0;30.0;true;0.95;100.0;1.0;1.0;1.0;1.0;60;M;51488;60000;false;58;0.79;113.97;1.0;29;10;1000000;-1;3600;6.22;0.79;1.0;mslp;heur;0.79;1.0;-1;3600;60000;I;12;0.75;0.08;lr208;0;/dados/rmelo/PDPTW-SE/benchmark_multi_island_v5/official_experiments/multistartlp/preliminar/set_01_pt_01/logs;0;0;0;0.0;85.81;1;31;/dados/rmelo/PDPTW-SE/benchmark_multi_island_v5/official_experiments/multistartlp/preliminar/set_01_pt_01/logs/heur_mslp/solutions/12R_12V_02I_04M/lr208_sol_genconfig_mslp_seed_31_alpha_15p.txt;Gurobi;AUTOMATIC;1.75948089085e9;_bash_3;_seed_31_alpha_15p;3732.16;1;34.15;/dados/rmelo/PDPTW-SE/benchmark_multi_island_v5/official_experiments/multistartlp/preliminar/set_01_pt_01/logs/heur_mslp/timelines/12R_12V_02I_04M/lr208_timeline_genconfig_mslp_seed_31_alpha_15p.txt;292.23;t2;0;790.37;false
0.15;0.02;0.08;0.1;0.0;0.0;9;/dados/rmelo/PDPTW-SE/benchmark_multi_island_v5/official_experiments/multistartlp/preliminar/set_01_pt_01/logs/heur_mslp/outputs/csvresults_heur_mslp_bash_3.csv;0;4;1;26;0;0.0;0.5;true;14;2;lr110_t1_12R_12V_02I_04M;/dados/rmelo/PDPTW-SE/benchmark_multi_island_v5/official_experiments/multistartlp/preliminar/set_01_pt_01/configs/genconfig_mslp.conf;genconfig_mslp;/dados/rmelo/PDPTW-SE/benchmark_multi_island_v5/official_experiments/multistartlp/preliminar/set_01_pt_01/logs/heur_mslp/gurobi/12R_12V_02I_04M/lr110_grb_genconfig_mslp_seed_31_alpha_15p.log;random;12R_12V_02I_04M;1;1616;1;/dados/rmelo/PDPTW-SE/benchmark_multi_island_v5/official_experiments/multistartlp/preliminar/set_01_pt_01/../../../../instances/orig_ams_fg/12R_12V_02I_04M/t1/lr110/;60000;15646;0;1150.71;25;13;H;50;95;0;100.0;30.0;true;0.95;100.0;1.0;1.0;1.0;1.0;60;M;58384;58384;false;52;0.99;121.03;0.67;26;10;1000000;-1;3600;4.66;0.7;0.51;mslp;heur;0.52;0.19;-1;3600;60000;I;12;1.0;0.5;lr110;0;/dados/rmelo/PDPTW-SE/benchmark_multi_island_v5/official_experiments/multistartlp/preliminar/set_01_pt_01/logs;0;0;0;2.69;100.0;1;31;/dados/rmelo/PDPTW-SE/benchmark_multi_island_v5/official_experiments/multistartlp/preliminar/set_01_pt_01/logs/heur_mslp/solutions/12R_12V_02I_04M/lr110_sol_genconfig_mslp_seed_31_alpha_15p.txt;Gurobi;AUTOMATIC;1.75948120372e9;_bash_3;_seed_31_alpha_15p;2717.95;1;43.07;/dados/rmelo/PDPTW-SE/benchmark_multi_island_v5/official_experiments/multistartlp/preliminar/set_01_pt_01/logs/heur_mslp/timelines/12R_12V_02I_04M/lr110_timeline_genconfig_mslp_seed_31_alpha_15p.txt;168.24;t1;0;971.55;false
0.15;0.0;0.03;0.03;0.0;0.0;15;/dados/rmelo/PDPTW-SE/benchmark_multi_island_v5/official_experiments/multistartlp/preliminar/set_01_pt_01/logs/heur_mslp/outputs/csvresults_heur_mslp_bash_3.csv;0;4;1;26;0;0.0;0.5;true;14;2;lr207_t2_12R_12V_02I_04M;/dados/rmelo/PDPTW-SE/benchmark_multi_island_v5/official_experiments/multistartlp/preliminar/set_01_pt_01/configs/genconfig_mslp.conf;genconfig_mslp;/dados/rmelo/PDPTW-SE/benchmark_multi_island_v5/official_experiments/multistartlp/preliminar/set_01_pt_01/logs/heur_mslp/gurobi/12R_12V_02I_04M/lr207_grb_genconfig_mslp_seed_31_alpha_15p.log;random;12R_12V_02I_04M;1;0;1;/dados/rmelo/PDPTW-SE/benchmark_multi_island_v5/official_experiments/multistartlp/preliminar/set_01_pt_01/../../../../instances/orig_ams_fg/12R_12V_02I_04M/t2/lr207/;60000;41667;0;1738.58;25;13;H;50;95;0;100.0;30.0;true;0.95;100.0;1.0;1.0;1.0;1.0;60;M;59870;60000;false;40;0.87;107.37;1.0;20;10;1000000;-1;3600;14.26;0.87;1.0;mslp;heur;0.87;1.0;-1;3600;60000;I;12;0.25;0.08;lr207;0;/dados/rmelo/PDPTW-SE/benchmark_multi_island_v5/official_experiments/multistartlp/preliminar/set_01_pt_01/logs;0;0;0;0.0;99.78;1;31;/dados/rmelo/PDPTW-SE/benchmark_multi_island_v5/official_experiments/multistartlp/preliminar/set_01_pt_01/logs/heur_mslp/solutions/12R_12V_02I_04M/lr207_sol_genconfig_mslp_seed_31_alpha_15p.txt;Gurobi;AUTOMATIC;1.75948139304e9;_bash_3;_seed_31_alpha_15p;8557.13;1;184.88;/dados/rmelo/PDPTW-SE/benchmark_multi_island_v5/official_experiments/multistartlp/preliminar/set_01_pt_01/logs/heur_mslp/timelines/12R_12V_02I_04M/lr207_timeline_genconfig_mslp_seed_31_alpha_15p.txt;265.49;t2;0;873.57;false
0.15;0.09;0.2;0.29;0.0;0.0;3;/dados/rmelo/PDPTW-SE/benchmark_multi_island_v5/official_experiments/multistartlp/preliminar/set_01_pt_01/logs/heur_mslp/outputs/csvresults_heur_mslp_bash_3.csv;0;4;1;26;0;0.0;0.5;true;14;2;lr110_t1_12R_12V_04I_04M;/dados/rmelo/PDPTW-SE/benchmark_multi_island_v5/official_experiments/multistartlp/preliminar/set_01_pt_01/configs/genconfig_mslp.conf;genconfig_mslp;/dados/rmelo/PDPTW-SE/benchmark_multi_island_v5/official_experiments/multistartlp/preliminar/set_01_pt_01/logs/heur_mslp/gurobi/12R_12V_04I_04M/lr110_grb_genconfig_mslp_seed_31_alpha_15p.log;random;12R_12V_04I_04M;1;838;1;/dados/rmelo/PDPTW-SE/benchmark_multi_island_v5/official_experiments/multistartlp/preliminar/set_01_pt_01/../../../../instances/orig_ams_fg/12R_12V_04I_04M/t1/lr110/;60000;27343;0;1061.86;25;13;H;50;95;0;100.0;30.0;true;0.95;100.0;1.0;1.0;1.0;1.0;60;M;59162;59162;false;52;0.72;72.82;0.76;26;10;1000000;-1;3600;12.8;0.57;0.4;mslp;heur;0.37;0.15;-1;3600;60000;I;12;1.0;0.5;lr110;0;/dados/rmelo/PDPTW-SE/benchmark_multi_island_v5/official_experiments/multistartlp/preliminar/set_01_pt_01/logs;0;0;0;1.4;100.0;1;31;/dados/rmelo/PDPTW-SE/benchmark_multi_island_v5/official_experiments/multistartlp/preliminar/set_01_pt_01/logs/heur_mslp/solutions/12R_12V_04I_04M/lr110_sol_genconfig_mslp_seed_31_alpha_15p.txt;Gurobi;AUTOMATIC;1.75948167951e9;_bash_3;_seed_31_alpha_15p;7575.62;1;83.64;/dados/rmelo/PDPTW-SE/benchmark_multi_island_v5/official_experiments/multistartlp/preliminar/set_01_pt_01/logs/heur_mslp/timelines/12R_12V_04I_04M/lr110_timeline_genconfig_mslp_seed_31_alpha_15p.txt;182.49;t1;0;787.65;false
0.15;0.02;0.05;0.06;0.0;0.0;9;/dados/rmelo/PDPTW-SE/benchmark_multi_island_v5/official_experiments/multistartlp/preliminar/set_01_pt_01/logs/heur_mslp/outputs/csvresults_heur_mslp_bash_3.csv;0;4;1;26;0;0.0;0.5;true;14;2;lr207_t2_12R_12V_04I_04M;/dados/rmelo/PDPTW-SE/benchmark_multi_island_v5/official_experiments/multistartlp/preliminar/set_01_pt_01/configs/genconfig_mslp.conf;genconfig_mslp;/dados/rmelo/PDPTW-SE/benchmark_multi_island_v5/official_experiments/multistartlp/preliminar/set_01_pt_01/logs/heur_mslp/gurobi/12R_12V_04I_04M/lr207_grb_genconfig_mslp_seed_31_alpha_15p.log;random;12R_12V_04I_04M;1;0;1;/dados/rmelo/PDPTW-SE/benchmark_multi_island_v5/official_experiments/multistartlp/preliminar/set_01_pt_01/../../../../instances/orig_ams_fg/12R_12V_04I_04M/t2/lr207/;60000;54533;0;1649.56;25;13;H;50;95;0;100.0;30.0;true;0.95;100.0;1.0;1.0;1.0;1.0;60;M;59971;60000;false;40;0.89;86.12;0.97;20;10;1000000;-1;3600;15.65;0.89;0.97;mslp;heur;0.89;0.97;-1;3600;60000;I;12;1.0;0.08;lr207;0;/dados/rmelo/PDPTW-SE/benchmark_multi_island_v5/official_experiments/multistartlp/preliminar/set_01_pt_01/logs;0;0;0;0.0;99.95;1;31;/dados/rmelo/PDPTW-SE/benchmark_multi_island_v5/official_experiments/multistartlp/preliminar/set_01_pt_01/logs/heur_mslp/solutions/12R_12V_04I_04M/lr207_sol_genconfig_mslp_seed_31_alpha_15p.txt;Gurobi;AUTOMATIC;1.75948188287e9;_bash_3;_seed_31_alpha_15p;9391.72;1;309.57;/dados/rmelo/PDPTW-SE/benchmark_multi_island_v5/official_experiments/multistartlp/preliminar/set_01_pt_01/logs/heur_mslp/timelines/12R_12V_04I_04M/lr207_timeline_genconfig_mslp_seed_31_alpha_15p.txt;340.41;t2;0;890.64;false
0.15;0.06;0.15;0.21;0.0;0.04;13;/dados/rmelo/PDPTW-SE/benchmark_multi_island_v5/official_experiments/multistartlp/preliminar/set_01_pt_01/logs/heur_mslp/outputs/csvresults_heur_mslp_bash_3.csv;0;4;1;26;0;0.0;0.5;true;14;2;lr108_t1_12R_12V_04I_04M;/dados/rmelo/PDPTW-SE/benchmark_multi_island_v5/official_experiments/multistartlp/preliminar/set_01_pt_01/configs/genconfig_mslp.conf;genconfig_mslp;/dados/rmelo/PDPTW-SE/benchmark_multi_island_v5/official_experiments/multistartlp/preliminar/set_01_pt_01/logs/heur_mslp/gurobi/12R_12V_04I_04M/lr108_grb_genconfig_mslp_seed_31_alpha_15p.log;random;12R_12V_04I_04M;1;453;1;/dados/rmelo/PDPTW-SE/benchmark_multi_island_v5/official_experiments/multistartlp/preliminar/set_01_pt_01/../../../../instances/orig_ams_fg/12R_12V_04I_04M/t1/lr108/;60000;25500;0;1105.09;25;13;H;50;95;0;100.0;30.0;true;0.95;100.0;1.0;1.0;1.0;1.0;60;M;59547;59547;false;58;0.99;75.48;0.94;29;10;1000000;-1;3600;5.88;0.91;0.66;mslp;heur;0.77;0.48;-1;3600;60000;I;12;1.0;0.33;lr108;0;/dados/rmelo/PDPTW-SE/benchmark_multi_island_v5/official_experiments/multistartlp/preliminar/set_01_pt_01/logs;0;0;0;0.76;100.0;1;31;/dados/rmelo/PDPTW-SE/benchmark_multi_island_v5/official_experiments/multistartlp/preliminar/set_01_pt_01/logs/heur_mslp/solutions/12R_12V_04I_04M/lr108_sol_genconfig_mslp_seed_31_alpha_15p.txt;Gurobi;AUTOMATIC;1.75948224433e9;_bash_3;_seed_31_alpha_15p;3498.83;1;86.96;/dados/rmelo/PDPTW-SE/benchmark_multi_island_v5/official_experiments/multistartlp/preliminar/set_01_pt_01/logs/heur_mslp/timelines/12R_12V_04I_04M/lr108_timeline_genconfig_mslp_seed_31_alpha_15p.txt;203.0;t1;0;833.35;false
0.15;0.02;0.05;0.06;0.0;0.0;9;/dados/rmelo/PDPTW-SE/benchmark_multi_island_v5/official_experiments/multistartlp/preliminar/set_01_pt_01/logs/heur_mslp/outputs/csvresults_heur_mslp_bash_3.csv;0;4;1;26;0;0.0;0.5;true;14;2;lr207_t2_12R_12V_04I_04M;/dados/rmelo/PDPTW-SE/benchmark_multi_island_v5/official_experiments/multistartlp/preliminar/set_01_pt_01/configs/genconfig_mslp.conf;genconfig_mslp;/dados/rmelo/PDPTW-SE/benchmark_multi_island_v5/official_experiments/multistartlp/preliminar/set_01_pt_01/logs/heur_mslp/gurobi/12R_12V_04I_04M/lr207_grb_genconfig_mslp_seed_31_alpha_15p.log;random;12R_12V_04I_04M;1;0;1;/dados/rmelo/PDPTW-SE/benchmark_multi_island_v5/official_experiments/multistartlp/preliminar/set_01_pt_01/../../../../instances/orig_ams_fg/12R_12V_04I_04M/t2/lr207/;60000;54533;0;1649.56;25;13;H;50;95;0;100.0;30.0;true;0.95;100.0;1.0;1.0;1.0;1.0;60;M;59971;60000;false;40;0.89;86.12;0.97;20;10;1000000;-1;3600;15.65;0.89;0.97;mslp;heur;0.89;0.97;-1;3600;60000;I;12;1.0;0.08;lr207;0;/dados/rmelo/PDPTW-SE/benchmark_multi_island_v5/official_experiments/multistartlp/preliminar/set_01_pt_01/logs;0;0;0;0.0;99.95;1;31;/dados/rmelo/PDPTW-SE/benchmark_multi_island_v5/official_experiments/multistartlp/preliminar/set_01_pt_01/logs/heur_mslp/solutions/12R_12V_04I_04M/lr207_sol_genconfig_mslp_seed_31_alpha_15p.txt;Gurobi;AUTOMATIC;1.75948246846e9;_bash_3;_seed_31_alpha_15p;9391.72;1;309.9;/dados/rmelo/PDPTW-SE/benchmark_multi_island_v5/official_experiments/multistartlp/preliminar/set_01_pt_01/logs/heur_mslp/timelines/12R_12V_04I_04M/lr207_timeline_genconfig_mslp_seed_31_alpha_15p.txt;340.81;t2;0;890.64;false
0.15;0.03;0.07;0.1;0.0;0.07;7;/dados/rmelo/PDPTW-SE/benchmark_multi_island_v5/official_experiments/multistartlp/preliminar/set_01_pt_01/logs/heur_mslp/outputs/csvresults_heur_mslp_bash_3.csv;0;6;1;82;0;0.0;0.5;true;42;2;LR1_2_6_t1_40R_40V_02I_06M;/dados/rmelo/PDPTW-SE/benchmark_multi_island_v5/official_experiments/multistartlp/preliminar/set_01_pt_01/configs/genconfig_mslp.conf;genconfig_mslp;/dados/rmelo/PDPTW-SE/benchmark_multi_island_v5/official_experiments/multistartlp/preliminar/set_01_pt_01/logs/heur_mslp/gurobi/40R_40V_02I_06M/LR1_2_6_grb_genconfig_mslp_seed_31_alpha_15p.log;random;40R_40V_02I_06M;1;58298;1;/dados/rmelo/PDPTW-SE/benchmark_multi_island_v5/official_experiments/multistartlp/preliminar/set_01_pt_01/../../../../instances/orig_ams_fg/40R_40V_02I_06M/t1/LR1_2_6/;60000;55612;0;6660.73;81;41;H;50;95;0;100.0;30.0;true;0.95;100.0;1.0;1.0;1.0;1.0;60;M;1702;1702;false;72;0.96;213.59;1.0;36;10;1000000;-1;3600;4.89;0.74;0.68;mslp;heur;0.45;0.15;-1;3600;60000;I;40;1.0;0.3;LR1_2_6;0;/dados/rmelo/PDPTW-SE/benchmark_multi_island_v5/official_experiments/multistartlp/preliminar/set_01_pt_01/logs;0;0;0;97.16;100.0;1;31;/dados/rmelo/PDPTW-SE/benchmark_multi_island_v5/official_experiments/multistartlp/preliminar/set_01_pt_01/logs/heur_mslp/solutions/40R_40V_02I_06M/LR1_2_6_sol_genconfig_mslp_seed_31_alpha_15p.txt;Gurobi;AUTOMATIC;1.75948282999e9;_bash_3;_seed_31_alpha_15p;83.23;1;234.38;/dados/rmelo/PDPTW-SE/benchmark_multi_island_v5/official_experiments/multistartlp/preliminar/set_01_pt_01/logs/heur_mslp/timelines/40R_40V_02I_06M/LR1_2_6_timeline_genconfig_mslp_seed_31_alpha_15p.txt;252.88;t1;0;5665.51;false
0.15;0.01;0.02;0.04;0.0;0.05;9;/dados/rmelo/PDPTW-SE/benchmark_multi_island_v5/official_experiments/multistartlp/preliminar/set_01_pt_01/logs/heur_mslp/outputs/csvresults_heur_mslp_bash_3.csv;0;6;1;82;0;0.0;0.5;true;42;2;LR2_2_10_t2_40R_40V_02I_06M;/dados/rmelo/PDPTW-SE/benchmark_multi_island_v5/official_experiments/multistartlp/preliminar/set_01_pt_01/configs/genconfig_mslp.conf;genconfig_mslp;/dados/rmelo/PDPTW-SE/benchmark_multi_island_v5/official_experiments/multistartlp/preliminar/set_01_pt_01/logs/heur_mslp/gurobi/40R_40V_02I_06M/LR2_2_10_grb_genconfig_mslp_seed_31_alpha_15p.log;random;40R_40V_02I_06M;1;0;1;/dados/rmelo/PDPTW-SE/benchmark_multi_island_v5/official_experiments/multistartlp/preliminar/set_01_pt_01/../../../../instances/orig_ams_fg/40R_40V_02I_06M/t2/LR2_2_10/;60000;46252;0;8909.37;81;41;H;50;95;0;100.0;30.0;true;0.95;100.0;1.0;1.0;1.0;1.0;60;M;60000;60000;false;80;0.96;269.32;1.0;40;10;1000000;-1;3600;6.32;0.51;0.84;mslp;heur;0.18;0.67;-1;3600;60000;I;40;0.83;0.12;LR2_2_10;0;/dados/rmelo/PDPTW-SE/benchmark_multi_island_v5/official_experiments/multistartlp/preliminar/set_01_pt_01/logs;0;0;0;0.0;100.0;1;31;/dados/rmelo/PDPTW-SE/benchmark_multi_island_v5/official_experiments/multistartlp/preliminar/set_01_pt_01/logs/heur_mslp/solutions/40R_40V_02I_06M/LR2_2_10_sol_genconfig_mslp_seed_31_alpha_15p.txt;Gurobi;AUTOMATIC;1.75948310356e9;_bash_3;_seed_31_alpha_15p;3793.23;1;1110.77;/dados/rmelo/PDPTW-SE/benchmark_multi_island_v5/official_experiments/multistartlp/preliminar/set_01_pt_01/logs/heur_mslp/timelines/40R_40V_02I_06M/LR2_2_10_timeline_genconfig_mslp_seed_31_alpha_15p.txt;1438.8;t2;0;6456.1;false
0.15;0.01;0.03;0.04;0.0;0.0;5;/dados/rmelo/PDPTW-SE/benchmark_multi_island_v5/official_experiments/multistartlp/preliminar/set_01_pt_01/logs/heur_mslp/outputs/csvresults_heur_mslp_bash_3.csv;0;6;1;82;0;0.0;0.5;true;42;2;LR1_2_8_t1_40R_40V_02I_06M;/dados/rmelo/PDPTW-SE/benchmark_multi_island_v5/official_experiments/multistartlp/preliminar/set_01_pt_01/configs/genconfig_mslp.conf;genconfig_mslp;/dados/rmelo/PDPTW-SE/benchmark_multi_island_v5/official_experiments/multistartlp/preliminar/set_01_pt_01/logs/heur_mslp/gurobi/40R_40V_02I_06M/LR1_2_8_grb_genconfig_mslp_seed_31_alpha_15p.log;random;40R_40V_02I_06M;1;55383;1;/dados/rmelo/PDPTW-SE/benchmark_multi_island_v5/official_experiments/multistartlp/preliminar/set_01_pt_01/../../../../instances/orig_ams_fg/40R_40V_02I_06M/t1/LR1_2_8/;60000;8932;0;5375.31;81;41;H;50;95;0;100.0;30.0;true;0.95;100.0;1.0;1.0;1.0;1.0;60;M;4616;4617;false;86;0.99;260.25;1.0;43;10;1000000;-1;3600;1.88;0.82;0.8;mslp;heur;0.61;0.47;-1;3600;60000;I;40;1.0;0.18;LR1_2_8;0;/dados/rmelo/PDPTW-SE/benchmark_multi_island_v5/official_experiments/multistartlp/preliminar/set_01_pt_01/logs;0;0;0;92.3;99.98;1;31;/dados/rmelo/PDPTW-SE/benchmark_multi_island_v5/official_experiments/multistartlp/preliminar/set_01_pt_01/logs/heur_mslp/solutions/40R_40V_02I_06M/LR1_2_8_sol_genconfig_mslp_seed_31_alpha_15p.txt;Gurobi;AUTOMATIC;1.75948456365e9;_bash_3;_seed_31_alpha_15p;86.87;1;62.75;/dados/rmelo/PDPTW-SE/benchmark_multi_island_v5/official_experiments/multistartlp/preliminar/set_01_pt_01/logs/heur_mslp/timelines/40R_40V_02I_06M/LR1_2_8_timeline_genconfig_mslp_seed_31_alpha_15p.txt;423.19;t1;0;3959.7;false
0.15;0.01;0.02;0.04;0.0;0.05;9;/dados/rmelo/PDPTW-SE/benchmark_multi_island_v5/official_experiments/multistartlp/preliminar/set_01_pt_01/logs/heur_mslp/outputs/csvresults_heur_mslp_bash_3.csv;0;6;1;82;0;0.0;0.5;true;42;2;LR2_2_10_t2_40R_40V_02I_06M;/dados/rmelo/PDPTW-SE/benchmark_multi_island_v5/official_experiments/multistartlp/preliminar/set_01_pt_01/configs/genconfig_mslp.conf;genconfig_mslp;/dados/rmelo/PDPTW-SE/benchmark_multi_island_v5/official_experiments/multistartlp/preliminar/set_01_pt_01/logs/heur_mslp/gurobi/40R_40V_02I_06M/LR2_2_10_grb_genconfig_mslp_seed_31_alpha_15p.log;random;40R_40V_02I_06M;1;0;1;/dados/rmelo/PDPTW-SE/benchmark_multi_island_v5/official_experiments/multistartlp/preliminar/set_01_pt_01/../../../../instances/orig_ams_fg/40R_40V_02I_06M/t2/LR2_2_10/;60000;46252;0;8909.37;81;41;H;50;95;0;100.0;30.0;true;0.95;100.0;1.0;1.0;1.0;1.0;60;M;60000;60000;false;80;0.96;269.32;1.0;40;10;1000000;-1;3600;6.32;0.51;0.84;mslp;heur;0.18;0.67;-1;3600;60000;I;40;0.83;0.12;LR2_2_10;0;/dados/rmelo/PDPTW-SE/benchmark_multi_island_v5/official_experiments/multistartlp/preliminar/set_01_pt_01/logs;0;0;0;0.0;100.0;1;31;/dados/rmelo/PDPTW-SE/benchmark_multi_island_v5/official_experiments/multistartlp/preliminar/set_01_pt_01/logs/heur_mslp/solutions/40R_40V_02I_06M/LR2_2_10_sol_genconfig_mslp_seed_31_alpha_15p.txt;Gurobi;AUTOMATIC;1.75948500799e9;_bash_3;_seed_31_alpha_15p;3793.23;1;1100.47;/dados/rmelo/PDPTW-SE/benchmark_multi_island_v5/official_experiments/multistartlp/preliminar/set_01_pt_01/logs/heur_mslp/timelines/40R_40V_02I_06M/LR2_2_10_timeline_genconfig_mslp_seed_31_alpha_15p.txt;1425.13;t2;0;6456.1;false
0.15;0.07;0.14;0.21;0.0;0.01;8;/dados/rmelo/PDPTW-SE/benchmark_multi_island_v5/official_experiments/multistartlp/preliminar/set_01_pt_01/logs/heur_mslp/outputs/csvresults_heur_mslp_bash_3.csv;0;6;1;82;0;0.0;0.5;true;42;2;LR1_2_10_t1_40R_40V_04I_06M;/dados/rmelo/PDPTW-SE/benchmark_multi_island_v5/official_experiments/multistartlp/preliminar/set_01_pt_01/configs/genconfig_mslp.conf;genconfig_mslp;/dados/rmelo/PDPTW-SE/benchmark_multi_island_v5/official_experiments/multistartlp/preliminar/set_01_pt_01/logs/heur_mslp/gurobi/40R_40V_04I_06M/LR1_2_10_grb_genconfig_mslp_seed_31_alpha_15p.log;random;40R_40V_04I_06M;1;14970;1;/dados/rmelo/PDPTW-SE/benchmark_multi_island_v5/official_experiments/multistartlp/preliminar/set_01_pt_01/../../../../instances/orig_ams_fg/40R_40V_04I_06M/t1/LR1_2_10/;60000;4225;0;5841.5;81;41;H;50;95;0;100.0;30.0;true;0.95;100.0;1.0;1.0;1.0;1.0;60;M;45030;45030;false;72;0.97;175.77;0.96;36;10;1000000;-1;3600;6.32;0.56;0.66;mslp;heur;0.17;0.08;-1;3600;60000;I;40;1.0;0.3;LR1_2_10;0;/dados/rmelo/PDPTW-SE/benchmark_multi_island_v5/official_experiments/multistartlp/preliminar/set_01_pt_01/logs;0;0;0;24.95;100.0;1;31;/dados/rmelo/PDPTW-SE/benchmark_multi_island_v5/official_experiments/multistartlp/preliminar/set_01_pt_01/logs/heur_mslp/solutions/40R_40V_04I_06M/LR1_2_10_sol_genconfig_mslp_seed_31_alpha_15p.txt;Gurobi;AUTOMATIC;1.7594864541e9;_bash_3;_seed_31_alpha_15p;2847.76;1;69.18;/dados/rmelo/PDPTW-SE/benchmark_multi_island_v5/official_experiments/multistartlp/preliminar/set_01_pt_01/logs/heur_mslp/timelines/40R_40V_04I_06M/LR1_2_10_timeline_genconfig_mslp_seed_31_alpha_15p.txt;980.86;t1;0;4246.03;false
0.15;0.03;0.07;0.1;0.0;0.01;4;/dados/rmelo/PDPTW-SE/benchmark_multi_island_v5/official_experiments/multistartlp/preliminar/set_01_pt_01/logs/heur_mslp/outputs/csvresults_heur_mslp_bash_3.csv;0;6;1;82;0;0.0;0.5;true;42;2;LR2_2_7_t2_40R_40V_04I_06M;/dados/rmelo/PDPTW-SE/benchmark_multi_island_v5/official_experiments/multistartlp/preliminar/set_01_pt_01/configs/genconfig_mslp.conf;genconfig_mslp;/dados/rmelo/PDPTW-SE/benchmark_multi_island_v5/official_experiments/multistartlp/preliminar/set_01_pt_01/logs/heur_mslp/gurobi/40R_40V_04I_06M/LR2_2_7_grb_genconfig_mslp_seed_31_alpha_15p.log;random;40R_40V_04I_06M;1;0;1;/dados/rmelo/PDPTW-SE/benchmark_multi_island_v5/official_experiments/multistartlp/preliminar/set_01_pt_01/../../../../instances/orig_ams_fg/40R_40V_04I_06M/t2/LR2_2_7/;55882;30524;0;6933.46;81;41;H;50;95;0;100.0;30.0;true;0.95;100.0;1.0;1.0;1.0;1.0;60;M;55880;55882;false;78;0.84;185.38;0.99;39;10;1000000;-1;3600;2.63;0.72;0.96;mslp;heur;0.54;0.92;-1;3600;60000;I;40;1.0;0.08;LR2_2_7;0;/dados/rmelo/PDPTW-SE/benchmark_multi_island_v5/official_experiments/multistartlp/preliminar/set_01_pt_01/logs;0;0;0;0.0;100.0;1;31;/dados/rmelo/PDPTW-SE/benchmark_multi_island_v5/official_experiments/multistartlp/preliminar/set_01_pt_01/logs/heur_mslp/solutions/40R_40V_04I_06M/LR2_2_7_sol_genconfig_mslp_seed_31_alpha_15p.txt;Gurobi;AUTOMATIC;1.75948745572e9;_bash_3;_seed_31_alpha_15p;1470.49;1;1965.37;/dados/rmelo/PDPTW-SE/benchmark_multi_island_v5/official_experiments/multistartlp/preliminar/set_01_pt_01/logs/heur_mslp/timelines/40R_40V_04I_06M/LR2_2_7_timeline_genconfig_mslp_seed_31_alpha_15p.txt;3600.05;t2;0;5505.54;false
0.15;0.07;0.12;0.18;0.0;0.0;12;/dados/rmelo/PDPTW-SE/benchmark_multi_island_v5/official_experiments/multistartlp/preliminar/set_01_pt_01/logs/heur_mslp/outputs/csvresults_heur_mslp_bash_3.csv;0;6;1;82;0;0.0;0.5;true;42;2;LR1_2_8_t1_40R_40V_04I_06M;/dados/rmelo/PDPTW-SE/benchmark_multi_island_v5/official_experiments/multistartlp/preliminar/set_01_pt_01/configs/genconfig_mslp.conf;genconfig_mslp;/dados/rmelo/PDPTW-SE/benchmark_multi_island_v5/official_experiments/multistartlp/preliminar/set_01_pt_01/logs/heur_mslp/gurobi/40R_40V_04I_06M/LR1_2_8_grb_genconfig_mslp_seed_31_alpha_15p.log;random;40R_40V_04I_06M;1;16110;1;/dados/rmelo/PDPTW-SE/benchmark_multi_island_v5/official_experiments/multistartlp/preliminar/set_01_pt_01/../../../../instances/orig_ams_fg/40R_40V_04I_06M/t1/LR1_2_8/;60000;38449;0;4721.26;81;41;H;50;95;0;100.0;30.0;true;0.95;100.0;1.0;1.0;1.0;1.0;60;M;43882;43890;false;86;0.99;175.25;0.97;43;10;1000000;-1;3600;2.59;0.89;0.73;mslp;heur;0.67;0.46;-1;3600;60000;I;40;1.0;0.15;LR1_2_8;0;/dados/rmelo/PDPTW-SE/benchmark_multi_island_v5/official_experiments/multistartlp/preliminar/set_01_pt_01/logs;0;0;0;26.85;99.98;1;31;/dados/rmelo/PDPTW-SE/benchmark_multi_island_v5/official_experiments/multistartlp/preliminar/set_01_pt_01/logs/heur_mslp/solutions/40R_40V_04I_06M/LR1_2_8_sol_genconfig_mslp_seed_31_alpha_15p.txt;Gurobi;AUTOMATIC;1.75949107682e9;_bash_3;_seed_31_alpha_15p;1135.91;1;1134.56;/dados/rmelo/PDPTW-SE/benchmark_multi_island_v5/official_experiments/multistartlp/preliminar/set_01_pt_01/logs/heur_mslp/timelines/40R_40V_04I_06M/LR1_2_8_timeline_genconfig_mslp_seed_31_alpha_15p.txt;1769.7;t1;0;3380.19;false
0.15;0.05;0.07;0.12;0.01;0.02;12;/dados/rmelo/PDPTW-SE/benchmark_multi_island_v5/official_experiments/multistartlp/preliminar/set_01_pt_01/logs/heur_mslp/outputs/csvresults_heur_mslp_bash_3.csv;0;6;1;82;0;0.0;0.5;true;42;2;LR2_2_6_t2_40R_40V_04I_06M;/dados/rmelo/PDPTW-SE/benchmark_multi_island_v5/official_experiments/multistartlp/preliminar/set_01_pt_01/configs/genconfig_mslp.conf;genconfig_mslp;/dados/rmelo/PDPTW-SE/benchmark_multi_island_v5/official_experiments/multistartlp/preliminar/set_01_pt_01/logs/heur_mslp/gurobi/40R_40V_04I_06M/LR2_2_6_grb_genconfig_mslp_seed_31_alpha_15p.log;random;40R_40V_04I_06M;1;0;1;/dados/rmelo/PDPTW-SE/benchmark_multi_island_v5/official_experiments/multistartlp/preliminar/set_01_pt_01/../../../../instances/orig_ams_fg/40R_40V_04I_06M/t2/LR2_2_6/;60000;9080;0;10252.81;81;41;H;50;95;0;100.0;30.0;true;0.95;100.0;1.0;1.0;1.0;1.0;60;M;60000;60000;false;80;0.83;181.23;1.0;40;10;1000000;-1;3600;4.46;0.59;0.78;mslp;heur;0.07;0.22;-1;3600;60000;I;40;1.0;0.1;LR2_2_6;0;/dados/rmelo/PDPTW-SE/benchmark_multi_island_v5/official_experiments/multistartlp/preliminar/set_01_pt_01/logs;0;0;0;0.0;100.0;1;31;/dados/rmelo/PDPTW-SE/benchmark_multi_island_v5/official_experiments/multistartlp/preliminar/set_01_pt_01/logs/heur_mslp/solutions/40R_40V_04I_06M/LR2_2_6_sol_genconfig_mslp_seed_31_alpha_15p.txt;Gurobi;AUTOMATIC;1.75949286719e9;_bash_3;_seed_31_alpha_15p;2673.84;1;461.79;/dados/rmelo/PDPTW-SE/benchmark_multi_island_v5/official_experiments/multistartlp/preliminar/set_01_pt_01/logs/heur_mslp/timelines/40R_40V_04I_06M/LR2_2_6_timeline_genconfig_mslp_seed_31_alpha_15p.txt;3043.07;t2;0;5994.29;false
0.15;0.04;0.08;0.12;0.0;0.05;1;/dados/rmelo/PDPTW-SE/benchmark_multi_island_v5/official_experiments/multistartlp/preliminar/set_01_pt_01/logs/heur_mslp/outputs/csvresults_heur_mslp_bash_3.csv;0;6;1;122;0;0.0;0.5;true;62;2;LR1_2_6_t1_60R_60V_02I_06M;/dados/rmelo/PDPTW-SE/benchmark_multi_island_v5/official_experiments/multistartlp/preliminar/set_01_pt_01/configs/genconfig_mslp.conf;genconfig_mslp;/dados/rmelo/PDPTW-SE/benchmark_multi_island_v5/official_experiments/multistartlp/preliminar/set_01_pt_01/logs/heur_mslp/gurobi/60R_60V_02I_06M/LR1_2_6_grb_genconfig_mslp_seed_31_alpha_15p.log;random;60R_60V_02I_06M;1;59999;1;/dados/rmelo/PDPTW-SE/benchmark_multi_island_v5/official_experiments/multistartlp/preliminar/set_01_pt_01/../../../../instances/orig_ams_fg/60R_60V_02I_06M/t1/LR1_2_6/;60000;1;0;10597.13;121;61;H;50;95;0;100.0;30.0;true;0.95;100.0;1.0;1.0;1.0;1.0;60;M;1;1;false;82;0.96;277.16;1.0;41;10;1000000;-1;3600;2.74;0.68;0.54;mslp;heur;0.44;0.11;-1;3600;60000;I;60;1.0;0.35;LR1_2_6;0;/dados/rmelo/PDPTW-SE/benchmark_multi_island_v5/official_experiments/multistartlp/preliminar/set_01_pt_01/logs;0;0;0;100.0;100.0;1;31;/dados/rmelo/PDPTW-SE/benchmark_multi_island_v5/official_experiments/multistartlp/preliminar/set_01_pt_01/logs/heur_mslp/solutions/60R_60V_02I_06M/LR1_2_6_sol_genconfig_mslp_seed_31_alpha_15p.txt;Gurobi;AUTOMATIC;1.75949593125e9;_bash_3;_seed_31_alpha_15p;0.03;1;0.03;/dados/rmelo/PDPTW-SE/benchmark_multi_island_v5/official_experiments/multistartlp/preliminar/set_01_pt_01/logs/heur_mslp/timelines/60R_60V_02I_06M/LR1_2_6_timeline_genconfig_mslp_seed_31_alpha_15p.txt;219.27;t1;0;10306.72;false
0.15;0.0;0.01;0.01;0.0;0.0;8;/dados/rmelo/PDPTW-SE/benchmark_multi_island_v5/official_experiments/multistartlp/preliminar/set_01_pt_01/logs/heur_mslp/outputs/csvresults_heur_mslp_bash_3.csv;0;6;1;122;0;0.0;0.5;true;62;2;LR2_2_8_t2_60R_60V_02I_06M;/dados/rmelo/PDPTW-SE/benchmark_multi_island_v5/official_experiments/multistartlp/preliminar/set_01_pt_01/configs/genconfig_mslp.conf;genconfig_mslp;/dados/rmelo/PDPTW-SE/benchmark_multi_island_v5/official_experiments/multistartlp/preliminar/set_01_pt_01/logs/heur_mslp/gurobi/60R_60V_02I_06M/LR2_2_8_grb_genconfig_mslp_seed_31_alpha_15p.log;random;60R_60V_02I_06M;1;0;1;/dados/rmelo/PDPTW-SE/benchmark_multi_island_v5/official_experiments/multistartlp/preliminar/set_01_pt_01/../../../../instances/orig_ams_fg/60R_60V_02I_06M/t2/LR2_2_8/;33690;22567;0;8901.74;121;61;H;50;95;0;100.0;30.0;true;0.95;100.0;1.0;1.0;1.0;1.0;60;M;33561;33690;false;80;0.91;227.5;1.0;40;10;1000000;-1;3600;1.57;0.67;0.97;mslp;heur;0.3;0.93;-1;3600;60000;I;60;0.67;0.07;LR2_2_8;0;/dados/rmelo/PDPTW-SE/benchmark_multi_island_v5/official_experiments/multistartlp/preliminar/set_01_pt_01/logs;0;0;0;0.0;99.62;1;31;/dados/rmelo/PDPTW-SE/benchmark_multi_island_v5/official_experiments/multistartlp/preliminar/set_01_pt_01/logs/heur_mslp/solutions/60R_60V_02I_06M/LR2_2_8_sol_genconfig_mslp_seed_31_alpha_15p.txt;Gurobi;AUTOMATIC;1.75949617112e9;_bash_3;_seed_31_alpha_15p;528.12;1;2412.26;/dados/rmelo/PDPTW-SE/benchmark_multi_island_v5/official_experiments/multistartlp/preliminar/set_01_pt_01/logs/heur_mslp/timelines/60R_60V_02I_06M/LR2_2_8_timeline_genconfig_mslp_seed_31_alpha_15p.txt;3600.06;t2;0;6841.99;false
0.15;0.03;0.05;0.07;0.01;0.06;14;/dados/rmelo/PDPTW-SE/benchmark_multi_island_v5/official_experiments/multistartlp/preliminar/set_01_pt_01/logs/heur_mslp/outputs/csvresults_heur_mslp_bash_3.csv;0;6;1;122;0;0.0;0.5;true;62;2;LR1_2_9_t1_60R_60V_02I_06M;/dados/rmelo/PDPTW-SE/benchmark_multi_island_v5/official_experiments/multistartlp/preliminar/set_01_pt_01/configs/genconfig_mslp.conf;genconfig_mslp;/dados/rmelo/PDPTW-SE/benchmark_multi_island_v5/official_experiments/multistartlp/preliminar/set_01_pt_01/logs/heur_mslp/gurobi/60R_60V_02I_06M/LR1_2_9_grb_genconfig_mslp_seed_31_alpha_15p.log;random;60R_60V_02I_06M;1;23756;1;/dados/rmelo/PDPTW-SE/benchmark_multi_island_v5/official_experiments/multistartlp/preliminar/set_01_pt_01/../../../../instances/orig_ams_fg/60R_60V_02I_06M/t1/LR1_2_9/;60000;34967;0;8739.97;121;61;H;50;95;0;100.0;30.0;true;0.95;100.0;1.0;1.0;1.0;1.0;60;M;36244;36244;false;86;0.93;182.58;0.99;43;10;1000000;-1;3600;6.29;0.7;0.72;mslp;heur;0.31;0.14;-1;3600;60000;I;60;1.0;0.25;LR1_2_9;0;/dados/rmelo/PDPTW-SE/benchmark_multi_island_v5/official_experiments/multistartlp/preliminar/set_01_pt_01/logs;0;0;0;39.59;100.0;1;31;/dados/rmelo/PDPTW-SE/benchmark_multi_island_v5/official_experiments/multistartlp/preliminar/set_01_pt_01/logs/heur_mslp/solutions/60R_60V_02I_06M/LR1_2_9_sol_genconfig_mslp_seed_31_alpha_15p.txt;Gurobi;AUTOMATIC;1.75949979195e9;_bash_3;_seed_31_alpha_15p;2278.61;1;729.31;/dados/rmelo/PDPTW-SE/benchmark_multi_island_v5/official_experiments/multistartlp/preliminar/set_01_pt_01/logs/heur_mslp/timelines/60R_60V_02I_06M/LR1_2_9_timeline_genconfig_mslp_seed_31_alpha_15p.txt;1256.5;t1;0;6615.9;false
0.15;0.01;0.02;0.04;0.01;0.06;7;/dados/rmelo/PDPTW-SE/benchmark_multi_island_v5/official_experiments/multistartlp/preliminar/set_01_pt_01/logs/heur_mslp/outputs/csvresults_heur_mslp_bash_3.csv;0;6;1;122;0;0.0;0.5;true;62;2;LR2_2_10_t2_60R_60V_02I_06M;/dados/rmelo/PDPTW-SE/benchmark_multi_island_v5/official_experiments/multistartlp/preliminar/set_01_pt_01/configs/genconfig_mslp.conf;genconfig_mslp;/dados/rmelo/PDPTW-SE/benchmark_multi_island_v5/official_experiments/multistartlp/preliminar/set_01_pt_01/logs/heur_mslp/gurobi/60R_60V_02I_06M/LR2_2_10_grb_genconfig_mslp_seed_31_alpha_15p.log;random;60R_60V_02I_06M;1;0;1;/dados/rmelo/PDPTW-SE/benchmark_multi_island_v5/official_experiments/multistartlp/preliminar/set_01_pt_01/../../../../instances/orig_ams_fg/60R_60V_02I_06M/t2/LR2_2_10/;60000;44800;0;14858.54;121;61;H;50;95;0;100.0;30.0;true;0.95;100.0;1.0;1.0;1.0;1.0;60;M;60000;60000;false;80;0.88;300.67;1.0;40;10;1000000;-1;3600;7.07;0.73;0.98;mslp;heur;0.47;0.92;-1;3600;60000;I;60;0.67;0.1;LR2_2_10;0;/dados/rmelo/PDPTW-SE/benchmark_multi_island_v5/official_experiments/multistartlp/preliminar/set_01_pt_01/logs;0;0;0;0.0;100.0;1;31;/dados/rmelo/PDPTW-SE/benchmark_multi_island_v5/official_experiments/multistartlp/preliminar/set_01_pt_01/logs/heur_mslp/solutions/60R_60V_02I_06M/LR2_2_10_sol_genconfig_mslp_seed_31_alpha_15p.txt;Gurobi;AUTOMATIC;1.75950106968e9;_bash_3;_seed_31_alpha_15p;4243.0;1;2257.47;/dados/rmelo/PDPTW-SE/benchmark_multi_island_v5/official_experiments/multistartlp/preliminar/set_01_pt_01/logs/heur_mslp/timelines/60R_60V_02I_06M/LR2_2_10_timeline_genconfig_mslp_seed_31_alpha_15p.txt;3013.73;t2;0;11078.31;false
0.15;0.09;0.12;0.21;0.02;0.27;0;/dados/rmelo/PDPTW-SE/benchmark_multi_island_v5/official_experiments/multistartlp/preliminar/set_01_pt_01/logs/heur_mslp/outputs/csvresults_heur_mslp_bash_3.csv;0;6;1;122;0;0.0;0.5;false;62;2;LR1_2_6_t1_60R_60V_04I_06M;/dados/rmelo/PDPTW-SE/benchmark_multi_island_v5/official_experiments/multistartlp/preliminar/set_01_pt_01/configs/genconfig_mslp.conf;genconfig_mslp;/dados/rmelo/PDPTW-SE/benchmark_multi_island_v5/official_experiments/multistartlp/preliminar/set_01_pt_01/logs/heur_mslp/gurobi/60R_60V_04I_06M/LR1_2_6_grb_genconfig_mslp_seed_31_alpha_15p.log;random;60R_60V_04I_06M;1;60000;1;/dados/rmelo/PDPTW-SE/benchmark_multi_island_v5/official_experiments/multistartlp/preliminar/set_01_pt_01/../../../../instances/orig_ams_fg/60R_60V_04I_06M/t1/LR1_2_6/;60000;0;0;0.0;121;61;H;50;95;0;100.0;30.0;true;0.95;100.0;1.0;1.0;1.0;1.0;60;M;0;0;false;82;0.96;184.15;0.96;41;10;1000000;-1;3600;0.0;0.62;0.59;mslp;heur;0.45;0.33;-1;3600;60000;I;60;1.0;0.25;LR1_2_6;0;/dados/rmelo/PDPTW-SE/benchmark_multi_island_v5/official_experiments/multistartlp/preliminar/set_01_pt_01/logs;0;0;0;100.0;0.0;1;31;/dados/rmelo/PDPTW-SE/benchmark_multi_island_v5/official_experiments/multistartlp/preliminar/set_01_pt_01/logs/heur_mslp/solutions/60R_60V_04I_06M/LR1_2_6_sol_genconfig_mslp_seed_31_alpha_15p.txt;Gurobi;AUTOMATIC;1.75950410464e9;_bash_3;_seed_31_alpha_15p;0.0;1;0.0;/dados/rmelo/PDPTW-SE/benchmark_multi_island_v5/official_experiments/multistartlp/preliminar/set_01_pt_01/logs/heur_mslp/timelines/60R_60V_04I_06M/LR1_2_6_timeline_genconfig_mslp_seed_31_alpha_15p.txt;528.32;t1;0;Inf;false
0.15;0.02;0.05;0.07;0.0;0.0;2;/dados/rmelo/PDPTW-SE/benchmark_multi_island_v5/official_experiments/multistartlp/preliminar/set_01_pt_01/logs/heur_mslp/outputs/csvresults_heur_mslp_bash_3.csv;0;6;1;122;0;0.0;0.5;true;62;2;LR2_2_8_t2_60R_60V_04I_06M;/dados/rmelo/PDPTW-SE/benchmark_multi_island_v5/official_experiments/multistartlp/preliminar/set_01_pt_01/configs/genconfig_mslp.conf;genconfig_mslp;/dados/rmelo/PDPTW-SE/benchmark_multi_island_v5/official_experiments/multistartlp/preliminar/set_01_pt_01/logs/heur_mslp/gurobi/60R_60V_04I_06M/LR2_2_8_grb_genconfig_mslp_seed_31_alpha_15p.log;random;60R_60V_04I_06M;1;0;1;/dados/rmelo/PDPTW-SE/benchmark_multi_island_v5/official_experiments/multistartlp/preliminar/set_01_pt_01/../../../../instances/orig_ams_fg/60R_60V_04I_06M/t2/LR2_2_8/;18298;2732;0;9711.38;121;61;H;50;95;0;100.0;30.0;true;0.95;100.0;1.0;1.0;1.0;1.0;60;M;18217;18298;false;80;0.98;181.1;1.0;40;10;1000000;-1;3600;1.13;0.74;0.96;mslp;heur;0.5;0.86;-1;3600;60000;I;60;1.0;0.07;LR2_2_8;0;/dados/rmelo/PDPTW-SE/benchmark_multi_island_v5/official_experiments/multistartlp/preliminar/set_01_pt_01/logs;0;0;0;0.0;99.56;1;31;/dados/rmelo/PDPTW-SE/benchmark_multi_island_v5/official_experiments/multistartlp/preliminar/set_01_pt_01/logs/heur_mslp/solutions/60R_60V_04I_06M/LR2_2_8_sol_genconfig_mslp_seed_31_alpha_15p.txt;Gurobi;AUTOMATIC;1.75950465414e9;_bash_3;_seed_31_alpha_15p;207.4;1;540.93;/dados/rmelo/PDPTW-SE/benchmark_multi_island_v5/official_experiments/multistartlp/preliminar/set_01_pt_01/logs/heur_mslp/timelines/60R_60V_04I_06M/LR2_2_8_timeline_genconfig_mslp_seed_31_alpha_15p.txt;3600.04;t2;0;7524.25;false
0.15;0.12;0.16;0.28;0.02;0.1;8;/dados/rmelo/PDPTW-SE/benchmark_multi_island_v5/official_experiments/multistartlp/preliminar/set_01_pt_01/logs/heur_mslp/outputs/csvresults_heur_mslp_bash_3.csv;0;6;1;122;0;0.0;0.5;true;62;2;LR1_2_9_t1_60R_60V_04I_06M;/dados/rmelo/PDPTW-SE/benchmark_multi_island_v5/official_experiments/multistartlp/preliminar/set_01_pt_01/configs/genconfig_mslp.conf;genconfig_mslp;/dados/rmelo/PDPTW-SE/benchmark_multi_island_v5/official_experiments/multistartlp/preliminar/set_01_pt_01/logs/heur_mslp/gurobi/60R_60V_04I_06M/LR1_2_9_grb_genconfig_mslp_seed_31_alpha_15p.log;random;60R_60V_04I_06M;1;59488;1;/dados/rmelo/PDPTW-SE/benchmark_multi_island_v5/official_experiments/multistartlp/preliminar/set_01_pt_01/../../../../instances/orig_ams_fg/60R_60V_04I_06M/t1/LR1_2_9/;60000;36852;0;8613.48;121;61;H;50;95;0;100.0;30.0;true;0.95;100.0;1.0;1.0;1.0;1.0;60;M;512;512;false;86;0.98;181.44;0.93;43;10;1000000;-1;3600;7.0;0.75;0.75;mslp;heur;0.39;0.36;-1;3600;60000;I;60;1.0;0.25;LR1_2_9;0;/dados/rmelo/PDPTW-SE/benchmark_multi_island_v5/official_experiments/multistartlp/preliminar/set_01_pt_01/logs;0;0;0;99.15;100.0;1;31;/dados/rmelo/PDPTW-SE/benchmark_multi_island_v5/official_experiments/multistartlp/preliminar/set_01_pt_01/logs/heur_mslp/solutions/60R_60V_04I_06M/LR1_2_9_sol_genconfig_mslp_seed_31_alpha_15p.txt;Gurobi;AUTOMATIC;1.75950827528e9;_bash_3;_seed_31_alpha_15p;35.85;1;421.79;/dados/rmelo/PDPTW-SE/benchmark_multi_island_v5/official_experiments/multistartlp/preliminar/set_01_pt_01/logs/heur_mslp/timelines/60R_60V_04I_06M/LR1_2_9_timeline_genconfig_mslp_seed_31_alpha_15p.txt;688.66;t1;0;7163.87;false
0.15;0.02;0.05;0.07;0.0;0.0;2;/dados/rmelo/PDPTW-SE/benchmark_multi_island_v5/official_experiments/multistartlp/preliminar/set_01_pt_01/logs/heur_mslp/outputs/csvresults_heur_mslp_bash_3.csv;0;6;1;122;0;0.0;0.5;true;62;2;LR2_2_8_t2_60R_60V_04I_06M;/dados/rmelo/PDPTW-SE/benchmark_multi_island_v5/official_experiments/multistartlp/preliminar/set_01_pt_01/configs/genconfig_mslp.conf;genconfig_mslp;/dados/rmelo/PDPTW-SE/benchmark_multi_island_v5/official_experiments/multistartlp/preliminar/set_01_pt_01/logs/heur_mslp/gurobi/60R_60V_04I_06M/LR2_2_8_grb_genconfig_mslp_seed_31_alpha_15p.log;random;60R_60V_04I_06M;1;0;1;/dados/rmelo/PDPTW-SE/benchmark_multi_island_v5/official_experiments/multistartlp/preliminar/set_01_pt_01/../../../../instances/orig_ams_fg/60R_60V_04I_06M/t2/LR2_2_8/;18202;2732;0;9199.69;121;61;H;50;95;0;100.0;30.0;true;0.95;100.0;1.0;1.0;1.0;1.0;60;M;18121;18202;false;80;0.98;181.1;1.0;40;10;1000000;-1;3600;1.13;0.74;0.96;mslp;heur;0.5;0.86;-1;3600;60000;I;60;1.0;0.07;LR2_2_8;0;/dados/rmelo/PDPTW-SE/benchmark_multi_island_v5/official_experiments/multistartlp/preliminar/set_01_pt_01/logs;0;0;0;0.0;99.56;1;31;/dados/rmelo/PDPTW-SE/benchmark_multi_island_v5/official_experiments/multistartlp/preliminar/set_01_pt_01/logs/heur_mslp/solutions/60R_60V_04I_06M/LR2_2_8_sol_genconfig_mslp_seed_31_alpha_15p.txt;Gurobi;AUTOMATIC;1.75950898538e9;_bash_3;_seed_31_alpha_15p;205.95;1;545.05;/dados/rmelo/PDPTW-SE/benchmark_multi_island_v5/official_experiments/multistartlp/preliminar/set_01_pt_01/logs/heur_mslp/timelines/60R_60V_04I_06M/LR2_2_8_timeline_genconfig_mslp_seed_31_alpha_15p.txt;3600.07;t2;0;7524.25;false
0.15;0.0;0.12;0.12;0.0;0.0;6;/dados/rmelo/PDPTW-SE/benchmark_multi_island_v5/official_experiments/multistartlp/preliminar/set_01_pt_01/logs/heur_mslp/outputs/csvresults_heur_mslp_bash_3.csv;0;4;1;18;0;0.0;0.5;true;10;2;lr109_t1_08R_08V_02I_04M;/dados/rmelo/PDPTW-SE/benchmark_multi_island_v5/official_experiments/multistartlp/preliminar/set_01_pt_01/configs/genconfig_mslp.conf;genconfig_mslp;/dados/rmelo/PDPTW-SE/benchmark_multi_island_v5/official_experiments/multistartlp/preliminar/set_01_pt_01/logs/heur_mslp/gurobi/08R_08V_02I_04M/lr109_grb_genconfig_mslp_seed_38_alpha_15p.log;random;08R_08V_02I_04M;1;0;1;/dados/rmelo/PDPTW-SE/benchmark_multi_island_v5/official_experiments/multistartlp/preliminar/set_01_pt_01/../../../../instances/orig_ams_fg/08R_08V_02I_04M/t1/lr109/;60000;57;0;715.14;17;9;H;50;95;0;100.0;30.0;true;0.95;100.0;1.0;1.0;1.0;1.0;60;M;60000;60000;false;52;0.91;78.96;0.76;26;10;1000000;-1;3600;9.47;0.77;0.57;mslp;heur;0.59;0.35;-1;3600;60000;I;8;0.5;0.38;lr109;0;/dados/rmelo/PDPTW-SE/benchmark_multi_island_v5/official_experiments/multistartlp/preliminar/set_01_pt_01/logs;0;0;0;0.0;100.0;1;38;/dados/rmelo/PDPTW-SE/benchmark_multi_island_v5/official_experiments/multistartlp/preliminar/set_01_pt_01/logs/heur_mslp/solutions/08R_08V_02I_04M/lr109_sol_genconfig_mslp_seed_38_alpha_15p.txt;Gurobi;AUTOMATIC;1.75951260654e9;_bash_3;_seed_38_alpha_15p;5684.24;1;0.39;/dados/rmelo/PDPTW-SE/benchmark_multi_island_v5/official_experiments/multistartlp/preliminar/set_01_pt_01/logs/heur_mslp/timelines/08R_08V_02I_04M/lr109_timeline_genconfig_mslp_seed_38_alpha_15p.txt;125.22;t1;0;533.17;false
0.15;0.0;0.02;0.02;0.0;0.0;4;/dados/rmelo/PDPTW-SE/benchmark_multi_island_v5/official_experiments/multistartlp/preliminar/set_01_pt_01/logs/heur_mslp/outputs/csvresults_heur_mslp_bash_3.csv;0;4;1;18;0;0.0;0.5;true;10;2;lr209_t2_08R_08V_02I_04M;/dados/rmelo/PDPTW-SE/benchmark_multi_island_v5/official_experiments/multistartlp/preliminar/set_01_pt_01/configs/genconfig_mslp.conf;genconfig_mslp;/dados/rmelo/PDPTW-SE/benchmark_multi_island_v5/official_experiments/multistartlp/preliminar/set_01_pt_01/logs/heur_mslp/gurobi/08R_08V_02I_04M/lr209_grb_genconfig_mslp_seed_38_alpha_15p.log;random;08R_08V_02I_04M;1;0;1;/dados/rmelo/PDPTW-SE/benchmark_multi_island_v5/official_experiments/multistartlp/preliminar/set_01_pt_01/../../../../instances/orig_ams_fg/08R_08V_02I_04M/t2/lr209/;60000;189;0;1285.66;17;9;H;50;95;0;100.0;30.0;true;0.95;100.0;1.0;1.0;1.0;1.0;60;M;59059;60000;false;46;0.56;77.81;0.82;23;10;1000000;-1;3600;20.7;0.56;0.82;mslp;heur;0.56;0.82;-1;3600;60000;I;8;0.75;0.12;lr209;0;/dados/rmelo/PDPTW-SE/benchmark_multi_island_v5/official_experiments/multistartlp/preliminar/set_01_pt_01/logs;0;0;0;0.0;98.43;1;38;/dados/rmelo/PDPTW-SE/benchmark_multi_island_v5/official_experiments/multistartlp/preliminar/set_01_pt_01/logs/heur_mslp/solutions/08R_08V_02I_04M/lr209_sol_genconfig_mslp_seed_38_alpha_15p.txt;Gurobi;AUTOMATIC;1.75951275299e9;_bash_3;_seed_38_alpha_15p;12419.7;1;0.75;/dados/rmelo/PDPTW-SE/benchmark_multi_island_v5/official_experiments/multistartlp/preliminar/set_01_pt_01/logs/heur_mslp/timelines/08R_08V_02I_04M/lr209_timeline_genconfig_mslp_seed_38_alpha_15p.txt;145.79;t2;0;562.22;false
0.15;0.0;0.24;0.24;0.0;0.01;4;/dados/rmelo/PDPTW-SE/benchmark_multi_island_v5/official_experiments/multistartlp/preliminar/set_01_pt_01/logs/heur_mslp/outputs/csvresults_heur_mslp_bash_3.csv;0;4;1;18;0;0.0;0.5;true;10;2;lr106_t1_08R_08V_02I_04M;/dados/rmelo/PDPTW-SE/benchmark_multi_island_v5/official_experiments/multistartlp/preliminar/set_01_pt_01/configs/genconfig_mslp.conf;genconfig_mslp;/dados/rmelo/PDPTW-SE/benchmark_multi_island_v5/official_experiments/multistartlp/preliminar/set_01_pt_01/logs/heur_mslp/gurobi/08R_08V_02I_04M/lr106_grb_genconfig_mslp_seed_38_alpha_15p.log;random;08R_08V_02I_04M;1;0;1;/dados/rmelo/PDPTW-SE/benchmark_multi_island_v5/official_experiments/multistartlp/preliminar/set_01_pt_01/../../../../instances/orig_ams_fg/08R_08V_02I_04M/t1/lr106/;60000;15;0;869.42;17;9;H;50;95;0;100.0;30.0;true;0.95;100.0;1.0;1.0;1.0;1.0;60;M;60000;60000;false;52;0.83;104.47;0.85;26;10;1000000;-1;3600;18.79;0.62;0.52;mslp;heur;0.45;0.21;-1;3600;60000;I;8;0.25;0.5;lr106;0;/dados/rmelo/PDPTW-SE/benchmark_multi_island_v5/official_experiments/multistartlp/preliminar/set_01_pt_01/logs;0;0;0;0.0;100.0;1;38;/dados/rmelo/PDPTW-SE/benchmark_multi_island_v5/official_experiments/multistartlp/preliminar/set_01_pt_01/logs/heur_mslp/solutions/08R_08V_02I_04M/lr106_sol_genconfig_mslp_seed_38_alpha_15p.txt;Gurobi;AUTOMATIC;1.75951292049e9;_bash_3;_seed_38_alpha_15p;11272.27;1;0.31;/dados/rmelo/PDPTW-SE/benchmark_multi_island_v5/official_experiments/multistartlp/preliminar/set_01_pt_01/logs/heur_mslp/timelines/08R_08V_02I_04M/lr106_timeline_genconfig_mslp_seed_38_alpha_15p.txt;119.37;t1;0;602.78;false
0.15;0.01;0.02;0.03;0.0;0.0;16;/dados/rmelo/PDPTW-SE/benchmark_multi_island_v5/official_experiments/multistartlp/preliminar/set_01_pt_01/logs/heur_mslp/outputs/csvresults_heur_mslp_bash_3.csv;0;4;1;18;0;0.0;0.5;true;10;2;lr208_t2_08R_08V_02I_04M;/dados/rmelo/PDPTW-SE/benchmark_multi_island_v5/official_experiments/multistartlp/preliminar/set_01_pt_01/configs/genconfig_mslp.conf;genconfig_mslp;/dados/rmelo/PDPTW-SE/benchmark_multi_island_v5/official_experiments/multistartlp/preliminar/set_01_pt_01/logs/heur_mslp/gurobi/08R_08V_02I_04M/lr208_grb_genconfig_mslp_seed_38_alpha_15p.log;random;08R_08V_02I_04M;1;0;1;/dados/rmelo/PDPTW-SE/benchmark_multi_island_v5/official_experiments/multistartlp/preliminar/set_01_pt_01/../../../../instances/orig_ams_fg/08R_08V_02I_04M/t2/lr208/;60000;24699;0;686.0;17;9;H;50;95;0;100.0;30.0;true;0.95;100.0;1.0;1.0;1.0;1.0;60;M;46415;60000;false;38;0.55;75.47;0.97;19;10;1000000;-1;3600;4.79;0.55;0.97;mslp;heur;0.55;0.97;-1;3600;60000;I;8;0.5;0.12;lr208;0;/dados/rmelo/PDPTW-SE/benchmark_multi_island_v5/official_experiments/multistartlp/preliminar/set_01_pt_01/logs;0;0;0;0.0;77.36;1;38;/dados/rmelo/PDPTW-SE/benchmark_multi_island_v5/official_experiments/multistartlp/preliminar/set_01_pt_01/logs/heur_mslp/solutions/08R_08V_02I_04M/lr208_sol_genconfig_mslp_seed_38_alpha_15p.txt;Gurobi;AUTOMATIC;1.75951306118e9;_bash_3;_seed_38_alpha_15p;2873.17;1;69.78;/dados/rmelo/PDPTW-SE/benchmark_multi_island_v5/official_experiments/multistartlp/preliminar/set_01_pt_01/logs/heur_mslp/timelines/08R_08V_02I_04M/lr208_timeline_genconfig_mslp_seed_38_alpha_15p.txt;170.4;t2;0;548.99;false
0.15;0.03;0.21;0.25;0.0;0.0;3;/dados/rmelo/PDPTW-SE/benchmark_multi_island_v5/official_experiments/multistartlp/preliminar/set_01_pt_01/logs/heur_mslp/outputs/csvresults_heur_mslp_bash_3.csv;0;4;1;18;0;0.0;0.5;true;10;2;lr110_t1_08R_08V_04I_04M;/dados/rmelo/PDPTW-SE/benchmark_multi_island_v5/official_experiments/multistartlp/preliminar/set_01_pt_01/configs/genconfig_mslp.conf;genconfig_mslp;/dados/rmelo/PDPTW-SE/benchmark_multi_island_v5/official_experiments/multistartlp/preliminar/set_01_pt_01/logs/heur_mslp/gurobi/08R_08V_04I_04M/lr110_grb_genconfig_mslp_seed_38_alpha_15p.log;random;08R_08V_04I_04M;1;3812;1;/dados/rmelo/PDPTW-SE/benchmark_multi_island_v5/official_experiments/multistartlp/preliminar/set_01_pt_01/../../../../instances/orig_ams_fg/08R_08V_04I_04M/t1/lr110/;60000;4267;0;777.64;17;9;H;50;95;0;100.0;30.0;true;0.95;100.0;1.0;1.0;1.0;1.0;60;M;56188;56188;false;52;0.89;73.36;0.82;26;10;1000000;-1;3600;8.29;0.58;0.5;mslp;heur;0.35;0.15;-1;3600;60000;I;8;1.0;0.62;lr110;0;/dados/rmelo/PDPTW-SE/benchmark_multi_island_v5/official_experiments/multistartlp/preliminar/set_01_pt_01/logs;0;0;0;6.35;100.0;1;38;/dados/rmelo/PDPTW-SE/benchmark_multi_island_v5/official_experiments/multistartlp/preliminar/set_01_pt_01/logs/heur_mslp/solutions/08R_08V_04I_04M/lr110_sol_genconfig_mslp_seed_38_alpha_15p.txt;Gurobi;AUTOMATIC;1.75951325344e9;_bash_3;_seed_38_alpha_15p;4655.64;1;10.19;/dados/rmelo/PDPTW-SE/benchmark_multi_island_v5/official_experiments/multistartlp/preliminar/set_01_pt_01/logs/heur_mslp/timelines/08R_08V_04I_04M/lr110_timeline_genconfig_mslp_seed_38_alpha_15p.txt;142.53;t1;0;672.57;false
0.15;0.01;0.05;0.07;0.0;0.0;14;/dados/rmelo/PDPTW-SE/benchmark_multi_island_v5/official_experiments/multistartlp/preliminar/set_01_pt_01/logs/heur_mslp/outputs/csvresults_heur_mslp_bash_3.csv;0;4;1;18;0;0.0;0.5;true;10;2;lr209_t2_08R_08V_04I_04M;/dados/rmelo/PDPTW-SE/benchmark_multi_island_v5/official_experiments/multistartlp/preliminar/set_01_pt_01/configs/genconfig_mslp.conf;genconfig_mslp;/dados/rmelo/PDPTW-SE/benchmark_multi_island_v5/official_experiments/multistartlp/preliminar/set_01_pt_01/logs/heur_mslp/gurobi/08R_08V_04I_04M/lr209_grb_genconfig_mslp_seed_38_alpha_15p.log;random;08R_08V_04I_04M;1;0;1;/dados/rmelo/PDPTW-SE/benchmark_multi_island_v5/official_experiments/multistartlp/preliminar/set_01_pt_01/../../../../instances/orig_ams_fg/08R_08V_04I_04M/t2/lr209/;60000;50624;0;853.84;17;9;H;50;95;0;100.0;30.0;true;0.95;100.0;1.0;1.0;1.0;1.0;60;M;59268;60000;false;46;0.55;78.66;0.93;23;10;1000000;-1;3600;22.86;0.31;0.77;mslp;heur;0.07;0.61;-1;3600;60000;I;8;0.75;0.25;lr209;0;/dados/rmelo/PDPTW-SE/benchmark_multi_island_v5/official_experiments/multistartlp/preliminar/set_01_pt_01/logs;0;0;0;0.0;98.78;1;38;/dados/rmelo/PDPTW-SE/benchmark_multi_island_v5/official_experiments/multistartlp/preliminar/set_01_pt_01/logs/heur_mslp/solutions/08R_08V_04I_04M/lr209_sol_genconfig_mslp_seed_38_alpha_15p.txt;Gurobi;AUTOMATIC;1.75951341781e9;_bash_3;_seed_38_alpha_15p;13715.34;1;164.7;/dados/rmelo/PDPTW-SE/benchmark_multi_island_v5/official_experiments/multistartlp/preliminar/set_01_pt_01/logs/heur_mslp/timelines/08R_08V_04I_04M/lr209_timeline_genconfig_mslp_seed_38_alpha_15p.txt;194.46;t2;0;619.28;false
0.15;0.08;0.17;0.25;0.0;0.0;6;/dados/rmelo/PDPTW-SE/benchmark_multi_island_v5/official_experiments/multistartlp/preliminar/set_01_pt_01/logs/heur_mslp/outputs/csvresults_heur_mslp_bash_3.csv;0;4;1;18;0;0.0;0.5;true;10;2;lr109_t1_08R_08V_04I_04M;/dados/rmelo/PDPTW-SE/benchmark_multi_island_v5/official_experiments/multistartlp/preliminar/set_01_pt_01/configs/genconfig_mslp.conf;genconfig_mslp;/dados/rmelo/PDPTW-SE/benchmark_multi_island_v5/official_experiments/multistartlp/preliminar/set_01_pt_01/logs/heur_mslp/gurobi/08R_08V_04I_04M/lr109_grb_genconfig_mslp_seed_38_alpha_15p.log;random;08R_08V_04I_04M;1;0;1;/dados/rmelo/PDPTW-SE/benchmark_multi_island_v5/official_experiments/multistartlp/preliminar/set_01_pt_01/../../../../instances/orig_ams_fg/08R_08V_04I_04M/t1/lr109/;60000;111;0;706.16;17;9;H;50;95;0;100.0;30.0;true;0.95;100.0;1.0;1.0;1.0;1.0;60;M;60000;60000;false;52;0.9;65.14;0.76;26;10;1000000;-1;3600;12.53;0.6;0.41;mslp;heur;0.42;0.21;-1;3600;60000;I;8;0.75;0.5;lr109;0;/dados/rmelo/PDPTW-SE/benchmark_multi_island_v5/official_experiments/multistartlp/preliminar/set_01_pt_01/logs;0;0;0;0.0;100.0;1;38;/dados/rmelo/PDPTW-SE/benchmark_multi_island_v5/official_experiments/multistartlp/preliminar/set_01_pt_01/logs/heur_mslp/solutions/08R_08V_04I_04M/lr109_sol_genconfig_mslp_seed_38_alpha_15p.txt;Gurobi;AUTOMATIC;1.75951363423e9;_bash_3;_seed_38_alpha_15p;7515.04;1;0.56;/dados/rmelo/PDPTW-SE/benchmark_multi_island_v5/official_experiments/multistartlp/preliminar/set_01_pt_01/logs/heur_mslp/timelines/08R_08V_04I_04M/lr109_timeline_genconfig_mslp_seed_38_alpha_15p.txt;138.32;t1;0;555.44;false
0.15;0.02;0.04;0.06;0.0;0.0;16;/dados/rmelo/PDPTW-SE/benchmark_multi_island_v5/official_experiments/multistartlp/preliminar/set_01_pt_01/logs/heur_mslp/outputs/csvresults_heur_mslp_bash_3.csv;0;4;1;18;0;0.0;0.5;true;10;2;lr208_t2_08R_08V_04I_04M;/dados/rmelo/PDPTW-SE/benchmark_multi_island_v5/official_experiments/multistartlp/preliminar/set_01_pt_01/configs/genconfig_mslp.conf;genconfig_mslp;/dados/rmelo/PDPTW-SE/benchmark_multi_island_v5/official_experiments/multistartlp/preliminar/set_01_pt_01/logs/heur_mslp/gurobi/08R_08V_04I_04M/lr208_grb_genconfig_mslp_seed_38_alpha_15p.log;random;08R_08V_04I_04M;1;0;1;/dados/rmelo/PDPTW-SE/benchmark_multi_island_v5/official_experiments/multistartlp/preliminar/set_01_pt_01/../../../../instances/orig_ams_fg/08R_08V_04I_04M/t2/lr208/;60000;15978;0;769.31;17;9;H;50;95;0;100.0;30.0;true;0.95;100.0;1.0;1.0;1.0;1.0;60;M;33334;60000;false;38;0.62;77.91;0.97;19;10;1000000;-1;3600;3.69;0.62;0.97;mslp;heur;0.62;0.97;-1;3600;60000;I;8;1.0;0.12;lr208;0;/dados/rmelo/PDPTW-SE/benchmark_multi_island_v5/official_experiments/multistartlp/preliminar/set_01_pt_01/logs;0;0;0;0.0;55.56;1;38;/dados/rmelo/PDPTW-SE/benchmark_multi_island_v5/official_experiments/multistartlp/preliminar/set_01_pt_01/logs/heur_mslp/solutions/08R_08V_04I_04M/lr208_sol_genconfig_mslp_seed_38_alpha_15p.txt;Gurobi;AUTOMATIC;1.75951379369e9;_bash_3;_seed_38_alpha_15p;2216.18;1;66.74;/dados/rmelo/PDPTW-SE/benchmark_multi_island_v5/official_experiments/multistartlp/preliminar/set_01_pt_01/logs/heur_mslp/timelines/08R_08V_04I_04M/lr208_timeline_genconfig_mslp_seed_38_alpha_15p.txt;247.38;t2;0;624.05;false
0.15;0.0;0.07;0.07;0.0;0.0;7;/dados/rmelo/PDPTW-SE/benchmark_multi_island_v5/official_experiments/multistartlp/preliminar/set_01_pt_01/logs/heur_mslp/outputs/csvresults_heur_mslp_bash_3.csv;0;4;1;26;0;0.0;0.5;true;14;2;lr109_t1_12R_12V_02I_04M;/dados/rmelo/PDPTW-SE/benchmark_multi_island_v5/official_experiments/multistartlp/preliminar/set_01_pt_01/configs/genconfig_mslp.conf;genconfig_mslp;/dados/rmelo/PDPTW-SE/benchmark_multi_island_v5/official_experiments/multistartlp/preliminar/set_01_pt_01/logs/heur_mslp/gurobi/12R_12V_02I_04M/lr109_grb_genconfig_mslp_seed_38_alpha_15p.log;random;12R_12V_02I_04M;1;0;1;/dados/rmelo/PDPTW-SE/benchmark_multi_island_v5/official_experiments/multistartlp/preliminar/set_01_pt_01/../../../../instances/orig_ams_fg/12R_12V_02I_04M/t1/lr109/;60000;198;0;918.65;25;13;H;50;95;0;100.0;30.0;true;0.95;100.0;1.0;1.0;1.0;1.0;60;M;60000;60000;false;58;0.83;96.56;0.81;29;10;1000000;-1;3600;8.82;0.79;0.62;mslp;heur;0.73;0.25;-1;3600;60000;I;12;0.5;0.33;lr109;0;/dados/rmelo/PDPTW-SE/benchmark_multi_island_v5/official_experiments/multistartlp/preliminar/set_01_pt_01/logs;0;0;0;0.0;100.0;1;38;/dados/rmelo/PDPTW-SE/benchmark_multi_island_v5/official_experiments/multistartlp/preliminar/set_01_pt_01/logs/heur_mslp/solutions/12R_12V_02I_04M/lr109_sol_genconfig_mslp_seed_38_alpha_15p.txt;Gurobi;AUTOMATIC;1.75951406228e9;_bash_3;_seed_38_alpha_15p;5291.45;1;0.82;/dados/rmelo/PDPTW-SE/benchmark_multi_island_v5/official_experiments/multistartlp/preliminar/set_01_pt_01/logs/heur_mslp/timelines/12R_12V_02I_04M/lr109_timeline_genconfig_mslp_seed_38_alpha_15p.txt;157.61;t1;0;722.63;false
0.15;0.01;0.01;0.02;0.0;0.0;6;/dados/rmelo/PDPTW-SE/benchmark_multi_island_v5/official_experiments/multistartlp/preliminar/set_01_pt_01/logs/heur_mslp/outputs/csvresults_heur_mslp_bash_3.csv;0;4;1;26;0;0.0;0.5;true;14;2;lr208_t2_12R_12V_02I_04M;/dados/rmelo/PDPTW-SE/benchmark_multi_island_v5/official_experiments/multistartlp/preliminar/set_01_pt_01/configs/genconfig_mslp.conf;genconfig_mslp;/dados/rmelo/PDPTW-SE/benchmark_multi_island_v5/official_experiments/multistartlp/preliminar/set_01_pt_01/logs/heur_mslp/gurobi/12R_12V_02I_04M/lr208_grb_genconfig_mslp_seed_38_alpha_15p.log;random;12R_12V_02I_04M;1;0;1;/dados/rmelo/PDPTW-SE/benchmark_multi_island_v5/official_experiments/multistartlp/preliminar/set_01_pt_01/../../../../instances/orig_ams_fg/12R_12V_02I_04M/t2/lr208/;60000;11027;0;1050.69;25;13;H;50;95;0;100.0;30.0;true;0.95;100.0;1.0;1.0;1.0;1.0;60;M;51621;60000;false;58;0.78;113.97;0.91;29;10;1000000;-1;3600;6.21;0.78;0.91;mslp;heur;0.78;0.91;-1;3600;60000;I;12;0.75;0.08;lr208;0;/dados/rmelo/PDPTW-SE/benchmark_multi_island_v5/official_experiments/multistartlp/preliminar/set_01_pt_01/logs;0;0;0;0.0;86.04;1;38;/dados/rmelo/PDPTW-SE/benchmark_multi_island_v5/official_experiments/multistartlp/preliminar/set_01_pt_01/logs/heur_mslp/solutions/12R_12V_02I_04M/lr208_sol_genconfig_mslp_seed_38_alpha_15p.txt;Gurobi;AUTOMATIC;1.75951424136e9;_bash_3;_seed_38_alpha_15p;3727.24;1;54.07;/dados/rmelo/PDPTW-SE/benchmark_multi_island_v5/official_experiments/multistartlp/preliminar/set_01_pt_01/logs/heur_mslp/timelines/12R_12V_02I_04M/lr208_timeline_genconfig_mslp_seed_38_alpha_15p.txt;292.1;t2;0;782.35;false
0.15;0.02;0.08;0.1;0.0;0.0;7;/dados/rmelo/PDPTW-SE/benchmark_multi_island_v5/official_experiments/multistartlp/preliminar/set_01_pt_01/logs/heur_mslp/outputs/csvresults_heur_mslp_bash_3.csv;0;4;1;26;0;0.0;0.5;true;14;2;lr110_t1_12R_12V_02I_04M;/dados/rmelo/PDPTW-SE/benchmark_multi_island_v5/official_experiments/multistartlp/preliminar/set_01_pt_01/configs/genconfig_mslp.conf;genconfig_mslp;/dados/rmelo/PDPTW-SE/benchmark_multi_island_v5/official_experiments/multistartlp/preliminar/set_01_pt_01/logs/heur_mslp/gurobi/12R_12V_02I_04M/lr110_grb_genconfig_mslp_seed_38_alpha_15p.log;random;12R_12V_02I_04M;1;1569;1;/dados/rmelo/PDPTW-SE/benchmark_multi_island_v5/official_experiments/multistartlp/preliminar/set_01_pt_01/../../../../instances/orig_ams_fg/12R_12V_02I_04M/t1/lr110/;60000;3457;0;1144.05;25;13;H;50;95;0;100.0;30.0;true;0.95;100.0;1.0;1.0;1.0;1.0;60;M;58431;58431;false;52;0.99;121.03;0.67;26;10;1000000;-1;3600;4.64;0.7;0.49;mslp;heur;0.52;0.19;-1;3600;60000;I;12;1.0;0.5;lr110;0;/dados/rmelo/PDPTW-SE/benchmark_multi_island_v5/official_experiments/multistartlp/preliminar/set_01_pt_01/logs;0;0;0;2.62;100.0;1;38;/dados/rmelo/PDPTW-SE/benchmark_multi_island_v5/official_experiments/multistartlp/preliminar/set_01_pt_01/logs/heur_mslp/solutions/12R_12V_02I_04M/lr110_sol_genconfig_mslp_seed_38_alpha_15p.txt;Gurobi;AUTOMATIC;1.75951455558e9;_bash_3;_seed_38_alpha_15p;2714.12;1;9.68;/dados/rmelo/PDPTW-SE/benchmark_multi_island_v5/official_experiments/multistartlp/preliminar/set_01_pt_01/logs/heur_mslp/timelines/12R_12V_02I_04M/lr110_timeline_genconfig_mslp_seed_38_alpha_15p.txt;166.0;t1;0;971.55;false
0.15;0.0;0.03;0.03;0.0;0.0;15;/dados/rmelo/PDPTW-SE/benchmark_multi_island_v5/official_experiments/multistartlp/preliminar/set_01_pt_01/logs/heur_mslp/outputs/csvresults_heur_mslp_bash_3.csv;0;4;1;26;0;0.0;0.5;true;14;2;lr207_t2_12R_12V_02I_04M;/dados/rmelo/PDPTW-SE/benchmark_multi_island_v5/official_experiments/multistartlp/preliminar/set_01_pt_01/configs/genconfig_mslp.conf;genconfig_mslp;/dados/rmelo/PDPTW-SE/benchmark_multi_island_v5/official_experiments/multistartlp/preliminar/set_01_pt_01/logs/heur_mslp/gurobi/12R_12V_02I_04M/lr207_grb_genconfig_mslp_seed_38_alpha_15p.log;random;12R_12V_02I_04M;1;0;1;/dados/rmelo/PDPTW-SE/benchmark_multi_island_v5/official_experiments/multistartlp/preliminar/set_01_pt_01/../../../../instances/orig_ams_fg/12R_12V_02I_04M/t2/lr207/;60000;52399;0;1523.58;25;13;H;50;95;0;100.0;30.0;true;0.95;100.0;1.0;1.0;1.0;1.0;60;M;59893;60000;false;40;0.87;107.37;1.0;20;10;1000000;-1;3600;14.18;0.87;1.0;mslp;heur;0.87;1.0;-1;3600;60000;I;12;0.25;0.08;lr207;0;/dados/rmelo/PDPTW-SE/benchmark_multi_island_v5/official_experiments/multistartlp/preliminar/set_01_pt_01/logs;0;0;0;0.0;99.82;1;38;/dados/rmelo/PDPTW-SE/benchmark_multi_island_v5/official_experiments/multistartlp/preliminar/set_01_pt_01/logs/heur_mslp/solutions/12R_12V_02I_04M/lr207_sol_genconfig_mslp_seed_38_alpha_15p.txt;Gurobi;AUTOMATIC;1.75951474325e9;_bash_3;_seed_38_alpha_15p;8509.94;1;228.25;/dados/rmelo/PDPTW-SE/benchmark_multi_island_v5/official_experiments/multistartlp/preliminar/set_01_pt_01/logs/heur_mslp/timelines/12R_12V_02I_04M/lr207_timeline_genconfig_mslp_seed_38_alpha_15p.txt;261.76;t2;0;872.19;false
0.15;0.09;0.2;0.29;0.0;0.0;4;/dados/rmelo/PDPTW-SE/benchmark_multi_island_v5/official_experiments/multistartlp/preliminar/set_01_pt_01/logs/heur_mslp/outputs/csvresults_heur_mslp_bash_3.csv;0;4;1;26;0;0.0;0.5;true;14;2;lr110_t1_12R_12V_04I_04M;/dados/rmelo/PDPTW-SE/benchmark_multi_island_v5/official_experiments/multistartlp/preliminar/set_01_pt_01/configs/genconfig_mslp.conf;genconfig_mslp;/dados/rmelo/PDPTW-SE/benchmark_multi_island_v5/official_experiments/multistartlp/preliminar/set_01_pt_01/logs/heur_mslp/gurobi/12R_12V_04I_04M/lr110_grb_genconfig_mslp_seed_38_alpha_15p.log;random;12R_12V_04I_04M;1;869;1;/dados/rmelo/PDPTW-SE/benchmark_multi_island_v5/official_experiments/multistartlp/preliminar/set_01_pt_01/../../../../instances/orig_ams_fg/12R_12V_04I_04M/t1/lr110/;60000;43744;0;1073.09;25;13;H;50;95;0;100.0;30.0;true;0.95;100.0;1.0;1.0;1.0;1.0;60;M;59131;59131;false;52;0.72;72.82;0.85;26;10;1000000;-1;3600;12.8;0.57;0.46;mslp;heur;0.37;0.1;-1;3600;60000;I;12;1.0;0.5;lr110;0;/dados/rmelo/PDPTW-SE/benchmark_multi_island_v5/official_experiments/multistartlp/preliminar/set_01_pt_01/logs;0;0;0;1.45;100.0;1;38;/dados/rmelo/PDPTW-SE/benchmark_multi_island_v5/official_experiments/multistartlp/preliminar/set_01_pt_01/logs/heur_mslp/solutions/12R_12V_04I_04M/lr110_sol_genconfig_mslp_seed_38_alpha_15p.txt;Gurobi;AUTOMATIC;1.75951502692e9;_bash_3;_seed_38_alpha_15p;7569.13;1;132.54;/dados/rmelo/PDPTW-SE/benchmark_multi_island_v5/official_experiments/multistartlp/preliminar/set_01_pt_01/logs/heur_mslp/timelines/12R_12V_04I_04M/lr110_timeline_genconfig_mslp_seed_38_alpha_15p.txt;180.58;t1;0;787.65;false
0.15;0.02;0.06;0.09;0.0;0.0;15;/dados/rmelo/PDPTW-SE/benchmark_multi_island_v5/official_experiments/multistartlp/preliminar/set_01_pt_01/logs/heur_mslp/outputs/csvresults_heur_mslp_bash_3.csv;0;4;1;26;0;0.0;0.5;true;14;2;lr207_t2_12R_12V_04I_04M;/dados/rmelo/PDPTW-SE/benchmark_multi_island_v5/official_experiments/multistartlp/preliminar/set_01_pt_01/configs/genconfig_mslp.conf;genconfig_mslp;/dados/rmelo/PDPTW-SE/benchmark_multi_island_v5/official_experiments/multistartlp/preliminar/set_01_pt_01/logs/heur_mslp/gurobi/12R_12V_04I_04M/lr207_grb_genconfig_mslp_seed_38_alpha_15p.log;random;12R_12V_04I_04M;1;0;1;/dados/rmelo/PDPTW-SE/benchmark_multi_island_v5/official_experiments/multistartlp/preliminar/set_01_pt_01/../../../../instances/orig_ams_fg/12R_12V_04I_04M/t2/lr207/;60000;55376;0;1629.54;25;13;H;50;95;0;100.0;30.0;true;0.95;100.0;1.0;1.0;1.0;1.0;60;M;59966;60000;false;40;0.9;86.12;0.97;20;10;1000000;-1;3600;15.68;0.9;0.97;mslp;heur;0.9;0.97;-1;3600;60000;I;12;0.75;0.08;lr207;0;/dados/rmelo/PDPTW-SE/benchmark_multi_island_v5/official_experiments/multistartlp/preliminar/set_01_pt_01/logs;0;0;0;0.0;99.94;1;38;/dados/rmelo/PDPTW-SE/benchmark_multi_island_v5/official_experiments/multistartlp/preliminar/set_01_pt_01/logs/heur_mslp/solutions/12R_12V_04I_04M/lr207_sol_genconfig_mslp_seed_38_alpha_15p.txt;Gurobi;AUTOMATIC;1.75951522902e9;_bash_3;_seed_38_alpha_15p;9407.02;1;320.72;/dados/rmelo/PDPTW-SE/benchmark_multi_island_v5/official_experiments/multistartlp/preliminar/set_01_pt_01/logs/heur_mslp/timelines/12R_12V_04I_04M/lr207_timeline_genconfig_mslp_seed_38_alpha_15p.txt;347.3;t2;0;896.62;false
0.15;0.06;0.15;0.21;0.0;0.04;5;/dados/rmelo/PDPTW-SE/benchmark_multi_island_v5/official_experiments/multistartlp/preliminar/set_01_pt_01/logs/heur_mslp/outputs/csvresults_heur_mslp_bash_3.csv;0;4;1;26;0;0.0;0.5;true;14;2;lr108_t1_12R_12V_04I_04M;/dados/rmelo/PDPTW-SE/benchmark_multi_island_v5/official_experiments/multistartlp/preliminar/set_01_pt_01/configs/genconfig_mslp.conf;genconfig_mslp;/dados/rmelo/PDPTW-SE/benchmark_multi_island_v5/official_experiments/multistartlp/preliminar/set_01_pt_01/logs/heur_mslp/gurobi/12R_12V_04I_04M/lr108_grb_genconfig_mslp_seed_38_alpha_15p.log;random;12R_12V_04I_04M;1;448;1;/dados/rmelo/PDPTW-SE/benchmark_multi_island_v5/official_experiments/multistartlp/preliminar/set_01_pt_01/../../../../instances/orig_ams_fg/12R_12V_04I_04M/t1/lr108/;60000;19333;0;1079.77;25;13;H;50;95;0;100.0;30.0;true;0.95;100.0;1.0;1.0;1.0;1.0;60;M;59552;59552;false;58;0.99;75.48;0.94;29;10;1000000;-1;3600;5.9;0.91;0.7;mslp;heur;0.77;0.5;-1;3600;60000;I;12;1.0;0.33;lr108;0;/dados/rmelo/PDPTW-SE/benchmark_multi_island_v5/official_experiments/multistartlp/preliminar/set_01_pt_01/logs;0;0;0;0.75;100.0;1;38;/dados/rmelo/PDPTW-SE/benchmark_multi_island_v5/official_experiments/multistartlp/preliminar/set_01_pt_01/logs/heur_mslp/solutions/12R_12V_04I_04M/lr108_sol_genconfig_mslp_seed_38_alpha_15p.txt;Gurobi;AUTOMATIC;1.75951559837e9;_bash_3;_seed_38_alpha_15p;3511.02;1;65.91;/dados/rmelo/PDPTW-SE/benchmark_multi_island_v5/official_experiments/multistartlp/preliminar/set_01_pt_01/logs/heur_mslp/timelines/12R_12V_04I_04M/lr108_timeline_genconfig_mslp_seed_38_alpha_15p.txt;200.76;t1;0;833.35;false
0.15;0.02;0.06;0.09;0.0;0.0;15;/dados/rmelo/PDPTW-SE/benchmark_multi_island_v5/official_experiments/multistartlp/preliminar/set_01_pt_01/logs/heur_mslp/outputs/csvresults_heur_mslp_bash_3.csv;0;4;1;26;0;0.0;0.5;true;14;2;lr207_t2_12R_12V_04I_04M;/dados/rmelo/PDPTW-SE/benchmark_multi_island_v5/official_experiments/multistartlp/preliminar/set_01_pt_01/configs/genconfig_mslp.conf;genconfig_mslp;/dados/rmelo/PDPTW-SE/benchmark_multi_island_v5/official_experiments/multistartlp/preliminar/set_01_pt_01/logs/heur_mslp/gurobi/12R_12V_04I_04M/lr207_grb_genconfig_mslp_seed_38_alpha_15p.log;random;12R_12V_04I_04M;1;0;1;/dados/rmelo/PDPTW-SE/benchmark_multi_island_v5/official_experiments/multistartlp/preliminar/set_01_pt_01/../../../../instances/orig_ams_fg/12R_12V_04I_04M/t2/lr207/;60000;55376;0;1629.54;25;13;H;50;95;0;100.0;30.0;true;0.95;100.0;1.0;1.0;1.0;1.0;60;M;59966;60000;false;40;0.9;86.12;0.97;20;10;1000000;-1;3600;15.68;0.9;0.97;mslp;heur;0.9;0.97;-1;3600;60000;I;12;0.75;0.08;lr207;0;/dados/rmelo/PDPTW-SE/benchmark_multi_island_v5/official_experiments/multistartlp/preliminar/set_01_pt_01/logs;0;0;0;0.0;99.94;1;38;/dados/rmelo/PDPTW-SE/benchmark_multi_island_v5/official_experiments/multistartlp/preliminar/set_01_pt_01/logs/heur_mslp/solutions/12R_12V_04I_04M/lr207_sol_genconfig_mslp_seed_38_alpha_15p.txt;Gurobi;AUTOMATIC;1.75951582138e9;_bash_3;_seed_38_alpha_15p;9407.02;1;317.53;/dados/rmelo/PDPTW-SE/benchmark_multi_island_v5/official_experiments/multistartlp/preliminar/set_01_pt_01/logs/heur_mslp/timelines/12R_12V_04I_04M/lr207_timeline_genconfig_mslp_seed_38_alpha_15p.txt;343.82;t2;0;896.62;false
0.15;0.02;0.07;0.09;0.0;0.08;4;/dados/rmelo/PDPTW-SE/benchmark_multi_island_v5/official_experiments/multistartlp/preliminar/set_01_pt_01/logs/heur_mslp/outputs/csvresults_heur_mslp_bash_3.csv;0;6;1;82;0;0.0;0.5;true;42;2;LR1_2_6_t1_40R_40V_02I_06M;/dados/rmelo/PDPTW-SE/benchmark_multi_island_v5/official_experiments/multistartlp/preliminar/set_01_pt_01/configs/genconfig_mslp.conf;genconfig_mslp;/dados/rmelo/PDPTW-SE/benchmark_multi_island_v5/official_experiments/multistartlp/preliminar/set_01_pt_01/logs/heur_mslp/gurobi/40R_40V_02I_06M/LR1_2_6_grb_genconfig_mslp_seed_38_alpha_15p.log;random;40R_40V_02I_06M;1;58216;1;/dados/rmelo/PDPTW-SE/benchmark_multi_island_v5/official_experiments/multistartlp/preliminar/set_01_pt_01/../../../../instances/orig_ams_fg/40R_40V_02I_06M/t1/LR1_2_6/;60000;55943;0;7290.95;81;41;H;50;95;0;100.0;30.0;true;0.95;100.0;1.0;1.0;1.0;1.0;60;M;1784;1784;false;72;0.97;213.59;0.96;36;10;1000000;-1;3600;4.87;0.74;0.68;mslp;heur;0.49;0.29;-1;3600;60000;I;40;1.0;0.3;LR1_2_6;0;/dados/rmelo/PDPTW-SE/benchmark_multi_island_v5/official_experiments/multistartlp/preliminar/set_01_pt_01/logs;0;0;0;97.03;100.0;1;38;/dados/rmelo/PDPTW-SE/benchmark_multi_island_v5/official_experiments/multistartlp/preliminar/set_01_pt_01/logs/heur_mslp/solutions/40R_40V_02I_06M/LR1_2_6_sol_genconfig_mslp_seed_38_alpha_15p.txt;Gurobi;AUTOMATIC;1.75951618739e9;_bash_3;_seed_38_alpha_15p;86.86;1;237.6;/dados/rmelo/PDPTW-SE/benchmark_multi_island_v5/official_experiments/multistartlp/preliminar/set_01_pt_01/logs/heur_mslp/timelines/40R_40V_02I_06M/LR1_2_6_timeline_genconfig_mslp_seed_38_alpha_15p.txt;254.3;t1;0;5615.43;false
0.15;0.01;0.02;0.03;0.05;0.07;12;/dados/rmelo/PDPTW-SE/benchmark_multi_island_v5/official_experiments/multistartlp/preliminar/set_01_pt_01/logs/heur_mslp/outputs/csvresults_heur_mslp_bash_3.csv;0;6;1;82;0;0.0;0.5;true;42;2;LR2_2_10_t2_40R_40V_02I_06M;/dados/rmelo/PDPTW-SE/benchmark_multi_island_v5/official_experiments/multistartlp/preliminar/set_01_pt_01/configs/genconfig_mslp.conf;genconfig_mslp;/dados/rmelo/PDPTW-SE/benchmark_multi_island_v5/official_experiments/multistartlp/preliminar/set_01_pt_01/logs/heur_mslp/gurobi/40R_40V_02I_06M/LR2_2_10_grb_genconfig_mslp_seed_38_alpha_15p.log;random;40R_40V_02I_06M;1;0;1;/dados/rmelo/PDPTW-SE/benchmark_multi_island_v5/official_experiments/multistartlp/preliminar/set_01_pt_01/../../../../instances/orig_ams_fg/40R_40V_02I_06M/t2/LR2_2_10/;60000;58383;0;8259.84;81;41;H;50;95;0;100.0;30.0;true;0.95;100.0;1.0;1.0;1.0;1.0;60;M;60000;60000;false;80;0.99;269.32;1.0;40;10;1000000;-1;3600;6.34;0.63;0.98;mslp;heur;0.37;0.9;-1;3600;60000;I;40;0.67;0.1;LR2_2_10;0;/dados/rmelo/PDPTW-SE/benchmark_multi_island_v5/official_experiments/multistartlp/preliminar/set_01_pt_01/logs;0;0;0;0.0;100.0;1;38;/dados/rmelo/PDPTW-SE/benchmark_multi_island_v5/official_experiments/multistartlp/preliminar/set_01_pt_01/logs/heur_mslp/solutions/40R_40V_02I_06M/LR2_2_10_sol_genconfig_mslp_seed_38_alpha_15p.txt;Gurobi;AUTOMATIC;1.75951646361e9;_bash_3;_seed_38_alpha_15p;3806.47;1;1391.78;/dados/rmelo/PDPTW-SE/benchmark_multi_island_v5/official_experiments/multistartlp/preliminar/set_01_pt_01/logs/heur_mslp/timelines/40R_40V_02I_06M/LR2_2_10_timeline_genconfig_mslp_seed_38_alpha_15p.txt;1430.02;t2;0;6382.31;false
0.15;0.01;0.03;0.04;0.0;0.0;7;/dados/rmelo/PDPTW-SE/benchmark_multi_island_v5/official_experiments/multistartlp/preliminar/set_01_pt_01/logs/heur_mslp/outputs/csvresults_heur_mslp_bash_3.csv;0;6;1;82;0;0.0;0.5;true;42;2;LR1_2_8_t1_40R_40V_02I_06M;/dados/rmelo/PDPTW-SE/benchmark_multi_island_v5/official_experiments/multistartlp/preliminar/set_01_pt_01/configs/genconfig_mslp.conf;genconfig_mslp;/dados/rmelo/PDPTW-SE/benchmark_multi_island_v5/official_experiments/multistartlp/preliminar/set_01_pt_01/logs/heur_mslp/gurobi/40R_40V_02I_06M/LR1_2_8_grb_genconfig_mslp_seed_38_alpha_15p.log;random;40R_40V_02I_06M;1;55486;1;/dados/rmelo/PDPTW-SE/benchmark_multi_island_v5/official_experiments/multistartlp/preliminar/set_01_pt_01/../../../../instances/orig_ams_fg/40R_40V_02I_06M/t1/LR1_2_8/;60000;57574;0;5564.67;81;41;H;50;95;0;100.0;30.0;true;0.95;100.0;1.0;1.0;1.0;1.0;60;M;4514;4514;false;86;1.0;260.25;0.97;43;10;1000000;-1;3600;1.8;0.81;0.74;mslp;heur;0.23;0.22;-1;3600;60000;I;40;1.0;0.18;LR1_2_8;0;/dados/rmelo/PDPTW-SE/benchmark_multi_island_v5/official_experiments/multistartlp/preliminar/set_01_pt_01/logs;0;0;0;92.48;100.0;1;38;/dados/rmelo/PDPTW-SE/benchmark_multi_island_v5/official_experiments/multistartlp/preliminar/set_01_pt_01/logs/heur_mslp/solutions/40R_40V_02I_06M/LR1_2_8_sol_genconfig_mslp_seed_38_alpha_15p.txt;Gurobi;AUTOMATIC;1.75951791465e9;_bash_3;_seed_38_alpha_15p;81.09;1;401.17;/dados/rmelo/PDPTW-SE/benchmark_multi_island_v5/official_experiments/multistartlp/preliminar/set_01_pt_01/logs/heur_mslp/timelines/40R_40V_02I_06M/LR1_2_8_timeline_genconfig_mslp_seed_38_alpha_15p.txt;418.46;t1;0;3873.89;false
0.15;0.01;0.02;0.03;0.05;0.07;12;/dados/rmelo/PDPTW-SE/benchmark_multi_island_v5/official_experiments/multistartlp/preliminar/set_01_pt_01/logs/heur_mslp/outputs/csvresults_heur_mslp_bash_3.csv;0;6;1;82;0;0.0;0.5;true;42;2;LR2_2_10_t2_40R_40V_02I_06M;/dados/rmelo/PDPTW-SE/benchmark_multi_island_v5/official_experiments/multistartlp/preliminar/set_01_pt_01/configs/genconfig_mslp.conf;genconfig_mslp;/dados/rmelo/PDPTW-SE/benchmark_multi_island_v5/official_experiments/multistartlp/preliminar/set_01_pt_01/logs/heur_mslp/gurobi/40R_40V_02I_06M/LR2_2_10_grb_genconfig_mslp_seed_38_alpha_15p.log;random;40R_40V_02I_06M;1;0;1;/dados/rmelo/PDPTW-SE/benchmark_multi_island_v5/official_experiments/multistartlp/preliminar/set_01_pt_01/../../../../instances/orig_ams_fg/40R_40V_02I_06M/t2/LR2_2_10/;60000;58383;0;8259.84;81;41;H;50;95;0;100.0;30.0;true;0.95;100.0;1.0;1.0;1.0;1.0;60;M;60000;60000;false;80;0.99;269.32;1.0;40;10;1000000;-1;3600;6.34;0.63;0.98;mslp;heur;0.37;0.9;-1;3600;60000;I;40;0.67;0.1;LR2_2_10;0;/dados/rmelo/PDPTW-SE/benchmark_multi_island_v5/official_experiments/multistartlp/preliminar/set_01_pt_01/logs;0;0;0;0.0;100.0;1;38;/dados/rmelo/PDPTW-SE/benchmark_multi_island_v5/official_experiments/multistartlp/preliminar/set_01_pt_01/logs/heur_mslp/solutions/40R_40V_02I_06M/LR2_2_10_sol_genconfig_mslp_seed_38_alpha_15p.txt;Gurobi;AUTOMATIC;1.75951835402e9;_bash_3;_seed_38_alpha_15p;3806.47;1;1384.67;/dados/rmelo/PDPTW-SE/benchmark_multi_island_v5/official_experiments/multistartlp/preliminar/set_01_pt_01/logs/heur_mslp/timelines/40R_40V_02I_06M/LR2_2_10_timeline_genconfig_mslp_seed_38_alpha_15p.txt;1422.6;t2;0;6382.31;false
0.15;0.07;0.13;0.2;0.0;0.04;9;/dados/rmelo/PDPTW-SE/benchmark_multi_island_v5/official_experiments/multistartlp/preliminar/set_01_pt_01/logs/heur_mslp/outputs/csvresults_heur_mslp_bash_3.csv;0;6;1;82;0;0.0;0.5;true;42;2;LR1_2_10_t1_40R_40V_04I_06M;/dados/rmelo/PDPTW-SE/benchmark_multi_island_v5/official_experiments/multistartlp/preliminar/set_01_pt_01/configs/genconfig_mslp.conf;genconfig_mslp;/dados/rmelo/PDPTW-SE/benchmark_multi_island_v5/official_experiments/multistartlp/preliminar/set_01_pt_01/logs/heur_mslp/gurobi/40R_40V_04I_06M/LR1_2_10_grb_genconfig_mslp_seed_38_alpha_15p.log;random;40R_40V_04I_06M;1;14982;1;/dados/rmelo/PDPTW-SE/benchmark_multi_island_v5/official_experiments/multistartlp/preliminar/set_01_pt_01/../../../../instances/orig_ams_fg/40R_40V_04I_06M/t1/LR1_2_10/;60000;12012;0;5830.47;81;41;H;50;95;0;100.0;30.0;true;0.95;100.0;1.0;1.0;1.0;1.0;60;M;45018;45018;false;72;0.96;175.77;0.94;36;10;1000000;-1;3600;6.33;0.67;0.73;mslp;heur;0.23;0.33;-1;3600;60000;I;40;1.0;0.25;LR1_2_10;0;/dados/rmelo/PDPTW-SE/benchmark_multi_island_v5/official_experiments/multistartlp/preliminar/set_01_pt_01/logs;0;0;0;24.97;100.0;1;38;/dados/rmelo/PDPTW-SE/benchmark_multi_island_v5/official_experiments/multistartlp/preliminar/set_01_pt_01/logs/heur_mslp/solutions/40R_40V_04I_06M/LR1_2_10_sol_genconfig_mslp_seed_38_alpha_15p.txt;Gurobi;AUTOMATIC;1.75951979802e9;_bash_3;_seed_38_alpha_15p;2851.42;1;196.26;/dados/rmelo/PDPTW-SE/benchmark_multi_island_v5/official_experiments/multistartlp/preliminar/set_01_pt_01/logs/heur_mslp/timelines/40R_40V_04I_06M/LR1_2_10_timeline_genconfig_mslp_seed_38_alpha_15p.txt;973.37;t1;0;4272.74;false
0.15;0.03;0.06;0.09;0.01;0.01;6;/dados/rmelo/PDPTW-SE/benchmark_multi_island_v5/official_experiments/multistartlp/preliminar/set_01_pt_01/logs/heur_mslp/outputs/csvresults_heur_mslp_bash_3.csv;0;6;1;82;0;0.0;0.5;true;42;2;LR2_2_7_t2_40R_40V_04I_06M;/dados/rmelo/PDPTW-SE/benchmark_multi_island_v5/official_experiments/multistartlp/preliminar/set_01_pt_01/configs/genconfig_mslp.conf;genconfig_mslp;/dados/rmelo/PDPTW-SE/benchmark_multi_island_v5/official_experiments/multistartlp/preliminar/set_01_pt_01/logs/heur_mslp/gurobi/40R_40V_04I_06M/LR2_2_7_grb_genconfig_mslp_seed_38_alpha_15p.log;random;40R_40V_04I_06M;1;0;1;/dados/rmelo/PDPTW-SE/benchmark_multi_island_v5/official_experiments/multistartlp/preliminar/set_01_pt_01/../../../../instances/orig_ams_fg/40R_40V_04I_06M/t2/LR2_2_7/;56158;35182;0;7703.42;81;41;H;50;95;0;100.0;30.0;true;0.95;100.0;1.0;1.0;1.0;1.0;60;M;56157;56158;false;78;0.76;185.38;1.0;39;10;1000000;-1;3600;2.62;0.74;0.99;mslp;heur;0.71;0.96;-1;3600;60000;I;40;1.0;0.08;LR2_2_7;0;/dados/rmelo/PDPTW-SE/benchmark_multi_island_v5/official_experiments/multistartlp/preliminar/set_01_pt_01/logs;0;0;0;0.0;100.0;1;38;/dados/rmelo/PDPTW-SE/benchmark_multi_island_v5/official_experiments/multistartlp/preliminar/set_01_pt_01/logs/heur_mslp/solutions/40R_40V_04I_06M/LR2_2_7_sol_genconfig_mslp_seed_38_alpha_15p.txt;Gurobi;AUTOMATIC;1.75952079207e9;_bash_3;_seed_38_alpha_15p;1468.75;1;2261.76;/dados/rmelo/PDPTW-SE/benchmark_multi_island_v5/official_experiments/multistartlp/preliminar/set_01_pt_01/logs/heur_mslp/timelines/40R_40V_04I_06M/LR2_2_7_timeline_genconfig_mslp_seed_38_alpha_15p.txt;3600.05;t2;0;5642.83;false
0.15;0.06;0.11;0.17;0.0;0.0;9;/dados/rmelo/PDPTW-SE/benchmark_multi_island_v5/official_experiments/multistartlp/preliminar/set_01_pt_01/logs/heur_mslp/outputs/csvresults_heur_mslp_bash_3.csv;0;6;1;82;0;0.0;0.5;true;42;2;LR1_2_8_t1_40R_40V_04I_06M;/dados/rmelo/PDPTW-SE/benchmark_multi_island_v5/official_experiments/multistartlp/preliminar/set_01_pt_01/configs/genconfig_mslp.conf;genconfig_mslp;/dados/rmelo/PDPTW-SE/benchmark_multi_island_v5/official_experiments/multistartlp/preliminar/set_01_pt_01/logs/heur_mslp/gurobi/40R_40V_04I_06M/LR1_2_8_grb_genconfig_mslp_seed_38_alpha_15p.log;random;40R_40V_04I_06M;1;16163;1;/dados/rmelo/PDPTW-SE/benchmark_multi_island_v5/official_experiments/multistartlp/preliminar/set_01_pt_01/../../../../instances/orig_ams_fg/40R_40V_04I_06M/t1/LR1_2_8/;60000;38062;0;4828.39;81;41;H;50;95;0;100.0;30.0;true;0.95;100.0;1.0;1.0;1.0;1.0;60;M;43831;43837;false;86;1.0;175.25;0.99;43;10;1000000;-1;3600;2.59;0.89;0.86;mslp;heur;0.83;0.67;-1;3600;60000;I;40;1.0;0.15;LR1_2_8;0;/dados/rmelo/PDPTW-SE/benchmark_multi_island_v5/official_experiments/multistartlp/preliminar/set_01_pt_01/logs;0;0;0;26.94;99.99;1;38;/dados/rmelo/PDPTW-SE/benchmark_multi_island_v5/official_experiments/multistartlp/preliminar/set_01_pt_01/logs/heur_mslp/solutions/40R_40V_04I_06M/LR1_2_8_sol_genconfig_mslp_seed_38_alpha_15p.txt;Gurobi;AUTOMATIC;1.75952441293e9;_bash_3;_seed_38_alpha_15p;1133.72;1;1124.92;/dados/rmelo/PDPTW-SE/benchmark_multi_island_v5/official_experiments/multistartlp/preliminar/set_01_pt_01/logs/heur_mslp/timelines/40R_40V_04I_06M/LR1_2_8_timeline_genconfig_mslp_seed_38_alpha_15p.txt;1770.42;t1;0;3403.09;false
0.15;0.03;0.06;0.1;0.0;0.0;8;/dados/rmelo/PDPTW-SE/benchmark_multi_island_v5/official_experiments/multistartlp/preliminar/set_01_pt_01/logs/heur_mslp/outputs/csvresults_heur_mslp_bash_3.csv;0;6;1;82;0;0.0;0.5;true;42;2;LR2_2_6_t2_40R_40V_04I_06M;/dados/rmelo/PDPTW-SE/benchmark_multi_island_v5/official_experiments/multistartlp/preliminar/set_01_pt_01/configs/genconfig_mslp.conf;genconfig_mslp;/dados/rmelo/PDPTW-SE/benchmark_multi_island_v5/official_experiments/multistartlp/preliminar/set_01_pt_01/logs/heur_mslp/gurobi/40R_40V_04I_06M/LR2_2_6_grb_genconfig_mslp_seed_38_alpha_15p.log;random;40R_40V_04I_06M;1;0;1;/dados/rmelo/PDPTW-SE/benchmark_multi_island_v5/official_experiments/multistartlp/preliminar/set_01_pt_01/../../../../instances/orig_ams_fg/40R_40V_04I_06M/t2/LR2_2_6/;60000;31630;0;10059.45;81;41;H;50;95;0;100.0;30.0;true;0.95;100.0;1.0;1.0;1.0;1.0;60;M;60000;60000;false;80;0.84;181.23;1.0;40;10;1000000;-1;3600;4.45;0.81;0.91;mslp;heur;0.79;0.75;-1;3600;60000;I;40;1.0;0.08;LR2_2_6;0;/dados/rmelo/PDPTW-SE/benchmark_multi_island_v5/official_experiments/multistartlp/preliminar/set_01_pt_01/logs;0;0;0;0.0;100.0;1;38;/dados/rmelo/PDPTW-SE/benchmark_multi_island_v5/official_experiments/multistartlp/preliminar/set_01_pt_01/logs/heur_mslp/solutions/40R_40V_04I_06M/LR2_2_6_sol_genconfig_mslp_seed_38_alpha_15p.txt;Gurobi;AUTOMATIC;1.759526204e9;_bash_3;_seed_38_alpha_15p;2668.43;1;1594.09;/dados/rmelo/PDPTW-SE/benchmark_multi_island_v5/official_experiments/multistartlp/preliminar/set_01_pt_01/logs/heur_mslp/timelines/40R_40V_04I_06M/LR2_2_6_timeline_genconfig_mslp_seed_38_alpha_15p.txt;3019.57;t2;0;6164.03;false
0.15;0.04;0.08;0.12;0.0;0.05;1;/dados/rmelo/PDPTW-SE/benchmark_multi_island_v5/official_experiments/multistartlp/preliminar/set_01_pt_01/logs/heur_mslp/outputs/csvresults_heur_mslp_bash_3.csv;0;6;1;122;0;0.0;0.5;true;62;2;LR1_2_6_t1_60R_60V_02I_06M;/dados/rmelo/PDPTW-SE/benchmark_multi_island_v5/official_experiments/multistartlp/preliminar/set_01_pt_01/configs/genconfig_mslp.conf;genconfig_mslp;/dados/rmelo/PDPTW-SE/benchmark_multi_island_v5/official_experiments/multistartlp/preliminar/set_01_pt_01/logs/heur_mslp/gurobi/60R_60V_02I_06M/LR1_2_6_grb_genconfig_mslp_seed_38_alpha_15p.log;random;60R_60V_02I_06M;1;59999;1;/dados/rmelo/PDPTW-SE/benchmark_multi_island_v5/official_experiments/multistartlp/preliminar/set_01_pt_01/../../../../instances/orig_ams_fg/60R_60V_02I_06M/t1/LR1_2_6/;60000;1;0;10597.13;121;61;H;50;95;0;100.0;30.0;true;0.95;100.0;1.0;1.0;1.0;1.0;60;M;1;1;false;82;0.96;277.16;1.0;41;10;1000000;-1;3600;2.74;0.68;0.54;mslp;heur;0.44;0.11;-1;3600;60000;I;60;1.0;0.35;LR1_2_6;0;/dados/rmelo/PDPTW-SE/benchmark_multi_island_v5/official_experiments/multistartlp/preliminar/set_01_pt_01/logs;0;0;0;100.0;100.0;1;38;/dados/rmelo/PDPTW-SE/benchmark_multi_island_v5/official_experiments/multistartlp/preliminar/set_01_pt_01/logs/heur_mslp/solutions/60R_60V_02I_06M/LR1_2_6_sol_genconfig_mslp_seed_38_alpha_15p.txt;Gurobi;AUTOMATIC;1.75952924436e9;_bash_3;_seed_38_alpha_15p;0.03;1;0.05;/dados/rmelo/PDPTW-SE/benchmark_multi_island_v5/official_experiments/multistartlp/preliminar/set_01_pt_01/logs/heur_mslp/timelines/60R_60V_02I_06M/LR1_2_6_timeline_genconfig_mslp_seed_38_alpha_15p.txt;214.12;t1;0;10306.72;false
0.15;0.01;0.01;0.02;0.0;0.0;6;/dados/rmelo/PDPTW-SE/benchmark_multi_island_v5/official_experiments/multistartlp/preliminar/set_01_pt_01/logs/heur_mslp/outputs/csvresults_heur_mslp_bash_3.csv;0;6;1;122;0;0.0;0.5;true;62;2;LR2_2_8_t2_60R_60V_02I_06M;/dados/rmelo/PDPTW-SE/benchmark_multi_island_v5/official_experiments/multistartlp/preliminar/set_01_pt_01/configs/genconfig_mslp.conf;genconfig_mslp;/dados/rmelo/PDPTW-SE/benchmark_multi_island_v5/official_experiments/multistartlp/preliminar/set_01_pt_01/logs/heur_mslp/gurobi/60R_60V_02I_06M/LR2_2_8_grb_genconfig_mslp_seed_38_alpha_15p.log;random;60R_60V_02I_06M;1;0;1;/dados/rmelo/PDPTW-SE/benchmark_multi_island_v5/official_experiments/multistartlp/preliminar/set_01_pt_01/../../../../instances/orig_ams_fg/60R_60V_02I_06M/t2/LR2_2_8/;34163;25757;0;9706.31;121;61;H;50;95;0;100.0;30.0;true;0.95;100.0;1.0;1.0;1.0;1.0;60;M;34008;34163;false;80;0.93;227.5;0.99;40;10;1000000;-1;3600;1.57;0.71;0.94;mslp;heur;0.29;0.8;-1;3600;60000;I;60;0.67;0.07;LR2_2_8;0;/dados/rmelo/PDPTW-SE/benchmark_multi_island_v5/official_experiments/multistartlp/preliminar/set_01_pt_01/logs;0;0;0;0.0;99.55;1;38;/dados/rmelo/PDPTW-SE/benchmark_multi_island_v5/official_experiments/multistartlp/preliminar/set_01_pt_01/logs/heur_mslp/solutions/60R_60V_02I_06M/LR2_2_8_sol_genconfig_mslp_seed_38_alpha_15p.txt;Gurobi;AUTOMATIC;1.75952947957e9;_bash_3;_seed_38_alpha_15p;535.2;1;2713.53;/dados/rmelo/PDPTW-SE/benchmark_multi_island_v5/official_experiments/multistartlp/preliminar/set_01_pt_01/logs/heur_mslp/timelines/60R_60V_02I_06M/LR2_2_8_timeline_genconfig_mslp_seed_38_alpha_15p.txt;3600.12;t2;0;7180.44;false
0.15;0.02;0.05;0.08;0.0;0.08;5;/dados/rmelo/PDPTW-SE/benchmark_multi_island_v5/official_experiments/multistartlp/preliminar/set_01_pt_01/logs/heur_mslp/outputs/csvresults_heur_mslp_bash_3.csv;0;6;1;122;0;0.0;0.5;true;62;2;LR1_2_9_t1_60R_60V_02I_06M;/dados/rmelo/PDPTW-SE/benchmark_multi_island_v5/official_experiments/multistartlp/preliminar/set_01_pt_01/configs/genconfig_mslp.conf;genconfig_mslp;/dados/rmelo/PDPTW-SE/benchmark_multi_island_v5/official_experiments/multistartlp/preliminar/set_01_pt_01/logs/heur_mslp/gurobi/60R_60V_02I_06M/LR1_2_9_grb_genconfig_mslp_seed_38_alpha_15p.log;random;60R_60V_02I_06M;1;23461;1;/dados/rmelo/PDPTW-SE/benchmark_multi_island_v5/official_experiments/multistartlp/preliminar/set_01_pt_01/../../../../instances/orig_ams_fg/60R_60V_02I_06M/t1/LR1_2_9/;60000;10592;0;8281.77;121;61;H;50;95;0;100.0;30.0;true;0.95;100.0;1.0;1.0;1.0;1.0;60;M;36539;36539;false;86;0.93;182.58;0.98;43;10;1000000;-1;3600;6.3;0.75;0.75;mslp;heur;0.52;0.24;-1;3600;60000;I;60;1.0;0.23;LR1_2_9;0;/dados/rmelo/PDPTW-SE/benchmark_multi_island_v5/official_experiments/multistartlp/preliminar/set_01_pt_01/logs;0;0;0;39.1;100.0;1;38;/dados/rmelo/PDPTW-SE/benchmark_multi_island_v5/official_experiments/multistartlp/preliminar/set_01_pt_01/logs/heur_mslp/solutions/60R_60V_02I_06M/LR1_2_9_sol_genconfig_mslp_seed_38_alpha_15p.txt;Gurobi;AUTOMATIC;1.75953310053e9;_bash_3;_seed_38_alpha_15p;2303.66;1;221.93;/dados/rmelo/PDPTW-SE/benchmark_multi_island_v5/official_experiments/multistartlp/preliminar/set_01_pt_01/logs/heur_mslp/timelines/60R_60V_02I_06M/LR1_2_9_timeline_genconfig_mslp_seed_38_alpha_15p.txt;1257.56;t1;0;6672.33;false
0.15;0.01;0.02;0.03;0.02;0.07;6;/dados/rmelo/PDPTW-SE/benchmark_multi_island_v5/official_experiments/multistartlp/preliminar/set_01_pt_01/logs/heur_mslp/outputs/csvresults_heur_mslp_bash_3.csv;0;6;1;122;0;0.0;0.5;true;62;2;LR2_2_10_t2_60R_60V_02I_06M;/dados/rmelo/PDPTW-SE/benchmark_multi_island_v5/official_experiments/multistartlp/preliminar/set_01_pt_01/configs/genconfig_mslp.conf;genconfig_mslp;/dados/rmelo/PDPTW-SE/benchmark_multi_island_v5/official_experiments/multistartlp/preliminar/set_01_pt_01/logs/heur_mslp/gurobi/60R_60V_02I_06M/LR2_2_10_grb_genconfig_mslp_seed_38_alpha_15p.log;random;60R_60V_02I_06M;1;0;1;/dados/rmelo/PDPTW-SE/benchmark_multi_island_v5/official_experiments/multistartlp/preliminar/set_01_pt_01/../../../../instances/orig_ams_fg/60R_60V_02I_06M/t2/LR2_2_10/;60000;9666;0;14423.93;121;61;H;50;95;0;100.0;30.0;true;0.95;100.0;1.0;1.0;1.0;1.0;60;M;60000;60000;false;80;0.86;300.67;1.0;40;10;1000000;-1;3600;7.07;0.71;0.94;mslp;heur;0.33;0.74;-1;3600;60000;I;60;0.83;0.1;LR2_2_10;0;/dados/rmelo/PDPTW-SE/benchmark_multi_island_v5/official_experiments/multistartlp/preliminar/set_01_pt_01/logs;0;0;0;0.0;100.0;1;38;/dados/rmelo/PDPTW-SE/benchmark_multi_island_v5/official_experiments/multistartlp/preliminar/set_01_pt_01/logs/heur_mslp/solutions/60R_60V_02I_06M/LR2_2_10_sol_genconfig_mslp_seed_38_alpha_15p.txt;Gurobi;AUTOMATIC;1.75953438048e9;_bash_3;_seed_38_alpha_15p;4242.07;1;481.14;/dados/rmelo/PDPTW-SE/benchmark_multi_island_v5/official_experiments/multistartlp/preliminar/set_01_pt_01/logs/heur_mslp/timelines/60R_60V_02I_06M/LR2_2_10_timeline_genconfig_mslp_seed_38_alpha_15p.txt;2958.15;t2;0;10750.26;false
0.15;0.12;0.17;0.29;0.01;0.16;1;/dados/rmelo/PDPTW-SE/benchmark_multi_island_v5/official_experiments/multistartlp/preliminar/set_01_pt_01/logs/heur_mslp/outputs/csvresults_heur_mslp_bash_3.csv;0;6;1;122;0;0.0;0.5;true;62;2;LR1_2_6_t1_60R_60V_04I_06M;/dados/rmelo/PDPTW-SE/benchmark_multi_island_v5/official_experiments/multistartlp/preliminar/set_01_pt_01/configs/genconfig_mslp.conf;genconfig_mslp;/dados/rmelo/PDPTW-SE/benchmark_multi_island_v5/official_experiments/multistartlp/preliminar/set_01_pt_01/logs/heur_mslp/gurobi/60R_60V_04I_06M/LR1_2_6_grb_genconfig_mslp_seed_38_alpha_15p.log;random;60R_60V_04I_06M;1;59999;1;/dados/rmelo/PDPTW-SE/benchmark_multi_island_v5/official_experiments/multistartlp/preliminar/set_01_pt_01/../../../../instances/orig_ams_fg/60R_60V_04I_06M/t1/LR1_2_6/;60000;50922;0;9363.12;121;61;H;50;95;0;100.0;30.0;true;0.95;100.0;1.0;1.0;1.0;1.0;60;M;1;1;false;82;0.96;184.15;1.0;41;10;1000000;-1;3600;5.28;0.61;0.58;mslp;heur;0.4;0.15;-1;3600;60000;I;60;1.0;0.3;LR1_2_6;0;/dados/rmelo/PDPTW-SE/benchmark_multi_island_v5/official_experiments/multistartlp/preliminar/set_01_pt_01/logs;0;0;0;100.0;100.0;1;38;/dados/rmelo/PDPTW-SE/benchmark_multi_island_v5/official_experiments/multistartlp/preliminar/set_01_pt_01/logs/heur_mslp/solutions/60R_60V_04I_06M/LR1_2_6_sol_genconfig_mslp_seed_38_alpha_15p.txt;Gurobi;AUTOMATIC;1.75953736104e9;_bash_3;_seed_38_alpha_15p;0.05;1;447.6;/dados/rmelo/PDPTW-SE/benchmark_multi_island_v5/official_experiments/multistartlp/preliminar/set_01_pt_01/logs/heur_mslp/timelines/60R_60V_04I_06M/LR1_2_6_timeline_genconfig_mslp_seed_38_alpha_15p.txt;527.56;t1;0;8868.78;false
0.15;0.02;0.05;0.07;0.0;0.01;3;/dados/rmelo/PDPTW-SE/benchmark_multi_island_v5/official_experiments/multistartlp/preliminar/set_01_pt_01/logs/heur_mslp/outputs/csvresults_heur_mslp_bash_3.csv;0;6;1;122;0;0.0;0.5;true;62;2;LR2_2_8_t2_60R_60V_04I_06M;/dados/rmelo/PDPTW-SE/benchmark_multi_island_v5/official_experiments/multistartlp/preliminar/set_01_pt_01/configs/genconfig_mslp.conf;genconfig_mslp;/dados/rmelo/PDPTW-SE/benchmark_multi_island_v5/official_experiments/multistartlp/preliminar/set_01_pt_01/logs/heur_mslp/gurobi/60R_60V_04I_06M/LR2_2_8_grb_genconfig_mslp_seed_38_alpha_15p.log;random;60R_60V_04I_06M;1;0;1;/dados/rmelo/PDPTW-SE/benchmark_multi_island_v5/official_experiments/multistartlp/preliminar/set_01_pt_01/../../../../instances/orig_ams_fg/60R_60V_04I_06M/t2/LR2_2_8/;18388;6008;0;9709.6;121;61;H;50;95;0;100.0;30.0;true;0.95;100.0;1.0;1.0;1.0;1.0;60;M;18319;18388;false;80;0.84;181.1;1.0;40;10;1000000;-1;3600;1.16;0.59;0.85;mslp;heur;0.06;0.39;-1;3600;60000;I;60;1.0;0.08;LR2_2_8;0;/dados/rmelo/PDPTW-SE/benchmark_multi_island_v5/official_experiments/multistartlp/preliminar/set_01_pt_01/logs;0;0;0;0.0;99.62;1;38;/dados/rmelo/PDPTW-SE/benchmark_multi_island_v5/official_experiments/multistartlp/preliminar/set_01_pt_01/logs/heur_mslp/solutions/60R_60V_04I_06M/LR2_2_8_sol_genconfig_mslp_seed_38_alpha_15p.txt;Gurobi;AUTOMATIC;1.75953791065e9;_bash_3;_seed_38_alpha_15p;214.15;1;1176.84;/dados/rmelo/PDPTW-SE/benchmark_multi_island_v5/official_experiments/multistartlp/preliminar/set_01_pt_01/logs/heur_mslp/timelines/60R_60V_04I_06M/LR2_2_8_timeline_genconfig_mslp_seed_38_alpha_15p.txt;3600.09;t2;0;7506.52;false
0.15;0.08;0.12;0.21;0.01;0.08;5;/dados/rmelo/PDPTW-SE/benchmark_multi_island_v5/official_experiments/multistartlp/preliminar/set_01_pt_01/logs/heur_mslp/outputs/csvresults_heur_mslp_bash_3.csv;0;6;1;122;0;0.0;0.5;true;62;2;LR1_2_9_t1_60R_60V_04I_06M;/dados/rmelo/PDPTW-SE/benchmark_multi_island_v5/official_experiments/multistartlp/preliminar/set_01_pt_01/configs/genconfig_mslp.conf;genconfig_mslp;/dados/rmelo/PDPTW-SE/benchmark_multi_island_v5/official_experiments/multistartlp/preliminar/set_01_pt_01/logs/heur_mslp/gurobi/60R_60V_04I_06M/LR1_2_9_grb_genconfig_mslp_seed_38_alpha_15p.log;random;60R_60V_04I_06M;1;59500;1;/dados/rmelo/PDPTW-SE/benchmark_multi_island_v5/official_experiments/multistartlp/preliminar/set_01_pt_01/../../../../instances/orig_ams_fg/60R_60V_04I_06M/t1/LR1_2_9/;60000;14583;0;9847.69;121;61;H;50;95;0;100.0;30.0;true;0.95;100.0;1.0;1.0;1.0;1.0;60;M;500;500;false;86;0.92;181.44;0.93;43;10;1000000;-1;3600;7.09;0.73;0.75;mslp;heur;0.3;0.56;-1;3600;60000;I;60;1.0;0.25;LR1_2_9;0;/dados/rmelo/PDPTW-SE/benchmark_multi_island_v5/official_experiments/multistartlp/preliminar/set_01_pt_01/logs;0;0;0;99.17;100.0;1;38;/dados/rmelo/PDPTW-SE/benchmark_multi_island_v5/official_experiments/multistartlp/preliminar/set_01_pt_01/logs/heur_mslp/solutions/60R_60V_04I_06M/LR1_2_9_sol_genconfig_mslp_seed_38_alpha_15p.txt;Gurobi;AUTOMATIC;1.75954153323e9;_bash_3;_seed_38_alpha_15p;35.44;1;165.53;/dados/rmelo/PDPTW-SE/benchmark_multi_island_v5/official_experiments/multistartlp/preliminar/set_01_pt_01/logs/heur_mslp/timelines/60R_60V_04I_06M/LR1_2_9_timeline_genconfig_mslp_seed_38_alpha_15p.txt;681.63;t1;0;6968.91;false
0.15;0.02;0.05;0.07;0.0;0.01;3;/dados/rmelo/PDPTW-SE/benchmark_multi_island_v5/official_experiments/multistartlp/preliminar/set_01_pt_01/logs/heur_mslp/outputs/csvresults_heur_mslp_bash_3.csv;0;6;1;122;0;0.0;0.5;true;62;2;LR2_2_8_t2_60R_60V_04I_06M;/dados/rmelo/PDPTW-SE/benchmark_multi_island_v5/official_experiments/multistartlp/preliminar/set_01_pt_01/configs/genconfig_mslp.conf;genconfig_mslp;/dados/rmelo/PDPTW-SE/benchmark_multi_island_v5/official_experiments/multistartlp/preliminar/set_01_pt_01/logs/heur_mslp/gurobi/60R_60V_04I_06M/LR2_2_8_grb_genconfig_mslp_seed_38_alpha_15p.log;random;60R_60V_04I_06M;1;0;1;/dados/rmelo/PDPTW-SE/benchmark_multi_island_v5/official_experiments/multistartlp/preliminar/set_01_pt_01/../../../../instances/orig_ams_fg/60R_60V_04I_06M/t2/LR2_2_8/;18273;6008;0;9692.02;121;61;H;50;95;0;100.0;30.0;true;0.95;100.0;1.0;1.0;1.0;1.0;60;M;18205;18273;false;80;0.84;181.1;1.0;40;10;1000000;-1;3600;1.16;0.59;0.85;mslp;heur;0.06;0.39;-1;3600;60000;I;60;1.0;0.08;LR2_2_8;0;/dados/rmelo/PDPTW-SE/benchmark_multi_island_v5/official_experiments/multistartlp/preliminar/set_01_pt_01/logs;0;0;0;0.0;99.63;1;38;/dados/rmelo/PDPTW-SE/benchmark_multi_island_v5/official_experiments/multistartlp/preliminar/set_01_pt_01/logs/heur_mslp/solutions/60R_60V_04I_06M/LR2_2_8_sol_genconfig_mslp_seed_38_alpha_15p.txt;Gurobi;AUTOMATIC;1.7595422356e9;_bash_3;_seed_38_alpha_15p;212.69;1;1183.27;/dados/rmelo/PDPTW-SE/benchmark_multi_island_v5/official_experiments/multistartlp/preliminar/set_01_pt_01/logs/heur_mslp/timelines/60R_60V_04I_06M/LR2_2_8_timeline_genconfig_mslp_seed_38_alpha_15p.txt;3600.03;t2;0;7506.52;false
0.15;0.0;0.12;0.12;0.0;0.0;5;/dados/rmelo/PDPTW-SE/benchmark_multi_island_v5/official_experiments/multistartlp/preliminar/set_01_pt_01/logs/heur_mslp/outputs/csvresults_heur_mslp_bash_3.csv;0;4;1;18;0;0.0;0.5;true;10;2;lr109_t1_08R_08V_02I_04M;/dados/rmelo/PDPTW-SE/benchmark_multi_island_v5/official_experiments/multistartlp/preliminar/set_01_pt_01/configs/genconfig_mslp.conf;genconfig_mslp;/dados/rmelo/PDPTW-SE/benchmark_multi_island_v5/official_experiments/multistartlp/preliminar/set_01_pt_01/logs/heur_mslp/gurobi/08R_08V_02I_04M/lr109_grb_genconfig_mslp_seed_45_alpha_15p.log;random;08R_08V_02I_04M;1;0;1;/dados/rmelo/PDPTW-SE/benchmark_multi_island_v5/official_experiments/multistartlp/preliminar/set_01_pt_01/../../../../instances/orig_ams_fg/08R_08V_02I_04M/t1/lr109/;60000;79;0;725.84;17;9;H;50;95;0;100.0;30.0;true;0.95;100.0;1.0;1.0;1.0;1.0;60;M;60000;60000;false;52;0.91;78.96;0.6;26;10;1000000;-1;3600;9.43;0.77;0.49;mslp;heur;0.59;0.35;-1;3600;60000;I;8;0.5;0.38;lr109;0;/dados/rmelo/PDPTW-SE/benchmark_multi_island_v5/official_experiments/multistartlp/preliminar/set_01_pt_01/logs;0;0;0;0.0;100.0;1;45;/dados/rmelo/PDPTW-SE/benchmark_multi_island_v5/official_experiments/multistartlp/preliminar/set_01_pt_01/logs/heur_mslp/solutions/08R_08V_02I_04M/lr109_sol_genconfig_mslp_seed_45_alpha_15p.txt;Gurobi;AUTOMATIC;1.75954585705e9;_bash_3;_seed_45_alpha_15p;5660.34;1;0.46;/dados/rmelo/PDPTW-SE/benchmark_multi_island_v5/official_experiments/multistartlp/preliminar/set_01_pt_01/logs/heur_mslp/timelines/08R_08V_02I_04M/lr109_timeline_genconfig_mslp_seed_45_alpha_15p.txt;125.94;t1;0;533.17;false
0.15;0.0;0.02;0.02;0.0;0.0;7;/dados/rmelo/PDPTW-SE/benchmark_multi_island_v5/official_experiments/multistartlp/preliminar/set_01_pt_01/logs/heur_mslp/outputs/csvresults_heur_mslp_bash_3.csv;0;4;1;18;0;0.0;0.5;true;10;2;lr209_t2_08R_08V_02I_04M;/dados/rmelo/PDPTW-SE/benchmark_multi_island_v5/official_experiments/multistartlp/preliminar/set_01_pt_01/configs/genconfig_mslp.conf;genconfig_mslp;/dados/rmelo/PDPTW-SE/benchmark_multi_island_v5/official_experiments/multistartlp/preliminar/set_01_pt_01/logs/heur_mslp/gurobi/08R_08V_02I_04M/lr209_grb_genconfig_mslp_seed_45_alpha_15p.log;random;08R_08V_02I_04M;1;0;1;/dados/rmelo/PDPTW-SE/benchmark_multi_island_v5/official_experiments/multistartlp/preliminar/set_01_pt_01/../../../../instances/orig_ams_fg/08R_08V_02I_04M/t2/lr209/;60000;3552;0;773.21;17;9;H;50;95;0;100.0;30.0;true;0.95;100.0;1.0;1.0;1.0;1.0;60;M;59041;60000;false;46;0.56;77.81;0.82;23;10;1000000;-1;3600;20.73;0.56;0.82;mslp;heur;0.56;0.82;-1;3600;60000;I;8;0.75;0.12;lr209;0;/dados/rmelo/PDPTW-SE/benchmark_multi_island_v5/official_experiments/multistartlp/preliminar/set_01_pt_01/logs;0;0;0;0.0;98.4;1;45;/dados/rmelo/PDPTW-SE/benchmark_multi_island_v5/official_experiments/multistartlp/preliminar/set_01_pt_01/logs/heur_mslp/solutions/08R_08V_02I_04M/lr209_sol_genconfig_mslp_seed_45_alpha_15p.txt;Gurobi;AUTOMATIC;1.7595460038e9;_bash_3;_seed_45_alpha_15p;12438.0;1;8.73;/dados/rmelo/PDPTW-SE/benchmark_multi_island_v5/official_experiments/multistartlp/preliminar/set_01_pt_01/logs/heur_mslp/timelines/08R_08V_02I_04M/lr209_timeline_genconfig_mslp_seed_45_alpha_15p.txt;144.32;t2;0;562.22;false
0.15;0.0;0.24;0.24;0.0;0.01;8;/dados/rmelo/PDPTW-SE/benchmark_multi_island_v5/official_experiments/multistartlp/preliminar/set_01_pt_01/logs/heur_mslp/outputs/csvresults_heur_mslp_bash_3.csv;0;4;1;18;0;0.0;0.5;true;10;2;lr106_t1_08R_08V_02I_04M;/dados/rmelo/PDPTW-SE/benchmark_multi_island_v5/official_experiments/multistartlp/preliminar/set_01_pt_01/configs/genconfig_mslp.conf;genconfig_mslp;/dados/rmelo/PDPTW-SE/benchmark_multi_island_v5/official_experiments/multistartlp/preliminar/set_01_pt_01/logs/heur_mslp/gurobi/08R_08V_02I_04M/lr106_grb_genconfig_mslp_seed_45_alpha_15p.log;random;08R_08V_02I_04M;1;0;1;/dados/rmelo/PDPTW-SE/benchmark_multi_island_v5/official_experiments/multistartlp/preliminar/set_01_pt_01/../../../../instances/orig_ams_fg/08R_08V_02I_04M/t1/lr106/;60000;143;0;746.22;17;9;H;50;95;0;100.0;30.0;true;0.95;100.0;1.0;1.0;1.0;1.0;60;M;60000;60000;false;52;0.83;104.47;0.85;26;10;1000000;-1;3600;18.76;0.62;0.5;mslp;heur;0.45;0.21;-1;3600;60000;I;8;0.25;0.5;lr106;0;/dados/rmelo/PDPTW-SE/benchmark_multi_island_v5/official_experiments/multistartlp/preliminar/set_01_pt_01/logs;0;0;0;0.0;100.0;1;45;/dados/rmelo/PDPTW-SE/benchmark_multi_island_v5/official_experiments/multistartlp/preliminar/set_01_pt_01/logs/heur_mslp/solutions/08R_08V_02I_04M/lr106_sol_genconfig_mslp_seed_45_alpha_15p.txt;Gurobi;AUTOMATIC;1.75954616883e9;_bash_3;_seed_45_alpha_15p;11254.01;1;0.54;/dados/rmelo/PDPTW-SE/benchmark_multi_island_v5/official_experiments/multistartlp/preliminar/set_01_pt_01/logs/heur_mslp/timelines/08R_08V_02I_04M/lr106_timeline_genconfig_mslp_seed_45_alpha_15p.txt;115.61;t1;0;602.78;false
0.15;0.01;0.01;0.02;0.0;0.0;10;/dados/rmelo/PDPTW-SE/benchmark_multi_island_v5/official_experiments/multistartlp/preliminar/set_01_pt_01/logs/heur_mslp/outputs/csvresults_heur_mslp_bash_3.csv;0;4;1;18;0;0.0;0.5;true;10;2;lr208_t2_08R_08V_02I_04M;/dados/rmelo/PDPTW-SE/benchmark_multi_island_v5/official_experiments/multistartlp/preliminar/set_01_pt_01/configs/genconfig_mslp.conf;genconfig_mslp;/dados/rmelo/PDPTW-SE/benchmark_multi_island_v5/official_experiments/multistartlp/preliminar/set_01_pt_01/logs/heur_mslp/gurobi/08R_08V_02I_04M/lr208_grb_genconfig_mslp_seed_45_alpha_15p.log;random;08R_08V_02I_04M;1;0;1;/dados/rmelo/PDPTW-SE/benchmark_multi_island_v5/official_experiments/multistartlp/preliminar/set_01_pt_01/../../../../instances/orig_ams_fg/08R_08V_02I_04M/t2/lr208/;60000;46656;0;696.62;17;9;H;50;95;0;100.0;30.0;true;0.95;100.0;1.0;1.0;1.0;1.0;60;M;46537;60000;false;38;0.55;75.47;0.97;19;10;1000000;-1;3600;4.83;0.55;0.97;mslp;heur;0.55;0.97;-1;3600;60000;I;8;0.75;0.12;lr208;0;/dados/rmelo/PDPTW-SE/benchmark_multi_island_v5/official_experiments/multistartlp/preliminar/set_01_pt_01/logs;0;0;0;0.0;77.56;1;45;/dados/rmelo/PDPTW-SE/benchmark_multi_island_v5/official_experiments/multistartlp/preliminar/set_01_pt_01/logs/heur_mslp/solutions/08R_08V_02I_04M/lr208_sol_genconfig_mslp_seed_45_alpha_15p.txt;Gurobi;AUTOMATIC;1.75954630511e9;_bash_3;_seed_45_alpha_15p;2899.71;1;133.2;/dados/rmelo/PDPTW-SE/benchmark_multi_island_v5/official_experiments/multistartlp/preliminar/set_01_pt_01/logs/heur_mslp/timelines/08R_08V_02I_04M/lr208_timeline_genconfig_mslp_seed_45_alpha_15p.txt;171.09;t2;0;550.16;false
0.15;0.03;0.21;0.25;0.0;0.0;10;/dados/rmelo/PDPTW-SE/benchmark_multi_island_v5/official_experiments/multistartlp/preliminar/set_01_pt_01/logs/heur_mslp/outputs/csvresults_heur_mslp_bash_3.csv;0;4;1;18;0;0.0;0.5;true;10;2;lr110_t1_08R_08V_04I_04M;/dados/rmelo/PDPTW-SE/benchmark_multi_island_v5/official_experiments/multistartlp/preliminar/set_01_pt_01/configs/genconfig_mslp.conf;genconfig_mslp;/dados/rmelo/PDPTW-SE/benchmark_multi_island_v5/official_experiments/multistartlp/preliminar/set_01_pt_01/logs/heur_mslp/gurobi/08R_08V_04I_04M/lr110_grb_genconfig_mslp_seed_45_alpha_15p.log;random;08R_08V_04I_04M;1;3907;1;/dados/rmelo/PDPTW-SE/benchmark_multi_island_v5/official_experiments/multistartlp/preliminar/set_01_pt_01/../../../../instances/orig_ams_fg/08R_08V_04I_04M/t1/lr110/;60000;4632;0;785.66;17;9;H;50;95;0;100.0;30.0;true;0.95;100.0;1.0;1.0;1.0;1.0;60;M;56093;56093;false;52;0.89;73.36;0.82;26;10;1000000;-1;3600;8.29;0.58;0.5;mslp;heur;0.35;0.1;-1;3600;60000;I;8;1.0;0.62;lr110;0;/dados/rmelo/PDPTW-SE/benchmark_multi_island_v5/official_experiments/multistartlp/preliminar/set_01_pt_01/logs;0;0;0;6.51;100.0;1;45;/dados/rmelo/PDPTW-SE/benchmark_multi_island_v5/official_experiments/multistartlp/preliminar/set_01_pt_01/logs/heur_mslp/solutions/08R_08V_04I_04M/lr110_sol_genconfig_mslp_seed_45_alpha_15p.txt;Gurobi;AUTOMATIC;1.75954649738e9;_bash_3;_seed_45_alpha_15p;4647.91;1;11.06;/dados/rmelo/PDPTW-SE/benchmark_multi_island_v5/official_experiments/multistartlp/preliminar/set_01_pt_01/logs/heur_mslp/timelines/08R_08V_04I_04M/lr110_timeline_genconfig_mslp_seed_45_alpha_15p.txt;140.72;t1;0;672.57;false
0.15;0.01;0.05;0.07;0.0;0.0;11;/dados/rmelo/PDPTW-SE/benchmark_multi_island_v5/official_experiments/multistartlp/preliminar/set_01_pt_01/logs/heur_mslp/outputs/csvresults_heur_mslp_bash_3.csv;0;4;1;18;0;0.0;0.5;true;10;2;lr209_t2_08R_08V_04I_04M;/dados/rmelo/PDPTW-SE/benchmark_multi_island_v5/official_experiments/multistartlp/preliminar/set_01_pt_01/configs/genconfig_mslp.conf;genconfig_mslp;/dados/rmelo/PDPTW-SE/benchmark_multi_island_v5/official_experiments/multistartlp/preliminar/set_01_pt_01/logs/heur_mslp/gurobi/08R_08V_04I_04M/lr209_grb_genconfig_mslp_seed_45_alpha_15p.log;random;08R_08V_04I_04M;1;0;1;/dados/rmelo/PDPTW-SE/benchmark_multi_island_v5/official_experiments/multistartlp/preliminar/set_01_pt_01/../../../../instances/orig_ams_fg/08R_08V_04I_04M/t2/lr209/;60000;25867;0;817.52;17;9;H;50;95;0;100.0;30.0;true;0.95;100.0;1.0;1.0;1.0;1.0;60;M;59313;60000;false;46;0.55;78.66;0.93;23;10;1000000;-1;3600;22.86;0.31;0.85;mslp;heur;0.07;0.77;-1;3600;60000;I;8;0.75;0.25;lr209;0;/dados/rmelo/PDPTW-SE/benchmark_multi_island_v5/official_experiments/multistartlp/preliminar/set_01_pt_01/logs;0;0;0;0.0;98.86;1;45;/dados/rmelo/PDPTW-SE/benchmark_multi_island_v5/official_experiments/multistartlp/preliminar/set_01_pt_01/logs/heur_mslp/solutions/08R_08V_04I_04M/lr209_sol_genconfig_mslp_seed_45_alpha_15p.txt;Gurobi;AUTOMATIC;1.75954665905e9;_bash_3;_seed_45_alpha_15p;13718.11;1;84.38;/dados/rmelo/PDPTW-SE/benchmark_multi_island_v5/official_experiments/multistartlp/preliminar/set_01_pt_01/logs/heur_mslp/timelines/08R_08V_04I_04M/lr209_timeline_genconfig_mslp_seed_45_alpha_15p.txt;195.29;t2;0;619.28;false
0.15;0.08;0.17;0.25;0.0;0.0;5;/dados/rmelo/PDPTW-SE/benchmark_multi_island_v5/official_experiments/multistartlp/preliminar/set_01_pt_01/logs/heur_mslp/outputs/csvresults_heur_mslp_bash_3.csv;0;4;1;18;0;0.0;0.5;true;10;2;lr109_t1_08R_08V_04I_04M;/dados/rmelo/PDPTW-SE/benchmark_multi_island_v5/official_experiments/multistartlp/preliminar/set_01_pt_01/configs/genconfig_mslp.conf;genconfig_mslp;/dados/rmelo/PDPTW-SE/benchmark_multi_island_v5/official_experiments/multistartlp/preliminar/set_01_pt_01/logs/heur_mslp/gurobi/08R_08V_04I_04M/lr109_grb_genconfig_mslp_seed_45_alpha_15p.log;random;08R_08V_04I_04M;1;0;1;/dados/rmelo/PDPTW-SE/benchmark_multi_island_v5/official_experiments/multistartlp/preliminar/set_01_pt_01/../../../../instances/orig_ams_fg/08R_08V_04I_04M/t1/lr109/;60000;27;0;663.54;17;9;H;50;95;0;100.0;30.0;true;0.95;100.0;1.0;1.0;1.0;1.0;60;M;60000;60000;false;52;0.9;65.14;0.76;26;10;1000000;-1;3600;12.52;0.6;0.4;mslp;heur;0.42;0.21;-1;3600;60000;I;8;0.75;0.5;lr109;0;/dados/rmelo/PDPTW-SE/benchmark_multi_island_v5/official_experiments/multistartlp/preliminar/set_01_pt_01/logs;0;0;0;0.0;100.0;1;45;/dados/rmelo/PDPTW-SE/benchmark_multi_island_v5/official_experiments/multistartlp/preliminar/set_01_pt_01/logs/heur_mslp/solutions/08R_08V_04I_04M/lr109_sol_genconfig_mslp_seed_45_alpha_15p.txt;Gurobi;AUTOMATIC;1.7595468757e9;_bash_3;_seed_45_alpha_15p;7511.93;1;0.34;/dados/rmelo/PDPTW-SE/benchmark_multi_island_v5/official_experiments/multistartlp/preliminar/set_01_pt_01/logs/heur_mslp/timelines/08R_08V_04I_04M/lr109_timeline_genconfig_mslp_seed_45_alpha_15p.txt;136.14;t1;0;555.44;false
0.15;0.02;0.04;0.06;0.0;0.0;11;/dados/rmelo/PDPTW-SE/benchmark_multi_island_v5/official_experiments/multistartlp/preliminar/set_01_pt_01/logs/heur_mslp/outputs/csvresults_heur_mslp_bash_3.csv;0;4;1;18;0;0.0;0.5;true;10;2;lr208_t2_08R_08V_04I_04M;/dados/rmelo/PDPTW-SE/benchmark_multi_island_v5/official_experiments/multistartlp/preliminar/set_01_pt_01/configs/genconfig_mslp.conf;genconfig_mslp;/dados/rmelo/PDPTW-SE/benchmark_multi_island_v5/official_experiments/multistartlp/preliminar/set_01_pt_01/logs/heur_mslp/gurobi/08R_08V_04I_04M/lr208_grb_genconfig_mslp_seed_45_alpha_15p.log;random;08R_08V_04I_04M;1;0;1;/dados/rmelo/PDPTW-SE/benchmark_multi_island_v5/official_experiments/multistartlp/preliminar/set_01_pt_01/../../../../instances/orig_ams_fg/08R_08V_04I_04M/t2/lr208/;60000;31126;0;807.65;17;9;H;50;95;0;100.0;30.0;true;0.95;100.0;1.0;1.0;1.0;1.0;60;M;33215;60000;false;38;0.62;77.91;0.97;19;10;1000000;-1;3600;3.68;0.62;0.97;mslp;heur;0.62;0.97;-1;3600;60000;I;8;1.0;0.12;lr208;0;/dados/rmelo/PDPTW-SE/benchmark_multi_island_v5/official_experiments/multistartlp/preliminar/set_01_pt_01/logs;0;0;0;0.0;55.36;1;45;/dados/rmelo/PDPTW-SE/benchmark_multi_island_v5/official_experiments/multistartlp/preliminar/set_01_pt_01/logs/heur_mslp/solutions/08R_08V_04I_04M/lr208_sol_genconfig_mslp_seed_45_alpha_15p.txt;Gurobi;AUTOMATIC;1.75954703219e9;_bash_3;_seed_45_alpha_15p;2208.79;1;127.36;/dados/rmelo/PDPTW-SE/benchmark_multi_island_v5/official_experiments/multistartlp/preliminar/set_01_pt_01/logs/heur_mslp/timelines/08R_08V_04I_04M/lr208_timeline_genconfig_mslp_seed_45_alpha_15p.txt;244.63;t2;0;621.54;false
0.15;0.0;0.07;0.07;0.0;0.0;8;/dados/rmelo/PDPTW-SE/benchmark_multi_island_v5/official_experiments/multistartlp/preliminar/set_01_pt_01/logs/heur_mslp/outputs/csvresults_heur_mslp_bash_3.csv;0;4;1;26;0;0.0;0.5;true;14;2;lr109_t1_12R_12V_02I_04M;/dados/rmelo/PDPTW-SE/benchmark_multi_island_v5/official_experiments/multistartlp/preliminar/set_01_pt_01/configs/genconfig_mslp.conf;genconfig_mslp;/dados/rmelo/PDPTW-SE/benchmark_multi_island_v5/official_experiments/multistartlp/preliminar/set_01_pt_01/logs/heur_mslp/gurobi/12R_12V_02I_04M/lr109_grb_genconfig_mslp_seed_45_alpha_15p.log;random;12R_12V_02I_04M;1;0;1;/dados/rmelo/PDPTW-SE/benchmark_multi_island_v5/official_experiments/multistartlp/preliminar/set_01_pt_01/../../../../instances/orig_ams_fg/12R_12V_02I_04M/t1/lr109/;60000;1863;0;998.68;25;13;H;50;95;0;100.0;30.0;true;0.95;100.0;1.0;1.0;1.0;1.0;60;M;60000;60000;false;58;0.83;96.56;0.81;29;10;1000000;-1;3600;8.81;0.79;0.62;mslp;heur;0.73;0.25;-1;3600;60000;I;12;0.5;0.33;lr109;0;/dados/rmelo/PDPTW-SE/benchmark_multi_island_v5/official_experiments/multistartlp/preliminar/set_01_pt_01/logs;0;0;0;0.0;100.0;1;45;/dados/rmelo/PDPTW-SE/benchmark_multi_island_v5/official_experiments/multistartlp/preliminar/set_01_pt_01/logs/heur_mslp/solutions/12R_12V_02I_04M/lr109_sol_genconfig_mslp_seed_45_alpha_15p.txt;Gurobi;AUTOMATIC;1.75954730329e9;_bash_3;_seed_45_alpha_15p;5283.95;1;5.07;/dados/rmelo/PDPTW-SE/benchmark_multi_island_v5/official_experiments/multistartlp/preliminar/set_01_pt_01/logs/heur_mslp/timelines/12R_12V_02I_04M/lr109_timeline_genconfig_mslp_seed_45_alpha_15p.txt;153.8;t1;0;722.63;false
0.15;0.01;0.02;0.03;0.0;0.0;8;/dados/rmelo/PDPTW-SE/benchmark_multi_island_v5/official_experiments/multistartlp/preliminar/set_01_pt_01/logs/heur_mslp/outputs/csvresults_heur_mslp_bash_3.csv;0;4;1;26;0;0.0;0.5;true;14;2;lr208_t2_12R_12V_02I_04M;/dados/rmelo/PDPTW-SE/benchmark_multi_island_v5/official_experiments/multistartlp/preliminar/set_01_pt_01/configs/genconfig_mslp.conf;genconfig_mslp;/dados/rmelo/PDPTW-SE/benchmark_multi_island_v5/official_experiments/multistartlp/preliminar/set_01_pt_01/logs/heur_mslp/gurobi/12R_12V_02I_04M/lr208_grb_genconfig_mslp_seed_45_alpha_15p.log;random;12R_12V_02I_04M;1;0;1;/dados/rmelo/PDPTW-SE/benchmark_multi_island_v5/official_experiments/multistartlp/preliminar/set_01_pt_01/../../../../instances/orig_ams_fg/12R_12V_02I_04M/t2/lr208/;60000;23070;0;1087.51;25;13;H;50;95;0;100.0;30.0;true;0.95;100.0;1.0;1.0;1.0;1.0;60;M;51510;60000;false;58;0.78;113.97;0.91;29;10;1000000;-1;3600;6.18;0.78;0.91;mslp;heur;0.78;0.91;-1;3600;60000;I;12;0.5;0.08;lr208;0;/dados/rmelo/PDPTW-SE/benchmark_multi_island_v5/official_experiments/multistartlp/preliminar/set_01_pt_01/logs;0;0;0;0.0;85.85;1;45;/dados/rmelo/PDPTW-SE/benchmark_multi_island_v5/official_experiments/multistartlp/preliminar/set_01_pt_01/logs/heur_mslp/solutions/12R_12V_02I_04M/lr208_sol_genconfig_mslp_seed_45_alpha_15p.txt;Gurobi;AUTOMATIC;1.7595474779e9;_bash_3;_seed_45_alpha_15p;3707.13;1;113.48;/dados/rmelo/PDPTW-SE/benchmark_multi_island_v5/official_experiments/multistartlp/preliminar/set_01_pt_01/logs/heur_mslp/timelines/12R_12V_02I_04M/lr208_timeline_genconfig_mslp_seed_45_alpha_15p.txt;294.45;t2;0;777.71;false
0.15;0.02;0.08;0.1;0.0;0.0;4;/dados/rmelo/PDPTW-SE/benchmark_multi_island_v5/official_experiments/multistartlp/preliminar/set_01_pt_01/logs/heur_mslp/outputs/csvresults_heur_mslp_bash_3.csv;0;4;1;26;0;0.0;0.5;true;14;2;lr110_t1_12R_12V_02I_04M;/dados/rmelo/PDPTW-SE/benchmark_multi_island_v5/official_experiments/multistartlp/preliminar/set_01_pt_01/configs/genconfig_mslp.conf;genconfig_mslp;/dados/rmelo/PDPTW-SE/benchmark_multi_island_v5/official_experiments/multistartlp/preliminar/set_01_pt_01/logs/heur_mslp/gurobi/12R_12V_02I_04M/lr110_grb_genconfig_mslp_seed_45_alpha_15p.log;random;12R_12V_02I_04M;1;1544;1;/dados/rmelo/PDPTW-SE/benchmark_multi_island_v5/official_experiments/multistartlp/preliminar/set_01_pt_01/../../../../instances/orig_ams_fg/12R_12V_02I_04M/t1/lr110/;60000;285;0;1060.51;25;13;H;50;95;0;100.0;30.0;true;0.95;100.0;1.0;1.0;1.0;1.0;60;M;58456;58456;false;52;0.99;121.03;0.67;26;10;1000000;-1;3600;4.66;0.7;0.51;mslp;heur;0.52;0.19;-1;3600;60000;I;12;1.0;0.5;lr110;0;/dados/rmelo/PDPTW-SE/benchmark_multi_island_v5/official_experiments/multistartlp/preliminar/set_01_pt_01/logs;0;0;0;2.57;100.0;1;45;/dados/rmelo/PDPTW-SE/benchmark_multi_island_v5/official_experiments/multistartlp/preliminar/set_01_pt_01/logs/heur_mslp/solutions/12R_12V_02I_04M/lr110_sol_genconfig_mslp_seed_45_alpha_15p.txt;Gurobi;AUTOMATIC;1.7595477945e9;_bash_3;_seed_45_alpha_15p;2725.0;1;1.34;/dados/rmelo/PDPTW-SE/benchmark_multi_island_v5/official_experiments/multistartlp/preliminar/set_01_pt_01/logs/heur_mslp/timelines/12R_12V_02I_04M/lr110_timeline_genconfig_mslp_seed_45_alpha_15p.txt;164.15;t1;0;971.55;false
0.15;0.0;0.03;0.03;0.0;0.05;10;/dados/rmelo/PDPTW-SE/benchmark_multi_island_v5/official_experiments/multistartlp/preliminar/set_01_pt_01/logs/heur_mslp/outputs/csvresults_heur_mslp_bash_3.csv;0;4;1;26;0;0.0;0.5;true;14;2;lr207_t2_12R_12V_02I_04M;/dados/rmelo/PDPTW-SE/benchmark_multi_island_v5/official_experiments/multistartlp/preliminar/set_01_pt_01/configs/genconfig_mslp.conf;genconfig_mslp;/dados/rmelo/PDPTW-SE/benchmark_multi_island_v5/official_experiments/multistartlp/preliminar/set_01_pt_01/logs/heur_mslp/gurobi/12R_12V_02I_04M/lr207_grb_genconfig_mslp_seed_45_alpha_15p.log;random;12R_12V_02I_04M;1;0;1;/dados/rmelo/PDPTW-SE/benchmark_multi_island_v5/official_experiments/multistartlp/preliminar/set_01_pt_01/../../../../instances/orig_ams_fg/12R_12V_02I_04M/t2/lr207/;60000;55524;0;1449.9;25;13;H;50;95;0;100.0;30.0;true;0.95;100.0;1.0;1.0;1.0;1.0;60;M;59899;60000;false;40;0.87;107.37;0.9;20;10;1000000;-1;3600;14.22;0.87;0.9;mslp;heur;0.87;0.9;-1;3600;60000;I;12;0.25;0.08;lr207;0;/dados/rmelo/PDPTW-SE/benchmark_multi_island_v5/official_experiments/multistartlp/preliminar/set_01_pt_01/logs;0;0;0;0.0;99.83;1;45;/dados/rmelo/PDPTW-SE/benchmark_multi_island_v5/official_experiments/multistartlp/preliminar/set_01_pt_01/logs/heur_mslp/solutions/12R_12V_02I_04M/lr207_sol_genconfig_mslp_seed_45_alpha_15p.txt;Gurobi;AUTOMATIC;1.75954798089e9;_bash_3;_seed_45_alpha_15p;8534.76;1;239.88;/dados/rmelo/PDPTW-SE/benchmark_multi_island_v5/official_experiments/multistartlp/preliminar/set_01_pt_01/logs/heur_mslp/timelines/12R_12V_02I_04M/lr207_timeline_genconfig_mslp_seed_45_alpha_15p.txt;258.92;t2;0;874.63;false
0.15;0.1;0.2;0.3;0.0;0.0;10;/dados/rmelo/PDPTW-SE/benchmark_multi_island_v5/official_experiments/multistartlp/preliminar/set_01_pt_01/logs/heur_mslp/outputs/csvresults_heur_mslp_bash_3.csv;0;4;1;26;0;0.0;0.5;true;14;2;lr110_t1_12R_12V_04I_04M;/dados/rmelo/PDPTW-SE/benchmark_multi_island_v5/official_experiments/multistartlp/preliminar/set_01_pt_01/configs/genconfig_mslp.conf;genconfig_mslp;/dados/rmelo/PDPTW-SE/benchmark_multi_island_v5/official_experiments/multistartlp/preliminar/set_01_pt_01/logs/heur_mslp/gurobi/12R_12V_04I_04M/lr110_grb_genconfig_mslp_seed_45_alpha_15p.log;random;12R_12V_04I_04M;1;843;1;/dados/rmelo/PDPTW-SE/benchmark_multi_island_v5/official_experiments/multistartlp/preliminar/set_01_pt_01/../../../../instances/orig_ams_fg/12R_12V_04I_04M/t1/lr110/;60000;2981;0;1045.52;25;13;H;50;95;0;100.0;30.0;true;0.95;100.0;1.0;1.0;1.0;1.0;60;M;59157;59157;false;52;0.72;72.82;0.76;26;10;1000000;-1;3600;12.8;0.57;0.45;mslp;heur;0.37;0.15;-1;3600;60000;I;12;1.0;0.5;lr110;0;/dados/rmelo/PDPTW-SE/benchmark_multi_island_v5/official_experiments/multistartlp/preliminar/set_01_pt_01/logs;0;0;0;1.4;100.0;1;45;/dados/rmelo/PDPTW-SE/benchmark_multi_island_v5/official_experiments/multistartlp/preliminar/set_01_pt_01/logs/heur_mslp/solutions/12R_12V_04I_04M/lr110_sol_genconfig_mslp_seed_45_alpha_15p.txt;Gurobi;AUTOMATIC;1.75954826203e9;_bash_3;_seed_45_alpha_15p;7573.71;1;9.56;/dados/rmelo/PDPTW-SE/benchmark_multi_island_v5/official_experiments/multistartlp/preliminar/set_01_pt_01/logs/heur_mslp/timelines/12R_12V_04I_04M/lr110_timeline_genconfig_mslp_seed_45_alpha_15p.txt;179.9;t1;0;788.9;false
0.15;0.01;0.05;0.06;0.0;0.0;14;/dados/rmelo/PDPTW-SE/benchmark_multi_island_v5/official_experiments/multistartlp/preliminar/set_01_pt_01/logs/heur_mslp/outputs/csvresults_heur_mslp_bash_3.csv;0;4;1;26;0;0.0;0.5;true;14;2;lr207_t2_12R_12V_04I_04M;/dados/rmelo/PDPTW-SE/benchmark_multi_island_v5/official_experiments/multistartlp/preliminar/set_01_pt_01/configs/genconfig_mslp.conf;genconfig_mslp;/dados/rmelo/PDPTW-SE/benchmark_multi_island_v5/official_experiments/multistartlp/preliminar/set_01_pt_01/logs/heur_mslp/gurobi/12R_12V_04I_04M/lr207_grb_genconfig_mslp_seed_45_alpha_15p.log;random;12R_12V_04I_04M;1;0;1;/dados/rmelo/PDPTW-SE/benchmark_multi_island_v5/official_experiments/multistartlp/preliminar/set_01_pt_01/../../../../instances/orig_ams_fg/12R_12V_04I_04M/t2/lr207/;60000;34122;0;1389.2;25;13;H;50;95;0;100.0;30.0;true;0.95;100.0;1.0;1.0;1.0;1.0;60;M;59967;60000;false;40;0.89;86.12;0.97;20;10;1000000;-1;3600;15.64;0.89;0.97;mslp;heur;0.89;0.97;-1;3600;60000;I;12;1.0;0.08;lr207;0;/dados/rmelo/PDPTW-SE/benchmark_multi_island_v5/official_experiments/multistartlp/preliminar/set_01_pt_01/logs;0;0;0;0.0;99.94;1;45;/dados/rmelo/PDPTW-SE/benchmark_multi_island_v5/official_experiments/multistartlp/preliminar/set_01_pt_01/logs/heur_mslp/solutions/12R_12V_04I_04M/lr207_sol_genconfig_mslp_seed_45_alpha_15p.txt;Gurobi;AUTOMATIC;1.75954846394e9;_bash_3;_seed_45_alpha_15p;9383.6;1;195.25;/dados/rmelo/PDPTW-SE/benchmark_multi_island_v5/official_experiments/multistartlp/preliminar/set_01_pt_01/logs/heur_mslp/timelines/12R_12V_04I_04M/lr207_timeline_genconfig_mslp_seed_45_alpha_15p.txt;342.6;t2;0;887.3;false
0.15;0.06;0.15;0.21;0.0;0.04;11;/dados/rmelo/PDPTW-SE/benchmark_multi_island_v5/official_experiments/multistartlp/preliminar/set_01_pt_01/logs/heur_mslp/outputs/csvresults_heur_mslp_bash_3.csv;0;4;1;26;0;0.0;0.5;true;14;2;lr108_t1_12R_12V_04I_04M;/dados/rmelo/PDPTW-SE/benchmark_multi_island_v5/official_experiments/multistartlp/preliminar/set_01_pt_01/configs/genconfig_mslp.conf;genconfig_mslp;/dados/rmelo/PDPTW-SE/benchmark_multi_island_v5/official_experiments/multistartlp/preliminar/set_01_pt_01/logs/heur_mslp/gurobi/12R_12V_04I_04M/lr108_grb_genconfig_mslp_seed_45_alpha_15p.log;random;12R_12V_04I_04M;1;464;1;/dados/rmelo/PDPTW-SE/benchmark_multi_island_v5/official_experiments/multistartlp/preliminar/set_01_pt_01/../../../../instances/orig_ams_fg/12R_12V_04I_04M/t1/lr108/;60000;16377;0;1029.89;25;13;H;50;95;0;100.0;30.0;true;0.95;100.0;1.0;1.0;1.0;1.0;60;M;59536;59536;false;58;0.99;75.48;0.94;29;10;1000000;-1;3600;5.88;0.91;0.69;mslp;heur;0.77;0.5;-1;3600;60000;I;12;1.0;0.33;lr108;0;/dados/rmelo/PDPTW-SE/benchmark_multi_island_v5/official_experiments/multistartlp/preliminar/set_01_pt_01/logs;0;0;0;0.77;100.0;1;45;/dados/rmelo/PDPTW-SE/benchmark_multi_island_v5/official_experiments/multistartlp/preliminar/set_01_pt_01/logs/heur_mslp/solutions/12R_12V_04I_04M/lr108_sol_genconfig_mslp_seed_45_alpha_15p.txt;Gurobi;AUTOMATIC;1.75954882725e9;_bash_3;_seed_45_alpha_15p;3502.19;1;55.21;/dados/rmelo/PDPTW-SE/benchmark_multi_island_v5/official_experiments/multistartlp/preliminar/set_01_pt_01/logs/heur_mslp/timelines/12R_12V_04I_04M/lr108_timeline_genconfig_mslp_seed_45_alpha_15p.txt;200.13;t1;0;833.35;false
0.15;0.01;0.05;0.06;0.0;0.0;14;/dados/rmelo/PDPTW-SE/benchmark_multi_island_v5/official_experiments/multistartlp/preliminar/set_01_pt_01/logs/heur_mslp/outputs/csvresults_heur_mslp_bash_3.csv;0;4;1;26;0;0.0;0.5;true;14;2;lr207_t2_12R_12V_04I_04M;/dados/rmelo/PDPTW-SE/benchmark_multi_island_v5/official_experiments/multistartlp/preliminar/set_01_pt_01/configs/genconfig_mslp.conf;genconfig_mslp;/dados/rmelo/PDPTW-SE/benchmark_multi_island_v5/official_experiments/multistartlp/preliminar/set_01_pt_01/logs/heur_mslp/gurobi/12R_12V_04I_04M/lr207_grb_genconfig_mslp_seed_45_alpha_15p.log;random;12R_12V_04I_04M;1;0;1;/dados/rmelo/PDPTW-SE/benchmark_multi_island_v5/official_experiments/multistartlp/preliminar/set_01_pt_01/../../../../instances/orig_ams_fg/12R_12V_04I_04M/t2/lr207/;60000;34122;0;1389.2;25;13;H;50;95;0;100.0;30.0;true;0.95;100.0;1.0;1.0;1.0;1.0;60;M;59967;60000;false;40;0.89;86.12;0.97;20;10;1000000;-1;3600;15.64;0.89;0.97;mslp;heur;0.89;0.97;-1;3600;60000;I;12;1.0;0.08;lr207;0;/dados/rmelo/PDPTW-SE/benchmark_multi_island_v5/official_experiments/multistartlp/preliminar/set_01_pt_01/logs;0;0;0;0.0;99.94;1;45;/dados/rmelo/PDPTW-SE/benchmark_multi_island_v5/official_experiments/multistartlp/preliminar/set_01_pt_01/logs/heur_mslp/solutions/12R_12V_04I_04M/lr207_sol_genconfig_mslp_seed_45_alpha_15p.txt;Gurobi;AUTOMATIC;1.75954904839e9;_bash_3;_seed_45_alpha_15p;9383.6;1;194.81;/dados/rmelo/PDPTW-SE/benchmark_multi_island_v5/official_experiments/multistartlp/preliminar/set_01_pt_01/logs/heur_mslp/timelines/12R_12V_04I_04M/lr207_timeline_genconfig_mslp_seed_45_alpha_15p.txt;342.24;t2;0;887.3;false
0.15;0.01;0.07;0.08;0.0;0.08;7;/dados/rmelo/PDPTW-SE/benchmark_multi_island_v5/official_experiments/multistartlp/preliminar/set_01_pt_01/logs/heur_mslp/outputs/csvresults_heur_mslp_bash_3.csv;0;6;1;82;0;0.0;0.5;true;42;2;LR1_2_6_t1_40R_40V_02I_06M;/dados/rmelo/PDPTW-SE/benchmark_multi_island_v5/official_experiments/multistartlp/preliminar/set_01_pt_01/configs/genconfig_mslp.conf;genconfig_mslp;/dados/rmelo/PDPTW-SE/benchmark_multi_island_v5/official_experiments/multistartlp/preliminar/set_01_pt_01/logs/heur_mslp/gurobi/40R_40V_02I_06M/LR1_2_6_grb_genconfig_mslp_seed_45_alpha_15p.log;random;40R_40V_02I_06M;1;58326;1;/dados/rmelo/PDPTW-SE/benchmark_multi_island_v5/official_experiments/multistartlp/preliminar/set_01_pt_01/../../../../instances/orig_ams_fg/40R_40V_02I_06M/t1/LR1_2_6/;60000;56628;0;6911.69;81;41;H;50;95;0;100.0;30.0;true;0.95;100.0;1.0;1.0;1.0;1.0;60;M;1674;1674;false;72;0.95;213.59;1.0;36;10;1000000;-1;3600;4.86;0.74;0.67;mslp;heur;0.38;0.27;-1;3600;60000;I;40;1.0;0.3;LR1_2_6;0;/dados/rmelo/PDPTW-SE/benchmark_multi_island_v5/official_experiments/multistartlp/preliminar/set_01_pt_01/logs;0;0;0;97.21;100.0;1;45;/dados/rmelo/PDPTW-SE/benchmark_multi_island_v5/official_experiments/multistartlp/preliminar/set_01_pt_01/logs/heur_mslp/solutions/40R_40V_02I_06M/LR1_2_6_sol_genconfig_mslp_seed_45_alpha_15p.txt;Gurobi;AUTOMATIC;1.75954941203e9;_bash_3;_seed_45_alpha_15p;81.36;1;241.7;/dados/rmelo/PDPTW-SE/benchmark_multi_island_v5/official_experiments/multistartlp/preliminar/set_01_pt_01/logs/heur_mslp/timelines/40R_40V_02I_06M/LR1_2_6_timeline_genconfig_mslp_seed_45_alpha_15p.txt;256.26;t1;0;5636.35;false
0.15;0.01;0.02;0.03;0.0;0.02;13;/dados/rmelo/PDPTW-SE/benchmark_multi_island_v5/official_experiments/multistartlp/preliminar/set_01_pt_01/logs/heur_mslp/outputs/csvresults_heur_mslp_bash_3.csv;0;6;1;82;0;0.0;0.5;true;42;2;LR2_2_10_t2_40R_40V_02I_06M;/dados/rmelo/PDPTW-SE/benchmark_multi_island_v5/official_experiments/multistartlp/preliminar/set_01_pt_01/configs/genconfig_mslp.conf;genconfig_mslp;/dados/rmelo/PDPTW-SE/benchmark_multi_island_v5/official_experiments/multistartlp/preliminar/set_01_pt_01/logs/heur_mslp/gurobi/40R_40V_02I_06M/LR2_2_10_grb_genconfig_mslp_seed_45_alpha_15p.log;random;40R_40V_02I_06M;1;0;1;/dados/rmelo/PDPTW-SE/benchmark_multi_island_v5/official_experiments/multistartlp/preliminar/set_01_pt_01/../../../../instances/orig_ams_fg/40R_40V_02I_06M/t2/LR2_2_10/;60000;59919;0;9008.05;81;41;H;50;95;0;100.0;30.0;true;0.95;100.0;1.0;1.0;1.0;1.0;60;M;60000;60000;false;80;0.99;269.32;1.0;40;10;1000000;-1;3600;6.35;0.62;0.95;mslp;heur;0.25;0.9;-1;3600;60000;I;40;0.83;0.1;LR2_2_10;0;/dados/rmelo/PDPTW-SE/benchmark_multi_island_v5/official_experiments/multistartlp/preliminar/set_01_pt_01/logs;0;0;0;0.0;100.0;1;45;/dados/rmelo/PDPTW-SE/benchmark_multi_island_v5/official_experiments/multistartlp/preliminar/set_01_pt_01/logs/heur_mslp/solutions/40R_40V_02I_06M/LR2_2_10_sol_genconfig_mslp_seed_45_alpha_15p.txt;Gurobi;AUTOMATIC;1.75954969045e9;_bash_3;_seed_45_alpha_15p;3810.21;1;1441.46;/dados/rmelo/PDPTW-SE/benchmark_multi_island_v5/official_experiments/multistartlp/preliminar/set_01_pt_01/logs/heur_mslp/timelines/40R_40V_02I_06M/LR2_2_10_timeline_genconfig_mslp_seed_45_alpha_15p.txt;1443.41;t2;0;6291.01;false
0.15;0.01;0.03;0.04;0.0;0.0;9;/dados/rmelo/PDPTW-SE/benchmark_multi_island_v5/official_experiments/multistartlp/preliminar/set_01_pt_01/logs/heur_mslp/outputs/csvresults_heur_mslp_bash_3.csv;0;6;1;82;0;0.0;0.5;true;42;2;LR1_2_8_t1_40R_40V_02I_06M;/dados/rmelo/PDPTW-SE/benchmark_multi_island_v5/official_experiments/multistartlp/preliminar/set_01_pt_01/configs/genconfig_mslp.conf;genconfig_mslp;/dados/rmelo/PDPTW-SE/benchmark_multi_island_v5/official_experiments/multistartlp/preliminar/set_01_pt_01/logs/heur_mslp/gurobi/40R_40V_02I_06M/LR1_2_8_grb_genconfig_mslp_seed_45_alpha_15p.log;random;40R_40V_02I_06M;1;55533;1;/dados/rmelo/PDPTW-SE/benchmark_multi_island_v5/official_experiments/multistartlp/preliminar/set_01_pt_01/../../../../instances/orig_ams_fg/40R_40V_02I_06M/t1/LR1_2_8/;60000;21198;0;4978.95;81;41;H;50;95;0;100.0;30.0;true;0.95;100.0;1.0;1.0;1.0;1.0;60;M;4467;4467;false;86;1.0;260.25;1.0;43;10;1000000;-1;3600;1.87;0.83;0.84;mslp;heur;0.27;0.47;-1;3600;60000;I;40;1.0;0.18;LR1_2_8;0;/dados/rmelo/PDPTW-SE/benchmark_multi_island_v5/official_experiments/multistartlp/preliminar/set_01_pt_01/logs;0;0;0;92.56;100.0;1;45;/dados/rmelo/PDPTW-SE/benchmark_multi_island_v5/official_experiments/multistartlp/preliminar/set_01_pt_01/logs/heur_mslp/solutions/40R_40V_02I_06M/LR1_2_8_sol_genconfig_mslp_seed_45_alpha_15p.txt;Gurobi;AUTOMATIC;1.75955115616e9;_bash_3;_seed_45_alpha_15p;83.47;1;145.06;/dados/rmelo/PDPTW-SE/benchmark_multi_island_v5/official_experiments/multistartlp/preliminar/set_01_pt_01/logs/heur_mslp/timelines/40R_40V_02I_06M/LR1_2_8_timeline_genconfig_mslp_seed_45_alpha_15p.txt;411.57;t1;0;3982.29;false
0.15;0.01;0.02;0.03;0.0;0.02;13;/dados/rmelo/PDPTW-SE/benchmark_multi_island_v5/official_experiments/multistartlp/preliminar/set_01_pt_01/logs/heur_mslp/outputs/csvresults_heur_mslp_bash_3.csv;0;6;1;82;0;0.0;0.5;true;42;2;LR2_2_10_t2_40R_40V_02I_06M;/dados/rmelo/PDPTW-SE/benchmark_multi_island_v5/official_experiments/multistartlp/preliminar/set_01_pt_01/configs/genconfig_mslp.conf;genconfig_mslp;/dados/rmelo/PDPTW-SE/benchmark_multi_island_v5/official_experiments/multistartlp/preliminar/set_01_pt_01/logs/heur_mslp/gurobi/40R_40V_02I_06M/LR2_2_10_grb_genconfig_mslp_seed_45_alpha_15p.log;random;40R_40V_02I_06M;1;0;1;/dados/rmelo/PDPTW-SE/benchmark_multi_island_v5/official_experiments/multistartlp/preliminar/set_01_pt_01/../../../../instances/orig_ams_fg/40R_40V_02I_06M/t2/LR2_2_10/;60000;59919;0;9008.05;81;41;H;50;95;0;100.0;30.0;true;0.95;100.0;1.0;1.0;1.0;1.0;60;M;60000;60000;false;80;0.99;269.32;1.0;40;10;1000000;-1;3600;6.35;0.62;0.95;mslp;heur;0.25;0.9;-1;3600;60000;I;40;0.83;0.1;LR2_2_10;0;/dados/rmelo/PDPTW-SE/benchmark_multi_island_v5/official_experiments/multistartlp/preliminar/set_01_pt_01/logs;0;0;0;0.0;100.0;1;45;/dados/rmelo/PDPTW-SE/benchmark_multi_island_v5/official_experiments/multistartlp/preliminar/set_01_pt_01/logs/heur_mslp/solutions/40R_40V_02I_06M/LR2_2_10_sol_genconfig_mslp_seed_45_alpha_15p.txt;Gurobi;AUTOMATIC;1.7595515902e9;_bash_3;_seed_45_alpha_15p;3810.21;1;1428.34;/dados/rmelo/PDPTW-SE/benchmark_multi_island_v5/official_experiments/multistartlp/preliminar/set_01_pt_01/logs/heur_mslp/timelines/40R_40V_02I_06M/LR2_2_10_timeline_genconfig_mslp_seed_45_alpha_15p.txt;1430.28;t2;0;6291.01;false
0.15;0.09;0.11;0.21;0.0;0.02;10;/dados/rmelo/PDPTW-SE/benchmark_multi_island_v5/official_experiments/multistartlp/preliminar/set_01_pt_01/logs/heur_mslp/outputs/csvresults_heur_mslp_bash_3.csv;0;6;1;82;0;0.0;0.5;true;42;2;LR1_2_10_t1_40R_40V_04I_06M;/dados/rmelo/PDPTW-SE/benchmark_multi_island_v5/official_experiments/multistartlp/preliminar/set_01_pt_01/configs/genconfig_mslp.conf;genconfig_mslp;/dados/rmelo/PDPTW-SE/benchmark_multi_island_v5/official_experiments/multistartlp/preliminar/set_01_pt_01/logs/heur_mslp/gurobi/40R_40V_04I_06M/LR1_2_10_grb_genconfig_mslp_seed_45_alpha_15p.log;random;40R_40V_04I_06M;1;14865;1;/dados/rmelo/PDPTW-SE/benchmark_multi_island_v5/official_experiments/multistartlp/preliminar/set_01_pt_01/../../../../instances/orig_ams_fg/40R_40V_04I_06M/t1/LR1_2_10/;60000;51686;0;5325.31;81;41;H;50;95;0;100.0;30.0;true;0.95;100.0;1.0;1.0;1.0;1.0;60;M;45135;45135;false;72;0.94;175.77;0.98;36;10;1000000;-1;3600;6.31;0.74;0.81;mslp;heur;0.48;0.51;-1;3600;60000;I;40;1.0;0.22;LR1_2_10;0;/dados/rmelo/PDPTW-SE/benchmark_multi_island_v5/official_experiments/multistartlp/preliminar/set_01_pt_01/logs;0;0;0;24.78;100.0;1;45;/dados/rmelo/PDPTW-SE/benchmark_multi_island_v5/official_experiments/multistartlp/preliminar/set_01_pt_01/logs/heur_mslp/solutions/40R_40V_04I_06M/LR1_2_10_sol_genconfig_mslp_seed_45_alpha_15p.txt;Gurobi;AUTOMATIC;1.75955304276e9;_bash_3;_seed_45_alpha_15p;2849.86;1;844.29;/dados/rmelo/PDPTW-SE/benchmark_multi_island_v5/official_experiments/multistartlp/preliminar/set_01_pt_01/logs/heur_mslp/timelines/40R_40V_04I_06M/LR1_2_10_timeline_genconfig_mslp_seed_45_alpha_15p.txt;978.85;t1;0;4198.69;false
0.15;0.04;0.07;0.11;0.02;0.03;5;/dados/rmelo/PDPTW-SE/benchmark_multi_island_v5/official_experiments/multistartlp/preliminar/set_01_pt_01/logs/heur_mslp/outputs/csvresults_heur_mslp_bash_3.csv;0;6;1;82;0;0.0;0.5;true;42;2;LR2_2_7_t2_40R_40V_04I_06M;/dados/rmelo/PDPTW-SE/benchmark_multi_island_v5/official_experiments/multistartlp/preliminar/set_01_pt_01/configs/genconfig_mslp.conf;genconfig_mslp;/dados/rmelo/PDPTW-SE/benchmark_multi_island_v5/official_experiments/multistartlp/preliminar/set_01_pt_01/logs/heur_mslp/gurobi/40R_40V_04I_06M/LR2_2_7_grb_genconfig_mslp_seed_45_alpha_15p.log;random;40R_40V_04I_06M;1;0;1;/dados/rmelo/PDPTW-SE/benchmark_multi_island_v5/official_experiments/multistartlp/preliminar/set_01_pt_01/../../../../instances/orig_ams_fg/40R_40V_04I_06M/t2/LR2_2_7/;55230;20776;0;7432.44;81;41;H;50;95;0;100.0;30.0;true;0.95;100.0;1.0;1.0;1.0;1.0;60;M;55229;55230;false;78;0.77;185.38;0.97;39;10;1000000;-1;3600;2.62;0.73;0.96;mslp;heur;0.67;0.94;-1;3600;60000;I;40;1.0;0.08;LR2_2_7;0;/dados/rmelo/PDPTW-SE/benchmark_multi_island_v5/official_experiments/multistartlp/preliminar/set_01_pt_01/logs;0;0;0;0.0;100.0;1;45;/dados/rmelo/PDPTW-SE/benchmark_multi_island_v5/official_experiments/multistartlp/preliminar/set_01_pt_01/logs/heur_mslp/solutions/40R_40V_04I_06M/LR2_2_7_sol_genconfig_mslp_seed_45_alpha_15p.txt;Gurobi;AUTOMATIC;1.75955404366e9;_bash_3;_seed_45_alpha_15p;1444.47;1;1355.21;/dados/rmelo/PDPTW-SE/benchmark_multi_island_v5/official_experiments/multistartlp/preliminar/set_01_pt_01/logs/heur_mslp/timelines/40R_40V_04I_06M/LR2_2_7_timeline_genconfig_mslp_seed_45_alpha_15p.txt;3600.0;t2;0;5567.49;false
0.15;0.07;0.1;0.17;0.0;0.0;12;/dados/rmelo/PDPTW-SE/benchmark_multi_island_v5/official_experiments/multistartlp/preliminar/set_01_pt_01/logs/heur_mslp/outputs/csvresults_heur_mslp_bash_3.csv;0;6;1;82;0;0.0;0.5;true;42;2;LR1_2_8_t1_40R_40V_04I_06M;/dados/rmelo/PDPTW-SE/benchmark_multi_island_v5/official_experiments/multistartlp/preliminar/set_01_pt_01/configs/genconfig_mslp.conf;genconfig_mslp;/dados/rmelo/PDPTW-SE/benchmark_multi_island_v5/official_experiments/multistartlp/preliminar/set_01_pt_01/logs/heur_mslp/gurobi/40R_40V_04I_06M/LR1_2_8_grb_genconfig_mslp_seed_45_alpha_15p.log;random;40R_40V_04I_06M;1;16133;1;/dados/rmelo/PDPTW-SE/benchmark_multi_island_v5/official_experiments/multistartlp/preliminar/set_01_pt_01/../../../../instances/orig_ams_fg/40R_40V_04I_06M/t1/LR1_2_8/;60000;34692;0;4470.32;81;41;H;50;95;0;100.0;30.0;true;0.95;100.0;1.0;1.0;1.0;1.0;60;M;43860;43867;false;86;0.99;175.25;0.95;43;10;1000000;-1;3600;2.59;0.89;0.81;mslp;heur;0.79;0.6;-1;3600;60000;I;40;1.0;0.15;LR1_2_8;0;/dados/rmelo/PDPTW-SE/benchmark_multi_island_v5/official_experiments/multistartlp/preliminar/set_01_pt_01/logs;0;0;0;26.89;99.98;1;45;/dados/rmelo/PDPTW-SE/benchmark_multi_island_v5/official_experiments/multistartlp/preliminar/set_01_pt_01/logs/heur_mslp/solutions/40R_40V_04I_06M/LR1_2_8_sol_genconfig_mslp_seed_45_alpha_15p.txt;Gurobi;AUTOMATIC;1.75955766586e9;_bash_3;_seed_45_alpha_15p;1136.79;1;1172.06;/dados/rmelo/PDPTW-SE/benchmark_multi_island_v5/official_experiments/multistartlp/preliminar/set_01_pt_01/logs/heur_mslp/timelines/40R_40V_04I_06M/LR1_2_8_timeline_genconfig_mslp_seed_45_alpha_15p.txt;1930.14;t1;0;3372.06;false
0.15;0.05;0.07;0.12;0.01;0.04;9;/dados/rmelo/PDPTW-SE/benchmark_multi_island_v5/official_experiments/multistartlp/preliminar/set_01_pt_01/logs/heur_mslp/outputs/csvresults_heur_mslp_bash_3.csv;0;6;1;82;0;0.0;0.5;true;42;2;LR2_2_6_t2_40R_40V_04I_06M;/dados/rmelo/PDPTW-SE/benchmark_multi_island_v5/official_experiments/multistartlp/preliminar/set_01_pt_01/configs/genconfig_mslp.conf;genconfig_mslp;/dados/rmelo/PDPTW-SE/benchmark_multi_island_v5/official_experiments/multistartlp/preliminar/set_01_pt_01/logs/heur_mslp/gurobi/40R_40V_04I_06M/LR2_2_6_grb_genconfig_mslp_seed_45_alpha_15p.log;random;40R_40V_04I_06M;1;0;1;/dados/rmelo/PDPTW-SE/benchmark_multi_island_v5/official_experiments/multistartlp/preliminar/set_01_pt_01/../../../../instances/orig_ams_fg/40R_40V_04I_06M/t2/LR2_2_6/;60000;42898;0;8178.87;81;41;H;50;95;0;100.0;30.0;true;0.95;100.0;1.0;1.0;1.0;1.0;60;M;60000;60000;false;80;0.83;181.23;0.96;40;10;1000000;-1;3600;4.44;0.79;0.95;mslp;heur;0.78;0.94;-1;3600;60000;I;40;1.0;0.08;LR2_2_6;0;/dados/rmelo/PDPTW-SE/benchmark_multi_island_v5/official_experiments/multistartlp/preliminar/set_01_pt_01/logs;0;0;0;0.0;100.0;1;45;/dados/rmelo/PDPTW-SE/benchmark_multi_island_v5/official_experiments/multistartlp/preliminar/set_01_pt_01/logs/heur_mslp/solutions/40R_40V_04I_06M/LR2_2_6_sol_genconfig_mslp_seed_45_alpha_15p.txt;Gurobi;AUTOMATIC;1.75955961767e9;_bash_3;_seed_45_alpha_15p;2665.5;1;2154.74;/dados/rmelo/PDPTW-SE/benchmark_multi_island_v5/official_experiments/multistartlp/preliminar/set_01_pt_01/logs/heur_mslp/timelines/40R_40V_04I_06M/LR2_2_6_timeline_genconfig_mslp_seed_45_alpha_15p.txt;3013.27;t2;0;6041.69;false
0.15;0.04;0.08;0.12;0.0;0.05;1;/dados/rmelo/PDPTW-SE/benchmark_multi_island_v5/official_experiments/multistartlp/preliminar/set_01_pt_01/logs/heur_mslp/outputs/csvresults_heur_mslp_bash_3.csv;0;6;1;122;0;0.0;0.5;true;62;2;LR1_2_6_t1_60R_60V_02I_06M;/dados/rmelo/PDPTW-SE/benchmark_multi_island_v5/official_experiments/multistartlp/preliminar/set_01_pt_01/configs/genconfig_mslp.conf;genconfig_mslp;/dados/rmelo/PDPTW-SE/benchmark_multi_island_v5/official_experiments/multistartlp/preliminar/set_01_pt_01/logs/heur_mslp/gurobi/60R_60V_02I_06M/LR1_2_6_grb_genconfig_mslp_seed_45_alpha_15p.log;random;60R_60V_02I_06M;1;59999;1;/dados/rmelo/PDPTW-SE/benchmark_multi_island_v5/official_experiments/multistartlp/preliminar/set_01_pt_01/../../../../instances/orig_ams_fg/60R_60V_02I_06M/t1/LR1_2_6/;60000;1;0;10597.13;121;61;H;50;95;0;100.0;30.0;true;0.95;100.0;1.0;1.0;1.0;1.0;60;M;1;1;false;82;0.96;277.16;1.0;41;10;1000000;-1;3600;2.74;0.68;0.54;mslp;heur;0.44;0.11;-1;3600;60000;I;60;1.0;0.35;LR1_2_6;0;/dados/rmelo/PDPTW-SE/benchmark_multi_island_v5/official_experiments/multistartlp/preliminar/set_01_pt_01/logs;0;0;0;100.0;100.0;1;45;/dados/rmelo/PDPTW-SE/benchmark_multi_island_v5/official_experiments/multistartlp/preliminar/set_01_pt_01/logs/heur_mslp/solutions/60R_60V_02I_06M/LR1_2_6_sol_genconfig_mslp_seed_45_alpha_15p.txt;Gurobi;AUTOMATIC;1.75956265289e9;_bash_3;_seed_45_alpha_15p;0.03;1;0.03;/dados/rmelo/PDPTW-SE/benchmark_multi_island_v5/official_experiments/multistartlp/preliminar/set_01_pt_01/logs/heur_mslp/timelines/60R_60V_02I_06M/LR1_2_6_timeline_genconfig_mslp_seed_45_alpha_15p.txt;221.18;t1;0;10306.72;false
0.15;0.0;0.01;0.01;0.0;0.0;4;/dados/rmelo/PDPTW-SE/benchmark_multi_island_v5/official_experiments/multistartlp/preliminar/set_01_pt_01/logs/heur_mslp/outputs/csvresults_heur_mslp_bash_3.csv;0;6;1;122;0;0.0;0.5;true;62;2;LR2_2_8_t2_60R_60V_02I_06M;/dados/rmelo/PDPTW-SE/benchmark_multi_island_v5/official_experiments/multistartlp/preliminar/set_01_pt_01/configs/genconfig_mslp.conf;genconfig_mslp;/dados/rmelo/PDPTW-SE/benchmark_multi_island_v5/official_experiments/multistartlp/preliminar/set_01_pt_01/logs/heur_mslp/gurobi/60R_60V_02I_06M/LR2_2_8_grb_genconfig_mslp_seed_45_alpha_15p.log;random;60R_60V_02I_06M;1;0;1;/dados/rmelo/PDPTW-SE/benchmark_multi_island_v5/official_experiments/multistartlp/preliminar/set_01_pt_01/../../../../instances/orig_ams_fg/60R_60V_02I_06M/t2/LR2_2_8/;34015;4743;0;9464.9;121;61;H;50;95;0;100.0;30.0;true;0.95;100.0;1.0;1.0;1.0;1.0;60;M;33872;34015;false;80;0.92;227.5;0.99;40;10;1000000;-1;3600;1.56;0.68;0.97;mslp;heur;0.28;0.92;-1;3600;60000;I;60;0.5;0.07;LR2_2_8;0;/dados/rmelo/PDPTW-SE/benchmark_multi_island_v5/official_experiments/multistartlp/preliminar/set_01_pt_01/logs;0;0;0;0.0;99.58;1;45;/dados/rmelo/PDPTW-SE/benchmark_multi_island_v5/official_experiments/multistartlp/preliminar/set_01_pt_01/logs/heur_mslp/solutions/60R_60V_02I_06M/LR2_2_8_sol_genconfig_mslp_seed_45_alpha_15p.txt;Gurobi;AUTOMATIC;1.75956289608e9;_bash_3;_seed_45_alpha_15p;529.7;1;503.69;/dados/rmelo/PDPTW-SE/benchmark_multi_island_v5/official_experiments/multistartlp/preliminar/set_01_pt_01/logs/heur_mslp/timelines/60R_60V_02I_06M/LR2_2_8_timeline_genconfig_mslp_seed_45_alpha_15p.txt;3600.03;t2;0;6922.32;false
0.15;0.02;0.05;0.07;0.0;0.07;9;/dados/rmelo/PDPTW-SE/benchmark_multi_island_v5/official_experiments/multistartlp/preliminar/set_01_pt_01/logs/heur_mslp/outputs/csvresults_heur_mslp_bash_3.csv;0;6;1;122;0;0.0;0.5;true;62;2;LR1_2_9_t1_60R_60V_02I_06M;/dados/rmelo/PDPTW-SE/benchmark_multi_island_v5/official_experiments/multistartlp/preliminar/set_01_pt_01/configs/genconfig_mslp.conf;genconfig_mslp;/dados/rmelo/PDPTW-SE/benchmark_multi_island_v5/official_experiments/multistartlp/preliminar/set_01_pt_01/logs/heur_mslp/gurobi/60R_60V_02I_06M/LR1_2_9_grb_genconfig_mslp_seed_45_alpha_15p.log;random;60R_60V_02I_06M;1;23539;1;/dados/rmelo/PDPTW-SE/benchmark_multi_island_v5/official_experiments/multistartlp/preliminar/set_01_pt_01/../../../../instances/orig_ams_fg/60R_60V_02I_06M/t1/LR1_2_9/;60000;1196;0;8361.98;121;61;H;50;95;0;100.0;30.0;true;0.95;100.0;1.0;1.0;1.0;1.0;60;M;36461;36461;false;86;0.97;182.58;0.97;43;10;1000000;-1;3600;6.3;0.73;0.69;mslp;heur;0.28;0.05;-1;3600;60000;I;60;0.83;0.23;LR1_2_9;0;/dados/rmelo/PDPTW-SE/benchmark_multi_island_v5/official_experiments/multistartlp/preliminar/set_01_pt_01/logs;0;0;0;39.23;100.0;1;45;/dados/rmelo/PDPTW-SE/benchmark_multi_island_v5/official_experiments/multistartlp/preliminar/set_01_pt_01/logs/heur_mslp/solutions/60R_60V_02I_06M/LR1_2_9_sol_genconfig_mslp_seed_45_alpha_15p.txt;Gurobi;AUTOMATIC;1.75956651889e9;_bash_3;_seed_45_alpha_15p;2298.44;1;26.21;/dados/rmelo/PDPTW-SE/benchmark_multi_island_v5/official_experiments/multistartlp/preliminar/set_01_pt_01/logs/heur_mslp/timelines/60R_60V_02I_06M/LR1_2_9_timeline_genconfig_mslp_seed_45_alpha_15p.txt;1276.84;t1;0;6498.33;false
0.15;0.01;0.03;0.04;0.0;0.14;6;/dados/rmelo/PDPTW-SE/benchmark_multi_island_v5/official_experiments/multistartlp/preliminar/set_01_pt_01/logs/heur_mslp/outputs/csvresults_heur_mslp_bash_3.csv;0;6;1;122;0;0.0;0.5;true;62;2;LR2_2_10_t2_60R_60V_02I_06M;/dados/rmelo/PDPTW-SE/benchmark_multi_island_v5/official_experiments/multistartlp/preliminar/set_01_pt_01/configs/genconfig_mslp.conf;genconfig_mslp;/dados/rmelo/PDPTW-SE/benchmark_multi_island_v5/official_experiments/multistartlp/preliminar/set_01_pt_01/logs/heur_mslp/gurobi/60R_60V_02I_06M/LR2_2_10_grb_genconfig_mslp_seed_45_alpha_15p.log;random;60R_60V_02I_06M;1;0;1;/dados/rmelo/PDPTW-SE/benchmark_multi_island_v5/official_experiments/multistartlp/preliminar/set_01_pt_01/../../../../instances/orig_ams_fg/60R_60V_02I_06M/t2/LR2_2_10/;60000;45812;0;15058.64;121;61;H;50;95;0;100.0;30.0;true;0.95;100.0;1.0;1.0;1.0;1.0;60;M;60000;60000;false;80;0.96;300.67;1.0;40;10;1000000;-1;3600;7.05;0.71;0.89;mslp;heur;0.49;0.49;-1;3600;60000;I;60;0.67;0.1;LR2_2_10;0;/dados/rmelo/PDPTW-SE/benchmark_multi_island_v5/official_experiments/multistartlp/preliminar/set_01_pt_01/logs;0;0;0;0.0;100.0;1;45;/dados/rmelo/PDPTW-SE/benchmark_multi_island_v5/official_experiments/multistartlp/preliminar/set_01_pt_01/logs/heur_mslp/solutions/60R_60V_02I_06M/LR2_2_10_sol_genconfig_mslp_seed_45_alpha_15p.txt;Gurobi;AUTOMATIC;1.75956781829e9;_bash_3;_seed_45_alpha_15p;4228.67;1;2270.89;/dados/rmelo/PDPTW-SE/benchmark_multi_island_v5/official_experiments/multistartlp/preliminar/set_01_pt_01/logs/heur_mslp/timelines/60R_60V_02I_06M/LR2_2_10_timeline_genconfig_mslp_seed_45_alpha_15p.txt;2970.13;t2;0;10772.24;false
0.15;0.09;0.12;0.21;0.02;0.27;0;/dados/rmelo/PDPTW-SE/benchmark_multi_island_v5/official_experiments/multistartlp/preliminar/set_01_pt_01/logs/heur_mslp/outputs/csvresults_heur_mslp_bash_3.csv;0;6;1;122;0;0.0;0.5;false;62;2;LR1_2_6_t1_60R_60V_04I_06M;/dados/rmelo/PDPTW-SE/benchmark_multi_island_v5/official_experiments/multistartlp/preliminar/set_01_pt_01/configs/genconfig_mslp.conf;genconfig_mslp;/dados/rmelo/PDPTW-SE/benchmark_multi_island_v5/official_experiments/multistartlp/preliminar/set_01_pt_01/logs/heur_mslp/gurobi/60R_60V_04I_06M/LR1_2_6_grb_genconfig_mslp_seed_45_alpha_15p.log;random;60R_60V_04I_06M;1;60000;1;/dados/rmelo/PDPTW-SE/benchmark_multi_island_v5/official_experiments/multistartlp/preliminar/set_01_pt_01/../../../../instances/orig_ams_fg/60R_60V_04I_06M/t1/LR1_2_6/;60000;0;0;0.0;121;61;H;50;95;0;100.0;30.0;true;0.95;100.0;1.0;1.0;1.0;1.0;60;M;0;0;false;82;0.96;184.15;0.96;41;10;1000000;-1;3600;0.0;0.62;0.59;mslp;heur;0.45;0.33;-1;3600;60000;I;60;1.0;0.25;LR1_2_6;0;/dados/rmelo/PDPTW-SE/benchmark_multi_island_v5/official_experiments/multistartlp/preliminar/set_01_pt_01/logs;0;0;0;100.0;0.0;1;45;/dados/rmelo/PDPTW-SE/benchmark_multi_island_v5/official_experiments/multistartlp/preliminar/set_01_pt_01/logs/heur_mslp/solutions/60R_60V_04I_06M/LR1_2_6_sol_genconfig_mslp_seed_45_alpha_15p.txt;Gurobi;AUTOMATIC;1.75957081077e9;_bash_3;_seed_45_alpha_15p;0.0;1;0.0;/dados/rmelo/PDPTW-SE/benchmark_multi_island_v5/official_experiments/multistartlp/preliminar/set_01_pt_01/logs/heur_mslp/timelines/60R_60V_04I_06M/LR1_2_6_timeline_genconfig_mslp_seed_45_alpha_15p.txt;523.6;t1;0;Inf;false
0.15;0.02;0.04;0.06;0.0;0.0;3;/dados/rmelo/PDPTW-SE/benchmark_multi_island_v5/official_experiments/multistartlp/preliminar/set_01_pt_01/logs/heur_mslp/outputs/csvresults_heur_mslp_bash_3.csv;0;6;1;122;0;0.0;0.5;true;62;2;LR2_2_8_t2_60R_60V_04I_06M;/dados/rmelo/PDPTW-SE/benchmark_multi_island_v5/official_experiments/multistartlp/preliminar/set_01_pt_01/configs/genconfig_mslp.conf;genconfig_mslp;/dados/rmelo/PDPTW-SE/benchmark_multi_island_v5/official_experiments/multistartlp/preliminar/set_01_pt_01/logs/heur_mslp/gurobi/60R_60V_04I_06M/LR2_2_8_grb_genconfig_mslp_seed_45_alpha_15p.log;random;60R_60V_04I_06M;1;0;1;/dados/rmelo/PDPTW-SE/benchmark_multi_island_v5/official_experiments/multistartlp/preliminar/set_01_pt_01/../../../../instances/orig_ams_fg/60R_60V_04I_06M/t2/LR2_2_8/;18245;10011;0;9354.21;121;61;H;50;95;0;100.0;30.0;true;0.95;100.0;1.0;1.0;1.0;1.0;60;M;18180;18245;false;80;0.86;181.1;1.0;40;10;1000000;-1;3600;1.13;0.58;0.9;mslp;heur;0.15;0.64;-1;3600;60000;I;60;1.0;0.08;LR2_2_8;0;/dados/rmelo/PDPTW-SE/benchmark_multi_island_v5/official_experiments/multistartlp/preliminar/set_01_pt_01/logs;0;0;0;0.0;99.64;1;45;/dados/rmelo/PDPTW-SE/benchmark_multi_island_v5/official_experiments/multistartlp/preliminar/set_01_pt_01/logs/heur_mslp/solutions/60R_60V_04I_06M/LR2_2_8_sol_genconfig_mslp_seed_45_alpha_15p.txt;Gurobi;AUTOMATIC;1.75957135658e9;_bash_3;_seed_45_alpha_15p;206.74;1;1973.68;/dados/rmelo/PDPTW-SE/benchmark_multi_island_v5/official_experiments/multistartlp/preliminar/set_01_pt_01/logs/heur_mslp/timelines/60R_60V_04I_06M/LR2_2_8_timeline_genconfig_mslp_seed_45_alpha_15p.txt;3600.07;t2;0;7326.99;false
0.15;0.09;0.15;0.24;0.0;0.06;7;/dados/rmelo/PDPTW-SE/benchmark_multi_island_v5/official_experiments/multistartlp/preliminar/set_01_pt_01/logs/heur_mslp/outputs/csvresults_heur_mslp_bash_3.csv;0;6;1;122;0;0.0;0.5;true;62;2;LR1_2_9_t1_60R_60V_04I_06M;/dados/rmelo/PDPTW-SE/benchmark_multi_island_v5/official_experiments/multistartlp/preliminar/set_01_pt_01/configs/genconfig_mslp.conf;genconfig_mslp;/dados/rmelo/PDPTW-SE/benchmark_multi_island_v5/official_experiments/multistartlp/preliminar/set_01_pt_01/logs/heur_mslp/gurobi/60R_60V_04I_06M/LR1_2_9_grb_genconfig_mslp_seed_45_alpha_15p.log;random;60R_60V_04I_06M;1;59468;1;/dados/rmelo/PDPTW-SE/benchmark_multi_island_v5/official_experiments/multistartlp/preliminar/set_01_pt_01/../../../../instances/orig_ams_fg/60R_60V_04I_06M/t1/LR1_2_9/;60000;12455;0;8173.38;121;61;H;50;95;0;100.0;30.0;true;0.95;100.0;1.0;1.0;1.0;1.0;60;M;532;532;false;86;0.98;181.44;1.0;43;10;1000000;-1;3600;7.08;0.78;0.82;mslp;heur;0.48;0.49;-1;3600;60000;I;60;1.0;0.23;LR1_2_9;0;/dados/rmelo/PDPTW-SE/benchmark_multi_island_v5/official_experiments/multistartlp/preliminar/set_01_pt_01/logs;0;0;0;99.11;100.0;1;45;/dados/rmelo/PDPTW-SE/benchmark_multi_island_v5/official_experiments/multistartlp/preliminar/set_01_pt_01/logs/heur_mslp/solutions/60R_60V_04I_06M/LR1_2_9_sol_genconfig_mslp_seed_45_alpha_15p.txt;Gurobi;AUTOMATIC;1.75957497932e9;_bash_3;_seed_45_alpha_15p;37.66;1;141.51;/dados/rmelo/PDPTW-SE/benchmark_multi_island_v5/official_experiments/multistartlp/preliminar/set_01_pt_01/logs/heur_mslp/timelines/60R_60V_04I_06M/LR1_2_9_timeline_genconfig_mslp_seed_45_alpha_15p.txt;679.25;t1;0;6879.25;false
0.15;0.02;0.04;0.06;0.0;0.0;3;/dados/rmelo/PDPTW-SE/benchmark_multi_island_v5/official_experiments/multistartlp/preliminar/set_01_pt_01/logs/heur_mslp/outputs/csvresults_heur_mslp_bash_3.csv;0;6;1;122;0;0.0;0.5;true;62;2;LR2_2_8_t2_60R_60V_04I_06M;/dados/rmelo/PDPTW-SE/benchmark_multi_island_v5/official_experiments/multistartlp/preliminar/set_01_pt_01/configs/genconfig_mslp.conf;genconfig_mslp;/dados/rmelo/PDPTW-SE/benchmark_multi_island_v5/official_experiments/multistartlp/preliminar/set_01_pt_01/logs/heur_mslp/gurobi/60R_60V_04I_06M/LR2_2_8_grb_genconfig_mslp_seed_45_alpha_15p.log;random;60R_60V_04I_06M;1;0;1;/dados/rmelo/PDPTW-SE/benchmark_multi_island_v5/official_experiments/multistartlp/preliminar/set_01_pt_01/../../../../instances/orig_ams_fg/60R_60V_04I_06M/t2/LR2_2_8/;18260;10011;0;8697.32;121;61;H;50;95;0;100.0;30.0;true;0.95;100.0;1.0;1.0;1.0;1.0;60;M;18195;18260;false;80;0.86;181.1;1.0;40;10;1000000;-1;3600;1.13;0.58;0.9;mslp;heur;0.15;0.64;-1;3600;60000;I;60;1.0;0.08;LR2_2_8;0;/dados/rmelo/PDPTW-SE/benchmark_multi_island_v5/official_experiments/multistartlp/preliminar/set_01_pt_01/logs;0;0;0;0.0;99.64;1;45;/dados/rmelo/PDPTW-SE/benchmark_multi_island_v5/official_experiments/multistartlp/preliminar/set_01_pt_01/logs/heur_mslp/solutions/60R_60V_04I_06M/LR2_2_8_sol_genconfig_mslp_seed_45_alpha_15p.txt;Gurobi;AUTOMATIC;1.7595756806e9;_bash_3;_seed_45_alpha_15p;206.85;1;1973.78;/dados/rmelo/PDPTW-SE/benchmark_multi_island_v5/official_experiments/multistartlp/preliminar/set_01_pt_01/logs/heur_mslp/timelines/60R_60V_04I_06M/LR2_2_8_timeline_genconfig_mslp_seed_45_alpha_15p.txt;3600.11;t2;0;7326.99;false
0.15;0.0;0.12;0.12;0.0;0.0;7;/dados/rmelo/PDPTW-SE/benchmark_multi_island_v5/official_experiments/multistartlp/preliminar/set_01_pt_01/logs/heur_mslp/outputs/csvresults_heur_mslp_bash_3.csv;0;4;1;18;0;0.0;0.5;true;10;2;lr109_t1_08R_08V_02I_04M;/dados/rmelo/PDPTW-SE/benchmark_multi_island_v5/official_experiments/multistartlp/preliminar/set_01_pt_01/configs/genconfig_mslp.conf;genconfig_mslp;/dados/rmelo/PDPTW-SE/benchmark_multi_island_v5/official_experiments/multistartlp/preliminar/set_01_pt_01/logs/heur_mslp/gurobi/08R_08V_02I_04M/lr109_grb_genconfig_mslp_seed_52_alpha_15p.log;random;08R_08V_02I_04M;1;0;1;/dados/rmelo/PDPTW-SE/benchmark_multi_island_v5/official_experiments/multistartlp/preliminar/set_01_pt_01/../../../../instances/orig_ams_fg/08R_08V_02I_04M/t1/lr109/;60000;61;0;672.53;17;9;H;50;95;0;100.0;30.0;true;0.95;100.0;1.0;1.0;1.0;1.0;60;M;60000;60000;false;52;0.91;78.96;0.76;26;10;1000000;-1;3600;9.44;0.77;0.53;mslp;heur;0.59;0.23;-1;3600;60000;I;8;0.5;0.38;lr109;0;/dados/rmelo/PDPTW-SE/benchmark_multi_island_v5/official_experiments/multistartlp/preliminar/set_01_pt_01/logs;0;0;0;0.0;100.0;1;52;/dados/rmelo/PDPTW-SE/benchmark_multi_island_v5/official_experiments/multistartlp/preliminar/set_01_pt_01/logs/heur_mslp/solutions/08R_08V_02I_04M/lr109_sol_genconfig_mslp_seed_52_alpha_15p.txt;Gurobi;AUTOMATIC;1.75957930157e9;_bash_3;_seed_52_alpha_15p;5663.89;1;0.4;/dados/rmelo/PDPTW-SE/benchmark_multi_island_v5/official_experiments/multistartlp/preliminar/set_01_pt_01/logs/heur_mslp/timelines/08R_08V_02I_04M/lr109_timeline_genconfig_mslp_seed_52_alpha_15p.txt;125.04;t1;0;533.17;false
0.15;0.0;0.03;0.03;0.0;0.0;15;/dados/rmelo/PDPTW-SE/benchmark_multi_island_v5/official_experiments/multistartlp/preliminar/set_01_pt_01/logs/heur_mslp/outputs/csvresults_heur_mslp_bash_3.csv;0;4;1;18;0;0.0;0.5;true;10;2;lr209_t2_08R_08V_02I_04M;/dados/rmelo/PDPTW-SE/benchmark_multi_island_v5/official_experiments/multistartlp/preliminar/set_01_pt_01/configs/genconfig_mslp.conf;genconfig_mslp;/dados/rmelo/PDPTW-SE/benchmark_multi_island_v5/official_experiments/multistartlp/preliminar/set_01_pt_01/logs/heur_mslp/gurobi/08R_08V_02I_04M/lr209_grb_genconfig_mslp_seed_52_alpha_15p.log;random;08R_08V_02I_04M;1;0;1;/dados/rmelo/PDPTW-SE/benchmark_multi_island_v5/official_experiments/multistartlp/preliminar/set_01_pt_01/../../../../instances/orig_ams_fg/08R_08V_02I_04M/t2/lr209/;60000;31240;0;1286.15;17;9;H;50;95;0;100.0;30.0;true;0.95;100.0;1.0;1.0;1.0;1.0;60;M;58994;60000;false;46;0.57;77.81;0.82;23;10;1000000;-1;3600;20.72;0.57;0.82;mslp;heur;0.57;0.82;-1;3600;60000;I;8;0.5;0.12;lr209;0;/dados/rmelo/PDPTW-SE/benchmark_multi_island_v5/official_experiments/multistartlp/preliminar/set_01_pt_01/logs;0;0;0;0.0;98.32;1;52;/dados/rmelo/PDPTW-SE/benchmark_multi_island_v5/official_experiments/multistartlp/preliminar/set_01_pt_01/logs/heur_mslp/solutions/08R_08V_02I_04M/lr209_sol_genconfig_mslp_seed_52_alpha_15p.txt;Gurobi;AUTOMATIC;1.7595794473e9;_bash_3;_seed_52_alpha_15p;12433.28;1;75.55;/dados/rmelo/PDPTW-SE/benchmark_multi_island_v5/official_experiments/multistartlp/preliminar/set_01_pt_01/logs/heur_mslp/timelines/08R_08V_02I_04M/lr209_timeline_genconfig_mslp_seed_52_alpha_15p.txt;144.59;t2;0;568.71;false
0.15;0.0;0.24;0.24;0.0;0.01;4;/dados/rmelo/PDPTW-SE/benchmark_multi_island_v5/official_experiments/multistartlp/preliminar/set_01_pt_01/logs/heur_mslp/outputs/csvresults_heur_mslp_bash_3.csv;0;4;1;18;0;0.0;0.5;true;10;2;lr106_t1_08R_08V_02I_04M;/dados/rmelo/PDPTW-SE/benchmark_multi_island_v5/official_experiments/multistartlp/preliminar/set_01_pt_01/configs/genconfig_mslp.conf;genconfig_mslp;/dados/rmelo/PDPTW-SE/benchmark_multi_island_v5/official_experiments/multistartlp/preliminar/set_01_pt_01/logs/heur_mslp/gurobi/08R_08V_02I_04M/lr106_grb_genconfig_mslp_seed_52_alpha_15p.log;random;08R_08V_02I_04M;1;0;1;/dados/rmelo/PDPTW-SE/benchmark_multi_island_v5/official_experiments/multistartlp/preliminar/set_01_pt_01/../../../../instances/orig_ams_fg/08R_08V_02I_04M/t1/lr106/;60000;58;0;746.22;17;9;H;50;95;0;100.0;30.0;true;0.95;100.0;1.0;1.0;1.0;1.0;60;M;60000;60000;false;52;0.83;104.47;0.85;26;10;1000000;-1;3600;18.76;0.62;0.53;mslp;heur;0.45;0.26;-1;3600;60000;I;8;0.25;0.5;lr106;0;/dados/rmelo/PDPTW-SE/benchmark_multi_island_v5/official_experiments/multistartlp/preliminar/set_01_pt_01/logs;0;0;0;0.0;100.0;1;52;/dados/rmelo/PDPTW-SE/benchmark_multi_island_v5/official_experiments/multistartlp/preliminar/set_01_pt_01/logs/heur_mslp/solutions/08R_08V_02I_04M/lr106_sol_genconfig_mslp_seed_52_alpha_15p.txt;Gurobi;AUTOMATIC;1.75957961316e9;_bash_3;_seed_52_alpha_15p;11257.42;1;0.39;/dados/rmelo/PDPTW-SE/benchmark_multi_island_v5/official_experiments/multistartlp/preliminar/set_01_pt_01/logs/heur_mslp/timelines/08R_08V_02I_04M/lr106_timeline_genconfig_mslp_seed_52_alpha_15p.txt;117.0;t1;0;602.78;false
0.15;0.0;0.02;0.02;0.0;0.0;12;/dados/rmelo/PDPTW-SE/benchmark_multi_island_v5/official_experiments/multistartlp/preliminar/set_01_pt_01/logs/heur_mslp/outputs/csvresults_heur_mslp_bash_3.csv;0;4;1;18;0;0.0;0.5;true;10;2;lr208_t2_08R_08V_02I_04M;/dados/rmelo/PDPTW-SE/benchmark_multi_island_v5/official_experiments/multistartlp/preliminar/set_01_pt_01/configs/genconfig_mslp.conf;genconfig_mslp;/dados/rmelo/PDPTW-SE/benchmark_multi_island_v5/official_experiments/multistartlp/preliminar/set_01_pt_01/logs/heur_mslp/gurobi/08R_08V_02I_04M/lr208_grb_genconfig_mslp_seed_52_alpha_15p.log;random;08R_08V_02I_04M;1;0;1;/dados/rmelo/PDPTW-SE/benchmark_multi_island_v5/official_experiments/multistartlp/preliminar/set_01_pt_01/../../../../instances/orig_ams_fg/08R_08V_02I_04M/t2/lr208/;60000;27823;0;763.12;17;9;H;50;95;0;100.0;30.0;true;0.95;100.0;1.0;1.0;1.0;1.0;60;M;46234;60000;false;38;0.56;75.47;0.97;19;10;1000000;-1;3600;4.8;0.56;0.97;mslp;heur;0.56;0.97;-1;3600;60000;I;8;0.5;0.12;lr208;0;/dados/rmelo/PDPTW-SE/benchmark_multi_island_v5/official_experiments/multistartlp/preliminar/set_01_pt_01/logs;0;0;0;0.0;77.06;1;52;/dados/rmelo/PDPTW-SE/benchmark_multi_island_v5/official_experiments/multistartlp/preliminar/set_01_pt_01/logs/heur_mslp/solutions/08R_08V_02I_04M/lr208_sol_genconfig_mslp_seed_52_alpha_15p.txt;Gurobi;AUTOMATIC;1.75957975123e9;_bash_3;_seed_52_alpha_15p;2879.61;1;78.35;/dados/rmelo/PDPTW-SE/benchmark_multi_island_v5/official_experiments/multistartlp/preliminar/set_01_pt_01/logs/heur_mslp/timelines/08R_08V_02I_04M/lr208_timeline_genconfig_mslp_seed_52_alpha_15p.txt;169.85;t2;0;556.88;false
0.15;0.03;0.21;0.25;0.0;0.0;9;/dados/rmelo/PDPTW-SE/benchmark_multi_island_v5/official_experiments/multistartlp/preliminar/set_01_pt_01/logs/heur_mslp/outputs/csvresults_heur_mslp_bash_3.csv;0;4;1;18;0;0.0;0.5;true;10;2;lr110_t1_08R_08V_04I_04M;/dados/rmelo/PDPTW-SE/benchmark_multi_island_v5/official_experiments/multistartlp/preliminar/set_01_pt_01/configs/genconfig_mslp.conf;genconfig_mslp;/dados/rmelo/PDPTW-SE/benchmark_multi_island_v5/official_experiments/multistartlp/preliminar/set_01_pt_01/logs/heur_mslp/gurobi/08R_08V_04I_04M/lr110_grb_genconfig_mslp_seed_52_alpha_15p.log;random;08R_08V_04I_04M;1;3903;1;/dados/rmelo/PDPTW-SE/benchmark_multi_island_v5/official_experiments/multistartlp/preliminar/set_01_pt_01/../../../../instances/orig_ams_fg/08R_08V_04I_04M/t1/lr110/;60000;11998;0;807.47;17;9;H;50;95;0;100.0;30.0;true;0.95;100.0;1.0;1.0;1.0;1.0;60;M;56097;56097;false;52;0.89;73.36;0.82;26;10;1000000;-1;3600;8.3;0.58;0.53;mslp;heur;0.35;0.12;-1;3600;60000;I;8;1.0;0.62;lr110;0;/dados/rmelo/PDPTW-SE/benchmark_multi_island_v5/official_experiments/multistartlp/preliminar/set_01_pt_01/logs;0;0;0;6.5;100.0;1;52;/dados/rmelo/PDPTW-SE/benchmark_multi_island_v5/official_experiments/multistartlp/preliminar/set_01_pt_01/logs/heur_mslp/solutions/08R_08V_04I_04M/lr110_sol_genconfig_mslp_seed_52_alpha_15p.txt;Gurobi;AUTOMATIC;1.75957994194e9;_bash_3;_seed_52_alpha_15p;4654.4;1;27.62;/dados/rmelo/PDPTW-SE/benchmark_multi_island_v5/official_experiments/multistartlp/preliminar/set_01_pt_01/logs/heur_mslp/timelines/08R_08V_04I_04M/lr110_timeline_genconfig_mslp_seed_52_alpha_15p.txt;138.56;t1;0;672.57;false
0.15;0.04;0.06;0.09;0.0;0.0;12;/dados/rmelo/PDPTW-SE/benchmark_multi_island_v5/official_experiments/multistartlp/preliminar/set_01_pt_01/logs/heur_mslp/outputs/csvresults_heur_mslp_bash_3.csv;0;4;1;18;0;0.0;0.5;true;10;2;lr209_t2_08R_08V_04I_04M;/dados/rmelo/PDPTW-SE/benchmark_multi_island_v5/official_experiments/multistartlp/preliminar/set_01_pt_01/configs/genconfig_mslp.conf;genconfig_mslp;/dados/rmelo/PDPTW-SE/benchmark_multi_island_v5/official_experiments/multistartlp/preliminar/set_01_pt_01/logs/heur_mslp/gurobi/08R_08V_04I_04M/lr209_grb_genconfig_mslp_seed_52_alpha_15p.log;random;08R_08V_04I_04M;1;0;1;/dados/rmelo/PDPTW-SE/benchmark_multi_island_v5/official_experiments/multistartlp/preliminar/set_01_pt_01/../../../../instances/orig_ams_fg/08R_08V_04I_04M/t2/lr209/;60000;48513;0;1391.99;17;9;H;50;95;0;100.0;30.0;true;0.95;100.0;1.0;1.0;1.0;1.0;60;M;59284;60000;false;46;0.62;78.66;0.82;23;10;1000000;-1;3600;22.91;0.62;0.82;mslp;heur;0.62;0.82;-1;3600;60000;I;8;0.75;0.12;lr209;0;/dados/rmelo/PDPTW-SE/benchmark_multi_island_v5/official_experiments/multistartlp/preliminar/set_01_pt_01/logs;0;0;0;0.0;98.81;1;52;/dados/rmelo/PDPTW-SE/benchmark_multi_island_v5/official_experiments/multistartlp/preliminar/set_01_pt_01/logs/heur_mslp/solutions/08R_08V_04I_04M/lr209_sol_genconfig_mslp_seed_52_alpha_15p.txt;Gurobi;AUTOMATIC;1.75958010148e9;_bash_3;_seed_52_alpha_15p;13744.19;1;155.92;/dados/rmelo/PDPTW-SE/benchmark_multi_island_v5/official_experiments/multistartlp/preliminar/set_01_pt_01/logs/heur_mslp/timelines/08R_08V_04I_04M/lr209_timeline_genconfig_mslp_seed_52_alpha_15p.txt;193.01;t2;0;618.4;false
0.15;0.08;0.17;0.25;0.0;0.0;8;/dados/rmelo/PDPTW-SE/benchmark_multi_island_v5/official_experiments/multistartlp/preliminar/set_01_pt_01/logs/heur_mslp/outputs/csvresults_heur_mslp_bash_3.csv;0;4;1;18;0;0.0;0.5;true;10;2;lr109_t1_08R_08V_04I_04M;/dados/rmelo/PDPTW-SE/benchmark_multi_island_v5/official_experiments/multistartlp/preliminar/set_01_pt_01/configs/genconfig_mslp.conf;genconfig_mslp;/dados/rmelo/PDPTW-SE/benchmark_multi_island_v5/official_experiments/multistartlp/preliminar/set_01_pt_01/logs/heur_mslp/gurobi/08R_08V_04I_04M/lr109_grb_genconfig_mslp_seed_52_alpha_15p.log;random;08R_08V_04I_04M;1;0;1;/dados/rmelo/PDPTW-SE/benchmark_multi_island_v5/official_experiments/multistartlp/preliminar/set_01_pt_01/../../../../instances/orig_ams_fg/08R_08V_04I_04M/t1/lr109/;60000;89;0;663.7;17;9;H;50;95;0;100.0;30.0;true;0.95;100.0;1.0;1.0;1.0;1.0;60;M;60000;60000;false;52;0.9;65.14;0.56;26;10;1000000;-1;3600;12.52;0.6;0.36;mslp;heur;0.42;0.16;-1;3600;60000;I;8;0.75;0.5;lr109;0;/dados/rmelo/PDPTW-SE/benchmark_multi_island_v5/official_experiments/multistartlp/preliminar/set_01_pt_01/logs;0;0;0;0.0;100.0;1;52;/dados/rmelo/PDPTW-SE/benchmark_multi_island_v5/official_experiments/multistartlp/preliminar/set_01_pt_01/logs/heur_mslp/solutions/08R_08V_04I_04M/lr109_sol_genconfig_mslp_seed_52_alpha_15p.txt;Gurobi;AUTOMATIC;1.75958031522e9;_bash_3;_seed_52_alpha_15p;7511.53;1;0.5;/dados/rmelo/PDPTW-SE/benchmark_multi_island_v5/official_experiments/multistartlp/preliminar/set_01_pt_01/logs/heur_mslp/timelines/08R_08V_04I_04M/lr109_timeline_genconfig_mslp_seed_52_alpha_15p.txt;138.16;t1;0;555.44;false
0.15;0.02;0.04;0.06;0.0;0.0;13;/dados/rmelo/PDPTW-SE/benchmark_multi_island_v5/official_experiments/multistartlp/preliminar/set_01_pt_01/logs/heur_mslp/outputs/csvresults_heur_mslp_bash_3.csv;0;4;1;18;0;0.0;0.5;true;10;2;lr208_t2_08R_08V_04I_04M;/dados/rmelo/PDPTW-SE/benchmark_multi_island_v5/official_experiments/multistartlp/preliminar/set_01_pt_01/configs/genconfig_mslp.conf;genconfig_mslp;/dados/rmelo/PDPTW-SE/benchmark_multi_island_v5/official_experiments/multistartlp/preliminar/set_01_pt_01/logs/heur_mslp/gurobi/08R_08V_04I_04M/lr208_grb_genconfig_mslp_seed_52_alpha_15p.log;random;08R_08V_04I_04M;1;0;1;/dados/rmelo/PDPTW-SE/benchmark_multi_island_v5/official_experiments/multistartlp/preliminar/set_01_pt_01/../../../../instances/orig_ams_fg/08R_08V_04I_04M/t2/lr208/;60000;38596;0;816.74;17;9;H;50;95;0;100.0;30.0;true;0.95;100.0;1.0;1.0;1.0;1.0;60;M;33049;60000;false;38;0.63;77.91;0.97;19;10;1000000;-1;3600;3.69;0.63;0.97;mslp;heur;0.63;0.97;-1;3600;60000;I;8;1.0;0.12;lr208;0;/dados/rmelo/PDPTW-SE/benchmark_multi_island_v5/official_experiments/multistartlp/preliminar/set_01_pt_01/logs;0;0;0;0.0;55.08;1;52;/dados/rmelo/PDPTW-SE/benchmark_multi_island_v5/official_experiments/multistartlp/preliminar/set_01_pt_01/logs/heur_mslp/solutions/08R_08V_04I_04M/lr208_sol_genconfig_mslp_seed_52_alpha_15p.txt;Gurobi;AUTOMATIC;1.75958047471e9;_bash_3;_seed_52_alpha_15p;2211.78;1;158.48;/dados/rmelo/PDPTW-SE/benchmark_multi_island_v5/official_experiments/multistartlp/preliminar/set_01_pt_01/logs/heur_mslp/timelines/08R_08V_04I_04M/lr208_timeline_genconfig_mslp_seed_52_alpha_15p.txt;245.59;t2;0;625.82;false
0.15;0.0;0.07;0.07;0.0;0.0;11;/dados/rmelo/PDPTW-SE/benchmark_multi_island_v5/official_experiments/multistartlp/preliminar/set_01_pt_01/logs/heur_mslp/outputs/csvresults_heur_mslp_bash_3.csv;0;4;1;26;0;0.0;0.5;true;14;2;lr109_t1_12R_12V_02I_04M;/dados/rmelo/PDPTW-SE/benchmark_multi_island_v5/official_experiments/multistartlp/preliminar/set_01_pt_01/configs/genconfig_mslp.conf;genconfig_mslp;/dados/rmelo/PDPTW-SE/benchmark_multi_island_v5/official_experiments/multistartlp/preliminar/set_01_pt_01/logs/heur_mslp/gurobi/12R_12V_02I_04M/lr109_grb_genconfig_mslp_seed_52_alpha_15p.log;random;12R_12V_02I_04M;1;0;1;/dados/rmelo/PDPTW-SE/benchmark_multi_island_v5/official_experiments/multistartlp/preliminar/set_01_pt_01/../../../../instances/orig_ams_fg/12R_12V_02I_04M/t1/lr109/;60000;1256;0;938.13;25;13;H;50;95;0;100.0;30.0;true;0.95;100.0;1.0;1.0;1.0;1.0;60;M;60000;60000;false;58;0.83;96.56;0.92;29;10;1000000;-1;3600;8.79;0.79;0.61;mslp;heur;0.73;0.25;-1;3600;60000;I;12;0.5;0.33;lr109;0;/dados/rmelo/PDPTW-SE/benchmark_multi_island_v5/official_experiments/multistartlp/preliminar/set_01_pt_01/logs;0;0;0;0.0;100.0;1;52;/dados/rmelo/PDPTW-SE/benchmark_multi_island_v5/official_experiments/multistartlp/preliminar/set_01_pt_01/logs/heur_mslp/solutions/12R_12V_02I_04M/lr109_sol_genconfig_mslp_seed_52_alpha_15p.txt;Gurobi;AUTOMATIC;1.75958074148e9;_bash_3;_seed_52_alpha_15p;5271.99;1;3.52;/dados/rmelo/PDPTW-SE/benchmark_multi_island_v5/official_experiments/multistartlp/preliminar/set_01_pt_01/logs/heur_mslp/timelines/12R_12V_02I_04M/lr109_timeline_genconfig_mslp_seed_52_alpha_15p.txt;157.27;t1;0;722.63;false
0.15;0.0;0.01;0.02;0.0;0.0;9;/dados/rmelo/PDPTW-SE/benchmark_multi_island_v5/official_experiments/multistartlp/preliminar/set_01_pt_01/logs/heur_mslp/outputs/csvresults_heur_mslp_bash_3.csv;0;4;1;26;0;0.0;0.5;true;14;2;lr208_t2_12R_12V_02I_04M;/dados/rmelo/PDPTW-SE/benchmark_multi_island_v5/official_experiments/multistartlp/preliminar/set_01_pt_01/configs/genconfig_mslp.conf;genconfig_mslp;/dados/rmelo/PDPTW-SE/benchmark_multi_island_v5/official_experiments/multistartlp/preliminar/set_01_pt_01/logs/heur_mslp/gurobi/12R_12V_02I_04M/lr208_grb_genconfig_mslp_seed_52_alpha_15p.log;random;12R_12V_02I_04M;1;0;1;/dados/rmelo/PDPTW-SE/benchmark_multi_island_v5/official_experiments/multistartlp/preliminar/set_01_pt_01/../../../../instances/orig_ams_fg/12R_12V_02I_04M/t2/lr208/;60000;30276;0;1232.84;25;13;H;50;95;0;100.0;30.0;true;0.95;100.0;1.0;1.0;1.0;1.0;60;M;51500;60000;false;58;0.78;113.97;0.98;29;10;1000000;-1;3600;6.21;0.78;0.98;mslp;heur;0.78;0.98;-1;3600;60000;I;12;0.75;0.08;lr208;0;/dados/rmelo/PDPTW-SE/benchmark_multi_island_v5/official_experiments/multistartlp/preliminar/set_01_pt_01/logs;0;0;0;0.0;85.83;1;52;/dados/rmelo/PDPTW-SE/benchmark_multi_island_v5/official_experiments/multistartlp/preliminar/set_01_pt_01/logs/heur_mslp/solutions/12R_12V_02I_04M/lr208_sol_genconfig_mslp_seed_52_alpha_15p.txt;Gurobi;AUTOMATIC;1.75958092068e9;_bash_3;_seed_52_alpha_15p;3725.32;1;148.76;/dados/rmelo/PDPTW-SE/benchmark_multi_island_v5/official_experiments/multistartlp/preliminar/set_01_pt_01/logs/heur_mslp/timelines/12R_12V_02I_04M/lr208_timeline_genconfig_mslp_seed_52_alpha_15p.txt;294.01;t2;0;783.08;false
0.15;0.02;0.08;0.1;0.0;0.0;10;/dados/rmelo/PDPTW-SE/benchmark_multi_island_v5/official_experiments/multistartlp/preliminar/set_01_pt_01/logs/heur_mslp/outputs/csvresults_heur_mslp_bash_3.csv;0;4;1;26;0;0.0;0.5;true;14;2;lr110_t1_12R_12V_02I_04M;/dados/rmelo/PDPTW-SE/benchmark_multi_island_v5/official_experiments/multistartlp/preliminar/set_01_pt_01/configs/genconfig_mslp.conf;genconfig_mslp;/dados/rmelo/PDPTW-SE/benchmark_multi_island_v5/official_experiments/multistartlp/preliminar/set_01_pt_01/logs/heur_mslp/gurobi/12R_12V_02I_04M/lr110_grb_genconfig_mslp_seed_52_alpha_15p.log;random;12R_12V_02I_04M;1;1601;1;/dados/rmelo/PDPTW-SE/benchmark_multi_island_v5/official_experiments/multistartlp/preliminar/set_01_pt_01/../../../../instances/orig_ams_fg/12R_12V_02I_04M/t1/lr110/;60000;17341;0;1108.59;25;13;H;50;95;0;100.0;30.0;true;0.95;100.0;1.0;1.0;1.0;1.0;60;M;58399;58399;false;52;0.99;121.03;0.67;26;10;1000000;-1;3600;4.65;0.7;0.48;mslp;heur;0.52;0.24;-1;3600;60000;I;12;1.0;0.5;lr110;0;/dados/rmelo/PDPTW-SE/benchmark_multi_island_v5/official_experiments/multistartlp/preliminar/set_01_pt_01/logs;0;0;0;2.67;100.0;1;52;/dados/rmelo/PDPTW-SE/benchmark_multi_island_v5/official_experiments/multistartlp/preliminar/set_01_pt_01/logs/heur_mslp/solutions/12R_12V_02I_04M/lr110_sol_genconfig_mslp_seed_52_alpha_15p.txt;Gurobi;AUTOMATIC;1.7595812359e9;_bash_3;_seed_52_alpha_15p;2716.69;1;48.72;/dados/rmelo/PDPTW-SE/benchmark_multi_island_v5/official_experiments/multistartlp/preliminar/set_01_pt_01/logs/heur_mslp/timelines/12R_12V_02I_04M/lr110_timeline_genconfig_mslp_seed_52_alpha_15p.txt;164.16;t1;0;971.55;false
0.15;0.0;0.03;0.03;0.0;0.0;23;/dados/rmelo/PDPTW-SE/benchmark_multi_island_v5/official_experiments/multistartlp/preliminar/set_01_pt_01/logs/heur_mslp/outputs/csvresults_heur_mslp_bash_3.csv;0;4;1;26;0;0.0;0.5;true;14;2;lr207_t2_12R_12V_02I_04M;/dados/rmelo/PDPTW-SE/benchmark_multi_island_v5/official_experiments/multistartlp/preliminar/set_01_pt_01/configs/genconfig_mslp.conf;genconfig_mslp;/dados/rmelo/PDPTW-SE/benchmark_multi_island_v5/official_experiments/multistartlp/preliminar/set_01_pt_01/logs/heur_mslp/gurobi/12R_12V_02I_04M/lr207_grb_genconfig_mslp_seed_52_alpha_15p.log;random;12R_12V_02I_04M;1;0;1;/dados/rmelo/PDPTW-SE/benchmark_multi_island_v5/official_experiments/multistartlp/preliminar/set_01_pt_01/../../../../instances/orig_ams_fg/12R_12V_02I_04M/t2/lr207/;60000;42615;0;1462.39;25;13;H;50;95;0;100.0;30.0;true;0.95;100.0;1.0;1.0;1.0;1.0;60;M;59880;60000;false;40;0.88;107.37;1.0;20;10;1000000;-1;3600;14.2;0.88;1.0;mslp;heur;0.88;1.0;-1;3600;60000;I;12;0.25;0.08;lr207;0;/dados/rmelo/PDPTW-SE/benchmark_multi_island_v5/official_experiments/multistartlp/preliminar/set_01_pt_01/logs;0;0;0;0.0;99.8;1;52;/dados/rmelo/PDPTW-SE/benchmark_multi_island_v5/official_experiments/multistartlp/preliminar/set_01_pt_01/logs/heur_mslp/solutions/12R_12V_02I_04M/lr207_sol_genconfig_mslp_seed_52_alpha_15p.txt;Gurobi;AUTOMATIC;1.75958142132e9;_bash_3;_seed_52_alpha_15p;8520.81;1;185.74;/dados/rmelo/PDPTW-SE/benchmark_multi_island_v5/official_experiments/multistartlp/preliminar/set_01_pt_01/logs/heur_mslp/timelines/12R_12V_02I_04M/lr207_timeline_genconfig_mslp_seed_52_alpha_15p.txt;261.08;t2;0;881.46;false
0.15;0.1;0.2;0.3;0.0;0.0;8;/dados/rmelo/PDPTW-SE/benchmark_multi_island_v5/official_experiments/multistartlp/preliminar/set_01_pt_01/logs/heur_mslp/outputs/csvresults_heur_mslp_bash_3.csv;0;4;1;26;0;0.0;0.5;true;14;2;lr110_t1_12R_12V_04I_04M;/dados/rmelo/PDPTW-SE/benchmark_multi_island_v5/official_experiments/multistartlp/preliminar/set_01_pt_01/configs/genconfig_mslp.conf;genconfig_mslp;/dados/rmelo/PDPTW-SE/benchmark_multi_island_v5/official_experiments/multistartlp/preliminar/set_01_pt_01/logs/heur_mslp/gurobi/12R_12V_04I_04M/lr110_grb_genconfig_mslp_seed_52_alpha_15p.log;random;12R_12V_04I_04M;1;835;1;/dados/rmelo/PDPTW-SE/benchmark_multi_island_v5/official_experiments/multistartlp/preliminar/set_01_pt_01/../../../../instances/orig_ams_fg/12R_12V_04I_04M/t1/lr110/;60000;6153;0;965.27;25;13;H;50;95;0;100.0;30.0;true;0.95;100.0;1.0;1.0;1.0;1.0;60;M;59165;59165;false;52;0.72;72.82;0.76;26;10;1000000;-1;3600;12.82;0.57;0.43;mslp;heur;0.37;0.1;-1;3600;60000;I;12;1.0;0.5;lr110;0;/dados/rmelo/PDPTW-SE/benchmark_multi_island_v5/official_experiments/multistartlp/preliminar/set_01_pt_01/logs;0;0;0;1.39;100.0;1;52;/dados/rmelo/PDPTW-SE/benchmark_multi_island_v5/official_experiments/multistartlp/preliminar/set_01_pt_01/logs/heur_mslp/solutions/12R_12V_04I_04M/lr110_sol_genconfig_mslp_seed_52_alpha_15p.txt;Gurobi;AUTOMATIC;1.75958170452e9;_bash_3;_seed_52_alpha_15p;7582.58;1;19.74;/dados/rmelo/PDPTW-SE/benchmark_multi_island_v5/official_experiments/multistartlp/preliminar/set_01_pt_01/logs/heur_mslp/timelines/12R_12V_04I_04M/lr110_timeline_genconfig_mslp_seed_52_alpha_15p.txt;182.25;t1;0;788.9;false
0.15;0.02;0.05;0.06;0.0;0.0;10;/dados/rmelo/PDPTW-SE/benchmark_multi_island_v5/official_experiments/multistartlp/preliminar/set_01_pt_01/logs/heur_mslp/outputs/csvresults_heur_mslp_bash_3.csv;0;4;1;26;0;0.0;0.5;true;14;2;lr207_t2_12R_12V_04I_04M;/dados/rmelo/PDPTW-SE/benchmark_multi_island_v5/official_experiments/multistartlp/preliminar/set_01_pt_01/configs/genconfig_mslp.conf;genconfig_mslp;/dados/rmelo/PDPTW-SE/benchmark_multi_island_v5/official_experiments/multistartlp/preliminar/set_01_pt_01/logs/heur_mslp/gurobi/12R_12V_04I_04M/lr207_grb_genconfig_mslp_seed_52_alpha_15p.log;random;12R_12V_04I_04M;1;0;1;/dados/rmelo/PDPTW-SE/benchmark_multi_island_v5/official_experiments/multistartlp/preliminar/set_01_pt_01/../../../../instances/orig_ams_fg/12R_12V_04I_04M/t2/lr207/;60000;50536;0;1402.89;25;13;H;50;95;0;100.0;30.0;true;0.95;100.0;1.0;1.0;1.0;1.0;60;M;59957;60000;false;40;0.9;86.12;0.97;20;10;1000000;-1;3600;15.71;0.9;0.97;mslp;heur;0.9;0.97;-1;3600;60000;I;12;1.0;0.08;lr207;0;/dados/rmelo/PDPTW-SE/benchmark_multi_island_v5/official_experiments/multistartlp/preliminar/set_01_pt_01/logs;0;0;0;0.0;99.93;1;52;/dados/rmelo/PDPTW-SE/benchmark_multi_island_v5/official_experiments/multistartlp/preliminar/set_01_pt_01/logs/heur_mslp/solutions/12R_12V_04I_04M/lr207_sol_genconfig_mslp_seed_52_alpha_15p.txt;Gurobi;AUTOMATIC;1.75958190784e9;_bash_3;_seed_52_alpha_15p;9425.43;1;288.1;/dados/rmelo/PDPTW-SE/benchmark_multi_island_v5/official_experiments/multistartlp/preliminar/set_01_pt_01/logs/heur_mslp/timelines/12R_12V_04I_04M/lr207_timeline_genconfig_mslp_seed_52_alpha_15p.txt;342.14;t2;0;898.59;false
0.15;0.06;0.15;0.21;0.0;0.04;7;/dados/rmelo/PDPTW-SE/benchmark_multi_island_v5/official_experiments/multistartlp/preliminar/set_01_pt_01/logs/heur_mslp/outputs/csvresults_heur_mslp_bash_3.csv;0;4;1;26;0;0.0;0.5;true;14;2;lr108_t1_12R_12V_04I_04M;/dados/rmelo/PDPTW-SE/benchmark_multi_island_v5/official_experiments/multistartlp/preliminar/set_01_pt_01/configs/genconfig_mslp.conf;genconfig_mslp;/dados/rmelo/PDPTW-SE/benchmark_multi_island_v5/official_experiments/multistartlp/preliminar/set_01_pt_01/logs/heur_mslp/gurobi/12R_12V_04I_04M/lr108_grb_genconfig_mslp_seed_52_alpha_15p.log;random;12R_12V_04I_04M;1;470;1;/dados/rmelo/PDPTW-SE/benchmark_multi_island_v5/official_experiments/multistartlp/preliminar/set_01_pt_01/../../../../instances/orig_ams_fg/12R_12V_04I_04M/t1/lr108/;60000;2158;0;901.1;25;13;H;50;95;0;100.0;30.0;true;0.95;100.0;1.0;1.0;1.0;1.0;60;M;59530;59530;false;58;0.99;75.48;0.94;29;10;1000000;-1;3600;5.87;0.91;0.72;mslp;heur;0.77;0.58;-1;3600;60000;I;12;1.0;0.33;lr108;0;/dados/rmelo/PDPTW-SE/benchmark_multi_island_v5/official_experiments/multistartlp/preliminar/set_01_pt_01/logs;0;0;0;0.78;100.0;1;52;/dados/rmelo/PDPTW-SE/benchmark_multi_island_v5/official_experiments/multistartlp/preliminar/set_01_pt_01/logs/heur_mslp/solutions/12R_12V_04I_04M/lr108_sol_genconfig_mslp_seed_52_alpha_15p.txt;Gurobi;AUTOMATIC;1.75958227171e9;_bash_3;_seed_52_alpha_15p;3493.71;1;7.53;/dados/rmelo/PDPTW-SE/benchmark_multi_island_v5/official_experiments/multistartlp/preliminar/set_01_pt_01/logs/heur_mslp/timelines/12R_12V_04I_04M/lr108_timeline_genconfig_mslp_seed_52_alpha_15p.txt;200.09;t1;0;833.35;false
0.15;0.02;0.05;0.06;0.0;0.0;10;/dados/rmelo/PDPTW-SE/benchmark_multi_island_v5/official_experiments/multistartlp/preliminar/set_01_pt_01/logs/heur_mslp/outputs/csvresults_heur_mslp_bash_3.csv;0;4;1;26;0;0.0;0.5;true;14;2;lr207_t2_12R_12V_04I_04M;/dados/rmelo/PDPTW-SE/benchmark_multi_island_v5/official_experiments/multistartlp/preliminar/set_01_pt_01/configs/genconfig_mslp.conf;genconfig_mslp;/dados/rmelo/PDPTW-SE/benchmark_multi_island_v5/official_experiments/multistartlp/preliminar/set_01_pt_01/logs/heur_mslp/gurobi/12R_12V_04I_04M/lr207_grb_genconfig_mslp_seed_52_alpha_15p.log;random;12R_12V_04I_04M;1;0;1;/dados/rmelo/PDPTW-SE/benchmark_multi_island_v5/official_experiments/multistartlp/preliminar/set_01_pt_01/../../../../instances/orig_ams_fg/12R_12V_04I_04M/t2/lr207/;60000;50536;0;1402.89;25;13;H;50;95;0;100.0;30.0;true;0.95;100.0;1.0;1.0;1.0;1.0;60;M;59957;60000;false;40;0.9;86.12;0.97;20;10;1000000;-1;3600;15.71;0.9;0.97;mslp;heur;0.9;0.97;-1;3600;60000;I;12;1.0;0.08;lr207;0;/dados/rmelo/PDPTW-SE/benchmark_multi_island_v5/official_experiments/multistartlp/preliminar/set_01_pt_01/logs;0;0;0;0.0;99.93;1;52;/dados/rmelo/PDPTW-SE/benchmark_multi_island_v5/official_experiments/multistartlp/preliminar/set_01_pt_01/logs/heur_mslp/solutions/12R_12V_04I_04M/lr207_sol_genconfig_mslp_seed_52_alpha_15p.txt;Gurobi;AUTOMATIC;1.75958249338e9;_bash_3;_seed_52_alpha_15p;9425.43;1;290.81;/dados/rmelo/PDPTW-SE/benchmark_multi_island_v5/official_experiments/multistartlp/preliminar/set_01_pt_01/logs/heur_mslp/timelines/12R_12V_04I_04M/lr207_timeline_genconfig_mslp_seed_52_alpha_15p.txt;344.97;t2;0;898.59;false
0.15;0.02;0.06;0.08;0.0;0.05;6;/dados/rmelo/PDPTW-SE/benchmark_multi_island_v5/official_experiments/multistartlp/preliminar/set_01_pt_01/logs/heur_mslp/outputs/csvresults_heur_mslp_bash_3.csv;0;6;1;82;0;0.0;0.5;true;42;2;LR1_2_6_t1_40R_40V_02I_06M;/dados/rmelo/PDPTW-SE/benchmark_multi_island_v5/official_experiments/multistartlp/preliminar/set_01_pt_01/configs/genconfig_mslp.conf;genconfig_mslp;/dados/rmelo/PDPTW-SE/benchmark_multi_island_v5/official_experiments/multistartlp/preliminar/set_01_pt_01/logs/heur_mslp/gurobi/40R_40V_02I_06M/LR1_2_6_grb_genconfig_mslp_seed_52_alpha_15p.log;random;40R_40V_02I_06M;1;58302;1;/dados/rmelo/PDPTW-SE/benchmark_multi_island_v5/official_experiments/multistartlp/preliminar/set_01_pt_01/../../../../instances/orig_ams_fg/40R_40V_02I_06M/t1/LR1_2_6/;60000;57324;0;6845.19;81;41;H;50;95;0;100.0;30.0;true;0.95;100.0;1.0;1.0;1.0;1.0;60;M;1698;1698;false;72;0.97;213.59;0.96;36;10;1000000;-1;3600;4.87;0.74;0.68;mslp;heur;0.46;0.26;-1;3600;60000;I;40;1.0;0.3;LR1_2_6;0;/dados/rmelo/PDPTW-SE/benchmark_multi_island_v5/official_experiments/multistartlp/preliminar/set_01_pt_01/logs;0;0;0;97.17;100.0;1;52;/dados/rmelo/PDPTW-SE/benchmark_multi_island_v5/official_experiments/multistartlp/preliminar/set_01_pt_01/logs/heur_mslp/solutions/40R_40V_02I_06M/LR1_2_6_sol_genconfig_mslp_seed_52_alpha_15p.txt;Gurobi;AUTOMATIC;1.75958286065e9;_bash_3;_seed_52_alpha_15p;82.69;1;242.35;/dados/rmelo/PDPTW-SE/benchmark_multi_island_v5/official_experiments/multistartlp/preliminar/set_01_pt_01/logs/heur_mslp/timelines/40R_40V_02I_06M/LR1_2_6_timeline_genconfig_mslp_seed_52_alpha_15p.txt;253.79;t1;0;5637.52;false
0.15;0.01;0.02;0.03;0.0;0.04;15;/dados/rmelo/PDPTW-SE/benchmark_multi_island_v5/official_experiments/multistartlp/preliminar/set_01_pt_01/logs/heur_mslp/outputs/csvresults_heur_mslp_bash_3.csv;0;6;1;82;0;0.0;0.5;true;42;2;LR2_2_10_t2_40R_40V_02I_06M;/dados/rmelo/PDPTW-SE/benchmark_multi_island_v5/official_experiments/multistartlp/preliminar/set_01_pt_01/configs/genconfig_mslp.conf;genconfig_mslp;/dados/rmelo/PDPTW-SE/benchmark_multi_island_v5/official_experiments/multistartlp/preliminar/set_01_pt_01/logs/heur_mslp/gurobi/40R_40V_02I_06M/LR2_2_10_grb_genconfig_mslp_seed_52_alpha_15p.log;random;40R_40V_02I_06M;1;0;1;/dados/rmelo/PDPTW-SE/benchmark_multi_island_v5/official_experiments/multistartlp/preliminar/set_01_pt_01/../../../../instances/orig_ams_fg/40R_40V_02I_06M/t2/LR2_2_10/;60000;41492;0;10110.45;81;41;H;50;95;0;100.0;30.0;true;0.95;100.0;1.0;1.0;1.0;1.0;60;M;60000;60000;false;80;0.87;269.32;1.0;40;10;1000000;-1;3600;6.34;0.62;0.97;mslp;heur;0.34;0.89;-1;3600;60000;I;40;0.67;0.1;LR2_2_10;0;/dados/rmelo/PDPTW-SE/benchmark_multi_island_v5/official_experiments/multistartlp/preliminar/set_01_pt_01/logs;0;0;0;0.0;100.0;1;52;/dados/rmelo/PDPTW-SE/benchmark_multi_island_v5/official_experiments/multistartlp/preliminar/set_01_pt_01/logs/heur_mslp/solutions/40R_40V_02I_06M/LR2_2_10_sol_genconfig_mslp_seed_52_alpha_15p.txt;Gurobi;AUTOMATIC;1.75958313692e9;_bash_3;_seed_52_alpha_15p;3801.19;1;1029.24;/dados/rmelo/PDPTW-SE/benchmark_multi_island_v5/official_experiments/multistartlp/preliminar/set_01_pt_01/logs/heur_mslp/timelines/40R_40V_02I_06M/LR2_2_10_timeline_genconfig_mslp_seed_52_alpha_15p.txt;1490.65;t2;0;6253.69;false
0.15;0.01;0.03;0.04;0.0;0.0;9;/dados/rmelo/PDPTW-SE/benchmark_multi_island_v5/official_experiments/multistartlp/preliminar/set_01_pt_01/logs/heur_mslp/outputs/csvresults_heur_mslp_bash_3.csv;0;6;1;82;0;0.0;0.5;true;42;2;LR1_2_8_t1_40R_40V_02I_06M;/dados/rmelo/PDPTW-SE/benchmark_multi_island_v5/official_experiments/multistartlp/preliminar/set_01_pt_01/configs/genconfig_mslp.conf;genconfig_mslp;/dados/rmelo/PDPTW-SE/benchmark_multi_island_v5/official_experiments/multistartlp/preliminar/set_01_pt_01/logs/heur_mslp/gurobi/40R_40V_02I_06M/LR1_2_8_grb_genconfig_mslp_seed_52_alpha_15p.log;random;40R_40V_02I_06M;1;55449;1;/dados/rmelo/PDPTW-SE/benchmark_multi_island_v5/official_experiments/multistartlp/preliminar/set_01_pt_01/../../../../instances/orig_ams_fg/40R_40V_02I_06M/t1/LR1_2_8/;60000;56894;0;4584.2;81;41;H;50;95;0;100.0;30.0;true;0.95;100.0;1.0;1.0;1.0;1.0;60;M;4549;4551;false;86;1.0;260.25;1.0;43;10;1000000;-1;3600;1.79;0.82;0.7;mslp;heur;0.47;0.43;-1;3600;60000;I;40;0.83;0.18;LR1_2_8;0;/dados/rmelo/PDPTW-SE/benchmark_multi_island_v5/official_experiments/multistartlp/preliminar/set_01_pt_01/logs;0;0;0;92.42;99.96;1;52;/dados/rmelo/PDPTW-SE/benchmark_multi_island_v5/official_experiments/multistartlp/preliminar/set_01_pt_01/logs/heur_mslp/solutions/40R_40V_02I_06M/LR1_2_8_sol_genconfig_mslp_seed_52_alpha_15p.txt;Gurobi;AUTOMATIC;1.75958464968e9;_bash_3;_seed_52_alpha_15p;81.56;1;394.03;/dados/rmelo/PDPTW-SE/benchmark_multi_island_v5/official_experiments/multistartlp/preliminar/set_01_pt_01/logs/heur_mslp/timelines/40R_40V_02I_06M/LR1_2_8_timeline_genconfig_mslp_seed_52_alpha_15p.txt;415.15;t1;0;3929.99;false
0.15;0.01;0.02;0.03;0.0;0.04;15;/dados/rmelo/PDPTW-SE/benchmark_multi_island_v5/official_experiments/multistartlp/preliminar/set_01_pt_01/logs/heur_mslp/outputs/csvresults_heur_mslp_bash_3.csv;0;6;1;82;0;0.0;0.5;true;42;2;LR2_2_10_t2_40R_40V_02I_06M;/dados/rmelo/PDPTW-SE/benchmark_multi_island_v5/official_experiments/multistartlp/preliminar/set_01_pt_01/configs/genconfig_mslp.conf;genconfig_mslp;/dados/rmelo/PDPTW-SE/benchmark_multi_island_v5/official_experiments/multistartlp/preliminar/set_01_pt_01/logs/heur_mslp/gurobi/40R_40V_02I_06M/LR2_2_10_grb_genconfig_mslp_seed_52_alpha_15p.log;random;40R_40V_02I_06M;1;0;1;/dados/rmelo/PDPTW-SE/benchmark_multi_island_v5/official_experiments/multistartlp/preliminar/set_01_pt_01/../../../../instances/orig_ams_fg/40R_40V_02I_06M/t2/LR2_2_10/;60000;41492;0;10110.45;81;41;H;50;95;0;100.0;30.0;true;0.95;100.0;1.0;1.0;1.0;1.0;60;M;60000;60000;false;80;0.87;269.32;1.0;40;10;1000000;-1;3600;6.34;0.62;0.97;mslp;heur;0.34;0.89;-1;3600;60000;I;40;0.67;0.1;LR2_2_10;0;/dados/rmelo/PDPTW-SE/benchmark_multi_island_v5/official_experiments/multistartlp/preliminar/set_01_pt_01/logs;0;0;0;0.0;100.0;1;52;/dados/rmelo/PDPTW-SE/benchmark_multi_island_v5/official_experiments/multistartlp/preliminar/set_01_pt_01/logs/heur_mslp/solutions/40R_40V_02I_06M/LR2_2_10_sol_genconfig_mslp_seed_52_alpha_15p.txt;Gurobi;AUTOMATIC;1.75958508572e9;_bash_3;_seed_52_alpha_15p;3801.19;1;993.29;/dados/rmelo/PDPTW-SE/benchmark_multi_island_v5/official_experiments/multistartlp/preliminar/set_01_pt_01/logs/heur_mslp/timelines/40R_40V_02I_06M/LR2_2_10_timeline_genconfig_mslp_seed_52_alpha_15p.txt;1431.98;t2;0;6253.69;false
0.15;0.12;0.15;0.26;0.0;0.04;13;/dados/rmelo/PDPTW-SE/benchmark_multi_island_v5/official_experiments/multistartlp/preliminar/set_01_pt_01/logs/heur_mslp/outputs/csvresults_heur_mslp_bash_3.csv;0;6;1;82;0;0.0;0.5;true;42;2;LR1_2_10_t1_40R_40V_04I_06M;/dados/rmelo/PDPTW-SE/benchmark_multi_island_v5/official_experiments/multistartlp/preliminar/set_01_pt_01/configs/genconfig_mslp.conf;genconfig_mslp;/dados/rmelo/PDPTW-SE/benchmark_multi_island_v5/official_experiments/multistartlp/preliminar/set_01_pt_01/logs/heur_mslp/gurobi/40R_40V_04I_06M/LR1_2_10_grb_genconfig_mslp_seed_52_alpha_15p.log;random;40R_40V_04I_06M;1;14912;1;/dados/rmelo/PDPTW-SE/benchmark_multi_island_v5/official_experiments/multistartlp/preliminar/set_01_pt_01/../../../../instances/orig_ams_fg/40R_40V_04I_06M/t1/LR1_2_10/;60000;8137;0;5380.54;81;41;H;50;95;0;100.0;30.0;true;0.95;100.0;1.0;1.0;1.0;1.0;60;M;45088;45088;false;72;0.98;175.77;0.95;36;10;1000000;-1;3600;6.34;0.67;0.76;mslp;heur;0.36;0.5;-1;3600;60000;I;40;1.0;0.25;LR1_2_10;0;/dados/rmelo/PDPTW-SE/benchmark_multi_island_v5/official_experiments/multistartlp/preliminar/set_01_pt_01/logs;0;0;0;24.85;100.0;1;52;/dados/rmelo/PDPTW-SE/benchmark_multi_island_v5/official_experiments/multistartlp/preliminar/set_01_pt_01/logs/heur_mslp/solutions/40R_40V_04I_06M/LR1_2_10_sol_genconfig_mslp_seed_52_alpha_15p.txt;Gurobi;AUTOMATIC;1.75958653977e9;_bash_3;_seed_52_alpha_15p;2856.46;1;130.62;/dados/rmelo/PDPTW-SE/benchmark_multi_island_v5/official_experiments/multistartlp/preliminar/set_01_pt_01/logs/heur_mslp/timelines/40R_40V_04I_06M/LR1_2_10_timeline_genconfig_mslp_seed_52_alpha_15p.txt;969.1;t1;0;4252.9;false
0.15;0.04;0.08;0.12;0.0;0.01;5;/dados/rmelo/PDPTW-SE/benchmark_multi_island_v5/official_experiments/multistartlp/preliminar/set_01_pt_01/logs/heur_mslp/outputs/csvresults_heur_mslp_bash_3.csv;0;6;1;82;0;0.0;0.5;true;42;2;LR2_2_7_t2_40R_40V_04I_06M;/dados/rmelo/PDPTW-SE/benchmark_multi_island_v5/official_experiments/multistartlp/preliminar/set_01_pt_01/configs/genconfig_mslp.conf;genconfig_mslp;/dados/rmelo/PDPTW-SE/benchmark_multi_island_v5/official_experiments/multistartlp/preliminar/set_01_pt_01/logs/heur_mslp/gurobi/40R_40V_04I_06M/LR2_2_7_grb_genconfig_mslp_seed_52_alpha_15p.log;random;40R_40V_04I_06M;1;0;1;/dados/rmelo/PDPTW-SE/benchmark_multi_island_v5/official_experiments/multistartlp/preliminar/set_01_pt_01/../../../../instances/orig_ams_fg/40R_40V_04I_06M/t2/LR2_2_7/;55438;29214;0;7579.55;81;41;H;50;95;0;100.0;30.0;true;0.95;100.0;1.0;1.0;1.0;1.0;60;M;55436;55438;false;78;0.81;185.38;1.0;39;10;1000000;-1;3600;2.62;0.56;0.76;mslp;heur;0.1;0.25;-1;3600;60000;I;40;1.0;0.1;LR2_2_7;0;/dados/rmelo/PDPTW-SE/benchmark_multi_island_v5/official_experiments/multistartlp/preliminar/set_01_pt_01/logs;0;0;0;0.0;100.0;1;52;/dados/rmelo/PDPTW-SE/benchmark_multi_island_v5/official_experiments/multistartlp/preliminar/set_01_pt_01/logs/heur_mslp/solutions/40R_40V_04I_06M/LR2_2_7_sol_genconfig_mslp_seed_52_alpha_15p.txt;Gurobi;AUTOMATIC;1.75958753092e9;_bash_3;_seed_52_alpha_15p;1453.51;1;1897.96;/dados/rmelo/PDPTW-SE/benchmark_multi_island_v5/official_experiments/multistartlp/preliminar/set_01_pt_01/logs/heur_mslp/timelines/40R_40V_04I_06M/LR2_2_7_timeline_genconfig_mslp_seed_52_alpha_15p.txt;3600.01;t2;0;5637.78;false
0.15;0.05;0.12;0.18;0.0;0.01;13;/dados/rmelo/PDPTW-SE/benchmark_multi_island_v5/official_experiments/multistartlp/preliminar/set_01_pt_01/logs/heur_mslp/outputs/csvresults_heur_mslp_bash_3.csv;0;6;1;82;0;0.0;0.5;true;42;2;LR1_2_8_t1_40R_40V_04I_06M;/dados/rmelo/PDPTW-SE/benchmark_multi_island_v5/official_experiments/multistartlp/preliminar/set_01_pt_01/configs/genconfig_mslp.conf;genconfig_mslp;/dados/rmelo/PDPTW-SE/benchmark_multi_island_v5/official_experiments/multistartlp/preliminar/set_01_pt_01/logs/heur_mslp/gurobi/40R_40V_04I_06M/LR1_2_8_grb_genconfig_mslp_seed_52_alpha_15p.log;random;40R_40V_04I_06M;1;16018;1;/dados/rmelo/PDPTW-SE/benchmark_multi_island_v5/official_experiments/multistartlp/preliminar/set_01_pt_01/../../../../instances/orig_ams_fg/40R_40V_04I_06M/t1/LR1_2_8/;60000;23285;0;4710.19;81;41;H;50;95;0;100.0;30.0;true;0.95;100.0;1.0;1.0;1.0;1.0;60;M;43975;43982;false;86;0.98;175.25;0.93;43;10;1000000;-1;3600;2.6;0.89;0.81;mslp;heur;0.73;0.57;-1;3600;60000;I;40;1.0;0.15;LR1_2_8;0;/dados/rmelo/PDPTW-SE/benchmark_multi_island_v5/official_experiments/multistartlp/preliminar/set_01_pt_01/logs;0;0;0;26.7;99.98;1;52;/dados/rmelo/PDPTW-SE/benchmark_multi_island_v5/official_experiments/multistartlp/preliminar/set_01_pt_01/logs/heur_mslp/solutions/40R_40V_04I_06M/LR1_2_8_sol_genconfig_mslp_seed_52_alpha_15p.txt;Gurobi;AUTOMATIC;1.75959115291e9;_bash_3;_seed_52_alpha_15p;1142.58;1;685.32;/dados/rmelo/PDPTW-SE/benchmark_multi_island_v5/official_experiments/multistartlp/preliminar/set_01_pt_01/logs/heur_mslp/timelines/40R_40V_04I_06M/LR1_2_8_timeline_genconfig_mslp_seed_52_alpha_15p.txt;1758.08;t1;0;3403.88;false
0.15;0.04;0.06;0.1;0.01;0.08;6;/dados/rmelo/PDPTW-SE/benchmark_multi_island_v5/official_experiments/multistartlp/preliminar/set_01_pt_01/logs/heur_mslp/outputs/csvresults_heur_mslp_bash_3.csv;0;6;1;82;0;0.0;0.5;true;42;2;LR2_2_6_t2_40R_40V_04I_06M;/dados/rmelo/PDPTW-SE/benchmark_multi_island_v5/official_experiments/multistartlp/preliminar/set_01_pt_01/configs/genconfig_mslp.conf;genconfig_mslp;/dados/rmelo/PDPTW-SE/benchmark_multi_island_v5/official_experiments/multistartlp/preliminar/set_01_pt_01/logs/heur_mslp/gurobi/40R_40V_04I_06M/LR2_2_6_grb_genconfig_mslp_seed_52_alpha_15p.log;random;40R_40V_04I_06M;1;0;1;/dados/rmelo/PDPTW-SE/benchmark_multi_island_v5/official_experiments/multistartlp/preliminar/set_01_pt_01/../../../../instances/orig_ams_fg/40R_40V_04I_06M/t2/LR2_2_6/;60000;8906;0;8293.71;81;41;H;50;95;0;100.0;30.0;true;0.95;100.0;1.0;1.0;1.0;1.0;60;M;60000;60000;false;80;0.9;181.23;1.0;40;10;1000000;-1;3600;4.46;0.81;0.97;mslp;heur;0.74;0.92;-1;3600;60000;I;40;1.0;0.08;LR2_2_6;0;/dados/rmelo/PDPTW-SE/benchmark_multi_island_v5/official_experiments/multistartlp/preliminar/set_01_pt_01/logs;0;0;0;0.0;100.0;1;52;/dados/rmelo/PDPTW-SE/benchmark_multi_island_v5/official_experiments/multistartlp/preliminar/set_01_pt_01/logs/heur_mslp/solutions/40R_40V_04I_06M/LR2_2_6_sol_genconfig_mslp_seed_52_alpha_15p.txt;Gurobi;AUTOMATIC;1.75959293319e9;_bash_3;_seed_52_alpha_15p;2674.21;1;450.46;/dados/rmelo/PDPTW-SE/benchmark_multi_island_v5/official_experiments/multistartlp/preliminar/set_01_pt_01/logs/heur_mslp/timelines/40R_40V_04I_06M/LR2_2_6_timeline_genconfig_mslp_seed_52_alpha_15p.txt;3022.76;t2;0;6123.28;false
0.15;0.04;0.08;0.12;0.0;0.05;1;/dados/rmelo/PDPTW-SE/benchmark_multi_island_v5/official_experiments/multistartlp/preliminar/set_01_pt_01/logs/heur_mslp/outputs/csvresults_heur_mslp_bash_3.csv;0;6;1;122;0;0.0;0.5;true;62;2;LR1_2_6_t1_60R_60V_02I_06M;/dados/rmelo/PDPTW-SE/benchmark_multi_island_v5/official_experiments/multistartlp/preliminar/set_01_pt_01/configs/genconfig_mslp.conf;genconfig_mslp;/dados/rmelo/PDPTW-SE/benchmark_multi_island_v5/official_experiments/multistartlp/preliminar/set_01_pt_01/logs/heur_mslp/gurobi/60R_60V_02I_06M/LR1_2_6_grb_genconfig_mslp_seed_52_alpha_15p.log;random;60R_60V_02I_06M;1;59999;1;/dados/rmelo/PDPTW-SE/benchmark_multi_island_v5/official_experiments/multistartlp/preliminar/set_01_pt_01/../../../../instances/orig_ams_fg/60R_60V_02I_06M/t1/LR1_2_6/;60000;1;0;10597.13;121;61;H;50;95;0;100.0;30.0;true;0.95;100.0;1.0;1.0;1.0;1.0;60;M;1;1;false;82;0.96;277.16;1.0;41;10;1000000;-1;3600;2.74;0.68;0.54;mslp;heur;0.44;0.11;-1;3600;60000;I;60;1.0;0.35;LR1_2_6;0;/dados/rmelo/PDPTW-SE/benchmark_multi_island_v5/official_experiments/multistartlp/preliminar/set_01_pt_01/logs;0;0;0;100.0;100.0;1;52;/dados/rmelo/PDPTW-SE/benchmark_multi_island_v5/official_experiments/multistartlp/preliminar/set_01_pt_01/logs/heur_mslp/solutions/60R_60V_02I_06M/LR1_2_6_sol_genconfig_mslp_seed_52_alpha_15p.txt;Gurobi;AUTOMATIC;1.75959597833e9;_bash_3;_seed_52_alpha_15p;0.03;1;0.05;/dados/rmelo/PDPTW-SE/benchmark_multi_island_v5/official_experiments/multistartlp/preliminar/set_01_pt_01/logs/heur_mslp/timelines/60R_60V_02I_06M/LR1_2_6_timeline_genconfig_mslp_seed_52_alpha_15p.txt;216.9;t1;0;10306.72;false
0.15;0.0;0.01;0.01;0.0;0.0;5;/dados/rmelo/PDPTW-SE/benchmark_multi_island_v5/official_experiments/multistartlp/preliminar/set_01_pt_01/logs/heur_mslp/outputs/csvresults_heur_mslp_bash_3.csv;0;6;1;122;0;0.0;0.5;true;62;2;LR2_2_8_t2_60R_60V_02I_06M;/dados/rmelo/PDPTW-SE/benchmark_multi_island_v5/official_experiments/multistartlp/preliminar/set_01_pt_01/configs/genconfig_mslp.conf;genconfig_mslp;/dados/rmelo/PDPTW-SE/benchmark_multi_island_v5/official_experiments/multistartlp/preliminar/set_01_pt_01/logs/heur_mslp/gurobi/60R_60V_02I_06M/LR2_2_8_grb_genconfig_mslp_seed_52_alpha_15p.log;random;60R_60V_02I_06M;1;0;1;/dados/rmelo/PDPTW-SE/benchmark_multi_island_v5/official_experiments/multistartlp/preliminar/set_01_pt_01/../../../../instances/orig_ams_fg/60R_60V_02I_06M/t2/LR2_2_8/;34145;19273;0;10042.31;121;61;H;50;95;0;100.0;30.0;true;0.95;100.0;1.0;1.0;1.0;1.0;60;M;33997;34145;false;80;0.98;227.5;0.94;40;10;1000000;-1;3600;1.56;0.68;0.82;mslp;heur;0.15;0.5;-1;3600;60000;I;60;0.67;0.07;LR2_2_8;0;/dados/rmelo/PDPTW-SE/benchmark_multi_island_v5/official_experiments/multistartlp/preliminar/set_01_pt_01/logs;0;0;0;0.0;99.57;1;52;/dados/rmelo/PDPTW-SE/benchmark_multi_island_v5/official_experiments/multistartlp/preliminar/set_01_pt_01/logs/heur_mslp/solutions/60R_60V_02I_06M/LR2_2_8_sol_genconfig_mslp_seed_52_alpha_15p.txt;Gurobi;AUTOMATIC;1.75959621738e9;_bash_3;_seed_52_alpha_15p;532.5;1;2035.67;/dados/rmelo/PDPTW-SE/benchmark_multi_island_v5/official_experiments/multistartlp/preliminar/set_01_pt_01/logs/heur_mslp/timelines/60R_60V_02I_06M/LR2_2_8_timeline_genconfig_mslp_seed_52_alpha_15p.txt;3600.04;t2;0;6864.3;false
0.15;0.01;0.05;0.06;0.01;0.04;15;/dados/rmelo/PDPTW-SE/benchmark_multi_island_v5/official_experiments/multistartlp/preliminar/set_01_pt_01/logs/heur_mslp/outputs/csvresults_heur_mslp_bash_3.csv;0;6;1;122;0;0.0;0.5;true;62;2;LR1_2_9_t1_60R_60V_02I_06M;/dados/rmelo/PDPTW-SE/benchmark_multi_island_v5/official_experiments/multistartlp/preliminar/set_01_pt_01/configs/genconfig_mslp.conf;genconfig_mslp;/dados/rmelo/PDPTW-SE/benchmark_multi_island_v5/official_experiments/multistartlp/preliminar/set_01_pt_01/logs/heur_mslp/gurobi/60R_60V_02I_06M/LR1_2_9_grb_genconfig_mslp_seed_52_alpha_15p.log;random;60R_60V_02I_06M;1;23588;1;/dados/rmelo/PDPTW-SE/benchmark_multi_island_v5/official_experiments/multistartlp/preliminar/set_01_pt_01/../../../../instances/orig_ams_fg/60R_60V_02I_06M/t1/LR1_2_9/;60000;53630;0;8959.98;121;61;H;50;95;0;100.0;30.0;true;0.95;100.0;1.0;1.0;1.0;1.0;60;M;36412;36412;false;86;0.92;182.58;1.0;43;10;1000000;-1;3600;6.29;0.76;0.76;mslp;heur;0.46;0.31;-1;3600;60000;I;60;1.0;0.23;LR1_2_9;0;/dados/rmelo/PDPTW-SE/benchmark_multi_island_v5/official_experiments/multistartlp/preliminar/set_01_pt_01/logs;0;0;0;39.31;100.0;1;52;/dados/rmelo/PDPTW-SE/benchmark_multi_island_v5/official_experiments/multistartlp/preliminar/set_01_pt_01/logs/heur_mslp/solutions/60R_60V_02I_06M/LR1_2_9_sol_genconfig_mslp_seed_52_alpha_15p.txt;Gurobi;AUTOMATIC;1.75959983968e9;_bash_3;_seed_52_alpha_15p;2290.82;1;1127.01;/dados/rmelo/PDPTW-SE/benchmark_multi_island_v5/official_experiments/multistartlp/preliminar/set_01_pt_01/logs/heur_mslp/timelines/60R_60V_02I_06M/LR1_2_9_timeline_genconfig_mslp_seed_52_alpha_15p.txt;1262.51;t1;0;6722.51;false
0.15;0.01;0.02;0.03;0.0;0.12;6;/dados/rmelo/PDPTW-SE/benchmark_multi_island_v5/official_experiments/multistartlp/preliminar/set_01_pt_01/logs/heur_mslp/outputs/csvresults_heur_mslp_bash_3.csv;0;6;1;122;0;0.0;0.5;true;62;2;LR2_2_10_t2_60R_60V_02I_06M;/dados/rmelo/PDPTW-SE/benchmark_multi_island_v5/official_experiments/multistartlp/preliminar/set_01_pt_01/configs/genconfig_mslp.conf;genconfig_mslp;/dados/rmelo/PDPTW-SE/benchmark_multi_island_v5/official_experiments/multistartlp/preliminar/set_01_pt_01/logs/heur_mslp/gurobi/60R_60V_02I_06M/LR2_2_10_grb_genconfig_mslp_seed_52_alpha_15p.log;random;60R_60V_02I_06M;1;0;1;/dados/rmelo/PDPTW-SE/benchmark_multi_island_v5/official_experiments/multistartlp/preliminar/set_01_pt_01/../../../../instances/orig_ams_fg/60R_60V_02I_06M/t2/LR2_2_10/;60000;12994;0;15820.87;121;61;H;50;95;0;100.0;30.0;true;0.95;100.0;1.0;1.0;1.0;1.0;60;M;60000;60000;false;80;0.87;300.67;1.0;40;10;1000000;-1;3600;7.09;0.71;0.95;mslp;heur;0.31;0.82;-1;3600;60000;I;60;0.83;0.1;LR2_2_10;0;/dados/rmelo/PDPTW-SE/benchmark_multi_island_v5/official_experiments/multistartlp/preliminar/set_01_pt_01/logs;0;0;0;0.0;100.0;1;52;/dados/rmelo/PDPTW-SE/benchmark_multi_island_v5/official_experiments/multistartlp/preliminar/set_01_pt_01/logs/heur_mslp/solutions/60R_60V_02I_06M/LR2_2_10_sol_genconfig_mslp_seed_52_alpha_15p.txt;Gurobi;AUTOMATIC;1.75960112442e9;_bash_3;_seed_52_alpha_15p;4253.03;1;644.98;/dados/rmelo/PDPTW-SE/benchmark_multi_island_v5/official_experiments/multistartlp/preliminar/set_01_pt_01/logs/heur_mslp/timelines/60R_60V_02I_06M/LR2_2_10_timeline_genconfig_mslp_seed_52_alpha_15p.txt;2957.07;t2;0;10777.65;false
0.15;0.11;0.15;0.25;0.01;0.09;1;/dados/rmelo/PDPTW-SE/benchmark_multi_island_v5/official_experiments/multistartlp/preliminar/set_01_pt_01/logs/heur_mslp/outputs/csvresults_heur_mslp_bash_3.csv;0;6;1;122;0;0.0;0.5;true;62;2;LR1_2_6_t1_60R_60V_04I_06M;/dados/rmelo/PDPTW-SE/benchmark_multi_island_v5/official_experiments/multistartlp/preliminar/set_01_pt_01/configs/genconfig_mslp.conf;genconfig_mslp;/dados/rmelo/PDPTW-SE/benchmark_multi_island_v5/official_experiments/multistartlp/preliminar/set_01_pt_01/logs/heur_mslp/gurobi/60R_60V_04I_06M/LR1_2_6_grb_genconfig_mslp_seed_52_alpha_15p.log;random;60R_60V_04I_06M;1;59999;1;/dados/rmelo/PDPTW-SE/benchmark_multi_island_v5/official_experiments/multistartlp/preliminar/set_01_pt_01/../../../../instances/orig_ams_fg/60R_60V_04I_06M/t1/LR1_2_6/;60000;44256;0;8368.71;121;61;H;50;95;0;100.0;30.0;true;0.95;100.0;1.0;1.0;1.0;1.0;60;M;1;1;false;82;0.93;184.15;0.98;41;10;1000000;-1;3600;6.28;0.57;0.64;mslp;heur;0.24;0.22;-1;3600;60000;I;60;1.0;0.28;LR1_2_6;0;/dados/rmelo/PDPTW-SE/benchmark_multi_island_v5/official_experiments/multistartlp/preliminar/set_01_pt_01/logs;0;0;0;100.0;100.0;1;52;/dados/rmelo/PDPTW-SE/benchmark_multi_island_v5/official_experiments/multistartlp/preliminar/set_01_pt_01/logs/heur_mslp/solutions/60R_60V_04I_06M/LR1_2_6_sol_genconfig_mslp_seed_52_alpha_15p.txt;Gurobi;AUTOMATIC;1.75960410344e9;_bash_3;_seed_52_alpha_15p;0.06;1;388.45;/dados/rmelo/PDPTW-SE/benchmark_multi_island_v5/official_experiments/multistartlp/preliminar/set_01_pt_01/logs/heur_mslp/timelines/60R_60V_04I_06M/LR1_2_6_timeline_genconfig_mslp_seed_52_alpha_15p.txt;525.63;t1;0;7843.56;false
0.15;0.02;0.04;0.06;0.0;0.0;3;/dados/rmelo/PDPTW-SE/benchmark_multi_island_v5/official_experiments/multistartlp/preliminar/set_01_pt_01/logs/heur_mslp/outputs/csvresults_heur_mslp_bash_3.csv;0;6;1;122;0;0.0;0.5;true;62;2;LR2_2_8_t2_60R_60V_04I_06M;/dados/rmelo/PDPTW-SE/benchmark_multi_island_v5/official_experiments/multistartlp/preliminar/set_01_pt_01/configs/genconfig_mslp.conf;genconfig_mslp;/dados/rmelo/PDPTW-SE/benchmark_multi_island_v5/official_experiments/multistartlp/preliminar/set_01_pt_01/logs/heur_mslp/gurobi/60R_60V_04I_06M/LR2_2_8_grb_genconfig_mslp_seed_52_alpha_15p.log;random;60R_60V_04I_06M;1;0;1;/dados/rmelo/PDPTW-SE/benchmark_multi_island_v5/official_experiments/multistartlp/preliminar/set_01_pt_01/../../../../instances/orig_ams_fg/60R_60V_04I_06M/t2/LR2_2_8/;18282;13980;0;8303.56;121;61;H;50;95;0;100.0;30.0;true;0.95;100.0;1.0;1.0;1.0;1.0;60;M;18211;18282;false;80;0.83;181.1;1.0;40;10;1000000;-1;3600;1.13;0.59;0.8;mslp;heur;0.08;0.2;-1;3600;60000;I;60;1.0;0.08;LR2_2_8;0;/dados/rmelo/PDPTW-SE/benchmark_multi_island_v5/official_experiments/multistartlp/preliminar/set_01_pt_01/logs;0;0;0;0.0;99.61;1;52;/dados/rmelo/PDPTW-SE/benchmark_multi_island_v5/official_experiments/multistartlp/preliminar/set_01_pt_01/logs/heur_mslp/solutions/60R_60V_04I_06M/LR2_2_8_sol_genconfig_mslp_seed_52_alpha_15p.txt;Gurobi;AUTOMATIC;1.75960465119e9;_bash_3;_seed_52_alpha_15p;207.34;1;2755.57;/dados/rmelo/PDPTW-SE/benchmark_multi_island_v5/official_experiments/multistartlp/preliminar/set_01_pt_01/logs/heur_mslp/timelines/60R_60V_04I_06M/LR2_2_8_timeline_genconfig_mslp_seed_52_alpha_15p.txt;3600.07;t2;0;7469.86;false
0.15;0.09;0.14;0.23;0.01;0.13;9;/dados/rmelo/PDPTW-SE/benchmark_multi_island_v5/official_experiments/multistartlp/preliminar/set_01_pt_01/logs/heur_mslp/outputs/csvresults_heur_mslp_bash_3.csv;0;6;1;122;0;0.0;0.5;true;62;2;LR1_2_9_t1_60R_60V_04I_06M;/dados/rmelo/PDPTW-SE/benchmark_multi_island_v5/official_experiments/multistartlp/preliminar/set_01_pt_01/configs/genconfig_mslp.conf;genconfig_mslp;/dados/rmelo/PDPTW-SE/benchmark_multi_island_v5/official_experiments/multistartlp/preliminar/set_01_pt_01/logs/heur_mslp/gurobi/60R_60V_04I_06M/LR1_2_9_grb_genconfig_mslp_seed_52_alpha_15p.log;random;60R_60V_04I_06M;1;59446;1;/dados/rmelo/PDPTW-SE/benchmark_multi_island_v5/official_experiments/multistartlp/preliminar/set_01_pt_01/../../../../instances/orig_ams_fg/60R_60V_04I_06M/t1/LR1_2_9/;60000;6297;0;8911.18;121;61;H;50;95;0;100.0;30.0;true;0.95;100.0;1.0;1.0;1.0;1.0;60;M;554;554;false;86;0.94;181.44;1.0;43;10;1000000;-1;3600;6.97;0.75;0.71;mslp;heur;0.46;0.24;-1;3600;60000;I;60;1.0;0.25;LR1_2_9;0;/dados/rmelo/PDPTW-SE/benchmark_multi_island_v5/official_experiments/multistartlp/preliminar/set_01_pt_01/logs;0;0;0;99.08;100.0;1;52;/dados/rmelo/PDPTW-SE/benchmark_multi_island_v5/official_experiments/multistartlp/preliminar/set_01_pt_01/logs/heur_mslp/solutions/60R_60V_04I_06M/LR1_2_9_sol_genconfig_mslp_seed_52_alpha_15p.txt;Gurobi;AUTOMATIC;1.75960827331e9;_bash_3;_seed_52_alpha_15p;38.63;1;71.85;/dados/rmelo/PDPTW-SE/benchmark_multi_island_v5/official_experiments/multistartlp/preliminar/set_01_pt_01/logs/heur_mslp/timelines/60R_60V_04I_06M/LR1_2_9_timeline_genconfig_mslp_seed_52_alpha_15p.txt;674.48;t1;0;7087.13;false
0.15;0.02;0.04;0.06;0.0;0.0;3;/dados/rmelo/PDPTW-SE/benchmark_multi_island_v5/official_experiments/multistartlp/preliminar/set_01_pt_01/logs/heur_mslp/outputs/csvresults_heur_mslp_bash_3.csv;0;6;1;122;0;0.0;0.5;true;62;2;LR2_2_8_t2_60R_60V_04I_06M;/dados/rmelo/PDPTW-SE/benchmark_multi_island_v5/official_experiments/multistartlp/preliminar/set_01_pt_01/configs/genconfig_mslp.conf;genconfig_mslp;/dados/rmelo/PDPTW-SE/benchmark_multi_island_v5/official_experiments/multistartlp/preliminar/set_01_pt_01/logs/heur_mslp/gurobi/60R_60V_04I_06M/LR2_2_8_grb_genconfig_mslp_seed_52_alpha_15p.log;random;60R_60V_04I_06M;1;0;1;/dados/rmelo/PDPTW-SE/benchmark_multi_island_v5/official_experiments/multistartlp/preliminar/set_01_pt_01/../../../../instances/orig_ams_fg/60R_60V_04I_06M/t2/LR2_2_8/;18286;13980;0;8573.66;121;61;H;50;95;0;100.0;30.0;true;0.95;100.0;1.0;1.0;1.0;1.0;60;M;18215;18286;false;80;0.83;181.1;1.0;40;10;1000000;-1;3600;1.13;0.59;0.8;mslp;heur;0.08;0.2;-1;3600;60000;I;60;1.0;0.08;LR2_2_8;0;/dados/rmelo/PDPTW-SE/benchmark_multi_island_v5/official_experiments/multistartlp/preliminar/set_01_pt_01/logs;0;0;0;0.0;99.61;1;52;/dados/rmelo/PDPTW-SE/benchmark_multi_island_v5/official_experiments/multistartlp/preliminar/set_01_pt_01/logs/heur_mslp/solutions/60R_60V_04I_06M/LR2_2_8_sol_genconfig_mslp_seed_52_alpha_15p.txt;Gurobi;AUTOMATIC;1.75960897006e9;_bash_3;_seed_52_alpha_15p;207.38;1;2754.64;/dados/rmelo/PDPTW-SE/benchmark_multi_island_v5/official_experiments/multistartlp/preliminar/set_01_pt_01/logs/heur_mslp/timelines/60R_60V_04I_06M/LR2_2_8_timeline_genconfig_mslp_seed_52_alpha_15p.txt;3600.02;t2;0;7469.86;false
0.15;0.0;0.12;0.12;0.0;0.0;4;/dados/rmelo/PDPTW-SE/benchmark_multi_island_v5/official_experiments/multistartlp/preliminar/set_01_pt_01/logs/heur_mslp/outputs/csvresults_heur_mslp_bash_3.csv;0;4;1;18;0;0.0;0.5;true;10;2;lr109_t1_08R_08V_02I_04M;/dados/rmelo/PDPTW-SE/benchmark_multi_island_v5/official_experiments/multistartlp/preliminar/set_01_pt_01/configs/genconfig_mslp.conf;genconfig_mslp;/dados/rmelo/PDPTW-SE/benchmark_multi_island_v5/official_experiments/multistartlp/preliminar/set_01_pt_01/logs/heur_mslp/gurobi/08R_08V_02I_04M/lr109_grb_genconfig_mslp_seed_59_alpha_15p.log;random;08R_08V_02I_04M;1;0;1;/dados/rmelo/PDPTW-SE/benchmark_multi_island_v5/official_experiments/multistartlp/preliminar/set_01_pt_01/../../../../instances/orig_ams_fg/08R_08V_02I_04M/t1/lr109/;60000;32;0;703.71;17;9;H;50;95;0;100.0;30.0;true;0.95;100.0;1.0;1.0;1.0;1.0;60;M;60000;60000;false;52;0.91;78.96;0.6;26;10;1000000;-1;3600;9.44;0.77;0.5;mslp;heur;0.59;0.28;-1;3600;60000;I;8;0.5;0.38;lr109;0;/dados/rmelo/PDPTW-SE/benchmark_multi_island_v5/official_experiments/multistartlp/preliminar/set_01_pt_01/logs;0;0;0;0.0;100.0;1;59;/dados/rmelo/PDPTW-SE/benchmark_multi_island_v5/official_experiments/multistartlp/preliminar/set_01_pt_01/logs/heur_mslp/solutions/08R_08V_02I_04M/lr109_sol_genconfig_mslp_seed_59_alpha_15p.txt;Gurobi;AUTOMATIC;1.75961259088e9;_bash_3;_seed_59_alpha_15p;5663.54;1;0.35;/dados/rmelo/PDPTW-SE/benchmark_multi_island_v5/official_experiments/multistartlp/preliminar/set_01_pt_01/logs/heur_mslp/timelines/08R_08V_02I_04M/lr109_timeline_genconfig_mslp_seed_59_alpha_15p.txt;124.24;t1;0;533.17;false
0.15;0.0;0.03;0.03;0.0;0.0;4;/dados/rmelo/PDPTW-SE/benchmark_multi_island_v5/official_experiments/multistartlp/preliminar/set_01_pt_01/logs/heur_mslp/outputs/csvresults_heur_mslp_bash_3.csv;0;4;1;18;0;0.0;0.5;true;10;2;lr209_t2_08R_08V_02I_04M;/dados/rmelo/PDPTW-SE/benchmark_multi_island_v5/official_experiments/multistartlp/preliminar/set_01_pt_01/configs/genconfig_mslp.conf;genconfig_mslp;/dados/rmelo/PDPTW-SE/benchmark_multi_island_v5/official_experiments/multistartlp/preliminar/set_01_pt_01/logs/heur_mslp/gurobi/08R_08V_02I_04M/lr209_grb_genconfig_mslp_seed_59_alpha_15p.log;random;08R_08V_02I_04M;1;0;1;/dados/rmelo/PDPTW-SE/benchmark_multi_island_v5/official_experiments/multistartlp/preliminar/set_01_pt_01/../../../../instances/orig_ams_fg/08R_08V_02I_04M/t2/lr209/;60000;25241;0;806.17;17;9;H;50;95;0;100.0;30.0;true;0.95;100.0;1.0;1.0;1.0;1.0;60;M;58988;60000;false;46;0.57;77.81;0.83;23;10;1000000;-1;3600;20.65;0.57;0.83;mslp;heur;0.57;0.83;-1;3600;60000;I;8;0.5;0.12;lr209;0;/dados/rmelo/PDPTW-SE/benchmark_multi_island_v5/official_experiments/multistartlp/preliminar/set_01_pt_01/logs;0;0;0;0.0;98.31;1;59;/dados/rmelo/PDPTW-SE/benchmark_multi_island_v5/official_experiments/multistartlp/preliminar/set_01_pt_01/logs/heur_mslp/solutions/08R_08V_02I_04M/lr209_sol_genconfig_mslp_seed_59_alpha_15p.txt;Gurobi;AUTOMATIC;1.75961273781e9;_bash_3;_seed_59_alpha_15p;12388.63;1;62.08;/dados/rmelo/PDPTW-SE/benchmark_multi_island_v5/official_experiments/multistartlp/preliminar/set_01_pt_01/logs/heur_mslp/timelines/08R_08V_02I_04M/lr209_timeline_genconfig_mslp_seed_59_alpha_15p.txt;146.39;t2;0;569.92;false
0.15;0.0;0.24;0.24;0.0;0.01;4;/dados/rmelo/PDPTW-SE/benchmark_multi_island_v5/official_experiments/multistartlp/preliminar/set_01_pt_01/logs/heur_mslp/outputs/csvresults_heur_mslp_bash_3.csv;0;4;1;18;0;0.0;0.5;true;10;2;lr106_t1_08R_08V_02I_04M;/dados/rmelo/PDPTW-SE/benchmark_multi_island_v5/official_experiments/multistartlp/preliminar/set_01_pt_01/configs/genconfig_mslp.conf;genconfig_mslp;/dados/rmelo/PDPTW-SE/benchmark_multi_island_v5/official_experiments/multistartlp/preliminar/set_01_pt_01/logs/heur_mslp/gurobi/08R_08V_02I_04M/lr106_grb_genconfig_mslp_seed_59_alpha_15p.log;random;08R_08V_02I_04M;1;0;1;/dados/rmelo/PDPTW-SE/benchmark_multi_island_v5/official_experiments/multistartlp/preliminar/set_01_pt_01/../../../../instances/orig_ams_fg/08R_08V_02I_04M/t1/lr106/;60000;9;0;860.88;17;9;H;50;95;0;100.0;30.0;true;0.95;100.0;1.0;1.0;1.0;1.0;60;M;60000;60000;false;52;0.83;104.47;0.85;26;10;1000000;-1;3600;18.79;0.62;0.54;mslp;heur;0.45;0.26;-1;3600;60000;I;8;0.25;0.5;lr106;0;/dados/rmelo/PDPTW-SE/benchmark_multi_island_v5/official_experiments/multistartlp/preliminar/set_01_pt_01/logs;0;0;0;0.0;100.0;1;59;/dados/rmelo/PDPTW-SE/benchmark_multi_island_v5/official_experiments/multistartlp/preliminar/set_01_pt_01/logs/heur_mslp/solutions/08R_08V_02I_04M/lr106_sol_genconfig_mslp_seed_59_alpha_15p.txt;Gurobi;AUTOMATIC;1.75961290478e9;_bash_3;_seed_59_alpha_15p;11272.84;1;0.3;/dados/rmelo/PDPTW-SE/benchmark_multi_island_v5/official_experiments/multistartlp/preliminar/set_01_pt_01/logs/heur_mslp/timelines/08R_08V_02I_04M/lr106_timeline_genconfig_mslp_seed_59_alpha_15p.txt;118.03;t1;0;602.78;false
0.15;0.01;0.01;0.02;0.0;0.0;13;/dados/rmelo/PDPTW-SE/benchmark_multi_island_v5/official_experiments/multistartlp/preliminar/set_01_pt_01/logs/heur_mslp/outputs/csvresults_heur_mslp_bash_3.csv;0;4;1;18;0;0.0;0.5;true;10;2;lr208_t2_08R_08V_02I_04M;/dados/rmelo/PDPTW-SE/benchmark_multi_island_v5/official_experiments/multistartlp/preliminar/set_01_pt_01/configs/genconfig_mslp.conf;genconfig_mslp;/dados/rmelo/PDPTW-SE/benchmark_multi_island_v5/official_experiments/multistartlp/preliminar/set_01_pt_01/logs/heur_mslp/gurobi/08R_08V_02I_04M/lr208_grb_genconfig_mslp_seed_59_alpha_15p.log;random;08R_08V_02I_04M;1;0;1;/dados/rmelo/PDPTW-SE/benchmark_multi_island_v5/official_experiments/multistartlp/preliminar/set_01_pt_01/../../../../instances/orig_ams_fg/08R_08V_02I_04M/t2/lr208/;60000;52507;0;686.0;17;9;H;50;95;0;100.0;30.0;true;0.95;100.0;1.0;1.0;1.0;1.0;60;M;46307;60000;false;38;0.55;75.47;0.97;19;10;1000000;-1;3600;4.78;0.55;0.97;mslp;heur;0.55;0.97;-1;3600;60000;I;8;0.75;0.12;lr208;0;/dados/rmelo/PDPTW-SE/benchmark_multi_island_v5/official_experiments/multistartlp/preliminar/set_01_pt_01/logs;0;0;0;0.0;77.18;1;59;/dados/rmelo/PDPTW-SE/benchmark_multi_island_v5/official_experiments/multistartlp/preliminar/set_01_pt_01/logs/heur_mslp/solutions/08R_08V_02I_04M/lr208_sol_genconfig_mslp_seed_59_alpha_15p.txt;Gurobi;AUTOMATIC;1.7596130449e9;_bash_3;_seed_59_alpha_15p;2865.09;1;149.05;/dados/rmelo/PDPTW-SE/benchmark_multi_island_v5/official_experiments/multistartlp/preliminar/set_01_pt_01/logs/heur_mslp/timelines/08R_08V_02I_04M/lr208_timeline_genconfig_mslp_seed_59_alpha_15p.txt;169.88;t2;0;549.98;false
0.15;0.03;0.21;0.25;0.0;0.0;6;/dados/rmelo/PDPTW-SE/benchmark_multi_island_v5/official_experiments/multistartlp/preliminar/set_01_pt_01/logs/heur_mslp/outputs/csvresults_heur_mslp_bash_3.csv;0;4;1;18;0;0.0;0.5;true;10;2;lr110_t1_08R_08V_04I_04M;/dados/rmelo/PDPTW-SE/benchmark_multi_island_v5/official_experiments/multistartlp/preliminar/set_01_pt_01/configs/genconfig_mslp.conf;genconfig_mslp;/dados/rmelo/PDPTW-SE/benchmark_multi_island_v5/official_experiments/multistartlp/preliminar/set_01_pt_01/logs/heur_mslp/gurobi/08R_08V_04I_04M/lr110_grb_genconfig_mslp_seed_59_alpha_15p.log;random;08R_08V_04I_04M;1;3944;1;/dados/rmelo/PDPTW-SE/benchmark_multi_island_v5/official_experiments/multistartlp/preliminar/set_01_pt_01/../../../../instances/orig_ams_fg/08R_08V_04I_04M/t1/lr110/;60000;12503;0;741.23;17;9;H;50;95;0;100.0;30.0;true;0.95;100.0;1.0;1.0;1.0;1.0;60;M;56056;56056;false;52;0.89;73.36;0.69;26;10;1000000;-1;3600;8.27;0.58;0.49;mslp;heur;0.35;0.1;-1;3600;60000;I;8;1.0;0.62;lr110;0;/dados/rmelo/PDPTW-SE/benchmark_multi_island_v5/official_experiments/multistartlp/preliminar/set_01_pt_01/logs;0;0;0;6.57;100.0;1;59;/dados/rmelo/PDPTW-SE/benchmark_multi_island_v5/official_experiments/multistartlp/preliminar/set_01_pt_01/logs/heur_mslp/solutions/08R_08V_04I_04M/lr110_sol_genconfig_mslp_seed_59_alpha_15p.txt;Gurobi;AUTOMATIC;1.75961323671e9;_bash_3;_seed_59_alpha_15p;4636.77;1;30.47;/dados/rmelo/PDPTW-SE/benchmark_multi_island_v5/official_experiments/multistartlp/preliminar/set_01_pt_01/logs/heur_mslp/timelines/08R_08V_04I_04M/lr110_timeline_genconfig_mslp_seed_59_alpha_15p.txt;140.19;t1;0;672.57;false
0.15;0.04;0.06;0.09;0.0;0.0;10;/dados/rmelo/PDPTW-SE/benchmark_multi_island_v5/official_experiments/multistartlp/preliminar/set_01_pt_01/logs/heur_mslp/outputs/csvresults_heur_mslp_bash_3.csv;0;4;1;18;0;0.0;0.5;true;10;2;lr209_t2_08R_08V_04I_04M;/dados/rmelo/PDPTW-SE/benchmark_multi_island_v5/official_experiments/multistartlp/preliminar/set_01_pt_01/configs/genconfig_mslp.conf;genconfig_mslp;/dados/rmelo/PDPTW-SE/benchmark_multi_island_v5/official_experiments/multistartlp/preliminar/set_01_pt_01/logs/heur_mslp/gurobi/08R_08V_04I_04M/lr209_grb_genconfig_mslp_seed_59_alpha_15p.log;random;08R_08V_04I_04M;1;0;1;/dados/rmelo/PDPTW-SE/benchmark_multi_island_v5/official_experiments/multistartlp/preliminar/set_01_pt_01/../../../../instances/orig_ams_fg/08R_08V_04I_04M/t2/lr209/;60000;1814;0;1378.59;17;9;H;50;95;0;100.0;30.0;true;0.95;100.0;1.0;1.0;1.0;1.0;60;M;59327;60000;false;46;0.62;78.66;0.82;23;10;1000000;-1;3600;22.89;0.62;0.82;mslp;heur;0.62;0.82;-1;3600;60000;I;8;0.75;0.12;lr209;0;/dados/rmelo/PDPTW-SE/benchmark_multi_island_v5/official_experiments/multistartlp/preliminar/set_01_pt_01/logs;0;0;0;0.0;98.88;1;59;/dados/rmelo/PDPTW-SE/benchmark_multi_island_v5/official_experiments/multistartlp/preliminar/set_01_pt_01/logs/heur_mslp/solutions/08R_08V_04I_04M/lr209_sol_genconfig_mslp_seed_59_alpha_15p.txt;Gurobi;AUTOMATIC;1.75961339918e9;_bash_3;_seed_59_alpha_15p;13731.85;1;6.3;/dados/rmelo/PDPTW-SE/benchmark_multi_island_v5/official_experiments/multistartlp/preliminar/set_01_pt_01/logs/heur_mslp/timelines/08R_08V_04I_04M/lr209_timeline_genconfig_mslp_seed_59_alpha_15p.txt;196.63;t2;0;618.4;false
0.15;0.08;0.17;0.25;0.0;0.0;5;/dados/rmelo/PDPTW-SE/benchmark_multi_island_v5/official_experiments/multistartlp/preliminar/set_01_pt_01/logs/heur_mslp/outputs/csvresults_heur_mslp_bash_3.csv;0;4;1;18;0;0.0;0.5;true;10;2;lr109_t1_08R_08V_04I_04M;/dados/rmelo/PDPTW-SE/benchmark_multi_island_v5/official_experiments/multistartlp/preliminar/set_01_pt_01/configs/genconfig_mslp.conf;genconfig_mslp;/dados/rmelo/PDPTW-SE/benchmark_multi_island_v5/official_experiments/multistartlp/preliminar/set_01_pt_01/logs/heur_mslp/gurobi/08R_08V_04I_04M/lr109_grb_genconfig_mslp_seed_59_alpha_15p.log;random;08R_08V_04I_04M;1;0;1;/dados/rmelo/PDPTW-SE/benchmark_multi_island_v5/official_experiments/multistartlp/preliminar/set_01_pt_01/../../../../instances/orig_ams_fg/08R_08V_04I_04M/t1/lr109/;60000;32;0;819.67;17;9;H;50;95;0;100.0;30.0;true;0.95;100.0;1.0;1.0;1.0;1.0;60;M;60000;60000;false;52;0.9;65.14;0.6;26;10;1000000;-1;3600;12.54;0.6;0.38;mslp;heur;0.42;0.21;-1;3600;60000;I;8;0.75;0.5;lr109;0;/dados/rmelo/PDPTW-SE/benchmark_multi_island_v5/official_experiments/multistartlp/preliminar/set_01_pt_01/logs;0;0;0;0.0;100.0;1;59;/dados/rmelo/PDPTW-SE/benchmark_multi_island_v5/official_experiments/multistartlp/preliminar/set_01_pt_01/logs/heur_mslp/solutions/08R_08V_04I_04M/lr109_sol_genconfig_mslp_seed_59_alpha_15p.txt;Gurobi;AUTOMATIC;1.75961361705e9;_bash_3;_seed_59_alpha_15p;7524.79;1;0.37;/dados/rmelo/PDPTW-SE/benchmark_multi_island_v5/official_experiments/multistartlp/preliminar/set_01_pt_01/logs/heur_mslp/timelines/08R_08V_04I_04M/lr109_timeline_genconfig_mslp_seed_59_alpha_15p.txt;137.52;t1;0;555.44;false
0.15;0.02;0.04;0.06;0.0;0.0;9;/dados/rmelo/PDPTW-SE/benchmark_multi_island_v5/official_experiments/multistartlp/preliminar/set_01_pt_01/logs/heur_mslp/outputs/csvresults_heur_mslp_bash_3.csv;0;4;1;18;0;0.0;0.5;true;10;2;lr208_t2_08R_08V_04I_04M;/dados/rmelo/PDPTW-SE/benchmark_multi_island_v5/official_experiments/multistartlp/preliminar/set_01_pt_01/configs/genconfig_mslp.conf;genconfig_mslp;/dados/rmelo/PDPTW-SE/benchmark_multi_island_v5/official_experiments/multistartlp/preliminar/set_01_pt_01/logs/heur_mslp/gurobi/08R_08V_04I_04M/lr208_grb_genconfig_mslp_seed_59_alpha_15p.log;random;08R_08V_04I_04M;1;0;1;/dados/rmelo/PDPTW-SE/benchmark_multi_island_v5/official_experiments/multistartlp/preliminar/set_01_pt_01/../../../../instances/orig_ams_fg/08R_08V_04I_04M/t2/lr208/;60000;59140;0;730.55;17;9;H;50;95;0;100.0;30.0;true;0.95;100.0;1.0;1.0;1.0;1.0;60;M;33011;60000;false;38;0.62;77.91;0.97;19;10;1000000;-1;3600;3.66;0.62;0.97;mslp;heur;0.62;0.97;-1;3600;60000;I;8;1.0;0.12;lr208;0;/dados/rmelo/PDPTW-SE/benchmark_multi_island_v5/official_experiments/multistartlp/preliminar/set_01_pt_01/logs;0;0;0;0.0;55.02;1;59;/dados/rmelo/PDPTW-SE/benchmark_multi_island_v5/official_experiments/multistartlp/preliminar/set_01_pt_01/logs/heur_mslp/solutions/08R_08V_04I_04M/lr208_sol_genconfig_mslp_seed_59_alpha_15p.txt;Gurobi;AUTOMATIC;1.75961377521e9;_bash_3;_seed_59_alpha_15p;2193.92;1;239.33;/dados/rmelo/PDPTW-SE/benchmark_multi_island_v5/official_experiments/multistartlp/preliminar/set_01_pt_01/logs/heur_mslp/timelines/08R_08V_04I_04M/lr208_timeline_genconfig_mslp_seed_59_alpha_15p.txt;242.79;t2;0;621.91;false
0.15;0.0;0.07;0.07;0.0;0.0;11;/dados/rmelo/PDPTW-SE/benchmark_multi_island_v5/official_experiments/multistartlp/preliminar/set_01_pt_01/logs/heur_mslp/outputs/csvresults_heur_mslp_bash_3.csv;0;4;1;26;0;0.0;0.5;true;14;2;lr109_t1_12R_12V_02I_04M;/dados/rmelo/PDPTW-SE/benchmark_multi_island_v5/official_experiments/multistartlp/preliminar/set_01_pt_01/configs/genconfig_mslp.conf;genconfig_mslp;/dados/rmelo/PDPTW-SE/benchmark_multi_island_v5/official_experiments/multistartlp/preliminar/set_01_pt_01/logs/heur_mslp/gurobi/12R_12V_02I_04M/lr109_grb_genconfig_mslp_seed_59_alpha_15p.log;random;12R_12V_02I_04M;1;0;1;/dados/rmelo/PDPTW-SE/benchmark_multi_island_v5/official_experiments/multistartlp/preliminar/set_01_pt_01/../../../../instances/orig_ams_fg/12R_12V_02I_04M/t1/lr109/;60000;2775;0;994.57;25;13;H;50;95;0;100.0;30.0;true;0.95;100.0;1.0;1.0;1.0;1.0;60;M;60000;60000;false;58;0.83;96.56;0.81;29;10;1000000;-1;3600;8.79;0.79;0.57;mslp;heur;0.73;0.32;-1;3600;60000;I;12;0.5;0.33;lr109;0;/dados/rmelo/PDPTW-SE/benchmark_multi_island_v5/official_experiments/multistartlp/preliminar/set_01_pt_01/logs;0;0;0;0.0;100.0;1;59;/dados/rmelo/PDPTW-SE/benchmark_multi_island_v5/official_experiments/multistartlp/preliminar/set_01_pt_01/logs/heur_mslp/solutions/12R_12V_02I_04M/lr109_sol_genconfig_mslp_seed_59_alpha_15p.txt;Gurobi;AUTOMATIC;1.75961403931e9;_bash_3;_seed_59_alpha_15p;5273.19;1;7.5;/dados/rmelo/PDPTW-SE/benchmark_multi_island_v5/official_experiments/multistartlp/preliminar/set_01_pt_01/logs/heur_mslp/timelines/12R_12V_02I_04M/lr109_timeline_genconfig_mslp_seed_59_alpha_15p.txt;155.99;t1;0;722.63;false
0.15;0.01;0.01;0.02;0.0;0.0;7;/dados/rmelo/PDPTW-SE/benchmark_multi_island_v5/official_experiments/multistartlp/preliminar/set_01_pt_01/logs/heur_mslp/outputs/csvresults_heur_mslp_bash_3.csv;0;4;1;26;0;0.0;0.5;true;14;2;lr208_t2_12R_12V_02I_04M;/dados/rmelo/PDPTW-SE/benchmark_multi_island_v5/official_experiments/multistartlp/preliminar/set_01_pt_01/configs/genconfig_mslp.conf;genconfig_mslp;/dados/rmelo/PDPTW-SE/benchmark_multi_island_v5/official_experiments/multistartlp/preliminar/set_01_pt_01/logs/heur_mslp/gurobi/12R_12V_02I_04M/lr208_grb_genconfig_mslp_seed_59_alpha_15p.log;random;12R_12V_02I_04M;1;0;1;/dados/rmelo/PDPTW-SE/benchmark_multi_island_v5/official_experiments/multistartlp/preliminar/set_01_pt_01/../../../../instances/orig_ams_fg/12R_12V_02I_04M/t2/lr208/;60000;3173;0;1100.34;25;13;H;50;95;0;100.0;30.0;true;0.95;100.0;1.0;1.0;1.0;1.0;60;M;51731;60000;false;58;0.79;113.97;0.96;29;10;1000000;-1;3600;6.25;0.79;0.96;mslp;heur;0.79;0.96;-1;3600;60000;I;12;0.75;0.08;lr208;0;/dados/rmelo/PDPTW-SE/benchmark_multi_island_v5/official_experiments/multistartlp/preliminar/set_01_pt_01/logs;0;0;0;0.0;86.22;1;59;/dados/rmelo/PDPTW-SE/benchmark_multi_island_v5/official_experiments/multistartlp/preliminar/set_01_pt_01/logs/heur_mslp/solutions/12R_12V_02I_04M/lr208_sol_genconfig_mslp_seed_59_alpha_15p.txt;Gurobi;AUTOMATIC;1.75961421636e9;_bash_3;_seed_59_alpha_15p;3748.97;1;16.29;/dados/rmelo/PDPTW-SE/benchmark_multi_island_v5/official_experiments/multistartlp/preliminar/set_01_pt_01/logs/heur_mslp/timelines/12R_12V_02I_04M/lr208_timeline_genconfig_mslp_seed_59_alpha_15p.txt;291.93;t2;0;785.53;false
0.15;0.02;0.08;0.1;0.0;0.0;14;/dados/rmelo/PDPTW-SE/benchmark_multi_island_v5/official_experiments/multistartlp/preliminar/set_01_pt_01/logs/heur_mslp/outputs/csvresults_heur_mslp_bash_3.csv;0;4;1;26;0;0.0;0.5;true;14;2;lr110_t1_12R_12V_02I_04M;/dados/rmelo/PDPTW-SE/benchmark_multi_island_v5/official_experiments/multistartlp/preliminar/set_01_pt_01/configs/genconfig_mslp.conf;genconfig_mslp;/dados/rmelo/PDPTW-SE/benchmark_multi_island_v5/official_experiments/multistartlp/preliminar/set_01_pt_01/logs/heur_mslp/gurobi/12R_12V_02I_04M/lr110_grb_genconfig_mslp_seed_59_alpha_15p.log;random;12R_12V_02I_04M;1;1526;1;/dados/rmelo/PDPTW-SE/benchmark_multi_island_v5/official_experiments/multistartlp/preliminar/set_01_pt_01/../../../../instances/orig_ams_fg/12R_12V_02I_04M/t1/lr110/;60000;25771;0;1179.39;25;13;H;50;95;0;100.0;30.0;true;0.95;100.0;1.0;1.0;1.0;1.0;60;M;58474;58474;false;52;0.99;121.03;0.6;26;10;1000000;-1;3600;4.64;0.7;0.46;mslp;heur;0.52;0.24;-1;3600;60000;I;12;1.0;0.5;lr110;0;/dados/rmelo/PDPTW-SE/benchmark_multi_island_v5/official_experiments/multistartlp/preliminar/set_01_pt_01/logs;0;0;0;2.54;100.0;1;59;/dados/rmelo/PDPTW-SE/benchmark_multi_island_v5/official_experiments/multistartlp/preliminar/set_01_pt_01/logs/heur_mslp/solutions/12R_12V_02I_04M/lr110_sol_genconfig_mslp_seed_59_alpha_15p.txt;Gurobi;AUTOMATIC;1.75961452927e9;_bash_3;_seed_59_alpha_15p;2711.21;1;70.84;/dados/rmelo/PDPTW-SE/benchmark_multi_island_v5/official_experiments/multistartlp/preliminar/set_01_pt_01/logs/heur_mslp/timelines/12R_12V_02I_04M/lr110_timeline_genconfig_mslp_seed_59_alpha_15p.txt;163.29;t1;0;971.55;false
0.15;0.0;0.03;0.03;0.0;0.0;9;/dados/rmelo/PDPTW-SE/benchmark_multi_island_v5/official_experiments/multistartlp/preliminar/set_01_pt_01/logs/heur_mslp/outputs/csvresults_heur_mslp_bash_3.csv;0;4;1;26;0;0.0;0.5;true;14;2;lr207_t2_12R_12V_02I_04M;/dados/rmelo/PDPTW-SE/benchmark_multi_island_v5/official_experiments/multistartlp/preliminar/set_01_pt_01/configs/genconfig_mslp.conf;genconfig_mslp;/dados/rmelo/PDPTW-SE/benchmark_multi_island_v5/official_experiments/multistartlp/preliminar/set_01_pt_01/logs/heur_mslp/gurobi/12R_12V_02I_04M/lr207_grb_genconfig_mslp_seed_59_alpha_15p.log;random;12R_12V_02I_04M;1;0;1;/dados/rmelo/PDPTW-SE/benchmark_multi_island_v5/official_experiments/multistartlp/preliminar/set_01_pt_01/../../../../instances/orig_ams_fg/12R_12V_02I_04M/t2/lr207/;60000;40372;0;1497.71;25;13;H;50;95;0;100.0;30.0;true;0.95;100.0;1.0;1.0;1.0;1.0;60;M;59871;60000;false;40;0.87;107.37;0.88;20;10;1000000;-1;3600;14.28;0.87;0.88;mslp;heur;0.87;0.88;-1;3600;60000;I;12;0.25;0.08;lr207;0;/dados/rmelo/PDPTW-SE/benchmark_multi_island_v5/official_experiments/multistartlp/preliminar/set_01_pt_01/logs;0;0;0;0.0;99.78;1;59;/dados/rmelo/PDPTW-SE/benchmark_multi_island_v5/official_experiments/multistartlp/preliminar/set_01_pt_01/logs/heur_mslp/solutions/12R_12V_02I_04M/lr207_sol_genconfig_mslp_seed_59_alpha_15p.txt;Gurobi;AUTOMATIC;1.75961471395e9;_bash_3;_seed_59_alpha_15p;8567.07;1;175.28;/dados/rmelo/PDPTW-SE/benchmark_multi_island_v5/official_experiments/multistartlp/preliminar/set_01_pt_01/logs/heur_mslp/timelines/12R_12V_02I_04M/lr207_timeline_genconfig_mslp_seed_59_alpha_15p.txt;259.74;t2;0;873.98;false
0.15;0.09;0.2;0.29;0.0;0.0;10;/dados/rmelo/PDPTW-SE/benchmark_multi_island_v5/official_experiments/multistartlp/preliminar/set_01_pt_01/logs/heur_mslp/outputs/csvresults_heur_mslp_bash_3.csv;0;4;1;26;0;0.0;0.5;true;14;2;lr110_t1_12R_12V_04I_04M;/dados/rmelo/PDPTW-SE/benchmark_multi_island_v5/official_experiments/multistartlp/preliminar/set_01_pt_01/configs/genconfig_mslp.conf;genconfig_mslp;/dados/rmelo/PDPTW-SE/benchmark_multi_island_v5/official_experiments/multistartlp/preliminar/set_01_pt_01/logs/heur_mslp/gurobi/12R_12V_04I_04M/lr110_grb_genconfig_mslp_seed_59_alpha_15p.log;random;12R_12V_04I_04M;1;816;1;/dados/rmelo/PDPTW-SE/benchmark_multi_island_v5/official_experiments/multistartlp/preliminar/set_01_pt_01/../../../../instances/orig_ams_fg/12R_12V_04I_04M/t1/lr110/;60000;45735;0;990.12;25;13;H;50;95;0;100.0;30.0;true;0.95;100.0;1.0;1.0;1.0;1.0;60;M;59184;59184;false;52;0.72;72.82;0.85;26;10;1000000;-1;3600;12.8;0.57;0.44;mslp;heur;0.37;0.15;-1;3600;60000;I;12;1.0;0.5;lr110;0;/dados/rmelo/PDPTW-SE/benchmark_multi_island_v5/official_experiments/multistartlp/preliminar/set_01_pt_01/logs;0;0;0;1.36;100.0;1;59;/dados/rmelo/PDPTW-SE/benchmark_multi_island_v5/official_experiments/multistartlp/preliminar/set_01_pt_01/logs/heur_mslp/solutions/12R_12V_04I_04M/lr110_sol_genconfig_mslp_seed_59_alpha_15p.txt;Gurobi;AUTOMATIC;1.7596149963e9;_bash_3;_seed_59_alpha_15p;7577.4;1;139.77;/dados/rmelo/PDPTW-SE/benchmark_multi_island_v5/official_experiments/multistartlp/preliminar/set_01_pt_01/logs/heur_mslp/timelines/12R_12V_04I_04M/lr110_timeline_genconfig_mslp_seed_59_alpha_15p.txt;182.15;t1;0;787.65;false
0.15;0.02;0.05;0.06;0.0;0.0;15;/dados/rmelo/PDPTW-SE/benchmark_multi_island_v5/official_experiments/multistartlp/preliminar/set_01_pt_01/logs/heur_mslp/outputs/csvresults_heur_mslp_bash_3.csv;0;4;1;26;0;0.0;0.5;true;14;2;lr207_t2_12R_12V_04I_04M;/dados/rmelo/PDPTW-SE/benchmark_multi_island_v5/official_experiments/multistartlp/preliminar/set_01_pt_01/configs/genconfig_mslp.conf;genconfig_mslp;/dados/rmelo/PDPTW-SE/benchmark_multi_island_v5/official_experiments/multistartlp/preliminar/set_01_pt_01/logs/heur_mslp/gurobi/12R_12V_04I_04M/lr207_grb_genconfig_mslp_seed_59_alpha_15p.log;random;12R_12V_04I_04M;1;0;1;/dados/rmelo/PDPTW-SE/benchmark_multi_island_v5/official_experiments/multistartlp/preliminar/set_01_pt_01/../../../../instances/orig_ams_fg/12R_12V_04I_04M/t2/lr207/;60000;45728;0;1424.9;25;13;H;50;95;0;100.0;30.0;true;0.95;100.0;1.0;1.0;1.0;1.0;60;M;59963;60000;false;40;0.9;86.12;0.97;20;10;1000000;-1;3600;15.68;0.9;0.97;mslp;heur;0.9;0.97;-1;3600;60000;I;12;1.0;0.08;lr207;0;/dados/rmelo/PDPTW-SE/benchmark_multi_island_v5/official_experiments/multistartlp/preliminar/set_01_pt_01/logs;0;0;0;0.0;99.94;1;59;/dados/rmelo/PDPTW-SE/benchmark_multi_island_v5/official_experiments/multistartlp/preliminar/set_01_pt_01/logs/heur_mslp/solutions/12R_12V_04I_04M/lr207_sol_genconfig_mslp_seed_59_alpha_15p.txt;Gurobi;AUTOMATIC;1.75961520104e9;_bash_3;_seed_59_alpha_15p;9408.47;1;259.06;/dados/rmelo/PDPTW-SE/benchmark_multi_island_v5/official_experiments/multistartlp/preliminar/set_01_pt_01/logs/heur_mslp/timelines/12R_12V_04I_04M/lr207_timeline_genconfig_mslp_seed_59_alpha_15p.txt;338.96;t2;0;902.93;false
0.15;0.06;0.15;0.21;0.0;0.04;12;/dados/rmelo/PDPTW-SE/benchmark_multi_island_v5/official_experiments/multistartlp/preliminar/set_01_pt_01/logs/heur_mslp/outputs/csvresults_heur_mslp_bash_3.csv;0;4;1;26;0;0.0;0.5;true;14;2;lr108_t1_12R_12V_04I_04M;/dados/rmelo/PDPTW-SE/benchmark_multi_island_v5/official_experiments/multistartlp/preliminar/set_01_pt_01/configs/genconfig_mslp.conf;genconfig_mslp;/dados/rmelo/PDPTW-SE/benchmark_multi_island_v5/official_experiments/multistartlp/preliminar/set_01_pt_01/logs/heur_mslp/gurobi/12R_12V_04I_04M/lr108_grb_genconfig_mslp_seed_59_alpha_15p.log;random;12R_12V_04I_04M;1;464;1;/dados/rmelo/PDPTW-SE/benchmark_multi_island_v5/official_experiments/multistartlp/preliminar/set_01_pt_01/../../../../instances/orig_ams_fg/12R_12V_04I_04M/t1/lr108/;60000;476;0;1185.62;25;13;H;50;95;0;100.0;30.0;true;0.95;100.0;1.0;1.0;1.0;1.0;60;M;59536;59536;false;58;0.99;75.48;0.94;29;10;1000000;-1;3600;5.89;0.91;0.76;mslp;heur;0.77;0.6;-1;3600;60000;I;12;1.0;0.33;lr108;0;/dados/rmelo/PDPTW-SE/benchmark_multi_island_v5/official_experiments/multistartlp/preliminar/set_01_pt_01/logs;0;0;0;0.77;100.0;1;59;/dados/rmelo/PDPTW-SE/benchmark_multi_island_v5/official_experiments/multistartlp/preliminar/set_01_pt_01/logs/heur_mslp/solutions/12R_12V_04I_04M/lr108_sol_genconfig_mslp_seed_59_alpha_15p.txt;Gurobi;AUTOMATIC;1.75961556104e9;_bash_3;_seed_59_alpha_15p;3507.58;1;1.85;/dados/rmelo/PDPTW-SE/benchmark_multi_island_v5/official_experiments/multistartlp/preliminar/set_01_pt_01/logs/heur_mslp/timelines/12R_12V_04I_04M/lr108_timeline_genconfig_mslp_seed_59_alpha_15p.txt;199.89;t1;0;833.35;false
0.15;0.02;0.05;0.06;0.0;0.0;15;/dados/rmelo/PDPTW-SE/benchmark_multi_island_v5/official_experiments/multistartlp/preliminar/set_01_pt_01/logs/heur_mslp/outputs/csvresults_heur_mslp_bash_3.csv;0;4;1;26;0;0.0;0.5;true;14;2;lr207_t2_12R_12V_04I_04M;/dados/rmelo/PDPTW-SE/benchmark_multi_island_v5/official_experiments/multistartlp/preliminar/set_01_pt_01/configs/genconfig_mslp.conf;genconfig_mslp;/dados/rmelo/PDPTW-SE/benchmark_multi_island_v5/official_experiments/multistartlp/preliminar/set_01_pt_01/logs/heur_mslp/gurobi/12R_12V_04I_04M/lr207_grb_genconfig_mslp_seed_59_alpha_15p.log;random;12R_12V_04I_04M;1;0;1;/dados/rmelo/PDPTW-SE/benchmark_multi_island_v5/official_experiments/multistartlp/preliminar/set_01_pt_01/../../../../instances/orig_ams_fg/12R_12V_04I_04M/t2/lr207/;60000;45728;0;1424.9;25;13;H;50;95;0;100.0;30.0;true;0.95;100.0;1.0;1.0;1.0;1.0;60;M;59963;60000;false;40;0.9;86.12;0.97;20;10;1000000;-1;3600;15.68;0.9;0.97;mslp;heur;0.9;0.97;-1;3600;60000;I;12;1.0;0.08;lr207;0;/dados/rmelo/PDPTW-SE/benchmark_multi_island_v5/official_experiments/multistartlp/preliminar/set_01_pt_01/logs;0;0;0;0.0;99.94;1;59;/dados/rmelo/PDPTW-SE/benchmark_multi_island_v5/official_experiments/multistartlp/preliminar/set_01_pt_01/logs/heur_mslp/solutions/12R_12V_04I_04M/lr207_sol_genconfig_mslp_seed_59_alpha_15p.txt;Gurobi;AUTOMATIC;1.75961578224e9;_bash_3;_seed_59_alpha_15p;9408.47;1;261.85;/dados/rmelo/PDPTW-SE/benchmark_multi_island_v5/official_experiments/multistartlp/preliminar/set_01_pt_01/logs/heur_mslp/timelines/12R_12V_04I_04M/lr207_timeline_genconfig_mslp_seed_59_alpha_15p.txt;344.4;t2;0;902.93;false
0.15;0.02;0.07;0.09;0.01;0.06;6;/dados/rmelo/PDPTW-SE/benchmark_multi_island_v5/official_experiments/multistartlp/preliminar/set_01_pt_01/logs/heur_mslp/outputs/csvresults_heur_mslp_bash_3.csv;0;6;1;82;0;0.0;0.5;true;42;2;LR1_2_6_t1_40R_40V_02I_06M;/dados/rmelo/PDPTW-SE/benchmark_multi_island_v5/official_experiments/multistartlp/preliminar/set_01_pt_01/configs/genconfig_mslp.conf;genconfig_mslp;/dados/rmelo/PDPTW-SE/benchmark_multi_island_v5/official_experiments/multistartlp/preliminar/set_01_pt_01/logs/heur_mslp/gurobi/40R_40V_02I_06M/LR1_2_6_grb_genconfig_mslp_seed_59_alpha_15p.log;random;40R_40V_02I_06M;1;58299;1;/dados/rmelo/PDPTW-SE/benchmark_multi_island_v5/official_experiments/multistartlp/preliminar/set_01_pt_01/../../../../instances/orig_ams_fg/40R_40V_02I_06M/t1/LR1_2_6/;60000;16106;0;6532.68;81;41;H;50;95;0;100.0;30.0;true;0.95;100.0;1.0;1.0;1.0;1.0;60;M;1701;1701;false;72;0.96;213.59;0.99;36;10;1000000;-1;3600;4.87;0.75;0.64;mslp;heur;0.38;0.18;-1;3600;60000;I;40;1.0;0.3;LR1_2_6;0;/dados/rmelo/PDPTW-SE/benchmark_multi_island_v5/official_experiments/multistartlp/preliminar/set_01_pt_01/logs;0;0;0;97.16;100.0;1;59;/dados/rmelo/PDPTW-SE/benchmark_multi_island_v5/official_experiments/multistartlp/preliminar/set_01_pt_01/logs/heur_mslp/solutions/40R_40V_02I_06M/LR1_2_6_sol_genconfig_mslp_seed_59_alpha_15p.txt;Gurobi;AUTOMATIC;1.75961614782e9;_bash_3;_seed_59_alpha_15p;82.92;1;69.46;/dados/rmelo/PDPTW-SE/benchmark_multi_island_v5/official_experiments/multistartlp/preliminar/set_01_pt_01/logs/heur_mslp/timelines/40R_40V_02I_06M/LR1_2_6_timeline_genconfig_mslp_seed_59_alpha_15p.txt;259.19;t1;0;5669.53;false
0.15;0.01;0.02;0.03;0.0;0.01;15;/dados/rmelo/PDPTW-SE/benchmark_multi_island_v5/official_experiments/multistartlp/preliminar/set_01_pt_01/logs/heur_mslp/outputs/csvresults_heur_mslp_bash_3.csv;0;6;1;82;0;0.0;0.5;true;42;2;LR2_2_10_t2_40R_40V_02I_06M;/dados/rmelo/PDPTW-SE/benchmark_multi_island_v5/official_experiments/multistartlp/preliminar/set_01_pt_01/configs/genconfig_mslp.conf;genconfig_mslp;/dados/rmelo/PDPTW-SE/benchmark_multi_island_v5/official_experiments/multistartlp/preliminar/set_01_pt_01/logs/heur_mslp/gurobi/40R_40V_02I_06M/LR2_2_10_grb_genconfig_mslp_seed_59_alpha_15p.log;random;40R_40V_02I_06M;1;0;1;/dados/rmelo/PDPTW-SE/benchmark_multi_island_v5/official_experiments/multistartlp/preliminar/set_01_pt_01/../../../../instances/orig_ams_fg/40R_40V_02I_06M/t2/LR2_2_10/;60000;48903;0;8853.47;81;41;H;50;95;0;100.0;30.0;true;0.95;100.0;1.0;1.0;1.0;1.0;60;M;60000;60000;false;80;0.97;269.32;1.0;40;10;1000000;-1;3600;6.33;0.62;0.98;mslp;heur;0.4;0.94;-1;3600;60000;I;40;1.0;0.1;LR2_2_10;0;/dados/rmelo/PDPTW-SE/benchmark_multi_island_v5/official_experiments/multistartlp/preliminar/set_01_pt_01/logs;0;0;0;0.0;100.0;1;59;/dados/rmelo/PDPTW-SE/benchmark_multi_island_v5/official_experiments/multistartlp/preliminar/set_01_pt_01/logs/heur_mslp/solutions/40R_40V_02I_06M/LR2_2_10_sol_genconfig_mslp_seed_59_alpha_15p.txt;Gurobi;AUTOMATIC;1.75961642906e9;_bash_3;_seed_59_alpha_15p;3797.06;1;1170.68;/dados/rmelo/PDPTW-SE/benchmark_multi_island_v5/official_experiments/multistartlp/preliminar/set_01_pt_01/logs/heur_mslp/timelines/40R_40V_02I_06M/LR2_2_10_timeline_genconfig_mslp_seed_59_alpha_15p.txt;1436.74;t2;0;6329.03;false
0.15;0.01;0.03;0.03;0.0;0.0;8;/dados/rmelo/PDPTW-SE/benchmark_multi_island_v5/official_experiments/multistartlp/preliminar/set_01_pt_01/logs/heur_mslp/outputs/csvresults_heur_mslp_bash_3.csv;0;6;1;82;0;0.0;0.5;true;42;2;LR1_2_8_t1_40R_40V_02I_06M;/dados/rmelo/PDPTW-SE/benchmark_multi_island_v5/official_experiments/multistartlp/preliminar/set_01_pt_01/configs/genconfig_mslp.conf;genconfig_mslp;/dados/rmelo/PDPTW-SE/benchmark_multi_island_v5/official_experiments/multistartlp/preliminar/set_01_pt_01/logs/heur_mslp/gurobi/40R_40V_02I_06M/LR1_2_8_grb_genconfig_mslp_seed_59_alpha_15p.log;random;40R_40V_02I_06M;1;55556;1;/dados/rmelo/PDPTW-SE/benchmark_multi_island_v5/official_experiments/multistartlp/preliminar/set_01_pt_01/../../../../instances/orig_ams_fg/40R_40V_02I_06M/t1/LR1_2_8/;60000;11504;0;4984.73;81;41;H;50;95;0;100.0;30.0;true;0.95;100.0;1.0;1.0;1.0;1.0;60;M;4444;4444;false;86;1.0;260.25;1.0;43;10;1000000;-1;3600;1.85;0.71;0.57;mslp;heur;0.22;0.14;-1;3600;60000;I;40;1.0;0.2;LR1_2_8;0;/dados/rmelo/PDPTW-SE/benchmark_multi_island_v5/official_experiments/multistartlp/preliminar/set_01_pt_01/logs;0;0;0;92.59;100.0;1;59;/dados/rmelo/PDPTW-SE/benchmark_multi_island_v5/official_experiments/multistartlp/preliminar/set_01_pt_01/logs/heur_mslp/solutions/40R_40V_02I_06M/LR1_2_8_sol_genconfig_mslp_seed_59_alpha_15p.txt;Gurobi;AUTOMATIC;1.75961788686e9;_bash_3;_seed_59_alpha_15p;82.19;1;79.08;/dados/rmelo/PDPTW-SE/benchmark_multi_island_v5/official_experiments/multistartlp/preliminar/set_01_pt_01/logs/heur_mslp/timelines/40R_40V_02I_06M/LR1_2_8_timeline_genconfig_mslp_seed_59_alpha_15p.txt;412.48;t1;0;3879.98;false
0.15;0.01;0.02;0.03;0.0;0.01;15;/dados/rmelo/PDPTW-SE/benchmark_multi_island_v5/official_experiments/multistartlp/preliminar/set_01_pt_01/logs/heur_mslp/outputs/csvresults_heur_mslp_bash_3.csv;0;6;1;82;0;0.0;0.5;true;42;2;LR2_2_10_t2_40R_40V_02I_06M;/dados/rmelo/PDPTW-SE/benchmark_multi_island_v5/official_experiments/multistartlp/preliminar/set_01_pt_01/configs/genconfig_mslp.conf;genconfig_mslp;/dados/rmelo/PDPTW-SE/benchmark_multi_island_v5/official_experiments/multistartlp/preliminar/set_01_pt_01/logs/heur_mslp/gurobi/40R_40V_02I_06M/LR2_2_10_grb_genconfig_mslp_seed_59_alpha_15p.log;random;40R_40V_02I_06M;1;0;1;/dados/rmelo/PDPTW-SE/benchmark_multi_island_v5/official_experiments/multistartlp/preliminar/set_01_pt_01/../../../../instances/orig_ams_fg/40R_40V_02I_06M/t2/LR2_2_10/;60000;48903;0;8853.47;81;41;H;50;95;0;100.0;30.0;true;0.95;100.0;1.0;1.0;1.0;1.0;60;M;60000;60000;false;80;0.97;269.32;1.0;40;10;1000000;-1;3600;6.33;0.62;0.98;mslp;heur;0.4;0.94;-1;3600;60000;I;40;1.0;0.1;LR2_2_10;0;/dados/rmelo/PDPTW-SE/benchmark_multi_island_v5/official_experiments/multistartlp/preliminar/set_01_pt_01/logs;0;0;0;0.0;100.0;1;59;/dados/rmelo/PDPTW-SE/benchmark_multi_island_v5/official_experiments/multistartlp/preliminar/set_01_pt_01/logs/heur_mslp/solutions/40R_40V_02I_06M/LR2_2_10_sol_genconfig_mslp_seed_59_alpha_15p.txt;Gurobi;AUTOMATIC;1.75961832193e9;_bash_3;_seed_59_alpha_15p;3797.06;1;1177.23;/dados/rmelo/PDPTW-SE/benchmark_multi_island_v5/official_experiments/multistartlp/preliminar/set_01_pt_01/logs/heur_mslp/timelines/40R_40V_02I_06M/LR2_2_10_timeline_genconfig_mslp_seed_59_alpha_15p.txt;1443.01;t2;0;6329.03;false
0.15;0.05;0.11;0.17;0.01;0.02;11;/dados/rmelo/PDPTW-SE/benchmark_multi_island_v5/official_experiments/multistartlp/preliminar/set_01_pt_01/logs/heur_mslp/outputs/csvresults_heur_mslp_bash_3.csv;0;6;1;82;0;0.0;0.5;true;42;2;LR1_2_10_t1_40R_40V_04I_06M;/dados/rmelo/PDPTW-SE/benchmark_multi_island_v5/official_experiments/multistartlp/preliminar/set_01_pt_01/configs/genconfig_mslp.conf;genconfig_mslp;/dados/rmelo/PDPTW-SE/benchmark_multi_island_v5/official_experiments/multistartlp/preliminar/set_01_pt_01/logs/heur_mslp/gurobi/40R_40V_04I_06M/LR1_2_10_grb_genconfig_mslp_seed_59_alpha_15p.log;random;40R_40V_04I_06M;1;15127;1;/dados/rmelo/PDPTW-SE/benchmark_multi_island_v5/official_experiments/multistartlp/preliminar/set_01_pt_01/../../../../instances/orig_ams_fg/40R_40V_04I_06M/t1/LR1_2_10/;60000;53137;0;5167.09;81;41;H;50;95;0;100.0;30.0;true;0.95;100.0;1.0;1.0;1.0;1.0;60;M;44873;44873;false;72;0.86;175.77;0.92;36;10;1000000;-1;3600;6.32;0.67;0.67;mslp;heur;0.26;0.32;-1;3600;60000;I;40;1.0;0.25;LR1_2_10;0;/dados/rmelo/PDPTW-SE/benchmark_multi_island_v5/official_experiments/multistartlp/preliminar/set_01_pt_01/logs;0;0;0;25.21;100.0;1;59;/dados/rmelo/PDPTW-SE/benchmark_multi_island_v5/official_experiments/multistartlp/preliminar/set_01_pt_01/logs/heur_mslp/solutions/40R_40V_04I_06M/LR1_2_10_sol_genconfig_mslp_seed_59_alpha_15p.txt;Gurobi;AUTOMATIC;1.75961978699e9;_bash_3;_seed_59_alpha_15p;2836.73;1;863.29;/dados/rmelo/PDPTW-SE/benchmark_multi_island_v5/official_experiments/multistartlp/preliminar/set_01_pt_01/logs/heur_mslp/timelines/40R_40V_04I_06M/LR1_2_10_timeline_genconfig_mslp_seed_59_alpha_15p.txt;975.18;t1;0;4216.91;false
0.15;0.04;0.09;0.13;0.0;0.0;8;/dados/rmelo/PDPTW-SE/benchmark_multi_island_v5/official_experiments/multistartlp/preliminar/set_01_pt_01/logs/heur_mslp/outputs/csvresults_heur_mslp_bash_3.csv;0;6;1;82;0;0.0;0.5;true;42;2;LR2_2_7_t2_40R_40V_04I_06M;/dados/rmelo/PDPTW-SE/benchmark_multi_island_v5/official_experiments/multistartlp/preliminar/set_01_pt_01/configs/genconfig_mslp.conf;genconfig_mslp;/dados/rmelo/PDPTW-SE/benchmark_multi_island_v5/official_experiments/multistartlp/preliminar/set_01_pt_01/logs/heur_mslp/gurobi/40R_40V_04I_06M/LR2_2_7_grb_genconfig_mslp_seed_59_alpha_15p.log;random;40R_40V_04I_06M;1;0;1;/dados/rmelo/PDPTW-SE/benchmark_multi_island_v5/official_experiments/multistartlp/preliminar/set_01_pt_01/../../../../instances/orig_ams_fg/40R_40V_04I_06M/t2/LR2_2_7/;55970;45740;0;8170.45;81;41;H;50;95;0;100.0;30.0;true;0.95;100.0;1.0;1.0;1.0;1.0;60;M;55967;55970;false;78;0.88;185.38;1.0;39;10;1000000;-1;3600;2.63;0.74;0.97;mslp;heur;0.55;0.94;-1;3600;60000;I;40;0.83;0.08;LR2_2_7;0;/dados/rmelo/PDPTW-SE/benchmark_multi_island_v5/official_experiments/multistartlp/preliminar/set_01_pt_01/logs;0;0;0;0.0;99.99;1;59;/dados/rmelo/PDPTW-SE/benchmark_multi_island_v5/official_experiments/multistartlp/preliminar/set_01_pt_01/logs/heur_mslp/solutions/40R_40V_04I_06M/LR2_2_7_sol_genconfig_mslp_seed_59_alpha_15p.txt;Gurobi;AUTOMATIC;1.75962078429e9;_bash_3;_seed_59_alpha_15p;1469.96;1;2944.18;/dados/rmelo/PDPTW-SE/benchmark_multi_island_v5/official_experiments/multistartlp/preliminar/set_01_pt_01/logs/heur_mslp/timelines/40R_40V_04I_06M/LR2_2_7_timeline_genconfig_mslp_seed_59_alpha_15p.txt;3600.01;t2;0;5616.33;false
0.15;0.06;0.12;0.18;0.0;0.01;14;/dados/rmelo/PDPTW-SE/benchmark_multi_island_v5/official_experiments/multistartlp/preliminar/set_01_pt_01/logs/heur_mslp/outputs/csvresults_heur_mslp_bash_3.csv;0;6;1;82;0;0.0;0.5;true;42;2;LR1_2_8_t1_40R_40V_04I_06M;/dados/rmelo/PDPTW-SE/benchmark_multi_island_v5/official_experiments/multistartlp/preliminar/set_01_pt_01/configs/genconfig_mslp.conf;genconfig_mslp;/dados/rmelo/PDPTW-SE/benchmark_multi_island_v5/official_experiments/multistartlp/preliminar/set_01_pt_01/logs/heur_mslp/gurobi/40R_40V_04I_06M/LR1_2_8_grb_genconfig_mslp_seed_59_alpha_15p.log;random;40R_40V_04I_06M;1;16094;1;/dados/rmelo/PDPTW-SE/benchmark_multi_island_v5/official_experiments/multistartlp/preliminar/set_01_pt_01/../../../../instances/orig_ams_fg/40R_40V_04I_06M/t1/LR1_2_8/;60000;50886;0;4223.35;81;41;H;50;95;0;100.0;30.0;true;0.95;100.0;1.0;1.0;1.0;1.0;60;M;43899;43906;false;86;1.0;175.25;0.97;43;10;1000000;-1;3600;2.61;0.89;0.72;mslp;heur;0.67;0.51;-1;3600;60000;I;40;1.0;0.15;LR1_2_8;0;/dados/rmelo/PDPTW-SE/benchmark_multi_island_v5/official_experiments/multistartlp/preliminar/set_01_pt_01/logs;0;0;0;26.82;99.98;1;59;/dados/rmelo/PDPTW-SE/benchmark_multi_island_v5/official_experiments/multistartlp/preliminar/set_01_pt_01/logs/heur_mslp/solutions/40R_40V_04I_06M/LR1_2_8_sol_genconfig_mslp_seed_59_alpha_15p.txt;Gurobi;AUTOMATIC;1.75962440593e9;_bash_3;_seed_59_alpha_15p;1147.31;1;1491.06;/dados/rmelo/PDPTW-SE/benchmark_multi_island_v5/official_experiments/multistartlp/preliminar/set_01_pt_01/logs/heur_mslp/timelines/40R_40V_04I_06M/LR1_2_8_timeline_genconfig_mslp_seed_59_alpha_15p.txt;1759.78;t1;0;3377.58;false
0.15;0.03;0.07;0.1;0.01;0.02;12;/dados/rmelo/PDPTW-SE/benchmark_multi_island_v5/official_experiments/multistartlp/preliminar/set_01_pt_01/logs/heur_mslp/outputs/csvresults_heur_mslp_bash_3.csv;0;6;1;82;0;0.0;0.5;true;42;2;LR2_2_6_t2_40R_40V_04I_06M;/dados/rmelo/PDPTW-SE/benchmark_multi_island_v5/official_experiments/multistartlp/preliminar/set_01_pt_01/configs/genconfig_mslp.conf;genconfig_mslp;/dados/rmelo/PDPTW-SE/benchmark_multi_island_v5/official_experiments/multistartlp/preliminar/set_01_pt_01/logs/heur_mslp/gurobi/40R_40V_04I_06M/LR2_2_6_grb_genconfig_mslp_seed_59_alpha_15p.log;random;40R_40V_04I_06M;1;0;1;/dados/rmelo/PDPTW-SE/benchmark_multi_island_v5/official_experiments/multistartlp/preliminar/set_01_pt_01/../../../../instances/orig_ams_fg/40R_40V_04I_06M/t2/LR2_2_6/;60000;13850;0;10274.12;81;41;H;50;95;0;100.0;30.0;true;0.95;100.0;1.0;1.0;1.0;1.0;60;M;60000;60000;false;80;0.85;181.23;1.0;40;10;1000000;-1;3600;4.44;0.6;0.81;mslp;heur;0.06;0.28;-1;3600;60000;I;40;1.0;0.1;LR2_2_6;0;/dados/rmelo/PDPTW-SE/benchmark_multi_island_v5/official_experiments/multistartlp/preliminar/set_01_pt_01/logs;0;0;0;0.0;100.0;1;59;/dados/rmelo/PDPTW-SE/benchmark_multi_island_v5/official_experiments/multistartlp/preliminar/set_01_pt_01/logs/heur_mslp/solutions/40R_40V_04I_06M/LR2_2_6_sol_genconfig_mslp_seed_59_alpha_15p.txt;Gurobi;AUTOMATIC;1.75962618732e9;_bash_3;_seed_59_alpha_15p;2666.14;1;705.02;/dados/rmelo/PDPTW-SE/benchmark_multi_island_v5/official_experiments/multistartlp/preliminar/set_01_pt_01/logs/heur_mslp/timelines/40R_40V_04I_06M/LR2_2_6_timeline_genconfig_mslp_seed_59_alpha_15p.txt;3051.44;t2;0;6115.24;false
0.15;0.04;0.08;0.12;0.0;0.05;1;/dados/rmelo/PDPTW-SE/benchmark_multi_island_v5/official_experiments/multistartlp/preliminar/set_01_pt_01/logs/heur_mslp/outputs/csvresults_heur_mslp_bash_3.csv;0;6;1;122;0;0.0;0.5;true;62;2;LR1_2_6_t1_60R_60V_02I_06M;/dados/rmelo/PDPTW-SE/benchmark_multi_island_v5/official_experiments/multistartlp/preliminar/set_01_pt_01/configs/genconfig_mslp.conf;genconfig_mslp;/dados/rmelo/PDPTW-SE/benchmark_multi_island_v5/official_experiments/multistartlp/preliminar/set_01_pt_01/logs/heur_mslp/gurobi/60R_60V_02I_06M/LR1_2_6_grb_genconfig_mslp_seed_59_alpha_15p.log;random;60R_60V_02I_06M;1;59999;1;/dados/rmelo/PDPTW-SE/benchmark_multi_island_v5/official_experiments/multistartlp/preliminar/set_01_pt_01/../../../../instances/orig_ams_fg/60R_60V_02I_06M/t1/LR1_2_6/;60000;1;0;10597.13;121;61;H;50;95;0;100.0;30.0;true;0.95;100.0;1.0;1.0;1.0;1.0;60;M;1;1;false;82;0.96;277.16;1.0;41;10;1000000;-1;3600;2.74;0.68;0.54;mslp;heur;0.44;0.11;-1;3600;60000;I;60;1.0;0.35;LR1_2_6;0;/dados/rmelo/PDPTW-SE/benchmark_multi_island_v5/official_experiments/multistartlp/preliminar/set_01_pt_01/logs;0;0;0;100.0;100.0;1;59;/dados/rmelo/PDPTW-SE/benchmark_multi_island_v5/official_experiments/multistartlp/preliminar/set_01_pt_01/logs/heur_mslp/solutions/60R_60V_02I_06M/LR1_2_6_sol_genconfig_mslp_seed_59_alpha_15p.txt;Gurobi;AUTOMATIC;1.75962926046e9;_bash_3;_seed_59_alpha_15p;0.03;1;0.03;/dados/rmelo/PDPTW-SE/benchmark_multi_island_v5/official_experiments/multistartlp/preliminar/set_01_pt_01/logs/heur_mslp/timelines/60R_60V_02I_06M/LR1_2_6_timeline_genconfig_mslp_seed_59_alpha_15p.txt;216.05;t1;0;10306.72;false
0.15;0.01;0.02;0.02;0.0;0.01;5;/dados/rmelo/PDPTW-SE/benchmark_multi_island_v5/official_experiments/multistartlp/preliminar/set_01_pt_01/logs/heur_mslp/outputs/csvresults_heur_mslp_bash_3.csv;0;6;1;122;0;0.0;0.5;true;62;2;LR2_2_8_t2_60R_60V_02I_06M;/dados/rmelo/PDPTW-SE/benchmark_multi_island_v5/official_experiments/multistartlp/preliminar/set_01_pt_01/configs/genconfig_mslp.conf;genconfig_mslp;/dados/rmelo/PDPTW-SE/benchmark_multi_island_v5/official_experiments/multistartlp/preliminar/set_01_pt_01/logs/heur_mslp/gurobi/60R_60V_02I_06M/LR2_2_8_grb_genconfig_mslp_seed_59_alpha_15p.log;random;60R_60V_02I_06M;1;0;1;/dados/rmelo/PDPTW-SE/benchmark_multi_island_v5/official_experiments/multistartlp/preliminar/set_01_pt_01/../../../../instances/orig_ams_fg/60R_60V_02I_06M/t2/LR2_2_8/;33757;26987;0;9549.34;121;61;H;50;95;0;100.0;30.0;true;0.95;100.0;1.0;1.0;1.0;1.0;60;M;33586;33757;false;80;0.87;227.5;1.0;40;10;1000000;-1;3600;1.57;0.69;1.0;mslp;heur;0.27;0.99;-1;3600;60000;I;60;0.33;0.07;LR2_2_8;0;/dados/rmelo/PDPTW-SE/benchmark_multi_island_v5/official_experiments/multistartlp/preliminar/set_01_pt_01/logs;0;0;0;0.0;99.49;1;59;/dados/rmelo/PDPTW-SE/benchmark_multi_island_v5/official_experiments/multistartlp/preliminar/set_01_pt_01/logs/heur_mslp/solutions/60R_60V_02I_06M/LR2_2_8_sol_genconfig_mslp_seed_59_alpha_15p.txt;Gurobi;AUTOMATIC;1.75962949796e9;_bash_3;_seed_59_alpha_15p;529.43;1;2876.1;/dados/rmelo/PDPTW-SE/benchmark_multi_island_v5/official_experiments/multistartlp/preliminar/set_01_pt_01/logs/heur_mslp/timelines/60R_60V_02I_06M/LR2_2_8_timeline_genconfig_mslp_seed_59_alpha_15p.txt;3600.08;t2;0;7002.03;false
0.15;0.03;0.05;0.08;0.0;0.05;11;/dados/rmelo/PDPTW-SE/benchmark_multi_island_v5/official_experiments/multistartlp/preliminar/set_01_pt_01/logs/heur_mslp/outputs/csvresults_heur_mslp_bash_3.csv;0;6;1;122;0;0.0;0.5;true;62;2;LR1_2_9_t1_60R_60V_02I_06M;/dados/rmelo/PDPTW-SE/benchmark_multi_island_v5/official_experiments/multistartlp/preliminar/set_01_pt_01/configs/genconfig_mslp.conf;genconfig_mslp;/dados/rmelo/PDPTW-SE/benchmark_multi_island_v5/official_experiments/multistartlp/preliminar/set_01_pt_01/logs/heur_mslp/gurobi/60R_60V_02I_06M/LR1_2_9_grb_genconfig_mslp_seed_59_alpha_15p.log;random;60R_60V_02I_06M;1;23897;1;/dados/rmelo/PDPTW-SE/benchmark_multi_island_v5/official_experiments/multistartlp/preliminar/set_01_pt_01/../../../../instances/orig_ams_fg/60R_60V_02I_06M/t1/LR1_2_9/;60000;2658;0;8138.17;121;61;H;50;95;0;100.0;30.0;true;0.95;100.0;1.0;1.0;1.0;1.0;60;M;36103;36103;false;86;0.92;182.58;0.99;43;10;1000000;-1;3600;6.3;0.7;0.69;mslp;heur;0.3;0.07;-1;3600;60000;I;60;0.83;0.25;LR1_2_9;0;/dados/rmelo/PDPTW-SE/benchmark_multi_island_v5/official_experiments/multistartlp/preliminar/set_01_pt_01/logs;0;0;0;39.83;100.0;1;59;/dados/rmelo/PDPTW-SE/benchmark_multi_island_v5/official_experiments/multistartlp/preliminar/set_01_pt_01/logs/heur_mslp/solutions/60R_60V_02I_06M/LR1_2_9_sol_genconfig_mslp_seed_59_alpha_15p.txt;Gurobi;AUTOMATIC;1.75963311917e9;_bash_3;_seed_59_alpha_15p;2274.87;1;55.67;/dados/rmelo/PDPTW-SE/benchmark_multi_island_v5/official_experiments/multistartlp/preliminar/set_01_pt_01/logs/heur_mslp/timelines/60R_60V_02I_06M/LR1_2_9_timeline_genconfig_mslp_seed_59_alpha_15p.txt;1247.46;t1;0;6660.72;false
0.15;0.01;0.02;0.03;0.02;0.09;5;/dados/rmelo/PDPTW-SE/benchmark_multi_island_v5/official_experiments/multistartlp/preliminar/set_01_pt_01/logs/heur_mslp/outputs/csvresults_heur_mslp_bash_3.csv;0;6;1;122;0;0.0;0.5;true;62;2;LR2_2_10_t2_60R_60V_02I_06M;/dados/rmelo/PDPTW-SE/benchmark_multi_island_v5/official_experiments/multistartlp/preliminar/set_01_pt_01/configs/genconfig_mslp.conf;genconfig_mslp;/dados/rmelo/PDPTW-SE/benchmark_multi_island_v5/official_experiments/multistartlp/preliminar/set_01_pt_01/logs/heur_mslp/gurobi/60R_60V_02I_06M/LR2_2_10_grb_genconfig_mslp_seed_59_alpha_15p.log;random;60R_60V_02I_06M;1;0;1;/dados/rmelo/PDPTW-SE/benchmark_multi_island_v5/official_experiments/multistartlp/preliminar/set_01_pt_01/../../../../instances/orig_ams_fg/60R_60V_02I_06M/t2/LR2_2_10/;60000;17196;0;14143.53;121;61;H;50;95;0;100.0;30.0;true;0.95;100.0;1.0;1.0;1.0;1.0;60;M;60000;60000;false;80;0.91;300.67;1.0;40;10;1000000;-1;3600;7.06;0.72;0.96;mslp;heur;0.45;0.89;-1;3600;60000;I;60;0.83;0.1;LR2_2_10;0;/dados/rmelo/PDPTW-SE/benchmark_multi_island_v5/official_experiments/multistartlp/preliminar/set_01_pt_01/logs;0;0;0;0.0;100.0;1;59;/dados/rmelo/PDPTW-SE/benchmark_multi_island_v5/official_experiments/multistartlp/preliminar/set_01_pt_01/logs/heur_mslp/solutions/60R_60V_02I_06M/LR2_2_10_sol_genconfig_mslp_seed_59_alpha_15p.txt;Gurobi;AUTOMATIC;1.75963438906e9;_bash_3;_seed_59_alpha_15p;4237.89;1;856.23;/dados/rmelo/PDPTW-SE/benchmark_multi_island_v5/official_experiments/multistartlp/preliminar/set_01_pt_01/logs/heur_mslp/timelines/60R_60V_02I_06M/LR2_2_10_timeline_genconfig_mslp_seed_59_alpha_15p.txt;2964.12;t2;0;10952.74;false
0.15;0.09;0.12;0.21;0.02;0.27;0;/dados/rmelo/PDPTW-SE/benchmark_multi_island_v5/official_experiments/multistartlp/preliminar/set_01_pt_01/logs/heur_mslp/outputs/csvresults_heur_mslp_bash_3.csv;0;6;1;122;0;0.0;0.5;false;62;2;LR1_2_6_t1_60R_60V_04I_06M;/dados/rmelo/PDPTW-SE/benchmark_multi_island_v5/official_experiments/multistartlp/preliminar/set_01_pt_01/configs/genconfig_mslp.conf;genconfig_mslp;/dados/rmelo/PDPTW-SE/benchmark_multi_island_v5/official_experiments/multistartlp/preliminar/set_01_pt_01/logs/heur_mslp/gurobi/60R_60V_04I_06M/LR1_2_6_grb_genconfig_mslp_seed_59_alpha_15p.log;random;60R_60V_04I_06M;1;60000;1;/dados/rmelo/PDPTW-SE/benchmark_multi_island_v5/official_experiments/multistartlp/preliminar/set_01_pt_01/../../../../instances/orig_ams_fg/60R_60V_04I_06M/t1/LR1_2_6/;60000;0;0;0.0;121;61;H;50;95;0;100.0;30.0;true;0.95;100.0;1.0;1.0;1.0;1.0;60;M;0;0;false;82;0.96;184.15;0.96;41;10;1000000;-1;3600;0.0;0.62;0.59;mslp;heur;0.45;0.33;-1;3600;60000;I;60;1.0;0.25;LR1_2_6;0;/dados/rmelo/PDPTW-SE/benchmark_multi_island_v5/official_experiments/multistartlp/preliminar/set_01_pt_01/logs;0;0;0;100.0;0.0;1;59;/dados/rmelo/PDPTW-SE/benchmark_multi_island_v5/official_experiments/multistartlp/preliminar/set_01_pt_01/logs/heur_mslp/solutions/60R_60V_04I_06M/LR1_2_6_sol_genconfig_mslp_seed_59_alpha_15p.txt;Gurobi;AUTOMATIC;1.75963737532e9;_bash_3;_seed_59_alpha_15p;0.0;1;0.0;/dados/rmelo/PDPTW-SE/benchmark_multi_island_v5/official_experiments/multistartlp/preliminar/set_01_pt_01/logs/heur_mslp/timelines/60R_60V_04I_06M/LR1_2_6_timeline_genconfig_mslp_seed_59_alpha_15p.txt;526.26;t1;0;Inf;false
0.15;0.03;0.05;0.08;0.0;0.0;2;/dados/rmelo/PDPTW-SE/benchmark_multi_island_v5/official_experiments/multistartlp/preliminar/set_01_pt_01/logs/heur_mslp/outputs/csvresults_heur_mslp_bash_3.csv;0;6;1;122;0;0.0;0.5;true;62;2;LR2_2_8_t2_60R_60V_04I_06M;/dados/rmelo/PDPTW-SE/benchmark_multi_island_v5/official_experiments/multistartlp/preliminar/set_01_pt_01/configs/genconfig_mslp.conf;genconfig_mslp;/dados/rmelo/PDPTW-SE/benchmark_multi_island_v5/official_experiments/multistartlp/preliminar/set_01_pt_01/logs/heur_mslp/gurobi/60R_60V_04I_06M/LR2_2_8_grb_genconfig_mslp_seed_59_alpha_15p.log;random;60R_60V_04I_06M;1;0;1;/dados/rmelo/PDPTW-SE/benchmark_multi_island_v5/official_experiments/multistartlp/preliminar/set_01_pt_01/../../../../instances/orig_ams_fg/60R_60V_04I_06M/t2/LR2_2_8/;18378;11511;0;8329.06;121;61;H;50;95;0;100.0;30.0;true;0.95;100.0;1.0;1.0;1.0;1.0;60;M;18298;18378;false;80;0.99;181.1;1.0;40;10;1000000;-1;3600;1.15;0.58;0.83;mslp;heur;0.06;0.35;-1;3600;60000;I;60;1.0;0.08;LR2_2_8;0;/dados/rmelo/PDPTW-SE/benchmark_multi_island_v5/official_experiments/multistartlp/preliminar/set_01_pt_01/logs;0;0;0;0.0;99.56;1;59;/dados/rmelo/PDPTW-SE/benchmark_multi_island_v5/official_experiments/multistartlp/preliminar/set_01_pt_01/logs/heur_mslp/solutions/60R_60V_04I_06M/LR2_2_8_sol_genconfig_mslp_seed_59_alpha_15p.txt;Gurobi;AUTOMATIC;1.75963792254e9;_bash_3;_seed_59_alpha_15p;210.57;1;2260.85;/dados/rmelo/PDPTW-SE/benchmark_multi_island_v5/official_experiments/multistartlp/preliminar/set_01_pt_01/logs/heur_mslp/timelines/60R_60V_04I_06M/LR2_2_8_timeline_genconfig_mslp_seed_59_alpha_15p.txt;3600.08;t2;0;7377.0;false
0.15;0.11;0.17;0.27;0.01;0.09;6;/dados/rmelo/PDPTW-SE/benchmark_multi_island_v5/official_experiments/multistartlp/preliminar/set_01_pt_01/logs/heur_mslp/outputs/csvresults_heur_mslp_bash_3.csv;0;6;1;122;0;0.0;0.5;true;62;2;LR1_2_9_t1_60R_60V_04I_06M;/dados/rmelo/PDPTW-SE/benchmark_multi_island_v5/official_experiments/multistartlp/preliminar/set_01_pt_01/configs/genconfig_mslp.conf;genconfig_mslp;/dados/rmelo/PDPTW-SE/benchmark_multi_island_v5/official_experiments/multistartlp/preliminar/set_01_pt_01/logs/heur_mslp/gurobi/60R_60V_04I_06M/LR1_2_9_grb_genconfig_mslp_seed_59_alpha_15p.log;random;60R_60V_04I_06M;1;59459;1;/dados/rmelo/PDPTW-SE/benchmark_multi_island_v5/official_experiments/multistartlp/preliminar/set_01_pt_01/../../../../instances/orig_ams_fg/60R_60V_04I_06M/t1/LR1_2_9/;60000;15087;0;8755.62;121;61;H;50;95;0;100.0;30.0;true;0.95;100.0;1.0;1.0;1.0;1.0;60;M;541;541;false;86;0.96;181.44;0.98;43;10;1000000;-1;3600;6.92;0.75;0.79;mslp;heur;0.41;0.51;-1;3600;60000;I;60;1.0;0.25;LR1_2_9;0;/dados/rmelo/PDPTW-SE/benchmark_multi_island_v5/official_experiments/multistartlp/preliminar/set_01_pt_01/logs;0;0;0;99.1;100.0;1;59;/dados/rmelo/PDPTW-SE/benchmark_multi_island_v5/official_experiments/multistartlp/preliminar/set_01_pt_01/logs/heur_mslp/solutions/60R_60V_04I_06M/LR1_2_9_sol_genconfig_mslp_seed_59_alpha_15p.txt;Gurobi;AUTOMATIC;1.75964154421e9;_bash_3;_seed_59_alpha_15p;37.42;1;171.43;/dados/rmelo/PDPTW-SE/benchmark_multi_island_v5/official_experiments/multistartlp/preliminar/set_01_pt_01/logs/heur_mslp/timelines/60R_60V_04I_06M/LR1_2_9_timeline_genconfig_mslp_seed_59_alpha_15p.txt;679.7;t1;0;7158.93;false
0.15;0.03;0.05;0.08;0.0;0.0;2;/dados/rmelo/PDPTW-SE/benchmark_multi_island_v5/official_experiments/multistartlp/preliminar/set_01_pt_01/logs/heur_mslp/outputs/csvresults_heur_mslp_bash_3.csv;0;6;1;122;0;0.0;0.5;true;62;2;LR2_2_8_t2_60R_60V_04I_06M;/dados/rmelo/PDPTW-SE/benchmark_multi_island_v5/official_experiments/multistartlp/preliminar/set_01_pt_01/configs/genconfig_mslp.conf;genconfig_mslp;/dados/rmelo/PDPTW-SE/benchmark_multi_island_v5/official_experiments/multistartlp/preliminar/set_01_pt_01/logs/heur_mslp/gurobi/60R_60V_04I_06M/LR2_2_8_grb_genconfig_mslp_seed_59_alpha_15p.log;random;60R_60V_04I_06M;1;0;1;/dados/rmelo/PDPTW-SE/benchmark_multi_island_v5/official_experiments/multistartlp/preliminar/set_01_pt_01/../../../../instances/orig_ams_fg/60R_60V_04I_06M/t2/LR2_2_8/;18394;11511;0;10080.01;121;61;H;50;95;0;100.0;30.0;true;0.95;100.0;1.0;1.0;1.0;1.0;60;M;18314;18394;false;80;0.99;181.1;1.0;40;10;1000000;-1;3600;1.15;0.58;0.83;mslp;heur;0.06;0.35;-1;3600;60000;I;60;1.0;0.08;LR2_2_8;0;/dados/rmelo/PDPTW-SE/benchmark_multi_island_v5/official_experiments/multistartlp/preliminar/set_01_pt_01/logs;0;0;0;0.0;99.57;1;59;/dados/rmelo/PDPTW-SE/benchmark_multi_island_v5/official_experiments/multistartlp/preliminar/set_01_pt_01/logs/heur_mslp/solutions/60R_60V_04I_06M/LR2_2_8_sol_genconfig_mslp_seed_59_alpha_15p.txt;Gurobi;AUTOMATIC;1.75964224608e9;_bash_3;_seed_59_alpha_15p;210.85;1;2259.79;/dados/rmelo/PDPTW-SE/benchmark_multi_island_v5/official_experiments/multistartlp/preliminar/set_01_pt_01/logs/heur_mslp/timelines/60R_60V_04I_06M/LR2_2_8_timeline_genconfig_mslp_seed_59_alpha_15p.txt;3600.0;t2;0;7377.0;false
0.15;0.0;0.12;0.12;0.0;0.0;4;/dados/rmelo/PDPTW-SE/benchmark_multi_island_v5/official_experiments/multistartlp/preliminar/set_01_pt_01/logs/heur_mslp/outputs/csvresults_heur_mslp_bash_3.csv;0;4;1;18;0;0.0;0.5;true;10;2;lr109_t1_08R_08V_02I_04M;/dados/rmelo/PDPTW-SE/benchmark_multi_island_v5/official_experiments/multistartlp/preliminar/set_01_pt_01/configs/genconfig_mslp.conf;genconfig_mslp;/dados/rmelo/PDPTW-SE/benchmark_multi_island_v5/official_experiments/multistartlp/preliminar/set_01_pt_01/logs/heur_mslp/gurobi/08R_08V_02I_04M/lr109_grb_genconfig_mslp_seed_66_alpha_15p.log;random;08R_08V_02I_04M;1;0;1;/dados/rmelo/PDPTW-SE/benchmark_multi_island_v5/official_experiments/multistartlp/preliminar/set_01_pt_01/../../../../instances/orig_ams_fg/08R_08V_02I_04M/t1/lr109/;60000;30;0;583.46;17;9;H;50;95;0;100.0;30.0;true;0.95;100.0;1.0;1.0;1.0;1.0;60;M;60000;60000;false;52;0.91;78.96;0.6;26;10;1000000;-1;3600;9.41;0.77;0.45;mslp;heur;0.59;0.23;-1;3600;60000;I;8;0.5;0.38;lr109;0;/dados/rmelo/PDPTW-SE/benchmark_multi_island_v5/official_experiments/multistartlp/preliminar/set_01_pt_01/logs;0;0;0;0.0;100.0;1;66;/dados/rmelo/PDPTW-SE/benchmark_multi_island_v5/official_experiments/multistartlp/preliminar/set_01_pt_01/logs/heur_mslp/solutions/08R_08V_02I_04M/lr109_sol_genconfig_mslp_seed_66_alpha_15p.txt;Gurobi;AUTOMATIC;1.75964586703e9;_bash_3;_seed_66_alpha_15p;5648.9;1;0.34;/dados/rmelo/PDPTW-SE/benchmark_multi_island_v5/official_experiments/multistartlp/preliminar/set_01_pt_01/logs/heur_mslp/timelines/08R_08V_02I_04M/lr109_timeline_genconfig_mslp_seed_66_alpha_15p.txt;125.29;t1;0;533.17;false
0.15;0.0;0.02;0.02;0.0;0.0;9;/dados/rmelo/PDPTW-SE/benchmark_multi_island_v5/official_experiments/multistartlp/preliminar/set_01_pt_01/logs/heur_mslp/outputs/csvresults_heur_mslp_bash_3.csv;0;4;1;18;0;0.0;0.5;true;10;2;lr209_t2_08R_08V_02I_04M;/dados/rmelo/PDPTW-SE/benchmark_multi_island_v5/official_experiments/multistartlp/preliminar/set_01_pt_01/configs/genconfig_mslp.conf;genconfig_mslp;/dados/rmelo/PDPTW-SE/benchmark_multi_island_v5/official_experiments/multistartlp/preliminar/set_01_pt_01/logs/heur_mslp/gurobi/08R_08V_02I_04M/lr209_grb_genconfig_mslp_seed_66_alpha_15p.log;random;08R_08V_02I_04M;1;0;1;/dados/rmelo/PDPTW-SE/benchmark_multi_island_v5/official_experiments/multistartlp/preliminar/set_01_pt_01/../../../../instances/orig_ams_fg/08R_08V_02I_04M/t2/lr209/;60000;33719;0;1357.42;17;9;H;50;95;0;100.0;30.0;true;0.95;100.0;1.0;1.0;1.0;1.0;60;M;59040;60000;false;46;0.56;77.81;0.82;23;10;1000000;-1;3600;20.71;0.56;0.82;mslp;heur;0.56;0.82;-1;3600;60000;I;8;0.75;0.12;lr209;0;/dados/rmelo/PDPTW-SE/benchmark_multi_island_v5/official_experiments/multistartlp/preliminar/set_01_pt_01/logs;0;0;0;0.0;98.4;1;66;/dados/rmelo/PDPTW-SE/benchmark_multi_island_v5/official_experiments/multistartlp/preliminar/set_01_pt_01/logs/heur_mslp/solutions/08R_08V_02I_04M/lr209_sol_genconfig_mslp_seed_66_alpha_15p.txt;Gurobi;AUTOMATIC;1.7596460132e9;_bash_3;_seed_66_alpha_15p;12426.66;1;81.72;/dados/rmelo/PDPTW-SE/benchmark_multi_island_v5/official_experiments/multistartlp/preliminar/set_01_pt_01/logs/heur_mslp/timelines/08R_08V_02I_04M/lr209_timeline_genconfig_mslp_seed_66_alpha_15p.txt;145.27;t2;0;562.22;false
0.15;0.0;0.24;0.24;0.0;0.01;6;/dados/rmelo/PDPTW-SE/benchmark_multi_island_v5/official_experiments/multistartlp/preliminar/set_01_pt_01/logs/heur_mslp/outputs/csvresults_heur_mslp_bash_3.csv;0;4;1;18;0;0.0;0.5;true;10;2;lr106_t1_08R_08V_02I_04M;/dados/rmelo/PDPTW-SE/benchmark_multi_island_v5/official_experiments/multistartlp/preliminar/set_01_pt_01/configs/genconfig_mslp.conf;genconfig_mslp;/dados/rmelo/PDPTW-SE/benchmark_multi_island_v5/official_experiments/multistartlp/preliminar/set_01_pt_01/logs/heur_mslp/gurobi/08R_08V_02I_04M/lr106_grb_genconfig_mslp_seed_66_alpha_15p.log;random;08R_08V_02I_04M;1;0;1;/dados/rmelo/PDPTW-SE/benchmark_multi_island_v5/official_experiments/multistartlp/preliminar/set_01_pt_01/../../../../instances/orig_ams_fg/08R_08V_02I_04M/t1/lr106/;60000;14;0;920.13;17;9;H;50;95;0;100.0;30.0;true;0.95;100.0;1.0;1.0;1.0;1.0;60;M;60000;60000;false;52;0.83;104.47;0.85;26;10;1000000;-1;3600;18.78;0.62;0.53;mslp;heur;0.45;0.21;-1;3600;60000;I;8;0.25;0.5;lr106;0;/dados/rmelo/PDPTW-SE/benchmark_multi_island_v5/official_experiments/multistartlp/preliminar/set_01_pt_01/logs;0;0;0;0.0;100.0;1;66;/dados/rmelo/PDPTW-SE/benchmark_multi_island_v5/official_experiments/multistartlp/preliminar/set_01_pt_01/logs/heur_mslp/solutions/08R_08V_02I_04M/lr106_sol_genconfig_mslp_seed_66_alpha_15p.txt;Gurobi;AUTOMATIC;1.7596461795e9;_bash_3;_seed_66_alpha_15p;11266.31;1;0.31;/dados/rmelo/PDPTW-SE/benchmark_multi_island_v5/official_experiments/multistartlp/preliminar/set_01_pt_01/logs/heur_mslp/timelines/08R_08V_02I_04M/lr106_timeline_genconfig_mslp_seed_66_alpha_15p.txt;116.15;t1;0;602.78;false
0.15;0.01;0.01;0.02;0.0;0.0;11;/dados/rmelo/PDPTW-SE/benchmark_multi_island_v5/official_experiments/multistartlp/preliminar/set_01_pt_01/logs/heur_mslp/outputs/csvresults_heur_mslp_bash_3.csv;0;4;1;18;0;0.0;0.5;true;10;2;lr208_t2_08R_08V_02I_04M;/dados/rmelo/PDPTW-SE/benchmark_multi_island_v5/official_experiments/multistartlp/preliminar/set_01_pt_01/configs/genconfig_mslp.conf;genconfig_mslp;/dados/rmelo/PDPTW-SE/benchmark_multi_island_v5/official_experiments/multistartlp/preliminar/set_01_pt_01/logs/heur_mslp/gurobi/08R_08V_02I_04M/lr208_grb_genconfig_mslp_seed_66_alpha_15p.log;random;08R_08V_02I_04M;1;0;1;/dados/rmelo/PDPTW-SE/benchmark_multi_island_v5/official_experiments/multistartlp/preliminar/set_01_pt_01/../../../../instances/orig_ams_fg/08R_08V_02I_04M/t2/lr208/;60000;22441;0;735.62;17;9;H;50;95;0;100.0;30.0;true;0.95;100.0;1.0;1.0;1.0;1.0;60;M;46366;60000;false;38;0.56;75.47;0.97;19;10;1000000;-1;3600;4.8;0.56;0.97;mslp;heur;0.56;0.97;-1;3600;60000;I;8;0.75;0.12;lr208;0;/dados/rmelo/PDPTW-SE/benchmark_multi_island_v5/official_experiments/multistartlp/preliminar/set_01_pt_01/logs;0;0;0;0.0;77.28;1;66;/dados/rmelo/PDPTW-SE/benchmark_multi_island_v5/official_experiments/multistartlp/preliminar/set_01_pt_01/logs/heur_mslp/solutions/08R_08V_02I_04M/lr208_sol_genconfig_mslp_seed_66_alpha_15p.txt;Gurobi;AUTOMATIC;1.75964631745e9;_bash_3;_seed_66_alpha_15p;2881.31;1;63.23;/dados/rmelo/PDPTW-SE/benchmark_multi_island_v5/official_experiments/multistartlp/preliminar/set_01_pt_01/logs/heur_mslp/timelines/08R_08V_02I_04M/lr208_timeline_genconfig_mslp_seed_66_alpha_15p.txt;167.5;t2;0;557.63;false
0.15;0.03;0.21;0.25;0.0;0.0;4;/dados/rmelo/PDPTW-SE/benchmark_multi_island_v5/official_experiments/multistartlp/preliminar/set_01_pt_01/logs/heur_mslp/outputs/csvresults_heur_mslp_bash_3.csv;0;4;1;18;0;0.0;0.5;true;10;2;lr110_t1_08R_08V_04I_04M;/dados/rmelo/PDPTW-SE/benchmark_multi_island_v5/official_experiments/multistartlp/preliminar/set_01_pt_01/configs/genconfig_mslp.conf;genconfig_mslp;/dados/rmelo/PDPTW-SE/benchmark_multi_island_v5/official_experiments/multistartlp/preliminar/set_01_pt_01/logs/heur_mslp/gurobi/08R_08V_04I_04M/lr110_grb_genconfig_mslp_seed_66_alpha_15p.log;random;08R_08V_04I_04M;1;3819;1;/dados/rmelo/PDPTW-SE/benchmark_multi_island_v5/official_experiments/multistartlp/preliminar/set_01_pt_01/../../../../instances/orig_ams_fg/08R_08V_04I_04M/t1/lr110/;60000;31669;0;784.76;17;9;H;50;95;0;100.0;30.0;true;0.95;100.0;1.0;1.0;1.0;1.0;60;M;56181;56181;false;52;0.89;73.36;0.82;26;10;1000000;-1;3600;8.29;0.58;0.49;mslp;heur;0.35;0.12;-1;3600;60000;I;8;1.0;0.62;lr110;0;/dados/rmelo/PDPTW-SE/benchmark_multi_island_v5/official_experiments/multistartlp/preliminar/set_01_pt_01/logs;0;0;0;6.36;100.0;1;66;/dados/rmelo/PDPTW-SE/benchmark_multi_island_v5/official_experiments/multistartlp/preliminar/set_01_pt_01/logs/heur_mslp/solutions/08R_08V_04I_04M/lr110_sol_genconfig_mslp_seed_66_alpha_15p.txt;Gurobi;AUTOMATIC;1.75964650686e9;_bash_3;_seed_66_alpha_15p;4658.99;1;74.68;/dados/rmelo/PDPTW-SE/benchmark_multi_island_v5/official_experiments/multistartlp/preliminar/set_01_pt_01/logs/heur_mslp/timelines/08R_08V_04I_04M/lr110_timeline_genconfig_mslp_seed_66_alpha_15p.txt;139.77;t1;0;672.57;false
0.15;0.04;0.06;0.09;0.0;0.0;11;/dados/rmelo/PDPTW-SE/benchmark_multi_island_v5/official_experiments/multistartlp/preliminar/set_01_pt_01/logs/heur_mslp/outputs/csvresults_heur_mslp_bash_3.csv;0;4;1;18;0;0.0;0.5;true;10;2;lr209_t2_08R_08V_04I_04M;/dados/rmelo/PDPTW-SE/benchmark_multi_island_v5/official_experiments/multistartlp/preliminar/set_01_pt_01/configs/genconfig_mslp.conf;genconfig_mslp;/dados/rmelo/PDPTW-SE/benchmark_multi_island_v5/official_experiments/multistartlp/preliminar/set_01_pt_01/logs/heur_mslp/gurobi/08R_08V_04I_04M/lr209_grb_genconfig_mslp_seed_66_alpha_15p.log;random;08R_08V_04I_04M;1;0;1;/dados/rmelo/PDPTW-SE/benchmark_multi_island_v5/official_experiments/multistartlp/preliminar/set_01_pt_01/../../../../instances/orig_ams_fg/08R_08V_04I_04M/t2/lr209/;60000;59618;0;1342.55;17;9;H;50;95;0;100.0;30.0;true;0.95;100.0;1.0;1.0;1.0;1.0;60;M;59356;60000;false;46;0.62;78.66;0.82;23;10;1000000;-1;3600;22.88;0.62;0.82;mslp;heur;0.62;0.82;-1;3600;60000;I;8;0.75;0.12;lr209;0;/dados/rmelo/PDPTW-SE/benchmark_multi_island_v5/official_experiments/multistartlp/preliminar/set_01_pt_01/logs;0;0;0;0.0;98.93;1;66;/dados/rmelo/PDPTW-SE/benchmark_multi_island_v5/official_experiments/multistartlp/preliminar/set_01_pt_01/logs/heur_mslp/solutions/08R_08V_04I_04M/lr209_sol_genconfig_mslp_seed_66_alpha_15p.txt;Gurobi;AUTOMATIC;1.75964666809e9;_bash_3;_seed_66_alpha_15p;13727.76;1;192.3;/dados/rmelo/PDPTW-SE/benchmark_multi_island_v5/official_experiments/multistartlp/preliminar/set_01_pt_01/logs/heur_mslp/timelines/08R_08V_04I_04M/lr209_timeline_genconfig_mslp_seed_66_alpha_15p.txt;193.58;t2;0;618.4;false
0.15;0.08;0.17;0.25;0.0;0.0;5;/dados/rmelo/PDPTW-SE/benchmark_multi_island_v5/official_experiments/multistartlp/preliminar/set_01_pt_01/logs/heur_mslp/outputs/csvresults_heur_mslp_bash_3.csv;0;4;1;18;0;0.0;0.5;true;10;2;lr109_t1_08R_08V_04I_04M;/dados/rmelo/PDPTW-SE/benchmark_multi_island_v5/official_experiments/multistartlp/preliminar/set_01_pt_01/configs/genconfig_mslp.conf;genconfig_mslp;/dados/rmelo/PDPTW-SE/benchmark_multi_island_v5/official_experiments/multistartlp/preliminar/set_01_pt_01/logs/heur_mslp/gurobi/08R_08V_04I_04M/lr109_grb_genconfig_mslp_seed_66_alpha_15p.log;random;08R_08V_04I_04M;1;0;1;/dados/rmelo/PDPTW-SE/benchmark_multi_island_v5/official_experiments/multistartlp/preliminar/set_01_pt_01/../../../../instances/orig_ams_fg/08R_08V_04I_04M/t1/lr109/;60000;206;0;663.7;17;9;H;50;95;0;100.0;30.0;true;0.95;100.0;1.0;1.0;1.0;1.0;60;M;60000;60000;false;52;0.9;65.14;0.76;26;10;1000000;-1;3600;12.52;0.6;0.42;mslp;heur;0.42;0.13;-1;3600;60000;I;8;0.75;0.5;lr109;0;/dados/rmelo/PDPTW-SE/benchmark_multi_island_v5/official_experiments/multistartlp/preliminar/set_01_pt_01/logs;0;0;0;0.0;100.0;1;66;/dados/rmelo/PDPTW-SE/benchmark_multi_island_v5/official_experiments/multistartlp/preliminar/set_01_pt_01/logs/heur_mslp/solutions/08R_08V_04I_04M/lr109_sol_genconfig_mslp_seed_66_alpha_15p.txt;Gurobi;AUTOMATIC;1.75964688288e9;_bash_3;_seed_66_alpha_15p;7514.5;1;0.76;/dados/rmelo/PDPTW-SE/benchmark_multi_island_v5/official_experiments/multistartlp/preliminar/set_01_pt_01/logs/heur_mslp/timelines/08R_08V_04I_04M/lr109_timeline_genconfig_mslp_seed_66_alpha_15p.txt;139.06;t1;0;555.44;false
0.15;0.01;0.04;0.05;0.0;0.0;15;/dados/rmelo/PDPTW-SE/benchmark_multi_island_v5/official_experiments/multistartlp/preliminar/set_01_pt_01/logs/heur_mslp/outputs/csvresults_heur_mslp_bash_3.csv;0;4;1;18;0;0.0;0.5;true;10;2;lr208_t2_08R_08V_04I_04M;/dados/rmelo/PDPTW-SE/benchmark_multi_island_v5/official_experiments/multistartlp/preliminar/set_01_pt_01/configs/genconfig_mslp.conf;genconfig_mslp;/dados/rmelo/PDPTW-SE/benchmark_multi_island_v5/official_experiments/multistartlp/preliminar/set_01_pt_01/logs/heur_mslp/gurobi/08R_08V_04I_04M/lr208_grb_genconfig_mslp_seed_66_alpha_15p.log;random;08R_08V_04I_04M;1;0;1;/dados/rmelo/PDPTW-SE/benchmark_multi_island_v5/official_experiments/multistartlp/preliminar/set_01_pt_01/../../../../instances/orig_ams_fg/08R_08V_04I_04M/t2/lr208/;60000;49572;0;758.27;17;9;H;50;95;0;100.0;30.0;true;0.95;100.0;1.0;1.0;1.0;1.0;60;M;33157;60000;false;38;0.62;77.91;0.97;19;10;1000000;-1;3600;3.71;0.62;0.97;mslp;heur;0.62;0.97;-1;3600;60000;I;8;1.0;0.12;lr208;0;/dados/rmelo/PDPTW-SE/benchmark_multi_island_v5/official_experiments/multistartlp/preliminar/set_01_pt_01/logs;0;0;0;0.0;55.26;1;66;/dados/rmelo/PDPTW-SE/benchmark_multi_island_v5/official_experiments/multistartlp/preliminar/set_01_pt_01/logs/heur_mslp/solutions/08R_08V_04I_04M/lr208_sol_genconfig_mslp_seed_66_alpha_15p.txt;Gurobi;AUTOMATIC;1.75964704335e9;_bash_3;_seed_66_alpha_15p;2225.81;1;203.3;/dados/rmelo/PDPTW-SE/benchmark_multi_island_v5/official_experiments/multistartlp/preliminar/set_01_pt_01/logs/heur_mslp/timelines/08R_08V_04I_04M/lr208_timeline_genconfig_mslp_seed_66_alpha_15p.txt;245.62;t2;0;621.6;false
0.15;0.0;0.07;0.07;0.0;0.0;13;/dados/rmelo/PDPTW-SE/benchmark_multi_island_v5/official_experiments/multistartlp/preliminar/set_01_pt_01/logs/heur_mslp/outputs/csvresults_heur_mslp_bash_3.csv;0;4;1;26;0;0.0;0.5;true;14;2;lr109_t1_12R_12V_02I_04M;/dados/rmelo/PDPTW-SE/benchmark_multi_island_v5/official_experiments/multistartlp/preliminar/set_01_pt_01/configs/genconfig_mslp.conf;genconfig_mslp;/dados/rmelo/PDPTW-SE/benchmark_multi_island_v5/official_experiments/multistartlp/preliminar/set_01_pt_01/logs/heur_mslp/gurobi/12R_12V_02I_04M/lr109_grb_genconfig_mslp_seed_66_alpha_15p.log;random;12R_12V_02I_04M;1;0;1;/dados/rmelo/PDPTW-SE/benchmark_multi_island_v5/official_experiments/multistartlp/preliminar/set_01_pt_01/../../../../instances/orig_ams_fg/12R_12V_02I_04M/t1/lr109/;60000;6733;0;1107.37;25;13;H;50;95;0;100.0;30.0;true;0.95;100.0;1.0;1.0;1.0;1.0;60;M;60000;60000;false;58;0.83;96.56;0.98;29;10;1000000;-1;3600;8.82;0.79;0.69;mslp;heur;0.73;0.32;-1;3600;60000;I;12;0.5;0.33;lr109;0;/dados/rmelo/PDPTW-SE/benchmark_multi_island_v5/official_experiments/multistartlp/preliminar/set_01_pt_01/logs;0;0;0;0.0;100.0;1;66;/dados/rmelo/PDPTW-SE/benchmark_multi_island_v5/official_experiments/multistartlp/preliminar/set_01_pt_01/logs/heur_mslp/solutions/12R_12V_02I_04M/lr109_sol_genconfig_mslp_seed_66_alpha_15p.txt;Gurobi;AUTOMATIC;1.75964731031e9;_bash_3;_seed_66_alpha_15p;5292.74;1;17.91;/dados/rmelo/PDPTW-SE/benchmark_multi_island_v5/official_experiments/multistartlp/preliminar/set_01_pt_01/logs/heur_mslp/timelines/12R_12V_02I_04M/lr109_timeline_genconfig_mslp_seed_66_alpha_15p.txt;156.68;t1;0;722.63;false
0.15;0.01;0.02;0.03;0.0;0.0;8;/dados/rmelo/PDPTW-SE/benchmark_multi_island_v5/official_experiments/multistartlp/preliminar/set_01_pt_01/logs/heur_mslp/outputs/csvresults_heur_mslp_bash_3.csv;0;4;1;26;0;0.0;0.5;true;14;2;lr208_t2_12R_12V_02I_04M;/dados/rmelo/PDPTW-SE/benchmark_multi_island_v5/official_experiments/multistartlp/preliminar/set_01_pt_01/configs/genconfig_mslp.conf;genconfig_mslp;/dados/rmelo/PDPTW-SE/benchmark_multi_island_v5/official_experiments/multistartlp/preliminar/set_01_pt_01/logs/heur_mslp/gurobi/12R_12V_02I_04M/lr208_grb_genconfig_mslp_seed_66_alpha_15p.log;random;12R_12V_02I_04M;1;0;1;/dados/rmelo/PDPTW-SE/benchmark_multi_island_v5/official_experiments/multistartlp/preliminar/set_01_pt_01/../../../../instances/orig_ams_fg/12R_12V_02I_04M/t2/lr208/;60000;20270;0;1124.15;25;13;H;50;95;0;100.0;30.0;true;0.95;100.0;1.0;1.0;1.0;1.0;60;M;51499;60000;false;58;0.79;113.97;0.84;29;10;1000000;-1;3600;6.19;0.79;0.84;mslp;heur;0.79;0.84;-1;3600;60000;I;12;0.5;0.08;lr208;0;/dados/rmelo/PDPTW-SE/benchmark_multi_island_v5/official_experiments/multistartlp/preliminar/set_01_pt_01/logs;0;0;0;0.0;85.83;1;66;/dados/rmelo/PDPTW-SE/benchmark_multi_island_v5/official_experiments/multistartlp/preliminar/set_01_pt_01/logs/heur_mslp/solutions/12R_12V_02I_04M/lr208_sol_genconfig_mslp_seed_66_alpha_15p.txt;Gurobi;AUTOMATIC;1.75964748796e9;_bash_3;_seed_66_alpha_15p;3715.21;1;99.37;/dados/rmelo/PDPTW-SE/benchmark_multi_island_v5/official_experiments/multistartlp/preliminar/set_01_pt_01/logs/heur_mslp/timelines/12R_12V_02I_04M/lr208_timeline_genconfig_mslp_seed_66_alpha_15p.txt;294.15;t2;0;785.17;false
0.15;0.02;0.08;0.1;0.0;0.0;9;/dados/rmelo/PDPTW-SE/benchmark_multi_island_v5/official_experiments/multistartlp/preliminar/set_01_pt_01/logs/heur_mslp/outputs/csvresults_heur_mslp_bash_3.csv;0;4;1;26;0;0.0;0.5;true;14;2;lr110_t1_12R_12V_02I_04M;/dados/rmelo/PDPTW-SE/benchmark_multi_island_v5/official_experiments/multistartlp/preliminar/set_01_pt_01/configs/genconfig_mslp.conf;genconfig_mslp;/dados/rmelo/PDPTW-SE/benchmark_multi_island_v5/official_experiments/multistartlp/preliminar/set_01_pt_01/logs/heur_mslp/gurobi/12R_12V_02I_04M/lr110_grb_genconfig_mslp_seed_66_alpha_15p.log;random;12R_12V_02I_04M;1;1664;1;/dados/rmelo/PDPTW-SE/benchmark_multi_island_v5/official_experiments/multistartlp/preliminar/set_01_pt_01/../../../../instances/orig_ams_fg/12R_12V_02I_04M/t1/lr110/;60000;2271;0;1039.95;25;13;H;50;95;0;100.0;30.0;true;0.95;100.0;1.0;1.0;1.0;1.0;60;M;58336;58336;false;52;0.99;121.03;0.85;26;10;1000000;-1;3600;4.65;0.7;0.52;mslp;heur;0.52;0.19;-1;3600;60000;I;12;1.0;0.5;lr110;0;/dados/rmelo/PDPTW-SE/benchmark_multi_island_v5/official_experiments/multistartlp/preliminar/set_01_pt_01/logs;0;0;0;2.77;100.0;1;66;/dados/rmelo/PDPTW-SE/benchmark_multi_island_v5/official_experiments/multistartlp/preliminar/set_01_pt_01/logs/heur_mslp/solutions/12R_12V_02I_04M/lr110_sol_genconfig_mslp_seed_66_alpha_15p.txt;Gurobi;AUTOMATIC;1.75964780324e9;_bash_3;_seed_66_alpha_15p;2710.68;1;6.5;/dados/rmelo/PDPTW-SE/benchmark_multi_island_v5/official_experiments/multistartlp/preliminar/set_01_pt_01/logs/heur_mslp/timelines/12R_12V_02I_04M/lr110_timeline_genconfig_mslp_seed_66_alpha_15p.txt;161.71;t1;0;971.55;false
0.15;0.0;0.03;0.03;0.0;0.0;12;/dados/rmelo/PDPTW-SE/benchmark_multi_island_v5/official_experiments/multistartlp/preliminar/set_01_pt_01/logs/heur_mslp/outputs/csvresults_heur_mslp_bash_3.csv;0;4;1;26;0;0.0;0.5;true;14;2;lr207_t2_12R_12V_02I_04M;/dados/rmelo/PDPTW-SE/benchmark_multi_island_v5/official_experiments/multistartlp/preliminar/set_01_pt_01/configs/genconfig_mslp.conf;genconfig_mslp;/dados/rmelo/PDPTW-SE/benchmark_multi_island_v5/official_experiments/multistartlp/preliminar/set_01_pt_01/logs/heur_mslp/gurobi/12R_12V_02I_04M/lr207_grb_genconfig_mslp_seed_66_alpha_15p.log;random;12R_12V_02I_04M;1;0;1;/dados/rmelo/PDPTW-SE/benchmark_multi_island_v5/official_experiments/multistartlp/preliminar/set_01_pt_01/../../../../instances/orig_ams_fg/12R_12V_02I_04M/t2/lr207/;60000;56605;0;1681.92;25;13;H;50;95;0;100.0;30.0;true;0.95;100.0;1.0;1.0;1.0;1.0;60;M;59890;60000;false;40;0.87;107.37;1.0;20;10;1000000;-1;3600;14.21;0.87;1.0;mslp;heur;0.87;1.0;-1;3600;60000;I;12;0.25;0.08;lr207;0;/dados/rmelo/PDPTW-SE/benchmark_multi_island_v5/official_experiments/multistartlp/preliminar/set_01_pt_01/logs;0;0;0;0.0;99.82;1;66;/dados/rmelo/PDPTW-SE/benchmark_multi_island_v5/official_experiments/multistartlp/preliminar/set_01_pt_01/logs/heur_mslp/solutions/12R_12V_02I_04M/lr207_sol_genconfig_mslp_seed_66_alpha_15p.txt;Gurobi;AUTOMATIC;1.75964798596e9;_bash_3;_seed_66_alpha_15p;8526.88;1;246.5;/dados/rmelo/PDPTW-SE/benchmark_multi_island_v5/official_experiments/multistartlp/preliminar/set_01_pt_01/logs/heur_mslp/timelines/12R_12V_02I_04M/lr207_timeline_genconfig_mslp_seed_66_alpha_15p.txt;260.94;t2;0;873.52;false
0.15;0.1;0.2;0.3;0.0;0.0;7;/dados/rmelo/PDPTW-SE/benchmark_multi_island_v5/official_experiments/multistartlp/preliminar/set_01_pt_01/logs/heur_mslp/outputs/csvresults_heur_mslp_bash_3.csv;0;4;1;26;0;0.0;0.5;true;14;2;lr110_t1_12R_12V_04I_04M;/dados/rmelo/PDPTW-SE/benchmark_multi_island_v5/official_experiments/multistartlp/preliminar/set_01_pt_01/configs/genconfig_mslp.conf;genconfig_mslp;/dados/rmelo/PDPTW-SE/benchmark_multi_island_v5/official_experiments/multistartlp/preliminar/set_01_pt_01/logs/heur_mslp/gurobi/12R_12V_04I_04M/lr110_grb_genconfig_mslp_seed_66_alpha_15p.log;random;12R_12V_04I_04M;1;864;1;/dados/rmelo/PDPTW-SE/benchmark_multi_island_v5/official_experiments/multistartlp/preliminar/set_01_pt_01/../../../../instances/orig_ams_fg/12R_12V_04I_04M/t1/lr110/;60000;333;0;1068.83;25;13;H;50;95;0;100.0;30.0;true;0.95;100.0;1.0;1.0;1.0;1.0;60;M;59136;59136;false;52;0.72;72.82;0.76;26;10;1000000;-1;3600;12.82;0.57;0.43;mslp;heur;0.37;0.15;-1;3600;60000;I;12;1.0;0.5;lr110;0;/dados/rmelo/PDPTW-SE/benchmark_multi_island_v5/official_experiments/multistartlp/preliminar/set_01_pt_01/logs;0;0;0;1.44;100.0;1;66;/dados/rmelo/PDPTW-SE/benchmark_multi_island_v5/official_experiments/multistartlp/preliminar/set_01_pt_01/logs/heur_mslp/solutions/12R_12V_04I_04M/lr110_sol_genconfig_mslp_seed_66_alpha_15p.txt;Gurobi;AUTOMATIC;1.75964826807e9;_bash_3;_seed_66_alpha_15p;7580.36;1;1.29;/dados/rmelo/PDPTW-SE/benchmark_multi_island_v5/official_experiments/multistartlp/preliminar/set_01_pt_01/logs/heur_mslp/timelines/12R_12V_04I_04M/lr110_timeline_genconfig_mslp_seed_66_alpha_15p.txt;180.15;t1;0;788.9;false
0.15;0.01;0.04;0.05;0.0;0.0;13;/dados/rmelo/PDPTW-SE/benchmark_multi_island_v5/official_experiments/multistartlp/preliminar/set_01_pt_01/logs/heur_mslp/outputs/csvresults_heur_mslp_bash_3.csv;0;4;1;26;0;0.0;0.5;true;14;2;lr207_t2_12R_12V_04I_04M;/dados/rmelo/PDPTW-SE/benchmark_multi_island_v5/official_experiments/multistartlp/preliminar/set_01_pt_01/configs/genconfig_mslp.conf;genconfig_mslp;/dados/rmelo/PDPTW-SE/benchmark_multi_island_v5/official_experiments/multistartlp/preliminar/set_01_pt_01/logs/heur_mslp/gurobi/12R_12V_04I_04M/lr207_grb_genconfig_mslp_seed_66_alpha_15p.log;random;12R_12V_04I_04M;1;0;1;/dados/rmelo/PDPTW-SE/benchmark_multi_island_v5/official_experiments/multistartlp/preliminar/set_01_pt_01/../../../../instances/orig_ams_fg/12R_12V_04I_04M/t2/lr207/;60000;41123;0;1554.06;25;13;H;50;95;0;100.0;30.0;true;0.95;100.0;1.0;1.0;1.0;1.0;60;M;59971;60000;false;40;0.88;86.12;0.98;20;10;1000000;-1;3600;15.66;0.88;0.98;mslp;heur;0.88;0.98;-1;3600;60000;I;12;1.0;0.08;lr207;0;/dados/rmelo/PDPTW-SE/benchmark_multi_island_v5/official_experiments/multistartlp/preliminar/set_01_pt_01/logs;0;0;0;0.0;99.95;1;66;/dados/rmelo/PDPTW-SE/benchmark_multi_island_v5/official_experiments/multistartlp/preliminar/set_01_pt_01/logs/heur_mslp/solutions/12R_12V_04I_04M/lr207_sol_genconfig_mslp_seed_66_alpha_15p.txt;Gurobi;AUTOMATIC;1.75964847034e9;_bash_3;_seed_66_alpha_15p;9395.5;1;234.94;/dados/rmelo/PDPTW-SE/benchmark_multi_island_v5/official_experiments/multistartlp/preliminar/set_01_pt_01/logs/heur_mslp/timelines/12R_12V_04I_04M/lr207_timeline_genconfig_mslp_seed_66_alpha_15p.txt;343.89;t2;0;882.56;false
0.15;0.06;0.15;0.22;0.0;0.04;11;/dados/rmelo/PDPTW-SE/benchmark_multi_island_v5/official_experiments/multistartlp/preliminar/set_01_pt_01/logs/heur_mslp/outputs/csvresults_heur_mslp_bash_3.csv;0;4;1;26;0;0.0;0.5;true;14;2;lr108_t1_12R_12V_04I_04M;/dados/rmelo/PDPTW-SE/benchmark_multi_island_v5/official_experiments/multistartlp/preliminar/set_01_pt_01/configs/genconfig_mslp.conf;genconfig_mslp;/dados/rmelo/PDPTW-SE/benchmark_multi_island_v5/official_experiments/multistartlp/preliminar/set_01_pt_01/logs/heur_mslp/gurobi/12R_12V_04I_04M/lr108_grb_genconfig_mslp_seed_66_alpha_15p.log;random;12R_12V_04I_04M;1;442;1;/dados/rmelo/PDPTW-SE/benchmark_multi_island_v5/official_experiments/multistartlp/preliminar/set_01_pt_01/../../../../instances/orig_ams_fg/12R_12V_04I_04M/t1/lr108/;60000;10671;0;1004.45;25;13;H;50;95;0;100.0;30.0;true;0.95;100.0;1.0;1.0;1.0;1.0;60;M;59558;59558;false;58;0.99;75.48;0.78;29;10;1000000;-1;3600;5.89;0.91;0.65;mslp;heur;0.77;0.48;-1;3600;60000;I;12;1.0;0.33;lr108;0;/dados/rmelo/PDPTW-SE/benchmark_multi_island_v5/official_experiments/multistartlp/preliminar/set_01_pt_01/logs;0;0;0;0.74;100.0;1;66;/dados/rmelo/PDPTW-SE/benchmark_multi_island_v5/official_experiments/multistartlp/preliminar/set_01_pt_01/logs/heur_mslp/solutions/12R_12V_04I_04M/lr108_sol_genconfig_mslp_seed_66_alpha_15p.txt;Gurobi;AUTOMATIC;1.75964883569e9;_bash_3;_seed_66_alpha_15p;3509.6;1;35.64;/dados/rmelo/PDPTW-SE/benchmark_multi_island_v5/official_experiments/multistartlp/preliminar/set_01_pt_01/logs/heur_mslp/timelines/12R_12V_04I_04M/lr108_timeline_genconfig_mslp_seed_66_alpha_15p.txt;202.04;t1;0;833.87;false
0.15;0.01;0.04;0.05;0.0;0.0;13;/dados/rmelo/PDPTW-SE/benchmark_multi_island_v5/official_experiments/multistartlp/preliminar/set_01_pt_01/logs/heur_mslp/outputs/csvresults_heur_mslp_bash_3.csv;0;4;1;26;0;0.0;0.5;true;14;2;lr207_t2_12R_12V_04I_04M;/dados/rmelo/PDPTW-SE/benchmark_multi_island_v5/official_experiments/multistartlp/preliminar/set_01_pt_01/configs/genconfig_mslp.conf;genconfig_mslp;/dados/rmelo/PDPTW-SE/benchmark_multi_island_v5/official_experiments/multistartlp/preliminar/set_01_pt_01/logs/heur_mslp/gurobi/12R_12V_04I_04M/lr207_grb_genconfig_mslp_seed_66_alpha_15p.log;random;12R_12V_04I_04M;1;0;1;/dados/rmelo/PDPTW-SE/benchmark_multi_island_v5/official_experiments/multistartlp/preliminar/set_01_pt_01/../../../../instances/orig_ams_fg/12R_12V_04I_04M/t2/lr207/;60000;41123;0;1554.06;25;13;H;50;95;0;100.0;30.0;true;0.95;100.0;1.0;1.0;1.0;1.0;60;M;59971;60000;false;40;0.88;86.12;0.98;20;10;1000000;-1;3600;15.66;0.88;0.98;mslp;heur;0.88;0.98;-1;3600;60000;I;12;1.0;0.08;lr207;0;/dados/rmelo/PDPTW-SE/benchmark_multi_island_v5/official_experiments/multistartlp/preliminar/set_01_pt_01/logs;0;0;0;0.0;99.95;1;66;/dados/rmelo/PDPTW-SE/benchmark_multi_island_v5/official_experiments/multistartlp/preliminar/set_01_pt_01/logs/heur_mslp/solutions/12R_12V_04I_04M/lr207_sol_genconfig_mslp_seed_66_alpha_15p.txt;Gurobi;AUTOMATIC;1.75964905913e9;_bash_3;_seed_66_alpha_15p;9395.5;1;229.51;/dados/rmelo/PDPTW-SE/benchmark_multi_island_v5/official_experiments/multistartlp/preliminar/set_01_pt_01/logs/heur_mslp/timelines/12R_12V_04I_04M/lr207_timeline_genconfig_mslp_seed_66_alpha_15p.txt;335.86;t2;0;882.56;false
0.15;0.02;0.06;0.08;0.0;0.08;7;/dados/rmelo/PDPTW-SE/benchmark_multi_island_v5/official_experiments/multistartlp/preliminar/set_01_pt_01/logs/heur_mslp/outputs/csvresults_heur_mslp_bash_3.csv;0;6;1;82;0;0.0;0.5;true;42;2;LR1_2_6_t1_40R_40V_02I_06M;/dados/rmelo/PDPTW-SE/benchmark_multi_island_v5/official_experiments/multistartlp/preliminar/set_01_pt_01/configs/genconfig_mslp.conf;genconfig_mslp;/dados/rmelo/PDPTW-SE/benchmark_multi_island_v5/official_experiments/multistartlp/preliminar/set_01_pt_01/logs/heur_mslp/gurobi/40R_40V_02I_06M/LR1_2_6_grb_genconfig_mslp_seed_66_alpha_15p.log;random;40R_40V_02I_06M;1;58248;1;/dados/rmelo/PDPTW-SE/benchmark_multi_island_v5/official_experiments/multistartlp/preliminar/set_01_pt_01/../../../../instances/orig_ams_fg/40R_40V_02I_06M/t1/LR1_2_6/;60000;39561;0;7782.51;81;41;H;50;95;0;100.0;30.0;true;0.95;100.0;1.0;1.0;1.0;1.0;60;M;1752;1752;false;72;0.96;213.59;0.92;36;10;1000000;-1;3600;4.9;0.75;0.68;mslp;heur;0.46;0.25;-1;3600;60000;I;40;1.0;0.3;LR1_2_6;0;/dados/rmelo/PDPTW-SE/benchmark_multi_island_v5/official_experiments/multistartlp/preliminar/set_01_pt_01/logs;0;0;0;97.08;100.0;1;66;/dados/rmelo/PDPTW-SE/benchmark_multi_island_v5/official_experiments/multistartlp/preliminar/set_01_pt_01/logs/heur_mslp/solutions/40R_40V_02I_06M/LR1_2_6_sol_genconfig_mslp_seed_66_alpha_15p.txt;Gurobi;AUTOMATIC;1.75964941741e9;_bash_3;_seed_66_alpha_15p;85.81;1;168.29;/dados/rmelo/PDPTW-SE/benchmark_multi_island_v5/official_experiments/multistartlp/preliminar/set_01_pt_01/logs/heur_mslp/timelines/40R_40V_02I_06M/LR1_2_6_timeline_genconfig_mslp_seed_66_alpha_15p.txt;255.42;t1;0;5713.21;false
0.15;0.01;0.02;0.03;0.0;0.06;15;/dados/rmelo/PDPTW-SE/benchmark_multi_island_v5/official_experiments/multistartlp/preliminar/set_01_pt_01/logs/heur_mslp/outputs/csvresults_heur_mslp_bash_3.csv;0;6;1;82;0;0.0;0.5;true;42;2;LR2_2_10_t2_40R_40V_02I_06M;/dados/rmelo/PDPTW-SE/benchmark_multi_island_v5/official_experiments/multistartlp/preliminar/set_01_pt_01/configs/genconfig_mslp.conf;genconfig_mslp;/dados/rmelo/PDPTW-SE/benchmark_multi_island_v5/official_experiments/multistartlp/preliminar/set_01_pt_01/logs/heur_mslp/gurobi/40R_40V_02I_06M/LR2_2_10_grb_genconfig_mslp_seed_66_alpha_15p.log;random;40R_40V_02I_06M;1;0;1;/dados/rmelo/PDPTW-SE/benchmark_multi_island_v5/official_experiments/multistartlp/preliminar/set_01_pt_01/../../../../instances/orig_ams_fg/40R_40V_02I_06M/t2/LR2_2_10/;60000;17732;0;9762.26;81;41;H;50;95;0;100.0;30.0;true;0.95;100.0;1.0;1.0;1.0;1.0;60;M;60000;60000;false;80;0.96;269.32;0.99;40;10;1000000;-1;3600;6.34;0.63;0.97;mslp;heur;0.39;0.96;-1;3600;60000;I;40;0.83;0.1;LR2_2_10;0;/dados/rmelo/PDPTW-SE/benchmark_multi_island_v5/official_experiments/multistartlp/preliminar/set_01_pt_01/logs;0;0;0;0.0;100.0;1;66;/dados/rmelo/PDPTW-SE/benchmark_multi_island_v5/official_experiments/multistartlp/preliminar/set_01_pt_01/logs/heur_mslp/solutions/40R_40V_02I_06M/LR2_2_10_sol_genconfig_mslp_seed_66_alpha_15p.txt;Gurobi;AUTOMATIC;1.7596496953e9;_bash_3;_seed_66_alpha_15p;3804.06;1;421.39;/dados/rmelo/PDPTW-SE/benchmark_multi_island_v5/official_experiments/multistartlp/preliminar/set_01_pt_01/logs/heur_mslp/timelines/40R_40V_02I_06M/LR2_2_10_timeline_genconfig_mslp_seed_66_alpha_15p.txt;1429.19;t2;0;6363.52;false
0.15;0.0;0.03;0.03;0.0;0.0;7;/dados/rmelo/PDPTW-SE/benchmark_multi_island_v5/official_experiments/multistartlp/preliminar/set_01_pt_01/logs/heur_mslp/outputs/csvresults_heur_mslp_bash_3.csv;0;6;1;82;0;0.0;0.5;true;42;2;LR1_2_8_t1_40R_40V_02I_06M;/dados/rmelo/PDPTW-SE/benchmark_multi_island_v5/official_experiments/multistartlp/preliminar/set_01_pt_01/configs/genconfig_mslp.conf;genconfig_mslp;/dados/rmelo/PDPTW-SE/benchmark_multi_island_v5/official_experiments/multistartlp/preliminar/set_01_pt_01/logs/heur_mslp/gurobi/40R_40V_02I_06M/LR1_2_8_grb_genconfig_mslp_seed_66_alpha_15p.log;random;40R_40V_02I_06M;1;55463;1;/dados/rmelo/PDPTW-SE/benchmark_multi_island_v5/official_experiments/multistartlp/preliminar/set_01_pt_01/../../../../instances/orig_ams_fg/40R_40V_02I_06M/t1/LR1_2_8/;60000;39801;0;5516.32;81;41;H;50;95;0;100.0;30.0;true;0.95;100.0;1.0;1.0;1.0;1.0;60;M;4537;4537;false;86;1.0;260.25;1.0;43;10;1000000;-1;3600;1.88;0.82;0.77;mslp;heur;0.3;0.55;-1;3600;60000;I;40;0.83;0.18;LR1_2_8;0;/dados/rmelo/PDPTW-SE/benchmark_multi_island_v5/official_experiments/multistartlp/preliminar/set_01_pt_01/logs;0;0;0;92.44;100.0;1;66;/dados/rmelo/PDPTW-SE/benchmark_multi_island_v5/official_experiments/multistartlp/preliminar/set_01_pt_01/logs/heur_mslp/solutions/40R_40V_02I_06M/LR1_2_8_sol_genconfig_mslp_seed_66_alpha_15p.txt;Gurobi;AUTOMATIC;1.75965114656e9;_bash_3;_seed_66_alpha_15p;85.11;1;277.66;/dados/rmelo/PDPTW-SE/benchmark_multi_island_v5/official_experiments/multistartlp/preliminar/set_01_pt_01/logs/heur_mslp/timelines/40R_40V_02I_06M/LR1_2_8_timeline_genconfig_mslp_seed_66_alpha_15p.txt;416.65;t1;0;3955.17;false
0.15;0.01;0.02;0.03;0.0;0.06;15;/dados/rmelo/PDPTW-SE/benchmark_multi_island_v5/official_experiments/multistartlp/preliminar/set_01_pt_01/logs/heur_mslp/outputs/csvresults_heur_mslp_bash_3.csv;0;6;1;82;0;0.0;0.5;true;42;2;LR2_2_10_t2_40R_40V_02I_06M;/dados/rmelo/PDPTW-SE/benchmark_multi_island_v5/official_experiments/multistartlp/preliminar/set_01_pt_01/configs/genconfig_mslp.conf;genconfig_mslp;/dados/rmelo/PDPTW-SE/benchmark_multi_island_v5/official_experiments/multistartlp/preliminar/set_01_pt_01/logs/heur_mslp/gurobi/40R_40V_02I_06M/LR2_2_10_grb_genconfig_mslp_seed_66_alpha_15p.log;random;40R_40V_02I_06M;1;0;1;/dados/rmelo/PDPTW-SE/benchmark_multi_island_v5/official_experiments/multistartlp/preliminar/set_01_pt_01/../../../../instances/orig_ams_fg/40R_40V_02I_06M/t2/LR2_2_10/;60000;17732;0;9762.26;81;41;H;50;95;0;100.0;30.0;true;0.95;100.0;1.0;1.0;1.0;1.0;60;M;60000;60000;false;80;0.96;269.32;0.99;40;10;1000000;-1;3600;6.34;0.63;0.97;mslp;heur;0.39;0.96;-1;3600;60000;I;40;0.83;0.1;LR2_2_10;0;/dados/rmelo/PDPTW-SE/benchmark_multi_island_v5/official_experiments/multistartlp/preliminar/set_01_pt_01/logs;0;0;0;0.0;100.0;1;66;/dados/rmelo/PDPTW-SE/benchmark_multi_island_v5/official_experiments/multistartlp/preliminar/set_01_pt_01/logs/heur_mslp/solutions/40R_40V_02I_06M/LR2_2_10_sol_genconfig_mslp_seed_66_alpha_15p.txt;Gurobi;AUTOMATIC;1.75965158546e9;_bash_3;_seed_66_alpha_15p;3804.06;1;426.26;/dados/rmelo/PDPTW-SE/benchmark_multi_island_v5/official_experiments/multistartlp/preliminar/set_01_pt_01/logs/heur_mslp/timelines/40R_40V_02I_06M/LR2_2_10_timeline_genconfig_mslp_seed_66_alpha_15p.txt;1435.0;t2;0;6363.52;false
0.15;0.07;0.13;0.21;0.0;0.03;10;/dados/rmelo/PDPTW-SE/benchmark_multi_island_v5/official_experiments/multistartlp/preliminar/set_01_pt_01/logs/heur_mslp/outputs/csvresults_heur_mslp_bash_3.csv;0;6;1;82;0;0.0;0.5;true;42;2;LR1_2_10_t1_40R_40V_04I_06M;/dados/rmelo/PDPTW-SE/benchmark_multi_island_v5/official_experiments/multistartlp/preliminar/set_01_pt_01/configs/genconfig_mslp.conf;genconfig_mslp;/dados/rmelo/PDPTW-SE/benchmark_multi_island_v5/official_experiments/multistartlp/preliminar/set_01_pt_01/logs/heur_mslp/gurobi/40R_40V_04I_06M/LR1_2_10_grb_genconfig_mslp_seed_66_alpha_15p.log;random;40R_40V_04I_06M;1;15013;1;/dados/rmelo/PDPTW-SE/benchmark_multi_island_v5/official_experiments/multistartlp/preliminar/set_01_pt_01/../../../../instances/orig_ams_fg/40R_40V_04I_06M/t1/LR1_2_10/;60000;4391;0;5964.58;81;41;H;50;95;0;100.0;30.0;true;0.95;100.0;1.0;1.0;1.0;1.0;60;M;44987;44987;false;72;0.92;175.77;0.93;36;10;1000000;-1;3600;6.33;0.67;0.77;mslp;heur;0.26;0.48;-1;3600;60000;I;40;1.0;0.25;LR1_2_10;0;/dados/rmelo/PDPTW-SE/benchmark_multi_island_v5/official_experiments/multistartlp/preliminar/set_01_pt_01/logs;0;0;0;25.02;100.0;1;66;/dados/rmelo/PDPTW-SE/benchmark_multi_island_v5/official_experiments/multistartlp/preliminar/set_01_pt_01/logs/heur_mslp/solutions/40R_40V_04I_06M/LR1_2_10_sol_genconfig_mslp_seed_66_alpha_15p.txt;Gurobi;AUTOMATIC;1.75965304256e9;_bash_3;_seed_66_alpha_15p;2846.36;1;71.86;/dados/rmelo/PDPTW-SE/benchmark_multi_island_v5/official_experiments/multistartlp/preliminar/set_01_pt_01/logs/heur_mslp/timelines/40R_40V_04I_06M/LR1_2_10_timeline_genconfig_mslp_seed_66_alpha_15p.txt;977.63;t1;0;4240.28;false
0.15;0.05;0.07;0.12;0.0;0.01;6;/dados/rmelo/PDPTW-SE/benchmark_multi_island_v5/official_experiments/multistartlp/preliminar/set_01_pt_01/logs/heur_mslp/outputs/csvresults_heur_mslp_bash_3.csv;0;6;1;82;0;0.0;0.5;true;42;2;LR2_2_7_t2_40R_40V_04I_06M;/dados/rmelo/PDPTW-SE/benchmark_multi_island_v5/official_experiments/multistartlp/preliminar/set_01_pt_01/configs/genconfig_mslp.conf;genconfig_mslp;/dados/rmelo/PDPTW-SE/benchmark_multi_island_v5/official_experiments/multistartlp/preliminar/set_01_pt_01/logs/heur_mslp/gurobi/40R_40V_04I_06M/LR2_2_7_grb_genconfig_mslp_seed_66_alpha_15p.log;random;40R_40V_04I_06M;1;0;1;/dados/rmelo/PDPTW-SE/benchmark_multi_island_v5/official_experiments/multistartlp/preliminar/set_01_pt_01/../../../../instances/orig_ams_fg/40R_40V_04I_06M/t2/LR2_2_7/;55812;14709;0;8843.91;81;41;H;50;95;0;100.0;30.0;true;0.95;100.0;1.0;1.0;1.0;1.0;60;M;55806;55812;false;78;0.78;185.38;1.0;39;10;1000000;-1;3600;2.62;0.73;0.99;mslp;heur;0.67;0.98;-1;3600;60000;I;40;1.0;0.08;LR2_2_7;0;/dados/rmelo/PDPTW-SE/benchmark_multi_island_v5/official_experiments/multistartlp/preliminar/set_01_pt_01/logs;0;0;0;0.0;99.99;1;66;/dados/rmelo/PDPTW-SE/benchmark_multi_island_v5/official_experiments/multistartlp/preliminar/set_01_pt_01/logs/heur_mslp/solutions/40R_40V_04I_06M/LR2_2_7_sol_genconfig_mslp_seed_66_alpha_15p.txt;Gurobi;AUTOMATIC;1.7596540423e9;_bash_3;_seed_66_alpha_15p;1459.66;1;949.79;/dados/rmelo/PDPTW-SE/benchmark_multi_island_v5/official_experiments/multistartlp/preliminar/set_01_pt_01/logs/heur_mslp/timelines/40R_40V_04I_06M/LR2_2_7_timeline_genconfig_mslp_seed_66_alpha_15p.txt;3600.01;t2;0;5562.28;false
0.15;0.06;0.1;0.16;0.0;0.0;13;/dados/rmelo/PDPTW-SE/benchmark_multi_island_v5/official_experiments/multistartlp/preliminar/set_01_pt_01/logs/heur_mslp/outputs/csvresults_heur_mslp_bash_3.csv;0;6;1;82;0;0.0;0.5;true;42;2;LR1_2_8_t1_40R_40V_04I_06M;/dados/rmelo/PDPTW-SE/benchmark_multi_island_v5/official_experiments/multistartlp/preliminar/set_01_pt_01/configs/genconfig_mslp.conf;genconfig_mslp;/dados/rmelo/PDPTW-SE/benchmark_multi_island_v5/official_experiments/multistartlp/preliminar/set_01_pt_01/logs/heur_mslp/gurobi/40R_40V_04I_06M/LR1_2_8_grb_genconfig_mslp_seed_66_alpha_15p.log;random;40R_40V_04I_06M;1;16386;1;/dados/rmelo/PDPTW-SE/benchmark_multi_island_v5/official_experiments/multistartlp/preliminar/set_01_pt_01/../../../../instances/orig_ams_fg/40R_40V_04I_06M/t1/LR1_2_8/;60000;27619;0;4930.75;81;41;H;50;95;0;100.0;30.0;true;0.95;100.0;1.0;1.0;1.0;1.0;60;M;43608;43614;false;86;0.98;175.25;0.93;43;10;1000000;-1;3600;2.59;0.89;0.86;mslp;heur;0.74;0.74;-1;3600;60000;I;40;1.0;0.15;LR1_2_8;0;/dados/rmelo/PDPTW-SE/benchmark_multi_island_v5/official_experiments/multistartlp/preliminar/set_01_pt_01/logs;0;0;0;27.31;99.99;1;66;/dados/rmelo/PDPTW-SE/benchmark_multi_island_v5/official_experiments/multistartlp/preliminar/set_01_pt_01/logs/heur_mslp/solutions/40R_40V_04I_06M/LR1_2_8_sol_genconfig_mslp_seed_66_alpha_15p.txt;Gurobi;AUTOMATIC;1.75965766443e9;_bash_3;_seed_66_alpha_15p;1129.63;1;816.45;/dados/rmelo/PDPTW-SE/benchmark_multi_island_v5/official_experiments/multistartlp/preliminar/set_01_pt_01/logs/heur_mslp/timelines/40R_40V_04I_06M/LR1_2_8_timeline_genconfig_mslp_seed_66_alpha_15p.txt;1769.88;t1;0;3390.08;false
0.15;0.03;0.06;0.09;0.01;0.03;12;/dados/rmelo/PDPTW-SE/benchmark_multi_island_v5/official_experiments/multistartlp/preliminar/set_01_pt_01/logs/heur_mslp/outputs/csvresults_heur_mslp_bash_3.csv;0;6;1;82;0;0.0;0.5;true;42;2;LR2_2_6_t2_40R_40V_04I_06M;/dados/rmelo/PDPTW-SE/benchmark_multi_island_v5/official_experiments/multistartlp/preliminar/set_01_pt_01/configs/genconfig_mslp.conf;genconfig_mslp;/dados/rmelo/PDPTW-SE/benchmark_multi_island_v5/official_experiments/multistartlp/preliminar/set_01_pt_01/logs/heur_mslp/gurobi/40R_40V_04I_06M/LR2_2_6_grb_genconfig_mslp_seed_66_alpha_15p.log;random;40R_40V_04I_06M;1;0;1;/dados/rmelo/PDPTW-SE/benchmark_multi_island_v5/official_experiments/multistartlp/preliminar/set_01_pt_01/../../../../instances/orig_ams_fg/40R_40V_04I_06M/t2/LR2_2_6/;60000;10737;0;7593.95;81;41;H;50;95;0;100.0;30.0;true;0.95;100.0;1.0;1.0;1.0;1.0;60;M;60000;60000;false;80;0.89;181.23;1.0;40;10;1000000;-1;3600;4.45;0.81;0.98;mslp;heur;0.74;0.96;-1;3600;60000;I;40;1.0;0.08;LR2_2_6;0;/dados/rmelo/PDPTW-SE/benchmark_multi_island_v5/official_experiments/multistartlp/preliminar/set_01_pt_01/logs;0;0;0;0.0;100.0;1;66;/dados/rmelo/PDPTW-SE/benchmark_multi_island_v5/official_experiments/multistartlp/preliminar/set_01_pt_01/logs/heur_mslp/solutions/40R_40V_04I_06M/LR2_2_6_sol_genconfig_mslp_seed_66_alpha_15p.txt;Gurobi;AUTOMATIC;1.75965945641e9;_bash_3;_seed_66_alpha_15p;2670.42;1;545.61;/dados/rmelo/PDPTW-SE/benchmark_multi_island_v5/official_experiments/multistartlp/preliminar/set_01_pt_01/logs/heur_mslp/timelines/40R_40V_04I_06M/LR2_2_6_timeline_genconfig_mslp_seed_66_alpha_15p.txt;3049.08;t2;0;6147.43;false
0.15;0.04;0.08;0.12;0.0;0.05;1;/dados/rmelo/PDPTW-SE/benchmark_multi_island_v5/official_experiments/multistartlp/preliminar/set_01_pt_01/logs/heur_mslp/outputs/csvresults_heur_mslp_bash_3.csv;0;6;1;122;0;0.0;0.5;true;62;2;LR1_2_6_t1_60R_60V_02I_06M;/dados/rmelo/PDPTW-SE/benchmark_multi_island_v5/official_experiments/multistartlp/preliminar/set_01_pt_01/configs/genconfig_mslp.conf;genconfig_mslp;/dados/rmelo/PDPTW-SE/benchmark_multi_island_v5/official_experiments/multistartlp/preliminar/set_01_pt_01/logs/heur_mslp/gurobi/60R_60V_02I_06M/LR1_2_6_grb_genconfig_mslp_seed_66_alpha_15p.log;random;60R_60V_02I_06M;1;59999;1;/dados/rmelo/PDPTW-SE/benchmark_multi_island_v5/official_experiments/multistartlp/preliminar/set_01_pt_01/../../../../instances/orig_ams_fg/60R_60V_02I_06M/t1/LR1_2_6/;60000;1;0;10597.13;121;61;H;50;95;0;100.0;30.0;true;0.95;100.0;1.0;1.0;1.0;1.0;60;M;1;1;false;82;0.96;277.16;1.0;41;10;1000000;-1;3600;2.74;0.68;0.54;mslp;heur;0.44;0.11;-1;3600;60000;I;60;1.0;0.35;LR1_2_6;0;/dados/rmelo/PDPTW-SE/benchmark_multi_island_v5/official_experiments/multistartlp/preliminar/set_01_pt_01/logs;0;0;0;100.0;100.0;1;66;/dados/rmelo/PDPTW-SE/benchmark_multi_island_v5/official_experiments/multistartlp/preliminar/set_01_pt_01/logs/heur_mslp/solutions/60R_60V_02I_06M/LR1_2_6_sol_genconfig_mslp_seed_66_alpha_15p.txt;Gurobi;AUTOMATIC;1.75966252769e9;_bash_3;_seed_66_alpha_15p;0.03;1;0.03;/dados/rmelo/PDPTW-SE/benchmark_multi_island_v5/official_experiments/multistartlp/preliminar/set_01_pt_01/logs/heur_mslp/timelines/60R_60V_02I_06M/LR1_2_6_timeline_genconfig_mslp_seed_66_alpha_15p.txt;217.76;t1;0;10306.72;false
0.15;0.01;0.01;0.02;0.0;0.0;9;/dados/rmelo/PDPTW-SE/benchmark_multi_island_v5/official_experiments/multistartlp/preliminar/set_01_pt_01/logs/heur_mslp/outputs/csvresults_heur_mslp_bash_3.csv;0;6;1;122;0;0.0;0.5;true;62;2;LR2_2_8_t2_60R_60V_02I_06M;/dados/rmelo/PDPTW-SE/benchmark_multi_island_v5/official_experiments/multistartlp/preliminar/set_01_pt_01/configs/genconfig_mslp.conf;genconfig_mslp;/dados/rmelo/PDPTW-SE/benchmark_multi_island_v5/official_experiments/multistartlp/preliminar/set_01_pt_01/logs/heur_mslp/gurobi/60R_60V_02I_06M/LR2_2_8_grb_genconfig_mslp_seed_66_alpha_15p.log;random;60R_60V_02I_06M;1;0;1;/dados/rmelo/PDPTW-SE/benchmark_multi_island_v5/official_experiments/multistartlp/preliminar/set_01_pt_01/../../../../instances/orig_ams_fg/60R_60V_02I_06M/t2/LR2_2_8/;34186;20478;0;9937.08;121;61;H;50;95;0;100.0;30.0;true;0.95;100.0;1.0;1.0;1.0;1.0;60;M;34052;34186;false;80;0.92;227.5;1.0;40;10;1000000;-1;3600;1.56;0.7;1.0;mslp;heur;0.23;0.99;-1;3600;60000;I;60;0.67;0.07;LR2_2_8;0;/dados/rmelo/PDPTW-SE/benchmark_multi_island_v5/official_experiments/multistartlp/preliminar/set_01_pt_01/logs;0;0;0;0.0;99.61;1;66;/dados/rmelo/PDPTW-SE/benchmark_multi_island_v5/official_experiments/multistartlp/preliminar/set_01_pt_01/logs/heur_mslp/solutions/60R_60V_02I_06M/LR2_2_8_sol_genconfig_mslp_seed_66_alpha_15p.txt;Gurobi;AUTOMATIC;1.75966276747e9;_bash_3;_seed_66_alpha_15p;533.22;1;2155.06;/dados/rmelo/PDPTW-SE/benchmark_multi_island_v5/official_experiments/multistartlp/preliminar/set_01_pt_01/logs/heur_mslp/timelines/60R_60V_02I_06M/LR2_2_8_timeline_genconfig_mslp_seed_66_alpha_15p.txt;3600.02;t2;0;7128.79;false
0.15;0.02;0.05;0.06;0.0;0.05;13;/dados/rmelo/PDPTW-SE/benchmark_multi_island_v5/official_experiments/multistartlp/preliminar/set_01_pt_01/logs/heur_mslp/outputs/csvresults_heur_mslp_bash_3.csv;0;6;1;122;0;0.0;0.5;true;62;2;LR1_2_9_t1_60R_60V_02I_06M;/dados/rmelo/PDPTW-SE/benchmark_multi_island_v5/official_experiments/multistartlp/preliminar/set_01_pt_01/configs/genconfig_mslp.conf;genconfig_mslp;/dados/rmelo/PDPTW-SE/benchmark_multi_island_v5/official_experiments/multistartlp/preliminar/set_01_pt_01/logs/heur_mslp/gurobi/60R_60V_02I_06M/LR1_2_9_grb_genconfig_mslp_seed_66_alpha_15p.log;random;60R_60V_02I_06M;1;23855;1;/dados/rmelo/PDPTW-SE/benchmark_multi_island_v5/official_experiments/multistartlp/preliminar/set_01_pt_01/../../../../instances/orig_ams_fg/60R_60V_02I_06M/t1/LR1_2_9/;60000;17497;0;8497.8;121;61;H;50;95;0;100.0;30.0;true;0.95;100.0;1.0;1.0;1.0;1.0;60;M;36145;36145;false;86;0.98;182.58;0.96;43;10;1000000;-1;3600;6.29;0.75;0.76;mslp;heur;0.5;0.48;-1;3600;60000;I;60;1.0;0.23;LR1_2_9;0;/dados/rmelo/PDPTW-SE/benchmark_multi_island_v5/official_experiments/multistartlp/preliminar/set_01_pt_01/logs;0;0;0;39.76;100.0;1;66;/dados/rmelo/PDPTW-SE/benchmark_multi_island_v5/official_experiments/multistartlp/preliminar/set_01_pt_01/logs/heur_mslp/solutions/60R_60V_02I_06M/LR1_2_9_sol_genconfig_mslp_seed_66_alpha_15p.txt;Gurobi;AUTOMATIC;1.75966638982e9;_bash_3;_seed_66_alpha_15p;2272.24;1;367.73;/dados/rmelo/PDPTW-SE/benchmark_multi_island_v5/official_experiments/multistartlp/preliminar/set_01_pt_01/logs/heur_mslp/timelines/60R_60V_02I_06M/LR1_2_9_timeline_genconfig_mslp_seed_66_alpha_15p.txt;1259.88;t1;0;6652.1;false
0.15;0.01;0.02;0.03;0.04;0.11;6;/dados/rmelo/PDPTW-SE/benchmark_multi_island_v5/official_experiments/multistartlp/preliminar/set_01_pt_01/logs/heur_mslp/outputs/csvresults_heur_mslp_bash_3.csv;0;6;1;122;0;0.0;0.5;true;62;2;LR2_2_10_t2_60R_60V_02I_06M;/dados/rmelo/PDPTW-SE/benchmark_multi_island_v5/official_experiments/multistartlp/preliminar/set_01_pt_01/configs/genconfig_mslp.conf;genconfig_mslp;/dados/rmelo/PDPTW-SE/benchmark_multi_island_v5/official_experiments/multistartlp/preliminar/set_01_pt_01/logs/heur_mslp/gurobi/60R_60V_02I_06M/LR2_2_10_grb_genconfig_mslp_seed_66_alpha_15p.log;random;60R_60V_02I_06M;1;0;1;/dados/rmelo/PDPTW-SE/benchmark_multi_island_v5/official_experiments/multistartlp/preliminar/set_01_pt_01/../../../../instances/orig_ams_fg/60R_60V_02I_06M/t2/LR2_2_10/;60000;30617;0;14863.91;121;61;H;50;95;0;100.0;30.0;true;0.95;100.0;1.0;1.0;1.0;1.0;60;M;60000;60000;false;80;0.91;300.67;1.0;40;10;1000000;-1;3600;7.07;0.71;0.99;mslp;heur;0.31;0.97;-1;3600;60000;I;60;0.83;0.1;LR2_2_10;0;/dados/rmelo/PDPTW-SE/benchmark_multi_island_v5/official_experiments/multistartlp/preliminar/set_01_pt_01/logs;0;0;0;0.0;100.0;1;66;/dados/rmelo/PDPTW-SE/benchmark_multi_island_v5/official_experiments/multistartlp/preliminar/set_01_pt_01/logs/heur_mslp/solutions/60R_60V_02I_06M/LR2_2_10_sol_genconfig_mslp_seed_66_alpha_15p.txt;Gurobi;AUTOMATIC;1.75966767241e9;_bash_3;_seed_66_alpha_15p;4240.06;1;1521.91;/dados/rmelo/PDPTW-SE/benchmark_multi_island_v5/official_experiments/multistartlp/preliminar/set_01_pt_01/logs/heur_mslp/timelines/60R_60V_02I_06M/LR2_2_10_timeline_genconfig_mslp_seed_66_alpha_15p.txt;2964.46;t2;0;10786.3;false
0.15;0.11;0.18;0.29;0.03;0.11;1;/dados/rmelo/PDPTW-SE/benchmark_multi_island_v5/official_experiments/multistartlp/preliminar/set_01_pt_01/logs/heur_mslp/outputs/csvresults_heur_mslp_bash_3.csv;0;6;1;122;0;0.0;0.5;true;62;2;LR1_2_6_t1_60R_60V_04I_06M;/dados/rmelo/PDPTW-SE/benchmark_multi_island_v5/official_experiments/multistartlp/preliminar/set_01_pt_01/configs/genconfig_mslp.conf;genconfig_mslp;/dados/rmelo/PDPTW-SE/benchmark_multi_island_v5/official_experiments/multistartlp/preliminar/set_01_pt_01/logs/heur_mslp/gurobi/60R_60V_04I_06M/LR1_2_6_grb_genconfig_mslp_seed_66_alpha_15p.log;random;60R_60V_04I_06M;1;59999;1;/dados/rmelo/PDPTW-SE/benchmark_multi_island_v5/official_experiments/multistartlp/preliminar/set_01_pt_01/../../../../instances/orig_ams_fg/60R_60V_04I_06M/t1/LR1_2_6/;60000;12048;0;8932.76;121;61;H;50;95;0;100.0;30.0;true;0.95;100.0;1.0;1.0;1.0;1.0;60;M;1;1;false;82;0.93;184.15;0.96;41;10;1000000;-1;3600;5.99;0.61;0.62;mslp;heur;0.28;0.15;-1;3600;60000;I;60;1.0;0.28;LR1_2_6;0;/dados/rmelo/PDPTW-SE/benchmark_multi_island_v5/official_experiments/multistartlp/preliminar/set_01_pt_01/logs;0;0;0;100.0;100.0;1;66;/dados/rmelo/PDPTW-SE/benchmark_multi_island_v5/official_experiments/multistartlp/preliminar/set_01_pt_01/logs/heur_mslp/solutions/60R_60V_04I_06M/LR1_2_6_sol_genconfig_mslp_seed_66_alpha_15p.txt;Gurobi;AUTOMATIC;1.75967065792e9;_bash_3;_seed_66_alpha_15p;0.06;1;108.43;/dados/rmelo/PDPTW-SE/benchmark_multi_island_v5/official_experiments/multistartlp/preliminar/set_01_pt_01/logs/heur_mslp/timelines/60R_60V_04I_06M/LR1_2_6_timeline_genconfig_mslp_seed_66_alpha_15p.txt;540.87;t1;0;8397.64;false
0.15;0.02;0.05;0.07;0.0;0.0;2;/dados/rmelo/PDPTW-SE/benchmark_multi_island_v5/official_experiments/multistartlp/preliminar/set_01_pt_01/logs/heur_mslp/outputs/csvresults_heur_mslp_bash_3.csv;0;6;1;122;0;0.0;0.5;true;62;2;LR2_2_8_t2_60R_60V_04I_06M;/dados/rmelo/PDPTW-SE/benchmark_multi_island_v5/official_experiments/multistartlp/preliminar/set_01_pt_01/configs/genconfig_mslp.conf;genconfig_mslp;/dados/rmelo/PDPTW-SE/benchmark_multi_island_v5/official_experiments/multistartlp/preliminar/set_01_pt_01/logs/heur_mslp/gurobi/60R_60V_04I_06M/LR2_2_8_grb_genconfig_mslp_seed_66_alpha_15p.log;random;60R_60V_04I_06M;1;0;1;/dados/rmelo/PDPTW-SE/benchmark_multi_island_v5/official_experiments/multistartlp/preliminar/set_01_pt_01/../../../../instances/orig_ams_fg/60R_60V_04I_06M/t2/LR2_2_8/;18387;251;0;9340.51;121;61;H;50;95;0;100.0;30.0;true;0.95;100.0;1.0;1.0;1.0;1.0;60;M;18305;18387;false;80;0.84;181.1;0.98;40;10;1000000;-1;3600;1.13;0.75;0.96;mslp;heur;0.63;0.93;-1;3600;60000;I;60;1.0;0.07;LR2_2_8;0;/dados/rmelo/PDPTW-SE/benchmark_multi_island_v5/official_experiments/multistartlp/preliminar/set_01_pt_01/logs;0;0;0;0.0;99.55;1;66;/dados/rmelo/PDPTW-SE/benchmark_multi_island_v5/official_experiments/multistartlp/preliminar/set_01_pt_01/logs/heur_mslp/solutions/60R_60V_04I_06M/LR2_2_8_sol_genconfig_mslp_seed_66_alpha_15p.txt;Gurobi;AUTOMATIC;1.75967122112e9;_bash_3;_seed_66_alpha_15p;208.66;1;49.27;/dados/rmelo/PDPTW-SE/benchmark_multi_island_v5/official_experiments/multistartlp/preliminar/set_01_pt_01/logs/heur_mslp/timelines/60R_60V_04I_06M/LR2_2_8_timeline_genconfig_mslp_seed_66_alpha_15p.txt;3600.03;t2;0;7571.78;false
0.15;0.12;0.17;0.29;0.01;0.06;11;/dados/rmelo/PDPTW-SE/benchmark_multi_island_v5/official_experiments/multistartlp/preliminar/set_01_pt_01/logs/heur_mslp/outputs/csvresults_heur_mslp_bash_3.csv;0;6;1;122;0;0.0;0.5;true;62;2;LR1_2_9_t1_60R_60V_04I_06M;/dados/rmelo/PDPTW-SE/benchmark_multi_island_v5/official_experiments/multistartlp/preliminar/set_01_pt_01/configs/genconfig_mslp.conf;genconfig_mslp;/dados/rmelo/PDPTW-SE/benchmark_multi_island_v5/official_experiments/multistartlp/preliminar/set_01_pt_01/logs/heur_mslp/gurobi/60R_60V_04I_06M/LR1_2_9_grb_genconfig_mslp_seed_66_alpha_15p.log;random;60R_60V_04I_06M;1;59452;1;/dados/rmelo/PDPTW-SE/benchmark_multi_island_v5/official_experiments/multistartlp/preliminar/set_01_pt_01/../../../../instances/orig_ams_fg/60R_60V_04I_06M/t1/LR1_2_9/;60000;44596;0;9666.53;121;61;H;50;95;0;100.0;30.0;true;0.95;100.0;1.0;1.0;1.0;1.0;60;M;548;548;false;86;0.91;181.44;1.0;43;10;1000000;-1;3600;7.07;0.75;0.74;mslp;heur;0.25;0.16;-1;3600;60000;I;60;1.0;0.25;LR1_2_9;0;/dados/rmelo/PDPTW-SE/benchmark_multi_island_v5/official_experiments/multistartlp/preliminar/set_01_pt_01/logs;0;0;0;99.09;100.0;1;66;/dados/rmelo/PDPTW-SE/benchmark_multi_island_v5/official_experiments/multistartlp/preliminar/set_01_pt_01/logs/heur_mslp/solutions/60R_60V_04I_06M/LR1_2_9_sol_genconfig_mslp_seed_66_alpha_15p.txt;Gurobi;AUTOMATIC;1.75967484324e9;_bash_3;_seed_66_alpha_15p;38.76;1;496.18;/dados/rmelo/PDPTW-SE/benchmark_multi_island_v5/official_experiments/multistartlp/preliminar/set_01_pt_01/logs/heur_mslp/timelines/60R_60V_04I_06M/LR1_2_9_timeline_genconfig_mslp_seed_66_alpha_15p.txt;666.47;t1;0;7096.58;false
0.15;0.02;0.05;0.07;0.0;0.0;2;/dados/rmelo/PDPTW-SE/benchmark_multi_island_v5/official_experiments/multistartlp/preliminar/set_01_pt_01/logs/heur_mslp/outputs/csvresults_heur_mslp_bash_3.csv;0;6;1;122;0;0.0;0.5;true;62;2;LR2_2_8_t2_60R_60V_04I_06M;/dados/rmelo/PDPTW-SE/benchmark_multi_island_v5/official_experiments/multistartlp/preliminar/set_01_pt_01/configs/genconfig_mslp.conf;genconfig_mslp;/dados/rmelo/PDPTW-SE/benchmark_multi_island_v5/official_experiments/multistartlp/preliminar/set_01_pt_01/logs/heur_mslp/gurobi/60R_60V_04I_06M/LR2_2_8_grb_genconfig_mslp_seed_66_alpha_15p.log;random;60R_60V_04I_06M;1;0;1;/dados/rmelo/PDPTW-SE/benchmark_multi_island_v5/official_experiments/multistartlp/preliminar/set_01_pt_01/../../../../instances/orig_ams_fg/60R_60V_04I_06M/t2/LR2_2_8/;18310;251;0;9683.88;121;61;H;50;95;0;100.0;30.0;true;0.95;100.0;1.0;1.0;1.0;1.0;60;M;18229;18310;false;80;0.84;181.1;0.98;40;10;1000000;-1;3600;1.14;0.75;0.96;mslp;heur;0.63;0.93;-1;3600;60000;I;60;1.0;0.07;LR2_2_8;0;/dados/rmelo/PDPTW-SE/benchmark_multi_island_v5/official_experiments/multistartlp/preliminar/set_01_pt_01/logs;0;0;0;0.0;99.56;1;66;/dados/rmelo/PDPTW-SE/benchmark_multi_island_v5/official_experiments/multistartlp/preliminar/set_01_pt_01/logs/heur_mslp/solutions/60R_60V_04I_06M/LR2_2_8_sol_genconfig_mslp_seed_66_alpha_15p.txt;Gurobi;AUTOMATIC;1.75967553194e9;_bash_3;_seed_66_alpha_15p;207.81;1;48.98;/dados/rmelo/PDPTW-SE/benchmark_multi_island_v5/official_experiments/multistartlp/preliminar/set_01_pt_01/logs/heur_mslp/timelines/60R_60V_04I_06M/LR2_2_8_timeline_genconfig_mslp_seed_66_alpha_15p.txt;3600.08;t2;0;7571.78;false
0.15;0.0;0.12;0.12;0.0;0.0;5;/dados/rmelo/PDPTW-SE/benchmark_multi_island_v5/official_experiments/multistartlp/preliminar/set_01_pt_01/logs/heur_mslp/outputs/csvresults_heur_mslp_bash_3.csv;0;4;1;18;0;0.0;0.5;true;10;2;lr109_t1_08R_08V_02I_04M;/dados/rmelo/PDPTW-SE/benchmark_multi_island_v5/official_experiments/multistartlp/preliminar/set_01_pt_01/configs/genconfig_mslp.conf;genconfig_mslp;/dados/rmelo/PDPTW-SE/benchmark_multi_island_v5/official_experiments/multistartlp/preliminar/set_01_pt_01/logs/heur_mslp/gurobi/08R_08V_02I_04M/lr109_grb_genconfig_mslp_seed_73_alpha_15p.log;random;08R_08V_02I_04M;1;0;1;/dados/rmelo/PDPTW-SE/benchmark_multi_island_v5/official_experiments/multistartlp/preliminar/set_01_pt_01/../../../../instances/orig_ams_fg/08R_08V_02I_04M/t1/lr109/;60000;94;0;601.55;17;9;H;50;95;0;100.0;30.0;true;0.95;100.0;1.0;1.0;1.0;1.0;60;M;60000;60000;false;52;0.91;78.96;0.6;26;10;1000000;-1;3600;9.47;0.77;0.48;mslp;heur;0.59;0.23;-1;3600;60000;I;8;0.5;0.38;lr109;0;/dados/rmelo/PDPTW-SE/benchmark_multi_island_v5/official_experiments/multistartlp/preliminar/set_01_pt_01/logs;0;0;0;0.0;100.0;1;73;/dados/rmelo/PDPTW-SE/benchmark_multi_island_v5/official_experiments/multistartlp/preliminar/set_01_pt_01/logs/heur_mslp/solutions/08R_08V_02I_04M/lr109_sol_genconfig_mslp_seed_73_alpha_15p.txt;Gurobi;AUTOMATIC;1.75967915386e9;_bash_3;_seed_73_alpha_15p;5683.08;1;0.46;/dados/rmelo/PDPTW-SE/benchmark_multi_island_v5/official_experiments/multistartlp/preliminar/set_01_pt_01/logs/heur_mslp/timelines/08R_08V_02I_04M/lr109_timeline_genconfig_mslp_seed_73_alpha_15p.txt;124.9;t1;0;533.17;false
0.15;0.01;0.02;0.03;0.0;0.0;12;/dados/rmelo/PDPTW-SE/benchmark_multi_island_v5/official_experiments/multistartlp/preliminar/set_01_pt_01/logs/heur_mslp/outputs/csvresults_heur_mslp_bash_3.csv;0;4;1;18;0;0.0;0.5;true;10;2;lr209_t2_08R_08V_02I_04M;/dados/rmelo/PDPTW-SE/benchmark_multi_island_v5/official_experiments/multistartlp/preliminar/set_01_pt_01/configs/genconfig_mslp.conf;genconfig_mslp;/dados/rmelo/PDPTW-SE/benchmark_multi_island_v5/official_experiments/multistartlp/preliminar/set_01_pt_01/logs/heur_mslp/gurobi/08R_08V_02I_04M/lr209_grb_genconfig_mslp_seed_73_alpha_15p.log;random;08R_08V_02I_04M;1;0;1;/dados/rmelo/PDPTW-SE/benchmark_multi_island_v5/official_experiments/multistartlp/preliminar/set_01_pt_01/../../../../instances/orig_ams_fg/08R_08V_02I_04M/t2/lr209/;60000;15224;0;1343.86;17;9;H;50;95;0;100.0;30.0;true;0.95;100.0;1.0;1.0;1.0;1.0;60;M;59041;60000;false;46;0.57;77.81;0.82;23;10;1000000;-1;3600;20.69;0.57;0.82;mslp;heur;0.57;0.82;-1;3600;60000;I;8;0.75;0.12;lr209;0;/dados/rmelo/PDPTW-SE/benchmark_multi_island_v5/official_experiments/multistartlp/preliminar/set_01_pt_01/logs;0;0;0;0.0;98.4;1;73;/dados/rmelo/PDPTW-SE/benchmark_multi_island_v5/official_experiments/multistartlp/preliminar/set_01_pt_01/logs/heur_mslp/solutions/08R_08V_02I_04M/lr209_sol_genconfig_mslp_seed_73_alpha_15p.txt;Gurobi;AUTOMATIC;1.75967929954e9;_bash_3;_seed_73_alpha_15p;12411.69;1;36.51;/dados/rmelo/PDPTW-SE/benchmark_multi_island_v5/official_experiments/multistartlp/preliminar/set_01_pt_01/logs/heur_mslp/timelines/08R_08V_02I_04M/lr209_timeline_genconfig_mslp_seed_73_alpha_15p.txt;145.16;t2;0;570.16;false
0.15;0.0;0.24;0.24;0.0;0.01;6;/dados/rmelo/PDPTW-SE/benchmark_multi_island_v5/official_experiments/multistartlp/preliminar/set_01_pt_01/logs/heur_mslp/outputs/csvresults_heur_mslp_bash_3.csv;0;4;1;18;0;0.0;0.5;true;10;2;lr106_t1_08R_08V_02I_04M;/dados/rmelo/PDPTW-SE/benchmark_multi_island_v5/official_experiments/multistartlp/preliminar/set_01_pt_01/configs/genconfig_mslp.conf;genconfig_mslp;/dados/rmelo/PDPTW-SE/benchmark_multi_island_v5/official_experiments/multistartlp/preliminar/set_01_pt_01/logs/heur_mslp/gurobi/08R_08V_02I_04M/lr106_grb_genconfig_mslp_seed_73_alpha_15p.log;random;08R_08V_02I_04M;1;0;1;/dados/rmelo/PDPTW-SE/benchmark_multi_island_v5/official_experiments/multistartlp/preliminar/set_01_pt_01/../../../../instances/orig_ams_fg/08R_08V_02I_04M/t1/lr106/;60000;62;0;741.01;17;9;H;50;95;0;100.0;30.0;true;0.95;100.0;1.0;1.0;1.0;1.0;60;M;60000;60000;false;52;0.83;104.47;0.85;26;10;1000000;-1;3600;18.76;0.62;0.52;mslp;heur;0.45;0.26;-1;3600;60000;I;8;0.25;0.5;lr106;0;/dados/rmelo/PDPTW-SE/benchmark_multi_island_v5/official_experiments/multistartlp/preliminar/set_01_pt_01/logs;0;0;0;0.0;100.0;1;73;/dados/rmelo/PDPTW-SE/benchmark_multi_island_v5/official_experiments/multistartlp/preliminar/set_01_pt_01/logs/heur_mslp/solutions/08R_08V_02I_04M/lr106_sol_genconfig_mslp_seed_73_alpha_15p.txt;Gurobi;AUTOMATIC;1.75967946653e9;_bash_3;_seed_73_alpha_15p;11254.38;1;0.41;/dados/rmelo/PDPTW-SE/benchmark_multi_island_v5/official_experiments/multistartlp/preliminar/set_01_pt_01/logs/heur_mslp/timelines/08R_08V_02I_04M/lr106_timeline_genconfig_mslp_seed_73_alpha_15p.txt;118.42;t1;0;602.78;false
0.15;0.01;0.02;0.03;0.0;0.0;13;/dados/rmelo/PDPTW-SE/benchmark_multi_island_v5/official_experiments/multistartlp/preliminar/set_01_pt_01/logs/heur_mslp/outputs/csvresults_heur_mslp_bash_3.csv;0;4;1;18;0;0.0;0.5;true;10;2;lr208_t2_08R_08V_02I_04M;/dados/rmelo/PDPTW-SE/benchmark_multi_island_v5/official_experiments/multistartlp/preliminar/set_01_pt_01/configs/genconfig_mslp.conf;genconfig_mslp;/dados/rmelo/PDPTW-SE/benchmark_multi_island_v5/official_experiments/multistartlp/preliminar/set_01_pt_01/logs/heur_mslp/gurobi/08R_08V_02I_04M/lr208_grb_genconfig_mslp_seed_73_alpha_15p.log;random;08R_08V_02I_04M;1;0;1;/dados/rmelo/PDPTW-SE/benchmark_multi_island_v5/official_experiments/multistartlp/preliminar/set_01_pt_01/../../../../instances/orig_ams_fg/08R_08V_02I_04M/t2/lr208/;60000;27161;0;760.26;17;9;H;50;95;0;100.0;30.0;true;0.95;100.0;1.0;1.0;1.0;1.0;60;M;46375;60000;false;38;0.56;75.47;0.97;19;10;1000000;-1;3600;4.81;0.56;0.97;mslp;heur;0.56;0.97;-1;3600;60000;I;8;0.5;0.12;lr208;0;/dados/rmelo/PDPTW-SE/benchmark_multi_island_v5/official_experiments/multistartlp/preliminar/set_01_pt_01/logs;0;0;0;0.0;77.29;1;73;/dados/rmelo/PDPTW-SE/benchmark_multi_island_v5/official_experiments/multistartlp/preliminar/set_01_pt_01/logs/heur_mslp/solutions/08R_08V_02I_04M/lr208_sol_genconfig_mslp_seed_73_alpha_15p.txt;Gurobi;AUTOMATIC;1.75967960587e9;_bash_3;_seed_73_alpha_15p;2888.17;1;75.11;/dados/rmelo/PDPTW-SE/benchmark_multi_island_v5/official_experiments/multistartlp/preliminar/set_01_pt_01/logs/heur_mslp/timelines/08R_08V_02I_04M/lr208_timeline_genconfig_mslp_seed_73_alpha_15p.txt;166.73;t2;0;560.49;false
0.15;0.03;0.21;0.25;0.0;0.0;4;/dados/rmelo/PDPTW-SE/benchmark_multi_island_v5/official_experiments/multistartlp/preliminar/set_01_pt_01/logs/heur_mslp/outputs/csvresults_heur_mslp_bash_3.csv;0;4;1;18;0;0.0;0.5;true;10;2;lr110_t1_08R_08V_04I_04M;/dados/rmelo/PDPTW-SE/benchmark_multi_island_v5/official_experiments/multistartlp/preliminar/set_01_pt_01/configs/genconfig_mslp.conf;genconfig_mslp;/dados/rmelo/PDPTW-SE/benchmark_multi_island_v5/official_experiments/multistartlp/preliminar/set_01_pt_01/logs/heur_mslp/gurobi/08R_08V_04I_04M/lr110_grb_genconfig_mslp_seed_73_alpha_15p.log;random;08R_08V_04I_04M;1;3774;1;/dados/rmelo/PDPTW-SE/benchmark_multi_island_v5/official_experiments/multistartlp/preliminar/set_01_pt_01/../../../../instances/orig_ams_fg/08R_08V_04I_04M/t1/lr110/;60000;12737;0;776.98;17;9;H;50;95;0;100.0;30.0;true;0.95;100.0;1.0;1.0;1.0;1.0;60;M;56226;56226;false;52;0.89;73.36;0.82;26;10;1000000;-1;3600;8.29;0.58;0.54;mslp;heur;0.35;0.15;-1;3600;60000;I;8;1.0;0.62;lr110;0;/dados/rmelo/PDPTW-SE/benchmark_multi_island_v5/official_experiments/multistartlp/preliminar/set_01_pt_01/logs;0;0;0;6.29;100.0;1;73;/dados/rmelo/PDPTW-SE/benchmark_multi_island_v5/official_experiments/multistartlp/preliminar/set_01_pt_01/logs/heur_mslp/solutions/08R_08V_04I_04M/lr110_sol_genconfig_mslp_seed_73_alpha_15p.txt;Gurobi;AUTOMATIC;1.75967979444e9;_bash_3;_seed_73_alpha_15p;4662.74;1;28.71;/dados/rmelo/PDPTW-SE/benchmark_multi_island_v5/official_experiments/multistartlp/preliminar/set_01_pt_01/logs/heur_mslp/timelines/08R_08V_04I_04M/lr110_timeline_genconfig_mslp_seed_73_alpha_15p.txt;136.9;t1;0;672.57;false
0.15;0.04;0.06;0.09;0.0;0.0;9;/dados/rmelo/PDPTW-SE/benchmark_multi_island_v5/official_experiments/multistartlp/preliminar/set_01_pt_01/logs/heur_mslp/outputs/csvresults_heur_mslp_bash_3.csv;0;4;1;18;0;0.0;0.5;true;10;2;lr209_t2_08R_08V_04I_04M;/dados/rmelo/PDPTW-SE/benchmark_multi_island_v5/official_experiments/multistartlp/preliminar/set_01_pt_01/configs/genconfig_mslp.conf;genconfig_mslp;/dados/rmelo/PDPTW-SE/benchmark_multi_island_v5/official_experiments/multistartlp/preliminar/set_01_pt_01/logs/heur_mslp/gurobi/08R_08V_04I_04M/lr209_grb_genconfig_mslp_seed_73_alpha_15p.log;random;08R_08V_04I_04M;1;0;1;/dados/rmelo/PDPTW-SE/benchmark_multi_island_v5/official_experiments/multistartlp/preliminar/set_01_pt_01/../../../../instances/orig_ams_fg/08R_08V_04I_04M/t2/lr209/;60000;42436;0;847.06;17;9;H;50;95;0;100.0;30.0;true;0.95;100.0;1.0;1.0;1.0;1.0;60;M;59319;60000;false;46;0.62;78.66;0.82;23;10;1000000;-1;3600;22.84;0.62;0.82;mslp;heur;0.62;0.82;-1;3600;60000;I;8;0.75;0.12;lr209;0;/dados/rmelo/PDPTW-SE/benchmark_multi_island_v5/official_experiments/multistartlp/preliminar/set_01_pt_01/logs;0;0;0;0.0;98.86;1;73;/dados/rmelo/PDPTW-SE/benchmark_multi_island_v5/official_experiments/multistartlp/preliminar/set_01_pt_01/logs/heur_mslp/solutions/08R_08V_04I_04M/lr209_sol_genconfig_mslp_seed_73_alpha_15p.txt;Gurobi;AUTOMATIC;1.75967995324e9;_bash_3;_seed_73_alpha_15p;13706.65;1;139.31;/dados/rmelo/PDPTW-SE/benchmark_multi_island_v5/official_experiments/multistartlp/preliminar/set_01_pt_01/logs/heur_mslp/timelines/08R_08V_04I_04M/lr209_timeline_genconfig_mslp_seed_73_alpha_15p.txt;196.44;t2;0;618.4;false
0.15;0.08;0.17;0.25;0.0;0.0;4;/dados/rmelo/PDPTW-SE/benchmark_multi_island_v5/official_experiments/multistartlp/preliminar/set_01_pt_01/logs/heur_mslp/outputs/csvresults_heur_mslp_bash_3.csv;0;4;1;18;0;0.0;0.5;true;10;2;lr109_t1_08R_08V_04I_04M;/dados/rmelo/PDPTW-SE/benchmark_multi_island_v5/official_experiments/multistartlp/preliminar/set_01_pt_01/configs/genconfig_mslp.conf;genconfig_mslp;/dados/rmelo/PDPTW-SE/benchmark_multi_island_v5/official_experiments/multistartlp/preliminar/set_01_pt_01/logs/heur_mslp/gurobi/08R_08V_04I_04M/lr109_grb_genconfig_mslp_seed_73_alpha_15p.log;random;08R_08V_04I_04M;1;0;1;/dados/rmelo/PDPTW-SE/benchmark_multi_island_v5/official_experiments/multistartlp/preliminar/set_01_pt_01/../../../../instances/orig_ams_fg/08R_08V_04I_04M/t1/lr109/;60000;16;0;705.4;17;9;H;50;95;0;100.0;30.0;true;0.95;100.0;1.0;1.0;1.0;1.0;60;M;60000;60000;false;52;0.9;65.14;0.56;26;10;1000000;-1;3600;12.54;0.6;0.4;mslp;heur;0.42;0.21;-1;3600;60000;I;8;0.75;0.5;lr109;0;/dados/rmelo/PDPTW-SE/benchmark_multi_island_v5/official_experiments/multistartlp/preliminar/set_01_pt_01/logs;0;0;0;0.0;100.0;1;73;/dados/rmelo/PDPTW-SE/benchmark_multi_island_v5/official_experiments/multistartlp/preliminar/set_01_pt_01/logs/heur_mslp/solutions/08R_08V_04I_04M/lr109_sol_genconfig_mslp_seed_73_alpha_15p.txt;Gurobi;AUTOMATIC;1.75968017066e9;_bash_3;_seed_73_alpha_15p;7525.97;1;0.35;/dados/rmelo/PDPTW-SE/benchmark_multi_island_v5/official_experiments/multistartlp/preliminar/set_01_pt_01/logs/heur_mslp/timelines/08R_08V_04I_04M/lr109_timeline_genconfig_mslp_seed_73_alpha_15p.txt;139.08;t1;0;555.44;false
0.15;0.02;0.04;0.06;0.0;0.0;13;/dados/rmelo/PDPTW-SE/benchmark_multi_island_v5/official_experiments/multistartlp/preliminar/set_01_pt_01/logs/heur_mslp/outputs/csvresults_heur_mslp_bash_3.csv;0;4;1;18;0;0.0;0.5;true;10;2;lr208_t2_08R_08V_04I_04M;/dados/rmelo/PDPTW-SE/benchmark_multi_island_v5/official_experiments/multistartlp/preliminar/set_01_pt_01/configs/genconfig_mslp.conf;genconfig_mslp;/dados/rmelo/PDPTW-SE/benchmark_multi_island_v5/official_experiments/multistartlp/preliminar/set_01_pt_01/logs/heur_mslp/gurobi/08R_08V_04I_04M/lr208_grb_genconfig_mslp_seed_73_alpha_15p.log;random;08R_08V_04I_04M;1;0;1;/dados/rmelo/PDPTW-SE/benchmark_multi_island_v5/official_experiments/multistartlp/preliminar/set_01_pt_01/../../../../instances/orig_ams_fg/08R_08V_04I_04M/t2/lr208/;60000;41475;0;824.81;17;9;H;50;95;0;100.0;30.0;true;0.95;100.0;1.0;1.0;1.0;1.0;60;M;33307;60000;false;38;0.62;77.91;0.97;19;10;1000000;-1;3600;3.69;0.62;0.97;mslp;heur;0.62;0.97;-1;3600;60000;I;8;1.0;0.12;lr208;0;/dados/rmelo/PDPTW-SE/benchmark_multi_island_v5/official_experiments/multistartlp/preliminar/set_01_pt_01/logs;0;0;0;0.0;55.51;1;73;/dados/rmelo/PDPTW-SE/benchmark_multi_island_v5/official_experiments/multistartlp/preliminar/set_01_pt_01/logs/heur_mslp/solutions/08R_08V_04I_04M/lr208_sol_genconfig_mslp_seed_73_alpha_15p.txt;Gurobi;AUTOMATIC;1.75968033173e9;_bash_3;_seed_73_alpha_15p;2214.56;1;169.07;/dados/rmelo/PDPTW-SE/benchmark_multi_island_v5/official_experiments/multistartlp/preliminar/set_01_pt_01/logs/heur_mslp/timelines/08R_08V_04I_04M/lr208_timeline_genconfig_mslp_seed_73_alpha_15p.txt;243.86;t2;0;621.58;false
0.15;0.0;0.07;0.07;0.0;0.0;11;/dados/rmelo/PDPTW-SE/benchmark_multi_island_v5/official_experiments/multistartlp/preliminar/set_01_pt_01/logs/heur_mslp/outputs/csvresults_heur_mslp_bash_3.csv;0;4;1;26;0;0.0;0.5;true;14;2;lr109_t1_12R_12V_02I_04M;/dados/rmelo/PDPTW-SE/benchmark_multi_island_v5/official_experiments/multistartlp/preliminar/set_01_pt_01/configs/genconfig_mslp.conf;genconfig_mslp;/dados/rmelo/PDPTW-SE/benchmark_multi_island_v5/official_experiments/multistartlp/preliminar/set_01_pt_01/logs/heur_mslp/gurobi/12R_12V_02I_04M/lr109_grb_genconfig_mslp_seed_73_alpha_15p.log;random;12R_12V_02I_04M;1;0;1;/dados/rmelo/PDPTW-SE/benchmark_multi_island_v5/official_experiments/multistartlp/preliminar/set_01_pt_01/../../../../instances/orig_ams_fg/12R_12V_02I_04M/t1/lr109/;60000;4069;0;851.39;25;13;H;50;95;0;100.0;30.0;true;0.95;100.0;1.0;1.0;1.0;1.0;60;M;60000;60000;false;58;0.83;96.56;0.92;29;10;1000000;-1;3600;8.8;0.79;0.67;mslp;heur;0.73;0.25;-1;3600;60000;I;12;0.5;0.33;lr109;0;/dados/rmelo/PDPTW-SE/benchmark_multi_island_v5/official_experiments/multistartlp/preliminar/set_01_pt_01/logs;0;0;0;0.0;100.0;1;73;/dados/rmelo/PDPTW-SE/benchmark_multi_island_v5/official_experiments/multistartlp/preliminar/set_01_pt_01/logs/heur_mslp/solutions/12R_12V_02I_04M/lr109_sol_genconfig_mslp_seed_73_alpha_15p.txt;Gurobi;AUTOMATIC;1.75968059669e9;_bash_3;_seed_73_alpha_15p;5280.41;1;10.87;/dados/rmelo/PDPTW-SE/benchmark_multi_island_v5/official_experiments/multistartlp/preliminar/set_01_pt_01/logs/heur_mslp/timelines/12R_12V_02I_04M/lr109_timeline_genconfig_mslp_seed_73_alpha_15p.txt;158.67;t1;0;722.63;false
0.15;0.01;0.01;0.02;0.0;0.0;9;/dados/rmelo/PDPTW-SE/benchmark_multi_island_v5/official_experiments/multistartlp/preliminar/set_01_pt_01/logs/heur_mslp/outputs/csvresults_heur_mslp_bash_3.csv;0;4;1;26;0;0.0;0.5;true;14;2;lr208_t2_12R_12V_02I_04M;/dados/rmelo/PDPTW-SE/benchmark_multi_island_v5/official_experiments/multistartlp/preliminar/set_01_pt_01/configs/genconfig_mslp.conf;genconfig_mslp;/dados/rmelo/PDPTW-SE/benchmark_multi_island_v5/official_experiments/multistartlp/preliminar/set_01_pt_01/logs/heur_mslp/gurobi/12R_12V_02I_04M/lr208_grb_genconfig_mslp_seed_73_alpha_15p.log;random;12R_12V_02I_04M;1;0;1;/dados/rmelo/PDPTW-SE/benchmark_multi_island_v5/official_experiments/multistartlp/preliminar/set_01_pt_01/../../../../instances/orig_ams_fg/12R_12V_02I_04M/t2/lr208/;60000;17906;0;1091.93;25;13;H;50;95;0;100.0;30.0;true;0.95;100.0;1.0;1.0;1.0;1.0;60;M;51528;60000;false;58;0.78;113.97;0.9;29;10;1000000;-1;3600;6.21;0.78;0.9;mslp;heur;0.78;0.9;-1;3600;60000;I;12;0.75;0.08;lr208;0;/dados/rmelo/PDPTW-SE/benchmark_multi_island_v5/official_experiments/multistartlp/preliminar/set_01_pt_01/logs;0;0;0;0.0;85.88;1;73;/dados/rmelo/PDPTW-SE/benchmark_multi_island_v5/official_experiments/multistartlp/preliminar/set_01_pt_01/logs/heur_mslp/solutions/12R_12V_02I_04M/lr208_sol_genconfig_mslp_seed_73_alpha_15p.txt;Gurobi;AUTOMATIC;1.75968077707e9;_bash_3;_seed_73_alpha_15p;3728.55;1;88.65;/dados/rmelo/PDPTW-SE/benchmark_multi_island_v5/official_experiments/multistartlp/preliminar/set_01_pt_01/logs/heur_mslp/timelines/12R_12V_02I_04M/lr208_timeline_genconfig_mslp_seed_73_alpha_15p.txt;296.7;t2;0;784.04;false
0.15;0.02;0.08;0.1;0.0;0.0;6;/dados/rmelo/PDPTW-SE/benchmark_multi_island_v5/official_experiments/multistartlp/preliminar/set_01_pt_01/logs/heur_mslp/outputs/csvresults_heur_mslp_bash_3.csv;0;4;1;26;0;0.0;0.5;true;14;2;lr110_t1_12R_12V_02I_04M;/dados/rmelo/PDPTW-SE/benchmark_multi_island_v5/official_experiments/multistartlp/preliminar/set_01_pt_01/configs/genconfig_mslp.conf;genconfig_mslp;/dados/rmelo/PDPTW-SE/benchmark_multi_island_v5/official_experiments/multistartlp/preliminar/set_01_pt_01/logs/heur_mslp/gurobi/12R_12V_02I_04M/lr110_grb_genconfig_mslp_seed_73_alpha_15p.log;random;12R_12V_02I_04M;1;1522;1;/dados/rmelo/PDPTW-SE/benchmark_multi_island_v5/official_experiments/multistartlp/preliminar/set_01_pt_01/../../../../instances/orig_ams_fg/12R_12V_02I_04M/t1/lr110/;60000;40534;0;1053.77;25;13;H;50;95;0;100.0;30.0;true;0.95;100.0;1.0;1.0;1.0;1.0;60;M;58478;58478;false;52;0.99;121.03;0.85;26;10;1000000;-1;3600;4.66;0.7;0.57;mslp;heur;0.52;0.19;-1;3600;60000;I;12;1.0;0.5;lr110;0;/dados/rmelo/PDPTW-SE/benchmark_multi_island_v5/official_experiments/multistartlp/preliminar/set_01_pt_01/logs;0;0;0;2.54;100.0;1;73;/dados/rmelo/PDPTW-SE/benchmark_multi_island_v5/official_experiments/multistartlp/preliminar/set_01_pt_01/logs/heur_mslp/solutions/12R_12V_02I_04M/lr110_sol_genconfig_mslp_seed_73_alpha_15p.txt;Gurobi;AUTOMATIC;1.75968109607e9;_bash_3;_seed_73_alpha_15p;2724.61;1;110.46;/dados/rmelo/PDPTW-SE/benchmark_multi_island_v5/official_experiments/multistartlp/preliminar/set_01_pt_01/logs/heur_mslp/timelines/12R_12V_02I_04M/lr110_timeline_genconfig_mslp_seed_73_alpha_15p.txt;162.12;t1;0;971.55;false
0.15;0.0;0.03;0.03;0.0;0.0;17;/dados/rmelo/PDPTW-SE/benchmark_multi_island_v5/official_experiments/multistartlp/preliminar/set_01_pt_01/logs/heur_mslp/outputs/csvresults_heur_mslp_bash_3.csv;0;4;1;26;0;0.0;0.5;true;14;2;lr207_t2_12R_12V_02I_04M;/dados/rmelo/PDPTW-SE/benchmark_multi_island_v5/official_experiments/multistartlp/preliminar/set_01_pt_01/configs/genconfig_mslp.conf;genconfig_mslp;/dados/rmelo/PDPTW-SE/benchmark_multi_island_v5/official_experiments/multistartlp/preliminar/set_01_pt_01/logs/heur_mslp/gurobi/12R_12V_02I_04M/lr207_grb_genconfig_mslp_seed_73_alpha_15p.log;random;12R_12V_02I_04M;1;0;1;/dados/rmelo/PDPTW-SE/benchmark_multi_island_v5/official_experiments/multistartlp/preliminar/set_01_pt_01/../../../../instances/orig_ams_fg/12R_12V_02I_04M/t2/lr207/;60000;50700;0;1561.02;25;13;H;50;95;0;100.0;30.0;true;0.95;100.0;1.0;1.0;1.0;1.0;60;M;59879;60000;false;40;0.87;107.37;1.0;20;10;1000000;-1;3600;14.2;0.87;1.0;mslp;heur;0.87;1.0;-1;3600;60000;I;12;0.25;0.08;lr207;0;/dados/rmelo/PDPTW-SE/benchmark_multi_island_v5/official_experiments/multistartlp/preliminar/set_01_pt_01/logs;0;0;0;0.0;99.8;1;73;/dados/rmelo/PDPTW-SE/benchmark_multi_island_v5/official_experiments/multistartlp/preliminar/set_01_pt_01/logs/heur_mslp/solutions/12R_12V_02I_04M/lr207_sol_genconfig_mslp_seed_73_alpha_15p.txt;Gurobi;AUTOMATIC;1.75968128012e9;_bash_3;_seed_73_alpha_15p;8521.43;1;219.55;/dados/rmelo/PDPTW-SE/benchmark_multi_island_v5/official_experiments/multistartlp/preliminar/set_01_pt_01/logs/heur_mslp/timelines/12R_12V_02I_04M/lr207_timeline_genconfig_mslp_seed_73_alpha_15p.txt;260.13;t2;0;870.5;false
0.15;0.1;0.2;0.3;0.0;0.0;3;/dados/rmelo/PDPTW-SE/benchmark_multi_island_v5/official_experiments/multistartlp/preliminar/set_01_pt_01/logs/heur_mslp/outputs/csvresults_heur_mslp_bash_3.csv;0;4;1;26;0;0.0;0.5;true;14;2;lr110_t1_12R_12V_04I_04M;/dados/rmelo/PDPTW-SE/benchmark_multi_island_v5/official_experiments/multistartlp/preliminar/set_01_pt_01/configs/genconfig_mslp.conf;genconfig_mslp;/dados/rmelo/PDPTW-SE/benchmark_multi_island_v5/official_experiments/multistartlp/preliminar/set_01_pt_01/logs/heur_mslp/gurobi/12R_12V_04I_04M/lr110_grb_genconfig_mslp_seed_73_alpha_15p.log;random;12R_12V_04I_04M;1;862;1;/dados/rmelo/PDPTW-SE/benchmark_multi_island_v5/official_experiments/multistartlp/preliminar/set_01_pt_01/../../../../instances/orig_ams_fg/12R_12V_04I_04M/t1/lr110/;60000;1121;0;1073.97;25;13;H;50;95;0;100.0;30.0;true;0.95;100.0;1.0;1.0;1.0;1.0;60;M;59138;59138;false;52;0.72;72.82;0.85;26;10;1000000;-1;3600;12.81;0.57;0.46;mslp;heur;0.37;0.1;-1;3600;60000;I;12;1.0;0.5;lr110;0;/dados/rmelo/PDPTW-SE/benchmark_multi_island_v5/official_experiments/multistartlp/preliminar/set_01_pt_01/logs;0;0;0;1.44;100.0;1;73;/dados/rmelo/PDPTW-SE/benchmark_multi_island_v5/official_experiments/multistartlp/preliminar/set_01_pt_01/logs/heur_mslp/solutions/12R_12V_04I_04M/lr110_sol_genconfig_mslp_seed_73_alpha_15p.txt;Gurobi;AUTOMATIC;1.75968156117e9;_bash_3;_seed_73_alpha_15p;7576.97;1;3.75;/dados/rmelo/PDPTW-SE/benchmark_multi_island_v5/official_experiments/multistartlp/preliminar/set_01_pt_01/logs/heur_mslp/timelines/12R_12V_04I_04M/lr110_timeline_genconfig_mslp_seed_73_alpha_15p.txt;182.68;t1;0;788.9;false
0.15;0.03;0.05;0.08;0.0;0.0;6;/dados/rmelo/PDPTW-SE/benchmark_multi_island_v5/official_experiments/multistartlp/preliminar/set_01_pt_01/logs/heur_mslp/outputs/csvresults_heur_mslp_bash_3.csv;0;4;1;26;0;0.0;0.5;true;14;2;lr207_t2_12R_12V_04I_04M;/dados/rmelo/PDPTW-SE/benchmark_multi_island_v5/official_experiments/multistartlp/preliminar/set_01_pt_01/configs/genconfig_mslp.conf;genconfig_mslp;/dados/rmelo/PDPTW-SE/benchmark_multi_island_v5/official_experiments/multistartlp/preliminar/set_01_pt_01/logs/heur_mslp/gurobi/12R_12V_04I_04M/lr207_grb_genconfig_mslp_seed_73_alpha_15p.log;random;12R_12V_04I_04M;1;0;1;/dados/rmelo/PDPTW-SE/benchmark_multi_island_v5/official_experiments/multistartlp/preliminar/set_01_pt_01/../../../../instances/orig_ams_fg/12R_12V_04I_04M/t2/lr207/;60000;5705;0;1535.84;25;13;H;50;95;0;100.0;30.0;true;0.95;100.0;1.0;1.0;1.0;1.0;60;M;59969;60000;false;40;0.89;86.12;0.97;20;10;1000000;-1;3600;15.7;0.89;0.97;mslp;heur;0.89;0.97;-1;3600;60000;I;12;1.0;0.08;lr207;0;/dados/rmelo/PDPTW-SE/benchmark_multi_island_v5/official_experiments/multistartlp/preliminar/set_01_pt_01/logs;0;0;0;0.0;99.95;1;73;/dados/rmelo/PDPTW-SE/benchmark_multi_island_v5/official_experiments/multistartlp/preliminar/set_01_pt_01/logs/heur_mslp/solutions/12R_12V_04I_04M/lr207_sol_genconfig_mslp_seed_73_alpha_15p.txt;Gurobi;AUTOMATIC;1.75968176512e9;_bash_3;_seed_73_alpha_15p;9417.92;1;32.52;/dados/rmelo/PDPTW-SE/benchmark_multi_island_v5/official_experiments/multistartlp/preliminar/set_01_pt_01/logs/heur_mslp/timelines/12R_12V_04I_04M/lr207_timeline_genconfig_mslp_seed_73_alpha_15p.txt;340.96;t2;0;887.07;false
0.15;0.08;0.15;0.23;0.0;0.04;9;/dados/rmelo/PDPTW-SE/benchmark_multi_island_v5/official_experiments/multistartlp/preliminar/set_01_pt_01/logs/heur_mslp/outputs/csvresults_heur_mslp_bash_3.csv;0;4;1;26;0;0.0;0.5;true;14;2;lr108_t1_12R_12V_04I_04M;/dados/rmelo/PDPTW-SE/benchmark_multi_island_v5/official_experiments/multistartlp/preliminar/set_01_pt_01/configs/genconfig_mslp.conf;genconfig_mslp;/dados/rmelo/PDPTW-SE/benchmark_multi_island_v5/official_experiments/multistartlp/preliminar/set_01_pt_01/logs/heur_mslp/gurobi/12R_12V_04I_04M/lr108_grb_genconfig_mslp_seed_73_alpha_15p.log;random;12R_12V_04I_04M;1;465;1;/dados/rmelo/PDPTW-SE/benchmark_multi_island_v5/official_experiments/multistartlp/preliminar/set_01_pt_01/../../../../instances/orig_ams_fg/12R_12V_04I_04M/t1/lr108/;60000;34188;0;1233.7;25;13;H;50;95;0;100.0;30.0;true;0.95;100.0;1.0;1.0;1.0;1.0;60;M;59535;59535;false;58;0.99;75.48;0.78;29;10;1000000;-1;3600;5.86;0.91;0.65;mslp;heur;0.77;0.48;-1;3600;60000;I;12;1.0;0.33;lr108;0;/dados/rmelo/PDPTW-SE/benchmark_multi_island_v5/official_experiments/multistartlp/preliminar/set_01_pt_01/logs;0;0;0;0.78;100.0;1;73;/dados/rmelo/PDPTW-SE/benchmark_multi_island_v5/official_experiments/multistartlp/preliminar/set_01_pt_01/logs/heur_mslp/solutions/12R_12V_04I_04M/lr108_sol_genconfig_mslp_seed_73_alpha_15p.txt;Gurobi;AUTOMATIC;1.75968212705e9;_bash_3;_seed_73_alpha_15p;3491.47;1;116.32;/dados/rmelo/PDPTW-SE/benchmark_multi_island_v5/official_experiments/multistartlp/preliminar/set_01_pt_01/logs/heur_mslp/timelines/12R_12V_04I_04M/lr108_timeline_genconfig_mslp_seed_73_alpha_15p.txt;202.92;t1;0;833.76;false
0.15;0.03;0.05;0.08;0.0;0.0;6;/dados/rmelo/PDPTW-SE/benchmark_multi_island_v5/official_experiments/multistartlp/preliminar/set_01_pt_01/logs/heur_mslp/outputs/csvresults_heur_mslp_bash_3.csv;0;4;1;26;0;0.0;0.5;true;14;2;lr207_t2_12R_12V_04I_04M;/dados/rmelo/PDPTW-SE/benchmark_multi_island_v5/official_experiments/multistartlp/preliminar/set_01_pt_01/configs/genconfig_mslp.conf;genconfig_mslp;/dados/rmelo/PDPTW-SE/benchmark_multi_island_v5/official_experiments/multistartlp/preliminar/set_01_pt_01/logs/heur_mslp/gurobi/12R_12V_04I_04M/lr207_grb_genconfig_mslp_seed_73_alpha_15p.log;random;12R_12V_04I_04M;1;0;1;/dados/rmelo/PDPTW-SE/benchmark_multi_island_v5/official_experiments/multistartlp/preliminar/set_01_pt_01/../../../../instances/orig_ams_fg/12R_12V_04I_04M/t2/lr207/;60000;5705;0;1535.84;25;13;H;50;95;0;100.0;30.0;true;0.95;100.0;1.0;1.0;1.0;1.0;60;M;59969;60000;false;40;0.89;86.12;0.97;20;10;1000000;-1;3600;15.7;0.89;0.97;mslp;heur;0.89;0.97;-1;3600;60000;I;12;1.0;0.08;lr207;0;/dados/rmelo/PDPTW-SE/benchmark_multi_island_v5/official_experiments/multistartlp/preliminar/set_01_pt_01/logs;0;0;0;0.0;99.95;1;73;/dados/rmelo/PDPTW-SE/benchmark_multi_island_v5/official_experiments/multistartlp/preliminar/set_01_pt_01/logs/heur_mslp/solutions/12R_12V_04I_04M/lr207_sol_genconfig_mslp_seed_73_alpha_15p.txt;Gurobi;AUTOMATIC;1.75968235198e9;_bash_3;_seed_73_alpha_15p;9417.92;1;32.92;/dados/rmelo/PDPTW-SE/benchmark_multi_island_v5/official_experiments/multistartlp/preliminar/set_01_pt_01/logs/heur_mslp/timelines/12R_12V_04I_04M/lr207_timeline_genconfig_mslp_seed_73_alpha_15p.txt;342.5;t2;0;887.07;false
0.15;0.01;0.07;0.08;0.0;0.08;8;/dados/rmelo/PDPTW-SE/benchmark_multi_island_v5/official_experiments/multistartlp/preliminar/set_01_pt_01/logs/heur_mslp/outputs/csvresults_heur_mslp_bash_3.csv;0;6;1;82;0;0.0;0.5;true;42;2;LR1_2_6_t1_40R_40V_02I_06M;/dados/rmelo/PDPTW-SE/benchmark_multi_island_v5/official_experiments/multistartlp/preliminar/set_01_pt_01/configs/genconfig_mslp.conf;genconfig_mslp;/dados/rmelo/PDPTW-SE/benchmark_multi_island_v5/official_experiments/multistartlp/preliminar/set_01_pt_01/logs/heur_mslp/gurobi/40R_40V_02I_06M/LR1_2_6_grb_genconfig_mslp_seed_73_alpha_15p.log;random;40R_40V_02I_06M;1;58325;1;/dados/rmelo/PDPTW-SE/benchmark_multi_island_v5/official_experiments/multistartlp/preliminar/set_01_pt_01/../../../../instances/orig_ams_fg/40R_40V_02I_06M/t1/LR1_2_6/;60000;28449;0;6686.76;81;41;H;50;95;0;100.0;30.0;true;0.95;100.0;1.0;1.0;1.0;1.0;60;M;1675;1675;false;72;0.99;213.59;1.0;36;10;1000000;-1;3600;4.89;0.73;0.64;mslp;heur;0.36;0.15;-1;3600;60000;I;40;1.0;0.3;LR1_2_6;0;/dados/rmelo/PDPTW-SE/benchmark_multi_island_v5/official_experiments/multistartlp/preliminar/set_01_pt_01/logs;0;0;0;97.21;100.0;1;73;/dados/rmelo/PDPTW-SE/benchmark_multi_island_v5/official_experiments/multistartlp/preliminar/set_01_pt_01/logs/heur_mslp/solutions/40R_40V_02I_06M/LR1_2_6_sol_genconfig_mslp_seed_73_alpha_15p.txt;Gurobi;AUTOMATIC;1.75968271665e9;_bash_3;_seed_73_alpha_15p;81.98;1;120.91;/dados/rmelo/PDPTW-SE/benchmark_multi_island_v5/official_experiments/multistartlp/preliminar/set_01_pt_01/logs/heur_mslp/timelines/40R_40V_02I_06M/LR1_2_6_timeline_genconfig_mslp_seed_73_alpha_15p.txt;256.16;t1;0;5589.28;false
0.15;0.01;0.01;0.02;0.0;0.2;8;/dados/rmelo/PDPTW-SE/benchmark_multi_island_v5/official_experiments/multistartlp/preliminar/set_01_pt_01/logs/heur_mslp/outputs/csvresults_heur_mslp_bash_3.csv;0;6;1;82;0;0.0;0.5;true;42;2;LR2_2_10_t2_40R_40V_02I_06M;/dados/rmelo/PDPTW-SE/benchmark_multi_island_v5/official_experiments/multistartlp/preliminar/set_01_pt_01/configs/genconfig_mslp.conf;genconfig_mslp;/dados/rmelo/PDPTW-SE/benchmark_multi_island_v5/official_experiments/multistartlp/preliminar/set_01_pt_01/logs/heur_mslp/gurobi/40R_40V_02I_06M/LR2_2_10_grb_genconfig_mslp_seed_73_alpha_15p.log;random;40R_40V_02I_06M;1;0;1;/dados/rmelo/PDPTW-SE/benchmark_multi_island_v5/official_experiments/multistartlp/preliminar/set_01_pt_01/../../../../instances/orig_ams_fg/40R_40V_02I_06M/t2/LR2_2_10/;60000;14694;0;8736.99;81;41;H;50;95;0;100.0;30.0;true;0.95;100.0;1.0;1.0;1.0;1.0;60;M;60000;60000;false;80;0.86;269.32;0.99;40;10;1000000;-1;3600;6.33;0.5;0.81;mslp;heur;0.23;0.28;-1;3600;60000;I;40;0.67;0.12;LR2_2_10;0;/dados/rmelo/PDPTW-SE/benchmark_multi_island_v5/official_experiments/multistartlp/preliminar/set_01_pt_01/logs;0;0;0;0.0;100.0;1;73;/dados/rmelo/PDPTW-SE/benchmark_multi_island_v5/official_experiments/multistartlp/preliminar/set_01_pt_01/logs/heur_mslp/solutions/40R_40V_02I_06M/LR2_2_10_sol_genconfig_mslp_seed_73_alpha_15p.txt;Gurobi;AUTOMATIC;1.75968299439e9;_bash_3;_seed_73_alpha_15p;3797.68;1;349.4;/dados/rmelo/PDPTW-SE/benchmark_multi_island_v5/official_experiments/multistartlp/preliminar/set_01_pt_01/logs/heur_mslp/timelines/40R_40V_02I_06M/LR2_2_10_timeline_genconfig_mslp_seed_73_alpha_15p.txt;1426.35;t2;0;6354.86;false
0.15;0.0;0.03;0.04;0.0;0.02;7;/dados/rmelo/PDPTW-SE/benchmark_multi_island_v5/official_experiments/multistartlp/preliminar/set_01_pt_01/logs/heur_mslp/outputs/csvresults_heur_mslp_bash_3.csv;0;6;1;82;0;0.0;0.5;true;42;2;LR1_2_8_t1_40R_40V_02I_06M;/dados/rmelo/PDPTW-SE/benchmark_multi_island_v5/official_experiments/multistartlp/preliminar/set_01_pt_01/configs/genconfig_mslp.conf;genconfig_mslp;/dados/rmelo/PDPTW-SE/benchmark_multi_island_v5/official_experiments/multistartlp/preliminar/set_01_pt_01/logs/heur_mslp/gurobi/40R_40V_02I_06M/LR1_2_8_grb_genconfig_mslp_seed_73_alpha_15p.log;random;40R_40V_02I_06M;1;55457;1;/dados/rmelo/PDPTW-SE/benchmark_multi_island_v5/official_experiments/multistartlp/preliminar/set_01_pt_01/../../../../instances/orig_ams_fg/40R_40V_02I_06M/t1/LR1_2_8/;60000;28837;0;5807.35;81;41;H;50;95;0;100.0;30.0;true;0.95;100.0;1.0;1.0;1.0;1.0;60;M;4543;4543;false;86;1.0;260.25;0.9;43;10;1000000;-1;3600;1.85;0.82;0.71;mslp;heur;0.23;0.22;-1;3600;60000;I;40;1.0;0.18;LR1_2_8;0;/dados/rmelo/PDPTW-SE/benchmark_multi_island_v5/official_experiments/multistartlp/preliminar/set_01_pt_01/logs;0;0;0;92.43;100.0;1;73;/dados/rmelo/PDPTW-SE/benchmark_multi_island_v5/official_experiments/multistartlp/preliminar/set_01_pt_01/logs/heur_mslp/solutions/40R_40V_02I_06M/LR1_2_8_sol_genconfig_mslp_seed_73_alpha_15p.txt;Gurobi;AUTOMATIC;1.75968444286e9;_bash_3;_seed_73_alpha_15p;83.98;1;200.15;/dados/rmelo/PDPTW-SE/benchmark_multi_island_v5/official_experiments/multistartlp/preliminar/set_01_pt_01/logs/heur_mslp/timelines/40R_40V_02I_06M/LR1_2_8_timeline_genconfig_mslp_seed_73_alpha_15p.txt;416.6;t1;0;3961.01;false
0.15;0.01;0.01;0.02;0.0;0.2;8;/dados/rmelo/PDPTW-SE/benchmark_multi_island_v5/official_experiments/multistartlp/preliminar/set_01_pt_01/logs/heur_mslp/outputs/csvresults_heur_mslp_bash_3.csv;0;6;1;82;0;0.0;0.5;true;42;2;LR2_2_10_t2_40R_40V_02I_06M;/dados/rmelo/PDPTW-SE/benchmark_multi_island_v5/official_experiments/multistartlp/preliminar/set_01_pt_01/configs/genconfig_mslp.conf;genconfig_mslp;/dados/rmelo/PDPTW-SE/benchmark_multi_island_v5/official_experiments/multistartlp/preliminar/set_01_pt_01/logs/heur_mslp/gurobi/40R_40V_02I_06M/LR2_2_10_grb_genconfig_mslp_seed_73_alpha_15p.log;random;40R_40V_02I_06M;1;0;1;/dados/rmelo/PDPTW-SE/benchmark_multi_island_v5/official_experiments/multistartlp/preliminar/set_01_pt_01/../../../../instances/orig_ams_fg/40R_40V_02I_06M/t2/LR2_2_10/;60000;14694;0;8736.99;81;41;H;50;95;0;100.0;30.0;true;0.95;100.0;1.0;1.0;1.0;1.0;60;M;60000;60000;false;80;0.86;269.32;0.99;40;10;1000000;-1;3600;6.33;0.5;0.81;mslp;heur;0.23;0.28;-1;3600;60000;I;40;0.67;0.12;LR2_2_10;0;/dados/rmelo/PDPTW-SE/benchmark_multi_island_v5/official_experiments/multistartlp/preliminar/set_01_pt_01/logs;0;0;0;0.0;100.0;1;73;/dados/rmelo/PDPTW-SE/benchmark_multi_island_v5/official_experiments/multistartlp/preliminar/set_01_pt_01/logs/heur_mslp/solutions/40R_40V_02I_06M/LR2_2_10_sol_genconfig_mslp_seed_73_alpha_15p.txt;Gurobi;AUTOMATIC;1.75968488192e9;_bash_3;_seed_73_alpha_15p;3797.68;1;355.35;/dados/rmelo/PDPTW-SE/benchmark_multi_island_v5/official_experiments/multistartlp/preliminar/set_01_pt_01/logs/heur_mslp/timelines/40R_40V_02I_06M/LR2_2_10_timeline_genconfig_mslp_seed_73_alpha_15p.txt;1433.95;t2;0;6354.86;false
0.15;0.06;0.11;0.17;0.01;0.02;10;/dados/rmelo/PDPTW-SE/benchmark_multi_island_v5/official_experiments/multistartlp/preliminar/set_01_pt_01/logs/heur_mslp/outputs/csvresults_heur_mslp_bash_3.csv;0;6;1;82;0;0.0;0.5;true;42;2;LR1_2_10_t1_40R_40V_04I_06M;/dados/rmelo/PDPTW-SE/benchmark_multi_island_v5/official_experiments/multistartlp/preliminar/set_01_pt_01/configs/genconfig_mslp.conf;genconfig_mslp;/dados/rmelo/PDPTW-SE/benchmark_multi_island_v5/official_experiments/multistartlp/preliminar/set_01_pt_01/logs/heur_mslp/gurobi/40R_40V_04I_06M/LR1_2_10_grb_genconfig_mslp_seed_73_alpha_15p.log;random;40R_40V_04I_06M;1;15039;1;/dados/rmelo/PDPTW-SE/benchmark_multi_island_v5/official_experiments/multistartlp/preliminar/set_01_pt_01/../../../../instances/orig_ams_fg/40R_40V_04I_06M/t1/LR1_2_10/;60000;21618;0;5482.52;81;41;H;50;95;0;100.0;30.0;true;0.95;100.0;1.0;1.0;1.0;1.0;60;M;44961;44961;false;72;0.87;175.77;0.99;36;10;1000000;-1;3600;6.32;0.67;0.81;mslp;heur;0.34;0.42;-1;3600;60000;I;40;1.0;0.25;LR1_2_10;0;/dados/rmelo/PDPTW-SE/benchmark_multi_island_v5/official_experiments/multistartlp/preliminar/set_01_pt_01/logs;0;0;0;25.06;100.0;1;73;/dados/rmelo/PDPTW-SE/benchmark_multi_island_v5/official_experiments/multistartlp/preliminar/set_01_pt_01/logs/heur_mslp/solutions/40R_40V_04I_06M/LR1_2_10_sol_genconfig_mslp_seed_73_alpha_15p.txt;Gurobi;AUTOMATIC;1.75968633815e9;_bash_3;_seed_73_alpha_15p;2842.48;1;359.47;/dados/rmelo/PDPTW-SE/benchmark_multi_island_v5/official_experiments/multistartlp/preliminar/set_01_pt_01/logs/heur_mslp/timelines/40R_40V_04I_06M/LR1_2_10_timeline_genconfig_mslp_seed_73_alpha_15p.txt;999.44;t1;0;4237.02;false
0.15;0.03;0.07;0.1;0.0;0.01;5;/dados/rmelo/PDPTW-SE/benchmark_multi_island_v5/official_experiments/multistartlp/preliminar/set_01_pt_01/logs/heur_mslp/outputs/csvresults_heur_mslp_bash_3.csv;0;6;1;82;0;0.0;0.5;true;42;2;LR2_2_7_t2_40R_40V_04I_06M;/dados/rmelo/PDPTW-SE/benchmark_multi_island_v5/official_experiments/multistartlp/preliminar/set_01_pt_01/configs/genconfig_mslp.conf;genconfig_mslp;/dados/rmelo/PDPTW-SE/benchmark_multi_island_v5/official_experiments/multistartlp/preliminar/set_01_pt_01/logs/heur_mslp/gurobi/40R_40V_04I_06M/LR2_2_7_grb_genconfig_mslp_seed_73_alpha_15p.log;random;40R_40V_04I_06M;1;0;1;/dados/rmelo/PDPTW-SE/benchmark_multi_island_v5/official_experiments/multistartlp/preliminar/set_01_pt_01/../../../../instances/orig_ams_fg/40R_40V_04I_06M/t2/LR2_2_7/;55656;38590;0;7288.59;81;41;H;50;95;0;100.0;30.0;true;0.95;100.0;1.0;1.0;1.0;1.0;60;M;55651;55656;false;78;0.84;185.38;1.0;39;10;1000000;-1;3600;2.62;0.54;0.73;mslp;heur;0.11;0.17;-1;3600;60000;I;40;1.0;0.1;LR2_2_7;0;/dados/rmelo/PDPTW-SE/benchmark_multi_island_v5/official_experiments/multistartlp/preliminar/set_01_pt_01/logs;0;0;0;0.0;99.99;1;73;/dados/rmelo/PDPTW-SE/benchmark_multi_island_v5/official_experiments/multistartlp/preliminar/set_01_pt_01/logs/heur_mslp/solutions/40R_40V_04I_06M/LR2_2_7_sol_genconfig_mslp_seed_73_alpha_15p.txt;Gurobi;AUTOMATIC;1.75968736027e9;_bash_3;_seed_73_alpha_15p;1457.46;1;2496.5;/dados/rmelo/PDPTW-SE/benchmark_multi_island_v5/official_experiments/multistartlp/preliminar/set_01_pt_01/logs/heur_mslp/timelines/40R_40V_04I_06M/LR2_2_7_timeline_genconfig_mslp_seed_73_alpha_15p.txt;3600.03;t2;0;5472.18;false
0.15;0.07;0.12;0.19;0.0;0.0;9;/dados/rmelo/PDPTW-SE/benchmark_multi_island_v5/official_experiments/multistartlp/preliminar/set_01_pt_01/logs/heur_mslp/outputs/csvresults_heur_mslp_bash_3.csv;0;6;1;82;0;0.0;0.5;true;42;2;LR1_2_8_t1_40R_40V_04I_06M;/dados/rmelo/PDPTW-SE/benchmark_multi_island_v5/official_experiments/multistartlp/preliminar/set_01_pt_01/configs/genconfig_mslp.conf;genconfig_mslp;/dados/rmelo/PDPTW-SE/benchmark_multi_island_v5/official_experiments/multistartlp/preliminar/set_01_pt_01/logs/heur_mslp/gurobi/40R_40V_04I_06M/LR1_2_8_grb_genconfig_mslp_seed_73_alpha_15p.log;random;40R_40V_04I_06M;1;16338;1;/dados/rmelo/PDPTW-SE/benchmark_multi_island_v5/official_experiments/multistartlp/preliminar/set_01_pt_01/../../../../instances/orig_ams_fg/40R_40V_04I_06M/t1/LR1_2_8/;60000;14871;0;4447.08;81;41;H;50;95;0;100.0;30.0;true;0.95;100.0;1.0;1.0;1.0;1.0;60;M;43658;43662;false;86;0.99;175.25;0.93;43;10;1000000;-1;3600;2.59;0.79;0.77;mslp;heur;0.48;0.47;-1;3600;60000;I;40;1.0;0.18;LR1_2_8;0;/dados/rmelo/PDPTW-SE/benchmark_multi_island_v5/official_experiments/multistartlp/preliminar/set_01_pt_01/logs;0;0;0;27.23;99.99;1;73;/dados/rmelo/PDPTW-SE/benchmark_multi_island_v5/official_experiments/multistartlp/preliminar/set_01_pt_01/logs/heur_mslp/solutions/40R_40V_04I_06M/LR1_2_8_sol_genconfig_mslp_seed_73_alpha_15p.txt;Gurobi;AUTOMATIC;1.75969098252e9;_bash_3;_seed_73_alpha_15p;1130.36;1;438.73;/dados/rmelo/PDPTW-SE/benchmark_multi_island_v5/official_experiments/multistartlp/preliminar/set_01_pt_01/logs/heur_mslp/timelines/40R_40V_04I_06M/LR1_2_8_timeline_genconfig_mslp_seed_73_alpha_15p.txt;1758.74;t1;0;3494.69;false
0.15;0.04;0.08;0.12;0.0;0.03;13;/dados/rmelo/PDPTW-SE/benchmark_multi_island_v5/official_experiments/multistartlp/preliminar/set_01_pt_01/logs/heur_mslp/outputs/csvresults_heur_mslp_bash_3.csv;0;6;1;82;0;0.0;0.5;true;42;2;LR2_2_6_t2_40R_40V_04I_06M;/dados/rmelo/PDPTW-SE/benchmark_multi_island_v5/official_experiments/multistartlp/preliminar/set_01_pt_01/configs/genconfig_mslp.conf;genconfig_mslp;/dados/rmelo/PDPTW-SE/benchmark_multi_island_v5/official_experiments/multistartlp/preliminar/set_01_pt_01/logs/heur_mslp/gurobi/40R_40V_04I_06M/LR2_2_6_grb_genconfig_mslp_seed_73_alpha_15p.log;random;40R_40V_04I_06M;1;0;1;/dados/rmelo/PDPTW-SE/benchmark_multi_island_v5/official_experiments/multistartlp/preliminar/set_01_pt_01/../../../../instances/orig_ams_fg/40R_40V_04I_06M/t2/LR2_2_6/;60000;31801;0;10316.59;81;41;H;50;95;0;100.0;30.0;true;0.95;100.0;1.0;1.0;1.0;1.0;60;M;60000;60000;false;80;0.86;181.23;0.98;40;10;1000000;-1;3600;4.45;0.62;0.75;mslp;heur;0.05;0.09;-1;3600;60000;I;40;0.83;0.1;LR2_2_6;0;/dados/rmelo/PDPTW-SE/benchmark_multi_island_v5/official_experiments/multistartlp/preliminar/set_01_pt_01/logs;0;0;0;0.0;100.0;1;73;/dados/rmelo/PDPTW-SE/benchmark_multi_island_v5/official_experiments/multistartlp/preliminar/set_01_pt_01/logs/heur_mslp/solutions/40R_40V_04I_06M/LR2_2_6_sol_genconfig_mslp_seed_73_alpha_15p.txt;Gurobi;AUTOMATIC;1.75969276361e9;_bash_3;_seed_73_alpha_15p;2669.12;1;1620.62;/dados/rmelo/PDPTW-SE/benchmark_multi_island_v5/official_experiments/multistartlp/preliminar/set_01_pt_01/logs/heur_mslp/timelines/40R_40V_04I_06M/LR2_2_6_timeline_genconfig_mslp_seed_73_alpha_15p.txt;3056.16;t2;0;6330.43;false
0.15;0.04;0.08;0.12;0.0;0.05;1;/dados/rmelo/PDPTW-SE/benchmark_multi_island_v5/official_experiments/multistartlp/preliminar/set_01_pt_01/logs/heur_mslp/outputs/csvresults_heur_mslp_bash_3.csv;0;6;1;122;0;0.0;0.5;true;62;2;LR1_2_6_t1_60R_60V_02I_06M;/dados/rmelo/PDPTW-SE/benchmark_multi_island_v5/official_experiments/multistartlp/preliminar/set_01_pt_01/configs/genconfig_mslp.conf;genconfig_mslp;/dados/rmelo/PDPTW-SE/benchmark_multi_island_v5/official_experiments/multistartlp/preliminar/set_01_pt_01/logs/heur_mslp/gurobi/60R_60V_02I_06M/LR1_2_6_grb_genconfig_mslp_seed_73_alpha_15p.log;random;60R_60V_02I_06M;1;59999;1;/dados/rmelo/PDPTW-SE/benchmark_multi_island_v5/official_experiments/multistartlp/preliminar/set_01_pt_01/../../../../instances/orig_ams_fg/60R_60V_02I_06M/t1/LR1_2_6/;60000;1;0;10597.13;121;61;H;50;95;0;100.0;30.0;true;0.95;100.0;1.0;1.0;1.0;1.0;60;M;1;1;false;82;0.96;277.16;1.0;41;10;1000000;-1;3600;2.74;0.68;0.54;mslp;heur;0.44;0.11;-1;3600;60000;I;60;1.0;0.35;LR1_2_6;0;/dados/rmelo/PDPTW-SE/benchmark_multi_island_v5/official_experiments/multistartlp/preliminar/set_01_pt_01/logs;0;0;0;100.0;100.0;1;73;/dados/rmelo/PDPTW-SE/benchmark_multi_island_v5/official_experiments/multistartlp/preliminar/set_01_pt_01/logs/heur_mslp/solutions/60R_60V_02I_06M/LR1_2_6_sol_genconfig_mslp_seed_73_alpha_15p.txt;Gurobi;AUTOMATIC;1.75969584174e9;_bash_3;_seed_73_alpha_15p;0.03;1;0.03;/dados/rmelo/PDPTW-SE/benchmark_multi_island_v5/official_experiments/multistartlp/preliminar/set_01_pt_01/logs/heur_mslp/timelines/60R_60V_02I_06M/LR1_2_6_timeline_genconfig_mslp_seed_73_alpha_15p.txt;216.52;t1;0;10306.72;false
0.15;0.0;0.01;0.01;0.0;0.0;4;/dados/rmelo/PDPTW-SE/benchmark_multi_island_v5/official_experiments/multistartlp/preliminar/set_01_pt_01/logs/heur_mslp/outputs/csvresults_heur_mslp_bash_3.csv;0;6;1;122;0;0.0;0.5;true;62;2;LR2_2_8_t2_60R_60V_02I_06M;/dados/rmelo/PDPTW-SE/benchmark_multi_island_v5/official_experiments/multistartlp/preliminar/set_01_pt_01/configs/genconfig_mslp.conf;genconfig_mslp;/dados/rmelo/PDPTW-SE/benchmark_multi_island_v5/official_experiments/multistartlp/preliminar/set_01_pt_01/logs/heur_mslp/gurobi/60R_60V_02I_06M/LR2_2_8_grb_genconfig_mslp_seed_73_alpha_15p.log;random;60R_60V_02I_06M;1;0;1;/dados/rmelo/PDPTW-SE/benchmark_multi_island_v5/official_experiments/multistartlp/preliminar/set_01_pt_01/../../../../instances/orig_ams_fg/60R_60V_02I_06M/t2/LR2_2_8/;33009;1180;0;9513.34;121;61;H;50;95;0;100.0;30.0;true;0.95;100.0;1.0;1.0;1.0;1.0;60;M;32856;33009;false;80;0.99;227.5;1.0;40;10;1000000;-1;3600;1.55;0.93;0.98;mslp;heur;0.86;0.95;-1;3600;60000;I;60;0.83;0.05;LR2_2_8;0;/dados/rmelo/PDPTW-SE/benchmark_multi_island_v5/official_experiments/multistartlp/preliminar/set_01_pt_01/logs;0;0;0;0.0;99.54;1;73;/dados/rmelo/PDPTW-SE/benchmark_multi_island_v5/official_experiments/multistartlp/preliminar/set_01_pt_01/logs/heur_mslp/solutions/60R_60V_02I_06M/LR2_2_8_sol_genconfig_mslp_seed_73_alpha_15p.txt;Gurobi;AUTOMATIC;1.7596960806e9;_bash_3;_seed_73_alpha_15p;513.15;1;130.28;/dados/rmelo/PDPTW-SE/benchmark_multi_island_v5/official_experiments/multistartlp/preliminar/set_01_pt_01/logs/heur_mslp/timelines/60R_60V_02I_06M/LR2_2_8_timeline_genconfig_mslp_seed_73_alpha_15p.txt;3600.07;t2;0;7092.07;false
0.15;0.02;0.05;0.07;0.01;0.08;10;/dados/rmelo/PDPTW-SE/benchmark_multi_island_v5/official_experiments/multistartlp/preliminar/set_01_pt_01/logs/heur_mslp/outputs/csvresults_heur_mslp_bash_3.csv;0;6;1;122;0;0.0;0.5;true;62;2;LR1_2_9_t1_60R_60V_02I_06M;/dados/rmelo/PDPTW-SE/benchmark_multi_island_v5/official_experiments/multistartlp/preliminar/set_01_pt_01/configs/genconfig_mslp.conf;genconfig_mslp;/dados/rmelo/PDPTW-SE/benchmark_multi_island_v5/official_experiments/multistartlp/preliminar/set_01_pt_01/logs/heur_mslp/gurobi/60R_60V_02I_06M/LR1_2_9_grb_genconfig_mslp_seed_73_alpha_15p.log;random;60R_60V_02I_06M;1;23723;1;/dados/rmelo/PDPTW-SE/benchmark_multi_island_v5/official_experiments/multistartlp/preliminar/set_01_pt_01/../../../../instances/orig_ams_fg/60R_60V_02I_06M/t1/LR1_2_9/;60000;8813;0;8723.56;121;61;H;50;95;0;100.0;30.0;true;0.95;100.0;1.0;1.0;1.0;1.0;60;M;36277;36277;false;86;0.93;182.58;0.99;43;10;1000000;-1;3600;6.29;0.73;0.74;mslp;heur;0.44;0.09;-1;3600;60000;I;60;0.83;0.23;LR1_2_9;0;/dados/rmelo/PDPTW-SE/benchmark_multi_island_v5/official_experiments/multistartlp/preliminar/set_01_pt_01/logs;0;0;0;39.54;100.0;1;73;/dados/rmelo/PDPTW-SE/benchmark_multi_island_v5/official_experiments/multistartlp/preliminar/set_01_pt_01/logs/heur_mslp/solutions/60R_60V_02I_06M/LR1_2_9_sol_genconfig_mslp_seed_73_alpha_15p.txt;Gurobi;AUTOMATIC;1.75969970339e9;_bash_3;_seed_73_alpha_15p;2282.48;1;183.67;/dados/rmelo/PDPTW-SE/benchmark_multi_island_v5/official_experiments/multistartlp/preliminar/set_01_pt_01/logs/heur_mslp/timelines/60R_60V_02I_06M/LR1_2_9_timeline_genconfig_mslp_seed_73_alpha_15p.txt;1253.21;t1;0;6486.51;false
0.15;0.01;0.03;0.04;0.01;0.08;4;/dados/rmelo/PDPTW-SE/benchmark_multi_island_v5/official_experiments/multistartlp/preliminar/set_01_pt_01/logs/heur_mslp/outputs/csvresults_heur_mslp_bash_3.csv;0;6;1;122;0;0.0;0.5;true;62;2;LR2_2_10_t2_60R_60V_02I_06M;/dados/rmelo/PDPTW-SE/benchmark_multi_island_v5/official_experiments/multistartlp/preliminar/set_01_pt_01/configs/genconfig_mslp.conf;genconfig_mslp;/dados/rmelo/PDPTW-SE/benchmark_multi_island_v5/official_experiments/multistartlp/preliminar/set_01_pt_01/logs/heur_mslp/gurobi/60R_60V_02I_06M/LR2_2_10_grb_genconfig_mslp_seed_73_alpha_15p.log;random;60R_60V_02I_06M;1;0;1;/dados/rmelo/PDPTW-SE/benchmark_multi_island_v5/official_experiments/multistartlp/preliminar/set_01_pt_01/../../../../instances/orig_ams_fg/60R_60V_02I_06M/t2/LR2_2_10/;60000;1063;0;15824.48;121;61;H;50;95;0;100.0;30.0;true;0.95;100.0;1.0;1.0;1.0;1.0;60;M;60000;60000;false;80;0.88;300.67;1.0;40;10;1000000;-1;3600;7.06;0.72;0.96;mslp;heur;0.44;0.92;-1;3600;60000;I;60;0.83;0.1;LR2_2_10;0;/dados/rmelo/PDPTW-SE/benchmark_multi_island_v5/official_experiments/multistartlp/preliminar/set_01_pt_01/logs;0;0;0;0.0;100.0;1;73;/dados/rmelo/PDPTW-SE/benchmark_multi_island_v5/official_experiments/multistartlp/preliminar/set_01_pt_01/logs/heur_mslp/solutions/60R_60V_02I_06M/LR2_2_10_sol_genconfig_mslp_seed_73_alpha_15p.txt;Gurobi;AUTOMATIC;1.75970097919e9;_bash_3;_seed_73_alpha_15p;4235.85;1;53.47;/dados/rmelo/PDPTW-SE/benchmark_multi_island_v5/official_experiments/multistartlp/preliminar/set_01_pt_01/logs/heur_mslp/timelines/60R_60V_02I_06M/LR2_2_10_timeline_genconfig_mslp_seed_73_alpha_15p.txt;2971.22;t2;0;10877.85;false
0.15;0.11;0.14;0.26;0.01;0.12;2;/dados/rmelo/PDPTW-SE/benchmark_multi_island_v5/official_experiments/multistartlp/preliminar/set_01_pt_01/logs/heur_mslp/outputs/csvresults_heur_mslp_bash_3.csv;0;6;1;122;0;0.0;0.5;true;62;2;LR1_2_6_t1_60R_60V_04I_06M;/dados/rmelo/PDPTW-SE/benchmark_multi_island_v5/official_experiments/multistartlp/preliminar/set_01_pt_01/configs/genconfig_mslp.conf;genconfig_mslp;/dados/rmelo/PDPTW-SE/benchmark_multi_island_v5/official_experiments/multistartlp/preliminar/set_01_pt_01/logs/heur_mslp/gurobi/60R_60V_04I_06M/LR1_2_6_grb_genconfig_mslp_seed_73_alpha_15p.log;random;60R_60V_04I_06M;1;59998;1;/dados/rmelo/PDPTW-SE/benchmark_multi_island_v5/official_experiments/multistartlp/preliminar/set_01_pt_01/../../../../instances/orig_ams_fg/60R_60V_04I_06M/t1/LR1_2_6/;60000;51358;0;8874.71;121;61;H;50;95;0;100.0;30.0;true;0.95;100.0;1.0;1.0;1.0;1.0;60;M;2;2;false;82;0.95;184.15;1.0;41;10;1000000;-1;3600;6.78;0.57;0.6;mslp;heur;0.27;0.11;-1;3600;60000;I;60;1.0;0.3;LR1_2_6;0;/dados/rmelo/PDPTW-SE/benchmark_multi_island_v5/official_experiments/multistartlp/preliminar/set_01_pt_01/logs;0;0;0;100.0;100.0;1;73;/dados/rmelo/PDPTW-SE/benchmark_multi_island_v5/official_experiments/multistartlp/preliminar/set_01_pt_01/logs/heur_mslp/solutions/60R_60V_04I_06M/LR1_2_6_sol_genconfig_mslp_seed_73_alpha_15p.txt;Gurobi;AUTOMATIC;1.75970397288e9;_bash_3;_seed_73_alpha_15p;0.14;1;452.47;/dados/rmelo/PDPTW-SE/benchmark_multi_island_v5/official_experiments/multistartlp/preliminar/set_01_pt_01/logs/heur_mslp/timelines/60R_60V_04I_06M/LR1_2_6_timeline_genconfig_mslp_seed_73_alpha_15p.txt;528.36;t1;0;8324.05;false
0.15;0.03;0.05;0.08;0.0;0.0;2;/dados/rmelo/PDPTW-SE/benchmark_multi_island_v5/official_experiments/multistartlp/preliminar/set_01_pt_01/logs/heur_mslp/outputs/csvresults_heur_mslp_bash_3.csv;0;6;1;122;0;0.0;0.5;true;62;2;LR2_2_8_t2_60R_60V_04I_06M;/dados/rmelo/PDPTW-SE/benchmark_multi_island_v5/official_experiments/multistartlp/preliminar/set_01_pt_01/configs/genconfig_mslp.conf;genconfig_mslp;/dados/rmelo/PDPTW-SE/benchmark_multi_island_v5/official_experiments/multistartlp/preliminar/set_01_pt_01/logs/heur_mslp/gurobi/60R_60V_04I_06M/LR2_2_8_grb_genconfig_mslp_seed_73_alpha_15p.log;random;60R_60V_04I_06M;1;0;1;/dados/rmelo/PDPTW-SE/benchmark_multi_island_v5/official_experiments/multistartlp/preliminar/set_01_pt_01/../../../../instances/orig_ams_fg/60R_60V_04I_06M/t2/LR2_2_8/;18006;681;0;9328.66;121;61;H;50;95;0;100.0;30.0;true;0.95;100.0;1.0;1.0;1.0;1.0;60;M;17932;18006;false;80;0.91;181.1;0.99;40;10;1000000;-1;3600;1.14;0.74;0.94;mslp;heur;0.48;0.87;-1;3600;60000;I;60;1.0;0.07;LR2_2_8;0;/dados/rmelo/PDPTW-SE/benchmark_multi_island_v5/official_experiments/multistartlp/preliminar/set_01_pt_01/logs;0;0;0;0.0;99.59;1;73;/dados/rmelo/PDPTW-SE/benchmark_multi_island_v5/official_experiments/multistartlp/preliminar/set_01_pt_01/logs/heur_mslp/solutions/60R_60V_04I_06M/LR2_2_8_sol_genconfig_mslp_seed_73_alpha_15p.txt;Gurobi;AUTOMATIC;1.75970452352e9;_bash_3;_seed_73_alpha_15p;204.38;1;139.07;/dados/rmelo/PDPTW-SE/benchmark_multi_island_v5/official_experiments/multistartlp/preliminar/set_01_pt_01/logs/heur_mslp/timelines/60R_60V_04I_06M/LR2_2_8_timeline_genconfig_mslp_seed_73_alpha_15p.txt;3600.13;t2;0;7468.3;false
0.15;0.11;0.15;0.27;0.01;0.1;7;/dados/rmelo/PDPTW-SE/benchmark_multi_island_v5/official_experiments/multistartlp/preliminar/set_01_pt_01/logs/heur_mslp/outputs/csvresults_heur_mslp_bash_3.csv;0;6;1;122;0;0.0;0.5;true;62;2;LR1_2_9_t1_60R_60V_04I_06M;/dados/rmelo/PDPTW-SE/benchmark_multi_island_v5/official_experiments/multistartlp/preliminar/set_01_pt_01/configs/genconfig_mslp.conf;genconfig_mslp;/dados/rmelo/PDPTW-SE/benchmark_multi_island_v5/official_experiments/multistartlp/preliminar/set_01_pt_01/logs/heur_mslp/gurobi/60R_60V_04I_06M/LR1_2_9_grb_genconfig_mslp_seed_73_alpha_15p.log;random;60R_60V_04I_06M;1;59441;1;/dados/rmelo/PDPTW-SE/benchmark_multi_island_v5/official_experiments/multistartlp/preliminar/set_01_pt_01/../../../../instances/orig_ams_fg/60R_60V_04I_06M/t1/LR1_2_9/;60000;21668;0;9197.72;121;61;H;50;95;0;100.0;30.0;true;0.95;100.0;1.0;1.0;1.0;1.0;60;M;559;559;false;86;0.93;181.44;1.0;43;10;1000000;-1;3600;7.03;0.69;0.65;mslp;heur;0.42;0.05;-1;3600;60000;I;60;1.0;0.27;LR1_2_9;0;/dados/rmelo/PDPTW-SE/benchmark_multi_island_v5/official_experiments/multistartlp/preliminar/set_01_pt_01/logs;0;0;0;99.07;100.0;1;73;/dados/rmelo/PDPTW-SE/benchmark_multi_island_v5/official_experiments/multistartlp/preliminar/set_01_pt_01/logs/heur_mslp/solutions/60R_60V_04I_06M/LR1_2_9_sol_genconfig_mslp_seed_73_alpha_15p.txt;Gurobi;AUTOMATIC;1.75970814421e9;_bash_3;_seed_73_alpha_15p;39.3;1;242.4;/dados/rmelo/PDPTW-SE/benchmark_multi_island_v5/official_experiments/multistartlp/preliminar/set_01_pt_01/logs/heur_mslp/timelines/60R_60V_04I_06M/LR1_2_9_timeline_genconfig_mslp_seed_73_alpha_15p.txt;670.56;t1;0;7020.29;false
0.15;0.03;0.05;0.08;0.0;0.0;2;/dados/rmelo/PDPTW-SE/benchmark_multi_island_v5/official_experiments/multistartlp/preliminar/set_01_pt_01/logs/heur_mslp/outputs/csvresults_heur_mslp_bash_3.csv;0;6;1;122;0;0.0;0.5;true;62;2;LR2_2_8_t2_60R_60V_04I_06M;/dados/rmelo/PDPTW-SE/benchmark_multi_island_v5/official_experiments/multistartlp/preliminar/set_01_pt_01/configs/genconfig_mslp.conf;genconfig_mslp;/dados/rmelo/PDPTW-SE/benchmark_multi_island_v5/official_experiments/multistartlp/preliminar/set_01_pt_01/logs/heur_mslp/gurobi/60R_60V_04I_06M/LR2_2_8_grb_genconfig_mslp_seed_73_alpha_15p.log;random;60R_60V_04I_06M;1;0;1;/dados/rmelo/PDPTW-SE/benchmark_multi_island_v5/official_experiments/multistartlp/preliminar/set_01_pt_01/../../../../instances/orig_ams_fg/60R_60V_04I_06M/t2/LR2_2_8/;18259;681;0;9146.33;121;61;H;50;95;0;100.0;30.0;true;0.95;100.0;1.0;1.0;1.0;1.0;60;M;18184;18259;false;80;0.91;181.1;0.99;40;10;1000000;-1;3600;1.13;0.74;0.94;mslp;heur;0.48;0.87;-1;3600;60000;I;60;1.0;0.07;LR2_2_8;0;/dados/rmelo/PDPTW-SE/benchmark_multi_island_v5/official_experiments/multistartlp/preliminar/set_01_pt_01/logs;0;0;0;0.0;99.59;1;73;/dados/rmelo/PDPTW-SE/benchmark_multi_island_v5/official_experiments/multistartlp/preliminar/set_01_pt_01/logs/heur_mslp/solutions/60R_60V_04I_06M/LR2_2_8_sol_genconfig_mslp_seed_73_alpha_15p.txt;Gurobi;AUTOMATIC;1.75970883717e9;_bash_3;_seed_73_alpha_15p;207.14;1;137.77;/dados/rmelo/PDPTW-SE/benchmark_multi_island_v5/official_experiments/multistartlp/preliminar/set_01_pt_01/logs/heur_mslp/timelines/60R_60V_04I_06M/LR2_2_8_timeline_genconfig_mslp_seed_73_alpha_15p.txt;3600.16;t2;0;7468.3;false
0.15;0.0;0.12;0.12;0.0;0.0;9;/dados/rmelo/PDPTW-SE/benchmark_multi_island_v5/official_experiments/multistartlp/preliminar/set_01_pt_01/logs/heur_mslp/outputs/csvresults_heur_mslp_bash_3.csv;0;4;1;18;0;0.0;0.5;true;10;2;lr109_t1_08R_08V_02I_04M;/dados/rmelo/PDPTW-SE/benchmark_multi_island_v5/official_experiments/multistartlp/preliminar/set_01_pt_01/configs/genconfig_mslp.conf;genconfig_mslp;/dados/rmelo/PDPTW-SE/benchmark_multi_island_v5/official_experiments/multistartlp/preliminar/set_01_pt_01/logs/heur_mslp/gurobi/08R_08V_02I_04M/lr109_grb_genconfig_mslp_seed_80_alpha_15p.log;random;08R_08V_02I_04M;1;0;1;/dados/rmelo/PDPTW-SE/benchmark_multi_island_v5/official_experiments/multistartlp/preliminar/set_01_pt_01/../../../../instances/orig_ams_fg/08R_08V_02I_04M/t1/lr109/;60000;58;0;766.69;17;9;H;50;95;0;100.0;30.0;true;0.95;100.0;1.0;1.0;1.0;1.0;60;M;60000;60000;false;52;0.91;78.96;0.76;26;10;1000000;-1;3600;9.44;0.77;0.53;mslp;heur;0.59;0.23;-1;3600;60000;I;8;0.5;0.38;lr109;0;/dados/rmelo/PDPTW-SE/benchmark_multi_island_v5/official_experiments/multistartlp/preliminar/set_01_pt_01/logs;0;0;0;0.0;100.0;1;80;/dados/rmelo/PDPTW-SE/benchmark_multi_island_v5/official_experiments/multistartlp/preliminar/set_01_pt_01/logs/heur_mslp/solutions/08R_08V_02I_04M/lr109_sol_genconfig_mslp_seed_80_alpha_15p.txt;Gurobi;AUTOMATIC;1.75971245813e9;_bash_3;_seed_80_alpha_15p;5664.25;1;0.39;/dados/rmelo/PDPTW-SE/benchmark_multi_island_v5/official_experiments/multistartlp/preliminar/set_01_pt_01/logs/heur_mslp/timelines/08R_08V_02I_04M/lr109_timeline_genconfig_mslp_seed_80_alpha_15p.txt;124.72;t1;0;533.17;false
0.15;0.0;0.02;0.02;0.0;0.0;10;/dados/rmelo/PDPTW-SE/benchmark_multi_island_v5/official_experiments/multistartlp/preliminar/set_01_pt_01/logs/heur_mslp/outputs/csvresults_heur_mslp_bash_3.csv;0;4;1;18;0;0.0;0.5;true;10;2;lr209_t2_08R_08V_02I_04M;/dados/rmelo/PDPTW-SE/benchmark_multi_island_v5/official_experiments/multistartlp/preliminar/set_01_pt_01/configs/genconfig_mslp.conf;genconfig_mslp;/dados/rmelo/PDPTW-SE/benchmark_multi_island_v5/official_experiments/multistartlp/preliminar/set_01_pt_01/logs/heur_mslp/gurobi/08R_08V_02I_04M/lr209_grb_genconfig_mslp_seed_80_alpha_15p.log;random;08R_08V_02I_04M;1;0;1;/dados/rmelo/PDPTW-SE/benchmark_multi_island_v5/official_experiments/multistartlp/preliminar/set_01_pt_01/../../../../instances/orig_ams_fg/08R_08V_02I_04M/t2/lr209/;60000;16331;0;837.52;17;9;H;50;95;0;100.0;30.0;true;0.95;100.0;1.0;1.0;1.0;1.0;60;M;59012;60000;false;46;0.56;77.81;0.82;23;10;1000000;-1;3600;20.62;0.56;0.82;mslp;heur;0.56;0.82;-1;3600;60000;I;8;0.75;0.12;lr209;0;/dados/rmelo/PDPTW-SE/benchmark_multi_island_v5/official_experiments/multistartlp/preliminar/set_01_pt_01/logs;0;0;0;0.0;98.35;1;80;/dados/rmelo/PDPTW-SE/benchmark_multi_island_v5/official_experiments/multistartlp/preliminar/set_01_pt_01/logs/heur_mslp/solutions/08R_08V_02I_04M/lr209_sol_genconfig_mslp_seed_80_alpha_15p.txt;Gurobi;AUTOMATIC;1.75971260399e9;_bash_3;_seed_80_alpha_15p;12372.97;1;39.34;/dados/rmelo/PDPTW-SE/benchmark_multi_island_v5/official_experiments/multistartlp/preliminar/set_01_pt_01/logs/heur_mslp/timelines/08R_08V_02I_04M/lr209_timeline_genconfig_mslp_seed_80_alpha_15p.txt;143.68;t2;0;562.22;false
0.15;0.0;0.24;0.24;0.0;0.01;5;/dados/rmelo/PDPTW-SE/benchmark_multi_island_v5/official_experiments/multistartlp/preliminar/set_01_pt_01/logs/heur_mslp/outputs/csvresults_heur_mslp_bash_3.csv;0;4;1;18;0;0.0;0.5;true;10;2;lr106_t1_08R_08V_02I_04M;/dados/rmelo/PDPTW-SE/benchmark_multi_island_v5/official_experiments/multistartlp/preliminar/set_01_pt_01/configs/genconfig_mslp.conf;genconfig_mslp;/dados/rmelo/PDPTW-SE/benchmark_multi_island_v5/official_experiments/multistartlp/preliminar/set_01_pt_01/logs/heur_mslp/gurobi/08R_08V_02I_04M/lr106_grb_genconfig_mslp_seed_80_alpha_15p.log;random;08R_08V_02I_04M;1;0;1;/dados/rmelo/PDPTW-SE/benchmark_multi_island_v5/official_experiments/multistartlp/preliminar/set_01_pt_01/../../../../instances/orig_ams_fg/08R_08V_02I_04M/t1/lr106/;60000;64;0;860.88;17;9;H;50;95;0;100.0;30.0;true;0.95;100.0;1.0;1.0;1.0;1.0;60;M;60000;60000;false;52;0.83;104.47;0.67;26;10;1000000;-1;3600;18.76;0.62;0.45;mslp;heur;0.45;0.26;-1;3600;60000;I;8;0.25;0.5;lr106;0;/dados/rmelo/PDPTW-SE/benchmark_multi_island_v5/official_experiments/multistartlp/preliminar/set_01_pt_01/logs;0;0;0;0.0;100.0;1;80;/dados/rmelo/PDPTW-SE/benchmark_multi_island_v5/official_experiments/multistartlp/preliminar/set_01_pt_01/logs/heur_mslp/solutions/08R_08V_02I_04M/lr106_sol_genconfig_mslp_seed_80_alpha_15p.txt;Gurobi;AUTOMATIC;1.7597127684e9;_bash_3;_seed_80_alpha_15p;11257.51;1;0.43;/dados/rmelo/PDPTW-SE/benchmark_multi_island_v5/official_experiments/multistartlp/preliminar/set_01_pt_01/logs/heur_mslp/timelines/08R_08V_02I_04M/lr106_timeline_genconfig_mslp_seed_80_alpha_15p.txt;116.23;t1;0;602.78;false
0.15;0.01;0.01;0.02;0.0;0.0;12;/dados/rmelo/PDPTW-SE/benchmark_multi_island_v5/official_experiments/multistartlp/preliminar/set_01_pt_01/logs/heur_mslp/outputs/csvresults_heur_mslp_bash_3.csv;0;4;1;18;0;0.0;0.5;true;10;2;lr208_t2_08R_08V_02I_04M;/dados/rmelo/PDPTW-SE/benchmark_multi_island_v5/official_experiments/multistartlp/preliminar/set_01_pt_01/configs/genconfig_mslp.conf;genconfig_mslp;/dados/rmelo/PDPTW-SE/benchmark_multi_island_v5/official_experiments/multistartlp/preliminar/set_01_pt_01/logs/heur_mslp/gurobi/08R_08V_02I_04M/lr208_grb_genconfig_mslp_seed_80_alpha_15p.log;random;08R_08V_02I_04M;1;0;1;/dados/rmelo/PDPTW-SE/benchmark_multi_island_v5/official_experiments/multistartlp/preliminar/set_01_pt_01/../../../../instances/orig_ams_fg/08R_08V_02I_04M/t2/lr208/;60000;25954;0;736.56;17;9;H;50;95;0;100.0;30.0;true;0.95;100.0;1.0;1.0;1.0;1.0;60;M;46419;60000;false;38;0.56;75.47;0.97;19;10;1000000;-1;3600;4.8;0.56;0.97;mslp;heur;0.56;0.97;-1;3600;60000;I;8;0.75;0.12;lr208;0;/dados/rmelo/PDPTW-SE/benchmark_multi_island_v5/official_experiments/multistartlp/preliminar/set_01_pt_01/logs;0;0;0;0.0;77.36;1;80;/dados/rmelo/PDPTW-SE/benchmark_multi_island_v5/official_experiments/multistartlp/preliminar/set_01_pt_01/logs/heur_mslp/solutions/08R_08V_02I_04M/lr208_sol_genconfig_mslp_seed_80_alpha_15p.txt;Gurobi;AUTOMATIC;1.75971290581e9;_bash_3;_seed_80_alpha_15p;2880.85;1;72.43;/dados/rmelo/PDPTW-SE/benchmark_multi_island_v5/official_experiments/multistartlp/preliminar/set_01_pt_01/logs/heur_mslp/timelines/08R_08V_02I_04M/lr208_timeline_genconfig_mslp_seed_80_alpha_15p.txt;166.12;t2;0;557.59;false
0.15;0.03;0.21;0.25;0.0;0.0;4;/dados/rmelo/PDPTW-SE/benchmark_multi_island_v5/official_experiments/multistartlp/preliminar/set_01_pt_01/logs/heur_mslp/outputs/csvresults_heur_mslp_bash_3.csv;0;4;1;18;0;0.0;0.5;true;10;2;lr110_t1_08R_08V_04I_04M;/dados/rmelo/PDPTW-SE/benchmark_multi_island_v5/official_experiments/multistartlp/preliminar/set_01_pt_01/configs/genconfig_mslp.conf;genconfig_mslp;/dados/rmelo/PDPTW-SE/benchmark_multi_island_v5/official_experiments/multistartlp/preliminar/set_01_pt_01/logs/heur_mslp/gurobi/08R_08V_04I_04M/lr110_grb_genconfig_mslp_seed_80_alpha_15p.log;random;08R_08V_04I_04M;1;3834;1;/dados/rmelo/PDPTW-SE/benchmark_multi_island_v5/official_experiments/multistartlp/preliminar/set_01_pt_01/../../../../instances/orig_ams_fg/08R_08V_04I_04M/t1/lr110/;60000;609;0;735.71;17;9;H;50;95;0;100.0;30.0;true;0.95;100.0;1.0;1.0;1.0;1.0;60;M;56166;56166;false;52;0.89;73.36;0.84;26;10;1000000;-1;3600;8.28;0.58;0.52;mslp;heur;0.35;0.1;-1;3600;60000;I;8;1.0;0.62;lr110;0;/dados/rmelo/PDPTW-SE/benchmark_multi_island_v5/official_experiments/multistartlp/preliminar/set_01_pt_01/logs;0;0;0;6.39;100.0;1;80;/dados/rmelo/PDPTW-SE/benchmark_multi_island_v5/official_experiments/multistartlp/preliminar/set_01_pt_01/logs/heur_mslp/solutions/08R_08V_04I_04M/lr110_sol_genconfig_mslp_seed_80_alpha_15p.txt;Gurobi;AUTOMATIC;1.75971309303e9;_bash_3;_seed_80_alpha_15p;4652.33;1;1.67;/dados/rmelo/PDPTW-SE/benchmark_multi_island_v5/official_experiments/multistartlp/preliminar/set_01_pt_01/logs/heur_mslp/timelines/08R_08V_04I_04M/lr110_timeline_genconfig_mslp_seed_80_alpha_15p.txt;137.98;t1;0;672.57;false
0.15;0.04;0.06;0.09;0.0;0.0;11;/dados/rmelo/PDPTW-SE/benchmark_multi_island_v5/official_experiments/multistartlp/preliminar/set_01_pt_01/logs/heur_mslp/outputs/csvresults_heur_mslp_bash_3.csv;0;4;1;18;0;0.0;0.5;true;10;2;lr209_t2_08R_08V_04I_04M;/dados/rmelo/PDPTW-SE/benchmark_multi_island_v5/official_experiments/multistartlp/preliminar/set_01_pt_01/configs/genconfig_mslp.conf;genconfig_mslp;/dados/rmelo/PDPTW-SE/benchmark_multi_island_v5/official_experiments/multistartlp/preliminar/set_01_pt_01/logs/heur_mslp/gurobi/08R_08V_04I_04M/lr209_grb_genconfig_mslp_seed_80_alpha_15p.log;random;08R_08V_04I_04M;1;0;1;/dados/rmelo/PDPTW-SE/benchmark_multi_island_v5/official_experiments/multistartlp/preliminar/set_01_pt_01/../../../../instances/orig_ams_fg/08R_08V_04I_04M/t2/lr209/;60000;25289;0;1335.68;17;9;H;50;95;0;100.0;30.0;true;0.95;100.0;1.0;1.0;1.0;1.0;60;M;59300;60000;false;46;0.62;78.66;0.67;23;10;1000000;-1;3600;22.78;0.62;0.67;mslp;heur;0.62;0.67;-1;3600;60000;I;8;0.75;0.12;lr209;0;/dados/rmelo/PDPTW-SE/benchmark_multi_island_v5/official_experiments/multistartlp/preliminar/set_01_pt_01/logs;0;0;0;0.0;98.83;1;80;/dados/rmelo/PDPTW-SE/benchmark_multi_island_v5/official_experiments/multistartlp/preliminar/set_01_pt_01/logs/heur_mslp/solutions/08R_08V_04I_04M/lr209_sol_genconfig_mslp_seed_80_alpha_15p.txt;Gurobi;AUTOMATIC;1.759713252e9;_bash_3;_seed_80_alpha_15p;13670.74;1;80.09;/dados/rmelo/PDPTW-SE/benchmark_multi_island_v5/official_experiments/multistartlp/preliminar/set_01_pt_01/logs/heur_mslp/timelines/08R_08V_04I_04M/lr209_timeline_genconfig_mslp_seed_80_alpha_15p.txt;191.7;t2;0;618.4;false
0.15;0.08;0.17;0.25;0.0;0.0;9;/dados/rmelo/PDPTW-SE/benchmark_multi_island_v5/official_experiments/multistartlp/preliminar/set_01_pt_01/logs/heur_mslp/outputs/csvresults_heur_mslp_bash_3.csv;0;4;1;18;0;0.0;0.5;true;10;2;lr109_t1_08R_08V_04I_04M;/dados/rmelo/PDPTW-SE/benchmark_multi_island_v5/official_experiments/multistartlp/preliminar/set_01_pt_01/configs/genconfig_mslp.conf;genconfig_mslp;/dados/rmelo/PDPTW-SE/benchmark_multi_island_v5/official_experiments/multistartlp/preliminar/set_01_pt_01/logs/heur_mslp/gurobi/08R_08V_04I_04M/lr109_grb_genconfig_mslp_seed_80_alpha_15p.log;random;08R_08V_04I_04M;1;0;1;/dados/rmelo/PDPTW-SE/benchmark_multi_island_v5/official_experiments/multistartlp/preliminar/set_01_pt_01/../../../../instances/orig_ams_fg/08R_08V_04I_04M/t1/lr109/;60000;112;0;759.2;17;9;H;50;95;0;100.0;30.0;true;0.95;100.0;1.0;1.0;1.0;1.0;60;M;60000;60000;false;52;0.9;65.14;0.56;26;10;1000000;-1;3600;12.53;0.6;0.39;mslp;heur;0.42;0.13;-1;3600;60000;I;8;0.75;0.5;lr109;0;/dados/rmelo/PDPTW-SE/benchmark_multi_island_v5/official_experiments/multistartlp/preliminar/set_01_pt_01/logs;0;0;0;0.0;100.0;1;80;/dados/rmelo/PDPTW-SE/benchmark_multi_island_v5/official_experiments/multistartlp/preliminar/set_01_pt_01/logs/heur_mslp/solutions/08R_08V_04I_04M/lr109_sol_genconfig_mslp_seed_80_alpha_15p.txt;Gurobi;AUTOMATIC;1.75971346465e9;_bash_3;_seed_80_alpha_15p;7516.43;1;0.52;/dados/rmelo/PDPTW-SE/benchmark_multi_island_v5/official_experiments/multistartlp/preliminar/set_01_pt_01/logs/heur_mslp/timelines/08R_08V_04I_04M/lr109_timeline_genconfig_mslp_seed_80_alpha_15p.txt;137.72;t1;0;555.44;false
0.15;0.02;0.04;0.05;0.0;0.0;6;/dados/rmelo/PDPTW-SE/benchmark_multi_island_v5/official_experiments/multistartlp/preliminar/set_01_pt_01/logs/heur_mslp/outputs/csvresults_heur_mslp_bash_3.csv;0;4;1;18;0;0.0;0.5;true;10;2;lr208_t2_08R_08V_04I_04M;/dados/rmelo/PDPTW-SE/benchmark_multi_island_v5/official_experiments/multistartlp/preliminar/set_01_pt_01/configs/genconfig_mslp.conf;genconfig_mslp;/dados/rmelo/PDPTW-SE/benchmark_multi_island_v5/official_experiments/multistartlp/preliminar/set_01_pt_01/logs/heur_mslp/gurobi/08R_08V_04I_04M/lr208_grb_genconfig_mslp_seed_80_alpha_15p.log;random;08R_08V_04I_04M;1;0;1;/dados/rmelo/PDPTW-SE/benchmark_multi_island_v5/official_experiments/multistartlp/preliminar/set_01_pt_01/../../../../instances/orig_ams_fg/08R_08V_04I_04M/t2/lr208/;60000;9209;0;848.15;17;9;H;50;95;0;100.0;30.0;true;0.95;100.0;1.0;1.0;1.0;1.0;60;M;33535;60000;false;38;0.62;77.91;0.97;19;10;1000000;-1;3600;3.73;0.62;0.97;mslp;heur;0.62;0.97;-1;3600;60000;I;8;1.0;0.12;lr208;0;/dados/rmelo/PDPTW-SE/benchmark_multi_island_v5/official_experiments/multistartlp/preliminar/set_01_pt_01/logs;0;0;0;0.0;55.89;1;80;/dados/rmelo/PDPTW-SE/benchmark_multi_island_v5/official_experiments/multistartlp/preliminar/set_01_pt_01/logs/heur_mslp/solutions/08R_08V_04I_04M/lr208_sol_genconfig_mslp_seed_80_alpha_15p.txt;Gurobi;AUTOMATIC;1.7597136232e9;_bash_3;_seed_80_alpha_15p;2240.66;1;38.07;/dados/rmelo/PDPTW-SE/benchmark_multi_island_v5/official_experiments/multistartlp/preliminar/set_01_pt_01/logs/heur_mslp/timelines/08R_08V_04I_04M/lr208_timeline_genconfig_mslp_seed_80_alpha_15p.txt;245.75;t2;0;622.09;false
0.15;0.0;0.07;0.07;0.0;0.0;10;/dados/rmelo/PDPTW-SE/benchmark_multi_island_v5/official_experiments/multistartlp/preliminar/set_01_pt_01/logs/heur_mslp/outputs/csvresults_heur_mslp_bash_3.csv;0;4;1;26;0;0.0;0.5;true;14;2;lr109_t1_12R_12V_02I_04M;/dados/rmelo/PDPTW-SE/benchmark_multi_island_v5/official_experiments/multistartlp/preliminar/set_01_pt_01/configs/genconfig_mslp.conf;genconfig_mslp;/dados/rmelo/PDPTW-SE/benchmark_multi_island_v5/official_experiments/multistartlp/preliminar/set_01_pt_01/logs/heur_mslp/gurobi/12R_12V_02I_04M/lr109_grb_genconfig_mslp_seed_80_alpha_15p.log;random;12R_12V_02I_04M;1;0;1;/dados/rmelo/PDPTW-SE/benchmark_multi_island_v5/official_experiments/multistartlp/preliminar/set_01_pt_01/../../../../instances/orig_ams_fg/12R_12V_02I_04M/t1/lr109/;60000;2321;0;928.42;25;13;H;50;95;0;100.0;30.0;true;0.95;100.0;1.0;1.0;1.0;1.0;60;M;60000;60000;false;58;0.83;96.56;0.98;29;10;1000000;-1;3600;8.8;0.79;0.61;mslp;heur;0.73;0.32;-1;3600;60000;I;12;0.5;0.33;lr109;0;/dados/rmelo/PDPTW-SE/benchmark_multi_island_v5/official_experiments/multistartlp/preliminar/set_01_pt_01/logs;0;0;0;0.0;100.0;1;80;/dados/rmelo/PDPTW-SE/benchmark_multi_island_v5/official_experiments/multistartlp/preliminar/set_01_pt_01/logs/heur_mslp/solutions/12R_12V_02I_04M/lr109_sol_genconfig_mslp_seed_80_alpha_15p.txt;Gurobi;AUTOMATIC;1.75971388986e9;_bash_3;_seed_80_alpha_15p;5281.17;1;6.31;/dados/rmelo/PDPTW-SE/benchmark_multi_island_v5/official_experiments/multistartlp/preliminar/set_01_pt_01/logs/heur_mslp/timelines/12R_12V_02I_04M/lr109_timeline_genconfig_mslp_seed_80_alpha_15p.txt;155.67;t1;0;722.63;false
0.15;0.01;0.01;0.02;0.0;0.0;10;/dados/rmelo/PDPTW-SE/benchmark_multi_island_v5/official_experiments/multistartlp/preliminar/set_01_pt_01/logs/heur_mslp/outputs/csvresults_heur_mslp_bash_3.csv;0;4;1;26;0;0.0;0.5;true;14;2;lr208_t2_12R_12V_02I_04M;/dados/rmelo/PDPTW-SE/benchmark_multi_island_v5/official_experiments/multistartlp/preliminar/set_01_pt_01/configs/genconfig_mslp.conf;genconfig_mslp;/dados/rmelo/PDPTW-SE/benchmark_multi_island_v5/official_experiments/multistartlp/preliminar/set_01_pt_01/logs/heur_mslp/gurobi/12R_12V_02I_04M/lr208_grb_genconfig_mslp_seed_80_alpha_15p.log;random;12R_12V_02I_04M;1;0;1;/dados/rmelo/PDPTW-SE/benchmark_multi_island_v5/official_experiments/multistartlp/preliminar/set_01_pt_01/../../../../instances/orig_ams_fg/12R_12V_02I_04M/t2/lr208/;60000;46684;0;1070.64;25;13;H;50;95;0;100.0;30.0;true;0.95;100.0;1.0;1.0;1.0;1.0;60;M;51737;60000;false;58;0.79;113.97;0.93;29;10;1000000;-1;3600;6.24;0.79;0.93;mslp;heur;0.79;0.93;-1;3600;60000;I;12;0.75;0.08;lr208;0;/dados/rmelo/PDPTW-SE/benchmark_multi_island_v5/official_experiments/multistartlp/preliminar/set_01_pt_01/logs;0;0;0;0.0;86.23;1;80;/dados/rmelo/PDPTW-SE/benchmark_multi_island_v5/official_experiments/multistartlp/preliminar/set_01_pt_01/logs/heur_mslp/solutions/12R_12V_02I_04M/lr208_sol_genconfig_mslp_seed_80_alpha_15p.txt;Gurobi;AUTOMATIC;1.75971406645e9;_bash_3;_seed_80_alpha_15p;3741.49;1;228.5;/dados/rmelo/PDPTW-SE/benchmark_multi_island_v5/official_experiments/multistartlp/preliminar/set_01_pt_01/logs/heur_mslp/timelines/12R_12V_02I_04M/lr208_timeline_genconfig_mslp_seed_80_alpha_15p.txt;293.05;t2;0;786.56;false
0.15;0.02;0.08;0.1;0.0;0.0;5;/dados/rmelo/PDPTW-SE/benchmark_multi_island_v5/official_experiments/multistartlp/preliminar/set_01_pt_01/logs/heur_mslp/outputs/csvresults_heur_mslp_bash_3.csv;0;4;1;26;0;0.0;0.5;true;14;2;lr110_t1_12R_12V_02I_04M;/dados/rmelo/PDPTW-SE/benchmark_multi_island_v5/official_experiments/multistartlp/preliminar/set_01_pt_01/configs/genconfig_mslp.conf;genconfig_mslp;/dados/rmelo/PDPTW-SE/benchmark_multi_island_v5/official_experiments/multistartlp/preliminar/set_01_pt_01/logs/heur_mslp/gurobi/12R_12V_02I_04M/lr110_grb_genconfig_mslp_seed_80_alpha_15p.log;random;12R_12V_02I_04M;1;1604;1;/dados/rmelo/PDPTW-SE/benchmark_multi_island_v5/official_experiments/multistartlp/preliminar/set_01_pt_01/../../../../instances/orig_ams_fg/12R_12V_02I_04M/t1/lr110/;60000;12985;0;1137.1;25;13;H;50;95;0;100.0;30.0;true;0.95;100.0;1.0;1.0;1.0;1.0;60;M;58396;58396;false;52;0.99;121.03;0.76;26;10;1000000;-1;3600;4.65;0.7;0.49;mslp;heur;0.52;0.15;-1;3600;60000;I;12;1.0;0.5;lr110;0;/dados/rmelo/PDPTW-SE/benchmark_multi_island_v5/official_experiments/multistartlp/preliminar/set_01_pt_01/logs;0;0;0;2.67;100.0;1;80;/dados/rmelo/PDPTW-SE/benchmark_multi_island_v5/official_experiments/multistartlp/preliminar/set_01_pt_01/logs/heur_mslp/solutions/12R_12V_02I_04M/lr110_sol_genconfig_mslp_seed_80_alpha_15p.txt;Gurobi;AUTOMATIC;1.75971438113e9;_bash_3;_seed_80_alpha_15p;2717.06;1;34.81;/dados/rmelo/PDPTW-SE/benchmark_multi_island_v5/official_experiments/multistartlp/preliminar/set_01_pt_01/logs/heur_mslp/timelines/12R_12V_02I_04M/lr110_timeline_genconfig_mslp_seed_80_alpha_15p.txt;161.98;t1;0;971.55;false
0.15;0.0;0.03;0.03;0.0;0.0;11;/dados/rmelo/PDPTW-SE/benchmark_multi_island_v5/official_experiments/multistartlp/preliminar/set_01_pt_01/logs/heur_mslp/outputs/csvresults_heur_mslp_bash_3.csv;0;4;1;26;0;0.0;0.5;true;14;2;lr207_t2_12R_12V_02I_04M;/dados/rmelo/PDPTW-SE/benchmark_multi_island_v5/official_experiments/multistartlp/preliminar/set_01_pt_01/configs/genconfig_mslp.conf;genconfig_mslp;/dados/rmelo/PDPTW-SE/benchmark_multi_island_v5/official_experiments/multistartlp/preliminar/set_01_pt_01/logs/heur_mslp/gurobi/12R_12V_02I_04M/lr207_grb_genconfig_mslp_seed_80_alpha_15p.log;random;12R_12V_02I_04M;1;0;1;/dados/rmelo/PDPTW-SE/benchmark_multi_island_v5/official_experiments/multistartlp/preliminar/set_01_pt_01/../../../../instances/orig_ams_fg/12R_12V_02I_04M/t2/lr207/;60000;45067;0;1447.12;25;13;H;50;95;0;100.0;30.0;true;0.95;100.0;1.0;1.0;1.0;1.0;60;M;59871;60000;false;40;0.87;107.37;0.97;20;10;1000000;-1;3600;14.26;0.87;0.97;mslp;heur;0.87;0.97;-1;3600;60000;I;12;0.25;0.08;lr207;0;/dados/rmelo/PDPTW-SE/benchmark_multi_island_v5/official_experiments/multistartlp/preliminar/set_01_pt_01/logs;0;0;0;0.0;99.78;1;80;/dados/rmelo/PDPTW-SE/benchmark_multi_island_v5/official_experiments/multistartlp/preliminar/set_01_pt_01/logs/heur_mslp/solutions/12R_12V_02I_04M/lr207_sol_genconfig_mslp_seed_80_alpha_15p.txt;Gurobi;AUTOMATIC;1.75971456425e9;_bash_3;_seed_80_alpha_15p;8553.11;1;194.85;/dados/rmelo/PDPTW-SE/benchmark_multi_island_v5/official_experiments/multistartlp/preliminar/set_01_pt_01/logs/heur_mslp/timelines/12R_12V_02I_04M/lr207_timeline_genconfig_mslp_seed_80_alpha_15p.txt;258.73;t2;0;874.43;false
0.15;0.1;0.2;0.3;0.0;0.0;7;/dados/rmelo/PDPTW-SE/benchmark_multi_island_v5/official_experiments/multistartlp/preliminar/set_01_pt_01/logs/heur_mslp/outputs/csvresults_heur_mslp_bash_3.csv;0;4;1;26;0;0.0;0.5;true;14;2;lr110_t1_12R_12V_04I_04M;/dados/rmelo/PDPTW-SE/benchmark_multi_island_v5/official_experiments/multistartlp/preliminar/set_01_pt_01/configs/genconfig_mslp.conf;genconfig_mslp;/dados/rmelo/PDPTW-SE/benchmark_multi_island_v5/official_experiments/multistartlp/preliminar/set_01_pt_01/logs/heur_mslp/gurobi/12R_12V_04I_04M/lr110_grb_genconfig_mslp_seed_80_alpha_15p.log;random;12R_12V_04I_04M;1;793;1;/dados/rmelo/PDPTW-SE/benchmark_multi_island_v5/official_experiments/multistartlp/preliminar/set_01_pt_01/../../../../instances/orig_ams_fg/12R_12V_04I_04M/t1/lr110/;60000;247;0;1082.71;25;13;H;50;95;0;100.0;30.0;true;0.95;100.0;1.0;1.0;1.0;1.0;60;M;59207;59207;false;52;0.72;72.82;0.85;26;10;1000000;-1;3600;12.83;0.57;0.44;mslp;heur;0.37;0.15;-1;3600;60000;I;12;1.0;0.5;lr110;0;/dados/rmelo/PDPTW-SE/benchmark_multi_island_v5/official_experiments/multistartlp/preliminar/set_01_pt_01/logs;0;0;0;1.32;100.0;1;80;/dados/rmelo/PDPTW-SE/benchmark_multi_island_v5/official_experiments/multistartlp/preliminar/set_01_pt_01/logs/heur_mslp/solutions/12R_12V_04I_04M/lr110_sol_genconfig_mslp_seed_80_alpha_15p.txt;Gurobi;AUTOMATIC;1.75971484498e9;_bash_3;_seed_80_alpha_15p;7596.58;1;1.05;/dados/rmelo/PDPTW-SE/benchmark_multi_island_v5/official_experiments/multistartlp/preliminar/set_01_pt_01/logs/heur_mslp/timelines/12R_12V_04I_04M/lr110_timeline_genconfig_mslp_seed_80_alpha_15p.txt;182.26;t1;0;788.9;false
0.15;0.03;0.06;0.09;0.0;0.0;8;/dados/rmelo/PDPTW-SE/benchmark_multi_island_v5/official_experiments/multistartlp/preliminar/set_01_pt_01/logs/heur_mslp/outputs/csvresults_heur_mslp_bash_3.csv;0;4;1;26;0;0.0;0.5;true;14;2;lr207_t2_12R_12V_04I_04M;/dados/rmelo/PDPTW-SE/benchmark_multi_island_v5/official_experiments/multistartlp/preliminar/set_01_pt_01/configs/genconfig_mslp.conf;genconfig_mslp;/dados/rmelo/PDPTW-SE/benchmark_multi_island_v5/official_experiments/multistartlp/preliminar/set_01_pt_01/logs/heur_mslp/gurobi/12R_12V_04I_04M/lr207_grb_genconfig_mslp_seed_80_alpha_15p.log;random;12R_12V_04I_04M;1;0;1;/dados/rmelo/PDPTW-SE/benchmark_multi_island_v5/official_experiments/multistartlp/preliminar/set_01_pt_01/../../../../instances/orig_ams_fg/12R_12V_04I_04M/t2/lr207/;60000;7054;0;1654.71;25;13;H;50;95;0;100.0;30.0;true;0.95;100.0;1.0;1.0;1.0;1.0;60;M;59962;60000;false;40;0.88;86.12;0.97;20;10;1000000;-1;3600;15.72;0.88;0.97;mslp;heur;0.88;0.97;-1;3600;60000;I;12;0.75;0.08;lr207;0;/dados/rmelo/PDPTW-SE/benchmark_multi_island_v5/official_experiments/multistartlp/preliminar/set_01_pt_01/logs;0;0;0;0.0;99.94;1;80;/dados/rmelo/PDPTW-SE/benchmark_multi_island_v5/official_experiments/multistartlp/preliminar/set_01_pt_01/logs/heur_mslp/solutions/12R_12V_04I_04M/lr207_sol_genconfig_mslp_seed_80_alpha_15p.txt;Gurobi;AUTOMATIC;1.75971504878e9;_bash_3;_seed_80_alpha_15p;9430.06;1;40.9;/dados/rmelo/PDPTW-SE/benchmark_multi_island_v5/official_experiments/multistartlp/preliminar/set_01_pt_01/logs/heur_mslp/timelines/12R_12V_04I_04M/lr207_timeline_genconfig_mslp_seed_80_alpha_15p.txt;342.24;t2;0;876.56;false
0.15;0.06;0.15;0.22;0.0;0.04;13;/dados/rmelo/PDPTW-SE/benchmark_multi_island_v5/official_experiments/multistartlp/preliminar/set_01_pt_01/logs/heur_mslp/outputs/csvresults_heur_mslp_bash_3.csv;0;4;1;26;0;0.0;0.5;true;14;2;lr108_t1_12R_12V_04I_04M;/dados/rmelo/PDPTW-SE/benchmark_multi_island_v5/official_experiments/multistartlp/preliminar/set_01_pt_01/configs/genconfig_mslp.conf;genconfig_mslp;/dados/rmelo/PDPTW-SE/benchmark_multi_island_v5/official_experiments/multistartlp/preliminar/set_01_pt_01/logs/heur_mslp/gurobi/12R_12V_04I_04M/lr108_grb_genconfig_mslp_seed_80_alpha_15p.log;random;12R_12V_04I_04M;1;440;1;/dados/rmelo/PDPTW-SE/benchmark_multi_island_v5/official_experiments/multistartlp/preliminar/set_01_pt_01/../../../../instances/orig_ams_fg/12R_12V_04I_04M/t1/lr108/;60000;5380;0;971.13;25;13;H;50;95;0;100.0;30.0;true;0.95;100.0;1.0;1.0;1.0;1.0;60;M;59560;59560;false;58;0.99;75.48;0.94;29;10;1000000;-1;3600;5.89;0.91;0.64;mslp;heur;0.77;0.48;-1;3600;60000;I;12;1.0;0.33;lr108;0;/dados/rmelo/PDPTW-SE/benchmark_multi_island_v5/official_experiments/multistartlp/preliminar/set_01_pt_01/logs;0;0;0;0.73;100.0;1;80;/dados/rmelo/PDPTW-SE/benchmark_multi_island_v5/official_experiments/multistartlp/preliminar/set_01_pt_01/logs/heur_mslp/solutions/12R_12V_04I_04M/lr108_sol_genconfig_mslp_seed_80_alpha_15p.txt;Gurobi;AUTOMATIC;1.75971541169e9;_bash_3;_seed_80_alpha_15p;3507.3;1;18.0;/dados/rmelo/PDPTW-SE/benchmark_multi_island_v5/official_experiments/multistartlp/preliminar/set_01_pt_01/logs/heur_mslp/timelines/12R_12V_04I_04M/lr108_timeline_genconfig_mslp_seed_80_alpha_15p.txt;201.3;t1;0;833.87;false
0.15;0.03;0.06;0.09;0.0;0.0;8;/dados/rmelo/PDPTW-SE/benchmark_multi_island_v5/official_experiments/multistartlp/preliminar/set_01_pt_01/logs/heur_mslp/outputs/csvresults_heur_mslp_bash_3.csv;0;4;1;26;0;0.0;0.5;true;14;2;lr207_t2_12R_12V_04I_04M;/dados/rmelo/PDPTW-SE/benchmark_multi_island_v5/official_experiments/multistartlp/preliminar/set_01_pt_01/configs/genconfig_mslp.conf;genconfig_mslp;/dados/rmelo/PDPTW-SE/benchmark_multi_island_v5/official_experiments/multistartlp/preliminar/set_01_pt_01/logs/heur_mslp/gurobi/12R_12V_04I_04M/lr207_grb_genconfig_mslp_seed_80_alpha_15p.log;random;12R_12V_04I_04M;1;0;1;/dados/rmelo/PDPTW-SE/benchmark_multi_island_v5/official_experiments/multistartlp/preliminar/set_01_pt_01/../../../../instances/orig_ams_fg/12R_12V_04I_04M/t2/lr207/;60000;7054;0;1654.71;25;13;H;50;95;0;100.0;30.0;true;0.95;100.0;1.0;1.0;1.0;1.0;60;M;59962;60000;false;40;0.88;86.12;0.97;20;10;1000000;-1;3600;15.72;0.88;0.97;mslp;heur;0.88;0.97;-1;3600;60000;I;12;0.75;0.08;lr207;0;/dados/rmelo/PDPTW-SE/benchmark_multi_island_v5/official_experiments/multistartlp/preliminar/set_01_pt_01/logs;0;0;0;0.0;99.94;1;80;/dados/rmelo/PDPTW-SE/benchmark_multi_island_v5/official_experiments/multistartlp/preliminar/set_01_pt_01/logs/heur_mslp/solutions/12R_12V_04I_04M/lr207_sol_genconfig_mslp_seed_80_alpha_15p.txt;Gurobi;AUTOMATIC;1.75971563456e9;_bash_3;_seed_80_alpha_15p;9430.06;1;41.04;/dados/rmelo/PDPTW-SE/benchmark_multi_island_v5/official_experiments/multistartlp/preliminar/set_01_pt_01/logs/heur_mslp/timelines/12R_12V_04I_04M/lr207_timeline_genconfig_mslp_seed_80_alpha_15p.txt;345.82;t2;0;876.56;false
0.15;0.02;0.07;0.09;0.0;0.07;4;/dados/rmelo/PDPTW-SE/benchmark_multi_island_v5/official_experiments/multistartlp/preliminar/set_01_pt_01/logs/heur_mslp/outputs/csvresults_heur_mslp_bash_3.csv;0;6;1;82;0;0.0;0.5;true;42;2;LR1_2_6_t1_40R_40V_02I_06M;/dados/rmelo/PDPTW-SE/benchmark_multi_island_v5/official_experiments/multistartlp/preliminar/set_01_pt_01/configs/genconfig_mslp.conf;genconfig_mslp;/dados/rmelo/PDPTW-SE/benchmark_multi_island_v5/official_experiments/multistartlp/preliminar/set_01_pt_01/logs/heur_mslp/gurobi/40R_40V_02I_06M/LR1_2_6_grb_genconfig_mslp_seed_80_alpha_15p.log;random;40R_40V_02I_06M;1;58190;1;/dados/rmelo/PDPTW-SE/benchmark_multi_island_v5/official_experiments/multistartlp/preliminar/set_01_pt_01/../../../../instances/orig_ams_fg/40R_40V_02I_06M/t1/LR1_2_6/;60000;10686;0;6657.23;81;41;H;50;95;0;100.0;30.0;true;0.95;100.0;1.0;1.0;1.0;1.0;60;M;1810;1810;false;72;0.99;213.59;0.93;36;10;1000000;-1;3600;4.91;0.69;0.59;mslp;heur;0.38;0.18;-1;3600;60000;I;40;1.0;0.32;LR1_2_6;0;/dados/rmelo/PDPTW-SE/benchmark_multi_island_v5/official_experiments/multistartlp/preliminar/set_01_pt_01/logs;0;0;0;96.98;100.0;1;80;/dados/rmelo/PDPTW-SE/benchmark_multi_island_v5/official_experiments/multistartlp/preliminar/set_01_pt_01/logs/heur_mslp/solutions/40R_40V_02I_06M/LR1_2_6_sol_genconfig_mslp_seed_80_alpha_15p.txt;Gurobi;AUTOMATIC;1.75971600315e9;_bash_3;_seed_80_alpha_15p;88.85;1;47.3;/dados/rmelo/PDPTW-SE/benchmark_multi_island_v5/official_experiments/multistartlp/preliminar/set_01_pt_01/logs/heur_mslp/timelines/40R_40V_02I_06M/LR1_2_6_timeline_genconfig_mslp_seed_80_alpha_15p.txt;260.88;t1;0;5710.81;false
0.15;0.01;0.02;0.03;0.0;0.13;11;/dados/rmelo/PDPTW-SE/benchmark_multi_island_v5/official_experiments/multistartlp/preliminar/set_01_pt_01/logs/heur_mslp/outputs/csvresults_heur_mslp_bash_3.csv;0;6;1;82;0;0.0;0.5;true;42;2;LR2_2_10_t2_40R_40V_02I_06M;/dados/rmelo/PDPTW-SE/benchmark_multi_island_v5/official_experiments/multistartlp/preliminar/set_01_pt_01/configs/genconfig_mslp.conf;genconfig_mslp;/dados/rmelo/PDPTW-SE/benchmark_multi_island_v5/official_experiments/multistartlp/preliminar/set_01_pt_01/logs/heur_mslp/gurobi/40R_40V_02I_06M/LR2_2_10_grb_genconfig_mslp_seed_80_alpha_15p.log;random;40R_40V_02I_06M;1;0;1;/dados/rmelo/PDPTW-SE/benchmark_multi_island_v5/official_experiments/multistartlp/preliminar/set_01_pt_01/../../../../instances/orig_ams_fg/40R_40V_02I_06M/t2/LR2_2_10/;60000;18506;0;8988.59;81;41;H;50;95;0;100.0;30.0;true;0.95;100.0;1.0;1.0;1.0;1.0;60;M;60000;60000;false;80;0.93;269.32;1.0;40;10;1000000;-1;3600;6.33;0.51;0.82;mslp;heur;0.11;0.25;-1;3600;60000;I;40;0.67;0.12;LR2_2_10;0;/dados/rmelo/PDPTW-SE/benchmark_multi_island_v5/official_experiments/multistartlp/preliminar/set_01_pt_01/logs;0;0;0;0.0;100.0;1;80;/dados/rmelo/PDPTW-SE/benchmark_multi_island_v5/official_experiments/multistartlp/preliminar/set_01_pt_01/logs/heur_mslp/solutions/40R_40V_02I_06M/LR2_2_10_sol_genconfig_mslp_seed_80_alpha_15p.txt;Gurobi;AUTOMATIC;1.75971628618e9;_bash_3;_seed_80_alpha_15p;3796.38;1;440.2;/dados/rmelo/PDPTW-SE/benchmark_multi_island_v5/official_experiments/multistartlp/preliminar/set_01_pt_01/logs/heur_mslp/timelines/40R_40V_02I_06M/LR2_2_10_timeline_genconfig_mslp_seed_80_alpha_15p.txt;1430.72;t2;0;6440.99;false
0.15;0.01;0.03;0.04;0.0;0.01;7;/dados/rmelo/PDPTW-SE/benchmark_multi_island_v5/official_experiments/multistartlp/preliminar/set_01_pt_01/logs/heur_mslp/outputs/csvresults_heur_mslp_bash_3.csv;0;6;1;82;0;0.0;0.5;true;42;2;LR1_2_8_t1_40R_40V_02I_06M;/dados/rmelo/PDPTW-SE/benchmark_multi_island_v5/official_experiments/multistartlp/preliminar/set_01_pt_01/configs/genconfig_mslp.conf;genconfig_mslp;/dados/rmelo/PDPTW-SE/benchmark_multi_island_v5/official_experiments/multistartlp/preliminar/set_01_pt_01/logs/heur_mslp/gurobi/40R_40V_02I_06M/LR1_2_8_grb_genconfig_mslp_seed_80_alpha_15p.log;random;40R_40V_02I_06M;1;55467;1;/dados/rmelo/PDPTW-SE/benchmark_multi_island_v5/official_experiments/multistartlp/preliminar/set_01_pt_01/../../../../instances/orig_ams_fg/40R_40V_02I_06M/t1/LR1_2_8/;60000;40482;0;4843.68;81;41;H;50;95;0;100.0;30.0;true;0.95;100.0;1.0;1.0;1.0;1.0;60;M;4533;4533;false;86;1.0;260.25;0.97;43;10;1000000;-1;3600;1.79;0.8;0.75;mslp;heur;0.51;0.5;-1;3600;60000;I;40;1.0;0.18;LR1_2_8;0;/dados/rmelo/PDPTW-SE/benchmark_multi_island_v5/official_experiments/multistartlp/preliminar/set_01_pt_01/logs;0;0;0;92.44;100.0;1;80;/dados/rmelo/PDPTW-SE/benchmark_multi_island_v5/official_experiments/multistartlp/preliminar/set_01_pt_01/logs/heur_mslp/solutions/40R_40V_02I_06M/LR1_2_8_sol_genconfig_mslp_seed_80_alpha_15p.txt;Gurobi;AUTOMATIC;1.75971773927e9;_bash_3;_seed_80_alpha_15p;81.05;1;276.13;/dados/rmelo/PDPTW-SE/benchmark_multi_island_v5/official_experiments/multistartlp/preliminar/set_01_pt_01/logs/heur_mslp/timelines/40R_40V_02I_06M/LR1_2_8_timeline_genconfig_mslp_seed_80_alpha_15p.txt;410.57;t1;0;3867.89;false
0.15;0.01;0.02;0.03;0.0;0.13;11;/dados/rmelo/PDPTW-SE/benchmark_multi_island_v5/official_experiments/multistartlp/preliminar/set_01_pt_01/logs/heur_mslp/outputs/csvresults_heur_mslp_bash_3.csv;0;6;1;82;0;0.0;0.5;true;42;2;LR2_2_10_t2_40R_40V_02I_06M;/dados/rmelo/PDPTW-SE/benchmark_multi_island_v5/official_experiments/multistartlp/preliminar/set_01_pt_01/configs/genconfig_mslp.conf;genconfig_mslp;/dados/rmelo/PDPTW-SE/benchmark_multi_island_v5/official_experiments/multistartlp/preliminar/set_01_pt_01/logs/heur_mslp/gurobi/40R_40V_02I_06M/LR2_2_10_grb_genconfig_mslp_seed_80_alpha_15p.log;random;40R_40V_02I_06M;1;0;1;/dados/rmelo/PDPTW-SE/benchmark_multi_island_v5/official_experiments/multistartlp/preliminar/set_01_pt_01/../../../../instances/orig_ams_fg/40R_40V_02I_06M/t2/LR2_2_10/;60000;18506;0;8988.59;81;41;H;50;95;0;100.0;30.0;true;0.95;100.0;1.0;1.0;1.0;1.0;60;M;60000;60000;false;80;0.93;269.32;1.0;40;10;1000000;-1;3600;6.33;0.51;0.82;mslp;heur;0.11;0.25;-1;3600;60000;I;40;0.67;0.12;LR2_2_10;0;/dados/rmelo/PDPTW-SE/benchmark_multi_island_v5/official_experiments/multistartlp/preliminar/set_01_pt_01/logs;0;0;0;0.0;100.0;1;80;/dados/rmelo/PDPTW-SE/benchmark_multi_island_v5/official_experiments/multistartlp/preliminar/set_01_pt_01/logs/heur_mslp/solutions/40R_40V_02I_06M/LR2_2_10_sol_genconfig_mslp_seed_80_alpha_15p.txt;Gurobi;AUTOMATIC;1.75971817219e9;_bash_3;_seed_80_alpha_15p;3796.38;1;450.5;/dados/rmelo/PDPTW-SE/benchmark_multi_island_v5/official_experiments/multistartlp/preliminar/set_01_pt_01/logs/heur_mslp/timelines/40R_40V_02I_06M/LR2_2_10_timeline_genconfig_mslp_seed_80_alpha_15p.txt;1454.7;t2;0;6440.99;false
0.15;0.09;0.14;0.23;0.0;0.05;13;/dados/rmelo/PDPTW-SE/benchmark_multi_island_v5/official_experiments/multistartlp/preliminar/set_01_pt_01/logs/heur_mslp/outputs/csvresults_heur_mslp_bash_3.csv;0;6;1;82;0;0.0;0.5;true;42;2;LR1_2_10_t1_40R_40V_04I_06M;/dados/rmelo/PDPTW-SE/benchmark_multi_island_v5/official_experiments/multistartlp/preliminar/set_01_pt_01/configs/genconfig_mslp.conf;genconfig_mslp;/dados/rmelo/PDPTW-SE/benchmark_multi_island_v5/official_experiments/multistartlp/preliminar/set_01_pt_01/logs/heur_mslp/gurobi/40R_40V_04I_06M/LR1_2_10_grb_genconfig_mslp_seed_80_alpha_15p.log;random;40R_40V_04I_06M;1;14902;1;/dados/rmelo/PDPTW-SE/benchmark_multi_island_v5/official_experiments/multistartlp/preliminar/set_01_pt_01/../../../../instances/orig_ams_fg/40R_40V_04I_06M/t1/LR1_2_10/;60000;23334;0;6219.69;81;41;H;50;95;0;100.0;30.0;true;0.95;100.0;1.0;1.0;1.0;1.0;60;M;45098;45098;false;72;0.95;175.77;0.98;36;10;1000000;-1;3600;6.34;0.66;0.73;mslp;heur;0.29;0.11;-1;3600;60000;I;40;1.0;0.25;LR1_2_10;0;/dados/rmelo/PDPTW-SE/benchmark_multi_island_v5/official_experiments/multistartlp/preliminar/set_01_pt_01/logs;0;0;0;24.84;100.0;1;80;/dados/rmelo/PDPTW-SE/benchmark_multi_island_v5/official_experiments/multistartlp/preliminar/set_01_pt_01/logs/heur_mslp/solutions/40R_40V_04I_06M/LR1_2_10_sol_genconfig_mslp_seed_80_alpha_15p.txt;Gurobi;AUTOMATIC;1.75971964957e9;_bash_3;_seed_80_alpha_15p;2858.18;1;379.62;/dados/rmelo/PDPTW-SE/benchmark_multi_island_v5/official_experiments/multistartlp/preliminar/set_01_pt_01/logs/heur_mslp/timelines/40R_40V_04I_06M/LR1_2_10_timeline_genconfig_mslp_seed_80_alpha_15p.txt;976.56;t1;0;4178.08;false
0.15;0.03;0.06;0.09;0.0;0.0;4;/dados/rmelo/PDPTW-SE/benchmark_multi_island_v5/official_experiments/multistartlp/preliminar/set_01_pt_01/logs/heur_mslp/outputs/csvresults_heur_mslp_bash_3.csv;0;6;1;82;0;0.0;0.5;true;42;2;LR2_2_7_t2_40R_40V_04I_06M;/dados/rmelo/PDPTW-SE/benchmark_multi_island_v5/official_experiments/multistartlp/preliminar/set_01_pt_01/configs/genconfig_mslp.conf;genconfig_mslp;/dados/rmelo/PDPTW-SE/benchmark_multi_island_v5/official_experiments/multistartlp/preliminar/set_01_pt_01/logs/heur_mslp/gurobi/40R_40V_04I_06M/LR2_2_7_grb_genconfig_mslp_seed_80_alpha_15p.log;random;40R_40V_04I_06M;1;0;1;/dados/rmelo/PDPTW-SE/benchmark_multi_island_v5/official_experiments/multistartlp/preliminar/set_01_pt_01/../../../../instances/orig_ams_fg/40R_40V_04I_06M/t2/LR2_2_7/;56088;20800;0;8868.37;81;41;H;50;95;0;100.0;30.0;true;0.95;100.0;1.0;1.0;1.0;1.0;60;M;56088;56088;false;78;0.79;185.38;1.0;39;10;1000000;-1;3600;2.62;0.54;0.8;mslp;heur;0.07;0.23;-1;3600;60000;I;40;1.0;0.1;LR2_2_7;0;/dados/rmelo/PDPTW-SE/benchmark_multi_island_v5/official_experiments/multistartlp/preliminar/set_01_pt_01/logs;0;0;0;0.0;100.0;1;80;/dados/rmelo/PDPTW-SE/benchmark_multi_island_v5/official_experiments/multistartlp/preliminar/set_01_pt_01/logs/heur_mslp/solutions/40R_40V_04I_06M/LR2_2_7_sol_genconfig_mslp_seed_80_alpha_15p.txt;Gurobi;AUTOMATIC;1.75972064871e9;_bash_3;_seed_80_alpha_15p;1468.95;1;1337.29;/dados/rmelo/PDPTW-SE/benchmark_multi_island_v5/official_experiments/multistartlp/preliminar/set_01_pt_01/logs/heur_mslp/timelines/40R_40V_04I_06M/LR2_2_7_timeline_genconfig_mslp_seed_80_alpha_15p.txt;3600.05;t2;0;5494.54;false
0.15;0.08;0.13;0.21;0.0;0.01;10;/dados/rmelo/PDPTW-SE/benchmark_multi_island_v5/official_experiments/multistartlp/preliminar/set_01_pt_01/logs/heur_mslp/outputs/csvresults_heur_mslp_bash_3.csv;0;6;1;82;0;0.0;0.5;true;42;2;LR1_2_8_t1_40R_40V_04I_06M;/dados/rmelo/PDPTW-SE/benchmark_multi_island_v5/official_experiments/multistartlp/preliminar/set_01_pt_01/configs/genconfig_mslp.conf;genconfig_mslp;/dados/rmelo/PDPTW-SE/benchmark_multi_island_v5/official_experiments/multistartlp/preliminar/set_01_pt_01/logs/heur_mslp/gurobi/40R_40V_04I_06M/LR1_2_8_grb_genconfig_mslp_seed_80_alpha_15p.log;random;40R_40V_04I_06M;1;16291;1;/dados/rmelo/PDPTW-SE/benchmark_multi_island_v5/official_experiments/multistartlp/preliminar/set_01_pt_01/../../../../instances/orig_ams_fg/40R_40V_04I_06M/t1/LR1_2_8/;60000;46958;0;4618.78;81;41;H;50;95;0;100.0;30.0;true;0.95;100.0;1.0;1.0;1.0;1.0;60;M;43704;43709;false;86;0.96;175.25;1.0;43;10;1000000;-1;3600;2.59;0.88;0.88;mslp;heur;0.81;0.72;-1;3600;60000;I;40;1.0;0.15;LR1_2_8;0;/dados/rmelo/PDPTW-SE/benchmark_multi_island_v5/official_experiments/multistartlp/preliminar/set_01_pt_01/logs;0;0;0;27.15;99.99;1;80;/dados/rmelo/PDPTW-SE/benchmark_multi_island_v5/official_experiments/multistartlp/preliminar/set_01_pt_01/logs/heur_mslp/solutions/40R_40V_04I_06M/LR1_2_8_sol_genconfig_mslp_seed_80_alpha_15p.txt;Gurobi;AUTOMATIC;1.75972427066e9;_bash_3;_seed_80_alpha_15p;1131.59;1;1380.83;/dados/rmelo/PDPTW-SE/benchmark_multi_island_v5/official_experiments/multistartlp/preliminar/set_01_pt_01/logs/heur_mslp/timelines/40R_40V_04I_06M/LR1_2_8_timeline_genconfig_mslp_seed_80_alpha_15p.txt;1761.29;t1;0;3355.88;false
0.15;0.03;0.06;0.09;0.0;0.06;9;/dados/rmelo/PDPTW-SE/benchmark_multi_island_v5/official_experiments/multistartlp/preliminar/set_01_pt_01/logs/heur_mslp/outputs/csvresults_heur_mslp_bash_3.csv;0;6;1;82;0;0.0;0.5;true;42;2;LR2_2_6_t2_40R_40V_04I_06M;/dados/rmelo/PDPTW-SE/benchmark_multi_island_v5/official_experiments/multistartlp/preliminar/set_01_pt_01/configs/genconfig_mslp.conf;genconfig_mslp;/dados/rmelo/PDPTW-SE/benchmark_multi_island_v5/official_experiments/multistartlp/preliminar/set_01_pt_01/logs/heur_mslp/gurobi/40R_40V_04I_06M/LR2_2_6_grb_genconfig_mslp_seed_80_alpha_15p.log;random;40R_40V_04I_06M;1;0;1;/dados/rmelo/PDPTW-SE/benchmark_multi_island_v5/official_experiments/multistartlp/preliminar/set_01_pt_01/../../../../instances/orig_ams_fg/40R_40V_04I_06M/t2/LR2_2_6/;60000;10563;0;8069.09;81;41;H;50;95;0;100.0;30.0;true;0.95;100.0;1.0;1.0;1.0;1.0;60;M;60000;60000;false;80;0.88;181.23;1.0;40;10;1000000;-1;3600;4.46;0.82;0.99;mslp;heur;0.78;0.97;-1;3600;60000;I;40;1.0;0.08;LR2_2_6;0;/dados/rmelo/PDPTW-SE/benchmark_multi_island_v5/official_experiments/multistartlp/preliminar/set_01_pt_01/logs;0;0;0;0.0;100.0;1;80;/dados/rmelo/PDPTW-SE/benchmark_multi_island_v5/official_experiments/multistartlp/preliminar/set_01_pt_01/logs/heur_mslp/solutions/40R_40V_04I_06M/LR2_2_6_sol_genconfig_mslp_seed_80_alpha_15p.txt;Gurobi;AUTOMATIC;1.75972605418e9;_bash_3;_seed_80_alpha_15p;2675.28;1;534.1;/dados/rmelo/PDPTW-SE/benchmark_multi_island_v5/official_experiments/multistartlp/preliminar/set_01_pt_01/logs/heur_mslp/timelines/40R_40V_04I_06M/LR2_2_6_timeline_genconfig_mslp_seed_80_alpha_15p.txt;3032.94;t2;0;6209.08;false
0.15;0.04;0.08;0.12;0.0;0.05;1;/dados/rmelo/PDPTW-SE/benchmark_multi_island_v5/official_experiments/multistartlp/preliminar/set_01_pt_01/logs/heur_mslp/outputs/csvresults_heur_mslp_bash_3.csv;0;6;1;122;0;0.0;0.5;true;62;2;LR1_2_6_t1_60R_60V_02I_06M;/dados/rmelo/PDPTW-SE/benchmark_multi_island_v5/official_experiments/multistartlp/preliminar/set_01_pt_01/configs/genconfig_mslp.conf;genconfig_mslp;/dados/rmelo/PDPTW-SE/benchmark_multi_island_v5/official_experiments/multistartlp/preliminar/set_01_pt_01/logs/heur_mslp/gurobi/60R_60V_02I_06M/LR1_2_6_grb_genconfig_mslp_seed_80_alpha_15p.log;random;60R_60V_02I_06M;1;59999;1;/dados/rmelo/PDPTW-SE/benchmark_multi_island_v5/official_experiments/multistartlp/preliminar/set_01_pt_01/../../../../instances/orig_ams_fg/60R_60V_02I_06M/t1/LR1_2_6/;60000;1;0;10597.13;121;61;H;50;95;0;100.0;30.0;true;0.95;100.0;1.0;1.0;1.0;1.0;60;M;1;1;false;82;0.96;277.16;1.0;41;10;1000000;-1;3600;2.74;0.68;0.54;mslp;heur;0.44;0.11;-1;3600;60000;I;60;1.0;0.35;LR1_2_6;0;/dados/rmelo/PDPTW-SE/benchmark_multi_island_v5/official_experiments/multistartlp/preliminar/set_01_pt_01/logs;0;0;0;100.0;100.0;1;80;/dados/rmelo/PDPTW-SE/benchmark_multi_island_v5/official_experiments/multistartlp/preliminar/set_01_pt_01/logs/heur_mslp/solutions/60R_60V_02I_06M/LR1_2_6_sol_genconfig_mslp_seed_80_alpha_15p.txt;Gurobi;AUTOMATIC;1.75972910905e9;_bash_3;_seed_80_alpha_15p;0.03;1;0.03;/dados/rmelo/PDPTW-SE/benchmark_multi_island_v5/official_experiments/multistartlp/preliminar/set_01_pt_01/logs/heur_mslp/timelines/60R_60V_02I_06M/LR1_2_6_timeline_genconfig_mslp_seed_80_alpha_15p.txt;213.74;t1;0;10306.72;false
0.15;0.01;0.01;0.02;0.0;0.0;4;/dados/rmelo/PDPTW-SE/benchmark_multi_island_v5/official_experiments/multistartlp/preliminar/set_01_pt_01/logs/heur_mslp/outputs/csvresults_heur_mslp_bash_3.csv;0;6;1;122;0;0.0;0.5;true;62;2;LR2_2_8_t2_60R_60V_02I_06M;/dados/rmelo/PDPTW-SE/benchmark_multi_island_v5/official_experiments/multistartlp/preliminar/set_01_pt_01/configs/genconfig_mslp.conf;genconfig_mslp;/dados/rmelo/PDPTW-SE/benchmark_multi_island_v5/official_experiments/multistartlp/preliminar/set_01_pt_01/logs/heur_mslp/gurobi/60R_60V_02I_06M/LR2_2_8_grb_genconfig_mslp_seed_80_alpha_15p.log;random;60R_60V_02I_06M;1;0;1;/dados/rmelo/PDPTW-SE/benchmark_multi_island_v5/official_experiments/multistartlp/preliminar/set_01_pt_01/../../../../instances/orig_ams_fg/60R_60V_02I_06M/t2/LR2_2_8/;34127;26614;0;10848.47;121;61;H;50;95;0;100.0;30.0;true;0.95;100.0;1.0;1.0;1.0;1.0;60;M;33987;34127;false;80;0.93;227.5;1.0;40;10;1000000;-1;3600;1.58;0.7;0.97;mslp;heur;0.38;0.93;-1;3600;60000;I;60;0.67;0.07;LR2_2_8;0;/dados/rmelo/PDPTW-SE/benchmark_multi_island_v5/official_experiments/multistartlp/preliminar/set_01_pt_01/logs;0;0;0;0.0;99.59;1;80;/dados/rmelo/PDPTW-SE/benchmark_multi_island_v5/official_experiments/multistartlp/preliminar/set_01_pt_01/logs/heur_mslp/solutions/60R_60V_02I_06M/LR2_2_8_sol_genconfig_mslp_seed_80_alpha_15p.txt;Gurobi;AUTOMATIC;1.75972934447e9;_bash_3;_seed_80_alpha_15p;539.86;1;2805.83;/dados/rmelo/PDPTW-SE/benchmark_multi_island_v5/official_experiments/multistartlp/preliminar/set_01_pt_01/logs/heur_mslp/timelines/60R_60V_02I_06M/LR2_2_8_timeline_genconfig_mslp_seed_80_alpha_15p.txt;3600.08;t2;0;7065.76;false
0.15;0.01;0.04;0.05;0.0;0.06;8;/dados/rmelo/PDPTW-SE/benchmark_multi_island_v5/official_experiments/multistartlp/preliminar/set_01_pt_01/logs/heur_mslp/outputs/csvresults_heur_mslp_bash_3.csv;0;6;1;122;0;0.0;0.5;true;62;2;LR1_2_9_t1_60R_60V_02I_06M;/dados/rmelo/PDPTW-SE/benchmark_multi_island_v5/official_experiments/multistartlp/preliminar/set_01_pt_01/configs/genconfig_mslp.conf;genconfig_mslp;/dados/rmelo/PDPTW-SE/benchmark_multi_island_v5/official_experiments/multistartlp/preliminar/set_01_pt_01/logs/heur_mslp/gurobi/60R_60V_02I_06M/LR1_2_9_grb_genconfig_mslp_seed_80_alpha_15p.log;random;60R_60V_02I_06M;1;23579;1;/dados/rmelo/PDPTW-SE/benchmark_multi_island_v5/official_experiments/multistartlp/preliminar/set_01_pt_01/../../../../instances/orig_ams_fg/60R_60V_02I_06M/t1/LR1_2_9/;60000;8086;0;8245.19;121;61;H;50;95;0;100.0;30.0;true;0.95;100.0;1.0;1.0;1.0;1.0;60;M;36421;36421;false;86;0.92;182.58;0.99;43;10;1000000;-1;3600;6.3;0.73;0.72;mslp;heur;0.16;0.22;-1;3600;60000;I;60;1.0;0.23;LR1_2_9;0;/dados/rmelo/PDPTW-SE/benchmark_multi_island_v5/official_experiments/multistartlp/preliminar/set_01_pt_01/logs;0;0;0;39.3;100.0;1;80;/dados/rmelo/PDPTW-SE/benchmark_multi_island_v5/official_experiments/multistartlp/preliminar/set_01_pt_01/logs/heur_mslp/solutions/60R_60V_02I_06M/LR1_2_9_sol_genconfig_mslp_seed_80_alpha_15p.txt;Gurobi;AUTOMATIC;1.75973296716e9;_bash_3;_seed_80_alpha_15p;2295.52;1;167.45;/dados/rmelo/PDPTW-SE/benchmark_multi_island_v5/official_experiments/multistartlp/preliminar/set_01_pt_01/logs/heur_mslp/timelines/60R_60V_02I_06M/LR1_2_9_timeline_genconfig_mslp_seed_80_alpha_15p.txt;1242.36;t1;0;6449.31;false
0.15;0.01;0.02;0.04;0.01;0.07;5;/dados/rmelo/PDPTW-SE/benchmark_multi_island_v5/official_experiments/multistartlp/preliminar/set_01_pt_01/logs/heur_mslp/outputs/csvresults_heur_mslp_bash_3.csv;0;6;1;122;0;0.0;0.5;true;62;2;LR2_2_10_t2_60R_60V_02I_06M;/dados/rmelo/PDPTW-SE/benchmark_multi_island_v5/official_experiments/multistartlp/preliminar/set_01_pt_01/configs/genconfig_mslp.conf;genconfig_mslp;/dados/rmelo/PDPTW-SE/benchmark_multi_island_v5/official_experiments/multistartlp/preliminar/set_01_pt_01/logs/heur_mslp/gurobi/60R_60V_02I_06M/LR2_2_10_grb_genconfig_mslp_seed_80_alpha_15p.log;random;60R_60V_02I_06M;1;0;1;/dados/rmelo/PDPTW-SE/benchmark_multi_island_v5/official_experiments/multistartlp/preliminar/set_01_pt_01/../../../../instances/orig_ams_fg/60R_60V_02I_06M/t2/LR2_2_10/;60000;45840;0;13971.17;121;61;H;50;95;0;100.0;30.0;true;0.95;100.0;1.0;1.0;1.0;1.0;60;M;60000;60000;false;80;0.94;300.67;1.0;40;10;1000000;-1;3600;7.07;0.82;0.97;mslp;heur;0.74;0.94;-1;3600;60000;I;60;0.83;0.08;LR2_2_10;0;/dados/rmelo/PDPTW-SE/benchmark_multi_island_v5/official_experiments/multistartlp/preliminar/set_01_pt_01/logs;0;0;0;0.0;100.0;1;80;/dados/rmelo/PDPTW-SE/benchmark_multi_island_v5/official_experiments/multistartlp/preliminar/set_01_pt_01/logs/heur_mslp/solutions/60R_60V_02I_06M/LR2_2_10_sol_genconfig_mslp_seed_80_alpha_15p.txt;Gurobi;AUTOMATIC;1.75973423216e9;_bash_3;_seed_80_alpha_15p;4243.92;1;2272.56;/dados/rmelo/PDPTW-SE/benchmark_multi_island_v5/official_experiments/multistartlp/preliminar/set_01_pt_01/logs/heur_mslp/timelines/60R_60V_02I_06M/LR2_2_10_timeline_genconfig_mslp_seed_80_alpha_15p.txt;2968.85;t2;0;10350.6;false
0.15;0.09;0.12;0.21;0.02;0.27;0;/dados/rmelo/PDPTW-SE/benchmark_multi_island_v5/official_experiments/multistartlp/preliminar/set_01_pt_01/logs/heur_mslp/outputs/csvresults_heur_mslp_bash_3.csv;0;6;1;122;0;0.0;0.5;false;62;2;LR1_2_6_t1_60R_60V_04I_06M;/dados/rmelo/PDPTW-SE/benchmark_multi_island_v5/official_experiments/multistartlp/preliminar/set_01_pt_01/configs/genconfig_mslp.conf;genconfig_mslp;/dados/rmelo/PDPTW-SE/benchmark_multi_island_v5/official_experiments/multistartlp/preliminar/set_01_pt_01/logs/heur_mslp/gurobi/60R_60V_04I_06M/LR1_2_6_grb_genconfig_mslp_seed_80_alpha_15p.log;random;60R_60V_04I_06M;1;60000;1;/dados/rmelo/PDPTW-SE/benchmark_multi_island_v5/official_experiments/multistartlp/preliminar/set_01_pt_01/../../../../instances/orig_ams_fg/60R_60V_04I_06M/t1/LR1_2_6/;60000;0;0;0.0;121;61;H;50;95;0;100.0;30.0;true;0.95;100.0;1.0;1.0;1.0;1.0;60;M;0;0;false;82;0.96;184.15;0.96;41;10;1000000;-1;3600;0.0;0.62;0.59;mslp;heur;0.45;0.33;-1;3600;60000;I;60;1.0;0.25;LR1_2_6;0;/dados/rmelo/PDPTW-SE/benchmark_multi_island_v5/official_experiments/multistartlp/preliminar/set_01_pt_01/logs;0;0;0;100.0;0.0;1;80;/dados/rmelo/PDPTW-SE/benchmark_multi_island_v5/official_experiments/multistartlp/preliminar/set_01_pt_01/logs/heur_mslp/solutions/60R_60V_04I_06M/LR1_2_6_sol_genconfig_mslp_seed_80_alpha_15p.txt;Gurobi;AUTOMATIC;1.75973722174e9;_bash_3;_seed_80_alpha_15p;0.0;1;0.0;/dados/rmelo/PDPTW-SE/benchmark_multi_island_v5/official_experiments/multistartlp/preliminar/set_01_pt_01/logs/heur_mslp/timelines/60R_60V_04I_06M/LR1_2_6_timeline_genconfig_mslp_seed_80_alpha_15p.txt;523.8;t1;0;Inf;false
0.15;0.02;0.04;0.07;0.0;0.0;4;/dados/rmelo/PDPTW-SE/benchmark_multi_island_v5/official_experiments/multistartlp/preliminar/set_01_pt_01/logs/heur_mslp/outputs/csvresults_heur_mslp_bash_3.csv;0;6;1;122;0;0.0;0.5;true;62;2;LR2_2_8_t2_60R_60V_04I_06M;/dados/rmelo/PDPTW-SE/benchmark_multi_island_v5/official_experiments/multistartlp/preliminar/set_01_pt_01/configs/genconfig_mslp.conf;genconfig_mslp;/dados/rmelo/PDPTW-SE/benchmark_multi_island_v5/official_experiments/multistartlp/preliminar/set_01_pt_01/logs/heur_mslp/gurobi/60R_60V_04I_06M/LR2_2_8_grb_genconfig_mslp_seed_80_alpha_15p.log;random;60R_60V_04I_06M;1;0;1;/dados/rmelo/PDPTW-SE/benchmark_multi_island_v5/official_experiments/multistartlp/preliminar/set_01_pt_01/../../../../instances/orig_ams_fg/60R_60V_04I_06M/t2/LR2_2_8/;18356;9880;0;8876.49;121;61;H;50;95;0;100.0;30.0;true;0.95;100.0;1.0;1.0;1.0;1.0;60;M;18296;18356;false;80;0.82;181.1;1.0;40;10;1000000;-1;3600;1.14;0.74;0.98;mslp;heur;0.58;0.96;-1;3600;60000;I;60;1.0;0.07;LR2_2_8;0;/dados/rmelo/PDPTW-SE/benchmark_multi_island_v5/official_experiments/multistartlp/preliminar/set_01_pt_01/logs;0;0;0;0.0;99.67;1;80;/dados/rmelo/PDPTW-SE/benchmark_multi_island_v5/official_experiments/multistartlp/preliminar/set_01_pt_01/logs/heur_mslp/solutions/60R_60V_04I_06M/LR2_2_8_sol_genconfig_mslp_seed_80_alpha_15p.txt;Gurobi;AUTOMATIC;1.75973776783e9;_bash_3;_seed_80_alpha_15p;210.07;1;1941.6;/dados/rmelo/PDPTW-SE/benchmark_multi_island_v5/official_experiments/multistartlp/preliminar/set_01_pt_01/logs/heur_mslp/timelines/60R_60V_04I_06M/LR2_2_8_timeline_genconfig_mslp_seed_80_alpha_15p.txt;3600.07;t2;0;7465.42;false
0.15;0.1;0.15;0.25;0.0;0.09;10;/dados/rmelo/PDPTW-SE/benchmark_multi_island_v5/official_experiments/multistartlp/preliminar/set_01_pt_01/logs/heur_mslp/outputs/csvresults_heur_mslp_bash_3.csv;0;6;1;122;0;0.0;0.5;true;62;2;LR1_2_9_t1_60R_60V_04I_06M;/dados/rmelo/PDPTW-SE/benchmark_multi_island_v5/official_experiments/multistartlp/preliminar/set_01_pt_01/configs/genconfig_mslp.conf;genconfig_mslp;/dados/rmelo/PDPTW-SE/benchmark_multi_island_v5/official_experiments/multistartlp/preliminar/set_01_pt_01/logs/heur_mslp/gurobi/60R_60V_04I_06M/LR1_2_9_grb_genconfig_mslp_seed_80_alpha_15p.log;random;60R_60V_04I_06M;1;59449;1;/dados/rmelo/PDPTW-SE/benchmark_multi_island_v5/official_experiments/multistartlp/preliminar/set_01_pt_01/../../../../instances/orig_ams_fg/60R_60V_04I_06M/t1/LR1_2_9/;60000;30563;0;8449.32;121;61;H;50;95;0;100.0;30.0;true;0.95;100.0;1.0;1.0;1.0;1.0;60;M;551;551;false;86;0.92;181.44;0.97;43;10;1000000;-1;3600;6.99;0.76;0.72;mslp;heur;0.45;0.24;-1;3600;60000;I;60;1.0;0.23;LR1_2_9;0;/dados/rmelo/PDPTW-SE/benchmark_multi_island_v5/official_experiments/multistartlp/preliminar/set_01_pt_01/logs;0;0;0;99.08;100.0;1;80;/dados/rmelo/PDPTW-SE/benchmark_multi_island_v5/official_experiments/multistartlp/preliminar/set_01_pt_01/logs/heur_mslp/solutions/60R_60V_04I_06M/LR1_2_9_sol_genconfig_mslp_seed_80_alpha_15p.txt;Gurobi;AUTOMATIC;1.75974139053e9;_bash_3;_seed_80_alpha_15p;38.5;1;346.04;/dados/rmelo/PDPTW-SE/benchmark_multi_island_v5/official_experiments/multistartlp/preliminar/set_01_pt_01/logs/heur_mslp/timelines/60R_60V_04I_06M/LR1_2_9_timeline_genconfig_mslp_seed_80_alpha_15p.txt;677.08;t1;0;6744.96;false
0.15;0.02;0.04;0.07;0.0;0.0;4;/dados/rmelo/PDPTW-SE/benchmark_multi_island_v5/official_experiments/multistartlp/preliminar/set_01_pt_01/logs/heur_mslp/outputs/csvresults_heur_mslp_bash_3.csv;0;6;1;122;0;0.0;0.5;true;62;2;LR2_2_8_t2_60R_60V_04I_06M;/dados/rmelo/PDPTW-SE/benchmark_multi_island_v5/official_experiments/multistartlp/preliminar/set_01_pt_01/configs/genconfig_mslp.conf;genconfig_mslp;/dados/rmelo/PDPTW-SE/benchmark_multi_island_v5/official_experiments/multistartlp/preliminar/set_01_pt_01/logs/heur_mslp/gurobi/60R_60V_04I_06M/LR2_2_8_grb_genconfig_mslp_seed_80_alpha_15p.log;random;60R_60V_04I_06M;1;0;1;/dados/rmelo/PDPTW-SE/benchmark_multi_island_v5/official_experiments/multistartlp/preliminar/set_01_pt_01/../../../../instances/orig_ams_fg/60R_60V_04I_06M/t2/LR2_2_8/;18317;9880;0;9517.14;121;61;H;50;95;0;100.0;30.0;true;0.95;100.0;1.0;1.0;1.0;1.0;60;M;18257;18317;false;80;0.82;181.1;1.0;40;10;1000000;-1;3600;1.14;0.74;0.98;mslp;heur;0.58;0.96;-1;3600;60000;I;60;1.0;0.07;LR2_2_8;0;/dados/rmelo/PDPTW-SE/benchmark_multi_island_v5/official_experiments/multistartlp/preliminar/set_01_pt_01/logs;0;0;0;0.0;99.67;1;80;/dados/rmelo/PDPTW-SE/benchmark_multi_island_v5/official_experiments/multistartlp/preliminar/set_01_pt_01/logs/heur_mslp/solutions/60R_60V_04I_06M/LR2_2_8_sol_genconfig_mslp_seed_80_alpha_15p.txt;Gurobi;AUTOMATIC;1.75974209001e9;_bash_3;_seed_80_alpha_15p;209.68;1;1952.13;/dados/rmelo/PDPTW-SE/benchmark_multi_island_v5/official_experiments/multistartlp/preliminar/set_01_pt_01/logs/heur_mslp/timelines/60R_60V_04I_06M/LR2_2_8_timeline_genconfig_mslp_seed_80_alpha_15p.txt;3600.16;t2;0;7465.42;false
0.15;0.0;0.12;0.12;0.0;0.0;5;/dados/rmelo/PDPTW-SE/benchmark_multi_island_v5/official_experiments/multistartlp/preliminar/set_01_pt_01/logs/heur_mslp/outputs/csvresults_heur_mslp_bash_3.csv;0;4;1;18;0;0.0;0.5;true;10;2;lr109_t1_08R_08V_02I_04M;/dados/rmelo/PDPTW-SE/benchmark_multi_island_v5/official_experiments/multistartlp/preliminar/set_01_pt_01/configs/genconfig_mslp.conf;genconfig_mslp;/dados/rmelo/PDPTW-SE/benchmark_multi_island_v5/official_experiments/multistartlp/preliminar/set_01_pt_01/logs/heur_mslp/gurobi/08R_08V_02I_04M/lr109_grb_genconfig_mslp_seed_87_alpha_15p.log;random;08R_08V_02I_04M;1;0;1;/dados/rmelo/PDPTW-SE/benchmark_multi_island_v5/official_experiments/multistartlp/preliminar/set_01_pt_01/../../../../instances/orig_ams_fg/08R_08V_02I_04M/t1/lr109/;60000;89;0;716.7;17;9;H;50;95;0;100.0;30.0;true;0.95;100.0;1.0;1.0;1.0;1.0;60;M;60000;60000;false;52;0.91;78.96;0.6;26;10;1000000;-1;3600;9.43;0.77;0.5;mslp;heur;0.59;0.28;-1;3600;60000;I;8;0.5;0.38;lr109;0;/dados/rmelo/PDPTW-SE/benchmark_multi_island_v5/official_experiments/multistartlp/preliminar/set_01_pt_01/logs;0;0;0;0.0;100.0;1;87;/dados/rmelo/PDPTW-SE/benchmark_multi_island_v5/official_experiments/multistartlp/preliminar/set_01_pt_01/logs/heur_mslp/solutions/08R_08V_02I_04M/lr109_sol_genconfig_mslp_seed_87_alpha_15p.txt;Gurobi;AUTOMATIC;1.7597457117e9;_bash_3;_seed_87_alpha_15p;5655.63;1;0.45;/dados/rmelo/PDPTW-SE/benchmark_multi_island_v5/official_experiments/multistartlp/preliminar/set_01_pt_01/logs/heur_mslp/timelines/08R_08V_02I_04M/lr109_timeline_genconfig_mslp_seed_87_alpha_15p.txt;122.86;t1;0;533.17;false
0.15;0.01;0.02;0.03;0.0;0.0;15;/dados/rmelo/PDPTW-SE/benchmark_multi_island_v5/official_experiments/multistartlp/preliminar/set_01_pt_01/logs/heur_mslp/outputs/csvresults_heur_mslp_bash_3.csv;0;4;1;18;0;0.0;0.5;true;10;2;lr209_t2_08R_08V_02I_04M;/dados/rmelo/PDPTW-SE/benchmark_multi_island_v5/official_experiments/multistartlp/preliminar/set_01_pt_01/configs/genconfig_mslp.conf;genconfig_mslp;/dados/rmelo/PDPTW-SE/benchmark_multi_island_v5/official_experiments/multistartlp/preliminar/set_01_pt_01/logs/heur_mslp/gurobi/08R_08V_02I_04M/lr209_grb_genconfig_mslp_seed_87_alpha_15p.log;random;08R_08V_02I_04M;1;0;1;/dados/rmelo/PDPTW-SE/benchmark_multi_island_v5/official_experiments/multistartlp/preliminar/set_01_pt_01/../../../../instances/orig_ams_fg/08R_08V_02I_04M/t2/lr209/;60000;45303;0;772.78;17;9;H;50;95;0;100.0;30.0;true;0.95;100.0;1.0;1.0;1.0;1.0;60;M;59011;60000;false;46;0.57;77.81;0.82;23;10;1000000;-1;3600;20.65;0.57;0.82;mslp;heur;0.57;0.82;-1;3600;60000;I;8;0.75;0.12;lr209;0;/dados/rmelo/PDPTW-SE/benchmark_multi_island_v5/official_experiments/multistartlp/preliminar/set_01_pt_01/logs;0;0;0;0.0;98.35;1;87;/dados/rmelo/PDPTW-SE/benchmark_multi_island_v5/official_experiments/multistartlp/preliminar/set_01_pt_01/logs/heur_mslp/solutions/08R_08V_02I_04M/lr209_sol_genconfig_mslp_seed_87_alpha_15p.txt;Gurobi;AUTOMATIC;1.75974585546e9;_bash_3;_seed_87_alpha_15p;12390.88;1;109.01;/dados/rmelo/PDPTW-SE/benchmark_multi_island_v5/official_experiments/multistartlp/preliminar/set_01_pt_01/logs/heur_mslp/timelines/08R_08V_02I_04M/lr209_timeline_genconfig_mslp_seed_87_alpha_15p.txt;143.95;t2;0;570.16;false
0.15;0.0;0.24;0.24;0.0;0.01;3;/dados/rmelo/PDPTW-SE/benchmark_multi_island_v5/official_experiments/multistartlp/preliminar/set_01_pt_01/logs/heur_mslp/outputs/csvresults_heur_mslp_bash_3.csv;0;4;1;18;0;0.0;0.5;true;10;2;lr106_t1_08R_08V_02I_04M;/dados/rmelo/PDPTW-SE/benchmark_multi_island_v5/official_experiments/multistartlp/preliminar/set_01_pt_01/configs/genconfig_mslp.conf;genconfig_mslp;/dados/rmelo/PDPTW-SE/benchmark_multi_island_v5/official_experiments/multistartlp/preliminar/set_01_pt_01/logs/heur_mslp/gurobi/08R_08V_02I_04M/lr106_grb_genconfig_mslp_seed_87_alpha_15p.log;random;08R_08V_02I_04M;1;0;1;/dados/rmelo/PDPTW-SE/benchmark_multi_island_v5/official_experiments/multistartlp/preliminar/set_01_pt_01/../../../../instances/orig_ams_fg/08R_08V_02I_04M/t1/lr106/;60000;5;0;804.95;17;9;H;50;95;0;100.0;30.0;true;0.95;100.0;1.0;1.0;1.0;1.0;60;M;60000;60000;false;52;0.83;104.47;0.85;26;10;1000000;-1;3600;18.79;0.62;0.53;mslp;heur;0.45;0.21;-1;3600;60000;I;8;0.25;0.5;lr106;0;/dados/rmelo/PDPTW-SE/benchmark_multi_island_v5/official_experiments/multistartlp/preliminar/set_01_pt_01/logs;0;0;0;0.0;100.0;1;87;/dados/rmelo/PDPTW-SE/benchmark_multi_island_v5/official_experiments/multistartlp/preliminar/set_01_pt_01/logs/heur_mslp/solutions/08R_08V_02I_04M/lr106_sol_genconfig_mslp_seed_87_alpha_15p.txt;Gurobi;AUTOMATIC;1.75974602128e9;_bash_3;_seed_87_alpha_15p;11272.87;1;0.29;/dados/rmelo/PDPTW-SE/benchmark_multi_island_v5/official_experiments/multistartlp/preliminar/set_01_pt_01/logs/heur_mslp/timelines/08R_08V_02I_04M/lr106_timeline_genconfig_mslp_seed_87_alpha_15p.txt;115.98;t1;0;602.78;false
0.15;0.01;0.01;0.02;0.0;0.0;9;/dados/rmelo/PDPTW-SE/benchmark_multi_island_v5/official_experiments/multistartlp/preliminar/set_01_pt_01/logs/heur_mslp/outputs/csvresults_heur_mslp_bash_3.csv;0;4;1;18;0;0.0;0.5;true;10;2;lr208_t2_08R_08V_02I_04M;/dados/rmelo/PDPTW-SE/benchmark_multi_island_v5/official_experiments/multistartlp/preliminar/set_01_pt_01/configs/genconfig_mslp.conf;genconfig_mslp;/dados/rmelo/PDPTW-SE/benchmark_multi_island_v5/official_experiments/multistartlp/preliminar/set_01_pt_01/logs/heur_mslp/gurobi/08R_08V_02I_04M/lr208_grb_genconfig_mslp_seed_87_alpha_15p.log;random;08R_08V_02I_04M;1;0;1;/dados/rmelo/PDPTW-SE/benchmark_multi_island_v5/official_experiments/multistartlp/preliminar/set_01_pt_01/../../../../instances/orig_ams_fg/08R_08V_02I_04M/t2/lr208/;60000;38782;0;686.0;17;9;H;50;95;0;100.0;30.0;true;0.95;100.0;1.0;1.0;1.0;1.0;60;M;46459;60000;false;38;0.56;75.47;0.97;19;10;1000000;-1;3600;4.78;0.56;0.97;mslp;heur;0.56;0.97;-1;3600;60000;I;8;0.75;0.12;lr208;0;/dados/rmelo/PDPTW-SE/benchmark_multi_island_v5/official_experiments/multistartlp/preliminar/set_01_pt_01/logs;0;0;0;0.0;77.43;1;87;/dados/rmelo/PDPTW-SE/benchmark_multi_island_v5/official_experiments/multistartlp/preliminar/set_01_pt_01/logs/heur_mslp/solutions/08R_08V_02I_04M/lr208_sol_genconfig_mslp_seed_87_alpha_15p.txt;Gurobi;AUTOMATIC;1.75974615822e9;_bash_3;_seed_87_alpha_15p;2869.21;1;106.98;/dados/rmelo/PDPTW-SE/benchmark_multi_island_v5/official_experiments/multistartlp/preliminar/set_01_pt_01/logs/heur_mslp/timelines/08R_08V_02I_04M/lr208_timeline_genconfig_mslp_seed_87_alpha_15p.txt;166.27;t2;0;561.48;false
0.15;0.03;0.21;0.25;0.0;0.0;11;/dados/rmelo/PDPTW-SE/benchmark_multi_island_v5/official_experiments/multistartlp/preliminar/set_01_pt_01/logs/heur_mslp/outputs/csvresults_heur_mslp_bash_3.csv;0;4;1;18;0;0.0;0.5;true;10;2;lr110_t1_08R_08V_04I_04M;/dados/rmelo/PDPTW-SE/benchmark_multi_island_v5/official_experiments/multistartlp/preliminar/set_01_pt_01/configs/genconfig_mslp.conf;genconfig_mslp;/dados/rmelo/PDPTW-SE/benchmark_multi_island_v5/official_experiments/multistartlp/preliminar/set_01_pt_01/logs/heur_mslp/gurobi/08R_08V_04I_04M/lr110_grb_genconfig_mslp_seed_87_alpha_15p.log;random;08R_08V_04I_04M;1;3673;1;/dados/rmelo/PDPTW-SE/benchmark_multi_island_v5/official_experiments/multistartlp/preliminar/set_01_pt_01/../../../../instances/orig_ams_fg/08R_08V_04I_04M/t1/lr110/;60000;1115;0;778.4;17;9;H;50;95;0;100.0;30.0;true;0.95;100.0;1.0;1.0;1.0;1.0;60;M;56327;56327;false;52;0.89;73.36;0.82;26;10;1000000;-1;3600;8.3;0.58;0.51;mslp;heur;0.35;0.1;-1;3600;60000;I;8;1.0;0.62;lr110;0;/dados/rmelo/PDPTW-SE/benchmark_multi_island_v5/official_experiments/multistartlp/preliminar/set_01_pt_01/logs;0;0;0;6.12;100.0;1;87;/dados/rmelo/PDPTW-SE/benchmark_multi_island_v5/official_experiments/multistartlp/preliminar/set_01_pt_01/logs/heur_mslp/solutions/08R_08V_04I_04M/lr110_sol_genconfig_mslp_seed_87_alpha_15p.txt;Gurobi;AUTOMATIC;1.75974634558e9;_bash_3;_seed_87_alpha_15p;4672.46;1;2.85;/dados/rmelo/PDPTW-SE/benchmark_multi_island_v5/official_experiments/multistartlp/preliminar/set_01_pt_01/logs/heur_mslp/timelines/08R_08V_04I_04M/lr110_timeline_genconfig_mslp_seed_87_alpha_15p.txt;136.77;t1;0;672.57;false
0.15;0.04;0.06;0.09;0.0;0.0;10;/dados/rmelo/PDPTW-SE/benchmark_multi_island_v5/official_experiments/multistartlp/preliminar/set_01_pt_01/logs/heur_mslp/outputs/csvresults_heur_mslp_bash_3.csv;0;4;1;18;0;0.0;0.5;true;10;2;lr209_t2_08R_08V_04I_04M;/dados/rmelo/PDPTW-SE/benchmark_multi_island_v5/official_experiments/multistartlp/preliminar/set_01_pt_01/configs/genconfig_mslp.conf;genconfig_mslp;/dados/rmelo/PDPTW-SE/benchmark_multi_island_v5/official_experiments/multistartlp/preliminar/set_01_pt_01/logs/heur_mslp/gurobi/08R_08V_04I_04M/lr209_grb_genconfig_mslp_seed_87_alpha_15p.log;random;08R_08V_04I_04M;1;0;1;/dados/rmelo/PDPTW-SE/benchmark_multi_island_v5/official_experiments/multistartlp/preliminar/set_01_pt_01/../../../../instances/orig_ams_fg/08R_08V_04I_04M/t2/lr209/;60000;14299;0;796.09;17;9;H;50;95;0;100.0;30.0;true;0.95;100.0;1.0;1.0;1.0;1.0;60;M;59260;60000;false;46;0.62;78.66;0.82;23;10;1000000;-1;3600;22.86;0.62;0.82;mslp;heur;0.62;0.82;-1;3600;60000;I;8;0.75;0.12;lr209;0;/dados/rmelo/PDPTW-SE/benchmark_multi_island_v5/official_experiments/multistartlp/preliminar/set_01_pt_01/logs;0;0;0;0.0;98.77;1;87;/dados/rmelo/PDPTW-SE/benchmark_multi_island_v5/official_experiments/multistartlp/preliminar/set_01_pt_01/logs/heur_mslp/solutions/08R_08V_04I_04M/lr209_sol_genconfig_mslp_seed_87_alpha_15p.txt;Gurobi;AUTOMATIC;1.75974650502e9;_bash_3;_seed_87_alpha_15p;13715.54;1;47.11;/dados/rmelo/PDPTW-SE/benchmark_multi_island_v5/official_experiments/multistartlp/preliminar/set_01_pt_01/logs/heur_mslp/timelines/08R_08V_04I_04M/lr209_timeline_genconfig_mslp_seed_87_alpha_15p.txt;194.63;t2;0;618.4;false
0.15;0.08;0.17;0.25;0.0;0.0;3;/dados/rmelo/PDPTW-SE/benchmark_multi_island_v5/official_experiments/multistartlp/preliminar/set_01_pt_01/logs/heur_mslp/outputs/csvresults_heur_mslp_bash_3.csv;0;4;1;18;0;0.0;0.5;true;10;2;lr109_t1_08R_08V_04I_04M;/dados/rmelo/PDPTW-SE/benchmark_multi_island_v5/official_experiments/multistartlp/preliminar/set_01_pt_01/configs/genconfig_mslp.conf;genconfig_mslp;/dados/rmelo/PDPTW-SE/benchmark_multi_island_v5/official_experiments/multistartlp/preliminar/set_01_pt_01/logs/heur_mslp/gurobi/08R_08V_04I_04M/lr109_grb_genconfig_mslp_seed_87_alpha_15p.log;random;08R_08V_04I_04M;1;0;1;/dados/rmelo/PDPTW-SE/benchmark_multi_island_v5/official_experiments/multistartlp/preliminar/set_01_pt_01/../../../../instances/orig_ams_fg/08R_08V_04I_04M/t1/lr109/;60000;16;0;750.01;17;9;H;50;95;0;100.0;30.0;true;0.95;100.0;1.0;1.0;1.0;1.0;60;M;60000;60000;false;52;0.9;65.14;0.76;26;10;1000000;-1;3600;12.54;0.6;0.44;mslp;heur;0.42;0.21;-1;3600;60000;I;8;0.75;0.5;lr109;0;/dados/rmelo/PDPTW-SE/benchmark_multi_island_v5/official_experiments/multistartlp/preliminar/set_01_pt_01/logs;0;0;0;0.0;100.0;1;87;/dados/rmelo/PDPTW-SE/benchmark_multi_island_v5/official_experiments/multistartlp/preliminar/set_01_pt_01/logs/heur_mslp/solutions/08R_08V_04I_04M/lr109_sol_genconfig_mslp_seed_87_alpha_15p.txt;Gurobi;AUTOMATIC;1.75974672024e9;_bash_3;_seed_87_alpha_15p;7521.75;1;0.31;/dados/rmelo/PDPTW-SE/benchmark_multi_island_v5/official_experiments/multistartlp/preliminar/set_01_pt_01/logs/heur_mslp/timelines/08R_08V_04I_04M/lr109_timeline_genconfig_mslp_seed_87_alpha_15p.txt;134.72;t1;0;555.44;false
0.15;0.02;0.04;0.06;0.0;0.0;11;/dados/rmelo/PDPTW-SE/benchmark_multi_island_v5/official_experiments/multistartlp/preliminar/set_01_pt_01/logs/heur_mslp/outputs/csvresults_heur_mslp_bash_3.csv;0;4;1;18;0;0.0;0.5;true;10;2;lr208_t2_08R_08V_04I_04M;/dados/rmelo/PDPTW-SE/benchmark_multi_island_v5/official_experiments/multistartlp/preliminar/set_01_pt_01/configs/genconfig_mslp.conf;genconfig_mslp;/dados/rmelo/PDPTW-SE/benchmark_multi_island_v5/official_experiments/multistartlp/preliminar/set_01_pt_01/logs/heur_mslp/gurobi/08R_08V_04I_04M/lr208_grb_genconfig_mslp_seed_87_alpha_15p.log;random;08R_08V_04I_04M;1;0;1;/dados/rmelo/PDPTW-SE/benchmark_multi_island_v5/official_experiments/multistartlp/preliminar/set_01_pt_01/../../../../instances/orig_ams_fg/08R_08V_04I_04M/t2/lr208/;60000;18610;0;768.42;17;9;H;50;95;0;100.0;30.0;true;0.95;100.0;1.0;1.0;1.0;1.0;60;M;32983;60000;false;38;0.62;77.91;0.97;19;10;1000000;-1;3600;3.66;0.62;0.97;mslp;heur;0.62;0.97;-1;3600;60000;I;8;1.0;0.12;lr208;0;/dados/rmelo/PDPTW-SE/benchmark_multi_island_v5/official_experiments/multistartlp/preliminar/set_01_pt_01/logs;0;0;0;0.0;54.97;1;87;/dados/rmelo/PDPTW-SE/benchmark_multi_island_v5/official_experiments/multistartlp/preliminar/set_01_pt_01/logs/heur_mslp/solutions/08R_08V_04I_04M/lr208_sol_genconfig_mslp_seed_87_alpha_15p.txt;Gurobi;AUTOMATIC;1.75974687542e9;_bash_3;_seed_87_alpha_15p;2196.55;1;75.79;/dados/rmelo/PDPTW-SE/benchmark_multi_island_v5/official_experiments/multistartlp/preliminar/set_01_pt_01/logs/heur_mslp/timelines/08R_08V_04I_04M/lr208_timeline_genconfig_mslp_seed_87_alpha_15p.txt;244.75;t2;0;621.91;false
0.15;0.0;0.07;0.07;0.0;0.0;10;/dados/rmelo/PDPTW-SE/benchmark_multi_island_v5/official_experiments/multistartlp/preliminar/set_01_pt_01/logs/heur_mslp/outputs/csvresults_heur_mslp_bash_3.csv;0;4;1;26;0;0.0;0.5;true;14;2;lr109_t1_12R_12V_02I_04M;/dados/rmelo/PDPTW-SE/benchmark_multi_island_v5/official_experiments/multistartlp/preliminar/set_01_pt_01/configs/genconfig_mslp.conf;genconfig_mslp;/dados/rmelo/PDPTW-SE/benchmark_multi_island_v5/official_experiments/multistartlp/preliminar/set_01_pt_01/logs/heur_mslp/gurobi/12R_12V_02I_04M/lr109_grb_genconfig_mslp_seed_87_alpha_15p.log;random;12R_12V_02I_04M;1;0;1;/dados/rmelo/PDPTW-SE/benchmark_multi_island_v5/official_experiments/multistartlp/preliminar/set_01_pt_01/../../../../instances/orig_ams_fg/12R_12V_02I_04M/t1/lr109/;60000;12324;0;941.54;25;13;H;50;95;0;100.0;30.0;true;0.95;100.0;1.0;1.0;1.0;1.0;60;M;60000;60000;false;58;0.83;96.56;0.81;29;10;1000000;-1;3600;8.8;0.79;0.6;mslp;heur;0.73;0.32;-1;3600;60000;I;12;0.5;0.33;lr109;0;/dados/rmelo/PDPTW-SE/benchmark_multi_island_v5/official_experiments/multistartlp/preliminar/set_01_pt_01/logs;0;0;0;0.0;100.0;1;87;/dados/rmelo/PDPTW-SE/benchmark_multi_island_v5/official_experiments/multistartlp/preliminar/set_01_pt_01/logs/heur_mslp/solutions/12R_12V_02I_04M/lr109_sol_genconfig_mslp_seed_87_alpha_15p.txt;Gurobi;AUTOMATIC;1.7597471418e9;_bash_3;_seed_87_alpha_15p;5281.04;1;32.98;/dados/rmelo/PDPTW-SE/benchmark_multi_island_v5/official_experiments/multistartlp/preliminar/set_01_pt_01/logs/heur_mslp/timelines/12R_12V_02I_04M/lr109_timeline_genconfig_mslp_seed_87_alpha_15p.txt;158.54;t1;0;722.63;false
0.15;0.01;0.02;0.02;0.0;0.0;7;/dados/rmelo/PDPTW-SE/benchmark_multi_island_v5/official_experiments/multistartlp/preliminar/set_01_pt_01/logs/heur_mslp/outputs/csvresults_heur_mslp_bash_3.csv;0;4;1;26;0;0.0;0.5;true;14;2;lr208_t2_12R_12V_02I_04M;/dados/rmelo/PDPTW-SE/benchmark_multi_island_v5/official_experiments/multistartlp/preliminar/set_01_pt_01/configs/genconfig_mslp.conf;genconfig_mslp;/dados/rmelo/PDPTW-SE/benchmark_multi_island_v5/official_experiments/multistartlp/preliminar/set_01_pt_01/logs/heur_mslp/gurobi/12R_12V_02I_04M/lr208_grb_genconfig_mslp_seed_87_alpha_15p.log;random;12R_12V_02I_04M;1;0;1;/dados/rmelo/PDPTW-SE/benchmark_multi_island_v5/official_experiments/multistartlp/preliminar/set_01_pt_01/../../../../instances/orig_ams_fg/12R_12V_02I_04M/t2/lr208/;60000;35839;0;1001.24;25;13;H;50;95;0;100.0;30.0;true;0.95;100.0;1.0;1.0;1.0;1.0;60;M;51495;60000;false;58;0.77;113.97;1.0;29;10;1000000;-1;3600;6.2;0.77;1.0;mslp;heur;0.77;1.0;-1;3600;60000;I;12;0.5;0.08;lr208;0;/dados/rmelo/PDPTW-SE/benchmark_multi_island_v5/official_experiments/multistartlp/preliminar/set_01_pt_01/logs;0;0;0;0.0;85.82;1;87;/dados/rmelo/PDPTW-SE/benchmark_multi_island_v5/official_experiments/multistartlp/preliminar/set_01_pt_01/logs/heur_mslp/solutions/12R_12V_02I_04M/lr208_sol_genconfig_mslp_seed_87_alpha_15p.txt;Gurobi;AUTOMATIC;1.75974732136e9;_bash_3;_seed_87_alpha_15p;3721.84;1;174.86;/dados/rmelo/PDPTW-SE/benchmark_multi_island_v5/official_experiments/multistartlp/preliminar/set_01_pt_01/logs/heur_mslp/timelines/12R_12V_02I_04M/lr208_timeline_genconfig_mslp_seed_87_alpha_15p.txt;291.79;t2;0;772.41;false
0.15;0.02;0.08;0.1;0.0;0.0;9;/dados/rmelo/PDPTW-SE/benchmark_multi_island_v5/official_experiments/multistartlp/preliminar/set_01_pt_01/logs/heur_mslp/outputs/csvresults_heur_mslp_bash_3.csv;0;4;1;26;0;0.0;0.5;true;14;2;lr110_t1_12R_12V_02I_04M;/dados/rmelo/PDPTW-SE/benchmark_multi_island_v5/official_experiments/multistartlp/preliminar/set_01_pt_01/configs/genconfig_mslp.conf;genconfig_mslp;/dados/rmelo/PDPTW-SE/benchmark_multi_island_v5/official_experiments/multistartlp/preliminar/set_01_pt_01/logs/heur_mslp/gurobi/12R_12V_02I_04M/lr110_grb_genconfig_mslp_seed_87_alpha_15p.log;random;12R_12V_02I_04M;1;1547;1;/dados/rmelo/PDPTW-SE/benchmark_multi_island_v5/official_experiments/multistartlp/preliminar/set_01_pt_01/../../../../instances/orig_ams_fg/12R_12V_02I_04M/t1/lr110/;60000;20411;0;1253.05;25;13;H;50;95;0;100.0;30.0;true;0.95;100.0;1.0;1.0;1.0;1.0;60;M;58453;58453;false;52;0.99;121.03;0.85;26;10;1000000;-1;3600;4.64;0.7;0.55;mslp;heur;0.52;0.19;-1;3600;60000;I;12;1.0;0.5;lr110;0;/dados/rmelo/PDPTW-SE/benchmark_multi_island_v5/official_experiments/multistartlp/preliminar/set_01_pt_01/logs;0;0;0;2.58;100.0;1;87;/dados/rmelo/PDPTW-SE/benchmark_multi_island_v5/official_experiments/multistartlp/preliminar/set_01_pt_01/logs/heur_mslp/solutions/12R_12V_02I_04M/lr110_sol_genconfig_mslp_seed_87_alpha_15p.txt;Gurobi;AUTOMATIC;1.75974763525e9;_bash_3;_seed_87_alpha_15p;2713.43;1;56.45;/dados/rmelo/PDPTW-SE/benchmark_multi_island_v5/official_experiments/multistartlp/preliminar/set_01_pt_01/logs/heur_mslp/timelines/12R_12V_02I_04M/lr110_timeline_genconfig_mslp_seed_87_alpha_15p.txt;162.59;t1;0;971.55;false
0.15;0.0;0.03;0.03;0.0;0.0;7;/dados/rmelo/PDPTW-SE/benchmark_multi_island_v5/official_experiments/multistartlp/preliminar/set_01_pt_01/logs/heur_mslp/outputs/csvresults_heur_mslp_bash_3.csv;0;4;1;26;0;0.0;0.5;true;14;2;lr207_t2_12R_12V_02I_04M;/dados/rmelo/PDPTW-SE/benchmark_multi_island_v5/official_experiments/multistartlp/preliminar/set_01_pt_01/configs/genconfig_mslp.conf;genconfig_mslp;/dados/rmelo/PDPTW-SE/benchmark_multi_island_v5/official_experiments/multistartlp/preliminar/set_01_pt_01/logs/heur_mslp/gurobi/12R_12V_02I_04M/lr207_grb_genconfig_mslp_seed_87_alpha_15p.log;random;12R_12V_02I_04M;1;0;1;/dados/rmelo/PDPTW-SE/benchmark_multi_island_v5/official_experiments/multistartlp/preliminar/set_01_pt_01/../../../../instances/orig_ams_fg/12R_12V_02I_04M/t2/lr207/;60000;37833;0;1649.2;25;13;H;50;95;0;100.0;30.0;true;0.95;100.0;1.0;1.0;1.0;1.0;60;M;59898;60000;false;40;0.87;107.37;0.97;20;10;1000000;-1;3600;14.25;0.87;0.97;mslp;heur;0.87;0.97;-1;3600;60000;I;12;0.25;0.08;lr207;0;/dados/rmelo/PDPTW-SE/benchmark_multi_island_v5/official_experiments/multistartlp/preliminar/set_01_pt_01/logs;0;0;0;0.0;99.83;1;87;/dados/rmelo/PDPTW-SE/benchmark_multi_island_v5/official_experiments/multistartlp/preliminar/set_01_pt_01/logs/heur_mslp/solutions/12R_12V_02I_04M/lr207_sol_genconfig_mslp_seed_87_alpha_15p.txt;Gurobi;AUTOMATIC;1.75974781991e9;_bash_3;_seed_87_alpha_15p;8547.25;1;167.6;/dados/rmelo/PDPTW-SE/benchmark_multi_island_v5/official_experiments/multistartlp/preliminar/set_01_pt_01/logs/heur_mslp/timelines/12R_12V_02I_04M/lr207_timeline_genconfig_mslp_seed_87_alpha_15p.txt;265.57;t2;0;871.49;false
0.15;0.1;0.2;0.3;0.0;0.0;4;/dados/rmelo/PDPTW-SE/benchmark_multi_island_v5/official_experiments/multistartlp/preliminar/set_01_pt_01/logs/heur_mslp/outputs/csvresults_heur_mslp_bash_3.csv;0;4;1;26;0;0.0;0.5;true;14;2;lr110_t1_12R_12V_04I_04M;/dados/rmelo/PDPTW-SE/benchmark_multi_island_v5/official_experiments/multistartlp/preliminar/set_01_pt_01/configs/genconfig_mslp.conf;genconfig_mslp;/dados/rmelo/PDPTW-SE/benchmark_multi_island_v5/official_experiments/multistartlp/preliminar/set_01_pt_01/logs/heur_mslp/gurobi/12R_12V_04I_04M/lr110_grb_genconfig_mslp_seed_87_alpha_15p.log;random;12R_12V_04I_04M;1;894;1;/dados/rmelo/PDPTW-SE/benchmark_multi_island_v5/official_experiments/multistartlp/preliminar/set_01_pt_01/../../../../instances/orig_ams_fg/12R_12V_04I_04M/t1/lr110/;60000;74;0;1100.75;25;13;H;50;95;0;100.0;30.0;true;0.95;100.0;1.0;1.0;1.0;1.0;60;M;59106;59106;false;52;0.72;72.82;0.76;26;10;1000000;-1;3600;12.8;0.57;0.41;mslp;heur;0.37;0.1;-1;3600;60000;I;12;1.0;0.5;lr110;0;/dados/rmelo/PDPTW-SE/benchmark_multi_island_v5/official_experiments/multistartlp/preliminar/set_01_pt_01/logs;0;0;0;1.49;100.0;1;87;/dados/rmelo/PDPTW-SE/benchmark_multi_island_v5/official_experiments/multistartlp/preliminar/set_01_pt_01/logs/heur_mslp/solutions/12R_12V_04I_04M/lr110_sol_genconfig_mslp_seed_87_alpha_15p.txt;Gurobi;AUTOMATIC;1.7597481068e9;_bash_3;_seed_87_alpha_15p;7566.0;1;0.52;/dados/rmelo/PDPTW-SE/benchmark_multi_island_v5/official_experiments/multistartlp/preliminar/set_01_pt_01/logs/heur_mslp/timelines/12R_12V_04I_04M/lr110_timeline_genconfig_mslp_seed_87_alpha_15p.txt;182.15;t1;0;788.9;false
0.15;0.02;0.05;0.06;0.0;0.0;13;/dados/rmelo/PDPTW-SE/benchmark_multi_island_v5/official_experiments/multistartlp/preliminar/set_01_pt_01/logs/heur_mslp/outputs/csvresults_heur_mslp_bash_3.csv;0;4;1;26;0;0.0;0.5;true;14;2;lr207_t2_12R_12V_04I_04M;/dados/rmelo/PDPTW-SE/benchmark_multi_island_v5/official_experiments/multistartlp/preliminar/set_01_pt_01/configs/genconfig_mslp.conf;genconfig_mslp;/dados/rmelo/PDPTW-SE/benchmark_multi_island_v5/official_experiments/multistartlp/preliminar/set_01_pt_01/logs/heur_mslp/gurobi/12R_12V_04I_04M/lr207_grb_genconfig_mslp_seed_87_alpha_15p.log;random;12R_12V_04I_04M;1;0;1;/dados/rmelo/PDPTW-SE/benchmark_multi_island_v5/official_experiments/multistartlp/preliminar/set_01_pt_01/../../../../instances/orig_ams_fg/12R_12V_04I_04M/t2/lr207/;60000;35346;0;1576.66;25;13;H;50;95;0;100.0;30.0;true;0.95;100.0;1.0;1.0;1.0;1.0;60;M;59967;60000;false;40;0.89;86.12;0.97;20;10;1000000;-1;3600;15.69;0.89;0.97;mslp;heur;0.89;0.97;-1;3600;60000;I;12;1.0;0.08;lr207;0;/dados/rmelo/PDPTW-SE/benchmark_multi_island_v5/official_experiments/multistartlp/preliminar/set_01_pt_01/logs;0;0;0;0.0;99.94;1;87;/dados/rmelo/PDPTW-SE/benchmark_multi_island_v5/official_experiments/multistartlp/preliminar/set_01_pt_01/logs/heur_mslp/solutions/12R_12V_04I_04M/lr207_sol_genconfig_mslp_seed_87_alpha_15p.txt;Gurobi;AUTOMATIC;1.75974830967e9;_bash_3;_seed_87_alpha_15p;9411.43;1;207.53;/dados/rmelo/PDPTW-SE/benchmark_multi_island_v5/official_experiments/multistartlp/preliminar/set_01_pt_01/logs/heur_mslp/timelines/12R_12V_04I_04M/lr207_timeline_genconfig_mslp_seed_87_alpha_15p.txt;348.34;t2;0;889.57;false
0.15;0.06;0.15;0.21;0.0;0.04;11;/dados/rmelo/PDPTW-SE/benchmark_multi_island_v5/official_experiments/multistartlp/preliminar/set_01_pt_01/logs/heur_mslp/outputs/csvresults_heur_mslp_bash_3.csv;0;4;1;26;0;0.0;0.5;true;14;2;lr108_t1_12R_12V_04I_04M;/dados/rmelo/PDPTW-SE/benchmark_multi_island_v5/official_experiments/multistartlp/preliminar/set_01_pt_01/configs/genconfig_mslp.conf;genconfig_mslp;/dados/rmelo/PDPTW-SE/benchmark_multi_island_v5/official_experiments/multistartlp/preliminar/set_01_pt_01/logs/heur_mslp/gurobi/12R_12V_04I_04M/lr108_grb_genconfig_mslp_seed_87_alpha_15p.log;random;12R_12V_04I_04M;1;465;1;/dados/rmelo/PDPTW-SE/benchmark_multi_island_v5/official_experiments/multistartlp/preliminar/set_01_pt_01/../../../../instances/orig_ams_fg/12R_12V_04I_04M/t1/lr108/;60000;5638;0;948.21;25;13;H;50;95;0;100.0;30.0;true;0.95;100.0;1.0;1.0;1.0;1.0;60;M;59535;59535;false;58;0.99;75.48;0.78;29;10;1000000;-1;3600;5.87;0.91;0.65;mslp;heur;0.77;0.48;-1;3600;60000;I;12;1.0;0.33;lr108;0;/dados/rmelo/PDPTW-SE/benchmark_multi_island_v5/official_experiments/multistartlp/preliminar/set_01_pt_01/logs;0;0;0;0.78;100.0;1;87;/dados/rmelo/PDPTW-SE/benchmark_multi_island_v5/official_experiments/multistartlp/preliminar/set_01_pt_01/logs/heur_mslp/solutions/12R_12V_04I_04M/lr108_sol_genconfig_mslp_seed_87_alpha_15p.txt;Gurobi;AUTOMATIC;1.75974867933e9;_bash_3;_seed_87_alpha_15p;3491.98;1;19.1;/dados/rmelo/PDPTW-SE/benchmark_multi_island_v5/official_experiments/multistartlp/preliminar/set_01_pt_01/logs/heur_mslp/timelines/12R_12V_04I_04M/lr108_timeline_genconfig_mslp_seed_87_alpha_15p.txt;200.3;t1;0;833.35;false
0.15;0.02;0.05;0.06;0.0;0.0;13;/dados/rmelo/PDPTW-SE/benchmark_multi_island_v5/official_experiments/multistartlp/preliminar/set_01_pt_01/logs/heur_mslp/outputs/csvresults_heur_mslp_bash_3.csv;0;4;1;26;0;0.0;0.5;true;14;2;lr207_t2_12R_12V_04I_04M;/dados/rmelo/PDPTW-SE/benchmark_multi_island_v5/official_experiments/multistartlp/preliminar/set_01_pt_01/configs/genconfig_mslp.conf;genconfig_mslp;/dados/rmelo/PDPTW-SE/benchmark_multi_island_v5/official_experiments/multistartlp/preliminar/set_01_pt_01/logs/heur_mslp/gurobi/12R_12V_04I_04M/lr207_grb_genconfig_mslp_seed_87_alpha_15p.log;random;12R_12V_04I_04M;1;0;1;/dados/rmelo/PDPTW-SE/benchmark_multi_island_v5/official_experiments/multistartlp/preliminar/set_01_pt_01/../../../../instances/orig_ams_fg/12R_12V_04I_04M/t2/lr207/;60000;35346;0;1576.66;25;13;H;50;95;0;100.0;30.0;true;0.95;100.0;1.0;1.0;1.0;1.0;60;M;59967;60000;false;40;0.89;86.12;0.97;20;10;1000000;-1;3600;15.69;0.89;0.97;mslp;heur;0.89;0.97;-1;3600;60000;I;12;1.0;0.08;lr207;0;/dados/rmelo/PDPTW-SE/benchmark_multi_island_v5/official_experiments/multistartlp/preliminar/set_01_pt_01/logs;0;0;0;0.0;99.94;1;87;/dados/rmelo/PDPTW-SE/benchmark_multi_island_v5/official_experiments/multistartlp/preliminar/set_01_pt_01/logs/heur_mslp/solutions/12R_12V_04I_04M/lr207_sol_genconfig_mslp_seed_87_alpha_15p.txt;Gurobi;AUTOMATIC;1.75974890127e9;_bash_3;_seed_87_alpha_15p;9411.43;1;203.54;/dados/rmelo/PDPTW-SE/benchmark_multi_island_v5/official_experiments/multistartlp/preliminar/set_01_pt_01/logs/heur_mslp/timelines/12R_12V_04I_04M/lr207_timeline_genconfig_mslp_seed_87_alpha_15p.txt;343.15;t2;0;889.57;false
0.15;0.02;0.07;0.09;0.0;0.05;9;/dados/rmelo/PDPTW-SE/benchmark_multi_island_v5/official_experiments/multistartlp/preliminar/set_01_pt_01/logs/heur_mslp/outputs/csvresults_heur_mslp_bash_3.csv;0;6;1;82;0;0.0;0.5;true;42;2;LR1_2_6_t1_40R_40V_02I_06M;/dados/rmelo/PDPTW-SE/benchmark_multi_island_v5/official_experiments/multistartlp/preliminar/set_01_pt_01/configs/genconfig_mslp.conf;genconfig_mslp;/dados/rmelo/PDPTW-SE/benchmark_multi_island_v5/official_experiments/multistartlp/preliminar/set_01_pt_01/logs/heur_mslp/gurobi/40R_40V_02I_06M/LR1_2_6_grb_genconfig_mslp_seed_87_alpha_15p.log;random;40R_40V_02I_06M;1;58270;1;/dados/rmelo/PDPTW-SE/benchmark_multi_island_v5/official_experiments/multistartlp/preliminar/set_01_pt_01/../../../../instances/orig_ams_fg/40R_40V_02I_06M/t1/LR1_2_6/;60000;48094;0;6691.16;81;41;H;50;95;0;100.0;30.0;true;0.95;100.0;1.0;1.0;1.0;1.0;60;M;1730;1730;false;72;0.97;213.59;0.97;36;10;1000000;-1;3600;4.85;0.73;0.66;mslp;heur;0.38;0.18;-1;3600;60000;I;40;1.0;0.3;LR1_2_6;0;/dados/rmelo/PDPTW-SE/benchmark_multi_island_v5/official_experiments/multistartlp/preliminar/set_01_pt_01/logs;0;0;0;97.12;100.0;1;87;/dados/rmelo/PDPTW-SE/benchmark_multi_island_v5/official_experiments/multistartlp/preliminar/set_01_pt_01/logs/heur_mslp/solutions/40R_40V_02I_06M/LR1_2_6_sol_genconfig_mslp_seed_87_alpha_15p.txt;Gurobi;AUTOMATIC;1.75974926713e9;_bash_3;_seed_87_alpha_15p;83.85;1;203.98;/dados/rmelo/PDPTW-SE/benchmark_multi_island_v5/official_experiments/multistartlp/preliminar/set_01_pt_01/logs/heur_mslp/timelines/40R_40V_02I_06M/LR1_2_6_timeline_genconfig_mslp_seed_87_alpha_15p.txt;254.67;t1;0;5566.3;false
0.15;0.0;0.02;0.03;0.0;0.02;12;/dados/rmelo/PDPTW-SE/benchmark_multi_island_v5/official_experiments/multistartlp/preliminar/set_01_pt_01/logs/heur_mslp/outputs/csvresults_heur_mslp_bash_3.csv;0;6;1;82;0;0.0;0.5;true;42;2;LR2_2_10_t2_40R_40V_02I_06M;/dados/rmelo/PDPTW-SE/benchmark_multi_island_v5/official_experiments/multistartlp/preliminar/set_01_pt_01/configs/genconfig_mslp.conf;genconfig_mslp;/dados/rmelo/PDPTW-SE/benchmark_multi_island_v5/official_experiments/multistartlp/preliminar/set_01_pt_01/logs/heur_mslp/gurobi/40R_40V_02I_06M/LR2_2_10_grb_genconfig_mslp_seed_87_alpha_15p.log;random;40R_40V_02I_06M;1;0;1;/dados/rmelo/PDPTW-SE/benchmark_multi_island_v5/official_experiments/multistartlp/preliminar/set_01_pt_01/../../../../instances/orig_ams_fg/40R_40V_02I_06M/t2/LR2_2_10/;60000;50855;0;9907.19;81;41;H;50;95;0;100.0;30.0;true;0.95;100.0;1.0;1.0;1.0;1.0;60;M;60000;60000;false;80;0.96;269.32;1.0;40;10;1000000;-1;3600;6.32;0.62;0.92;mslp;heur;0.32;0.72;-1;3600;60000;I;40;0.67;0.1;LR2_2_10;0;/dados/rmelo/PDPTW-SE/benchmark_multi_island_v5/official_experiments/multistartlp/preliminar/set_01_pt_01/logs;0;0;0;0.0;100.0;1;87;/dados/rmelo/PDPTW-SE/benchmark_multi_island_v5/official_experiments/multistartlp/preliminar/set_01_pt_01/logs/heur_mslp/solutions/40R_40V_02I_06M/LR2_2_10_sol_genconfig_mslp_seed_87_alpha_15p.txt;Gurobi;AUTOMATIC;1.75974954297e9;_bash_3;_seed_87_alpha_15p;3792.89;1;1231.43;/dados/rmelo/PDPTW-SE/benchmark_multi_island_v5/official_experiments/multistartlp/preliminar/set_01_pt_01/logs/heur_mslp/timelines/40R_40V_02I_06M/LR2_2_10_timeline_genconfig_mslp_seed_87_alpha_15p.txt;1452.25;t2;0;6252.75;false
0.15;0.01;0.03;0.04;0.0;0.01;6;/dados/rmelo/PDPTW-SE/benchmark_multi_island_v5/official_experiments/multistartlp/preliminar/set_01_pt_01/logs/heur_mslp/outputs/csvresults_heur_mslp_bash_3.csv;0;6;1;82;0;0.0;0.5;true;42;2;LR1_2_8_t1_40R_40V_02I_06M;/dados/rmelo/PDPTW-SE/benchmark_multi_island_v5/official_experiments/multistartlp/preliminar/set_01_pt_01/configs/genconfig_mslp.conf;genconfig_mslp;/dados/rmelo/PDPTW-SE/benchmark_multi_island_v5/official_experiments/multistartlp/preliminar/set_01_pt_01/logs/heur_mslp/gurobi/40R_40V_02I_06M/LR1_2_8_grb_genconfig_mslp_seed_87_alpha_15p.log;random;40R_40V_02I_06M;1;55649;1;/dados/rmelo/PDPTW-SE/benchmark_multi_island_v5/official_experiments/multistartlp/preliminar/set_01_pt_01/../../../../instances/orig_ams_fg/40R_40V_02I_06M/t1/LR1_2_8/;60000;36667;0;5469.41;81;41;H;50;95;0;100.0;30.0;true;0.95;100.0;1.0;1.0;1.0;1.0;60;M;4350;4351;false;86;0.98;260.25;0.95;43;10;1000000;-1;3600;1.9;0.83;0.76;mslp;heur;0.71;0.43;-1;3600;60000;I;40;0.83;0.18;LR1_2_8;0;/dados/rmelo/PDPTW-SE/benchmark_multi_island_v5/official_experiments/multistartlp/preliminar/set_01_pt_01/logs;0;0;0;92.75;99.98;1;87;/dados/rmelo/PDPTW-SE/benchmark_multi_island_v5/official_experiments/multistartlp/preliminar/set_01_pt_01/logs/heur_mslp/solutions/40R_40V_02I_06M/LR1_2_8_sol_genconfig_mslp_seed_87_alpha_15p.txt;Gurobi;AUTOMATIC;1.75975101738e9;_bash_3;_seed_87_alpha_15p;82.57;1;252.11;/dados/rmelo/PDPTW-SE/benchmark_multi_island_v5/official_experiments/multistartlp/preliminar/set_01_pt_01/logs/heur_mslp/timelines/40R_40V_02I_06M/LR1_2_8_timeline_genconfig_mslp_seed_87_alpha_15p.txt;414.27;t1;0;3985.26;false
0.15;0.0;0.02;0.03;0.0;0.02;12;/dados/rmelo/PDPTW-SE/benchmark_multi_island_v5/official_experiments/multistartlp/preliminar/set_01_pt_01/logs/heur_mslp/outputs/csvresults_heur_mslp_bash_3.csv;0;6;1;82;0;0.0;0.5;true;42;2;LR2_2_10_t2_40R_40V_02I_06M;/dados/rmelo/PDPTW-SE/benchmark_multi_island_v5/official_experiments/multistartlp/preliminar/set_01_pt_01/configs/genconfig_mslp.conf;genconfig_mslp;/dados/rmelo/PDPTW-SE/benchmark_multi_island_v5/official_experiments/multistartlp/preliminar/set_01_pt_01/logs/heur_mslp/gurobi/40R_40V_02I_06M/LR2_2_10_grb_genconfig_mslp_seed_87_alpha_15p.log;random;40R_40V_02I_06M;1;0;1;/dados/rmelo/PDPTW-SE/benchmark_multi_island_v5/official_experiments/multistartlp/preliminar/set_01_pt_01/../../../../instances/orig_ams_fg/40R_40V_02I_06M/t2/LR2_2_10/;60000;50855;0;9907.19;81;41;H;50;95;0;100.0;30.0;true;0.95;100.0;1.0;1.0;1.0;1.0;60;M;60000;60000;false;80;0.96;269.32;1.0;40;10;1000000;-1;3600;6.32;0.62;0.92;mslp;heur;0.32;0.72;-1;3600;60000;I;40;0.67;0.1;LR2_2_10;0;/dados/rmelo/PDPTW-SE/benchmark_multi_island_v5/official_experiments/multistartlp/preliminar/set_01_pt_01/logs;0;0;0;0.0;100.0;1;87;/dados/rmelo/PDPTW-SE/benchmark_multi_island_v5/official_experiments/multistartlp/preliminar/set_01_pt_01/logs/heur_mslp/solutions/40R_40V_02I_06M/LR2_2_10_sol_genconfig_mslp_seed_87_alpha_15p.txt;Gurobi;AUTOMATIC;1.75975145393e9;_bash_3;_seed_87_alpha_15p;3792.89;1;1219.13;/dados/rmelo/PDPTW-SE/benchmark_multi_island_v5/official_experiments/multistartlp/preliminar/set_01_pt_01/logs/heur_mslp/timelines/40R_40V_02I_06M/LR2_2_10_timeline_genconfig_mslp_seed_87_alpha_15p.txt;1436.25;t2;0;6252.75;false
0.15;0.06;0.14;0.2;0.0;0.02;12;/dados/rmelo/PDPTW-SE/benchmark_multi_island_v5/official_experiments/multistartlp/preliminar/set_01_pt_01/logs/heur_mslp/outputs/csvresults_heur_mslp_bash_3.csv;0;6;1;82;0;0.0;0.5;true;42;2;LR1_2_10_t1_40R_40V_04I_06M;/dados/rmelo/PDPTW-SE/benchmark_multi_island_v5/official_experiments/multistartlp/preliminar/set_01_pt_01/configs/genconfig_mslp.conf;genconfig_mslp;/dados/rmelo/PDPTW-SE/benchmark_multi_island_v5/official_experiments/multistartlp/preliminar/set_01_pt_01/logs/heur_mslp/gurobi/40R_40V_04I_06M/LR1_2_10_grb_genconfig_mslp_seed_87_alpha_15p.log;random;40R_40V_04I_06M;1;15270;1;/dados/rmelo/PDPTW-SE/benchmark_multi_island_v5/official_experiments/multistartlp/preliminar/set_01_pt_01/../../../../instances/orig_ams_fg/40R_40V_04I_06M/t1/LR1_2_10/;60000;50038;0;5775.69;81;41;H;50;95;0;100.0;30.0;true;0.95;100.0;1.0;1.0;1.0;1.0;60;M;44730;44730;false;72;0.93;175.77;1.0;36;10;1000000;-1;3600;6.34;0.66;0.72;mslp;heur;0.34;0.32;-1;3600;60000;I;40;1.0;0.25;LR1_2_10;0;/dados/rmelo/PDPTW-SE/benchmark_multi_island_v5/official_experiments/multistartlp/preliminar/set_01_pt_01/logs;0;0;0;25.45;100.0;1;87;/dados/rmelo/PDPTW-SE/benchmark_multi_island_v5/official_experiments/multistartlp/preliminar/set_01_pt_01/logs/heur_mslp/solutions/40R_40V_04I_06M/LR1_2_10_sol_genconfig_mslp_seed_87_alpha_15p.txt;Gurobi;AUTOMATIC;1.7597529125e9;_bash_3;_seed_87_alpha_15p;2834.57;1;812.2;/dados/rmelo/PDPTW-SE/benchmark_multi_island_v5/official_experiments/multistartlp/preliminar/set_01_pt_01/logs/heur_mslp/timelines/40R_40V_04I_06M/LR1_2_10_timeline_genconfig_mslp_seed_87_alpha_15p.txt;973.51;t1;0;4174.55;false
0.15;0.04;0.07;0.11;0.0;0.02;5;/dados/rmelo/PDPTW-SE/benchmark_multi_island_v5/official_experiments/multistartlp/preliminar/set_01_pt_01/logs/heur_mslp/outputs/csvresults_heur_mslp_bash_3.csv;0;6;1;82;0;0.0;0.5;true;42;2;LR2_2_7_t2_40R_40V_04I_06M;/dados/rmelo/PDPTW-SE/benchmark_multi_island_v5/official_experiments/multistartlp/preliminar/set_01_pt_01/configs/genconfig_mslp.conf;genconfig_mslp;/dados/rmelo/PDPTW-SE/benchmark_multi_island_v5/official_experiments/multistartlp/preliminar/set_01_pt_01/logs/heur_mslp/gurobi/40R_40V_04I_06M/LR2_2_7_grb_genconfig_mslp_seed_87_alpha_15p.log;random;40R_40V_04I_06M;1;0;1;/dados/rmelo/PDPTW-SE/benchmark_multi_island_v5/official_experiments/multistartlp/preliminar/set_01_pt_01/../../../../instances/orig_ams_fg/40R_40V_04I_06M/t2/LR2_2_7/;56159;40437;0;8787.54;81;41;H;50;95;0;100.0;30.0;true;0.95;100.0;1.0;1.0;1.0;1.0;60;M;56157;56159;false;78;0.88;185.38;1.0;39;10;1000000;-1;3600;2.6;0.74;0.97;mslp;heur;0.55;0.91;-1;3600;60000;I;40;1.0;0.08;LR2_2_7;0;/dados/rmelo/PDPTW-SE/benchmark_multi_island_v5/official_experiments/multistartlp/preliminar/set_01_pt_01/logs;0;0;0;0.0;100.0;1;87;/dados/rmelo/PDPTW-SE/benchmark_multi_island_v5/official_experiments/multistartlp/preliminar/set_01_pt_01/logs/heur_mslp/solutions/40R_40V_04I_06M/LR2_2_7_sol_genconfig_mslp_seed_87_alpha_15p.txt;Gurobi;AUTOMATIC;1.75975390833e9;_bash_3;_seed_87_alpha_15p;1461.04;1;2597.27;/dados/rmelo/PDPTW-SE/benchmark_multi_island_v5/official_experiments/multistartlp/preliminar/set_01_pt_01/logs/heur_mslp/timelines/40R_40V_04I_06M/LR2_2_7_timeline_genconfig_mslp_seed_87_alpha_15p.txt;3600.03;t2;0;5659.39;false
0.15;0.06;0.11;0.16;0.0;0.01;11;/dados/rmelo/PDPTW-SE/benchmark_multi_island_v5/official_experiments/multistartlp/preliminar/set_01_pt_01/logs/heur_mslp/outputs/csvresults_heur_mslp_bash_3.csv;0;6;1;82;0;0.0;0.5;true;42;2;LR1_2_8_t1_40R_40V_04I_06M;/dados/rmelo/PDPTW-SE/benchmark_multi_island_v5/official_experiments/multistartlp/preliminar/set_01_pt_01/configs/genconfig_mslp.conf;genconfig_mslp;/dados/rmelo/PDPTW-SE/benchmark_multi_island_v5/official_experiments/multistartlp/preliminar/set_01_pt_01/logs/heur_mslp/gurobi/40R_40V_04I_06M/LR1_2_8_grb_genconfig_mslp_seed_87_alpha_15p.log;random;40R_40V_04I_06M;1;15971;1;/dados/rmelo/PDPTW-SE/benchmark_multi_island_v5/official_experiments/multistartlp/preliminar/set_01_pt_01/../../../../instances/orig_ams_fg/40R_40V_04I_06M/t1/LR1_2_8/;60000;52115;0;4410.45;81;41;H;50;95;0;100.0;30.0;true;0.95;100.0;1.0;1.0;1.0;1.0;60;M;44019;44029;false;86;1.0;175.25;1.0;43;10;1000000;-1;3600;2.59;0.88;0.82;mslp;heur;0.65;0.66;-1;3600;60000;I;40;1.0;0.15;LR1_2_8;0;/dados/rmelo/PDPTW-SE/benchmark_multi_island_v5/official_experiments/multistartlp/preliminar/set_01_pt_01/logs;0;0;0;26.62;99.98;1;87;/dados/rmelo/PDPTW-SE/benchmark_multi_island_v5/official_experiments/multistartlp/preliminar/set_01_pt_01/logs/heur_mslp/solutions/40R_40V_04I_06M/LR1_2_8_sol_genconfig_mslp_seed_87_alpha_15p.txt;Gurobi;AUTOMATIC;1.75975753015e9;_bash_3;_seed_87_alpha_15p;1142.49;1;1531.04;/dados/rmelo/PDPTW-SE/benchmark_multi_island_v5/official_experiments/multistartlp/preliminar/set_01_pt_01/logs/heur_mslp/timelines/40R_40V_04I_06M/LR1_2_8_timeline_genconfig_mslp_seed_87_alpha_15p.txt;1764.46;t1;0;3334.28;false
0.15;0.04;0.06;0.09;0.01;0.08;5;/dados/rmelo/PDPTW-SE/benchmark_multi_island_v5/official_experiments/multistartlp/preliminar/set_01_pt_01/logs/heur_mslp/outputs/csvresults_heur_mslp_bash_3.csv;0;6;1;82;0;0.0;0.5;true;42;2;LR2_2_6_t2_40R_40V_04I_06M;/dados/rmelo/PDPTW-SE/benchmark_multi_island_v5/official_experiments/multistartlp/preliminar/set_01_pt_01/configs/genconfig_mslp.conf;genconfig_mslp;/dados/rmelo/PDPTW-SE/benchmark_multi_island_v5/official_experiments/multistartlp/preliminar/set_01_pt_01/logs/heur_mslp/gurobi/40R_40V_04I_06M/LR2_2_6_grb_genconfig_mslp_seed_87_alpha_15p.log;random;40R_40V_04I_06M;1;0;1;/dados/rmelo/PDPTW-SE/benchmark_multi_island_v5/official_experiments/multistartlp/preliminar/set_01_pt_01/../../../../instances/orig_ams_fg/40R_40V_04I_06M/t2/LR2_2_6/;60000;19870;0;8519.96;81;41;H;50;95;0;100.0;30.0;true;0.95;100.0;1.0;1.0;1.0;1.0;60;M;60000;60000;false;80;0.83;181.23;0.97;40;10;1000000;-1;3600;4.48;0.82;0.95;mslp;heur;0.81;0.92;-1;3600;60000;I;40;1.0;0.08;LR2_2_6;0;/dados/rmelo/PDPTW-SE/benchmark_multi_island_v5/official_experiments/multistartlp/preliminar/set_01_pt_01/logs;0;0;0;0.0;100.0;1;87;/dados/rmelo/PDPTW-SE/benchmark_multi_island_v5/official_experiments/multistartlp/preliminar/set_01_pt_01/logs/heur_mslp/solutions/40R_40V_04I_06M/LR2_2_6_sol_genconfig_mslp_seed_87_alpha_15p.txt;Gurobi;AUTOMATIC;1.75975931654e9;_bash_3;_seed_87_alpha_15p;2685.22;1;995.96;/dados/rmelo/PDPTW-SE/benchmark_multi_island_v5/official_experiments/multistartlp/preliminar/set_01_pt_01/logs/heur_mslp/timelines/40R_40V_04I_06M/LR2_2_6_timeline_genconfig_mslp_seed_87_alpha_15p.txt;3006.12;t2;0;6203.22;false
0.15;0.04;0.08;0.12;0.0;0.05;1;/dados/rmelo/PDPTW-SE/benchmark_multi_island_v5/official_experiments/multistartlp/preliminar/set_01_pt_01/logs/heur_mslp/outputs/csvresults_heur_mslp_bash_3.csv;0;6;1;122;0;0.0;0.5;true;62;2;LR1_2_6_t1_60R_60V_02I_06M;/dados/rmelo/PDPTW-SE/benchmark_multi_island_v5/official_experiments/multistartlp/preliminar/set_01_pt_01/configs/genconfig_mslp.conf;genconfig_mslp;/dados/rmelo/PDPTW-SE/benchmark_multi_island_v5/official_experiments/multistartlp/preliminar/set_01_pt_01/logs/heur_mslp/gurobi/60R_60V_02I_06M/LR1_2_6_grb_genconfig_mslp_seed_87_alpha_15p.log;random;60R_60V_02I_06M;1;59999;1;/dados/rmelo/PDPTW-SE/benchmark_multi_island_v5/official_experiments/multistartlp/preliminar/set_01_pt_01/../../../../instances/orig_ams_fg/60R_60V_02I_06M/t1/LR1_2_6/;60000;1;0;10597.13;121;61;H;50;95;0;100.0;30.0;true;0.95;100.0;1.0;1.0;1.0;1.0;60;M;1;1;false;82;0.96;277.16;1.0;41;10;1000000;-1;3600;2.74;0.68;0.54;mslp;heur;0.44;0.11;-1;3600;60000;I;60;1.0;0.35;LR1_2_6;0;/dados/rmelo/PDPTW-SE/benchmark_multi_island_v5/official_experiments/multistartlp/preliminar/set_01_pt_01/logs;0;0;0;100.0;100.0;1;87;/dados/rmelo/PDPTW-SE/benchmark_multi_island_v5/official_experiments/multistartlp/preliminar/set_01_pt_01/logs/heur_mslp/solutions/60R_60V_02I_06M/LR1_2_6_sol_genconfig_mslp_seed_87_alpha_15p.txt;Gurobi;AUTOMATIC;1.75976234504e9;_bash_3;_seed_87_alpha_15p;0.03;1;0.03;/dados/rmelo/PDPTW-SE/benchmark_multi_island_v5/official_experiments/multistartlp/preliminar/set_01_pt_01/logs/heur_mslp/timelines/60R_60V_02I_06M/LR1_2_6_timeline_genconfig_mslp_seed_87_alpha_15p.txt;217.92;t1;0;10306.72;false
0.15;0.0;0.01;0.02;0.0;0.05;6;/dados/rmelo/PDPTW-SE/benchmark_multi_island_v5/official_experiments/multistartlp/preliminar/set_01_pt_01/logs/heur_mslp/outputs/csvresults_heur_mslp_bash_3.csv;0;6;1;122;0;0.0;0.5;true;62;2;LR2_2_8_t2_60R_60V_02I_06M;/dados/rmelo/PDPTW-SE/benchmark_multi_island_v5/official_experiments/multistartlp/preliminar/set_01_pt_01/configs/genconfig_mslp.conf;genconfig_mslp;/dados/rmelo/PDPTW-SE/benchmark_multi_island_v5/official_experiments/multistartlp/preliminar/set_01_pt_01/logs/heur_mslp/gurobi/60R_60V_02I_06M/LR2_2_8_grb_genconfig_mslp_seed_87_alpha_15p.log;random;60R_60V_02I_06M;1;0;1;/dados/rmelo/PDPTW-SE/benchmark_multi_island_v5/official_experiments/multistartlp/preliminar/set_01_pt_01/../../../../instances/orig_ams_fg/60R_60V_02I_06M/t2/LR2_2_8/;34195;20449;0;9652.49;121;61;H;50;95;0;100.0;30.0;true;0.95;100.0;1.0;1.0;1.0;1.0;60;M;34028;34195;false;80;0.99;227.5;1.0;40;10;1000000;-1;3600;1.58;0.68;0.83;mslp;heur;0.09;0.37;-1;3600;60000;I;60;0.67;0.07;LR2_2_8;0;/dados/rmelo/PDPTW-SE/benchmark_multi_island_v5/official_experiments/multistartlp/preliminar/set_01_pt_01/logs;0;0;0;0.0;99.51;1;87;/dados/rmelo/PDPTW-SE/benchmark_multi_island_v5/official_experiments/multistartlp/preliminar/set_01_pt_01/logs/heur_mslp/solutions/60R_60V_02I_06M/LR2_2_8_sol_genconfig_mslp_seed_87_alpha_15p.txt;Gurobi;AUTOMATIC;1.75976258525e9;_bash_3;_seed_87_alpha_15p;539.51;1;2153.58;/dados/rmelo/PDPTW-SE/benchmark_multi_island_v5/official_experiments/multistartlp/preliminar/set_01_pt_01/logs/heur_mslp/timelines/60R_60V_02I_06M/LR2_2_8_timeline_genconfig_mslp_seed_87_alpha_15p.txt;3600.01;t2;0;6900.47;false
0.15;0.02;0.05;0.07;0.0;0.03;10;/dados/rmelo/PDPTW-SE/benchmark_multi_island_v5/official_experiments/multistartlp/preliminar/set_01_pt_01/logs/heur_mslp/outputs/csvresults_heur_mslp_bash_3.csv;0;6;1;122;0;0.0;0.5;true;62;2;LR1_2_9_t1_60R_60V_02I_06M;/dados/rmelo/PDPTW-SE/benchmark_multi_island_v5/official_experiments/multistartlp/preliminar/set_01_pt_01/configs/genconfig_mslp.conf;genconfig_mslp;/dados/rmelo/PDPTW-SE/benchmark_multi_island_v5/official_experiments/multistartlp/preliminar/set_01_pt_01/logs/heur_mslp/gurobi/60R_60V_02I_06M/LR1_2_9_grb_genconfig_mslp_seed_87_alpha_15p.log;random;60R_60V_02I_06M;1;23426;1;/dados/rmelo/PDPTW-SE/benchmark_multi_island_v5/official_experiments/multistartlp/preliminar/set_01_pt_01/../../../../instances/orig_ams_fg/60R_60V_02I_06M/t1/LR1_2_9/;60000;39800;0;9404.3;121;61;H;50;95;0;100.0;30.0;true;0.95;100.0;1.0;1.0;1.0;1.0;60;M;36574;36574;false;86;0.92;182.58;1.0;43;10;1000000;-1;3600;6.29;0.76;0.77;mslp;heur;0.6;0.51;-1;3600;60000;I;60;0.83;0.23;LR1_2_9;0;/dados/rmelo/PDPTW-SE/benchmark_multi_island_v5/official_experiments/multistartlp/preliminar/set_01_pt_01/logs;0;0;0;39.04;100.0;1;87;/dados/rmelo/PDPTW-SE/benchmark_multi_island_v5/official_experiments/multistartlp/preliminar/set_01_pt_01/logs/heur_mslp/solutions/60R_60V_02I_06M/LR1_2_9_sol_genconfig_mslp_seed_87_alpha_15p.txt;Gurobi;AUTOMATIC;1.75976620734e9;_bash_3;_seed_87_alpha_15p;2301.53;1;827.72;/dados/rmelo/PDPTW-SE/benchmark_multi_island_v5/official_experiments/multistartlp/preliminar/set_01_pt_01/logs/heur_mslp/timelines/60R_60V_02I_06M/LR1_2_9_timeline_genconfig_mslp_seed_87_alpha_15p.txt;1246.92;t1;0;6761.67;false
0.15;0.01;0.02;0.04;0.0;0.05;4;/dados/rmelo/PDPTW-SE/benchmark_multi_island_v5/official_experiments/multistartlp/preliminar/set_01_pt_01/logs/heur_mslp/outputs/csvresults_heur_mslp_bash_3.csv;0;6;1;122;0;0.0;0.5;true;62;2;LR2_2_10_t2_60R_60V_02I_06M;/dados/rmelo/PDPTW-SE/benchmark_multi_island_v5/official_experiments/multistartlp/preliminar/set_01_pt_01/configs/genconfig_mslp.conf;genconfig_mslp;/dados/rmelo/PDPTW-SE/benchmark_multi_island_v5/official_experiments/multistartlp/preliminar/set_01_pt_01/logs/heur_mslp/gurobi/60R_60V_02I_06M/LR2_2_10_grb_genconfig_mslp_seed_87_alpha_15p.log;random;60R_60V_02I_06M;1;0;1;/dados/rmelo/PDPTW-SE/benchmark_multi_island_v5/official_experiments/multistartlp/preliminar/set_01_pt_01/../../../../instances/orig_ams_fg/60R_60V_02I_06M/t2/LR2_2_10/;60000;20796;0;15980.31;121;61;H;50;95;0;100.0;30.0;true;0.95;100.0;1.0;1.0;1.0;1.0;60;M;60000;60000;false;80;0.93;300.67;1.0;40;10;1000000;-1;3600;7.07;0.7;0.93;mslp;heur;0.2;0.71;-1;3600;60000;I;60;0.83;0.1;LR2_2_10;0;/dados/rmelo/PDPTW-SE/benchmark_multi_island_v5/official_experiments/multistartlp/preliminar/set_01_pt_01/logs;0;0;0;0.0;100.0;1;87;/dados/rmelo/PDPTW-SE/benchmark_multi_island_v5/official_experiments/multistartlp/preliminar/set_01_pt_01/logs/heur_mslp/solutions/60R_60V_02I_06M/LR2_2_10_sol_genconfig_mslp_seed_87_alpha_15p.txt;Gurobi;AUTOMATIC;1.759767477e9;_bash_3;_seed_87_alpha_15p;4240.01;1;1029.78;/dados/rmelo/PDPTW-SE/benchmark_multi_island_v5/official_experiments/multistartlp/preliminar/set_01_pt_01/logs/heur_mslp/timelines/60R_60V_02I_06M/LR2_2_10_timeline_genconfig_mslp_seed_87_alpha_15p.txt;2956.28;t2;0;10672.41;false
0.15;0.1;0.15;0.25;0.01;0.12;1;/dados/rmelo/PDPTW-SE/benchmark_multi_island_v5/official_experiments/multistartlp/preliminar/set_01_pt_01/logs/heur_mslp/outputs/csvresults_heur_mslp_bash_3.csv;0;6;1;122;0;0.0;0.5;true;62;2;LR1_2_6_t1_60R_60V_04I_06M;/dados/rmelo/PDPTW-SE/benchmark_multi_island_v5/official_experiments/multistartlp/preliminar/set_01_pt_01/configs/genconfig_mslp.conf;genconfig_mslp;/dados/rmelo/PDPTW-SE/benchmark_multi_island_v5/official_experiments/multistartlp/preliminar/set_01_pt_01/logs/heur_mslp/gurobi/60R_60V_04I_06M/LR1_2_6_grb_genconfig_mslp_seed_87_alpha_15p.log;random;60R_60V_04I_06M;1;59999;1;/dados/rmelo/PDPTW-SE/benchmark_multi_island_v5/official_experiments/multistartlp/preliminar/set_01_pt_01/../../../../instances/orig_ams_fg/60R_60V_04I_06M/t1/LR1_2_6/;60000;46628;0;8634.48;121;61;H;50;95;0;100.0;30.0;true;0.95;100.0;1.0;1.0;1.0;1.0;60;M;1;1;false;82;0.93;184.15;0.98;41;10;1000000;-1;3600;5.16;0.59;0.66;mslp;heur;0.29;0.26;-1;3600;60000;I;60;1.0;0.28;LR1_2_6;0;/dados/rmelo/PDPTW-SE/benchmark_multi_island_v5/official_experiments/multistartlp/preliminar/set_01_pt_01/logs;0;0;0;100.0;100.0;1;87;/dados/rmelo/PDPTW-SE/benchmark_multi_island_v5/official_experiments/multistartlp/preliminar/set_01_pt_01/logs/heur_mslp/solutions/60R_60V_04I_06M/LR1_2_6_sol_genconfig_mslp_seed_87_alpha_15p.txt;Gurobi;AUTOMATIC;1.7597704557e9;_bash_3;_seed_87_alpha_15p;0.05;1;409.83;/dados/rmelo/PDPTW-SE/benchmark_multi_island_v5/official_experiments/multistartlp/preliminar/set_01_pt_01/logs/heur_mslp/timelines/60R_60V_04I_06M/LR1_2_6_timeline_genconfig_mslp_seed_87_alpha_15p.txt;527.49;t1;0;8189.35;false
0.15;0.02;0.04;0.06;0.0;0.0;4;/dados/rmelo/PDPTW-SE/benchmark_multi_island_v5/official_experiments/multistartlp/preliminar/set_01_pt_01/logs/heur_mslp/outputs/csvresults_heur_mslp_bash_3.csv;0;6;1;122;0;0.0;0.5;true;62;2;LR2_2_8_t2_60R_60V_04I_06M;/dados/rmelo/PDPTW-SE/benchmark_multi_island_v5/official_experiments/multistartlp/preliminar/set_01_pt_01/configs/genconfig_mslp.conf;genconfig_mslp;/dados/rmelo/PDPTW-SE/benchmark_multi_island_v5/official_experiments/multistartlp/preliminar/set_01_pt_01/logs/heur_mslp/gurobi/60R_60V_04I_06M/LR2_2_8_grb_genconfig_mslp_seed_87_alpha_15p.log;random;60R_60V_04I_06M;1;0;1;/dados/rmelo/PDPTW-SE/benchmark_multi_island_v5/official_experiments/multistartlp/preliminar/set_01_pt_01/../../../../instances/orig_ams_fg/60R_60V_04I_06M/t2/LR2_2_8/;17467;8140;0;9733.19;121;61;H;50;95;0;100.0;30.0;true;0.95;100.0;1.0;1.0;1.0;1.0;60;M;17387;17467;false;80;0.86;181.1;1.0;40;10;1000000;-1;3600;1.12;0.73;0.97;mslp;heur;0.48;0.94;-1;3600;60000;I;60;1.0;0.07;LR2_2_8;0;/dados/rmelo/PDPTW-SE/benchmark_multi_island_v5/official_experiments/multistartlp/preliminar/set_01_pt_01/logs;0;0;0;0.0;99.54;1;87;/dados/rmelo/PDPTW-SE/benchmark_multi_island_v5/official_experiments/multistartlp/preliminar/set_01_pt_01/logs/heur_mslp/solutions/60R_60V_04I_06M/LR2_2_8_sol_genconfig_mslp_seed_87_alpha_15p.txt;Gurobi;AUTOMATIC;1.7597710055e9;_bash_3;_seed_87_alpha_15p;196.11;1;1679.58;/dados/rmelo/PDPTW-SE/benchmark_multi_island_v5/official_experiments/multistartlp/preliminar/set_01_pt_01/logs/heur_mslp/timelines/60R_60V_04I_06M/LR2_2_8_timeline_genconfig_mslp_seed_87_alpha_15p.txt;3600.05;t2;0;7371.67;false
0.15;0.16;0.19;0.34;0.0;0.04;8;/dados/rmelo/PDPTW-SE/benchmark_multi_island_v5/official_experiments/multistartlp/preliminar/set_01_pt_01/logs/heur_mslp/outputs/csvresults_heur_mslp_bash_3.csv;0;6;1;122;0;0.0;0.5;true;62;2;LR1_2_9_t1_60R_60V_04I_06M;/dados/rmelo/PDPTW-SE/benchmark_multi_island_v5/official_experiments/multistartlp/preliminar/set_01_pt_01/configs/genconfig_mslp.conf;genconfig_mslp;/dados/rmelo/PDPTW-SE/benchmark_multi_island_v5/official_experiments/multistartlp/preliminar/set_01_pt_01/logs/heur_mslp/gurobi/60R_60V_04I_06M/LR1_2_9_grb_genconfig_mslp_seed_87_alpha_15p.log;random;60R_60V_04I_06M;1;59478;1;/dados/rmelo/PDPTW-SE/benchmark_multi_island_v5/official_experiments/multistartlp/preliminar/set_01_pt_01/../../../../instances/orig_ams_fg/60R_60V_04I_06M/t1/LR1_2_9/;60000;57757;0;8163.31;121;61;H;50;95;0;100.0;30.0;true;0.95;100.0;1.0;1.0;1.0;1.0;60;M;522;522;false;86;0.98;181.44;0.98;43;10;1000000;-1;3600;6.97;0.71;0.72;mslp;heur;0.32;0.12;-1;3600;60000;I;60;1.0;0.27;LR1_2_9;0;/dados/rmelo/PDPTW-SE/benchmark_multi_island_v5/official_experiments/multistartlp/preliminar/set_01_pt_01/logs;0;0;0;99.13;100.0;1;87;/dados/rmelo/PDPTW-SE/benchmark_multi_island_v5/official_experiments/multistartlp/preliminar/set_01_pt_01/logs/heur_mslp/solutions/60R_60V_04I_06M/LR1_2_9_sol_genconfig_mslp_seed_87_alpha_15p.txt;Gurobi;AUTOMATIC;1.75977462786e9;_bash_3;_seed_87_alpha_15p;36.41;1;651.0;/dados/rmelo/PDPTW-SE/benchmark_multi_island_v5/official_experiments/multistartlp/preliminar/set_01_pt_01/logs/heur_mslp/timelines/60R_60V_04I_06M/LR1_2_9_timeline_genconfig_mslp_seed_87_alpha_15p.txt;676.1;t1;0;7217.4;false
0.15;0.02;0.04;0.06;0.0;0.0;4;/dados/rmelo/PDPTW-SE/benchmark_multi_island_v5/official_experiments/multistartlp/preliminar/set_01_pt_01/logs/heur_mslp/outputs/csvresults_heur_mslp_bash_3.csv;0;6;1;122;0;0.0;0.5;true;62;2;LR2_2_8_t2_60R_60V_04I_06M;/dados/rmelo/PDPTW-SE/benchmark_multi_island_v5/official_experiments/multistartlp/preliminar/set_01_pt_01/configs/genconfig_mslp.conf;genconfig_mslp;/dados/rmelo/PDPTW-SE/benchmark_multi_island_v5/official_experiments/multistartlp/preliminar/set_01_pt_01/logs/heur_mslp/gurobi/60R_60V_04I_06M/LR2_2_8_grb_genconfig_mslp_seed_87_alpha_15p.log;random;60R_60V_04I_06M;1;0;1;/dados/rmelo/PDPTW-SE/benchmark_multi_island_v5/official_experiments/multistartlp/preliminar/set_01_pt_01/../../../../instances/orig_ams_fg/60R_60V_04I_06M/t2/LR2_2_8/;18442;8140;0;9820.6;121;61;H;50;95;0;100.0;30.0;true;0.95;100.0;1.0;1.0;1.0;1.0;60;M;18361;18442;false;80;0.86;181.1;1.0;40;10;1000000;-1;3600;1.13;0.73;0.97;mslp;heur;0.48;0.94;-1;3600;60000;I;60;1.0;0.07;LR2_2_8;0;/dados/rmelo/PDPTW-SE/benchmark_multi_island_v5/official_experiments/multistartlp/preliminar/set_01_pt_01/logs;0;0;0;0.0;99.56;1;87;/dados/rmelo/PDPTW-SE/benchmark_multi_island_v5/official_experiments/multistartlp/preliminar/set_01_pt_01/logs/heur_mslp/solutions/60R_60V_04I_06M/LR2_2_8_sol_genconfig_mslp_seed_87_alpha_15p.txt;Gurobi;AUTOMATIC;1.75977532649e9;_bash_3;_seed_87_alpha_15p;207.81;1;1601.42;/dados/rmelo/PDPTW-SE/benchmark_multi_island_v5/official_experiments/multistartlp/preliminar/set_01_pt_01/logs/heur_mslp/timelines/60R_60V_04I_06M/LR2_2_8_timeline_genconfig_mslp_seed_87_alpha_15p.txt;3600.05;t2;0;7371.67;false
