Set parameter WLSAccessID
Set parameter WLSSecret
Set parameter LicenseID to value 2661775
Academic license 2661775 - for non-commercial use only - registered to me___@dcc.ufba.br
Parameter 'method_type' with value 'form' successfully set as form of type <class 'str'>
Parameter 'method_code' with value 'melo_hx' successfully set as melo_hx of type <class 'str'>
Parameter 'seed' with value '0' successfully set as 0 of type <class 'int'>
Parameter 'hx_max_time' with value '3600' successfully set as 3600 of type <class 'int'>
Parameter 'threads' with value '8' successfully set as 8 of type <class 'int'>
Parameter 'print_sol' with value '1' successfully set as 1 of type <class 'int'>
Parameter 'constraints_used_melo_mip_str' with value '1-29' successfully set as 1-29 of type <class 'str'>
Instance: lr202_t2_08R_08V_02I_03M
ParameterData(inst_path='/dados/rmelo/PDPTW-SE/benchmark_multi_island_v5/official_experiments/mip_hexaly/set_02_pt_03/../../../instances/orig_ams_fg/08R_08V_02I_04M/t2/lr202/', name='lr202', type='t2', group='08R_08V_02I_03M', full_name='lr202_t2_08R_08V_02I_03M', method_type='form', method_code='melo_hx', gen_config_file='/dados/rmelo/PDPTW-SE/benchmark_multi_island_v5/official_experiments/mip_hexaly/set_02_pt_03/configs/genconfig_melo_hx.conf', gen_config_filename='genconfig_melo_hx', greedy_service_order='tightest_tw', cutoff=0, cutoff_machs=3, solver='Gurobi', max_time=7200, gurobi_cuts=1, type_user_cut=0, mip_presolve=-1, print_sol=1, max_nodes=-1, elevator=0, make_instance_feasible=False, output='/dados/rmelo/PDPTW-SE/benchmark_multi_island_v5/official_experiments/mip_hexaly/set_02_pt_03/logs', epsilon=0.005, epsilon_cap=0.5, warm_start=False, seed=0, rng=<random.Random object at 0x55ccab0502f0>, alpha=0.2, max_iter=1000000, output_flag_grb_mip=0, output_flag_grb_mslp=0, output_flag_grb_lmns=0, mslp_r='M', mslp_a='60', lmns_r='M', lmns_a='60', lmns_repair_time=30.0, lmns_mip_focus=0, lmns_gap_to_bigger_destruction=50, lmns_gap_to_smaller_destruction=95, lmns_weight_shaw_dist_prox=1.0, lmns_weight_shaw_earl_prox=1.0, lmns_weight_shaw_same_route=1.0, lmns_weight_shaw_demand_sim=1.0, lmns_req_r_apply_mip_start=True, lmns_acceptance_criteria='H', lmns_metropolis_temp=100.0, lmns_simulated_annealing_temp=100.0, lmns_simulated_annealing_cool=0.95, mip_max_time=3600, hx_max_time=3600, csv_file_name='', sol_file_name='', timeline_file_name='', grb_file_name='', validate_synchronization=True, constraints_used_melo_mip_str='1-29', constraints_used_melo_mip=None, run_callback_melo_mip=False, mip_heuristics=0.05, threads=8)
Constraints active in melo MIP
1 2 3 4 5 6 7 8 9 10 11 12 13 14 15 16 17 18 19 20 21 22 23 24 25 26 27 28 29 
[Reading Data] Using files at /dados/rmelo/PDPTW-SE/benchmark_multi_island_v5/official_experiments/mip_hexaly/set_02_pt_03/../../../instances/orig_ams_fg/08R_08V_02I_04M/t2/lr202/
vehicles: [Vehicle(id=0, cap=30), Vehicle(id=1, cap=38), Vehicle(id=2, cap=46), Vehicle(id=3, cap=38), Vehicle(id=4, cap=46), Vehicle(id=5, cap=46), Vehicle(id=6, cap=30), Vehicle(id=7, cap=46)]
vehicle_types: [Vehicle(id=6, cap=30), Vehicle(id=3, cap=38), Vehicle(id=7, cap=46)]
machines: [Machine(id=0, points=[Point(x=37, y=34, z=0), Point(x=28, y=27, z=1)], spd=1.0), Machine(id=1, points=[Point(x=38, y=34, z=0), Point(x=27, y=28, z=1)], spd=1.0), Machine(id=2, points=[Point(x=38, y=33, z=0), Point(x=26, y=29, z=1)], spd=1.0)]
refs: [0, 1, 2, 3, 4, 5, 6, 7, 8, 10, 16, 13, 15, 12, 9, 14, 11, 0]
V: [0, 1, 2, 3, 4, 5, 6, 7, 8, 9, 10, 11, 12, 13, 14, 15, 16]
V_p: [1, 2, 3, 4, 5, 6, 7, 8]
V_d: [9, 10, 11, 12, 13, 14, 15, 16]
V_p_d: [1, 2, 3, 4, 5, 6, 7, 8, 9, 10, 11, 12, 13, 14, 15, 16]
Vprime: [0, 1, 2, 3, 4, 5, 6, 7, 8, 9, 10, 11, 12, 13, 14, 15, 16, 17]
q: [0, 7, 13, 9, 16, 12, 19, 23, 20, -7, -13, -9, -16, -12, -19, -23, -20, 0]
H: [0, 1, 2]
Machine points:
# Machine 0
	Point(x=37, y=34, z=0)
	Point(x=28, y=27, z=1)

# Machine 1
	Point(x=38, y=34, z=0)
	Point(x=27, y=28, z=1)

# Machine 2
	Point(x=38, y=33, z=0)
	Point(x=26, y=29, z=1)

f: [[0 0 0]
 [1 1 1]
 [0 0 0]
 [1 1 1]
 [0 0 0]
 [0 0 0]
 [0 0 0]
 [1 1 1]
 [1 1 1]
 [1 1 1]
 [1 1 1]
 [0 0 0]
 [0 0 0]
 [0 0 0]
 [0 0 0]
 [1 1 1]
 [1 1 1]
 [0 0 0]]
(0, 0, 0) 0.0
(0, 1, 0) 11.4
(1, 0, 0) 11.4
(1, 1, 0) 0.0
(0, 0, 1) 0.0
(0, 1, 1) 12.53
(1, 0, 1) 12.53
(1, 1, 1) 0.0
(0, 0, 2) 0.0
(0, 1, 2) 12.65
(1, 0, 2) 12.65
(1, 1, 2) 0.0
Number of arcs: 157
M:  (0, np.int64(0)) (1, np.int64(70)) (2, np.int64(1081)) (3, np.int64(1071)) (4, np.int64(1048)) (5, np.int64(1038)) (6, np.int64(1051)) (7, np.int64(1027)) (8, np.int64(14))
JOBS in the order of refs (Vprime)
Node 0: Job(id=0, point=Point(x=35, y=35, z=0), dem=0, earl=0, lat=1000, servt=0, pid=0, did=0)
Node 1: Job(id=2, point=Point(x=35, y=17, z=1), dem=7, earl=0, lat=972, servt=10, pid=0, did=43)
Node 2: Job(id=3, point=Point(x=55, y=45, z=0), dem=13, earl=0, lat=967, servt=10, pid=0, did=100)
Node 3: Job(id=8, point=Point(x=10, y=43, z=1), dem=9, earl=404, lat=481, servt=10, pid=0, did=55)
Node 4: Job(id=9, point=Point(x=55, y=60, z=0), dem=16, earl=400, lat=497, servt=10, pid=0, did=90)
Node 5: Job(id=11, point=Point(x=20, y=65, z=0), dem=12, earl=206, lat=325, servt=10, pid=0, did=51)
Node 6: Job(id=12, point=Point(x=50, y=35, z=0), dem=19, earl=0, lat=975, servt=10, pid=0, did=26)
Node 7: Job(id=13, point=Point(x=30, y=25, z=1), dem=23, earl=690, lat=827, servt=10, pid=0, did=60)
Node 8: Job(id=14, point=Point(x=15, y=10, z=1), dem=20, earl=32, lat=243, servt=10, pid=0, did=44)
Node 9: Job(id=43, point=Point(x=23, y=3, z=1), dem=-7, earl=620, lat=705, servt=10, pid=2, did=0)
Node 10: Job(id=100, point=Point(x=18, y=18, z=1), dem=-13, earl=798, lat=965, servt=10, pid=3, did=0)
Node 11: Job(id=55, point=Point(x=63, y=23, z=0), dem=-9, earl=620, lat=739, servt=10, pid=8, did=0)
Node 12: Job(id=90, point=Point(x=31, y=67, z=0), dem=-16, earl=392, lat=487, servt=10, pid=9, did=0)
Node 13: Job(id=51, point=Point(x=49, y=58, z=0), dem=-12, earl=348, lat=453, servt=10, pid=11, did=0)
Node 14: Job(id=26, point=Point(x=45, y=30, z=0), dem=-19, earl=0, lat=978, servt=10, pid=12, did=0)
Node 15: Job(id=60, point=Point(x=17, y=34, z=1), dem=-23, earl=721, lat=862, servt=10, pid=13, did=0)
Node 16: Job(id=44, point=Point(x=11, y=14, z=1), dem=-20, earl=233, lat=340, servt=10, pid=14, did=0)
Node 17: Job(id=0, point=Point(x=35, y=35, z=0), dem=0, earl=0, lat=1000, servt=0, pid=0, did=0)

### Preprocessing Data ###
	-> arcs: 324 (100.0%)
	-> arc_removals: 167 (51.54%)
	-> arc_removals_is_loop: 18 (5.56%)
	-> arc_removals_is_delivery_to_pickup: 10 (3.09%)
	-> arc_removals_is_depot_begin_to_delivery: 8 (2.47%)
	-> arc_removals_is_pickup_to_depot_end: 8 (2.47%)
	-> arc_removals_is_dest_depot_begin: 16 (4.94%)
	-> arc_removals_is_orig_depot_end: 15 (4.63%)
	-> arc_removals_is_capacity_violated: 0 (0.0%)
	-> arc_removals_is_time_window_limited: 60 (18.52%)
	-> arc_removals_is_time_window_pairing_limited: 23 (7.1%)
	-> arc_removals_is_indirect_request_service_impossible: 9 (2.78%)
	-> gamma_vars: 21675 (100.0%)
	-> feas_gamma_vars: 18231 (84.11%)
	-> infeas_gamma_vars_is_next_mtrv_unreachable: 3189 (14.71%)
	-> infeas_gamma_vars_is_iprime_jprime_eq_i_j: 255 (1.18%)
	-> machine_removal_for_an_arc: 0 (0.0%)
##########################

### Model variables summary ###
	-> Total number of variables: 20173
		- x: 1256
		- z: 144
		- t: 16
		- tstart: 8
		- tfinal: 8
		- phi: 255
		- alpha: 255
		- gamma: 18231
	-> Number of binary variables: 19886


[03:19:01] Adding routing constraints
[03:19:01] Adding scheduling constraints
[03:19:02] Adding objective function

Model:  expressions = 262238, decisions = 20181, constraints = 74063, objectives = 1
Param:  time limit = 3600 sec, no iteration limit, nb threads = 8
        seed = 0

[objective direction ]:     minimize

[  0 sec,       0 itr]: No feasible solution found (infeas = 56)
[  1 sec,    1177 itr]: No feasible solution found (infeas = 56)
[  2 sec,    4335 itr]: No feasible solution found (infeas = 56)
[  3 sec,   18363 itr]: No feasible solution found (infeas = 11)
[  4 sec,   24521 itr]: No feasible solution found (infeas = 11)
[  5 sec,   31221 itr]: No feasible solution found (infeas = 11)
[  6 sec,   37285 itr]: No feasible solution found (infeas = 11)
[  7 sec,   43286 itr]: No feasible solution found (infeas = 8)
[  8 sec,   48312 itr]: No feasible solution found (infeas = 8)
[  9 sec,   53394 itr]: No feasible solution found (infeas = 8)
[ 10 sec,   53394 itr]: No feasible solution found (infeas = 8)
[ 11 sec,   63690 itr]: No feasible solution found (infeas = 8)
[ 12 sec,   63690 itr]: No feasible solution found (infeas = 8)
[ 13 sec,   68322 itr]: No feasible solution found (infeas = 8)
[ 14 sec,   80343 itr]: No feasible solution found (infeas = 8)
[ 15 sec,   86513 itr]: No feasible solution found (infeas = 8)
[ 16 sec,   86513 itr]: No feasible solution found (infeas = 8)
[ 17 sec,   96186 itr]: No feasible solution found (infeas = 8)
[ 18 sec,   96186 itr]: No feasible solution found (infeas = 8)
[ 19 sec,  106490 itr]: No feasible solution found (infeas = 8)
[ 20 sec,  111720 itr]: No feasible solution found (infeas = 8)
[ 21 sec,  111720 itr]: No feasible solution found (infeas = 8)
[ 22 sec,  116142 itr]: No feasible solution found (infeas = 8)
[ 23 sec,  124273 itr]: No feasible solution found (infeas = 8)
[ 24 sec,  124273 itr]: No feasible solution found (infeas = 8)
[ 25 sec,  130001 itr]: No feasible solution found (infeas = 7)
[ 26 sec,  135307 itr]: No feasible solution found (infeas = 7)
[ 27 sec,  147592 itr]: No feasible solution found (infeas = 7)
[ 28 sec,  153090 itr]: No feasible solution found (infeas = 4)
[ 29 sec,  153090 itr]: No feasible solution found (infeas = 4)
[ 30 sec,  164143 itr]: No feasible solution found (infeas = 4)
[ 31 sec,  164143 itr]: No feasible solution found (infeas = 4)
[ 32 sec,  168778 itr]: No feasible solution found (infeas = 4)
[ 33 sec,  177830 itr]: No feasible solution found (infeas = 4)
[ 34 sec,  177830 itr]: No feasible solution found (infeas = 4)
[ 35 sec,  186478 itr]: No feasible solution found (infeas = 4)
[ 36 sec,  190583 itr]: No feasible solution found (infeas = 4)
[ 37 sec,  194520 itr]: No feasible solution found (infeas = 4)
[ 38 sec,  198638 itr]: No feasible solution found (infeas = 4)
[ 39 sec,  198638 itr]: No feasible solution found (infeas = 4)
[ 40 sec,  202588 itr]: No feasible solution found (infeas = 4)
[ 41 sec,  210384 itr]: No feasible solution found (infeas = 4)
[ 42 sec,  210384 itr]: No feasible solution found (infeas = 4)
[ 43 sec,  218456 itr]: No feasible solution found (infeas = 4)
[ 44 sec,  218456 itr]: No feasible solution found (infeas = 4)
[ 45 sec,  226646 itr]: No feasible solution found (infeas = 4)
[ 46 sec,  230949 itr]: No feasible solution found (infeas = 4)
[ 47 sec,  235026 itr]: No feasible solution found (infeas = 4)
[ 48 sec,  239303 itr]: No feasible solution found (infeas = 4)
[ 49 sec,  243705 itr]: No feasible solution found (infeas = 4)
[ 50 sec,  248215 itr]: No feasible solution found (infeas = 4)
[ 51 sec,  252732 itr]: No feasible solution found (infeas = 4)
[ 52 sec,  257164 itr]: No feasible solution found (infeas = 4)
[ 53 sec,  261821 itr]: No feasible solution found (infeas = 4)
[ 54 sec,  261821 itr]: No feasible solution found (infeas = 4)
[ 55 sec,  270880 itr]: No feasible solution found (infeas = 4)
[ 56 sec,  275418 itr]: No feasible solution found (infeas = 4)
[ 57 sec,  279943 itr]: No feasible solution found (infeas = 4)
[ 58 sec,  284679 itr]: No feasible solution found (infeas = 4)
[ 59 sec,  289335 itr]: No feasible solution found (infeas = 4)
[ 60 sec,  293930 itr]: No feasible solution found (infeas = 4)
[ 61 sec,  298714 itr]: No feasible solution found (infeas = 4)
[ 62 sec,  303393 itr]: No feasible solution found (infeas = 4)
[ 63 sec,  303393 itr]: No feasible solution found (infeas = 4)
[ 64 sec,  308225 itr]: No feasible solution found (infeas = 4)
[ 65 sec,  317688 itr]: No feasible solution found (infeas = 4)
[ 66 sec,  322367 itr]: No feasible solution found (infeas = 4)
[ 67 sec,  322367 itr]: No feasible solution found (infeas = 4)
[ 68 sec,  331933 itr]: No feasible solution found (infeas = 4)
[ 69 sec,  336677 itr]: No feasible solution found (infeas = 4)
[ 70 sec,  341288 itr]: No feasible solution found (infeas = 4)
[ 71 sec,  346128 itr]: No feasible solution found (infeas = 4)
[ 72 sec,  350842 itr]: No feasible solution found (infeas = 4)
[ 73 sec,  350842 itr]: No feasible solution found (infeas = 4)
[ 74 sec,  360445 itr]: No feasible solution found (infeas = 4)
[ 75 sec,  365106 itr]: No feasible solution found (infeas = 4)
[ 76 sec,  365106 itr]: No feasible solution found (infeas = 4)
[ 77 sec,  374228 itr]: No feasible solution found (infeas = 4)
[ 78 sec,  378967 itr]: No feasible solution found (infeas = 4)
[ 79 sec,  383820 itr]: No feasible solution found (infeas = 4)
[ 80 sec,  388599 itr]: No feasible solution found (infeas = 4)
[ 81 sec,  393399 itr]: No feasible solution found (infeas = 4)
[ 82 sec,  398301 itr]: No feasible solution found (infeas = 4)
[ 83 sec,  403082 itr]: No feasible solution found (infeas = 4)
[ 84 sec,  407876 itr]: No feasible solution found (infeas = 4)
[ 85 sec,  412719 itr]: No feasible solution found (infeas = 4)
[ 86 sec,  417525 itr]: No feasible solution found (infeas = 4)
[ 87 sec,  422345 itr]: No feasible solution found (infeas = 4)
[ 88 sec,  426933 itr]: No feasible solution found (infeas = 4)
[ 89 sec,  431452 itr]: No feasible solution found (infeas = 4)
[ 90 sec,  436247 itr]: No feasible solution found (infeas = 4)
[ 91 sec,  440929 itr]: No feasible solution found (infeas = 4)
[ 92 sec,  445637 itr]: No feasible solution found (infeas = 4)
[ 93 sec,  450502 itr]: No feasible solution found (infeas = 4)
[ 94 sec,  455357 itr]: No feasible solution found (infeas = 4)
[ 95 sec,  460333 itr]: No feasible solution found (infeas = 4)
[ 96 sec,  465161 itr]: No feasible solution found (infeas = 4)
[ 97 sec,  465161 itr]: No feasible solution found (infeas = 4)
[ 98 sec,  474765 itr]: No feasible solution found (infeas = 4)
[ 99 sec,  474765 itr]: No feasible solution found (infeas = 4)
[100 sec,  484082 itr]: No feasible solution found (infeas = 4)
[101 sec,  488652 itr]: No feasible solution found (infeas = 4)
[102 sec,  493199 itr]: No feasible solution found (infeas = 4)
[103 sec,  493199 itr]: No feasible solution found (infeas = 4)
[104 sec,  502395 itr]: No feasible solution found (infeas = 4)
[105 sec,  502395 itr]: No feasible solution found (infeas = 4)
[106 sec,  511586 itr]: No feasible solution found (infeas = 4)
[107 sec,  516329 itr]: No feasible solution found (infeas = 4)
[108 sec,  520806 itr]: No feasible solution found (infeas = 4)
[109 sec,  525466 itr]: No feasible solution found (infeas = 4)
[110 sec,  529981 itr]: No feasible solution found (infeas = 4)
[111 sec,  534594 itr]: No feasible solution found (infeas = 4)
[112 sec,  539284 itr]: No feasible solution found (infeas = 4)
[113 sec,  543985 itr]: No feasible solution found (infeas = 4)
[114 sec,  548650 itr]: No feasible solution found (infeas = 4)
[115 sec,  553211 itr]: No feasible solution found (infeas = 4)
[116 sec,  557944 itr]: No feasible solution found (infeas = 4)
[117 sec,  562704 itr]: No feasible solution found (infeas = 4)
[118 sec,  567667 itr]: No feasible solution found (infeas = 4)
[119 sec,  572630 itr]: No feasible solution found (infeas = 4)
[120 sec,  577296 itr]: No feasible solution found (infeas = 4)
[121 sec,  582062 itr]: No feasible solution found (infeas = 4)
[122 sec,  586689 itr]: No feasible solution found (infeas = 4)
[123 sec,  591460 itr]: No feasible solution found (infeas = 4)
[124 sec,  596152 itr]: No feasible solution found (infeas = 4)
[125 sec,  600876 itr]: No feasible solution found (infeas = 4)
[126 sec,  600876 itr]: No feasible solution found (infeas = 4)
[127 sec,  610121 itr]: No feasible solution found (infeas = 4)
[128 sec,  615059 itr]: No feasible solution found (infeas = 4)
[129 sec,  619587 itr]: No feasible solution found (infeas = 4)
[130 sec,  624440 itr]: No feasible solution found (infeas = 4)
[131 sec,  629208 itr]: No feasible solution found (infeas = 4)
[132 sec,  633866 itr]: No feasible solution found (infeas = 4)
[133 sec,  638511 itr]: No feasible solution found (infeas = 4)
[134 sec,  643109 itr]: No feasible solution found (infeas = 4)
[135 sec,  647973 itr]: No feasible solution found (infeas = 4)
[136 sec,  652617 itr]: No feasible solution found (infeas = 4)
[137 sec,  657430 itr]: No feasible solution found (infeas = 4)
[138 sec,  662258 itr]: No feasible solution found (infeas = 4)
[139 sec,  666976 itr]: No feasible solution found (infeas = 4)
[140 sec,  671955 itr]: No feasible solution found (infeas = 4)
[141 sec,  676843 itr]: No feasible solution found (infeas = 4)
[142 sec,  681743 itr]: No feasible solution found (infeas = 4)
[143 sec,  686399 itr]: No feasible solution found (infeas = 4)
[144 sec,  686399 itr]: No feasible solution found (infeas = 4)
[145 sec,  695713 itr]: No feasible solution found (infeas = 4)
[146 sec,  700482 itr]: No feasible solution found (infeas = 4)
[147 sec,  705301 itr]: No feasible solution found (infeas = 4)
[148 sec,  710724 itr]: No feasible solution found (infeas = 4)
[149 sec,  715675 itr]: No feasible solution found (infeas = 4)
[150 sec,  720573 itr]: No feasible solution found (infeas = 4)
[151 sec,  725486 itr]: No feasible solution found (infeas = 4)
[152 sec,  730287 itr]: No feasible solution found (infeas = 4)
[153 sec,  735289 itr]: No feasible solution found (infeas = 4)
[154 sec,  740480 itr]: No feasible solution found (infeas = 4)
[155 sec,  745322 itr]: No feasible solution found (infeas = 4)
[156 sec,  750032 itr]: No feasible solution found (infeas = 4)
[157 sec,  754865 itr]: No feasible solution found (infeas = 4)
[158 sec,  754865 itr]: No feasible solution found (infeas = 4)
[159 sec,  759935 itr]: No feasible solution found (infeas = 4)
[160 sec,  770441 itr]: No feasible solution found (infeas = 4)
[161 sec,  775585 itr]: No feasible solution found (infeas = 4)
[162 sec,  781016 itr]: No feasible solution found (infeas = 4)
[163 sec,  781016 itr]: No feasible solution found (infeas = 4)
[164 sec,  791557 itr]: No feasible solution found (infeas = 4)
[165 sec,  796633 itr]: No feasible solution found (infeas = 4)
[166 sec,  796633 itr]: No feasible solution found (infeas = 4)
[167 sec,  806717 itr]: No feasible solution found (infeas = 4)
[168 sec,  806717 itr]: No feasible solution found (infeas = 4)
[169 sec,  811707 itr]: No feasible solution found (infeas = 4)
[170 sec,  816595 itr]: No feasible solution found (infeas = 4)
[171 sec,  821279 itr]: No feasible solution found (infeas = 4)
[172 sec,  826305 itr]: No feasible solution found (infeas = 4)
[173 sec,  836090 itr]: No feasible solution found (infeas = 4)
[174 sec,  840674 itr]: No feasible solution found (infeas = 4)
[175 sec,  845246 itr]: No feasible solution found (infeas = 4)
[176 sec,  849964 itr]: No feasible solution found (infeas = 4)
[177 sec,  849964 itr]: No feasible solution found (infeas = 4)
[178 sec,  854717 itr]: No feasible solution found (infeas = 4)
[179 sec,  859245 itr]: No feasible solution found (infeas = 4)
[180 sec,  868430 itr]:      837.789
[ optimality gap     ]:      100.00%
[181 sec,  868430 itr]:      837.789
[182 sec,  880710 itr]:      837.788
[183 sec,  887128 itr]:      837.788
[184 sec,  893508 itr]:      837.788
[185 sec,  900071 itr]:      837.787
[186 sec,  906509 itr]:      837.787
[187 sec,  912338 itr]:      837.787
[188 sec,  918034 itr]:      837.787
[189 sec,  918034 itr]:      837.787
[190 sec,  924095 itr]:      837.787
[ optimality gap     ]:      100.00%
[191 sec,  930303 itr]:      837.787
[192 sec,  936344 itr]:      837.787
[193 sec,  948643 itr]:      837.787
[194 sec,  954783 itr]:      837.787
[195 sec,  954783 itr]:      837.787
[196 sec,  966935 itr]:      837.787
[197 sec,  966935 itr]:      837.787
[198 sec,  979146 itr]:      837.787
[199 sec,  979146 itr]:      837.787
[200 sec,  985031 itr]:      837.787
[ optimality gap     ]:      100.00%
[201 sec,  991097 itr]:      837.787
[202 sec, 1003437 itr]:      837.787
[203 sec, 1003437 itr]:      837.787
[204 sec, 1009505 itr]:      837.787
[205 sec, 1015746 itr]:      837.787
[206 sec, 1022141 itr]:      837.787
[207 sec, 1036918 itr]:      837.787
[208 sec, 1044329 itr]:      837.787
[209 sec, 1044329 itr]:      837.787
[210 sec, 1059155 itr]:      837.786
[ optimality gap     ]:      100.00%
[211 sec, 1059155 itr]:      837.786
[212 sec, 1066528 itr]:      837.786
[213 sec, 1081007 itr]:      837.786
[214 sec, 1081007 itr]:      837.786
[215 sec, 1088252 itr]:      837.786
[216 sec, 1102424 itr]:      837.786
[217 sec, 1109375 itr]:      837.786
[218 sec, 1116233 itr]:      837.786
[219 sec, 1122758 itr]:      837.786
[220 sec, 1129295 itr]:      837.786
[ optimality gap     ]:      100.00%
[221 sec, 1135741 itr]:      837.786
[222 sec, 1135741 itr]:      837.786
[223 sec, 1148277 itr]:      837.786
[224 sec, 1154601 itr]:      837.786
[225 sec, 1154601 itr]:      837.786
[226 sec, 1160552 itr]:      837.786
[227 sec, 1172370 itr]:      837.786
[228 sec, 1178416 itr]:      837.786
[229 sec, 1178416 itr]:       836.56
[230 sec, 1190486 itr]:       836.56
[ optimality gap     ]:      100.00%
[231 sec, 1195711 itr]:      836.559
[232 sec, 1201527 itr]:      836.559
[233 sec, 1207249 itr]:      836.558
[234 sec, 1207249 itr]:      836.558
[235 sec, 1218416 itr]:      836.557
[236 sec, 1223762 itr]:      836.557
[237 sec, 1223762 itr]:      836.557
[238 sec, 1235022 itr]:       835.77
[239 sec, 1240837 itr]:       835.77
[240 sec, 1246195 itr]:       835.77
[ optimality gap     ]:      100.00%
[241 sec, 1246195 itr]:       835.77
[242 sec, 1257922 itr]:       835.77
[243 sec, 1263721 itr]:       835.77
[244 sec, 1269107 itr]:       835.77
[245 sec, 1274479 itr]:       835.77
[246 sec, 1279809 itr]:       835.77
[247 sec, 1285036 itr]:       835.77
[248 sec, 1290311 itr]:       835.77
[249 sec, 1295735 itr]:       835.77
[250 sec, 1301094 itr]:       835.77
[ optimality gap     ]:      100.00%
[251 sec, 1301094 itr]:       835.77
[252 sec, 1311591 itr]:       835.77
[253 sec, 1316796 itr]:       835.77
[254 sec, 1321926 itr]:       835.77
[255 sec, 1321926 itr]:       835.77
[256 sec, 1332319 itr]:       835.77
[257 sec, 1337343 itr]:       835.77
[258 sec, 1342484 itr]:       835.77
[259 sec, 1347669 itr]:       835.77
[260 sec, 1353045 itr]:       835.77
[ optimality gap     ]:      100.00%
[261 sec, 1358049 itr]:       835.77
[262 sec, 1358049 itr]:       835.77
[263 sec, 1367599 itr]:       835.77
[264 sec, 1372666 itr]:       835.77
[265 sec, 1372666 itr]:       835.77
[266 sec, 1383518 itr]:       835.77
[267 sec, 1383518 itr]:       835.77
[268 sec, 1394078 itr]:       835.77
[269 sec, 1399234 itr]:       835.77
[270 sec, 1399234 itr]:       835.77
[ optimality gap     ]:      100.00%
[271 sec, 1409561 itr]:       835.77
[272 sec, 1414773 itr]:       835.77
[273 sec, 1419704 itr]:       835.77
[274 sec, 1419704 itr]:       835.77
[275 sec, 1429598 itr]:       835.77
[276 sec, 1429598 itr]:       835.77
[277 sec, 1440337 itr]:       835.77
[278 sec, 1445643 itr]:       835.77
[279 sec, 1451325 itr]:       835.77
[280 sec, 1456873 itr]:       835.77
[ optimality gap     ]:      100.00%
[281 sec, 1462840 itr]:       835.77
[282 sec, 1468252 itr]:       835.77
[283 sec, 1468252 itr]:       835.77
[284 sec, 1478469 itr]:       835.77
[285 sec, 1478469 itr]:       835.77
[286 sec, 1488979 itr]:       835.77
[287 sec, 1488979 itr]:       835.77
[288 sec, 1494718 itr]:       835.77
[289 sec, 1502872 itr]:       835.77
[290 sec, 1508559 itr]:       835.77
[ optimality gap     ]:      100.00%
[291 sec, 1513777 itr]:       835.77
[292 sec, 1519054 itr]:      835.768
[293 sec, 1524614 itr]:      835.768
[294 sec, 1529941 itr]:      835.768
[295 sec, 1529941 itr]:      835.768
[296 sec, 1540870 itr]:      835.767
[297 sec, 1546402 itr]:      835.767
[298 sec, 1552151 itr]:      835.767
[299 sec, 1552151 itr]:      835.767
[300 sec, 1562673 itr]:      835.767
[ optimality gap     ]:      100.00%
[301 sec, 1567847 itr]:      835.767
[302 sec, 1567847 itr]:      835.767
[303 sec, 1577709 itr]:      835.767
[304 sec, 1582973 itr]:      835.767
[305 sec, 1588106 itr]:      835.767
[306 sec, 1592645 itr]:      835.767
[307 sec, 1592645 itr]:      835.767
[308 sec, 1603044 itr]:      835.767
[309 sec, 1603044 itr]:      835.767
[310 sec, 1613246 itr]:      835.767
[ optimality gap     ]:      100.00%
[311 sec, 1618741 itr]:      835.767
[312 sec, 1624219 itr]:      835.767
[313 sec, 1628766 itr]:      835.767
[314 sec, 1633997 itr]:      835.767
[315 sec, 1639072 itr]:      835.767
[316 sec, 1644284 itr]:      835.767
[317 sec, 1649409 itr]:      835.767
[318 sec, 1649409 itr]:      835.767
[319 sec, 1660372 itr]:      835.767
[320 sec, 1665403 itr]:      835.767
[ optimality gap     ]:      100.00%
[321 sec, 1669941 itr]:      835.767
[322 sec, 1669941 itr]:      835.767
[323 sec, 1675021 itr]:      835.767
[324 sec, 1680004 itr]:      835.767
[325 sec, 1685323 itr]:      835.767
[326 sec, 1689978 itr]:      835.767
[327 sec, 1694947 itr]:      835.767
[328 sec, 1705564 itr]:      835.767
[329 sec, 1705564 itr]:      835.767
[330 sec, 1716553 itr]:      835.767
[ optimality gap     ]:      100.00%
[331 sec, 1722185 itr]:      835.767
[332 sec, 1727745 itr]:      835.767
[333 sec, 1733044 itr]:      835.767
[334 sec, 1733044 itr]:      835.767
[335 sec, 1743704 itr]:      835.767
[336 sec, 1748907 itr]:      835.767
[337 sec, 1754362 itr]:      835.767
[338 sec, 1759752 itr]:      835.767
[339 sec, 1759752 itr]:      835.767
[340 sec, 1765171 itr]:      835.767
[ optimality gap     ]:      100.00%
[341 sec, 1775956 itr]:      835.767
[342 sec, 1775956 itr]:      835.767
[343 sec, 1786347 itr]:      835.767
[344 sec, 1791777 itr]:      835.767
[345 sec, 1797321 itr]:      835.767
[346 sec, 1802615 itr]:      835.767
[347 sec, 1802615 itr]:      835.767
[348 sec, 1807933 itr]:      835.767
[349 sec, 1813153 itr]:      835.767
[350 sec, 1822921 itr]:      835.767
[ optimality gap     ]:      100.00%
[351 sec, 1822921 itr]:      835.767
[352 sec, 1828005 itr]:      835.767
[353 sec, 1838194 itr]:      835.767
[354 sec, 1843549 itr]:      835.767
[355 sec, 1843549 itr]:      835.767
[356 sec, 1848707 itr]:      835.767
[357 sec, 1858917 itr]:      835.767
[358 sec, 1864144 itr]:      835.767
[359 sec, 1869239 itr]:      835.767
[360 sec, 1869239 itr]:      835.767
[ optimality gap     ]:      100.00%
[361 sec, 1879860 itr]:      835.767
[362 sec, 1884728 itr]:      835.767
[363 sec, 1884728 itr]:      835.767
[364 sec, 1890135 itr]:      835.767
[365 sec, 1900531 itr]:      835.767
[366 sec, 1905738 itr]:      835.767
[367 sec, 1905738 itr]:      835.767
[368 sec, 1915749 itr]:      835.767
[369 sec, 1920073 itr]:      835.767
[370 sec, 1924790 itr]:      835.767
[ optimality gap     ]:      100.00%
[371 sec, 1930039 itr]:      835.767
[372 sec, 1934825 itr]:      835.767
[373 sec, 1939997 itr]:      835.767
[374 sec, 1944976 itr]:      835.767
[375 sec, 1949798 itr]:      835.767
[376 sec, 1954870 itr]:      835.767
[377 sec, 1959945 itr]:      835.767
[378 sec, 1965112 itr]:      835.767
[379 sec, 1970315 itr]:      835.767
[380 sec, 1975287 itr]:      835.767
[ optimality gap     ]:      100.00%
[381 sec, 1975287 itr]:      835.767
[382 sec, 1980309 itr]:      835.767
[383 sec, 1985333 itr]:      835.767
[384 sec, 1995687 itr]:      835.767
[385 sec, 2000502 itr]:      835.767
[386 sec, 2006457 itr]:      835.767
[387 sec, 2011790 itr]:      835.767
[388 sec, 2017214 itr]:      835.767
[389 sec, 2017214 itr]:      835.767
[390 sec, 2026614 itr]:      835.767
[ optimality gap     ]:      100.00%
[391 sec, 2026614 itr]:      835.767
[392 sec, 2036607 itr]:       835.12
[393 sec, 2041738 itr]:      835.119
[394 sec, 2047382 itr]:      835.119
[395 sec, 2052519 itr]:      835.119
[396 sec, 2057187 itr]:      835.119
[397 sec, 2062642 itr]:      835.117
[398 sec, 2067863 itr]:      835.117
[399 sec, 2072697 itr]:      835.117
[400 sec, 2072697 itr]:      835.117
[ optimality gap     ]:      100.00%
[401 sec, 2078025 itr]:      835.117
[402 sec, 2088340 itr]:      835.117
[403 sec, 2093711 itr]:      835.117
[404 sec, 2093711 itr]:      835.117
[405 sec, 2098936 itr]:      835.117
[406 sec, 2109510 itr]:      835.117
[407 sec, 2109510 itr]:      835.117
[408 sec, 2114832 itr]:      835.117
[409 sec, 2119985 itr]:      835.116
[410 sec, 2128538 itr]:      835.116
[ optimality gap     ]:      100.00%
[411 sec, 2133172 itr]:      835.116
[412 sec, 2138049 itr]:      835.116
[413 sec, 2138049 itr]:      835.116
[414 sec, 2147775 itr]:      835.116
[415 sec, 2147775 itr]:      835.116
[416 sec, 2153220 itr]:      835.116
[417 sec, 2163376 itr]:      835.116
[418 sec, 2168700 itr]:      835.116
[419 sec, 2168700 itr]:      835.116
[420 sec, 2177678 itr]:       820.85
[ optimality gap     ]:      100.00%
[421 sec, 2182763 itr]:      820.848
[422 sec, 2187808 itr]:      820.847
[423 sec, 2187808 itr]:      820.847
[424 sec, 2198242 itr]:      820.847
[425 sec, 2203847 itr]:      820.847
[426 sec, 2203847 itr]:      820.847
[427 sec, 2213367 itr]:      819.738
[428 sec, 2218371 itr]:      819.738
[429 sec, 2223814 itr]:       807.47
[430 sec, 2228943 itr]:       807.47
[ optimality gap     ]:      100.00%
[431 sec, 2228943 itr]:       807.47
[432 sec, 2233958 itr]:      807.469
[433 sec, 2239014 itr]:      807.469
[434 sec, 2247070 itr]:      807.468
[435 sec, 2247070 itr]:      807.468
[436 sec, 2251741 itr]:      807.468
[437 sec, 2255077 itr]:      805.503
[438 sec, 2260306 itr]:      805.501
[439 sec, 2269951 itr]:      805.498
[440 sec, 2269951 itr]:      805.498
[ optimality gap     ]:      100.00%
[441 sec, 2280899 itr]:      805.498
[442 sec, 2285661 itr]:      805.498
[443 sec, 2291011 itr]:      805.498
[444 sec, 2291011 itr]:      805.498
[445 sec, 2296422 itr]:      805.498
[446 sec, 2306993 itr]:      805.498
[447 sec, 2311821 itr]:      805.498
[448 sec, 2316380 itr]:      805.498
[449 sec, 2316380 itr]:      805.498
[450 sec, 2325417 itr]:      805.498
[ optimality gap     ]:      100.00%
[451 sec, 2325417 itr]:       767.63
[452 sec, 2333907 itr]:       767.63
[453 sec, 2333907 itr]:       767.63
[454 sec, 2338170 itr]:       767.01
[455 sec, 2342383 itr]:       765.35
[456 sec, 2347206 itr]:       765.35
[457 sec, 2351510 itr]:      765.348
[458 sec, 2360119 itr]:      765.348
[459 sec, 2364464 itr]:      765.348
[460 sec, 2369057 itr]:      765.348
[ optimality gap     ]:      100.00%
[461 sec, 2373222 itr]:      765.348
[462 sec, 2373222 itr]:      765.348
[463 sec, 2381830 itr]:      765.348
[464 sec, 2386289 itr]:      765.348
[465 sec, 2386289 itr]:      765.348
[466 sec, 2395063 itr]:      765.347
[467 sec, 2399399 itr]:      765.347
[468 sec, 2403794 itr]:      765.347
[469 sec, 2403794 itr]:      765.347
[470 sec, 2408038 itr]:      765.347
[ optimality gap     ]:      100.00%
[471 sec, 2416573 itr]:      765.347
[472 sec, 2416573 itr]:      765.347
[473 sec, 2420838 itr]:      765.347
[474 sec, 2429799 itr]:      765.347
[475 sec, 2429799 itr]:      765.347
[476 sec, 2434501 itr]:      765.347
[477 sec, 2438519 itr]:      765.347
[478 sec, 2446869 itr]:      765.347
[479 sec, 2451278 itr]:      765.347
[480 sec, 2455224 itr]:      765.347
[ optimality gap     ]:      100.00%
[481 sec, 2459922 itr]:      765.347
[482 sec, 2464753 itr]:      765.347
[483 sec, 2469007 itr]:      765.347
[484 sec, 2473331 itr]:      765.347
[485 sec, 2477791 itr]:      765.347
[486 sec, 2477791 itr]:      765.347
[487 sec, 2486352 itr]:      765.347
[488 sec, 2490497 itr]:      765.347
[489 sec, 2494465 itr]:      765.347
[490 sec, 2498713 itr]:      765.347
[ optimality gap     ]:      100.00%
[491 sec, 2502964 itr]:      765.347
[492 sec, 2502964 itr]:      765.347
[493 sec, 2511428 itr]:      765.347
[494 sec, 2511428 itr]:      765.347
[495 sec, 2520414 itr]:      765.347
[496 sec, 2520414 itr]:      765.347
[497 sec, 2529398 itr]:      765.347
[498 sec, 2529398 itr]:      765.347
[499 sec, 2537730 itr]:      765.347
[500 sec, 2541634 itr]:      765.347
[ optimality gap     ]:      100.00%
[501 sec, 2546090 itr]:      765.347
[502 sec, 2550313 itr]:      765.346
[503 sec, 2554966 itr]:      765.346
[504 sec, 2559561 itr]:      765.346
[505 sec, 2563829 itr]:      765.346
[506 sec, 2568251 itr]:      765.346
[507 sec, 2568251 itr]:      765.346
[508 sec, 2577218 itr]:      765.346
[509 sec, 2581562 itr]:      765.346
[510 sec, 2581562 itr]:      765.346
[ optimality gap     ]:      100.00%
[511 sec, 2586203 itr]:      765.346
[512 sec, 2594915 itr]:      765.346
[513 sec, 2594915 itr]:      765.346
[514 sec, 2599150 itr]:      765.346
[515 sec, 2608195 itr]:      765.346
[516 sec, 2608195 itr]:      765.346
[517 sec, 2612684 itr]:      765.346
[518 sec, 2617341 itr]:      765.346
[519 sec, 2621586 itr]:      765.346
[520 sec, 2630692 itr]:      765.346
[ optimality gap     ]:      100.00%
[521 sec, 2630692 itr]:      765.346
[522 sec, 2634672 itr]:      765.346
[523 sec, 2639049 itr]:      765.346
[524 sec, 2646426 itr]:      765.346
[525 sec, 2650813 itr]:      765.346
[526 sec, 2655192 itr]:      765.346
[527 sec, 2655192 itr]:      765.346
[528 sec, 2664010 itr]:      765.346
[529 sec, 2668262 itr]:      765.346
[530 sec, 2668262 itr]:      765.346
[ optimality gap     ]:      100.00%
[531 sec, 2677073 itr]:      765.346
[532 sec, 2677073 itr]:      765.346
[533 sec, 2681017 itr]:      765.346
[534 sec, 2689199 itr]:      765.346
[535 sec, 2693616 itr]:      765.346
[536 sec, 2697827 itr]:      765.346
[537 sec, 2697827 itr]:      765.346
[538 sec, 2701996 itr]:      765.346
[539 sec, 2710533 itr]:      765.346
[540 sec, 2710533 itr]:      765.346
[ optimality gap     ]:      100.00%
[541 sec, 2718746 itr]:      765.346
[542 sec, 2723314 itr]:      765.346
[543 sec, 2727810 itr]:      765.346
[544 sec, 2727810 itr]:      765.346
[545 sec, 2737053 itr]:      765.346
[546 sec, 2737053 itr]:      765.346
[547 sec, 2745733 itr]:      765.346
[548 sec, 2745733 itr]:      765.346
[549 sec, 2750061 itr]:      765.346
[550 sec, 2758423 itr]:      765.346
[ optimality gap     ]:      100.00%
[551 sec, 2758423 itr]:      765.346
[552 sec, 2766571 itr]:      765.346
[553 sec, 2771151 itr]:      765.346
[554 sec, 2775318 itr]:      765.346
[555 sec, 2779459 itr]:      765.346
[556 sec, 2783875 itr]:      765.346
[557 sec, 2783875 itr]:      765.346
[558 sec, 2788220 itr]:      765.346
[559 sec, 2796557 itr]:      765.346
[560 sec, 2801005 itr]:      765.346
[ optimality gap     ]:      100.00%
[561 sec, 2805412 itr]:      765.346
[562 sec, 2809965 itr]:      765.346
[563 sec, 2809965 itr]:      765.346
[564 sec, 2814273 itr]:      765.346
[565 sec, 2818689 itr]:      765.346
[566 sec, 2823352 itr]:      765.346
[567 sec, 2827954 itr]:      765.346
[568 sec, 2836082 itr]:      765.346
[569 sec, 2840371 itr]:      765.346
[570 sec, 2840371 itr]:      765.346
[ optimality gap     ]:      100.00%
[571 sec, 2845035 itr]:      765.346
[572 sec, 2854360 itr]:      765.346
[573 sec, 2858590 itr]:      765.346
[574 sec, 2862900 itr]:      765.346
[575 sec, 2867447 itr]:      765.346
[576 sec, 2872098 itr]:      765.346
[577 sec, 2876802 itr]:      765.346
[578 sec, 2876802 itr]:      765.346
[579 sec, 2881409 itr]:      765.346
[580 sec, 2885999 itr]:      765.346
[ optimality gap     ]:      100.00%
[581 sec, 2895213 itr]:      765.346
[582 sec, 2900020 itr]:      765.346
[583 sec, 2900020 itr]:      765.346
[584 sec, 2909416 itr]:      765.346
[585 sec, 2914251 itr]:      765.346
[586 sec, 2919166 itr]:      765.346
[587 sec, 2923497 itr]:      765.346
[588 sec, 2923497 itr]:      765.346
[589 sec, 2932595 itr]:      765.346
[590 sec, 2937260 itr]:      765.346
[ optimality gap     ]:      100.00%
[591 sec, 2937260 itr]:      765.346
[592 sec, 2945767 itr]:      765.346
[593 sec, 2950142 itr]:      765.346
[594 sec, 2954465 itr]:      765.346
[595 sec, 2958808 itr]:      765.346
[596 sec, 2963000 itr]:      765.346
[597 sec, 2967437 itr]:      765.346
[598 sec, 2971989 itr]:      765.346
[599 sec, 2971989 itr]:      765.346
[600 sec, 2981058 itr]:      765.346
[ optimality gap     ]:      100.00%
[601 sec, 2985698 itr]:      765.346
[602 sec, 2985698 itr]:      765.346
[603 sec, 2990074 itr]:      765.346
[604 sec, 2994339 itr]:      765.346
[605 sec, 3002263 itr]:      765.346
[606 sec, 3006442 itr]:      765.346
[607 sec, 3010435 itr]:      765.346
[608 sec, 3010435 itr]:      765.346
[609 sec, 3019428 itr]:      765.346
[610 sec, 3023965 itr]:      765.346
[ optimality gap     ]:      100.00%
[611 sec, 3028803 itr]:      765.346
[612 sec, 3033438 itr]:      765.346
[613 sec, 3033438 itr]:      765.346
[614 sec, 3037670 itr]:      765.346
[615 sec, 3042337 itr]:      765.346
[616 sec, 3046598 itr]:      765.346
[617 sec, 3055766 itr]:      765.346
[618 sec, 3060238 itr]:      765.346
[619 sec, 3064641 itr]:      765.346
[620 sec, 3068693 itr]:      750.699
[ optimality gap     ]:      100.00%
[621 sec, 3068693 itr]:        749.6
[622 sec, 3077444 itr]:        749.6
[623 sec, 3077444 itr]:        749.6
[624 sec, 3086453 itr]:      749.599
[625 sec, 3086453 itr]:      749.599
[626 sec, 3091034 itr]:      749.598
[627 sec, 3095590 itr]:      749.598
[628 sec, 3104505 itr]:      749.598
[629 sec, 3109597 itr]:      749.598
[630 sec, 3114360 itr]:      749.598
[ optimality gap     ]:      100.00%
[631 sec, 3119322 itr]:      749.597
[632 sec, 3124048 itr]:      749.597
[633 sec, 3128552 itr]:      749.597
[634 sec, 3132646 itr]:      749.597
[635 sec, 3136646 itr]:      749.597
[636 sec, 3141626 itr]:      749.597
[637 sec, 3141626 itr]:      749.597
[638 sec, 3147194 itr]:      749.597
[639 sec, 3152327 itr]:      749.597
[640 sec, 3157139 itr]:      749.597
[ optimality gap     ]:      100.00%
[641 sec, 3166898 itr]:      749.596
[642 sec, 3171549 itr]:      749.596
[643 sec, 3176465 itr]:      749.596
[644 sec, 3181599 itr]:      749.596
[645 sec, 3186670 itr]:      749.596
[646 sec, 3191865 itr]:      749.596
[647 sec, 3196922 itr]:      749.596
[648 sec, 3202038 itr]:      749.596
[649 sec, 3202038 itr]:      749.596
[650 sec, 3211496 itr]:      749.596
[ optimality gap     ]:      100.00%
[651 sec, 3216447 itr]:      749.596
[652 sec, 3221473 itr]:       747.32
[653 sec, 3226652 itr]:      747.318
[654 sec, 3231693 itr]:      747.318
[655 sec, 3236641 itr]:      747.318
[656 sec, 3241631 itr]:      747.318
[657 sec, 3246635 itr]:      747.318
[658 sec, 3246635 itr]:      747.318
[659 sec, 3256168 itr]:      747.318
[660 sec, 3260690 itr]:      747.318
[ optimality gap     ]:      100.00%
[661 sec, 3265517 itr]:      747.318
[662 sec, 3265517 itr]:      747.318
[663 sec, 3275793 itr]:      747.318
[664 sec, 3280847 itr]:      747.318
[665 sec, 3280847 itr]:      747.318
[666 sec, 3289685 itr]:      747.318
[667 sec, 3294722 itr]:      747.318
[668 sec, 3299639 itr]:      747.318
[669 sec, 3299639 itr]:      747.318
[670 sec, 3304455 itr]:      747.318
[ optimality gap     ]:      100.00%
[671 sec, 3313628 itr]:      747.318
[672 sec, 3317736 itr]:      747.318
[673 sec, 3317736 itr]:      747.318
[674 sec, 3326751 itr]:      747.318
[675 sec, 3330984 itr]:      747.318
[676 sec, 3335966 itr]:      747.318
[677 sec, 3340933 itr]:      747.318
[678 sec, 3345583 itr]:      747.318
[679 sec, 3345583 itr]:      747.318
[680 sec, 3355676 itr]:      747.318
[ optimality gap     ]:      100.00%
[681 sec, 3360830 itr]:      747.318
[682 sec, 3365557 itr]:      747.318
[683 sec, 3370312 itr]:      747.318
[684 sec, 3374421 itr]:      747.318
[685 sec, 3379292 itr]:      747.318
[686 sec, 3383858 itr]:      747.318
[687 sec, 3388537 itr]:      747.318
[688 sec, 3388537 itr]:      747.318
[689 sec, 3397725 itr]:      747.318
[690 sec, 3402111 itr]:      747.318
[ optimality gap     ]:      100.00%
[691 sec, 3402111 itr]:      747.318
[692 sec, 3411808 itr]:      747.318
[693 sec, 3416350 itr]:      747.318
[694 sec, 3420489 itr]:      747.318
[695 sec, 3425407 itr]:      747.318
[696 sec, 3430454 itr]:      747.318
[697 sec, 3435642 itr]:      747.318
[698 sec, 3440248 itr]:      747.318
[699 sec, 3444405 itr]:      747.318
[700 sec, 3449517 itr]:      747.318
[ optimality gap     ]:      100.00%
[701 sec, 3449517 itr]:      747.318
[702 sec, 3459459 itr]:      747.318
[703 sec, 3459459 itr]:      747.318
[704 sec, 3469014 itr]:      747.318
[705 sec, 3474006 itr]:      747.318
[706 sec, 3479205 itr]:      747.318
[707 sec, 3484462 itr]:      747.318
[708 sec, 3484462 itr]:      747.318
[709 sec, 3493686 itr]:      747.318
[710 sec, 3493686 itr]:      747.318
[ optimality gap     ]:      100.00%
[711 sec, 3502611 itr]:      747.318
[712 sec, 3507030 itr]:      747.318
[713 sec, 3511918 itr]:      747.318
[714 sec, 3516818 itr]:      747.318
[715 sec, 3522166 itr]:      747.318
[716 sec, 3522166 itr]:      747.318
[717 sec, 3532009 itr]:      747.318
[718 sec, 3536939 itr]:      747.318
[719 sec, 3541305 itr]:      747.317
[720 sec, 3541305 itr]:      747.317
[ optimality gap     ]:      100.00%
[721 sec, 3551076 itr]:      747.317
[722 sec, 3555760 itr]:      747.317
[723 sec, 3560592 itr]:      747.317
[724 sec, 3564821 itr]:      747.317
[725 sec, 3569761 itr]:      747.317
[726 sec, 3574334 itr]:      747.317
[727 sec, 3578857 itr]:      747.317
[728 sec, 3583637 itr]:      747.317
[729 sec, 3588405 itr]:      747.317
[730 sec, 3593166 itr]:      747.317
[ optimality gap     ]:      100.00%
[731 sec, 3597538 itr]:      747.317
[732 sec, 3597538 itr]:      747.317
[733 sec, 3603575 itr]:      747.317
[734 sec, 3607859 itr]:      747.317
[735 sec, 3607859 itr]:      747.317
[736 sec, 3616950 itr]:      747.317
[737 sec, 3621440 itr]:      747.317
[738 sec, 3626450 itr]:      747.317
[739 sec, 3626450 itr]:      747.317
[740 sec, 3635456 itr]:      747.317
[ optimality gap     ]:      100.00%
[741 sec, 3640053 itr]:      747.317
[742 sec, 3640053 itr]:      747.317
[743 sec, 3650168 itr]:      747.317
[744 sec, 3655084 itr]:      747.317
[745 sec, 3655084 itr]:      747.317
[746 sec, 3665420 itr]:      747.317
[747 sec, 3665420 itr]:      747.317
[748 sec, 3669678 itr]:      747.317
[749 sec, 3674564 itr]:      747.317
[750 sec, 3684575 itr]:      747.317
[ optimality gap     ]:      100.00%
[751 sec, 3689766 itr]:      747.317
[752 sec, 3693890 itr]:      747.317
[753 sec, 3698974 itr]:      747.317
[754 sec, 3703958 itr]:      747.317
[755 sec, 3703958 itr]:      747.317
[756 sec, 3709065 itr]:      747.317
[757 sec, 3718031 itr]:      747.317
[758 sec, 3718031 itr]:      747.317
[759 sec, 3727343 itr]:      747.317
[760 sec, 3732468 itr]:      747.317
[ optimality gap     ]:      100.00%
[761 sec, 3732468 itr]:      747.317
[762 sec, 3737450 itr]:      747.317
[763 sec, 3747313 itr]:      747.317
[764 sec, 3751886 itr]:      747.317
[765 sec, 3751886 itr]:      747.317
[766 sec, 3761951 itr]:      747.317
[767 sec, 3766857 itr]:      747.317
[768 sec, 3766857 itr]:      747.317
[769 sec, 3777094 itr]:      747.317
[770 sec, 3777094 itr]:      747.317
[ optimality gap     ]:      100.00%
[771 sec, 3787417 itr]:      747.317
[772 sec, 3787417 itr]:      747.317
[773 sec, 3797583 itr]:      747.317
[774 sec, 3802814 itr]:      747.317
[775 sec, 3802814 itr]:      747.317
[776 sec, 3808023 itr]:      747.317
[777 sec, 3818413 itr]:      747.317
[778 sec, 3818413 itr]:      747.317
[779 sec, 3823742 itr]:      747.317
[780 sec, 3828726 itr]:      747.317
[ optimality gap     ]:      100.00%
[781 sec, 3839014 itr]:      747.317
[782 sec, 3844001 itr]:      747.317
[783 sec, 3848974 itr]:      747.317
[784 sec, 3853871 itr]:      747.317
[785 sec, 3858653 itr]:      747.317
[786 sec, 3858653 itr]:      747.317
[787 sec, 3868180 itr]:      747.317
[788 sec, 3873332 itr]:      747.317
[789 sec, 3873332 itr]:      747.317
[790 sec, 3883411 itr]:      747.317
[ optimality gap     ]:      100.00%
[791 sec, 3888689 itr]:      747.317
[792 sec, 3894151 itr]:      747.317
[793 sec, 3899230 itr]:      747.317
[794 sec, 3904282 itr]:      747.317
[795 sec, 3909434 itr]:      747.317
[796 sec, 3913699 itr]:      746.508
[797 sec, 3918552 itr]:      746.478
[798 sec, 3918552 itr]:      746.478
[799 sec, 3928692 itr]:      746.478
[800 sec, 3928692 itr]:      746.478
[ optimality gap     ]:      100.00%
[801 sec, 3938493 itr]:      746.478
[802 sec, 3942679 itr]:      746.478
[803 sec, 3947872 itr]:      746.478
[804 sec, 3952612 itr]:      746.478
[805 sec, 3952612 itr]:      746.478
[806 sec, 3961839 itr]:      746.478
[807 sec, 3961839 itr]:      746.478
[808 sec, 3972130 itr]:      746.478
[809 sec, 3972130 itr]:      746.478
[810 sec, 3977099 itr]:      746.478
[ optimality gap     ]:      100.00%
[811 sec, 3985803 itr]:      746.478
[812 sec, 3985803 itr]:      746.478
[813 sec, 3991006 itr]:      746.478
[814 sec, 3999633 itr]:      746.478
[815 sec, 4004740 itr]:      746.478
[816 sec, 4009890 itr]:      746.478
[817 sec, 4015085 itr]:      746.478
[818 sec, 4015085 itr]:      746.478
[819 sec, 4024796 itr]:      746.478
[820 sec, 4029779 itr]:      746.478
[ optimality gap     ]:      100.00%
[821 sec, 4034547 itr]:      746.478
[822 sec, 4039536 itr]:      746.478
[823 sec, 4039536 itr]:      746.478
[824 sec, 4044441 itr]:      746.478
[825 sec, 4054155 itr]:      746.478
[826 sec, 4054155 itr]:      746.478
[827 sec, 4058534 itr]:      746.478
[828 sec, 4063528 itr]:      746.478
[829 sec, 4073615 itr]:      746.478
[830 sec, 4073615 itr]:      746.478
[ optimality gap     ]:      100.00%
[831 sec, 4078843 itr]:      746.478
[832 sec, 4083601 itr]:      746.478
[833 sec, 4093420 itr]:      746.478
[834 sec, 4098228 itr]:      746.478
[835 sec, 4103110 itr]:      746.478
[836 sec, 4107902 itr]:      746.478
[837 sec, 4107902 itr]:      746.478
[838 sec, 4117864 itr]:      746.478
[839 sec, 4122749 itr]:      746.478
[840 sec, 4122749 itr]:      746.478
[ optimality gap     ]:      100.00%
[841 sec, 4132755 itr]:      746.478
[842 sec, 4132755 itr]:      746.478
[843 sec, 4143681 itr]:      746.478
[844 sec, 4148872 itr]:      746.478
[845 sec, 4148872 itr]:      746.478
[846 sec, 4154320 itr]:      746.478
[847 sec, 4159447 itr]:      746.478
[848 sec, 4168811 itr]:      746.478
[849 sec, 4168811 itr]:      746.478
[850 sec, 4178563 itr]:      746.478
[ optimality gap     ]:      100.00%
[851 sec, 4178563 itr]:      746.478
[852 sec, 4183129 itr]:      746.478
[853 sec, 4187700 itr]:      746.478
[854 sec, 4197347 itr]:      746.478
[855 sec, 4197347 itr]:      746.478
[856 sec, 4206985 itr]:      746.478
[857 sec, 4212213 itr]:      746.478
[858 sec, 4212213 itr]:      746.478
[859 sec, 4216963 itr]:      746.478
[860 sec, 4227512 itr]:      746.478
[ optimality gap     ]:      100.00%
[861 sec, 4232568 itr]:      746.478
[862 sec, 4232568 itr]:      746.478
[863 sec, 4237579 itr]:      746.478
[864 sec, 4247177 itr]:      746.478
[865 sec, 4247177 itr]:      746.478
[866 sec, 4256809 itr]:      746.478
[867 sec, 4256809 itr]:      746.478
[868 sec, 4261724 itr]:      746.478
[869 sec, 4266168 itr]:      746.478
[870 sec, 4276497 itr]:      746.478
[ optimality gap     ]:      100.00%
[871 sec, 4281680 itr]:      746.478
[872 sec, 4286470 itr]:      746.478
[873 sec, 4286470 itr]:      746.478
[874 sec, 4296831 itr]:      746.478
[875 sec, 4296831 itr]:      746.478
[876 sec, 4306372 itr]:      746.478
[877 sec, 4306372 itr]:      746.478
[878 sec, 4316911 itr]:      746.478
[879 sec, 4316911 itr]:      746.478
[880 sec, 4322437 itr]:      746.478
[ optimality gap     ]:      100.00%
[881 sec, 4332780 itr]:      746.478
[882 sec, 4332780 itr]:      746.478
[883 sec, 4337498 itr]:      746.478
[884 sec, 4347228 itr]:      746.478
[885 sec, 4351825 itr]:      746.478
[886 sec, 4351825 itr]:      746.478
[887 sec, 4361775 itr]:      746.478
[888 sec, 4366983 itr]:      746.478
[889 sec, 4366983 itr]:      746.478
[890 sec, 4377020 itr]:      746.478
[ optimality gap     ]:      100.00%
[891 sec, 4381844 itr]:      746.478
[892 sec, 4381844 itr]:      746.478
[893 sec, 4391918 itr]:      746.478
[894 sec, 4396983 itr]:      746.478
[895 sec, 4396983 itr]:      746.478
[896 sec, 4407075 itr]:      746.478
[897 sec, 4412330 itr]:      746.478
[898 sec, 4412330 itr]:      746.478
[899 sec, 4421552 itr]:      746.478
[900 sec, 4426438 itr]:      746.478
[ optimality gap     ]:      100.00%
[901 sec, 4431344 itr]:      746.478
[902 sec, 4436401 itr]:      740.628
[903 sec, 4436401 itr]:      740.628
[904 sec, 4441296 itr]:      740.628
[905 sec, 4446835 itr]:      740.628
[906 sec, 4456052 itr]:      740.628
[907 sec, 4460506 itr]:      740.628
[908 sec, 4465423 itr]:      740.628
[909 sec, 4465423 itr]:      740.628
[910 sec, 4475064 itr]:      740.628
[ optimality gap     ]:      100.00%
[911 sec, 4475064 itr]:      740.628
[912 sec, 4484306 itr]:      740.627
[913 sec, 4489404 itr]:      740.627
[914 sec, 4494413 itr]:      740.627
[915 sec, 4499269 itr]:      740.627
[916 sec, 4503542 itr]:      740.627
[917 sec, 4503542 itr]:      740.627
[918 sec, 4507280 itr]:      740.627
[919 sec, 4517935 itr]:      740.626
[920 sec, 4522990 itr]:      740.626
[ optimality gap     ]:      100.00%
[921 sec, 4522990 itr]:      740.626
[922 sec, 4531934 itr]:      740.626
[923 sec, 4536878 itr]:      740.626
[924 sec, 4541468 itr]:      740.626
[925 sec, 4546916 itr]:      740.626
[926 sec, 4552014 itr]:      740.626
[927 sec, 4557107 itr]:      740.626
[928 sec, 4562121 itr]:      740.626
[929 sec, 4567039 itr]:      740.626
[930 sec, 4567039 itr]:      740.626
[ optimality gap     ]:      100.00%
[931 sec, 4570517 itr]:      740.626
[932 sec, 4575517 itr]:      740.626
[933 sec, 4585224 itr]:      740.626
[934 sec, 4585224 itr]:      740.626
[935 sec, 4595348 itr]:      740.626
[936 sec, 4595348 itr]:      740.626
[937 sec, 4605434 itr]:      740.626
[938 sec, 4610353 itr]:      740.626
[939 sec, 4615395 itr]:      740.626
[940 sec, 4615395 itr]:      740.626
[ optimality gap     ]:      100.00%
[941 sec, 4620565 itr]:      740.626
[942 sec, 4630709 itr]:      740.626
[943 sec, 4635720 itr]:      740.626
[944 sec, 4640674 itr]:      740.626
[945 sec, 4645765 itr]:      740.626
[946 sec, 4650825 itr]:      740.626
[947 sec, 4655935 itr]:      740.626
[948 sec, 4659988 itr]:      740.626
[949 sec, 4664939 itr]:      740.626
[950 sec, 4664939 itr]:      740.626
[ optimality gap     ]:      100.00%
[951 sec, 4675310 itr]:      740.626
[952 sec, 4675310 itr]:      740.626
[953 sec, 4685613 itr]:      740.626
[954 sec, 4685613 itr]:      740.626
[955 sec, 4690740 itr]:      740.626
[956 sec, 4700547 itr]:      740.626
[957 sec, 4705486 itr]:      740.626
[958 sec, 4709877 itr]:      740.626
[959 sec, 4715139 itr]:      740.626
[960 sec, 4720452 itr]:      740.626
[ optimality gap     ]:      100.00%
[961 sec, 4720452 itr]:      740.626
[962 sec, 4725253 itr]:      740.626
[963 sec, 4735259 itr]:      740.626
[964 sec, 4735259 itr]:      740.626
[965 sec, 4745320 itr]:      740.626
[966 sec, 4750447 itr]:      740.626
[967 sec, 4750447 itr]:      740.626
[968 sec, 4760712 itr]:      740.626
[969 sec, 4765988 itr]:      740.626
[970 sec, 4771028 itr]:      740.626
[ optimality gap     ]:      100.00%
[971 sec, 4771028 itr]:      740.626
[972 sec, 4781428 itr]:      740.626
[973 sec, 4786934 itr]:      740.626
[974 sec, 4786934 itr]:      740.626
[975 sec, 4797319 itr]:      740.626
[976 sec, 4802345 itr]:      740.626
[977 sec, 4807373 itr]:      740.626
[978 sec, 4812472 itr]:      740.626
[979 sec, 4817212 itr]:      740.626
[980 sec, 4822135 itr]:      740.626
[ optimality gap     ]:      100.00%
[981 sec, 4827450 itr]:      740.626
[982 sec, 4827450 itr]:      740.626
[983 sec, 4832694 itr]:      740.626
[984 sec, 4837852 itr]:      738.347
[985 sec, 4846895 itr]:      738.347
[986 sec, 4851761 itr]:      738.347
[987 sec, 4856548 itr]:      738.347
[988 sec, 4861594 itr]:      738.347
[989 sec, 4866537 itr]:      738.347
[990 sec, 4871585 itr]:      738.347
[ optimality gap     ]:      100.00%
[991 sec, 4871585 itr]:      738.347
[992 sec, 4881577 itr]:      738.347
[993 sec, 4886790 itr]:      738.347
[994 sec, 4891573 itr]:      738.347
[995 sec, 4896417 itr]:      738.347
[996 sec, 4896417 itr]:      738.347
[997 sec, 4901707 itr]:      738.347
[998 sec, 4906487 itr]:      738.347
[999 sec, 4916880 itr]:      738.347
[1000 sec, 4916880 itr]:      738.347
[ optimality gap      ]:      100.00%
[1001 sec, 4926426 itr]:      738.347
[1002 sec, 4931387 itr]:      738.347
[1003 sec, 4931387 itr]:      738.347
[1004 sec, 4941117 itr]:      738.347
[1005 sec, 4941117 itr]:      738.347
[1006 sec, 4951659 itr]:      738.347
[1007 sec, 4956710 itr]:      738.347
[1008 sec, 4961502 itr]:      738.347
[1009 sec, 4966599 itr]:      738.347
[1010 sec, 4971923 itr]:      738.347
[ optimality gap      ]:      100.00%
[1011 sec, 4976649 itr]:      738.347
[1012 sec, 4981995 itr]:      738.347
[1013 sec, 4981995 itr]:      738.347
[1014 sec, 4992221 itr]:      738.347
[1015 sec, 4997231 itr]:      738.347
[1016 sec, 4997231 itr]:      738.347
[1017 sec, 5006632 itr]:      738.347
[1018 sec, 5011758 itr]:      738.347
[1019 sec, 5016906 itr]:      738.347
[1020 sec, 5021980 itr]:      738.347
[ optimality gap      ]:      100.00%
[1021 sec, 5027250 itr]:      738.347
[1022 sec, 5027250 itr]:      738.347
[1023 sec, 5031603 itr]:      738.347
[1024 sec, 5036833 itr]:      738.347
[1025 sec, 5046936 itr]:      738.347
[1026 sec, 5052017 itr]:      738.347
[1027 sec, 5052017 itr]:      738.347
[1028 sec, 5057295 itr]:      738.347
[1029 sec, 5067157 itr]:      738.347
[1030 sec, 5067157 itr]:      738.347
[ optimality gap      ]:      100.00%
[1031 sec, 5072271 itr]:      738.347
[1032 sec, 5082277 itr]:      738.347
[1033 sec, 5082277 itr]:      738.347
[1034 sec, 5086982 itr]:      738.347
[1035 sec, 5095699 itr]:      738.347
[1036 sec, 5100421 itr]:      738.347
[1037 sec, 5105265 itr]:      738.347
[1038 sec, 5110009 itr]:      738.347
[1039 sec, 5115165 itr]:      738.347
[1040 sec, 5119977 itr]:      738.347
[ optimality gap      ]:      100.00%
[1041 sec, 5125081 itr]:      738.347
[1042 sec, 5130055 itr]:      738.347
[1043 sec, 5134908 itr]:      738.347
[1044 sec, 5134908 itr]:      738.347
[1045 sec, 5144033 itr]:      738.347
[1046 sec, 5144033 itr]:      738.347
[1047 sec, 5152436 itr]:      738.347
[1048 sec, 5152436 itr]:      738.347
[1049 sec, 5162325 itr]:      738.347
[1050 sec, 5167613 itr]:      738.347
[ optimality gap      ]:      100.00%
[1051 sec, 5172943 itr]:      738.347
[1052 sec, 5177898 itr]:      738.347
[1053 sec, 5182672 itr]:      738.347
[1054 sec, 5187594 itr]:      738.347
[1055 sec, 5187594 itr]:      738.347
[1056 sec, 5192353 itr]:       737.27
[1057 sec, 5202559 itr]:      736.478
[1058 sec, 5207239 itr]:      736.478
[1059 sec, 5212435 itr]:      736.478
[1060 sec, 5217462 itr]:      735.319
[ optimality gap      ]:      100.00%
[1061 sec, 5223284 itr]:      735.318
[1062 sec, 5223284 itr]:      735.318
[1063 sec, 5229068 itr]:      735.318
[1064 sec, 5239379 itr]:      735.318
[1065 sec, 5244797 itr]:      735.318
[1066 sec, 5249835 itr]:      735.318
[1067 sec, 5255080 itr]:      735.317
[1068 sec, 5259882 itr]:      735.317
[1069 sec, 5264894 itr]:      735.317
[1070 sec, 5269934 itr]:      735.317
[ optimality gap      ]:      100.00%
[1071 sec, 5274937 itr]:      735.317
[1072 sec, 5280334 itr]:      735.317
[1073 sec, 5280334 itr]:      735.317
[1074 sec, 5290374 itr]:      735.317
[1075 sec, 5295751 itr]:      735.317
[1076 sec, 5301095 itr]:      735.317
[1077 sec, 5301095 itr]:      735.317
[1078 sec, 5306642 itr]:      735.317
[1079 sec, 5311795 itr]:      735.316
[1080 sec, 5316053 itr]:      735.316
[ optimality gap      ]:      100.00%
[1081 sec, 5320718 itr]:      735.316
[1082 sec, 5331392 itr]:      735.316
[1083 sec, 5331392 itr]:      735.316
[1084 sec, 5341816 itr]:      735.316
[1085 sec, 5341816 itr]:      735.316
[1086 sec, 5347096 itr]:      735.316
[1087 sec, 5356904 itr]:      735.316
[1088 sec, 5362444 itr]:      735.316
[1089 sec, 5362444 itr]:      735.316
[1090 sec, 5372035 itr]:      735.316
[ optimality gap      ]:      100.00%
[1091 sec, 5377150 itr]:      735.316
[1092 sec, 5382164 itr]:      735.316
[1093 sec, 5386647 itr]:      735.316
[1094 sec, 5386647 itr]:      735.316
[1095 sec, 5397626 itr]:      735.316
[1096 sec, 5397626 itr]:      735.316
[1097 sec, 5402169 itr]:      735.316
[1098 sec, 5411973 itr]:      735.316
[1099 sec, 5417130 itr]:      735.316
[1100 sec, 5422539 itr]:      735.316
[ optimality gap      ]:      100.00%
[1101 sec, 5428356 itr]:      735.316
[1102 sec, 5428356 itr]:      735.316
[1103 sec, 5432649 itr]:      735.316
[1104 sec, 5442864 itr]:      735.316
[1105 sec, 5447906 itr]:      735.316
[1106 sec, 5452133 itr]:      735.316
[1107 sec, 5457559 itr]:      735.316
[1108 sec, 5457559 itr]:      735.316
[1109 sec, 5467436 itr]:      735.316
[1110 sec, 5472157 itr]:      735.316
[ optimality gap      ]:      100.00%
[1111 sec, 5477486 itr]:      735.316
[1112 sec, 5481905 itr]:      735.316
[1113 sec, 5486829 itr]:      735.316
[1114 sec, 5492044 itr]:      735.316
[1115 sec, 5497325 itr]:      735.316
[1116 sec, 5497325 itr]:      735.316
[1117 sec, 5501222 itr]:      735.316
[1118 sec, 5511949 itr]:      735.316
[1119 sec, 5517145 itr]:      735.316
[1120 sec, 5517145 itr]:      735.316
[ optimality gap      ]:      100.00%
[1121 sec, 5522278 itr]:      735.316
[1122 sec, 5532488 itr]:      735.316
[1123 sec, 5537541 itr]:      735.316
[1124 sec, 5542841 itr]:      735.316
[1125 sec, 5548254 itr]:      735.316
[1126 sec, 5548254 itr]:      735.316
[1127 sec, 5557173 itr]:      735.316
[1128 sec, 5562058 itr]:      735.316
[1129 sec, 5562058 itr]:      735.316
[1130 sec, 5567453 itr]:      735.316
[ optimality gap      ]:      100.00%
[1131 sec, 5578619 itr]:      735.316
[1132 sec, 5583942 itr]:      735.316
[1133 sec, 5583942 itr]:      735.316
[1134 sec, 5590587 itr]:      735.316
[1135 sec, 5596631 itr]:       733.04
[1136 sec, 5602557 itr]:      733.038
[1137 sec, 5607897 itr]:      733.038
[1138 sec, 5613481 itr]:      733.038
[1139 sec, 5619147 itr]:      733.038
[1140 sec, 5619147 itr]:      733.038
[ optimality gap      ]:      100.00%
[1141 sec, 5624462 itr]:      733.038
[1142 sec, 5629623 itr]:      733.038
[1143 sec, 5635161 itr]:      733.038
[1144 sec, 5645559 itr]:      733.037
[1145 sec, 5651434 itr]:      733.037
[1146 sec, 5656399 itr]:      733.037
[1147 sec, 5661321 itr]:      733.037
[1148 sec, 5666670 itr]:      733.037
[1149 sec, 5666670 itr]:      733.037
[1150 sec, 5677677 itr]:      733.037
[ optimality gap      ]:      100.00%
[1151 sec, 5683128 itr]:      733.037
[1152 sec, 5688123 itr]:      733.037
[1153 sec, 5693748 itr]:      733.037
[1154 sec, 5697997 itr]:      733.037
[1155 sec, 5697997 itr]:      733.037
[1156 sec, 5708654 itr]:      733.037
[1157 sec, 5714329 itr]:      733.037
[1158 sec, 5720048 itr]:      733.037
[1159 sec, 5725219 itr]:      733.036
[1160 sec, 5730542 itr]:      733.036
[ optimality gap      ]:      100.00%
[1161 sec, 5730542 itr]:      733.036
[1162 sec, 5740764 itr]:      733.036
[1163 sec, 5745991 itr]:      733.036
[1164 sec, 5750397 itr]:      733.036
[1165 sec, 5755165 itr]:      733.036
[1166 sec, 5760688 itr]:      733.036
[1167 sec, 5765653 itr]:      733.036
[1168 sec, 5771039 itr]:      733.036
[1169 sec, 5776794 itr]:      733.036
[1170 sec, 5776794 itr]:      733.036
[ optimality gap      ]:      100.00%
[1171 sec, 5788073 itr]:      733.036
[1172 sec, 5788073 itr]:      733.036
[1173 sec, 5799320 itr]:      733.036
[1174 sec, 5804147 itr]:      733.036
[1175 sec, 5809601 itr]:      733.036
[1176 sec, 5815366 itr]:      733.036
[1177 sec, 5821022 itr]:      733.036
[1178 sec, 5826687 itr]:      733.036
[1179 sec, 5832390 itr]:      733.036
[1180 sec, 5837947 itr]:      733.036
[ optimality gap      ]:      100.00%
[1181 sec, 5843807 itr]:      733.036
[1182 sec, 5849712 itr]:      733.036
[1183 sec, 5849712 itr]:      733.036
[1184 sec, 5855501 itr]:      733.036
[1185 sec, 5866346 itr]:      733.036
[1186 sec, 5872146 itr]:      733.036
[1187 sec, 5872146 itr]:      733.036
[1188 sec, 5883201 itr]:      733.036
[1189 sec, 5889216 itr]:      733.036
[1190 sec, 5895205 itr]:      733.036
[ optimality gap      ]:      100.00%
[1191 sec, 5899616 itr]:      733.036
[1192 sec, 5905428 itr]:      733.036
[1193 sec, 5911715 itr]:      733.036
[1194 sec, 5917767 itr]:      733.036
[1195 sec, 5923290 itr]:      733.036
[1196 sec, 5929437 itr]:      733.036
[1197 sec, 5929437 itr]:      733.036
[1198 sec, 5941584 itr]:      733.036
[1199 sec, 5947373 itr]:      733.036
[1200 sec, 5953296 itr]:      733.036
[ optimality gap      ]:      100.00%
[1201 sec, 5958704 itr]:      733.036
[1202 sec, 5963707 itr]:      733.036
[1203 sec, 5969182 itr]:      733.036
[1204 sec, 5973957 itr]:      733.036
[1205 sec, 5973957 itr]:      733.036
[1206 sec, 5985482 itr]:      733.036
[1207 sec, 5985482 itr]:      733.036
[1208 sec, 5990914 itr]:      733.036
[1209 sec, 6002081 itr]:      733.036
[1210 sec, 6002081 itr]:      733.036
[ optimality gap      ]:      100.00%
[1211 sec, 6011549 itr]:      733.036
[1212 sec, 6017173 itr]:      733.036
[1213 sec, 6017173 itr]:      733.036
[1214 sec, 6026509 itr]:      733.036
[1215 sec, 6026509 itr]:      733.036
[1216 sec, 6031992 itr]:      733.036
[1217 sec, 6037374 itr]:      733.036
[1218 sec, 6049078 itr]:      733.036
[1219 sec, 6049078 itr]:      733.036
[1220 sec, 6054755 itr]:      733.036
[ optimality gap      ]:      100.00%
[1221 sec, 6065705 itr]:      733.036
[1222 sec, 6065705 itr]:      733.036
[1223 sec, 6071110 itr]:      733.036
[1224 sec, 6077148 itr]:      733.036
[1225 sec, 6081877 itr]:      733.036
[1226 sec, 6093031 itr]:      733.036
[1227 sec, 6098513 itr]:      733.036
[1228 sec, 6098513 itr]:      733.036
[1229 sec, 6104332 itr]:      733.036
[1230 sec, 6110332 itr]:      733.036
[ optimality gap      ]:      100.00%
[1231 sec, 6116140 itr]:      733.036
[1232 sec, 6121657 itr]:      733.036
[1233 sec, 6127166 itr]:      733.036
[1234 sec, 6138195 itr]:      733.036
[1235 sec, 6138195 itr]:      733.036
[1236 sec, 6150330 itr]:      733.036
[1237 sec, 6150330 itr]:      733.036
[1238 sec, 6156307 itr]:      733.036
[1239 sec, 6168177 itr]:      733.036
[1240 sec, 6173112 itr]:      733.036
[ optimality gap      ]:      100.00%
[1241 sec, 6173112 itr]:      733.036
[1242 sec, 6184201 itr]:      733.036
[1243 sec, 6184201 itr]:      733.036
[1244 sec, 6189705 itr]:      733.036
[1245 sec, 6200736 itr]:      733.036
[1246 sec, 6200736 itr]:      733.036
[1247 sec, 6206603 itr]:      733.036
[1248 sec, 6212505 itr]:      733.036
[1249 sec, 6223213 itr]:      733.036
[1250 sec, 6228785 itr]:      733.036
[ optimality gap      ]:      100.00%
[1251 sec, 6228785 itr]:      733.036
[1252 sec, 6234152 itr]:      733.036
[1253 sec, 6239569 itr]:      733.036
[1254 sec, 6244967 itr]:      733.036
[1255 sec, 6249349 itr]:      733.036
[1256 sec, 6254268 itr]:      733.036
[1257 sec, 6259708 itr]:      733.036
[1258 sec, 6269328 itr]:      733.036
[1259 sec, 6269328 itr]:      733.036
[1260 sec, 6274952 itr]:      733.036
[ optimality gap      ]:      100.00%
[1261 sec, 6286494 itr]:      733.036
[1262 sec, 6292877 itr]:      733.036
[1263 sec, 6298423 itr]:      733.036
[1264 sec, 6298423 itr]:      733.036
[1265 sec, 6304449 itr]:      733.036
[1266 sec, 6310522 itr]:      733.036
[1267 sec, 6316602 itr]:      733.036
[1268 sec, 6322299 itr]:      733.036
[1269 sec, 6327653 itr]:      733.036
[1270 sec, 6332721 itr]:      733.036
[ optimality gap      ]:      100.00%
[1271 sec, 6338097 itr]:      733.036
[1272 sec, 6342424 itr]:      733.036
[1273 sec, 6348084 itr]:      733.036
[1274 sec, 6353570 itr]:      733.036
[1275 sec, 6358776 itr]:      733.036
[1276 sec, 6370116 itr]:      733.036
[1277 sec, 6370116 itr]:      733.036
[1278 sec, 6381716 itr]:      733.036
[1279 sec, 6381716 itr]:      733.036
[1280 sec, 6393479 itr]:      733.036
[ optimality gap      ]:      100.00%
[1281 sec, 6393479 itr]:      733.036
[1282 sec, 6399424 itr]:      733.036
[1283 sec, 6405446 itr]:      733.036
[1284 sec, 6416484 itr]:      733.036
[1285 sec, 6416484 itr]:      733.036
[1286 sec, 6427876 itr]:      733.036
[1287 sec, 6433270 itr]:      733.036
[1288 sec, 6433270 itr]:      733.036
[1289 sec, 6438888 itr]:      733.036
[1290 sec, 6449419 itr]:      733.036
[ optimality gap      ]:      100.00%
[1291 sec, 6454439 itr]:      733.036
[1292 sec, 6454439 itr]:      733.036
[1293 sec, 6465954 itr]:      733.036
[1294 sec, 6471944 itr]:      733.036
[1295 sec, 6471944 itr]:      733.036
[1296 sec, 6482238 itr]:      733.036
[1297 sec, 6482238 itr]:      733.036
[1298 sec, 6487725 itr]:      733.036
[1299 sec, 6498806 itr]:      733.036
[1300 sec, 6504273 itr]:      733.036
[ optimality gap      ]:      100.00%
[1301 sec, 6508856 itr]:      733.036
[1302 sec, 6508856 itr]:      733.036
[1303 sec, 6514459 itr]:      733.036
[1304 sec, 6524871 itr]:      733.036
[1305 sec, 6529968 itr]:      733.036
[1306 sec, 6535284 itr]:      733.036
[1307 sec, 6540818 itr]:      733.036
[1308 sec, 6540818 itr]:      733.036
[1309 sec, 6550886 itr]:      733.036
[1310 sec, 6556561 itr]:      733.036
[ optimality gap      ]:      100.00%
[1311 sec, 6561752 itr]:      733.036
[1312 sec, 6567639 itr]:      733.036
[1313 sec, 6567639 itr]:      733.036
[1314 sec, 6578933 itr]:      733.036
[1315 sec, 6584356 itr]:      733.036
[1316 sec, 6584356 itr]:      733.036
[1317 sec, 6589799 itr]:      733.036
[1318 sec, 6599328 itr]:      733.035
[1319 sec, 6599328 itr]:      733.035
[1320 sec, 6608949 itr]:      733.035
[ optimality gap      ]:      100.00%
[1321 sec, 6613398 itr]:      733.035
[1322 sec, 6613398 itr]:      733.035
[1323 sec, 6618397 itr]:      733.035
[1324 sec, 6628725 itr]:      733.035
[1325 sec, 6633721 itr]:      733.035
[1326 sec, 6633721 itr]:      733.035
[1327 sec, 6639073 itr]:      733.035
[1328 sec, 6644243 itr]:      733.035
[1329 sec, 6654620 itr]:      733.035
[1330 sec, 6654620 itr]:      733.035
[ optimality gap      ]:      100.00%
[1331 sec, 6664235 itr]:      733.035
[1332 sec, 6664235 itr]:      733.035
[1333 sec, 6673599 itr]:      733.035
[1334 sec, 6678994 itr]:      733.035
[1335 sec, 6683788 itr]:      733.035
[1336 sec, 6688447 itr]:      733.035
[1337 sec, 6688447 itr]:      733.035
[1338 sec, 6698410 itr]:      733.035
[1339 sec, 6704231 itr]:      733.035
[1340 sec, 6709553 itr]:      733.035
[ optimality gap      ]:      100.00%
[1341 sec, 6714855 itr]:      733.035
[1342 sec, 6714855 itr]:      733.035
[1343 sec, 6720323 itr]:      733.035
[1344 sec, 6730848 itr]:      733.035
[1345 sec, 6730848 itr]:      733.035
[1346 sec, 6741158 itr]:      733.035
[1347 sec, 6741158 itr]:      733.035
[1348 sec, 6746197 itr]:       715.78
[1349 sec, 6752928 itr]:       715.05
[1350 sec, 6756484 itr]:       714.96
[ optimality gap      ]:      100.00%
[1351 sec, 6759820 itr]:      714.119
[1352 sec, 6759820 itr]:       713.39
[1353 sec, 6763787 itr]:       713.39
[1354 sec, 6771192 itr]:       713.39
[1355 sec, 6771192 itr]:       713.39
[1356 sec, 6774581 itr]:      713.389
[1357 sec, 6780246 itr]:      713.389
[1358 sec, 6780246 itr]:      713.389
[1359 sec, 6783535 itr]:      713.389
[1360 sec, 6790318 itr]:      713.389
[ optimality gap      ]:      100.00%
[1361 sec, 6794219 itr]:      713.389
[1362 sec, 6798463 itr]:      713.389
[1363 sec, 6798463 itr]:      713.389
[1364 sec, 6802751 itr]:      713.389
[1365 sec, 6806721 itr]:      713.389
[1366 sec, 6810953 itr]:      713.389
[1367 sec, 6814836 itr]:      713.389
[1368 sec, 6822234 itr]:      713.389
[1369 sec, 6822234 itr]:      713.389
[1370 sec, 6826270 itr]:      713.389
[ optimality gap      ]:      100.00%
[1371 sec, 6832911 itr]:      713.389
[1372 sec, 6832911 itr]:      713.389
[1373 sec, 6840637 itr]:      713.389
[1374 sec, 6844613 itr]:      713.389
[1375 sec, 6844613 itr]:      713.389
[1376 sec, 6851990 itr]:      713.389
[1377 sec, 6851990 itr]:      713.389
[1378 sec, 6855832 itr]:      713.389
[1379 sec, 6859766 itr]:      713.389
[1380 sec, 6867996 itr]:      713.389
[ optimality gap      ]:      100.00%
[1381 sec, 6871800 itr]:      713.389
[1382 sec, 6871800 itr]:      713.389
[1383 sec, 6876108 itr]:      713.389
[1384 sec, 6880463 itr]:      713.389
[1385 sec, 6888885 itr]:      713.389
[1386 sec, 6888885 itr]:      713.389
[1387 sec, 6893189 itr]:      713.388
[1388 sec, 6897487 itr]:      713.388
[1389 sec, 6901272 itr]:      713.388
[1390 sec, 6909633 itr]:      713.388
[ optimality gap      ]:      100.00%
[1391 sec, 6909633 itr]:      713.388
[1392 sec, 6914131 itr]:      713.388
[1393 sec, 6922374 itr]:      713.388
[1394 sec, 6922374 itr]:      713.388
[1395 sec, 6926092 itr]:      713.388
[1396 sec, 6934624 itr]:      713.388
[1397 sec, 6938981 itr]:      713.388
[1398 sec, 6943081 itr]:      713.388
[1399 sec, 6943081 itr]:      713.388
[1400 sec, 6951393 itr]:      713.388
[ optimality gap      ]:      100.00%
[1401 sec, 6951393 itr]:      713.388
[1402 sec, 6955646 itr]:      713.388
[1403 sec, 6959451 itr]:      713.388
[1404 sec, 6963251 itr]:      713.388
[1405 sec, 6966867 itr]:      713.388
[1406 sec, 6971488 itr]:      713.388
[1407 sec, 6976184 itr]:      713.388
[1408 sec, 6980574 itr]:      713.388
[1409 sec, 6983826 itr]:      713.387
[1410 sec, 6988211 itr]:      713.387
[ optimality gap      ]:      100.00%
[1411 sec, 6997216 itr]:      713.387
[1412 sec, 6997216 itr]:      713.387
[1413 sec, 7004306 itr]:      713.387
[1414 sec, 7004306 itr]:      713.387
[1415 sec, 7012169 itr]:      713.387
[1416 sec, 7012169 itr]:      713.387
[1417 sec, 7017036 itr]:      713.387
[1418 sec, 7023786 itr]:      713.387
[1419 sec, 7023786 itr]:      713.387
[1420 sec, 7032763 itr]:      713.387
[ optimality gap      ]:      100.00%
[1421 sec, 7036785 itr]:      713.387
[1422 sec, 7039951 itr]:      713.387
[1423 sec, 7044349 itr]:      713.387
[1424 sec, 7049055 itr]:      713.387
[1425 sec, 7049055 itr]:      713.387
[1426 sec, 7051910 itr]:      713.387
[1427 sec, 7059653 itr]:      713.387
[1428 sec, 7059653 itr]:      713.387
[1429 sec, 7064168 itr]:      713.387
[1430 sec, 7073332 itr]:      713.387
[ optimality gap      ]:      100.00%
[1431 sec, 7073332 itr]:      713.387
[1432 sec, 7080793 itr]:      713.387
[1433 sec, 7085121 itr]:      713.387
[1434 sec, 7088825 itr]:      713.387
[1435 sec, 7093807 itr]:      713.387
[1436 sec, 7098022 itr]:      713.387
[1437 sec, 7102405 itr]:      713.387
[1438 sec, 7102405 itr]:      713.387
[1439 sec, 7110673 itr]:      713.387
[1440 sec, 7110673 itr]:      713.387
[ optimality gap      ]:      100.00%
[1441 sec, 7115153 itr]:      713.387
[1442 sec, 7118502 itr]:      713.387
[1443 sec, 7122757 itr]:      713.387
[1444 sec, 7129976 itr]:      713.387
[1445 sec, 7129976 itr]:      713.387
[1446 sec, 7137348 itr]:      713.387
[1447 sec, 7137348 itr]:      713.387
[1448 sec, 7140751 itr]:      713.387
[1449 sec, 7147327 itr]:      713.387
[1450 sec, 7151379 itr]:      713.387
[ optimality gap      ]:      100.00%
[1451 sec, 7151379 itr]:      713.387
[1452 sec, 7155529 itr]:      713.387
[1453 sec, 7159078 itr]:      713.387
[1454 sec, 7165476 itr]:      713.387
[1455 sec, 7165476 itr]:      713.387
[1456 sec, 7172960 itr]:      713.387
[1457 sec, 7177159 itr]:      713.387
[1458 sec, 7177159 itr]:      713.387
[1459 sec, 7181066 itr]:      713.387
[1460 sec, 7188909 itr]:      713.387
[ optimality gap      ]:      100.00%
[1461 sec, 7188909 itr]:      713.387
[1462 sec, 7192624 itr]:      713.387
[1463 sec, 7197151 itr]:      713.387
[1464 sec, 7201967 itr]:      713.387
[1465 sec, 7210666 itr]:      713.387
[1466 sec, 7210666 itr]:      713.387
[1467 sec, 7219648 itr]:      713.387
[1468 sec, 7224661 itr]:      713.387
[1469 sec, 7224661 itr]:      713.387
[1470 sec, 7228287 itr]:      713.387
[ optimality gap      ]:      100.00%
[1471 sec, 7232996 itr]:      713.387
[1472 sec, 7236857 itr]:      713.387
[1473 sec, 7244214 itr]:      713.387
[1474 sec, 7244214 itr]:      713.387
[1475 sec, 7248465 itr]:      713.387
[1476 sec, 7251856 itr]:      713.387
[1477 sec, 7255647 itr]:      713.387
[1478 sec, 7259088 itr]:      713.387
[1479 sec, 7266264 itr]:      713.387
[1480 sec, 7270208 itr]:      713.387
[ optimality gap      ]:      100.00%
[1481 sec, 7270208 itr]:      713.387
[1482 sec, 7276580 itr]:      713.387
[1483 sec, 7280334 itr]:      713.387
[1484 sec, 7280334 itr]:      713.387
[1485 sec, 7287787 itr]:      713.387
[1486 sec, 7287787 itr]:      713.387
[1487 sec, 7294990 itr]:      710.959
[1488 sec, 7294990 itr]:      710.959
[1489 sec, 7301893 itr]:      710.959
[1490 sec, 7301893 itr]:      710.959
[ optimality gap      ]:      100.00%
[1491 sec, 7305751 itr]:      710.959
[1492 sec, 7311968 itr]:      710.958
[1493 sec, 7311968 itr]:      710.958
[1494 sec, 7319718 itr]:      710.958
[1495 sec, 7319718 itr]:      710.958
[1496 sec, 7323560 itr]:      710.958
[1497 sec, 7327575 itr]:      710.958
[1498 sec, 7334582 itr]:      710.958
[1499 sec, 7337986 itr]:      710.958
[1500 sec, 7337986 itr]:      710.958
[ optimality gap      ]:      100.00%
[1501 sec, 7341672 itr]:      709.859
[1502 sec, 7345656 itr]:      709.859
[1503 sec, 7349052 itr]:      709.859
[1504 sec, 7355576 itr]:      709.859
[1505 sec, 7359306 itr]:      709.859
[1506 sec, 7363130 itr]:      709.859
[1507 sec, 7366924 itr]:      709.859
[1508 sec, 7366924 itr]:      709.859
[1509 sec, 7370226 itr]:      709.859
[1510 sec, 7377184 itr]:      709.859
[ optimality gap      ]:      100.00%
[1511 sec, 7380379 itr]:      709.859
[1512 sec, 7383625 itr]:      709.859
[1513 sec, 7383625 itr]:      709.859
[1514 sec, 7387646 itr]:      709.859
[1515 sec, 7394916 itr]:      709.859
[1516 sec, 7394916 itr]:      709.859
[1517 sec, 7400952 itr]:      709.859
[1518 sec, 7400952 itr]:      709.859
[1519 sec, 7408669 itr]:      709.859
[1520 sec, 7408669 itr]:      709.859
[ optimality gap      ]:      100.00%
[1521 sec, 7415865 itr]:      709.859
[1522 sec, 7419315 itr]:      709.859
[1523 sec, 7422831 itr]:      709.859
[1524 sec, 7422831 itr]:      709.859
[1525 sec, 7430529 itr]:      709.859
[1526 sec, 7430529 itr]:      709.859
[1527 sec, 7434475 itr]:      709.859
[1528 sec, 7438200 itr]:      709.859
[1529 sec, 7442069 itr]:      709.859
[1530 sec, 7445840 itr]:      709.859
[ optimality gap      ]:      100.00%
[1531 sec, 7452287 itr]:      709.859
[1532 sec, 7452287 itr]:      709.859
[1533 sec, 7456251 itr]:      709.859
[1534 sec, 7463421 itr]:      709.859
[1535 sec, 7467592 itr]:      709.859
[1536 sec, 7467592 itr]:      709.859
[1537 sec, 7471054 itr]:      709.859
[1538 sec, 7479195 itr]:      709.859
[1539 sec, 7483675 itr]:      709.859
[1540 sec, 7487849 itr]:      709.859
[ optimality gap      ]:      100.00%
[1541 sec, 7487849 itr]:      709.859
[1542 sec, 7492108 itr]:      709.859
[1543 sec, 7496560 itr]:      709.859
[1544 sec, 7500425 itr]:      709.859
[1545 sec, 7504454 itr]:      709.859
[1546 sec, 7507750 itr]:      709.859
[1547 sec, 7510708 itr]:      709.859
[1548 sec, 7517951 itr]:      709.859
[1549 sec, 7517951 itr]:      709.859
[1550 sec, 7522052 itr]:      709.859
[ optimality gap      ]:      100.00%
[1551 sec, 7525392 itr]:      709.859
[1552 sec, 7529626 itr]:      709.859
[1553 sec, 7533384 itr]:      709.859
[1554 sec, 7541539 itr]:      709.859
[1555 sec, 7541539 itr]:      709.859
[1556 sec, 7545687 itr]:      709.859
[1557 sec, 7549556 itr]:      709.859
[1558 sec, 7552751 itr]:      709.859
[1559 sec, 7556909 itr]:      709.859
[1560 sec, 7565228 itr]:      709.859
[ optimality gap      ]:      100.00%
[1561 sec, 7565228 itr]:      709.859
[1562 sec, 7573500 itr]:      709.859
[1563 sec, 7577233 itr]:      709.859
[1564 sec, 7580733 itr]:      709.859
[1565 sec, 7580733 itr]:      709.859
[1566 sec, 7585317 itr]:      709.859
[1567 sec, 7589137 itr]:      709.858
[1568 sec, 7593031 itr]:      709.858
[1569 sec, 7600833 itr]:      709.858
[1570 sec, 7604958 itr]:      709.858
[ optimality gap      ]:      100.00%
[1571 sec, 7604958 itr]:      709.858
[1572 sec, 7608550 itr]:      709.858
[1573 sec, 7612084 itr]:      709.858
[1574 sec, 7620524 itr]:      709.858
[1575 sec, 7624325 itr]:      709.858
[1576 sec, 7627768 itr]:      709.858
[1577 sec, 7627768 itr]:      709.858
[1578 sec, 7632215 itr]:      709.858
[1579 sec, 7640669 itr]:      709.858
[1580 sec, 7640669 itr]:      709.858
[ optimality gap      ]:      100.00%
[1581 sec, 7644586 itr]:      709.858
[1582 sec, 7648549 itr]:      709.858
[1583 sec, 7655557 itr]:      709.858
[1584 sec, 7659168 itr]:      709.858
[1585 sec, 7663093 itr]:      709.858
[1586 sec, 7667340 itr]:      709.858
[1587 sec, 7670939 itr]:      709.857
[1588 sec, 7670939 itr]:      709.857
[1589 sec, 7678096 itr]:      709.857
[1590 sec, 7678096 itr]:      709.857
[ optimality gap      ]:      100.00%
[1591 sec, 7681240 itr]:      709.857
[1592 sec, 7688853 itr]:      709.857
[1593 sec, 7688853 itr]:      709.857
[1594 sec, 7692345 itr]:      709.857
[1595 sec, 7695995 itr]:      709.857
[1596 sec, 7702707 itr]:      709.857
[1597 sec, 7702707 itr]:      709.857
[1598 sec, 7707036 itr]:      709.857
[1599 sec, 7714463 itr]:      709.856
[1600 sec, 7714463 itr]:      709.856
[ optimality gap      ]:      100.00%
[1601 sec, 7717442 itr]:      709.856
[1602 sec, 7721488 itr]:      709.856
[1603 sec, 7728139 itr]:      709.856
[1604 sec, 7732166 itr]:      709.856
[1605 sec, 7736241 itr]:      709.856
[1606 sec, 7736241 itr]:      709.856
[1607 sec, 7740378 itr]:      709.856
[1608 sec, 7745437 itr]:      709.856
[1609 sec, 7749831 itr]:      709.856
[1610 sec, 7753389 itr]:      709.856
[ optimality gap      ]:      100.00%
[1611 sec, 7757374 itr]:      709.856
[1612 sec, 7760997 itr]:      709.856
[1613 sec, 7760997 itr]:      709.856
[1614 sec, 7763918 itr]:      709.856
[1615 sec, 7767908 itr]:      709.856
[1616 sec, 7775670 itr]:      709.856
[1617 sec, 7779065 itr]:      709.856
[1618 sec, 7779065 itr]:      709.856
[1619 sec, 7787686 itr]:      709.856
[1620 sec, 7790908 itr]:      709.856
[ optimality gap      ]:      100.00%
[1621 sec, 7794403 itr]:      709.856
[1622 sec, 7798128 itr]:      709.856
[1623 sec, 7801811 itr]:      709.856
[1624 sec, 7801811 itr]:      709.856
[1625 sec, 7806089 itr]:      709.856
[1626 sec, 7809442 itr]:      709.856
[1627 sec, 7813432 itr]:      709.856
[1628 sec, 7816380 itr]:      709.856
[1629 sec, 7820090 itr]:      709.856
[1630 sec, 7828620 itr]:      709.856
[ optimality gap      ]:      100.00%
[1631 sec, 7828620 itr]:      709.856
[1632 sec, 7836109 itr]:      709.856
[1633 sec, 7836109 itr]:      709.856
[1634 sec, 7840332 itr]:      709.856
[1635 sec, 7847516 itr]:      709.856
[1636 sec, 7847516 itr]:      709.856
[1637 sec, 7850594 itr]:      709.856
[1638 sec, 7857649 itr]:      709.856
[1639 sec, 7861744 itr]:      709.856
[1640 sec, 7866077 itr]:      709.856
[ optimality gap      ]:      100.00%
[1641 sec, 7866077 itr]:      709.856
[1642 sec, 7870048 itr]:      709.856
[1643 sec, 7874076 itr]:      709.856
[1644 sec, 7878514 itr]:      709.856
[1645 sec, 7882077 itr]:      709.856
[1646 sec, 7889708 itr]:      709.856
[1647 sec, 7893937 itr]:      709.856
[1648 sec, 7897672 itr]:      709.856
[1649 sec, 7897672 itr]:      709.856
[1650 sec, 7901082 itr]:      709.856
[ optimality gap      ]:      100.00%
[1651 sec, 7904379 itr]:      709.856
[1652 sec, 7907847 itr]:      709.856
[1653 sec, 7911848 itr]:      709.856
[1654 sec, 7916013 itr]:      709.856
[1655 sec, 7919842 itr]:      709.856
[1656 sec, 7927331 itr]:      709.856
[1657 sec, 7927331 itr]:      709.856
[1658 sec, 7931340 itr]:      709.856
[1659 sec, 7939804 itr]:      709.856
[1660 sec, 7944186 itr]:      709.856
[ optimality gap      ]:      100.00%
[1661 sec, 7944186 itr]:      709.856
[1662 sec, 7948315 itr]:      709.856
[1663 sec, 7951542 itr]:      709.856
[1664 sec, 7959466 itr]:      709.856
[1665 sec, 7963653 itr]:      709.856
[1666 sec, 7967812 itr]:      709.856
[1667 sec, 7971715 itr]:      709.856
[1668 sec, 7971715 itr]:      709.856
[1669 sec, 7976048 itr]:      709.856
[1670 sec, 7980213 itr]:      709.856
[ optimality gap      ]:      100.00%
[1671 sec, 7987772 itr]:      709.856
[1672 sec, 7987772 itr]:      709.856
[1673 sec, 7996210 itr]:      709.856
[1674 sec, 7996210 itr]:      709.856
[1675 sec, 8004132 itr]:      709.856
[1676 sec, 8004132 itr]:      709.856
[1677 sec, 8008000 itr]:      709.856
[1678 sec, 8011248 itr]:      709.856
[1679 sec, 8014299 itr]:      709.856
[1680 sec, 8021401 itr]:      709.856
[ optimality gap      ]:      100.00%
[1681 sec, 8021401 itr]:      709.856
[1682 sec, 8028960 itr]:      709.856
[1683 sec, 8028960 itr]:      709.856
[1684 sec, 8032536 itr]:      709.856
[1685 sec, 8036513 itr]:      709.856
[1686 sec, 8043396 itr]:      709.856
[1687 sec, 8043396 itr]:      709.856
[1688 sec, 8051087 itr]:      709.856
[1689 sec, 8051087 itr]:      709.856
[1690 sec, 8055407 itr]:      709.856
[ optimality gap      ]:      100.00%
[1691 sec, 8059697 itr]:      709.856
[1692 sec, 8062924 itr]:      709.856
[1693 sec, 8065947 itr]:      709.856
[1694 sec, 8069174 itr]:      709.856
[1695 sec, 8076934 itr]:      709.856
[1696 sec, 8076934 itr]:      709.856
[1697 sec, 8080980 itr]:      709.856
[1698 sec, 8088714 itr]:      709.856
[1699 sec, 8092840 itr]:      709.856
[1700 sec, 8096591 itr]:      709.856
[ optimality gap      ]:      100.00%
[1701 sec, 8100692 itr]:      709.856
[1702 sec, 8100692 itr]:      709.856
[1703 sec, 8104558 itr]:      709.856
[1704 sec, 8112121 itr]:      709.856
[1705 sec, 8114871 itr]:      709.856
[1706 sec, 8114871 itr]:      709.856
[1707 sec, 8123205 itr]:      709.856
[1708 sec, 8123205 itr]:      709.856
[1709 sec, 8127673 itr]:      709.856
[1710 sec, 8135354 itr]:      709.856
[ optimality gap      ]:      100.00%
[1711 sec, 8135354 itr]:      709.856
[1712 sec, 8139629 itr]:      709.856
[1713 sec, 8143423 itr]:      709.856
[1714 sec, 8146666 itr]:      709.856
[1715 sec, 8149800 itr]:      709.856
[1716 sec, 8152853 itr]:      709.856
[1717 sec, 8156590 itr]:      709.856
[1718 sec, 8163522 itr]:      709.856
[1719 sec, 8163522 itr]:      709.856
[1720 sec, 8171816 itr]:      709.856
[ optimality gap      ]:      100.00%
[1721 sec, 8171816 itr]:      709.856
[1722 sec, 8175963 itr]:      709.856
[1723 sec, 8179945 itr]:      709.856
[1724 sec, 8188078 itr]:      709.856
[1725 sec, 8192156 itr]:      709.856
[1726 sec, 8196099 itr]:      709.856
[1727 sec, 8200383 itr]:      709.856
[1728 sec, 8200383 itr]:      709.856
[1729 sec, 8204687 itr]:      709.856
[1730 sec, 8211791 itr]:      709.856
[ optimality gap      ]:      100.00%
[1731 sec, 8215873 itr]:      709.856
[1732 sec, 8219603 itr]:      709.856
[1733 sec, 8223166 itr]:      709.856
[1734 sec, 8227146 itr]:      709.856
[1735 sec, 8231128 itr]:      709.856
[1736 sec, 8231128 itr]:      709.856
[1737 sec, 8239816 itr]:      709.856
[1738 sec, 8239816 itr]:      709.856
[1739 sec, 8243667 itr]:      709.856
[1740 sec, 8246635 itr]:      709.856
[ optimality gap      ]:      100.00%
[1741 sec, 8249726 itr]:      709.856
[1742 sec, 8257442 itr]:      709.856
[1743 sec, 8260595 itr]:      709.856
[1744 sec, 8260595 itr]:      709.856
[1745 sec, 8264834 itr]:      709.856
[1746 sec, 8271810 itr]:      709.856
[1747 sec, 8271810 itr]:      709.856
[1748 sec, 8280274 itr]:      709.856
[1749 sec, 8283776 itr]:      709.856
[1750 sec, 8283776 itr]:      709.856
[ optimality gap      ]:      100.00%
[1751 sec, 8290570 itr]:      709.856
[1752 sec, 8290570 itr]:      709.856
[1753 sec, 8294203 itr]:      709.856
[1754 sec, 8297417 itr]:      709.856
[1755 sec, 8301431 itr]:      709.856
[1756 sec, 8304131 itr]:      709.856
[1757 sec, 8308220 itr]:      709.856
[1758 sec, 8312095 itr]:      709.856
[1759 sec, 8316386 itr]:      709.856
[1760 sec, 8324509 itr]:      709.856
[ optimality gap      ]:      100.00%
[1761 sec, 8328940 itr]:      709.856
[1762 sec, 8328940 itr]:      709.856
[1763 sec, 8332900 itr]:      709.856
[1764 sec, 8340835 itr]:      709.856
[1765 sec, 8340835 itr]:      709.856
[1766 sec, 8348761 itr]:      709.856
[1767 sec, 8348761 itr]:      709.856
[1768 sec, 8352332 itr]:      709.856
[1769 sec, 8352470 itr]:      709.856
[1770 sec, 8355601 itr]:      709.856
[ optimality gap      ]:      100.00%
[1771 sec, 8362149 itr]:      709.856
[1772 sec, 8366419 itr]:      709.856
[1773 sec, 8366419 itr]:      709.856
[1774 sec, 8370551 itr]:      709.856
[1775 sec, 8378136 itr]:      709.856
[1776 sec, 8378136 itr]:      709.856
[1777 sec, 8385075 itr]:      709.856
[1778 sec, 8385075 itr]:      709.856
[1779 sec, 8393480 itr]:      709.856
[1780 sec, 8393480 itr]:      709.856
[ optimality gap      ]:      100.00%
[1781 sec, 8402146 itr]:      709.856
[1782 sec, 8402146 itr]:      709.856
[1783 sec, 8406129 itr]:      709.856
[1784 sec, 8410499 itr]:      709.856
[1785 sec, 8414252 itr]:      709.856
[1786 sec, 8418816 itr]:      709.856
[1787 sec, 8422959 itr]:      709.856
[1788 sec, 8430888 itr]:      709.856
[1789 sec, 8434906 itr]:      709.856
[1790 sec, 8438995 itr]:      709.856
[ optimality gap      ]:      100.00%
[1791 sec, 8441927 itr]:      709.856
[1792 sec, 8445493 itr]:      709.856
[1793 sec, 8445493 itr]:      709.856
[1794 sec, 8453764 itr]:      709.856
[1795 sec, 8457867 itr]:      709.856
[1796 sec, 8461739 itr]:      709.856
[1797 sec, 8464932 itr]:      709.856
[1798 sec, 8464932 itr]:      709.856
[1799 sec, 8472016 itr]:      709.856
[1800 sec, 8472016 itr]:      709.856
[ optimality gap      ]:      100.00%
[1801 sec, 8474906 itr]:      709.856
[1802 sec, 8478609 itr]:      709.856
[1803 sec, 8486421 itr]:      709.856
[1804 sec, 8490169 itr]:      709.856
[1805 sec, 8494000 itr]:      709.856
[1806 sec, 8494000 itr]:      709.856
[1807 sec, 8501525 itr]:      709.856
[1808 sec, 8501525 itr]:      709.856
[1809 sec, 8505433 itr]:      709.856
[1810 sec, 8509149 itr]:      709.856
[ optimality gap      ]:      100.00%
[1811 sec, 8513106 itr]:      709.856
[1812 sec, 8521117 itr]:      709.856
[1813 sec, 8524310 itr]:      709.856
[1814 sec, 8524310 itr]:      709.856
[1815 sec, 8528456 itr]:      709.856
[1816 sec, 8535814 itr]:      709.856
[1817 sec, 8535814 itr]:      709.856
[1818 sec, 8543132 itr]:      709.856
[1819 sec, 8543132 itr]:      709.856
[1820 sec, 8546939 itr]:      709.856
[ optimality gap      ]:      100.00%
[1821 sec, 8553914 itr]:      709.856
[1822 sec, 8557743 itr]:      709.856
[1823 sec, 8557743 itr]:      709.856
[1824 sec, 8561750 itr]:      709.856
[1825 sec, 8565612 itr]:      709.856
[1826 sec, 8569486 itr]:      709.856
[1827 sec, 8573869 itr]:      709.856
[1828 sec, 8582379 itr]:      709.856
[1829 sec, 8582379 itr]:      709.856
[1830 sec, 8590306 itr]:      709.856
[ optimality gap      ]:      100.00%
[1831 sec, 8590306 itr]:      709.856
[1832 sec, 8594077 itr]:      709.856
[1833 sec, 8601391 itr]:      709.856
[1834 sec, 8601391 itr]:      709.856
[1835 sec, 8608496 itr]:      709.856
[1836 sec, 8608496 itr]:      709.856
[1837 sec, 8616131 itr]:      709.856
[1838 sec, 8616131 itr]:      709.856
[1839 sec, 8619472 itr]:      709.856
[1840 sec, 8626616 itr]:      709.856
[ optimality gap      ]:      100.00%
[1841 sec, 8630499 itr]:      709.856
[1842 sec, 8630499 itr]:      709.856
[1843 sec, 8634566 itr]:      709.856
[1844 sec, 8638325 itr]:      709.856
[1845 sec, 8645434 itr]:      709.856
[1846 sec, 8645434 itr]:      709.856
[1847 sec, 8652582 itr]:      709.856
[1848 sec, 8656565 itr]:      709.856
[1849 sec, 8660388 itr]:      709.856
[1850 sec, 8664284 itr]:      709.856
[ optimality gap      ]:      100.00%
[1851 sec, 8664284 itr]:      709.856
[1852 sec, 8671769 itr]:      709.856
[1853 sec, 8671769 itr]:      709.856
[1854 sec, 8679227 itr]:      709.856
[1855 sec, 8679227 itr]:      709.856
[1856 sec, 8687124 itr]:      709.856
[1857 sec, 8687124 itr]:      709.856
[1858 sec, 8691289 itr]:      709.856
[1859 sec, 8694474 itr]:      709.856
[1860 sec, 8698490 itr]:      709.856
[ optimality gap      ]:      100.00%
[1861 sec, 8702317 itr]:      709.856
[1862 sec, 8705709 itr]:      709.856
[1863 sec, 8714160 itr]:      709.856
[1864 sec, 8717990 itr]:      709.856
[1865 sec, 8717990 itr]:      709.856
[1866 sec, 8722018 itr]:      709.856
[1867 sec, 8725840 itr]:      709.856
[1868 sec, 8729274 itr]:      709.856
[1869 sec, 8737004 itr]:      709.856
[1870 sec, 8740784 itr]:      709.856
[ optimality gap      ]:      100.00%
[1871 sec, 8744462 itr]:      709.856
[1872 sec, 8744462 itr]:      709.856
[1873 sec, 8748390 itr]:      709.856
[1874 sec, 8754483 itr]:      709.856
[1875 sec, 8754483 itr]:      709.856
[1876 sec, 8758434 itr]:      709.856
[1877 sec, 8765248 itr]:      709.856
[1878 sec, 8768835 itr]:      709.856
[1879 sec, 8772576 itr]:      709.856
[1880 sec, 8772576 itr]:      709.856
[ optimality gap      ]:      100.00%
[1881 sec, 8780702 itr]:      709.856
[1882 sec, 8780702 itr]:      709.856
[1883 sec, 8784429 itr]:      709.856
[1884 sec, 8787339 itr]:      709.856
[1885 sec, 8791412 itr]:      709.856
[1886 sec, 8798714 itr]:      709.856
[1887 sec, 8798714 itr]:      709.856
[1888 sec, 8805856 itr]:      709.856
[1889 sec, 8805856 itr]:      709.856
[1890 sec, 8809817 itr]:      709.856
[ optimality gap      ]:      100.00%
[1891 sec, 8818387 itr]:      709.856
[1892 sec, 8818387 itr]:      709.856
[1893 sec, 8824187 itr]:      709.856
[1894 sec, 8828310 itr]:      709.856
[1895 sec, 8828310 itr]:      709.856
[1896 sec, 8836579 itr]:      709.856
[1897 sec, 8839856 itr]:      709.856
[1898 sec, 8839856 itr]:      709.856
[1899 sec, 8847669 itr]:      709.856
[1900 sec, 8851474 itr]:      709.856
[ optimality gap      ]:      100.00%
[1901 sec, 8855097 itr]:      709.856
[1902 sec, 8858477 itr]:      709.856
[1903 sec, 8858477 itr]:      709.856
[1904 sec, 8862402 itr]:      709.856
[1905 sec, 8869547 itr]:      709.856
[1906 sec, 8869547 itr]:      709.856
[1907 sec, 8873412 itr]:      709.856
[1908 sec, 8882458 itr]:      709.856
[1909 sec, 8882458 itr]:      709.856
[1910 sec, 8890676 itr]:      709.856
[ optimality gap      ]:      100.00%
[1911 sec, 8890676 itr]:      709.856
[1912 sec, 8894601 itr]:      709.856
[1913 sec, 8901507 itr]:      709.856
[1914 sec, 8901507 itr]:      709.856
[1915 sec, 8910347 itr]:      709.856
[1916 sec, 8915019 itr]:      709.856
[1917 sec, 8915019 itr]:      709.856
[1918 sec, 8923150 itr]:      709.856
[1919 sec, 8927395 itr]:      709.856
[1920 sec, 8931589 itr]:      709.856
[ optimality gap      ]:      100.00%
[1921 sec, 8931589 itr]:      709.856
[1922 sec, 8935716 itr]:      709.856
[1923 sec, 8939615 itr]:      709.856
[1924 sec, 8948436 itr]:      709.856
[1925 sec, 8948436 itr]:      709.856
[1926 sec, 8952830 itr]:      709.856
[1927 sec, 8961220 itr]:      709.856
[1928 sec, 8966355 itr]:      709.856
[1929 sec, 8970683 itr]:      709.856
[1930 sec, 8974460 itr]:      709.856
[ optimality gap      ]:      100.00%
[1931 sec, 8974460 itr]:      709.856
[1932 sec, 8982102 itr]:      709.856
[1933 sec, 8986136 itr]:      709.856
[1934 sec, 8990102 itr]:      709.856
[1935 sec, 8993838 itr]:      709.856
[1936 sec, 8997793 itr]:      709.856
[1937 sec, 9001547 itr]:      709.856
[1938 sec, 9005032 itr]:      709.856
[1939 sec, 9005032 itr]:      709.856
[1940 sec, 9008825 itr]:      709.856
[ optimality gap      ]:      100.00%
[1941 sec, 9012062 itr]:      709.856
[1942 sec, 9019792 itr]:      709.856
[1943 sec, 9023174 itr]:      709.856
[1944 sec, 9023174 itr]:      709.856
[1945 sec, 9026482 itr]:      709.856
[1946 sec, 9033003 itr]:      709.856
[1947 sec, 9036709 itr]:      709.856
[1948 sec, 9040431 itr]:      709.856
[1949 sec, 9044351 itr]:      709.856
[1950 sec, 9044351 itr]:      709.856
[ optimality gap      ]:      100.00%
[1951 sec, 9046993 itr]:      709.856
[1952 sec, 9050486 itr]:      709.856
[1953 sec, 9057967 itr]:      709.856
[1954 sec, 9057967 itr]:      709.856
[1955 sec, 9061786 itr]:      709.856
[1956 sec, 9065862 itr]:      709.856
[1957 sec, 9074187 itr]:      709.856
[1958 sec, 9074187 itr]:      709.856
[1959 sec, 9078982 itr]:      709.856
[1960 sec, 9082516 itr]:      709.856
[ optimality gap      ]:      100.00%
[1961 sec, 9085771 itr]:      709.856
[1962 sec, 9088981 itr]:      709.856
[1963 sec, 9095878 itr]:      709.856
[1964 sec, 9099006 itr]:      709.856
[1965 sec, 9099006 itr]:      709.856
[1966 sec, 9106142 itr]:      709.856
[1967 sec, 9110591 itr]:      709.856
[1968 sec, 9115770 itr]:      709.856
[1969 sec, 9115770 itr]:      709.856
[1970 sec, 9120535 itr]:      709.856
[ optimality gap      ]:      100.00%
[1971 sec, 9129138 itr]:      709.856
[1972 sec, 9129138 itr]:      709.856
[1973 sec, 9137990 itr]:      709.856
[1974 sec, 9142350 itr]:      709.856
[1975 sec, 9145776 itr]:      709.856
[1976 sec, 9145776 itr]:      709.856
[1977 sec, 9150241 itr]:      709.856
[1978 sec, 9157954 itr]:      709.856
[1979 sec, 9157954 itr]:      709.856
[1980 sec, 9161646 itr]:      709.856
[ optimality gap      ]:      100.00%
[1981 sec, 9168738 itr]:      709.856
[1982 sec, 9168738 itr]:      709.856
[1983 sec, 9176135 itr]:      709.856
[1984 sec, 9176135 itr]:      709.856
[1985 sec, 9180502 itr]:      709.856
[1986 sec, 9184989 itr]:      709.856
[1987 sec, 9189558 itr]:      709.856
[1988 sec, 9194097 itr]:      709.856
[1989 sec, 9198501 itr]:      709.856
[1990 sec, 9202817 itr]:      709.856
[ optimality gap      ]:      100.00%
[1991 sec, 9210298 itr]:      709.856
[1992 sec, 9210298 itr]:      709.856
[1993 sec, 9213084 itr]:      709.856
[1994 sec, 9216652 itr]:      709.856
[1995 sec, 9220515 itr]:      709.856
[1996 sec, 9224105 itr]:      709.856
[1997 sec, 9228303 itr]:      709.856
[1998 sec, 9231679 itr]:      709.856
[1999 sec, 9239153 itr]:      709.856
[2000 sec, 9239153 itr]:      709.856
[ optimality gap      ]:      100.00%
[2001 sec, 9245471 itr]:      709.856
[2002 sec, 9245471 itr]:      709.856
[2003 sec, 9253194 itr]:      709.856
[2004 sec, 9253194 itr]:      709.856
[2005 sec, 9260876 itr]:      709.856
[2006 sec, 9260876 itr]:      709.856
[2007 sec, 9268424 itr]:      709.856
[2008 sec, 9268424 itr]:      709.856
[2009 sec, 9275944 itr]:      709.856
[2010 sec, 9280254 itr]:      709.856
[ optimality gap      ]:      100.00%
[2011 sec, 9284628 itr]:      709.856
[2012 sec, 9284628 itr]:      709.856
[2013 sec, 9292176 itr]:      709.856
[2014 sec, 9292176 itr]:      709.856
[2015 sec, 9296319 itr]:      709.856
[2016 sec, 9302966 itr]:      709.856
[2017 sec, 9302966 itr]:      709.856
[2018 sec, 9309743 itr]:      709.856
[2019 sec, 9313720 itr]:      709.856
[2020 sec, 9313720 itr]:      709.856
[ optimality gap      ]:      100.00%
[2021 sec, 9321502 itr]:      709.856
[2022 sec, 9321502 itr]:      709.856
[2023 sec, 9325689 itr]:      709.856
[2024 sec, 9334090 itr]:      709.856
[2025 sec, 9334090 itr]:      709.856
[2026 sec, 9338807 itr]:      709.856
[2027 sec, 9342393 itr]:      709.856
[2028 sec, 9346779 itr]:      709.856
[2029 sec, 9351819 itr]:      709.856
[2030 sec, 9356153 itr]:      709.856
[ optimality gap      ]:      100.00%
[2031 sec, 9360069 itr]:      709.856
[2032 sec, 9363911 itr]:      709.856
[2033 sec, 9367420 itr]:      709.856
[2034 sec, 9374791 itr]:      709.856
[2035 sec, 9374791 itr]:      709.856
[2036 sec, 9379129 itr]:      709.856
[2037 sec, 9383495 itr]:      709.856
[2038 sec, 9391909 itr]:      709.856
[2039 sec, 9395709 itr]:      709.856
[2040 sec, 9399845 itr]:      709.856
[ optimality gap      ]:      100.00%
[2041 sec, 9404249 itr]:      709.856
[2042 sec, 9404249 itr]:      709.856
[2043 sec, 9408285 itr]:      709.856
[2044 sec, 9415797 itr]:      709.856
[2045 sec, 9415797 itr]:      709.856
[2046 sec, 9420077 itr]:      709.856
[2047 sec, 9424144 itr]:      709.856
[2048 sec, 9428522 itr]:      709.856
[2049 sec, 9432501 itr]:      709.856
[2050 sec, 9441496 itr]:      709.856
[ optimality gap      ]:      100.00%
[2051 sec, 9441496 itr]:      709.856
[2052 sec, 9446077 itr]:      709.856
[2053 sec, 9453754 itr]:      709.856
[2054 sec, 9458297 itr]:      709.856
[2055 sec, 9458297 itr]:      709.856
[2056 sec, 9465035 itr]:      709.856
[2057 sec, 9465035 itr]:      709.856
[2058 sec, 9468842 itr]:      709.856
[2059 sec, 9476103 itr]:      709.856
[2060 sec, 9479848 itr]:      709.856
[ optimality gap      ]:      100.00%
[2061 sec, 9479848 itr]:      709.856
[2062 sec, 9483444 itr]:      709.856
[2063 sec, 9489769 itr]:      709.856
[2064 sec, 9493508 itr]:      709.856
[2065 sec, 9493508 itr]:      709.856
[2066 sec, 9500907 itr]:      709.856
[2067 sec, 9500907 itr]:      709.856
[2068 sec, 9504943 itr]:      709.856
[2069 sec, 9508625 itr]:      709.856
[2070 sec, 9512116 itr]:      709.856
[ optimality gap      ]:      100.00%
[2071 sec, 9518775 itr]:      709.856
[2072 sec, 9522839 itr]:      709.856
[2073 sec, 9522839 itr]:      709.856
[2074 sec, 9526428 itr]:      709.856
[2075 sec, 9530607 itr]:      709.856
[2076 sec, 9538476 itr]:      709.856
[2077 sec, 9538476 itr]:      709.856
[2078 sec, 9546078 itr]:      709.856
[2079 sec, 9550033 itr]:      709.856
[2080 sec, 9554035 itr]:      709.856
[ optimality gap      ]:      100.00%
[2081 sec, 9557821 itr]:      709.856
[2082 sec, 9557821 itr]:      709.856
[2083 sec, 9561616 itr]:      709.856
[2084 sec, 9565423 itr]:      709.856
[2085 sec, 9571681 itr]:      709.856
[2086 sec, 9571681 itr]:      709.856
[2087 sec, 9575706 itr]:      709.856
[2088 sec, 9579397 itr]:      709.856
[2089 sec, 9587098 itr]:      709.856
[2090 sec, 9587098 itr]:      709.856
[ optimality gap      ]:      100.00%
[2091 sec, 9590897 itr]:      709.856
[2092 sec, 9598235 itr]:      709.856
[2093 sec, 9598235 itr]:      709.856
[2094 sec, 9605666 itr]:      709.856
[2095 sec, 9609740 itr]:      709.856
[2096 sec, 9609740 itr]:      709.856
[2097 sec, 9614193 itr]:      709.856
[2098 sec, 9621895 itr]:      709.856
[2099 sec, 9621895 itr]:      709.856
[2100 sec, 9630501 itr]:      709.856
[ optimality gap      ]:      100.00%
[2101 sec, 9630501 itr]:      709.856
[2102 sec, 9638053 itr]:      709.856
[2103 sec, 9641988 itr]:      709.856
[2104 sec, 9646365 itr]:      709.856
[2105 sec, 9651145 itr]:      709.856
[2106 sec, 9656389 itr]:      709.856
[2107 sec, 9656389 itr]:      709.856
[2108 sec, 9660962 itr]:      709.856
[2109 sec, 9670028 itr]:      709.856
[2110 sec, 9674945 itr]:      709.856
[ optimality gap      ]:      100.00%
[2111 sec, 9679886 itr]:      709.856
[2112 sec, 9684273 itr]:      709.856
[2113 sec, 9688978 itr]:      709.856
[2114 sec, 9693648 itr]:      709.856
[2115 sec, 9693648 itr]:      709.856
[2116 sec, 9703326 itr]:      709.856
[2117 sec, 9707401 itr]:      709.856
[2118 sec, 9707401 itr]:      709.856
[2119 sec, 9716254 itr]:      709.856
[2120 sec, 9720683 itr]:      709.856
[ optimality gap      ]:      100.00%
[2121 sec, 9720683 itr]:      709.856
[2122 sec, 9730072 itr]:      709.856
[2123 sec, 9730072 itr]:      709.856
[2124 sec, 9739951 itr]:      709.856
[2125 sec, 9744334 itr]:      709.856
[2126 sec, 9748960 itr]:      709.856
[2127 sec, 9748960 itr]:      709.856
[2128 sec, 9753931 itr]:      709.856
[2129 sec, 9758504 itr]:      709.856
[2130 sec, 9762330 itr]:      709.856
[ optimality gap      ]:      100.00%
[2131 sec, 9770883 itr]:      709.856
[2132 sec, 9770883 itr]:      709.856
[2133 sec, 9775436 itr]:      709.856
[2134 sec, 9779022 itr]:      709.856
[2135 sec, 9783593 itr]:      709.856
[2136 sec, 9788196 itr]:      709.856
[2137 sec, 9795285 itr]:      709.856
[2138 sec, 9795285 itr]:      709.856
[2139 sec, 9799957 itr]:      709.856
[2140 sec, 9804047 itr]:      709.856
[ optimality gap      ]:      100.00%
[2141 sec, 9813010 itr]:      709.856
[2142 sec, 9817874 itr]:      709.856
[2143 sec, 9821879 itr]:      709.856
[2144 sec, 9821879 itr]:      709.856
[2145 sec, 9826025 itr]:      709.856
[2146 sec, 9830044 itr]:      709.856
[2147 sec, 9837815 itr]:      709.856
[2148 sec, 9842483 itr]:      709.856
[2149 sec, 9842483 itr]:      709.856
[2150 sec, 9847610 itr]:      709.856
[ optimality gap      ]:      100.00%
[2151 sec, 9856966 itr]:      709.856
[2152 sec, 9856966 itr]:      709.856
[2153 sec, 9861984 itr]:      709.856
[2154 sec, 9866406 itr]:      709.856
[2155 sec, 9871259 itr]:      709.856
[2156 sec, 9880086 itr]:      709.856
[2157 sec, 9884825 itr]:      709.856
[2158 sec, 9884825 itr]:      709.856
[2159 sec, 9889284 itr]:      709.856
[2160 sec, 9892996 itr]:      709.856
[ optimality gap      ]:      100.00%
[2161 sec, 9897681 itr]:      709.856
[2162 sec, 9901600 itr]:      709.856
[2163 sec, 9909495 itr]:      709.856
[2164 sec, 9909495 itr]:      709.856
[2165 sec, 9913301 itr]:      709.856
[2166 sec, 9921186 itr]:      709.856
[2167 sec, 9921186 itr]:      709.856
[2168 sec, 9925673 itr]:      709.856
[2169 sec, 9930050 itr]:      709.856
[2170 sec, 9934261 itr]:      709.856
[ optimality gap      ]:      100.00%
[2171 sec, 9938832 itr]:      709.856
[2172 sec, 9942909 itr]:      709.856
[2173 sec, 9947895 itr]:      709.856
[2174 sec, 9952102 itr]:      709.856
[2175 sec, 9955991 itr]:      709.856
[2176 sec, 9959968 itr]:      709.856
[2177 sec, 9969759 itr]:      709.856
[2178 sec, 9969759 itr]:      709.856
[2179 sec, 9974419 itr]:      709.856
[2180 sec, 9977572 itr]:      709.856
[ optimality gap      ]:      100.00%
[2181 sec, 9981907 itr]:      709.856
[2182 sec, 9990255 itr]:      709.856
[2183 sec, 9990255 itr]:      709.856
[2184 sec, 9994032 itr]:      709.856
[2185 sec, 10002561 itr]:      709.856
[2186 sec, 10006337 itr]:      709.856
[2187 sec, 10006337 itr]:      709.856
[2188 sec, 10010357 itr]:      709.856
[2189 sec, 10014129 itr]:      709.856
[2190 sec, 10022845 itr]:      709.856
[ optimality gap       ]:      100.00%
[2191 sec, 10022845 itr]:      709.856
[2192 sec, 10031382 itr]:      709.856
[2193 sec, 10031382 itr]:      709.856
[2194 sec, 10035580 itr]:      709.856
[2195 sec, 10042503 itr]:      709.856
[2196 sec, 10046666 itr]:      709.856
[2197 sec, 10051657 itr]:      709.856
[2198 sec, 10051657 itr]:      709.856
[2199 sec, 10060740 itr]:      709.856
[2200 sec, 10060740 itr]:      709.856
[ optimality gap       ]:      100.00%
[2201 sec, 10068789 itr]:      709.856
[2202 sec, 10073480 itr]:      709.856
[2203 sec, 10073480 itr]:      709.856
[2204 sec, 10082883 itr]:      709.856
[2205 sec, 10082883 itr]:      709.856
[2206 sec, 10087670 itr]:      709.856
[2207 sec, 10092215 itr]:      709.856
[2208 sec, 10096029 itr]:      709.856
[2209 sec, 10100112 itr]:      709.856
[2210 sec, 10104439 itr]:      709.856
[ optimality gap       ]:      100.00%
[2211 sec, 10113856 itr]:      709.856
[2212 sec, 10113856 itr]:      709.856
[2213 sec, 10117471 itr]:      709.856
[2214 sec, 10121477 itr]:      709.856
[2215 sec, 10126150 itr]:      709.856
[2216 sec, 10134334 itr]:      709.856
[2217 sec, 10138871 itr]:      709.856
[2218 sec, 10138871 itr]:      709.856
[2219 sec, 10143760 itr]:      709.856
[2220 sec, 10148018 itr]:      709.856
[ optimality gap       ]:      100.00%
[2221 sec, 10151576 itr]:      709.856
[2222 sec, 10156409 itr]:      709.856
[2223 sec, 10160609 itr]:      709.856
[2224 sec, 10164046 itr]:      709.856
[2225 sec, 10168052 itr]:      709.856
[2226 sec, 10172143 itr]:      709.856
[2227 sec, 10180259 itr]:      709.856
[2228 sec, 10180259 itr]:      709.856
[2229 sec, 10184666 itr]:      709.856
[2230 sec, 10189257 itr]:      709.856
[ optimality gap       ]:      100.00%
[2231 sec, 10197830 itr]:      709.856
[2232 sec, 10202703 itr]:      709.856
[2233 sec, 10206658 itr]:      709.856
[2234 sec, 10206658 itr]:      709.856
[2235 sec, 10216231 itr]:      709.856
[2236 sec, 10221087 itr]:      709.856
[2237 sec, 10221087 itr]:      709.856
[2238 sec, 10225826 itr]:      709.856
[2239 sec, 10230471 itr]:      709.856
[2240 sec, 10234374 itr]:      709.856
[ optimality gap       ]:      100.00%
[2241 sec, 10238290 itr]:      709.856
[2242 sec, 10242651 itr]:      709.856
[2243 sec, 10247373 itr]:      709.856
[2244 sec, 10251788 itr]:      709.856
[2245 sec, 10255791 itr]:      709.856
[2246 sec, 10259934 itr]:      709.856
[2247 sec, 10264357 itr]:      709.856
[2248 sec, 10268699 itr]:      709.856
[2249 sec, 10272946 itr]:      709.856
[2250 sec, 10276673 itr]:      709.856
[ optimality gap       ]:      100.00%
[2251 sec, 10280344 itr]:      709.856
[2252 sec, 10288696 itr]:      709.856
[2253 sec, 10288696 itr]:      709.856
[2254 sec, 10292900 itr]:      709.856
[2255 sec, 10301403 itr]:      709.856
[2256 sec, 10301403 itr]:      709.856
[2257 sec, 10305984 itr]:      709.856
[2258 sec, 10309915 itr]:      709.856
[2259 sec, 10313549 itr]:      709.856
[2260 sec, 10321708 itr]:      709.856
[ optimality gap       ]:      100.00%
[2261 sec, 10321708 itr]:      709.856
[2262 sec, 10326276 itr]:      709.856
[2263 sec, 10331057 itr]:      709.856
[2264 sec, 10335592 itr]:      709.856
[2265 sec, 10339226 itr]:      709.856
[2266 sec, 10343907 itr]:      709.856
[2267 sec, 10348110 itr]:      709.856
[2268 sec, 10352667 itr]:      709.856
[2269 sec, 10360593 itr]:      709.856
[2270 sec, 10360593 itr]:      709.856
[ optimality gap       ]:      100.00%
[2271 sec, 10364633 itr]:      709.856
[2272 sec, 10368669 itr]:      709.856
[2273 sec, 10372450 itr]:      709.856
[2274 sec, 10379882 itr]:      709.856
[2275 sec, 10384219 itr]:      709.856
[2276 sec, 10388684 itr]:      709.856
[2277 sec, 10392916 itr]:      709.856
[2278 sec, 10392916 itr]:      709.856
[2279 sec, 10397134 itr]:      709.856
[2280 sec, 10405886 itr]:      709.856
[ optimality gap       ]:      100.00%
[2281 sec, 10405886 itr]:      709.856
[2282 sec, 10409929 itr]:      709.856
[2283 sec, 10417510 itr]:      709.856
[2284 sec, 10417510 itr]:      709.856
[2285 sec, 10425962 itr]:      709.856
[2286 sec, 10425962 itr]:      709.856
[2287 sec, 10430916 itr]:      709.856
[2288 sec, 10435709 itr]:      709.856
[2289 sec, 10439801 itr]:      709.856
[2290 sec, 10448827 itr]:      709.856
[ optimality gap       ]:      100.00%
[2291 sec, 10448827 itr]:      709.856
[2292 sec, 10453398 itr]:      709.856
[2293 sec, 10456318 itr]:      709.856
[2294 sec, 10460498 itr]:      709.856
[2295 sec, 10463577 itr]:      709.856
[2296 sec, 10467411 itr]:      709.856
[2297 sec, 10471801 itr]:      709.856
[2298 sec, 10480820 itr]:      709.856
[2299 sec, 10480820 itr]:      709.856
[2300 sec, 10489932 itr]:      709.856
[ optimality gap       ]:      100.00%
[2301 sec, 10489932 itr]:      709.856
[2302 sec, 10494118 itr]:      709.856
[2303 sec, 10497893 itr]:      709.856
[2304 sec, 10502137 itr]:      709.856
[2305 sec, 10505980 itr]:      709.856
[2306 sec, 10510971 itr]:      709.856
[2307 sec, 10515555 itr]:      709.856
[2308 sec, 10523761 itr]:      709.856
[2309 sec, 10523761 itr]:      709.856
[2310 sec, 10532337 itr]:      709.856
[ optimality gap       ]:      100.00%
[2311 sec, 10537072 itr]:      709.856
[2312 sec, 10541139 itr]:      709.856
[2313 sec, 10541139 itr]:      709.856
[2314 sec, 10545920 itr]:      709.856
[2315 sec, 10550023 itr]:      709.856
[2316 sec, 10553627 itr]:      709.856
[2317 sec, 10558131 itr]:      709.856
[2318 sec, 10562694 itr]:      709.856
[2319 sec, 10567299 itr]:      709.856
[2320 sec, 10570437 itr]:      709.856
[ optimality gap       ]:      100.00%
[2321 sec, 10575105 itr]:      709.856
[2322 sec, 10579680 itr]:      709.856
[2323 sec, 10583504 itr]:      709.856
[2324 sec, 10590865 itr]:      709.856
[2325 sec, 10594953 itr]:      709.856
[2326 sec, 10594953 itr]:      709.856
[2327 sec, 10599381 itr]:      709.856
[2328 sec, 10606091 itr]:      709.856
[2329 sec, 10606091 itr]:      709.856
[2330 sec, 10614552 itr]:      709.856
[ optimality gap       ]:      100.00%
[2331 sec, 10614552 itr]:      709.856
[2332 sec, 10618939 itr]:      709.856
[2333 sec, 10625912 itr]:      709.856
[2334 sec, 10630263 itr]:      709.856
[2335 sec, 10630263 itr]:      709.856
[2336 sec, 10634256 itr]:      709.856
[2337 sec, 10638525 itr]:      709.856
[2338 sec, 10646184 itr]:      709.856
[2339 sec, 10646184 itr]:      709.856
[2340 sec, 10654642 itr]:      709.856
[ optimality gap       ]:      100.00%
[2341 sec, 10654642 itr]:      709.856
[2342 sec, 10658536 itr]:      709.856
[2343 sec, 10662147 itr]:      709.856
[2344 sec, 10665780 itr]:      709.856
[2345 sec, 10672946 itr]:      709.856
[2346 sec, 10676433 itr]:      709.856
[2347 sec, 10676433 itr]:      709.856
[2348 sec, 10680666 itr]:      709.856
[2349 sec, 10688061 itr]:      709.856
[2350 sec, 10691723 itr]:      709.856
[ optimality gap       ]:      100.00%
[2351 sec, 10691723 itr]:      709.856
[2352 sec, 10699021 itr]:      709.856
[2353 sec, 10703049 itr]:      709.856
[2354 sec, 10703049 itr]:      709.856
[2355 sec, 10710453 itr]:      709.856
[2356 sec, 10710453 itr]:      709.856
[2357 sec, 10714084 itr]:      709.856
[2358 sec, 10721236 itr]:      709.856
[2359 sec, 10725088 itr]:      709.856
[2360 sec, 10729109 itr]:      709.856
[ optimality gap       ]:      100.00%
[2361 sec, 10729109 itr]:      709.856
[2362 sec, 10736647 itr]:      709.856
[2363 sec, 10736647 itr]:      709.856
[2364 sec, 10740536 itr]:      709.856
[2365 sec, 10744791 itr]:      709.856
[2366 sec, 10748262 itr]:      709.856
[2367 sec, 10755946 itr]:      709.856
[2368 sec, 10755946 itr]:      709.856
[2369 sec, 10760299 itr]:      709.856
[2370 sec, 10768330 itr]:      709.856
[ optimality gap       ]:      100.00%
[2371 sec, 10772130 itr]:      709.856
[2372 sec, 10776231 itr]:      709.856
[2373 sec, 10780040 itr]:      709.856
[2374 sec, 10783889 itr]:      709.856
[2375 sec, 10783889 itr]:      709.856
[2376 sec, 10787719 itr]:      709.856
[2377 sec, 10791648 itr]:      709.856
[2378 sec, 10799307 itr]:      709.856
[2379 sec, 10803209 itr]:      709.856
[2380 sec, 10807447 itr]:      709.856
[ optimality gap       ]:      100.00%
[2381 sec, 10807447 itr]:      709.856
[2382 sec, 10814891 itr]:      709.856
[2383 sec, 10818924 itr]:      709.856
[2384 sec, 10822712 itr]:      709.856
[2385 sec, 10826735 itr]:      709.856
[2386 sec, 10826735 itr]:      709.856
[2387 sec, 10830962 itr]:      709.856
[2388 sec, 10838843 itr]:      709.856
[2389 sec, 10838843 itr]:      709.856
[2390 sec, 10842828 itr]:      709.856
[ optimality gap       ]:      100.00%
[2391 sec, 10846280 itr]:      709.856
[2392 sec, 10854828 itr]:      709.856
[2393 sec, 10858387 itr]:      709.856
[2394 sec, 10858387 itr]:      709.856
[2395 sec, 10865719 itr]:      709.856
[2396 sec, 10865719 itr]:      709.856
[2397 sec, 10869198 itr]:      709.856
[2398 sec, 10876873 itr]:      709.856
[2399 sec, 10880682 itr]:      709.856
[2400 sec, 10880682 itr]:      709.856
[ optimality gap       ]:      100.00%
[2401 sec, 10888392 itr]:      709.856
[2402 sec, 10892367 itr]:      709.856
[2403 sec, 10896244 itr]:      709.856
[2404 sec, 10900313 itr]:      709.856
[2405 sec, 10900313 itr]:      709.856
[2406 sec, 10904131 itr]:      709.856
[2407 sec, 10908148 itr]:      709.856
[2408 sec, 10912015 itr]:      709.856
[2409 sec, 10918982 itr]:      709.856
[2410 sec, 10922868 itr]:      709.856
[ optimality gap       ]:      100.00%
[2411 sec, 10922868 itr]:      709.856
[2412 sec, 10929798 itr]:      709.856
[2413 sec, 10929798 itr]:      709.856
[2414 sec, 10937332 itr]:      709.856
[2415 sec, 10937332 itr]:      709.856
[2416 sec, 10944485 itr]:      709.856
[2417 sec, 10948469 itr]:      709.856
[2418 sec, 10948469 itr]:      709.856
[2419 sec, 10952285 itr]:      709.856
[2420 sec, 10955143 itr]:      709.856
[ optimality gap       ]:      100.00%
[2421 sec, 10959046 itr]:      709.856
[2422 sec, 10962193 itr]:      709.856
[2423 sec, 10966406 itr]:      709.856
[2424 sec, 10969746 itr]:      709.856
[2425 sec, 10976925 itr]:      709.856
[2426 sec, 10980999 itr]:      709.856
[2427 sec, 10980999 itr]:      709.856
[2428 sec, 10984949 itr]:      709.856
[2429 sec, 10988392 itr]:      709.856
[2430 sec, 10992441 itr]:      709.856
[ optimality gap       ]:      100.00%
[2431 sec, 11000056 itr]:      709.856
[2432 sec, 11004328 itr]:      709.856
[2433 sec, 11004328 itr]:      709.856
[2434 sec, 11010869 itr]:      709.856
[2435 sec, 11014856 itr]:      709.856
[2436 sec, 11014856 itr]:      709.856
[2437 sec, 11019060 itr]:      709.856
[2438 sec, 11022907 itr]:      709.856
[2439 sec, 11030497 itr]:      709.856
[2440 sec, 11034536 itr]:      709.856
[ optimality gap       ]:      100.00%
[2441 sec, 11038041 itr]:      709.856
[2442 sec, 11038041 itr]:      709.856
[2443 sec, 11045865 itr]:      709.856
[2444 sec, 11049854 itr]:      709.856
[2445 sec, 11049854 itr]:      709.856
[2446 sec, 11058234 itr]:      709.856
[2447 sec, 11058234 itr]:      709.856
[2448 sec, 11062114 itr]:      709.856
[2449 sec, 11069461 itr]:      709.856
[2450 sec, 11069461 itr]:      709.856
[ optimality gap       ]:      100.00%
[2451 sec, 11076408 itr]:      709.856
[2452 sec, 11080404 itr]:      709.856
[2453 sec, 11080404 itr]:      709.856
[2454 sec, 11087717 itr]:      709.856
[2455 sec, 11091121 itr]:      709.856
[2456 sec, 11094392 itr]:      709.856
[2457 sec, 11098392 itr]:      709.856
[2458 sec, 11102122 itr]:      709.856
[2459 sec, 11105513 itr]:      709.856
[2460 sec, 11109365 itr]:      709.856
[ optimality gap       ]:      100.00%
[2461 sec, 11112643 itr]:      709.856
[2462 sec, 11115783 itr]:      709.856
[2463 sec, 11115783 itr]:      709.856
[2464 sec, 11118967 itr]:      709.856
[2465 sec, 11122610 itr]:      709.856
[2466 sec, 11125573 itr]:      709.856
[2467 sec, 11128845 itr]:      709.856
[2468 sec, 11132622 itr]:      709.856
[2469 sec, 11136287 itr]:      709.856
[2470 sec, 11139099 itr]:      709.856
[ optimality gap       ]:      100.00%
[2471 sec, 11142782 itr]:      709.856
[2472 sec, 11148765 itr]:      709.856
[2473 sec, 11148765 itr]:      709.856
[2474 sec, 11152188 itr]:      709.856
[2475 sec, 11155706 itr]:      709.856
[2476 sec, 11163470 itr]:      709.856
[2477 sec, 11167003 itr]:      709.856
[2478 sec, 11169625 itr]:      709.856
[2479 sec, 11169625 itr]:      709.856
[2480 sec, 11177346 itr]:      709.856
[ optimality gap       ]:      100.00%
[2481 sec, 11177346 itr]:      709.856
[2482 sec, 11180623 itr]:      709.856
[2483 sec, 11183985 itr]:      709.856
[2484 sec, 11190126 itr]:      709.856
[2485 sec, 11194098 itr]:      709.856
[2486 sec, 11194098 itr]:      709.856
[2487 sec, 11201834 itr]:      709.856
[2488 sec, 11201834 itr]:      709.856
[2489 sec, 11205680 itr]:      709.856
[2490 sec, 11208432 itr]:      709.856
[ optimality gap       ]:      100.00%
[2491 sec, 11212546 itr]:      709.856
[2492 sec, 11219915 itr]:      709.856
[2493 sec, 11219915 itr]:      709.856
[2494 sec, 11227010 itr]:      709.856
[2495 sec, 11231052 itr]:      709.856
[2496 sec, 11231052 itr]:      709.856
[2497 sec, 11238897 itr]:      709.856
[2498 sec, 11242926 itr]:      709.856
[2499 sec, 11242926 itr]:      709.856
[2500 sec, 11245591 itr]:      709.856
[ optimality gap       ]:      100.00%
[2501 sec, 11249436 itr]:      709.856
[2502 sec, 11257272 itr]:      709.856
[2503 sec, 11261295 itr]:      709.856
[2504 sec, 11265467 itr]:      709.856
[2505 sec, 11268762 itr]:      709.856
[2506 sec, 11272896 itr]:      709.856
[2507 sec, 11272896 itr]:      709.856
[2508 sec, 11276975 itr]:      709.856
[2509 sec, 11285360 itr]:      709.856
[2510 sec, 11289584 itr]:      709.856
[ optimality gap       ]:      100.00%
[2511 sec, 11289584 itr]:      709.856
[2512 sec, 11297487 itr]:      709.856
[2513 sec, 11297487 itr]:      709.856
[2514 sec, 11305247 itr]:      709.856
[2515 sec, 11308570 itr]:      709.856
[2516 sec, 11308570 itr]:      709.856
[2517 sec, 11312220 itr]:      709.856
[2518 sec, 11320187 itr]:      709.856
[2519 sec, 11320187 itr]:      709.856
[2520 sec, 11327670 itr]:      709.856
[ optimality gap       ]:      100.00%
[2521 sec, 11327670 itr]:      709.856
[2522 sec, 11331137 itr]:      709.856
[2523 sec, 11339130 itr]:      709.856
[2524 sec, 11339130 itr]:      709.856
[2525 sec, 11346839 itr]:      709.856
[2526 sec, 11346839 itr]:      709.856
[2527 sec, 11350787 itr]:      709.856
[2528 sec, 11354437 itr]:      709.856
[2529 sec, 11357760 itr]:      709.856
[2530 sec, 11361610 itr]:      709.856
[ optimality gap       ]:      100.00%
[2531 sec, 11365598 itr]:      709.856
[2532 sec, 11373497 itr]:      709.856
[2533 sec, 11373497 itr]:      709.856
[2534 sec, 11377730 itr]:      709.856
[2535 sec, 11385407 itr]:      709.856
[2536 sec, 11389283 itr]:      709.856
[2537 sec, 11392780 itr]:      709.856
[2538 sec, 11396690 itr]:      709.856
[2539 sec, 11396690 itr]:      709.856
[2540 sec, 11403992 itr]:      709.856
[ optimality gap       ]:      100.00%
[2541 sec, 11407711 itr]:      709.856
[2542 sec, 11407711 itr]:      709.856
[2543 sec, 11410828 itr]:      709.856
[2544 sec, 11414510 itr]:      709.856
[2545 sec, 11418397 itr]:      709.856
[2546 sec, 11421328 itr]:      709.856
[2547 sec, 11428523 itr]:      709.856
[2548 sec, 11428523 itr]:      709.856
[2549 sec, 11432298 itr]:      709.856
[2550 sec, 11439499 itr]:      707.539
[ optimality gap       ]:      100.00%
[2551 sec, 11445714 itr]:      707.539
[2552 sec, 11451245 itr]:      707.538
[2553 sec, 11456611 itr]:      707.538
[2554 sec, 11461884 itr]:      707.538
[2555 sec, 11467058 itr]:      707.538
[2556 sec, 11472462 itr]:      707.538
[2557 sec, 11477534 itr]:      707.538
[2558 sec, 11482868 itr]:      707.538
[2559 sec, 11487946 itr]:      707.538
[2560 sec, 11492979 itr]:      707.538
[ optimality gap       ]:      100.00%
[2561 sec, 11492979 itr]:      707.538
[2562 sec, 11498071 itr]:      707.538
[2563 sec, 11507991 itr]:      707.538
[2564 sec, 11513196 itr]:      707.538
[2565 sec, 11518582 itr]:      707.538
[2566 sec, 11518582 itr]:      707.538
[2567 sec, 11528488 itr]:      707.538
[2568 sec, 11528488 itr]:      707.538
[2569 sec, 11538418 itr]:      707.538
[2570 sec, 11543622 itr]:      707.537
[ optimality gap       ]:      100.00%
[2571 sec, 11548967 itr]:      707.537
[2572 sec, 11554129 itr]:      707.537
[2573 sec, 11559266 itr]:      707.537
[2574 sec, 11564364 itr]:      707.537
[2575 sec, 11564364 itr]:      707.537
[2576 sec, 11574977 itr]:      707.536
[2577 sec, 11580190 itr]:      707.536
[2578 sec, 11585440 itr]:      707.536
[2579 sec, 11585440 itr]:      707.536
[2580 sec, 11596055 itr]:      707.536
[ optimality gap       ]:      100.00%
[2581 sec, 11596055 itr]:      707.536
[2582 sec, 11605654 itr]:      707.536
[2583 sec, 11605654 itr]:      707.536
[2584 sec, 11615422 itr]:      707.536
[2585 sec, 11620957 itr]:      707.536
[2586 sec, 11625932 itr]:      707.536
[2587 sec, 11631096 itr]:      707.536
[2588 sec, 11636003 itr]:      707.536
[2589 sec, 11636003 itr]:      707.536
[2590 sec, 11641687 itr]:      707.536
[ optimality gap       ]:      100.00%
[2591 sec, 11651916 itr]:      707.536
[2592 sec, 11651916 itr]:      707.536
[2593 sec, 11657103 itr]:      707.536
[2594 sec, 11668080 itr]:      707.536
[2595 sec, 11673185 itr]:      707.536
[2596 sec, 11678337 itr]:      707.536
[2597 sec, 11682811 itr]:      707.536
[2598 sec, 11688081 itr]:      707.536
[2599 sec, 11693510 itr]:      707.536
[2600 sec, 11697946 itr]:      707.536
[ optimality gap       ]:      100.00%
[2601 sec, 11703195 itr]:      707.536
[2602 sec, 11708375 itr]:      707.536
[2603 sec, 11708375 itr]:      707.536
[2604 sec, 11718518 itr]:      707.536
[2605 sec, 11724297 itr]:      707.536
[2606 sec, 11730125 itr]:      707.536
[2607 sec, 11735275 itr]:      707.536
[2608 sec, 11740242 itr]:      707.535
[2609 sec, 11745837 itr]:      707.535
[2610 sec, 11745837 itr]:      707.535
[ optimality gap       ]:      100.00%
[2611 sec, 11757068 itr]:      707.535
[2612 sec, 11762094 itr]:      707.535
[2613 sec, 11762094 itr]:      707.535
[2614 sec, 11772516 itr]:      707.535
[2615 sec, 11777976 itr]:      707.535
[2616 sec, 11782482 itr]:      707.535
[2617 sec, 11782482 itr]:      707.535
[2618 sec, 11793903 itr]:      707.535
[2619 sec, 11793903 itr]:      707.535
[2620 sec, 11798829 itr]:      707.535
[ optimality gap       ]:      100.00%
[2621 sec, 11810435 itr]:      707.535
[2622 sec, 11810435 itr]:      707.535
[2623 sec, 11816013 itr]:      707.535
[2624 sec, 11826123 itr]:      707.535
[2625 sec, 11831748 itr]:      707.535
[2626 sec, 11837402 itr]:      707.535
[2627 sec, 11837402 itr]:      707.535
[2628 sec, 11848634 itr]:      707.535
[2629 sec, 11854230 itr]:      707.535
[2630 sec, 11859533 itr]:      707.535
[ optimality gap       ]:      100.00%
[2631 sec, 11859533 itr]:      707.535
[2632 sec, 11870649 itr]:      707.535
[2633 sec, 11870649 itr]:      707.535
[2634 sec, 11880556 itr]:      707.535
[2635 sec, 11880556 itr]:      707.535
[2636 sec, 11885533 itr]:      707.535
[2637 sec, 11896880 itr]:      707.535
[2638 sec, 11896880 itr]:      707.535
[2639 sec, 11902380 itr]:      707.535
[2640 sec, 11911953 itr]:      707.535
[ optimality gap       ]:      100.00%
[2641 sec, 11911953 itr]:      707.535
[2642 sec, 11922760 itr]:      707.535
[2643 sec, 11922760 itr]:      707.535
[2644 sec, 11933031 itr]:      707.535
[2645 sec, 11938766 itr]:      707.535
[2646 sec, 11944405 itr]:      707.535
[2647 sec, 11950323 itr]:      707.535
[2648 sec, 11956636 itr]:      707.535
[2649 sec, 11956636 itr]:      707.535
[2650 sec, 11968115 itr]:      707.535
[ optimality gap       ]:      100.00%
[2651 sec, 11974221 itr]:      707.535
[2652 sec, 11974221 itr]:      707.535
[2653 sec, 11985103 itr]:      707.535
[2654 sec, 11990723 itr]:      707.535
[2655 sec, 11996349 itr]:      707.535
[2656 sec, 12002339 itr]:      707.535
[2657 sec, 12008103 itr]:      707.535
[2658 sec, 12014054 itr]:      707.535
[2659 sec, 12019655 itr]:      707.535
[2660 sec, 12019655 itr]:      707.535
[ optimality gap       ]:      100.00%
[2661 sec, 12030033 itr]:      707.535
[2662 sec, 12035146 itr]:      707.535
[2663 sec, 12035146 itr]:      707.535
[2664 sec, 12040959 itr]:      707.535
[2665 sec, 12052750 itr]:      707.535
[2666 sec, 12057819 itr]:      707.535
[2667 sec, 12062813 itr]:      707.535
[2668 sec, 12067911 itr]:      707.535
[2669 sec, 12073530 itr]:      707.535
[2670 sec, 12073530 itr]:      707.535
[ optimality gap       ]:      100.00%
[2671 sec, 12084492 itr]:      707.535
[2672 sec, 12084492 itr]:      707.535
[2673 sec, 12095152 itr]:      707.535
[2674 sec, 12100553 itr]:      707.535
[2675 sec, 12100553 itr]:      707.535
[2676 sec, 12110816 itr]:      707.535
[2677 sec, 12115505 itr]:      707.535
[2678 sec, 12120904 itr]:      707.535
[2679 sec, 12126483 itr]:      707.535
[2680 sec, 12131208 itr]:      707.535
[ optimality gap       ]:      100.00%
[2681 sec, 12136930 itr]:      707.535
[2682 sec, 12142354 itr]:      707.535
[2683 sec, 12147891 itr]:      707.535
[2684 sec, 12152823 itr]:      707.535
[2685 sec, 12158454 itr]:      707.535
[2686 sec, 12164076 itr]:      707.535
[2687 sec, 12168738 itr]:      707.535
[2688 sec, 12174088 itr]:      707.535
[2689 sec, 12179218 itr]:      707.535
[2690 sec, 12184227 itr]:      707.535
[ optimality gap       ]:      100.00%
[2691 sec, 12184227 itr]:      707.535
[2692 sec, 12194835 itr]:      707.535
[2693 sec, 12200426 itr]:      707.535
[2694 sec, 12205794 itr]:      707.535
[2695 sec, 12205794 itr]:      707.535
[2696 sec, 12210544 itr]:      707.535
[2697 sec, 12221488 itr]:      707.535
[2698 sec, 12221488 itr]:      707.535
[2699 sec, 12233187 itr]:      707.535
[2700 sec, 12233187 itr]:      707.535
[ optimality gap       ]:      100.00%
[2701 sec, 12244048 itr]:      707.535
[2702 sec, 12244048 itr]:      707.535
[2703 sec, 12255045 itr]:      707.535
[2704 sec, 12259802 itr]:      707.535
[2705 sec, 12265145 itr]:      707.535
[2706 sec, 12265145 itr]:      707.535
[2707 sec, 12276111 itr]:      707.535
[2708 sec, 12276111 itr]:      707.535
[2709 sec, 12286701 itr]:      707.535
[2710 sec, 12292074 itr]:      707.535
[ optimality gap       ]:      100.00%
[2711 sec, 12297185 itr]:      707.535
[2712 sec, 12297185 itr]:      707.535
[2713 sec, 12302875 itr]:      707.535
[2714 sec, 12313670 itr]:      707.535
[2715 sec, 12319881 itr]:      707.535
[2716 sec, 12319881 itr]:      707.535
[2717 sec, 12325802 itr]:      707.535
[2718 sec, 12330738 itr]:      707.535
[2719 sec, 12336500 itr]:      707.535
[2720 sec, 12348189 itr]:      707.535
[ optimality gap       ]:      100.00%
[2721 sec, 12354301 itr]:      707.535
[2722 sec, 12360088 itr]:      707.535
[2723 sec, 12365942 itr]:      707.535
[2724 sec, 12370496 itr]:      707.535
[2725 sec, 12376057 itr]:      707.535
[2726 sec, 12381422 itr]:      707.535
[2727 sec, 12381422 itr]:      707.535
[2728 sec, 12392291 itr]:      707.535
[2729 sec, 12397473 itr]:      707.535
[2730 sec, 12402797 itr]:      707.535
[ optimality gap       ]:      100.00%
[2731 sec, 12408322 itr]:      707.535
[2732 sec, 12413093 itr]:      707.535
[2733 sec, 12418588 itr]:      707.535
[2734 sec, 12424081 itr]:      707.535
[2735 sec, 12424081 itr]:      707.535
[2736 sec, 12435062 itr]:      707.535
[2737 sec, 12440578 itr]:      707.535
[2738 sec, 12440578 itr]:      707.535
[2739 sec, 12446140 itr]:      707.535
[2740 sec, 12456510 itr]:      707.535
[ optimality gap       ]:      100.00%
[2741 sec, 12456510 itr]:      707.535
[2742 sec, 12466523 itr]:      707.535
[2743 sec, 12466523 itr]:      707.535
[2744 sec, 12478117 itr]:      707.535
[2745 sec, 12483982 itr]:      707.535
[2746 sec, 12489848 itr]:      707.535
[2747 sec, 12489848 itr]:      707.535
[2748 sec, 12500454 itr]:      707.535
[2749 sec, 12505747 itr]:      707.535
[2750 sec, 12505747 itr]:      707.535
[ optimality gap       ]:      100.00%
[2751 sec, 12516362 itr]:      707.535
[2752 sec, 12521265 itr]:      707.535
[2753 sec, 12521265 itr]:      707.535
[2754 sec, 12531922 itr]:      707.535
[2755 sec, 12531922 itr]:      707.535
[2756 sec, 12542410 itr]:      707.535
[2757 sec, 12547841 itr]:      707.535
[2758 sec, 12547841 itr]:      707.535
[2759 sec, 12557589 itr]:      707.535
[2760 sec, 12562783 itr]:      707.535
[ optimality gap       ]:      100.00%
[2761 sec, 12568402 itr]:      707.535
[2762 sec, 12572892 itr]:      707.535
[2763 sec, 12572892 itr]:      707.535
[2764 sec, 12578267 itr]:      707.535
[2765 sec, 12588526 itr]:      707.535
[2766 sec, 12593240 itr]:      707.535
[2767 sec, 12593240 itr]:      707.535
[2768 sec, 12604376 itr]:      707.535
[2769 sec, 12609831 itr]:      707.535
[2770 sec, 12609831 itr]:      707.535
[ optimality gap       ]:      100.00%
[2771 sec, 12621345 itr]:      707.535
[2772 sec, 12627038 itr]:      707.535
[2773 sec, 12632719 itr]:      707.535
[2774 sec, 12638624 itr]:      707.535
[2775 sec, 12638624 itr]:      707.535
[2776 sec, 12648995 itr]:      707.535
[2777 sec, 12654674 itr]:      707.535
[2778 sec, 12654674 itr]:      707.535
[2779 sec, 12664736 itr]:      707.535
[2780 sec, 12664736 itr]:      707.535
[ optimality gap       ]:      100.00%
[2781 sec, 12675801 itr]:      707.535
[2782 sec, 12680577 itr]:      707.535
[2783 sec, 12685404 itr]:      707.535
[2784 sec, 12685404 itr]:      707.535
[2785 sec, 12690781 itr]:      707.535
[2786 sec, 12701613 itr]:      707.535
[2787 sec, 12707355 itr]:      707.535
[2788 sec, 12712956 itr]:      707.535
[2789 sec, 12718567 itr]:      707.535
[2790 sec, 12723816 itr]:      707.535
[ optimality gap       ]:      100.00%
[2791 sec, 12729594 itr]:      707.535
[2792 sec, 12729594 itr]:      707.535
[2793 sec, 12740826 itr]:      707.535
[2794 sec, 12746029 itr]:      707.535
[2795 sec, 12746029 itr]:      707.535
[2796 sec, 12756760 itr]:      707.535
[2797 sec, 12756760 itr]:      707.535
[2798 sec, 12762767 itr]:      707.535
[2799 sec, 12773886 itr]:      707.535
[2800 sec, 12773886 itr]:      707.535
[ optimality gap       ]:      100.00%
[2801 sec, 12779661 itr]:      707.535
[2802 sec, 12791017 itr]:      707.535
[2803 sec, 12791017 itr]:      707.535
[2804 sec, 12796762 itr]:      707.535
[2805 sec, 12808746 itr]:      707.535
[2806 sec, 12814953 itr]:      707.535
[2807 sec, 12814953 itr]:      707.535
[2808 sec, 12825079 itr]:      707.535
[2809 sec, 12831639 itr]:      707.535
[2810 sec, 12837621 itr]:      707.535
[ optimality gap       ]:      100.00%
[2811 sec, 12843518 itr]:      707.535
[2812 sec, 12843518 itr]:      707.535
[2813 sec, 12849297 itr]:      707.535
[2814 sec, 12861339 itr]:      707.535
[2815 sec, 12867454 itr]:      707.535
[2816 sec, 12867454 itr]:      707.535
[2817 sec, 12879449 itr]:      707.535
[2818 sec, 12885452 itr]:      707.535
[2819 sec, 12891828 itr]:      707.535
[2820 sec, 12897731 itr]:      707.535
[ optimality gap       ]:      100.00%
[2821 sec, 12897731 itr]:      707.535
[2822 sec, 12908498 itr]:      707.535
[2823 sec, 12914040 itr]:      707.535
[2824 sec, 12914040 itr]:      707.535
[2825 sec, 12926063 itr]:      707.535
[2826 sec, 12931820 itr]:      707.535
[2827 sec, 12931820 itr]:      707.535
[2828 sec, 12937412 itr]:      707.535
[2829 sec, 12942970 itr]:      707.535
[2830 sec, 12953696 itr]:      707.535
[ optimality gap       ]:      100.00%
[2831 sec, 12953696 itr]:      707.535
[2832 sec, 12964851 itr]:      707.535
[2833 sec, 12964851 itr]:      707.535
[2834 sec, 12975476 itr]:      707.535
[2835 sec, 12975476 itr]:      707.535
[2836 sec, 12980901 itr]:      707.535
[2837 sec, 12985302 itr]:      707.535
[2838 sec, 12995091 itr]:      707.535
[2839 sec, 13000779 itr]:      707.535
[2840 sec, 13000779 itr]:      707.535
[ optimality gap       ]:      100.00%
[2841 sec, 13012346 itr]:      707.535
[2842 sec, 13012346 itr]:      707.535
[2843 sec, 13022354 itr]:      707.535
[2844 sec, 13022354 itr]:      707.535
[2845 sec, 13027259 itr]:      707.535
[2846 sec, 13038608 itr]:      707.535
[2847 sec, 13043777 itr]:      707.535
[2848 sec, 13043777 itr]:      707.535
[2849 sec, 13049357 itr]:      707.535
[2850 sec, 13060864 itr]:      707.535
[ optimality gap       ]:      100.00%
[2851 sec, 13066421 itr]:      707.535
[2852 sec, 13072061 itr]:      707.535
[2853 sec, 13072061 itr]:      707.535
[2854 sec, 13083485 itr]:      707.535
[2855 sec, 13083485 itr]:      707.535
[2856 sec, 13088709 itr]:      707.535
[2857 sec, 13098097 itr]:      707.535
[2858 sec, 13098097 itr]:      707.535
[2859 sec, 13109585 itr]:      707.535
[2860 sec, 13109585 itr]:      707.535
[ optimality gap       ]:      100.00%
[2861 sec, 13120218 itr]:      707.535
[2862 sec, 13120218 itr]:      707.535
[2863 sec, 13131407 itr]:      707.535
[2864 sec, 13136989 itr]:      707.535
[2865 sec, 13136989 itr]:      707.535
[2866 sec, 13148061 itr]:      707.535
[2867 sec, 13152925 itr]:      707.535
[2868 sec, 13152925 itr]:      707.535
[2869 sec, 13162105 itr]:      707.535
[2870 sec, 13167906 itr]:      707.535
[ optimality gap       ]:      100.00%
[2871 sec, 13167906 itr]:      707.535
[2872 sec, 13173637 itr]:      707.535
[2873 sec, 13179174 itr]:      707.535
[2874 sec, 13184988 itr]:      707.535
[2875 sec, 13195984 itr]:      707.535
[2876 sec, 13201504 itr]:      707.535
[2877 sec, 13206821 itr]:      707.535
[2878 sec, 13206821 itr]:      707.535
[2879 sec, 13217709 itr]:      707.535
[2880 sec, 13223092 itr]:      707.535
[ optimality gap       ]:      100.00%
[2881 sec, 13228489 itr]:      707.535
[2882 sec, 13228489 itr]:      707.535
[2883 sec, 13233833 itr]:      707.535
[2884 sec, 13239095 itr]:      707.535
[2885 sec, 13249638 itr]:      707.535
[2886 sec, 13255107 itr]:      707.535
[2887 sec, 13260532 itr]:      707.535
[2888 sec, 13266071 itr]:      707.535
[2889 sec, 13271766 itr]:      707.535
[2890 sec, 13277120 itr]:      707.535
[ optimality gap       ]:      100.00%
[2891 sec, 13282250 itr]:      707.535
[2892 sec, 13287483 itr]:      707.535
[2893 sec, 13287483 itr]:      707.535
[2894 sec, 13292669 itr]:      707.535
[2895 sec, 13303765 itr]:      707.535
[2896 sec, 13309368 itr]:      707.535
[2897 sec, 13314151 itr]:      707.535
[2898 sec, 13320162 itr]:      707.535
[2899 sec, 13320162 itr]:      707.535
[2900 sec, 13326036 itr]:      707.535
[ optimality gap       ]:      100.00%
[2901 sec, 13331519 itr]:      707.535
[2902 sec, 13342973 itr]:      707.535
[2903 sec, 13342973 itr]:      707.535
[2904 sec, 13353491 itr]:      707.535
[2905 sec, 13353491 itr]:      707.535
[2906 sec, 13358912 itr]:      707.535
[2907 sec, 13369529 itr]:      707.535
[2908 sec, 13369529 itr]:      707.535
[2909 sec, 13379588 itr]:      707.535
[2910 sec, 13385126 itr]:      707.535
[ optimality gap       ]:      100.00%
[2911 sec, 13385126 itr]:      707.535
[2912 sec, 13390799 itr]:      707.535
[2913 sec, 13402231 itr]:      707.535
[2914 sec, 13402231 itr]:      707.535
[2915 sec, 13407637 itr]:      707.535
[2916 sec, 13417633 itr]:      707.535
[2917 sec, 13423257 itr]:      707.535
[2918 sec, 13429017 itr]:      707.535
[2919 sec, 13434317 itr]:      707.535
[2920 sec, 13439603 itr]:      707.535
[ optimality gap       ]:      100.00%
[2921 sec, 13439603 itr]:      707.535
[2922 sec, 13444998 itr]:      707.535
[2923 sec, 13455414 itr]:      707.535
[2924 sec, 13460633 itr]:      707.535
[2925 sec, 13465983 itr]:      707.535
[2926 sec, 13470513 itr]:      707.535
[2927 sec, 13476078 itr]:      707.535
[2928 sec, 13476078 itr]:      707.535
[2929 sec, 13486056 itr]:      707.535
[2930 sec, 13486056 itr]:      707.535
[ optimality gap       ]:      100.00%
[2931 sec, 13496850 itr]:      707.535
[2932 sec, 13496850 itr]:      707.535
[2933 sec, 13506492 itr]:      707.535
[2934 sec, 13506492 itr]:      707.535
[2935 sec, 13517623 itr]:      707.535
[2936 sec, 13522183 itr]:      707.535
[2937 sec, 13527894 itr]:      707.535
[2938 sec, 13532670 itr]:      707.535
[2939 sec, 13532670 itr]:      707.535
[2940 sec, 13542495 itr]:      707.535
[ optimality gap       ]:      100.00%
[2941 sec, 13548697 itr]:      707.535
[2942 sec, 13554381 itr]:      707.535
[2943 sec, 13560302 itr]:      707.535
[2944 sec, 13565947 itr]:      707.535
[2945 sec, 13565947 itr]:      707.535
[2946 sec, 13571439 itr]:      707.535
[2947 sec, 13581710 itr]:      707.535
[2948 sec, 13581710 itr]:      707.535
[2949 sec, 13587081 itr]:      707.535
[2950 sec, 13598095 itr]:      707.535
[ optimality gap       ]:      100.00%
[2951 sec, 13603806 itr]:      707.535
[2952 sec, 13609363 itr]:      707.535
[2953 sec, 13615150 itr]:      707.535
[2954 sec, 13620630 itr]:      707.535
[2955 sec, 13626058 itr]:      707.535
[2956 sec, 13631884 itr]:      707.535
[2957 sec, 13637383 itr]:      707.535
[2958 sec, 13643053 itr]:      707.535
[2959 sec, 13643053 itr]:      707.535
[2960 sec, 13654731 itr]:      707.535
[ optimality gap       ]:      100.00%
[2961 sec, 13660469 itr]:      707.535
[2962 sec, 13665969 itr]:      707.535
[2963 sec, 13671707 itr]:      707.535
[2964 sec, 13671707 itr]:      707.535
[2965 sec, 13682395 itr]:      707.535
[2966 sec, 13682395 itr]:      707.535
[2967 sec, 13693700 itr]:      707.535
[2968 sec, 13699123 itr]:      707.535
[2969 sec, 13699123 itr]:      707.535
[2970 sec, 13709671 itr]:      707.535
[ optimality gap       ]:      100.00%
[2971 sec, 13709671 itr]:      707.535
[2972 sec, 13719246 itr]:      707.535
[2973 sec, 13719246 itr]:      707.535
[2974 sec, 13725210 itr]:      707.535
[2975 sec, 13737346 itr]:      707.535
[2976 sec, 13742559 itr]:      707.535
[2977 sec, 13742559 itr]:      707.535
[2978 sec, 13753412 itr]:      707.535
[2979 sec, 13758943 itr]:      707.535
[2980 sec, 13764453 itr]:      707.535
[ optimality gap       ]:      100.00%
[2981 sec, 13769340 itr]:      707.535
[2982 sec, 13774034 itr]:      707.535
[2983 sec, 13774034 itr]:      707.535
[2984 sec, 13785432 itr]:      707.535
[2985 sec, 13785432 itr]:      707.535
[2986 sec, 13790742 itr]:      707.535
[2987 sec, 13796062 itr]:      707.535
[2988 sec, 13801699 itr]:      707.535
[2989 sec, 13812745 itr]:      707.535
[2990 sec, 13812745 itr]:      707.535
[ optimality gap       ]:      100.00%
[2991 sec, 13822419 itr]:      707.535
[2992 sec, 13827754 itr]:      707.535
[2993 sec, 13827754 itr]:      707.535
[2994 sec, 13837905 itr]:      707.535
[2995 sec, 13843922 itr]:      707.535
[2996 sec, 13849602 itr]:      707.535
[2997 sec, 13855449 itr]:      707.535
[2998 sec, 13861112 itr]:      707.535
[2999 sec, 13866556 itr]:      707.535
[3000 sec, 13866556 itr]:      707.535
[ optimality gap       ]:      100.00%
[3001 sec, 13871848 itr]:      707.535
[3002 sec, 13883018 itr]:      707.535
[3003 sec, 13888553 itr]:      707.535
[3004 sec, 13894225 itr]:      707.535
[3005 sec, 13899931 itr]:      707.535
[3006 sec, 13905407 itr]:      707.535
[3007 sec, 13911040 itr]:      707.535
[3008 sec, 13911040 itr]:      707.535
[3009 sec, 13916083 itr]:      707.535
[3010 sec, 13926587 itr]:      707.535
[ optimality gap       ]:      100.00%
[3011 sec, 13932274 itr]:      707.535
[3012 sec, 13937724 itr]:      707.535
[3013 sec, 13943248 itr]:      707.535
[3014 sec, 13948778 itr]:      707.535
[3015 sec, 13954531 itr]:      707.535
[3016 sec, 13960342 itr]:      707.535
[3017 sec, 13960342 itr]:      707.535
[3018 sec, 13970772 itr]:      707.535
[3019 sec, 13976307 itr]:      707.535
[3020 sec, 13976307 itr]:      707.535
[ optimality gap       ]:      100.00%
[3021 sec, 13988138 itr]:      707.535
[3022 sec, 13993968 itr]:      707.535
[3023 sec, 13998632 itr]:      707.535
[3024 sec, 14004373 itr]:      707.535
[3025 sec, 14010050 itr]:      707.535
[3026 sec, 14010050 itr]:      707.535
[3027 sec, 14014991 itr]:      707.535
[3028 sec, 14024327 itr]:      707.535
[3029 sec, 14029944 itr]:      707.535
[3030 sec, 14034629 itr]:      707.535
[ optimality gap       ]:      100.00%
[3031 sec, 14034629 itr]:      707.535
[3032 sec, 14040112 itr]:      707.535
[3033 sec, 14051204 itr]:      707.535
[3034 sec, 14056587 itr]:      707.534
[3035 sec, 14056587 itr]:      707.534
[3036 sec, 14062230 itr]:      707.534
[3037 sec, 14073617 itr]:      707.534
[3038 sec, 14078572 itr]:      707.534
[3039 sec, 14084054 itr]:      707.534
[3040 sec, 14084054 itr]:      707.534
[ optimality gap       ]:      100.00%
[3041 sec, 14095718 itr]:      707.534
[3042 sec, 14101167 itr]:      707.534
[3043 sec, 14106599 itr]:      707.534
[3044 sec, 14106599 itr]:      707.534
[3045 sec, 14117057 itr]:      707.534
[3046 sec, 14117057 itr]:      707.534
[3047 sec, 14122623 itr]:      707.534
[3048 sec, 14128216 itr]:      707.534
[3049 sec, 14139106 itr]:      707.534
[3050 sec, 14143836 itr]:      707.534
[ optimality gap       ]:      100.00%
[3051 sec, 14149639 itr]:      707.534
[3052 sec, 14155317 itr]:      707.534
[3053 sec, 14155317 itr]:      707.534
[3054 sec, 14161112 itr]:      707.534
[3055 sec, 14171919 itr]:      707.534
[3056 sec, 14175664 itr]:      707.534
[3057 sec, 14181357 itr]:      707.534
[3058 sec, 14186024 itr]:      707.534
[3059 sec, 14186024 itr]:      707.534
[3060 sec, 14197548 itr]:      707.534
[ optimality gap       ]:      100.00%
[3061 sec, 14197548 itr]:      707.534
[3062 sec, 14203119 itr]:      707.534
[3063 sec, 14208362 itr]:      707.534
[3064 sec, 14219795 itr]:      707.534
[3065 sec, 14219795 itr]:      707.534
[3066 sec, 14230385 itr]:      707.534
[3067 sec, 14230385 itr]:      707.534
[3068 sec, 14236145 itr]:      707.534
[3069 sec, 14248024 itr]:      707.534
[3070 sec, 14248024 itr]:      707.534
[ optimality gap       ]:      100.00%
[3071 sec, 14259615 itr]:      707.534
[3072 sec, 14265292 itr]:      707.534
[3073 sec, 14270727 itr]:      707.534
[3074 sec, 14270727 itr]:      707.534
[3075 sec, 14276475 itr]:      707.534
[3076 sec, 14288083 itr]:      707.534
[3077 sec, 14288083 itr]:      707.534
[3078 sec, 14293713 itr]:      707.534
[3079 sec, 14304727 itr]:      707.534
[3080 sec, 14304727 itr]:      707.534
[ optimality gap       ]:      100.00%
[3081 sec, 14315301 itr]:      707.534
[3082 sec, 14320798 itr]:      707.534
[3083 sec, 14320798 itr]:      707.534
[3084 sec, 14332711 itr]:      707.534
[3085 sec, 14338428 itr]:      707.534
[3086 sec, 14343832 itr]:      707.534
[3087 sec, 14349080 itr]:      707.534
[3088 sec, 14354396 itr]:      707.534
[3089 sec, 14359978 itr]:      707.534
[3090 sec, 14366057 itr]:      707.534
[ optimality gap       ]:      100.00%
[3091 sec, 14371954 itr]:      707.534
[3092 sec, 14371954 itr]:      707.534
[3093 sec, 14382470 itr]:      707.534
[3094 sec, 14382470 itr]:      707.534
[3095 sec, 14392875 itr]:      707.534
[3096 sec, 14392875 itr]:      707.534
[3097 sec, 14402325 itr]:      707.534
[3098 sec, 14407955 itr]:      707.534
[3099 sec, 14413192 itr]:      707.534
[3100 sec, 14418864 itr]:      707.534
[ optimality gap       ]:      100.00%
[3101 sec, 14418864 itr]:      707.534
[3102 sec, 14424205 itr]:      707.534
[3103 sec, 14434566 itr]:      707.534
[3104 sec, 14434566 itr]:      707.534
[3105 sec, 14444069 itr]:      707.534
[3106 sec, 14444069 itr]:      707.534
[3107 sec, 14454065 itr]:      707.534
[3108 sec, 14454065 itr]:      707.534
[3109 sec, 14465605 itr]:      707.534
[3110 sec, 14465605 itr]:      707.534
[ optimality gap       ]:      100.00%
[3111 sec, 14476195 itr]:      707.534
[3112 sec, 14481074 itr]:      707.534
[3113 sec, 14481074 itr]:      707.534
[3114 sec, 14485952 itr]:      707.534
[3115 sec, 14495684 itr]:      707.534
[3116 sec, 14501426 itr]:      707.534
[3117 sec, 14507306 itr]:      707.534
[3118 sec, 14513012 itr]:      707.534
[3119 sec, 14518550 itr]:      707.534
[3120 sec, 14518550 itr]:      707.534
[ optimality gap       ]:      100.00%
[3121 sec, 14529084 itr]:      707.534
[3122 sec, 14534552 itr]:      707.534
[3123 sec, 14534552 itr]:      707.534
[3124 sec, 14540000 itr]:      707.534
[3125 sec, 14550944 itr]:      707.534
[3126 sec, 14550944 itr]:      707.534
[3127 sec, 14556545 itr]:      707.534
[3128 sec, 14561644 itr]:      707.534
[3129 sec, 14566457 itr]:      707.534
[3130 sec, 14575779 itr]:      707.534
[ optimality gap       ]:      100.00%
[3131 sec, 14575779 itr]:      707.534
[3132 sec, 14581803 itr]:      707.534
[3133 sec, 14587978 itr]:      707.534
[3134 sec, 14593437 itr]:      707.534
[3135 sec, 14604329 itr]:      707.534
[3136 sec, 14604329 itr]:      707.534
[3137 sec, 14610267 itr]:      707.534
[3138 sec, 14620954 itr]:      707.534
[3139 sec, 14620954 itr]:      707.534
[3140 sec, 14626472 itr]:      707.534
[ optimality gap       ]:      100.00%
[3141 sec, 14637203 itr]:      707.534
[3142 sec, 14637203 itr]:      707.534
[3143 sec, 14648233 itr]:      707.534
[3144 sec, 14648233 itr]:      707.534
[3145 sec, 14653882 itr]:      707.534
[3146 sec, 14659290 itr]:      707.534
[3147 sec, 14670388 itr]:      707.534
[3148 sec, 14670388 itr]:      707.534
[3149 sec, 14681951 itr]:      707.534
[3150 sec, 14681951 itr]:      707.534
[ optimality gap       ]:      100.00%
[3151 sec, 14692581 itr]:      707.534
[3152 sec, 14697735 itr]:      707.534
[3153 sec, 14697735 itr]:      707.534
[3154 sec, 14703616 itr]:      707.534
[3155 sec, 14709817 itr]:      707.534
[3156 sec, 14720748 itr]:      707.534
[3157 sec, 14725811 itr]:      707.534
[3158 sec, 14725811 itr]:      707.534
[3159 sec, 14731448 itr]:      707.534
[3160 sec, 14741360 itr]:      707.534
[ optimality gap       ]:      100.00%
[3161 sec, 14741360 itr]:      707.534
[3162 sec, 14746789 itr]:      707.534
[3163 sec, 14751321 itr]:      707.534
[3164 sec, 14756806 itr]:      707.534
[3165 sec, 14767734 itr]:      707.534
[3166 sec, 14773038 itr]:      707.534
[3167 sec, 14778414 itr]:      707.534
[3168 sec, 14784095 itr]:      707.534
[3169 sec, 14784095 itr]:      707.534
[3170 sec, 14795320 itr]:      707.534
[ optimality gap       ]:      100.00%
[3171 sec, 14800936 itr]:      707.534
[3172 sec, 14800936 itr]:      707.534
[3173 sec, 14806314 itr]:      707.534
[3174 sec, 14815988 itr]:      707.534
[3175 sec, 14815988 itr]:      707.534
[3176 sec, 14826812 itr]:      707.534
[3177 sec, 14831187 itr]:      707.534
[3178 sec, 14836976 itr]:      707.534
[3179 sec, 14842279 itr]:      707.534
[3180 sec, 14847730 itr]:      707.534
[ optimality gap       ]:      100.00%
[3181 sec, 14852333 itr]:      707.534
[3182 sec, 14857598 itr]:      707.534
[3183 sec, 14863180 itr]:      707.534
[3184 sec, 14867587 itr]:      707.534
[3185 sec, 14867587 itr]:      707.534
[3186 sec, 14878518 itr]:      707.534
[3187 sec, 14878518 itr]:      707.534
[3188 sec, 14889553 itr]:      707.534
[3189 sec, 14895088 itr]:      707.534
[3190 sec, 14900469 itr]:      707.534
[ optimality gap       ]:      100.00%
[3191 sec, 14900469 itr]:      707.534
[3192 sec, 14910649 itr]:      707.534
[3193 sec, 14916019 itr]:      707.534
[3194 sec, 14921481 itr]:      707.534
[3195 sec, 14921481 itr]:      707.534
[3196 sec, 14932062 itr]:      707.534
[3197 sec, 14938206 itr]:      707.534
[3198 sec, 14938206 itr]:      707.534
[3199 sec, 14949760 itr]:      707.534
[3200 sec, 14949760 itr]:      707.534
[ optimality gap       ]:      100.00%
[3201 sec, 14955200 itr]:      707.534
[3202 sec, 14964998 itr]:      707.534
[3203 sec, 14964998 itr]:      707.534
[3204 sec, 14975891 itr]:      707.534
[3205 sec, 14981656 itr]:      707.534
[3206 sec, 14981656 itr]:      707.534
[3207 sec, 14992468 itr]:      707.534
[3208 sec, 14997438 itr]:      707.534
[3209 sec, 15003219 itr]:      707.534
[3210 sec, 15008688 itr]:      707.534
[ optimality gap       ]:      100.00%
[3211 sec, 15014436 itr]:      707.534
[3212 sec, 15020057 itr]:      707.534
[3213 sec, 15025493 itr]:      707.534
[3214 sec, 15025493 itr]:      707.534
[3215 sec, 15030947 itr]:      707.534
[3216 sec, 15042138 itr]:      707.534
[3217 sec, 15047454 itr]:      707.534
[3218 sec, 15052129 itr]:      707.534
[3219 sec, 15057570 itr]:      707.534
[3220 sec, 15057570 itr]:      707.534
[ optimality gap       ]:      100.00%
[3221 sec, 15067998 itr]:      707.534
[3222 sec, 15073615 itr]:      707.534
[3223 sec, 15073615 itr]:      707.534
[3224 sec, 15083996 itr]:      707.534
[3225 sec, 15089845 itr]:      707.534
[3226 sec, 15095902 itr]:      707.534
[3227 sec, 15101422 itr]:      707.534
[3228 sec, 15107096 itr]:      707.534
[3229 sec, 15112705 itr]:      707.534
[3230 sec, 15117953 itr]:      707.534
[ optimality gap       ]:      100.00%
[3231 sec, 15117953 itr]:      707.534
[3232 sec, 15128414 itr]:      707.534
[3233 sec, 15128414 itr]:      707.534
[3234 sec, 15140188 itr]:      707.534
[3235 sec, 15145261 itr]:      707.534
[3236 sec, 15145261 itr]:      707.534
[3237 sec, 15151403 itr]:      707.534
[3238 sec, 15157090 itr]:      707.534
[3239 sec, 15162663 itr]:      707.534
[3240 sec, 15173243 itr]:      707.534
[ optimality gap       ]:      100.00%
[3241 sec, 15173243 itr]:      707.534
[3242 sec, 15184707 itr]:      707.534
[3243 sec, 15190490 itr]:      707.534
[3244 sec, 15196082 itr]:      707.534
[3245 sec, 15201948 itr]:      707.534
[3246 sec, 15207790 itr]:      707.534
[3247 sec, 15213324 itr]:      707.534
[3248 sec, 15219017 itr]:      707.534
[3249 sec, 15223888 itr]:      707.534
[3250 sec, 15223888 itr]:      707.534
[ optimality gap       ]:      100.00%
[3251 sec, 15229738 itr]:      707.534
[3252 sec, 15235158 itr]:      707.534
[3253 sec, 15245550 itr]:      707.534
[3254 sec, 15245550 itr]:      707.534
[3255 sec, 15250790 itr]:      707.534
[3256 sec, 15261131 itr]:      707.534
[3257 sec, 15266659 itr]:      707.534
[3258 sec, 15266659 itr]:      707.534
[3259 sec, 15278654 itr]:      707.534
[3260 sec, 15278654 itr]:      707.534
[ optimality gap       ]:      100.00%
[3261 sec, 15290135 itr]:      707.534
[3262 sec, 15295664 itr]:      707.534
[3263 sec, 15295664 itr]:      707.534
[3264 sec, 15306772 itr]:      707.534
[3265 sec, 15306772 itr]:      707.534
[3266 sec, 15312645 itr]:      707.534
[3267 sec, 15318379 itr]:      707.534
[3268 sec, 15330057 itr]:      707.534
[3269 sec, 15335956 itr]:      707.534
[3270 sec, 15341473 itr]:      707.534
[ optimality gap       ]:      100.00%
[3271 sec, 15346205 itr]:      707.534
[3272 sec, 15346205 itr]:      707.534
[3273 sec, 15358194 itr]:      707.534
[3274 sec, 15363957 itr]:      707.534
[3275 sec, 15363957 itr]:      707.534
[3276 sec, 15368853 itr]:      707.534
[3277 sec, 15372832 itr]:      707.534
[3278 sec, 15383240 itr]:      707.534
[3279 sec, 15383240 itr]:      707.534
[3280 sec, 15394147 itr]:      707.534
[ optimality gap       ]:      100.00%
[3281 sec, 15394147 itr]:      707.534
[3282 sec, 15404917 itr]:      707.534
[3283 sec, 15404917 itr]:      707.534
[3284 sec, 15410320 itr]:      707.534
[3285 sec, 15419515 itr]:      707.534
[3286 sec, 15424968 itr]:      707.534
[3287 sec, 15430633 itr]:      707.534
[3288 sec, 15430633 itr]:      707.534
[3289 sec, 15440122 itr]:      707.534
[3290 sec, 15445772 itr]:      707.534
[ optimality gap       ]:      100.00%
[3291 sec, 15445772 itr]:      707.534
[3292 sec, 15451183 itr]:      707.534
[3293 sec, 15456199 itr]:      707.534
[3294 sec, 15461948 itr]:      707.534
[3295 sec, 15472599 itr]:      707.534
[3296 sec, 15472599 itr]:      707.534
[3297 sec, 15478209 itr]:      707.534
[3298 sec, 15489376 itr]:      707.534
[3299 sec, 15494848 itr]:      707.534
[3300 sec, 15494848 itr]:      707.534
[ optimality gap       ]:      100.00%
[3301 sec, 15505441 itr]:      707.534
[3302 sec, 15505441 itr]:      707.534
[3303 sec, 15511215 itr]:      707.534
[3304 sec, 15516468 itr]:      707.534
[3305 sec, 15528283 itr]:      707.534
[3306 sec, 15533204 itr]:      707.534
[3307 sec, 15533204 itr]:      707.534
[3308 sec, 15543669 itr]:      707.534
[3309 sec, 15549418 itr]:      707.534
[3310 sec, 15555063 itr]:      707.534
[ optimality gap       ]:      100.00%
[3311 sec, 15555063 itr]:      707.534
[3312 sec, 15560711 itr]:      707.534
[3313 sec, 15566119 itr]:      707.534
[3314 sec, 15576759 itr]:      707.534
[3315 sec, 15581526 itr]:      707.534
[3316 sec, 15581526 itr]:      707.534
[3317 sec, 15592438 itr]:      707.534
[3318 sec, 15597085 itr]:      707.534
[3319 sec, 15597085 itr]:      707.534
[3320 sec, 15603385 itr]:      707.534
[ optimality gap       ]:      100.00%
[3321 sec, 15608183 itr]:      707.534
[3322 sec, 15619193 itr]:      707.534
[3323 sec, 15624974 itr]:      707.534
[3324 sec, 15624974 itr]:      707.534
[3325 sec, 15629514 itr]:      707.534
[3326 sec, 15639656 itr]:      707.534
[3327 sec, 15644481 itr]:      707.534
[3328 sec, 15650116 itr]:      707.534
[3329 sec, 15650116 itr]:      707.534
[3330 sec, 15661126 itr]:      707.534
[ optimality gap       ]:      100.00%
[3331 sec, 15666989 itr]:      707.534
[3332 sec, 15666989 itr]:      707.534
[3333 sec, 15671767 itr]:      707.534
[3334 sec, 15676915 itr]:      707.534
[3335 sec, 15687846 itr]:      707.534
[3336 sec, 15693787 itr]:      707.534
[3337 sec, 15699584 itr]:      707.534
[3338 sec, 15699584 itr]:      707.534
[3339 sec, 15705202 itr]:      707.534
[3340 sec, 15716773 itr]:      707.534
[ optimality gap       ]:      100.00%
[3341 sec, 15722401 itr]:      707.534
[3342 sec, 15722401 itr]:      707.534
[3343 sec, 15732087 itr]:      707.534
[3344 sec, 15737555 itr]:      707.534
[3345 sec, 15743193 itr]:      707.534
[3346 sec, 15743193 itr]:      707.534
[3347 sec, 15754430 itr]:      707.534
[3348 sec, 15754430 itr]:      707.534
[3349 sec, 15760125 itr]:      707.534
[3350 sec, 15770944 itr]:      707.534
[ optimality gap       ]:      100.00%
[3351 sec, 15770944 itr]:      707.534
[3352 sec, 15782091 itr]:      707.534
[3353 sec, 15788107 itr]:      707.534
[3354 sec, 15788107 itr]:      707.534
[3355 sec, 15800281 itr]:      707.534
[3356 sec, 15800281 itr]:      707.534
[3357 sec, 15805925 itr]:      707.534
[3358 sec, 15811418 itr]:      707.534
[3359 sec, 15823098 itr]:      707.534
[3360 sec, 15827420 itr]:      707.534
[ optimality gap       ]:      100.00%
[3361 sec, 15833296 itr]:      707.534
[3362 sec, 15838818 itr]:      707.534
[3363 sec, 15844612 itr]:      707.534
[3364 sec, 15849524 itr]:      707.534
[3365 sec, 15849524 itr]:      707.534
[3366 sec, 15857903 itr]:      707.534
[3367 sec, 15857903 itr]:      707.534
[3368 sec, 15869623 itr]:      707.534
[3369 sec, 15874266 itr]:      707.534
[3370 sec, 15879978 itr]:      707.534
[ optimality gap       ]:      100.00%
[3371 sec, 15885823 itr]:      707.534
[3372 sec, 15885823 itr]:      707.534
[3373 sec, 15896921 itr]:      707.534
[3374 sec, 15896921 itr]:      707.534
[3375 sec, 15901688 itr]:      707.534
[3376 sec, 15912555 itr]:      707.534
[3377 sec, 15912555 itr]:      707.534
[3378 sec, 15923132 itr]:      707.534
[3379 sec, 15923132 itr]:      707.534
[3380 sec, 15934607 itr]:      707.534
[ optimality gap       ]:      100.00%
[3381 sec, 15934607 itr]:      707.534
[3382 sec, 15940006 itr]:      707.534
[3383 sec, 15950122 itr]:      707.534
[3384 sec, 15955648 itr]:      707.534
[3385 sec, 15961138 itr]:      707.534
[3386 sec, 15966507 itr]:      707.534
[3387 sec, 15972051 itr]:      707.534
[3388 sec, 15977208 itr]:      707.534
[3389 sec, 15981624 itr]:      707.534
[3390 sec, 15981624 itr]:      707.534
[ optimality gap       ]:      100.00%
[3391 sec, 15992120 itr]:      707.534
[3392 sec, 15992120 itr]:      707.534
[3393 sec, 15997910 itr]:      707.534
[3394 sec, 16003477 itr]:      707.534
[3395 sec, 16009301 itr]:      707.534
[3396 sec, 16020989 itr]:      707.534
[3397 sec, 16020989 itr]:      707.534
[3398 sec, 16026666 itr]:      707.534
[3399 sec, 16030807 itr]:      707.534
[3400 sec, 16040903 itr]:      707.534
[ optimality gap       ]:      100.00%
[3401 sec, 16040903 itr]:      707.534
[3402 sec, 16051476 itr]:      707.534
[3403 sec, 16056992 itr]:      707.534
[3404 sec, 16056992 itr]:      707.534
[3405 sec, 16062361 itr]:      707.534
[3406 sec, 16067803 itr]:      707.534
[3407 sec, 16073298 itr]:      707.534
[3408 sec, 16084722 itr]:      707.534
[3409 sec, 16084722 itr]:      707.534
[3410 sec, 16090024 itr]:      707.534
[ optimality gap       ]:      100.00%
[3411 sec, 16100534 itr]:      707.534
[3412 sec, 16105532 itr]:      707.534
[3413 sec, 16105532 itr]:      707.534
[3414 sec, 16115802 itr]:      707.534
[3415 sec, 16115802 itr]:      707.534
[3416 sec, 16120834 itr]:      707.534
[3417 sec, 16130501 itr]:      707.534
[3418 sec, 16130501 itr]:      707.534
[3419 sec, 16139183 itr]:      707.534
[3420 sec, 16145077 itr]:      707.534
[ optimality gap       ]:      100.00%
[3421 sec, 16151045 itr]:      707.534
[3422 sec, 16151045 itr]:      707.534
[3423 sec, 16160887 itr]:      707.534
[3424 sec, 16166130 itr]:      707.534
[3425 sec, 16166130 itr]:      707.534
[3426 sec, 16176434 itr]:      707.534
[3427 sec, 16181780 itr]:      707.534
[3428 sec, 16181780 itr]:      707.534
[3429 sec, 16187216 itr]:      707.534
[3430 sec, 16197992 itr]:      707.534
[ optimality gap       ]:      100.00%
[3431 sec, 16197992 itr]:      707.534
[3432 sec, 16209241 itr]:      707.534
[3433 sec, 16209241 itr]:      707.534
[3434 sec, 16219151 itr]:      707.534
[3435 sec, 16224334 itr]:      707.534
[3436 sec, 16229616 itr]:      707.534
[3437 sec, 16229616 itr]:      707.534
[3438 sec, 16240004 itr]:      707.534
[3439 sec, 16245449 itr]:      707.534
[3440 sec, 16250810 itr]:      707.534
[ optimality gap       ]:      100.00%
[3441 sec, 16250810 itr]:      707.534
[3442 sec, 16260880 itr]:      707.534
[3443 sec, 16266215 itr]:      707.534
[3444 sec, 16266215 itr]:      707.534
[3445 sec, 16272034 itr]:      707.534
[3446 sec, 16282990 itr]:      707.534
[3447 sec, 16282990 itr]:      707.534
[3448 sec, 16288645 itr]:      707.534
[3449 sec, 16294258 itr]:      707.534
[3450 sec, 16305787 itr]:      707.534
[ optimality gap       ]:      100.00%
[3451 sec, 16311292 itr]:      707.534
[3452 sec, 16311292 itr]:      707.534
[3453 sec, 16322200 itr]:      707.534
[3454 sec, 16322200 itr]:      707.534
[3455 sec, 16328014 itr]:      707.534
[3456 sec, 16339707 itr]:      707.534
[3457 sec, 16345645 itr]:      707.534
[3458 sec, 16345645 itr]:      707.534
[3459 sec, 16351631 itr]:      707.534
[3460 sec, 16363369 itr]:      707.534
[ optimality gap       ]:      100.00%
[3461 sec, 16363369 itr]:      707.534
[3462 sec, 16369050 itr]:      707.534
[3463 sec, 16374869 itr]:      707.534
[3464 sec, 16379763 itr]:      707.534
[3465 sec, 16390987 itr]:      707.534
[3466 sec, 16390987 itr]:      707.534
[3467 sec, 16396766 itr]:      707.534
[3468 sec, 16402340 itr]:      707.534
[3469 sec, 16407811 itr]:      707.534
[3470 sec, 16413180 itr]:      707.534
[ optimality gap       ]:      100.00%
[3471 sec, 16424536 itr]:      707.534
[3472 sec, 16424536 itr]:      707.534
[3473 sec, 16436063 itr]:      707.534
[3474 sec, 16436063 itr]:      707.534
[3475 sec, 16440928 itr]:      707.534
[3476 sec, 16449654 itr]:      707.534
[3477 sec, 16455017 itr]:      707.534
[3478 sec, 16455017 itr]:      707.534
[3479 sec, 16465374 itr]:      707.534
[3480 sec, 16465374 itr]:      707.534
[ optimality gap       ]:      100.00%
[3481 sec, 16469991 itr]:      707.534
[3482 sec, 16474949 itr]:      707.534
[3483 sec, 16486347 itr]:      707.534
[3484 sec, 16492012 itr]:      707.534
[3485 sec, 16492012 itr]:      707.534
[3486 sec, 16497821 itr]:      707.534
[3487 sec, 16508251 itr]:      707.534
[3488 sec, 16508251 itr]:      707.534
[3489 sec, 16518042 itr]:      707.534
[3490 sec, 16523151 itr]:      707.534
[ optimality gap       ]:      100.00%
[3491 sec, 16528797 itr]:      707.534
[3492 sec, 16534732 itr]:      707.534
[3493 sec, 16534732 itr]:      707.534
[3494 sec, 16540097 itr]:      707.534
[3495 sec, 16550342 itr]:      707.534
[3496 sec, 16555950 itr]:      707.534
[3497 sec, 16561328 itr]:      707.534
[3498 sec, 16566907 itr]:      707.534
[3499 sec, 16572157 itr]:      707.534
[3500 sec, 16577154 itr]:      707.534
[ optimality gap       ]:      100.00%
[3501 sec, 16582043 itr]:      707.534
[3502 sec, 16582043 itr]:      707.534
[3503 sec, 16587630 itr]:      707.534
[3504 sec, 16598463 itr]:      707.534
[3505 sec, 16603234 itr]:      707.534
[3506 sec, 16608207 itr]:      707.534
[3507 sec, 16608207 itr]:      707.534
[3508 sec, 16619190 itr]:      707.534
[3509 sec, 16619190 itr]:      707.534
[3510 sec, 16623986 itr]:      707.534
[ optimality gap       ]:      100.00%
[3511 sec, 16635005 itr]:      707.534
[3512 sec, 16635005 itr]:      707.534
[3513 sec, 16645870 itr]:      707.534
[3514 sec, 16651654 itr]:      707.534
[3515 sec, 16651654 itr]:      707.534
[3516 sec, 16657669 itr]:      707.534
[3517 sec, 16668253 itr]:      707.534
[3518 sec, 16674388 itr]:      707.534
[3519 sec, 16680107 itr]:      707.534
[3520 sec, 16685805 itr]:      707.534
[ optimality gap       ]:      100.00%
[3521 sec, 16691586 itr]:      707.534
[3522 sec, 16691586 itr]:      707.534
[3523 sec, 16697002 itr]:      707.534
[3524 sec, 16707872 itr]:      707.534
[3525 sec, 16707872 itr]:      707.534
[3526 sec, 16718303 itr]:      707.534
[3527 sec, 16718303 itr]:      707.534
[3528 sec, 16723915 itr]:      707.534
[3529 sec, 16733796 itr]:      707.534
[3530 sec, 16733796 itr]:      707.534
[ optimality gap       ]:      100.00%
[3531 sec, 16744132 itr]:      707.534
[3532 sec, 16744132 itr]:      707.534
[3533 sec, 16754463 itr]:      707.534
[3534 sec, 16754463 itr]:      707.534
[3535 sec, 16759688 itr]:      707.534
[3536 sec, 16764051 itr]:      707.534
[3537 sec, 16773510 itr]:      707.534
[3538 sec, 16779021 itr]:      707.534
[3539 sec, 16784325 itr]:      707.534
[3540 sec, 16788934 itr]:      707.534
[ optimality gap       ]:      100.00%
[3541 sec, 16788934 itr]:      707.534
[3542 sec, 16800228 itr]:      707.534
[3543 sec, 16800228 itr]:      707.534
[3544 sec, 16810258 itr]:      707.534
[3545 sec, 16816073 itr]:      707.534
[3546 sec, 16821188 itr]:      707.534
[3547 sec, 16826670 itr]:      707.534
[3548 sec, 16826670 itr]:      707.534
[3549 sec, 16836781 itr]:      707.534
[3550 sec, 16842239 itr]:      707.534
[ optimality gap       ]:      100.00%
[3551 sec, 16842239 itr]:      707.534
[3552 sec, 16853034 itr]:      707.534
[3553 sec, 16858289 itr]:      707.534
[3554 sec, 16863719 itr]:      707.534
[3555 sec, 16868217 itr]:      707.534
[3556 sec, 16873454 itr]:      707.534
[3557 sec, 16878743 itr]:      707.534
[3558 sec, 16884219 itr]:      707.534
[3559 sec, 16884219 itr]:      707.534
[3560 sec, 16889727 itr]:      707.534
[ optimality gap       ]:      100.00%
[3561 sec, 16895127 itr]:      707.534
[3562 sec, 16906040 itr]:      707.534
[3563 sec, 16911161 itr]:      707.534
[3564 sec, 16911161 itr]:      707.534
[3565 sec, 16922202 itr]:      707.534
[3566 sec, 16922202 itr]:      707.534
[3567 sec, 16933853 itr]:      707.534
[3568 sec, 16933853 itr]:      707.534
[3569 sec, 16939655 itr]:      707.534
[3570 sec, 16948163 itr]:      707.534
[ optimality gap       ]:      100.00%
[3571 sec, 16948163 itr]:      707.534
[3572 sec, 16953676 itr]:      707.534
[3573 sec, 16958957 itr]:      707.534
[3574 sec, 16969908 itr]:      707.534
[3575 sec, 16975935 itr]:      707.534
[3576 sec, 16981437 itr]:      707.534
[3577 sec, 16981437 itr]:      707.534
[3578 sec, 16987134 itr]:      707.534
[3579 sec, 16996974 itr]:      707.534
[3580 sec, 16996974 itr]:      707.534
[ optimality gap       ]:      100.00%
[3581 sec, 17006798 itr]:      707.534
[3582 sec, 17006798 itr]:      707.534
[3583 sec, 17012266 itr]:      707.534
[3584 sec, 17022878 itr]:      707.534
[3585 sec, 17027331 itr]:      707.534
[3586 sec, 17027331 itr]:      707.534
[3587 sec, 17031942 itr]:      707.534
[3588 sec, 17041076 itr]:      707.534
[3589 sec, 17046543 itr]:      707.534
[3590 sec, 17052168 itr]:      707.534
[ optimality gap       ]:      100.00%
[3591 sec, 17058052 itr]:      707.534
[3592 sec, 17063530 itr]:      707.534
[3593 sec, 17069145 itr]:      707.534
[3594 sec, 17074589 itr]:      707.534
[3595 sec, 17079982 itr]:      707.534
[3596 sec, 17085461 itr]:      707.534
[3597 sec, 17091753 itr]:      707.534
[3598 sec, 17097334 itr]:      707.534
[3599 sec, 17103111 itr]:      707.534
[3600 sec, 17103111 itr]:      707.534
[ optimality gap       ]:      100.00%
[3600 sec, 17107908 itr]:      707.534
[ optimality gap       ]:      100.00%

17107908 iterations performed in 3600 seconds

Feasible solution: 
  obj    =      707.534
  gap    =      100.00%
  bounds =            0
Time limit reached, but a feasible solution is available
  objective value = 707.53418067341
  status = HxSolutionStatus.FEASIBLE, iterations = 17107908, time = 3600.00s, gap = 100.00%

[04:19:03.190302] Saving solution to file: /dados/rmelo/PDPTW-SE/benchmark_multi_island_v5/official_experiments/mip_hexaly/set_02_pt_03/logs/form_melo_hx/solutions/08R_08V_02I_03M/lr202_sol_genconfig_melo_hx.txt

[04:19:03] Saving solution timeline to file: /dados/rmelo/PDPTW-SE/benchmark_multi_island_v5/official_experiments/mip_hexaly/set_02_pt_03/logs/form_melo_hx/timelines/08R_08V_02I_03M/lr202_timeline_genconfig_melo_hx.txt

[23/09/2025 04:19:03] Writing results to CSV: /dados/rmelo/PDPTW-SE/benchmark_multi_island_v5/official_experiments/mip_hexaly/set_02_pt_03/logs/form_melo_hx/outputs/csvresults_form_melo_hx.csv
---------------------| VEHICLES |---------------------

Vehicle 1 :
	id: 0
			node: 0
			(x, y, z): (35, 35, 0)
			dem: 0
			earl: 0
			lat: 1000
			servt: 0
			pid: 0
			did: 0
			servST: 291.4606461343917
			(h, h_ind): (-1, -1)
			load: 0.0
			
	Finished service at time: 291.4606461343917
	
	Task 0 -> Task 11: 33.54
	Vehicle arrival at task: 325.00064613439173
	Waiting time until service start time: -0.0
	
	id: 11
			node: 5
			(x, y, z): (20, 65, 0)
			dem: 12
			earl: 206
			lat: 325
			servt: 10
			pid: 0
			did: 51
			servST: 325.0
			(h, h_ind): (-1, -1)
			load: 12.0
			
	Finished service at time: 335.0
	
	Task 11 -> Task 51: 29.83
	Vehicle arrival at task: 364.83
	Waiting time until service start time: 15.14
	
	id: 51
			node: 13
			(x, y, z): (49, 58, 0)
			dem: -12
			earl: 348
			lat: 453
			servt: 10
			pid: 11
			did: 0
			servST: 379.97249234319764
			(h, h_ind): (-1, -1)
			load: 0.0
			
	Finished service at time: 389.97249234319764
	
	Task 51 -> Task 9: 6.32
	Vehicle arrival at task: 396.29249234319764
	Waiting time until service start time: 3.71
	
	id: 9
			node: 4
			(x, y, z): (55, 60, 0)
			dem: 16
			earl: 400
			lat: 497
			servt: 10
			pid: 0
			did: 90
			servST: 400.0
			(h, h_ind): (-1, -1)
			load: 16.0
			
	Finished service at time: 410.0
	
	Task 9 -> Task 90: 25.0
	Vehicle arrival at task: 435.0
	Waiting time until service start time: 0.0
	
	id: 90
			node: 12
			(x, y, z): (31, 67, 0)
			dem: -16
			earl: 392
			lat: 487
			servt: 10
			pid: 9
			did: 0
			servST: 435.0
			(h, h_ind): (-1, -1)
			load: 0.0
			
	Finished service at time: 445.0
	
	Task 90 -> Task 0: 32.25
	Vehicle arrival at task: 477.25
	Waiting time until service start time: -0.0
	
	id: 0
			node: 17
			(x, y, z): (35, 35, 0)
			dem: 0
			earl: 0
			lat: 1000
			servt: 0
			pid: 0
			did: 0
			servST: 477.2490491362949
			(h, h_ind): (-1, -1)
			load: 0.0
			

Vehicle 2 :
	id: 0
			node: 0
			(x, y, z): (35, 35, 0)
			dem: 0
			earl: 0
			lat: 1000
			servt: 0
			pid: 0
			did: 0
			servST: 409.0815948561425
			(h, h_ind): (-1, -1)
			load: 0.0
			
	Finished service at time: 409.0815948561425
	
	Using Machine: 0
			Task 0 -> Machine 0 (Station 0): 2.24
			Vehicle arrival at machine station: 411.3215948561425
			Waiting time until machine travel: -0.0
			Machine travel start time: 411.3209293424434
			Region 0 -> Region 1: 11.4
			Machine arrival at machine station: 422.72092934244336
			
			Machine 0 (Station 1)-> Task 2: 12.21
			Vehicle arrival at task: 434.93092934244333
			Waiting time until service start time: 0.0
			
	id: 2
			node: 1
			(x, y, z): (35, 17, 1)
			dem: 7
			earl: 0
			lat: 972
			servt: 10
			pid: 0
			did: 43
			servST: 434.9309602138884
			(h, h_ind): (0, 2)
			load: 7.0
			
	Finished service at time: 444.9309602138884
	
	Task 2 -> Task 8: 36.07
	Vehicle arrival at task: 481.0009602138884
	Waiting time until service start time: -0.0
	
	id: 8
			node: 3
			(x, y, z): (10, 43, 1)
			dem: 9
			earl: 404
			lat: 481
			servt: 10
			pid: 0
			did: 55
			servST: 481.0
			(h, h_ind): (-1, -1)
			load: 16.0
			
	Finished service at time: 491.0
	
	Using Machine: 1
			Task 8 -> Machine 1 (Station 1): 22.67
			Vehicle arrival at machine station: 513.67
			Waiting time until machine travel: 3.25
			Machine travel start time: 516.924723766282
			Region 1 -> Region 0: 12.53
			Machine arrival at machine station: 529.454723766282
			
			Machine 1 (Station 0)-> Task 12: 12.04
			Vehicle arrival at task: 541.4947237662819
			Waiting time until service start time: 0.02
			
	id: 12
			node: 6
			(x, y, z): (50, 35, 0)
			dem: 19
			earl: 0
			lat: 975
			servt: 10
			pid: 0
			did: 26
			servST: 541.5165129549652
			(h, h_ind): (1, 0)
			load: 35.0
			
	Finished service at time: 551.5165129549652
	
	Task 12 -> Task 26: 7.07
	Vehicle arrival at task: 558.5865129549652
	Waiting time until service start time: 0.0
	
	id: 26
			node: 14
			(x, y, z): (45, 30, 0)
			dem: -19
			earl: 0
			lat: 978
			servt: 10
			pid: 12
			did: 0
			servST: 558.5910119818896
			(h, h_ind): (-1, -1)
			load: 16.0
			
	Finished service at time: 568.5910119818896
	
	Task 26 -> Task 3: 18.03
	Vehicle arrival at task: 586.6210119818895
	Waiting time until service start time: 0.0
	
	id: 3
			node: 2
			(x, y, z): (55, 45, 0)
			dem: 13
			earl: 0
			lat: 967
			servt: 10
			pid: 0
			did: 100
			servST: 586.6210119818895
			(h, h_ind): (-1, -1)
			load: 29.0
			
	Finished service at time: 596.6210119818895
	
	Task 3 -> Task 55: 23.41
	Vehicle arrival at task: 620.0310119818895
	Waiting time until service start time: 0.0
	
	id: 55
			node: 11
			(x, y, z): (63, 23, 0)
			dem: -9
			earl: 620
			lat: 739
			servt: 10
			pid: 8
			did: 0
			servST: 620.0318564081966
			(h, h_ind): (-1, -1)
			load: 19.999999963436213
			
	Finished service at time: 630.0318564081966
	
	Using Machine: 2
			Task 55 -> Machine 2 (Station 0): 26.93
			Vehicle arrival at machine station: 656.9618564081966
			Waiting time until machine travel: 3.5
			Machine travel start time: 660.4660108406708
			Region 0 -> Region 1: 12.65
			Machine arrival at machine station: 673.1160108406708
			
			Machine 2 (Station 1)-> Task 43: 26.17
			Vehicle arrival at task: 699.2860108406708
			Waiting time until service start time: 0.0
			
	id: 43
			node: 9
			(x, y, z): (23, 3, 1)
			dem: -7
			earl: 620
			lat: 705
			servt: 10
			pid: 2
			did: 0
			servST: 699.286010840671
			(h, h_ind): (2, 0)
			load: 13.0
			
	Finished service at time: 709.286010840671
	
	Task 43 -> Task 13: 23.09
	Vehicle arrival at task: 732.376010840671
	Waiting time until service start time: -0.0
	
	id: 13
			node: 7
			(x, y, z): (30, 25, 1)
			dem: 23
			earl: 690
			lat: 827
			servt: 10
			pid: 0
			did: 60
			servST: 732.3760108406709
			(h, h_ind): (-1, -1)
			load: 36.0
			
	Finished service at time: 742.3760108406709
	
	Task 13 -> Task 60: 15.81
	Vehicle arrival at task: 758.1860108406709
	Waiting time until service start time: 6.31
	
	id: 60
			node: 15
			(x, y, z): (17, 34, 1)
			dem: -23
			earl: 721
			lat: 862
			servt: 10
			pid: 13
			did: 0
			servST: 764.4951571294325
			(h, h_ind): (-1, -1)
			load: 13.0
			
	Finished service at time: 774.4951571294325
	
	Task 60 -> Task 100: 16.03
	Vehicle arrival at task: 790.5251571294325
	Waiting time until service start time: 7.47
	
	id: 100
			node: 10
			(x, y, z): (18, 18, 1)
			dem: -13
			earl: 798
			lat: 965
			servt: 10
			pid: 3
			did: 0
			servST: 798.0
			(h, h_ind): (-1, -1)
			load: 0.0
			
	Finished service at time: 808.0
	
	Using Machine: 0
			Task 100 -> Machine 0 (Station 1): 13.45
			Vehicle arrival at machine station: 821.45
			Waiting time until machine travel: -0.0
			Machine travel start time: 821.4483695820111
			Region 1 -> Region 0: 11.4
			Machine arrival at machine station: 832.8483695820111
			
			Machine 0 (Station 0)-> Task 0: 2.24
			Vehicle arrival at task: 835.0883695820111
			Waiting time until service start time: -0.0
			
	id: 0
			node: 17
			(x, y, z): (35, 35, 0)
			dem: 0
			earl: 0
			lat: 1000
			servt: 0
			pid: 0
			did: 0
			servST: 835.0883683578264
			(h, h_ind): (0, 3)
			load: 0.0
			

Vehicle 7 :
	id: 0
			node: 0
			(x, y, z): (35, 35, 0)
			dem: 0
			earl: 0
			lat: 1000
			servt: 0
			pid: 0
			did: 0
			servST: 207.96048028333257
			(h, h_ind): (-1, -1)
			load: 0.0
			
	Finished service at time: 207.96048028333257
	
	Using Machine: 0
			Task 0 -> Machine 0 (Station 0): 2.24
			Vehicle arrival at machine station: 210.20048028333258
			Waiting time until machine travel: -0.0
			Machine travel start time: 210.20048028333235
			Region 0 -> Region 1: 11.4
			Machine arrival at machine station: 221.60048028333236
			
			Machine 0 (Station 1)-> Task 14: 21.4
			Vehicle arrival at task: 243.00048028333237
			Waiting time until service start time: -0.0
			
	id: 14
			node: 8
			(x, y, z): (15, 10, 1)
			dem: 20
			earl: 32
			lat: 243
			servt: 10
			pid: 0
			did: 44
			servST: 243.0
			(h, h_ind): (0, 0)
			load: 20.0
			
	Finished service at time: 253.0
	
	Task 14 -> Task 44: 5.66
	Vehicle arrival at task: 258.66
	Waiting time until service start time: -0.0
	
	id: 44
			node: 16
			(x, y, z): (11, 14, 1)
			dem: -20
			earl: 233
			lat: 340
			servt: 10
			pid: 14
			did: 0
			servST: 258.6594863843571
			(h, h_ind): (-1, -1)
			load: 0.0
			
	Finished service at time: 268.6594863843571
	
	Using Machine: 0
			Task 44 -> Machine 0 (Station 1): 21.4
			Vehicle arrival at machine station: 290.05948638435706
			Waiting time until machine travel: 0.0
			Machine travel start time: 290.05948638435717
			Region 1 -> Region 0: 11.4
			Machine arrival at machine station: 301.45948638435715
			
			Machine 0 (Station 0)-> Task 0: 2.24
			Vehicle arrival at task: 303.69948638435716
			Waiting time until service start time: 0.0
			
	id: 0
			node: 17
			(x, y, z): (35, 35, 0)
			dem: 0
			earl: 0
			lat: 1000
			servt: 0
			pid: 0
			did: 0
			servST: 303.69948638435716
			(h, h_ind): (0, 1)
			load: 0.0
			

---------------------| MACHINES |---------------------

Machine 0 :
	setup duration: 0.0
	
	vehicle: 7
	vehicleInd: 1
	(orig, dest): (0, 8)
	(origID, destID): (0, 14)
	(origRegion, destRegion): (0, 1)
	st: 210.20048028333235
	duration: 11.4
	
	setup duration: 0.0
	
	vehicle: 7
	vehicleInd: 3
	(orig, dest): (16, 17)
	(origID, destID): (44, 0)
	(origRegion, destRegion): (1, 0)
	st: 290.05948638435717
	duration: 11.4
	
	setup duration: 0.0
	
	vehicle: 2
	vehicleInd: 1
	(orig, dest): (0, 1)
	(origID, destID): (0, 2)
	(origRegion, destRegion): (0, 1)
	st: 411.3209293424434
	duration: 11.4
	
	setup duration: 0.0
	
	vehicle: 2
	vehicleInd: 11
	(orig, dest): (10, 17)
	(origID, destID): (100, 0)
	(origRegion, destRegion): (1, 0)
	st: 821.4483695820111
	duration: 11.4
	

Machine 1 :
	setup duration: 12.53
	
	vehicle: 2
	vehicleInd: 3
	(orig, dest): (3, 6)
	(origID, destID): (8, 12)
	(origRegion, destRegion): (1, 0)
	st: 516.924723766282
	duration: 12.53
	

Machine 2 :
	setup duration: 0.0
	
	vehicle: 2
	vehicleInd: 7
	(orig, dest): (11, 9)
	(origID, destID): (55, 43)
	(origRegion, destRegion): (0, 1)
	st: 660.4660108406708
	duration: 12.65
	

-------------------| COMPL. TIMES |-------------------

Vehicle 0 : 0.0
Vehicle 1 : 185.7884
Vehicle 2 : 426.00677
Vehicle 3 : 0.0
Vehicle 4 : 0.0
Vehicle 5 : 0.0
Vehicle 6 : -0.0
Vehicle 7 : 95.73901
-------------------| STATISTICS |-------------------

    Vehicles used                           : 37.5
    Machines used                           : 100.0
    Max load (vehicles)                     : 78.2609
    Min load (vehicles)                     : 42.1053
    Mean load (vehicles)                    : 54.6148
    Min completion time                     : 9.5739
    Max completion time                     : 42.6007
    Mean completion time                    : 23.5845
    Avrg travel time (with vehicle)         : 3.161
    Avrg travel time (only with vehicle)    : 2.3593
    Avrg travel time (no vehicle)           : 0.8017
    Avrg waiting time (machine travel)      : 0.5289
    Avrg waiting time (service)             : 1.2501
    Machines travel times (with vehicle)    : [5.7, 1.253, 2.53]
    Machines travel times (no vehicle)      : [1.14, 0.0, 1.265]
    Max load per vehicle                    : [0.0, 42.1053, 78.2609, 0.0, 0.0, 0.0, 0.0, 43.4783]
----------------------------------------------------

TOTAL: 707.53418

Everything is awesome!
