Set parameter WLSAccessID
Set parameter WLSSecret
Set parameter LicenseID to value 2661775
Academic license 2661775 - for non-commercial use only - registered to me___@dcc.ufba.br
Loading line 2: methodType heur
Loading line 3: methodCode mslp
Loading line 4: seed 0
Loading line 5: threads 1
Loading line 6: greedy_service_order random
Loading line 7: outputFlagGrbMSLP 0
Loading line 8: mslpa 60000
Loading line 9: mslpr I
Loading line 10: maxtime 3600
Loading line 11: output ./logs/
Loading line 12: printsol 1
Loading line 13: solverMethod A
Instance: LR1_2_9_t1_60R_60V_04F_06M

[16:00:24.831] Running Data.readData with file /dados/rmelo/PDPTW-SE/benchmark_multi_floor_v3/official_experiments/multistartlp/preliminar/set_01_pt_01/../../../../instances/orig_ams_fg/60R_60V_04F_06M/t1/LR1_2_9/
vehicles: Vehicle[Vehicle(0, 58), Vehicle(1, 72), Vehicle(2, 86), Vehicle(3, 72), Vehicle(4, 72), Vehicle(5, 58), Vehicle(6, 58), Vehicle(7, 72), Vehicle(8, 58), Vehicle(9, 72), Vehicle(10, 72), Vehicle(11, 58), Vehicle(12, 72), Vehicle(13, 72), Vehicle(14, 86), Vehicle(15, 58), Vehicle(16, 72), Vehicle(17, 58), Vehicle(18, 86), Vehicle(19, 58), Vehicle(20, 86), Vehicle(21, 58), Vehicle(22, 58), Vehicle(23, 58), Vehicle(24, 86), Vehicle(25, 58), Vehicle(26, 86), Vehicle(27, 86), Vehicle(28, 72), Vehicle(29, 58), Vehicle(30, 58), Vehicle(31, 86), Vehicle(32, 72), Vehicle(33, 86), Vehicle(34, 72), Vehicle(35, 72), Vehicle(36, 72), Vehicle(37, 72), Vehicle(38, 86), Vehicle(39, 72), Vehicle(40, 58), Vehicle(41, 86), Vehicle(42, 86), Vehicle(43, 86), Vehicle(44, 72), Vehicle(45, 58), Vehicle(46, 72), Vehicle(47, 72), Vehicle(48, 58), Vehicle(49, 86), Vehicle(50, 72), Vehicle(51, 72), Vehicle(52, 86), Vehicle(53, 86), Vehicle(54, 58), Vehicle(55, 58), Vehicle(56, 86), Vehicle(57, 58), Vehicle(58, 72), Vehicle(59, 86)]
vehicle_types: Vehicle[Vehicle(0, 58), Vehicle(1, 72), Vehicle(2, 86)]
Machine[Machine(0, Point[Point(71, 70, 0), Point(71, 70, 1), Point(71, 70, 2), Point(71, 70, 3)], 0.2), Machine(1, Point[Point(73, 70, 0), Point(73, 70, 1), Point(73, 70, 2), Point(73, 70, 3)], 0.2), Machine(2, Point[Point(69, 70, 0), Point(69, 70, 1), Point(69, 70, 2), Point(69, 70, 3)], 0.2), Machine(3, Point[Point(75, 70, 0), Point(75, 70, 1), Point(75, 70, 2), Point(75, 70, 3)], 0.2), Machine(4, Point[Point(67, 70, 0), Point(67, 70, 1), Point(67, 70, 2), Point(67, 70, 3)], 0.2), Machine(5, Point[Point(77, 70, 0), Point(77, 70, 1), Point(77, 70, 2), Point(77, 70, 3)], 0.2)]
refs: [1, 2, 3, 5, 7, 8, 14, 16, 17, 18, 19, 20, 21, 22, 23, 27, 29, 31, 32, 34, 36, 37, 39, 40, 42, 43, 44, 46, 47, 49, 51, 52, 56, 57, 58, 59, 62, 63, 65, 66, 67, 68, 69, 70, 71, 78, 79, 80, 84, 86, 87, 90, 91, 93, 95, 96, 97, 107, 108, 109, 110, 41, 35, 26, 25, 15, 45, 54, 92, 30, 103, 38, 104, 94, 100, 10, 119, 28, 82, 112, 4, 102, 24, 106, 89, 76, 13, 75, 77, 118, 11, 120, 83, 115, 114, 111, 33, 121, 117, 113, 60, 12, 73, 53, 105, 50, 48, 6, 116, 74, 72, 98, 81, 99, 64, 85, 61, 55, 9, 101, 88, 1]
V: [1, 2, 3, 4, 5, 6, 7, 8, 9, 10, 11, 12, 13, 14, 15, 16, 17, 18, 19, 20, 21, 22, 23, 24, 25, 26, 27, 28, 29, 30, 31, 32, 33, 34, 35, 36, 37, 38, 39, 40, 41, 42, 43, 44, 45, 46, 47, 48, 49, 50, 51, 52, 53, 54, 55, 56, 57, 58, 59, 60, 61, 62, 63, 64, 65, 66, 67, 68, 69, 70, 71, 72, 73, 74, 75, 76, 77, 78, 79, 80, 81, 82, 83, 84, 85, 86, 87, 88, 89, 90, 91, 92, 93, 94, 95, 96, 97, 98, 99, 100, 101, 102, 103, 104, 105, 106, 107, 108, 109, 110, 111, 112, 113, 114, 115, 116, 117, 118, 119, 120, 121]
V_p: [2, 3, 4, 5, 6, 7, 8, 9, 10, 11, 12, 13, 14, 15, 16, 17, 18, 19, 20, 21, 22, 23, 24, 25, 26, 27, 28, 29, 30, 31, 32, 33, 34, 35, 36, 37, 38, 39, 40, 41, 42, 43, 44, 45, 46, 47, 48, 49, 50, 51, 52, 53, 54, 55, 56, 57, 58, 59, 60, 61]
V_d: [62, 63, 64, 65, 66, 67, 68, 69, 70, 71, 72, 73, 74, 75, 76, 77, 78, 79, 80, 81, 82, 83, 84, 85, 86, 87, 88, 89, 90, 91, 92, 93, 94, 95, 96, 97, 98, 99, 100, 101, 102, 103, 104, 105, 106, 107, 108, 109, 110, 111, 112, 113, 114, 115, 116, 117, 118, 119, 120, 121]
Vprime: [1, 2, 3, 4, 5, 6, 7, 8, 9, 10, 11, 12, 13, 14, 15, 16, 17, 18, 19, 20, 21, 22, 23, 24, 25, 26, 27, 28, 29, 30, 31, 32, 33, 34, 35, 36, 37, 38, 39, 40, 41, 42, 43, 44, 45, 46, 47, 48, 49, 50, 51, 52, 53, 54, 55, 56, 57, 58, 59, 60, 61, 62, 63, 64, 65, 66, 67, 68, 69, 70, 71, 72, 73, 74, 75, 76, 77, 78, 79, 80, 81, 82, 83, 84, 85, 86, 87, 88, 89, 90, 91, 92, 93, 94, 95, 96, 97, 98, 99, 100, 101, 102, 103, 104, 105, 106, 107, 108, 109, 110, 111, 112, 113, 114, 115, 116, 117, 118, 119, 120, 121, 122]
V: [1, 2, 3, 4, 5, 6, 7, 8, 9, 10, 11, 12, 13, 14, 15, 16, 17, 18, 19, 20, 21, 22, 23, 24, 25, 26, 27, 28, 29, 30, 31, 32, 33, 34, 35, 36, 37, 38, 39, 40, 41, 42, 43, 44, 45, 46, 47, 48, 49, 50, 51, 52, 53, 54, 55, 56, 57, 58, 59, 60, 61, 62, 63, 64, 65, 66, 67, 68, 69, 70, 71, 72, 73, 74, 75, 76, 77, 78, 79, 80, 81, 82, 83, 84, 85, 86, 87, 88, 89, 90, 91, 92, 93, 94, 95, 96, 97, 98, 99, 100, 101, 102, 103, 104, 105, 106, 107, 108, 109, 110, 111, 112, 113, 114, 115, 116, 117, 118, 119, 120, 121]
q: [0, 34, 8, 19, 22, 21, 13, 13, 11, 7, 43, 10, 18, 13, 10, 8, 12, 18, 18, 17, 9, 30, 9, 13, 18, 32, 23, 31, 24, 9, 12, 10, 17, 23, 20, 32, 16, 21, 18, 37, 14, 4, 4, 23, 25, 3, 20, 34, 13, 14, 29, 22, 30, 27, 5, 26, 18, 19, 20, 17, 9, -34, -8, -19, -22, -21, -13, -13, -11, -7, -43, -10, -18, -13, -10, -8, -12, -18, -18, -17, -9, -30, -9, -13, -18, -32, -23, -31, -24, -9, -12, -10, -17, -23, -20, -32, -16, -21, -18, -37, -14, -4, -4, -23, -25, -3, -20, -34, -13, -14, -29, -22, -30, -27, -5, -26, -18, -19, -20, -17, -9, 0]
H: [1, 2, 3, 4, 5, 6]
f: [[1, 1, 1, 1, 1, 1], [1, 1, 1, 1, 1, 1], [3, 3, 3, 3, 3, 3], [1, 1, 1, 1, 1, 1], [2, 2, 2, 2, 2, 2], [3, 3, 3, 3, 3, 3], [3, 3, 3, 3, 3, 3], [1, 1, 1, 1, 1, 1], [1, 1, 1, 1, 1, 1], [2, 2, 2, 2, 2, 2], [1, 1, 1, 1, 1, 1], [4, 4, 4, 4, 4, 4], [1, 1, 1, 1, 1, 1], [1, 1, 1, 1, 1, 1], [3, 3, 3, 3, 3, 3], [1, 1, 1, 1, 1, 1], [2, 2, 2, 2, 2, 2], [4, 4, 4, 4, 4, 4], [2, 2, 2, 2, 2, 2], [3, 3, 3, 3, 3, 3], [3, 3, 3, 3, 3, 3], [3, 3, 3, 3, 3, 3], [1, 1, 1, 1, 1, 1], [1, 1, 1, 1, 1, 1], [1, 1, 1, 1, 1, 1], [3, 3, 3, 3, 3, 3], [3, 3, 3, 3, 3, 3], [2, 2, 2, 2, 2, 2], [4, 4, 4, 4, 4, 4], [1, 1, 1, 1, 1, 1], [2, 2, 2, 2, 2, 2], [2, 2, 2, 2, 2, 2], [2, 2, 2, 2, 2, 2], [1, 1, 1, 1, 1, 1], [2, 2, 2, 2, 2, 2], [2, 2, 2, 2, 2, 2], [3, 3, 3, 3, 3, 3], [4, 4, 4, 4, 4, 4], [2, 2, 2, 2, 2, 2], [1, 1, 1, 1, 1, 1], [1, 1, 1, 1, 1, 1], [3, 3, 3, 3, 3, 3], [1, 1, 1, 1, 1, 1], [3, 3, 3, 3, 3, 3], [4, 4, 4, 4, 4, 4], [3, 3, 3, 3, 3, 3], [1, 1, 1, 1, 1, 1], [3, 3, 3, 3, 3, 3], [2, 2, 2, 2, 2, 2], [2, 2, 2, 2, 2, 2], [3, 3, 3, 3, 3, 3], [3, 3, 3, 3, 3, 3], [2, 2, 2, 2, 2, 2], [1, 1, 1, 1, 1, 1], [1, 1, 1, 1, 1, 1], [4, 4, 4, 4, 4, 4], [2, 2, 2, 2, 2, 2], [4, 4, 4, 4, 4, 4], [3, 3, 3, 3, 3, 3], [4, 4, 4, 4, 4, 4], [4, 4, 4, 4, 4, 4], [1, 1, 1, 1, 1, 1], [2, 2, 2, 2, 2, 2], [3, 3, 3, 3, 3, 3], [3, 3, 3, 3, 3, 3], [1, 1, 1, 1, 1, 1], [2, 2, 2, 2, 2, 2], [2, 2, 2, 2, 2, 2], [2, 2, 2, 2, 2, 2], [1, 1, 1, 1, 1, 1], [3, 3, 3, 3, 3, 3], [4, 4, 4, 4, 4, 4], [3, 3, 3, 3, 3, 3], [1, 1, 1, 1, 1, 1], [1, 1, 1, 1, 1, 1], [4, 4, 4, 4, 4, 4], [2, 2, 2, 2, 2, 2], [4, 4, 4, 4, 4, 4], [1, 1, 1, 1, 1, 1], [3, 3, 3, 3, 3, 3], [4, 4, 4, 4, 4, 4], [3, 3, 3, 3, 3, 3], [1, 1, 1, 1, 1, 1], [3, 3, 3, 3, 3, 3], [3, 3, 3, 3, 3, 3], [2, 2, 2, 2, 2, 2], [1, 1, 1, 1, 1, 1], [3, 3, 3, 3, 3, 3], [2, 2, 2, 2, 2, 2], [1, 1, 1, 1, 1, 1], [1, 1, 1, 1, 1, 1], [2, 2, 2, 2, 2, 2], [2, 2, 2, 2, 2, 2], [2, 2, 2, 2, 2, 2], [3, 3, 3, 3, 3, 3], [4, 4, 4, 4, 4, 4], [3, 3, 3, 3, 3, 3], [2, 2, 2, 2, 2, 2], [4, 4, 4, 4, 4, 4], [3, 3, 3, 3, 3, 3], [2, 2, 2, 2, 2, 2], [2, 2, 2, 2, 2, 2], [4, 4, 4, 4, 4, 4], [4, 4, 4, 4, 4, 4], [1, 1, 1, 1, 1, 1], [3, 3, 3, 3, 3, 3], [1, 1, 1, 1, 1, 1], [4, 4, 4, 4, 4, 4], [3, 3, 3, 3, 3, 3], [2, 2, 2, 2, 2, 2], [4, 4, 4, 4, 4, 4], [2, 2, 2, 2, 2, 2], [2, 2, 2, 2, 2, 2], [1, 1, 1, 1, 1, 1], [4, 4, 4, 4, 4, 4], [1, 1, 1, 1, 1, 1], [1, 1, 1, 1, 1, 1], [3, 3, 3, 3, 3, 3], [4, 4, 4, 4, 4, 4], [1, 1, 1, 1, 1, 1], [1, 1, 1, 1, 1, 1], [1, 1, 1, 1, 1, 1]]
1 1 1 -> 0.0
1 2 1 -> 5.0
1 3 1 -> 10.0
1 4 1 -> 15.0
2 1 1 -> 5.0
2 2 1 -> 0.0
2 3 1 -> 5.0
2 4 1 -> 10.0
3 1 1 -> 10.0
3 2 1 -> 5.0
3 3 1 -> 0.0
3 4 1 -> 5.0
4 1 1 -> 15.0
4 2 1 -> 10.0
4 3 1 -> 5.0
4 4 1 -> 0.0
1 1 2 -> 0.0
1 2 2 -> 5.0
1 3 2 -> 10.0
1 4 2 -> 15.0
2 1 2 -> 5.0
2 2 2 -> 0.0
2 3 2 -> 5.0
2 4 2 -> 10.0
3 1 2 -> 10.0
3 2 2 -> 5.0
3 3 2 -> 0.0
3 4 2 -> 5.0
4 1 2 -> 15.0
4 2 2 -> 10.0
4 3 2 -> 5.0
4 4 2 -> 0.0
1 1 3 -> 0.0
1 2 3 -> 5.0
1 3 3 -> 10.0
1 4 3 -> 15.0
2 1 3 -> 5.0
2 2 3 -> 0.0
2 3 3 -> 5.0
2 4 3 -> 10.0
3 1 3 -> 10.0
3 2 3 -> 5.0
3 3 3 -> 0.0
3 4 3 -> 5.0
4 1 3 -> 15.0
4 2 3 -> 10.0
4 3 3 -> 5.0
4 4 3 -> 0.0
1 1 4 -> 0.0
1 2 4 -> 5.0
1 3 4 -> 10.0
1 4 4 -> 15.0
2 1 4 -> 5.0
2 2 4 -> 0.0
2 3 4 -> 5.0
2 4 4 -> 10.0
3 1 4 -> 10.0
3 2 4 -> 5.0
3 3 4 -> 0.0
3 4 4 -> 5.0
4 1 4 -> 15.0
4 2 4 -> 10.0
4 3 4 -> 5.0
4 4 4 -> 0.0
1 1 5 -> 0.0
1 2 5 -> 5.0
1 3 5 -> 10.0
1 4 5 -> 15.0
2 1 5 -> 5.0
2 2 5 -> 0.0
2 3 5 -> 5.0
2 4 5 -> 10.0
3 1 5 -> 10.0
3 2 5 -> 5.0
3 3 5 -> 0.0
3 4 5 -> 5.0
4 1 5 -> 15.0
4 2 5 -> 10.0
4 3 5 -> 5.0
4 4 5 -> 0.0
1 1 6 -> 0.0
1 2 6 -> 5.0
1 3 6 -> 10.0
1 4 6 -> 15.0
2 1 6 -> 5.0
2 2 6 -> 0.0
2 3 6 -> 5.0
2 4 6 -> 10.0
3 1 6 -> 10.0
3 2 6 -> 5.0
3 3 6 -> 0.0
3 4 6 -> 5.0
4 1 6 -> 15.0
4 2 6 -> 10.0
4 3 6 -> 5.0
4 4 6 -> 0.0
o: (1, 2, 3) => 5.0
o: (3, 1, 3) => 10.0
o: (1, 3, 5) => 10.0
o: (3, 2, 4) => 5.0
o: (1, 4, 5) => 15.0
o: (4, 3, 6) => 5.0
o: (4, 4, 6) => 0.0
o: (3, 2, 3) => 5.0
o: (3, 3, 5) => 0.0
o: (2, 1, 1) => 5.0
o: (3, 4, 5) => 5.0
o: (1, 3, 2) => 10.0
o: (1, 4, 2) => 15.0
o: (4, 3, 4) => 5.0
o: (2, 2, 1) => 0.0
o: (4, 4, 4) => 0.0
o: (3, 3, 2) => 0.0
o: (3, 4, 2) => 5.0
o: (4, 3, 3) => 5.0
o: (4, 4, 3) => 0.0
o: (1, 1, 5) => 0.0
o: (4, 1, 6) => 15.0
o: (1, 2, 5) => 5.0
o: (3, 1, 5) => 10.0
o: (1, 3, 1) => 10.0
o: (4, 2, 6) => 10.0
o: (1, 1, 2) => 0.0
o: (1, 4, 1) => 15.0
o: (2, 3, 6) => 5.0
o: (4, 1, 4) => 15.0
o: (3, 2, 5) => 5.0
o: (2, 4, 6) => 10.0
o: (3, 3, 1) => 0.0
o: (1, 2, 2) => 5.0
o: (3, 1, 2) => 10.0
o: (3, 4, 1) => 5.0
o: (4, 1, 3) => 15.0
o: (4, 2, 4) => 10.0
o: (3, 2, 2) => 5.0
o: (2, 3, 4) => 5.0
o: (4, 2, 3) => 10.0
o: (2, 4, 4) => 10.0
o: (4, 3, 5) => 5.0
o: (4, 4, 5) => 0.0
o: (1, 1, 1) => 0.0
o: (2, 3, 3) => 5.0
o: (2, 4, 3) => 10.0
o: (2, 1, 6) => 5.0
o: (4, 3, 2) => 5.0
o: (1, 2, 1) => 5.0
o: (3, 1, 1) => 10.0
o: (4, 4, 2) => 0.0
o: (2, 2, 6) => 0.0
o: (3, 2, 1) => 5.0
o: (2, 1, 4) => 5.0
o: (4, 1, 5) => 15.0
o: (2, 1, 3) => 5.0
o: (2, 2, 4) => 0.0
o: (4, 2, 5) => 10.0
o: (4, 3, 1) => 5.0
o: (1, 3, 6) => 10.0
o: (4, 1, 2) => 15.0
o: (4, 4, 1) => 0.0
o: (2, 2, 3) => 0.0
o: (2, 3, 5) => 5.0
o: (1, 4, 6) => 15.0
o: (2, 4, 5) => 10.0
o: (3, 3, 6) => 0.0
o: (4, 2, 2) => 10.0
o: (3, 4, 6) => 5.0
o: (1, 3, 4) => 10.0
o: (2, 3, 2) => 5.0
o: (1, 4, 4) => 15.0
o: (2, 4, 2) => 10.0
o: (1, 3, 3) => 10.0
o: (3, 3, 4) => 0.0
o: (1, 4, 3) => 15.0
o: (3, 4, 4) => 5.0
o: (4, 1, 1) => 15.0
o: (1, 1, 6) => 0.0
o: (2, 1, 5) => 5.0
o: (3, 3, 3) => 0.0
o: (3, 4, 3) => 5.0
o: (4, 2, 1) => 10.0
o: (1, 2, 6) => 5.0
o: (3, 1, 6) => 10.0
o: (2, 2, 5) => 0.0
o: (2, 3, 1) => 5.0
o: (1, 1, 4) => 0.0
o: (2, 1, 2) => 5.0
o: (2, 4, 1) => 10.0
o: (3, 2, 6) => 5.0
o: (1, 1, 3) => 0.0
o: (1, 2, 4) => 5.0
o: (2, 2, 2) => 0.0
o: (3, 1, 4) => 10.0

[130, 898, 888, 796, 786, 801, 719, 16]
JOBS in the order of refs (Vprime)
Node 1: Job(0, Point(70, 70, 0), 0, 0, 688, 0, 0, 0)
Node 2: Job(1, Point(107, 77, 0), 34, 37, 124, 10, 0, 51)
Node 3: Job(2, Point(109, 139, 2), 8, 94, 162, 10, 0, 42)
Node 4: Job(4, Point(48, 47, 0), 19, 31, 106, 10, 0, 29)
Node 5: Job(7, Point(86, 40, 1), 22, 34, 54, 10, 0, 28)
Node 6: Job(8, Point(121, 124, 2), 21, 147, 183, 10, 0, 17)
Node 7: Job(15, Point(41, 36, 2), 13, 44, 115, 10, 0, 56)
Node 8: Job(18, Point(104, 54, 0), 13, 41, 94, 10, 0, 66)
Node 9: Job(19, Point(22, 104, 0), 11, 209, 283, 10, 0, 114)
Node 10: Job(20, Point(46, 133, 1), 7, 67, 115, 10, 0, 34)
Node 11: Job(21, Point(138, 78, 0), 43, 176, 259, 10, 0, 126)
Node 12: Job(22, Point(16, 92, 3), 10, 339, 409, 10, 0, 47)
Node 13: Job(23, Point(18, 104, 0), 18, 324, 379, 10, 0, 127)
Node 14: Job(25, Point(107, 25, 0), 13, 249, 329, 10, 0, 116)
Node 15: Job(26, Point(139, 73, 2), 10, 71, 134, 10, 0, 123)
Node 16: Job(30, Point(64, 132, 0), 8, 62, 121, 10, 0, 10)
Node 17: Job(33, Point(30, 21, 1), 12, 304, 371, 10, 0, 191)
Node 18: Job(35, Point(82, 100, 3), 18, 94, 145, 10, 0, 32)
Node 19: Job(38, Point(50, 112, 1), 18, 212, 282, 10, 0, 102)
Node 20: Job(41, Point(81, 36, 2), 17, 43, 111, 10, 0, 137)
Node 21: Job(44, Point(113, 35, 2), 9, 55, 139, 10, 0, 3)
Node 22: Job(46, Point(44, 58, 2), 30, 28, 93, 10, 0, 125)
Node 23: Job(49, Point(117, 4, 0), 9, 407, 459, 10, 0, 27)
Node 24: Job(50, Point(140, 42, 0), 13, 79, 152, 10, 0, 130)
Node 25: Job(53, Point(103, 119, 0), 18, 315, 383, 10, 0, 111)
Node 26: Job(54, Point(32, 52, 2), 32, 142, 190, 10, 0, 96)
Node 27: Job(55, Point(89, 39, 2), 23, 36, 67, 10, 0, 14)
Node 28: Job(57, Point(39, 100, 1), 31, 43, 121, 10, 0, 95)
Node 29: Job(58, Point(5, 99, 3), 24, 319, 359, 10, 0, 97)
Node 30: Job(60, Point(73, 96, 0), 9, 144, 219, 10, 0, 183)
Node 31: Job(63, Point(103, 44, 1), 12, 42, 72, 10, 0, 11)
Node 32: Job(64, Point(97, 12, 1), 10, 183, 260, 10, 0, 195)
Node 33: Job(69, Point(104, 73, 1), 17, 238, 290, 10, 0, 103)
Node 34: Job(71, Point(15, 4, 0), 23, 85, 166, 10, 0, 175)
Node 35: Job(72, Point(54, 33, 1), 20, 40, 117, 10, 0, 167)
Node 36: Job(73, Point(70, 94, 1), 32, 24, 104, 10, 0, 136)
Node 37: Job(76, Point(109, 131, 2), 16, 206, 276, 10, 0, 40)
Node 38: Job(77, Point(10, 111, 3), 21, 465, 551, 10, 0, 198)
Node 39: Job(80, Point(92, 22, 1), 18, 178, 231, 10, 0, 182)
Node 40: Job(81, Point(85, 75, 0), 37, 15, 85, 10, 0, 138)
Node 41: Job(82, Point(10, 86, 0), 14, 375, 477, 10, 0, 74)
Node 42: Job(85, Point(12, 48, 2), 4, 62, 159, 10, 0, 12)
Node 43: Job(87, Point(79, 80, 0), 4, 13, 56, 10, 0, 92)
Node 44: Job(89, Point(28, 62, 2), 23, 182, 241, 10, 0, 65)
Node 45: Job(90, Point(50, 106, 3), 25, 314, 356, 10, 0, 128)
Node 46: Job(98, Point(49, 140, 2), 3, 224, 275, 10, 0, 62)
Node 47: Job(99, Point(69, 115, 0), 20, 214, 246, 10, 0, 59)
Node 48: Job(100, Point(36, 124, 2), 34, 237, 261, 10, 0, 6)
Node 49: Job(104, Point(38, 122, 1), 13, 212, 287, 10, 0, 177)
Node 50: Job(106, Point(29, 60, 1), 14, 42, 126, 10, 0, 94)
Node 51: Job(109, Point(83, 12, 2), 29, 226, 264, 10, 0, 91)
Node 52: Job(112, Point(78, 111, 2), 22, 41, 118, 10, 0, 121)
Node 53: Job(113, Point(116, 83, 1), 30, 157, 231, 10, 0, 101)
Node 54: Job(115, Point(137, 137, 0), 27, 94, 150, 10, 0, 122)
Node 55: Job(117, Point(116, 13, 0), 5, 73, 147, 10, 0, 79)
Node 56: Job(118, Point(59, 115, 3), 26, 289, 368, 10, 0, 105)
Node 57: Job(120, Point(120, 60, 1), 18, 50, 136, 10, 0, 75)
Node 58: Job(132, Point(78, 63, 3), 19, 10, 41, 10, 0, 67)
Node 59: Job(133, Point(98, 4, 2), 20, 165, 220, 10, 0, 9)
Node 60: Job(134, Point(103, 77, 3), 17, 282, 329, 10, 0, 124)
Node 61: Job(135, Point(58, 11, 3), 9, 110, 175, 10, 0, 110)
Node 62: Job(51, Point(139, 68, 0), -34, 69, 139, 10, 1, 0)
Node 63: Job(42, Point(115, 124, 1), -8, 399, 454, 10, 2, 0)
Node 64: Job(29, Point(20, 69, 2), -19, 353, 434, 10, 4, 0)
Node 65: Job(28, Point(90, 14, 2), -22, 461, 496, 10, 7, 0)
Node 66: Job(17, Point(104, 139, 0), -21, 325, 376, 10, 8, 0)
Node 67: Job(56, Point(54, 41, 1), -13, 266, 327, 10, 15, 0)
Node 68: Job(66, Point(140, 36, 1), -13, 162, 220, 10, 18, 0)
Node 69: Job(114, Point(29, 94, 1), -11, 280, 332, 10, 19, 0)
Node 70: Job(34, Point(63, 129, 0), -7, 202, 240, 10, 20, 0)
Node 71: Job(126, Point(139, 72, 2), -43, 333, 371, 10, 21, 0)
Node 72: Job(47, Point(8, 87, 3), -10, 387, 446, 10, 22, 0)
Node 73: Job(127, Point(2, 106, 2), -18, 405, 478, 10, 23, 0)
Node 74: Job(116, Point(110, 28, 0), -13, 291, 349, 10, 25, 0)
Node 75: Job(123, Point(137, 84, 0), -10, 207, 263, 10, 26, 0)
Node 76: Job(10, Point(40, 113, 3), -8, 466, 517, 10, 30, 0)
Node 77: Job(191, Point(4, 44, 1), -12, 414, 447, 10, 33, 0)
Node 78: Job(32, Point(54, 106, 3), -18, 277, 342, 10, 35, 0)
Node 79: Job(102, Point(17, 138, 0), -18, 409, 487, 10, 38, 0)
Node 80: Job(137, Point(104, 32, 2), -17, 120, 179, 10, 41, 0)
Node 81: Job(3, Point(120, 22, 3), -9, 208, 271, 10, 44, 0)
Node 82: Job(125, Point(30, 57, 2), -30, 219, 272, 10, 46, 0)
Node 83: Job(27, Point(101, 0, 0), -9, 483, 543, 10, 49, 0)
Node 84: Job(130, Point(126, 23, 2), -13, 260, 297, 10, 50, 0)
Node 85: Job(111, Point(80, 103, 2), -18, 374, 427, 10, 53, 0)
Node 86: Job(96, Point(18, 70, 1), -32, 378, 433, 10, 54, 0)
Node 87: Job(14, Point(102, 52, 0), -23, 140, 208, 10, 55, 0)
Node 88: Job(95, Point(19, 120, 2), -31, 236, 317, 10, 57, 0)
Node 89: Job(97, Point(58, 80, 1), -24, 441, 509, 10, 58, 0)
Node 90: Job(183, Point(67, 120, 0), -9, 347, 400, 10, 60, 0)
Node 91: Job(11, Point(129, 24, 0), -12, 309, 390, 10, 63, 0)
Node 92: Job(195, Point(105, 2, 1), -10, 208, 269, 10, 64, 0)
Node 93: Job(103, Point(103, 82, 1), -17, 307, 376, 10, 69, 0)
Node 94: Job(175, Point(60, 54, 1), -23, 233, 275, 10, 71, 0)
Node 95: Job(167, Point(39, 13, 2), -20, 369, 413, 10, 72, 0)
Node 96: Job(136, Point(26, 130, 3), -32, 266, 300, 10, 73, 0)
Node 97: Job(40, Point(92, 138, 2), -16, 381, 452, 10, 76, 0)
Node 98: Job(198, Point(27, 104, 1), -21, 544, 618, 10, 77, 0)
Node 99: Job(182, Point(89, 24, 3), -18, 280, 353, 10, 80, 0)
Node 100: Job(138, Point(55, 102, 2), -37, 285, 374, 10, 81, 0)
Node 101: Job(74, Point(35, 90, 1), -14, 423, 499, 10, 82, 0)
Node 102: Job(12, Point(12, 84, 1), -4, 200, 278, 10, 85, 0)
Node 103: Job(92, Point(120, 102, 3), -4, 76, 148, 10, 87, 0)
Node 104: Job(65, Point(16, 62, 3), -23, 355, 467, 10, 89, 0)
Node 105: Job(128, Point(64, 138, 0), -25, 410, 500, 10, 90, 0)
Node 106: Job(62, Point(55, 127, 2), -3, 253, 294, 10, 98, 0)
Node 107: Job(59, Point(67, 96, 0), -20, 491, 523, 10, 99, 0)
Node 108: Job(6, Point(12, 138, 3), -34, 367, 402, 10, 100, 0)
Node 109: Job(177, Point(13, 129, 2), -13, 345, 387, 10, 104, 0)
Node 110: Job(94, Point(4, 71, 1), -14, 131, 219, 10, 106, 0)
Node 111: Job(91, Point(83, 38, 3), -29, 478, 505, 10, 109, 0)
Node 112: Job(121, Point(85, 111, 1), -22, 230, 306, 10, 112, 0)
Node 113: Job(101, Point(84, 88, 1), -30, 329, 414, 10, 113, 0)
Node 114: Job(122, Point(121, 123, 0), -27, 239, 306, 10, 115, 0)
Node 115: Job(79, Point(113, 45, 3), -5, 264, 364, 10, 117, 0)
Node 116: Job(105, Point(70, 83, 0), -26, 479, 521, 10, 118, 0)
Node 117: Job(75, Point(88, 29, 0), -18, 514, 580, 10, 120, 0)
Node 118: Job(67, Point(90, 44, 2), -19, 33, 102, 10, 132, 0)
Node 119: Job(9, Point(61, 57, 3), -20, 368, 411, 10, 133, 0)
Node 120: Job(124, Point(103, 86, 0), -17, 296, 369, 10, 134, 0)
Node 121: Job(110, Point(34, 72, 0), -9, 542, 586, 10, 135, 0)
Node 122: Job(0, Point(70, 70, 0), 0, 0, 688, 0, 0, 0)

### Preprocessing Data ###
	-> arcs: 14884 (100.0%)
	-> arc_removals: 13166 (88.46%)
	-> arc_removals_is_loop: 122 (0.82%)
	-> arc_removals_is_delivery_to_pickup: 62 (0.42%)
	-> arc_removals_is_depot_begin_to_delivery: 60 (0.4%)
	-> arc_removals_is_pickup_to_depot_end: 60 (0.4%)
	-> arc_removals_is_dest_depot_begin: 120 (0.81%)
	-> arc_removals_is_orig_depot_end: 119 (0.8%)
	-> arc_removals_is_capacity_violated: 0 (0.0%)
	-> arc_removals_is_time_window_limited: 8668 (58.24%)
	-> arc_removals_is_time_window_pairing_limited: 3775 (25.36%)
	-> arc_removals_is_indirect_request_service_impossible: 180 (1.21%)
	-> gamma_vars: 0 (0%)
	-> feas_gamma_vars: 0 (0%)
	-> infeas_gamma_vars_is_next_mtrv_unreachable: 0 (0%)
	-> infeas_gamma_vars_is_iprime_jprime_eq_i_j: 0 (0%)
	-> machine_removal_for_an_arc: 0 (0.0%)
##########################

[16:00:34.72] Print configuration
------------------------------------------------------
"
[16:00:34.72] Running Multi Start Heuristic"
> Experiment started at 2025-10-03T16:00:34.720
> Instance: LR1_2_9_t1_60R_60V_04F_06M
> Algorithm Parameters:


	>Stop params:
		>  - rule ITERATIONS
		>  - argument 60000.0
		>  - maximum_time 3600

	>General params:
		>  - instPath /dados/rmelo/PDPTW-SE/benchmark_multi_floor_v3/official_experiments/multistartlp/preliminar/set_01_pt_01/../../../../instances/orig_ams_fg/60R_60V_04F_06M/t1/LR1_2_9/
		>  - name LR1_2_9
		>  - type t1
		>  - group 60R_60V_04F_06M
		>  - fullname LR1_2_9_t1_60R_60V_04F_06M
		>  - methodType heur
		>  - methodCode mslp
		>  - genconfigfile /dados/rmelo/PDPTW-SE/benchmark_multi_floor_v3/official_experiments/multistartlp/preliminar/set_01_pt_01/configs/genconfig_mslp.conf
		>  - genconfigfilename genconfig_mslp
		>  - greedy_service_order random
		>  - cutoff 0
		>  - cutoffmachs 6
		>  - num_machs 0
		>  - solver Gurobi
		>  - maxtime 3600
		>  - gurobiCuts 1
		>  - typeUserCut 0
		>  - mipPresolve -1
		>  - printsol 1
		>  - maxnodes -1
		>  - elevator 1
		>  - make_instance_feasible false
		>  - output /dados/rmelo/PDPTW-SE/benchmark_multi_floor_v3/official_experiments/multistartlp/preliminar/set_01_pt_01/logs
		>  - suff_outputs _seed_31_alpha_20p
		>  - suff_csv _bash_4
		>  - epsilon 0.005
		>  - epsilonCap 0.5
		>  - warmStart false
		>  - seed 31
		>  - rng Random.MersenneTwister(31)
		>  - alpha 0.2
		>  - maxiter 1000000
		>  - outputFlagGrbMIP 0
		>  - outputFlagGrbMSLP 0
		>  - outputFlagGrbLMNS 0
		>  - mslpr I
		>  - mslpa 60000
		>  - lmnsr M
		>  - lmnsa 60
		>  - lmnsRepairTime 30.0
		>  - lmnsMIPFocus 0
		>  - lmnsGapToBiggerDestruction 50
		>  - lmnsGapToSmallerDestruction 95
		>  - lmnsWeightShawDistProx 1.0
		>  - lmnsWeightShawEarlProx 1.0
		>  - lmnsWeightShawSameRoute 1.0
		>  - lmnsWeightShawDemandSim 1.0
		>  - lmnsReqRApplyMIPStart true
		>  - lmnsAcceptanceCriteria H
		>  - lmnsMetropolisTemp 100.0
		>  - lmnsSimulatedAnnealingTemp 100.0
		>  - lmnsSimulatedAnnealingCool 0.95
		>  - mipmaxtime 3600
		>  - csvfilename /dados/rmelo/PDPTW-SE/benchmark_multi_floor_v3/official_experiments/multistartlp/preliminar/set_01_pt_01/logs/heur_mslp/outputs/csvresults_heur_mslp_bash_4.csv
		>  - solfilename /dados/rmelo/PDPTW-SE/benchmark_multi_floor_v3/official_experiments/multistartlp/preliminar/set_01_pt_01/logs/heur_mslp/solutions/60R_60V_04F_06M/LR1_2_9_sol_genconfig_mslp_seed_31_alpha_20p.txt
		>  - timelineFilename /dados/rmelo/PDPTW-SE/benchmark_multi_floor_v3/official_experiments/multistartlp/preliminar/set_01_pt_01/logs/heur_mslp/timelines/60R_60V_04F_06M/LR1_2_9_timeline_genconfig_mslp_seed_31_alpha_20p.txt
		>  - grbFilename /dados/rmelo/PDPTW-SE/benchmark_multi_floor_v3/official_experiments/multistartlp/preliminar/set_01_pt_01/logs/heur_mslp/gurobi/60R_60V_04F_06M/LR1_2_9_grb_genconfig_mslp_seed_31_alpha_20p.log
		>  - threads 1
		>  - solverMethod AUTOMATIC

------------------------------------------------------
objValue;greedysol;iteration;time
13262.79;14363.75;1;0.035634
13232.29;14063.10;134;1.930205
13096.32;14044.22;275;3.681215
12621.99;13534.77;500;6.271505
12512.56;13291.79;2066;24.527173
12286.75;13199.08;2506;29.837689
12204.82;13257.65;17385;207.185241
12060.77;13185.29;20062;239.155512

[16:12:26.462] Finished running MSLP

[16:12:26.462] Post running MSLP
Best solution value: 12060.77
Total time elapsed: 711.610085
Time to best: 239.155512
Iterations: 60000
Iterations to best: 20062
Improvements: 8
Infeasible solutions percentage: (59237 / 60000) = 98.7283 %
(LP improvements)/(LP runs) = 763/763 = 100.0000 %
Mean LP improvement percentage: 7.3629 %
[16:12:26.765] Writing results to CSV file: /dados/rmelo/PDPTW-SE/benchmark_multi_floor_v3/official_experiments/multistartlp/preliminar/set_01_pt_01/logs/heur_mslp/outputs/csvresults_heur_mslp_bash_4.csv

[16:12:28.703] Saving solution to file:/dados/rmelo/PDPTW-SE/benchmark_multi_floor_v3/official_experiments/multistartlp/preliminar/set_01_pt_01/logs/heur_mslp/solutions/60R_60V_04F_06M/LR1_2_9_sol_genconfig_mslp_seed_31_alpha_20p.txt

[16:12:28.704] Saving solution timeline to file: /dados/rmelo/PDPTW-SE/benchmark_multi_floor_v3/official_experiments/multistartlp/preliminar/set_01_pt_01/logs/heur_mslp/timelines/60R_60V_04F_06M/LR1_2_9_timeline_genconfig_mslp_seed_31_alpha_20p.txt
---------------------| VEHICLES |---------------------

Vehicle 1 :
	id: 0
		node: 1
		(x, y, z): (70, 70, 0)
		dem: 0
		earl: 0
		lat: 688
		servt: 0
		pid: 0
		did: 0
		servST: 20.25
		(h, h_ind): (-1, 0)
		load: 0.0

	Finished service at time: 20.25

	Using Machine: 3
		Task 0 -> Machine 3 (Station 1): 5.0
		Vehicle arrival at machine station: 25.25
		Waiting time until machine travel: 0.0

		Machine travel start time: 25.25
		Region 0 -> Region 2: 10.0
		Machine arrival at machine station: 35.25

		Machine 3 (Station 3)-> Task 112: 41.11
		Vehicle arrival at task: 76.36
		Waiting time until service start time: 0.0

	id: 112
		node: 52
		(x, y, z): (78, 111, 2)
		dem: 22
		earl: 41
		lat: 118
		servt: 10
		pid: 0
		did: 121
		servST: 76.36
		(h, h_ind): (3, 2)
		load: 22.0

	Finished service at time: 86.36

	Task 112 -> Task 2: 41.77
	Vehicle arrival at task: 128.13
	Waiting time until service start time: 0.0

	id: 2
		node: 3
		(x, y, z): (109, 139, 2)
		dem: 8
		earl: 94
		lat: 162
		servt: 10
		pid: 0
		did: 42
		servST: 128.13
		(h, h_ind): (-1, 0)
		load: 30.0

	Finished service at time: 138.13

	Using Machine: 5
		Task 2 -> Machine 5 (Station 3): 76.06
		Vehicle arrival at machine station: 214.19
		Waiting time until machine travel: 0.0

		Machine travel start time: 214.19
		Region 2 -> Region 1: 5.0
		Machine arrival at machine station: 219.19

		Machine 5 (Station 2)-> Task 69: 27.17
		Vehicle arrival at task: 246.36
		Waiting time until service start time: 0.0

	id: 69
		node: 33
		(x, y, z): (104, 73, 1)
		dem: 17
		earl: 238
		lat: 290
		servt: 10
		pid: 0
		did: 103
		servST: 246.36
		(h, h_ind): (5, 9)
		load: 47.0

	Finished service at time: 256.36

	Task 69 -> Task 121: 42.49
	Vehicle arrival at task: 298.85
	Waiting time until service start time: 0.0

	id: 121
		node: 112
		(x, y, z): (85, 111, 1)
		dem: -22
		earl: 230
		lat: 306
		servt: 10
		pid: 112
		did: 0
		servST: 298.85
		(h, h_ind): (-1, 0)
		load: 25.0

	Finished service at time: 308.85

	Task 121 -> Task 103: 34.13
	Vehicle arrival at task: 342.98
	Waiting time until service start time: 0.0

	id: 103
		node: 93
		(x, y, z): (103, 82, 1)
		dem: -17
		earl: 307
		lat: 376
		servt: 10
		pid: 69
		did: 0
		servST: 342.98
		(h, h_ind): (-1, 0)
		load: 8.0

	Finished service at time: 352.98

	Task 103 -> Task 42: 43.68
	Vehicle arrival at task: 396.66
	Waiting time until service start time: 2.34

	id: 42
		node: 63
		(x, y, z): (115, 124, 1)
		dem: -8
		earl: 399
		lat: 454
		servt: 10
		pid: 2
		did: 0
		servST: 399.0
		(h, h_ind): (-1, 0)
		load: 0.0

	Finished service at time: 409.0

	Using Machine: 0
		Task 42 -> Machine 0 (Station 2): 69.66
		Vehicle arrival at machine station: 478.65999999999997
		Waiting time until machine travel: 0.0

		Machine travel start time: 478.65999999999997
		Region 1 -> Region 0: 5.0
		Machine arrival at machine station: 483.65999999999997

		Machine 0 (Station 1)-> Task 0: 1.0
		Vehicle arrival at task: 484.65999999999997
		Waiting time until service start time: 0.0

	id: 0
		node: 122
		(x, y, z): (70, 70, 0)
		dem: 0
		earl: 0
		lat: 688
		servt: 0
		pid: 0
		did: 0
		servST: 484.65999999999997
		(h, h_ind): (0, 11)
		load: 0.0


Vehicle 5 :
	id: 0
		node: 1
		(x, y, z): (70, 70, 0)
		dem: 0
		earl: 0
		lat: 688
		servt: 0
		pid: 0
		did: 0
		servST: 20.15
		(h, h_ind): (-1, 0)
		load: 0.0

	Finished service at time: 20.15

	Using Machine: 0
		Task 0 -> Machine 0 (Station 1): 1.0
		Vehicle arrival at machine station: 21.15
		Waiting time until machine travel: 0.0

		Machine travel start time: 21.15
		Region 0 -> Region 2: 10.0
		Machine arrival at machine station: 31.15

		Machine 0 (Station 3)-> Task 55: 35.85
		Vehicle arrival at task: 67.0
		Waiting time until service start time: 0.0

	id: 55
		node: 27
		(x, y, z): (89, 39, 2)
		dem: 23
		earl: 36
		lat: 67
		servt: 10
		pid: 0
		did: 14
		servST: 67.0
		(h, h_ind): (0, 3)
		load: 23.0

	Finished service at time: 77.0

	Using Machine: 5
		Task 55 -> Machine 5 (Station 3): 33.24
		Vehicle arrival at machine station: 110.24000000000001
		Waiting time until machine travel: 0.0

		Machine travel start time: 110.24000000000001
		Region 2 -> Region 0: 10.0
		Machine arrival at machine station: 120.24000000000001

		Machine 5 (Station 1)-> Task 14: 30.81
		Vehicle arrival at task: 151.05
		Waiting time until service start time: 7.36

	id: 14
		node: 87
		(x, y, z): (102, 52, 0)
		dem: -23
		earl: 140
		lat: 208
		servt: 10
		pid: 55
		did: 0
		servST: 158.41000000000003
		(h, h_ind): (5, 5)
		load: 0.0

	Finished service at time: 168.41000000000003

	Task 14 -> Task 21: 44.41
	Vehicle arrival at task: 212.82000000000002
	Waiting time until service start time: 0.0

	id: 21
		node: 11
		(x, y, z): (138, 78, 0)
		dem: 43
		earl: 176
		lat: 259
		servt: 10
		pid: 0
		did: 126
		servST: 212.82000000000002
		(h, h_ind): (-1, 0)
		load: 43.0

	Finished service at time: 222.82000000000002

	Using Machine: 5
		Task 21 -> Machine 5 (Station 1): 61.52
		Vehicle arrival at machine station: 284.34000000000003
		Waiting time until machine travel: 0.0

		Machine travel start time: 284.34000000000003
		Region 0 -> Region 2: 10.0
		Machine arrival at machine station: 294.34000000000003

		Machine 5 (Station 3)-> Task 126: 62.03
		Vehicle arrival at task: 356.37
		Waiting time until service start time: 0.0

	id: 126
		node: 71
		(x, y, z): (139, 72, 2)
		dem: -43
		earl: 333
		lat: 371
		servt: 10
		pid: 21
		did: 0
		servST: 356.37
		(h, h_ind): (5, 11)
		load: 0.0

	Finished service at time: 366.37

	Using Machine: 0
		Task 126 -> Machine 0 (Station 3): 68.03
		Vehicle arrival at machine station: 434.4
		Waiting time until machine travel: 0.0

		Machine travel start time: 434.4
		Region 2 -> Region 0: 10.0
		Machine arrival at machine station: 444.4

		Machine 0 (Station 1)-> Task 0: 1.0
		Vehicle arrival at task: 445.4
		Waiting time until service start time: 0.0

	id: 0
		node: 122
		(x, y, z): (70, 70, 0)
		dem: 0
		earl: 0
		lat: 688
		servt: 0
		pid: 0
		did: 0
		servST: 445.4
		(h, h_ind): (0, 10)
		load: 0.0


Vehicle 7 :
	id: 0
		node: 1
		(x, y, z): (70, 70, 0)
		dem: 0
		earl: 0
		lat: 688
		servt: 0
		pid: 0
		did: 0
		servST: 0.14999999999999858
		(h, h_ind): (-1, 0)
		load: 0.0

	Finished service at time: 0.14999999999999858

	Using Machine: 0
		Task 0 -> Machine 0 (Station 1): 1.0
		Vehicle arrival at machine station: 1.1499999999999986
		Waiting time until machine travel: 0.0

		Machine travel start time: 1.1499999999999986
		Region 0 -> Region 1: 5.0
		Machine arrival at machine station: 6.149999999999999

		Machine 0 (Station 2)-> Task 63: 41.23
		Vehicle arrival at task: 47.379999999999995
		Waiting time until service start time: 0.0

	id: 63
		node: 31
		(x, y, z): (103, 44, 1)
		dem: 12
		earl: 42
		lat: 72
		servt: 10
		pid: 0
		did: 11
		servST: 47.379999999999995
		(h, h_ind): (0, 1)
		load: 12.0

	Finished service at time: 57.379999999999995

	Task 63 -> Task 120: 23.35
	Vehicle arrival at task: 80.72999999999999
	Waiting time until service start time: 0.0

	id: 120
		node: 57
		(x, y, z): (120, 60, 1)
		dem: 18
		earl: 50
		lat: 136
		servt: 10
		pid: 0
		did: 75
		servST: 80.72999999999999
		(h, h_ind): (-1, 0)
		load: 30.0

	Finished service at time: 90.72999999999999

	Using Machine: 5
		Task 120 -> Machine 5 (Station 2): 44.15
		Vehicle arrival at machine station: 134.88
		Waiting time until machine travel: 40.43

		Machine travel start time: 175.31
		Region 1 -> Region 0: 5.0
		Machine arrival at machine station: 180.31

		Machine 5 (Station 1)-> Task 25: 54.08
		Vehicle arrival at task: 234.39
		Waiting time until service start time: 53.17

	id: 25
		node: 14
		(x, y, z): (107, 25, 0)
		dem: 13
		earl: 249
		lat: 329
		servt: 10
		pid: 0
		did: 116
		servST: 287.56
		(h, h_ind): (5, 6)
		load: 43.0

	Finished service at time: 297.56

	Task 25 -> Task 11: 22.02
	Vehicle arrival at task: 319.58
	Waiting time until service start time: 0.0

	id: 11
		node: 91
		(x, y, z): (129, 24, 0)
		dem: -12
		earl: 309
		lat: 390
		servt: 10
		pid: 63
		did: 0
		servST: 319.58
		(h, h_ind): (-1, 0)
		load: 31.0

	Finished service at time: 329.58

	Task 11 -> Task 116: 19.42
	Vehicle arrival at task: 349.0
	Waiting time until service start time: 0.0

	id: 116
		node: 74
		(x, y, z): (110, 28, 0)
		dem: -13
		earl: 291
		lat: 349
		servt: 10
		pid: 25
		did: 0
		servST: 349.0
		(h, h_ind): (-1, 0)
		load: 18.0

	Finished service at time: 359.0

	Task 116 -> Task 49: 25.0
	Vehicle arrival at task: 384.0
	Waiting time until service start time: 23.0

	id: 49
		node: 23
		(x, y, z): (117, 4, 0)
		dem: 9
		earl: 407
		lat: 459
		servt: 10
		pid: 0
		did: 27
		servST: 407.0
		(h, h_ind): (-1, 0)
		load: 27.0

	Finished service at time: 417.0

	Task 49 -> Task 27: 16.49
	Vehicle arrival at task: 433.49
	Waiting time until service start time: 49.51

	id: 27
		node: 83
		(x, y, z): (101, 0, 0)
		dem: -9
		earl: 483
		lat: 543
		servt: 10
		pid: 49
		did: 0
		servST: 483.0
		(h, h_ind): (-1, 0)
		load: 18.0

	Finished service at time: 493.0

	Task 27 -> Task 75: 31.78
	Vehicle arrival at task: 524.78
	Waiting time until service start time: 0.0

	id: 75
		node: 117
		(x, y, z): (88, 29, 0)
		dem: -18
		earl: 514
		lat: 580
		servt: 10
		pid: 120
		did: 0
		servST: 524.78
		(h, h_ind): (-1, 0)
		load: 0.0

	Finished service at time: 534.78

	Task 75 -> Task 0: 44.78
	Vehicle arrival at task: 579.56
	Waiting time until service start time: 0.0

	id: 0
		node: 122
		(x, y, z): (70, 70, 0)
		dem: 0
		earl: 0
		lat: 688
		servt: 0
		pid: 0
		did: 0
		servST: 579.56
		(h, h_ind): (-1, 0)
		load: 0.0


Vehicle 12 :
	id: 0
		node: 1
		(x, y, z): (70, 70, 0)
		dem: 0
		earl: 0
		lat: 688
		servt: 0
		pid: 0
		did: 0
		servST: 114.72000000000003
		(h, h_ind): (-1, 0)
		load: 0.0

	Finished service at time: 114.72000000000003

	Using Machine: 0
		Task 0 -> Machine 0 (Station 1): 1.0
		Vehicle arrival at machine station: 115.72000000000003
		Waiting time until machine travel: 0.0

		Machine travel start time: 115.72000000000003
		Region 0 -> Region 2: 10.0
		Machine arrival at machine station: 125.72000000000003

		Machine 0 (Station 3)-> Task 133: 71.31
		Vehicle arrival at task: 197.03000000000003
		Waiting time until service start time: 0.0

	id: 133
		node: 59
		(x, y, z): (98, 4, 2)
		dem: 20
		earl: 165
		lat: 220
		servt: 10
		pid: 0
		did: 9
		servST: 197.03000000000003
		(h, h_ind): (0, 4)
		load: 20.0

	Finished service at time: 207.03000000000003

	Using Machine: 3
		Task 133 -> Machine 3 (Station 3): 69.89
		Vehicle arrival at machine station: 276.92
		Waiting time until machine travel: 0.0

		Machine travel start time: 276.92
		Region 2 -> Region 3: 5.0
		Machine arrival at machine station: 281.92

		Machine 3 (Station 4)-> Task 118: 47.76
		Vehicle arrival at task: 329.68
		Waiting time until service start time: 0.0

	id: 118
		node: 56
		(x, y, z): (59, 115, 3)
		dem: 26
		earl: 289
		lat: 368
		servt: 10
		pid: 0
		did: 105
		servST: 329.68
		(h, h_ind): (3, 7)
		load: 46.0

	Finished service at time: 339.68

	Task 118 -> Task 9: 58.03
	Vehicle arrival at task: 397.71000000000004
	Waiting time until service start time: 0.0

	id: 9
		node: 119
		(x, y, z): (61, 57, 3)
		dem: -20
		earl: 368
		lat: 411
		servt: 10
		pid: 133
		did: 0
		servST: 397.71000000000004
		(h, h_ind): (-1, 0)
		load: 26.0

	Finished service at time: 407.71000000000004

	Using Machine: 2
		Task 9 -> Machine 2 (Station 4): 15.26
		Vehicle arrival at machine station: 422.97
		Waiting time until machine travel: 0.0

		Machine travel start time: 422.97
		Region 3 -> Region 0: 15.0
		Machine arrival at machine station: 437.97

		Machine 2 (Station 1)-> Task 105: 13.04
		Vehicle arrival at task: 451.01000000000005
		Waiting time until service start time: 27.99

	id: 105
		node: 116
		(x, y, z): (70, 83, 0)
		dem: -26
		earl: 479
		lat: 521
		servt: 10
		pid: 118
		did: 0
		servST: 479.0
		(h, h_ind): (2, 7)
		load: 0.0

	Finished service at time: 489.0

	Task 105 -> Task 0: 13.0
	Vehicle arrival at task: 502.0
	Waiting time until service start time: 0.0

	id: 0
		node: 122
		(x, y, z): (70, 70, 0)
		dem: 0
		earl: 0
		lat: 688
		servt: 0
		pid: 0
		did: 0
		servST: 502.0
		(h, h_ind): (-1, 0)
		load: 0.0


Vehicle 13 :
	id: 0
		node: 1
		(x, y, z): (70, 70, 0)
		dem: 0
		earl: 0
		lat: 688
		servt: 0
		pid: 0
		did: 0
		servST: 15.450000000000003
		(h, h_ind): (-1, 0)
		load: 0.0

	Finished service at time: 15.450000000000003

	Task 0 -> Task 18: 37.58
	Vehicle arrival at task: 53.03
	Waiting time until service start time: 0.0

	id: 18
		node: 8
		(x, y, z): (104, 54, 0)
		dem: 13
		earl: 41
		lat: 94
		servt: 10
		pid: 0
		did: 66
		servST: 53.03
		(h, h_ind): (-1, 0)
		load: 13.0

	Finished service at time: 63.03

	Using Machine: 5
		Task 18 -> Machine 5 (Station 1): 31.38
		Vehicle arrival at machine station: 94.41
		Waiting time until machine travel: 0.0

		Machine travel start time: 94.41
		Region 0 -> Region 1: 5.0
		Machine arrival at machine station: 99.41

		Machine 5 (Station 2)-> Task 66: 71.59
		Vehicle arrival at task: 171.0
		Waiting time until service start time: 0.0

	id: 66
		node: 68
		(x, y, z): (140, 36, 1)
		dem: -13
		earl: 162
		lat: 220
		servt: 10
		pid: 18
		did: 0
		servST: 171.0
		(h, h_ind): (5, 4)
		load: 0.0

	Finished service at time: 181.0

	Task 66 -> Task 80: 50.0
	Vehicle arrival at task: 231.0
	Waiting time until service start time: 0.0

	id: 80
		node: 39
		(x, y, z): (92, 22, 1)
		dem: 18
		earl: 178
		lat: 231
		servt: 10
		pid: 0
		did: 182
		servST: 231.0
		(h, h_ind): (-1, 0)
		load: 18.0

	Finished service at time: 241.0

	Using Machine: 3
		Task 80 -> Machine 3 (Station 2): 50.92
		Vehicle arrival at machine station: 291.92
		Waiting time until machine travel: 0.0

		Machine travel start time: 291.92
		Region 1 -> Region 3: 10.0
		Machine arrival at machine station: 301.92

		Machine 3 (Station 4)-> Task 182: 48.08
		Vehicle arrival at task: 350.0
		Waiting time until service start time: 0.0

	id: 182
		node: 99
		(x, y, z): (89, 24, 3)
		dem: -18
		earl: 280
		lat: 353
		servt: 10
		pid: 80
		did: 0
		servST: 350.0
		(h, h_ind): (3, 8)
		load: 0.0

	Finished service at time: 360.0

	Using Machine: 0
		Task 182 -> Machine 0 (Station 4): 49.4
		Vehicle arrival at machine station: 409.4
		Waiting time until machine travel: 0.0

		Machine travel start time: 409.4
		Region 3 -> Region 0: 15.0
		Machine arrival at machine station: 424.4

		Machine 0 (Station 1)-> Task 0: 1.0
		Vehicle arrival at task: 425.4
		Waiting time until service start time: 0.0

	id: 0
		node: 122
		(x, y, z): (70, 70, 0)
		dem: 0
		earl: 0
		lat: 688
		servt: 0
		pid: 0
		did: 0
		servST: 425.4
		(h, h_ind): (0, 9)
		load: 0.0


Vehicle 17 :
	id: 0
		node: 1
		(x, y, z): (70, 70, 0)
		dem: 0
		earl: 0
		lat: 688
		servt: 0
		pid: 0
		did: 0
		servST: 55.25
		(h, h_ind): (-1, 0)
		load: 0.0

	Finished service at time: 55.25

	Task 0 -> Task 115: 94.75
	Vehicle arrival at task: 150.0
	Waiting time until service start time: 0.0

	id: 115
		node: 54
		(x, y, z): (137, 137, 0)
		dem: 27
		earl: 94
		lat: 150
		servt: 10
		pid: 0
		did: 122
		servST: 150.0
		(h, h_ind): (-1, 0)
		load: 27.0

	Finished service at time: 160.0

	Task 115 -> Task 122: 21.26
	Vehicle arrival at task: 181.26
	Waiting time until service start time: 57.74

	id: 122
		node: 114
		(x, y, z): (121, 123, 0)
		dem: -27
		earl: 239
		lat: 306
		servt: 10
		pid: 115
		did: 0
		servST: 239.0
		(h, h_ind): (-1, 0)
		load: 0.0

	Finished service at time: 249.0

	Task 122 -> Task 0: 73.55
	Vehicle arrival at task: 322.55
	Waiting time until service start time: 0.0

	id: 0
		node: 122
		(x, y, z): (70, 70, 0)
		dem: 0
		earl: 0
		lat: 688
		servt: 0
		pid: 0
		did: 0
		servST: 322.55
		(h, h_ind): (-1, 0)
		load: 0.0


Vehicle 18 :
	id: 0
		node: 1
		(x, y, z): (70, 70, 0)
		dem: 0
		earl: 0
		lat: 688
		servt: 0
		pid: 0
		did: 0
		servST: 96.12
		(h, h_ind): (-1, 0)
		load: 0.0

	Finished service at time: 96.12

	Using Machine: 1
		Task 0 -> Machine 1 (Station 1): 3.0
		Vehicle arrival at machine station: 99.12
		Waiting time until machine travel: 0.0

		Machine travel start time: 99.12
		Region 0 -> Region 3: 15.0
		Machine arrival at machine station: 114.12

		Machine 1 (Station 4)-> Task 135: 60.88
		Vehicle arrival at task: 175.0
		Waiting time until service start time: 0.0

	id: 135
		node: 61
		(x, y, z): (58, 11, 3)
		dem: 9
		earl: 110
		lat: 175
		servt: 10
		pid: 0
		did: 110
		servST: 175.0
		(h, h_ind): (1, 3)
		load: 9.0

	Finished service at time: 185.0

	Task 135 -> Task 134: 79.88
	Vehicle arrival at task: 264.88
	Waiting time until service start time: 17.12

	id: 134
		node: 60
		(x, y, z): (103, 77, 3)
		dem: 17
		earl: 282
		lat: 329
		servt: 10
		pid: 0
		did: 124
		servST: 282.0
		(h, h_ind): (-1, 0)
		load: 26.0

	Finished service at time: 292.0

	Using Machine: 5
		Task 134 -> Machine 5 (Station 4): 26.93
		Vehicle arrival at machine station: 318.93
		Waiting time until machine travel: 4.54

		Machine travel start time: 323.47
		Region 3 -> Region 0: 15.0
		Machine arrival at machine station: 338.47

		Machine 5 (Station 1)-> Task 124: 30.53
		Vehicle arrival at task: 369.0
		Waiting time until service start time: 0.0

	id: 124
		node: 120
		(x, y, z): (103, 86, 0)
		dem: -17
		earl: 296
		lat: 369
		servt: 10
		pid: 134
		did: 0
		servST: 369.0
		(h, h_ind): (5, 12)
		load: 9.0

	Finished service at time: 379.0

	Task 124 -> Task 110: 70.41
	Vehicle arrival at task: 449.40999999999997
	Waiting time until service start time: 92.59

	id: 110
		node: 121
		(x, y, z): (34, 72, 0)
		dem: -9
		earl: 542
		lat: 586
		servt: 10
		pid: 135
		did: 0
		servST: 542.0
		(h, h_ind): (-1, 0)
		load: 0.0

	Finished service at time: 552.0

	Task 110 -> Task 0: 36.06
	Vehicle arrival at task: 588.06
	Waiting time until service start time: 0.0

	id: 0
		node: 122
		(x, y, z): (70, 70, 0)
		dem: 0
		earl: 0
		lat: 688
		servt: 0
		pid: 0
		did: 0
		servST: 588.06
		(h, h_ind): (-1, 0)
		load: 0.0


Vehicle 19 :
	id: 0
		node: 1
		(x, y, z): (70, 70, 0)
		dem: 0
		earl: 0
		lat: 688
		servt: 0
		pid: 0
		did: 0
		servST: 0.7499999999999432
		(h, h_ind): (-1, 0)
		load: 0.0

	Finished service at time: 0.7499999999999432

	Task 0 -> Task 117: 73.25
	Vehicle arrival at task: 73.99999999999994
	Waiting time until service start time: 0.0

	id: 117
		node: 55
		(x, y, z): (116, 13, 0)
		dem: 5
		earl: 73
		lat: 147
		servt: 10
		pid: 0
		did: 79
		servST: 73.99999999999994
		(h, h_ind): (-1, 0)
		load: 5.0

	Finished service at time: 83.99999999999994

	Using Machine: 0
		Task 117 -> Machine 0 (Station 1): 72.62
		Vehicle arrival at machine station: 156.61999999999995
		Waiting time until machine travel: 0.0

		Machine travel start time: 156.61999999999995
		Region 0 -> Region 2: 10.0
		Machine arrival at machine station: 166.61999999999995

		Machine 0 (Station 3)-> Task 89: 43.74
		Vehicle arrival at task: 210.35999999999996
		Waiting time until service start time: 0.0

	id: 89
		node: 44
		(x, y, z): (28, 62, 2)
		dem: 23
		earl: 182
		lat: 241
		servt: 10
		pid: 0
		did: 65
		servST: 210.35999999999996
		(h, h_ind): (0, 5)
		load: 28.0

	Finished service at time: 220.35999999999996

	Using Machine: 0
		Task 89 -> Machine 0 (Station 3): 43.74
		Vehicle arrival at machine station: 264.09999999999997
		Waiting time until machine travel: 0.0

		Machine travel start time: 264.09999999999997
		Region 2 -> Region 3: 5.0
		Machine arrival at machine station: 269.09999999999997

		Machine 0 (Station 4)-> Task 79: 48.88
		Vehicle arrival at task: 317.97999999999996
		Waiting time until service start time: 0.0

	id: 79
		node: 115
		(x, y, z): (113, 45, 3)
		dem: -5
		earl: 264
		lat: 364
		servt: 10
		pid: 117
		did: 0
		servST: 317.97999999999996
		(h, h_ind): (0, 6)
		load: 23.0

	Finished service at time: 327.97999999999996

	Task 79 -> Task 65: 98.48
	Vehicle arrival at task: 426.46
	Waiting time until service start time: 0.0

	id: 65
		node: 104
		(x, y, z): (16, 62, 3)
		dem: -23
		earl: 355
		lat: 467
		servt: 10
		pid: 89
		did: 0
		servST: 426.46
		(h, h_ind): (-1, 0)
		load: 0.0

	Finished service at time: 436.46

	Using Machine: 2
		Task 65 -> Machine 2 (Station 4): 53.6
		Vehicle arrival at machine station: 490.06
		Waiting time until machine travel: 0.0

		Machine travel start time: 490.06
		Region 3 -> Region 0: 15.0
		Machine arrival at machine station: 505.06

		Machine 2 (Station 1)-> Task 0: 1.0
		Vehicle arrival at task: 506.06
		Waiting time until service start time: 0.0

	id: 0
		node: 122
		(x, y, z): (70, 70, 0)
		dem: 0
		earl: 0
		lat: 688
		servt: 0
		pid: 0
		did: 0
		servST: 506.06
		(h, h_ind): (2, 9)
		load: 0.0


Vehicle 21 :
	id: 0
		node: 1
		(x, y, z): (70, 70, 0)
		dem: 0
		earl: 0
		lat: 688
		servt: 0
		pid: 0
		did: 0
		servST: 10.149999999999999
		(h, h_ind): (-1, 0)
		load: 0.0

	Finished service at time: 10.149999999999999

	Using Machine: 0
		Task 0 -> Machine 0 (Station 1): 1.0
		Vehicle arrival at machine station: 11.149999999999999
		Waiting time until machine travel: 0.0

		Machine travel start time: 11.149999999999999
		Region 0 -> Region 1: 5.0
		Machine arrival at machine station: 16.15

		Machine 0 (Station 2)-> Task 20: 67.78
		Vehicle arrival at task: 83.93
		Waiting time until service start time: 3.77

	id: 20
		node: 10
		(x, y, z): (46, 133, 1)
		dem: 7
		earl: 67
		lat: 115
		servt: 10
		pid: 0
		did: 34
		servST: 87.70000000000002
		(h, h_ind): (0, 2)
		load: 7.0

	Finished service at time: 97.70000000000002

	Using Machine: 2
		Task 20 -> Machine 2 (Station 2): 67.07
		Vehicle arrival at machine station: 164.77
		Waiting time until machine travel: 0.0

		Machine travel start time: 164.77
		Region 1 -> Region 0: 5.0
		Machine arrival at machine station: 169.77

		Machine 2 (Station 1)-> Task 99: 45.0
		Vehicle arrival at task: 214.77
		Waiting time until service start time: 0.0

	id: 99
		node: 47
		(x, y, z): (69, 115, 0)
		dem: 20
		earl: 214
		lat: 246
		servt: 10
		pid: 0
		did: 59
		servST: 214.77
		(h, h_ind): (2, 4)
		load: 27.0

	Finished service at time: 224.77

	Task 99 -> Task 34: 15.23
	Vehicle arrival at task: 240.0
	Waiting time until service start time: 0.0

	id: 34
		node: 70
		(x, y, z): (63, 129, 0)
		dem: -7
		earl: 202
		lat: 240
		servt: 10
		pid: 20
		did: 0
		servST: 240.0
		(h, h_ind): (-1, 0)
		load: 20.0

	Finished service at time: 250.0

	Task 34 -> Task 53: 41.23
	Vehicle arrival at task: 291.23
	Waiting time until service start time: 23.77

	id: 53
		node: 25
		(x, y, z): (103, 119, 0)
		dem: 18
		earl: 315
		lat: 383
		servt: 10
		pid: 0
		did: 111
		servST: 315.0
		(h, h_ind): (-1, 0)
		load: 38.0

	Finished service at time: 325.0

	Using Machine: 5
		Task 53 -> Machine 5 (Station 1): 55.47
		Vehicle arrival at machine station: 380.47
		Waiting time until machine travel: 0.0

		Machine travel start time: 380.47
		Region 0 -> Region 2: 10.0
		Machine arrival at machine station: 390.47

		Machine 5 (Station 3)-> Task 111: 33.14
		Vehicle arrival at task: 423.61
		Waiting time until service start time: 0.0

	id: 111
		node: 85
		(x, y, z): (80, 103, 2)
		dem: -18
		earl: 374
		lat: 427
		servt: 10
		pid: 53
		did: 0
		servST: 423.61
		(h, h_ind): (5, 13)
		load: 20.0

	Finished service at time: 433.61

	Using Machine: 1
		Task 111 -> Machine 1 (Station 3): 33.73
		Vehicle arrival at machine station: 467.34000000000003
		Waiting time until machine travel: 0.0

		Machine travel start time: 467.34000000000003
		Region 2 -> Region 0: 10.0
		Machine arrival at machine station: 477.34000000000003

		Machine 1 (Station 1)-> Task 59: 26.68
		Vehicle arrival at task: 504.02000000000004
		Waiting time until service start time: 0.0

	id: 59
		node: 107
		(x, y, z): (67, 96, 0)
		dem: -20
		earl: 491
		lat: 523
		servt: 10
		pid: 99
		did: 0
		servST: 504.02000000000004
		(h, h_ind): (1, 6)
		load: 0.0

	Finished service at time: 514.02

	Task 59 -> Task 0: 26.17
	Vehicle arrival at task: 540.1899999999999
	Waiting time until service start time: 0.0

	id: 0
		node: 122
		(x, y, z): (70, 70, 0)
		dem: 0
		earl: 0
		lat: 688
		servt: 0
		pid: 0
		did: 0
		servST: 540.19
		(h, h_ind): (-1, 0)
		load: 0.0


Vehicle 22 :
	id: 0
		node: 1
		(x, y, z): (70, 70, 0)
		dem: 0
		earl: 0
		lat: 688
		servt: 0
		pid: 0
		did: 0
		servST: 0.25
		(h, h_ind): (-1, 0)
		load: 0.0

	Finished service at time: 0.25

	Using Machine: 3
		Task 0 -> Machine 3 (Station 1): 5.0
		Vehicle arrival at machine station: 5.25
		Waiting time until machine travel: 0.0

		Machine travel start time: 5.25
		Region 0 -> Region 2: 10.0
		Machine arrival at machine station: 15.25

		Machine 3 (Station 3)-> Task 85: 66.73
		Vehicle arrival at task: 81.98
		Waiting time until service start time: 0.0

	id: 85
		node: 42
		(x, y, z): (12, 48, 2)
		dem: 4
		earl: 62
		lat: 159
		servt: 10
		pid: 0
		did: 12
		servST: 81.98
		(h, h_ind): (3, 1)
		load: 4.0

	Finished service at time: 91.98

	Using Machine: 4
		Task 85 -> Machine 4 (Station 3): 59.24
		Vehicle arrival at machine station: 151.22
		Waiting time until machine travel: 1.05

		Machine travel start time: 152.26999999999998
		Region 2 -> Region 1: 5.0
		Machine arrival at machine station: 157.26999999999998

		Machine 4 (Station 2)-> Task 12: 56.75
		Vehicle arrival at task: 214.01999999999998
		Waiting time until service start time: 0.0

	id: 12
		node: 102
		(x, y, z): (12, 84, 1)
		dem: -4
		earl: 200
		lat: 278
		servt: 10
		pid: 85
		did: 0
		servST: 214.01999999999998
		(h, h_ind): (4, 7)
		load: 0.0

	Finished service at time: 224.01999999999998

	Task 12 -> Task 38: 47.2
	Vehicle arrival at task: 271.21999999999997
	Waiting time until service start time: 0.0

	id: 38
		node: 19
		(x, y, z): (50, 112, 1)
		dem: 18
		earl: 212
		lat: 282
		servt: 10
		pid: 0
		did: 102
		servST: 271.21999999999997
		(h, h_ind): (-1, 0)
		load: 18.0

	Finished service at time: 281.21999999999997

	Using Machine: 4
		Task 38 -> Machine 4 (Station 2): 45.31
		Vehicle arrival at machine station: 326.53
		Waiting time until machine travel: 0.0

		Machine travel start time: 326.53
		Region 1 -> Region 0: 5.0
		Machine arrival at machine station: 331.53

		Machine 4 (Station 1)-> Task 102: 84.4
		Vehicle arrival at task: 415.92999999999995
		Waiting time until service start time: 0.0

	id: 102
		node: 79
		(x, y, z): (17, 138, 0)
		dem: -18
		earl: 409
		lat: 487
		servt: 10
		pid: 38
		did: 0
		servST: 415.92999999999995
		(h, h_ind): (4, 14)
		load: 0.0

	Finished service at time: 425.92999999999995

	Task 102 -> Task 0: 86.21
	Vehicle arrival at task: 512.14
	Waiting time until service start time: 0.0

	id: 0
		node: 122
		(x, y, z): (70, 70, 0)
		dem: 0
		earl: 0
		lat: 688
		servt: 0
		pid: 0
		did: 0
		servST: 512.14
		(h, h_ind): (-1, 0)
		load: 0.0


Vehicle 23 :
	id: 0
		node: 1
		(x, y, z): (70, 70, 0)
		dem: 0
		earl: 0
		lat: 688
		servt: 0
		pid: 0
		did: 0
		servST: 20.970000000000006
		(h, h_ind): (-1, 0)
		load: 0.0

	Finished service at time: 20.970000000000006

	Task 0 -> Task 81: 15.81
	Vehicle arrival at task: 36.78000000000001
	Waiting time until service start time: 0.0

	id: 81
		node: 40
		(x, y, z): (85, 75, 0)
		dem: 37
		earl: 15
		lat: 85
		servt: 10
		pid: 0
		did: 138
		servST: 36.78000000000001
		(h, h_ind): (-1, 0)
		load: 37.0

	Finished service at time: 46.78000000000001

	Using Machine: 4
		Task 81 -> Machine 4 (Station 1): 18.68
		Vehicle arrival at machine station: 65.46000000000001
		Waiting time until machine travel: 0.0

		Machine travel start time: 65.46000000000001
		Region 0 -> Region 1: 5.0
		Machine arrival at machine station: 70.46000000000001

		Machine 4 (Station 2)-> Task 106: 39.29
		Vehicle arrival at task: 109.75
		Waiting time until service start time: 0.0

	id: 106
		node: 50
		(x, y, z): (29, 60, 1)
		dem: 14
		earl: 42
		lat: 126
		servt: 10
		pid: 0
		did: 94
		servST: 109.75
		(h, h_ind): (4, 4)
		load: 51.0

	Finished service at time: 119.75

	Task 106 -> Task 94: 27.31
	Vehicle arrival at task: 147.06
	Waiting time until service start time: 0.0

	id: 94
		node: 110
		(x, y, z): (4, 71, 1)
		dem: -14
		earl: 131
		lat: 219
		servt: 10
		pid: 106
		did: 0
		servST: 147.06
		(h, h_ind): (-1, 0)
		load: 37.0

	Finished service at time: 157.06

	Task 94 -> Task 104: 61.29
	Vehicle arrival at task: 218.35
	Waiting time until service start time: 0.0

	id: 104
		node: 49
		(x, y, z): (38, 122, 1)
		dem: 13
		earl: 212
		lat: 287
		servt: 10
		pid: 0
		did: 177
		servST: 218.35
		(h, h_ind): (-1, 0)
		load: 50.0

	Finished service at time: 228.35

	Using Machine: 4
		Task 104 -> Machine 4 (Station 2): 59.54
		Vehicle arrival at machine station: 287.89
		Waiting time until machine travel: 0.0

		Machine travel start time: 287.89
		Region 1 -> Region 2: 5.0
		Machine arrival at machine station: 292.89

		Machine 4 (Station 3)-> Task 138: 34.18
		Vehicle arrival at task: 327.07
		Waiting time until service start time: 0.0

	id: 138
		node: 100
		(x, y, z): (55, 102, 2)
		dem: -37
		earl: 285
		lat: 374
		servt: 10
		pid: 81
		did: 0
		servST: 327.07
		(h, h_ind): (4, 12)
		load: 13.0

	Finished service at time: 337.07

	Task 138 -> Task 177: 49.93
	Vehicle arrival at task: 387.0
	Waiting time until service start time: 0.0

	id: 177
		node: 109
		(x, y, z): (13, 129, 2)
		dem: -13
		earl: 345
		lat: 387
		servt: 10
		pid: 104
		did: 0
		servST: 387.0
		(h, h_ind): (-1, 0)
		load: 0.0

	Finished service at time: 397.0

	Using Machine: 4
		Task 177 -> Machine 4 (Station 3): 79.98
		Vehicle arrival at machine station: 476.98
		Waiting time until machine travel: 0.0

		Machine travel start time: 476.98
		Region 2 -> Region 0: 10.0
		Machine arrival at machine station: 486.98

		Machine 4 (Station 1)-> Task 0: 3.0
		Vehicle arrival at task: 489.98
		Waiting time until service start time: 0.0

	id: 0
		node: 122
		(x, y, z): (70, 70, 0)
		dem: 0
		earl: 0
		lat: 688
		servt: 0
		pid: 0
		did: 0
		servST: 489.98
		(h, h_ind): (4, 18)
		load: 0.0


Vehicle 26 :
	id: 0
		node: 1
		(x, y, z): (70, 70, 0)
		dem: 0
		earl: 0
		lat: 688
		servt: 0
		pid: 0
		did: 0
		servST: 14.399999999999999
		(h, h_ind): (-1, 0)
		load: 0.0

	Finished service at time: 14.399999999999999

	Using Machine: 1
		Task 0 -> Machine 1 (Station 1): 3.0
		Vehicle arrival at machine station: 17.4
		Waiting time until machine travel: 0.0

		Machine travel start time: 17.4
		Region 0 -> Region 3: 15.0
		Machine arrival at machine station: 32.4

		Machine 1 (Station 4)-> Task 132: 8.6
		Vehicle arrival at task: 41.0
		Waiting time until service start time: 0.0

	id: 132
		node: 58
		(x, y, z): (78, 63, 3)
		dem: 19
		earl: 10
		lat: 41
		servt: 10
		pid: 0
		did: 67
		servST: 41.0
		(h, h_ind): (1, 2)
		load: 19.0

	Finished service at time: 51.0

	Using Machine: 5
		Task 132 -> Machine 5 (Station 4): 7.07
		Vehicle arrival at machine station: 58.07
		Waiting time until machine travel: 9.86

		Machine travel start time: 67.93
		Region 3 -> Region 2: 5.0
		Machine arrival at machine station: 72.93

		Machine 5 (Station 3)-> Task 67: 29.07
		Vehicle arrival at task: 102.0
		Waiting time until service start time: 0.0

	id: 67
		node: 118
		(x, y, z): (90, 44, 2)
		dem: -19
		earl: 33
		lat: 102
		servt: 10
		pid: 132
		did: 0
		servST: 102.0
		(h, h_ind): (5, 3)
		load: 0.0

	Finished service at time: 112.0

	Task 67 -> Task 44: 24.7
	Vehicle arrival at task: 136.7
	Waiting time until service start time: 0.0

	id: 44
		node: 21
		(x, y, z): (113, 35, 2)
		dem: 9
		earl: 55
		lat: 139
		servt: 10
		pid: 0
		did: 3
		servST: 136.7
		(h, h_ind): (-1, 0)
		load: 9.0

	Finished service at time: 146.7

	Using Machine: 3
		Task 44 -> Machine 3 (Station 3): 51.66
		Vehicle arrival at machine station: 198.35999999999999
		Waiting time until machine travel: 0.0

		Machine travel start time: 198.35999999999999
		Region 2 -> Region 3: 5.0
		Machine arrival at machine station: 203.35999999999999

		Machine 3 (Station 4)-> Task 3: 65.8
		Vehicle arrival at task: 269.15999999999997
		Waiting time until service start time: 0.0

	id: 3
		node: 81
		(x, y, z): (120, 22, 3)
		dem: -9
		earl: 208
		lat: 271
		servt: 10
		pid: 44
		did: 0
		servST: 269.15999999999997
		(h, h_ind): (3, 5)
		load: 0.0

	Finished service at time: 279.15999999999997

	Using Machine: 2
		Task 3 -> Machine 2 (Station 4): 70.04
		Vehicle arrival at machine station: 349.2
		Waiting time until machine travel: 0.0

		Machine travel start time: 349.2
		Region 3 -> Region 0: 15.0
		Machine arrival at machine station: 364.2

		Machine 2 (Station 1)-> Task 0: 1.0
		Vehicle arrival at task: 365.2
		Waiting time until service start time: 0.0

	id: 0
		node: 122
		(x, y, z): (70, 70, 0)
		dem: 0
		earl: 0
		lat: 688
		servt: 0
		pid: 0
		did: 0
		servST: 365.2
		(h, h_ind): (2, 6)
		load: 0.0


Vehicle 28 :
	id: 0
		node: 1
		(x, y, z): (70, 70, 0)
		dem: 0
		earl: 0
		lat: 688
		servt: 0
		pid: 0
		did: 0
		servST: 4.399999999999999
		(h, h_ind): (-1, 0)
		load: 0.0

	Finished service at time: 4.399999999999999

	Using Machine: 1
		Task 0 -> Machine 1 (Station 1): 3.0
		Vehicle arrival at machine station: 7.399999999999999
		Waiting time until machine travel: 0.0

		Machine travel start time: 7.399999999999999
		Region 0 -> Region 1: 5.0
		Machine arrival at machine station: 12.399999999999999

		Machine 1 (Station 2)-> Task 7: 32.7
		Vehicle arrival at task: 45.1
		Waiting time until service start time: 8.9

	id: 7
		node: 5
		(x, y, z): (86, 40, 1)
		dem: 22
		earl: 34
		lat: 54
		servt: 10
		pid: 0
		did: 28
		servST: 54.0
		(h, h_ind): (1, 1)
		load: 22.0

	Finished service at time: 64.0

	Task 7 -> Task 72: 32.76
	Vehicle arrival at task: 96.75999999999999
	Waiting time until service start time: 0.0

	id: 72
		node: 35
		(x, y, z): (54, 33, 1)
		dem: 20
		earl: 40
		lat: 117
		servt: 10
		pid: 0
		did: 167
		servST: 96.75999999999999
		(h, h_ind): (-1, 0)
		load: 42.0

	Finished service at time: 106.75999999999999

	Using Machine: 4
		Task 72 -> Machine 4 (Station 2): 39.22
		Vehicle arrival at machine station: 145.98
		Waiting time until machine travel: 1.29

		Machine travel start time: 147.26999999999998
		Region 1 -> Region 2: 5.0
		Machine arrival at machine station: 152.26999999999998

		Machine 4 (Station 3)-> Task 98: 72.28
		Vehicle arrival at task: 224.54999999999998
		Waiting time until service start time: 4.13

	id: 98
		node: 46
		(x, y, z): (49, 140, 2)
		dem: 3
		earl: 224
		lat: 275
		servt: 10
		pid: 0
		did: 62
		servST: 228.68
		(h, h_ind): (4, 6)
		load: 45.0

	Finished service at time: 238.68

	Task 98 -> Task 62: 14.32
	Vehicle arrival at task: 253.0
	Waiting time until service start time: 0.0

	id: 62
		node: 106
		(x, y, z): (55, 127, 2)
		dem: -3
		earl: 253
		lat: 294
		servt: 10
		pid: 98
		did: 0
		servST: 253.0
		(h, h_ind): (-1, 0)
		load: 42.0

	Finished service at time: 263.0

	Task 62 -> Task 167: 115.12
	Vehicle arrival at task: 378.12
	Waiting time until service start time: 0.0

	id: 167
		node: 95
		(x, y, z): (39, 13, 2)
		dem: -20
		earl: 369
		lat: 413
		servt: 10
		pid: 72
		did: 0
		servST: 378.12
		(h, h_ind): (-1, 0)
		load: 22.0

	Finished service at time: 388.12

	Task 167 -> Task 28: 51.01
	Vehicle arrival at task: 439.13
	Waiting time until service start time: 21.87

	id: 28
		node: 65
		(x, y, z): (90, 14, 2)
		dem: -22
		earl: 461
		lat: 496
		servt: 10
		pid: 7
		did: 0
		servST: 461.0
		(h, h_ind): (-1, 0)
		load: 0.0

	Finished service at time: 471.0

	Using Machine: 1
		Task 28 -> Machine 1 (Station 3): 58.52
		Vehicle arrival at machine station: 529.52
		Waiting time until machine travel: 0.0

		Machine travel start time: 529.52
		Region 2 -> Region 0: 10.0
		Machine arrival at machine station: 539.52

		Machine 1 (Station 1)-> Task 0: 3.0
		Vehicle arrival at task: 542.52
		Waiting time until service start time: 0.0

	id: 0
		node: 122
		(x, y, z): (70, 70, 0)
		dem: 0
		earl: 0
		lat: 688
		servt: 0
		pid: 0
		did: 0
		servST: 542.52
		(h, h_ind): (1, 7)
		load: 0.0


Vehicle 29 :
	id: 0
		node: 1
		(x, y, z): (70, 70, 0)
		dem: 0
		earl: 0
		lat: 688
		servt: 0
		pid: 0
		did: 0
		servST: 37.18999999999999
		(h, h_ind): (-1, 0)
		load: 0.0

	Finished service at time: 37.18999999999999

	Using Machine: 4
		Task 0 -> Machine 4 (Station 1): 3.0
		Vehicle arrival at machine station: 40.18999999999999
		Waiting time until machine travel: 0.0

		Machine travel start time: 40.18999999999999
		Region 0 -> Region 1: 5.0
		Machine arrival at machine station: 45.18999999999999

		Machine 4 (Station 2)-> Task 57: 41.04
		Vehicle arrival at task: 86.22999999999999
		Waiting time until service start time: 0.0

	id: 57
		node: 28
		(x, y, z): (39, 100, 1)
		dem: 31
		earl: 43
		lat: 121
		servt: 10
		pid: 0
		did: 95
		servST: 86.22999999999999
		(h, h_ind): (4, 2)
		load: 31.0

	Finished service at time: 96.22999999999999

	Using Machine: 4
		Task 57 -> Machine 4 (Station 2): 41.04
		Vehicle arrival at machine station: 137.26999999999998
		Waiting time until machine travel: 0.0

		Machine travel start time: 137.26999999999998
		Region 1 -> Region 2: 5.0
		Machine arrival at machine station: 142.26999999999998

		Machine 4 (Station 3)-> Task 76: 74.06
		Vehicle arrival at task: 216.32999999999998
		Waiting time until service start time: 0.0

	id: 76
		node: 37
		(x, y, z): (109, 131, 2)
		dem: 16
		earl: 206
		lat: 276
		servt: 10
		pid: 0
		did: 40
		servST: 216.32999999999998
		(h, h_ind): (4, 5)
		load: 47.0

	Finished service at time: 226.32999999999998

	Task 76 -> Task 95: 90.67
	Vehicle arrival at task: 317.0
	Waiting time until service start time: 0.0

	id: 95
		node: 88
		(x, y, z): (19, 120, 2)
		dem: -31
		earl: 236
		lat: 317
		servt: 10
		pid: 57
		did: 0
		servST: 317.0
		(h, h_ind): (-1, 0)
		load: 16.0

	Finished service at time: 327.0

	Task 95 -> Task 40: 75.19
	Vehicle arrival at task: 402.19
	Waiting time until service start time: 0.0

	id: 40
		node: 97
		(x, y, z): (92, 138, 2)
		dem: -16
		earl: 381
		lat: 452
		servt: 10
		pid: 76
		did: 0
		servST: 402.19
		(h, h_ind): (-1, 0)
		load: 0.0

	Finished service at time: 412.19

	Using Machine: 3
		Task 40 -> Machine 3 (Station 3): 70.09
		Vehicle arrival at machine station: 482.28
		Waiting time until machine travel: 0.0

		Machine travel start time: 482.28
		Region 2 -> Region 0: 10.0
		Machine arrival at machine station: 492.28

		Machine 3 (Station 1)-> Task 0: 5.0
		Vehicle arrival at task: 497.28
		Waiting time until service start time: 0.0

	id: 0
		node: 122
		(x, y, z): (70, 70, 0)
		dem: 0
		earl: 0
		lat: 688
		servt: 0
		pid: 0
		did: 0
		servST: 497.28
		(h, h_ind): (3, 11)
		load: 0.0


Vehicle 31 :
	id: 0
		node: 1
		(x, y, z): (70, 70, 0)
		dem: 0
		earl: 0
		lat: 688
		servt: 0
		pid: 0
		did: 0
		servST: 17.18999999999999
		(h, h_ind): (-1, 0)
		load: 0.0

	Finished service at time: 17.18999999999999

	Using Machine: 4
		Task 0 -> Machine 4 (Station 1): 3.0
		Vehicle arrival at machine station: 20.18999999999999
		Waiting time until machine travel: 0.0

		Machine travel start time: 20.18999999999999
		Region 0 -> Region 2: 10.0
		Machine arrival at machine station: 30.18999999999999

		Machine 4 (Station 3)-> Task 100: 62.27
		Vehicle arrival at task: 92.46
		Waiting time until service start time: 144.54

	id: 100
		node: 48
		(x, y, z): (36, 124, 2)
		dem: 34
		earl: 237
		lat: 261
		servt: 10
		pid: 0
		did: 6
		servST: 237.0
		(h, h_ind): (4, 1)
		load: 34.0

	Finished service at time: 247.0

	Using Machine: 4
		Task 100 -> Machine 4 (Station 3): 62.27
		Vehicle arrival at machine station: 309.27
		Waiting time until machine travel: 0.0

		Machine travel start time: 309.27
		Region 2 -> Region 3: 5.0
		Machine arrival at machine station: 314.27

		Machine 4 (Station 4)-> Task 6: 87.46
		Vehicle arrival at task: 401.72999999999996
		Waiting time until service start time: 0.27

	id: 6
		node: 108
		(x, y, z): (12, 138, 3)
		dem: -34
		earl: 367
		lat: 402
		servt: 10
		pid: 100
		did: 0
		servST: 402.0
		(h, h_ind): (4, 13)
		load: 0.0

	Finished service at time: 412.0

	Task 6 -> Task 77: 27.07
	Vehicle arrival at task: 439.07
	Waiting time until service start time: 25.93

	id: 77
		node: 38
		(x, y, z): (10, 111, 3)
		dem: 21
		earl: 465
		lat: 551
		servt: 10
		pid: 0
		did: 198
		servST: 465.0
		(h, h_ind): (-1, 0)
		load: 21.0

	Finished service at time: 475.0

	Using Machine: 4
		Task 77 -> Machine 4 (Station 4): 70.21
		Vehicle arrival at machine station: 545.21
		Waiting time until machine travel: 0.0

		Machine travel start time: 545.21
		Region 3 -> Region 1: 10.0
		Machine arrival at machine station: 555.21

		Machine 4 (Station 2)-> Task 198: 52.5
		Vehicle arrival at task: 607.71
		Waiting time until service start time: 0.0

	id: 198
		node: 98
		(x, y, z): (27, 104, 1)
		dem: -21
		earl: 544
		lat: 618
		servt: 10
		pid: 77
		did: 0
		servST: 607.71
		(h, h_ind): (4, 19)
		load: 0.0

	Finished service at time: 617.71

	Using Machine: 2
		Task 198 -> Machine 2 (Station 2): 54.04
		Vehicle arrival at machine station: 671.75
		Waiting time until machine travel: 0.0

		Machine travel start time: 671.75
		Region 1 -> Region 0: 5.0
		Machine arrival at machine station: 676.75

		Machine 2 (Station 1)-> Task 0: 1.0
		Vehicle arrival at task: 677.75
		Waiting time until service start time: 0.0

	id: 0
		node: 122
		(x, y, z): (70, 70, 0)
		dem: 0
		earl: 0
		lat: 688
		servt: 0
		pid: 0
		did: 0
		servST: 677.75
		(h, h_ind): (2, 14)
		load: 0.0


Vehicle 33 :
	id: 0
		node: 1
		(x, y, z): (70, 70, 0)
		dem: 0
		earl: 0
		lat: 688
		servt: 0
		pid: 0
		did: 0
		servST: 117.83
		(h, h_ind): (-1, 0)
		load: 0.0

	Finished service at time: 117.83

	Task 0 -> Task 60: 26.17
	Vehicle arrival at task: 144.0
	Waiting time until service start time: 0.0

	id: 60
		node: 30
		(x, y, z): (73, 96, 0)
		dem: 9
		earl: 144
		lat: 219
		servt: 10
		pid: 0
		did: 183
		servST: 144.0
		(h, h_ind): (-1, 0)
		load: 9.0

	Finished service at time: 154.0

	Using Machine: 5
		Task 60 -> Machine 5 (Station 1): 26.31
		Vehicle arrival at machine station: 180.31
		Waiting time until machine travel: 0.0

		Machine travel start time: 180.31
		Region 0 -> Region 2: 10.0
		Machine arrival at machine station: 190.31

		Machine 5 (Station 3)-> Task 109: 58.31
		Vehicle arrival at task: 248.62
		Waiting time until service start time: 0.0

	id: 109
		node: 51
		(x, y, z): (83, 12, 2)
		dem: 29
		earl: 226
		lat: 264
		servt: 10
		pid: 0
		did: 91
		servST: 248.62
		(h, h_ind): (5, 7)
		load: 38.0

	Finished service at time: 258.62

	Using Machine: 3
		Task 109 -> Machine 3 (Station 3): 58.55
		Vehicle arrival at machine station: 317.17
		Waiting time until machine travel: 0.0

		Machine travel start time: 317.17
		Region 2 -> Region 0: 10.0
		Machine arrival at machine station: 327.17

		Machine 3 (Station 1)-> Task 183: 50.64
		Vehicle arrival at task: 377.81
		Waiting time until service start time: 0.0

	id: 183
		node: 90
		(x, y, z): (67, 120, 0)
		dem: -9
		earl: 347
		lat: 400
		servt: 10
		pid: 60
		did: 0
		servST: 377.81
		(h, h_ind): (3, 9)
		load: 29.0

	Finished service at time: 387.81

	Using Machine: 5
		Task 183 -> Machine 5 (Station 1): 50.99
		Vehicle arrival at machine station: 438.8
		Waiting time until machine travel: 0.0

		Machine travel start time: 438.8
		Region 0 -> Region 3: 15.0
		Machine arrival at machine station: 453.8

		Machine 5 (Station 4)-> Task 91: 32.56
		Vehicle arrival at task: 486.36
		Waiting time until service start time: 0.0

	id: 91
		node: 111
		(x, y, z): (83, 38, 3)
		dem: -29
		earl: 478
		lat: 505
		servt: 10
		pid: 109
		did: 0
		servST: 486.36
		(h, h_ind): (5, 14)
		load: 0.0

	Finished service at time: 496.36

	Using Machine: 0
		Task 91 -> Machine 0 (Station 4): 34.18
		Vehicle arrival at machine station: 530.54
		Waiting time until machine travel: 0.0

		Machine travel start time: 530.54
		Region 3 -> Region 0: 15.0
		Machine arrival at machine station: 545.54

		Machine 0 (Station 1)-> Task 0: 1.0
		Vehicle arrival at task: 546.54
		Waiting time until service start time: 0.0

	id: 0
		node: 122
		(x, y, z): (70, 70, 0)
		dem: 0
		earl: 0
		lat: 688
		servt: 0
		pid: 0
		did: 0
		servST: 546.54
		(h, h_ind): (0, 12)
		load: 0.0


Vehicle 34 :
	id: 0
		node: 1
		(x, y, z): (70, 70, 0)
		dem: 0
		earl: 0
		lat: 688
		servt: 0
		pid: 0
		did: 0
		servST: 52.46000000000001
		(h, h_ind): (-1, 0)
		load: 0.0

	Finished service at time: 52.46000000000001

	Using Machine: 4
		Task 0 -> Machine 4 (Station 1): 3.0
		Vehicle arrival at machine station: 55.46000000000001
		Waiting time until machine travel: 0.0

		Machine travel start time: 55.46000000000001
		Region 0 -> Region 1: 5.0
		Machine arrival at machine station: 60.46000000000001

		Machine 4 (Station 2)-> Task 113: 50.7
		Vehicle arrival at task: 111.16000000000001
		Waiting time until service start time: 45.84

	id: 113
		node: 53
		(x, y, z): (116, 83, 1)
		dem: 30
		earl: 157
		lat: 231
		servt: 10
		pid: 0
		did: 101
		servST: 157.0
		(h, h_ind): (4, 3)
		load: 30.0

	Finished service at time: 167.0

	Task 113 -> Task 64: 73.5
	Vehicle arrival at task: 240.5
	Waiting time until service start time: 0.0

	id: 64
		node: 32
		(x, y, z): (97, 12, 1)
		dem: 10
		earl: 183
		lat: 260
		servt: 10
		pid: 0
		did: 195
		servST: 240.5
		(h, h_ind): (-1, 0)
		load: 40.0

	Finished service at time: 250.5

	Task 64 -> Task 195: 12.81
	Vehicle arrival at task: 263.31
	Waiting time until service start time: 0.0

	id: 195
		node: 92
		(x, y, z): (105, 2, 1)
		dem: -10
		earl: 208
		lat: 269
		servt: 10
		pid: 64
		did: 0
		servST: 263.31
		(h, h_ind): (-1, 0)
		load: 30.0

	Finished service at time: 273.31

	Task 195 -> Task 101: 88.53
	Vehicle arrival at task: 361.84000000000003
	Waiting time until service start time: 0.0

	id: 101
		node: 113
		(x, y, z): (84, 88, 1)
		dem: -30
		earl: 329
		lat: 414
		servt: 10
		pid: 113
		did: 0
		servST: 361.84000000000003
		(h, h_ind): (-1, 0)
		load: 0.0

	Finished service at time: 371.84000000000003

	Using Machine: 3
		Task 101 -> Machine 3 (Station 2): 20.12
		Vehicle arrival at machine station: 391.96000000000004
		Waiting time until machine travel: 0.0

		Machine travel start time: 391.96000000000004
		Region 1 -> Region 0: 5.0
		Machine arrival at machine station: 396.96000000000004

		Machine 3 (Station 1)-> Task 0: 5.0
		Vehicle arrival at task: 401.96000000000004
		Waiting time until service start time: 0.0

	id: 0
		node: 122
		(x, y, z): (70, 70, 0)
		dem: 0
		earl: 0
		lat: 688
		servt: 0
		pid: 0
		did: 0
		servST: 401.96000000000004
		(h, h_ind): (3, 10)
		load: 0.0


Vehicle 36 :
	id: 0
		node: 1
		(x, y, z): (70, 70, 0)
		dem: 0
		earl: 0
		lat: 688
		servt: 0
		pid: 0
		did: 0
		servST: 25.930000000000007
		(h, h_ind): (-1, 0)
		load: 0.0

	Finished service at time: 25.930000000000007

	Using Machine: 5
		Task 0 -> Machine 5 (Station 1): 7.0
		Vehicle arrival at machine station: 32.93000000000001
		Waiting time until machine travel: 0.0

		Machine travel start time: 32.93000000000001
		Region 0 -> Region 2: 10.0
		Machine arrival at machine station: 42.93000000000001

		Machine 5 (Station 3)-> Task 8: 69.66
		Vehicle arrival at task: 112.59
		Waiting time until service start time: 34.41

	id: 8
		node: 6
		(x, y, z): (121, 124, 2)
		dem: 21
		earl: 147
		lat: 183
		servt: 10
		pid: 0
		did: 17
		servST: 147.0
		(h, h_ind): (5, 1)
		load: 21.0

	Finished service at time: 157.0

	Using Machine: 5
		Task 8 -> Machine 5 (Station 3): 69.66
		Vehicle arrival at machine station: 226.66
		Waiting time until machine travel: 0.0

		Machine travel start time: 226.66
		Region 2 -> Region 0: 10.0
		Machine arrival at machine station: 236.66

		Machine 5 (Station 1)-> Task 17: 74.09
		Vehicle arrival at task: 310.75
		Waiting time until service start time: 14.25

	id: 17
		node: 66
		(x, y, z): (104, 139, 0)
		dem: -21
		earl: 325
		lat: 376
		servt: 10
		pid: 8
		did: 0
		servST: 325.0
		(h, h_ind): (5, 10)
		load: 0.0

	Finished service at time: 335.0

	Task 17 -> Task 0: 76.92
	Vehicle arrival at task: 411.92
	Waiting time until service start time: 0.0

	id: 0
		node: 122
		(x, y, z): (70, 70, 0)
		dem: 0
		earl: 0
		lat: 688
		servt: 0
		pid: 0
		did: 0
		servST: 411.92
		(h, h_ind): (-1, 0)
		load: 0.0


Vehicle 41 :
	id: 0
		node: 1
		(x, y, z): (70, 70, 0)
		dem: 0
		earl: 0
		lat: 688
		servt: 0
		pid: 0
		did: 0
		servST: 96.3
		(h, h_ind): (-1, 0)
		load: 0.0

	Finished service at time: 96.3

	Using Machine: 2
		Task 0 -> Machine 2 (Station 1): 1.0
		Vehicle arrival at machine station: 97.3
		Waiting time until machine travel: 0.0

		Machine travel start time: 97.3
		Region 0 -> Region 3: 15.0
		Machine arrival at machine station: 112.3

		Machine 2 (Station 4)-> Task 35: 32.7
		Vehicle arrival at task: 145.0
		Waiting time until service start time: 0.0

	id: 35
		node: 18
		(x, y, z): (82, 100, 3)
		dem: 18
		earl: 94
		lat: 145
		servt: 10
		pid: 0
		did: 32
		servST: 145.0
		(h, h_ind): (2, 3)
		load: 18.0

	Finished service at time: 155.0

	Task 35 -> Task 90: 32.56
	Vehicle arrival at task: 187.56
	Waiting time until service start time: 126.44

	id: 90
		node: 45
		(x, y, z): (50, 106, 3)
		dem: 25
		earl: 314
		lat: 356
		servt: 10
		pid: 0
		did: 128
		servST: 314.0
		(h, h_ind): (-1, 0)
		load: 43.0

	Finished service at time: 324.0

	Task 90 -> Task 32: 4.0
	Vehicle arrival at task: 328.0
	Waiting time until service start time: 0.0

	id: 32
		node: 78
		(x, y, z): (54, 106, 3)
		dem: -18
		earl: 277
		lat: 342
		servt: 10
		pid: 35
		did: 0
		servST: 328.0
		(h, h_ind): (-1, 0)
		load: 25.0

	Finished service at time: 338.0

	Using Machine: 1
		Task 32 -> Machine 1 (Station 4): 40.71
		Vehicle arrival at machine station: 378.71
		Waiting time until machine travel: 0.0

		Machine travel start time: 378.71
		Region 3 -> Region 0: 15.0
		Machine arrival at machine station: 393.71

		Machine 1 (Station 1)-> Task 128: 68.59
		Vehicle arrival at task: 462.29999999999995
		Waiting time until service start time: 0.0

	id: 128
		node: 105
		(x, y, z): (64, 138, 0)
		dem: -25
		earl: 410
		lat: 500
		servt: 10
		pid: 90
		did: 0
		servST: 462.29999999999995
		(h, h_ind): (1, 5)
		load: 0.0

	Finished service at time: 472.29999999999995

	Task 128 -> Task 0: 68.26
	Vehicle arrival at task: 540.56
	Waiting time until service start time: 0.0

	id: 0
		node: 122
		(x, y, z): (70, 70, 0)
		dem: 0
		earl: 0
		lat: 688
		servt: 0
		pid: 0
		did: 0
		servST: 540.56
		(h, h_ind): (-1, 0)
		load: 0.0


Vehicle 42 :
	id: 0
		node: 1
		(x, y, z): (70, 70, 0)
		dem: 0
		earl: 0
		lat: 688
		servt: 0
		pid: 0
		did: 0
		servST: 0.0
		(h, h_ind): (-1, 0)
		load: 0.0

	Finished service at time: 0.0

	Task 0 -> Task 1: 37.66
	Vehicle arrival at task: 37.66
	Waiting time until service start time: 0.0

	id: 1
		node: 2
		(x, y, z): (107, 77, 0)
		dem: 34
		earl: 37
		lat: 124
		servt: 10
		pid: 0
		did: 51
		servST: 37.66
		(h, h_ind): (-1, 0)
		load: 34.0

	Finished service at time: 47.66

	Task 1 -> Task 51: 33.24
	Vehicle arrival at task: 80.9
	Waiting time until service start time: 0.0

	id: 51
		node: 62
		(x, y, z): (139, 68, 0)
		dem: -34
		earl: 69
		lat: 139
		servt: 10
		pid: 1
		did: 0
		servST: 80.9
		(h, h_ind): (-1, 0)
		load: 0.0

	Finished service at time: 90.9

	Task 51 -> Task 50: 26.02
	Vehicle arrival at task: 116.92
	Waiting time until service start time: 0.0

	id: 50
		node: 24
		(x, y, z): (140, 42, 0)
		dem: 13
		earl: 79
		lat: 152
		servt: 10
		pid: 0
		did: 130
		servST: 116.92
		(h, h_ind): (-1, 0)
		load: 13.0

	Finished service at time: 126.92

	Using Machine: 1
		Task 50 -> Machine 1 (Station 1): 72.62
		Vehicle arrival at machine station: 199.54000000000002
		Waiting time until machine travel: 0.0

		Machine travel start time: 199.54000000000002
		Region 0 -> Region 2: 10.0
		Machine arrival at machine station: 209.54000000000002

		Machine 1 (Station 3)-> Task 130: 70.84
		Vehicle arrival at task: 280.38
		Waiting time until service start time: 0.0

	id: 130
		node: 84
		(x, y, z): (126, 23, 2)
		dem: -13
		earl: 260
		lat: 297
		servt: 10
		pid: 50
		did: 0
		servST: 280.38
		(h, h_ind): (1, 4)
		load: 0.0

	Finished service at time: 290.38

	Using Machine: 0
		Task 130 -> Machine 0 (Station 3): 72.35
		Vehicle arrival at machine station: 362.73
		Waiting time until machine travel: 0.0

		Machine travel start time: 362.73
		Region 2 -> Region 0: 10.0
		Machine arrival at machine station: 372.73

		Machine 0 (Station 1)-> Task 0: 1.0
		Vehicle arrival at task: 373.73
		Waiting time until service start time: 0.0

	id: 0
		node: 122
		(x, y, z): (70, 70, 0)
		dem: 0
		earl: 0
		lat: 688
		servt: 0
		pid: 0
		did: 0
		servST: 373.73
		(h, h_ind): (0, 7)
		load: 0.0


Vehicle 43 :
	id: 0
		node: 1
		(x, y, z): (70, 70, 0)
		dem: 0
		earl: 0
		lat: 688
		servt: 0
		pid: 0
		did: 0
		servST: 44.06999999999999
		(h, h_ind): (-1, 0)
		load: 0.0

	Finished service at time: 44.06999999999999

	Using Machine: 2
		Task 0 -> Machine 2 (Station 1): 1.0
		Vehicle arrival at machine station: 45.06999999999999
		Waiting time until machine travel: 0.0

		Machine travel start time: 45.06999999999999
		Region 0 -> Region 2: 10.0
		Machine arrival at machine station: 55.06999999999999

		Machine 2 (Station 3)-> Task 46: 27.73
		Vehicle arrival at task: 82.8
		Waiting time until service start time: 0.0

	id: 46
		node: 22
		(x, y, z): (44, 58, 2)
		dem: 30
		earl: 28
		lat: 93
		servt: 10
		pid: 0
		did: 125
		servST: 82.8
		(h, h_ind): (2, 2)
		load: 30.0

	Finished service at time: 92.8

	Task 46 -> Task 15: 22.2
	Vehicle arrival at task: 115.0
	Waiting time until service start time: 0.0

	id: 15
		node: 7
		(x, y, z): (41, 36, 2)
		dem: 13
		earl: 44
		lat: 115
		servt: 10
		pid: 0
		did: 56
		servST: 115.0
		(h, h_ind): (-1, 0)
		load: 43.0

	Finished service at time: 125.0

	Task 15 -> Task 54: 18.36
	Vehicle arrival at task: 143.36
	Waiting time until service start time: 46.64

	id: 54
		node: 26
		(x, y, z): (32, 52, 2)
		dem: 32
		earl: 142
		lat: 190
		servt: 10
		pid: 0
		did: 96
		servST: 190.0
		(h, h_ind): (-1, 0)
		load: 75.0

	Finished service at time: 200.0

	Task 54 -> Task 125: 5.39
	Vehicle arrival at task: 205.39
	Waiting time until service start time: 13.61

	id: 125
		node: 82
		(x, y, z): (30, 57, 2)
		dem: -30
		earl: 219
		lat: 272
		servt: 10
		pid: 46
		did: 0
		servST: 219.0
		(h, h_ind): (-1, 0)
		load: 45.0

	Finished service at time: 229.0

	Using Machine: 4
		Task 125 -> Machine 4 (Station 3): 39.22
		Vehicle arrival at machine station: 268.22
		Waiting time until machine travel: 0.0

		Machine travel start time: 268.22
		Region 2 -> Region 1: 5.0
		Machine arrival at machine station: 273.22

		Machine 4 (Station 2)-> Task 56: 31.78
		Vehicle arrival at task: 305.0
		Waiting time until service start time: 0.0

	id: 56
		node: 67
		(x, y, z): (54, 41, 1)
		dem: -13
		earl: 266
		lat: 327
		servt: 10
		pid: 15
		did: 0
		servST: 305.0
		(h, h_ind): (4, 11)
		load: 32.0

	Finished service at time: 315.0

	Task 56 -> Task 33: 31.24
	Vehicle arrival at task: 346.24
	Waiting time until service start time: 0.0

	id: 33
		node: 17
		(x, y, z): (30, 21, 1)
		dem: 12
		earl: 304
		lat: 371
		servt: 10
		pid: 0
		did: 191
		servST: 346.24
		(h, h_ind): (-1, 0)
		load: 44.0

	Finished service at time: 356.24

	Task 33 -> Task 96: 50.45
	Vehicle arrival at task: 406.69
	Waiting time until service start time: 0.0

	id: 96
		node: 86
		(x, y, z): (18, 70, 1)
		dem: -32
		earl: 378
		lat: 433
		servt: 10
		pid: 54
		did: 0
		servST: 406.69
		(h, h_ind): (-1, 0)
		load: 12.0

	Finished service at time: 416.69

	Task 96 -> Task 191: 29.53
	Vehicle arrival at task: 446.22
	Waiting time until service start time: 0.0

	id: 191
		node: 77
		(x, y, z): (4, 44, 1)
		dem: -12
		earl: 414
		lat: 447
		servt: 10
		pid: 33
		did: 0
		servST: 446.22
		(h, h_ind): (-1, 0)
		load: 0.0

	Finished service at time: 456.22

	Using Machine: 2
		Task 191 -> Machine 2 (Station 2): 70.01
		Vehicle arrival at machine station: 526.23
		Waiting time until machine travel: 0.0

		Machine travel start time: 526.23
		Region 1 -> Region 0: 5.0
		Machine arrival at machine station: 531.23

		Machine 2 (Station 1)-> Task 0: 1.0
		Vehicle arrival at task: 532.23
		Waiting time until service start time: 0.0

	id: 0
		node: 122
		(x, y, z): (70, 70, 0)
		dem: 0
		earl: 0
		lat: 688
		servt: 0
		pid: 0
		did: 0
		servST: 532.23
		(h, h_ind): (2, 11)
		load: 0.0


Vehicle 47 :
	id: 0
		node: 1
		(x, y, z): (70, 70, 0)
		dem: 0
		earl: 0
		lat: 688
		servt: 0
		pid: 0
		did: 0
		servST: 261.87
		(h, h_ind): (-1, 0)
		load: 0.0

	Finished service at time: 261.87

	Task 0 -> Task 23: 62.13
	Vehicle arrival at task: 324.0
	Waiting time until service start time: 0.0

	id: 23
		node: 13
		(x, y, z): (18, 104, 0)
		dem: 18
		earl: 324
		lat: 379
		servt: 10
		pid: 0
		did: 127
		servST: 324.0
		(h, h_ind): (-1, 0)
		load: 18.0

	Finished service at time: 334.0

	Using Machine: 4
		Task 23 -> Machine 4 (Station 1): 59.64
		Vehicle arrival at machine station: 393.64
		Waiting time until machine travel: 0.0

		Machine travel start time: 393.64
		Region 0 -> Region 2: 10.0
		Machine arrival at machine station: 403.64

		Machine 4 (Station 3)-> Task 127: 74.3
		Vehicle arrival at task: 477.94
		Waiting time until service start time: 0.0

	id: 127
		node: 73
		(x, y, z): (2, 106, 2)
		dem: -18
		earl: 405
		lat: 478
		servt: 10
		pid: 23
		did: 0
		servST: 477.94
		(h, h_ind): (4, 15)
		load: 0.0

	Finished service at time: 487.94

	Using Machine: 2
		Task 127 -> Machine 2 (Station 3): 76.06
		Vehicle arrival at machine station: 564.0
		Waiting time until machine travel: 0.0

		Machine travel start time: 564.0
		Region 2 -> Region 0: 10.0
		Machine arrival at machine station: 574.0

		Machine 2 (Station 1)-> Task 0: 1.0
		Vehicle arrival at task: 575.0
		Waiting time until service start time: 0.0

	id: 0
		node: 122
		(x, y, z): (70, 70, 0)
		dem: 0
		earl: 0
		lat: 688
		servt: 0
		pid: 0
		did: 0
		servST: 575.0
		(h, h_ind): (2, 13)
		load: 0.0


Vehicle 48 :
	id: 0
		node: 1
		(x, y, z): (70, 70, 0)
		dem: 0
		earl: 0
		lat: 688
		servt: 0
		pid: 0
		did: 0
		servST: 23.250000000000014
		(h, h_ind): (-1, 0)
		load: 0.0

	Finished service at time: 23.250000000000014

	Task 0 -> Task 4: 31.83
	Vehicle arrival at task: 55.08000000000001
	Waiting time until service start time: 0.0

	id: 4
		node: 4
		(x, y, z): (48, 47, 0)
		dem: 19
		earl: 31
		lat: 106
		servt: 10
		pid: 0
		did: 29
		servST: 55.08000000000001
		(h, h_ind): (-1, 0)
		load: 19.0

	Finished service at time: 65.08000000000001

	Task 4 -> Task 71: 54.2
	Vehicle arrival at task: 119.28000000000002
	Waiting time until service start time: 0.0

	id: 71
		node: 34
		(x, y, z): (15, 4, 0)
		dem: 23
		earl: 85
		lat: 166
		servt: 10
		pid: 0
		did: 175
		servST: 119.28000000000002
		(h, h_ind): (-1, 0)
		load: 42.0

	Finished service at time: 129.28000000000003

	Using Machine: 4
		Task 71 -> Machine 4 (Station 1): 84.02
		Vehicle arrival at machine station: 213.3
		Waiting time until machine travel: 0.0

		Machine travel start time: 213.3
		Region 0 -> Region 1: 5.0
		Machine arrival at machine station: 218.3

		Machine 4 (Station 2)-> Task 175: 17.46
		Vehicle arrival at task: 235.76000000000002
		Waiting time until service start time: 0.0

	id: 175
		node: 94
		(x, y, z): (60, 54, 1)
		dem: -23
		earl: 233
		lat: 275
		servt: 10
		pid: 71
		did: 0
		servST: 235.76000000000002
		(h, h_ind): (4, 9)
		load: 19.0

	Finished service at time: 245.76000000000002

	Using Machine: 4
		Task 175 -> Machine 4 (Station 2): 17.46
		Vehicle arrival at machine station: 263.22
		Waiting time until machine travel: 0.0

		Machine travel start time: 263.22
		Region 1 -> Region 2: 5.0
		Machine arrival at machine station: 268.22

		Machine 4 (Station 3)-> Task 29: 47.01
		Vehicle arrival at task: 315.23
		Waiting time until service start time: 37.77

	id: 29
		node: 64
		(x, y, z): (20, 69, 2)
		dem: -19
		earl: 353
		lat: 434
		servt: 10
		pid: 4
		did: 0
		servST: 353.0
		(h, h_ind): (4, 10)
		load: 0.0

	Finished service at time: 363.0

	Using Machine: 4
		Task 29 -> Machine 4 (Station 3): 47.01
		Vehicle arrival at machine station: 410.01
		Waiting time until machine travel: 0.0

		Machine travel start time: 410.01
		Region 2 -> Region 0: 10.0
		Machine arrival at machine station: 420.01

		Machine 4 (Station 1)-> Task 0: 3.0
		Vehicle arrival at task: 423.01
		Waiting time until service start time: 0.0

	id: 0
		node: 122
		(x, y, z): (70, 70, 0)
		dem: 0
		earl: 0
		lat: 688
		servt: 0
		pid: 0
		did: 0
		servST: 423.01
		(h, h_ind): (4, 16)
		load: 0.0


Vehicle 52 :
	id: 0
		node: 1
		(x, y, z): (70, 70, 0)
		dem: 0
		earl: 0
		lat: 688
		servt: 0
		pid: 0
		did: 0
		servST: 40.25
		(h, h_ind): (-1, 0)
		load: 0.0

	Finished service at time: 40.25

	Using Machine: 3
		Task 0 -> Machine 3 (Station 1): 5.0
		Vehicle arrival at machine station: 45.25
		Waiting time until machine travel: 0.0

		Machine travel start time: 45.25
		Region 0 -> Region 2: 10.0
		Machine arrival at machine station: 55.25

		Machine 3 (Station 3)-> Task 26: 64.07
		Vehicle arrival at task: 119.32
		Waiting time until service start time: 0.0

	id: 26
		node: 15
		(x, y, z): (139, 73, 2)
		dem: 10
		earl: 71
		lat: 134
		servt: 10
		pid: 0
		did: 123
		servST: 119.32
		(h, h_ind): (3, 3)
		load: 10.0

	Finished service at time: 129.32

	Using Machine: 5
		Task 26 -> Machine 5 (Station 3): 62.07
		Vehicle arrival at machine station: 191.39
		Waiting time until machine travel: 0.0

		Machine travel start time: 191.39
		Region 2 -> Region 0: 10.0
		Machine arrival at machine station: 201.39

		Machine 5 (Station 1)-> Task 123: 61.61
		Vehicle arrival at task: 263.0
		Waiting time until service start time: 0.0

	id: 123
		node: 75
		(x, y, z): (137, 84, 0)
		dem: -10
		earl: 207
		lat: 263
		servt: 10
		pid: 26
		did: 0
		servST: 263.0
		(h, h_ind): (5, 8)
		load: 0.0

	Finished service at time: 273.0

	Task 123 -> Task 0: 68.45
	Vehicle arrival at task: 341.45
	Waiting time until service start time: 0.0

	id: 0
		node: 122
		(x, y, z): (70, 70, 0)
		dem: 0
		earl: 0
		lat: 688
		servt: 0
		pid: 0
		did: 0
		servST: 341.45
		(h, h_ind): (-1, 0)
		load: 0.0


Vehicle 53 :
	id: 0
		node: 1
		(x, y, z): (70, 70, 0)
		dem: 0
		earl: 0
		lat: 688
		servt: 0
		pid: 0
		did: 0
		servST: 19.280000000000005
		(h, h_ind): (-1, 0)
		load: 0.0

	Finished service at time: 19.280000000000005

	Task 0 -> Task 87: 13.45
	Vehicle arrival at task: 32.730000000000004
	Waiting time until service start time: 0.0

	id: 87
		node: 43
		(x, y, z): (79, 80, 0)
		dem: 4
		earl: 13
		lat: 56
		servt: 10
		pid: 0
		did: 92
		servST: 32.730000000000004
		(h, h_ind): (-1, 0)
		load: 4.0

	Finished service at time: 42.730000000000004

	Using Machine: 5
		Task 87 -> Machine 5 (Station 1): 10.2
		Vehicle arrival at machine station: 52.93000000000001
		Waiting time until machine travel: 0.0

		Machine travel start time: 52.93000000000001
		Region 0 -> Region 3: 15.0
		Machine arrival at machine station: 67.93

		Machine 5 (Station 4)-> Task 92: 53.6
		Vehicle arrival at task: 121.53
		Waiting time until service start time: 0.0

	id: 92
		node: 103
		(x, y, z): (120, 102, 3)
		dem: -4
		earl: 76
		lat: 148
		servt: 10
		pid: 87
		did: 0
		servST: 121.53
		(h, h_ind): (5, 2)
		load: 0.0

	Finished service at time: 131.53

	Using Machine: 4
		Task 92 -> Machine 4 (Station 4): 61.91
		Vehicle arrival at machine station: 193.44
		Waiting time until machine travel: 4.86

		Machine travel start time: 198.3
		Region 3 -> Region 0: 15.0
		Machine arrival at machine station: 213.3

		Machine 4 (Station 1)-> Task 82: 59.2
		Vehicle arrival at task: 272.5
		Waiting time until service start time: 102.5

	id: 82
		node: 41
		(x, y, z): (10, 86, 0)
		dem: 14
		earl: 375
		lat: 477
		servt: 10
		pid: 0
		did: 74
		servST: 375.0
		(h, h_ind): (4, 8)
		load: 14.0

	Finished service at time: 385.0

	Using Machine: 4
		Task 82 -> Machine 4 (Station 1): 59.2
		Vehicle arrival at machine station: 444.2
		Waiting time until machine travel: 0.0

		Machine travel start time: 444.2
		Region 0 -> Region 1: 5.0
		Machine arrival at machine station: 449.2

		Machine 4 (Station 2)-> Task 74: 37.74
		Vehicle arrival at task: 486.94
		Waiting time until service start time: 0.0

	id: 74
		node: 101
		(x, y, z): (35, 90, 1)
		dem: -14
		earl: 423
		lat: 499
		servt: 10
		pid: 82
		did: 0
		servST: 486.94
		(h, h_ind): (4, 17)
		load: 0.0

	Finished service at time: 496.94

	Using Machine: 2
		Task 74 -> Machine 2 (Station 2): 39.45
		Vehicle arrival at machine station: 536.39
		Waiting time until machine travel: 0.0

		Machine travel start time: 536.39
		Region 1 -> Region 0: 5.0
		Machine arrival at machine station: 541.39

		Machine 2 (Station 1)-> Task 0: 1.0
		Vehicle arrival at task: 542.39
		Waiting time until service start time: 0.0

	id: 0
		node: 122
		(x, y, z): (70, 70, 0)
		dem: 0
		earl: 0
		lat: 688
		servt: 0
		pid: 0
		did: 0
		servST: 542.39
		(h, h_ind): (2, 12)
		load: 0.0


Vehicle 57 :
	id: 0
		node: 1
		(x, y, z): (70, 70, 0)
		dem: 0
		earl: 0
		lat: 688
		servt: 0
		pid: 0
		did: 0
		servST: 6.930000000000003
		(h, h_ind): (-1, 0)
		load: 0.0

	Finished service at time: 6.930000000000003

	Using Machine: 2
		Task 0 -> Machine 2 (Station 1): 1.0
		Vehicle arrival at machine station: 7.930000000000003
		Waiting time until machine travel: 0.0

		Machine travel start time: 7.930000000000003
		Region 0 -> Region 1: 5.0
		Machine arrival at machine station: 12.930000000000003

		Machine 2 (Station 2)-> Task 73: 24.02
		Vehicle arrival at task: 36.95
		Waiting time until service start time: 0.0

	id: 73
		node: 36
		(x, y, z): (70, 94, 1)
		dem: 32
		earl: 24
		lat: 104
		servt: 10
		pid: 0
		did: 136
		servST: 36.95
		(h, h_ind): (2, 1)
		load: 32.0

	Finished service at time: 46.95

	Using Machine: 3
		Task 73 -> Machine 3 (Station 2): 24.52
		Vehicle arrival at machine station: 71.47
		Waiting time until machine travel: 0.0

		Machine travel start time: 71.47
		Region 1 -> Region 2: 5.0
		Machine arrival at machine station: 76.47

		Machine 3 (Station 3)-> Task 41: 34.53
		Vehicle arrival at task: 111.0
		Waiting time until service start time: 0.0

	id: 41
		node: 20
		(x, y, z): (81, 36, 2)
		dem: 17
		earl: 43
		lat: 111
		servt: 10
		pid: 0
		did: 137
		servST: 111.0
		(h, h_ind): (3, 4)
		load: 49.0

	Finished service at time: 121.0

	Task 41 -> Task 137: 23.35
	Vehicle arrival at task: 144.35
	Waiting time until service start time: 0.0

	id: 137
		node: 80
		(x, y, z): (104, 32, 2)
		dem: -17
		earl: 120
		lat: 179
		servt: 10
		pid: 41
		did: 0
		servST: 144.35
		(h, h_ind): (-1, 0)
		load: 32.0

	Finished service at time: 154.35

	Using Machine: 3
		Task 137 -> Machine 3 (Station 3): 47.8
		Vehicle arrival at machine station: 202.14999999999998
		Waiting time until machine travel: 6.21

		Machine travel start time: 208.35999999999999
		Region 2 -> Region 3: 5.0
		Machine arrival at machine station: 213.35999999999999

		Machine 3 (Station 4)-> Task 136: 77.47
		Vehicle arrival at task: 290.83
		Waiting time until service start time: 0.0

	id: 136
		node: 96
		(x, y, z): (26, 130, 3)
		dem: -32
		earl: 266
		lat: 300
		servt: 10
		pid: 73
		did: 0
		servST: 290.83
		(h, h_ind): (3, 6)
		load: 0.0

	Finished service at time: 300.83

	Task 136 -> Task 58: 37.44
	Vehicle arrival at task: 338.27
	Waiting time until service start time: 0.0

	id: 58
		node: 29
		(x, y, z): (5, 99, 3)
		dem: 24
		earl: 319
		lat: 359
		servt: 10
		pid: 0
		did: 97
		servST: 338.27
		(h, h_ind): (-1, 0)
		load: 24.0

	Finished service at time: 348.27

	Task 58 -> Task 22: 13.04
	Vehicle arrival at task: 361.31
	Waiting time until service start time: 0.0

	id: 22
		node: 12
		(x, y, z): (16, 92, 3)
		dem: 10
		earl: 339
		lat: 409
		servt: 10
		pid: 0
		did: 47
		servST: 361.31
		(h, h_ind): (-1, 0)
		load: 34.0

	Finished service at time: 371.31

	Task 22 -> Task 47: 9.43
	Vehicle arrival at task: 380.74
	Waiting time until service start time: 6.26

	id: 47
		node: 72
		(x, y, z): (8, 87, 3)
		dem: -10
		earl: 387
		lat: 446
		servt: 10
		pid: 22
		did: 0
		servST: 387.0
		(h, h_ind): (-1, 0)
		load: 24.0

	Finished service at time: 397.0

	Using Machine: 2
		Task 47 -> Machine 2 (Station 4): 63.32
		Vehicle arrival at machine station: 460.32
		Waiting time until machine travel: 0.0

		Machine travel start time: 460.32
		Region 3 -> Region 1: 10.0
		Machine arrival at machine station: 470.32

		Machine 2 (Station 2)-> Task 97: 14.87
		Vehicle arrival at task: 485.19
		Waiting time until service start time: 0.0

	id: 97
		node: 89
		(x, y, z): (58, 80, 1)
		dem: -24
		earl: 441
		lat: 509
		servt: 10
		pid: 58
		did: 0
		servST: 485.19
		(h, h_ind): (2, 8)
		load: 0.0

	Finished service at time: 495.19

	Using Machine: 2
		Task 97 -> Machine 2 (Station 2): 14.87
		Vehicle arrival at machine station: 510.06
		Waiting time until machine travel: 0.0

		Machine travel start time: 510.06
		Region 1 -> Region 0: 5.0
		Machine arrival at machine station: 515.06

		Machine 2 (Station 1)-> Task 0: 1.0
		Vehicle arrival at task: 516.06
		Waiting time until service start time: 0.0

	id: 0
		node: 122
		(x, y, z): (70, 70, 0)
		dem: 0
		earl: 0
		lat: 688
		servt: 0
		pid: 0
		did: 0
		servST: 516.06
		(h, h_ind): (2, 10)
		load: 0.0


Vehicle 59 :
	id: 0
		node: 1
		(x, y, z): (70, 70, 0)
		dem: 0
		earl: 0
		lat: 688
		servt: 0
		pid: 0
		did: 0
		servST: 58.71
		(h, h_ind): (-1, 0)
		load: 0.0

	Finished service at time: 58.71

	Task 0 -> Task 30: 62.29
	Vehicle arrival at task: 121.0
	Waiting time until service start time: 0.0

	id: 30
		node: 16
		(x, y, z): (64, 132, 0)
		dem: 8
		earl: 62
		lat: 121
		servt: 10
		pid: 0
		did: 10
		servST: 121.0
		(h, h_ind): (-1, 0)
		load: 8.0

	Finished service at time: 131.0

	Task 30 -> Task 19: 50.48
	Vehicle arrival at task: 181.48
	Waiting time until service start time: 27.52

	id: 19
		node: 9
		(x, y, z): (22, 104, 0)
		dem: 11
		earl: 209
		lat: 283
		servt: 10
		pid: 0
		did: 114
		servST: 209.0
		(h, h_ind): (-1, 0)
		load: 19.0

	Finished service at time: 219.0

	Using Machine: 2
		Task 19 -> Machine 2 (Station 1): 58.01
		Vehicle arrival at machine station: 277.01
		Waiting time until machine travel: 0.0

		Machine travel start time: 277.01
		Region 0 -> Region 1: 5.0
		Machine arrival at machine station: 282.01

		Machine 2 (Station 2)-> Task 114: 46.65
		Vehicle arrival at task: 328.65999999999997
		Waiting time until service start time: 0.0

	id: 114
		node: 69
		(x, y, z): (29, 94, 1)
		dem: -11
		earl: 280
		lat: 332
		servt: 10
		pid: 19
		did: 0
		servST: 328.65999999999997
		(h, h_ind): (2, 5)
		load: 8.0

	Finished service at time: 338.65999999999997

	Using Machine: 0
		Task 114 -> Machine 0 (Station 2): 48.37
		Vehicle arrival at machine station: 387.03
		Waiting time until machine travel: 0.0

		Machine travel start time: 387.03
		Region 1 -> Region 3: 10.0
		Machine arrival at machine station: 397.03

		Machine 0 (Station 4)-> Task 10: 53.01
		Vehicle arrival at task: 450.03999999999996
		Waiting time until service start time: 15.96

	id: 10
		node: 76
		(x, y, z): (40, 113, 3)
		dem: -8
		earl: 466
		lat: 517
		servt: 10
		pid: 30
		did: 0
		servST: 466.0
		(h, h_ind): (0, 8)
		load: 0.0

	Finished service at time: 476.0

	Using Machine: 3
		Task 10 -> Machine 3 (Station 4): 55.44
		Vehicle arrival at machine station: 531.44
		Waiting time until machine travel: 0.0

		Machine travel start time: 531.44
		Region 3 -> Region 0: 15.0
		Machine arrival at machine station: 546.44

		Machine 3 (Station 1)-> Task 0: 5.0
		Vehicle arrival at task: 551.44
		Waiting time until service start time: 0.0

	id: 0
		node: 122
		(x, y, z): (70, 70, 0)
		dem: 0
		earl: 0
		lat: 688
		servt: 0
		pid: 0
		did: 0
		servST: 551.44
		(h, h_ind): (3, 12)
		load: 0.0


---------------------| MACHINES |---------------------

Machine 0 :
	setup duration: 0.0

	vehicle: 7
	vehicleInd: 2
	(orig, dest): (0, 63)
	(origRegion, destRegion): (0, 1)
	st: 1.1499999999999986
	duration: 5.0

	setup duration: 5.0

	vehicle: 21
	vehicleInd: 2
	(orig, dest): (0, 20)
	(origRegion, destRegion): (0, 1)
	st: 11.149999999999999
	duration: 5.0

	setup duration: 5.0

	vehicle: 5
	vehicleInd: 2
	(orig, dest): (0, 55)
	(origRegion, destRegion): (0, 2)
	st: 21.15
	duration: 10.0

	setup duration: 10.0

	vehicle: 12
	vehicleInd: 2
	(orig, dest): (0, 133)
	(origRegion, destRegion): (0, 2)
	st: 115.72000000000003
	duration: 10.0

	setup duration: 10.0

	vehicle: 19
	vehicleInd: 3
	(orig, dest): (117, 89)
	(origRegion, destRegion): (0, 2)
	st: 156.61999999999995
	duration: 10.0

	setup duration: 0.0

	vehicle: 19
	vehicleInd: 4
	(orig, dest): (89, 79)
	(origRegion, destRegion): (2, 3)
	st: 264.09999999999997
	duration: 5.0

	setup duration: 5.0

	vehicle: 42
	vehicleInd: 6
	(orig, dest): (130, 0)
	(origRegion, destRegion): (2, 0)
	st: 362.73
	duration: 10.0

	setup duration: 5.0

	vehicle: 59
	vehicleInd: 5
	(orig, dest): (114, 10)
	(origRegion, destRegion): (1, 3)
	st: 387.03
	duration: 10.0

	setup duration: 0.0

	vehicle: 13
	vehicleInd: 6
	(orig, dest): (182, 0)
	(origRegion, destRegion): (3, 0)
	st: 409.4
	duration: 15.0

	setup duration: 10.0

	vehicle: 5
	vehicleInd: 6
	(orig, dest): (126, 0)
	(origRegion, destRegion): (2, 0)
	st: 434.4
	duration: 10.0

	setup duration: 5.0

	vehicle: 1
	vehicleInd: 8
	(orig, dest): (42, 0)
	(origRegion, destRegion): (1, 0)
	st: 478.65999999999997
	duration: 5.0

	setup duration: 15.0

	vehicle: 33
	vehicleInd: 6
	(orig, dest): (91, 0)
	(origRegion, destRegion): (3, 0)
	st: 530.54
	duration: 15.0


Machine 1 :
	setup duration: 0.0

	vehicle: 28
	vehicleInd: 2
	(orig, dest): (0, 7)
	(origRegion, destRegion): (0, 1)
	st: 7.399999999999999
	duration: 5.0

	setup duration: 5.0

	vehicle: 26
	vehicleInd: 2
	(orig, dest): (0, 132)
	(origRegion, destRegion): (0, 3)
	st: 17.4
	duration: 15.0

	setup duration: 15.0

	vehicle: 18
	vehicleInd: 2
	(orig, dest): (0, 135)
	(origRegion, destRegion): (0, 3)
	st: 99.12
	duration: 15.0

	setup duration: 15.0

	vehicle: 42
	vehicleInd: 5
	(orig, dest): (50, 130)
	(origRegion, destRegion): (0, 2)
	st: 199.54000000000002
	duration: 10.0

	setup duration: 5.0

	vehicle: 41
	vehicleInd: 5
	(orig, dest): (32, 128)
	(origRegion, destRegion): (3, 0)
	st: 378.71
	duration: 15.0

	setup duration: 10.0

	vehicle: 21
	vehicleInd: 7
	(orig, dest): (111, 59)
	(origRegion, destRegion): (2, 0)
	st: 467.34000000000003
	duration: 10.0

	setup duration: 10.0

	vehicle: 28
	vehicleInd: 8
	(orig, dest): (28, 0)
	(origRegion, destRegion): (2, 0)
	st: 529.52
	duration: 10.0


Machine 2 :
	setup duration: 0.0

	vehicle: 57
	vehicleInd: 2
	(orig, dest): (0, 73)
	(origRegion, destRegion): (0, 1)
	st: 7.930000000000003
	duration: 5.0

	setup duration: 5.0

	vehicle: 43
	vehicleInd: 2
	(orig, dest): (0, 46)
	(origRegion, destRegion): (0, 2)
	st: 45.06999999999999
	duration: 10.0

	setup duration: 10.0

	vehicle: 41
	vehicleInd: 2
	(orig, dest): (0, 35)
	(origRegion, destRegion): (0, 3)
	st: 97.3
	duration: 15.0

	setup duration: 10.0

	vehicle: 21
	vehicleInd: 3
	(orig, dest): (20, 99)
	(origRegion, destRegion): (1, 0)
	st: 164.77
	duration: 5.0

	setup duration: 0.0

	vehicle: 59
	vehicleInd: 4
	(orig, dest): (19, 114)
	(origRegion, destRegion): (0, 1)
	st: 277.01
	duration: 5.0

	setup duration: 10.0

	vehicle: 26
	vehicleInd: 6
	(orig, dest): (3, 0)
	(origRegion, destRegion): (3, 0)
	st: 349.2
	duration: 15.0

	setup duration: 15.0

	vehicle: 12
	vehicleInd: 5
	(orig, dest): (9, 105)
	(origRegion, destRegion): (3, 0)
	st: 422.97
	duration: 15.0

	setup duration: 15.0

	vehicle: 57
	vehicleInd: 9
	(orig, dest): (47, 97)
	(origRegion, destRegion): (3, 1)
	st: 460.32
	duration: 10.0

	setup duration: 10.0

	vehicle: 19
	vehicleInd: 6
	(orig, dest): (65, 0)
	(origRegion, destRegion): (3, 0)
	st: 490.06
	duration: 15.0

	setup duration: 5.0

	vehicle: 57
	vehicleInd: 10
	(orig, dest): (97, 0)
	(origRegion, destRegion): (1, 0)
	st: 510.06
	duration: 5.0

	setup duration: 5.0

	vehicle: 43
	vehicleInd: 10
	(orig, dest): (191, 0)
	(origRegion, destRegion): (1, 0)
	st: 526.23
	duration: 5.0

	setup duration: 5.0

	vehicle: 53
	vehicleInd: 6
	(orig, dest): (74, 0)
	(origRegion, destRegion): (1, 0)
	st: 536.39
	duration: 5.0

	setup duration: 10.0

	vehicle: 47
	vehicleInd: 4
	(orig, dest): (127, 0)
	(origRegion, destRegion): (2, 0)
	st: 564.0
	duration: 10.0

	setup duration: 5.0

	vehicle: 31
	vehicleInd: 6
	(orig, dest): (198, 0)
	(origRegion, destRegion): (1, 0)
	st: 671.75
	duration: 5.0


Machine 3 :
	setup duration: 0.0

	vehicle: 22
	vehicleInd: 2
	(orig, dest): (0, 85)
	(origRegion, destRegion): (0, 2)
	st: 5.25
	duration: 10.0

	setup duration: 10.0

	vehicle: 1
	vehicleInd: 2
	(orig, dest): (0, 112)
	(origRegion, destRegion): (0, 2)
	st: 25.25
	duration: 10.0

	setup duration: 10.0

	vehicle: 52
	vehicleInd: 2
	(orig, dest): (0, 26)
	(origRegion, destRegion): (0, 2)
	st: 45.25
	duration: 10.0

	setup duration: 5.0

	vehicle: 57
	vehicleInd: 3
	(orig, dest): (73, 41)
	(origRegion, destRegion): (1, 2)
	st: 71.47
	duration: 5.0

	setup duration: 0.0

	vehicle: 26
	vehicleInd: 5
	(orig, dest): (44, 3)
	(origRegion, destRegion): (2, 3)
	st: 198.35999999999999
	duration: 5.0

	setup duration: 5.0

	vehicle: 57
	vehicleInd: 5
	(orig, dest): (137, 136)
	(origRegion, destRegion): (2, 3)
	st: 208.35999999999999
	duration: 5.0

	setup duration: 5.0

	vehicle: 12
	vehicleInd: 3
	(orig, dest): (133, 118)
	(origRegion, destRegion): (2, 3)
	st: 276.92
	duration: 5.0

	setup duration: 10.0

	vehicle: 13
	vehicleInd: 5
	(orig, dest): (80, 182)
	(origRegion, destRegion): (1, 3)
	st: 291.92
	duration: 10.0

	setup duration: 5.0

	vehicle: 33
	vehicleInd: 4
	(orig, dest): (109, 183)
	(origRegion, destRegion): (2, 0)
	st: 317.17
	duration: 10.0

	setup duration: 5.0

	vehicle: 34
	vehicleInd: 6
	(orig, dest): (101, 0)
	(origRegion, destRegion): (1, 0)
	st: 391.96000000000004
	duration: 5.0

	setup duration: 10.0

	vehicle: 29
	vehicleInd: 6
	(orig, dest): (40, 0)
	(origRegion, destRegion): (2, 0)
	st: 482.28
	duration: 10.0

	setup duration: 15.0

	vehicle: 59
	vehicleInd: 6
	(orig, dest): (10, 0)
	(origRegion, destRegion): (3, 0)
	st: 531.44
	duration: 15.0


Machine 4 :
	setup duration: 0.0

	vehicle: 31
	vehicleInd: 2
	(orig, dest): (0, 100)
	(origRegion, destRegion): (0, 2)
	st: 20.18999999999999
	duration: 10.0

	setup duration: 10.0

	vehicle: 29
	vehicleInd: 2
	(orig, dest): (0, 57)
	(origRegion, destRegion): (0, 1)
	st: 40.18999999999999
	duration: 5.0

	setup duration: 5.0

	vehicle: 34
	vehicleInd: 2
	(orig, dest): (0, 113)
	(origRegion, destRegion): (0, 1)
	st: 55.46000000000001
	duration: 5.0

	setup duration: 5.0

	vehicle: 23
	vehicleInd: 3
	(orig, dest): (81, 106)
	(origRegion, destRegion): (0, 1)
	st: 65.46000000000001
	duration: 5.0

	setup duration: 0.0

	vehicle: 29
	vehicleInd: 3
	(orig, dest): (57, 76)
	(origRegion, destRegion): (1, 2)
	st: 137.26999999999998
	duration: 5.0

	setup duration: 5.0

	vehicle: 28
	vehicleInd: 4
	(orig, dest): (72, 98)
	(origRegion, destRegion): (1, 2)
	st: 147.26999999999998
	duration: 5.0

	setup duration: 0.0

	vehicle: 22
	vehicleInd: 3
	(orig, dest): (85, 12)
	(origRegion, destRegion): (2, 1)
	st: 152.26999999999998
	duration: 5.0

	setup duration: 10.0

	vehicle: 53
	vehicleInd: 4
	(orig, dest): (92, 82)
	(origRegion, destRegion): (3, 0)
	st: 198.3
	duration: 15.0

	setup duration: 0.0

	vehicle: 48
	vehicleInd: 4
	(orig, dest): (71, 175)
	(origRegion, destRegion): (0, 1)
	st: 213.3
	duration: 5.0

	setup duration: 0.0

	vehicle: 48
	vehicleInd: 5
	(orig, dest): (175, 29)
	(origRegion, destRegion): (1, 2)
	st: 263.22
	duration: 5.0

	setup duration: 0.0

	vehicle: 43
	vehicleInd: 6
	(orig, dest): (125, 56)
	(origRegion, destRegion): (2, 1)
	st: 268.22
	duration: 5.0

	setup duration: 0.0

	vehicle: 23
	vehicleInd: 6
	(orig, dest): (104, 138)
	(origRegion, destRegion): (1, 2)
	st: 287.89
	duration: 5.0

	setup duration: 0.0

	vehicle: 31
	vehicleInd: 3
	(orig, dest): (100, 6)
	(origRegion, destRegion): (2, 3)
	st: 309.27
	duration: 5.0

	setup duration: 10.0

	vehicle: 22
	vehicleInd: 5
	(orig, dest): (38, 102)
	(origRegion, destRegion): (1, 0)
	st: 326.53
	duration: 5.0

	setup duration: 0.0

	vehicle: 47
	vehicleInd: 3
	(orig, dest): (23, 127)
	(origRegion, destRegion): (0, 2)
	st: 393.64
	duration: 10.0

	setup duration: 0.0

	vehicle: 48
	vehicleInd: 6
	(orig, dest): (29, 0)
	(origRegion, destRegion): (2, 0)
	st: 410.01
	duration: 10.0

	setup duration: 0.0

	vehicle: 53
	vehicleInd: 5
	(orig, dest): (82, 74)
	(origRegion, destRegion): (0, 1)
	st: 444.2
	duration: 5.0

	setup duration: 5.0

	vehicle: 23
	vehicleInd: 8
	(orig, dest): (177, 0)
	(origRegion, destRegion): (2, 0)
	st: 476.98
	duration: 10.0

	setup duration: 15.0

	vehicle: 31
	vehicleInd: 5
	(orig, dest): (77, 198)
	(origRegion, destRegion): (3, 1)
	st: 545.21
	duration: 10.0


Machine 5 :
	setup duration: 0.0

	vehicle: 36
	vehicleInd: 2
	(orig, dest): (0, 8)
	(origRegion, destRegion): (0, 2)
	st: 32.93000000000001
	duration: 10.0

	setup duration: 10.0

	vehicle: 53
	vehicleInd: 3
	(orig, dest): (87, 92)
	(origRegion, destRegion): (0, 3)
	st: 52.93000000000001
	duration: 15.0

	setup duration: 0.0

	vehicle: 26
	vehicleInd: 3
	(orig, dest): (132, 67)
	(origRegion, destRegion): (3, 2)
	st: 67.93
	duration: 5.0

	setup duration: 10.0

	vehicle: 13
	vehicleInd: 3
	(orig, dest): (18, 66)
	(origRegion, destRegion): (0, 1)
	st: 94.41
	duration: 5.0

	setup duration: 5.0

	vehicle: 5
	vehicleInd: 3
	(orig, dest): (55, 14)
	(origRegion, destRegion): (2, 0)
	st: 110.24000000000001
	duration: 10.0

	setup duration: 5.0

	vehicle: 7
	vehicleInd: 4
	(orig, dest): (120, 25)
	(origRegion, destRegion): (1, 0)
	st: 175.31
	duration: 5.0

	setup duration: 0.0

	vehicle: 33
	vehicleInd: 3
	(orig, dest): (60, 109)
	(origRegion, destRegion): (0, 2)
	st: 180.31
	duration: 10.0

	setup duration: 0.0

	vehicle: 52
	vehicleInd: 3
	(orig, dest): (26, 123)
	(origRegion, destRegion): (2, 0)
	st: 191.39
	duration: 10.0

	setup duration: 10.0

	vehicle: 1
	vehicleInd: 4
	(orig, dest): (2, 69)
	(origRegion, destRegion): (2, 1)
	st: 214.19
	duration: 5.0

	setup duration: 5.0

	vehicle: 36
	vehicleInd: 3
	(orig, dest): (8, 17)
	(origRegion, destRegion): (2, 0)
	st: 226.66
	duration: 10.0

	setup duration: 0.0

	vehicle: 5
	vehicleInd: 5
	(orig, dest): (21, 126)
	(origRegion, destRegion): (0, 2)
	st: 284.34000000000003
	duration: 10.0

	setup duration: 5.0

	vehicle: 18
	vehicleInd: 4
	(orig, dest): (134, 124)
	(origRegion, destRegion): (3, 0)
	st: 323.47
	duration: 15.0

	setup duration: 0.0

	vehicle: 21
	vehicleInd: 6
	(orig, dest): (53, 111)
	(origRegion, destRegion): (0, 2)
	st: 380.47
	duration: 10.0

	setup duration: 10.0

	vehicle: 33
	vehicleInd: 5
	(orig, dest): (183, 91)
	(origRegion, destRegion): (0, 3)
	st: 438.8
	duration: 15.0


-------------------| COMPL. TIMES |-------------------

Vehicle 0 : 0.0
Vehicle 1 : 464.40999999999997
Vehicle 2 : 0.0
Vehicle 3 : 0.0
Vehicle 4 : 0.0
Vehicle 5 : 425.25
Vehicle 6 : 0.0
Vehicle 7 : 579.41
Vehicle 8 : 0.0
Vehicle 9 : 0.0
Vehicle 10 : 0.0
Vehicle 11 : 0.0
Vehicle 12 : 387.28
Vehicle 13 : 409.95
Vehicle 14 : 0.0
Vehicle 15 : 0.0
Vehicle 16 : 0.0
Vehicle 17 : 267.3
Vehicle 18 : 491.93999999999994
Vehicle 19 : 505.31000000000006
Vehicle 20 : 0.0
Vehicle 21 : 530.0400000000001
Vehicle 22 : 511.89
Vehicle 23 : 469.01
Vehicle 24 : 0.0
Vehicle 25 : 0.0
Vehicle 26 : 350.8
Vehicle 27 : 0.0
Vehicle 28 : 538.12
Vehicle 29 : 460.09
Vehicle 30 : 0.0
Vehicle 31 : 660.5600000000001
Vehicle 32 : 0.0
Vehicle 33 : 428.71
Vehicle 34 : 349.5
Vehicle 35 : 0.0
Vehicle 36 : 385.99
Vehicle 37 : 0.0
Vehicle 38 : 0.0
Vehicle 39 : 0.0
Vehicle 40 : 0.0
Vehicle 41 : 444.25999999999993
Vehicle 42 : 373.73
Vehicle 43 : 488.16
Vehicle 44 : 0.0
Vehicle 45 : 0.0
Vehicle 46 : 0.0
Vehicle 47 : 313.13
Vehicle 48 : 399.76
Vehicle 49 : 0.0
Vehicle 50 : 0.0
Vehicle 51 : 0.0
Vehicle 52 : 301.2
Vehicle 53 : 523.11
Vehicle 54 : 0.0
Vehicle 55 : 0.0
Vehicle 56 : 0.0
Vehicle 57 : 509.12999999999994
Vehicle 58 : 0.0
Vehicle 59 : 492.7300000000001
-------------------| STATISTICS |-------------------

    Vehicles used                           : 45.0
    Machines used                           : 100.0
    Max load (vehicles)                     : 87.931
    Min load (vehicles)                     : 11.6279
    Mean load (vehicles)                    : 49.64
    Min completion time                     : 38.8517
    Max completion time                     : 96.0116
    Mean completion time                    : 64.9266
    Avrg travel time (with vehicle)         : 27.1318
    Avrg travel time (only with vehicle)    : 16.4729
    Avrg travel time (no vehicle)           : 10.6589
    Avrg waiting time (machine travel)      : 0.4928
    Avrg waiting time (service)             : 7.7339
    Machines travel times (with vehicle)    : [26.1628, 20.3488, 33.4302, 26.1628, 28.343, 28.343]
    Machines travel times (no vehicle)      : [10.1744, 8.7209, 15.2616, 11.6279, 9.4477, 8.7209]
    Max load per vehicle                    : [0.0, 65.2778, 0.0, 0.0, 0.0, 74.1379, 0.0, 59.7222, 0.0, 0.0, 0.0, 0.0, 63.8889, 25.0, 0.0, 0.0, 0.0, 46.5517, 30.2326, 48.2759, 0.0, 65.5172, 31.0345, 87.931, 0.0, 0.0, 22.093, 0.0, 62.5, 81.0345, 0.0, 39.5349, 0.0, 44.186, 55.5556, 0.0, 29.1667, 0.0, 0.0, 0.0, 0.0, 50.0, 39.5349, 87.2093, 0.0, 0.0, 0.0, 25.0, 72.4138, 0.0, 0.0, 0.0, 11.6279, 16.2791, 0.0, 0.0, 0.0, 84.4828, 0.0, 22.093]

----------------------------------------------------

TOTAL: 12060.769999999999

Everything is awesome!
