Set parameter WLSAccessID
Set parameter WLSSecret
Set parameter LicenseID to value 2661775
Academic license 2661775 - for non-commercial use only - registered to me___@dcc.ufba.br
Loading line 2: methodType heur
Loading line 3: methodCode mslp
Loading line 4: seed 0
Loading line 5: threads 1
Loading line 6: greedy_service_order random
Loading line 7: outputFlagGrbMSLP 0
Loading line 8: mslpa 60000
Loading line 9: mslpr I
Loading line 10: maxtime 3600
Loading line 11: output ./logs/
Loading line 12: printsol 1
Loading line 13: solverMethod A
Instance: LR2_2_7_t2_60R_60V_04F_06M

[16:26:57.381] Running Data.readData with file /dados/rmelo/PDPTW-SE/benchmark_multi_floor_v3/official_experiments/multistartlp/preliminar/set_01_pt_01/../../../../instances/orig_ams_fg/60R_60V_04F_06M/t2/LR2_2_7/
vehicles: Vehicle[Vehicle(0, 52), Vehicle(1, 65), Vehicle(2, 78), Vehicle(3, 78), Vehicle(4, 52), Vehicle(5, 65), Vehicle(6, 78), Vehicle(7, 65), Vehicle(8, 78), Vehicle(9, 78), Vehicle(10, 78), Vehicle(11, 52), Vehicle(12, 52), Vehicle(13, 78), Vehicle(14, 65), Vehicle(15, 65), Vehicle(16, 65), Vehicle(17, 78), Vehicle(18, 78), Vehicle(19, 78), Vehicle(20, 52), Vehicle(21, 65), Vehicle(22, 52), Vehicle(23, 52), Vehicle(24, 65), Vehicle(25, 65), Vehicle(26, 65), Vehicle(27, 78), Vehicle(28, 78), Vehicle(29, 65), Vehicle(30, 52), Vehicle(31, 65), Vehicle(32, 52), Vehicle(33, 78), Vehicle(34, 52), Vehicle(35, 65), Vehicle(36, 65), Vehicle(37, 65), Vehicle(38, 78), Vehicle(39, 78), Vehicle(40, 78), Vehicle(41, 65), Vehicle(42, 78), Vehicle(43, 52), Vehicle(44, 65), Vehicle(45, 78), Vehicle(46, 78), Vehicle(47, 65), Vehicle(48, 65), Vehicle(49, 78), Vehicle(50, 65), Vehicle(51, 52), Vehicle(52, 65), Vehicle(53, 65), Vehicle(54, 78), Vehicle(55, 78), Vehicle(56, 65), Vehicle(57, 52), Vehicle(58, 52), Vehicle(59, 78)]
vehicle_types: Vehicle[Vehicle(0, 52), Vehicle(1, 65), Vehicle(2, 78)]
Machine[Machine(0, Point[Point(71, 71, 0), Point(71, 71, 1), Point(71, 71, 2), Point(71, 71, 3)], 0.2), Machine(1, Point[Point(73, 71, 0), Point(73, 71, 1), Point(73, 71, 2), Point(73, 71, 3)], 0.2), Machine(2, Point[Point(69, 71, 0), Point(69, 71, 1), Point(69, 71, 2), Point(69, 71, 3)], 0.2), Machine(3, Point[Point(75, 71, 0), Point(75, 71, 1), Point(75, 71, 2), Point(75, 71, 3)], 0.2), Machine(4, Point[Point(67, 71, 0), Point(67, 71, 1), Point(67, 71, 2), Point(67, 71, 3)], 0.2), Machine(5, Point[Point(77, 71, 0), Point(77, 71, 1), Point(77, 71, 2), Point(77, 71, 3)], 0.2)]
refs: [1, 2, 3, 4, 6, 7, 8, 9, 11, 12, 17, 21, 22, 23, 24, 26, 27, 28, 30, 31, 33, 34, 35, 36, 39, 40, 42, 43, 48, 50, 54, 55, 56, 57, 62, 63, 65, 66, 68, 69, 75, 76, 77, 78, 79, 80, 84, 85, 87, 88, 89, 92, 94, 95, 96, 97, 98, 99, 100, 103, 105, 91, 82, 19, 119, 108, 70, 61, 112, 44, 109, 93, 74, 116, 64, 14, 107, 120, 25, 32, 18, 60, 121, 37, 15, 113, 106, 41, 10, 73, 67, 102, 47, 110, 38, 114, 81, 5, 101, 71, 104, 20, 16, 83, 52, 118, 49, 29, 51, 72, 117, 45, 111, 86, 58, 53, 59, 13, 90, 115, 46, 1]
V: [1, 2, 3, 4, 5, 6, 7, 8, 9, 10, 11, 12, 13, 14, 15, 16, 17, 18, 19, 20, 21, 22, 23, 24, 25, 26, 27, 28, 29, 30, 31, 32, 33, 34, 35, 36, 37, 38, 39, 40, 41, 42, 43, 44, 45, 46, 47, 48, 49, 50, 51, 52, 53, 54, 55, 56, 57, 58, 59, 60, 61, 62, 63, 64, 65, 66, 67, 68, 69, 70, 71, 72, 73, 74, 75, 76, 77, 78, 79, 80, 81, 82, 83, 84, 85, 86, 87, 88, 89, 90, 91, 92, 93, 94, 95, 96, 97, 98, 99, 100, 101, 102, 103, 104, 105, 106, 107, 108, 109, 110, 111, 112, 113, 114, 115, 116, 117, 118, 119, 120, 121]
V_p: [2, 3, 4, 5, 6, 7, 8, 9, 10, 11, 12, 13, 14, 15, 16, 17, 18, 19, 20, 21, 22, 23, 24, 25, 26, 27, 28, 29, 30, 31, 32, 33, 34, 35, 36, 37, 38, 39, 40, 41, 42, 43, 44, 45, 46, 47, 48, 49, 50, 51, 52, 53, 54, 55, 56, 57, 58, 59, 60, 61]
V_d: [62, 63, 64, 65, 66, 67, 68, 69, 70, 71, 72, 73, 74, 75, 76, 77, 78, 79, 80, 81, 82, 83, 84, 85, 86, 87, 88, 89, 90, 91, 92, 93, 94, 95, 96, 97, 98, 99, 100, 101, 102, 103, 104, 105, 106, 107, 108, 109, 110, 111, 112, 113, 114, 115, 116, 117, 118, 119, 120, 121]
Vprime: [1, 2, 3, 4, 5, 6, 7, 8, 9, 10, 11, 12, 13, 14, 15, 16, 17, 18, 19, 20, 21, 22, 23, 24, 25, 26, 27, 28, 29, 30, 31, 32, 33, 34, 35, 36, 37, 38, 39, 40, 41, 42, 43, 44, 45, 46, 47, 48, 49, 50, 51, 52, 53, 54, 55, 56, 57, 58, 59, 60, 61, 62, 63, 64, 65, 66, 67, 68, 69, 70, 71, 72, 73, 74, 75, 76, 77, 78, 79, 80, 81, 82, 83, 84, 85, 86, 87, 88, 89, 90, 91, 92, 93, 94, 95, 96, 97, 98, 99, 100, 101, 102, 103, 104, 105, 106, 107, 108, 109, 110, 111, 112, 113, 114, 115, 116, 117, 118, 119, 120, 121, 122]
V: [1, 2, 3, 4, 5, 6, 7, 8, 9, 10, 11, 12, 13, 14, 15, 16, 17, 18, 19, 20, 21, 22, 23, 24, 25, 26, 27, 28, 29, 30, 31, 32, 33, 34, 35, 36, 37, 38, 39, 40, 41, 42, 43, 44, 45, 46, 47, 48, 49, 50, 51, 52, 53, 54, 55, 56, 57, 58, 59, 60, 61, 62, 63, 64, 65, 66, 67, 68, 69, 70, 71, 72, 73, 74, 75, 76, 77, 78, 79, 80, 81, 82, 83, 84, 85, 86, 87, 88, 89, 90, 91, 92, 93, 94, 95, 96, 97, 98, 99, 100, 101, 102, 103, 104, 105, 106, 107, 108, 109, 110, 111, 112, 113, 114, 115, 116, 117, 118, 119, 120, 121]
q: [0, 7, 20, 14, 27, 22, 13, 8, 13, 9, 22, 19, 5, 8, 13, 13, 21, 12, 11, 13, 12, 24, 8, 20, 15, 6, 15, 20, 22, 26, 10, 9, 13, 16, 19, 17, 12, 9, 9, 29, 39, 9, 7, 20, 15, 25, 23, 4, 32, 16, 20, 26, 35, 13, 33, 11, 10, 23, 18, 16, 20, -7, -20, -14, -27, -22, -13, -8, -13, -9, -22, -19, -5, -8, -13, -13, -21, -12, -11, -13, -12, -24, -8, -20, -15, -6, -15, -20, -22, -26, -10, -9, -13, -16, -19, -17, -12, -9, -9, -29, -39, -9, -7, -20, -15, -25, -23, -4, -32, -16, -20, -26, -35, -13, -33, -11, -10, -23, -18, -16, -20, 0]
H: [1, 2, 3, 4, 5, 6]
f: [[1, 1, 1, 1, 1, 1], [3, 3, 3, 3, 3, 3], [1, 1, 1, 1, 1, 1], [1, 1, 1, 1, 1, 1], [2, 2, 2, 2, 2, 2], [2, 2, 2, 2, 2, 2], [2, 2, 2, 2, 2, 2], [2, 2, 2, 2, 2, 2], [4, 4, 4, 4, 4, 4], [4, 4, 4, 4, 4, 4], [4, 4, 4, 4, 4, 4], [4, 4, 4, 4, 4, 4], [4, 4, 4, 4, 4, 4], [1, 1, 1, 1, 1, 1], [2, 2, 2, 2, 2, 2], [4, 4, 4, 4, 4, 4], [1, 1, 1, 1, 1, 1], [4, 4, 4, 4, 4, 4], [1, 1, 1, 1, 1, 1], [2, 2, 2, 2, 2, 2], [3, 3, 3, 3, 3, 3], [3, 3, 3, 3, 3, 3], [3, 3, 3, 3, 3, 3], [1, 1, 1, 1, 1, 1], [3, 3, 3, 3, 3, 3], [4, 4, 4, 4, 4, 4], [1, 1, 1, 1, 1, 1], [1, 1, 1, 1, 1, 1], [3, 3, 3, 3, 3, 3], [3, 3, 3, 3, 3, 3], [1, 1, 1, 1, 1, 1], [4, 4, 4, 4, 4, 4], [1, 1, 1, 1, 1, 1], [3, 3, 3, 3, 3, 3], [4, 4, 4, 4, 4, 4], [4, 4, 4, 4, 4, 4], [3, 3, 3, 3, 3, 3], [4, 4, 4, 4, 4, 4], [2, 2, 2, 2, 2, 2], [3, 3, 3, 3, 3, 3], [3, 3, 3, 3, 3, 3], [3, 3, 3, 3, 3, 3], [1, 1, 1, 1, 1, 1], [3, 3, 3, 3, 3, 3], [2, 2, 2, 2, 2, 2], [2, 2, 2, 2, 2, 2], [3, 3, 3, 3, 3, 3], [4, 4, 4, 4, 4, 4], [2, 2, 2, 2, 2, 2], [1, 1, 1, 1, 1, 1], [4, 4, 4, 4, 4, 4], [4, 4, 4, 4, 4, 4], [3, 3, 3, 3, 3, 3], [4, 4, 4, 4, 4, 4], [4, 4, 4, 4, 4, 4], [1, 1, 1, 1, 1, 1], [4, 4, 4, 4, 4, 4], [4, 4, 4, 4, 4, 4], [2, 2, 2, 2, 2, 2], [4, 4, 4, 4, 4, 4], [3, 3, 3, 3, 3, 3], [2, 2, 2, 2, 2, 2], [2, 2, 2, 2, 2, 2], [3, 3, 3, 3, 3, 3], [3, 3, 3, 3, 3, 3], [2, 2, 2, 2, 2, 2], [4, 4, 4, 4, 4, 4], [1, 1, 1, 1, 1, 1], [3, 3, 3, 3, 3, 3], [3, 3, 3, 3, 3, 3], [1, 1, 1, 1, 1, 1], [4, 4, 4, 4, 4, 4], [2, 2, 2, 2, 2, 2], [1, 1, 1, 1, 1, 1], [4, 4, 4, 4, 4, 4], [2, 2, 2, 2, 2, 2], [2, 2, 2, 2, 2, 2], [3, 3, 3, 3, 3, 3], [4, 4, 4, 4, 4, 4], [2, 2, 2, 2, 2, 2], [4, 4, 4, 4, 4, 4], [3, 3, 3, 3, 3, 3], [4, 4, 4, 4, 4, 4], [1, 1, 1, 1, 1, 1], [4, 4, 4, 4, 4, 4], [3, 3, 3, 3, 3, 3], [4, 4, 4, 4, 4, 4], [3, 3, 3, 3, 3, 3], [3, 3, 3, 3, 3, 3], [1, 1, 1, 1, 1, 1], [3, 3, 3, 3, 3, 3], [3, 3, 3, 3, 3, 3], [1, 1, 1, 1, 1, 1], [4, 4, 4, 4, 4, 4], [2, 2, 2, 2, 2, 2], [3, 3, 3, 3, 3, 3], [2, 2, 2, 2, 2, 2], [3, 3, 3, 3, 3, 3], [2, 2, 2, 2, 2, 2], [1, 1, 1, 1, 1, 1], [1, 1, 1, 1, 1, 1], [4, 4, 4, 4, 4, 4], [4, 4, 4, 4, 4, 4], [3, 3, 3, 3, 3, 3], [1, 1, 1, 1, 1, 1], [2, 2, 2, 2, 2, 2], [1, 1, 1, 1, 1, 1], [2, 2, 2, 2, 2, 2], [2, 2, 2, 2, 2, 2], [3, 3, 3, 3, 3, 3], [3, 3, 3, 3, 3, 3], [1, 1, 1, 1, 1, 1], [2, 2, 2, 2, 2, 2], [4, 4, 4, 4, 4, 4], [3, 3, 3, 3, 3, 3], [3, 3, 3, 3, 3, 3], [2, 2, 2, 2, 2, 2], [1, 1, 1, 1, 1, 1], [1, 1, 1, 1, 1, 1], [3, 3, 3, 3, 3, 3], [3, 3, 3, 3, 3, 3], [1, 1, 1, 1, 1, 1]]
1 1 1 -> 0.0
1 2 1 -> 5.0
1 3 1 -> 10.0
1 4 1 -> 15.0
2 1 1 -> 5.0
2 2 1 -> 0.0
2 3 1 -> 5.0
2 4 1 -> 10.0
3 1 1 -> 10.0
3 2 1 -> 5.0
3 3 1 -> 0.0
3 4 1 -> 5.0
4 1 1 -> 15.0
4 2 1 -> 10.0
4 3 1 -> 5.0
4 4 1 -> 0.0
1 1 2 -> 0.0
1 2 2 -> 5.0
1 3 2 -> 10.0
1 4 2 -> 15.0
2 1 2 -> 5.0
2 2 2 -> 0.0
2 3 2 -> 5.0
2 4 2 -> 10.0
3 1 2 -> 10.0
3 2 2 -> 5.0
3 3 2 -> 0.0
3 4 2 -> 5.0
4 1 2 -> 15.0
4 2 2 -> 10.0
4 3 2 -> 5.0
4 4 2 -> 0.0
1 1 3 -> 0.0
1 2 3 -> 5.0
1 3 3 -> 10.0
1 4 3 -> 15.0
2 1 3 -> 5.0
2 2 3 -> 0.0
2 3 3 -> 5.0
2 4 3 -> 10.0
3 1 3 -> 10.0
3 2 3 -> 5.0
3 3 3 -> 0.0
3 4 3 -> 5.0
4 1 3 -> 15.0
4 2 3 -> 10.0
4 3 3 -> 5.0
4 4 3 -> 0.0
1 1 4 -> 0.0
1 2 4 -> 5.0
1 3 4 -> 10.0
1 4 4 -> 15.0
2 1 4 -> 5.0
2 2 4 -> 0.0
2 3 4 -> 5.0
2 4 4 -> 10.0
3 1 4 -> 10.0
3 2 4 -> 5.0
3 3 4 -> 0.0
3 4 4 -> 5.0
4 1 4 -> 15.0
4 2 4 -> 10.0
4 3 4 -> 5.0
4 4 4 -> 0.0
1 1 5 -> 0.0
1 2 5 -> 5.0
1 3 5 -> 10.0
1 4 5 -> 15.0
2 1 5 -> 5.0
2 2 5 -> 0.0
2 3 5 -> 5.0
2 4 5 -> 10.0
3 1 5 -> 10.0
3 2 5 -> 5.0
3 3 5 -> 0.0
3 4 5 -> 5.0
4 1 5 -> 15.0
4 2 5 -> 10.0
4 3 5 -> 5.0
4 4 5 -> 0.0
1 1 6 -> 0.0
1 2 6 -> 5.0
1 3 6 -> 10.0
1 4 6 -> 15.0
2 1 6 -> 5.0
2 2 6 -> 0.0
2 3 6 -> 5.0
2 4 6 -> 10.0
3 1 6 -> 10.0
3 2 6 -> 5.0
3 3 6 -> 0.0
3 4 6 -> 5.0
4 1 6 -> 15.0
4 2 6 -> 10.0
4 3 6 -> 5.0
4 4 6 -> 0.0
o: (1, 2, 3) => 5.0
o: (3, 1, 3) => 10.0
o: (1, 3, 5) => 10.0
o: (3, 2, 4) => 5.0
o: (1, 4, 5) => 15.0
o: (4, 3, 6) => 5.0
o: (4, 4, 6) => 0.0
o: (3, 2, 3) => 5.0
o: (3, 3, 5) => 0.0
o: (2, 1, 1) => 5.0
o: (3, 4, 5) => 5.0
o: (1, 3, 2) => 10.0
o: (1, 4, 2) => 15.0
o: (4, 3, 4) => 5.0
o: (2, 2, 1) => 0.0
o: (4, 4, 4) => 0.0
o: (3, 3, 2) => 0.0
o: (3, 4, 2) => 5.0
o: (4, 3, 3) => 5.0
o: (4, 4, 3) => 0.0
o: (1, 1, 5) => 0.0
o: (4, 1, 6) => 15.0
o: (1, 2, 5) => 5.0
o: (3, 1, 5) => 10.0
o: (1, 3, 1) => 10.0
o: (4, 2, 6) => 10.0
o: (1, 1, 2) => 0.0
o: (1, 4, 1) => 15.0
o: (2, 3, 6) => 5.0
o: (4, 1, 4) => 15.0
o: (3, 2, 5) => 5.0
o: (2, 4, 6) => 10.0
o: (3, 3, 1) => 0.0
o: (1, 2, 2) => 5.0
o: (3, 1, 2) => 10.0
o: (3, 4, 1) => 5.0
o: (4, 1, 3) => 15.0
o: (4, 2, 4) => 10.0
o: (3, 2, 2) => 5.0
o: (2, 3, 4) => 5.0
o: (4, 2, 3) => 10.0
o: (2, 4, 4) => 10.0
o: (4, 3, 5) => 5.0
o: (4, 4, 5) => 0.0
o: (1, 1, 1) => 0.0
o: (2, 3, 3) => 5.0
o: (2, 4, 3) => 10.0
o: (2, 1, 6) => 5.0
o: (4, 3, 2) => 5.0
o: (1, 2, 1) => 5.0
o: (3, 1, 1) => 10.0
o: (4, 4, 2) => 0.0
o: (2, 2, 6) => 0.0
o: (3, 2, 1) => 5.0
o: (2, 1, 4) => 5.0
o: (4, 1, 5) => 15.0
o: (2, 1, 3) => 5.0
o: (2, 2, 4) => 0.0
o: (4, 2, 5) => 10.0
o: (4, 3, 1) => 5.0
o: (1, 3, 6) => 10.0
o: (4, 1, 2) => 15.0
o: (4, 4, 1) => 0.0
o: (2, 2, 3) => 0.0
o: (2, 3, 5) => 5.0
o: (1, 4, 6) => 15.0
o: (2, 4, 5) => 10.0
o: (3, 3, 6) => 0.0
o: (4, 2, 2) => 10.0
o: (3, 4, 6) => 5.0
o: (1, 3, 4) => 10.0
o: (2, 3, 2) => 5.0
o: (1, 4, 4) => 15.0
o: (2, 4, 2) => 10.0
o: (1, 3, 3) => 10.0
o: (3, 3, 4) => 0.0
o: (1, 4, 3) => 15.0
o: (3, 4, 4) => 5.0
o: (4, 1, 1) => 15.0
o: (1, 1, 6) => 0.0
o: (2, 1, 5) => 5.0
o: (3, 3, 3) => 0.0
o: (3, 4, 3) => 5.0
o: (4, 2, 1) => 10.0
o: (1, 2, 6) => 5.0
o: (3, 1, 6) => 10.0
o: (2, 2, 5) => 0.0
o: (2, 3, 1) => 5.0
o: (1, 1, 4) => 0.0
o: (2, 1, 2) => 5.0
o: (2, 4, 1) => 10.0
o: (3, 2, 6) => 5.0
o: (1, 1, 3) => 0.0
o: (1, 2, 4) => 5.0
o: (2, 2, 2) => 0.0
o: (3, 1, 4) => 10.0

[118, 2742, 2732, 2643, 2633, 2648, 2566, 16]
JOBS in the order of refs (Vprime)
Node 1: Job(0, Point(70, 70, 0), 0, 0, 2535, 0, 0, 0)
Node 2: Job(2, Point(26, 50, 2), 7, 1490, 1730, 10, 0, 108)
Node 3: Job(3, Point(30, 57, 0), 20, 0, 2483, 10, 0, 95)
Node 4: Job(4, Point(29, 60, 0), 14, 0, 2483, 10, 0, 20)
Node 5: Job(6, Point(137, 137, 1), 27, 339, 579, 10, 0, 191)
Node 6: Job(8, Point(78, 111, 1), 22, 47, 287, 10, 0, 136)
Node 7: Job(9, Point(107, 25, 1), 13, 1035, 1275, 10, 0, 82)
Node 8: Job(10, Point(17, 138, 1), 8, 1670, 1910, 10, 0, 73)
Node 9: Job(12, Point(20, 69, 3), 13, 0, 2475, 10, 0, 164)
Node 10: Job(13, Point(121, 123, 3), 9, 0, 2452, 10, 0, 52)
Node 11: Job(18, Point(79, 72, 3), 22, 0, 2516, 10, 0, 138)
Node 12: Job(23, Point(78, 63, 3), 19, 0, 2515, 10, 0, 110)
Node 13: Job(25, Point(37, 79, 3), 5, 0, 2491, 10, 0, 87)
Node 14: Job(26, Point(64, 132, 0), 8, 170, 410, 10, 0, 173)
Node 15: Job(27, Point(133, 130, 1), 13, 0, 2438, 10, 0, 76)
Node 16: Job(31, Point(140, 42, 3), 13, 0, 2450, 10, 0, 15)
Node 17: Job(32, Point(121, 124, 0), 21, 539, 779, 10, 0, 127)
Node 18: Job(33, Point(42, 29, 3), 12, 0, 2476, 10, 0, 192)
Node 19: Job(35, Point(32, 6, 0), 11, 320, 560, 10, 0, 30)
Node 20: Job(36, Point(41, 36, 1), 13, 146, 386, 10, 0, 37)
Node 21: Job(38, Point(107, 102, 2), 12, 0, 2477, 10, 0, 19)
Node 22: Job(40, Point(132, 133, 2), 24, 0, 2437, 10, 0, 72)
Node 23: Job(41, Point(81, 57, 2), 8, 17, 257, 10, 0, 198)
Node 24: Job(42, Point(120, 52, 0), 20, 0, 2472, 10, 0, 43)
Node 25: Job(45, Point(82, 103, 2), 15, 0, 2490, 10, 0, 16)
Node 26: Job(47, Point(90, 44, 3), 6, 149, 389, 10, 0, 165)
Node 27: Job(50, Point(64, 138, 0), 15, 0, 2457, 10, 0, 124)
Node 28: Job(51, Point(98, 4, 0), 20, 0, 2454, 10, 0, 49)
Node 29: Job(56, Point(86, 40, 2), 22, 0, 2491, 10, 0, 11)
Node 30: Job(58, Point(59, 115, 2), 26, 1195, 1435, 10, 0, 86)
Node 31: Job(64, Point(37, 125, 0), 10, 0, 2461, 10, 0, 79)
Node 32: Job(65, Point(99, 34, 3), 9, 243, 483, 10, 0, 120)
Node 33: Job(66, Point(38, 122, 0), 13, 876, 1116, 10, 0, 55)
Node 34: Job(68, Point(109, 131, 2), 16, 0, 2453, 10, 0, 158)
Node 35: Job(74, Point(48, 47, 3), 19, 31, 271, 10, 0, 44)
Node 36: Job(75, Point(104, 73, 3), 17, 0, 2491, 10, 0, 169)
Node 37: Job(77, Point(103, 44, 2), 12, 0, 2483, 10, 0, 94)
Node 38: Job(78, Point(73, 96, 3), 9, 604, 844, 10, 0, 5)
Node 39: Job(80, Point(71, 70, 1), 9, 0, 2524, 10, 0, 119)
Node 40: Job(81, Point(83, 12, 2), 29, 0, 2466, 10, 0, 83)
Node 41: Job(88, Point(120, 22, 2), 39, 396, 636, 10, 0, 122)
Node 42: Job(89, Point(54, 106, 2), 9, 1117, 1357, 10, 0, 22)
Node 43: Job(90, Point(63, 129, 0), 7, 765, 1005, 10, 0, 17)
Node 44: Job(91, Point(33, 117, 2), 20, 316, 556, 10, 0, 96)
Node 45: Job(92, Point(102, 52, 1), 15, 0, 2489, 10, 0, 61)
Node 46: Job(93, Point(13, 129, 1), 25, 1345, 1585, 10, 0, 189)
Node 47: Job(99, Point(70, 83, 2), 23, 0, 2512, 10, 0, 57)
Node 48: Job(100, Point(12, 48, 3), 4, 172, 412, 10, 0, 34)
Node 49: Job(103, Point(116, 22, 1), 32, 491, 731, 10, 0, 60)
Node 50: Job(105, Point(19, 120, 0), 16, 0, 2454, 10, 0, 85)
Node 51: Job(106, Point(23, 39, 3), 20, 1347, 1587, 10, 0, 179)
Node 52: Job(109, Point(18, 70, 3), 26, 1504, 1744, 10, 0, 53)
Node 53: Job(111, Point(61, 57, 2), 35, 0, 2510, 10, 0, 163)
Node 54: Job(112, Point(123, 84, 3), 13, 1606, 1846, 10, 0, 102)
Node 55: Job(113, Point(37, 73, 3), 33, 0, 2492, 10, 0, 70)
Node 56: Job(114, Point(115, 124, 0), 11, 0, 2455, 10, 0, 63)
Node 57: Job(115, Point(93, 61, 3), 10, 0, 2501, 10, 0, 71)
Node 58: Job(116, Point(89, 39, 3), 23, 36, 276, 10, 0, 14)
Node 59: Job(118, Point(108, 30, 1), 18, 323, 563, 10, 0, 107)
Node 60: Job(121, Point(2, 106, 3), 16, 1487, 1727, 10, 0, 171)
Node 61: Job(123, Point(26, 130, 2), 20, 0, 2451, 10, 0, 54)
Node 62: Job(108, Point(15, 18, 1), -7, 1540, 1780, 10, 2, 0)
Node 63: Job(95, Point(114, 109, 1), -20, 249, 489, 10, 3, 0)
Node 64: Job(20, Point(8, 87, 2), -14, 1545, 1785, 10, 4, 0)
Node 65: Job(191, Point(125, 68, 2), -27, 708, 948, 10, 6, 0)
Node 66: Job(136, Point(92, 138, 1), -22, 0, 2454, 10, 8, 0)
Node 67: Job(82, Point(36, 54, 3), -13, 1428, 1668, 10, 9, 0)
Node 68: Job(73, Point(39, 100, 0), -8, 0, 2482, 10, 10, 0)
Node 69: Job(164, Point(65, 80, 2), -13, 0, 2514, 10, 12, 0)
Node 70: Job(52, Point(61, 34, 2), -9, 1830, 2070, 10, 13, 0)
Node 71: Job(138, Point(100, 99, 0), -22, 1136, 1376, 10, 18, 0)
Node 72: Job(110, Point(16, 62, 3), -19, 1524, 1764, 10, 23, 0)
Node 73: Job(87, Point(34, 72, 1), -5, 0, 2489, 10, 25, 0)
Node 74: Job(173, Point(67, 120, 0), -8, 1375, 1615, 10, 26, 0)
Node 75: Job(76, Point(9, 19, 3), -13, 1431, 1671, 10, 27, 0)
Node 76: Job(15, Point(137, 7, 1), -13, 0, 2434, 10, 31, 0)
Node 77: Job(127, Point(138, 105, 1), -21, 0, 2449, 10, 32, 0)
Node 78: Job(192, Point(44, 36, 2), -12, 131, 371, 10, 33, 0)
Node 79: Job(30, Point(10, 86, 3), -11, 0, 2463, 10, 35, 0)
Node 80: Job(37, Point(106, 10, 1), -13, 1135, 1375, 10, 36, 0)
Node 81: Job(19, Point(104, 32, 3), -12, 0, 2475, 10, 38, 0)
Node 82: Job(72, Point(88, 29, 2), -24, 0, 2481, 10, 40, 0)
Node 83: Job(198, Point(8, 138, 3), -8, 1105, 1345, 10, 41, 0)
Node 84: Job(43, Point(113, 32, 0), -20, 0, 2468, 10, 42, 0)
Node 85: Job(16, Point(50, 106, 3), -15, 1221, 1461, 10, 45, 0)
Node 86: Job(165, Point(28, 62, 2), -6, 0, 2483, 10, 47, 0)
Node 87: Job(124, Point(85, 111, 3), -15, 952, 1192, 10, 50, 0)
Node 88: Job(49, Point(89, 24, 2), -20, 0, 2476, 10, 51, 0)
Node 89: Job(11, Point(37, 138, 2), -22, 0, 2450, 10, 56, 0)
Node 90: Job(86, Point(67, 96, 0), -26, 1908, 2148, 10, 58, 0)
Node 91: Job(79, Point(44, 116, 2), -10, 0, 2473, 10, 64, 0)
Node 92: Job(120, Point(92, 22, 2), -9, 0, 2473, 10, 65, 0)
Node 93: Job(55, Point(84, 88, 0), -13, 1365, 1605, 10, 66, 0)
Node 94: Job(158, Point(54, 41, 3), -16, 1065, 1305, 10, 68, 0)
Node 95: Job(44, Point(137, 101, 1), -19, 617, 857, 10, 74, 0)
Node 96: Job(169, Point(51, 92, 2), -17, 1731, 1971, 10, 75, 0)
Node 97: Job(94, Point(34, 20, 1), -12, 0, 2464, 10, 77, 0)
Node 98: Job(5, Point(69, 116, 2), -9, 0, 2479, 10, 78, 0)
Node 99: Job(119, Point(120, 60, 1), -9, 156, 396, 10, 80, 0)
Node 100: Job(83, Point(16, 92, 0), -29, 0, 2467, 10, 81, 0)
Node 101: Job(122, Point(117, 92, 0), -39, 0, 2474, 10, 88, 0)
Node 102: Job(22, Point(80, 103, 3), -9, 1428, 1668, 10, 89, 0)
Node 103: Job(17, Point(46, 112, 3), -7, 1084, 1324, 10, 90, 0)
Node 104: Job(96, Point(86, 80, 2), -20, 0, 2507, 10, 91, 0)
Node 105: Job(61, Point(104, 54, 0), -15, 150, 390, 10, 92, 0)
Node 106: Job(189, Point(5, 99, 1), -25, 0, 2454, 10, 93, 0)
Node 107: Job(57, Point(69, 115, 0), -23, 0, 2480, 10, 99, 0)
Node 108: Job(34, Point(44, 58, 1), -4, 39, 279, 10, 100, 0)
Node 109: Job(60, Point(107, 77, 1), -32, 0, 2488, 10, 103, 0)
Node 110: Job(85, Point(27, 104, 2), -16, 1949, 2189, 10, 105, 0)
Node 111: Job(179, Point(60, 23, 2), -20, 0, 2477, 10, 106, 0)
Node 112: Job(53, Point(60, 84, 0), -26, 1866, 2106, 10, 109, 0)
Node 113: Job(163, Point(54, 78, 1), -35, 0, 2508, 10, 111, 0)
Node 114: Job(102, Point(109, 78, 3), -13, 0, 2486, 10, 112, 0)
Node 115: Job(70, Point(47, 83, 2), -33, 0, 2499, 10, 113, 0)
Node 116: Job(63, Point(32, 52, 2), -11, 0, 2483, 10, 114, 0)
Node 117: Job(71, Point(139, 68, 1), -10, 0, 2456, 10, 115, 0)
Node 118: Job(14, Point(22, 104, 0), -23, 0, 2467, 10, 116, 0)
Node 119: Job(107, Point(110, 99, 0), -18, 0, 2476, 10, 118, 0)
Node 120: Job(171, Point(66, 82, 2), -16, 0, 2513, 10, 121, 0)
Node 121: Job(54, Point(13, 48, 2), -20, 1622, 1862, 10, 123, 0)
Node 122: Job(0, Point(70, 70, 0), 0, 0, 2535, 0, 0, 0)

### Preprocessing Data ###
	-> arcs: 14884 (100.0%)
	-> arc_removals: 3515 (23.62%)
	-> arc_removals_is_loop: 122 (0.82%)
	-> arc_removals_is_delivery_to_pickup: 62 (0.42%)
	-> arc_removals_is_depot_begin_to_delivery: 60 (0.4%)
	-> arc_removals_is_pickup_to_depot_end: 60 (0.4%)
	-> arc_removals_is_dest_depot_begin: 120 (0.81%)
	-> arc_removals_is_orig_depot_end: 119 (0.8%)
	-> arc_removals_is_capacity_violated: 0 (0.0%)
	-> arc_removals_is_time_window_limited: 2181 (14.65%)
	-> arc_removals_is_time_window_pairing_limited: 568 (3.82%)
	-> arc_removals_is_indirect_request_service_impossible: 223 (1.5%)
	-> gamma_vars: 0 (0%)
	-> feas_gamma_vars: 0 (0%)
	-> infeas_gamma_vars_is_next_mtrv_unreachable: 0 (0%)
	-> infeas_gamma_vars_is_iprime_jprime_eq_i_j: 0 (0%)
	-> machine_removal_for_an_arc: 0 (0.0%)
##########################

[16:27:07.262] Print configuration
------------------------------------------------------
"
[16:27:07.262] Running Multi Start Heuristic"
> Experiment started at 2025-10-05T16:27:07.262
> Instance: LR2_2_7_t2_60R_60V_04F_06M
> Algorithm Parameters:


	>Stop params:
		>  - rule ITERATIONS
		>  - argument 60000.0
		>  - maximum_time 3600

	>General params:
		>  - instPath /dados/rmelo/PDPTW-SE/benchmark_multi_floor_v3/official_experiments/multistartlp/preliminar/set_01_pt_01/../../../../instances/orig_ams_fg/60R_60V_04F_06M/t2/LR2_2_7/
		>  - name LR2_2_7
		>  - type t2
		>  - group 60R_60V_04F_06M
		>  - fullname LR2_2_7_t2_60R_60V_04F_06M
		>  - methodType heur
		>  - methodCode mslp
		>  - genconfigfile /dados/rmelo/PDPTW-SE/benchmark_multi_floor_v3/official_experiments/multistartlp/preliminar/set_01_pt_01/configs/genconfig_mslp.conf
		>  - genconfigfilename genconfig_mslp
		>  - greedy_service_order random
		>  - cutoff 0
		>  - cutoffmachs 6
		>  - num_machs 0
		>  - solver Gurobi
		>  - maxtime 3600
		>  - gurobiCuts 1
		>  - typeUserCut 0
		>  - mipPresolve -1
		>  - printsol 1
		>  - maxnodes -1
		>  - elevator 1
		>  - make_instance_feasible false
		>  - output /dados/rmelo/PDPTW-SE/benchmark_multi_floor_v3/official_experiments/multistartlp/preliminar/set_01_pt_01/logs
		>  - suff_outputs _seed_66_alpha_20p
		>  - suff_csv _bash_4
		>  - epsilon 0.005
		>  - epsilonCap 0.5
		>  - warmStart false
		>  - seed 66
		>  - rng Random.MersenneTwister(66)
		>  - alpha 0.2
		>  - maxiter 1000000
		>  - outputFlagGrbMIP 0
		>  - outputFlagGrbMSLP 0
		>  - outputFlagGrbLMNS 0
		>  - mslpr I
		>  - mslpa 60000
		>  - lmnsr M
		>  - lmnsa 60
		>  - lmnsRepairTime 30.0
		>  - lmnsMIPFocus 0
		>  - lmnsGapToBiggerDestruction 50
		>  - lmnsGapToSmallerDestruction 95
		>  - lmnsWeightShawDistProx 1.0
		>  - lmnsWeightShawEarlProx 1.0
		>  - lmnsWeightShawSameRoute 1.0
		>  - lmnsWeightShawDemandSim 1.0
		>  - lmnsReqRApplyMIPStart true
		>  - lmnsAcceptanceCriteria H
		>  - lmnsMetropolisTemp 100.0
		>  - lmnsSimulatedAnnealingTemp 100.0
		>  - lmnsSimulatedAnnealingCool 0.95
		>  - mipmaxtime 3600
		>  - csvfilename /dados/rmelo/PDPTW-SE/benchmark_multi_floor_v3/official_experiments/multistartlp/preliminar/set_01_pt_01/logs/heur_mslp/outputs/csvresults_heur_mslp_bash_4.csv
		>  - solfilename /dados/rmelo/PDPTW-SE/benchmark_multi_floor_v3/official_experiments/multistartlp/preliminar/set_01_pt_01/logs/heur_mslp/solutions/60R_60V_04F_06M/LR2_2_7_sol_genconfig_mslp_seed_66_alpha_20p.txt
		>  - timelineFilename /dados/rmelo/PDPTW-SE/benchmark_multi_floor_v3/official_experiments/multistartlp/preliminar/set_01_pt_01/logs/heur_mslp/timelines/60R_60V_04F_06M/LR2_2_7_timeline_genconfig_mslp_seed_66_alpha_20p.txt
		>  - grbFilename /dados/rmelo/PDPTW-SE/benchmark_multi_floor_v3/official_experiments/multistartlp/preliminar/set_01_pt_01/logs/heur_mslp/gurobi/60R_60V_04F_06M/LR2_2_7_grb_genconfig_mslp_seed_66_alpha_20p.log
		>  - threads 1
		>  - solverMethod AUTOMATIC

------------------------------------------------------
objValue;greedysol;iteration;time
11418.41;11594.87;1;0.376444
11395.43;11676.12;916;114.048582
11331.02;11494.75;1016;127.007022
11280.40;11473.65;1175;145.660162
11045.36;11354.17;1337;164.763449
10876.84;10919.52;2819;348.629098
10846.73;10884.61;3733;461.019087

[17:27:07.442] Finished running MSLP

[17:27:07.442] Post running MSLP
Best solution value: 10846.73
Total time elapsed: 3600.077850
Time to best: 461.019087
Iterations: 29271
Iterations to best: 3733
Improvements: 7
Infeasible solutions percentage: (7220 / 29271) = 24.6661 %
(LP improvements)/(LP runs) = 22051/22051 = 100.0000 %
Mean LP improvement percentage: 1.5794 %
[17:27:07.756] Writing results to CSV file: /dados/rmelo/PDPTW-SE/benchmark_multi_floor_v3/official_experiments/multistartlp/preliminar/set_01_pt_01/logs/heur_mslp/outputs/csvresults_heur_mslp_bash_4.csv

[17:27:09.707] Saving solution to file:/dados/rmelo/PDPTW-SE/benchmark_multi_floor_v3/official_experiments/multistartlp/preliminar/set_01_pt_01/logs/heur_mslp/solutions/60R_60V_04F_06M/LR2_2_7_sol_genconfig_mslp_seed_66_alpha_20p.txt

[17:27:09.707] Saving solution timeline to file: /dados/rmelo/PDPTW-SE/benchmark_multi_floor_v3/official_experiments/multistartlp/preliminar/set_01_pt_01/logs/heur_mslp/timelines/60R_60V_04F_06M/LR2_2_7_timeline_genconfig_mslp_seed_66_alpha_20p.txt
---------------------| VEHICLES |---------------------

Vehicle 19 :
	id: 0
		node: 1
		(x, y, z): (70, 70, 0)
		dem: 0
		earl: 0
		lat: 2535
		servt: 0
		pid: 0
		did: 0
		servST: 1.0199999999999392
		(h, h_ind): (-1, 0)
		load: 0.0

	Finished service at time: 1.0199999999999392

	Task 0 -> Task 3: 42.06
	Vehicle arrival at task: 43.07999999999994
	Waiting time until service start time: 0.0

	id: 3
		node: 3
		(x, y, z): (30, 57, 0)
		dem: 20
		earl: 0
		lat: 2483
		servt: 10
		pid: 0
		did: 95
		servST: 43.07999999999994
		(h, h_ind): (-1, 0)
		load: 20.0

	Finished service at time: 53.07999999999994

	Task 3 -> Task 114: 108.23
	Vehicle arrival at task: 161.30999999999995
	Waiting time until service start time: 0.0

	id: 114
		node: 56
		(x, y, z): (115, 124, 0)
		dem: 11
		earl: 0
		lat: 2455
		servt: 10
		pid: 0
		did: 63
		servST: 161.30999999999995
		(h, h_ind): (-1, 0)
		load: 31.0

	Finished service at time: 171.30999999999995

	Using Machine: 3
		Task 114 -> Machine 3 (Station 1): 66.4
		Vehicle arrival at machine station: 237.70999999999995
		Waiting time until machine travel: 0.0

		Machine travel start time: 237.70999999999995
		Region 0 -> Region 3: 15.0
		Machine arrival at machine station: 252.70999999999995

		Machine 3 (Station 4)-> Task 65: 44.1
		Vehicle arrival at task: 296.80999999999995
		Waiting time until service start time: 0.0

	id: 65
		node: 32
		(x, y, z): (99, 34, 3)
		dem: 9
		earl: 243
		lat: 483
		servt: 10
		pid: 0
		did: 120
		servST: 296.80999999999995
		(h, h_ind): (3, 3)
		load: 40.0

	Finished service at time: 306.80999999999995

	Using Machine: 5
		Task 65 -> Machine 5 (Station 4): 43.05
		Vehicle arrival at machine station: 349.85999999999996
		Waiting time until machine travel: 0.0

		Machine travel start time: 349.85999999999996
		Region 3 -> Region 1: 10.0
		Machine arrival at machine station: 359.85999999999996

		Machine 5 (Station 2)-> Task 95: 53.04
		Vehicle arrival at task: 412.9
		Waiting time until service start time: 0.0

	id: 95
		node: 63
		(x, y, z): (114, 109, 1)
		dem: -20
		earl: 249
		lat: 489
		servt: 10
		pid: 3
		did: 0
		servST: 412.9
		(h, h_ind): (5, 6)
		load: 20.0

	Finished service at time: 422.9

	Using Machine: 5
		Task 95 -> Machine 5 (Station 2): 53.04
		Vehicle arrival at machine station: 475.94
		Waiting time until machine travel: 0.0

		Machine travel start time: 475.94
		Region 1 -> Region 0: 5.0
		Machine arrival at machine station: 480.94

		Machine 5 (Station 1)-> Task 35: 79.06
		Vehicle arrival at task: 560.0
		Waiting time until service start time: 0.0

	id: 35
		node: 19
		(x, y, z): (32, 6, 0)
		dem: 11
		earl: 320
		lat: 560
		servt: 10
		pid: 0
		did: 30
		servST: 560.0
		(h, h_ind): (5, 9)
		load: 31.0

	Finished service at time: 570.0

	Using Machine: 4
		Task 35 -> Machine 4 (Station 1): 73.82
		Vehicle arrival at machine station: 643.8199999999999
		Waiting time until machine travel: 0.0

		Machine travel start time: 643.8199999999999
		Region 0 -> Region 3: 15.0
		Machine arrival at machine station: 658.8199999999999

		Machine 4 (Station 4)-> Task 30: 58.94
		Vehicle arrival at task: 717.76
		Waiting time until service start time: 0.0

	id: 30
		node: 79
		(x, y, z): (10, 86, 3)
		dem: -11
		earl: 0
		lat: 2463
		servt: 10
		pid: 35
		did: 0
		servST: 717.76
		(h, h_ind): (4, 9)
		load: 20.0

	Finished service at time: 727.76

	Task 30 -> Task 12: 19.72
	Vehicle arrival at task: 747.48
	Waiting time until service start time: 0.0

	id: 12
		node: 9
		(x, y, z): (20, 69, 3)
		dem: 13
		earl: 0
		lat: 2475
		servt: 10
		pid: 0
		did: 164
		servST: 747.48
		(h, h_ind): (-1, 0)
		load: 33.0

	Finished service at time: 757.48

	Using Machine: 4
		Task 12 -> Machine 4 (Station 4): 47.04
		Vehicle arrival at machine station: 804.52
		Waiting time until machine travel: 0.0

		Machine travel start time: 804.52
		Region 3 -> Region 2: 5.0
		Machine arrival at machine station: 809.52

		Machine 4 (Station 3)-> Task 63: 39.82
		Vehicle arrival at task: 849.34
		Waiting time until service start time: 0.0

	id: 63
		node: 116
		(x, y, z): (32, 52, 2)
		dem: -11
		earl: 0
		lat: 2483
		servt: 10
		pid: 114
		did: 0
		servST: 849.34
		(h, h_ind): (4, 10)
		load: 22.0

	Finished service at time: 859.34

	Task 63 -> Task 164: 43.28
	Vehicle arrival at task: 902.62
	Waiting time until service start time: 0.0

	id: 164
		node: 69
		(x, y, z): (65, 80, 2)
		dem: -13
		earl: 0
		lat: 2514
		servt: 10
		pid: 12
		did: 0
		servST: 902.62
		(h, h_ind): (-1, 0)
		load: 9.0

	Finished service at time: 912.62

	Task 164 -> Task 120: 63.98
	Vehicle arrival at task: 976.6
	Waiting time until service start time: 0.0

	id: 120
		node: 92
		(x, y, z): (92, 22, 2)
		dem: -9
		earl: 0
		lat: 2473
		servt: 10
		pid: 65
		did: 0
		servST: 976.6
		(h, h_ind): (-1, 0)
		load: 0.0

	Finished service at time: 986.6

	Using Machine: 5
		Task 120 -> Machine 5 (Station 3): 51.24
		Vehicle arrival at machine station: 1037.84
		Waiting time until machine travel: 0.0

		Machine travel start time: 1037.84
		Region 2 -> Region 0: 10.0
		Machine arrival at machine station: 1047.84

		Machine 5 (Station 1)-> Task 42: 47.01
		Vehicle arrival at task: 1094.85
		Waiting time until service start time: 0.0

	id: 42
		node: 24
		(x, y, z): (120, 52, 0)
		dem: 20
		earl: 0
		lat: 2472
		servt: 10
		pid: 0
		did: 43
		servST: 1094.85
		(h, h_ind): (5, 20)
		load: 20.0

	Finished service at time: 1104.85

	Task 42 -> Task 43: 21.19
	Vehicle arrival at task: 1126.04
	Waiting time until service start time: 0.0

	id: 43
		node: 84
		(x, y, z): (113, 32, 0)
		dem: -20
		earl: 0
		lat: 2468
		servt: 10
		pid: 42
		did: 0
		servST: 1126.04
		(h, h_ind): (-1, 0)
		load: 0.0

	Finished service at time: 1136.04

	Task 43 -> Task 0: 57.38
	Vehicle arrival at task: 1193.42
	Waiting time until service start time: 0.0

	id: 0
		node: 122
		(x, y, z): (70, 70, 0)
		dem: 0
		earl: 0
		lat: 2535
		servt: 0
		pid: 0
		did: 0
		servST: 1193.42
		(h, h_ind): (-1, 0)
		load: 0.0


Vehicle 23 :
	id: 0
		node: 1
		(x, y, z): (70, 70, 0)
		dem: 0
		earl: 0
		lat: 2535
		servt: 0
		pid: 0
		did: 0
		servST: 9.169999999999998
		(h, h_ind): (-1, 0)
		load: 0.0

	Finished service at time: 9.169999999999998

	Using Machine: 0
		Task 0 -> Machine 0 (Station 1): 1.41
		Vehicle arrival at machine station: 10.579999999999998
		Waiting time until machine travel: 0.0

		Machine travel start time: 10.579999999999998
		Region 0 -> Region 1: 5.0
		Machine arrival at machine station: 15.579999999999998

		Machine 0 (Station 2)-> Task 80: 1.0
		Vehicle arrival at task: 16.58
		Waiting time until service start time: 0.0

	id: 80
		node: 39
		(x, y, z): (71, 70, 1)
		dem: 9
		earl: 0
		lat: 2524
		servt: 10
		pid: 0
		did: 119
		servST: 16.58
		(h, h_ind): (0, 1)
		load: 9.0

	Finished service at time: 26.58

	Using Machine: 0
		Task 80 -> Machine 0 (Station 2): 1.0
		Vehicle arrival at machine station: 27.58
		Waiting time until machine travel: 0.0

		Machine travel start time: 27.58
		Region 1 -> Region 2: 5.0
		Machine arrival at machine station: 32.58

		Machine 0 (Station 3)-> Task 45: 33.84
		Vehicle arrival at task: 66.42
		Waiting time until service start time: 0.0

	id: 45
		node: 25
		(x, y, z): (82, 103, 2)
		dem: 15
		earl: 0
		lat: 2490
		servt: 10
		pid: 0
		did: 16
		servST: 66.42
		(h, h_ind): (0, 2)
		load: 24.0

	Finished service at time: 76.42

	Using Machine: 5
		Task 45 -> Machine 5 (Station 3): 32.39
		Vehicle arrival at machine station: 108.81
		Waiting time until machine travel: 0.0

		Machine travel start time: 108.81
		Region 2 -> Region 1: 5.0
		Machine arrival at machine station: 113.81

		Machine 5 (Station 2)-> Task 92: 31.4
		Vehicle arrival at task: 145.21
		Waiting time until service start time: 0.0

	id: 92
		node: 45
		(x, y, z): (102, 52, 1)
		dem: 15
		earl: 0
		lat: 2489
		servt: 10
		pid: 0
		did: 61
		servST: 145.21
		(h, h_ind): (5, 2)
		load: 39.0

	Finished service at time: 155.21

	Using Machine: 5
		Task 92 -> Machine 5 (Station 2): 31.4
		Vehicle arrival at machine station: 186.61
		Waiting time until machine travel: 0.0

		Machine travel start time: 186.61
		Region 1 -> Region 0: 5.0
		Machine arrival at machine station: 191.61

		Machine 5 (Station 1)-> Task 61: 31.91
		Vehicle arrival at task: 223.52
		Waiting time until service start time: 0.0

	id: 61
		node: 105
		(x, y, z): (104, 54, 0)
		dem: -15
		earl: 150
		lat: 390
		servt: 10
		pid: 92
		did: 0
		servST: 223.52
		(h, h_ind): (5, 3)
		load: 24.0

	Finished service at time: 233.52

	Using Machine: 5
		Task 61 -> Machine 5 (Station 1): 31.91
		Vehicle arrival at machine station: 265.43
		Waiting time until machine travel: 0.0

		Machine travel start time: 265.43
		Region 0 -> Region 1: 5.0
		Machine arrival at machine station: 270.43

		Machine 5 (Station 2)-> Task 119: 44.38
		Vehicle arrival at task: 314.81
		Waiting time until service start time: 0.0

	id: 119
		node: 99
		(x, y, z): (120, 60, 1)
		dem: -9
		earl: 156
		lat: 396
		servt: 10
		pid: 80
		did: 0
		servST: 314.81
		(h, h_ind): (5, 5)
		load: 15.0

	Finished service at time: 324.81

	Using Machine: 5
		Task 119 -> Machine 5 (Station 2): 44.38
		Vehicle arrival at machine station: 369.19
		Waiting time until machine travel: 0.0

		Machine travel start time: 369.19
		Region 1 -> Region 2: 5.0
		Machine arrival at machine station: 374.19

		Machine 5 (Station 3)-> Task 111: 21.26
		Vehicle arrival at task: 395.45
		Waiting time until service start time: 0.0

	id: 111
		node: 53
		(x, y, z): (61, 57, 2)
		dem: 35
		earl: 0
		lat: 2510
		servt: 10
		pid: 0
		did: 163
		servST: 395.45
		(h, h_ind): (5, 7)
		load: 50.0

	Finished service at time: 405.45

	Using Machine: 4
		Task 111 -> Machine 4 (Station 3): 15.23
		Vehicle arrival at machine station: 420.68
		Waiting time until machine travel: 0.0

		Machine travel start time: 420.68
		Region 2 -> Region 1: 5.0
		Machine arrival at machine station: 425.68

		Machine 4 (Station 2)-> Task 163: 14.76
		Vehicle arrival at task: 440.44
		Waiting time until service start time: 0.0

	id: 163
		node: 113
		(x, y, z): (54, 78, 1)
		dem: -35
		earl: 0
		lat: 2508
		servt: 10
		pid: 111
		did: 0
		servST: 440.44
		(h, h_ind): (4, 7)
		load: 15.0

	Finished service at time: 450.44

	Task 163 -> Task 6: 101.83
	Vehicle arrival at task: 552.27
	Waiting time until service start time: 0.0

	id: 6
		node: 5
		(x, y, z): (137, 137, 1)
		dem: 27
		earl: 339
		lat: 579
		servt: 10
		pid: 0
		did: 191
		servST: 552.27
		(h, h_ind): (-1, 0)
		load: 42.0

	Finished service at time: 562.27

	Using Machine: 5
		Task 6 -> Machine 5 (Station 2): 89.2
		Vehicle arrival at machine station: 651.47
		Waiting time until machine travel: 0.0

		Machine travel start time: 651.47
		Region 1 -> Region 2: 5.0
		Machine arrival at machine station: 656.47

		Machine 5 (Station 3)-> Task 191: 48.09
		Vehicle arrival at task: 704.5600000000001
		Waiting time until service start time: 3.44

	id: 191
		node: 65
		(x, y, z): (125, 68, 2)
		dem: -27
		earl: 708
		lat: 948
		servt: 10
		pid: 6
		did: 0
		servST: 708.0
		(h, h_ind): (5, 12)
		load: 15.0

	Finished service at time: 718.0

	Using Machine: 5
		Task 191 -> Machine 5 (Station 3): 48.09
		Vehicle arrival at machine station: 766.09
		Waiting time until machine travel: 0.0

		Machine travel start time: 766.09
		Region 2 -> Region 3: 5.0
		Machine arrival at machine station: 771.09

		Machine 5 (Station 4)-> Task 78: 25.32
		Vehicle arrival at task: 796.4100000000001
		Waiting time until service start time: 0.0

	id: 78
		node: 38
		(x, y, z): (73, 96, 3)
		dem: 9
		earl: 604
		lat: 844
		servt: 10
		pid: 0
		did: 5
		servST: 796.4100000000001
		(h, h_ind): (5, 15)
		load: 24.0

	Finished service at time: 806.4100000000001

	Task 78 -> Task 23: 33.38
	Vehicle arrival at task: 839.7900000000001
	Waiting time until service start time: 0.0

	id: 23
		node: 12
		(x, y, z): (78, 63, 3)
		dem: 19
		earl: 0
		lat: 2515
		servt: 10
		pid: 0
		did: 110
		servST: 839.7900000000001
		(h, h_ind): (-1, 0)
		load: 43.0

	Finished service at time: 849.7900000000001

	Using Machine: 5
		Task 23 -> Machine 5 (Station 4): 8.06
		Vehicle arrival at machine station: 857.85
		Waiting time until machine travel: 0.0

		Machine travel start time: 857.8500000000001
		Region 3 -> Region 2: 5.0
		Machine arrival at machine station: 862.8500000000001

		Machine 5 (Station 3)-> Task 5: 45.71
		Vehicle arrival at task: 908.5600000000002
		Waiting time until service start time: 0.0

	id: 5
		node: 98
		(x, y, z): (69, 116, 2)
		dem: -9
		earl: 0
		lat: 2479
		servt: 10
		pid: 78
		did: 0
		servST: 908.5600000000002
		(h, h_ind): (5, 17)
		load: 34.0

	Finished service at time: 918.5600000000002

	Using Machine: 4
		Task 5 -> Machine 4 (Station 3): 45.04
		Vehicle arrival at machine station: 963.6000000000001
		Waiting time until machine travel: 0.0

		Machine travel start time: 963.6000000000001
		Region 2 -> Region 0: 10.0
		Machine arrival at machine station: 973.6000000000001

		Machine 4 (Station 1)-> Task 50: 67.07
		Vehicle arrival at task: 1040.67
		Waiting time until service start time: 0.0

	id: 50
		node: 27
		(x, y, z): (64, 138, 0)
		dem: 15
		earl: 0
		lat: 2457
		servt: 10
		pid: 0
		did: 124
		servST: 1040.67
		(h, h_ind): (4, 11)
		load: 49.0

	Finished service at time: 1050.67

	Using Machine: 5
		Task 50 -> Machine 5 (Station 1): 68.25
		Vehicle arrival at machine station: 1118.92
		Waiting time until machine travel: 0.93

		Machine travel start time: 1119.8500000000001
		Region 0 -> Region 3: 15.0
		Machine arrival at machine station: 1134.8500000000001

		Machine 5 (Station 4)-> Task 124: 40.79
		Vehicle arrival at task: 1175.64
		Waiting time until service start time: 0.0

	id: 124
		node: 87
		(x, y, z): (85, 111, 3)
		dem: -15
		earl: 952
		lat: 1192
		servt: 10
		pid: 50
		did: 0
		servST: 1175.64
		(h, h_ind): (5, 23)
		load: 34.0

	Finished service at time: 1185.64

	Task 124 -> Task 16: 35.36
	Vehicle arrival at task: 1221.0
	Waiting time until service start time: 0.0

	id: 16
		node: 85
		(x, y, z): (50, 106, 3)
		dem: -15
		earl: 1221
		lat: 1461
		servt: 10
		pid: 45
		did: 0
		servST: 1221.0
		(h, h_ind): (-1, 0)
		load: 19.0

	Finished service at time: 1231.0

	Using Machine: 4
		Task 16 -> Machine 4 (Station 4): 38.91
		Vehicle arrival at machine station: 1269.91
		Waiting time until machine travel: 0.0

		Machine travel start time: 1269.91
		Region 3 -> Region 1: 10.0
		Machine arrival at machine station: 1279.91

		Machine 4 (Station 2)-> Task 93: 79.25
		Vehicle arrival at task: 1359.16
		Waiting time until service start time: 0.0

	id: 93
		node: 46
		(x, y, z): (13, 129, 1)
		dem: 25
		earl: 1345
		lat: 1585
		servt: 10
		pid: 0
		did: 189
		servST: 1359.16
		(h, h_ind): (4, 15)
		load: 44.0

	Finished service at time: 1369.16

	Task 93 -> Task 189: 31.05
	Vehicle arrival at task: 1400.21
	Waiting time until service start time: 0.0

	id: 189
		node: 106
		(x, y, z): (5, 99, 1)
		dem: -25
		earl: 0
		lat: 2454
		servt: 10
		pid: 93
		did: 0
		servST: 1400.21
		(h, h_ind): (-1, 0)
		load: 19.0

	Finished service at time: 1410.21

	Using Machine: 4
		Task 189 -> Machine 4 (Station 2): 68.03
		Vehicle arrival at machine station: 1478.24
		Waiting time until machine travel: 0.0

		Machine travel start time: 1478.24
		Region 1 -> Region 3: 10.0
		Machine arrival at machine station: 1488.24

		Machine 4 (Station 4)-> Task 121: 73.82
		Vehicle arrival at task: 1562.06
		Waiting time until service start time: 0.0

	id: 121
		node: 60
		(x, y, z): (2, 106, 3)
		dem: 16
		earl: 1487
		lat: 1727
		servt: 10
		pid: 0
		did: 171
		servST: 1562.06
		(h, h_ind): (4, 17)
		load: 35.0

	Finished service at time: 1572.06

	Task 121 -> Task 110: 46.17
	Vehicle arrival at task: 1618.23
	Waiting time until service start time: 0.0

	id: 110
		node: 72
		(x, y, z): (16, 62, 3)
		dem: -19
		earl: 1524
		lat: 1764
		servt: 10
		pid: 23
		did: 0
		servST: 1618.23
		(h, h_ind): (-1, 0)
		load: 16.0

	Finished service at time: 1628.23

	Task 110 -> Task 112: 109.24
	Vehicle arrival at task: 1737.47
	Waiting time until service start time: 0.0

	id: 112
		node: 54
		(x, y, z): (123, 84, 3)
		dem: 13
		earl: 1606
		lat: 1846
		servt: 10
		pid: 0
		did: 102
		servST: 1737.47
		(h, h_ind): (-1, 0)
		load: 29.0

	Finished service at time: 1747.47

	Task 112 -> Task 102: 15.23
	Vehicle arrival at task: 1762.7
	Waiting time until service start time: 0.0

	id: 102
		node: 114
		(x, y, z): (109, 78, 3)
		dem: -13
		earl: 0
		lat: 2486
		servt: 10
		pid: 112
		did: 0
		servST: 1762.7
		(h, h_ind): (-1, 0)
		load: 16.0

	Finished service at time: 1772.7

	Using Machine: 5
		Task 102 -> Machine 5 (Station 4): 32.76
		Vehicle arrival at machine station: 1805.46
		Waiting time until machine travel: 0.0

		Machine travel start time: 1805.46
		Region 3 -> Region 1: 10.0
		Machine arrival at machine station: 1815.46

		Machine 5 (Station 2)-> Task 10: 89.94
		Vehicle arrival at task: 1905.4
		Waiting time until service start time: 0.0

	id: 10
		node: 8
		(x, y, z): (17, 138, 1)
		dem: 8
		earl: 1670
		lat: 1910
		servt: 10
		pid: 0
		did: 73
		servST: 1905.4
		(h, h_ind): (5, 26)
		load: 24.0

	Finished service at time: 1915.4

	Using Machine: 4
		Task 10 -> Machine 4 (Station 2): 83.6
		Vehicle arrival at machine station: 1999.0
		Waiting time until machine travel: 0.0

		Machine travel start time: 1999.0
		Region 1 -> Region 0: 5.0
		Machine arrival at machine station: 2004.0

		Machine 4 (Station 1)-> Task 73: 40.31
		Vehicle arrival at task: 2044.31
		Waiting time until service start time: 0.0

	id: 73
		node: 68
		(x, y, z): (39, 100, 0)
		dem: -8
		earl: 0
		lat: 2482
		servt: 10
		pid: 10
		did: 0
		servST: 2044.31
		(h, h_ind): (4, 23)
		load: 16.0

	Finished service at time: 2054.31

	Using Machine: 4
		Task 73 -> Machine 4 (Station 1): 40.31
		Vehicle arrival at machine station: 2094.62
		Waiting time until machine travel: 0.0

		Machine travel start time: 2094.62
		Region 0 -> Region 2: 10.0
		Machine arrival at machine station: 2104.62

		Machine 4 (Station 3)-> Task 171: 11.05
		Vehicle arrival at task: 2115.67
		Waiting time until service start time: 0.0

	id: 171
		node: 120
		(x, y, z): (66, 82, 2)
		dem: -16
		earl: 0
		lat: 2513
		servt: 10
		pid: 121
		did: 0
		servST: 2115.67
		(h, h_ind): (4, 24)
		load: 0.0

	Finished service at time: 2125.67

	Using Machine: 2
		Task 171 -> Machine 2 (Station 3): 11.4
		Vehicle arrival at machine station: 2137.07
		Waiting time until machine travel: 0.0

		Machine travel start time: 2137.07
		Region 2 -> Region 0: 10.0
		Machine arrival at machine station: 2147.07

		Machine 2 (Station 1)-> Task 0: 1.41
		Vehicle arrival at task: 2148.48
		Waiting time until service start time: 0.0

	id: 0
		node: 122
		(x, y, z): (70, 70, 0)
		dem: 0
		earl: 0
		lat: 2535
		servt: 0
		pid: 0
		did: 0
		servST: 2148.48
		(h, h_ind): (2, 10)
		load: 0.0


Vehicle 27 :
	id: 0
		node: 1
		(x, y, z): (70, 70, 0)
		dem: 0
		earl: 0
		lat: 2535
		servt: 0
		pid: 0
		did: 0
		servST: 28.169999999999952
		(h, h_ind): (-1, 0)
		load: 0.0

	Finished service at time: 28.169999999999952

	Using Machine: 3
		Task 0 -> Machine 3 (Station 1): 5.1
		Vehicle arrival at machine station: 33.26999999999995
		Waiting time until machine travel: 0.0

		Machine travel start time: 33.26999999999995
		Region 0 -> Region 3: 15.0
		Machine arrival at machine station: 48.26999999999995

		Machine 3 (Station 4)-> Task 115: 20.59
		Vehicle arrival at task: 68.85999999999996
		Waiting time until service start time: 0.0

	id: 115
		node: 57
		(x, y, z): (93, 61, 3)
		dem: 10
		earl: 0
		lat: 2501
		servt: 10
		pid: 0
		did: 71
		servST: 68.85999999999996
		(h, h_ind): (3, 1)
		load: 10.0

	Finished service at time: 78.85999999999996

	Task 115 -> Task 74: 47.13
	Vehicle arrival at task: 125.98999999999995
	Waiting time until service start time: 0.0

	id: 74
		node: 35
		(x, y, z): (48, 47, 3)
		dem: 19
		earl: 31
		lat: 271
		servt: 10
		pid: 0
		did: 44
		servST: 125.98999999999995
		(h, h_ind): (-1, 0)
		load: 29.0

	Finished service at time: 135.98999999999995

	Task 74 -> Task 100: 36.01
	Vehicle arrival at task: 171.99999999999994
	Waiting time until service start time: 0.0

	id: 100
		node: 48
		(x, y, z): (12, 48, 3)
		dem: 4
		earl: 172
		lat: 412
		servt: 10
		pid: 0
		did: 34
		servST: 171.99999999999994
		(h, h_ind): (-1, 0)
		load: 33.0

	Finished service at time: 181.99999999999994

	Using Machine: 4
		Task 100 -> Machine 4 (Station 4): 59.62
		Vehicle arrival at machine station: 241.61999999999995
		Waiting time until machine travel: 0.0

		Machine travel start time: 241.61999999999995
		Region 3 -> Region 1: 10.0
		Machine arrival at machine station: 251.61999999999995

		Machine 4 (Station 2)-> Task 34: 26.42
		Vehicle arrival at task: 278.03999999999996
		Waiting time until service start time: 0.0

	id: 34
		node: 108
		(x, y, z): (44, 58, 1)
		dem: -4
		earl: 39
		lat: 279
		servt: 10
		pid: 100
		did: 0
		servST: 278.03999999999996
		(h, h_ind): (4, 4)
		load: 29.0

	Finished service at time: 288.03999999999996

	Using Machine: 4
		Task 34 -> Machine 4 (Station 2): 26.42
		Vehicle arrival at machine station: 314.46
		Waiting time until machine travel: 0.0

		Machine travel start time: 314.46
		Region 1 -> Region 0: 5.0
		Machine arrival at machine station: 319.46

		Machine 4 (Station 1)-> Task 26: 61.07
		Vehicle arrival at task: 380.53
		Waiting time until service start time: 0.0

	id: 26
		node: 14
		(x, y, z): (64, 132, 0)
		dem: 8
		earl: 170
		lat: 410
		servt: 10
		pid: 0
		did: 173
		servST: 380.53
		(h, h_ind): (4, 5)
		load: 37.0

	Finished service at time: 390.53

	Using Machine: 5
		Task 26 -> Machine 5 (Station 1): 62.37
		Vehicle arrival at machine station: 452.9
		Waiting time until machine travel: 0.0

		Machine travel start time: 452.9
		Region 0 -> Region 2: 10.0
		Machine arrival at machine station: 462.9

		Machine 5 (Station 3)-> Task 88: 65.19
		Vehicle arrival at task: 528.0899999999999
		Waiting time until service start time: 0.0

	id: 88
		node: 41
		(x, y, z): (120, 22, 2)
		dem: 39
		earl: 396
		lat: 636
		servt: 10
		pid: 0
		did: 122
		servST: 528.0899999999999
		(h, h_ind): (5, 8)
		load: 76.0

	Finished service at time: 538.0899999999999

	Using Machine: 5
		Task 88 -> Machine 5 (Station 3): 65.19
		Vehicle arrival at machine station: 603.28
		Waiting time until machine travel: 0.0

		Machine travel start time: 603.28
		Region 2 -> Region 0: 10.0
		Machine arrival at machine station: 613.28

		Machine 5 (Station 1)-> Task 122: 45.18
		Vehicle arrival at task: 658.4599999999999
		Waiting time until service start time: 0.0

	id: 122
		node: 101
		(x, y, z): (117, 92, 0)
		dem: -39
		earl: 0
		lat: 2474
		servt: 10
		pid: 88
		did: 0
		servST: 658.4599999999999
		(h, h_ind): (5, 11)
		load: 37.0

	Finished service at time: 668.4599999999999

	Using Machine: 5
		Task 122 -> Machine 5 (Station 1): 45.18
		Vehicle arrival at machine station: 713.6399999999999
		Waiting time until machine travel: 0.0

		Machine travel start time: 713.6399999999999
		Region 0 -> Region 1: 5.0
		Machine arrival at machine station: 718.6399999999999

		Machine 5 (Station 2)-> Task 44: 67.08
		Vehicle arrival at task: 785.7199999999999
		Waiting time until service start time: 0.0

	id: 44
		node: 95
		(x, y, z): (137, 101, 1)
		dem: -19
		earl: 617
		lat: 857
		servt: 10
		pid: 74
		did: 0
		servST: 785.7199999999999
		(h, h_ind): (5, 14)
		load: 18.0

	Finished service at time: 795.7199999999999

	Task 44 -> Task 71: 33.06
	Vehicle arrival at task: 828.78
	Waiting time until service start time: 0.0

	id: 71
		node: 117
		(x, y, z): (139, 68, 1)
		dem: -10
		earl: 0
		lat: 2456
		servt: 10
		pid: 115
		did: 0
		servST: 828.78
		(h, h_ind): (-1, 0)
		load: 8.0

	Finished service at time: 838.78

	Using Machine: 5
		Task 71 -> Machine 5 (Station 2): 62.07
		Vehicle arrival at machine station: 900.85
		Waiting time until machine travel: -0.0

		Machine travel start time: 900.8499999999999
		Region 1 -> Region 0: 5.0
		Machine arrival at machine station: 905.8499999999999

		Machine 5 (Station 1)-> Task 90: 59.67
		Vehicle arrival at task: 965.5199999999999
		Waiting time until service start time: 0.0

	id: 90
		node: 43
		(x, y, z): (63, 129, 0)
		dem: 7
		earl: 765
		lat: 1005
		servt: 10
		pid: 0
		did: 17
		servST: 965.5199999999999
		(h, h_ind): (5, 18)
		load: 15.0

	Finished service at time: 975.5199999999999

	Task 90 -> Task 66: 25.96
	Vehicle arrival at task: 1001.4799999999999
	Waiting time until service start time: 0.0

	id: 66
		node: 33
		(x, y, z): (38, 122, 0)
		dem: 13
		earl: 876
		lat: 1116
		servt: 10
		pid: 0
		did: 55
		servST: 1001.4799999999999
		(h, h_ind): (-1, 0)
		load: 28.0

	Finished service at time: 1011.4799999999999

	Task 66 -> Task 105: 19.1
	Vehicle arrival at task: 1030.58
	Waiting time until service start time: 0.0

	id: 105
		node: 50
		(x, y, z): (19, 120, 0)
		dem: 16
		earl: 0
		lat: 2454
		servt: 10
		pid: 0
		did: 85
		servST: 1030.58
		(h, h_ind): (-1, 0)
		load: 44.0

	Finished service at time: 1040.58

	Task 105 -> Task 64: 18.68
	Vehicle arrival at task: 1059.26
	Waiting time until service start time: 0.0

	id: 64
		node: 31
		(x, y, z): (37, 125, 0)
		dem: 10
		earl: 0
		lat: 2461
		servt: 10
		pid: 0
		did: 79
		servST: 1059.26
		(h, h_ind): (-1, 0)
		load: 54.0

	Finished service at time: 1069.26

	Task 64 -> Task 4: 65.49
	Vehicle arrival at task: 1134.75
	Waiting time until service start time: 0.0

	id: 4
		node: 4
		(x, y, z): (29, 60, 0)
		dem: 14
		earl: 0
		lat: 2483
		servt: 10
		pid: 0
		did: 20
		servST: 1134.75
		(h, h_ind): (-1, 0)
		load: 68.0

	Finished service at time: 1144.75

	Using Machine: 2
		Task 4 -> Machine 2 (Station 1): 41.48
		Vehicle arrival at machine station: 1186.23
		Waiting time until machine travel: 0.0

		Machine travel start time: 1186.23
		Region 0 -> Region 3: 15.0
		Machine arrival at machine station: 1201.23

		Machine 2 (Station 4)-> Task 17: 47.01
		Vehicle arrival at task: 1248.24
		Waiting time until service start time: 0.0

	id: 17
		node: 103
		(x, y, z): (46, 112, 3)
		dem: -7
		earl: 1084
		lat: 1324
		servt: 10
		pid: 90
		did: 0
		servST: 1248.24
		(h, h_ind): (2, 5)
		load: 61.0

	Finished service at time: 1258.24

	Task 17 -> Task 13: 75.8
	Vehicle arrival at task: 1334.04
	Waiting time until service start time: 0.0

	id: 13
		node: 10
		(x, y, z): (121, 123, 3)
		dem: 9
		earl: 0
		lat: 2452
		servt: 10
		pid: 0
		did: 52
		servST: 1334.04
		(h, h_ind): (-1, 0)
		load: 70.0

	Finished service at time: 1344.04

	Using Machine: 5
		Task 13 -> Machine 5 (Station 4): 68.12
		Vehicle arrival at machine station: 1412.1599999999999
		Waiting time until machine travel: 0.0

		Machine travel start time: 1412.1599999999999
		Region 3 -> Region 0: 15.0
		Machine arrival at machine station: 1427.1599999999999

		Machine 5 (Station 1)-> Task 55: 18.38
		Vehicle arrival at task: 1445.54
		Waiting time until service start time: 0.0

	id: 55
		node: 93
		(x, y, z): (84, 88, 0)
		dem: -13
		earl: 1365
		lat: 1605
		servt: 10
		pid: 66
		did: 0
		servST: 1445.54
		(h, h_ind): (5, 25)
		load: 57.0

	Finished service at time: 1455.54

	Task 55 -> Task 173: 36.24
	Vehicle arrival at task: 1491.78
	Waiting time until service start time: 0.0

	id: 173
		node: 74
		(x, y, z): (67, 120, 0)
		dem: -8
		earl: 1375
		lat: 1615
		servt: 10
		pid: 26
		did: 0
		servST: 1491.78
		(h, h_ind): (-1, 0)
		load: 49.0

	Finished service at time: 1501.78

	Using Machine: 2
		Task 173 -> Machine 2 (Station 1): 49.04
		Vehicle arrival at machine station: 1550.82
		Waiting time until machine travel: 0.0

		Machine travel start time: 1550.82
		Region 0 -> Region 2: 10.0
		Machine arrival at machine station: 1560.82

		Machine 2 (Station 3)-> Task 20: 63.06
		Vehicle arrival at task: 1623.8799999999999
		Waiting time until service start time: 0.0

	id: 20
		node: 64
		(x, y, z): (8, 87, 2)
		dem: -14
		earl: 1545
		lat: 1785
		servt: 10
		pid: 4
		did: 0
		servST: 1623.8799999999999
		(h, h_ind): (2, 8)
		load: 35.0

	Finished service at time: 1633.8799999999999

	Task 20 -> Task 79: 46.23
	Vehicle arrival at task: 1680.11
	Waiting time until service start time: 0.0

	id: 79
		node: 91
		(x, y, z): (44, 116, 2)
		dem: -10
		earl: 0
		lat: 2473
		servt: 10
		pid: 64
		did: 0
		servST: 1680.11
		(h, h_ind): (-1, 0)
		load: 25.0

	Finished service at time: 1690.11

	Task 79 -> Task 123: 22.8
	Vehicle arrival at task: 1712.9099999999999
	Waiting time until service start time: 0.0

	id: 123
		node: 61
		(x, y, z): (26, 130, 2)
		dem: 20
		earl: 0
		lat: 2451
		servt: 10
		pid: 0
		did: 54
		servST: 1712.9099999999999
		(h, h_ind): (-1, 0)
		load: 45.0

	Finished service at time: 1722.9099999999999

	Task 123 -> Task 54: 83.02
	Vehicle arrival at task: 1805.9299999999998
	Waiting time until service start time: 0.0

	id: 54
		node: 121
		(x, y, z): (13, 48, 2)
		dem: -20
		earl: 1622
		lat: 1862
		servt: 10
		pid: 123
		did: 0
		servST: 1805.9299999999998
		(h, h_ind): (-1, 0)
		load: 25.0

	Finished service at time: 1815.9299999999998

	Task 54 -> Task 52: 50.0
	Vehicle arrival at task: 1865.9299999999998
	Waiting time until service start time: 0.0

	id: 52
		node: 70
		(x, y, z): (61, 34, 2)
		dem: -9
		earl: 1830
		lat: 2070
		servt: 10
		pid: 13
		did: 0
		servST: 1865.9299999999998
		(h, h_ind): (-1, 0)
		load: 16.0

	Finished service at time: 1875.9299999999998

	Task 52 -> Task 85: 77.82
	Vehicle arrival at task: 1953.7499999999998
	Waiting time until service start time: 0.0

	id: 85
		node: 110
		(x, y, z): (27, 104, 2)
		dem: -16
		earl: 1949
		lat: 2189
		servt: 10
		pid: 105
		did: 0
		servST: 1953.7499999999998
		(h, h_ind): (-1, 0)
		load: 0.0

	Finished service at time: 1963.7499999999998

	Using Machine: 2
		Task 85 -> Machine 2 (Station 3): 53.41
		Vehicle arrival at machine station: 2017.1599999999999
		Waiting time until machine travel: 0.0

		Machine travel start time: 2017.1599999999999
		Region 2 -> Region 0: 10.0
		Machine arrival at machine station: 2027.1599999999999

		Machine 2 (Station 1)-> Task 0: 1.41
		Vehicle arrival at task: 2028.57
		Waiting time until service start time: 0.0

	id: 0
		node: 122
		(x, y, z): (70, 70, 0)
		dem: 0
		earl: 0
		lat: 2535
		servt: 0
		pid: 0
		did: 0
		servST: 2028.57
		(h, h_ind): (2, 9)
		load: 0.0


Vehicle 37 :
	id: 0
		node: 1
		(x, y, z): (70, 70, 0)
		dem: 0
		earl: 0
		lat: 2535
		servt: 0
		pid: 0
		did: 0
		servST: 3.2599999999999874
		(h, h_ind): (-1, 0)
		load: 0.0

	Finished service at time: 3.2599999999999874

	Using Machine: 2
		Task 0 -> Machine 2 (Station 1): 1.41
		Vehicle arrival at machine station: 4.6699999999999875
		Waiting time until machine travel: 0.0

		Machine travel start time: 4.6699999999999875
		Region 0 -> Region 1: 5.0
		Machine arrival at machine station: 9.669999999999987

		Machine 2 (Station 2)-> Task 8: 41.0
		Vehicle arrival at task: 50.66999999999999
		Waiting time until service start time: 0.0

	id: 8
		node: 6
		(x, y, z): (78, 111, 1)
		dem: 22
		earl: 47
		lat: 287
		servt: 10
		pid: 0
		did: 136
		servST: 50.66999999999999
		(h, h_ind): (2, 1)
		load: 22.0

	Finished service at time: 60.66999999999999

	Task 8 -> Task 136: 30.41
	Vehicle arrival at task: 91.07999999999998
	Waiting time until service start time: 0.0

	id: 136
		node: 66
		(x, y, z): (92, 138, 1)
		dem: -22
		earl: 0
		lat: 2454
		servt: 10
		pid: 8
		did: 0
		servST: 91.07999999999998
		(h, h_ind): (-1, 0)
		load: 0.0

	Finished service at time: 101.07999999999998

	Task 136 -> Task 27: 41.77
	Vehicle arrival at task: 142.85
	Waiting time until service start time: 0.0

	id: 27
		node: 15
		(x, y, z): (133, 130, 1)
		dem: 13
		earl: 0
		lat: 2438
		servt: 10
		pid: 0
		did: 76
		servST: 142.85
		(h, h_ind): (-1, 0)
		load: 13.0

	Finished service at time: 152.85

	Task 27 -> Task 36: 131.53
	Vehicle arrival at task: 284.38
	Waiting time until service start time: 0.0

	id: 36
		node: 20
		(x, y, z): (41, 36, 1)
		dem: 13
		earl: 146
		lat: 386
		servt: 10
		pid: 0
		did: 37
		servST: 284.38
		(h, h_ind): (-1, 0)
		load: 26.0

	Finished service at time: 294.38

	Using Machine: 3
		Task 36 -> Machine 3 (Station 2): 48.8
		Vehicle arrival at machine station: 343.18
		Waiting time until machine travel: 0.0

		Machine travel start time: 343.18
		Region 1 -> Region 3: 10.0
		Machine arrival at machine station: 353.18

		Machine 3 (Station 4)-> Task 31: 71.18
		Vehicle arrival at task: 424.36
		Waiting time until service start time: 0.0

	id: 31
		node: 16
		(x, y, z): (140, 42, 3)
		dem: 13
		earl: 0
		lat: 2450
		servt: 10
		pid: 0
		did: 15
		servST: 424.36
		(h, h_ind): (3, 5)
		load: 39.0

	Finished service at time: 434.36

	Using Machine: 5
		Task 31 -> Machine 5 (Station 4): 69.35
		Vehicle arrival at machine station: 503.71000000000004
		Waiting time until machine travel: 0.0

		Machine travel start time: 503.71000000000004
		Region 3 -> Region 0: 15.0
		Machine arrival at machine station: 518.71

		Machine 5 (Station 1)-> Task 32: 68.88
		Vehicle arrival at task: 587.59
		Waiting time until service start time: 0.0

	id: 32
		node: 17
		(x, y, z): (121, 124, 0)
		dem: 21
		earl: 539
		lat: 779
		servt: 10
		pid: 0
		did: 127
		servST: 587.59
		(h, h_ind): (5, 10)
		load: 60.0

	Finished service at time: 597.59

	Using Machine: 5
		Task 32 -> Machine 5 (Station 1): 68.88
		Vehicle arrival at machine station: 666.47
		Waiting time until machine travel: 0.0

		Machine travel start time: 666.47
		Region 0 -> Region 1: 5.0
		Machine arrival at machine station: 671.47

		Machine 5 (Station 2)-> Task 127: 69.84
		Vehicle arrival at task: 741.3100000000001
		Waiting time until service start time: 0.0

	id: 127
		node: 77
		(x, y, z): (138, 105, 1)
		dem: -21
		earl: 0
		lat: 2449
		servt: 10
		pid: 32
		did: 0
		servST: 741.3100000000001
		(h, h_ind): (5, 13)
		load: 39.0

	Finished service at time: 751.3100000000001

	Using Machine: 5
		Task 127 -> Machine 5 (Station 2): 69.84
		Vehicle arrival at machine station: 821.1500000000001
		Waiting time until machine travel: 0.0

		Machine travel start time: 821.1500000000001
		Region 1 -> Region 2: 5.0
		Machine arrival at machine station: 826.1500000000001

		Machine 5 (Station 3)-> Task 40: 82.88
		Vehicle arrival at task: 909.0300000000001
		Waiting time until service start time: 0.0

	id: 40
		node: 22
		(x, y, z): (132, 133, 2)
		dem: 24
		earl: 0
		lat: 2437
		servt: 10
		pid: 0
		did: 72
		servST: 909.0300000000001
		(h, h_ind): (5, 16)
		load: 63.0

	Finished service at time: 919.0300000000001

	Task 40 -> Task 72: 112.92
	Vehicle arrival at task: 1031.95
	Waiting time until service start time: 0.0

	id: 72
		node: 82
		(x, y, z): (88, 29, 2)
		dem: -24
		earl: 0
		lat: 2481
		servt: 10
		pid: 40
		did: 0
		servST: 1031.95
		(h, h_ind): (-1, 0)
		load: 39.0

	Finished service at time: 1041.95

	Using Machine: 5
		Task 72 -> Machine 5 (Station 3): 43.42
		Vehicle arrival at machine station: 1085.3700000000001
		Waiting time until machine travel: 0.0

		Machine travel start time: 1085.3700000000001
		Region 2 -> Region 3: 5.0
		Machine arrival at machine station: 1090.3700000000001

		Machine 5 (Station 4)-> Task 18: 2.24
		Vehicle arrival at task: 1092.6100000000001
		Waiting time until service start time: 0.0

	id: 18
		node: 11
		(x, y, z): (79, 72, 3)
		dem: 22
		earl: 0
		lat: 2516
		servt: 10
		pid: 0
		did: 138
		servST: 1092.6100000000001
		(h, h_ind): (5, 21)
		load: 61.0

	Finished service at time: 1102.6100000000001

	Using Machine: 5
		Task 18 -> Machine 5 (Station 4): 2.24
		Vehicle arrival at machine station: 1104.8500000000001
		Waiting time until machine travel: 0.0

		Machine travel start time: 1104.8500000000001
		Region 3 -> Region 1: 10.0
		Machine arrival at machine station: 1114.8500000000001

		Machine 5 (Station 2)-> Task 37: 67.54
		Vehicle arrival at task: 1182.39
		Waiting time until service start time: 0.0

	id: 37
		node: 80
		(x, y, z): (106, 10, 1)
		dem: -13
		earl: 1135
		lat: 1375
		servt: 10
		pid: 36
		did: 0
		servST: 1182.39
		(h, h_ind): (5, 22)
		load: 48.0

	Finished service at time: 1192.39

	Task 37 -> Task 15: 31.14
	Vehicle arrival at task: 1223.5300000000002
	Waiting time until service start time: 0.0

	id: 15
		node: 76
		(x, y, z): (137, 7, 1)
		dem: -13
		earl: 0
		lat: 2434
		servt: 10
		pid: 31
		did: 0
		servST: 1223.5300000000002
		(h, h_ind): (-1, 0)
		load: 35.0

	Finished service at time: 1233.5300000000002

	Task 15 -> Task 9: 34.99
	Vehicle arrival at task: 1268.5200000000002
	Waiting time until service start time: 0.0

	id: 9
		node: 7
		(x, y, z): (107, 25, 1)
		dem: 13
		earl: 1035
		lat: 1275
		servt: 10
		pid: 0
		did: 82
		servST: 1268.5200000000002
		(h, h_ind): (-1, 0)
		load: 48.0

	Finished service at time: 1278.5200000000002

	Using Machine: 5
		Task 9 -> Machine 5 (Station 2): 54.92
		Vehicle arrival at machine station: 1333.4400000000003
		Waiting time until machine travel: 0.0

		Machine travel start time: 1333.4400000000003
		Region 1 -> Region 0: 5.0
		Machine arrival at machine station: 1338.4400000000003

		Machine 5 (Station 1)-> Task 138: 36.24
		Vehicle arrival at task: 1374.6800000000003
		Waiting time until service start time: 0.0

	id: 138
		node: 71
		(x, y, z): (100, 99, 0)
		dem: -22
		earl: 1136
		lat: 1376
		servt: 10
		pid: 18
		did: 0
		servST: 1374.6800000000003
		(h, h_ind): (5, 24)
		load: 26.0

	Finished service at time: 1384.6800000000003

	Using Machine: 3
		Task 138 -> Machine 3 (Station 1): 37.54
		Vehicle arrival at machine station: 1422.2200000000003
		Waiting time until machine travel: 0.0

		Machine travel start time: 1422.2200000000003
		Region 0 -> Region 3: 15.0
		Machine arrival at machine station: 1437.2200000000003

		Machine 3 (Station 4)-> Task 75: 29.07
		Vehicle arrival at task: 1466.2900000000002
		Waiting time until service start time: 0.0

	id: 75
		node: 36
		(x, y, z): (104, 73, 3)
		dem: 17
		earl: 0
		lat: 2491
		servt: 10
		pid: 0
		did: 169
		servST: 1466.2900000000002
		(h, h_ind): (3, 9)
		load: 43.0

	Finished service at time: 1476.2900000000002

	Task 75 -> Task 82: 70.6
	Vehicle arrival at task: 1546.89
	Waiting time until service start time: 0.0

	id: 82
		node: 67
		(x, y, z): (36, 54, 3)
		dem: -13
		earl: 1428
		lat: 1668
		servt: 10
		pid: 9
		did: 0
		servST: 1546.89
		(h, h_ind): (-1, 0)
		load: 30.0

	Finished service at time: 1556.89

	Task 82 -> Task 106: 19.85
	Vehicle arrival at task: 1576.74
	Waiting time until service start time: 0.0

	id: 106
		node: 51
		(x, y, z): (23, 39, 3)
		dem: 20
		earl: 1347
		lat: 1587
		servt: 10
		pid: 0
		did: 179
		servST: 1576.74
		(h, h_ind): (-1, 0)
		load: 50.0

	Finished service at time: 1586.74

	Task 106 -> Task 76: 24.41
	Vehicle arrival at task: 1611.15
	Waiting time until service start time: 0.0

	id: 76
		node: 75
		(x, y, z): (9, 19, 3)
		dem: -13
		earl: 1431
		lat: 1671
		servt: 10
		pid: 27
		did: 0
		servST: 1611.15
		(h, h_ind): (-1, 0)
		load: 37.0

	Finished service at time: 1621.15

	Task 76 -> Task 109: 51.79
	Vehicle arrival at task: 1672.94
	Waiting time until service start time: 0.0

	id: 109
		node: 52
		(x, y, z): (18, 70, 3)
		dem: 26
		earl: 1504
		lat: 1744
		servt: 10
		pid: 0
		did: 53
		servST: 1672.94
		(h, h_ind): (-1, 0)
		load: 63.0

	Finished service at time: 1682.94

	Using Machine: 4
		Task 109 -> Machine 4 (Station 4): 49.01
		Vehicle arrival at machine station: 1731.95
		Waiting time until machine travel: 0.0

		Machine travel start time: 1731.95
		Region 3 -> Region 2: 5.0
		Machine arrival at machine station: 1736.95

		Machine 4 (Station 3)-> Task 169: 26.4
		Vehicle arrival at task: 1763.3500000000001
		Waiting time until service start time: 0.0

	id: 169
		node: 96
		(x, y, z): (51, 92, 2)
		dem: -17
		earl: 1731
		lat: 1971
		servt: 10
		pid: 75
		did: 0
		servST: 1763.3500000000001
		(h, h_ind): (4, 20)
		load: 46.0

	Finished service at time: 1773.3500000000001

	Task 169 -> Task 179: 69.58
	Vehicle arrival at task: 1842.93
	Waiting time until service start time: 0.0

	id: 179
		node: 111
		(x, y, z): (60, 23, 2)
		dem: -20
		earl: 0
		lat: 2477
		servt: 10
		pid: 106
		did: 0
		servST: 1842.93
		(h, h_ind): (-1, 0)
		load: 26.0

	Finished service at time: 1852.93

	Using Machine: 4
		Task 179 -> Machine 4 (Station 3): 48.51
		Vehicle arrival at machine station: 1901.44
		Waiting time until machine travel: 0.0

		Machine travel start time: 1901.44
		Region 2 -> Region 0: 10.0
		Machine arrival at machine station: 1911.44

		Machine 4 (Station 1)-> Task 53: 14.76
		Vehicle arrival at task: 1926.2
		Waiting time until service start time: 0.0

	id: 53
		node: 112
		(x, y, z): (60, 84, 0)
		dem: -26
		earl: 1866
		lat: 2106
		servt: 10
		pid: 109
		did: 0
		servST: 1926.2
		(h, h_ind): (4, 22)
		load: 0.0

	Finished service at time: 1936.2

	Task 53 -> Task 0: 17.2
	Vehicle arrival at task: 1953.4
	Waiting time until service start time: 0.0

	id: 0
		node: 122
		(x, y, z): (70, 70, 0)
		dem: 0
		earl: 0
		lat: 2535
		servt: 0
		pid: 0
		did: 0
		servST: 1953.4
		(h, h_ind): (-1, 0)
		load: 0.0


Vehicle 38 :
	id: 0
		node: 1
		(x, y, z): (70, 70, 0)
		dem: 0
		earl: 0
		lat: 2535
		servt: 0
		pid: 0
		did: 0
		servST: 0.0
		(h, h_ind): (-1, 0)
		load: 0.0

	Finished service at time: 0.0

	Using Machine: 5
		Task 0 -> Machine 5 (Station 1): 7.07
		Vehicle arrival at machine station: 7.07
		Waiting time until machine travel: 0.0

		Machine travel start time: 7.07
		Region 0 -> Region 3: 15.0
		Machine arrival at machine station: 22.07

		Machine 5 (Station 4)-> Task 116: 34.18
		Vehicle arrival at task: 56.25
		Waiting time until service start time: 0.0

	id: 116
		node: 58
		(x, y, z): (89, 39, 3)
		dem: 23
		earl: 36
		lat: 276
		servt: 10
		pid: 0
		did: 14
		servST: 56.25
		(h, h_ind): (5, 1)
		load: 23.0

	Finished service at time: 66.25

	Using Machine: 4
		Task 116 -> Machine 4 (Station 4): 38.83
		Vehicle arrival at machine station: 105.08
		Waiting time until machine travel: 0.0

		Machine travel start time: 105.08
		Region 3 -> Region 0: 15.0
		Machine arrival at machine station: 120.08

		Machine 4 (Station 1)-> Task 14: 55.8
		Vehicle arrival at task: 175.88
		Waiting time until service start time: 0.0

	id: 14
		node: 118
		(x, y, z): (22, 104, 0)
		dem: -23
		earl: 0
		lat: 2467
		servt: 10
		pid: 116
		did: 0
		servST: 175.88
		(h, h_ind): (4, 2)
		load: 0.0

	Finished service at time: 185.88

	Task 14 -> Task 0: 58.82
	Vehicle arrival at task: 244.7
	Waiting time until service start time: 0.0

	id: 0
		node: 122
		(x, y, z): (70, 70, 0)
		dem: 0
		earl: 0
		lat: 2535
		servt: 0
		pid: 0
		did: 0
		servST: 244.7
		(h, h_ind): (-1, 0)
		load: 0.0


Vehicle 40 :
	id: 0
		node: 1
		(x, y, z): (70, 70, 0)
		dem: 0
		earl: 0
		lat: 2535
		servt: 0
		pid: 0
		did: 0
		servST: 0.5400000000000311
		(h, h_ind): (-1, 0)
		load: 0.0

	Finished service at time: 0.5400000000000311

	Using Machine: 1
		Task 0 -> Machine 1 (Station 1): 3.16
		Vehicle arrival at machine station: 3.7000000000000313
		Waiting time until machine travel: 0.0

		Machine travel start time: 3.7000000000000313
		Region 0 -> Region 3: 15.0
		Machine arrival at machine station: 18.70000000000003

		Machine 1 (Station 4)-> Task 33: 52.2
		Vehicle arrival at task: 70.90000000000003
		Waiting time until service start time: 0.0

	id: 33
		node: 18
		(x, y, z): (42, 29, 3)
		dem: 12
		earl: 0
		lat: 2476
		servt: 10
		pid: 0
		did: 192
		servST: 70.90000000000003
		(h, h_ind): (1, 1)
		load: 12.0

	Finished service at time: 80.90000000000003

	Task 33 -> Task 113: 44.28
	Vehicle arrival at task: 125.18000000000004
	Waiting time until service start time: 0.0

	id: 113
		node: 55
		(x, y, z): (37, 73, 3)
		dem: 33
		earl: 0
		lat: 2492
		servt: 10
		pid: 0
		did: 70
		servST: 125.18000000000004
		(h, h_ind): (-1, 0)
		load: 45.0

	Finished service at time: 135.18000000000004

	Using Machine: 4
		Task 113 -> Machine 4 (Station 4): 30.07
		Vehicle arrival at machine station: 165.25000000000003
		Waiting time until machine travel: 0.0

		Machine travel start time: 165.25000000000003
		Region 3 -> Region 2: 5.0
		Machine arrival at machine station: 170.25000000000003

		Machine 4 (Station 3)-> Task 192: 41.88
		Vehicle arrival at task: 212.13000000000002
		Waiting time until service start time: 0.0

	id: 192
		node: 78
		(x, y, z): (44, 36, 2)
		dem: -12
		earl: 131
		lat: 371
		servt: 10
		pid: 33
		did: 0
		servST: 212.13000000000002
		(h, h_ind): (4, 3)
		load: 33.0

	Finished service at time: 222.13000000000002

	Task 192 -> Task 70: 47.1
	Vehicle arrival at task: 269.23
	Waiting time until service start time: 0.0

	id: 70
		node: 115
		(x, y, z): (47, 83, 2)
		dem: -33
		earl: 0
		lat: 2499
		servt: 10
		pid: 113
		did: 0
		servST: 269.23
		(h, h_ind): (-1, 0)
		load: 0.0

	Finished service at time: 279.23

	Task 70 -> Task 91: 36.77
	Vehicle arrival at task: 316.0
	Waiting time until service start time: 0.0

	id: 91
		node: 44
		(x, y, z): (33, 117, 2)
		dem: 20
		earl: 316
		lat: 556
		servt: 10
		pid: 0
		did: 96
		servST: 316.0
		(h, h_ind): (-1, 0)
		load: 20.0

	Finished service at time: 326.0

	Using Machine: 4
		Task 91 -> Machine 4 (Station 3): 57.2
		Vehicle arrival at machine station: 383.2
		Waiting time until machine travel: 0.0

		Machine travel start time: 383.2
		Region 2 -> Region 3: 5.0
		Machine arrival at machine station: 388.2

		Machine 4 (Station 4)-> Task 25: 31.05
		Vehicle arrival at task: 419.25
		Waiting time until service start time: 0.0

	id: 25
		node: 13
		(x, y, z): (37, 79, 3)
		dem: 5
		earl: 0
		lat: 2491
		servt: 10
		pid: 0
		did: 87
		servST: 419.25
		(h, h_ind): (4, 6)
		load: 25.0

	Finished service at time: 429.25

	Using Machine: 4
		Task 25 -> Machine 4 (Station 4): 31.05
		Vehicle arrival at machine station: 460.3
		Waiting time until machine travel: 0.0

		Machine travel start time: 460.3
		Region 3 -> Region 1: 10.0
		Machine arrival at machine station: 470.3

		Machine 4 (Station 2)-> Task 103: 69.3
		Vehicle arrival at task: 539.6
		Waiting time until service start time: 0.0

	id: 103
		node: 49
		(x, y, z): (116, 22, 1)
		dem: 32
		earl: 491
		lat: 731
		servt: 10
		pid: 0
		did: 60
		servST: 539.6
		(h, h_ind): (4, 8)
		load: 57.0

	Finished service at time: 549.6

	Task 103 -> Task 118: 11.31
	Vehicle arrival at task: 560.91
	Waiting time until service start time: 0.0

	id: 118
		node: 59
		(x, y, z): (108, 30, 1)
		dem: 18
		earl: 323
		lat: 563
		servt: 10
		pid: 0
		did: 107
		servST: 560.9100000000001
		(h, h_ind): (-1, 0)
		load: 75.0

	Finished service at time: 570.9100000000001

	Task 118 -> Task 60: 47.01
	Vehicle arrival at task: 617.9200000000001
	Waiting time until service start time: 0.0

	id: 60
		node: 109
		(x, y, z): (107, 77, 1)
		dem: -32
		earl: 0
		lat: 2488
		servt: 10
		pid: 103
		did: 0
		servST: 617.9200000000001
		(h, h_ind): (-1, 0)
		load: 43.0

	Finished service at time: 627.9200000000001

	Using Machine: 3
		Task 60 -> Machine 3 (Station 2): 32.56
		Vehicle arrival at machine station: 660.48
		Waiting time until machine travel: 0.0

		Machine travel start time: 660.48
		Region 1 -> Region 2: 5.0
		Machine arrival at machine station: 665.48

		Machine 3 (Station 3)-> Task 38: 44.55
		Vehicle arrival at task: 710.03
		Waiting time until service start time: 0.0

	id: 38
		node: 21
		(x, y, z): (107, 102, 2)
		dem: 12
		earl: 0
		lat: 2477
		servt: 10
		pid: 0
		did: 19
		servST: 710.03
		(h, h_ind): (3, 6)
		load: 55.0

	Finished service at time: 720.03

	Task 38 -> Task 68: 29.07
	Vehicle arrival at task: 749.1
	Waiting time until service start time: 0.0

	id: 68
		node: 34
		(x, y, z): (109, 131, 2)
		dem: 16
		earl: 0
		lat: 2453
		servt: 10
		pid: 0
		did: 158
		servST: 749.1
		(h, h_ind): (-1, 0)
		load: 71.0

	Finished service at time: 759.1

	Task 68 -> Task 96: 55.95
	Vehicle arrival at task: 815.0500000000001
	Waiting time until service start time: 0.0

	id: 96
		node: 104
		(x, y, z): (86, 80, 2)
		dem: -20
		earl: 0
		lat: 2507
		servt: 10
		pid: 91
		did: 0
		servST: 815.0500000000001
		(h, h_ind): (-1, 0)
		load: 51.0

	Finished service at time: 825.0500000000001

	Using Machine: 3
		Task 96 -> Machine 3 (Station 3): 14.21
		Vehicle arrival at machine station: 839.2600000000001
		Waiting time until machine travel: 0.0

		Machine travel start time: 839.2600000000001
		Region 2 -> Region 0: 10.0
		Machine arrival at machine station: 849.2600000000001

		Machine 3 (Station 1)-> Task 107: 44.82
		Vehicle arrival at task: 894.0800000000002
		Waiting time until service start time: 0.0

	id: 107
		node: 119
		(x, y, z): (110, 99, 0)
		dem: -18
		earl: 0
		lat: 2476
		servt: 10
		pid: 118
		did: 0
		servST: 894.0800000000002
		(h, h_ind): (3, 7)
		load: 33.0

	Finished service at time: 904.0800000000002

	Using Machine: 5
		Task 107 -> Machine 5 (Station 1): 43.28
		Vehicle arrival at machine station: 947.3600000000001
		Waiting time until machine travel: 0.0

		Machine travel start time: 947.3600000000001
		Region 0 -> Region 2: 10.0
		Machine arrival at machine station: 957.3600000000001

		Machine 5 (Station 3)-> Task 77: 37.48
		Vehicle arrival at task: 994.8400000000001
		Waiting time until service start time: 0.0

	id: 77
		node: 37
		(x, y, z): (103, 44, 2)
		dem: 12
		earl: 0
		lat: 2483
		servt: 10
		pid: 0
		did: 94
		servST: 994.8400000000001
		(h, h_ind): (5, 19)
		load: 45.0

	Finished service at time: 1004.8400000000001

	Using Machine: 3
		Task 77 -> Machine 3 (Station 3): 38.9
		Vehicle arrival at machine station: 1043.7400000000002
		Waiting time until machine travel: 0.0

		Machine travel start time: 1043.7400000000002
		Region 2 -> Region 3: 5.0
		Machine arrival at machine station: 1048.7400000000002

		Machine 3 (Station 4)-> Task 158: 36.62
		Vehicle arrival at task: 1085.3600000000001
		Waiting time until service start time: 0.0

	id: 158
		node: 94
		(x, y, z): (54, 41, 3)
		dem: -16
		earl: 1065
		lat: 1305
		servt: 10
		pid: 68
		did: 0
		servST: 1085.3600000000001
		(h, h_ind): (3, 8)
		load: 29.0

	Finished service at time: 1095.3600000000001

	Using Machine: 4
		Task 158 -> Machine 4 (Station 4): 32.7
		Vehicle arrival at machine station: 1128.0600000000002
		Waiting time until machine travel: 0.0

		Machine travel start time: 1128.0600000000002
		Region 3 -> Region 1: 10.0
		Machine arrival at machine station: 1138.0600000000002

		Machine 4 (Station 2)-> Task 87: 33.02
		Vehicle arrival at task: 1171.0800000000002
		Waiting time until service start time: 0.0

	id: 87
		node: 73
		(x, y, z): (34, 72, 1)
		dem: -5
		earl: 0
		lat: 2489
		servt: 10
		pid: 25
		did: 0
		servST: 1171.0800000000002
		(h, h_ind): (4, 13)
		load: 24.0

	Finished service at time: 1181.0800000000002

	Using Machine: 4
		Task 87 -> Machine 4 (Station 2): 33.02
		Vehicle arrival at machine station: 1214.1000000000001
		Waiting time until machine travel: 0.0

		Machine travel start time: 1214.1000000000001
		Region 1 -> Region 2: 5.0
		Machine arrival at machine station: 1219.1000000000001

		Machine 4 (Station 3)-> Task 89: 37.34
		Vehicle arrival at task: 1256.44
		Waiting time until service start time: 0.0

	id: 89
		node: 42
		(x, y, z): (54, 106, 2)
		dem: 9
		earl: 1117
		lat: 1357
		servt: 10
		pid: 0
		did: 22
		servST: 1256.44
		(h, h_ind): (4, 14)
		load: 33.0

	Finished service at time: 1266.44

	Task 89 -> Task 58: 10.3
	Vehicle arrival at task: 1276.74
	Waiting time until service start time: 0.0

	id: 58
		node: 30
		(x, y, z): (59, 115, 2)
		dem: 26
		earl: 1195
		lat: 1435
		servt: 10
		pid: 0
		did: 86
		servST: 1276.74
		(h, h_ind): (-1, 0)
		load: 59.0

	Finished service at time: 1286.74

	Using Machine: 4
		Task 58 -> Machine 4 (Station 3): 44.72
		Vehicle arrival at machine station: 1331.46
		Waiting time until machine travel: 0.0

		Machine travel start time: 1331.46
		Region 2 -> Region 1: 5.0
		Machine arrival at machine station: 1336.46

		Machine 4 (Station 2)-> Task 94: 60.75
		Vehicle arrival at task: 1397.21
		Waiting time until service start time: 0.0

	id: 94
		node: 97
		(x, y, z): (34, 20, 1)
		dem: -12
		earl: 0
		lat: 2464
		servt: 10
		pid: 77
		did: 0
		servST: 1397.21
		(h, h_ind): (4, 16)
		load: 47.0

	Finished service at time: 1407.21

	Using Machine: 2
		Task 94 -> Machine 2 (Station 2): 61.85
		Vehicle arrival at machine station: 1469.06
		Waiting time until machine travel: 0.0

		Machine travel start time: 1469.06
		Region 1 -> Region 3: 10.0
		Machine arrival at machine station: 1479.06

		Machine 2 (Station 4)-> Task 22: 33.84
		Vehicle arrival at task: 1512.8999999999999
		Waiting time until service start time: 0.0

	id: 22
		node: 102
		(x, y, z): (80, 103, 3)
		dem: -9
		earl: 1428
		lat: 1668
		servt: 10
		pid: 89
		did: 0
		servST: 1512.8999999999999
		(h, h_ind): (2, 7)
		load: 38.0

	Finished service at time: 1522.8999999999999

	Using Machine: 4
		Task 22 -> Machine 4 (Station 4): 34.54
		Vehicle arrival at machine station: 1557.4399999999998
		Waiting time until machine travel: 0.0

		Machine travel start time: 1557.4399999999998
		Region 3 -> Region 2: 5.0
		Machine arrival at machine station: 1562.4399999999998

		Machine 4 (Station 3)-> Task 2: 46.07
		Vehicle arrival at task: 1608.5099999999998
		Waiting time until service start time: 0.0

	id: 2
		node: 2
		(x, y, z): (26, 50, 2)
		dem: 7
		earl: 1490
		lat: 1730
		servt: 10
		pid: 0
		did: 108
		servST: 1608.5099999999998
		(h, h_ind): (4, 18)
		load: 45.0

	Finished service at time: 1618.5099999999998

	Using Machine: 4
		Task 2 -> Machine 4 (Station 3): 46.07
		Vehicle arrival at machine station: 1664.5799999999997
		Waiting time until machine travel: 0.0

		Machine travel start time: 1664.5799999999997
		Region 2 -> Region 1: 5.0
		Machine arrival at machine station: 1669.5799999999997

		Machine 4 (Station 2)-> Task 108: 74.25
		Vehicle arrival at task: 1743.8299999999997
		Waiting time until service start time: 0.0

	id: 108
		node: 62
		(x, y, z): (15, 18, 1)
		dem: -7
		earl: 1540
		lat: 1780
		servt: 10
		pid: 2
		did: 0
		servST: 1743.8299999999997
		(h, h_ind): (4, 19)
		load: 38.0

	Finished service at time: 1753.8299999999997

	Using Machine: 4
		Task 108 -> Machine 4 (Station 2): 74.25
		Vehicle arrival at machine station: 1828.0799999999997
		Waiting time until machine travel: 0.0

		Machine travel start time: 1828.0799999999997
		Region 1 -> Region 3: 10.0
		Machine arrival at machine station: 1838.0799999999997

		Machine 4 (Station 4)-> Task 19: 53.76
		Vehicle arrival at task: 1891.8399999999997
		Waiting time until service start time: 0.0

	id: 19
		node: 81
		(x, y, z): (104, 32, 3)
		dem: -12
		earl: 0
		lat: 2475
		servt: 10
		pid: 38
		did: 0
		servST: 1891.8399999999997
		(h, h_ind): (4, 21)
		load: 26.0

	Finished service at time: 1901.8399999999997

	Using Machine: 5
		Task 19 -> Machine 5 (Station 4): 47.43
		Vehicle arrival at machine station: 1949.2699999999998
		Waiting time until machine travel: 0.0

		Machine travel start time: 1949.2699999999998
		Region 3 -> Region 0: 15.0
		Machine arrival at machine station: 1964.2699999999998

		Machine 5 (Station 1)-> Task 86: 26.93
		Vehicle arrival at task: 1991.1999999999998
		Waiting time until service start time: 0.0

	id: 86
		node: 90
		(x, y, z): (67, 96, 0)
		dem: -26
		earl: 1908
		lat: 2148
		servt: 10
		pid: 58
		did: 0
		servST: 1991.1999999999998
		(h, h_ind): (5, 27)
		load: 0.0

	Finished service at time: 2001.1999999999998

	Task 86 -> Task 0: 26.17
	Vehicle arrival at task: 2027.37
	Waiting time until service start time: 0.0

	id: 0
		node: 122
		(x, y, z): (70, 70, 0)
		dem: 0
		earl: 0
		lat: 2535
		servt: 0
		pid: 0
		did: 0
		servST: 2027.37
		(h, h_ind): (-1, 0)
		load: 0.0


Vehicle 53 :
	id: 0
		node: 1
		(x, y, z): (70, 70, 0)
		dem: 0
		earl: 0
		lat: 2535
		servt: 0
		pid: 0
		did: 0
		servST: 4.739999999999956
		(h, h_ind): (-1, 0)
		load: 0.0

	Finished service at time: 4.739999999999956

	Using Machine: 4
		Task 0 -> Machine 4 (Station 1): 3.16
		Vehicle arrival at machine station: 7.899999999999956
		Waiting time until machine travel: 0.0

		Machine travel start time: 7.899999999999956
		Region 0 -> Region 2: 10.0
		Machine arrival at machine station: 17.899999999999956

		Machine 4 (Station 3)-> Task 99: 12.37
		Vehicle arrival at task: 30.269999999999953
		Waiting time until service start time: 0.0

	id: 99
		node: 47
		(x, y, z): (70, 83, 2)
		dem: 23
		earl: 0
		lat: 2512
		servt: 10
		pid: 0
		did: 57
		servST: 30.269999999999953
		(h, h_ind): (4, 1)
		load: 23.0

	Finished service at time: 40.26999999999995

	Using Machine: 3
		Task 99 -> Machine 3 (Station 3): 13.0
		Vehicle arrival at machine station: 53.26999999999995
		Waiting time until machine travel: 0.0

		Machine travel start time: 53.26999999999995
		Region 2 -> Region 0: 10.0
		Machine arrival at machine station: 63.26999999999995

		Machine 3 (Station 1)-> Task 51: 70.84
		Vehicle arrival at task: 134.10999999999996
		Waiting time until service start time: 0.0

	id: 51
		node: 28
		(x, y, z): (98, 4, 0)
		dem: 20
		earl: 0
		lat: 2454
		servt: 10
		pid: 0
		did: 49
		servST: 134.10999999999996
		(h, h_ind): (3, 2)
		load: 43.0

	Finished service at time: 144.10999999999996

	Using Machine: 5
		Task 51 -> Machine 5 (Station 1): 70.21
		Vehicle arrival at machine station: 214.31999999999994
		Waiting time until machine travel: 0.0

		Machine travel start time: 214.31999999999994
		Region 0 -> Region 2: 10.0
		Machine arrival at machine station: 224.31999999999994

		Machine 5 (Station 3)-> Task 41: 14.56
		Vehicle arrival at task: 238.87999999999994
		Waiting time until service start time: 0.0

	id: 41
		node: 23
		(x, y, z): (81, 57, 2)
		dem: 8
		earl: 17
		lat: 257
		servt: 10
		pid: 0
		did: 198
		servST: 238.87999999999994
		(h, h_ind): (5, 4)
		load: 51.0

	Finished service at time: 248.87999999999994

	Using Machine: 3
		Task 41 -> Machine 3 (Station 3): 15.23
		Vehicle arrival at machine station: 264.10999999999996
		Waiting time until machine travel: 0.0

		Machine travel start time: 264.10999999999996
		Region 2 -> Region 3: 5.0
		Machine arrival at machine station: 269.10999999999996

		Machine 3 (Station 4)-> Task 47: 30.89
		Vehicle arrival at task: 299.99999999999994
		Waiting time until service start time: 0.0

	id: 47
		node: 26
		(x, y, z): (90, 44, 3)
		dem: 6
		earl: 149
		lat: 389
		servt: 10
		pid: 0
		did: 165
		servST: 299.99999999999994
		(h, h_ind): (3, 4)
		load: 57.0

	Finished service at time: 309.99999999999994

	Using Machine: 1
		Task 47 -> Machine 1 (Station 4): 31.91
		Vehicle arrival at machine station: 341.90999999999997
		Waiting time until machine travel: 0.0

		Machine travel start time: 341.90999999999997
		Region 3 -> Region 0: 15.0
		Machine arrival at machine station: 356.90999999999997

		Machine 1 (Station 1)-> Task 57: 44.18
		Vehicle arrival at task: 401.09
		Waiting time until service start time: 0.0

	id: 57
		node: 107
		(x, y, z): (69, 115, 0)
		dem: -23
		earl: 0
		lat: 2480
		servt: 10
		pid: 99
		did: 0
		servST: 401.09
		(h, h_ind): (1, 2)
		load: 34.0

	Finished service at time: 411.09

	Using Machine: 2
		Task 57 -> Machine 2 (Station 1): 44.0
		Vehicle arrival at machine station: 455.09
		Waiting time until machine travel: 0.0

		Machine travel start time: 455.09
		Region 0 -> Region 2: 10.0
		Machine arrival at machine station: 465.09

		Machine 2 (Station 3)-> Task 165: 41.98
		Vehicle arrival at task: 507.07
		Waiting time until service start time: 0.0

	id: 165
		node: 86
		(x, y, z): (28, 62, 2)
		dem: -6
		earl: 0
		lat: 2483
		servt: 10
		pid: 47
		did: 0
		servST: 507.07
		(h, h_ind): (2, 2)
		load: 28.0

	Finished service at time: 517.0699999999999

	Task 165 -> Task 81: 74.33
	Vehicle arrival at task: 591.4
	Waiting time until service start time: 0.0

	id: 81
		node: 40
		(x, y, z): (83, 12, 2)
		dem: 29
		earl: 0
		lat: 2466
		servt: 10
		pid: 0
		did: 83
		servST: 591.4
		(h, h_ind): (-1, 0)
		load: 57.0

	Finished service at time: 601.4

	Using Machine: 2
		Task 81 -> Machine 2 (Station 3): 60.64
		Vehicle arrival at machine station: 662.04
		Waiting time until machine travel: 0.0

		Machine travel start time: 662.04
		Region 2 -> Region 0: 10.0
		Machine arrival at machine station: 672.04

		Machine 2 (Station 1)-> Task 83: 57.01
		Vehicle arrival at task: 729.05
		Waiting time until service start time: 0.0

	id: 83
		node: 100
		(x, y, z): (16, 92, 0)
		dem: -29
		earl: 0
		lat: 2467
		servt: 10
		pid: 81
		did: 0
		servST: 729.05
		(h, h_ind): (2, 3)
		load: 28.0

	Finished service at time: 739.05

	Using Machine: 2
		Task 83 -> Machine 2 (Station 1): 57.01
		Vehicle arrival at machine station: 796.06
		Waiting time until machine travel: 0.0

		Machine travel start time: 796.06
		Region 0 -> Region 2: 10.0
		Machine arrival at machine station: 806.06

		Machine 2 (Station 3)-> Task 49: 51.08
		Vehicle arrival at task: 857.14
		Waiting time until service start time: 0.0

	id: 49
		node: 88
		(x, y, z): (89, 24, 2)
		dem: -20
		earl: 0
		lat: 2476
		servt: 10
		pid: 51
		did: 0
		servST: 857.14
		(h, h_ind): (2, 4)
		load: 8.0

	Finished service at time: 867.14

	Task 49 -> Task 56: 16.28
	Vehicle arrival at task: 883.42
	Waiting time until service start time: 0.0

	id: 56
		node: 29
		(x, y, z): (86, 40, 2)
		dem: 22
		earl: 0
		lat: 2491
		servt: 10
		pid: 0
		did: 11
		servST: 883.42
		(h, h_ind): (-1, 0)
		load: 30.0

	Finished service at time: 893.42

	Task 56 -> Task 11: 109.57
	Vehicle arrival at task: 1002.99
	Waiting time until service start time: 0.0

	id: 11
		node: 89
		(x, y, z): (37, 138, 2)
		dem: -22
		earl: 0
		lat: 2450
		servt: 10
		pid: 56
		did: 0
		servST: 1002.99
		(h, h_ind): (-1, 0)
		load: 8.0

	Finished service at time: 1012.99

	Using Machine: 4
		Task 11 -> Machine 4 (Station 3): 73.41
		Vehicle arrival at machine station: 1086.4
		Waiting time until machine travel: 0.0

		Machine travel start time: 1086.4
		Region 2 -> Region 3: 5.0
		Machine arrival at machine station: 1091.4

		Machine 4 (Station 4)-> Task 198: 89.27
		Vehicle arrival at task: 1180.67
		Waiting time until service start time: 0.0

	id: 198
		node: 83
		(x, y, z): (8, 138, 3)
		dem: -8
		earl: 1105
		lat: 1345
		servt: 10
		pid: 41
		did: 0
		servST: 1180.67
		(h, h_ind): (4, 12)
		load: 0.0

	Finished service at time: 1190.67

	Using Machine: 2
		Task 198 -> Machine 2 (Station 4): 90.61
		Vehicle arrival at machine station: 1281.28
		Waiting time until machine travel: 0.0

		Machine travel start time: 1281.28
		Region 3 -> Region 0: 15.0
		Machine arrival at machine station: 1296.28

		Machine 2 (Station 1)-> Task 0: 1.41
		Vehicle arrival at task: 1297.69
		Waiting time until service start time: 0.0

	id: 0
		node: 122
		(x, y, z): (70, 70, 0)
		dem: 0
		earl: 0
		lat: 2535
		servt: 0
		pid: 0
		did: 0
		servST: 1297.69
		(h, h_ind): (2, 6)
		load: 0.0


---------------------| MACHINES |---------------------

Machine 0 :
	setup duration: 0.0

	vehicle: 23
	vehicleInd: 2
	(orig, dest): (0, 80)
	(origRegion, destRegion): (0, 1)
	st: 10.579999999999998
	duration: 5.0

	setup duration: 0.0

	vehicle: 23
	vehicleInd: 3
	(orig, dest): (80, 45)
	(origRegion, destRegion): (1, 2)
	st: 27.58
	duration: 5.0


Machine 1 :
	setup duration: 0.0

	vehicle: 40
	vehicleInd: 2
	(orig, dest): (0, 33)
	(origRegion, destRegion): (0, 3)
	st: 3.7000000000000313
	duration: 15.0

	setup duration: 0.0

	vehicle: 53
	vehicleInd: 6
	(orig, dest): (47, 57)
	(origRegion, destRegion): (3, 0)
	st: 341.90999999999997
	duration: 15.0


Machine 2 :
	setup duration: 0.0

	vehicle: 37
	vehicleInd: 2
	(orig, dest): (0, 8)
	(origRegion, destRegion): (0, 1)
	st: 4.6699999999999875
	duration: 5.0

	setup duration: 5.0

	vehicle: 53
	vehicleInd: 7
	(orig, dest): (57, 165)
	(origRegion, destRegion): (0, 2)
	st: 455.09
	duration: 10.0

	setup duration: 0.0

	vehicle: 53
	vehicleInd: 9
	(orig, dest): (81, 83)
	(origRegion, destRegion): (2, 0)
	st: 662.04
	duration: 10.0

	setup duration: 0.0

	vehicle: 53
	vehicleInd: 10
	(orig, dest): (83, 49)
	(origRegion, destRegion): (0, 2)
	st: 796.06
	duration: 10.0

	setup duration: 10.0

	vehicle: 27
	vehicleInd: 16
	(orig, dest): (4, 17)
	(origRegion, destRegion): (0, 3)
	st: 1186.23
	duration: 15.0

	setup duration: 0.0

	vehicle: 53
	vehicleInd: 14
	(orig, dest): (198, 0)
	(origRegion, destRegion): (3, 0)
	st: 1281.28
	duration: 15.0

	setup duration: 5.0

	vehicle: 40
	vehicleInd: 21
	(orig, dest): (94, 22)
	(origRegion, destRegion): (1, 3)
	st: 1469.06
	duration: 10.0

	setup duration: 15.0

	vehicle: 27
	vehicleInd: 20
	(orig, dest): (173, 20)
	(origRegion, destRegion): (0, 2)
	st: 1550.82
	duration: 10.0

	setup duration: 0.0

	vehicle: 27
	vehicleInd: 26
	(orig, dest): (85, 0)
	(origRegion, destRegion): (2, 0)
	st: 2017.1599999999999
	duration: 10.0

	setup duration: 10.0

	vehicle: 23
	vehicleInd: 26
	(orig, dest): (171, 0)
	(origRegion, destRegion): (2, 0)
	st: 2137.07
	duration: 10.0


Machine 3 :
	setup duration: 0.0

	vehicle: 27
	vehicleInd: 2
	(orig, dest): (0, 115)
	(origRegion, destRegion): (0, 3)
	st: 33.26999999999995
	duration: 15.0

	setup duration: 5.0

	vehicle: 53
	vehicleInd: 3
	(orig, dest): (99, 51)
	(origRegion, destRegion): (2, 0)
	st: 53.26999999999995
	duration: 10.0

	setup duration: 0.0

	vehicle: 19
	vehicleInd: 4
	(orig, dest): (114, 65)
	(origRegion, destRegion): (0, 3)
	st: 237.70999999999995
	duration: 15.0

	setup duration: 5.0

	vehicle: 53
	vehicleInd: 5
	(orig, dest): (41, 47)
	(origRegion, destRegion): (2, 3)
	st: 264.10999999999996
	duration: 5.0

	setup duration: 10.0

	vehicle: 37
	vehicleInd: 6
	(orig, dest): (36, 31)
	(origRegion, destRegion): (1, 3)
	st: 343.18
	duration: 10.0

	setup duration: 10.0

	vehicle: 40
	vehicleInd: 11
	(orig, dest): (60, 38)
	(origRegion, destRegion): (1, 2)
	st: 660.48
	duration: 5.0

	setup duration: 0.0

	vehicle: 40
	vehicleInd: 14
	(orig, dest): (96, 107)
	(origRegion, destRegion): (2, 0)
	st: 839.2600000000001
	duration: 10.0

	setup duration: 10.0

	vehicle: 40
	vehicleInd: 16
	(orig, dest): (77, 158)
	(origRegion, destRegion): (2, 3)
	st: 1043.7400000000002
	duration: 5.0

	setup duration: 15.0

	vehicle: 37
	vehicleInd: 16
	(orig, dest): (138, 75)
	(origRegion, destRegion): (0, 3)
	st: 1422.2200000000003
	duration: 15.0


Machine 4 :
	setup duration: 0.0

	vehicle: 53
	vehicleInd: 2
	(orig, dest): (0, 99)
	(origRegion, destRegion): (0, 2)
	st: 7.899999999999956
	duration: 10.0

	setup duration: 5.0

	vehicle: 38
	vehicleInd: 3
	(orig, dest): (116, 14)
	(origRegion, destRegion): (3, 0)
	st: 105.08
	duration: 15.0

	setup duration: 15.0

	vehicle: 40
	vehicleInd: 4
	(orig, dest): (113, 192)
	(origRegion, destRegion): (3, 2)
	st: 165.25000000000003
	duration: 5.0

	setup duration: 5.0

	vehicle: 27
	vehicleInd: 5
	(orig, dest): (100, 34)
	(origRegion, destRegion): (3, 1)
	st: 241.61999999999995
	duration: 10.0

	setup duration: 0.0

	vehicle: 27
	vehicleInd: 6
	(orig, dest): (34, 26)
	(origRegion, destRegion): (1, 0)
	st: 314.46
	duration: 5.0

	setup duration: 10.0

	vehicle: 40
	vehicleInd: 7
	(orig, dest): (91, 25)
	(origRegion, destRegion): (2, 3)
	st: 383.2
	duration: 5.0

	setup duration: 5.0

	vehicle: 23
	vehicleInd: 8
	(orig, dest): (111, 163)
	(origRegion, destRegion): (2, 1)
	st: 420.68
	duration: 5.0

	setup duration: 10.0

	vehicle: 40
	vehicleInd: 8
	(orig, dest): (25, 103)
	(origRegion, destRegion): (3, 1)
	st: 460.3
	duration: 10.0

	setup duration: 5.0

	vehicle: 19
	vehicleInd: 7
	(orig, dest): (35, 30)
	(origRegion, destRegion): (0, 3)
	st: 643.8199999999999
	duration: 15.0

	setup duration: 0.0

	vehicle: 19
	vehicleInd: 9
	(orig, dest): (12, 63)
	(origRegion, destRegion): (3, 2)
	st: 804.52
	duration: 5.0

	setup duration: 0.0

	vehicle: 23
	vehicleInd: 14
	(orig, dest): (5, 50)
	(origRegion, destRegion): (2, 0)
	st: 963.6000000000001
	duration: 10.0

	setup duration: 10.0

	vehicle: 53
	vehicleInd: 13
	(orig, dest): (11, 198)
	(origRegion, destRegion): (2, 3)
	st: 1086.4
	duration: 5.0

	setup duration: 0.0

	vehicle: 40
	vehicleInd: 17
	(orig, dest): (158, 87)
	(origRegion, destRegion): (3, 1)
	st: 1128.0600000000002
	duration: 10.0

	setup duration: 0.0

	vehicle: 40
	vehicleInd: 18
	(orig, dest): (87, 89)
	(origRegion, destRegion): (1, 2)
	st: 1214.1000000000001
	duration: 5.0

	setup duration: 5.0

	vehicle: 23
	vehicleInd: 17
	(orig, dest): (16, 93)
	(origRegion, destRegion): (3, 1)
	st: 1269.91
	duration: 10.0

	setup duration: 5.0

	vehicle: 40
	vehicleInd: 20
	(orig, dest): (58, 94)
	(origRegion, destRegion): (2, 1)
	st: 1331.46
	duration: 5.0

	setup duration: 0.0

	vehicle: 23
	vehicleInd: 19
	(orig, dest): (189, 121)
	(origRegion, destRegion): (1, 3)
	st: 1478.24
	duration: 10.0

	setup duration: 0.0

	vehicle: 40
	vehicleInd: 22
	(orig, dest): (22, 2)
	(origRegion, destRegion): (3, 2)
	st: 1557.4399999999998
	duration: 5.0

	setup duration: 0.0

	vehicle: 40
	vehicleInd: 23
	(orig, dest): (2, 108)
	(origRegion, destRegion): (2, 1)
	st: 1664.5799999999997
	duration: 5.0

	setup duration: 10.0

	vehicle: 37
	vehicleInd: 21
	(orig, dest): (109, 169)
	(origRegion, destRegion): (3, 2)
	st: 1731.95
	duration: 5.0

	setup duration: 5.0

	vehicle: 40
	vehicleInd: 24
	(orig, dest): (108, 19)
	(origRegion, destRegion): (1, 3)
	st: 1828.0799999999997
	duration: 10.0

	setup duration: 5.0

	vehicle: 37
	vehicleInd: 23
	(orig, dest): (179, 53)
	(origRegion, destRegion): (2, 0)
	st: 1901.44
	duration: 10.0

	setup duration: 5.0

	vehicle: 23
	vehicleInd: 24
	(orig, dest): (10, 73)
	(origRegion, destRegion): (1, 0)
	st: 1999.0
	duration: 5.0

	setup duration: 0.0

	vehicle: 23
	vehicleInd: 25
	(orig, dest): (73, 171)
	(origRegion, destRegion): (0, 2)
	st: 2094.62
	duration: 10.0


Machine 5 :
	setup duration: 0.0

	vehicle: 38
	vehicleInd: 2
	(orig, dest): (0, 116)
	(origRegion, destRegion): (0, 3)
	st: 7.07
	duration: 15.0

	setup duration: 5.0

	vehicle: 23
	vehicleInd: 4
	(orig, dest): (45, 92)
	(origRegion, destRegion): (2, 1)
	st: 108.81
	duration: 5.0

	setup duration: 0.0

	vehicle: 23
	vehicleInd: 5
	(orig, dest): (92, 61)
	(origRegion, destRegion): (1, 0)
	st: 186.61
	duration: 5.0

	setup duration: 0.0

	vehicle: 53
	vehicleInd: 4
	(orig, dest): (51, 41)
	(origRegion, destRegion): (0, 2)
	st: 214.31999999999994
	duration: 10.0

	setup duration: 10.0

	vehicle: 23
	vehicleInd: 6
	(orig, dest): (61, 119)
	(origRegion, destRegion): (0, 1)
	st: 265.43
	duration: 5.0

	setup duration: 10.0

	vehicle: 19
	vehicleInd: 5
	(orig, dest): (65, 95)
	(origRegion, destRegion): (3, 1)
	st: 349.85999999999996
	duration: 10.0

	setup duration: 0.0

	vehicle: 23
	vehicleInd: 7
	(orig, dest): (119, 111)
	(origRegion, destRegion): (1, 2)
	st: 369.19
	duration: 5.0

	setup duration: 10.0

	vehicle: 27
	vehicleInd: 7
	(orig, dest): (26, 88)
	(origRegion, destRegion): (0, 2)
	st: 452.9
	duration: 10.0

	setup duration: 5.0

	vehicle: 19
	vehicleInd: 6
	(orig, dest): (95, 35)
	(origRegion, destRegion): (1, 0)
	st: 475.94
	duration: 5.0

	setup duration: 15.0

	vehicle: 37
	vehicleInd: 7
	(orig, dest): (31, 32)
	(origRegion, destRegion): (3, 0)
	st: 503.71000000000004
	duration: 15.0

	setup duration: 10.0

	vehicle: 27
	vehicleInd: 8
	(orig, dest): (88, 122)
	(origRegion, destRegion): (2, 0)
	st: 603.28
	duration: 10.0

	setup duration: 5.0

	vehicle: 23
	vehicleInd: 10
	(orig, dest): (6, 191)
	(origRegion, destRegion): (1, 2)
	st: 651.47
	duration: 5.0

	setup duration: 10.0

	vehicle: 37
	vehicleInd: 8
	(orig, dest): (32, 127)
	(origRegion, destRegion): (0, 1)
	st: 666.47
	duration: 5.0

	setup duration: 5.0

	vehicle: 27
	vehicleInd: 9
	(orig, dest): (122, 44)
	(origRegion, destRegion): (0, 1)
	st: 713.6399999999999
	duration: 5.0

	setup duration: 5.0

	vehicle: 23
	vehicleInd: 11
	(orig, dest): (191, 78)
	(origRegion, destRegion): (2, 3)
	st: 766.09
	duration: 5.0

	setup duration: 10.0

	vehicle: 37
	vehicleInd: 9
	(orig, dest): (127, 40)
	(origRegion, destRegion): (1, 2)
	st: 821.1500000000001
	duration: 5.0

	setup duration: 5.0

	vehicle: 23
	vehicleInd: 13
	(orig, dest): (23, 5)
	(origRegion, destRegion): (3, 2)
	st: 857.8500000000001
	duration: 5.0

	setup duration: 5.0

	vehicle: 27
	vehicleInd: 11
	(orig, dest): (71, 90)
	(origRegion, destRegion): (1, 0)
	st: 900.8499999999999
	duration: 5.0

	setup duration: 0.0

	vehicle: 40
	vehicleInd: 15
	(orig, dest): (107, 77)
	(origRegion, destRegion): (0, 2)
	st: 947.3600000000001
	duration: 10.0

	setup duration: 0.0

	vehicle: 19
	vehicleInd: 12
	(orig, dest): (120, 42)
	(origRegion, destRegion): (2, 0)
	st: 1037.84
	duration: 10.0

	setup duration: 10.0

	vehicle: 37
	vehicleInd: 11
	(orig, dest): (72, 18)
	(origRegion, destRegion): (2, 3)
	st: 1085.3700000000001
	duration: 5.0

	setup duration: 0.0

	vehicle: 37
	vehicleInd: 12
	(orig, dest): (18, 37)
	(origRegion, destRegion): (3, 1)
	st: 1104.8500000000001
	duration: 10.0

	setup duration: 5.0

	vehicle: 23
	vehicleInd: 15
	(orig, dest): (50, 124)
	(origRegion, destRegion): (0, 3)
	st: 1119.8500000000001
	duration: 15.0

	setup duration: 10.0

	vehicle: 37
	vehicleInd: 15
	(orig, dest): (9, 138)
	(origRegion, destRegion): (1, 0)
	st: 1333.4400000000003
	duration: 5.0

	setup duration: 15.0

	vehicle: 27
	vehicleInd: 18
	(orig, dest): (13, 55)
	(origRegion, destRegion): (3, 0)
	st: 1412.1599999999999
	duration: 15.0

	setup duration: 15.0

	vehicle: 23
	vehicleInd: 23
	(orig, dest): (102, 10)
	(origRegion, destRegion): (3, 1)
	st: 1805.46
	duration: 10.0

	setup duration: 10.0

	vehicle: 40
	vehicleInd: 25
	(orig, dest): (19, 86)
	(origRegion, destRegion): (3, 0)
	st: 1949.2699999999998
	duration: 15.0


-------------------| COMPL. TIMES |-------------------

Vehicle 0 : 0.0
Vehicle 1 : 0.0
Vehicle 2 : 0.0
Vehicle 3 : 0.0
Vehicle 4 : 0.0
Vehicle 5 : 0.0
Vehicle 6 : 0.0
Vehicle 7 : 0.0
Vehicle 8 : 0.0
Vehicle 9 : 0.0
Vehicle 10 : 0.0
Vehicle 11 : 0.0
Vehicle 12 : 0.0
Vehicle 13 : 0.0
Vehicle 14 : 0.0
Vehicle 15 : 0.0
Vehicle 16 : 0.0
Vehicle 17 : 0.0
Vehicle 18 : 0.0
Vehicle 19 : 1192.4
Vehicle 20 : 0.0
Vehicle 21 : 0.0
Vehicle 22 : 0.0
Vehicle 23 : 2139.31
Vehicle 24 : 0.0
Vehicle 25 : 0.0
Vehicle 26 : 0.0
Vehicle 27 : 2000.4
Vehicle 28 : 0.0
Vehicle 29 : 0.0
Vehicle 30 : 0.0
Vehicle 31 : 0.0
Vehicle 32 : 0.0
Vehicle 33 : 0.0
Vehicle 34 : 0.0
Vehicle 35 : 0.0
Vehicle 36 : 0.0
Vehicle 37 : 1950.14
Vehicle 38 : 244.7
Vehicle 39 : 0.0
Vehicle 40 : 2026.83
Vehicle 41 : 0.0
Vehicle 42 : 0.0
Vehicle 43 : 0.0
Vehicle 44 : 0.0
Vehicle 45 : 0.0
Vehicle 46 : 0.0
Vehicle 47 : 0.0
Vehicle 48 : 0.0
Vehicle 49 : 0.0
Vehicle 50 : 0.0
Vehicle 51 : 0.0
Vehicle 52 : 0.0
Vehicle 53 : 1292.95
Vehicle 54 : 0.0
Vehicle 55 : 0.0
Vehicle 56 : 0.0
Vehicle 57 : 0.0
Vehicle 58 : 0.0
Vehicle 59 : 0.0
-------------------| STATISTICS |-------------------

    Vehicles used                           : 11.6667
    Machines used                           : 100.0
    Max load (vehicles)                     : 97.4359
    Min load (vehicles)                     : 29.4872
    Mean load (vehicles)                    : 79.304
    Min completion time                     : 9.6529
    Max completion time                     : 84.3909
    Mean completion time                    : 61.1256
    Avrg travel time (with vehicle)         : 6.739
    Avrg travel time (only with vehicle)    : 4.2735
    Avrg travel time (no vehicle)           : 2.4655
    Avrg waiting time (machine travel)      : 0.0062
    Avrg waiting time (service)             : 0.023
    Machines travel times (with vehicle)    : [0.3945, 1.1834, 5.9172, 5.7199, 11.4398, 15.7791]
    Machines travel times (no vehicle)      : [0.0, 0.0, 1.7751, 2.1696, 3.9448, 6.9034]
    Max load per vehicle                    : [0.0, 0.0, 0.0, 0.0, 0.0, 0.0, 0.0, 0.0, 0.0, 0.0, 0.0, 0.0, 0.0, 0.0, 0.0, 0.0, 0.0, 0.0, 0.0, 51.2821, 0.0, 0.0, 0.0, 96.1538, 0.0, 0.0, 0.0, 97.4359, 0.0, 0.0, 0.0, 0.0, 0.0, 0.0, 0.0, 0.0, 0.0, 96.9231, 29.4872, 0.0, 96.1538, 0.0, 0.0, 0.0, 0.0, 0.0, 0.0, 0.0, 0.0, 0.0, 0.0, 0.0, 0.0, 87.6923, 0.0, 0.0, 0.0, 0.0, 0.0, 0.0]

----------------------------------------------------

TOTAL: 10846.730000000001

Everything is awesome!
